# perfbase mono_ns 2011884385166843 real_ns 1785977277757892652
2011884385194882 137212166624960 wait_beg 0 0 0 0 0 0
2011884621589248 137212174624640 cliack 1 0 1 0 0 0
2011886981776179 137212166624960 wait_end 0 0 0 0 0 0
2011886981779138 137212166624960 drain_beg 0 0 0 0 0 0
2011886981780958 137212166624960 drain_end 1 0 0 0 0 0
2011886981781078 137212166624960 take 1 0 0 0 0 0
2011886981781958 137212166624960 subm_beg 1 0 0 0 0 0
2011886988142086 137212166624960 submit 1 0 0 0 0 0
2011886988144596 137212166624960 subm_end 1 0 0 0 0 0
2011886988144646 137212166624960 pump_beg 1 0 0 0 0 0
2011886981757239 137212174624640 msgin 1 12533760 0 0 0 0
2011886981763449 137212174624640 enq 1 1 0 0 0 0
2011886997364349 137212174624640 msgin 2 12533760 0 0 0 0
2011886997366019 137212174624640 enq 2 1 0 0 0 0
2011887083180545 137212166624960 feedend 0 0 0 0 0 0
2011887083318790 137212166624960 feedend 0 1 0 0 0 0
2011887085597807 137212166624960 outfirst 0 0 296 0 0 0
2011887085610476 137212166624960 outfirst 0 1 296 0 0 0
2011887097230342 137212166624960 pump_end 1 2 0 0 0 0
2011887097230912 137212166624960 book_beg 1 0 0 0 0 0
2011887097235672 137212166624960 batch 1 1 1 2 2 0
2011887097235762 137212166624960 book_end 1 0 0 0 0 0
2011887097235852 137212166624960 coll_beg 0 0 0 0 0 0
2011887097728084 137212166624960 coll_end 0 0 0 0 0 0
2011887097728134 137212166624960 rel_beg 1 0 0 0 0 0
2011887097729024 137212166624960 absorb 1 0 0 0 0 0
2011887097735173 137212166624960 rel_end 1 0 0 0 0 0
2011887097737253 137212166624960 wait_beg 0 0 0 0 0 0
2011887097738763 137212166624960 wait_end 0 0 0 0 0 0
2011887097741323 137212166624960 drain_beg 0 0 0 0 0 0
2011887097741813 137212166624960 drain_end 1 0 0 0 0 0
2011887097742283 137212166624960 take 2 0 0 0 0 0
2011887097742473 137212166624960 subm_beg 1 0 0 0 0 0
2011887097742963 137212166624960 submit 2 0 0 0 0 0
2011887097743013 137212166624960 subm_end 1 0 0 0 0 0
2011887097743063 137212166624960 pump_beg 1 0 0 0 0 0
2011887098593722 137212166624960 feedend 1 0 0 0 0 0
2011887098623501 137212166624960 feedend 1 1 0 0 0 0
2011887097760082 137212174624640 ackslot 1 0 1 0 1 0
2011887097890948 137212174624640 send 18 0 0 0 0 1
2011887098640610 137212174624640 send 514352 0 0 0 0 1
2011887099104253 137212174624640 send 420961 0 0 0 0 1
2011887099105563 137212174624640 send 14 0 0 0 0 1
2011887099106123 137212174624640 egress 1 1 0 0 0 0
2011887099106393 137212174624640 ackregion 1 1 1 0 1 0
2011887097749693 137212158232256 emit_beg 1 0 0 0 0 0
2011887097825030 137212158232256 dmg 0 1 0 0 1920 1080
2011887097825250 137212158232256 enc 0 0 1 -1 -1 0
2011887098080641 137212158232256 emit_end 1 0 0 0 0 0
2011887104266265 137212166624960 outfirst 1 1 65536 0 0 0
2011887104536885 137212166624960 outfirst 1 0 65536 0 0 0
2011887104784686 137212166624960 pump_end 1 2 0 0 0 0
2011887104784786 137212166624960 join_beg 1 0 0 0 0 0
2011887104784956 137212166624960 join_end 0 0 0 0 0 0
2011887104785016 137212166624960 book_beg 1 0 0 0 0 0
2011887104785146 137212166624960 batch 2 1 1 2 2 0
2011887104785176 137212166624960 book_end 1 0 0 0 0 0
2011887104785206 137212166624960 coll_beg 0 0 0 0 0 0
2011887105103574 137212166624960 coll_end 0 0 0 0 0 0
2011887105103624 137212166624960 rel_beg 1 0 0 0 0 0
2011887105103994 137212166624960 absorb 2 0 0 0 0 0
2011887105106014 137212166624960 rel_end 1 0 0 0 0 0
2011887105106894 137212166624960 wait_beg 0 0 0 0 0 0
2011887105107864 137212166624960 wait_end 0 0 0 0 0 0
2011887105109214 137212166624960 drain_beg 0 0 0 0 0 0
2011887105109314 137212166624960 drain_end 1 0 0 0 0 0
2011887105109404 137212166624960 take 3 0 0 0 0 0
2011887105109514 137212166624960 subm_beg 1 0 0 0 0 0
2011887105109784 137212166624960 submit 3 0 0 0 0 0
2011887105109814 137212166624960 subm_end 1 0 0 0 0 0
2011887105109834 137212166624960 pump_beg 1 0 0 0 0 0
2011887105612036 137212166624960 feedend 2 0 0 0 0 0
2011887105898925 137212166624960 feedend 2 1 0 0 0 0
2011887103261702 137212174624640 msgin 3 12533760 0 0 0 0
2011887103262112 137212174624640 enq 3 1 0 0 0 0
2011887105119514 137212174624640 send 18 0 0 1 0 1
2011887105552988 137212174624640 send 539940 0 0 1 0 1
2011887105918585 137212174624640 send 491946 0 0 1 0 1
2011887105919844 137212174624640 send 14 0 0 1 0 1
2011887105920114 137212174624640 egress 2 1 0 0 0 0
2011887105110394 137212158232256 emit_beg 2 0 0 0 0 0
2011887105112764 137212158232256 dmg 0 1 0 0 1920 1080
2011887105113074 137212158232256 enc 1 1 1 -1 -1 0
2011887105243559 137212158232256 emit_end 2 0 0 0 0 0
2011887111098515 137212166624960 outfirst 2 1 65536 0 0 0
2011887111341217 137212166624960 outfirst 2 0 65536 0 0 0
2011887111402804 137212166624960 pump_end 1 2 0 0 0 0
2011887111402934 137212166624960 join_beg 1 0 0 0 0 0
2011887111402994 137212166624960 join_end 0 0 0 0 0 0
2011887111403034 137212166624960 book_beg 1 0 0 0 0 0
2011887111403124 137212166624960 batch 3 1 1 2 2 0
2011887111403184 137212166624960 book_end 1 0 0 0 0 0
2011887111403234 137212166624960 coll_beg 0 0 0 0 0 0
2011887111617936 137212166624960 coll_end 0 0 0 0 0 0
2011887111618076 137212166624960 rel_beg 1 0 0 0 0 0
2011887111618166 137212166624960 absorb 3 0 0 0 0 0
2011887111619726 137212166624960 rel_end 1 0 0 0 0 0
2011887111620346 137212166624960 wait_beg 0 0 0 0 0 0
2011887111626536 137212174624640 send 18 0 0 2 0 1
2011887111981483 137212174624640 send 455171 0 0 2 0 1
2011887112197335 137212174624640 send 412417 0 0 2 0 1
2011887112198255 137212174624640 send 14 0 0 2 0 1
2011887112198515 137212174624640 egress 3 1 340 0 0 0
2011887111622756 137212158232256 emit_beg 3 0 0 0 0 0
2011887111623586 137212158232256 dmg 0 1 0 0 1920 1080
2011887111623646 137212158232256 enc 2 2 1 -1 -1 0
2011887111664135 137212158232256 emit_end 3 0 0 0 0 0
2011887239199147 137212166624960 wait_end 0 0 0 0 0 0
2011887239203697 137212166624960 drain_beg 0 0 0 0 0 0
2011887239204297 137212166624960 drain_end 1 0 0 0 0 0
2011887239204507 137212166624960 take 4 0 0 0 0 0
2011887239205307 137212166624960 subm_beg 1 0 0 0 0 0
2011887239206496 137212166624960 submit 4 0 0 0 0 0
2011887239206686 137212166624960 subm_end 1 0 0 0 0 0
2011887239206746 137212166624960 pump_beg 1 0 0 0 0 0
2011887240135553 137212166624960 feedend 3 0 0 0 0 0
2011887237062125 137212174624640 cliack 1 0 2 3 0 0
2011887237063115 137212174624640 ackregion 2 3 3 1 1 0
2011887239174068 137212174624640 msgin 4 12533760 0 0 0 0
2011887239174908 137212174624640 enq 4 1 0 0 0 0
2011887240630465 137212166624960 feedend 3 1 0 0 0 0
2011887244523022 137212166624960 outfirst 3 0 65536 0 0 0
2011887245482997 137212166624960 outfirst 3 1 65536 0 0 0
2011887245542035 137212166624960 pump_end 1 2 0 0 0 0
2011887245542455 137212166624960 join_beg 1 0 0 0 0 0
2011887245543215 137212166624960 join_end 0 0 0 0 0 0
2011887245543415 137212166624960 book_beg 1 0 0 0 0 0
2011887245543765 137212166624960 batch 4 1 1 2 2 0
2011887245543845 137212166624960 book_end 1 0 0 0 0 0
2011887245543915 137212166624960 coll_beg 0 0 0 0 0 0
2011887245848774 137212166624960 coll_end 0 0 0 0 0 0
2011887245848834 137212166624960 rel_beg 1 0 0 0 0 0
2011887245849124 137212166624960 absorb 4 0 0 0 0 0
2011887245852424 137212166624960 rel_end 1 0 0 0 0 0
2011887245853894 137212166624960 wait_beg 0 0 0 0 0 0
2011887245897252 137212174624640 send 18 0 0 3 1 1
2011887246443102 137212174624640 send 424207 0 0 3 1 1
2011887246849287 137212174624640 send 362864 0 0 3 1 1
2011887246851017 137212174624640 send 14 0 0 3 1 1
2011887246851577 137212174624640 egress 4 1 0 1 0 0
2011887245872183 137212158232256 emit_beg 4 0 0 0 0 0
2011887245877003 137212158232256 dmg 0 1 0 0 1920 1080
2011887245881453 137212158232256 enc 3 3 1 -1 -1 0
2011887245943550 137212158232256 emit_end 4 0 0 0 0 0
2011887280496338 137212174624640 cliack 2 0 3 4 0 0
2011887280496528 137212174624640 ackregion 3 4 4 2 1 0
2011887282356801 137212166624960 wait_end 0 0 0 0 0 0
2011887282360100 137212166624960 drain_beg 0 0 0 0 0 0
2011887282360240 137212166624960 drain_end 1 0 0 0 0 0
2011887282360350 137212166624960 take 5 0 0 0 0 0
2011887282360550 137212166624960 subm_beg 1 0 0 0 0 0
2011887282365060 137212166624960 submit 5 0 0 0 0 0
2011887282365090 137212166624960 subm_end 1 0 0 0 0 0
2011887282365120 137212166624960 pump_beg 1 0 0 0 0 0
2011887283259848 137212166624960 feedend 4 0 0 0 0 0
2011887283304536 137212166624960 feedend 4 1 0 0 0 0
2011887288014054 137212166624960 outfirst 4 1 65536 0 0 0
2011887288335112 137212166624960 outfirst 4 0 65536 0 0 0
2011887288436449 137212166624960 pump_end 1 2 0 0 0 0
2011887288436589 137212166624960 join_beg 1 0 0 0 0 0
2011887288436719 137212166624960 join_end 0 0 0 0 0 0
2011887288436859 137212166624960 book_beg 1 0 0 0 0 0
2011887288437129 137212166624960 batch 5 1 1 2 2 0
2011887288437199 137212166624960 book_end 1 0 0 0 0 0
2011887288437259 137212166624960 coll_beg 0 0 0 0 0 0
2011887288762627 137212166624960 coll_end 0 0 0 0 0 0
2011887288762667 137212166624960 rel_beg 1 0 0 0 0 0
2011887288762787 137212166624960 absorb 5 0 0 0 0 0
2011887288764687 137212166624960 rel_end 1 0 0 0 0 0
2011887288765687 137212166624960 wait_beg 0 0 0 0 0 0
2011887282333951 137212174624640 msgin 5 12533760 0 0 0 0
2011887282334211 137212174624640 enq 5 1 0 0 0 0
2011887288803015 137212174624640 send 18 0 0 4 2 1
2011887289351465 137212174624640 send 454656 0 0 4 2 1
2011887289776390 137212174624640 send 376719 0 0 4 2 1
2011887289778380 137212174624640 send 14 0 0 4 2 1
2011887289778639 137212174624640 egress 5 1 0 2 0 0
2011887288780986 137212158232256 emit_beg 5 0 0 0 0 0
2011887288784056 137212158232256 dmg 0 1 0 0 1920 1080
2011887288784636 137212158232256 enc 4 4 1 -1 -1 0
2011887288842894 137212158232256 emit_end 5 0 0 0 0 0
2011887316690397 137212174624640 cliack 3 0 4 5 0 0
2011887316690827 137212174624640 ackregion 4 5 5 3 1 0
2011887321620147 137212166624960 wait_end 0 0 0 0 0 0
2011887321623286 137212166624960 drain_beg 0 0 0 0 0 0
2011887321623736 137212166624960 drain_end 1 0 0 0 0 0
2011887321623866 137212166624960 take 6 0 0 0 0 0
2011887321624476 137212166624960 subm_beg 1 0 0 0 0 0
2011887321625296 137212166624960 submit 6 0 0 0 0 0
2011887321625356 137212166624960 subm_end 1 0 0 0 0 0
2011887321625396 137212166624960 pump_beg 1 0 0 0 0 0
2011887321915136 137212166624960 feedend 5 0 0 0 0 0
2011887322102979 137212166624960 feedend 5 1 0 0 0 0
2011887325989057 137212166624960 outfirst 5 1 65536 0 0 0
2011887326281666 137212166624960 outfirst 5 0 65536 0 0 0
2011887326350664 137212166624960 pump_end 1 2 0 0 0 0
2011887326350774 137212166624960 join_beg 1 0 0 0 0 0
2011887326351114 137212166624960 join_end 0 0 0 0 0 0
2011887326351304 137212166624960 book_beg 1 0 0 0 0 0
2011887326351784 137212166624960 batch 6 1 1 2 2 0
2011887326351864 137212166624960 book_end 1 0 0 0 0 0
2011887326351954 137212166624960 coll_beg 0 0 0 0 0 0
2011887326684002 137212166624960 coll_end 0 0 0 0 0 0
2011887326684082 137212166624960 rel_beg 1 0 0 0 0 0
2011887326684312 137212166624960 absorb 6 0 0 0 0 0
2011887326688162 137212166624960 rel_end 1 0 0 0 0 0
2011887326690151 137212166624960 wait_beg 0 0 0 0 0 0
2011887321605087 137212174624640 msgin 6 12533760 0 0 0 0
2011887321606047 137212174624640 enq 6 1 0 0 0 0
2011887326752019 137212174624640 send 18 0 0 5 3 1
2011887327276390 137212174624640 send 442230 0 0 5 3 1
2011887327729634 137212174624640 send 376906 0 0 5 3 1
2011887327731673 137212174624640 send 14 0 0 5 3 1
2011887327732323 137212174624640 egress 6 1 0 3 0 0
2011887326708941 137212158232256 emit_beg 6 0 0 0 0 0
2011887326715021 137212158232256 dmg 0 1 0 0 1920 1080
2011887326715221 137212158232256 enc 5 5 1 -1 -1 0
2011887326777938 137212158232256 emit_end 6 0 0 0 0 0
2011887349285186 137212174624640 cliack 4 0 5 6 0 0
2011887349285406 137212174624640 ackregion 5 6 6 4 1 0
2011887354961069 137212166624960 wait_end 0 0 0 0 0 0
2011887354963769 137212166624960 drain_beg 0 0 0 0 0 0
2011887354963999 137212166624960 drain_end 1 0 0 0 0 0
2011887354964159 137212166624960 take 7 0 0 0 0 0
2011887354964419 137212166624960 subm_beg 1 0 0 0 0 0
2011887354965229 137212166624960 submit 7 0 0 0 0 0
2011887354965279 137212166624960 subm_end 1 0 0 0 0 0
2011887354965339 137212166624960 pump_beg 1 0 0 0 0 0
2011887355291237 137212166624960 feedend 6 0 0 0 0 0
2011887355475870 137212166624960 feedend 6 1 0 0 0 0
2011887358693992 137212166624960 outfirst 6 1 65536 0 0 0
2011887358895115 137212166624960 outfirst 6 0 65536 0 0 0
2011887358952463 137212166624960 pump_end 1 2 0 0 0 0
2011887358952563 137212166624960 join_beg 1 0 0 0 0 0
2011887358952813 137212166624960 join_end 0 0 0 0 0 0
2011887358952993 137212166624960 book_beg 1 0 0 0 0 0
2011887358953203 137212166624960 batch 7 1 1 2 2 0
2011887358953263 137212166624960 book_end 1 0 0 0 0 0
2011887358953313 137212166624960 coll_beg 0 0 0 0 0 0
2011887359152986 137212166624960 coll_end 0 0 0 0 0 0
2011887359153076 137212166624960 rel_beg 1 0 0 0 0 0
2011887359153276 137212166624960 absorb 7 0 0 0 0 0
2011887359155716 137212166624960 rel_end 1 0 0 0 0 0
2011887359157016 137212166624960 wait_beg 0 0 0 0 0 0
2011887354938520 137212174624640 msgin 7 12533760 0 0 0 0
2011887354939010 137212174624640 enq 7 1 0 0 0 0
2011887359184845 137212174624640 send 18 0 0 6 4 1
2011887359459285 137212174624640 send 283260 0 0 6 4 1
2011887359625859 137212174624640 send 230757 0 0 6 4 1
2011887359627218 137212174624640 send 14 0 0 6 4 1
2011887359627718 137212174624640 egress 7 1 0 4 0 0
2011887359164435 137212158232256 emit_beg 7 0 0 0 0 0
2011887359168545 137212158232256 dmg 0 1 0 0 1920 1080
2011887359168775 137212158232256 enc 6 6 1 -1 -1 0
2011887359262572 137212158232256 emit_end 7 0 0 0 0 0
2011887386479368 137212166624960 wait_end 0 0 0 0 0 0
2011887386483068 137212166624960 drain_beg 0 0 0 0 0 0
2011887386483678 137212166624960 drain_end 1 0 0 0 0 0
2011887386483848 137212166624960 take 8 0 0 0 0 0
2011887386484008 137212166624960 subm_beg 1 0 0 0 0 0
2011887386484328 137212166624960 submit 8 0 0 0 0 0
2011887386484358 137212166624960 subm_end 1 0 0 0 0 0
2011887386484388 137212166624960 pump_beg 1 0 0 0 0 0
2011887386779287 137212166624960 feedend 7 0 0 0 0 0
2011887386978270 137212166624960 feedend 7 1 0 0 0 0
2011887390742302 137212166624960 outfirst 7 1 65536 0 0 0
2011887391208195 137212166624960 outfirst 7 0 65536 0 0 0
2011887385243363 137212174624640 cliack 5 0 6 7 0 0
2011887385243453 137212174624640 ackregion 6 7 7 5 1 0
2011887386458239 137212174624640 msgin 8 12533760 0 0 0 0
2011887386458449 137212174624640 enq 8 1 0 0 0 0
2011887391275803 137212166624960 pump_end 1 2 0 0 0 0
2011887391276023 137212166624960 join_beg 1 0 0 0 0 0
2011887391276173 137212166624960 join_end 0 0 0 0 0 0
2011887391276333 137212166624960 book_beg 1 0 0 0 0 0
2011887391276553 137212166624960 batch 8 1 1 2 2 0
2011887391276633 137212166624960 book_end 1 0 0 0 0 0
2011887391283822 137212166624960 coll_beg 0 0 0 0 0 0
2011887391557182 137212166624960 coll_end 0 0 0 0 0 0
2011887391557282 137212166624960 rel_beg 1 0 0 0 0 0
2011887391557922 137212166624960 absorb 8 0 0 0 0 0
2011887391560542 137212166624960 rel_end 1 0 0 0 0 0
2011887391561862 137212166624960 wait_beg 0 0 0 0 0 0
2011887391602691 137212174624640 send 18 0 0 7 5 1
2011887391920019 137212174624640 send 414617 0 0 7 5 1
2011887392147251 137212174624640 send 304555 0 0 7 5 1
2011887392158060 137212174624640 send 14 0 0 7 5 1
2011887392158390 137212174624640 egress 8 1 0 5 0 0
2011887391567412 137212158232256 emit_beg 8 0 0 0 0 0
2011887391572432 137212158232256 dmg 0 1 0 0 1920 1080
2011887391572542 137212158232256 enc 7 7 1 -1 -1 0
2011887391631290 137212158232256 emit_end 8 0 0 0 0 0
2011887420846323 137212174624640 cliack 6 0 7 8 0 0
2011887420846413 137212174624640 ackregion 7 8 8 6 1 0
2011887425053799 137212166624960 wait_end 0 0 0 0 0 0
2011887425057739 137212166624960 drain_beg 0 0 0 0 0 0
2011887425058359 137212166624960 drain_end 1 0 0 0 0 0
2011887425058509 137212166624960 take 9 0 0 0 0 0
2011887425059299 137212166624960 subm_beg 1 0 0 0 0 0
2011887425060759 137212166624960 submit 9 0 0 0 0 0
2011887425061019 137212166624960 subm_end 1 0 0 0 0 0
2011887425061099 137212166624960 pump_beg 1 0 0 0 0 0
2011887425401836 137212166624960 feedend 8 0 0 0 0 0
2011887425605979 137212166624960 feedend 8 1 0 0 0 0
2011887429167289 137212166624960 outfirst 8 1 65536 0 0 0
2011887429375191 137212166624960 outfirst 8 0 65536 0 0 0
2011887429492077 137212166624960 pump_end 1 2 0 0 0 0
2011887429492307 137212166624960 join_beg 1 0 0 0 0 0
2011887429492617 137212166624960 join_end 0 0 0 0 0 0
2011887429492827 137212166624960 book_beg 1 0 0 0 0 0
2011887429492987 137212166624960 batch 9 1 1 2 2 0
2011887429493127 137212166624960 book_end 1 0 0 0 0 0
2011887429493277 137212166624960 coll_beg 0 0 0 0 0 0
2011887429769427 137212166624960 coll_end 0 0 0 0 0 0
2011887429769557 137212166624960 rel_beg 1 0 0 0 0 0
2011887429769807 137212166624960 absorb 9 0 0 0 0 0
2011887429772217 137212166624960 rel_end 1 0 0 0 0 0
2011887429773677 137212166624960 wait_beg 0 0 0 0 0 0
2011887425032940 137212174624640 msgin 9 12533760 0 0 0 0
2011887425035440 137212174624640 enq 9 1 0 0 0 0
2011887429803675 137212174624640 send 18 0 0 8 6 1
2011887430115814 137212174624640 send 391437 0 0 8 6 1
2011887430363175 137212174624640 send 352755 0 0 8 6 1
2011887430364355 137212174624640 send 14 0 0 8 6 1
2011887430364615 137212174624640 egress 9 1 0 6 0 0
2011887429791896 137212158232256 emit_beg 9 0 0 0 0 0
2011887429794796 137212158232256 dmg 0 1 0 0 1920 1080
2011887429794856 137212158232256 enc 8 8 1 -1 -1 0
2011887429849644 137212158232256 emit_end 9 0 0 0 0 0
2011887446237755 137212166624960 wait_end 0 0 0 0 0 0
2011887446240595 137212166624960 drain_beg 0 0 0 0 0 0
2011887446240785 137212166624960 drain_end 1 0 0 0 0 0
2011887446240845 137212166624960 take 10 0 0 0 0 0
2011887446241265 137212166624960 subm_beg 1 0 0 0 0 0
2011887446241715 137212166624960 submit 10 0 0 0 0 0
2011887446241865 137212166624960 subm_end 1 0 0 0 0 0
2011887446241885 137212166624960 pump_beg 1 0 0 0 0 0
2011887447099284 137212166624960 feedend 9 0 0 0 0 0
2011887447128063 137212166624960 feedend 9 1 0 0 0 0
2011887451152656 137212166624960 outfirst 9 1 65536 0 0 0
2011887451595890 137212166624960 outfirst 9 0 65536 0 0 0
2011887442994154 137212174624640 cliack 7 0 8 9 0 0
2011887442994294 137212174624640 ackregion 8 9 9 7 1 0
2011887446224876 137212174624640 msgin 10 12533760 0 0 0 0
2011887446225756 137212174624640 enq 10 1 0 0 0 0
2011887451672917 137212166624960 pump_end 1 2 0 0 0 0
2011887451673207 137212166624960 join_beg 1 0 0 0 0 0
2011887451673517 137212166624960 join_end 0 0 0 0 0 0
2011887451673757 137212166624960 book_beg 1 0 0 0 0 0
2011887451674257 137212166624960 batch 10 1 1 2 2 0
2011887451674397 137212166624960 book_end 1 0 0 0 0 0
2011887451674537 137212166624960 coll_beg 0 0 0 0 0 0
2011887451936287 137212166624960 coll_end 0 0 0 0 0 0
2011887451936517 137212166624960 rel_beg 1 0 0 0 0 0
2011887451936877 137212166624960 absorb 10 0 0 0 0 0
2011887451940587 137212166624960 rel_end 1 0 0 0 0 0
2011887451942217 137212166624960 wait_beg 0 0 0 0 0 0
2011887451967536 137212174624640 send 18 0 0 9 7 1
2011887452350792 137212174624640 send 488283 0 0 9 7 1
2011887452649591 137212174624640 send 407232 0 0 9 7 1
2011887452651201 137212174624640 send 14 0 0 9 7 1
2011887452651611 137212174624640 egress 10 1 0 7 0 0
2011887451946647 137212158232256 emit_beg 10 0 0 0 0 0
2011887451950637 137212158232256 dmg 0 1 0 0 1920 1080
2011887451950797 137212158232256 enc 9 9 1 -1 -1 0
2011887452008264 137212158232256 emit_end 10 0 0 0 0 0
2011887478826975 137212166624960 wait_end 0 0 0 0 0 0
2011887478831865 137212166624960 drain_beg 0 0 0 0 0 0
2011887478832775 137212166624960 drain_end 1 0 0 0 0 0
2011887478832905 137212166624960 take 11 0 0 0 0 0
2011887478833495 137212166624960 subm_beg 1 0 0 0 0 0
2011887478835385 137212166624960 submit 11 0 0 0 0 0
2011887478835525 137212166624960 subm_end 1 0 0 0 0 0
2011887478835565 137212166624960 pump_beg 1 0 0 0 0 0
2011887479771191 137212166624960 feedend 10 0 0 0 0 0
2011887480113878 137212166624960 feedend 10 1 0 0 0 0
2011887473870036 137212174624640 cliack 8 0 9 10 0 0
2011887473870276 137212174624640 ackregion 9 10 10 8 1 0
2011887478798376 137212174624640 msgin 11 12533760 0 0 0 0
2011887478799966 137212174624640 enq 11 1 0 0 0 0
2011887485012829 137212166624960 outfirst 10 1 65536 0 0 0
2011887485307798 137212166624960 outfirst 10 0 65536 0 0 0
2011887485381656 137212166624960 pump_end 1 2 0 0 0 0
2011887485381976 137212166624960 join_beg 1 0 0 0 0 0
2011887485382376 137212166624960 join_end 0 0 0 0 0 0
2011887485382646 137212166624960 book_beg 1 0 0 0 0 0
2011887485383096 137212166624960 batch 11 1 1 2 2 0
2011887485383266 137212166624960 book_end 1 0 0 0 0 0
2011887485383446 137212166624960 coll_beg 0 0 0 0 0 0
2011887485745022 137212166624960 coll_end 0 0 0 0 0 0
2011887485745292 137212166624960 rel_beg 1 0 0 0 0 0
2011887485745782 137212166624960 absorb 11 0 0 0 0 0
2011887485750562 137212166624960 rel_end 1 0 0 0 0 0
2011887485751962 137212166624960 wait_beg 0 0 0 0 0 0
2011887485775211 137212174624640 send 18 0 0 10 8 1
2011887486135408 137212174624640 send 467063 0 0 10 8 1
2011887486443097 137212174624640 send 403192 0 0 10 8 1
2011887486444337 137212174624640 send 14 0 0 10 8 1
2011887486444787 137212174624640 egress 11 1 0 8 0 0
2011887485756862 137212158232256 emit_beg 11 0 0 0 0 0
2011887485758922 137212158232256 dmg 0 1 0 0 1920 1080
2011887485759202 137212158232256 enc 10 10 1 -1 -1 0
2011887485807840 137212158232256 emit_end 11 0 0 0 0 0
2011887511049428 137212166624960 wait_end 0 0 0 0 0 0
2011887511053648 137212166624960 drain_beg 0 0 0 0 0 0
2011887511054208 137212166624960 drain_end 1 0 0 0 0 0
2011887511054428 137212166624960 take 12 0 0 0 0 0
2011887511054918 137212166624960 subm_beg 1 0 0 0 0 0
2011887511056298 137212166624960 submit 12 0 0 0 0 0
2011887511056588 137212166624960 subm_end 1 0 0 0 0 0
2011887511056668 137212166624960 pump_beg 1 0 0 0 0 0
2011887511387226 137212166624960 feedend 11 0 0 0 0 0
2011887511604378 137212166624960 feedend 11 1 0 0 0 0
2011887506146447 137212174624640 cliack 9 0 10 11 0 0
2011887506146657 137212174624640 ackregion 10 11 11 9 1 0
2011887511011990 137212174624640 msgin 12 12533760 0 0 0 0
2011887511023479 137212174624640 enq 12 1 0 0 0 0
2011887515303323 137212166624960 outfirst 11 1 65536 0 0 0
2011887515614531 137212166624960 outfirst 11 0 65536 0 0 0
2011887515690309 137212166624960 pump_end 1 2 0 0 0 0
2011887515690519 137212166624960 join_beg 1 0 0 0 0 0
2011887515690739 137212166624960 join_end 0 0 0 0 0 0
2011887515690999 137212166624960 book_beg 1 0 0 0 0 0
2011887515691249 137212166624960 batch 12 1 1 2 2 0
2011887515691299 137212166624960 book_end 1 0 0 0 0 0
2011887515691429 137212166624960 coll_beg 0 0 0 0 0 0
2011887515939810 137212166624960 coll_end 0 0 0 0 0 0
2011887515939860 137212166624960 rel_beg 1 0 0 0 0 0
2011887515940210 137212166624960 absorb 12 0 0 0 0 0
2011887515942979 137212166624960 rel_end 1 0 0 0 0 0
2011887515944119 137212166624960 wait_beg 0 0 0 0 0 0
2011887515958309 137212174624640 send 18 0 0 11 9 1
2011887516312096 137212174624640 send 443623 0 0 11 9 1
2011887516597176 137212174624640 send 388634 0 0 11 9 1
2011887516598305 137212174624640 send 14 0 0 11 9 1
2011887516598575 137212174624640 egress 12 1 0 9 0 0
2011887515950579 137212158232256 emit_beg 12 0 0 0 0 0
2011887515952059 137212158232256 dmg 0 1 0 0 1920 1080
2011887515952229 137212158232256 enc 11 11 1 -1 -1 0
2011887516012817 137212158232256 emit_end 12 0 0 0 0 0
2011887547634972 137212166624960 wait_end 0 0 0 0 0 0
2011887547638492 137212166624960 drain_beg 0 0 0 0 0 0
2011887547638712 137212166624960 drain_end 1 0 0 0 0 0
2011887547638932 137212166624960 take 13 0 0 0 0 0
2011887547639412 137212166624960 subm_beg 1 0 0 0 0 0
2011887547640082 137212166624960 submit 13 0 0 0 0 0
2011887547640242 137212166624960 subm_end 1 0 0 0 0 0
2011887547640302 137212166624960 pump_beg 1 0 0 0 0 0
2011887548502310 137212166624960 feedend 12 0 0 0 0 0
2011887548543519 137212166624960 feedend 12 1 0 0 0 0
2011887544770617 137212174624640 cliack 10 0 11 12 0 0
2011887544770837 137212174624640 ackregion 11 12 12 10 1 0
2011887547608753 137212174624640 msgin 13 12533760 0 0 0 0
2011887547609923 137212174624640 enq 13 1 0 0 0 0
2011887553045704 137212166624960 outfirst 12 1 65536 0 0 0
2011887553616704 137212166624960 outfirst 12 0 65536 0 0 0
2011887553710810 137212166624960 pump_end 1 2 0 0 0 0
2011887553711000 137212166624960 join_beg 1 0 0 0 0 0
2011887553711260 137212166624960 join_end 0 0 0 0 0 0
2011887553711480 137212166624960 book_beg 1 0 0 0 0 0
2011887553711650 137212166624960 batch 13 1 1 2 2 0
2011887553711800 137212166624960 book_end 1 0 0 0 0 0
2011887553711950 137212166624960 coll_beg 0 0 0 0 0 0
2011887554056908 137212166624960 coll_end 0 0 0 0 0 0
2011887554057048 137212166624960 rel_beg 1 0 0 0 0 0
2011887554057347 137212166624960 absorb 13 0 0 0 0 0
2011887554060957 137212166624960 rel_end 1 0 0 0 0 0
2011887554062487 137212166624960 wait_beg 0 0 0 0 0 0
2011887554104436 137212174624640 send 18 0 0 12 10 1
2011887554497821 137212174624640 send 502891 0 0 12 10 1
2011887554795021 137212174624640 send 401743 0 0 12 10 1
2011887554796370 137212174624640 send 14 0 0 12 10 1
2011887554796660 137212174624640 egress 13 1 0 10 0 0
2011887554080497 137212158232256 emit_beg 13 0 0 0 0 0
2011887554084936 137212158232256 dmg 0 1 0 0 1920 1080
2011887554085076 137212158232256 enc 12 12 1 -1 -1 0
2011887554148624 137212158232256 emit_end 13 0 0 0 0 0
2011887586617128 137212166624960 wait_end 0 0 0 0 0 0
2011887586620768 137212166624960 drain_beg 0 0 0 0 0 0
2011887586620978 137212166624960 drain_end 1 0 0 0 0 0
2011887586621098 137212166624960 take 14 0 0 0 0 0
2011887586621438 137212166624960 subm_beg 1 0 0 0 0 0
2011887586622328 137212166624960 submit 14 0 0 0 0 0
2011887586622488 137212166624960 subm_end 1 0 0 0 0 0
2011887586622548 137212166624960 pump_beg 1 0 0 0 0 0
2011887587388860 137212166624960 feedend 13 0 0 0 0 0
2011887587822704 137212166624960 feedend 13 1 0 0 0 0
2011887591409313 137212166624960 outfirst 13 0 65536 0 0 0
2011887592417856 137212166624960 outfirst 13 1 65536 0 0 0
2011887582494409 137212174624640 cliack 11 0 12 13 0 0
2011887582494619 137212174624640 ackregion 12 13 13 11 1 0
2011887586590579 137212174624640 msgin 14 12533760 0 0 0 0
2011887586591709 137212174624640 enq 14 1 0 0 0 0
2011887592474964 137212166624960 pump_end 1 2 0 0 0 0
2011887592475634 137212166624960 join_beg 1 0 0 0 0 0
2011887592476604 137212166624960 join_end 0 0 0 0 0 0
2011887592476814 137212166624960 book_beg 1 0 0 0 0 0
2011887592477674 137212166624960 batch 14 1 1 2 2 0
2011887592477834 137212166624960 book_end 1 0 0 0 0 0
2011887592477994 137212166624960 coll_beg 0 0 0 0 0 0
2011887592847711 137212166624960 coll_end 0 0 0 0 0 0
2011887592847971 137212166624960 rel_beg 1 0 0 0 0 0
2011887592848231 137212166624960 absorb 14 0 0 0 0 0
2011887592851931 137212166624960 rel_end 1 0 0 0 0 0
2011887592854090 137212166624960 wait_beg 0 0 0 0 0 0
2011887592946657 137212174624640 send 18 0 0 13 11 1
2011887593435459 137212174624640 send 390672 0 0 13 11 1
2011887593822035 137212174624640 send 338139 0 0 13 11 1
2011887593823645 137212174624640 send 14 0 0 13 11 1
2011887593823915 137212174624640 egress 14 1 0 11 0 0
2011887592858590 137212158232256 emit_beg 14 0 0 0 0 0
2011887592861630 137212158232256 dmg 0 1 0 0 1920 1080
2011887592861810 137212158232256 enc 13 13 1 -1 -1 0
2011887592903589 137212158232256 emit_end 14 0 0 0 0 0
2011887618399737 137212174624640 cliack 12 0 13 14 0 0
2011887618400367 137212174624640 ackregion 13 14 14 12 1 0
2011887623332117 137212166624960 wait_end 0 0 0 0 0 0
2011887623358296 137212166624960 drain_beg 0 0 0 0 0 0
2011887623359146 137212166624960 drain_end 1 0 0 0 0 0
2011887623359456 137212166624960 take 15 0 0 0 0 0
2011887623360086 137212166624960 subm_beg 1 0 0 0 0 0
2011887623361826 137212166624960 submit 15 0 0 0 0 0
2011887623361966 137212166624960 subm_end 1 0 0 0 0 0
2011887623362006 137212166624960 pump_beg 1 0 0 0 0 0
2011887623718313 137212166624960 feedend 14 0 0 0 0 0
2011887623929616 137212166624960 feedend 14 1 0 0 0 0
2011887628359054 137212166624960 outfirst 14 1 65536 0 0 0
2011887628734820 137212166624960 outfirst 14 0 65536 0 0 0
2011887628969921 137212166624960 pump_end 1 2 0 0 0 0
2011887628970231 137212166624960 join_beg 1 0 0 0 0 0
2011887628970741 137212166624960 join_end 0 0 0 0 0 0
2011887628970801 137212166624960 book_beg 1 0 0 0 0 0
2011887628971101 137212166624960 batch 15 1 1 2 2 0
2011887628971141 137212166624960 book_end 1 0 0 0 0 0
2011887628971191 137212166624960 coll_beg 0 0 0 0 0 0
2011887629288110 137212166624960 coll_end 0 0 0 0 0 0
2011887629288160 137212166624960 rel_beg 1 0 0 0 0 0
2011887629289560 137212166624960 absorb 15 0 0 0 0 0
2011887629294390 137212166624960 rel_end 1 0 0 0 0 0
2011887629295799 137212166624960 wait_beg 0 0 0 0 0 0
2011887623298939 137212174624640 msgin 15 12533760 0 0 0 0
2011887623300958 137212174624640 enq 15 1 0 0 0 0
2011887629348008 137212174624640 send 18 0 0 14 12 1
2011887629757533 137212174624640 send 544308 0 0 14 12 1
2011887630131669 137212174624640 send 476908 0 0 14 12 1
2011887630133059 137212174624640 send 14 0 0 14 12 1
2011887630133449 137212174624640 egress 15 1 0 12 0 0
2011887629300409 137212158232256 emit_beg 15 0 0 0 0 0
2011887629302719 137212158232256 dmg 0 1 0 0 1920 1080
2011887629302879 137212158232256 enc 14 14 1 -1 -1 0
2011887629364467 137212158232256 emit_end 15 0 0 0 0 0
2011887660477731 137212166624960 wait_end 0 0 0 0 0 0
2011887660482960 137212166624960 drain_beg 0 0 0 0 0 0
2011887660483630 137212166624960 drain_end 1 0 0 0 0 0
2011887660483820 137212166624960 take 16 0 0 0 0 0
2011887660484300 137212166624960 subm_beg 1 0 0 0 0 0
2011887660485230 137212166624960 submit 16 0 0 0 0 0
2011887660485600 137212166624960 subm_end 1 0 0 0 0 0
2011887660485690 137212166624960 pump_beg 1 0 0 0 0 0
2011887660815278 137212166624960 feedend 15 0 0 0 0 0
2011887661035170 137212166624960 feedend 15 1 0 0 0 0
2011887657525498 137212174624640 cliack 13 0 14 15 0 0
2011887657525938 137212174624640 ackregion 14 15 15 13 1 0
2011887660461071 137212174624640 msgin 16 12533760 0 0 0 0
2011887660462571 137212174624640 enq 16 1 0 0 0 0
2011887666068407 137212166624960 outfirst 15 1 65536 0 0 0
2011887666752772 137212166624960 outfirst 15 0 65536 0 0 0
2011887666843808 137212166624960 pump_end 1 2 0 0 0 0
2011887666844138 137212166624960 join_beg 1 0 0 0 0 0
2011887666844708 137212166624960 join_end 0 0 0 0 0 0
2011887666844998 137212166624960 book_beg 1 0 0 0 0 0
2011887666845838 137212166624960 batch 16 1 1 2 2 0
2011887666845998 137212166624960 book_end 1 0 0 0 0 0
2011887666846138 137212166624960 coll_beg 0 0 0 0 0 0
2011887667258983 137212166624960 coll_end 0 0 0 0 0 0
2011887667259043 137212166624960 rel_beg 1 0 0 0 0 0
2011887667259643 137212166624960 absorb 16 0 0 0 0 0
2011887667266363 137212166624960 rel_end 1 0 0 0 0 0
2011887667268773 137212166624960 wait_beg 0 0 0 0 0 0
2011887667335220 137212174624640 send 18 0 0 15 13 1
2011887667842272 137212174624640 send 440813 0 0 15 13 1
2011887668105482 137212174624640 send 364438 0 0 15 13 1
2011887668106932 137212174624640 send 14 0 0 15 13 1
2011887668107402 137212174624640 egress 16 1 0 13 0 0
2011887667288652 137212158232256 emit_beg 16 0 0 0 0 0
2011887667295372 137212158232256 dmg 0 1 0 0 1920 1080
2011887667295612 137212158232256 enc 15 15 1 -1 -1 0
2011887667351470 137212158232256 emit_end 16 0 0 0 0 0
2011887689057797 137212174624640 cliack 14 0 15 16 0 0
2011887689057917 137212174624640 ackregion 15 16 16 14 1 0
2011887693068300 137212166624960 wait_end 0 0 0 0 0 0
2011887693071130 137212166624960 drain_beg 0 0 0 0 0 0
2011887693071490 137212166624960 drain_end 1 0 0 0 0 0
2011887693071660 137212166624960 take 17 0 0 0 0 0
2011887693072180 137212166624960 subm_beg 1 0 0 0 0 0
2011887693072580 137212166624960 submit 17 0 0 0 0 0
2011887693072800 137212166624960 subm_end 1 0 0 0 0 0
2011887693072830 137212166624960 pump_beg 1 0 0 0 0 0
2011887693418618 137212166624960 feedend 16 0 0 0 0 0
2011887693627720 137212166624960 feedend 16 1 0 0 0 0
2011887698773002 137212166624960 outfirst 16 1 65536 0 0 0
2011887698952436 137212166624960 outfirst 16 0 65536 0 0 0
2011887699032983 137212166624960 pump_end 1 2 0 0 0 0
2011887699033493 137212166624960 join_beg 1 0 0 0 0 0
2011887699033893 137212166624960 join_end 0 0 0 0 0 0
2011887699034003 137212166624960 book_beg 1 0 0 0 0 0
2011887699034233 137212166624960 batch 17 1 1 2 2 0
2011887699034363 137212166624960 book_end 1 0 0 0 0 0
2011887699034503 137212166624960 coll_beg 0 0 0 0 0 0
2011887699271424 137212166624960 coll_end 0 0 0 0 0 0
2011887699271564 137212166624960 rel_beg 1 0 0 0 0 0
2011887699271904 137212166624960 absorb 17 0 0 0 0 0
2011887699275994 137212166624960 rel_end 1 0 0 0 0 0
2011887699277344 137212166624960 wait_beg 0 0 0 0 0 0
2011887693035302 137212174624640 msgin 17 12533760 0 0 0 0
2011887693036611 137212174624640 enq 17 1 0 0 0 0
2011887699309732 137212174624640 send 18 0 0 16 14 1
2011887699689519 137212174624640 send 490240 0 0 16 14 1
2011887699984188 137212174624640 send 398382 0 0 16 14 1
2011887699985428 137212174624640 send 14 0 0 16 14 1
2011887699985858 137212174624640 egress 17 1 0 14 0 0
2011887699281004 137212158232256 emit_beg 17 0 0 0 0 0
2011887699283983 137212158232256 dmg 0 1 0 0 1920 1080
2011887699284213 137212158232256 enc 16 16 1 -1 -1 0
2011887699337821 137212158232256 emit_end 17 0 0 0 0 0
2011887733214194 137212174624640 cliack 15 0 16 17 0 0
2011887733214324 137212174624640 ackregion 16 17 17 15 1 0
2011887738959704 137212166624960 wait_end 0 0 0 0 0 0
2011887738962674 137212166624960 drain_beg 0 0 0 0 0 0
2011887738963044 137212166624960 drain_end 1 0 0 0 0 0
2011887738963354 137212166624960 take 18 0 0 0 0 0
2011887738964114 137212166624960 subm_beg 1 0 0 0 0 0
2011887738964884 137212166624960 submit 18 0 0 0 0 0
2011887738965024 137212166624960 subm_end 1 0 0 0 0 0
2011887738965054 137212166624960 pump_beg 1 0 0 0 0 0
2011887739282173 137212166624960 feedend 17 0 0 0 0 0
2011887739487515 137212166624960 feedend 17 1 0 0 0 0
2011887738942655 137212174624640 msgin 18 12533760 0 0 0 0
2011887738943675 137212174624640 enq 18 1 0 0 0 0
2011887744829680 137212166624960 outfirst 17 1 65536 0 0 0
2011887745294953 137212166624960 outfirst 17 0 65536 0 0 0
2011887745378420 137212166624960 pump_end 1 2 0 0 0 0
2011887745378600 137212166624960 join_beg 1 0 0 0 0 0
2011887745378950 137212166624960 join_end 0 0 0 0 0 0
2011887745379240 137212166624960 book_beg 1 0 0 0 0 0
2011887745379420 137212166624960 batch 18 1 1 2 2 0
2011887745379560 137212166624960 book_end 1 0 0 0 0 0
2011887745379700 137212166624960 coll_beg 0 0 0 0 0 0
2011887745653290 137212166624960 coll_end 0 0 0 0 0 0
2011887745653450 137212166624960 rel_beg 1 0 0 0 0 0
2011887745653730 137212166624960 absorb 18 0 0 0 0 0
2011887745656870 137212166624960 rel_end 1 0 0 0 0 0
2011887745658850 137212166624960 wait_beg 0 0 0 0 0 0
2011887745693678 137212174624640 send 18 0 0 17 15 1
2011887746135082 137212174624640 send 549306 0 0 17 15 1
2011887746496689 137212174624640 send 502086 0 0 17 15 1
2011887746497909 137212174624640 send 14 0 0 17 15 1
2011887746498329 137212174624640 egress 18 1 0 15 0 0
2011887745675949 137212158232256 emit_beg 18 0 0 0 0 0
2011887745682119 137212158232256 dmg 0 1 0 0 1920 1080
2011887745682219 137212158232256 enc 17 17 1 -1 -1 0
2011887745768956 137212158232256 emit_end 18 0 0 0 0 0
2011887768891141 137212166624960 wait_end 0 0 0 0 0 0
2011887768893291 137212166624960 drain_beg 0 0 0 0 0 0
2011887768893501 137212166624960 drain_end 1 0 0 0 0 0
2011887768893581 137212166624960 take 19 0 0 0 0 0
2011887768894051 137212166624960 subm_beg 1 0 0 0 0 0
2011887768894831 137212166624960 submit 19 0 0 0 0 0
2011887768895131 137212166624960 subm_end 1 0 0 0 0 0
2011887768895181 137212166624960 pump_beg 1 0 0 0 0 0
2011887769151902 137212166624960 feedend 18 0 0 0 0 0
2011887769283437 137212166624960 feedend 18 1 0 0 0 0
2011887768029153 137212174624640 cliack 16 0 17 18 0 0
2011887768029293 137212174624640 ackregion 17 18 18 16 1 0
2011887768878512 137212174624640 msgin 19 12533760 0 0 0 0
2011887768879492 137212174624640 enq 19 1 0 0 0 0
2011887774082072 137212166624960 outfirst 18 1 65536 0 0 0
2011887774345772 137212166624960 outfirst 18 0 65536 0 0 0
2011887774405240 137212166624960 pump_end 1 2 0 0 0 0
2011887774405330 137212166624960 join_beg 1 0 0 0 0 0
2011887774405630 137212166624960 join_end 0 0 0 0 0 0
2011887774405700 137212166624960 book_beg 1 0 0 0 0 0
2011887774406030 137212166624960 batch 19 1 1 2 2 0
2011887774406080 137212166624960 book_end 1 0 0 0 0 0
2011887774406110 137212166624960 coll_beg 0 0 0 0 0 0
2011887774610182 137212166624960 coll_end 0 0 0 0 0 0
2011887774610232 137212166624960 rel_beg 1 0 0 0 0 0
2011887774610342 137212166624960 absorb 19 0 0 0 0 0
2011887774612932 137212166624960 rel_end 1 0 0 0 0 0
2011887774614722 137212166624960 wait_beg 0 0 0 0 0 0
2011887774657431 137212174624640 send 18 0 0 18 16 1
2011887774971859 137212174624640 send 398149 0 0 18 16 1
2011887775255829 137212174624640 send 345720 0 0 18 16 1
2011887775257859 137212174624640 send 14 0 0 18 16 1
2011887775258249 137212174624640 egress 19 1 0 16 0 0
2011887774634321 137212158232256 emit_beg 19 0 0 0 0 0
2011887774640611 137212158232256 dmg 0 1 0 0 1920 1080
2011887774640821 137212158232256 enc 18 18 1 -1 -1 0
2011887774691259 137212158232256 emit_end 19 0 0 0 0 0
2011887811510395 137212166624960 wait_end 0 0 0 0 0 0
2011887811514224 137212166624960 drain_beg 0 0 0 0 0 0
2011887811514544 137212166624960 drain_end 1 0 0 0 0 0
2011887811514684 137212166624960 take 20 0 0 0 0 0
2011887811515294 137212166624960 subm_beg 1 0 0 0 0 0
2011887811516694 137212166624960 submit 20 0 0 0 0 0
2011887811516844 137212166624960 subm_end 1 0 0 0 0 0
2011887811516874 137212166624960 pump_beg 1 0 0 0 0 0
2011887811853862 137212166624960 feedend 19 0 0 0 0 0
2011887812048665 137212166624960 feedend 19 1 0 0 0 0
2011887806609394 137212174624640 cliack 17 0 18 19 0 0
2011887806609844 137212174624640 ackregion 18 19 19 17 1 0
2011887811480176 137212174624640 msgin 20 12533760 0 0 0 0
2011887811481946 137212174624640 enq 20 1 0 0 0 0
2011887817292433 137212166624960 outfirst 19 1 65536 0 0 0
2011887817907541 137212166624960 outfirst 19 0 65536 0 0 0
2011887817986278 137212166624960 pump_end 1 2 0 0 0 0
2011887817986568 137212166624960 join_beg 1 0 0 0 0 0
2011887817987128 137212166624960 join_end 0 0 0 0 0 0
2011887817987238 137212166624960 book_beg 1 0 0 0 0 0
2011887817987688 137212166624960 batch 20 1 1 2 2 0
2011887817987828 137212166624960 book_end 1 0 0 0 0 0
2011887817987978 137212166624960 coll_beg 0 0 0 0 0 0
2011887818335665 137212166624960 coll_end 0 0 0 0 0 0
2011887818335735 137212166624960 rel_beg 1 0 0 0 0 0
2011887818336165 137212166624960 absorb 20 0 0 0 0 0
2011887818340435 137212166624960 rel_end 1 0 0 0 0 0
2011887818342275 137212166624960 wait_beg 0 0 0 0 0 0
2011887818388933 137212174624640 send 18 0 0 19 17 1
2011887818764110 137212174624640 send 467450 0 0 19 17 1
2011887819062409 137212174624640 send 404492 0 0 19 17 1
2011887819063629 137212174624640 send 14 0 0 19 17 1
2011887819064079 137212174624640 egress 20 1 0 17 0 0
2011887818362134 137212158232256 emit_beg 20 0 0 0 0 0
2011887818368224 137212158232256 dmg 0 1 0 0 1920 1080
2011887818368414 137212158232256 enc 19 19 1 -1 -1 0
2011887818428252 137212158232256 emit_end 20 0 0 0 0 0
2011887851977757 137212174624640 cliack 18 0 19 20 0 0
2011887851977917 137212174624640 ackregion 19 20 20 18 1 0
2011887856451763 137212166624960 wait_end 0 0 0 0 0 0
2011887856456093 137212166624960 drain_beg 0 0 0 0 0 0
2011887856456533 137212166624960 drain_end 1 0 0 0 0 0
2011887856456733 137212166624960 take 21 0 0 0 0 0
2011887856457173 137212166624960 subm_beg 1 0 0 0 0 0
2011887856457693 137212166624960 submit 21 0 0 0 0 0
2011887856457853 137212166624960 subm_end 1 0 0 0 0 0
2011887856457903 137212166624960 pump_beg 1 0 0 0 0 0
2011887856788771 137212166624960 feedend 20 0 0 0 0 0
2011887856994273 137212166624960 feedend 20 1 0 0 0 0
2011887862112786 137212166624960 outfirst 20 1 65536 0 0 0
2011887862750233 137212166624960 outfirst 20 0 65536 0 0 0
2011887862824420 137212166624960 pump_end 1 2 0 0 0 0
2011887862824700 137212166624960 join_beg 1 0 0 0 0 0
2011887862848100 137212166624960 join_end 0 0 0 0 0 0
2011887862848230 137212166624960 book_beg 1 0 0 0 0 0
2011887862848730 137212166624960 batch 21 1 1 2 2 0
2011887862848770 137212166624960 book_end 1 0 0 0 0 0
2011887862848820 137212166624960 coll_beg 0 0 0 0 0 0
2011887863079731 137212166624960 coll_end 0 0 0 0 0 0
2011887863079781 137212166624960 rel_beg 1 0 0 0 0 0
2011887863080251 137212166624960 absorb 21 0 0 0 0 0
2011887863084711 137212166624960 rel_end 1 0 0 0 0 0
2011887863086461 137212166624960 wait_beg 0 0 0 0 0 0
2011887856421994 137212174624640 msgin 21 12533760 0 0 0 0
2011887856423354 137212174624640 enq 21 1 0 0 0 0
2011887863132259 137212174624640 send 18 0 0 20 18 1
2011887863479567 137212174624640 send 456650 0 0 20 18 1
2011887863758586 137212174624640 send 376357 0 0 20 18 1
2011887863760006 137212174624640 send 14 0 0 20 18 1
2011887863764996 137212174624640 egress 21 1 0 18 0 0
2011887863100890 137212158232256 emit_beg 21 0 0 0 0 0
2011887863105180 137212158232256 dmg 0 1 0 0 1920 1080
2011887863105360 137212158232256 enc 20 20 1 -1 -1 0
2011887863150659 137212158232256 emit_end 21 0 0 0 0 0
2011887884015927 137212174624640 cliack 19 0 20 21 0 0
2011887884016017 137212174624640 ackregion 20 21 21 19 1 0
2011887888908278 137212166624960 wait_end 0 0 0 0 0 0
2011887888912858 137212166624960 drain_beg 0 0 0 0 0 0
2011887888913318 137212166624960 drain_end 1 0 0 0 0 0
2011887888913498 137212166624960 take 22 0 0 0 0 0
2011887888913978 137212166624960 subm_beg 1 0 0 0 0 0
2011887888915138 137212166624960 submit 22 0 0 0 0 0
2011887888915298 137212166624960 subm_end 1 0 0 0 0 0
2011887888915328 137212166624960 pump_beg 1 0 0 0 0 0
2011887889259355 137212166624960 feedend 21 0 0 0 0 0
2011887889448798 137212166624960 feedend 21 1 0 0 0 0
2011887888880409 137212174624640 msgin 22 12533760 0 0 0 0
2011887888881479 137212174624640 enq 22 1 0 0 0 0
2011887894402677 137212166624960 outfirst 21 1 65536 0 0 0
2011887894942177 137212166624960 outfirst 21 0 65536 0 0 0
2011887895006185 137212166624960 pump_end 1 2 0 0 0 0
2011887895006425 137212166624960 join_beg 1 0 0 0 0 0
2011887895007215 137212166624960 join_end 0 0 0 0 0 0
2011887895007285 137212166624960 book_beg 1 0 0 0 0 0
2011887895007725 137212166624960 batch 22 1 1 2 2 0
2011887895007765 137212166624960 book_end 1 0 0 0 0 0
2011887895007805 137212166624960 coll_beg 0 0 0 0 0 0
2011887895233007 137212166624960 coll_end 0 0 0 0 0 0
2011887895233057 137212166624960 rel_beg 1 0 0 0 0 0
2011887895233437 137212166624960 absorb 22 0 0 0 0 0
2011887895237107 137212166624960 rel_end 1 0 0 0 0 0
2011887895238697 137212166624960 wait_beg 0 0 0 0 0 0
2011887895278315 137212174624640 send 18 0 0 21 19 1
2011887895622233 137212174624640 send 431598 0 0 21 19 1
2011887895887823 137212174624640 send 364458 0 0 21 19 1
2011887895889153 137212174624640 send 14 0 0 21 19 1
2011887895889423 137212174624640 egress 22 1 0 19 0 0
2011887895257696 137212158232256 emit_beg 22 0 0 0 0 0
2011887895264086 137212158232256 dmg 0 1 0 0 1920 1080
2011887895264306 137212158232256 enc 21 21 1 -1 -1 0
2011887895317114 137212158232256 emit_end 22 0 0 0 0 0
2011887921713980 137212174624640 cliack 20 0 21 22 0 0
2011887921714110 137212174624640 ackregion 21 22 22 20 1 0
2011887925518751 137212166624960 wait_end 0 0 0 0 0 0
2011887925522211 137212166624960 drain_beg 0 0 0 0 0 0
2011887925522581 137212166624960 drain_end 1 0 0 0 0 0
2011887925522721 137212166624960 take 23 0 0 0 0 0
2011887925523271 137212166624960 subm_beg 1 0 0 0 0 0
2011887925523851 137212166624960 submit 23 0 0 0 0 0
2011887925524011 137212166624960 subm_end 1 0 0 0 0 0
2011887925524071 137212166624960 pump_beg 1 0 0 0 0 0
2011887925860548 137212166624960 feedend 22 0 0 0 0 0
2011887926077590 137212166624960 feedend 22 1 0 0 0 0
2011887932339212 137212166624960 outfirst 22 0 65536 0 0 0
2011887932454178 137212166624960 outfirst 22 1 65536 0 0 0
2011887932588773 137212166624960 pump_end 1 2 0 0 0 0
2011887932589033 137212166624960 join_beg 1 0 0 0 0 0
2011887932589623 137212166624960 join_end 0 0 0 0 0 0
2011887932589763 137212166624960 book_beg 1 0 0 0 0 0
2011887932589993 137212166624960 batch 23 1 1 2 2 0
2011887932590163 137212166624960 book_end 1 0 0 0 0 0
2011887932590193 137212166624960 coll_beg 0 0 0 0 0 0
2011887932921900 137212166624960 coll_end 0 0 0 0 0 0
2011887932921940 137212166624960 rel_beg 1 0 0 0 0 0
2011887932922220 137212166624960 absorb 23 0 0 0 0 0
2011887932925220 137212166624960 rel_end 1 0 0 0 0 0
2011887932926780 137212166624960 wait_beg 0 0 0 0 0 0
2011887925491732 137212174624640 msgin 23 12533760 0 0 0 0
2011887925493182 137212174624640 enq 23 1 0 0 0 0
2011887932961199 137212174624640 send 18 0 0 22 20 1
2011887933407723 137212174624640 send 550132 0 0 22 20 1
2011887933786509 137212174624640 send 482098 0 0 22 20 1
2011887933787929 137212174624640 send 14 0 0 22 20 1
2011887933788299 137212174624640 egress 23 1 0 20 0 0
2011887932944350 137212158232256 emit_beg 23 0 0 0 0 0
2011887932948199 137212158232256 dmg 0 1 0 0 1920 1080
2011887932948399 137212158232256 enc 22 22 1 -1 -1 0
2011887933018967 137212158232256 emit_end 23 0 0 0 0 0
2011887962761420 137212166624960 wait_end 0 0 0 0 0 0
2011887962764390 137212166624960 drain_beg 0 0 0 0 0 0
2011887962764710 137212166624960 drain_end 1 0 0 0 0 0
2011887962764870 137212166624960 take 24 0 0 0 0 0
2011887962765080 137212166624960 subm_beg 1 0 0 0 0 0
2011887962765470 137212166624960 submit 24 0 0 0 0 0
2011887962765640 137212166624960 subm_end 1 0 0 0 0 0
2011887962765690 137212166624960 pump_beg 1 0 0 0 0 0
2011887963086299 137212166624960 feedend 23 0 0 0 0 0
2011887963273322 137212166624960 feedend 23 1 0 0 0 0
2011887957616468 137212174624640 cliack 21 0 22 23 0 0
2011887957616638 137212174624640 ackregion 22 23 23 21 1 0
2011887962737331 137212174624640 msgin 24 12533760 0 0 0 0
2011887962738461 137212174624640 enq 24 1 0 0 0 0
2011887968262500 137212166624960 outfirst 23 1 65536 0 0 0
2011887968405484 137212166624960 outfirst 23 0 65536 0 0 0
2011887968452223 137212166624960 pump_end 1 2 0 0 0 0
2011887968452443 137212166624960 join_beg 1 0 0 0 0 0
2011887968452803 137212166624960 join_end 0 0 0 0 0 0
2011887968453003 137212166624960 book_beg 1 0 0 0 0 0
2011887968453253 137212166624960 batch 24 1 1 2 2 0
2011887968453353 137212166624960 book_end 1 0 0 0 0 0
2011887968453453 137212166624960 coll_beg 0 0 0 0 0 0
2011887968618467 137212166624960 coll_end 0 0 0 0 0 0
2011887968618577 137212166624960 rel_beg 1 0 0 0 0 0
2011887968618857 137212166624960 absorb 24 0 0 0 0 0
2011887968621917 137212166624960 rel_end 1 0 0 0 0 0
2011887968622886 137212166624960 wait_beg 0 0 0 0 0 0
2011887968676305 137212174624640 send 18 0 0 23 21 1
2011887968996393 137212174624640 send 373901 0 0 23 21 1
2011887969223025 137212174624640 send 305270 0 0 23 21 1
2011887969224265 137212174624640 send 14 0 0 23 21 1
2011887969224425 137212174624640 egress 24 1 0 21 0 0
2011887968641006 137212158232256 emit_beg 24 0 0 0 0 0
2011887968644196 137212158232256 dmg 0 1 0 0 1920 1080
2011887968644416 137212158232256 enc 23 23 1 -1 -1 0
2011887968684084 137212158232256 emit_end 24 0 0 0 0 0
2011887994268470 137212166624960 wait_end 0 0 0 0 0 0
2011887994272260 137212166624960 drain_beg 0 0 0 0 0 0
2011887994272610 137212166624960 drain_end 1 0 0 0 0 0
2011887994272770 137212166624960 take 25 0 0 0 0 0
2011887994273070 137212166624960 subm_beg 1 0 0 0 0 0
2011887994273430 137212166624960 submit 25 0 0 0 0 0
2011887994273580 137212166624960 subm_end 1 0 0 0 0 0
2011887994273610 137212166624960 pump_beg 1 0 0 0 0 0
2011887994596448 137212166624960 feedend 24 0 0 0 0 0
2011887994766422 137212166624960 feedend 24 1 0 0 0 0
2011887992062800 137212174624640 cliack 22 0 23 24 0 0
2011887992062910 137212174624640 ackregion 23 24 24 22 1 0
2011887994242741 137212174624640 msgin 25 12533760 0 0 0 0
2011887994243741 137212174624640 enq 25 1 0 0 0 0
2011888001554684 137212166624960 outfirst 24 1 65536 0 0 0
2011888002040956 137212166624960 outfirst 24 0 65536 0 0 0
2011888002116173 137212166624960 pump_end 1 2 0 0 0 0
2011888002116353 137212166624960 join_beg 1 0 0 0 0 0
2011888002116883 137212166624960 join_end 0 0 0 0 0 0
2011888002116963 137212166624960 book_beg 1 0 0 0 0 0
2011888002117143 137212166624960 batch 25 1 1 2 2 0
2011888002117233 137212166624960 book_end 1 0 0 0 0 0
2011888002117333 137212166624960 coll_beg 0 0 0 0 0 0
2011888002375304 137212166624960 coll_end 0 0 0 0 0 0
2011888002375414 137212166624960 rel_beg 1 0 0 0 0 0
2011888002375754 137212166624960 absorb 25 0 0 0 0 0
2011888002378334 137212166624960 rel_end 1 0 0 0 0 0
2011888002379074 137212166624960 wait_beg 0 0 0 0 0 0
2011888002418272 137212174624640 send 18 0 0 24 22 1
2011888003014580 137212174624640 send 575484 0 0 24 22 1
2011888003379377 137212174624640 send 500454 0 0 24 22 1
2011888003380607 137212174624640 send 14 0 0 24 22 1
2011888003380827 137212174624640 egress 25 1 0 22 0 0
2011888002397243 137212158232256 emit_beg 25 0 0 0 0 0
2011888002401863 137212158232256 dmg 0 1 0 0 1920 1080
2011888002402083 137212158232256 enc 24 24 1 -1 -1 0
2011888002488640 137212158232256 emit_end 25 0 0 0 0 0
2011888037956354 137212166624960 wait_end 0 0 0 0 0 0
2011888037959894 137212166624960 drain_beg 0 0 0 0 0 0
2011888037960224 137212166624960 drain_end 1 0 0 0 0 0
2011888037960424 137212166624960 take 26 0 0 0 0 0
2011888037960724 137212166624960 subm_beg 1 0 0 0 0 0
2011888037961344 137212166624960 submit 26 0 0 0 0 0
2011888037961514 137212166624960 subm_end 1 0 0 0 0 0
2011888037961564 137212166624960 pump_beg 1 0 0 0 0 0
2011888038268783 137212166624960 feedend 25 0 0 0 0 0
2011888038457066 137212166624960 feedend 25 1 0 0 0 0
2011888043997504 137212166624960 outfirst 25 1 65536 0 0 0
2011888044181337 137212166624960 outfirst 25 0 65536 0 0 0
2011888044468946 137212166624960 pump_end 1 2 0 0 0 0
2011888044473076 137212166624960 join_beg 1 0 0 0 0 0
2011888044473456 137212166624960 join_end 0 0 0 0 0 0
2011888044473526 137212166624960 book_beg 1 0 0 0 0 0
2011888044473686 137212166624960 batch 26 1 1 2 2 0
2011888044473796 137212166624960 book_end 1 0 0 0 0 0
2011888044473816 137212166624960 coll_beg 0 0 0 0 0 0
2011888044748366 137212166624960 coll_end 0 0 0 0 0 0
2011888044748446 137212166624960 rel_beg 1 0 0 0 0 0
2011888044748776 137212166624960 absorb 26 0 0 0 0 0
2011888044752456 137212166624960 rel_end 1 0 0 0 0 0
2011888044753886 137212166624960 wait_beg 0 0 0 0 0 0
2011888036639152 137212174624640 cliack 23 0 24 25 0 0
2011888036639392 137212174624640 ackregion 24 25 25 23 1 0
2011888037927115 137212174624640 msgin 26 12533760 0 0 0 0
2011888037928245 137212174624640 enq 26 1 0 0 0 0
2011888044792765 137212174624640 send 18 0 0 25 23 1
2011888045102433 137212174624640 send 390202 0 0 25 23 1
2011888045350664 137212174624640 send 339961 0 0 25 23 1
2011888045351844 137212174624640 send 14 0 0 25 23 1
2011888045352214 137212174624640 egress 26 1 0 23 0 0
2011888044770465 137212158232256 emit_beg 26 0 0 0 0 0
2011888044775575 137212158232256 dmg 0 1 0 0 1920 1080
2011888044775795 137212158232256 enc 25 25 1 -1 -1 0
2011888044815764 137212158232256 emit_end 26 0 0 0 0 0
2011888071233949 137212166624960 wait_end 0 0 0 0 0 0
2011888071236989 137212166624960 drain_beg 0 0 0 0 0 0
2011888071237379 137212166624960 drain_end 1 0 0 0 0 0
2011888071237549 137212166624960 take 27 0 0 0 0 0
2011888071238009 137212166624960 subm_beg 1 0 0 0 0 0
2011888071239219 137212166624960 submit 27 0 0 0 0 0
2011888071239279 137212166624960 subm_end 1 0 0 0 0 0
2011888071239329 137212166624960 pump_beg 1 0 0 0 0 0
2011888071527038 137212166624960 feedend 26 0 0 0 0 0
2011888071695452 137212166624960 feedend 26 1 0 0 0 0
2011888066002880 137212174624640 cliack 24 0 25 26 0 0
2011888066002970 137212174624640 ackregion 25 26 26 24 1 0
2011888071214400 137212174624640 msgin 27 12533760 0 0 0 0
2011888071215079 137212174624640 enq 27 1 0 0 0 0
2011888077974613 137212166624960 outfirst 26 0 65536 0 0 0
2011888079148640 137212166624960 outfirst 26 1 65536 0 0 0
2011888079235307 137212166624960 pump_end 1 2 0 0 0 0
2011888079235517 137212166624960 join_beg 1 0 0 0 0 0
2011888079235947 137212166624960 join_end 0 0 0 0 0 0
2011888079236057 137212166624960 book_beg 1 0 0 0 0 0
2011888079236477 137212166624960 batch 27 1 1 2 2 0
2011888079236557 137212166624960 book_end 1 0 0 0 0 0
2011888079236607 137212166624960 coll_beg 0 0 0 0 0 0
2011888079556535 137212166624960 coll_end 0 0 0 0 0 0
2011888079556605 137212166624960 rel_beg 1 0 0 0 0 0
2011888079557165 137212166624960 absorb 27 0 0 0 0 0
2011888079560055 137212166624960 rel_end 1 0 0 0 0 0
2011888079562385 137212166624960 wait_beg 0 0 0 0 0 0
2011888079611233 137212174624640 send 18 0 0 26 24 1
2011888079941481 137212174624640 send 432367 0 0 26 24 1
2011888080216841 137212174624640 send 386334 0 0 26 24 1
2011888080218111 137212174624640 send 14 0 0 26 24 1
2011888080218441 137212174624640 egress 27 1 0 24 0 0
2011888079573764 137212158232256 emit_beg 27 0 0 0 0 0
2011888079579454 137212158232256 dmg 0 1 0 0 1920 1080
2011888079579714 137212158232256 enc 26 26 1 -1 -1 0
2011888079643572 137212158232256 emit_end 27 0 0 0 0 0
2011888114373443 137212166624960 wait_end 0 0 0 0 0 0
2011888114379683 137212166624960 drain_beg 0 0 0 0 0 0
2011888114380003 137212166624960 drain_end 1 0 0 0 0 0
2011888114380383 137212166624960 take 28 0 0 0 0 0
2011888114381143 137212166624960 subm_beg 1 0 0 0 0 0
2011888114383183 137212166624960 submit 28 0 0 0 0 0
2011888114383353 137212166624960 subm_end 1 0 0 0 0 0
2011888114383413 137212166624960 pump_beg 1 0 0 0 0 0
2011888114705821 137212166624960 feedend 27 0 0 0 0 0
2011888114876355 137212166624960 feedend 27 1 0 0 0 0
2011888112486402 137212174624640 cliack 25 0 26 27 0 0
2011888112487222 137212174624640 ackregion 26 27 27 25 1 0
2011888114353614 137212174624640 msgin 28 12533760 0 0 0 0
2011888114354904 137212174624640 enq 28 1 0 0 0 0
2011888122317323 137212166624960 outfirst 27 1 65536 0 0 0
2011888123428733 137212166624960 outfirst 27 0 65536 0 0 0
2011888123522309 137212166624960 pump_end 1 2 0 0 0 0
2011888123522409 137212166624960 join_beg 1 0 0 0 0 0
2011888123522829 137212166624960 join_end 0 0 0 0 0 0
2011888123522909 137212166624960 book_beg 1 0 0 0 0 0
2011888123523419 137212166624960 batch 28 1 1 2 2 0
2011888123523459 137212166624960 book_end 1 0 0 0 0 0
2011888123523499 137212166624960 coll_beg 0 0 0 0 0 0
2011888123759810 137212166624960 coll_end 0 0 0 0 0 0
2011888123759870 137212166624960 rel_beg 1 0 0 0 0 0
2011888123760120 137212166624960 absorb 28 0 0 0 0 0
2011888123763280 137212166624960 rel_end 1 0 0 0 0 0
2011888123766250 137212166624960 wait_beg 0 0 0 0 0 0
2011888123816848 137212174624640 send 18 0 0 27 25 1
2011888124163076 137212174624640 send 465279 0 0 27 25 1
2011888124439346 137212174624640 send 388139 0 0 27 25 1
2011888124440766 137212174624640 send 14 0 0 27 25 1
2011888124440966 137212174624640 egress 28 1 0 25 0 0
2011888123772900 137212158232256 emit_beg 28 0 0 0 0 0
2011888123777660 137212158232256 dmg 0 1 0 0 1920 1080
2011888123777840 137212158232256 enc 27 27 1 -1 -1 0
2011888123841877 137212158232256 emit_end 28 0 0 0 0 0
2011888144057589 137212174624640 cliack 26 0 27 28 0 0
2011888144057859 137212174624640 ackregion 27 28 28 26 1 0
2011888147413317 137212166624960 wait_end 0 0 0 0 0 0
2011888147417696 137212166624960 drain_beg 0 0 0 0 0 0
2011888147418236 137212166624960 drain_end 1 0 0 0 0 0
2011888147418396 137212166624960 take 29 0 0 0 0 0
2011888147419116 137212166624960 subm_beg 1 0 0 0 0 0
2011888147420756 137212166624960 submit 29 0 0 0 0 0
2011888147420916 137212166624960 subm_end 1 0 0 0 0 0
2011888147420976 137212166624960 pump_beg 1 0 0 0 0 0
2011888147763764 137212166624960 feedend 28 0 0 0 0 0
2011888147980666 137212166624960 feedend 28 1 0 0 0 0
2011888154912003 137212166624960 outfirst 28 1 65536 0 0 0
2011888147381868 137212174624640 msgin 29 12533760 0 0 0 0
2011888147384338 137212174624640 enq 29 1 0 0 0 0
2011888156135848 137212166624960 outfirst 28 0 65536 0 0 0
2011888156198826 137212166624960 pump_end 1 2 0 0 0 0
2011888156199016 137212166624960 join_beg 1 0 0 0 0 0
2011888156199326 137212166624960 join_end 0 0 0 0 0 0
2011888156199486 137212166624960 book_beg 1 0 0 0 0 0
2011888156199796 137212166624960 batch 29 1 1 2 2 0
2011888156199966 137212166624960 book_end 1 0 0 0 0 0
2011888156200136 137212166624960 coll_beg 0 0 0 0 0 0
2011888156485695 137212166624960 coll_end 0 0 0 0 0 0
2011888156485975 137212166624960 rel_beg 1 0 0 0 0 0
2011888156486335 137212166624960 absorb 29 0 0 0 0 0
2011888156489905 137212166624960 rel_end 1 0 0 0 0 0
2011888156491275 137212166624960 wait_beg 0 0 0 0 0 0
2011888156537023 137212174624640 send 18 0 0 28 26 1
2011888156867061 137212174624640 send 429452 0 0 28 26 1
2011888157120302 137212174624640 send 340582 0 0 28 26 1
2011888157121432 137212174624640 send 14 0 0 28 26 1
2011888157121702 137212174624640 egress 29 1 0 26 0 0
2011888156510954 137212158232256 emit_beg 29 0 0 0 0 0
2011888156514884 137212158232256 dmg 0 1 0 0 1920 1080
2011888156515124 137212158232256 enc 28 28 1 -1 -1 0
2011888156566102 137212158232256 emit_end 29 0 0 0 0 0
2011888185083551 137212166624960 wait_end 0 0 0 0 0 0
2011888185087101 137212166624960 drain_beg 0 0 0 0 0 0
2011888185096030 137212166624960 drain_end 1 0 0 0 0 0
2011888185096210 137212166624960 take 30 0 0 0 0 0
2011888185096580 137212166624960 subm_beg 1 0 0 0 0 0
2011888185097390 137212166624960 submit 30 0 0 0 0 0
2011888185097480 137212166624960 subm_end 1 0 0 0 0 0
2011888185097540 137212166624960 pump_beg 1 0 0 0 0 0
2011888185423618 137212166624960 feedend 29 0 0 0 0 0
2011888185636211 137212166624960 feedend 29 1 0 0 0 0
2011888179584402 137212174624640 cliack 27 0 28 29 0 0
2011888179584482 137212174624640 ackregion 28 29 29 27 1 0
2011888185056832 137212174624640 msgin 30 12533760 0 0 0 0
2011888185058332 137212174624640 enq 30 1 0 0 0 0
2011888192860167 137212166624960 outfirst 29 1 65536 0 0 0
2011888193791093 137212166624960 outfirst 29 0 65536 0 0 0
2011888193844961 137212166624960 pump_end 1 2 0 0 0 0
2011888193845341 137212166624960 join_beg 1 0 0 0 0 0
2011888193845611 137212166624960 join_end 0 0 0 0 0 0
2011888193845671 137212166624960 book_beg 1 0 0 0 0 0
2011888193845991 137212166624960 batch 30 1 1 2 2 0
2011888193846041 137212166624960 book_end 1 0 0 0 0 0
2011888193846081 137212166624960 coll_beg 0 0 0 0 0 0
2011888194064753 137212166624960 coll_end 0 0 0 0 0 0
2011888194064803 137212166624960 rel_beg 1 0 0 0 0 0
2011888194065173 137212166624960 absorb 30 0 0 0 0 0
2011888194068463 137212166624960 rel_end 1 0 0 0 0 0
2011888194069743 137212166624960 wait_beg 0 0 0 0 0 0
2011888194103241 137212174624640 send 18 0 0 29 27 1
2011888194447329 137212174624640 send 437953 0 0 29 27 1
2011888194721069 137212174624640 send 370411 0 0 29 27 1
2011888194722259 137212174624640 send 14 0 0 29 27 1
2011888194722519 137212174624640 egress 30 1 0 27 0 0
2011888194087202 137212158232256 emit_beg 30 0 0 0 0 0
2011888194091802 137212158232256 dmg 0 1 0 0 1920 1080
2011888194091932 137212158232256 enc 29 29 1 -1 -1 0
2011888194145920 137212158232256 emit_end 30 0 0 0 0 0
2011888216289951 137212174624640 cliack 28 0 29 30 0 0
2011888216290161 137212174624640 ackregion 29 30 30 28 1 0
2011888221275009 137212166624960 wait_end 0 0 0 0 0 0
2011888221279469 137212166624960 drain_beg 0 0 0 0 0 0
2011888221279829 137212166624960 drain_end 1 0 0 0 0 0
2011888221280109 137212166624960 take 31 0 0 0 0 0
2011888221280919 137212166624960 subm_beg 1 0 0 0 0 0
2011888221282129 137212166624960 submit 31 0 0 0 0 0
2011888221282249 137212166624960 subm_end 1 0 0 0 0 0
2011888221282299 137212166624960 pump_beg 1 0 0 0 0 0
2011888221602017 137212166624960 feedend 30 0 0 0 0 0
2011888221784980 137212166624960 feedend 30 1 0 0 0 0
2011888221240270 137212174624640 msgin 31 12533760 0 0 0 0
2011888221246480 137212174624640 enq 31 1 0 0 0 0
2011888228482286 137212166624960 outfirst 30 1 65536 0 0 0
2011888229495999 137212166624960 outfirst 30 0 65536 0 0 0
2011888229559976 137212166624960 pump_end 1 2 0 0 0 0
2011888229560156 137212166624960 join_beg 1 0 0 0 0 0
2011888229560436 137212166624960 join_end 0 0 0 0 0 0
2011888229560646 137212166624960 book_beg 1 0 0 0 0 0
2011888229560946 137212166624960 batch 31 1 1 2 2 0
2011888229561096 137212166624960 book_end 1 0 0 0 0 0
2011888229561256 137212166624960 coll_beg 0 0 0 0 0 0
2011888229807637 137212166624960 coll_end 0 0 0 0 0 0
2011888229807797 137212166624960 rel_beg 1 0 0 0 0 0
2011888229808237 137212166624960 absorb 31 0 0 0 0 0
2011888229811847 137212166624960 rel_end 1 0 0 0 0 0
2011888229813487 137212166624960 wait_beg 0 0 0 0 0 0
2011888229854856 137212174624640 send 18 0 0 30 28 1
2011888230178994 137212174624640 send 394117 0 0 30 28 1
2011888230409665 137212174624640 send 316173 0 0 30 28 1
2011888230411045 137212174624640 send 14 0 0 30 28 1
2011888230411415 137212174624640 egress 31 1 0 28 0 0
2011888229832066 137212158232256 emit_beg 31 0 0 0 0 0
2011888229838286 137212158232256 dmg 0 1 0 0 1920 1080
2011888229838466 137212158232256 enc 30 30 1 -1 -1 0
2011888229887564 137212158232256 emit_end 31 0 0 0 0 0
2011888253962755 137212166624960 wait_end 0 0 0 0 0 0
2011888253968245 137212166624960 drain_beg 0 0 0 0 0 0
2011888253969125 137212166624960 drain_end 1 0 0 0 0 0
2011888253969305 137212166624960 take 32 0 0 0 0 0
2011888253969825 137212166624960 subm_beg 1 0 0 0 0 0
2011888253970965 137212166624960 submit 32 0 0 0 0 0
2011888253971125 137212166624960 subm_end 1 0 0 0 0 0
2011888253971185 137212166624960 pump_beg 1 0 0 0 0 0
2011888254292443 137212166624960 feedend 31 0 0 0 0 0
2011888254516375 137212166624960 feedend 31 1 0 0 0 0
2011888249587355 137212174624640 cliack 29 0 30 31 0 0
2011888249587635 137212174624640 ackregion 30 31 31 29 1 0
2011888253933746 137212174624640 msgin 32 12533760 0 0 0 0
2011888253935576 137212174624640 enq 32 1 0 0 0 0
2011888261250189 137212166624960 outfirst 31 1 65536 0 0 0
2011888262238783 137212166624960 outfirst 31 0 65536 0 0 0
2011888262355019 137212166624960 pump_end 1 2 0 0 0 0
2011888262355269 137212166624960 join_beg 1 0 0 0 0 0
2011888262355579 137212166624960 join_end 0 0 0 0 0 0
2011888262355639 137212166624960 book_beg 1 0 0 0 0 0
2011888262355899 137212166624960 batch 32 1 1 2 2 0
2011888262356009 137212166624960 book_end 1 0 0 0 0 0
2011888262356099 137212166624960 coll_beg 0 0 0 0 0 0
2011888262541812 137212166624960 coll_end 0 0 0 0 0 0
2011888262541922 137212166624960 rel_beg 1 0 0 0 0 0
2011888262542322 137212166624960 absorb 32 0 0 0 0 0
2011888262546202 137212166624960 rel_end 1 0 0 0 0 0
2011888262547092 137212166624960 wait_beg 0 0 0 0 0 0
2011888262577891 137212174624640 send 18 0 0 31 29 1
2011888262992165 137212174624640 send 395211 0 0 31 29 1
2011888263240226 137212174624640 send 321194 0 0 31 29 1
2011888263241516 137212174624640 send 14 0 0 31 29 1
2011888263241746 137212174624640 egress 32 1 0 29 0 0
2011888262550861 137212158232256 emit_beg 32 0 0 0 0 0
2011888262552861 137212158232256 dmg 0 1 0 0 1920 1080
2011888262552931 137212158232256 enc 31 31 1 -1 -1 0
2011888262601120 137212158232256 emit_end 32 0 0 0 0 0
2011888286922001 137212166624960 wait_end 0 0 0 0 0 0
2011888286924211 137212166624960 drain_beg 0 0 0 0 0 0
2011888286924491 137212166624960 drain_end 1 0 0 0 0 0
2011888286924641 137212166624960 take 33 0 0 0 0 0
2011888286924841 137212166624960 subm_beg 1 0 0 0 0 0
2011888286925391 137212166624960 submit 33 0 0 0 0 0
2011888286925441 137212166624960 subm_end 1 0 0 0 0 0
2011888286925491 137212166624960 pump_beg 1 0 0 0 0 0
2011888284605506 137212174624640 cliack 30 0 31 32 0 0
2011888284605686 137212174624640 ackregion 31 32 32 30 1 0
2011888286912422 137212174624640 msgin 33 12533760 0 0 0 0
2011888286912812 137212174624640 enq 33 1 0 0 0 0
2011888287234730 137212166624960 feedend 32 0 0 0 0 0
2011888287409384 137212166624960 feedend 32 1 0 0 0 0
2011888294505974 137212166624960 outfirst 32 1 65536 0 0 0
2011888295566006 137212166624960 outfirst 32 0 65536 0 0 0
2011888295648623 137212166624960 pump_end 1 2 0 0 0 0
2011888295649273 137212166624960 join_beg 1 0 0 0 0 0
2011888295649943 137212166624960 join_end 0 0 0 0 0 0
2011888295650143 137212166624960 book_beg 1 0 0 0 0 0
2011888295658182 137212166624960 batch 33 1 1 2 2 0
2011888295658282 137212166624960 book_end 1 0 0 0 0 0
2011888295658472 137212166624960 coll_beg 0 0 0 0 0 0
2011888295990120 137212166624960 coll_end 0 0 0 0 0 0
2011888295990210 137212166624960 rel_beg 1 0 0 0 0 0
2011888295990820 137212166624960 absorb 33 0 0 0 0 0
2011888295995600 137212166624960 rel_end 1 0 0 0 0 0
2011888295998980 137212166624960 wait_beg 0 0 0 0 0 0
2011888296060938 137212174624640 send 18 0 0 32 30 1
2011888296403705 137212174624640 send 424007 0 0 32 30 1
2011888296671835 137212174624640 send 355712 0 0 32 30 1
2011888296673135 137212174624640 send 14 0 0 32 30 1
2011888296673475 137212174624640 egress 33 1 0 30 0 0
2011888296023609 137212158232256 emit_beg 33 0 0 0 0 0
2011888296033409 137212158232256 dmg 0 1 0 0 1920 1080
2011888296033609 137212158232256 enc 32 32 1 -1 -1 0
2011888296095026 137212158232256 emit_end 33 0 0 0 0 0
2011888315200959 137212174624640 cliack 31 0 32 33 0 0
2011888315201819 137212174624640 ackregion 32 33 33 31 1 0
2011888317288762 137212166624960 wait_end 0 0 0 0 0 0
2011888317291512 137212166624960 drain_beg 0 0 0 0 0 0
2011888317292032 137212166624960 drain_end 1 0 0 0 0 0
2011888317292322 137212166624960 take 34 0 0 0 0 0
2011888317292792 137212166624960 subm_beg 1 0 0 0 0 0
2011888317294222 137212166624960 submit 34 0 0 0 0 0
2011888317294392 137212166624960 subm_end 1 0 0 0 0 0
2011888317294432 137212166624960 pump_beg 1 0 0 0 0 0
2011888317565152 137212166624960 feedend 33 0 0 0 0 0
2011888317712447 137212166624960 feedend 33 1 0 0 0 0
2011888325061978 137212166624960 outfirst 33 1 65536 0 0 0
2011888326445388 137212166624960 outfirst 33 0 65536 0 0 0
2011888326528545 137212166624960 pump_end 1 2 0 0 0 0
2011888326529035 137212166624960 join_beg 1 0 0 0 0 0
2011888326529885 137212166624960 join_end 0 0 0 0 0 0
2011888326530065 137212166624960 book_beg 1 0 0 0 0 0
2011888326530935 137212166624960 batch 34 1 1 2 2 0
2011888326530965 137212166624960 book_end 1 0 0 0 0 0
2011888326531005 137212166624960 coll_beg 0 0 0 0 0 0
2011888326781076 137212166624960 coll_end 0 0 0 0 0 0
2011888326781126 137212166624960 rel_beg 1 0 0 0 0 0
2011888326781756 137212166624960 absorb 34 0 0 0 0 0
2011888326788255 137212166624960 rel_end 1 0 0 0 0 0
2011888326790615 137212166624960 wait_beg 0 0 0 0 0 0
2011888317278113 137212174624640 msgin 34 12533760 0 0 0 0
2011888317278903 137212174624640 enq 34 1 0 0 0 0
2011888326854603 137212174624640 send 18 0 0 33 31 1
2011888327224489 137212174624640 send 497400 0 0 33 31 1
2011888326803405 137212158232256 emit_beg 34 0 0 0 0 0
2011888326811295 137212158232256 dmg 0 1 0 0 1920 1080
2011888326811515 137212158232256 enc 33 33 1 -1 -1 0
2011888326880812 137212158232256 emit_end 34 0 0 0 0 0
2011888327507099 137212174624640 send 397804 0 0 33 31 1
2011888327508499 137212174624640 send 14 0 0 33 31 1
2011888327508899 137212174624640 egress 34 1 0 31 0 0
2011888347068665 137212166624960 wait_end 0 0 0 0 0 0
2011888347073315 137212166624960 drain_beg 0 0 0 0 0 0
2011888347073795 137212166624960 drain_end 1 0 0 0 0 0
2011888347073985 137212166624960 take 35 0 0 0 0 0
2011888347074305 137212166624960 subm_beg 1 0 0 0 0 0
2011888347075484 137212166624960 submit 35 0 0 0 0 0
2011888347075554 137212166624960 subm_end 1 0 0 0 0 0
2011888347075604 137212166624960 pump_beg 1 0 0 0 0 0
2011888347359384 137212166624960 feedend 34 0 0 0 0 0
2011888346251305 137212174624640 cliack 32 0 33 34 0 0
2011888346252325 137212174624640 ackregion 33 34 34 32 1 0
2011888347039936 137212174624640 msgin 35 12533760 0 0 0 0
2011888347041136 137212174624640 enq 35 1 0 0 0 0
2011888347529808 137212166624960 feedend 34 1 0 0 0 0
2011888354606689 137212166624960 outfirst 34 1 65536 0 0 0
2011888355576724 137212166624960 outfirst 34 0 65536 0 0 0
2011888355643682 137212166624960 pump_end 1 2 0 0 0 0
2011888355643762 137212166624960 join_beg 1 0 0 0 0 0
2011888355644292 137212166624960 join_end 0 0 0 0 0 0
2011888355644392 137212166624960 book_beg 1 0 0 0 0 0
2011888355644562 137212166624960 batch 35 1 1 2 2 0
2011888355644612 137212166624960 book_end 1 0 0 0 0 0
2011888355644642 137212166624960 coll_beg 0 0 0 0 0 0
2011888355868943 137212166624960 coll_end 0 0 0 0 0 0
2011888355868983 137212166624960 rel_beg 1 0 0 0 0 0
2011888355869083 137212166624960 absorb 35 0 0 0 0 0
2011888355871423 137212166624960 rel_end 1 0 0 0 0 0
2011888355874883 137212166624960 wait_beg 0 0 0 0 0 0
2011888355925681 137212174624640 send 18 0 0 34 32 1
2011888356285568 137212174624640 send 429819 0 0 34 32 1
2011888356555938 137212174624640 send 360815 0 0 34 32 1
2011888356557388 137212174624640 send 14 0 0 34 32 1
2011888356557818 137212174624640 egress 35 1 0 32 0 0
2011888355887453 137212158232256 emit_beg 35 0 0 0 0 0
2011888355895802 137212158232256 dmg 0 1 0 0 1920 1080
2011888355896042 137212158232256 enc 34 34 1 -1 -1 0
2011888355963070 137212158232256 emit_end 35 0 0 0 0 0
2011888384596694 137212166624960 wait_end 0 0 0 0 0 0
2011888384600594 137212166624960 drain_beg 0 0 0 0 0 0
2011888384601284 137212166624960 drain_end 1 0 0 0 0 0
2011888384601474 137212166624960 take 36 0 0 0 0 0
2011888384602184 137212166624960 subm_beg 1 0 0 0 0 0
2011888384603604 137212166624960 submit 36 0 0 0 0 0
2011888384603784 137212166624960 subm_end 1 0 0 0 0 0
2011888384603844 137212166624960 pump_beg 1 0 0 0 0 0
2011888384937622 137212166624960 feedend 35 0 0 0 0 0
2011888385160953 137212166624960 feedend 35 1 0 0 0 0
2011888379839788 137212174624640 cliack 33 0 34 35 0 0
2011888379840228 137212174624640 ackregion 34 35 35 33 1 0
2011888384570305 137212174624640 msgin 36 12533760 0 0 0 0
2011888384571905 137212174624640 enq 36 1 0 0 0 0
2011888392642940 137212166624960 outfirst 35 1 65536 0 0 0
2011888393544257 137212166624960 outfirst 35 0 65536 0 0 0
2011888393620195 137212166624960 pump_end 1 2 0 0 0 0
2011888393620544 137212166624960 join_beg 1 0 0 0 0 0
2011888393621024 137212166624960 join_end 0 0 0 0 0 0
2011888393621114 137212166624960 book_beg 1 0 0 0 0 0
2011888393621504 137212166624960 batch 36 1 1 2 2 0
2011888393621694 137212166624960 book_end 1 0 0 0 0 0
2011888393621894 137212166624960 coll_beg 0 0 0 0 0 0
2011888393965762 137212166624960 coll_end 0 0 0 0 0 0
2011888393965922 137212166624960 rel_beg 1 0 0 0 0 0
2011888393966272 137212166624960 absorb 36 0 0 0 0 0
2011888393972192 137212166624960 rel_end 1 0 0 0 0 0
2011888393973742 137212166624960 wait_beg 0 0 0 0 0 0
2011888394041119 137212174624640 send 18 0 0 35 33 1
2011888394595419 137212174624640 send 470033 0 0 35 33 1
2011888394982405 137212174624640 send 392357 0 0 35 33 1
2011888394983845 137212174624640 send 14 0 0 35 33 1
2011888394984295 137212174624640 egress 36 1 0 33 0 0
2011888393992801 137212158232256 emit_beg 36 0 0 0 0 0
2011888393998361 137212158232256 dmg 0 1 0 0 1920 1080
2011888393998691 137212158232256 enc 35 35 1 -1 -1 0
2011888394067918 137212158232256 emit_end 36 0 0 0 0 0
2011888421481757 137212166624960 wait_end 0 0 0 0 0 0
2011888421484447 137212166624960 drain_beg 0 0 0 0 0 0
2011888421484817 137212166624960 drain_end 1 0 0 0 0 0
2011888421484997 137212166624960 take 37 0 0 0 0 0
2011888421485377 137212166624960 subm_beg 1 0 0 0 0 0
2011888421494177 137212166624960 submit 37 0 0 0 0 0
2011888421494297 137212166624960 subm_end 1 0 0 0 0 0
2011888421494457 137212166624960 pump_beg 1 0 0 0 0 0
2011888421827324 137212166624960 feedend 36 0 0 0 0 0
2011888422022717 137212166624960 feedend 36 1 0 0 0 0
2011888418545654 137212174624640 cliack 34 0 35 36 0 0
2011888418545774 137212174624640 ackregion 35 36 36 34 1 0
2011888421456778 137212174624640 msgin 37 12533760 0 0 0 0
2011888421457328 137212174624640 enq 37 1 0 0 0 0
2011888430263406 137212166624960 outfirst 36 1 65536 0 0 0
2011888431380126 137212166624960 outfirst 36 0 65536 0 0 0
2011888431467192 137212166624960 pump_end 1 2 0 0 0 0
2011888431467562 137212166624960 join_beg 1 0 0 0 0 0
2011888431467982 137212166624960 join_end 0 0 0 0 0 0
2011888431468102 137212166624960 book_beg 1 0 0 0 0 0
2011888431468522 137212166624960 batch 37 1 1 2 2 0
2011888431468582 137212166624960 book_end 1 0 0 0 0 0
2011888431468662 137212166624960 coll_beg 0 0 0 0 0 0
2011888431856228 137212166624960 coll_end 0 0 0 0 0 0
2011888431856278 137212166624960 rel_beg 1 0 0 0 0 0
2011888431856688 137212166624960 absorb 37 0 0 0 0 0
2011888431861748 137212166624960 rel_end 1 0 0 0 0 0
2011888431863798 137212166624960 wait_beg 0 0 0 0 0 0
2011888431904666 137212174624640 send 18 0 0 36 34 1
2011888432558032 137212174624640 send 543663 0 0 36 34 1
2011888433038405 137212174624640 send 448871 0 0 36 34 1
2011888433039935 137212174624640 send 14 0 0 36 34 1
2011888433040375 137212174624640 egress 37 1 0 34 0 0
2011888431871238 137212158232256 emit_beg 37 0 0 0 0 0
2011888431874697 137212158232256 dmg 0 1 0 0 1920 1080
2011888431874877 137212158232256 enc 36 36 1 -1 -1 0
2011888431961964 137212158232256 emit_end 37 0 0 0 0 0
2011888457915896 137212166624960 wait_end 0 0 0 0 0 0
2011888457920516 137212166624960 drain_beg 0 0 0 0 0 0
2011888457920966 137212166624960 drain_end 1 0 0 0 0 0
2011888457921186 137212166624960 take 38 0 0 0 0 0
2011888457922036 137212166624960 subm_beg 1 0 0 0 0 0
2011888457923056 137212166624960 submit 38 0 0 0 0 0
2011888457923206 137212166624960 subm_end 1 0 0 0 0 0
2011888457923246 137212166624960 pump_beg 1 0 0 0 0 0
2011888452896690 137212174624640 cliack 35 0 36 37 0 0
2011888452896830 137212174624640 ackregion 36 37 37 35 1 0
2011888457893857 137212174624640 msgin 38 12533760 0 0 0 0
2011888457894887 137212174624640 enq 38 1 0 0 0 0
2011888458260174 137212166624960 feedend 37 0 0 0 0 0
2011888458481366 137212166624960 feedend 37 1 0 0 0 0
2011888465355265 137212166624960 outfirst 37 1 65536 0 0 0
2011888466643948 137212166624960 outfirst 37 0 65536 0 0 0
2011888466707425 137212166624960 pump_end 1 2 0 0 0 0
2011888466707655 137212166624960 join_beg 1 0 0 0 0 0
2011888466708055 137212166624960 join_end 0 0 0 0 0 0
2011888466708235 137212166624960 book_beg 1 0 0 0 0 0
2011888466708735 137212166624960 batch 38 1 1 2 2 0
2011888466708795 137212166624960 book_end 1 0 0 0 0 0
2011888466708865 137212166624960 coll_beg 0 0 0 0 0 0
2011888466977105 137212166624960 coll_end 0 0 0 0 0 0
2011888466977155 137212166624960 rel_beg 1 0 0 0 0 0
2011888466977585 137212166624960 absorb 38 0 0 0 0 0
2011888466981785 137212166624960 rel_end 1 0 0 0 0 0
2011888466983335 137212166624960 wait_beg 0 0 0 0 0 0
2011888467027224 137212174624640 send 18 0 0 37 35 1
2011888467369551 137212174624640 send 428269 0 0 37 35 1
2011888467612012 137212174624640 send 330156 0 0 37 35 1
2011888467613692 137212174624640 send 14 0 0 37 35 1
2011888467614142 137212174624640 egress 38 1 0 35 0 0
2011888467003094 137212158232256 emit_beg 38 0 0 0 0 0
2011888467011944 137212158232256 dmg 0 1 0 0 1920 1080
2011888467012084 137212158232256 enc 37 37 1 -1 -1 0
2011888467067322 137212158232256 emit_end 38 0 0 0 0 0
2011888495970537 137212166624960 wait_end 0 0 0 0 0 0
2011888495973496 137212166624960 drain_beg 0 0 0 0 0 0
2011888495973806 137212166624960 drain_end 1 0 0 0 0 0
2011888495973986 137212166624960 take 39 0 0 0 0 0
2011888495974246 137212166624960 subm_beg 1 0 0 0 0 0
2011888495974806 137212166624960 submit 39 0 0 0 0 0
2011888495975016 137212166624960 subm_end 1 0 0 0 0 0
2011888495975066 137212166624960 pump_beg 1 0 0 0 0 0
2011888496300274 137212166624960 feedend 38 0 0 0 0 0
2011888496499707 137212166624960 feedend 38 1 0 0 0 0
2011888490206857 137212174624640 cliack 36 0 37 38 0 0
2011888490206947 137212174624640 ackregion 37 38 38 36 1 0
2011888495952647 137212174624640 msgin 39 12533760 0 0 0 0
2011888495953287 137212174624640 enq 39 1 0 0 0 0
2011888504202916 137212166624960 outfirst 38 1 65536 0 0 0
2011888505080244 137212166624960 outfirst 38 0 65536 0 0 0
2011888505141222 137212166624960 pump_end 1 2 0 0 0 0
2011888505141412 137212166624960 join_beg 1 0 0 0 0 0
2011888505141702 137212166624960 join_end 0 0 0 0 0 0
2011888505141872 137212166624960 book_beg 1 0 0 0 0 0
2011888505142162 137212166624960 batch 39 1 1 2 2 0
2011888505142302 137212166624960 book_end 1 0 0 0 0 0
2011888505142452 137212166624960 coll_beg 0 0 0 0 0 0
2011888505370083 137212166624960 coll_end 0 0 0 0 0 0
2011888505370243 137212166624960 rel_beg 1 0 0 0 0 0
2011888505370523 137212166624960 absorb 39 0 0 0 0 0
2011888505373473 137212166624960 rel_end 1 0 0 0 0 0
2011888505374713 137212166624960 wait_beg 0 0 0 0 0 0
2011888505429191 137212174624640 send 18 0 0 38 36 1
2011888505976441 137212174624640 send 469294 0 0 38 36 1
2011888506438564 137212174624640 send 406426 0 0 38 36 1
2011888506440734 137212174624640 send 14 0 0 38 36 1
2011888506441134 137212174624640 egress 39 1 0 36 0 0
2011888505394182 137212158232256 emit_beg 39 0 0 0 0 0
2011888505399502 137212158232256 dmg 0 1 0 0 1920 1080
2011888505399682 137212158232256 enc 38 38 1 -1 -1 0
2011888505466980 137212158232256 emit_end 39 0 0 0 0 0
2011888534171971 137212166624960 wait_end 0 0 0 0 0 0
2011888534175071 137212166624960 drain_beg 0 0 0 0 0 0
2011888534175551 137212166624960 drain_end 1 0 0 0 0 0
2011888534175731 137212166624960 take 40 0 0 0 0 0
2011888534176081 137212166624960 subm_beg 1 0 0 0 0 0
2011888534177191 137212166624960 submit 40 0 0 0 0 0
2011888534177301 137212166624960 subm_end 1 0 0 0 0 0
2011888534177361 137212166624960 pump_beg 1 0 0 0 0 0
2011888534473980 137212166624960 feedend 39 0 0 0 0 0
2011888534657803 137212166624960 feedend 39 1 0 0 0 0
2011888532989314 137212174624640 cliack 37 0 38 39 0 0
2011888532989404 137212174624640 ackregion 38 39 39 37 1 0
2011888534147322 137212174624640 msgin 40 12533760 0 0 0 0
2011888534148152 137212174624640 enq 40 1 0 0 0 0
2011888542042804 137212166624960 outfirst 39 1 65536 0 0 0
2011888543056507 137212166624960 outfirst 39 0 65536 0 0 0
2011888543124414 137212166624960 pump_end 1 2 0 0 0 0
2011888543124514 137212166624960 join_beg 1 0 0 0 0 0
2011888543124744 137212166624960 join_end 0 0 0 0 0 0
2011888543125104 137212166624960 book_beg 1 0 0 0 0 0
2011888543125464 137212166624960 batch 40 1 1 2 2 0
2011888543125494 137212166624960 book_end 1 0 0 0 0 0
2011888543129624 137212166624960 coll_beg 0 0 0 0 0 0
2011888543464212 137212166624960 coll_end 0 0 0 0 0 0
2011888543464252 137212166624960 rel_beg 1 0 0 0 0 0
2011888543464342 137212166624960 absorb 40 0 0 0 0 0
2011888543466832 137212166624960 rel_end 1 0 0 0 0 0
2011888543468312 137212166624960 wait_beg 0 0 0 0 0 0
2011888543516420 137212174624640 send 18 0 0 39 37 1
2011888544070710 137212174624640 send 451722 0 0 39 37 1
2011888544493744 137212174624640 send 376015 0 0 39 37 1
2011888544500724 137212174624640 send 14 0 0 39 37 1
2011888544500984 137212174624640 egress 40 1 0 37 0 0
2011888543489021 137212158232256 emit_beg 40 0 0 0 0 0
2011888543494631 137212158232256 dmg 0 1 0 0 1920 1080
2011888543495231 137212158232256 enc 39 39 1 -1 -1 0
2011888543554329 137212158232256 emit_end 40 0 0 0 0 0
2011888568244467 137212166624960 wait_end 0 0 0 0 0 0
2011888568247867 137212166624960 drain_beg 0 0 0 0 0 0
2011888568248287 137212166624960 drain_end 1 0 0 0 0 0
2011888568248447 137212166624960 take 41 0 0 0 0 0
2011888568249037 137212166624960 subm_beg 1 0 0 0 0 0
2011888568249907 137212166624960 submit 41 0 0 0 0 0
2011888568250047 137212166624960 subm_end 1 0 0 0 0 0
2011888568250217 137212166624960 pump_beg 1 0 0 0 0 0
2011888568560975 137212166624960 feedend 40 0 0 0 0 0
2011888568751488 137212166624960 feedend 40 1 0 0 0 0
2011888565941041 137212174624640 cliack 38 0 39 40 0 0
2011888565941131 137212174624640 ackregion 39 40 40 38 1 0
2011888568231717 137212174624640 msgin 41 12533760 0 0 0 0
2011888568232167 137212174624640 enq 41 1 0 0 0 0
2011888575894397 137212166624960 outfirst 40 1 65536 0 0 0
2011888576786135 137212166624960 outfirst 40 0 65536 0 0 0
2011888576903851 137212166624960 pump_end 1 2 0 0 0 0
2011888576904461 137212166624960 join_beg 1 0 0 0 0 0
2011888576905480 137212166624960 join_end 0 0 0 0 0 0
2011888576905560 137212166624960 book_beg 1 0 0 0 0 0
2011888576906350 137212166624960 batch 41 1 1 2 2 0
2011888576906520 137212166624960 book_end 1 0 0 0 0 0
2011888576906690 137212166624960 coll_beg 0 0 0 0 0 0
2011888577327645 137212166624960 coll_end 0 0 0 0 0 0
2011888577327855 137212166624960 rel_beg 1 0 0 0 0 0
2011888577328415 137212166624960 absorb 41 0 0 0 0 0
2011888577332345 137212166624960 rel_end 1 0 0 0 0 0
2011888577334745 137212166624960 wait_beg 0 0 0 0 0 0
2011888577379793 137212174624640 send 18 0 0 40 38 1
2011888577848096 137212174624640 send 427325 0 0 40 38 1
2011888578118166 137212174624640 send 367322 0 0 40 38 1
2011888578119356 137212174624640 send 14 0 0 40 38 1
2011888578119696 137212174624640 egress 41 1 0 38 0 0
2011888577348514 137212158232256 emit_beg 41 0 0 0 0 0
2011888577354874 137212158232256 dmg 0 1 0 0 1920 1080
2011888577355054 137212158232256 enc 40 40 1 -1 -1 0
2011888577407542 137212158232256 emit_end 41 0 0 0 0 0
2011888605644041 137212166624960 wait_end 0 0 0 0 0 0
2011888605647581 137212166624960 drain_beg 0 0 0 0 0 0
2011888605647941 137212166624960 drain_end 1 0 0 0 0 0
2011888605648131 137212166624960 take 42 0 0 0 0 0
2011888605648611 137212166624960 subm_beg 1 0 0 0 0 0
2011888605649421 137212166624960 submit 42 0 0 0 0 0
2011888605649591 137212166624960 subm_end 1 0 0 0 0 0
2011888605649741 137212166624960 pump_beg 1 0 0 0 0 0
2011888605959899 137212166624960 feedend 41 0 0 0 0 0
2011888606172452 137212166624960 feedend 41 1 0 0 0 0
2011888603703412 137212174624640 cliack 39 0 40 41 0 0
2011888603703672 137212174624640 ackregion 40 41 41 39 1 0
2011888605625372 137212174624640 msgin 42 12533760 0 0 0 0
2011888605625932 137212174624640 enq 42 1 0 0 0 0
2011888612536569 137212166624960 outfirst 41 1 65536 0 0 0
2011888613278172 137212166624960 outfirst 41 0 65536 0 0 0
2011888613340290 137212166624960 pump_end 1 2 0 0 0 0
2011888613340500 137212166624960 join_beg 1 0 0 0 0 0
2011888613340860 137212166624960 join_end 0 0 0 0 0 0
2011888613341110 137212166624960 book_beg 1 0 0 0 0 0
2011888613341450 137212166624960 batch 42 1 1 2 2 0
2011888613341600 137212166624960 book_end 1 0 0 0 0 0
2011888613341760 137212166624960 coll_beg 0 0 0 0 0 0
2011888613589341 137212166624960 coll_end 0 0 0 0 0 0
2011888613589531 137212166624960 rel_beg 1 0 0 0 0 0
2011888613590261 137212166624960 absorb 42 0 0 0 0 0
2011888613593181 137212166624960 rel_end 1 0 0 0 0 0
2011888613595281 137212166624960 wait_beg 0 0 0 0 0 0
2011888613646039 137212174624640 send 18 0 0 41 39 1
2011888614052494 137212174624640 send 327210 0 0 41 39 1
2011888614357713 137212174624640 send 272487 0 0 41 39 1
2011888614359763 137212174624640 send 14 0 0 41 39 1
2011888614359923 137212174624640 egress 42 1 0 39 0 0
2011888613615100 137212158232256 emit_beg 42 0 0 0 0 0
2011888613622140 137212158232256 dmg 0 1 0 0 1920 1080
2011888613622480 137212158232256 enc 41 41 1 -1 -1 0
2011888613687607 137212158232256 emit_end 42 0 0 0 0 0
2011888642621840 137212166624960 wait_end 0 0 0 0 0 0
2011888642625720 137212166624960 drain_beg 0 0 0 0 0 0
2011888642626180 137212166624960 drain_end 1 0 0 0 0 0
2011888642626480 137212166624960 take 43 0 0 0 0 0
2011888642626880 137212166624960 subm_beg 1 0 0 0 0 0
2011888642627850 137212166624960 submit 43 0 0 0 0 0
2011888642628100 137212166624960 subm_end 1 0 0 0 0 0
2011888642628150 137212166624960 pump_beg 1 0 0 0 0 0
2011888642997097 137212166624960 feedend 42 0 0 0 0 0
2011888643233188 137212166624960 feedend 42 1 0 0 0 0
2011888639272083 137212174624640 cliack 40 0 41 42 0 0
2011888639272183 137212174624640 ackregion 41 42 42 40 1 0
2011888642606831 137212174624640 msgin 43 12533760 0 0 0 0
2011888642607181 137212174624640 enq 43 1 0 0 0 0
2011888650269961 137212166624960 outfirst 42 1 65536 0 0 0
2011888651562744 137212166624960 outfirst 42 0 65536 0 0 0
2011888651676120 137212166624960 pump_end 1 2 0 0 0 0
2011888651676500 137212166624960 join_beg 1 0 0 0 0 0
2011888651677070 137212166624960 join_end 0 0 0 0 0 0
2011888651677130 137212166624960 book_beg 1 0 0 0 0 0
2011888651677840 137212166624960 batch 43 1 1 2 2 0
2011888651677990 137212166624960 book_end 1 0 0 0 0 0
2011888651678140 137212166624960 coll_beg 0 0 0 0 0 0
2011888651967349 137212166624960 coll_end 0 0 0 0 0 0
2011888651967549 137212166624960 rel_beg 1 0 0 0 0 0
2011888651968149 137212166624960 absorb 43 0 0 0 0 0
2011888651971779 137212166624960 rel_end 1 0 0 0 0 0
2011888651975839 137212166624960 wait_beg 0 0 0 0 0 0
2011888652071425 137212174624640 send 18 0 0 42 40 1
2011888652639994 137212174624640 send 477686 0 0 42 40 1
2011888652954503 137212174624640 send 363589 0 0 42 40 1
2011888652955753 137212174624640 send 14 0 0 42 40 1
2011888652956043 137212174624640 egress 43 1 0 40 0 0
2011888651982438 137212158232256 emit_beg 43 0 0 0 0 0
2011888651986588 137212158232256 dmg 0 1 0 0 1920 1080
2011888651986788 137212158232256 enc 42 42 1 -1 -1 0
2011888652062336 137212158232256 emit_end 43 0 0 0 0 0
2011888675491220 137212166624960 wait_end 0 0 0 0 0 0
2011888675494870 137212166624960 drain_beg 0 0 0 0 0 0
2011888675495210 137212166624960 drain_end 1 0 0 0 0 0
2011888675495390 137212166624960 take 44 0 0 0 0 0
2011888675495820 137212166624960 subm_beg 1 0 0 0 0 0
2011888675496500 137212166624960 submit 44 0 0 0 0 0
2011888675496680 137212166624960 subm_end 1 0 0 0 0 0
2011888675496740 137212166624960 pump_beg 1 0 0 0 0 0
2011888675869136 137212166624960 feedend 43 0 0 0 0 0
2011888676098658 137212166624960 feedend 43 1 0 0 0 0
2011888673692116 137212174624640 cliack 41 0 42 43 0 0
2011888673692546 137212174624640 ackregion 42 43 43 41 1 0
2011888675474340 137212174624640 msgin 44 12533760 0 0 0 0
2011888675474670 137212174624640 enq 44 1 0 0 0 0
2011888684544339 137212166624960 outfirst 43 1 65536 0 0 0
2011888685328281 137212166624960 outfirst 43 0 65536 0 0 0
2011888685444656 137212166624960 pump_end 1 2 0 0 0 0
2011888685444906 137212166624960 join_beg 1 0 0 0 0 0
2011888685445156 137212166624960 join_end 0 0 0 0 0 0
2011888685445236 137212166624960 book_beg 1 0 0 0 0 0
2011888685445946 137212166624960 batch 44 1 1 2 2 0
2011888685446116 137212166624960 book_end 1 0 0 0 0 0
2011888685446166 137212166624960 coll_beg 0 0 0 0 0 0
2011888685846512 137212166624960 coll_end 0 0 0 0 0 0
2011888685846582 137212166624960 rel_beg 1 0 0 0 0 0
2011888685847032 137212166624960 absorb 44 0 0 0 0 0
2011888685850162 137212166624960 rel_end 1 0 0 0 0 0
2011888685851601 137212166624960 wait_beg 0 0 0 0 0 0
2011888685880490 137212174624640 send 18 0 0 43 41 1
2011888686314745 137212174624640 send 536841 0 0 43 41 1
2011888686677621 137212174624640 send 481576 0 0 43 41 1
2011888686678821 137212174624640 send 14 0 0 43 41 1
2011888686679121 137212174624640 egress 44 1 0 41 0 0
2011888685855341 137212158232256 emit_beg 44 0 0 0 0 0
2011888685858101 137212158232256 dmg 0 1 0 0 1920 1080
2011888685858361 137212158232256 enc 43 43 1 -1 -1 0
2011888685933089 137212158232256 emit_end 44 0 0 0 0 0
2011888699545221 137212174624640 cliack 42 0 43 44 0 0
2011888699545531 137212174624640 ackregion 43 44 44 42 1 0
2011888703965380 137212166624960 wait_end 0 0 0 0 0 0
2011888703968790 137212166624960 drain_beg 0 0 0 0 0 0
2011888703969060 137212166624960 drain_end 1 0 0 0 0 0
2011888703969250 137212166624960 take 45 0 0 0 0 0
2011888703969600 137212166624960 subm_beg 1 0 0 0 0 0
2011888703970340 137212166624960 submit 45 0 0 0 0 0
2011888703970510 137212166624960 subm_end 1 0 0 0 0 0
2011888703970570 137212166624960 pump_beg 1 0 0 0 0 0
2011888704326937 137212166624960 feedend 44 0 0 0 0 0
2011888704565088 137212166624960 feedend 44 1 0 0 0 0
2011888703950251 137212174624640 msgin 45 12533760 0 0 0 0
2011888703950831 137212174624640 enq 45 1 0 0 0 0
2011888712310515 137212166624960 outfirst 44 1 65536 0 0 0
2011888712683022 137212166624960 outfirst 44 0 65536 0 0 0
2011888712757889 137212166624960 pump_end 1 2 0 0 0 0
2011888712758149 137212166624960 join_beg 1 0 0 0 0 0
2011888712758369 137212166624960 join_end 0 0 0 0 0 0
2011888712758549 137212166624960 book_beg 1 0 0 0 0 0
2011888712758819 137212166624960 batch 45 1 1 2 2 0
2011888712758989 137212166624960 book_end 1 0 0 0 0 0
2011888712759159 137212166624960 coll_beg 0 0 0 0 0 0
2011888713082207 137212166624960 coll_end 0 0 0 0 0 0
2011888713082407 137212166624960 rel_beg 1 0 0 0 0 0
2011888713082757 137212166624960 absorb 45 0 0 0 0 0
2011888713085097 137212166624960 rel_end 1 0 0 0 0 0
2011888713086647 137212166624960 wait_beg 0 0 0 0 0 0
2011888713111006 137212174624640 send 18 0 0 44 42 1
2011888713452024 137212174624640 send 436441 0 0 44 42 1
2011888713741683 137212174624640 send 407412 0 0 44 42 1
2011888713742803 137212174624640 send 14 0 0 44 42 1
2011888713743133 137212174624640 egress 45 1 0 42 0 0
2011888713092347 137212158232256 emit_beg 45 0 0 0 0 0
2011888713095747 137212158232256 dmg 0 1 0 0 1920 1080
2011888713095927 137212158232256 enc 44 44 1 -1 -1 0
2011888713163164 137212158232256 emit_end 45 0 0 0 0 0
2011888735925383 137212174624640 cliack 43 0 44 45 0 0
2011888735925683 137212174624640 ackregion 44 45 45 43 1 0
2011888740657950 137212166624960 wait_end 0 0 0 0 0 0
2011888740662230 137212166624960 drain_beg 0 0 0 0 0 0
2011888740662680 137212166624960 drain_end 1 0 0 0 0 0
2011888740663010 137212166624960 take 46 0 0 0 0 0
2011888740663370 137212166624960 subm_beg 1 0 0 0 0 0
2011888740664420 137212166624960 submit 46 0 0 0 0 0
2011888740664560 137212166624960 subm_end 1 0 0 0 0 0
2011888740664640 137212166624960 pump_beg 1 0 0 0 0 0
2011888741031196 137212166624960 feedend 45 0 0 0 0 0
2011888741069435 137212166624960 feedend 45 1 0 0 0 0
2011888748466035 137212166624960 outfirst 45 1 65536 0 0 0
2011888749789406 137212166624960 outfirst 45 0 65536 0 0 0
2011888749967330 137212166624960 pump_end 1 2 0 0 0 0
2011888749967590 137212166624960 join_beg 1 0 0 0 0 0
2011888749967850 137212166624960 join_end 0 0 0 0 0 0
2011888749967940 137212166624960 book_beg 1 0 0 0 0 0
2011888749968330 137212166624960 batch 46 1 1 2 2 0
2011888749968490 137212166624960 book_end 1 0 0 0 0 0
2011888749968660 137212166624960 coll_beg 0 0 0 0 0 0
2011888740631311 137212174624640 msgin 46 12533760 0 0 0 0
2011888740631571 137212174624640 enq 46 1 0 0 0 0
2011888750305407 137212166624960 coll_end 0 0 0 0 0 0
2011888750305817 137212166624960 rel_beg 1 0 0 0 0 0
2011888750306247 137212166624960 absorb 46 0 0 0 0 0
2011888750308347 137212166624960 rel_end 1 0 0 0 0 0
2011888750309427 137212166624960 wait_beg 0 0 0 0 0 0
2011888750346316 137212174624640 send 18 0 0 45 43 1
2011888750713563 137212174624640 send 467970 0 0 45 43 1
2011888750983573 137212174624640 send 386579 0 0 45 43 1
2011888750984803 137212174624640 send 14 0 0 45 43 1
2011888750984983 137212174624640 egress 46 1 0 43 0 0
2011888750325497 137212158232256 emit_beg 46 0 0 0 0 0
2011888750328837 137212158232256 dmg 0 1 0 0 1920 1080
2011888750329027 137212158232256 enc 45 45 1 -1 -1 0
2011888750393464 137212158232256 emit_end 46 0 0 0 0 0
2011888779876618 137212174624640 cliack 44 0 45 46 0 0
2011888779876928 137212174624640 ackregion 45 46 46 44 1 0
2011888783759846 137212166624960 wait_end 0 0 0 0 0 0
2011888783763845 137212166624960 drain_beg 0 0 0 0 0 0
2011888783764145 137212166624960 drain_end 1 0 0 0 0 0
2011888783764385 137212166624960 take 47 0 0 0 0 0
2011888783764825 137212166624960 subm_beg 1 0 0 0 0 0
2011888783765285 137212166624960 submit 47 0 0 0 0 0
2011888783765475 137212166624960 subm_end 1 0 0 0 0 0
2011888783765555 137212166624960 pump_beg 1 0 0 0 0 0
2011888784119912 137212166624960 feedend 46 0 0 0 0 0
2011888784385063 137212166624960 feedend 46 1 0 0 0 0
2011888783741746 137212174624640 msgin 47 12533760 0 0 0 0
2011888783742076 137212174624640 enq 47 1 0 0 0 0
2011888791461954 137212166624960 outfirst 46 1 65536 0 0 0
2011888792384231 137212166624960 outfirst 46 0 65536 0 0 0
2011888792470068 137212166624960 pump_end 1 2 0 0 0 0
2011888792470398 137212166624960 join_beg 1 0 0 0 0 0
2011888792470908 137212166624960 join_end 0 0 0 0 0 0
2011888792471258 137212166624960 book_beg 1 0 0 0 0 0
2011888792471857 137212166624960 batch 47 1 1 2 2 0
2011888792472067 137212166624960 book_end 1 0 0 0 0 0
2011888792472247 137212166624960 coll_beg 0 0 0 0 0 0
2011888792779816 137212166624960 coll_end 0 0 0 0 0 0
2011888792780016 137212166624960 rel_beg 1 0 0 0 0 0
2011888792785336 137212166624960 absorb 47 0 0 0 0 0
2011888792788486 137212166624960 rel_end 1 0 0 0 0 0
2011888792790956 137212166624960 wait_beg 0 0 0 0 0 0
2011888792844734 137212174624640 send 18 0 0 46 44 1
2011888793170982 137212174624640 send 429143 0 0 46 44 1
2011888793419603 137212174624640 send 355884 0 0 46 44 1
2011888793420843 137212174624640 send 14 0 0 46 44 1
2011888793421353 137212174624640 egress 47 1 0 44 0 0
2011888792809795 137212158232256 emit_beg 47 0 0 0 0 0
2011888792817155 137212158232256 dmg 0 1 0 0 1920 1080
2011888792817315 137212158232256 enc 46 46 1 -1 -1 0
2011888792874053 137212158232256 emit_end 47 0 0 0 0 0
2011888820055730 137212166624960 wait_end 0 0 0 0 0 0
2011888820059600 137212166624960 drain_beg 0 0 0 0 0 0
2011888820059910 137212166624960 drain_end 1 0 0 0 0 0
2011888820060080 137212166624960 take 48 0 0 0 0 0
2011888820060600 137212166624960 subm_beg 1 0 0 0 0 0
2011888820061100 137212166624960 submit 48 0 0 0 0 0
2011888820061290 137212166624960 subm_end 1 0 0 0 0 0
2011888820061370 137212166624960 pump_beg 1 0 0 0 0 0
2011888820411547 137212166624960 feedend 47 0 0 0 0 0
2011888816363345 137212174624640 cliack 45 0 46 47 0 0
2011888816363655 137212174624640 ackregion 46 47 47 45 1 0
2011888820041961 137212174624640 msgin 48 12533760 0 0 0 0
2011888820042411 137212174624640 enq 48 1 0 0 0 0
2011888820632479 137212166624960 feedend 47 1 0 0 0 0
2011888827228908 137212166624960 outfirst 47 1 65536 0 0 0
2011888828258320 137212166624960 outfirst 47 0 65536 0 0 0
2011888828336078 137212166624960 pump_end 1 2 0 0 0 0
2011888828336258 137212166624960 join_beg 1 0 0 0 0 0
2011888828336468 137212166624960 join_end 0 0 0 0 0 0
2011888828336538 137212166624960 book_beg 1 0 0 0 0 0
2011888828336728 137212166624960 batch 48 1 1 2 2 0
2011888828336878 137212166624960 book_end 1 0 0 0 0 0
2011888828337018 137212166624960 coll_beg 0 0 0 0 0 0
2011888828504562 137212166624960 coll_end 0 0 0 0 0 0
2011888828504732 137212166624960 rel_beg 1 0 0 0 0 0
2011888828505101 137212166624960 absorb 48 0 0 0 0 0
2011888828506941 137212166624960 rel_end 1 0 0 0 0 0
2011888828508271 137212166624960 wait_beg 0 0 0 0 0 0
2011888828545700 137212174624640 send 18 0 0 47 45 1
2011888828835969 137212174624640 send 372720 0 0 47 45 1
2011888829049362 137212174624640 send 300598 0 0 47 45 1
2011888829050552 137212174624640 send 14 0 0 47 45 1
2011888829050772 137212174624640 egress 48 1 0 45 0 0
2011888828525821 137212158232256 emit_beg 48 0 0 0 0 0
2011888828530641 137212158232256 dmg 0 1 0 0 1920 1080
2011888828530731 137212158232256 enc 47 47 1 -1 -1 0
2011888828575879 137212158232256 emit_end 48 0 0 0 0 0
2011888858082841 137212166624960 wait_end 0 0 0 0 0 0
2011888858085921 137212166624960 drain_beg 0 0 0 0 0 0
2011888858086181 137212166624960 drain_end 1 0 0 0 0 0
2011888858086391 137212166624960 take 49 0 0 0 0 0
2011888858087101 137212166624960 subm_beg 1 0 0 0 0 0
2011888858087801 137212166624960 submit 49 0 0 0 0 0
2011888858087971 137212166624960 subm_end 1 0 0 0 0 0
2011888858088061 137212166624960 pump_beg 1 0 0 0 0 0
2011888858441298 137212166624960 feedend 48 0 0 0 0 0
2011888858669840 137212166624960 feedend 48 1 0 0 0 0
2011888853429531 137212174624640 cliack 46 0 47 48 0 0
2011888853429971 137212174624640 ackregion 47 48 48 46 1 0
2011888858067142 137212174624640 msgin 49 12533760 0 0 0 0
2011888858067892 137212174624640 enq 49 1 0 0 0 0
2011888866721286 137212166624960 outfirst 48 1 65536 0 0 0
2011888867742468 137212166624960 outfirst 48 0 65536 0 0 0
2011888867827585 137212166624960 pump_end 1 2 0 0 0 0
2011888867828125 137212166624960 join_beg 1 0 0 0 0 0
2011888867828455 137212166624960 join_end 0 0 0 0 0 0
2011888867828525 137212166624960 book_beg 1 0 0 0 0 0
2011888867828915 137212166624960 batch 49 1 1 2 2 0
2011888867829075 137212166624960 book_end 1 0 0 0 0 0
2011888867829245 137212166624960 coll_beg 0 0 0 0 0 0
2011888868230051 137212166624960 coll_end 0 0 0 0 0 0
2011888868230231 137212166624960 rel_beg 1 0 0 0 0 0
2011888868230691 137212166624960 absorb 49 0 0 0 0 0
2011888868233440 137212166624960 rel_end 1 0 0 0 0 0
2011888868235450 137212166624960 wait_beg 0 0 0 0 0 0
2011888868277029 137212174624640 send 18 0 0 48 46 1
2011888868699383 137212174624640 send 535799 0 0 48 46 1
2011888869028951 137212174624640 send 457811 0 0 48 46 1
2011888869030181 137212174624640 send 14 0 0 48 46 1
2011888869030521 137212174624640 egress 49 1 0 46 0 0
2011888868241740 137212158232256 emit_beg 49 0 0 0 0 0
2011888868245140 137212158232256 dmg 0 1 0 0 1920 1080
2011888868245290 137212158232256 enc 48 48 1 -1 -1 0
2011888868330037 137212158232256 emit_end 49 0 0 0 0 0
2011888887299114 137212174624640 cliack 47 0 48 49 0 0
2011888887299694 137212174624640 ackregion 48 49 49 47 1 0
2011888892443766 137212166624960 wait_end 0 0 0 0 0 0
2011888892446906 137212166624960 drain_beg 0 0 0 0 0 0
2011888892447166 137212166624960 drain_end 1 0 0 0 0 0
2011888892447356 137212166624960 take 50 0 0 0 0 0
2011888892447626 137212166624960 subm_beg 1 0 0 0 0 0
2011888892448596 137212166624960 submit 50 0 0 0 0 0
2011888892448726 137212166624960 subm_end 1 0 0 0 0 0
2011888892448776 137212166624960 pump_beg 1 0 0 0 0 0
2011888892795593 137212166624960 feedend 49 0 0 0 0 0
2011888893037955 137212166624960 feedend 49 1 0 0 0 0
2011888899901164 137212166624960 outfirst 49 1 65536 0 0 0
2011888900581089 137212166624960 outfirst 49 0 65536 0 0 0
2011888900643257 137212166624960 pump_end 1 2 0 0 0 0
2011888900643447 137212166624960 join_beg 1 0 0 0 0 0
2011888900644097 137212166624960 join_end 0 0 0 0 0 0
2011888900644437 137212166624960 book_beg 1 0 0 0 0 0
2011888900644907 137212166624960 batch 50 1 1 2 2 0
2011888900644957 137212166624960 book_end 1 0 0 0 0 0
2011888900645007 137212166624960 coll_beg 0 0 0 0 0 0
2011888900895468 137212166624960 coll_end 0 0 0 0 0 0
2011888900895518 137212166624960 rel_beg 1 0 0 0 0 0
2011888900895778 137212166624960 absorb 50 0 0 0 0 0
2011888900898237 137212166624960 rel_end 1 0 0 0 0 0
2011888900900057 137212166624960 wait_beg 0 0 0 0 0 0
2011888892425647 137212174624640 msgin 50 12533760 0 0 0 0
2011888892434207 137212174624640 enq 50 1 0 0 0 0
2011888900930046 137212174624640 send 18 0 0 49 47 1
2011888900904357 137212158232256 emit_beg 50 0 0 0 0 0
2011888900907927 137212158232256 dmg 0 1 0 0 1920 1080
2011888900908077 137212158232256 enc 49 49 1 -1 -1 0
2011888900948786 137212158232256 emit_end 50 0 0 0 0 0
2011888901219766 137212174624640 send 378491 0 0 49 47 1
2011888901448467 137212174624640 send 322089 0 0 49 47 1
2011888901449907 137212174624640 send 14 0 0 49 47 1
2011888901450147 137212174624640 egress 50 1 0 47 0 0
2011888916357443 137212174624640 cliack 48 0 49 50 0 0
2011888916357863 137212174624640 ackregion 49 50 50 48 1 0
2011888921648080 137212166624960 wait_end 0 0 0 0 0 0
2011888921650760 137212166624960 drain_beg 0 0 0 0 0 0
2011888921651090 137212166624960 drain_end 1 0 0 0 0 0
2011888921651320 137212166624960 take 51 0 0 0 0 0
2011888921651570 137212166624960 subm_beg 1 0 0 0 0 0
2011888921652459 137212166624960 submit 51 0 0 0 0 0
2011888921652649 137212166624960 subm_end 1 0 0 0 0 0
2011888921652699 137212166624960 pump_beg 1 0 0 0 0 0
2011888921983487 137212166624960 feedend 50 0 0 0 0 0
2011888922209439 137212166624960 feedend 50 1 0 0 0 0
2011888929224383 137212166624960 outfirst 50 1 65536 0 0 0
2011888929911668 137212166624960 outfirst 50 0 65536 0 0 0
2011888929968446 137212166624960 pump_end 1 2 0 0 0 0
2011888929968646 137212166624960 join_beg 1 0 0 0 0 0
2011888929969186 137212166624960 join_end 0 0 0 0 0 0
2011888929969416 137212166624960 book_beg 1 0 0 0 0 0
2011888929969676 137212166624960 batch 51 1 1 2 2 0
2011888929969706 137212166624960 book_end 1 0 0 0 0 0
2011888929969736 137212166624960 coll_beg 0 0 0 0 0 0
2011888930166369 137212166624960 coll_end 0 0 0 0 0 0
2011888930166409 137212166624960 rel_beg 1 0 0 0 0 0
2011888930166689 137212166624960 absorb 51 0 0 0 0 0
2011888930168729 137212166624960 rel_end 1 0 0 0 0 0
2011888930169848 137212166624960 wait_beg 0 0 0 0 0 0
2011888921634250 137212174624640 msgin 51 12533760 0 0 0 0
2011888921634680 137212174624640 enq 51 1 0 0 0 0
2011888930194268 137212174624640 send 18 0 0 50 48 1
2011888930501506 137212174624640 send 398661 0 0 50 48 1
2011888930748527 137212174624640 send 349979 0 0 50 48 1
2011888930749597 137212174624640 send 14 0 0 50 48 1
2011888930749907 137212174624640 egress 51 1 0 48 0 0
2011888930173368 137212158232256 emit_beg 51 0 0 0 0 0
2011888930175158 137212158232256 dmg 0 1 0 0 1920 1080
2011888930175318 137212158232256 enc 50 50 1 -1 -1 0
2011888930217457 137212158232256 emit_end 51 0 0 0 0 0
2011888959378292 137212174624640 cliack 49 0 50 51 0 0
2011888959378682 137212174624640 ackregion 50 51 51 49 1 0
2011888962325934 137212166624960 wait_end 0 0 0 0 0 0
2011888962329224 137212166624960 drain_beg 0 0 0 0 0 0
2011888962329564 137212166624960 drain_end 1 0 0 0 0 0
2011888962329764 137212166624960 take 52 0 0 0 0 0
2011888962330144 137212166624960 subm_beg 1 0 0 0 0 0
2011888962330494 137212166624960 submit 52 0 0 0 0 0
2011888962330734 137212166624960 subm_end 1 0 0 0 0 0
2011888962330784 137212166624960 pump_beg 1 0 0 0 0 0
2011888962817846 137212166624960 feedend 51 0 0 0 0 0
2011888962865494 137212166624960 feedend 51 1 0 0 0 0
2011888970205106 137212166624960 outfirst 51 1 65536 0 0 0
2011888971415322 137212166624960 outfirst 51 0 65536 0 0 0
2011888971575336 137212166624960 pump_end 1 2 0 0 0 0
2011888971575516 137212166624960 join_beg 1 0 0 0 0 0
2011888971575686 137212166624960 join_end 0 0 0 0 0 0
2011888971575776 137212166624960 book_beg 1 0 0 0 0 0
2011888971576016 137212166624960 batch 52 1 1 2 2 0
2011888971576046 137212166624960 book_end 1 0 0 0 0 0
2011888971576066 137212166624960 coll_beg 0 0 0 0 0 0
2011888962309375 137212174624640 msgin 52 12533760 0 0 0 0
2011888962309725 137212174624640 enq 52 1 0 0 0 0
2011888971776549 137212166624960 coll_end 0 0 0 0 0 0
2011888971776919 137212166624960 rel_beg 1 0 0 0 0 0
2011888971777289 137212166624960 absorb 52 0 0 0 0 0
2011888971779269 137212166624960 rel_end 1 0 0 0 0 0
2011888971780519 137212166624960 wait_beg 0 0 0 0 0 0
2011888971801468 137212174624640 send 18 0 0 51 49 1
2011888972246952 137212174624640 send 430524 0 0 51 49 1
2011888972661027 137212174624640 send 354798 0 0 51 49 1
2011888972663257 137212174624640 send 14 0 0 51 49 1
2011888972663796 137212174624640 egress 52 1 0 49 0 0
2011888971784259 137212158232256 emit_beg 52 0 0 0 0 0
2011888971786019 137212158232256 dmg 0 1 0 0 1920 1080
2011888971786179 137212158232256 enc 51 51 1 -1 -1 0
2011888971832967 137212158232256 emit_end 52 0 0 0 0 0
2011888989493192 137212174624640 cliack 50 0 51 52 0 0
2011888989493582 137212174624640 ackregion 51 52 52 50 1 0
2011888994134822 137212166624960 wait_end 0 0 0 0 0 0
2011888994138042 137212166624960 drain_beg 0 0 0 0 0 0
2011888994138322 137212166624960 drain_end 1 0 0 0 0 0
2011888994138522 137212166624960 take 53 0 0 0 0 0
2011888994138742 137212166624960 subm_beg 1 0 0 0 0 0
2011888994139032 137212166624960 submit 53 0 0 0 0 0
2011888994139202 137212166624960 subm_end 1 0 0 0 0 0
2011888994139222 137212166624960 pump_beg 1 0 0 0 0 0
2011888994488239 137212166624960 feedend 52 0 0 0 0 0
2011888994717591 137212166624960 feedend 52 1 0 0 0 0
2011889001139376 137212166624960 outfirst 52 1 65536 0 0 0
2011888994118873 137212174624640 msgin 53 12533760 0 0 0 0
2011888994119353 137212174624640 enq 53 1 0 0 0 0
2011889002893502 137212166624960 outfirst 52 0 65536 0 0 0
2011889002964520 137212166624960 pump_end 1 2 0 0 0 0
2011889002964800 137212166624960 join_beg 1 0 0 0 0 0
2011889002965220 137212166624960 join_end 0 0 0 0 0 0
2011889002965370 137212166624960 book_beg 1 0 0 0 0 0
2011889002965700 137212166624960 batch 53 1 1 2 2 0
2011889002965860 137212166624960 book_end 1 0 0 0 0 0
2011889002966050 137212166624960 coll_beg 0 0 0 0 0 0
2011889003208831 137212166624960 coll_end 0 0 0 0 0 0
2011889003209121 137212166624960 rel_beg 1 0 0 0 0 0
2011889003209361 137212166624960 absorb 53 0 0 0 0 0
2011889003212181 137212166624960 rel_end 1 0 0 0 0 0
2011889003213501 137212166624960 wait_beg 0 0 0 0 0 0
2011889003277148 137212174624640 send 18 0 0 52 50 1
2011889003782080 137212174624640 send 456914 0 0 52 50 1
2011889004003502 137212174624640 send 312741 0 0 52 50 1
2011889004004762 137212174624640 send 14 0 0 52 50 1
2011889004005022 137212174624640 egress 53 1 0 50 0 0
2011889003220131 137212158232256 emit_beg 53 0 0 0 0 0
2011889003222970 137212158232256 dmg 0 1 0 0 1920 1080
2011889003223120 137212158232256 enc 52 52 1 -1 -1 0
2011889003281468 137212158232256 emit_end 53 0 0 0 0 0
2011889027669688 137212166624960 wait_end 0 0 0 0 0 0
2011889027672927 137212166624960 drain_beg 0 0 0 0 0 0
2011889027673357 137212166624960 drain_end 1 0 0 0 0 0
2011889027673527 137212166624960 take 54 0 0 0 0 0
2011889027674047 137212166624960 subm_beg 1 0 0 0 0 0
2011889027674727 137212166624960 submit 54 0 0 0 0 0
2011889027674897 137212166624960 subm_end 1 0 0 0 0 0
2011889027674977 137212166624960 pump_beg 1 0 0 0 0 0
2011889028024555 137212166624960 feedend 53 0 0 0 0 0
2011889028241427 137212166624960 feedend 53 1 0 0 0 0
2011889022108321 137212174624640 cliack 51 0 52 53 0 0
2011889022108781 137212174624640 ackregion 52 53 53 51 1 0
2011889027648068 137212174624640 msgin 54 12533760 0 0 0 0
2011889027648458 137212174624640 enq 54 1 0 0 0 0
2011889035259160 137212166624960 outfirst 53 1 65536 0 0 0
2011889036327341 137212166624960 outfirst 53 0 65536 0 0 0
2011889036393189 137212166624960 pump_end 1 2 0 0 0 0
2011889036393359 137212166624960 join_beg 1 0 0 0 0 0
2011889036393579 137212166624960 join_end 0 0 0 0 0 0
2011889036393679 137212166624960 book_beg 1 0 0 0 0 0
2011889036393939 137212166624960 batch 54 1 1 2 2 0
2011889036394089 137212166624960 book_end 1 0 0 0 0 0
2011889036394239 137212166624960 coll_beg 0 0 0 0 0 0
2011889036587492 137212166624960 coll_end 0 0 0 0 0 0
2011889036587752 137212166624960 rel_beg 1 0 0 0 0 0
2011889036588092 137212166624960 absorb 54 0 0 0 0 0
2011889036589962 137212166624960 rel_end 1 0 0 0 0 0
2011889036591122 137212166624960 wait_beg 0 0 0 0 0 0
2011889036610501 137212174624640 send 18 0 0 53 51 1
2011889037121742 137212174624640 send 416602 0 0 53 51 1
2011889037527148 137212174624640 send 342414 0 0 53 51 1
2011889037528977 137212174624640 send 14 0 0 53 51 1
2011889037529507 137212174624640 egress 54 1 0 51 0 0
2011889036594622 137212158232256 emit_beg 54 0 0 0 0 0
2011889036597002 137212158232256 dmg 0 1 0 0 1920 1080
2011889036597152 137212158232256 enc 53 53 1 -1 -1 0
2011889036640520 137212158232256 emit_end 54 0 0 0 0 0
2011889060268557 137212166624960 wait_end 0 0 0 0 0 0
2011889060271497 137212166624960 drain_beg 0 0 0 0 0 0
2011889060271847 137212166624960 drain_end 1 0 0 0 0 0
2011889060272197 137212166624960 take 55 0 0 0 0 0
2011889060272597 137212166624960 subm_beg 1 0 0 0 0 0
2011889060272877 137212166624960 submit 55 0 0 0 0 0
2011889060273047 137212166624960 subm_end 1 0 0 0 0 0
2011889060273157 137212166624960 pump_beg 1 0 0 0 0 0
2011889060606365 137212166624960 feedend 54 0 0 0 0 0
2011889060835476 137212166624960 feedend 54 1 0 0 0 0
2011889055855228 137212174624640 cliack 52 0 53 54 0 0
2011889055855578 137212174624640 ackregion 53 54 54 52 1 0
2011889060228188 137212174624640 msgin 55 12533760 0 0 0 0
2011889060228538 137212174624640 enq 55 1 0 0 0 0
2011889068675420 137212166624960 outfirst 54 1 65536 0 0 0
2011889069463171 137212166624960 outfirst 54 0 65536 0 0 0
2011889069578197 137212166624960 pump_end 1 2 0 0 0 0
2011889069578427 137212166624960 join_beg 1 0 0 0 0 0
2011889069578657 137212166624960 join_end 0 0 0 0 0 0
2011889069578767 137212166624960 book_beg 1 0 0 0 0 0
2011889069579157 137212166624960 batch 55 1 1 2 2 0
2011889069579327 137212166624960 book_end 1 0 0 0 0 0
2011889069579507 137212166624960 coll_beg 0 0 0 0 0 0
2011889069916375 137212166624960 coll_end 0 0 0 0 0 0
2011889069916555 137212166624960 rel_beg 1 0 0 0 0 0
2011889069916925 137212166624960 absorb 55 0 0 0 0 0
2011889069918445 137212166624960 rel_end 1 0 0 0 0 0
2011889069919364 137212166624960 wait_beg 0 0 0 0 0 0
2011889069963763 137212174624640 send 18 0 0 54 52 1
2011889070548671 137212174624640 send 482938 0 0 54 52 1
2011889070955257 137212174624640 send 429412 0 0 54 52 1
2011889070956567 137212174624640 send 14 0 0 54 52 1
2011889070956837 137212174624640 egress 55 1 0 52 0 0
2011889069936344 137212158232256 emit_beg 55 0 0 0 0 0
2011889069940054 137212158232256 dmg 0 1 0 0 1920 1080
2011889069940254 137212158232256 enc 54 54 1 -1 -1 0
2011889069998342 137212158232256 emit_end 55 0 0 0 0 0
2011889092186201 137212166624960 wait_end 0 0 0 0 0 0
2011889092190391 137212166624960 drain_beg 0 0 0 0 0 0
2011889092190571 137212166624960 drain_end 1 0 0 0 0 0
2011889092190651 137212166624960 take 56 0 0 0 0 0
2011889092191311 137212166624960 subm_beg 1 0 0 0 0 0
2011889092191671 137212166624960 submit 56 0 0 0 0 0
2011889092191851 137212166624960 subm_end 1 0 0 0 0 0
2011889092191901 137212166624960 pump_beg 1 0 0 0 0 0
2011889089266998 137212174624640 cliack 53 0 54 55 0 0
2011889089267428 137212174624640 ackregion 54 55 55 53 1 0
2011889092161642 137212174624640 msgin 56 12533760 0 0 0 0
2011889092162522 137212174624640 enq 56 1 0 0 0 0
2011889092539478 137212166624960 feedend 55 0 0 0 0 0
2011889092774840 137212166624960 feedend 55 1 0 0 0 0
2011889099756205 137212166624960 outfirst 55 1 65536 0 0 0
2011889100716290 137212166624960 outfirst 55 0 65536 0 0 0
2011889100793167 137212166624960 pump_end 1 2 0 0 0 0
2011889100793567 137212166624960 join_beg 1 0 0 0 0 0
2011889100794067 137212166624960 join_end 0 0 0 0 0 0
2011889100794137 137212166624960 book_beg 1 0 0 0 0 0
2011889100794747 137212166624960 batch 56 1 1 2 2 0
2011889100794927 137212166624960 book_end 1 0 0 0 0 0
2011889100795077 137212166624960 coll_beg 0 0 0 0 0 0
2011889101101816 137212166624960 coll_end 0 0 0 0 0 0
2011889101102096 137212166624960 rel_beg 1 0 0 0 0 0
2011889101102346 137212166624960 absorb 56 0 0 0 0 0
2011889101104906 137212166624960 rel_end 1 0 0 0 0 0
2011889101106345 137212166624960 wait_beg 0 0 0 0 0 0
2011889101161943 137212174624640 send 18 0 0 55 53 1
2011889101649776 137212174624640 send 409841 0 0 55 53 1
2011889101934425 137212174624640 send 333826 0 0 55 53 1
2011889101935675 137212174624640 send 14 0 0 55 53 1
2011889101935855 137212174624640 egress 56 1 0 53 0 0
2011889101123165 137212158232256 emit_beg 56 0 0 0 0 0
2011889101125855 137212158232256 dmg 0 1 0 0 1920 1080
2011889101126045 137212158232256 enc 55 55 1 -1 -1 0
2011889101176153 137212158232256 emit_end 56 0 0 0 0 0
2011889122053630 137212174624640 cliack 54 0 55 56 0 0
2011889122054090 137212174624640 ackregion 55 56 56 54 1 0
2011889125762295 137212166624960 wait_end 0 0 0 0 0 0
2011889125766195 137212166624960 drain_beg 0 0 0 0 0 0
2011889125766715 137212166624960 drain_end 1 0 0 0 0 0
2011889125766895 137212166624960 take 57 0 0 0 0 0
2011889125767355 137212166624960 subm_beg 1 0 0 0 0 0
2011889125768405 137212166624960 submit 57 0 0 0 0 0
2011889125768495 137212166624960 subm_end 1 0 0 0 0 0
2011889125768565 137212166624960 pump_beg 1 0 0 0 0 0
2011889126128012 137212166624960 feedend 56 0 0 0 0 0
2011889126373003 137212166624960 feedend 56 1 0 0 0 0
2011889125735926 137212174624640 msgin 57 12533760 0 0 0 0
2011889125737076 137212174624640 enq 57 1 0 0 0 0
2011889133723194 137212166624960 outfirst 56 1 65536 0 0 0
2011889134565303 137212166624960 outfirst 56 0 65536 0 0 0
2011889134668160 137212166624960 pump_end 1 2 0 0 0 0
2011889134668530 137212166624960 join_beg 1 0 0 0 0 0
2011889134669340 137212166624960 join_end 0 0 0 0 0 0
2011889134669460 137212166624960 book_beg 1 0 0 0 0 0
2011889134670150 137212166624960 batch 57 1 1 2 2 0
2011889134670330 137212166624960 book_end 1 0 0 0 0 0
2011889134670500 137212166624960 coll_beg 0 0 0 0 0 0
2011889135021337 137212166624960 coll_end 0 0 0 0 0 0
2011889135021597 137212166624960 rel_beg 1 0 0 0 0 0
2011889135022207 137212166624960 absorb 57 0 0 0 0 0
2011889135027527 137212166624960 rel_end 1 0 0 0 0 0
2011889135029686 137212166624960 wait_beg 0 0 0 0 0 0
2011889135083425 137212174624640 send 18 0 0 56 54 1
2011889135600576 137212174624640 send 440101 0 0 56 54 1
2011889135930204 137212174624640 send 380244 0 0 56 54 1
2011889135931534 137212174624640 send 14 0 0 56 54 1
2011889135931844 137212174624640 egress 57 1 0 54 0 0
2011889135035406 137212158232256 emit_beg 57 0 0 0 0 0
2011889135039106 137212158232256 dmg 0 1 0 0 1920 1080
2011889135039356 137212158232256 enc 56 56 1 -1 -1 0
2011889135098694 137212158232256 emit_end 57 0 0 0 0 0
2011889161457001 137212174624640 cliack 55 0 56 57 0 0
2011889161457431 137212174624640 ackregion 56 57 57 55 1 0
2011889166969970 137212166624960 wait_end 0 0 0 0 0 0
2011889166974540 137212166624960 drain_beg 0 0 0 0 0 0
2011889166975050 137212166624960 drain_end 1 0 0 0 0 0
2011889166975260 137212166624960 take 58 0 0 0 0 0
2011889166975780 137212166624960 subm_beg 1 0 0 0 0 0
2011889166977110 137212166624960 submit 58 0 0 0 0 0
2011889166977270 137212166624960 subm_end 1 0 0 0 0 0
2011889166977330 137212166624960 pump_beg 1 0 0 0 0 0
2011889167335007 137212166624960 feedend 57 0 0 0 0 0
2011889167580748 137212166624960 feedend 57 1 0 0 0 0
2011889166942141 137212174624640 msgin 58 12533760 0 0 0 0
2011889166942531 137212174624640 enq 58 1 0 0 0 0
2011889174394099 137212166624960 outfirst 57 1 65536 0 0 0
2011889175216259 137212166624960 outfirst 57 0 65536 0 0 0
2011889175283216 137212166624960 pump_end 1 2 0 0 0 0
2011889175295866 137212166624960 join_beg 1 0 0 0 0 0
2011889175296476 137212166624960 join_end 0 0 0 0 0 0
2011889175296556 137212166624960 book_beg 1 0 0 0 0 0
2011889175297336 137212166624960 batch 58 1 1 2 2 0
2011889175297366 137212166624960 book_end 1 0 0 0 0 0
2011889175297406 137212166624960 coll_beg 0 0 0 0 0 0
2011889175492809 137212166624960 coll_end 0 0 0 0 0 0
2011889175492859 137212166624960 rel_beg 1 0 0 0 0 0
2011889175493539 137212166624960 absorb 58 0 0 0 0 0
2011889175496609 137212166624960 rel_end 1 0 0 0 0 0
2011889175498409 137212166624960 wait_beg 0 0 0 0 0 0
2011889175548977 137212174624640 send 18 0 0 57 55 1
2011889175848146 137212174624640 send 399032 0 0 57 55 1
2011889176079927 137212174624640 send 325496 0 0 57 55 1
2011889176081407 137212174624640 send 14 0 0 57 55 1
2011889176082067 137212174624640 egress 58 1 0 55 0 0
2011889175516588 137212158232256 emit_beg 58 0 0 0 0 0
2011889175523318 137212158232256 dmg 0 1 0 0 1920 1080
2011889175523568 137212158232256 enc 57 57 1 -1 -1 0
2011889175575966 137212158232256 emit_end 58 0 0 0 0 0
2011889197438767 137212166624960 wait_end 0 0 0 0 0 0
2011889197441737 137212166624960 drain_beg 0 0 0 0 0 0
2011889197441937 137212166624960 drain_end 1 0 0 0 0 0
2011889197442067 137212166624960 take 59 0 0 0 0 0
2011889197442607 137212166624960 subm_beg 1 0 0 0 0 0
2011889197443227 137212166624960 submit 59 0 0 0 0 0
2011889197443317 137212166624960 subm_end 1 0 0 0 0 0
2011889197443377 137212166624960 pump_beg 1 0 0 0 0 0
2011889197789214 137212166624960 feedend 58 0 0 0 0 0
2011889198030296 137212166624960 feedend 58 1 0 0 0 0
2011889193579128 137212174624640 cliack 56 0 57 58 0 0
2011889193579508 137212174624640 ackregion 57 58 58 56 1 0
2011889197416988 137212174624640 msgin 59 12533760 0 0 0 0
2011889197417248 137212174624640 enq 59 1 0 0 0 0
2011889205131076 137212166624960 outfirst 58 1 65536 0 0 0
2011889206061652 137212166624960 outfirst 58 0 65536 0 0 0
2011889206180468 137212166624960 pump_end 1 2 0 0 0 0
2011889206181328 137212166624960 join_beg 1 0 0 0 0 0
2011889206182908 137212166624960 join_end 0 0 0 0 0 0
2011889206183028 137212166624960 book_beg 1 0 0 0 0 0
2011889206184648 137212166624960 batch 59 1 1 2 2 0
2011889206184858 137212166624960 book_end 1 0 0 0 0 0
2011889206185128 137212166624960 coll_beg 0 0 0 0 0 0
2011889206568274 137212166624960 coll_end 0 0 0 0 0 0
2011889206568474 137212166624960 rel_beg 1 0 0 0 0 0
2011889206569304 137212166624960 absorb 59 0 0 0 0 0
2011889206576763 137212166624960 rel_end 1 0 0 0 0 0
2011889206579173 137212166624960 wait_beg 0 0 0 0 0 0
2011889206677790 137212174624640 send 18 0 0 58 56 1
2011889207213350 137212174624640 send 428347 0 0 58 56 1
2011889207650794 137212174624640 send 365377 0 0 58 56 1
2011889207656384 137212174624640 send 14 0 0 58 56 1
2011889207656924 137212174624640 egress 59 1 0 56 0 0
2011889206596823 137212158232256 emit_beg 59 0 0 0 0 0
2011889206600113 137212158232256 dmg 0 1 0 0 1920 1080
2011889206600303 137212158232256 enc 58 58 1 -1 -1 0
2011889206667560 137212158232256 emit_end 59 0 0 0 0 0
2011889230286777 137212166624960 wait_end 0 0 0 0 0 0
2011889230290357 137212166624960 drain_beg 0 0 0 0 0 0
2011889230290907 137212166624960 drain_end 1 0 0 0 0 0
2011889230291117 137212166624960 take 60 0 0 0 0 0
2011889230291507 137212166624960 subm_beg 1 0 0 0 0 0
2011889230292677 137212166624960 submit 60 0 0 0 0 0
2011889230292797 137212166624960 subm_end 1 0 0 0 0 0
2011889230292887 137212166624960 pump_beg 1 0 0 0 0 0
2011889230604316 137212166624960 feedend 59 0 0 0 0 0
2011889230831558 137212166624960 feedend 59 1 0 0 0 0
2011889229178298 137212174624640 cliack 57 0 58 59 0 0
2011889229178438 137212174624640 ackregion 58 59 59 57 1 0
2011889230262018 137212174624640 msgin 60 12533760 0 0 0 0
2011889230263358 137212174624640 enq 60 1 0 0 0 0
2011889237317151 137212166624960 outfirst 59 1 65536 0 0 0
2011889238193979 137212166624960 outfirst 59 0 65536 0 0 0
2011889238262776 137212166624960 pump_end 1 2 0 0 0 0
2011889238263316 137212166624960 join_beg 1 0 0 0 0 0
2011889238264426 137212166624960 join_end 0 0 0 0 0 0
2011889238264556 137212166624960 book_beg 1 0 0 0 0 0
2011889238265696 137212166624960 batch 60 1 1 2 2 0
2011889238265746 137212166624960 book_end 1 0 0 0 0 0
2011889238265906 137212166624960 coll_beg 0 0 0 0 0 0
2011889238505117 137212166624960 coll_end 0 0 0 0 0 0
2011889238505187 137212166624960 rel_beg 1 0 0 0 0 0
2011889238505867 137212166624960 absorb 60 0 0 0 0 0
2011889238512537 137212166624960 rel_end 1 0 0 0 0 0
2011889238515147 137212166624960 wait_beg 0 0 0 0 0 0
2011889238606304 137212174624640 send 18 0 0 59 57 1
2011889239023858 137212174624640 send 335399 0 0 59 57 1
2011889239341657 137212174624640 send 278305 0 0 59 57 1
2011889239343577 137212174624640 send 14 0 0 59 57 1
2011889239343897 137212174624640 egress 60 1 0 57 0 0
2011889238532156 137212158232256 emit_beg 60 0 0 0 0 0
2011889238539416 137212158232256 dmg 0 1 0 0 1920 1080
2011889238539616 137212158232256 enc 59 59 1 -1 -1 0
2011889238585674 137212158232256 emit_end 60 0 0 0 0 0
2011889262368366 137212166624960 wait_end 0 0 0 0 0 0
2011889262372446 137212166624960 drain_beg 0 0 0 0 0 0
2011889262373196 137212166624960 drain_end 1 0 0 0 0 0
2011889262373446 137212166624960 take 61 0 0 0 0 0
2011889262374136 137212166624960 subm_beg 1 0 0 0 0 0
2011889262375316 137212166624960 submit 61 0 0 0 0 0
2011889262375486 137212166624960 subm_end 1 0 0 0 0 0
2011889262375586 137212166624960 pump_beg 1 0 0 0 0 0
2011889262726763 137212166624960 feedend 60 0 0 0 0 0
2011889262969394 137212166624960 feedend 60 1 0 0 0 0
2011889260322790 137212174624640 cliack 58 0 59 60 0 0
2011889260323130 137212174624640 ackregion 59 60 60 58 1 0
2011889262352456 137212174624640 msgin 61 12533760 0 0 0 0
2011889262353136 137212174624640 enq 61 1 0 0 0 0
2011889269748086 137212166624960 outfirst 60 1 65536 0 0 0
2011889271007890 137212166624960 outfirst 60 0 65536 0 0 0
2011889271102167 137212166624960 pump_end 1 2 0 0 0 0
2011889271102407 137212166624960 join_beg 1 0 0 0 0 0
2011889271102917 137212166624960 join_end 0 0 0 0 0 0
2011889271103237 137212166624960 book_beg 1 0 0 0 0 0
2011889271103657 137212166624960 batch 61 1 1 2 2 0
2011889271103697 137212166624960 book_end 1 0 0 0 0 0
2011889271103857 137212166624960 coll_beg 0 0 0 0 0 0
2011889271411345 137212166624960 coll_end 0 0 0 0 0 0
2011889271411405 137212166624960 rel_beg 1 0 0 0 0 0
2011889271411965 137212166624960 absorb 61 0 0 0 0 0
2011889271416465 137212166624960 rel_end 1 0 0 0 0 0
2011889271418575 137212166624960 wait_beg 0 0 0 0 0 0
2011889271500042 137212174624640 send 18 0 0 60 58 1
2011889272112540 137212174624640 send 424515 0 0 60 58 1
2011889272518075 137212174624640 send 330217 0 0 60 58 1
2011889272520385 137212174624640 send 14 0 0 60 58 1
2011889272520985 137212174624640 egress 61 1 0 58 0 0
2011889271435585 137212158232256 emit_beg 61 0 0 0 0 0
2011889271439614 137212158232256 dmg 0 1 0 0 1920 1080
2011889271439934 137212158232256 enc 60 60 1 -1 -1 0
2011889271499402 137212158232256 emit_end 61 0 0 0 0 0
2011889297607659 137212166624960 wait_end 0 0 0 0 0 0
2011889297611539 137212166624960 drain_beg 0 0 0 0 0 0
2011889297616818 137212166624960 drain_end 1 0 0 0 0 0
2011889297616938 137212166624960 take 62 0 0 0 0 0
2011889297617708 137212166624960 subm_beg 1 0 0 0 0 0
2011889297618818 137212166624960 submit 62 0 0 0 0 0
2011889297618888 137212166624960 subm_end 1 0 0 0 0 0
2011889297618938 137212166624960 pump_beg 1 0 0 0 0 0
2011889297976895 137212166624960 feedend 61 0 0 0 0 0
2011889298215337 137212166624960 feedend 61 1 0 0 0 0
2011889294749103 137212174624640 cliack 59 0 60 61 0 0
2011889294749333 137212174624640 ackregion 60 61 61 59 1 0
2011889297582160 137212174624640 msgin 62 12533760 0 0 0 0
2011889297582660 137212174624640 enq 62 1 0 0 0 0
2011889304742998 137212166624960 outfirst 61 1 65536 0 0 0
2011889304967190 137212166624960 outfirst 61 0 65536 0 0 0
2011889305028078 137212166624960 pump_end 1 2 0 0 0 0
2011889305028428 137212166624960 join_beg 1 0 0 0 0 0
2011889305028938 137212166624960 join_end 0 0 0 0 0 0
2011889305029138 137212166624960 book_beg 1 0 0 0 0 0
2011889305029638 137212166624960 batch 62 1 1 2 2 0
2011889305029738 137212166624960 book_end 1 0 0 0 0 0
2011889305029898 137212166624960 coll_beg 0 0 0 0 0 0
2011889305263209 137212166624960 coll_end 0 0 0 0 0 0
2011889305263259 137212166624960 rel_beg 1 0 0 0 0 0
2011889305263599 137212166624960 absorb 62 0 0 0 0 0
2011889305268549 137212166624960 rel_end 1 0 0 0 0 0
2011889305270459 137212166624960 wait_beg 0 0 0 0 0 0
2011889305316787 137212174624640 send 18 0 0 61 59 1
2011889305775430 137212174624640 send 306758 0 0 61 59 1
2011889306098739 137212174624640 send 276931 0 0 61 59 1
2011889306116418 137212174624640 send 14 0 0 61 59 1
2011889306117068 137212174624640 egress 62 1 0 59 0 0
2011889305290048 137212158232256 emit_beg 62 0 0 0 0 0
2011889305298938 137212158232256 dmg 0 1 0 0 1920 1080
2011889305299318 137212158232256 enc 61 61 1 -1 -1 0
2011889305353426 137212158232256 emit_end 62 0 0 0 0 0
2011889321295494 137212174624640 cliack 60 0 61 62 0 0
2011889321295954 137212174624640 ackregion 61 62 62 60 1 0
2011889325040507 137212166624960 wait_end 0 0 0 0 0 0
2011889325043777 137212166624960 drain_beg 0 0 0 0 0 0
2011889325044237 137212166624960 drain_end 1 0 0 0 0 0
2011889325044497 137212166624960 take 63 0 0 0 0 0
2011889325045087 137212166624960 subm_beg 1 0 0 0 0 0
2011889325046677 137212166624960 submit 63 0 0 0 0 0
2011889325046836 137212166624960 subm_end 1 0 0 0 0 0
2011889325046876 137212166624960 pump_beg 1 0 0 0 0 0
2011889325360195 137212166624960 feedend 62 0 0 0 0 0
2011889325409693 137212166624960 feedend 62 1 0 0 0 0
2011889333029155 137212166624960 outfirst 62 1 65536 0 0 0
2011889325024657 137212174624640 msgin 63 12533760 0 0 0 0
2011889325025977 137212174624640 enq 63 1 0 0 0 0
2011889334163844 137212166624960 outfirst 62 0 65536 0 0 0
2011889334240951 137212166624960 pump_end 1 2 0 0 0 0
2011889334241171 137212166624960 join_beg 1 0 0 0 0 0
2011889334241391 137212166624960 join_end 0 0 0 0 0 0
2011889334241751 137212166624960 book_beg 1 0 0 0 0 0
2011889334242161 137212166624960 batch 63 1 1 2 2 0
2011889334242301 137212166624960 book_end 1 0 0 0 0 0
2011889334242401 137212166624960 coll_beg 0 0 0 0 0 0
2011889334602548 137212166624960 coll_end 0 0 0 0 0 0
2011889334602618 137212166624960 rel_beg 1 0 0 0 0 0
2011889334603047 137212166624960 absorb 63 0 0 0 0 0
2011889334607517 137212166624960 rel_end 1 0 0 0 0 0
2011889334609787 137212166624960 wait_beg 0 0 0 0 0 0
2011889334654996 137212174624640 send 18 0 0 62 60 1
2011889335079550 137212174624640 send 492407 0 0 62 60 1
2011889335401298 137212174624640 send 415130 0 0 62 60 1
2011889335403128 137212174624640 send 14 0 0 62 60 1
2011889335403538 137212174624640 egress 63 1 0 60 0 0
2011889334615737 137212158232256 emit_beg 63 0 0 0 0 0
2011889334621267 137212158232256 dmg 0 1 0 0 1920 1080
2011889334621617 137212158232256 enc 62 62 1 -1 -1 0
2011889334689424 137212158232256 emit_end 63 0 0 0 0 0
2011889353792007 137212174624640 cliack 61 0 62 63 0 0
2011889353792397 137212174624640 ackregion 62 63 63 61 1 0
2011889357227401 137212166624960 wait_end 0 0 0 0 0 0
2011889357230841 137212166624960 drain_beg 0 0 0 0 0 0
2011889357231211 137212166624960 drain_end 1 0 0 0 0 0
2011889357231351 137212166624960 take 64 0 0 0 0 0
2011889357231621 137212166624960 subm_beg 1 0 0 0 0 0
2011889357232581 137212166624960 submit 64 0 0 0 0 0
2011889357232731 137212166624960 subm_end 1 0 0 0 0 0
2011889357232751 137212166624960 pump_beg 1 0 0 0 0 0
2011889357548430 137212166624960 feedend 63 0 0 0 0 0
2011889357750142 137212166624960 feedend 63 1 0 0 0 0
2011889357207742 137212174624640 msgin 64 12533760 0 0 0 0
2011889357208562 137212174624640 enq 64 1 0 0 0 0
2011889365656863 137212166624960 outfirst 63 1 65536 0 0 0
2011889366553231 137212166624960 outfirst 63 0 65536 0 0 0
2011889366635068 137212166624960 pump_end 1 2 0 0 0 0
2011889366635408 137212166624960 join_beg 1 0 0 0 0 0
2011889366635718 137212166624960 join_end 0 0 0 0 0 0
2011889366635968 137212166624960 book_beg 1 0 0 0 0 0
2011889366637218 137212166624960 batch 64 1 1 2 2 0
2011889366637348 137212166624960 book_end 1 0 0 0 0 0
2011889366637458 137212166624960 coll_beg 0 0 0 0 0 0
2011889367018854 137212166624960 coll_end 0 0 0 0 0 0
2011889367019034 137212166624960 rel_beg 1 0 0 0 0 0
2011889367019554 137212166624960 absorb 64 0 0 0 0 0
2011889367024673 137212166624960 rel_end 1 0 0 0 0 0
2011889367027003 137212166624960 wait_beg 0 0 0 0 0 0
2011889367084671 137212174624640 send 18 0 0 63 61 1
2011889367492756 137212174624640 send 499961 0 0 63 61 1
2011889367836774 137212174624640 send 426815 0 0 63 61 1
2011889367838294 137212174624640 send 14 0 0 63 61 1
2011889367838774 137212174624640 egress 64 1 0 61 0 0
2011889367032253 137212158232256 emit_beg 64 0 0 0 0 0
2011889367035833 137212158232256 dmg 0 1 0 0 1920 1080
2011889367036193 137212158232256 enc 63 63 1 -1 -1 0
2011889367105370 137212158232256 emit_end 64 0 0 0 0 0
2011889383222232 137212166624960 wait_end 0 0 0 0 0 0
2011889383225782 137212166624960 drain_beg 0 0 0 0 0 0
2011889383226232 137212166624960 drain_end 1 0 0 0 0 0
2011889383226382 137212166624960 take 65 0 0 0 0 0
2011889383227032 137212166624960 subm_beg 1 0 0 0 0 0
2011889383227742 137212166624960 submit 65 0 0 0 0 0
2011889383227892 137212166624960 subm_end 1 0 0 0 0 0
2011889383227952 137212166624960 pump_beg 1 0 0 0 0 0
2011889383571869 137212166624960 feedend 64 0 0 0 0 0
2011889383794771 137212166624960 feedend 64 1 0 0 0 0
2011889378883520 137212174624640 cliack 62 0 63 64 0 0
2011889378883730 137212174624640 ackregion 63 64 64 62 1 0
2011889383206662 137212174624640 msgin 65 12533760 0 0 0 0
2011889383207032 137212174624640 enq 65 1 0 0 0 0
2011889391075795 137212166624960 outfirst 64 1 65536 0 0 0
2011889392022831 137212166624960 outfirst 64 0 65536 0 0 0
2011889392088808 137212166624960 pump_end 1 2 0 0 0 0
2011889392089038 137212166624960 join_beg 1 0 0 0 0 0
2011889392089388 137212166624960 join_end 0 0 0 0 0 0
2011889392089588 137212166624960 book_beg 1 0 0 0 0 0
2011889392095278 137212166624960 batch 65 1 1 2 2 0
2011889392095338 137212166624960 book_end 1 0 0 0 0 0
2011889392095388 137212166624960 coll_beg 0 0 0 0 0 0
2011889392440365 137212166624960 coll_end 0 0 0 0 0 0
2011889392440405 137212166624960 rel_beg 1 0 0 0 0 0
2011889392440825 137212166624960 absorb 65 0 0 0 0 0
2011889392444555 137212166624960 rel_end 1 0 0 0 0 0
2011889392446575 137212166624960 wait_beg 0 0 0 0 0 0
2011889392510813 137212174624640 send 18 0 0 64 62 1
2011889392977226 137212174624640 send 446469 0 0 64 62 1
2011889393247036 137212174624640 send 375204 0 0 64 62 1
2011889393248306 137212174624640 send 14 0 0 64 62 1
2011889393248546 137212174624640 egress 65 1 0 62 0 0
2011889392453505 137212158232256 emit_beg 65 0 0 0 0 0
2011889392460135 137212158232256 dmg 0 1 0 0 1920 1080
2011889392460595 137212158232256 enc 64 64 1 -1 -1 0
2011889392525672 137212158232256 emit_end 65 0 0 0 0 0
2011889421498404 137212166624960 wait_end 0 0 0 0 0 0
2011889421502004 137212166624960 drain_beg 0 0 0 0 0 0
2011889421502204 137212166624960 drain_end 1 0 0 0 0 0
2011889421502484 137212166624960 take 66 0 0 0 0 0
2011889421502814 137212166624960 subm_beg 1 0 0 0 0 0
2011889421503354 137212166624960 submit 66 0 0 0 0 0
2011889421503724 137212166624960 subm_end 1 0 0 0 0 0
2011889421503784 137212166624960 pump_beg 1 0 0 0 0 0
2011889421849451 137212166624960 feedend 65 0 0 0 0 0
2011889422069503 137212166624960 feedend 65 1 0 0 0 0
2011889418432196 137212174624640 cliack 63 0 64 65 0 0
2011889418432616 137212174624640 ackregion 64 65 65 63 1 0
2011889421478745 137212174624640 msgin 66 12533760 0 0 0 0
2011889421479385 137212174624640 enq 66 1 0 0 0 0
2011889429852029 137212166624960 outfirst 65 1 65536 0 0 0
2011889430972368 137212166624960 outfirst 65 0 65536 0 0 0
2011889431057105 137212166624960 pump_end 1 2 0 0 0 0
2011889431057335 137212166624960 join_beg 1 0 0 0 0 0
2011889431057725 137212166624960 join_end 0 0 0 0 0 0
2011889431058025 137212166624960 book_beg 1 0 0 0 0 0
2011889431058245 137212166624960 batch 66 1 1 2 2 0
2011889431058275 137212166624960 book_end 1 0 0 0 0 0
2011889431058405 137212166624960 coll_beg 0 0 0 0 0 0
2011889431469110 137212166624960 coll_end 0 0 0 0 0 0
2011889431469250 137212166624960 rel_beg 1 0 0 0 0 0
2011889431469550 137212166624960 absorb 66 0 0 0 0 0
2011889431473060 137212166624960 rel_end 1 0 0 0 0 0
2011889431474840 137212166624960 wait_beg 0 0 0 0 0 0
2011889431545397 137212174624640 send 18 0 0 65 63 1
2011889432162894 137212174624640 send 519520 0 0 65 63 1
2011889432657586 137212174624640 send 426199 0 0 65 63 1
2011889432659826 137212174624640 send 14 0 0 65 63 1
2011889432660116 137212174624640 egress 66 1 0 63 0 0
2011889431492389 137212158232256 emit_beg 66 0 0 0 0 0
2011889431498049 137212158232256 dmg 0 1 0 0 1920 1080
2011889431498279 137212158232256 enc 65 65 1 -1 -1 0
2011889431591295 137212158232256 emit_end 66 0 0 0 0 0
2011889460650044 137212166624960 wait_end 0 0 0 0 0 0
2011889460652974 137212166624960 drain_beg 0 0 0 0 0 0
2011889460653274 137212166624960 drain_end 1 0 0 0 0 0
2011889460653464 137212166624960 take 67 0 0 0 0 0
2011889460653924 137212166624960 subm_beg 1 0 0 0 0 0
2011889460654564 137212166624960 submit 67 0 0 0 0 0
2011889460655014 137212166624960 subm_end 1 0 0 0 0 0
2011889460655074 137212166624960 pump_beg 1 0 0 0 0 0
2011889461029870 137212166624960 feedend 66 0 0 0 0 0
2011889461227763 137212166624960 feedend 66 1 0 0 0 0
2011889458401876 137212174624640 cliack 64 0 65 66 0 0
2011889458402196 137212174624640 ackregion 65 66 66 64 1 0
2011889460630515 137212174624640 msgin 67 12533760 0 0 0 0
2011889460630885 137212174624640 enq 67 1 0 0 0 0
2011889468340033 137212166624960 outfirst 66 1 65536 0 0 0
2011889469156233 137212166624960 outfirst 66 0 65536 0 0 0
2011889469218581 137212166624960 pump_end 1 2 0 0 0 0
2011889469219021 137212166624960 join_beg 1 0 0 0 0 0
2011889469219721 137212166624960 join_end 0 0 0 0 0 0
2011889469220111 137212166624960 book_beg 1 0 0 0 0 0
2011889469221141 137212166624960 batch 67 1 1 2 2 0
2011889469221301 137212166624960 book_end 1 0 0 0 0 0
2011889469221461 137212166624960 coll_beg 0 0 0 0 0 0
2011889469539539 137212166624960 coll_end 0 0 0 0 0 0
2011889469539579 137212166624960 rel_beg 1 0 0 0 0 0
2011889469540229 137212166624960 absorb 67 0 0 0 0 0
2011889469545369 137212166624960 rel_end 1 0 0 0 0 0
2011889469547589 137212166624960 wait_beg 0 0 0 0 0 0
2011889469598487 137212174624640 send 18 0 0 66 64 1
2011889469961244 137212174624640 send 410427 0 0 66 64 1
2011889470358609 137212174624640 send 350782 0 0 66 64 1
2011889470360359 137212174624640 send 14 0 0 66 64 1
2011889470360799 137212174624640 egress 67 1 0 64 0 0
2011889469565538 137212158232256 emit_beg 67 0 0 0 0 0
2011889469572268 137212158232256 dmg 0 1 0 0 1920 1080
2011889469572478 137212158232256 enc 66 66 1 -1 -1 0
2011889469634176 137212158232256 emit_end 67 0 0 0 0 0
2011889493690547 137212174624640 cliack 65 0 66 67 0 0
2011889493691147 137212174624640 ackregion 66 67 67 65 1 0
2011889498371046 137212166624960 wait_end 0 0 0 0 0 0
2011889498374396 137212166624960 drain_beg 0 0 0 0 0 0
2011889498374756 137212166624960 drain_end 1 0 0 0 0 0
2011889498374926 137212166624960 take 68 0 0 0 0 0
2011889498375306 137212166624960 subm_beg 1 0 0 0 0 0
2011889498376586 137212166624960 submit 68 0 0 0 0 0
2011889498376816 137212166624960 subm_end 1 0 0 0 0 0
2011889498376936 137212166624960 pump_beg 1 0 0 0 0 0
2011889498719704 137212166624960 feedend 67 0 0 0 0 0
2011889498913887 137212166624960 feedend 67 1 0 0 0 0
2011889498355077 137212174624640 msgin 68 12533760 0 0 0 0
2011889498355777 137212174624640 enq 68 1 0 0 0 0
2011889507268361 137212166624960 outfirst 67 1 65536 0 0 0
2011889508100721 137212166624960 outfirst 67 0 65536 0 0 0
2011889508187188 137212166624960 pump_end 1 2 0 0 0 0
2011889508187568 137212166624960 join_beg 1 0 0 0 0 0
2011889508188458 137212166624960 join_end 0 0 0 0 0 0
2011889508188758 137212166624960 book_beg 1 0 0 0 0 0
2011889508189498 137212166624960 batch 68 1 1 2 2 0
2011889508189628 137212166624960 book_end 1 0 0 0 0 0
2011889508189798 137212166624960 coll_beg 0 0 0 0 0 0
2011889508651511 137212166624960 coll_end 0 0 0 0 0 0
2011889508651671 137212166624960 rel_beg 1 0 0 0 0 0
2011889508652321 137212166624960 absorb 68 0 0 0 0 0
2011889508657231 137212166624960 rel_end 1 0 0 0 0 0
2011889508659880 137212166624960 wait_beg 0 0 0 0 0 0
2011889508718168 137212174624640 send 18 0 0 67 65 1
2011889509158852 137212174624640 send 543017 0 0 67 65 1
2011889509499360 137212174624640 send 485240 0 0 67 65 1
2011889509500670 137212174624640 send 14 0 0 67 65 1
2011889509500930 137212174624640 egress 68 1 0 65 0 0
2011889508678700 137212158232256 emit_beg 68 0 0 0 0 0
2011889508686270 137212158232256 dmg 0 1 0 0 1920 1080
2011889508696059 137212158232256 enc 67 67 1 -1 -1 0
2011889508779716 137212158232256 emit_end 68 0 0 0 0 0
2011889534863714 137212174624640 cliack 66 0 67 68 0 0
2011889534864094 137212174624640 ackregion 67 68 68 66 1 0
2011889539476395 137212166624960 wait_end 0 0 0 0 0 0
2011889539480175 137212166624960 drain_beg 0 0 0 0 0 0
2011889539480525 137212166624960 drain_end 1 0 0 0 0 0
2011889539480695 137212166624960 take 69 0 0 0 0 0
2011889539480985 137212166624960 subm_beg 1 0 0 0 0 0
2011889539487185 137212166624960 submit 69 0 0 0 0 0
2011889539487355 137212166624960 subm_end 1 0 0 0 0 0
2011889539487385 137212166624960 pump_beg 1 0 0 0 0 0
2011889539859621 137212166624960 feedend 68 0 0 0 0 0
2011889540130101 137212166624960 feedend 68 1 0 0 0 0
2011889539447556 137212174624640 msgin 69 12533760 0 0 0 0
2011889539447926 137212174624640 enq 69 1 0 0 0 0
2011889547640187 137212166624960 outfirst 68 1 65536 0 0 0
2011889548631521 137212166624960 outfirst 68 0 65536 0 0 0
2011889548767036 137212166624960 pump_end 1 2 0 0 0 0
2011889548767766 137212166624960 join_beg 1 0 0 0 0 0
2011889548769276 137212166624960 join_end 0 0 0 0 0 0
2011889548769436 137212166624960 book_beg 1 0 0 0 0 0
2011889548770956 137212166624960 batch 69 1 1 2 2 0
2011889548770996 137212166624960 book_end 1 0 0 0 0 0
2011889548771066 137212166624960 coll_beg 0 0 0 0 0 0
2011889549169931 137212166624960 coll_end 0 0 0 0 0 0
2011889549170031 137212166624960 rel_beg 1 0 0 0 0 0
2011889549170881 137212166624960 absorb 69 0 0 0 0 0
2011889549179231 137212166624960 rel_end 1 0 0 0 0 0
2011889549181961 137212166624960 wait_beg 0 0 0 0 0 0
2011889549271597 137212174624640 send 18 0 0 68 66 1
2011889549637554 137212174624640 send 448774 0 0 68 66 1
2011889549941943 137212174624640 send 386517 0 0 68 66 1
2011889549943493 137212174624640 send 14 0 0 68 66 1
2011889549943853 137212174624640 egress 69 1 0 66 0 0
2011889549194970 137212158232256 emit_beg 69 0 0 0 0 0
2011889549199450 137212158232256 dmg 0 1 0 0 1920 1080
2011889549199650 137212158232256 enc 68 68 1 -1 -1 0
2011889549291617 137212158232256 emit_end 69 0 0 0 0 0
2011889572960422 137212166624960 wait_end 0 0 0 0 0 0
2011889572962862 137212166624960 drain_beg 0 0 0 0 0 0
2011889572963462 137212166624960 drain_end 1 0 0 0 0 0
2011889572963532 137212166624960 take 70 0 0 0 0 0
2011889572963742 137212166624960 subm_beg 1 0 0 0 0 0
2011889572964212 137212166624960 submit 70 0 0 0 0 0
2011889572964362 137212166624960 subm_end 1 0 0 0 0 0
2011889572964392 137212166624960 pump_beg 1 0 0 0 0 0
2011889573264951 137212166624960 feedend 69 0 0 0 0 0
2011889573479943 137212166624960 feedend 69 1 0 0 0 0
2011889567734043 137212174624640 cliack 67 0 68 69 0 0
2011889567734243 137212174624640 ackregion 68 69 69 67 1 0
2011889572940933 137212174624640 msgin 70 12533760 0 0 0 0
2011889572941423 137212174624640 enq 70 1 0 0 0 0
2011889580306834 137212166624960 outfirst 69 1 65536 0 0 0
2011889581403504 137212166624960 outfirst 69 0 65536 0 0 0
2011889581498770 137212166624960 pump_end 1 2 0 0 0 0
2011889581499050 137212166624960 join_beg 1 0 0 0 0 0
2011889581499400 137212166624960 join_end 0 0 0 0 0 0
2011889581499720 137212166624960 book_beg 1 0 0 0 0 0
2011889581499960 137212166624960 batch 70 1 1 2 2 0
2011889581500110 137212166624960 book_end 1 0 0 0 0 0
2011889581500270 137212166624960 coll_beg 0 0 0 0 0 0
2011889581825468 137212166624960 coll_end 0 0 0 0 0 0
2011889581825538 137212166624960 rel_beg 1 0 0 0 0 0
2011889581826238 137212166624960 absorb 70 0 0 0 0 0
2011889581830648 137212166624960 rel_end 1 0 0 0 0 0
2011889581832658 137212166624960 wait_beg 0 0 0 0 0 0
2011889581869047 137212174624640 send 18 0 0 69 67 1
2011889582412037 137212174624640 send 421911 0 0 69 67 1
2011889582802003 137212174624640 send 338188 0 0 69 67 1
2011889582803543 137212174624640 send 14 0 0 69 67 1
2011889582804143 137212174624640 egress 70 1 0 67 0 0
2011889581837388 137212158232256 emit_beg 70 0 0 0 0 0
2011889581840338 137212158232256 dmg 0 1 0 0 1920 1080
2011889581840518 137212158232256 enc 69 69 1 -1 -1 0
2011889581897126 137212158232256 emit_end 70 0 0 0 0 0
2011889612786228 137212166624960 wait_end 0 0 0 0 0 0
2011889612788458 137212166624960 drain_beg 0 0 0 0 0 0
2011889612788688 137212166624960 drain_end 1 0 0 0 0 0
2011889612789217 137212166624960 take 71 0 0 0 0 0
2011889612789427 137212166624960 subm_beg 1 0 0 0 0 0
2011889612789997 137212166624960 submit 71 0 0 0 0 0
2011889612790277 137212166624960 subm_end 1 0 0 0 0 0
2011889612790317 137212166624960 pump_beg 1 0 0 0 0 0
2011889613092726 137212166624960 feedend 70 0 0 0 0 0
2011889613286329 137212166624960 feedend 70 1 0 0 0 0
2011889612014536 137212174624640 cliack 68 0 69 70 0 0
2011889612014896 137212174624640 ackregion 69 70 70 68 1 0
2011889612767778 137212174624640 msgin 71 12533760 0 0 0 0
2011889612768078 137212174624640 enq 71 1 0 0 0 0
2011889621293797 137212166624960 outfirst 70 1 65536 0 0 0
2011889621963762 137212166624960 outfirst 70 0 65536 0 0 0
2011889622050869 137212166624960 pump_end 1 2 0 0 0 0
2011889622051069 137212166624960 join_beg 1 0 0 0 0 0
2011889622051379 137212166624960 join_end 0 0 0 0 0 0
2011889622051659 137212166624960 book_beg 1 0 0 0 0 0
2011889622051879 137212166624960 batch 71 1 1 2 2 0
2011889622051909 137212166624960 book_end 1 0 0 0 0 0
2011889622052039 137212166624960 coll_beg 0 0 0 0 0 0
2011889622351968 137212166624960 coll_end 0 0 0 0 0 0
2011889622352008 137212166624960 rel_beg 1 0 0 0 0 0
2011889622352368 137212166624960 absorb 71 0 0 0 0 0
2011889622355668 137212166624960 rel_end 1 0 0 0 0 0
2011889622357908 137212166624960 wait_beg 0 0 0 0 0 0
2011889622410946 137212174624640 send 18 0 0 70 68 1
2011889623019814 137212174624640 send 499687 0 0 70 68 1
2011889623569204 137212174624640 send 459090 0 0 70 68 1
2011889623571424 137212174624640 send 14 0 0 70 68 1
2011889623571924 137212174624640 egress 71 1 0 68 0 0
2011889622362828 137212158232256 emit_beg 71 0 0 0 0 0
2011889622364968 137212158232256 dmg 0 1 0 0 1920 1080
2011889622365118 137212158232256 enc 70 70 1 -1 -1 0
2011889622440145 137212158232256 emit_end 71 0 0 0 0 0
2011889651967717 137212166624960 wait_end 0 0 0 0 0 0
2011889651972037 137212166624960 drain_beg 0 0 0 0 0 0
2011889651972407 137212166624960 drain_end 1 0 0 0 0 0
2011889651972576 137212166624960 take 72 0 0 0 0 0
2011889651973126 137212166624960 subm_beg 1 0 0 0 0 0
2011889651973646 137212166624960 submit 72 0 0 0 0 0
2011889651973826 137212166624960 subm_end 1 0 0 0 0 0
2011889651973886 137212166624960 pump_beg 1 0 0 0 0 0
2011889652283365 137212166624960 feedend 71 0 0 0 0 0
2011889652507397 137212166624960 feedend 71 1 0 0 0 0
2011889648073569 137212174624640 cliack 69 0 70 71 0 0
2011889648073879 137212174624640 ackregion 70 71 71 69 1 0
2011889651942518 137212174624640 msgin 72 12533760 0 0 0 0
2011889651942888 137212174624640 enq 72 1 0 0 0 0
2011889659544390 137212166624960 outfirst 71 1 65536 0 0 0
2011889660445187 137212166624960 outfirst 71 0 65536 0 0 0
2011889660519334 137212166624960 pump_end 1 2 0 0 0 0
2011889660519564 137212166624960 join_beg 1 0 0 0 0 0
2011889660520234 137212166624960 join_end 0 0 0 0 0 0
2011889660520424 137212166624960 book_beg 1 0 0 0 0 0
2011889660521074 137212166624960 batch 72 1 1 2 2 0
2011889660521224 137212166624960 book_end 1 0 0 0 0 0
2011889660524384 137212166624960 coll_beg 0 0 0 0 0 0
2011889660770605 137212166624960 coll_end 0 0 0 0 0 0
2011889660770665 137212166624960 rel_beg 1 0 0 0 0 0
2011889660771125 137212166624960 absorb 72 0 0 0 0 0
2011889660775875 137212166624960 rel_end 1 0 0 0 0 0
2011889660777825 137212166624960 wait_beg 0 0 0 0 0 0
2011889660817043 137212174624640 send 18 0 0 71 69 1
2011889661295746 137212174624640 send 408044 0 0 71 69 1
2011889661668092 137212174624640 send 350602 0 0 71 69 1
2011889661669752 137212174624640 send 14 0 0 71 69 1
2011889661670252 137212174624640 egress 72 1 0 69 0 0
2011889660783015 137212158232256 emit_beg 72 0 0 0 0 0
2011889660785925 137212158232256 dmg 0 1 0 0 1920 1080
2011889660786085 137212158232256 enc 71 71 1 -1 -1 0
2011889660843972 137212158232256 emit_end 72 0 0 0 0 0
2011889684321115 137212166624960 wait_end 0 0 0 0 0 0
2011889684324505 137212166624960 drain_beg 0 0 0 0 0 0
2011889684324885 137212166624960 drain_end 1 0 0 0 0 0
2011889684325075 137212166624960 take 73 0 0 0 0 0
2011889684325635 137212166624960 subm_beg 1 0 0 0 0 0
2011889684326235 137212166624960 submit 73 0 0 0 0 0
2011889684326435 137212166624960 subm_end 1 0 0 0 0 0
2011889684326505 137212166624960 pump_beg 1 0 0 0 0 0
2011889684690342 137212166624960 feedend 72 0 0 0 0 0
2011889684913313 137212166624960 feedend 72 1 0 0 0 0
2011889681056104 137212174624640 cliack 70 0 71 72 0 0
2011889681056384 137212174624640 ackregion 71 72 72 70 1 0
2011889684307226 137212174624640 msgin 73 12533760 0 0 0 0
2011889684307666 137212174624640 enq 73 1 0 0 0 0
2011889692552854 137212166624960 outfirst 72 1 65536 0 0 0
2011889693544468 137212166624960 outfirst 72 0 65536 0 0 0
2011889693636715 137212166624960 pump_end 1 2 0 0 0 0
2011889693637075 137212166624960 join_beg 1 0 0 0 0 0
2011889693638175 137212166624960 join_end 0 0 0 0 0 0
2011889693638425 137212166624960 book_beg 1 0 0 0 0 0
2011889693638845 137212166624960 batch 73 1 1 2 2 0
2011889693638995 137212166624960 book_end 1 0 0 0 0 0
2011889693639135 137212166624960 coll_beg 0 0 0 0 0 0
2011889693921384 137212166624960 coll_end 0 0 0 0 0 0
2011889693921544 137212166624960 rel_beg 1 0 0 0 0 0
2011889693922054 137212166624960 absorb 73 0 0 0 0 0
2011889693926294 137212166624960 rel_end 1 0 0 0 0 0
2011889693928214 137212166624960 wait_beg 0 0 0 0 0 0
2011889694020991 137212174624640 send 18 0 0 72 70 1
2011889694588290 137212174624640 send 483493 0 0 72 70 1
2011889694957907 137212174624640 send 421406 0 0 72 70 1
2011889694959117 137212174624640 send 14 0 0 72 70 1
2011889694959387 137212174624640 egress 73 1 0 70 0 0
2011889693947024 137212158232256 emit_beg 73 0 0 0 0 0
2011889693953453 137212158232256 dmg 0 1 0 0 1920 1080
2011889693953633 137212158232256 enc 72 72 1 -1 -1 0
2011889694024061 137212158232256 emit_end 73 0 0 0 0 0
2011889722368285 137212174624640 cliack 71 0 72 73 0 0
2011889722368675 137212174624640 ackregion 72 73 73 71 1 0
2011889726920889 137212166624960 wait_end 0 0 0 0 0 0
2011889726924389 137212166624960 drain_beg 0 0 0 0 0 0
2011889726924709 137212166624960 drain_end 1 0 0 0 0 0
2011889726924889 137212166624960 take 74 0 0 0 0 0
2011889726925239 137212166624960 subm_beg 1 0 0 0 0 0
2011889726925719 137212166624960 submit 74 0 0 0 0 0
2011889726925909 137212166624960 subm_end 1 0 0 0 0 0
2011889726925969 137212166624960 pump_beg 1 0 0 0 0 0
2011889727295636 137212166624960 feedend 73 0 0 0 0 0
2011889727531377 137212166624960 feedend 73 1 0 0 0 0
2011889734605558 137212166624960 outfirst 73 1 65536 0 0 0
2011889735636591 137212166624960 outfirst 73 0 65536 0 0 0
2011889735739877 137212166624960 pump_end 1 2 0 0 0 0
2011889735740087 137212166624960 join_beg 1 0 0 0 0 0
2011889735740437 137212166624960 join_end 0 0 0 0 0 0
2011889735740637 137212166624960 book_beg 1 0 0 0 0 0
2011889735741027 137212166624960 batch 74 1 1 2 2 0
2011889735741077 137212166624960 book_end 1 0 0 0 0 0
2011889735741117 137212166624960 coll_beg 0 0 0 0 0 0
2011889736116163 137212166624960 coll_end 0 0 0 0 0 0
2011889736116333 137212166624960 rel_beg 1 0 0 0 0 0
2011889736116653 137212166624960 absorb 74 0 0 0 0 0
2011889736120763 137212166624960 rel_end 1 0 0 0 0 0
2011889736122293 137212166624960 wait_beg 0 0 0 0 0 0
2011889726902350 137212174624640 msgin 74 12533760 0 0 0 0
2011889726902770 137212174624640 enq 74 1 0 0 0 0
2011889736188111 137212174624640 send 18 0 0 73 71 1
2011889736139563 137212158232256 emit_beg 74 0 0 0 0 0
2011889736142572 137212158232256 dmg 0 1 0 0 1920 1080
2011889736142972 137212158232256 enc 73 73 1 -1 -1 0
2011889736203400 137212158232256 emit_end 74 0 0 0 0 0
2011889736721111 137212174624640 send 439960 0 0 73 71 1
2011889737061789 137212174624640 send 364237 0 0 73 71 1
2011889737063139 137212174624640 send 14 0 0 73 71 1
2011889737063569 137212174624640 egress 74 1 0 71 0 0
2011889755308032 137212174624640 cliack 72 0 73 74 0 0
2011889755308342 137212174624640 ackregion 73 74 74 72 1 0
2011889757647157 137212166624960 wait_end 0 0 0 0 0 0
2011889757650877 137212166624960 drain_beg 0 0 0 0 0 0
2011889757651347 137212166624960 drain_end 1 0 0 0 0 0
2011889757651507 137212166624960 take 75 0 0 0 0 0
2011889757651867 137212166624960 subm_beg 1 0 0 0 0 0
2011889757652677 137212166624960 submit 75 0 0 0 0 0
2011889757652797 137212166624960 subm_end 1 0 0 0 0 0
2011889757652877 137212166624960 pump_beg 1 0 0 0 0 0
2011889757979315 137212166624960 feedend 74 0 0 0 0 0
2011889758202557 137212166624960 feedend 74 1 0 0 0 0
2011889764887173 137212166624960 outfirst 74 1 65536 0 0 0
2011889765799199 137212166624960 outfirst 74 0 65536 0 0 0
2011889765859447 137212166624960 pump_end 1 2 0 0 0 0
2011889765859667 137212166624960 join_beg 1 0 0 0 0 0
2011889765859867 137212166624960 join_end 0 0 0 0 0 0
2011889765860137 137212166624960 book_beg 1 0 0 0 0 0
2011889765860797 137212166624960 batch 75 1 1 2 2 0
2011889765860817 137212166624960 book_end 1 0 0 0 0 0
2011889765860947 137212166624960 coll_beg 0 0 0 0 0 0
2011889766189155 137212166624960 coll_end 0 0 0 0 0 0
2011889766189375 137212166624960 rel_beg 1 0 0 0 0 0
2011889766190065 137212166624960 absorb 75 0 0 0 0 0
2011889766193115 137212166624960 rel_end 1 0 0 0 0 0
2011889766195405 137212166624960 wait_beg 0 0 0 0 0 0
2011889757621348 137212174624640 msgin 75 12533760 0 0 0 0
2011889757621808 137212174624640 enq 75 1 0 0 0 0
2011889766263142 137212174624640 send 18 0 0 74 72 1
2011889766685607 137212174624640 send 365781 0 0 74 72 1
2011889766212184 137212158232256 emit_beg 75 0 0 0 0 0
2011889766218204 137212158232256 dmg 0 1 0 0 1920 1080
2011889766218404 137212158232256 enc 74 74 1 -1 -1 0
2011889766266952 137212158232256 emit_end 75 0 0 0 0 0
2011889766960407 137212174624640 send 297908 0 0 74 72 1
2011889766961787 137212174624640 send 14 0 0 74 72 1
2011889766962007 137212174624640 egress 75 1 0 72 0 0
2011889795456366 137212166624960 wait_end 0 0 0 0 0 0
2011889795459226 137212166624960 drain_beg 0 0 0 0 0 0
2011889795459516 137212166624960 drain_end 1 0 0 0 0 0
2011889795459686 137212166624960 take 76 0 0 0 0 0
2011889795459936 137212166624960 subm_beg 1 0 0 0 0 0
2011889795460516 137212166624960 submit 76 0 0 0 0 0
2011889795460656 137212166624960 subm_end 1 0 0 0 0 0
2011889795460706 137212166624960 pump_beg 1 0 0 0 0 0
2011889795743666 137212166624960 feedend 75 0 0 0 0 0
2011889795941138 137212166624960 feedend 75 1 0 0 0 0
2011889794261590 137212174624640 cliack 73 0 74 75 0 0
2011889794261910 137212174624640 ackregion 74 75 75 73 1 0
2011889795432397 137212174624640 msgin 76 12533760 0 0 0 0
2011889795432577 137212174624640 enq 76 1 0 0 0 0
2011889803254411 137212166624960 outfirst 75 1 65536 0 0 0
2011889804497336 137212166624960 outfirst 75 0 65536 0 0 0
2011889804575213 137212166624960 pump_end 1 2 0 0 0 0
2011889804575913 137212166624960 join_beg 1 0 0 0 0 0
2011889804577493 137212166624960 join_end 0 0 0 0 0 0
2011889804577543 137212166624960 book_beg 1 0 0 0 0 0
2011889804578713 137212166624960 batch 76 1 1 2 2 0
2011889804578753 137212166624960 book_end 1 0 0 0 0 0
2011889804578893 137212166624960 coll_beg 0 0 0 0 0 0
2011889804866492 137212166624960 coll_end 0 0 0 0 0 0
2011889804866532 137212166624960 rel_beg 1 0 0 0 0 0
2011889804867292 137212166624960 absorb 76 0 0 0 0 0
2011889804874332 137212166624960 rel_end 1 0 0 0 0 0
2011889804876412 137212166624960 wait_beg 0 0 0 0 0 0
2011889805003737 137212174624640 send 18 0 0 75 73 1
2011889805583476 137212174624640 send 462216 0 0 75 73 1
2011889806036890 137212174624640 send 369105 0 0 75 73 1
2011889806038470 137212174624640 send 14 0 0 75 73 1
2011889806038860 137212174624640 egress 76 1 0 73 0 0
2011889804893081 137212158232256 emit_beg 76 0 0 0 0 0
2011889804895721 137212158232256 dmg 0 1 0 0 1920 1080
2011889804895921 137212158232256 enc 75 75 1 -1 -1 0
2011889804953569 137212158232256 emit_end 76 0 0 0 0 0
2011889834650755 137212166624960 wait_end 0 0 0 0 0 0
2011889834654205 137212166624960 drain_beg 0 0 0 0 0 0
2011889834654685 137212166624960 drain_end 1 0 0 0 0 0
2011889834654915 137212166624960 take 77 0 0 0 0 0
2011889834655225 137212166624960 subm_beg 1 0 0 0 0 0
2011889834655734 137212166624960 submit 77 0 0 0 0 0
2011889834655914 137212166624960 subm_end 1 0 0 0 0 0
2011889834655964 137212166624960 pump_beg 1 0 0 0 0 0
2011889834933434 137212166624960 feedend 76 0 0 0 0 0
2011889835152436 137212166624960 feedend 76 1 0 0 0 0
2011889829033060 137212174624640 cliack 74 0 75 76 0 0
2011889829033210 137212174624640 ackregion 75 76 76 74 1 0
2011889834624826 137212174624640 msgin 77 12533760 0 0 0 0
2011889834625966 137212174624640 enq 77 1 0 0 0 0
2011889842214608 137212166624960 outfirst 76 1 65536 0 0 0
2011889842848165 137212166624960 outfirst 76 0 65536 0 0 0
2011889842912273 137212166624960 pump_end 1 2 0 0 0 0
2011889842912493 137212166624960 join_beg 1 0 0 0 0 0
2011889842912903 137212166624960 join_end 0 0 0 0 0 0
2011889842913143 137212166624960 book_beg 1 0 0 0 0 0
2011889842913503 137212166624960 batch 77 1 1 2 2 0
2011889842913583 137212166624960 book_end 1 0 0 0 0 0
2011889842913743 137212166624960 coll_beg 0 0 0 0 0 0
2011889843223001 137212166624960 coll_end 0 0 0 0 0 0
2011889843223101 137212166624960 rel_beg 1 0 0 0 0 0
2011889843223541 137212166624960 absorb 77 0 0 0 0 0
2011889843227681 137212166624960 rel_end 1 0 0 0 0 0
2011889843230171 137212166624960 wait_beg 0 0 0 0 0 0
2011889843305039 137212174624640 send 18 0 0 76 74 1
2011889843583648 137212174624640 send 383544 0 0 76 74 1
2011889843817230 137212174624640 send 339734 0 0 76 74 1
2011889843818450 137212174624640 send 14 0 0 76 74 1
2011889843818640 137212174624640 egress 77 1 0 74 0 0
2011889843247901 137212158232256 emit_beg 77 0 0 0 0 0
2011889843255240 137212158232256 dmg 0 1 0 0 1920 1080
2011889843255480 137212158232256 enc 76 76 1 -1 -1 0
2011889843312128 137212158232256 emit_end 77 0 0 0 0 0
2011889860627066 137212166624960 wait_end 0 0 0 0 0 0
2011889860628976 137212166624960 drain_beg 0 0 0 0 0 0
2011889860629216 137212166624960 drain_end 1 0 0 0 0 0
2011889860629376 137212166624960 take 78 0 0 0 0 0
2011889860629556 137212166624960 subm_beg 1 0 0 0 0 0
2011889860630076 137212166624960 submit 78 0 0 0 0 0
2011889860630226 137212166624960 subm_end 1 0 0 0 0 0
2011889860630256 137212166624960 pump_beg 1 0 0 0 0 0
2011889860889096 137212166624960 feedend 77 0 0 0 0 0
2011889860964464 137212166624960 feedend 77 1 0 0 0 0
2011889857680824 137212174624640 cliack 75 0 76 77 0 0
2011889857681224 137212174624640 ackregion 76 77 77 75 1 0
2011889860614396 137212174624640 msgin 78 12533760 0 0 0 0
2011889860614906 137212174624640 enq 78 1 0 0 0 0
2011889867729317 137212166624960 outfirst 77 1 65536 0 0 0
2011889868363093 137212166624960 outfirst 77 0 65536 0 0 0
2011889868442310 137212166624960 pump_end 1 2 0 0 0 0
2011889868442680 137212166624960 join_beg 1 0 0 0 0 0
2011889868443180 137212166624960 join_end 0 0 0 0 0 0
2011889868443270 137212166624960 book_beg 1 0 0 0 0 0
2011889868443560 137212166624960 batch 78 1 1 2 2 0
2011889868443730 137212166624960 book_end 1 0 0 0 0 0
2011889868443920 137212166624960 coll_beg 0 0 0 0 0 0
2011889868751549 137212166624960 coll_end 0 0 0 0 0 0
2011889868751719 137212166624960 rel_beg 1 0 0 0 0 0
2011889868752129 137212166624960 absorb 78 0 0 0 0 0
2011889868757379 137212166624960 rel_end 1 0 0 0 0 0
2011889868759609 137212166624960 wait_beg 0 0 0 0 0 0
2011889868820007 137212174624640 send 18 0 0 77 75 1
2011889869264700 137212174624640 send 355199 0 0 77 75 1
2011889869634217 137212174624640 send 310128 0 0 77 75 1
2011889869642467 137212174624640 send 14 0 0 77 75 1
2011889869642777 137212174624640 egress 78 1 0 75 0 0
2011889868777928 137212158232256 emit_beg 78 0 0 0 0 0
2011889868780518 137212158232256 dmg 0 1 0 0 1920 1080
2011889868780678 137212158232256 enc 77 77 1 -1 -1 0
2011889868831756 137212158232256 emit_end 78 0 0 0 0 0
2011889896886092 137212166624960 wait_end 0 0 0 0 0 0
2011889896888291 137212166624960 drain_beg 0 0 0 0 0 0
2011889896888591 137212166624960 drain_end 1 0 0 0 0 0
2011889896888691 137212166624960 take 79 0 0 0 0 0
2011889896889171 137212166624960 subm_beg 1 0 0 0 0 0
2011889896889601 137212166624960 submit 79 0 0 0 0 0
2011889896889751 137212166624960 subm_end 1 0 0 0 0 0
2011889896889791 137212166624960 pump_beg 1 0 0 0 0 0
2011889897159812 137212166624960 feedend 78 0 0 0 0 0
2011889897382043 137212166624960 feedend 78 1 0 0 0 0
2011889893717557 137212174624640 cliack 76 0 77 78 0 0
2011889893718027 137212174624640 ackregion 77 78 78 76 1 0
2011889896873072 137212174624640 msgin 79 12533760 0 0 0 0
2011889896874302 137212174624640 enq 79 1 0 0 0 0
2011889904380228 137212166624960 outfirst 78 1 65536 0 0 0
2011889905600173 137212166624960 outfirst 78 0 65536 0 0 0
2011889905666891 137212166624960 pump_end 1 2 0 0 0 0
2011889905667171 137212166624960 join_beg 1 0 0 0 0 0
2011889905668001 137212166624960 join_end 0 0 0 0 0 0
2011889905668161 137212166624960 book_beg 1 0 0 0 0 0
2011889905668681 137212166624960 batch 79 1 1 2 2 0
2011889905668731 137212166624960 book_end 1 0 0 0 0 0
2011889905668871 137212166624960 coll_beg 0 0 0 0 0 0
2011889905906242 137212166624960 coll_end 0 0 0 0 0 0
2011889905906292 137212166624960 rel_beg 1 0 0 0 0 0
2011889905912362 137212166624960 absorb 79 0 0 0 0 0
2011889905916912 137212166624960 rel_end 1 0 0 0 0 0
2011889905918712 137212166624960 wait_beg 0 0 0 0 0 0
2011889905985859 137212174624640 send 18 0 0 78 76 1
2011889906343526 137212174624640 send 456221 0 0 78 76 1
2011889906588037 137212174624640 send 352343 0 0 78 76 1
2011889906589567 137212174624640 send 14 0 0 78 76 1
2011889906589837 137212174624640 egress 79 1 0 76 0 0
2011889905936921 137212158232256 emit_beg 79 0 0 0 0 0
2011889905944771 137212158232256 dmg 0 1 0 0 1920 1080
2011889905944971 137212158232256 enc 78 78 1 -1 -1 0
2011889906013698 137212158232256 emit_end 79 0 0 0 0 0
2011889924966746 137212174624640 cliack 77 0 78 79 0 0
2011889924967066 137212174624640 ackregion 78 79 79 77 1 0
2011889929316517 137212166624960 wait_end 0 0 0 0 0 0
2011889929318717 137212166624960 drain_beg 0 0 0 0 0 0
2011889929318937 137212166624960 drain_end 1 0 0 0 0 0
2011889929319037 137212166624960 take 80 0 0 0 0 0
2011889929319347 137212166624960 subm_beg 1 0 0 0 0 0
2011889929319867 137212166624960 submit 80 0 0 0 0 0
2011889929320067 137212166624960 subm_end 1 0 0 0 0 0
2011889929320117 137212166624960 pump_beg 1 0 0 0 0 0
2011889929584767 137212166624960 feedend 79 0 0 0 0 0
2011889929777400 137212166624960 feedend 79 1 0 0 0 0
2011889929304238 137212174624640 msgin 80 12533760 0 0 0 0
2011889929304978 137212174624640 enq 80 1 0 0 0 0
2011889938432394 137212166624960 outfirst 79 1 65536 0 0 0
2011889939375230 137212166624960 outfirst 79 0 65536 0 0 0
2011889939485006 137212166624960 pump_end 1 2 0 0 0 0
2011889939485166 137212166624960 join_beg 1 0 0 0 0 0
2011889939485496 137212166624960 join_end 0 0 0 0 0 0
2011889939485766 137212166624960 book_beg 1 0 0 0 0 0
2011889939486026 137212166624960 batch 80 1 1 2 2 0
2011889939486086 137212166624960 book_end 1 0 0 0 0 0
2011889939486256 137212166624960 coll_beg 0 0 0 0 0 0
2011889939977518 137212166624960 coll_end 0 0 0 0 0 0
2011889939977618 137212166624960 rel_beg 1 0 0 0 0 0
2011889939978318 137212166624960 absorb 80 0 0 0 0 0
2011889939983368 137212166624960 rel_end 1 0 0 0 0 0
2011889939985147 137212166624960 wait_beg 0 0 0 0 0 0
2011889940099243 137212174624640 send 18 0 0 79 77 1
2011889940533097 137212174624640 send 583712 0 0 79 77 1
2011889940897834 137212174624640 send 521098 0 0 79 77 1
2011889940899354 137212174624640 send 14 0 0 79 77 1
2011889940899674 137212174624640 egress 80 1 0 77 0 0
2011889940003037 137212158232256 emit_beg 80 0 0 0 0 0
2011889940006447 137212158232256 dmg 0 1 0 0 1920 1080
2011889940006627 137212158232256 enc 79 79 1 -1 -1 0
2011889940123542 137212158232256 emit_end 80 0 0 0 0 0
2011889957609704 137212166624960 wait_end 0 0 0 0 0 0
2011889957611384 137212166624960 drain_beg 0 0 0 0 0 0
2011889957611564 137212166624960 drain_end 1 0 0 0 0 0
2011889957611674 137212166624960 take 81 0 0 0 0 0
2011889957611874 137212166624960 subm_beg 1 0 0 0 0 0
2011889957612194 137212166624960 submit 81 0 0 0 0 0
2011889957612344 137212166624960 subm_end 1 0 0 0 0 0
2011889957612374 137212166624960 pump_beg 1 0 0 0 0 0
2011889957893663 137212166624960 feedend 80 0 0 0 0 0
2011889953746655 137212174624640 cliack 78 0 79 80 0 0
2011889953747055 137212174624640 ackregion 79 80 80 78 1 0
2011889957599564 137212174624640 msgin 81 12533760 0 0 0 0
2011889957599984 137212174624640 enq 81 1 0 0 0 0
2011889958128315 137212166624960 feedend 80 1 0 0 0 0
2011889965727947 137212166624960 outfirst 80 1 65536 0 0 0
2011889966266088 137212166624960 outfirst 80 0 65536 0 0 0
2011889966340975 137212166624960 pump_end 1 2 0 0 0 0
2011889966341165 137212166624960 join_beg 1 0 0 0 0 0
2011889966341495 137212166624960 join_end 0 0 0 0 0 0
2011889966341645 137212166624960 book_beg 1 0 0 0 0 0
2011889966342105 137212166624960 batch 81 1 1 2 2 0
2011889966342305 137212166624960 book_end 1 0 0 0 0 0
2011889966342475 137212166624960 coll_beg 0 0 0 0 0 0
2011889966691452 137212166624960 coll_end 0 0 0 0 0 0
2011889966691612 137212166624960 rel_beg 1 0 0 0 0 0
2011889966691902 137212166624960 absorb 81 0 0 0 0 0
2011889966696032 137212166624960 rel_end 1 0 0 0 0 0
2011889966697862 137212166624960 wait_beg 0 0 0 0 0 0
2011889966764390 137212174624640 send 18 0 0 80 78 1
2011889967352368 137212174624640 send 437301 0 0 80 78 1
2011889967826851 137212174624640 send 403597 0 0 80 78 1
2011889967828541 137212174624640 send 14 0 0 80 78 1
2011889967828921 137212174624640 egress 81 1 0 78 0 0
2011889966714841 137212158232256 emit_beg 81 0 0 0 0 0
2011889966718071 137212158232256 dmg 0 1 0 0 1920 1080
2011889966718241 137212158232256 enc 80 80 1 -1 -1 0
2011889966782449 137212158232256 emit_end 81 0 0 0 0 0
2011889993243642 137212166624960 wait_end 0 0 0 0 0 0
2011889993245872 137212166624960 drain_beg 0 0 0 0 0 0
2011889993246082 137212166624960 drain_end 1 0 0 0 0 0
2011889993246182 137212166624960 take 82 0 0 0 0 0
2011889993246422 137212166624960 subm_beg 1 0 0 0 0 0
2011889993246822 137212166624960 submit 82 0 0 0 0 0
2011889993246992 137212166624960 subm_end 1 0 0 0 0 0
2011889993247042 137212166624960 pump_beg 1 0 0 0 0 0
2011889993509163 137212166624960 feedend 81 0 0 0 0 0
2011889993753974 137212166624960 feedend 81 1 0 0 0 0
2011889988784265 137212174624640 cliack 79 0 80 81 0 0
2011889988784535 137212174624640 ackregion 80 81 81 79 1 0
2011889993222663 137212174624640 msgin 82 12533760 0 0 0 0
2011889993223223 137212174624640 enq 82 1 0 0 0 0
2011890001249660 137212166624960 outfirst 81 1 65536 0 0 0
2011890002535023 137212166624960 outfirst 81 0 65536 0 0 0
2011890002645529 137212166624960 pump_end 1 2 0 0 0 0
2011890002646119 137212166624960 join_beg 1 0 0 0 0 0
2011890002646799 137212166624960 join_end 0 0 0 0 0 0
2011890002647269 137212166624960 book_beg 1 0 0 0 0 0
2011890002648479 137212166624960 batch 82 1 1 2 2 0
2011890002648549 137212166624960 book_end 1 0 0 0 0 0
2011890002648719 137212166624960 coll_beg 0 0 0 0 0 0
2011890003066674 137212166624960 coll_end 0 0 0 0 0 0
2011890003066814 137212166624960 rel_beg 1 0 0 0 0 0
2011890003067594 137212166624960 absorb 82 0 0 0 0 0
2011890003074593 137212166624960 rel_end 1 0 0 0 0 0
2011890003077243 137212166624960 wait_beg 0 0 0 0 0 0
2011890003174060 137212174624640 send 18 0 0 81 79 1
2011890003568445 137212174624640 send 476076 0 0 81 79 1
2011890003887704 137212174624640 send 397928 0 0 81 79 1
2011890003888964 137212174624640 send 14 0 0 81 79 1
2011890003889444 137212174624640 egress 82 1 0 79 0 0
2011890003094613 137212158232256 emit_beg 82 0 0 0 0 0
2011890003099482 137212158232256 dmg 0 1 0 0 1920 1080
2011890003099672 137212158232256 enc 81 81 1 -1 -1 0
2011890003163440 137212158232256 emit_end 82 0 0 0 0 0
2011890036505132 137212174624640 cliack 80 0 81 82 0 0
2011890036505822 137212174624640 ackregion 81 82 82 80 1 0
2011890040127810 137212166624960 wait_end 0 0 0 0 0 0
2011890040130490 137212166624960 drain_beg 0 0 0 0 0 0
2011890040130710 137212166624960 drain_end 1 0 0 0 0 0
2011890040130830 137212166624960 take 83 0 0 0 0 0
2011890040131000 137212166624960 subm_beg 1 0 0 0 0 0
2011890040131470 137212166624960 submit 83 0 0 0 0 0
2011890040131680 137212166624960 subm_end 1 0 0 0 0 0
2011890040131710 137212166624960 pump_beg 1 0 0 0 0 0
2011890040405010 137212166624960 feedend 82 0 0 0 0 0
2011890040632432 137212166624960 feedend 82 1 0 0 0 0
2011890047651325 137212166624960 outfirst 82 1 65536 0 0 0
2011890040113741 137212174624640 msgin 83 12533760 0 0 0 0
2011890040114491 137212174624640 enq 83 1 0 0 0 0
2011890048835482 137212166624960 outfirst 82 0 65536 0 0 0
2011890048909729 137212166624960 pump_end 1 2 0 0 0 0
2011890048909939 137212166624960 join_beg 1 0 0 0 0 0
2011890048910519 137212166624960 join_end 0 0 0 0 0 0
2011890048910689 137212166624960 book_beg 1 0 0 0 0 0
2011890048911389 137212166624960 batch 83 1 1 2 2 0
2011890048911419 137212166624960 book_end 1 0 0 0 0 0
2011890048911559 137212166624960 coll_beg 0 0 0 0 0 0
2011890049162380 137212166624960 coll_end 0 0 0 0 0 0
2011890049162750 137212166624960 rel_beg 1 0 0 0 0 0
2011890049163350 137212166624960 absorb 83 0 0 0 0 0
2011890049167530 137212166624960 rel_end 1 0 0 0 0 0
2011890049170000 137212166624960 wait_beg 0 0 0 0 0 0
2011890049248287 137212174624640 send 18 0 0 82 80 1
2011890049756758 137212174624640 send 435540 0 0 82 80 1
2011890050052558 137212174624640 send 352679 0 0 82 80 1
2011890050053988 137212174624640 send 14 0 0 82 80 1
2011890050054278 137212174624640 egress 83 1 0 80 0 0
2011890049186619 137212158232256 emit_beg 83 0 0 0 0 0
2011890049193339 137212158232256 dmg 0 1 0 0 1920 1080
2011890049193589 137212158232256 enc 82 82 1 -1 -1 0
2011890049252847 137212158232256 emit_end 83 0 0 0 0 0
2011890078119712 137212166624960 wait_end 0 0 0 0 0 0
2011890078122822 137212166624960 drain_beg 0 0 0 0 0 0
2011890078123172 137212166624960 drain_end 1 0 0 0 0 0
2011890078123592 137212166624960 take 84 0 0 0 0 0
2011890078123912 137212166624960 subm_beg 1 0 0 0 0 0
2011890078124432 137212166624960 submit 84 0 0 0 0 0
2011890078124592 137212166624960 subm_end 1 0 0 0 0 0
2011890078124622 137212166624960 pump_beg 1 0 0 0 0 0
2011890078390233 137212166624960 feedend 83 0 0 0 0 0
2011890078463110 137212166624960 feedend 83 1 0 0 0 0
2011890072766928 137212174624640 cliack 81 0 82 83 0 0
2011890072767268 137212174624640 ackregion 82 83 83 81 1 0
2011890078099593 137212174624640 msgin 84 12533760 0 0 0 0
2011890078100053 137212174624640 enq 84 1 0 0 0 0
2011890085351368 137212166624960 outfirst 83 1 65536 0 0 0
2011890086269215 137212166624960 outfirst 83 0 65536 0 0 0
2011890086351292 137212166624960 pump_end 1 2 0 0 0 0
2011890086351532 137212166624960 join_beg 1 0 0 0 0 0
2011890086351712 137212166624960 join_end 0 0 0 0 0 0
2011890086351982 137212166624960 book_beg 1 0 0 0 0 0
2011890086352432 137212166624960 batch 84 1 1 2 2 0
2011890086352492 137212166624960 book_end 1 0 0 0 0 0
2011890086352632 137212166624960 coll_beg 0 0 0 0 0 0
2011890086659681 137212166624960 coll_end 0 0 0 0 0 0
2011890086659781 137212166624960 rel_beg 1 0 0 0 0 0
2011890086660121 137212166624960 absorb 84 0 0 0 0 0
2011890086663570 137212166624960 rel_end 1 0 0 0 0 0
2011890086665420 137212166624960 wait_beg 0 0 0 0 0 0
2011890086735538 137212174624640 send 18 0 0 83 81 1
2011890087212720 137212174624640 send 381113 0 0 83 81 1
2011890087601696 137212174624640 send 328134 0 0 83 81 1
2011890087603846 137212174624640 send 14 0 0 83 81 1
2011890087604266 137212174624640 egress 84 1 0 81 0 0
2011890086683890 137212158232256 emit_beg 84 0 0 0 0 0
2011890086687150 137212158232256 dmg 0 1 0 0 1920 1080
2011890086687420 137212158232256 enc 83 83 1 -1 -1 0
2011890086740878 137212158232256 emit_end 84 0 0 0 0 0
2011890116055047 137212166624960 wait_end 0 0 0 0 0 0
2011890116057157 137212166624960 drain_beg 0 0 0 0 0 0
2011890116057387 137212166624960 drain_end 1 0 0 0 0 0
2011890116057507 137212166624960 take 85 0 0 0 0 0
2011890116057787 137212166624960 subm_beg 1 0 0 0 0 0
2011890116058517 137212166624960 submit 85 0 0 0 0 0
2011890116058667 137212166624960 subm_end 1 0 0 0 0 0
2011890116058687 137212166624960 pump_beg 1 0 0 0 0 0
2011890116321437 137212166624960 feedend 84 0 0 0 0 0
2011890116523200 137212166624960 feedend 84 1 0 0 0 0
2011890110673104 137212174624640 cliack 82 0 83 84 0 0
2011890110673214 137212174624640 ackregion 83 84 84 82 1 0
2011890116033448 137212174624640 msgin 85 12533760 0 0 0 0
2011890116034248 137212174624640 enq 85 1 0 0 0 0
2011890124944522 137212166624960 outfirst 84 1 65536 0 0 0
2011890125798801 137212166624960 outfirst 84 0 65536 0 0 0
2011890125890588 137212166624960 pump_end 1 2 0 0 0 0
2011890125890788 137212166624960 join_beg 1 0 0 0 0 0
2011890125891258 137212166624960 join_end 0 0 0 0 0 0
2011890125891528 137212166624960 book_beg 1 0 0 0 0 0
2011890125892098 137212166624960 batch 85 1 1 2 2 0
2011890125892218 137212166624960 book_end 1 0 0 0 0 0
2011890125892398 137212166624960 coll_beg 0 0 0 0 0 0
2011890126333122 137212166624960 coll_end 0 0 0 0 0 0
2011890126333232 137212166624960 rel_beg 1 0 0 0 0 0
2011890126333652 137212166624960 absorb 85 0 0 0 0 0
2011890126337102 137212166624960 rel_end 1 0 0 0 0 0
2011890126339121 137212166624960 wait_beg 0 0 0 0 0 0
2011890126437988 137212174624640 send 18 0 0 84 82 1
2011890127235789 137212174624640 send 558226 0 0 84 82 1
2011890127858846 137212174624640 send 493032 0 0 84 82 1
2011890127860246 137212174624640 send 14 0 0 84 82 1
2011890127860476 137212174624640 egress 85 1 0 82 0 0
2011890126358351 137212158232256 emit_beg 85 0 0 0 0 0
2011890126366001 137212158232256 dmg 0 1 0 0 1920 1080
2011890126366271 137212158232256 enc 84 84 1 -1 -1 0
2011890126451297 137212158232256 emit_end 85 0 0 0 0 0
2011890146866642 137212166624960 wait_end 0 0 0 0 0 0
2011890146869112 137212166624960 drain_beg 0 0 0 0 0 0
2011890146869442 137212166624960 drain_end 1 0 0 0 0 0
2011890146869582 137212166624960 take 86 0 0 0 0 0
2011890146870162 137212166624960 subm_beg 1 0 0 0 0 0
2011890146871012 137212166624960 submit 86 0 0 0 0 0
2011890146871152 137212166624960 subm_end 1 0 0 0 0 0
2011890146871172 137212166624960 pump_beg 1 0 0 0 0 0
2011890147196060 137212166624960 feedend 85 0 0 0 0 0
2011890147392813 137212166624960 feedend 85 1 0 0 0 0
2011890144619804 137212174624640 cliack 83 0 84 85 0 0
2011890144620204 137212174624640 ackregion 84 85 85 83 1 0
2011890146855262 137212174624640 msgin 86 12533760 0 0 0 0
2011890146855852 137212174624640 enq 86 1 0 0 0 0
2011890154183464 137212166624960 outfirst 85 1 65536 0 0 0
2011890155023174 137212166624960 outfirst 85 0 65536 0 0 0
2011890155143639 137212166624960 pump_end 1 2 0 0 0 0
2011890155143869 137212166624960 join_beg 1 0 0 0 0 0
2011890155144249 137212166624960 join_end 0 0 0 0 0 0
2011890155144459 137212166624960 book_beg 1 0 0 0 0 0
2011890155144749 137212166624960 batch 86 1 1 2 2 0
2011890155144899 137212166624960 book_end 1 0 0 0 0 0
2011890155145009 137212166624960 coll_beg 0 0 0 0 0 0
2011890155436839 137212166624960 coll_end 0 0 0 0 0 0
2011890155436939 137212166624960 rel_beg 1 0 0 0 0 0
2011890155437329 137212166624960 absorb 86 0 0 0 0 0
2011890155442418 137212166624960 rel_end 1 0 0 0 0 0
2011890155444618 137212166624960 wait_beg 0 0 0 0 0 0
2011890155501706 137212174624640 send 18 0 0 85 83 1
2011890155789146 137212174624640 send 379510 0 0 85 83 1
2011890156013078 137212174624640 send 318573 0 0 85 83 1
2011890156014288 137212174624640 send 14 0 0 85 83 1
2011890156014608 137212174624640 egress 86 1 0 83 0 0
2011890155463238 137212158232256 emit_beg 86 0 0 0 0 0
2011890155471097 137212158232256 dmg 0 1 0 0 1920 1080
2011890155471467 137212158232256 enc 85 85 1 -1 -1 0
2011890155532415 137212158232256 emit_end 86 0 0 0 0 0
2011890175158658 137212174624640 cliack 84 0 85 86 0 0
2011890175158958 137212174624640 ackregion 85 86 86 84 1 0
2011890180265782 137212166624960 wait_end 0 0 0 0 0 0
2011890180268082 137212166624960 drain_beg 0 0 0 0 0 0
2011890180268302 137212166624960 drain_end 1 0 0 0 0 0
2011890180268432 137212166624960 take 87 0 0 0 0 0
2011890180268692 137212166624960 subm_beg 1 0 0 0 0 0
2011890180269102 137212166624960 submit 87 0 0 0 0 0
2011890180269252 137212166624960 subm_end 1 0 0 0 0 0
2011890180269282 137212166624960 pump_beg 1 0 0 0 0 0
2011890180536552 137212166624960 feedend 86 0 0 0 0 0
2011890180735775 137212166624960 feedend 86 1 0 0 0 0
2011890188970744 137212166624960 outfirst 86 1 65536 0 0 0
2011890180252122 137212174624640 msgin 87 12533760 0 0 0 0
2011890180252552 137212174624640 enq 87 1 0 0 0 0
2011890189731056 137212166624960 outfirst 86 0 65536 0 0 0
2011890189809723 137212166624960 pump_end 1 2 0 0 0 0
2011890189810043 137212166624960 join_beg 1 0 0 0 0 0
2011890189810433 137212166624960 join_end 0 0 0 0 0 0
2011890189810483 137212166624960 book_beg 1 0 0 0 0 0
2011890189810853 137212166624960 batch 87 1 1 2 2 0
2011890189811013 137212166624960 book_end 1 0 0 0 0 0
2011890189811193 137212166624960 coll_beg 0 0 0 0 0 0
2011890190241848 137212166624960 coll_end 0 0 0 0 0 0
2011890190242088 137212166624960 rel_beg 1 0 0 0 0 0
2011890190242618 137212166624960 absorb 87 0 0 0 0 0
2011890190247317 137212166624960 rel_end 1 0 0 0 0 0
2011890190249707 137212166624960 wait_beg 0 0 0 0 0 0
2011890190307985 137212174624640 send 18 0 0 86 84 1
2011890190838886 137212174624640 send 548800 0 0 86 84 1
2011890191194483 137212174624640 send 469654 0 0 86 84 1
2011890191196463 137212174624640 send 14 0 0 86 84 1
2011890191196863 137212174624640 egress 87 1 0 84 0 0
2011890190267777 137212158232256 emit_beg 87 0 0 0 0 0
2011890190273926 137212158232256 dmg 0 1 0 0 1920 1080
2011890190274106 137212158232256 enc 86 86 1 -1 -1 0
2011890190356283 137212158232256 emit_end 87 0 0 0 0 0
2011890222647174 137212166624960 wait_end 0 0 0 0 0 0
2011890222649764 137212166624960 drain_beg 0 0 0 0 0 0
2011890222650034 137212166624960 drain_end 1 0 0 0 0 0
2011890222650144 137212166624960 take 88 0 0 0 0 0
2011890222650704 137212166624960 subm_beg 1 0 0 0 0 0
2011890222651494 137212166624960 submit 88 0 0 0 0 0
2011890222651644 137212166624960 subm_end 1 0 0 0 0 0
2011890222651694 137212166624960 pump_beg 1 0 0 0 0 0
2011890222903715 137212166624960 feedend 87 0 0 0 0 0
2011890222992781 137212166624960 feedend 87 1 0 0 0 0
2011890220782962 137212174624640 cliack 85 0 86 87 0 0
2011890220783312 137212174624640 ackregion 86 87 87 85 1 0
2011890222634565 137212174624640 msgin 88 12533760 0 0 0 0
2011890222635484 137212174624640 enq 88 1 0 0 0 0
2011890230923192 137212166624960 outfirst 87 1 65536 0 0 0
2011890231943044 137212166624960 outfirst 87 0 65536 0 0 0
2011890232053350 137212166624960 pump_end 1 2 0 0 0 0
2011890232053700 137212166624960 join_beg 1 0 0 0 0 0
2011890232054490 137212166624960 join_end 0 0 0 0 0 0
2011890232054740 137212166624960 book_beg 1 0 0 0 0 0
2011890232056070 137212166624960 batch 88 1 1 2 2 0
2011890232056100 137212166624960 book_end 1 0 0 0 0 0
2011890232056310 137212166624960 coll_beg 0 0 0 0 0 0
2011890232341100 137212166624960 coll_end 0 0 0 0 0 0
2011890232341140 137212166624960 rel_beg 1 0 0 0 0 0
2011890232341930 137212166624960 absorb 88 0 0 0 0 0
2011890232348260 137212166624960 rel_end 1 0 0 0 0 0
2011890232350480 137212166624960 wait_beg 0 0 0 0 0 0
2011890232437176 137212174624640 send 18 0 0 87 85 1
2011890232985847 137212174624640 send 507358 0 0 87 85 1
2011890233341194 137212174624640 send 442526 0 0 87 85 1
2011890233343103 137212174624640 send 14 0 0 87 85 1
2011890233343543 137212174624640 egress 88 1 0 85 0 0
2011890232368219 137212158232256 emit_beg 88 0 0 0 0 0
2011890232373269 137212158232256 dmg 0 1 0 0 1920 1080
2011890232373559 137212158232256 enc 87 87 1 -1 -1 0
2011890232447586 137212158232256 emit_end 88 0 0 0 0 0
2011890253114921 137212166624960 wait_end 0 0 0 0 0 0
2011890253117461 137212166624960 drain_beg 0 0 0 0 0 0
2011890253117681 137212166624960 drain_end 1 0 0 0 0 0
2011890253117821 137212166624960 take 89 0 0 0 0 0
2011890253118121 137212166624960 subm_beg 1 0 0 0 0 0
2011890253118501 137212166624960 submit 89 0 0 0 0 0
2011890253118691 137212166624960 subm_end 1 0 0 0 0 0
2011890253118761 137212166624960 pump_beg 1 0 0 0 0 0
2011890253430210 137212166624960 feedend 88 0 0 0 0 0
2011890253608113 137212166624960 feedend 88 1 0 0 0 0
2011890250859434 137212174624640 cliack 86 0 87 88 0 0
2011890250859564 137212174624640 ackregion 87 88 88 86 1 0
2011890253102652 137212174624640 msgin 89 12533760 0 0 0 0
2011890253103112 137212174624640 enq 89 1 0 0 0 0
2011890260879838 137212166624960 outfirst 88 1 65536 0 0 0
2011890261892751 137212166624960 outfirst 88 0 65536 0 0 0
2011890261952728 137212166624960 pump_end 1 2 0 0 0 0
2011890261952988 137212166624960 join_beg 1 0 0 0 0 0
2011890261953488 137212166624960 join_end 0 0 0 0 0 0
2011890261953658 137212166624960 book_beg 1 0 0 0 0 0
2011890261953898 137212166624960 batch 89 1 1 2 2 0
2011890261954058 137212166624960 book_end 1 0 0 0 0 0
2011890261954198 137212166624960 coll_beg 0 0 0 0 0 0
2011890262242498 137212166624960 coll_end 0 0 0 0 0 0
2011890262242658 137212166624960 rel_beg 1 0 0 0 0 0
2011890262243108 137212166624960 absorb 89 0 0 0 0 0
2011890262247268 137212166624960 rel_end 1 0 0 0 0 0
2011890262249348 137212166624960 wait_beg 0 0 0 0 0 0
2011890262341294 137212174624640 send 18 0 0 88 86 1
2011890262877345 137212174624640 send 464652 0 0 88 86 1
2011890263314619 137212174624640 send 382251 0 0 88 86 1
2011890263316819 137212174624640 send 14 0 0 88 86 1
2011890263317109 137212174624640 egress 89 1 0 86 0 0
2011890262266897 137212158232256 emit_beg 89 0 0 0 0 0
2011890262273107 137212158232256 dmg 0 1 0 0 1920 1080
2011890262273317 137212158232256 enc 88 88 1 -1 -1 0
2011890262344504 137212158232256 emit_end 89 0 0 0 0 0
2011890300196182 137212166624960 wait_end 0 0 0 0 0 0
2011890300200892 137212166624960 drain_beg 0 0 0 0 0 0
2011890300201832 137212166624960 drain_end 1 0 0 0 0 0
2011890300202082 137212166624960 take 90 0 0 0 0 0
2011890300202882 137212166624960 subm_beg 1 0 0 0 0 0
2011890300204621 137212166624960 submit 90 0 0 0 0 0
2011890300204951 137212166624960 subm_end 1 0 0 0 0 0
2011890300205041 137212166624960 pump_beg 1 0 0 0 0 0
2011890294974172 137212174624640 cliack 87 0 88 89 0 0
2011890294975402 137212174624640 ackregion 88 89 89 87 1 0
2011890300166893 137212174624640 msgin 90 12533760 0 0 0 0
2011890300168153 137212174624640 enq 90 1 0 0 0 0
2011890300515530 137212166624960 feedend 89 0 0 0 0 0
2011890300704193 137212166624960 feedend 89 1 0 0 0 0
2011890308210609 137212166624960 outfirst 89 1 65536 0 0 0
2011890309162254 137212166624960 outfirst 89 0 65536 0 0 0
2011890309253651 137212166624960 pump_end 1 2 0 0 0 0
2011890309263331 137212166624960 join_beg 1 0 0 0 0 0
2011890309263541 137212166624960 join_end 0 0 0 0 0 0
2011890309263631 137212166624960 book_beg 1 0 0 0 0 0
2011890309263961 137212166624960 batch 90 1 1 2 2 0
2011890309264021 137212166624960 book_end 1 0 0 0 0 0
2011890309264091 137212166624960 coll_beg 0 0 0 0 0 0
2011890309595249 137212166624960 coll_end 0 0 0 0 0 0
2011890309595319 137212166624960 rel_beg 1 0 0 0 0 0
2011890309595699 137212166624960 absorb 90 0 0 0 0 0
2011890309599508 137212166624960 rel_end 1 0 0 0 0 0
2011890309601068 137212166624960 wait_beg 0 0 0 0 0 0
2011890309654736 137212174624640 send 18 0 0 89 87 1
2011890309621578 137212158232256 emit_beg 90 0 0 0 0 0
2011890309628837 137212158232256 dmg 0 1 0 0 1920 1080
2011890309629347 137212158232256 enc 89 89 1 -1 -1 0
2011890309707734 137212158232256 emit_end 90 0 0 0 0 0
2011890310315632 137212174624640 send 458374 0 0 89 87 1
2011890310765776 137212174624640 send 385694 0 0 89 87 1
2011890310768086 137212174624640 send 14 0 0 89 87 1
2011890310768796 137212174624640 egress 90 1 0 87 0 0
2011890338326189 137212166624960 wait_end 0 0 0 0 0 0
2011890338330499 137212166624960 drain_beg 0 0 0 0 0 0
2011890338331059 137212166624960 drain_end 1 0 0 0 0 0
2011890338331369 137212166624960 take 91 0 0 0 0 0
2011890338332099 137212166624960 subm_beg 1 0 0 0 0 0
2011890338333639 137212166624960 submit 91 0 0 0 0 0
2011890338333799 137212166624960 subm_end 1 0 0 0 0 0
2011890338333879 137212166624960 pump_beg 1 0 0 0 0 0
2011890338643628 137212166624960 feedend 90 0 0 0 0 0
2011890338865569 137212166624960 feedend 90 1 0 0 0 0
2011890335937196 137212174624640 cliack 88 0 89 90 0 0
2011890335937876 137212174624640 ackregion 89 90 90 88 1 0
2011890338295170 137212174624640 msgin 91 12533760 0 0 0 0
2011890338296580 137212174624640 enq 91 1 0 0 0 0
2011890345845935 137212166624960 outfirst 90 1 65536 0 0 0
2011890347142547 137212166624960 outfirst 90 0 65536 0 0 0
2011890347202045 137212166624960 pump_end 1 2 0 0 0 0
2011890347202575 137212166624960 join_beg 1 0 0 0 0 0
2011890347203745 137212166624960 join_end 0 0 0 0 0 0
2011890347203805 137212166624960 book_beg 1 0 0 0 0 0
2011890347204865 137212166624960 batch 91 1 1 2 2 0
2011890347205005 137212166624960 book_end 1 0 0 0 0 0
2011890347205185 137212166624960 coll_beg 0 0 0 0 0 0
2011890347432447 137212166624960 coll_end 0 0 0 0 0 0
2011890347432607 137212166624960 rel_beg 1 0 0 0 0 0
2011890347433437 137212166624960 absorb 91 0 0 0 0 0
2011890347439996 137212166624960 rel_end 1 0 0 0 0 0
2011890347442006 137212166624960 wait_beg 0 0 0 0 0 0
2011890347503894 137212174624640 send 18 0 0 90 88 1
2011890347865391 137212174624640 send 435435 0 0 90 88 1
2011890348145920 137212174624640 send 341193 0 0 90 88 1
2011890348147520 137212174624640 send 14 0 0 90 88 1
2011890348148260 137212174624640 egress 91 1 0 88 0 0
2011890347448926 137212158232256 emit_beg 91 0 0 0 0 0
2011890347454266 137212158232256 dmg 0 1 0 0 1920 1080
2011890347454536 137212158232256 enc 90 90 1 -1 -1 0
2011890347517473 137212158232256 emit_end 91 0 0 0 0 0
2011890376147428 137212166624960 wait_end 0 0 0 0 0 0
2011890376151758 137212166624960 drain_beg 0 0 0 0 0 0
2011890376152458 137212166624960 drain_end 1 0 0 0 0 0
2011890376152578 137212166624960 take 92 0 0 0 0 0
2011890376153488 137212166624960 subm_beg 1 0 0 0 0 0
2011890376154888 137212166624960 submit 92 0 0 0 0 0
2011890376155038 137212166624960 subm_end 1 0 0 0 0 0
2011890376155088 137212166624960 pump_beg 1 0 0 0 0 0
2011890376435467 137212166624960 feedend 91 0 0 0 0 0
2011890376627790 137212166624960 feedend 91 1 0 0 0 0
2011890372502561 137212174624640 cliack 89 0 90 91 0 0
2011890372502821 137212174624640 ackregion 90 91 91 89 1 0
2011890376115139 137212174624640 msgin 92 12533760 0 0 0 0
2011890376115699 137212174624640 enq 92 1 0 0 0 0
2011890384032610 137212166624960 outfirst 91 1 65536 0 0 0
2011890385037733 137212166624960 outfirst 91 0 65536 0 0 0
2011890385130750 137212166624960 pump_end 1 2 0 0 0 0
2011890385131000 137212166624960 join_beg 1 0 0 0 0 0
2011890385131330 137212166624960 join_end 0 0 0 0 0 0
2011890385131540 137212166624960 book_beg 1 0 0 0 0 0
2011890385131850 137212166624960 batch 92 1 1 2 2 0
2011890385131890 137212166624960 book_end 1 0 0 0 0 0
2011890385131970 137212166624960 coll_beg 0 0 0 0 0 0
2011890385390670 137212166624960 coll_end 0 0 0 0 0 0
2011890385390710 137212166624960 rel_beg 1 0 0 0 0 0
2011890385391300 137212166624960 absorb 92 0 0 0 0 0
2011890385395240 137212166624960 rel_end 1 0 0 0 0 0
2011890385396900 137212166624960 wait_beg 0 0 0 0 0 0
2011890385440788 137212174624640 send 18 0 0 91 89 1
2011890385942870 137212174624640 send 451180 0 0 91 89 1
2011890386538908 137212174624640 send 376188 0 0 91 89 1
2011890386548238 137212174624640 send 14 0 0 91 89 1
2011890386548898 137212174624640 egress 92 1 0 89 0 0
2011890385414369 137212158232256 emit_beg 92 0 0 0 0 0
2011890385418579 137212158232256 dmg 0 1 0 0 1920 1080
2011890385419139 137212158232256 enc 91 91 1 -1 -1 0
2011890385495136 137212158232256 emit_end 92 0 0 0 0 0
2011890409064286 137212174624640 cliack 90 0 91 92 0 0
2011890409064846 137212174624640 ackregion 91 92 92 90 1 0
2011890415066986 137212166624960 wait_end 0 0 0 0 0 0
2011890415070256 137212166624960 drain_beg 0 0 0 0 0 0
2011890415070536 137212166624960 drain_end 1 0 0 0 0 0
2011890415070656 137212166624960 take 93 0 0 0 0 0
2011890415071026 137212166624960 subm_beg 1 0 0 0 0 0
2011890415071486 137212166624960 submit 93 0 0 0 0 0
2011890415071656 137212166624960 subm_end 1 0 0 0 0 0
2011890415071716 137212166624960 pump_beg 1 0 0 0 0 0
2011890415377905 137212166624960 feedend 92 0 0 0 0 0
2011890415559668 137212166624960 feedend 92 1 0 0 0 0
2011890415052307 137212174624640 msgin 93 12533760 0 0 0 0
2011890415052887 137212174624640 enq 93 1 0 0 0 0
2011890423086573 137212166624960 outfirst 92 1 65536 0 0 0
2011890424208482 137212166624960 outfirst 92 0 65536 0 0 0
2011890424299169 137212166624960 pump_end 1 2 0 0 0 0
2011890424299629 137212166624960 join_beg 1 0 0 0 0 0
2011890424300059 137212166624960 join_end 0 0 0 0 0 0
2011890424300619 137212166624960 book_beg 1 0 0 0 0 0
2011890424300949 137212166624960 batch 93 1 1 2 2 0
2011890424301139 137212166624960 book_end 1 0 0 0 0 0
2011890424301439 137212166624960 coll_beg 0 0 0 0 0 0
2011890424600458 137212166624960 coll_end 0 0 0 0 0 0
2011890424600518 137212166624960 rel_beg 1 0 0 0 0 0
2011890424600978 137212166624960 absorb 93 0 0 0 0 0
2011890424605328 137212166624960 rel_end 1 0 0 0 0 0
2011890424607128 137212166624960 wait_beg 0 0 0 0 0 0
2011890424645777 137212174624640 send 18 0 0 92 90 1
2011890425351221 137212174624640 send 476121 0 0 92 90 1
2011890425810054 137212174624640 send 398780 0 0 92 90 1
2011890425812474 137212174624640 send 14 0 0 92 90 1
2011890425813104 137212174624640 egress 93 1 0 90 0 0
2011890424626467 137212158232256 emit_beg 93 0 0 0 0 0
2011890424630027 137212158232256 dmg 0 1 0 0 1920 1080
2011890424630337 137212158232256 enc 92 92 1 -1 -1 0
2011890424731863 137212158232256 emit_end 93 0 0 0 0 0
2011890447794211 137212166624960 wait_end 0 0 0 0 0 0
2011890447797681 137212166624960 drain_beg 0 0 0 0 0 0
2011890447807761 137212166624960 drain_end 1 0 0 0 0 0
2011890447807981 137212166624960 take 94 0 0 0 0 0
2011890447808591 137212166624960 subm_beg 1 0 0 0 0 0
2011890447809700 137212166624960 submit 94 0 0 0 0 0
2011890447809870 137212166624960 subm_end 1 0 0 0 0 0
2011890447809950 137212166624960 pump_beg 1 0 0 0 0 0
2011890448134199 137212166624960 feedend 93 0 0 0 0 0
2011890448304702 137212166624960 feedend 93 1 0 0 0 0
2011890442549043 137212174624640 cliack 91 0 92 93 0 0
2011890442549583 137212174624640 ackregion 92 93 93 91 1 0
2011890447770312 137212174624640 msgin 94 12533760 0 0 0 0
2011890447771062 137212174624640 enq 94 1 0 0 0 0
2011890455341055 137212166624960 outfirst 93 1 65536 0 0 0
2011890456272251 137212166624960 outfirst 93 0 65536 0 0 0
2011890456356238 137212166624960 pump_end 1 2 0 0 0 0
2011890456356778 137212166624960 join_beg 1 0 0 0 0 0
2011890456357648 137212166624960 join_end 0 0 0 0 0 0
2011890456357768 137212166624960 book_beg 1 0 0 0 0 0
2011890456358358 137212166624960 batch 94 1 1 2 2 0
2011890456358428 137212166624960 book_end 1 0 0 0 0 0
2011890456358578 137212166624960 coll_beg 0 0 0 0 0 0
2011890456615369 137212166624960 coll_end 0 0 0 0 0 0
2011890456615409 137212166624960 rel_beg 1 0 0 0 0 0
2011890456616019 137212166624960 absorb 94 0 0 0 0 0
2011890456621849 137212166624960 rel_end 1 0 0 0 0 0
2011890456623809 137212166624960 wait_beg 0 0 0 0 0 0
2011890456660327 137212174624640 send 18 0 0 93 91 1
2011890457018164 137212174624640 send 422266 0 0 93 91 1
2011890457269235 137212174624640 send 354190 0 0 93 91 1
2011890457270835 137212174624640 send 14 0 0 93 91 1
2011890457271235 137212174624640 egress 94 1 0 91 0 0
2011890456629178 137212158232256 emit_beg 94 0 0 0 0 0
2011890456632378 137212158232256 dmg 0 1 0 0 1920 1080
2011890456632768 137212158232256 enc 93 93 1 -1 -1 0
2011890456691026 137212158232256 emit_end 94 0 0 0 0 0
2011890478430382 137212174624640 cliack 92 0 93 94 0 0
2011890478430712 137212174624640 ackregion 93 94 94 92 1 0
2011890483731459 137212166624960 wait_end 0 0 0 0 0 0
2011890483734639 137212166624960 drain_beg 0 0 0 0 0 0
2011890483735159 137212166624960 drain_end 1 0 0 0 0 0
2011890483735309 137212166624960 take 95 0 0 0 0 0
2011890483735768 137212166624960 subm_beg 1 0 0 0 0 0
2011890483736408 137212166624960 submit 95 0 0 0 0 0
2011890483736588 137212166624960 subm_end 1 0 0 0 0 0
2011890483736648 137212166624960 pump_beg 1 0 0 0 0 0
2011890483997379 137212166624960 feedend 94 0 0 0 0 0
2011890484440983 137212166624960 feedend 94 1 0 0 0 0
2011890491019662 137212166624960 outfirst 94 1 65536 0 0 0
2011890483704400 137212174624640 msgin 95 12533760 0 0 0 0
2011890483705990 137212174624640 enq 95 1 0 0 0 0
2011890491558983 137212166624960 outfirst 94 0 65536 0 0 0
2011890491611061 137212166624960 pump_end 1 2 0 0 0 0
2011890491611321 137212166624960 join_beg 1 0 0 0 0 0
2011890491611831 137212166624960 join_end 0 0 0 0 0 0
2011890491612061 137212166624960 book_beg 1 0 0 0 0 0
2011890491612331 137212166624960 batch 95 1 1 2 2 0
2011890491612351 137212166624960 book_end 1 0 0 0 0 0
2011890491612491 137212166624960 coll_beg 0 0 0 0 0 0
2011890491797134 137212166624960 coll_end 0 0 0 0 0 0
2011890491797234 137212166624960 rel_beg 1 0 0 0 0 0
2011890491797754 137212166624960 absorb 95 0 0 0 0 0
2011890491801724 137212166624960 rel_end 1 0 0 0 0 0
2011890491803474 137212166624960 wait_beg 0 0 0 0 0 0
2011890491905080 137212174624640 send 18 0 0 94 92 1
2011890492325005 137212174624640 send 350517 0 0 94 92 1
2011890492653863 137212174624640 send 290655 0 0 94 92 1
2011890492656203 137212174624640 send 14 0 0 94 92 1
2011890492656493 137212174624640 egress 95 1 0 92 0 0
2011890491821573 137212158232256 emit_beg 95 0 0 0 0 0
2011890491831473 137212158232256 dmg 0 1 0 0 1920 1080
2011890491831733 137212158232256 enc 94 94 1 -1 -1 0
2011890491887131 137212158232256 emit_end 95 0 0 0 0 0
2011890519956456 137212166624960 wait_end 0 0 0 0 0 0
2011890519960195 137212166624960 drain_beg 0 0 0 0 0 0
2011890519960765 137212166624960 drain_end 1 0 0 0 0 0
2011890519960905 137212166624960 take 96 0 0 0 0 0
2011890519961405 137212166624960 subm_beg 1 0 0 0 0 0
2011890519962525 137212166624960 submit 96 0 0 0 0 0
2011890519962705 137212166624960 subm_end 1 0 0 0 0 0
2011890519962855 137212166624960 pump_beg 1 0 0 0 0 0
2011890520246655 137212166624960 feedend 95 0 0 0 0 0
2011890520471577 137212166624960 feedend 95 1 0 0 0 0
2011890516338338 137212174624640 cliack 93 0 94 95 0 0
2011890516338828 137212174624640 ackregion 94 95 95 93 1 0
2011890519930077 137212174624640 msgin 96 12533760 0 0 0 0
2011890519930676 137212174624640 enq 96 1 0 0 0 0
2011890527081655 137212166624960 outfirst 95 1 65536 0 0 0
2011890528313870 137212166624960 outfirst 95 0 65536 0 0 0
2011890528386198 137212166624960 pump_end 1 2 0 0 0 0
2011890528386478 137212166624960 join_beg 1 0 0 0 0 0
2011890528386978 137212166624960 join_end 0 0 0 0 0 0
2011890528387038 137212166624960 book_beg 1 0 0 0 0 0
2011890528387248 137212166624960 batch 96 1 1 2 2 0
2011890528387398 137212166624960 book_end 1 0 0 0 0 0
2011890528387558 137212166624960 coll_beg 0 0 0 0 0 0
2011890528696716 137212166624960 coll_end 0 0 0 0 0 0
2011890528696766 137212166624960 rel_beg 1 0 0 0 0 0
2011890528697086 137212166624960 absorb 96 0 0 0 0 0
2011890528701466 137212166624960 rel_end 1 0 0 0 0 0
2011890528703126 137212166624960 wait_beg 0 0 0 0 0 0
2011890528783873 137212174624640 send 18 0 0 95 93 1
2011890529320674 137212174624640 send 414072 0 0 95 93 1
2011890529686680 137212174624640 send 310753 0 0 95 93 1
2011890529688770 137212174624640 send 14 0 0 95 93 1
2011890529689080 137212174624640 egress 96 1 0 93 0 0
2011890528721395 137212158232256 emit_beg 96 0 0 0 0 0
2011890528728695 137212158232256 dmg 0 1 0 0 1920 1080
2011890528729205 137212158232256 enc 95 95 1 -1 -1 0
2011890528787503 137212158232256 emit_end 96 0 0 0 0 0
2011890549773827 137212174624640 cliack 94 0 95 96 0 0
2011890549774147 137212174624640 ackregion 95 96 96 94 1 0
2011890551979066 137212166624960 wait_end 0 0 0 0 0 0
2011890551981466 137212166624960 drain_beg 0 0 0 0 0 0
2011890551981816 137212166624960 drain_end 1 0 0 0 0 0
2011890551981896 137212166624960 take 97 0 0 0 0 0
2011890551982446 137212166624960 subm_beg 1 0 0 0 0 0
2011890551983096 137212166624960 submit 97 0 0 0 0 0
2011890551983256 137212166624960 subm_end 1 0 0 0 0 0
2011890551983356 137212166624960 pump_beg 1 0 0 0 0 0
2011890552280085 137212166624960 feedend 96 0 0 0 0 0
2011890552471188 137212166624960 feedend 96 1 0 0 0 0
2011890559268280 137212166624960 outfirst 96 1 65536 0 0 0
2011890559680515 137212166624960 outfirst 96 0 65536 0 0 0
2011890559748422 137212166624960 pump_end 1 2 0 0 0 0
2011890559748922 137212166624960 join_beg 1 0 0 0 0 0
2011890559749452 137212166624960 join_end 0 0 0 0 0 0
2011890559749682 137212166624960 book_beg 1 0 0 0 0 0
2011890559756712 137212166624960 batch 97 1 1 2 2 0
2011890559756762 137212166624960 book_end 1 0 0 0 0 0
2011890559756792 137212166624960 coll_beg 0 0 0 0 0 0
2011890559941705 137212166624960 coll_end 0 0 0 0 0 0
2011890559941755 137212166624960 rel_beg 1 0 0 0 0 0
2011890559942105 137212166624960 absorb 97 0 0 0 0 0
2011890559945475 137212166624960 rel_end 1 0 0 0 0 0
2011890559947115 137212166624960 wait_beg 0 0 0 0 0 0
2011890551960367 137212174624640 msgin 97 12533760 0 0 0 0
2011890551960777 137212174624640 enq 97 1 0 0 0 0
2011890560018972 137212174624640 send 18 0 0 96 94 1
2011890560279983 137212174624640 send 351209 0 0 96 94 1
2011890560508235 137212174624640 send 313216 0 0 96 94 1
2011890560509335 137212174624640 send 14 0 0 96 94 1
2011890560509465 137212174624640 egress 97 1 0 94 0 0
2011890559965224 137212158232256 emit_beg 97 0 0 0 0 0
2011890559971914 137212158232256 dmg 0 1 0 0 1920 1080
2011890559972224 137212158232256 enc 96 96 1 -1 -1 0
2011890560030882 137212158232256 emit_end 97 0 0 0 0 0
2011890577417247 137212174624640 cliack 95 0 96 97 0 0
2011890577417387 137212174624640 ackregion 96 97 97 95 1 0
2011890582520651 137212166624960 wait_end 0 0 0 0 0 0
2011890582523680 137212166624960 drain_beg 0 0 0 0 0 0
2011890582523970 137212166624960 drain_end 1 0 0 0 0 0
2011890582524080 137212166624960 take 98 0 0 0 0 0
2011890582524580 137212166624960 subm_beg 1 0 0 0 0 0
2011890582525740 137212166624960 submit 98 0 0 0 0 0
2011890582525900 137212166624960 subm_end 1 0 0 0 0 0
2011890582525930 137212166624960 pump_beg 1 0 0 0 0 0
2011890582792281 137212166624960 feedend 97 0 0 0 0 0
2011890582969114 137212166624960 feedend 97 1 0 0 0 0
2011890590490260 137212166624960 outfirst 97 1 65536 0 0 0
2011890591518482 137212166624960 outfirst 97 0 65536 0 0 0
2011890591607579 137212166624960 pump_end 1 2 0 0 0 0
2011890591607999 137212166624960 join_beg 1 0 0 0 0 0
2011890591608359 137212166624960 join_end 0 0 0 0 0 0
2011890591608559 137212166624960 book_beg 1 0 0 0 0 0
2011890591608809 137212166624960 batch 98 1 1 2 2 0
2011890591608959 137212166624960 book_end 1 0 0 0 0 0
2011890591609119 137212166624960 coll_beg 0 0 0 0 0 0
2011890591920817 137212166624960 coll_end 0 0 0 0 0 0
2011890591921007 137212166624960 rel_beg 1 0 0 0 0 0
2011890591921347 137212166624960 absorb 98 0 0 0 0 0
2011890591925687 137212166624960 rel_end 1 0 0 0 0 0
2011890591927637 137212166624960 wait_beg 0 0 0 0 0 0
2011890582507031 137212174624640 msgin 98 12533760 0 0 0 0
2011890582508881 137212174624640 enq 98 1 0 0 0 0
2011890591963486 137212174624640 send 18 0 0 97 95 1
2011890591933937 137212158232256 emit_beg 98 0 0 0 0 0
2011890591936877 137212158232256 dmg 0 1 0 0 1920 1080
2011890591937057 137212158232256 enc 97 97 1 -1 -1 0
2011890592018924 137212158232256 emit_end 98 0 0 0 0 0
2011890592600102 137212174624640 send 470941 0 0 97 95 1
2011890593004378 137212174624640 send 406973 0 0 97 95 1
2011890593007948 137212174624640 send 14 0 0 97 95 1
2011890593008368 137212174624640 egress 98 1 0 95 0 0
2011890608711344 137212174624640 cliack 96 0 97 98 0 0
2011890608711634 137212174624640 ackregion 97 98 98 96 1 0
2011890613729591 137212166624960 wait_end 0 0 0 0 0 0
2011890613732381 137212166624960 drain_beg 0 0 0 0 0 0
2011890613732711 137212166624960 drain_end 1 0 0 0 0 0
2011890613732851 137212166624960 take 99 0 0 0 0 0
2011890613733131 137212166624960 subm_beg 1 0 0 0 0 0
2011890613734031 137212166624960 submit 99 0 0 0 0 0
2011890613734201 137212166624960 subm_end 1 0 0 0 0 0
2011890613734261 137212166624960 pump_beg 1 0 0 0 0 0
2011890614031130 137212166624960 feedend 98 0 0 0 0 0
2011890614232092 137212166624960 feedend 98 1 0 0 0 0
2011890613699632 137212174624640 msgin 99 12533760 0 0 0 0
2011890613701132 137212174624640 enq 99 1 0 0 0 0
2011890622417314 137212166624960 outfirst 98 1 65536 0 0 0
2011890623539373 137212166624960 outfirst 98 0 65536 0 0 0
2011890623623569 137212166624960 pump_end 1 2 0 0 0 0
2011890623624089 137212166624960 join_beg 1 0 0 0 0 0
2011890623624709 137212166624960 join_end 0 0 0 0 0 0
2011890623625009 137212166624960 book_beg 1 0 0 0 0 0
2011890623626169 137212166624960 batch 99 1 1 2 2 0
2011890623626319 137212166624960 book_end 1 0 0 0 0 0
2011890623626479 137212166624960 coll_beg 0 0 0 0 0 0
2011890623961847 137212166624960 coll_end 0 0 0 0 0 0
2011890623962007 137212166624960 rel_beg 1 0 0 0 0 0
2011890623962627 137212166624960 absorb 99 0 0 0 0 0
2011890623966267 137212166624960 rel_end 1 0 0 0 0 0
2011890623970417 137212166624960 wait_beg 0 0 0 0 0 0
2011890624094742 137212174624640 send 18 0 0 98 96 1
2011890624719319 137212174624640 send 535561 0 0 98 96 1
2011890625067387 137212174624640 send 449398 0 0 98 96 1
2011890625068627 137212174624640 send 14 0 0 98 96 1
2011890625068927 137212174624640 egress 99 1 0 96 0 0
2011890623991056 137212158232256 emit_beg 99 0 0 0 0 0
2011890623999856 137212158232256 dmg 0 1 0 0 1920 1080
2011890624003356 137212158232256 enc 98 98 1 -1 -1 0
2011890624090632 137212158232256 emit_end 99 0 0 0 0 0
2011890640976256 137212166624960 wait_end 0 0 0 0 0 0
2011890640979415 137212166624960 drain_beg 0 0 0 0 0 0
2011890640979775 137212166624960 drain_end 1 0 0 0 0 0
2011890640979925 137212166624960 take 100 0 0 0 0 0
2011890640980205 137212166624960 subm_beg 1 0 0 0 0 0
2011890640980945 137212166624960 submit 100 0 0 0 0 0
2011890640981115 137212166624960 subm_end 1 0 0 0 0 0
2011890640981175 137212166624960 pump_beg 1 0 0 0 0 0
2011890641268795 137212166624960 feedend 99 0 0 0 0 0
2011890641477557 137212166624960 feedend 99 1 0 0 0 0
2011890637395166 137212174624640 cliack 97 0 98 99 0 0
2011890637395716 137212174624640 ackregion 98 99 99 97 1 0
2011890640950237 137212174624640 msgin 100 12533760 0 0 0 0
2011890640951327 137212174624640 enq 100 1 0 0 0 0
2011890648731022 137212166624960 outfirst 99 1 65536 0 0 0
2011890649761995 137212166624960 outfirst 99 0 65536 0 0 0
2011890649820583 137212166624960 pump_end 1 2 0 0 0 0
2011890649820773 137212166624960 join_beg 1 0 0 0 0 0
2011890649821213 137212166624960 join_end 0 0 0 0 0 0
2011890649821343 137212166624960 book_beg 1 0 0 0 0 0
2011890649821633 137212166624960 batch 100 1 1 2 2 0
2011890649821803 137212166624960 book_end 1 0 0 0 0 0
2011890649821973 137212166624960 coll_beg 0 0 0 0 0 0
2011890650159780 137212166624960 coll_end 0 0 0 0 0 0
2011890650160000 137212166624960 rel_beg 1 0 0 0 0 0
2011890650160330 137212166624960 absorb 100 0 0 0 0 0
2011890650164230 137212166624960 rel_end 1 0 0 0 0 0
2011890650166420 137212166624960 wait_beg 0 0 0 0 0 0
2011890650218158 137212174624640 send 18 0 0 99 97 1
2011890650565335 137212174624640 send 451679 0 0 99 97 1
2011890650835846 137212174624640 send 383955 0 0 99 97 1
2011890650837135 137212174624640 send 14 0 0 99 97 1
2011890650837425 137212174624640 egress 100 1 0 97 0 0
2011890650185429 137212158232256 emit_beg 100 0 0 0 0 0
2011890650193609 137212158232256 dmg 0 1 0 0 1920 1080
2011890650194189 137212158232256 enc 99 99 1 -1 -1 0
2011890650261157 137212158232256 emit_end 100 0 0 0 0 0
2011890678201266 137212166624960 wait_end 0 0 0 0 0 0
2011890678204206 137212166624960 drain_beg 0 0 0 0 0 0
2011890678204556 137212166624960 drain_end 1 0 0 0 0 0
2011890678204716 137212166624960 take 101 0 0 0 0 0
2011890678204936 137212166624960 subm_beg 1 0 0 0 0 0
2011890678213846 137212166624960 submit 101 0 0 0 0 0
2011890678214006 137212166624960 subm_end 1 0 0 0 0 0
2011890678214056 137212166624960 pump_beg 1 0 0 0 0 0
2011890678494635 137212166624960 feedend 100 0 0 0 0 0
2011890678740006 137212166624960 feedend 100 1 0 0 0 0
2011890675400558 137212174624640 cliack 98 0 99 100 0 0
2011890675400858 137212174624640 ackregion 99 100 100 98 1 0
2011890678177497 137212174624640 msgin 101 12533760 0 0 0 0
2011890678177757 137212174624640 enq 101 1 0 0 0 0
2011890686714065 137212166624960 outfirst 100 1 65536 0 0 0
2011890687867693 137212166624960 outfirst 100 0 65536 0 0 0
2011890687939950 137212166624960 pump_end 1 2 0 0 0 0
2011890687940560 137212166624960 join_beg 1 0 0 0 0 0
2011890687941690 137212166624960 join_end 0 0 0 0 0 0
2011890687941750 137212166624960 book_beg 1 0 0 0 0 0
2011890687943180 137212166624960 batch 101 1 1 2 2 0
2011890687943220 137212166624960 book_end 1 0 0 0 0 0
2011890687943360 137212166624960 coll_beg 0 0 0 0 0 0
2011890688238890 137212166624960 coll_end 0 0 0 0 0 0
2011890688238940 137212166624960 rel_beg 1 0 0 0 0 0
2011890688239860 137212166624960 absorb 101 0 0 0 0 0
2011890688246549 137212166624960 rel_end 1 0 0 0 0 0
2011890688248829 137212166624960 wait_beg 0 0 0 0 0 0
2011890688336556 137212174624640 send 18 0 0 100 98 1
2011890688918235 137212174624640 send 531311 0 0 100 98 1
2011890689271142 137212174624640 send 436963 0 0 100 98 1
2011890689272882 137212174624640 send 14 0 0 100 98 1
2011890689273252 137212174624640 egress 101 1 0 98 0 0
2011890688266759 137212158232256 emit_beg 101 0 0 0 0 0
2011890688269838 137212158232256 dmg 0 1 0 0 1920 1080
2011890688270018 137212158232256 enc 100 100 1 -1 -1 0
2011890688349396 137212158232256 emit_end 101 0 0 0 0 0
2011890718922859 137212166624960 wait_end 0 0 0 0 0 0
2011890718926149 137212166624960 drain_beg 0 0 0 0 0 0
2011890718926869 137212166624960 drain_end 1 0 0 0 0 0
2011890718927109 137212166624960 take 102 0 0 0 0 0
2011890718927679 137212166624960 subm_beg 1 0 0 0 0 0
2011890718928649 137212166624960 submit 102 0 0 0 0 0
2011890718928739 137212166624960 subm_end 1 0 0 0 0 0
2011890718928829 137212166624960 pump_beg 1 0 0 0 0 0
2011890719272436 137212166624960 feedend 101 0 0 0 0 0
2011890719465819 137212166624960 feedend 101 1 0 0 0 0
2011890718061840 137212174624640 cliack 99 0 100 101 0 0
2011890718061990 137212174624640 ackregion 100 101 101 99 1 0
2011890718908879 137212174624640 msgin 102 12533760 0 0 0 0
2011890718909899 137212174624640 enq 102 1 0 0 0 0
2011890726322869 137212166624960 outfirst 101 1 65536 0 0 0
2011890727316222 137212166624960 outfirst 101 0 65536 0 0 0
2011890727374030 137212166624960 pump_end 1 2 0 0 0 0
2011890727374610 137212166624960 join_beg 1 0 0 0 0 0
2011890727375410 137212166624960 join_end 0 0 0 0 0 0
2011890727375640 137212166624960 book_beg 1 0 0 0 0 0
2011890727376000 137212166624960 batch 102 1 1 2 2 0
2011890727376030 137212166624960 book_end 1 0 0 0 0 0
2011890727376060 137212166624960 coll_beg 0 0 0 0 0 0
2011890727711988 137212166624960 coll_end 0 0 0 0 0 0
2011890727712058 137212166624960 rel_beg 1 0 0 0 0 0
2011890727712488 137212166624960 absorb 102 0 0 0 0 0
2011890727715958 137212166624960 rel_end 1 0 0 0 0 0
2011890727718148 137212166624960 wait_beg 0 0 0 0 0 0
2011890727799235 137212174624640 send 18 0 0 101 99 1
2011890728264208 137212174624640 send 381229 0 0 101 99 1
2011890728622994 137212174624640 send 316213 0 0 101 99 1
2011890728625224 137212174624640 send 14 0 0 101 99 1
2011890728625724 137212174624640 egress 102 1 0 99 0 0
2011890727737967 137212158232256 emit_beg 102 0 0 0 0 0
2011890727746427 137212158232256 dmg 0 1 0 0 1920 1080
2011890727746667 137212158232256 enc 101 101 1 -1 -1 0
2011890727812464 137212158232256 emit_end 102 0 0 0 0 0
2011890759109881 137212166624960 wait_end 0 0 0 0 0 0
2011890759111901 137212166624960 drain_beg 0 0 0 0 0 0
2011890759112151 137212166624960 drain_end 1 0 0 0 0 0
2011890759112261 137212166624960 take 103 0 0 0 0 0
2011890759112641 137212166624960 subm_beg 1 0 0 0 0 0
2011890759113261 137212166624960 submit 103 0 0 0 0 0
2011890759113291 137212166624960 subm_end 1 0 0 0 0 0
2011890759113321 137212166624960 pump_beg 1 0 0 0 0 0
2011890759409870 137212166624960 feedend 102 0 0 0 0 0
2011890759560645 137212166624960 feedend 102 1 0 0 0 0
2011890754007937 137212174624640 cliack 100 0 101 102 0 0
2011890754008247 137212174624640 ackregion 101 102 102 100 1 0
2011890759096972 137212174624640 msgin 103 12533760 0 0 0 0
2011890759097622 137212174624640 enq 103 1 0 0 0 0
2011890767396378 137212166624960 outfirst 102 1 65536 0 0 0
2011890768360993 137212166624960 outfirst 102 0 65536 0 0 0
2011890768445110 137212166624960 pump_end 1 2 0 0 0 0
2011890768445550 137212166624960 join_beg 1 0 0 0 0 0
2011890768446670 137212166624960 join_end 0 0 0 0 0 0
2011890768446720 137212166624960 book_beg 1 0 0 0 0 0
2011890768447730 137212166624960 batch 103 1 1 2 2 0
2011890768447770 137212166624960 book_end 1 0 0 0 0 0
2011890768447910 137212166624960 coll_beg 0 0 0 0 0 0
2011890768759589 137212166624960 coll_end 0 0 0 0 0 0
2011890768759629 137212166624960 rel_beg 1 0 0 0 0 0
2011890768760289 137212166624960 absorb 103 0 0 0 0 0
2011890768764518 137212166624960 rel_end 1 0 0 0 0 0
2011890768766048 137212166624960 wait_beg 0 0 0 0 0 0
2011890768868485 137212174624640 send 18 0 0 102 100 1
2011890769484712 137212174624640 send 491264 0 0 102 100 1
2011890769937026 137212174624640 send 438699 0 0 102 100 1
2011890769938556 137212174624640 send 14 0 0 102 100 1
2011890769938876 137212174624640 egress 103 1 0 100 0 0
2011890768783908 137212158232256 emit_beg 103 0 0 0 0 0
2011890768787378 137212158232256 dmg 0 1 0 0 1920 1080
2011890768787668 137212158232256 enc 102 102 1 -1 -1 0
2011890768852485 137212158232256 emit_end 103 0 0 0 0 0
2011890797093854 137212166624960 wait_end 0 0 0 0 0 0
2011890797096024 137212166624960 drain_beg 0 0 0 0 0 0
2011890797096334 137212166624960 drain_end 1 0 0 0 0 0
2011890797096514 137212166624960 take 104 0 0 0 0 0
2011890797096624 137212166624960 subm_beg 1 0 0 0 0 0
2011890797096974 137212166624960 submit 104 0 0 0 0 0
2011890797097064 137212166624960 subm_end 1 0 0 0 0 0
2011890797097094 137212166624960 pump_beg 1 0 0 0 0 0
2011890797392643 137212166624960 feedend 103 0 0 0 0 0
2011890797570326 137212166624960 feedend 103 1 0 0 0 0
2011890796004874 137212174624640 cliack 101 0 102 103 0 0
2011890796005094 137212174624640 ackregion 102 103 103 101 1 0
2011890797072405 137212174624640 msgin 104 12533760 0 0 0 0
2011890797072815 137212174624640 enq 104 1 0 0 0 0
2011890804912638 137212166624960 outfirst 103 1 65536 0 0 0
2011890806134074 137212166624960 outfirst 103 0 65536 0 0 0
2011890806205281 137212166624960 pump_end 1 2 0 0 0 0
2011890806205331 137212166624960 join_beg 1 0 0 0 0 0
2011890806205521 137212166624960 join_end 0 0 0 0 0 0
2011890806205641 137212166624960 book_beg 1 0 0 0 0 0
2011890806206001 137212166624960 batch 104 1 1 2 2 0
2011890806206051 137212166624960 book_end 1 0 0 0 0 0
2011890806212921 137212166624960 coll_beg 0 0 0 0 0 0
2011890806565398 137212166624960 coll_end 0 0 0 0 0 0
2011890806565438 137212166624960 rel_beg 1 0 0 0 0 0
2011890806565608 137212166624960 absorb 104 0 0 0 0 0
2011890806567888 137212166624960 rel_end 1 0 0 0 0 0
2011890806569678 137212166624960 wait_beg 0 0 0 0 0 0
2011890806659945 137212174624640 send 18 0 0 103 101 1
2011890807256973 137212174624640 send 469543 0 0 103 101 1
2011890807698887 137212174624640 send 390813 0 0 103 101 1
2011890807701086 137212174624640 send 14 0 0 103 101 1
2011890807701276 137212174624640 egress 104 1 0 101 0 0
2011890806589187 137212158232256 emit_beg 104 0 0 0 0 0
2011890806596417 137212158232256 dmg 0 1 0 0 1920 1080
2011890806596617 137212158232256 enc 103 103 1 -1 -1 0
2011890806666604 137212158232256 emit_end 104 0 0 0 0 0
2011890830593060 137212166624960 wait_end 0 0 0 0 0 0
2011890830596150 137212166624960 drain_beg 0 0 0 0 0 0
2011890830596470 137212166624960 drain_end 1 0 0 0 0 0
2011890830596640 137212166624960 take 105 0 0 0 0 0
2011890830597060 137212166624960 subm_beg 1 0 0 0 0 0
2011890830597880 137212166624960 submit 105 0 0 0 0 0
2011890830598010 137212166624960 subm_end 1 0 0 0 0 0
2011890830598050 137212166624960 pump_beg 1 0 0 0 0 0
2011890830870750 137212166624960 feedend 104 0 0 0 0 0
2011890831083692 137212166624960 feedend 104 1 0 0 0 0
2011890826030567 137212174624640 cliack 102 0 103 104 0 0
2011890826030987 137212174624640 ackregion 103 104 104 102 1 0
2011890830565541 137212174624640 msgin 105 12533760 0 0 0 0
2011890830566081 137212174624640 enq 105 1 0 0 0 0
2011890837908183 137212166624960 outfirst 104 1 65536 0 0 0
2011890839016073 137212166624960 outfirst 104 0 65536 0 0 0
2011890839116889 137212166624960 pump_end 1 2 0 0 0 0
2011890839117159 137212166624960 join_beg 1 0 0 0 0 0
2011890839117579 137212166624960 join_end 0 0 0 0 0 0
2011890839117709 137212166624960 book_beg 1 0 0 0 0 0
2011890839118019 137212166624960 batch 105 1 1 2 2 0
2011890839118199 137212166624960 book_end 1 0 0 0 0 0
2011890839118369 137212166624960 coll_beg 0 0 0 0 0 0
2011890839431538 137212166624960 coll_end 0 0 0 0 0 0
2011890839431818 137212166624960 rel_beg 1 0 0 0 0 0
2011890839432348 137212166624960 absorb 105 0 0 0 0 0
2011890839435807 137212166624960 rel_end 1 0 0 0 0 0
2011890839439887 137212166624960 wait_beg 0 0 0 0 0 0
2011890839513875 137212174624640 send 18 0 0 104 102 1
2011890839826503 137212174624640 send 427505 0 0 104 102 1
2011890840069324 137212174624640 send 342867 0 0 104 102 1
2011890840070534 137212174624640 send 14 0 0 104 102 1
2011890840070934 137212174624640 egress 105 1 0 102 0 0
2011890839459247 137212158232256 emit_beg 105 0 0 0 0 0
2011890839467516 137212158232256 dmg 0 1 0 0 1920 1080
2011890839467706 137212158232256 enc 104 104 1 -1 -1 0
2011890839525634 137212158232256 emit_end 105 0 0 0 0 0
2011890870526372 137212166624960 wait_end 0 0 0 0 0 0
2011890870530002 137212166624960 drain_beg 0 0 0 0 0 0
2011890870530312 137212166624960 drain_end 1 0 0 0 0 0
2011890870530562 137212166624960 take 106 0 0 0 0 0
2011890870531002 137212166624960 subm_beg 1 0 0 0 0 0
2011890870531852 137212166624960 submit 106 0 0 0 0 0
2011890870532102 137212166624960 subm_end 1 0 0 0 0 0
2011890870532152 137212166624960 pump_beg 1 0 0 0 0 0
2011890870821591 137212166624960 feedend 105 0 0 0 0 0
2011890871046213 137212166624960 feedend 105 1 0 0 0 0
2011890866250828 137212174624640 cliack 103 0 104 105 0 0
2011890866251378 137212174624640 ackregion 104 105 105 103 1 0
2011890870500433 137212174624640 msgin 106 12533760 0 0 0 0
2011890870501023 137212174624640 enq 106 1 0 0 0 0
2011890879023192 137212166624960 outfirst 105 1 65536 0 0 0
2011890879633169 137212166624960 outfirst 105 0 65536 0 0 0
2011890879740925 137212166624960 pump_end 1 2 0 0 0 0
2011890879741085 137212166624960 join_beg 1 0 0 0 0 0
2011890879741285 137212166624960 join_end 0 0 0 0 0 0
2011890879741345 137212166624960 book_beg 1 0 0 0 0 0
2011890879742115 137212166624960 batch 106 1 1 2 2 0
2011890879742175 137212166624960 book_end 1 0 0 0 0 0
2011890879742245 137212166624960 coll_beg 0 0 0 0 0 0
2011890880165410 137212166624960 coll_end 0 0 0 0 0 0
2011890880165540 137212166624960 rel_beg 1 0 0 0 0 0
2011890880166070 137212166624960 absorb 106 0 0 0 0 0
2011890880169860 137212166624960 rel_end 1 0 0 0 0 0
2011890880172250 137212166624960 wait_beg 0 0 0 0 0 0
2011890880227598 137212174624640 send 18 0 0 105 103 1
2011890880604754 137212174624640 send 490590 0 0 105 103 1
2011890880921892 137212174624640 send 449663 0 0 105 103 1
2011890880923162 137212174624640 send 14 0 0 105 103 1
2011890880923502 137212174624640 egress 106 1 0 103 0 0
2011890880192109 137212158232256 emit_beg 106 0 0 0 0 0
2011890880200069 137212158232256 dmg 0 1 0 0 1920 1080
2011890880200849 137212158232256 enc 105 105 1 -1 -1 0
2011890880279606 137212158232256 emit_end 106 0 0 0 0 0
2011890903570075 137212174624640 cliack 104 0 105 106 0 0
2011890903570715 137212174624640 ackregion 105 106 106 104 1 0
2011890907655556 137212166624960 wait_end 0 0 0 0 0 0
2011890907657976 137212166624960 drain_beg 0 0 0 0 0 0
2011890907658356 137212166624960 drain_end 1 0 0 0 0 0
2011890907658616 137212166624960 take 107 0 0 0 0 0
2011890907659066 137212166624960 subm_beg 1 0 0 0 0 0
2011890907660416 137212166624960 submit 107 0 0 0 0 0
2011890907660556 137212166624960 subm_end 1 0 0 0 0 0
2011890907660596 137212166624960 pump_beg 1 0 0 0 0 0
2011890907930956 137212166624960 feedend 106 0 0 0 0 0
2011890908126909 137212166624960 feedend 106 1 0 0 0 0
2011890907643536 137212174624640 msgin 107 12533760 0 0 0 0
2011890907644376 137212174624640 enq 107 1 0 0 0 0
2011890915115783 137212166624960 outfirst 106 1 65536 0 0 0
2011890916174695 137212166624960 outfirst 106 0 65536 0 0 0
2011890916230873 137212166624960 pump_end 1 2 0 0 0 0
2011890916231073 137212166624960 join_beg 1 0 0 0 0 0
2011890916231583 137212166624960 join_end 0 0 0 0 0 0
2011890916231633 137212166624960 book_beg 1 0 0 0 0 0
2011890916232303 137212166624960 batch 107 1 1 2 2 0
2011890916232443 137212166624960 book_end 1 0 0 0 0 0
2011890916232473 137212166624960 coll_beg 0 0 0 0 0 0
2011890916445485 137212166624960 coll_end 0 0 0 0 0 0
2011890916445525 137212166624960 rel_beg 1 0 0 0 0 0
2011890916445975 137212166624960 absorb 107 0 0 0 0 0
2011890916449475 137212166624960 rel_end 1 0 0 0 0 0
2011890916451145 137212166624960 wait_beg 0 0 0 0 0 0
2011890916513282 137212174624640 send 18 0 0 106 104 1
2011890916841290 137212174624640 send 418372 0 0 106 104 1
2011890917254535 137212174624640 send 356180 0 0 106 104 1
2011890917256705 137212174624640 send 14 0 0 106 104 1
2011890917257075 137212174624640 egress 107 1 0 104 0 0
2011890916470064 137212158232256 emit_beg 107 0 0 0 0 0
2011890916478164 137212158232256 dmg 0 1 0 0 1920 1080
2011890916478334 137212158232256 enc 106 106 1 -1 -1 0
2011890916549601 137212158232256 emit_end 107 0 0 0 0 0
2011890939661147 137212166624960 wait_end 0 0 0 0 0 0
2011890939663147 137212166624960 drain_beg 0 0 0 0 0 0
2011890939663497 137212166624960 drain_end 1 0 0 0 0 0
2011890939663647 137212166624960 take 108 0 0 0 0 0
2011890939663887 137212166624960 subm_beg 1 0 0 0 0 0
2011890939664327 137212166624960 submit 108 0 0 0 0 0
2011890939664477 137212166624960 subm_end 1 0 0 0 0 0
2011890939664497 137212166624960 pump_beg 1 0 0 0 0 0
2011890939926927 137212166624960 feedend 107 0 0 0 0 0
2011890940120660 137212166624960 feedend 107 1 0 0 0 0
2011890936778582 137212174624640 cliack 105 0 106 107 0 0
2011890936778842 137212174624640 ackregion 106 107 107 105 1 0
2011890939650447 137212174624640 msgin 108 12533760 0 0 0 0
2011890939651297 137212174624640 enq 108 1 0 0 0 0
2011890947454262 137212166624960 outfirst 107 1 65536 0 0 0
2011890948380829 137212166624960 outfirst 107 0 65536 0 0 0
2011890948451786 137212166624960 pump_end 1 2 0 0 0 0
2011890948451966 137212166624960 join_beg 1 0 0 0 0 0
2011890948452176 137212166624960 join_end 0 0 0 0 0 0
2011890948452356 137212166624960 book_beg 1 0 0 0 0 0
2011890948452986 137212166624960 batch 108 1 1 2 2 0
2011890948453056 137212166624960 book_end 1 0 0 0 0 0
2011890948453116 137212166624960 coll_beg 0 0 0 0 0 0
2011890948804453 137212166624960 coll_end 0 0 0 0 0 0
2011890948804503 137212166624960 rel_beg 1 0 0 0 0 0
2011890948805093 137212166624960 absorb 108 0 0 0 0 0
2011890948809423 137212166624960 rel_end 1 0 0 0 0 0
2011890948811483 137212166624960 wait_beg 0 0 0 0 0 0
2011890948881070 137212174624640 send 18 0 0 107 105 1
2011890949374962 137212174624640 send 450310 0 0 107 105 1
2011890949778147 137212174624640 send 388222 0 0 107 105 1
2011890949779907 137212174624640 send 14 0 0 107 105 1
2011890949780107 137212174624640 egress 108 1 0 105 0 0
2011890948829122 137212158232256 emit_beg 108 0 0 0 0 0
2011890948835932 137212158232256 dmg 0 1 0 0 1920 1080
2011890948836172 137212158232256 enc 107 107 1 -1 -1 0
2011890948898360 137212158232256 emit_end 108 0 0 0 0 0
2011890982825181 137212166624960 wait_end 0 0 0 0 0 0
2011890982828080 137212166624960 drain_beg 0 0 0 0 0 0
2011890982828380 137212166624960 drain_end 1 0 0 0 0 0
2011890982828550 137212166624960 take 109 0 0 0 0 0
2011890982828810 137212166624960 subm_beg 1 0 0 0 0 0
2011890982829170 137212166624960 submit 109 0 0 0 0 0
2011890982829310 137212166624960 subm_end 1 0 0 0 0 0
2011890982829340 137212166624960 pump_beg 1 0 0 0 0 0
2011890983117230 137212166624960 feedend 108 0 0 0 0 0
2011890983323492 137212166624960 feedend 108 1 0 0 0 0
2011890977569532 137212174624640 cliack 106 0 107 108 0 0
2011890977569952 137212174624640 ackregion 107 108 108 106 1 0
2011890982801191 137212174624640 msgin 109 12533760 0 0 0 0
2011890982801841 137212174624640 enq 109 1 0 0 0 0
2011890990252999 137212166624960 outfirst 108 1 65536 0 0 0
2011890991549212 137212166624960 outfirst 108 0 65536 0 0 0
2011890991627339 137212166624960 pump_end 1 2 0 0 0 0
2011890991627559 137212166624960 join_beg 1 0 0 0 0 0
2011890991627809 137212166624960 join_end 0 0 0 0 0 0
2011890991627879 137212166624960 book_beg 1 0 0 0 0 0
2011890991628299 137212166624960 batch 109 1 1 2 2 0
2011890991628399 137212166624960 book_end 1 0 0 0 0 0
2011890991628559 137212166624960 coll_beg 0 0 0 0 0 0
2011890991865620 137212166624960 coll_end 0 0 0 0 0 0
2011890991865790 137212166624960 rel_beg 1 0 0 0 0 0
2011890991866240 137212166624960 absorb 109 0 0 0 0 0
2011890991870240 137212166624960 rel_end 1 0 0 0 0 0
2011890991872530 137212166624960 wait_beg 0 0 0 0 0 0
2011890991940898 137212174624640 send 18 0 0 108 106 1
2011890992279185 137212174624640 send 432800 0 0 108 106 1
2011890992671231 137212174624640 send 352708 0 0 108 106 1
2011890992672941 137212174624640 send 14 0 0 108 106 1
2011890992673241 137212174624640 egress 109 1 0 106 0 0
2011890991891729 137212158232256 emit_beg 109 0 0 0 0 0
2011890991898529 137212158232256 dmg 0 1 0 0 1920 1080
2011890991898689 137212158232256 enc 108 108 1 -1 -1 0
2011890991954687 137212158232256 emit_end 109 0 0 0 0 0
2011891010835128 137212174624640 cliack 107 0 108 109 0 0
2011891010835538 137212174624640 ackregion 108 109 109 107 1 0
2011891015695820 137212166624960 wait_end 0 0 0 0 0 0
2011891015698670 137212166624960 drain_beg 0 0 0 0 0 0
2011891015698960 137212166624960 drain_end 1 0 0 0 0 0
2011891015699120 137212166624960 take 110 0 0 0 0 0
2011891015699340 137212166624960 subm_beg 1 0 0 0 0 0
2011891015699740 137212166624960 submit 110 0 0 0 0 0
2011891015699930 137212166624960 subm_end 1 0 0 0 0 0
2011891015699980 137212166624960 pump_beg 1 0 0 0 0 0
2011891015964820 137212166624960 feedend 109 0 0 0 0 0
2011891016175232 137212166624960 feedend 109 1 0 0 0 0
2011891022750052 137212166624960 outfirst 109 1 65536 0 0 0
2011891023775715 137212166624960 outfirst 109 0 65536 0 0 0
2011891023846202 137212166624960 pump_end 1 2 0 0 0 0
2011891023846662 137212166624960 join_beg 1 0 0 0 0 0
2011891023847702 137212166624960 join_end 0 0 0 0 0 0
2011891023847752 137212166624960 book_beg 1 0 0 0 0 0
2011891023848832 137212166624960 batch 110 1 1 2 2 0
2011891023848982 137212166624960 book_end 1 0 0 0 0 0
2011891023849122 137212166624960 coll_beg 0 0 0 0 0 0
2011891024079764 137212166624960 coll_end 0 0 0 0 0 0
2011891024079824 137212166624960 rel_beg 1 0 0 0 0 0
2011891024080564 137212166624960 absorb 110 0 0 0 0 0
2011891024086134 137212166624960 rel_end 1 0 0 0 0 0
2011891024088244 137212166624960 wait_beg 0 0 0 0 0 0
2011891015666901 137212174624640 msgin 110 12533760 0 0 0 0
2011891015667571 137212174624640 enq 110 1 0 0 0 0
2011891024148541 137212174624640 send 18 0 0 109 107 1
2011891024548877 137212174624640 send 367782 0 0 109 107 1
2011891024862125 137212174624640 send 298599 0 0 109 107 1
2011891024863855 137212174624640 send 14 0 0 109 107 1
2011891024864145 137212174624640 egress 110 1 0 107 0 0
2011891024107163 137212158232256 emit_beg 110 0 0 0 0 0
2011891024113383 137212158232256 dmg 0 1 0 0 1920 1080
2011891024113563 137212158232256 enc 109 109 1 -1 -1 0
2011891024161031 137212158232256 emit_end 110 0 0 0 0 0
2011891047800707 137212166624960 wait_end 0 0 0 0 0 0
2011891047803577 137212166624960 drain_beg 0 0 0 0 0 0
2011891047803917 137212166624960 drain_end 1 0 0 0 0 0
2011891047804077 137212166624960 take 111 0 0 0 0 0
2011891047804307 137212166624960 subm_beg 1 0 0 0 0 0
2011891047804677 137212166624960 submit 111 0 0 0 0 0
2011891047804847 137212166624960 subm_end 1 0 0 0 0 0
2011891047804897 137212166624960 pump_beg 1 0 0 0 0 0
2011891048070898 137212166624960 feedend 110 0 0 0 0 0
2011891048288860 137212166624960 feedend 110 1 0 0 0 0
2011891047043565 137212174624640 cliack 108 0 109 110 0 0
2011891047043865 137212174624640 ackregion 109 110 110 108 1 0
2011891047774688 137212174624640 msgin 111 12533760 0 0 0 0
2011891047774988 137212174624640 enq 111 1 0 0 0 0
2011891055427369 137212166624960 outfirst 110 1 65536 0 0 0
2011891056657724 137212166624960 outfirst 110 0 65536 0 0 0
2011891056725082 137212166624960 pump_end 1 2 0 0 0 0
2011891056725412 137212166624960 join_beg 1 0 0 0 0 0
2011891056725632 137212166624960 join_end 0 0 0 0 0 0
2011891056725662 137212166624960 book_beg 1 0 0 0 0 0
2011891056726311 137212166624960 batch 111 1 1 2 2 0
2011891056726461 137212166624960 book_end 1 0 0 0 0 0
2011891056726611 137212166624960 coll_beg 0 0 0 0 0 0
2011891056980322 137212166624960 coll_end 0 0 0 0 0 0
2011891056980502 137212166624960 rel_beg 1 0 0 0 0 0
2011891056984212 137212166624960 absorb 111 0 0 0 0 0
2011891056988512 137212166624960 rel_end 1 0 0 0 0 0
2011891056990312 137212166624960 wait_beg 0 0 0 0 0 0
2011891057041700 137212174624640 send 18 0 0 110 108 1
2011891057376378 137212174624640 send 457823 0 0 110 108 1
2011891057625839 137212174624640 send 365490 0 0 110 108 1
2011891057627109 137212174624640 send 14 0 0 110 108 1
2011891057627419 137212174624640 egress 111 1 0 108 0 0
2011891057009781 137212158232256 emit_beg 111 0 0 0 0 0
2011891057016061 137212158232256 dmg 0 1 0 0 1920 1080
2011891057016241 137212158232256 enc 110 110 1 -1 -1 0
2011891057076919 137212158232256 emit_end 111 0 0 0 0 0
2011891081107651 137212174624640 cliack 109 0 110 111 0 0
2011891081107931 137212174624640 ackregion 110 111 111 109 1 0
2011891085898416 137212166624960 wait_end 0 0 0 0 0 0
2011891085900396 137212166624960 drain_beg 0 0 0 0 0 0
2011891085900686 137212166624960 drain_end 1 0 0 0 0 0
2011891085900966 137212166624960 take 112 0 0 0 0 0
2011891085901186 137212166624960 subm_beg 1 0 0 0 0 0
2011891085901786 137212166624960 submit 112 0 0 0 0 0
2011891085901916 137212166624960 subm_end 1 0 0 0 0 0
2011891085901946 137212166624960 pump_beg 1 0 0 0 0 0
2011891086141807 137212166624960 feedend 111 0 0 0 0 0
2011891086341930 137212166624960 feedend 111 1 0 0 0 0
2011891093285066 137212166624960 outfirst 111 1 65536 0 0 0
2011891093952022 137212166624960 outfirst 111 0 65536 0 0 0
2011891094000750 137212166624960 pump_end 1 2 0 0 0 0
2011891094000940 137212166624960 join_beg 1 0 0 0 0 0
2011891094001270 137212166624960 join_end 0 0 0 0 0 0
2011891094001340 137212166624960 book_beg 1 0 0 0 0 0
2011891094001580 137212166624960 batch 112 1 1 2 2 0
2011891094001730 137212166624960 book_end 1 0 0 0 0 0
2011891094001870 137212166624960 coll_beg 0 0 0 0 0 0
2011891094221472 137212166624960 coll_end 0 0 0 0 0 0
2011891094221602 137212166624960 rel_beg 1 0 0 0 0 0
2011891094221882 137212166624960 absorb 112 0 0 0 0 0
2011891094225042 137212166624960 rel_end 1 0 0 0 0 0
2011891094226872 137212166624960 wait_beg 0 0 0 0 0 0
2011891085888996 137212174624640 msgin 112 12533760 0 0 0 0
2011891085889496 137212174624640 enq 112 1 0 0 0 0
2011891094307089 137212174624640 send 18 0 0 111 109 1
2011891094764682 137212174624640 send 389858 0 0 111 109 1
2011891095005983 137212174624640 send 344652 0 0 111 109 1
2011891095007183 137212174624640 send 14 0 0 111 109 1
2011891095007353 137212174624640 egress 112 1 0 109 0 0
2011891094244251 137212158232256 emit_beg 112 0 0 0 0 0
2011891094251221 137212158232256 dmg 0 1 0 0 1920 1080
2011891094251521 137212158232256 enc 111 111 1 -1 -1 0
2011891094305439 137212158232256 emit_end 112 0 0 0 0 0
2011891111749632 137212166624960 wait_end 0 0 0 0 0 0
2011891111752672 137212166624960 drain_beg 0 0 0 0 0 0
2011891111753002 137212166624960 drain_end 1 0 0 0 0 0
2011891111753172 137212166624960 take 113 0 0 0 0 0
2011891111753392 137212166624960 subm_beg 1 0 0 0 0 0
2011891111754002 137212166624960 submit 113 0 0 0 0 0
2011891111754162 137212166624960 subm_end 1 0 0 0 0 0
2011891111754212 137212166624960 pump_beg 1 0 0 0 0 0
2011891112023822 137212166624960 feedend 112 0 0 0 0 0
2011891112259083 137212166624960 feedend 112 1 0 0 0 0
2011891109915979 137212174624640 cliack 110 0 111 112 0 0
2011891109916329 137212174624640 ackregion 111 112 112 110 1 0
2011891111723593 137212174624640 msgin 113 12533760 0 0 0 0
2011891111724203 137212174624640 enq 113 1 0 0 0 0
2011891118725527 137212166624960 outfirst 112 1 65536 0 0 0
2011891119300396 137212166624960 outfirst 112 0 65536 0 0 0
2011891119339785 137212166624960 pump_end 1 2 0 0 0 0
2011891119340105 137212166624960 join_beg 1 0 0 0 0 0
2011891119340445 137212166624960 join_end 0 0 0 0 0 0
2011891119340495 137212166624960 book_beg 1 0 0 0 0 0
2011891119340735 137212166624960 batch 113 1 1 2 2 0
2011891119340875 137212166624960 book_end 1 0 0 0 0 0
2011891119341015 137212166624960 coll_beg 0 0 0 0 0 0
2011891119541307 137212166624960 coll_end 0 0 0 0 0 0
2011891119541477 137212166624960 rel_beg 1 0 0 0 0 0
2011891119541787 137212166624960 absorb 113 0 0 0 0 0
2011891119545167 137212166624960 rel_end 1 0 0 0 0 0
2011891119546707 137212166624960 wait_beg 0 0 0 0 0 0
2011891119597335 137212174624640 send 18 0 0 112 110 1
2011891119843046 137212174624640 send 336603 0 0 112 110 1
2011891120050539 137212174624640 send 292140 0 0 112 110 1
2011891120051759 137212174624640 send 14 0 0 112 110 1
2011891120051959 137212174624640 egress 113 1 0 110 0 0
2011891119565416 137212158232256 emit_beg 113 0 0 0 0 0
2011891119571556 137212158232256 dmg 0 1 0 0 1920 1080
2011891119571746 137212158232256 enc 112 112 1 -1 -1 0
2011891119618695 137212158232256 emit_end 113 0 0 0 0 0
2011891145653034 137212174624640 cliack 111 0 112 113 0 0
2011891145653504 137212174624640 ackregion 112 113 113 111 1 0
2011891150121570 137212166624960 wait_end 0 0 0 0 0 0
2011891150126290 137212166624960 drain_beg 0 0 0 0 0 0
2011891150126710 137212166624960 drain_end 1 0 0 0 0 0
2011891150126860 137212166624960 take 114 0 0 0 0 0
2011891150127280 137212166624960 subm_beg 1 0 0 0 0 0
2011891150128260 137212166624960 submit 114 0 0 0 0 0
2011891150128420 137212166624960 subm_end 1 0 0 0 0 0
2011891150128480 137212166624960 pump_beg 1 0 0 0 0 0
2011891150424389 137212166624960 feedend 113 0 0 0 0 0
2011891150633062 137212166624960 feedend 113 1 0 0 0 0
2011891150092371 137212174624640 msgin 114 12533760 0 0 0 0
2011891150094211 137212174624640 enq 114 1 0 0 0 0
2011891157413354 137212166624960 outfirst 113 1 65536 0 0 0
2011891158699497 137212166624960 outfirst 113 0 65536 0 0 0
2011891158755975 137212166624960 pump_end 1 2 0 0 0 0
2011891158756185 137212166624960 join_beg 1 0 0 0 0 0
2011891158756505 137212166624960 join_end 0 0 0 0 0 0
2011891158756545 137212166624960 book_beg 1 0 0 0 0 0
2011891158756705 137212166624960 batch 114 1 1 2 2 0
2011891158756735 137212166624960 book_end 1 0 0 0 0 0
2011891158756765 137212166624960 coll_beg 0 0 0 0 0 0
2011891158971047 137212166624960 coll_end 0 0 0 0 0 0
2011891158971147 137212166624960 rel_beg 1 0 0 0 0 0
2011891158971437 137212166624960 absorb 114 0 0 0 0 0
2011891158974847 137212166624960 rel_end 1 0 0 0 0 0
2011891158976427 137212166624960 wait_beg 0 0 0 0 0 0
2011891159087163 137212174624640 send 18 0 0 113 111 1
2011891159613004 137212174624640 send 444377 0 0 113 111 1
2011891159918873 137212174624640 send 346421 0 0 113 111 1
2011891159920132 137212174624640 send 14 0 0 113 111 1
2011891159920402 137212174624640 egress 114 1 0 111 0 0
2011891158996776 137212158232256 emit_beg 114 0 0 0 0 0
2011891159008436 137212158232256 dmg 0 1 0 0 1920 1080
2011891159008796 137212158232256 enc 113 113 1 -1 -1 0
2011891159072873 137212158232256 emit_end 114 0 0 0 0 0
2011891180592348 137212166624960 wait_end 0 0 0 0 0 0
2011891180595567 137212166624960 drain_beg 0 0 0 0 0 0
2011891180596257 137212166624960 drain_end 1 0 0 0 0 0
2011891180596517 137212166624960 take 115 0 0 0 0 0
2011891180596797 137212166624960 subm_beg 1 0 0 0 0 0
2011891180597757 137212166624960 submit 115 0 0 0 0 0
2011891180597947 137212166624960 subm_end 1 0 0 0 0 0
2011891180598007 137212166624960 pump_beg 1 0 0 0 0 0
2011891180896916 137212166624960 feedend 114 0 0 0 0 0
2011891181113318 137212166624960 feedend 114 1 0 0 0 0
2011891177284898 137212174624640 cliack 112 0 113 114 0 0
2011891177285368 137212174624640 ackregion 113 114 114 112 1 0
2011891180565528 137212174624640 msgin 115 12533760 0 0 0 0
2011891180566508 137212174624640 enq 115 1 0 0 0 0
2011891188831877 137212166624960 outfirst 114 1 65536 0 0 0
2011891189503542 137212166624960 outfirst 114 0 65536 0 0 0
2011891189558040 137212166624960 pump_end 1 2 0 0 0 0
2011891189558230 137212166624960 join_beg 1 0 0 0 0 0
2011891189558400 137212166624960 join_end 0 0 0 0 0 0
2011891189558490 137212166624960 book_beg 1 0 0 0 0 0
2011891189558720 137212166624960 batch 115 1 1 2 2 0
2011891189558850 137212166624960 book_end 1 0 0 0 0 0
2011891189558890 137212166624960 coll_beg 0 0 0 0 0 0
2011891189824100 137212166624960 coll_end 0 0 0 0 0 0
2011891189824150 137212166624960 rel_beg 1 0 0 0 0 0
2011891189824430 137212166624960 absorb 115 0 0 0 0 0
2011891189827730 137212166624960 rel_end 1 0 0 0 0 0
2011891189829430 137212166624960 wait_beg 0 0 0 0 0 0
2011891189916447 137212174624640 send 18 0 0 114 112 1
2011891190478296 137212174624640 send 476088 0 0 114 112 1
2011891190901131 137212174624640 send 432931 0 0 114 112 1
2011891190902361 137212174624640 send 14 0 0 114 112 1
2011891190902601 137212174624640 egress 115 1 0 112 0 0
2011891189848819 137212158232256 emit_beg 115 0 0 0 0 0
2011891189856739 137212158232256 dmg 0 1 0 0 1920 1080
2011891189857179 137212158232256 enc 114 114 1 -1 -1 0
2011891189926487 137212158232256 emit_end 115 0 0 0 0 0
2011891204489245 137212174624640 cliack 113 0 114 115 0 0
2011891204489695 137212174624640 ackregion 114 115 115 113 1 0
2011891208202959 137212166624960 wait_end 0 0 0 0 0 0
2011891208205879 137212166624960 drain_beg 0 0 0 0 0 0
2011891208206169 137212166624960 drain_end 1 0 0 0 0 0
2011891208206339 137212166624960 take 116 0 0 0 0 0
2011891208206579 137212166624960 subm_beg 1 0 0 0 0 0
2011891208207219 137212166624960 submit 116 0 0 0 0 0
2011891208207389 137212166624960 subm_end 1 0 0 0 0 0
2011891208207439 137212166624960 pump_beg 1 0 0 0 0 0
2011891208481689 137212166624960 feedend 115 0 0 0 0 0
2011891208688661 137212166624960 feedend 115 1 0 0 0 0
2011891216012674 137212166624960 outfirst 115 1 65536 0 0 0
2011891208178630 137212174624640 msgin 116 12533760 0 0 0 0
2011891208179130 137212174624640 enq 116 1 0 0 0 0
2011891216694759 137212166624960 outfirst 115 0 65536 0 0 0
2011891216752307 137212166624960 pump_end 1 2 0 0 0 0
2011891216752567 137212166624960 join_beg 1 0 0 0 0 0
2011891216752867 137212166624960 join_end 0 0 0 0 0 0
2011891216752957 137212166624960 book_beg 1 0 0 0 0 0
2011891216753217 137212166624960 batch 116 1 1 2 2 0
2011891216753387 137212166624960 book_end 1 0 0 0 0 0
2011891216753567 137212166624960 coll_beg 0 0 0 0 0 0
2011891217003758 137212166624960 coll_end 0 0 0 0 0 0
2011891217004018 137212166624960 rel_beg 1 0 0 0 0 0
2011891217004298 137212166624960 absorb 116 0 0 0 0 0
2011891217007368 137212166624960 rel_end 1 0 0 0 0 0
2011891217009258 137212166624960 wait_beg 0 0 0 0 0 0
2011891217069085 137212174624640 send 18 0 0 115 113 1
2011891217394304 137212174624640 send 435720 0 0 115 113 1
2011891217675893 137212174624640 send 392773 0 0 115 113 1
2011891217677143 137212174624640 send 14 0 0 115 113 1
2011891217677323 137212174624640 egress 116 1 0 113 0 0
2011891217026357 137212158232256 emit_beg 116 0 0 0 0 0
2011891217033257 137212158232256 dmg 0 1 0 0 1920 1080
2011891217033577 137212158232256 enc 115 115 1 -1 -1 0
2011891217093645 137212158232256 emit_end 116 0 0 0 0 0
2011891240838177 137212166624960 wait_end 0 0 0 0 0 0
2011891240840947 137212166624960 drain_beg 0 0 0 0 0 0
2011891240841337 137212166624960 drain_end 1 0 0 0 0 0
2011891240841497 137212166624960 take 117 0 0 0 0 0
2011891240841737 137212166624960 subm_beg 1 0 0 0 0 0
2011891240842197 137212166624960 submit 117 0 0 0 0 0
2011891240842357 137212166624960 subm_end 1 0 0 0 0 0
2011891240842407 137212166624960 pump_beg 1 0 0 0 0 0
2011891241117767 137212166624960 feedend 116 0 0 0 0 0
2011891241326899 137212166624960 feedend 116 1 0 0 0 0
2011891238485043 137212174624640 cliack 114 0 115 116 0 0
2011891238485623 137212174624640 ackregion 115 116 116 114 1 0
2011891240813148 137212174624640 msgin 117 12533760 0 0 0 0
2011891240813768 137212174624640 enq 117 1 0 0 0 0
2011891248258156 137212166624960 outfirst 116 1 65536 0 0 0
2011891249195362 137212166624960 outfirst 116 0 65536 0 0 0
2011891249247400 137212166624960 pump_end 1 2 0 0 0 0
2011891249247830 137212166624960 join_beg 1 0 0 0 0 0
2011891249248800 137212166624960 join_end 0 0 0 0 0 0
2011891249248920 137212166624960 book_beg 1 0 0 0 0 0
2011891249249870 137212166624960 batch 117 1 1 2 2 0
2011891249250010 137212166624960 book_end 1 0 0 0 0 0
2011891249250160 137212166624960 coll_beg 0 0 0 0 0 0
2011891249481282 137212166624960 coll_end 0 0 0 0 0 0
2011891249481552 137212166624960 rel_beg 1 0 0 0 0 0
2011891249482282 137212166624960 absorb 117 0 0 0 0 0
2011891249487261 137212166624960 rel_end 1 0 0 0 0 0
2011891249489601 137212166624960 wait_beg 0 0 0 0 0 0
2011891249540409 137212174624640 send 18 0 0 116 114 1
2011891249889047 137212174624640 send 406403 0 0 116 114 1
2011891250289312 137212174624640 send 349592 0 0 116 114 1
2011891250291262 137212174624640 send 14 0 0 116 114 1
2011891250291712 137212174624640 egress 117 1 0 114 0 0
2011891249508001 137212158232256 emit_beg 117 0 0 0 0 0
2011891249514460 137212158232256 dmg 0 1 0 0 1920 1080
2011891249514660 137212158232256 enc 116 116 1 -1 -1 0
2011891249570668 137212158232256 emit_end 117 0 0 0 0 0
2011891283008357 137212166624960 wait_end 0 0 0 0 0 0
2011891283011217 137212166624960 drain_beg 0 0 0 0 0 0
2011891283011537 137212166624960 drain_end 1 0 0 0 0 0
2011891283011667 137212166624960 take 118 0 0 0 0 0
2011891283011877 137212166624960 subm_beg 1 0 0 0 0 0
2011891283012127 137212166624960 submit 118 0 0 0 0 0
2011891283012287 137212166624960 subm_end 1 0 0 0 0 0
2011891283012337 137212166624960 pump_beg 1 0 0 0 0 0
2011891283271348 137212166624960 feedend 117 0 0 0 0 0
2011891283482580 137212166624960 feedend 117 1 0 0 0 0
2011891277838446 137212174624640 cliack 115 0 116 117 0 0
2011891277838906 137212174624640 ackregion 116 117 117 115 1 0
2011891282983428 137212174624640 msgin 118 12533760 0 0 0 0
2011891282984228 137212174624640 enq 118 1 0 0 0 0
2011891290550012 137212166624960 outfirst 117 1 65536 0 0 0
2011891291714739 137212166624960 outfirst 117 0 65536 0 0 0
2011891291776057 137212166624960 pump_end 1 2 0 0 0 0
2011891291776257 137212166624960 join_beg 1 0 0 0 0 0
2011891291776617 137212166624960 join_end 0 0 0 0 0 0
2011891291776677 137212166624960 book_beg 1 0 0 0 0 0
2011891291777397 137212166624960 batch 118 1 1 2 2 0
2011891291777537 137212166624960 book_end 1 0 0 0 0 0
2011891291777697 137212166624960 coll_beg 0 0 0 0 0 0
2011891292035707 137212166624960 coll_end 0 0 0 0 0 0
2011891292035867 137212166624960 rel_beg 1 0 0 0 0 0
2011891292036457 137212166624960 absorb 118 0 0 0 0 0
2011891292040397 137212166624960 rel_end 1 0 0 0 0 0
2011891292042357 137212166624960 wait_beg 0 0 0 0 0 0
2011891292109645 137212174624640 send 18 0 0 117 115 1
2011891292618306 137212174624640 send 436555 0 0 117 115 1
2011891292974013 137212174624640 send 364308 0 0 117 115 1
2011891292975223 137212174624640 send 14 0 0 117 115 1
2011891292975453 137212174624640 egress 118 1 0 115 0 0
2011891292060087 137212158232256 emit_beg 118 0 0 0 0 0
2011891292066096 137212158232256 dmg 0 1 0 0 1920 1080
2011891292066276 137212158232256 enc 117 117 1 -1 -1 0
2011891292125694 137212158232256 emit_end 118 0 0 0 0 0
2011891313671857 137212174624640 cliack 116 0 117 118 0 0
2011891313672537 137212174624640 ackregion 117 118 118 116 1 0
2011891318567458 137212166624960 wait_end 0 0 0 0 0 0
2011891318571428 137212166624960 drain_beg 0 0 0 0 0 0
2011891318571918 137212166624960 drain_end 1 0 0 0 0 0
2011891318572088 137212166624960 take 119 0 0 0 0 0
2011891318572368 137212166624960 subm_beg 1 0 0 0 0 0
2011891318573178 137212166624960 submit 119 0 0 0 0 0
2011891318573308 137212166624960 subm_end 1 0 0 0 0 0
2011891318573328 137212166624960 pump_beg 1 0 0 0 0 0
2011891318859018 137212166624960 feedend 118 0 0 0 0 0
2011891319030401 137212166624960 feedend 118 1 0 0 0 0
2011891325978388 137212166624960 outfirst 118 1 65536 0 0 0
2011891326925473 137212166624960 outfirst 118 0 65536 0 0 0
2011891326989251 137212166624960 pump_end 1 2 0 0 0 0
2011891326989601 137212166624960 join_beg 1 0 0 0 0 0
2011891326990541 137212166624960 join_end 0 0 0 0 0 0
2011891326990591 137212166624960 book_beg 1 0 0 0 0 0
2011891326991371 137212166624960 batch 119 1 1 2 2 0
2011891326991511 137212166624960 book_end 1 0 0 0 0 0
2011891326991661 137212166624960 coll_beg 0 0 0 0 0 0
2011891318540299 137212174624640 msgin 119 12533760 0 0 0 0
2011891318540769 137212174624640 enq 119 1 0 0 0 0
2011891327222192 137212166624960 coll_end 0 0 0 0 0 0
2011891327222462 137212166624960 rel_beg 1 0 0 0 0 0
2011891327223022 137212166624960 absorb 119 0 0 0 0 0
2011891327227972 137212166624960 rel_end 1 0 0 0 0 0
2011891327229782 137212166624960 wait_beg 0 0 0 0 0 0
2011891327293640 137212174624640 send 18 0 0 118 116 1
2011891327604188 137212174624640 send 414426 0 0 118 116 1
2011891327851189 137212174624640 send 348848 0 0 118 116 1
2011891327852589 137212174624640 send 14 0 0 118 116 1
2011891327852969 137212174624640 egress 119 1 0 116 0 0
2011891327241022 137212158232256 emit_beg 119 0 0 0 0 0
2011891327251421 137212158232256 dmg 0 1 0 0 1920 1080
2011891327251661 137212158232256 enc 118 118 1 -1 -1 0
2011891327316899 137212158232256 emit_end 119 0 0 0 0 0
2011891346622434 137212174624640 cliack 117 0 118 119 0 0
2011891346622774 137212174624640 ackregion 118 119 119 117 1 0
2011891350141015 137212166624960 wait_end 0 0 0 0 0 0
2011891350144255 137212166624960 drain_beg 0 0 0 0 0 0
2011891350144515 137212166624960 drain_end 1 0 0 0 0 0
2011891350144675 137212166624960 take 120 0 0 0 0 0
2011891350144905 137212166624960 subm_beg 1 0 0 0 0 0
2011891350145845 137212166624960 submit 120 0 0 0 0 0
2011891350146015 137212166624960 subm_end 1 0 0 0 0 0
2011891350146045 137212166624960 pump_beg 1 0 0 0 0 0
2011891350417625 137212166624960 feedend 119 0 0 0 0 0
2011891350503712 137212166624960 feedend 119 1 0 0 0 0
2011891350129516 137212174624640 msgin 120 12533760 0 0 0 0
2011891350130116 137212174624640 enq 120 1 0 0 0 0
2011891358033717 137212166624960 outfirst 119 1 65536 0 0 0
2011891359314170 137212166624960 outfirst 119 0 65536 0 0 0
2011891359390987 137212166624960 pump_end 1 2 0 0 0 0
2011891359391207 137212166624960 join_beg 1 0 0 0 0 0
2011891359391647 137212166624960 join_end 0 0 0 0 0 0
2011891359391737 137212166624960 book_beg 1 0 0 0 0 0
2011891359392287 137212166624960 batch 120 1 1 2 2 0
2011891359392437 137212166624960 book_end 1 0 0 0 0 0
2011891359392567 137212166624960 coll_beg 0 0 0 0 0 0
2011891359648888 137212166624960 coll_end 0 0 0 0 0 0
2011891359649038 137212166624960 rel_beg 1 0 0 0 0 0
2011891359649518 137212166624960 absorb 120 0 0 0 0 0
2011891359653488 137212166624960 rel_end 1 0 0 0 0 0
2011891359655628 137212166624960 wait_beg 0 0 0 0 0 0
2011891359710466 137212174624640 send 18 0 0 119 117 1
2011891360099172 137212174624640 send 488423 0 0 119 117 1
2011891360385931 137212174624640 send 409383 0 0 119 117 1
2011891360387311 137212174624640 send 14 0 0 119 117 1
2011891360387611 137212174624640 egress 120 1 0 117 0 0
2011891359670577 137212158232256 emit_beg 120 0 0 0 0 0
2011891359677407 137212158232256 dmg 0 1 0 0 1920 1080
2011891359677987 137212158232256 enc 119 119 1 -1 -1 0
2011891359743745 137212158232256 emit_end 120 0 0 0 0 0
2011891383524506 137212166624960 wait_end 0 0 0 0 0 0
2011891383528316 137212166624960 drain_beg 0 0 0 0 0 0
2011891383529116 137212166624960 drain_end 1 0 0 0 0 0
2011891383529376 137212166624960 take 121 0 0 0 0 0
2011891383529876 137212166624960 subm_beg 1 0 0 0 0 0
2011891383531296 137212166624960 submit 121 0 0 0 0 0
2011891383531436 137212166624960 subm_end 1 0 0 0 0 0
2011891383531476 137212166624960 pump_beg 1 0 0 0 0 0
2011891383881953 137212166624960 feedend 120 0 0 0 0 0
2011891384100595 137212166624960 feedend 120 1 0 0 0 0
2011891381053996 137212174624640 cliack 118 0 119 120 0 0
2011891381054296 137212174624640 ackregion 119 120 120 118 1 0
2011891383497397 137212174624640 msgin 121 12533760 0 0 0 0
2011891383497947 137212174624640 enq 121 1 0 0 0 0
2011891391097469 137212166624960 outfirst 120 1 65536 0 0 0
2011891391984617 137212166624960 outfirst 120 0 65536 0 0 0
2011891392048025 137212166624960 pump_end 1 2 0 0 0 0
2011891392048325 137212166624960 join_beg 1 0 0 0 0 0
2011891392048855 137212166624960 join_end 0 0 0 0 0 0
2011891392048965 137212166624960 book_beg 1 0 0 0 0 0
2011891392049405 137212166624960 batch 121 1 1 2 2 0
2011891392049545 137212166624960 book_end 1 0 0 0 0 0
2011891392049685 137212166624960 coll_beg 0 0 0 0 0 0
2011891392266267 137212166624960 coll_end 0 0 0 0 0 0
2011891392266417 137212166624960 rel_beg 1 0 0 0 0 0
2011891392267047 137212166624960 absorb 121 0 0 0 0 0
2011891392271357 137212166624960 rel_end 1 0 0 0 0 0
2011891392273436 137212166624960 wait_beg 0 0 0 0 0 0
2011891392324545 137212174624640 send 18 0 0 120 118 1
2011891392648863 137212174624640 send 415357 0 0 120 118 1
2011891392903693 137212174624640 send 353276 0 0 120 118 1
2011891392904783 137212174624640 send 14 0 0 120 118 1
2011891392905053 137212174624640 egress 121 1 0 118 0 0
2011891392292366 137212158232256 emit_beg 121 0 0 0 0 0
2011891392300585 137212158232256 dmg 0 1 0 0 1920 1080
2011891392300905 137212158232256 enc 120 120 1 -1 -1 0
2011891392364323 137212158232256 emit_end 121 0 0 0 0 0
2011891416046508 137212166624960 wait_end 0 0 0 0 0 0
2011891416049248 137212166624960 drain_beg 0 0 0 0 0 0
2011891416049588 137212166624960 drain_end 1 0 0 0 0 0
2011891416049728 137212166624960 take 122 0 0 0 0 0
2011891416049928 137212166624960 subm_beg 1 0 0 0 0 0
2011891416050838 137212166624960 submit 122 0 0 0 0 0
2011891416050988 137212166624960 subm_end 1 0 0 0 0 0
2011891416051018 137212166624960 pump_beg 1 0 0 0 0 0
2011891416338148 137212166624960 feedend 121 0 0 0 0 0
2011891416406825 137212166624960 feedend 121 1 0 0 0 0
2011891413937655 137212174624640 cliack 119 0 120 121 0 0
2011891413937985 137212174624640 ackregion 120 121 121 119 1 0
2011891416033289 137212174624640 msgin 122 12533760 0 0 0 0
2011891416033909 137212174624640 enq 122 1 0 0 0 0
2011891423760607 137212166624960 outfirst 121 1 65536 0 0 0
2011891424988402 137212166624960 outfirst 121 0 65536 0 0 0
2011891425071889 137212166624960 pump_end 1 2 0 0 0 0
2011891425079568 137212166624960 join_beg 1 0 0 0 0 0
2011891425080238 137212166624960 join_end 0 0 0 0 0 0
2011891425080388 137212166624960 book_beg 1 0 0 0 0 0
2011891425081228 137212166624960 batch 122 1 1 2 2 0
2011891425081268 137212166624960 book_end 1 0 0 0 0 0
2011891425081528 137212166624960 coll_beg 0 0 0 0 0 0
2011891425427786 137212166624960 coll_end 0 0 0 0 0 0
2011891425427876 137212166624960 rel_beg 1 0 0 0 0 0
2011891425428226 137212166624960 absorb 122 0 0 0 0 0
2011891425431905 137212166624960 rel_end 1 0 0 0 0 0
2011891425433865 137212166624960 wait_beg 0 0 0 0 0 0
2011891425499763 137212174624640 send 18 0 0 121 119 1
2011891425874119 137212174624640 send 459364 0 0 121 119 1
2011891426194658 137212174624640 send 387042 0 0 121 119 1
2011891426196208 137212174624640 send 14 0 0 121 119 1
2011891426196537 137212174624640 egress 122 1 0 119 0 0
2011891425439985 137212158232256 emit_beg 122 0 0 0 0 0
2011891425442675 137212158232256 dmg 0 1 0 0 1920 1080
2011891425443235 137212158232256 enc 121 121 1 -1 -1 0
2011891425502733 137212158232256 emit_end 122 0 0 0 0 0
2011891457201335 137212166624960 wait_end 0 0 0 0 0 0
2011891457204035 137212166624960 drain_beg 0 0 0 0 0 0
2011891457204385 137212166624960 drain_end 1 0 0 0 0 0
2011891457204645 137212166624960 take 123 0 0 0 0 0
2011891457205155 137212166624960 subm_beg 1 0 0 0 0 0
2011891457206375 137212166624960 submit 123 0 0 0 0 0
2011891457206515 137212166624960 subm_end 1 0 0 0 0 0
2011891457206555 137212166624960 pump_beg 1 0 0 0 0 0
2011891457464986 137212166624960 feedend 122 0 0 0 0 0
2011891457669828 137212166624960 feedend 122 1 0 0 0 0
2011891452742198 137212174624640 cliack 120 0 121 122 0 0
2011891452742398 137212174624640 ackregion 121 122 122 120 1 0
2011891457189106 137212174624640 msgin 123 12533760 0 0 0 0
2011891457190016 137212174624640 enq 123 1 0 0 0 0
2011891464493719 137212166624960 outfirst 122 1 65536 0 0 0
2011891465711634 137212166624960 outfirst 122 0 65536 0 0 0
2011891465778452 137212166624960 pump_end 1 2 0 0 0 0
2011891465778672 137212166624960 join_beg 1 0 0 0 0 0
2011891465779122 137212166624960 join_end 0 0 0 0 0 0
2011891465779152 137212166624960 book_beg 1 0 0 0 0 0
2011891465779602 137212166624960 batch 123 1 1 2 2 0
2011891465779742 137212166624960 book_end 1 0 0 0 0 0
2011891465779892 137212166624960 coll_beg 0 0 0 0 0 0
2011891466005054 137212166624960 coll_end 0 0 0 0 0 0
2011891466005234 137212166624960 rel_beg 1 0 0 0 0 0
2011891466005544 137212166624960 absorb 123 0 0 0 0 0
2011891466008754 137212166624960 rel_end 1 0 0 0 0 0
2011891466013573 137212166624960 wait_beg 0 0 0 0 0 0
2011891466090811 137212174624640 send 18 0 0 122 120 1
2011891466611341 137212174624640 send 440698 0 0 122 120 1
2011891466951569 137212174624640 send 337500 0 0 122 120 1
2011891466953189 137212174624640 send 14 0 0 122 120 1
2011891466953439 137212174624640 egress 123 1 0 120 0 0
2011891466029573 137212158232256 emit_beg 123 0 0 0 0 0
2011891466036243 137212158232256 dmg 0 1 0 0 1920 1080
2011891466036482 137212158232256 enc 122 122 1 -1 -1 0
2011891466100090 137212158232256 emit_end 123 0 0 0 0 0
2011891488033199 137212166624960 wait_end 0 0 0 0 0 0
2011891488035649 137212166624960 drain_beg 0 0 0 0 0 0
2011891488036009 137212166624960 drain_end 1 0 0 0 0 0
2011891488036179 137212166624960 take 124 0 0 0 0 0
2011891488036509 137212166624960 subm_beg 1 0 0 0 0 0
2011891488037029 137212166624960 submit 124 0 0 0 0 0
2011891488037179 137212166624960 subm_end 1 0 0 0 0 0
2011891488037209 137212166624960 pump_beg 1 0 0 0 0 0
2011891485957305 137212174624640 cliack 121 0 122 123 0 0
2011891485957645 137212174624640 ackregion 122 123 123 121 1 0
2011891488022330 137212174624640 msgin 124 12533760 0 0 0 0
2011891488022819 137212174624640 enq 124 1 0 0 0 0
2011891488308169 137212166624960 feedend 123 0 0 0 0 0
2011891488500692 137212166624960 feedend 123 1 0 0 0 0
2011891495703939 137212166624960 outfirst 123 1 65536 0 0 0
2011891496158992 137212166624960 outfirst 123 0 65536 0 0 0
2011891496220380 137212166624960 pump_end 1 2 0 0 0 0
2011891496220550 137212166624960 join_beg 1 0 0 0 0 0
2011891496221010 137212166624960 join_end 0 0 0 0 0 0
2011891496221060 137212166624960 book_beg 1 0 0 0 0 0
2011891496221630 137212166624960 batch 124 1 1 2 2 0
2011891496221660 137212166624960 book_end 1 0 0 0 0 0
2011891496221800 137212166624960 coll_beg 0 0 0 0 0 0
2011891496454391 137212166624960 coll_end 0 0 0 0 0 0
2011891496454431 137212166624960 rel_beg 1 0 0 0 0 0
2011891496455111 137212166624960 absorb 124 0 0 0 0 0
2011891496459411 137212166624960 rel_end 1 0 0 0 0 0
2011891496461471 137212166624960 wait_beg 0 0 0 0 0 0
2011891496513939 137212174624640 send 18 0 0 123 121 1
2011891496799649 137212174624640 send 398955 0 0 123 121 1
2011891497058000 137212174624640 send 365174 0 0 123 121 1
2011891497059449 137212174624640 send 14 0 0 123 121 1
2011891497059569 137212174624640 egress 124 1 0 121 0 0
2011891496479771 137212158232256 emit_beg 124 0 0 0 0 0
2011891496485660 137212158232256 dmg 0 1 0 0 1920 1080
2011891496485890 137212158232256 enc 123 123 1 -1 -1 0
2011891496540858 137212158232256 emit_end 124 0 0 0 0 0
2011891525920135 137212166624960 wait_end 0 0 0 0 0 0
2011891525925685 137212166624960 drain_beg 0 0 0 0 0 0
2011891525926285 137212166624960 drain_end 1 0 0 0 0 0
2011891525926565 137212166624960 take 125 0 0 0 0 0
2011891525927115 137212166624960 subm_beg 1 0 0 0 0 0
2011891525928455 137212166624960 submit 125 0 0 0 0 0
2011891525928605 137212166624960 subm_end 1 0 0 0 0 0
2011891525928685 137212166624960 pump_beg 1 0 0 0 0 0
2011891526234694 137212166624960 feedend 124 0 0 0 0 0
2011891526458546 137212166624960 feedend 124 1 0 0 0 0
2011891522519570 137212174624640 cliack 122 0 123 124 0 0
2011891522519890 137212174624640 ackregion 123 124 124 122 1 0
2011891525892286 137212174624640 msgin 125 12533760 0 0 0 0
2011891525893706 137212174624640 enq 125 1 0 0 0 0
2011891533360594 137212166624960 outfirst 124 1 65536 0 0 0
2011891534436284 137212166624960 outfirst 124 0 65536 0 0 0
2011891534498952 137212166624960 pump_end 1 2 0 0 0 0
2011891534499202 137212166624960 join_beg 1 0 0 0 0 0
2011891534499512 137212166624960 join_end 0 0 0 0 0 0
2011891534499612 137212166624960 book_beg 1 0 0 0 0 0
2011891534499882 137212166624960 batch 125 1 1 2 2 0
2011891534499942 137212166624960 book_end 1 0 0 0 0 0
2011891534499992 137212166624960 coll_beg 0 0 0 0 0 0
2011891534793771 137212166624960 coll_end 0 0 0 0 0 0
2011891534793881 137212166624960 rel_beg 1 0 0 0 0 0
2011891534794271 137212166624960 absorb 125 0 0 0 0 0
2011891534797851 137212166624960 rel_end 1 0 0 0 0 0
2011891534799601 137212166624960 wait_beg 0 0 0 0 0 0
2011891534905957 137212174624640 send 18 0 0 124 122 1
2011891535294533 137212174624640 send 408584 0 0 124 122 1
2011891535535074 137212174624640 send 343843 0 0 124 122 1
2011891535536274 137212174624640 send 14 0 0 124 122 1
2011891535536594 137212174624640 egress 125 1 0 122 0 0
2011891534819490 137212158232256 emit_beg 125 0 0 0 0 0
2011891534828630 137212158232256 dmg 0 1 0 0 1920 1080
2011891534829000 137212158232256 enc 124 124 1 -1 -1 0
2011891534888558 137212158232256 emit_end 125 0 0 0 0 0
2011891558043152 137212166624960 wait_end 0 0 0 0 0 0
2011891558046942 137212166624960 drain_beg 0 0 0 0 0 0
2011891558053362 137212166624960 drain_end 1 0 0 0 0 0
2011891558053542 137212166624960 take 126 0 0 0 0 0
2011891558054002 137212166624960 subm_beg 1 0 0 0 0 0
2011891558054922 137212166624960 submit 126 0 0 0 0 0
2011891558055052 137212166624960 subm_end 1 0 0 0 0 0
2011891558055122 137212166624960 pump_beg 1 0 0 0 0 0
2011891558347071 137212166624960 feedend 125 0 0 0 0 0
2011891556169911 137212174624640 cliack 123 0 124 125 0 0
2011891556178050 137212174624640 ackregion 124 125 125 123 1 0
2011891558019083 137212174624640 msgin 126 12533760 0 0 0 0
2011891558020003 137212174624640 enq 126 1 0 0 0 0
2011891558561773 137212166624960 feedend 125 1 0 0 0 0
2011891565797449 137212166624960 outfirst 125 1 65536 0 0 0
2011891566844171 137212166624960 outfirst 125 0 65536 0 0 0
2011891566926148 137212166624960 pump_end 1 2 0 0 0 0
2011891566926338 137212166624960 join_beg 1 0 0 0 0 0
2011891566926528 137212166624960 join_end 0 0 0 0 0 0
2011891566926618 137212166624960 book_beg 1 0 0 0 0 0
2011891566926848 137212166624960 batch 126 1 1 2 2 0
2011891566926908 137212166624960 book_end 1 0 0 0 0 0
2011891566926958 137212166624960 coll_beg 0 0 0 0 0 0
2011891567272545 137212166624960 coll_end 0 0 0 0 0 0
2011891567272775 137212166624960 rel_beg 1 0 0 0 0 0
2011891567273115 137212166624960 absorb 126 0 0 0 0 0
2011891567276625 137212166624960 rel_end 1 0 0 0 0 0
2011891567278505 137212166624960 wait_beg 0 0 0 0 0 0
2011891567342602 137212174624640 send 18 0 0 125 123 1
2011891567683680 137212174624640 send 453555 0 0 125 123 1
2011891567951170 137212174624640 send 386218 0 0 125 123 1
2011891567952740 137212174624640 send 14 0 0 125 123 1
2011891567953170 137212174624640 egress 126 1 0 123 0 0
2011891567298094 137212158232256 emit_beg 126 0 0 0 0 0
2011891567307354 137212158232256 dmg 0 1 0 0 1920 1080
2011891567307674 137212158232256 enc 125 125 1 -1 -1 0
2011891567375441 137212158232256 emit_end 126 0 0 0 0 0
2011891590108621 137212166624960 wait_end 0 0 0 0 0 0
2011891590112031 137212166624960 drain_beg 0 0 0 0 0 0
2011891590112411 137212166624960 drain_end 1 0 0 0 0 0
2011891590112571 137212166624960 take 127 0 0 0 0 0
2011891590112831 137212166624960 subm_beg 1 0 0 0 0 0
2011891590113531 137212166624960 submit 127 0 0 0 0 0
2011891590113701 137212166624960 subm_end 1 0 0 0 0 0
2011891590113751 137212166624960 pump_beg 1 0 0 0 0 0
2011891590422160 137212166624960 feedend 126 0 0 0 0 0
2011891590640612 137212166624960 feedend 126 1 0 0 0 0
2011891597560889 137212166624960 outfirst 126 1 65536 0 0 0
2011891589317690 137212174624640 cliack 124 0 125 126 0 0
2011891589318320 137212174624640 ackregion 125 126 126 124 1 0
2011891590082352 137212174624640 msgin 127 12533760 0 0 0 0
2011891590082882 137212174624640 enq 127 1 0 0 0 0
2011891598843452 137212166624960 outfirst 126 0 65536 0 0 0
2011891598920249 137212166624960 pump_end 1 2 0 0 0 0
2011891598920519 137212166624960 join_beg 1 0 0 0 0 0
2011891598920829 137212166624960 join_end 0 0 0 0 0 0
2011891598920879 137212166624960 book_beg 1 0 0 0 0 0
2011891598921079 137212166624960 batch 127 1 1 2 2 0
2011891598921229 137212166624960 book_end 1 0 0 0 0 0
2011891598921439 137212166624960 coll_beg 0 0 0 0 0 0
2011891599242497 137212166624960 coll_end 0 0 0 0 0 0
2011891599242997 137212166624960 rel_beg 1 0 0 0 0 0
2011891599243497 137212166624960 absorb 127 0 0 0 0 0
2011891599247307 137212166624960 rel_end 1 0 0 0 0 0
2011891599249147 137212166624960 wait_beg 0 0 0 0 0 0
2011891599317005 137212174624640 send 18 0 0 126 124 1
2011891599638463 137212174624640 send 436206 0 0 126 124 1
2011891599884254 137212174624640 send 351566 0 0 126 124 1
2011891599885694 137212174624640 send 14 0 0 126 124 1
2011891599886034 137212174624640 egress 127 1 0 124 0 0
2011891599269466 137212158232256 emit_beg 127 0 0 0 0 0
2011891599278396 137212158232256 dmg 0 1 0 0 1920 1080
2011891599278746 137212158232256 enc 126 126 1 -1 -1 0
2011891599340304 137212158232256 emit_end 127 0 0 0 0 0
2011891626653716 137212166624960 wait_end 0 0 0 0 0 0
2011891626657076 137212166624960 drain_beg 0 0 0 0 0 0
2011891626657306 137212166624960 drain_end 1 0 0 0 0 0
2011891626657456 137212166624960 take 128 0 0 0 0 0
2011891626657766 137212166624960 subm_beg 1 0 0 0 0 0
2011891626658676 137212166624960 submit 128 0 0 0 0 0
2011891626658856 137212166624960 subm_end 1 0 0 0 0 0
2011891626658916 137212166624960 pump_beg 1 0 0 0 0 0
2011891626961945 137212166624960 feedend 127 0 0 0 0 0
2011891627174627 137212166624960 feedend 127 1 0 0 0 0
2011891621719946 137212174624640 cliack 125 0 126 127 0 0
2011891621720246 137212174624640 ackregion 126 127 127 125 1 0
2011891626629097 137212174624640 msgin 128 12533760 0 0 0 0
2011891626629487 137212174624640 enq 128 1 0 0 0 0
2011891634292257 137212166624960 outfirst 127 1 65536 0 0 0
2011891635363538 137212166624960 outfirst 127 0 65536 0 0 0
2011891635442665 137212166624960 pump_end 1 2 0 0 0 0
2011891635442825 137212166624960 join_beg 1 0 0 0 0 0
2011891635443185 137212166624960 join_end 0 0 0 0 0 0
2011891635443325 137212166624960 book_beg 1 0 0 0 0 0
2011891635443775 137212166624960 batch 128 1 1 2 2 0
2011891635443945 137212166624960 book_end 1 0 0 0 0 0
2011891635444115 137212166624960 coll_beg 0 0 0 0 0 0
2011891635795372 137212166624960 coll_end 0 0 0 0 0 0
2011891635795522 137212166624960 rel_beg 1 0 0 0 0 0
2011891635796152 137212166624960 absorb 128 0 0 0 0 0
2011891635800362 137212166624960 rel_end 1 0 0 0 0 0
2011891635802522 137212166624960 wait_beg 0 0 0 0 0 0
2011891635859210 137212174624640 send 18 0 0 127 125 1
2011891636377031 137212174624640 send 441087 0 0 127 125 1
2011891636789916 137212174624640 send 365674 0 0 127 125 1
2011891636791176 137212174624640 send 14 0 0 127 125 1
2011891636791316 137212174624640 egress 128 1 0 125 0 0
2011891635819052 137212158232256 emit_beg 128 0 0 0 0 0
2011891635825231 137212158232256 dmg 0 1 0 0 1920 1080
2011891635825571 137212158232256 enc 127 127 1 -1 -1 0
2011891635883439 137212158232256 emit_end 128 0 0 0 0 0
2011891657839287 137212174624640 cliack 126 0 127 128 0 0
2011891657839587 137212174624640 ackregion 127 128 128 126 1 0
2011891661388348 137212166624960 wait_end 0 0 0 0 0 0
2011891661391248 137212166624960 drain_beg 0 0 0 0 0 0
2011891661391658 137212166624960 drain_end 1 0 0 0 0 0
2011891661391838 137212166624960 take 129 0 0 0 0 0
2011891661392068 137212166624960 subm_beg 1 0 0 0 0 0
2011891661392398 137212166624960 submit 129 0 0 0 0 0
2011891661392538 137212166624960 subm_end 1 0 0 0 0 0
2011891661392568 137212166624960 pump_beg 1 0 0 0 0 0
2011891661674947 137212166624960 feedend 128 0 0 0 0 0
2011891661856691 137212166624960 feedend 128 1 0 0 0 0
2011891668705540 137212166624960 outfirst 128 1 65536 0 0 0
2011891661364079 137212174624640 msgin 129 12533760 0 0 0 0
2011891661364579 137212174624640 enq 129 1 0 0 0 0
2011891669733983 137212166624960 outfirst 128 0 65536 0 0 0
2011891669796711 137212166624960 pump_end 1 2 0 0 0 0
2011891669797031 137212166624960 join_beg 1 0 0 0 0 0
2011891669797531 137212166624960 join_end 0 0 0 0 0 0
2011891669797571 137212166624960 book_beg 1 0 0 0 0 0
2011891669799701 137212166624960 batch 129 1 1 2 2 0
2011891669799751 137212166624960 book_end 1 0 0 0 0 0
2011891669799791 137212166624960 coll_beg 0 0 0 0 0 0
2011891670053851 137212166624960 coll_end 0 0 0 0 0 0
2011891670053901 137212166624960 rel_beg 1 0 0 0 0 0
2011891670054661 137212166624960 absorb 129 0 0 0 0 0
2011891670058681 137212166624960 rel_end 1 0 0 0 0 0
2011891670060291 137212166624960 wait_beg 0 0 0 0 0 0
2011891670109339 137212174624640 send 18 0 0 128 126 1
2011891670418608 137212174624640 send 416790 0 0 128 126 1
2011891670663669 137212174624640 send 344179 0 0 128 126 1
2011891670664799 137212174624640 send 14 0 0 128 126 1
2011891670665109 137212174624640 egress 129 1 0 126 0 0
2011891670078290 137212158232256 emit_beg 129 0 0 0 0 0
2011891670083770 137212158232256 dmg 0 1 0 0 1920 1080
2011891670083930 137212158232256 enc 128 128 1 -1 -1 0
2011891670137838 137212158232256 emit_end 129 0 0 0 0 0
2011891693925999 137212166624960 wait_end 0 0 0 0 0 0
2011891693929099 137212166624960 drain_beg 0 0 0 0 0 0
2011891693929349 137212166624960 drain_end 1 0 0 0 0 0
2011891693929529 137212166624960 take 130 0 0 0 0 0
2011891693929829 137212166624960 subm_beg 1 0 0 0 0 0
2011891693930229 137212166624960 submit 130 0 0 0 0 0
2011891693930389 137212166624960 subm_end 1 0 0 0 0 0
2011891693930449 137212166624960 pump_beg 1 0 0 0 0 0
2011891694208359 137212166624960 feedend 129 0 0 0 0 0
2011891694402382 137212166624960 feedend 129 1 0 0 0 0
2011891692016149 137212174624640 cliack 127 0 128 129 0 0
2011891692016469 137212174624640 ackregion 128 129 129 127 1 0
2011891693898300 137212174624640 msgin 130 12533760 0 0 0 0
2011891693898920 137212174624640 enq 130 1 0 0 0 0
2011891701533201 137212166624960 outfirst 129 1 65536 0 0 0
2011891702578173 137212166624960 outfirst 129 0 65536 0 0 0
2011891702644111 137212166624960 pump_end 1 2 0 0 0 0
2011891702644331 137212166624960 join_beg 1 0 0 0 0 0
2011891702644841 137212166624960 join_end 0 0 0 0 0 0
2011891702644891 137212166624960 book_beg 1 0 0 0 0 0
2011891702645751 137212166624960 batch 130 1 1 2 2 0
2011891702645781 137212166624960 book_end 1 0 0 0 0 0
2011891702645811 137212166624960 coll_beg 0 0 0 0 0 0
2011891702887532 137212166624960 coll_end 0 0 0 0 0 0
2011891702887582 137212166624960 rel_beg 1 0 0 0 0 0
2011891702888332 137212166624960 absorb 130 0 0 0 0 0
2011891702892112 137212166624960 rel_end 1 0 0 0 0 0
2011891702893772 137212166624960 wait_beg 0 0 0 0 0 0
2011891702976259 137212174624640 send 18 0 0 129 127 1
2011891703389144 137212174624640 send 438709 0 0 129 127 1
2011891703688123 137212174624640 send 371045 0 0 129 127 1
2011891703689723 137212174624640 send 14 0 0 129 127 1
2011891703690213 137212174624640 egress 130 1 0 127 0 0
2011891702912291 137212158232256 emit_beg 130 0 0 0 0 0
2011891702915981 137212158232256 dmg 0 1 0 0 1920 1080
2011891702916161 137212158232256 enc 129 129 1 -1 -1 0
2011891702974949 137212158232256 emit_end 130 0 0 0 0 0
2011891728921191 137212166624960 wait_end 0 0 0 0 0 0
2011891728923151 137212166624960 drain_beg 0 0 0 0 0 0
2011891728924001 137212166624960 drain_end 1 0 0 0 0 0
2011891728924171 137212166624960 take 131 0 0 0 0 0
2011891728924691 137212166624960 subm_beg 1 0 0 0 0 0
2011891728925881 137212166624960 submit 131 0 0 0 0 0
2011891728926041 137212166624960 subm_end 1 0 0 0 0 0
2011891728926091 137212166624960 pump_beg 1 0 0 0 0 0
2011891729241290 137212166624960 feedend 130 0 0 0 0 0
2011891729380364 137212166624960 feedend 130 1 0 0 0 0
2011891726954723 137212174624640 cliack 128 0 129 130 0 0
2011891726955593 137212174624640 ackregion 129 130 130 128 1 0
2011891728907402 137212174624640 msgin 131 12533760 0 0 0 0
2011891728908922 137212174624640 enq 131 1 0 0 0 0
2011891735613327 137212166624960 outfirst 130 1 65536 0 0 0
2011891736365269 137212166624960 outfirst 130 0 65536 0 0 0
2011891736410698 137212166624960 pump_end 1 2 0 0 0 0
2011891736410928 137212166624960 join_beg 1 0 0 0 0 0
2011891736411468 137212166624960 join_end 0 0 0 0 0 0
2011891736411528 137212166624960 book_beg 1 0 0 0 0 0
2011891736411748 137212166624960 batch 131 1 1 2 2 0
2011891736411778 137212166624960 book_end 1 0 0 0 0 0
2011891736411808 137212166624960 coll_beg 0 0 0 0 0 0
2011891736606491 137212166624960 coll_end 0 0 0 0 0 0
2011891736606561 137212166624960 rel_beg 1 0 0 0 0 0
2011891736606641 137212166624960 absorb 131 0 0 0 0 0
2011891736609081 137212166624960 rel_end 1 0 0 0 0 0
2011891736610610 137212166624960 wait_beg 0 0 0 0 0 0
2011891736700967 137212174624640 send 18 0 0 130 128 1
2011891737197859 137212174624640 send 310312 0 0 130 128 1
2011891737497028 137212174624640 send 263279 0 0 130 128 1
2011891737499358 137212174624640 send 14 0 0 130 128 1
2011891737499848 137212174624640 egress 131 1 0 128 0 0
2011891736630140 137212158232256 emit_beg 131 0 0 0 0 0
2011891736636480 137212158232256 dmg 0 1 0 0 1920 1080
2011891736636720 137212158232256 enc 130 130 1 -1 -1 0
2011891736679508 137212158232256 emit_end 131 0 0 0 0 0
2011891761850929 137212166624960 wait_end 0 0 0 0 0 0
2011891761853988 137212166624960 drain_beg 0 0 0 0 0 0
2011891761854428 137212166624960 drain_end 1 0 0 0 0 0
2011891761854598 137212166624960 take 132 0 0 0 0 0
2011891761854898 137212166624960 subm_beg 1 0 0 0 0 0
2011891761855428 137212166624960 submit 132 0 0 0 0 0
2011891761855578 137212166624960 subm_end 1 0 0 0 0 0
2011891761855608 137212166624960 pump_beg 1 0 0 0 0 0
2011891762172137 137212166624960 feedend 131 0 0 0 0 0
2011891762346180 137212166624960 feedend 131 1 0 0 0 0
2011891769144872 137212166624960 outfirst 131 1 65536 0 0 0
2011891760031445 137212174624640 cliack 129 0 130 131 0 0
2011891760031785 137212174624640 ackregion 130 131 131 129 1 0
2011891761825639 137212174624640 msgin 132 12533760 0 0 0 0
2011891761826379 137212174624640 enq 132 1 0 0 0 0
2011891770654147 137212166624960 outfirst 131 0 65536 0 0 0
2011891770765663 137212166624960 pump_end 1 2 0 0 0 0
2011891770765893 137212166624960 join_beg 1 0 0 0 0 0
2011891770766493 137212166624960 join_end 0 0 0 0 0 0
2011891770766623 137212166624960 book_beg 1 0 0 0 0 0
2011891770766953 137212166624960 batch 132 1 1 2 2 0
2011891770767103 137212166624960 book_end 1 0 0 0 0 0
2011891770767253 137212166624960 coll_beg 0 0 0 0 0 0
2011891771151539 137212166624960 coll_end 0 0 0 0 0 0
2011891771151729 137212166624960 rel_beg 1 0 0 0 0 0
2011891771152109 137212166624960 absorb 132 0 0 0 0 0
2011891771156239 137212166624960 rel_end 1 0 0 0 0 0
2011891771158389 137212166624960 wait_beg 0 0 0 0 0 0
2011891771221386 137212174624640 send 18 0 0 131 129 1
2011891771779356 137212174624640 send 458473 0 0 131 129 1
2011891772069045 137212174624640 send 344398 0 0 131 129 1
2011891772070465 137212174624640 send 14 0 0 131 129 1
2011891772070785 137212174624640 egress 132 1 0 129 0 0
2011891771176498 137212158232256 emit_beg 132 0 0 0 0 0
2011891771179068 137212158232256 dmg 0 1 0 0 1920 1080
2011891771187458 137212158232256 enc 131 131 1 -1 -1 0
2011891771247135 137212158232256 emit_end 132 0 0 0 0 0
2011891799422956 137212166624960 wait_end 0 0 0 0 0 0
2011891799432336 137212166624960 drain_beg 0 0 0 0 0 0
2011891799432886 137212166624960 drain_end 1 0 0 0 0 0
2011891799433096 137212166624960 take 133 0 0 0 0 0
2011891799433626 137212166624960 subm_beg 1 0 0 0 0 0
2011891799441446 137212166624960 submit 133 0 0 0 0 0
2011891799441566 137212166624960 subm_end 1 0 0 0 0 0
2011891799441656 137212166624960 pump_beg 1 0 0 0 0 0
2011891799745165 137212166624960 feedend 132 0 0 0 0 0
2011891799947707 137212166624960 feedend 132 1 0 0 0 0
2011891794735788 137212174624640 cliack 130 0 131 132 0 0
2011891794736068 137212174624640 ackregion 131 132 132 130 1 0
2011891799397657 137212174624640 msgin 133 12533760 0 0 0 0
2011891799398387 137212174624640 enq 133 1 0 0 0 0
2011891808339261 137212166624960 outfirst 132 1 65536 0 0 0
2011891809393862 137212166624960 outfirst 132 0 65536 0 0 0
2011891809475849 137212166624960 pump_end 1 2 0 0 0 0
2011891809476149 137212166624960 join_beg 1 0 0 0 0 0
2011891809476449 137212166624960 join_end 0 0 0 0 0 0
2011891809476529 137212166624960 book_beg 1 0 0 0 0 0
2011891809476839 137212166624960 batch 133 1 1 2 2 0
2011891809476869 137212166624960 book_end 1 0 0 0 0 0
2011891809476899 137212166624960 coll_beg 0 0 0 0 0 0
2011891809818317 137212166624960 coll_end 0 0 0 0 0 0
2011891809818367 137212166624960 rel_beg 1 0 0 0 0 0
2011891809818877 137212166624960 absorb 133 0 0 0 0 0
2011891809824166 137212166624960 rel_end 1 0 0 0 0 0
2011891809826826 137212166624960 wait_beg 0 0 0 0 0 0
2011891809894374 137212174624640 send 18 0 0 132 130 1
2011891809846706 137212158232256 emit_beg 133 0 0 0 0 0
2011891809853655 137212158232256 dmg 0 1 0 0 1920 1080
2011891809853855 137212158232256 enc 132 132 1 -1 -1 0
2011891809937682 137212158232256 emit_end 133 0 0 0 0 0
2011891810549290 137212174624640 send 554602 0 0 132 130 1
2011891811003693 137212174624640 send 497026 0 0 132 130 1
2011891811005203 137212174624640 send 14 0 0 132 130 1
2011891811005563 137212174624640 egress 133 1 0 130 0 0
2011891819630678 137212174624640 cliack 131 0 132 133 0 0
2011891819630888 137212174624640 ackregion 132 133 133 131 1 0
2011891824445093 137212166624960 wait_end 0 0 0 0 0 0
2011891824453792 137212166624960 drain_beg 0 0 0 0 0 0
2011891824454142 137212166624960 drain_end 1 0 0 0 0 0
2011891824454382 137212166624960 take 134 0 0 0 0 0
2011891824455052 137212166624960 subm_beg 1 0 0 0 0 0
2011891824455822 137212166624960 submit 134 0 0 0 0 0
2011891824455972 137212166624960 subm_end 1 0 0 0 0 0
2011891824456012 137212166624960 pump_beg 1 0 0 0 0 0
2011891824761721 137212166624960 feedend 133 0 0 0 0 0
2011891824962654 137212166624960 feedend 133 1 0 0 0 0
2011891824429203 137212174624640 msgin 134 12533760 0 0 0 0
2011891824429963 137212174624640 enq 134 1 0 0 0 0
2011891832537137 137212166624960 outfirst 133 1 65536 0 0 0
2011891833167984 137212166624960 outfirst 133 0 65536 0 0 0
2011891833239511 137212166624960 pump_end 1 2 0 0 0 0
2011891833239691 137212166624960 join_beg 1 0 0 0 0 0
2011891833240011 137212166624960 join_end 0 0 0 0 0 0
2011891833240201 137212166624960 book_beg 1 0 0 0 0 0
2011891833240461 137212166624960 batch 134 1 1 2 2 0
2011891833240521 137212166624960 book_end 1 0 0 0 0 0
2011891833240571 137212166624960 coll_beg 0 0 0 0 0 0
2011891833598108 137212166624960 coll_end 0 0 0 0 0 0
2011891833598178 137212166624960 rel_beg 1 0 0 0 0 0
2011891833598578 137212166624960 absorb 134 0 0 0 0 0
2011891833602518 137212166624960 rel_end 1 0 0 0 0 0
2011891833604638 137212166624960 wait_beg 0 0 0 0 0 0
2011891833671136 137212174624640 send 18 0 0 133 131 1
2011891834206736 137212174624640 send 440681 0 0 133 131 1
2011891834500195 137212174624640 send 404976 0 0 133 131 1
2011891834501605 137212174624640 send 14 0 0 133 131 1
2011891834501875 137212174624640 egress 134 1 0 131 0 0
2011891833622317 137212158232256 emit_beg 134 0 0 0 0 0
2011891833628437 137212158232256 dmg 0 1 0 0 1920 1080
2011891833628617 137212158232256 enc 133 133 1 -1 -1 0
2011891833694565 137212158232256 emit_end 134 0 0 0 0 0
2011891856241901 137212166624960 wait_end 0 0 0 0 0 0
2011891856243731 137212166624960 drain_beg 0 0 0 0 0 0
2011891856244061 137212166624960 drain_end 1 0 0 0 0 0
2011891856244251 137212166624960 take 135 0 0 0 0 0
2011891856244671 137212166624960 subm_beg 1 0 0 0 0 0
2011891856245561 137212166624960 submit 135 0 0 0 0 0
2011891856245711 137212166624960 subm_end 1 0 0 0 0 0
2011891856245751 137212166624960 pump_beg 1 0 0 0 0 0
2011891856550650 137212166624960 feedend 134 0 0 0 0 0
2011891856729503 137212166624960 feedend 134 1 0 0 0 0
2011891854425548 137212174624640 cliack 132 0 133 134 0 0
2011891854425848 137212174624640 ackregion 133 134 134 132 1 0
2011891856231652 137212174624640 msgin 135 12533760 0 0 0 0
2011891856232072 137212174624640 enq 135 1 0 0 0 0
2011891863261965 137212166624960 outfirst 134 1 65536 0 0 0
2011891864319586 137212166624960 outfirst 134 0 65536 0 0 0
2011891864365104 137212166624960 pump_end 1 2 0 0 0 0
2011891864365354 137212166624960 join_beg 1 0 0 0 0 0
2011891864365754 137212166624960 join_end 0 0 0 0 0 0
2011891864365814 137212166624960 book_beg 1 0 0 0 0 0
2011891864366204 137212166624960 batch 135 1 1 2 2 0
2011891864366384 137212166624960 book_end 1 0 0 0 0 0
2011891864366594 137212166624960 coll_beg 0 0 0 0 0 0
2011891864577017 137212166624960 coll_end 0 0 0 0 0 0
2011891864577367 137212166624960 rel_beg 1 0 0 0 0 0
2011891864578007 137212166624960 absorb 135 0 0 0 0 0
2011891864582237 137212166624960 rel_end 1 0 0 0 0 0
2011891864583997 137212166624960 wait_beg 0 0 0 0 0 0
2011891864673313 137212174624640 send 18 0 0 134 132 1
2011891864992402 137212174624640 send 383612 0 0 134 132 1
2011891865248102 137212174624640 send 312939 0 0 134 132 1
2011891865249542 137212174624640 send 14 0 0 134 132 1
2011891865249882 137212174624640 egress 135 1 0 132 0 0
2011891864602266 137212158232256 emit_beg 135 0 0 0 0 0
2011891864607316 137212158232256 dmg 0 1 0 0 1920 1080
2011891864607496 137212158232256 enc 134 134 1 -1 -1 0
2011891864658924 137212158232256 emit_end 135 0 0 0 0 0
2011891899833699 137212174624640 cliack 133 0 134 135 0 0
2011891899833819 137212174624640 ackregion 134 135 135 133 1 0
2011891902114966 137212166624960 wait_end 0 0 0 0 0 0
2011891902117376 137212166624960 drain_beg 0 0 0 0 0 0
2011891902117836 137212166624960 drain_end 1 0 0 0 0 0
2011891902117976 137212166624960 take 136 0 0 0 0 0
2011891902118626 137212166624960 subm_beg 1 0 0 0 0 0
2011891902119306 137212166624960 submit 136 0 0 0 0 0
2011891902119356 137212166624960 subm_end 1 0 0 0 0 0
2011891902119396 137212166624960 pump_beg 1 0 0 0 0 0
2011891902420245 137212166624960 feedend 135 0 0 0 0 0
2011891902563879 137212166624960 feedend 135 1 0 0 0 0
2011891909403050 137212166624960 outfirst 135 1 65536 0 0 0
2011891910409603 137212166624960 outfirst 135 0 65536 0 0 0
2011891910461781 137212166624960 pump_end 1 2 0 0 0 0
2011891910461901 137212166624960 join_beg 1 0 0 0 0 0
2011891910462281 137212166624960 join_end 0 0 0 0 0 0
2011891910462391 137212166624960 book_beg 1 0 0 0 0 0
2011891910462581 137212166624960 batch 136 1 1 2 2 0
2011891910462611 137212166624960 book_end 1 0 0 0 0 0
2011891910465511 137212166624960 coll_beg 0 0 0 0 0 0
2011891910692283 137212166624960 coll_end 0 0 0 0 0 0
2011891910692323 137212166624960 rel_beg 1 0 0 0 0 0
2011891910692513 137212166624960 absorb 136 0 0 0 0 0
2011891910694842 137212166624960 rel_end 1 0 0 0 0 0
2011891910696332 137212166624960 wait_beg 0 0 0 0 0 0
2011891902102816 137212174624640 msgin 136 12533760 0 0 0 0
2011891902103276 137212174624640 enq 136 1 0 0 0 0
2011891910775540 137212174624640 send 18 0 0 135 133 1
2011891910718902 137212158232256 emit_beg 136 0 0 0 0 0
2011891910726691 137212158232256 dmg 0 1 0 0 1920 1080
2011891910726941 137212158232256 enc 135 135 1 -1 -1 0
2011891910787349 137212158232256 emit_end 136 0 0 0 0 0
2011891911219893 137212174624640 send 404135 0 0 135 133 1
2011891911461274 137212174624640 send 340902 0 0 135 133 1
2011891911462604 137212174624640 send 14 0 0 135 133 1
2011891911462794 137212174624640 egress 136 1 0 133 0 0
2011891940345390 137212166624960 wait_end 0 0 0 0 0 0
2011891940347760 137212166624960 drain_beg 0 0 0 0 0 0
2011891940348180 137212166624960 drain_end 1 0 0 0 0 0
2011891940348459 137212166624960 take 137 0 0 0 0 0
2011891940348969 137212166624960 subm_beg 1 0 0 0 0 0
2011891940350689 137212166624960 submit 137 0 0 0 0 0
2011891940350839 137212166624960 subm_end 1 0 0 0 0 0
2011891940350869 137212166624960 pump_beg 1 0 0 0 0 0
2011891940636529 137212166624960 feedend 136 0 0 0 0 0
2011891940852071 137212166624960 feedend 136 1 0 0 0 0
2011891936233480 137212174624640 cliack 134 0 135 136 0 0
2011891936234030 137212174624640 ackregion 135 136 136 134 1 0
2011891940331480 137212174624640 msgin 137 12533760 0 0 0 0
2011891940332780 137212174624640 enq 137 1 0 0 0 0
2011891947559906 137212166624960 outfirst 136 1 65536 0 0 0
2011891948708164 137212166624960 outfirst 136 0 65536 0 0 0
2011891948774892 137212166624960 pump_end 1 2 0 0 0 0
2011891948775752 137212166624960 join_beg 1 0 0 0 0 0
2011891948777022 137212166624960 join_end 0 0 0 0 0 0
2011891948777082 137212166624960 book_beg 1 0 0 0 0 0
2011891948778191 137212166624960 batch 137 1 1 2 2 0
2011891948778351 137212166624960 book_end 1 0 0 0 0 0
2011891948778521 137212166624960 coll_beg 0 0 0 0 0 0
2011891948975344 137212166624960 coll_end 0 0 0 0 0 0
2011891948975394 137212166624960 rel_beg 1 0 0 0 0 0
2011891948976214 137212166624960 absorb 137 0 0 0 0 0
2011891948982344 137212166624960 rel_end 1 0 0 0 0 0
2011891948984664 137212166624960 wait_beg 0 0 0 0 0 0
2011891949081750 137212174624640 send 18 0 0 136 134 1
2011891949391839 137212174624640 send 383421 0 0 136 134 1
2011891949632840 137212174624640 send 306355 0 0 136 134 1
2011891949634320 137212174624640 send 14 0 0 136 134 1
2011891949634860 137212174624640 egress 137 1 0 134 0 0
2011891949005543 137212158232256 emit_beg 137 0 0 0 0 0
2011891949018633 137212158232256 dmg 0 1 0 0 1920 1080
2011891949018873 137212158232256 enc 136 136 1 -1 -1 0
2011891949074041 137212158232256 emit_end 137 0 0 0 0 0
2011891970592875 137212166624960 wait_end 0 0 0 0 0 0
2011891970595345 137212166624960 drain_beg 0 0 0 0 0 0
2011891970595605 137212166624960 drain_end 1 0 0 0 0 0
2011891970595775 137212166624960 take 138 0 0 0 0 0
2011891970596075 137212166624960 subm_beg 1 0 0 0 0 0
2011891970596325 137212166624960 submit 138 0 0 0 0 0
2011891970596495 137212166624960 subm_end 1 0 0 0 0 0
2011891970596545 137212166624960 pump_beg 1 0 0 0 0 0
2011891970884114 137212166624960 feedend 137 0 0 0 0 0
2011891971130665 137212166624960 feedend 137 1 0 0 0 0
2011891966460496 137212174624640 cliack 135 0 136 137 0 0
2011891966460726 137212174624640 ackregion 136 137 137 135 1 0
2011891970568956 137212174624640 msgin 138 12533760 0 0 0 0
2011891970569536 137212174624640 enq 138 1 0 0 0 0
2011891978175008 137212166624960 outfirst 137 1 65536 0 0 0
2011891979341575 137212166624960 outfirst 137 0 65536 0 0 0
2011891979564207 137212166624960 pump_end 1 2 0 0 0 0
2011891979564677 137212166624960 join_beg 1 0 0 0 0 0
2011891979564987 137212166624960 join_end 0 0 0 0 0 0
2011891979565107 137212166624960 book_beg 1 0 0 0 0 0
2011891979565387 137212166624960 batch 138 1 1 2 2 0
2011891979565547 137212166624960 book_end 1 0 0 0 0 0
2011891979565707 137212166624960 coll_beg 0 0 0 0 0 0
2011891979900055 137212166624960 coll_end 0 0 0 0 0 0
2011891979900515 137212166624960 rel_beg 1 0 0 0 0 0
2011891979900865 137212166624960 absorb 138 0 0 0 0 0
2011891979905255 137212166624960 rel_end 1 0 0 0 0 0
2011891979907185 137212166624960 wait_beg 0 0 0 0 0 0
2011891979979392 137212174624640 send 18 0 0 137 135 1
2011891980306510 137212174624640 send 437798 0 0 137 135 1
2011891980553211 137212174624640 send 355077 0 0 137 135 1
2011891980554531 137212174624640 send 14 0 0 137 135 1
2011891980554921 137212174624640 egress 138 1 0 135 0 0
2011891979926554 137212158232256 emit_beg 138 0 0 0 0 0
2011891979933384 137212158232256 dmg 0 1 0 0 1920 1080
2011891979933584 137212158232256 enc 137 137 1 -1 -1 0
2011891979997521 137212158232256 emit_end 138 0 0 0 0 0
2011891998549744 137212174624640 cliack 136 0 137 138 0 0
2011891998550054 137212174624640 ackregion 137 138 138 136 1 0
2011892002916844 137212166624960 wait_end 0 0 0 0 0 0
2011892002919494 137212166624960 drain_beg 0 0 0 0 0 0
2011892002919734 137212166624960 drain_end 1 0 0 0 0 0
2011892002919904 137212166624960 take 139 0 0 0 0 0
2011892002920134 137212166624960 subm_beg 1 0 0 0 0 0
2011892002920544 137212166624960 submit 139 0 0 0 0 0
2011892002920724 137212166624960 subm_end 1 0 0 0 0 0
2011892002920784 137212166624960 pump_beg 1 0 0 0 0 0
2011892003251162 137212166624960 feedend 138 0 0 0 0 0
2011892003445215 137212166624960 feedend 138 1 0 0 0 0
2011892010750138 137212166624960 outfirst 138 1 65536 0 0 0
2011892002892445 137212174624640 msgin 139 12533760 0 0 0 0
2011892002893115 137212174624640 enq 139 1 0 0 0 0
2011892011638716 137212166624960 outfirst 138 0 65536 0 0 0
2011892011703783 137212166624960 pump_end 1 2 0 0 0 0
2011892011704043 137212166624960 join_beg 1 0 0 0 0 0
2011892011704513 137212166624960 join_end 0 0 0 0 0 0
2011892011704593 137212166624960 book_beg 1 0 0 0 0 0
2011892011705723 137212166624960 batch 139 1 1 2 2 0
2011892011705903 137212166624960 book_end 1 0 0 0 0 0
2011892011706073 137212166624960 coll_beg 0 0 0 0 0 0
2011892011959894 137212166624960 coll_end 0 0 0 0 0 0
2011892011960144 137212166624960 rel_beg 1 0 0 0 0 0
2011892011960614 137212166624960 absorb 139 0 0 0 0 0
2011892011965004 137212166624960 rel_end 1 0 0 0 0 0
2011892011966934 137212166624960 wait_beg 0 0 0 0 0 0
2011892012041931 137212174624640 send 18 0 0 138 136 1
2011892012602210 137212174624640 send 451738 0 0 138 136 1
2011892012988216 137212174624640 send 387369 0 0 138 136 1
2011892012989926 137212174624640 send 14 0 0 138 136 1
2011892012990466 137212174624640 egress 139 1 0 136 0 0
2011892011972204 137212158232256 emit_beg 139 0 0 0 0 0
2011892011974903 137212158232256 dmg 0 1 0 0 1920 1080
2011892011975063 137212158232256 enc 138 138 1 -1 -1 0
2011892012036041 137212158232256 emit_end 139 0 0 0 0 0
2011892029502283 137212166624960 wait_end 0 0 0 0 0 0
2011892029504673 137212166624960 drain_beg 0 0 0 0 0 0
2011892029504963 137212166624960 drain_end 1 0 0 0 0 0
2011892029505113 137212166624960 take 140 0 0 0 0 0
2011892029505453 137212166624960 subm_beg 1 0 0 0 0 0
2011892029506243 137212166624960 submit 140 0 0 0 0 0
2011892029506293 137212166624960 subm_end 1 0 0 0 0 0
2011892029506333 137212166624960 pump_beg 1 0 0 0 0 0
2011892029814562 137212166624960 feedend 139 0 0 0 0 0
2011892030010785 137212166624960 feedend 139 1 0 0 0 0
2011892028409513 137212174624640 cliack 137 0 138 139 0 0
2011892028409773 137212174624640 ackregion 138 139 139 137 1 0
2011892029492074 137212174624640 msgin 140 12533760 0 0 0 0
2011892029492714 137212174624640 enq 140 1 0 0 0 0
2011892037517851 137212166624960 outfirst 139 1 65536 0 0 0
2011892038665169 137212166624960 outfirst 139 0 65536 0 0 0
2011892038779065 137212166624960 pump_end 1 2 0 0 0 0
2011892038779415 137212166624960 join_beg 1 0 0 0 0 0
2011892038779825 137212166624960 join_end 0 0 0 0 0 0
2011892038780045 137212166624960 book_beg 1 0 0 0 0 0
2011892038780414 137212166624960 batch 140 1 1 2 2 0
2011892038780474 137212166624960 book_end 1 0 0 0 0 0
2011892038780544 137212166624960 coll_beg 0 0 0 0 0 0
2011892039099893 137212166624960 coll_end 0 0 0 0 0 0
2011892039099943 137212166624960 rel_beg 1 0 0 0 0 0
2011892039100443 137212166624960 absorb 140 0 0 0 0 0
2011892039103143 137212166624960 rel_end 1 0 0 0 0 0
2011892039104933 137212166624960 wait_beg 0 0 0 0 0 0
2011892039155681 137212174624640 send 18 0 0 139 137 1
2011892039537277 137212174624640 send 471745 0 0 139 137 1
2011892039858335 137212174624640 send 399132 0 0 139 137 1
2011892039859885 137212174624640 send 14 0 0 139 137 1
2011892039860065 137212174624640 egress 140 1 0 137 0 0
2011892039109642 137212158232256 emit_beg 140 0 0 0 0 0
2011892039111822 137212158232256 dmg 0 1 0 0 1920 1080
2011892039111992 137212158232256 enc 139 139 1 -1 -1 0
2011892039164850 137212158232256 emit_end 140 0 0 0 0 0
2011892067530804 137212166624960 wait_end 0 0 0 0 0 0
2011892067533844 137212166624960 drain_beg 0 0 0 0 0 0
2011892067534254 137212166624960 drain_end 1 0 0 0 0 0
2011892067534534 137212166624960 take 141 0 0 0 0 0
2011892067535144 137212166624960 subm_beg 1 0 0 0 0 0
2011892067535934 137212166624960 submit 141 0 0 0 0 0
2011892067536074 137212166624960 subm_end 1 0 0 0 0 0
2011892067536094 137212166624960 pump_beg 1 0 0 0 0 0
2011892067837163 137212166624960 feedend 140 0 0 0 0 0
2011892068073984 137212166624960 feedend 140 1 0 0 0 0
2011892062636163 137212174624640 cliack 138 0 139 140 0 0
2011892062636403 137212174624640 ackregion 139 140 140 138 1 0
2011892067506265 137212174624640 msgin 141 12533760 0 0 0 0
2011892067507375 137212174624640 enq 141 1 0 0 0 0
2011892074546408 137212166624960 outfirst 140 1 65536 0 0 0
2011892075637238 137212166624960 outfirst 140 0 65536 0 0 0
2011892075709726 137212166624960 pump_end 1 2 0 0 0 0
2011892075709926 137212166624960 join_beg 1 0 0 0 0 0
2011892075710256 137212166624960 join_end 0 0 0 0 0 0
2011892075710366 137212166624960 book_beg 1 0 0 0 0 0
2011892075710696 137212166624960 batch 141 1 1 2 2 0
2011892075710796 137212166624960 book_end 1 0 0 0 0 0
2011892075710896 137212166624960 coll_beg 0 0 0 0 0 0
2011892075981156 137212166624960 coll_end 0 0 0 0 0 0
2011892075981276 137212166624960 rel_beg 1 0 0 0 0 0
2011892075981576 137212166624960 absorb 141 0 0 0 0 0
2011892075985756 137212166624960 rel_end 1 0 0 0 0 0
2011892075988026 137212166624960 wait_beg 0 0 0 0 0 0
2011892076021684 137212174624640 send 18 0 0 140 138 1
2011892076583184 137212174624640 send 390550 0 0 140 138 1
2011892076858244 137212174624640 send 299355 0 0 140 138 1
2011892076860014 137212174624640 send 14 0 0 140 138 1
2011892076860444 137212174624640 egress 141 1 0 138 0 0
2011892075992555 137212158232256 emit_beg 141 0 0 0 0 0
2011892075994795 137212158232256 dmg 0 1 0 0 1920 1080
2011892075994985 137212158232256 enc 140 140 1 -1 -1 0
2011892076050893 137212158232256 emit_end 141 0 0 0 0 0
2011892101225104 137212166624960 wait_end 0 0 0 0 0 0
2011892101228274 137212166624960 drain_beg 0 0 0 0 0 0
2011892101228784 137212166624960 drain_end 1 0 0 0 0 0
2011892101228964 137212166624960 take 142 0 0 0 0 0
2011892101229334 137212166624960 subm_beg 1 0 0 0 0 0
2011892101229824 137212166624960 submit 142 0 0 0 0 0
2011892101230084 137212166624960 subm_end 1 0 0 0 0 0
2011892101230114 137212166624960 pump_beg 1 0 0 0 0 0
2011892101528153 137212166624960 feedend 141 0 0 0 0 0
2011892101735575 137212166624960 feedend 141 1 0 0 0 0
2011892098935237 137212174624640 cliack 139 0 140 141 0 0
2011892098935837 137212174624640 ackregion 140 141 141 139 1 0
2011892101200745 137212174624640 msgin 142 12533760 0 0 0 0
2011892101201355 137212174624640 enq 142 1 0 0 0 0
2011892108728870 137212166624960 outfirst 141 1 65536 0 0 0
2011892109141755 137212166624960 outfirst 141 0 65536 0 0 0
2011892109244041 137212166624960 pump_end 1 2 0 0 0 0
2011892109244221 137212166624960 join_beg 1 0 0 0 0 0
2011892109244541 137212166624960 join_end 0 0 0 0 0 0
2011892109244821 137212166624960 book_beg 1 0 0 0 0 0
2011892109245221 137212166624960 batch 142 1 1 2 2 0
2011892109245331 137212166624960 book_end 1 0 0 0 0 0
2011892109245461 137212166624960 coll_beg 0 0 0 0 0 0
2011892109546650 137212166624960 coll_end 0 0 0 0 0 0
2011892109546810 137212166624960 rel_beg 1 0 0 0 0 0
2011892109547200 137212166624960 absorb 142 0 0 0 0 0
2011892109550850 137212166624960 rel_end 1 0 0 0 0 0
2011892109552910 137212166624960 wait_beg 0 0 0 0 0 0
2011892109570629 137212174624640 send 18 0 0 141 139 1
2011892110102980 137212174624640 send 385214 0 0 141 139 1
2011892110515494 137212174624640 send 350544 0 0 141 139 1
2011892110517624 137212174624640 send 14 0 0 141 139 1
2011892110518284 137212174624640 egress 142 1 0 139 0 0
2011892109558529 137212158232256 emit_beg 142 0 0 0 0 0
2011892109561209 137212158232256 dmg 0 1 0 0 1920 1080
2011892109561459 137212158232256 enc 141 141 1 -1 -1 0
2011892109615627 137212158232256 emit_end 142 0 0 0 0 0
2011892139274194 137212166624960 wait_end 0 0 0 0 0 0
2011892139277324 137212166624960 drain_beg 0 0 0 0 0 0
2011892139277574 137212166624960 drain_end 1 0 0 0 0 0
2011892139277754 137212166624960 take 143 0 0 0 0 0
2011892139278104 137212166624960 subm_beg 1 0 0 0 0 0
2011892139279164 137212166624960 submit 143 0 0 0 0 0
2011892139279344 137212166624960 subm_end 1 0 0 0 0 0
2011892139279374 137212166624960 pump_beg 1 0 0 0 0 0
2011892139556324 137212166624960 feedend 142 0 0 0 0 0
2011892139807855 137212166624960 feedend 142 1 0 0 0 0
2011892136675199 137212174624640 cliack 140 0 141 142 0 0
2011892136675319 137212174624640 ackregion 141 142 142 140 1 0
2011892139260865 137212174624640 msgin 143 12533760 0 0 0 0
2011892139262295 137212174624640 enq 143 1 0 0 0 0
2011892146702573 137212166624960 outfirst 142 1 65536 0 0 0
2011892147646538 137212166624960 outfirst 142 0 65536 0 0 0
2011892147718826 137212166624960 pump_end 1 2 0 0 0 0
2011892147718986 137212166624960 join_beg 1 0 0 0 0 0
2011892147719286 137212166624960 join_end 0 0 0 0 0 0
2011892147719426 137212166624960 book_beg 1 0 0 0 0 0
2011892147719786 137212166624960 batch 143 1 1 2 2 0
2011892147719916 137212166624960 book_end 1 0 0 0 0 0
2011892147720096 137212166624960 coll_beg 0 0 0 0 0 0
2011892148022765 137212166624960 coll_end 0 0 0 0 0 0
2011892148022935 137212166624960 rel_beg 1 0 0 0 0 0
2011892148026205 137212166624960 absorb 143 0 0 0 0 0
2011892148030124 137212166624960 rel_end 1 0 0 0 0 0
2011892148034644 137212166624960 wait_beg 0 0 0 0 0 0
2011892148081663 137212174624640 send 18 0 0 142 140 1
2011892148409931 137212174624640 send 407970 0 0 142 140 1
2011892148660201 137212174624640 send 346989 0 0 142 140 1
2011892148661671 137212174624640 send 14 0 0 142 140 1
2011892148662271 137212174624640 egress 143 1 0 140 0 0
2011892148057453 137212158232256 emit_beg 143 0 0 0 0 0
2011892148066353 137212158232256 dmg 0 1 0 0 1920 1080
2011892148066683 137212158232256 enc 142 142 1 -1 -1 0
2011892148132051 137212158232256 emit_end 143 0 0 0 0 0
2011892170780433 137212166624960 wait_end 0 0 0 0 0 0
2011892170782573 137212166624960 drain_beg 0 0 0 0 0 0
2011892170782773 137212166624960 drain_end 1 0 0 0 0 0
2011892170782913 137212166624960 take 144 0 0 0 0 0
2011892170783343 137212166624960 subm_beg 1 0 0 0 0 0
2011892170784453 137212166624960 submit 144 0 0 0 0 0
2011892170784733 137212166624960 subm_end 1 0 0 0 0 0
2011892170784763 137212166624960 pump_beg 1 0 0 0 0 0
2011892171077543 137212166624960 feedend 143 0 0 0 0 0
2011892171275815 137212166624960 feedend 143 1 0 0 0 0
2011892166454361 137212174624640 cliack 141 0 142 143 0 0
2011892166454921 137212174624640 ackregion 142 143 143 141 1 0
2011892170768494 137212174624640 msgin 144 12533760 0 0 0 0
2011892170769754 137212174624640 enq 144 1 0 0 0 0
2011892178463623 137212166624960 outfirst 143 1 65536 0 0 0
2011892179597232 137212166624960 outfirst 143 0 65536 0 0 0
2011892179673559 137212166624960 pump_end 1 2 0 0 0 0
2011892179673819 137212166624960 join_beg 1 0 0 0 0 0
2011892179673989 137212166624960 join_end 0 0 0 0 0 0
2011892179674069 137212166624960 book_beg 1 0 0 0 0 0
2011892179674429 137212166624960 batch 144 1 1 2 2 0
2011892179674589 137212166624960 book_end 1 0 0 0 0 0
2011892179674759 137212166624960 coll_beg 0 0 0 0 0 0
2011892179985347 137212166624960 coll_end 0 0 0 0 0 0
2011892179985527 137212166624960 rel_beg 1 0 0 0 0 0
2011892179985927 137212166624960 absorb 144 0 0 0 0 0
2011892179989947 137212166624960 rel_end 1 0 0 0 0 0
2011892179992097 137212166624960 wait_beg 0 0 0 0 0 0
2011892180040485 137212174624640 send 18 0 0 143 141 1
2011892180387233 137212174624640 send 442564 0 0 143 141 1
2011892180653903 137212174624640 send 373350 0 0 143 141 1
2011892180655113 137212174624640 send 14 0 0 143 141 1
2011892180655553 137212174624640 egress 144 1 0 141 0 0
2011892180011596 137212158232256 emit_beg 144 0 0 0 0 0
2011892180019716 137212158232256 dmg 0 1 0 0 1920 1080
2011892180019986 137212158232256 enc 143 143 1 -1 -1 0
2011892180078684 137212158232256 emit_end 144 0 0 0 0 0
2011892198264210 137212174624640 cliack 142 0 143 144 0 0
2011892198268909 137212174624640 ackregion 143 144 144 142 1 0
2011892203829486 137212166624960 wait_end 0 0 0 0 0 0
2011892203832646 137212166624960 drain_beg 0 0 0 0 0 0
2011892203832926 137212166624960 drain_end 1 0 0 0 0 0
2011892203833066 137212166624960 take 145 0 0 0 0 0
2011892203833546 137212166624960 subm_beg 1 0 0 0 0 0
2011892203834386 137212166624960 submit 145 0 0 0 0 0
2011892203834536 137212166624960 subm_end 1 0 0 0 0 0
2011892203834566 137212166624960 pump_beg 1 0 0 0 0 0
2011892204134435 137212166624960 feedend 144 0 0 0 0 0
2011892204340268 137212166624960 feedend 144 1 0 0 0 0
2011892211436859 137212166624960 outfirst 144 1 65536 0 0 0
2011892212623035 137212166624960 outfirst 144 0 65536 0 0 0
2011892212696883 137212166624960 pump_end 1 2 0 0 0 0
2011892212697073 137212166624960 join_beg 1 0 0 0 0 0
2011892212697413 137212166624960 join_end 0 0 0 0 0 0
2011892212697533 137212166624960 book_beg 1 0 0 0 0 0
2011892212697813 137212166624960 batch 145 1 1 2 2 0
2011892212697973 137212166624960 book_end 1 0 0 0 0 0
2011892212698133 137212166624960 coll_beg 0 0 0 0 0 0
2011892203819947 137212174624640 msgin 145 12533760 0 0 0 0
2011892203820897 137212174624640 enq 145 1 0 0 0 0
2011892212992632 137212166624960 coll_end 0 0 0 0 0 0
2011892212992782 137212166624960 rel_beg 1 0 0 0 0 0
2011892212993092 137212166624960 absorb 145 0 0 0 0 0
2011892212996472 137212166624960 rel_end 1 0 0 0 0 0
2011892212997432 137212166624960 wait_beg 0 0 0 0 0 0
2011892213037460 137212174624640 send 18 0 0 144 142 1
2011892213384517 137212174624640 send 441911 0 0 144 142 1
2011892213643008 137212174624640 send 360859 0 0 144 142 1
2011892213644268 137212174624640 send 14 0 0 144 142 1
2011892213644648 137212174624640 egress 145 1 0 142 0 0
2011892213016671 137212158232256 emit_beg 145 0 0 0 0 0
2011892213024121 137212158232256 dmg 0 1 0 0 1920 1080
2011892213024361 137212158232256 enc 144 144 1 -1 -1 0
2011892213076879 137212158232256 emit_end 145 0 0 0 0 0
2011892230952926 137212174624640 cliack 143 0 144 145 0 0
2011892230953036 137212174624640 ackregion 144 145 145 143 1 0
2011892233744434 137212166624960 wait_end 0 0 0 0 0 0
2011892233746324 137212166624960 drain_beg 0 0 0 0 0 0
2011892233746514 137212166624960 drain_end 1 0 0 0 0 0
2011892233746654 137212166624960 take 146 0 0 0 0 0
2011892233746904 137212166624960 subm_beg 1 0 0 0 0 0
2011892233747484 137212166624960 submit 146 0 0 0 0 0
2011892233747624 137212166624960 subm_end 1 0 0 0 0 0
2011892233747654 137212166624960 pump_beg 1 0 0 0 0 0
2011892234035203 137212166624960 feedend 145 0 0 0 0 0
2011892234231156 137212166624960 feedend 145 1 0 0 0 0
2011892241878687 137212166624960 outfirst 145 1 65536 0 0 0
2011892242857881 137212166624960 outfirst 145 0 65536 0 0 0
2011892242929678 137212166624960 pump_end 1 2 0 0 0 0
2011892242930048 137212166624960 join_beg 1 0 0 0 0 0
2011892242930388 137212166624960 join_end 0 0 0 0 0 0
2011892242930458 137212166624960 book_beg 1 0 0 0 0 0
2011892242931168 137212166624960 batch 146 1 1 2 2 0
2011892242931198 137212166624960 book_end 1 0 0 0 0 0
2011892242931348 137212166624960 coll_beg 0 0 0 0 0 0
2011892233735084 137212174624640 msgin 146 12533760 0 0 0 0
2011892233735504 137212174624640 enq 146 1 0 0 0 0
2011892243166520 137212166624960 coll_end 0 0 0 0 0 0
2011892243166680 137212166624960 rel_beg 1 0 0 0 0 0
2011892243167480 137212166624960 absorb 146 0 0 0 0 0
2011892243170830 137212166624960 rel_end 1 0 0 0 0 0
2011892243172360 137212166624960 wait_beg 0 0 0 0 0 0
2011892243206538 137212174624640 send 18 0 0 145 143 1
2011892243575615 137212174624640 send 479134 0 0 145 143 1
2011892243879884 137212174624640 send 414144 0 0 145 143 1
2011892243881344 137212174624640 send 14 0 0 145 143 1
2011892243881684 137212174624640 egress 146 1 0 143 0 0
2011892243178099 137212158232256 emit_beg 146 0 0 0 0 0
2011892243181509 137212158232256 dmg 0 1 0 0 1920 1080
2011892243181699 137212158232256 enc 145 145 1 -1 -1 0
2011892243234187 137212158232256 emit_end 146 0 0 0 0 0
2011892269428981 137212166624960 wait_end 0 0 0 0 0 0
2011892269431210 137212166624960 drain_beg 0 0 0 0 0 0
2011892269431590 137212166624960 drain_end 1 0 0 0 0 0
2011892269431730 137212166624960 take 147 0 0 0 0 0
2011892269432130 137212166624960 subm_beg 1 0 0 0 0 0
2011892269433420 137212166624960 submit 147 0 0 0 0 0
2011892269433540 137212166624960 subm_end 1 0 0 0 0 0
2011892269433570 137212166624960 pump_beg 1 0 0 0 0 0
2011892269724160 137212166624960 feedend 146 0 0 0 0 0
2011892269945772 137212166624960 feedend 146 1 0 0 0 0
2011892266272626 137212174624640 cliack 144 0 145 146 0 0
2011892266272866 137212174624640 ackregion 145 146 146 144 1 0
2011892269418341 137212174624640 msgin 147 12533760 0 0 0 0
2011892269418991 137212174624640 enq 147 1 0 0 0 0
2011892277193807 137212166624960 outfirst 146 1 65536 0 0 0
2011892278429122 137212166624960 outfirst 146 0 65536 0 0 0
2011892278498569 137212166624960 pump_end 1 2 0 0 0 0
2011892278499079 137212166624960 join_beg 1 0 0 0 0 0
2011892278499369 137212166624960 join_end 0 0 0 0 0 0
2011892278499559 137212166624960 book_beg 1 0 0 0 0 0
2011892278499899 137212166624960 batch 147 1 1 2 2 0
2011892278499929 137212166624960 book_end 1 0 0 0 0 0
2011892278500089 137212166624960 coll_beg 0 0 0 0 0 0
2011892278720801 137212166624960 coll_end 0 0 0 0 0 0
2011892278720911 137212166624960 rel_beg 1 0 0 0 0 0
2011892278721331 137212166624960 absorb 147 0 0 0 0 0
2011892278724911 137212166624960 rel_end 1 0 0 0 0 0
2011892278726111 137212166624960 wait_beg 0 0 0 0 0 0
2011892278757170 137212174624640 send 18 0 0 146 144 1
2011892279124247 137212174624640 send 456540 0 0 146 144 1
2011892279402296 137212174624640 send 379348 0 0 146 144 1
2011892279403616 137212174624640 send 14 0 0 146 144 1
2011892279404046 137212174624640 egress 147 1 0 144 0 0
2011892278733051 137212158232256 emit_beg 147 0 0 0 0 0
2011892278738091 137212158232256 dmg 0 1 0 0 1920 1080
2011892278738271 137212158232256 enc 146 146 1 -1 -1 0
2011892278793909 137212158232256 emit_end 147 0 0 0 0 0
2011892302899288 137212166624960 wait_end 0 0 0 0 0 0
2011892302901668 137212166624960 drain_beg 0 0 0 0 0 0
2011892302901978 137212166624960 drain_end 1 0 0 0 0 0
2011892302902118 137212166624960 take 148 0 0 0 0 0
2011892302902458 137212166624960 subm_beg 1 0 0 0 0 0
2011892302903188 137212166624960 submit 148 0 0 0 0 0
2011892302903338 137212166624960 subm_end 1 0 0 0 0 0
2011892302903368 137212166624960 pump_beg 1 0 0 0 0 0
2011892303201587 137212166624960 feedend 147 0 0 0 0 0
2011892300865552 137212174624640 cliack 145 0 146 147 0 0
2011892300865822 137212174624640 ackregion 146 147 147 145 1 0
2011892302885069 137212174624640 msgin 148 12533760 0 0 0 0
2011892302885709 137212174624640 enq 148 1 0 0 0 0
2011892303398830 137212166624960 feedend 147 1 0 0 0 0
2011892310851018 137212166624960 outfirst 147 1 65536 0 0 0
2011892311596621 137212166624960 outfirst 147 0 65536 0 0 0
2011892311666878 137212166624960 pump_end 1 2 0 0 0 0
2011892311667248 137212166624960 join_beg 1 0 0 0 0 0
2011892311667618 137212166624960 join_end 0 0 0 0 0 0
2011892311667748 137212166624960 book_beg 1 0 0 0 0 0
2011892311668408 137212166624960 batch 148 1 1 2 2 0
2011892311668498 137212166624960 book_end 1 0 0 0 0 0
2011892311668578 137212166624960 coll_beg 0 0 0 0 0 0
2011892312022955 137212166624960 coll_end 0 0 0 0 0 0
2011892312023055 137212166624960 rel_beg 1 0 0 0 0 0
2011892312023475 137212166624960 absorb 148 0 0 0 0 0
2011892312028565 137212166624960 rel_end 1 0 0 0 0 0
2011892312030205 137212166624960 wait_beg 0 0 0 0 0 0
2011892312060394 137212174624640 send 18 0 0 147 145 1
2011892312405031 137212174624640 send 445700 0 0 147 145 1
2011892312694450 137212174624640 send 396866 0 0 147 145 1
2011892312695760 137212174624640 send 14 0 0 147 145 1
2011892312696080 137212174624640 egress 148 1 0 145 0 0
2011892312033525 137212158232256 emit_beg 148 0 0 0 0 0
2011892312036184 137212158232256 dmg 0 1 0 0 1920 1080
2011892312036354 137212158232256 enc 147 147 1 -1 -1 0
2011892312090472 137212158232256 emit_end 148 0 0 0 0 0
2011892341489169 137212166624960 wait_end 0 0 0 0 0 0
2011892341492209 137212166624960 drain_beg 0 0 0 0 0 0
2011892341492759 137212166624960 drain_end 1 0 0 0 0 0
2011892341492909 137212166624960 take 149 0 0 0 0 0
2011892341493389 137212166624960 subm_beg 1 0 0 0 0 0
2011892341494429 137212166624960 submit 149 0 0 0 0 0
2011892341494569 137212166624960 subm_end 1 0 0 0 0 0
2011892341494609 137212166624960 pump_beg 1 0 0 0 0 0
2011892341839996 137212166624960 feedend 148 0 0 0 0 0
2011892342016060 137212166624960 feedend 148 1 0 0 0 0
2011892339424934 137212174624640 cliack 146 0 147 148 0 0
2011892339425204 137212174624640 ackregion 147 148 148 146 1 0
2011892341476099 137212174624640 msgin 149 12533760 0 0 0 0
2011892341477359 137212174624640 enq 149 1 0 0 0 0
2011892348781402 137212166624960 outfirst 148 1 65536 0 0 0
2011892349797615 137212166624960 outfirst 148 0 65536 0 0 0
2011892349883882 137212166624960 pump_end 1 2 0 0 0 0
2011892349884062 137212166624960 join_beg 1 0 0 0 0 0
2011892349884732 137212166624960 join_end 0 0 0 0 0 0
2011892349884812 137212166624960 book_beg 1 0 0 0 0 0
2011892349885172 137212166624960 batch 149 1 1 2 2 0
2011892349885202 137212166624960 book_end 1 0 0 0 0 0
2011892349885242 137212166624960 coll_beg 0 0 0 0 0 0
2011892350094184 137212166624960 coll_end 0 0 0 0 0 0
2011892350094234 137212166624960 rel_beg 1 0 0 0 0 0
2011892350094634 137212166624960 absorb 149 0 0 0 0 0
2011892350098224 137212166624960 rel_end 1 0 0 0 0 0
2011892350099754 137212166624960 wait_beg 0 0 0 0 0 0
2011892350161642 137212174624640 send 18 0 0 148 146 1
2011892350448212 137212174624640 send 371276 0 0 148 146 1
2011892350669544 137212174624640 send 309558 0 0 148 146 1
2011892350670713 137212174624640 send 14 0 0 148 146 1
2011892350670893 137212174624640 egress 149 1 0 146 0 0
2011892350105994 137212158232256 emit_beg 149 0 0 0 0 0
2011892350110924 137212158232256 dmg 0 1 0 0 1920 1080
2011892350111144 137212158232256 enc 148 148 1 -1 -1 0
2011892350156102 137212158232256 emit_end 149 0 0 0 0 0
2011892379347716 137212166624960 wait_end 0 0 0 0 0 0
2011892379350326 137212166624960 drain_beg 0 0 0 0 0 0
2011892379350876 137212166624960 drain_end 1 0 0 0 0 0
2011892379351036 137212166624960 take 150 0 0 0 0 0
2011892379351756 137212166624960 subm_beg 1 0 0 0 0 0
2011892379353136 137212166624960 submit 150 0 0 0 0 0
2011892379353266 137212166624960 subm_end 1 0 0 0 0 0
2011892379353286 137212166624960 pump_beg 1 0 0 0 0 0
2011892379617666 137212166624960 feedend 149 0 0 0 0 0
2011892379819709 137212166624960 feedend 149 1 0 0 0 0
2011892375453288 137212174624640 cliack 147 0 148 149 0 0
2011892375454008 137212174624640 ackregion 148 149 149 147 1 0
2011892379333257 137212174624640 msgin 150 12533760 0 0 0 0
2011892379335377 137212174624640 enq 150 1 0 0 0 0
2011892386303742 137212166624960 outfirst 149 1 65536 0 0 0
2011892387568536 137212166624960 outfirst 149 0 65536 0 0 0
2011892387786818 137212166624960 pump_end 1 2 0 0 0 0
2011892387787258 137212166624960 join_beg 1 0 0 0 0 0
2011892387788038 137212166624960 join_end 0 0 0 0 0 0
2011892387788158 137212166624960 book_beg 1 0 0 0 0 0
2011892387788768 137212166624960 batch 150 1 1 2 2 0
2011892387788938 137212166624960 book_end 1 0 0 0 0 0
2011892387789088 137212166624960 coll_beg 0 0 0 0 0 0
2011892387993070 137212166624960 coll_end 0 0 0 0 0 0
2011892387993240 137212166624960 rel_beg 1 0 0 0 0 0
2011892387993950 137212166624960 absorb 150 0 0 0 0 0
2011892388003470 137212166624960 rel_end 1 0 0 0 0 0
2011892388005160 137212166624960 wait_beg 0 0 0 0 0 0
2011892388040699 137212174624640 send 18 0 0 149 147 1
2011892388355627 137212174624640 send 403200 0 0 149 147 1
2011892388570549 137212174624640 send 300348 0 0 149 147 1
2011892388572049 137212174624640 send 14 0 0 149 147 1
2011892388572559 137212174624640 egress 150 1 0 147 0 0
2011892388010030 137212158232256 emit_beg 150 0 0 0 0 0
2011892388015140 137212158232256 dmg 0 1 0 0 1920 1080
2011892388015330 137212158232256 enc 149 149 1 -1 -1 0
2011892388061148 137212158232256 emit_end 150 0 0 0 0 0
2011892411891607 137212174624640 cliack 148 0 149 150 0 0
2011892411891677 137212174624640 ackregion 149 150 150 148 1 0
2011892416617585 137212166624960 wait_end 0 0 0 0 0 0
2011892416621215 137212166624960 drain_beg 0 0 0 0 0 0
2011892416622055 137212166624960 drain_end 1 0 0 0 0 0
2011892416622285 137212166624960 take 151 0 0 0 0 0
2011892416622845 137212166624960 subm_beg 1 0 0 0 0 0
2011892416624125 137212166624960 submit 151 0 0 0 0 0
2011892416624395 137212166624960 subm_end 1 0 0 0 0 0
2011892416624475 137212166624960 pump_beg 1 0 0 0 0 0
2011892416954033 137212166624960 feedend 150 0 0 0 0 0
2011892417144066 137212166624960 feedend 150 1 0 0 0 0
2011892416595346 137212174624640 msgin 151 12533760 0 0 0 0
2011892416596066 137212174624640 enq 151 1 0 0 0 0
2011892424751218 137212166624960 outfirst 150 1 65536 0 0 0
2011892425385775 137212166624960 outfirst 150 0 65536 0 0 0
2011892425469882 137212166624960 pump_end 1 2 0 0 0 0
2011892425470202 137212166624960 join_beg 1 0 0 0 0 0
2011892425470582 137212166624960 join_end 0 0 0 0 0 0
2011892425470832 137212166624960 book_beg 1 0 0 0 0 0
2011892425471242 137212166624960 batch 151 1 1 2 2 0
2011892425471292 137212166624960 book_end 1 0 0 0 0 0
2011892425471342 137212166624960 coll_beg 0 0 0 0 0 0
2011892425795310 137212166624960 coll_end 0 0 0 0 0 0
2011892425795420 137212166624960 rel_beg 1 0 0 0 0 0
2011892425795900 137212166624960 absorb 151 0 0 0 0 0
2011892425798510 137212166624960 rel_end 1 0 0 0 0 0
2011892425800980 137212166624960 wait_beg 0 0 0 0 0 0
2011892425854828 137212174624640 send 18 0 0 150 148 1
2011892426189505 137212174624640 send 445105 0 0 150 148 1
2011892426477465 137212174624640 send 402359 0 0 150 148 1
2011892426478855 137212174624640 send 14 0 0 150 148 1
2011892426479255 137212174624640 egress 151 1 0 148 0 0
2011892425805949 137212158232256 emit_beg 151 0 0 0 0 0
2011892425809379 137212158232256 dmg 0 1 0 0 1920 1080
2011892425809839 137212158232256 enc 150 150 1 -1 -1 0
2011892425861667 137212158232256 emit_end 151 0 0 0 0 0
2011892441419069 137212174624640 cliack 149 0 150 151 0 0
2011892441419189 137212174624640 ackregion 150 151 151 149 1 0
2011892444215457 137212174624640 msgin 152 12533760 0 0 0 0
2011892444215787 137212174624640 enq 152 1 0 0 0 0
2011892444243276 137212166624960 wait_end 0 0 0 0 0 0
2011892444246996 137212166624960 drain_beg 0 0 0 0 0 0
2011892444247656 137212166624960 drain_end 1 0 0 0 0 0
2011892444247886 137212166624960 take 152 0 0 0 0 0
2011892444248236 137212166624960 subm_beg 1 0 0 0 0 0
2011892444249206 137212166624960 submit 152 0 0 0 0 0
2011892444249296 137212166624960 subm_end 1 0 0 0 0 0
2011892444249376 137212166624960 pump_beg 1 0 0 0 0 0
2011892444564874 137212166624960 feedend 151 0 0 0 0 0
2011892444749047 137212166624960 feedend 151 1 0 0 0 0
2011892452139698 137212166624960 outfirst 151 1 65536 0 0 0
2011892452857731 137212166624960 outfirst 151 0 65536 0 0 0
2011892452925969 137212166624960 pump_end 1 2 0 0 0 0
2011892452926729 137212166624960 join_beg 1 0 0 0 0 0
2011892452927229 137212166624960 join_end 0 0 0 0 0 0
2011892452927299 137212166624960 book_beg 1 0 0 0 0 0
2011892452927879 137212166624960 batch 152 1 1 2 2 0
2011892452927959 137212166624960 book_end 1 0 0 0 0 0
2011892452928079 137212166624960 coll_beg 0 0 0 0 0 0
2011892453285736 137212166624960 coll_end 0 0 0 0 0 0
2011892453285886 137212166624960 rel_beg 1 0 0 0 0 0
2011892453286506 137212166624960 absorb 152 0 0 0 0 0
2011892453290176 137212166624960 rel_end 1 0 0 0 0 0
2011892453292015 137212166624960 wait_beg 0 0 0 0 0 0
2011892453331184 137212174624640 send 18 0 0 151 149 1
2011892453663992 137212174624640 send 433087 0 0 151 149 1
2011892453940042 137212174624640 send 387313 0 0 151 149 1
2011892453941322 137212174624640 send 14 0 0 151 149 1
2011892453941612 137212174624640 egress 152 1 0 149 0 0
2011892453295765 137212158232256 emit_beg 152 0 0 0 0 0
2011892453298635 137212158232256 dmg 0 1 0 0 1920 1080
2011892453298795 137212158232256 enc 151 151 1 -1 -1 0
2011892453360893 137212158232256 emit_end 152 0 0 0 0 0
2011892471606277 137212174624640 cliack 150 0 151 152 0 0
2011892471606407 137212174624640 ackregion 151 152 152 150 1 0
2011892476870274 137212166624960 wait_end 0 0 0 0 0 0
2011892476876204 137212166624960 drain_beg 0 0 0 0 0 0
2011892476876924 137212166624960 drain_end 1 0 0 0 0 0
2011892476877374 137212166624960 take 153 0 0 0 0 0
2011892476878174 137212166624960 subm_beg 1 0 0 0 0 0
2011892476879984 137212166624960 submit 153 0 0 0 0 0
2011892476880144 137212166624960 subm_end 1 0 0 0 0 0
2011892476880224 137212166624960 pump_beg 1 0 0 0 0 0
2011892477187453 137212166624960 feedend 152 0 0 0 0 0
2011892477392205 137212166624960 feedend 152 1 0 0 0 0
2011892484416649 137212166624960 outfirst 152 1 65536 0 0 0
2011892476835396 137212174624640 msgin 153 12533760 0 0 0 0
2011892476838005 137212174624640 enq 153 1 0 0 0 0
2011892485260218 137212166624960 outfirst 152 0 65536 0 0 0
2011892485328305 137212166624960 pump_end 1 2 0 0 0 0
2011892485328555 137212166624960 join_beg 1 0 0 0 0 0
2011892485328865 137212166624960 join_end 0 0 0 0 0 0
2011892485329085 137212166624960 book_beg 1 0 0 0 0 0
2011892485329445 137212166624960 batch 153 1 1 2 2 0
2011892485329525 137212166624960 book_end 1 0 0 0 0 0
2011892485329605 137212166624960 coll_beg 0 0 0 0 0 0
2011892485618165 137212166624960 coll_end 0 0 0 0 0 0
2011892485618335 137212166624960 rel_beg 1 0 0 0 0 0
2011892485618775 137212166624960 absorb 153 0 0 0 0 0
2011892485623215 137212166624960 rel_end 1 0 0 0 0 0
2011892485624655 137212166624960 wait_beg 0 0 0 0 0 0
2011892485659373 137212174624640 send 18 0 0 152 150 1
2011892486036620 137212174624640 send 408352 0 0 152 150 1
2011892486373877 137212174624640 send 352349 0 0 152 150 1
2011892486375337 137212174624640 send 14 0 0 152 150 1
2011892486375697 137212174624640 egress 153 1 0 150 0 0
2011892485628154 137212158232256 emit_beg 153 0 0 0 0 0
2011892485630184 137212158232256 dmg 0 1 0 0 1920 1080
2011892485630374 137212158232256 enc 152 152 1 -1 -1 0
2011892485680203 137212158232256 emit_end 153 0 0 0 0 0
2011892513189718 137212166624960 wait_end 0 0 0 0 0 0
2011892513192738 137212166624960 drain_beg 0 0 0 0 0 0
2011892513193368 137212166624960 drain_end 1 0 0 0 0 0
2011892513193758 137212166624960 take 154 0 0 0 0 0
2011892513194108 137212166624960 subm_beg 1 0 0 0 0 0
2011892513194858 137212166624960 submit 154 0 0 0 0 0
2011892513194898 137212166624960 subm_end 1 0 0 0 0 0
2011892513194948 137212166624960 pump_beg 1 0 0 0 0 0
2011892513469178 137212166624960 feedend 153 0 0 0 0 0
2011892513624482 137212166624960 feedend 153 1 0 0 0 0
2011892508356964 137212174624640 cliack 151 0 152 153 0 0
2011892508357204 137212174624640 ackregion 152 153 153 151 1 0
2011892513162699 137212174624640 msgin 154 12533760 0 0 0 0
2011892513164689 137212174624640 enq 154 1 0 0 0 0
2011892520385075 137212166624960 outfirst 153 1 65536 0 0 0
2011892521798703 137212166624960 outfirst 153 0 65536 0 0 0
2011892521859321 137212166624960 pump_end 1 2 0 0 0 0
2011892521863211 137212166624960 join_beg 1 0 0 0 0 0
2011892521863441 137212166624960 join_end 0 0 0 0 0 0
2011892521863661 137212166624960 book_beg 1 0 0 0 0 0
2011892521864061 137212166624960 batch 154 1 1 2 2 0
2011892521864141 137212166624960 book_end 1 0 0 0 0 0
2011892521864211 137212166624960 coll_beg 0 0 0 0 0 0
2011892522184669 137212166624960 coll_end 0 0 0 0 0 0
2011892522184729 137212166624960 rel_beg 1 0 0 0 0 0
2011892522184809 137212166624960 absorb 154 0 0 0 0 0
2011892522189269 137212166624960 rel_end 1 0 0 0 0 0
2011892522190709 137212166624960 wait_beg 0 0 0 0 0 0
2011892522236037 137212174624640 send 18 0 0 153 151 1
2011892522756948 137212174624640 send 431258 0 0 153 151 1
2011892523053918 137212174624640 send 337003 0 0 153 151 1
2011892523055137 137212174624640 send 14 0 0 153 151 1
2011892523055287 137212174624640 egress 154 1 0 151 0 0
2011892522195739 137212158232256 emit_beg 154 0 0 0 0 0
2011892522197499 137212158232256 dmg 0 1 0 0 1920 1080
2011892522197549 137212158232256 enc 153 153 1 -1 -1 0
2011892522243047 137212158232256 emit_end 154 0 0 0 0 0
2011892544743335 137212166624960 wait_end 0 0 0 0 0 0
2011892544745085 137212166624960 drain_beg 0 0 0 0 0 0
2011892544745285 137212166624960 drain_end 1 0 0 0 0 0
2011892544745415 137212166624960 take 155 0 0 0 0 0
2011892544745545 137212166624960 subm_beg 1 0 0 0 0 0
2011892544745845 137212166624960 submit 155 0 0 0 0 0
2011892544745865 137212166624960 subm_end 1 0 0 0 0 0
2011892544745895 137212166624960 pump_beg 1 0 0 0 0 0
2011892543924375 137212174624640 cliack 152 0 153 154 0 0
2011892543924465 137212174624640 ackregion 153 154 154 152 1 0
2011892544735156 137212174624640 msgin 155 12533760 0 0 0 0
2011892544735606 137212174624640 enq 155 1 0 0 0 0
2011892545077003 137212166624960 feedend 154 0 0 0 0 0
2011892545106892 137212166624960 feedend 154 1 0 0 0 0
2011892551946582 137212166624960 outfirst 154 1 65536 0 0 0
2011892553170538 137212166624960 outfirst 154 0 65536 0 0 0
2011892553233515 137212166624960 pump_end 1 2 0 0 0 0
2011892553233655 137212166624960 join_beg 1 0 0 0 0 0
2011892553233815 137212166624960 join_end 0 0 0 0 0 0
2011892553233925 137212166624960 book_beg 1 0 0 0 0 0
2011892553234155 137212166624960 batch 155 1 1 2 2 0
2011892553234185 137212166624960 book_end 1 0 0 0 0 0
2011892553234225 137212166624960 coll_beg 0 0 0 0 0 0
2011892553444178 137212166624960 coll_end 0 0 0 0 0 0
2011892553444308 137212166624960 rel_beg 1 0 0 0 0 0
2011892553444428 137212166624960 absorb 155 0 0 0 0 0
2011892553446638 137212166624960 rel_end 1 0 0 0 0 0
2011892553447917 137212166624960 wait_beg 0 0 0 0 0 0
2011892553472977 137212174624640 send 18 0 0 154 152 1
2011892553809334 137212174624640 send 418597 0 0 154 152 1
2011892554185141 137212174624640 send 342594 0 0 154 152 1
2011892554187270 137212174624640 send 14 0 0 154 152 1
2011892554187580 137212174624640 egress 155 1 0 152 0 0
2011892553452517 137212158232256 emit_beg 155 0 0 0 0 0
2011892553455137 137212158232256 dmg 0 1 0 0 1920 1080
2011892553455367 137212158232256 enc 154 154 1 -1 -1 0
2011892553498856 137212158232256 emit_end 155 0 0 0 0 0
2011892578678456 137212166624960 wait_end 0 0 0 0 0 0
2011892578681736 137212166624960 drain_beg 0 0 0 0 0 0
2011892578682066 137212166624960 drain_end 1 0 0 0 0 0
2011892578682226 137212166624960 take 156 0 0 0 0 0
2011892578682476 137212166624960 subm_beg 1 0 0 0 0 0
2011892578682716 137212166624960 submit 156 0 0 0 0 0
2011892578682746 137212166624960 subm_end 1 0 0 0 0 0
2011892578682776 137212166624960 pump_beg 1 0 0 0 0 0
2011892579044473 137212166624960 feedend 155 0 0 0 0 0
2011892579211537 137212166624960 feedend 155 1 0 0 0 0
2011892576874332 137212174624640 cliack 153 0 154 155 0 0
2011892576874462 137212174624640 ackregion 154 155 155 153 1 0
2011892578654807 137212174624640 msgin 156 12533760 0 0 0 0
2011892578655177 137212174624640 enq 156 1 0 0 0 0
2011892586397094 137212166624960 outfirst 155 1 65536 0 0 0
2011892587416787 137212166624960 outfirst 155 0 65536 0 0 0
2011892587475705 137212166624960 pump_end 1 2 0 0 0 0
2011892587475955 137212166624960 join_beg 1 0 0 0 0 0
2011892587476225 137212166624960 join_end 0 0 0 0 0 0
2011892587476325 137212166624960 book_beg 1 0 0 0 0 0
2011892587476555 137212166624960 batch 156 1 1 2 2 0
2011892587476595 137212166624960 book_end 1 0 0 0 0 0
2011892587476635 137212166624960 coll_beg 0 0 0 0 0 0
2011892587687097 137212166624960 coll_end 0 0 0 0 0 0
2011892587687227 137212166624960 rel_beg 1 0 0 0 0 0
2011892587687357 137212166624960 absorb 156 0 0 0 0 0
2011892587689117 137212166624960 rel_end 1 0 0 0 0 0
2011892587690397 137212166624960 wait_beg 0 0 0 0 0 0
2011892587719076 137212174624640 send 18 0 0 155 153 1
2011892588058363 137212174624640 send 428415 0 0 155 153 1
2011892588320074 137212174624640 send 364127 0 0 155 153 1
2011892588321284 137212174624640 send 14 0 0 155 153 1
2011892588321614 137212174624640 egress 156 1 0 153 0 0
2011892587697527 137212158232256 emit_beg 156 0 0 0 0 0
2011892587703346 137212158232256 dmg 0 1 0 0 1920 1080
2011892587703426 137212158232256 enc 155 155 1 -1 -1 0
2011892587761924 137212158232256 emit_end 156 0 0 0 0 0
2011892611989519 137212166624960 wait_end 0 0 0 0 0 0
2011892611992219 137212166624960 drain_beg 0 0 0 0 0 0
2011892611992689 137212166624960 drain_end 1 0 0 0 0 0
2011892611992919 137212166624960 take 157 0 0 0 0 0
2011892611993329 137212166624960 subm_beg 1 0 0 0 0 0
2011892611993869 137212166624960 submit 157 0 0 0 0 0
2011892611993919 137212166624960 subm_end 1 0 0 0 0 0
2011892611993969 137212166624960 pump_beg 1 0 0 0 0 0
2011892612312168 137212166624960 feedend 156 0 0 0 0 0
2011892612446533 137212166624960 feedend 156 1 0 0 0 0
2011892609833748 137212174624640 cliack 154 0 155 156 0 0
2011892609833788 137212174624640 ackregion 155 156 156 154 1 0
2011892611977980 137212174624640 msgin 157 12533760 0 0 0 0
2011892611978280 137212174624640 enq 157 1 0 0 0 0
2011892620482839 137212166624960 outfirst 156 1 65536 0 0 0
2011892621448994 137212166624960 outfirst 156 0 65536 0 0 0
2011892621541071 137212166624960 pump_end 1 2 0 0 0 0
2011892621541131 137212166624960 join_beg 1 0 0 0 0 0
2011892621541171 137212166624960 join_end 0 0 0 0 0 0
2011892621541261 137212166624960 book_beg 1 0 0 0 0 0
2011892621541391 137212166624960 batch 157 1 1 2 2 0
2011892621541431 137212166624960 book_end 1 0 0 0 0 0
2011892621541471 137212166624960 coll_beg 0 0 0 0 0 0
2011892621823670 137212166624960 coll_end 0 0 0 0 0 0
2011892621823710 137212166624960 rel_beg 1 0 0 0 0 0
2011892621823820 137212166624960 absorb 157 0 0 0 0 0
2011892621825780 137212166624960 rel_end 1 0 0 0 0 0
2011892621826470 137212166624960 wait_beg 0 0 0 0 0 0
2011892621839150 137212174624640 send 18 0 0 156 154 1
2011892622261474 137212174624640 send 536208 0 0 156 154 1
2011892622602502 137212174624640 send 472072 0 0 156 154 1
2011892622603762 137212174624640 send 14 0 0 156 154 1
2011892622604042 137212174624640 egress 157 1 0 154 0 0
2011892621828660 137212158232256 emit_beg 157 0 0 0 0 0
2011892621830780 137212158232256 dmg 0 1 0 0 1920 1080
2011892621830860 137212158232256 enc 156 156 1 -1 -1 0
2011892621886098 137212158232256 emit_end 157 0 0 0 0 0
2011892642767815 137212174624640 cliack 155 0 156 157 0 0
2011892642767895 137212174624640 ackregion 156 157 157 155 1 0
2011892647872769 137212166624960 wait_end 0 0 0 0 0 0
2011892647878709 137212166624960 drain_beg 0 0 0 0 0 0
2011892647890338 137212166624960 drain_end 1 0 0 0 0 0
2011892647890638 137212166624960 take 158 0 0 0 0 0
2011892647891368 137212166624960 subm_beg 1 0 0 0 0 0
2011892647893018 137212166624960 submit 158 0 0 0 0 0
2011892647893148 137212166624960 subm_end 1 0 0 0 0 0
2011892647893228 137212166624960 pump_beg 1 0 0 0 0 0
2011892648202627 137212166624960 feedend 157 0 0 0 0 0
2011892648352411 137212166624960 feedend 157 1 0 0 0 0
2011892654931531 137212166624960 outfirst 157 1 65536 0 0 0
2011892647844340 137212174624640 msgin 158 12533760 0 0 0 0
2011892647846490 137212174624640 enq 158 1 0 0 0 0
2011892655765131 137212166624960 outfirst 157 0 65536 0 0 0
2011892655809429 137212166624960 pump_end 1 2 0 0 0 0
2011892655809639 137212166624960 join_beg 1 0 0 0 0 0
2011892655809879 137212166624960 join_end 0 0 0 0 0 0
2011892655809929 137212166624960 book_beg 1 0 0 0 0 0
2011892655810249 137212166624960 batch 158 1 1 2 2 0
2011892655810299 137212166624960 book_end 1 0 0 0 0 0
2011892655810349 137212166624960 coll_beg 0 0 0 0 0 0
2011892655988743 137212166624960 coll_end 0 0 0 0 0 0
2011892655988883 137212166624960 rel_beg 1 0 0 0 0 0
2011892655989193 137212166624960 absorb 158 0 0 0 0 0
2011892655992712 137212166624960 rel_end 1 0 0 0 0 0
2011892655993812 137212166624960 wait_beg 0 0 0 0 0 0
2011892656017151 137212174624640 send 18 0 0 157 155 1
2011892656314791 137212174624640 send 373882 0 0 157 155 1
2011892656545912 137212174624640 send 318617 0 0 157 155 1
2011892656547012 137212174624640 send 14 0 0 157 155 1
2011892656547282 137212174624640 egress 158 1 0 155 0 0
2011892655999572 137212158232256 emit_beg 158 0 0 0 0 0
2011892656002282 137212158232256 dmg 0 1 0 0 1920 1080
2011892656002322 137212158232256 enc 157 157 1 -1 -1 0
2011892656056730 137212158232256 emit_end 158 0 0 0 0 0
2011892677809746 137212166624960 wait_end 0 0 0 0 0 0
2011892677811645 137212166624960 drain_beg 0 0 0 0 0 0
2011892677811915 137212166624960 drain_end 1 0 0 0 0 0
2011892677812055 137212166624960 take 159 0 0 0 0 0
2011892677812375 137212166624960 subm_beg 1 0 0 0 0 0
2011892677813025 137212166624960 submit 159 0 0 0 0 0
2011892677813075 137212166624960 subm_end 1 0 0 0 0 0
2011892677813115 137212166624960 pump_beg 1 0 0 0 0 0
2011892678108525 137212166624960 feedend 158 0 0 0 0 0
2011892678226070 137212166624960 feedend 158 1 0 0 0 0
2011892684659505 137212166624960 outfirst 158 1 65536 0 0 0
2011892676987006 137212174624640 cliack 156 0 157 158 0 0
2011892676987146 137212174624640 ackregion 157 158 158 156 1 0
2011892677801736 137212174624640 msgin 159 12533760 0 0 0 0
2011892677802126 137212174624640 enq 159 1 0 0 0 0
2011892685649529 137212166624960 outfirst 158 0 65536 0 0 0
2011892685699717 137212166624960 pump_end 1 2 0 0 0 0
2011892685699847 137212166624960 join_beg 1 0 0 0 0 0
2011892685699947 137212166624960 join_end 0 0 0 0 0 0
2011892685700007 137212166624960 book_beg 1 0 0 0 0 0
2011892685700147 137212166624960 batch 159 1 1 2 2 0
2011892685700197 137212166624960 book_end 1 0 0 0 0 0
2011892685700257 137212166624960 coll_beg 0 0 0 0 0 0
2011892685875181 137212166624960 coll_end 0 0 0 0 0 0
2011892685875321 137212166624960 rel_beg 1 0 0 0 0 0
2011892685875401 137212166624960 absorb 159 0 0 0 0 0
2011892685877141 137212166624960 rel_end 1 0 0 0 0 0
2011892685877761 137212166624960 wait_beg 0 0 0 0 0 0
2011892685910890 137212174624640 send 18 0 0 158 156 1
2011892686332164 137212174624640 send 358287 0 0 158 156 1
2011892686676262 137212174624640 send 298969 0 0 158 156 1
2011892686678552 137212174624640 send 14 0 0 158 156 1
2011892686679192 137212174624640 egress 159 1 0 156 0 0
2011892685894940 137212158232256 emit_beg 159 0 0 0 0 0
2011892685899190 137212158232256 dmg 0 1 0 0 1920 1080
2011892685899270 137212158232256 enc 158 158 1 -1 -1 0
2011892685942989 137212158232256 emit_end 159 0 0 0 0 0
2011892722859180 137212166624960 wait_end 0 0 0 0 0 0
2011892722864230 137212166624960 drain_beg 0 0 0 0 0 0
2011892722864800 137212166624960 drain_end 1 0 0 0 0 0
2011892722865080 137212166624960 take 160 0 0 0 0 0
2011892722865290 137212166624960 subm_beg 1 0 0 0 0 0
2011892722866290 137212166624960 submit 160 0 0 0 0 0
2011892722866450 137212166624960 subm_end 1 0 0 0 0 0
2011892722866510 137212166624960 pump_beg 1 0 0 0 0 0
2011892723180428 137212166624960 feedend 159 0 0 0 0 0
2011892723373051 137212166624960 feedend 159 1 0 0 0 0
2011892720843364 137212174624640 cliack 157 0 158 159 0 0
2011892720843554 137212174624640 ackregion 158 159 159 157 1 0
2011892722828381 137212174624640 msgin 160 12533760 0 0 0 0
2011892722829821 137212174624640 enq 160 1 0 0 0 0
2011892730596098 137212166624960 outfirst 159 1 65536 0 0 0
2011892731394359 137212166624960 outfirst 159 0 65536 0 0 0
2011892731481095 137212166624960 pump_end 1 2 0 0 0 0
2011892731481305 137212166624960 join_beg 1 0 0 0 0 0
2011892731481605 137212166624960 join_end 0 0 0 0 0 0
2011892731481855 137212166624960 book_beg 1 0 0 0 0 0
2011892731482005 137212166624960 batch 160 1 1 2 2 0
2011892731482155 137212166624960 book_end 1 0 0 0 0 0
2011892731482295 137212166624960 coll_beg 0 0 0 0 0 0
2011892731678618 137212166624960 coll_end 0 0 0 0 0 0
2011892731678778 137212166624960 rel_beg 1 0 0 0 0 0
2011892731679058 137212166624960 absorb 160 0 0 0 0 0
2011892731681808 137212166624960 rel_end 1 0 0 0 0 0
2011892731682758 137212166624960 wait_beg 0 0 0 0 0 0
2011892731727026 137212174624640 send 18 0 0 159 157 1
2011892732258857 137212174624640 send 441327 0 0 159 157 1
2011892732693651 137212174624640 send 381970 0 0 159 157 1
2011892732695741 137212174624640 send 14 0 0 159 157 1
2011892732696021 137212174624640 egress 160 1 0 157 0 0
2011892731699407 137212158232256 emit_beg 160 0 0 0 0 0
2011892731701927 137212158232256 dmg 0 1 0 0 1920 1080
2011892731702137 137212158232256 enc 159 159 1 -1 -1 0
2011892731756195 137212158232256 emit_end 160 0 0 0 0 0
2011892753033578 137212166624960 wait_end 0 0 0 0 0 0
2011892753036948 137212166624960 drain_beg 0 0 0 0 0 0
2011892753037248 137212166624960 drain_end 1 0 0 0 0 0
2011892753037448 137212166624960 take 161 0 0 0 0 0
2011892753037698 137212166624960 subm_beg 1 0 0 0 0 0
2011892753038288 137212166624960 submit 161 0 0 0 0 0
2011892753038448 137212166624960 subm_end 1 0 0 0 0 0
2011892753038508 137212166624960 pump_beg 1 0 0 0 0 0
2011892753321068 137212166624960 feedend 160 0 0 0 0 0
2011892753482882 137212166624960 feedend 160 1 0 0 0 0
2011892750659925 137212174624640 cliack 158 0 159 160 0 0
2011892750660145 137212174624640 ackregion 159 160 160 158 1 0
2011892753008999 137212174624640 msgin 161 12533760 0 0 0 0
2011892753009869 137212174624640 enq 161 1 0 0 0 0
2011892760515415 137212166624960 outfirst 160 1 65536 0 0 0
2011892761644634 137212166624960 outfirst 160 0 65536 0 0 0
2011892761699292 137212166624960 pump_end 1 2 0 0 0 0
2011892761699482 137212166624960 join_beg 1 0 0 0 0 0
2011892761701442 137212166624960 join_end 0 0 0 0 0 0
2011892761701492 137212166624960 book_beg 1 0 0 0 0 0
2011892761704322 137212166624960 batch 161 1 1 2 2 0
2011892761704352 137212166624960 book_end 1 0 0 0 0 0
2011892761704372 137212166624960 coll_beg 0 0 0 0 0 0
2011892761906134 137212166624960 coll_end 0 0 0 0 0 0
2011892761906184 137212166624960 rel_beg 1 0 0 0 0 0
2011892761906494 137212166624960 absorb 161 0 0 0 0 0
2011892761908744 137212166624960 rel_end 1 0 0 0 0 0
2011892761909264 137212166624960 wait_beg 0 0 0 0 0 0
2011892761925593 137212174624640 send 18 0 0 160 158 1
2011892762294850 137212174624640 send 467047 0 0 160 158 1
2011892762573460 137212174624640 send 377109 0 0 160 158 1
2011892762574770 137212174624640 send 14 0 0 160 158 1
2011892762575010 137212174624640 egress 161 1 0 158 0 0
2011892761913094 137212158232256 emit_beg 161 0 0 0 0 0
2011892761915084 137212158232256 dmg 0 1 0 0 1920 1080
2011892761915244 137212158232256 enc 160 160 1 -1 -1 0
2011892761957882 137212158232256 emit_end 161 0 0 0 0 0
2011892779731923 137212166624960 wait_end 0 0 0 0 0 0
2011892779733473 137212166624960 drain_beg 0 0 0 0 0 0
2011892779733683 137212166624960 drain_end 1 0 0 0 0 0
2011892779733803 137212166624960 take 162 0 0 0 0 0
2011892779733953 137212166624960 subm_beg 1 0 0 0 0 0
2011892779734433 137212166624960 submit 162 0 0 0 0 0
2011892779734643 137212166624960 subm_end 1 0 0 0 0 0
2011892779734673 137212166624960 pump_beg 1 0 0 0 0 0
2011892780032332 137212166624960 feedend 161 0 0 0 0 0
2011892780197506 137212166624960 feedend 161 1 0 0 0 0
2011892778877964 137212174624640 cliack 159 0 160 161 0 0
2011892778878114 137212174624640 ackregion 160 161 161 159 1 0
2011892779723393 137212174624640 msgin 162 12533760 0 0 0 0
2011892779724093 137212174624640 enq 162 1 0 0 0 0
2011892786752427 137212166624960 outfirst 161 1 65536 0 0 0
2011892787791449 137212166624960 outfirst 161 0 65536 0 0 0
2011892787842287 137212166624960 pump_end 1 2 0 0 0 0
2011892787842857 137212166624960 join_beg 1 0 0 0 0 0
2011892787843037 137212166624960 join_end 0 0 0 0 0 0
2011892787843087 137212166624960 book_beg 1 0 0 0 0 0
2011892787843337 137212166624960 batch 162 1 1 2 2 0
2011892787843377 137212166624960 book_end 1 0 0 0 0 0
2011892787843407 137212166624960 coll_beg 0 0 0 0 0 0
2011892788035520 137212166624960 coll_end 0 0 0 0 0 0
2011892788035570 137212166624960 rel_beg 1 0 0 0 0 0
2011892788036070 137212166624960 absorb 162 0 0 0 0 0
2011892788038120 137212166624960 rel_end 1 0 0 0 0 0
2011892788039420 137212166624960 wait_beg 0 0 0 0 0 0
2011892788092228 137212174624640 send 18 0 0 161 159 1
2011892788380987 137212174624640 send 381744 0 0 161 159 1
2011892788602409 137212174624640 send 308472 0 0 161 159 1
2011892788603539 137212174624640 send 14 0 0 161 159 1
2011892788603669 137212174624640 egress 162 1 0 159 0 0
2011892788058299 137212158232256 emit_beg 162 0 0 0 0 0
2011892788062589 137212158232256 dmg 0 1 0 0 1920 1080
2011892788062659 137212158232256 enc 161 161 1 -1 -1 0
2011892788110867 137212158232256 emit_end 162 0 0 0 0 0
2011892816383435 137212166624960 wait_end 0 0 0 0 0 0
2011892816386954 137212166624960 drain_beg 0 0 0 0 0 0
2011892816387634 137212166624960 drain_end 1 0 0 0 0 0
2011892816387864 137212166624960 take 163 0 0 0 0 0
2011892816388224 137212166624960 subm_beg 1 0 0 0 0 0
2011892816389314 137212166624960 submit 163 0 0 0 0 0
2011892816389444 137212166624960 subm_end 1 0 0 0 0 0
2011892816389534 137212166624960 pump_beg 1 0 0 0 0 0
2011892814538012 137212174624640 cliack 160 0 161 162 0 0
2011892814538172 137212174624640 ackregion 161 162 162 160 1 0
2011892816355776 137212174624640 msgin 163 12533760 0 0 0 0
2011892816356276 137212174624640 enq 163 1 0 0 0 0
2011892816750491 137212166624960 feedend 162 0 0 0 0 0
2011892816924105 137212166624960 feedend 162 1 0 0 0 0
2011892824288756 137212166624960 outfirst 162 1 65536 0 0 0
2011892825178743 137212166624960 outfirst 162 0 65536 0 0 0
2011892825251661 137212166624960 pump_end 1 2 0 0 0 0
2011892825252191 137212166624960 join_beg 1 0 0 0 0 0
2011892825252751 137212166624960 join_end 0 0 0 0 0 0
2011892825252831 137212166624960 book_beg 1 0 0 0 0 0
2011892825253261 137212166624960 batch 163 1 1 2 2 0
2011892825253301 137212166624960 book_end 1 0 0 0 0 0
2011892825253341 137212166624960 coll_beg 0 0 0 0 0 0
2011892825496812 137212166624960 coll_end 0 0 0 0 0 0
2011892825496862 137212166624960 rel_beg 1 0 0 0 0 0
2011892825497472 137212166624960 absorb 163 0 0 0 0 0
2011892825500392 137212166624960 rel_end 1 0 0 0 0 0
2011892825502131 137212166624960 wait_beg 0 0 0 0 0 0
2011892825546530 137212174624640 send 18 0 0 162 160 1
2011892825974174 137212174624640 send 441995 0 0 162 160 1
2011892826415758 137212174624640 send 382909 0 0 162 160 1
2011892826417528 137212174624640 send 14 0 0 162 160 1
2011892826417968 137212174624640 egress 163 1 0 160 0 0
2011892825519961 137212158232256 emit_beg 163 0 0 0 0 0
2011892825526221 137212158232256 dmg 0 1 0 0 1920 1080
2011892825526421 137212158232256 enc 162 162 1 -1 -1 0
2011892825585308 137212158232256 emit_end 163 0 0 0 0 0
2011892853061885 137212166624960 wait_end 0 0 0 0 0 0
2011892853065715 137212166624960 drain_beg 0 0 0 0 0 0
2011892853066265 137212166624960 drain_end 1 0 0 0 0 0
2011892853066405 137212166624960 take 164 0 0 0 0 0
2011892853067085 137212166624960 subm_beg 1 0 0 0 0 0
2011892853068335 137212166624960 submit 164 0 0 0 0 0
2011892853068425 137212166624960 subm_end 1 0 0 0 0 0
2011892853068515 137212166624960 pump_beg 1 0 0 0 0 0
2011892853403862 137212166624960 feedend 163 0 0 0 0 0
2011892853572066 137212166624960 feedend 163 1 0 0 0 0
2011892850970441 137212174624640 cliack 161 0 162 163 0 0
2011892850977421 137212174624640 ackregion 162 163 163 161 1 0
2011892853039006 137212174624640 msgin 164 12533760 0 0 0 0
2011892853039496 137212174624640 enq 164 1 0 0 0 0
2011892860813622 137212166624960 outfirst 163 1 65536 0 0 0
2011892862069246 137212166624960 outfirst 163 0 65536 0 0 0
2011892862147273 137212166624960 pump_end 1 2 0 0 0 0
2011892862147983 137212166624960 join_beg 1 0 0 0 0 0
2011892862148223 137212166624960 join_end 0 0 0 0 0 0
2011892862148313 137212166624960 book_beg 1 0 0 0 0 0
2011892862148563 137212166624960 batch 164 1 1 2 2 0
2011892862148603 137212166624960 book_end 1 0 0 0 0 0
2011892862148633 137212166624960 coll_beg 0 0 0 0 0 0
2011892862386184 137212166624960 coll_end 0 0 0 0 0 0
2011892862386224 137212166624960 rel_beg 1 0 0 0 0 0
2011892862386794 137212166624960 absorb 164 0 0 0 0 0
2011892862390184 137212166624960 rel_end 1 0 0 0 0 0
2011892862391684 137212166624960 wait_beg 0 0 0 0 0 0
2011892862433413 137212174624640 send 18 0 0 163 161 1
2011892862804639 137212174624640 send 468294 0 0 163 161 1
2011892863233893 137212174624640 send 377432 0 0 163 161 1
2011892863235903 137212174624640 send 14 0 0 163 161 1
2011892863236343 137212174624640 egress 164 1 0 161 0 0
2011892862409744 137212158232256 emit_beg 164 0 0 0 0 0
2011892862414993 137212158232256 dmg 0 1 0 0 1920 1080
2011892862415193 137212158232256 enc 163 163 1 -1 -1 0
2011892862474521 137212158232256 emit_end 164 0 0 0 0 0
2011892884175239 137212166624960 wait_end 0 0 0 0 0 0
2011892884178528 137212166624960 drain_beg 0 0 0 0 0 0
2011892884178908 137212166624960 drain_end 1 0 0 0 0 0
2011892884179058 137212166624960 take 165 0 0 0 0 0
2011892884179338 137212166624960 subm_beg 1 0 0 0 0 0
2011892884188948 137212166624960 submit 165 0 0 0 0 0
2011892884188978 137212166624960 subm_end 1 0 0 0 0 0
2011892884189018 137212166624960 pump_beg 1 0 0 0 0 0
2011892884553125 137212166624960 feedend 164 0 0 0 0 0
2011892884727388 137212166624960 feedend 164 1 0 0 0 0
2011892880869949 137212174624640 cliack 162 0 163 164 0 0
2011892880870029 137212174624640 ackregion 163 164 164 162 1 0
2011892884151719 137212174624640 msgin 165 12533760 0 0 0 0
2011892884152109 137212174624640 enq 165 1 0 0 0 0
2011892891276009 137212166624960 outfirst 164 1 65536 0 0 0
2011892892351950 137212166624960 outfirst 164 0 65536 0 0 0
2011892892413148 137212166624960 pump_end 1 2 0 0 0 0
2011892892413618 137212166624960 join_beg 1 0 0 0 0 0
2011892892414138 137212166624960 join_end 0 0 0 0 0 0
2011892892414228 137212166624960 book_beg 1 0 0 0 0 0
2011892892414498 137212166624960 batch 165 1 1 2 2 0
2011892892414538 137212166624960 book_end 1 0 0 0 0 0
2011892892414568 137212166624960 coll_beg 0 0 0 0 0 0
2011892892591641 137212166624960 coll_end 0 0 0 0 0 0
2011892892591711 137212166624960 rel_beg 1 0 0 0 0 0
2011892892592031 137212166624960 absorb 165 0 0 0 0 0
2011892892594491 137212166624960 rel_end 1 0 0 0 0 0
2011892892595561 137212166624960 wait_beg 0 0 0 0 0 0
2011892892619620 137212174624640 send 18 0 0 164 162 1
2011892892921689 137212174624640 send 376558 0 0 164 162 1
2011892893141391 137212174624640 send 299959 0 0 164 162 1
2011892893142681 137212174624640 send 14 0 0 164 162 1
2011892893142921 137212174624640 egress 165 1 0 162 0 0
2011892892601341 137212158232256 emit_beg 165 0 0 0 0 0
2011892892606401 137212158232256 dmg 0 1 0 0 1920 1080
2011892892606571 137212158232256 enc 164 164 1 -1 -1 0
2011892892661279 137212158232256 emit_end 165 0 0 0 0 0
2011892916638113 137212174624640 cliack 163 0 164 165 0 0
2011892916638223 137212174624640 ackregion 164 165 165 163 1 0
2011892921199726 137212166624960 wait_end 0 0 0 0 0 0
2011892921203346 137212166624960 drain_beg 0 0 0 0 0 0
2011892921203736 137212166624960 drain_end 1 0 0 0 0 0
2011892921203876 137212166624960 take 166 0 0 0 0 0
2011892921204296 137212166624960 subm_beg 1 0 0 0 0 0
2011892921205476 137212166624960 submit 166 0 0 0 0 0
2011892921205546 137212166624960 subm_end 1 0 0 0 0 0
2011892921205666 137212166624960 pump_beg 1 0 0 0 0 0
2011892921560543 137212166624960 feedend 165 0 0 0 0 0
2011892921734327 137212166624960 feedend 165 1 0 0 0 0
2011892921184987 137212174624640 msgin 166 12533760 0 0 0 0
2011892921185967 137212174624640 enq 166 1 0 0 0 0
2011892929661567 137212166624960 outfirst 165 1 65536 0 0 0
2011892930805515 137212166624960 outfirst 165 0 65536 0 0 0
2011892930902322 137212166624960 pump_end 1 2 0 0 0 0
2011892930902592 137212166624960 join_beg 1 0 0 0 0 0
2011892930903202 137212166624960 join_end 0 0 0 0 0 0
2011892930903562 137212166624960 book_beg 1 0 0 0 0 0
2011892930904192 137212166624960 batch 166 1 1 2 2 0
2011892930904242 137212166624960 book_end 1 0 0 0 0 0
2011892930904302 137212166624960 coll_beg 0 0 0 0 0 0
2011892931305967 137212166624960 coll_end 0 0 0 0 0 0
2011892931306057 137212166624960 rel_beg 1 0 0 0 0 0
2011892931306777 137212166624960 absorb 166 0 0 0 0 0
2011892931310437 137212166624960 rel_end 1 0 0 0 0 0
2011892931313447 137212166624960 wait_beg 0 0 0 0 0 0
2011892931368285 137212174624640 send 18 0 0 165 163 1
2011892931777310 137212174624640 send 529017 0 0 165 163 1
2011892932100948 137212174624640 send 439600 0 0 165 163 1
2011892932102368 137212174624640 send 14 0 0 165 163 1
2011892932102798 137212174624640 egress 166 1 0 163 0 0
2011892931319687 137212158232256 emit_beg 166 0 0 0 0 0
2011892931323457 137212158232256 dmg 0 1 0 0 1920 1080
2011892931323657 137212158232256 enc 165 165 1 -1 -1 0
2011892931399294 137212158232256 emit_end 166 0 0 0 0 0
2011892953893612 137212166624960 wait_end 0 0 0 0 0 0
2011892953895932 137212166624960 drain_beg 0 0 0 0 0 0
2011892953896232 137212166624960 drain_end 1 0 0 0 0 0
2011892953896442 137212166624960 take 167 0 0 0 0 0
2011892953896902 137212166624960 subm_beg 1 0 0 0 0 0
2011892953897592 137212166624960 submit 167 0 0 0 0 0
2011892953897652 137212166624960 subm_end 1 0 0 0 0 0
2011892953897782 137212166624960 pump_beg 1 0 0 0 0 0
2011892954247839 137212166624960 feedend 166 0 0 0 0 0
2011892954413233 137212166624960 feedend 166 1 0 0 0 0
2011892953088752 137212174624640 cliack 164 0 165 166 0 0
2011892953089042 137212174624640 ackregion 165 166 166 164 1 0
2011892953875863 137212174624640 msgin 167 12533760 0 0 0 0
2011892953877083 137212174624640 enq 167 1 0 0 0 0
2011892961350660 137212166624960 outfirst 166 1 65536 0 0 0
2011892962144351 137212166624960 outfirst 166 0 65536 0 0 0
2011892962218828 137212166624960 pump_end 1 2 0 0 0 0
2011892962219228 137212166624960 join_beg 1 0 0 0 0 0
2011892962219568 137212166624960 join_end 0 0 0 0 0 0
2011892962219758 137212166624960 book_beg 1 0 0 0 0 0
2011892962220418 137212166624960 batch 167 1 1 2 2 0
2011892962220478 137212166624960 book_end 1 0 0 0 0 0
2011892962220528 137212166624960 coll_beg 0 0 0 0 0 0
2011892962531017 137212166624960 coll_end 0 0 0 0 0 0
2011892962531067 137212166624960 rel_beg 1 0 0 0 0 0
2011892962531317 137212166624960 absorb 167 0 0 0 0 0
2011892962534427 137212166624960 rel_end 1 0 0 0 0 0
2011892962536287 137212166624960 wait_beg 0 0 0 0 0 0
2011892962581255 137212174624640 send 18 0 0 166 164 1
2011892963006079 137212174624640 send 398025 0 0 166 164 1
2011892963276230 137212174624640 send 338735 0 0 166 164 1
2011892963278239 137212174624640 send 14 0 0 166 164 1
2011892963278569 137212174624640 egress 167 1 0 164 0 0
2011892962541066 137212158232256 emit_beg 167 0 0 0 0 0
2011892962542886 137212158232256 dmg 0 1 0 0 1920 1080
2011892962543046 137212158232256 enc 166 166 1 -1 -1 0
2011892962584255 137212158232256 emit_end 167 0 0 0 0 0
2011892983604247 137212166624960 wait_end 0 0 0 0 0 0
2011892983606667 137212166624960 drain_beg 0 0 0 0 0 0
2011892983607047 137212166624960 drain_end 1 0 0 0 0 0
2011892983607227 137212166624960 take 168 0 0 0 0 0
2011892983607507 137212166624960 subm_beg 1 0 0 0 0 0
2011892983607847 137212166624960 submit 168 0 0 0 0 0
2011892983607907 137212166624960 subm_end 1 0 0 0 0 0
2011892983607957 137212166624960 pump_beg 1 0 0 0 0 0
2011892983940475 137212166624960 feedend 167 0 0 0 0 0
2011892984141518 137212166624960 feedend 167 1 0 0 0 0
2011892982325594 137212174624640 cliack 165 0 166 167 0 0
2011892982325714 137212174624640 ackregion 166 167 167 165 1 0
2011892983590848 137212174624640 msgin 168 12533760 0 0 0 0
2011892983591738 137212174624640 enq 168 1 0 0 0 0
2011892991298556 137212166624960 outfirst 167 1 65536 0 0 0
2011892991872555 137212166624960 outfirst 167 0 65536 0 0 0
2011892991933763 137212166624960 pump_end 1 2 0 0 0 0
2011892991934163 137212166624960 join_beg 1 0 0 0 0 0
2011892991934323 137212166624960 join_end 0 0 0 0 0 0
2011892991934383 137212166624960 book_beg 1 0 0 0 0 0
2011892991934783 137212166624960 batch 168 1 1 2 2 0
2011892991934823 137212166624960 book_end 1 0 0 0 0 0
2011892991939253 137212166624960 coll_beg 0 0 0 0 0 0
2011892992146365 137212166624960 coll_end 0 0 0 0 0 0
2011892992146495 137212166624960 rel_beg 1 0 0 0 0 0
2011892992146855 137212166624960 absorb 168 0 0 0 0 0
2011892992149925 137212166624960 rel_end 1 0 0 0 0 0
2011892992151405 137212166624960 wait_beg 0 0 0 0 0 0
2011892992216383 137212174624640 send 18 0 0 167 165 1
2011892992695315 137212174624640 send 404649 0 0 167 165 1
2011892992973515 137212174624640 send 356402 0 0 167 165 1
2011892992974695 137212174624640 send 14 0 0 167 165 1
2011892992974895 137212174624640 egress 168 1 0 165 0 0
2011892992155935 137212158232256 emit_beg 168 0 0 0 0 0
2011892992158375 137212158232256 dmg 0 1 0 0 1920 1080
2011892992158545 137212158232256 enc 167 167 1 -1 -1 0
2011892992203963 137212158232256 emit_end 168 0 0 0 0 0
2011893026121054 137212166624960 wait_end 0 0 0 0 0 0
2011893026124464 137212166624960 drain_beg 0 0 0 0 0 0
2011893026124894 137212166624960 drain_end 1 0 0 0 0 0
2011893026125144 137212166624960 take 169 0 0 0 0 0
2011893026125614 137212166624960 subm_beg 1 0 0 0 0 0
2011893026126204 137212166624960 submit 169 0 0 0 0 0
2011893026126234 137212166624960 subm_end 1 0 0 0 0 0
2011893026126264 137212166624960 pump_beg 1 0 0 0 0 0
2011893026513510 137212166624960 feedend 168 0 0 0 0 0
2011893026703573 137212166624960 feedend 168 1 0 0 0 0
2011893024233053 137212174624640 cliack 166 0 167 168 0 0
2011893024233343 137212174624640 ackregion 167 168 168 166 1 0
2011893026104545 137212174624640 msgin 169 12533760 0 0 0 0
2011893026105005 137212174624640 enq 169 1 0 0 0 0
2011893033782895 137212166624960 outfirst 168 1 65536 0 0 0
2011893034700781 137212166624960 outfirst 168 0 65536 0 0 0
2011893034781908 137212166624960 pump_end 1 2 0 0 0 0
2011893034782398 137212166624960 join_beg 1 0 0 0 0 0
2011893034782808 137212166624960 join_end 0 0 0 0 0 0
2011893034783088 137212166624960 book_beg 1 0 0 0 0 0
2011893034783358 137212166624960 batch 169 1 1 2 2 0
2011893034783388 137212166624960 book_end 1 0 0 0 0 0
2011893034783538 137212166624960 coll_beg 0 0 0 0 0 0
2011893034987561 137212166624960 coll_end 0 0 0 0 0 0
2011893034987601 137212166624960 rel_beg 1 0 0 0 0 0
2011893034988231 137212166624960 absorb 169 0 0 0 0 0
2011893034991290 137212166624960 rel_end 1 0 0 0 0 0
2011893034993430 137212166624960 wait_beg 0 0 0 0 0 0
2011893035035569 137212174624640 send 18 0 0 168 166 1
2011893035553380 137212174624640 send 431352 0 0 168 166 1
2011893035901477 137212174624640 send 351960 0 0 168 166 1
2011893035902657 137212174624640 send 14 0 0 168 166 1
2011893035903017 137212174624640 egress 169 1 0 166 0 0
2011893035000770 137212158232256 emit_beg 169 0 0 0 0 0
2011893035004810 137212158232256 dmg 0 1 0 0 1920 1080
2011893035005000 137212158232256 enc 168 168 1 -1 -1 0
2011893035055738 137212158232256 emit_end 169 0 0 0 0 0
2011893057932813 137212166624960 wait_end 0 0 0 0 0 0
2011893057935362 137212166624960 drain_beg 0 0 0 0 0 0
2011893057935672 137212166624960 drain_end 1 0 0 0 0 0
2011893057935882 137212166624960 take 170 0 0 0 0 0
2011893057936142 137212166624960 subm_beg 1 0 0 0 0 0
2011893057937122 137212166624960 submit 170 0 0 0 0 0
2011893057937182 137212166624960 subm_end 1 0 0 0 0 0
2011893057937242 137212166624960 pump_beg 1 0 0 0 0 0
2011893056052481 137212174624640 cliack 167 0 168 169 0 0
2011893056052651 137212174624640 ackregion 168 169 169 167 1 0
2011893057922113 137212174624640 msgin 170 12533760 0 0 0 0
2011893057922333 137212174624640 enq 170 1 0 0 0 0
2011893058300409 137212166624960 feedend 169 0 0 0 0 0
2011893058466113 137212166624960 feedend 169 1 0 0 0 0
2011893066164602 137212166624960 outfirst 169 1 65536 0 0 0
2011893067368828 137212166624960 outfirst 169 0 65536 0 0 0
2011893067458565 137212166624960 pump_end 1 2 0 0 0 0
2011893067458755 137212166624960 join_beg 1 0 0 0 0 0
2011893067459035 137212166624960 join_end 0 0 0 0 0 0
2011893067459225 137212166624960 book_beg 1 0 0 0 0 0
2011893067459925 137212166624960 batch 170 1 1 2 2 0
2011893067459955 137212166624960 book_end 1 0 0 0 0 0
2011893067459985 137212166624960 coll_beg 0 0 0 0 0 0
2011893067703906 137212166624960 coll_end 0 0 0 0 0 0
2011893067703996 137212166624960 rel_beg 1 0 0 0 0 0
2011893067704516 137212166624960 absorb 170 0 0 0 0 0
2011893067706536 137212166624960 rel_end 1 0 0 0 0 0
2011893067707496 137212166624960 wait_beg 0 0 0 0 0 0
2011893067741204 137212174624640 send 18 0 0 169 167 1
2011893067711275 137212158232256 emit_beg 170 0 0 0 0 0
2011893067713785 137212158232256 dmg 0 1 0 0 1920 1080
2011893067714005 137212158232256 enc 169 169 1 -1 -1 0
2011893067770503 137212158232256 emit_end 170 0 0 0 0 0
2011893068364362 137212174624640 send 511104 0 0 169 167 1
2011893068856464 137212174624640 send 430494 0 0 169 167 1
2011893068857904 137212174624640 send 14 0 0 169 167 1
2011893068858114 137212174624640 egress 170 1 0 167 0 0
2011893093015931 137212166624960 wait_end 0 0 0 0 0 0
2011893093021291 137212166624960 drain_beg 0 0 0 0 0 0
2011893093022091 137212166624960 drain_end 1 0 0 0 0 0
2011893093022411 137212166624960 take 171 0 0 0 0 0
2011893093023061 137212166624960 subm_beg 1 0 0 0 0 0
2011893093024881 137212166624960 submit 171 0 0 0 0 0
2011893093025051 137212166624960 subm_end 1 0 0 0 0 0
2011893093025131 137212166624960 pump_beg 1 0 0 0 0 0
2011893093341359 137212166624960 feedend 170 0 0 0 0 0
2011893093536962 137212166624960 feedend 170 1 0 0 0 0
2011893088810885 137212174624640 cliack 168 0 169 170 0 0
2011893088811075 137212174624640 ackregion 169 170 170 168 1 0
2011893092973933 137212174624640 msgin 171 12533760 0 0 0 0
2011893092976543 137212174624640 enq 171 1 0 0 0 0
2011893100267866 137212166624960 outfirst 170 1 65536 0 0 0
2011893101330288 137212166624960 outfirst 170 0 65536 0 0 0
2011893101406205 137212166624960 pump_end 1 2 0 0 0 0
2011893101406465 137212166624960 join_beg 1 0 0 0 0 0
2011893101406765 137212166624960 join_end 0 0 0 0 0 0
2011893101406805 137212166624960 book_beg 1 0 0 0 0 0
2011893101407075 137212166624960 batch 171 1 1 2 2 0
2011893101407245 137212166624960 book_end 1 0 0 0 0 0
2011893101407415 137212166624960 coll_beg 0 0 0 0 0 0
2011893101587998 137212166624960 coll_end 0 0 0 0 0 0
2011893101588178 137212166624960 rel_beg 1 0 0 0 0 0
2011893101588458 137212166624960 absorb 171 0 0 0 0 0
2011893101591398 137212166624960 rel_end 1 0 0 0 0 0
2011893101592658 137212166624960 wait_beg 0 0 0 0 0 0
2011893101628487 137212174624640 send 18 0 0 170 168 1
2011893102089280 137212174624640 send 391231 0 0 170 168 1
2011893102464856 137212174624640 send 323963 0 0 170 168 1
2011893102466856 137212174624640 send 14 0 0 170 168 1
2011893102467066 137212174624640 egress 171 1 0 168 0 0
2011893101595968 137212158232256 emit_beg 171 0 0 0 0 0
2011893101598068 137212158232256 dmg 0 1 0 0 1920 1080
2011893101598218 137212158232256 enc 170 170 1 -1 -1 0
2011893101636596 137212158232256 emit_end 171 0 0 0 0 0
2011893124640776 137212166624960 wait_end 0 0 0 0 0 0
2011893124643946 137212166624960 drain_beg 0 0 0 0 0 0
2011893124644426 137212166624960 drain_end 1 0 0 0 0 0
2011893124644506 137212166624960 take 172 0 0 0 0 0
2011893124644926 137212166624960 subm_beg 1 0 0 0 0 0
2011893124645276 137212166624960 submit 172 0 0 0 0 0
2011893124645336 137212166624960 subm_end 1 0 0 0 0 0
2011893124645386 137212166624960 pump_beg 1 0 0 0 0 0
2011893124934535 137212166624960 feedend 171 0 0 0 0 0
2011893125089020 137212166624960 feedend 171 1 0 0 0 0
2011893122688227 137212174624640 cliack 169 0 170 171 0 0
2011893122688377 137212174624640 ackregion 170 171 171 169 1 0
2011893124619167 137212174624640 msgin 172 12533760 0 0 0 0
2011893124619447 137212174624640 enq 172 1 0 0 0 0
2011893132470890 137212166624960 outfirst 171 1 65536 0 0 0
2011893133682026 137212166624960 outfirst 171 0 65536 0 0 0
2011893133752393 137212166624960 pump_end 1 2 0 0 0 0
2011893133752443 137212166624960 join_beg 1 0 0 0 0 0
2011893133752533 137212166624960 join_end 0 0 0 0 0 0
2011893133752583 137212166624960 book_beg 1 0 0 0 0 0
2011893133752783 137212166624960 batch 172 1 1 2 2 0
2011893133752803 137212166624960 book_end 1 0 0 0 0 0
2011893133752833 137212166624960 coll_beg 0 0 0 0 0 0
2011893133963996 137212166624960 coll_end 0 0 0 0 0 0
2011893133964036 137212166624960 rel_beg 1 0 0 0 0 0
2011893133964116 137212166624960 absorb 172 0 0 0 0 0
2011893133965636 137212166624960 rel_end 1 0 0 0 0 0
2011893133966576 137212166624960 wait_beg 0 0 0 0 0 0
2011893133998834 137212174624640 send 18 0 0 171 169 1
2011893134566944 137212174624640 send 468628 0 0 171 169 1
2011893134936260 137212174624640 send 404392 0 0 171 169 1
2011893134937510 137212174624640 send 14 0 0 171 169 1
2011893134937710 137212174624640 egress 172 1 0 169 0 0
2011893133984375 137212158232256 emit_beg 172 0 0 0 0 0
2011893133986985 137212158232256 dmg 0 1 0 0 1920 1080
2011893133987045 137212158232256 enc 171 171 1 -1 -1 0
2011893134047543 137212158232256 emit_end 172 0 0 0 0 0
2011893164443942 137212166624960 wait_end 0 0 0 0 0 0
2011893164446232 137212166624960 drain_beg 0 0 0 0 0 0
2011893164446452 137212166624960 drain_end 1 0 0 0 0 0
2011893164446562 137212166624960 take 173 0 0 0 0 0
2011893164446922 137212166624960 subm_beg 1 0 0 0 0 0
2011893164447272 137212166624960 submit 173 0 0 0 0 0
2011893164447332 137212166624960 subm_end 1 0 0 0 0 0
2011893164447382 137212166624960 pump_beg 1 0 0 0 0 0
2011893164751611 137212166624960 feedend 172 0 0 0 0 0
2011893164907386 137212166624960 feedend 172 1 0 0 0 0
2011893163615533 137212174624640 cliack 170 0 171 172 0 0
2011893163615613 137212174624640 ackregion 171 172 172 170 1 0
2011893164422383 137212174624640 msgin 173 12533760 0 0 0 0
2011893164422503 137212174624640 enq 173 1 0 0 0 0
2011893172071344 137212166624960 outfirst 172 1 65536 0 0 0
2011893173132165 137212166624960 outfirst 172 0 65536 0 0 0
2011893173200273 137212166624960 pump_end 1 2 0 0 0 0
2011893173200363 137212166624960 join_beg 1 0 0 0 0 0
2011893173200473 137212166624960 join_end 0 0 0 0 0 0
2011893173200593 137212166624960 book_beg 1 0 0 0 0 0
2011893173200773 137212166624960 batch 173 1 1 2 2 0
2011893173200823 137212166624960 book_end 1 0 0 0 0 0
2011893173200883 137212166624960 coll_beg 0 0 0 0 0 0
2011893173545290 137212166624960 coll_end 0 0 0 0 0 0
2011893173545330 137212166624960 rel_beg 1 0 0 0 0 0
2011893173545460 137212166624960 absorb 173 0 0 0 0 0
2011893173547820 137212166624960 rel_end 1 0 0 0 0 0
2011893173549280 137212166624960 wait_beg 0 0 0 0 0 0
2011893173580329 137212174624640 send 18 0 0 172 170 1
2011893174176407 137212174624640 send 448738 0 0 172 170 1
2011893174607921 137212174624640 send 377908 0 0 172 170 1
2011893174609731 137212174624640 send 14 0 0 172 170 1
2011893174610131 137212174624640 egress 173 1 0 170 0 0
2011893173567589 137212158232256 emit_beg 173 0 0 0 0 0
2011893173569339 137212158232256 dmg 0 1 0 0 1920 1080
2011893173569419 137212158232256 enc 172 172 1 -1 -1 0
2011893173622877 137212158232256 emit_end 173 0 0 0 0 0
2011893196575429 137212166624960 wait_end 0 0 0 0 0 0
2011893196579959 137212166624960 drain_beg 0 0 0 0 0 0
2011893196580509 137212166624960 drain_end 1 0 0 0 0 0
2011893196580699 137212166624960 take 174 0 0 0 0 0
2011893196581669 137212166624960 subm_beg 1 0 0 0 0 0
2011893196583379 137212166624960 submit 174 0 0 0 0 0
2011893196583529 137212166624960 subm_end 1 0 0 0 0 0
2011893196583609 137212166624960 pump_beg 1 0 0 0 0 0
2011893196875178 137212166624960 feedend 173 0 0 0 0 0
2011893197057191 137212166624960 feedend 173 1 0 0 0 0
2011893194262683 137212174624640 cliack 171 0 172 173 0 0
2011893194262813 137212174624640 ackregion 172 173 173 171 1 0
2011893196547510 137212174624640 msgin 174 12533760 0 0 0 0
2011893196548730 137212174624640 enq 174 1 0 0 0 0
2011893203536715 137212166624960 outfirst 173 1 65536 0 0 0
2011893204522419 137212166624960 outfirst 173 0 65536 0 0 0
2011893204582107 137212166624960 pump_end 1 2 0 0 0 0
2011893204582297 137212166624960 join_beg 1 0 0 0 0 0
2011893204582677 137212166624960 join_end 0 0 0 0 0 0
2011893204582797 137212166624960 book_beg 1 0 0 0 0 0
2011893204583107 137212166624960 batch 174 1 1 2 2 0
2011893204583267 137212166624960 book_end 1 0 0 0 0 0
2011893204583437 137212166624960 coll_beg 0 0 0 0 0 0
2011893204811168 137212166624960 coll_end 0 0 0 0 0 0
2011893204811218 137212166624960 rel_beg 1 0 0 0 0 0
2011893204811488 137212166624960 absorb 174 0 0 0 0 0
2011893204814278 137212166624960 rel_end 1 0 0 0 0 0
2011893204815138 137212166624960 wait_beg 0 0 0 0 0 0
2011893204846947 137212174624640 send 18 0 0 173 171 1
2011893205134076 137212174624640 send 366493 0 0 173 171 1
2011893205350819 137212174624640 send 295521 0 0 173 171 1
2011893205352028 137212174624640 send 14 0 0 173 171 1
2011893205352268 137212174624640 egress 174 1 0 171 0 0
2011893204832787 137212158232256 emit_beg 174 0 0 0 0 0
2011893204835467 137212158232256 dmg 0 1 0 0 1920 1080
2011893204835517 137212158232256 enc 173 173 1 -1 -1 0
2011893204876416 137212158232256 emit_end 174 0 0 0 0 0
2011893234216084 137212166624960 wait_end 0 0 0 0 0 0
2011893234218564 137212166624960 drain_beg 0 0 0 0 0 0
2011893234218884 137212166624960 drain_end 1 0 0 0 0 0
2011893234219004 137212166624960 take 175 0 0 0 0 0
2011893234219294 137212166624960 subm_beg 1 0 0 0 0 0
2011893234219574 137212166624960 submit 175 0 0 0 0 0
2011893234219634 137212166624960 subm_end 1 0 0 0 0 0
2011893234219684 137212166624960 pump_beg 1 0 0 0 0 0
2011893234499794 137212166624960 feedend 174 0 0 0 0 0
2011893234644369 137212166624960 feedend 174 1 0 0 0 0
2011893232333123 137212174624640 cliack 172 0 173 174 0 0
2011893232333233 137212174624640 ackregion 173 174 174 172 1 0
2011893234195375 137212174624640 msgin 175 12533760 0 0 0 0
2011893234195605 137212174624640 enq 175 1 0 0 0 0
2011893242533510 137212166624960 outfirst 174 1 65536 0 0 0
2011893243706478 137212166624960 outfirst 174 0 65536 0 0 0
2011893243818713 137212166624960 pump_end 1 2 0 0 0 0
2011893243818823 137212166624960 join_beg 1 0 0 0 0 0
2011893243818953 137212166624960 join_end 0 0 0 0 0 0
2011893243819023 137212166624960 book_beg 1 0 0 0 0 0
2011893243819243 137212166624960 batch 175 1 1 2 2 0
2011893243819283 137212166624960 book_end 1 0 0 0 0 0
2011893243819323 137212166624960 coll_beg 0 0 0 0 0 0
2011893244099473 137212166624960 coll_end 0 0 0 0 0 0
2011893244099533 137212166624960 rel_beg 1 0 0 0 0 0
2011893244102163 137212166624960 absorb 175 0 0 0 0 0
2011893244103513 137212166624960 rel_end 1 0 0 0 0 0
2011893244104223 137212166624960 wait_beg 0 0 0 0 0 0
2011893244135302 137212174624640 send 18 0 0 174 172 1
2011893244553847 137212174624640 send 532792 0 0 174 172 1
2011893244878155 137212174624640 send 448952 0 0 174 172 1
2011893244879375 137212174624640 send 14 0 0 174 172 1
2011893244879575 137212174624640 egress 175 1 0 172 0 0
2011893244122452 137212158232256 emit_beg 175 0 0 0 0 0
2011893244125532 137212158232256 dmg 0 1 0 0 1920 1080
2011893244125732 137212158232256 enc 174 174 1 -1 -1 0
2011893244188650 137212158232256 emit_end 175 0 0 0 0 0
2011893267727050 137212174624640 cliack 173 0 174 175 0 0
2011893267727140 137212174624640 ackregion 174 175 175 173 1 0
2011893271610839 137212166624960 wait_end 0 0 0 0 0 0
2011893271615758 137212166624960 drain_beg 0 0 0 0 0 0
2011893271616288 137212166624960 drain_end 1 0 0 0 0 0
2011893271616458 137212166624960 take 176 0 0 0 0 0
2011893271617258 137212166624960 subm_beg 1 0 0 0 0 0
2011893271618898 137212166624960 submit 176 0 0 0 0 0
2011893271619048 137212166624960 subm_end 1 0 0 0 0 0
2011893271619108 137212166624960 pump_beg 1 0 0 0 0 0
2011893271923267 137212166624960 feedend 175 0 0 0 0 0
2011893272083651 137212166624960 feedend 175 1 0 0 0 0
2011893278789666 137212166624960 outfirst 175 1 65536 0 0 0
2011893271580850 137212174624640 msgin 176 12533760 0 0 0 0
2011893271582300 137212174624640 enq 176 1 0 0 0 0
2011893279491691 137212166624960 outfirst 175 0 65536 0 0 0
2011893279544619 137212166624960 pump_end 1 2 0 0 0 0
2011893279545099 137212166624960 join_beg 1 0 0 0 0 0
2011893279545409 137212166624960 join_end 0 0 0 0 0 0
2011893279545489 137212166624960 book_beg 1 0 0 0 0 0
2011893279545809 137212166624960 batch 176 1 1 2 2 0
2011893279545969 137212166624960 book_end 1 0 0 0 0 0
2011893279546119 137212166624960 coll_beg 0 0 0 0 0 0
2011893279728522 137212166624960 coll_end 0 0 0 0 0 0
2011893279728682 137212166624960 rel_beg 1 0 0 0 0 0
2011893279729312 137212166624960 absorb 176 0 0 0 0 0
2011893279733042 137212166624960 rel_end 1 0 0 0 0 0
2011893279734222 137212166624960 wait_beg 0 0 0 0 0 0
2011893279772110 137212174624640 send 18 0 0 175 173 1
2011893280222684 137212174624640 send 369167 0 0 175 173 1
2011893280594930 137212174624640 send 323182 0 0 175 173 1
2011893280597080 137212174624640 send 14 0 0 175 173 1
2011893280597580 137212174624640 egress 176 1 0 173 0 0
2011893279751551 137212158232256 emit_beg 176 0 0 0 0 0
2011893279756321 137212158232256 dmg 0 1 0 0 1920 1080
2011893279756581 137212158232256 enc 175 175 1 -1 -1 0
2011893279802369 137212158232256 emit_end 176 0 0 0 0 0
2011893296316506 137212174624640 cliack 174 0 175 176 0 0
2011893296316646 137212174624640 ackregion 175 176 176 174 1 0
2011893300082199 137212166624960 wait_end 0 0 0 0 0 0
2011893300085988 137212166624960 drain_beg 0 0 0 0 0 0
2011893300086688 137212166624960 drain_end 1 0 0 0 0 0
2011893300086998 137212166624960 take 177 0 0 0 0 0
2011893300087668 137212166624960 subm_beg 1 0 0 0 0 0
2011893300089588 137212166624960 submit 177 0 0 0 0 0
2011893300089708 137212166624960 subm_end 1 0 0 0 0 0
2011893300089758 137212166624960 pump_beg 1 0 0 0 0 0
2011893300374378 137212166624960 feedend 176 0 0 0 0 0
2011893300513443 137212166624960 feedend 176 1 0 0 0 0
2011893307246877 137212166624960 outfirst 176 1 65536 0 0 0
2011893308196172 137212166624960 outfirst 176 0 65536 0 0 0
2011893308242531 137212166624960 pump_end 1 2 0 0 0 0
2011893308242701 137212166624960 join_beg 1 0 0 0 0 0
2011893308242981 137212166624960 join_end 0 0 0 0 0 0
2011893308243051 137212166624960 book_beg 1 0 0 0 0 0
2011893308243321 137212166624960 batch 177 1 1 2 2 0
2011893308243441 137212166624960 book_end 1 0 0 0 0 0
2011893308243561 137212166624960 coll_beg 0 0 0 0 0 0
2011893308412204 137212166624960 coll_end 0 0 0 0 0 0
2011893308412254 137212166624960 rel_beg 1 0 0 0 0 0
2011893308412714 137212166624960 absorb 177 0 0 0 0 0
2011893308415164 137212166624960 rel_end 1 0 0 0 0 0
2011893308415974 137212166624960 wait_beg 0 0 0 0 0 0
2011893300066799 137212174624640 msgin 177 12533760 0 0 0 0
2011893300068239 137212174624640 enq 177 1 0 0 0 0
2011893308430664 137212174624640 send 18 0 0 176 174 1
2011893308729753 137212174624640 send 386523 0 0 176 174 1
2011893308971614 137212174624640 send 332943 0 0 176 174 1
2011893308972724 137212174624640 send 14 0 0 176 174 1
2011893308972964 137212174624640 egress 177 1 0 174 0 0
2011893308420944 137212158232256 emit_beg 177 0 0 0 0 0
2011893308422384 137212158232256 dmg 0 1 0 0 1920 1080
2011893308422444 137212158232256 enc 176 176 1 -1 -1 0
2011893308457733 137212158232256 emit_end 177 0 0 0 0 0
2011893338808124 137212174624640 cliack 175 0 176 177 0 0
2011893338808324 137212174624640 ackregion 176 177 177 175 1 0
2011893343666847 137212166624960 wait_end 0 0 0 0 0 0
2011893343671367 137212166624960 drain_beg 0 0 0 0 0 0
2011893343671857 137212166624960 drain_end 1 0 0 0 0 0
2011893343672037 137212166624960 take 178 0 0 0 0 0
2011893343672537 137212166624960 subm_beg 1 0 0 0 0 0
2011893343674106 137212166624960 submit 178 0 0 0 0 0
2011893343674246 137212166624960 subm_end 1 0 0 0 0 0
2011893343674276 137212166624960 pump_beg 1 0 0 0 0 0
2011893343959096 137212166624960 feedend 177 0 0 0 0 0
2011893344122570 137212166624960 feedend 177 1 0 0 0 0
2011893343640328 137212174624640 msgin 178 12533760 0 0 0 0
2011893343642908 137212174624640 enq 178 1 0 0 0 0
2011893350663091 137212166624960 outfirst 177 1 65536 0 0 0
2011893351701703 137212166624960 outfirst 177 0 65536 0 0 0
2011893351753091 137212166624960 pump_end 1 2 0 0 0 0
2011893351753281 137212166624960 join_beg 1 0 0 0 0 0
2011893351753481 137212166624960 join_end 0 0 0 0 0 0
2011893351753521 137212166624960 book_beg 1 0 0 0 0 0
2011893351753741 137212166624960 batch 178 1 1 2 2 0
2011893351753791 137212166624960 book_end 1 0 0 0 0 0
2011893351753841 137212166624960 coll_beg 0 0 0 0 0 0
2011893351935085 137212166624960 coll_end 0 0 0 0 0 0
2011893351935265 137212166624960 rel_beg 1 0 0 0 0 0
2011893351935785 137212166624960 absorb 178 0 0 0 0 0
2011893351939765 137212166624960 rel_end 1 0 0 0 0 0
2011893351940875 137212166624960 wait_beg 0 0 0 0 0 0
2011893351968194 137212174624640 send 18 0 0 177 175 1
2011893352410977 137212174624640 send 377210 0 0 177 175 1
2011893352770574 137212174624640 send 310224 0 0 177 175 1
2011893352772374 137212174624640 send 14 0 0 177 175 1
2011893352772634 137212174624640 egress 178 1 0 175 0 0
2011893351946054 137212158232256 emit_beg 178 0 0 0 0 0
2011893351947094 137212158232256 dmg 0 1 0 0 1920 1080
2011893351947244 137212158232256 enc 177 177 1 -1 -1 0
2011893351981163 137212158232256 emit_end 178 0 0 0 0 0
2011893368779660 137212174624640 cliack 176 0 177 178 0 0
2011893368779760 137212174624640 ackregion 177 178 178 176 1 0
2011893370680040 137212166624960 wait_end 0 0 0 0 0 0
2011893370682370 137212166624960 drain_beg 0 0 0 0 0 0
2011893370682600 137212166624960 drain_end 1 0 0 0 0 0
2011893370682800 137212166624960 take 179 0 0 0 0 0
2011893370683000 137212166624960 subm_beg 1 0 0 0 0 0
2011893370683890 137212166624960 submit 179 0 0 0 0 0
2011893370683930 137212166624960 subm_end 1 0 0 0 0 0
2011893370683960 137212166624960 pump_beg 1 0 0 0 0 0
2011893371011568 137212166624960 feedend 178 0 0 0 0 0
2011893371121964 137212166624960 feedend 178 1 0 0 0 0
2011893379387342 137212166624960 outfirst 178 1 65536 0 0 0
2011893370672251 137212174624640 msgin 179 12533760 0 0 0 0
2011893370672641 137212174624640 enq 179 1 0 0 0 0
2011893380541470 137212166624960 outfirst 178 0 65536 0 0 0
2011893380652506 137212166624960 pump_end 1 2 0 0 0 0
2011893380652596 137212166624960 join_beg 1 0 0 0 0 0
2011893380652646 137212166624960 join_end 0 0 0 0 0 0
2011893380652696 137212166624960 book_beg 1 0 0 0 0 0
2011893380652826 137212166624960 batch 179 1 1 2 2 0
2011893380652866 137212166624960 book_end 1 0 0 0 0 0
2011893380652886 137212166624960 coll_beg 0 0 0 0 0 0
2011893380921076 137212166624960 coll_end 0 0 0 0 0 0
2011893380921136 137212166624960 rel_beg 1 0 0 0 0 0
2011893380921236 137212166624960 absorb 179 0 0 0 0 0
2011893380923066 137212166624960 rel_end 1 0 0 0 0 0
2011893380923936 137212166624960 wait_beg 0 0 0 0 0 0
2011893380957185 137212174624640 send 18 0 0 178 176 1
2011893381393559 137212174624640 send 554822 0 0 178 176 1
2011893381758896 137212174624640 send 501906 0 0 178 176 1
2011893381760176 137212174624640 send 14 0 0 178 176 1
2011893381760566 137212174624640 egress 179 1 0 176 0 0
2011893380939616 137212158232256 emit_beg 179 0 0 0 0 0
2011893380943445 137212158232256 dmg 0 1 0 0 1920 1080
2011893380943545 137212158232256 enc 178 178 1 -1 -1 0
2011893381018073 137212158232256 emit_end 179 0 0 0 0 0
2011893399802857 137212174624640 cliack 177 0 178 179 0 0
2011893399802967 137212174624640 ackregion 178 179 179 177 1 0
2011893403349197 137212166624960 wait_end 0 0 0 0 0 0
2011893403353937 137212166624960 drain_beg 0 0 0 0 0 0
2011893403354387 137212166624960 drain_end 1 0 0 0 0 0
2011893403354557 137212166624960 take 180 0 0 0 0 0
2011893403355057 137212166624960 subm_beg 1 0 0 0 0 0
2011893403357087 137212166624960 submit 180 0 0 0 0 0
2011893403357237 137212166624960 subm_end 1 0 0 0 0 0
2011893403357267 137212166624960 pump_beg 1 0 0 0 0 0
2011893403662236 137212166624960 feedend 179 0 0 0 0 0
2011893403812780 137212166624960 feedend 179 1 0 0 0 0
2011893403329458 137212174624640 msgin 180 12533760 0 0 0 0
2011893403331958 137212174624640 enq 180 1 0 0 0 0
2011893410539455 137212166624960 outfirst 179 1 65536 0 0 0
2011893411536688 137212166624960 outfirst 179 0 65536 0 0 0
2011893411582506 137212166624960 pump_end 1 2 0 0 0 0
2011893411582716 137212166624960 join_beg 1 0 0 0 0 0
2011893411582916 137212166624960 join_end 0 0 0 0 0 0
2011893411583046 137212166624960 book_beg 1 0 0 0 0 0
2011893411583266 137212166624960 batch 180 1 1 2 2 0
2011893411583296 137212166624960 book_end 1 0 0 0 0 0
2011893411583316 137212166624960 coll_beg 0 0 0 0 0 0
2011893411754660 137212166624960 coll_end 0 0 0 0 0 0
2011893411754760 137212166624960 rel_beg 1 0 0 0 0 0
2011893411755060 137212166624960 absorb 180 0 0 0 0 0
2011893411757840 137212166624960 rel_end 1 0 0 0 0 0
2011893411758690 137212166624960 wait_beg 0 0 0 0 0 0
2011893411783159 137212174624640 send 18 0 0 179 177 1
2011893412091678 137212174624640 send 389314 0 0 179 177 1
2011893412341049 137212174624640 send 334420 0 0 179 177 1
2011893412342469 137212174624640 send 14 0 0 179 177 1
2011893412342769 137212174624640 egress 180 1 0 177 0 0
2011893411770780 137212158232256 emit_beg 180 0 0 0 0 0
2011893411773609 137212158232256 dmg 0 1 0 0 1920 1080
2011893411773659 137212158232256 enc 179 179 1 -1 -1 0
2011893411808828 137212158232256 emit_end 180 0 0 0 0 0
2011893429547950 137212174624640 cliack 178 0 179 180 0 0
2011893429548040 137212174624640 ackregion 179 180 180 178 1 0
2011893430544784 137212166624960 wait_end 0 0 0 0 0 0
2011893430546574 137212166624960 drain_beg 0 0 0 0 0 0
2011893430546794 137212166624960 drain_end 1 0 0 0 0 0
2011893430546934 137212166624960 take 181 0 0 0 0 0
2011893430547174 137212166624960 subm_beg 1 0 0 0 0 0
2011893430547514 137212166624960 submit 181 0 0 0 0 0
2011893430547614 137212166624960 subm_end 1 0 0 0 0 0
2011893430547664 137212166624960 pump_beg 1 0 0 0 0 0
2011893430829763 137212166624960 feedend 180 0 0 0 0 0
2011893430934010 137212166624960 feedend 180 1 0 0 0 0
2011893437639975 137212166624960 outfirst 180 1 65536 0 0 0
2011893438689066 137212166624960 outfirst 180 0 65536 0 0 0
2011893438765454 137212166624960 pump_end 1 2 0 0 0 0
2011893438765534 137212166624960 join_beg 1 0 0 0 0 0
2011893438765584 137212166624960 join_end 0 0 0 0 0 0
2011893438765624 137212166624960 book_beg 1 0 0 0 0 0
2011893438765784 137212166624960 batch 181 1 1 2 2 0
2011893438765804 137212166624960 book_end 1 0 0 0 0 0
2011893438765834 137212166624960 coll_beg 0 0 0 0 0 0
2011893438944357 137212166624960 coll_end 0 0 0 0 0 0
2011893438944407 137212166624960 rel_beg 1 0 0 0 0 0
2011893438944497 137212166624960 absorb 181 0 0 0 0 0
2011893438945977 137212166624960 rel_end 1 0 0 0 0 0
2011893438946517 137212166624960 wait_beg 0 0 0 0 0 0
2011893430537854 137212174624640 msgin 181 12533760 0 0 0 0
2011893430538504 137212174624640 enq 181 1 0 0 0 0
2011893438975546 137212174624640 send 18 0 0 180 178 1
2011893439292184 137212174624640 send 397383 0 0 180 178 1
2011893439543175 137212174624640 send 337154 0 0 180 178 1
2011893439544345 137212174624640 send 14 0 0 180 178 1
2011893439544645 137212174624640 egress 181 1 0 178 0 0
2011893438963826 137212158232256 emit_beg 181 0 0 0 0 0
2011893438967036 137212158232256 dmg 0 1 0 0 1920 1080
2011893438967106 137212158232256 enc 180 180 1 -1 -1 0
2011893439017184 137212158232256 emit_end 181 0 0 0 0 0
2011893477267157 137212166624960 wait_end 0 0 0 0 0 0
2011893477269347 137212166624960 drain_beg 0 0 0 0 0 0
2011893477269657 137212166624960 drain_end 1 0 0 0 0 0
2011893477269797 137212166624960 take 182 0 0 0 0 0
2011893477270097 137212166624960 subm_beg 1 0 0 0 0 0
2011893477270517 137212166624960 submit 182 0 0 0 0 0
2011893477270677 137212166624960 subm_end 1 0 0 0 0 0
2011893477270707 137212166624960 pump_beg 1 0 0 0 0 0
2011893477584036 137212166624960 feedend 181 0 0 0 0 0
2011893477690032 137212166624960 feedend 181 1 0 0 0 0
2011893475332658 137212174624640 cliack 179 0 180 181 0 0
2011893475332808 137212174624640 ackregion 180 181 181 179 1 0
2011893477248878 137212174624640 msgin 182 12533760 0 0 0 0
2011893477249258 137212174624640 enq 182 1 0 0 0 0
2011893484448305 137212166624960 outfirst 181 1 65536 0 0 0
2011893485536135 137212166624960 outfirst 181 0 65536 0 0 0
2011893485605203 137212166624960 pump_end 1 2 0 0 0 0
2011893485605283 137212166624960 join_beg 1 0 0 0 0 0
2011893485605373 137212166624960 join_end 0 0 0 0 0 0
2011893485605403 137212166624960 book_beg 1 0 0 0 0 0
2011893485605763 137212166624960 batch 182 1 1 2 2 0
2011893485605813 137212166624960 book_end 1 0 0 0 0 0
2011893485605843 137212166624960 coll_beg 0 0 0 0 0 0
2011893485794756 137212166624960 coll_end 0 0 0 0 0 0
2011893485794816 137212166624960 rel_beg 1 0 0 0 0 0
2011893485795086 137212166624960 absorb 182 0 0 0 0 0
2011893485796796 137212166624960 rel_end 1 0 0 0 0 0
2011893485797716 137212166624960 wait_beg 0 0 0 0 0 0
2011893485837804 137212174624640 send 18 0 0 181 179 1
2011893486357485 137212174624640 send 403863 0 0 181 179 1
2011893486736322 137212174624640 send 336874 0 0 181 179 1
2011893486738252 137212174624640 send 14 0 0 181 179 1
2011893486738792 137212174624640 egress 182 1 0 179 0 0
2011893485816675 137212158232256 emit_beg 182 0 0 0 0 0
2011893485819765 137212158232256 dmg 0 1 0 0 1920 1080
2011893485820055 137212158232256 enc 181 181 1 -1 -1 0
2011893485870473 137212158232256 emit_end 182 0 0 0 0 0
2011893509699103 137212166624960 wait_end 0 0 0 0 0 0
2011893509704573 137212166624960 drain_beg 0 0 0 0 0 0
2011893509705243 137212166624960 drain_end 1 0 0 0 0 0
2011893509705563 137212166624960 take 183 0 0 0 0 0
2011893509706523 137212166624960 subm_beg 1 0 0 0 0 0
2011893509708183 137212166624960 submit 183 0 0 0 0 0
2011893509708343 137212166624960 subm_end 1 0 0 0 0 0
2011893509708433 137212166624960 pump_beg 1 0 0 0 0 0
2011893510018531 137212166624960 feedend 182 0 0 0 0 0
2011893510207904 137212166624960 feedend 182 1 0 0 0 0
2011893506457641 137212174624640 cliack 180 0 181 182 0 0
2011893506457881 137212174624640 ackregion 181 182 182 180 1 0
2011893509665034 137212174624640 msgin 183 12533760 0 0 0 0
2011893509667714 137212174624640 enq 183 1 0 0 0 0
2011893517261147 137212166624960 outfirst 182 1 65536 0 0 0
2011893518304039 137212166624960 outfirst 182 0 65536 0 0 0
2011893518393045 137212166624960 pump_end 1 2 0 0 0 0
2011893518393235 137212166624960 join_beg 1 0 0 0 0 0
2011893518393565 137212166624960 join_end 0 0 0 0 0 0
2011893518393725 137212166624960 book_beg 1 0 0 0 0 0
2011893518393995 137212166624960 batch 183 1 1 2 2 0
2011893518394145 137212166624960 book_end 1 0 0 0 0 0
2011893518394295 137212166624960 coll_beg 0 0 0 0 0 0
2011893518586748 137212166624960 coll_end 0 0 0 0 0 0
2011893518586908 137212166624960 rel_beg 1 0 0 0 0 0
2011893518587188 137212166624960 absorb 183 0 0 0 0 0
2011893518590288 137212166624960 rel_end 1 0 0 0 0 0
2011893518591048 137212166624960 wait_beg 0 0 0 0 0 0
2011893518624357 137212174624640 send 18 0 0 182 180 1
2011893518963435 137212174624640 send 430164 0 0 182 180 1
2011893519228225 137212174624640 send 368664 0 0 182 180 1
2011893519229445 137212174624640 send 14 0 0 182 180 1
2011893519229645 137212174624640 egress 183 1 0 180 0 0
2011893518609988 137212158232256 emit_beg 183 0 0 0 0 0
2011893518616277 137212158232256 dmg 0 1 0 0 1920 1080
2011893518616407 137212158232256 enc 182 182 1 -1 -1 0
2011893518668835 137212158232256 emit_end 183 0 0 0 0 0
2011893538347297 137212174624640 cliack 181 0 182 183 0 0
2011893538347377 137212174624640 ackregion 182 183 183 181 1 0
2011893543537867 137212166624960 wait_end 0 0 0 0 0 0
2011893543542007 137212166624960 drain_beg 0 0 0 0 0 0
2011893543542297 137212166624960 drain_end 1 0 0 0 0 0
2011893543542447 137212166624960 take 184 0 0 0 0 0
2011893543543047 137212166624960 subm_beg 1 0 0 0 0 0
2011893543543727 137212166624960 submit 184 0 0 0 0 0
2011893543543897 137212166624960 subm_end 1 0 0 0 0 0
2011893543543997 137212166624960 pump_beg 1 0 0 0 0 0
2011893543830656 137212166624960 feedend 183 0 0 0 0 0
2011893543978451 137212166624960 feedend 183 1 0 0 0 0
2011893551077612 137212166624960 outfirst 183 1 65536 0 0 0
2011893543511648 137212174624640 msgin 184 12533760 0 0 0 0
2011893543512348 137212174624640 enq 184 1 0 0 0 0
2011893552144203 137212166624960 outfirst 183 0 65536 0 0 0
2011893552245399 137212166624960 pump_end 1 2 0 0 0 0
2011893552245639 137212166624960 join_beg 1 0 0 0 0 0
2011893552245939 137212166624960 join_end 0 0 0 0 0 0
2011893552245999 137212166624960 book_beg 1 0 0 0 0 0
2011893552246209 137212166624960 batch 184 1 1 2 2 0
2011893552246369 137212166624960 book_end 1 0 0 0 0 0
2011893552246499 137212166624960 coll_beg 0 0 0 0 0 0
2011893552447702 137212166624960 coll_end 0 0 0 0 0 0
2011893552447852 137212166624960 rel_beg 1 0 0 0 0 0
2011893552448182 137212166624960 absorb 184 0 0 0 0 0
2011893552451222 137212166624960 rel_end 1 0 0 0 0 0
2011893552452092 137212166624960 wait_beg 0 0 0 0 0 0
2011893552481700 137212174624640 send 18 0 0 183 181 1
2011893552855417 137212174624640 send 444832 0 0 183 181 1
2011893553287711 137212174624640 send 376718 0 0 183 181 1
2011893553289711 137212174624640 send 14 0 0 183 181 1
2011893553290011 137212174624640 egress 184 1 0 181 0 0
2011893552468641 137212158232256 emit_beg 184 0 0 0 0 0
2011893552472641 137212158232256 dmg 0 1 0 0 1920 1080
2011893552472721 137212158232256 enc 183 183 1 -1 -1 0
2011893552524669 137212158232256 emit_end 184 0 0 0 0 0
2011893570249881 137212174624640 cliack 182 0 183 184 0 0
2011893570250011 137212174624640 ackregion 183 184 184 182 1 0
2011893575446352 137212166624960 wait_end 0 0 0 0 0 0
2011893575449232 137212166624960 drain_beg 0 0 0 0 0 0
2011893575449662 137212166624960 drain_end 1 0 0 0 0 0
2011893575449822 137212166624960 take 185 0 0 0 0 0
2011893575450142 137212166624960 subm_beg 1 0 0 0 0 0
2011893575450902 137212166624960 submit 185 0 0 0 0 0
2011893575451042 137212166624960 subm_end 1 0 0 0 0 0
2011893575451072 137212166624960 pump_beg 1 0 0 0 0 0
2011893575739731 137212166624960 feedend 184 0 0 0 0 0
2011893575889655 137212166624960 feedend 184 1 0 0 0 0
2011893575420153 137212174624640 msgin 185 12533760 0 0 0 0
2011893575420663 137212174624640 enq 185 1 0 0 0 0
2011893582726256 137212166624960 outfirst 184 1 65536 0 0 0
2011893583779917 137212166624960 outfirst 184 0 65536 0 0 0
2011893583828596 137212166624960 pump_end 1 2 0 0 0 0
2011893583828786 137212166624960 join_beg 1 0 0 0 0 0
2011893583829096 137212166624960 join_end 0 0 0 0 0 0
2011893583829256 137212166624960 book_beg 1 0 0 0 0 0
2011893583829426 137212166624960 batch 185 1 1 2 2 0
2011893583829526 137212166624960 book_end 1 0 0 0 0 0
2011893583829616 137212166624960 coll_beg 0 0 0 0 0 0
2011893584013809 137212166624960 coll_end 0 0 0 0 0 0
2011893584013929 137212166624960 rel_beg 1 0 0 0 0 0
2011893584014229 137212166624960 absorb 185 0 0 0 0 0
2011893584026328 137212166624960 rel_end 1 0 0 0 0 0
2011893584027548 137212166624960 wait_beg 0 0 0 0 0 0
2011893584119895 137212174624640 send 18 0 0 184 182 1
2011893584646916 137212174624640 send 420364 0 0 184 182 1
2011893585007383 137212174624640 send 350543 0 0 184 182 1
2011893585008852 137212174624640 send 14 0 0 184 182 1
2011893585009692 137212174624640 egress 185 1 0 182 0 0
2011893584045728 137212158232256 emit_beg 185 0 0 0 0 0
2011893584048458 137212158232256 dmg 0 1 0 0 1920 1080
2011893584048568 137212158232256 enc 184 184 1 -1 -1 0
2011893584097496 137212158232256 emit_end 185 0 0 0 0 0
2011893607212842 137212166624960 wait_end 0 0 0 0 0 0
2011893607216741 137212166624960 drain_beg 0 0 0 0 0 0
2011893607217141 137212166624960 drain_end 1 0 0 0 0 0
2011893607217451 137212166624960 take 186 0 0 0 0 0
2011893607218071 137212166624960 subm_beg 1 0 0 0 0 0
2011893607219641 137212166624960 submit 186 0 0 0 0 0
2011893607219811 137212166624960 subm_end 1 0 0 0 0 0
2011893607219891 137212166624960 pump_beg 1 0 0 0 0 0
2011893607524480 137212166624960 feedend 185 0 0 0 0 0
2011893607712233 137212166624960 feedend 185 1 0 0 0 0
2011893604799780 137212174624640 cliack 183 0 184 185 0 0
2011893604800080 137212174624640 ackregion 184 185 185 183 1 0
2011893607186832 137212174624640 msgin 186 12533760 0 0 0 0
2011893607187752 137212174624640 enq 186 1 0 0 0 0
2011893614306472 137212166624960 outfirst 185 1 65536 0 0 0
2011893615343065 137212166624960 outfirst 185 0 65536 0 0 0
2011893615388593 137212166624960 pump_end 1 2 0 0 0 0
2011893615392033 137212166624960 join_beg 1 0 0 0 0 0
2011893615392383 137212166624960 join_end 0 0 0 0 0 0
2011893615392483 137212166624960 book_beg 1 0 0 0 0 0
2011893615392773 137212166624960 batch 186 1 1 2 2 0
2011893615392803 137212166624960 book_end 1 0 0 0 0 0
2011893615392843 137212166624960 coll_beg 0 0 0 0 0 0
2011893615581716 137212166624960 coll_end 0 0 0 0 0 0
2011893615581776 137212166624960 rel_beg 1 0 0 0 0 0
2011893615582106 137212166624960 absorb 186 0 0 0 0 0
2011893615586286 137212166624960 rel_end 1 0 0 0 0 0
2011893615587556 137212166624960 wait_beg 0 0 0 0 0 0
2011893615628144 137212174624640 send 18 0 0 185 183 1
2011893615934833 137212174624640 send 388844 0 0 185 183 1
2011893616168844 137212174624640 send 320133 0 0 185 183 1
2011893616170104 137212174624640 send 14 0 0 185 183 1
2011893616170344 137212174624640 egress 186 1 0 183 0 0
2011893615605185 137212158232256 emit_beg 186 0 0 0 0 0
2011893615609855 137212158232256 dmg 0 1 0 0 1920 1080
2011893615610055 137212158232256 enc 185 185 1 -1 -1 0
2011893615662893 137212158232256 emit_end 186 0 0 0 0 0
2011893640325772 137212174624640 cliack 184 0 185 186 0 0
2011893640325902 137212174624640 ackregion 185 186 186 184 1 0
2011893645811632 137212166624960 wait_end 0 0 0 0 0 0
2011893645816751 137212166624960 drain_beg 0 0 0 0 0 0
2011893645817291 137212166624960 drain_end 1 0 0 0 0 0
2011893645817751 137212166624960 take 187 0 0 0 0 0
2011893645819091 137212166624960 subm_beg 1 0 0 0 0 0
2011893645821281 137212166624960 submit 187 0 0 0 0 0
2011893645821441 137212166624960 subm_end 1 0 0 0 0 0
2011893645821511 137212166624960 pump_beg 1 0 0 0 0 0
2011893646127690 137212166624960 feedend 186 0 0 0 0 0
2011893646330633 137212166624960 feedend 186 1 0 0 0 0
2011893645779873 137212174624640 msgin 187 12533760 0 0 0 0
2011893645781453 137212174624640 enq 187 1 0 0 0 0
2011893653109005 137212166624960 outfirst 186 1 65536 0 0 0
2011893654553432 137212166624960 outfirst 186 0 65536 0 0 0
2011893654609610 137212166624960 pump_end 1 2 0 0 0 0
2011893654609870 137212166624960 join_beg 1 0 0 0 0 0
2011893654610130 137212166624960 join_end 0 0 0 0 0 0
2011893654610190 137212166624960 book_beg 1 0 0 0 0 0
2011893654610490 137212166624960 batch 187 1 1 2 2 0
2011893654610540 137212166624960 book_end 1 0 0 0 0 0
2011893654610600 137212166624960 coll_beg 0 0 0 0 0 0
2011893654820373 137212166624960 coll_end 0 0 0 0 0 0
2011893654820513 137212166624960 rel_beg 1 0 0 0 0 0
2011893654820833 137212166624960 absorb 187 0 0 0 0 0
2011893654824463 137212166624960 rel_end 1 0 0 0 0 0
2011893654825463 137212166624960 wait_beg 0 0 0 0 0 0
2011893654840312 137212174624640 send 18 0 0 186 184 1
2011893655210878 137212174624640 send 452837 0 0 186 184 1
2011893655465949 137212174624640 send 347783 0 0 186 184 1
2011893655467129 137212174624640 send 14 0 0 186 184 1
2011893655467359 137212174624640 egress 187 1 0 184 0 0
2011893654830782 137212158232256 emit_beg 187 0 0 0 0 0
2011893654832372 137212158232256 dmg 0 1 0 0 1920 1080
2011893654832432 137212158232256 enc 186 186 1 -1 -1 0
2011893654880001 137212158232256 emit_end 187 0 0 0 0 0
2011893675469859 137212166624960 wait_end 0 0 0 0 0 0
2011893675472708 137212166624960 drain_beg 0 0 0 0 0 0
2011893675473038 137212166624960 drain_end 1 0 0 0 0 0
2011893675473358 137212166624960 take 188 0 0 0 0 0
2011893675473738 137212166624960 subm_beg 1 0 0 0 0 0
2011893675474778 137212166624960 submit 188 0 0 0 0 0
2011893675474818 137212166624960 subm_end 1 0 0 0 0 0
2011893675474868 137212166624960 pump_beg 1 0 0 0 0 0
2011893675780677 137212166624960 feedend 187 0 0 0 0 0
2011893675945531 137212166624960 feedend 187 1 0 0 0 0
2011893673584267 137212174624640 cliack 185 0 186 187 0 0
2011893673584397 137212174624640 ackregion 186 187 187 185 1 0
2011893675447339 137212174624640 msgin 188 12533760 0 0 0 0
2011893675447649 137212174624640 enq 188 1 0 0 0 0
2011893683068111 137212166624960 outfirst 187 1 65536 0 0 0
2011893683642910 137212166624960 outfirst 187 0 65536 0 0 0
2011893683731157 137212166624960 pump_end 1 2 0 0 0 0
2011893683731707 137212166624960 join_beg 1 0 0 0 0 0
2011893683731927 137212166624960 join_end 0 0 0 0 0 0
2011893683732307 137212166624960 book_beg 1 0 0 0 0 0
2011893683732657 137212166624960 batch 188 1 1 2 2 0
2011893683732677 137212166624960 book_end 1 0 0 0 0 0
2011893683732707 137212166624960 coll_beg 0 0 0 0 0 0
2011893684014237 137212166624960 coll_end 0 0 0 0 0 0
2011893684014307 137212166624960 rel_beg 1 0 0 0 0 0
2011893684014507 137212166624960 absorb 188 0 0 0 0 0
2011893684016526 137212166624960 rel_end 1 0 0 0 0 0
2011893684017986 137212166624960 wait_beg 0 0 0 0 0 0
2011893684035286 137212174624640 send 18 0 0 187 185 1
2011893684363344 137212174624640 send 397103 0 0 187 185 1
2011893684625324 137212174624640 send 359893 0 0 187 185 1
2011893684626464 137212174624640 send 14 0 0 187 185 1
2011893684626734 137212174624640 egress 188 1 0 185 0 0
2011893684024656 137212158232256 emit_beg 188 0 0 0 0 0
2011893684027016 137212158232256 dmg 0 1 0 0 1920 1080
2011893684027256 137212158232256 enc 187 187 1 -1 -1 0
2011893684091884 137212158232256 emit_end 188 0 0 0 0 0
2011893707267687 137212166624960 wait_end 0 0 0 0 0 0
2011893707272527 137212166624960 drain_beg 0 0 0 0 0 0
2011893707273387 137212166624960 drain_end 1 0 0 0 0 0
2011893707273667 137212166624960 take 189 0 0 0 0 0
2011893707274667 137212166624960 subm_beg 1 0 0 0 0 0
2011893707276357 137212166624960 submit 189 0 0 0 0 0
2011893707276517 137212166624960 subm_end 1 0 0 0 0 0
2011893707276597 137212166624960 pump_beg 1 0 0 0 0 0
2011893707596465 137212166624960 feedend 188 0 0 0 0 0
2011893707812037 137212166624960 feedend 188 1 0 0 0 0
2011893704192990 137212174624640 cliack 186 0 187 188 0 0
2011893704193250 137212174624640 ackregion 187 188 188 186 1 0
2011893707248618 137212174624640 msgin 189 12533760 0 0 0 0
2011893707250398 137212174624640 enq 189 1 0 0 0 0
2011893715043253 137212166624960 outfirst 188 1 65536 0 0 0
2011893715885363 137212166624960 outfirst 188 0 65536 0 0 0
2011893715942190 137212166624960 pump_end 1 2 0 0 0 0
2011893715942440 137212166624960 join_beg 1 0 0 0 0 0
2011893715943270 137212166624960 join_end 0 0 0 0 0 0
2011893715943350 137212166624960 book_beg 1 0 0 0 0 0
2011893715943920 137212166624960 batch 189 1 1 2 2 0
2011893715944090 137212166624960 book_end 1 0 0 0 0 0
2011893715944260 137212166624960 coll_beg 0 0 0 0 0 0
2011893716157943 137212166624960 coll_end 0 0 0 0 0 0
2011893716158203 137212166624960 rel_beg 1 0 0 0 0 0
2011893716158663 137212166624960 absorb 189 0 0 0 0 0
2011893716163632 137212166624960 rel_end 1 0 0 0 0 0
2011893716165412 137212166624960 wait_beg 0 0 0 0 0 0
2011893716194641 137212174624640 send 18 0 0 188 186 1
2011893716526719 137212174624640 send 433654 0 0 188 186 1
2011893716792189 137212174624640 send 371684 0 0 188 186 1
2011893716793559 137212174624640 send 14 0 0 188 186 1
2011893716793969 137212174624640 egress 189 1 0 186 0 0
2011893716173392 137212158232256 emit_beg 189 0 0 0 0 0
2011893716177922 137212158232256 dmg 0 1 0 0 1920 1080
2011893716178342 137212158232256 enc 188 188 1 -1 -1 0
2011893716227180 137212158232256 emit_end 189 0 0 0 0 0
2011893738854164 137212174624640 cliack 187 0 188 189 0 0
2011893738854384 137212174624640 ackregion 188 189 189 187 1 0
2011893743301371 137212166624960 wait_end 0 0 0 0 0 0
2011893743307081 137212166624960 drain_beg 0 0 0 0 0 0
2011893743319781 137212166624960 drain_end 1 0 0 0 0 0
2011893743320020 137212166624960 take 190 0 0 0 0 0
2011893743320840 137212166624960 subm_beg 1 0 0 0 0 0
2011893743322190 137212166624960 submit 190 0 0 0 0 0
2011893743322240 137212166624960 subm_end 1 0 0 0 0 0
2011893743322290 137212166624960 pump_beg 1 0 0 0 0 0
2011893743623769 137212166624960 feedend 189 0 0 0 0 0
2011893743832352 137212166624960 feedend 189 1 0 0 0 0
2011893750899714 137212166624960 outfirst 189 1 65536 0 0 0
2011893751910107 137212166624960 outfirst 189 0 65536 0 0 0
2011893751969875 137212166624960 pump_end 1 2 0 0 0 0
2011893751970065 137212166624960 join_beg 1 0 0 0 0 0
2011893751970415 137212166624960 join_end 0 0 0 0 0 0
2011893751970475 137212166624960 book_beg 1 0 0 0 0 0
2011893751970735 137212166624960 batch 190 1 1 2 2 0
2011893751970765 137212166624960 book_end 1 0 0 0 0 0
2011893751970795 137212166624960 coll_beg 0 0 0 0 0 0
2011893752169077 137212166624960 coll_end 0 0 0 0 0 0
2011893752169127 137212166624960 rel_beg 1 0 0 0 0 0
2011893752169687 137212166624960 absorb 190 0 0 0 0 0
2011893752173537 137212166624960 rel_end 1 0 0 0 0 0
2011893752175147 137212166624960 wait_beg 0 0 0 0 0 0
2011893743270332 137212174624640 msgin 190 12533760 0 0 0 0
2011893743271642 137212174624640 enq 190 1 0 0 0 0
2011893752199496 137212174624640 send 18 0 0 189 187 1
2011893752182067 137212158232256 emit_beg 190 0 0 0 0 0
2011893752184857 137212158232256 dmg 0 1 0 0 1920 1080
2011893752185277 137212158232256 enc 189 189 1 -1 -1 0
2011893752230365 137212158232256 emit_end 190 0 0 0 0 0
2011893752532194 137212174624640 send 426740 0 0 189 187 1
2011893752801674 137212174624640 send 363995 0 0 189 187 1
2011893752803014 137212174624640 send 14 0 0 189 187 1
2011893752803704 137212174624640 egress 190 1 0 187 0 0
2011893771619437 137212174624640 cliack 188 0 189 190 0 0
2011893771619617 137212174624640 ackregion 189 190 190 188 1 0
2011893774128775 137212166624960 wait_end 0 0 0 0 0 0
2011893774133745 137212166624960 drain_beg 0 0 0 0 0 0
2011893774134335 137212166624960 drain_end 1 0 0 0 0 0
2011893774134565 137212166624960 take 191 0 0 0 0 0
2011893774135305 137212166624960 subm_beg 1 0 0 0 0 0
2011893774136415 137212166624960 submit 191 0 0 0 0 0
2011893774136575 137212166624960 subm_end 1 0 0 0 0 0
2011893774136645 137212166624960 pump_beg 1 0 0 0 0 0
2011893774455593 137212166624960 feedend 190 0 0 0 0 0
2011893774676605 137212166624960 feedend 190 1 0 0 0 0
2011893781496586 137212166624960 outfirst 190 1 65536 0 0 0
2011893774100946 137212174624640 msgin 191 12533760 0 0 0 0
2011893774102496 137212174624640 enq 191 1 0 0 0 0
2011893782902465 137212166624960 outfirst 190 0 65536 0 0 0
2011893782978342 137212166624960 pump_end 1 2 0 0 0 0
2011893782978612 137212166624960 join_beg 1 0 0 0 0 0
2011893782978902 137212166624960 join_end 0 0 0 0 0 0
2011893782979012 137212166624960 book_beg 1 0 0 0 0 0
2011893782979502 137212166624960 batch 191 1 1 2 2 0
2011893782979582 137212166624960 book_end 1 0 0 0 0 0
2011893782979672 137212166624960 coll_beg 0 0 0 0 0 0
2011893783272441 137212166624960 coll_end 0 0 0 0 0 0
2011893783272621 137212166624960 rel_beg 1 0 0 0 0 0
2011893783273061 137212166624960 absorb 191 0 0 0 0 0
2011893783277601 137212166624960 rel_end 1 0 0 0 0 0
2011893783279141 137212166624960 wait_beg 0 0 0 0 0 0
2011893783296520 137212174624640 send 18 0 0 190 188 1
2011893783636868 137212174624640 send 436561 0 0 190 188 1
2011893783884569 137212174624640 send 339537 0 0 190 188 1
2011893783885779 137212174624640 send 14 0 0 190 188 1
2011893783886139 137212174624640 egress 191 1 0 188 0 0
2011893783283041 137212158232256 emit_beg 191 0 0 0 0 0
2011893783284001 137212158232256 dmg 0 1 0 0 1920 1080
2011893783284171 137212158232256 enc 190 190 1 -1 -1 0
2011893783333459 137212158232256 emit_end 191 0 0 0 0 0
2011893810398971 137212166624960 wait_end 0 0 0 0 0 0
2011893810404830 137212166624960 drain_beg 0 0 0 0 0 0
2011893810405520 137212166624960 drain_end 1 0 0 0 0 0
2011893810405840 137212166624960 take 192 0 0 0 0 0
2011893810406640 137212166624960 subm_beg 1 0 0 0 0 0
2011893810407590 137212166624960 submit 192 0 0 0 0 0
2011893810407740 137212166624960 subm_end 1 0 0 0 0 0
2011893810407820 137212166624960 pump_beg 1 0 0 0 0 0
2011893810705020 137212166624960 feedend 191 0 0 0 0 0
2011893810915572 137212166624960 feedend 191 1 0 0 0 0
2011893806380467 137212174624640 cliack 189 0 190 191 0 0
2011893806380827 137212174624640 ackregion 190 191 191 189 1 0
2011893810371052 137212174624640 msgin 192 12533760 0 0 0 0
2011893810372702 137212174624640 enq 192 1 0 0 0 0
2011893818671318 137212166624960 outfirst 191 1 65536 0 0 0
2011893819678512 137212166624960 outfirst 191 0 65536 0 0 0
2011893819761129 137212166624960 pump_end 1 2 0 0 0 0
2011893819761409 137212166624960 join_beg 1 0 0 0 0 0
2011893819762059 137212166624960 join_end 0 0 0 0 0 0
2011893819762229 137212166624960 book_beg 1 0 0 0 0 0
2011893819762969 137212166624960 batch 192 1 1 2 2 0
2011893819763009 137212166624960 book_end 1 0 0 0 0 0
2011893819763169 137212166624960 coll_beg 0 0 0 0 0 0
2011893820046008 137212166624960 coll_end 0 0 0 0 0 0
2011893820046138 137212166624960 rel_beg 1 0 0 0 0 0
2011893820046648 137212166624960 absorb 192 0 0 0 0 0
2011893820050578 137212166624960 rel_end 1 0 0 0 0 0
2011893820052428 137212166624960 wait_beg 0 0 0 0 0 0
2011893820100626 137212174624640 send 18 0 0 191 189 1
2011893820502452 137212174624640 send 487353 0 0 191 189 1
2011893820808131 137212174624640 send 421377 0 0 191 189 1
2011893820809460 137212174624640 send 14 0 0 191 189 1
2011893820809880 137212174624640 egress 192 1 0 189 0 0
2011893820071297 137212158232256 emit_beg 192 0 0 0 0 0
2011893820076797 137212158232256 dmg 0 1 0 0 1920 1080
2011893820077027 137212158232256 enc 191 191 1 -1 -1 0
2011893820139155 137212158232256 emit_end 192 0 0 0 0 0
2011893841561483 137212166624960 wait_end 0 0 0 0 0 0
2011893841564262 137212166624960 drain_beg 0 0 0 0 0 0
2011893841564582 137212166624960 drain_end 1 0 0 0 0 0
2011893841564942 137212166624960 take 193 0 0 0 0 0
2011893841565552 137212166624960 subm_beg 1 0 0 0 0 0
2011893841566342 137212166624960 submit 193 0 0 0 0 0
2011893841566592 137212166624960 subm_end 1 0 0 0 0 0
2011893841566622 137212166624960 pump_beg 1 0 0 0 0 0
2011893841935259 137212166624960 feedend 192 0 0 0 0 0
2011893842177110 137212166624960 feedend 192 1 0 0 0 0
2011893840556389 137212174624640 cliack 190 0 191 192 0 0
2011893840556539 137212174624640 ackregion 191 192 192 190 1 0
2011893841542063 137212174624640 msgin 193 12533760 0 0 0 0
2011893841542703 137212174624640 enq 193 1 0 0 0 0
2011893849208393 137212166624960 outfirst 192 1 65536 0 0 0
2011893850149159 137212166624960 outfirst 192 0 65536 0 0 0
2011893850219886 137212166624960 pump_end 1 2 0 0 0 0
2011893850220326 137212166624960 join_beg 1 0 0 0 0 0
2011893850220656 137212166624960 join_end 0 0 0 0 0 0
2011893850220756 137212166624960 book_beg 1 0 0 0 0 0
2011893850229236 137212166624960 batch 193 1 1 2 2 0
2011893850229266 137212166624960 book_end 1 0 0 0 0 0
2011893850229306 137212166624960 coll_beg 0 0 0 0 0 0
2011893850514925 137212166624960 coll_end 0 0 0 0 0 0
2011893850514965 137212166624960 rel_beg 1 0 0 0 0 0
2011893850515455 137212166624960 absorb 193 0 0 0 0 0
2011893850519475 137212166624960 rel_end 1 0 0 0 0 0
2011893850521075 137212166624960 wait_beg 0 0 0 0 0 0
2011893850562124 137212174624640 send 18 0 0 192 190 1
2011893850877722 137212174624640 send 402351 0 0 192 190 1
2011893851145872 137212174624640 send 337847 0 0 192 190 1
2011893851147122 137212174624640 send 14 0 0 192 190 1
2011893851147522 137212174624640 egress 193 1 0 190 0 0
2011893850529545 137212158232256 emit_beg 193 0 0 0 0 0
2011893850536555 137212158232256 dmg 0 1 0 0 1920 1080
2011893850536645 137212158232256 enc 192 192 1 -1 -1 0
2011893850606952 137212158232256 emit_end 193 0 0 0 0 0
2011893874870066 137212166624960 wait_end 0 0 0 0 0 0
2011893874873396 137212166624960 drain_beg 0 0 0 0 0 0
2011893874873906 137212166624960 drain_end 1 0 0 0 0 0
2011893874874146 137212166624960 take 194 0 0 0 0 0
2011893874874556 137212166624960 subm_beg 1 0 0 0 0 0
2011893874875416 137212166624960 submit 194 0 0 0 0 0
2011893874875516 137212166624960 subm_end 1 0 0 0 0 0
2011893874875596 137212166624960 pump_beg 1 0 0 0 0 0
2011893875194524 137212166624960 feedend 193 0 0 0 0 0
2011893875372228 137212166624960 feedend 193 1 0 0 0 0
2011893874034727 137212174624640 cliack 191 0 192 193 0 0
2011893874034877 137212174624640 ackregion 192 193 193 191 1 0
2011893874846267 137212174624640 msgin 194 12533760 0 0 0 0
2011893874846677 137212174624640 enq 194 1 0 0 0 0
2011893883684104 137212166624960 outfirst 193 1 65536 0 0 0
2011893884380389 137212166624960 outfirst 193 0 65536 0 0 0
2011893884467365 137212166624960 pump_end 1 2 0 0 0 0
2011893884467545 137212166624960 join_beg 1 0 0 0 0 0
2011893884467955 137212166624960 join_end 0 0 0 0 0 0
2011893884468015 137212166624960 book_beg 1 0 0 0 0 0
2011893884468395 137212166624960 batch 194 1 1 2 2 0
2011893884468445 137212166624960 book_end 1 0 0 0 0 0
2011893884468495 137212166624960 coll_beg 0 0 0 0 0 0
2011893884736896 137212166624960 coll_end 0 0 0 0 0 0
2011893884737036 137212166624960 rel_beg 1 0 0 0 0 0
2011893884737156 137212166624960 absorb 194 0 0 0 0 0
2011893884738966 137212166624960 rel_end 1 0 0 0 0 0
2011893884739966 137212166624960 wait_beg 0 0 0 0 0 0
2011893884751205 137212174624640 send 18 0 0 193 191 1
2011893885180839 137212174624640 send 542454 0 0 193 191 1
2011893885537136 137212174624640 send 492668 0 0 193 191 1
2011893885538536 137212174624640 send 14 0 0 193 191 1
2011893885538766 137212174624640 egress 194 1 0 191 0 0
2011893884744665 137212158232256 emit_beg 194 0 0 0 0 0
2011893884746195 137212158232256 dmg 0 1 0 0 1920 1080
2011893884746235 137212158232256 enc 193 193 1 -1 -1 0
2011893884803063 137212158232256 emit_end 194 0 0 0 0 0
2011893913343131 137212174624640 cliack 192 0 193 194 0 0
2011893913343221 137212174624640 ackregion 193 194 194 192 1 0
2011893918463614 137212166624960 wait_end 0 0 0 0 0 0
2011893918469474 137212166624960 drain_beg 0 0 0 0 0 0
2011893918470384 137212166624960 drain_end 1 0 0 0 0 0
2011893918470664 137212166624960 take 195 0 0 0 0 0
2011893918471434 137212166624960 subm_beg 1 0 0 0 0 0
2011893918473194 137212166624960 submit 195 0 0 0 0 0
2011893918473404 137212166624960 subm_end 1 0 0 0 0 0
2011893918473434 137212166624960 pump_beg 1 0 0 0 0 0
2011893918798102 137212166624960 feedend 194 0 0 0 0 0
2011893919007374 137212166624960 feedend 194 1 0 0 0 0
2011893918434715 137212174624640 msgin 195 12533760 0 0 0 0
2011893918435675 137212174624640 enq 195 1 0 0 0 0
2011893925710239 137212166624960 outfirst 194 1 65536 0 0 0
2011893926812939 137212166624960 outfirst 194 0 65536 0 0 0
2011893926874757 137212166624960 pump_end 1 2 0 0 0 0
2011893926875067 137212166624960 join_beg 1 0 0 0 0 0
2011893926875457 137212166624960 join_end 0 0 0 0 0 0
2011893926875507 137212166624960 book_beg 1 0 0 0 0 0
2011893926875687 137212166624960 batch 195 1 1 2 2 0
2011893926875717 137212166624960 book_end 1 0 0 0 0 0
2011893926875747 137212166624960 coll_beg 0 0 0 0 0 0
2011893927155546 137212166624960 coll_end 0 0 0 0 0 0
2011893927155636 137212166624960 rel_beg 1 0 0 0 0 0
2011893927156086 137212166624960 absorb 195 0 0 0 0 0
2011893927159746 137212166624960 rel_end 1 0 0 0 0 0
2011893927161656 137212166624960 wait_beg 0 0 0 0 0 0
2011893927183685 137212174624640 send 18 0 0 194 192 1
2011893927508154 137212174624640 send 395212 0 0 194 192 1
2011893927746995 137212174624640 send 326050 0 0 194 192 1
2011893927748135 137212174624640 send 14 0 0 194 192 1
2011893927748605 137212174624640 egress 195 1 0 192 0 0
2011893927171016 137212158232256 emit_beg 195 0 0 0 0 0
2011893927174516 137212158232256 dmg 0 1 0 0 1920 1080
2011893927174686 137212158232256 enc 194 194 1 -1 -1 0
2011893927232554 137212158232256 emit_end 195 0 0 0 0 0
2011893949972463 137212166624960 wait_end 0 0 0 0 0 0
2011893949975893 137212166624960 drain_beg 0 0 0 0 0 0
2011893949976163 137212166624960 drain_end 1 0 0 0 0 0
2011893949976353 137212166624960 take 196 0 0 0 0 0
2011893949977233 137212166624960 subm_beg 1 0 0 0 0 0
2011893949978243 137212166624960 submit 196 0 0 0 0 0
2011893949978633 137212166624960 subm_end 1 0 0 0 0 0
2011893949978693 137212166624960 pump_beg 1 0 0 0 0 0
2011893950295681 137212166624960 feedend 195 0 0 0 0 0
2011893950515593 137212166624960 feedend 195 1 0 0 0 0
2011893945434389 137212174624640 cliack 193 0 194 195 0 0
2011893945434619 137212174624640 ackregion 194 195 195 193 1 0
2011893949945704 137212174624640 msgin 196 12533760 0 0 0 0
2011893949946384 137212174624640 enq 196 1 0 0 0 0
2011893957278256 137212166624960 outfirst 195 1 65536 0 0 0
2011893958430434 137212166624960 outfirst 195 0 65536 0 0 0
2011893958519891 137212166624960 pump_end 1 2 0 0 0 0
2011893958520181 137212166624960 join_beg 1 0 0 0 0 0
2011893958520491 137212166624960 join_end 0 0 0 0 0 0
2011893958520611 137212166624960 book_beg 1 0 0 0 0 0
2011893958520821 137212166624960 batch 196 1 1 2 2 0
2011893958520991 137212166624960 book_end 1 0 0 0 0 0
2011893958521041 137212166624960 coll_beg 0 0 0 0 0 0
2011893958725493 137212166624960 coll_end 0 0 0 0 0 0
2011893958725633 137212166624960 rel_beg 1 0 0 0 0 0
2011893958726093 137212166624960 absorb 196 0 0 0 0 0
2011893958729593 137212166624960 rel_end 1 0 0 0 0 0
2011893958731163 137212166624960 wait_beg 0 0 0 0 0 0
2011893958756422 137212174624640 send 18 0 0 195 193 1
2011893959097930 137212174624640 send 419175 0 0 195 193 1
2011893959345271 137212174624640 send 327747 0 0 195 193 1
2011893959346761 137212174624640 send 14 0 0 195 193 1
2011893959347181 137212174624640 egress 196 1 0 193 0 0
2011893958737143 137212158232256 emit_beg 196 0 0 0 0 0
2011893958740263 137212158232256 dmg 0 1 0 0 1920 1080
2011893958746193 137212158232256 enc 195 195 1 -1 -1 0
2011893958790601 137212158232256 emit_end 196 0 0 0 0 0
2011893990164895 137212174624640 cliack 194 0 195 196 0 0
2011893990165035 137212174624640 ackregion 195 196 196 194 1 0
2011893995544249 137212166624960 wait_end 0 0 0 0 0 0
2011893995548619 137212166624960 drain_beg 0 0 0 0 0 0
2011893995549069 137212166624960 drain_end 1 0 0 0 0 0
2011893995549219 137212166624960 take 197 0 0 0 0 0
2011893995549869 137212166624960 subm_beg 1 0 0 0 0 0
2011893995558098 137212166624960 submit 197 0 0 0 0 0
2011893995558218 137212166624960 subm_end 1 0 0 0 0 0
2011893995558268 137212166624960 pump_beg 1 0 0 0 0 0
2011893995844448 137212166624960 feedend 196 0 0 0 0 0
2011893996072349 137212166624960 feedend 196 1 0 0 0 0
2011894003894674 137212166624960 outfirst 196 1 65536 0 0 0
2011893995517940 137212174624640 msgin 197 12533760 0 0 0 0
2011893995519150 137212174624640 enq 197 1 0 0 0 0
2011894005016643 137212166624960 outfirst 196 0 65536 0 0 0
2011894005118099 137212166624960 pump_end 1 2 0 0 0 0
2011894005118909 137212166624960 join_beg 1 0 0 0 0 0
2011894005119339 137212166624960 join_end 0 0 0 0 0 0
2011894005119549 137212166624960 book_beg 1 0 0 0 0 0
2011894005120229 137212166624960 batch 197 1 1 2 2 0
2011894005120299 137212166624960 book_end 1 0 0 0 0 0
2011894005120359 137212166624960 coll_beg 0 0 0 0 0 0
2011894005519784 137212166624960 coll_end 0 0 0 0 0 0
2011894005519954 137212166624960 rel_beg 1 0 0 0 0 0
2011894005520364 137212166624960 absorb 197 0 0 0 0 0
2011894005523454 137212166624960 rel_end 1 0 0 0 0 0
2011894005524534 137212166624960 wait_beg 0 0 0 0 0 0
2011894005543614 137212174624640 send 18 0 0 196 194 1
2011894005973838 137212174624640 send 523569 0 0 196 194 1
2011894006340654 137212174624640 send 447782 0 0 196 194 1
2011894006342604 137212174624640 send 14 0 0 196 194 1
2011894006343124 137212174624640 egress 197 1 0 194 0 0
2011894005528004 137212158232256 emit_beg 197 0 0 0 0 0
2011894005529734 137212158232256 dmg 0 1 0 0 1920 1080
2011894005529794 137212158232256 enc 196 196 1 -1 -1 0
2011894005590422 137212158232256 emit_end 197 0 0 0 0 0
2011894021260119 137212174624640 cliack 195 0 196 197 0 0
2011894021260399 137212174624640 ackregion 196 197 197 195 1 0
2011894026577285 137212166624960 wait_end 0 0 0 0 0 0
2011894026582505 137212166624960 drain_beg 0 0 0 0 0 0
2011894026583655 137212166624960 drain_end 1 0 0 0 0 0
2011894026583975 137212166624960 take 198 0 0 0 0 0
2011894026584775 137212166624960 subm_beg 1 0 0 0 0 0
2011894026586365 137212166624960 submit 198 0 0 0 0 0
2011894026586545 137212166624960 subm_end 1 0 0 0 0 0
2011894026586635 137212166624960 pump_beg 1 0 0 0 0 0
2011894026882714 137212166624960 feedend 197 0 0 0 0 0
2011894027090637 137212166624960 feedend 197 1 0 0 0 0
2011894033958046 137212166624960 outfirst 197 1 65536 0 0 0
2011894026549336 137212174624640 msgin 198 12533760 0 0 0 0
2011894026550976 137212174624640 enq 198 1 0 0 0 0
2011894034922230 137212166624960 outfirst 197 0 65536 0 0 0
2011894034988438 137212166624960 pump_end 1 2 0 0 0 0
2011894034988748 137212166624960 join_beg 1 0 0 0 0 0
2011894034989148 137212166624960 join_end 0 0 0 0 0 0
2011894034989448 137212166624960 book_beg 1 0 0 0 0 0
2011894034989628 137212166624960 batch 198 1 1 2 2 0
2011894034989688 137212166624960 book_end 1 0 0 0 0 0
2011894034989818 137212166624960 coll_beg 0 0 0 0 0 0
2011894035364164 137212166624960 coll_end 0 0 0 0 0 0
2011894035364574 137212166624960 rel_beg 1 0 0 0 0 0
2011894035364964 137212166624960 absorb 198 0 0 0 0 0
2011894035370244 137212166624960 rel_end 1 0 0 0 0 0
2011894035373264 137212166624960 wait_beg 0 0 0 0 0 0
2011894035471130 137212174624640 send 18 0 0 197 195 1
2011894035963473 137212174624640 send 394942 0 0 197 195 1
2011894036389797 137212174624640 send 335908 0 0 197 195 1
2011894036391997 137212174624640 send 14 0 0 197 195 1
2011894036392537 137212174624640 egress 198 1 0 195 0 0
2011894035377694 137212158232256 emit_beg 198 0 0 0 0 0
2011894035380444 137212158232256 dmg 0 1 0 0 1920 1080
2011894035380614 137212158232256 enc 197 197 1 -1 -1 0
2011894035434072 137212158232256 emit_end 198 0 0 0 0 0
2011894053634467 137212174624640 cliack 196 0 197 198 0 0
2011894053634837 137212174624640 ackregion 197 198 198 196 1 0
2011894058314376 137212166624960 wait_end 0 0 0 0 0 0
2011894058317046 137212166624960 drain_beg 0 0 0 0 0 0
2011894058317256 137212166624960 drain_end 1 0 0 0 0 0
2011894058317366 137212166624960 take 199 0 0 0 0 0
2011894058317606 137212166624960 subm_beg 1 0 0 0 0 0
2011894058318126 137212166624960 submit 199 0 0 0 0 0
2011894058318286 137212166624960 subm_end 1 0 0 0 0 0
2011894058318336 137212166624960 pump_beg 1 0 0 0 0 0
2011894058603766 137212166624960 feedend 198 0 0 0 0 0
2011894058830747 137212166624960 feedend 198 1 0 0 0 0
2011894058292357 137212174624640 msgin 199 12533760 0 0 0 0
2011894058292987 137212174624640 enq 199 1 0 0 0 0
2011894066498277 137212166624960 outfirst 198 1 65536 0 0 0
2011894067317727 137212166624960 outfirst 198 0 65536 0 0 0
2011894067438483 137212166624960 pump_end 1 2 0 0 0 0
2011894067439063 137212166624960 join_beg 1 0 0 0 0 0
2011894067439453 137212166624960 join_end 0 0 0 0 0 0
2011894067439573 137212166624960 book_beg 1 0 0 0 0 0
2011894067440723 137212166624960 batch 199 1 1 2 2 0
2011894067440883 137212166624960 book_end 1 0 0 0 0 0
2011894067441073 137212166624960 coll_beg 0 0 0 0 0 0
2011894067806649 137212166624960 coll_end 0 0 0 0 0 0
2011894067806939 137212166624960 rel_beg 1 0 0 0 0 0
2011894067807889 137212166624960 absorb 199 0 0 0 0 0
2011894067813889 137212166624960 rel_end 1 0 0 0 0 0
2011894067815819 137212166624960 wait_beg 0 0 0 0 0 0
2011894067890416 137212174624640 send 18 0 0 198 196 1
2011894068512214 137212174624640 send 471419 0 0 198 196 1
2011894068948378 137212174624640 send 416919 0 0 198 196 1
2011894068950158 137212174624640 send 14 0 0 198 196 1
2011894068950798 137212174624640 egress 199 1 0 196 0 0
2011894067820699 137212158232256 emit_beg 199 0 0 0 0 0
2011894067823039 137212158232256 dmg 0 1 0 0 1920 1080
2011894067823209 137212158232256 enc 198 198 1 -1 -1 0
2011894067892396 137212158232256 emit_end 199 0 0 0 0 0
2011894097805964 137212166624960 wait_end 0 0 0 0 0 0
2011894097809974 137212166624960 drain_beg 0 0 0 0 0 0
2011894097810724 137212166624960 drain_end 1 0 0 0 0 0
2011894097810984 137212166624960 take 200 0 0 0 0 0
2011894097811474 137212166624960 subm_beg 1 0 0 0 0 0
2011894097812324 137212166624960 submit 200 0 0 0 0 0
2011894097812474 137212166624960 subm_end 1 0 0 0 0 0
2011894097812514 137212166624960 pump_beg 1 0 0 0 0 0
2011894098156771 137212166624960 feedend 199 0 0 0 0 0
2011894098349144 137212166624960 feedend 199 1 0 0 0 0
2011894095541567 137212174624640 cliack 197 0 198 199 0 0
2011894095542017 137212174624640 ackregion 198 199 199 197 1 0
2011894097784825 137212174624640 msgin 200 12533760 0 0 0 0
2011894097785195 137212174624640 enq 200 1 0 0 0 0
2011894105099567 137212166624960 outfirst 199 1 65536 0 0 0
2011894106071182 137212166624960 outfirst 199 0 65536 0 0 0
2011894106119520 137212166624960 pump_end 1 2 0 0 0 0
2011894106119700 137212166624960 join_beg 1 0 0 0 0 0
2011894106119910 137212166624960 join_end 0 0 0 0 0 0
2011894106119970 137212166624960 book_beg 1 0 0 0 0 0
2011894106120150 137212166624960 batch 200 1 1 2 2 0
2011894106120180 137212166624960 book_end 1 0 0 0 0 0
2011894106123930 137212166624960 coll_beg 0 0 0 0 0 0
2011894106301354 137212166624960 coll_end 0 0 0 0 0 0
2011894106301394 137212166624960 rel_beg 1 0 0 0 0 0
2011894106301684 137212166624960 absorb 200 0 0 0 0 0
2011894106304963 137212166624960 rel_end 1 0 0 0 0 0
2011894106307323 137212166624960 wait_beg 0 0 0 0 0 0
2011894106358211 137212174624640 send 18 0 0 199 197 1
2011894106837144 137212174624640 send 403270 0 0 199 197 1
2011894107257469 137212174624640 send 336513 0 0 199 197 1
2011894107259999 137212174624640 send 14 0 0 199 197 1
2011894107260489 137212174624640 egress 200 1 0 197 0 0
2011894106314653 137212158232256 emit_beg 200 0 0 0 0 0
2011894106319393 137212158232256 dmg 0 1 0 0 1920 1080
2011894106319483 137212158232256 enc 199 199 1 -1 -1 0
2011894106375221 137212158232256 emit_end 200 0 0 0 0 0
2011894128040930 137212166624960 wait_end 0 0 0 0 0 0
2011894128043839 137212166624960 drain_beg 0 0 0 0 0 0
2011894128044379 137212166624960 drain_end 1 0 0 0 0 0
2011894128044579 137212166624960 take 201 0 0 0 0 0
2011894128044879 137212166624960 subm_beg 1 0 0 0 0 0
2011894128045749 137212166624960 submit 201 0 0 0 0 0
2011894128045849 137212166624960 subm_end 1 0 0 0 0 0
2011894128045939 137212166624960 pump_beg 1 0 0 0 0 0
2011894128361468 137212166624960 feedend 200 0 0 0 0 0
2011894128510292 137212166624960 feedend 200 1 0 0 0 0
2011894127128473 137212174624640 cliack 198 0 199 200 0 0
2011894127128593 137212174624640 ackregion 199 200 200 198 1 0
2011894128030490 137212174624640 msgin 201 12533760 0 0 0 0
2011894128031340 137212174624640 enq 201 1 0 0 0 0
2011894135115121 137212166624960 outfirst 200 1 65536 0 0 0
2011894136144884 137212166624960 outfirst 200 0 65536 0 0 0
2011894136193912 137212166624960 pump_end 1 2 0 0 0 0
2011894136194042 137212166624960 join_beg 1 0 0 0 0 0
2011894136194132 137212166624960 join_end 0 0 0 0 0 0
2011894136194252 137212166624960 book_beg 1 0 0 0 0 0
2011894136194412 137212166624960 batch 201 1 1 2 2 0
2011894136194462 137212166624960 book_end 1 0 0 0 0 0
2011894136194522 137212166624960 coll_beg 0 0 0 0 0 0
2011894136382755 137212166624960 coll_end 0 0 0 0 0 0
2011894136382895 137212166624960 rel_beg 1 0 0 0 0 0
2011894136382985 137212166624960 absorb 201 0 0 0 0 0
2011894136384805 137212166624960 rel_end 1 0 0 0 0 0
2011894136385445 137212166624960 wait_beg 0 0 0 0 0 0
2011894136422553 137212174624640 send 18 0 0 200 198 1
2011894136722153 137212174624640 send 382295 0 0 200 198 1
2011894136961864 137212174624640 send 328439 0 0 200 198 1
2011894136963214 137212174624640 send 14 0 0 200 198 1
2011894136963504 137212174624640 egress 201 1 0 198 0 0
2011894136403134 137212158232256 emit_beg 201 0 0 0 0 0
2011894136406874 137212158232256 dmg 0 1 0 0 1920 1080
2011894136406954 137212158232256 enc 200 200 1 -1 -1 0
2011894136452132 137212158232256 emit_end 201 0 0 0 0 0
2011894170252648 137212166624960 wait_end 0 0 0 0 0 0
2011894170258498 137212166624960 drain_beg 0 0 0 0 0 0
2011894170259138 137212166624960 drain_end 1 0 0 0 0 0
2011894170259358 137212166624960 take 202 0 0 0 0 0
2011894170259918 137212166624960 subm_beg 1 0 0 0 0 0
2011894170261758 137212166624960 submit 202 0 0 0 0 0
2011894170261898 137212166624960 subm_end 1 0 0 0 0 0
2011894170261938 137212166624960 pump_beg 1 0 0 0 0 0
2011894170564667 137212166624960 feedend 201 0 0 0 0 0
2011894170749140 137212166624960 feedend 201 1 0 0 0 0
2011894165422194 137212174624640 cliack 199 0 200 201 0 0
2011894165422334 137212174624640 ackregion 200 201 201 199 1 0
2011894170220129 137212174624640 msgin 202 12533760 0 0 0 0
2011894170222479 137212174624640 enq 202 1 0 0 0 0
2011894178412950 137212166624960 outfirst 201 1 65536 0 0 0
2011894179437092 137212166624960 outfirst 201 0 65536 0 0 0
2011894179519419 137212166624960 pump_end 1 2 0 0 0 0
2011894179519729 137212166624960 join_beg 1 0 0 0 0 0
2011894179520119 137212166624960 join_end 0 0 0 0 0 0
2011894179520239 137212166624960 book_beg 1 0 0 0 0 0
2011894179520649 137212166624960 batch 202 1 1 2 2 0
2011894179520809 137212166624960 book_end 1 0 0 0 0 0
2011894179520869 137212166624960 coll_beg 0 0 0 0 0 0
2011894179890126 137212166624960 coll_end 0 0 0 0 0 0
2011894179890196 137212166624960 rel_beg 1 0 0 0 0 0
2011894179890686 137212166624960 absorb 202 0 0 0 0 0
2011894179895076 137212166624960 rel_end 1 0 0 0 0 0
2011894179896896 137212166624960 wait_beg 0 0 0 0 0 0
2011894179918995 137212174624640 send 18 0 0 201 199 1
2011894180336130 137212174624640 send 497277 0 0 201 199 1
2011894180645908 137212174624640 send 419192 0 0 201 199 1
2011894180647158 137212174624640 send 14 0 0 201 199 1
2011894180647588 137212174624640 egress 202 1 0 199 0 0
2011894179902675 137212158232256 emit_beg 202 0 0 0 0 0
2011894179907115 137212158232256 dmg 0 1 0 0 1920 1080
2011894179907335 137212158232256 enc 201 201 1 -1 -1 0
2011894179980593 137212158232256 emit_end 202 0 0 0 0 0
2011894199515559 137212166624960 wait_end 0 0 0 0 0 0
2011894199518579 137212166624960 drain_beg 0 0 0 0 0 0
2011894199518949 137212166624960 drain_end 1 0 0 0 0 0
2011894199519149 137212166624960 take 203 0 0 0 0 0
2011894199519389 137212166624960 subm_beg 1 0 0 0 0 0
2011894199520089 137212166624960 submit 203 0 0 0 0 0
2011894199520129 137212166624960 subm_end 1 0 0 0 0 0
2011894199520169 137212166624960 pump_beg 1 0 0 0 0 0
2011894199890775 137212166624960 feedend 202 0 0 0 0 0
2011894199933994 137212166624960 feedend 202 1 0 0 0 0
2011894197518482 137212174624640 cliack 200 0 201 202 0 0
2011894197518612 137212174624640 ackregion 201 202 202 200 1 0
2011894199493210 137212174624640 msgin 203 12533760 0 0 0 0
2011894199493590 137212174624640 enq 203 1 0 0 0 0
2011894207313324 137212166624960 outfirst 202 1 65536 0 0 0
2011894208330347 137212166624960 outfirst 202 0 65536 0 0 0
2011894208410654 137212166624960 pump_end 1 2 0 0 0 0
2011894208410954 137212166624960 join_beg 1 0 0 0 0 0
2011894208411134 137212166624960 join_end 0 0 0 0 0 0
2011894208411224 137212166624960 book_beg 1 0 0 0 0 0
2011894208411634 137212166624960 batch 203 1 1 2 2 0
2011894208411694 137212166624960 book_end 1 0 0 0 0 0
2011894208411744 137212166624960 coll_beg 0 0 0 0 0 0
2011894208736592 137212166624960 coll_end 0 0 0 0 0 0
2011894208736692 137212166624960 rel_beg 1 0 0 0 0 0
2011894208737122 137212166624960 absorb 203 0 0 0 0 0
2011894208740372 137212166624960 rel_end 1 0 0 0 0 0
2011894208742042 137212166624960 wait_beg 0 0 0 0 0 0
2011894208783981 137212174624640 send 18 0 0 202 200 1
2011894209149977 137212174624640 send 447004 0 0 202 200 1
2011894209424777 137212174624640 send 385349 0 0 202 200 1
2011894209426097 137212174624640 send 14 0 0 202 200 1
2011894209426367 137212174624640 egress 203 1 0 200 0 0
2011894208760742 137212158232256 emit_beg 203 0 0 0 0 0
2011894208767101 137212158232256 dmg 0 1 0 0 1920 1080
2011894208767361 137212158232256 enc 202 202 1 -1 -1 0
2011894208834589 137212158232256 emit_end 203 0 0 0 0 0
2011894232405918 137212166624960 wait_end 0 0 0 0 0 0
2011894232408858 137212166624960 drain_beg 0 0 0 0 0 0
2011894232409088 137212166624960 drain_end 1 0 0 0 0 0
2011894232409328 137212166624960 take 204 0 0 0 0 0
2011894232409728 137212166624960 subm_beg 1 0 0 0 0 0
2011894232410568 137212166624960 submit 204 0 0 0 0 0
2011894232410628 137212166624960 subm_end 1 0 0 0 0 0
2011894232410748 137212166624960 pump_beg 1 0 0 0 0 0
2011894232737326 137212166624960 feedend 203 0 0 0 0 0
2011894232922589 137212166624960 feedend 203 1 0 0 0 0
2011894228201201 137212174624640 cliack 201 0 202 203 0 0
2011894228201431 137212174624640 ackregion 202 203 203 201 1 0
2011894232382519 137212174624640 msgin 204 12533760 0 0 0 0
2011894232382859 137212174624640 enq 204 1 0 0 0 0
2011894239116633 137212166624960 outfirst 203 1 65536 0 0 0
2011894239780279 137212166624960 outfirst 203 0 65536 0 0 0
2011894239834077 137212166624960 pump_end 1 2 0 0 0 0
2011894239834297 137212166624960 join_beg 1 0 0 0 0 0
2011894239834497 137212166624960 join_end 0 0 0 0 0 0
2011894239834587 137212166624960 book_beg 1 0 0 0 0 0
2011894239834957 137212166624960 batch 204 1 1 2 2 0
2011894239835037 137212166624960 book_end 1 0 0 0 0 0
2011894239835117 137212166624960 coll_beg 0 0 0 0 0 0
2011894240063168 137212166624960 coll_end 0 0 0 0 0 0
2011894240063338 137212166624960 rel_beg 1 0 0 0 0 0
2011894240063468 137212166624960 absorb 204 0 0 0 0 0
2011894240066158 137212166624960 rel_end 1 0 0 0 0 0
2011894240067888 137212166624960 wait_beg 0 0 0 0 0 0
2011894240115776 137212174624640 send 18 0 0 203 201 1
2011894240348688 137212174624640 send 308430 0 0 203 201 1
2011894240528831 137212174624640 send 255310 0 0 203 201 1
2011894240530061 137212174624640 send 14 0 0 203 201 1
2011894240530291 137212174624640 egress 204 1 0 201 0 0
2011894240090387 137212158232256 emit_beg 204 0 0 0 0 0
2011894240095207 137212158232256 dmg 0 1 0 0 1920 1080
2011894240095407 137212158232256 enc 203 203 1 -1 -1 0
2011894240134626 137212158232256 emit_end 204 0 0 0 0 0
2011894269807152 137212166624960 wait_end 0 0 0 0 0 0
2011894269809422 137212166624960 drain_beg 0 0 0 0 0 0
2011894269809702 137212166624960 drain_end 1 0 0 0 0 0
2011894269809812 137212166624960 take 205 0 0 0 0 0
2011894269810232 137212166624960 subm_beg 1 0 0 0 0 0
2011894269811002 137212166624960 submit 205 0 0 0 0 0
2011894269811092 137212166624960 subm_end 1 0 0 0 0 0
2011894269811192 137212166624960 pump_beg 1 0 0 0 0 0
2011894270141900 137212166624960 feedend 204 0 0 0 0 0
2011894270316743 137212166624960 feedend 204 1 0 0 0 0
2011894267905351 137212174624640 cliack 202 0 203 204 0 0
2011894267905451 137212174624640 ackregion 203 204 204 202 1 0
2011894269796162 137212174624640 msgin 205 12533760 0 0 0 0
2011894269796562 137212174624640 enq 205 1 0 0 0 0
2011894277427424 137212166624960 outfirst 204 1 65536 0 0 0
2011894278779724 137212166624960 outfirst 204 0 65536 0 0 0
2011894278954268 137212166624960 pump_end 1 2 0 0 0 0
2011894278954478 137212166624960 join_beg 1 0 0 0 0 0
2011894278955318 137212166624960 join_end 0 0 0 0 0 0
2011894278955388 137212166624960 book_beg 1 0 0 0 0 0
2011894278955668 137212166624960 batch 205 1 1 2 2 0
2011894278955728 137212166624960 book_end 1 0 0 0 0 0
2011894278955778 137212166624960 coll_beg 0 0 0 0 0 0
2011894279185659 137212166624960 coll_end 0 0 0 0 0 0
2011894279185799 137212166624960 rel_beg 1 0 0 0 0 0
2011894279186339 137212166624960 absorb 205 0 0 0 0 0
2011894279189309 137212166624960 rel_end 1 0 0 0 0 0
2011894279191629 137212166624960 wait_beg 0 0 0 0 0 0
2011894279254037 137212174624640 send 18 0 0 204 202 1
2011894279623153 137212174624640 send 471324 0 0 204 202 1
2011894279883054 137212174624640 send 365970 0 0 204 202 1
2011894279884184 137212174624640 send 14 0 0 204 202 1
2011894279884544 137212174624640 egress 205 1 0 202 0 0
2011894279212638 137212158232256 emit_beg 205 0 0 0 0 0
2011894279218618 137212158232256 dmg 0 1 0 0 1920 1080
2011894279219208 137212158232256 enc 204 204 1 -1 -1 0
2011894279281036 137212158232256 emit_end 205 0 0 0 0 0
2011894303816490 137212174624640 cliack 203 0 204 205 0 0
2011894303817030 137212174624640 ackregion 204 205 205 203 1 0
2011894306931426 137212166624960 wait_end 0 0 0 0 0 0
2011894306935036 137212166624960 drain_beg 0 0 0 0 0 0
2011894306935406 137212166624960 drain_end 1 0 0 0 0 0
2011894306935506 137212166624960 take 206 0 0 0 0 0
2011894306935876 137212166624960 subm_beg 1 0 0 0 0 0
2011894306937116 137212166624960 submit 206 0 0 0 0 0
2011894306937276 137212166624960 subm_end 1 0 0 0 0 0
2011894306937336 137212166624960 pump_beg 1 0 0 0 0 0
2011894307270414 137212166624960 feedend 205 0 0 0 0 0
2011894307456517 137212166624960 feedend 205 1 0 0 0 0
2011894306904867 137212174624640 msgin 206 12533760 0 0 0 0
2011894306905917 137212174624640 enq 206 1 0 0 0 0
2011894316172279 137212166624960 outfirst 205 1 65536 0 0 0
2011894317041317 137212166624960 outfirst 205 0 65536 0 0 0
2011894317147553 137212166624960 pump_end 1 2 0 0 0 0
2011894317147893 137212166624960 join_beg 1 0 0 0 0 0
2011894317148403 137212166624960 join_end 0 0 0 0 0 0
2011894317148463 137212166624960 book_beg 1 0 0 0 0 0
2011894317149043 137212166624960 batch 206 1 1 2 2 0
2011894317149083 137212166624960 book_end 1 0 0 0 0 0
2011894317149133 137212166624960 coll_beg 0 0 0 0 0 0
2011894317445422 137212166624960 coll_end 0 0 0 0 0 0
2011894317445472 137212166624960 rel_beg 1 0 0 0 0 0
2011894317445992 137212166624960 absorb 206 0 0 0 0 0
2011894317449252 137212166624960 rel_end 1 0 0 0 0 0
2011894317450912 137212166624960 wait_beg 0 0 0 0 0 0
2011894317499270 137212174624640 send 18 0 0 205 203 1
2011894318132517 137212174624640 send 567260 0 0 205 203 1
2011894318672927 137212174624640 send 511147 0 0 205 203 1
2011894318674697 137212174624640 send 14 0 0 205 203 1
2011894318675017 137212174624640 egress 206 1 0 203 0 0
2011894317456242 137212158232256 emit_beg 206 0 0 0 0 0
2011894317460952 137212158232256 dmg 0 1 0 0 1920 1080
2011894317461462 137212158232256 enc 205 205 1 -1 -1 0
2011894317540019 137212158232256 emit_end 206 0 0 0 0 0
2011894333242245 137212166624960 wait_end 0 0 0 0 0 0
2011894333244955 137212166624960 drain_beg 0 0 0 0 0 0
2011894333245325 137212166624960 drain_end 1 0 0 0 0 0
2011894333245465 137212166624960 take 207 0 0 0 0 0
2011894333246035 137212166624960 subm_beg 1 0 0 0 0 0
2011894333247375 137212166624960 submit 207 0 0 0 0 0
2011894333247525 137212166624960 subm_end 1 0 0 0 0 0
2011894333247575 137212166624960 pump_beg 1 0 0 0 0 0
2011894333590982 137212166624960 feedend 206 0 0 0 0 0
2011894333737637 137212166624960 feedend 206 1 0 0 0 0
2011894328236278 137212174624640 cliack 204 0 205 206 0 0
2011894328236658 137212174624640 ackregion 205 206 206 204 1 0
2011894333226626 137212174624640 msgin 207 12533760 0 0 0 0
2011894333227696 137212174624640 enq 207 1 0 0 0 0
2011894341483854 137212166624960 outfirst 206 1 65536 0 0 0
2011894342233437 137212166624960 outfirst 206 0 65536 0 0 0
2011894342301604 137212166624960 pump_end 1 2 0 0 0 0
2011894342301994 137212166624960 join_beg 1 0 0 0 0 0
2011894342302884 137212166624960 join_end 0 0 0 0 0 0
2011894342302974 137212166624960 book_beg 1 0 0 0 0 0
2011894342303374 137212166624960 batch 207 1 1 2 2 0
2011894342303414 137212166624960 book_end 1 0 0 0 0 0
2011894342303464 137212166624960 coll_beg 0 0 0 0 0 0
2011894342536116 137212166624960 coll_end 0 0 0 0 0 0
2011894342536166 137212166624960 rel_beg 1 0 0 0 0 0
2011894342540186 137212166624960 absorb 207 0 0 0 0 0
2011894342543705 137212166624960 rel_end 1 0 0 0 0 0
2011894342545045 137212166624960 wait_beg 0 0 0 0 0 0
2011894342591524 137212174624640 send 18 0 0 206 204 1
2011894343106135 137212174624640 send 460308 0 0 206 204 1
2011894343571488 137212174624640 send 417140 0 0 206 204 1
2011894343573348 137212174624640 send 14 0 0 206 204 1
2011894343573738 137212174624640 egress 207 1 0 204 0 0
2011894342551295 137212158232256 emit_beg 207 0 0 0 0 0
2011894342555035 137212158232256 dmg 0 1 0 0 1920 1080
2011894342555315 137212158232256 enc 206 206 1 -1 -1 0
2011894342621133 137212158232256 emit_end 207 0 0 0 0 0
2011894364403627 137212174624640 cliack 205 0 206 207 0 0
2011894364404297 137212174624640 ackregion 206 207 207 205 1 0
2011894367423387 137212166624960 wait_end 0 0 0 0 0 0
2011894367426137 137212166624960 drain_beg 0 0 0 0 0 0
2011894367426427 137212166624960 drain_end 1 0 0 0 0 0
2011894367426547 137212166624960 take 208 0 0 0 0 0
2011894367426957 137212166624960 subm_beg 1 0 0 0 0 0
2011894367428147 137212166624960 submit 208 0 0 0 0 0
2011894367428187 137212166624960 subm_end 1 0 0 0 0 0
2011894367428247 137212166624960 pump_beg 1 0 0 0 0 0
2011894367705786 137212166624960 feedend 207 0 0 0 0 0
2011894367834432 137212166624960 feedend 207 1 0 0 0 0
2011894374552456 137212166624960 outfirst 207 1 65536 0 0 0
2011894375618747 137212166624960 outfirst 207 0 65536 0 0 0
2011894375683805 137212166624960 pump_end 1 2 0 0 0 0
2011894375684195 137212166624960 join_beg 1 0 0 0 0 0
2011894375684855 137212166624960 join_end 0 0 0 0 0 0
2011894375684955 137212166624960 book_beg 1 0 0 0 0 0
2011894375685445 137212166624960 batch 208 1 1 2 2 0
2011894375685485 137212166624960 book_end 1 0 0 0 0 0
2011894375685515 137212166624960 coll_beg 0 0 0 0 0 0
2011894375897947 137212166624960 coll_end 0 0 0 0 0 0
2011894375898007 137212166624960 rel_beg 1 0 0 0 0 0
2011894375898547 137212166624960 absorb 208 0 0 0 0 0
2011894375903837 137212166624960 rel_end 1 0 0 0 0 0
2011894375905417 137212166624960 wait_beg 0 0 0 0 0 0
2011894367411137 137212174624640 msgin 208 12533760 0 0 0 0
2011894367412377 137212174624640 enq 208 1 0 0 0 0
2011894375970285 137212174624640 send 18 0 0 207 205 1
2011894375913167 137212158232256 emit_beg 208 0 0 0 0 0
2011894375917367 137212158232256 dmg 0 1 0 0 1920 1080
2011894375917607 137212158232256 enc 207 207 1 -1 -1 0
2011894375972165 137212158232256 emit_end 208 0 0 0 0 0
2011894376469556 137212174624640 send 391182 0 0 207 205 1
2011894376869102 137212174624640 send 328047 0 0 207 205 1
2011894376871282 137212174624640 send 14 0 0 207 205 1
2011894376871552 137212174624640 egress 208 1 0 205 0 0
2011894412991332 137212166624960 wait_end 0 0 0 0 0 0
2011894412995232 137212166624960 drain_beg 0 0 0 0 0 0
2011894412995632 137212166624960 drain_end 1 0 0 0 0 0
2011894412995912 137212166624960 take 209 0 0 0 0 0
2011894412996482 137212166624960 subm_beg 1 0 0 0 0 0
2011894412998162 137212166624960 submit 209 0 0 0 0 0
2011894412998352 137212166624960 subm_end 1 0 0 0 0 0
2011894412998382 137212166624960 pump_beg 1 0 0 0 0 0
2011894413355949 137212166624960 feedend 208 0 0 0 0 0
2011894413538813 137212166624960 feedend 208 1 0 0 0 0
2011894411097612 137212174624640 cliack 206 0 207 208 0 0
2011894411098362 137212174624640 ackregion 207 208 208 206 1 0
2011894412965733 137212174624640 msgin 209 12533760 0 0 0 0
2011894412967293 137212174624640 enq 209 1 0 0 0 0
2011894420466679 137212166624960 outfirst 208 1 65536 0 0 0
2011894421377596 137212166624960 outfirst 208 0 65536 0 0 0
2011894421484052 137212166624960 pump_end 1 2 0 0 0 0
2011894421484702 137212166624960 join_beg 1 0 0 0 0 0
2011894421485192 137212166624960 join_end 0 0 0 0 0 0
2011894421485352 137212166624960 book_beg 1 0 0 0 0 0
2011894421486082 137212166624960 batch 209 1 1 2 2 0
2011894421486112 137212166624960 book_end 1 0 0 0 0 0
2011894421486222 137212166624960 coll_beg 0 0 0 0 0 0
2011894421792621 137212166624960 coll_end 0 0 0 0 0 0
2011894421792821 137212166624960 rel_beg 1 0 0 0 0 0
2011894421793331 137212166624960 absorb 209 0 0 0 0 0
2011894421796581 137212166624960 rel_end 1 0 0 0 0 0
2011894421798151 137212166624960 wait_beg 0 0 0 0 0 0
2011894421860219 137212174624640 send 18 0 0 208 206 1
2011894422332831 137212174624640 send 398857 0 0 208 206 1
2011894422714427 137212174624640 send 335516 0 0 208 206 1
2011894422716467 137212174624640 send 14 0 0 208 206 1
2011894422716657 137212174624640 egress 209 1 0 206 0 0
2011894421812490 137212158232256 emit_beg 209 0 0 0 0 0
2011894421816400 137212158232256 dmg 0 1 0 0 1920 1080
2011894421816620 137212158232256 enc 208 208 1 -1 -1 0
2011894421860519 137212158232256 emit_end 209 0 0 0 0 0
2011894450353298 137212166624960 wait_end 0 0 0 0 0 0
2011894450355268 137212166624960 drain_beg 0 0 0 0 0 0
2011894450355528 137212166624960 drain_end 1 0 0 0 0 0
2011894450355688 137212166624960 take 210 0 0 0 0 0
2011894450355898 137212166624960 subm_beg 1 0 0 0 0 0
2011894450356308 137212166624960 submit 210 0 0 0 0 0
2011894450356338 137212166624960 subm_end 1 0 0 0 0 0
2011894450356368 137212166624960 pump_beg 1 0 0 0 0 0
2011894450640717 137212166624960 feedend 209 0 0 0 0 0
2011894450804881 137212166624960 feedend 209 1 0 0 0 0
2011894448973448 137212174624640 cliack 207 0 208 209 0 0
2011894448973628 137212174624640 ackregion 208 209 209 207 1 0
2011894450337419 137212174624640 msgin 210 12533760 0 0 0 0
2011894450338009 137212174624640 enq 210 1 0 0 0 0
2011894457423200 137212166624960 outfirst 209 1 65536 0 0 0
2011894458481021 137212166624960 outfirst 209 0 65536 0 0 0
2011894458533759 137212166624960 pump_end 1 2 0 0 0 0
2011894458534479 137212166624960 join_beg 1 0 0 0 0 0
2011894458534659 137212166624960 join_end 0 0 0 0 0 0
2011894458534729 137212166624960 book_beg 1 0 0 0 0 0
2011894458535099 137212166624960 batch 210 1 1 2 2 0
2011894458535129 137212166624960 book_end 1 0 0 0 0 0
2011894458535159 137212166624960 coll_beg 0 0 0 0 0 0
2011894458725022 137212166624960 coll_end 0 0 0 0 0 0
2011894458725072 137212166624960 rel_beg 1 0 0 0 0 0
2011894458725452 137212166624960 absorb 210 0 0 0 0 0
2011894458728522 137212166624960 rel_end 1 0 0 0 0 0
2011894458729512 137212166624960 wait_beg 0 0 0 0 0 0
2011894458787770 137212174624640 send 18 0 0 209 207 1
2011894459229884 137212174624640 send 373072 0 0 209 207 1
2011894459566501 137212174624640 send 299982 0 0 209 207 1
2011894459568471 137212174624640 send 14 0 0 209 207 1
2011894459568901 137212174624640 egress 210 1 0 207 0 0
2011894458747241 137212158232256 emit_beg 210 0 0 0 0 0
2011894458750581 137212158232256 dmg 0 1 0 0 1920 1080
2011894458750811 137212158232256 enc 209 209 1 -1 -1 0
2011894458798890 137212158232256 emit_end 210 0 0 0 0 0
2011894483983750 137212166624960 wait_end 0 0 0 0 0 0
2011894483986190 137212166624960 drain_beg 0 0 0 0 0 0
2011894483986540 137212166624960 drain_end 1 0 0 0 0 0
2011894483986670 137212166624960 take 211 0 0 0 0 0
2011894483987200 137212166624960 subm_beg 1 0 0 0 0 0
2011894483987760 137212166624960 submit 211 0 0 0 0 0
2011894483987800 137212166624960 subm_end 1 0 0 0 0 0
2011894483987830 137212166624960 pump_beg 1 0 0 0 0 0
2011894484337137 137212166624960 feedend 210 0 0 0 0 0
2011894484488291 137212166624960 feedend 210 1 0 0 0 0
2011894479993205 137212174624640 cliack 208 0 209 210 0 0
2011894479993615 137212174624640 ackregion 209 210 210 208 1 0
2011894483964080 137212174624640 msgin 211 12533760 0 0 0 0
2011894483964870 137212174624640 enq 211 1 0 0 0 0
2011894491563033 137212166624960 outfirst 210 1 65536 0 0 0
2011894492727760 137212166624960 outfirst 210 0 65536 0 0 0
2011894492798658 137212166624960 pump_end 1 2 0 0 0 0
2011894492799058 137212166624960 join_beg 1 0 0 0 0 0
2011894492799328 137212166624960 join_end 0 0 0 0 0 0
2011894492799428 137212166624960 book_beg 1 0 0 0 0 0
2011894492799908 137212166624960 batch 211 1 1 2 2 0
2011894492799938 137212166624960 book_end 1 0 0 0 0 0
2011894492799978 137212166624960 coll_beg 0 0 0 0 0 0
2011894493032719 137212166624960 coll_end 0 0 0 0 0 0
2011894493032849 137212166624960 rel_beg 1 0 0 0 0 0
2011894493033369 137212166624960 absorb 211 0 0 0 0 0
2011894493036119 137212166624960 rel_end 1 0 0 0 0 0
2011894493038039 137212166624960 wait_beg 0 0 0 0 0 0
2011894493084727 137212174624640 send 18 0 0 210 208 1
2011894493424465 137212174624640 send 447138 0 0 210 208 1
2011894493683535 137212174624640 send 362793 0 0 210 208 1
2011894493684695 137212174624640 send 14 0 0 210 208 1
2011894493685215 137212174624640 egress 211 1 0 208 0 0
2011894493046999 137212158232256 emit_beg 211 0 0 0 0 0
2011894493053708 137212158232256 dmg 0 1 0 0 1920 1080
2011894493054068 137212158232256 enc 210 210 1 -1 -1 0
2011894493118416 137212158232256 emit_end 211 0 0 0 0 0
2011894516734414 137212166624960 wait_end 0 0 0 0 0 0
2011894516740473 137212166624960 drain_beg 0 0 0 0 0 0
2011894516741213 137212166624960 drain_end 1 0 0 0 0 0
2011894516741523 137212166624960 take 212 0 0 0 0 0
2011894516742223 137212166624960 subm_beg 1 0 0 0 0 0
2011894516743923 137212166624960 submit 212 0 0 0 0 0
2011894516744083 137212166624960 subm_end 1 0 0 0 0 0
2011894516744163 137212166624960 pump_beg 1 0 0 0 0 0
2011894517095820 137212166624960 feedend 211 0 0 0 0 0
2011894511812793 137212174624640 cliack 209 0 210 211 0 0
2011894511813003 137212174624640 ackregion 210 211 211 209 1 0
2011894516697135 137212174624640 msgin 212 12533760 0 0 0 0
2011894516699425 137212174624640 enq 212 1 0 0 0 0
2011894517268194 137212166624960 feedend 211 1 0 0 0 0
2011894524019018 137212166624960 outfirst 211 1 65536 0 0 0
2011894525008581 137212166624960 outfirst 211 0 65536 0 0 0
2011894525073149 137212166624960 pump_end 1 2 0 0 0 0
2011894525073349 137212166624960 join_beg 1 0 0 0 0 0
2011894525073669 137212166624960 join_end 0 0 0 0 0 0
2011894525073789 137212166624960 book_beg 1 0 0 0 0 0
2011894525074199 137212166624960 batch 212 1 1 2 2 0
2011894525074299 137212166624960 book_end 1 0 0 0 0 0
2011894525074399 137212166624960 coll_beg 0 0 0 0 0 0
2011894525285941 137212166624960 coll_end 0 0 0 0 0 0
2011894525285991 137212166624960 rel_beg 1 0 0 0 0 0
2011894525286351 137212166624960 absorb 212 0 0 0 0 0
2011894525291101 137212166624960 rel_end 1 0 0 0 0 0
2011894525292441 137212166624960 wait_beg 0 0 0 0 0 0
2011894525339129 137212174624640 send 18 0 0 211 209 1
2011894525925278 137212174624640 send 398165 0 0 211 209 1
2011894526270985 137212174624640 send 322571 0 0 211 209 1
2011894526272765 137212174624640 send 14 0 0 211 209 1
2011894526273145 137212174624640 egress 212 1 0 209 0 0
2011894525299391 137212158232256 emit_beg 212 0 0 0 0 0
2011894525303261 137212158232256 dmg 0 1 0 0 1920 1080
2011894525303451 137212158232256 enc 211 211 1 -1 -1 0
2011894525359289 137212158232256 emit_end 212 0 0 0 0 0
2011894543138819 137212166624960 wait_end 0 0 0 0 0 0
2011894543141229 137212166624960 drain_beg 0 0 0 0 0 0
2011894543141559 137212166624960 drain_end 1 0 0 0 0 0
2011894543141699 137212166624960 take 213 0 0 0 0 0
2011894543141999 137212166624960 subm_beg 1 0 0 0 0 0
2011894543142369 137212166624960 submit 213 0 0 0 0 0
2011894543142419 137212166624960 subm_end 1 0 0 0 0 0
2011894543142459 137212166624960 pump_beg 1 0 0 0 0 0
2011894543493776 137212166624960 feedend 212 0 0 0 0 0
2011894543707518 137212166624960 feedend 212 1 0 0 0 0
2011894540854383 137212174624640 cliack 210 0 211 212 0 0
2011894540854613 137212174624640 ackregion 211 212 212 210 1 0
2011894543118050 137212174624640 msgin 213 12533760 0 0 0 0
2011894543119050 137212174624640 enq 213 1 0 0 0 0
2011894550821969 137212166624960 outfirst 212 1 65536 0 0 0
2011894551826912 137212166624960 outfirst 212 0 65536 0 0 0
2011894551959877 137212166624960 pump_end 1 2 0 0 0 0
2011894551960367 137212166624960 join_beg 1 0 0 0 0 0
2011894551960577 137212166624960 join_end 0 0 0 0 0 0
2011894551960817 137212166624960 book_beg 1 0 0 0 0 0
2011894551961147 137212166624960 batch 213 1 1 2 2 0
2011894551961197 137212166624960 book_end 1 0 0 0 0 0
2011894551961257 137212166624960 coll_beg 0 0 0 0 0 0
2011894552219187 137212166624960 coll_end 0 0 0 0 0 0
2011894552219357 137212166624960 rel_beg 1 0 0 0 0 0
2011894552219887 137212166624960 absorb 213 0 0 0 0 0
2011894552222947 137212166624960 rel_end 1 0 0 0 0 0
2011894552224477 137212166624960 wait_beg 0 0 0 0 0 0
2011894552270996 137212174624640 send 18 0 0 212 210 1
2011894552770527 137212174624640 send 427917 0 0 212 210 1
2011894553092016 137212174624640 send 358843 0 0 212 210 1
2011894553093226 137212174624640 send 14 0 0 212 210 1
2011894553093406 137212174624640 egress 213 1 0 210 0 0
2011894552232117 137212158232256 emit_beg 213 0 0 0 0 0
2011894552235607 137212158232256 dmg 0 1 0 0 1920 1080
2011894552235967 137212158232256 enc 212 212 1 -1 -1 0
2011894552292795 137212158232256 emit_end 213 0 0 0 0 0
2011894806875217 137212174624640 cliack 211 0 212 213 0 0
2011894806876287 137212174624640 ackregion 212 213 213 211 1 0
2011894809377015 137212166624960 wait_end 0 0 0 0 0 0
2011894809382845 137212166624960 drain_beg 0 0 0 0 0 0
2011894809383475 137212166624960 drain_end 1 0 0 0 0 0
2011894809383715 137212166624960 take 214 0 0 0 0 0
2011894809384375 137212166624960 subm_beg 1 0 0 0 0 0
2011894809386165 137212166624960 submit 214 0 0 0 0 0
2011894809386355 137212166624960 subm_end 1 0 0 0 0 0
2011894809386415 137212166624960 pump_beg 1 0 0 0 0 0
2011894809700004 137212166624960 feedend 213 0 0 0 0 0
2011894809912036 137212166624960 feedend 213 1 0 0 0 0
2011894817883785 137212166624960 outfirst 213 1 65536 0 0 0
2011894818508172 137212166624960 outfirst 213 0 65536 0 0 0
2011894818614748 137212166624960 pump_end 1 2 0 0 0 0
2011894818615438 137212166624960 join_beg 1 0 0 0 0 0
2011894818616938 137212166624960 join_end 0 0 0 0 0 0
2011894818617048 137212166624960 book_beg 1 0 0 0 0 0
2011894818617398 137212166624960 batch 214 1 1 2 2 0
2011894818617448 137212166624960 book_end 1 0 0 0 0 0
2011894818617578 137212166624960 coll_beg 0 0 0 0 0 0
2011894818892448 137212166624960 coll_end 0 0 0 0 0 0
2011894818892508 137212166624960 rel_beg 1 0 0 0 0 0
2011894818893168 137212166624960 absorb 214 0 0 0 0 0
2011894818899948 137212166624960 rel_end 1 0 0 0 0 0
2011894818901878 137212166624960 wait_beg 0 0 0 0 0 0
2011894809343247 137212174624640 msgin 214 12533760 0 0 0 0
2011894809344967 137212174624640 enq 214 1 0 0 0 0
2011894818965325 137212174624640 send 18 0 0 213 211 1
2011894818914577 137212158232256 emit_beg 214 0 0 0 0 0
2011894818921937 137212158232256 dmg 0 1 0 0 1920 1080
2011894818922247 137212158232256 enc 213 213 1 -1 -1 0
2011894819011494 137212158232256 emit_end 214 0 0 0 0 0
2011894819551424 137212174624640 send 479969 0 0 213 211 1
2011894819969179 137212174624640 send 435575 0 0 213 211 1
2011894819970649 137212174624640 send 14 0 0 213 211 1
2011894819971189 137212174624640 egress 214 1 0 211 0 0
2011894836473066 137212174624640 cliack 212 0 213 214 0 0
2011894836473446 137212174624640 ackregion 213 214 214 212 1 0
2011894841365847 137212166624960 wait_end 0 0 0 0 0 0
2011894841371067 137212166624960 drain_beg 0 0 0 0 0 0
2011894841371377 137212166624960 drain_end 1 0 0 0 0 0
2011894841371667 137212166624960 take 215 0 0 0 0 0
2011894841372287 137212166624960 subm_beg 1 0 0 0 0 0
2011894841373807 137212166624960 submit 215 0 0 0 0 0
2011894841373857 137212166624960 subm_end 1 0 0 0 0 0
2011894841373967 137212166624960 pump_beg 1 0 0 0 0 0
2011894841709005 137212166624960 feedend 214 0 0 0 0 0
2011894841913787 137212166624960 feedend 214 1 0 0 0 0
2011894848770177 137212166624960 outfirst 214 1 65536 0 0 0
2011894841338928 137212174624640 msgin 215 12533760 0 0 0 0
2011894841340898 137212174624640 enq 215 1 0 0 0 0
2011894849328676 137212166624960 outfirst 214 0 65536 0 0 0
2011894849379375 137212166624960 pump_end 1 2 0 0 0 0
2011894849379625 137212166624960 join_beg 1 0 0 0 0 0
2011894849379975 137212166624960 join_end 0 0 0 0 0 0
2011894849380055 137212166624960 book_beg 1 0 0 0 0 0
2011894849380375 137212166624960 batch 215 1 1 2 2 0
2011894849380415 137212166624960 book_end 1 0 0 0 0 0
2011894849380455 137212166624960 coll_beg 0 0 0 0 0 0
2011894849566258 137212166624960 coll_end 0 0 0 0 0 0
2011894849566318 137212166624960 rel_beg 1 0 0 0 0 0
2011894849566748 137212166624960 absorb 215 0 0 0 0 0
2011894849571238 137212166624960 rel_end 1 0 0 0 0 0
2011894849572757 137212166624960 wait_beg 0 0 0 0 0 0
2011894849605736 137212174624640 send 18 0 0 214 212 1
2011894849877636 137212174624640 send 359487 0 0 214 212 1
2011894850106028 137212174624640 send 310257 0 0 214 212 1
2011894850107498 137212174624640 send 14 0 0 214 212 1
2011894850108108 137212174624640 egress 215 1 0 212 0 0
2011894849578387 137212158232256 emit_beg 215 0 0 0 0 0
2011894849582987 137212158232256 dmg 0 1 0 0 1920 1080
2011894849583167 137212158232256 enc 214 214 1 -1 -1 0
2011894849622566 137212158232256 emit_end 215 0 0 0 0 0
2011894872122914 137212166624960 wait_end 0 0 0 0 0 0
2011894872124654 137212166624960 drain_beg 0 0 0 0 0 0
2011894872124924 137212166624960 drain_end 1 0 0 0 0 0
2011894872125064 137212166624960 take 216 0 0 0 0 0
2011894872125404 137212166624960 subm_beg 1 0 0 0 0 0
2011894872126204 137212166624960 submit 216 0 0 0 0 0
2011894872126254 137212166624960 subm_end 1 0 0 0 0 0
2011894872126294 137212166624960 pump_beg 1 0 0 0 0 0
2011894872452712 137212166624960 feedend 215 0 0 0 0 0
2011894872617436 137212166624960 feedend 215 1 0 0 0 0
2011894870183955 137212174624640 cliack 213 0 214 215 0 0
2011894870184405 137212174624640 ackregion 214 215 215 213 1 0
2011894872114034 137212174624640 msgin 216 12533760 0 0 0 0
2011894872114804 137212174624640 enq 216 1 0 0 0 0
2011894879516794 137212166624960 outfirst 215 1 65536 0 0 0
2011894880368163 137212166624960 outfirst 215 0 65536 0 0 0
2011894880443380 137212166624960 pump_end 1 2 0 0 0 0
2011894880443640 137212166624960 join_beg 1 0 0 0 0 0
2011894880444290 137212166624960 join_end 0 0 0 0 0 0
2011894880444480 137212166624960 book_beg 1 0 0 0 0 0
2011894880444920 137212166624960 batch 216 1 1 2 2 0
2011894880444960 137212166624960 book_end 1 0 0 0 0 0
2011894880445070 137212166624960 coll_beg 0 0 0 0 0 0
2011894880635223 137212166624960 coll_end 0 0 0 0 0 0
2011894880635283 137212166624960 rel_beg 1 0 0 0 0 0
2011894880635383 137212166624960 absorb 216 0 0 0 0 0
2011894880637363 137212166624960 rel_end 1 0 0 0 0 0
2011894880638723 137212166624960 wait_beg 0 0 0 0 0 0
2011894880679531 137212174624640 send 18 0 0 215 213 1
2011894881011329 137212174624640 send 385479 0 0 215 213 1
2011894881286859 137212174624640 send 332808 0 0 215 213 1
2011894881288939 137212174624640 send 14 0 0 215 213 1
2011894881289249 137212174624640 egress 216 1 0 213 0 0
2011894880648423 137212158232256 emit_beg 216 0 0 0 0 0
2011894880652102 137212158232256 dmg 0 1 0 0 1920 1080
2011894880652352 137212158232256 enc 215 215 1 -1 -1 0
2011894880695411 137212158232256 emit_end 216 0 0 0 0 0
2011894911659600 137212166624960 wait_end 0 0 0 0 0 0
2011894911662720 137212166624960 drain_beg 0 0 0 0 0 0
2011894911663130 137212166624960 drain_end 1 0 0 0 0 0
2011894911663300 137212166624960 take 217 0 0 0 0 0
2011894911663710 137212166624960 subm_beg 1 0 0 0 0 0
2011894911664900 137212166624960 submit 217 0 0 0 0 0
2011894911664970 137212166624960 subm_end 1 0 0 0 0 0
2011894911665000 137212166624960 pump_beg 1 0 0 0 0 0
2011894912010587 137212166624960 feedend 216 0 0 0 0 0
2011894912152752 137212166624960 feedend 216 1 0 0 0 0
2011894918947614 137212166624960 outfirst 216 1 65536 0 0 0
2011894909773429 137212174624640 cliack 214 0 215 216 0 0
2011894909773679 137212174624640 ackregion 215 216 216 214 1 0
2011894911643821 137212174624640 msgin 217 12533760 0 0 0 0
2011894911645001 137212174624640 enq 217 1 0 0 0 0
2011894920307424 137212166624960 outfirst 216 0 65536 0 0 0
2011894920403011 137212166624960 pump_end 1 2 0 0 0 0
2011894920403400 137212166624960 join_beg 1 0 0 0 0 0
2011894920403980 137212166624960 join_end 0 0 0 0 0 0
2011894920404130 137212166624960 book_beg 1 0 0 0 0 0
2011894920404990 137212166624960 batch 217 1 1 2 2 0
2011894920405050 137212166624960 book_end 1 0 0 0 0 0
2011894920405110 137212166624960 coll_beg 0 0 0 0 0 0
2011894920650551 137212166624960 coll_end 0 0 0 0 0 0
2011894920650701 137212166624960 rel_beg 1 0 0 0 0 0
2011894920651371 137212166624960 absorb 217 0 0 0 0 0
2011894920654911 137212166624960 rel_end 1 0 0 0 0 0
2011894920656221 137212166624960 wait_beg 0 0 0 0 0 0
2011894920718779 137212174624640 send 18 0 0 216 214 1
2011894921246410 137212174624640 send 446081 0 0 216 214 1
2011894921643355 137212174624640 send 338124 0 0 216 214 1
2011894921645335 137212174624640 send 14 0 0 216 214 1
2011894921645725 137212174624640 egress 217 1 0 214 0 0
2011894920662541 137212158232256 emit_beg 217 0 0 0 0 0
2011894920665771 137212158232256 dmg 0 1 0 0 1920 1080
2011894920665961 137212158232256 enc 216 216 1 -1 -1 0
2011894920717439 137212158232256 emit_end 217 0 0 0 0 0
2011894938786969 137212174624640 cliack 215 0 216 217 0 0
2011894938787539 137212174624640 ackregion 216 217 217 215 1 0
2011894943196868 137212166624960 wait_end 0 0 0 0 0 0
2011894943201028 137212166624960 drain_beg 0 0 0 0 0 0
2011894943201628 137212166624960 drain_end 1 0 0 0 0 0
2011894943201898 137212166624960 take 218 0 0 0 0 0
2011894943202178 137212166624960 subm_beg 1 0 0 0 0 0
2011894943203738 137212166624960 submit 218 0 0 0 0 0
2011894943203998 137212166624960 subm_end 1 0 0 0 0 0
2011894943204028 137212166624960 pump_beg 1 0 0 0 0 0
2011894943472978 137212166624960 feedend 217 0 0 0 0 0
2011894943647612 137212166624960 feedend 217 1 0 0 0 0
2011894943180569 137212174624640 msgin 218 12533760 0 0 0 0
2011894943182469 137212174624640 enq 218 1 0 0 0 0
2011894952407072 137212166624960 outfirst 217 1 65536 0 0 0
2011894953260411 137212166624960 outfirst 217 0 65536 0 0 0
2011894953371636 137212166624960 pump_end 1 2 0 0 0 0
2011894953373896 137212166624960 join_beg 1 0 0 0 0 0
2011894953374666 137212166624960 join_end 0 0 0 0 0 0
2011894953374936 137212166624960 book_beg 1 0 0 0 0 0
2011894953375456 137212166624960 batch 218 1 1 2 2 0
2011894953375496 137212166624960 book_end 1 0 0 0 0 0
2011894953375526 137212166624960 coll_beg 0 0 0 0 0 0
2011894953662816 137212166624960 coll_end 0 0 0 0 0 0
2011894953662856 137212166624960 rel_beg 1 0 0 0 0 0
2011894953663316 137212166624960 absorb 218 0 0 0 0 0
2011894953668316 137212166624960 rel_end 1 0 0 0 0 0
2011894953670466 137212166624960 wait_beg 0 0 0 0 0 0
2011894953709194 137212174624640 send 18 0 0 217 215 1
2011894954163698 137212174624640 send 572646 0 0 217 215 1
2011894954541854 137212174624640 send 521334 0 0 217 215 1
2011894954543224 137212174624640 send 14 0 0 217 215 1
2011894954543664 137212174624640 egress 218 1 0 215 0 0
2011894953675975 137212158232256 emit_beg 218 0 0 0 0 0
2011894953680195 137212158232256 dmg 0 1 0 0 1920 1080
2011894953680405 137212158232256 enc 217 217 1 -1 -1 0
2011894953749163 137212158232256 emit_end 218 0 0 0 0 0
2011894969670751 137212174624640 cliack 216 0 217 218 0 0
2011894969670961 137212174624640 ackregion 217 218 218 216 1 0
2011894974868911 137212166624960 wait_end 0 0 0 0 0 0
2011894974873541 137212166624960 drain_beg 0 0 0 0 0 0
2011894974873931 137212166624960 drain_end 1 0 0 0 0 0
2011894974874071 137212166624960 take 219 0 0 0 0 0
2011894974874431 137212166624960 subm_beg 1 0 0 0 0 0
2011894974875321 137212166624960 submit 219 0 0 0 0 0
2011894974875511 137212166624960 subm_end 1 0 0 0 0 0
2011894974875561 137212166624960 pump_beg 1 0 0 0 0 0
2011894975180870 137212166624960 feedend 218 0 0 0 0 0
2011894975384043 137212166624960 feedend 218 1 0 0 0 0
2011894974844402 137212174624640 msgin 219 12533760 0 0 0 0
2011894974845372 137212174624640 enq 219 1 0 0 0 0
2011894982258371 137212166624960 outfirst 218 1 65536 0 0 0
2011894982928867 137212166624960 outfirst 218 0 65536 0 0 0
2011894983015514 137212166624960 pump_end 1 2 0 0 0 0
2011894983015754 137212166624960 join_beg 1 0 0 0 0 0
2011894983016154 137212166624960 join_end 0 0 0 0 0 0
2011894983016214 137212166624960 book_beg 1 0 0 0 0 0
2011894983016434 137212166624960 batch 219 1 1 2 2 0
2011894983016554 137212166624960 book_end 1 0 0 0 0 0
2011894983016694 137212166624960 coll_beg 0 0 0 0 0 0
2011894983213487 137212166624960 coll_end 0 0 0 0 0 0
2011894983213747 137212166624960 rel_beg 1 0 0 0 0 0
2011894983214047 137212166624960 absorb 219 0 0 0 0 0
2011894983217556 137212166624960 rel_end 1 0 0 0 0 0
2011894983218916 137212166624960 wait_beg 0 0 0 0 0 0
2011894983241166 137212174624640 send 18 0 0 218 216 1
2011894983540405 137212174624640 send 382471 0 0 218 216 1
2011894983784156 137212174624640 send 330649 0 0 218 216 1
2011894983785376 137212174624640 send 14 0 0 218 216 1
2011894983785736 137212174624640 egress 219 1 0 216 0 0
2011894983223806 137212158232256 emit_beg 219 0 0 0 0 0
2011894983225876 137212158232256 dmg 0 1 0 0 1920 1080
2011894983226016 137212158232256 enc 218 218 1 -1 -1 0
2011894983263595 137212158232256 emit_end 219 0 0 0 0 0
2011895009020644 137212166624960 wait_end 0 0 0 0 0 0
2011895009023794 137212166624960 drain_beg 0 0 0 0 0 0
2011895009024044 137212166624960 drain_end 1 0 0 0 0 0
2011895009024284 137212166624960 take 220 0 0 0 0 0
2011895009024524 137212166624960 subm_beg 1 0 0 0 0 0
2011895009025344 137212166624960 submit 220 0 0 0 0 0
2011895009025554 137212166624960 subm_end 1 0 0 0 0 0
2011895009025604 137212166624960 pump_beg 1 0 0 0 0 0
2011895009310064 137212166624960 feedend 219 0 0 0 0 0
2011895009465348 137212166624960 feedend 219 1 0 0 0 0
2011895003573233 137212174624640 cliack 217 0 218 219 0 0
2011895003573443 137212174624640 ackregion 218 219 219 217 1 0
2011895008996535 137212174624640 msgin 220 12533760 0 0 0 0
2011895008997295 137212174624640 enq 220 1 0 0 0 0
2011895016526630 137212166624960 outfirst 219 1 65536 0 0 0
2011895017670358 137212166624960 outfirst 219 0 65536 0 0 0
2011895017725996 137212166624960 pump_end 1 2 0 0 0 0
2011895017726236 137212166624960 join_beg 1 0 0 0 0 0
2011895017726486 137212166624960 join_end 0 0 0 0 0 0
2011895017726546 137212166624960 book_beg 1 0 0 0 0 0
2011895017726796 137212166624960 batch 220 1 1 2 2 0
2011895017726846 137212166624960 book_end 1 0 0 0 0 0
2011895017726906 137212166624960 coll_beg 0 0 0 0 0 0
2011895017933698 137212166624960 coll_end 0 0 0 0 0 0
2011895017933788 137212166624960 rel_beg 1 0 0 0 0 0
2011895017934138 137212166624960 absorb 220 0 0 0 0 0
2011895017936948 137212166624960 rel_end 1 0 0 0 0 0
2011895017937918 137212166624960 wait_beg 0 0 0 0 0 0
2011895017957938 137212174624640 send 18 0 0 219 217 1
2011895018319954 137212174624640 send 441750 0 0 219 217 1
2011895018585955 137212174624640 send 363932 0 0 219 217 1
2011895018587105 137212174624640 send 14 0 0 219 217 1
2011895018587385 137212174624640 egress 220 1 0 217 0 0
2011895017945198 137212158232256 emit_beg 220 0 0 0 0 0
2011895017946148 137212158232256 dmg 0 1 0 0 1920 1080
2011895017946198 137212158232256 enc 219 219 1 -1 -1 0
2011895018002746 137212158232256 emit_end 220 0 0 0 0 0
2011895055299074 137212166624960 wait_end 0 0 0 0 0 0
2011895055302594 137212166624960 drain_beg 0 0 0 0 0 0
2011895055302884 137212166624960 drain_end 1 0 0 0 0 0
2011895055303034 137212166624960 take 221 0 0 0 0 0
2011895055303314 137212166624960 subm_beg 1 0 0 0 0 0
2011895055304104 137212166624960 submit 221 0 0 0 0 0
2011895055304264 137212166624960 subm_end 1 0 0 0 0 0
2011895055304314 137212166624960 pump_beg 1 0 0 0 0 0
2011895055590093 137212166624960 feedend 220 0 0 0 0 0
2011895055749777 137212166624960 feedend 220 1 0 0 0 0
2011895050868106 137212174624640 cliack 218 0 219 220 0 0
2011895050868286 137212174624640 ackregion 219 220 220 218 1 0
2011895055273895 137212174624640 msgin 221 12533760 0 0 0 0
2011895055274985 137212174624640 enq 221 1 0 0 0 0
2011895062487111 137212166624960 outfirst 220 1 65536 0 0 0
2011895063600451 137212166624960 outfirst 220 0 65536 0 0 0
2011895063649719 137212166624960 pump_end 1 2 0 0 0 0
2011895063650169 137212166624960 join_beg 1 0 0 0 0 0
2011895063650499 137212166624960 join_end 0 0 0 0 0 0
2011895063650539 137212166624960 book_beg 1 0 0 0 0 0
2011895063651179 137212166624960 batch 221 1 1 2 2 0
2011895063651229 137212166624960 book_end 1 0 0 0 0 0
2011895063651289 137212166624960 coll_beg 0 0 0 0 0 0
2011895063852242 137212166624960 coll_end 0 0 0 0 0 0
2011895063852372 137212166624960 rel_beg 1 0 0 0 0 0
2011895063852711 137212166624960 absorb 221 0 0 0 0 0
2011895063856451 137212166624960 rel_end 1 0 0 0 0 0
2011895063857691 137212166624960 wait_beg 0 0 0 0 0 0
2011895063893780 137212174624640 send 18 0 0 220 218 1
2011895064393432 137212174624640 send 413933 0 0 220 218 1
2011895064781948 137212174624640 send 328411 0 0 220 218 1
2011895064783957 137212174624640 send 14 0 0 220 218 1
2011895064784447 137212174624640 egress 221 1 0 218 0 0
2011895063864841 137212158232256 emit_beg 221 0 0 0 0 0
2011895063868931 137212158232256 dmg 0 1 0 0 1920 1080
2011895063869341 137212158232256 enc 220 220 1 -1 -1 0
2011895063924779 137212158232256 emit_end 221 0 0 0 0 0
2011895083547112 137212166624960 wait_end 0 0 0 0 0 0
2011895083549202 137212166624960 drain_beg 0 0 0 0 0 0
2011895083553712 137212166624960 drain_end 1 0 0 0 0 0
2011895083553872 137212166624960 take 222 0 0 0 0 0
2011895083554232 137212166624960 subm_beg 1 0 0 0 0 0
2011895083555032 137212166624960 submit 222 0 0 0 0 0
2011895083555082 137212166624960 subm_end 1 0 0 0 0 0
2011895083555122 137212166624960 pump_beg 1 0 0 0 0 0
2011895083886270 137212166624960 feedend 221 0 0 0 0 0
2011895084065413 137212166624960 feedend 221 1 0 0 0 0
2011895081634522 137212174624640 cliack 219 0 220 221 0 0
2011895081634742 137212174624640 ackregion 220 221 221 219 1 0
2011895083537773 137212174624640 msgin 222 12533760 0 0 0 0
2011895083538192 137212174624640 enq 222 1 0 0 0 0
2011895090974411 137212166624960 outfirst 221 1 65536 0 0 0
2011895091776902 137212166624960 outfirst 221 0 65536 0 0 0
2011895091849919 137212166624960 pump_end 1 2 0 0 0 0
2011895091850149 137212166624960 join_beg 1 0 0 0 0 0
2011895091850349 137212166624960 join_end 0 0 0 0 0 0
2011895091850579 137212166624960 book_beg 1 0 0 0 0 0
2011895091851009 137212166624960 batch 222 1 1 2 2 0
2011895091851049 137212166624960 book_end 1 0 0 0 0 0
2011895091851079 137212166624960 coll_beg 0 0 0 0 0 0
2011895092040642 137212166624960 coll_end 0 0 0 0 0 0
2011895092040772 137212166624960 rel_beg 1 0 0 0 0 0
2011895092041282 137212166624960 absorb 222 0 0 0 0 0
2011895092044382 137212166624960 rel_end 1 0 0 0 0 0
2011895092045892 137212166624960 wait_beg 0 0 0 0 0 0
2011895092082090 137212174624640 send 18 0 0 221 219 1
2011895092367780 137212174624640 send 382906 0 0 221 219 1
2011895092597982 137212174624640 send 323027 0 0 221 219 1
2011895092599321 137212174624640 send 14 0 0 221 219 1
2011895092599691 137212174624640 egress 222 1 0 219 0 0
2011895092053551 137212158232256 emit_beg 222 0 0 0 0 0
2011895092058091 137212158232256 dmg 0 1 0 0 1920 1080
2011895092058451 137212158232256 enc 221 221 1 -1 -1 0
2011895092103440 137212158232256 emit_end 222 0 0 0 0 0
2011895119714081 137212166624960 wait_end 0 0 0 0 0 0
2011895119715761 137212166624960 drain_beg 0 0 0 0 0 0
2011895119715971 137212166624960 drain_end 1 0 0 0 0 0
2011895119716091 137212166624960 take 223 0 0 0 0 0
2011895119716341 137212166624960 subm_beg 1 0 0 0 0 0
2011895119716851 137212166624960 submit 223 0 0 0 0 0
2011895119717131 137212166624960 subm_end 1 0 0 0 0 0
2011895119717161 137212166624960 pump_beg 1 0 0 0 0 0
2011895120063659 137212166624960 feedend 222 0 0 0 0 0
2011895120205793 137212166624960 feedend 222 1 0 0 0 0
2011895116552847 137212174624640 cliack 220 0 221 222 0 0
2011895116552947 137212174624640 ackregion 221 222 222 220 1 0
2011895119706042 137212174624640 msgin 223 12533760 0 0 0 0
2011895119706322 137212174624640 enq 223 1 0 0 0 0
2011895127444279 137212166624960 outfirst 222 1 65536 0 0 0
2011895128425143 137212166624960 outfirst 222 0 65536 0 0 0
2011895128493381 137212166624960 pump_end 1 2 0 0 0 0
2011895128493601 137212166624960 join_beg 1 0 0 0 0 0
2011895128493931 137212166624960 join_end 0 0 0 0 0 0
2011895128494261 137212166624960 book_beg 1 0 0 0 0 0
2011895128494851 137212166624960 batch 223 1 1 2 2 0
2011895128494881 137212166624960 book_end 1 0 0 0 0 0
2011895128494911 137212166624960 coll_beg 0 0 0 0 0 0
2011895128805789 137212166624960 coll_end 0 0 0 0 0 0
2011895128805899 137212166624960 rel_beg 1 0 0 0 0 0
2011895128806429 137212166624960 absorb 223 0 0 0 0 0
2011895128808679 137212166624960 rel_end 1 0 0 0 0 0
2011895128810419 137212166624960 wait_beg 0 0 0 0 0 0
2011895128839668 137212174624640 send 18 0 0 222 220 1
2011895129354959 137212174624640 send 431117 0 0 222 220 1
2011895129791163 137212174624640 send 355382 0 0 222 220 1
2011895129794083 137212174624640 send 14 0 0 222 220 1
2011895129795913 137212174624640 egress 223 1 0 220 0 0
2011895128816839 137212158232256 emit_beg 223 0 0 0 0 0
2011895128822179 137212158232256 dmg 0 1 0 0 1920 1080
2011895128822369 137212158232256 enc 222 222 1 -1 -1 0
2011895128870697 137212158232256 emit_end 223 0 0 0 0 0
2011895148656524 137212174624640 cliack 221 0 222 223 0 0
2011895148656964 137212174624640 ackregion 222 223 223 221 1 0
2011895152447296 137212166624960 wait_end 0 0 0 0 0 0
2011895152449876 137212166624960 drain_beg 0 0 0 0 0 0
2011895152450156 137212166624960 drain_end 1 0 0 0 0 0
2011895152450306 137212166624960 take 224 0 0 0 0 0
2011895152450796 137212166624960 subm_beg 1 0 0 0 0 0
2011895152451256 137212166624960 submit 224 0 0 0 0 0
2011895152451306 137212166624960 subm_end 1 0 0 0 0 0
2011895152451356 137212166624960 pump_beg 1 0 0 0 0 0
2011895152787173 137212166624960 feedend 223 0 0 0 0 0
2011895152946058 137212166624960 feedend 223 1 0 0 0 0
2011895160197743 137212166624960 outfirst 223 1 65536 0 0 0
2011895152426247 137212174624640 msgin 224 12533760 0 0 0 0
2011895152426587 137212174624640 enq 224 1 0 0 0 0
2011895161143658 137212166624960 outfirst 223 0 65536 0 0 0
2011895161204506 137212166624960 pump_end 1 2 0 0 0 0
2011895161204876 137212166624960 join_beg 1 0 0 0 0 0
2011895161205216 137212166624960 join_end 0 0 0 0 0 0
2011895161205326 137212166624960 book_beg 1 0 0 0 0 0
2011895161206096 137212166624960 batch 224 1 1 2 2 0
2011895161206156 137212166624960 book_end 1 0 0 0 0 0
2011895161206206 137212166624960 coll_beg 0 0 0 0 0 0
2011895161432408 137212166624960 coll_end 0 0 0 0 0 0
2011895161432548 137212166624960 rel_beg 1 0 0 0 0 0
2011895161433068 137212166624960 absorb 224 0 0 0 0 0
2011895161436428 137212166624960 rel_end 1 0 0 0 0 0
2011895161437977 137212166624960 wait_beg 0 0 0 0 0 0
2011895161481456 137212174624640 send 18 0 0 223 221 1
2011895161828303 137212174624640 send 445147 0 0 223 221 1
2011895162096903 137212174624640 send 376442 0 0 223 221 1
2011895162098333 137212174624640 send 14 0 0 223 221 1
2011895162098513 137212174624640 egress 224 1 0 221 0 0
2011895161457867 137212158232256 emit_beg 224 0 0 0 0 0
2011895161462697 137212158232256 dmg 0 1 0 0 1920 1080
2011895161462917 137212158232256 enc 223 223 1 -1 -1 0
2011895161526524 137212158232256 emit_end 224 0 0 0 0 0
2011895179061984 137212174624640 cliack 222 0 223 224 0 0
2011895179062744 137212174624640 ackregion 223 224 224 222 1 0
2011895184711527 137212166624960 wait_end 0 0 0 0 0 0
2011895184714687 137212166624960 drain_beg 0 0 0 0 0 0
2011895184715227 137212166624960 drain_end 1 0 0 0 0 0
2011895184715487 137212166624960 take 225 0 0 0 0 0
2011895184716127 137212166624960 subm_beg 1 0 0 0 0 0
2011895184717007 137212166624960 submit 225 0 0 0 0 0
2011895184717097 137212166624960 subm_end 1 0 0 0 0 0
2011895184717187 137212166624960 pump_beg 1 0 0 0 0 0
2011895185034736 137212166624960 feedend 224 0 0 0 0 0
2011895185066104 137212166624960 feedend 224 1 0 0 0 0
2011895184697188 137212174624640 msgin 225 12533760 0 0 0 0
2011895184697978 137212174624640 enq 225 1 0 0 0 0
2011895191563547 137212166624960 outfirst 224 1 65536 0 0 0
2011895192389987 137212166624960 outfirst 224 0 65536 0 0 0
2011895192481214 137212166624960 pump_end 1 2 0 0 0 0
2011895192481554 137212166624960 join_beg 1 0 0 0 0 0
2011895192481744 137212166624960 join_end 0 0 0 0 0 0
2011895192481854 137212166624960 book_beg 1 0 0 0 0 0
2011895192489343 137212166624960 batch 225 1 1 2 2 0
2011895192489383 137212166624960 book_end 1 0 0 0 0 0
2011895192489413 137212166624960 coll_beg 0 0 0 0 0 0
2011895192654357 137212166624960 coll_end 0 0 0 0 0 0
2011895192654397 137212166624960 rel_beg 1 0 0 0 0 0
2011895192654927 137212166624960 absorb 225 0 0 0 0 0
2011895192658787 137212166624960 rel_end 1 0 0 0 0 0
2011895192660117 137212166624960 wait_beg 0 0 0 0 0 0
2011895192733754 137212174624640 send 18 0 0 224 222 1
2011895193167349 137212174624640 send 349228 0 0 224 222 1
2011895193506836 137212174624640 send 289772 0 0 224 222 1
2011895193508756 137212174624640 send 14 0 0 224 222 1
2011895193509206 137212174624640 egress 225 1 0 222 0 0
2011895192674497 137212158232256 emit_beg 225 0 0 0 0 0
2011895192677157 137212158232256 dmg 0 1 0 0 1920 1080
2011895192677317 137212158232256 enc 224 224 1 -1 -1 0
2011895192714075 137212158232256 emit_end 225 0 0 0 0 0
2011895215714075 137212166624960 wait_end 0 0 0 0 0 0
2011895215719365 137212166624960 drain_beg 0 0 0 0 0 0
2011895215720065 137212166624960 drain_end 1 0 0 0 0 0
2011895215720285 137212166624960 take 226 0 0 0 0 0
2011895215721235 137212166624960 subm_beg 1 0 0 0 0 0
2011895215722855 137212166624960 submit 226 0 0 0 0 0
2011895215723015 137212166624960 subm_end 1 0 0 0 0 0
2011895215723095 137212166624960 pump_beg 1 0 0 0 0 0
2011895216023964 137212166624960 feedend 225 0 0 0 0 0
2011895216236846 137212166624960 feedend 225 1 0 0 0 0
2011895213096131 137212174624640 cliack 223 0 224 225 0 0
2011895213096441 137212174624640 ackregion 224 225 225 223 1 0
2011895215681656 137212174624640 msgin 226 12533760 0 0 0 0
2011895215684866 137212174624640 enq 226 1 0 0 0 0
2011895222846425 137212166624960 outfirst 225 1 65536 0 0 0
2011895224110759 137212166624960 outfirst 225 0 65536 0 0 0
2011895224161777 137212166624960 pump_end 1 2 0 0 0 0
2011895224161957 137212166624960 join_beg 1 0 0 0 0 0
2011895224162247 137212166624960 join_end 0 0 0 0 0 0
2011895224162327 137212166624960 book_beg 1 0 0 0 0 0
2011895224162777 137212166624960 batch 226 1 1 2 2 0
2011895224162927 137212166624960 book_end 1 0 0 0 0 0
2011895224163067 137212166624960 coll_beg 0 0 0 0 0 0
2011895224337760 137212166624960 coll_end 0 0 0 0 0 0
2011895224338010 137212166624960 rel_beg 1 0 0 0 0 0
2011895224338350 137212166624960 absorb 226 0 0 0 0 0
2011895224341310 137212166624960 rel_end 1 0 0 0 0 0
2011895224342490 137212166624960 wait_beg 0 0 0 0 0 0
2011895224369499 137212174624640 send 18 0 0 225 223 1
2011895224678548 137212174624640 send 400432 0 0 225 223 1
2011895225099282 137212174624640 send 310783 0 0 225 223 1
2011895225101252 137212174624640 send 14 0 0 225 223 1
2011895225101702 137212174624640 egress 226 1 0 223 0 0
2011895224356020 137212158232256 emit_beg 226 0 0 0 0 0
2011895224359089 137212158232256 dmg 0 1 0 0 1920 1080
2011895224359169 137212158232256 enc 225 225 1 -1 -1 0
2011895224394508 137212158232256 emit_end 226 0 0 0 0 0
2011895248782727 137212174624640 cliack 224 0 225 226 0 0
2011895248782937 137212174624640 ackregion 225 226 226 224 1 0
2011895252206872 137212166624960 wait_end 0 0 0 0 0 0
2011895252210322 137212166624960 drain_beg 0 0 0 0 0 0
2011895252210682 137212166624960 drain_end 1 0 0 0 0 0
2011895252210862 137212166624960 take 227 0 0 0 0 0
2011895252211202 137212166624960 subm_beg 1 0 0 0 0 0
2011895252211612 137212166624960 submit 227 0 0 0 0 0
2011895252211762 137212166624960 subm_end 1 0 0 0 0 0
2011895252211792 137212166624960 pump_beg 1 0 0 0 0 0
2011895252507431 137212166624960 feedend 226 0 0 0 0 0
2011895252693604 137212166624960 feedend 226 1 0 0 0 0
2011895260214710 137212166624960 outfirst 226 1 65536 0 0 0
2011895260689393 137212166624960 outfirst 226 0 65536 0 0 0
2011895260754570 137212166624960 pump_end 1 2 0 0 0 0
2011895260755150 137212166624960 join_beg 1 0 0 0 0 0
2011895260755940 137212166624960 join_end 0 0 0 0 0 0
2011895260756060 137212166624960 book_beg 1 0 0 0 0 0
2011895260756700 137212166624960 batch 227 1 1 2 2 0
2011895260756840 137212166624960 book_end 1 0 0 0 0 0
2011895260756980 137212166624960 coll_beg 0 0 0 0 0 0
2011895261029140 137212166624960 coll_end 0 0 0 0 0 0
2011895261029290 137212166624960 rel_beg 1 0 0 0 0 0
2011895261029700 137212166624960 absorb 227 0 0 0 0 0
2011895261034950 137212166624960 rel_end 1 0 0 0 0 0
2011895261037100 137212166624960 wait_beg 0 0 0 0 0 0
2011895252181463 137212174624640 msgin 227 12533760 0 0 0 0
2011895252182683 137212174624640 enq 227 1 0 0 0 0
2011895261071099 137212174624640 send 18 0 0 226 224 1
2011895261409556 137212174624640 send 424880 0 0 226 224 1
2011895261699886 137212174624640 send 396646 0 0 226 224 1
2011895261701186 137212174624640 send 14 0 0 226 224 1
2011895261701676 137212174624640 egress 227 1 0 224 0 0
2011895261047579 137212158232256 emit_beg 227 0 0 0 0 0
2011895261053009 137212158232256 dmg 0 1 0 0 1920 1080
2011895261053209 137212158232256 enc 226 226 1 -1 -1 0
2011895261112947 137212158232256 emit_end 227 0 0 0 0 0
2011895278188793 137212166624960 wait_end 0 0 0 0 0 0
2011895278192663 137212166624960 drain_beg 0 0 0 0 0 0
2011895278193103 137212166624960 drain_end 1 0 0 0 0 0
2011895278193253 137212166624960 take 228 0 0 0 0 0
2011895278193473 137212166624960 subm_beg 1 0 0 0 0 0
2011895278194613 137212166624960 submit 228 0 0 0 0 0
2011895278194713 137212166624960 subm_end 1 0 0 0 0 0
2011895278194773 137212166624960 pump_beg 1 0 0 0 0 0
2011895278507942 137212166624960 feedend 227 0 0 0 0 0
2011895278667326 137212166624960 feedend 227 1 0 0 0 0
2011895276250674 137212174624640 cliack 225 0 226 227 0 0
2011895276250994 137212174624640 ackregion 226 227 227 225 1 0
2011895278164154 137212174624640 msgin 228 12533760 0 0 0 0
2011895278164994 137212174624640 enq 228 1 0 0 0 0
2011895285953570 137212166624960 outfirst 227 1 65536 0 0 0
2011895286984312 137212166624960 outfirst 227 0 65536 0 0 0
2011895287063709 137212166624960 pump_end 1 2 0 0 0 0
2011895287063799 137212166624960 join_beg 1 0 0 0 0 0
2011895287063879 137212166624960 join_end 0 0 0 0 0 0
2011895287063959 137212166624960 book_beg 1 0 0 0 0 0
2011895287064259 137212166624960 batch 228 1 1 2 2 0
2011895287064289 137212166624960 book_end 1 0 0 0 0 0
2011895287064319 137212166624960 coll_beg 0 0 0 0 0 0
2011895287276331 137212166624960 coll_end 0 0 0 0 0 0
2011895287276381 137212166624960 rel_beg 1 0 0 0 0 0
2011895287276481 137212166624960 absorb 228 0 0 0 0 0
2011895287278711 137212166624960 rel_end 1 0 0 0 0 0
2011895287279781 137212166624960 wait_beg 0 0 0 0 0 0
2011895287306470 137212174624640 send 18 0 0 227 225 1
2011895287754634 137212174624640 send 455083 0 0 227 225 1
2011895288110301 137212174624640 send 386940 0 0 227 225 1
2011895288111451 137212174624640 send 14 0 0 227 225 1
2011895288111751 137212174624640 egress 228 1 0 225 0 0
2011895287287181 137212158232256 emit_beg 228 0 0 0 0 0
2011895287291941 137212158232256 dmg 0 1 0 0 1920 1080
2011895287292021 137212158232256 enc 227 227 1 -1 -1 0
2011895287340759 137212158232256 emit_end 228 0 0 0 0 0
2011895311823795 137212166624960 wait_end 0 0 0 0 0 0
2011895311826995 137212166624960 drain_beg 0 0 0 0 0 0
2011895311827355 137212166624960 drain_end 1 0 0 0 0 0
2011895311827625 137212166624960 take 229 0 0 0 0 0
2011895311828005 137212166624960 subm_beg 1 0 0 0 0 0
2011895311835735 137212166624960 submit 229 0 0 0 0 0
2011895311835875 137212166624960 subm_end 1 0 0 0 0 0
2011895311835945 137212166624960 pump_beg 1 0 0 0 0 0
2011895306866256 137212174624640 cliack 226 0 227 228 0 0
2011895306866446 137212174624640 ackregion 227 228 228 226 1 0
2011895311795096 137212174624640 msgin 229 12533760 0 0 0 0
2011895311797046 137212174624640 enq 229 1 0 0 0 0
2011895312153313 137212166624960 feedend 228 0 0 0 0 0
2011895312338356 137212166624960 feedend 228 1 0 0 0 0
2011895320229108 137212166624960 outfirst 228 1 65536 0 0 0
2011895321171303 137212166624960 outfirst 228 0 65536 0 0 0
2011895321249171 137212166624960 pump_end 1 2 0 0 0 0
2011895321249381 137212166624960 join_beg 1 0 0 0 0 0
2011895321249621 137212166624960 join_end 0 0 0 0 0 0
2011895321249721 137212166624960 book_beg 1 0 0 0 0 0
2011895321250051 137212166624960 batch 229 1 1 2 2 0
2011895321250091 137212166624960 book_end 1 0 0 0 0 0
2011895321250121 137212166624960 coll_beg 0 0 0 0 0 0
2011895321518331 137212166624960 coll_end 0 0 0 0 0 0
2011895321518381 137212166624960 rel_beg 1 0 0 0 0 0
2011895321518901 137212166624960 absorb 229 0 0 0 0 0
2011895321522511 137212166624960 rel_end 1 0 0 0 0 0
2011895321523541 137212166624960 wait_beg 0 0 0 0 0 0
2011895321544180 137212174624640 send 18 0 0 228 226 1
2011895321936496 137212174624640 send 496007 0 0 228 226 1
2011895321529150 137212158232256 emit_beg 229 0 0 0 0 0
2011895321531920 137212158232256 dmg 0 1 0 0 1920 1080
2011895321532080 137212158232256 enc 228 228 1 -1 -1 0
2011895321587968 137212158232256 emit_end 229 0 0 0 0 0
2011895322272053 137212174624640 send 421287 0 0 228 226 1
2011895322273733 137212174624640 send 14 0 0 228 226 1
2011895322274003 137212174624640 egress 229 1 0 226 0 0
2011895347828080 137212166624960 wait_end 0 0 0 0 0 0
2011895347833440 137212166624960 drain_beg 0 0 0 0 0 0
2011895347834060 137212166624960 drain_end 1 0 0 0 0 0
2011895347834250 137212166624960 take 230 0 0 0 0 0
2011895347834570 137212166624960 subm_beg 1 0 0 0 0 0
2011895347836260 137212166624960 submit 230 0 0 0 0 0
2011895347836360 137212166624960 subm_end 1 0 0 0 0 0
2011895347836410 137212166624960 pump_beg 1 0 0 0 0 0
2011895348131189 137212166624960 feedend 229 0 0 0 0 0
2011895348314092 137212166624960 feedend 229 1 0 0 0 0
2011895342530913 137212174624640 cliack 227 0 228 229 0 0
2011895342531103 137212174624640 ackregion 228 229 229 227 1 0
2011895347798141 137212174624640 msgin 230 12533760 0 0 0 0
2011895347799831 137212174624640 enq 230 1 0 0 0 0
2011895355088295 137212166624960 outfirst 229 1 65536 0 0 0
2011895356575991 137212166624960 outfirst 229 0 65536 0 0 0
2011895356636988 137212166624960 pump_end 1 2 0 0 0 0
2011895356637218 137212166624960 join_beg 1 0 0 0 0 0
2011895356637838 137212166624960 join_end 0 0 0 0 0 0
2011895356637918 137212166624960 book_beg 1 0 0 0 0 0
2011895356638158 137212166624960 batch 230 1 1 2 2 0
2011895356638288 137212166624960 book_end 1 0 0 0 0 0
2011895356638428 137212166624960 coll_beg 0 0 0 0 0 0
2011895356845751 137212166624960 coll_end 0 0 0 0 0 0
2011895356845891 137212166624960 rel_beg 1 0 0 0 0 0
2011895356846391 137212166624960 absorb 230 0 0 0 0 0
2011895356850061 137212166624960 rel_end 1 0 0 0 0 0
2011895356851460 137212166624960 wait_beg 0 0 0 0 0 0
2011895356883089 137212174624640 send 18 0 0 229 227 1
2011895357243476 137212174624640 send 434834 0 0 229 227 1
2011895357482907 137212174624640 send 329117 0 0 229 227 1
2011895357484577 137212174624640 send 14 0 0 229 227 1
2011895357485057 137212174624640 egress 230 1 0 227 0 0
2011895356858180 137212158232256 emit_beg 230 0 0 0 0 0
2011895356861390 137212158232256 dmg 0 1 0 0 1920 1080
2011895356861820 137212158232256 enc 229 229 1 -1 -1 0
2011895356905238 137212158232256 emit_end 230 0 0 0 0 0
2011895378900915 137212174624640 cliack 228 0 229 230 0 0
2011895378901015 137212174624640 ackregion 229 230 230 228 1 0
2011895384477251 137212166624960 wait_end 0 0 0 0 0 0
2011895384483141 137212166624960 drain_beg 0 0 0 0 0 0
2011895384483881 137212166624960 drain_end 1 0 0 0 0 0
2011895384484051 137212166624960 take 231 0 0 0 0 0
2011895384484561 137212166624960 subm_beg 1 0 0 0 0 0
2011895384485711 137212166624960 submit 231 0 0 0 0 0
2011895384485871 137212166624960 subm_end 1 0 0 0 0 0
2011895384485951 137212166624960 pump_beg 1 0 0 0 0 0
2011895384799690 137212166624960 feedend 230 0 0 0 0 0
2011895385000532 137212166624960 feedend 230 1 0 0 0 0
2011895392502778 137212166624960 outfirst 230 1 65536 0 0 0
2011895384448532 137212174624640 msgin 231 12533760 0 0 0 0
2011895384451212 137212174624640 enq 231 1 0 0 0 0
2011895393338738 137212166624960 outfirst 230 0 65536 0 0 0
2011895393480133 137212166624960 pump_end 1 2 0 0 0 0
2011895393480413 137212166624960 join_beg 1 0 0 0 0 0
2011895393480803 137212166624960 join_end 0 0 0 0 0 0
2011895393480893 137212166624960 book_beg 1 0 0 0 0 0
2011895393481213 137212166624960 batch 231 1 1 2 2 0
2011895393481373 137212166624960 book_end 1 0 0 0 0 0
2011895393481543 137212166624960 coll_beg 0 0 0 0 0 0
2011895393708694 137212166624960 coll_end 0 0 0 0 0 0
2011895393708824 137212166624960 rel_beg 1 0 0 0 0 0
2011895393709394 137212166624960 absorb 231 0 0 0 0 0
2011895393714604 137212166624960 rel_end 1 0 0 0 0 0
2011895393716224 137212166624960 wait_beg 0 0 0 0 0 0
2011895393745403 137212174624640 send 18 0 0 230 228 1
2011895394100920 137212174624640 send 445325 0 0 230 228 1
2011895394381170 137212174624640 send 383019 0 0 230 228 1
2011895394382550 137212174624640 send 14 0 0 230 228 1
2011895394383030 137212174624640 egress 231 1 0 228 0 0
2011895393720614 137212158232256 emit_beg 231 0 0 0 0 0
2011895393723504 137212158232256 dmg 0 1 0 0 1920 1080
2011895393723804 137212158232256 enc 230 230 1 -1 -1 0
2011895393771872 137212158232256 emit_end 231 0 0 0 0 0
2011895418596785 137212174624640 cliack 229 0 230 231 0 0
2011895418596975 137212174624640 ackregion 230 231 231 229 1 0
2011895422791882 137212166624960 wait_end 0 0 0 0 0 0
2011895422795932 137212166624960 drain_beg 0 0 0 0 0 0
2011895422796192 137212166624960 drain_end 1 0 0 0 0 0
2011895422796502 137212166624960 take 232 0 0 0 0 0
2011895422796952 137212166624960 subm_beg 1 0 0 0 0 0
2011895422797622 137212166624960 submit 232 0 0 0 0 0
2011895422797792 137212166624960 subm_end 1 0 0 0 0 0
2011895422797842 137212166624960 pump_beg 1 0 0 0 0 0
2011895423165928 137212166624960 feedend 231 0 0 0 0 0
2011895423389480 137212166624960 feedend 231 1 0 0 0 0
2011895430531640 137212166624960 outfirst 231 1 65536 0 0 0
2011895431491524 137212166624960 outfirst 231 0 65536 0 0 0
2011895431575031 137212166624960 pump_end 1 2 0 0 0 0
2011895431575271 137212166624960 join_beg 1 0 0 0 0 0
2011895431575581 137212166624960 join_end 0 0 0 0 0 0
2011895431575731 137212166624960 book_beg 1 0 0 0 0 0
2011895431576161 137212166624960 batch 232 1 1 2 2 0
2011895431576311 137212166624960 book_end 1 0 0 0 0 0
2011895431581651 137212166624960 coll_beg 0 0 0 0 0 0
2011895431784384 137212166624960 coll_end 0 0 0 0 0 0
2011895431784434 137212166624960 rel_beg 1 0 0 0 0 0
2011895431784814 137212166624960 absorb 232 0 0 0 0 0
2011895431788224 137212166624960 rel_end 1 0 0 0 0 0
2011895431789494 137212166624960 wait_beg 0 0 0 0 0 0
2011895422762743 137212174624640 msgin 232 12533760 0 0 0 0
2011895422764183 137212174624640 enq 232 1 0 0 0 0
2011895431826862 137212174624640 send 18 0 0 231 229 1
2011895432387992 137212174624640 send 423010 0 0 231 229 1
2011895431798093 137212158232256 emit_beg 232 0 0 0 0 0
2011895431801493 137212158232256 dmg 0 1 0 0 1920 1080
2011895431801683 137212158232256 enc 231 231 1 -1 -1 0
2011895431849771 137212158232256 emit_end 232 0 0 0 0 0
2011895432807816 137212174624640 send 350882 0 0 231 229 1
2011895432809936 137212174624640 send 14 0 0 231 229 1
2011895432810946 137212174624640 egress 232 1 0 229 0 0
2011895451607750 137212174624640 cliack 230 0 231 232 0 0
2011895451607870 137212174624640 ackregion 231 232 232 230 1 0
2011895455320584 137212166624960 wait_end 0 0 0 0 0 0
2011895455324264 137212166624960 drain_beg 0 0 0 0 0 0
2011895455325154 137212166624960 drain_end 1 0 0 0 0 0
2011895455325494 137212166624960 take 233 0 0 0 0 0
2011895455325984 137212166624960 subm_beg 1 0 0 0 0 0
2011895455327064 137212166624960 submit 233 0 0 0 0 0
2011895455327274 137212166624960 subm_end 1 0 0 0 0 0
2011895455327354 137212166624960 pump_beg 1 0 0 0 0 0
2011895455643202 137212166624960 feedend 232 0 0 0 0 0
2011895455832945 137212166624960 feedend 232 1 0 0 0 0
2011895455295085 137212174624640 msgin 233 12533760 0 0 0 0
2011895455296425 137212174624640 enq 233 1 0 0 0 0
2011895463469407 137212166624960 outfirst 232 1 65536 0 0 0
2011895464100113 137212166624960 outfirst 232 0 65536 0 0 0
2011895464175811 137212166624960 pump_end 1 2 0 0 0 0
2011895464176001 137212166624960 join_beg 1 0 0 0 0 0
2011895464176271 137212166624960 join_end 0 0 0 0 0 0
2011895464176461 137212166624960 book_beg 1 0 0 0 0 0
2011895464176931 137212166624960 batch 233 1 1 2 2 0
2011895464177011 137212166624960 book_end 1 0 0 0 0 0
2011895464177081 137212166624960 coll_beg 0 0 0 0 0 0
2011895464528588 137212166624960 coll_end 0 0 0 0 0 0
2011895464528638 137212166624960 rel_beg 1 0 0 0 0 0
2011895464528928 137212166624960 absorb 233 0 0 0 0 0
2011895464532418 137212166624960 rel_end 1 0 0 0 0 0
2011895464533788 137212166624960 wait_beg 0 0 0 0 0 0
2011895464554087 137212174624640 send 18 0 0 232 230 1
2011895464962042 137212174624640 send 453126 0 0 232 230 1
2011895465450224 137212174624640 send 408295 0 0 232 230 1
2011895465452454 137212174624640 send 14 0 0 232 230 1
2011895465453014 137212174624640 egress 233 1 0 230 0 0
2011895464540847 137212158232256 emit_beg 233 0 0 0 0 0
2011895464542677 137212158232256 dmg 0 1 0 0 1920 1080
2011895464542877 137212158232256 enc 232 232 1 -1 -1 0
2011895464598165 137212158232256 emit_end 233 0 0 0 0 0
2011895492243506 137212166624960 wait_end 0 0 0 0 0 0
2011895492247135 137212166624960 drain_beg 0 0 0 0 0 0
2011895492247685 137212166624960 drain_end 1 0 0 0 0 0
2011895492247835 137212166624960 take 234 0 0 0 0 0
2011895492248235 137212166624960 subm_beg 1 0 0 0 0 0
2011895492248915 137212166624960 submit 234 0 0 0 0 0
2011895492249065 137212166624960 subm_end 1 0 0 0 0 0
2011895492249125 137212166624960 pump_beg 1 0 0 0 0 0
2011895492506026 137212166624960 feedend 233 0 0 0 0 0
2011895492688759 137212166624960 feedend 233 1 0 0 0 0
2011895487221429 137212174624640 cliack 231 0 232 233 0 0
2011895487221879 137212174624640 ackregion 232 233 233 231 1 0
2011895492219046 137212174624640 msgin 234 12533760 0 0 0 0
2011895492219666 137212174624640 enq 234 1 0 0 0 0
2011895499809879 137212166624960 outfirst 233 1 65536 0 0 0
2011895500786934 137212166624960 outfirst 233 0 65536 0 0 0
2011895500842891 137212166624960 pump_end 1 2 0 0 0 0
2011895500843271 137212166624960 join_beg 1 0 0 0 0 0
2011895500843551 137212166624960 join_end 0 0 0 0 0 0
2011895500843691 137212166624960 book_beg 1 0 0 0 0 0
2011895500843861 137212166624960 batch 234 1 1 2 2 0
2011895500843911 137212166624960 book_end 1 0 0 0 0 0
2011895500843971 137212166624960 coll_beg 0 0 0 0 0 0
2011895501157790 137212166624960 coll_end 0 0 0 0 0 0
2011895501157830 137212166624960 rel_beg 1 0 0 0 0 0
2011895501158210 137212166624960 absorb 234 0 0 0 0 0
2011895501161530 137212166624960 rel_end 1 0 0 0 0 0
2011895501162600 137212166624960 wait_beg 0 0 0 0 0 0
2011895501182219 137212174624640 send 18 0 0 233 231 1
2011895501695420 137212174624640 send 429827 0 0 233 231 1
2011895502099416 137212174624640 send 359150 0 0 233 231 1
2011895502100716 137212174624640 send 14 0 0 233 231 1
2011895502100996 137212174624640 egress 234 1 0 231 0 0
2011895501167400 137212158232256 emit_beg 234 0 0 0 0 0
2011895501168410 137212158232256 dmg 0 1 0 0 1920 1080
2011895501168690 137212158232256 enc 233 233 1 -1 -1 0
2011895501214518 137212158232256 emit_end 234 0 0 0 0 0
2011895520744345 137212174624640 cliack 232 0 233 234 0 0
2011895520744515 137212174624640 ackregion 233 234 234 232 1 0
2011895525945945 137212166624960 wait_end 0 0 0 0 0 0
2011895525950944 137212166624960 drain_beg 0 0 0 0 0 0
2011895525951654 137212166624960 drain_end 1 0 0 0 0 0
2011895525951794 137212166624960 take 235 0 0 0 0 0
2011895525952344 137212166624960 subm_beg 1 0 0 0 0 0
2011895525953344 137212166624960 submit 235 0 0 0 0 0
2011895525953514 137212166624960 subm_end 1 0 0 0 0 0
2011895525953574 137212166624960 pump_beg 1 0 0 0 0 0
2011895526257613 137212166624960 feedend 234 0 0 0 0 0
2011895526480905 137212166624960 feedend 234 1 0 0 0 0
2011895525917586 137212174624640 msgin 235 12533760 0 0 0 0
2011895525919516 137212174624640 enq 235 1 0 0 0 0
2011895533359464 137212166624960 outfirst 234 1 65536 0 0 0
2011895534387746 137212166624960 outfirst 234 0 65536 0 0 0
2011895534496032 137212166624960 pump_end 1 2 0 0 0 0
2011895534496262 137212166624960 join_beg 1 0 0 0 0 0
2011895534496802 137212166624960 join_end 0 0 0 0 0 0
2011895534497142 137212166624960 book_beg 1 0 0 0 0 0
2011895534497732 137212166624960 batch 235 1 1 2 2 0
2011895534497822 137212166624960 book_end 1 0 0 0 0 0
2011895534497902 137212166624960 coll_beg 0 0 0 0 0 0
2011895534787902 137212166624960 coll_end 0 0 0 0 0 0
2011895534788002 137212166624960 rel_beg 1 0 0 0 0 0
2011895534788552 137212166624960 absorb 235 0 0 0 0 0
2011895534793751 137212166624960 rel_end 1 0 0 0 0 0
2011895534796001 137212166624960 wait_beg 0 0 0 0 0 0
2011895534840550 137212174624640 send 18 0 0 234 232 1
2011895535385230 137212174624640 send 415064 0 0 234 232 1
2011895535800905 137212174624640 send 329466 0 0 234 232 1
2011895535802375 137212174624640 send 14 0 0 234 232 1
2011895535802705 137212174624640 egress 235 1 0 232 0 0
2011895534816411 137212158232256 emit_beg 235 0 0 0 0 0
2011895534824490 137212158232256 dmg 0 1 0 0 1920 1080
2011895534824780 137212158232256 enc 234 234 1 -1 -1 0
2011895534877138 137212158232256 emit_end 235 0 0 0 0 0
2011895561955810 137212166624960 wait_end 0 0 0 0 0 0
2011895561960189 137212166624960 drain_beg 0 0 0 0 0 0
2011895561960739 137212166624960 drain_end 1 0 0 0 0 0
2011895561960879 137212166624960 take 236 0 0 0 0 0
2011895561961209 137212166624960 subm_beg 1 0 0 0 0 0
2011895561962139 137212166624960 submit 236 0 0 0 0 0
2011895561962349 137212166624960 subm_end 1 0 0 0 0 0
2011895561962449 137212166624960 pump_beg 1 0 0 0 0 0
2011895562268868 137212166624960 feedend 235 0 0 0 0 0
2011895562475731 137212166624960 feedend 235 1 0 0 0 0
2011895558006154 137212174624640 cliack 233 0 234 235 0 0
2011895558006244 137212174624640 ackregion 234 235 235 233 1 0
2011895561930460 137212174624640 msgin 236 12533760 0 0 0 0
2011895561931650 137212174624640 enq 236 1 0 0 0 0
2011895569237953 137212166624960 outfirst 235 1 65536 0 0 0
2011895569436856 137212166624960 outfirst 235 0 65536 0 0 0
2011895569485395 137212166624960 pump_end 1 2 0 0 0 0
2011895569485664 137212166624960 join_beg 1 0 0 0 0 0
2011895569485964 137212166624960 join_end 0 0 0 0 0 0
2011895569486264 137212166624960 book_beg 1 0 0 0 0 0
2011895569486514 137212166624960 batch 236 1 1 2 2 0
2011895569486594 137212166624960 book_end 1 0 0 0 0 0
2011895569486754 137212166624960 coll_beg 0 0 0 0 0 0
2011895569728566 137212166624960 coll_end 0 0 0 0 0 0
2011895569728706 137212166624960 rel_beg 1 0 0 0 0 0
2011895569728976 137212166624960 absorb 236 0 0 0 0 0
2011895569733155 137212166624960 rel_end 1 0 0 0 0 0
2011895569734705 137212166624960 wait_beg 0 0 0 0 0 0
2011895569771304 137212174624640 send 18 0 0 235 233 1
2011895570043164 137212174624640 send 333644 0 0 235 233 1
2011895570264546 137212174624640 send 306277 0 0 235 233 1
2011895570265656 137212174624640 send 14 0 0 235 233 1
2011895570265896 137212174624640 egress 236 1 0 233 0 0
2011895569757155 137212158232256 emit_beg 236 0 0 0 0 0
2011895569763714 137212158232256 dmg 0 1 0 0 1920 1080
2011895569763914 137212158232256 enc 235 235 1 -1 -1 0
2011895569807213 137212158232256 emit_end 236 0 0 0 0 0
2011895592289702 137212174624640 cliack 234 0 235 236 0 0
2011895592289842 137212174624640 ackregion 235 236 236 234 1 0
2011895596104142 137212166624960 wait_end 0 0 0 0 0 0
2011895596108422 137212166624960 drain_beg 0 0 0 0 0 0
2011895596108752 137212166624960 drain_end 1 0 0 0 0 0
2011895596108872 137212166624960 take 237 0 0 0 0 0
2011895596109352 137212166624960 subm_beg 1 0 0 0 0 0
2011895596110182 137212166624960 submit 237 0 0 0 0 0
2011895596110342 137212166624960 subm_end 1 0 0 0 0 0
2011895596110542 137212166624960 pump_beg 1 0 0 0 0 0
2011895596391522 137212166624960 feedend 236 0 0 0 0 0
2011895596585655 137212166624960 feedend 236 1 0 0 0 0
2011895596075103 137212174624640 msgin 237 12533760 0 0 0 0
2011895596076353 137212174624640 enq 237 1 0 0 0 0
2011895604035643 137212166624960 outfirst 236 1 65536 0 0 0
2011895604676649 137212166624960 outfirst 236 0 65536 0 0 0
2011895604740677 137212166624960 pump_end 1 2 0 0 0 0
2011895604740927 137212166624960 join_beg 1 0 0 0 0 0
2011895604741607 137212166624960 join_end 0 0 0 0 0 0
2011895604741667 137212166624960 book_beg 1 0 0 0 0 0
2011895604742177 137212166624960 batch 237 1 1 2 2 0
2011895604742317 137212166624960 book_end 1 0 0 0 0 0
2011895604742477 137212166624960 coll_beg 0 0 0 0 0 0
2011895604967259 137212166624960 coll_end 0 0 0 0 0 0
2011895604967419 137212166624960 rel_beg 1 0 0 0 0 0
2011895604967939 137212166624960 absorb 237 0 0 0 0 0
2011895604972488 137212166624960 rel_end 1 0 0 0 0 0
2011895604973928 137212166624960 wait_beg 0 0 0 0 0 0
2011895604998128 137212174624640 send 18 0 0 236 234 1
2011895605515969 137212174624640 send 429095 0 0 236 234 1
2011895605895415 137212174624640 send 384044 0 0 236 234 1
2011895605896585 137212174624640 send 14 0 0 236 234 1
2011895605896795 137212174624640 egress 237 1 0 234 0 0
2011895604980188 137212158232256 emit_beg 237 0 0 0 0 0
2011895604983738 137212158232256 dmg 0 1 0 0 1920 1080
2011895604983918 137212158232256 enc 236 236 1 -1 -1 0
2011895605037146 137212158232256 emit_end 237 0 0 0 0 0
2011895628301056 137212166624960 wait_end 0 0 0 0 0 0
2011895628305686 137212166624960 drain_beg 0 0 0 0 0 0
2011895628306086 137212166624960 drain_end 1 0 0 0 0 0
2011895628306326 137212166624960 take 238 0 0 0 0 0
2011895628306986 137212166624960 subm_beg 1 0 0 0 0 0
2011895628308016 137212166624960 submit 238 0 0 0 0 0
2011895628308156 137212166624960 subm_end 1 0 0 0 0 0
2011895628308186 137212166624960 pump_beg 1 0 0 0 0 0
2011895628592206 137212166624960 feedend 237 0 0 0 0 0
2011895628796188 137212166624960 feedend 237 1 0 0 0 0
2011895624317252 137212174624640 cliack 235 0 236 237 0 0
2011895624317442 137212174624640 ackregion 236 237 237 235 1 0
2011895628273877 137212174624640 msgin 238 12533760 0 0 0 0
2011895628275077 137212174624640 enq 238 1 0 0 0 0
2011895635713406 137212166624960 outfirst 237 1 65536 0 0 0
2011895636665971 137212166624960 outfirst 237 0 65536 0 0 0
2011895636724489 137212166624960 pump_end 1 2 0 0 0 0
2011895636724749 137212166624960 join_beg 1 0 0 0 0 0
2011895636725069 137212166624960 join_end 0 0 0 0 0 0
2011895636725399 137212166624960 book_beg 1 0 0 0 0 0
2011895636725839 137212166624960 batch 238 1 1 2 2 0
2011895636725869 137212166624960 book_end 1 0 0 0 0 0
2011895636726149 137212166624960 coll_beg 0 0 0 0 0 0
2011895637073426 137212166624960 coll_end 0 0 0 0 0 0
2011895637073506 137212166624960 rel_beg 1 0 0 0 0 0
2011895637073906 137212166624960 absorb 238 0 0 0 0 0
2011895637078966 137212166624960 rel_end 1 0 0 0 0 0
2011895637080306 137212166624960 wait_beg 0 0 0 0 0 0
2011895637101525 137212174624640 send 18 0 0 237 235 1
2011895637448172 137212174624640 send 406297 0 0 237 235 1
2011895637706403 137212174624640 send 338714 0 0 237 235 1
2011895637707613 137212174624640 send 14 0 0 237 235 1
2011895637707843 137212174624640 egress 238 1 0 235 0 0
2011895637085626 137212158232256 emit_beg 238 0 0 0 0 0
2011895637088526 137212158232256 dmg 0 1 0 0 1920 1080
2011895637088736 137212158232256 enc 237 237 1 -1 -1 0
2011895637139514 137212158232256 emit_end 238 0 0 0 0 0
2011895652035130 137212174624640 cliack 236 0 237 238 0 0
2011895652035250 137212174624640 ackregion 237 238 238 236 1 0
2011895654487300 137212166624960 wait_end 0 0 0 0 0 0
2011895654490660 137212166624960 drain_beg 0 0 0 0 0 0
2011895654491010 137212166624960 drain_end 1 0 0 0 0 0
2011895654491170 137212166624960 take 239 0 0 0 0 0
2011895654491690 137212166624960 subm_beg 1 0 0 0 0 0
2011895654493000 137212166624960 submit 239 0 0 0 0 0
2011895654493060 137212166624960 subm_end 1 0 0 0 0 0
2011895654493110 137212166624960 pump_beg 1 0 0 0 0 0
2011895654825038 137212166624960 feedend 238 0 0 0 0 0
2011895654980832 137212166624960 feedend 238 1 0 0 0 0
2011895661982466 137212166624960 outfirst 238 1 65536 0 0 0
2011895663658665 137212166624960 outfirst 238 0 65536 0 0 0
2011895663757381 137212166624960 pump_end 1 2 0 0 0 0
2011895663757541 137212166624960 join_beg 1 0 0 0 0 0
2011895663757781 137212166624960 join_end 0 0 0 0 0 0
2011895663757981 137212166624960 book_beg 1 0 0 0 0 0
2011895663758341 137212166624960 batch 239 1 1 2 2 0
2011895663758381 137212166624960 book_end 1 0 0 0 0 0
2011895663758421 137212166624960 coll_beg 0 0 0 0 0 0
2011895664043201 137212166624960 coll_end 0 0 0 0 0 0
2011895664043281 137212166624960 rel_beg 1 0 0 0 0 0
2011895664048851 137212166624960 absorb 239 0 0 0 0 0
2011895664052471 137212166624960 rel_end 1 0 0 0 0 0
2011895664054521 137212166624960 wait_beg 0 0 0 0 0 0
2011895654473490 137212174624640 msgin 239 12533760 0 0 0 0
2011895654474340 137212174624640 enq 239 1 0 0 0 0
2011895664060800 137212158232256 emit_beg 239 0 0 0 0 0
2011895664064440 137212158232256 dmg 0 1 0 0 1920 1080
2011895664064620 137212158232256 enc 238 238 1 -1 -1 0
2011895664103149 137212174624640 send 18 0 0 238 236 1
2011895664668478 137212174624640 send 478919 0 0 238 236 1
2011895665034475 137212174624640 send 361293 0 0 238 236 1
2011895665036395 137212174624640 send 14 0 0 238 236 1
2011895665038725 137212174624640 egress 239 1 0 236 0 0
2011895664118408 137212158232256 emit_end 239 0 0 0 0 0
2011895692963035 137212166624960 wait_end 0 0 0 0 0 0
2011895692966145 137212166624960 drain_beg 0 0 0 0 0 0
2011895692966465 137212166624960 drain_end 1 0 0 0 0 0
2011895692966705 137212166624960 take 240 0 0 0 0 0
2011895692967045 137212166624960 subm_beg 1 0 0 0 0 0
2011895692967695 137212166624960 submit 240 0 0 0 0 0
2011895692967845 137212166624960 subm_end 1 0 0 0 0 0
2011895692967875 137212166624960 pump_beg 1 0 0 0 0 0
2011895693249844 137212166624960 feedend 239 0 0 0 0 0
2011895693416598 137212166624960 feedend 239 1 0 0 0 0
2011895687261193 137212174624640 cliack 237 0 238 239 0 0
2011895687261583 137212174624640 ackregion 238 239 239 237 1 0
2011895692938926 137212174624640 msgin 240 12533760 0 0 0 0
2011895692939726 137212174624640 enq 240 1 0 0 0 0
2011895700617425 137212166624960 outfirst 239 1 65536 0 0 0
2011895701766323 137212166624960 outfirst 239 0 65536 0 0 0
2011895701869010 137212166624960 pump_end 1 2 0 0 0 0
2011895701869340 137212166624960 join_beg 1 0 0 0 0 0
2011895701869680 137212166624960 join_end 0 0 0 0 0 0
2011895701869970 137212166624960 book_beg 1 0 0 0 0 0
2011895701870550 137212166624960 batch 240 1 1 2 2 0
2011895701870580 137212166624960 book_end 1 0 0 0 0 0
2011895701870620 137212166624960 coll_beg 0 0 0 0 0 0
2011895702154639 137212166624960 coll_end 0 0 0 0 0 0
2011895702154689 137212166624960 rel_beg 1 0 0 0 0 0
2011895702155359 137212166624960 absorb 240 0 0 0 0 0
2011895702158769 137212166624960 rel_end 1 0 0 0 0 0
2011895702160529 137212166624960 wait_beg 0 0 0 0 0 0
2011895702239586 137212174624640 send 18 0 0 239 237 1
2011895702574664 137212174624640 send 458129 0 0 239 237 1
2011895702840944 137212174624640 send 373651 0 0 239 237 1
2011895702842444 137212174624640 send 14 0 0 239 237 1
2011895702842644 137212174624640 egress 240 1 0 237 0 0
2011895702170879 137212158232256 emit_beg 240 0 0 0 0 0
2011895702178178 137212158232256 dmg 0 1 0 0 1920 1080
2011895702178628 137212158232256 enc 239 239 1 -1 -1 0
2011895702242346 137212158232256 emit_end 240 0 0 0 0 0
2011895719439168 137212174624640 cliack 238 0 239 240 0 0
2011895719439838 137212174624640 ackregion 239 240 240 238 1 0
2011895724810322 137212166624960 wait_end 0 0 0 0 0 0
2011895724813402 137212166624960 drain_beg 0 0 0 0 0 0
2011895724813662 137212166624960 drain_end 1 0 0 0 0 0
2011895724813752 137212166624960 take 241 0 0 0 0 0
2011895724814262 137212166624960 subm_beg 1 0 0 0 0 0
2011895724815322 137212166624960 submit 241 0 0 0 0 0
2011895724815481 137212166624960 subm_end 1 0 0 0 0 0
2011895724815511 137212166624960 pump_beg 1 0 0 0 0 0
2011895725121590 137212166624960 feedend 240 0 0 0 0 0
2011895725310543 137212166624960 feedend 240 1 0 0 0 0
2011895733112859 137212166624960 outfirst 240 1 65536 0 0 0
2011895734158280 137212166624960 outfirst 240 0 65536 0 0 0
2011895734244507 137212166624960 pump_end 1 2 0 0 0 0
2011895734244907 137212166624960 join_beg 1 0 0 0 0 0
2011895734245317 137212166624960 join_end 0 0 0 0 0 0
2011895734245757 137212166624960 book_beg 1 0 0 0 0 0
2011895734246207 137212166624960 batch 241 1 1 2 2 0
2011895734246247 137212166624960 book_end 1 0 0 0 0 0
2011895734246377 137212166624960 coll_beg 0 0 0 0 0 0
2011895724794662 137212174624640 msgin 241 12533760 0 0 0 0
2011895724796532 137212174624640 enq 241 1 0 0 0 0
2011895734549926 137212166624960 coll_end 0 0 0 0 0 0
2011895734550006 137212166624960 rel_beg 1 0 0 0 0 0
2011895734550376 137212166624960 absorb 241 0 0 0 0 0
2011895734554386 137212166624960 rel_end 1 0 0 0 0 0
2011895734556376 137212166624960 wait_beg 0 0 0 0 0 0
2011895734629173 137212174624640 send 18 0 0 240 238 1
2011895734990650 137212174624640 send 483318 0 0 240 238 1
2011895735281769 137212174624640 send 408258 0 0 240 238 1
2011895735283149 137212174624640 send 14 0 0 240 238 1
2011895735283399 137212174624640 egress 241 1 0 238 0 0
2011895734579715 137212158232256 emit_beg 241 0 0 0 0 0
2011895734586135 137212158232256 dmg 0 1 0 0 1920 1080
2011895734586405 137212158232256 enc 240 240 1 -1 -1 0
2011895734650612 137212158232256 emit_end 241 0 0 0 0 0
2011895759170397 137212166624960 wait_end 0 0 0 0 0 0
2011895759174217 137212166624960 drain_beg 0 0 0 0 0 0
2011895759174567 137212166624960 drain_end 1 0 0 0 0 0
2011895759174737 137212166624960 take 242 0 0 0 0 0
2011895759175267 137212166624960 subm_beg 1 0 0 0 0 0
2011895759176057 137212166624960 submit 242 0 0 0 0 0
2011895759176227 137212166624960 subm_end 1 0 0 0 0 0
2011895759176277 137212166624960 pump_beg 1 0 0 0 0 0
2011895759471206 137212166624960 feedend 241 0 0 0 0 0
2011895759646639 137212166624960 feedend 241 1 0 0 0 0
2011895755581728 137212174624640 cliack 239 0 240 241 0 0
2011895755582128 137212174624640 ackregion 240 241 241 239 1 0
2011895759142208 137212174624640 msgin 242 12533760 0 0 0 0
2011895759142858 137212174624640 enq 242 1 0 0 0 0
2011895767626538 137212166624960 outfirst 241 1 65536 0 0 0
2011895768452968 137212166624960 outfirst 241 0 65536 0 0 0
2011895768552964 137212166624960 pump_end 1 2 0 0 0 0
2011895768553234 137212166624960 join_beg 1 0 0 0 0 0
2011895768553434 137212166624960 join_end 0 0 0 0 0 0
2011895768553804 137212166624960 book_beg 1 0 0 0 0 0
2011895768554444 137212166624960 batch 242 1 1 2 2 0
2011895768554504 137212166624960 book_end 1 0 0 0 0 0
2011895768554654 137212166624960 coll_beg 0 0 0 0 0 0
2011895768944690 137212166624960 coll_end 0 0 0 0 0 0
2011895768944810 137212166624960 rel_beg 1 0 0 0 0 0
2011895768945320 137212166624960 absorb 242 0 0 0 0 0
2011895768948360 137212166624960 rel_end 1 0 0 0 0 0
2011895768950370 137212166624960 wait_beg 0 0 0 0 0 0
2011895769012167 137212174624640 send 18 0 0 241 239 1
2011895769418982 137212174624640 send 518116 0 0 241 239 1
2011895769741411 137212174624640 send 458768 0 0 241 239 1
2011895769742681 137212174624640 send 14 0 0 241 239 1
2011895769742991 137212174624640 egress 242 1 0 239 0 0
2011895768973719 137212158232256 emit_beg 242 0 0 0 0 0
2011895768981078 137212158232256 dmg 0 1 0 0 1920 1080
2011895768981488 137212158232256 enc 241 241 1 -1 -1 0
2011895769062735 137212158232256 emit_end 242 0 0 0 0 0
2011895792236679 137212166624960 wait_end 0 0 0 0 0 0
2011895792239889 137212166624960 drain_beg 0 0 0 0 0 0
2011895792240219 137212166624960 drain_end 1 0 0 0 0 0
2011895792240369 137212166624960 take 243 0 0 0 0 0
2011895792240669 137212166624960 subm_beg 1 0 0 0 0 0
2011895792241119 137212166624960 submit 243 0 0 0 0 0
2011895792241279 137212166624960 subm_end 1 0 0 0 0 0
2011895792241329 137212166624960 pump_beg 1 0 0 0 0 0
2011895792565747 137212166624960 feedend 242 0 0 0 0 0
2011895792749930 137212166624960 feedend 242 1 0 0 0 0
2011895791465807 137212174624640 cliack 240 0 241 242 0 0
2011895791465927 137212174624640 ackregion 241 242 242 240 1 0
2011895792213660 137212174624640 msgin 243 12533760 0 0 0 0
2011895792214150 137212174624640 enq 243 1 0 0 0 0
2011895799442736 137212166624960 outfirst 242 1 65536 0 0 0
2011895800199248 137212166624960 outfirst 242 0 65536 0 0 0
2011895800263176 137212166624960 pump_end 1 2 0 0 0 0
2011895800263396 137212166624960 join_beg 1 0 0 0 0 0
2011895800263576 137212166624960 join_end 0 0 0 0 0 0
2011895800263736 137212166624960 book_beg 1 0 0 0 0 0
2011895800264176 137212166624960 batch 243 1 1 2 2 0
2011895800264236 137212166624960 book_end 1 0 0 0 0 0
2011895800264286 137212166624960 coll_beg 0 0 0 0 0 0
2011895800541516 137212166624960 coll_end 0 0 0 0 0 0
2011895800541606 137212166624960 rel_beg 1 0 0 0 0 0
2011895800541976 137212166624960 absorb 243 0 0 0 0 0
2011895800544736 137212166624960 rel_end 1 0 0 0 0 0
2011895800546376 137212166624960 wait_beg 0 0 0 0 0 0
2011895800598214 137212174624640 send 18 0 0 242 240 1
2011895800888873 137212174624640 send 373362 0 0 242 240 1
2011895801155083 137212174624640 send 314493 0 0 242 240 1
2011895801157083 137212174624640 send 14 0 0 242 240 1
2011895801157393 137212174624640 egress 243 1 0 240 0 0
2011895800567735 137212158232256 emit_beg 243 0 0 0 0 0
2011895800572805 137212158232256 dmg 0 1 0 0 1920 1080
2011895800572865 137212158232256 enc 242 242 1 -1 -1 0
2011895800630543 137212158232256 emit_end 243 0 0 0 0 0
2011895832624454 137212166624960 wait_end 0 0 0 0 0 0
2011895832627444 137212166624960 drain_beg 0 0 0 0 0 0
2011895832627684 137212166624960 drain_end 1 0 0 0 0 0
2011895832627884 137212166624960 take 244 0 0 0 0 0
2011895832628274 137212166624960 subm_beg 1 0 0 0 0 0
2011895832628944 137212166624960 submit 244 0 0 0 0 0
2011895832629134 137212166624960 subm_end 1 0 0 0 0 0
2011895832629414 137212166624960 pump_beg 1 0 0 0 0 0
2011895832966852 137212166624960 feedend 243 0 0 0 0 0
2011895833143725 137212166624960 feedend 243 1 0 0 0 0
2011895830060998 137212174624640 cliack 241 0 242 243 0 0
2011895830061218 137212174624640 ackregion 242 243 243 241 1 0
2011895832606755 137212174624640 msgin 244 12533760 0 0 0 0
2011895832607405 137212174624640 enq 244 1 0 0 0 0
2011895841982672 137212166624960 outfirst 243 1 65536 0 0 0
2011895843087442 137212166624960 outfirst 243 0 65536 0 0 0
2011895843206678 137212166624960 pump_end 1 2 0 0 0 0
2011895843207038 137212166624960 join_beg 1 0 0 0 0 0
2011895843207428 137212166624960 join_end 0 0 0 0 0 0
2011895843207788 137212166624960 book_beg 1 0 0 0 0 0
2011895843209477 137212166624960 batch 244 1 1 2 2 0
2011895843209517 137212166624960 book_end 1 0 0 0 0 0
2011895843209557 137212166624960 coll_beg 0 0 0 0 0 0
2011895843555415 137212166624960 coll_end 0 0 0 0 0 0
2011895843555485 137212166624960 rel_beg 1 0 0 0 0 0
2011895843556095 137212166624960 absorb 244 0 0 0 0 0
2011895843561715 137212166624960 rel_end 1 0 0 0 0 0
2011895843563815 137212166624960 wait_beg 0 0 0 0 0 0
2011895843637152 137212174624640 send 18 0 0 243 241 1
2011895844081066 137212174624640 send 593016 0 0 243 241 1
2011895844499090 137212174624640 send 509053 0 0 243 241 1
2011895844500330 137212174624640 send 14 0 0 243 241 1
2011895844500800 137212174624640 egress 244 1 0 241 0 0
2011895843570504 137212158232256 emit_beg 244 0 0 0 0 0
2011895843575354 137212158232256 dmg 0 1 0 0 1920 1080
2011895843575554 137212158232256 enc 243 243 1 -1 -1 0
2011895843645882 137212158232256 emit_end 244 0 0 0 0 0
2011895874495555 137212166624960 wait_end 0 0 0 0 0 0
2011895874498515 137212166624960 drain_beg 0 0 0 0 0 0
2011895874498945 137212166624960 drain_end 1 0 0 0 0 0
2011895874499545 137212166624960 take 245 0 0 0 0 0
2011895874500025 137212166624960 subm_beg 1 0 0 0 0 0
2011895874501365 137212166624960 submit 245 0 0 0 0 0
2011895874501525 137212166624960 subm_end 1 0 0 0 0 0
2011895874501565 137212166624960 pump_beg 1 0 0 0 0 0
2011895874802084 137212166624960 feedend 244 0 0 0 0 0
2011895874948918 137212166624960 feedend 244 1 0 0 0 0
2011895872471789 137212174624640 cliack 242 0 243 244 0 0
2011895872472589 137212174624640 ackregion 243 244 244 242 1 0
2011895874478845 137212174624640 msgin 245 12533760 0 0 0 0
2011895874480215 137212174624640 enq 245 1 0 0 0 0
2011895882070258 137212166624960 outfirst 244 1 65536 0 0 0
2011895882762063 137212166624960 outfirst 244 0 65536 0 0 0
2011895882839550 137212166624960 pump_end 1 2 0 0 0 0
2011895882840140 137212166624960 join_beg 1 0 0 0 0 0
2011895882841050 137212166624960 join_end 0 0 0 0 0 0
2011895882841130 137212166624960 book_beg 1 0 0 0 0 0
2011895882841450 137212166624960 batch 245 1 1 2 2 0
2011895882841490 137212166624960 book_end 1 0 0 0 0 0
2011895882841530 137212166624960 coll_beg 0 0 0 0 0 0
2011895883167598 137212166624960 coll_end 0 0 0 0 0 0
2011895883167698 137212166624960 rel_beg 1 0 0 0 0 0
2011895883168158 137212166624960 absorb 245 0 0 0 0 0
2011895883172108 137212166624960 rel_end 1 0 0 0 0 0
2011895883174408 137212166624960 wait_beg 0 0 0 0 0 0
2011895883228516 137212174624640 send 18 0 0 244 242 1
2011895883698319 137212174624640 send 387613 0 0 244 242 1
2011895883993618 137212174624640 send 348345 0 0 244 242 1
2011895883994958 137212174624640 send 14 0 0 244 242 1
2011895883995138 137212174624640 egress 245 1 0 242 0 0
2011895883181818 137212158232256 emit_beg 245 0 0 0 0 0
2011895883186457 137212158232256 dmg 0 1 0 0 1920 1080
2011895883186637 137212158232256 enc 244 244 1 -1 -1 0
2011895883235156 137212158232256 emit_end 245 0 0 0 0 0
2011895905551831 137212166624960 wait_end 0 0 0 0 0 0
2011895905553571 137212166624960 drain_beg 0 0 0 0 0 0
2011895905553761 137212166624960 drain_end 1 0 0 0 0 0
2011895905553821 137212166624960 take 246 0 0 0 0 0
2011895905554101 137212166624960 subm_beg 1 0 0 0 0 0
2011895905554890 137212166624960 submit 246 0 0 0 0 0
2011895905555020 137212166624960 subm_end 1 0 0 0 0 0
2011895905555050 137212166624960 pump_beg 1 0 0 0 0 0
2011895902107276 137212174624640 cliack 243 0 244 245 0 0
2011895902107426 137212174624640 ackregion 244 245 245 243 1 0
2011895905540211 137212174624640 msgin 246 12533760 0 0 0 0
2011895905540851 137212174624640 enq 246 1 0 0 0 0
2011895905838320 137212166624960 feedend 245 0 0 0 0 0
2011895905968215 137212166624960 feedend 245 1 0 0 0 0
2011895913369355 137212166624960 outfirst 245 1 65536 0 0 0
2011895914483504 137212166624960 outfirst 245 0 65536 0 0 0
2011895914549472 137212166624960 pump_end 1 2 0 0 0 0
2011895914549832 137212166624960 join_beg 1 0 0 0 0 0
2011895914549992 137212166624960 join_end 0 0 0 0 0 0
2011895914550172 137212166624960 book_beg 1 0 0 0 0 0
2011895914550392 137212166624960 batch 246 1 1 2 2 0
2011895914550432 137212166624960 book_end 1 0 0 0 0 0
2011895914550462 137212166624960 coll_beg 0 0 0 0 0 0
2011895914815622 137212166624960 coll_end 0 0 0 0 0 0
2011895914815662 137212166624960 rel_beg 1 0 0 0 0 0
2011895914815812 137212166624960 absorb 246 0 0 0 0 0
2011895914819502 137212166624960 rel_end 1 0 0 0 0 0
2011895914821152 137212166624960 wait_beg 0 0 0 0 0 0
2011895914881570 137212174624640 send 18 0 0 245 243 1
2011895915558175 137212174624640 send 471684 0 0 245 243 1
2011895914841001 137212158232256 emit_beg 246 0 0 0 0 0
2011895914846281 137212158232256 dmg 0 1 0 0 1920 1080
2011895914846471 137212158232256 enc 245 245 1 -1 -1 0
2011895914906409 137212158232256 emit_end 246 0 0 0 0 0
2011895915949221 137212174624640 send 401747 0 0 245 243 1
2011895915951601 137212174624640 send 14 0 0 245 243 1
2011895915952481 137212174624640 egress 246 1 0 243 0 0
2011895950981391 137212166624960 wait_end 0 0 0 0 0 0
2011895950986081 137212166624960 drain_beg 0 0 0 0 0 0
2011895950986951 137212166624960 drain_end 1 0 0 0 0 0
2011895950987091 137212166624960 take 247 0 0 0 0 0
2011895950987591 137212166624960 subm_beg 1 0 0 0 0 0
2011895950989141 137212166624960 submit 247 0 0 0 0 0
2011895950989551 137212166624960 subm_end 1 0 0 0 0 0
2011895950989591 137212166624960 pump_beg 1 0 0 0 0 0
2011895951344668 137212166624960 feedend 246 0 0 0 0 0
2011895951573310 137212166624960 feedend 246 1 0 0 0 0
2011895949732667 137212174624640 cliack 244 0 245 246 0 0
2011895949733017 137212174624640 ackregion 245 246 246 244 1 0
2011895950956242 137212174624640 msgin 247 12533760 0 0 0 0
2011895950957412 137212174624640 enq 247 1 0 0 0 0
2011895958873003 137212166624960 outfirst 246 1 65536 0 0 0
2011895960110308 137212166624960 outfirst 246 0 65536 0 0 0
2011895960211564 137212166624960 pump_end 1 2 0 0 0 0
2011895960211824 137212166624960 join_beg 1 0 0 0 0 0
2011895960212424 137212166624960 join_end 0 0 0 0 0 0
2011895960212574 137212166624960 book_beg 1 0 0 0 0 0
2011895960213044 137212166624960 batch 247 1 1 2 2 0
2011895960213204 137212166624960 book_end 1 0 0 0 0 0
2011895960213244 137212166624960 coll_beg 0 0 0 0 0 0
2011895960540962 137212166624960 coll_end 0 0 0 0 0 0
2011895960541032 137212166624960 rel_beg 1 0 0 0 0 0
2011895960541582 137212166624960 absorb 247 0 0 0 0 0
2011895960545702 137212166624960 rel_end 1 0 0 0 0 0
2011895960547312 137212166624960 wait_beg 0 0 0 0 0 0
2011895960595730 137212174624640 send 18 0 0 246 244 1
2011895960939548 137212174624640 send 459821 0 0 246 244 1
2011895961234217 137212174624640 send 381380 0 0 246 244 1
2011895961236037 137212174624640 send 14 0 0 246 244 1
2011895961236467 137212174624640 egress 247 1 0 244 0 0
2011895960565821 137212158232256 emit_beg 247 0 0 0 0 0
2011895960570271 137212158232256 dmg 0 1 0 0 1920 1080
2011895960570471 137212158232256 enc 246 246 1 -1 -1 0
2011895960627089 137212158232256 emit_end 247 0 0 0 0 0
2011895982737402 137212166624960 wait_end 0 0 0 0 0 0
2011895982740571 137212166624960 drain_beg 0 0 0 0 0 0
2011895982740951 137212166624960 drain_end 1 0 0 0 0 0
2011895982741111 137212166624960 take 248 0 0 0 0 0
2011895982741291 137212166624960 subm_beg 1 0 0 0 0 0
2011895982741671 137212166624960 submit 248 0 0 0 0 0
2011895982741761 137212166624960 subm_end 1 0 0 0 0 0
2011895982741841 137212166624960 pump_beg 1 0 0 0 0 0
2011895983071999 137212166624960 feedend 247 0 0 0 0 0
2011895983302471 137212166624960 feedend 247 1 0 0 0 0
2011895981507347 137212174624640 cliack 245 0 246 247 0 0
2011895981507477 137212174624640 ackregion 246 247 247 245 1 0
2011895982713792 137212174624640 msgin 248 12533760 0 0 0 0
2011895982714252 137212174624640 enq 248 1 0 0 0 0
2011895990191039 137212166624960 outfirst 247 1 65536 0 0 0
2011895991390935 137212166624960 outfirst 247 0 65536 0 0 0
2011895991627797 137212166624960 pump_end 1 2 0 0 0 0
2011895991628497 137212166624960 join_beg 1 0 0 0 0 0
2011895991629557 137212166624960 join_end 0 0 0 0 0 0
2011895991629657 137212166624960 book_beg 1 0 0 0 0 0
2011895991630457 137212166624960 batch 248 1 1 2 2 0
2011895991630477 137212166624960 book_end 1 0 0 0 0 0
2011895991630517 137212166624960 coll_beg 0 0 0 0 0 0
2011895991968714 137212166624960 coll_end 0 0 0 0 0 0
2011895991968804 137212166624960 rel_beg 1 0 0 0 0 0
2011895991969624 137212166624960 absorb 248 0 0 0 0 0
2011895991976354 137212166624960 rel_end 1 0 0 0 0 0
2011895991978774 137212166624960 wait_beg 0 0 0 0 0 0
2011895992065631 137212174624640 send 18 0 0 247 245 1
2011895992587182 137212174624640 send 424485 0 0 247 245 1
2011895992905110 137212174624640 send 333778 0 0 247 245 1
2011895992906640 137212174624640 send 14 0 0 247 245 1
2011895992906810 137212174624640 egress 248 1 0 245 0 0
2011895991989084 137212158232256 emit_beg 248 0 0 0 0 0
2011895991994244 137212158232256 dmg 0 1 0 0 1920 1080
2011895991994514 137212158232256 enc 247 247 1 -1 -1 0
2011895992058961 137212158232256 emit_end 248 0 0 0 0 0
2011896025002108 137212166624960 wait_end 0 0 0 0 0 0
2011896025011888 137212166624960 drain_beg 0 0 0 0 0 0
2011896025012188 137212166624960 drain_end 1 0 0 0 0 0
2011896025012338 137212166624960 take 249 0 0 0 0 0
2011896025012978 137212166624960 subm_beg 1 0 0 0 0 0
2011896025014558 137212166624960 submit 249 0 0 0 0 0
2011896025014718 137212166624960 subm_end 1 0 0 0 0 0
2011896025014788 137212166624960 pump_beg 1 0 0 0 0 0
2011896025305957 137212166624960 feedend 248 0 0 0 0 0
2011896025524429 137212166624960 feedend 248 1 0 0 0 0
2011896019329845 137212174624640 cliack 246 0 247 248 0 0
2011896019330695 137212174624640 ackregion 247 248 248 246 1 0
2011896024964199 137212174624640 msgin 249 12533760 0 0 0 0
2011896024966049 137212174624640 enq 249 1 0 0 0 0
2011896033097832 137212166624960 outfirst 248 1 65536 0 0 0
2011896034033248 137212166624960 outfirst 248 0 65536 0 0 0
2011896034116625 137212166624960 pump_end 1 2 0 0 0 0
2011896034117075 137212166624960 join_beg 1 0 0 0 0 0
2011896034117995 137212166624960 join_end 0 0 0 0 0 0
2011896034118085 137212166624960 book_beg 1 0 0 0 0 0
2011896034118655 137212166624960 batch 249 1 1 2 2 0
2011896034118815 137212166624960 book_end 1 0 0 0 0 0
2011896034118975 137212166624960 coll_beg 0 0 0 0 0 0
2011896034520520 137212166624960 coll_end 0 0 0 0 0 0
2011896034520710 137212166624960 rel_beg 1 0 0 0 0 0
2011896034521570 137212166624960 absorb 249 0 0 0 0 0
2011896034526270 137212166624960 rel_end 1 0 0 0 0 0
2011896034528440 137212166624960 wait_beg 0 0 0 0 0 0
2011896034609747 137212174624640 send 18 0 0 248 246 1
2011896035086370 137212174624640 send 467514 0 0 248 246 1
2011896035389269 137212174624640 send 400095 0 0 248 246 1
2011896035390719 137212174624640 send 14 0 0 248 246 1
2011896035391329 137212174624640 egress 249 1 0 246 0 0
2011896034535990 137212158232256 emit_beg 249 0 0 0 0 0
2011896034540730 137212158232256 dmg 0 1 0 0 1920 1080
2011896034540960 137212158232256 enc 248 248 1 -1 -1 0
2011896034621987 137212158232256 emit_end 249 0 0 0 0 0
2011896056297335 137212166624960 wait_end 0 0 0 0 0 0
2011896056301055 137212166624960 drain_beg 0 0 0 0 0 0
2011896056301535 137212166624960 drain_end 1 0 0 0 0 0
2011896056301745 137212166624960 take 250 0 0 0 0 0
2011896056302265 137212166624960 subm_beg 1 0 0 0 0 0
2011896056304085 137212166624960 submit 250 0 0 0 0 0
2011896056304255 137212166624960 subm_end 1 0 0 0 0 0
2011896056304315 137212166624960 pump_beg 1 0 0 0 0 0
2011896055525363 137212174624640 cliack 247 0 248 249 0 0
2011896055525943 137212174624640 ackregion 248 249 249 247 1 0
2011896056278556 137212174624640 msgin 250 12533760 0 0 0 0
2011896056279656 137212174624640 enq 250 1 0 0 0 0
2011896056624323 137212166624960 feedend 249 0 0 0 0 0
2011896056819556 137212166624960 feedend 249 1 0 0 0 0
2011896063897157 137212166624960 outfirst 249 1 65536 0 0 0
2011896065007267 137212166624960 outfirst 249 0 65536 0 0 0
2011896065115063 137212166624960 pump_end 1 2 0 0 0 0
2011896065124013 137212166624960 join_beg 1 0 0 0 0 0
2011896065124792 137212166624960 join_end 0 0 0 0 0 0
2011896065124902 137212166624960 book_beg 1 0 0 0 0 0
2011896065125282 137212166624960 batch 250 1 1 2 2 0
2011896065125372 137212166624960 book_end 1 0 0 0 0 0
2011896065125452 137212166624960 coll_beg 0 0 0 0 0 0
2011896065473990 137212166624960 coll_end 0 0 0 0 0 0
2011896065474110 137212166624960 rel_beg 1 0 0 0 0 0
2011896065474580 137212166624960 absorb 250 0 0 0 0 0
2011896065478820 137212166624960 rel_end 1 0 0 0 0 0
2011896065481279 137212166624960 wait_beg 0 0 0 0 0 0
2011896065554307 137212174624640 send 18 0 0 249 247 1
2011896065874195 137212174624640 send 426814 0 0 249 247 1
2011896066136606 137212174624640 send 354561 0 0 249 247 1
2011896066138035 137212174624640 send 14 0 0 249 247 1
2011896066138845 137212174624640 egress 250 1 0 247 0 0
2011896065486449 137212158232256 emit_beg 250 0 0 0 0 0
2011896065492019 137212158232256 dmg 0 1 0 0 1920 1080
2011896065492179 137212158232256 enc 249 249 1 -1 -1 0
2011896065544687 137212158232256 emit_end 250 0 0 0 0 0
2011896090252105 137212166624960 wait_end 0 0 0 0 0 0
2011896090255965 137212166624960 drain_beg 0 0 0 0 0 0
2011896090256375 137212166624960 drain_end 1 0 0 0 0 0
2011896090256565 137212166624960 take 251 0 0 0 0 0
2011896090257235 137212166624960 subm_beg 1 0 0 0 0 0
2011896090258345 137212166624960 submit 251 0 0 0 0 0
2011896090258505 137212166624960 subm_end 1 0 0 0 0 0
2011896090258535 137212166624960 pump_beg 1 0 0 0 0 0
2011896090600252 137212166624960 feedend 250 0 0 0 0 0
2011896090769566 137212166624960 feedend 250 1 0 0 0 0
2011896088299086 137212174624640 cliack 248 0 249 250 0 0
2011896088299356 137212174624640 ackregion 249 250 250 248 1 0
2011896090225336 137212174624640 msgin 251 12533760 0 0 0 0
2011896090225706 137212174624640 enq 251 1 0 0 0 0
2011896098339209 137212166624960 outfirst 250 1 65536 0 0 0
2011896099101312 137212166624960 outfirst 250 0 65536 0 0 0
2011896099181659 137212166624960 pump_end 1 2 0 0 0 0
2011896099181909 137212166624960 join_beg 1 0 0 0 0 0
2011896099182619 137212166624960 join_end 0 0 0 0 0 0
2011896099183019 137212166624960 book_beg 1 0 0 0 0 0
2011896099183889 137212166624960 batch 251 1 1 2 2 0
2011896099184059 137212166624960 book_end 1 0 0 0 0 0
2011896099184229 137212166624960 coll_beg 0 0 0 0 0 0
2011896099542596 137212166624960 coll_end 0 0 0 0 0 0
2011896099542886 137212166624960 rel_beg 1 0 0 0 0 0
2011896099543555 137212166624960 absorb 251 0 0 0 0 0
2011896099549055 137212166624960 rel_end 1 0 0 0 0 0
2011896099551305 137212166624960 wait_beg 0 0 0 0 0 0
2011896099616753 137212174624640 send 18 0 0 250 248 1
2011896100068636 137212174624640 send 456566 0 0 250 248 1
2011896100584088 137212174624640 send 409598 0 0 250 248 1
2011896100586797 137212174624640 send 14 0 0 250 248 1
2011896100587367 137212174624640 egress 251 1 0 248 0 0
2011896099557315 137212158232256 emit_beg 251 0 0 0 0 0
2011896099559795 137212158232256 dmg 0 1 0 0 1920 1080
2011896099559955 137212158232256 enc 250 250 1 -1 -1 0
2011896099619833 137212158232256 emit_end 251 0 0 0 0 0
2011896125875204 137212174624640 cliack 249 0 250 251 0 0
2011896125875504 137212174624640 ackregion 250 251 251 249 1 0
2011896128056194 137212166624960 wait_end 0 0 0 0 0 0
2011896128059084 137212166624960 drain_beg 0 0 0 0 0 0
2011896128059434 137212166624960 drain_end 1 0 0 0 0 0
2011896128059614 137212166624960 take 252 0 0 0 0 0
2011896128060394 137212166624960 subm_beg 1 0 0 0 0 0
2011896128061924 137212166624960 submit 252 0 0 0 0 0
2011896128062084 137212166624960 subm_end 1 0 0 0 0 0
2011896128062134 137212166624960 pump_beg 1 0 0 0 0 0
2011896128323154 137212166624960 feedend 251 0 0 0 0 0
2011896128507108 137212166624960 feedend 251 1 0 0 0 0
2011896135722944 137212166624960 outfirst 251 1 65536 0 0 0
2011896136787495 137212166624960 outfirst 251 0 65536 0 0 0
2011896136864492 137212166624960 pump_end 1 2 0 0 0 0
2011896136864882 137212166624960 join_beg 1 0 0 0 0 0
2011896136865582 137212166624960 join_end 0 0 0 0 0 0
2011896136865982 137212166624960 book_beg 1 0 0 0 0 0
2011896136867082 137212166624960 batch 252 1 1 2 2 0
2011896136867142 137212166624960 book_end 1 0 0 0 0 0
2011896136867322 137212166624960 coll_beg 0 0 0 0 0 0
2011896128043435 137212174624640 msgin 252 12533760 0 0 0 0
2011896128043735 137212174624640 enq 252 1 0 0 0 0
2011896137279147 137212166624960 coll_end 0 0 0 0 0 0
2011896137279437 137212166624960 rel_beg 1 0 0 0 0 0
2011896137279857 137212166624960 absorb 252 0 0 0 0 0
2011896137283057 137212166624960 rel_end 1 0 0 0 0 0
2011896137285627 137212166624960 wait_beg 0 0 0 0 0 0
2011896137361304 137212174624640 send 18 0 0 251 249 1
2011896137866686 137212174624640 send 438036 0 0 251 249 1
2011896138287350 137212174624640 send 368961 0 0 251 249 1
2011896138289350 137212174624640 send 14 0 0 251 249 1
2011896138289680 137212174624640 egress 252 1 0 249 0 0
2011896137302936 137212158232256 emit_beg 252 0 0 0 0 0
2011896137308726 137212158232256 dmg 0 1 0 0 1920 1080
2011896137308936 137212158232256 enc 251 251 1 -1 -1 0
2011896137366464 137212158232256 emit_end 252 0 0 0 0 0
2011896164220353 137212166624960 wait_end 0 0 0 0 0 0
2011896164224853 137212166624960 drain_beg 0 0 0 0 0 0
2011896164225583 137212166624960 drain_end 1 0 0 0 0 0
2011896164225823 137212166624960 take 253 0 0 0 0 0
2011896164226743 137212166624960 subm_beg 1 0 0 0 0 0
2011896164228223 137212166624960 submit 253 0 0 0 0 0
2011896164228403 137212166624960 subm_end 1 0 0 0 0 0
2011896164228513 137212166624960 pump_beg 1 0 0 0 0 0
2011896164523262 137212166624960 feedend 252 0 0 0 0 0
2011896164705386 137212166624960 feedend 252 1 0 0 0 0
2011896159591882 137212174624640 cliack 250 0 251 252 0 0
2011896159591992 137212174624640 ackregion 251 252 252 250 1 0
2011896164205444 137212174624640 msgin 253 12533760 0 0 0 0
2011896164205994 137212174624640 enq 253 1 0 0 0 0
2011896171227997 137212166624960 outfirst 252 1 65536 0 0 0
2011896172467642 137212166624960 outfirst 252 0 65536 0 0 0
2011896172524180 137212166624960 pump_end 1 2 0 0 0 0
2011896172524410 137212166624960 join_beg 1 0 0 0 0 0
2011896172525290 137212166624960 join_end 0 0 0 0 0 0
2011896172525550 137212166624960 book_beg 1 0 0 0 0 0
2011896172526350 137212166624960 batch 253 1 1 2 2 0
2011896172526490 137212166624960 book_end 1 0 0 0 0 0
2011896172526640 137212166624960 coll_beg 0 0 0 0 0 0
2011896172755222 137212166624960 coll_end 0 0 0 0 0 0
2011896172755392 137212166624960 rel_beg 1 0 0 0 0 0
2011896172756062 137212166624960 absorb 253 0 0 0 0 0
2011896172760891 137212166624960 rel_end 1 0 0 0 0 0
2011896172763001 137212166624960 wait_beg 0 0 0 0 0 0
2011896172807970 137212174624640 send 18 0 0 252 250 1
2011896173119238 137212174624640 send 411043 0 0 252 250 1
2011896173340880 137212174624640 send 311550 0 0 252 250 1
2011896173342040 137212174624640 send 14 0 0 252 250 1
2011896173342320 137212174624640 egress 253 1 0 250 0 0
2011896172781551 137212158232256 emit_beg 253 0 0 0 0 0
2011896172786930 137212158232256 dmg 0 1 0 0 1920 1080
2011896172787180 137212158232256 enc 252 252 1 -1 -1 0
2011896172838199 137212158232256 emit_end 253 0 0 0 0 0
2011896197143661 137212174624640 cliack 251 0 252 253 0 0
2011896197143791 137212174624640 ackregion 252 253 253 251 1 0
2011896202472006 137212166624960 wait_end 0 0 0 0 0 0
2011896202477016 137212166624960 drain_beg 0 0 0 0 0 0
2011896202489536 137212166624960 drain_end 1 0 0 0 0 0
2011896202489866 137212166624960 take 254 0 0 0 0 0
2011896202490676 137212166624960 subm_beg 1 0 0 0 0 0
2011896202491896 137212166624960 submit 254 0 0 0 0 0
2011896202492036 137212166624960 subm_end 1 0 0 0 0 0
2011896202492116 137212166624960 pump_beg 1 0 0 0 0 0
2011896202818264 137212166624960 feedend 253 0 0 0 0 0
2011896202991257 137212166624960 feedend 253 1 0 0 0 0
2011896202439997 137212174624640 msgin 254 12533760 0 0 0 0
2011896202440647 137212174624640 enq 254 1 0 0 0 0
2011896211231686 137212166624960 outfirst 253 1 65536 0 0 0
2011896211955780 137212166624960 outfirst 253 0 65536 0 0 0
2011896212050046 137212166624960 pump_end 1 2 0 0 0 0
2011896212050456 137212166624960 join_beg 1 0 0 0 0 0
2011896212051816 137212166624960 join_end 0 0 0 0 0 0
2011896212051916 137212166624960 book_beg 1 0 0 0 0 0
2011896212052666 137212166624960 batch 254 1 1 2 2 0
2011896212052806 137212166624960 book_end 1 0 0 0 0 0
2011896212052946 137212166624960 coll_beg 0 0 0 0 0 0
2011896212346686 137212166624960 coll_end 0 0 0 0 0 0
2011896212346856 137212166624960 rel_beg 1 0 0 0 0 0
2011896212347486 137212166624960 absorb 254 0 0 0 0 0
2011896212352055 137212166624960 rel_end 1 0 0 0 0 0
2011896212353915 137212166624960 wait_beg 0 0 0 0 0 0
2011896212444022 137212174624640 send 18 0 0 253 251 1
2011896212862117 137212174624640 send 515442 0 0 253 251 1
2011896213445555 137212174624640 send 474770 0 0 253 251 1
2011896213448145 137212174624640 send 14 0 0 253 251 1
2011896213448415 137212174624640 egress 254 1 0 251 0 0
2011896212373185 137212158232256 emit_beg 254 0 0 0 0 0
2011896212377305 137212158232256 dmg 0 1 0 0 1920 1080
2011896212377465 137212158232256 enc 253 253 1 -1 -1 0
2011896212453952 137212158232256 emit_end 254 0 0 0 0 0
2011896233121157 137212166624960 wait_end 0 0 0 0 0 0
2011896233124037 137212166624960 drain_beg 0 0 0 0 0 0
2011896233124457 137212166624960 drain_end 1 0 0 0 0 0
2011896233124627 137212166624960 take 255 0 0 0 0 0
2011896233124927 137212166624960 subm_beg 1 0 0 0 0 0
2011896233125397 137212166624960 submit 255 0 0 0 0 0
2011896233125557 137212166624960 subm_end 1 0 0 0 0 0
2011896233125617 137212166624960 pump_beg 1 0 0 0 0 0
2011896233428826 137212166624960 feedend 254 0 0 0 0 0
2011896233627298 137212166624960 feedend 254 1 0 0 0 0
2011896232069685 137212174624640 cliack 252 0 253 254 0 0
2011896232069985 137212174624640 ackregion 253 254 254 252 1 0
2011896233098278 137212174624640 msgin 255 12533760 0 0 0 0
2011896233098788 137212174624640 enq 255 1 0 0 0 0
2011896240662022 137212166624960 outfirst 254 1 65536 0 0 0
2011896241437613 137212166624960 outfirst 254 0 65536 0 0 0
2011896241519980 137212166624960 pump_end 1 2 0 0 0 0
2011896241520470 137212166624960 join_beg 1 0 0 0 0 0
2011896241520910 137212166624960 join_end 0 0 0 0 0 0
2011896241521220 137212166624960 book_beg 1 0 0 0 0 0
2011896241521870 137212166624960 batch 255 1 1 2 2 0
2011896241522050 137212166624960 book_end 1 0 0 0 0 0
2011896241522260 137212166624960 coll_beg 0 0 0 0 0 0
2011896241877907 137212166624960 coll_end 0 0 0 0 0 0
2011896241878057 137212166624960 rel_beg 1 0 0 0 0 0
2011896241878487 137212166624960 absorb 255 0 0 0 0 0
2011896241881627 137212166624960 rel_end 1 0 0 0 0 0
2011896241883777 137212166624960 wait_beg 0 0 0 0 0 0
2011896241937135 137212174624640 send 18 0 0 254 252 1
2011896242246504 137212174624640 send 403427 0 0 254 252 1
2011896242500624 137212174624640 send 350698 0 0 254 252 1
2011896242501894 137212174624640 send 14 0 0 254 252 1
2011896242502314 137212174624640 egress 255 1 0 252 0 0
2011896241902606 137212158232256 emit_beg 255 0 0 0 0 0
2011896241907886 137212158232256 dmg 0 1 0 0 1920 1080
2011896241908136 137212158232256 enc 254 254 1 -1 -1 0
2011896241963594 137212158232256 emit_end 255 0 0 0 0 0
2011896265574562 137212166624960 wait_end 0 0 0 0 0 0
2011896265579291 137212166624960 drain_beg 0 0 0 0 0 0
2011896265579911 137212166624960 drain_end 1 0 0 0 0 0
2011896265580081 137212166624960 take 256 0 0 0 0 0
2011896265580591 137212166624960 subm_beg 1 0 0 0 0 0
2011896265581291 137212166624960 submit 256 0 0 0 0 0
2011896265581451 137212166624960 subm_end 1 0 0 0 0 0
2011896265581481 137212166624960 pump_beg 1 0 0 0 0 0
2011896265872201 137212166624960 feedend 255 0 0 0 0 0
2011896266057274 137212166624960 feedend 255 1 0 0 0 0
2011896263146350 137212174624640 cliack 253 0 254 255 0 0
2011896263146770 137212174624640 ackregion 254 255 255 253 1 0
2011896265548383 137212174624640 msgin 256 12533760 0 0 0 0
2011896265549493 137212174624640 enq 256 1 0 0 0 0
2011896272884945 137212166624960 outfirst 255 1 65536 0 0 0
2011896274008284 137212166624960 outfirst 255 0 32768 0 0 0
2011896274078551 137212166624960 pump_end 1 2 0 0 0 0
2011896274078881 137212166624960 join_beg 1 0 0 0 0 0
2011896274079411 137212166624960 join_end 0 0 0 0 0 0
2011896274079491 137212166624960 book_beg 1 0 0 0 0 0
2011896274080091 137212166624960 batch 256 1 1 2 2 0
2011896274080231 137212166624960 book_end 1 0 0 0 0 0
2011896274080371 137212166624960 coll_beg 0 0 0 0 0 0
2011896274284324 137212166624960 coll_end 0 0 0 0 0 0
2011896274284474 137212166624960 rel_beg 1 0 0 0 0 0
2011896274285104 137212166624960 absorb 256 0 0 0 0 0
2011896274289273 137212166624960 rel_end 1 0 0 0 0 0
2011896274291413 137212166624960 wait_beg 0 0 0 0 0 0
2011896274372540 137212174624640 send 18 0 0 255 253 1
2011896274847133 137212174624640 send 408910 0 0 255 253 1
2011896275114613 137212174624640 send 331551 0 0 255 253 1
2011896275115993 137212174624640 send 14 0 0 255 253 1
2011896275116453 137212174624640 egress 256 1 0 253 0 0
2011896274312303 137212158232256 emit_beg 256 0 0 0 0 0
2011896274320382 137212158232256 dmg 0 1 0 0 1920 1080
2011896274320632 137212158232256 enc 255 255 1 -1 -1 0
2011896274379670 137212158232256 emit_end 256 0 0 0 0 0
2011896306192628 137212174624640 cliack 254 0 255 256 0 0
2011896306193228 137212174624640 ackregion 255 256 256 254 1 0
2011896309678191 137212166624960 wait_end 0 0 0 0 0 0
2011896309683071 137212166624960 drain_beg 0 0 0 0 0 0
2011896309683511 137212166624960 drain_end 1 0 0 0 0 0
2011896309683771 137212166624960 take 257 0 0 0 0 0
2011896309684401 137212166624960 subm_beg 1 0 0 0 0 0
2011896309686091 137212166624960 submit 257 0 0 0 0 0
2011896309686231 137212166624960 subm_end 1 0 0 0 0 0
2011896309686261 137212166624960 pump_beg 1 0 0 0 0 0
2011896310017978 137212166624960 feedend 256 0 0 0 0 0
2011896310208921 137212166624960 feedend 256 1 0 0 0 0
2011896317380860 137212166624960 outfirst 256 1 65536 0 0 0
2011896309650412 137212174624640 msgin 257 12533760 0 0 0 0
2011896309651832 137212174624640 enq 257 1 0 0 0 0
2011896318357694 137212166624960 outfirst 256 0 65536 0 0 0
2011896318454220 137212166624960 pump_end 1 2 0 0 0 0
2011896318454500 137212166624960 join_beg 1 0 0 0 0 0
2011896318454750 137212166624960 join_end 0 0 0 0 0 0
2011896318455060 137212166624960 book_beg 1 0 0 0 0 0
2011896318463830 137212166624960 batch 257 1 1 2 2 0
2011896318463890 137212166624960 book_end 1 0 0 0 0 0
2011896318463980 137212166624960 coll_beg 0 0 0 0 0 0
2011896318844856 137212166624960 coll_end 0 0 0 0 0 0
2011896318844936 137212166624960 rel_beg 1 0 0 0 0 0
2011896318845586 137212166624960 absorb 257 0 0 0 0 0
2011896318851566 137212166624960 rel_end 1 0 0 0 0 0
2011896318854116 137212166624960 wait_beg 0 0 0 0 0 0
2011896318911694 137212174624640 send 18 0 0 256 254 1
2011896319237562 137212174624640 send 427616 0 0 256 254 1
2011896319482973 137212174624640 send 350422 0 0 256 254 1
2011896319484383 137212174624640 send 14 0 0 256 254 1
2011896319484743 137212174624640 egress 257 1 0 254 0 0
2011896318873505 137212158232256 emit_beg 257 0 0 0 0 0
2011896318882105 137212158232256 dmg 0 1 0 0 1920 1080
2011896318882345 137212158232256 enc 256 256 1 -1 -1 0
2011896318942903 137212158232256 emit_end 257 0 0 0 0 0
2011896342504752 137212166624960 wait_end 0 0 0 0 0 0
2011896342509082 137212166624960 drain_beg 0 0 0 0 0 0
2011896342509482 137212166624960 drain_end 1 0 0 0 0 0
2011896342509662 137212166624960 take 258 0 0 0 0 0
2011896342510302 137212166624960 subm_beg 1 0 0 0 0 0
2011896342511702 137212166624960 submit 258 0 0 0 0 0
2011896342511862 137212166624960 subm_end 1 0 0 0 0 0
2011896342511882 137212166624960 pump_beg 1 0 0 0 0 0
2011896342826560 137212166624960 feedend 257 0 0 0 0 0
2011896342996534 137212166624960 feedend 257 1 0 0 0 0
2011896338718460 137212174624640 cliack 255 0 256 257 0 0
2011896338718680 137212174624640 ackregion 256 257 257 255 1 0
2011896342473573 137212174624640 msgin 258 12533760 0 0 0 0
2011896342475383 137212174624640 enq 258 1 0 0 0 0
2011896350270918 137212166624960 outfirst 257 1 65536 0 0 0
2011896351273702 137212166624960 outfirst 257 0 65536 0 0 0
2011896351364828 137212166624960 pump_end 1 2 0 0 0 0
2011896351365318 137212166624960 join_beg 1 0 0 0 0 0
2011896351365858 137212166624960 join_end 0 0 0 0 0 0
2011896351365918 137212166624960 book_beg 1 0 0 0 0 0
2011896351366438 137212166624960 batch 258 1 1 2 2 0
2011896351366578 137212166624960 book_end 1 0 0 0 0 0
2011896351366728 137212166624960 coll_beg 0 0 0 0 0 0
2011896351610649 137212166624960 coll_end 0 0 0 0 0 0
2011896351610799 137212166624960 rel_beg 1 0 0 0 0 0
2011896351611169 137212166624960 absorb 258 0 0 0 0 0
2011896351613869 137212166624960 rel_end 1 0 0 0 0 0
2011896351615769 137212166624960 wait_beg 0 0 0 0 0 0
2011896351692236 137212174624640 send 18 0 0 257 255 1
2011896352148390 137212174624640 send 439938 0 0 257 255 1
2011896352595353 137212174624640 send 380039 0 0 257 255 1
2011896352597683 137212174624640 send 14 0 0 257 255 1
2011896352605323 137212174624640 egress 258 1 0 255 0 0
2011896351635169 137212158232256 emit_beg 258 0 0 0 0 0
2011896351639188 137212158232256 dmg 0 1 0 0 1920 1080
2011896351639438 137212158232256 enc 257 257 1 -1 -1 0
2011896351702466 137212158232256 emit_end 258 0 0 0 0 0
2011896371422196 137212166624960 wait_end 0 0 0 0 0 0
2011896371425146 137212166624960 drain_beg 0 0 0 0 0 0
2011896371425716 137212166624960 drain_end 1 0 0 0 0 0
2011896371425846 137212166624960 take 259 0 0 0 0 0
2011896371426196 137212166624960 subm_beg 1 0 0 0 0 0
2011896371427436 137212166624960 submit 259 0 0 0 0 0
2011896371427626 137212166624960 subm_end 1 0 0 0 0 0
2011896371427656 137212166624960 pump_beg 1 0 0 0 0 0
2011896371717225 137212166624960 feedend 258 0 0 0 0 0
2011896371903388 137212166624960 feedend 258 1 0 0 0 0
2011896370619235 137212174624640 cliack 256 0 257 258 0 0
2011896370619955 137212174624640 ackregion 257 258 258 256 1 0
2011896371408906 137212174624640 msgin 259 12533760 0 0 0 0
2011896371409576 137212174624640 enq 259 1 0 0 0 0
2011896378951841 137212166624960 outfirst 258 1 65536 0 0 0
2011896380026352 137212166624960 outfirst 258 0 65536 0 0 0
2011896380091649 137212166624960 pump_end 1 2 0 0 0 0
2011896380091999 137212166624960 join_beg 1 0 0 0 0 0
2011896380092439 137212166624960 join_end 0 0 0 0 0 0
2011896380092589 137212166624960 book_beg 1 0 0 0 0 0
2011896380093219 137212166624960 batch 259 1 1 2 2 0
2011896380093399 137212166624960 book_end 1 0 0 0 0 0
2011896380093589 137212166624960 coll_beg 0 0 0 0 0 0
2011896380424587 137212166624960 coll_end 0 0 0 0 0 0
2011896380424877 137212166624960 rel_beg 1 0 0 0 0 0
2011896380425137 137212166624960 absorb 259 0 0 0 0 0
2011896380428197 137212166624960 rel_end 1 0 0 0 0 0
2011896380430707 137212166624960 wait_beg 0 0 0 0 0 0
2011896380499994 137212174624640 send 18 0 0 258 256 1
2011896380821663 137212174624640 send 420205 0 0 258 256 1
2011896381085923 137212174624640 send 352901 0 0 258 256 1
2011896381087203 137212174624640 send 14 0 0 258 256 1
2011896381087663 137212174624640 egress 259 1 0 256 0 0
2011896380437667 137212158232256 emit_beg 259 0 0 0 0 0
2011896380444726 137212158232256 dmg 0 1 0 0 1920 1080
2011896380444906 137212158232256 enc 258 258 1 -1 -1 0
2011896380501454 137212158232256 emit_end 259 0 0 0 0 0
2011896406487105 137212166624960 wait_end 0 0 0 0 0 0
2011896406491555 137212166624960 drain_beg 0 0 0 0 0 0
2011896406491995 137212166624960 drain_end 1 0 0 0 0 0
2011896406492105 137212166624960 take 260 0 0 0 0 0
2011896406492495 137212166624960 subm_beg 1 0 0 0 0 0
2011896406493375 137212166624960 submit 260 0 0 0 0 0
2011896406493595 137212166624960 subm_end 1 0 0 0 0 0
2011896406493715 137212166624960 pump_beg 1 0 0 0 0 0
2011896406802424 137212166624960 feedend 259 0 0 0 0 0
2011896407002726 137212166624960 feedend 259 1 0 0 0 0
2011896404169290 137212174624640 cliack 257 0 258 259 0 0
2011896404169860 137212174624640 ackregion 258 259 259 257 1 0
2011896406462676 137212174624640 msgin 260 12533760 0 0 0 0
2011896406463216 137212174624640 enq 260 1 0 0 0 0
2011896414610829 137212166624960 outfirst 259 1 65536 0 0 0
2011896415392350 137212166624960 outfirst 259 0 65536 0 0 0
2011896415520265 137212166624960 pump_end 1 2 0 0 0 0
2011896415520705 137212166624960 join_beg 1 0 0 0 0 0
2011896415520945 137212166624960 join_end 0 0 0 0 0 0
2011896415521025 137212166624960 book_beg 1 0 0 0 0 0
2011896415521675 137212166624960 batch 260 1 1 2 2 0
2011896415521875 137212166624960 book_end 1 0 0 0 0 0
2011896415522075 137212166624960 coll_beg 0 0 0 0 0 0
2011896415907801 137212166624960 coll_end 0 0 0 0 0 0
2011896415908101 137212166624960 rel_beg 1 0 0 0 0 0
2011896415908831 137212166624960 absorb 260 0 0 0 0 0
2011896415912151 137212166624960 rel_end 1 0 0 0 0 0
2011896415914601 137212166624960 wait_beg 0 0 0 0 0 0
2011896415978849 137212174624640 send 18 0 0 259 257 1
2011896416519469 137212174624640 send 461374 0 0 259 257 1
2011896416935774 137212174624640 send 412335 0 0 259 257 1
2011896416937064 137212174624640 send 14 0 0 259 257 1
2011896416937384 137212174624640 egress 260 1 0 257 0 0
2011896415923441 137212158232256 emit_beg 260 0 0 0 0 0
2011896415929690 137212158232256 dmg 0 1 0 0 1920 1080
2011896415934300 137212158232256 enc 259 259 1 -1 -1 0
2011896416007967 137212158232256 emit_end 260 0 0 0 0 0
2011896445089255 137212166624960 wait_end 0 0 0 0 0 0
2011896445093065 137212166624960 drain_beg 0 0 0 0 0 0
2011896445093255 137212166624960 drain_end 1 0 0 0 0 0
2011896445093445 137212166624960 take 261 0 0 0 0 0
2011896445093885 137212166624960 subm_beg 1 0 0 0 0 0
2011896445102035 137212166624960 submit 261 0 0 0 0 0
2011896445102155 137212166624960 subm_end 1 0 0 0 0 0
2011896445102215 137212166624960 pump_beg 1 0 0 0 0 0
2011896445418433 137212166624960 feedend 260 0 0 0 0 0
2011896445630066 137212166624960 feedend 260 1 0 0 0 0
2011896439688213 137212174624640 cliack 258 0 259 260 0 0
2011896439688333 137212174624640 ackregion 259 260 260 258 1 0
2011896445067266 137212174624640 msgin 261 12533760 0 0 0 0
2011896445067756 137212174624640 enq 261 1 0 0 0 0
2011896452761265 137212166624960 outfirst 260 1 65536 0 0 0
2011896453851095 137212166624960 outfirst 260 0 65536 0 0 0
2011896453938592 137212166624960 pump_end 1 2 0 0 0 0
2011896453938862 137212166624960 join_beg 1 0 0 0 0 0
2011896453939092 137212166624960 join_end 0 0 0 0 0 0
2011896453939192 137212166624960 book_beg 1 0 0 0 0 0
2011896453940412 137212166624960 batch 261 1 1 2 2 0
2011896453940572 137212166624960 book_end 1 0 0 0 0 0
2011896453940762 137212166624960 coll_beg 0 0 0 0 0 0
2011896454310578 137212166624960 coll_end 0 0 0 0 0 0
2011896454310758 137212166624960 rel_beg 1 0 0 0 0 0
2011896454311168 137212166624960 absorb 261 0 0 0 0 0
2011896454314088 137212166624960 rel_end 1 0 0 0 0 0
2011896454315928 137212166624960 wait_beg 0 0 0 0 0 0
2011896454398495 137212174624640 send 18 0 0 260 258 1
2011896454930106 137212174624640 send 437594 0 0 260 258 1
2011896455374580 137212174624640 send 368528 0 0 260 258 1
2011896455376760 137212174624640 send 14 0 0 260 258 1
2011896455377270 137212174624640 egress 261 1 0 258 0 0
2011896454334508 137212158232256 emit_beg 261 0 0 0 0 0
2011896454336658 137212158232256 dmg 0 1 0 0 1920 1080
2011896454336848 137212158232256 enc 260 260 1 -1 -1 0
2011896454393945 137212158232256 emit_end 261 0 0 0 0 0
2011896477122925 137212166624960 wait_end 0 0 0 0 0 0
2011896477127535 137212166624960 drain_beg 0 0 0 0 0 0
2011896477127695 137212166624960 drain_end 1 0 0 0 0 0
2011896477127785 137212166624960 take 262 0 0 0 0 0
2011896477128075 137212166624960 subm_beg 1 0 0 0 0 0
2011896477128985 137212166624960 submit 262 0 0 0 0 0
2011896477129155 137212166624960 subm_end 1 0 0 0 0 0
2011896477129215 137212166624960 pump_beg 1 0 0 0 0 0
2011896477432724 137212166624960 feedend 261 0 0 0 0 0
2011896477628077 137212166624960 feedend 261 1 0 0 0 0
2011896472980037 137212174624640 cliack 259 0 260 261 0 0
2011896472980537 137212174624640 ackregion 260 261 261 259 1 0
2011896477100386 137212174624640 msgin 262 12533760 0 0 0 0
2011896477100996 137212174624640 enq 262 1 0 0 0 0
2011896484414119 137212166624960 outfirst 261 1 65536 0 0 0
2011896485630645 137212166624960 outfirst 261 0 65536 0 0 0
2011896485712002 137212166624960 pump_end 1 2 0 0 0 0
2011896485712552 137212166624960 join_beg 1 0 0 0 0 0
2011896485713242 137212166624960 join_end 0 0 0 0 0 0
2011896485713392 137212166624960 book_beg 1 0 0 0 0 0
2011896485714322 137212166624960 batch 262 1 1 2 2 0
2011896485714492 137212166624960 book_end 1 0 0 0 0 0
2011896485714672 137212166624960 coll_beg 0 0 0 0 0 0
2011896486077768 137212166624960 coll_end 0 0 0 0 0 0
2011896486077958 137212166624960 rel_beg 1 0 0 0 0 0
2011896486078658 137212166624960 absorb 262 0 0 0 0 0
2011896486081458 137212166624960 rel_end 1 0 0 0 0 0
2011896486083378 137212166624960 wait_beg 0 0 0 0 0 0
2011896486151236 137212174624640 send 18 0 0 261 259 1
2011896486665027 137212174624640 send 422460 0 0 261 259 1
2011896486977135 137212174624640 send 337019 0 0 261 259 1
2011896486978615 137212174624640 send 14 0 0 261 259 1
2011896486978975 137212174624640 egress 262 1 0 259 0 0
2011896486102947 137212158232256 emit_beg 262 0 0 0 0 0
2011896486106097 137212158232256 dmg 0 1 0 0 1920 1080
2011896486106327 137212158232256 enc 261 261 1 -1 -1 0
2011896486163635 137212158232256 emit_end 262 0 0 0 0 0
2011896514730602 137212166624960 wait_end 0 0 0 0 0 0
2011896514734282 137212166624960 drain_beg 0 0 0 0 0 0
2011896514734682 137212166624960 drain_end 1 0 0 0 0 0
2011896514734872 137212166624960 take 263 0 0 0 0 0
2011896514735272 137212166624960 subm_beg 1 0 0 0 0 0
2011896514736392 137212166624960 submit 263 0 0 0 0 0
2011896514736582 137212166624960 subm_end 1 0 0 0 0 0
2011896514736682 137212166624960 pump_beg 1 0 0 0 0 0
2011896515052270 137212166624960 feedend 262 0 0 0 0 0
2011896515270682 137212166624960 feedend 262 1 0 0 0 0
2011896510949590 137212174624640 cliack 260 0 261 262 0 0
2011896510950230 137212174624640 ackregion 261 262 262 260 1 0
2011896514706313 137212174624640 msgin 263 12533760 0 0 0 0
2011896514706903 137212174624640 enq 263 1 0 0 0 0
2011896521826553 137212166624960 outfirst 262 1 65536 0 0 0
2011896522170090 137212166624960 outfirst 262 0 65536 0 0 0
2011896522221618 137212166624960 pump_end 1 2 0 0 0 0
2011896522222018 137212166624960 join_beg 1 0 0 0 0 0
2011896522222898 137212166624960 join_end 0 0 0 0 0 0
2011896522223118 137212166624960 book_beg 1 0 0 0 0 0
2011896522223948 137212166624960 batch 263 1 1 2 2 0
2011896522224098 137212166624960 book_end 1 0 0 0 0 0
2011896522224278 137212166624960 coll_beg 0 0 0 0 0 0
2011896522475699 137212166624960 coll_end 0 0 0 0 0 0
2011896522475909 137212166624960 rel_beg 1 0 0 0 0 0
2011896522476529 137212166624960 absorb 263 0 0 0 0 0
2011896522480369 137212166624960 rel_end 1 0 0 0 0 0
2011896522482629 137212166624960 wait_beg 0 0 0 0 0 0
2011896522574505 137212174624640 send 18 0 0 262 260 1
2011896522828256 137212174624640 send 318512 0 0 262 260 1
2011896523051628 137212174624640 send 287895 0 0 262 260 1
2011896523052838 137212174624640 send 14 0 0 262 260 1
2011896523053348 137212174624640 egress 263 1 0 260 0 0
2011896522504678 137212158232256 emit_beg 263 0 0 0 0 0
2011896522513648 137212158232256 dmg 0 1 0 0 1920 1080
2011896522513978 137212158232256 enc 262 262 1 -1 -1 0
2011896522569046 137212158232256 emit_end 263 0 0 0 0 0
2011896549006030 137212166624960 wait_end 0 0 0 0 0 0
2011896549013030 137212166624960 drain_beg 0 0 0 0 0 0
2011896549013300 137212166624960 drain_end 1 0 0 0 0 0
2011896549013480 137212166624960 take 264 0 0 0 0 0
2011896549014220 137212166624960 subm_beg 1 0 0 0 0 0
2011896549014930 137212166624960 submit 264 0 0 0 0 0
2011896549015120 137212166624960 subm_end 1 0 0 0 0 0
2011896549015170 137212166624960 pump_beg 1 0 0 0 0 0
2011896549334288 137212166624960 feedend 263 0 0 0 0 0
2011896549535531 137212166624960 feedend 263 1 0 0 0 0
2011896545748679 137212174624640 cliack 261 0 262 263 0 0
2011896545748819 137212174624640 ackregion 262 263 263 261 1 0
2011896548979821 137212174624640 msgin 264 12533760 0 0 0 0
2011896548980671 137212174624640 enq 264 1 0 0 0 0
2011896556942360 137212166624960 outfirst 263 1 65536 0 0 0
2011896557629465 137212166624960 outfirst 263 0 65536 0 0 0
2011896557715882 137212166624960 pump_end 1 2 0 0 0 0
2011896557716412 137212166624960 join_beg 1 0 0 0 0 0
2011896557716842 137212166624960 join_end 0 0 0 0 0 0
2011896557716942 137212166624960 book_beg 1 0 0 0 0 0
2011896557717672 137212166624960 batch 264 1 1 2 2 0
2011896557717842 137212166624960 book_end 1 0 0 0 0 0
2011896557726352 137212166624960 coll_beg 0 0 0 0 0 0
2011896558081329 137212166624960 coll_end 0 0 0 0 0 0
2011896558081419 137212166624960 rel_beg 1 0 0 0 0 0
2011896558082239 137212166624960 absorb 264 0 0 0 0 0
2011896558085438 137212166624960 rel_end 1 0 0 0 0 0
2011896558087548 137212166624960 wait_beg 0 0 0 0 0 0
2011896558172115 137212174624640 send 18 0 0 263 261 1
2011896558688976 137212174624640 send 421273 0 0 263 261 1
2011896559029884 137212174624640 send 375069 0 0 263 261 1
2011896559031434 137212174624640 send 14 0 0 263 261 1
2011896559031604 137212174624640 egress 264 1 0 261 0 0
2011896558106218 137212158232256 emit_beg 264 0 0 0 0 0
2011896558109068 137212158232256 dmg 0 1 0 0 1920 1080
2011896558109348 137212158232256 enc 263 263 1 -1 -1 0
2011896558167865 137212158232256 emit_end 264 0 0 0 0 0
2011896578479114 137212174624640 cliack 262 0 263 264 0 0
2011896578479474 137212174624640 ackregion 263 264 264 262 1 0
2011896581945787 137212166624960 wait_end 0 0 0 0 0 0
2011896581947897 137212166624960 drain_beg 0 0 0 0 0 0
2011896581948127 137212166624960 drain_end 1 0 0 0 0 0
2011896581948237 137212166624960 take 265 0 0 0 0 0
2011896581948507 137212166624960 subm_beg 1 0 0 0 0 0
2011896581949037 137212166624960 submit 265 0 0 0 0 0
2011896581949207 137212166624960 subm_end 1 0 0 0 0 0
2011896581949317 137212166624960 pump_beg 1 0 0 0 0 0
2011896582258985 137212166624960 feedend 264 0 0 0 0 0
2011896582458028 137212166624960 feedend 264 1 0 0 0 0
2011896589285519 137212166624960 outfirst 264 1 65536 0 0 0
2011896581937887 137212174624640 msgin 265 12533760 0 0 0 0
2011896581938317 137212174624640 enq 265 1 0 0 0 0
2011896590279413 137212166624960 outfirst 264 0 65536 0 0 0
2011896590343750 137212166624960 pump_end 1 2 0 0 0 0
2011896590343970 137212166624960 join_beg 1 0 0 0 0 0
2011896590344670 137212166624960 join_end 0 0 0 0 0 0
2011896590344950 137212166624960 book_beg 1 0 0 0 0 0
2011896590345170 137212166624960 batch 265 1 1 2 2 0
2011896590345320 137212166624960 book_end 1 0 0 0 0 0
2011896590345460 137212166624960 coll_beg 0 0 0 0 0 0
2011896590600521 137212166624960 coll_end 0 0 0 0 0 0
2011896590600781 137212166624960 rel_beg 1 0 0 0 0 0
2011896590601541 137212166624960 absorb 265 0 0 0 0 0
2011896590604671 137212166624960 rel_end 1 0 0 0 0 0
2011896590606751 137212166624960 wait_beg 0 0 0 0 0 0
2011896590656509 137212174624640 send 18 0 0 264 262 1
2011896590958968 137212174624640 send 397381 0 0 264 262 1
2011896591205569 137212174624640 send 333037 0 0 264 262 1
2011896591206989 137212174624640 send 14 0 0 264 262 1
2011896591207299 137212174624640 egress 265 1 0 262 0 0
2011896590624260 137212158232256 emit_beg 265 0 0 0 0 0
2011896590630040 137212158232256 dmg 0 1 0 0 1920 1080
2011896590630300 137212158232256 enc 264 264 1 -1 -1 0
2011896590683278 137212158232256 emit_end 265 0 0 0 0 0
2011896609220571 137212166624960 wait_end 0 0 0 0 0 0
2011896609224761 137212166624960 drain_beg 0 0 0 0 0 0
2011896609225331 137212166624960 drain_end 1 0 0 0 0 0
2011896609225551 137212166624960 take 266 0 0 0 0 0
2011896609226181 137212166624960 subm_beg 1 0 0 0 0 0
2011896609227211 137212166624960 submit 266 0 0 0 0 0
2011896609227381 137212166624960 subm_end 1 0 0 0 0 0
2011896609227461 137212166624960 pump_beg 1 0 0 0 0 0
2011896609548999 137212166624960 feedend 265 0 0 0 0 0
2011896609744112 137212166624960 feedend 265 1 0 0 0 0
2011896604759964 137212174624640 cliack 263 0 264 265 0 0
2011896604760274 137212174624640 ackregion 264 265 265 263 1 0
2011896609206471 137212174624640 msgin 266 12533760 0 0 0 0
2011896609207261 137212174624640 enq 266 1 0 0 0 0
2011896616596811 137212166624960 outfirst 265 1 65536 0 0 0
2011896618199643 137212166624960 outfirst 265 0 65536 0 0 0
2011896618278140 137212166624960 pump_end 1 2 0 0 0 0
2011896618278560 137212166624960 join_beg 1 0 0 0 0 0
2011896618279000 137212166624960 join_end 0 0 0 0 0 0
2011896618279100 137212166624960 book_beg 1 0 0 0 0 0
2011896618279810 137212166624960 batch 266 1 1 2 2 0
2011896618279960 137212166624960 book_end 1 0 0 0 0 0
2011896618280130 137212166624960 coll_beg 0 0 0 0 0 0
2011896618636697 137212166624960 coll_end 0 0 0 0 0 0
2011896618636867 137212166624960 rel_beg 1 0 0 0 0 0
2011896618637607 137212166624960 absorb 266 0 0 0 0 0
2011896618643827 137212166624960 rel_end 1 0 0 0 0 0
2011896618646107 137212166624960 wait_beg 0 0 0 0 0 0
2011896618742753 137212174624640 send 18 0 0 265 263 1
2011896619309232 137212174624640 send 442341 0 0 265 263 1
2011896619734627 137212174624640 send 337829 0 0 265 263 1
2011896619737007 137212174624640 send 14 0 0 265 263 1
2011896619737277 137212174624640 egress 266 1 0 263 0 0
2011896618665166 137212158232256 emit_beg 266 0 0 0 0 0
2011896618668396 137212158232256 dmg 0 1 0 0 1920 1080
2011896618668616 137212158232256 enc 265 265 1 -1 -1 0
2011896618726554 137212158232256 emit_end 266 0 0 0 0 0
2011896639501675 137212174624640 cliack 264 0 265 266 0 0
2011896639502185 137212174624640 ackregion 265 266 266 264 1 0
2011896641792811 137212166624960 wait_end 0 0 0 0 0 0
2011896641796891 137212166624960 drain_beg 0 0 0 0 0 0
2011896641797161 137212166624960 drain_end 1 0 0 0 0 0
2011896641797291 137212166624960 take 267 0 0 0 0 0
2011896641797531 137212166624960 subm_beg 1 0 0 0 0 0
2011896641798651 137212166624960 submit 267 0 0 0 0 0
2011896641798811 137212166624960 subm_end 1 0 0 0 0 0
2011896641798881 137212166624960 pump_beg 1 0 0 0 0 0
2011896642126129 137212166624960 feedend 266 0 0 0 0 0
2011896642304063 137212166624960 feedend 266 1 0 0 0 0
2011896650183045 137212166624960 outfirst 266 1 65536 0 0 0
2011896641767562 137212174624640 msgin 267 12533760 0 0 0 0
2011896641768702 137212174624640 enq 267 1 0 0 0 0
2011896651409840 137212166624960 outfirst 266 0 65536 0 0 0
2011896651519116 137212166624960 pump_end 1 2 0 0 0 0
2011896651519666 137212166624960 join_beg 1 0 0 0 0 0
2011896651520926 137212166624960 join_end 0 0 0 0 0 0
2011896651521096 137212166624960 book_beg 1 0 0 0 0 0
2011896651522176 137212166624960 batch 267 1 1 2 2 0
2011896651522316 137212166624960 book_end 1 0 0 0 0 0
2011896651522466 137212166624960 coll_beg 0 0 0 0 0 0
2011896651799936 137212166624960 coll_end 0 0 0 0 0 0
2011896651800106 137212166624960 rel_beg 1 0 0 0 0 0
2011896651800686 137212166624960 absorb 267 0 0 0 0 0
2011896651803986 137212166624960 rel_end 1 0 0 0 0 0
2011896651806246 137212166624960 wait_beg 0 0 0 0 0 0
2011896651881833 137212174624640 send 18 0 0 266 264 1
2011896652520519 137212174624640 send 521781 0 0 266 264 1
2011896653007372 137212174624640 send 435292 0 0 266 264 1
2011896653009092 137212174624640 send 14 0 0 266 264 1
2011896653009372 137212174624640 egress 267 1 0 264 0 0
2011896651827255 137212158232256 emit_beg 267 0 0 0 0 0
2011896651830865 137212158232256 dmg 0 1 0 0 1920 1080
2011896651831045 137212158232256 enc 266 266 1 -1 -1 0
2011896651910312 137212158232256 emit_end 267 0 0 0 0 0
2011896675697453 137212166624960 wait_end 0 0 0 0 0 0
2011896675700203 137212166624960 drain_beg 0 0 0 0 0 0
2011896675700603 137212166624960 drain_end 1 0 0 0 0 0
2011896675700773 137212166624960 take 268 0 0 0 0 0
2011896675700953 137212166624960 subm_beg 1 0 0 0 0 0
2011896675701413 137212166624960 submit 268 0 0 0 0 0
2011896675701633 137212166624960 subm_end 1 0 0 0 0 0
2011896675701693 137212166624960 pump_beg 1 0 0 0 0 0
2011896676008202 137212166624960 feedend 267 0 0 0 0 0
2011896676238573 137212166624960 feedend 267 1 0 0 0 0
2011896670676166 137212174624640 cliack 265 0 266 267 0 0
2011896670676506 137212174624640 ackregion 266 267 267 265 1 0
2011896675675544 137212174624640 msgin 268 12533760 0 0 0 0
2011896675684573 137212174624640 enq 268 1 0 0 0 0
2011896683390412 137212166624960 outfirst 267 1 65536 0 0 0
2011896684201932 137212166624960 outfirst 267 0 65536 0 0 0
2011896684264990 137212166624960 pump_end 1 2 0 0 0 0
2011896684265230 137212166624960 join_beg 1 0 0 0 0 0
2011896684265910 137212166624960 join_end 0 0 0 0 0 0
2011896684266150 137212166624960 book_beg 1 0 0 0 0 0
2011896684266950 137212166624960 batch 268 1 1 2 2 0
2011896684267080 137212166624960 book_end 1 0 0 0 0 0
2011896684267220 137212166624960 coll_beg 0 0 0 0 0 0
2011896684485852 137212166624960 coll_end 0 0 0 0 0 0
2011896684486092 137212166624960 rel_beg 1 0 0 0 0 0
2011896684486812 137212166624960 absorb 268 0 0 0 0 0
2011896684488882 137212166624960 rel_end 1 0 0 0 0 0
2011896684490862 137212166624960 wait_beg 0 0 0 0 0 0
2011896684550110 137212174624640 send 18 0 0 267 265 1
2011896684881478 137212174624640 send 416055 0 0 267 265 1
2011896685141108 137212174624640 send 350601 0 0 267 265 1
2011896685142408 137212174624640 send 14 0 0 267 265 1
2011896685142848 137212174624640 egress 268 1 0 265 0 0
2011896684510591 137212158232256 emit_beg 268 0 0 0 0 0
2011896684516951 137212158232256 dmg 0 1 0 0 1920 1080
2011896684517141 137212158232256 enc 267 267 1 -1 -1 0
2011896684580419 137212158232256 emit_end 268 0 0 0 0 0
2011896707053438 137212166624960 wait_end 0 0 0 0 0 0
2011896707056138 137212166624960 drain_beg 0 0 0 0 0 0
2011896707056488 137212166624960 drain_end 1 0 0 0 0 0
2011896707056658 137212166624960 take 269 0 0 0 0 0
2011896707057018 137212166624960 subm_beg 1 0 0 0 0 0
2011896707057688 137212166624960 submit 269 0 0 0 0 0
2011896707057818 137212166624960 subm_end 1 0 0 0 0 0
2011896707057848 137212166624960 pump_beg 1 0 0 0 0 0
2011896707321368 137212166624960 feedend 268 0 0 0 0 0
2011896707507171 137212166624960 feedend 268 1 0 0 0 0
2011896704292389 137212174624640 cliack 266 0 267 268 0 0
2011896704292479 137212174624640 ackregion 267 268 268 266 1 0
2011896707041758 137212174624640 msgin 269 12533760 0 0 0 0
2011896707042338 137212174624640 enq 269 1 0 0 0 0
2011896715462831 137212166624960 outfirst 268 1 65536 0 0 0
2011896716397947 137212166624960 outfirst 268 0 65536 0 0 0
2011896716562281 137212166624960 pump_end 1 2 0 0 0 0
2011896716562880 137212166624960 join_beg 1 0 0 0 0 0
2011896716563890 137212166624960 join_end 0 0 0 0 0 0
2011896716564060 137212166624960 book_beg 1 0 0 0 0 0
2011896716565010 137212166624960 batch 269 1 1 2 2 0
2011896716565220 137212166624960 book_end 1 0 0 0 0 0
2011896716565420 137212166624960 coll_beg 0 0 0 0 0 0
2011896716954016 137212166624960 coll_end 0 0 0 0 0 0
2011896716954226 137212166624960 rel_beg 1 0 0 0 0 0
2011896716954956 137212166624960 absorb 269 0 0 0 0 0
2011896716957866 137212166624960 rel_end 1 0 0 0 0 0
2011896716959716 137212166624960 wait_beg 0 0 0 0 0 0
2011896717038793 137212174624640 send 18 0 0 268 266 1
2011896717673330 137212174624640 send 522981 0 0 268 266 1
2011896718062576 137212174624640 send 448394 0 0 268 266 1
2011896718064406 137212174624640 send 14 0 0 268 266 1
2011896718064666 137212174624640 egress 269 1 0 266 0 0
2011896716980895 137212158232256 emit_beg 269 0 0 0 0 0
2011896716982835 137212158232256 dmg 0 1 0 0 1920 1080
2011896716983185 137212158232256 enc 268 268 1 -1 -1 0
2011896717066512 137212158232256 emit_end 269 0 0 0 0 0
2011896748748075 137212166624960 wait_end 0 0 0 0 0 0
2011896748751615 137212166624960 drain_beg 0 0 0 0 0 0
2011896748751935 137212166624960 drain_end 1 0 0 0 0 0
2011896748752225 137212166624960 take 270 0 0 0 0 0
2011896748752625 137212166624960 subm_beg 1 0 0 0 0 0
2011896748753615 137212166624960 submit 270 0 0 0 0 0
2011896748753775 137212166624960 subm_end 1 0 0 0 0 0
2011896748753805 137212166624960 pump_beg 1 0 0 0 0 0
2011896749101012 137212166624960 feedend 269 0 0 0 0 0
2011896749279526 137212166624960 feedend 269 1 0 0 0 0
2011896745787583 137212174624640 cliack 267 0 268 269 0 0
2011896745788183 137212174624640 ackregion 268 269 269 267 1 0
2011896748737185 137212174624640 msgin 270 12533760 0 0 0 0
2011896748737795 137212174624640 enq 270 1 0 0 0 0
2011896756078487 137212166624960 outfirst 269 1 65536 0 0 0
2011896756850689 137212166624960 outfirst 269 0 65536 0 0 0
2011896756912707 137212166624960 pump_end 1 2 0 0 0 0
2011896756912917 137212166624960 join_beg 1 0 0 0 0 0
2011896756913107 137212166624960 join_end 0 0 0 0 0 0
2011896756913377 137212166624960 book_beg 1 0 0 0 0 0
2011896756914127 137212166624960 batch 270 1 1 2 2 0
2011896756914277 137212166624960 book_end 1 0 0 0 0 0
2011896756914417 137212166624960 coll_beg 0 0 0 0 0 0
2011896757138588 137212166624960 coll_end 0 0 0 0 0 0
2011896757138758 137212166624960 rel_beg 1 0 0 0 0 0
2011896757139108 137212166624960 absorb 270 0 0 0 0 0
2011896757142218 137212166624960 rel_end 1 0 0 0 0 0
2011896757143658 137212166624960 wait_beg 0 0 0 0 0 0
2011896757194526 137212174624640 send 18 0 0 269 267 1
2011896757479026 137212174624640 send 368269 0 0 269 267 1
2011896757710088 137212174624640 send 319344 0 0 269 267 1
2011896757711388 137212174624640 send 14 0 0 269 267 1
2011896757711807 137212174624640 egress 270 1 0 267 0 0
2011896757162078 137212158232256 emit_beg 270 0 0 0 0 0
2011896757167717 137212158232256 dmg 0 1 0 0 1920 1080
2011896757167927 137212158232256 enc 269 269 1 -1 -1 0
2011896757220275 137212158232256 emit_end 270 0 0 0 0 0
2011896781199280 137212166624960 wait_end 0 0 0 0 0 0
2011896781202930 137212166624960 drain_beg 0 0 0 0 0 0
2011896781203240 137212166624960 drain_end 1 0 0 0 0 0
2011896781203320 137212166624960 take 271 0 0 0 0 0
2011896781203840 137212166624960 subm_beg 1 0 0 0 0 0
2011896781204620 137212166624960 submit 271 0 0 0 0 0
2011896781204780 137212166624960 subm_end 1 0 0 0 0 0
2011896781204840 137212166624960 pump_beg 1 0 0 0 0 0
2011896778754599 137212174624640 cliack 268 0 269 270 0 0
2011896778754689 137212174624640 ackregion 269 270 270 268 1 0
2011896781174421 137212174624640 msgin 271 12533760 0 0 0 0
2011896781175201 137212174624640 enq 271 1 0 0 0 0
2011896781519218 137212166624960 feedend 270 0 0 0 0 0
2011896781718371 137212166624960 feedend 270 1 0 0 0 0
2011896791192615 137212166624960 outfirst 270 1 65536 0 0 0
2011896791647278 137212166624960 outfirst 270 0 65536 0 0 0
2011896791784103 137212166624960 pump_end 1 2 0 0 0 0
2011896791784393 137212166624960 join_beg 1 0 0 0 0 0
2011896791784593 137212166624960 join_end 0 0 0 0 0 0
2011896791784853 137212166624960 book_beg 1 0 0 0 0 0
2011896791785743 137212166624960 batch 271 1 1 2 2 0
2011896791785913 137212166624960 book_end 1 0 0 0 0 0
2011896791786093 137212166624960 coll_beg 0 0 0 0 0 0
2011896792310454 137212166624960 coll_end 0 0 0 0 0 0
2011896792310624 137212166624960 rel_beg 1 0 0 0 0 0
2011896792311964 137212166624960 absorb 271 0 0 0 0 0
2011896792315254 137212166624960 rel_end 1 0 0 0 0 0
2011896792317004 137212166624960 wait_beg 0 0 0 0 0 0
2011896792404691 137212174624640 send 18 0 0 270 268 1
2011896793395744 137212174624640 send 635343 0 0 270 268 1
2011896794024641 137212174624640 send 577139 0 0 270 268 1
2011896794026421 137212174624640 send 14 0 0 270 268 1
2011896794026991 137212174624640 egress 271 1 0 268 0 0
2011896792335773 137212158232256 emit_beg 271 0 0 0 0 0
2011896792339593 137212158232256 dmg 0 1 0 0 1920 1080
2011896792339793 137212158232256 enc 270 270 1 -1 -1 0
2011896792488527 137212158232256 emit_end 271 0 0 0 0 0
2011896820809473 137212174624640 cliack 269 0 270 271 0 0
2011896820809763 137212174624640 ackregion 270 271 271 269 1 0
2011896822643286 137212166624960 wait_end 0 0 0 0 0 0
2011896822646526 137212166624960 drain_beg 0 0 0 0 0 0
2011896822646816 137212166624960 drain_end 1 0 0 0 0 0
2011896822646966 137212166624960 take 272 0 0 0 0 0
2011896822647306 137212166624960 subm_beg 1 0 0 0 0 0
2011896822648206 137212166624960 submit 272 0 0 0 0 0
2011896822648366 137212166624960 subm_end 1 0 0 0 0 0
2011896822648416 137212166624960 pump_beg 1 0 0 0 0 0
2011896822949215 137212166624960 feedend 271 0 0 0 0 0
2011896823162127 137212166624960 feedend 271 1 0 0 0 0
2011896830653574 137212166624960 outfirst 271 1 65536 0 0 0
2011896831222373 137212166624960 outfirst 271 0 65536 0 0 0
2011896831298090 137212166624960 pump_end 1 2 0 0 0 0
2011896831298420 137212166624960 join_beg 1 0 0 0 0 0
2011896831298600 137212166624960 join_end 0 0 0 0 0 0
2011896831298670 137212166624960 book_beg 1 0 0 0 0 0
2011896831299520 137212166624960 batch 272 1 1 2 2 0
2011896831299580 137212166624960 book_end 1 0 0 0 0 0
2011896831299640 137212166624960 coll_beg 0 0 0 0 0 0
2011896831644727 137212166624960 coll_end 0 0 0 0 0 0
2011896831644787 137212166624960 rel_beg 1 0 0 0 0 0
2011896831645297 137212166624960 absorb 272 0 0 0 0 0
2011896831648307 137212166624960 rel_end 1 0 0 0 0 0
2011896831650157 137212166624960 wait_beg 0 0 0 0 0 0
2011896822621737 137212174624640 msgin 272 12533760 0 0 0 0
2011896822622357 137212174624640 enq 272 1 0 0 0 0
2011896831658497 137212158232256 emit_beg 272 0 0 0 0 0
2011896831661047 137212158232256 dmg 0 1 0 0 1920 1080
2011896831661237 137212158232256 enc 271 271 1 -1 -1 0
2011896831699435 137212174624640 send 18 0 0 271 269 1
2011896832121120 137212174624640 send 435889 0 0 271 269 1
2011896832418869 137212174624640 send 388726 0 0 271 269 1
2011896832420289 137212174624640 send 14 0 0 271 269 1
2011896832420429 137212174624640 egress 272 1 0 269 0 0
2011896831717215 137212158232256 emit_end 272 0 0 0 0 0
2011896850710771 137212174624640 cliack 270 0 271 272 0 0
2011896850711291 137212174624640 ackregion 271 272 272 270 1 0
2011896855405130 137212166624960 wait_end 0 0 0 0 0 0
2011896855409389 137212166624960 drain_beg 0 0 0 0 0 0
2011896855410079 137212166624960 drain_end 1 0 0 0 0 0
2011896855410289 137212166624960 take 273 0 0 0 0 0
2011896855410659 137212166624960 subm_beg 1 0 0 0 0 0
2011896855411789 137212166624960 submit 273 0 0 0 0 0
2011896855411959 137212166624960 subm_end 1 0 0 0 0 0
2011896855412009 137212166624960 pump_beg 1 0 0 0 0 0
2011896855756527 137212166624960 feedend 272 0 0 0 0 0
2011896855954720 137212166624960 feedend 272 1 0 0 0 0
2011896855378001 137212174624640 msgin 273 12533760 0 0 0 0
2011896855378841 137212174624640 enq 273 1 0 0 0 0
2011896863281812 137212166624960 outfirst 272 1 65536 0 0 0
2011896864197878 137212166624960 outfirst 272 0 65536 0 0 0
2011896864272236 137212166624960 pump_end 1 2 0 0 0 0
2011896864272876 137212166624960 join_beg 1 0 0 0 0 0
2011896864273236 137212166624960 join_end 0 0 0 0 0 0
2011896864273456 137212166624960 book_beg 1 0 0 0 0 0
2011896864274326 137212166624960 batch 273 1 1 2 2 0
2011896864274486 137212166624960 book_end 1 0 0 0 0 0
2011896864274646 137212166624960 coll_beg 0 0 0 0 0 0
2011896864501097 137212166624960 coll_end 0 0 0 0 0 0
2011896864501357 137212166624960 rel_beg 1 0 0 0 0 0
2011896864501727 137212166624960 absorb 273 0 0 0 0 0
2011896864504307 137212166624960 rel_end 1 0 0 0 0 0
2011896864506107 137212166624960 wait_beg 0 0 0 0 0 0
2011896864631603 137212174624640 send 18 0 0 272 270 1
2011896865166053 137212174624640 send 449594 0 0 272 270 1
2011896865584058 137212174624640 send 374064 0 0 272 270 1
2011896865585968 137212174624640 send 14 0 0 272 270 1
2011896865586598 137212174624640 egress 273 1 0 270 0 0
2011896864528786 137212158232256 emit_beg 273 0 0 0 0 0
2011896864540986 137212158232256 dmg 0 1 0 0 1920 1080
2011896864541176 137212158232256 enc 272 272 1 -1 -1 0
2011896864608203 137212158232256 emit_end 273 0 0 0 0 0
2011896905483091 137212166624960 wait_end 0 0 0 0 0 0
2011896905488750 137212166624960 drain_beg 0 0 0 0 0 0
2011896905489130 137212166624960 drain_end 1 0 0 0 0 0
2011896905489560 137212166624960 take 274 0 0 0 0 0
2011896905490180 137212166624960 subm_beg 1 0 0 0 0 0
2011896905491570 137212166624960 submit 274 0 0 0 0 0
2011896905491740 137212166624960 subm_end 1 0 0 0 0 0
2011896905491800 137212166624960 pump_beg 1 0 0 0 0 0
2011896905801559 137212166624960 feedend 273 0 0 0 0 0
2011896905998522 137212166624960 feedend 273 1 0 0 0 0
2011896903087528 137212174624640 cliack 271 0 272 273 0 0
2011896903087998 137212174624640 ackregion 272 273 273 271 1 0
2011896905453572 137212174624640 msgin 274 12533760 0 0 0 0
2011896905456032 137212174624640 enq 274 1 0 0 0 0
2011896913581935 137212166624960 outfirst 273 1 65536 0 0 0
2011896914621467 137212166624960 outfirst 273 0 65536 0 0 0
2011896914716653 137212166624960 pump_end 1 2 0 0 0 0
2011896914716983 137212166624960 join_beg 1 0 0 0 0 0
2011896914717383 137212166624960 join_end 0 0 0 0 0 0
2011896914717663 137212166624960 book_beg 1 0 0 0 0 0
2011896914718603 137212166624960 batch 274 1 1 2 2 0
2011896914718763 137212166624960 book_end 1 0 0 0 0 0
2011896914718933 137212166624960 coll_beg 0 0 0 0 0 0
2011896915165587 137212166624960 coll_end 0 0 0 0 0 0
2011896915165897 137212166624960 rel_beg 1 0 0 0 0 0
2011896915166637 137212166624960 absorb 274 0 0 0 0 0
2011896915172537 137212166624960 rel_end 1 0 0 0 0 0
2011896915175117 137212166624960 wait_beg 0 0 0 0 0 0
2011896915264413 137212174624640 send 18 0 0 273 271 1
2011896915848032 137212174624640 send 474278 0 0 273 271 1
2011896916183980 137212174624640 send 403965 0 0 273 271 1
2011896916185590 137212174624640 send 14 0 0 273 271 1
2011896916185880 137212174624640 egress 274 1 0 271 0 0
2011896915195546 137212158232256 emit_beg 274 0 0 0 0 0
2011896915200166 137212158232256 dmg 0 1 0 0 1920 1080
2011896915200486 137212158232256 enc 273 273 1 -1 -1 0
2011896915267923 137212158232256 emit_end 274 0 0 0 0 0
2011896938627000 137212174624640 cliack 272 0 273 274 0 0
2011896938627780 137212174624640 ackregion 273 274 274 272 1 0
2011896943743973 137212166624960 wait_end 0 0 0 0 0 0
2011896943747973 137212166624960 drain_beg 0 0 0 0 0 0
2011896943748463 137212166624960 drain_end 1 0 0 0 0 0
2011896943748633 137212166624960 take 275 0 0 0 0 0
2011896943749003 137212166624960 subm_beg 1 0 0 0 0 0
2011896943751023 137212166624960 submit 275 0 0 0 0 0
2011896943751193 137212166624960 subm_end 1 0 0 0 0 0
2011896943751253 137212166624960 pump_beg 1 0 0 0 0 0
2011896944053942 137212166624960 feedend 274 0 0 0 0 0
2011896944249685 137212166624960 feedend 274 1 0 0 0 0
2011896951092295 137212166624960 outfirst 274 1 65536 0 0 0
2011896951973033 137212166624960 outfirst 274 0 65536 0 0 0
2011896952054040 137212166624960 pump_end 1 2 0 0 0 0
2011896952054370 137212166624960 join_beg 1 0 0 0 0 0
2011896952055080 137212166624960 join_end 0 0 0 0 0 0
2011896952055190 137212166624960 book_beg 1 0 0 0 0 0
2011896952055590 137212166624960 batch 275 1 1 2 2 0
2011896952055630 137212166624960 book_end 1 0 0 0 0 0
2011896952055670 137212166624960 coll_beg 0 0 0 0 0 0
2011896952278541 137212166624960 coll_end 0 0 0 0 0 0
2011896952278581 137212166624960 rel_beg 1 0 0 0 0 0
2011896952278831 137212166624960 absorb 275 0 0 0 0 0
2011896952281951 137212166624960 rel_end 1 0 0 0 0 0
2011896952283861 137212166624960 wait_beg 0 0 0 0 0 0
2011896943729194 137212174624640 msgin 275 12533760 0 0 0 0
2011896943730014 137212174624640 enq 275 1 0 0 0 0
2011896952304401 137212158232256 emit_beg 275 0 0 0 0 0
2011896952314650 137212158232256 dmg 0 1 0 0 1920 1080
2011896952314820 137212158232256 enc 274 274 1 -1 -1 0
2011896952384018 137212174624640 send 18 0 0 274 272 1
2011896952853181 137212174624640 send 398375 0 0 274 272 1
2011896953183889 137212174624640 send 326516 0 0 274 272 1
2011896953185838 137212174624640 send 14 0 0 274 272 1
2011896953186458 137212174624640 egress 275 1 0 272 0 0
2011896952370988 137212158232256 emit_end 275 0 0 0 0 0
2011896975394417 137212166624960 wait_end 0 0 0 0 0 0
2011896975397437 137212166624960 drain_beg 0 0 0 0 0 0
2011896975397947 137212166624960 drain_end 1 0 0 0 0 0
2011896975398177 137212166624960 take 276 0 0 0 0 0
2011896975398717 137212166624960 subm_beg 1 0 0 0 0 0
2011896975399797 137212166624960 submit 276 0 0 0 0 0
2011896975399927 137212166624960 subm_end 1 0 0 0 0 0
2011896975399977 137212166624960 pump_beg 1 0 0 0 0 0
2011896975701016 137212166624960 feedend 275 0 0 0 0 0
2011896975896839 137212166624960 feedend 275 1 0 0 0 0
2011896974278208 137212174624640 cliack 273 0 274 275 0 0
2011896974278628 137212174624640 ackregion 274 275 275 273 1 0
2011896975378308 137212174624640 msgin 276 12533760 0 0 0 0
2011896975380238 137212174624640 enq 276 1 0 0 0 0
2011896983011379 137212166624960 outfirst 275 1 65536 0 0 0
2011896983633786 137212166624960 outfirst 275 0 65536 0 0 0
2011896983723303 137212166624960 pump_end 1 2 0 0 0 0
2011896983723543 137212166624960 join_beg 1 0 0 0 0 0
2011896983723953 137212166624960 join_end 0 0 0 0 0 0
2011896983724203 137212166624960 book_beg 1 0 0 0 0 0
2011896983724893 137212166624960 batch 276 1 1 2 2 0
2011896983725053 137212166624960 book_end 1 0 0 0 0 0
2011896983725223 137212166624960 coll_beg 0 0 0 0 0 0
2011896983927606 137212166624960 coll_end 0 0 0 0 0 0
2011896983927766 137212166624960 rel_beg 1 0 0 0 0 0
2011896983928256 137212166624960 absorb 276 0 0 0 0 0
2011896983932325 137212166624960 rel_end 1 0 0 0 0 0
2011896983934155 137212166624960 wait_beg 0 0 0 0 0 0
2011896984006973 137212174624640 send 18 0 0 275 273 1
2011896984325161 137212174624640 send 393809 0 0 275 273 1
2011896984566492 137212174624640 send 344906 0 0 275 273 1
2011896984567892 137212174624640 send 14 0 0 275 273 1
2011896984568292 137212174624640 egress 276 1 0 273 0 0
2011896983956814 137212158232256 emit_beg 276 0 0 0 0 0
2011896983967624 137212158232256 dmg 0 1 0 0 1920 1080
2011896983968094 137212158232256 enc 275 275 1 -1 -1 0
2011896984044721 137212158232256 emit_end 276 0 0 0 0 0
2011897012204143 137212174624640 cliack 274 0 275 276 0 0
2011897012204383 137212174624640 ackregion 275 276 276 274 1 0
2011897015007580 137212166624960 wait_end 0 0 0 0 0 0
2011897015009690 137212166624960 drain_beg 0 0 0 0 0 0
2011897015009930 137212166624960 drain_end 1 0 0 0 0 0
2011897015010650 137212166624960 take 277 0 0 0 0 0
2011897015011260 137212166624960 subm_beg 1 0 0 0 0 0
2011897015012180 137212166624960 submit 277 0 0 0 0 0
2011897015012320 137212166624960 subm_end 1 0 0 0 0 0
2011897015012350 137212166624960 pump_beg 1 0 0 0 0 0
2011897015326219 137212166624960 feedend 276 0 0 0 0 0
2011897015478423 137212166624960 feedend 276 1 0 0 0 0
2011897022619852 137212166624960 outfirst 276 1 65536 0 0 0
2011897014989861 137212174624640 msgin 277 12533760 0 0 0 0
2011897014990451 137212174624640 enq 277 1 0 0 0 0
2011897023593917 137212166624960 outfirst 276 0 65536 0 0 0
2011897023691533 137212166624960 pump_end 1 2 0 0 0 0
2011897023691763 137212166624960 join_beg 1 0 0 0 0 0
2011897023692073 137212166624960 join_end 0 0 0 0 0 0
2011897023692183 137212166624960 book_beg 1 0 0 0 0 0
2011897023692483 137212166624960 batch 277 1 1 2 2 0
2011897023692633 137212166624960 book_end 1 0 0 0 0 0
2011897023692793 137212166624960 coll_beg 0 0 0 0 0 0
2011897024036741 137212166624960 coll_end 0 0 0 0 0 0
2011897024036931 137212166624960 rel_beg 1 0 0 0 0 0
2011897024037311 137212166624960 absorb 277 0 0 0 0 0
2011897024040341 137212166624960 rel_end 1 0 0 0 0 0
2011897024042061 137212166624960 wait_beg 0 0 0 0 0 0
2011897024101318 137212174624640 send 18 0 0 276 274 1
2011897024448926 137212174624640 send 447075 0 0 276 274 1
2011897024707906 137212174624640 send 362888 0 0 276 274 1
2011897024709106 137212174624640 send 14 0 0 276 274 1
2011897024715576 137212174624640 egress 277 1 0 274 0 0
2011897024064370 137212158232256 emit_beg 277 0 0 0 0 0
2011897024070909 137212158232256 dmg 0 1 0 0 1920 1080
2011897024071229 137212158232256 enc 276 276 1 -1 -1 0
2011897024131347 137212158232256 emit_end 277 0 0 0 0 0
2011897047281142 137212166624960 wait_end 0 0 0 0 0 0
2011897047286102 137212166624960 drain_beg 0 0 0 0 0 0
2011897047286642 137212166624960 drain_end 1 0 0 0 0 0
2011897047286782 137212166624960 take 278 0 0 0 0 0
2011897047287712 137212166624960 subm_beg 1 0 0 0 0 0
2011897047288851 137212166624960 submit 278 0 0 0 0 0
2011897047289021 137212166624960 subm_end 1 0 0 0 0 0
2011897047289061 137212166624960 pump_beg 1 0 0 0 0 0
2011897047596950 137212166624960 feedend 277 0 0 0 0 0
2011897047822472 137212166624960 feedend 277 1 0 0 0 0
2011897043545128 137212174624640 cliack 275 0 276 277 0 0
2011897043545268 137212174624640 ackregion 276 277 277 275 1 0
2011897047253553 137212174624640 msgin 278 12533760 0 0 0 0
2011897047254383 137212174624640 enq 278 1 0 0 0 0
2011897055001510 137212166624960 outfirst 277 1 65536 0 0 0
2011897055861668 137212166624960 outfirst 277 0 65536 0 0 0
2011897055955085 137212166624960 pump_end 1 2 0 0 0 0
2011897055955685 137212166624960 join_beg 1 0 0 0 0 0
2011897055956215 137212166624960 join_end 0 0 0 0 0 0
2011897055956405 137212166624960 book_beg 1 0 0 0 0 0
2011897055957005 137212166624960 batch 278 1 1 2 2 0
2011897055957175 137212166624960 book_end 1 0 0 0 0 0
2011897055957345 137212166624960 coll_beg 0 0 0 0 0 0
2011897056355870 137212166624960 coll_end 0 0 0 0 0 0
2011897056356080 137212166624960 rel_beg 1 0 0 0 0 0
2011897056356830 137212166624960 absorb 278 0 0 0 0 0
2011897056361560 137212166624960 rel_end 1 0 0 0 0 0
2011897056363610 137212166624960 wait_beg 0 0 0 0 0 0
2011897056410278 137212174624640 send 18 0 0 277 275 1
2011897056734187 137212174624640 send 431532 0 0 277 275 1
2011897056997767 137212174624640 send 367659 0 0 277 275 1
2011897056998957 137212174624640 send 14 0 0 277 275 1
2011897056999177 137212174624640 egress 278 1 0 275 0 0
2011897056383599 137212158232256 emit_beg 278 0 0 0 0 0
2011897056388889 137212158232256 dmg 0 1 0 0 1920 1080
2011897056389139 137212158232256 enc 277 277 1 -1 -1 0
2011897056438777 137212158232256 emit_end 278 0 0 0 0 0
2011897078712994 137212166624960 wait_end 0 0 0 0 0 0
2011897078717424 137212166624960 drain_beg 0 0 0 0 0 0
2011897078717714 137212166624960 drain_end 1 0 0 0 0 0
2011897078717864 137212166624960 take 279 0 0 0 0 0
2011897078718634 137212166624960 subm_beg 1 0 0 0 0 0
2011897078720014 137212166624960 submit 279 0 0 0 0 0
2011897078720164 137212166624960 subm_end 1 0 0 0 0 0
2011897078720184 137212166624960 pump_beg 1 0 0 0 0 0
2011897079072621 137212166624960 feedend 278 0 0 0 0 0
2011897079276193 137212166624960 feedend 278 1 0 0 0 0
2011897075431704 137212174624640 cliack 276 0 277 278 0 0
2011897075431874 137212174624640 ackregion 277 278 278 276 1 0
2011897078699454 137212174624640 msgin 279 12533760 0 0 0 0
2011897078701174 137212174624640 enq 279 1 0 0 0 0
2011897085626181 137212166624960 outfirst 278 1 65536 0 0 0
2011897086222260 137212166624960 outfirst 278 0 65536 0 0 0
2011897086270248 137212166624960 pump_end 1 2 0 0 0 0
2011897086270608 137212166624960 join_beg 1 0 0 0 0 0
2011897086271338 137212166624960 join_end 0 0 0 0 0 0
2011897086271448 137212166624960 book_beg 1 0 0 0 0 0
2011897086271728 137212166624960 batch 279 1 1 2 2 0
2011897086271878 137212166624960 book_end 1 0 0 0 0 0
2011897086272028 137212166624960 coll_beg 0 0 0 0 0 0
2011897086455891 137212166624960 coll_end 0 0 0 0 0 0
2011897086456061 137212166624960 rel_beg 1 0 0 0 0 0
2011897086456281 137212166624960 absorb 279 0 0 0 0 0
2011897086460261 137212166624960 rel_end 1 0 0 0 0 0
2011897086461881 137212166624960 wait_beg 0 0 0 0 0 0
2011897086501569 137212174624640 send 18 0 0 278 276 1
2011897086748110 137212174624640 send 317932 0 0 278 276 1
2011897086945953 137212174624640 send 273272 0 0 278 276 1
2011897086947283 137212174624640 send 14 0 0 278 276 1
2011897086947783 137212174624640 egress 279 1 0 276 0 0
2011897086469361 137212158232256 emit_beg 279 0 0 0 0 0
2011897086477720 137212158232256 dmg 0 1 0 0 1920 1080
2011897086478010 137212158232256 enc 278 278 1 -1 -1 0
2011897086528158 137212158232256 emit_end 279 0 0 0 0 0
2011897111598823 137212166624960 wait_end 0 0 0 0 0 0
2011897111602793 137212166624960 drain_beg 0 0 0 0 0 0
2011897111603103 137212166624960 drain_end 1 0 0 0 0 0
2011897111603403 137212166624960 take 280 0 0 0 0 0
2011897111604163 137212166624960 subm_beg 1 0 0 0 0 0
2011897111605582 137212166624960 submit 280 0 0 0 0 0
2011897111605752 137212166624960 subm_end 1 0 0 0 0 0
2011897111605792 137212166624960 pump_beg 1 0 0 0 0 0
2011897111948210 137212166624960 feedend 279 0 0 0 0 0
2011897112127173 137212166624960 feedend 279 1 0 0 0 0
2011897110522842 137212174624640 cliack 277 0 278 279 0 0
2011897110523042 137212174624640 ackregion 278 279 279 277 1 0
2011897111585043 137212174624640 msgin 280 12533760 0 0 0 0
2011897111585463 137212174624640 enq 280 1 0 0 0 0
2011897118850608 137212166624960 outfirst 279 1 65536 0 0 0
2011897120163170 137212166624960 outfirst 279 0 65536 0 0 0
2011897120219668 137212166624960 pump_end 1 2 0 0 0 0
2011897120220118 137212166624960 join_beg 1 0 0 0 0 0
2011897120220328 137212166624960 join_end 0 0 0 0 0 0
2011897120220418 137212166624960 book_beg 1 0 0 0 0 0
2011897120220948 137212166624960 batch 280 1 1 2 2 0
2011897120221108 137212166624960 book_end 1 0 0 0 0 0
2011897120221238 137212166624960 coll_beg 0 0 0 0 0 0
2011897120421801 137212166624960 coll_end 0 0 0 0 0 0
2011897120421941 137212166624960 rel_beg 1 0 0 0 0 0
2011897120422500 137212166624960 absorb 280 0 0 0 0 0
2011897120425720 137212166624960 rel_end 1 0 0 0 0 0
2011897120427010 137212166624960 wait_beg 0 0 0 0 0 0
2011897120517017 137212174624640 send 18 0 0 279 277 1
2011897121051678 137212174624640 send 432012 0 0 279 277 1
2011897121436363 137212174624640 send 323050 0 0 279 277 1
2011897121438373 137212174624640 send 14 0 0 279 277 1
2011897121439313 137212174624640 egress 280 1 0 277 0 0
2011897120448990 137212158232256 emit_beg 280 0 0 0 0 0
2011897120453539 137212158232256 dmg 0 1 0 0 1920 1080
2011897120453879 137212158232256 enc 279 279 1 -1 -1 0
2011897120521487 137212158232256 emit_end 280 0 0 0 0 0
2011897150727264 137212166624960 wait_end 0 0 0 0 0 0
2011897150731184 137212166624960 drain_beg 0 0 0 0 0 0
2011897150731564 137212166624960 drain_end 1 0 0 0 0 0
2011897150731744 137212166624960 take 281 0 0 0 0 0
2011897150732414 137212166624960 subm_beg 1 0 0 0 0 0
2011897150733374 137212166624960 submit 281 0 0 0 0 0
2011897150733593 137212166624960 subm_end 1 0 0 0 0 0
2011897150733623 137212166624960 pump_beg 1 0 0 0 0 0
2011897151064321 137212166624960 feedend 280 0 0 0 0 0
2011897151244535 137212166624960 feedend 280 1 0 0 0 0
2011897145123558 137212174624640 cliack 278 0 279 280 0 0
2011897145123868 137212174624640 ackregion 279 280 280 278 1 0
2011897150696715 137212174624640 msgin 281 12533760 0 0 0 0
2011897150697645 137212174624640 enq 281 1 0 0 0 0
2011897159277062 137212166624960 outfirst 280 1 65536 0 0 0
2011897159842431 137212166624960 outfirst 280 0 65536 0 0 0
2011897159933048 137212166624960 pump_end 1 2 0 0 0 0
2011897159933368 137212166624960 join_beg 1 0 0 0 0 0
2011897159933678 137212166624960 join_end 0 0 0 0 0 0
2011897159933908 137212166624960 book_beg 1 0 0 0 0 0
2011897159934187 137212166624960 batch 281 1 1 2 2 0
2011897159934347 137212166624960 book_end 1 0 0 0 0 0
2011897159934517 137212166624960 coll_beg 0 0 0 0 0 0
2011897160256766 137212166624960 coll_end 0 0 0 0 0 0
2011897160257066 137212166624960 rel_beg 1 0 0 0 0 0
2011897160257676 137212166624960 absorb 281 0 0 0 0 0
2011897160261186 137212166624960 rel_end 1 0 0 0 0 0
2011897160263135 137212166624960 wait_beg 0 0 0 0 0 0
2011897160333033 137212174624640 send 18 0 0 280 278 1
2011897160794746 137212174624640 send 498447 0 0 280 278 1
2011897161113074 137212174624640 send 450746 0 0 280 278 1
2011897161114214 137212174624640 send 14 0 0 280 278 1
2011897161114854 137212174624640 egress 281 1 0 278 0 0
2011897160283235 137212158232256 emit_beg 281 0 0 0 0 0
2011897160292004 137212158232256 dmg 0 1 0 0 1920 1080
2011897160292414 137212158232256 enc 280 280 1 -1 -1 0
2011897160375401 137212158232256 emit_end 281 0 0 0 0 0
2011897171280323 137212166624960 wait_end 0 0 0 0 0 0
2011897171283033 137212166624960 drain_beg 0 0 0 0 0 0
2011897171283293 137212166624960 drain_end 1 0 0 0 0 0
2011897171283433 137212166624960 take 282 0 0 0 0 0
2011897171283713 137212166624960 subm_beg 1 0 0 0 0 0
2011897171284373 137212166624960 submit 282 0 0 0 0 0
2011897171284533 137212166624960 subm_end 1 0 0 0 0 0
2011897171284573 137212166624960 pump_beg 1 0 0 0 0 0
2011897171593532 137212166624960 feedend 281 0 0 0 0 0
2011897171721027 137212166624960 feedend 281 1 0 0 0 0
2011897170458363 137212174624640 cliack 279 0 280 281 0 0
2011897170458483 137212174624640 ackregion 280 281 281 279 1 0
2011897171268724 137212174624640 msgin 282 12533760 0 0 0 0
2011897171269074 137212174624640 enq 282 1 0 0 0 0
2011897179323669 137212166624960 outfirst 281 1 65536 0 0 0
2011897180306883 137212166624960 outfirst 281 0 65536 0 0 0
2011897180386841 137212166624960 pump_end 1 2 0 0 0 0
2011897180399010 137212166624960 join_beg 1 0 0 0 0 0
2011897180399570 137212166624960 join_end 0 0 0 0 0 0
2011897180399900 137212166624960 book_beg 1 0 0 0 0 0
2011897180400440 137212166624960 batch 282 1 1 2 2 0
2011897180400480 137212166624960 book_end 1 0 0 0 0 0
2011897180400510 137212166624960 coll_beg 0 0 0 0 0 0
2011897180684780 137212166624960 coll_end 0 0 0 0 0 0
2011897180684860 137212166624960 rel_beg 1 0 0 0 0 0
2011897180685470 137212166624960 absorb 282 0 0 0 0 0
2011897180689599 137212166624960 rel_end 1 0 0 0 0 0
2011897180691539 137212166624960 wait_beg 0 0 0 0 0 0
2011897180741698 137212174624640 send 18 0 0 281 279 1
2011897181119474 137212174624640 send 479699 0 0 281 279 1
2011897181420803 137212174624640 send 419578 0 0 281 279 1
2011897181421953 137212174624640 send 14 0 0 281 279 1
2011897181422163 137212174624640 egress 282 1 0 279 0 0
2011897180711149 137212158232256 emit_beg 282 0 0 0 0 0
2011897180720018 137212158232256 dmg 0 1 0 0 1920 1080
2011897180720218 137212158232256 enc 281 281 1 -1 -1 0
2011897180787156 137212158232256 emit_end 282 0 0 0 0 0
2011897203058492 137212174624640 cliack 280 0 281 282 0 0
2011897203058742 137212174624640 ackregion 281 282 282 280 1 0
2011897207187832 137212166624960 wait_end 0 0 0 0 0 0
2011897207192231 137212166624960 drain_beg 0 0 0 0 0 0
2011897207192941 137212166624960 drain_end 1 0 0 0 0 0
2011897207193131 137212166624960 take 283 0 0 0 0 0
2011897207193831 137212166624960 subm_beg 1 0 0 0 0 0
2011897207195471 137212166624960 submit 283 0 0 0 0 0
2011897207195621 137212166624960 subm_end 1 0 0 0 0 0
2011897207195681 137212166624960 pump_beg 1 0 0 0 0 0
2011897207511710 137212166624960 feedend 282 0 0 0 0 0
2011897207719622 137212166624960 feedend 282 1 0 0 0 0
2011897207172482 137212174624640 msgin 283 12533760 0 0 0 0
2011897207173702 137212174624640 enq 283 1 0 0 0 0
2011897215592365 137212166624960 outfirst 282 1 65536 0 0 0
2011897216627967 137212166624960 outfirst 282 0 65536 0 0 0
2011897216754712 137212166624960 pump_end 1 2 0 0 0 0
2011897216755352 137212166624960 join_beg 1 0 0 0 0 0
2011897216755862 137212166624960 join_end 0 0 0 0 0 0
2011897216756212 137212166624960 book_beg 1 0 0 0 0 0
2011897216757322 137212166624960 batch 283 1 1 2 2 0
2011897216757482 137212166624960 book_end 1 0 0 0 0 0
2011897216757622 137212166624960 coll_beg 0 0 0 0 0 0
2011897217091280 137212166624960 coll_end 0 0 0 0 0 0
2011897217091470 137212166624960 rel_beg 1 0 0 0 0 0
2011897217091990 137212166624960 absorb 283 0 0 0 0 0
2011897217095390 137212166624960 rel_end 1 0 0 0 0 0
2011897217097680 137212166624960 wait_beg 0 0 0 0 0 0
2011897217185796 137212174624640 send 18 0 0 282 280 1
2011897217800724 137212174624640 send 504760 0 0 282 280 1
2011897218126182 137212174624640 send 420943 0 0 282 280 1
2011897218127622 137212174624640 send 14 0 0 282 280 1
2011897218127902 137212174624640 egress 283 1 0 280 0 0
2011897217117899 137212158232256 emit_beg 283 0 0 0 0 0
2011897217122999 137212158232256 dmg 0 1 0 0 1920 1080
2011897217123229 137212158232256 enc 282 282 1 -1 -1 0
2011897217190026 137212158232256 emit_end 283 0 0 0 0 0
2011897246571913 137212166624960 wait_end 0 0 0 0 0 0
2011897246574363 137212166624960 drain_beg 0 0 0 0 0 0
2011897246574543 137212166624960 drain_end 1 0 0 0 0 0
2011897246574633 137212166624960 take 284 0 0 0 0 0
2011897246574833 137212166624960 subm_beg 1 0 0 0 0 0
2011897246575473 137212166624960 submit 284 0 0 0 0 0
2011897246575743 137212166624960 subm_end 1 0 0 0 0 0
2011897246575773 137212166624960 pump_beg 1 0 0 0 0 0
2011897246851833 137212166624960 feedend 283 0 0 0 0 0
2011897247060085 137212166624960 feedend 283 1 0 0 0 0
2011897253726742 137212166624960 outfirst 283 1 65536 0 0 0
2011897244320235 137212174624640 cliack 281 0 282 283 0 0
2011897244320735 137212174624640 ackregion 282 283 283 281 1 0
2011897246563714 137212174624640 msgin 284 12533760 0 0 0 0
2011897246564094 137212174624640 enq 284 1 0 0 0 0
2011897255114831 137212166624960 outfirst 283 0 65536 0 0 0
2011897255182079 137212166624960 pump_end 1 2 0 0 0 0
2011897255182349 137212166624960 join_beg 1 0 0 0 0 0
2011897255182759 137212166624960 join_end 0 0 0 0 0 0
2011897255183009 137212166624960 book_beg 1 0 0 0 0 0
2011897255183369 137212166624960 batch 284 1 1 2 2 0
2011897255183539 137212166624960 book_end 1 0 0 0 0 0
2011897255183699 137212166624960 coll_beg 0 0 0 0 0 0
2011897255450169 137212166624960 coll_end 0 0 0 0 0 0
2011897255450439 137212166624960 rel_beg 1 0 0 0 0 0
2011897255451109 137212166624960 absorb 284 0 0 0 0 0
2011897255453819 137212166624960 rel_end 1 0 0 0 0 0
2011897255455759 137212166624960 wait_beg 0 0 0 0 0 0
2011897255527596 137212174624640 send 18 0 0 283 281 1
2011897255844945 137212174624640 send 413578 0 0 283 281 1
2011897256082066 137212174624640 send 320498 0 0 283 281 1
2011897256083526 137212174624640 send 14 0 0 283 281 1
2011897256084046 137212174624640 egress 284 1 0 281 0 0
2011897255475998 137212158232256 emit_beg 284 0 0 0 0 0
2011897255483598 137212158232256 dmg 0 1 0 0 1920 1080
2011897255483788 137212158232256 enc 283 283 1 -1 -1 0
2011897255540496 137212158232256 emit_end 284 0 0 0 0 0
2011897284074354 137212166624960 wait_end 0 0 0 0 0 0
2011897284077233 137212166624960 drain_beg 0 0 0 0 0 0
2011897284077573 137212166624960 drain_end 1 0 0 0 0 0
2011897284077763 137212166624960 take 285 0 0 0 0 0
2011897284078063 137212166624960 subm_beg 1 0 0 0 0 0
2011897284079203 137212166624960 submit 285 0 0 0 0 0
2011897284079373 137212166624960 subm_end 1 0 0 0 0 0
2011897284079413 137212166624960 pump_beg 1 0 0 0 0 0
2011897284400952 137212166624960 feedend 284 0 0 0 0 0
2011897282925036 137212174624640 cliack 282 0 283 284 0 0
2011897282925305 137212174624640 ackregion 283 284 284 282 1 0
2011897284062074 137212174624640 msgin 285 12533760 0 0 0 0
2011897284062574 137212174624640 enq 285 1 0 0 0 0
2011897284560786 137212166624960 feedend 284 1 0 0 0 0
2011897292214416 137212166624960 outfirst 284 1 65536 0 0 0
2011897293287697 137212166624960 outfirst 284 0 65536 0 0 0
2011897293349565 137212166624960 pump_end 1 2 0 0 0 0
2011897293349855 137212166624960 join_beg 1 0 0 0 0 0
2011897293350405 137212166624960 join_end 0 0 0 0 0 0
2011897293350615 137212166624960 book_beg 1 0 0 0 0 0
2011897293351655 137212166624960 batch 285 1 1 2 2 0
2011897293351825 137212166624960 book_end 1 0 0 0 0 0
2011897293351985 137212166624960 coll_beg 0 0 0 0 0 0
2011897293679303 137212166624960 coll_end 0 0 0 0 0 0
2011897293679513 137212166624960 rel_beg 1 0 0 0 0 0
2011897293680253 137212166624960 absorb 285 0 0 0 0 0
2011897293685572 137212166624960 rel_end 1 0 0 0 0 0
2011897293687802 137212166624960 wait_beg 0 0 0 0 0 0
2011897293758760 137212174624640 send 18 0 0 284 282 1
2011897294130276 137212174624640 send 470594 0 0 284 282 1
2011897294439315 137212174624640 send 408371 0 0 284 282 1
2011897294440635 137212174624640 send 14 0 0 284 282 1
2011897294441025 137212174624640 egress 285 1 0 282 0 0
2011897293706492 137212158232256 emit_beg 285 0 0 0 0 0
2011897293711522 137212158232256 dmg 0 1 0 0 1920 1080
2011897293711722 137212158232256 enc 284 284 1 -1 -1 0
2011897293767020 137212158232256 emit_end 285 0 0 0 0 0
2011897323324580 137212174624640 cliack 283 0 284 285 0 0
2011897323325770 137212174624640 ackregion 284 285 285 283 1 0
2011897328583658 137212166624960 wait_end 0 0 0 0 0 0
2011897328587708 137212166624960 drain_beg 0 0 0 0 0 0
2011897328599087 137212166624960 drain_end 1 0 0 0 0 0
2011897328599267 137212166624960 take 286 0 0 0 0 0
2011897328599777 137212166624960 subm_beg 1 0 0 0 0 0
2011897328600847 137212166624960 submit 286 0 0 0 0 0
2011897328601017 137212166624960 subm_end 1 0 0 0 0 0
2011897328601117 137212166624960 pump_beg 1 0 0 0 0 0
2011897328889337 137212166624960 feedend 285 0 0 0 0 0
2011897329075260 137212166624960 feedend 285 1 0 0 0 0
2011897328565109 137212174624640 msgin 286 12533760 0 0 0 0
2011897328566229 137212174624640 enq 286 1 0 0 0 0
2011897336134892 137212166624960 outfirst 285 1 65536 0 0 0
2011897337344508 137212166624960 outfirst 285 0 65536 0 0 0
2011897337412905 137212166624960 pump_end 1 2 0 0 0 0
2011897337413785 137212166624960 join_beg 1 0 0 0 0 0
2011897337414285 137212166624960 join_end 0 0 0 0 0 0
2011897337414475 137212166624960 book_beg 1 0 0 0 0 0
2011897337415325 137212166624960 batch 286 1 1 2 2 0
2011897337415475 137212166624960 book_end 1 0 0 0 0 0
2011897337415625 137212166624960 coll_beg 0 0 0 0 0 0
2011897337685626 137212166624960 coll_end 0 0 0 0 0 0
2011897337685805 137212166624960 rel_beg 1 0 0 0 0 0
2011897337686565 137212166624960 absorb 286 0 0 0 0 0
2011897337690435 137212166624960 rel_end 1 0 0 0 0 0
2011897337692755 137212166624960 wait_beg 0 0 0 0 0 0
2011897337748293 137212174624640 send 18 0 0 285 283 1
2011897338091981 137212174624640 send 437854 0 0 285 283 1
2011897338538094 137212174624640 send 366088 0 0 285 283 1
2011897338539554 137212174624640 send 14 0 0 285 283 1
2011897338539804 137212174624640 egress 286 1 0 283 0 0
2011897337700325 137212158232256 emit_beg 286 0 0 0 0 0
2011897337708545 137212158232256 dmg 0 1 0 0 1920 1080
2011897337708725 137212158232256 enc 285 285 1 -1 -1 0
2011897337770832 137212158232256 emit_end 286 0 0 0 0 0
2011897354747082 137212174624640 cliack 284 0 285 286 0 0
2011897354747552 137212174624640 ackregion 285 286 286 284 1 0
2011897359780479 137212166624960 wait_end 0 0 0 0 0 0
2011897359783358 137212166624960 drain_beg 0 0 0 0 0 0
2011897359783648 137212166624960 drain_end 1 0 0 0 0 0
2011897359784208 137212166624960 take 287 0 0 0 0 0
2011897359784588 137212166624960 subm_beg 1 0 0 0 0 0
2011897359785538 137212166624960 submit 287 0 0 0 0 0
2011897359785718 137212166624960 subm_end 1 0 0 0 0 0
2011897359785828 137212166624960 pump_beg 1 0 0 0 0 0
2011897360083247 137212166624960 feedend 286 0 0 0 0 0
2011897360270691 137212166624960 feedend 286 1 0 0 0 0
2011897359752700 137212174624640 msgin 287 12533760 0 0 0 0
2011897359768049 137212174624640 enq 287 1 0 0 0 0
2011897367177828 137212166624960 outfirst 286 1 65536 0 0 0
2011897368309637 137212166624960 outfirst 286 0 65536 0 0 0
2011897368402114 137212166624960 pump_end 1 2 0 0 0 0
2011897368402614 137212166624960 join_beg 1 0 0 0 0 0
2011897368402934 137212166624960 join_end 0 0 0 0 0 0
2011897368403304 137212166624960 book_beg 1 0 0 0 0 0
2011897368403714 137212166624960 batch 287 1 1 2 2 0
2011897368403874 137212166624960 book_end 1 0 0 0 0 0
2011897368404034 137212166624960 coll_beg 0 0 0 0 0 0
2011897368671934 137212166624960 coll_end 0 0 0 0 0 0
2011897368672134 137212166624960 rel_beg 1 0 0 0 0 0
2011897368672854 137212166624960 absorb 287 0 0 0 0 0
2011897368675024 137212166624960 rel_end 1 0 0 0 0 0
2011897368676934 137212166624960 wait_beg 0 0 0 0 0 0
2011897368731592 137212174624640 send 18 0 0 286 284 1
2011897369176625 137212174624640 send 422449 0 0 286 284 1
2011897369453905 137212174624640 send 347967 0 0 286 284 1
2011897369455555 137212174624640 send 14 0 0 286 284 1
2011897369456185 137212174624640 egress 287 1 0 284 0 0
2011897368684063 137212158232256 emit_beg 287 0 0 0 0 0
2011897368687233 137212158232256 dmg 0 1 0 0 1920 1080
2011897368687553 137212158232256 enc 286 286 1 -1 -1 0
2011897368742971 137212158232256 emit_end 287 0 0 0 0 0
2011897393015755 137212174624640 cliack 285 0 286 287 0 0
2011897393016175 137212174624640 ackregion 286 287 287 285 1 0
2011897396759008 137212166624960 wait_end 0 0 0 0 0 0
2011897396761198 137212166624960 drain_beg 0 0 0 0 0 0
2011897396761438 137212166624960 drain_end 1 0 0 0 0 0
2011897396761598 137212166624960 take 288 0 0 0 0 0
2011897396761818 137212166624960 subm_beg 1 0 0 0 0 0
2011897396762808 137212166624960 submit 288 0 0 0 0 0
2011897396762958 137212166624960 subm_end 1 0 0 0 0 0
2011897396762988 137212166624960 pump_beg 1 0 0 0 0 0
2011897397067137 137212166624960 feedend 287 0 0 0 0 0
2011897397286399 137212166624960 feedend 287 1 0 0 0 0
2011897403574819 137212166624960 outfirst 287 1 65536 0 0 0
2011897404437018 137212166624960 outfirst 287 0 65536 0 0 0
2011897404486066 137212166624960 pump_end 1 2 0 0 0 0
2011897404486516 137212166624960 join_beg 1 0 0 0 0 0
2011897404487026 137212166624960 join_end 0 0 0 0 0 0
2011897404487386 137212166624960 book_beg 1 0 0 0 0 0
2011897404487906 137212166624960 batch 288 1 1 2 2 0
2011897404487966 137212166624960 book_end 1 0 0 0 0 0
2011897404488206 137212166624960 coll_beg 0 0 0 0 0 0
2011897404718967 137212166624960 coll_end 0 0 0 0 0 0
2011897404719147 137212166624960 rel_beg 1 0 0 0 0 0
2011897404719597 137212166624960 absorb 288 0 0 0 0 0
2011897404722207 137212166624960 rel_end 1 0 0 0 0 0
2011897404724187 137212166624960 wait_beg 0 0 0 0 0 0
2011897396748348 137212174624640 msgin 288 12533760 0 0 0 0
2011897396749198 137212174624640 enq 288 1 0 0 0 0
2011897404818544 137212174624640 send 18 0 0 287 285 1
2011897405223219 137212174624640 send 333056 0 0 287 285 1
2011897404743536 137212158232256 emit_beg 288 0 0 0 0 0
2011897404749586 137212158232256 dmg 0 1 0 0 1920 1080
2011897404749776 137212158232256 enc 287 287 1 -1 -1 0
2011897404794404 137212158232256 emit_end 288 0 0 0 0 0
2011897405666363 137212174624640 send 273788 0 0 287 285 1
2011897405668873 137212174624640 send 14 0 0 287 285 1
2011897405669643 137212174624640 egress 288 1 0 285 0 0
2011897430673249 137212166624960 wait_end 0 0 0 0 0 0
2011897430677299 137212166624960 drain_beg 0 0 0 0 0 0
2011897430677499 137212166624960 drain_end 1 0 0 0 0 0
2011897430678039 137212166624960 take 289 0 0 0 0 0
2011897430678459 137212166624960 subm_beg 1 0 0 0 0 0
2011897430679719 137212166624960 submit 289 0 0 0 0 0
2011897430679909 137212166624960 subm_end 1 0 0 0 0 0
2011897430679939 137212166624960 pump_beg 1 0 0 0 0 0
2011897430963739 137212166624960 feedend 288 0 0 0 0 0
2011897431167561 137212166624960 feedend 288 1 0 0 0 0
2011897427544704 137212174624640 cliack 286 0 287 288 0 0
2011897427545254 137212174624640 ackregion 287 288 288 286 1 0
2011897430660990 137212174624640 msgin 289 12533760 0 0 0 0
2011897430662070 137212174624640 enq 289 1 0 0 0 0
2011897437764440 137212166624960 outfirst 288 1 65536 0 0 0
2011897439130351 137212166624960 outfirst 288 0 65536 0 0 0
2011897439217887 137212166624960 pump_end 1 2 0 0 0 0
2011897439218387 137212166624960 join_beg 1 0 0 0 0 0
2011897439219067 137212166624960 join_end 0 0 0 0 0 0
2011897439219137 137212166624960 book_beg 1 0 0 0 0 0
2011897439226057 137212166624960 batch 289 1 1 2 2 0
2011897439226117 137212166624960 book_end 1 0 0 0 0 0
2011897439226147 137212166624960 coll_beg 0 0 0 0 0 0
2011897439472378 137212166624960 coll_end 0 0 0 0 0 0
2011897439472458 137212166624960 rel_beg 1 0 0 0 0 0
2011897439472728 137212166624960 absorb 289 0 0 0 0 0
2011897439475828 137212166624960 rel_end 1 0 0 0 0 0
2011897439477898 137212166624960 wait_beg 0 0 0 0 0 0
2011897439539076 137212174624640 send 18 0 0 288 286 1
2011897440012648 137212174624640 send 419755 0 0 288 286 1
2011897440422133 137212174624640 send 313377 0 0 288 286 1
2011897440425363 137212174624640 send 14 0 0 288 286 1
2011897440426223 137212174624640 egress 289 1 0 286 0 0
2011897439499807 137212158232256 emit_beg 289 0 0 0 0 0
2011897439507867 137212158232256 dmg 0 1 0 0 1920 1080
2011897439508107 137212158232256 enc 288 288 1 -1 -1 0
2011897439569215 137212158232256 emit_end 289 0 0 0 0 0
2011897460884026 137212174624640 cliack 287 0 288 289 0 0
2011897460884566 137212174624640 ackregion 288 289 289 287 1 0
2011897465994189 137212166624960 wait_end 0 0 0 0 0 0
2011897465997869 137212166624960 drain_beg 0 0 0 0 0 0
2011897465998099 137212166624960 drain_end 1 0 0 0 0 0
2011897465998369 137212166624960 take 290 0 0 0 0 0
2011897465998919 137212166624960 subm_beg 1 0 0 0 0 0
2011897466002899 137212166624960 submit 290 0 0 0 0 0
2011897466003039 137212166624960 subm_end 1 0 0 0 0 0
2011897466003259 137212166624960 pump_beg 1 0 0 0 0 0
2011897466283429 137212166624960 feedend 289 0 0 0 0 0
2011897466477162 137212166624960 feedend 289 1 0 0 0 0
2011897474441531 137212166624960 outfirst 289 1 65536 0 0 0
2011897475132266 137212166624960 outfirst 289 0 65536 0 0 0
2011897475233352 137212166624960 pump_end 1 2 0 0 0 0
2011897475233642 137212166624960 join_beg 1 0 0 0 0 0
2011897475234022 137212166624960 join_end 0 0 0 0 0 0
2011897475234352 137212166624960 book_beg 1 0 0 0 0 0
2011897475234782 137212166624960 batch 290 1 1 2 2 0
2011897475234822 137212166624960 book_end 1 0 0 0 0 0
2011897475234852 137212166624960 coll_beg 0 0 0 0 0 0
2011897475582929 137212166624960 coll_end 0 0 0 0 0 0
2011897475583079 137212166624960 rel_beg 1 0 0 0 0 0
2011897475583449 137212166624960 absorb 290 0 0 0 0 0
2011897475586009 137212166624960 rel_end 1 0 0 0 0 0
2011897475587939 137212166624960 wait_beg 0 0 0 0 0 0
2011897465980640 137212174624640 msgin 290 12533760 0 0 0 0
2011897465981230 137212174624640 enq 290 1 0 0 0 0
2011897475607198 137212158232256 emit_beg 290 0 0 0 0 0
2011897475613608 137212158232256 dmg 0 1 0 0 1920 1080
2011897475613798 137212158232256 enc 289 289 1 -1 -1 0
2011897475661206 137212174624640 send 18 0 0 289 287 1
2011897476246785 137212174624640 send 496538 0 0 289 287 1
2011897476762816 137212174624640 send 449125 0 0 289 287 1
2011897476764876 137212174624640 send 14 0 0 289 287 1
2011897476765346 137212174624640 egress 290 1 0 287 0 0
2011897475682306 137212158232256 emit_end 290 0 0 0 0 0
2011897491460599 137212166624960 wait_end 0 0 0 0 0 0
2011897491463109 137212166624960 drain_beg 0 0 0 0 0 0
2011897491463329 137212166624960 drain_end 1 0 0 0 0 0
2011897491463709 137212166624960 take 291 0 0 0 0 0
2011897491464399 137212166624960 subm_beg 1 0 0 0 0 0
2011897491465379 137212166624960 submit 291 0 0 0 0 0
2011897491465679 137212166624960 subm_end 1 0 0 0 0 0
2011897491465779 137212166624960 pump_beg 1 0 0 0 0 0
2011897491830166 137212166624960 feedend 290 0 0 0 0 0
2011897492022079 137212166624960 feedend 290 1 0 0 0 0
2011897487111188 137212174624640 cliack 288 0 289 290 0 0
2011897487111278 137212174624640 ackregion 289 290 290 288 1 0
2011897491446930 137212174624640 msgin 291 12533760 0 0 0 0
2011897491448150 137212174624640 enq 291 1 0 0 0 0
2011897499276594 137212166624960 outfirst 290 1 65536 0 0 0
2011897500327105 137212166624960 outfirst 290 0 65536 0 0 0
2011897500405163 137212166624960 pump_end 1 2 0 0 0 0
2011897500405363 137212166624960 join_beg 1 0 0 0 0 0
2011897500405683 137212166624960 join_end 0 0 0 0 0 0
2011897500405773 137212166624960 book_beg 1 0 0 0 0 0
2011897500406373 137212166624960 batch 291 1 1 2 2 0
2011897500406513 137212166624960 book_end 1 0 0 0 0 0
2011897500406653 137212166624960 coll_beg 0 0 0 0 0 0
2011897500713271 137212166624960 coll_end 0 0 0 0 0 0
2011897500713481 137212166624960 rel_beg 1 0 0 0 0 0
2011897500714021 137212166624960 absorb 291 0 0 0 0 0
2011897500717111 137212166624960 rel_end 1 0 0 0 0 0
2011897500718831 137212166624960 wait_beg 0 0 0 0 0 0
2011897500763899 137212174624640 send 18 0 0 290 288 1
2011897501129176 137212174624640 send 446221 0 0 290 288 1
2011897501416866 137212174624640 send 387326 0 0 290 288 1
2011897501418126 137212174624640 send 14 0 0 290 288 1
2011897501418446 137212174624640 egress 291 1 0 288 0 0
2011897500737530 137212158232256 emit_beg 291 0 0 0 0 0
2011897500742400 137212158232256 dmg 0 1 0 0 1920 1080
2011897500742570 137212158232256 enc 290 290 1 -1 -1 0
2011897500803918 137212158232256 emit_end 291 0 0 0 0 0
2011897523258138 137212166624960 wait_end 0 0 0 0 0 0
2011897523261878 137212166624960 drain_beg 0 0 0 0 0 0
2011897523262098 137212166624960 drain_end 1 0 0 0 0 0
2011897523262518 137212166624960 take 292 0 0 0 0 0
2011897523263078 137212166624960 subm_beg 1 0 0 0 0 0
2011897523264068 137212166624960 submit 292 0 0 0 0 0
2011897523264248 137212166624960 subm_end 1 0 0 0 0 0
2011897523264278 137212166624960 pump_beg 1 0 0 0 0 0
2011897523582576 137212166624960 feedend 291 0 0 0 0 0
2011897523792868 137212166624960 feedend 291 1 0 0 0 0
2011897518728803 137212174624640 cliack 289 0 290 291 0 0
2011897518729303 137212174624640 ackregion 290 291 291 289 1 0
2011897523242978 137212174624640 msgin 292 12533760 0 0 0 0
2011897523243928 137212174624640 enq 292 1 0 0 0 0
2011897531091842 137212166624960 outfirst 291 1 65536 0 0 0
2011897532099175 137212166624960 outfirst 291 0 65536 0 0 0
2011897532206811 137212166624960 pump_end 1 2 0 0 0 0
2011897532207141 137212166624960 join_beg 1 0 0 0 0 0
2011897532207531 137212166624960 join_end 0 0 0 0 0 0
2011897532207741 137212166624960 book_beg 1 0 0 0 0 0
2011897532208351 137212166624960 batch 292 1 1 2 2 0
2011897532208531 137212166624960 book_end 1 0 0 0 0 0
2011897532208701 137212166624960 coll_beg 0 0 0 0 0 0
2011897532482521 137212166624960 coll_end 0 0 0 0 0 0
2011897532482821 137212166624960 rel_beg 1 0 0 0 0 0
2011897532483541 137212166624960 absorb 292 0 0 0 0 0
2011897532486941 137212166624960 rel_end 1 0 0 0 0 0
2011897532488971 137212166624960 wait_beg 0 0 0 0 0 0
2011897532543879 137212174624640 send 18 0 0 291 289 1
2011897532882446 137212174624640 send 435966 0 0 291 289 1
2011897533152567 137212174624640 send 367444 0 0 291 289 1
2011897533153847 137212174624640 send 14 0 0 291 289 1
2011897533154246 137212174624640 egress 292 1 0 289 0 0
2011897532506570 137212158232256 emit_beg 292 0 0 0 0 0
2011897532513540 137212158232256 dmg 0 1 0 0 1920 1080
2011897532513730 137212158232256 enc 291 291 1 -1 -1 0
2011897532571678 137212158232256 emit_end 292 0 0 0 0 0
2011897563059984 137212166624960 wait_end 0 0 0 0 0 0
2011897563063084 137212166624960 drain_beg 0 0 0 0 0 0
2011897563063264 137212166624960 drain_end 1 0 0 0 0 0
2011897563063364 137212166624960 take 293 0 0 0 0 0
2011897563063894 137212166624960 subm_beg 1 0 0 0 0 0
2011897563072684 137212166624960 submit 293 0 0 0 0 0
2011897563072964 137212166624960 subm_end 1 0 0 0 0 0
2011897563073084 137212166624960 pump_beg 1 0 0 0 0 0
2011897563383602 137212166624960 feedend 292 0 0 0 0 0
2011897563610674 137212166624960 feedend 292 1 0 0 0 0
2011897559500884 137212174624640 cliack 290 0 291 292 0 0
2011897559501254 137212174624640 ackregion 291 292 292 290 1 0
2011897563046975 137212174624640 msgin 293 12533760 0 0 0 0
2011897563048025 137212174624640 enq 293 1 0 0 0 0
2011897570503902 137212166624960 outfirst 292 1 65536 0 0 0
2011897571929600 137212166624960 outfirst 292 0 65536 0 0 0
2011897572060476 137212166624960 pump_end 1 2 0 0 0 0
2011897572060976 137212166624960 join_beg 1 0 0 0 0 0
2011897572061306 137212166624960 join_end 0 0 0 0 0 0
2011897572061546 137212166624960 book_beg 1 0 0 0 0 0
2011897572061936 137212166624960 batch 293 1 1 2 2 0
2011897572062096 137212166624960 book_end 1 0 0 0 0 0
2011897572062256 137212166624960 coll_beg 0 0 0 0 0 0
2011897572310686 137212166624960 coll_end 0 0 0 0 0 0
2011897572310856 137212166624960 rel_beg 1 0 0 0 0 0
2011897572311786 137212166624960 absorb 293 0 0 0 0 0
2011897572314026 137212166624960 rel_end 1 0 0 0 0 0
2011897572315726 137212166624960 wait_beg 0 0 0 0 0 0
2011897572412973 137212174624640 send 18 0 0 292 290 1
2011897572943423 137212174624640 send 436879 0 0 292 290 1
2011897573353108 137212174624640 send 340350 0 0 292 290 1
2011897573354908 137212174624640 send 14 0 0 292 290 1
2011897573355448 137212174624640 egress 293 1 0 290 0 0
2011897572335386 137212158232256 emit_beg 293 0 0 0 0 0
2011897572339075 137212158232256 dmg 0 1 0 0 1920 1080
2011897572339305 137212158232256 enc 292 292 1 -1 -1 0
2011897572394563 137212158232256 emit_end 293 0 0 0 0 0
2011897595525649 137212174624640 cliack 291 0 292 293 0 0
2011897595526179 137212174624640 ackregion 292 293 293 291 1 0
2011897600752318 137212166624960 wait_end 0 0 0 0 0 0
2011897600755568 137212166624960 drain_beg 0 0 0 0 0 0
2011897600755958 137212166624960 drain_end 1 0 0 0 0 0
2011897600756168 137212166624960 take 294 0 0 0 0 0
2011897600756518 137212166624960 subm_beg 1 0 0 0 0 0
2011897600757488 137212166624960 submit 294 0 0 0 0 0
2011897600757698 137212166624960 subm_end 1 0 0 0 0 0
2011897600757818 137212166624960 pump_beg 1 0 0 0 0 0
2011897601070556 137212166624960 feedend 293 0 0 0 0 0
2011897601252370 137212166624960 feedend 293 1 0 0 0 0
2011897600736288 137212174624640 msgin 294 12533760 0 0 0 0
2011897600737188 137212174624640 enq 294 1 0 0 0 0
2011897608465226 137212166624960 outfirst 293 1 65536 0 0 0
2011897609671762 137212166624960 outfirst 293 0 65536 0 0 0
2011897609748099 137212166624960 pump_end 1 2 0 0 0 0
2011897609748369 137212166624960 join_beg 1 0 0 0 0 0
2011897609748569 137212166624960 join_end 0 0 0 0 0 0
2011897609748769 137212166624960 book_beg 1 0 0 0 0 0
2011897609748959 137212166624960 batch 294 1 1 2 2 0
2011897609749109 137212166624960 book_end 1 0 0 0 0 0
2011897609749289 137212166624960 coll_beg 0 0 0 0 0 0
2011897610067557 137212166624960 coll_end 0 0 0 0 0 0
2011897610067767 137212166624960 rel_beg 1 0 0 0 0 0
2011897610068147 137212166624960 absorb 294 0 0 0 0 0
2011897610070777 137212166624960 rel_end 1 0 0 0 0 0
2011897610072777 137212166624960 wait_beg 0 0 0 0 0 0
2011897610125425 137212174624640 send 18 0 0 293 291 1
2011897610481512 137212174624640 send 450241 0 0 293 291 1
2011897610846229 137212174624640 send 374584 0 0 293 291 1
2011897610847559 137212174624640 send 14 0 0 293 291 1
2011897610847949 137212174624640 egress 294 1 0 291 0 0
2011897610091637 137212158232256 emit_beg 294 0 0 0 0 0
2011897610097786 137212158232256 dmg 0 1 0 0 1920 1080
2011897610097976 137212158232256 enc 293 293 1 -1 -1 0
2011897610158634 137212158232256 emit_end 294 0 0 0 0 0
2011897636039949 137212166624960 wait_end 0 0 0 0 0 0
2011897636043449 137212166624960 drain_beg 0 0 0 0 0 0
2011897636043639 137212166624960 drain_end 1 0 0 0 0 0
2011897636043769 137212166624960 take 295 0 0 0 0 0
2011897636044379 137212166624960 subm_beg 1 0 0 0 0 0
2011897636045259 137212166624960 submit 295 0 0 0 0 0
2011897636045419 137212166624960 subm_end 1 0 0 0 0 0
2011897636045449 137212166624960 pump_beg 1 0 0 0 0 0
2011897636354667 137212166624960 feedend 294 0 0 0 0 0
2011897630491611 137212174624640 cliack 292 0 293 294 0 0
2011897630491951 137212174624640 ackregion 293 294 294 292 1 0
2011897636026859 137212174624640 msgin 295 12533760 0 0 0 0
2011897636028339 137212174624640 enq 295 1 0 0 0 0
2011897636576229 137212166624960 feedend 294 1 0 0 0 0
2011897643495087 137212166624960 outfirst 294 1 65536 0 0 0
2011897644563528 137212166624960 outfirst 294 0 65536 0 0 0
2011897644673804 137212166624960 pump_end 1 2 0 0 0 0
2011897644674494 137212166624960 join_beg 1 0 0 0 0 0
2011897644675544 137212166624960 join_end 0 0 0 0 0 0
2011897644675754 137212166624960 book_beg 1 0 0 0 0 0
2011897644677024 137212166624960 batch 295 1 1 2 2 0
2011897644677184 137212166624960 book_end 1 0 0 0 0 0
2011897644677344 137212166624960 coll_beg 0 0 0 0 0 0
2011897644925144 137212166624960 coll_end 0 0 0 0 0 0
2011897644925344 137212166624960 rel_beg 1 0 0 0 0 0
2011897644925894 137212166624960 absorb 295 0 0 0 0 0
2011897644929084 137212166624960 rel_end 1 0 0 0 0 0
2011897644931004 137212166624960 wait_beg 0 0 0 0 0 0
2011897645011261 137212174624640 send 18 0 0 294 292 1
2011897645551462 137212174624640 send 406935 0 0 294 292 1
2011897645907969 137212174624640 send 334890 0 0 294 292 1
2011897645909188 137212174624640 send 14 0 0 294 292 1
2011897645909678 137212174624640 egress 295 1 0 292 0 0
2011897644953623 137212158232256 emit_beg 295 0 0 0 0 0
2011897644964013 137212158232256 dmg 0 1 0 0 1920 1080
2011897644964223 137212158232256 enc 294 294 1 -1 -1 0
2011897645028801 137212158232256 emit_end 295 0 0 0 0 0
2011897664014707 137212174624640 cliack 293 0 294 295 0 0
2011897664014987 137212174624640 ackregion 294 295 295 293 1 0
2011897669469758 137212166624960 wait_end 0 0 0 0 0 0
2011897669472998 137212166624960 drain_beg 0 0 0 0 0 0
2011897669473388 137212166624960 drain_end 1 0 0 0 0 0
2011897669473658 137212166624960 take 296 0 0 0 0 0
2011897669474168 137212166624960 subm_beg 1 0 0 0 0 0
2011897669475678 137212166624960 submit 296 0 0 0 0 0
2011897669475858 137212166624960 subm_end 1 0 0 0 0 0
2011897669475878 137212166624960 pump_beg 1 0 0 0 0 0
2011897669770307 137212166624960 feedend 295 0 0 0 0 0
2011897669902072 137212166624960 feedend 295 1 0 0 0 0
2011897669455788 137212174624640 msgin 296 12533760 0 0 0 0
2011897669456758 137212174624640 enq 296 1 0 0 0 0
2011897677697088 137212166624960 outfirst 295 1 65536 0 0 0
2011897678345254 137212166624960 outfirst 295 0 65536 0 0 0
2011897678449670 137212166624960 pump_end 1 2 0 0 0 0
2011897678450050 137212166624960 join_beg 1 0 0 0 0 0
2011897678450720 137212166624960 join_end 0 0 0 0 0 0
2011897678451060 137212166624960 book_beg 1 0 0 0 0 0
2011897678451770 137212166624960 batch 296 1 1 2 2 0
2011897678451930 137212166624960 book_end 1 0 0 0 0 0
2011897678458680 137212166624960 coll_beg 0 0 0 0 0 0
2011897678685071 137212166624960 coll_end 0 0 0 0 0 0
2011897678685231 137212166624960 rel_beg 1 0 0 0 0 0
2011897678685761 137212166624960 absorb 296 0 0 0 0 0
2011897678689071 137212166624960 rel_end 1 0 0 0 0 0
2011897678690861 137212166624960 wait_beg 0 0 0 0 0 0
2011897678772708 137212174624640 send 18 0 0 295 293 1
2011897679353307 137212174624640 send 467511 0 0 295 293 1
2011897679854039 137212174624640 send 418426 0 0 295 293 1
2011897679861988 137212174624640 send 14 0 0 295 293 1
2011897679862338 137212174624640 egress 296 1 0 293 0 0
2011897678711710 137212158232256 emit_beg 296 0 0 0 0 0
2011897678719140 137212158232256 dmg 0 1 0 0 1920 1080
2011897678719380 137212158232256 enc 295 295 1 -1 -1 0
2011897678796187 137212158232256 emit_end 296 0 0 0 0 0
2011897703931769 137212166624960 wait_end 0 0 0 0 0 0
2011897703936579 137212166624960 drain_beg 0 0 0 0 0 0
2011897703937019 137212166624960 drain_end 1 0 0 0 0 0
2011897703937279 137212166624960 take 297 0 0 0 0 0
2011897703937949 137212166624960 subm_beg 1 0 0 0 0 0
2011897703939329 137212166624960 submit 297 0 0 0 0 0
2011897703939399 137212166624960 subm_end 1 0 0 0 0 0
2011897703939459 137212166624960 pump_beg 1 0 0 0 0 0
2011897704282027 137212166624960 feedend 296 0 0 0 0 0
2011897704475569 137212166624960 feedend 296 1 0 0 0 0
2011897699700794 137212174624640 cliack 294 0 295 296 0 0
2011897699701184 137212174624640 ackregion 295 296 296 294 1 0
2011897703902640 137212174624640 msgin 297 12533760 0 0 0 0
2011897703903350 137212174624640 enq 297 1 0 0 0 0
2011897711850070 137212166624960 outfirst 296 1 65536 0 0 0
2011897712569494 137212166624960 outfirst 296 0 65536 0 0 0
2011897712627922 137212166624960 pump_end 1 2 0 0 0 0
2011897712628112 137212166624960 join_beg 1 0 0 0 0 0
2011897712628512 137212166624960 join_end 0 0 0 0 0 0
2011897712628622 137212166624960 book_beg 1 0 0 0 0 0
2011897712628872 137212166624960 batch 297 1 1 2 2 0
2011897712629022 137212166624960 book_end 1 0 0 0 0 0
2011897712629182 137212166624960 coll_beg 0 0 0 0 0 0
2011897712961750 137212166624960 coll_end 0 0 0 0 0 0
2011897712961930 137212166624960 rel_beg 1 0 0 0 0 0
2011897712962290 137212166624960 absorb 297 0 0 0 0 0
2011897712965589 137212166624960 rel_end 1 0 0 0 0 0
2011897712967779 137212166624960 wait_beg 0 0 0 0 0 0
2011897713050416 137212174624640 send 18 0 0 296 294 1
2011897713385344 137212174624640 send 446470 0 0 296 294 1
2011897713658824 137212174624640 send 387126 0 0 296 294 1
2011897713660024 137212174624640 send 14 0 0 296 294 1
2011897713660214 137212174624640 egress 297 1 0 294 0 0
2011897712988109 137212158232256 emit_beg 297 0 0 0 0 0
2011897712997028 137212158232256 dmg 0 1 0 0 1920 1080
2011897712997388 137212158232256 enc 296 296 1 -1 -1 0
2011897713080135 137212158232256 emit_end 297 0 0 0 0 0
2011897736780690 137212166624960 wait_end 0 0 0 0 0 0
2011897736785149 137212166624960 drain_beg 0 0 0 0 0 0
2011897736785499 137212166624960 drain_end 1 0 0 0 0 0
2011897736785759 137212166624960 take 298 0 0 0 0 0
2011897736786189 137212166624960 subm_beg 1 0 0 0 0 0
2011897736787099 137212166624960 submit 298 0 0 0 0 0
2011897736787259 137212166624960 subm_end 1 0 0 0 0 0
2011897736787289 137212166624960 pump_beg 1 0 0 0 0 0
2011897737077659 137212166624960 feedend 297 0 0 0 0 0
2011897731710665 137212174624640 cliack 295 0 296 297 0 0
2011897731710965 137212174624640 ackregion 296 297 297 295 1 0
2011897736762700 137212174624640 msgin 298 12533760 0 0 0 0
2011897736764230 137212174624640 enq 298 1 0 0 0 0
2011897737282231 137212166624960 feedend 297 1 0 0 0 0
2011897744658712 137212166624960 outfirst 297 1 65536 0 0 0
2011897745968164 137212166624960 outfirst 297 0 65536 0 0 0
2011897746048021 137212166624960 pump_end 1 2 0 0 0 0
2011897746048551 137212166624960 join_beg 1 0 0 0 0 0
2011897746049391 137212166624960 join_end 0 0 0 0 0 0
2011897746049481 137212166624960 book_beg 1 0 0 0 0 0
2011897746050201 137212166624960 batch 298 1 1 2 2 0
2011897746050331 137212166624960 book_end 1 0 0 0 0 0
2011897746050371 137212166624960 coll_beg 0 0 0 0 0 0
2011897746318021 137212166624960 coll_end 0 0 0 0 0 0
2011897746318181 137212166624960 rel_beg 1 0 0 0 0 0
2011897746318891 137212166624960 absorb 298 0 0 0 0 0
2011897746323241 137212166624960 rel_end 1 0 0 0 0 0
2011897746325101 137212166624960 wait_beg 0 0 0 0 0 0
2011897746403478 137212174624640 send 18 0 0 297 295 1
2011897746784584 137212174624640 send 491068 0 0 297 295 1
2011897747085953 137212174624640 send 396671 0 0 297 295 1
2011897747087543 137212174624640 send 14 0 0 297 295 1
2011897747088113 137212174624640 egress 298 1 0 295 0 0
2011897746331951 137212158232256 emit_beg 298 0 0 0 0 0
2011897746335671 137212158232256 dmg 0 1 0 0 1920 1080
2011897746335831 137212158232256 enc 297 297 1 -1 -1 0
2011897746419668 137212158232256 emit_end 298 0 0 0 0 0
2011897773060944 137212166624960 wait_end 0 0 0 0 0 0
2011897773064384 137212166624960 drain_beg 0 0 0 0 0 0
2011897773064934 137212166624960 drain_end 1 0 0 0 0 0
2011897773065174 137212166624960 take 299 0 0 0 0 0
2011897773065914 137212166624960 subm_beg 1 0 0 0 0 0
2011897773067404 137212166624960 submit 299 0 0 0 0 0
2011897773067514 137212166624960 subm_end 1 0 0 0 0 0
2011897773067604 137212166624960 pump_beg 1 0 0 0 0 0
2011897773435811 137212166624960 feedend 298 0 0 0 0 0
2011897773627664 137212166624960 feedend 298 1 0 0 0 0
2011897769873031 137212174624640 cliack 296 0 297 298 0 0
2011897769873391 137212174624640 ackregion 297 298 298 296 1 0
2011897773037095 137212174624640 msgin 299 12533760 0 0 0 0
2011897773037595 137212174624640 enq 299 1 0 0 0 0
2011897781067642 137212166624960 outfirst 298 1 65536 0 0 0
2011897781739118 137212166624960 outfirst 298 0 65536 0 0 0
2011897781796215 137212166624960 pump_end 1 2 0 0 0 0
2011897781796605 137212166624960 join_beg 1 0 0 0 0 0
2011897781796835 137212166624960 join_end 0 0 0 0 0 0
2011897781796885 137212166624960 book_beg 1 0 0 0 0 0
2011897781797275 137212166624960 batch 299 1 1 2 2 0
2011897781797415 137212166624960 book_end 1 0 0 0 0 0
2011897781797565 137212166624960 coll_beg 0 0 0 0 0 0
2011897782044306 137212166624960 coll_end 0 0 0 0 0 0
2011897782044486 137212166624960 rel_beg 1 0 0 0 0 0
2011897782045256 137212166624960 absorb 299 0 0 0 0 0
2011897782048226 137212166624960 rel_end 1 0 0 0 0 0
2011897782049986 137212166624960 wait_beg 0 0 0 0 0 0
2011897782126633 137212174624640 send 18 0 0 298 296 1
2011897782454091 137212174624640 send 432120 0 0 298 296 1
2011897782748371 137212174624640 send 387988 0 0 298 296 1
2011897782749581 137212174624640 send 14 0 0 298 296 1
2011897782750271 137212174624640 egress 299 1 0 296 0 0
2011897782062756 137212158232256 emit_beg 299 0 0 0 0 0
2011897782073395 137212158232256 dmg 0 1 0 0 1920 1080
2011897782073575 137212158232256 enc 298 298 1 -1 -1 0
2011897782139743 137212158232256 emit_end 299 0 0 0 0 0
2011897805875306 137212174624640 cliack 297 0 298 299 0 0
2011897805875486 137212174624640 ackregion 298 299 299 297 1 0
2011897810429820 137212166624960 wait_end 0 0 0 0 0 0
2011897810433600 137212166624960 drain_beg 0 0 0 0 0 0
2011897810433870 137212166624960 drain_end 1 0 0 0 0 0
2011897810434010 137212166624960 take 300 0 0 0 0 0
2011897810434350 137212166624960 subm_beg 1 0 0 0 0 0
2011897810435400 137212166624960 submit 300 0 0 0 0 0
2011897810435580 137212166624960 subm_end 1 0 0 0 0 0
2011897810435630 137212166624960 pump_beg 1 0 0 0 0 0
2011897810775497 137212166624960 feedend 299 0 0 0 0 0
2011897810968580 137212166624960 feedend 299 1 0 0 0 0
2011897810405841 137212174624640 msgin 300 12533760 0 0 0 0
2011897810406231 137212174624640 enq 300 1 0 0 0 0
2011897818355100 137212166624960 outfirst 299 1 65536 0 0 0
2011897819190230 137212166624960 outfirst 299 0 65536 0 0 0
2011897819272587 137212166624960 pump_end 1 2 0 0 0 0
2011897819272977 137212166624960 join_beg 1 0 0 0 0 0
2011897819273187 137212166624960 join_end 0 0 0 0 0 0
2011897819273367 137212166624960 book_beg 1 0 0 0 0 0
2011897819274177 137212166624960 batch 300 1 1 2 2 0
2011897819274317 137212166624960 book_end 1 0 0 0 0 0
2011897819274467 137212166624960 coll_beg 0 0 0 0 0 0
2011897819626954 137212166624960 coll_end 0 0 0 0 0 0
2011897819627144 137212166624960 rel_beg 1 0 0 0 0 0
2011897819627694 137212166624960 absorb 300 0 0 0 0 0
2011897819630294 137212166624960 rel_end 1 0 0 0 0 0
2011897819632434 137212166624960 wait_beg 0 0 0 0 0 0
2011897819703811 137212174624640 send 18 0 0 299 297 1
2011897820291920 137212174624640 send 438398 0 0 299 297 1
2011897820758803 137212174624640 send 385344 0 0 299 297 1
2011897820761202 137212174624640 send 14 0 0 299 297 1
2011897820761462 137212174624640 egress 300 1 0 297 0 0
2011897819652063 137212158232256 emit_beg 300 0 0 0 0 0
2011897819655293 137212158232256 dmg 0 1 0 0 1920 1080
2011897819655463 137212158232256 enc 299 299 1 -1 -1 0
2011897819714861 137212158232256 emit_end 300 0 0 0 0 0
2011897844402059 137212174624640 cliack 298 0 299 300 0 0
2011897844403229 137212174624640 ackregion 299 300 300 298 1 0
2011897848222899 137212166624960 wait_end 0 0 0 0 0 0
2011897848226619 137212166624960 drain_beg 0 0 0 0 0 0
2011897848226989 137212166624960 drain_end 1 0 0 0 0 0
2011897848227279 137212166624960 take 301 0 0 0 0 0
2011897848227739 137212166624960 subm_beg 1 0 0 0 0 0
2011897848229339 137212166624960 submit 301 0 0 0 0 0
2011897848229479 137212166624960 subm_end 1 0 0 0 0 0
2011897848229519 137212166624960 pump_beg 1 0 0 0 0 0
2011897848532608 137212166624960 feedend 300 0 0 0 0 0
2011897848710932 137212166624960 feedend 300 1 0 0 0 0
2011897856113721 137212166624960 outfirst 300 1 65536 0 0 0
2011897857491851 137212166624960 outfirst 300 0 65536 0 0 0
2011897857575778 137212166624960 pump_end 1 2 0 0 0 0
2011897857575978 137212166624960 join_beg 1 0 0 0 0 0
2011897857576608 137212166624960 join_end 0 0 0 0 0 0
2011897857577078 137212166624960 book_beg 1 0 0 0 0 0
2011897857577958 137212166624960 batch 301 1 1 2 2 0
2011897857578038 137212166624960 book_end 1 0 0 0 0 0
2011897857578178 137212166624960 coll_beg 0 0 0 0 0 0
2011897848209470 137212174624640 msgin 301 12533760 0 0 0 0
2011897848210940 137212174624640 enq 301 1 0 0 0 0
2011897857972633 137212166624960 coll_end 0 0 0 0 0 0
2011897857973043 137212166624960 rel_beg 1 0 0 0 0 0
2011897857973603 137212166624960 absorb 301 0 0 0 0 0
2011897857977553 137212166624960 rel_end 1 0 0 0 0 0
2011897857979993 137212166624960 wait_beg 0 0 0 0 0 0
2011897858069200 137212174624640 send 18 0 0 300 298 1
2011897858653958 137212174624640 send 480464 0 0 300 298 1
2011897859022535 137212174624640 send 400498 0 0 300 298 1
2011897859024105 137212174624640 send 14 0 0 300 298 1
2011897859024515 137212174624640 egress 301 1 0 298 0 0
2011897857999972 137212158232256 emit_beg 301 0 0 0 0 0
2011897858011652 137212158232256 dmg 0 1 0 0 1920 1080
2011897858011952 137212158232256 enc 300 300 1 -1 -1 0
2011897858079699 137212158232256 emit_end 301 0 0 0 0 0
2011897885297115 137212166624960 wait_end 0 0 0 0 0 0
2011897885299905 137212166624960 drain_beg 0 0 0 0 0 0
2011897885300415 137212166624960 drain_end 1 0 0 0 0 0
2011897885300595 137212166624960 take 302 0 0 0 0 0
2011897885300845 137212166624960 subm_beg 1 0 0 0 0 0
2011897885302065 137212166624960 submit 302 0 0 0 0 0
2011897885302205 137212166624960 subm_end 1 0 0 0 0 0
2011897885302235 137212166624960 pump_beg 1 0 0 0 0 0
2011897885602574 137212166624960 feedend 301 0 0 0 0 0
2011897885787948 137212166624960 feedend 301 1 0 0 0 0
2011897880093225 137212174624640 cliack 299 0 300 301 0 0
2011897880093885 137212174624640 ackregion 300 301 301 299 1 0
2011897885278856 137212174624640 msgin 302 12533760 0 0 0 0
2011897885279496 137212174624640 enq 302 1 0 0 0 0
2011897892688675 137212166624960 outfirst 301 1 65536 0 0 0
2011897893665930 137212166624960 outfirst 301 0 65536 0 0 0
2011897893771696 137212166624960 pump_end 1 2 0 0 0 0
2011897893772046 137212166624960 join_beg 1 0 0 0 0 0
2011897893772646 137212166624960 join_end 0 0 0 0 0 0
2011897893772976 137212166624960 book_beg 1 0 0 0 0 0
2011897893773736 137212166624960 batch 302 1 1 2 2 0
2011897893773896 137212166624960 book_end 1 0 0 0 0 0
2011897893774076 137212166624960 coll_beg 0 0 0 0 0 0
2011897894089954 137212166624960 coll_end 0 0 0 0 0 0
2011897894090124 137212166624960 rel_beg 1 0 0 0 0 0
2011897894090504 137212166624960 absorb 302 0 0 0 0 0
2011897894093564 137212166624960 rel_end 1 0 0 0 0 0
2011897894095594 137212166624960 wait_beg 0 0 0 0 0 0
2011897894194211 137212174624640 send 18 0 0 301 299 1
2011897894507419 137212174624640 send 400917 0 0 301 299 1
2011897894762090 137212174624640 send 336342 0 0 301 299 1
2011897894763390 137212174624640 send 14 0 0 301 299 1
2011897894763830 137212174624640 egress 302 1 0 299 0 0
2011897894116713 137212158232256 emit_beg 302 0 0 0 0 0
2011897894129163 137212158232256 dmg 0 1 0 0 1920 1080
2011897894129423 137212158232256 enc 301 301 1 -1 -1 0
2011897894190221 137212158232256 emit_end 302 0 0 0 0 0
2011897915324359 137212174624640 cliack 300 0 301 302 0 0
2011897915324729 137212174624640 ackregion 301 302 302 300 1 0
2011897918720975 137212166624960 wait_end 0 0 0 0 0 0
2011897918724085 137212166624960 drain_beg 0 0 0 0 0 0
2011897918724485 137212166624960 drain_end 1 0 0 0 0 0
2011897918724605 137212166624960 take 303 0 0 0 0 0
2011897918725005 137212166624960 subm_beg 1 0 0 0 0 0
2011897918726005 137212166624960 submit 303 0 0 0 0 0
2011897918726175 137212166624960 subm_end 1 0 0 0 0 0
2011897918726235 137212166624960 pump_beg 1 0 0 0 0 0
2011897919086951 137212166624960 feedend 302 0 0 0 0 0
2011897919280194 137212166624960 feedend 302 1 0 0 0 0
2011897926750551 137212166624960 outfirst 302 1 65536 0 0 0
2011897928020855 137212166624960 outfirst 302 0 65536 0 0 0
2011897928131421 137212166624960 pump_end 1 2 0 0 0 0
2011897928131721 137212166624960 join_beg 1 0 0 0 0 0
2011897928131911 137212166624960 join_end 0 0 0 0 0 0
2011897928132101 137212166624960 book_beg 1 0 0 0 0 0
2011897928133341 137212166624960 batch 303 1 1 2 2 0
2011897928133511 137212166624960 book_end 1 0 0 0 0 0
2011897928133691 137212166624960 coll_beg 0 0 0 0 0 0
2011897918696006 137212174624640 msgin 303 12533760 0 0 0 0
2011897918697996 137212174624640 enq 303 1 0 0 0 0
2011897928534566 137212166624960 coll_end 0 0 0 0 0 0
2011897928534866 137212166624960 rel_beg 1 0 0 0 0 0
2011897928544066 137212166624960 absorb 303 0 0 0 0 0
2011897928548066 137212166624960 rel_end 1 0 0 0 0 0
2011897928550356 137212166624960 wait_beg 0 0 0 0 0 0
2011897928593574 137212174624640 send 18 0 0 302 300 1
2011897928975240 137212174624640 send 480079 0 0 302 300 1
2011897929274929 137212174624640 send 406149 0 0 302 300 1
2011897929276269 137212174624640 send 14 0 0 302 300 1
2011897929276499 137212174624640 egress 303 1 0 300 0 0
2011897928569035 137212158232256 emit_beg 303 0 0 0 0 0
2011897928575025 137212158232256 dmg 0 1 0 0 1920 1080
2011897928575315 137212158232256 enc 302 302 1 -1 -1 0
2011897928640302 137212158232256 emit_end 303 0 0 0 0 0
2011897954777968 137212166624960 wait_end 0 0 0 0 0 0
2011897954781828 137212166624960 drain_beg 0 0 0 0 0 0
2011897954782208 137212166624960 drain_end 1 0 0 0 0 0
2011897954782358 137212166624960 take 304 0 0 0 0 0
2011897954782688 137212166624960 subm_beg 1 0 0 0 0 0
2011897954783838 137212166624960 submit 304 0 0 0 0 0
2011897954784058 137212166624960 subm_end 1 0 0 0 0 0
2011897954784098 137212166624960 pump_beg 1 0 0 0 0 0
2011897955086296 137212166624960 feedend 303 0 0 0 0 0
2011897955216022 137212166624960 feedend 303 1 0 0 0 0
2011897953541873 137212174624640 cliack 301 0 302 303 0 0
2011897953542003 137212174624640 ackregion 302 303 303 301 1 0
2011897954754129 137212174624640 msgin 304 12533760 0 0 0 0
2011897954754569 137212174624640 enq 304 1 0 0 0 0
2011897962191967 137212166624960 outfirst 303 1 65536 0 0 0
2011897963491140 137212166624960 outfirst 303 0 65536 0 0 0
2011897963578946 137212166624960 pump_end 1 2 0 0 0 0
2011897963579306 137212166624960 join_beg 1 0 0 0 0 0
2011897963579866 137212166624960 join_end 0 0 0 0 0 0
2011897963580166 137212166624960 book_beg 1 0 0 0 0 0
2011897963581296 137212166624960 batch 304 1 1 2 2 0
2011897963581476 137212166624960 book_end 1 0 0 0 0 0
2011897963581636 137212166624960 coll_beg 0 0 0 0 0 0
2011897963925274 137212166624960 coll_end 0 0 0 0 0 0
2011897963925414 137212166624960 rel_beg 1 0 0 0 0 0
2011897963926114 137212166624960 absorb 304 0 0 0 0 0
2011897963931283 137212166624960 rel_end 1 0 0 0 0 0
2011897963933703 137212166624960 wait_beg 0 0 0 0 0 0
2011897964050999 137212174624640 send 18 0 0 303 301 1
2011897964600849 137212174624640 send 429743 0 0 303 301 1
2011897964957036 137212174624640 send 358008 0 0 303 301 1
2011897964958596 137212174624640 send 14 0 0 303 301 1
2011897964958896 137212174624640 egress 304 1 0 301 0 0
2011897963952673 137212158232256 emit_beg 304 0 0 0 0 0
2011897963955213 137212158232256 dmg 0 1 0 0 1920 1080
2011897963955373 137212158232256 enc 303 303 1 -1 -1 0
2011897964017310 137212158232256 emit_end 304 0 0 0 0 0
2011897987286500 137212166624960 wait_end 0 0 0 0 0 0
2011897987289890 137212166624960 drain_beg 0 0 0 0 0 0
2011897987290350 137212166624960 drain_end 1 0 0 0 0 0
2011897987290640 137212166624960 take 305 0 0 0 0 0
2011897987291050 137212166624960 subm_beg 1 0 0 0 0 0
2011897987291940 137212166624960 submit 305 0 0 0 0 0
2011897987292110 137212166624960 subm_end 1 0 0 0 0 0
2011897987292170 137212166624960 pump_beg 1 0 0 0 0 0
2011897987647867 137212166624960 feedend 304 0 0 0 0 0
2011897987838350 137212166624960 feedend 304 1 0 0 0 0
2011897985448418 137212174624640 cliack 302 0 303 304 0 0
2011897985448728 137212174624640 ackregion 303 304 304 302 1 0
2011897987261471 137212174624640 msgin 305 12533760 0 0 0 0
2011897987262531 137212174624640 enq 305 1 0 0 0 0
2011897994905482 137212166624960 outfirst 304 1 65536 0 0 0
2011897995924135 137212166624960 outfirst 304 0 65536 0 0 0
2011897995978403 137212166624960 pump_end 1 2 0 0 0 0
2011897995978653 137212166624960 join_beg 1 0 0 0 0 0
2011897995979173 137212166624960 join_end 0 0 0 0 0 0
2011897995979263 137212166624960 book_beg 1 0 0 0 0 0
2011897995979663 137212166624960 batch 305 1 1 2 2 0
2011897995979783 137212166624960 book_end 1 0 0 0 0 0
2011897995979913 137212166624960 coll_beg 0 0 0 0 0 0
2011897996229034 137212166624960 coll_end 0 0 0 0 0 0
2011897996229184 137212166624960 rel_beg 1 0 0 0 0 0
2011897996229544 137212166624960 absorb 305 0 0 0 0 0
2011897996232474 137212166624960 rel_end 1 0 0 0 0 0
2011897996234634 137212166624960 wait_beg 0 0 0 0 0 0
2011897996274312 137212174624640 send 18 0 0 304 302 1
2011897996597140 137212174624640 send 426854 0 0 304 302 1
2011897996865521 137212174624640 send 370074 0 0 304 302 1
2011897996866901 137212174624640 send 14 0 0 304 302 1
2011897996867191 137212174624640 egress 305 1 0 302 0 0
2011897996241603 137212158232256 emit_beg 305 0 0 0 0 0
2011897996247383 137212158232256 dmg 0 1 0 0 1920 1080
2011897996247633 137212158232256 enc 304 304 1 -1 -1 0
2011897996300421 137212158232256 emit_end 305 0 0 0 0 0
2011898027969425 137212166624960 wait_end 0 0 0 0 0 0
2011898027972715 137212166624960 drain_beg 0 0 0 0 0 0
2011898027973065 137212166624960 drain_end 1 0 0 0 0 0
2011898027973205 137212166624960 take 306 0 0 0 0 0
2011898027973665 137212166624960 subm_beg 1 0 0 0 0 0
2011898027974364 137212166624960 submit 306 0 0 0 0 0
2011898027974514 137212166624960 subm_end 1 0 0 0 0 0
2011898027974574 137212166624960 pump_beg 1 0 0 0 0 0
2011898028317742 137212166624960 feedend 305 0 0 0 0 0
2011898028511785 137212166624960 feedend 305 1 0 0 0 0
2011898023709880 137212174624640 cliack 303 0 304 305 0 0
2011898023710090 137212174624640 ackregion 304 305 305 303 1 0
2011898027951095 137212174624640 msgin 306 12533760 0 0 0 0
2011898027960535 137212174624640 enq 306 1 0 0 0 0
2011898035106284 137212166624960 outfirst 305 1 65536 0 0 0
2011898035754230 137212166624960 outfirst 305 0 65536 0 0 0
2011898035826498 137212166624960 pump_end 1 2 0 0 0 0
2011898035826958 137212166624960 join_beg 1 0 0 0 0 0
2011898035827628 137212166624960 join_end 0 0 0 0 0 0
2011898035827688 137212166624960 book_beg 1 0 0 0 0 0
2011898035828278 137212166624960 batch 306 1 1 2 2 0
2011898035828458 137212166624960 book_end 1 0 0 0 0 0
2011898035828658 137212166624960 coll_beg 0 0 0 0 0 0
2011898036125767 137212166624960 coll_end 0 0 0 0 0 0
2011898036125967 137212166624960 rel_beg 1 0 0 0 0 0
2011898036126577 137212166624960 absorb 306 0 0 0 0 0
2011898036130137 137212166624960 rel_end 1 0 0 0 0 0
2011898036132197 137212166624960 wait_beg 0 0 0 0 0 0
2011898036212234 137212174624640 send 18 0 0 305 303 1
2011898036612699 137212174624640 send 344253 0 0 305 303 1
2011898036924428 137212174624640 send 297692 0 0 305 303 1
2011898036925898 137212174624640 send 14 0 0 305 303 1
2011898036926198 137212174624640 egress 306 1 0 303 0 0
2011898036151526 137212158232256 emit_beg 306 0 0 0 0 0
2011898036157146 137212158232256 dmg 0 1 0 0 1920 1080
2011898036157376 137212158232256 enc 305 305 1 -1 -1 0
2011898036201934 137212158232256 emit_end 306 0 0 0 0 0
2011898057826634 137212174624640 cliack 304 0 305 306 0 0
2011898057826904 137212174624640 ackregion 305 306 306 304 1 0
2011898061136743 137212166624960 wait_end 0 0 0 0 0 0
2011898061140403 137212166624960 drain_beg 0 0 0 0 0 0
2011898061140943 137212166624960 drain_end 1 0 0 0 0 0
2011898061141103 137212166624960 take 307 0 0 0 0 0
2011898061141663 137212166624960 subm_beg 1 0 0 0 0 0
2011898061143083 137212166624960 submit 307 0 0 0 0 0
2011898061143263 137212166624960 subm_end 1 0 0 0 0 0
2011898061143313 137212166624960 pump_beg 1 0 0 0 0 0
2011898061498140 137212166624960 feedend 306 0 0 0 0 0
2011898061717742 137212166624960 feedend 306 1 0 0 0 0
2011898068615880 137212166624960 outfirst 306 1 65536 0 0 0
2011898061110824 137212174624640 msgin 307 12533760 0 0 0 0
2011898061111594 137212174624640 enq 307 1 0 0 0 0
2011898069997740 137212166624960 outfirst 306 0 65536 0 0 0
2011898070063197 137212166624960 pump_end 1 2 0 0 0 0
2011898070063427 137212166624960 join_beg 1 0 0 0 0 0
2011898070063747 137212166624960 join_end 0 0 0 0 0 0
2011898070063867 137212166624960 book_beg 1 0 0 0 0 0
2011898070064437 137212166624960 batch 307 1 1 2 2 0
2011898070064597 137212166624960 book_end 1 0 0 0 0 0
2011898070064767 137212166624960 coll_beg 0 0 0 0 0 0
2011898070281979 137212166624960 coll_end 0 0 0 0 0 0
2011898070282169 137212166624960 rel_beg 1 0 0 0 0 0
2011898070282609 137212166624960 absorb 307 0 0 0 0 0
2011898070285629 137212166624960 rel_end 1 0 0 0 0 0
2011898070287219 137212166624960 wait_beg 0 0 0 0 0 0
2011898070344217 137212174624640 send 18 0 0 306 304 1
2011898070704914 137212174624640 send 468873 0 0 306 304 1
2011898070965504 137212174624640 send 347079 0 0 306 304 1
2011898070966994 137212174624640 send 14 0 0 306 304 1
2011898070967194 137212174624640 egress 307 1 0 304 0 0
2011898070294699 137212158232256 emit_beg 307 0 0 0 0 0
2011898070298029 137212158232256 dmg 0 1 0 0 1920 1080
2011898070298199 137212158232256 enc 306 306 1 -1 -1 0
2011898070355647 137212158232256 emit_end 307 0 0 0 0 0
2011898096876758 137212166624960 wait_end 0 0 0 0 0 0
2011898096880678 137212166624960 drain_beg 0 0 0 0 0 0
2011898096881128 137212166624960 drain_end 1 0 0 0 0 0
2011898096881398 137212166624960 take 308 0 0 0 0 0
2011898096881978 137212166624960 subm_beg 1 0 0 0 0 0
2011898096883208 137212166624960 submit 308 0 0 0 0 0
2011898096883358 137212166624960 subm_end 1 0 0 0 0 0
2011898096883398 137212166624960 pump_beg 1 0 0 0 0 0
2011898097219445 137212166624960 feedend 307 0 0 0 0 0
2011898097346471 137212166624960 feedend 307 1 0 0 0 0
2011898092108252 137212174624640 cliack 305 0 306 307 0 0
2011898092108642 137212174624640 ackregion 306 307 307 305 1 0
2011898096863628 137212174624640 msgin 308 12533760 0 0 0 0
2011898096865478 137212174624640 enq 308 1 0 0 0 0
2011898105507243 137212166624960 outfirst 307 1 65536 0 0 0
2011898106352992 137212166624960 outfirst 307 0 65536 0 0 0
2011898106439259 137212166624960 pump_end 1 2 0 0 0 0
2011898106439469 137212166624960 join_beg 1 0 0 0 0 0
2011898106440069 137212166624960 join_end 0 0 0 0 0 0
2011898106440229 137212166624960 book_beg 1 0 0 0 0 0
2011898106440699 137212166624960 batch 308 1 1 2 2 0
2011898106440849 137212166624960 book_end 1 0 0 0 0 0
2011898106440989 137212166624960 coll_beg 0 0 0 0 0 0
2011898106725518 137212166624960 coll_end 0 0 0 0 0 0
2011898106725688 137212166624960 rel_beg 1 0 0 0 0 0
2011898106726118 137212166624960 absorb 308 0 0 0 0 0
2011898106730978 137212166624960 rel_end 1 0 0 0 0 0
2011898106732928 137212166624960 wait_beg 0 0 0 0 0 0
2011898106826725 137212174624640 send 18 0 0 307 305 1
2011898107209261 137212174624640 send 511653 0 0 307 305 1
2011898107541668 137212174624640 send 460155 0 0 307 305 1
2011898107543198 137212174624640 send 14 0 0 307 305 1
2011898107543388 137212174624640 egress 308 1 0 305 0 0
2011898106747007 137212158232256 emit_beg 308 0 0 0 0 0
2011898106753237 137212158232256 dmg 0 1 0 0 1920 1080
2011898106753537 137212158232256 enc 307 307 1 -1 -1 0
2011898106826715 137212158232256 emit_end 308 0 0 0 0 0
2011898121678702 137212166624960 wait_end 0 0 0 0 0 0
2011898121680742 137212166624960 drain_beg 0 0 0 0 0 0
2011898121680982 137212166624960 drain_end 1 0 0 0 0 0
2011898121681162 137212166624960 take 309 0 0 0 0 0
2011898121681352 137212166624960 subm_beg 1 0 0 0 0 0
2011898121681972 137212166624960 submit 309 0 0 0 0 0
2011898121682092 137212166624960 subm_end 1 0 0 0 0 0
2011898121682112 137212166624960 pump_beg 1 0 0 0 0 0
2011898121978411 137212166624960 feedend 308 0 0 0 0 0
2011898122027839 137212166624960 feedend 308 1 0 0 0 0
2011898129477897 137212166624960 outfirst 308 1 65536 0 0 0
2011898119786701 137212174624640 cliack 306 0 307 308 0 0
2011898119786831 137212174624640 ackregion 307 308 308 306 1 0
2011898121668733 137212174624640 msgin 309 12533760 0 0 0 0
2011898121669413 137212174624640 enq 309 1 0 0 0 0
2011898130708902 137212166624960 outfirst 308 0 65536 0 0 0
2011898130782530 137212166624960 pump_end 1 2 0 0 0 0
2011898130782830 137212166624960 join_beg 1 0 0 0 0 0
2011898130783400 137212166624960 join_end 0 0 0 0 0 0
2011898130783740 137212166624960 book_beg 1 0 0 0 0 0
2011898130785400 137212166624960 batch 309 1 1 2 2 0
2011898130785540 137212166624960 book_end 1 0 0 0 0 0
2011898130785680 137212166624960 coll_beg 0 0 0 0 0 0
2011898131044630 137212166624960 coll_end 0 0 0 0 0 0
2011898131044790 137212166624960 rel_beg 1 0 0 0 0 0
2011898131045220 137212166624960 absorb 309 0 0 0 0 0
2011898131049620 137212166624960 rel_end 1 0 0 0 0 0
2011898131051930 137212166624960 wait_beg 0 0 0 0 0 0
2011898131110238 137212174624640 send 18 0 0 308 306 1
2011898131481364 137212174624640 send 478151 0 0 308 306 1
2011898131794613 137212174624640 send 405024 0 0 308 306 1
2011898131795983 137212174624640 send 14 0 0 308 306 1
2011898131796313 137212174624640 egress 309 1 0 306 0 0
2011898131057950 137212158232256 emit_beg 309 0 0 0 0 0
2011898131060230 137212158232256 dmg 0 1 0 0 1920 1080
2011898131060390 137212158232256 enc 308 308 1 -1 -1 0
2011898131120157 137212158232256 emit_end 309 0 0 0 0 0
2011898159472612 137212166624960 wait_end 0 0 0 0 0 0
2011898159475432 137212166624960 drain_beg 0 0 0 0 0 0
2011898159475772 137212166624960 drain_end 1 0 0 0 0 0
2011898159475882 137212166624960 take 310 0 0 0 0 0
2011898159476412 137212166624960 subm_beg 1 0 0 0 0 0
2011898159477142 137212166624960 submit 310 0 0 0 0 0
2011898159477282 137212166624960 subm_end 1 0 0 0 0 0
2011898159477312 137212166624960 pump_beg 1 0 0 0 0 0
2011898155291995 137212174624640 cliack 307 0 308 309 0 0
2011898155292355 137212174624640 ackregion 308 309 309 307 1 0
2011898159459072 137212174624640 msgin 310 12533760 0 0 0 0
2011898159459952 137212174624640 enq 310 1 0 0 0 0
2011898159743592 137212166624960 feedend 309 0 0 0 0 0
2011898159951304 137212166624960 feedend 309 1 0 0 0 0
2011898167361534 137212166624960 outfirst 309 1 65536 0 0 0
2011898168311669 137212166624960 outfirst 309 0 65536 0 0 0
2011898168387716 137212166624960 pump_end 1 2 0 0 0 0
2011898168388026 137212166624960 join_beg 1 0 0 0 0 0
2011898168388876 137212166624960 join_end 0 0 0 0 0 0
2011898168389246 137212166624960 book_beg 1 0 0 0 0 0
2011898168389976 137212166624960 batch 310 1 1 2 2 0
2011898168390126 137212166624960 book_end 1 0 0 0 0 0
2011898168390286 137212166624960 coll_beg 0 0 0 0 0 0
2011898168661186 137212166624960 coll_end 0 0 0 0 0 0
2011898168661346 137212166624960 rel_beg 1 0 0 0 0 0
2011898168661616 137212166624960 absorb 310 0 0 0 0 0
2011898168664356 137212166624960 rel_end 1 0 0 0 0 0
2011898168666196 137212166624960 wait_beg 0 0 0 0 0 0
2011898168705635 137212174624640 send 18 0 0 309 307 1
2011898169091421 137212174624640 send 449404 0 0 309 307 1
2011898169394819 137212174624640 send 392881 0 0 309 307 1
2011898169396299 137212174624640 send 14 0 0 309 307 1
2011898169396549 137212174624640 egress 310 1 0 307 0 0
2011898168673136 137212158232256 emit_beg 310 0 0 0 0 0
2011898168676806 137212158232256 dmg 0 1 0 0 1920 1080
2011898168676966 137212158232256 enc 309 309 1 -1 -1 0
2011898168729434 137212158232256 emit_end 310 0 0 0 0 0
2011898197168195 137212174624640 cliack 308 0 309 310 0 0
2011898197168625 137212174624640 ackregion 309 310 310 308 1 0
2011898201421620 137212166624960 wait_end 0 0 0 0 0 0
2011898201425940 137212166624960 drain_beg 0 0 0 0 0 0
2011898201426310 137212166624960 drain_end 1 0 0 0 0 0
2011898201426520 137212166624960 take 311 0 0 0 0 0
2011898201426830 137212166624960 subm_beg 1 0 0 0 0 0
2011898201428040 137212166624960 submit 311 0 0 0 0 0
2011898201428190 137212166624960 subm_end 1 0 0 0 0 0
2011898201428210 137212166624960 pump_beg 1 0 0 0 0 0
2011898201722229 137212166624960 feedend 310 0 0 0 0 0
2011898201951650 137212166624960 feedend 310 1 0 0 0 0
2011898208989973 137212166624960 outfirst 310 1 65536 0 0 0
2011898201394351 137212174624640 msgin 311 12533760 0 0 0 0
2011898201395761 137212174624640 enq 311 1 0 0 0 0
2011898210060224 137212166624960 outfirst 310 0 65536 0 0 0
2011898210155651 137212166624960 pump_end 1 2 0 0 0 0
2011898210155941 137212166624960 join_beg 1 0 0 0 0 0
2011898210156841 137212166624960 join_end 0 0 0 0 0 0
2011898210157291 137212166624960 book_beg 1 0 0 0 0 0
2011898210158061 137212166624960 batch 311 1 1 2 2 0
2011898210158221 137212166624960 book_end 1 0 0 0 0 0
2011898210158411 137212166624960 coll_beg 0 0 0 0 0 0
2011898210490179 137212166624960 coll_end 0 0 0 0 0 0
2011898210490479 137212166624960 rel_beg 1 0 0 0 0 0
2011898210491079 137212166624960 absorb 311 0 0 0 0 0
2011898210495508 137212166624960 rel_end 1 0 0 0 0 0
2011898210497968 137212166624960 wait_beg 0 0 0 0 0 0
2011898210583605 137212174624640 send 18 0 0 310 308 1
2011898210912923 137212174624640 send 424685 0 0 310 308 1
2011898211214762 137212174624640 send 355880 0 0 310 308 1
2011898211217252 137212174624640 send 14 0 0 310 308 1
2011898211217862 137212174624640 egress 311 1 0 308 0 0
2011898210505558 137212158232256 emit_beg 311 0 0 0 0 0
2011898210514508 137212158232256 dmg 0 1 0 0 1920 1080
2011898210514868 137212158232256 enc 310 310 1 -1 -1 0
2011898210574425 137212158232256 emit_end 311 0 0 0 0 0
2011898238204066 137212166624960 wait_end 0 0 0 0 0 0
2011898238208446 137212166624960 drain_beg 0 0 0 0 0 0
2011898238208906 137212166624960 drain_end 1 0 0 0 0 0
2011898238209146 137212166624960 take 312 0 0 0 0 0
2011898238210016 137212166624960 subm_beg 1 0 0 0 0 0
2011898238211596 137212166624960 submit 312 0 0 0 0 0
2011898238211776 137212166624960 subm_end 1 0 0 0 0 0
2011898238211866 137212166624960 pump_beg 1 0 0 0 0 0
2011898238557793 137212166624960 feedend 311 0 0 0 0 0
2011898238765076 137212166624960 feedend 311 1 0 0 0 0
2011898235369820 137212174624640 cliack 309 0 310 311 0 0
2011898235370090 137212174624640 ackregion 310 311 311 309 1 0
2011898238175777 137212174624640 msgin 312 12533760 0 0 0 0
2011898238176887 137212174624640 enq 312 1 0 0 0 0
2011898245693643 137212166624960 outfirst 311 1 65536 0 0 0
2011898246841681 137212166624960 outfirst 311 0 65536 0 0 0
2011898246996805 137212166624960 pump_end 1 2 0 0 0 0
2011898246997265 137212166624960 join_beg 1 0 0 0 0 0
2011898246998105 137212166624960 join_end 0 0 0 0 0 0
2011898246998285 137212166624960 book_beg 1 0 0 0 0 0
2011898246999045 137212166624960 batch 312 1 1 2 2 0
2011898246999235 137212166624960 book_end 1 0 0 0 0 0
2011898247006625 137212166624960 coll_beg 0 0 0 0 0 0
2011898247377371 137212166624960 coll_end 0 0 0 0 0 0
2011898247377631 137212166624960 rel_beg 1 0 0 0 0 0
2011898247378191 137212166624960 absorb 312 0 0 0 0 0
2011898247382021 137212166624960 rel_end 1 0 0 0 0 0
2011898247384461 137212166624960 wait_beg 0 0 0 0 0 0
2011898247433069 137212174624640 send 18 0 0 311 309 1
2011898247750068 137212174624640 send 400234 0 0 311 309 1
2011898247997239 137212174624640 send 338883 0 0 311 309 1
2011898247998669 137212174624640 send 14 0 0 311 309 1
2011898247999089 137212174624640 egress 312 1 0 309 0 0
2011898247403900 137212158232256 emit_beg 312 0 0 0 0 0
2011898247409640 137212158232256 dmg 0 1 0 0 1920 1080
2011898247410190 137212158232256 enc 311 311 1 -1 -1 0
2011898247463598 137212158232256 emit_end 312 0 0 0 0 0
2011898275464486 137212166624960 wait_end 0 0 0 0 0 0
2011898275467645 137212166624960 drain_beg 0 0 0 0 0 0
2011898275468085 137212166624960 drain_end 1 0 0 0 0 0
2011898275468185 137212166624960 take 313 0 0 0 0 0
2011898275468415 137212166624960 subm_beg 1 0 0 0 0 0
2011898275469105 137212166624960 submit 313 0 0 0 0 0
2011898275469265 137212166624960 subm_end 1 0 0 0 0 0
2011898275469325 137212166624960 pump_beg 1 0 0 0 0 0
2011898275784654 137212166624960 feedend 312 0 0 0 0 0
2011898275978527 137212166624960 feedend 312 1 0 0 0 0
2011898271684554 137212174624640 cliack 310 0 311 312 0 0
2011898271684774 137212174624640 ackregion 311 312 312 310 1 0
2011898275442366 137212174624640 msgin 313 12533760 0 0 0 0
2011898275443316 137212174624640 enq 313 1 0 0 0 0
2011898282866135 137212166624960 outfirst 312 1 65536 0 0 0
2011898284118920 137212166624960 outfirst 312 0 65536 0 0 0
2011898284212556 137212166624960 pump_end 1 2 0 0 0 0
2011898284212996 137212166624960 join_beg 1 0 0 0 0 0
2011898284214246 137212166624960 join_end 0 0 0 0 0 0
2011898284214446 137212166624960 book_beg 1 0 0 0 0 0
2011898284215576 137212166624960 batch 313 1 1 2 2 0
2011898284215776 137212166624960 book_end 1 0 0 0 0 0
2011898284215956 137212166624960 coll_beg 0 0 0 0 0 0
2011898284589092 137212166624960 coll_end 0 0 0 0 0 0
2011898284589382 137212166624960 rel_beg 1 0 0 0 0 0
2011898284589972 137212166624960 absorb 313 0 0 0 0 0
2011898284595352 137212166624960 rel_end 1 0 0 0 0 0
2011898284597582 137212166624960 wait_beg 0 0 0 0 0 0
2011898284642540 137212174624640 send 18 0 0 312 310 1
2011898284981908 137212174624640 send 435004 0 0 312 310 1
2011898285243348 137212174624640 send 351222 0 0 312 310 1
2011898285244748 137212174624640 send 14 0 0 312 310 1
2011898285244978 137212174624640 egress 313 1 0 310 0 0
2011898284616781 137212158232256 emit_beg 313 0 0 0 0 0
2011898284621691 137212158232256 dmg 0 1 0 0 1920 1080
2011898284621921 137212158232256 enc 312 312 1 -1 -1 0
2011898284676729 137212158232256 emit_end 313 0 0 0 0 0
2011898307655750 137212166624960 wait_end 0 0 0 0 0 0
2011898307659970 137212166624960 drain_beg 0 0 0 0 0 0
2011898307660360 137212166624960 drain_end 1 0 0 0 0 0
2011898307660890 137212166624960 take 314 0 0 0 0 0
2011898307661580 137212166624960 subm_beg 1 0 0 0 0 0
2011898307662810 137212166624960 submit 314 0 0 0 0 0
2011898307662970 137212166624960 subm_end 1 0 0 0 0 0
2011898307663010 137212166624960 pump_beg 1 0 0 0 0 0
2011898308003737 137212166624960 feedend 313 0 0 0 0 0
2011898308173341 137212166624960 feedend 313 1 0 0 0 0
2011898305337455 137212174624640 cliack 311 0 312 313 0 0
2011898305337605 137212174624640 ackregion 312 313 313 311 1 0
2011898307635781 137212174624640 msgin 314 12533760 0 0 0 0
2011898307636221 137212174624640 enq 314 1 0 0 0 0
2011898315270822 137212166624960 outfirst 313 1 65536 0 0 0
2011898316296664 137212166624960 outfirst 313 0 65536 0 0 0
2011898316400321 137212166624960 pump_end 1 2 0 0 0 0
2011898316405460 137212166624960 join_beg 1 0 0 0 0 0
2011898316406200 137212166624960 join_end 0 0 0 0 0 0
2011898316406520 137212166624960 book_beg 1 0 0 0 0 0
2011898316407790 137212166624960 batch 314 1 1 2 2 0
2011898316407830 137212166624960 book_end 1 0 0 0 0 0
2011898316407870 137212166624960 coll_beg 0 0 0 0 0 0
2011898316733188 137212166624960 coll_end 0 0 0 0 0 0
2011898316733278 137212166624960 rel_beg 1 0 0 0 0 0
2011898316734158 137212166624960 absorb 314 0 0 0 0 0
2011898316741418 137212166624960 rel_end 1 0 0 0 0 0
2011898316744028 137212166624960 wait_beg 0 0 0 0 0 0
2011898316818775 137212174624640 send 18 0 0 313 311 1
2011898317141873 137212174624640 send 425023 0 0 313 311 1
2011898317406164 137212174624640 send 364906 0 0 313 311 1
2011898317407414 137212174624640 send 14 0 0 313 311 1
2011898317407604 137212174624640 egress 314 1 0 311 0 0
2011898316764887 137212158232256 emit_beg 314 0 0 0 0 0
2011898316773017 137212158232256 dmg 0 1 0 0 1920 1080
2011898316773247 137212158232256 enc 313 313 1 -1 -1 0
2011898316839454 137212158232256 emit_end 314 0 0 0 0 0
2011898338202554 137212166624960 wait_end 0 0 0 0 0 0
2011898338206674 137212166624960 drain_beg 0 0 0 0 0 0
2011898338207324 137212166624960 drain_end 1 0 0 0 0 0
2011898338207544 137212166624960 take 315 0 0 0 0 0
2011898338207964 137212166624960 subm_beg 1 0 0 0 0 0
2011898338209584 137212166624960 submit 315 0 0 0 0 0
2011898338209744 137212166624960 subm_end 1 0 0 0 0 0
2011898338209794 137212166624960 pump_beg 1 0 0 0 0 0
2011898338534302 137212166624960 feedend 314 0 0 0 0 0
2011898338668737 137212166624960 feedend 314 1 0 0 0 0
2011898337411413 137212174624640 cliack 312 0 313 314 0 0
2011898337411943 137212174624640 ackregion 313 314 314 312 1 0
2011898338184595 137212174624640 msgin 315 12533760 0 0 0 0
2011898338185265 137212174624640 enq 315 1 0 0 0 0
2011898345184259 137212166624960 outfirst 314 1 65536 0 0 0
2011898346041118 137212166624960 outfirst 314 0 65536 0 0 0
2011898346094286 137212166624960 pump_end 1 2 0 0 0 0
2011898346094686 137212166624960 join_beg 1 0 0 0 0 0
2011898346095446 137212166624960 join_end 0 0 0 0 0 0
2011898346095636 137212166624960 book_beg 1 0 0 0 0 0
2011898346096176 137212166624960 batch 315 1 1 2 2 0
2011898346096316 137212166624960 book_end 1 0 0 0 0 0
2011898346096486 137212166624960 coll_beg 0 0 0 0 0 0
2011898346279199 137212166624960 coll_end 0 0 0 0 0 0
2011898346279479 137212166624960 rel_beg 1 0 0 0 0 0
2011898346279849 137212166624960 absorb 315 0 0 0 0 0
2011898346285019 137212166624960 rel_end 1 0 0 0 0 0
2011898346287379 137212166624960 wait_beg 0 0 0 0 0 0
2011898346354916 137212174624640 send 18 0 0 314 312 1
2011898346628276 137212174624640 send 343684 0 0 314 312 1
2011898346844989 137212174624640 send 289372 0 0 314 312 1
2011898346853488 137212174624640 send 14 0 0 314 312 1
2011898346853858 137212174624640 egress 315 1 0 312 0 0
2011898346295979 137212158232256 emit_beg 315 0 0 0 0 0
2011898346303328 137212158232256 dmg 0 1 0 0 1920 1080
2011898346303668 137212158232256 enc 314 314 1 -1 -1 0
2011898346353366 137212158232256 emit_end 315 0 0 0 0 0
2011898376212166 137212166624960 wait_end 0 0 0 0 0 0
2011898376216386 137212166624960 drain_beg 0 0 0 0 0 0
2011898376217106 137212166624960 drain_end 1 0 0 0 0 0
2011898376217376 137212166624960 take 316 0 0 0 0 0
2011898376217976 137212166624960 subm_beg 1 0 0 0 0 0
2011898376219766 137212166624960 submit 316 0 0 0 0 0
2011898376219856 137212166624960 subm_end 1 0 0 0 0 0
2011898376219896 137212166624960 pump_beg 1 0 0 0 0 0
2011898376503645 137212166624960 feedend 315 0 0 0 0 0
2011898376694978 137212166624960 feedend 315 1 0 0 0 0
2011898371354363 137212174624640 cliack 313 0 314 315 0 0
2011898371355213 137212174624640 ackregion 314 315 315 313 1 0
2011898376188097 137212174624640 msgin 316 12533760 0 0 0 0
2011898376189787 137212174624640 enq 316 1 0 0 0 0
2011898383638355 137212166624960 outfirst 315 1 65536 0 0 0
2011898385085162 137212166624960 outfirst 315 0 65536 0 0 0
2011898385165189 137212166624960 pump_end 1 2 0 0 0 0
2011898385165489 137212166624960 join_beg 1 0 0 0 0 0
2011898385166029 137212166624960 join_end 0 0 0 0 0 0
2011898385166299 137212166624960 book_beg 1 0 0 0 0 0
2011898385167459 137212166624960 batch 316 1 1 2 2 0
2011898385167639 137212166624960 book_end 1 0 0 0 0 0
2011898385167799 137212166624960 coll_beg 0 0 0 0 0 0
2011898385410380 137212166624960 coll_end 0 0 0 0 0 0
2011898385410550 137212166624960 rel_beg 1 0 0 0 0 0
2011898385410780 137212166624960 absorb 316 0 0 0 0 0
2011898385414500 137212166624960 rel_end 1 0 0 0 0 0
2011898385416530 137212166624960 wait_beg 0 0 0 0 0 0
2011898385511026 137212174624640 send 18 0 0 315 313 1
2011898385864613 137212174624640 send 462314 0 0 315 313 1
2011898386120954 137212174624640 send 347689 0 0 315 313 1
2011898386122354 137212174624640 send 14 0 0 315 313 1
2011898386122844 137212174624640 egress 316 1 0 313 0 0
2011898385437809 137212158232256 emit_beg 316 0 0 0 0 0
2011898385446599 137212158232256 dmg 0 1 0 0 1920 1080
2011898385446809 137212158232256 enc 315 315 1 -1 -1 0
2011898385512286 137212158232256 emit_end 316 0 0 0 0 0
2011898410039380 137212166624960 wait_end 0 0 0 0 0 0
2011898410042910 137212166624960 drain_beg 0 0 0 0 0 0
2011898410043150 137212166624960 drain_end 1 0 0 0 0 0
2011898410043220 137212166624960 take 317 0 0 0 0 0
2011898410043750 137212166624960 subm_beg 1 0 0 0 0 0
2011898410045110 137212166624960 submit 317 0 0 0 0 0
2011898410045250 137212166624960 subm_end 1 0 0 0 0 0
2011898410045300 137212166624960 pump_beg 1 0 0 0 0 0
2011898410358509 137212166624960 feedend 316 0 0 0 0 0
2011898410575041 137212166624960 feedend 316 1 0 0 0 0
2011898405450428 137212174624640 cliack 314 0 315 316 0 0
2011898405450548 137212174624640 ackregion 315 316 316 314 1 0
2011898410027701 137212174624640 msgin 317 12533760 0 0 0 0
2011898410028581 137212174624640 enq 317 1 0 0 0 0
2011898417966521 137212166624960 outfirst 316 1 65536 0 0 0
2011898418510051 137212166624960 outfirst 316 0 65536 0 0 0
2011898418576949 137212166624960 pump_end 1 2 0 0 0 0
2011898418577139 137212166624960 join_beg 1 0 0 0 0 0
2011898418577329 137212166624960 join_end 0 0 0 0 0 0
2011898418577569 137212166624960 book_beg 1 0 0 0 0 0
2011898418578209 137212166624960 batch 317 1 1 2 2 0
2011898418578349 137212166624960 book_end 1 0 0 0 0 0
2011898418578499 137212166624960 coll_beg 0 0 0 0 0 0
2011898418812840 137212166624960 coll_end 0 0 0 0 0 0
2011898418813010 137212166624960 rel_beg 1 0 0 0 0 0
2011898418813670 137212166624960 absorb 317 0 0 0 0 0
2011898418817280 137212166624960 rel_end 1 0 0 0 0 0
2011898418819250 137212166624960 wait_beg 0 0 0 0 0 0
2011898418875958 137212174624640 send 18 0 0 316 314 1
2011898419290953 137212174624640 send 422056 0 0 316 314 1
2011898419584702 137212174624640 send 383646 0 0 316 314 1
2011898419586422 137212174624640 send 14 0 0 316 314 1
2011898419586902 137212174624640 egress 317 1 0 314 0 0
2011898418837279 137212158232256 emit_beg 317 0 0 0 0 0
2011898418847289 137212158232256 dmg 0 1 0 0 1920 1080
2011898418847619 137212158232256 enc 316 316 1 -1 -1 0
2011898418916626 137212158232256 emit_end 317 0 0 0 0 0
2011898434816276 137212166624960 wait_end 0 0 0 0 0 0
2011898434819826 137212166624960 drain_beg 0 0 0 0 0 0
2011898434828675 137212166624960 drain_end 1 0 0 0 0 0
2011898434828935 137212166624960 take 318 0 0 0 0 0
2011898434829295 137212166624960 subm_beg 1 0 0 0 0 0
2011898434830045 137212166624960 submit 318 0 0 0 0 0
2011898434830195 137212166624960 subm_end 1 0 0 0 0 0
2011898434830255 137212166624960 pump_beg 1 0 0 0 0 0
2011898435137354 137212166624960 feedend 317 0 0 0 0 0
2011898435217661 137212166624960 feedend 317 1 0 0 0 0
2011898432914035 137212174624640 cliack 315 0 316 317 0 0
2011898432914745 137212174624640 ackregion 316 317 317 315 1 0
2011898434791097 137212174624640 msgin 318 12533760 0 0 0 0
2011898434791707 137212174624640 enq 318 1 0 0 0 0
2011898442647930 137212166624960 outfirst 317 1 65536 0 0 0
2011898443866845 137212166624960 outfirst 317 0 65536 0 0 0
2011898443932683 137212166624960 pump_end 1 2 0 0 0 0
2011898443932873 137212166624960 join_beg 1 0 0 0 0 0
2011898443933423 137212166624960 join_end 0 0 0 0 0 0
2011898443933763 137212166624960 book_beg 1 0 0 0 0 0
2011898443934363 137212166624960 batch 318 1 1 2 2 0
2011898443934503 137212166624960 book_end 1 0 0 0 0 0
2011898443934653 137212166624960 coll_beg 0 0 0 0 0 0
2011898444206113 137212166624960 coll_end 0 0 0 0 0 0
2011898444206283 137212166624960 rel_beg 1 0 0 0 0 0
2011898444206623 137212166624960 absorb 318 0 0 0 0 0
2011898444209943 137212166624960 rel_end 1 0 0 0 0 0
2011898444213982 137212166624960 wait_beg 0 0 0 0 0 0
2011898444269670 137212174624640 send 18 0 0 317 315 1
2011898444646127 137212174624640 send 476275 0 0 317 315 1
2011898444957725 137212174624640 send 405814 0 0 317 315 1
2011898444959165 137212174624640 send 14 0 0 317 315 1
2011898444959405 137212174624640 egress 318 1 0 315 0 0
2011898444220492 137212158232256 emit_beg 318 0 0 0 0 0
2011898444224542 137212158232256 dmg 0 1 0 0 1920 1080
2011898444224892 137212158232256 enc 317 317 1 -1 -1 0
2011898444297589 137212158232256 emit_end 318 0 0 0 0 0
2011898467889088 137212174624640 cliack 316 0 317 318 0 0
2011898467889388 137212174624640 ackregion 317 318 318 316 1 0
2011898472517459 137212166624960 wait_end 0 0 0 0 0 0
2011898472520259 137212166624960 drain_beg 0 0 0 0 0 0
2011898472520629 137212166624960 drain_end 1 0 0 0 0 0
2011898472520769 137212166624960 take 319 0 0 0 0 0
2011898472521589 137212166624960 subm_beg 1 0 0 0 0 0
2011898472523288 137212166624960 submit 319 0 0 0 0 0
2011898472523428 137212166624960 subm_end 1 0 0 0 0 0
2011898472523478 137212166624960 pump_beg 1 0 0 0 0 0
2011898472823717 137212166624960 feedend 318 0 0 0 0 0
2011898473026690 137212166624960 feedend 318 1 0 0 0 0
2011898480452319 137212166624960 outfirst 318 1 65536 0 0 0
2011898481318327 137212166624960 outfirst 318 0 65536 0 0 0
2011898481405124 137212166624960 pump_end 1 2 0 0 0 0
2011898481405544 137212166624960 join_beg 1 0 0 0 0 0
2011898481406114 137212166624960 join_end 0 0 0 0 0 0
2011898481406424 137212166624960 book_beg 1 0 0 0 0 0
2011898481407024 137212166624960 batch 319 1 1 2 2 0
2011898481407204 137212166624960 book_end 1 0 0 0 0 0
2011898481407374 137212166624960 coll_beg 0 0 0 0 0 0
2011898472509009 137212174624640 msgin 319 12533760 0 0 0 0
2011898472509409 137212174624640 enq 319 1 0 0 0 0
2011898481774291 137212166624960 coll_end 0 0 0 0 0 0
2011898481774771 137212166624960 rel_beg 1 0 0 0 0 0
2011898481775491 137212166624960 absorb 319 0 0 0 0 0
2011898481779450 137212166624960 rel_end 1 0 0 0 0 0
2011898481781530 137212166624960 wait_beg 0 0 0 0 0 0
2011898481887926 137212174624640 send 18 0 0 318 316 1
2011898482410007 137212174624640 send 439017 0 0 318 316 1
2011898482839812 137212174624640 send 386757 0 0 318 316 1
2011898482841272 137212174624640 send 14 0 0 318 316 1
2011898482841902 137212174624640 egress 319 1 0 316 0 0
2011898481799600 137212158232256 emit_beg 319 0 0 0 0 0
2011898481806229 137212158232256 dmg 0 1 0 0 1920 1080
2011898481806439 137212158232256 enc 318 318 1 -1 -1 0
2011898481869017 137212158232256 emit_end 319 0 0 0 0 0
2011898505977727 137212166624960 wait_end 0 0 0 0 0 0
2011898505981036 137212166624960 drain_beg 0 0 0 0 0 0
2011898505981336 137212166624960 drain_end 1 0 0 0 0 0
2011898505981506 137212166624960 take 320 0 0 0 0 0
2011898505981916 137212166624960 subm_beg 1 0 0 0 0 0
2011898505982726 137212166624960 submit 320 0 0 0 0 0
2011898505983076 137212166624960 subm_end 1 0 0 0 0 0
2011898505983106 137212166624960 pump_beg 1 0 0 0 0 0
2011898506279026 137212166624960 feedend 319 0 0 0 0 0
2011898506490388 137212166624960 feedend 319 1 0 0 0 0
2011898502702526 137212174624640 cliack 317 0 318 319 0 0
2011898502702736 137212174624640 ackregion 318 319 319 317 1 0
2011898505963987 137212174624640 msgin 320 12533760 0 0 0 0
2011898505964567 137212174624640 enq 320 1 0 0 0 0
2011898513213152 137212166624960 outfirst 319 1 65536 0 0 0
2011898514736327 137212166624960 outfirst 319 0 65536 0 0 0
2011898514794605 137212166624960 pump_end 1 2 0 0 0 0
2011898514795065 137212166624960 join_beg 1 0 0 0 0 0
2011898514795595 137212166624960 join_end 0 0 0 0 0 0
2011898514795955 137212166624960 book_beg 1 0 0 0 0 0
2011898514796665 137212166624960 batch 320 1 1 2 2 0
2011898514796845 137212166624960 book_end 1 0 0 0 0 0
2011898514797005 137212166624960 coll_beg 0 0 0 0 0 0
2011898515026196 137212166624960 coll_end 0 0 0 0 0 0
2011898515026466 137212166624960 rel_beg 1 0 0 0 0 0
2011898515027136 137212166624960 absorb 320 0 0 0 0 0
2011898515031446 137212166624960 rel_end 1 0 0 0 0 0
2011898515033676 137212166624960 wait_beg 0 0 0 0 0 0
2011898515108593 137212174624640 send 18 0 0 319 317 1
2011898515560557 137212174624640 send 428895 0 0 319 317 1
2011898515829287 137212174624640 send 334554 0 0 319 317 1
2011898515830857 137212174624640 send 14 0 0 319 317 1
2011898515831017 137212174624640 egress 320 1 0 317 0 0
2011898515042996 137212158232256 emit_beg 320 0 0 0 0 0
2011898515046985 137212158232256 dmg 0 1 0 0 1920 1080
2011898515047245 137212158232256 enc 319 319 1 -1 -1 0
2011898515105823 137212158232256 emit_end 320 0 0 0 0 0
2011898541032556 137212174624640 cliack 318 0 319 320 0 0
2011898541032946 137212174624640 ackregion 319 320 320 318 1 0
2011898547154053 137212166624960 wait_end 0 0 0 0 0 0
2011898547156873 137212166624960 drain_beg 0 0 0 0 0 0
2011898547157283 137212166624960 drain_end 1 0 0 0 0 0
2011898547157353 137212166624960 take 321 0 0 0 0 0
2011898547158123 137212166624960 subm_beg 1 0 0 0 0 0
2011898547159093 137212166624960 submit 321 0 0 0 0 0
2011898547159233 137212166624960 subm_end 1 0 0 0 0 0
2011898547159263 137212166624960 pump_beg 1 0 0 0 0 0
2011898547508960 137212166624960 feedend 320 0 0 0 0 0
2011898547688873 137212166624960 feedend 320 1 0 0 0 0
2011898547142113 137212174624640 msgin 321 12533760 0 0 0 0
2011898547143193 137212174624640 enq 321 1 0 0 0 0
2011898555126772 137212166624960 outfirst 320 1 65536 0 0 0
2011898556357747 137212166624960 outfirst 320 0 65536 0 0 0
2011898556442084 137212166624960 pump_end 1 2 0 0 0 0
2011898556442614 137212166624960 join_beg 1 0 0 0 0 0
2011898556443344 137212166624960 join_end 0 0 0 0 0 0
2011898556443594 137212166624960 book_beg 1 0 0 0 0 0
2011898556450053 137212166624960 batch 321 1 1 2 2 0
2011898556450103 137212166624960 book_end 1 0 0 0 0 0
2011898556450153 137212166624960 coll_beg 0 0 0 0 0 0
2011898556750732 137212166624960 coll_end 0 0 0 0 0 0
2011898556750782 137212166624960 rel_beg 1 0 0 0 0 0
2011898556751692 137212166624960 absorb 321 0 0 0 0 0
2011898556756262 137212166624960 rel_end 1 0 0 0 0 0
2011898556758052 137212166624960 wait_beg 0 0 0 0 0 0
2011898556803460 137212174624640 send 18 0 0 320 318 1
2011898557221685 137212174624640 send 473475 0 0 320 318 1
2011898557540433 137212174624640 send 403492 0 0 320 318 1
2011898557541803 137212174624640 send 14 0 0 320 318 1
2011898557542063 137212174624640 egress 321 1 0 318 0 0
2011898556763852 137212158232256 emit_beg 321 0 0 0 0 0
2011898556768192 137212158232256 dmg 0 1 0 0 1920 1080
2011898556768382 137212158232256 enc 320 320 1 -1 -1 0
2011898556832289 137212158232256 emit_end 321 0 0 0 0 0
2011898579649396 137212166624960 wait_end 0 0 0 0 0 0
2011898579653386 137212166624960 drain_beg 0 0 0 0 0 0
2011898579653826 137212166624960 drain_end 1 0 0 0 0 0
2011898579653936 137212166624960 take 322 0 0 0 0 0
2011898579654196 137212166624960 subm_beg 1 0 0 0 0 0
2011898579654806 137212166624960 submit 322 0 0 0 0 0
2011898579654996 137212166624960 subm_end 1 0 0 0 0 0
2011898579655086 137212166624960 pump_beg 1 0 0 0 0 0
2011898579936945 137212166624960 feedend 321 0 0 0 0 0
2011898580152868 137212166624960 feedend 321 1 0 0 0 0
2011898576627356 137212174624640 cliack 319 0 320 321 0 0
2011898576627796 137212174624640 ackregion 320 321 321 319 1 0
2011898579625807 137212174624640 msgin 322 12533760 0 0 0 0
2011898579626297 137212174624640 enq 322 1 0 0 0 0
2011898587232409 137212166624960 outfirst 321 1 65536 0 0 0
2011898588426045 137212166624960 outfirst 321 0 65536 0 0 0
2011898588502843 137212166624960 pump_end 1 2 0 0 0 0
2011898588503053 137212166624960 join_beg 1 0 0 0 0 0
2011898588503343 137212166624960 join_end 0 0 0 0 0 0
2011898588503813 137212166624960 book_beg 1 0 0 0 0 0
2011898588504433 137212166624960 batch 322 1 1 2 2 0
2011898588504593 137212166624960 book_end 1 0 0 0 0 0
2011898588504763 137212166624960 coll_beg 0 0 0 0 0 0
2011898588882779 137212166624960 coll_end 0 0 0 0 0 0
2011898588882979 137212166624960 rel_beg 1 0 0 0 0 0
2011898588883789 137212166624960 absorb 322 0 0 0 0 0
2011898588888049 137212166624960 rel_end 1 0 0 0 0 0
2011898588890038 137212166624960 wait_beg 0 0 0 0 0 0
2011898589012854 137212174624640 send 18 0 0 321 319 1
2011898589523065 137212174624640 send 442042 0 0 321 319 1
2011898589935500 137212174624640 send 366480 0 0 321 319 1
2011898589937360 137212174624640 send 14 0 0 321 319 1
2011898589938100 137212174624640 egress 322 1 0 319 0 0
2011898588911528 137212158232256 emit_beg 322 0 0 0 0 0
2011898588918367 137212158232256 dmg 0 1 0 0 1920 1080
2011898588918597 137212158232256 enc 321 321 1 -1 -1 0
2011898588979885 137212158232256 emit_end 322 0 0 0 0 0
2011898609637001 137212174624640 cliack 320 0 321 322 0 0
2011898609638081 137212174624640 ackregion 321 322 322 320 1 0
2011898613770350 137212166624960 wait_end 0 0 0 0 0 0
2011898613773820 137212166624960 drain_beg 0 0 0 0 0 0
2011898613774210 137212166624960 drain_end 1 0 0 0 0 0
2011898613774380 137212166624960 take 323 0 0 0 0 0
2011898613774940 137212166624960 subm_beg 1 0 0 0 0 0
2011898613775800 137212166624960 submit 323 0 0 0 0 0
2011898613775960 137212166624960 subm_end 1 0 0 0 0 0
2011898613776020 137212166624960 pump_beg 1 0 0 0 0 0
2011898614082968 137212166624960 feedend 322 0 0 0 0 0
2011898614367448 137212166624960 feedend 322 1 0 0 0 0
2011898621699690 137212166624960 outfirst 322 1 65536 0 0 0
2011898622357746 137212166624960 outfirst 322 0 65536 0 0 0
2011898613747691 137212174624640 msgin 323 12533760 0 0 0 0
2011898613748381 137212174624640 enq 323 1 0 0 0 0
2011898622426364 137212166624960 pump_end 1 2 0 0 0 0
2011898622426724 137212166624960 join_beg 1 0 0 0 0 0
2011898622427474 137212166624960 join_end 0 0 0 0 0 0
2011898622427904 137212166624960 book_beg 1 0 0 0 0 0
2011898622428664 137212166624960 batch 323 1 1 2 2 0
2011898622428904 137212166624960 book_end 1 0 0 0 0 0
2011898622429084 137212166624960 coll_beg 0 0 0 0 0 0
2011898622665205 137212166624960 coll_end 0 0 0 0 0 0
2011898622665475 137212166624960 rel_beg 1 0 0 0 0 0
2011898622666255 137212166624960 absorb 323 0 0 0 0 0
2011898622670835 137212166624960 rel_end 1 0 0 0 0 0
2011898622673395 137212166624960 wait_beg 0 0 0 0 0 0
2011898622783681 137212174624640 send 18 0 0 322 320 1
2011898623111669 137212174624640 send 423737 0 0 322 320 1
2011898623378719 137212174624640 send 366406 0 0 322 320 1
2011898623380179 137212174624640 send 14 0 0 322 320 1
2011898623380769 137212174624640 egress 323 1 0 320 0 0
2011898622683144 137212158232256 emit_beg 323 0 0 0 0 0
2011898622695594 137212158232256 dmg 0 1 0 0 1920 1080
2011898622695884 137212158232256 enc 322 322 1 -1 -1 0
2011898622763291 137212158232256 emit_end 323 0 0 0 0 0
2011898649916640 137212166624960 wait_end 0 0 0 0 0 0
2011898649920100 137212166624960 drain_beg 0 0 0 0 0 0
2011898649920600 137212166624960 drain_end 1 0 0 0 0 0
2011898649920820 137212166624960 take 324 0 0 0 0 0
2011898649921220 137212166624960 subm_beg 1 0 0 0 0 0
2011898649922460 137212166624960 submit 324 0 0 0 0 0
2011898649922569 137212166624960 subm_end 1 0 0 0 0 0
2011898649922619 137212166624960 pump_beg 1 0 0 0 0 0
2011898650256727 137212166624960 feedend 323 0 0 0 0 0
2011898650435741 137212166624960 feedend 323 1 0 0 0 0
2011898647506158 137212174624640 cliack 321 0 322 323 0 0
2011898647506378 137212174624640 ackregion 322 323 323 321 1 0
2011898649902830 137212174624640 msgin 324 12533760 0 0 0 0
2011898649903630 137212174624640 enq 324 1 0 0 0 0
2011898657686106 137212166624960 outfirst 323 1 65536 0 0 0
2011898658637811 137212166624960 outfirst 323 0 65536 0 0 0
2011898658696109 137212166624960 pump_end 1 2 0 0 0 0
2011898658696449 137212166624960 join_beg 1 0 0 0 0 0
2011898658696749 137212166624960 join_end 0 0 0 0 0 0
2011898658696919 137212166624960 book_beg 1 0 0 0 0 0
2011898658697779 137212166624960 batch 324 1 1 2 2 0
2011898658697939 137212166624960 book_end 1 0 0 0 0 0
2011898658698109 137212166624960 coll_beg 0 0 0 0 0 0
2011898658926221 137212166624960 coll_end 0 0 0 0 0 0
2011898658926481 137212166624960 rel_beg 1 0 0 0 0 0
2011898658926970 137212166624960 absorb 324 0 0 0 0 0
2011898658931540 137212166624960 rel_end 1 0 0 0 0 0
2011898658933330 137212166624960 wait_beg 0 0 0 0 0 0
2011898658998828 137212174624640 send 18 0 0 323 321 1
2011898659352035 137212174624640 send 442245 0 0 323 321 1
2011898659633875 137212174624640 send 367549 0 0 323 321 1
2011898659635575 137212174624640 send 14 0 0 323 321 1
2011898659635875 137212174624640 egress 324 1 0 321 0 0
2011898658940920 137212158232256 emit_beg 324 0 0 0 0 0
2011898658945500 137212158232256 dmg 0 1 0 0 1920 1080
2011898658952340 137212158232256 enc 323 323 1 -1 -1 0
2011898659021387 137212158232256 emit_end 324 0 0 0 0 0
2011898682434922 137212174624640 cliack 322 0 323 324 0 0
2011898682435532 137212174624640 ackregion 323 324 324 322 1 0
2011898686276972 137212166624960 wait_end 0 0 0 0 0 0
2011898686281122 137212166624960 drain_beg 0 0 0 0 0 0
2011898686281532 137212166624960 drain_end 1 0 0 0 0 0
2011898686281812 137212166624960 take 325 0 0 0 0 0
2011898686282181 137212166624960 subm_beg 1 0 0 0 0 0
2011898686289471 137212166624960 submit 325 0 0 0 0 0
2011898686289541 137212166624960 subm_end 1 0 0 0 0 0
2011898686289701 137212166624960 pump_beg 1 0 0 0 0 0
2011898686601960 137212166624960 feedend 324 0 0 0 0 0
2011898686779423 137212166624960 feedend 324 1 0 0 0 0
2011898686249693 137212174624640 msgin 325 12533760 0 0 0 0
2011898686250023 137212174624640 enq 325 1 0 0 0 0
2011898693484239 137212166624960 outfirst 324 1 65536 0 0 0
2011898694478692 137212166624960 outfirst 324 0 65536 0 0 0
2011898694551590 137212166624960 pump_end 1 2 0 0 0 0
2011898694552049 137212166624960 join_beg 1 0 0 0 0 0
2011898694552529 137212166624960 join_end 0 0 0 0 0 0
2011898694552599 137212166624960 book_beg 1 0 0 0 0 0
2011898694552909 137212166624960 batch 325 1 1 2 2 0
2011898694553089 137212166624960 book_end 1 0 0 0 0 0
2011898694553339 137212166624960 coll_beg 0 0 0 0 0 0
2011898694740473 137212166624960 coll_end 0 0 0 0 0 0
2011898694740633 137212166624960 rel_beg 1 0 0 0 0 0
2011898694740913 137212166624960 absorb 325 0 0 0 0 0
2011898694744182 137212166624960 rel_end 1 0 0 0 0 0
2011898694746222 137212166624960 wait_beg 0 0 0 0 0 0
2011898694769452 137212174624640 send 18 0 0 324 322 1
2011898695202186 137212174624640 send 411428 0 0 324 322 1
2011898695427658 137212174624640 send 320085 0 0 324 322 1
2011898695429207 137212174624640 send 14 0 0 324 322 1
2011898695429747 137212174624640 egress 325 1 0 322 0 0
2011898694753282 137212158232256 emit_beg 325 0 0 0 0 0
2011898694756762 137212158232256 dmg 0 1 0 0 1920 1080
2011898694757312 137212158232256 enc 324 324 1 -1 -1 0
2011898694829219 137212158232256 emit_end 325 0 0 0 0 0
2011898717281839 137212166624960 wait_end 0 0 0 0 0 0
2011898717284849 137212166624960 drain_beg 0 0 0 0 0 0
2011898717285249 137212166624960 drain_end 1 0 0 0 0 0
2011898717285439 137212166624960 take 326 0 0 0 0 0
2011898717285849 137212166624960 subm_beg 1 0 0 0 0 0
2011898717286749 137212166624960 submit 326 0 0 0 0 0
2011898717286809 137212166624960 subm_end 1 0 0 0 0 0
2011898717286859 137212166624960 pump_beg 1 0 0 0 0 0
2011898717579828 137212166624960 feedend 325 0 0 0 0 0
2011898717773391 137212166624960 feedend 325 1 0 0 0 0
2011898716477159 137212174624640 cliack 323 0 324 325 0 0
2011898716477309 137212174624640 ackregion 324 325 325 323 1 0
2011898717266280 137212174624640 msgin 326 12533760 0 0 0 0
2011898717266520 137212174624640 enq 326 1 0 0 0 0
2011898725131933 137212166624960 outfirst 325 1 65536 0 0 0
2011898725609155 137212166624960 outfirst 325 0 65536 0 0 0
2011898725672613 137212166624960 pump_end 1 2 0 0 0 0
2011898725672823 137212166624960 join_beg 1 0 0 0 0 0
2011898725673483 137212166624960 join_end 0 0 0 0 0 0
2011898725673723 137212166624960 book_beg 1 0 0 0 0 0
2011898725674493 137212166624960 batch 326 1 1 2 2 0
2011898725674633 137212166624960 book_end 1 0 0 0 0 0
2011898725674783 137212166624960 coll_beg 0 0 0 0 0 0
2011898725912404 137212166624960 coll_end 0 0 0 0 0 0
2011898725912604 137212166624960 rel_beg 1 0 0 0 0 0
2011898725913074 137212166624960 absorb 326 0 0 0 0 0
2011898725916604 137212166624960 rel_end 1 0 0 0 0 0
2011898725918644 137212166624960 wait_beg 0 0 0 0 0 0
2011898725947083 137212174624640 send 18 0 0 325 323 1
2011898726311680 137212174624640 send 421114 0 0 325 323 1
2011898726584670 137212174624640 send 375118 0 0 325 323 1
2011898726586260 137212174624640 send 14 0 0 325 323 1
2011898726586470 137212174624640 egress 326 1 0 323 0 0
2011898725923324 137212158232256 emit_beg 326 0 0 0 0 0
2011898725926024 137212158232256 dmg 0 1 0 0 1920 1080
2011898725926184 137212158232256 enc 325 325 1 -1 -1 0
2011898725984292 137212158232256 emit_end 326 0 0 0 0 0
2011898751677043 137212174624640 cliack 324 0 325 326 0 0
2011898751677303 137212174624640 ackregion 325 326 326 324 1 0
2011898753522216 137212166624960 wait_end 0 0 0 0 0 0
2011898753524826 137212166624960 drain_beg 0 0 0 0 0 0
2011898753525226 137212166624960 drain_end 1 0 0 0 0 0
2011898753525406 137212166624960 take 327 0 0 0 0 0
2011898753525636 137212166624960 subm_beg 1 0 0 0 0 0
2011898753526186 137212166624960 submit 327 0 0 0 0 0
2011898753526376 137212166624960 subm_end 1 0 0 0 0 0
2011898753526446 137212166624960 pump_beg 1 0 0 0 0 0
2011898753852054 137212166624960 feedend 326 0 0 0 0 0
2011898754026447 137212166624960 feedend 326 1 0 0 0 0
2011898761334100 137212166624960 outfirst 326 1 65536 0 0 0
2011898762152451 137212166624960 outfirst 326 0 65536 0 0 0
2011898762264266 137212166624960 pump_end 1 2 0 0 0 0
2011898762264516 137212166624960 join_beg 1 0 0 0 0 0
2011898762265046 137212166624960 join_end 0 0 0 0 0 0
2011898762265426 137212166624960 book_beg 1 0 0 0 0 0
2011898762265766 137212166624960 batch 327 1 1 2 2 0
2011898762265926 137212166624960 book_end 1 0 0 0 0 0
2011898762266096 137212166624960 coll_beg 0 0 0 0 0 0
2011898762634103 137212166624960 coll_end 0 0 0 0 0 0
2011898762634323 137212166624960 rel_beg 1 0 0 0 0 0
2011898762634683 137212166624960 absorb 327 0 0 0 0 0
2011898762639613 137212166624960 rel_end 1 0 0 0 0 0
2011898762642083 137212166624960 wait_beg 0 0 0 0 0 0
2011898753496627 137212174624640 msgin 327 12533760 0 0 0 0
2011898753497647 137212174624640 enq 327 1 0 0 0 0
2011898762681131 137212174624640 send 18 0 0 326 324 1
2011898763112705 137212174624640 send 439313 0 0 326 324 1
2011898762647772 137212158232256 emit_beg 327 0 0 0 0 0
2011898762650842 137212158232256 dmg 0 1 0 0 1920 1080
2011898762651012 137212158232256 enc 326 326 1 -1 -1 0
2011898762720880 137212158232256 emit_end 327 0 0 0 0 0
2011898763396835 137212174624640 send 380517 0 0 326 324 1
2011898763398545 137212174624640 send 14 0 0 326 324 1
2011898763398865 137212174624640 egress 327 1 0 324 0 0
2011898783103185 137212174624640 cliack 325 0 326 327 0 0
2011898783103325 137212174624640 ackregion 326 327 327 325 1 0
2011898788365143 137212166624960 wait_end 0 0 0 0 0 0
2011898788369723 137212166624960 drain_beg 0 0 0 0 0 0
2011898788370313 137212166624960 drain_end 1 0 0 0 0 0
2011898788370513 137212166624960 take 328 0 0 0 0 0
2011898788371123 137212166624960 subm_beg 1 0 0 0 0 0
2011898788372373 137212166624960 submit 328 0 0 0 0 0
2011898788372553 137212166624960 subm_end 1 0 0 0 0 0
2011898788372623 137212166624960 pump_beg 1 0 0 0 0 0
2011898788664322 137212166624960 feedend 327 0 0 0 0 0
2011898788827416 137212166624960 feedend 327 1 0 0 0 0
2011898788342174 137212174624640 msgin 328 12533760 0 0 0 0
2011898788343734 137212174624640 enq 328 1 0 0 0 0
2011898795779542 137212166624960 outfirst 327 1 65536 0 0 0
2011898796868283 137212166624960 outfirst 327 0 65536 0 0 0
2011898796938010 137212166624960 pump_end 1 2 0 0 0 0
2011898796938290 137212166624960 join_beg 1 0 0 0 0 0
2011898796938780 137212166624960 join_end 0 0 0 0 0 0
2011898796939080 137212166624960 book_beg 1 0 0 0 0 0
2011898796939470 137212166624960 batch 328 1 1 2 2 0
2011898796939660 137212166624960 book_end 1 0 0 0 0 0
2011898796945840 137212166624960 coll_beg 0 0 0 0 0 0
2011898797190311 137212166624960 coll_end 0 0 0 0 0 0
2011898797190351 137212166624960 rel_beg 1 0 0 0 0 0
2011898797190561 137212166624960 absorb 328 0 0 0 0 0
2011898797193751 137212166624960 rel_end 1 0 0 0 0 0
2011898797195551 137212166624960 wait_beg 0 0 0 0 0 0
2011898797249999 137212174624640 send 18 0 0 327 325 1
2011898797725861 137212174624640 send 409518 0 0 327 325 1
2011898798189914 137212174624640 send 348976 0 0 327 325 1
2011898798192534 137212174624640 send 14 0 0 327 325 1
2011898798193104 137212174624640 egress 328 1 0 325 0 0
2011898797214170 137212158232256 emit_beg 328 0 0 0 0 0
2011898797220350 137212158232256 dmg 0 1 0 0 1920 1080
2011898797220550 137212158232256 enc 327 327 1 -1 -1 0
2011898797272448 137212158232256 emit_end 328 0 0 0 0 0
2011898820962633 137212166624960 wait_end 0 0 0 0 0 0
2011898820965702 137212166624960 drain_beg 0 0 0 0 0 0
2011898820966142 137212166624960 drain_end 1 0 0 0 0 0
2011898820966322 137212166624960 take 329 0 0 0 0 0
2011898820966802 137212166624960 subm_beg 1 0 0 0 0 0
2011898820968132 137212166624960 submit 329 0 0 0 0 0
2011898820968322 137212166624960 subm_end 1 0 0 0 0 0
2011898820968372 137212166624960 pump_beg 1 0 0 0 0 0
2011898821260012 137212166624960 feedend 328 0 0 0 0 0
2011898821458845 137212166624960 feedend 328 1 0 0 0 0
2011898817583386 137212174624640 cliack 326 0 327 328 0 0
2011898817583586 137212174624640 ackregion 327 328 328 326 1 0
2011898820941373 137212174624640 msgin 329 12533760 0 0 0 0
2011898820941783 137212174624640 enq 329 1 0 0 0 0
2011898827883420 137212166624960 outfirst 328 1 65536 0 0 0
2011898829329757 137212166624960 outfirst 328 0 65536 0 0 0
2011898829414114 137212166624960 pump_end 1 2 0 0 0 0
2011898829414594 137212166624960 join_beg 1 0 0 0 0 0
2011898829415644 137212166624960 join_end 0 0 0 0 0 0
2011898829415824 137212166624960 book_beg 1 0 0 0 0 0
2011898829416644 137212166624960 batch 329 1 1 2 2 0
2011898829416814 137212166624960 book_end 1 0 0 0 0 0
2011898829417004 137212166624960 coll_beg 0 0 0 0 0 0
2011898829724173 137212166624960 coll_end 0 0 0 0 0 0
2011898829724463 137212166624960 rel_beg 1 0 0 0 0 0
2011898829725123 137212166624960 absorb 329 0 0 0 0 0
2011898829728902 137212166624960 rel_end 1 0 0 0 0 0
2011898829731282 137212166624960 wait_beg 0 0 0 0 0 0
2011898829798190 137212174624640 send 18 0 0 328 326 1
2011898830266473 137212174624640 send 393966 0 0 328 326 1
2011898830605130 137212174624640 send 299458 0 0 328 326 1
2011898830607000 137212174624640 send 14 0 0 328 326 1
2011898830607300 137212174624640 egress 329 1 0 326 0 0
2011898829749412 137212158232256 emit_beg 329 0 0 0 0 0
2011898829755001 137212158232256 dmg 0 1 0 0 1920 1080
2011898829755231 137212158232256 enc 328 328 1 -1 -1 0
2011898829810769 137212158232256 emit_end 329 0 0 0 0 0
2011898853072850 137212174624640 cliack 327 0 328 329 0 0
2011898853073230 137212174624640 ackregion 328 329 329 327 1 0
2011898853929589 137212166624960 wait_end 0 0 0 0 0 0
2011898853933319 137212166624960 drain_beg 0 0 0 0 0 0
2011898853933669 137212166624960 drain_end 1 0 0 0 0 0
2011898853933919 137212166624960 take 330 0 0 0 0 0
2011898853934429 137212166624960 subm_beg 1 0 0 0 0 0
2011898853935408 137212166624960 submit 330 0 0 0 0 0
2011898853935548 137212166624960 subm_end 1 0 0 0 0 0
2011898853935568 137212166624960 pump_beg 1 0 0 0 0 0
2011898854246097 137212166624960 feedend 329 0 0 0 0 0
2011898854361063 137212166624960 feedend 329 1 0 0 0 0
2011898861519281 137212166624960 outfirst 329 1 65536 0 0 0
2011898862741297 137212166624960 outfirst 329 0 65536 0 0 0
2011898862863032 137212166624960 pump_end 1 2 0 0 0 0
2011898862863382 137212166624960 join_beg 1 0 0 0 0 0
2011898862864242 137212166624960 join_end 0 0 0 0 0 0
2011898862864462 137212166624960 book_beg 1 0 0 0 0 0
2011898862865542 137212166624960 batch 330 1 1 2 2 0
2011898862865702 137212166624960 book_end 1 0 0 0 0 0
2011898862865862 137212166624960 coll_beg 0 0 0 0 0 0
2011898863136812 137212166624960 coll_end 0 0 0 0 0 0
2011898863136862 137212166624960 rel_beg 1 0 0 0 0 0
2011898863137432 137212166624960 absorb 330 0 0 0 0 0
2011898863143212 137212166624960 rel_end 1 0 0 0 0 0
2011898863145042 137212166624960 wait_beg 0 0 0 0 0 0
2011898853914499 137212174624640 msgin 330 12533760 0 0 0 0
2011898853915129 137212174624640 enq 330 1 0 0 0 0
2011898863216459 137212174624640 send 18 0 0 329 327 1
2011898863685212 137212174624640 send 439575 0 0 329 327 1
2011898863154782 137212158232256 emit_beg 330 0 0 0 0 0
2011898863158461 137212158232256 dmg 0 1 0 0 1920 1080
2011898863158651 137212158232256 enc 329 329 1 -1 -1 0
2011898863221639 137212158232256 emit_end 330 0 0 0 0 0
2011898864121946 137212174624640 send 369287 0 0 329 327 1
2011898864124336 137212174624640 send 14 0 0 329 327 1
2011898864124846 137212174624640 egress 330 1 0 327 0 0
2011898890609409 137212166624960 wait_end 0 0 0 0 0 0
2011898890611869 137212166624960 drain_beg 0 0 0 0 0 0
2011898890612169 137212166624960 drain_end 1 0 0 0 0 0
2011898890612419 137212166624960 take 331 0 0 0 0 0
2011898890613029 137212166624960 subm_beg 1 0 0 0 0 0
2011898890614369 137212166624960 submit 331 0 0 0 0 0
2011898890614509 137212166624960 subm_end 1 0 0 0 0 0
2011898890614559 137212166624960 pump_beg 1 0 0 0 0 0
2011898890924787 137212166624960 feedend 330 0 0 0 0 0
2011898891139600 137212166624960 feedend 330 1 0 0 0 0
2011898885896961 137212174624640 cliack 328 0 329 330 0 0
2011898885897911 137212174624640 ackregion 329 330 330 328 1 0
2011898890597209 137212174624640 msgin 331 12533760 0 0 0 0
2011898890598389 137212174624640 enq 331 1 0 0 0 0
2011898897996549 137212166624960 outfirst 330 1 65536 0 0 0
2011898899149777 137212166624960 outfirst 330 0 65536 0 0 0
2011898899224274 137212166624960 pump_end 1 2 0 0 0 0
2011898899224754 137212166624960 join_beg 1 0 0 0 0 0
2011898899225604 137212166624960 join_end 0 0 0 0 0 0
2011898899225954 137212166624960 book_beg 1 0 0 0 0 0
2011898899226234 137212166624960 batch 331 1 1 2 2 0
2011898899226404 137212166624960 book_end 1 0 0 0 0 0
2011898899226574 137212166624960 coll_beg 0 0 0 0 0 0
2011898899462186 137212166624960 coll_end 0 0 0 0 0 0
2011898899462456 137212166624960 rel_beg 1 0 0 0 0 0
2011898899462866 137212166624960 absorb 331 0 0 0 0 0
2011898899466436 137212166624960 rel_end 1 0 0 0 0 0
2011898899468185 137212166624960 wait_beg 0 0 0 0 0 0
2011898899573222 137212174624640 send 18 0 0 330 328 1
2011898900037535 137212174624640 send 396142 0 0 330 328 1
2011898900407591 137212174624640 send 328670 0 0 330 328 1
2011898900409591 137212174624640 send 14 0 0 330 328 1
2011898900410321 137212174624640 egress 331 1 0 328 0 0
2011898899486755 137212158232256 emit_beg 331 0 0 0 0 0
2011898899493425 137212158232256 dmg 0 1 0 0 1920 1080
2011898899493675 137212158232256 enc 330 330 1 -1 -1 0
2011898899546223 137212158232256 emit_end 331 0 0 0 0 0
2011898918043707 137212166624960 wait_end 0 0 0 0 0 0
2011898918047797 137212166624960 drain_beg 0 0 0 0 0 0
2011898918048257 137212166624960 drain_end 1 0 0 0 0 0
2011898918048497 137212166624960 take 332 0 0 0 0 0
2011898918048847 137212166624960 subm_beg 1 0 0 0 0 0
2011898918049887 137212166624960 submit 332 0 0 0 0 0
2011898918050067 137212166624960 subm_end 1 0 0 0 0 0
2011898918050107 137212166624960 pump_beg 1 0 0 0 0 0
2011898918372225 137212166624960 feedend 331 0 0 0 0 0
2011898918573288 137212166624960 feedend 331 1 0 0 0 0
2011898915717992 137212174624640 cliack 329 0 330 331 0 0
2011898915718142 137212174624640 ackregion 330 331 331 329 1 0
2011898918020968 137212174624640 msgin 332 12533760 0 0 0 0
2011898918021438 137212174624640 enq 332 1 0 0 0 0
2011898926638233 137212166624960 outfirst 331 1 65536 0 0 0
2011898927576579 137212166624960 outfirst 331 0 65536 0 0 0
2011898927706294 137212166624960 pump_end 1 2 0 0 0 0
2011898927706524 137212166624960 join_beg 1 0 0 0 0 0
2011898927706854 137212166624960 join_end 0 0 0 0 0 0
2011898927707134 137212166624960 book_beg 1 0 0 0 0 0
2011898927707624 137212166624960 batch 332 1 1 2 2 0
2011898927707784 137212166624960 book_end 1 0 0 0 0 0
2011898927707954 137212166624960 coll_beg 0 0 0 0 0 0
2011898928148088 137212166624960 coll_end 0 0 0 0 0 0
2011898928148328 137212166624960 rel_beg 1 0 0 0 0 0
2011898928148848 137212166624960 absorb 332 0 0 0 0 0
2011898928152658 137212166624960 rel_end 1 0 0 0 0 0
2011898928154968 137212166624960 wait_beg 0 0 0 0 0 0
2011898928238255 137212174624640 send 18 0 0 331 329 1
2011898928931729 137212174624640 send 526604 0 0 331 329 1
2011898929281367 137212174624640 send 464127 0 0 331 329 1
2011898929283046 137212174624640 send 14 0 0 331 329 1
2011898929283376 137212174624640 egress 332 1 0 329 0 0
2011898928173817 137212158232256 emit_beg 332 0 0 0 0 0
2011898928177747 137212158232256 dmg 0 1 0 0 1920 1080
2011898928177937 137212158232256 enc 331 331 1 -1 -1 0
2011898928256974 137212158232256 emit_end 332 0 0 0 0 0
2011898950678525 137212174624640 cliack 330 0 331 332 0 0
2011898950678925 137212174624640 ackregion 331 332 332 330 1 0
2011898955425082 137212166624960 wait_end 0 0 0 0 0 0
2011898955428372 137212166624960 drain_beg 0 0 0 0 0 0
2011898955428882 137212166624960 drain_end 1 0 0 0 0 0
2011898955429062 137212166624960 take 333 0 0 0 0 0
2011898955429722 137212166624960 subm_beg 1 0 0 0 0 0
2011898955430942 137212166624960 submit 333 0 0 0 0 0
2011898955431212 137212166624960 subm_end 1 0 0 0 0 0
2011898955431292 137212166624960 pump_beg 1 0 0 0 0 0
2011898955712991 137212166624960 feedend 332 0 0 0 0 0
2011898955929353 137212166624960 feedend 332 1 0 0 0 0
2011898962757794 137212166624960 outfirst 332 1 65536 0 0 0
2011898963471778 137212166624960 outfirst 332 0 65536 0 0 0
2011898963520436 137212166624960 pump_end 1 2 0 0 0 0
2011898963520476 137212166624960 join_beg 1 0 0 0 0 0
2011898963520756 137212166624960 join_end 0 0 0 0 0 0
2011898963521236 137212166624960 book_beg 1 0 0 0 0 0
2011898963521506 137212166624960 batch 333 1 1 2 2 0
2011898963521536 137212166624960 book_end 1 0 0 0 0 0
2011898963521566 137212166624960 coll_beg 0 0 0 0 0 0
2011898963722659 137212166624960 coll_end 0 0 0 0 0 0
2011898963722699 137212166624960 rel_beg 1 0 0 0 0 0
2011898963723049 137212166624960 absorb 333 0 0 0 0 0
2011898963725789 137212166624960 rel_end 1 0 0 0 0 0
2011898963727769 137212166624960 wait_beg 0 0 0 0 0 0
2011898955399613 137212174624640 msgin 333 12533760 0 0 0 0
2011898955401233 137212174624640 enq 333 1 0 0 0 0
2011898963817195 137212174624640 send 18 0 0 332 330 1
2011898964161143 137212174624640 send 375042 0 0 332 330 1
2011898964419483 137212174624640 send 325450 0 0 332 330 1
2011898964420673 137212174624640 send 14 0 0 332 330 1
2011898964421353 137212174624640 egress 333 1 0 330 0 0
2011898963737008 137212158232256 emit_beg 333 0 0 0 0 0
2011898963748388 137212158232256 dmg 0 1 0 0 1920 1080
2011898963748698 137212158232256 enc 332 332 1 -1 -1 0
2011898963816355 137212158232256 emit_end 333 0 0 0 0 0
2011898982945957 137212166624960 wait_end 0 0 0 0 0 0
2011898982948876 137212166624960 drain_beg 0 0 0 0 0 0
2011898982949256 137212166624960 drain_end 1 0 0 0 0 0
2011898982949526 137212166624960 take 334 0 0 0 0 0
2011898982950016 137212166624960 subm_beg 1 0 0 0 0 0
2011898982951486 137212166624960 submit 334 0 0 0 0 0
2011898982951636 137212166624960 subm_end 1 0 0 0 0 0
2011898982951686 137212166624960 pump_beg 1 0 0 0 0 0
2011898983258435 137212166624960 feedend 333 0 0 0 0 0
2011898983450238 137212166624960 feedend 333 1 0 0 0 0
2011898982098867 137212174624640 cliack 331 0 332 333 0 0
2011898982099337 137212174624640 ackregion 332 333 333 331 1 0
2011898982932407 137212174624640 msgin 334 12533760 0 0 0 0
2011898982933147 137212174624640 enq 334 1 0 0 0 0
2011898990503941 137212166624960 outfirst 333 1 65536 0 0 0
2011898991141057 137212166624960 outfirst 333 0 65536 0 0 0
2011898991223734 137212166624960 pump_end 1 2 0 0 0 0
2011898991224194 137212166624960 join_beg 1 0 0 0 0 0
2011898991224404 137212166624960 join_end 0 0 0 0 0 0
2011898991224944 137212166624960 book_beg 1 0 0 0 0 0
2011898991225604 137212166624960 batch 334 1 1 2 2 0
2011898991225784 137212166624960 book_end 1 0 0 0 0 0
2011898991225984 137212166624960 coll_beg 0 0 0 0 0 0
2011898991515114 137212166624960 coll_end 0 0 0 0 0 0
2011898991515304 137212166624960 rel_beg 1 0 0 0 0 0
2011898991515774 137212166624960 absorb 334 0 0 0 0 0
2011898991519983 137212166624960 rel_end 1 0 0 0 0 0
2011898991522223 137212166624960 wait_beg 0 0 0 0 0 0
2011898991591231 137212174624640 send 18 0 0 333 331 1
2011898992021985 137212174624640 send 384134 0 0 333 331 1
2011898992322184 137212174624640 send 332633 0 0 333 331 1
2011898992329894 137212174624640 send 14 0 0 333 331 1
2011898992330234 137212174624640 egress 334 1 0 331 0 0
2011898991533993 137212158232256 emit_beg 334 0 0 0 0 0
2011898991542553 137212158232256 dmg 0 1 0 0 1920 1080
2011898991543003 137212158232256 enc 333 333 1 -1 -1 0
2011898991604340 137212158232256 emit_end 334 0 0 0 0 0
2011899024798568 137212174624640 cliack 332 0 333 334 0 0
2011899024798738 137212174624640 ackregion 333 334 334 332 1 0
2011899026988388 137212166624960 wait_end 0 0 0 0 0 0
2011899026991268 137212166624960 drain_beg 0 0 0 0 0 0
2011899026991538 137212166624960 drain_end 1 0 0 0 0 0
2011899026991678 137212166624960 take 335 0 0 0 0 0
2011899026991838 137212166624960 subm_beg 1 0 0 0 0 0
2011899026992498 137212166624960 submit 335 0 0 0 0 0
2011899026992718 137212166624960 subm_end 1 0 0 0 0 0
2011899026992758 137212166624960 pump_beg 1 0 0 0 0 0
2011899027271708 137212166624960 feedend 334 0 0 0 0 0
2011899027431072 137212166624960 feedend 334 1 0 0 0 0
2011899034514073 137212166624960 outfirst 334 1 65536 0 0 0
2011899026973509 137212174624640 msgin 335 12533760 0 0 0 0
2011899026973849 137212174624640 enq 335 1 0 0 0 0
2011899035458149 137212166624960 outfirst 334 0 65536 0 0 0
2011899035543146 137212166624960 pump_end 1 2 0 0 0 0
2011899035543416 137212166624960 join_beg 1 0 0 0 0 0
2011899035543636 137212166624960 join_end 0 0 0 0 0 0
2011899035544036 137212166624960 book_beg 1 0 0 0 0 0
2011899035544546 137212166624960 batch 335 1 1 2 2 0
2011899035544746 137212166624960 book_end 1 0 0 0 0 0
2011899035544946 137212166624960 coll_beg 0 0 0 0 0 0
2011899035860504 137212166624960 coll_end 0 0 0 0 0 0
2011899035860774 137212166624960 rel_beg 1 0 0 0 0 0
2011899035869174 137212166624960 absorb 335 0 0 0 0 0
2011899035873254 137212166624960 rel_end 1 0 0 0 0 0
2011899035875363 137212166624960 wait_beg 0 0 0 0 0 0
2011899035929191 137212174624640 send 18 0 0 334 332 1
2011899036423023 137212174624640 send 407899 0 0 334 332 1
2011899036786390 137212174624640 send 343326 0 0 334 332 1
2011899036788170 137212174624640 send 14 0 0 334 332 1
2011899036788510 137212174624640 egress 335 1 0 332 0 0
2011899035891373 137212158232256 emit_beg 335 0 0 0 0 0
2011899035900193 137212158232256 dmg 0 1 0 0 1920 1080
2011899035900503 137212158232256 enc 334 334 1 -1 -1 0
2011899035970380 137212158232256 emit_end 335 0 0 0 0 0
2011899055886153 137212166624960 wait_end 0 0 0 0 0 0
2011899055888593 137212166624960 drain_beg 0 0 0 0 0 0
2011899055888923 137212166624960 drain_end 1 0 0 0 0 0
2011899055889093 137212166624960 take 336 0 0 0 0 0
2011899055889433 137212166624960 subm_beg 1 0 0 0 0 0
2011899055889952 137212166624960 submit 336 0 0 0 0 0
2011899055890182 137212166624960 subm_end 1 0 0 0 0 0
2011899055890212 137212166624960 pump_beg 1 0 0 0 0 0
2011899056171672 137212166624960 feedend 335 0 0 0 0 0
2011899056310957 137212166624960 feedend 335 1 0 0 0 0
2011899063576692 137212166624960 outfirst 335 1 65536 0 0 0
2011899064857465 137212166624960 outfirst 335 0 65536 0 0 0
2011899065041108 137212166624960 pump_end 1 2 0 0 0 0
2011899065041368 137212166624960 join_beg 1 0 0 0 0 0
2011899065041548 137212166624960 join_end 0 0 0 0 0 0
2011899065041918 137212166624960 book_beg 1 0 0 0 0 0
2011899065042158 137212166624960 batch 336 1 1 2 2 0
2011899065042228 137212166624960 book_end 1 0 0 0 0 0
2011899065042438 137212166624960 coll_beg 0 0 0 0 0 0
2011899055130860 137212174624640 cliack 333 0 334 335 0 0
2011899055130960 137212174624640 ackregion 334 335 335 333 1 0
2011899055871153 137212174624640 msgin 336 12533760 0 0 0 0
2011899055871563 137212174624640 enq 336 1 0 0 0 0
2011899065400395 137212166624960 coll_end 0 0 0 0 0 0
2011899065400785 137212166624960 rel_beg 1 0 0 0 0 0
2011899065401275 137212166624960 absorb 336 0 0 0 0 0
2011899065405395 137212166624960 rel_end 1 0 0 0 0 0
2011899065407135 137212166624960 wait_beg 0 0 0 0 0 0
2011899065458093 137212174624640 send 18 0 0 335 333 1
2011899065856489 137212174624640 send 489781 0 0 335 333 1
2011899066207846 137212174624640 send 390973 0 0 335 333 1
2011899066209406 137212174624640 send 14 0 0 335 333 1
2011899066209686 137212174624640 egress 336 1 0 333 0 0
2011899065414095 137212158232256 emit_beg 336 0 0 0 0 0
2011899065419244 137212158232256 dmg 0 1 0 0 1920 1080
2011899065419414 137212158232256 enc 335 335 1 -1 -1 0
2011899065483762 137212158232256 emit_end 336 0 0 0 0 0
2011899090589315 137212166624960 wait_end 0 0 0 0 0 0
2011899090593125 137212166624960 drain_beg 0 0 0 0 0 0
2011899090593495 137212166624960 drain_end 1 0 0 0 0 0
2011899090593655 137212166624960 take 337 0 0 0 0 0
2011899090594125 137212166624960 subm_beg 1 0 0 0 0 0
2011899090595195 137212166624960 submit 337 0 0 0 0 0
2011899090595345 137212166624960 subm_end 1 0 0 0 0 0
2011899090595375 137212166624960 pump_beg 1 0 0 0 0 0
2011899090894134 137212166624960 feedend 336 0 0 0 0 0
2011899091071018 137212166624960 feedend 336 1 0 0 0 0
2011899086040261 137212174624640 cliack 334 0 335 336 0 0
2011899086040681 137212174624640 ackregion 335 336 336 334 1 0
2011899090571986 137212174624640 msgin 337 12533760 0 0 0 0
2011899090573216 137212174624640 enq 337 1 0 0 0 0
2011899098098171 137212166624960 outfirst 336 1 65536 0 0 0
2011899098981919 137212166624960 outfirst 336 0 65536 0 0 0
2011899099069325 137212166624960 pump_end 1 2 0 0 0 0
2011899099069555 137212166624960 join_beg 1 0 0 0 0 0
2011899099069875 137212166624960 join_end 0 0 0 0 0 0
2011899099070415 137212166624960 book_beg 1 0 0 0 0 0
2011899099071285 137212166624960 batch 337 1 1 2 2 0
2011899099071435 137212166624960 book_end 1 0 0 0 0 0
2011899099071585 137212166624960 coll_beg 0 0 0 0 0 0
2011899099376024 137212166624960 coll_end 0 0 0 0 0 0
2011899099376174 137212166624960 rel_beg 1 0 0 0 0 0
2011899099376734 137212166624960 absorb 337 0 0 0 0 0
2011899099380764 137212166624960 rel_end 1 0 0 0 0 0
2011899099382954 137212166624960 wait_beg 0 0 0 0 0 0
2011899099466251 137212174624640 send 18 0 0 336 334 1
2011899099774260 137212174624640 send 402678 0 0 336 334 1
2011899100023291 137212174624640 send 340861 0 0 336 334 1
2011899100024551 137212174624640 send 14 0 0 336 334 1
2011899100025351 137212174624640 egress 337 1 0 334 0 0
2011899099390144 137212158232256 emit_beg 337 0 0 0 0 0
2011899099399983 137212158232256 dmg 0 1 0 0 1920 1080
2011899099400233 137212158232256 enc 336 336 1 -1 -1 0
2011899099465441 137212158232256 emit_end 337 0 0 0 0 0
2011899123091798 137212166624960 wait_end 0 0 0 0 0 0
2011899123095438 137212166624960 drain_beg 0 0 0 0 0 0
2011899123095778 137212166624960 drain_end 1 0 0 0 0 0
2011899123095908 137212166624960 take 338 0 0 0 0 0
2011899123096268 137212166624960 subm_beg 1 0 0 0 0 0
2011899123097478 137212166624960 submit 338 0 0 0 0 0
2011899123097638 137212166624960 subm_end 1 0 0 0 0 0
2011899123097678 137212166624960 pump_beg 1 0 0 0 0 0
2011899123365788 137212166624960 feedend 337 0 0 0 0 0
2011899123553501 137212166624960 feedend 337 1 0 0 0 0
2011899118535905 137212174624640 cliack 335 0 336 337 0 0
2011899118536365 137212174624640 ackregion 336 337 337 335 1 0
2011899123078529 137212174624640 msgin 338 12533760 0 0 0 0
2011899123080159 137212174624640 enq 338 1 0 0 0 0
2011899130834285 137212166624960 outfirst 337 1 65536 0 0 0
2011899131986873 137212166624960 outfirst 337 0 65536 0 0 0
2011899132071820 137212166624960 pump_end 1 2 0 0 0 0
2011899132072240 137212166624960 join_beg 1 0 0 0 0 0
2011899132072440 137212166624960 join_end 0 0 0 0 0 0
2011899132072720 137212166624960 book_beg 1 0 0 0 0 0
2011899132073350 137212166624960 batch 338 1 1 2 2 0
2011899132073510 137212166624960 book_end 1 0 0 0 0 0
2011899132073660 137212166624960 coll_beg 0 0 0 0 0 0
2011899132426937 137212166624960 coll_end 0 0 0 0 0 0
2011899132427097 137212166624960 rel_beg 1 0 0 0 0 0
2011899132427437 137212166624960 absorb 338 0 0 0 0 0
2011899132431167 137212166624960 rel_end 1 0 0 0 0 0
2011899132433217 137212166624960 wait_beg 0 0 0 0 0 0
2011899132531043 137212174624640 send 18 0 0 337 335 1
2011899133139641 137212174624640 send 450377 0 0 337 335 1
2011899133604514 137212174624640 send 382036 0 0 337 335 1
2011899133606954 137212174624640 send 14 0 0 337 335 1
2011899133607494 137212174624640 egress 338 1 0 335 0 0
2011899132452086 137212158232256 emit_beg 338 0 0 0 0 0
2011899132456376 137212158232256 dmg 0 1 0 0 1920 1080
2011899132456806 137212158232256 enc 337 337 1 -1 -1 0
2011899132521344 137212158232256 emit_end 338 0 0 0 0 0
2011899161486836 137212166624960 wait_end 0 0 0 0 0 0
2011899161489916 137212166624960 drain_beg 0 0 0 0 0 0
2011899161490366 137212166624960 drain_end 1 0 0 0 0 0
2011899161490606 137212166624960 take 339 0 0 0 0 0
2011899161491146 137212166624960 subm_beg 1 0 0 0 0 0
2011899161492476 137212166624960 submit 339 0 0 0 0 0
2011899161492626 137212166624960 subm_end 1 0 0 0 0 0
2011899161492666 137212166624960 pump_beg 1 0 0 0 0 0
2011899161783195 137212166624960 feedend 338 0 0 0 0 0
2011899161956449 137212166624960 feedend 338 1 0 0 0 0
2011899156946002 137212174624640 cliack 336 0 337 338 0 0
2011899156946412 137212174624640 ackregion 337 338 338 336 1 0
2011899161468027 137212174624640 msgin 339 12533760 0 0 0 0
2011899161468757 137212174624640 enq 339 1 0 0 0 0
2011899168691273 137212166624960 outfirst 338 1 65536 0 0 0
2011899169856430 137212166624960 outfirst 338 0 65536 0 0 0
2011899169937407 137212166624960 pump_end 1 2 0 0 0 0
2011899169937807 137212166624960 join_beg 1 0 0 0 0 0
2011899169938257 137212166624960 join_end 0 0 0 0 0 0
2011899169938427 137212166624960 book_beg 1 0 0 0 0 0
2011899169939277 137212166624960 batch 339 1 1 2 2 0
2011899169939437 137212166624960 book_end 1 0 0 0 0 0
2011899169939607 137212166624960 coll_beg 0 0 0 0 0 0
2011899170211917 137212166624960 coll_end 0 0 0 0 0 0
2011899170212177 137212166624960 rel_beg 1 0 0 0 0 0
2011899170213017 137212166624960 absorb 339 0 0 0 0 0
2011899170216637 137212166624960 rel_end 1 0 0 0 0 0
2011899170218447 137212166624960 wait_beg 0 0 0 0 0 0
2011899170291554 137212174624640 send 18 0 0 338 336 1
2011899170794736 137212174624640 send 400807 0 0 338 336 1
2011899171071586 137212174624640 send 340717 0 0 338 336 1
2011899171073916 137212174624640 send 14 0 0 338 336 1
2011899171074386 137212174624640 egress 339 1 0 336 0 0
2011899170228407 137212158232256 emit_beg 339 0 0 0 0 0
2011899170231567 137212158232256 dmg 0 1 0 0 1920 1080
2011899170231747 137212158232256 enc 338 338 1 -1 -1 0
2011899170284835 137212158232256 emit_end 339 0 0 0 0 0
2011899193329213 137212166624960 wait_end 0 0 0 0 0 0
2011899193333073 137212166624960 drain_beg 0 0 0 0 0 0
2011899193333743 137212166624960 drain_end 1 0 0 0 0 0
2011899193334133 137212166624960 take 340 0 0 0 0 0
2011899193334843 137212166624960 subm_beg 1 0 0 0 0 0
2011899193336083 137212166624960 submit 340 0 0 0 0 0
2011899193336283 137212166624960 subm_end 1 0 0 0 0 0
2011899193336363 137212166624960 pump_beg 1 0 0 0 0 0
2011899193645621 137212166624960 feedend 339 0 0 0 0 0
2011899193849014 137212166624960 feedend 339 1 0 0 0 0
2011899188853616 137212174624640 cliack 337 0 338 339 0 0
2011899188854826 137212174624640 ackregion 338 339 339 337 1 0
2011899193302684 137212174624640 msgin 340 12533760 0 0 0 0
2011899193303904 137212174624640 enq 340 1 0 0 0 0
2011899200842049 137212166624960 outfirst 339 1 65536 0 0 0
2011899201948928 137212166624960 outfirst 339 0 65536 0 0 0
2011899202024015 137212166624960 pump_end 1 2 0 0 0 0
2011899202024635 137212166624960 join_beg 1 0 0 0 0 0
2011899202025325 137212166624960 join_end 0 0 0 0 0 0
2011899202025625 137212166624960 book_beg 1 0 0 0 0 0
2011899202026455 137212166624960 batch 340 1 1 2 2 0
2011899202026635 137212166624960 book_end 1 0 0 0 0 0
2011899202026795 137212166624960 coll_beg 0 0 0 0 0 0
2011899202418201 137212166624960 coll_end 0 0 0 0 0 0
2011899202418591 137212166624960 rel_beg 1 0 0 0 0 0
2011899202419341 137212166624960 absorb 340 0 0 0 0 0
2011899202426191 137212166624960 rel_end 1 0 0 0 0 0
2011899202428691 137212166624960 wait_beg 0 0 0 0 0 0
2011899202490378 137212174624640 send 18 0 0 339 337 1
2011899202815046 137212174624640 send 409732 0 0 339 337 1
2011899203091336 137212174624640 send 354222 0 0 339 337 1
2011899203093126 137212174624640 send 14 0 0 339 337 1
2011899203093456 137212174624640 egress 340 1 0 337 0 0
2011899202434630 137212158232256 emit_beg 340 0 0 0 0 0
2011899202437210 137212158232256 dmg 0 1 0 0 1920 1080
2011899202437370 137212158232256 enc 339 339 1 -1 -1 0
2011899202484299 137212158232256 emit_end 340 0 0 0 0 0
2011899225994080 137212166624960 wait_end 0 0 0 0 0 0
2011899226005270 137212166624960 drain_beg 0 0 0 0 0 0
2011899226005829 137212166624960 drain_end 1 0 0 0 0 0
2011899226005949 137212166624960 take 341 0 0 0 0 0
2011899226006479 137212166624960 subm_beg 1 0 0 0 0 0
2011899226008479 137212166624960 submit 341 0 0 0 0 0
2011899226008629 137212166624960 subm_end 1 0 0 0 0 0
2011899226008689 137212166624960 pump_beg 1 0 0 0 0 0
2011899224840162 137212174624640 cliack 338 0 339 340 0 0
2011899224840902 137212174624640 ackregion 339 340 340 338 1 0
2011899225972871 137212174624640 msgin 341 12533760 0 0 0 0
2011899225973721 137212174624640 enq 341 1 0 0 0 0
2011899226316808 137212166624960 feedend 340 0 0 0 0 0
2011899226504771 137212166624960 feedend 340 1 0 0 0 0
2011899233979898 137212166624960 outfirst 340 1 65536 0 0 0
2011899235310880 137212166624960 outfirst 340 0 65536 0 0 0
2011899235388327 137212166624960 pump_end 1 2 0 0 0 0
2011899235388727 137212166624960 join_beg 1 0 0 0 0 0
2011899235389577 137212166624960 join_end 0 0 0 0 0 0
2011899235389847 137212166624960 book_beg 1 0 0 0 0 0
2011899235390387 137212166624960 batch 341 1 1 2 2 0
2011899235390537 137212166624960 book_end 1 0 0 0 0 0
2011899235390697 137212166624960 coll_beg 0 0 0 0 0 0
2011899235847000 137212166624960 coll_end 0 0 0 0 0 0
2011899235847160 137212166624960 rel_beg 1 0 0 0 0 0
2011899235847570 137212166624960 absorb 341 0 0 0 0 0
2011899235851000 137212166624960 rel_end 1 0 0 0 0 0
2011899235853500 137212166624960 wait_beg 0 0 0 0 0 0
2011899235947116 137212174624640 send 18 0 0 340 338 1
2011899235871549 137212158232256 emit_beg 341 0 0 0 0 0
2011899235877349 137212158232256 dmg 0 1 0 0 1920 1080
2011899235877559 137212158232256 enc 340 340 1 -1 -1 0
2011899235941667 137212158232256 emit_end 341 0 0 0 0 0
2011899236549744 137212174624640 send 488945 0 0 340 338 1
2011899236969079 137212174624640 send 409330 0 0 340 338 1
2011899236970399 137212174624640 send 14 0 0 340 338 1
2011899236971029 137212174624640 egress 341 1 0 338 0 0
2011899259833244 137212166624960 wait_end 0 0 0 0 0 0
2011899259837184 137212166624960 drain_beg 0 0 0 0 0 0
2011899259837734 137212166624960 drain_end 1 0 0 0 0 0
2011899259837934 137212166624960 take 342 0 0 0 0 0
2011899259838304 137212166624960 subm_beg 1 0 0 0 0 0
2011899259839684 137212166624960 submit 342 0 0 0 0 0
2011899259839944 137212166624960 subm_end 1 0 0 0 0 0
2011899259840004 137212166624960 pump_beg 1 0 0 0 0 0
2011899260205940 137212166624960 feedend 341 0 0 0 0 0
2011899260401333 137212166624960 feedend 341 1 0 0 0 0
2011899256894941 137212174624640 cliack 339 0 340 341 0 0
2011899256895231 137212174624640 ackregion 340 341 341 339 1 0
2011899259808005 137212174624640 msgin 342 12533760 0 0 0 0
2011899259808415 137212174624640 enq 342 1 0 0 0 0
2011899267440936 137212166624960 outfirst 341 1 65536 0 0 0
2011899268247457 137212166624960 outfirst 341 0 65536 0 0 0
2011899268307715 137212166624960 pump_end 1 2 0 0 0 0
2011899268307975 137212166624960 join_beg 1 0 0 0 0 0
2011899268308355 137212166624960 join_end 0 0 0 0 0 0
2011899268308435 137212166624960 book_beg 1 0 0 0 0 0
2011899268309194 137212166624960 batch 342 1 1 2 2 0
2011899268309234 137212166624960 book_end 1 0 0 0 0 0
2011899268309384 137212166624960 coll_beg 0 0 0 0 0 0
2011899268522247 137212166624960 coll_end 0 0 0 0 0 0
2011899268522297 137212166624960 rel_beg 1 0 0 0 0 0
2011899268522777 137212166624960 absorb 342 0 0 0 0 0
2011899268526147 137212166624960 rel_end 1 0 0 0 0 0
2011899268527577 137212166624960 wait_beg 0 0 0 0 0 0
2011899268582315 137212174624640 send 18 0 0 341 339 1
2011899268927382 137212174624640 send 415829 0 0 341 339 1
2011899269182513 137212174624640 send 353565 0 0 341 339 1
2011899269183943 137212174624640 send 14 0 0 341 339 1
2011899269184183 137212174624640 egress 342 1 0 339 0 0
2011899268547356 137212158232256 emit_beg 342 0 0 0 0 0
2011899268552066 137212158232256 dmg 0 1 0 0 1920 1080
2011899268552316 137212158232256 enc 341 341 1 -1 -1 0
2011899268615823 137212158232256 emit_end 342 0 0 0 0 0
2011899291599074 137212166624960 wait_end 0 0 0 0 0 0
2011899291601844 137212166624960 drain_beg 0 0 0 0 0 0
2011899291602274 137212166624960 drain_end 1 0 0 0 0 0
2011899291602504 137212166624960 take 343 0 0 0 0 0
2011899291603034 137212166624960 subm_beg 1 0 0 0 0 0
2011899291603954 137212166624960 submit 343 0 0 0 0 0
2011899291604084 137212166624960 subm_end 1 0 0 0 0 0
2011899291604134 137212166624960 pump_beg 1 0 0 0 0 0
2011899291907873 137212166624960 feedend 342 0 0 0 0 0
2011899292048327 137212166624960 feedend 342 1 0 0 0 0
2011899289732052 137212174624640 cliack 340 0 341 342 0 0
2011899289732332 137212174624640 ackregion 341 342 342 340 1 0
2011899291586854 137212174624640 msgin 343 12533760 0 0 0 0
2011899291587084 137212174624640 enq 343 1 0 0 0 0
2011899298806451 137212166624960 outfirst 342 1 65536 0 0 0
2011899300011307 137212166624960 outfirst 342 0 65536 0 0 0
2011899300090924 137212166624960 pump_end 1 2 0 0 0 0
2011899300091314 137212166624960 join_beg 1 0 0 0 0 0
2011899300091754 137212166624960 join_end 0 0 0 0 0 0
2011899300092024 137212166624960 book_beg 1 0 0 0 0 0
2011899300092624 137212166624960 batch 343 1 1 2 2 0
2011899300092784 137212166624960 book_end 1 0 0 0 0 0
2011899300092944 137212166624960 coll_beg 0 0 0 0 0 0
2011899300455110 137212166624960 coll_end 0 0 0 0 0 0
2011899300455400 137212166624960 rel_beg 1 0 0 0 0 0
2011899300456010 137212166624960 absorb 343 0 0 0 0 0
2011899300461630 137212166624960 rel_end 1 0 0 0 0 0
2011899300463610 137212166624960 wait_beg 0 0 0 0 0 0
2011899300507649 137212174624640 send 18 0 0 342 340 1
2011899300826817 137212174624640 send 413202 0 0 342 340 1
2011899301074088 137212174624640 send 337601 0 0 342 340 1
2011899301075378 137212174624640 send 14 0 0 342 340 1
2011899301075578 137212174624640 egress 343 1 0 340 0 0
2011899300482159 137212158232256 emit_beg 343 0 0 0 0 0
2011899300488629 137212158232256 dmg 0 1 0 0 1920 1080
2011899300488829 137212158232256 enc 342 342 1 -1 -1 0
2011899300543587 137212158232256 emit_end 343 0 0 0 0 0
2011899331264375 137212166624960 wait_end 0 0 0 0 0 0
2011899331269425 137212166624960 drain_beg 0 0 0 0 0 0
2011899331270245 137212166624960 drain_end 1 0 0 0 0 0
2011899331270645 137212166624960 take 344 0 0 0 0 0
2011899331271235 137212166624960 subm_beg 1 0 0 0 0 0
2011899331273105 137212166624960 submit 344 0 0 0 0 0
2011899331273255 137212166624960 subm_end 1 0 0 0 0 0
2011899331273345 137212166624960 pump_beg 1 0 0 0 0 0
2011899331666961 137212166624960 feedend 343 0 0 0 0 0
2011899331840664 137212166624960 feedend 343 1 0 0 0 0
2011899328507986 137212174624640 cliack 341 0 342 343 0 0
2011899328508326 137212174624640 ackregion 342 343 343 341 1 0
2011899331244346 137212174624640 msgin 344 12533760 0 0 0 0
2011899331245816 137212174624640 enq 344 1 0 0 0 0
2011899338461042 137212166624960 outfirst 343 1 65536 0 0 0
2011899339845522 137212166624960 outfirst 343 0 65536 0 0 0
2011899339906739 137212166624960 pump_end 1 2 0 0 0 0
2011899339907049 137212166624960 join_beg 1 0 0 0 0 0
2011899339907849 137212166624960 join_end 0 0 0 0 0 0
2011899339907999 137212166624960 book_beg 1 0 0 0 0 0
2011899339908819 137212166624960 batch 344 1 1 2 2 0
2011899339908859 137212166624960 book_end 1 0 0 0 0 0
2011899339908889 137212166624960 coll_beg 0 0 0 0 0 0
2011899340160400 137212166624960 coll_end 0 0 0 0 0 0
2011899340160460 137212166624960 rel_beg 1 0 0 0 0 0
2011899340160960 137212166624960 absorb 344 0 0 0 0 0
2011899340164810 137212166624960 rel_end 1 0 0 0 0 0
2011899340166800 137212166624960 wait_beg 0 0 0 0 0 0
2011899340216908 137212174624640 send 18 0 0 343 341 1
2011899340534727 137212174624640 send 421058 0 0 343 341 1
2011899340769228 137212174624640 send 325121 0 0 343 341 1
2011899340770438 137212174624640 send 14 0 0 343 341 1
2011899340770738 137212174624640 egress 344 1 0 341 0 0
2011899340185879 137212158232256 emit_beg 344 0 0 0 0 0
2011899340192209 137212158232256 dmg 0 1 0 0 1920 1080
2011899340192439 137212158232256 enc 343 343 1 -1 -1 0
2011899340244217 137212158232256 emit_end 344 0 0 0 0 0
2011899365916230 137212166624960 wait_end 0 0 0 0 0 0
2011899365920099 137212166624960 drain_beg 0 0 0 0 0 0
2011899365920709 137212166624960 drain_end 1 0 0 0 0 0
2011899365921009 137212166624960 take 345 0 0 0 0 0
2011899365921619 137212166624960 subm_beg 1 0 0 0 0 0
2011899365923389 137212166624960 submit 345 0 0 0 0 0
2011899365923619 137212166624960 subm_end 1 0 0 0 0 0
2011899365923669 137212166624960 pump_beg 1 0 0 0 0 0
2011899366229738 137212166624960 feedend 344 0 0 0 0 0
2011899366425011 137212166624960 feedend 344 1 0 0 0 0
2011899361749252 137212174624640 cliack 342 0 343 344 0 0
2011899361749412 137212174624640 ackregion 343 344 344 342 1 0
2011899365902300 137212174624640 msgin 345 12533760 0 0 0 0
2011899365903140 137212174624640 enq 345 1 0 0 0 0
2011899373436315 137212166624960 outfirst 344 1 65536 0 0 0
2011899373944436 137212166624960 outfirst 344 0 65536 0 0 0
2011899374005984 137212166624960 pump_end 1 2 0 0 0 0
2011899374006254 137212166624960 join_beg 1 0 0 0 0 0
2011899374006744 137212166624960 join_end 0 0 0 0 0 0
2011899374007054 137212166624960 book_beg 1 0 0 0 0 0
2011899374008044 137212166624960 batch 345 1 1 2 2 0
2011899374008194 137212166624960 book_end 1 0 0 0 0 0
2011899374008364 137212166624960 coll_beg 0 0 0 0 0 0
2011899374271235 137212166624960 coll_end 0 0 0 0 0 0
2011899374271505 137212166624960 rel_beg 1 0 0 0 0 0
2011899374271725 137212166624960 absorb 345 0 0 0 0 0
2011899374275024 137212166624960 rel_end 1 0 0 0 0 0
2011899374277054 137212166624960 wait_beg 0 0 0 0 0 0
2011899374350802 137212174624640 send 18 0 0 344 342 1
2011899374783066 137212174624640 send 372852 0 0 344 342 1
2011899375047286 137212174624640 send 336099 0 0 344 342 1
2011899375048516 137212174624640 send 14 0 0 344 342 1
2011899375048716 137212174624640 egress 345 1 0 342 0 0
2011899374295534 137212158232256 emit_beg 345 0 0 0 0 0
2011899374301883 137212158232256 dmg 0 1 0 0 1920 1080
2011899374302093 137212158232256 enc 344 344 1 -1 -1 0
2011899374359351 137212158232256 emit_end 345 0 0 0 0 0
2011899394437578 137212174624640 cliack 343 0 344 345 0 0
2011899394437978 137212174624640 ackregion 344 345 345 343 1 0
2011899398384014 137212166624960 wait_end 0 0 0 0 0 0
2011899398387424 137212166624960 drain_beg 0 0 0 0 0 0
2011899398387864 137212166624960 drain_end 1 0 0 0 0 0
2011899398388024 137212166624960 take 346 0 0 0 0 0
2011899398388754 137212166624960 subm_beg 1 0 0 0 0 0
2011899398390744 137212166624960 submit 346 0 0 0 0 0
2011899398390904 137212166624960 subm_end 1 0 0 0 0 0
2011899398390954 137212166624960 pump_beg 1 0 0 0 0 0
2011899398685153 137212166624960 feedend 345 0 0 0 0 0
2011899398846297 137212166624960 feedend 345 1 0 0 0 0
2011899405902439 137212166624960 outfirst 345 1 65536 0 0 0
2011899406797017 137212166624960 outfirst 345 0 65536 0 0 0
2011899406859554 137212166624960 pump_end 1 2 0 0 0 0
2011899406859894 137212166624960 join_beg 1 0 0 0 0 0
2011899406860454 137212166624960 join_end 0 0 0 0 0 0
2011899406860614 137212166624960 book_beg 1 0 0 0 0 0
2011899406861414 137212166624960 batch 346 1 1 2 2 0
2011899406861444 137212166624960 book_end 1 0 0 0 0 0
2011899406861484 137212166624960 coll_beg 0 0 0 0 0 0
2011899398362785 137212174624640 msgin 346 12533760 0 0 0 0
2011899398363255 137212174624640 enq 346 1 0 0 0 0
2011899407113465 137212166624960 coll_end 0 0 0 0 0 0
2011899407113685 137212166624960 rel_beg 1 0 0 0 0 0
2011899407114055 137212166624960 absorb 346 0 0 0 0 0
2011899407116735 137212166624960 rel_end 1 0 0 0 0 0
2011899407118645 137212166624960 wait_beg 0 0 0 0 0 0
2011899407208322 137212174624640 send 18 0 0 345 343 1
2011899407718893 137212174624640 send 413017 0 0 345 343 1
2011899408043931 137212174624640 send 360387 0 0 345 343 1
2011899408045451 137212174624640 send 14 0 0 345 343 1
2011899408045791 137212174624640 egress 346 1 0 343 0 0
2011899407137334 137212158232256 emit_beg 346 0 0 0 0 0
2011899407140674 137212158232256 dmg 0 1 0 0 1920 1080
2011899407140864 137212158232256 enc 345 345 1 -1 -1 0
2011899407193492 137212158232256 emit_end 346 0 0 0 0 0
2011899426575674 137212174624640 cliack 344 0 345 346 0 0
2011899426575964 137212174624640 ackregion 345 346 346 344 1 0
2011899430248630 137212166624960 wait_end 0 0 0 0 0 0
2011899430251830 137212166624960 drain_beg 0 0 0 0 0 0
2011899430252180 137212166624960 drain_end 1 0 0 0 0 0
2011899430252350 137212166624960 take 347 0 0 0 0 0
2011899430252560 137212166624960 subm_beg 1 0 0 0 0 0
2011899430253320 137212166624960 submit 347 0 0 0 0 0
2011899430253490 137212166624960 subm_end 1 0 0 0 0 0
2011899430253540 137212166624960 pump_beg 1 0 0 0 0 0
2011899430553079 137212166624960 feedend 346 0 0 0 0 0
2011899430742452 137212166624960 feedend 346 1 0 0 0 0
2011899430226521 137212174624640 msgin 347 12533760 0 0 0 0
2011899430226991 137212174624640 enq 347 1 0 0 0 0
2011899437687898 137212166624960 outfirst 346 1 65536 0 0 0
2011899438602145 137212166624960 outfirst 346 0 65536 0 0 0
2011899438661843 137212166624960 pump_end 1 2 0 0 0 0
2011899438662343 137212166624960 join_beg 1 0 0 0 0 0
2011899438662723 137212166624960 join_end 0 0 0 0 0 0
2011899438662903 137212166624960 book_beg 1 0 0 0 0 0
2011899438663523 137212166624960 batch 347 1 1 2 2 0
2011899438663703 137212166624960 book_end 1 0 0 0 0 0
2011899438663873 137212166624960 coll_beg 0 0 0 0 0 0
2011899439022820 137212166624960 coll_end 0 0 0 0 0 0
2011899439023050 137212166624960 rel_beg 1 0 0 0 0 0
2011899439023280 137212166624960 absorb 347 0 0 0 0 0
2011899439026669 137212166624960 rel_end 1 0 0 0 0 0
2011899439028769 137212166624960 wait_beg 0 0 0 0 0 0
2011899439081847 137212174624640 send 18 0 0 346 344 1
2011899439390556 137212174624640 send 404329 0 0 346 344 1
2011899439641637 137212174624640 send 347523 0 0 346 344 1
2011899439642927 137212174624640 send 14 0 0 346 344 1
2011899439643237 137212174624640 egress 347 1 0 344 0 0
2011899439047339 137212158232256 emit_beg 347 0 0 0 0 0
2011899439053669 137212158232256 dmg 0 1 0 0 1920 1080
2011899439053839 137212158232256 enc 346 346 1 -1 -1 0
2011899439111436 137212158232256 emit_end 347 0 0 0 0 0
2011899457260423 137212174624640 cliack 345 0 346 347 0 0
2011899457260573 137212174624640 ackregion 346 347 347 345 1 0
2011899461969832 137212166624960 wait_end 0 0 0 0 0 0
2011899461972001 137212166624960 drain_beg 0 0 0 0 0 0
2011899461972271 137212166624960 drain_end 1 0 0 0 0 0
2011899461972371 137212166624960 take 348 0 0 0 0 0
2011899461972941 137212166624960 subm_beg 1 0 0 0 0 0
2011899461973451 137212166624960 submit 348 0 0 0 0 0
2011899461973601 137212166624960 subm_end 1 0 0 0 0 0
2011899461973631 137212166624960 pump_beg 1 0 0 0 0 0
2011899462243242 137212166624960 feedend 347 0 0 0 0 0
2011899462413325 137212166624960 feedend 347 1 0 0 0 0
2011899461959372 137212174624640 msgin 348 12533760 0 0 0 0
2011899461959832 137212174624640 enq 348 1 0 0 0 0
2011899468793842 137212166624960 outfirst 347 1 65536 0 0 0
2011899470352925 137212166624960 outfirst 347 0 65536 0 0 0
2011899470417603 137212166624960 pump_end 1 2 0 0 0 0
2011899470417913 137212166624960 join_beg 1 0 0 0 0 0
2011899470418543 137212166624960 join_end 0 0 0 0 0 0
2011899470418873 137212166624960 book_beg 1 0 0 0 0 0
2011899470419483 137212166624960 batch 348 1 1 2 2 0
2011899470419653 137212166624960 book_end 1 0 0 0 0 0
2011899470419893 137212166624960 coll_beg 0 0 0 0 0 0
2011899470723452 137212166624960 coll_end 0 0 0 0 0 0
2011899470723712 137212166624960 rel_beg 1 0 0 0 0 0
2011899470723952 137212166624960 absorb 348 0 0 0 0 0
2011899470727112 137212166624960 rel_end 1 0 0 0 0 0
2011899470728802 137212166624960 wait_beg 0 0 0 0 0 0
2011899470797329 137212174624640 send 18 0 0 347 345 1
2011899471139587 137212174624640 send 404022 0 0 347 345 1
2011899471367958 137212174624640 send 307271 0 0 347 345 1
2011899471369558 137212174624640 send 14 0 0 347 345 1
2011899471369708 137212174624640 egress 348 1 0 345 0 0
2011899470746731 137212158232256 emit_beg 348 0 0 0 0 0
2011899470749581 137212158232256 dmg 0 1 0 0 1920 1080
2011899470749761 137212158232256 enc 347 347 1 -1 -1 0
2011899470801189 137212158232256 emit_end 348 0 0 0 0 0
2011899494224374 137212166624960 wait_end 0 0 0 0 0 0
2011899494227613 137212166624960 drain_beg 0 0 0 0 0 0
2011899494228003 137212166624960 drain_end 1 0 0 0 0 0
2011899494228123 137212166624960 take 349 0 0 0 0 0
2011899494228603 137212166624960 subm_beg 1 0 0 0 0 0
2011899494230243 137212166624960 submit 349 0 0 0 0 0
2011899494230383 137212166624960 subm_end 1 0 0 0 0 0
2011899494230413 137212166624960 pump_beg 1 0 0 0 0 0
2011899494535692 137212166624960 feedend 348 0 0 0 0 0
2011899494700516 137212166624960 feedend 348 1 0 0 0 0
2011899490781449 137212174624640 cliack 346 0 347 348 0 0
2011899490782079 137212174624640 ackregion 347 348 348 346 1 0
2011899494208444 137212174624640 msgin 349 12533760 0 0 0 0
2011899494210764 137212174624640 enq 349 1 0 0 0 0
2011899501435730 137212166624960 outfirst 348 1 65536 0 0 0
2011899502787441 137212166624960 outfirst 348 0 65536 0 0 0
2011899502896017 137212166624960 pump_end 1 2 0 0 0 0
2011899502896417 137212166624960 join_beg 1 0 0 0 0 0
2011899502896927 137212166624960 join_end 0 0 0 0 0 0
2011899502897107 137212166624960 book_beg 1 0 0 0 0 0
2011899502897637 137212166624960 batch 349 1 1 2 2 0
2011899502897787 137212166624960 book_end 1 0 0 0 0 0
2011899502897947 137212166624960 coll_beg 0 0 0 0 0 0
2011899503187256 137212166624960 coll_end 0 0 0 0 0 0
2011899503187546 137212166624960 rel_beg 1 0 0 0 0 0
2011899503188126 137212166624960 absorb 349 0 0 0 0 0
2011899503191976 137212166624960 rel_end 1 0 0 0 0 0
2011899503193766 137212166624960 wait_beg 0 0 0 0 0 0
2011899503291882 137212174624640 send 18 0 0 348 346 1
2011899503815863 137212174624640 send 424375 0 0 348 346 1
2011899504114542 137212174624640 send 336275 0 0 348 346 1
2011899504116052 137212174624640 send 14 0 0 348 346 1
2011899504116442 137212174624640 egress 349 1 0 346 0 0
2011899503200776 137212158232256 emit_beg 349 0 0 0 0 0
2011899503205106 137212158232256 dmg 0 1 0 0 1920 1080
2011899503205296 137212158232256 enc 348 348 1 -1 -1 0
2011899503263523 137212158232256 emit_end 349 0 0 0 0 0
2011899526746376 137212166624960 wait_end 0 0 0 0 0 0
2011899526749746 137212166624960 drain_beg 0 0 0 0 0 0
2011899526750206 137212166624960 drain_end 1 0 0 0 0 0
2011899526750506 137212166624960 take 350 0 0 0 0 0
2011899526751216 137212166624960 subm_beg 1 0 0 0 0 0
2011899526752586 137212166624960 submit 350 0 0 0 0 0
2011899526752756 137212166624960 subm_end 1 0 0 0 0 0
2011899526752786 137212166624960 pump_beg 1 0 0 0 0 0
2011899527065744 137212166624960 feedend 349 0 0 0 0 0
2011899527270857 137212166624960 feedend 349 1 0 0 0 0
2011899523424237 137212174624640 cliack 347 0 348 349 0 0
2011899523425087 137212174624640 ackregion 348 349 349 347 1 0
2011899526718287 137212174624640 msgin 350 12533760 0 0 0 0
2011899526719047 137212174624640 enq 350 1 0 0 0 0
2011899534432755 137212166624960 outfirst 349 1 65536 0 0 0
2011899535416469 137212166624960 outfirst 349 0 65536 0 0 0
2011899535477387 137212166624960 pump_end 1 2 0 0 0 0
2011899535477647 137212166624960 join_beg 1 0 0 0 0 0
2011899535478167 137212166624960 join_end 0 0 0 0 0 0
2011899535478487 137212166624960 book_beg 1 0 0 0 0 0
2011899535479167 137212166624960 batch 350 1 1 2 2 0
2011899535479327 137212166624960 book_end 1 0 0 0 0 0
2011899535479497 137212166624960 coll_beg 0 0 0 0 0 0
2011899535741287 137212166624960 coll_end 0 0 0 0 0 0
2011899535741547 137212166624960 rel_beg 1 0 0 0 0 0
2011899535741987 137212166624960 absorb 350 0 0 0 0 0
2011899535746047 137212166624960 rel_end 1 0 0 0 0 0
2011899535748017 137212166624960 wait_beg 0 0 0 0 0 0
2011899535808425 137212174624640 send 18 0 0 349 347 1
2011899536337335 137212174624640 send 425614 0 0 349 347 1
2011899536800809 137212174624640 send 361897 0 0 349 347 1
2011899536803228 137212174624640 send 14 0 0 349 347 1
2011899536803818 137212174624640 egress 350 1 0 347 0 0
2011899535755167 137212158232256 emit_beg 350 0 0 0 0 0
2011899535758727 137212158232256 dmg 0 1 0 0 1920 1080
2011899535758907 137212158232256 enc 349 349 1 -1 -1 0
2011899535830044 137212158232256 emit_end 350 0 0 0 0 0
2011899553838726 137212174624640 cliack 348 0 349 350 0 0
2011899553839086 137212174624640 ackregion 349 350 350 348 1 0
2011899558502666 137212166624960 wait_end 0 0 0 0 0 0
2011899558506086 137212166624960 drain_beg 0 0 0 0 0 0
2011899558506366 137212166624960 drain_end 1 0 0 0 0 0
2011899558506526 137212166624960 take 351 0 0 0 0 0
2011899558506856 137212166624960 subm_beg 1 0 0 0 0 0
2011899558507476 137212166624960 submit 351 0 0 0 0 0
2011899558507636 137212166624960 subm_end 1 0 0 0 0 0
2011899558507686 137212166624960 pump_beg 1 0 0 0 0 0
2011899558810265 137212166624960 feedend 350 0 0 0 0 0
2011899558992448 137212166624960 feedend 350 1 0 0 0 0
2011899566901949 137212166624960 outfirst 350 1 65536 0 0 0
2011899567915212 137212166624960 outfirst 350 0 65536 0 0 0
2011899567997209 137212166624960 pump_end 1 2 0 0 0 0
2011899567997759 137212166624960 join_beg 1 0 0 0 0 0
2011899567998209 137212166624960 join_end 0 0 0 0 0 0
2011899567998609 137212166624960 book_beg 1 0 0 0 0 0
2011899567998859 137212166624960 batch 351 1 1 2 2 0
2011899567999039 137212166624960 book_end 1 0 0 0 0 0
2011899567999369 137212166624960 coll_beg 0 0 0 0 0 0
2011899558475617 137212174624640 msgin 351 12533760 0 0 0 0
2011899558476017 137212174624640 enq 351 1 0 0 0 0
2011899568479282 137212166624960 coll_end 0 0 0 0 0 0
2011899568479572 137212166624960 rel_beg 1 0 0 0 0 0
2011899568479752 137212166624960 absorb 351 0 0 0 0 0
2011899568482761 137212166624960 rel_end 1 0 0 0 0 0
2011899568485041 137212166624960 wait_beg 0 0 0 0 0 0
2011899568512540 137212174624640 send 18 0 0 350 348 1
2011899568990893 137212174624640 send 523887 0 0 350 348 1
2011899569342730 137212174624640 send 459343 0 0 350 348 1
2011899569344730 137212174624640 send 14 0 0 350 348 1
2011899569345350 137212174624640 egress 351 1 0 348 0 0
2011899568491051 137212158232256 emit_beg 351 0 0 0 0 0
2011899568494451 137212158232256 dmg 0 1 0 0 1920 1080
2011899568494611 137212158232256 enc 350 350 1 -1 -1 0
2011899568563818 137212158232256 emit_end 351 0 0 0 0 0
2011899586777813 137212174624640 cliack 349 0 350 351 0 0
2011899586777963 137212174624640 ackregion 350 351 351 349 1 0
2011899591535359 137212166624960 wait_end 0 0 0 0 0 0
2011899591539549 137212166624960 drain_beg 0 0 0 0 0 0
2011899591539949 137212166624960 drain_end 1 0 0 0 0 0
2011899591540129 137212166624960 take 352 0 0 0 0 0
2011899591540609 137212166624960 subm_beg 1 0 0 0 0 0
2011899591541459 137212166624960 submit 352 0 0 0 0 0
2011899591541689 137212166624960 subm_end 1 0 0 0 0 0
2011899591541809 137212166624960 pump_beg 1 0 0 0 0 0
2011899591829379 137212166624960 feedend 351 0 0 0 0 0
2011899591991213 137212166624960 feedend 351 1 0 0 0 0
2011899591509760 137212174624640 msgin 352 12533760 0 0 0 0
2011899591510460 137212174624640 enq 352 1 0 0 0 0
2011899598604221 137212166624960 outfirst 351 1 65536 0 0 0
2011899599612924 137212166624960 outfirst 351 0 65536 0 0 0
2011899599687842 137212166624960 pump_end 1 2 0 0 0 0
2011899599688322 137212166624960 join_beg 1 0 0 0 0 0
2011899599688542 137212166624960 join_end 0 0 0 0 0 0
2011899599689102 137212166624960 book_beg 1 0 0 0 0 0
2011899599690002 137212166624960 batch 352 1 1 2 2 0
2011899599690152 137212166624960 book_end 1 0 0 0 0 0
2011899599690372 137212166624960 coll_beg 0 0 0 0 0 0
2011899600030869 137212166624960 coll_end 0 0 0 0 0 0
2011899600031039 137212166624960 rel_beg 1 0 0 0 0 0
2011899600031689 137212166624960 absorb 352 0 0 0 0 0
2011899600035859 137212166624960 rel_end 1 0 0 0 0 0
2011899600037989 137212166624960 wait_beg 0 0 0 0 0 0
2011899600073378 137212174624640 send 18 0 0 351 349 1
2011899600381036 137212174624640 send 378124 0 0 351 349 1
2011899600629567 137212174624640 send 322065 0 0 351 349 1
2011899600631097 137212174624640 send 14 0 0 351 349 1
2011899600631587 137212174624640 egress 352 1 0 349 0 0
2011899600043309 137212158232256 emit_beg 352 0 0 0 0 0
2011899600044959 137212158232256 dmg 0 1 0 0 1920 1080
2011899600045119 137212158232256 enc 351 351 1 -1 -1 0
2011899600090667 137212158232256 emit_end 352 0 0 0 0 0
2011899625504209 137212166624960 wait_end 0 0 0 0 0 0
2011899625507539 137212166624960 drain_beg 0 0 0 0 0 0
2011899625507909 137212166624960 drain_end 1 0 0 0 0 0
2011899625508059 137212166624960 take 353 0 0 0 0 0
2011899625508479 137212166624960 subm_beg 1 0 0 0 0 0
2011899625508959 137212166624960 submit 353 0 0 0 0 0
2011899625509199 137212166624960 subm_end 1 0 0 0 0 0
2011899625509229 137212166624960 pump_beg 1 0 0 0 0 0
2011899625797508 137212166624960 feedend 352 0 0 0 0 0
2011899625955282 137212166624960 feedend 352 1 0 0 0 0
2011899620753012 137212174624640 cliack 350 0 351 352 0 0
2011899620753362 137212174624640 ackregion 351 352 352 350 1 0
2011899625481250 137212174624640 msgin 353 12533760 0 0 0 0
2011899625481620 137212174624640 enq 353 1 0 0 0 0
2011899633482887 137212166624960 outfirst 352 1 65536 0 0 0
2011899634594817 137212166624960 outfirst 352 0 65536 0 0 0
2011899634682924 137212166624960 pump_end 1 2 0 0 0 0
2011899634683164 137212166624960 join_beg 1 0 0 0 0 0
2011899634683644 137212166624960 join_end 0 0 0 0 0 0
2011899634684074 137212166624960 book_beg 1 0 0 0 0 0
2011899634685444 137212166624960 batch 353 1 1 2 2 0
2011899634685584 137212166624960 book_end 1 0 0 0 0 0
2011899634685944 137212166624960 coll_beg 0 0 0 0 0 0
2011899635158406 137212166624960 coll_end 0 0 0 0 0 0
2011899635158576 137212166624960 rel_beg 1 0 0 0 0 0
2011899635159156 137212166624960 absorb 353 0 0 0 0 0
2011899635162256 137212166624960 rel_end 1 0 0 0 0 0
2011899635164546 137212166624960 wait_beg 0 0 0 0 0 0
2011899635220034 137212174624640 send 18 0 0 352 350 1
2011899635837081 137212174624640 send 514725 0 0 352 350 1
2011899636179979 137212174624640 send 424034 0 0 352 350 1
2011899636181619 137212174624640 send 14 0 0 352 350 1
2011899636181809 137212174624640 egress 353 1 0 350 0 0
2011899635171266 137212158232256 emit_beg 353 0 0 0 0 0
2011899635173996 137212158232256 dmg 0 1 0 0 1920 1080
2011899635174166 137212158232256 enc 352 352 1 -1 -1 0
2011899635244413 137212158232256 emit_end 353 0 0 0 0 0
2011899667219375 137212166624960 wait_end 0 0 0 0 0 0
2011899667223235 137212166624960 drain_beg 0 0 0 0 0 0
2011899667223625 137212166624960 drain_end 1 0 0 0 0 0
2011899667223825 137212166624960 take 354 0 0 0 0 0
2011899667224325 137212166624960 subm_beg 1 0 0 0 0 0
2011899667225885 137212166624960 submit 354 0 0 0 0 0
2011899667226025 137212166624960 subm_end 1 0 0 0 0 0
2011899667226045 137212166624960 pump_beg 1 0 0 0 0 0
2011899667509505 137212166624960 feedend 353 0 0 0 0 0
2011899667665609 137212166624960 feedend 353 1 0 0 0 0
2011899663521760 137212174624640 cliack 351 0 352 353 0 0
2011899663522790 137212174624640 ackregion 352 353 353 351 1 0
2011899667203516 137212174624640 msgin 354 12533760 0 0 0 0
2011899667204196 137212174624640 enq 354 1 0 0 0 0
2011899675375437 137212166624960 outfirst 353 1 65536 0 0 0
2011899676544915 137212166624960 outfirst 353 0 65536 0 0 0
2011899676609572 137212166624960 pump_end 1 2 0 0 0 0
2011899676610112 137212166624960 join_beg 1 0 0 0 0 0
2011899676611222 137212166624960 join_end 0 0 0 0 0 0
2011899676611292 137212166624960 book_beg 1 0 0 0 0 0
2011899676611532 137212166624960 batch 354 1 1 2 2 0
2011899676611702 137212166624960 book_end 1 0 0 0 0 0
2011899676611862 137212166624960 coll_beg 0 0 0 0 0 0
2011899677039897 137212166624960 coll_end 0 0 0 0 0 0
2011899677040177 137212166624960 rel_beg 1 0 0 0 0 0
2011899677040857 137212166624960 absorb 354 0 0 0 0 0
2011899677045806 137212166624960 rel_end 1 0 0 0 0 0
2011899677048546 137212166624960 wait_beg 0 0 0 0 0 0
2011899677093715 137212174624640 send 18 0 0 353 351 1
2011899677488690 137212174624640 send 507542 0 0 353 351 1
2011899677823508 137212174624640 send 441363 0 0 353 351 1
2011899677825288 137212174624640 send 14 0 0 353 351 1
2011899677825578 137212174624640 egress 354 1 0 351 0 0
2011899677053996 137212158232256 emit_beg 354 0 0 0 0 0
2011899677056846 137212158232256 dmg 0 1 0 0 1920 1080
2011899677057026 137212158232256 enc 353 353 1 -1 -1 0
2011899677119944 137212158232256 emit_end 354 0 0 0 0 0
2011899695510842 137212166624960 wait_end 0 0 0 0 0 0
2011899695514322 137212166624960 drain_beg 0 0 0 0 0 0
2011899695514632 137212166624960 drain_end 1 0 0 0 0 0
2011899695514752 137212166624960 take 355 0 0 0 0 0
2011899695514962 137212166624960 subm_beg 1 0 0 0 0 0
2011899695515472 137212166624960 submit 355 0 0 0 0 0
2011899695515652 137212166624960 subm_end 1 0 0 0 0 0
2011899695515702 137212166624960 pump_beg 1 0 0 0 0 0
2011899695820971 137212166624960 feedend 354 0 0 0 0 0
2011899695990584 137212166624960 feedend 354 1 0 0 0 0
2011899693458657 137212174624640 cliack 352 0 353 354 0 0
2011899693459047 137212174624640 ackregion 353 354 354 352 1 0
2011899695487533 137212174624640 msgin 355 12533760 0 0 0 0
2011899695487873 137212174624640 enq 355 1 0 0 0 0
2011899701880829 137212166624960 outfirst 354 1 65536 0 0 0
2011899703890966 137212166624960 outfirst 354 0 65536 0 0 0
2011899703983943 137212166624960 pump_end 1 2 0 0 0 0
2011899703984353 137212166624960 join_beg 1 0 0 0 0 0
2011899703984532 137212166624960 join_end 0 0 0 0 0 0
2011899703984692 137212166624960 book_beg 1 0 0 0 0 0
2011899703985072 137212166624960 batch 355 1 1 2 2 0
2011899703985232 137212166624960 book_end 1 0 0 0 0 0
2011899703985392 137212166624960 coll_beg 0 0 0 0 0 0
2011899704321640 137212166624960 coll_end 0 0 0 0 0 0
2011899704321840 137212166624960 rel_beg 1 0 0 0 0 0
2011899704322280 137212166624960 absorb 355 0 0 0 0 0
2011899704325000 137212166624960 rel_end 1 0 0 0 0 0
2011899704327240 137212166624960 wait_beg 0 0 0 0 0 0
2011899704397727 137212174624640 send 18 0 0 354 352 1
2011899704732235 137212174624640 send 437721 0 0 354 352 1
2011899704935458 137212174624640 send 276221 0 0 354 352 1
2011899704936778 137212174624640 send 14 0 0 354 352 1
2011899704937298 137212174624640 egress 355 1 0 352 0 0
2011899704341819 137212158232256 emit_beg 355 0 0 0 0 0
2011899704346729 137212158232256 dmg 0 1 0 0 1920 1080
2011899704347049 137212158232256 enc 354 354 1 -1 -1 0
2011899704393758 137212158232256 emit_end 355 0 0 0 0 0
2011899736385789 137212166624960 wait_end 0 0 0 0 0 0
2011899736390089 137212166624960 drain_beg 0 0 0 0 0 0
2011899736390479 137212166624960 drain_end 1 0 0 0 0 0
2011899736390629 137212166624960 take 356 0 0 0 0 0
2011899736391239 137212166624960 subm_beg 1 0 0 0 0 0
2011899736391729 137212166624960 submit 356 0 0 0 0 0
2011899736391999 137212166624960 subm_end 1 0 0 0 0 0
2011899736392059 137212166624960 pump_beg 1 0 0 0 0 0
2011899736668019 137212166624960 feedend 355 0 0 0 0 0
2011899736834823 137212166624960 feedend 355 1 0 0 0 0
2011899734348304 137212174624640 cliack 353 0 354 355 0 0
2011899734348524 137212174624640 ackregion 354 355 355 353 1 0
2011899736363210 137212174624640 msgin 356 12533760 0 0 0 0
2011899736363680 137212174624640 enq 356 1 0 0 0 0
2011899745340022 137212166624960 outfirst 355 1 65536 0 0 0
2011899746762760 137212166624960 outfirst 355 0 65536 0 0 0
2011899746870496 137212166624960 pump_end 1 2 0 0 0 0
2011899746870906 137212166624960 join_beg 1 0 0 0 0 0
2011899746871126 137212166624960 join_end 0 0 0 0 0 0
2011899746871406 137212166624960 book_beg 1 0 0 0 0 0
2011899746872496 137212166624960 batch 356 1 1 2 2 0
2011899746872636 137212166624960 book_end 1 0 0 0 0 0
2011899746872786 137212166624960 coll_beg 0 0 0 0 0 0
2011899747390597 137212166624960 coll_end 0 0 0 0 0 0
2011899747390787 137212166624960 rel_beg 1 0 0 0 0 0
2011899747391527 137212166624960 absorb 356 0 0 0 0 0
2011899747397467 137212166624960 rel_end 1 0 0 0 0 0
2011899747399997 137212166624960 wait_beg 0 0 0 0 0 0
2011899747475324 137212174624640 send 18 0 0 355 353 1
2011899748198248 137212174624640 send 589572 0 0 355 353 1
2011899748805985 137212174624640 send 494142 0 0 355 353 1
2011899748808285 137212174624640 send 14 0 0 355 353 1
2011899748808795 137212174624640 egress 356 1 0 353 0 0
2011899747407117 137212158232256 emit_beg 356 0 0 0 0 0
2011899747409277 137212158232256 dmg 0 1 0 0 1920 1080
2011899747409427 137212158232256 enc 355 355 1 -1 -1 0
2011899747484944 137212158232256 emit_end 356 0 0 0 0 0
2011899778820179 137212166624960 wait_end 0 0 0 0 0 0
2011899778823259 137212166624960 drain_beg 0 0 0 0 0 0
2011899778823559 137212166624960 drain_end 1 0 0 0 0 0
2011899778823729 137212166624960 take 357 0 0 0 0 0
2011899778824109 137212166624960 subm_beg 1 0 0 0 0 0
2011899778825269 137212166624960 submit 357 0 0 0 0 0
2011899778825429 137212166624960 subm_end 1 0 0 0 0 0
2011899778825469 137212166624960 pump_beg 1 0 0 0 0 0
2011899779172576 137212166624960 feedend 356 0 0 0 0 0
2011899779218465 137212166624960 feedend 356 1 0 0 0 0
2011899775190962 137212174624640 cliack 354 0 355 356 0 0
2011899775191522 137212174624640 ackregion 355 356 356 354 1 0
2011899778797680 137212174624640 msgin 357 12533760 0 0 0 0
2011899778798490 137212174624640 enq 357 1 0 0 0 0
2011899785887691 137212166624960 outfirst 356 1 65536 0 0 0
2011899787536881 137212166624960 outfirst 356 0 65536 0 0 0
2011899787598279 137212166624960 pump_end 1 2 0 0 0 0
2011899787598699 137212166624960 join_beg 1 0 0 0 0 0
2011899787598959 137212166624960 join_end 0 0 0 0 0 0
2011899787599219 137212166624960 book_beg 1 0 0 0 0 0
2011899787600049 137212166624960 batch 357 1 1 2 2 0
2011899787600209 137212166624960 book_end 1 0 0 0 0 0
2011899787600379 137212166624960 coll_beg 0 0 0 0 0 0
2011899787951486 137212166624960 coll_end 0 0 0 0 0 0
2011899787951666 137212166624960 rel_beg 1 0 0 0 0 0
2011899787952056 137212166624960 absorb 357 0 0 0 0 0
2011899787955766 137212166624960 rel_end 1 0 0 0 0 0
2011899787958046 137212166624960 wait_beg 0 0 0 0 0 0
2011899788011074 137212174624640 send 18 0 0 356 354 1
2011899788379880 137212174624640 send 422875 0 0 356 354 1
2011899788635841 137212174624640 send 330270 0 0 356 354 1
2011899788637491 137212174624640 send 14 0 0 356 354 1
2011899788637941 137212174624640 egress 357 1 0 354 0 0
2011899787963265 137212158232256 emit_beg 357 0 0 0 0 0
2011899787966615 137212158232256 dmg 0 1 0 0 1920 1080
2011899787966785 137212158232256 enc 356 356 1 -1 -1 0
2011899788029363 137212158232256 emit_end 357 0 0 0 0 0
2011899805951079 137212174624640 cliack 355 0 356 357 0 0
2011899805951439 137212174624640 ackregion 356 357 357 355 1 0
2011899811065312 137212166624960 wait_end 0 0 0 0 0 0
2011899811068922 137212166624960 drain_beg 0 0 0 0 0 0
2011899811069232 137212166624960 drain_end 1 0 0 0 0 0
2011899811069402 137212166624960 take 358 0 0 0 0 0
2011899811069632 137212166624960 subm_beg 1 0 0 0 0 0
2011899811070391 137212166624960 submit 358 0 0 0 0 0
2011899811070621 137212166624960 subm_end 1 0 0 0 0 0
2011899811070681 137212166624960 pump_beg 1 0 0 0 0 0
2011899811362431 137212166624960 feedend 357 0 0 0 0 0
2011899811524355 137212166624960 feedend 357 1 0 0 0 0
2011899818511270 137212166624960 outfirst 357 1 65536 0 0 0
2011899811042722 137212174624640 msgin 358 12533760 0 0 0 0
2011899811043432 137212174624640 enq 358 1 0 0 0 0
2011899819644548 137212166624960 outfirst 357 0 65536 0 0 0
2011899819732325 137212166624960 pump_end 1 2 0 0 0 0
2011899819732995 137212166624960 join_beg 1 0 0 0 0 0
2011899819733785 137212166624960 join_end 0 0 0 0 0 0
2011899819734255 137212166624960 book_beg 1 0 0 0 0 0
2011899819734715 137212166624960 batch 358 1 1 2 2 0
2011899819734875 137212166624960 book_end 1 0 0 0 0 0
2011899819735055 137212166624960 coll_beg 0 0 0 0 0 0
2011899820109801 137212166624960 coll_end 0 0 0 0 0 0
2011899820110001 137212166624960 rel_beg 1 0 0 0 0 0
2011899820110411 137212166624960 absorb 358 0 0 0 0 0
2011899820113301 137212166624960 rel_end 1 0 0 0 0 0
2011899820115151 137212166624960 wait_beg 0 0 0 0 0 0
2011899820167959 137212174624640 send 18 0 0 357 355 1
2011899820674481 137212174624640 send 420357 0 0 357 355 1
2011899821005149 137212174624640 send 356478 0 0 357 355 1
2011899821007059 137212174624640 send 14 0 0 357 355 1
2011899821007529 137212174624640 egress 358 1 0 355 0 0
2011899820134190 137212158232256 emit_beg 358 0 0 0 0 0
2011899820136910 137212158232256 dmg 0 1 0 0 1920 1080
2011899820137080 137212158232256 enc 357 357 1 -1 -1 0
2011899820196758 137212158232256 emit_end 358 0 0 0 0 0
2011899855248108 137212166624960 wait_end 0 0 0 0 0 0
2011899855251108 137212166624960 drain_beg 0 0 0 0 0 0
2011899855251438 137212166624960 drain_end 1 0 0 0 0 0
2011899855251598 137212166624960 take 359 0 0 0 0 0
2011899855251998 137212166624960 subm_beg 1 0 0 0 0 0
2011899855252718 137212166624960 submit 359 0 0 0 0 0
2011899855252848 137212166624960 subm_end 1 0 0 0 0 0
2011899855252888 137212166624960 pump_beg 1 0 0 0 0 0
2011899855507379 137212166624960 feedend 358 0 0 0 0 0
2011899855697762 137212166624960 feedend 358 1 0 0 0 0
2011899852828956 137212174624640 cliack 356 0 357 358 0 0
2011899852829296 137212174624640 ackregion 357 358 358 356 1 0
2011899855233409 137212174624640 msgin 359 12533760 0 0 0 0
2011899855233939 137212174624640 enq 359 1 0 0 0 0
2011899862934237 137212166624960 outfirst 358 1 65536 0 0 0
2011899864043597 137212166624960 outfirst 358 0 65536 0 0 0
2011899864165202 137212166624960 pump_end 1 2 0 0 0 0
2011899864165542 137212166624960 join_beg 1 0 0 0 0 0
2011899864165812 137212166624960 join_end 0 0 0 0 0 0
2011899864166052 137212166624960 book_beg 1 0 0 0 0 0
2011899864166472 137212166624960 batch 359 1 1 2 2 0
2011899864166622 137212166624960 book_end 1 0 0 0 0 0
2011899864166782 137212166624960 coll_beg 0 0 0 0 0 0
2011899864544149 137212166624960 coll_end 0 0 0 0 0 0
2011899864544338 137212166624960 rel_beg 1 0 0 0 0 0
2011899864544688 137212166624960 absorb 359 0 0 0 0 0
2011899864547728 137212166624960 rel_end 1 0 0 0 0 0
2011899864549778 137212166624960 wait_beg 0 0 0 0 0 0
2011899864616526 137212174624640 send 18 0 0 358 356 1
2011899864960263 137212174624640 send 449813 0 0 358 356 1
2011899865338059 137212174624640 send 386131 0 0 358 356 1
2011899865339909 137212174624640 send 14 0 0 358 356 1
2011899865340479 137212174624640 egress 359 1 0 356 0 0
2011899864567998 137212158232256 emit_beg 359 0 0 0 0 0
2011899864574847 137212158232256 dmg 0 1 0 0 1920 1080
2011899864575107 137212158232256 enc 358 358 1 -1 -1 0
2011899864637865 137212158232256 emit_end 359 0 0 0 0 0
2011899889019085 137212166624960 wait_end 0 0 0 0 0 0
2011899889022944 137212166624960 drain_beg 0 0 0 0 0 0
2011899889023264 137212166624960 drain_end 1 0 0 0 0 0
2011899889023374 137212166624960 take 360 0 0 0 0 0
2011899889023644 137212166624960 subm_beg 1 0 0 0 0 0
2011899889024634 137212166624960 submit 360 0 0 0 0 0
2011899889024784 137212166624960 subm_end 1 0 0 0 0 0
2011899889024824 137212166624960 pump_beg 1 0 0 0 0 0
2011899889325513 137212166624960 feedend 359 0 0 0 0 0
2011899889490477 137212166624960 feedend 359 1 0 0 0 0
2011899885452195 137212174624640 cliack 357 0 358 359 0 0
2011899885452355 137212174624640 ackregion 358 359 359 357 1 0
2011899888997715 137212174624640 msgin 360 12533760 0 0 0 0
2011899889004605 137212174624640 enq 360 1 0 0 0 0
2011899896504501 137212166624960 outfirst 359 1 65536 0 0 0
2011899897729246 137212166624960 outfirst 359 0 65536 0 0 0
2011899897790694 137212166624960 pump_end 1 2 0 0 0 0
2011899897791174 137212166624960 join_beg 1 0 0 0 0 0
2011899897791384 137212166624960 join_end 0 0 0 0 0 0
2011899897791704 137212166624960 book_beg 1 0 0 0 0 0
2011899897792204 137212166624960 batch 360 1 1 2 2 0
2011899897792354 137212166624960 book_end 1 0 0 0 0 0
2011899897792384 137212166624960 coll_beg 0 0 0 0 0 0
2011899898122272 137212166624960 coll_end 0 0 0 0 0 0
2011899898122322 137212166624960 rel_beg 1 0 0 0 0 0
2011899898122652 137212166624960 absorb 360 0 0 0 0 0
2011899898125542 137212166624960 rel_end 1 0 0 0 0 0
2011899898127292 137212166624960 wait_beg 0 0 0 0 0 0
2011899898183370 137212174624640 send 18 0 0 359 357 1
2011899898536287 137212174624640 send 442148 0 0 359 357 1
2011899898843516 137212174624640 send 369416 0 0 359 357 1
2011899898845256 137212174624640 send 14 0 0 359 357 1
2011899898845536 137212174624640 egress 360 1 0 357 0 0
2011899898134492 137212158232256 emit_beg 360 0 0 0 0 0
2011899898139012 137212158232256 dmg 0 1 0 0 1920 1080
2011899898139242 137212158232256 enc 359 359 1 -1 -1 0
2011899898197609 137212158232256 emit_end 360 0 0 0 0 0
2011899918998840 137212174624640 cliack 358 0 359 360 0 0
2011899918999410 137212174624640 ackregion 359 360 360 358 1 0
2011899921837126 137212166624960 wait_end 0 0 0 0 0 0
2011899921840456 137212166624960 drain_beg 0 0 0 0 0 0
2011899921840786 137212166624960 drain_end 1 0 0 0 0 0
2011899921840966 137212166624960 take 361 0 0 0 0 0
2011899921841586 137212166624960 subm_beg 1 0 0 0 0 0
2011899921842626 137212166624960 submit 361 0 0 0 0 0
2011899921842776 137212166624960 subm_end 1 0 0 0 0 0
2011899921842816 137212166624960 pump_beg 1 0 0 0 0 0
2011899922137015 137212166624960 feedend 360 0 0 0 0 0
2011899922291479 137212166624960 feedend 360 1 0 0 0 0
2011899928743824 137212166624960 outfirst 360 1 65536 0 0 0
2011899929817605 137212166624960 outfirst 360 0 65536 0 0 0
2011899929872473 137212166624960 pump_end 1 2 0 0 0 0
2011899929872873 137212166624960 join_beg 1 0 0 0 0 0
2011899929873033 137212166624960 join_end 0 0 0 0 0 0
2011899929873223 137212166624960 book_beg 1 0 0 0 0 0
2011899929873812 137212166624960 batch 361 1 1 2 2 0
2011899929873942 137212166624960 book_end 1 0 0 0 0 0
2011899929874082 137212166624960 coll_beg 0 0 0 0 0 0
2011899930102364 137212166624960 coll_end 0 0 0 0 0 0
2011899930102464 137212166624960 rel_beg 1 0 0 0 0 0
2011899930102794 137212166624960 absorb 361 0 0 0 0 0
2011899930105434 137212166624960 rel_end 1 0 0 0 0 0
2011899930107384 137212166624960 wait_beg 0 0 0 0 0 0
2011899921819897 137212174624640 msgin 361 12533760 0 0 0 0
2011899921820377 137212174624640 enq 361 1 0 0 0 0
2011899930161152 137212174624640 send 18 0 0 360 358 1
2011899930124523 137212158232256 emit_beg 361 0 0 0 0 0
2011899930132153 137212158232256 dmg 0 1 0 0 1920 1080
2011899930132403 137212158232256 enc 360 360 1 -1 -1 0
2011899930181701 137212158232256 emit_end 361 0 0 0 0 0
2011899930435832 137212174624640 send 361385 0 0 360 358 1
2011899930653534 137212174624640 send 298695 0 0 360 358 1
2011899930654814 137212174624640 send 14 0 0 360 358 1
2011899930655104 137212174624640 egress 361 1 0 358 0 0
2011899959312977 137212166624960 wait_end 0 0 0 0 0 0
2011899959317097 137212166624960 drain_beg 0 0 0 0 0 0
2011899959317597 137212166624960 drain_end 1 0 0 0 0 0
2011899959317777 137212166624960 take 362 0 0 0 0 0
2011899959318187 137212166624960 subm_beg 1 0 0 0 0 0
2011899959318567 137212166624960 submit 362 0 0 0 0 0
2011899959318737 137212166624960 subm_end 1 0 0 0 0 0
2011899959318797 137212166624960 pump_beg 1 0 0 0 0 0
2011899959601687 137212166624960 feedend 361 0 0 0 0 0
2011899959808269 137212166624960 feedend 361 1 0 0 0 0
2011899955006915 137212174624640 cliack 359 0 360 361 0 0
2011899955006995 137212174624640 ackregion 360 361 361 359 1 0
2011899959288978 137212174624640 msgin 362 12533760 0 0 0 0
2011899959289498 137212174624640 enq 362 1 0 0 0 0
2011899966651069 137212166624960 outfirst 361 1 65536 0 0 0
2011899968066748 137212166624960 outfirst 361 0 65536 0 0 0
2011899968161764 137212166624960 pump_end 1 2 0 0 0 0
2011899968162004 137212166624960 join_beg 1 0 0 0 0 0
2011899968162224 137212166624960 join_end 0 0 0 0 0 0
2011899968162424 137212166624960 book_beg 1 0 0 0 0 0
2011899968163114 137212166624960 batch 362 1 1 2 2 0
2011899968163264 137212166624960 book_end 1 0 0 0 0 0
2011899968163434 137212166624960 coll_beg 0 0 0 0 0 0
2011899968536591 137212166624960 coll_end 0 0 0 0 0 0
2011899968536761 137212166624960 rel_beg 1 0 0 0 0 0
2011899968537290 137212166624960 absorb 362 0 0 0 0 0
2011899968540220 137212166624960 rel_end 1 0 0 0 0 0
2011899968542330 137212166624960 wait_beg 0 0 0 0 0 0
2011899968606358 137212174624640 send 18 0 0 361 359 1
2011899969171507 137212174624640 send 455997 0 0 361 359 1
2011899969584672 137212174624640 send 346780 0 0 361 359 1
2011899969586922 137212174624640 send 14 0 0 361 359 1
2011899969587272 137212174624640 egress 362 1 0 359 0 0
2011899968560820 137212158232256 emit_beg 362 0 0 0 0 0
2011899968563730 137212158232256 dmg 0 1 0 0 1920 1080
2011899968563960 137212158232256 enc 361 361 1 -1 -1 0
2011899968621827 137212158232256 emit_end 362 0 0 0 0 0
2011899990293696 137212174624640 cliack 360 0 361 362 0 0
2011899990294026 137212174624640 ackregion 361 362 362 360 1 0
2011899994146805 137212166624960 wait_end 0 0 0 0 0 0
2011899994150865 137212166624960 drain_beg 0 0 0 0 0 0
2011899994151215 137212166624960 drain_end 1 0 0 0 0 0
2011899994151325 137212166624960 take 363 0 0 0 0 0
2011899994151585 137212166624960 subm_beg 1 0 0 0 0 0
2011899994152015 137212166624960 submit 363 0 0 0 0 0
2011899994152255 137212166624960 subm_end 1 0 0 0 0 0
2011899994152305 137212166624960 pump_beg 1 0 0 0 0 0
2011899994437594 137212166624960 feedend 362 0 0 0 0 0
2011899994624588 137212166624960 feedend 362 1 0 0 0 0
2011899994124776 137212174624640 msgin 363 12533760 0 0 0 0
2011899994125336 137212174624640 enq 363 1 0 0 0 0
2011900003117168 137212166624960 outfirst 362 1 65536 0 0 0
2011900003923408 137212166624960 outfirst 362 0 65536 0 0 0
2011900004025814 137212166624960 pump_end 1 2 0 0 0 0
2011900004026084 137212166624960 join_beg 1 0 0 0 0 0
2011900004026334 137212166624960 join_end 0 0 0 0 0 0
2011900004026604 137212166624960 book_beg 1 0 0 0 0 0
2011900004027244 137212166624960 batch 363 1 1 2 2 0
2011900004027414 137212166624960 book_end 1 0 0 0 0 0
2011900004027594 137212166624960 coll_beg 0 0 0 0 0 0
2011900004539576 137212166624960 coll_end 0 0 0 0 0 0
2011900004539746 137212166624960 rel_beg 1 0 0 0 0 0
2011900004540136 137212166624960 absorb 363 0 0 0 0 0
2011900004543055 137212166624960 rel_end 1 0 0 0 0 0
2011900004544925 137212166624960 wait_beg 0 0 0 0 0 0
2011900004612113 137212174624640 send 18 0 0 362 360 1
2011900005110075 137212174624640 send 559606 0 0 362 360 1
2011900005479421 137212174624640 send 507889 0 0 362 360 1
2011900005480861 137212174624640 send 14 0 0 362 360 1
2011900005481331 137212174624640 egress 363 1 0 360 0 0
2011900004564215 137212158232256 emit_beg 363 0 0 0 0 0
2011900004571504 137212158232256 dmg 0 1 0 0 1920 1080
2011900004571804 137212158232256 enc 362 362 1 -1 -1 0
2011900004653471 137212158232256 emit_end 363 0 0 0 0 0
2011900018680369 137212174624640 cliack 361 0 362 363 0 0
2011900018680459 137212174624640 ackregion 362 363 363 361 1 0
2011900022694563 137212166624960 wait_end 0 0 0 0 0 0
2011900022698082 137212166624960 drain_beg 0 0 0 0 0 0
2011900022698492 137212166624960 drain_end 1 0 0 0 0 0
2011900022698662 137212166624960 take 364 0 0 0 0 0
2011900022699242 137212166624960 subm_beg 1 0 0 0 0 0
2011900022699652 137212166624960 submit 364 0 0 0 0 0
2011900022699942 137212166624960 subm_end 1 0 0 0 0 0
2011900022700002 137212166624960 pump_beg 1 0 0 0 0 0
2011900023003891 137212166624960 feedend 363 0 0 0 0 0
2011900023088338 137212166624960 feedend 363 1 0 0 0 0
2011900030611933 137212166624960 outfirst 363 1 65536 0 0 0
2011900022678053 137212174624640 msgin 364 12533760 0 0 0 0
2011900022678673 137212174624640 enq 364 1 0 0 0 0
2011900031313028 137212166624960 outfirst 363 0 65536 0 0 0
2011900031377065 137212166624960 pump_end 1 2 0 0 0 0
2011900031377285 137212166624960 join_beg 1 0 0 0 0 0
2011900031377525 137212166624960 join_end 0 0 0 0 0 0
2011900031377835 137212166624960 book_beg 1 0 0 0 0 0
2011900031378305 137212166624960 batch 364 1 1 2 2 0
2011900031378465 137212166624960 book_end 1 0 0 0 0 0
2011900031378625 137212166624960 coll_beg 0 0 0 0 0 0
2011900031791530 137212166624960 coll_end 0 0 0 0 0 0
2011900031791710 137212166624960 rel_beg 1 0 0 0 0 0
2011900031791910 137212166624960 absorb 364 0 0 0 0 0
2011900031795280 137212166624960 rel_end 1 0 0 0 0 0
2011900031797870 137212166624960 wait_beg 0 0 0 0 0 0
2011900031832979 137212174624640 send 18 0 0 363 361 1
2011900032183676 137212174624640 send 433100 0 0 363 361 1
2011900032483665 137212174624640 send 406704 0 0 363 361 1
2011900032484935 137212174624640 send 14 0 0 363 361 1
2011900032485205 137212174624640 egress 364 1 0 361 0 0
2011900031811600 137212158232256 emit_beg 364 0 0 0 0 0
2011900031817899 137212158232256 dmg 0 1 0 0 1920 1080
2011900031818089 137212158232256 enc 363 363 1 -1 -1 0
2011900031882297 137212158232256 emit_end 364 0 0 0 0 0
2011900055399678 137212166624960 wait_end 0 0 0 0 0 0
2011900055403118 137212166624960 drain_beg 0 0 0 0 0 0
2011900055403458 137212166624960 drain_end 1 0 0 0 0 0
2011900055403658 137212166624960 take 365 0 0 0 0 0
2011900055403928 137212166624960 subm_beg 1 0 0 0 0 0
2011900055404558 137212166624960 submit 365 0 0 0 0 0
2011900055404708 137212166624960 subm_end 1 0 0 0 0 0
2011900055404798 137212166624960 pump_beg 1 0 0 0 0 0
2011900055709967 137212166624960 feedend 364 0 0 0 0 0
2011900055886190 137212166624960 feedend 364 1 0 0 0 0
2011900053358843 137212174624640 cliack 362 0 363 364 0 0
2011900053358933 137212174624640 ackregion 363 364 364 362 1 0
2011900055374639 137212174624640 msgin 365 12533760 0 0 0 0
2011900055375519 137212174624640 enq 365 1 0 0 0 0
2011900062489329 137212166624960 outfirst 364 1 65536 0 0 0
2011900063550820 137212166624960 outfirst 364 0 65536 0 0 0
2011900063609058 137212166624960 pump_end 1 2 0 0 0 0
2011900063609288 137212166624960 join_beg 1 0 0 0 0 0
2011900063609568 137212166624960 join_end 0 0 0 0 0 0
2011900063609738 137212166624960 book_beg 1 0 0 0 0 0
2011900063610068 137212166624960 batch 365 1 1 2 2 0
2011900063610208 137212166624960 book_end 1 0 0 0 0 0
2011900063610378 137212166624960 coll_beg 0 0 0 0 0 0
2011900063942076 137212166624960 coll_end 0 0 0 0 0 0
2011900063942276 137212166624960 rel_beg 1 0 0 0 0 0
2011900063942456 137212166624960 absorb 365 0 0 0 0 0
2011900063945226 137212166624960 rel_end 1 0 0 0 0 0
2011900063947656 137212166624960 wait_beg 0 0 0 0 0 0
2011900064007894 137212174624640 send 18 0 0 364 362 1
2011900064323932 137212174624640 send 387259 0 0 364 362 1
2011900064595012 137212174624640 send 320492 0 0 364 362 1
2011900064596842 137212174624640 send 14 0 0 364 362 1
2011900064597112 137212174624640 egress 365 1 0 362 0 0
2011900063951836 137212158232256 emit_beg 365 0 0 0 0 0
2011900063954776 137212158232256 dmg 0 1 0 0 1920 1080
2011900063954926 137212158232256 enc 364 364 1 -1 -1 0
2011900064004614 137212158232256 emit_end 365 0 0 0 0 0
2011900099767548 137212174624640 cliack 363 0 364 365 0 0
2011900099768308 137212174624640 ackregion 364 365 365 363 1 0
2011900104128378 137212166624960 wait_end 0 0 0 0 0 0
2011900104132658 137212166624960 drain_beg 0 0 0 0 0 0
2011900104133388 137212166624960 drain_end 1 0 0 0 0 0
2011900104133708 137212166624960 take 366 0 0 0 0 0
2011900104134288 137212166624960 subm_beg 1 0 0 0 0 0
2011900104136068 137212166624960 submit 366 0 0 0 0 0
2011900104136228 137212166624960 subm_end 1 0 0 0 0 0
2011900104136288 137212166624960 pump_beg 1 0 0 0 0 0
2011900104457336 137212166624960 feedend 365 0 0 0 0 0
2011900104639400 137212166624960 feedend 365 1 0 0 0 0
2011900104112619 137212174624640 msgin 366 12533760 0 0 0 0
2011900104114359 137212174624640 enq 366 1 0 0 0 0
2011900111740310 137212166624960 outfirst 365 1 65536 0 0 0
2011900113072952 137212166624960 outfirst 365 0 65536 0 0 0
2011900113155909 137212166624960 pump_end 1 2 0 0 0 0
2011900113156419 137212166624960 join_beg 1 0 0 0 0 0
2011900113157549 137212166624960 join_end 0 0 0 0 0 0
2011900113157759 137212166624960 book_beg 1 0 0 0 0 0
2011900113158269 137212166624960 batch 366 1 1 2 2 0
2011900113158409 137212166624960 book_end 1 0 0 0 0 0
2011900113158569 137212166624960 coll_beg 0 0 0 0 0 0
2011900113603522 137212166624960 coll_end 0 0 0 0 0 0
2011900113603742 137212166624960 rel_beg 1 0 0 0 0 0
2011900113604462 137212166624960 absorb 366 0 0 0 0 0
2011900113610502 137212166624960 rel_end 1 0 0 0 0 0
2011900113613402 137212166624960 wait_beg 0 0 0 0 0 0
2011900113666420 137212174624640 send 18 0 0 365 363 1
2011900114043446 137212174624640 send 464731 0 0 365 363 1
2011900114337345 137212174624640 send 379139 0 0 365 363 1
2011900114338975 137212174624640 send 14 0 0 365 363 1
2011900114339185 137212174624640 egress 366 1 0 363 0 0
2011900113616892 137212158232256 emit_beg 366 0 0 0 0 0
2011900113620622 137212158232256 dmg 0 1 0 0 1920 1080
2011900113620812 137212158232256 enc 365 365 1 -1 -1 0
2011900113679709 137212158232256 emit_end 366 0 0 0 0 0
2011900140478801 137212166624960 wait_end 0 0 0 0 0 0
2011900140483471 137212166624960 drain_beg 0 0 0 0 0 0
2011900140483881 137212166624960 drain_end 1 0 0 0 0 0
2011900140484101 137212166624960 take 367 0 0 0 0 0
2011900140484731 137212166624960 subm_beg 1 0 0 0 0 0
2011900140486391 137212166624960 submit 367 0 0 0 0 0
2011900140486591 137212166624960 subm_end 1 0 0 0 0 0
2011900140486621 137212166624960 pump_beg 1 0 0 0 0 0
2011900140819918 137212166624960 feedend 366 0 0 0 0 0
2011900141034730 137212166624960 feedend 366 1 0 0 0 0
2011900135856000 137212174624640 cliack 364 0 365 366 0 0
2011900135856639 137212174624640 ackregion 365 366 366 364 1 0
2011900140460371 137212174624640 msgin 367 12533760 0 0 0 0
2011900140462631 137212174624640 enq 367 1 0 0 0 0
2011900147639459 137212166624960 outfirst 366 1 65536 0 0 0
2011900148679131 137212166624960 outfirst 366 0 65536 0 0 0
2011900148724859 137212166624960 pump_end 1 2 0 0 0 0
2011900148725519 137212166624960 join_beg 1 0 0 0 0 0
2011900148726359 137212166624960 join_end 0 0 0 0 0 0
2011900148726709 137212166624960 book_beg 1 0 0 0 0 0
2011900148727019 137212166624960 batch 367 1 1 2 2 0
2011900148727169 137212166624960 book_end 1 0 0 0 0 0
2011900148727319 137212166624960 coll_beg 0 0 0 0 0 0
2011900148994910 137212166624960 coll_end 0 0 0 0 0 0
2011900148995090 137212166624960 rel_beg 1 0 0 0 0 0
2011900148995360 137212166624960 absorb 367 0 0 0 0 0
2011900149006899 137212166624960 rel_end 1 0 0 0 0 0
2011900149009359 137212166624960 wait_beg 0 0 0 0 0 0
2011900149074307 137212174624640 send 18 0 0 366 364 1
2011900149362356 137212174624640 send 379601 0 0 366 364 1
2011900149586318 137212174624640 send 305022 0 0 366 364 1
2011900149587588 137212174624640 send 14 0 0 366 364 1
2011900149587908 137212174624640 egress 367 1 0 364 0 0
2011900149024129 137212158232256 emit_beg 367 0 0 0 0 0
2011900149030668 137212158232256 dmg 0 1 0 0 1920 1080
2011900149030848 137212158232256 enc 366 366 1 -1 -1 0
2011900149082576 137212158232256 emit_end 367 0 0 0 0 0
2011900171116482 137212166624960 wait_end 0 0 0 0 0 0
2011900171119902 137212166624960 drain_beg 0 0 0 0 0 0
2011900171120112 137212166624960 drain_end 1 0 0 0 0 0
2011900171120302 137212166624960 take 368 0 0 0 0 0
2011900171120602 137212166624960 subm_beg 1 0 0 0 0 0
2011900171121072 137212166624960 submit 368 0 0 0 0 0
2011900171121302 137212166624960 subm_end 1 0 0 0 0 0
2011900171121362 137212166624960 pump_beg 1 0 0 0 0 0
2011900171431940 137212166624960 feedend 367 0 0 0 0 0
2011900171635363 137212166624960 feedend 367 1 0 0 0 0
2011900166428753 137212174624640 cliack 365 0 366 367 0 0
2011900166428843 137212174624640 ackregion 366 367 367 365 1 0
2011900171099702 137212174624640 msgin 368 12533760 0 0 0 0
2011900171100192 137212174624640 enq 368 1 0 0 0 0
2011900178774372 137212166624960 outfirst 367 1 65536 0 0 0
2011900180025166 137212166624960 outfirst 367 0 65536 0 0 0
2011900180110633 137212166624960 pump_end 1 2 0 0 0 0
2011900180111163 137212166624960 join_beg 1 0 0 0 0 0
2011900180111873 137212166624960 join_end 0 0 0 0 0 0
2011900180112053 137212166624960 book_beg 1 0 0 0 0 0
2011900180113213 137212166624960 batch 368 1 1 2 2 0
2011900180113363 137212166624960 book_end 1 0 0 0 0 0
2011900180113503 137212166624960 coll_beg 0 0 0 0 0 0
2011900180448931 137212166624960 coll_end 0 0 0 0 0 0
2011900180449101 137212166624960 rel_beg 1 0 0 0 0 0
2011900180449801 137212166624960 absorb 368 0 0 0 0 0
2011900180454561 137212166624960 rel_end 1 0 0 0 0 0
2011900180457181 137212166624960 wait_beg 0 0 0 0 0 0
2011900180545377 137212174624640 send 18 0 0 367 365 1
2011900181200193 137212174624640 send 460660 0 0 367 365 1
2011900181649467 137212174624640 send 367804 0 0 367 365 1
2011900181651847 137212174624640 send 14 0 0 367 365 1
2011900181652157 137212174624640 egress 368 1 0 365 0 0
2011900180473640 137212158232256 emit_beg 368 0 0 0 0 0
2011900180476230 137212158232256 dmg 0 1 0 0 1920 1080
2011900180476470 137212158232256 enc 367 367 1 -1 -1 0
2011900180531908 137212158232256 emit_end 368 0 0 0 0 0
2011900205121270 137212166624960 wait_end 0 0 0 0 0 0
2011900205123990 137212166624960 drain_beg 0 0 0 0 0 0
2011900205124330 137212166624960 drain_end 1 0 0 0 0 0
2011900205124560 137212166624960 take 369 0 0 0 0 0
2011900205124760 137212166624960 subm_beg 1 0 0 0 0 0
2011900205125860 137212166624960 submit 369 0 0 0 0 0
2011900205126010 137212166624960 subm_end 1 0 0 0 0 0
2011900205126040 137212166624960 pump_beg 1 0 0 0 0 0
2011900205374371 137212166624960 feedend 368 0 0 0 0 0
2011900205537495 137212166624960 feedend 368 1 0 0 0 0
2011900202867992 137212174624640 cliack 366 0 367 368 0 0
2011900202869082 137212174624640 ackregion 367 368 368 366 1 0
2011900205101661 137212174624640 msgin 369 12533760 0 0 0 0
2011900205102821 137212174624640 enq 369 1 0 0 0 0
2011900212552088 137212166624960 outfirst 368 1 65536 0 0 0
2011900213516243 137212166624960 outfirst 368 0 65536 0 0 0
2011900213577481 137212166624960 pump_end 1 2 0 0 0 0
2011900213577721 137212166624960 join_beg 1 0 0 0 0 0
2011900213577961 137212166624960 join_end 0 0 0 0 0 0
2011900213578261 137212166624960 book_beg 1 0 0 0 0 0
2011900213578881 137212166624960 batch 369 1 1 2 2 0
2011900213579031 137212166624960 book_end 1 0 0 0 0 0
2011900213579191 137212166624960 coll_beg 0 0 0 0 0 0
2011900213970007 137212166624960 coll_end 0 0 0 0 0 0
2011900213970187 137212166624960 rel_beg 1 0 0 0 0 0
2011900213970667 137212166624960 absorb 369 0 0 0 0 0
2011900213974276 137212166624960 rel_end 1 0 0 0 0 0
2011900213978706 137212166624960 wait_beg 0 0 0 0 0 0
2011900214086972 137212174624640 send 18 0 0 368 366 1
2011900214588574 137212174624640 send 427332 0 0 368 366 1
2011900214947791 137212174624640 send 362519 0 0 368 366 1
2011900214949041 137212174624640 send 14 0 0 368 366 1
2011900214949381 137212174624640 egress 369 1 0 366 0 0
2011900214000065 137212158232256 emit_beg 369 0 0 0 0 0
2011900214019015 137212158232256 dmg 0 1 0 0 1920 1080
2011900214019255 137212158232256 enc 368 368 1 -1 -1 0
2011900214075723 137212158232256 emit_end 369 0 0 0 0 0
2011900236586571 137212166624960 wait_end 0 0 0 0 0 0
2011900236590391 137212166624960 drain_beg 0 0 0 0 0 0
2011900236590710 137212166624960 drain_end 1 0 0 0 0 0
2011900236590880 137212166624960 take 370 0 0 0 0 0
2011900236591250 137212166624960 subm_beg 1 0 0 0 0 0
2011900236592590 137212166624960 submit 370 0 0 0 0 0
2011900236592740 137212166624960 subm_end 1 0 0 0 0 0
2011900236592770 137212166624960 pump_beg 1 0 0 0 0 0
2011900236873840 137212166624960 feedend 369 0 0 0 0 0
2011900237081773 137212166624960 feedend 369 1 0 0 0 0
2011900232463861 137212174624640 cliack 367 0 368 369 0 0
2011900232464031 137212174624640 ackregion 368 369 369 367 1 0
2011900236572021 137212174624640 msgin 370 12533760 0 0 0 0
2011900236574081 137212174624640 enq 370 1 0 0 0 0
2011900243593485 137212166624960 outfirst 369 1 65536 0 0 0
2011900244459163 137212166624960 outfirst 369 0 65536 0 0 0
2011900244516011 137212166624960 pump_end 1 2 0 0 0 0
2011900244516311 137212166624960 join_beg 1 0 0 0 0 0
2011900244516841 137212166624960 join_end 0 0 0 0 0 0
2011900244517301 137212166624960 book_beg 1 0 0 0 0 0
2011900244518231 137212166624960 batch 370 1 1 2 2 0
2011900244518391 137212166624960 book_end 1 0 0 0 0 0
2011900244518561 137212166624960 coll_beg 0 0 0 0 0 0
2011900244832009 137212166624960 coll_end 0 0 0 0 0 0
2011900244832199 137212166624960 rel_beg 1 0 0 0 0 0
2011900244832459 137212166624960 absorb 370 0 0 0 0 0
2011900244836409 137212166624960 rel_end 1 0 0 0 0 0
2011900244838499 137212166624960 wait_beg 0 0 0 0 0 0
2011900244883868 137212174624640 send 18 0 0 369 367 1
2011900245162607 137212174624640 send 356027 0 0 369 367 1
2011900245379619 137212174624640 send 298924 0 0 369 367 1
2011900245380889 137212174624640 send 14 0 0 369 367 1
2011900245381179 137212174624640 egress 370 1 0 367 0 0
2011900244859078 137212158232256 emit_beg 370 0 0 0 0 0
2011900244864338 137212158232256 dmg 0 1 0 0 1920 1080
2011900244864538 137212158232256 enc 369 369 1 -1 -1 0
2011900244909277 137212158232256 emit_end 370 0 0 0 0 0
2011900268311282 137212174624640 cliack 368 0 369 370 0 0
2011900268311362 137212174624640 ackregion 369 370 370 368 1 0
2011900273497753 137212166624960 wait_end 0 0 0 0 0 0
2011900273501882 137212166624960 drain_beg 0 0 0 0 0 0
2011900273502342 137212166624960 drain_end 1 0 0 0 0 0
2011900273502552 137212166624960 take 371 0 0 0 0 0
2011900273502882 137212166624960 subm_beg 1 0 0 0 0 0
2011900273503702 137212166624960 submit 371 0 0 0 0 0
2011900273503872 137212166624960 subm_end 1 0 0 0 0 0
2011900273504162 137212166624960 pump_beg 1 0 0 0 0 0
2011900273796532 137212166624960 feedend 370 0 0 0 0 0
2011900273982865 137212166624960 feedend 370 1 0 0 0 0
2011900280941661 137212166624960 outfirst 370 1 65536 0 0 0
2011900282283162 137212166624960 outfirst 370 0 65536 0 0 0
2011900282368899 137212166624960 pump_end 1 2 0 0 0 0
2011900282369229 137212166624960 join_beg 1 0 0 0 0 0
2011900282370339 137212166624960 join_end 0 0 0 0 0 0
2011900282370649 137212166624960 book_beg 1 0 0 0 0 0
2011900282371698 137212166624960 batch 371 1 1 2 2 0
2011900282371778 137212166624960 book_end 1 0 0 0 0 0
2011900282371838 137212166624960 coll_beg 0 0 0 0 0 0
2011900273470854 137212174624640 msgin 371 12533760 0 0 0 0
2011900273472313 137212174624640 enq 371 1 0 0 0 0
2011900282780794 137212166624960 coll_end 0 0 0 0 0 0
2011900282781074 137212166624960 rel_beg 1 0 0 0 0 0
2011900282781784 137212166624960 absorb 371 0 0 0 0 0
2011900282786573 137212166624960 rel_end 1 0 0 0 0 0
2011900282788923 137212166624960 wait_beg 0 0 0 0 0 0
2011900282833122 137212174624640 send 18 0 0 370 368 1
2011900283204678 137212174624640 send 458018 0 0 370 368 1
2011900283470458 137212174624640 send 360647 0 0 370 368 1
2011900283471598 137212174624640 send 14 0 0 370 368 1
2011900283471898 137212174624640 egress 371 1 0 368 0 0
2011900282808323 137212158232256 emit_beg 371 0 0 0 0 0
2011900282813102 137212158232256 dmg 0 1 0 0 1920 1080
2011900282813442 137212158232256 enc 370 370 1 -1 -1 0
2011900282869080 137212158232256 emit_end 371 0 0 0 0 0
2011900302582000 137212174624640 cliack 369 0 370 371 0 0
2011900302582180 137212174624640 ackregion 370 371 371 369 1 0
2011900306169539 137212166624960 wait_end 0 0 0 0 0 0
2011900306172999 137212166624960 drain_beg 0 0 0 0 0 0
2011900306173439 137212166624960 drain_end 1 0 0 0 0 0
2011900306173609 137212166624960 take 372 0 0 0 0 0
2011900306174029 137212166624960 subm_beg 1 0 0 0 0 0
2011900306175469 137212166624960 submit 372 0 0 0 0 0
2011900306175639 137212166624960 subm_end 1 0 0 0 0 0
2011900306175669 137212166624960 pump_beg 1 0 0 0 0 0
2011900306430120 137212166624960 feedend 371 0 0 0 0 0
2011900306610643 137212166624960 feedend 371 1 0 0 0 0
2011900306154140 137212174624640 msgin 372 12533760 0 0 0 0
2011900306157150 137212174624640 enq 372 1 0 0 0 0
2011900314113249 137212166624960 outfirst 371 1 65536 0 0 0
2011900314749376 137212166624960 outfirst 371 0 65536 0 0 0
2011900314915550 137212166624960 pump_end 1 2 0 0 0 0
2011900314915970 137212166624960 join_beg 1 0 0 0 0 0
2011900314916870 137212166624960 join_end 0 0 0 0 0 0
2011900314917210 137212166624960 book_beg 1 0 0 0 0 0
2011900314918270 137212166624960 batch 372 1 1 2 2 0
2011900314918420 137212166624960 book_end 1 0 0 0 0 0
2011900314918580 137212166624960 coll_beg 0 0 0 0 0 0
2011900315237188 137212166624960 coll_end 0 0 0 0 0 0
2011900315237348 137212166624960 rel_beg 1 0 0 0 0 0
2011900315238088 137212166624960 absorb 372 0 0 0 0 0
2011900315244648 137212166624960 rel_end 1 0 0 0 0 0
2011900315248118 137212166624960 wait_beg 0 0 0 0 0 0
2011900315327815 137212174624640 send 18 0 0 371 369 1
2011900315683922 137212174624640 send 443845 0 0 371 369 1
2011900316002980 137212174624640 send 403939 0 0 371 369 1
2011900316005010 137212174624640 send 14 0 0 371 369 1
2011900316005690 137212174624640 egress 372 1 0 369 0 0
2011900315254388 137212158232256 emit_beg 372 0 0 0 0 0
2011900315256327 137212158232256 dmg 0 1 0 0 1920 1080
2011900315256497 137212158232256 enc 371 371 1 -1 -1 0
2011900315310645 137212158232256 emit_end 372 0 0 0 0 0
2011900330708233 137212174624640 cliack 370 0 371 372 0 0
2011900330709073 137212174624640 ackregion 371 372 372 370 1 0
2011900333628346 137212166624960 wait_end 0 0 0 0 0 0
2011900333633156 137212166624960 drain_beg 0 0 0 0 0 0
2011900333633726 137212166624960 drain_end 1 0 0 0 0 0
2011900333633846 137212166624960 take 373 0 0 0 0 0
2011900333634456 137212166624960 subm_beg 1 0 0 0 0 0
2011900333635716 137212166624960 submit 373 0 0 0 0 0
2011900333635806 137212166624960 subm_end 1 0 0 0 0 0
2011900333635856 137212166624960 pump_beg 1 0 0 0 0 0
2011900333931885 137212166624960 feedend 372 0 0 0 0 0
2011900334104499 137212166624960 feedend 372 1 0 0 0 0
2011900341512268 137212166624960 outfirst 372 1 65536 0 0 0
2011900342471193 137212166624960 outfirst 372 0 65536 0 0 0
2011900342545301 137212166624960 pump_end 1 2 0 0 0 0
2011900342545971 137212166624960 join_beg 1 0 0 0 0 0
2011900342547161 137212166624960 join_end 0 0 0 0 0 0
2011900342547221 137212166624960 book_beg 1 0 0 0 0 0
2011900342548501 137212166624960 batch 373 1 1 2 2 0
2011900342548621 137212166624960 book_end 1 0 0 0 0 0
2011900342548751 137212166624960 coll_beg 0 0 0 0 0 0
2011900342794762 137212166624960 coll_end 0 0 0 0 0 0
2011900342794802 137212166624960 rel_beg 1 0 0 0 0 0
2011900342795542 137212166624960 absorb 373 0 0 0 0 0
2011900342801491 137212166624960 rel_end 1 0 0 0 0 0
2011900342803631 137212166624960 wait_beg 0 0 0 0 0 0
2011900333600217 137212174624640 msgin 373 12533760 0 0 0 0
2011900333601117 137212174624640 enq 373 1 0 0 0 0
2011900342905998 137212174624640 send 18 0 0 372 370 1
2011900342820241 137212158232256 emit_beg 373 0 0 0 0 0
2011900342827050 137212158232256 dmg 0 1 0 0 1920 1080
2011900342827290 137212158232256 enc 372 372 1 -1 -1 0
2011900342895628 137212158232256 emit_end 373 0 0 0 0 0
2011900343469767 137212174624640 send 465976 0 0 372 370 1
2011900343889312 137212174624640 send 400101 0 0 372 370 1
2011900343890572 137212174624640 send 14 0 0 372 370 1
2011900343890782 137212174624640 egress 373 1 0 370 0 0
2011900371747834 137212166624960 wait_end 0 0 0 0 0 0
2011900371753014 137212166624960 drain_beg 0 0 0 0 0 0
2011900371753744 137212166624960 drain_end 1 0 0 0 0 0
2011900371753974 137212166624960 take 374 0 0 0 0 0
2011900371754654 137212166624960 subm_beg 1 0 0 0 0 0
2011900371756454 137212166624960 submit 374 0 0 0 0 0
2011900371756634 137212166624960 subm_end 1 0 0 0 0 0
2011900371756694 137212166624960 pump_beg 1 0 0 0 0 0
2011900372041643 137212166624960 feedend 373 0 0 0 0 0
2011900372244566 137212166624960 feedend 373 1 0 0 0 0
2011900366205497 137212174624640 cliack 371 0 372 373 0 0
2011900366205747 137212174624640 ackregion 372 373 373 371 1 0
2011900371731735 137212174624640 msgin 374 12533760 0 0 0 0
2011900371733435 137212174624640 enq 374 1 0 0 0 0
2011900379471602 137212166624960 outfirst 373 1 65536 0 0 0
2011900380375159 137212166624960 outfirst 373 0 65536 0 0 0
2011900380446827 137212166624960 pump_end 1 2 0 0 0 0
2011900380447067 137212166624960 join_beg 1 0 0 0 0 0
2011900380447517 137212166624960 join_end 0 0 0 0 0 0
2011900380447697 137212166624960 book_beg 1 0 0 0 0 0
2011900380448406 137212166624960 batch 374 1 1 2 2 0
2011900380448556 137212166624960 book_end 1 0 0 0 0 0
2011900380448706 137212166624960 coll_beg 0 0 0 0 0 0
2011900380838502 137212166624960 coll_end 0 0 0 0 0 0
2011900380838672 137212166624960 rel_beg 1 0 0 0 0 0
2011900380839222 137212166624960 absorb 374 0 0 0 0 0
2011900380843932 137212166624960 rel_end 1 0 0 0 0 0
2011900380846262 137212166624960 wait_beg 0 0 0 0 0 0
2011900380928349 137212174624640 send 18 0 0 373 371 1
2011900381469479 137212174624640 send 433745 0 0 373 371 1
2011900381914303 137212174624640 send 374658 0 0 373 371 1
2011900381915783 137212174624640 send 14 0 0 373 371 1
2011900381916043 137212174624640 egress 374 1 0 371 0 0
2011900380850552 137212158232256 emit_beg 374 0 0 0 0 0
2011900380852672 137212158232256 dmg 0 1 0 0 1920 1080
2011900380852842 137212158232256 enc 373 373 1 -1 -1 0
2011900380901290 137212158232256 emit_end 374 0 0 0 0 0
2011900402757662 137212174624640 cliack 372 0 373 374 0 0
2011900402758042 137212174624640 ackregion 373 374 374 372 1 0
2011900404671392 137212166624960 wait_end 0 0 0 0 0 0
2011900404674582 137212166624960 drain_beg 0 0 0 0 0 0
2011900404675112 137212166624960 drain_end 1 0 0 0 0 0
2011900404675322 137212166624960 take 375 0 0 0 0 0
2011900404675732 137212166624960 subm_beg 1 0 0 0 0 0
2011900404676892 137212166624960 submit 375 0 0 0 0 0
2011900404677042 137212166624960 subm_end 1 0 0 0 0 0
2011900404677092 137212166624960 pump_beg 1 0 0 0 0 0
2011900404993100 137212166624960 feedend 374 0 0 0 0 0
2011900405265010 137212166624960 feedend 374 1 0 0 0 0
2011900412097931 137212166624960 outfirst 374 1 65536 0 0 0
2011900413363074 137212166624960 outfirst 374 0 65536 0 0 0
2011900413429432 137212166624960 pump_end 1 2 0 0 0 0
2011900413429702 137212166624960 join_beg 1 0 0 0 0 0
2011900413430502 137212166624960 join_end 0 0 0 0 0 0
2011900413430932 137212166624960 book_beg 1 0 0 0 0 0
2011900413431812 137212166624960 batch 375 1 1 2 2 0
2011900413431892 137212166624960 book_end 1 0 0 0 0 0
2011900413432072 137212166624960 coll_beg 0 0 0 0 0 0
2011900404649403 137212174624640 msgin 375 12533760 0 0 0 0
2011900404649743 137212174624640 enq 375 1 0 0 0 0
2011900413724961 137212166624960 coll_end 0 0 0 0 0 0
2011900413725271 137212166624960 rel_beg 1 0 0 0 0 0
2011900413725751 137212166624960 absorb 375 0 0 0 0 0
2011900413729331 137212166624960 rel_end 1 0 0 0 0 0
2011900413731611 137212166624960 wait_beg 0 0 0 0 0 0
2011900413887565 137212174624640 send 18 0 0 374 372 1
2011900414369788 137212174624640 send 410151 0 0 374 372 1
2011900414720505 137212174624640 send 310260 0 0 374 372 1
2011900414722335 137212174624640 send 14 0 0 374 372 1
2011900414723065 137212174624640 egress 375 1 0 372 0 0
2011900413752330 137212158232256 emit_beg 375 0 0 0 0 0
2011900413767160 137212158232256 dmg 0 1 0 0 1920 1080
2011900413767540 137212158232256 enc 374 374 1 -1 -1 0
2011900413844137 137212158232256 emit_end 375 0 0 0 0 0
2011900440449895 137212174624640 cliack 373 0 374 375 0 0
2011900440450045 137212174624640 ackregion 374 375 375 373 1 0
2011900445260089 137212166624960 wait_end 0 0 0 0 0 0
2011900445264059 137212166624960 drain_beg 0 0 0 0 0 0
2011900445264559 137212166624960 drain_end 1 0 0 0 0 0
2011900445264749 137212166624960 take 376 0 0 0 0 0
2011900445265459 137212166624960 subm_beg 1 0 0 0 0 0
2011900445266579 137212166624960 submit 376 0 0 0 0 0
2011900445266749 137212166624960 subm_end 1 0 0 0 0 0
2011900445266809 137212166624960 pump_beg 1 0 0 0 0 0
2011900445560418 137212166624960 feedend 375 0 0 0 0 0
2011900445764851 137212166624960 feedend 375 1 0 0 0 0
2011900453322455 137212166624960 outfirst 375 1 65536 0 0 0
2011900445233780 137212174624640 msgin 376 12533760 0 0 0 0
2011900445234800 137212174624640 enq 376 1 0 0 0 0
2011900454585729 137212166624960 outfirst 375 0 65536 0 0 0
2011900454692365 137212166624960 pump_end 1 2 0 0 0 0
2011900454692645 137212166624960 join_beg 1 0 0 0 0 0
2011900454693475 137212166624960 join_end 0 0 0 0 0 0
2011900454693775 137212166624960 book_beg 1 0 0 0 0 0
2011900454694335 137212166624960 batch 376 1 1 2 2 0
2011900454694515 137212166624960 book_end 1 0 0 0 0 0
2011900454694675 137212166624960 coll_beg 0 0 0 0 0 0
2011900455155338 137212166624960 coll_end 0 0 0 0 0 0
2011900455155498 137212166624960 rel_beg 1 0 0 0 0 0
2011900455156138 137212166624960 absorb 376 0 0 0 0 0
2011900455159278 137212166624960 rel_end 1 0 0 0 0 0
2011900455161418 137212166624960 wait_beg 0 0 0 0 0 0
2011900455207146 137212174624640 send 18 0 0 375 373 1
2011900455604012 137212174624640 send 496210 0 0 375 373 1
2011900455930140 137212174624640 send 414051 0 0 375 373 1
2011900455931820 137212174624640 send 14 0 0 375 373 1
2011900455932010 137212174624640 egress 376 1 0 373 0 0
2011900455167448 137212158232256 emit_beg 376 0 0 0 0 0
2011900455170537 137212158232256 dmg 0 1 0 0 1920 1080
2011900455170737 137212158232256 enc 375 375 1 -1 -1 0
2011900455228245 137212158232256 emit_end 376 0 0 0 0 0
2011900476260477 137212166624960 wait_end 0 0 0 0 0 0
2011900476265557 137212166624960 drain_beg 0 0 0 0 0 0
2011900476265977 137212166624960 drain_end 1 0 0 0 0 0
2011900476266137 137212166624960 take 377 0 0 0 0 0
2011900476266577 137212166624960 subm_beg 1 0 0 0 0 0
2011900476267567 137212166624960 submit 377 0 0 0 0 0
2011900476267747 137212166624960 subm_end 1 0 0 0 0 0
2011900476267837 137212166624960 pump_beg 1 0 0 0 0 0
2011900476568836 137212166624960 feedend 376 0 0 0 0 0
2011900476750529 137212166624960 feedend 376 1 0 0 0 0
2011900483375787 137212166624960 outfirst 376 1 65536 0 0 0
2011900475190826 137212174624640 cliack 374 0 375 376 0 0
2011900475191256 137212174624640 ackregion 375 376 376 374 1 0
2011900476234848 137212174624640 msgin 377 12533760 0 0 0 0
2011900476235438 137212174624640 enq 377 1 0 0 0 0
2011900484743917 137212166624960 outfirst 376 0 65536 0 0 0
2011900484804075 137212166624960 pump_end 1 2 0 0 0 0
2011900484804625 137212166624960 join_beg 1 0 0 0 0 0
2011900484805345 137212166624960 join_end 0 0 0 0 0 0
2011900484805435 137212166624960 book_beg 1 0 0 0 0 0
2011900484805845 137212166624960 batch 377 1 1 2 2 0
2011900484806015 137212166624960 book_end 1 0 0 0 0 0
2011900484806175 137212166624960 coll_beg 0 0 0 0 0 0
2011900485091095 137212166624960 coll_end 0 0 0 0 0 0
2011900485091345 137212166624960 rel_beg 1 0 0 0 0 0
2011900485092085 137212166624960 absorb 377 0 0 0 0 0
2011900485095604 137212166624960 rel_end 1 0 0 0 0 0
2011900485098304 137212166624960 wait_beg 0 0 0 0 0 0
2011900485134553 137212174624640 send 18 0 0 376 374 1
2011900485454251 137212174624640 send 400600 0 0 376 374 1
2011900485707672 137212174624640 send 324763 0 0 376 374 1
2011900485709212 137212174624640 send 14 0 0 376 374 1
2011900485709642 137212174624640 egress 377 1 0 374 0 0
2011900485105014 137212158232256 emit_beg 377 0 0 0 0 0
2011900485108804 137212158232256 dmg 0 1 0 0 1920 1080
2011900485109004 137212158232256 enc 376 376 1 -1 -1 0
2011900485155022 137212158232256 emit_end 377 0 0 0 0 0
2011900510095281 137212166624960 wait_end 0 0 0 0 0 0
2011900510098781 137212166624960 drain_beg 0 0 0 0 0 0
2011900510099201 137212166624960 drain_end 1 0 0 0 0 0
2011900510099371 137212166624960 take 378 0 0 0 0 0
2011900510099741 137212166624960 subm_beg 1 0 0 0 0 0
2011900510100751 137212166624960 submit 378 0 0 0 0 0
2011900510100961 137212166624960 subm_end 1 0 0 0 0 0
2011900510101011 137212166624960 pump_beg 1 0 0 0 0 0
2011900510410380 137212166624960 feedend 377 0 0 0 0 0
2011900510618092 137212166624960 feedend 377 1 0 0 0 0
2011900506314519 137212174624640 cliack 375 0 376 377 0 0
2011900506315239 137212174624640 ackregion 376 377 377 375 1 0
2011900510071372 137212174624640 msgin 378 12533760 0 0 0 0
2011900510072382 137212174624640 enq 378 1 0 0 0 0
2011900518386979 137212166624960 outfirst 377 1 65536 0 0 0
2011900519283476 137212166624960 outfirst 377 0 65536 0 0 0
2011900519375363 137212166624960 pump_end 1 2 0 0 0 0
2011900519375653 137212166624960 join_beg 1 0 0 0 0 0
2011900519375913 137212166624960 join_end 0 0 0 0 0 0
2011900519376173 137212166624960 book_beg 1 0 0 0 0 0
2011900519377012 137212166624960 batch 378 1 1 2 2 0
2011900519377172 137212166624960 book_end 1 0 0 0 0 0
2011900519377342 137212166624960 coll_beg 0 0 0 0 0 0
2011900519837676 137212166624960 coll_end 0 0 0 0 0 0
2011900519837866 137212166624960 rel_beg 1 0 0 0 0 0
2011900519838946 137212166624960 absorb 378 0 0 0 0 0
2011900519842865 137212166624960 rel_end 1 0 0 0 0 0
2011900519844785 137212166624960 wait_beg 0 0 0 0 0 0
2011900519901323 137212174624640 send 18 0 0 377 375 1
2011900520286379 137212174624640 send 489962 0 0 377 375 1
2011900520626137 137212174624640 send 443303 0 0 377 375 1
2011900520627957 137212174624640 send 14 0 0 377 375 1
2011900520628487 137212174624640 egress 378 1 0 375 0 0
2011900519851135 137212158232256 emit_beg 378 0 0 0 0 0
2011900519853925 137212158232256 dmg 0 1 0 0 1920 1080
2011900519854325 137212158232256 enc 377 377 1 -1 -1 0
2011900519909693 137212158232256 emit_end 378 0 0 0 0 0
2011900547474036 137212166624960 wait_end 0 0 0 0 0 0
2011900547478136 137212166624960 drain_beg 0 0 0 0 0 0
2011900547478696 137212166624960 drain_end 1 0 0 0 0 0
2011900547478896 137212166624960 take 379 0 0 0 0 0
2011900547479216 137212166624960 subm_beg 1 0 0 0 0 0
2011900547480726 137212166624960 submit 379 0 0 0 0 0
2011900547480896 137212166624960 subm_end 1 0 0 0 0 0
2011900547480956 137212166624960 pump_beg 1 0 0 0 0 0
2011900547788255 137212166624960 feedend 378 0 0 0 0 0
2011900547997417 137212166624960 feedend 378 1 0 0 0 0
2011900545616364 137212174624640 cliack 376 0 377 378 0 0
2011900545617054 137212174624640 ackregion 377 378 378 376 1 0
2011900547449457 137212174624640 msgin 379 12533760 0 0 0 0
2011900547450667 137212174624640 enq 379 1 0 0 0 0
2011900554622325 137212166624960 outfirst 378 1 65536 0 0 0
2011900555747634 137212166624960 outfirst 378 0 65536 0 0 0
2011900555813622 137212166624960 pump_end 1 2 0 0 0 0
2011900555814022 137212166624960 join_beg 1 0 0 0 0 0
2011900555814262 137212166624960 join_end 0 0 0 0 0 0
2011900555814702 137212166624960 book_beg 1 0 0 0 0 0
2011900555815312 137212166624960 batch 379 1 1 2 2 0
2011900555815462 137212166624960 book_end 1 0 0 0 0 0
2011900555815622 137212166624960 coll_beg 0 0 0 0 0 0
2011900556221767 137212166624960 coll_end 0 0 0 0 0 0
2011900556222097 137212166624960 rel_beg 1 0 0 0 0 0
2011900556222687 137212166624960 absorb 379 0 0 0 0 0
2011900556229246 137212166624960 rel_end 1 0 0 0 0 0
2011900556233656 137212166624960 wait_beg 0 0 0 0 0 0
2011900556339052 137212174624640 send 18 0 0 378 376 1
2011900556863873 137212174624640 send 392412 0 0 378 376 1
2011900557166542 137212174624640 send 327198 0 0 378 376 1
2011900557168622 137212174624640 send 14 0 0 378 376 1
2011900557169142 137212174624640 egress 379 1 0 376 0 0
2011900556253946 137212158232256 emit_beg 379 0 0 0 0 0
2011900556263635 137212158232256 dmg 0 1 0 0 1920 1080
2011900556263835 137212158232256 enc 378 378 1 -1 -1 0
2011900556318553 137212158232256 emit_end 379 0 0 0 0 0
2011900580413863 137212166624960 wait_end 0 0 0 0 0 0
2011900580417113 137212166624960 drain_beg 0 0 0 0 0 0
2011900580417613 137212166624960 drain_end 1 0 0 0 0 0
2011900580417813 137212166624960 take 380 0 0 0 0 0
2011900580418323 137212166624960 subm_beg 1 0 0 0 0 0
2011900580420143 137212166624960 submit 380 0 0 0 0 0
2011900580420303 137212166624960 subm_end 1 0 0 0 0 0
2011900580420343 137212166624960 pump_beg 1 0 0 0 0 0
2011900580667664 137212166624960 feedend 379 0 0 0 0 0
2011900580859007 137212166624960 feedend 379 1 0 0 0 0
2011900577063346 137212174624640 cliack 377 0 378 379 0 0
2011900577063606 137212174624640 ackregion 378 379 379 377 1 0
2011900580401644 137212174624640 msgin 380 12533760 0 0 0 0
2011900580402404 137212174624640 enq 380 1 0 0 0 0
2011900588222678 137212166624960 outfirst 379 1 65536 0 0 0
2011900589386066 137212166624960 outfirst 379 0 65536 0 0 0
2011900589453553 137212166624960 pump_end 1 2 0 0 0 0
2011900589454033 137212166624960 join_beg 1 0 0 0 0 0
2011900589455073 137212166624960 join_end 0 0 0 0 0 0
2011900589455263 137212166624960 book_beg 1 0 0 0 0 0
2011900589456353 137212166624960 batch 380 1 1 2 2 0
2011900589456483 137212166624960 book_end 1 0 0 0 0 0
2011900589456603 137212166624960 coll_beg 0 0 0 0 0 0
2011900589730633 137212166624960 coll_end 0 0 0 0 0 0
2011900589730783 137212166624960 rel_beg 1 0 0 0 0 0
2011900589731433 137212166624960 absorb 380 0 0 0 0 0
2011900589736323 137212166624960 rel_end 1 0 0 0 0 0
2011900589738433 137212166624960 wait_beg 0 0 0 0 0 0
2011900589801060 137212174624640 send 18 0 0 379 377 1
2011900590286603 137212174624640 send 479106 0 0 379 377 1
2011900590582082 137212174624640 send 385284 0 0 379 377 1
2011900590583952 137212174624640 send 14 0 0 379 377 1
2011900590584302 137212174624640 egress 380 1 0 377 0 0
2011900589744372 137212158232256 emit_beg 380 0 0 0 0 0
2011900589748302 137212158232256 dmg 0 1 0 0 1920 1080
2011900589748632 137212158232256 enc 379 379 1 -1 -1 0
2011900589805040 137212158232256 emit_end 380 0 0 0 0 0
2011900621027920 137212166624960 wait_end 0 0 0 0 0 0
2011900621030420 137212166624960 drain_beg 0 0 0 0 0 0
2011900621030920 137212166624960 drain_end 1 0 0 0 0 0
2011900621031090 137212166624960 take 381 0 0 0 0 0
2011900621031590 137212166624960 subm_beg 1 0 0 0 0 0
2011900621032880 137212166624960 submit 381 0 0 0 0 0
2011900621033020 137212166624960 subm_end 1 0 0 0 0 0
2011900621033080 137212166624960 pump_beg 1 0 0 0 0 0
2011900621309150 137212166624960 feedend 380 0 0 0 0 0
2011900621504422 137212166624960 feedend 380 1 0 0 0 0
2011900617442481 137212174624640 cliack 378 0 379 380 0 0
2011900617442861 137212174624640 ackregion 379 380 380 378 1 0
2011900621014840 137212174624640 msgin 381 12533760 0 0 0 0
2011900621015880 137212174624640 enq 381 1 0 0 0 0
2011900628823855 137212166624960 outfirst 380 1 65536 0 0 0
2011900629314667 137212166624960 outfirst 380 0 65536 0 0 0
2011900629377305 137212166624960 pump_end 1 2 0 0 0 0
2011900629377885 137212166624960 join_beg 1 0 0 0 0 0
2011900629378855 137212166624960 join_end 0 0 0 0 0 0
2011900629379025 137212166624960 book_beg 1 0 0 0 0 0
2011900629379455 137212166624960 batch 381 1 1 2 2 0
2011900629379605 137212166624960 book_end 1 0 0 0 0 0
2011900629379745 137212166624960 coll_beg 0 0 0 0 0 0
2011900629659345 137212166624960 coll_end 0 0 0 0 0 0
2011900629659505 137212166624960 rel_beg 1 0 0 0 0 0
2011900629659945 137212166624960 absorb 381 0 0 0 0 0
2011900629663475 137212166624960 rel_end 1 0 0 0 0 0
2011900629665074 137212166624960 wait_beg 0 0 0 0 0 0
2011900629706073 137212174624640 send 18 0 0 380 378 1
2011900630120758 137212174624640 send 414852 0 0 380 378 1
2011900630418577 137212174624640 send 375176 0 0 380 378 1
2011900630420207 137212174624640 send 14 0 0 380 378 1
2011900630420517 137212174624640 egress 381 1 0 378 0 0
2011900629669714 137212158232256 emit_beg 381 0 0 0 0 0
2011900629672034 137212158232256 dmg 0 1 0 0 1920 1080
2011900629672194 137212158232256 enc 380 380 1 -1 -1 0
2011900629724012 137212158232256 emit_end 381 0 0 0 0 0
2011900651999109 137212166624960 wait_end 0 0 0 0 0 0
2011900652001799 137212166624960 drain_beg 0 0 0 0 0 0
2011900652002169 137212166624960 drain_end 1 0 0 0 0 0
2011900652002339 137212166624960 take 382 0 0 0 0 0
2011900652002879 137212166624960 subm_beg 1 0 0 0 0 0
2011900652006998 137212166624960 submit 382 0 0 0 0 0
2011900652007138 137212166624960 subm_end 1 0 0 0 0 0
2011900652007168 137212166624960 pump_beg 1 0 0 0 0 0
2011900652298868 137212166624960 feedend 381 0 0 0 0 0
2011900652475521 137212166624960 feedend 381 1 0 0 0 0
2011900648596633 137212174624640 cliack 379 0 380 381 0 0
2011900648606623 137212174624640 ackregion 380 381 381 379 1 0
2011900651987659 137212174624640 msgin 382 12533760 0 0 0 0
2011900651989229 137212174624640 enq 382 1 0 0 0 0
2011900659795734 137212166624960 outfirst 381 1 65536 0 0 0
2011900660803757 137212166624960 outfirst 381 0 65536 0 0 0
2011900660870675 137212166624960 pump_end 1 2 0 0 0 0
2011900660871195 137212166624960 join_beg 1 0 0 0 0 0
2011900660871835 137212166624960 join_end 0 0 0 0 0 0
2011900660872045 137212166624960 book_beg 1 0 0 0 0 0
2011900660872625 137212166624960 batch 382 1 1 2 2 0
2011900660872765 137212166624960 book_end 1 0 0 0 0 0
2011900660872915 137212166624960 coll_beg 0 0 0 0 0 0
2011900661180063 137212166624960 coll_end 0 0 0 0 0 0
2011900661180233 137212166624960 rel_beg 1 0 0 0 0 0
2011900661181043 137212166624960 absorb 382 0 0 0 0 0
2011900661185193 137212166624960 rel_end 1 0 0 0 0 0
2011900661187303 137212166624960 wait_beg 0 0 0 0 0 0
2011900661265040 137212174624640 send 18 0 0 381 379 1
2011900661785371 137212174624640 send 446876 0 0 381 379 1
2011900662090000 137212174624640 send 386790 0 0 381 379 1
2011900662091320 137212174624640 send 14 0 0 381 379 1
2011900662091870 137212174624640 egress 382 1 0 379 0 0
2011900661206113 137212158232256 emit_beg 382 0 0 0 0 0
2011900661213072 137212158232256 dmg 0 1 0 0 1920 1080
2011900661213332 137212158232256 enc 381 381 1 -1 -1 0
2011900661271220 137212158232256 emit_end 382 0 0 0 0 0
2011900690530152 137212166624960 wait_end 0 0 0 0 0 0
2011900690534881 137212166624960 drain_beg 0 0 0 0 0 0
2011900690535381 137212166624960 drain_end 1 0 0 0 0 0
2011900690535541 137212166624960 take 383 0 0 0 0 0
2011900690536131 137212166624960 subm_beg 1 0 0 0 0 0
2011900690537371 137212166624960 submit 383 0 0 0 0 0
2011900690537531 137212166624960 subm_end 1 0 0 0 0 0
2011900690537551 137212166624960 pump_beg 1 0 0 0 0 0
2011900690886589 137212166624960 feedend 382 0 0 0 0 0
2011900691124640 137212166624960 feedend 382 1 0 0 0 0
2011900685887601 137212174624640 cliack 380 0 381 382 0 0
2011900685887731 137212174624640 ackregion 381 382 382 380 1 0
2011900690504422 137212174624640 msgin 383 12533760 0 0 0 0
2011900690505502 137212174624640 enq 383 1 0 0 0 0
2011900698573528 137212166624960 outfirst 382 1 65536 0 0 0
2011900699786273 137212166624960 outfirst 382 0 65536 0 0 0
2011900699849871 137212166624960 pump_end 1 2 0 0 0 0
2011900699850161 137212166624960 join_beg 1 0 0 0 0 0
2011900699850661 137212166624960 join_end 0 0 0 0 0 0
2011900699850961 137212166624960 book_beg 1 0 0 0 0 0
2011900699851181 137212166624960 batch 383 1 1 2 2 0
2011900699851341 137212166624960 book_end 1 0 0 0 0 0
2011900699851511 137212166624960 coll_beg 0 0 0 0 0 0
2011900700286565 137212166624960 coll_end 0 0 0 0 0 0
2011900700286765 137212166624960 rel_beg 1 0 0 0 0 0
2011900700286995 137212166624960 absorb 383 0 0 0 0 0
2011900700290975 137212166624960 rel_end 1 0 0 0 0 0
2011900700293215 137212166624960 wait_beg 0 0 0 0 0 0
2011900700340983 137212174624640 send 18 0 0 382 380 1
2011900700720619 137212174624640 send 475951 0 0 382 380 1
2011900701031118 137212174624640 send 392555 0 0 382 380 1
2011900701032778 137212174624640 send 14 0 0 382 380 1
2011900701033068 137212174624640 egress 383 1 0 380 0 0
2011900700298875 137212158232256 emit_beg 383 0 0 0 0 0
2011900700300925 137212158232256 dmg 0 1 0 0 1920 1080
2011900700301225 137212158232256 enc 382 382 1 -1 -1 0
2011900700352943 137212158232256 emit_end 383 0 0 0 0 0
2011900724123545 137212166624960 wait_end 0 0 0 0 0 0
2011900724126065 137212166624960 drain_beg 0 0 0 0 0 0
2011900724126665 137212166624960 drain_end 1 0 0 0 0 0
2011900724126815 137212166624960 take 384 0 0 0 0 0
2011900724127275 137212166624960 subm_beg 1 0 0 0 0 0
2011900724127984 137212166624960 submit 384 0 0 0 0 0
2011900724128164 137212166624960 subm_end 1 0 0 0 0 0
2011900724128224 137212166624960 pump_beg 1 0 0 0 0 0
2011900724458472 137212166624960 feedend 383 0 0 0 0 0
2011900724652435 137212166624960 feedend 383 1 0 0 0 0
2011900719989676 137212174624640 cliack 381 0 382 383 0 0
2011900719990196 137212174624640 ackregion 382 383 383 381 1 0
2011900724114355 137212174624640 msgin 384 12533760 0 0 0 0
2011900724115535 137212174624640 enq 384 1 0 0 0 0
2011900732249368 137212166624960 outfirst 383 1 65536 0 0 0
2011900732961062 137212166624960 outfirst 383 0 65536 0 0 0
2011900733033289 137212166624960 pump_end 1 2 0 0 0 0
2011900733033519 137212166624960 join_beg 1 0 0 0 0 0
2011900733033889 137212166624960 join_end 0 0 0 0 0 0
2011900733034239 137212166624960 book_beg 1 0 0 0 0 0
2011900733034659 137212166624960 batch 384 1 1 2 2 0
2011900733034809 137212166624960 book_end 1 0 0 0 0 0
2011900733034959 137212166624960 coll_beg 0 0 0 0 0 0
2011900733358467 137212166624960 coll_end 0 0 0 0 0 0
2011900733358667 137212166624960 rel_beg 1 0 0 0 0 0
2011900733359027 137212166624960 absorb 384 0 0 0 0 0
2011900733361707 137212166624960 rel_end 1 0 0 0 0 0
2011900733363237 137212166624960 wait_beg 0 0 0 0 0 0
2011900733519971 137212174624640 send 18 0 0 383 381 1
2011900734038253 137212174624640 send 437176 0 0 383 381 1
2011900734447148 137212174624640 send 362009 0 0 383 381 1
2011900734449308 137212174624640 send 14 0 0 383 381 1
2011900734449808 137212174624640 egress 384 1 0 381 0 0
2011900733385366 137212158232256 emit_beg 384 0 0 0 0 0
2011900733400406 137212158232256 dmg 0 1 0 0 1920 1080
2011900733400706 137212158232256 enc 383 383 1 -1 -1 0
2011900733475533 137212158232256 emit_end 384 0 0 0 0 0
2011900760287624 137212166624960 wait_end 0 0 0 0 0 0
2011900760290984 137212166624960 drain_beg 0 0 0 0 0 0
2011900760291364 137212166624960 drain_end 1 0 0 0 0 0
2011900760291534 137212166624960 take 385 0 0 0 0 0
2011900760291924 137212166624960 subm_beg 1 0 0 0 0 0
2011900760292334 137212166624960 submit 385 0 0 0 0 0
2011900760292544 137212166624960 subm_end 1 0 0 0 0 0
2011900760292574 137212166624960 pump_beg 1 0 0 0 0 0
2011900760614552 137212166624960 feedend 384 0 0 0 0 0
2011900760823604 137212166624960 feedend 384 1 0 0 0 0
2011900756021300 137212174624640 cliack 382 0 383 384 0 0
2011900756021490 137212174624640 ackregion 383 384 384 382 1 0
2011900760264895 137212174624640 msgin 385 12533760 0 0 0 0
2011900760265395 137212174624640 enq 385 1 0 0 0 0
2011900768115788 137212166624960 outfirst 384 1 65536 0 0 0
2011900769186079 137212166624960 outfirst 384 0 65536 0 0 0
2011900769249447 137212166624960 pump_end 1 2 0 0 0 0
2011900769249637 137212166624960 join_beg 1 0 0 0 0 0
2011900769249867 137212166624960 join_end 0 0 0 0 0 0
2011900769250286 137212166624960 book_beg 1 0 0 0 0 0
2011900769250596 137212166624960 batch 385 1 1 2 2 0
2011900769250756 137212166624960 book_end 1 0 0 0 0 0
2011900769250906 137212166624960 coll_beg 0 0 0 0 0 0
2011900769686411 137212166624960 coll_end 0 0 0 0 0 0
2011900769686561 137212166624960 rel_beg 1 0 0 0 0 0
2011900769686781 137212166624960 absorb 385 0 0 0 0 0
2011900769689800 137212166624960 rel_end 1 0 0 0 0 0
2011900769691720 137212166624960 wait_beg 0 0 0 0 0 0
2011900769752168 137212174624640 send 18 0 0 384 382 1
2011900770268429 137212174624640 send 453679 0 0 384 382 1
2011900770686844 137212174624640 send 375072 0 0 384 382 1
2011900770688694 137212174624640 send 14 0 0 384 382 1
2011900770688934 137212174624640 egress 385 1 0 382 0 0
2011900769709390 137212158232256 emit_beg 385 0 0 0 0 0
2011900769714320 137212158232256 dmg 0 1 0 0 1920 1080
2011900769714520 137212158232256 enc 384 384 1 -1 -1 0
2011900769768848 137212158232256 emit_end 385 0 0 0 0 0
2011900793546879 137212174624640 cliack 383 0 384 385 0 0
2011900793547109 137212174624640 ackregion 384 385 385 383 1 0
2011900796593938 137212166624960 wait_end 0 0 0 0 0 0
2011900796597998 137212166624960 drain_beg 0 0 0 0 0 0
2011900796598468 137212166624960 drain_end 1 0 0 0 0 0
2011900796598778 137212166624960 take 386 0 0 0 0 0
2011900796599338 137212166624960 subm_beg 1 0 0 0 0 0
2011900796599898 137212166624960 submit 386 0 0 0 0 0
2011900796600048 137212166624960 subm_end 1 0 0 0 0 0
2011900796600108 137212166624960 pump_beg 1 0 0 0 0 0
2011900796932685 137212166624960 feedend 385 0 0 0 0 0
2011900797167027 137212166624960 feedend 385 1 0 0 0 0
2011900804041396 137212166624960 outfirst 385 1 65536 0 0 0
2011900805041419 137212166624960 outfirst 385 0 65536 0 0 0
2011900805112327 137212166624960 pump_end 1 2 0 0 0 0
2011900805112497 137212166624960 join_beg 1 0 0 0 0 0
2011900805112907 137212166624960 join_end 0 0 0 0 0 0
2011900805113327 137212166624960 book_beg 1 0 0 0 0 0
2011900805113837 137212166624960 batch 386 1 1 2 2 0
2011900805113917 137212166624960 book_end 1 0 0 0 0 0
2011900805113967 137212166624960 coll_beg 0 0 0 0 0 0
2011900805476683 137212166624960 coll_end 0 0 0 0 0 0
2011900805476783 137212166624960 rel_beg 1 0 0 0 0 0
2011900805477153 137212166624960 absorb 386 0 0 0 0 0
2011900805479893 137212166624960 rel_end 1 0 0 0 0 0
2011900805481833 137212166624960 wait_beg 0 0 0 0 0 0
2011900796569589 137212174624640 msgin 386 12533760 0 0 0 0
2011900796570079 137212174624640 enq 386 1 0 0 0 0
2011900805544061 137212174624640 send 18 0 0 385 383 1
2011900805499883 137212158232256 emit_beg 386 0 0 0 0 0
2011900805505022 137212158232256 dmg 0 1 0 0 1920 1080
2011900805505192 137212158232256 enc 385 385 1 -1 -1 0
2011900805555470 137212158232256 emit_end 386 0 0 0 0 0
2011900806007904 137212174624640 send 405756 0 0 385 383 1
2011900806387590 137212174624640 send 335862 0 0 385 383 1
2011900806389340 137212174624640 send 14 0 0 385 383 1
2011900806389670 137212174624640 egress 386 1 0 383 0 0
2011900830249099 137212166624960 wait_end 0 0 0 0 0 0
2011900830252548 137212166624960 drain_beg 0 0 0 0 0 0
2011900830253218 137212166624960 drain_end 1 0 0 0 0 0
2011900830253458 137212166624960 take 387 0 0 0 0 0
2011900830253828 137212166624960 subm_beg 1 0 0 0 0 0
2011900830254828 137212166624960 submit 387 0 0 0 0 0
2011900830254998 137212166624960 subm_end 1 0 0 0 0 0
2011900830255078 137212166624960 pump_beg 1 0 0 0 0 0
2011900830589776 137212166624960 feedend 386 0 0 0 0 0
2011900830815918 137212166624960 feedend 386 1 0 0 0 0
2011900828112777 137212174624640 cliack 384 0 385 386 0 0
2011900828112967 137212174624640 ackregion 385 386 386 384 1 0
2011900830223300 137212174624640 msgin 387 12533760 0 0 0 0
2011900830223780 137212174624640 enq 387 1 0 0 0 0
2011900837907409 137212166624960 outfirst 386 1 65536 0 0 0
2011900838818226 137212166624960 outfirst 386 0 65536 0 0 0
2011900838875254 137212166624960 pump_end 1 2 0 0 0 0
2011900838875454 137212166624960 join_beg 1 0 0 0 0 0
2011900838875894 137212166624960 join_end 0 0 0 0 0 0
2011900838876074 137212166624960 book_beg 1 0 0 0 0 0
2011900838877213 137212166624960 batch 387 1 1 2 2 0
2011900838877353 137212166624960 book_end 1 0 0 0 0 0
2011900838877493 137212166624960 coll_beg 0 0 0 0 0 0
2011900839113975 137212166624960 coll_end 0 0 0 0 0 0
2011900839114135 137212166624960 rel_beg 1 0 0 0 0 0
2011900839114635 137212166624960 absorb 387 0 0 0 0 0
2011900839118505 137212166624960 rel_end 1 0 0 0 0 0
2011900839120235 137212166624960 wait_beg 0 0 0 0 0 0
2011900839169713 137212174624640 send 18 0 0 386 384 1
2011900839497101 137212174624640 send 428983 0 0 386 384 1
2011900839747912 137212174624640 send 357713 0 0 386 384 1
2011900839749112 137212174624640 send 14 0 0 386 384 1
2011900839749372 137212174624640 egress 387 1 0 384 0 0
2011900839139664 137212158232256 emit_beg 387 0 0 0 0 0
2011900839145444 137212158232256 dmg 0 1 0 0 1920 1080
2011900839145634 137212158232256 enc 386 386 1 -1 -1 0
2011900839203592 137212158232256 emit_end 387 0 0 0 0 0
2011900866120479 137212166624960 wait_end 0 0 0 0 0 0
2011900866123318 137212166624960 drain_beg 0 0 0 0 0 0
2011900866123658 137212166624960 drain_end 1 0 0 0 0 0
2011900866123868 137212166624960 take 388 0 0 0 0 0
2011900866124328 137212166624960 subm_beg 1 0 0 0 0 0
2011900866125128 137212166624960 submit 388 0 0 0 0 0
2011900866125298 137212166624960 subm_end 1 0 0 0 0 0
2011900866125328 137212166624960 pump_beg 1 0 0 0 0 0
2011900863731236 137212174624640 cliack 385 0 386 387 0 0
2011900863731406 137212174624640 ackregion 386 387 387 385 1 0
2011900866106219 137212174624640 msgin 388 12533760 0 0 0 0
2011900866106559 137212174624640 enq 388 1 0 0 0 0
2011900866438257 137212166624960 feedend 387 0 0 0 0 0
2011900866633790 137212166624960 feedend 387 1 0 0 0 0
2011900872970948 137212166624960 outfirst 387 1 65536 0 0 0
2011900873639844 137212166624960 outfirst 387 0 65536 0 0 0
2011900873676512 137212166624960 pump_end 1 2 0 0 0 0
2011900873676692 137212166624960 join_beg 1 0 0 0 0 0
2011900873677082 137212166624960 join_end 0 0 0 0 0 0
2011900873677372 137212166624960 book_beg 1 0 0 0 0 0
2011900873678202 137212166624960 batch 388 1 1 2 2 0
2011900873678352 137212166624960 book_end 1 0 0 0 0 0
2011900873678492 137212166624960 coll_beg 0 0 0 0 0 0
2011900873853646 137212166624960 coll_end 0 0 0 0 0 0
2011900873853806 137212166624960 rel_beg 1 0 0 0 0 0
2011900873854346 137212166624960 absorb 388 0 0 0 0 0
2011900873857426 137212166624960 rel_end 1 0 0 0 0 0
2011900873859556 137212166624960 wait_beg 0 0 0 0 0 0
2011900873921074 137212174624640 send 18 0 0 387 385 1
2011900874317579 137212174624640 send 330555 0 0 387 385 1
2011900874648557 137212174624640 send 277571 0 0 387 385 1
2011900874650457 137212174624640 send 14 0 0 387 385 1
2011900874650917 137212174624640 egress 388 1 0 385 0 0
2011900873879765 137212158232256 emit_beg 388 0 0 0 0 0
2011900873887555 137212158232256 dmg 0 1 0 0 1920 1080
2011900873895104 137212158232256 enc 387 387 1 -1 -1 0
2011900873946493 137212158232256 emit_end 388 0 0 0 0 0
2011900895850543 137212174624640 cliack 386 0 387 388 0 0
2011900895850653 137212174624640 ackregion 387 388 388 386 1 0
2011900900957746 137212166624960 wait_end 0 0 0 0 0 0
2011900900961996 137212166624960 drain_beg 0 0 0 0 0 0
2011900900962336 137212166624960 drain_end 1 0 0 0 0 0
2011900900962616 137212166624960 take 389 0 0 0 0 0
2011900900963366 137212166624960 subm_beg 1 0 0 0 0 0
2011900900964646 137212166624960 submit 389 0 0 0 0 0
2011900900964786 137212166624960 subm_end 1 0 0 0 0 0
2011900900964826 137212166624960 pump_beg 1 0 0 0 0 0
2011900901298314 137212166624960 feedend 388 0 0 0 0 0
2011900901501206 137212166624960 feedend 388 1 0 0 0 0
2011900900940147 137212174624640 msgin 389 12533760 0 0 0 0
2011900900942297 137212174624640 enq 389 1 0 0 0 0
2011900907936781 137212166624960 outfirst 388 1 65536 0 0 0
2011900909396068 137212166624960 outfirst 388 0 65536 0 0 0
2011900909458446 137212166624960 pump_end 1 2 0 0 0 0
2011900909459056 137212166624960 join_beg 1 0 0 0 0 0
2011900909459556 137212166624960 join_end 0 0 0 0 0 0
2011900909459686 137212166624960 book_beg 1 0 0 0 0 0
2011900909460126 137212166624960 batch 389 1 1 2 2 0
2011900909460266 137212166624960 book_end 1 0 0 0 0 0
2011900909460406 137212166624960 coll_beg 0 0 0 0 0 0
2011900909767694 137212166624960 coll_end 0 0 0 0 0 0
2011900909767874 137212166624960 rel_beg 1 0 0 0 0 0
2011900909768404 137212166624960 absorb 389 0 0 0 0 0
2011900909771984 137212166624960 rel_end 1 0 0 0 0 0
2011900909773904 137212166624960 wait_beg 0 0 0 0 0 0
2011900909855511 137212174624640 send 18 0 0 388 386 1
2011900910175990 137212174624640 send 402655 0 0 388 386 1
2011900910403411 137212174624640 send 301147 0 0 388 386 1
2011900910404811 137212174624640 send 14 0 0 388 386 1
2011900910405111 137212174624640 egress 389 1 0 386 0 0
2011900909792704 137212158232256 emit_beg 389 0 0 0 0 0
2011900909796283 137212158232256 dmg 0 1 0 0 1920 1080
2011900909796533 137212158232256 enc 388 388 1 -1 -1 0
2011900909847462 137212158232256 emit_end 389 0 0 0 0 0
2011900931690254 137212166624960 wait_end 0 0 0 0 0 0
2011900931693124 137212166624960 drain_beg 0 0 0 0 0 0
2011900931693354 137212166624960 drain_end 1 0 0 0 0 0
2011900931693494 137212166624960 take 390 0 0 0 0 0
2011900931693824 137212166624960 subm_beg 1 0 0 0 0 0
2011900931694834 137212166624960 submit 390 0 0 0 0 0
2011900931695034 137212166624960 subm_end 1 0 0 0 0 0
2011900931695074 137212166624960 pump_beg 1 0 0 0 0 0
2011900932011062 137212166624960 feedend 389 0 0 0 0 0
2011900932208805 137212166624960 feedend 389 1 0 0 0 0
2011900929889800 137212174624640 cliack 387 0 388 389 0 0
2011900929890190 137212174624640 ackregion 388 389 389 387 1 0
2011900931679494 137212174624640 msgin 390 12533760 0 0 0 0
2011900931679924 137212174624640 enq 390 1 0 0 0 0
2011900939314505 137212166624960 outfirst 389 1 65536 0 0 0
2011900939485029 137212166624960 outfirst 389 0 65536 0 0 0
2011900939534517 137212166624960 pump_end 1 2 0 0 0 0
2011900939534797 137212166624960 join_beg 1 0 0 0 0 0
2011900939535007 137212166624960 join_end 0 0 0 0 0 0
2011900939535337 137212166624960 book_beg 1 0 0 0 0 0
2011900939535557 137212166624960 batch 390 1 1 2 2 0
2011900939535707 137212166624960 book_end 1 0 0 0 0 0
2011900939535857 137212166624960 coll_beg 0 0 0 0 0 0
2011900939727820 137212166624960 coll_end 0 0 0 0 0 0
2011900939727990 137212166624960 rel_beg 1 0 0 0 0 0
2011900939728210 137212166624960 absorb 390 0 0 0 0 0
2011900939730610 137212166624960 rel_end 1 0 0 0 0 0
2011900939732200 137212166624960 wait_beg 0 0 0 0 0 0
2011900939839866 137212174624640 send 18 0 0 389 387 1
2011900940320309 137212174624640 send 355802 0 0 389 387 1
2011900940689205 137212174624640 send 324775 0 0 389 387 1
2011900940691395 137212174624640 send 14 0 0 389 387 1
2011900940692165 137212174624640 egress 390 1 0 387 0 0
2011900939754619 137212158232256 emit_beg 390 0 0 0 0 0
2011900939768279 137212158232256 dmg 0 1 0 0 1920 1080
2011900939768589 137212158232256 enc 389 389 1 -1 -1 0
2011900939832296 137212158232256 emit_end 390 0 0 0 0 0
2011900956281376 137212174624640 cliack 388 0 389 390 0 0
2011900956281586 137212174624640 ackregion 389 390 390 388 1 0
2011900960000910 137212166624960 wait_end 0 0 0 0 0 0
2011900960002520 137212166624960 drain_beg 0 0 0 0 0 0
2011900960002740 137212166624960 drain_end 1 0 0 0 0 0
2011900960002850 137212166624960 take 391 0 0 0 0 0
2011900960003060 137212166624960 subm_beg 1 0 0 0 0 0
2011900960003460 137212166624960 submit 391 0 0 0 0 0
2011900960003640 137212166624960 subm_end 1 0 0 0 0 0
2011900960003660 137212166624960 pump_beg 1 0 0 0 0 0
2011900960325018 137212166624960 feedend 390 0 0 0 0 0
2011900960370576 137212166624960 feedend 390 1 0 0 0 0
2011900959991870 137212174624640 msgin 391 12533760 0 0 0 0
2011900959992410 137212174624640 enq 391 1 0 0 0 0
2011900968258528 137212166624960 outfirst 390 1 65536 0 0 0
2011900969486623 137212166624960 outfirst 390 0 65536 0 0 0
2011900969561741 137212166624960 pump_end 1 2 0 0 0 0
2011900969561961 137212166624960 join_beg 1 0 0 0 0 0
2011900969562211 137212166624960 join_end 0 0 0 0 0 0
2011900969562590 137212166624960 book_beg 1 0 0 0 0 0
2011900969563360 137212166624960 batch 391 1 1 2 2 0
2011900969563510 137212166624960 book_end 1 0 0 0 0 0
2011900969563670 137212166624960 coll_beg 0 0 0 0 0 0
2011900969959186 137212166624960 coll_end 0 0 0 0 0 0
2011900969959516 137212166624960 rel_beg 1 0 0 0 0 0
2011900969960046 137212166624960 absorb 391 0 0 0 0 0
2011900969962686 137212166624960 rel_end 1 0 0 0 0 0
2011900969964496 137212166624960 wait_beg 0 0 0 0 0 0
2011900970038773 137212174624640 send 18 0 0 390 388 1
2011900970668000 137212174624640 send 514056 0 0 390 388 1
2011900971080805 137212174624640 send 444072 0 0 390 388 1
2011900971082365 137212174624640 send 14 0 0 390 388 1
2011900971082545 137212174624640 egress 391 1 0 388 0 0
2011900969983325 137212158232256 emit_beg 391 0 0 0 0 0
2011900969985295 137212158232256 dmg 0 1 0 0 1920 1080
2011900969985485 137212158232256 enc 390 390 1 -1 -1 0
2011900970103791 137212158232256 emit_end 391 0 0 0 0 0
2011900986566930 137212174624640 cliack 389 0 390 391 0 0
2011900986567310 137212174624640 ackregion 390 391 391 389 1 0
2011900991264038 137212166624960 wait_end 0 0 0 0 0 0
2011900991268358 137212166624960 drain_beg 0 0 0 0 0 0
2011900991268618 137212166624960 drain_end 1 0 0 0 0 0
2011900991268748 137212166624960 take 392 0 0 0 0 0
2011900991269318 137212166624960 subm_beg 1 0 0 0 0 0
2011900991270248 137212166624960 submit 392 0 0 0 0 0
2011900991270388 137212166624960 subm_end 1 0 0 0 0 0
2011900991270438 137212166624960 pump_beg 1 0 0 0 0 0
2011900991591216 137212166624960 feedend 391 0 0 0 0 0
2011900991766830 137212166624960 feedend 391 1 0 0 0 0
2011900991247778 137212174624640 msgin 392 12533760 0 0 0 0
2011900991249378 137212174624640 enq 392 1 0 0 0 0
2011900999957310 137212166624960 outfirst 391 1 65536 0 0 0
2011901001002182 137212166624960 outfirst 391 0 65536 0 0 0
2011901001117208 137212166624960 pump_end 1 2 0 0 0 0
2011901001117878 137212166624960 join_beg 1 0 0 0 0 0
2011901001118528 137212166624960 join_end 0 0 0 0 0 0
2011901001118968 137212166624960 book_beg 1 0 0 0 0 0
2011901001120668 137212166624960 batch 392 1 1 2 2 0
2011901001120868 137212166624960 book_end 1 0 0 0 0 0
2011901001121108 137212166624960 coll_beg 0 0 0 0 0 0
2011901001530083 137212166624960 coll_end 0 0 0 0 0 0
2011901001530143 137212166624960 rel_beg 1 0 0 0 0 0
2011901001530823 137212166624960 absorb 392 0 0 0 0 0
2011901001533933 137212166624960 rel_end 1 0 0 0 0 0
2011901001535683 137212166624960 wait_beg 0 0 0 0 0 0
2011901001605910 137212174624640 send 18 0 0 391 389 1
2011901002217098 137212174624640 send 528109 0 0 391 389 1
2011901002743639 137212174624640 send 461567 0 0 391 389 1
2011901002745889 137212174624640 send 14 0 0 391 389 1
2011901002746089 137212174624640 egress 392 1 0 389 0 0
2011901001549822 137212158232256 emit_beg 392 0 0 0 0 0
2011901001555162 137212158232256 dmg 0 1 0 0 1920 1080
2011901001555392 137212158232256 enc 391 391 1 -1 -1 0
2011901001616510 137212158232256 emit_end 392 0 0 0 0 0
2011901017200971 137212166624960 wait_end 0 0 0 0 0 0
2011901017203901 137212166624960 drain_beg 0 0 0 0 0 0
2011901017204231 137212166624960 drain_end 1 0 0 0 0 0
2011901017204391 137212166624960 take 393 0 0 0 0 0
2011901017204761 137212166624960 subm_beg 1 0 0 0 0 0
2011901017205781 137212166624960 submit 393 0 0 0 0 0
2011901017206271 137212166624960 subm_end 1 0 0 0 0 0
2011901017206311 137212166624960 pump_beg 1 0 0 0 0 0
2011901016084772 137212174624640 cliack 390 0 391 392 0 0
2011901016085002 137212174624640 ackregion 391 392 392 390 1 0
2011901017183161 137212174624640 msgin 393 12533760 0 0 0 0
2011901017183691 137212174624640 enq 393 1 0 0 0 0
2011901017548588 137212166624960 feedend 392 0 0 0 0 0
2011901017807529 137212166624960 feedend 392 1 0 0 0 0
2011901025417941 137212166624960 outfirst 392 1 65536 0 0 0
2011901026265540 137212166624960 outfirst 392 0 65536 0 0 0
2011901026358656 137212166624960 pump_end 1 2 0 0 0 0
2011901026359116 137212166624960 join_beg 1 0 0 0 0 0
2011901026359896 137212166624960 join_end 0 0 0 0 0 0
2011901026360186 137212166624960 book_beg 1 0 0 0 0 0
2011901026361126 137212166624960 batch 393 1 1 2 2 0
2011901026361256 137212166624960 book_end 1 0 0 0 0 0
2011901026361396 137212166624960 coll_beg 0 0 0 0 0 0
2011901026642516 137212166624960 coll_end 0 0 0 0 0 0
2011901026642686 137212166624960 rel_beg 1 0 0 0 0 0
2011901026643496 137212166624960 absorb 393 0 0 0 0 0
2011901026649476 137212166624960 rel_end 1 0 0 0 0 0
2011901026651426 137212166624960 wait_beg 0 0 0 0 0 0
2011901026725523 137212174624640 send 18 0 0 392 390 1
2011901027113629 137212174624640 send 456254 0 0 392 390 1
2011901026669005 137212158232256 emit_beg 393 0 0 0 0 0
2011901026672225 137212158232256 dmg 0 1 0 0 1920 1080
2011901026672375 137212158232256 enc 392 392 1 -1 -1 0
2011901026733253 137212158232256 emit_end 393 0 0 0 0 0
2011901027444217 137212174624640 send 395739 0 0 392 390 1
2011901027446517 137212174624640 send 14 0 0 392 390 1
2011901027447237 137212174624640 egress 393 1 0 390 0 0
2011901057429751 137212174624640 cliack 391 0 392 393 0 0
2011901057430241 137212174624640 ackregion 392 393 393 391 1 0
2011901059719678 137212166624960 wait_end 0 0 0 0 0 0
2011901059723108 137212166624960 drain_beg 0 0 0 0 0 0
2011901059723918 137212166624960 drain_end 1 0 0 0 0 0
2011901059724088 137212166624960 take 394 0 0 0 0 0
2011901059724528 137212166624960 subm_beg 1 0 0 0 0 0
2011901059725888 137212166624960 submit 394 0 0 0 0 0
2011901059726048 137212166624960 subm_end 1 0 0 0 0 0
2011901059726098 137212166624960 pump_beg 1 0 0 0 0 0
2011901060038986 137212166624960 feedend 393 0 0 0 0 0
2011901060086324 137212166624960 feedend 393 1 0 0 0 0
2011901059705258 137212174624640 msgin 394 12533760 0 0 0 0
2011901059705938 137212174624640 enq 394 1 0 0 0 0
2011901067785123 137212166624960 outfirst 393 1 65536 0 0 0
2011901069156183 137212166624960 outfirst 393 0 65536 0 0 0
2011901069251690 137212166624960 pump_end 1 2 0 0 0 0
2011901069251910 137212166624960 join_beg 1 0 0 0 0 0
2011901069252240 137212166624960 join_end 0 0 0 0 0 0
2011901069252480 137212166624960 book_beg 1 0 0 0 0 0
2011901069252740 137212166624960 batch 394 1 1 2 2 0
2011901069252870 137212166624960 book_end 1 0 0 0 0 0
2011901069253010 137212166624960 coll_beg 0 0 0 0 0 0
2011901069584548 137212166624960 coll_end 0 0 0 0 0 0
2011901069584718 137212166624960 rel_beg 1 0 0 0 0 0
2011901069585048 137212166624960 absorb 394 0 0 0 0 0
2011901069587637 137212166624960 rel_end 1 0 0 0 0 0
2011901069589327 137212166624960 wait_beg 0 0 0 0 0 0
2011901069639886 137212174624640 send 18 0 0 393 391 1
2011901070302381 137212174624640 send 501031 0 0 393 391 1
2011901070825092 137212174624640 send 416274 0 0 393 391 1
2011901070827402 137212174624640 send 14 0 0 393 391 1
2011901070827962 137212174624640 egress 394 1 0 391 0 0
2011901069593147 137212158232256 emit_beg 394 0 0 0 0 0
2011901069596077 137212158232256 dmg 0 1 0 0 1920 1080
2011901069596257 137212158232256 enc 393 393 1 -1 -1 0
2011901069654745 137212158232256 emit_end 394 0 0 0 0 0
2011901105330362 137212166624960 wait_end 0 0 0 0 0 0
2011901105332812 137212166624960 drain_beg 0 0 0 0 0 0
2011901105333452 137212166624960 drain_end 1 0 0 0 0 0
2011901105333602 137212166624960 take 395 0 0 0 0 0
2011901105334122 137212166624960 subm_beg 1 0 0 0 0 0
2011901105335582 137212166624960 submit 395 0 0 0 0 0
2011901105335732 137212166624960 subm_end 1 0 0 0 0 0
2011901105335772 137212166624960 pump_beg 1 0 0 0 0 0
2011901105710018 137212166624960 feedend 394 0 0 0 0 0
2011901105919390 137212166624960 feedend 394 1 0 0 0 0
2011901100441531 137212174624640 cliack 392 0 393 394 0 0
2011901100442031 137212174624640 ackregion 393 394 394 392 1 0
2011901105315373 137212174624640 msgin 395 12533760 0 0 0 0
2011901105317082 137212174624640 enq 395 1 0 0 0 0
2011901113325360 137212166624960 outfirst 394 1 65536 0 0 0
2011901114658581 137212166624960 outfirst 394 0 65536 0 0 0
2011901114738278 137212166624960 pump_end 1 2 0 0 0 0
2011901114738968 137212166624960 join_beg 1 0 0 0 0 0
2011901114740088 137212166624960 join_end 0 0 0 0 0 0
2011901114740198 137212166624960 book_beg 1 0 0 0 0 0
2011901114740868 137212166624960 batch 395 1 1 2 2 0
2011901114741018 137212166624960 book_end 1 0 0 0 0 0
2011901114741178 137212166624960 coll_beg 0 0 0 0 0 0
2011901115064617 137212166624960 coll_end 0 0 0 0 0 0
2011901115064776 137212166624960 rel_beg 1 0 0 0 0 0
2011901115065196 137212166624960 absorb 395 0 0 0 0 0
2011901115068416 137212166624960 rel_end 1 0 0 0 0 0
2011901115070256 137212166624960 wait_beg 0 0 0 0 0 0
2011901115145434 137212174624640 send 18 0 0 394 392 1
2011901115715483 137212174624640 send 462438 0 0 394 392 1
2011901116118168 137212174624640 send 396229 0 0 394 392 1
2011901116120048 137212174624640 send 14 0 0 394 392 1
2011901116120518 137212174624640 egress 395 1 0 392 0 0
2011901115075256 137212158232256 emit_beg 395 0 0 0 0 0
2011901115077226 137212158232256 dmg 0 1 0 0 1920 1080
2011901115077386 137212158232256 enc 394 394 1 -1 -1 0
2011901115128524 137212158232256 emit_end 395 0 0 0 0 0
2011901137252756 137212174624640 cliack 393 0 394 395 0 0
2011901137253336 137212174624640 ackregion 394 395 395 393 1 0
2011901139393678 137212166624960 wait_end 0 0 0 0 0 0
2011901139396428 137212166624960 drain_beg 0 0 0 0 0 0
2011901139396838 137212166624960 drain_end 1 0 0 0 0 0
2011901139397008 137212166624960 take 396 0 0 0 0 0
2011901139397468 137212166624960 subm_beg 1 0 0 0 0 0
2011901139398788 137212166624960 submit 396 0 0 0 0 0
2011901139398948 137212166624960 subm_end 1 0 0 0 0 0
2011901139398968 137212166624960 pump_beg 1 0 0 0 0 0
2011901139721916 137212166624960 feedend 395 0 0 0 0 0
2011901139781574 137212166624960 feedend 395 1 0 0 0 0
2011901147797261 137212166624960 outfirst 395 1 65536 0 0 0
2011901139381308 137212174624640 msgin 396 12533760 0 0 0 0
2011901139382648 137212174624640 enq 396 1 0 0 0 0
2011901148769076 137212166624960 outfirst 395 0 65536 0 0 0
2011901148862092 137212166624960 pump_end 1 2 0 0 0 0
2011901148862542 137212166624960 join_beg 1 0 0 0 0 0
2011901148862922 137212166624960 join_end 0 0 0 0 0 0
2011901148863322 137212166624960 book_beg 1 0 0 0 0 0
2011901148863602 137212166624960 batch 396 1 1 2 2 0
2011901148863742 137212166624960 book_end 1 0 0 0 0 0
2011901148863892 137212166624960 coll_beg 0 0 0 0 0 0
2011901149201580 137212166624960 coll_end 0 0 0 0 0 0
2011901149201750 137212166624960 rel_beg 1 0 0 0 0 0
2011901149202320 137212166624960 absorb 396 0 0 0 0 0
2011901149205470 137212166624960 rel_end 1 0 0 0 0 0
2011901149207370 137212166624960 wait_beg 0 0 0 0 0 0
2011901149269577 137212174624640 send 18 0 0 395 393 1
2011901149866515 137212174624640 send 500188 0 0 395 393 1
2011901150234352 137212174624640 send 451368 0 0 395 393 1
2011901150236312 137212174624640 send 14 0 0 395 393 1
2011901150236522 137212174624640 egress 396 1 0 393 0 0
2011901149212859 137212158232256 emit_beg 396 0 0 0 0 0
2011901149215179 137212158232256 dmg 0 1 0 0 1920 1080
2011901149215329 137212158232256 enc 395 395 1 -1 -1 0
2011901149277507 137212158232256 emit_end 396 0 0 0 0 0
2011901176890419 137212174624640 cliack 394 0 395 396 0 0
2011901176890848 137212174624640 ackregion 395 396 396 394 1 0
2011901181348336 137212166624960 wait_end 0 0 0 0 0 0
2011901181352435 137212166624960 drain_beg 0 0 0 0 0 0
2011901181352705 137212166624960 drain_end 1 0 0 0 0 0
2011901181352855 137212166624960 take 397 0 0 0 0 0
2011901181353285 137212166624960 subm_beg 1 0 0 0 0 0
2011901181354315 137212166624960 submit 397 0 0 0 0 0
2011901181354495 137212166624960 subm_end 1 0 0 0 0 0
2011901181354545 137212166624960 pump_beg 1 0 0 0 0 0
2011901181761831 137212166624960 feedend 396 0 0 0 0 0
2011901181994762 137212166624960 feedend 396 1 0 0 0 0
2011901181330906 137212174624640 msgin 397 12533760 0 0 0 0
2011901181331796 137212174624640 enq 397 1 0 0 0 0
2011901188656499 137212166624960 outfirst 396 1 65536 0 0 0
2011901189501728 137212166624960 outfirst 396 0 65536 0 0 0
2011901189577315 137212166624960 pump_end 1 2 0 0 0 0
2011901189577675 137212166624960 join_beg 1 0 0 0 0 0
2011901189578265 137212166624960 join_end 0 0 0 0 0 0
2011901189578655 137212166624960 book_beg 1 0 0 0 0 0
2011901189579105 137212166624960 batch 397 1 1 2 2 0
2011901189579255 137212166624960 book_end 1 0 0 0 0 0
2011901189579435 137212166624960 coll_beg 0 0 0 0 0 0
2011901189868634 137212166624960 coll_end 0 0 0 0 0 0
2011901189868814 137212166624960 rel_beg 1 0 0 0 0 0
2011901189869254 137212166624960 absorb 397 0 0 0 0 0
2011901189873584 137212166624960 rel_end 1 0 0 0 0 0
2011901189875994 137212166624960 wait_beg 0 0 0 0 0 0
2011901189921373 137212174624640 send 18 0 0 396 394 1
2011901190222162 137212174624640 send 361652 0 0 396 394 1
2011901190463213 137212174624640 send 303995 0 0 396 394 1
2011901190464773 137212174624640 send 14 0 0 396 394 1
2011901190465153 137212174624640 egress 397 1 0 394 0 0
2011901189881184 137212158232256 emit_beg 397 0 0 0 0 0
2011901189883124 137212158232256 dmg 0 1 0 0 1920 1080
2011901189883304 137212158232256 enc 396 396 1 -1 -1 0
2011901189928532 137212158232256 emit_end 397 0 0 0 0 0
2011901213809930 137212174624640 cliack 395 0 396 397 0 0
2011901213810360 137212174624640 ackregion 396 397 397 395 1 0
2011901218617924 137212166624960 wait_end 0 0 0 0 0 0
2011901218621824 137212166624960 drain_beg 0 0 0 0 0 0
2011901218622344 137212166624960 drain_end 1 0 0 0 0 0
2011901218622584 137212166624960 take 398 0 0 0 0 0
2011901218623384 137212166624960 subm_beg 1 0 0 0 0 0
2011901218624704 137212166624960 submit 398 0 0 0 0 0
2011901218624864 137212166624960 subm_end 1 0 0 0 0 0
2011901218624924 137212166624960 pump_beg 1 0 0 0 0 0
2011901218966542 137212166624960 feedend 397 0 0 0 0 0
2011901219145075 137212166624960 feedend 397 1 0 0 0 0
2011901226073772 137212166624960 outfirst 397 1 65536 0 0 0
2011901227565148 137212166624960 outfirst 397 0 65536 0 0 0
2011901227647775 137212166624960 pump_end 1 2 0 0 0 0
2011901227648345 137212166624960 join_beg 1 0 0 0 0 0
2011901227649225 137212166624960 join_end 0 0 0 0 0 0
2011901227649475 137212166624960 book_beg 1 0 0 0 0 0
2011901227650215 137212166624960 batch 398 1 1 2 2 0
2011901227650375 137212166624960 book_end 1 0 0 0 0 0
2011901227650545 137212166624960 coll_beg 0 0 0 0 0 0
2011901228037360 137212166624960 coll_end 0 0 0 0 0 0
2011901228037520 137212166624960 rel_beg 1 0 0 0 0 0
2011901228038100 137212166624960 absorb 398 0 0 0 0 0
2011901228042300 137212166624960 rel_end 1 0 0 0 0 0
2011901228044650 137212166624960 wait_beg 0 0 0 0 0 0
2011901218587285 137212174624640 msgin 398 12533760 0 0 0 0
2011901218588685 137212174624640 enq 398 1 0 0 0 0
2011901228090758 137212174624640 send 18 0 0 397 395 1
2011901228442986 137212174624640 send 452743 0 0 397 395 1
2011901228051130 137212158232256 emit_beg 398 0 0 0 0 0
2011901228054510 137212158232256 dmg 0 1 0 0 1920 1080
2011901228054700 137212158232256 enc 397 397 1 -1 -1 0
2011901228111548 137212158232256 emit_end 398 0 0 0 0 0
2011901228712756 137212174624640 send 347458 0 0 397 395 1
2011901228714346 137212174624640 send 14 0 0 397 395 1
2011901228714606 137212174624640 egress 398 1 0 395 0 0
2011901254884080 137212174624640 cliack 396 0 397 398 0 0
2011901254884540 137212174624640 ackregion 397 398 398 396 1 0
2011901259495871 137212166624960 wait_end 0 0 0 0 0 0
2011901259500721 137212166624960 drain_beg 0 0 0 0 0 0
2011901259501121 137212166624960 drain_end 1 0 0 0 0 0
2011901259501291 137212166624960 take 399 0 0 0 0 0
2011901259501561 137212166624960 subm_beg 1 0 0 0 0 0
2011901259502811 137212166624960 submit 399 0 0 0 0 0
2011901259503021 137212166624960 subm_end 1 0 0 0 0 0
2011901259503071 137212166624960 pump_beg 1 0 0 0 0 0
2011901259840389 137212166624960 feedend 398 0 0 0 0 0
2011901260040032 137212166624960 feedend 398 1 0 0 0 0
2011901267764819 137212166624960 outfirst 398 1 65536 0 0 0
2011901259469402 137212174624640 msgin 399 12533760 0 0 0 0
2011901259470872 137212174624640 enq 399 1 0 0 0 0
2011901269131400 137212166624960 outfirst 398 0 65536 0 0 0
2011901269248425 137212166624960 pump_end 1 2 0 0 0 0
2011901269248955 137212166624960 join_beg 1 0 0 0 0 0
2011901269249295 137212166624960 join_end 0 0 0 0 0 0
2011901269249585 137212166624960 book_beg 1 0 0 0 0 0
2011901269250635 137212166624960 batch 399 1 1 2 2 0
2011901269250805 137212166624960 book_end 1 0 0 0 0 0
2011901269250975 137212166624960 coll_beg 0 0 0 0 0 0
2011901269744267 137212166624960 coll_end 0 0 0 0 0 0
2011901269744457 137212166624960 rel_beg 1 0 0 0 0 0
2011901269745007 137212166624960 absorb 399 0 0 0 0 0
2011901269749147 137212166624960 rel_end 1 0 0 0 0 0
2011901269751377 137212166624960 wait_beg 0 0 0 0 0 0
2011901269827494 137212174624640 send 18 0 0 398 396 1
2011901270508589 137212174624640 send 512086 0 0 398 396 1
2011901270959793 137212174624640 send 430484 0 0 398 396 1
2011901270961453 137212174624640 send 14 0 0 398 396 1
2011901270961773 137212174624640 egress 399 1 0 396 0 0
2011901269770106 137212158232256 emit_beg 399 0 0 0 0 0
2011901269773206 137212158232256 dmg 0 1 0 0 1920 1080
2011901269773396 137212158232256 enc 398 398 1 -1 -1 0
2011901269847913 137212158232256 emit_end 399 0 0 0 0 0
2011901285476233 137212166624960 wait_end 0 0 0 0 0 0
2011901285479973 137212166624960 drain_beg 0 0 0 0 0 0
2011901285480423 137212166624960 drain_end 1 0 0 0 0 0
2011901285480593 137212166624960 take 400 0 0 0 0 0
2011901285480913 137212166624960 subm_beg 1 0 0 0 0 0
2011901285482112 137212166624960 submit 400 0 0 0 0 0
2011901285482292 137212166624960 subm_end 1 0 0 0 0 0
2011901285482362 137212166624960 pump_beg 1 0 0 0 0 0
2011901285825050 137212166624960 feedend 399 0 0 0 0 0
2011901286031692 137212166624960 feedend 399 1 0 0 0 0
2011901283637220 137212174624640 cliack 397 0 398 399 0 0
2011901283637710 137212174624640 ackregion 398 399 399 397 1 0
2011901285457223 137212174624640 msgin 400 12533760 0 0 0 0
2011901285458023 137212174624640 enq 400 1 0 0 0 0
2011901293337305 137212166624960 outfirst 399 1 65536 0 0 0
2011901294130926 137212166624960 outfirst 399 0 65536 0 0 0
2011901294227123 137212166624960 pump_end 1 2 0 0 0 0
2011901294227483 137212166624960 join_beg 1 0 0 0 0 0
2011901294227883 137212166624960 join_end 0 0 0 0 0 0
2011901294228313 137212166624960 book_beg 1 0 0 0 0 0
2011901294228713 137212166624960 batch 400 1 1 2 2 0
2011901294228883 137212166624960 book_end 1 0 0 0 0 0
2011901294229043 137212166624960 coll_beg 0 0 0 0 0 0
2011901294605029 137212166624960 coll_end 0 0 0 0 0 0
2011901294605219 137212166624960 rel_beg 1 0 0 0 0 0
2011901294605859 137212166624960 absorb 400 0 0 0 0 0
2011901294609259 137212166624960 rel_end 1 0 0 0 0 0
2011901294611489 137212166624960 wait_beg 0 0 0 0 0 0
2011901294664037 137212174624640 send 18 0 0 399 397 1
2011901295170329 137212174624640 send 407159 0 0 399 397 1
2011901295617132 137212174624640 send 369001 0 0 399 397 1
2011901295619532 137212174624640 send 14 0 0 399 397 1
2011901295619722 137212174624640 egress 400 1 0 397 0 0
2011901294626738 137212158232256 emit_beg 400 0 0 0 0 0
2011901294630378 137212158232256 dmg 0 1 0 0 1920 1080
2011901294630578 137212158232256 enc 399 399 1 -1 -1 0
2011901294679976 137212158232256 emit_end 400 0 0 0 0 0
2011901318479557 137212174624640 cliack 398 0 399 400 0 0
2011901318488097 137212174624640 ackregion 399 400 400 398 1 0
2011901323341450 137212166624960 wait_end 0 0 0 0 0 0
2011901323346260 137212166624960 drain_beg 0 0 0 0 0 0
2011901323346899 137212166624960 drain_end 1 0 0 0 0 0
2011901323347089 137212166624960 take 401 0 0 0 0 0
2011901323347589 137212166624960 subm_beg 1 0 0 0 0 0
2011901323348789 137212166624960 submit 401 0 0 0 0 0
2011901323348919 137212166624960 subm_end 1 0 0 0 0 0
2011901323348959 137212166624960 pump_beg 1 0 0 0 0 0
2011901323669388 137212166624960 feedend 400 0 0 0 0 0
2011901323841831 137212166624960 feedend 400 1 0 0 0 0
2011901323324170 137212174624640 msgin 401 12533760 0 0 0 0
2011901323326030 137212174624640 enq 401 1 0 0 0 0
2011901331490702 137212166624960 outfirst 400 1 65536 0 0 0
2011901332574382 137212166624960 outfirst 400 0 65536 0 0 0
2011901332661329 137212166624960 pump_end 1 2 0 0 0 0
2011901332661749 137212166624960 join_beg 1 0 0 0 0 0
2011901332662739 137212166624960 join_end 0 0 0 0 0 0
2011901332662969 137212166624960 book_beg 1 0 0 0 0 0
2011901332664089 137212166624960 batch 401 1 1 2 2 0
2011901332664239 137212166624960 book_end 1 0 0 0 0 0
2011901332664379 137212166624960 coll_beg 0 0 0 0 0 0
2011901333061235 137212166624960 coll_end 0 0 0 0 0 0
2011901333061405 137212166624960 rel_beg 1 0 0 0 0 0
2011901333061965 137212166624960 absorb 401 0 0 0 0 0
2011901333066755 137212166624960 rel_end 1 0 0 0 0 0
2011901333069394 137212166624960 wait_beg 0 0 0 0 0 0
2011901333181110 137212174624640 send 18 0 0 400 398 1
2011901333733780 137212174624640 send 479576 0 0 400 398 1
2011901334153075 137212174624640 send 411622 0 0 400 398 1
2011901334155715 137212174624640 send 14 0 0 400 398 1
2011901334156425 137212174624640 egress 401 1 0 398 0 0
2011901333087274 137212158232256 emit_beg 401 0 0 0 0 0
2011901333092844 137212158232256 dmg 0 1 0 0 1920 1080
2011901333093074 137212158232256 enc 400 400 1 -1 -1 0
2011901333152261 137212158232256 emit_end 401 0 0 0 0 0
2011901359288977 137212174624640 cliack 399 0 400 401 0 0
2011901359289137 137212174624640 ackregion 400 401 401 399 1 0
2011901364325063 137212166624960 wait_end 0 0 0 0 0 0
2011901364329023 137212166624960 drain_beg 0 0 0 0 0 0
2011901364329503 137212166624960 drain_end 1 0 0 0 0 0
2011901364329723 137212166624960 take 402 0 0 0 0 0
2011901364330233 137212166624960 subm_beg 1 0 0 0 0 0
2011901364331293 137212166624960 submit 402 0 0 0 0 0
2011901364331433 137212166624960 subm_end 1 0 0 0 0 0
2011901364331643 137212166624960 pump_beg 1 0 0 0 0 0
2011901364623522 137212166624960 feedend 401 0 0 0 0 0
2011901364786036 137212166624960 feedend 401 1 0 0 0 0
2011901364311033 137212174624640 msgin 402 12533760 0 0 0 0
2011901364312653 137212174624640 enq 402 1 0 0 0 0
2011901371640246 137212166624960 outfirst 401 1 65536 0 0 0
2011901372833372 137212166624960 outfirst 401 0 65536 0 0 0
2011901372938118 137212166624960 pump_end 1 2 0 0 0 0
2011901372938618 137212166624960 join_beg 1 0 0 0 0 0
2011901372939628 137212166624960 join_end 0 0 0 0 0 0
2011901372939958 137212166624960 book_beg 1 0 0 0 0 0
2011901372941038 137212166624960 batch 402 1 1 2 2 0
2011901372941178 137212166624960 book_end 1 0 0 0 0 0
2011901372941328 137212166624960 coll_beg 0 0 0 0 0 0
2011901373346183 137212166624960 coll_end 0 0 0 0 0 0
2011901373346373 137212166624960 rel_beg 1 0 0 0 0 0
2011901373347203 137212166624960 absorb 402 0 0 0 0 0
2011901373352213 137212166624960 rel_end 1 0 0 0 0 0
2011901373354313 137212166624960 wait_beg 0 0 0 0 0 0
2011901373417831 137212174624640 send 18 0 0 401 399 1
2011901373747309 137212174624640 send 416232 0 0 401 399 1
2011901374027789 137212174624640 send 346270 0 0 401 399 1
2011901374029338 137212174624640 send 14 0 0 401 399 1
2011901374029598 137212174624640 egress 402 1 0 399 0 0
2011901373357683 137212158232256 emit_beg 402 0 0 0 0 0
2011901373359843 137212158232256 dmg 0 1 0 0 1920 1080
2011901373359993 137212158232256 enc 401 401 1 -1 -1 0
2011901373406801 137212158232256 emit_end 402 0 0 0 0 0
2011901395245364 137212166624960 wait_end 0 0 0 0 0 0
2011901395248764 137212166624960 drain_beg 0 0 0 0 0 0
2011901395249014 137212166624960 drain_end 1 0 0 0 0 0
2011901395249163 137212166624960 take 403 0 0 0 0 0
2011901395249513 137212166624960 subm_beg 1 0 0 0 0 0
2011901395250453 137212166624960 submit 403 0 0 0 0 0
2011901395250603 137212166624960 subm_end 1 0 0 0 0 0
2011901395250643 137212166624960 pump_beg 1 0 0 0 0 0
2011901395551572 137212166624960 feedend 402 0 0 0 0 0
2011901395730336 137212166624960 feedend 402 1 0 0 0 0
2011901392544212 137212174624640 cliack 400 0 401 402 0 0
2011901392544522 137212174624640 ackregion 401 402 402 400 1 0
2011901395228994 137212174624640 msgin 403 12533760 0 0 0 0
2011901395229474 137212174624640 enq 403 1 0 0 0 0
2011901402420961 137212166624960 outfirst 402 1 65536 0 0 0
2011901403261381 137212166624960 outfirst 402 0 65536 0 0 0
2011901403340978 137212166624960 pump_end 1 2 0 0 0 0
2011901403341558 137212166624960 join_beg 1 0 0 0 0 0
2011901403342048 137212166624960 join_end 0 0 0 0 0 0
2011901403342428 137212166624960 book_beg 1 0 0 0 0 0
2011901403342988 137212166624960 batch 403 1 1 2 2 0
2011901403343148 137212166624960 book_end 1 0 0 0 0 0
2011901403343318 137212166624960 coll_beg 0 0 0 0 0 0
2011901403673746 137212166624960 coll_end 0 0 0 0 0 0
2011901403673896 137212166624960 rel_beg 1 0 0 0 0 0
2011901403674616 137212166624960 absorb 403 0 0 0 0 0
2011901403677266 137212166624960 rel_end 1 0 0 0 0 0
2011901403679796 137212166624960 wait_beg 0 0 0 0 0 0
2011901403751963 137212174624640 send 18 0 0 402 400 1
2011901404225496 137212174624640 send 363072 0 0 402 400 1
2011901404575983 137212174624640 send 309834 0 0 402 400 1
2011901404578143 137212174624640 send 14 0 0 402 400 1
2011901404578653 137212174624640 egress 403 1 0 400 0 0
2011901403698735 137212158232256 emit_beg 403 0 0 0 0 0
2011901403704525 137212158232256 dmg 0 1 0 0 1920 1080
2011901403704705 137212158232256 enc 402 402 1 -1 -1 0
2011901403750573 137212158232256 emit_end 403 0 0 0 0 0
2011901436267555 137212166624960 wait_end 0 0 0 0 0 0
2011901436271655 137212166624960 drain_beg 0 0 0 0 0 0
2011901436272065 137212166624960 drain_end 1 0 0 0 0 0
2011901436272245 137212166624960 take 404 0 0 0 0 0
2011901436272705 137212166624960 subm_beg 1 0 0 0 0 0
2011901436273905 137212166624960 submit 404 0 0 0 0 0
2011901436274085 137212166624960 subm_end 1 0 0 0 0 0
2011901436274135 137212166624960 pump_beg 1 0 0 0 0 0
2011901436573544 137212166624960 feedend 403 0 0 0 0 0
2011901436759797 137212166624960 feedend 403 1 0 0 0 0
2011901431025077 137212174624640 cliack 401 0 402 403 0 0
2011901431026067 137212174624640 ackregion 402 403 403 401 1 0
2011901436239456 137212174624640 msgin 404 12533760 0 0 0 0
2011901436241036 137212174624640 enq 404 1 0 0 0 0
2011901444502795 137212166624960 outfirst 403 1 65536 0 0 0
2011901445677022 137212166624960 outfirst 403 0 65536 0 0 0
2011901445760189 137212166624960 pump_end 1 2 0 0 0 0
2011901445760689 137212166624960 join_beg 1 0 0 0 0 0
2011901445761819 137212166624960 join_end 0 0 0 0 0 0
2011901445762209 137212166624960 book_beg 1 0 0 0 0 0
2011901445763398 137212166624960 batch 404 1 1 2 2 0
2011901445763538 137212166624960 book_end 1 0 0 0 0 0
2011901445763688 137212166624960 coll_beg 0 0 0 0 0 0
2011901446087237 137212166624960 coll_end 0 0 0 0 0 0
2011901446087397 137212166624960 rel_beg 1 0 0 0 0 0
2011901446088477 137212166624960 absorb 404 0 0 0 0 0
2011901446093486 137212166624960 rel_end 1 0 0 0 0 0
2011901446095226 137212166624960 wait_beg 0 0 0 0 0 0
2011901446155204 137212174624640 send 18 0 0 403 401 1
2011901446548290 137212174624640 send 506119 0 0 403 401 1
2011901446874458 137212174624640 send 427005 0 0 403 401 1
2011901446876378 137212174624640 send 14 0 0 403 401 1
2011901446876678 137212174624640 egress 404 1 0 401 0 0
2011901446101326 137212158232256 emit_beg 404 0 0 0 0 0
2011901446102846 137212158232256 dmg 0 1 0 0 1920 1080
2011901446103006 137212158232256 enc 403 403 1 -1 -1 0
2011901446161484 137212158232256 emit_end 404 0 0 0 0 0
2011901468318935 137212166624960 wait_end 0 0 0 0 0 0
2011901468323015 137212166624960 drain_beg 0 0 0 0 0 0
2011901468323275 137212166624960 drain_end 1 0 0 0 0 0
2011901468323515 137212166624960 take 405 0 0 0 0 0
2011901468323925 137212166624960 subm_beg 1 0 0 0 0 0
2011901468324985 137212166624960 submit 405 0 0 0 0 0
2011901468325145 137212166624960 subm_end 1 0 0 0 0 0
2011901468325195 137212166624960 pump_beg 1 0 0 0 0 0
2011901468640363 137212166624960 feedend 404 0 0 0 0 0
2011901468808177 137212166624960 feedend 404 1 0 0 0 0
2011901464015942 137212174624640 cliack 402 0 403 404 0 0
2011901464016472 137212174624640 ackregion 403 404 404 402 1 0
2011901468295696 137212174624640 msgin 405 12533760 0 0 0 0
2011901468296516 137212174624640 enq 405 1 0 0 0 0
2011901476240485 137212166624960 outfirst 404 1 65536 0 0 0
2011901477232449 137212166624960 outfirst 404 0 65536 0 0 0
2011901477360694 137212166624960 pump_end 1 2 0 0 0 0
2011901477361204 137212166624960 join_beg 1 0 0 0 0 0
2011901477361504 137212166624960 join_end 0 0 0 0 0 0
2011901477361804 137212166624960 book_beg 1 0 0 0 0 0
2011901477362364 137212166624960 batch 405 1 1 2 2 0
2011901477362524 137212166624960 book_end 1 0 0 0 0 0
2011901477362704 137212166624960 coll_beg 0 0 0 0 0 0
2011901477769360 137212166624960 coll_end 0 0 0 0 0 0
2011901477769540 137212166624960 rel_beg 1 0 0 0 0 0
2011901477769800 137212166624960 absorb 405 0 0 0 0 0
2011901477773939 137212166624960 rel_end 1 0 0 0 0 0
2011901477776359 137212166624960 wait_beg 0 0 0 0 0 0
2011901477828277 137212174624640 send 18 0 0 404 402 1
2011901478180045 137212174624640 send 455812 0 0 404 402 1
2011901478463334 137212174624640 send 392776 0 0 404 402 1
2011901478464664 137212174624640 send 14 0 0 404 402 1
2011901478464954 137212174624640 egress 405 1 0 402 0 0
2011901477794849 137212158232256 emit_beg 405 0 0 0 0 0
2011901477800388 137212158232256 dmg 0 1 0 0 1920 1080
2011901477800638 137212158232256 enc 404 404 1 -1 -1 0
2011901477858286 137212158232256 emit_end 405 0 0 0 0 0
2011901494210639 137212166624960 wait_end 0 0 0 0 0 0
2011901494213049 137212166624960 drain_beg 0 0 0 0 0 0
2011901494213289 137212166624960 drain_end 1 0 0 0 0 0
2011901494213519 137212166624960 take 406 0 0 0 0 0
2011901494213989 137212166624960 subm_beg 1 0 0 0 0 0
2011901494214869 137212166624960 submit 406 0 0 0 0 0
2011901494215009 137212166624960 subm_end 1 0 0 0 0 0
2011901494215039 137212166624960 pump_beg 1 0 0 0 0 0
2011901494513878 137212166624960 feedend 405 0 0 0 0 0
2011901494722230 137212166624960 feedend 405 1 0 0 0 0
2011901493118869 137212174624640 cliack 403 0 404 405 0 0
2011901493119009 137212174624640 ackregion 404 405 405 403 1 0
2011901494191920 137212174624640 msgin 406 12533760 0 0 0 0
2011901494192280 137212174624640 enq 406 1 0 0 0 0
2011901501502073 137212166624960 outfirst 405 1 65536 0 0 0
2011901502260105 137212166624960 outfirst 405 0 65536 0 0 0
2011901502340452 137212166624960 pump_end 1 2 0 0 0 0
2011901502340782 137212166624960 join_beg 1 0 0 0 0 0
2011901502341232 137212166624960 join_end 0 0 0 0 0 0
2011901502341502 137212166624960 book_beg 1 0 0 0 0 0
2011901502341842 137212166624960 batch 406 1 1 2 2 0
2011901502341992 137212166624960 book_end 1 0 0 0 0 0
2011901502342142 137212166624960 coll_beg 0 0 0 0 0 0
2011901502537995 137212166624960 coll_end 0 0 0 0 0 0
2011901502538155 137212166624960 rel_beg 1 0 0 0 0 0
2011901502538855 137212166624960 absorb 406 0 0 0 0 0
2011901502542475 137212166624960 rel_end 1 0 0 0 0 0
2011901502544315 137212166624960 wait_beg 0 0 0 0 0 0
2011901502596483 137212174624640 send 18 0 0 405 403 1
2011901502887872 137212174624640 send 376760 0 0 405 403 1
2011901503119374 137212174624640 send 312867 0 0 405 403 1
2011901503120594 137212174624640 send 14 0 0 405 403 1
2011901503120754 137212174624640 egress 406 1 0 403 0 0
2011901502563064 137212158232256 emit_beg 406 0 0 0 0 0
2011901502568264 137212158232256 dmg 0 1 0 0 1920 1080
2011901502568474 137212158232256 enc 405 405 1 -1 -1 0
2011901502619412 137212158232256 emit_end 406 0 0 0 0 0
2011901534785417 137212166624960 wait_end 0 0 0 0 0 0
2011901534787687 137212166624960 drain_beg 0 0 0 0 0 0
2011901534787977 137212166624960 drain_end 1 0 0 0 0 0
2011901534788417 137212166624960 take 407 0 0 0 0 0
2011901534788777 137212166624960 subm_beg 1 0 0 0 0 0
2011901534790167 137212166624960 submit 407 0 0 0 0 0
2011901534790287 137212166624960 subm_end 1 0 0 0 0 0
2011901534790327 137212166624960 pump_beg 1 0 0 0 0 0
2011901535151384 137212166624960 feedend 406 0 0 0 0 0
2011901535398705 137212166624960 feedend 406 1 0 0 0 0
2011901533598981 137212174624640 cliack 404 0 405 406 0 0
2011901533599111 137212174624640 ackregion 405 406 406 404 1 0
2011901534769398 137212174624640 msgin 407 12533760 0 0 0 0
2011901534770198 137212174624640 enq 407 1 0 0 0 0
2011901542399069 137212166624960 outfirst 406 1 65536 0 0 0
2011901543617745 137212166624960 outfirst 406 0 65536 0 0 0
2011901543687252 137212166624960 pump_end 1 2 0 0 0 0
2011901543687532 137212166624960 join_beg 1 0 0 0 0 0
2011901543688172 137212166624960 join_end 0 0 0 0 0 0
2011901543688442 137212166624960 book_beg 1 0 0 0 0 0
2011901543688922 137212166624960 batch 407 1 1 2 2 0
2011901543689092 137212166624960 book_end 1 0 0 0 0 0
2011901543689252 137212166624960 coll_beg 0 0 0 0 0 0
2011901544035190 137212166624960 coll_end 0 0 0 0 0 0
2011901544035350 137212166624960 rel_beg 1 0 0 0 0 0
2011901544036079 137212166624960 absorb 407 0 0 0 0 0
2011901544040359 137212166624960 rel_end 1 0 0 0 0 0
2011901544042469 137212166624960 wait_beg 0 0 0 0 0 0
2011901544099127 137212174624640 send 18 0 0 406 404 1
2011901544442735 137212174624640 send 450080 0 0 406 404 1
2011901544684446 137212174624640 send 345775 0 0 406 404 1
2011901544685636 137212174624640 send 14 0 0 406 404 1
2011901544685866 137212174624640 egress 407 1 0 404 0 0
2011901544062719 137212158232256 emit_beg 407 0 0 0 0 0
2011901544070008 137212158232256 dmg 0 1 0 0 1920 1080
2011901544070198 137212158232256 enc 406 406 1 -1 -1 0
2011901544129986 137212158232256 emit_end 407 0 0 0 0 0
2011901570032580 137212174624640 cliack 405 0 406 407 0 0
2011901570032690 137212174624640 ackregion 406 407 407 405 1 0
2011901571884392 137212166624960 wait_end 0 0 0 0 0 0
2011901571888352 137212166624960 drain_beg 0 0 0 0 0 0
2011901571888772 137212166624960 drain_end 1 0 0 0 0 0
2011901571888952 137212166624960 take 408 0 0 0 0 0
2011901571889622 137212166624960 subm_beg 1 0 0 0 0 0
2011901571891032 137212166624960 submit 408 0 0 0 0 0
2011901571891192 137212166624960 subm_end 1 0 0 0 0 0
2011901571891232 137212166624960 pump_beg 1 0 0 0 0 0
2011901572222980 137212166624960 feedend 407 0 0 0 0 0
2011901572439232 137212166624960 feedend 407 1 0 0 0 0
2011901571856783 137212174624640 msgin 408 12533760 0 0 0 0
2011901571857723 137212174624640 enq 408 1 0 0 0 0
2011901580987660 137212166624960 outfirst 407 1 65536 0 0 0
2011901581711213 137212166624960 outfirst 407 0 65536 0 0 0
2011901581868238 137212166624960 pump_end 1 2 0 0 0 0
2011901581868678 137212166624960 join_beg 1 0 0 0 0 0
2011901581869198 137212166624960 join_end 0 0 0 0 0 0
2011901581869378 137212166624960 book_beg 1 0 0 0 0 0
2011901581870168 137212166624960 batch 408 1 1 2 2 0
2011901581870328 137212166624960 book_end 1 0 0 0 0 0
2011901581870498 137212166624960 coll_beg 0 0 0 0 0 0
2011901582217445 137212166624960 coll_end 0 0 0 0 0 0
2011901582217695 137212166624960 rel_beg 1 0 0 0 0 0
2011901582218205 137212166624960 absorb 408 0 0 0 0 0
2011901582222475 137212166624960 rel_end 1 0 0 0 0 0
2011901582224505 137212166624960 wait_beg 0 0 0 0 0 0
2011901582293882 137212174624640 send 18 0 0 407 405 1
2011901582746946 137212174624640 send 546563 0 0 407 405 1
2011901583191969 137212174624640 send 500620 0 0 407 405 1
2011901583193769 137212174624640 send 14 0 0 407 405 1
2011901583194289 137212174624640 egress 408 1 0 405 0 0
2011901582232464 137212158232256 emit_beg 408 0 0 0 0 0
2011901582235724 137212158232256 dmg 0 1 0 0 1920 1080
2011901582235934 137212158232256 enc 407 407 1 -1 -1 0
2011901582316181 137212158232256 emit_end 408 0 0 0 0 0
2011901600152740 137212174624640 cliack 406 0 407 408 0 0
2011901600153180 137212174624640 ackregion 407 408 408 406 1 0
2011901605654519 137212166624960 wait_end 0 0 0 0 0 0
2011901605658039 137212166624960 drain_beg 0 0 0 0 0 0
2011901605658489 137212166624960 drain_end 1 0 0 0 0 0
2011901605658619 137212166624960 take 409 0 0 0 0 0
2011901605659069 137212166624960 subm_beg 1 0 0 0 0 0
2011901605659919 137212166624960 submit 409 0 0 0 0 0
2011901605660079 137212166624960 subm_end 1 0 0 0 0 0
2011901605660129 137212166624960 pump_beg 1 0 0 0 0 0
2011901605996316 137212166624960 feedend 408 0 0 0 0 0
2011901606211119 137212166624960 feedend 408 1 0 0 0 0
2011901605630400 137212174624640 msgin 409 12533760 0 0 0 0
2011901605631000 137212174624640 enq 409 1 0 0 0 0
2011901613381617 137212166624960 outfirst 408 1 65536 0 0 0
2011901614347331 137212166624960 outfirst 408 0 65536 0 0 0
2011901614425259 137212166624960 pump_end 1 2 0 0 0 0
2011901614425479 137212166624960 join_beg 1 0 0 0 0 0
2011901614425909 137212166624960 join_end 0 0 0 0 0 0
2011901614426249 137212166624960 book_beg 1 0 0 0 0 0
2011901614426979 137212166624960 batch 409 1 1 2 2 0
2011901614427149 137212166624960 book_end 1 0 0 0 0 0
2011901614427339 137212166624960 coll_beg 0 0 0 0 0 0
2011901614800205 137212166624960 coll_end 0 0 0 0 0 0
2011901614800385 137212166624960 rel_beg 1 0 0 0 0 0
2011901614801035 137212166624960 absorb 409 0 0 0 0 0
2011901614803845 137212166624960 rel_end 1 0 0 0 0 0
2011901614806125 137212166624960 wait_beg 0 0 0 0 0 0
2011901614840513 137212174624640 send 18 0 0 408 406 1
2011901615374804 137212174624640 send 414368 0 0 408 406 1
2011901615799838 137212174624640 send 364701 0 0 408 406 1
2011901615801918 137212174624640 send 14 0 0 408 406 1
2011901615802458 137212174624640 egress 409 1 0 406 0 0
2011901614811484 137212158232256 emit_beg 409 0 0 0 0 0
2011901614814674 137212158232256 dmg 0 1 0 0 1920 1080
2011901614814834 137212158232256 enc 408 408 1 -1 -1 0
2011901614867682 137212158232256 emit_end 409 0 0 0 0 0
2011901637458177 137212166624960 wait_end 0 0 0 0 0 0
2011901637461167 137212166624960 drain_beg 0 0 0 0 0 0
2011901637461497 137212166624960 drain_end 1 0 0 0 0 0
2011901637461627 137212166624960 take 410 0 0 0 0 0
2011901637461927 137212166624960 subm_beg 1 0 0 0 0 0
2011901637462327 137212166624960 submit 410 0 0 0 0 0
2011901637462497 137212166624960 subm_end 1 0 0 0 0 0
2011901637462607 137212166624960 pump_beg 1 0 0 0 0 0
2011901637776396 137212166624960 feedend 409 0 0 0 0 0
2011901637980998 137212166624960 feedend 409 1 0 0 0 0
2011901634287463 137212174624640 cliack 407 0 408 409 0 0
2011901634287553 137212174624640 ackregion 408 409 409 407 1 0
2011901637437238 137212174624640 msgin 410 12533760 0 0 0 0
2011901637437718 137212174624640 enq 410 1 0 0 0 0
2011901645081669 137212166624960 outfirst 409 1 65536 0 0 0
2011901646256306 137212166624960 outfirst 409 0 65536 0 0 0
2011901646369972 137212166624960 pump_end 1 2 0 0 0 0
2011901646370332 137212166624960 join_beg 1 0 0 0 0 0
2011901646370642 137212166624960 join_end 0 0 0 0 0 0
2011901646370902 137212166624960 book_beg 1 0 0 0 0 0
2011901646371542 137212166624960 batch 410 1 1 2 2 0
2011901646371692 137212166624960 book_end 1 0 0 0 0 0
2011901646371742 137212166624960 coll_beg 0 0 0 0 0 0
2011901646787357 137212166624960 coll_end 0 0 0 0 0 0
2011901646787427 137212166624960 rel_beg 1 0 0 0 0 0
2011901646788077 137212166624960 absorb 410 0 0 0 0 0
2011901646791786 137212166624960 rel_end 1 0 0 0 0 0
2011901646794426 137212166624960 wait_beg 0 0 0 0 0 0
2011901646869304 137212174624640 send 18 0 0 409 407 1
2011901647285358 137212174624640 send 439896 0 0 409 407 1
2011901647548669 137212174624640 send 365954 0 0 409 407 1
2011901647550049 137212174624640 send 14 0 0 409 407 1
2011901647550299 137212174624640 egress 410 1 0 407 0 0
2011901646812616 137212158232256 emit_beg 410 0 0 0 0 0
2011901646818326 137212158232256 dmg 0 1 0 0 1920 1080
2011901646818516 137212158232256 enc 409 409 1 -1 -1 0
2011901646873434 137212158232256 emit_end 410 0 0 0 0 0
2011901679551720 137212174624640 cliack 408 0 409 410 0 0
2011901679551940 137212174624640 ackregion 409 410 410 408 1 0
2011901684592486 137212166624960 wait_end 0 0 0 0 0 0
2011901684597146 137212166624960 drain_beg 0 0 0 0 0 0
2011901684597696 137212166624960 drain_end 1 0 0 0 0 0
2011901684597926 137212166624960 take 411 0 0 0 0 0
2011901684598356 137212166624960 subm_beg 1 0 0 0 0 0
2011901684600096 137212166624960 submit 411 0 0 0 0 0
2011901684600356 137212166624960 subm_end 1 0 0 0 0 0
2011901684600426 137212166624960 pump_beg 1 0 0 0 0 0
2011901684955713 137212166624960 feedend 410 0 0 0 0 0
2011901685174355 137212166624960 feedend 410 1 0 0 0 0
2011901684565767 137212174624640 msgin 411 12533760 0 0 0 0
2011901684567057 137212174624640 enq 411 1 0 0 0 0
2011901691957037 137212166624960 outfirst 410 1 65536 0 0 0
2011901693244090 137212166624960 outfirst 410 0 65536 0 0 0
2011901693323177 137212166624960 pump_end 1 2 0 0 0 0
2011901693323757 137212166624960 join_beg 1 0 0 0 0 0
2011901693324267 137212166624960 join_end 0 0 0 0 0 0
2011901693324647 137212166624960 book_beg 1 0 0 0 0 0
2011901693325337 137212166624960 batch 411 1 1 2 2 0
2011901693325477 137212166624960 book_end 1 0 0 0 0 0
2011901693325627 137212166624960 coll_beg 0 0 0 0 0 0
2011901693567218 137212166624960 coll_end 0 0 0 0 0 0
2011901693567388 137212166624960 rel_beg 1 0 0 0 0 0
2011901693567898 137212166624960 absorb 411 0 0 0 0 0
2011901693571418 137212166624960 rel_end 1 0 0 0 0 0
2011901693573378 137212166624960 wait_beg 0 0 0 0 0 0
2011901693645915 137212174624640 send 18 0 0 410 408 1
2011901694128508 137212174624640 send 414789 0 0 410 408 1
2011901694504564 137212174624640 send 334208 0 0 410 408 1
2011901694506414 137212174624640 send 14 0 0 410 408 1
2011901694506634 137212174624640 egress 411 1 0 408 0 0
2011901693591857 137212158232256 emit_beg 411 0 0 0 0 0
2011901693598547 137212158232256 dmg 0 1 0 0 1920 1080
2011901693598807 137212158232256 enc 410 410 1 -1 -1 0
2011901693651525 137212158232256 emit_end 411 0 0 0 0 0
2011901716930785 137212166624960 wait_end 0 0 0 0 0 0
2011901716934035 137212166624960 drain_beg 0 0 0 0 0 0
2011901716934255 137212166624960 drain_end 1 0 0 0 0 0
2011901716934385 137212166624960 take 412 0 0 0 0 0
2011901716934905 137212166624960 subm_beg 1 0 0 0 0 0
2011901716935385 137212166624960 submit 412 0 0 0 0 0
2011901716935615 137212166624960 subm_end 1 0 0 0 0 0
2011901716935695 137212166624960 pump_beg 1 0 0 0 0 0
2011901717261153 137212166624960 feedend 411 0 0 0 0 0
2011901717471625 137212166624960 feedend 411 1 0 0 0 0
2011901713247929 137212174624640 cliack 409 0 410 411 0 0
2011901713248139 137212174624640 ackregion 410 411 411 409 1 0
2011901716906816 137212174624640 msgin 412 12533760 0 0 0 0
2011901716907256 137212174624640 enq 412 1 0 0 0 0
2011901724170200 137212166624960 outfirst 411 1 65536 0 0 0
2011901725175124 137212166624960 outfirst 411 0 65536 0 0 0
2011901725273370 137212166624960 pump_end 1 2 0 0 0 0
2011901725273650 137212166624960 join_beg 1 0 0 0 0 0
2011901725273830 137212166624960 join_end 0 0 0 0 0 0
2011901725274080 137212166624960 book_beg 1 0 0 0 0 0
2011901725274490 137212166624960 batch 412 1 1 2 2 0
2011901725274630 137212166624960 book_end 1 0 0 0 0 0
2011901725274770 137212166624960 coll_beg 0 0 0 0 0 0
2011901725593628 137212166624960 coll_end 0 0 0 0 0 0
2011901725593988 137212166624960 rel_beg 1 0 0 0 0 0
2011901725594358 137212166624960 absorb 412 0 0 0 0 0
2011901725596958 137212166624960 rel_end 1 0 0 0 0 0
2011901725598918 137212166624960 wait_beg 0 0 0 0 0 0
2011901725644757 137212174624640 send 18 0 0 411 409 1
2011901725945026 137212174624640 send 379481 0 0 411 409 1
2011901726199526 137212174624640 send 308392 0 0 411 409 1
2011901726201616 137212174624640 send 14 0 0 411 409 1
2011901726201996 137212174624640 egress 412 1 0 409 0 0
2011901725617698 137212158232256 emit_beg 412 0 0 0 0 0
2011901725623277 137212158232256 dmg 0 1 0 0 1920 1080
2011901725623467 137212158232256 enc 411 411 1 -1 -1 0
2011901725671746 137212158232256 emit_end 412 0 0 0 0 0
2011901750379953 137212166624960 wait_end 0 0 0 0 0 0
2011901750382423 137212166624960 drain_beg 0 0 0 0 0 0
2011901750382703 137212166624960 drain_end 1 0 0 0 0 0
2011901750382853 137212166624960 take 413 0 0 0 0 0
2011901750383493 137212166624960 subm_beg 1 0 0 0 0 0
2011901750384273 137212166624960 submit 413 0 0 0 0 0
2011901750384473 137212166624960 subm_end 1 0 0 0 0 0
2011901750384533 137212166624960 pump_beg 1 0 0 0 0 0
2011901750696332 137212166624960 feedend 412 0 0 0 0 0
2011901750896994 137212166624960 feedend 412 1 0 0 0 0
2011901748152974 137212174624640 cliack 410 0 411 412 0 0
2011901748153104 137212174624640 ackregion 411 412 412 410 1 0
2011901750354244 137212174624640 msgin 413 12533760 0 0 0 0
2011901750354694 137212174624640 enq 413 1 0 0 0 0
2011901758781916 137212166624960 outfirst 412 1 65536 0 0 0
2011901760027411 137212166624960 outfirst 412 0 65536 0 0 0
2011901760140317 137212166624960 pump_end 1 2 0 0 0 0
2011901760140607 137212166624960 join_beg 1 0 0 0 0 0
2011901760141167 137212166624960 join_end 0 0 0 0 0 0
2011901760141457 137212166624960 book_beg 1 0 0 0 0 0
2011901760142327 137212166624960 batch 413 1 1 2 2 0
2011901760142487 137212166624960 book_end 1 0 0 0 0 0
2011901760142657 137212166624960 coll_beg 0 0 0 0 0 0
2011901760591500 137212166624960 coll_end 0 0 0 0 0 0
2011901760591690 137212166624960 rel_beg 1 0 0 0 0 0
2011901760592400 137212166624960 absorb 413 0 0 0 0 0
2011901760598090 137212166624960 rel_end 1 0 0 0 0 0
2011901760600400 137212166624960 wait_beg 0 0 0 0 0 0
2011901760670707 137212174624640 send 18 0 0 412 410 1
2011901761215848 137212174624640 send 525157 0 0 412 410 1
2011901761766627 137212174624640 send 440735 0 0 412 410 1
2011901761769147 137212174624640 send 14 0 0 412 410 1
2011901761769697 137212174624640 egress 413 1 0 410 0 0
2011901760605630 137212158232256 emit_beg 413 0 0 0 0 0
2011901760607780 137212158232256 dmg 0 1 0 0 1920 1080
2011901760608080 137212158232256 enc 412 412 1 -1 -1 0
2011901760670717 137212158232256 emit_end 413 0 0 0 0 0
2011901780437685 137212174624640 cliack 411 0 412 413 0 0
2011901780438245 137212174624640 ackregion 412 413 413 411 1 0
2011901782557568 137212166624960 wait_end 0 0 0 0 0 0
2011901782562128 137212166624960 drain_beg 0 0 0 0 0 0
2011901782562548 137212166624960 drain_end 1 0 0 0 0 0
2011901782562858 137212166624960 take 414 0 0 0 0 0
2011901782563288 137212166624960 subm_beg 1 0 0 0 0 0
2011901782564428 137212166624960 submit 414 0 0 0 0 0
2011901782564548 137212166624960 subm_end 1 0 0 0 0 0
2011901782564598 137212166624960 pump_beg 1 0 0 0 0 0
2011901782858817 137212166624960 feedend 413 0 0 0 0 0
2011901782940594 137212166624960 feedend 413 1 0 0 0 0
2011901790246207 137212166624960 outfirst 413 1 65536 0 0 0
2011901791513541 137212166624960 outfirst 413 0 65536 0 0 0
2011901791743672 137212166624960 pump_end 1 2 0 0 0 0
2011901791743872 137212166624960 join_beg 1 0 0 0 0 0
2011901791744322 137212166624960 join_end 0 0 0 0 0 0
2011901791744612 137212166624960 book_beg 1 0 0 0 0 0
2011901791745562 137212166624960 batch 414 1 1 2 2 0
2011901791745612 137212166624960 book_end 1 0 0 0 0 0
2011901791745892 137212166624960 coll_beg 0 0 0 0 0 0
2011901792151608 137212166624960 coll_end 0 0 0 0 0 0
2011901792151728 137212166624960 rel_beg 1 0 0 0 0 0
2011901792152438 137212166624960 absorb 414 0 0 0 0 0
2011901792155857 137212166624960 rel_end 1 0 0 0 0 0
2011901792158197 137212166624960 wait_beg 0 0 0 0 0 0
2011901782533349 137212174624640 msgin 414 12533760 0 0 0 0
2011901782533639 137212174624640 enq 414 1 0 0 0 0
2011901792203686 137212174624640 send 18 0 0 413 411 1
2011901792164337 137212158232256 emit_beg 414 0 0 0 0 0
2011901792166717 137212158232256 dmg 0 1 0 0 1920 1080
2011901792166867 137212158232256 enc 413 413 1 -1 -1 0
2011901792221285 137212158232256 emit_end 414 0 0 0 0 0
2011901792554713 137212174624640 send 451404 0 0 413 411 1
2011901792857222 137212174624640 send 388711 0 0 413 411 1
2011901792858852 137212174624640 send 14 0 0 413 411 1
2011901792859552 137212174624640 egress 414 1 0 411 0 0
2011901810127551 137212174624640 cliack 412 0 413 414 0 0
2011901810127881 137212174624640 ackregion 413 414 414 412 1 0
2011901815808004 137212166624960 wait_end 0 0 0 0 0 0
2011901815811604 137212166624960 drain_beg 0 0 0 0 0 0
2011901815811934 137212166624960 drain_end 1 0 0 0 0 0
2011901815812184 137212166624960 take 415 0 0 0 0 0
2011901815812524 137212166624960 subm_beg 1 0 0 0 0 0
2011901815813033 137212166624960 submit 415 0 0 0 0 0
2011901815813203 137212166624960 subm_end 1 0 0 0 0 0
2011901815813253 137212166624960 pump_beg 1 0 0 0 0 0
2011901816126582 137212166624960 feedend 414 0 0 0 0 0
2011901816332844 137212166624960 feedend 414 1 0 0 0 0
2011901815787694 137212174624640 msgin 415 12533760 0 0 0 0
2011901815787994 137212174624640 enq 415 1 0 0 0 0
2011901823182054 137212166624960 outfirst 414 1 65536 0 0 0
2011901823907508 137212166624960 outfirst 414 0 65536 0 0 0
2011901823990475 137212166624960 pump_end 1 2 0 0 0 0
2011901823990705 137212166624960 join_beg 1 0 0 0 0 0
2011901823990885 137212166624960 join_end 0 0 0 0 0 0
2011901823991065 137212166624960 book_beg 1 0 0 0 0 0
2011901823991515 137212166624960 batch 415 1 1 2 2 0
2011901823991685 137212166624960 book_end 1 0 0 0 0 0
2011901823991865 137212166624960 coll_beg 0 0 0 0 0 0
2011901824332712 137212166624960 coll_end 0 0 0 0 0 0
2011901824332912 137212166624960 rel_beg 1 0 0 0 0 0
2011901824333462 137212166624960 absorb 415 0 0 0 0 0
2011901824335592 137212166624960 rel_end 1 0 0 0 0 0
2011901824337772 137212166624960 wait_beg 0 0 0 0 0 0
2011901824378081 137212174624640 send 18 0 0 414 412 1
2011901824663750 137212174624640 send 374196 0 0 414 412 1
2011901824906971 137212174624640 send 323630 0 0 414 412 1
2011901824908201 137212174624640 send 14 0 0 414 412 1
2011901824908511 137212174624640 egress 415 1 0 412 0 0
2011901824345852 137212158232256 emit_beg 415 0 0 0 0 0
2011901824351312 137212158232256 dmg 0 1 0 0 1920 1080
2011901824351492 137212158232256 enc 414 414 1 -1 -1 0
2011901824403300 137212158232256 emit_end 415 0 0 0 0 0
2011901851876876 137212174624640 cliack 413 0 414 415 0 0
2011901851877046 137212174624640 ackregion 414 415 415 413 1 0
2011901853070553 137212166624960 wait_end 0 0 0 0 0 0
2011901853073413 137212166624960 drain_beg 0 0 0 0 0 0
2011901853073733 137212166624960 drain_end 1 0 0 0 0 0
2011901853073893 137212166624960 take 416 0 0 0 0 0
2011901853074353 137212166624960 subm_beg 1 0 0 0 0 0
2011901853075282 137212166624960 submit 416 0 0 0 0 0
2011901853075422 137212166624960 subm_end 1 0 0 0 0 0
2011901853075452 137212166624960 pump_beg 1 0 0 0 0 0
2011901853397241 137212166624960 feedend 415 0 0 0 0 0
2011901853618183 137212166624960 feedend 415 1 0 0 0 0
2011901860634196 137212166624960 outfirst 415 1 65536 0 0 0
2011901861612301 137212166624960 outfirst 415 0 65536 0 0 0
2011901861723557 137212166624960 pump_end 1 2 0 0 0 0
2011901861724297 137212166624960 join_beg 1 0 0 0 0 0
2011901861724727 137212166624960 join_end 0 0 0 0 0 0
2011901861724947 137212166624960 book_beg 1 0 0 0 0 0
2011901861725457 137212166624960 batch 416 1 1 2 2 0
2011901861725507 137212166624960 book_end 1 0 0 0 0 0
2011901861725547 137212166624960 coll_beg 0 0 0 0 0 0
2011901862045365 137212166624960 coll_end 0 0 0 0 0 0
2011901862045445 137212166624960 rel_beg 1 0 0 0 0 0
2011901862045985 137212166624960 absorb 416 0 0 0 0 0
2011901862049015 137212166624960 rel_end 1 0 0 0 0 0
2011901862050975 137212166624960 wait_beg 0 0 0 0 0 0
2011901853056533 137212174624640 msgin 416 12533760 0 0 0 0
2011901853057003 137212174624640 enq 416 1 0 0 0 0
2011901862096923 137212174624640 send 18 0 0 415 413 1
2011901862451820 137212174624640 send 443408 0 0 415 413 1
2011901862701291 137212174624640 send 342878 0 0 415 413 1
2011901862702591 137212174624640 send 14 0 0 415 413 1
2011901862702881 137212174624640 egress 416 1 0 413 0 0
2011901862060454 137212158232256 emit_beg 416 0 0 0 0 0
2011901862070874 137212158232256 dmg 0 1 0 0 1920 1080
2011901862071154 137212158232256 enc 415 415 1 -1 -1 0
2011901862136922 137212158232256 emit_end 416 0 0 0 0 0
2011901888135232 137212174624640 cliack 414 0 415 416 0 0
2011901888135662 137212174624640 ackregion 415 416 416 414 1 0
2011901893649771 137212166624960 wait_end 0 0 0 0 0 0
2011901893653801 137212166624960 drain_beg 0 0 0 0 0 0
2011901893654151 137212166624960 drain_end 1 0 0 0 0 0
2011901893654350 137212166624960 take 417 0 0 0 0 0
2011901893655080 137212166624960 subm_beg 1 0 0 0 0 0
2011901893656540 137212166624960 submit 417 0 0 0 0 0
2011901893656720 137212166624960 subm_end 1 0 0 0 0 0
2011901893656770 137212166624960 pump_beg 1 0 0 0 0 0
2011901894015887 137212166624960 feedend 416 0 0 0 0 0
2011901894087035 137212166624960 feedend 416 1 0 0 0 0
2011901900419193 137212166624960 outfirst 416 1 65536 0 0 0
2011901902008505 137212166624960 outfirst 416 0 65536 0 0 0
2011901902103792 137212166624960 pump_end 1 2 0 0 0 0
2011901902104152 137212166624960 join_beg 1 0 0 0 0 0
2011901902104672 137212166624960 join_end 0 0 0 0 0 0
2011901902104722 137212166624960 book_beg 1 0 0 0 0 0
2011901902105522 137212166624960 batch 417 1 1 2 2 0
2011901902105552 137212166624960 book_end 1 0 0 0 0 0
2011901902105582 137212166624960 coll_beg 0 0 0 0 0 0
2011901902302225 137212166624960 coll_end 0 0 0 0 0 0
2011901902302265 137212166624960 rel_beg 1 0 0 0 0 0
2011901902302965 137212166624960 absorb 417 0 0 0 0 0
2011901902307095 137212166624960 rel_end 1 0 0 0 0 0
2011901902308894 137212166624960 wait_beg 0 0 0 0 0 0
2011901893629051 137212174624640 msgin 417 12533760 0 0 0 0
2011901893629971 137212174624640 enq 417 1 0 0 0 0
2011901902373152 137212174624640 send 18 0 0 416 414 1
2011901902702240 137212174624640 send 431146 0 0 416 414 1
2011901902919422 137212174624640 send 291637 0 0 416 414 1
2011901902920742 137212174624640 send 14 0 0 416 414 1
2011901902921502 137212174624640 egress 417 1 0 414 0 0
2011901902316244 137212158232256 emit_beg 417 0 0 0 0 0
2011901902321064 137212158232256 dmg 0 1 0 0 1920 1080
2011901902321474 137212158232256 enc 416 416 1 -1 -1 0
2011901902378442 137212158232256 emit_end 417 0 0 0 0 0
2011901921255652 137212166624960 wait_end 0 0 0 0 0 0
2011901921259452 137212166624960 drain_beg 0 0 0 0 0 0
2011901921259902 137212166624960 drain_end 1 0 0 0 0 0
2011901921260052 137212166624960 take 418 0 0 0 0 0
2011901921260502 137212166624960 subm_beg 1 0 0 0 0 0
2011901921262132 137212166624960 submit 418 0 0 0 0 0
2011901921262292 137212166624960 subm_end 1 0 0 0 0 0
2011901921262342 137212166624960 pump_beg 1 0 0 0 0 0
2011901921589810 137212166624960 feedend 417 0 0 0 0 0
2011901921792343 137212166624960 feedend 417 1 0 0 0 0
2011901918576820 137212174624640 cliack 415 0 416 417 0 0
2011901918577340 137212174624640 ackregion 416 417 417 415 1 0
2011901921230453 137212174624640 msgin 418 12533760 0 0 0 0
2011901921231513 137212174624640 enq 418 1 0 0 0 0
2011901928719330 137212166624960 outfirst 417 1 65536 0 0 0
2011901929979654 137212166624960 outfirst 417 0 65536 0 0 0
2011901930073160 137212166624960 pump_end 1 2 0 0 0 0
2011901930073410 137212166624960 join_beg 1 0 0 0 0 0
2011901930073870 137212166624960 join_end 0 0 0 0 0 0
2011901930074310 137212166624960 book_beg 1 0 0 0 0 0
2011901930074800 137212166624960 batch 418 1 1 2 2 0
2011901930074950 137212166624960 book_end 1 0 0 0 0 0
2011901930075090 137212166624960 coll_beg 0 0 0 0 0 0
2011901930436277 137212166624960 coll_end 0 0 0 0 0 0
2011901930436457 137212166624960 rel_beg 1 0 0 0 0 0
2011901930437047 137212166624960 absorb 418 0 0 0 0 0
2011901930440177 137212166624960 rel_end 1 0 0 0 0 0
2011901930442437 137212166624960 wait_beg 0 0 0 0 0 0
2011901930514564 137212174624640 send 18 0 0 417 415 1
2011901930822813 137212174624640 send 416238 0 0 417 415 1
2011901931212779 137212174624640 send 347571 0 0 417 415 1
2011901931214969 137212174624640 send 14 0 0 417 415 1
2011901931215339 137212174624640 egress 418 1 0 415 0 0
2011901930460786 137212158232256 emit_beg 418 0 0 0 0 0
2011901930466876 137212158232256 dmg 0 1 0 0 1920 1080
2011901930467056 137212158232256 enc 417 417 1 -1 -1 0
2011901930520214 137212158232256 emit_end 418 0 0 0 0 0
2011901952365886 137212174624640 cliack 416 0 417 418 0 0
2011901952366146 137212174624640 ackregion 417 418 418 416 1 0
2011901953630780 137212166624960 wait_end 0 0 0 0 0 0
2011901953632310 137212166624960 drain_beg 0 0 0 0 0 0
2011901953632540 137212166624960 drain_end 1 0 0 0 0 0
2011901953632660 137212166624960 take 419 0 0 0 0 0
2011901953632840 137212166624960 subm_beg 1 0 0 0 0 0
2011901953633230 137212166624960 submit 419 0 0 0 0 0
2011901953633400 137212166624960 subm_end 1 0 0 0 0 0
2011901953633430 137212166624960 pump_beg 1 0 0 0 0 0
2011901953986057 137212166624960 feedend 418 0 0 0 0 0
2011901954223008 137212166624960 feedend 418 1 0 0 0 0
2011901961887328 137212166624960 outfirst 418 1 65536 0 0 0
2011901962835504 137212166624960 outfirst 418 0 65536 0 0 0
2011901962964599 137212166624960 pump_end 1 2 0 0 0 0
2011901962965019 137212166624960 join_beg 1 0 0 0 0 0
2011901962965389 137212166624960 join_end 0 0 0 0 0 0
2011901962965649 137212166624960 book_beg 1 0 0 0 0 0
2011901962966029 137212166624960 batch 419 1 1 2 2 0
2011901962966179 137212166624960 book_end 1 0 0 0 0 0
2011901962966329 137212166624960 coll_beg 0 0 0 0 0 0
2011901963247909 137212166624960 coll_end 0 0 0 0 0 0
2011901963248099 137212166624960 rel_beg 1 0 0 0 0 0
2011901963248539 137212166624960 absorb 419 0 0 0 0 0
2011901963251979 137212166624960 rel_end 1 0 0 0 0 0
2011901963253648 137212166624960 wait_beg 0 0 0 0 0 0
2011901953619670 137212174624640 msgin 419 12533760 0 0 0 0
2011901953620000 137212174624640 enq 419 1 0 0 0 0
2011901963328436 137212174624640 send 18 0 0 418 416 1
2011901963273998 137212158232256 emit_beg 419 0 0 0 0 0
2011901963277848 137212158232256 dmg 0 1 0 0 1920 1080
2011901963278038 137212158232256 enc 418 418 1 -1 -1 0
2011901963343535 137212158232256 emit_end 419 0 0 0 0 0
2011901963865386 137212174624640 send 472511 0 0 418 416 1
2011901964177185 137212174624640 send 416966 0 0 418 416 1
2011901964178535 137212174624640 send 14 0 0 418 416 1
2011901964178965 137212174624640 egress 419 1 0 416 0 0
2011901983503809 137212174624640 cliack 417 0 418 419 0 0
2011901983513319 137212174624640 ackregion 418 419 419 417 1 0
2011901986337195 137212166624960 wait_end 0 0 0 0 0 0
2011901986339785 137212166624960 drain_beg 0 0 0 0 0 0
2011901986340135 137212166624960 drain_end 1 0 0 0 0 0
2011901986340305 137212166624960 take 420 0 0 0 0 0
2011901986340985 137212166624960 subm_beg 1 0 0 0 0 0
2011901986342075 137212166624960 submit 420 0 0 0 0 0
2011901986342235 137212166624960 subm_end 1 0 0 0 0 0
2011901986342275 137212166624960 pump_beg 1 0 0 0 0 0
2011901986637305 137212166624960 feedend 419 0 0 0 0 0
2011901986799099 137212166624960 feedend 419 1 0 0 0 0
2011901986323386 137212174624640 msgin 420 12533760 0 0 0 0
2011901986323876 137212174624640 enq 420 1 0 0 0 0
2011901993933528 137212166624960 outfirst 419 1 65536 0 0 0
2011901995043637 137212166624960 outfirst 419 0 65536 0 0 0
2011901995116475 137212166624960 pump_end 1 2 0 0 0 0
2011901995116765 137212166624960 join_beg 1 0 0 0 0 0
2011901995117095 137212166624960 join_end 0 0 0 0 0 0
2011901995117325 137212166624960 book_beg 1 0 0 0 0 0
2011901995117675 137212166624960 batch 420 1 1 2 2 0
2011901995117835 137212166624960 book_end 1 0 0 0 0 0
2011901995117995 137212166624960 coll_beg 0 0 0 0 0 0
2011901995352766 137212166624960 coll_end 0 0 0 0 0 0
2011901995352946 137212166624960 rel_beg 1 0 0 0 0 0
2011901995353126 137212166624960 absorb 420 0 0 0 0 0
2011901995355446 137212166624960 rel_end 1 0 0 0 0 0
2011901995357206 137212166624960 wait_beg 0 0 0 0 0 0
2011901995403034 137212174624640 send 18 0 0 419 417 1
2011901995928375 137212174624640 send 434871 0 0 419 417 1
2011901996380929 137212174624640 send 356750 0 0 419 417 1
2011901996383049 137212174624640 send 14 0 0 419 417 1
2011901996383368 137212174624640 egress 420 1 0 417 0 0
2011901995363806 137212158232256 emit_beg 420 0 0 0 0 0
2011901995367026 137212158232256 dmg 0 1 0 0 1920 1080
2011901995367176 137212158232256 enc 419 419 1 -1 -1 0
2011901995422044 137212158232256 emit_end 420 0 0 0 0 0
2011902021284749 137212166624960 wait_end 0 0 0 0 0 0
2011902021288819 137212166624960 drain_beg 0 0 0 0 0 0
2011902021289239 137212166624960 drain_end 1 0 0 0 0 0
2011902021289409 137212166624960 take 421 0 0 0 0 0
2011902021290209 137212166624960 subm_beg 1 0 0 0 0 0
2011902021290659 137212166624960 submit 421 0 0 0 0 0
2011902021290819 137212166624960 subm_end 1 0 0 0 0 0
2011902021290849 137212166624960 pump_beg 1 0 0 0 0 0
2011902021597688 137212166624960 feedend 420 0 0 0 0 0
2011902021815400 137212166624960 feedend 420 1 0 0 0 0
2011902016645298 137212174624640 cliack 418 0 419 420 0 0
2011902016645618 137212174624640 ackregion 419 420 420 418 1 0
2011902021257360 137212174624640 msgin 421 12533760 0 0 0 0
2011902021257720 137212174624640 enq 421 1 0 0 0 0
2011902029281607 137212166624960 outfirst 420 1 65536 0 0 0
2011902030331339 137212166624960 outfirst 420 0 65536 0 0 0
2011902030411116 137212166624960 pump_end 1 2 0 0 0 0
2011902030411416 137212166624960 join_beg 1 0 0 0 0 0
2011902030411826 137212166624960 join_end 0 0 0 0 0 0
2011902030412066 137212166624960 book_beg 1 0 0 0 0 0
2011902030412366 137212166624960 batch 421 1 1 2 2 0
2011902030412576 137212166624960 book_end 1 0 0 0 0 0
2011902030412706 137212166624960 coll_beg 0 0 0 0 0 0
2011902030779112 137212166624960 coll_end 0 0 0 0 0 0
2011902030779202 137212166624960 rel_beg 1 0 0 0 0 0
2011902030779532 137212166624960 absorb 421 0 0 0 0 0
2011902030783042 137212166624960 rel_end 1 0 0 0 0 0
2011902030784692 137212166624960 wait_beg 0 0 0 0 0 0
2011902030865539 137212174624640 send 18 0 0 420 418 1
2011902031432379 137212174624640 send 482573 0 0 420 418 1
2011902031910411 137212174624640 send 398376 0 0 420 418 1
2011902031912381 137212174624640 send 14 0 0 420 418 1
2011902031912611 137212174624640 egress 421 1 0 418 0 0
2011902030792062 137212158232256 emit_beg 421 0 0 0 0 0
2011902030797972 137212158232256 dmg 0 1 0 0 1920 1080
2011902030798132 137212158232256 enc 420 420 1 -1 -1 0
2011902030865449 137212158232256 emit_end 421 0 0 0 0 0
2011902057306973 137212166624960 wait_end 0 0 0 0 0 0
2011902057311743 137212166624960 drain_beg 0 0 0 0 0 0
2011902057312173 137212166624960 drain_end 1 0 0 0 0 0
2011902057312513 137212166624960 take 422 0 0 0 0 0
2011902057313133 137212166624960 subm_beg 1 0 0 0 0 0
2011902057314123 137212166624960 submit 422 0 0 0 0 0
2011902057314463 137212166624960 subm_end 1 0 0 0 0 0
2011902057314513 137212166624960 pump_beg 1 0 0 0 0 0
2011902057614442 137212166624960 feedend 421 0 0 0 0 0
2011902057799175 137212166624960 feedend 421 1 0 0 0 0
2011902054987798 137212174624640 cliack 419 0 420 421 0 0
2011902054988288 137212174624640 ackregion 420 421 421 419 1 0
2011902057282744 137212174624640 msgin 422 12533760 0 0 0 0
2011902057283994 137212174624640 enq 422 1 0 0 0 0
2011902064943305 137212166624960 outfirst 421 1 65536 0 0 0
2011902066085463 137212166624960 outfirst 421 0 65536 0 0 0
2011902066179949 137212166624960 pump_end 1 2 0 0 0 0
2011902066180499 137212166624960 join_beg 1 0 0 0 0 0
2011902066181769 137212166624960 join_end 0 0 0 0 0 0
2011902066181869 137212166624960 book_beg 1 0 0 0 0 0
2011902066182329 137212166624960 batch 422 1 1 2 2 0
2011902066182469 137212166624960 book_end 1 0 0 0 0 0
2011902066182619 137212166624960 coll_beg 0 0 0 0 0 0
2011902066463689 137212166624960 coll_end 0 0 0 0 0 0
2011902066463859 137212166624960 rel_beg 1 0 0 0 0 0
2011902066464369 137212166624960 absorb 422 0 0 0 0 0
2011902066468009 137212166624960 rel_end 1 0 0 0 0 0
2011902066470019 137212166624960 wait_beg 0 0 0 0 0 0
2011902066520767 137212174624640 send 18 0 0 421 419 1
2011902066849795 137212174624640 send 430440 0 0 421 419 1
2011902067131435 137212174624640 send 363431 0 0 421 419 1
2011902067133055 137212174624640 send 14 0 0 421 419 1
2011902067133305 137212174624640 egress 422 1 0 419 0 0
2011902066476019 137212158232256 emit_beg 422 0 0 0 0 0
2011902066477999 137212158232256 dmg 0 1 0 0 1920 1080
2011902066478149 137212158232256 enc 421 421 1 -1 -1 0
2011902066524567 137212158232256 emit_end 422 0 0 0 0 0
2011902089255227 137212174624640 cliack 420 0 421 422 0 0
2011902089255527 137212174624640 ackregion 421 422 422 420 1 0
2011902094371370 137212166624960 wait_end 0 0 0 0 0 0
2011902094373190 137212166624960 drain_beg 0 0 0 0 0 0
2011902094373550 137212166624960 drain_end 1 0 0 0 0 0
2011902094373660 137212166624960 take 423 0 0 0 0 0
2011902094374340 137212166624960 subm_beg 1 0 0 0 0 0
2011902094374920 137212166624960 submit 423 0 0 0 0 0
2011902094375150 137212166624960 subm_end 1 0 0 0 0 0
2011902094375190 137212166624960 pump_beg 1 0 0 0 0 0
2011902094655079 137212166624960 feedend 422 0 0 0 0 0
2011902094812964 137212166624960 feedend 422 1 0 0 0 0
2011902101720511 137212166624960 outfirst 422 1 65536 0 0 0
2011902102865620 137212166624960 outfirst 422 0 65536 0 0 0
2011902102928747 137212166624960 pump_end 1 2 0 0 0 0
2011902102929147 137212166624960 join_beg 1 0 0 0 0 0
2011902102929627 137212166624960 join_end 0 0 0 0 0 0
2011902102929807 137212166624960 book_beg 1 0 0 0 0 0
2011902102930097 137212166624960 batch 423 1 1 2 2 0
2011902102930237 137212166624960 book_end 1 0 0 0 0 0
2011902102930387 137212166624960 coll_beg 0 0 0 0 0 0
2011902103222186 137212166624960 coll_end 0 0 0 0 0 0
2011902103222356 137212166624960 rel_beg 1 0 0 0 0 0
2011902103222626 137212166624960 absorb 423 0 0 0 0 0
2011902103224926 137212166624960 rel_end 1 0 0 0 0 0
2011902103226486 137212166624960 wait_beg 0 0 0 0 0 0
2011902094361220 137212174624640 msgin 423 12533760 0 0 0 0
2011902094362290 137212174624640 enq 423 1 0 0 0 0
2011902103279984 137212174624640 send 18 0 0 422 420 1
2011902103606362 137212174624640 send 424074 0 0 422 420 1
2011902103870803 137212174624640 send 349798 0 0 422 420 1
2011902103872423 137212174624640 send 14 0 0 422 420 1
2011902103872913 137212174624640 egress 423 1 0 420 0 0
2011902103232406 137212158232256 emit_beg 423 0 0 0 0 0
2011902103234576 137212158232256 dmg 0 1 0 0 1920 1080
2011902103234736 137212158232256 enc 422 422 1 -1 -1 0
2011902103282524 137212158232256 emit_end 423 0 0 0 0 0
2011902131890960 137212166624960 wait_end 0 0 0 0 0 0
2011902131895029 137212166624960 drain_beg 0 0 0 0 0 0
2011902131895779 137212166624960 drain_end 1 0 0 0 0 0
2011902131896159 137212166624960 take 424 0 0 0 0 0
2011902131896759 137212166624960 subm_beg 1 0 0 0 0 0
2011902131898509 137212166624960 submit 424 0 0 0 0 0
2011902131898689 137212166624960 subm_end 1 0 0 0 0 0
2011902131898769 137212166624960 pump_beg 1 0 0 0 0 0
2011902132221447 137212166624960 feedend 423 0 0 0 0 0
2011902132383971 137212166624960 feedend 423 1 0 0 0 0
2011902127523739 137212174624640 cliack 421 0 422 423 0 0
2011902127524519 137212174624640 ackregion 422 423 423 421 1 0
2011902131876980 137212174624640 msgin 424 12533760 0 0 0 0
2011902131878260 137212174624640 enq 424 1 0 0 0 0
2011902138486099 137212166624960 outfirst 423 1 65536 0 0 0
2011902139334068 137212166624960 outfirst 423 0 65536 0 0 0
2011902139389626 137212166624960 pump_end 1 2 0 0 0 0
2011902139389906 137212166624960 join_beg 1 0 0 0 0 0
2011902139390636 137212166624960 join_end 0 0 0 0 0 0
2011902139390746 137212166624960 book_beg 1 0 0 0 0 0
2011902139391076 137212166624960 batch 424 1 1 2 2 0
2011902139391226 137212166624960 book_end 1 0 0 0 0 0
2011902139391356 137212166624960 coll_beg 0 0 0 0 0 0
2011902139594298 137212166624960 coll_end 0 0 0 0 0 0
2011902139594458 137212166624960 rel_beg 1 0 0 0 0 0
2011902139594738 137212166624960 absorb 424 0 0 0 0 0
2011902139598048 137212166624960 rel_end 1 0 0 0 0 0
2011902139599928 137212166624960 wait_beg 0 0 0 0 0 0
2011902139640457 137212174624640 send 18 0 0 423 421 1
2011902139956555 137212174624640 send 300564 0 0 423 421 1
2011902140151568 137212174624640 send 249083 0 0 423 421 1
2011902140153008 137212174624640 send 14 0 0 423 421 1
2011902140153318 137212174624640 egress 424 1 0 421 0 0
2011902139605998 137212158232256 emit_beg 424 0 0 0 0 0
2011902139608838 137212158232256 dmg 0 1 0 0 1920 1080
2011902139608998 137212158232256 enc 423 423 1 -1 -1 0
2011902139645156 137212158232256 emit_end 424 0 0 0 0 0
2011902161600914 137212174624640 cliack 422 0 423 424 0 0
2011902161601384 137212174624640 ackregion 423 424 424 422 1 0
2011902165579959 137212166624960 wait_end 0 0 0 0 0 0
2011902165582149 137212166624960 drain_beg 0 0 0 0 0 0
2011902165582519 137212166624960 drain_end 1 0 0 0 0 0
2011902165582689 137212166624960 take 425 0 0 0 0 0
2011902165582909 137212166624960 subm_beg 1 0 0 0 0 0
2011902165583879 137212166624960 submit 425 0 0 0 0 0
2011902165584069 137212166624960 subm_end 1 0 0 0 0 0
2011902165584089 137212166624960 pump_beg 1 0 0 0 0 0
2011902165878148 137212166624960 feedend 424 0 0 0 0 0
2011902166071161 137212166624960 feedend 424 1 0 0 0 0
2011902173321836 137212166624960 outfirst 424 1 65536 0 0 0
2011902174505543 137212166624960 outfirst 424 0 65536 0 0 0
2011902174567831 137212166624960 pump_end 1 2 0 0 0 0
2011902174568011 137212166624960 join_beg 1 0 0 0 0 0
2011902174568281 137212166624960 join_end 0 0 0 0 0 0
2011902174568491 137212166624960 book_beg 1 0 0 0 0 0
2011902174569211 137212166624960 batch 425 1 1 2 2 0
2011902174569241 137212166624960 book_end 1 0 0 0 0 0
2011902174569271 137212166624960 coll_beg 0 0 0 0 0 0
2011902174784843 137212166624960 coll_end 0 0 0 0 0 0
2011902174784943 137212166624960 rel_beg 1 0 0 0 0 0
2011902174785383 137212166624960 absorb 425 0 0 0 0 0
2011902174788313 137212166624960 rel_end 1 0 0 0 0 0
2011902174790073 137212166624960 wait_beg 0 0 0 0 0 0
2011902165569669 137212174624640 msgin 425 12533760 0 0 0 0
2011902165570419 137212174624640 enq 425 1 0 0 0 0
2011902174942037 137212174624640 send 18 0 0 424 422 1
2011902174808442 137212158232256 emit_beg 425 0 0 0 0 0
2011902174822382 137212158232256 dmg 0 1 0 0 1920 1080
2011902174822632 137212158232256 enc 424 424 1 -1 -1 0
2011902174894939 137212158232256 emit_end 425 0 0 0 0 0
2011902175480148 137212174624640 send 448703 0 0 424 422 1
2011902175861894 137212174624640 send 342023 0 0 424 422 1
2011902175863943 137212174624640 send 14 0 0 424 422 1
2011902175864523 137212174624640 egress 425 1 0 422 0 0
2011902195042273 137212174624640 cliack 423 0 424 425 0 0
2011902195042433 137212174624640 ackregion 424 425 425 423 1 0
2011902200250593 137212166624960 wait_end 0 0 0 0 0 0
2011902200254043 137212166624960 drain_beg 0 0 0 0 0 0
2011902200254383 137212166624960 drain_end 1 0 0 0 0 0
2011902200254743 137212166624960 take 426 0 0 0 0 0
2011902200255043 137212166624960 subm_beg 1 0 0 0 0 0
2011902200255793 137212166624960 submit 426 0 0 0 0 0
2011902200255963 137212166624960 subm_end 1 0 0 0 0 0
2011902200256013 137212166624960 pump_beg 1 0 0 0 0 0
2011902200552572 137212166624960 feedend 425 0 0 0 0 0
2011902200735935 137212166624960 feedend 425 1 0 0 0 0
2011902200226004 137212174624640 msgin 426 12533760 0 0 0 0
2011902200226494 137212174624640 enq 426 1 0 0 0 0
2011902209200936 137212166624960 outfirst 425 1 65536 0 0 0
2011902209966288 137212166624960 outfirst 425 0 65536 0 0 0
2011902210060145 137212166624960 pump_end 1 2 0 0 0 0
2011902210060465 137212166624960 join_beg 1 0 0 0 0 0
2011902210060655 137212166624960 join_end 0 0 0 0 0 0
2011902210060995 137212166624960 book_beg 1 0 0 0 0 0
2011902210062674 137212166624960 batch 426 1 1 2 2 0
2011902210062804 137212166624960 book_end 1 0 0 0 0 0
2011902210062944 137212166624960 coll_beg 0 0 0 0 0 0
2011902210425281 137212166624960 coll_end 0 0 0 0 0 0
2011902210425441 137212166624960 rel_beg 1 0 0 0 0 0
2011902210426091 137212166624960 absorb 426 0 0 0 0 0
2011902210428851 137212166624960 rel_end 1 0 0 0 0 0
2011902210431911 137212166624960 wait_beg 0 0 0 0 0 0
2011902210492569 137212174624640 send 18 0 0 425 423 1
2011902210912983 137212174624640 send 547492 0 0 425 423 1
2011902211274150 137212174624640 send 500416 0 0 425 423 1
2011902211275680 137212174624640 send 14 0 0 425 423 1
2011902211276050 137212174624640 egress 426 1 0 423 0 0
2011902210442211 137212158232256 emit_beg 426 0 0 0 0 0
2011902210448440 137212158232256 dmg 0 1 0 0 1920 1080
2011902210448640 137212158232256 enc 425 425 1 -1 -1 0
2011902210528097 137212158232256 emit_end 426 0 0 0 0 0
2011902220622299 137212166624960 wait_end 0 0 0 0 0 0
2011902220625459 137212166624960 drain_beg 0 0 0 0 0 0
2011902220625779 137212166624960 drain_end 1 0 0 0 0 0
2011902220625919 137212166624960 take 427 0 0 0 0 0
2011902220626129 137212166624960 subm_beg 1 0 0 0 0 0
2011902220626799 137212166624960 submit 427 0 0 0 0 0
2011902220626999 137212166624960 subm_end 1 0 0 0 0 0
2011902220627049 137212166624960 pump_beg 1 0 0 0 0 0
2011902220921428 137212166624960 feedend 426 0 0 0 0 0
2011902221146260 137212166624960 feedend 426 1 0 0 0 0
2011902218766907 137212174624640 cliack 424 0 425 426 0 0
2011902218767357 137212174624640 ackregion 425 426 426 424 1 0
2011902220602170 137212174624640 msgin 427 12533760 0 0 0 0
2011902220602430 137212174624640 enq 427 1 0 0 0 0
2011902228777491 137212166624960 outfirst 426 1 65536 0 0 0
2011902229650359 137212166624960 outfirst 426 0 65536 0 0 0
2011902229770205 137212166624960 pump_end 1 2 0 0 0 0
2011902229770905 137212166624960 join_beg 1 0 0 0 0 0
2011902229771145 137212166624960 join_end 0 0 0 0 0 0
2011902229771465 137212166624960 book_beg 1 0 0 0 0 0
2011902229771885 137212166624960 batch 427 1 1 2 2 0
2011902229772055 137212166624960 book_end 1 0 0 0 0 0
2011902229772225 137212166624960 coll_beg 0 0 0 0 0 0
2011902230137521 137212166624960 coll_end 0 0 0 0 0 0
2011902230137731 137212166624960 rel_beg 1 0 0 0 0 0
2011902230138141 137212166624960 absorb 427 0 0 0 0 0
2011902230140811 137212166624960 rel_end 1 0 0 0 0 0
2011902230143671 137212166624960 wait_beg 0 0 0 0 0 0
2011902230178690 137212174624640 send 18 0 0 426 424 1
2011902230559706 137212174624640 send 482923 0 0 426 424 1
2011902230865555 137212174624640 send 422681 0 0 426 424 1
2011902230866875 137212174624640 send 14 0 0 426 424 1
2011902230867155 137212174624640 egress 427 1 0 424 0 0
2011902230149271 137212158232256 emit_beg 427 0 0 0 0 0
2011902230154731 137212158232256 dmg 0 1 0 0 1920 1080
2011902230154941 137212158232256 enc 426 426 1 -1 -1 0
2011902230227638 137212158232256 emit_end 427 0 0 0 0 0
2011902252898410 137212174624640 cliack 425 0 426 427 0 0
2011902252898970 137212174624640 ackregion 426 427 427 425 1 0
2011902257680845 137212166624960 wait_end 0 0 0 0 0 0
2011902257684685 137212166624960 drain_beg 0 0 0 0 0 0
2011902257685105 137212166624960 drain_end 1 0 0 0 0 0
2011902257685295 137212166624960 take 428 0 0 0 0 0
2011902257686295 137212166624960 subm_beg 1 0 0 0 0 0
2011902257687755 137212166624960 submit 428 0 0 0 0 0
2011902257687905 137212166624960 subm_end 1 0 0 0 0 0
2011902257687935 137212166624960 pump_beg 1 0 0 0 0 0
2011902258040422 137212166624960 feedend 427 0 0 0 0 0
2011902258220276 137212166624960 feedend 427 1 0 0 0 0
2011902265419003 137212166624960 outfirst 427 1 65536 0 0 0
2011902257657806 137212174624640 msgin 428 12533760 0 0 0 0
2011902257658186 137212174624640 enq 428 1 0 0 0 0
2011902266428286 137212166624960 outfirst 427 0 65536 0 0 0
2011902266501363 137212166624960 pump_end 1 2 0 0 0 0
2011902266501693 137212166624960 join_beg 1 0 0 0 0 0
2011902266501863 137212166624960 join_end 0 0 0 0 0 0
2011902266502203 137212166624960 book_beg 1 0 0 0 0 0
2011902266502823 137212166624960 batch 428 1 1 2 2 0
2011902266503003 137212166624960 book_end 1 0 0 0 0 0
2011902266503193 137212166624960 coll_beg 0 0 0 0 0 0
2011902266818392 137212166624960 coll_end 0 0 0 0 0 0
2011902266818672 137212166624960 rel_beg 1 0 0 0 0 0
2011902266819232 137212166624960 absorb 428 0 0 0 0 0
2011902266822941 137212166624960 rel_end 1 0 0 0 0 0
2011902266824911 137212166624960 wait_beg 0 0 0 0 0 0
2011902266867330 137212174624640 send 18 0 0 427 425 1
2011902267209177 137212174624640 send 426212 0 0 427 425 1
2011902267470438 137212174624640 send 360827 0 0 427 425 1
2011902267471808 137212174624640 send 14 0 0 427 425 1
2011902267472038 137212174624640 egress 428 1 0 425 0 0
2011902266830151 137212158232256 emit_beg 428 0 0 0 0 0
2011902266835911 137212158232256 dmg 0 1 0 0 1920 1080
2011902266836111 137212158232256 enc 427 427 1 -1 -1 0
2011902266898009 137212158232256 emit_end 428 0 0 0 0 0
2011902300237781 137212166624960 wait_end 0 0 0 0 0 0
2011902300240721 137212166624960 drain_beg 0 0 0 0 0 0
2011902300241091 137212166624960 drain_end 1 0 0 0 0 0
2011902300241261 137212166624960 take 429 0 0 0 0 0
2011902300241541 137212166624960 subm_beg 1 0 0 0 0 0
2011902300242751 137212166624960 submit 429 0 0 0 0 0
2011902300242891 137212166624960 subm_end 1 0 0 0 0 0
2011902300242921 137212166624960 pump_beg 1 0 0 0 0 0
2011902300569249 137212166624960 feedend 428 0 0 0 0 0
2011902300736013 137212166624960 feedend 428 1 0 0 0 0
2011902298342580 137212174624640 cliack 426 0 427 428 0 0
2011902298343350 137212174624640 ackregion 427 428 428 426 1 0
2011902300217862 137212174624640 msgin 429 12533760 0 0 0 0
2011902300218842 137212174624640 enq 429 1 0 0 0 0
2011902307940960 137212166624960 outfirst 428 1 65536 0 0 0
2011902309270481 137212166624960 outfirst 428 0 65536 0 0 0
2011902309344788 137212166624960 pump_end 1 2 0 0 0 0
2011902309345268 137212166624960 join_beg 1 0 0 0 0 0
2011902309345758 137212166624960 join_end 0 0 0 0 0 0
2011902309346098 137212166624960 book_beg 1 0 0 0 0 0
2011902309347328 137212166624960 batch 429 1 1 2 2 0
2011902309347478 137212166624960 book_end 1 0 0 0 0 0
2011902309347628 137212166624960 coll_beg 0 0 0 0 0 0
2011902309587929 137212166624960 coll_end 0 0 0 0 0 0
2011902309588099 137212166624960 rel_beg 1 0 0 0 0 0
2011902309588629 137212166624960 absorb 429 0 0 0 0 0
2011902309592439 137212166624960 rel_end 1 0 0 0 0 0
2011902309596089 137212166624960 wait_beg 0 0 0 0 0 0
2011902309664147 137212174624640 send 18 0 0 428 426 1
2011902310014814 137212174624640 send 454214 0 0 428 426 1
2011902310281484 137212174624640 send 377902 0 0 428 426 1
2011902310282704 137212174624640 send 14 0 0 428 426 1
2011902310282894 137212174624640 egress 429 1 0 426 0 0
2011902309613689 137212158232256 emit_beg 429 0 0 0 0 0
2011902309620798 137212158232256 dmg 0 1 0 0 1920 1080
2011902309620998 137212158232256 enc 428 428 1 -1 -1 0
2011902309675366 137212158232256 emit_end 429 0 0 0 0 0
2011902340961874 137212166624960 wait_end 0 0 0 0 0 0
2011902340964914 137212166624960 drain_beg 0 0 0 0 0 0
2011902340965384 137212166624960 drain_end 1 0 0 0 0 0
2011902340965534 137212166624960 take 430 0 0 0 0 0
2011902340965954 137212166624960 subm_beg 1 0 0 0 0 0
2011902340967323 137212166624960 submit 430 0 0 0 0 0
2011902340967463 137212166624960 subm_end 1 0 0 0 0 0
2011902340967493 137212166624960 pump_beg 1 0 0 0 0 0
2011902341284472 137212166624960 feedend 429 0 0 0 0 0
2011902341446986 137212166624960 feedend 429 1 0 0 0 0
2011902337468591 137212174624640 cliack 427 0 428 429 0 0
2011902337469841 137212174624640 ackregion 428 429 429 427 1 0
2011902340950544 137212174624640 msgin 430 12533760 0 0 0 0
2011902340951884 137212174624640 enq 430 1 0 0 0 0
2011902348739840 137212166624960 outfirst 429 1 65536 0 0 0
2011902349862049 137212166624960 outfirst 429 0 65536 0 0 0
2011902349962605 137212166624960 pump_end 1 2 0 0 0 0
2011902349963125 137212166624960 join_beg 1 0 0 0 0 0
2011902349963385 137212166624960 join_end 0 0 0 0 0 0
2011902349963435 137212166624960 book_beg 1 0 0 0 0 0
2011902349963925 137212166624960 batch 430 1 1 2 2 0
2011902349964055 137212166624960 book_end 1 0 0 0 0 0
2011902349964185 137212166624960 coll_beg 0 0 0 0 0 0
2011902350210916 137212166624960 coll_end 0 0 0 0 0 0
2011902350211076 137212166624960 rel_beg 1 0 0 0 0 0
2011902350211616 137212166624960 absorb 430 0 0 0 0 0
2011902350214536 137212166624960 rel_end 1 0 0 0 0 0
2011902350216976 137212166624960 wait_beg 0 0 0 0 0 0
2011902350283773 137212174624640 send 18 0 0 429 427 1
2011902350801454 137212174624640 send 438784 0 0 429 427 1
2011902351109043 137212174624640 send 366956 0 0 429 427 1
2011902351110433 137212174624640 send 14 0 0 429 427 1
2011902351110703 137212174624640 egress 430 1 0 427 0 0
2011902350237605 137212158232256 emit_beg 430 0 0 0 0 0
2011902350245065 137212158232256 dmg 0 1 0 0 1920 1080
2011902350245645 137212158232256 enc 429 429 1 -1 -1 0
2011902350303443 137212158232256 emit_end 430 0 0 0 0 0
2011902372190723 137212166624960 wait_end 0 0 0 0 0 0
2011902372194663 137212166624960 drain_beg 0 0 0 0 0 0
2011902372194983 137212166624960 drain_end 1 0 0 0 0 0
2011902372195253 137212166624960 take 431 0 0 0 0 0
2011902372195543 137212166624960 subm_beg 1 0 0 0 0 0
2011902372196313 137212166624960 submit 431 0 0 0 0 0
2011902372196483 137212166624960 subm_end 1 0 0 0 0 0
2011902372196533 137212166624960 pump_beg 1 0 0 0 0 0
2011902372573349 137212166624960 feedend 430 0 0 0 0 0
2011902372808181 137212166624960 feedend 430 1 0 0 0 0
2011902371407402 137212174624640 cliack 428 0 429 430 0 0
2011902371407732 137212174624640 ackregion 429 430 430 428 1 0
2011902372168554 137212174624640 msgin 431 12533760 0 0 0 0
2011902372168944 137212174624640 enq 431 1 0 0 0 0
2011902380154152 137212166624960 outfirst 430 1 65536 0 0 0
2011902381220333 137212166624960 outfirst 430 0 65536 0 0 0
2011902381287951 137212166624960 pump_end 1 2 0 0 0 0
2011902381288161 137212166624960 join_beg 1 0 0 0 0 0
2011902381288351 137212166624960 join_end 0 0 0 0 0 0
2011902381288591 137212166624960 book_beg 1 0 0 0 0 0
2011902381289001 137212166624960 batch 431 1 1 2 2 0
2011902381289151 137212166624960 book_end 1 0 0 0 0 0
2011902381289311 137212166624960 coll_beg 0 0 0 0 0 0
2011902381518852 137212166624960 coll_end 0 0 0 0 0 0
2011902381519022 137212166624960 rel_beg 1 0 0 0 0 0
2011902381519372 137212166624960 absorb 431 0 0 0 0 0
2011902381522132 137212166624960 rel_end 1 0 0 0 0 0
2011902381523762 137212166624960 wait_beg 0 0 0 0 0 0
2011902381573370 137212174624640 send 18 0 0 430 428 1
2011902381927938 137212174624640 send 455610 0 0 430 428 1
2011902382349382 137212174624640 send 379367 0 0 430 428 1
2011902382352162 137212174624640 send 14 0 0 430 428 1
2011902382352702 137212174624640 egress 431 1 0 428 0 0
2011902381544312 137212158232256 emit_beg 431 0 0 0 0 0
2011902381550451 137212158232256 dmg 0 1 0 0 1920 1080
2011902381550651 137212158232256 enc 430 430 1 -1 -1 0
2011902381611029 137212158232256 emit_end 431 0 0 0 0 0
2011902410087009 137212166624960 wait_end 0 0 0 0 0 0
2011902410089449 137212166624960 drain_beg 0 0 0 0 0 0
2011902410089769 137212166624960 drain_end 1 0 0 0 0 0
2011902410090039 137212166624960 take 432 0 0 0 0 0
2011902410090629 137212166624960 subm_beg 1 0 0 0 0 0
2011902410091599 137212166624960 submit 432 0 0 0 0 0
2011902410091779 137212166624960 subm_end 1 0 0 0 0 0
2011902410092029 137212166624960 pump_beg 1 0 0 0 0 0
2011902410393718 137212166624960 feedend 431 0 0 0 0 0
2011902410584031 137212166624960 feedend 431 1 0 0 0 0
2011902407341089 137212174624640 cliack 429 0 430 431 0 0
2011902407341429 137212174624640 ackregion 430 431 431 429 1 0
2011902410068950 137212174624640 msgin 432 12533760 0 0 0 0
2011902410070310 137212174624640 enq 432 1 0 0 0 0
2011902417900834 137212166624960 outfirst 431 1 65536 0 0 0
2011902418804631 137212166624960 outfirst 431 0 65536 0 0 0
2011902418876298 137212166624960 pump_end 1 2 0 0 0 0
2011902418876508 137212166624960 join_beg 1 0 0 0 0 0
2011902418876678 137212166624960 join_end 0 0 0 0 0 0
2011902418876888 137212166624960 book_beg 1 0 0 0 0 0
2011902418877578 137212166624960 batch 432 1 1 2 2 0
2011902418877728 137212166624960 book_end 1 0 0 0 0 0
2011902418877878 137212166624960 coll_beg 0 0 0 0 0 0
2011902419099950 137212166624960 coll_end 0 0 0 0 0 0
2011902419100110 137212166624960 rel_beg 1 0 0 0 0 0
2011902419100360 137212166624960 absorb 432 0 0 0 0 0
2011902419102370 137212166624960 rel_end 1 0 0 0 0 0
2011902419104450 137212166624960 wait_beg 0 0 0 0 0 0
2011902419165798 137212174624640 send 18 0 0 431 429 1
2011902419686239 137212174624640 send 444051 0 0 431 429 1
2011902420067585 137212174624640 send 378602 0 0 431 429 1
2011902420068995 137212174624640 send 14 0 0 431 429 1
2011902420069175 137212174624640 egress 432 1 0 429 0 0
2011902419110460 137212158232256 emit_beg 432 0 0 0 0 0
2011902419114349 137212158232256 dmg 0 1 0 0 1920 1080
2011902419114559 137212158232256 enc 431 431 1 -1 -1 0
2011902419163538 137212158232256 emit_end 432 0 0 0 0 0
2011902446568277 137212166624960 wait_end 0 0 0 0 0 0
2011902446570977 137212166624960 drain_beg 0 0 0 0 0 0
2011902446571377 137212166624960 drain_end 1 0 0 0 0 0
2011902446571537 137212166624960 take 433 0 0 0 0 0
2011902446571927 137212166624960 subm_beg 1 0 0 0 0 0
2011902446573167 137212166624960 submit 433 0 0 0 0 0
2011902446573327 137212166624960 subm_end 1 0 0 0 0 0
2011902446573437 137212166624960 pump_beg 1 0 0 0 0 0
2011902442313882 137212174624640 cliack 430 0 431 432 0 0
2011902442314182 137212174624640 ackregion 431 432 432 430 1 0
2011902446556737 137212174624640 msgin 433 12533760 0 0 0 0
2011902446557247 137212174624640 enq 433 1 0 0 0 0
2011902446935713 137212166624960 feedend 432 0 0 0 0 0
2011902447128116 137212166624960 feedend 432 1 0 0 0 0
2011902453911089 137212166624960 outfirst 432 1 65536 0 0 0
2011902454517286 137212166624960 outfirst 432 0 65536 0 0 0
2011902454594254 137212166624960 pump_end 1 2 0 0 0 0
2011902454594494 137212166624960 join_beg 1 0 0 0 0 0
2011902454594704 137212166624960 join_end 0 0 0 0 0 0
2011902454595014 137212166624960 book_beg 1 0 0 0 0 0
2011902454595504 137212166624960 batch 433 1 1 2 2 0
2011902454595634 137212166624960 book_end 1 0 0 0 0 0
2011902454595774 137212166624960 coll_beg 0 0 0 0 0 0
2011902454858214 137212166624960 coll_end 0 0 0 0 0 0
2011902454858404 137212166624960 rel_beg 1 0 0 0 0 0
2011902454858854 137212166624960 absorb 433 0 0 0 0 0
2011902454861604 137212166624960 rel_end 1 0 0 0 0 0
2011902454863554 137212166624960 wait_beg 0 0 0 0 0 0
2011902454920522 137212174624640 send 18 0 0 432 430 1
2011902455248890 137212174624640 send 359657 0 0 432 430 1
2011902455470202 137212174624640 send 311133 0 0 432 430 1
2011902455471672 137212174624640 send 14 0 0 432 430 1
2011902455472072 137212174624640 egress 433 1 0 430 0 0
2011902454867524 137212158232256 emit_beg 433 0 0 0 0 0
2011902454871863 137212158232256 dmg 0 1 0 0 1920 1080
2011902454872113 137212158232256 enc 432 432 1 -1 -1 0
2011902454924892 137212158232256 emit_end 433 0 0 0 0 0
2011902481905726 137212166624960 wait_end 0 0 0 0 0 0
2011902481909176 137212166624960 drain_beg 0 0 0 0 0 0
2011902481909566 137212166624960 drain_end 1 0 0 0 0 0
2011902481909716 137212166624960 take 434 0 0 0 0 0
2011902481909976 137212166624960 subm_beg 1 0 0 0 0 0
2011902481910446 137212166624960 submit 434 0 0 0 0 0
2011902481910586 137212166624960 subm_end 1 0 0 0 0 0
2011902481910626 137212166624960 pump_beg 1 0 0 0 0 0
2011902482240594 137212166624960 feedend 433 0 0 0 0 0
2011902482444056 137212166624960 feedend 433 1 0 0 0 0
2011902478276809 137212174624640 cliack 431 0 432 433 0 0
2011902478277109 137212174624640 ackregion 432 433 433 431 1 0
2011902481882837 137212174624640 msgin 434 12533760 0 0 0 0
2011902481883717 137212174624640 enq 434 1 0 0 0 0
2011902489324005 137212166624960 outfirst 433 1 65536 0 0 0
2011902490606738 137212166624960 outfirst 433 0 65536 0 0 0
2011902490714814 137212166624960 pump_end 1 2 0 0 0 0
2011902490715024 137212166624960 join_beg 1 0 0 0 0 0
2011902490715334 137212166624960 join_end 0 0 0 0 0 0
2011902490715614 137212166624960 book_beg 1 0 0 0 0 0
2011902490716494 137212166624960 batch 434 1 1 2 2 0
2011902490716644 137212166624960 book_end 1 0 0 0 0 0
2011902490716804 137212166624960 coll_beg 0 0 0 0 0 0
2011902491030923 137212166624960 coll_end 0 0 0 0 0 0
2011902491031153 137212166624960 rel_beg 1 0 0 0 0 0
2011902491031453 137212166624960 absorb 434 0 0 0 0 0
2011902491034123 137212166624960 rel_end 1 0 0 0 0 0
2011902491035783 137212166624960 wait_beg 0 0 0 0 0 0
2011902491069421 137212174624640 send 18 0 0 433 431 1
2011902491429338 137212174624640 send 457938 0 0 433 431 1
2011902491675229 137212174624640 send 343241 0 0 433 431 1
2011902491676559 137212174624640 send 14 0 0 433 431 1
2011902491677209 137212174624640 egress 434 1 0 431 0 0
2011902491039002 137212158232256 emit_beg 434 0 0 0 0 0
2011902491042282 137212158232256 dmg 0 1 0 0 1920 1080
2011902491042472 137212158232256 enc 433 433 1 -1 -1 0
2011902491101620 137212158232256 emit_end 434 0 0 0 0 0
2011902515814908 137212166624960 wait_end 0 0 0 0 0 0
2011902515818667 137212166624960 drain_beg 0 0 0 0 0 0
2011902515818987 137212166624960 drain_end 1 0 0 0 0 0
2011902515819137 137212166624960 take 435 0 0 0 0 0
2011902515819727 137212166624960 subm_beg 1 0 0 0 0 0
2011902515820627 137212166624960 submit 435 0 0 0 0 0
2011902515820797 137212166624960 subm_end 1 0 0 0 0 0
2011902515820857 137212166624960 pump_beg 1 0 0 0 0 0
2011902516220403 137212166624960 feedend 434 0 0 0 0 0
2011902516460104 137212166624960 feedend 434 1 0 0 0 0
2011902513839520 137212174624640 cliack 432 0 433 434 0 0
2011902513839990 137212174624640 ackregion 433 434 434 432 1 0
2011902515791458 137212174624640 msgin 435 12533760 0 0 0 0
2011902515792508 137212174624640 enq 435 1 0 0 0 0
2011902525049530 137212166624960 outfirst 434 1 65536 0 0 0
2011902526170339 137212166624960 outfirst 434 0 65536 0 0 0
2011902526297575 137212166624960 pump_end 1 2 0 0 0 0
2011902526298095 137212166624960 join_beg 1 0 0 0 0 0
2011902526298675 137212166624960 join_end 0 0 0 0 0 0
2011902526299135 137212166624960 book_beg 1 0 0 0 0 0
2011902526299755 137212166624960 batch 435 1 1 2 2 0
2011902526299785 137212166624960 book_end 1 0 0 0 0 0
2011902526299935 137212166624960 coll_beg 0 0 0 0 0 0
2011902526772837 137212166624960 coll_end 0 0 0 0 0 0
2011902526772877 137212166624960 rel_beg 1 0 0 0 0 0
2011902526773567 137212166624960 absorb 435 0 0 0 0 0
2011902526777677 137212166624960 rel_end 1 0 0 0 0 0
2011902526780047 137212166624960 wait_beg 0 0 0 0 0 0
2011902526825166 137212174624640 send 18 0 0 434 432 1
2011902527291109 137212174624640 send 574414 0 0 434 432 1
2011902526786397 137212158232256 emit_beg 435 0 0 0 0 0
2011902526791307 137212158232256 dmg 0 1 0 0 1920 1080
2011902526791537 137212158232256 enc 434 434 1 -1 -1 0
2011902526883903 137212158232256 emit_end 435 0 0 0 0 0
2011902527661705 137212174624640 send 513457 0 0 434 432 1
2011902527663175 137212174624640 send 14 0 0 434 432 1
2011902527663495 137212174624640 egress 435 1 0 432 0 0
2011902547666044 137212166624960 wait_end 0 0 0 0 0 0
2011902547670644 137212166624960 drain_beg 0 0 0 0 0 0
2011902547671244 137212166624960 drain_end 1 0 0 0 0 0
2011902547671534 137212166624960 take 436 0 0 0 0 0
2011902547672054 137212166624960 subm_beg 1 0 0 0 0 0
2011902547673644 137212166624960 submit 436 0 0 0 0 0
2011902547673804 137212166624960 subm_end 1 0 0 0 0 0
2011902547673834 137212166624960 pump_beg 1 0 0 0 0 0
2011902542869470 137212174624640 cliack 433 0 434 435 0 0
2011902542870180 137212174624640 ackregion 434 435 435 433 1 0
2011902547641315 137212174624640 msgin 436 12533760 0 0 0 0
2011902547641835 137212174624640 enq 436 1 0 0 0 0
2011902547991572 137212166624960 feedend 435 0 0 0 0 0
2011902548241933 137212166624960 feedend 435 1 0 0 0 0
2011902555360913 137212166624960 outfirst 435 1 65536 0 0 0
2011902555960701 137212166624960 outfirst 435 0 65536 0 0 0
2011902556032659 137212166624960 pump_end 1 2 0 0 0 0
2011902556032879 137212166624960 join_beg 1 0 0 0 0 0
2011902556033259 137212166624960 join_end 0 0 0 0 0 0
2011902556033619 137212166624960 book_beg 1 0 0 0 0 0
2011902556034399 137212166624960 batch 436 1 1 2 2 0
2011902556034539 137212166624960 book_end 1 0 0 0 0 0
2011902556034689 137212166624960 coll_beg 0 0 0 0 0 0
2011902556318048 137212166624960 coll_end 0 0 0 0 0 0
2011902556318228 137212166624960 rel_beg 1 0 0 0 0 0
2011902556318458 137212166624960 absorb 436 0 0 0 0 0
2011902556321338 137212166624960 rel_end 1 0 0 0 0 0
2011902556323118 137212166624960 wait_beg 0 0 0 0 0 0
2011902556358327 137212174624640 send 18 0 0 435 433 1
2011902556652006 137212174624640 send 382456 0 0 435 433 1
2011902556888498 137212174624640 send 331198 0 0 435 433 1
2011902556889727 137212174624640 send 14 0 0 435 433 1
2011902556889957 137212174624640 egress 436 1 0 433 0 0
2011902556327768 137212158232256 emit_beg 436 0 0 0 0 0
2011902556332438 137212158232256 dmg 0 1 0 0 1920 1080
2011902556332898 137212158232256 enc 435 435 1 -1 -1 0
2011902556383606 137212158232256 emit_end 436 0 0 0 0 0
2011902577620070 137212174624640 cliack 434 0 435 436 0 0
2011902577620410 137212174624640 ackregion 435 436 436 434 1 0
2011902579805520 137212166624960 wait_end 0 0 0 0 0 0
2011902579809770 137212166624960 drain_beg 0 0 0 0 0 0
2011902579810140 137212166624960 drain_end 1 0 0 0 0 0
2011902579810310 137212166624960 take 437 0 0 0 0 0
2011902579810710 137212166624960 subm_beg 1 0 0 0 0 0
2011902579811540 137212166624960 submit 437 0 0 0 0 0
2011902579811710 137212166624960 subm_end 1 0 0 0 0 0
2011902579811760 137212166624960 pump_beg 1 0 0 0 0 0
2011902580107519 137212166624960 feedend 436 0 0 0 0 0
2011902580293983 137212166624960 feedend 436 1 0 0 0 0
2011902587427532 137212166624960 outfirst 436 1 65536 0 0 0
2011902579778701 137212174624640 msgin 437 12533760 0 0 0 0
2011902579779861 137212174624640 enq 437 1 0 0 0 0
2011902588573480 137212166624960 outfirst 436 0 65536 0 0 0
2011902588717335 137212166624960 pump_end 1 2 0 0 0 0
2011902588717815 137212166624960 join_beg 1 0 0 0 0 0
2011902588718035 137212166624960 join_end 0 0 0 0 0 0
2011902588718305 137212166624960 book_beg 1 0 0 0 0 0
2011902588718805 137212166624960 batch 437 1 1 2 2 0
2011902588718995 137212166624960 book_end 1 0 0 0 0 0
2011902588719175 137212166624960 coll_beg 0 0 0 0 0 0
2011902589050553 137212166624960 coll_end 0 0 0 0 0 0
2011902589050853 137212166624960 rel_beg 1 0 0 0 0 0
2011902589051233 137212166624960 absorb 437 0 0 0 0 0
2011902589055173 137212166624960 rel_end 1 0 0 0 0 0
2011902589057103 137212166624960 wait_beg 0 0 0 0 0 0
2011902589107191 137212174624640 send 18 0 0 436 434 1
2011902589447448 137212174624640 send 437665 0 0 436 434 1
2011902589707059 137212174624640 send 361947 0 0 436 434 1
2011902589708159 137212174624640 send 14 0 0 436 434 1
2011902589708599 137212174624640 egress 437 1 0 434 0 0
2011902589065752 137212158232256 emit_beg 437 0 0 0 0 0
2011902589071072 137212158232256 dmg 0 1 0 0 1920 1080
2011902589071542 137212158232256 enc 436 436 1 -1 -1 0
2011902589146309 137212158232256 emit_end 437 0 0 0 0 0
2011902627171191 137212166624960 wait_end 0 0 0 0 0 0
2011902627174751 137212166624960 drain_beg 0 0 0 0 0 0
2011902627175031 137212166624960 drain_end 1 0 0 0 0 0
2011902627175201 137212166624960 take 438 0 0 0 0 0
2011902627175511 137212166624960 subm_beg 1 0 0 0 0 0
2011902627176431 137212166624960 submit 438 0 0 0 0 0
2011902627176600 137212166624960 subm_end 1 0 0 0 0 0
2011902627176650 137212166624960 pump_beg 1 0 0 0 0 0
2011902627533197 137212166624960 feedend 437 0 0 0 0 0
2011902627738210 137212166624960 feedend 437 1 0 0 0 0
2011902624557156 137212174624640 cliack 435 0 436 437 0 0
2011902624557636 137212174624640 ackregion 436 437 437 435 1 0
2011902627145792 137212174624640 msgin 438 12533760 0 0 0 0
2011902627146452 137212174624640 enq 438 1 0 0 0 0
2011902634508853 137212166624960 outfirst 437 1 65536 0 0 0
2011902635796296 137212166624960 outfirst 437 0 65536 0 0 0
2011902635873063 137212166624960 pump_end 1 2 0 0 0 0
2011902635873463 137212166624960 join_beg 1 0 0 0 0 0
2011902635873703 137212166624960 join_end 0 0 0 0 0 0
2011902635874073 137212166624960 book_beg 1 0 0 0 0 0
2011902635874773 137212166624960 batch 438 1 1 2 2 0
2011902635874943 137212166624960 book_end 1 0 0 0 0 0
2011902635875113 137212166624960 coll_beg 0 0 0 0 0 0
2011902636181542 137212166624960 coll_end 0 0 0 0 0 0
2011902636181742 137212166624960 rel_beg 1 0 0 0 0 0
2011902636181942 137212166624960 absorb 438 0 0 0 0 0
2011902636184842 137212166624960 rel_end 1 0 0 0 0 0
2011902636186321 137212166624960 wait_beg 0 0 0 0 0 0
2011902636229340 137212174624640 send 18 0 0 437 435 1
2011902636546558 137212174624640 send 414807 0 0 437 435 1
2011902636778520 137212174624640 send 331334 0 0 437 435 1
2011902636779860 137212174624640 send 14 0 0 437 435 1
2011902636780230 137212174624640 egress 438 1 0 435 0 0
2011902636194361 137212158232256 emit_beg 438 0 0 0 0 0
2011902636199801 137212158232256 dmg 0 1 0 0 1920 1080
2011902636200271 137212158232256 enc 437 437 1 -1 -1 0
2011902636263759 137212158232256 emit_end 438 0 0 0 0 0
2011902655303823 137212174624640 cliack 436 0 437 438 0 0
2011902655304133 137212174624640 ackregion 437 438 438 436 1 0
2011902658554845 137212166624960 wait_end 0 0 0 0 0 0
2011902658558624 137212166624960 drain_beg 0 0 0 0 0 0
2011902658559054 137212166624960 drain_end 1 0 0 0 0 0
2011902658559194 137212166624960 take 439 0 0 0 0 0
2011902658559504 137212166624960 subm_beg 1 0 0 0 0 0
2011902658560324 137212166624960 submit 439 0 0 0 0 0
2011902658560484 137212166624960 subm_end 1 0 0 0 0 0
2011902658560534 137212166624960 pump_beg 1 0 0 0 0 0
2011902658879383 137212166624960 feedend 438 0 0 0 0 0
2011902659104994 137212166624960 feedend 438 1 0 0 0 0
2011902665593537 137212166624960 outfirst 438 1 65536 0 0 0
2011902666691297 137212166624960 outfirst 438 0 65536 0 0 0
2011902666759165 137212166624960 pump_end 1 2 0 0 0 0
2011902666759585 137212166624960 join_beg 1 0 0 0 0 0
2011902666759945 137212166624960 join_end 0 0 0 0 0 0
2011902666760565 137212166624960 book_beg 1 0 0 0 0 0
2011902666761505 137212166624960 batch 439 1 1 2 2 0
2011902666761565 137212166624960 book_end 1 0 0 0 0 0
2011902666761735 137212166624960 coll_beg 0 0 0 0 0 0
2011902667023505 137212166624960 coll_end 0 0 0 0 0 0
2011902667023605 137212166624960 rel_beg 1 0 0 0 0 0
2011902667024135 137212166624960 absorb 439 0 0 0 0 0
2011902667026895 137212166624960 rel_end 1 0 0 0 0 0
2011902667028135 137212166624960 wait_beg 0 0 0 0 0 0
2011902658531135 137212174624640 msgin 439 12533760 0 0 0 0
2011902658531655 137212174624640 enq 439 1 0 0 0 0
2011902667073913 137212174624640 send 18 0 0 438 436 1
2011902667354253 137212174624640 send 368441 0 0 438 436 1
2011902667562375 137212174624640 send 298323 0 0 438 436 1
2011902667563795 137212174624640 send 14 0 0 438 436 1
2011902667564095 137212174624640 egress 439 1 0 436 0 0
2011902667040324 137212158232256 emit_beg 439 0 0 0 0 0
2011902667048324 137212158232256 dmg 0 1 0 0 1920 1080
2011902667048684 137212158232256 enc 438 438 1 -1 -1 0
2011902667095082 137212158232256 emit_end 439 0 0 0 0 0
2011902694479072 137212166624960 wait_end 0 0 0 0 0 0
2011902694482302 137212166624960 drain_beg 0 0 0 0 0 0
2011902694482582 137212166624960 drain_end 1 0 0 0 0 0
2011902694482682 137212166624960 take 440 0 0 0 0 0
2011902694483072 137212166624960 subm_beg 1 0 0 0 0 0
2011902694484072 137212166624960 submit 440 0 0 0 0 0
2011902694484492 137212166624960 subm_end 1 0 0 0 0 0
2011902694484542 137212166624960 pump_beg 1 0 0 0 0 0
2011902694792491 137212166624960 feedend 439 0 0 0 0 0
2011902694985424 137212166624960 feedend 439 1 0 0 0 0
2011902690052294 137212174624640 cliack 437 0 438 439 0 0
2011902690052744 137212174624640 ackregion 438 439 439 437 1 0
2011902694453653 137212174624640 msgin 440 12533760 0 0 0 0
2011902694454513 137212174624640 enq 440 1 0 0 0 0
2011902702762140 137212166624960 outfirst 439 1 65536 0 0 0
2011902703826781 137212166624960 outfirst 439 0 65536 0 0 0
2011902703918928 137212166624960 pump_end 1 2 0 0 0 0
2011902703919148 137212166624960 join_beg 1 0 0 0 0 0
2011902703919358 137212166624960 join_end 0 0 0 0 0 0
2011902703919548 137212166624960 book_beg 1 0 0 0 0 0
2011902703920178 137212166624960 batch 440 1 1 2 2 0
2011902703920348 137212166624960 book_end 1 0 0 0 0 0
2011902703920508 137212166624960 coll_beg 0 0 0 0 0 0
2011902704300074 137212166624960 coll_end 0 0 0 0 0 0
2011902704300234 137212166624960 rel_beg 1 0 0 0 0 0
2011902704300684 137212166624960 absorb 440 0 0 0 0 0
2011902704303664 137212166624960 rel_end 1 0 0 0 0 0
2011902704306154 137212166624960 wait_beg 0 0 0 0 0 0
2011902704382031 137212174624640 send 18 0 0 439 437 1
2011902704907302 137212174624640 send 501886 0 0 439 437 1
2011902705200391 137212174624640 send 413775 0 0 439 437 1
2011902705201761 137212174624640 send 14 0 0 439 437 1
2011902705201951 137212174624640 egress 440 1 0 437 0 0
2011902704328773 137212158232256 emit_beg 440 0 0 0 0 0
2011902704340642 137212158232256 dmg 0 1 0 0 1920 1080
2011902704340982 137212158232256 enc 439 439 1 -1 -1 0
2011902704409460 137212158232256 emit_end 440 0 0 0 0 0
2011902727673010 137212166624960 wait_end 0 0 0 0 0 0
2011902727676090 137212166624960 drain_beg 0 0 0 0 0 0
2011902727676480 137212166624960 drain_end 1 0 0 0 0 0
2011902727676660 137212166624960 take 441 0 0 0 0 0
2011902727676900 137212166624960 subm_beg 1 0 0 0 0 0
2011902727677510 137212166624960 submit 441 0 0 0 0 0
2011902727677690 137212166624960 subm_end 1 0 0 0 0 0
2011902727677740 137212166624960 pump_beg 1 0 0 0 0 0
2011902727984769 137212166624960 feedend 440 0 0 0 0 0
2011902728182431 137212166624960 feedend 440 1 0 0 0 0
2011902722265938 137212174624640 cliack 438 0 439 440 0 0
2011902722266508 137212174624640 ackregion 439 440 440 438 1 0
2011902727648381 137212174624640 msgin 441 12533760 0 0 0 0
2011902727648641 137212174624640 enq 441 1 0 0 0 0
2011902735326071 137212166624960 outfirst 440 1 65536 0 0 0
2011902736133281 137212166624960 outfirst 440 0 65536 0 0 0
2011902736207698 137212166624960 pump_end 1 2 0 0 0 0
2011902736207938 137212166624960 join_beg 1 0 0 0 0 0
2011902736208148 137212166624960 join_end 0 0 0 0 0 0
2011902736208268 137212166624960 book_beg 1 0 0 0 0 0
2011902736209258 137212166624960 batch 441 1 1 2 2 0
2011902736209428 137212166624960 book_end 1 0 0 0 0 0
2011902736209688 137212166624960 coll_beg 0 0 0 0 0 0
2011902736512127 137212166624960 coll_end 0 0 0 0 0 0
2011902736512327 137212166624960 rel_beg 1 0 0 0 0 0
2011902736512587 137212166624960 absorb 441 0 0 0 0 0
2011902736514517 137212166624960 rel_end 1 0 0 0 0 0
2011902736517397 137212166624960 wait_beg 0 0 0 0 0 0
2011902736567825 137212174624640 send 18 0 0 440 438 1
2011902736886424 137212174624640 send 409288 0 0 440 438 1
2011902737145564 137212174624640 send 356203 0 0 440 438 1
2011902737146624 137212174624640 send 14 0 0 440 438 1
2011902737146954 137212174624640 egress 441 1 0 438 0 0
2011902736540986 137212158232256 emit_beg 441 0 0 0 0 0
2011902736549236 137212158232256 dmg 0 1 0 0 1920 1080
2011902736549516 137212158232256 enc 440 440 1 -1 -1 0
2011902736604594 137212158232256 emit_end 441 0 0 0 0 0
2011902751794089 137212166624960 wait_end 0 0 0 0 0 0
2011902751797529 137212166624960 drain_beg 0 0 0 0 0 0
2011902751797839 137212166624960 drain_end 1 0 0 0 0 0
2011902751797979 137212166624960 take 442 0 0 0 0 0
2011902751798229 137212166624960 subm_beg 1 0 0 0 0 0
2011902751798719 137212166624960 submit 442 0 0 0 0 0
2011902751798909 137212166624960 subm_end 1 0 0 0 0 0
2011902751798969 137212166624960 pump_beg 1 0 0 0 0 0
2011902752097968 137212166624960 feedend 441 0 0 0 0 0
2011902752238413 137212166624960 feedend 441 1 0 0 0 0
2011902758413057 137212166624960 outfirst 441 1 65536 0 0 0
2011902751019377 137212174624640 cliack 439 0 440 441 0 0
2011902751019797 137212174624640 ackregion 440 441 441 439 1 0
2011902751771540 137212174624640 msgin 442 12533760 0 0 0 0
2011902751771990 137212174624640 enq 442 1 0 0 0 0
2011902759306895 137212166624960 outfirst 441 0 65536 0 0 0
2011902759366003 137212166624960 pump_end 1 2 0 0 0 0
2011902759366373 137212166624960 join_beg 1 0 0 0 0 0
2011902759366673 137212166624960 join_end 0 0 0 0 0 0
2011902759366733 137212166624960 book_beg 1 0 0 0 0 0
2011902759367223 137212166624960 batch 442 1 1 2 2 0
2011902759367383 137212166624960 book_end 1 0 0 0 0 0
2011902759367553 137212166624960 coll_beg 0 0 0 0 0 0
2011902759534556 137212166624960 coll_end 0 0 0 0 0 0
2011902759534826 137212166624960 rel_beg 1 0 0 0 0 0
2011902759535076 137212166624960 absorb 442 0 0 0 0 0
2011902759537896 137212166624960 rel_end 1 0 0 0 0 0
2011902759539626 137212166624960 wait_beg 0 0 0 0 0 0
2011902759600784 137212174624640 send 18 0 0 441 439 1
2011902759839795 137212174624640 send 317396 0 0 441 439 1
2011902760024799 137212174624640 send 259808 0 0 441 439 1
2011902760026158 137212174624640 send 14 0 0 441 439 1
2011902760026458 137212174624640 egress 442 1 0 439 0 0
2011902759558576 137212158232256 emit_beg 442 0 0 0 0 0
2011902759564995 137212158232256 dmg 0 1 0 0 1920 1080
2011902759565245 137212158232256 enc 441 441 1 -1 -1 0
2011902759614343 137212158232256 emit_end 442 0 0 0 0 0
2011902795314170 137212166624960 wait_end 0 0 0 0 0 0
2011902795317249 137212166624960 drain_beg 0 0 0 0 0 0
2011902795317539 137212166624960 drain_end 1 0 0 0 0 0
2011902795317709 137212166624960 take 443 0 0 0 0 0
2011902795318059 137212166624960 subm_beg 1 0 0 0 0 0
2011902795318629 137212166624960 submit 443 0 0 0 0 0
2011902795318769 137212166624960 subm_end 1 0 0 0 0 0
2011902795318819 137212166624960 pump_beg 1 0 0 0 0 0
2011902795623488 137212166624960 feedend 442 0 0 0 0 0
2011902795819371 137212166624960 feedend 442 1 0 0 0 0
2011902790617121 137212174624640 cliack 440 0 441 442 0 0
2011902790617481 137212174624640 ackregion 441 442 442 440 1 0
2011902795304720 137212174624640 msgin 443 12533760 0 0 0 0
2011902795305050 137212174624640 enq 443 1 0 0 0 0
2011902803490951 137212166624960 outfirst 442 1 65536 0 0 0
2011902804041721 137212166624960 outfirst 442 0 65536 0 0 0
2011902804137137 137212166624960 pump_end 1 2 0 0 0 0
2011902804137597 137212166624960 join_beg 1 0 0 0 0 0
2011902804138097 137212166624960 join_end 0 0 0 0 0 0
2011902804138157 137212166624960 book_beg 1 0 0 0 0 0
2011902804138947 137212166624960 batch 443 1 1 2 2 0
2011902804139127 137212166624960 book_end 1 0 0 0 0 0
2011902804139307 137212166624960 coll_beg 0 0 0 0 0 0
2011902804466495 137212166624960 coll_end 0 0 0 0 0 0
2011902804466685 137212166624960 rel_beg 1 0 0 0 0 0
2011902804467405 137212166624960 absorb 443 0 0 0 0 0
2011902804471835 137212166624960 rel_end 1 0 0 0 0 0
2011902804474215 137212166624960 wait_beg 0 0 0 0 0 0
2011902804521903 137212174624640 send 18 0 0 442 440 1
2011902804839622 137212174624640 send 428095 0 0 442 440 1
2011902805077183 137212174624640 send 343221 0 0 442 440 1
2011902805078363 137212174624640 send 14 0 0 442 440 1
2011902805078713 137212174624640 egress 443 1 0 440 0 0
2011902804487475 137212158232256 emit_beg 443 0 0 0 0 0
2011902804493154 137212158232256 dmg 0 1 0 0 1920 1080
2011902804493354 137212158232256 enc 442 442 1 -1 -1 0
2011902804550812 137212158232256 emit_end 443 0 0 0 0 0
2011902826921565 137212166624960 wait_end 0 0 0 0 0 0
2011902826924045 137212166624960 drain_beg 0 0 0 0 0 0
2011902826924405 137212166624960 drain_end 1 0 0 0 0 0
2011902826924555 137212166624960 take 444 0 0 0 0 0
2011902826924875 137212166624960 subm_beg 1 0 0 0 0 0
2011902826925365 137212166624960 submit 444 0 0 0 0 0
2011902826925525 137212166624960 subm_end 1 0 0 0 0 0
2011902826925565 137212166624960 pump_beg 1 0 0 0 0 0
2011902827226804 137212166624960 feedend 443 0 0 0 0 0
2011902827412117 137212166624960 feedend 443 1 0 0 0 0
2011902823715382 137212174624640 cliack 441 0 442 443 0 0
2011902823715802 137212174624640 ackregion 442 443 443 441 1 0
2011902826900706 137212174624640 msgin 444 12533760 0 0 0 0
2011902826901126 137212174624640 enq 444 1 0 0 0 0
2011902835530211 137212166624960 outfirst 443 1 65536 0 0 0
2011902836515915 137212166624960 outfirst 443 0 65536 0 0 0
2011902836673579 137212166624960 pump_end 1 2 0 0 0 0
2011902836673809 137212166624960 join_beg 1 0 0 0 0 0
2011902836674579 137212166624960 join_end 0 0 0 0 0 0
2011902836674759 137212166624960 book_beg 1 0 0 0 0 0
2011902836675399 137212166624960 batch 444 1 1 2 2 0
2011902836675549 137212166624960 book_end 1 0 0 0 0 0
2011902836675759 137212166624960 coll_beg 0 0 0 0 0 0
2011902837061535 137212166624960 coll_end 0 0 0 0 0 0
2011902837061855 137212166624960 rel_beg 1 0 0 0 0 0
2011902837062325 137212166624960 absorb 444 0 0 0 0 0
2011902837066305 137212166624960 rel_end 1 0 0 0 0 0
2011902837068175 137212166624960 wait_beg 0 0 0 0 0 0
2011902837130412 137212174624640 send 18 0 0 443 441 1
2011902837776759 137212174624640 send 532384 0 0 443 441 1
2011902838128036 137212174624640 send 460799 0 0 443 441 1
2011902838129376 137212174624640 send 14 0 0 443 441 1
2011902838129636 137212174624640 egress 444 1 0 441 0 0
2011902837090644 137212158232256 emit_beg 444 0 0 0 0 0
2011902837096764 137212158232256 dmg 0 1 0 0 1920 1080
2011902837097184 137212158232256 enc 443 443 1 -1 -1 0
2011902837169781 137212158232256 emit_end 444 0 0 0 0 0
2011902848495217 137212174624640 cliack 442 0 443 444 0 0
2011902848495527 137212174624640 ackregion 443 444 444 442 1 0
2011902852178393 137212166624960 wait_end 0 0 0 0 0 0
2011902852181733 137212166624960 drain_beg 0 0 0 0 0 0
2011902852182153 137212166624960 drain_end 1 0 0 0 0 0
2011902852182343 137212166624960 take 445 0 0 0 0 0
2011902852182753 137212166624960 subm_beg 1 0 0 0 0 0
2011902852183373 137212166624960 submit 445 0 0 0 0 0
2011902852183603 137212166624960 subm_end 1 0 0 0 0 0
2011902852183663 137212166624960 pump_beg 1 0 0 0 0 0
2011902852567569 137212166624960 feedend 444 0 0 0 0 0
2011902852805830 137212166624960 feedend 444 1 0 0 0 0
2011902852155864 137212174624640 msgin 445 12533760 0 0 0 0
2011902852156744 137212174624640 enq 445 1 0 0 0 0
2011902860249938 137212166624960 outfirst 444 1 65536 0 0 0
2011902860912724 137212166624960 outfirst 444 0 65536 0 0 0
2011902861014960 137212166624960 pump_end 1 2 0 0 0 0
2011902861015730 137212166624960 join_beg 1 0 0 0 0 0
2011902861016620 137212166624960 join_end 0 0 0 0 0 0
2011902861016820 137212166624960 book_beg 1 0 0 0 0 0
2011902861017490 137212166624960 batch 445 1 1 2 2 0
2011902861017660 137212166624960 book_end 1 0 0 0 0 0
2011902861017810 137212166624960 coll_beg 0 0 0 0 0 0
2011902861253421 137212166624960 coll_end 0 0 0 0 0 0
2011902861253651 137212166624960 rel_beg 1 0 0 0 0 0
2011902861254151 137212166624960 absorb 445 0 0 0 0 0
2011902861256841 137212166624960 rel_end 1 0 0 0 0 0
2011902861259231 137212166624960 wait_beg 0 0 0 0 0 0
2011902861314569 137212174624640 send 18 0 0 444 442 1
2011902861641337 137212174624640 send 424810 0 0 444 442 1
2011902861918277 137212174624640 send 386788 0 0 444 442 1
2011902861919507 137212174624640 send 14 0 0 444 442 1
2011902861919867 137212174624640 egress 445 1 0 442 0 0
2011902861277470 137212158232256 emit_beg 445 0 0 0 0 0
2011902861283670 137212158232256 dmg 0 1 0 0 1920 1080
2011902861284070 137212158232256 enc 444 444 1 -1 -1 0
2011902861343288 137212158232256 emit_end 445 0 0 0 0 0
2011902884811201 137212166624960 wait_end 0 0 0 0 0 0
2011902884814601 137212166624960 drain_beg 0 0 0 0 0 0
2011902884814901 137212166624960 drain_end 1 0 0 0 0 0
2011902884815081 137212166624960 take 446 0 0 0 0 0
2011902884815401 137212166624960 subm_beg 1 0 0 0 0 0
2011902884816451 137212166624960 submit 446 0 0 0 0 0
2011902884816611 137212166624960 subm_end 1 0 0 0 0 0
2011902884816651 137212166624960 pump_beg 1 0 0 0 0 0
2011902885108540 137212166624960 feedend 445 0 0 0 0 0
2011902885258615 137212166624960 feedend 445 1 0 0 0 0
2011902881922546 137212174624640 cliack 443 0 444 445 0 0
2011902881922836 137212174624640 ackregion 444 445 445 443 1 0
2011902884801201 137212174624640 msgin 446 12533760 0 0 0 0
2011902884801951 137212174624640 enq 446 1 0 0 0 0
2011902891985339 137212166624960 outfirst 445 1 65536 0 0 0
2011902893153796 137212166624960 outfirst 445 0 65536 0 0 0
2011902893215874 137212166624960 pump_end 1 2 0 0 0 0
2011902893216274 137212166624960 join_beg 1 0 0 0 0 0
2011902893216834 137212166624960 join_end 0 0 0 0 0 0
2011902893216934 137212166624960 book_beg 1 0 0 0 0 0
2011902893217604 137212166624960 batch 446 1 1 2 2 0
2011902893217754 137212166624960 book_end 1 0 0 0 0 0
2011902893217894 137212166624960 coll_beg 0 0 0 0 0 0
2011902893423636 137212166624960 coll_end 0 0 0 0 0 0
2011902893423796 137212166624960 rel_beg 1 0 0 0 0 0
2011902893424496 137212166624960 absorb 446 0 0 0 0 0
2011902893426886 137212166624960 rel_end 1 0 0 0 0 0
2011902893428286 137212166624960 wait_beg 0 0 0 0 0 0
2011902893480964 137212174624640 send 18 0 0 445 443 1
2011902893788613 137212174624640 send 398509 0 0 445 443 1
2011902894019945 137212174624640 send 324088 0 0 445 443 1
2011902894021125 137212174624640 send 14 0 0 445 443 1
2011902894021445 137212174624640 egress 446 1 0 443 0 0
2011902893446516 137212158232256 emit_beg 446 0 0 0 0 0
2011902893453535 137212158232256 dmg 0 1 0 0 1920 1080
2011902893453675 137212158232256 enc 445 445 1 -1 -1 0
2011902893506453 137212158232256 emit_end 446 0 0 0 0 0
2011902929201540 137212166624960 wait_end 0 0 0 0 0 0
2011902929204780 137212166624960 drain_beg 0 0 0 0 0 0
2011902929205140 137212166624960 drain_end 1 0 0 0 0 0
2011902929205320 137212166624960 take 447 0 0 0 0 0
2011902929205640 137212166624960 subm_beg 1 0 0 0 0 0
2011902929206550 137212166624960 submit 447 0 0 0 0 0
2011902929206740 137212166624960 subm_end 1 0 0 0 0 0
2011902929206800 137212166624960 pump_beg 1 0 0 0 0 0
2011902929534448 137212166624960 feedend 446 0 0 0 0 0
2011902929728231 137212166624960 feedend 446 1 0 0 0 0
2011902924825910 137212174624640 cliack 444 0 445 446 0 0
2011902924826310 137212174624640 ackregion 445 446 446 444 1 0
2011902929185850 137212174624640 msgin 447 12533760 0 0 0 0
2011902929186400 137212174624640 enq 447 1 0 0 0 0
2011902937356982 137212166624960 outfirst 446 1 65536 0 0 0
2011902938042727 137212166624960 outfirst 446 0 65536 0 0 0
2011902938115924 137212166624960 pump_end 1 2 0 0 0 0
2011902938116144 137212166624960 join_beg 1 0 0 0 0 0
2011902938116334 137212166624960 join_end 0 0 0 0 0 0
2011902938116524 137212166624960 book_beg 1 0 0 0 0 0
2011902938116934 137212166624960 batch 447 1 1 2 2 0
2011902938117084 137212166624960 book_end 1 0 0 0 0 0
2011902938117244 137212166624960 coll_beg 0 0 0 0 0 0
2011902938446252 137212166624960 coll_end 0 0 0 0 0 0
2011902938446422 137212166624960 rel_beg 1 0 0 0 0 0
2011902938446552 137212166624960 absorb 447 0 0 0 0 0
2011902938449182 137212166624960 rel_end 1 0 0 0 0 0
2011902938450912 137212166624960 wait_beg 0 0 0 0 0 0
2011902938501630 137212174624640 send 18 0 0 446 444 1
2011902938829378 137212174624640 send 441022 0 0 446 444 1
2011902939084089 137212174624640 send 368356 0 0 446 444 1
2011902939085409 137212174624640 send 14 0 0 446 444 1
2011902939085769 137212174624640 egress 447 1 0 444 0 0
2011902938470491 137212158232256 emit_beg 447 0 0 0 0 0
2011902938477061 137212158232256 dmg 0 1 0 0 1920 1080
2011902938477231 137212158232256 enc 446 446 1 -1 -1 0
2011902938534009 137212158232256 emit_end 447 0 0 0 0 0
2011902959886069 137212174624640 cliack 445 0 446 447 0 0
2011902959886429 137212174624640 ackregion 446 447 447 445 1 0
2011902965817722 137212166624960 wait_end 0 0 0 0 0 0
2011902965821072 137212166624960 drain_beg 0 0 0 0 0 0
2011902965821362 137212166624960 drain_end 1 0 0 0 0 0
2011902965821612 137212166624960 take 448 0 0 0 0 0
2011902965821982 137212166624960 subm_beg 1 0 0 0 0 0
2011902965822732 137212166624960 submit 448 0 0 0 0 0
2011902965822882 137212166624960 subm_end 1 0 0 0 0 0
2011902965822942 137212166624960 pump_beg 1 0 0 0 0 0
2011902966110062 137212166624960 feedend 447 0 0 0 0 0
2011902966314834 137212166624960 feedend 447 1 0 0 0 0
2011902965799903 137212174624640 msgin 448 12533760 0 0 0 0
2011902965800733 137212174624640 enq 448 1 0 0 0 0
2011902974094210 137212166624960 outfirst 447 1 65536 0 0 0
2011902974629611 137212166624960 outfirst 447 0 65536 0 0 0
2011902974692838 137212166624960 pump_end 1 2 0 0 0 0
2011902974693048 137212166624960 join_beg 1 0 0 0 0 0
2011902974693288 137212166624960 join_end 0 0 0 0 0 0
2011902974693638 137212166624960 book_beg 1 0 0 0 0 0
2011902974694318 137212166624960 batch 448 1 1 2 2 0
2011902974694478 137212166624960 book_end 1 0 0 0 0 0
2011902974694618 137212166624960 coll_beg 0 0 0 0 0 0
2011902974918070 137212166624960 coll_end 0 0 0 0 0 0
2011902974918240 137212166624960 rel_beg 1 0 0 0 0 0
2011902974919200 137212166624960 absorb 448 0 0 0 0 0
2011902974922470 137212166624960 rel_end 1 0 0 0 0 0
2011902974924250 137212166624960 wait_beg 0 0 0 0 0 0
2011902974992267 137212174624640 send 18 0 0 447 445 1
2011902975530308 137212174624640 send 438922 0 0 447 445 1
2011902975921453 137212174624640 send 378764 0 0 447 445 1
2011902975922823 137212174624640 send 14 0 0 447 445 1
2011902975922993 137212174624640 egress 448 1 0 445 0 0
2011902974942469 137212158232256 emit_beg 448 0 0 0 0 0
2011902974946489 137212158232256 dmg 0 1 0 0 1920 1080
2011902974946729 137212158232256 enc 447 447 1 -1 -1 0
2011902975011647 137212158232256 emit_end 448 0 0 0 0 0
2011902993241021 137212166624960 wait_end 0 0 0 0 0 0
2011902993243101 137212166624960 drain_beg 0 0 0 0 0 0
2011902993243461 137212166624960 drain_end 1 0 0 0 0 0
2011902993243581 137212166624960 take 449 0 0 0 0 0
2011902993244021 137212166624960 subm_beg 1 0 0 0 0 0
2011902993244891 137212166624960 submit 449 0 0 0 0 0
2011902993245201 137212166624960 subm_end 1 0 0 0 0 0
2011902993245241 137212166624960 pump_beg 1 0 0 0 0 0
2011902993536900 137212166624960 feedend 448 0 0 0 0 0
2011902993717894 137212166624960 feedend 448 1 0 0 0 0
2011902991138348 137212174624640 cliack 446 0 447 448 0 0
2011902991138758 137212174624640 ackregion 447 448 448 446 1 0
2011902993228851 137212174624640 msgin 449 12533760 0 0 0 0
2011902993229851 137212174624640 enq 449 1 0 0 0 0
2011903001250138 137212166624960 outfirst 448 1 65536 0 0 0
2011903001942333 137212166624960 outfirst 448 0 65536 0 0 0
2011903002022550 137212166624960 pump_end 1 2 0 0 0 0
2011903002022930 137212166624960 join_beg 1 0 0 0 0 0
2011903002023380 137212166624960 join_end 0 0 0 0 0 0
2011903002023570 137212166624960 book_beg 1 0 0 0 0 0
2011903002024210 137212166624960 batch 449 1 1 2 2 0
2011903002024330 137212166624960 book_end 1 0 0 0 0 0
2011903002024490 137212166624960 coll_beg 0 0 0 0 0 0
2011903002260841 137212166624960 coll_end 0 0 0 0 0 0
2011903002261021 137212166624960 rel_beg 1 0 0 0 0 0
2011903002261551 137212166624960 absorb 449 0 0 0 0 0
2011903002264911 137212166624960 rel_end 1 0 0 0 0 0
2011903002266391 137212166624960 wait_beg 0 0 0 0 0 0
2011903002319349 137212174624640 send 18 0 0 448 446 1
2011903002636488 137212174624640 send 431909 0 0 448 446 1
2011903002894748 137212174624640 send 368961 0 0 448 446 1
2011903002895998 137212174624640 send 14 0 0 448 446 1
2011903002896358 137212174624640 egress 449 1 0 446 0 0
2011903002271331 137212158232256 emit_beg 449 0 0 0 0 0
2011903002276421 137212158232256 dmg 0 1 0 0 1920 1080
2011903002276621 137212158232256 enc 448 448 1 -1 -1 0
2011903002325599 137212158232256 emit_end 449 0 0 0 0 0
2011903026243886 137212174624640 cliack 447 0 448 449 0 0
2011903026244486 137212174624640 ackregion 448 449 449 447 1 0
2011903031637299 137212174624640 msgin 450 12533760 0 0 0 0
2011903031637729 137212174624640 enq 450 1 0 0 0 0
2011903031653268 137212166624960 wait_end 0 0 0 0 0 0
2011903031655948 137212166624960 drain_beg 0 0 0 0 0 0
2011903031656288 137212166624960 drain_end 1 0 0 0 0 0
2011903031656438 137212166624960 take 450 0 0 0 0 0
2011903031657008 137212166624960 subm_beg 1 0 0 0 0 0
2011903031658068 137212166624960 submit 450 0 0 0 0 0
2011903031658228 137212166624960 subm_end 1 0 0 0 0 0
2011903031658328 137212166624960 pump_beg 1 0 0 0 0 0
2011903031968096 137212166624960 feedend 449 0 0 0 0 0
2011903032183919 137212166624960 feedend 449 1 0 0 0 0
2011903039373926 137212166624960 outfirst 449 1 65536 0 0 0
2011903040210555 137212166624960 outfirst 449 0 65536 0 0 0
2011903040288683 137212166624960 pump_end 1 2 0 0 0 0
2011903040288933 137212166624960 join_beg 1 0 0 0 0 0
2011903040289343 137212166624960 join_end 0 0 0 0 0 0
2011903040289753 137212166624960 book_beg 1 0 0 0 0 0
2011903040290643 137212166624960 batch 450 1 1 2 2 0
2011903040290693 137212166624960 book_end 1 0 0 0 0 0
2011903040290823 137212166624960 coll_beg 0 0 0 0 0 0
2011903040625540 137212166624960 coll_end 0 0 0 0 0 0
2011903040625630 137212166624960 rel_beg 1 0 0 0 0 0
2011903040626160 137212166624960 absorb 450 0 0 0 0 0
2011903040630150 137212166624960 rel_end 1 0 0 0 0 0
2011903040632070 137212166624960 wait_beg 0 0 0 0 0 0
2011903040693728 137212174624640 send 18 0 0 449 447 1
2011903041083184 137212174624640 send 420318 0 0 449 447 1
2011903041325295 137212174624640 send 343946 0 0 449 447 1
2011903041326555 137212174624640 send 14 0 0 449 447 1
2011903041326765 137212174624640 egress 450 1 0 447 0 0
2011903040650239 137212158232256 emit_beg 450 0 0 0 0 0
2011903040658069 137212158232256 dmg 0 1 0 0 1920 1080
2011903040658269 137212158232256 enc 449 449 1 -1 -1 0
2011903040712537 137212158232256 emit_end 450 0 0 0 0 0
2011903061580905 137212174624640 cliack 448 0 449 450 0 0
2011903061581305 137212174624640 ackregion 449 450 450 448 1 0
2011903063396349 137212166624960 wait_end 0 0 0 0 0 0
2011903063398119 137212166624960 drain_beg 0 0 0 0 0 0
2011903063398339 137212166624960 drain_end 1 0 0 0 0 0
2011903063398409 137212166624960 take 451 0 0 0 0 0
2011903063398669 137212166624960 subm_beg 1 0 0 0 0 0
2011903063399229 137212166624960 submit 451 0 0 0 0 0
2011903063399369 137212166624960 subm_end 1 0 0 0 0 0
2011903063399409 137212166624960 pump_beg 1 0 0 0 0 0
2011903063718497 137212166624960 feedend 450 0 0 0 0 0
2011903063940909 137212166624960 feedend 450 1 0 0 0 0
2011903071479453 137212166624960 outfirst 450 1 65536 0 0 0
2011903071903088 137212166624960 outfirst 450 0 65536 0 0 0
2011903071979935 137212166624960 pump_end 1 2 0 0 0 0
2011903071980115 137212166624960 join_beg 1 0 0 0 0 0
2011903071980515 137212166624960 join_end 0 0 0 0 0 0
2011903071980895 137212166624960 book_beg 1 0 0 0 0 0
2011903071981625 137212166624960 batch 451 1 1 2 2 0
2011903071981695 137212166624960 book_end 1 0 0 0 0 0
2011903071981755 137212166624960 coll_beg 0 0 0 0 0 0
2011903072302143 137212166624960 coll_end 0 0 0 0 0 0
2011903072302293 137212166624960 rel_beg 1 0 0 0 0 0
2011903072302893 137212166624960 absorb 451 0 0 0 0 0
2011903072306283 137212166624960 rel_end 1 0 0 0 0 0
2011903072308053 137212166624960 wait_beg 0 0 0 0 0 0
2011903063387299 137212174624640 msgin 451 12533760 0 0 0 0
2011903063387629 137212174624640 enq 451 1 0 0 0 0
2011903072347692 137212174624640 send 18 0 0 450 448 1
2011903072312033 137212158232256 emit_beg 451 0 0 0 0 0
2011903072314253 137212158232256 dmg 0 1 0 0 1920 1080
2011903072314633 137212158232256 enc 450 450 1 -1 -1 0
2011903072357271 137212158232256 emit_end 451 0 0 0 0 0
2011903072837494 137212174624640 send 410346 0 0 450 448 1
2011903073091795 137212174624640 send 340751 0 0 450 448 1
2011903073093014 137212174624640 send 14 0 0 450 448 1
2011903073093454 137212174624640 egress 451 1 0 448 0 0
2011903100350559 137212166624960 wait_end 0 0 0 0 0 0
2011903100353379 137212166624960 drain_beg 0 0 0 0 0 0
2011903100353809 137212166624960 drain_end 1 0 0 0 0 0
2011903100354049 137212166624960 take 452 0 0 0 0 0
2011903100354459 137212166624960 subm_beg 1 0 0 0 0 0
2011903100356579 137212166624960 submit 452 0 0 0 0 0
2011903100356749 137212166624960 subm_end 1 0 0 0 0 0
2011903100356789 137212166624960 pump_beg 1 0 0 0 0 0
2011903100681847 137212166624960 feedend 451 0 0 0 0 0
2011903100728245 137212166624960 feedend 451 1 0 0 0 0
2011903096148832 137212174624640 cliack 449 0 450 451 0 0
2011903096149582 137212174624640 ackregion 450 451 451 449 1 0
2011903100338679 137212174624640 msgin 452 12533760 0 0 0 0
2011903100339859 137212174624640 enq 452 1 0 0 0 0
2011903107539026 137212166624960 outfirst 451 1 65536 0 0 0
2011903108711964 137212166624960 outfirst 451 0 65536 0 0 0
2011903108784831 137212166624960 pump_end 1 2 0 0 0 0
2011903108785321 137212166624960 join_beg 1 0 0 0 0 0
2011903108785971 137212166624960 join_end 0 0 0 0 0 0
2011903108786061 137212166624960 book_beg 1 0 0 0 0 0
2011903108786951 137212166624960 batch 452 1 1 2 2 0
2011903108787101 137212166624960 book_end 1 0 0 0 0 0
2011903108787331 137212166624960 coll_beg 0 0 0 0 0 0
2011903108986464 137212166624960 coll_end 0 0 0 0 0 0
2011903108986624 137212166624960 rel_beg 1 0 0 0 0 0
2011903108987133 137212166624960 absorb 452 0 0 0 0 0
2011903108992103 137212166624960 rel_end 1 0 0 0 0 0
2011903108993893 137212166624960 wait_beg 0 0 0 0 0 0
2011903109078530 137212174624640 send 18 0 0 451 449 1
2011903109383349 137212174624640 send 400924 0 0 451 449 1
2011903109591021 137212174624640 send 298170 0 0 451 449 1
2011903109592361 137212174624640 send 14 0 0 451 449 1
2011903109592541 137212174624640 egress 452 1 0 449 0 0
2011903109016822 137212158232256 emit_beg 452 0 0 0 0 0
2011903109025532 137212158232256 dmg 0 1 0 0 1920 1080
2011903109034872 137212158232256 enc 451 451 1 -1 -1 0
2011903109093360 137212158232256 emit_end 452 0 0 0 0 0
2011903129229244 137212174624640 cliack 450 0 451 452 0 0
2011903129229834 137212174624640 ackregion 451 452 452 450 1 0
2011903133341754 137212166624960 wait_end 0 0 0 0 0 0
2011903133344954 137212166624960 drain_beg 0 0 0 0 0 0
2011903133345254 137212166624960 drain_end 1 0 0 0 0 0
2011903133345454 137212166624960 take 453 0 0 0 0 0
2011903133345984 137212166624960 subm_beg 1 0 0 0 0 0
2011903133346974 137212166624960 submit 453 0 0 0 0 0
2011903133347164 137212166624960 subm_end 1 0 0 0 0 0
2011903133347194 137212166624960 pump_beg 1 0 0 0 0 0
2011903133651783 137212166624960 feedend 452 0 0 0 0 0
2011903133811837 137212166624960 feedend 452 1 0 0 0 0
2011903141068422 137212166624960 outfirst 452 1 65536 0 0 0
2011903141529995 137212166624960 outfirst 452 0 65536 0 0 0
2011903141602892 137212166624960 pump_end 1 2 0 0 0 0
2011903141603422 137212166624960 join_beg 1 0 0 0 0 0
2011903141604542 137212166624960 join_end 0 0 0 0 0 0
2011903141604852 137212166624960 book_beg 1 0 0 0 0 0
2011903141605142 137212166624960 batch 453 1 1 2 2 0
2011903141605192 137212166624960 book_end 1 0 0 0 0 0
2011903141605322 137212166624960 coll_beg 0 0 0 0 0 0
2011903141845713 137212166624960 coll_end 0 0 0 0 0 0
2011903141845773 137212166624960 rel_beg 1 0 0 0 0 0
2011903141846293 137212166624960 absorb 453 0 0 0 0 0
2011903141849743 137212166624960 rel_end 1 0 0 0 0 0
2011903141852723 137212166624960 wait_beg 0 0 0 0 0 0
2011903133329325 137212174624640 msgin 453 12533760 0 0 0 0
2011903133330085 137212174624640 enq 453 1 0 0 0 0
2011903141900041 137212174624640 send 18 0 0 452 450 1
2011903142207750 137212174624640 send 390417 0 0 452 450 1
2011903142457851 137212174624640 send 353514 0 0 452 450 1
2011903142459171 137212174624640 send 14 0 0 452 450 1
2011903142459441 137212174624640 egress 453 1 0 450 0 0
2011903141859123 137212158232256 emit_beg 453 0 0 0 0 0
2011903141865533 137212158232256 dmg 0 1 0 0 1920 1080
2011903141865743 137212158232256 enc 452 452 1 -1 -1 0
2011903141917891 137212158232256 emit_end 453 0 0 0 0 0
2011903161864042 137212174624640 cliack 451 0 452 453 0 0
2011903161864362 137212174624640 ackregion 452 453 453 451 1 0
2011903166492583 137212166624960 wait_end 0 0 0 0 0 0
2011903166494673 137212166624960 drain_beg 0 0 0 0 0 0
2011903166494923 137212166624960 drain_end 1 0 0 0 0 0
2011903166495103 137212166624960 take 454 0 0 0 0 0
2011903166495463 137212166624960 subm_beg 1 0 0 0 0 0
2011903166495853 137212166624960 submit 454 0 0 0 0 0
2011903166496013 137212166624960 subm_end 1 0 0 0 0 0
2011903166496043 137212166624960 pump_beg 1 0 0 0 0 0
2011903166769383 137212166624960 feedend 453 0 0 0 0 0
2011903166915248 137212166624960 feedend 453 1 0 0 0 0
2011903166483614 137212174624640 msgin 454 12533760 0 0 0 0
2011903166484024 137212174624640 enq 454 1 0 0 0 0
2011903175616390 137212166624960 outfirst 453 1 65536 0 0 0
2011903175639509 137212166624960 outfirst 453 0 65536 0 0 0
2011903175832652 137212166624960 pump_end 1 2 0 0 0 0
2011903175833592 137212166624960 join_beg 1 0 0 0 0 0
2011903175835022 137212166624960 join_end 0 0 0 0 0 0
2011903175835132 137212166624960 book_beg 1 0 0 0 0 0
2011903175836412 137212166624960 batch 454 1 1 2 2 0
2011903175836452 137212166624960 book_end 1 0 0 0 0 0
2011903175836522 137212166624960 coll_beg 0 0 0 0 0 0
2011903176264247 137212166624960 coll_end 0 0 0 0 0 0
2011903176264347 137212166624960 rel_beg 1 0 0 0 0 0
2011903176265236 137212166624960 absorb 454 0 0 0 0 0
2011903176274416 137212166624960 rel_end 1 0 0 0 0 0
2011903176277856 137212166624960 wait_beg 0 0 0 0 0 0
2011903176377732 137212174624640 send 18 0 0 453 451 1
2011903176742339 137212174624640 send 439956 0 0 453 451 1
2011903177066477 137212174624640 send 391811 0 0 453 451 1
2011903177068067 137212174624640 send 14 0 0 453 451 1
2011903177068517 137212174624640 egress 454 1 0 451 0 0
2011903176282946 137212158232256 emit_beg 454 0 0 0 0 0
2011903176286076 137212158232256 dmg 0 1 0 0 1920 1080
2011903176286396 137212158232256 enc 453 453 1 -1 -1 0
2011903176346434 137212158232256 emit_end 454 0 0 0 0 0
2011903193246406 137212166624960 wait_end 0 0 0 0 0 0
2011903193248076 137212166624960 drain_beg 0 0 0 0 0 0
2011903193248266 137212166624960 drain_end 1 0 0 0 0 0
2011903193248406 137212166624960 take 455 0 0 0 0 0
2011903193248816 137212166624960 subm_beg 1 0 0 0 0 0
2011903193249156 137212166624960 submit 455 0 0 0 0 0
2011903193249296 137212166624960 subm_end 1 0 0 0 0 0
2011903193249326 137212166624960 pump_beg 1 0 0 0 0 0
2011903193497717 137212166624960 feedend 454 0 0 0 0 0
2011903193632322 137212166624960 feedend 454 1 0 0 0 0
2011903192020791 137212174624640 cliack 452 0 453 454 0 0
2011903192020981 137212174624640 ackregion 453 454 454 452 1 0
2011903193234467 137212174624640 msgin 455 12533760 0 0 0 0
2011903193235217 137212174624640 enq 455 1 0 0 0 0
2011903201303552 137212166624960 outfirst 454 1 65536 0 0 0
2011903202326345 137212166624960 outfirst 454 0 65536 0 0 0
2011903202377063 137212166624960 pump_end 1 2 0 0 0 0
2011903202377253 137212166624960 join_beg 1 0 0 0 0 0
2011903202377573 137212166624960 join_end 0 0 0 0 0 0
2011903202377643 137212166624960 book_beg 1 0 0 0 0 0
2011903202377873 137212166624960 batch 455 1 1 2 2 0
2011903202378013 137212166624960 book_end 1 0 0 0 0 0
2011903202378153 137212166624960 coll_beg 0 0 0 0 0 0
2011903202627904 137212166624960 coll_end 0 0 0 0 0 0
2011903202628064 137212166624960 rel_beg 1 0 0 0 0 0
2011903202628424 137212166624960 absorb 455 0 0 0 0 0
2011903202631033 137212166624960 rel_end 1 0 0 0 0 0
2011903202632383 137212166624960 wait_beg 0 0 0 0 0 0
2011903202656303 137212174624640 send 18 0 0 454 452 1
2011903203142295 137212174624640 send 479135 0 0 454 452 1
2011903203425494 137212174624640 send 395817 0 0 454 452 1
2011903203427364 137212174624640 send 14 0 0 454 452 1
2011903203427714 137212174624640 egress 455 1 0 452 0 0
2011903202637883 137212158232256 emit_beg 455 0 0 0 0 0
2011903202640753 137212158232256 dmg 0 1 0 0 1920 1080
2011903202640913 137212158232256 enc 454 454 1 -1 -1 0
2011903202710201 137212158232256 emit_end 455 0 0 0 0 0
2011903224091630 137212174624640 cliack 453 0 454 455 0 0
2011903224091970 137212174624640 ackregion 454 455 455 453 1 0
2011903225187950 137212166624960 wait_end 0 0 0 0 0 0
2011903225190680 137212166624960 drain_beg 0 0 0 0 0 0
2011903225190969 137212166624960 drain_end 1 0 0 0 0 0
2011903225191159 137212166624960 take 456 0 0 0 0 0
2011903225191759 137212166624960 subm_beg 1 0 0 0 0 0
2011903225193559 137212166624960 submit 456 0 0 0 0 0
2011903225193739 137212166624960 subm_end 1 0 0 0 0 0
2011903225193759 137212166624960 pump_beg 1 0 0 0 0 0
2011903225480309 137212166624960 feedend 455 0 0 0 0 0
2011903225637583 137212166624960 feedend 455 1 0 0 0 0
2011903232801892 137212166624960 outfirst 455 1 65536 0 0 0
2011903225173920 137212174624640 msgin 456 12533760 0 0 0 0
2011903225174330 137212174624640 enq 456 1 0 0 0 0
2011903234396963 137212166624960 outfirst 455 0 65536 0 0 0
2011903234463291 137212166624960 pump_end 1 2 0 0 0 0
2011903234463991 137212166624960 join_beg 1 0 0 0 0 0
2011903234465481 137212166624960 join_end 0 0 0 0 0 0
2011903234465541 137212166624960 book_beg 1 0 0 0 0 0
2011903234466821 137212166624960 batch 456 1 1 2 2 0
2011903234466871 137212166624960 book_end 1 0 0 0 0 0
2011903234466931 137212166624960 coll_beg 0 0 0 0 0 0
2011903234725051 137212166624960 coll_end 0 0 0 0 0 0
2011903234725191 137212166624960 rel_beg 1 0 0 0 0 0
2011903234725921 137212166624960 absorb 456 0 0 0 0 0
2011903234733091 137212166624960 rel_end 1 0 0 0 0 0
2011903234737881 137212166624960 wait_beg 0 0 0 0 0 0
2011903234817978 137212174624640 send 18 0 0 455 453 1
2011903235336159 137212174624640 send 477706 0 0 455 453 1
2011903235758074 137212174624640 send 354021 0 0 455 453 1
2011903235760213 137212174624640 send 14 0 0 455 453 1
2011903235760843 137212174624640 egress 456 1 0 453 0 0
2011903234746951 137212158232256 emit_beg 456 0 0 0 0 0
2011903234752040 137212158232256 dmg 0 1 0 0 1920 1080
2011903234752320 137212158232256 enc 455 455 1 -1 -1 0
2011903234819038 137212158232256 emit_end 456 0 0 0 0 0
2011903263319997 137212166624960 wait_end 0 0 0 0 0 0
2011903263322857 137212166624960 drain_beg 0 0 0 0 0 0
2011903263323237 137212166624960 drain_end 1 0 0 0 0 0
2011903263323857 137212166624960 take 457 0 0 0 0 0
2011903263324347 137212166624960 subm_beg 1 0 0 0 0 0
2011903263325957 137212166624960 submit 457 0 0 0 0 0
2011903263326107 137212166624960 subm_end 1 0 0 0 0 0
2011903263326127 137212166624960 pump_beg 1 0 0 0 0 0
2011903263640995 137212166624960 feedend 456 0 0 0 0 0
2011903263681604 137212166624960 feedend 456 1 0 0 0 0
2011903259857303 137212174624640 cliack 454 0 455 456 0 0
2011903259857583 137212174624640 ackregion 455 456 456 454 1 0
2011903263306817 137212174624640 msgin 457 12533760 0 0 0 0
2011903263308237 137212174624640 enq 457 1 0 0 0 0
2011903271170880 137212166624960 outfirst 456 1 65536 0 0 0
2011903272183533 137212166624960 outfirst 456 0 65536 0 0 0
2011903272241931 137212166624960 pump_end 1 2 0 0 0 0
2011903272242131 137212166624960 join_beg 1 0 0 0 0 0
2011903272242421 137212166624960 join_end 0 0 0 0 0 0
2011903272242521 137212166624960 book_beg 1 0 0 0 0 0
2011903272242851 137212166624960 batch 457 1 1 2 2 0
2011903272242991 137212166624960 book_end 1 0 0 0 0 0
2011903272243141 137212166624960 coll_beg 0 0 0 0 0 0
2011903272458533 137212166624960 coll_end 0 0 0 0 0 0
2011903272458573 137212166624960 rel_beg 1 0 0 0 0 0
2011903272458913 137212166624960 absorb 457 0 0 0 0 0
2011903272462133 137212166624960 rel_end 1 0 0 0 0 0
2011903272463363 137212166624960 wait_beg 0 0 0 0 0 0
2011903272508021 137212174624640 send 18 0 0 456 454 1
2011903273048042 137212174624640 send 439337 0 0 456 454 1
2011903273486096 137212174624640 send 382732 0 0 456 454 1
2011903273488266 137212174624640 send 14 0 0 456 454 1
2011903273488546 137212174624640 egress 457 1 0 454 0 0
2011903272482462 137212158232256 emit_beg 457 0 0 0 0 0
2011903272485992 137212158232256 dmg 0 1 0 0 1920 1080
2011903272486202 137212158232256 enc 456 456 1 -1 -1 0
2011903272541620 137212158232256 emit_end 457 0 0 0 0 0
2011903302640941 137212166624960 wait_end 0 0 0 0 0 0
2011903302643431 137212166624960 drain_beg 0 0 0 0 0 0
2011903302643781 137212166624960 drain_end 1 0 0 0 0 0
2011903302643921 137212166624960 take 458 0 0 0 0 0
2011903302644361 137212166624960 subm_beg 1 0 0 0 0 0
2011903302645051 137212166624960 submit 458 0 0 0 0 0
2011903302645201 137212166624960 subm_end 1 0 0 0 0 0
2011903302645221 137212166624960 pump_beg 1 0 0 0 0 0
2011903302947370 137212166624960 feedend 457 0 0 0 0 0
2011903303107984 137212166624960 feedend 457 1 0 0 0 0
2011903297841116 137212174624640 cliack 455 0 456 457 0 0
2011903297841246 137212174624640 ackregion 456 457 457 455 1 0
2011903302625931 137212174624640 msgin 458 12533760 0 0 0 0
2011903302626901 137212174624640 enq 458 1 0 0 0 0
2011903309723932 137212166624960 outfirst 457 1 65536 0 0 0
2011903310800683 137212166624960 outfirst 457 0 65536 0 0 0
2011903310852621 137212166624960 pump_end 1 2 0 0 0 0
2011903310852831 137212166624960 join_beg 1 0 0 0 0 0
2011903310853151 137212166624960 join_end 0 0 0 0 0 0
2011903310853281 137212166624960 book_beg 1 0 0 0 0 0
2011903310853511 137212166624960 batch 458 1 1 2 2 0
2011903310853571 137212166624960 book_end 1 0 0 0 0 0
2011903310853611 137212166624960 coll_beg 0 0 0 0 0 0
2011903311106482 137212166624960 coll_end 0 0 0 0 0 0
2011903311106642 137212166624960 rel_beg 1 0 0 0 0 0
2011903311107052 137212166624960 absorb 458 0 0 0 0 0
2011903311110392 137212166624960 rel_end 1 0 0 0 0 0
2011903311111451 137212166624960 wait_beg 0 0 0 0 0 0
2011903311149030 137212174624640 send 18 0 0 457 455 1
2011903311447979 137212174624640 send 369566 0 0 457 455 1
2011903311672551 137212174624640 send 305910 0 0 457 455 1
2011903311673751 137212174624640 send 14 0 0 457 455 1
2011903311674011 137212174624640 egress 458 1 0 455 0 0
2011903311128651 137212158232256 emit_beg 458 0 0 0 0 0
2011903311134251 137212158232256 dmg 0 1 0 0 1920 1080
2011903311134441 137212158232256 enc 457 457 1 -1 -1 0
2011903311179449 137212158232256 emit_end 458 0 0 0 0 0
2011903333741945 137212174624640 cliack 456 0 457 458 0 0
2011903333742055 137212174624640 ackregion 457 458 458 456 1 0
2011903336047171 137212166624960 wait_end 0 0 0 0 0 0
2011903336050351 137212166624960 drain_beg 0 0 0 0 0 0
2011903336051071 137212166624960 drain_end 1 0 0 0 0 0
2011903336051301 137212166624960 take 459 0 0 0 0 0
2011903336051911 137212166624960 subm_beg 1 0 0 0 0 0
2011903336052950 137212166624960 submit 459 0 0 0 0 0
2011903336053050 137212166624960 subm_end 1 0 0 0 0 0
2011903336053140 137212166624960 pump_beg 1 0 0 0 0 0
2011903336360129 137212166624960 feedend 458 0 0 0 0 0
2011903336582301 137212166624960 feedend 458 1 0 0 0 0
2011903344813361 137212166624960 outfirst 458 1 65536 0 0 0
2011903336022452 137212174624640 msgin 459 12533760 0 0 0 0
2011903336023452 137212174624640 enq 459 1 0 0 0 0
2011903345593432 137212166624960 outfirst 458 0 65536 0 0 0
2011903345711298 137212166624960 pump_end 1 2 0 0 0 0
2011903345711418 137212166624960 join_beg 1 0 0 0 0 0
2011903345711638 137212166624960 join_end 0 0 0 0 0 0
2011903345711748 137212166624960 book_beg 1 0 0 0 0 0
2011903345712348 137212166624960 batch 459 1 1 2 2 0
2011903345712428 137212166624960 book_end 1 0 0 0 0 0
2011903345712518 137212166624960 coll_beg 0 0 0 0 0 0
2011903346008237 137212166624960 coll_end 0 0 0 0 0 0
2011903346008347 137212166624960 rel_beg 1 0 0 0 0 0
2011903346008467 137212166624960 absorb 459 0 0 0 0 0
2011903346013057 137212166624960 rel_end 1 0 0 0 0 0
2011903346014397 137212166624960 wait_beg 0 0 0 0 0 0
2011903346050695 137212174624640 send 18 0 0 458 456 1
2011903346451131 137212174624640 send 522381 0 0 458 456 1
2011903346794138 137212174624640 send 473662 0 0 458 456 1
2011903346795528 137212174624640 send 14 0 0 458 456 1
2011903346795908 137212174624640 egress 459 1 0 456 0 0
2011903346021126 137212158232256 emit_beg 459 0 0 0 0 0
2011903346027346 137212158232256 dmg 0 1 0 0 1920 1080
2011903346027416 137212158232256 enc 458 458 1 -1 -1 0
2011903346084054 137212158232256 emit_end 459 0 0 0 0 0
2011903371352151 137212166624960 wait_end 0 0 0 0 0 0
2011903371354831 137212166624960 drain_beg 0 0 0 0 0 0
2011903371355291 137212166624960 drain_end 1 0 0 0 0 0
2011903371355481 137212166624960 take 460 0 0 0 0 0
2011903371355621 137212166624960 subm_beg 1 0 0 0 0 0
2011903371356031 137212166624960 submit 460 0 0 0 0 0
2011903371356061 137212166624960 subm_end 1 0 0 0 0 0
2011903371356091 137212166624960 pump_beg 1 0 0 0 0 0
2011903371677810 137212166624960 feedend 459 0 0 0 0 0
2011903371869733 137212166624960 feedend 459 1 0 0 0 0
2011903369218049 137212174624640 cliack 457 0 458 459 0 0
2011903369218229 137212174624640 ackregion 458 459 459 457 1 0
2011903371330492 137212174624640 msgin 460 12533760 0 0 0 0
2011903371330832 137212174624640 enq 460 1 0 0 0 0
2011903378934594 137212166624960 outfirst 459 1 65536 0 0 0
2011903379731805 137212166624960 outfirst 459 0 65536 0 0 0
2011903379816632 137212166624960 pump_end 1 2 0 0 0 0
2011903379816852 137212166624960 join_beg 1 0 0 0 0 0
2011903379817032 137212166624960 join_end 0 0 0 0 0 0
2011903379817162 137212166624960 book_beg 1 0 0 0 0 0
2011903379817552 137212166624960 batch 460 1 1 2 2 0
2011903379817612 137212166624960 book_end 1 0 0 0 0 0
2011903379817682 137212166624960 coll_beg 0 0 0 0 0 0
2011903380109131 137212166624960 coll_end 0 0 0 0 0 0
2011903380109181 137212166624960 rel_beg 1 0 0 0 0 0
2011903380109271 137212166624960 absorb 460 0 0 0 0 0
2011903380112071 137212166624960 rel_end 1 0 0 0 0 0
2011903380113521 137212166624960 wait_beg 0 0 0 0 0 0
2011903380155820 137212174624640 send 18 0 0 459 457 1
2011903380691450 137212174624640 send 400577 0 0 459 457 1
2011903380997679 137212174624640 send 346882 0 0 459 457 1
2011903380999099 137212174624640 send 14 0 0 459 457 1
2011903380999439 137212174624640 egress 460 1 0 457 0 0
2011903380131331 137212158232256 emit_beg 460 0 0 0 0 0
2011903380138870 137212158232256 dmg 0 1 0 0 1920 1080
2011903380139080 137212158232256 enc 459 459 1 -1 -1 0
2011903380194408 137212158232256 emit_end 460 0 0 0 0 0
2011903399650988 137212166624960 wait_end 0 0 0 0 0 0
2011903399654448 137212166624960 drain_beg 0 0 0 0 0 0
2011903399655008 137212166624960 drain_end 1 0 0 0 0 0
2011903399655238 137212166624960 take 461 0 0 0 0 0
2011903399655518 137212166624960 subm_beg 1 0 0 0 0 0
2011903399656178 137212166624960 submit 461 0 0 0 0 0
2011903399656268 137212166624960 subm_end 1 0 0 0 0 0
2011903399656358 137212166624960 pump_beg 1 0 0 0 0 0
2011903399980286 137212166624960 feedend 460 0 0 0 0 0
2011903400192188 137212166624960 feedend 460 1 0 0 0 0
2011903398399313 137212174624640 cliack 458 0 459 460 0 0
2011903398399463 137212174624640 ackregion 459 460 460 458 1 0
2011903399625319 137212174624640 msgin 461 12533760 0 0 0 0
2011903399625789 137212174624640 enq 461 1 0 0 0 0
2011903409786568 137212166624960 outfirst 460 1 65536 0 0 0
2011903410047388 137212166624960 outfirst 460 0 65536 0 0 0
2011903410222382 137212166624960 pump_end 1 2 0 0 0 0
2011903410222592 137212166624960 join_beg 1 0 0 0 0 0
2011903410222842 137212166624960 join_end 0 0 0 0 0 0
2011903410223022 137212166624960 book_beg 1 0 0 0 0 0
2011903410223372 137212166624960 batch 461 1 1 2 2 0
2011903410223452 137212166624960 book_end 1 0 0 0 0 0
2011903410223512 137212166624960 coll_beg 0 0 0 0 0 0
2011903410724533 137212166624960 coll_end 0 0 0 0 0 0
2011903410724623 137212166624960 rel_beg 1 0 0 0 0 0
2011903410724793 137212166624960 absorb 461 0 0 0 0 0
2011903410727673 137212166624960 rel_end 1 0 0 0 0 0
2011903410729193 137212166624960 wait_beg 0 0 0 0 0 0
2011903410774082 137212174624640 send 18 0 0 460 458 1
2011903411291003 137212174624640 send 633541 0 0 460 458 1
2011903411714317 137212174624640 send 586145 0 0 460 458 1
2011903411715597 137212174624640 send 14 0 0 460 458 1
2011903411716617 137212174624640 egress 461 1 0 458 0 0
2011903410748042 137212158232256 emit_beg 461 0 0 0 0 0
2011903410751142 137212158232256 dmg 0 1 0 0 1920 1080
2011903410751202 137212158232256 enc 460 460 1 -1 -1 0
2011903410848739 137212158232256 emit_end 461 0 0 0 0 0
2011903442707085 137212166624960 wait_end 0 0 0 0 0 0
2011903442710325 137212166624960 drain_beg 0 0 0 0 0 0
2011903442710815 137212166624960 drain_end 1 0 0 0 0 0
2011903442711245 137212166624960 take 462 0 0 0 0 0
2011903442711465 137212166624960 subm_beg 1 0 0 0 0 0
2011903442712015 137212166624960 submit 462 0 0 0 0 0
2011903442712145 137212166624960 subm_end 1 0 0 0 0 0
2011903442712205 137212166624960 pump_beg 1 0 0 0 0 0
2011903443021584 137212166624960 feedend 461 0 0 0 0 0
2011903443229426 137212166624960 feedend 461 1 0 0 0 0
2011903441496779 137212174624640 cliack 459 0 460 461 0 0
2011903441496919 137212174624640 ackregion 460 461 461 459 1 0
2011903442684006 137212174624640 msgin 462 12533760 0 0 0 0
2011903442684226 137212174624640 enq 462 1 0 0 0 0
2011903450714633 137212166624960 outfirst 461 1 65536 0 0 0
2011903451201855 137212166624960 outfirst 461 0 65536 0 0 0
2011903451310031 137212166624960 pump_end 1 2 0 0 0 0
2011903451310301 137212166624960 join_beg 1 0 0 0 0 0
2011903451310481 137212166624960 join_end 0 0 0 0 0 0
2011903451310651 137212166624960 book_beg 1 0 0 0 0 0
2011903451310931 137212166624960 batch 462 1 1 2 2 0
2011903451310981 137212166624960 book_end 1 0 0 0 0 0
2011903451311051 137212166624960 coll_beg 0 0 0 0 0 0
2011903451648359 137212166624960 coll_end 0 0 0 0 0 0
2011903451648439 137212166624960 rel_beg 1 0 0 0 0 0
2011903451648699 137212166624960 absorb 462 0 0 0 0 0
2011903451651409 137212166624960 rel_end 1 0 0 0 0 0
2011903451653189 137212166624960 wait_beg 0 0 0 0 0 0
2011903451713036 137212174624640 send 18 0 0 461 459 1
2011903452127961 137212174624640 send 430121 0 0 461 459 1
2011903452402041 137212174624640 send 384931 0 0 461 459 1
2011903452403271 137212174624640 send 14 0 0 461 459 1
2011903452403531 137212174624640 egress 462 1 0 459 0 0
2011903451673338 137212158232256 emit_beg 462 0 0 0 0 0
2011903451677518 137212158232256 dmg 0 1 0 0 1920 1080
2011903451677608 137212158232256 enc 461 461 1 -1 -1 0
2011903451735226 137212158232256 emit_end 462 0 0 0 0 0
2011903473814659 137212174624640 cliack 460 0 461 462 0 0
2011903473815739 137212174624640 ackregion 461 462 462 460 1 0
2011903478460160 137212166624960 wait_end 0 0 0 0 0 0
2011903478464059 137212166624960 drain_beg 0 0 0 0 0 0
2011903478464539 137212166624960 drain_end 1 0 0 0 0 0
2011903478464639 137212166624960 take 463 0 0 0 0 0
2011903478465249 137212166624960 subm_beg 1 0 0 0 0 0
2011903478466819 137212166624960 submit 463 0 0 0 0 0
2011903478466969 137212166624960 subm_end 1 0 0 0 0 0
2011903478466999 137212166624960 pump_beg 1 0 0 0 0 0
2011903478810567 137212166624960 feedend 462 0 0 0 0 0
2011903479005350 137212166624960 feedend 462 1 0 0 0 0
2011903478432081 137212174624640 msgin 463 12533760 0 0 0 0
2011903478433751 137212174624640 enq 463 1 0 0 0 0
2011903486200897 137212166624960 outfirst 462 1 65536 0 0 0
2011903486986928 137212166624960 outfirst 462 0 65536 0 0 0
2011903487056625 137212166624960 pump_end 1 2 0 0 0 0
2011903487057245 137212166624960 join_beg 1 0 0 0 0 0
2011903487058225 137212166624960 join_end 0 0 0 0 0 0
2011903487058435 137212166624960 book_beg 1 0 0 0 0 0
2011903487058885 137212166624960 batch 463 1 1 2 2 0
2011903487058925 137212166624960 book_end 1 0 0 0 0 0
2011903487058965 137212166624960 coll_beg 0 0 0 0 0 0
2011903487371024 137212166624960 coll_end 0 0 0 0 0 0
2011903487371114 137212166624960 rel_beg 1 0 0 0 0 0
2011903487371534 137212166624960 absorb 463 0 0 0 0 0
2011903487375144 137212166624960 rel_end 1 0 0 0 0 0
2011903487377914 137212166624960 wait_beg 0 0 0 0 0 0
2011903487456301 137212174624640 send 18 0 0 462 460 1
2011903487926224 137212174624640 send 424544 0 0 462 460 1
2011903488224473 137212174624640 send 355626 0 0 462 460 1
2011903488225933 137212174624640 send 14 0 0 462 460 1
2011903488226223 137212174624640 egress 463 1 0 460 0 0
2011903487399403 137212158232256 emit_beg 463 0 0 0 0 0
2011903487407443 137212158232256 dmg 0 1 0 0 1920 1080
2011903487407813 137212158232256 enc 462 462 1 -1 -1 0
2011903487473150 137212158232256 emit_end 463 0 0 0 0 0
2011903529016513 137212166624960 wait_end 0 0 0 0 0 0
2011903529048202 137212166624960 drain_beg 0 0 0 0 0 0
2011903529049882 137212166624960 drain_end 1 0 0 0 0 0
2011903529050502 137212166624960 take 464 0 0 0 0 0
2011903529051192 137212166624960 subm_beg 1 0 0 0 0 0
2011903529053012 137212166624960 submit 464 0 0 0 0 0
2011903529053182 137212166624960 subm_end 1 0 0 0 0 0
2011903529053222 137212166624960 pump_beg 1 0 0 0 0 0
2011903529334571 137212166624960 feedend 463 0 0 0 0 0
2011903529420788 137212166624960 feedend 463 1 0 0 0 0
2011903526544463 137212174624640 cliack 461 0 462 463 0 0
2011903526544933 137212174624640 ackregion 462 463 463 461 1 0
2011903528988024 137212174624640 msgin 464 12533760 0 0 0 0
2011903528989044 137212174624640 enq 464 1 0 0 0 0
2011903537215194 137212166624960 outfirst 463 1 65536 0 0 0
2011903538296524 137212166624960 outfirst 463 0 65536 0 0 0
2011903538368241 137212166624960 pump_end 1 2 0 0 0 0
2011903538368751 137212166624960 join_beg 1 0 0 0 0 0
2011903538368981 137212166624960 join_end 0 0 0 0 0 0
2011903538369191 137212166624960 book_beg 1 0 0 0 0 0
2011903538369751 137212166624960 batch 464 1 1 2 2 0
2011903538369781 137212166624960 book_end 1 0 0 0 0 0
2011903538369821 137212166624960 coll_beg 0 0 0 0 0 0
2011903538732468 137212166624960 coll_end 0 0 0 0 0 0
2011903538732548 137212166624960 rel_beg 1 0 0 0 0 0
2011903538733088 137212166624960 absorb 464 0 0 0 0 0
2011903538736748 137212166624960 rel_end 1 0 0 0 0 0
2011903538739188 137212166624960 wait_beg 0 0 0 0 0 0
2011903538813195 137212174624640 send 18 0 0 463 461 1
2011903539357855 137212174624640 send 484414 0 0 463 461 1
2011903539797079 137212174624640 send 413464 0 0 463 461 1
2011903539798899 137212174624640 send 14 0 0 463 461 1
2011903539799139 137212174624640 egress 464 1 0 461 0 0
2011903538761687 137212158232256 emit_beg 464 0 0 0 0 0
2011903538770327 137212158232256 dmg 0 1 0 0 1920 1080
2011903538770757 137212158232256 enc 463 463 1 -1 -1 0
2011903538837554 137212158232256 emit_end 464 0 0 0 0 0
2011903565522090 137212166624960 wait_end 0 0 0 0 0 0
2011903565526500 137212166624960 drain_beg 0 0 0 0 0 0
2011903565527160 137212166624960 drain_end 1 0 0 0 0 0
2011903565527520 137212166624960 take 465 0 0 0 0 0
2011903565528260 137212166624960 subm_beg 1 0 0 0 0 0
2011903565529790 137212166624960 submit 465 0 0 0 0 0
2011903565529950 137212166624960 subm_end 1 0 0 0 0 0
2011903565530010 137212166624960 pump_beg 1 0 0 0 0 0
2011903565827269 137212166624960 feedend 464 0 0 0 0 0
2011903566029111 137212166624960 feedend 464 1 0 0 0 0
2011903562081405 137212174624640 cliack 462 0 463 464 0 0
2011903562081515 137212174624640 ackregion 463 464 464 462 1 0
2011903565493011 137212174624640 msgin 465 12533760 0 0 0 0
2011903565496091 137212174624640 enq 465 1 0 0 0 0
2011903572802264 137212166624960 outfirst 464 1 65536 0 0 0
2011903573607314 137212166624960 outfirst 464 0 65536 0 0 0
2011903573662992 137212166624960 pump_end 1 2 0 0 0 0
2011903573663212 137212166624960 join_beg 1 0 0 0 0 0
2011903573663562 137212166624960 join_end 0 0 0 0 0 0
2011903573663712 137212166624960 book_beg 1 0 0 0 0 0
2011903573664112 137212166624960 batch 465 1 1 2 2 0
2011903573664242 137212166624960 book_end 1 0 0 0 0 0
2011903573664392 137212166624960 coll_beg 0 0 0 0 0 0
2011903573930603 137212166624960 coll_end 0 0 0 0 0 0
2011903573930643 137212166624960 rel_beg 1 0 0 0 0 0
2011903573930923 137212166624960 absorb 465 0 0 0 0 0
2011903573934772 137212166624960 rel_end 1 0 0 0 0 0
2011903573937182 137212166624960 wait_beg 0 0 0 0 0 0
2011903573954202 137212174624640 send 18 0 0 464 462 1
2011903574257471 137212174624640 send 383078 0 0 464 462 1
2011903574486892 137212174624640 send 319968 0 0 464 462 1
2011903574488022 137212174624640 send 14 0 0 464 462 1
2011903574488282 137212174624640 egress 465 1 0 462 0 0
2011903573942062 137212158232256 emit_beg 465 0 0 0 0 0
2011903573944632 137212158232256 dmg 0 1 0 0 1920 1080
2011903573944712 137212158232256 enc 464 464 1 -1 -1 0
2011903573988631 137212158232256 emit_end 465 0 0 0 0 0
2011903595336051 137212174624640 cliack 463 0 464 465 0 0
2011903595336231 137212174624640 ackregion 464 465 465 463 1 0
2011903600356098 137212166624960 wait_end 0 0 0 0 0 0
2011903600360857 137212166624960 drain_beg 0 0 0 0 0 0
2011903600361277 137212166624960 drain_end 1 0 0 0 0 0
2011903600361457 137212166624960 take 466 0 0 0 0 0
2011903600361737 137212166624960 subm_beg 1 0 0 0 0 0
2011903600362637 137212166624960 submit 466 0 0 0 0 0
2011903600362917 137212166624960 subm_end 1 0 0 0 0 0
2011903600362967 137212166624960 pump_beg 1 0 0 0 0 0
2011903600659517 137212166624960 feedend 465 0 0 0 0 0
2011903600850360 137212166624960 feedend 465 1 0 0 0 0
2011903600327349 137212174624640 msgin 466 12533760 0 0 0 0
2011903600329439 137212174624640 enq 466 1 0 0 0 0
2011903607535525 137212166624960 outfirst 465 1 65536 0 0 0
2011903608434823 137212166624960 outfirst 465 0 65536 0 0 0
2011903608481251 137212166624960 pump_end 1 2 0 0 0 0
2011903608481411 137212166624960 join_beg 1 0 0 0 0 0
2011903608481561 137212166624960 join_end 0 0 0 0 0 0
2011903608481641 137212166624960 book_beg 1 0 0 0 0 0
2011903608481971 137212166624960 batch 466 1 1 2 2 0
2011903608482121 137212166624960 book_end 1 0 0 0 0 0
2011903608482151 137212166624960 coll_beg 0 0 0 0 0 0
2011903608653065 137212166624960 coll_end 0 0 0 0 0 0
2011903608653105 137212166624960 rel_beg 1 0 0 0 0 0
2011903608653405 137212166624960 absorb 466 0 0 0 0 0
2011903608656474 137212166624960 rel_end 1 0 0 0 0 0
2011903608657704 137212166624960 wait_beg 0 0 0 0 0 0
2011903608678844 137212174624640 send 18 0 0 465 463 1
2011903608983853 137212174624640 send 382642 0 0 465 463 1
2011903609223614 137212174624640 send 321427 0 0 465 463 1
2011903609224954 137212174624640 send 14 0 0 465 463 1
2011903609225314 137212174624640 egress 466 1 0 463 0 0
2011903608663214 137212158232256 emit_beg 466 0 0 0 0 0
2011903608665044 137212158232256 dmg 0 1 0 0 1920 1080
2011903608665124 137212158232256 enc 465 465 1 -1 -1 0
2011903608702843 137212158232256 emit_end 466 0 0 0 0 0
2011903634116145 137212174624640 cliack 464 0 465 466 0 0
2011903634116235 137212174624640 ackregion 465 466 466 464 1 0
2011903637670015 137212166624960 wait_end 0 0 0 0 0 0
2011903637673685 137212166624960 drain_beg 0 0 0 0 0 0
2011903637674015 137212166624960 drain_end 1 0 0 0 0 0
2011903637674185 137212166624960 take 467 0 0 0 0 0
2011903637674525 137212166624960 subm_beg 1 0 0 0 0 0
2011903637675305 137212166624960 submit 467 0 0 0 0 0
2011903637675455 137212166624960 subm_end 1 0 0 0 0 0
2011903637675485 137212166624960 pump_beg 1 0 0 0 0 0
2011903637956104 137212166624960 feedend 466 0 0 0 0 0
2011903638137148 137212166624960 feedend 466 1 0 0 0 0
2011903645046135 137212166624960 outfirst 466 1 65536 0 0 0
2011903646229072 137212166624960 outfirst 466 0 65536 0 0 0
2011903646287980 137212166624960 pump_end 1 2 0 0 0 0
2011903646288210 137212166624960 join_beg 1 0 0 0 0 0
2011903646288540 137212166624960 join_end 0 0 0 0 0 0
2011903646288680 137212166624960 book_beg 1 0 0 0 0 0
2011903646289000 137212166624960 batch 467 1 1 2 2 0
2011903646289060 137212166624960 book_end 1 0 0 0 0 0
2011903646289110 137212166624960 coll_beg 0 0 0 0 0 0
2011903646580699 137212166624960 coll_end 0 0 0 0 0 0
2011903646580739 137212166624960 rel_beg 1 0 0 0 0 0
2011903646581129 137212166624960 absorb 467 0 0 0 0 0
2011903646584719 137212166624960 rel_end 1 0 0 0 0 0
2011903646586039 137212166624960 wait_beg 0 0 0 0 0 0
2011903637641796 137212174624640 msgin 467 12533760 0 0 0 0
2011903637643026 137212174624640 enq 467 1 0 0 0 0
2011903646627128 137212174624640 send 18 0 0 466 464 1
2011903646604108 137212158232256 emit_beg 467 0 0 0 0 0
2011903646608128 137212158232256 dmg 0 1 0 0 1920 1080
2011903646608228 137212158232256 enc 466 466 1 -1 -1 0
2011903646658876 137212158232256 emit_end 467 0 0 0 0 0
2011903646956236 137212174624640 send 431060 0 0 466 464 1
2011903647211826 137212174624640 send 339002 0 0 466 464 1
2011903647213056 137212174624640 send 14 0 0 466 464 1
2011903647213416 137212174624640 egress 467 1 0 464 0 0
2011903664658359 137212174624640 cliack 465 0 466 467 0 0
2011903664658929 137212174624640 ackregion 466 467 467 465 1 0
2011903668796668 137212166624960 wait_end 0 0 0 0 0 0
2011903668800638 137212166624960 drain_beg 0 0 0 0 0 0
2011903668801148 137212166624960 drain_end 1 0 0 0 0 0
2011903668801338 137212166624960 take 468 0 0 0 0 0
2011903668801618 137212166624960 subm_beg 1 0 0 0 0 0
2011903668802458 137212166624960 submit 468 0 0 0 0 0
2011903668802628 137212166624960 subm_end 1 0 0 0 0 0
2011903668802678 137212166624960 pump_beg 1 0 0 0 0 0
2011903669105907 137212166624960 feedend 467 0 0 0 0 0
2011903669301959 137212166624960 feedend 467 1 0 0 0 0
2011903676436919 137212166624960 outfirst 467 1 65536 0 0 0
2011903668769419 137212174624640 msgin 468 12533760 0 0 0 0
2011903668771059 137212174624640 enq 468 1 0 0 0 0
2011903677260489 137212166624960 outfirst 467 0 65536 0 0 0
2011903677387054 137212166624960 pump_end 1 2 0 0 0 0
2011903677387304 137212166624960 join_beg 1 0 0 0 0 0
2011903677388104 137212166624960 join_end 0 0 0 0 0 0
2011903677388164 137212166624960 book_beg 1 0 0 0 0 0
2011903677388834 137212166624960 batch 468 1 1 2 2 0
2011903677388974 137212166624960 book_end 1 0 0 0 0 0
2011903677389124 137212166624960 coll_beg 0 0 0 0 0 0
2011903677597647 137212166624960 coll_end 0 0 0 0 0 0
2011903677597687 137212166624960 rel_beg 1 0 0 0 0 0
2011903677598196 137212166624960 absorb 468 0 0 0 0 0
2011903677603136 137212166624960 rel_end 1 0 0 0 0 0
2011903677604906 137212166624960 wait_beg 0 0 0 0 0 0
2011903677640275 137212174624640 send 18 0 0 467 465 1
2011903677965973 137212174624640 send 418998 0 0 467 465 1
2011903678369018 137212174624640 send 356994 0 0 467 465 1
2011903678371228 137212174624640 send 14 0 0 467 465 1
2011903678371928 137212174624640 egress 468 1 0 465 0 0
2011903677610816 137212158232256 emit_beg 468 0 0 0 0 0
2011903677614966 137212158232256 dmg 0 1 0 0 1920 1080
2011903677615156 137212158232256 enc 467 467 1 -1 -1 0
2011903677664904 137212158232256 emit_end 468 0 0 0 0 0
2011903697175712 137212166624960 wait_end 0 0 0 0 0 0
2011903697179281 137212166624960 drain_beg 0 0 0 0 0 0
2011903697179811 137212166624960 drain_end 1 0 0 0 0 0
2011903697180031 137212166624960 take 469 0 0 0 0 0
2011903697180471 137212166624960 subm_beg 1 0 0 0 0 0
2011903697181291 137212166624960 submit 469 0 0 0 0 0
2011903697181451 137212166624960 subm_end 1 0 0 0 0 0
2011903697181551 137212166624960 pump_beg 1 0 0 0 0 0
2011903694939213 137212174624640 cliack 466 0 467 468 0 0
2011903694939363 137212174624640 ackregion 467 468 468 466 1 0
2011903697151352 137212174624640 msgin 469 12533760 0 0 0 0
2011903697152262 137212174624640 enq 469 1 0 0 0 0
2011903697487120 137212166624960 feedend 468 0 0 0 0 0
2011903697710772 137212166624960 feedend 468 1 0 0 0 0
2011903704838162 137212166624960 outfirst 468 1 65536 0 0 0
2011903705847605 137212166624960 outfirst 468 0 65536 0 0 0
2011903705907223 137212166624960 pump_end 1 2 0 0 0 0
2011903705907313 137212166624960 join_beg 1 0 0 0 0 0
2011903705907493 137212166624960 join_end 0 0 0 0 0 0
2011903705907713 137212166624960 book_beg 1 0 0 0 0 0
2011903705908023 137212166624960 batch 469 1 1 2 2 0
2011903705908093 137212166624960 book_end 1 0 0 0 0 0
2011903705908143 137212166624960 coll_beg 0 0 0 0 0 0
2011903706259240 137212166624960 coll_end 0 0 0 0 0 0
2011903706259320 137212166624960 rel_beg 1 0 0 0 0 0
2011903706259460 137212166624960 absorb 469 0 0 0 0 0
2011903706262080 137212166624960 rel_end 1 0 0 0 0 0
2011903706263460 137212166624960 wait_beg 0 0 0 0 0 0
2011903706310258 137212174624640 send 18 0 0 468 466 1
2011903706643986 137212174624640 send 422807 0 0 468 466 1
2011903706901436 137212174624640 send 357894 0 0 468 466 1
2011903706902686 137212174624640 send 14 0 0 468 466 1
2011903706903086 137212174624640 egress 469 1 0 466 0 0
2011903706282709 137212158232256 emit_beg 469 0 0 0 0 0
2011903706289869 137212158232256 dmg 0 1 0 0 1920 1080
2011903706289999 137212158232256 enc 468 468 1 -1 -1 0
2011903706347467 137212158232256 emit_end 469 0 0 0 0 0
2011903729659775 137212166624960 wait_end 0 0 0 0 0 0
2011903729664005 137212166624960 drain_beg 0 0 0 0 0 0
2011903729664735 137212166624960 drain_end 1 0 0 0 0 0
2011903729665045 137212166624960 take 470 0 0 0 0 0
2011903729665625 137212166624960 subm_beg 1 0 0 0 0 0
2011903729667545 137212166624960 submit 470 0 0 0 0 0
2011903729667705 137212166624960 subm_end 1 0 0 0 0 0
2011903729667745 137212166624960 pump_beg 1 0 0 0 0 0
2011903729966464 137212166624960 feedend 469 0 0 0 0 0
2011903730168817 137212166624960 feedend 469 1 0 0 0 0
2011903737200820 137212166624960 outfirst 469 1 65536 0 0 0
2011903728377492 137212174624640 cliack 467 0 468 469 0 0
2011903728378112 137212174624640 ackregion 468 469 469 467 1 0
2011903729642426 137212174624640 msgin 470 12533760 0 0 0 0
2011903729643796 137212174624640 enq 470 1 0 0 0 0
2011903738251071 137212166624960 outfirst 469 0 65536 0 0 0
2011903738322769 137212166624960 pump_end 1 2 0 0 0 0
2011903738323049 137212166624960 join_beg 1 0 0 0 0 0
2011903738323479 137212166624960 join_end 0 0 0 0 0 0
2011903738323609 137212166624960 book_beg 1 0 0 0 0 0
2011903738323829 137212166624960 batch 470 1 1 2 2 0
2011903738323869 137212166624960 book_end 1 0 0 0 0 0
2011903738323909 137212166624960 coll_beg 0 0 0 0 0 0
2011903738541171 137212166624960 coll_end 0 0 0 0 0 0
2011903738541221 137212166624960 rel_beg 1 0 0 0 0 0
2011903738541361 137212166624960 absorb 470 0 0 0 0 0
2011903738544411 137212166624960 rel_end 1 0 0 0 0 0
2011903738547181 137212166624960 wait_beg 0 0 0 0 0 0
2011903738608828 137212174624640 send 18 0 0 469 467 1
2011903738932196 137212174624640 send 413113 0 0 469 467 1
2011903739262494 137212174624640 send 329630 0 0 469 467 1
2011903739266864 137212174624640 send 14 0 0 469 467 1
2011903739268464 137212174624640 egress 470 1 0 467 0 0
2011903738572340 137212158232256 emit_beg 470 0 0 0 0 0
2011903738581439 137212158232256 dmg 0 1 0 0 1920 1080
2011903738581699 137212158232256 enc 469 469 1 -1 -1 0
2011903738638477 137212158232256 emit_end 470 0 0 0 0 0
2011903765382370 137212166624960 wait_end 0 0 0 0 0 0
2011903765386220 137212166624960 drain_beg 0 0 0 0 0 0
2011903765386800 137212166624960 drain_end 1 0 0 0 0 0
2011903765387060 137212166624960 take 471 0 0 0 0 0
2011903765387690 137212166624960 subm_beg 1 0 0 0 0 0
2011903765389230 137212166624960 submit 471 0 0 0 0 0
2011903765389390 137212166624960 subm_end 1 0 0 0 0 0
2011903765389480 137212166624960 pump_beg 1 0 0 0 0 0
2011903765728408 137212166624960 feedend 470 0 0 0 0 0
2011903765908611 137212166624960 feedend 470 1 0 0 0 0
2011903761777872 137212174624640 cliack 468 0 469 470 0 0
2011903761778222 137212174624640 ackregion 469 470 470 468 1 0
2011903765365461 137212174624640 msgin 471 12533760 0 0 0 0
2011903765366491 137212174624640 enq 471 1 0 0 0 0
2011903772555568 137212166624960 outfirst 470 1 65536 0 0 0
2011903772885206 137212166624960 outfirst 470 0 65536 0 0 0
2011903773008922 137212166624960 pump_end 1 2 0 0 0 0
2011903773009442 137212166624960 join_beg 1 0 0 0 0 0
2011903773009842 137212166624960 join_end 0 0 0 0 0 0
2011903773009982 137212166624960 book_beg 1 0 0 0 0 0
2011903773010402 137212166624960 batch 471 1 1 2 2 0
2011903773010552 137212166624960 book_end 1 0 0 0 0 0
2011903773010702 137212166624960 coll_beg 0 0 0 0 0 0
2011903773265283 137212166624960 coll_end 0 0 0 0 0 0
2011903773265483 137212166624960 rel_beg 1 0 0 0 0 0
2011903773265923 137212166624960 absorb 471 0 0 0 0 0
2011903773271472 137212166624960 rel_end 1 0 0 0 0 0
2011903773272992 137212166624960 wait_beg 0 0 0 0 0 0
2011903773298111 137212174624640 send 18 0 0 470 468 1
2011903773559562 137212174624640 send 329777 0 0 470 468 1
2011903773775304 137212174624640 send 298346 0 0 470 468 1
2011903773776594 137212174624640 send 14 0 0 470 468 1
2011903773776804 137212174624640 egress 471 1 0 468 0 0
2011903773280122 137212158232256 emit_beg 471 0 0 0 0 0
2011903773284552 137212158232256 dmg 0 1 0 0 1920 1080
2011903773284652 137212158232256 enc 470 470 1 -1 -1 0
2011903773328680 137212158232256 emit_end 471 0 0 0 0 0
2011903811043413 137212166624960 wait_end 0 0 0 0 0 0
2011903811045193 137212166624960 join_beg 1 0 0 0 0 0
2011903811046163 137212166624960 join_end 0 0 0 0 0 0
