1585955176807488 132176871118528 drain_beg 0 0
1585955176812038 132176871118528 drain_end 1 0
1585955176813218 132176871118528 subm_beg 1 0
1585955248951133 132176871118528 subm_end 1 0
1585955248957333 132176871118528 pump_beg 1 0
1585955507985352 132176871118528 pump_end 1 2
1585955523937429 132176871118528 coll_beg 0 0
1585955529018684 132176871118528 coll_end 0 0
1585955537501834 132176871118528 drain_beg 0 0
1585955537502874 132176871118528 drain_end 1 0
1585955537503814 132176871118528 subm_beg 1 0
1585955537514543 132176862725824 emit_beg 1 0
1585955545901857 132176871118528 subm_end 1 0
1585955545902527 132176871118528 pump_beg 1 0
1585955555186138 132176871118528 pump_end 1 2
1585955555188368 132176871118528 join_beg 1 0
1585955599566607 132176862725824 emit_end 1 0
1585955599601896 132176871118528 join_end 0 0
1585955614900617 132176871118528 coll_beg 0 0
1585955617301609 132176871118528 coll_end 0 0
1585955627448059 132176871118528 drain_beg 0 0
1585955627450238 132176871118528 drain_end 1 0
1585955627451528 132176871118528 subm_beg 1 0
1585955627466528 132176862725824 emit_beg 2 0
1585955640896297 132176871118528 subm_end 1 0
1585955640896697 132176871118528 pump_beg 1 0
1585955667314872 132176862725824 emit_end 2 0
1585955703327427 132176871118528 pump_end 1 2
1585955703330187 132176871118528 join_beg 1 0
1585955703331677 132176871118528 join_end 0 0
1585955720616946 132176871118528 coll_beg 0 0
1585955722413310 132176871118528 coll_end 0 0
1585955741488223 132176862725824 emit_beg 3 0
1585955802252224 132176862725824 emit_end 3 0
1585955887554928 132176871118528 drain_beg 0 0
1585955887560398 132176871118528 drain_end 1 0
1585955887562028 132176871118528 subm_beg 1 0
1585955899327088 132176871118528 subm_end 1 0
1585955899329228 132176871118528 pump_beg 1 0
1585955907556957 132176871118528 pump_end 1 2
1585955907560877 132176871118528 join_beg 1 0
1585955907562617 132176871118528 join_end 0 0
1585955922641176 132176871118528 coll_beg 0 0
1585955925715234 132176871118528 coll_end 0 0
1585955939699843 132176862725824 emit_beg 4 0
1585955953531788 132176871118528 drain_beg 0 0
1585955953543248 132176871118528 drain_end 1 0
1585955953544758 132176871118528 subm_beg 1 0
1585955988882677 132176871118528 subm_end 1 0
1585955988887597 132176871118528 pump_beg 1 0
1585955993185040 132176862725824 emit_end 4 0
1585955995304282 132176871118528 pump_end 1 2
1585955995305662 132176871118528 join_beg 1 0
1585955995306682 132176871118528 join_end 0 0
1585956000786672 132176871118528 coll_beg 0 0
1585956001689259 132176871118528 coll_end 0 0
1585956010697360 132176862725824 emit_beg 5 0
1585956035066690 132176862725824 emit_end 5 0
1585956123424963 132176871118528 drain_beg 0 0
1585956123428683 132176871118528 drain_end 1 0
1585956123430482 132176871118528 subm_beg 1 0
1585956134728090 132176871118528 subm_end 1 0
1585956134730760 132176871118528 pump_beg 1 0
1585956140865486 132176871118528 pump_end 1 2
1585956140866236 132176871118528 join_beg 1 0
1585956140867116 132176871118528 join_end 0 0
1585956149090365 132176871118528 coll_beg 0 0
1585956151533396 132176871118528 coll_end 0 0
1585956171971559 132176871118528 drain_beg 0 0
1585956171973379 132176871118528 drain_end 1 0
1585956171974019 132176871118528 subm_beg 1 0
1585956171976909 132176862725824 emit_beg 6 0
1585956195347696 132176871118528 subm_end 1 0
1585956195348596 132176871118528 pump_beg 1 0
1585956202702917 132176871118528 pump_end 1 2
1585956202705857 132176871118528 join_beg 1 0
1585956219923328 132176862725824 emit_end 6 0
1585956219959257 132176871118528 join_end 0 0
1585956242417286 132176871118528 coll_beg 0 0
1585956246424260 132176871118528 coll_end 0 0
1585956256129026 132176862725824 emit_beg 7 0
1585956285251642 132176862725824 emit_end 7 0
1585956395284623 132176871118528 drain_beg 0 0
1585956395290153 132176871118528 drain_end 1 0
1585956395291663 132176871118528 subm_beg 1 0
1585956410812956 132176871118528 subm_end 1 0
1585956410814196 132176871118528 pump_beg 1 0
1585956417162244 132176871118528 pump_end 1 2
1585956417163814 132176871118528 join_beg 1 0
1585956417165134 132176871118528 join_end 0 0
1585956425383353 132176871118528 coll_beg 0 0
1585956428523749 132176871118528 coll_end 0 0
1585956445661913 132176871118528 drain_beg 0 0
1585956445677692 132176871118528 drain_end 1 0
1585956445679202 132176871118528 subm_beg 1 0
1585956445669502 132176862725824 emit_beg 8 0
1585956462396251 132176871118528 subm_end 1 0
1585956462407531 132176871118528 pump_beg 1 0
1585956469402735 132176871118528 pump_end 1 2
1585956469407545 132176871118528 join_beg 1 0
1585956492258901 132176862725824 emit_end 8 0
1585956492267840 132176871118528 join_end 0 0
1585956512465043 132176871118528 coll_beg 0 0
1585956515172914 132176871118528 coll_end 0 0
1585956540157741 132176862725824 emit_beg 9 0
1585956574453449 132176862725824 emit_end 9 0
1585956640214776 132176871118528 drain_beg 0 0
1585956640217246 132176871118528 drain_end 1 0
1585956640217876 132176871118528 subm_beg 1 0
1585956651813333 132176871118528 subm_end 1 0
1585956651814173 132176871118528 pump_beg 1 0
1585956658734040 132176871118528 pump_end 1 2
1585956658739770 132176871118528 join_beg 1 0
1585956658740660 132176871118528 join_end 0 0
1585956666634091 132176871118528 coll_beg 0 0
1585956668762504 132176871118528 coll_end 0 0
1585956676522450 132176871118528 drain_beg 0 0
1585956676523150 132176871118528 drain_end 1 0
1585956676523580 132176871118528 subm_beg 1 0
1585956676525860 132176862725824 emit_beg 10 0
1585956689020874 132176871118528 subm_end 1 0
1585956689021414 132176871118528 pump_beg 1 0
1585956696686304 132176871118528 pump_end 1 2
1585956696687174 132176871118528 join_beg 1 0
1585956720161516 132176862725824 emit_end 10 0
1585956720184096 132176871118528 join_end 0 0
1585956736957353 132176871118528 coll_beg 0 0
1585956740156946 132176871118528 coll_end 0 0
1585956768872537 132176862725824 emit_beg 11 0
1585956802690712 132176862725824 emit_end 11 0
1585956863599657 132176871118528 drain_beg 0 0
1585956863604897 132176871118528 drain_end 1 0
1585956863606647 132176871118528 subm_beg 1 0
1585956876334322 132176871118528 subm_end 1 0
1585956876336442 132176871118528 pump_beg 1 0
1585956883146483 132176871118528 pump_end 1 2
1585956883151193 132176871118528 join_beg 1 0
1585956883152553 132176871118528 join_end 0 0
1585956894339224 132176871118528 coll_beg 0 0
1585956897856406 132176871118528 coll_end 0 0
1585956910003572 132176871118528 drain_beg 0 0
1585956910006662 132176871118528 drain_end 1 0
1585956910008102 132176871118528 subm_beg 1 0
1585956910016602 132176862725824 emit_beg 12 0
1585956920718351 132176871118528 subm_end 1 0
1585956920720171 132176871118528 pump_beg 1 0
1585956927704106 132176871118528 pump_end 1 2
1585956927707885 132176871118528 join_beg 1 0
1585956944392926 132176862725824 emit_end 12 0
1585956944418245 132176871118528 join_end 0 0
1585956972441742 132176871118528 coll_beg 0 0
1585956975699063 132176871118528 coll_end 0 0
1585956983057064 132176862725824 emit_beg 13 0
1585957023960470 132176862725824 emit_end 13 0
1585957104560466 132176871118528 drain_beg 0 0
1585957104565696 132176871118528 drain_end 1 0
1585957104567116 132176871118528 subm_beg 1 0
1585957118338573 132176871118528 subm_end 1 0
1585957118341073 132176871118528 pump_beg 1 0
1585957126707337 132176871118528 pump_end 1 2
1585957126708417 132176871118528 join_beg 1 0
1585957126709447 132176871118528 join_end 0 0
1585957134677196 132176871118528 coll_beg 0 0
1585957138938210 132176871118528 coll_end 0 0
1585957154879238 132176871118528 drain_beg 0 0
1585957154880938 132176871118528 drain_end 1 0
1585957154881938 132176871118528 subm_beg 1 0
1585957154884438 132176862725824 emit_beg 14 0
1585957177170114 132176871118528 subm_end 1 0
1585957177171564 132176871118528 pump_beg 1 0
1585957184631831 132176871118528 pump_end 1 2
1585957184637391 132176871118528 join_beg 1 0
1585957207101080 132176862725824 emit_end 14 0
1585957207156178 132176871118528 join_end 0 0
1585957224033072 132176871118528 coll_beg 0 0
1585957228425432 132176871118528 coll_end 0 0
1585957241735485 132176862725824 emit_beg 15 0
1585957285567434 132176862725824 emit_end 15 0
1585957374603372 132176871118528 drain_beg 0 0
1585957374608962 132176871118528 drain_end 1 0
1585957374610382 132176871118528 subm_beg 1 0
1585957390696454 132176871118528 subm_end 1 0
1585957390698874 132176871118528 pump_beg 1 0
1585957400680460 132176871118528 pump_end 1 2
1585957400682330 132176871118528 join_beg 1 0
1585957400683410 132176871118528 join_end 0 0
1585957421585206 132176871118528 coll_beg 0 0
1585957426779017 132176871118528 coll_end 0 0
1585957447627165 132176871118528 drain_beg 0 0
1585957447628825 132176871118528 drain_end 1 0
1585957447629645 132176871118528 subm_beg 1 0
1585957447650674 132176862725824 emit_beg 16 0
1585957453428733 132176871118528 subm_end 1 0
1585957453434653 132176871118528 pump_beg 1 0
1585957460192286 132176871118528 pump_end 1 2
1585957460193826 132176871118528 join_beg 1 0
1585957499431473 132176862725824 emit_end 16 0
1585957499458222 132176871118528 join_end 0 0
1585957509302052 132176871118528 coll_beg 0 0
1585957511243851 132176871118528 coll_end 0 0
1585957526830722 132176871118528 drain_beg 0 0
1585957526832332 132176871118528 drain_end 1 0
1585957526832882 132176871118528 subm_beg 1 0
1585957526850181 132176862725824 emit_beg 17 0
1585957550941221 132176871118528 subm_end 1 0
1585957550942101 132176871118528 pump_beg 1 0
1585957558744846 132176871118528 pump_end 1 2
1585957558746036 132176871118528 join_beg 1 0
1585957593929131 132176862725824 emit_end 17 0
1585957593980909 132176871118528 join_end 0 0
1585957628829167 132176871118528 coll_beg 0 0
1585957632875279 132176871118528 coll_end 0 0
1585957640172332 132176862725824 emit_beg 18 0
1585957669558229 132176862725824 emit_end 18 0
1585957771167587 132176871118528 drain_beg 0 0
1585957771171017 132176871118528 drain_end 1 0
1585957771172337 132176871118528 subm_beg 1 0
1585957781327536 132176871118528 subm_end 1 0
1585957781329526 132176871118528 pump_beg 1 0
1585957788825403 132176871118528 pump_end 1 2
1585957788828392 132176871118528 join_beg 1 0
1585957788829872 132176871118528 join_end 0 0
1585957793249641 132176871118528 coll_beg 0 0
1585957796255051 132176871118528 coll_end 0 0
1585957821927243 132176862725824 emit_beg 19 0
1585957828580580 132176871118528 drain_beg 0 0
1585957828583270 132176871118528 drain_end 1 0
1585957828584530 132176871118528 subm_beg 1 0
1585957855349903 132176871118528 subm_end 1 0
1585957855350413 132176871118528 pump_beg 1 0
1585957863141838 132176871118528 pump_end 1 2
1585957863145708 132176871118528 join_beg 1 0
1585957873717412 132176862725824 emit_end 19 0
1585957873745491 132176871118528 join_end 0 0
1585957892466307 132176871118528 coll_beg 0 0
1585957898157999 132176871118528 coll_end 0 0
1585957915966509 132176862725824 emit_beg 20 0
1585957957475202 132176862725824 emit_end 20 0
1585958027476196 132176871118528 drain_beg 0 0
1585958027480845 132176871118528 drain_end 1 0
1585958027482235 132176871118528 subm_beg 1 0
1585958046170493 132176871118528 subm_end 1 0
1585958046172863 132176871118528 pump_beg 1 0
1585958053064191 132176871118528 pump_end 1 2
1585958053068001 132176871118528 join_beg 1 0
1585958053069811 132176871118528 join_end 0 0
1585958065294644 132176871118528 coll_beg 0 0
1585958067299411 132176871118528 coll_end 0 0
1585958075562439 132176871118528 drain_beg 0 0
1585958075563189 132176871118528 drain_end 1 0
1585958075563689 132176871118528 subm_beg 1 0
1585958075566319 132176862725824 emit_beg 21 0
1585958089924485 132176871118528 subm_end 1 0
1585958089924955 132176871118528 pump_beg 1 0
1585958098552240 132176871118528 pump_end 1 2
1585958098553000 132176871118528 join_beg 1 0
1585958118421874 132176862725824 emit_end 21 0
1585958118447883 132176871118528 join_end 0 0
1585958128455707 132176871118528 coll_beg 0 0
1585958132707492 132176871118528 coll_end 0 0
1585958142620590 132176871118528 drain_beg 0 0
1585958142622460 132176871118528 drain_end 1 0
1585958142623580 132176871118528 subm_beg 1 0
1585958142640439 132176862725824 emit_beg 22 0
1585958178263688 132176871118528 subm_end 1 0
1585958178274578 132176871118528 pump_beg 1 0
1585958187472212 132176871118528 pump_end 1 2
1585958187475232 132176871118528 join_beg 1 0
1585958203204887 132176862725824 emit_end 22 0
1585958203246625 132176871118528 join_end 0 0
1585958222662956 132176871118528 coll_beg 0 0
1585958227028287 132176871118528 coll_end 0 0
1585958243406359 132176862725824 emit_beg 23 0
1585958266593532 132176862725824 emit_end 23 0
1585958388095054 132176871118528 drain_beg 0 0
1585958388097944 132176871118528 drain_end 1 0
1585958388098734 132176871118528 subm_beg 1 0
1585958407660239 132176871118528 subm_end 1 0
1585958407661009 132176871118528 pump_beg 1 0
1585958415677206 132176871118528 pump_end 1 2
1585958415690036 132176871118528 join_beg 1 0
1585958415707055 132176871118528 join_end 0 0
1585958425731639 132176871118528 coll_beg 0 0
1585958428734159 132176871118528 coll_end 0 0
1585958447851051 132176862725824 emit_beg 24 0
1585958453285483 132176871118528 drain_beg 0 0
1585958453286663 132176871118528 drain_end 1 0
1585958453287203 132176871118528 subm_beg 1 0
1585958473600751 132176871118528 subm_end 1 0
1585958473602001 132176871118528 pump_beg 1 0
1585958480347494 132176862725824 emit_end 24 0
1585958482951379 132176871118528 pump_end 1 2
1585958482955449 132176871118528 join_beg 1 0
1585958482956759 132176871118528 join_end 0 0
1585958505716218 132176871118528 coll_beg 0 0
1585958510651527 132176871118528 coll_end 0 0
1585958523511038 132176862725824 emit_beg 25 0
1585958548060251 132176862725824 emit_end 25 0
1585958616553849 132176871118528 drain_beg 0 0
1585958616557009 132176871118528 drain_end 1 0
1585958616558429 132176871118528 subm_beg 1 0
1585958638399381 132176871118528 subm_end 1 0
1585958638400711 132176871118528 pump_beg 1 0
1585958647334195 132176871118528 pump_end 1 2
1585958647337425 132176871118528 join_beg 1 0
1585958647339495 132176871118528 join_end 0 0
1585958658849484 132176871118528 coll_beg 0 0
1585958662646166 132176871118528 coll_end 0 0
1585958672530005 132176871118528 drain_beg 0 0
1585958672531015 132176871118528 drain_end 1 0
1585958672531595 132176871118528 subm_beg 1 0
1585958672554854 132176862725824 emit_beg 26 0
1585958676181761 132176871118528 subm_end 1 0
1585958676182351 132176871118528 pump_beg 1 0
1585958685116305 132176871118528 pump_end 1 2
1585958685117615 132176871118528 join_beg 1 0
1585958739661053 132176862725824 emit_end 26 0
1585958739714071 132176871118528 join_end 0 0
1585958747212017 132176871118528 coll_beg 0 0
1585958751606786 132176871118528 coll_end 0 0
1585958763583679 132176871118528 drain_beg 0 0
1585958763585019 132176871118528 drain_end 1 0
1585958763586029 132176871118528 subm_beg 1 0
1585958763601658 132176862725824 emit_beg 27 0
1585958780835729 132176871118528 subm_end 1 0
1585958780837259 132176871118528 pump_beg 1 0
1585958789103827 132176871118528 pump_end 1 2
1585958789104927 132176871118528 join_beg 1 0
1585958802838555 132176862725824 emit_end 27 0
1585958802853934 132176871118528 join_end 0 0
1585958820455452 132176871118528 coll_beg 0 0
1585958823876267 132176871118528 coll_end 0 0
1585958852368106 132176862725824 emit_beg 28 0
1585958896206185 132176862725824 emit_end 28 0
1585958999522351 132176871118528 drain_beg 0 0
1585958999527991 132176871118528 drain_end 1 0
1585958999529891 132176871118528 subm_beg 1 0
1585959019608537 132176871118528 subm_end 1 0
1585959019614427 132176871118528 pump_beg 1 0
1585959028525412 132176871118528 pump_end 1 2
1585959028528592 132176871118528 join_beg 1 0
1585959028531281 132176871118528 join_end 0 0
1585959034076139 132176871118528 coll_beg 0 0
1585959038478088 132176871118528 coll_end 0 0
1585959070938723 132176862725824 emit_beg 29 0
1585959084564605 132176871118528 drain_beg 0 0
1585959084571325 132176871118528 drain_end 1 0
1585959084573504 132176871118528 subm_beg 1 0
1585959104635402 132176871118528 subm_end 1 0
1585959104638662 132176871118528 pump_beg 1 0
1585959108584568 132176862725824 emit_end 29 0
1585959114588658 132176871118528 pump_end 1 2
1585959114597308 132176871118528 join_beg 1 0
1585959114598918 132176871118528 join_end 0 0
1585959126735264 132176871118528 coll_beg 0 0
1585959131613026 132176871118528 coll_end 0 0
1585959136191609 132176862725824 emit_beg 30 0
1585959186643216 132176862725824 emit_end 30 0
1585959264184444 132176871118528 drain_beg 0 0
1585959264189514 132176871118528 drain_end 1 0
1585959264191174 132176871118528 subm_beg 1 0
1585959273044370 132176871118528 subm_end 1 0
1585959273046920 132176871118528 pump_beg 1 0
1585959283923943 132176871118528 pump_end 1 2
1585959283928983 132176871118528 join_beg 1 0
1585959283931763 132176871118528 join_end 0 0
1585959309955532 132176871118528 coll_beg 0 0
1585959312763230 132176871118528 coll_end 0 0
1585959334539954 132176871118528 drain_beg 0 0
1585959334574603 132176871118528 drain_end 1 0
1585959334576663 132176871118528 subm_beg 1 0
1585959334574163 132176862725824 emit_beg 31 0
1585959339650508 132176871118528 subm_end 1 0
1585959339655917 132176871118528 pump_beg 1 0
1585959351908700 132176871118528 pump_end 1 2
1585959351912210 132176871118528 join_beg 1 0
1585959364944184 132176862725824 emit_end 31 0
1585959364972653 132176871118528 join_end 0 0
1585959380598782 132176871118528 coll_beg 0 0
1585959384664133 132176871118528 coll_end 0 0
1585959407630415 132176862725824 emit_beg 32 0
1585959446760625 132176862725824 emit_end 32 0
1585959515789964 132176871118528 drain_beg 0 0
1585959515795564 132176871118528 drain_end 1 0
1585959515797004 132176871118528 subm_beg 1 0
1585959526768873 132176871118528 subm_end 1 0
1585959526772703 132176871118528 pump_beg 1 0
1585959538655389 132176871118528 pump_end 1 2
1585959538661769 132176871118528 join_beg 1 0
1585959538664299 132176871118528 join_end 0 0
1585959563294849 132176871118528 coll_beg 0 0
1585959567467876 132176871118528 coll_end 0 0
1585959586167323 132176871118528 drain_beg 0 0
1585959586179273 132176871118528 drain_end 1 0
1585959586180753 132176871118528 subm_beg 1 0
1585959586203792 132176862725824 emit_beg 33 0
1585959595683636 132176871118528 subm_end 1 0
1585959595687716 132176871118528 pump_beg 1 0
1585959608961251 132176871118528 pump_end 1 2
1585959608967891 132176871118528 join_beg 1 0
1585959623822508 132176862725824 emit_end 33 0
1585959623851377 132176871118528 join_end 0 0
1585959628280375 132176871118528 coll_beg 0 0
1585959632756042 132176871118528 coll_end 0 0
1585959651167199 132176862725824 emit_beg 34 0
1585959704164473 132176862725824 emit_end 34 0
1585959792592844 132176871118528 drain_beg 0 0
1585959792598043 132176871118528 drain_end 1 0
1585959792599533 132176871118528 subm_beg 1 0
1585959819961794 132176871118528 subm_end 1 0
1585959819973284 132176871118528 pump_beg 1 0
1585959830152412 132176871118528 pump_end 1 2
1585959830158951 132176871118528 join_beg 1 0
1585959830161491 132176871118528 join_end 0 0
1585959849315112 132176871118528 coll_beg 0 0
1585959852377250 132176871118528 coll_end 0 0
1585959864805536 132176871118528 drain_beg 0 0
1585959864807726 132176871118528 drain_end 1 0
1585959864809146 132176871118528 subm_beg 1 0
1585959864847164 132176862725824 emit_beg 35 0
1585959893568125 132176871118528 subm_end 1 0
1585959893570315 132176871118528 pump_beg 1 0
1585959903721165 132176871118528 pump_end 1 2
1585959903723155 132176871118528 join_beg 1 0
1585959919377293 132176862725824 emit_end 35 0
1585959919407572 132176871118528 join_end 0 0
1585959923640207 132176871118528 coll_beg 0 0
1585959927533555 132176871118528 coll_end 0 0
1585959945877315 132176862725824 emit_beg 36 0
1585959976631891 132176862725824 emit_end 36 0
1585960069059775 132176871118528 drain_beg 0 0
1585960069065335 132176871118528 drain_end 1 0
1585960069066845 132176871118528 subm_beg 1 0
1585960089269587 132176871118528 subm_end 1 0
1585960089272037 132176871118528 pump_beg 1 0
1585960098474221 132176871118528 pump_end 1 2
1585960098480001 132176871118528 join_beg 1 0
1585960098482351 132176871118528 join_end 0 0
1585960104221721 132176871118528 coll_beg 0 0
1585960106325874 132176871118528 coll_end 0 0
1585960117893762 132176871118528 drain_beg 0 0
1585960117895762 132176871118528 drain_end 1 0
1585960117896542 132176871118528 subm_beg 1 0
1585960117916621 132176862725824 emit_beg 37 0
1585960131166427 132176871118528 subm_end 1 0
1585960131167147 132176871118528 pump_beg 1 0
1585960142062199 132176871118528 pump_end 1 2
1585960142064089 132176871118528 join_beg 1 0
1585960172573255 132176862725824 emit_end 37 0
1585960172609093 132176871118528 join_end 0 0
1585960198256337 132176871118528 coll_beg 0 0
1585960202592178 132176871118528 coll_end 0 0
1585960225504961 132176871118528 drain_beg 0 0
1585960225516731 132176871118528 drain_end 1 0
1585960225518291 132176871118528 subm_beg 1 0
1585960225534250 132176862725824 emit_beg 38 0
1585960240514033 132176871118528 subm_end 1 0
1585960240518493 132176871118528 pump_beg 1 0
1585960250275676 132176871118528 pump_end 1 2
1585960250284036 132176871118528 join_beg 1 0
1585960274647556 132176862725824 emit_end 38 0
1585960274688445 132176871118528 join_end 0 0
1585960286896079 132176871118528 coll_beg 0 0
1585960288824658 132176871118528 coll_end 0 0
1585960310913712 132176862725824 emit_beg 39 0
1585960353306783 132176862725824 emit_end 39 0
1585960470644567 132176871118528 drain_beg 0 0
1585960470646977 132176871118528 drain_end 1 0
1585960470647557 132176871118528 subm_beg 1 0
1585960510971104 132176871118528 subm_end 1 0
1585960510973314 132176871118528 pump_beg 1 0
1585960523221447 132176871118528 pump_end 1 2
1585960523223467 132176871118528 join_beg 1 0
1585960523224677 132176871118528 join_end 0 0
1585960527172633 132176871118528 coll_beg 0 0
1585960530396515 132176871118528 coll_end 0 0
1585960556328548 132176862725824 emit_beg 40 0
1585960560053312 132176871118528 drain_beg 0 0
1585960560055752 132176871118528 drain_end 1 0
1585960560057002 132176871118528 subm_beg 1 0
1585960580785844 132176871118528 subm_end 1 0
1585960580787484 132176871118528 pump_beg 1 0
1585960584564626 132176862725824 emit_end 40 0
1585960589230566 132176871118528 pump_end 1 2
1585960589232286 132176871118528 join_beg 1 0
1585960589233076 132176871118528 join_end 0 0
1585960597185225 132176871118528 coll_beg 0 0
1585960598919822 132176871118528 coll_end 0 0
1585960614325629 132176862725824 emit_beg 41 0
1585960645944894 132176862725824 emit_end 41 0
1585960698233604 132176871118528 drain_beg 0 0
1585960698237794 132176871118528 drain_end 1 0
1585960698239124 132176871118528 subm_beg 1 0
1585960719179359 132176871118528 subm_end 1 0
1585960719181909 132176871118528 pump_beg 1 0
1585960729981235 132176871118528 pump_end 1 2
1585960729983525 132176871118528 join_beg 1 0
1585960729985295 132176871118528 join_end 0 0
1585960751743910 132176871118528 coll_beg 0 0
1585960755119647 132176871118528 coll_end 0 0
1585960765251077 132176871118528 drain_beg 0 0
1585960765254267 132176871118528 drain_end 1 0
1585960765255586 132176871118528 subm_beg 1 0
1585960765269046 132176862725824 emit_beg 42 0
1585960783866997 132176871118528 subm_end 1 0
1585960783868917 132176871118528 pump_beg 1 0
1585960792455763 132176871118528 pump_end 1 2
1585960792460103 132176871118528 join_beg 1 0
1585960798815961 132176862725824 emit_end 42 0
1585960798841920 132176871118528 join_end 0 0
1585960820150251 132176871118528 coll_beg 0 0
1585960821606048 132176871118528 coll_end 0 0
1585960855187712 132176862725824 emit_beg 43 0
1585960887780791 132176862725824 emit_end 43 0
1585960975196768 132176871118528 drain_beg 0 0
1585960975199628 132176871118528 drain_end 1 0
1585960975200748 132176871118528 subm_beg 1 0
1585960991728714 132176871118528 subm_end 1 0
1585960991729954 132176871118528 pump_beg 1 0
1585960999848948 132176871118528 pump_end 1 2
1585960999850858 132176871118528 join_beg 1 0
1585960999852278 132176871118528 join_end 0 0
1585961004890814 132176871118528 coll_beg 0 0
1585961006279533 132176871118528 coll_end 0 0
1585961016641474 132176871118528 drain_beg 0 0
1585961016645594 132176871118528 drain_end 1 0
1585961016647864 132176871118528 subm_beg 1 0
1585961016642524 132176862725824 emit_beg 44 0
1585961043349339 132176871118528 subm_end 1 0
1585961043351979 132176871118528 pump_beg 1 0
1585961056179530 132176871118528 pump_end 1 2
1585961056181170 132176871118528 join_beg 1 0
1585961072837362 132176862725824 emit_end 44 0
1585961072872161 132176871118528 join_end 0 0
1585961086659787 132176871118528 coll_beg 0 0
1585961090486657 132176871118528 coll_end 0 0
1585961108760540 132176862725824 emit_beg 45 0
1585961149870898 132176862725824 emit_end 45 0
1585961222929730 132176871118528 drain_beg 0 0
1585961222935889 132176871118528 drain_end 1 0
1585961222937419 132176871118528 subm_beg 1 0
1585961240016125 132176871118528 subm_end 1 0
1585961240018145 132176871118528 pump_beg 1 0
1585961250803291 132176871118528 pump_end 1 2
1585961250804811 132176871118528 join_beg 1 0
1585961250806541 132176871118528 join_end 0 0
1585961268995137 132176871118528 coll_beg 0 0
1585961272154262 132176871118528 coll_end 0 0
1585961282458405 132176871118528 drain_beg 0 0
1585961282460805 132176871118528 drain_end 1 0
1585961282461565 132176862725824 emit_beg 46 0
1585961282462375 132176871118528 subm_beg 1 0
1585961297823184 132176871118528 subm_end 1 0
1585961297825884 132176871118528 pump_beg 1 0
1585961305745235 132176871118528 pump_end 1 2
1585961305745845 132176871118528 join_beg 1 0
1585961312443590 132176862725824 emit_end 46 0
1585961312450490 132176871118528 join_end 0 0
1585961329945981 132176871118528 coll_beg 0 0
1585961330730782 132176871118528 coll_end 0 0
1585961358906963 132176862725824 emit_beg 47 0
1585961402819369 132176862725824 emit_end 47 0
1585961469381478 132176871118528 drain_beg 0 0
1585961469386308 132176871118528 drain_end 1 0
1585961469387818 132176871118528 subm_beg 1 0
1585961486750414 132176871118528 subm_end 1 0
1585961486752573 132176871118528 pump_beg 1 0
1585961497401544 132176871118528 pump_end 1 2
1585961497402934 132176871118528 join_beg 1 0
1585961497403864 132176871118528 join_end 0 0
1585961501781115 132176871118528 coll_beg 0 0
1585961504498915 132176871118528 coll_end 0 0
1585961510041063 132176871118528 drain_beg 0 0
1585961510042033 132176871118528 drain_end 1 0
1585961510042563 132176871118528 subm_beg 1 0
1585961510043993 132176862725824 emit_beg 48 0
1585961523137214 132176871118528 subm_end 1 0
1585961523137744 132176871118528 pump_beg 1 0
1585961537485300 132176871118528 pump_end 1 2
1585961537488600 132176871118528 join_beg 1 0
1585961541324610 132176862725824 emit_end 48 0
1585961541334480 132176871118528 join_end 0 0
1585961552614708 132176871118528 coll_beg 0 0
1585961557848907 132176871118528 coll_end 0 0
1585961568982560 132176871118528 drain_beg 0 0
1585961568985440 132176871118528 drain_end 1 0
1585961568986990 132176871118528 subm_beg 1 0
1585961568992470 132176862725824 emit_beg 49 0
1585961584695676 132176871118528 subm_end 1 0
1585961584696816 132176871118528 pump_beg 1 0
1585961593170896 132176871118528 pump_end 1 2
1585961593173196 132176871118528 join_beg 1 0
1585961625037062 132176862725824 emit_end 49 0
1585961625051602 132176871118528 join_end 0 0
1585961642458826 132176871118528 coll_beg 0 0
1585961644497542 132176871118528 coll_end 0 0
1585961657669330 132176862725824 emit_beg 50 0
1585961693139185 132176862725824 emit_end 50 0
1585961797353959 132176871118528 drain_beg 0 0
1585961797359438 132176871118528 drain_end 1 0
1585961797361158 132176871118528 subm_beg 1 0
1585961819843767 132176871118528 subm_end 1 0
1585961819855477 132176871118528 pump_beg 1 0
1585961834563269 132176871118528 pump_end 1 2
1585961834566029 132176871118528 join_beg 1 0
1585961834567239 132176871118528 join_end 0 0
1585961856667602 132176871118528 coll_beg 0 0
1585961861228395 132176871118528 coll_end 0 0
1585961880451913 132176862725824 emit_beg 51 0
1585961888257058 132176871118528 drain_beg 0 0
1585961888267388 132176871118528 drain_end 1 0
1585961888268768 132176871118528 subm_beg 1 0
1585961917399794 132176871118528 subm_end 1 0
1585961917405064 132176871118528 pump_beg 1 0
1585961923972104 132176862725824 emit_end 51 0
1585961930153088 132176871118528 pump_end 1 2
1585961930154218 132176871118528 join_beg 1 0
1585961930154688 132176871118528 join_end 0 0
1585961943947654 132176871118528 coll_beg 0 0
1585961947500714 132176871118528 coll_end 0 0
1585961960654074 132176862725824 emit_beg 52 0
1585962006065925 132176862725824 emit_end 52 0
1585962103272225 132176871118528 drain_beg 0 0
1585962103277404 132176871118528 drain_end 1 0
1585962103278954 132176871118528 subm_beg 1 0
1585962114165417 132176871118528 subm_end 1 0
1585962114168327 132176871118528 pump_beg 1 0
1585962125322849 132176871118528 pump_end 1 2
1585962125327139 132176871118528 join_beg 1 0
1585962125329809 132176871118528 join_end 0 0
1585962135761908 132176871118528 coll_beg 0 0
1585962138655112 132176871118528 coll_end 0 0
1585962156566688 132176871118528 drain_beg 0 0
1585962156568738 132176871118528 drain_end 1 0
1585962156570478 132176871118528 subm_beg 1 0
1585962156586817 132176862725824 emit_beg 53 0
1585962171387497 132176871118528 subm_end 1 0
1585962171388587 132176871118528 pump_beg 1 0
1585962180705616 132176871118528 pump_end 1 2
1585962180706436 132176871118528 join_beg 1 0
1585962189503175 132176862725824 emit_end 53 0
1585962189511455 132176871118528 join_end 0 0
1585962208540650 132176871118528 coll_beg 0 0
1585962211339478 132176871118528 coll_end 0 0
1585962227176939 132176862725824 emit_beg 54 0
1585962252895870 132176862725824 emit_end 54 0
1585962330013073 132176871118528 drain_beg 0 0
1585962330015473 132176871118528 drain_end 1 0
1585962330016273 132176871118528 subm_beg 1 0
1585962347068230 132176871118528 subm_end 1 0
1585962347069170 132176871118528 pump_beg 1 0
1585962358640127 132176871118528 pump_end 1 2
1585962358640807 132176871118528 join_beg 1 0
1585962358641427 132176871118528 join_end 0 0
1585962376289023 132176871118528 coll_beg 0 0
1585962380308366 132176871118528 coll_end 0 0
1585962397182599 132176871118528 drain_beg 0 0
1585962397184359 132176862725824 emit_beg 55 0
1585962397184539 132176871118528 drain_end 1 0
1585962397189319 132176871118528 subm_beg 1 0
1585962410188684 132176871118528 subm_end 1 0
1585962410189254 132176871118528 pump_beg 1 0
1585962421491541 132176871118528 pump_end 1 2
1585962421492561 132176871118528 join_beg 1 0
1585962424668385 132176862725824 emit_end 55 0
1585962424678015 132176871118528 join_end 0 0
1585962435724932 132176871118528 coll_beg 0 0
1585962438200221 132176871118528 coll_end 0 0
1585962460004645 132176862725824 emit_beg 56 0
1585962494343471 132176862725824 emit_end 56 0
1585962569426078 132176871118528 drain_beg 0 0
1585962569431848 132176871118528 drain_end 1 0
1585962569433328 132176871118528 subm_beg 1 0
1585962590539757 132176871118528 subm_end 1 0
1585962590543167 132176871118528 pump_beg 1 0
1585962599905175 132176871118528 pump_end 1 2
1585962599908485 132176871118528 join_beg 1 0
1585962599909815 132176871118528 join_end 0 0
1585962613424261 132176871118528 coll_beg 0 0
1585962615797844 132176871118528 coll_end 0 0
1585962634648586 132176871118528 drain_beg 0 0
1585962634652476 132176871118528 drain_end 1 0
1585962634652536 132176862725824 emit_beg 57 0
1585962634655086 132176871118528 subm_beg 1 0
1585962669256702 132176871118528 subm_end 1 0
1585962669258902 132176871118528 pump_beg 1 0
1585962681453046 132176871118528 pump_end 1 2
1585962681453816 132176871118528 join_beg 1 0
1585962682749749 132176862725824 emit_end 57 0
1585962682755159 132176871118528 join_end 0 0
1585962694681873 132176871118528 coll_beg 0 0
1585962698389858 132176871118528 coll_end 0 0
1585962713680959 132176862725824 emit_beg 58 0
1585962744550611 132176862725824 emit_end 58 0
1585962836176115 132176871118528 drain_beg 0 0
1585962836180035 132176871118528 drain_end 1 0
1585962836181765 132176871118528 subm_beg 1 0
1585962859771903 132176871118528 subm_end 1 0
1585962859775443 132176871118528 pump_beg 1 0
1585962872269357 132176871118528 pump_end 1 2
1585962872272346 132176871118528 join_beg 1 0
1585962872274076 132176871118528 join_end 0 0
1585962880262894 132176871118528 coll_beg 0 0
1585962884652924 132176871118528 coll_end 0 0
1585962901815317 132176871118528 drain_beg 0 0
1585962901817507 132176871118528 drain_end 1 0
1585962901818747 132176871118528 subm_beg 1 0
1585962901837917 132176862725824 emit_beg 59 0
1585962922131215 132176871118528 subm_end 1 0
1585962922132025 132176871118528 pump_beg 1 0
1585962933045667 132176871118528 pump_end 1 2
1585962933046817 132176871118528 join_beg 1 0
1585962936948544 132176862725824 emit_end 59 0
1585962936958014 132176871118528 join_end 0 0
1585962949055692 132176871118528 coll_beg 0 0
1585962951988205 132176871118528 coll_end 0 0
1585962979939694 132176862725824 emit_beg 60 0
1585963006996286 132176862725824 emit_end 60 0
1585963098394247 132176871118528 drain_beg 0 0
1585963098396467 132176871118528 drain_end 1 0
1585963098397207 132176871118528 subm_beg 1 0
1585963108906443 132176871118528 subm_end 1 0
1585963108907203 132176871118528 pump_beg 1 0
1585963123244320 132176871118528 pump_end 1 2
1585963123254899 132176871118528 join_beg 1 0
1585963123257829 132176871118528 join_end 0 0
1585963131155721 132176871118528 coll_beg 0 0
1585963136436048 132176871118528 coll_end 0 0
1585963145113801 132176871118528 drain_beg 0 0
1585963145115871 132176871118528 drain_end 1 0
1585963145116951 132176871118528 subm_beg 1 0
1585963145136960 132176862725824 emit_beg 61 0
1585963151782507 132176871118528 subm_end 1 0
1585963151783267 132176871118528 pump_beg 1 0
1585963164326969 132176871118528 pump_end 1 2
1585963164328539 132176871118528 join_beg 1 0
1585963180306875 132176862725824 emit_end 61 0
1585963180335764 132176871118528 join_end 0 0
1585963190293591 132176871118528 coll_beg 0 0
1585963195680604 132176871118528 coll_end 0 0
1585963206166781 132176862725824 emit_beg 62 0
1585963248125038 132176862725824 emit_end 62 0
1585963348236172 132176871118528 drain_beg 0 0
1585963348241141 132176871118528 drain_end 1 0
1585963348242681 132176871118528 subm_beg 1 0
1585963378929850 132176871118528 subm_end 1 0
1585963378932130 132176871118528 pump_beg 1 0
1585963389380929 132176871118528 pump_end 1 2
1585963389383369 132176871118528 join_beg 1 0
1585963389385169 132176871118528 join_end 0 0
1585963397591269 132176871118528 coll_beg 0 0
1585963399182411 132176871118528 coll_end 0 0
1585963411164293 132176871118528 drain_beg 0 0
1585963411165593 132176871118528 drain_end 1 0
1585963411166173 132176871118528 subm_beg 1 0
1585963411166743 132176862725824 emit_beg 63 0
1585963414635496 132176871118528 subm_end 1 0
1585963414635856 132176871118528 pump_beg 1 0
1585963425764410 132176871118528 pump_end 1 2
1585963425765200 132176871118528 join_beg 1 0
1585963459445190 132176862725824 emit_end 63 0
1585963459456979 132176871118528 join_end 0 0
1585963473722218 132176871118528 coll_beg 0 0
1585963476842304 132176871118528 coll_end 0 0
1585963484571172 132176871118528 drain_beg 0 0
1585963484572242 132176871118528 drain_end 1 0
1585963484572672 132176862725824 emit_beg 64 0
1585963484572952 132176871118528 subm_beg 1 0
1585963496763996 132176871118528 subm_end 1 0
1585963496764616 132176871118528 pump_beg 1 0
1585963506616617 132176871118528 pump_end 1 2
1585963506618557 132176871118528 join_beg 1 0
1585963510124758 132176862725824 emit_end 64 0
1585963510129428 132176871118528 join_end 0 0
1585963537649033 132176871118528 coll_beg 0 0
1585963539429318 132176871118528 coll_end 0 0
1585963558088957 132176862725824 emit_beg 65 0
1585963596910659 132176862725824 emit_end 65 0
1585963678422161 132176871118528 drain_beg 0 0
1585963678427881 132176871118528 drain_end 1 0
1585963678429451 132176871118528 subm_beg 1 0
1585963698802197 132176871118528 subm_end 1 0
1585963698805657 132176871118528 pump_beg 1 0
1585963708231873 132176871118528 pump_end 1 2
1585963708235472 132176871118528 join_beg 1 0
1585963708237572 132176871118528 join_end 0 0
1585963718320404 132176871118528 coll_beg 0 0
1585963719566679 132176871118528 coll_end 0 0
1585963731215303 132176862725824 emit_beg 66 0
1585963745005519 132176862725824 emit_end 66 0
1585963829026810 132176871118528 drain_beg 0 0
1585963829031780 132176871118528 drain_end 1 0
1585963829033350 132176871118528 subm_beg 1 0
1585963842960631 132176871118528 subm_end 1 0
1585963842963251 132176871118528 pump_beg 1 0
1585963851927264 132176871118528 pump_end 1 2
1585963851930064 132176871118528 join_beg 1 0
1585963851931674 132176871118528 join_end 0 0
1585963870138439 132176871118528 coll_beg 0 0
1585963871129513 132176871118528 coll_end 0 0
1585963878082279 132176871118528 drain_beg 0 0
1585963878083359 132176871118528 drain_end 1 0
1585963878083899 132176871118528 subm_beg 1 0
1585963878085719 132176862725824 emit_beg 67 0
1585963883304708 132176871118528 subm_end 1 0
1585963883305658 132176871118528 pump_beg 1 0
1585963890723337 132176862725824 emit_end 67 0
1585963893185917 132176871118528 pump_end 1 2
1585963893186817 132176871118528 join_beg 1 0
1585963893187497 132176871118528 join_end 0 0
1585963907791404 132176871118528 coll_beg 0 0
1585963909099206 132176871118528 coll_end 0 0
1585963928504187 132176862725824 emit_beg 68 0
1585963963589545 132176862725824 emit_end 68 0
1585964062422755 132176871118528 drain_beg 0 0
1585964062426885 132176871118528 drain_end 1 0
1585964062428395 132176871118528 subm_beg 1 0
1585964085751213 132176871118528 subm_end 1 0
1585964085753703 132176871118528 pump_beg 1 0
1585964097519724 132176871118528 pump_end 1 2
1585964097521703 132176871118528 join_beg 1 0
1585964097523143 132176871118528 join_end 0 0
1585964113692843 132176871118528 coll_beg 0 0
1585964117326350 132176871118528 coll_end 0 0
1585964123353230 132176871118528 drain_beg 0 0
1585964123358760 132176871118528 drain_end 1 0
1585964123360090 132176871118528 subm_beg 1 0
1585964123354050 132176862725824 emit_beg 69 0
1585964130207969 132176871118528 subm_end 1 0
1585964130208859 132176871118528 pump_beg 1 0
1585964139954314 132176871118528 pump_end 1 2
1585964139954834 132176871118528 join_beg 1 0
1585964146000103 132176862725824 emit_end 69 0
1585964146005072 132176871118528 join_end 0 0
1585964157974955 132176871118528 coll_beg 0 0
1585964159521649 132176871118528 coll_end 0 0
1585964169646229 132176862725824 emit_beg 70 0
1585964213262586 132176862725824 emit_end 70 0
1585964281667527 132176871118528 drain_beg 0 0
1585964281670517 132176871118528 drain_end 1 0
1585964281671347 132176871118528 subm_beg 1 0
1585964312620057 132176871118528 subm_end 1 0
1585964312621417 132176871118528 pump_beg 1 0
1585964326192561 132176871118528 pump_end 1 2
1585964326193551 132176871118528 join_beg 1 0
1585964326194691 132176871118528 join_end 0 0
1585964335396425 132176871118528 coll_beg 0 0
1585964341778022 132176871118528 coll_end 0 0
1585964360429210 132176871118528 drain_beg 0 0
1585964360431500 132176871118528 drain_end 1 0
1585964360432550 132176871118528 subm_beg 1 0
1585964360438390 132176862725824 emit_beg 71 0
1585964364324348 132176871118528 subm_end 1 0
1585964364325008 132176871118528 pump_beg 1 0
1585964375386124 132176871118528 pump_end 1 2
1585964375388314 132176871118528 join_beg 1 0
1585964377086292 132176862725824 emit_end 71 0
1585964377093592 132176871118528 join_end 0 0
1585964387860829 132176871118528 coll_beg 0 0
1585964390852839 132176871118528 coll_end 0 0
1585964412565906 132176862725824 emit_beg 72 0
1585964450524040 132176862725824 emit_end 72 0
1585964517354609 132176871118528 drain_beg 0 0
1585964517357179 132176871118528 drain_end 1 0
1585964517357879 132176871118528 subm_beg 1 0
1585964547888633 132176871118528 subm_end 1 0
1585964547890293 132176871118528 pump_beg 1 0
1585964555801024 132176871118528 pump_end 1 2
1585964555801994 132176871118528 join_beg 1 0
1585964555803084 132176871118528 join_end 0 0
1585964562286258 132176871118528 coll_beg 0 0
1585964562394524 132176871118528 coll_end 0 0
1585964574407155 132176871118528 drain_beg 0 0
1585964574408345 132176871118528 drain_end 1 0
1585964574408965 132176871118528 subm_beg 1 0
1585964574433184 132176862725824 emit_beg 73 0
1585964581965569 132176871118528 subm_end 1 0
1585964581966379 132176871118528 pump_beg 1 0
1585964593300895 132176871118528 pump_end 1 2
1585964593303065 132176871118528 join_beg 1 0
1585964608254539 132176862725824 emit_end 73 0
1585964608264578 132176871118528 join_end 0 0
1585964629644407 132176871118528 coll_beg 0 0
1585964636631682 132176871118528 coll_end 0 0
1585964646707694 132176862725824 emit_beg 74 0
1585964693262804 132176862725824 emit_end 74 0
1585964767087407 132176871118528 drain_beg 0 0
1585964767091867 132176871118528 drain_end 1 0
1585964767093427 132176871118528 subm_beg 1 0
1585964793096967 132176871118528 subm_end 1 0
1585964793099817 132176871118528 pump_beg 1 0
1585964804682204 132176871118528 pump_end 1 2
1585964804683824 132176871118528 join_beg 1 0
1585964804685754 132176871118528 join_end 0 0
1585964819777443 132176871118528 coll_beg 0 0
1585964823040463 132176871118528 coll_end 0 0
1585964832725260 132176871118528 drain_beg 0 0
1585964832727180 132176871118528 drain_end 1 0
1585964832728410 132176871118528 subm_beg 1 0
1585964832751439 132176862725824 emit_beg 75 0
1585964836727173 132176871118528 subm_end 1 0
1585964836728533 132176871118528 pump_beg 1 0
1585964847575407 132176871118528 pump_end 1 2
1585964847577387 132176871118528 join_beg 1 0
1585964861373233 132176862725824 emit_end 75 0
1585964861388933 132176871118528 join_end 0 0
1585964867445611 132176871118528 coll_beg 0 0
1585964869711969 132176871118528 coll_end 0 0
1585964884936852 132176862725824 emit_beg 76 0
1585964927168440 132176862725824 emit_end 76 0
1585965004173797 132176871118528 drain_beg 0 0
1585965004175847 132176871118528 drain_end 1 0
1585965004176567 132176871118528 subm_beg 1 0
1585965024121389 132176871118528 subm_end 1 0
1585965024122179 132176871118528 pump_beg 1 0
1585965034627785 132176871118528 pump_end 1 2
1585965034628405 132176871118528 join_beg 1 0
1585965034629205 132176871118528 join_end 0 0
1585965053085501 132176871118528 coll_beg 0 0
1585965055241182 132176871118528 coll_end 0 0
1585965075763983 132176871118528 drain_beg 0 0
1585965075765802 132176871118528 drain_end 1 0
1585965075766322 132176871118528 subm_beg 1 0
1585965075766872 132176862725824 emit_beg 77 0
1585965085450309 132176871118528 subm_end 1 0
1585965085450779 132176871118528 pump_beg 1 0
1585965097762439 132176871118528 pump_end 1 2
1585965097763909 132176871118528 join_beg 1 0
1585965105324033 132176862725824 emit_end 77 0
1585965105349162 132176871118528 join_end 0 0
1585965126141412 132176871118528 coll_beg 0 0
1585965130340809 132176871118528 coll_end 0 0
1585965138385515 132176862725824 emit_beg 78 0
1585965163957341 132176862725824 emit_end 78 0
1585965244787539 132176871118528 drain_beg 0 0
1585965244792219 132176871118528 drain_end 1 0
1585965244793818 132176871118528 subm_beg 1 0
1585965259920616 132176871118528 subm_end 1 0
1585965259922796 132176871118528 pump_beg 1 0
1585965271484094 132176871118528 pump_end 1 2
1585965271486274 132176871118528 join_beg 1 0
1585965271487783 132176871118528 join_end 0 0
1585965289928260 132176871118528 coll_beg 0 0
1585965292311303 132176871118528 coll_end 0 0
1585965298487357 132176871118528 drain_beg 0 0
1585965298489477 132176871118528 drain_end 1 0
1585965298490687 132176871118528 subm_beg 1 0
1585965298509686 132176862725824 emit_beg 79 0
1585965306785154 132176871118528 subm_end 1 0
1585965306787064 132176871118528 pump_beg 1 0
1585965317539861 132176871118528 pump_end 1 2
1585965317540831 132176871118528 join_beg 1 0
1585965338450278 132176862725824 emit_end 79 0
1585965338478237 132176871118528 join_end 0 0
1585965355831213 132176871118528 coll_beg 0 0
1585965358266354 132176871118528 coll_end 0 0
1585965381511145 132176862725824 emit_beg 80 0
1585965425132462 132176862725824 emit_end 80 0
1585965504978395 132176871118528 drain_beg 0 0
1585965504982455 132176871118528 drain_end 1 0
1585965504983825 132176871118528 subm_beg 1 0
1585965520020416 132176871118528 subm_end 1 0
1585965520022686 132176871118528 pump_beg 1 0
1585965528756986 132176871118528 pump_end 1 2
1585965528758546 132176871118528 join_beg 1 0
1585965528759766 132176871118528 join_end 0 0
1585965538110235 132176871118528 coll_beg 0 0
1585965538862597 132176871118528 coll_end 0 0
1585965560324544 132176871118528 drain_beg 0 0
1585965560325464 132176862725824 emit_beg 81 0
1585965560327283 132176871118528 drain_end 1 0
1585965560328483 132176871118528 subm_beg 1 0
1585965576420696 132176871118528 subm_end 1 0
1585965576422516 132176871118528 pump_beg 1 0
1585965589168940 132176871118528 pump_end 1 2
1585965589171870 132176871118528 join_beg 1 0
1585965594534034 132176862725824 emit_end 81 0
1585965594567093 132176871118528 join_end 0 0
1585965612251427 132176871118528 coll_beg 0 0
1585965615939242 132176871118528 coll_end 0 0
1585965625168405 132176871118528 drain_beg 0 0
1585965625169415 132176871118528 drain_end 1 0
1585965625170015 132176871118528 subm_beg 1 0
1585965625190614 132176862725824 emit_beg 82 0
1585965654726615 132176871118528 subm_end 1 0
1585965654731185 132176871118528 pump_beg 1 0
1585965668996644 132176871118528 pump_end 1 2
1585965668998494 132176871118528 join_beg 1 0
1585965678595374 132176862725824 emit_end 82 0
1585965678625082 132176871118528 join_end 0 0
1585965710917233 132176871118528 coll_beg 0 0
1585965714805431 132176871118528 coll_end 0 0
1585965721260815 132176862725824 emit_beg 83 0
1585965753801527 132176862725824 emit_end 83 0
1585965868236507 132176871118528 drain_beg 0 0
1585965868241307 132176871118528 drain_end 1 0
1585965868242967 132176871118528 subm_beg 1 0
1585965875688735 132176871118528 subm_end 1 0
1585965875691444 132176871118528 pump_beg 1 0
1585965884806062 132176871118528 pump_end 1 2
1585965884807582 132176871118528 join_beg 1 0
1585965884808542 132176871118528 join_end 0 0
1585965894933062 132176871118528 coll_beg 0 0
1585965896089870 132176871118528 coll_end 0 0
1585965905854403 132176862725824 emit_beg 84 0
1585965942452496 132176862725824 emit_end 84 0
1585966004996372 132176871118528 drain_beg 0 0
1585966004999412 132176871118528 drain_end 1 0
1585966005004841 132176871118528 subm_beg 1 0
1585966013250720 132176871118528 subm_end 1 0
1585966013252900 132176871118528 pump_beg 1 0
1585966023575373 132176871118528 pump_end 1 2
1585966023577323 132176871118528 join_beg 1 0
1585966023578323 132176871118528 join_end 0 0
1585966031278932 132176871118528 coll_beg 0 0
1585966033418713 132176871118528 coll_end 0 0
1585966043409319 132176871118528 drain_beg 0 0
1585966043410169 132176871118528 drain_end 1 0
1585966043410829 132176871118528 subm_beg 1 0
1585966043411129 132176862725824 emit_beg 85 0
1585966047185781 132176871118528 subm_end 1 0
1585966047186201 132176871118528 pump_beg 1 0
1585966057136047 132176871118528 pump_end 1 2
1585966057138617 132176871118528 join_beg 1 0
1585966063107319 132176862725824 emit_end 85 0
1585966063131418 132176871118528 join_end 0 0
1585966077818602 132176871118528 coll_beg 0 0
1585966080082859 132176871118528 coll_end 0 0
1585966100830121 132176862725824 emit_beg 86 0
1585966115637570 132176862725824 emit_end 86 0
1585966204576812 132176871118528 drain_beg 0 0
1585966204580992 132176871118528 drain_end 1 0
1585966204582682 132176871118528 subm_beg 1 0
1585966220961473 132176871118528 subm_end 1 0
1585966220964753 132176871118528 pump_beg 1 0
1585966231300856 132176871118528 pump_end 1 2
1585966231304506 132176871118528 join_beg 1 0
1585966231306016 132176871118528 join_end 0 0
1585966253978927 132176871118528 coll_beg 0 0
1585966257309796 132176871118528 coll_end 0 0
1585966269294348 132176871118528 drain_beg 0 0
1585966269295658 132176871118528 drain_end 1 0
1585966269296298 132176871118528 subm_beg 1 0
1585966269315937 132176862725824 emit_beg 87 0
1585966278858289 132176871118528 subm_end 1 0
1585966278859739 132176871118528 pump_beg 1 0
1585966291148480 132176871118528 pump_end 1 2
1585966291151130 132176871118528 join_beg 1 0
1585966314823325 132176862725824 emit_end 87 0
1585966314831315 132176871118528 join_end 0 0
1585966331613702 132176871118528 coll_beg 0 0
1585966334329872 132176871118528 coll_end 0 0
1585966348609431 132176871118528 drain_beg 0 0
1585966348610961 132176871118528 drain_end 1 0
1585966348611721 132176871118528 subm_beg 1 0
1585966348611721 132176862725824 emit_beg 88 0
1585966357667360 132176871118528 subm_end 1 0
1585966357667820 132176871118528 pump_beg 1 0
1585966369384692 132176871118528 pump_end 1 2
1585966369385552 132176871118528 join_beg 1 0
1585966387695153 132176862725824 emit_end 88 0
1585966387703453 132176871118528 join_end 0 0
1585966403328892 132176871118528 coll_beg 0 0
1585966407161832 132176871118528 coll_end 0 0
1585966419497452 132176862725824 emit_beg 89 0
1585966449365761 132176862725824 emit_end 89 0
1585966546930307 132176871118528 drain_beg 0 0
1585966546935597 132176871118528 drain_end 1 0
1585966546937177 132176871118528 subm_beg 1 0
1585966566431705 132176871118528 subm_end 1 0
1585966566435245 132176871118528 pump_beg 1 0
1585966576226547 132176871118528 pump_end 1 2
1585966576230697 132176871118528 join_beg 1 0
1585966576232437 132176871118528 join_end 0 0
1585966590366300 132176871118528 coll_beg 0 0
1585966593029633 132176871118528 coll_end 0 0
1585966600102025 132176862725824 emit_beg 90 0
1585966600102925 132176871118528 drain_beg 0 0
1585966600115084 132176871118528 drain_end 1 0
1585966600116334 132176871118528 subm_beg 1 0
1585966629299888 132176871118528 subm_end 1 0
1585966629301578 132176871118528 pump_beg 1 0
1585966641541731 132176871118528 pump_end 1 2
1585966641544471 132176871118528 join_beg 1 0
1585966644429256 132176862725824 emit_end 90 0
1585966644435446 132176871118528 join_end 0 0
1585966667500363 132176871118528 coll_beg 0 0
1585966672526650 132176871118528 coll_end 0 0
1585966684096377 132176871118528 drain_beg 0 0
1585966684097797 132176871118528 drain_end 1 0
1585966684098557 132176871118528 subm_beg 1 0
1585966684103717 132176862725824 emit_beg 91 0
1585966694622712 132176871118528 subm_end 1 0
1585966694624562 132176871118528 pump_beg 1 0
1585966705549903 132176871118528 pump_end 1 2
1585966705551523 132176871118528 join_beg 1 0
1585966706964922 132176862725824 emit_end 91 0
1585966706989441 132176871118528 join_end 0 0
1585966718766551 132176871118528 coll_beg 0 0
1585966721579858 132176871118528 coll_end 0 0
1585966733390157 132176862725824 emit_beg 92 0
1585966765280232 132176862725824 emit_end 92 0
1585966846129749 132176871118528 drain_beg 0 0
1585966846131658 132176871118528 drain_end 1 0
1585966846132288 132176871118528 subm_beg 1 0
1585966862646515 132176871118528 subm_end 1 0
1585966862647235 132176871118528 pump_beg 1 0
1585966874548341 132176871118528 pump_end 1 2
1585966874551480 132176871118528 join_beg 1 0
1585966874553050 132176871118528 join_end 0 0
1585966887526017 132176871118528 coll_beg 0 0
1585966891153344 132176871118528 coll_end 0 0
1585966907690670 132176862725824 emit_beg 93 0
1585966927743388 132176862725824 emit_end 93 0
1585966938711387 132176871118528 drain_beg 0 0
1585966938714147 132176871118528 drain_end 1 0
1585966938715617 132176871118528 subm_beg 1 0
1585966943979125 132176871118528 subm_end 1 0
1585966943979965 132176871118528 pump_beg 1 0
1585966953345972 132176871118528 pump_end 1 2
1585966953347272 132176871118528 join_beg 1 0
1585966953348102 132176871118528 join_end 0 0
1585966965758369 132176871118528 coll_beg 0 0
1585966967500965 132176871118528 coll_end 0 0
1585966983297429 132176862725824 emit_beg 94 0
1585967035186253 132176862725824 emit_end 94 0
1585967092582417 132176871118528 drain_beg 0 0
1585967092584217 132176871118528 drain_end 1 0
1585967092584667 132176871118528 subm_beg 1 0
1585967114928080 132176871118528 subm_end 1 0
1585967114928900 132176871118528 pump_beg 1 0
1585967126748439 132176871118528 pump_end 1 2
1585967126749569 132176871118528 join_beg 1 0
1585967126750789 132176871118528 join_end 0 0
1585967145257123 132176871118528 coll_beg 0 0
1585967148663578 132176871118528 coll_end 0 0
1585967156469213 132176871118528 drain_beg 0 0
1585967156469733 132176871118528 drain_end 1 0
1585967156470093 132176871118528 subm_beg 1 0
1585967156479673 132176862725824 emit_beg 95 0
1585967169466608 132176871118528 subm_end 1 0
1585967169466958 132176871118528 pump_beg 1 0
1585967180437318 132176871118528 pump_end 1 2
1585967180439658 132176871118528 join_beg 1 0
1585967199141895 132176862725824 emit_end 95 0
1585967199153594 132176871118528 join_end 0 0
1585967212372941 132176871118528 coll_beg 0 0
1585967215100412 132176871118528 coll_end 0 0
1585967232695479 132176871118528 drain_beg 0 0
1585967232697329 132176871118528 drain_end 1 0
1585967232698059 132176871118528 subm_beg 1 0
1585967232718568 132176862725824 emit_beg 96 0
1585967252650710 132176871118528 subm_end 1 0
1585967252652520 132176871118528 pump_beg 1 0
1585967262926325 132176871118528 pump_end 1 2
1585967262927735 132176871118528 join_beg 1 0
1585967288681274 132176862725824 emit_end 96 0
1585967288689614 132176871118528 join_end 0 0
1585967305370105 132176871118528 coll_beg 0 0
1585967308024138 132176871118528 coll_end 0 0
1585967313608024 132176862725824 emit_beg 97 0
1585967344222485 132176862725824 emit_end 97 0
1585967432682464 132176871118528 drain_beg 0 0
1585967432684684 132176871118528 drain_end 1 0
1585967432685414 132176871118528 subm_beg 1 0
1585967445125230 132176871118528 subm_end 1 0
1585967445126480 132176871118528 pump_beg 1 0
1585967457984890 132176871118528 pump_end 1 2
1585967457989090 132176871118528 join_beg 1 0
1585967457991630 132176871118528 join_end 0 0
1585967466982432 132176871118528 coll_beg 0 0
1585967471512926 132176871118528 coll_end 0 0
1585967481891017 132176871118528 drain_beg 0 0
1585967481892207 132176862725824 emit_beg 98 0
1585967481892807 132176871118528 drain_end 1 0
1585967481899907 132176871118528 subm_beg 1 0
1585967508393799 132176871118528 subm_end 1 0
1585967508395669 132176871118528 pump_beg 1 0
1585967519334059 132176871118528 pump_end 1 2
1585967519335659 132176871118528 join_beg 1 0
1585967522864290 132176862725824 emit_end 98 0
1585967522891369 132176871118528 join_end 0 0
1585967537025813 132176871118528 coll_beg 0 0
1585967539447095 132176871118528 coll_end 0 0
1585967548936928 132176871118528 drain_beg 0 0
1585967548938028 132176871118528 drain_end 1 0
1585967548938718 132176871118528 subm_beg 1 0
1585967548939218 132176862725824 emit_beg 99 0
1585967564691123 132176871118528 subm_end 1 0
1585967564691523 132176871118528 pump_beg 1 0
1585967575589305 132176871118528 pump_end 1 2
1585967575590515 132176871118528 join_beg 1 0
1585967583950059 132176862725824 emit_end 99 0
1585967583977038 132176871118528 join_end 0 0
1585967595832705 132176871118528 coll_beg 0 0
1585967598472809 132176871118528 coll_end 0 0
1585967613385784 132176862725824 emit_beg 100 0
1585967647292916 132176862725824 emit_end 100 0
1585967731479441 132176871118528 drain_beg 0 0
1585967731481570 132176871118528 drain_end 1 0
1585967731482260 132176871118528 subm_beg 1 0
1585967744448127 132176871118528 subm_end 1 0
1585967744448867 132176871118528 pump_beg 1 0
1585967758537072 132176871118528 pump_end 1 2
1585967758537412 132176871118528 join_beg 1 0
1585967758538042 132176871118528 join_end 0 0
1585967773870162 132176871118528 coll_beg 0 0
1585967777099894 132176871118528 coll_end 0 0
1585967788914203 132176862725824 emit_beg 101 0
1585967795762773 132176871118528 drain_beg 0 0
1585967795764843 132176871118528 drain_end 1 0
1585967795765633 132176871118528 subm_beg 1 0
1585967815817040 132176871118528 subm_end 1 0
1585967815819950 132176871118528 pump_beg 1 0
1585967822230796 132176862725824 emit_end 101 0
1585967827214104 132176871118528 pump_end 1 2
1585967827215784 132176871118528 join_beg 1 0
1585967827216534 132176871118528 join_end 0 0
1585967834952141 132176871118528 coll_beg 0 0
1585967838112226 132176871118528 coll_end 0 0
1585967854972270 132176862725824 emit_beg 102 0
1585967888377560 132176862725824 emit_end 102 0
1585967989971749 132176871118528 drain_beg 0 0
1585967989976599 132176871118528 drain_end 1 0
1585967989978489 132176871118528 subm_beg 1 0
1585968018481418 132176871118528 subm_end 1 0
1585968018483148 132176871118528 pump_beg 1 0
1585968029224395 132176871118528 pump_end 1 2
1585968029225185 132176871118528 join_beg 1 0
1585968029225945 132176871118528 join_end 0 0
1585968037262422 132176871118528 coll_beg 0 0
1585968039451812 132176871118528 coll_end 0 0
1585968064360772 132176871118528 drain_beg 0 0
1585968064362472 132176871118528 drain_end 1 0
1585968064362432 132176862725824 emit_beg 103 0
1585968064363212 132176871118528 subm_beg 1 0
1585968083942667 132176871118528 subm_end 1 0
1585968083944267 132176871118528 pump_beg 1 0
1585968098178277 132176871118528 pump_end 1 2
1585968098180207 132176871118528 join_beg 1 0
1585968116199518 132176862725824 emit_end 103 0
1585968116227097 132176871118528 join_end 0 0
1585968137191222 132176871118528 coll_beg 0 0
1585968141363269 132176871118528 coll_end 0 0
1585968162971860 132176862725824 emit_beg 104 0
1585968211225358 132176862725824 emit_end 104 0
1585968301479081 132176871118528 drain_beg 0 0
1585968301484151 132176871118528 drain_end 1 0
1585968301485781 132176871118528 subm_beg 1 0
1585968324587147 132176871118528 subm_end 1 0
1585968324589397 132176871118528 pump_beg 1 0
1585968333704694 132176871118528 pump_end 1 2
1585968333715854 132176871118528 join_beg 1 0
1585968333728663 132176871118528 join_end 0 0
1585968346670460 132176871118528 coll_beg 0 0
1585968348441786 132176871118528 coll_end 0 0
1585968364732011 132176871118528 drain_beg 0 0
1585968364733671 132176871118528 drain_end 1 0
1585968364734910 132176871118528 subm_beg 1 0
1585968364735060 132176862725824 emit_beg 105 0
1585968374867210 132176871118528 subm_end 1 0
1585968374867900 132176871118528 pump_beg 1 0
1585968382258151 132176871118528 pump_end 1 2
1585968382259230 132176871118528 join_beg 1 0
1585968391136056 132176862725824 emit_end 105 0
1585968391145726 132176871118528 join_end 0 0
1585968411301570 132176871118528 coll_beg 0 0
1585968412227286 132176871118528 coll_end 0 0
1585968430098783 132176862725824 emit_beg 106 0
1585968457404366 132176862725824 emit_end 106 0
1585968541015532 132176871118528 drain_beg 0 0
1585968541018232 132176871118528 drain_end 1 0
1585968541018872 132176871118528 subm_beg 1 0
1585968555238532 132176871118528 subm_end 1 0
1585968555242742 132176871118528 pump_beg 1 0
1585968566488331 132176871118528 pump_end 1 2
1585968566497521 132176871118528 join_beg 1 0
1585968566499911 132176871118528 join_end 0 0
1585968572774382 132176871118528 coll_beg 0 0
1585968576138619 132176871118528 coll_end 0 0
1585968580002728 132176871118528 drain_beg 0 0
1585968580003888 132176871118528 drain_end 1 0
1585968580004808 132176871118528 subm_beg 1 0
1585968580011437 132176862725824 emit_beg 107 0
1585968583744361 132176871118528 subm_end 1 0
1585968583745001 132176871118528 pump_beg 1 0
1585968592069827 132176871118528 pump_end 1 2
1585968592071347 132176871118528 join_beg 1 0
1585968610199465 132176862725824 emit_end 107 0
1585968610225324 132176871118528 join_end 0 0
1585968621572519 132176871118528 coll_beg 0 0
1585968623692032 132176871118528 coll_end 0 0
1585968642598691 132176862725824 emit_beg 108 0
1585968689722170 132176862725824 emit_end 108 0
1585968746952310 132176871118528 drain_beg 0 0
1585968746957750 132176871118528 drain_end 1 0
1585968746959310 132176871118528 subm_beg 1 0
1585968769058942 132176871118528 subm_end 1 0
1585968769060622 132176871118528 pump_beg 1 0
1585968780389608 132176871118528 pump_end 1 2
1585968780401058 132176871118528 join_beg 1 0
1585968780404168 132176871118528 join_end 0 0
1585968808800171 132176871118528 coll_beg 0 0
1585968814135656 132176871118528 coll_end 0 0
1585968831672325 132176871118528 drain_beg 0 0
1585968831674195 132176871118528 drain_end 1 0
1585968831675125 132176871118528 subm_beg 1 0
1585968831674225 132176862725824 emit_beg 109 0
1585968835417118 132176871118528 subm_end 1 0
1585968835417708 132176871118528 pump_beg 1 0
1585968844349442 132176871118528 pump_end 1 2
1585968844360402 132176871118528 join_beg 1 0
1585968857818250 132176862725824 emit_end 109 0
1585968857906767 132176871118528 join_end 0 0
1585968866960386 132176871118528 coll_beg 0 0
1585968868398324 132176871118528 coll_end 0 0
1585968895887590 132176862725824 emit_beg 110 0
1585968923441413 132176862725824 emit_end 110 0
1585969008260695 132176871118528 drain_beg 0 0
1585969008262965 132176871118528 drain_end 1 0
1585969008263575 132176871118528 subm_beg 1 0
1585969024565120 132176871118528 subm_end 1 0
1585969024566170 132176871118528 pump_beg 1 0
1585969037869984 132176871118528 pump_end 1 2
1585969037880963 132176871118528 join_beg 1 0
1585969037883783 132176871118528 join_end 0 0
1585969054689630 132176871118528 coll_beg 0 0
1585969060049844 132176871118528 coll_end 0 0
1585969070776782 132176871118528 drain_beg 0 0
1585969070779142 132176871118528 drain_end 1 0
1585969070780632 132176871118528 subm_beg 1 0
1585969070798571 132176862725824 emit_beg 111 0
1585969086179889 132176871118528 subm_end 1 0
1585969086181049 132176871118528 pump_beg 1 0
1585969096640347 132176871118528 pump_end 1 2
1585969096642997 132176871118528 join_beg 1 0
1585969118373733 132176862725824 emit_end 111 0
1585969118437861 132176871118528 join_end 0 0
1585969128941207 132176871118528 coll_beg 0 0
1585969132320534 132176871118528 coll_end 0 0
1585969142739813 132176862725824 emit_beg 112 0
1585969189261744 132176862725824 emit_end 112 0
1585969251238830 132176871118528 drain_beg 0 0
1585969251242570 132176871118528 drain_end 1 0
1585969251243700 132176871118528 subm_beg 1 0
1585969278287322 132176871118528 subm_end 1 0
1585969278289482 132176871118528 pump_beg 1 0
1585969288349485 132176871118528 pump_end 1 2
1585969288352055 132176871118528 join_beg 1 0
1585969288353355 132176871118528 join_end 0 0
1585969308483720 132176871118528 coll_beg 0 0
1585969313237906 132176871118528 coll_end 0 0
1585969331575676 132176871118528 drain_beg 0 0
1585969331578276 132176871118528 drain_end 1 0
1585969331579336 132176871118528 subm_beg 1 0
1585969331581196 132176862725824 emit_beg 113 0
1585969341420596 132176871118528 subm_end 1 0
1585969341422426 132176871118528 pump_beg 1 0
1585969348919413 132176871118528 pump_end 1 2
1585969348921253 132176871118528 join_beg 1 0
1585969356274024 132176862725824 emit_end 113 0
1585969356306813 132176871118528 join_end 0 0
1585969376263344 132176871118528 coll_beg 0 0
1585969377176920 132176871118528 coll_end 0 0
1585969386858407 132176862725824 emit_beg 114 0
1585969414940661 132176862725824 emit_end 114 0
1585969469576326 132176871118528 drain_beg 0 0
1585969469579775 132176871118528 drain_end 1 0
1585969469580845 132176871118528 subm_beg 1 0
1585969482834631 132176871118528 subm_end 1 0
1585969482835361 132176871118528 pump_beg 1 0
1585969491554233 132176871118528 pump_end 1 2
1585969491554793 132176871118528 join_beg 1 0
1585969491555173 132176871118528 join_end 0 0
1585969498677013 132176871118528 coll_beg 0 0
1585969500208317 132176871118528 coll_end 0 0
1585969517573902 132176871118528 drain_beg 0 0
1585969517575432 132176871118528 drain_end 1 0
1585969517576272 132176871118528 subm_beg 1 0
1585969517595271 132176862725824 emit_beg 115 0
1585969523756747 132176871118528 subm_end 1 0
1585969523757177 132176871118528 pump_beg 1 0
1585969531910539 132176871118528 pump_end 1 2
1585969531911719 132176871118528 join_beg 1 0
1585969556335656 132176862725824 emit_end 115 0
1585969556346386 132176871118528 join_end 0 0
1585969563373579 132176871118528 coll_beg 0 0
1585969564550577 132176871118528 coll_end 0 0
1585969577177575 132176862725824 emit_beg 116 0
1585969612201986 132176862725824 emit_end 116 0
1585969714165802 132176871118528 drain_beg 0 0
1585969714169652 132176871118528 drain_end 1 0
1585969714170732 132176871118528 subm_beg 1 0
1585969725109582 132176871118528 subm_end 1 0
1585969725110272 132176871118528 pump_beg 1 0
1585969735788882 132176871118528 pump_end 1 2
1585969735791302 132176871118528 join_beg 1 0
1585969735792852 132176871118528 join_end 0 0
1585969755114146 132176871118528 coll_beg 0 0
1585969758101827 132176871118528 coll_end 0 0
1585969771192959 132176871118528 drain_beg 0 0
1585969771193599 132176871118528 drain_end 1 0
1585969771193959 132176871118528 subm_beg 1 0
1585969771218658 132176862725824 emit_beg 117 0
1585969777850736 132176871118528 subm_end 1 0
1585969777851126 132176871118528 pump_beg 1 0
1585969789898135 132176871118528 pump_end 1 2
1585969789899005 132176871118528 join_beg 1 0
1585969807328139 132176862725824 emit_end 117 0
1585969807361268 132176871118528 join_end 0 0
1585969818577628 132176871118528 coll_beg 0 0
1585969822622640 132176871118528 coll_end 0 0
1585969833343109 132176862725824 emit_beg 118 0
1585969870283969 132176862725824 emit_end 118 0
1585969988443704 132176871118528 drain_beg 0 0
1585969988447133 132176871118528 drain_end 1 0
1585969988448273 132176871118528 subm_beg 1 0
1585970007669531 132176871118528 subm_end 1 0
1585970007670601 132176871118528 pump_beg 1 0
1585970016634714 132176871118528 pump_end 1 2
1585970016635984 132176871118528 join_beg 1 0
1585970016637684 132176871118528 join_end 0 0
1585970023395477 132176871118528 coll_beg 0 0
1585970024395250 132176871118528 coll_end 0 0
1585970054847278 132176871118528 drain_beg 0 0
1585970054851178 132176871118528 drain_end 1 0
1585970054852218 132176871118528 subm_beg 1 0
1585970054869167 132176862725824 emit_beg 119 0
1585970067456638 132176871118528 subm_end 1 0
1585970067461677 132176871118528 pump_beg 1 0
1585970075149617 132176871118528 pump_end 1 2
1585970075150457 132176871118528 join_beg 1 0
1585970089667646 132176862725824 emit_end 119 0
1585970089676996 132176871118528 join_end 0 0
1585970101940918 132176871118528 coll_beg 0 0
1585970101963937 132176871118528 coll_end 0 0
1585970123741832 132176862725824 emit_beg 120 0
1585970155263340 132176862725824 emit_end 120 0
1585970234182578 132176871118528 drain_beg 0 0
1585970234186478 132176871118528 drain_end 1 0
1585970234187688 132176871118528 subm_beg 1 0
1585970248341181 132176871118528 subm_end 1 0
1585970248343411 132176871118528 pump_beg 1 0
1585970260836644 132176871118528 pump_end 1 2
1585970260842104 132176871118528 join_beg 1 0
1585970260843684 132176871118528 join_end 0 0
1585970267320317 132176871118528 coll_beg 0 0
1585970269667842 132176871118528 coll_end 0 0
1585970286741788 132176871118528 drain_beg 0 0
1585970286743038 132176871118528 drain_end 1 0
1585970286743818 132176871118528 subm_beg 1 0
1585970286766317 132176862725824 emit_beg 121 0
1585970295997460 132176871118528 subm_end 1 0
1585970295998090 132176871118528 pump_beg 1 0
1585970305982365 132176871118528 pump_end 1 2
1585970305985955 132176871118528 join_beg 1 0
1585970328425365 132176862725824 emit_end 121 0
1585970328474594 132176871118528 join_end 0 0
1585970339477342 132176871118528 coll_beg 0 0
1585970342596218 132176871118528 coll_end 0 0
1585970355447148 132176871118528 drain_beg 0 0
1585970355450768 132176871118528 drain_end 1 0
1585970355452568 132176871118528 subm_beg 1 0
1585970355482937 132176862725824 emit_beg 122 0
1585970369763956 132176871118528 subm_end 1 0
1585970369765906 132176871118528 pump_beg 1 0
1585970378983589 132176871118528 pump_end 1 2
1585970378984309 132176871118528 join_beg 1 0
1585970393712161 132176862725824 emit_end 122 0
1585970393724350 132176871118528 join_end 0 0
1585970411809960 132176871118528 coll_beg 0 0
1585970413541877 132176871118528 coll_end 0 0
1585970437203452 132176862725824 emit_beg 123 0
1585970460792171 132176862725824 emit_end 123 0
1585970541955596 132176871118528 drain_beg 0 0
1585970541960576 132176871118528 drain_end 1 0
1585970541962266 132176871118528 subm_beg 1 0
1585970557970951 132176871118528 subm_end 1 0
1585970557974371 132176871118528 pump_beg 1 0
1585970566267738 132176871118528 pump_end 1 2
1585970566278628 132176871118528 join_beg 1 0
1585970566281428 132176871118528 join_end 0 0
1585970581883018 132176871118528 coll_beg 0 0
1585970581900867 132176871118528 coll_end 0 0
1585970589738201 132176862725824 emit_beg 124 0
1585970599103179 132176871118528 drain_beg 0 0
1585970599105179 132176871118528 drain_end 1 0
1585970599106279 132176871118528 subm_beg 1 0
1585970626217618 132176871118528 subm_end 1 0
1585970626220268 132176871118528 pump_beg 1 0
1585970634316893 132176862725824 emit_end 124 0
1585970637208887 132176871118528 pump_end 1 2
1585970637210987 132176871118528 join_beg 1 0
1585970637211717 132176871118528 join_end 0 0
1585970652294056 132176871118528 coll_beg 0 0
1585970654737277 132176871118528 coll_end 0 0
1585970668692017 132176862725824 emit_beg 125 0
1585970706120920 132176862725824 emit_end 125 0
1585970800339019 132176871118528 drain_beg 0 0
1585970800349708 132176871118528 drain_end 1 0
1585970800351298 132176871118528 subm_beg 1 0
1585970820991354 132176871118528 subm_end 1 0
1585970821032813 132176871118528 pump_beg 1 0
1585970834184592 132176871118528 pump_end 1 2
1585970834188132 132176871118528 join_beg 1 0
1585970834190272 132176871118528 join_end 0 0
1585970842032106 132176871118528 coll_beg 0 0
1585970845152492 132176871118528 coll_end 0 0
1585970858431237 132176871118528 drain_beg 0 0
1585970858433527 132176871118528 drain_end 1 0
1585970858435177 132176871118528 subm_beg 1 0
1585970858462416 132176862725824 emit_beg 126 0
1585970869699475 132176871118528 subm_end 1 0
1585970869701425 132176871118528 pump_beg 1 0
1585970881780934 132176871118528 pump_end 1 2
1585970881790024 132176871118528 join_beg 1 0
1585970908288126 132176862725824 emit_end 126 0
1585970908351023 132176871118528 join_end 0 0
1585970922296274 132176871118528 coll_beg 0 0
1585970925847914 132176871118528 coll_end 0 0
1585970939978998 132176871118528 drain_beg 0 0
1585970939979688 132176871118528 drain_end 1 0
1585970939980578 132176871118528 subm_beg 1 0
1585970939999927 132176862725824 emit_beg 127 0
1585970954474779 132176871118528 subm_end 1 0
1585970954475319 132176871118528 pump_beg 1 0
1585970966966712 132176871118528 pump_end 1 2
1585970966969272 132176871118528 join_beg 1 0
1585970986910434 132176862725824 emit_end 127 0
1585970986918024 132176871118528 join_end 0 0
1585970998257259 132176871118528 coll_beg 0 0
1585971001311938 132176871118528 coll_end 0 0
1585971028421778 132176862725824 emit_beg 128 0
1585971070308138 132176862725824 emit_end 128 0
1585971144641823 132176871118528 drain_beg 0 0
1585971144644472 132176871118528 drain_end 1 0
1585971144645152 132176871118528 subm_beg 1 0
1585971167113702 132176871118528 subm_end 1 0
1585971167116562 132176871118528 pump_beg 1 0
1585971177427945 132176871118528 pump_end 1 2
1585971177432285 132176871118528 join_beg 1 0
1585971177434495 132176871118528 join_end 0 0
1585971190403261 132176871118528 coll_beg 0 0
1585971193238798 132176871118528 coll_end 0 0
1585971198966528 132176862725824 emit_beg 129 0
1585971234080176 132176862725824 emit_end 129 0
1585971304544472 132176871118528 drain_beg 0 0
1585971304550322 132176871118528 drain_end 1 0
1585971304551922 132176871118528 subm_beg 1 0
1585971326556088 132176871118528 subm_end 1 0
1585971326557838 132176871118528 pump_beg 1 0
1585971337738350 132176871118528 pump_end 1 2
1585971337740100 132176871118528 join_beg 1 0
1585971337741450 132176871118528 join_end 0 0
1585971349928034 132176871118528 coll_beg 0 0
1585971353154937 132176871118528 coll_end 0 0
1585971357341404 132176871118528 drain_beg 0 0
1585971357343224 132176871118528 drain_end 1 0
1585971357344074 132176871118528 subm_beg 1 0
1585971357365783 132176862725824 emit_beg 130 0
1585971360886564 132176871118528 subm_end 1 0
1585971360887164 132176871118528 pump_beg 1 0
1585971373121367 132176871118528 pump_end 1 2
1585971373121977 132176871118528 join_beg 1 0
1585971391929090 132176862725824 emit_end 130 0
1585971391958749 132176871118528 join_end 0 0
1585971410859719 132176871118528 coll_beg 0 0
1585971415187141 132176871118528 coll_end 0 0
1585971426112262 132176862725824 emit_beg 131 0
1585971463850493 132176862725824 emit_end 131 0
1585971541159020 132176871118528 drain_beg 0 0
1585971541163919 132176871118528 drain_end 1 0
1585971541165689 132176871118528 subm_beg 1 0
1585971559421183 132176871118528 subm_end 1 0
1585971559423562 132176871118528 pump_beg 1 0
1585971570383932 132176871118528 pump_end 1 2
1585971570393532 132176871118528 join_beg 1 0
1585971570395712 132176871118528 join_end 0 0
1585971575226645 132176871118528 coll_beg 0 0
1585971577515632 132176871118528 coll_end 0 0
1585971598166747 132176871118528 drain_beg 0 0
1585971598178567 132176871118528 drain_end 1 0
1585971598180167 132176871118528 subm_beg 1 0
1585971598202986 132176862725824 emit_beg 132 0
1585971608267508 132176871118528 subm_end 1 0
1585971608271238 132176871118528 pump_beg 1 0
1585971617958294 132176871118528 pump_end 1 2
1585971617959664 132176871118528 join_beg 1 0
1585971635995086 132176862725824 emit_end 132 0
1585971636007885 132176871118528 join_end 0 0
1585971652974715 132176871118528 coll_beg 0 0
1585971655188805 132176871118528 coll_end 0 0
1585971673546784 132176871118528 drain_beg 0 0
1585971673551184 132176871118528 drain_end 1 0
1585971673547394 132176862725824 emit_beg 133 0
1585971673552564 132176871118528 subm_beg 1 0
1585971696734197 132176871118528 subm_end 1 0
1585971696738217 132176871118528 pump_beg 1 0
1585971709455762 132176871118528 pump_end 1 2
1585971709456462 132176871118528 join_beg 1 0
1585971724202884 132176862725824 emit_end 133 0
1585971724229313 132176871118528 join_end 0 0
1585971739442967 132176871118528 coll_beg 0 0
1585971744126136 132176871118528 coll_end 0 0
1585971754430470 132176862725824 emit_beg 134 0
1585971791603192 132176862725824 emit_end 134 0
1585971873791310 132176871118528 drain_beg 0 0
1585971873795800 132176871118528 drain_end 1 0
1585971873797110 132176871118528 subm_beg 1 0
1585971896596197 132176871118528 subm_end 1 0
1585971896598287 132176871118528 pump_beg 1 0
1585971906770115 132176871118528 pump_end 1 2
1585971906771325 132176871118528 join_beg 1 0
1585971906771995 132176871118528 join_end 0 0
1585971911070358 132176871118528 coll_beg 0 0
1585971913136613 132176871118528 coll_end 0 0
1585971927876574 132176862725824 emit_beg 135 0
1585971936671493 132176871118528 drain_beg 0 0
1585971936676883 132176871118528 drain_end 1 0
1585971936678473 132176871118528 subm_beg 1 0
1585971961133580 132176871118528 subm_end 1 0
1585971961136630 132176871118528 pump_beg 1 0
1585971966880980 132176862725824 emit_end 135 0
1585971969648099 132176871118528 pump_end 1 2
1585971969650739 132176871118528 join_beg 1 0
1585971969651629 132176871118528 join_end 0 0
1585971986068249 132176871118528 coll_beg 0 0
1585971986782803 132176871118528 coll_end 0 0
1585971998121149 132176862725824 emit_beg 136 0
1585972055512992 132176862725824 emit_end 136 0
1585972131277305 132176871118528 drain_beg 0 0
1585972131282815 132176871118528 drain_end 1 0
1585972131284385 132176871118528 subm_beg 1 0
1585972149818528 132176871118528 subm_end 1 0
1585972149821438 132176871118528 pump_beg 1 0
1585972162945198 132176871118528 pump_end 1 2
1585972162947668 132176871118528 join_beg 1 0
1585972162948638 132176871118528 join_end 0 0
1585972182456646 132176871118528 coll_beg 0 0
1585972186713200 132176871118528 coll_end 0 0
1585972202673757 132176871118528 drain_beg 0 0
1585972202676287 132176871118528 drain_end 1 0
1585972202677597 132176871118528 subm_beg 1 0
1585972202695657 132176862725824 emit_beg 137 0
1585972210615027 132176871118528 subm_end 1 0
1585972210615597 132176871118528 pump_beg 1 0
1585972223172778 132176871118528 pump_end 1 2
1585972223176768 132176871118528 join_beg 1 0
1585972243749277 132176862725824 emit_end 137 0
1585972243779676 132176871118528 join_end 0 0
1585972257094290 132176871118528 coll_beg 0 0
1585972260670689 132176871118528 coll_end 0 0
1585972267996241 132176871118528 drain_beg 0 0
1585972267998461 132176871118528 drain_end 1 0
1585972267999771 132176871118528 subm_beg 1 0
1585972268016131 132176862725824 emit_beg 138 0
1585972298622423 132176871118528 subm_end 1 0
1585972298624203 132176871118528 pump_beg 1 0
1585972312943350 132176871118528 pump_end 1 2
1585972312946129 132176871118528 join_beg 1 0
1585972337628728 132176862725824 emit_end 138 0
1585972337691826 132176871118528 join_end 0 0
1585972349703117 132176871118528 coll_beg 0 0
1585972354479742 132176871118528 coll_end 0 0
1585972371292418 132176862725824 emit_beg 139 0
1585972399371253 132176862725824 emit_end 139 0
1585972463047047 132176871118528 drain_beg 0 0
1585972463049477 132176871118528 drain_end 1 0
1585972463050087 132176871118528 subm_beg 1 0
1585972474245888 132176871118528 subm_end 1 0
1585972474248998 132176871118528 pump_beg 1 0
1585972483613746 132176871118528 pump_end 1 2
1585972483615346 132176871118528 join_beg 1 0
1585972483616166 132176871118528 join_end 0 0
1585972500763859 132176871118528 coll_beg 0 0
1585972501986645 132176871118528 coll_end 0 0
1585972514462569 132176862725824 emit_beg 140 0
1585972527841930 132176871118528 drain_beg 0 0
1585972527848130 132176871118528 drain_end 1 0
1585972527849750 132176871118528 subm_beg 1 0
1585972554942550 132176871118528 subm_end 1 0
1585972554945110 132176871118528 pump_beg 1 0
1585972558976793 132176862725824 emit_end 140 0
1585972565434907 132176871118528 pump_end 1 2
1585972565438767 132176871118528 join_beg 1 0
1585972565440087 132176871118528 join_end 0 0
1585972578941924 132176871118528 coll_beg 0 0
1585972581478831 132176871118528 coll_end 0 0
1585972585983707 132176862725824 emit_beg 141 0
1585972603698560 132176862725824 emit_end 141 0
1585972689851083 132176871118528 drain_beg 0 0
1585972689853113 132176871118528 drain_end 1 0
1585972689853823 132176871118528 subm_beg 1 0
1585972705230151 132176871118528 subm_end 1 0
1585972705238111 132176871118528 pump_beg 1 0
1585972715100611 132176871118528 pump_end 1 2
1585972715112660 132176871118528 join_beg 1 0
1585972715116090 132176871118528 join_end 0 0
1585972721980929 132176871118528 coll_beg 0 0
1585972725850818 132176871118528 coll_end 0 0
1585972734768432 132176871118528 drain_beg 0 0
1585972734769862 132176862725824 emit_beg 142 0
1585972734771772 132176871118528 drain_end 1 0
1585972734773552 132176871118528 subm_beg 1 0
1585972738703088 132176871118528 subm_end 1 0
1585972738704088 132176871118528 pump_beg 1 0
1585972750480758 132176871118528 pump_end 1 2
1585972750481748 132176871118528 join_beg 1 0
1585972777688275 132176862725824 emit_end 142 0
1585972777715014 132176871118528 join_end 0 0
1585972788858076 132176871118528 coll_beg 0 0
1585972794634406 132176871118528 coll_end 0 0
1585972808722481 132176862725824 emit_beg 143 0
1585972825836386 132176862725824 emit_end 143 0
1585972899801364 132176871118528 drain_beg 0 0
1585972899805384 132176871118528 drain_end 1 0
1585972899806734 132176871118528 subm_beg 1 0
1585972925532264 132176871118528 subm_end 1 0
1585972925535284 132176871118528 pump_beg 1 0
1585972938508880 132176871118528 pump_end 1 2
1585972938510170 132176871118528 join_beg 1 0
1585972938510700 132176871118528 join_end 0 0
1585972947604348 132176871118528 coll_beg 0 0
1585972953044920 132176871118528 coll_end 0 0
1585972963634363 132176871118528 drain_beg 0 0
1585972963635523 132176871118528 drain_end 1 0
1585972963636363 132176871118528 subm_beg 1 0
1585972963652992 132176862725824 emit_beg 144 0
1585972972075664 132176871118528 subm_end 1 0
1585972972076284 132176871118528 pump_beg 1 0
1585972981868327 132176871118528 pump_end 1 2
1585972981869927 132176871118528 join_beg 1 0
1585972999049719 132176862725824 emit_end 144 0
1585972999063459 132176871118528 join_end 0 0
1585973021099894 132176871118528 coll_beg 0 0
1585973022822741 132176871118528 coll_end 0 0
1585973039640766 132176862725824 emit_beg 145 0
1585973058035605 132176862725824 emit_end 145 0
1585973136437171 132176871118528 drain_beg 0 0
1585973136440201 132176871118528 drain_end 1 0
1585973136441381 132176871118528 subm_beg 1 0
1585973155064881 132176871118528 subm_end 1 0
1585973155066421 132176871118528 pump_beg 1 0
1585973167382501 132176871118528 pump_end 1 2
1585973167383801 132176871118528 join_beg 1 0
1585973167384671 132176871118528 join_end 0 0
1585973180646116 132176871118528 coll_beg 0 0
1585973184046602 132176871118528 coll_end 0 0
1585973191573477 132176871118528 drain_beg 0 0
1585973191574677 132176871118528 drain_end 1 0
1585973191575147 132176871118528 subm_beg 1 0
1585973191596106 132176862725824 emit_beg 146 0
1585973200176403 132176871118528 subm_end 1 0
1585973200176953 132176871118528 pump_beg 1 0
1585973212086558 132176871118528 pump_end 1 2
1585973212088428 132176871118528 join_beg 1 0
1585973243227140 132176862725824 emit_end 146 0
1585973243239920 132176871118528 join_end 0 0
1585973265661251 132176871118528 coll_beg 0 0
1585973269410284 132176871118528 coll_end 0 0
1585973279291703 132176871118528 drain_beg 0 0
1585973279292853 132176871118528 drain_end 1 0
1585973279293673 132176871118528 subm_beg 1 0
1585973279311692 132176862725824 emit_beg 147 0
1585973289578827 132176871118528 subm_end 1 0
1585973289579437 132176871118528 pump_beg 1 0
1585973301183094 132176871118528 pump_end 1 2
1585973301183734 132176871118528 join_beg 1 0
1585973310678927 132176862725824 emit_end 147 0
1585973310687276 132176871118528 join_end 0 0
1585973335157913 132176871118528 coll_beg 0 0
1585973338951544 132176871118528 coll_end 0 0
1585973354639691 132176862725824 emit_beg 148 0
1585973402517412 132176862725824 emit_end 148 0
1585973499266868 132176871118528 drain_beg 0 0
1585973499269928 132176871118528 drain_end 1 0
1585973499271288 132176871118528 subm_beg 1 0
1585973514862589 132176871118528 subm_end 1 0
1585973514864649 132176871118528 pump_beg 1 0
1585973523583150 132176871118528 pump_end 1 2
1585973523585450 132176871118528 join_beg 1 0
1585973523586670 132176871118528 join_end 0 0
1585973548991312 132176871118528 coll_beg 0 0
1585973550015505 132176871118528 coll_end 0 0
1585973564157508 132176862725824 emit_beg 149 0
1585973575839291 132176871118528 drain_beg 0 0
1585973575841371 132176871118528 drain_end 1 0
1585973575842331 132176871118528 subm_beg 1 0
1585973607027392 132176871118528 subm_end 1 0
1585973607029172 132176871118528 pump_beg 1 0
1585973618230623 132176862725824 emit_end 149 0
1585973619185778 132176871118528 pump_end 1 2
1585973619189698 132176871118528 join_beg 1 0
1585973619190918 132176871118528 join_end 0 0
1585973634098103 132176871118528 coll_beg 0 0
1585973638144056 132176871118528 coll_end 0 0
1585973645897183 132176862725824 emit_beg 150 0
1585973685963279 132176862725824 emit_end 150 0
1585973763488467 132176871118528 drain_beg 0 0
1585973763491587 132176871118528 drain_end 1 0
1585973763493407 132176871118528 subm_beg 1 0
1585973783804785 132176871118528 subm_end 1 0
1585973783807445 132176871118528 pump_beg 1 0
1585973795510178 132176871118528 pump_end 1 2
1585973795511648 132176871118528 join_beg 1 0
1585973795512108 132176871118528 join_end 0 0
1585973800118150 132176871118528 coll_beg 0 0
1585973803845863 132176871118528 coll_end 0 0
1585973810813159 132176862725824 emit_beg 151 0
1585973810813929 132176871118528 drain_beg 0 0
1585973810817509 132176871118528 drain_end 1 0
1585973810818949 132176871118528 subm_beg 1 0
1585973830827058 132176871118528 subm_end 1 0
1585973830829938 132176871118528 pump_beg 1 0
1585973842510931 132176871118528 pump_end 1 2
1585973842532740 132176871118528 join_beg 1 0
1585973850750690 132176862725824 emit_end 151 0
1585973850760580 132176871118528 join_end 0 0
1585973863938248 132176871118528 coll_beg 0 0
1585973867147321 132176871118528 coll_end 0 0
1585973886231364 132176862725824 emit_beg 152 0
1585973909572402 132176862725824 emit_end 152 0
1585974008826216 132176871118528 drain_beg 0 0
1585974008828916 132176871118528 drain_end 1 0
1585974008829946 132176871118528 subm_beg 1 0
1585974031044695 132176871118528 subm_end 1 0
1585974031057244 132176871118528 pump_beg 1 0
1585974044093298 132176871118528 pump_end 1 2
1585974044106618 132176871118528 join_beg 1 0
1585974044109408 132176871118528 join_end 0 0
1585974055150924 132176871118528 coll_beg 0 0
1585974059339251 132176871118528 coll_end 0 0
1585974063345615 132176871118528 drain_beg 0 0
1585974063346595 132176871118528 drain_end 1 0
1585974063347125 132176871118528 subm_beg 1 0
1585974063372974 132176862725824 emit_beg 153 0
1585974077739149 132176871118528 subm_end 1 0
1585974077739719 132176871118528 pump_beg 1 0
1585974088521055 132176871118528 pump_end 1 2
1585974088522925 132176871118528 join_beg 1 0
1585974098275159 132176862725824 emit_end 153 0
1585974098289149 132176871118528 join_end 0 0
1585974114431839 132176871118528 coll_beg 0 0
1585974118111825 132176871118528 coll_end 0 0
1585974127001950 132176862725824 emit_beg 154 0
1585974143821805 132176862725824 emit_end 154 0
1585974216210412 132176871118528 drain_beg 0 0
1585974216214251 132176871118528 drain_end 1 0
1585974216215921 132176871118528 subm_beg 1 0
1585974230060946 132176871118528 subm_end 1 0
1585974230062076 132176871118528 pump_beg 1 0
1585974240147677 132176871118528 pump_end 1 2
1585974240148957 132176871118528 join_beg 1 0
1585974240149637 132176871118528 join_end 0 0
1585974252555614 132176871118528 coll_beg 0 0
1585974255041163 132176871118528 coll_end 0 0
1585974276064555 132176871118528 drain_beg 0 0
1585974276065505 132176871118528 drain_end 1 0
1585974276066035 132176871118528 subm_beg 1 0
1585974276078395 132176862725824 emit_beg 155 0
1585974279866346 132176871118528 subm_end 1 0
1585974279866986 132176871118528 pump_beg 1 0
1585974289719926 132176871118528 pump_end 1 2
1585974289720676 132176871118528 join_beg 1 0
1585974303884349 132176862725824 emit_end 155 0
1585974303895269 132176871118528 join_end 0 0
1585974313864655 132176871118528 coll_beg 0 0
1585974315942439 132176871118528 coll_end 0 0
1585974332380418 132176862725824 emit_beg 156 0
1585974356349413 132176862725824 emit_end 156 0
1585974452677234 132176871118528 drain_beg 0 0
1585974452681164 132176871118528 drain_end 1 0
1585974452682334 132176871118528 subm_beg 1 0
1585974460696162 132176871118528 subm_end 1 0
1585974460700031 132176871118528 pump_beg 1 0
1585974472446342 132176871118528 pump_end 1 2
1585974472448332 132176871118528 join_beg 1 0
1585974472449352 132176871118528 join_end 0 0
1585974488374061 132176871118528 coll_beg 0 0
1585974491628222 132176871118528 coll_end 0 0
1585974513935187 132176871118528 drain_beg 0 0
1585974513939427 132176871118528 drain_end 1 0
1585974513941317 132176871118528 subm_beg 1 0
1585974513957576 132176862725824 emit_beg 157 0
1585974525941008 132176871118528 subm_end 1 0
1585974525941908 132176871118528 pump_beg 1 0
1585974536174525 132176871118528 pump_end 1 2
1585974536175844 132176871118528 join_beg 1 0
1585974543424120 132176862725824 emit_end 157 0
1585974543431070 132176871118528 join_end 0 0
1585974555190980 132176871118528 coll_beg 0 0
1585974556961585 132176871118528 coll_end 0 0
1585974578530188 132176862725824 emit_beg 158 0
1585974615611943 132176862725824 emit_end 158 0
1585974679081755 132176871118528 drain_beg 0 0
1585974679084935 132176871118528 drain_end 1 0
1585974679086015 132176871118528 subm_beg 1 0
1585974693184320 132176871118528 subm_end 1 0
1585974693185070 132176871118528 pump_beg 1 0
1585974703232513 132176871118528 pump_end 1 2
1585974703233793 132176871118528 join_beg 1 0
1585974703234743 132176871118528 join_end 0 0
1585974714528210 132176871118528 coll_beg 0 0
1585974716205409 132176871118528 coll_end 0 0
1585974739627053 132176871118528 drain_beg 0 0
1585974739629023 132176871118528 drain_end 1 0
1585974739629923 132176871118528 subm_beg 1 0
1585974739630743 132176862725824 emit_beg 159 0
1585974757345216 132176871118528 subm_end 1 0
1585974757346866 132176871118528 pump_beg 1 0
1585974765249857 132176871118528 pump_end 1 2
1585974765250887 132176871118528 join_beg 1 0
1585974774433872 132176862725824 emit_end 159 0
1585974774444042 132176871118528 join_end 0 0
1585974784485605 132176871118528 coll_beg 0 0
1585974784499644 132176871118528 coll_end 0 0
1585974792023009 132176862725824 emit_beg 160 0
1585974837128402 132176862725824 emit_end 160 0
1585974916297440 132176871118528 drain_beg 0 0
1585974916299240 132176871118528 drain_end 1 0
1585974916299820 132176871118528 subm_beg 1 0
1585974932095013 132176871118528 subm_end 1 0
1585974932096893 132176871118528 pump_beg 1 0
1585974943792086 132176871118528 pump_end 1 2
1585974943793396 132176871118528 join_beg 1 0
1585974943794026 132176871118528 join_end 0 0
1585974955714471 132176871118528 coll_beg 0 0
1585974958945653 132176871118528 coll_end 0 0
1585974967291598 132176871118528 drain_beg 0 0
1585974967292338 132176871118528 drain_end 1 0
1585974967292848 132176871118528 subm_beg 1 0
1585974967294808 132176862725824 emit_beg 161 0
1585974985034330 132176871118528 subm_end 1 0
1585974985035990 132176871118528 pump_beg 1 0
1585974995859454 132176871118528 pump_end 1 2
1585974995861184 132176871118528 join_beg 1 0
1585975011921258 132176862725824 emit_end 161 0
1585975011932667 132176871118528 join_end 0 0
1585975022416874 132176871118528 coll_beg 0 0
1585975025246481 132176871118528 coll_end 0 0
1585975037767234 132176862725824 emit_beg 162 0
1585975082109574 132176862725824 emit_end 162 0
1585975171309856 132176871118528 drain_beg 0 0
1585975171311906 132176871118528 drain_end 1 0
1585975171312516 132176871118528 subm_beg 1 0
1585975179180018 132176871118528 subm_end 1 0
1585975179180458 132176871118528 pump_beg 1 0
1585975190606711 132176871118528 pump_end 1 2
1585975190608781 132176871118528 join_beg 1 0
1585975190609501 132176871118528 join_end 0 0
1585975202154569 132176871118528 coll_beg 0 0
1585975205594364 132176871118528 coll_end 0 0
1585975216940529 132176871118528 drain_beg 0 0
1585975216942199 132176871118528 drain_end 1 0
1585975216942649 132176871118528 subm_beg 1 0
1585975216943959 132176862725824 emit_beg 163 0
1585975225967869 132176871118528 subm_end 1 0
1585975225968579 132176871118528 pump_beg 1 0
1585975235357056 132176871118528 pump_end 1 2
1585975235358076 132176871118528 join_beg 1 0
1585975240852076 132176862725824 emit_end 163 0
1585975240865835 132176871118528 join_end 0 0
1585975261312398 132176871118528 coll_beg 0 0
1585975263191340 132176871118528 coll_end 0 0
1585975271998738 132176862725824 emit_beg 164 0
1585975303790107 132176862725824 emit_end 164 0
1585975410541478 132176871118528 drain_beg 0 0
1585975410545658 132176871118528 drain_end 1 0
1585975410546907 132176871118528 subm_beg 1 0
1585975418448949 132176871118528 subm_end 1 0
1585975418451079 132176871118528 pump_beg 1 0
1585975430107313 132176871118528 pump_end 1 2
1585975430109483 132176871118528 join_beg 1 0
1585975430110483 132176871118528 join_end 0 0
1585975436590976 132176871118528 coll_beg 0 0
1585975439779290 132176871118528 coll_end 0 0
1585975447581675 132176871118528 drain_beg 0 0
1585975447582595 132176871118528 drain_end 1 0
1585975447583305 132176871118528 subm_beg 1 0
1585975447604494 132176862725824 emit_beg 165 0
1585975461232496 132176871118528 subm_end 1 0
1585975461232996 132176871118528 pump_beg 1 0
1585975471129645 132176871118528 pump_end 1 2
1585975471131765 132176871118528 join_beg 1 0
1585975487152649 132176862725824 emit_end 165 0
1585975487170479 132176871118528 join_end 0 0
1585975501062911 132176871118528 coll_beg 0 0
1585975503057818 132176871118528 coll_end 0 0
1585975516128891 132176862725824 emit_beg 166 0
1585975545225938 132176862725824 emit_end 166 0
1585975648015914 132176871118528 drain_beg 0 0
1585975648022643 132176871118528 drain_end 1 0
1585975648024143 132176871118528 subm_beg 1 0
1585975655448932 132176871118528 subm_end 1 0
1585975655449602 132176871118528 pump_beg 1 0
1585975665606761 132176871118528 pump_end 1 2
1585975665608541 132176871118528 join_beg 1 0
1585975665610021 132176871118528 join_end 0 0
1585975670392066 132176871118528 coll_beg 0 0
1585975672757090 132176871118528 coll_end 0 0
1585975691414579 132176871118528 drain_beg 0 0
1585975691415638 132176871118528 drain_end 1 0
1585975691416078 132176871118528 subm_beg 1 0
1585975691438358 132176862725824 emit_beg 167 0
1585975695653114 132176871118528 subm_end 1 0
1585975695653684 132176871118528 pump_beg 1 0
1585975705192715 132176871118528 pump_end 1 2
1585975705194225 132176871118528 join_beg 1 0
1585975734421748 132176862725824 emit_end 167 0
1585975734441457 132176871118528 join_end 0 0
1585975759547510 132176871118528 coll_beg 0 0
1585975762169694 132176871118528 coll_end 0 0
1585975774147727 132176871118528 drain_beg 0 0
1585975774149887 132176871118528 drain_end 1 0
1585975774151257 132176871118528 subm_beg 1 0
1585975774165306 132176862725824 emit_beg 168 0
1585975791449755 132176871118528 subm_end 1 0
1585975791451345 132176871118528 pump_beg 1 0
1585975802718343 132176871118528 pump_end 1 2
1585975802719743 132176871118528 join_beg 1 0
1585975810416792 132176862725824 emit_end 168 0
1585975810444671 132176871118528 join_end 0 0
1585975825505911 132176871118528 coll_beg 0 0
1585975829560823 132176871118528 coll_end 0 0
1585975858324122 132176862725824 emit_beg 169 0
1585975896780917 132176862725824 emit_end 169 0
1585975998509382 132176871118528 drain_beg 0 0
1585975998514112 132176871118528 drain_end 1 0
1585975998515771 132176871118528 subm_beg 1 0
1585976018249701 132176871118528 subm_end 1 0
1585976018250621 132176871118528 pump_beg 1 0
1585976028972779 132176871118528 pump_end 1 2
1585976028974139 132176871118528 join_beg 1 0
1585976028975499 132176871118528 join_end 0 0
1585976036360369 132176871118528 coll_beg 0 0
1585976039170577 132176871118528 coll_end 0 0
1585976067274450 132176862725824 emit_beg 170 0
1585976074620432 132176871118528 drain_beg 0 0
1585976074623252 132176871118528 drain_end 1 0
1585976074624102 132176871118528 subm_beg 1 0
1585976110906996 132176871118528 subm_end 1 0
1585976110912666 132176871118528 pump_beg 1 0
1585976115814467 132176862725824 emit_end 170 0
1585976121218840 132176871118528 pump_end 1 2
1585976121224539 132176871118528 join_beg 1 0
1585976121226599 132176871118528 join_end 0 0
1585976127082736 132176871118528 coll_beg 0 0
1585976130521200 132176871118528 coll_end 0 0
1585976145871869 132176862725824 emit_beg 171 0
1585976171426976 132176862725824 emit_end 171 0
1585976256678802 132176871118528 drain_beg 0 0
1585976256684082 132176871118528 drain_end 1 0
1585976256685622 132176871118528 subm_beg 1 0
1585976269494064 132176871118528 subm_end 1 0
1585976269495664 132176871118528 pump_beg 1 0
1585976280277200 132176871118528 pump_end 1 2
1585976280278570 132176871118528 join_beg 1 0
1585976280280240 132176871118528 join_end 0 0
1585976291092945 132176871118528 coll_beg 0 0
1585976293834465 132176871118528 coll_end 0 0
1585976305722601 132176871118528 drain_beg 0 0
1585976305724180 132176871118528 drain_end 1 0
1585976305724840 132176871118528 subm_beg 1 0
1585976305739810 132176862725824 emit_beg 172 0
1585976312561151 132176871118528 subm_end 1 0
1585976312562671 132176871118528 pump_beg 1 0
1585976325027006 132176871118528 pump_end 1 2
1585976325029465 132176871118528 join_beg 1 0
1585976367311981 132176862725824 emit_end 172 0
1585976367374739 132176871118528 join_end 0 0
1585976376539694 132176871118528 coll_beg 0 0
1585976381551661 132176871118528 coll_end 0 0
1585976389504970 132176862725824 emit_beg 173 0
1585976410996215 132176862725824 emit_end 173 0
1585976530020868 132176871118528 drain_beg 0 0
1585976530024608 132176871118528 drain_end 1 0
1585976530025928 132176871118528 subm_beg 1 0
1585976540989467 132176871118528 subm_end 1 0
1585976540990587 132176871118528 pump_beg 1 0
1585976553462472 132176871118528 pump_end 1 2
1585976553464032 132176871118528 join_beg 1 0
1585976553465482 132176871118528 join_end 0 0
1585976570357185 132176871118528 coll_beg 0 0
1585976574884979 132176871118528 coll_end 0 0
1585976579420073 132176871118528 drain_beg 0 0
1585976579423443 132176871118528 drain_end 1 0
1585976579424943 132176871118528 subm_beg 1 0
1585976579426903 132176862725824 emit_beg 174 0
1585976589029273 132176871118528 subm_end 1 0
1585976589031252 132176871118528 pump_beg 1 0
1585976599638225 132176871118528 pump_end 1 2
1585976599643565 132176871118528 join_beg 1 0
1585976634300249 132176862725824 emit_end 174 0
1585976634348117 132176871118528 join_end 0 0
1585976659745680 132176871118528 coll_beg 0 0
1585976662655673 132176871118528 coll_end 0 0
1585976677227081 132176871118528 drain_beg 0 0
1585976677228341 132176871118528 drain_end 1 0
1585976677229241 132176871118528 subm_beg 1 0
1585976677235191 132176862725824 emit_beg 175 0
1585976691520179 132176871118528 subm_end 1 0
1585976691520869 132176871118528 pump_beg 1 0
1585976705416521 132176871118528 pump_end 1 2
1585976705418361 132176871118528 join_beg 1 0
1585976706310329 132176862725824 emit_end 175 0
1585976706318029 132176871118528 join_end 0 0
1585976727681558 132176871118528 coll_beg 0 0
1585976732785922 132176871118528 coll_end 0 0
1585976771665372 132176862725824 emit_beg 176 0
1585976803858516 132176862725824 emit_end 176 0
1585976900461977 132176871118528 drain_beg 0 0
1585976900467497 132176871118528 drain_end 1 0
1585976900469047 132176871118528 subm_beg 1 0
1585976921434391 132176871118528 subm_end 1 0
1585976921435791 132176871118528 pump_beg 1 0
1585976929834585 132176871118528 pump_end 1 2
1585976929846474 132176871118528 join_beg 1 0
1585976929849354 132176871118528 join_end 0 0
1585976953312917 132176871118528 coll_beg 0 0
1585976953365845 132176871118528 coll_end 0 0
1585976976943194 132176862725824 emit_beg 177 0
1585976983835862 132176871118528 drain_beg 0 0
1585976983836872 132176871118528 drain_end 1 0
1585976983837532 132176871118528 subm_beg 1 0
1585977009042681 132176871118528 subm_end 1 0
1585977009043641 132176871118528 pump_beg 1 0
1585977019803378 132176871118528 pump_end 1 2
1585977019808088 132176871118528 join_beg 1 0
1585977026415237 132176862725824 emit_end 177 0
1585977026447536 132176871118528 join_end 0 0
1585977057491522 132176871118528 coll_beg 0 0
1585977060831700 132176871118528 coll_end 0 0
1585977072330350 132176862725824 emit_beg 178 0
1585977098805233 132176862725824 emit_end 178 0
1585977191826505 132176871118528 drain_beg 0 0
1585977191832865 132176871118528 drain_end 1 0
1585977191834915 132176871118528 subm_beg 1 0
1585977216921128 132176871118528 subm_end 1 0
1585977216922218 132176871118528 pump_beg 1 0
1585977229788089 132176871118528 pump_end 1 2
1585977229789638 132176871118528 join_beg 1 0
1585977229790808 132176871118528 join_end 0 0
1585977234504296 132176871118528 coll_beg 0 0
1585977238222630 132176871118528 coll_end 0 0
1585977254547204 132176871118528 drain_beg 0 0
1585977254548444 132176871118528 drain_end 1 0
1585977254549324 132176871118528 subm_beg 1 0
1585977254556374 132176862725824 emit_beg 179 0
1585977271004573 132176871118528 subm_end 1 0
1585977271013513 132176871118528 pump_beg 1 0
1585977280974049 132176871118528 pump_end 1 2
1585977280975049 132176871118528 join_beg 1 0
1585977309077552 132176862725824 emit_end 179 0
1585977309127581 132176871118528 join_end 0 0
1585977319212582 132176871118528 coll_beg 0 0
1585977320694638 132176871118528 coll_end 0 0
1585977328583570 132176862725824 emit_beg 180 0
1585977355559475 132176862725824 emit_end 180 0
1585977434073297 132176871118528 drain_beg 0 0
1585977434079207 132176871118528 drain_end 1 0
1585977434080767 132176871118528 subm_beg 1 0
1585977444222966 132176871118528 subm_end 1 0
1585977444223936 132176871118528 pump_beg 1 0
1585977453558335 132176871118528 pump_end 1 2
1585977453565655 132176871118528 join_beg 1 0
1585977453568095 132176871118528 join_end 0 0
1585977466620718 132176871118528 coll_beg 0 0
1585977468698162 132176871118528 coll_end 0 0
1585977477797100 132176871118528 drain_beg 0 0
1585977477798400 132176871118528 drain_end 1 0
1585977477799530 132176871118528 subm_beg 1 0
1585977477821939 132176862725824 emit_beg 181 0
1585977493936340 132176871118528 subm_end 1 0
1585977493937140 132176871118528 pump_beg 1 0
1585977506706254 132176871118528 pump_end 1 2
1585977506707584 132176871118528 join_beg 1 0
1585977542141960 132176862725824 emit_end 181 0
1585977542168629 132176871118528 join_end 0 0
1585977566262109 132176871118528 coll_beg 0 0
1585977573190505 132176871118528 coll_end 0 0
1585977580376923 132176871118528 drain_beg 0 0
1585977580379483 132176871118528 drain_end 1 0
1585977580380703 132176871118528 subm_beg 1 0
1585977580380903 132176862725824 emit_beg 182 0
1585977601780611 132176871118528 subm_end 1 0
1585977601791961 132176871118528 pump_beg 1 0
1585977612372434 132176871118528 pump_end 1 2
1585977612374604 132176871118528 join_beg 1 0
1585977623961821 132176862725824 emit_end 182 0
1585977624039988 132176871118528 join_end 0 0
1585977645018842 132176871118528 coll_beg 0 0
1585977647727123 132176871118528 coll_end 0 0
1585977673462033 132176862725824 emit_beg 183 0
1585977722889618 132176862725824 emit_end 183 0
1585977815481646 132176871118528 drain_beg 0 0
1585977815486875 132176871118528 drain_end 1 0
1585977815488195 132176871118528 subm_beg 1 0
1585977834237751 132176871118528 subm_end 1 0
1585977834240060 132176871118528 pump_beg 1 0
1585977847074542 132176871118528 pump_end 1 2
1585977847077262 132176871118528 join_beg 1 0
1585977847078962 132176871118528 join_end 0 0
1585977864710417 132176871118528 coll_beg 0 0
1585977869454684 132176871118528 coll_end 0 0
1585977882901343 132176862725824 emit_beg 184 0
1585977886570839 132176871118528 drain_beg 0 0
1585977886573999 132176871118528 drain_end 1 0
1585977886575269 132176871118528 subm_beg 1 0
1585977909861908 132176871118528 subm_end 1 0
1585977909864648 132176871118528 pump_beg 1 0
1585977914130072 132176862725824 emit_end 184 0
1585977921096418 132176871118528 pump_end 1 2
1585977921098858 132176871118528 join_beg 1 0
1585977921099668 132176871118528 join_end 0 0
1585977925258376 132176871118528 coll_beg 0 0
1585977927927479 132176871118528 coll_end 0 0
1585977940825937 132176862725824 emit_beg 185 0
1585977982405899 132176862725824 emit_end 185 0
1585978079372987 132176871118528 drain_beg 0 0
1585978079376367 132176871118528 drain_end 1 0
1585978079378087 132176871118528 subm_beg 1 0
1585978106995758 132176871118528 subm_end 1 0
1585978107015627 132176871118528 pump_beg 1 0
1585978120177986 132176871118528 pump_end 1 2
1585978120187606 132176871118528 join_beg 1 0
1585978120189846 132176871118528 join_end 0 0
1585978144452740 132176871118528 coll_beg 0 0
1585978150821497 132176871118528 coll_end 0 0
1585978155033913 132176871118528 drain_beg 0 0
1585978155035933 132176862725824 emit_beg 186 0
1585978155038213 132176871118528 drain_end 1 0
1585978155049883 132176871118528 subm_beg 1 0
1585978169480836 132176871118528 subm_end 1 0
1585978169482086 132176871118528 pump_beg 1 0
1585978181298314 132176871118528 pump_end 1 2
1585978181301894 132176871118528 join_beg 1 0
1585978186929068 132176862725824 emit_end 186 0
1585978186959157 132176871118528 join_end 0 0
1585978203123657 132176871118528 coll_beg 0 0
1585978206920598 132176871118528 coll_end 0 0
1585978211218711 132176862725824 emit_beg 187 0
1585978259708130 132176862725824 emit_end 187 0
1585978327802253 132176871118528 drain_beg 0 0
1585978327806943 132176871118528 drain_end 1 0
1585978327808323 132176871118528 subm_beg 1 0
1585978358581539 132176871118528 subm_end 1 0
1585978358585248 132176871118528 pump_beg 1 0
1585978367436725 132176871118528 pump_end 1 2
1585978367440635 132176871118528 join_beg 1 0
1585978367442215 132176871118528 join_end 0 0
1585978378100646 132176871118528 coll_beg 0 0
1585978379820233 132176871118528 coll_end 0 0
1585978404334197 132176871118528 drain_beg 0 0
1585978404336337 132176871118528 drain_end 1 0
1585978404337447 132176871118528 subm_beg 1 0
1585978404354687 132176862725824 emit_beg 188 0
1585978409013667 132176871118528 subm_end 1 0
1585978409015296 132176871118528 pump_beg 1 0
1585978420898572 132176871118528 pump_end 1 2
1585978420900692 132176871118528 join_beg 1 0
1585978429707711 132176862725824 emit_end 188 0
1585978429733740 132176871118528 join_end 0 0
1585978433472183 132176871118528 coll_beg 0 0
1585978437154409 132176871118528 coll_end 0 0
1585978456587319 132176862725824 emit_beg 189 0
1585978509953240 132176862725824 emit_end 189 0
1585978586396927 132176871118528 drain_beg 0 0
1585978586402737 132176871118528 drain_end 1 0
1585978586404257 132176871118528 subm_beg 1 0
1585978610700350 132176871118528 subm_end 1 0
1585978610702280 132176871118528 pump_beg 1 0
1585978621543694 132176871118528 pump_end 1 2
1585978621545524 132176871118528 join_beg 1 0
1585978621546943 132176871118528 join_end 0 0
1585978635661498 132176871118528 coll_beg 0 0
1585978638727546 132176871118528 coll_end 0 0
1585978658316540 132176871118528 drain_beg 0 0
1585978658317640 132176871118528 drain_end 1 0
1585978658318260 132176871118528 subm_beg 1 0
1585978658340450 132176862725824 emit_beg 190 0
1585978680993012 132176871118528 subm_end 1 0
1585978680994592 132176871118528 pump_beg 1 0
1585978692921317 132176871118528 pump_end 1 2
1585978692922357 132176871118528 join_beg 1 0
1585978707409067 132176862725824 emit_end 190 0
1585978707435146 132176871118528 join_end 0 0
1585978724325349 132176871118528 coll_beg 0 0
1585978728729699 132176871118528 coll_end 0 0
1585978753653678 132176862725824 emit_beg 191 0
1585978808923259 132176862725824 emit_end 191 0
1585978913198341 132176871118528 drain_beg 0 0
1585978913201651 132176871118528 drain_end 1 0
1585978913202551 132176871118528 subm_beg 1 0
1585978931214213 132176871118528 subm_end 1 0
1585978931215243 132176871118528 pump_beg 1 0
1585978943313911 132176871118528 pump_end 1 2
1585978943316321 132176871118528 join_beg 1 0
1585978943317851 132176871118528 join_end 0 0
1585978961439909 132176871118528 coll_beg 0 0
1585978964985029 132176871118528 coll_end 0 0
1585978977435235 132176871118528 drain_beg 0 0
1585978977437174 132176871118528 drain_end 1 0
1585978977438304 132176871118528 subm_beg 1 0
1585978977440914 132176862725824 emit_beg 192 0
1585978986688407 132176871118528 subm_end 1 0
1585978986689067 132176871118528 pump_beg 1 0
1585978998311532 132176871118528 pump_end 1 2
1585978998312522 132176871118528 join_beg 1 0
1585979008921224 132176862725824 emit_end 192 0
1585979008947393 132176871118528 join_end 0 0
1585979016424270 132176871118528 coll_beg 0 0
1585979019463089 132176871118528 coll_end 0 0
1585979032918768 132176862725824 emit_beg 193 0
1585979064172126 132176862725824 emit_end 193 0
1585979144069008 132176871118528 drain_beg 0 0
1585979144072738 132176871118528 drain_end 1 0
1585979144073518 132176871118528 subm_beg 1 0
1585979159234744 132176871118528 subm_end 1 0
1585979159235494 132176871118528 pump_beg 1 0
1585979170524622 132176871118528 pump_end 1 2
1585979170525522 132176871118528 join_beg 1 0
1585979170526602 132176871118528 join_end 0 0
1585979190908907 132176871118528 coll_beg 0 0
1585979194905601 132176871118528 coll_end 0 0
1585979212501268 132176871118528 drain_beg 0 0
1585979212503898 132176871118528 drain_end 1 0
1585979212504768 132176871118528 subm_beg 1 0
1585979212522738 132176862725824 emit_beg 194 0
1585979220595713 132176871118528 subm_end 1 0
1585979220597373 132176871118528 pump_beg 1 0
1585979229689611 132176871118528 pump_end 1 2
1585979229693451 132176871118528 join_beg 1 0
1585979247156463 132176862725824 emit_end 194 0
1585979247188322 132176871118528 join_end 0 0
1585979251343630 132176871118528 coll_beg 0 0
1585979252492258 132176871118528 coll_end 0 0
1585979262585589 132176862725824 emit_beg 195 0
1585979297730946 132176862725824 emit_end 195 0
1585979396251497 132176871118528 drain_beg 0 0
1585979396255807 132176871118528 drain_end 1 0
1585979396257117 132176871118528 subm_beg 1 0
1585979419222448 132176871118528 subm_end 1 0
1585979419229018 132176871118528 pump_beg 1 0
1585979435052340 132176871118528 pump_end 1 2
1585979435057260 132176871118528 join_beg 1 0
1585979435059549 132176871118528 join_end 0 0
1585979451145192 132176871118528 coll_beg 0 0
1585979456168168 132176871118528 coll_end 0 0
1585979461618479 132176871118528 drain_beg 0 0
1585979461619509 132176871118528 drain_end 1 0
1585979461620059 132176871118528 subm_beg 1 0
1585979461641499 132176862725824 emit_beg 196 0
1585979471781368 132176871118528 subm_end 1 0
1585979471781878 132176871118528 pump_beg 1 0
1585979482058983 132176871118528 pump_end 1 2
1585979482060063 132176871118528 join_beg 1 0
1585979497943963 132176862725824 emit_end 196 0
1585979497984821 132176871118528 join_end 0 0
1585979501368188 132176871118528 coll_beg 0 0
1585979504060439 132176871118528 coll_end 0 0
1585979507498524 132176862725824 emit_beg 197 0
1585979539290642 132176862725824 emit_end 197 0
1585979606237707 132176871118528 drain_beg 0 0
1585979606243247 132176871118528 drain_end 1 0
1585979606245267 132176871118528 subm_beg 1 0
1585979620663780 132176871118528 subm_end 1 0
1585979620666370 132176871118528 pump_beg 1 0
1585979633431464 132176871118528 pump_end 1 2
1585979633436084 132176871118528 join_beg 1 0
1585979633437744 132176871118528 join_end 0 0
1585979642258521 132176871118528 coll_beg 0 0
1585979647030767 132176871118528 coll_end 0 0
1585979650453012 132176871118528 drain_beg 0 0
1585979650454312 132176871118528 drain_end 1 0
1585979650454932 132176871118528 subm_beg 1 0
1585979650474201 132176862725824 emit_beg 198 0
1585979661509208 132176871118528 subm_end 1 0
1585979661509768 132176871118528 pump_beg 1 0
1585979674272252 132176871118528 pump_end 1 2
1585979674274332 132176871118528 join_beg 1 0
1585979680329611 132176862725824 emit_end 198 0
1585979680355660 132176871118528 join_end 0 0
1585979691714535 132176871118528 coll_beg 0 0
1585979696019758 132176871118528 coll_end 0 0
1585979701716320 132176871118528 drain_beg 0 0
1585979701719220 132176871118528 drain_end 1 0
1585979701716620 132176862725824 emit_beg 199 0
1585979701720260 132176871118528 subm_beg 1 0
1585979723167636 132176871118528 subm_end 1 0
1585979723169376 132176871118528 pump_beg 1 0
1585979737597339 132176871118528 pump_end 1 2
1585979737598479 132176871118528 join_beg 1 0
1585979739952653 132176862725824 emit_end 199 0
1585979739977442 132176871118528 join_end 0 0
1585979750276236 132176871118528 coll_beg 0 0
1585979757904837 132176871118528 coll_end 0 0
1585979781155598 132176862725824 emit_beg 200 0
1585979823916666 132176862725824 emit_end 200 0
1585979914740169 132176871118528 drain_beg 0 0
1585979914746059 132176871118528 drain_end 1 0
1585979914747339 132176871118528 subm_beg 1 0
1585979929056436 132176871118528 subm_end 1 0
1585979929058996 132176871118528 pump_beg 1 0
1585979941979694 132176871118528 pump_end 1 2
1585979941982764 132176871118528 join_beg 1 0
1585979941984384 132176871118528 join_end 0 0
1585979954348502 132176871118528 coll_beg 0 0
1585979958262039 132176871118528 coll_end 0 0
1585979969158391 132176862725824 emit_beg 201 0
1585979991517414 132176862725824 emit_end 201 0
1585980002031760 132176871118528 drain_beg 0 0
1585980002035700 132176871118528 drain_end 1 0
1585980002036790 132176871118528 subm_beg 1 0
1585980014715097 132176871118528 subm_end 1 0
1585980014717177 132176871118528 pump_beg 1 0
1585980023288084 132176871118528 pump_end 1 2
1585980023288804 132176871118528 join_beg 1 0
1585980023289184 132176871118528 join_end 0 0
1585980042649437 132176871118528 coll_beg 0 0
1585980043191007 132176871118528 coll_end 0 0
1585980051954477 132176862725824 emit_beg 202 0
1585980064488929 132176862725824 emit_end 202 0
1585980125052037 132176871118528 drain_beg 0 0
1585980125055327 132176871118528 drain_end 1 0
1585980125056437 132176871118528 subm_beg 1 0
1585980140561570 132176871118528 subm_end 1 0
1585980140563680 132176871118528 pump_beg 1 0
1585980152740866 132176871118528 pump_end 1 2
1585980152744085 132176871118528 join_beg 1 0
1585980152745335 132176871118528 join_end 0 0
1585980157673716 132176871118528 coll_beg 0 0
1585980161301243 132176871118528 coll_end 0 0
1585980166237703 132176871118528 drain_beg 0 0
1585980166238463 132176871118528 drain_end 1 0
1585980166238903 132176871118528 subm_beg 1 0
1585980166260482 132176862725824 emit_beg 203 0
1585980170237407 132176871118528 subm_end 1 0
1585980170237907 132176871118528 pump_beg 1 0
1585980182780128 132176871118528 pump_end 1 2
1585980182781298 132176871118528 join_beg 1 0
1585980199474059 132176862725824 emit_end 203 0
1585980199500048 132176871118528 join_end 0 0
1585980211957013 132176871118528 coll_beg 0 0
1585980218392148 132176871118528 coll_end 0 0
1585980223226111 132176871118528 drain_beg 0 0
1585980223227241 132176871118528 drain_end 1 0
1585980223228201 132176871118528 subm_beg 1 0
1585980223229451 132176862725824 emit_beg 204 0
1585980236303623 132176871118528 subm_end 1 0
1585980236304893 132176871118528 pump_beg 1 0
1585980247828432 132176871118528 pump_end 1 2
1585980247829362 132176871118528 join_beg 1 0
1585980254151952 132176862725824 emit_end 204 0
1585980254162121 132176871118528 join_end 0 0
1585980267269452 132176871118528 coll_beg 0 0
1585980271517577 132176871118528 coll_end 0 0
1585980290563652 132176862725824 emit_beg 205 0
1585980328228776 132176862725824 emit_end 205 0
1585980415659132 132176871118528 drain_beg 0 0
1585980415661732 132176871118528 drain_end 1 0
1585980415662882 132176871118528 subm_beg 1 0
1585980435907573 132176871118528 subm_end 1 0
1585980435909973 132176871118528 pump_beg 1 0
1585980445110227 132176871118528 pump_end 1 2
1585980445113127 132176871118528 join_beg 1 0
1585980445114387 132176871118528 join_end 0 0
1585980471227813 132176871118528 coll_beg 0 0
1585980472326333 132176871118528 coll_end 0 0
1585980480178266 132176862725824 emit_beg 206 0
1585980483110089 132176871118528 drain_beg 0 0
1585980483112649 132176871118528 drain_end 1 0
1585980483113769 132176871118528 subm_beg 1 0
1585980502693513 132176871118528 subm_end 1 0
1585980502695183 132176871118528 pump_beg 1 0
1585980512788745 132176862725824 emit_end 206 0
1585980514458544 132176871118528 pump_end 1 2
1585980514459284 132176871118528 join_beg 1 0
1585980514459714 132176871118528 join_end 0 0
1585980529158687 132176871118528 coll_beg 0 0
1585980532423238 132176871118528 coll_end 0 0
1585980539033116 132176862725824 emit_beg 207 0
1585980579769108 132176862725824 emit_end 207 0
1585980650519174 132176871118528 drain_beg 0 0
1585980650524514 132176871118528 drain_end 1 0
1585980650525914 132176871118528 subm_beg 1 0
1585980667842381 132176871118528 subm_end 1 0
1585980667858241 132176871118528 pump_beg 1 0
1585980681472503 132176871118528 pump_end 1 2
1585980681480103 132176871118528 join_beg 1 0
1585980681481693 132176871118528 join_end 0 0
1585980692525200 132176871118528 coll_beg 0 0
1585980697505318 132176871118528 coll_end 0 0
1585980702905810 132176871118528 drain_beg 0 0
1585980702907960 132176871118528 drain_end 1 0
1585980702909070 132176871118528 subm_beg 1 0
1585980702912260 132176862725824 emit_beg 208 0
1585980713286481 132176871118528 subm_end 1 0
1585980713287501 132176871118528 pump_beg 1 0
1585980725020613 132176871118528 pump_end 1 2
1585980725022623 132176871118528 join_beg 1 0
1585980733875179 132176862725824 emit_end 208 0
1585980733908158 132176871118528 join_end 0 0
1585980762842461 132176871118528 coll_beg 0 0
1585980768773715 132176871118528 coll_end 0 0
1585980789272876 132176871118528 drain_beg 0 0
1585980789274986 132176871118528 drain_end 1 0
1585980789276336 132176871118528 subm_beg 1 0
1585980789291285 132176862725824 emit_beg 209 0
1585980812162420 132176871118528 subm_end 1 0
1585980812173969 132176871118528 pump_beg 1 0
1585980824264938 132176871118528 pump_end 1 2
1585980824268958 132176871118528 join_beg 1 0
1585980832399951 132176862725824 emit_end 209 0
1585980832430350 132176871118528 join_end 0 0
1585980847855836 132176871118528 coll_beg 0 0
1585980851448365 132176871118528 coll_end 0 0
1585980865227442 132176862725824 emit_beg 210 0
1585980908187462 132176862725824 emit_end 210 0
1585980995253152 132176871118528 drain_beg 0 0
1585980995257382 132176871118528 drain_end 1 0
1585980995258692 132176871118528 subm_beg 1 0
1585981013858493 132176871118528 subm_end 1 0
1585981013861043 132176871118528 pump_beg 1 0
1585981027103849 132176871118528 pump_end 1 2
1585981027108549 132176871118528 join_beg 1 0
1585981027109709 132176871118528 join_end 0 0
1585981040948403 132176871118528 coll_beg 0 0
1585981045424940 132176871118528 coll_end 0 0
1585981060942293 132176862725824 emit_beg 211 0
1585981084455564 132176862725824 emit_end 211 0
1585981096975067 132176871118528 drain_beg 0 0
1585981096979417 132176871118528 drain_end 1 0
1585981096980667 132176871118528 subm_beg 1 0
1585981104222902 132176871118528 subm_end 1 0
1585981104224022 132176871118528 pump_beg 1 0
1585981113597600 132176871118528 pump_end 1 2
1585981113601540 132176871118528 join_beg 1 0
1585981113602920 132176871118528 join_end 0 0
1585981127012810 132176871118528 coll_beg 0 0
1585981129324265 132176871118528 coll_end 0 0
1585981144633786 132176862725824 emit_beg 212 0
1585981188786973 132176862725824 emit_end 212 0
1585981247155422 132176871118528 drain_beg 0 0
1585981247161231 132176871118528 drain_end 1 0
1585981247162601 132176871118528 subm_beg 1 0
1585981278465968 132176871118528 subm_end 1 0
1585981278469068 132176871118528 pump_beg 1 0
1585981288309058 132176871118528 pump_end 1 2
1585981288309868 132176871118528 join_beg 1 0
1585981288310878 132176871118528 join_end 0 0
1585981307423030 132176871118528 coll_beg 0 0
1585981309475335 132176871118528 coll_end 0 0
1585981326246993 132176871118528 drain_beg 0 0
1585981326248803 132176871118528 drain_end 1 0
1585981326249913 132176871118528 subm_beg 1 0
1585981326269242 132176862725824 emit_beg 213 0
1585981341041822 132176871118528 subm_end 1 0
1585981341043652 132176871118528 pump_beg 1 0
1585981356361143 132176871118528 pump_end 1 2
1585981356362953 132176871118528 join_beg 1 0
1585981359283416 132176862725824 emit_end 213 0
1585981359310445 132176871118528 join_end 0 0
1585981372729205 132176871118528 coll_beg 0 0
1585981378355629 132176871118528 coll_end 0 0
1585981388795158 132176862725824 emit_beg 214 0
1585981433820433 132176862725824 emit_end 214 0
1585981534538994 132176871118528 drain_beg 0 0
1585981534544874 132176871118528 drain_end 1 0
1585981534546344 132176871118528 subm_beg 1 0
1585981550843469 132176871118528 subm_end 1 0
1585981550845609 132176871118528 pump_beg 1 0
1585981559034000 132176871118528 pump_end 1 2
1585981559036930 132176871118528 join_beg 1 0
1585981559038560 132176871118528 join_end 0 0
1585981571777814 132176871118528 coll_beg 0 0
1585981571806383 132176871118528 coll_end 0 0
1585981581646334 132176871118528 drain_beg 0 0
1585981581647014 132176871118528 drain_end 1 0
1585981581647524 132176871118528 subm_beg 1 0
1585981581670083 132176862725824 emit_beg 215 0
1585981600662839 132176871118528 subm_end 1 0
1585981600664399 132176871118528 pump_beg 1 0
1585981611421066 132176871118528 pump_end 1 2
1585981611423336 132176871118528 join_beg 1 0
1585981622268490 132176862725824 emit_end 215 0
1585981622297109 132176871118528 join_end 0 0
1585981640169416 132176871118528 coll_beg 0 0
1585981643233324 132176871118528 coll_end 0 0
1585981662276399 132176862725824 emit_beg 216 0
1585981696523308 132176862725824 emit_end 216 0
1585981766701265 132176871118528 drain_beg 0 0
1585981766702734 132176871118528 drain_end 1 0
1585981766703334 132176871118528 subm_beg 1 0
1585981784059211 132176871118528 subm_end 1 0
1585981784059881 132176871118528 pump_beg 1 0
1585981795672716 132176871118528 pump_end 1 2
1585981795676936 132176871118528 join_beg 1 0
1585981795678216 132176871118528 join_end 0 0
1585981813871212 132176871118528 coll_beg 0 0
1585981817684092 132176871118528 coll_end 0 0
1585981823474191 132176871118528 drain_beg 0 0
1585981823474921 132176871118528 drain_end 1 0
1585981823475591 132176871118528 subm_beg 1 0
1585981823500150 132176862725824 emit_beg 217 0
1585981827413167 132176871118528 subm_end 1 0
1585981827413647 132176871118528 pump_beg 1 0
1585981840232329 132176871118528 pump_end 1 2
1585981840233059 132176871118528 join_beg 1 0
1585981854067763 132176862725824 emit_end 217 0
1585981854095352 132176871118528 join_end 0 0
1585981868941300 132176871118528 coll_beg 0 0
1585981873074509 132176871118528 coll_end 0 0
1585981888606612 132176871118528 drain_beg 0 0
1585981888608422 132176871118528 drain_end 1 0
1585981888609612 132176871118528 subm_beg 1 0
1585981888630951 132176862725824 emit_beg 218 0
1585981913702955 132176871118528 subm_end 1 0
1585981913704595 132176871118528 pump_beg 1 0
1585981926396562 132176871118528 pump_end 1 2
1585981926400271 132176871118528 join_beg 1 0
1585981931464887 132176862725824 emit_end 218 0
1585981931479736 132176871118528 join_end 0 0
1585981944214071 132176871118528 coll_beg 0 0
1585981947649015 132176871118528 coll_end 0 0
1585981960069572 132176862725824 emit_beg 219 0
1585981986449098 132176862725824 emit_end 219 0
1585982078180828 132176871118528 drain_beg 0 0
1585982078183207 132176871118528 drain_end 1 0
1585982078184007 132176871118528 subm_beg 1 0
1585982092067700 132176871118528 subm_end 1 0
1585982092068940 132176871118528 pump_beg 1 0
1585982100863719 132176871118528 pump_end 1 2
1585982100864739 132176871118528 join_beg 1 0
1585982100865239 132176871118528 join_end 0 0
1585982114660855 132176871118528 coll_beg 0 0
1585982115730456 132176871118528 coll_end 0 0
1585982143046618 132176862725824 emit_beg 220 0
1585982153323853 132176871118528 drain_beg 0 0
1585982153326373 132176871118528 drain_end 1 0
1585982153327933 132176871118528 subm_beg 1 0
1585982176917021 132176871118528 subm_end 1 0
1585982176920081 132176871118528 pump_beg 1 0
1585982184580091 132176862725824 emit_end 220 0
1585982190130079 132176871118528 pump_end 1 2
1585982190131479 132176871118528 join_beg 1 0
1585982190131969 132176871118528 join_end 0 0
1585982204918958 132176871118528 coll_beg 0 0
1585982210152427 132176871118528 coll_end 0 0
1585982217768419 132176862725824 emit_beg 221 0
1585982270944367 132176862725824 emit_end 221 0
1585982348160216 132176871118528 drain_beg 0 0
1585982348165356 132176871118528 drain_end 1 0
1585982348166706 132176871118528 subm_beg 1 0
1585982360903141 132176871118528 subm_end 1 0
1585982360904921 132176871118528 pump_beg 1 0
1585982372726989 132176871118528 pump_end 1 2
1585982372731699 132176871118528 join_beg 1 0
1585982372733439 132176871118528 join_end 0 0
1585982391076299 132176871118528 coll_beg 0 0
1585982394862911 132176871118528 coll_end 0 0
1585982408713205 132176871118528 drain_beg 0 0
1585982408714365 132176871118528 drain_end 1 0
1585982408715145 132176871118528 subm_beg 1 0
1585982408754373 132176862725824 emit_beg 222 0
1585982418153980 132176871118528 subm_end 1 0
1585982418154810 132176871118528 pump_beg 1 0
1585982432279974 132176871118528 pump_end 1 2
1585982432280914 132176871118528 join_beg 1 0
1585982447832916 132176862725824 emit_end 222 0
1585982447861745 132176871118528 join_end 0 0
1585982451503402 132176871118528 coll_beg 0 0
1585982456323916 132176871118528 coll_end 0 0
1585982474211492 132176862725824 emit_beg 223 0
1585982519753579 132176862725824 emit_end 223 0
1585982601814651 132176871118528 drain_beg 0 0
1585982601820011 132176871118528 drain_end 1 0
1585982601821381 132176871118528 subm_beg 1 0
1585982629115084 132176871118528 subm_end 1 0
1585982629124654 132176871118528 pump_beg 1 0
1585982640479199 132176871118528 pump_end 1 2
1585982640480839 132176871118528 join_beg 1 0
1585982640482299 132176871118528 join_end 0 0
1585982656252073 132176871118528 coll_beg 0 0
1585982659471076 132176871118528 coll_end 0 0
1585982676855021 132176871118528 drain_beg 0 0
1585982676856371 132176871118528 drain_end 1 0
1585982676857331 132176871118528 subm_beg 1 0
1585982676876280 132176862725824 emit_beg 224 0
1585982681256060 132176871118528 subm_end 1 0
1585982681256480 132176871118528 pump_beg 1 0
1585982693351868 132176871118528 pump_end 1 2
1585982693356288 132176871118528 join_beg 1 0
1585982701435263 132176862725824 emit_end 224 0
1585982701444542 132176871118528 join_end 0 0
1585982709026615 132176871118528 coll_beg 0 0
1585982712697821 132176871118528 coll_end 0 0
1585982724670964 132176862725824 emit_beg 225 0
1585982760565933 132176862725824 emit_end 225 0
1585982843024561 132176871118528 drain_beg 0 0
1585982843027611 132176871118528 drain_end 1 0
1585982843028801 132176871118528 subm_beg 1 0
1585982858497716 132176871118528 subm_end 1 0
1585982858499476 132176871118528 pump_beg 1 0
1585982867413800 132176871118528 pump_end 1 2
1585982867415980 132176871118528 join_beg 1 0
1585982867416780 132176871118528 join_end 0 0
1585982879416022 132176871118528 coll_beg 0 0
1585982880403836 132176871118528 coll_end 0 0
1585982898320081 132176871118528 drain_beg 0 0
1585982898321941 132176871118528 drain_end 1 0
1585982898322561 132176862725824 emit_beg 226 0
1585982898322891 132176871118528 subm_beg 1 0
1585982923481682 132176871118528 subm_end 1 0
1585982923483302 132176871118528 pump_beg 1 0
1585982932961076 132176871118528 pump_end 1 2
1585982932961976 132176871118528 join_beg 1 0
1585982943782151 132176862725824 emit_end 226 0
1585982943806190 132176871118528 join_end 0 0
1585982961420507 132176871118528 coll_beg 0 0
1585982964604220 132176871118528 coll_end 0 0
1585982970780125 132176862725824 emit_beg 227 0
1585983005568294 132176862725824 emit_end 227 0
1585983087584309 132176871118528 drain_beg 0 0
1585983087588728 132176871118528 drain_end 1 0
1585983087590138 132176871118528 subm_beg 1 0
1585983101938944 132176871118528 subm_end 1 0
1585983101941734 132176871118528 pump_beg 1 0
1585983114491396 132176871118528 pump_end 1 2
1585983114492146 132176871118528 join_beg 1 0
1585983114492826 132176871118528 join_end 0 0
1585983129132691 132176871118528 coll_beg 0 0
1585983133676225 132176871118528 coll_end 0 0
1585983145389887 132176871118528 drain_beg 0 0
1585983145390747 132176871118528 drain_end 1 0
1585983145391287 132176871118528 subm_beg 1 0
1585983145418496 132176862725824 emit_beg 228 0
1585983164980101 132176871118528 subm_end 1 0
1585983164980651 132176871118528 pump_beg 1 0
1585983174832602 132176871118528 pump_end 1 2
1585983174835362 132176871118528 join_beg 1 0
1585983196117974 132176862725824 emit_end 228 0
1585983196146733 132176871118528 join_end 0 0
1585983201474399 132176871118528 coll_beg 0 0
1585983203663499 132176871118528 coll_end 0 0
1585983215659300 132176862725824 emit_beg 229 0
1585983244980519 132176862725824 emit_end 229 0
1585983315989396 132176871118528 drain_beg 0 0
1585983315991836 132176871118528 drain_end 1 0
1585983315993026 132176871118528 subm_beg 1 0
1585983341646989 132176871118528 subm_end 1 0
1585983341652818 132176871118528 pump_beg 1 0
1585983350575962 132176871118528 pump_end 1 2
1585983350579632 132176871118528 join_beg 1 0
1585983350581922 132176871118528 join_end 0 0
1585983372371866 132176871118528 coll_beg 0 0
1585983373811164 132176871118528 coll_end 0 0
1585983391572925 132176871118528 drain_beg 0 0
1585983391584285 132176871118528 drain_end 1 0
1585983391586315 132176871118528 subm_beg 1 0
1585983391599384 132176862725824 emit_beg 230 0
1585983397445011 132176871118528 subm_end 1 0
1585983397451240 132176871118528 pump_beg 1 0
1585983409134514 132176871118528 pump_end 1 2
1585983409137303 132176871118528 join_beg 1 0
1585983428057262 132176862725824 emit_end 230 0
1585983428070052 132176871118528 join_end 0 0
1585983438817929 132176871118528 coll_beg 0 0
1585983444526401 132176871118528 coll_end 0 0
1585983460530546 132176871118528 drain_beg 0 0
1585983460533466 132176871118528 drain_end 1 0
1585983460534956 132176871118528 subm_beg 1 0
1585983460546146 132176862725824 emit_beg 231 0
1585983473782372 132176871118528 subm_end 1 0
1585983473784672 132176871118528 pump_beg 1 0
1585983485655929 132176871118528 pump_end 1 2
1585983485659318 132176871118528 join_beg 1 0
1585983503935171 132176862725824 emit_end 231 0
1585983503965240 132176871118528 join_end 0 0
1585983523702239 132176871118528 coll_beg 0 0
1585983527640575 132176871118528 coll_end 0 0
1585983536957415 132176862725824 emit_beg 232 0
1585983577622519 132176862725824 emit_end 232 0
1585983673579155 132176871118528 drain_beg 0 0
1585983673584784 132176871118528 drain_end 1 0
1585983673586334 132176871118528 subm_beg 1 0
1585983696456049 132176871118528 subm_end 1 0
1585983696463399 132176871118528 pump_beg 1 0
1585983708390063 132176871118528 pump_end 1 2
1585983708392543 132176871118528 join_beg 1 0
1585983708394513 132176871118528 join_end 0 0
1585983721400158 132176871118528 coll_beg 0 0
1585983725351664 132176871118528 coll_end 0 0
1585983743042447 132176871118528 drain_beg 0 0
1585983743044127 132176871118528 drain_end 1 0
1585983743044857 132176871118528 subm_beg 1 0
1585983743067046 132176862725824 emit_beg 233 0
1585983750909680 132176871118528 subm_end 1 0
1585983750910580 132176871118528 pump_beg 1 0
1585983762252706 132176871118528 pump_end 1 2
1585983762259056 132176871118528 join_beg 1 0
1585983803871646 132176862725824 emit_end 233 0
1585983803903954 132176871118528 join_end 0 0
1585983811305384 132176871118528 coll_beg 0 0
1585983815394225 132176871118528 coll_end 0 0
1585983823928843 132176871118528 drain_beg 0 0
1585983823931093 132176871118528 drain_end 1 0
1585983823932453 132176871118528 subm_beg 1 0
1585983823944072 132176862725824 emit_beg 234 0
1585983836650838 132176871118528 subm_end 1 0
1585983836652738 132176871118528 pump_beg 1 0
1585983851648660 132176871118528 pump_end 1 2
1585983851650090 132176871118528 join_beg 1 0
1585983855821098 132176862725824 emit_end 234 0
1585983855848727 132176871118528 join_end 0 0
1585983868553193 132176871118528 coll_beg 0 0
1585983873722394 132176871118528 coll_end 0 0
1585983881761521 132176862725824 emit_beg 235 0
1585983924091754 132176862725824 emit_end 235 0
1585984028696734 132176871118528 drain_beg 0 0
1585984028699144 132176871118528 drain_end 1 0
1585984028699784 132176871118528 subm_beg 1 0
1585984045479991 132176871118528 subm_end 1 0
1585984045489050 132176871118528 pump_beg 1 0
1585984058970418 132176871118528 pump_end 1 2
1585984058972498 132176871118528 join_beg 1 0
1585984058974458 132176871118528 join_end 0 0
1585984074923325 132176871118528 coll_beg 0 0
1585984079054164 132176871118528 coll_end 0 0
1585984088706282 132176871118528 drain_beg 0 0
1585984088707932 132176871118528 drain_end 1 0
1585984088709232 132176871118528 subm_beg 1 0
1585984088713112 132176862725824 emit_beg 236 0
1585984104441597 132176871118528 subm_end 1 0
1585984104443277 132176871118528 pump_beg 1 0
1585984115547461 132176871118528 pump_end 1 2
1585984115548651 132176871118528 join_beg 1 0
1585984141691846 132176862725824 emit_end 236 0
1585984141740145 132176871118528 join_end 0 0
1585984154509558 132176871118528 coll_beg 0 0
1585984157457741 132176871118528 coll_end 0 0
1585984170951708 132176862725824 emit_beg 237 0
1585984199520674 132176862725824 emit_end 237 0
1585984305392547 132176871118528 drain_beg 0 0
1585984305397997 132176871118528 drain_end 1 0
1585984305399347 132176871118528 subm_beg 1 0
1585984321497629 132176871118528 subm_end 1 0
1585984321498939 132176871118528 pump_beg 1 0
1585984332958220 132176871118528 pump_end 1 2
1585984332959310 132176871118528 join_beg 1 0
1585984332960530 132176871118528 join_end 0 0
1585984340858112 132176871118528 coll_beg 0 0
1585984344056855 132176871118528 coll_end 0 0
1585984361192349 132176871118528 drain_beg 0 0
1585984361193559 132176871118528 drain_end 1 0
1585984361194269 132176871118528 subm_beg 1 0
1585984361212338 132176862725824 emit_beg 238 0
1585984372278614 132176871118528 subm_end 1 0
1585984372279354 132176871118528 pump_beg 1 0
1585984384372452 132176871118528 pump_end 1 2
1585984384373412 132176871118528 join_beg 1 0
1585984408531710 132176862725824 emit_end 238 0
1585984408559439 132176871118528 join_end 0 0
1585984423767183 132176871118528 coll_beg 0 0
1585984427178319 132176871118528 coll_end 0 0
1585984436153981 132176871118528 drain_beg 0 0
1585984436154931 132176871118528 drain_end 1 0
1585984436155871 132176871118528 subm_beg 1 0
1585984436174420 132176862725824 emit_beg 239 0
1585984452043401 132176871118528 subm_end 1 0
1585984452045291 132176871118528 pump_beg 1 0
1585984465036686 132176871118528 pump_end 1 2
1585984465038126 132176871118528 join_beg 1 0
1585984472221844 132176862725824 emit_end 239 0
1585984472249513 132176871118528 join_end 0 0
1585984498847011 132176871118528 coll_beg 0 0
1585984503085366 132176871118528 coll_end 0 0
1585984515651627 132176862725824 emit_beg 240 0
1585984555412265 132176862725824 emit_end 240 0
1585984663755908 132176871118528 drain_beg 0 0
1585984663760618 132176871118528 drain_end 1 0
1585984663762177 132176871118528 subm_beg 1 0
1585984685065989 132176871118528 subm_end 1 0
1585984685077559 132176871118528 pump_beg 1 0
1585984699420975 132176871118528 pump_end 1 2
1585984699431275 132176871118528 join_beg 1 0
1585984699433464 132176871118528 join_end 0 0
1585984706063932 132176871118528 coll_beg 0 0
1585984710204781 132176871118528 coll_end 0 0
1585984719404355 132176862725824 emit_beg 241 0
1585984749594202 132176862725824 emit_end 241 0
1585984817596878 132176871118528 drain_beg 0 0
1585984817602598 132176871118528 drain_end 1 0
1585984817604138 132176871118528 subm_beg 1 0
1585984828183262 132176871118528 subm_end 1 0
1585984828186102 132176871118528 pump_beg 1 0
1585984844433278 132176871118528 pump_end 1 2
1585984844435268 132176871118528 join_beg 1 0
1585984844436758 132176871118528 join_end 0 0
1585984848697933 132176871118528 coll_beg 0 0
1585984854787360 132176871118528 coll_end 0 0
1585984859332024 132176871118528 drain_beg 0 0
1585984859332784 132176871118528 drain_end 1 0
1585984859333294 132176871118528 subm_beg 1 0
1585984859353483 132176862725824 emit_beg 242 0
1585984871105784 132176871118528 subm_end 1 0
1585984871106224 132176871118528 pump_beg 1 0
1585984879067683 132176871118528 pump_end 1 2
1585984879068563 132176871118528 join_beg 1 0
1585984908408762 132176862725824 emit_end 242 0
1585984908439050 132176871118528 join_end 0 0
1585984921473854 132176871118528 coll_beg 0 0
1585984921500913 132176871118528 coll_end 0 0
1585984934308396 132176871118528 drain_beg 0 0
1585984934309615 132176871118528 drain_end 1 0
1585984934310295 132176871118528 subm_beg 1 0
1585984934328485 132176862725824 emit_beg 243 0
1585984945497577 132176871118528 subm_end 1 0
1585984945498087 132176871118528 pump_beg 1 0
1585984958047978 132176871118528 pump_end 1 2
1585984958048728 132176871118528 join_beg 1 0
1585984972200232 132176862725824 emit_end 243 0
1585984972225891 132176871118528 join_end 0 0
1585984981770932 132176871118528 coll_beg 0 0
1585984985961819 132176871118528 coll_end 0 0
1585985003567776 132176862725824 emit_beg 244 0
1585985041349946 132176862725824 emit_end 244 0
1585985138961050 132176871118528 drain_beg 0 0
1585985138969590 132176871118528 drain_end 1 0
1585985138971150 132176871118528 subm_beg 1 0
1585985155202397 132176871118528 subm_end 1 0
1585985155204187 132176871118528 pump_beg 1 0
1585985166865851 132176871118528 pump_end 1 2
1585985166867201 132176871118528 join_beg 1 0
1585985166868421 132176871118528 join_end 0 0
1585985175364731 132176871118528 coll_beg 0 0
1585985178836114 132176871118528 coll_end 0 0
1585985183135907 132176862725824 emit_beg 245 0
1585985214622537 132176862725824 emit_end 245 0
1585985218848262 132176871118528 drain_beg 0 0
1585985218849772 132176871118528 drain_end 1 0
1585985218850842 132176871118528 subm_beg 1 0
1585985222286767 132176871118528 subm_end 1 0
1585985222287477 132176871118528 pump_beg 1 0
1585985233478398 132176871118528 pump_end 1 2
1585985233480268 132176871118528 join_beg 1 0
1585985233481068 132176871118528 join_end 0 0
1585985249141046 132176871118528 coll_beg 0 0
1585985252402757 132176871118528 coll_end 0 0
1585985274470231 132176862725824 emit_beg 246 0
1585985305618893 132176862725824 emit_end 246 0
1585985389572647 132176871118528 drain_beg 0 0
1585985389578037 132176871118528 drain_end 1 0
1585985389579536 132176871118528 subm_beg 1 0
1585985415595736 132176871118528 subm_end 1 0
1585985415598236 132176871118528 pump_beg 1 0
1585985428668779 132176871118528 pump_end 1 2
1585985428671859 132176871118528 join_beg 1 0
1585985428673489 132176871118528 join_end 0 0
1585985434629261 132176871118528 coll_beg 0 0
1585985438850637 132176871118528 coll_end 0 0
1585985450501131 132176871118528 drain_beg 0 0
1585985450504321 132176871118528 drain_end 1 0
1585985450505411 132176871118528 subm_beg 1 0
1585985450521030 132176862725824 emit_beg 247 0
1585985458876465 132176871118528 subm_end 1 0
1585985458877765 132176871118528 pump_beg 1 0
1585985469039454 132176871118528 pump_end 1 2
1585985469041604 132176871118528 join_beg 1 0
1585985479058448 132176862725824 emit_end 247 0
1585985479083457 132176871118528 join_end 0 0
1585985489544505 132176871118528 coll_beg 0 0
1585985491902939 132176871118528 coll_end 0 0
1585985506205897 132176862725824 emit_beg 248 0
1585985544320284 132176862725824 emit_end 248 0
1585985634219831 132176871118528 drain_beg 0 0
1585985634239110 132176871118528 drain_end 1 0
1585985634240820 132176871118528 subm_beg 1 0
1585985653339572 132176871118528 subm_end 1 0
1585985653340912 132176871118528 pump_beg 1 0
1585985664274613 132176871118528 pump_end 1 2
1585985664278523 132176871118528 join_beg 1 0
1585985664280623 132176871118528 join_end 0 0
1585985680378585 132176871118528 coll_beg 0 0
1585985682892943 132176871118528 coll_end 0 0
1585985691690852 132176871118528 drain_beg 0 0
1585985691691882 132176871118528 drain_end 1 0
1585985691692691 132176871118528 subm_beg 1 0
1585985691699521 132176862725824 emit_beg 249 0
1585985705082732 132176871118528 subm_end 1 0
1585985705083062 132176871118528 pump_beg 1 0
1585985714788078 132176871118528 pump_end 1 2
1585985714789098 132176871118528 join_beg 1 0
1585985722352052 132176862725824 emit_end 249 0
1585985722378511 132176871118528 join_end 0 0
1585985753036821 132176871118528 coll_beg 0 0
1585985755245920 132176871118528 coll_end 0 0
1585985779519684 132176862725824 emit_beg 250 0
1585985832132692 132176862725824 emit_end 250 0
1585985923870661 132176871118528 drain_beg 0 0
1585985923875291 132176871118528 drain_end 1 0
1585985923876811 132176871118528 subm_beg 1 0
1585985948611117 132176871118528 subm_end 1 0
1585985948623107 132176871118528 pump_beg 1 0
1585985960240223 132176871118528 pump_end 1 2
1585985960241723 132176871118528 join_beg 1 0
1585985960242763 132176871118528 join_end 0 0
1585985969670588 132176871118528 coll_beg 0 0
1585985972492905 132176871118528 coll_end 0 0
1585985981326093 132176871118528 drain_beg 0 0
1585985981327582 132176871118528 drain_end 1 0
1585985981328162 132176871118528 subm_beg 1 0
1585985981332312 132176862725824 emit_beg 251 0
1585985984920111 132176871118528 subm_end 1 0
1585985984920551 132176871118528 pump_beg 1 0
1585985997804661 132176871118528 pump_end 1 2
1585985997808130 132176871118528 join_beg 1 0
1585986008369565 132176862725824 emit_end 251 0
1585986008399844 132176871118528 join_end 0 0
1585986030874733 132176871118528 coll_beg 0 0
1585986035456485 132176871118528 coll_end 0 0
1585986041388419 132176862725824 emit_beg 252 0
1585986071413202 132176862725824 emit_end 252 0
1585986152852007 132176871118528 drain_beg 0 0
1585986152855367 132176871118528 drain_end 1 0
1585986152856447 132176871118528 subm_beg 1 0
1585986174596543 132176871118528 subm_end 1 0
1585986174598613 132176871118528 pump_beg 1 0
1585986184146624 132176871118528 pump_end 1 2
1585986184148644 132176871118528 join_beg 1 0
1585986184149564 132176871118528 join_end 0 0
1585986200189178 132176871118528 coll_beg 0 0
1585986201742412 132176871118528 coll_end 0 0
1585986205569752 132176871118528 drain_beg 0 0
1585986205571742 132176871118528 drain_end 1 0
1585986205572722 132176871118528 subm_beg 1 0
1585986205590161 132176862725824 emit_beg 253 0
1585986215053245 132176871118528 subm_end 1 0
1585986215054985 132176871118528 pump_beg 1 0
1585986226667131 132176871118528 pump_end 1 2
1585986226667931 132176871118528 join_beg 1 0
1585986244600716 132176862725824 emit_end 253 0
1585986244632645 132176871118528 join_end 0 0
1585986254110359 132176871118528 coll_beg 0 0
1585986258497289 132176871118528 coll_end 0 0
1585986277361500 132176862725824 emit_beg 254 0
1585986309856703 132176862725824 emit_end 254 0
1585986379521148 132176871118528 drain_beg 0 0
1585986379522798 132176871118528 drain_end 1 0
1585986379523768 132176871118528 subm_beg 1 0
1585986405678513 132176871118528 subm_end 1 0
1585986405679883 132176871118528 pump_beg 1 0
1585986417375655 132176871118528 pump_end 1 2
1585986417376775 132176871118528 join_beg 1 0
1585986417377335 132176871118528 join_end 0 0
1585986438452616 132176871118528 coll_beg 0 0
1585986442304435 132176871118528 coll_end 0 0
1585986458028271 132176871118528 drain_beg 0 0
1585986458030001 132176871118528 drain_end 1 0
1585986458030511 132176871118528 subm_beg 1 0
1585986458052100 132176862725824 emit_beg 255 0
1585986461742295 132176871118528 subm_end 1 0
1585986461742815 132176871118528 pump_beg 1 0
1585986472938796 132176871118528 pump_end 1 2
1585986472940036 132176871118528 join_beg 1 0
1585986506851007 132176862725824 emit_end 255 0
1585986506887366 132176871118528 join_end 0 0
1585986522990688 132176871118528 coll_beg 0 0
1585986526754950 132176871118528 coll_end 0 0
1585986544859719 132176871118528 drain_beg 0 0
1585986544870849 132176871118528 drain_end 1 0
1585986544872379 132176871118528 subm_beg 1 0
1585986544897408 132176862725824 emit_beg 256 0
1585986568189947 132176871118528 subm_end 1 0
1585986568200756 132176871118528 pump_beg 1 0
1585986579726915 132176871118528 pump_end 1 2
1585986579734445 132176871118528 join_beg 1 0
1585986590829960 132176862725824 emit_end 256 0
1585986590863989 132176871118528 join_end 0 0
1585986598480891 132176871118528 coll_beg 0 0
1585986603265296 132176871118528 coll_end 0 0
1585986625614300 132176862725824 emit_beg 257 0
1585986649891093 132176862725824 emit_end 257 0
1585986722436723 132176871118528 drain_beg 0 0
1585986722442483 132176871118528 drain_end 1 0
1585986722444123 132176871118528 subm_beg 1 0
1585986740884069 132176871118528 subm_end 1 0
1585986740887439 132176871118528 pump_beg 1 0
1585986752780005 132176871118528 pump_end 1 2
1585986752790504 132176871118528 join_beg 1 0
1585986752794054 132176871118528 join_end 0 0
1585986773093853 132176871118528 coll_beg 0 0
1585986775795084 132176871118528 coll_end 0 0
1585986795364809 132176862725824 emit_beg 258 0
1585986835406637 132176862725824 emit_end 258 0
1585986886081646 132176871118528 drain_beg 0 0
1585986886085915 132176871118528 drain_end 1 0
1585986886087405 132176871118528 subm_beg 1 0
1585986912043867 132176871118528 subm_end 1 0
1585986912046267 132176871118528 pump_beg 1 0
1585986923970972 132176871118528 pump_end 1 2
1585986923975762 132176871118528 join_beg 1 0
1585986923977282 132176871118528 join_end 0 0
1585986940823456 132176871118528 coll_beg 0 0
1585986944690075 132176871118528 coll_end 0 0
1585986954598733 132176871118528 drain_beg 0 0
1585986954600993 132176871118528 drain_end 1 0
1585986954601833 132176871118528 subm_beg 1 0
1585986954603463 132176862725824 emit_beg 259 0
1585986970058768 132176871118528 subm_end 1 0
1585986970059258 132176871118528 pump_beg 1 0
1585986982035001 132176871118528 pump_end 1 2
1585986982038011 132176871118528 join_beg 1 0
1585986990932706 132176862725824 emit_end 259 0
1585986990944465 132176871118528 join_end 0 0
1585987009635233 132176871118528 coll_beg 0 0
1585987013465173 132176871118528 coll_end 0 0
1585987017162088 132176862725824 emit_beg 260 0
1585987047929014 132176862725824 emit_end 260 0
1585987137731924 132176871118528 drain_beg 0 0
1585987137737984 132176871118528 drain_end 1 0
1585987137739464 132176871118528 subm_beg 1 0
1585987146247493 132176871118528 subm_end 1 0
1585987146249363 132176871118528 pump_beg 1 0
1585987158223005 132176871118528 pump_end 1 2
1585987158224415 132176871118528 join_beg 1 0
1585987158226125 132176871118528 join_end 0 0
1585987187598823 132176871118528 coll_beg 0 0
1585987191741081 132176871118528 coll_end 0 0
1585987230376250 132176871118528 drain_beg 0 0
1585987230378550 132176871118528 drain_end 1 0
1585987230379420 132176871118528 subm_beg 1 0
1585987230385720 132176862725824 emit_beg 261 0
1585987234197470 132176871118528 subm_end 1 0
1585987234199100 132176871118528 pump_beg 1 0
1585987246314358 132176871118528 pump_end 1 2
1585987246315538 132176871118528 join_beg 1 0
1585987251843656 132176862725824 emit_end 261 0
1585987251870415 132176871118528 join_end 0 0
1585987255866999 132176871118528 coll_beg 0 0
1585987259988028 132176871118528 coll_end 0 0
1585987277590396 132176862725824 emit_beg 262 0
1585987295405395 132176862725824 emit_end 262 0
1585987394109600 132176871118528 drain_beg 0 0
1585987394112980 132176871118528 drain_end 1 0
1585987394113940 132176871118528 subm_beg 1 0
1585987404712792 132176871118528 subm_end 1 0
1585987404713912 132176871118528 pump_beg 1 0
1585987416851829 132176871118528 pump_end 1 2
1585987416853549 132176871118528 join_beg 1 0
1585987416854559 132176871118528 join_end 0 0
1585987430892746 132176871118528 coll_beg 0 0
1585987434654819 132176871118528 coll_end 0 0
1585987456515340 132176871118528 drain_beg 0 0
1585987456518810 132176871118528 drain_end 1 0
1585987456519780 132176871118528 subm_beg 1 0
1585987456536180 132176862725824 emit_beg 263 0
1585987479856148 132176871118528 subm_end 1 0
1585987479857818 132176871118528 pump_beg 1 0
1585987491443814 132176871118528 pump_end 1 2
1585987491444814 132176871118528 join_beg 1 0
1585987491952306 132176862725824 emit_end 263 0
1585987491958926 132176871118528 join_end 0 0
1585987494780423 132176871118528 coll_beg 0 0
1585987498035004 132176871118528 coll_end 0 0
1585987500586351 132176862725824 emit_beg 264 0
1585987517950986 132176862725824 emit_end 264 0
1585987586266831 132176871118528 drain_beg 0 0
1585987586269331 132176871118528 drain_end 1 0
1585987586270321 132176871118528 subm_beg 1 0
1585987645097982 132176871118528 subm_end 1 0
1585987645101892 132176871118528 pump_beg 1 0
1585987653724137 132176871118528 pump_end 1 2
1585987653725347 132176871118528 join_beg 1 0
1585987653726917 132176871118528 join_end 0 0
1585987658619168 132176871118528 coll_beg 0 0
1585987659368361 132176871118528 coll_end 0 0
1585987691302934 132176871118528 drain_beg 0 0
1585987691314854 132176871118528 drain_end 1 0
1585987691316534 132176871118528 subm_beg 1 0
1585987691342253 132176862725824 emit_beg 265 0
1585987716688527 132176871118528 subm_end 1 0
1585987716693677 132176871118528 pump_beg 1 0
1585987729544228 132176871118528 pump_end 1 2
1585987729545848 132176871118528 join_beg 1 0
1585987738642365 132176862725824 emit_end 265 0
1585987738674374 132176871118528 join_end 0 0
1585987749529118 132176871118528 coll_beg 0 0
1585987753792562 132176871118528 coll_end 0 0
1585987768947569 132176862725824 emit_beg 266 0
1585987798764439 132176862725824 emit_end 266 0
1585987873256709 132176871118528 drain_beg 0 0
1585987873266818 132176871118528 drain_end 1 0
1585987873267818 132176871118528 subm_beg 1 0
1585987883379539 132176871118528 subm_end 1 0
1585987883380559 132176871118528 pump_beg 1 0
1585987894393856 132176871118528 pump_end 1 2
1585987894394756 132176871118528 join_beg 1 0
1585987894395566 132176871118528 join_end 0 0
1585987912571133 132176871118528 coll_beg 0 0
1585987914663906 132176871118528 coll_end 0 0
1585987926593650 132176871118528 drain_beg 0 0
1585987926594260 132176871118528 drain_end 1 0
1585987926594660 132176871118528 subm_beg 1 0
1585987926615820 132176862725824 emit_beg 267 0
1585987930563615 132176871118528 subm_end 1 0
1585987930564035 132176871118528 pump_beg 1 0
1585987942346415 132176871118528 pump_end 1 2
1585987942347265 132176871118528 join_beg 1 0
1585987951057287 132176862725824 emit_end 267 0
1585987951069436 132176871118528 join_end 0 0
1585987962005467 132176871118528 coll_beg 0 0
1585987965501619 132176871118528 coll_end 0 0
1585987978648899 132176862725824 emit_beg 268 0
1585988021503874 132176862725824 emit_end 268 0
1585988107835320 132176871118528 drain_beg 0 0
1585988107839340 132176871118528 drain_end 1 0
1585988107840420 132176871118528 subm_beg 1 0
1585988130295480 132176871118528 subm_end 1 0
1585988130297610 132176871118528 pump_beg 1 0
1585988141086346 132176871118528 pump_end 1 2
1585988141087686 132176871118528 join_beg 1 0
1585988141088586 132176871118528 join_end 0 0
1585988145998216 132176871118528 coll_beg 0 0
1585988148339541 132176871118528 coll_end 0 0
1585988164801230 132176871118528 drain_beg 0 0
1585988164802540 132176871118528 drain_end 1 0
1585988164803020 132176871118528 subm_beg 1 0
1585988164823099 132176862725824 emit_beg 269 0
1585988184234940 132176871118528 subm_end 1 0
1585988184235560 132176871118528 pump_beg 1 0
1585988196782072 132176871118528 pump_end 1 2
1585988196782542 132176871118528 join_beg 1 0
1585988207374385 132176862725824 emit_end 269 0
1585988207382334 132176871118528 join_end 0 0
1585988221934623 132176871118528 coll_beg 0 0
1585988226305723 132176871118528 coll_end 0 0
1585988235825565 132176862725824 emit_beg 270 0
1585988324166849 132176862725824 emit_end 270 0
1585988414844327 132176871118528 drain_beg 0 0
1585988414846887 132176871118528 drain_end 1 0
1585988414847877 132176871118528 subm_beg 1 0
1585988440446832 132176871118528 subm_end 1 0
1585988440449361 132176871118528 pump_beg 1 0
1585988451437440 132176871118528 pump_end 1 2
1585988451448540 132176871118528 join_beg 1 0
1585988451451230 132176871118528 join_end 0 0
1585988461139256 132176871118528 coll_beg 0 0
1585988464116577 132176871118528 coll_end 0 0
1585988469199051 132176871118528 drain_beg 0 0
1585988469201791 132176871118528 drain_end 1 0
1585988469203131 132176871118528 subm_beg 1 0
1585988469219261 132176862725824 emit_beg 271 0
1585988480781168 132176871118528 subm_end 1 0
1585988480783018 132176871118528 pump_beg 1 0
1585988492836838 132176871118528 pump_end 1 2
1585988492838308 132176871118528 join_beg 1 0
1585988497099452 132176862725824 emit_end 271 0
1585988497128881 132176871118528 join_end 0 0
1585988518578518 132176871118528 coll_beg 0 0
1585988524920776 132176871118528 coll_end 0 0
1585988539395377 132176862725824 emit_beg 272 0
1585988567610537 132176862725824 emit_end 272 0
1585988643828343 132176871118528 drain_beg 0 0
1585988643831773 132176871118528 drain_end 1 0
1585988643832893 132176871118528 subm_beg 1 0
1585988656306887 132176871118528 subm_end 1 0
1585988656308727 132176871118528 pump_beg 1 0
1585988669561633 132176871118528 pump_end 1 2
1585988669563993 132176871118528 join_beg 1 0
1585988669564973 132176871118528 join_end 0 0
1585988682457682 132176871118528 coll_beg 0 0
1585988688478162 132176871118528 coll_end 0 0
1585988699773529 132176871118528 drain_beg 0 0
1585988699780269 132176871118528 drain_end 1 0
1585988699781839 132176871118528 subm_beg 1 0
1585988699787269 132176862725824 emit_beg 273 0
1585988709963597 132176871118528 subm_end 1 0
1585988709966437 132176871118528 pump_beg 1 0
1585988721664950 132176871118528 pump_end 1 2
1585988721676689 132176871118528 join_beg 1 0
1585988733151960 132176862725824 emit_end 273 0
1585988733165980 132176871118528 join_end 0 0
1585988749230693 132176871118528 coll_beg 0 0
1585988752385448 132176871118528 coll_end 0 0
1585988767673549 132176862725824 emit_beg 274 0
1585988794776619 132176862725824 emit_end 274 0
1585988870174715 132176871118528 drain_beg 0 0
1585988870178865 132176871118528 drain_end 1 0
1585988870180205 132176871118528 subm_beg 1 0
1585988889210030 132176871118528 subm_end 1 0
1585988889211770 132176871118528 pump_beg 1 0
1585988897662511 132176871118528 pump_end 1 2
1585988897663711 132176871118528 join_beg 1 0
1585988897664821 132176871118528 join_end 0 0
1585988910057149 132176871118528 coll_beg 0 0
1585988910581980 132176871118528 coll_end 0 0
1585988932573866 132176871118528 drain_beg 0 0
1585988932577386 132176871118528 drain_end 1 0
1585988932578386 132176871118528 subm_beg 1 0
1585988932579226 132176862725824 emit_beg 275 0
1585988941236120 132176871118528 subm_end 1 0
1585988941236840 132176871118528 pump_beg 1 0
1585988951416498 132176871118528 pump_end 1 2
1585988951417918 132176871118528 join_beg 1 0
1585988965621129 132176862725824 emit_end 275 0
1585988965652198 132176871118528 join_end 0 0
1585988986000425 132176871118528 coll_beg 0 0
1585988988723315 132176871118528 coll_end 0 0
1585988999572369 132176862725824 emit_beg 276 0
1585989027503909 132176862725824 emit_end 276 0
1585989105743941 132176871118528 drain_beg 0 0
1585989105747251 132176871118528 drain_end 1 0
1585989105748321 132176871118528 subm_beg 1 0
1585989136934572 132176871118528 subm_end 1 0
1585989136936362 132176871118528 pump_beg 1 0
1585989148961772 132176871118528 pump_end 1 2
1585989148964542 132176871118528 join_beg 1 0
1585989148965622 132176871118528 join_end 0 0
1585989157931435 132176871118528 coll_beg 0 0
1585989160895407 132176871118528 coll_end 0 0
1585989170156398 132176871118528 drain_beg 0 0
1585989170157138 132176871118528 drain_end 1 0
1585989170157638 132176871118528 subm_beg 1 0
1585989170179408 132176862725824 emit_beg 277 0
1585989178052040 132176871118528 subm_end 1 0
1585989178052290 132176871118528 pump_beg 1 0
1585989190256734 132176871118528 pump_end 1 2
1585989190257574 132176871118528 join_beg 1 0
1585989219081821 132176862725824 emit_end 277 0
1585989219115040 132176871118528 join_end 0 0
1585989231851955 132176871118528 coll_beg 0 0
1585989235610248 132176871118528 coll_end 0 0
1585989245495297 132176871118528 drain_beg 0 0
1585989245496487 132176871118528 drain_end 1 0
1585989245497057 132176871118528 subm_beg 1 0
1585989245507366 132176862725824 emit_beg 278 0
1585989263895324 132176871118528 subm_end 1 0
1585989263896374 132176871118528 pump_beg 1 0
1585989273375198 132176871118528 pump_end 1 2
1585989273375708 132176871118528 join_beg 1 0
1585989289309356 132176862725824 emit_end 278 0
1585989289368534 132176871118528 join_end 0 0
1585989314824104 132176871118528 coll_beg 0 0
1585989316621919 132176871118528 coll_end 0 0
1585989330495972 132176862725824 emit_beg 279 0
1585989362932387 132176862725824 emit_end 279 0
1585989435306994 132176871118528 drain_beg 0 0
1585989435312903 132176871118528 drain_end 1 0
1585989435314623 132176871118528 subm_beg 1 0
1585989464918652 132176871118528 subm_end 1 0
1585989464922932 132176871118528 pump_beg 1 0
1585989474908707 132176871118528 pump_end 1 2
1585989474919817 132176871118528 join_beg 1 0
1585989474922347 132176871118528 join_end 0 0
1585989487194478 132176871118528 coll_beg 0 0
1585989488787710 132176871118528 coll_end 0 0
1585989507961120 132176862725824 emit_beg 280 0
1585989516340354 132176871118528 drain_beg 0 0
1585989516343704 132176871118528 drain_end 1 0
1585989516345134 132176871118528 subm_beg 1 0
1585989542099363 132176871118528 subm_end 1 0
1585989542104263 132176871118528 pump_beg 1 0
1585989552321330 132176871118528 pump_end 1 2
1585989552334389 132176871118528 join_beg 1 0
1585989553326183 132176862725824 emit_end 280 0
1585989553346532 132176871118528 join_end 0 0
1585989569827340 132176871118528 coll_beg 0 0
1585989572769113 132176871118528 coll_end 0 0
1585989583118795 132176862725824 emit_beg 281 0
1585989641389576 132176862725824 emit_end 281 0
1585989702710927 132176871118528 drain_beg 0 0
1585989702713186 132176871118528 drain_end 1 0
1585989702713916 132176871118528 subm_beg 1 0
1585989721453442 132176871118528 subm_end 1 0
1585989721455122 132176871118528 pump_beg 1 0
1585989735728190 132176871118528 pump_end 1 2
1585989735741210 132176871118528 join_beg 1 0
1585989735743920 132176871118528 join_end 0 0
1585989754742006 132176871118528 coll_beg 0 0
1585989761141652 132176871118528 coll_end 0 0
1585989765545851 132176871118528 drain_beg 0 0
1585989765557641 132176871118528 drain_end 1 0
1585989765559181 132176871118528 subm_beg 1 0
1585989765580920 132176862725824 emit_beg 282 0
1585989772471028 132176871118528 subm_end 1 0
1585989772482458 132176871118528 pump_beg 1 0
1585989784970652 132176871118528 pump_end 1 2
1585989784972562 132176871118528 join_beg 1 0
1585989801946072 132176862725824 emit_end 282 0
1585989801976441 132176871118528 join_end 0 0
1585989810565357 132176871118528 coll_beg 0 0
1585989814279621 132176871118528 coll_end 0 0
1585989830309476 132176862725824 emit_beg 283 0
1585989864891463 132176862725824 emit_end 283 0
1585989937502970 132176871118528 drain_beg 0 0
1585989937505470 132176871118528 drain_end 1 0
1585989937506470 132176871118528 subm_beg 1 0
1585989954392964 132176871118528 subm_end 1 0
1585989954393653 132176871118528 pump_beg 1 0
1585989964359390 132176871118528 pump_end 1 2
1585989964371099 132176871118528 join_beg 1 0
1585989964373799 132176871118528 join_end 0 0
1585989990298272 132176871118528 coll_beg 0 0
1585989992255071 132176871118528 coll_end 0 0
1585989998167675 132176871118528 drain_beg 0 0
1585989998169995 132176871118528 drain_end 1 0
1585989998171485 132176871118528 subm_beg 1 0
1585989998204713 132176862725824 emit_beg 284 0
1585990008771457 132176871118528 subm_end 1 0
1585990008772547 132176871118528 pump_beg 1 0
1585990022362991 132176871118528 pump_end 1 2
1585990022364741 132176871118528 join_beg 1 0
1585990039671009 132176862725824 emit_end 284 0
1585990039730827 132176871118528 join_end 0 0
1585990055110385 132176871118528 coll_beg 0 0
1585990060015146 132176871118528 coll_end 0 0
1585990077658961 132176862725824 emit_beg 285 0
1585990118412663 132176862725824 emit_end 285 0
1585990194600190 132176871118528 drain_beg 0 0
1585990194605360 132176871118528 drain_end 1 0
1585990194606900 132176871118528 subm_beg 1 0
1585990215703519 132176871118528 subm_end 1 0
1585990215705589 132176871118528 pump_beg 1 0
1585990227595595 132176871118528 pump_end 1 2
1585990227598415 132176871118528 join_beg 1 0
1585990227599965 132176871118528 join_end 0 0
1585990239212610 132176871118528 coll_beg 0 0
1585990242394354 132176871118528 coll_end 0 0
1585990258426519 132176871118528 drain_beg 0 0
1585990258437248 132176871118528 drain_end 1 0
1585990258439048 132176871118528 subm_beg 1 0
1585990258462457 132176862725824 emit_beg 286 0
1585990266497494 132176871118528 subm_end 1 0
1585990266502364 132176871118528 pump_beg 1 0
1585990279347464 132176871118528 pump_end 1 2
1585990279350174 132176871118528 join_beg 1 0
1585990285909405 132176862725824 emit_end 286 0
1585990285959393 132176871118528 join_end 0 0
1585990308497190 132176871118528 coll_beg 0 0
1585990312092838 132176871118528 coll_end 0 0
1585990328492239 132176862725824 emit_beg 287 0
1585990360102985 132176862725824 emit_end 287 0
1585990425611892 132176871118528 drain_beg 0 0
1585990425617352 132176871118528 drain_end 1 0
1585990425618652 132176871118528 subm_beg 1 0
1585990439351180 132176871118528 subm_end 1 0
1585990439353290 132176871118528 pump_beg 1 0
1585990449848397 132176871118528 pump_end 1 2
1585990449850967 132176871118528 join_beg 1 0
1585990449852637 132176871118528 join_end 0 0
1585990466448970 132176871118528 coll_beg 0 0
1585990469589346 132176871118528 coll_end 0 0
1585990481316637 132176871118528 drain_beg 0 0
1585990481318407 132176871118528 drain_end 1 0
1585990481319327 132176871118528 subm_beg 1 0
1585990481339227 132176862725824 emit_beg 288 0
1585990488452117 132176871118528 subm_end 1 0
1585990488452597 132176871118528 pump_beg 1 0
1585990499134737 132176871118528 pump_end 1 2
1585990499146556 132176871118528 join_beg 1 0
1585990515688572 132176862725824 emit_end 288 0
1585990515755879 132176871118528 join_end 0 0
1585990519732004 132176871118528 coll_beg 0 0
1585990522635738 132176871118528 coll_end 0 0
1585990531437997 132176862725824 emit_beg 289 0
1585990567187981 132176862725824 emit_end 289 0
1585990665976782 132176871118528 drain_beg 0 0
1585990665982942 132176871118528 drain_end 1 0
1585990665984372 132176871118528 subm_beg 1 0
1585990684144829 132176871118528 subm_end 1 0
1585990684147579 132176871118528 pump_beg 1 0
1585990697406265 132176871118528 pump_end 1 2
1585990697408844 132176871118528 join_beg 1 0
1585990697411184 132176871118528 join_end 0 0
1585990718511254 132176871118528 coll_beg 0 0
1585990722778118 132176871118528 coll_end 0 0
1585990738423406 132176871118528 drain_beg 0 0
1585990738427306 132176871118528 drain_end 1 0
1585990738428836 132176871118528 subm_beg 1 0
1585990738758854 132176862725824 emit_beg 290 0
1585990742393311 132176871118528 subm_end 1 0
1585990742394981 132176871118528 pump_beg 1 0
1585990753586963 132176871118528 pump_end 1 2
1585990753598802 132176871118528 join_beg 1 0
1585990766241800 132176862725824 emit_end 290 0
1585990766253120 132176871118528 join_end 0 0
1585990770284613 132176871118528 coll_beg 0 0
1585990772599288 132176871118528 coll_end 0 0
1585990784921358 132176862725824 emit_beg 291 0
1585990827683926 132176862725824 emit_end 291 0
1585990907429783 132176871118528 drain_beg 0 0
1585990907435753 132176871118528 drain_end 1 0
1585990907437343 132176871118528 subm_beg 1 0
1585990926896252 132176871118528 subm_end 1 0
1585990926898252 132176871118528 pump_beg 1 0
1585990940621831 132176871118528 pump_end 1 2
1585990940623941 132176871118528 join_beg 1 0
1585990940625901 132176871118528 join_end 0 0
1585990965044359 132176871118528 coll_beg 0 0
1585990970052666 132176871118528 coll_end 0 0
1585991000627589 132176871118528 drain_beg 0 0
1585991000633439 132176871118528 drain_end 1 0
1585991000635179 132176871118528 subm_beg 1 0
1585991000644599 132176862725824 emit_beg 292 0
1585991025772501 132176871118528 subm_end 1 0
1585991025773201 132176871118528 pump_beg 1 0
1585991038158578 132176871118528 pump_end 1 2
1585991038167868 132176871118528 join_beg 1 0
1585991043964646 132176862725824 emit_end 292 0
1585991044319293 132176871118528 join_end 0 0
1585991062007757 132176871118528 coll_beg 0 0
1585991065496510 132176871118528 coll_end 0 0
1585991072482265 132176871118528 drain_beg 0 0
1585991072488945 132176871118528 drain_end 1 0
1585991072490744 132176871118528 subm_beg 1 0
1585991072495294 132176862725824 emit_beg 293 0
1585991089590140 132176871118528 subm_end 1 0
1585991089602229 132176871118528 pump_beg 1 0
1585991102301416 132176871118528 pump_end 1 2
1585991102304215 132176871118528 join_beg 1 0
1585991117438563 132176862725824 emit_end 293 0
1585991117467082 132176871118528 join_end 0 0
1585991137501430 132176871118528 coll_beg 0 0
1585991142431790 132176871118528 coll_end 0 0
1585991152140995 132176862725824 emit_beg 294 0
1585991180926984 132176862725824 emit_end 294 0
1585991259479084 132176871118528 drain_beg 0 0
1585991259484454 132176871118528 drain_end 1 0
1585991259485924 132176871118528 subm_beg 1 0
1585991280007485 132176871118528 subm_end 1 0
1585991280015284 132176871118528 pump_beg 1 0
1585991293732103 132176871118528 pump_end 1 2
1585991293745573 132176871118528 join_beg 1 0
1585991293749243 132176871118528 join_end 0 0
1585991313402495 132176871118528 coll_beg 0 0
1585991319270461 132176871118528 coll_end 0 0
1585991335336634 132176871118528 drain_beg 0 0
1585991335348083 132176871118528 drain_end 1 0
1585991335349563 132176871118528 subm_beg 1 0
1585991335352233 132176862725824 emit_beg 295 0
1585991343772706 132176871118528 subm_end 1 0
1585991343784165 132176871118528 pump_beg 1 0
1585991356069727 132176871118528 pump_end 1 2
1585991356087336 132176871118528 join_beg 1 0
1585991374222773 132176862725824 emit_end 295 0
1585991374314900 132176871118528 join_end 0 0
1585991382085256 132176871118528 coll_beg 0 0
1585991385989894 132176871118528 coll_end 0 0
1585991399410423 132176862725824 emit_beg 296 0
1585991422827448 132176862725824 emit_end 296 0
1585991528566446 132176871118528 drain_beg 0 0
1585991528577246 132176871118528 drain_end 1 0
1585991528579115 132176871118528 subm_beg 1 0
1585991545656922 132176871118528 subm_end 1 0
1585991545662012 132176871118528 pump_beg 1 0
1585991555757913 132176871118528 pump_end 1 2
1585991555760033 132176871118528 join_beg 1 0
1585991555761733 132176871118528 join_end 0 0
1585991564790263 132176871118528 coll_beg 0 0
1585991567568071 132176871118528 coll_end 0 0
1585991585380881 132176871118528 drain_beg 0 0
1585991585392360 132176871118528 drain_end 1 0
1585991585393940 132176871118528 subm_beg 1 0
1585991585397830 132176862725824 emit_beg 297 0
1585991593602450 132176871118528 subm_end 1 0
1585991593613610 132176871118528 pump_beg 1 0
1585991605807195 132176871118528 pump_end 1 2
1585991605820374 132176871118528 join_beg 1 0
1585991615076476 132176862725824 emit_end 297 0
1585991615680864 132176871118528 join_end 0 0
1585991646970701 132176871118528 coll_beg 0 0
1585991650512362 132176871118528 coll_end 0 0
1585991658091615 132176862725824 emit_beg 298 0
1585991688484535 132176862725824 emit_end 298 0
1585991789309292 132176871118528 drain_beg 0 0
1585991789314692 132176871118528 drain_end 1 0
1585991789316212 132176871118528 subm_beg 1 0
1585991809653849 132176871118528 subm_end 1 0
1585991809655739 132176871118528 pump_beg 1 0
1585991822071625 132176871118528 pump_end 1 2
1585991822073615 132176871118528 join_beg 1 0
1585991822075185 132176871118528 join_end 0 0
1585991831416124 132176871118528 coll_beg 0 0
1585991836014926 132176871118528 coll_end 0 0
1585991840104987 132176871118528 drain_beg 0 0
1585991840105907 132176871118528 drain_end 1 0
1585991840106647 132176871118528 subm_beg 1 0
1585991840119036 132176862725824 emit_beg 299 0
1585991850343803 132176871118528 subm_end 1 0
1585991850344463 132176871118528 pump_beg 1 0
1585991859616164 132176871118528 pump_end 1 2
1585991859616784 132176871118528 join_beg 1 0
1585991902028165 132176862725824 emit_end 299 0
1585991902061034 132176871118528 join_end 0 0
1585991913903241 132176871118528 coll_beg 0 0
1585991915165405 132176871118528 coll_end 0 0
1585991926170723 132176871118528 drain_beg 0 0
1585991926171183 132176862725824 emit_beg 300 0
1585991926171593 132176871118528 drain_end 1 0
1585991926174073 132176871118528 subm_beg 1 0
1585991937488220 132176871118528 subm_end 1 0
1585991937488910 132176871118528 pump_beg 1 0
1585991948492688 132176871118528 pump_end 1 2
1585991948493478 132176871118528 join_beg 1 0
1585991967951877 132176862725824 emit_end 300 0
1585991968516636 132176871118528 join_end 0 0
1585991982290493 132176871118528 coll_beg 0 0
1585991985201987 132176871118528 coll_end 0 0
1585992004049529 132176862725824 emit_beg 301 0
1585992018398284 132176862725824 emit_end 301 0
1585992152704329 132176871118528 drain_beg 0 0
1585992152715068 132176871118528 drain_end 1 0
1585992152716818 132176871118528 subm_beg 1 0
1585992171324539 132176871118528 subm_end 1 0
1585992171335558 132176871118528 pump_beg 1 0
1585992182752081 132176871118528 pump_end 1 2
1585992182758581 132176871118528 join_beg 1 0
1585992182760451 132176871118528 join_end 0 0
1585992192591902 132176871118528 coll_beg 0 0
1585992194835400 132176871118528 coll_end 0 0
1585992207303285 132176862725824 emit_beg 302 0
1585992215323062 132176871118528 drain_beg 0 0
1585992215333471 132176871118528 drain_end 1 0
1585992215335091 132176871118528 subm_beg 1 0
1585992253864234 132176871118528 subm_end 1 0
1585992253874863 132176871118528 pump_beg 1 0
1585992258154587 132176862725824 emit_end 302 0
1585992266864509 132176871118528 pump_end 1 2
1585992266875329 132176871118528 join_beg 1 0
1585992266877509 132176871118528 join_end 0 0
1585992276434180 132176871118528 coll_beg 0 0
1585992281285932 132176871118528 coll_end 0 0
1585992289260281 132176862725824 emit_beg 303 0
1585992320833368 132176862725824 emit_end 303 0
1585992420506037 132176871118528 drain_beg 0 0
1585992420517547 132176871118528 drain_end 1 0
1585992420519357 132176871118528 subm_beg 1 0
1585992429774249 132176871118528 subm_end 1 0
1585992429779079 132176871118528 pump_beg 1 0
1585992440262926 132176871118528 pump_end 1 2
1585992440263655 132176871118528 join_beg 1 0
1585992440264805 132176871118528 join_end 0 0
1585992455541797 132176871118528 coll_beg 0 0
1585992458491350 132176871118528 coll_end 0 0
1585992468154517 132176871118528 drain_beg 0 0
1585992468155327 132176871118528 drain_end 1 0
1585992468155657 132176871118528 subm_beg 1 0
1585992468168756 132176862725824 emit_beg 304 0
1585992472290526 132176871118528 subm_end 1 0
1585992472290936 132176871118528 pump_beg 1 0
1585992485702236 132176871118528 pump_end 1 2
1585992485703646 132176871118528 join_beg 1 0
1585992512482988 132176862725824 emit_end 304 0
1585992512547985 132176871118528 join_end 0 0
1585992532567544 132176871118528 coll_beg 0 0
1585992538025735 132176871118528 coll_end 0 0
1585992554867280 132176871118528 drain_beg 0 0
1585992554871779 132176871118528 drain_end 1 0
1585992554873469 132176871118528 subm_beg 1 0
1585992554887989 132176862725824 emit_beg 305 0
1585992565016919 132176871118528 subm_end 1 0
1585992565019049 132176871118528 pump_beg 1 0
1585992577323639 132176871118528 pump_end 1 2
1585992577327429 132176871118528 join_beg 1 0
1585992587341363 132176862725824 emit_end 305 0
1585992587401901 132176871118528 join_end 0 0
1585992610392881 132176871118528 coll_beg 0 0
1585992613982030 132176871118528 coll_end 0 0
1585992630689570 132176862725824 emit_beg 306 0
1585992667443428 132176862725824 emit_end 306 0
1585992738508612 132176871118528 drain_beg 0 0
1585992738514002 132176871118528 drain_end 1 0
1585992738515592 132176871118528 subm_beg 1 0
1585992755663405 132176871118528 subm_end 1 0
1585992755665945 132176871118528 pump_beg 1 0
1585992765287434 132176871118528 pump_end 1 2
1585992765298523 132176871118528 join_beg 1 0
1585992765301463 132176871118528 join_end 0 0
1585992785517845 132176871118528 coll_beg 0 0
1585992788026623 132176871118528 coll_end 0 0
1585992799456536 132176862725824 emit_beg 307 0
1585992806144632 132176871118528 drain_beg 0 0
1585992806154831 132176871118528 drain_end 1 0
1585992806156351 132176871118528 subm_beg 1 0
1585992820950251 132176871118528 subm_end 1 0
1585992820953501 132176871118528 pump_beg 1 0
1585992831437488 132176862725824 emit_end 307 0
1585992832086574 132176871118528 pump_end 1 2
1585992832087544 132176871118528 join_beg 1 0
1585992832088174 132176871118528 join_end 0 0
1585992854348681 132176871118528 coll_beg 0 0
1585992858135362 132176871118528 coll_end 0 0
1585992885789682 132176862725824 emit_beg 308 0
1585992912521826 132176862725824 emit_end 308 0
1585993005588757 132176871118528 drain_beg 0 0
1585993005592216 132176871118528 drain_end 1 0
1585993005593226 132176871118528 subm_beg 1 0
1585993018983647 132176871118528 subm_end 1 0
1585993018984377 132176871118528 pump_beg 1 0
1585993030943321 132176871118528 pump_end 1 2
1585993030946320 132176871118528 join_beg 1 0
1585993030948370 132176871118528 join_end 0 0
1585993045828597 132176871118528 coll_beg 0 0
1585993049809582 132176871118528 coll_end 0 0
1585993056548115 132176871118528 drain_beg 0 0
1585993056548785 132176871118528 drain_end 1 0
1585993056549445 132176871118528 subm_beg 1 0
1585993056571154 132176862725824 emit_beg 309 0
1585993060724043 132176871118528 subm_end 1 0
1585993060724283 132176871118528 pump_beg 1 0
1585993072330959 132176871118528 pump_end 1 2
1585993072331719 132176871118528 join_beg 1 0
1585993098009051 132176862725824 emit_end 309 0
1585993098028650 132176871118528 join_end 0 0
1585993118111717 132176871118528 coll_beg 0 0
1585993121686046 132176871118528 coll_end 0 0
1585993140024346 132176871118528 drain_beg 0 0
1585993140027186 132176871118528 drain_end 1 0
1585993140028396 132176871118528 subm_beg 1 0
1585993140041416 132176862725824 emit_beg 310 0
1585993161418775 132176871118528 subm_end 1 0
1585993161421675 132176871118528 pump_beg 1 0
1585993174407160 132176871118528 pump_end 1 2
1585993174437319 132176871118528 join_beg 1 0
1585993186325365 132176862725824 emit_end 310 0
1585993186340565 132176871118528 join_end 0 0
1585993199730276 132176871118528 coll_beg 0 0
1585993203628833 132176871118528 coll_end 0 0
1585993211006144 132176862725824 emit_beg 311 0
1585993239541061 132176862725824 emit_end 311 0
1585993362116024 132176871118528 drain_beg 0 0
1585993362122794 132176871118528 drain_end 1 0
1585993362124784 132176871118528 subm_beg 1 0
1585993395360040 132176871118528 subm_end 1 0
1585993395362440 132176871118528 pump_beg 1 0
1585993407838614 132176871118528 pump_end 1 2
1585993407850024 132176871118528 join_beg 1 0
1585993407852554 132176871118528 join_end 0 0
1585993441245564 132176871118528 coll_beg 0 0
1585993445611684 132176871118528 coll_end 0 0
1585993462957631 132176862725824 emit_beg 312 0
1585993467162177 132176871118528 drain_beg 0 0
1585993467164277 132176871118528 drain_end 1 0
1585993467164927 132176871118528 subm_beg 1 0
1585993489898127 132176871118528 subm_end 1 0
1585993489901987 132176871118528 pump_beg 1 0
1585993502020464 132176871118528 pump_end 1 2
1585993502022404 132176871118528 join_beg 1 0
1585993503904605 132176862725824 emit_end 312 0
1585993503933984 132176871118528 join_end 0 0
1585993513870751 132176871118528 coll_beg 0 0
1585993517460840 132176871118528 coll_end 0 0
1585993534278166 132176862725824 emit_beg 313 0
1585993598606396 132176862725824 emit_end 313 0
1585993688397017 132176871118528 drain_beg 0 0
1585993688402466 132176871118528 drain_end 1 0
1585993688403846 132176871118528 subm_beg 1 0
1585993707909444 132176871118528 subm_end 1 0
1585993707911754 132176871118528 pump_beg 1 0
1585993719012728 132176871118528 pump_end 1 2
1585993719015818 132176871118528 join_beg 1 0
1585993719017368 132176871118528 join_end 0 0
1585993727755639 132176871118528 coll_beg 0 0
1585993731830730 132176871118528 coll_end 0 0
1585993741517486 132176871118528 drain_beg 0 0
1585993741518646 132176871118528 drain_end 1 0
1585993741519686 132176871118528 subm_beg 1 0
1585993741539876 132176862725824 emit_beg 314 0
1585993755061302 132176871118528 subm_end 1 0
1585993755062762 132176871118528 pump_beg 1 0
1585993768204122 132176871118528 pump_end 1 2
1585993768205842 132176871118528 join_beg 1 0
1585993775091190 132176862725824 emit_end 314 0
1585993775122599 132176871118528 join_end 0 0
1585993779090384 132176871118528 coll_beg 0 0
1585993784400610 132176871118528 coll_end 0 0
1585993794766781 132176862725824 emit_beg 315 0
1585993830163459 132176862725824 emit_end 315 0
1585993933174496 132176871118528 drain_beg 0 0
1585993933179706 132176871118528 drain_end 1 0
1585993933180996 132176871118528 subm_beg 1 0
1585993957883173 132176871118528 subm_end 1 0
1585993957886283 132176871118528 pump_beg 1 0
1585993970463954 132176871118528 pump_end 1 2
1585993970465584 132176871118528 join_beg 1 0
1585993970466664 132176871118528 join_end 0 0
1585993984080817 132176871118528 coll_beg 0 0
1585993987548900 132176871118528 coll_end 0 0
1585994003390741 132176871118528 drain_beg 0 0
1585994003391431 132176871118528 drain_end 1 0
1585994003392031 132176871118528 subm_beg 1 0
1585994003413300 132176862725824 emit_beg 316 0
1585994009227638 132176871118528 subm_end 1 0
1585994009228028 132176871118528 pump_beg 1 0
1585994023193648 132176871118528 pump_end 1 2
1585994023194568 132176871118528 join_beg 1 0
1585994026487998 132176862725824 emit_end 316 0
1585994026514607 132176871118528 join_end 0 0
1585994030126355 132176871118528 coll_beg 0 0
1585994034733116 132176871118528 coll_end 0 0
1585994045682347 132176862725824 emit_beg 317 0
1585994101628123 132176862725824 emit_end 317 0
1585994164569614 132176871118528 drain_beg 0 0
1585994164573324 132176871118528 drain_end 1 0
1585994164574494 132176871118528 subm_beg 1 0
1585994186799172 132176871118528 subm_end 1 0
1585994186801562 132176871118528 pump_beg 1 0
1585994199520227 132176871118528 pump_end 1 2
1585994199533937 132176871118528 join_beg 1 0
1585994199535427 132176871118528 join_end 0 0
1585994212056860 132176871118528 coll_beg 0 0
1585994216211588 132176871118528 coll_end 0 0
1585994230746057 132176871118528 drain_beg 0 0
1585994230751747 132176871118528 drain_end 1 0
1585994230753477 132176871118528 subm_beg 1 0
1585994230769566 132176862725824 emit_beg 318 0
1585994235294361 132176871118528 subm_end 1 0
1585994235296031 132176871118528 pump_beg 1 0
1585994247678149 132176871118528 pump_end 1 2
1585994247679438 132176871118528 join_beg 1 0
1585994265307095 132176862725824 emit_end 318 0
1585994265321974 132176871118528 join_end 0 0
1585994272758892 132176871118528 coll_beg 0 0
1585994277222239 132176871118528 coll_end 0 0
1585994283160302 132176871118528 drain_beg 0 0
1585994283162882 132176871118528 drain_end 1 0
1585994283164012 132176871118528 subm_beg 1 0
1585994283179312 132176862725824 emit_beg 319 0
1585994303397593 132176871118528 subm_end 1 0
1585994303399573 132176871118528 pump_beg 1 0
1585994316469866 132176871118528 pump_end 1 2
1585994316473826 132176871118528 join_beg 1 0
1585994342734806 132176862725824 emit_end 319 0
1585994342799024 132176871118528 join_end 0 0
1585994360248547 132176871118528 coll_beg 0 0
1585994366808507 132176871118528 coll_end 0 0
1585994379148667 132176862725824 emit_beg 320 0
1585994402930688 132176862725824 emit_end 320 0
1585994489731327 132176871118528 drain_beg 0 0
1585994489734867 132176871118528 drain_end 1 0
1585994489736107 132176871118528 subm_beg 1 0
1585994508088527 132176871118528 subm_end 1 0
1585994508090797 132176871118528 pump_beg 1 0
1585994518337822 132176871118528 pump_end 1 2
1585994518340062 132176871118528 join_beg 1 0
1585994518341212 132176871118528 join_end 0 0
1585994528822430 132176871118528 coll_beg 0 0
1585994531437024 132176871118528 coll_end 0 0
1585994536177111 132176862725824 emit_beg 321 0
1585994569183005 132176862725824 emit_end 321 0
1585994579323835 132176871118528 drain_beg 0 0
1585994579326745 132176871118528 drain_end 1 0
1585994579327735 132176871118528 subm_beg 1 0
1585994588899135 132176871118528 subm_end 1 0
1585994588901405 132176871118528 pump_beg 1 0
1585994600775781 132176871118528 pump_end 1 2
1585994600777101 132176871118528 join_beg 1 0
1585994600777601 132176871118528 join_end 0 0
1585994613393300 132176871118528 coll_beg 0 0
1585994617344336 132176871118528 coll_end 0 0
1585994634207520 132176862725824 emit_beg 322 0
1585994637737301 132176871118528 drain_beg 0 0
1585994637739711 132176871118528 drain_end 1 0
1585994637740901 132176871118528 subm_beg 1 0
1585994664724676 132176871118528 subm_end 1 0
1585994664726016 132176871118528 pump_beg 1 0
1585994676420608 132176871118528 pump_end 1 2
1585994676421168 132176871118528 join_beg 1 0
1585994685549815 132176862725824 emit_end 322 0
1585994685579324 132176871118528 join_end 0 0
1585994697753619 132176871118528 coll_beg 0 0
1585994701443244 132176871118528 coll_end 0 0
1585994718701924 132176862725824 emit_beg 323 0
1585994748469337 132176862725824 emit_end 323 0
1585994838895624 132176871118528 drain_beg 0 0
1585994838901014 132176871118528 drain_end 1 0
1585994838902594 132176871118528 subm_beg 1 0
1585994858068154 132176871118528 subm_end 1 0
1585994858070283 132176871118528 pump_beg 1 0
1585994870943793 132176871118528 pump_end 1 2
1585994870945463 132176871118528 join_beg 1 0
1585994870946413 132176871118528 join_end 0 0
1585994885641406 132176871118528 coll_beg 0 0
1585994889524365 132176871118528 coll_end 0 0
1585994899192861 132176871118528 drain_beg 0 0
1585994899193411 132176871118528 drain_end 1 0
1585994899193871 132176871118528 subm_beg 1 0
1585994899215331 132176862725824 emit_beg 324 0
1585994911522761 132176871118528 subm_end 1 0
1585994911523521 132176871118528 pump_beg 1 0
1585994923864020 132176871118528 pump_end 1 2
1585994923865350 132176871118528 join_beg 1 0
1585994958760066 132176862725824 emit_end 324 0
1585994958813954 132176871118528 join_end 0 0
1585994977044478 132176871118528 coll_beg 0 0
1585994979918113 132176871118528 coll_end 0 0
1585994987409489 132176871118528 drain_beg 0 0
1585994987410389 132176871118528 drain_end 1 0
1585994987411299 132176871118528 subm_beg 1 0
1585994987439698 132176862725824 emit_beg 325 0
1585994994699263 132176871118528 subm_end 1 0
1585994994699683 132176871118528 pump_beg 1 0
1585995004112039 132176871118528 pump_end 1 2
1585995004115929 132176871118528 join_beg 1 0
1585995021166826 132176862725824 emit_end 325 0
1585995021230064 132176871118528 join_end 0 0
1585995047776634 132176871118528 coll_beg 0 0
1585995049319578 132176871118528 coll_end 0 0
1585995056779296 132176862725824 emit_beg 326 0
1585995093669968 132176862725824 emit_end 326 0
1585995200778176 132176871118528 drain_beg 0 0
1585995200786236 132176871118528 drain_end 1 0
1585995200799875 132176871118528 subm_beg 1 0
1585995227921474 132176871118528 subm_end 1 0
1585995227923614 132176871118528 pump_beg 1 0
1585995239344357 132176871118528 pump_end 1 2
1585995239357347 132176871118528 join_beg 1 0
1585995239359497 132176871118528 join_end 0 0
1585995245803701 132176871118528 coll_beg 0 0
1585995249316673 132176871118528 coll_end 0 0
1585995260084700 132176862725824 emit_beg 327 0
1585995269231286 132176871118528 drain_beg 0 0
1585995269234225 132176871118528 drain_end 1 0
1585995269235815 132176871118528 subm_beg 1 0
1585995296691433 132176871118528 subm_end 1 0
1585995296692883 132176871118528 pump_beg 1 0
1585995306100339 132176862725824 emit_end 327 0
1585995308087356 132176871118528 pump_end 1 2
1585995308091656 132176871118528 join_beg 1 0
1585995308093046 132176871118528 join_end 0 0
1585995317039559 132176871118528 coll_beg 0 0
1585995319782049 132176871118528 coll_end 0 0
1585995324945281 132176862725824 emit_beg 328 0
1585995356209759 132176862725824 emit_end 328 0
1585995445488398 132176871118528 drain_beg 0 0
1585995445490338 132176871118528 drain_end 1 0
1585995445491078 132176871118528 subm_beg 1 0
1585995455514241 132176871118528 subm_end 1 0
1585995455518561 132176871118528 pump_beg 1 0
1585995465393471 132176871118528 pump_end 1 2
1585995465404030 132176871118528 join_beg 1 0
1585995465406820 132176871118528 join_end 0 0
1585995482905281 132176871118528 coll_beg 0 0
1585995483819188 132176871118528 coll_end 0 0
1585995489401344 132176871118528 drain_beg 0 0
1585995489402294 132176871118528 drain_end 1 0
1585995489403164 132176871118528 subm_beg 1 0
1585995489424613 132176862725824 emit_beg 329 0
1585995492905486 132176871118528 subm_end 1 0
1585995492905936 132176871118528 pump_beg 1 0
1585995505639311 132176871118528 pump_end 1 2
1585995505640360 132176871118528 join_beg 1 0
1585995525787875 132176862725824 emit_end 329 0
1585995525836323 132176871118528 join_end 0 0
1585995534876783 132176871118528 coll_beg 0 0
1585995539615520 132176871118528 coll_end 0 0
1585995554596582 132176862725824 emit_beg 330 0
1585995584950184 132176862725824 emit_end 330 0
1585995676775570 132176871118528 drain_beg 0 0
1585995676786299 132176871118528 drain_end 1 0
1585995676788089 132176871118528 subm_beg 1 0
1585995696785519 132176871118528 subm_end 1 0
1585995696797448 132176871118528 pump_beg 1 0
1585995705551219 132176871118528 pump_end 1 2
1585995705554669 132176871118528 join_beg 1 0
1585995705557028 132176871118528 join_end 0 0
1585995711470003 132176871118528 coll_beg 0 0
1585995713026946 132176871118528 coll_end 0 0
1585995724142380 132176871118528 drain_beg 0 0
1585995724144820 132176871118528 drain_end 1 0
1585995724145870 132176871118528 subm_beg 1 0
1585995724163959 132176862725824 emit_beg 331 0
1585995731745762 132176871118528 subm_end 1 0
1585995731747472 132176871118528 pump_beg 1 0
1585995742385713 132176871118528 pump_end 1 2
1585995742387643 132176871118528 join_beg 1 0
1585995770132560 132176862725824 emit_end 331 0
1585995770196247 132176871118528 join_end 0 0
1585995784087970 132176871118528 coll_beg 0 0
1585995786687035 132176871118528 coll_end 0 0
1585995807931009 132176862725824 emit_beg 332 0
1585995838969095 132176862725824 emit_end 332 0
1585995932055475 132176871118528 drain_beg 0 0
1585995932065655 132176871118528 drain_end 1 0
1585995932088674 132176871118528 subm_beg 1 0
1585995942885160 132176871118528 subm_end 1 0
1585995942897129 132176871118528 pump_beg 1 0
1585995955306956 132176871118528 pump_end 1 2
1585995955316616 132176871118528 join_beg 1 0
1585995955319126 132176871118528 join_end 0 0
1585995966798806 132176871118528 coll_beg 0 0
1585995970867728 132176871118528 coll_end 0 0
1585995981869386 132176871118528 drain_beg 0 0
1585995981872606 132176871118528 drain_end 1 0
1585995981874166 132176871118528 subm_beg 1 0
1585995981875846 132176862725824 emit_beg 333 0
1585995998744470 132176871118528 subm_end 1 0
1585995998746730 132176871118528 pump_beg 1 0
1585996009704839 132176871118528 pump_end 1 2
1585996009707079 132176871118528 join_beg 1 0
1585996021821197 132176862725824 emit_end 333 0
1585996021860975 132176871118528 join_end 0 0
1585996038946911 132176871118528 coll_beg 0 0
1585996042230691 132176871118528 coll_end 0 0
1585996059668714 132176862725824 emit_beg 334 0
1585996093711171 132176862725824 emit_end 334 0
1585996183356147 132176871118528 drain_beg 0 0
1585996183361976 132176871118528 drain_end 1 0
1585996183363516 132176871118528 subm_beg 1 0
1585996196139460 132176871118528 subm_end 1 0
1585996196143200 132176871118528 pump_beg 1 0
1585996210477826 132176871118528 pump_end 1 2
1585996210480286 132176871118528 join_beg 1 0
1585996210481926 132176871118528 join_end 0 0
1585996226456112 132176871118528 coll_beg 0 0
1585996230934939 132176871118528 coll_end 0 0
1585996236834773 132176871118528 drain_beg 0 0
1585996236835473 132176871118528 drain_end 1 0
1585996236836023 132176871118528 subm_beg 1 0
1585996236858692 132176862725824 emit_beg 335 0
1585996252168283 132176871118528 subm_end 1 0
1585996252168733 132176871118528 pump_beg 1 0
1585996263270798 132176871118528 pump_end 1 2
1585996263273028 132176871118528 join_beg 1 0
1585996283303716 132176862725824 emit_end 335 0
1585996283334935 132176871118528 join_end 0 0
1585996300068403 132176871118528 coll_beg 0 0
1585996303437441 132176871118528 coll_end 0 0
1585996322992046 132176871118528 drain_beg 0 0
1585996323018815 132176871118528 drain_end 1 0
1585996323020385 132176871118528 subm_beg 1 0
1585996323029355 132176862725824 emit_beg 336 0
1585996348931999 132176871118528 subm_end 1 0
1585996348943248 132176871118528 pump_beg 1 0
1585996363052003 132176871118528 pump_end 1 2
1585996363054273 132176871118528 join_beg 1 0
1585996372863945 132176862725824 emit_end 336 0
1585996372894324 132176871118528 join_end 0 0
1585996387360385 132176871118528 coll_beg 0 0
1585996392342403 132176871118528 coll_end 0 0
1585996417702827 132176862725824 emit_beg 337 0
1585996470212589 132176862725824 emit_end 337 0
1585996672429023 132176871118528 join_beg 1 0
1585996672434312 132176871118528 join_end 0 0
