# perfbase mono_ns 2146854463062646 real_ns 1786112247835788505
2146854463108704 123740962731712 wait_beg 0 0 0 0 0 0
2146854476634710 123740976093056 cliack 1 0 1 0 0 0
2146857054767983 123740962731712 wait_end 0 0 0 0 0 0
2146857054772143 123740962731712 drain_beg 0 0 0 0 0 0
2146857054774383 123740962731712 drain_end 1 0 0 0 0 0
2146857054774553 123740962731712 take 1 0 0 0 0 0
2146857054775212 123740962731712 subm_beg 1 0 0 0 0 0
2146857054736704 123740976093056 msgin 1 4718592 0 0 0 0
2146857054741894 123740976093056 enq 1 1 0 0 0 0
2146857065476692 123740962731712 submit 1 0 0 0 0 0
2146857065477182 123740962731712 subm_end 1 0 0 0 0 0
2146857065477232 123740962731712 pump_beg 1 0 0 0 0 0
2146857068786041 123740976093056 msgin 2 4718592 0 0 0 0
2146857068787271 123740976093056 enq 2 1 0 0 0 0
2146857169195438 123740962731712 feedend 0 0 0 0 0 0
2146857169688410 123740962731712 feedend 0 1 0 0 0 0
2146857170945074 123740962731712 outfirst 0 0 296 0 0 0
2146857171265643 123740962731712 outfirst 0 1 296 0 0 0
2146857179852529 123740962731712 pump_end 1 2 0 0 0 0
2146857179853509 123740962731712 book_beg 1 0 0 0 0 0
2146857179858479 123740962731712 batch 1 1 1 2 2 0
2146857179858649 123740962731712 book_end 1 0 0 0 0 0
2146857179858759 123740962731712 coll_beg 0 0 0 0 0 0
2146857180092381 123740962731712 coll_end 0 0 0 0 0 0
2146857180092441 123740962731712 rel_beg 1 0 0 0 0 0
2146857180093211 123740962731712 absorb 1 0 0 0 0 0
2146857180099020 123740962731712 rel_end 1 0 0 0 0 0
2146857180099100 123740962731712 emit_beg 1 0 0 0 0 0
2146857180105050 123740962731712 dmg 0 1 0 0 1024 768
2146857180105270 123740962731712 enc 0 0 1 -1 -1 0
2146857180197297 123740962731712 emit_end 1 0 0 0 0 0
2146857180197477 123740962731712 wait_beg 0 0 0 0 0 0
2146857180198717 123740962731712 wait_end 0 0 0 0 0 0
2146857180200687 123740962731712 drain_beg 0 0 0 0 0 0
2146857180201017 123740962731712 drain_end 1 0 0 0 0 0
2146857180201507 123740962731712 take 2 0 0 0 0 0
2146857180201667 123740962731712 subm_beg 1 0 0 0 0 0
2146857180202187 123740962731712 submit 2 0 0 0 0 0
2146857180202257 123740962731712 subm_end 1 0 0 0 0 0
2146857180202297 123740962731712 pump_beg 1 0 0 0 0 0
2146857180618171 123740962731712 feedend 1 0 0 0 0 0
2146857180622971 123740962731712 feedend 1 1 0 0 0 0
2146857180118640 123740976093056 ackslot 1 0 1 0 1 0
2146857180215006 123740976093056 send 18 0 0 0 0 2
2146857180440088 123740976093056 send 210792 0 0 0 0 2
2146857180833534 123740976093056 send 175815 0 0 0 0 2
2146857180839943 123740976093056 send 14 0 0 0 0 2
2146857180840453 123740976093056 egress 1 1 0 0 0 0
2146857180840743 123740976093056 ackregion 1 1 1 0 1 0
2146857181657074 123740976093056 cliack 1 0 2 1 0 0
2146857183453748 123740962731712 outfirst 1 1 65536 0 0 0
2146857183726388 123740962731712 outfirst 1 0 65536 0 0 0
2146857183748227 123740962731712 pump_end 1 2 0 0 0 0
2146857183748367 123740962731712 book_beg 1 0 0 0 0 0
2146857183748497 123740962731712 batch 2 1 1 2 2 0
2146857183748527 123740962731712 book_end 1 0 0 0 0 0
2146857183748577 123740962731712 coll_beg 0 0 0 0 0 0
2146857183807795 123740962731712 coll_end 0 0 0 0 0 0
2146857183807925 123740962731712 rel_beg 1 0 0 0 0 0
2146857183807995 123740962731712 absorb 2 0 0 0 0 0
2146857183809515 123740962731712 rel_end 1 0 0 0 0 0
2146857183809575 123740962731712 emit_beg 2 0 0 0 0 0
2146857183810195 123740962731712 dmg 0 1 0 0 1024 768
2146857183810345 123740962731712 enc 1 1 1 -1 -1 0
2146857183841264 123740962731712 emit_end 2 0 0 0 0 0
2146857183841314 123740962731712 wait_beg 0 0 0 0 0 0
2146857183841824 123740962731712 wait_end 0 0 0 0 0 0
2146857183842854 123740962731712 drain_beg 0 0 0 0 0 0
2146857183842914 123740962731712 drain_end 1 0 0 0 0 0
2146857183842974 123740962731712 take 3 0 0 0 0 0
2146857183843074 123740962731712 subm_beg 1 0 0 0 0 0
2146857183843244 123740962731712 submit 3 0 0 0 0 0
2146857183843294 123740962731712 subm_end 1 0 0 0 0 0
2146857183843344 123740962731712 pump_beg 1 0 0 0 0 0
2146857184188511 123740962731712 feedend 2 0 0 0 0 0
2146857184192661 123740962731712 feedend 2 1 0 0 0 0
2146857187928975 123740962731712 outfirst 2 1 65536 0 0 0
2146857188060810 123740962731712 outfirst 2 0 65536 0 0 0
2146857188095759 123740962731712 pump_end 1 2 0 0 0 0
2146857188095849 123740962731712 book_beg 1 0 0 0 0 0
2146857188095969 123740962731712 batch 3 1 1 2 2 0
2146857188095999 123740962731712 book_end 1 0 0 0 0 0
2146857188096029 123740962731712 coll_beg 0 0 0 0 0 0
2146857188173366 123740962731712 coll_end 0 0 0 0 0 0
2146857188173416 123740962731712 rel_beg 1 0 0 0 0 0
2146857188173506 123740962731712 absorb 3 0 0 0 0 0
2146857188174976 123740962731712 rel_end 1 0 0 0 0 0
2146857188175026 123740962731712 emit_beg 3 0 0 0 0 0
2146857188175656 123740962731712 dmg 0 1 0 0 1024 768
2146857188175726 123740962731712 enc 2 2 1 -1 -1 0
2146857188194535 123740962731712 emit_end 3 0 0 0 0 0
2146857188194575 123740962731712 wait_beg 0 0 0 0 0 0
2146857188194955 123740962731712 wait_end 0 0 0 0 0 0
2146857188195825 123740962731712 drain_beg 0 0 0 0 0 0
2146857188195995 123740962731712 drain_end 1 0 0 0 0 0
2146857188196075 123740962731712 take 4 0 0 0 0 0
2146857188196135 123740962731712 subm_beg 1 0 0 0 0 0
2146857188196265 123740962731712 submit 4 0 0 0 0 0
2146857188196285 123740962731712 subm_end 1 0 0 0 0 0
2146857188196315 123740962731712 pump_beg 1 0 0 0 0 0
2146857188551872 123740962731712 feedend 3 0 0 0 0 0
2146857188554892 123740962731712 feedend 3 1 0 0 0 0
2146857190305248 123740962731712 outfirst 3 1 65536 0 0 0
2146857190697584 123740962731712 outfirst 3 0 65536 0 0 0
2146857190714203 123740962731712 pump_end 1 2 0 0 0 0
2146857190714283 123740962731712 book_beg 1 0 0 0 0 0
2146857190714453 123740962731712 batch 4 1 1 2 2 0
2146857190714483 123740962731712 book_end 1 0 0 0 0 0
2146857190714513 123740962731712 coll_beg 0 0 0 0 0 0
2146857190791630 123740962731712 coll_end 0 0 0 0 0 0
2146857190791680 123740962731712 rel_beg 1 0 0 0 0 0
2146857190791800 123740962731712 absorb 4 0 0 0 0 0
2146857190793330 123740962731712 rel_end 1 0 0 0 0 0
2146857190795030 123740962731712 emit_beg 4 0 0 0 0 0
2146857190795600 123740962731712 dmg 0 1 0 0 1024 768
2146857190795710 123740962731712 enc 3 3 1 -1 -1 0
2146857190810960 123740962731712 emit_end 4 0 0 0 0 0
2146857190811000 123740962731712 wait_beg 0 0 0 0 0 0
2146857183346192 123740976093056 msgin 3 4718592 0 0 0 0
2146857183348762 123740976093056 enq 3 1 0 0 0 0
2146857183814525 123740976093056 ackslot 2 1 2 1 1 0
2146857183843474 123740976093056 send 18 0 0 1 1 2
2146857184269398 123740976093056 send 128204 0 0 1 1 2
2146857184508839 123740976093056 send 108980 0 0 1 1 2
2146857184511989 123740976093056 send 14 0 0 1 1 2
2146857184512149 123740976093056 egress 2 1 0 1 0 0
2146857184512199 123740976093056 ackregion 2 2 2 1 1 0
2146857184846187 123740976093056 cliack 2 0 3 2 0 0
2146857187329427 123740976093056 msgin 4 4718592 0 0 0 0
2146857187329567 123740976093056 enq 4 1 0 0 0 0
2146857188180496 123740976093056 ackslot 3 2 3 2 1 0
2146857188198285 123740976093056 send 18 0 0 2 2 2
2146857188573171 123740976093056 send 174316 0 0 2 2 2
2146857188902889 123740976093056 send 148086 0 0 2 2 2
2146857188905989 123740976093056 send 14 0 0 2 2 2
2146857188906099 123740976093056 egress 3 1 0 2 0 0
2146857188906129 123740976093056 ackregion 3 3 3 2 1 0
2146857189725979 123740976093056 cliack 3 0 4 3 0 0
2146857190797750 123740976093056 ackslot 4 3 4 3 1 0
2146857190815329 123740976093056 send 18 0 0 3 3 2
2146857191238654 123740976093056 send 185492 0 0 3 3 2
2146857191619770 123740976093056 send 161404 0 0 3 3 2
2146857191622870 123740976093056 send 14 0 0 3 3 2
2146857191623050 123740976093056 egress 4 1 0 3 0 0
2146857191623180 123740976093056 ackregion 4 4 4 3 1 0
2146857191950498 123740976093056 cliack 4 0 5 4 0 0
2146857203428599 123740962731712 wait_end 0 0 0 0 0 0
2146857203430549 123740962731712 drain_beg 0 0 0 0 0 0
2146857203431109 123740962731712 drain_end 1 0 0 0 0 0
2146857203431249 123740962731712 take 5 0 0 0 0 0
2146857203431699 123740962731712 subm_beg 1 0 0 0 0 0
2146857203432569 123740962731712 submit 5 0 0 0 0 0
2146857203432709 123740962731712 subm_end 1 0 0 0 0 0
2146857203432749 123740962731712 pump_beg 1 0 0 0 0 0
2146857203879853 123740962731712 feedend 4 0 0 0 0 0
2146857203885773 123740962731712 feedend 4 1 0 0 0 0
2146857206142460 123740962731712 outfirst 4 1 65536 0 0 0
2146857206298325 123740962731712 outfirst 4 0 65536 0 0 0
2146857206354643 123740962731712 pump_end 1 2 0 0 0 0
2146857206354823 123740962731712 book_beg 1 0 0 0 0 0
2146857206355023 123740962731712 batch 5 1 1 2 2 0
2146857206355073 123740962731712 book_end 1 0 0 0 0 0
2146857206355113 123740962731712 coll_beg 0 0 0 0 0 0
2146857206442829 123740962731712 coll_end 0 0 0 0 0 0
2146857206442879 123740962731712 rel_beg 1 0 0 0 0 0
2146857206443009 123740962731712 absorb 5 0 0 0 0 0
2146857206445249 123740962731712 rel_end 1 0 0 0 0 0
2146857206445339 123740962731712 emit_beg 5 0 0 0 0 0
2146857206446459 123740962731712 dmg 0 1 0 0 1024 768
2146857206446549 123740962731712 enc 4 4 1 -1 -1 0
2146857206464799 123740962731712 emit_end 5 0 0 0 0 0
2146857206464898 123740962731712 wait_beg 0 0 0 0 0 0
2146857203420880 123740976093056 msgin 5 4718592 0 0 0 0
2146857203421350 123740976093056 enq 5 1 0 0 0 0
2146857206452259 123740976093056 ackslot 5 4 5 4 1 0
2146857206493867 123740976093056 send 18 0 0 4 4 2
2146857206880003 123740976093056 send 174574 0 0 4 4 2
2146857207260939 123740976093056 send 151891 0 0 4 4 2
2146857207264069 123740976093056 send 14 0 0 4 4 2
2146857207264209 123740976093056 egress 5 1 0 4 0 0
2146857207264269 123740976093056 ackregion 5 5 5 4 1 0
2146857207578708 123740976093056 cliack 5 0 6 5 0 0
2146857219766663 123740962731712 wait_end 0 0 0 0 0 0
2146857219768183 123740962731712 drain_beg 0 0 0 0 0 0
2146857219768463 123740962731712 drain_end 1 0 0 0 0 0
2146857219768583 123740962731712 take 6 0 0 0 0 0
2146857219768703 123740962731712 subm_beg 1 0 0 0 0 0
2146857219768903 123740962731712 submit 6 0 0 0 0 0
2146857219768993 123740962731712 subm_end 1 0 0 0 0 0
2146857219769023 123740962731712 pump_beg 1 0 0 0 0 0
2146857219934617 123740962731712 feedend 5 0 0 0 0 0
2146857219937717 123740962731712 feedend 5 1 0 0 0 0
2146857222856700 123740962731712 outfirst 5 1 65536 0 0 0
2146857222943117 123740962731712 outfirst 5 0 65536 0 0 0
2146857222960677 123740962731712 pump_end 1 2 0 0 0 0
2146857222960837 123740962731712 book_beg 1 0 0 0 0 0
2146857222961137 123740962731712 batch 6 1 1 2 2 0
2146857222961217 123740962731712 book_end 1 0 0 0 0 0
2146857222961297 123740962731712 coll_beg 0 0 0 0 0 0
2146857223068673 123740962731712 coll_end 0 0 0 0 0 0
2146857223068713 123740962731712 rel_beg 1 0 0 0 0 0
2146857223068823 123740962731712 absorb 6 0 0 0 0 0
2146857223071033 123740962731712 rel_end 1 0 0 0 0 0
2146857223071073 123740962731712 emit_beg 6 0 0 0 0 0
2146857223072103 123740962731712 dmg 0 1 0 0 1024 768
2146857223072233 123740962731712 enc 5 5 1 -1 -1 0
2146857223091122 123740962731712 emit_end 6 0 0 0 0 0
2146857223091212 123740962731712 wait_beg 0 0 0 0 0 0
2146857219761463 123740976093056 msgin 6 4718592 0 0 0 0
2146857219761633 123740976093056 enq 6 1 0 0 0 0
2146857223077392 123740976093056 ackslot 6 5 6 5 1 0
2146857223093002 123740976093056 send 18 0 0 5 5 2
2146857223434189 123740976093056 send 153079 0 0 5 5 2
2146857223761467 123740976093056 send 124383 0 0 5 5 2
2146857223764907 123740976093056 send 14 0 0 5 5 2
2146857223765107 123740976093056 egress 6 1 0 5 0 0
2146857223765167 123740976093056 ackregion 6 6 6 5 1 0
2146857224646605 123740976093056 cliack 6 0 7 6 0 0
2146857235979652 123740962731712 wait_end 0 0 0 0 0 0
2146857235981372 123740962731712 drain_beg 0 0 0 0 0 0
2146857235981522 123740962731712 drain_end 1 0 0 0 0 0
2146857235981672 123740962731712 take 7 0 0 0 0 0
2146857235981782 123740962731712 subm_beg 1 0 0 0 0 0
2146857235982032 123740962731712 submit 7 0 0 0 0 0
2146857235982092 123740962731712 subm_end 1 0 0 0 0 0
2146857235982142 123740962731712 pump_beg 1 0 0 0 0 0
2146857236129616 123740962731712 feedend 6 1 0 0 0 0
2146857236379557 123740962731712 feedend 6 0 0 0 0 0
2146857235973612 123740976093056 msgin 7 4718592 0 0 0 0
2146857235973732 123740976093056 enq 7 1 0 0 0 0
2146857244142914 123740962731712 outfirst 6 0 65536 0 0 0
2146857244165033 123740962731712 outfirst 6 1 65536 0 0 0
2146857244256770 123740962731712 pump_end 1 2 0 0 0 0
2146857244257410 123740962731712 book_beg 1 0 0 0 0 0
2146857244258800 123740962731712 batch 7 1 1 2 2 0
2146857244258990 123740962731712 book_end 1 0 0 0 0 0
2146857244259180 123740962731712 coll_beg 0 0 0 0 0 0
2146857244401234 123740962731712 coll_end 0 0 0 0 0 0
2146857244401434 123740962731712 rel_beg 1 0 0 0 0 0
2146857244402164 123740962731712 absorb 7 0 0 0 0 0
2146857244411224 123740962731712 rel_end 1 0 0 0 0 0
2146857244411354 123740962731712 emit_beg 7 0 0 0 0 0
2146857244415334 123740962731712 dmg 0 1 0 0 1024 768
2146857244415644 123740962731712 enc 6 6 1 -1 -1 0
2146857244447583 123740962731712 emit_end 7 0 0 0 0 0
2146857244447763 123740962731712 wait_beg 0 0 0 0 0 0
2146857251959069 123740962731712 wait_end 0 0 0 0 0 0
2146857251962779 123740962731712 drain_beg 0 0 0 0 0 0
2146857251974358 123740962731712 drain_end 1 0 0 0 0 0
2146857251974618 123740962731712 take 8 0 0 0 0 0
2146857251974978 123740962731712 subm_beg 1 0 0 0 0 0
2146857251975658 123740962731712 submit 8 0 0 0 0 0
2146857251975708 123740962731712 subm_end 1 0 0 0 0 0
2146857251975758 123740962731712 pump_beg 1 0 0 0 0 0
2146857252127413 123740962731712 feedend 7 0 0 0 0 0
2146857252172811 123740962731712 feedend 7 1 0 0 0 0
2146857244449883 123740976093056 ackslot 7 6 7 6 1 0
2146857244613617 123740976093056 send 18 0 0 6 6 2
2146857245250283 123740976093056 send 156246 0 0 6 6 2
2146857245701017 123740976093056 send 135773 0 0 6 6 2
2146857245704827 123740976093056 send 14 0 0 6 6 2
2146857245705177 123740976093056 egress 7 1 0 6 0 0
2146857245705467 123740976093056 ackregion 7 7 7 6 1 0
2146857246382022 123740976093056 cliack 7 0 8 7 0 0
2146857251934490 123740976093056 msgin 8 4718592 0 0 0 0
2146857251935110 123740976093056 enq 8 1 0 0 0 0
2146857254460017 123740962731712 outfirst 7 1 65536 0 0 0
2146857254561804 123740962731712 outfirst 7 0 65536 0 0 0
2146857254607402 123740962731712 pump_end 1 2 0 0 0 0
2146857254607462 123740962731712 book_beg 1 0 0 0 0 0
2146857254607582 123740962731712 batch 8 1 1 2 2 0
2146857254607612 123740962731712 book_end 1 0 0 0 0 0
2146857254607642 123740962731712 coll_beg 0 0 0 0 0 0
2146857254739707 123740962731712 coll_end 0 0 0 0 0 0
2146857254739747 123740962731712 rel_beg 1 0 0 0 0 0
2146857254739847 123740962731712 absorb 8 0 0 0 0 0
2146857254741497 123740962731712 rel_end 1 0 0 0 0 0
2146857254741537 123740962731712 emit_beg 8 0 0 0 0 0
2146857254742167 123740962731712 dmg 0 1 0 0 1024 768
2146857254742207 123740962731712 enc 7 7 1 -1 -1 0
2146857254761836 123740962731712 emit_end 8 0 0 0 0 0
2146857254761876 123740962731712 wait_beg 0 0 0 0 0 0
2146857254763206 123740976093056 ackslot 8 7 8 7 1 0
2146857254796145 123740976093056 send 18 0 0 7 7 2
2146857255478310 123740976093056 send 193290 0 0 7 7 2
2146857255895565 123740976093056 send 173253 0 0 7 7 2
2146857255898995 123740976093056 send 14 0 0 7 7 2
2146857255899215 123740976093056 egress 8 1 0 7 0 0
2146857255899335 123740976093056 ackregion 8 8 8 7 1 0
2146857256529172 123740976093056 cliack 8 0 9 8 0 0
2146857267680465 123740962731712 wait_end 0 0 0 0 0 0
2146857267682795 123740962731712 drain_beg 0 0 0 0 0 0
2146857267683095 123740962731712 drain_end 1 0 0 0 0 0
2146857267683255 123740962731712 take 9 0 0 0 0 0
2146857267683465 123740962731712 subm_beg 1 0 0 0 0 0
2146857267683605 123740962731712 submit 9 0 0 0 0 0
2146857267683755 123740962731712 subm_end 1 0 0 0 0 0
2146857267683885 123740962731712 pump_beg 1 0 0 0 0 0
2146857267799281 123740962731712 feedend 8 0 0 0 0 0
2146857267838289 123740962731712 feedend 8 1 0 0 0 0
2146857270090197 123740962731712 outfirst 8 1 65536 0 0 0
2146857270245662 123740962731712 outfirst 8 0 65536 0 0 0
2146857270279150 123740962731712 pump_end 1 2 0 0 0 0
2146857270279280 123740962731712 book_beg 1 0 0 0 0 0
2146857270279530 123740962731712 batch 9 1 1 2 2 0
2146857270279660 123740962731712 book_end 1 0 0 0 0 0
2146857270279800 123740962731712 coll_beg 0 0 0 0 0 0
2146857270376027 123740962731712 coll_end 0 0 0 0 0 0
2146857270376167 123740962731712 rel_beg 1 0 0 0 0 0
2146857270376287 123740962731712 absorb 9 0 0 0 0 0
2146857270379337 123740962731712 rel_end 1 0 0 0 0 0
2146857270379407 123740962731712 emit_beg 9 0 0 0 0 0
2146857270380507 123740962731712 dmg 0 1 0 0 1024 768
2146857270380627 123740962731712 enc 8 8 1 -1 -1 0
2146857270398336 123740962731712 emit_end 9 0 0 0 0 0
2146857270398416 123740962731712 wait_beg 0 0 0 0 0 0
2146857271640341 123740962731712 wait_end 0 0 0 0 0 0
2146857271641591 123740962731712 drain_beg 0 0 0 0 0 0
2146857271641761 123740962731712 drain_end 1 0 0 0 0 0
2146857271641841 123740962731712 take 10 0 0 0 0 0
2146857271641981 123740962731712 subm_beg 1 0 0 0 0 0
2146857271642071 123740962731712 submit 10 0 0 0 0 0
2146857271642091 123740962731712 subm_end 1 0 0 0 0 0
2146857271642121 123740962731712 pump_beg 1 0 0 0 0 0
2146857272013087 123740962731712 feedend 9 0 0 0 0 0
2146857272021027 123740962731712 feedend 9 1 0 0 0 0
2146857267659386 123740976093056 msgin 9 4718592 0 0 0 0
2146857267659676 123740976093056 enq 9 1 0 0 0 0
2146857270388666 123740976093056 ackslot 9 8 9 8 1 0
2146857270420745 123740976093056 send 18 0 0 8 8 2
2146857270780722 123740976093056 send 142869 0 0 8 8 2
2146857271089191 123740976093056 send 119477 0 0 8 8 2
2146857271092801 123740976093056 send 14 0 0 8 8 2
2146857271093021 123740976093056 egress 9 1 0 8 0 0
2146857271093151 123740976093056 ackregion 9 9 9 8 1 0
2146857271633411 123740976093056 msgin 10 4718592 0 0 0 0
2146857271634001 123740976093056 enq 10 1 0 0 0 0
2146857272015507 123740976093056 cliack 9 0 10 9 0 0
2146857274747367 123740962731712 outfirst 9 1 65536 0 0 0
2146857274937171 123740962731712 outfirst 9 0 65536 0 0 0
2146857274958060 123740962731712 pump_end 1 2 0 0 0 0
2146857274958200 123740962731712 book_beg 1 0 0 0 0 0
2146857274958340 123740962731712 batch 10 1 1 2 2 0
2146857274958370 123740962731712 book_end 1 0 0 0 0 0
2146857274958490 123740962731712 coll_beg 0 0 0 0 0 0
2146857275041737 123740962731712 coll_end 0 0 0 0 0 0
2146857275041867 123740962731712 rel_beg 1 0 0 0 0 0
2146857275041967 123740962731712 absorb 10 0 0 0 0 0
2146857275043457 123740962731712 rel_end 1 0 0 0 0 0
2146857275043587 123740962731712 emit_beg 10 0 0 0 0 0
2146857275043987 123740962731712 dmg 0 1 0 0 1024 768
2146857275044037 123740962731712 enc 9 9 1 -1 -1 0
2146857275059666 123740962731712 emit_end 10 0 0 0 0 0
2146857275059796 123740962731712 wait_beg 0 0 0 0 0 0
2146857275049166 123740976093056 ackslot 10 9 10 9 1 0
2146857275061956 123740976093056 send 18 0 0 9 9 2
2146857275497270 123740976093056 send 189987 0 0 9 9 2
2146857275869626 123740976093056 send 161460 0 0 9 9 2
2146857275873396 123740976093056 send 14 0 0 9 9 2
2146857275873676 123740976093056 egress 10 1 0 9 0 0
2146857275876766 123740976093056 ackregion 10 10 10 9 1 0
2146857276951107 123740976093056 cliack 10 0 11 10 0 0
2146857288141189 123740962731712 wait_end 0 0 0 0 0 0
2146857288144619 123740962731712 drain_beg 0 0 0 0 0 0
2146857288144929 123740962731712 drain_end 1 0 0 0 0 0
2146857288145069 123740962731712 take 11 0 0 0 0 0
2146857288145259 123740962731712 subm_beg 1 0 0 0 0 0
2146857288145919 123740962731712 submit 11 0 0 0 0 0
2146857288146089 123740962731712 subm_end 1 0 0 0 0 0
2146857288146269 123740962731712 pump_beg 1 0 0 0 0 0
2146857288509985 123740962731712 feedend 10 0 0 0 0 0
2146857288515895 123740962731712 feedend 10 1 0 0 0 0
2146857290870839 123740962731712 outfirst 10 1 65536 0 0 0
2146857291163429 123740962731712 outfirst 10 0 65536 0 0 0
2146857291193617 123740962731712 pump_end 1 2 0 0 0 0
2146857291193767 123740962731712 book_beg 1 0 0 0 0 0
2146857291194007 123740962731712 batch 11 1 1 2 2 0
2146857291194037 123740962731712 book_end 1 0 0 0 0 0
2146857291194067 123740962731712 coll_beg 0 0 0 0 0 0
2146857291294904 123740962731712 coll_end 0 0 0 0 0 0
2146857291294964 123740962731712 rel_beg 1 0 0 0 0 0
2146857291295084 123740962731712 absorb 11 0 0 0 0 0
2146857291298064 123740962731712 rel_end 1 0 0 0 0 0
2146857291298244 123740962731712 emit_beg 11 0 0 0 0 0
2146857291299974 123740962731712 dmg 0 1 0 0 1024 768
2146857291300054 123740962731712 enc 10 10 1 -1 -1 0
2146857291320393 123740962731712 emit_end 11 0 0 0 0 0
2146857291320523 123740962731712 wait_beg 0 0 0 0 0 0
2146857288114760 123740976093056 msgin 11 4718592 0 0 0 0
2146857288115240 123740976093056 enq 11 1 0 0 0 0
2146857291303173 123740976093056 ackslot 11 10 11 10 1 0
2146857291317383 123740976093056 send 18 0 0 10 10 2
2146857291654251 123740976093056 send 147074 0 0 10 10 2
2146857291922441 123740976093056 send 117373 0 0 10 10 2
2146857291925751 123740976093056 send 14 0 0 10 10 2
2146857291925871 123740976093056 egress 11 1 0 10 0 0
2146857291925991 123740976093056 ackregion 11 11 11 10 1 0
2146857292725441 123740976093056 cliack 11 0 12 11 0 0
2146857303630114 123740962731712 wait_end 0 0 0 0 0 0
2146857303632534 123740962731712 drain_beg 0 0 0 0 0 0
2146857303632774 123740962731712 drain_end 1 0 0 0 0 0
2146857303632894 123740962731712 take 12 0 0 0 0 0
2146857303633064 123740962731712 subm_beg 1 0 0 0 0 0
2146857303633314 123740962731712 submit 12 0 0 0 0 0
2146857303633464 123740962731712 subm_end 1 0 0 0 0 0
2146857303633534 123740962731712 pump_beg 1 0 0 0 0 0
2146857303733410 123740962731712 feedend 11 0 0 0 0 0
2146857303801497 123740962731712 feedend 11 1 0 0 0 0
2146857303609464 123740976093056 msgin 12 4718592 0 0 0 0
2146857303609764 123740976093056 enq 12 1 0 0 0 0
2146857306114423 123740962731712 outfirst 11 1 65536 0 0 0
2146857306137562 123740962731712 outfirst 11 0 65536 0 0 0
2146857306156711 123740962731712 pump_end 1 2 0 0 0 0
2146857306157001 123740962731712 book_beg 1 0 0 0 0 0
2146857306157201 123740962731712 batch 12 1 1 2 2 0
2146857306157261 123740962731712 book_end 1 0 0 0 0 0
2146857306157441 123740962731712 coll_beg 0 0 0 0 0 0
2146857306279777 123740962731712 coll_end 0 0 0 0 0 0
2146857306280047 123740962731712 rel_beg 1 0 0 0 0 0
2146857306280207 123740962731712 absorb 12 0 0 0 0 0
2146857306282037 123740962731712 rel_end 1 0 0 0 0 0
2146857306282287 123740962731712 emit_beg 12 0 0 0 0 0
2146857306283467 123740962731712 dmg 0 1 0 0 1024 768
2146857306283547 123740962731712 enc 11 11 1 -1 -1 0
2146857306302956 123740962731712 emit_end 12 0 0 0 0 0
2146857306303196 123740962731712 wait_beg 0 0 0 0 0 0
2146857306286457 123740976093056 ackslot 12 11 12 11 1 0
2146857306296336 123740976093056 send 18 0 0 11 11 2
2146857306660043 123740976093056 send 158936 0 0 11 11 2
2146857306992731 123740976093056 send 148378 0 0 11 11 2
2146857306996131 123740976093056 send 14 0 0 11 11 2
2146857306996331 123740976093056 egress 12 1 0 11 0 0
2146857306996361 123740976093056 ackregion 12 12 12 11 1 0
2146857307928937 123740976093056 cliack 12 0 13 12 0 0
2146857320102243 123740962731712 wait_end 0 0 0 0 0 0
2146857320105553 123740962731712 drain_beg 0 0 0 0 0 0
2146857320105863 123740962731712 drain_end 1 0 0 0 0 0
2146857320106063 123740962731712 take 13 0 0 0 0 0
2146857320106693 123740962731712 subm_beg 1 0 0 0 0 0
2146857320107783 123740962731712 submit 13 0 0 0 0 0
2146857320107913 123740962731712 subm_end 1 0 0 0 0 0
2146857320107963 123740962731712 pump_beg 1 0 0 0 0 0
2146857320517188 123740962731712 feedend 12 0 0 0 0 0
2146857320523167 123740962731712 feedend 12 1 0 0 0 0
2146857322962248 123740962731712 outfirst 12 1 65536 0 0 0
2146857323132322 123740962731712 outfirst 12 0 65536 0 0 0
2146857323159801 123740962731712 pump_end 1 2 0 0 0 0
2146857323159891 123740962731712 book_beg 1 0 0 0 0 0
2146857323160041 123740962731712 batch 13 1 1 2 2 0
2146857323160161 123740962731712 book_end 1 0 0 0 0 0
2146857323160291 123740962731712 coll_beg 0 0 0 0 0 0
2146857323262857 123740962731712 coll_end 0 0 0 0 0 0
2146857323263117 123740962731712 rel_beg 1 0 0 0 0 0
2146857323263407 123740962731712 absorb 13 0 0 0 0 0
2146857323266867 123740962731712 rel_end 1 0 0 0 0 0
2146857323266937 123740962731712 emit_beg 13 0 0 0 0 0
2146857323268107 123740962731712 dmg 0 1 0 0 1024 768
2146857323268237 123740962731712 enc 12 12 1 -1 -1 0
2146857323294536 123740962731712 emit_end 13 0 0 0 0 0
2146857323294576 123740962731712 wait_beg 0 0 0 0 0 0
2146857320076324 123740976093056 msgin 13 4718592 0 0 0 0
2146857320077544 123740976093056 enq 13 1 0 0 0 0
2146857323277027 123740976093056 ackslot 13 12 13 12 1 0
2146857323289226 123740976093056 send 18 0 0 12 12 2
2146857323656473 123740976093056 send 147161 0 0 12 12 2
2146857323926983 123740976093056 send 118868 0 0 12 12 2
2146857323931783 123740976093056 send 14 0 0 12 12 2
2146857323931963 123740976093056 egress 13 1 0 12 0 0
2146857323932093 123740976093056 ackregion 13 13 13 12 1 0
2146857324767782 123740976093056 cliack 13 0 14 13 0 0
2146857336137398 123740962731712 wait_end 0 0 0 0 0 0
2146857336139088 123740962731712 drain_beg 0 0 0 0 0 0
2146857336139448 123740962731712 drain_end 1 0 0 0 0 0
2146857336139598 123740962731712 take 14 0 0 0 0 0
2146857336139848 123740962731712 subm_beg 1 0 0 0 0 0
2146857336140268 123740962731712 submit 14 0 0 0 0 0
2146857336140408 123740962731712 subm_end 1 0 0 0 0 0
2146857336140438 123740962731712 pump_beg 1 0 0 0 0 0
2146857336578562 123740962731712 feedend 13 0 0 0 0 0
2146857336582481 123740962731712 feedend 13 1 0 0 0 0
2146857338978934 123740962731712 outfirst 13 1 65536 0 0 0
2146857339174517 123740962731712 outfirst 13 0 65536 0 0 0
2146857339202966 123740962731712 pump_end 1 2 0 0 0 0
2146857339203126 123740962731712 book_beg 1 0 0 0 0 0
2146857339203286 123740962731712 batch 14 1 1 2 2 0
2146857339203376 123740962731712 book_end 1 0 0 0 0 0
2146857339203526 123740962731712 coll_beg 0 0 0 0 0 0
2146857339319592 123740962731712 coll_end 0 0 0 0 0 0
2146857339319662 123740962731712 rel_beg 1 0 0 0 0 0
2146857339320012 123740962731712 absorb 14 0 0 0 0 0
2146857339323202 123740962731712 rel_end 1 0 0 0 0 0
2146857339323231 123740962731712 emit_beg 14 0 0 0 0 0
2146857339324121 123740962731712 dmg 0 1 0 0 1024 768
2146857339324191 123740962731712 enc 13 13 1 -1 -1 0
2146857339343221 123740962731712 emit_end 14 0 0 0 0 0
2146857339343301 123740962731712 wait_beg 0 0 0 0 0 0
2146857336127728 123740976093056 msgin 14 4718592 0 0 0 0
2146857336128028 123740976093056 enq 14 1 0 0 0 0
2146857339331741 123740976093056 ackslot 14 13 14 13 1 0
2146857339342301 123740976093056 send 18 0 0 13 13 2
2146857339742146 123740976093056 send 170170 0 0 13 13 2
2146857340055005 123740976093056 send 134768 0 0 13 13 2
2146857340058465 123740976093056 send 14 0 0 13 13 2
2146857340058625 123740976093056 egress 14 1 0 13 0 0
2146857340058755 123740976093056 ackregion 14 14 14 13 1 0
2146857340952482 123740976093056 cliack 14 0 15 14 0 0
2146857352296568 123740962731712 wait_end 0 0 0 0 0 0
2146857352298888 123740962731712 drain_beg 0 0 0 0 0 0
2146857352299138 123740962731712 drain_end 1 0 0 0 0 0
2146857352299288 123740962731712 take 15 0 0 0 0 0
2146857352299448 123740962731712 subm_beg 1 0 0 0 0 0
2146857352299738 123740962731712 submit 15 0 0 0 0 0
2146857352299878 123740962731712 subm_end 1 0 0 0 0 0
2146857352300028 123740962731712 pump_beg 1 0 0 0 0 0
2146857352407794 123740962731712 feedend 14 0 0 0 0 0
2146857352438393 123740962731712 feedend 14 1 0 0 0 0
2146857354286236 123740962731712 outfirst 14 1 65536 0 0 0
2146857352280629 123740976093056 msgin 15 4718592 0 0 0 0
2146857352281049 123740976093056 enq 15 1 0 0 0 0
2146857354470559 123740962731712 outfirst 14 0 65536 0 0 0
2146857354489598 123740962731712 pump_end 1 2 0 0 0 0
2146857354489698 123740962731712 book_beg 1 0 0 0 0 0
2146857354489918 123740962731712 batch 15 1 1 2 2 0
2146857354490058 123740962731712 book_end 1 0 0 0 0 0
2146857354490198 123740962731712 coll_beg 0 0 0 0 0 0
2146857354578505 123740962731712 coll_end 0 0 0 0 0 0
2146857354578855 123740962731712 rel_beg 1 0 0 0 0 0
2146857354579035 123740962731712 absorb 15 0 0 0 0 0
2146857354581655 123740962731712 rel_end 1 0 0 0 0 0
2146857354581815 123740962731712 emit_beg 15 0 0 0 0 0
2146857354583285 123740962731712 dmg 0 1 0 0 1024 768
2146857354583535 123740962731712 enc 14 14 1 -1 -1 0
2146857354605154 123740962731712 emit_end 15 0 0 0 0 0
2146857354605244 123740962731712 wait_beg 0 0 0 0 0 0
2146857354585965 123740976093056 ackslot 15 14 15 14 1 0
2146857354595334 123740976093056 send 18 0 0 14 14 2
2146857354993000 123740976093056 send 176505 0 0 14 14 2
2146857355326438 123740976093056 send 140428 0 0 14 14 2
2146857355329678 123740976093056 send 14 0 0 14 14 2
2146857355329798 123740976093056 egress 15 1 0 14 0 0
2146857355329918 123740976093056 ackregion 15 15 15 14 1 0
2146857356210715 123740976093056 cliack 15 0 16 15 0 0
2146857367544082 123740962731712 wait_end 0 0 0 0 0 0
2146857367546652 123740962731712 drain_beg 0 0 0 0 0 0
2146857367546972 123740962731712 drain_end 1 0 0 0 0 0
2146857367547142 123740962731712 take 16 0 0 0 0 0
2146857367547332 123740962731712 subm_beg 1 0 0 0 0 0
2146857367547542 123740962731712 submit 16 0 0 0 0 0
2146857367547702 123740962731712 subm_end 1 0 0 0 0 0
2146857367547752 123740962731712 pump_beg 1 0 0 0 0 0
2146857367654568 123740962731712 feedend 15 0 0 0 0 0
2146857367887449 123740962731712 feedend 15 1 0 0 0 0
2146857370450266 123740962731712 outfirst 15 1 65536 0 0 0
2146857370694487 123740962731712 outfirst 15 0 65536 0 0 0
2146857370718566 123740962731712 pump_end 1 2 0 0 0 0
2146857370718746 123740962731712 book_beg 1 0 0 0 0 0
2146857370718906 123740962731712 batch 16 1 1 2 2 0
2146857370719036 123740962731712 book_end 1 0 0 0 0 0
2146857370719206 123740962731712 coll_beg 0 0 0 0 0 0
2146857370809673 123740962731712 coll_end 0 0 0 0 0 0
2146857370809943 123740962731712 rel_beg 1 0 0 0 0 0
2146857370810033 123740962731712 absorb 16 0 0 0 0 0
2146857370812043 123740962731712 rel_end 1 0 0 0 0 0
2146857370812193 123740962731712 emit_beg 16 0 0 0 0 0
2146857370813283 123740962731712 dmg 0 1 0 0 1024 768
2146857370813353 123740962731712 enc 15 15 1 -1 -1 0
2146857370829042 123740962731712 emit_end 16 0 0 0 0 0
2146857370829192 123740962731712 wait_beg 0 0 0 0 0 0
2146857367523323 123740976093056 msgin 16 4718592 0 0 0 0
2146857367523613 123740976093056 enq 16 1 0 0 0 0
2146857370819442 123740976093056 ackslot 16 15 16 15 1 0
2146857370832712 123740976093056 send 18 0 0 15 15 2
2146857371296935 123740976093056 send 134026 0 0 15 15 2
2146857371554726 123740976093056 send 112380 0 0 15 15 2
2146857371558145 123740976093056 send 14 0 0 15 15 2
2146857371558315 123740976093056 egress 16 1 0 15 0 0
2146857371558455 123740976093056 ackregion 16 16 16 15 1 0
2146857371967231 123740976093056 cliack 16 0 17 16 0 0
2146857384401277 123740962731712 wait_end 0 0 0 0 0 0
2146857384405567 123740962731712 drain_beg 0 0 0 0 0 0
2146857384406347 123740962731712 drain_end 1 0 0 0 0 0
2146857384406667 123740962731712 take 17 0 0 0 0 0
2146857384407217 123740962731712 subm_beg 1 0 0 0 0 0
2146857384408667 123740962731712 submit 17 0 0 0 0 0
2146857384408757 123740962731712 subm_end 1 0 0 0 0 0
2146857384408847 123740962731712 pump_beg 1 0 0 0 0 0
2146857384384797 123740976093056 msgin 17 4718592 0 0 0 0
2146857384386507 123740976093056 enq 17 1 0 0 0 0
2146857384569931 123740962731712 feedend 16 0 0 0 0 0
2146857384587170 123740962731712 feedend 16 1 0 0 0 0
2146857387523093 123740962731712 outfirst 16 1 65536 0 0 0
2146857387764054 123740962731712 outfirst 16 0 65536 0 0 0
2146857387807743 123740962731712 pump_end 1 2 0 0 0 0
2146857387807913 123740962731712 book_beg 1 0 0 0 0 0
2146857387808203 123740962731712 batch 17 1 1 2 2 0
2146857387808363 123740962731712 book_end 1 0 0 0 0 0
2146857387808543 123740962731712 coll_beg 0 0 0 0 0 0
2146857387960317 123740962731712 coll_end 0 0 0 0 0 0
2146857387960617 123740962731712 rel_beg 1 0 0 0 0 0
2146857387960917 123740962731712 absorb 17 0 0 0 0 0
2146857387964367 123740962731712 rel_end 1 0 0 0 0 0
2146857387964467 123740962731712 emit_beg 17 0 0 0 0 0
2146857387965667 123740962731712 dmg 0 1 0 0 1024 768
2146857387965727 123740962731712 enc 16 16 1 -1 -1 0
2146857388019075 123740962731712 emit_end 17 0 0 0 0 0
2146857388019175 123740962731712 wait_beg 0 0 0 0 0 0
2146857387976806 123740976093056 ackslot 17 16 17 16 1 0
2146857387994386 123740976093056 send 18 0 0 16 16 2
2146857388833965 123740976093056 send 215397 0 0 16 16 2
2146857389588358 123740976093056 send 192264 0 0 16 16 2
2146857389592407 123740976093056 send 14 0 0 16 16 2
2146857389592727 123740976093056 egress 17 1 0 16 0 0
2146857389593397 123740976093056 ackregion 17 17 17 16 1 0
2146857389690314 123740976093056 cliack 17 0 18 17 0 0
2146857399580713 123740962731712 wait_end 0 0 0 0 0 0
2146857399584183 123740962731712 drain_beg 0 0 0 0 0 0
2146857399584533 123740962731712 drain_end 1 0 0 0 0 0
2146857399584683 123740962731712 take 18 0 0 0 0 0
2146857399585123 123740962731712 subm_beg 1 0 0 0 0 0
2146857399585843 123740962731712 submit 18 0 0 0 0 0
2146857399586003 123740962731712 subm_end 1 0 0 0 0 0
2146857399586053 123740962731712 pump_beg 1 0 0 0 0 0
2146857399799235 123740962731712 feedend 17 0 0 0 0 0
2146857399805145 123740962731712 feedend 17 1 0 0 0 0
2146857403257499 123740962731712 outfirst 17 0 65536 0 0 0
2146857403298018 123740962731712 outfirst 17 1 65536 0 0 0
2146857403347586 123740962731712 pump_end 1 2 0 0 0 0
2146857403348196 123740962731712 book_beg 1 0 0 0 0 0
2146857403349556 123740962731712 batch 18 1 1 2 2 0
2146857403349606 123740962731712 book_end 1 0 0 0 0 0
2146857403349846 123740962731712 coll_beg 0 0 0 0 0 0
2146857403499250 123740962731712 coll_end 0 0 0 0 0 0
2146857403499530 123740962731712 rel_beg 1 0 0 0 0 0
2146857403500540 123740962731712 absorb 18 0 0 0 0 0
2146857403510520 123740962731712 rel_end 1 0 0 0 0 0
2146857403510650 123740962731712 emit_beg 18 0 0 0 0 0
2146857403514830 123740962731712 dmg 0 1 0 0 1024 768
2146857403515120 123740962731712 enc 17 17 1 -1 -1 0
2146857403548118 123740962731712 emit_end 18 0 0 0 0 0
2146857403548268 123740962731712 wait_beg 0 0 0 0 0 0
2146857399556484 123740976093056 msgin 18 4718592 0 0 0 0
2146857399557464 123740976093056 enq 18 1 0 0 0 0
2146857403549648 123740976093056 ackslot 18 17 18 17 1 0
2146857403748251 123740976093056 send 18 0 0 17 17 2
2146857404567641 123740976093056 send 187623 0 0 17 17 2
2146857405144640 123740976093056 send 159594 0 0 17 17 2
2146857405152240 123740976093056 send 14 0 0 17 17 2
2146857405153060 123740976093056 egress 18 1 0 17 0 0
2146857405153340 123740976093056 ackregion 18 18 18 17 1 0
2146857405587944 123740976093056 cliack 18 0 19 18 0 0
2146857416186197 123740962731712 wait_end 0 0 0 0 0 0
2146857416188607 123740962731712 drain_beg 0 0 0 0 0 0
2146857416188967 123740962731712 drain_end 1 0 0 0 0 0
2146857416189137 123740962731712 take 19 0 0 0 0 0
2146857416189567 123740962731712 subm_beg 1 0 0 0 0 0
2146857416191317 123740962731712 submit 19 0 0 0 0 0
2146857416191517 123740962731712 subm_end 1 0 0 0 0 0
2146857416191567 123740962731712 pump_beg 1 0 0 0 0 0
2146857416374720 123740962731712 feedend 18 0 0 0 0 0
2146857416378250 123740962731712 feedend 18 1 0 0 0 0
2146857419320533 123740962731712 outfirst 18 1 65536 0 0 0
2146857419553934 123740962731712 outfirst 18 0 65536 0 0 0
2146857419579553 123740962731712 pump_end 1 2 0 0 0 0
2146857419580133 123740962731712 book_beg 1 0 0 0 0 0
2146857419581833 123740962731712 batch 19 1 1 2 2 0
2146857419581993 123740962731712 book_end 1 0 0 0 0 0
2146857419582143 123740962731712 coll_beg 0 0 0 0 0 0
2146857419714309 123740962731712 coll_end 0 0 0 0 0 0
2146857419714589 123740962731712 rel_beg 1 0 0 0 0 0
2146857419715449 123740962731712 absorb 19 0 0 0 0 0
2146857419724768 123740962731712 rel_end 1 0 0 0 0 0
2146857419724888 123740962731712 emit_beg 19 0 0 0 0 0
2146857419729268 123740962731712 dmg 0 1 0 0 1024 768
2146857419729568 123740962731712 enc 18 18 1 -1 -1 0
2146857419756497 123740962731712 emit_end 19 0 0 0 0 0
2146857419756647 123740962731712 wait_beg 0 0 0 0 0 0
2146857416174498 123740976093056 msgin 19 4718592 0 0 0 0
2146857416175338 123740976093056 enq 19 1 0 0 0 0
2146857419762857 123740976093056 ackslot 19 18 19 18 1 0
2146857419930061 123740976093056 send 18 0 0 18 18 2
2146857420648254 123740976093056 send 166410 0 0 18 18 2
2146857421182085 123740976093056 send 130298 0 0 18 18 2
2146857421189195 123740976093056 send 14 0 0 18 18 2
2146857421189655 123740976093056 egress 19 1 0 18 0 0
2146857421190135 123740976093056 ackregion 19 19 19 18 1 0
2146857421874110 123740976093056 cliack 19 0 20 19 0 0
2146857431828417 123740962731712 wait_end 0 0 0 0 0 0
2146857431830297 123740962731712 drain_beg 0 0 0 0 0 0
2146857431830537 123740962731712 drain_end 1 0 0 0 0 0
2146857431830687 123740962731712 take 20 0 0 0 0 0
2146857431830897 123740962731712 subm_beg 1 0 0 0 0 0
2146857431831357 123740962731712 submit 20 0 0 0 0 0
2146857431831507 123740962731712 subm_end 1 0 0 0 0 0
2146857431831527 123740962731712 pump_beg 1 0 0 0 0 0
2146857431968262 123740962731712 feedend 19 0 0 0 0 0
2146857431972061 123740962731712 feedend 19 1 0 0 0 0
2146857431818507 123740976093056 msgin 20 4718592 0 0 0 0
2146857431819347 123740976093056 enq 20 1 0 0 0 0
2146857435331319 123740962731712 outfirst 19 0 65536 0 0 0
2146857435394387 123740962731712 outfirst 19 1 65536 0 0 0
2146857435439225 123740962731712 pump_end 1 2 0 0 0 0
2146857435439805 123740962731712 book_beg 1 0 0 0 0 0
2146857435441305 123740962731712 batch 20 1 1 2 2 0
2146857435441355 123740962731712 book_end 1 0 0 0 0 0
2146857435441515 123740962731712 coll_beg 0 0 0 0 0 0
2146857435574870 123740962731712 coll_end 0 0 0 0 0 0
2146857435575150 123740962731712 rel_beg 1 0 0 0 0 0
2146857435576160 123740962731712 absorb 20 0 0 0 0 0
2146857435586050 123740962731712 rel_end 1 0 0 0 0 0
2146857435586220 123740962731712 emit_beg 20 0 0 0 0 0
2146857435590479 123740962731712 dmg 0 1 0 0 1024 768
2146857435590779 123740962731712 enc 19 19 1 -1 -1 0
2146857435625218 123740962731712 emit_end 20 0 0 0 0 0
2146857435625398 123740962731712 wait_beg 0 0 0 0 0 0
2146857435624328 123740976093056 ackslot 20 19 20 19 1 0
2146857435803122 123740976093056 send 18 0 0 19 19 2
2146857436476357 123740976093056 send 187089 0 0 19 19 2
2146857436870503 123740976093056 send 157430 0 0 19 19 2
2146857436878932 123740976093056 send 14 0 0 19 19 2
2146857436879752 123740976093056 egress 20 1 0 19 0 0
2146857436880162 123740976093056 ackregion 20 20 20 19 1 0
2146857437743341 123740976093056 cliack 20 0 21 20 0 0
2146857447707577 123740962731712 wait_end 0 0 0 0 0 0
2146857447709477 123740962731712 drain_beg 0 0 0 0 0 0
2146857447709857 123740962731712 drain_end 1 0 0 0 0 0
2146857447710017 123740962731712 take 21 0 0 0 0 0
2146857447710507 123740962731712 subm_beg 1 0 0 0 0 0
2146857447711487 123740962731712 submit 21 0 0 0 0 0
2146857447713867 123740962731712 subm_end 1 0 0 0 0 0
2146857447713897 123740962731712 pump_beg 1 0 0 0 0 0
2146857447866852 123740962731712 feedend 20 0 0 0 0 0
2146857447870591 123740962731712 feedend 20 1 0 0 0 0
2146857450881002 123740962731712 outfirst 20 1 65536 0 0 0
2146857450948859 123740962731712 outfirst 20 0 65536 0 0 0
2146857450985298 123740962731712 pump_end 1 2 0 0 0 0
2146857450985868 123740962731712 book_beg 1 0 0 0 0 0
2146857450987068 123740962731712 batch 21 1 1 2 2 0
2146857450987218 123740962731712 book_end 1 0 0 0 0 0
2146857450987268 123740962731712 coll_beg 0 0 0 0 0 0
2146857451120153 123740962731712 coll_end 0 0 0 0 0 0
2146857451120203 123740962731712 rel_beg 1 0 0 0 0 0
2146857451121003 123740962731712 absorb 21 0 0 0 0 0
2146857451127883 123740962731712 rel_end 1 0 0 0 0 0
2146857451128093 123740962731712 emit_beg 21 0 0 0 0 0
2146857451130632 123740962731712 dmg 0 1 0 0 1024 768
2146857451130982 123740962731712 enc 20 20 1 -1 -1 0
2146857451155172 123740962731712 emit_end 21 0 0 0 0 0
2146857451155372 123740962731712 wait_beg 0 0 0 0 0 0
2146857452471593 123740962731712 wait_end 0 0 0 0 0 0
2146857452474923 123740962731712 drain_beg 0 0 0 0 0 0
2146857452475353 123740962731712 drain_end 1 0 0 0 0 0
2146857452475603 123740962731712 take 22 0 0 0 0 0
2146857452476093 123740962731712 subm_beg 1 0 0 0 0 0
2146857452477233 123740962731712 submit 22 0 0 0 0 0
2146857452477393 123740962731712 subm_end 1 0 0 0 0 0
2146857452477443 123740962731712 pump_beg 1 0 0 0 0 0
2146857452625138 123740962731712 feedend 21 0 0 0 0 0
2146857452669596 123740962731712 feedend 21 1 0 0 0 0
2146857447698448 123740976093056 msgin 21 4718592 0 0 0 0
2146857447698688 123740976093056 enq 21 1 0 0 0 0
2146857451162951 123740976093056 ackslot 21 20 21 20 1 0
2146857451286417 123740976093056 send 18 0 0 20 20 2
2146857451870845 123740976093056 send 157661 0 0 20 20 2
2146857452326329 123740976093056 send 128828 0 0 20 20 2
2146857452331699 123740976093056 send 14 0 0 20 20 2
2146857452332049 123740976093056 egress 21 1 0 20 0 0
2146857452332229 123740976093056 ackregion 21 21 21 20 1 0
2146857452458484 123740976093056 msgin 22 4718592 0 0 0 0
2146857452459034 123740976093056 enq 22 1 0 0 0 0
2146857452965675 123740976093056 cliack 21 0 22 21 0 0
2146857455800852 123740962731712 outfirst 21 1 65536 0 0 0
2146857456175138 123740962731712 outfirst 21 0 65536 0 0 0
2146857456199497 123740962731712 pump_end 1 2 0 0 0 0
2146857456199667 123740962731712 book_beg 1 0 0 0 0 0
2146857456199827 123740962731712 batch 22 1 1 2 2 0
2146857456199857 123740962731712 book_end 1 0 0 0 0 0
2146857456200007 123740962731712 coll_beg 0 0 0 0 0 0
2146857456301324 123740962731712 coll_end 0 0 0 0 0 0
2146857456301814 123740962731712 rel_beg 1 0 0 0 0 0
2146857456301914 123740962731712 absorb 22 0 0 0 0 0
2146857456303124 123740962731712 rel_end 1 0 0 0 0 0
2146857456303284 123740962731712 emit_beg 22 0 0 0 0 0
2146857456304094 123740962731712 dmg 0 1 0 0 1024 768
2146857456304144 123740962731712 enc 21 21 1 -1 -1 0
2146857456323973 123740962731712 emit_end 22 0 0 0 0 0
2146857456324133 123740962731712 wait_beg 0 0 0 0 0 0
2146857456323763 123740976093056 ackslot 22 21 22 21 1 0
2146857456347762 123740976093056 send 18 0 0 21 21 2
2146857457052076 123740976093056 send 201258 0 0 21 21 2
2146857457568618 123740976093056 send 167530 0 0 21 21 2
2146857457574187 123740976093056 send 14 0 0 21 21 2
2146857457574507 123740976093056 egress 22 1 0 21 0 0
2146857457574647 123740976093056 ackregion 22 22 22 21 1 0
2146857458273062 123740976093056 cliack 22 0 23 22 0 0
2146857467333031 123740962731712 wait_end 0 0 0 0 0 0
2146857467335431 123740962731712 drain_beg 0 0 0 0 0 0
2146857467335681 123740962731712 drain_end 1 0 0 0 0 0
2146857467335841 123740962731712 take 23 0 0 0 0 0
2146857467336121 123740962731712 subm_beg 1 0 0 0 0 0
2146857467336601 123740962731712 submit 23 0 0 0 0 0
2146857467336741 123740962731712 subm_end 1 0 0 0 0 0
2146857467336791 123740962731712 pump_beg 1 0 0 0 0 0
2146857467502895 123740962731712 feedend 22 0 0 0 0 0
2146857467508695 123740962731712 feedend 22 1 0 0 0 0
2146857470308423 123740962731712 outfirst 22 1 65536 0 0 0
2146857470729277 123740962731712 outfirst 22 0 65536 0 0 0
2146857470746097 123740962731712 pump_end 1 2 0 0 0 0
2146857470746227 123740962731712 book_beg 1 0 0 0 0 0
2146857470746407 123740962731712 batch 23 1 1 2 2 0
2146857470746557 123740962731712 book_end 1 0 0 0 0 0
2146857470746727 123740962731712 coll_beg 0 0 0 0 0 0
2146857470846853 123740962731712 coll_end 0 0 0 0 0 0
2146857470847163 123740962731712 rel_beg 1 0 0 0 0 0
2146857470847493 123740962731712 absorb 23 0 0 0 0 0
2146857470851063 123740962731712 rel_end 1 0 0 0 0 0
2146857470851103 123740962731712 emit_beg 23 0 0 0 0 0
2146857470852073 123740962731712 dmg 0 1 0 0 1024 768
2146857470852233 123740962731712 enc 22 22 1 -1 -1 0
2146857470870082 123740962731712 emit_end 23 0 0 0 0 0
2146857470870142 123740962731712 wait_beg 0 0 0 0 0 0
2146857472267931 123740962731712 wait_end 0 0 0 0 0 0
2146857472269431 123740962731712 drain_beg 0 0 0 0 0 0
2146857472269621 123740962731712 drain_end 1 0 0 0 0 0
2146857472269741 123740962731712 take 24 0 0 0 0 0
2146857472269891 123740962731712 subm_beg 1 0 0 0 0 0
2146857472270001 123740962731712 submit 24 0 0 0 0 0
2146857472270121 123740962731712 subm_end 1 0 0 0 0 0
2146857472270151 123740962731712 pump_beg 1 0 0 0 0 0
2146857472373137 123740962731712 feedend 23 0 0 0 0 0
2146857472390127 123740962731712 feedend 23 1 0 0 0 0
2146857467322692 123740976093056 msgin 23 4718592 0 0 0 0
2146857467323322 123740976093056 enq 23 1 0 0 0 0
2146857470875272 123740976093056 ackslot 23 22 23 22 1 0
2146857470900161 123740976093056 send 18 0 0 22 22 2
2146857471437791 123740976093056 send 153920 0 0 22 22 2
2146857471781769 123740976093056 send 129041 0 0 22 22 2
2146857471785369 123740976093056 send 14 0 0 22 22 2
2146857471785569 123740976093056 egress 23 1 0 22 0 0
2146857471785759 123740976093056 ackregion 23 23 23 22 1 0
2146857472261301 123740976093056 msgin 24 4718592 0 0 0 0
2146857472261521 123740976093056 enq 24 1 0 0 0 0
2146857472661547 123740976093056 cliack 23 0 24 23 0 0
2146857475417586 123740962731712 outfirst 23 1 65536 0 0 0
2146857475773073 123740962731712 outfirst 23 0 65536 0 0 0
2146857475798572 123740962731712 pump_end 1 2 0 0 0 0
2146857475803672 123740962731712 book_beg 1 0 0 0 0 0
2146857475803752 123740962731712 batch 24 1 1 2 2 0
2146857475803782 123740962731712 book_end 1 0 0 0 0 0
2146857475803812 123740962731712 coll_beg 0 0 0 0 0 0
2146857475875770 123740962731712 coll_end 0 0 0 0 0 0
2146857475875800 123740962731712 rel_beg 1 0 0 0 0 0
2146857475875900 123740962731712 absorb 24 0 0 0 0 0
2146857475877280 123740962731712 rel_end 1 0 0 0 0 0
2146857475877310 123740962731712 emit_beg 24 0 0 0 0 0
2146857475878040 123740962731712 dmg 0 1 0 0 1024 768
2146857475878090 123740962731712 enc 23 23 1 -1 -1 0
2146857475893359 123740962731712 emit_end 24 0 0 0 0 0
2146857475893399 123740962731712 wait_beg 0 0 0 0 0 0
2146857475883489 123740976093056 ackslot 24 23 24 23 1 0
2146857475898879 123740976093056 send 18 0 0 23 23 2
2146857476283095 123740976093056 send 161511 0 0 23 23 2
2146857476590554 123740976093056 send 132009 0 0 23 23 2
2146857476593943 123740976093056 send 14 0 0 23 23 2
2146857476594253 123740976093056 egress 24 1 0 23 0 0
2146857476594393 123740976093056 ackregion 24 24 24 23 1 0
2146857477434053 123740976093056 cliack 24 0 25 24 0 0
2146857488051325 123740962731712 wait_end 0 0 0 0 0 0
2146857488054075 123740962731712 drain_beg 0 0 0 0 0 0
2146857488054385 123740962731712 drain_end 1 0 0 0 0 0
2146857488054555 123740962731712 take 25 0 0 0 0 0
2146857488054775 123740962731712 subm_beg 1 0 0 0 0 0
2146857488055035 123740962731712 submit 25 0 0 0 0 0
2146857488055205 123740962731712 subm_end 1 0 0 0 0 0
2146857488055375 123740962731712 pump_beg 1 0 0 0 0 0
2146857488161941 123740962731712 feedend 24 0 0 0 0 0
2146857488218419 123740962731712 feedend 24 1 0 0 0 0
2146857491023587 123740962731712 outfirst 24 1 65536 0 0 0
2146857491403103 123740962731712 outfirst 24 0 65536 0 0 0
2146857491417173 123740962731712 pump_end 1 2 0 0 0 0
2146857491417323 123740962731712 book_beg 1 0 0 0 0 0
2146857491417573 123740962731712 batch 25 1 1 2 2 0
2146857491417743 123740962731712 book_end 1 0 0 0 0 0
2146857491417913 123740962731712 coll_beg 0 0 0 0 0 0
2146857491510809 123740962731712 coll_end 0 0 0 0 0 0
2146857491511099 123740962731712 rel_beg 1 0 0 0 0 0
2146857491511279 123740962731712 absorb 25 0 0 0 0 0
2146857491513509 123740962731712 rel_end 1 0 0 0 0 0
2146857491513589 123740962731712 emit_beg 25 0 0 0 0 0
2146857491514869 123740962731712 dmg 0 1 0 0 1024 768
2146857491514909 123740962731712 enc 24 24 1 -1 -1 0
2146857491533838 123740962731712 emit_end 25 0 0 0 0 0
2146857491533948 123740962731712 wait_beg 0 0 0 0 0 0
2146857488030616 123740976093056 msgin 25 4718592 0 0 0 0
2146857488030926 123740976093056 enq 25 1 0 0 0 0
2146857491518159 123740976093056 ackslot 25 24 25 24 1 0
2146857491531678 123740976093056 send 18 0 0 24 24 2
2146857491830948 123740976093056 send 133647 0 0 24 24 2
2146857492081898 123740976093056 send 111465 0 0 24 24 2
2146857492085138 123740976093056 send 14 0 0 24 24 2
2146857492085338 123740976093056 egress 25 1 0 24 0 0
2146857492085478 123740976093056 ackregion 25 25 25 24 1 0
2146857492383317 123740976093056 cliack 25 0 26 25 0 0
2146857504226335 123740962731712 wait_end 0 0 0 0 0 0
2146857504227865 123740962731712 drain_beg 0 0 0 0 0 0
2146857504228085 123740962731712 drain_end 1 0 0 0 0 0
2146857504228225 123740962731712 take 26 0 0 0 0 0
2146857504228375 123740962731712 subm_beg 1 0 0 0 0 0
2146857504228635 123740962731712 submit 26 0 0 0 0 0
2146857504228775 123740962731712 subm_end 1 0 0 0 0 0
2146857504228805 123740962731712 pump_beg 1 0 0 0 0 0
2146857504322332 123740962731712 feedend 25 0 0 0 0 0
2146857504354531 123740962731712 feedend 25 1 0 0 0 0
2146857504218056 123740976093056 msgin 26 4718592 0 0 0 0
2146857504218346 123740976093056 enq 26 1 0 0 0 0
2146857507296283 123740962731712 outfirst 25 1 65536 0 0 0
2146857507816864 123740962731712 outfirst 25 0 65536 0 0 0
2146857507835844 123740962731712 pump_end 1 2 0 0 0 0
2146857507836024 123740962731712 book_beg 1 0 0 0 0 0
2146857507836184 123740962731712 batch 26 1 1 2 2 0
2146857507836244 123740962731712 book_end 1 0 0 0 0 0
2146857507836404 123740962731712 coll_beg 0 0 0 0 0 0
2146857507943900 123740962731712 coll_end 0 0 0 0 0 0
2146857507944180 123740962731712 rel_beg 1 0 0 0 0 0
2146857507944320 123740962731712 absorb 26 0 0 0 0 0
2146857507946360 123740962731712 rel_end 1 0 0 0 0 0
2146857507946540 123740962731712 emit_beg 26 0 0 0 0 0
2146857507947690 123740962731712 dmg 0 1 0 0 1024 768
2146857507947790 123740962731712 enc 25 25 1 -1 -1 0
2146857507968379 123740962731712 emit_end 26 0 0 0 0 0
2146857507968559 123740962731712 wait_beg 0 0 0 0 0 0
2146857507950889 123740976093056 ackslot 26 25 26 25 1 0
2146857507960679 123740976093056 send 18 0 0 25 25 2
2146857508350875 123740976093056 send 173112 0 0 25 25 2
2146857508653554 123740976093056 send 135173 0 0 25 25 2
2146857508656934 123740976093056 send 14 0 0 25 25 2
2146857508657254 123740976093056 egress 26 1 0 25 0 0
2146857508657384 123740976093056 ackregion 26 26 26 25 1 0
2146857509024000 123740976093056 cliack 26 0 27 26 0 0
2146857520102976 123740962731712 wait_end 0 0 0 0 0 0
2146857520105396 123740962731712 drain_beg 0 0 0 0 0 0
2146857520105706 123740962731712 drain_end 1 0 0 0 0 0
2146857520105886 123740962731712 take 27 0 0 0 0 0
2146857520106036 123740962731712 subm_beg 1 0 0 0 0 0
2146857520106196 123740962731712 submit 27 0 0 0 0 0
2146857520106346 123740962731712 subm_end 1 0 0 0 0 0
2146857520106496 123740962731712 pump_beg 1 0 0 0 0 0
2146857520199113 123740962731712 feedend 26 0 0 0 0 0
2146857520255831 123740962731712 feedend 26 1 0 0 0 0
2146857523211453 123740962731712 outfirst 26 1 65536 0 0 0
2146857523503652 123740962731712 outfirst 26 0 65536 0 0 0
2146857523519751 123740962731712 pump_end 1 2 0 0 0 0
2146857523519911 123740962731712 book_beg 1 0 0 0 0 0
2146857523520081 123740962731712 batch 27 1 1 2 2 0
2146857523520111 123740962731712 book_end 1 0 0 0 0 0
2146857523520131 123740962731712 coll_beg 0 0 0 0 0 0
2146857523617828 123740962731712 coll_end 0 0 0 0 0 0
2146857523617898 123740962731712 rel_beg 1 0 0 0 0 0
2146857523618078 123740962731712 absorb 27 0 0 0 0 0
2146857523623228 123740962731712 rel_end 1 0 0 0 0 0
2146857523623258 123740962731712 emit_beg 27 0 0 0 0 0
2146857523624078 123740962731712 dmg 0 1 0 0 1024 768
2146857523624168 123740962731712 enc 26 26 1 -1 -1 0
2146857523643207 123740962731712 emit_end 27 0 0 0 0 0
2146857523643267 123740962731712 wait_beg 0 0 0 0 0 0
2146857520082977 123740976093056 msgin 27 4718592 0 0 0 0
2146857520083287 123740976093056 enq 27 1 0 0 0 0
2146857523627757 123740976093056 ackslot 27 26 27 26 1 0
2146857523641287 123740976093056 send 18 0 0 26 26 2
2146857523969075 123740976093056 send 149348 0 0 26 26 2
2146857524255545 123740976093056 send 130775 0 0 26 26 2
2146857524258874 123740976093056 send 14 0 0 26 26 2
2146857524259014 123740976093056 egress 27 1 0 26 0 0
2146857524259164 123740976093056 ackregion 27 27 27 26 1 0
2146857524601812 123740976093056 cliack 27 0 28 27 0 0
2146857535859661 123740962731712 wait_end 0 0 0 0 0 0
2146857535864431 123740962731712 drain_beg 0 0 0 0 0 0
2146857535865211 123740962731712 drain_end 1 0 0 0 0 0
2146857535865371 123740962731712 take 28 0 0 0 0 0
2146857535865941 123740962731712 subm_beg 1 0 0 0 0 0
2146857535867041 123740962731712 submit 28 0 0 0 0 0
2146857535867231 123740962731712 subm_end 1 0 0 0 0 0
2146857535867291 123740962731712 pump_beg 1 0 0 0 0 0
2146857536033795 123740962731712 feedend 27 0 0 0 0 0
2146857536054714 123740962731712 feedend 27 1 0 0 0 0
2146857539952312 123740962731712 outfirst 27 1 65536 0 0 0
2146857540257091 123740962731712 outfirst 27 0 65536 0 0 0
2146857540333248 123740962731712 pump_end 1 2 0 0 0 0
2146857540333458 123740962731712 book_beg 1 0 0 0 0 0
2146857540333788 123740962731712 batch 28 1 1 2 2 0
2146857540333838 123740962731712 book_end 1 0 0 0 0 0
2146857540333998 123740962731712 coll_beg 0 0 0 0 0 0
2146857540530401 123740962731712 coll_end 0 0 0 0 0 0
2146857540530601 123740962731712 rel_beg 1 0 0 0 0 0
2146857540530941 123740962731712 absorb 28 0 0 0 0 0
2146857540534171 123740962731712 rel_end 1 0 0 0 0 0
2146857540534341 123740962731712 emit_beg 28 0 0 0 0 0
2146857540535281 123740962731712 dmg 0 1 0 0 1024 768
2146857540535351 123740962731712 enc 27 27 1 -1 -1 0
2146857540615638 123740962731712 emit_end 28 0 0 0 0 0
2146857540615678 123740962731712 wait_beg 0 0 0 0 0 0
2146857535831042 123740976093056 msgin 28 4718592 0 0 0 0
2146857535833122 123740976093056 enq 28 1 0 0 0 0
2146857540549020 123740976093056 ackslot 28 27 28 27 1 0
2146857540574809 123740976093056 send 18 0 0 27 27 2
2146857541415169 123740976093056 send 247430 0 0 27 27 2
2146857541915070 123740976093056 send 223466 0 0 27 27 2
2146857541918780 123740976093056 send 14 0 0 27 27 2
2146857541919020 123740976093056 egress 28 1 0 27 0 0
2146857541919180 123740976093056 ackregion 28 28 28 27 1 0
2146857542513778 123740976093056 cliack 28 0 29 28 0 0
2146857552224064 123740962731712 wait_end 0 0 0 0 0 0
2146857552226574 123740962731712 drain_beg 0 0 0 0 0 0
2146857552226824 123740962731712 drain_end 1 0 0 0 0 0
2146857552226974 123740962731712 take 29 0 0 0 0 0
2146857552227314 123740962731712 subm_beg 1 0 0 0 0 0
2146857552227674 123740962731712 submit 29 0 0 0 0 0
2146857552227824 123740962731712 subm_end 1 0 0 0 0 0
2146857552227874 123740962731712 pump_beg 1 0 0 0 0 0
2146857552376079 123740962731712 feedend 28 0 0 0 0 0
2146857552381509 123740962731712 feedend 28 1 0 0 0 0
2146857555452127 123740962731712 outfirst 28 1 65536 0 0 0
2146857552198925 123740976093056 msgin 29 4718592 0 0 0 0
2146857552199405 123740976093056 enq 29 1 0 0 0 0
2146857555853732 123740962731712 outfirst 28 0 65536 0 0 0
2146857555871101 123740962731712 pump_end 1 2 0 0 0 0
2146857555871241 123740962731712 book_beg 1 0 0 0 0 0
2146857555871571 123740962731712 batch 29 1 1 2 2 0
2146857555871701 123740962731712 book_end 1 0 0 0 0 0
2146857555871841 123740962731712 coll_beg 0 0 0 0 0 0
2146857555978847 123740962731712 coll_end 0 0 0 0 0 0
2146857555979127 123740962731712 rel_beg 1 0 0 0 0 0
2146857555979527 123740962731712 absorb 29 0 0 0 0 0
2146857555983447 123740962731712 rel_end 1 0 0 0 0 0
2146857555983577 123740962731712 emit_beg 29 0 0 0 0 0
2146857555984897 123740962731712 dmg 0 1 0 0 1024 768
2146857555985037 123740962731712 enc 28 28 1 -1 -1 0
2146857556008636 123740962731712 emit_end 29 0 0 0 0 0
2146857556008666 123740962731712 wait_beg 0 0 0 0 0 0
2146857555992217 123740976093056 ackslot 29 28 29 28 1 0
2146857556007696 123740976093056 send 18 0 0 28 28 2
2146857556382213 123740976093056 send 159343 0 0 28 28 2
2146857556691851 123740976093056 send 135472 0 0 28 28 2
2146857556695581 123740976093056 send 14 0 0 28 28 2
2146857556695751 123740976093056 egress 29 1 0 28 0 0
2146857556695901 123740976093056 ackregion 29 29 29 28 1 0
2146857557538930 123740976093056 cliack 29 0 30 29 0 0
2146857568370545 123740962731712 wait_end 0 0 0 0 0 0
2146857568374105 123740962731712 drain_beg 0 0 0 0 0 0
2146857568374425 123740962731712 drain_end 1 0 0 0 0 0
2146857568374625 123740962731712 take 30 0 0 0 0 0
2146857568374795 123740962731712 subm_beg 1 0 0 0 0 0
2146857568375025 123740962731712 submit 30 0 0 0 0 0
2146857568375155 123740962731712 subm_end 1 0 0 0 0 0
2146857568375185 123740962731712 pump_beg 1 0 0 0 0 0
2146857568491051 123740962731712 feedend 29 0 0 0 0 0
2146857568531479 123740962731712 feedend 29 1 0 0 0 0
2146857571457893 123740962731712 outfirst 29 1 65536 0 0 0
2146857571805110 123740962731712 outfirst 29 0 65536 0 0 0
2146857571831999 123740962731712 pump_end 1 2 0 0 0 0
2146857571832199 123740962731712 book_beg 1 0 0 0 0 0
2146857571832349 123740962731712 batch 30 1 1 2 2 0
2146857571832379 123740962731712 book_end 1 0 0 0 0 0
2146857571832519 123740962731712 coll_beg 0 0 0 0 0 0
2146857571933135 123740962731712 coll_end 0 0 0 0 0 0
2146857571933295 123740962731712 rel_beg 1 0 0 0 0 0
2146857571933375 123740962731712 absorb 30 0 0 0 0 0
2146857571935315 123740962731712 rel_end 1 0 0 0 0 0
2146857571935495 123740962731712 emit_beg 30 0 0 0 0 0
2146857571936065 123740962731712 dmg 0 1 0 0 1024 768
2146857571936095 123740962731712 enc 29 29 1 -1 -1 0
2146857571954794 123740962731712 emit_end 30 0 0 0 0 0
2146857571954974 123740962731712 wait_beg 0 0 0 0 0 0
2146857568347816 123740976093056 msgin 30 4718592 0 0 0 0
2146857568348106 123740976093056 enq 30 1 0 0 0 0
2146857571940185 123740976093056 ackslot 30 29 30 29 1 0
2146857571950045 123740976093056 send 18 0 0 29 29 2
2146857572296852 123740976093056 send 150198 0 0 29 29 2
2146857572580842 123740976093056 send 129770 0 0 29 29 2
2146857572584521 123740976093056 send 14 0 0 29 29 2
2146857572584761 123740976093056 egress 30 1 0 29 0 0
2146857572584921 123740976093056 ackregion 30 30 30 29 1 0
2146857573454320 123740976093056 cliack 30 0 31 30 0 0
2146857583907188 123740962731712 wait_end 0 0 0 0 0 0
2146857583909738 123740962731712 drain_beg 0 0 0 0 0 0
2146857583912378 123740962731712 drain_end 1 0 0 0 0 0
2146857583912558 123740962731712 take 31 0 0 0 0 0
2146857583912768 123740962731712 subm_beg 1 0 0 0 0 0
2146857583913028 123740962731712 submit 31 0 0 0 0 0
2146857583913078 123740962731712 subm_end 1 0 0 0 0 0
2146857583913138 123740962731712 pump_beg 1 0 0 0 0 0
2146857584035204 123740962731712 feedend 30 0 0 0 0 0
2146857584068972 123740962731712 feedend 30 1 0 0 0 0
2146857583887209 123740976093056 msgin 31 4718592 0 0 0 0
2146857583887509 123740976093056 enq 31 1 0 0 0 0
2146857586978966 123740962731712 outfirst 30 1 65536 0 0 0
2146857587436160 123740962731712 outfirst 30 0 65536 0 0 0
2146857587453999 123740962731712 pump_end 1 2 0 0 0 0
2146857587454059 123740962731712 book_beg 1 0 0 0 0 0
2146857587454209 123740962731712 batch 31 1 1 2 2 0
2146857587454349 123740962731712 book_end 1 0 0 0 0 0
2146857587454499 123740962731712 coll_beg 0 0 0 0 0 0
2146857587551735 123740962731712 coll_end 0 0 0 0 0 0
2146857587552005 123740962731712 rel_beg 1 0 0 0 0 0
2146857587552175 123740962731712 absorb 31 0 0 0 0 0
2146857587554095 123740962731712 rel_end 1 0 0 0 0 0
2146857587554155 123740962731712 emit_beg 31 0 0 0 0 0
2146857587555105 123740962731712 dmg 0 1 0 0 1024 768
2146857587555255 123740962731712 enc 30 30 1 -1 -1 0
2146857587573895 123740962731712 emit_end 31 0 0 0 0 0
2146857587573925 123740962731712 wait_beg 0 0 0 0 0 0
2146857588261279 123740962731712 wait_end 0 0 0 0 0 0
2146857588262969 123740962731712 drain_beg 0 0 0 0 0 0
2146857588263229 123740962731712 drain_end 1 0 0 0 0 0
2146857588263419 123740962731712 take 32 0 0 0 0 0
2146857588263569 123740962731712 subm_beg 1 0 0 0 0 0
2146857588263729 123740962731712 submit 32 0 0 0 0 0
2146857588263789 123740962731712 subm_end 1 0 0 0 0 0
2146857588263839 123740962731712 pump_beg 1 0 0 0 0 0
2146857588358306 123740962731712 feedend 31 0 0 0 0 0
2146857588421124 123740962731712 feedend 31 1 0 0 0 0
2146857591341137 123740962731712 outfirst 31 1 65536 0 0 0
2146857591741632 123740962731712 outfirst 31 0 65536 0 0 0
2146857591756692 123740962731712 pump_end 1 2 0 0 0 0
2146857591756792 123740962731712 book_beg 1 0 0 0 0 0
2146857591756852 123740962731712 batch 32 1 1 2 2 0
2146857591756882 123740962731712 book_end 1 0 0 0 0 0
2146857591756912 123740962731712 coll_beg 0 0 0 0 0 0
2146857591822080 123740962731712 coll_end 0 0 0 0 0 0
2146857591822150 123740962731712 rel_beg 1 0 0 0 0 0
2146857591822240 123740962731712 absorb 32 0 0 0 0 0
2146857591823460 123740962731712 rel_end 1 0 0 0 0 0
2146857591823480 123740962731712 emit_beg 32 0 0 0 0 0
2146857591823979 123740962731712 dmg 0 1 0 0 1024 768
2146857591824029 123740962731712 enc 31 31 1 -1 -1 0
2146857591838959 123740962731712 emit_end 32 0 0 0 0 0
2146857591838989 123740962731712 wait_beg 0 0 0 0 0 0
2146857592564413 123740962731712 wait_end 0 0 0 0 0 0
2146857592565472 123740962731712 drain_beg 0 0 0 0 0 0
2146857592565582 123740962731712 drain_end 1 0 0 0 0 0
2146857592565702 123740962731712 take 33 0 0 0 0 0
2146857592565782 123740962731712 subm_beg 1 0 0 0 0 0
2146857592565892 123740962731712 submit 33 0 0 0 0 0
2146857592565922 123740962731712 subm_end 1 0 0 0 0 0
2146857592565952 123740962731712 pump_beg 1 0 0 0 0 0
2146857592660439 123740962731712 feedend 32 0 0 0 0 0
2146857592665829 123740962731712 feedend 32 1 0 0 0 0
2146857595727847 123740962731712 outfirst 32 1 65536 0 0 0
2146857587558855 123740976093056 ackslot 31 30 31 30 1 0
2146857587567215 123740976093056 send 18 0 0 30 30 2
2146857587907172 123740976093056 send 154323 0 0 30 30 2
2146857588193752 123740976093056 send 128942 0 0 30 30 2
2146857588197182 123740976093056 send 14 0 0 30 30 2
2146857588197292 123740976093056 egress 31 1 0 30 0 0
2146857588197452 123740976093056 ackregion 31 31 31 30 1 0
2146857588252890 123740976093056 msgin 32 4718592 0 0 0 0
2146857588253090 123740976093056 enq 32 1 0 0 0 0
2146857588879777 123740976093056 cliack 31 0 32 31 0 0
2146857591827989 123740976093056 ackslot 32 31 32 31 1 0
2146857591836219 123740976093056 send 18 0 0 31 31 2
2146857592196356 123740976093056 send 161088 0 0 31 31 2
2146857592497555 123740976093056 send 138370 0 0 31 31 2
2146857592500815 123740976093056 send 14 0 0 31 31 2
2146857592501035 123740976093056 egress 32 1 0 31 0 0
2146857592501205 123740976093056 ackregion 32 32 32 31 1 0
2146857592558103 123740976093056 msgin 33 4718592 0 0 0 0
2146857592558393 123740976093056 enq 33 1 0 0 0 0
2146857592848982 123740976093056 cliack 32 0 33 32 0 0
2146857596235289 123740962731712 outfirst 32 0 65536 0 0 0
2146857596254958 123740962731712 pump_end 1 2 0 0 0 0
2146857596255008 123740962731712 book_beg 1 0 0 0 0 0
2146857596255188 123740962731712 batch 33 1 1 2 2 0
2146857596255348 123740962731712 book_end 1 0 0 0 0 0
2146857596255518 123740962731712 coll_beg 0 0 0 0 0 0
2146857596372644 123740962731712 coll_end 0 0 0 0 0 0
2146857596372924 123740962731712 rel_beg 1 0 0 0 0 0
2146857596373094 123740962731712 absorb 33 0 0 0 0 0
2146857596374713 123740962731712 rel_end 1 0 0 0 0 0
2146857596374743 123740962731712 emit_beg 33 0 0 0 0 0
2146857596375403 123740962731712 dmg 0 1 0 0 1024 768
2146857596375583 123740962731712 enc 32 32 1 -1 -1 0
2146857596394283 123740962731712 emit_end 33 0 0 0 0 0
2146857596394313 123740962731712 wait_beg 0 0 0 0 0 0
2146857596379653 123740976093056 ackslot 33 32 33 32 1 0
2146857596392303 123740976093056 send 18 0 0 32 32 2
2146857596786498 123740976093056 send 177643 0 0 32 32 2
2146857597120656 123740976093056 send 150563 0 0 32 32 2
2146857597124426 123740976093056 send 14 0 0 32 32 2
2146857597124566 123740976093056 egress 33 1 0 32 0 0
2146857597124706 123740976093056 ackregion 33 33 33 32 1 0
2146857597507142 123740976093056 cliack 33 0 34 33 0 0
2146857607610534 123740962731712 wait_end 0 0 0 0 0 0
2146857607613583 123740962731712 drain_beg 0 0 0 0 0 0
2146857607614103 123740962731712 drain_end 1 0 0 0 0 0
2146857607614303 123740962731712 take 34 0 0 0 0 0
2146857607614703 123740962731712 subm_beg 1 0 0 0 0 0
2146857607615483 123740962731712 submit 34 0 0 0 0 0
2146857607615613 123740962731712 subm_end 1 0 0 0 0 0
2146857607615663 123740962731712 pump_beg 1 0 0 0 0 0
2146857607754898 123740962731712 feedend 33 0 0 0 0 0
2146857607792907 123740962731712 feedend 33 1 0 0 0 0
2146857610913863 123740962731712 outfirst 33 1 65536 0 0 0
2146857611388876 123740962731712 outfirst 33 0 65536 0 0 0
2146857611410555 123740962731712 pump_end 1 2 0 0 0 0
2146857611410615 123740962731712 book_beg 1 0 0 0 0 0
2146857611410795 123740962731712 batch 34 1 1 2 2 0
2146857611410895 123740962731712 book_end 1 0 0 0 0 0
2146857611410915 123740962731712 coll_beg 0 0 0 0 0 0
2146857611489622 123740962731712 coll_end 0 0 0 0 0 0
2146857611489652 123740962731712 rel_beg 1 0 0 0 0 0
2146857611489952 123740962731712 absorb 34 0 0 0 0 0
2146857611492552 123740962731712 rel_end 1 0 0 0 0 0
2146857611492582 123740962731712 emit_beg 34 0 0 0 0 0
2146857611493022 123740962731712 dmg 0 1 0 0 1024 768
2146857611493072 123740962731712 enc 33 33 1 -1 -1 0
2146857611510481 123740962731712 emit_end 34 0 0 0 0 0
2146857611510531 123740962731712 wait_beg 0 0 0 0 0 0
2146857607597314 123740976093056 msgin 34 4718592 0 0 0 0
2146857607598234 123740976093056 enq 34 1 0 0 0 0
2146857611502372 123740976093056 ackslot 34 33 34 33 1 0
2146857611522071 123740976093056 send 18 0 0 33 33 2
2146857611951315 123740976093056 send 188755 0 0 33 33 2
2146857612321982 123740976093056 send 158607 0 0 33 33 2
2146857612325512 123740976093056 send 14 0 0 33 33 2
2146857612325712 123740976093056 egress 34 1 0 33 0 0
2146857612325862 123740976093056 ackregion 34 34 34 33 1 0
2146857612756506 123740976093056 cliack 34 0 35 34 0 0
2146857623575221 123740962731712 wait_end 0 0 0 0 0 0
2146857623578621 123740962731712 drain_beg 0 0 0 0 0 0
2146857623579271 123740962731712 drain_end 1 0 0 0 0 0
2146857623579681 123740962731712 take 35 0 0 0 0 0
2146857623580071 123740962731712 subm_beg 1 0 0 0 0 0
2146857623581011 123740962731712 submit 35 0 0 0 0 0
2146857623581101 123740962731712 subm_end 1 0 0 0 0 0
2146857623581181 123740962731712 pump_beg 1 0 0 0 0 0
2146857623728226 123740962731712 feedend 34 0 0 0 0 0
2146857623757604 123740962731712 feedend 34 1 0 0 0 0
2146857623549052 123740976093056 msgin 35 4718592 0 0 0 0
2146857623549842 123740976093056 enq 35 1 0 0 0 0
2146857626618640 123740962731712 outfirst 34 1 65536 0 0 0
2146857627145041 123740962731712 outfirst 34 0 65536 0 0 0
2146857627164300 123740962731712 pump_end 1 2 0 0 0 0
2146857627164460 123740962731712 book_beg 1 0 0 0 0 0
2146857627164810 123740962731712 batch 35 1 1 2 2 0
2146857627164970 123740962731712 book_end 1 0 0 0 0 0
2146857627165340 123740962731712 coll_beg 0 0 0 0 0 0
2146857627266316 123740962731712 coll_end 0 0 0 0 0 0
2146857627266916 123740962731712 rel_beg 1 0 0 0 0 0
2146857627267266 123740962731712 absorb 35 0 0 0 0 0
2146857627270796 123740962731712 rel_end 1 0 0 0 0 0
2146857627270826 123740962731712 emit_beg 35 0 0 0 0 0
2146857627271986 123740962731712 dmg 0 1 0 0 1024 768
2146857627272196 123740962731712 enc 34 34 1 -1 -1 0
2146857627291206 123740962731712 emit_end 35 0 0 0 0 0
2146857627291276 123740962731712 wait_beg 0 0 0 0 0 0
2146857627280456 123740976093056 ackslot 35 34 35 34 1 0
2146857627295675 123740976093056 send 18 0 0 34 34 2
2146857627643723 123740976093056 send 153944 0 0 34 34 2
2146857627926542 123740976093056 send 127300 0 0 34 34 2
2146857627929962 123740976093056 send 14 0 0 34 34 2
2146857627930092 123740976093056 egress 35 1 0 34 0 0
2146857627930252 123740976093056 ackregion 35 35 35 34 1 0
2146857628346157 123740976093056 cliack 35 0 36 35 0 0
2146857639825318 123740962731712 wait_end 0 0 0 0 0 0
2146857639827958 123740962731712 drain_beg 0 0 0 0 0 0
2146857639828288 123740962731712 drain_end 1 0 0 0 0 0
2146857639828468 123740962731712 take 36 0 0 0 0 0
2146857639828808 123740962731712 subm_beg 1 0 0 0 0 0
2146857639829308 123740962731712 submit 36 0 0 0 0 0
2146857639829448 123740962731712 subm_end 1 0 0 0 0 0
2146857639829508 123740962731712 pump_beg 1 0 0 0 0 0
2146857639953744 123740962731712 feedend 35 0 0 0 0 0
2146857639988442 123740962731712 feedend 35 1 0 0 0 0
2146857642895426 123740962731712 outfirst 35 1 65536 0 0 0
2146857643351050 123740962731712 outfirst 35 0 65536 0 0 0
2146857643369489 123740962731712 pump_end 1 2 0 0 0 0
2146857643369739 123740962731712 book_beg 1 0 0 0 0 0
2146857643369969 123740962731712 batch 36 1 1 2 2 0
2146857643369989 123740962731712 book_end 1 0 0 0 0 0
2146857643370159 123740962731712 coll_beg 0 0 0 0 0 0
2146857643474565 123740962731712 coll_end 0 0 0 0 0 0
2146857643474715 123740962731712 rel_beg 1 0 0 0 0 0
2146857643475015 123740962731712 absorb 36 0 0 0 0 0
2146857643478135 123740962731712 rel_end 1 0 0 0 0 0
2146857643478275 123740962731712 emit_beg 36 0 0 0 0 0
2146857643478935 123740962731712 dmg 0 1 0 0 1024 768
2146857643479015 123740962731712 enc 35 35 1 -1 -1 0
2146857643494204 123740962731712 emit_end 36 0 0 0 0 0
2146857643494364 123740962731712 wait_beg 0 0 0 0 0 0
2146857639801239 123740976093056 msgin 36 4718592 0 0 0 0
2146857639801749 123740976093056 enq 36 1 0 0 0 0
2146857643488565 123740976093056 ackslot 36 35 36 35 1 0
2146857643504424 123740976093056 send 18 0 0 35 35 2
2146857643863741 123740976093056 send 161341 0 0 35 35 2
2146857644169400 123740976093056 send 135225 0 0 35 35 2
2146857644172640 123740976093056 send 14 0 0 35 35 2
2146857644172720 123740976093056 egress 36 1 0 35 0 0
2146857644172770 123740976093056 ackregion 36 36 36 35 1 0
2146857644539766 123740976093056 cliack 36 0 37 36 0 0
2146857655740698 123740962731712 wait_end 0 0 0 0 0 0
2146857655742508 123740962731712 drain_beg 0 0 0 0 0 0
2146857655742798 123740962731712 drain_end 1 0 0 0 0 0
2146857655742938 123740962731712 take 37 0 0 0 0 0
2146857655743178 123740962731712 subm_beg 1 0 0 0 0 0
2146857655743618 123740962731712 submit 37 0 0 0 0 0
2146857655743798 123740962731712 subm_end 1 0 0 0 0 0
2146857655743828 123740962731712 pump_beg 1 0 0 0 0 0
2146857655866893 123740962731712 feedend 36 0 0 0 0 0
2146857655894242 123740962731712 feedend 36 1 0 0 0 0
2146857655731268 123740976093056 msgin 37 4718592 0 0 0 0
2146857655731678 123740976093056 enq 37 1 0 0 0 0
2146857658503737 123740962731712 outfirst 36 1 65536 0 0 0
2146857658833455 123740962731712 outfirst 36 0 65536 0 0 0
2146857658840965 123740962731712 pump_end 1 2 0 0 0 0
2146857658841125 123740962731712 book_beg 1 0 0 0 0 0
2146857658841375 123740962731712 batch 37 1 1 2 2 0
2146857658841535 123740962731712 book_end 1 0 0 0 0 0
2146857658843194 123740962731712 coll_beg 0 0 0 0 0 0
2146857658897192 123740962731712 coll_end 0 0 0 0 0 0
2146857658897232 123740962731712 rel_beg 1 0 0 0 0 0
2146857658897582 123740962731712 absorb 37 0 0 0 0 0
2146857658900842 123740962731712 rel_end 1 0 0 0 0 0
2146857658900912 123740962731712 emit_beg 37 0 0 0 0 0
2146857658901992 123740962731712 dmg 0 1 0 0 1024 768
2146857658902082 123740962731712 enc 36 36 1 -1 -1 0
2146857658914982 123740962731712 emit_end 37 0 0 0 0 0
2146857658915052 123740962731712 wait_beg 0 0 0 0 0 0
2146857658911152 123740976093056 ackslot 37 36 37 36 1 0
2146857658934641 123740976093056 send 18 0 0 36 36 2
2146857659208041 123740976093056 send 119098 0 0 36 36 2
2146857659432673 123740976093056 send 101084 0 0 36 36 2
2146857659435973 123740976093056 send 14 0 0 36 36 2
2146857659436163 123740976093056 egress 37 1 0 36 0 0
2146857659436323 123740976093056 ackregion 37 37 37 36 1 0
2146857659687004 123740976093056 cliack 37 0 38 37 0 0
2146857671982225 123740962731712 wait_end 0 0 0 0 0 0
2146857671985185 123740962731712 drain_beg 0 0 0 0 0 0
2146857671985505 123740962731712 drain_end 1 0 0 0 0 0
2146857671985675 123740962731712 take 38 0 0 0 0 0
2146857671985965 123740962731712 subm_beg 1 0 0 0 0 0
2146857671986325 123740962731712 submit 38 0 0 0 0 0
2146857671986575 123740962731712 subm_end 1 0 0 0 0 0
2146857671986625 123740962731712 pump_beg 1 0 0 0 0 0
2146857672114280 123740962731712 feedend 37 0 0 0 0 0
2146857672158179 123740962731712 feedend 37 1 0 0 0 0
2146857675187508 123740962731712 outfirst 37 1 65536 0 0 0
2146857675565264 123740962731712 outfirst 37 0 65536 0 0 0
2146857675583164 123740962731712 pump_end 1 2 0 0 0 0
2146857675583394 123740962731712 book_beg 1 0 0 0 0 0
2146857675583564 123740962731712 batch 38 1 1 2 2 0
2146857675583704 123740962731712 book_end 1 0 0 0 0 0
2146857675583874 123740962731712 coll_beg 0 0 0 0 0 0
2146857675692410 123740962731712 coll_end 0 0 0 0 0 0
2146857675692720 123740962731712 rel_beg 1 0 0 0 0 0
2146857675693070 123740962731712 absorb 38 0 0 0 0 0
2146857675696730 123740962731712 rel_end 1 0 0 0 0 0
2146857675696990 123740962731712 emit_beg 38 0 0 0 0 0
2146857675698290 123740962731712 dmg 0 1 0 0 1024 768
2146857675698380 123740962731712 enc 37 37 1 -1 -1 0
2146857675718959 123740962731712 emit_end 38 0 0 0 0 0
2146857675719249 123740962731712 wait_beg 0 0 0 0 0 0
2146857671960086 123740976093056 msgin 38 4718592 0 0 0 0
2146857671960336 123740976093056 enq 38 1 0 0 0 0
2146857675705619 123740976093056 ackslot 38 37 38 37 1 0
2146857675719169 123740976093056 send 18 0 0 37 37 2
2146857676103675 123740976093056 send 168338 0 0 37 37 2
2146857676421523 123740976093056 send 143268 0 0 37 37 2
2146857676425073 123740976093056 send 14 0 0 37 37 2
2146857676425293 123740976093056 egress 38 1 0 37 0 0
2146857676425433 123740976093056 ackregion 38 38 38 37 1 0
2146857677039871 123740976093056 cliack 38 0 39 38 0 0
2146857687979491 123740962731712 wait_end 0 0 0 0 0 0
2146857687981851 123740962731712 drain_beg 0 0 0 0 0 0
2146857687982151 123740962731712 drain_end 1 0 0 0 0 0
2146857687982291 123740962731712 take 39 0 0 0 0 0
2146857687982541 123740962731712 subm_beg 1 0 0 0 0 0
2146857687982891 123740962731712 submit 39 0 0 0 0 0
2146857687983041 123740962731712 subm_end 1 0 0 0 0 0
2146857687983111 123740962731712 pump_beg 1 0 0 0 0 0
2146857688121006 123740962731712 feedend 38 0 0 0 0 0
2146857688146835 123740962731712 feedend 38 1 0 0 0 0
2146857691296290 123740962731712 outfirst 38 1 65536 0 0 0
2146857691786253 123740962731712 outfirst 38 0 65536 0 0 0
2146857691847710 123740962731712 pump_end 1 2 0 0 0 0
2146857691847860 123740962731712 book_beg 1 0 0 0 0 0
2146857691848130 123740962731712 batch 39 1 1 2 2 0
2146857691848290 123740962731712 book_end 1 0 0 0 0 0
2146857691848660 123740962731712 coll_beg 0 0 0 0 0 0
2146857691967176 123740962731712 coll_end 0 0 0 0 0 0
2146857691967336 123740962731712 rel_beg 1 0 0 0 0 0
2146857691967656 123740962731712 absorb 39 0 0 0 0 0
2146857691971566 123740962731712 rel_end 1 0 0 0 0 0
2146857691971636 123740962731712 emit_beg 39 0 0 0 0 0
2146857691972356 123740962731712 dmg 0 1 0 0 1024 768
2146857691972536 123740962731712 enc 38 38 1 -1 -1 0
2146857691993765 123740962731712 emit_end 39 0 0 0 0 0
2146857691993815 123740962731712 wait_beg 0 0 0 0 0 0
2146857687957342 123740976093056 msgin 39 4718592 0 0 0 0
2146857687957602 123740976093056 enq 39 1 0 0 0 0
2146857691985135 123740976093056 ackslot 39 38 39 38 1 0
2146857692015044 123740976093056 send 18 0 0 38 38 2
2146857692637222 123740976093056 send 180979 0 0 38 38 2
2146857693163912 123740976093056 send 154233 0 0 38 38 2
2146857693169572 123740976093056 send 14 0 0 38 38 2
2146857693169952 123740976093056 egress 39 1 0 38 0 0
2146857693170132 123740976093056 ackregion 39 39 39 38 1 0
2146857693833228 123740976093056 cliack 39 0 40 39 0 0
2146857704347284 123740962731712 wait_end 0 0 0 0 0 0
2146857704350084 123740962731712 drain_beg 0 0 0 0 0 0
2146857704350524 123740962731712 drain_end 1 0 0 0 0 0
2146857704350714 123740962731712 take 40 0 0 0 0 0
2146857704351044 123740962731712 subm_beg 1 0 0 0 0 0
2146857704351884 123740962731712 submit 40 0 0 0 0 0
2146857704351984 123740962731712 subm_end 1 0 0 0 0 0
2146857704352044 123740962731712 pump_beg 1 0 0 0 0 0
2146857704482339 123740962731712 feedend 39 0 0 0 0 0
2146857704503679 123740962731712 feedend 39 1 0 0 0 0
2146857704324335 123740976093056 msgin 40 4718592 0 0 0 0
2146857704324755 123740976093056 enq 40 1 0 0 0 0
2146857707859276 123740962731712 outfirst 39 1 65536 0 0 0
2146857708447745 123740962731712 outfirst 39 0 65536 0 0 0
2146857708472864 123740962731712 pump_end 1 2 0 0 0 0
2146857708473154 123740962731712 book_beg 1 0 0 0 0 0
2146857708473454 123740962731712 batch 40 1 1 2 2 0
2146857708473514 123740962731712 book_end 1 0 0 0 0 0
2146857708473694 123740962731712 coll_beg 0 0 0 0 0 0
2146857708585000 123740962731712 coll_end 0 0 0 0 0 0
2146857708585390 123740962731712 rel_beg 1 0 0 0 0 0
2146857708585690 123740962731712 absorb 40 0 0 0 0 0
2146857708588560 123740962731712 rel_end 1 0 0 0 0 0
2146857708588810 123740962731712 emit_beg 40 0 0 0 0 0
2146857708589540 123740962731712 dmg 0 1 0 0 1024 768
2146857708589590 123740962731712 enc 39 39 1 -1 -1 0
2146857708609649 123740962731712 emit_end 40 0 0 0 0 0
2146857708609689 123740962731712 wait_beg 0 0 0 0 0 0
2146857709877883 123740962731712 wait_end 0 0 0 0 0 0
2146857709879872 123740962731712 drain_beg 0 0 0 0 0 0
2146857709880212 123740962731712 drain_end 1 0 0 0 0 0
2146857709880372 123740962731712 take 41 0 0 0 0 0
2146857709880782 123740962731712 subm_beg 1 0 0 0 0 0
2146857709881442 123740962731712 submit 41 0 0 0 0 0
2146857709881492 123740962731712 subm_end 1 0 0 0 0 0
2146857709881542 123740962731712 pump_beg 1 0 0 0 0 0
2146857709978399 123740962731712 feedend 40 0 0 0 0 0
2146857710014268 123740962731712 feedend 40 1 0 0 0 0
2146857712834655 123740962731712 outfirst 40 1 65536 0 0 0
2146857713368625 123740962731712 outfirst 40 0 65536 0 0 0
2146857713384755 123740962731712 pump_end 1 2 0 0 0 0
2146857713385095 123740962731712 book_beg 1 0 0 0 0 0
2146857713385555 123740962731712 batch 41 1 1 2 2 0
2146857713385645 123740962731712 book_end 1 0 0 0 0 0
2146857713385725 123740962731712 coll_beg 0 0 0 0 0 0
2146857713488341 123740962731712 coll_end 0 0 0 0 0 0
2146857713488451 123740962731712 rel_beg 1 0 0 0 0 0
2146857713488691 123740962731712 absorb 41 0 0 0 0 0
2146857713492111 123740962731712 rel_end 1 0 0 0 0 0
2146857713492271 123740962731712 emit_beg 41 0 0 0 0 0
2146857713494271 123740962731712 dmg 0 1 0 0 1024 768
2146857713494351 123740962731712 enc 40 40 1 -1 -1 0
2146857713517000 123740962731712 emit_end 41 0 0 0 0 0
2146857713517190 123740962731712 wait_beg 0 0 0 0 0 0
2146857708602329 123740976093056 ackslot 40 39 40 39 1 0
2146857708627048 123740976093056 send 18 0 0 39 39 2
2146857709343242 123740976093056 send 204295 0 0 39 39 2
2146857709790596 123740976093056 send 171428 0 0 39 39 2
2146857709794166 123740976093056 send 14 0 0 39 39 2
2146857709794496 123740976093056 egress 40 1 0 39 0 0
2146857709794636 123740976093056 ackregion 40 40 40 39 1 0
2146857709872223 123740976093056 msgin 41 4718592 0 0 0 0
2146857709872793 123740976093056 enq 41 1 0 0 0 0
2146857709987729 123740976093056 cliack 40 0 41 40 0 0
2146857713497601 123740976093056 ackslot 41 40 41 40 1 0
2146857713508080 123740976093056 send 18 0 0 40 40 2
2146857713848018 123740976093056 send 154363 0 0 40 40 2
2146857714140657 123740976093056 send 129182 0 0 40 40 2
2146857714143967 123740976093056 send 14 0 0 40 40 2
2146857714144087 123740976093056 egress 41 1 0 40 0 0
2146857714144117 123740976093056 ackregion 41 41 41 40 1 0
2146857714484095 123740976093056 cliack 41 0 42 41 0 0
2146857725355748 123740962731712 wait_end 0 0 0 0 0 0
2146857725357668 123740962731712 drain_beg 0 0 0 0 0 0
2146857725357938 123740962731712 drain_end 1 0 0 0 0 0
2146857725358088 123740962731712 take 42 0 0 0 0 0
2146857725358268 123740962731712 subm_beg 1 0 0 0 0 0
2146857725358598 123740962731712 submit 42 0 0 0 0 0
2146857725358738 123740962731712 subm_end 1 0 0 0 0 0
2146857725358778 123740962731712 pump_beg 1 0 0 0 0 0
2146857725440675 123740962731712 feedend 41 0 0 0 0 0
2146857725491243 123740962731712 feedend 41 1 0 0 0 0
2146857725348168 123740976093056 msgin 42 4718592 0 0 0 0
2146857725348458 123740976093056 enq 42 1 0 0 0 0
2146857728191704 123740962731712 outfirst 41 1 65536 0 0 0
2146857728617519 123740962731712 outfirst 41 0 65536 0 0 0
2146857728631928 123740962731712 pump_end 1 2 0 0 0 0
2146857728632218 123740962731712 book_beg 1 0 0 0 0 0
2146857728632558 123740962731712 batch 42 1 1 2 2 0
2146857728632638 123740962731712 book_end 1 0 0 0 0 0
2146857728632818 123740962731712 coll_beg 0 0 0 0 0 0
2146857728738344 123740962731712 coll_end 0 0 0 0 0 0
2146857728738714 123740962731712 rel_beg 1 0 0 0 0 0
2146857728738904 123740962731712 absorb 42 0 0 0 0 0
2146857728741374 123740962731712 rel_end 1 0 0 0 0 0
2146857728741644 123740962731712 emit_beg 42 0 0 0 0 0
2146857728742804 123740962731712 dmg 0 1 0 0 1024 768
2146857728742954 123740962731712 enc 41 41 1 -1 -1 0
2146857728762294 123740962731712 emit_end 42 0 0 0 0 0
2146857728762524 123740962731712 wait_beg 0 0 0 0 0 0
2146857728746304 123740976093056 ackslot 42 41 42 41 1 0
2146857728758294 123740976093056 send 18 0 0 41 41 2
2146857729083062 123740976093056 send 142838 0 0 41 41 2
2146857729347562 123740976093056 send 117159 0 0 41 41 2
2146857729351332 123740976093056 send 14 0 0 41 41 2
2146857729351582 123740976093056 egress 42 1 0 41 0 0
2146857729351792 123740976093056 ackregion 42 42 42 41 1 0
2146857729908662 123740976093056 cliack 42 0 43 42 0 0
2146857741857966 123740962731712 wait_end 0 0 0 0 0 0
2146857741862066 123740962731712 drain_beg 0 0 0 0 0 0
2146857741862646 123740962731712 drain_end 1 0 0 0 0 0
2146857741862796 123740962731712 take 43 0 0 0 0 0
2146857741863506 123740962731712 subm_beg 1 0 0 0 0 0
2146857741864546 123740962731712 submit 43 0 0 0 0 0
2146857741864696 123740962731712 subm_end 1 0 0 0 0 0
2146857741864746 123740962731712 pump_beg 1 0 0 0 0 0
2146857742016200 123740962731712 feedend 42 0 0 0 0 0
2146857742038099 123740962731712 feedend 42 1 0 0 0 0
2146857744772210 123740962731712 outfirst 42 1 65536 0 0 0
2146857745210154 123740962731712 outfirst 42 0 65536 0 0 0
2146857745226223 123740962731712 pump_end 1 2 0 0 0 0
2146857745226283 123740962731712 book_beg 1 0 0 0 0 0
2146857745226463 123740962731712 batch 43 1 1 2 2 0
2146857745226603 123740962731712 book_end 1 0 0 0 0 0
2146857745226753 123740962731712 coll_beg 0 0 0 0 0 0
2146857745285901 123740962731712 coll_end 0 0 0 0 0 0
2146857745286051 123740962731712 rel_beg 1 0 0 0 0 0
2146857745286331 123740962731712 absorb 43 0 0 0 0 0
2146857745289141 123740962731712 rel_end 1 0 0 0 0 0
2146857745289171 123740962731712 emit_beg 43 0 0 0 0 0
2146857745289881 123740962731712 dmg 0 1 0 0 1024 768
2146857745290041 123740962731712 enc 42 42 1 -1 -1 0
2146857745304090 123740962731712 emit_end 43 0 0 0 0 0
2146857745304120 123740962731712 wait_beg 0 0 0 0 0 0
2146857741832867 123740976093056 msgin 43 4718592 0 0 0 0
2146857741834117 123740976093056 enq 43 1 0 0 0 0
2146857745301700 123740976093056 ackslot 43 42 43 42 1 0
2146857745321060 123740976093056 send 18 0 0 42 42 2
2146857745808042 123740976093056 send 141173 0 0 42 42 2
2146857746216417 123740976093056 send 114206 0 0 42 42 2
2146857746223787 123740976093056 send 14 0 0 42 42 2
2146857746223997 123740976093056 egress 43 1 0 42 0 0
2146857746224157 123740976093056 ackregion 43 43 43 42 1 0
2146857746581914 123740976093056 cliack 43 0 44 43 0 0
2146857757585612 123740962731712 wait_end 0 0 0 0 0 0
2146857757589222 123740962731712 drain_beg 0 0 0 0 0 0
2146857757589692 123740962731712 drain_end 1 0 0 0 0 0
2146857757589962 123740962731712 take 44 0 0 0 0 0
2146857757590592 123740962731712 subm_beg 1 0 0 0 0 0
2146857757594362 123740962731712 submit 44 0 0 0 0 0
2146857757594512 123740962731712 subm_end 1 0 0 0 0 0
2146857757594562 123740962731712 pump_beg 1 0 0 0 0 0
2146857757722097 123740962731712 feedend 43 0 0 0 0 0
2146857757756076 123740962731712 feedend 43 1 0 0 0 0
2146857761253808 123740962731712 outfirst 43 1 65536 0 0 0
2146857761544578 123740962731712 outfirst 43 0 65536 0 0 0
2146857761575817 123740962731712 pump_end 1 2 0 0 0 0
2146857761575877 123740962731712 book_beg 1 0 0 0 0 0
2146857761576047 123740962731712 batch 44 1 1 2 2 0
2146857761576147 123740962731712 book_end 1 0 0 0 0 0
2146857761576177 123740962731712 coll_beg 0 0 0 0 0 0
2146857761715661 123740962731712 coll_end 0 0 0 0 0 0
2146857761715701 123740962731712 rel_beg 1 0 0 0 0 0
2146857761716031 123740962731712 absorb 44 0 0 0 0 0
2146857761718861 123740962731712 rel_end 1 0 0 0 0 0
2146857761718921 123740962731712 emit_beg 44 0 0 0 0 0
2146857761719741 123740962731712 dmg 0 1 0 0 1024 768
2146857761719831 123740962731712 enc 43 43 1 -1 -1 0
2146857761745180 123740962731712 emit_end 44 0 0 0 0 0
2146857761745250 123740962731712 wait_beg 0 0 0 0 0 0
2146857757561433 123740976093056 msgin 44 4718592 0 0 0 0
2146857757562443 123740976093056 enq 44 1 0 0 0 0
2146857761731021 123740976093056 ackslot 44 43 44 43 1 0
2146857761748030 123740976093056 send 18 0 0 43 43 2
2146857762438875 123740976093056 send 211130 0 0 43 43 2
2146857762878049 123740976093056 send 189088 0 0 43 43 2
2146857762881549 123740976093056 send 14 0 0 43 43 2
2146857762881769 123740976093056 egress 44 1 0 43 0 0
2146857762881919 123740976093056 ackregion 44 44 44 43 1 0
2146857763380671 123740976093056 cliack 44 0 45 44 0 0
2146857773806310 123740962731712 wait_end 0 0 0 0 0 0
2146857773809920 123740962731712 drain_beg 0 0 0 0 0 0
2146857773810290 123740962731712 drain_end 1 0 0 0 0 0
2146857773810530 123740962731712 take 45 0 0 0 0 0
2146857773810990 123740962731712 subm_beg 1 0 0 0 0 0
2146857773811700 123740962731712 submit 45 0 0 0 0 0
2146857773811860 123740962731712 subm_end 1 0 0 0 0 0
2146857773811910 123740962731712 pump_beg 1 0 0 0 0 0
2146857773944355 123740962731712 feedend 44 0 0 0 0 0
2146857773971234 123740962731712 feedend 44 1 0 0 0 0
2146857777055202 123740962731712 outfirst 44 1 65536 0 0 0
2146857773784011 123740976093056 msgin 45 4718592 0 0 0 0
2146857773784581 123740976093056 enq 45 1 0 0 0 0
2146857777526665 123740962731712 outfirst 44 0 65536 0 0 0
2146857777540554 123740962731712 pump_end 1 2 0 0 0 0
2146857777540614 123740962731712 book_beg 1 0 0 0 0 0
2146857777540784 123740962731712 batch 45 1 1 2 2 0
2146857777540934 123740962731712 book_end 1 0 0 0 0 0
2146857777541094 123740962731712 coll_beg 0 0 0 0 0 0
2146857777617501 123740962731712 coll_end 0 0 0 0 0 0
2146857777617751 123740962731712 rel_beg 1 0 0 0 0 0
2146857777618051 123740962731712 absorb 45 0 0 0 0 0
2146857777620471 123740962731712 rel_end 1 0 0 0 0 0
2146857777620501 123740962731712 emit_beg 45 0 0 0 0 0
2146857777621061 123740962731712 dmg 0 1 0 0 1024 768
2146857777621201 123740962731712 enc 44 44 1 -1 -1 0
2146857777638211 123740962731712 emit_end 45 0 0 0 0 0
2146857777638231 123740962731712 wait_beg 0 0 0 0 0 0
2146857777629121 123740976093056 ackslot 45 44 45 44 1 0
2146857777642920 123740976093056 send 18 0 0 44 44 2
2146857778062945 123740976093056 send 180939 0 0 44 44 2
2146857778434771 123740976093056 send 153385 0 0 44 44 2
2146857778438211 123740976093056 send 14 0 0 44 44 2
2146857778438331 123740976093056 egress 45 1 0 44 0 0
2146857778438491 123740976093056 ackregion 45 45 45 44 1 0
2146857779056359 123740976093056 cliack 45 0 46 45 0 0
2146857790242421 123740962731712 wait_end 0 0 0 0 0 0
2146857790245071 123740962731712 drain_beg 0 0 0 0 0 0
2146857790245431 123740962731712 drain_end 1 0 0 0 0 0
2146857790245571 123740962731712 take 46 0 0 0 0 0
2146857790245990 123740962731712 subm_beg 1 0 0 0 0 0
2146857790246460 123740962731712 submit 46 0 0 0 0 0
2146857790246590 123740962731712 subm_end 1 0 0 0 0 0
2146857790246640 123740962731712 pump_beg 1 0 0 0 0 0
2146857790370906 123740962731712 feedend 45 0 0 0 0 0
2146857790401655 123740962731712 feedend 45 1 0 0 0 0
2146857793144995 123740962731712 outfirst 45 1 65536 0 0 0
2146857793656246 123740962731712 outfirst 45 0 65536 0 0 0
2146857793670736 123740962731712 pump_end 1 2 0 0 0 0
2146857793670876 123740962731712 book_beg 1 0 0 0 0 0
2146857793671046 123740962731712 batch 46 1 1 2 2 0
2146857793671156 123740962731712 book_end 1 0 0 0 0 0
2146857793671306 123740962731712 coll_beg 0 0 0 0 0 0
2146857793735323 123740962731712 coll_end 0 0 0 0 0 0
2146857793735473 123740962731712 rel_beg 1 0 0 0 0 0
2146857793735783 123740962731712 absorb 46 0 0 0 0 0
2146857793738463 123740962731712 rel_end 1 0 0 0 0 0
2146857793738603 123740962731712 emit_beg 46 0 0 0 0 0
2146857793739213 123740962731712 dmg 0 1 0 0 1024 768
2146857793739273 123740962731712 enc 45 45 1 -1 -1 0
2146857793753053 123740962731712 emit_end 46 0 0 0 0 0
2146857793753213 123740962731712 wait_beg 0 0 0 0 0 0
2146857790219231 123740976093056 msgin 46 4718592 0 0 0 0
2146857790219751 123740976093056 enq 46 1 0 0 0 0
2146857793747223 123740976093056 ackslot 46 45 46 45 1 0
2146857793759612 123740976093056 send 18 0 0 45 45 2
2146857794119579 123740976093056 send 153259 0 0 45 45 2
2146857794394349 123740976093056 send 120399 0 0 45 45 2
2146857794397659 123740976093056 send 14 0 0 45 45 2
2146857794397839 123740976093056 egress 46 1 0 45 0 0
2146857794397979 123740976093056 ackregion 46 46 46 45 1 0
2146857794947039 123740976093056 cliack 46 0 47 46 0 0
2146857805749215 123740962731712 wait_end 0 0 0 0 0 0
2146857805752325 123740962731712 drain_beg 0 0 0 0 0 0
2146857805752715 123740962731712 drain_end 1 0 0 0 0 0
2146857805752885 123740962731712 take 47 0 0 0 0 0
2146857805753225 123740962731712 subm_beg 1 0 0 0 0 0
2146857805753985 123740962731712 submit 47 0 0 0 0 0
2146857805754115 123740962731712 subm_end 1 0 0 0 0 0
2146857805754175 123740962731712 pump_beg 1 0 0 0 0 0
2146857805886950 123740962731712 feedend 46 0 0 0 0 0
2146857805908599 123740962731712 feedend 46 1 0 0 0 0
2146857805724576 123740976093056 msgin 47 4718592 0 0 0 0
2146857805724826 123740976093056 enq 47 1 0 0 0 0
2146857809171890 123740962731712 outfirst 46 1 65536 0 0 0
2146857809568966 123740962731712 outfirst 46 0 65536 0 0 0
2146857809590575 123740962731712 pump_end 1 2 0 0 0 0
2146857809590655 123740962731712 book_beg 1 0 0 0 0 0
2146857809590835 123740962731712 batch 47 1 1 2 2 0
2146857809590925 123740962731712 book_end 1 0 0 0 0 0
2146857809590955 123740962731712 coll_beg 0 0 0 0 0 0
2146857809673432 123740962731712 coll_end 0 0 0 0 0 0
2146857809673472 123740962731712 rel_beg 1 0 0 0 0 0
2146857809673772 123740962731712 absorb 47 0 0 0 0 0
2146857809676352 123740962731712 rel_end 1 0 0 0 0 0
2146857809676382 123740962731712 emit_beg 47 0 0 0 0 0
2146857809676922 123740962731712 dmg 0 1 0 0 1024 768
2146857809676962 123740962731712 enc 46 46 1 -1 -1 0
2146857809693211 123740962731712 emit_end 47 0 0 0 0 0
2146857809693271 123740962731712 wait_beg 0 0 0 0 0 0
2146857809685081 123740976093056 ackslot 47 46 47 46 1 0
2146857809695331 123740976093056 send 18 0 0 46 46 2
2146857810124335 123740976093056 send 185728 0 0 46 46 2
2146857810495772 123740976093056 send 161232 0 0 46 46 2
2146857810499302 123740976093056 send 14 0 0 46 46 2
2146857810499392 123740976093056 egress 47 1 0 46 0 0
2146857810499542 123740976093056 ackregion 47 47 47 46 1 0
2146857811157178 123740976093056 cliack 47 0 48 47 0 0
2146857821475191 123740962731712 wait_end 0 0 0 0 0 0
2146857821477761 123740962731712 drain_beg 0 0 0 0 0 0
2146857821478151 123740962731712 drain_end 1 0 0 0 0 0
2146857821478321 123740962731712 take 48 0 0 0 0 0
2146857821478691 123740962731712 subm_beg 1 0 0 0 0 0
2146857821478991 123740962731712 submit 48 0 0 0 0 0
2146857821479151 123740962731712 subm_end 1 0 0 0 0 0
2146857821479201 123740962731712 pump_beg 1 0 0 0 0 0
2146857821606656 123740962731712 feedend 47 0 0 0 0 0
2146857821631806 123740962731712 feedend 47 1 0 0 0 0
2146857824723163 123740962731712 outfirst 47 1 65536 0 0 0
2146857825148057 123740962731712 outfirst 47 0 65536 0 0 0
2146857825168216 123740962731712 pump_end 1 2 0 0 0 0
2146857825168416 123740962731712 book_beg 1 0 0 0 0 0
2146857825168656 123740962731712 batch 48 1 1 2 2 0
2146857825168736 123740962731712 book_end 1 0 0 0 0 0
2146857825168906 123740962731712 coll_beg 0 0 0 0 0 0
2146857825292662 123740962731712 coll_end 0 0 0 0 0 0
2146857825292962 123740962731712 rel_beg 1 0 0 0 0 0
2146857825293322 123740962731712 absorb 48 0 0 0 0 0
2146857825296832 123740962731712 rel_end 1 0 0 0 0 0
2146857825296992 123740962731712 emit_beg 48 0 0 0 0 0
2146857825297922 123740962731712 dmg 0 1 0 0 1024 768
2146857825298022 123740962731712 enc 47 47 1 -1 -1 0
2146857825318891 123740962731712 emit_end 48 0 0 0 0 0
2146857825318941 123740962731712 wait_beg 0 0 0 0 0 0
2146857821452712 123740976093056 msgin 48 4718592 0 0 0 0
2146857821453062 123740976093056 enq 48 1 0 0 0 0
2146857825308621 123740976093056 ackslot 48 47 48 47 1 0
2146857825323231 123740976093056 send 18 0 0 47 47 2
2146857825907880 123740976093056 send 173177 0 0 47 47 2
2146857826421641 123740976093056 send 151351 0 0 47 47 2
2146857826426691 123740976093056 send 14 0 0 47 47 2
2146857826426991 123740976093056 egress 48 1 0 47 0 0
2146857826427141 123740976093056 ackregion 48 48 48 47 1 0
2146857826513367 123740976093056 cliack 48 0 49 48 0 0
2146857837577104 123740962731712 wait_end 0 0 0 0 0 0
2146857837579354 123740962731712 drain_beg 0 0 0 0 0 0
2146857837579774 123740962731712 drain_end 1 0 0 0 0 0
2146857837580014 123740962731712 take 49 0 0 0 0 0
2146857837580594 123740962731712 subm_beg 1 0 0 0 0 0
2146857837581404 123740962731712 submit 49 0 0 0 0 0
2146857837581474 123740962731712 subm_end 1 0 0 0 0 0
2146857837581504 123740962731712 pump_beg 1 0 0 0 0 0
2146857837566414 123740976093056 msgin 49 4718592 0 0 0 0
2146857837567474 123740976093056 enq 49 1 0 0 0 0
2146857837702019 123740962731712 feedend 48 0 0 0 0 0
2146857837713759 123740962731712 feedend 48 1 0 0 0 0
2146857840560365 123740962731712 outfirst 48 1 65536 0 0 0
2146857841213421 123740962731712 outfirst 48 0 65536 0 0 0
2146857841230780 123740962731712 pump_end 1 2 0 0 0 0
2146857841230860 123740962731712 book_beg 1 0 0 0 0 0
2146857841231040 123740962731712 batch 49 1 1 2 2 0
2146857841231180 123740962731712 book_end 1 0 0 0 0 0
2146857841231330 123740962731712 coll_beg 0 0 0 0 0 0
2146857841335857 123740962731712 coll_end 0 0 0 0 0 0
2146857841336187 123740962731712 rel_beg 1 0 0 0 0 0
2146857841336487 123740962731712 absorb 49 0 0 0 0 0
2146857841340186 123740962731712 rel_end 1 0 0 0 0 0
2146857841340246 123740962731712 emit_beg 49 0 0 0 0 0
2146857841341296 123740962731712 dmg 0 1 0 0 1024 768
2146857841341456 123740962731712 enc 48 48 1 -1 -1 0
2146857841360416 123740962731712 emit_end 49 0 0 0 0 0
2146857841360456 123740962731712 wait_beg 0 0 0 0 0 0
2146857841349386 123740976093056 ackslot 49 48 49 48 1 0
2146857841366585 123740976093056 send 18 0 0 48 48 2
2146857841746752 123740976093056 send 162323 0 0 48 48 2
2146857842042571 123740976093056 send 124727 0 0 48 48 2
2146857842046791 123740976093056 send 14 0 0 48 48 2
2146857842046971 123740976093056 egress 49 1 0 48 0 0
2146857842047111 123740976093056 ackregion 49 49 49 48 1 0
2146857842571992 123740976093056 cliack 49 0 50 49 0 0
2146857854224916 123740962731712 wait_end 0 0 0 0 0 0
2146857854227756 123740962731712 drain_beg 0 0 0 0 0 0
2146857854228126 123740962731712 drain_end 1 0 0 0 0 0
2146857854228326 123740962731712 take 50 0 0 0 0 0
2146857854228676 123740962731712 subm_beg 1 0 0 0 0 0
2146857854229306 123740962731712 submit 50 0 0 0 0 0
2146857854229456 123740962731712 subm_end 1 0 0 0 0 0
2146857854229506 123740962731712 pump_beg 1 0 0 0 0 0
2146857854355042 123740962731712 feedend 49 0 0 0 0 0
2146857854384971 123740962731712 feedend 49 1 0 0 0 0
2146857857390761 123740962731712 outfirst 49 1 65536 0 0 0
2146857854201477 123740976093056 msgin 50 4718592 0 0 0 0
2146857854202117 123740976093056 enq 50 1 0 0 0 0
2146857857905212 123740962731712 outfirst 49 0 65536 0 0 0
2146857857923752 123740962731712 pump_end 1 2 0 0 0 0
2146857857923971 123740962731712 book_beg 1 0 0 0 0 0
2146857857924141 123740962731712 batch 50 1 1 2 2 0
2146857857924291 123740962731712 book_end 1 0 0 0 0 0
2146857857924471 123740962731712 coll_beg 0 0 0 0 0 0
2146857858037567 123740962731712 coll_end 0 0 0 0 0 0
2146857858037847 123740962731712 rel_beg 1 0 0 0 0 0
2146857858038217 123740962731712 absorb 50 0 0 0 0 0
2146857858044007 123740962731712 rel_end 1 0 0 0 0 0
2146857858044047 123740962731712 emit_beg 50 0 0 0 0 0
2146857858045057 123740962731712 dmg 0 1 0 0 1024 768
2146857858045127 123740962731712 enc 49 49 1 -1 -1 0
2146857858065186 123740962731712 emit_end 50 0 0 0 0 0
2146857858065236 123740962731712 wait_beg 0 0 0 0 0 0
2146857858056087 123740976093056 ackslot 50 49 50 49 1 0
2146857858077726 123740976093056 send 18 0 0 49 49 2
2146857858460432 123740976093056 send 167910 0 0 49 49 2
2146857858784630 123740976093056 send 141445 0 0 49 49 2
2146857858788040 123740976093056 send 14 0 0 49 49 2
2146857858788420 123740976093056 egress 50 1 0 49 0 0
2146857858788570 123740976093056 ackregion 50 50 50 49 1 0
2146857859628979 123740976093056 cliack 50 0 51 50 0 0
2146857870067938 123740962731712 wait_end 0 0 0 0 0 0
2146857870070838 123740962731712 drain_beg 0 0 0 0 0 0
2146857870071238 123740962731712 drain_end 1 0 0 0 0 0
2146857870071408 123740962731712 take 51 0 0 0 0 0
2146857870071698 123740962731712 subm_beg 1 0 0 0 0 0
2146857870072198 123740962731712 submit 51 0 0 0 0 0
2146857870072328 123740962731712 subm_end 1 0 0 0 0 0
2146857870072368 123740962731712 pump_beg 1 0 0 0 0 0
2146857870242092 123740962731712 feedend 50 0 0 0 0 0
2146857870249122 123740962731712 feedend 50 1 0 0 0 0
2146857873023221 123740962731712 outfirst 50 1 65536 0 0 0
2146857873504283 123740962731712 outfirst 50 0 65536 0 0 0
2146857873521972 123740962731712 pump_end 1 2 0 0 0 0
2146857873522062 123740962731712 book_beg 1 0 0 0 0 0
2146857873522212 123740962731712 batch 51 1 1 2 2 0
2146857873522362 123740962731712 book_end 1 0 0 0 0 0
2146857873522532 123740962731712 coll_beg 0 0 0 0 0 0
2146857873621449 123740962731712 coll_end 0 0 0 0 0 0
2146857873621769 123740962731712 rel_beg 1 0 0 0 0 0
2146857873622109 123740962731712 absorb 51 0 0 0 0 0
2146857873625989 123740962731712 rel_end 1 0 0 0 0 0
2146857873626099 123740962731712 emit_beg 51 0 0 0 0 0
2146857873627239 123740962731712 dmg 0 1 0 0 1024 768
2146857873627329 123740962731712 enc 50 50 1 -1 -1 0
2146857873646788 123740962731712 emit_end 51 0 0 0 0 0
2146857873646838 123740962731712 wait_beg 0 0 0 0 0 0
2146857870053339 123740976093056 msgin 51 4718592 0 0 0 0
2146857870053759 123740976093056 enq 51 1 0 0 0 0
2146857873635618 123740976093056 ackslot 51 50 51 50 1 0
2146857873654968 123740976093056 send 18 0 0 50 50 2
2146857873998975 123740976093056 send 147071 0 0 50 50 2
2146857874274495 123740976093056 send 118731 0 0 50 50 2
2146857874277835 123740976093056 send 14 0 0 50 50 2
2146857874278055 123740976093056 egress 51 1 0 50 0 0
2146857874278205 123740976093056 ackregion 51 51 51 50 1 0
2146857874843654 123740976093056 cliack 51 0 52 51 0 0
2146857885485926 123740962731712 wait_end 0 0 0 0 0 0
2146857885488286 123740962731712 drain_beg 0 0 0 0 0 0
2146857885488586 123740962731712 drain_end 1 0 0 0 0 0
2146857885488746 123740962731712 take 52 0 0 0 0 0
2146857885489066 123740962731712 subm_beg 1 0 0 0 0 0
2146857885489376 123740962731712 submit 52 0 0 0 0 0
2146857885489526 123740962731712 subm_end 1 0 0 0 0 0
2146857885489586 123740962731712 pump_beg 1 0 0 0 0 0
2146857885610771 123740962731712 feedend 51 0 0 0 0 0
2146857885656760 123740962731712 feedend 51 1 0 0 0 0
2146857885460827 123740976093056 msgin 52 4718592 0 0 0 0
2146857885461187 123740976093056 enq 52 1 0 0 0 0
2146857888594803 123740962731712 outfirst 51 1 65536 0 0 0
2146857889037516 123740962731712 outfirst 51 0 65536 0 0 0
2146857889061186 123740962731712 pump_end 1 2 0 0 0 0
2146857889061356 123740962731712 book_beg 1 0 0 0 0 0
2146857889061516 123740962731712 batch 52 1 1 2 2 0
2146857889061666 123740962731712 book_end 1 0 0 0 0 0
2146857889061816 123740962731712 coll_beg 0 0 0 0 0 0
2146857889164512 123740962731712 coll_end 0 0 0 0 0 0
2146857889164812 123740962731712 rel_beg 1 0 0 0 0 0
2146857889165172 123740962731712 absorb 52 0 0 0 0 0
2146857889168802 123740962731712 rel_end 1 0 0 0 0 0
2146857889168972 123740962731712 emit_beg 52 0 0 0 0 0
2146857889170042 123740962731712 dmg 0 1 0 0 1024 768
2146857889170092 123740962731712 enc 51 51 1 -1 -1 0
2146857889189791 123740962731712 emit_end 52 0 0 0 0 0
2146857889189971 123740962731712 wait_beg 0 0 0 0 0 0
2146857889180891 123740976093056 ackslot 52 51 52 51 1 0
2146857889199211 123740976093056 send 18 0 0 51 51 2
2146857889744921 123740976093056 send 160255 0 0 51 51 2
2146857890197734 123740976093056 send 132320 0 0 51 51 2
2146857890202744 123740976093056 send 14 0 0 51 51 2
2146857890203194 123740976093056 egress 52 1 0 51 0 0
2146857890203374 123740976093056 ackregion 52 52 52 51 1 0
2146857890662037 123740976093056 cliack 52 0 53 52 0 0
2146857902355051 123740962731712 wait_end 0 0 0 0 0 0
2146857902359170 123740962731712 drain_beg 0 0 0 0 0 0
2146857902359770 123740962731712 drain_end 1 0 0 0 0 0
2146857902360080 123740962731712 take 53 0 0 0 0 0
2146857902360570 123740962731712 subm_beg 1 0 0 0 0 0
2146857902361370 123740962731712 submit 53 0 0 0 0 0
2146857902361500 123740962731712 subm_end 1 0 0 0 0 0
2146857902361550 123740962731712 pump_beg 1 0 0 0 0 0
2146857902496415 123740962731712 feedend 52 0 0 0 0 0
2146857902534454 123740962731712 feedend 52 1 0 0 0 0
2146857906319326 123740962731712 outfirst 52 1 65536 0 0 0
2146857906653724 123740962731712 outfirst 52 0 65536 0 0 0
2146857906695682 123740962731712 pump_end 1 2 0 0 0 0
2146857906695792 123740962731712 book_beg 1 0 0 0 0 0
2146857906696022 123740962731712 batch 53 1 1 2 2 0
2146857906696172 123740962731712 book_end 1 0 0 0 0 0
2146857906696352 123740962731712 coll_beg 0 0 0 0 0 0
2146857906864716 123740962731712 coll_end 0 0 0 0 0 0
2146857906865046 123740962731712 rel_beg 1 0 0 0 0 0
2146857906865406 123740962731712 absorb 53 0 0 0 0 0
2146857906868916 123740962731712 rel_end 1 0 0 0 0 0
2146857906868956 123740962731712 emit_beg 53 0 0 0 0 0
2146857906870086 123740962731712 dmg 0 1 0 0 1024 768
2146857906870256 123740962731712 enc 52 52 1 -1 -1 0
2146857906902355 123740962731712 emit_end 53 0 0 0 0 0
2146857906902415 123740962731712 wait_beg 0 0 0 0 0 0
2146857902330051 123740976093056 msgin 53 4718592 0 0 0 0
2146857902330391 123740976093056 enq 53 1 0 0 0 0
2146857906880435 123740976093056 ackslot 53 52 53 52 1 0
2146857906898565 123740976093056 send 18 0 0 52 52 2
2146857907672547 123740976093056 send 244205 0 0 52 52 2
2146857918048788 123740962731712 wait_end 0 0 0 0 0 0
2146857918053638 123740962731712 drain_beg 0 0 0 0 0 0
2146857918054198 123740962731712 drain_end 1 0 0 0 0 0
2146857918054548 123740962731712 take 54 0 0 0 0 0
2146857918054818 123740962731712 subm_beg 1 0 0 0 0 0
2146857918055238 123740962731712 submit 54 0 0 0 0 0
2146857918055338 123740962731712 subm_end 1 0 0 0 0 0
2146857918055398 123740962731712 pump_beg 1 0 0 0 0 0
2146857908174548 123740976093056 send 217342 0 0 52 52 2
2146857908178128 123740976093056 send 14 0 0 52 52 2
2146857908178228 123740976093056 egress 53 1 0 52 0 0
2146857908178278 123740976093056 ackregion 53 53 53 52 1 0
2146857908995638 123740976093056 cliack 53 0 54 53 0 0
2146857918025159 123740976093056 msgin 54 4718592 0 0 0 0
2146857918025579 123740976093056 enq 54 1 0 0 0 0
2146857918165194 123740962731712 feedend 53 0 0 0 0 0
2146857918201852 123740962731712 feedend 53 1 0 0 0 0
2146857921503372 123740962731712 outfirst 53 1 65536 0 0 0
2146857921906777 123740962731712 outfirst 53 0 65536 0 0 0
2146857921939496 123740962731712 pump_end 1 2 0 0 0 0
2146857921939676 123740962731712 book_beg 1 0 0 0 0 0
2146857921939836 123740962731712 batch 54 1 1 2 2 0
2146857921939886 123740962731712 book_end 1 0 0 0 0 0
2146857921940046 123740962731712 coll_beg 0 0 0 0 0 0
2146857922068561 123740962731712 coll_end 0 0 0 0 0 0
2146857922093050 123740962731712 rel_beg 1 0 0 0 0 0
2146857922093680 123740962731712 absorb 54 0 0 0 0 0
2146857922099070 123740962731712 rel_end 1 0 0 0 0 0
2146857922099340 123740962731712 emit_beg 54 0 0 0 0 0
2146857922102440 123740962731712 dmg 0 1 0 0 1024 768
2146857922102850 123740962731712 enc 53 53 1 -1 -1 0
2146857922151938 123740962731712 emit_end 54 0 0 0 0 0
2146857922152278 123740962731712 wait_beg 0 0 0 0 0 0
2146857922124009 123740976093056 ackslot 54 53 54 53 1 0
2146857922256424 123740976093056 send 18 0 0 53 53 2
2146857922979628 123740976093056 send 190534 0 0 53 53 2
2146857923547647 123740976093056 send 168033 0 0 53 53 2
2146857923551187 123740976093056 send 14 0 0 53 53 2
2146857923551427 123740976093056 egress 54 1 0 53 0 0
2146857923551717 123740976093056 ackregion 54 54 54 53 1 0
2146857924287810 123740976093056 cliack 54 0 55 54 0 0
2146857934270316 123740962731712 wait_end 0 0 0 0 0 0
2146857934273716 123740962731712 drain_beg 0 0 0 0 0 0
2146857934274376 123740962731712 drain_end 1 0 0 0 0 0
2146857934274576 123740962731712 take 55 0 0 0 0 0
2146857934274926 123740962731712 subm_beg 1 0 0 0 0 0
2146857934275906 123740962731712 submit 55 0 0 0 0 0
2146857934276016 123740962731712 subm_end 1 0 0 0 0 0
2146857934276096 123740962731712 pump_beg 1 0 0 0 0 0
2146857934438650 123740962731712 feedend 54 0 0 0 0 0
2146857934449950 123740962731712 feedend 54 1 0 0 0 0
2146857937657373 123740962731712 outfirst 54 1 65536 0 0 0
2146857937998530 123740962731712 outfirst 54 0 65536 0 0 0
2146857938023629 123740962731712 pump_end 1 2 0 0 0 0
2146857938023749 123740962731712 book_beg 1 0 0 0 0 0
2146857938023959 123740962731712 batch 55 1 1 2 2 0
2146857938024119 123740962731712 book_end 1 0 0 0 0 0
2146857938024289 123740962731712 coll_beg 0 0 0 0 0 0
2146857938161564 123740962731712 coll_end 0 0 0 0 0 0
2146857938161744 123740962731712 rel_beg 1 0 0 0 0 0
2146857938162074 123740962731712 absorb 55 0 0 0 0 0
2146857938166424 123740962731712 rel_end 1 0 0 0 0 0
2146857938166504 123740962731712 emit_beg 55 0 0 0 0 0
2146857938168084 123740962731712 dmg 0 1 0 0 1024 768
2146857938168244 123740962731712 enc 54 54 1 -1 -1 0
2146857938194303 123740962731712 emit_end 55 0 0 0 0 0
2146857938194363 123740962731712 wait_beg 0 0 0 0 0 0
2146857934246157 123740976093056 msgin 55 4718592 0 0 0 0
2146857934246797 123740976093056 enq 55 1 0 0 0 0
2146857938194543 123740976093056 ackslot 55 54 55 54 1 0
2146857938245521 123740976093056 send 18 0 0 54 54 2
2146857938827150 123740976093056 send 166827 0 0 54 54 2
2146857939351501 123740976093056 send 149575 0 0 54 54 2
2146857939356781 123740976093056 send 14 0 0 54 54 2
2146857939357161 123740976093056 egress 55 1 0 54 0 0
2146857939357301 123740976093056 ackregion 55 55 55 54 1 0
2146857939826513 123740976093056 cliack 55 0 56 55 0 0
2146857949712273 123740962731712 wait_end 0 0 0 0 0 0
2146857949715873 123740962731712 drain_beg 0 0 0 0 0 0
2146857949716233 123740962731712 drain_end 1 0 0 0 0 0
2146857949716383 123740962731712 take 56 0 0 0 0 0
2146857949716603 123740962731712 subm_beg 1 0 0 0 0 0
2146857949717253 123740962731712 submit 56 0 0 0 0 0
2146857949717433 123740962731712 subm_end 1 0 0 0 0 0
2146857949717493 123740962731712 pump_beg 1 0 0 0 0 0
2146857949853358 123740962731712 feedend 55 0 0 0 0 0
2146857949859907 123740962731712 feedend 55 1 0 0 0 0
2146857953018732 123740962731712 outfirst 55 1 65536 0 0 0
2146857953442447 123740962731712 outfirst 55 0 65536 0 0 0
2146857953488855 123740962731712 pump_end 1 2 0 0 0 0
2146857953489065 123740962731712 book_beg 1 0 0 0 0 0
2146857953489305 123740962731712 batch 56 1 1 2 2 0
2146857953489375 123740962731712 book_end 1 0 0 0 0 0
2146857953489605 123740962731712 coll_beg 0 0 0 0 0 0
2146857953601021 123740962731712 coll_end 0 0 0 0 0 0
2146857953601301 123740962731712 rel_beg 1 0 0 0 0 0
2146857953601641 123740962731712 absorb 56 0 0 0 0 0
2146857953605481 123740962731712 rel_end 1 0 0 0 0 0
2146857953605651 123740962731712 emit_beg 56 0 0 0 0 0
2146857953606631 123740962731712 dmg 0 1 0 0 1024 768
2146857953606691 123740962731712 enc 55 55 1 -1 -1 0
2146857953626330 123740962731712 emit_end 56 0 0 0 0 0
2146857953626530 123740962731712 wait_beg 0 0 0 0 0 0
2146857949688194 123740976093056 msgin 56 4718592 0 0 0 0
2146857949688634 123740976093056 enq 56 1 0 0 0 0
2146857953629770 123740976093056 ackslot 56 55 56 55 1 0
2146857953655869 123740976093056 send 18 0 0 55 55 2
2146857954280516 123740976093056 send 169786 0 0 55 55 2
2146857954780138 123740976093056 send 145083 0 0 55 55 2
2146857954785448 123740976093056 send 14 0 0 55 55 2
2146857954785758 123740976093056 egress 56 1 0 55 0 0
2146857954785908 123740976093056 ackregion 56 56 56 55 1 0
2146857955266990 123740976093056 cliack 56 0 57 56 0 0
2146857965813215 123740962731712 wait_end 0 0 0 0 0 0
2146857965815875 123740962731712 drain_beg 0 0 0 0 0 0
2146857965816215 123740962731712 drain_end 1 0 0 0 0 0
2146857965816375 123740962731712 take 57 0 0 0 0 0
2146857965816725 123740962731712 subm_beg 1 0 0 0 0 0
2146857965817555 123740962731712 submit 57 0 0 0 0 0
2146857965817715 123740962731712 subm_end 1 0 0 0 0 0
2146857965817795 123740962731712 pump_beg 1 0 0 0 0 0
2146857965975349 123740962731712 feedend 56 0 0 0 0 0
2146857965993659 123740962731712 feedend 56 1 0 0 0 0
2146857965801636 123740976093056 msgin 57 4718592 0 0 0 0
2146857965801936 123740976093056 enq 57 1 0 0 0 0
2146857968960441 123740962731712 outfirst 56 1 65536 0 0 0
2146857969499881 123740962731712 outfirst 56 0 65536 0 0 0
2146857969535190 123740962731712 pump_end 1 2 0 0 0 0
2146857969535290 123740962731712 book_beg 1 0 0 0 0 0
2146857969535510 123740962731712 batch 57 1 1 2 2 0
2146857969535650 123740962731712 book_end 1 0 0 0 0 0
2146857969535810 123740962731712 coll_beg 0 0 0 0 0 0
2146857969646676 123740962731712 coll_end 0 0 0 0 0 0
2146857969646966 123740962731712 rel_beg 1 0 0 0 0 0
2146857969647246 123740962731712 absorb 57 0 0 0 0 0
2146857969650765 123740962731712 rel_end 1 0 0 0 0 0
2146857969650825 123740962731712 emit_beg 57 0 0 0 0 0
2146857969651815 123740962731712 dmg 0 1 0 0 1024 768
2146857969651855 123740962731712 enc 56 56 1 -1 -1 0
2146857969670535 123740962731712 emit_end 57 0 0 0 0 0
2146857969670595 123740962731712 wait_beg 0 0 0 0 0 0
2146857969674555 123740976093056 ackslot 57 56 57 56 1 0
2146857969708913 123740976093056 send 18 0 0 56 56 2
2146857970285012 123740976093056 send 165067 0 0 56 56 2
2146857970620300 123740976093056 send 137368 0 0 56 56 2
2146857970623710 123740976093056 send 14 0 0 56 56 2
2146857970623950 123740976093056 egress 57 1 0 56 0 0
2146857970624100 123740976093056 ackregion 57 57 57 56 1 0
2146857971090423 123740976093056 cliack 57 0 58 57 0 0
2146857981987965 123740962731712 wait_end 0 0 0 0 0 0
2146857981990115 123740962731712 drain_beg 0 0 0 0 0 0
2146857981990385 123740962731712 drain_end 1 0 0 0 0 0
2146857981990635 123740962731712 take 58 0 0 0 0 0
2146857981990895 123740962731712 subm_beg 1 0 0 0 0 0
2146857981991195 123740962731712 submit 58 0 0 0 0 0
2146857981991335 123740962731712 subm_end 1 0 0 0 0 0
2146857981991365 123740962731712 pump_beg 1 0 0 0 0 0
2146857982144810 123740962731712 feedend 57 0 0 0 0 0
2146857982172329 123740962731712 feedend 57 1 0 0 0 0
2146857985194408 123740962731712 outfirst 57 1 65536 0 0 0
2146857985588804 123740962731712 outfirst 57 0 65536 0 0 0
2146857985611443 123740962731712 pump_end 1 2 0 0 0 0
2146857985611623 123740962731712 book_beg 1 0 0 0 0 0
2146857985611823 123740962731712 batch 58 1 1 2 2 0
2146857985611903 123740962731712 book_end 1 0 0 0 0 0
2146857985612053 123740962731712 coll_beg 0 0 0 0 0 0
2146857985719629 123740962731712 coll_end 0 0 0 0 0 0
2146857985719799 123740962731712 rel_beg 1 0 0 0 0 0
2146857985720089 123740962731712 absorb 58 0 0 0 0 0
2146857985723489 123740962731712 rel_end 1 0 0 0 0 0
2146857985723669 123740962731712 emit_beg 58 0 0 0 0 0
2146857985724809 123740962731712 dmg 0 1 0 0 1024 768
2146857985724839 123740962731712 enc 57 57 1 -1 -1 0
2146857985744958 123740962731712 emit_end 58 0 0 0 0 0
2146857985745158 123740962731712 wait_beg 0 0 0 0 0 0
2146857981979736 123740976093056 msgin 58 4718592 0 0 0 0
2146857981980026 123740976093056 enq 58 1 0 0 0 0
2146857985732929 123740976093056 ackslot 58 57 58 57 1 0
2146857985756218 123740976093056 send 18 0 0 57 57 2
2146857986123104 123740976093056 send 156522 0 0 57 57 2
2146857986429763 123740976093056 send 134436 0 0 57 57 2
2146857986433603 123740976093056 send 14 0 0 57 57 2
2146857986433973 123740976093056 egress 58 1 0 57 0 0
2146857986434133 123740976093056 ackregion 58 58 58 57 1 0
2146857986993203 123740976093056 cliack 58 0 59 58 0 0
2146857998226993 123740962731712 wait_end 0 0 0 0 0 0
2146857998230533 123740962731712 drain_beg 0 0 0 0 0 0
2146857998230893 123740962731712 drain_end 1 0 0 0 0 0
2146857998231153 123740962731712 take 59 0 0 0 0 0
2146857998231653 123740962731712 subm_beg 1 0 0 0 0 0
2146857998232443 123740962731712 submit 59 0 0 0 0 0
2146857998232673 123740962731712 subm_end 1 0 0 0 0 0
2146857998232753 123740962731712 pump_beg 1 0 0 0 0 0
2146857998367918 123740962731712 feedend 58 0 0 0 0 0
2146857998403586 123740962731712 feedend 58 1 0 0 0 0
2146857998204584 123740976093056 msgin 59 4718592 0 0 0 0
2146857998204914 123740976093056 enq 59 1 0 0 0 0
2146858001859470 123740962731712 outfirst 58 1 65536 0 0 0
2146858002281305 123740962731712 outfirst 58 0 65536 0 0 0
2146858002306064 123740962731712 pump_end 1 2 0 0 0 0
2146858002306224 123740962731712 book_beg 1 0 0 0 0 0
2146858002306424 123740962731712 batch 59 1 1 2 2 0
2146858002306564 123740962731712 book_end 1 0 0 0 0 0
2146858002306714 123740962731712 coll_beg 0 0 0 0 0 0
2146858002447149 123740962731712 coll_end 0 0 0 0 0 0
2146858002447399 123740962731712 rel_beg 1 0 0 0 0 0
2146858002447829 123740962731712 absorb 59 0 0 0 0 0
2146858002451399 123740962731712 rel_end 1 0 0 0 0 0
2146858002451459 123740962731712 emit_beg 59 0 0 0 0 0
2146858002452299 123740962731712 dmg 0 1 0 0 1024 768
2146858002452479 123740962731712 enc 58 58 1 -1 -1 0
2146858002480808 123740962731712 emit_end 59 0 0 0 0 0
2146858002480868 123740962731712 wait_beg 0 0 0 0 0 0
2146858002460138 123740976093056 ackslot 59 58 59 58 1 0
2146858002474848 123740976093056 send 18 0 0 58 58 2
2146858002956720 123740976093056 send 210201 0 0 58 58 2
2146858003385125 123740976093056 send 186785 0 0 58 58 2
2146858003388624 123740976093056 send 14 0 0 58 58 2
2146858003388764 123740976093056 egress 59 1 0 58 0 0
2146858003388914 123740976093056 ackregion 59 59 59 58 1 0
2146858003857667 123740976093056 cliack 59 0 60 59 0 0
2146858014041156 123740962731712 wait_end 0 0 0 0 0 0
2146858014043716 123740962731712 drain_beg 0 0 0 0 0 0
2146858014043986 123740962731712 drain_end 1 0 0 0 0 0
2146858014044146 123740962731712 take 60 0 0 0 0 0
2146858014044446 123740962731712 subm_beg 1 0 0 0 0 0
2146858014045246 123740962731712 submit 60 0 0 0 0 0
2146858014045406 123740962731712 subm_end 1 0 0 0 0 0
2146858014045456 123740962731712 pump_beg 1 0 0 0 0 0
2146858014168041 123740962731712 feedend 59 0 0 0 0 0
2146858014214320 123740962731712 feedend 59 1 0 0 0 0
2146858017134213 123740962731712 outfirst 59 1 65536 0 0 0
2146858017654924 123740962731712 outfirst 59 0 65536 0 0 0
2146858017674973 123740962731712 pump_end 1 2 0 0 0 0
2146858017675163 123740962731712 book_beg 1 0 0 0 0 0
2146858017675413 123740962731712 batch 60 1 1 2 2 0
2146858017675483 123740962731712 book_end 1 0 0 0 0 0
2146858017679323 123740962731712 coll_beg 0 0 0 0 0 0
2146858017783899 123740962731712 coll_end 0 0 0 0 0 0
2146858017783979 123740962731712 rel_beg 1 0 0 0 0 0
2146858017784349 123740962731712 absorb 60 0 0 0 0 0
2146858017787779 123740962731712 rel_end 1 0 0 0 0 0
2146858017787809 123740962731712 emit_beg 60 0 0 0 0 0
2146858017788839 123740962731712 dmg 0 1 0 0 1024 768
2146858017788899 123740962731712 enc 59 59 1 -1 -1 0
2146858017807578 123740962731712 emit_end 60 0 0 0 0 0
2146858017807648 123740962731712 wait_beg 0 0 0 0 0 0
2146858014017997 123740976093056 msgin 60 4718592 0 0 0 0
2146858014018287 123740976093056 enq 60 1 0 0 0 0
2146858017796299 123740976093056 ackslot 60 59 60 59 1 0
2146858017810408 123740976093056 send 18 0 0 59 59 2
2146858018174335 123740976093056 send 158325 0 0 59 59 2
2146858018465004 123740976093056 send 128658 0 0 59 59 2
2146858018468374 123740976093056 send 14 0 0 59 59 2
2146858018468564 123740976093056 egress 60 1 0 59 0 0
2146858018468714 123740976093056 ackregion 60 60 60 59 1 0
2146858019046413 123740976093056 cliack 60 0 61 60 0 0
2146858029389266 123740962731712 wait_end 0 0 0 0 0 0
2146858029391756 123740962731712 drain_beg 0 0 0 0 0 0
2146858029392106 123740962731712 drain_end 1 0 0 0 0 0
2146858029392306 123740962731712 take 61 0 0 0 0 0
2146858029392636 123740962731712 subm_beg 1 0 0 0 0 0
2146858029393306 123740962731712 submit 61 0 0 0 0 0
2146858029393446 123740962731712 subm_end 1 0 0 0 0 0
2146858029393486 123740962731712 pump_beg 1 0 0 0 0 0
2146858029529691 123740962731712 feedend 60 0 0 0 0 0
2146858029566619 123740962731712 feedend 60 1 0 0 0 0
2146858032495173 123740962731712 outfirst 60 1 65536 0 0 0
2146858033066722 123740962731712 outfirst 60 0 65536 0 0 0
2146858033085321 123740962731712 pump_end 1 2 0 0 0 0
2146858033085391 123740962731712 book_beg 1 0 0 0 0 0
2146858033085581 123740962731712 batch 61 1 1 2 2 0
2146858033085741 123740962731712 book_end 1 0 0 0 0 0
2146858033085971 123740962731712 coll_beg 0 0 0 0 0 0
2146858033196127 123740962731712 coll_end 0 0 0 0 0 0
2146858033196407 123740962731712 rel_beg 1 0 0 0 0 0
2146858033196767 123740962731712 absorb 61 0 0 0 0 0
2146858033200297 123740962731712 rel_end 1 0 0 0 0 0
2146858033200327 123740962731712 emit_beg 61 0 0 0 0 0
2146858033201137 123740962731712 dmg 0 1 0 0 1024 768
2146858033201317 123740962731712 enc 60 60 1 -1 -1 0
2146858033221256 123740962731712 emit_end 61 0 0 0 0 0
2146858033221336 123740962731712 wait_beg 0 0 0 0 0 0
2146858029362317 123740976093056 msgin 61 4718592 0 0 0 0
2146858029362707 123740976093056 enq 61 1 0 0 0 0
2146858033208437 123740976093056 ackslot 61 60 61 60 1 0
2146858033221936 123740976093056 send 18 0 0 60 60 2
2146858033616592 123740976093056 send 173728 0 0 60 60 2
2146858033915961 123740976093056 send 131915 0 0 60 60 2
2146858033919461 123740976093056 send 14 0 0 60 60 2
2146858033919601 123740976093056 egress 61 1 0 60 0 0
2146858033919751 123740976093056 ackregion 61 61 61 60 1 0
2146858034684623 123740976093056 cliack 61 0 62 61 0 0
2146858045886084 123740962731712 wait_end 0 0 0 0 0 0
2146858045889334 123740962731712 drain_beg 0 0 0 0 0 0
2146858045889624 123740962731712 drain_end 1 0 0 0 0 0
2146858045889784 123740962731712 take 62 0 0 0 0 0
2146858045890114 123740962731712 subm_beg 1 0 0 0 0 0
2146858045890494 123740962731712 submit 62 0 0 0 0 0
2146858045890694 123740962731712 subm_end 1 0 0 0 0 0
2146858045890754 123740962731712 pump_beg 1 0 0 0 0 0
2146858046015859 123740962731712 feedend 61 0 0 0 0 0
2146858046061758 123740962731712 feedend 61 1 0 0 0 0
2146858048697692 123740962731712 outfirst 61 1 65536 0 0 0
2146858045862455 123740976093056 msgin 62 4718592 0 0 0 0
2146858045862905 123740976093056 enq 62 1 0 0 0 0
2146858049458324 123740962731712 outfirst 61 0 65536 0 0 0
2146858049484553 123740962731712 pump_end 1 2 0 0 0 0
2146858049484743 123740962731712 book_beg 1 0 0 0 0 0
2146858049484893 123740962731712 batch 62 1 1 2 2 0
2146858049485043 123740962731712 book_end 1 0 0 0 0 0
2146858049485203 123740962731712 coll_beg 0 0 0 0 0 0
2146858049582739 123740962731712 coll_end 0 0 0 0 0 0
2146858049583009 123740962731712 rel_beg 1 0 0 0 0 0
2146858049583359 123740962731712 absorb 62 0 0 0 0 0
2146858049586889 123740962731712 rel_end 1 0 0 0 0 0
2146858049587099 123740962731712 emit_beg 62 0 0 0 0 0
2146858049588149 123740962731712 dmg 0 1 0 0 1024 768
2146858049588219 123740962731712 enc 61 61 1 -1 -1 0
2146858049607438 123740962731712 emit_end 62 0 0 0 0 0
2146858049607628 123740962731712 wait_beg 0 0 0 0 0 0
2146858049598379 123740976093056 ackslot 62 61 62 61 1 0
2146858049614748 123740976093056 send 18 0 0 61 61 2
2146858050194827 123740976093056 send 168571 0 0 61 61 2
2146858050567853 123740976093056 send 109519 0 0 61 61 2
2146858050571403 123740976093056 send 14 0 0 61 61 2
2146858050571593 123740976093056 egress 62 1 0 61 0 0
2146858050571623 123740976093056 ackregion 62 62 62 61 1 0
2146858050912721 123740976093056 cliack 62 0 63 62 0 0
2146858062221448 123740962731712 wait_end 0 0 0 0 0 0
2146858062224338 123740962731712 drain_beg 0 0 0 0 0 0
2146858062224808 123740962731712 drain_end 1 0 0 0 0 0
2146858062225008 123740962731712 take 63 0 0 0 0 0
2146858062225368 123740962731712 subm_beg 1 0 0 0 0 0
2146858062225928 123740962731712 submit 63 0 0 0 0 0
2146858062226108 123740962731712 subm_end 1 0 0 0 0 0
2146858062226128 123740962731712 pump_beg 1 0 0 0 0 0
2146858062375322 123740962731712 feedend 62 0 0 0 0 0
2146858062391302 123740962731712 feedend 62 1 0 0 0 0
2146858065961872 123740962731712 outfirst 62 1 65536 0 0 0
2146858066564370 123740962731712 outfirst 62 0 65536 0 0 0
2146858066592079 123740962731712 pump_end 1 2 0 0 0 0
2146858066592209 123740962731712 book_beg 1 0 0 0 0 0
2146858066592439 123740962731712 batch 63 1 1 2 2 0
2146858066592599 123740962731712 book_end 1 0 0 0 0 0
2146858066592779 123740962731712 coll_beg 0 0 0 0 0 0
2146858066737413 123740962731712 coll_end 0 0 0 0 0 0
2146858066737703 123740962731712 rel_beg 1 0 0 0 0 0
2146858066738063 123740962731712 absorb 63 0 0 0 0 0
2146858066741443 123740962731712 rel_end 1 0 0 0 0 0
2146858066741503 123740962731712 emit_beg 63 0 0 0 0 0
2146858066742693 123740962731712 dmg 0 1 0 0 1024 768
2146858066744973 123740962731712 enc 62 62 1 -1 -1 0
2146858066769802 123740962731712 emit_end 63 0 0 0 0 0
2146858066769852 123740962731712 wait_beg 0 0 0 0 0 0
2146858062207979 123740976093056 msgin 63 4718592 0 0 0 0
2146858062208499 123740976093056 enq 63 1 0 0 0 0
2146858066754363 123740976093056 ackslot 63 62 63 62 1 0
2146858066773182 123740976093056 send 18 0 0 62 62 2
2146858067480096 123740976093056 send 223176 0 0 62 62 2
2146858067893711 123740976093056 send 185605 0 0 62 62 2
2146858067897111 123740976093056 send 14 0 0 62 62 2
2146858067897211 123740976093056 egress 63 1 0 62 0 0
2146858067897381 123740976093056 ackregion 63 63 63 62 1 0
2146858068361254 123740976093056 cliack 63 0 64 63 0 0
2146858078028311 123740962731712 wait_end 0 0 0 0 0 0
2146858078030011 123740962731712 drain_beg 0 0 0 0 0 0
2146858078030331 123740962731712 drain_end 1 0 0 0 0 0
2146858078030471 123740962731712 take 64 0 0 0 0 0
2146858078030851 123740962731712 subm_beg 1 0 0 0 0 0
2146858078031861 123740962731712 submit 64 0 0 0 0 0
2146858078032021 123740962731712 subm_end 1 0 0 0 0 0
2146858078032051 123740962731712 pump_beg 1 0 0 0 0 0
2146858078169306 123740962731712 feedend 63 0 0 0 0 0
2146858078172856 123740962731712 feedend 63 1 0 0 0 0
2146858078017402 123740976093056 msgin 64 4718592 0 0 0 0
2146858078018162 123740976093056 enq 64 1 0 0 0 0
2146858080973474 123740962731712 outfirst 63 1 65536 0 0 0
2146858081632720 123740962731712 outfirst 63 0 65536 0 0 0
2146858081654249 123740962731712 pump_end 1 2 0 0 0 0
2146858081654499 123740962731712 book_beg 1 0 0 0 0 0
2146858081654729 123740962731712 batch 64 1 1 2 2 0
2146858081654829 123740962731712 book_end 1 0 0 0 0 0
2146858081654999 123740962731712 coll_beg 0 0 0 0 0 0
2146858081754825 123740962731712 coll_end 0 0 0 0 0 0
2146858081755115 123740962731712 rel_beg 1 0 0 0 0 0
2146858081755415 123740962731712 absorb 64 0 0 0 0 0
2146858081759185 123740962731712 rel_end 1 0 0 0 0 0
2146858081759245 123740962731712 emit_beg 64 0 0 0 0 0
2146858081760025 123740962731712 dmg 0 1 0 0 1024 768
2146858081760105 123740962731712 enc 63 63 1 -1 -1 0
2146858081778045 123740962731712 emit_end 64 0 0 0 0 0
2146858081778125 123740962731712 wait_beg 0 0 0 0 0 0
2146858081768915 123740976093056 ackslot 64 63 64 63 1 0
2146858081782544 123740976093056 send 18 0 0 63 63 2
2146858082145591 123740976093056 send 158449 0 0 63 63 2
2146858082412331 123740976093056 send 118943 0 0 63 63 2
2146858082416001 123740976093056 send 14 0 0 63 63 2
2146858082416191 123740976093056 egress 64 1 0 63 0 0
2146858082416351 123740976093056 ackregion 64 64 64 63 1 0
2146858082756169 123740976093056 cliack 64 0 65 64 0 0
2146858094029548 123740962731712 wait_end 0 0 0 0 0 0
2146858094031438 123740962731712 drain_beg 0 0 0 0 0 0
2146858094031678 123740962731712 drain_end 1 0 0 0 0 0
2146858094031828 123740962731712 take 65 0 0 0 0 0
2146858094032088 123740962731712 subm_beg 1 0 0 0 0 0
2146858094032648 123740962731712 submit 65 0 0 0 0 0
2146858094032788 123740962731712 subm_end 1 0 0 0 0 0
2146858094032948 123740962731712 pump_beg 1 0 0 0 0 0
2146858094165443 123740962731712 feedend 64 0 0 0 0 0
2146858094169283 123740962731712 feedend 64 1 0 0 0 0
2146858097422434 123740962731712 outfirst 64 1 65536 0 0 0
2146858097967234 123740962731712 outfirst 64 0 65536 0 0 0
2146858097987433 123740962731712 pump_end 1 2 0 0 0 0
2146858097987543 123740962731712 book_beg 1 0 0 0 0 0
2146858097987773 123740962731712 batch 65 1 1 2 2 0
2146858097987853 123740962731712 book_end 1 0 0 0 0 0
2146858097987953 123740962731712 coll_beg 0 0 0 0 0 0
2146858098149097 123740962731712 coll_end 0 0 0 0 0 0
2146858098149267 123740962731712 rel_beg 1 0 0 0 0 0
2146858098149667 123740962731712 absorb 65 0 0 0 0 0
2146858098155707 123740962731712 rel_end 1 0 0 0 0 0
2146858098155797 123740962731712 emit_beg 65 0 0 0 0 0
2146858098157847 123740962731712 dmg 0 1 0 0 1024 768
2146858098158027 123740962731712 enc 64 64 1 -1 -1 0
2146858098182706 123740962731712 emit_end 65 0 0 0 0 0
2146858098182786 123740962731712 wait_beg 0 0 0 0 0 0
2146858094020248 123740976093056 msgin 65 4718592 0 0 0 0
2146858094020538 123740976093056 enq 65 1 0 0 0 0
2146858098164557 123740976093056 ackslot 65 64 65 64 1 0
2146858098177116 123740976093056 send 18 0 0 64 64 2
2146858098615840 123740976093056 send 195479 0 0 64 64 2
2146858098989167 123740976093056 send 163100 0 0 64 64 2
2146858098992487 123740976093056 send 14 0 0 64 64 2
2146858098992597 123740976093056 egress 65 1 0 64 0 0
2146858098992737 123740976093056 ackregion 65 65 65 64 1 0
2146858099780698 123740976093056 cliack 65 0 66 65 0 0
2146858109886959 123740962731712 wait_end 0 0 0 0 0 0
2146858109889169 123740962731712 drain_beg 0 0 0 0 0 0
2146858109889379 123740962731712 drain_end 1 0 0 0 0 0
2146858109889539 123740962731712 take 66 0 0 0 0 0
2146858109889839 123740962731712 subm_beg 1 0 0 0 0 0
2146858109890319 123740962731712 submit 66 0 0 0 0 0
2146858109890469 123740962731712 subm_end 1 0 0 0 0 0
2146858109890529 123740962731712 pump_beg 1 0 0 0 0 0
2146858110035374 123740962731712 feedend 65 0 0 0 0 0
2146858110063473 123740962731712 feedend 65 1 0 0 0 0
2146858112816362 123740962731712 outfirst 65 1 65536 0 0 0
2146858113286865 123740962731712 outfirst 65 0 65536 0 0 0
2146858113307624 123740962731712 pump_end 1 2 0 0 0 0
2146858113307944 123740962731712 book_beg 1 0 0 0 0 0
2146858113308364 123740962731712 batch 66 1 1 2 2 0
2146858113308444 123740962731712 book_end 1 0 0 0 0 0
2146858113308604 123740962731712 coll_beg 0 0 0 0 0 0
2146858113404061 123740962731712 coll_end 0 0 0 0 0 0
2146858113404391 123740962731712 rel_beg 1 0 0 0 0 0
2146858113404751 123740962731712 absorb 66 0 0 0 0 0
2146858113408731 123740962731712 rel_end 1 0 0 0 0 0
2146858113408911 123740962731712 emit_beg 66 0 0 0 0 0
2146858113410081 123740962731712 dmg 0 1 0 0 1024 768
2146858113410161 123740962731712 enc 65 65 1 -1 -1 0
2146858113427210 123740962731712 emit_end 66 0 0 0 0 0
2146858113427280 123740962731712 wait_beg 0 0 0 0 0 0
2146858109862680 123740976093056 msgin 66 4718592 0 0 0 0
2146858109862930 123740976093056 enq 66 1 0 0 0 0
2146858113417530 123740976093056 ackslot 66 65 66 65 1 0
2146858113428800 123740976093056 send 18 0 0 65 65 2
2146858113753098 123740976093056 send 143638 0 0 65 65 2
2146858114007879 123740976093056 send 113812 0 0 65 65 2
2146858114014359 123740976093056 send 14 0 0 65 65 2
2146858114014539 123740976093056 egress 66 1 0 65 0 0
2146858114014719 123740976093056 ackregion 66 66 66 65 1 0
2146858114662695 123740976093056 cliack 66 0 67 66 0 0
2146858125976332 123740962731712 wait_end 0 0 0 0 0 0
2146858125979452 123740962731712 drain_beg 0 0 0 0 0 0
2146858125979832 123740962731712 drain_end 1 0 0 0 0 0
2146858125979972 123740962731712 take 67 0 0 0 0 0
2146858125983092 123740962731712 subm_beg 1 0 0 0 0 0
2146858125983542 123740962731712 submit 67 0 0 0 0 0
2146858125983672 123740962731712 subm_end 1 0 0 0 0 0
2146858125983742 123740962731712 pump_beg 1 0 0 0 0 0
2146858126129167 123740962731712 feedend 66 0 0 0 0 0
2146858126141506 123740962731712 feedend 66 1 0 0 0 0
2146858129189055 123740962731712 outfirst 66 1 65536 0 0 0
2146858129554502 123740962731712 outfirst 66 0 65536 0 0 0
2146858129569071 123740962731712 pump_end 1 2 0 0 0 0
2146858129569161 123740962731712 book_beg 1 0 0 0 0 0
2146858129569331 123740962731712 batch 67 1 1 2 2 0
2146858129569481 123740962731712 book_end 1 0 0 0 0 0
2146858129569511 123740962731712 coll_beg 0 0 0 0 0 0
2146858125950053 123740976093056 msgin 67 4718592 0 0 0 0
2146858125950673 123740976093056 enq 67 1 0 0 0 0
2146858129638559 123740962731712 coll_end 0 0 0 0 0 0
2146858129639018 123740962731712 rel_beg 1 0 0 0 0 0
2146858129639328 123740962731712 absorb 67 0 0 0 0 0
2146858129641938 123740962731712 rel_end 1 0 0 0 0 0
2146858129641968 123740962731712 emit_beg 67 0 0 0 0 0
2146858129642648 123740962731712 dmg 0 1 0 0 1024 768
2146858129642798 123740962731712 enc 66 66 1 -1 -1 0
2146858129657378 123740962731712 emit_end 67 0 0 0 0 0
2146858129657438 123740962731712 wait_beg 0 0 0 0 0 0
2146858129650568 123740976093056 ackslot 67 66 67 66 1 0
2146858129660698 123740976093056 send 18 0 0 66 66 2
2146858130046314 123740976093056 send 160461 0 0 66 66 2
2146858130360682 123740976093056 send 138219 0 0 66 66 2
2146858130364202 123740976093056 send 14 0 0 66 66 2
2146858130364352 123740976093056 egress 67 1 0 66 0 0
2146858130364502 123740976093056 ackregion 67 67 67 66 1 0
2146858131005859 123740976093056 cliack 67 0 68 67 0 0
2146858141799915 123740962731712 wait_end 0 0 0 0 0 0
2146858141801585 123740962731712 drain_beg 0 0 0 0 0 0
2146858141801815 123740962731712 drain_end 1 0 0 0 0 0
2146858141801965 123740962731712 take 68 0 0 0 0 0
2146858141802155 123740962731712 subm_beg 1 0 0 0 0 0
2146858141802595 123740962731712 submit 68 0 0 0 0 0
2146858141802725 123740962731712 subm_end 1 0 0 0 0 0
2146858141802765 123740962731712 pump_beg 1 0 0 0 0 0
2146858141903321 123740962731712 feedend 67 0 0 0 0 0
2146858141953039 123740962731712 feedend 67 1 0 0 0 0
2146858144834604 123740962731712 outfirst 67 1 65536 0 0 0
2146858145324136 123740962731712 outfirst 67 0 65536 0 0 0
2146858145342786 123740962731712 pump_end 1 2 0 0 0 0
2146858145342936 123740962731712 book_beg 1 0 0 0 0 0
2146858145343066 123740962731712 batch 68 1 1 2 2 0
2146858145343096 123740962731712 book_end 1 0 0 0 0 0
2146858145343226 123740962731712 coll_beg 0 0 0 0 0 0
2146858145416023 123740962731712 coll_end 0 0 0 0 0 0
2146858145416173 123740962731712 rel_beg 1 0 0 0 0 0
2146858145416263 123740962731712 absorb 68 0 0 0 0 0
2146858145417093 123740962731712 rel_end 1 0 0 0 0 0
2146858145417133 123740962731712 emit_beg 68 0 0 0 0 0
2146858145417673 123740962731712 dmg 0 1 0 0 1024 768
2146858145417723 123740962731712 enc 67 67 1 -1 -1 0
2146858145433872 123740962731712 emit_end 68 0 0 0 0 0
2146858145433912 123740962731712 wait_beg 0 0 0 0 0 0
2146858146154626 123740962731712 wait_end 0 0 0 0 0 0
2146858146156526 123740962731712 drain_beg 0 0 0 0 0 0
2146858146156886 123740962731712 drain_end 1 0 0 0 0 0
2146858146157056 123740962731712 take 69 0 0 0 0 0
2146858146157246 123740962731712 subm_beg 1 0 0 0 0 0
2146858146157556 123740962731712 submit 69 0 0 0 0 0
2146858146157606 123740962731712 subm_end 1 0 0 0 0 0
2146858146157746 123740962731712 pump_beg 1 0 0 0 0 0
2146858146255452 123740962731712 feedend 68 0 0 0 0 0
2146858146279351 123740962731712 feedend 68 1 0 0 0 0
2146858149548782 123740962731712 outfirst 68 1 65536 0 0 0
2146858141794025 123740976093056 msgin 68 4718592 0 0 0 0
2146858141794405 123740976093056 enq 68 1 0 0 0 0
2146858145420163 123740976093056 ackslot 68 67 68 67 1 0
2146858145434332 123740976093056 send 18 0 0 67 67 2
2146858145804679 123740976093056 send 170150 0 0 67 67 2
2146858146094748 123740976093056 send 131684 0 0 67 67 2
2146858146098038 123740976093056 send 14 0 0 67 67 2
2146858146098208 123740976093056 egress 68 1 0 67 0 0
2146858146098328 123740976093056 ackregion 68 68 68 67 1 0
2146858146148126 123740976093056 msgin 69 4718592 0 0 0 0
2146858146148336 123740976093056 enq 69 1 0 0 0 0
2146858146706766 123740976093056 cliack 68 0 69 68 0 0
2146858150094442 123740962731712 outfirst 68 0 65536 0 0 0
2146858150113002 123740962731712 pump_end 1 2 0 0 0 0
2146858150113052 123740962731712 book_beg 1 0 0 0 0 0
2146858150113292 123740962731712 batch 69 1 1 2 2 0
2146858150113442 123740962731712 book_end 1 0 0 0 0 0
2146858150113592 123740962731712 coll_beg 0 0 0 0 0 0
2146858150196579 123740962731712 coll_end 0 0 0 0 0 0
2146858150196949 123740962731712 rel_beg 1 0 0 0 0 0
2146858150197089 123740962731712 absorb 69 0 0 0 0 0
2146858150199738 123740962731712 rel_end 1 0 0 0 0 0
2146858150199768 123740962731712 emit_beg 69 0 0 0 0 0
2146858150200388 123740962731712 dmg 0 1 0 0 1024 768
2146858150200528 123740962731712 enc 68 68 1 -1 -1 0
2146858150217378 123740962731712 emit_end 69 0 0 0 0 0
2146858150217428 123740962731712 wait_beg 0 0 0 0 0 0
2146858150218028 123740962731712 wait_end 0 0 0 0 0 0
2146858150219118 123740962731712 drain_beg 0 0 0 0 0 0
2146858150219228 123740962731712 drain_end 1 0 0 0 0 0
2146858150219438 123740962731712 take 70 0 0 0 0 0
2146858150219548 123740962731712 subm_beg 1 0 0 0 0 0
2146858150219628 123740962731712 submit 70 0 0 0 0 0
2146858150219658 123740962731712 subm_end 1 0 0 0 0 0
2146858150219688 123740962731712 pump_beg 1 0 0 0 0 0
2146858150307345 123740962731712 feedend 69 0 0 0 0 0
2146858150329914 123740962731712 feedend 69 1 0 0 0 0
2146858153064384 123740962731712 outfirst 69 1 65536 0 0 0
2146858153662392 123740962731712 outfirst 69 0 65536 0 0 0
2146858153679052 123740962731712 pump_end 1 2 0 0 0 0
2146858153679112 123740962731712 book_beg 1 0 0 0 0 0
2146858153679192 123740962731712 batch 70 1 1 2 2 0
2146858153679222 123740962731712 book_end 1 0 0 0 0 0
2146858153679242 123740962731712 coll_beg 0 0 0 0 0 0
2146858153743059 123740962731712 coll_end 0 0 0 0 0 0
2146858153743119 123740962731712 rel_beg 1 0 0 0 0 0
2146858153743239 123740962731712 absorb 70 0 0 0 0 0
2146858153744349 123740962731712 rel_end 1 0 0 0 0 0
2146858153744389 123740962731712 emit_beg 70 0 0 0 0 0
2146858153744829 123740962731712 dmg 0 1 0 0 1024 768
2146858153744889 123740962731712 enc 69 69 1 -1 -1 0
2146858153758379 123740962731712 emit_end 70 0 0 0 0 0
2146858153758419 123740962731712 wait_beg 0 0 0 0 0 0
2146858149972827 123740976093056 msgin 70 4718592 0 0 0 0
2146858149973067 123740976093056 enq 70 1 0 0 0 0
2146858150205158 123740976093056 ackslot 69 68 69 68 1 0
2146858150219628 123740976093056 send 18 0 0 68 68 2
2146858150700750 123740976093056 send 206150 0 0 68 68 2
2146858151078336 123740976093056 send 170521 0 0 68 68 2
2146858151082416 123740976093056 send 14 0 0 68 68 2
2146858151082696 123740976093056 egress 69 1 0 68 0 0
2146858151082836 123740976093056 ackregion 69 69 69 68 1 0
2146858151505361 123740976093056 cliack 69 0 70 69 0 0
2146858153748799 123740976093056 ackslot 70 69 70 69 1 0
2146858153758859 123740976093056 send 18 0 0 69 69 2
2146858154121775 123740976093056 send 166341 0 0 69 69 2
2146858154385976 123740976093056 send 124132 0 0 69 69 2
2146858154391625 123740976093056 send 14 0 0 69 69 2
2146858154391715 123740976093056 egress 70 1 0 69 0 0
2146858154391745 123740976093056 ackregion 70 70 70 69 1 0
2146858154680925 123740976093056 cliack 70 0 71 70 0 0
2146858166235463 123740962731712 wait_end 0 0 0 0 0 0
2146858166241853 123740962731712 drain_beg 0 0 0 0 0 0
2146858166242323 123740962731712 drain_end 1 0 0 0 0 0
2146858166242493 123740962731712 take 71 0 0 0 0 0
2146858166242783 123740962731712 subm_beg 1 0 0 0 0 0
2146858166243153 123740962731712 submit 71 0 0 0 0 0
2146858166243173 123740962731712 subm_end 1 0 0 0 0 0
2146858166243313 123740962731712 pump_beg 1 0 0 0 0 0
2146858166365729 123740962731712 feedend 70 0 0 0 0 0
2146858166413457 123740962731712 feedend 70 1 0 0 0 0
2146858166215944 123740976093056 msgin 71 4718592 0 0 0 0
2146858166216494 123740976093056 enq 71 1 0 0 0 0
2146858169969777 123740962731712 outfirst 70 1 65536 0 0 0
2146858170430740 123740962731712 outfirst 70 0 65536 0 0 0
2146858170457279 123740962731712 pump_end 1 2 0 0 0 0
2146858170457449 123740962731712 book_beg 1 0 0 0 0 0
2146858170457729 123740962731712 batch 71 1 1 2 2 0
2146858170457919 123740962731712 book_end 1 0 0 0 0 0
2146858170458109 123740962731712 coll_beg 0 0 0 0 0 0
2146858170617064 123740962731712 coll_end 0 0 0 0 0 0
2146858170617374 123740962731712 rel_beg 1 0 0 0 0 0
2146858170617574 123740962731712 absorb 71 0 0 0 0 0
2146858170620183 123740962731712 rel_end 1 0 0 0 0 0
2146858170620253 123740962731712 emit_beg 71 0 0 0 0 0
2146858170621613 123740962731712 dmg 0 1 0 0 1024 768
2146858170621813 123740962731712 enc 70 70 1 -1 -1 0
2146858170649752 123740962731712 emit_end 71 0 0 0 0 0
2146858170649822 123740962731712 wait_beg 0 0 0 0 0 0
2146858170625473 123740976093056 ackslot 71 70 71 70 1 0
2146858170650222 123740976093056 send 18 0 0 70 70 2
2146858171144484 123740976093056 send 225285 0 0 70 70 2
2146858171606008 123740976093056 send 203468 0 0 70 70 2
2146858171609387 123740976093056 send 14 0 0 70 70 2
2146858171609567 123740976093056 egress 71 1 0 70 0 0
2146858171609687 123740976093056 ackregion 71 71 71 70 1 0
2146858172287483 123740976093056 cliack 71 0 72 71 0 0
2146858181821415 123740962731712 wait_end 0 0 0 0 0 0
2146858181824205 123740962731712 drain_beg 0 0 0 0 0 0
2146858181824655 123740962731712 drain_end 1 0 0 0 0 0
2146858181824785 123740962731712 take 72 0 0 0 0 0
2146858181824975 123740962731712 subm_beg 1 0 0 0 0 0
2146858181825445 123740962731712 submit 72 0 0 0 0 0
2146858181825605 123740962731712 subm_end 1 0 0 0 0 0
2146858181825675 123740962731712 pump_beg 1 0 0 0 0 0
2146858181938001 123740962731712 feedend 71 0 0 0 0 0
2146858181990829 123740962731712 feedend 71 1 0 0 0 0
2146858184720819 123740962731712 outfirst 71 1 65536 0 0 0
2146858185124284 123740962731712 outfirst 71 0 65536 0 0 0
2146858185143394 123740962731712 pump_end 1 2 0 0 0 0
2146858185143654 123740962731712 book_beg 1 0 0 0 0 0
2146858185143834 123740962731712 batch 72 1 1 2 2 0
2146858185143854 123740962731712 book_end 1 0 0 0 0 0
2146858185144044 123740962731712 coll_beg 0 0 0 0 0 0
2146858185233870 123740962731712 coll_end 0 0 0 0 0 0
2146858185234270 123740962731712 rel_beg 1 0 0 0 0 0
2146858185234400 123740962731712 absorb 72 0 0 0 0 0
2146858185236370 123740962731712 rel_end 1 0 0 0 0 0
2146858185236630 123740962731712 emit_beg 72 0 0 0 0 0
2146858185237380 123740962731712 dmg 0 1 0 0 1024 768
2146858185237430 123740962731712 enc 71 71 1 -1 -1 0
2146858185254400 123740962731712 emit_end 72 0 0 0 0 0
2146858185254600 123740962731712 wait_beg 0 0 0 0 0 0
2146858181799886 123740976093056 msgin 72 4718592 0 0 0 0
2146858181800166 123740976093056 enq 72 1 0 0 0 0
2146858185241770 123740976093056 ackslot 72 71 72 71 1 0
2146858185256310 123740976093056 send 18 0 0 71 71 2
2146858185542789 123740976093056 send 132830 0 0 71 71 2
2146858185809369 123740976093056 send 113900 0 0 71 71 2
2146858185812899 123740976093056 send 14 0 0 71 71 2
2146858185813379 123740976093056 egress 72 1 0 71 0 0
2146858185813539 123740976093056 ackregion 72 72 72 71 1 0
2146858186128018 123740976093056 cliack 72 0 73 72 0 0
2146858197333079 123740962731712 wait_end 0 0 0 0 0 0
2146858197335639 123740962731712 drain_beg 0 0 0 0 0 0
2146858197335929 123740962731712 drain_end 1 0 0 0 0 0
2146858197336089 123740962731712 take 73 0 0 0 0 0
2146858197336259 123740962731712 subm_beg 1 0 0 0 0 0
2146858197336529 123740962731712 submit 73 0 0 0 0 0
2146858197336699 123740962731712 subm_end 1 0 0 0 0 0
2146858197336869 123740962731712 pump_beg 1 0 0 0 0 0
2146858197451185 123740962731712 feedend 72 0 0 0 0 0
2146858197498933 123740962731712 feedend 72 1 0 0 0 0
2146858197313870 123740976093056 msgin 73 4718592 0 0 0 0
2146858197314210 123740976093056 enq 73 1 0 0 0 0
2146858200423746 123740962731712 outfirst 72 1 65536 0 0 0
2146858201040554 123740962731712 outfirst 72 0 65536 0 0 0
2146858201063613 123740962731712 pump_end 1 2 0 0 0 0
2146858201063763 123740962731712 book_beg 1 0 0 0 0 0
2146858201064043 123740962731712 batch 73 1 1 2 2 0
2146858201064233 123740962731712 book_end 1 0 0 0 0 0
2146858201064433 123740962731712 coll_beg 0 0 0 0 0 0
2146858201183788 123740962731712 coll_end 0 0 0 0 0 0
2146858201184198 123740962731712 rel_beg 1 0 0 0 0 0
2146858201187868 123740962731712 absorb 73 0 0 0 0 0
2146858201189708 123740962731712 rel_end 1 0 0 0 0 0
2146858201189768 123740962731712 emit_beg 73 0 0 0 0 0
2146858201190648 123740962731712 dmg 0 1 0 0 1024 768
2146858201190748 123740962731712 enc 72 72 1 -1 -1 0
2146858201211987 123740962731712 emit_end 73 0 0 0 0 0
2146858201212027 123740962731712 wait_beg 0 0 0 0 0 0
2146858202051127 123740962731712 wait_end 0 0 0 0 0 0
2146858202053417 123740962731712 drain_beg 0 0 0 0 0 0
2146858202053607 123740962731712 drain_end 1 0 0 0 0 0
2146858202053717 123740962731712 take 74 0 0 0 0 0
2146858202053807 123740962731712 subm_beg 1 0 0 0 0 0
2146858202053987 123740962731712 submit 74 0 0 0 0 0
2146858202054047 123740962731712 subm_end 1 0 0 0 0 0
2146858202054097 123740962731712 pump_beg 1 0 0 0 0 0
2146858202163713 123740962731712 feedend 73 0 0 0 0 0
2146858202205351 123740962731712 feedend 73 1 0 0 0 0
2146858204965190 123740962731712 outfirst 73 1 65536 0 0 0
2146858205439963 123740962731712 outfirst 73 0 65536 0 0 0
2146858205459512 123740962731712 pump_end 1 2 0 0 0 0
2146858205459652 123740962731712 book_beg 1 0 0 0 0 0
2146858205459802 123740962731712 batch 74 1 1 2 2 0
2146858205459852 123740962731712 book_end 1 0 0 0 0 0
2146858205459902 123740962731712 coll_beg 0 0 0 0 0 0
2146858205552759 123740962731712 coll_end 0 0 0 0 0 0
2146858205552819 123740962731712 rel_beg 1 0 0 0 0 0
2146858205552889 123740962731712 absorb 74 0 0 0 0 0
2146858205554749 123740962731712 rel_end 1 0 0 0 0 0
2146858205554809 123740962731712 emit_beg 74 0 0 0 0 0
2146858205555569 123740962731712 dmg 0 1 0 0 1024 768
2146858205555629 123740962731712 enc 73 73 1 -1 -1 0
2146858205572828 123740962731712 emit_end 74 0 0 0 0 0
2146858205572898 123740962731712 wait_beg 0 0 0 0 0 0
2146858206178686 123740962731712 wait_end 0 0 0 0 0 0
2146858206180786 123740962731712 drain_beg 0 0 0 0 0 0
2146858206181066 123740962731712 drain_end 1 0 0 0 0 0
2146858206181246 123740962731712 take 75 0 0 0 0 0
2146858206181376 123740962731712 subm_beg 1 0 0 0 0 0
2146858206181556 123740962731712 submit 75 0 0 0 0 0
2146858206181606 123740962731712 subm_end 1 0 0 0 0 0
2146858206181656 123740962731712 pump_beg 1 0 0 0 0 0
2146858206275563 123740962731712 feedend 74 0 0 0 0 0
2146858206329631 123740962731712 feedend 74 1 0 0 0 0
2146858209179587 123740962731712 outfirst 74 1 65536 0 0 0
2146858209603421 123740962731712 outfirst 74 0 65536 0 0 0
2146858209619471 123740962731712 pump_end 1 2 0 0 0 0
2146858209619541 123740962731712 book_beg 1 0 0 0 0 0
2146858209619611 123740962731712 batch 75 1 1 2 2 0
2146858209619641 123740962731712 book_end 1 0 0 0 0 0
2146858209619691 123740962731712 coll_beg 0 0 0 0 0 0
2146858209724147 123740962731712 coll_end 0 0 0 0 0 0
2146858209724217 123740962731712 rel_beg 1 0 0 0 0 0
2146858209724357 123740962731712 absorb 75 0 0 0 0 0
2146858209726087 123740962731712 rel_end 1 0 0 0 0 0
2146858209726147 123740962731712 emit_beg 75 0 0 0 0 0
2146858209727277 123740962731712 dmg 0 1 0 0 1024 768
2146858209727307 123740962731712 enc 74 74 1 -1 -1 0
2146858209745746 123740962731712 emit_end 75 0 0 0 0 0
2146858209745816 123740962731712 wait_beg 0 0 0 0 0 0
2146858201198328 123740976093056 ackslot 73 72 73 72 1 0
2146858201224747 123740976093056 send 18 0 0 72 72 2
2146858201666691 123740976093056 send 177837 0 0 72 72 2
2146858201965790 123740976093056 send 140437 0 0 72 72 2
2146858201969010 123740976093056 send 14 0 0 72 72 2
2146858201969160 123740976093056 egress 73 1 0 72 0 0
2146858201969310 123740976093056 ackregion 73 73 73 72 1 0
2146858202033157 123740976093056 msgin 74 4718592 0 0 0 0
2146858202033357 123740976093056 enq 74 1 0 0 0 0
2146858202295448 123740976093056 cliack 73 0 74 73 0 0
2146858205559509 123740976093056 ackslot 74 73 74 73 1 0
2146858205568788 123740976093056 send 18 0 0 73 73 2
2146858205873587 123740976093056 send 142079 0 0 73 73 2
2146858206106529 123740976093056 send 109226 0 0 73 73 2
2146858206109759 123740976093056 send 14 0 0 73 73 2
2146858206110009 123740976093056 egress 74 1 0 73 0 0
2146858206110149 123740976093056 ackregion 74 74 74 73 1 0
2146858206166977 123740976093056 msgin 75 4718592 0 0 0 0
2146858206167177 123740976093056 enq 75 1 0 0 0 0
2146858206698407 123740976093056 cliack 74 0 75 74 0 0
2146858209730577 123740976093056 ackslot 75 74 75 74 1 0
2146858209741286 123740976093056 send 18 0 0 74 74 2
2146858210086864 123740976093056 send 156043 0 0 74 74 2
2146858210439101 123740962731712 wait_end 0 0 0 0 0 0
2146858210441461 123740962731712 drain_beg 0 0 0 0 0 0
2146858210441761 123740962731712 drain_end 1 0 0 0 0 0
2146858210441931 123740962731712 take 76 0 0 0 0 0
2146858210442081 123740962731712 subm_beg 1 0 0 0 0 0
2146858210442241 123740962731712 submit 76 0 0 0 0 0
2146858210442371 123740962731712 subm_end 1 0 0 0 0 0
2146858210442401 123740962731712 pump_beg 1 0 0 0 0 0
2146858210536627 123740962731712 feedend 75 0 0 0 0 0
2146858210585485 123740962731712 feedend 75 1 0 0 0 0
2146858213453141 123740962731712 outfirst 75 1 65536 0 0 0
2146858213953933 123740962731712 outfirst 75 0 65536 0 0 0
2146858213984811 123740962731712 pump_end 1 2 0 0 0 0
2146858213985001 123740962731712 book_beg 1 0 0 0 0 0
2146858213985171 123740962731712 batch 76 1 1 2 2 0
2146858213985231 123740962731712 book_end 1 0 0 0 0 0
2146858213985391 123740962731712 coll_beg 0 0 0 0 0 0
2146858214092817 123740962731712 coll_end 0 0 0 0 0 0
2146858214093127 123740962731712 rel_beg 1 0 0 0 0 0
2146858214093257 123740962731712 absorb 76 0 0 0 0 0
2146858214095127 123740962731712 rel_end 1 0 0 0 0 0
2146858214095467 123740962731712 emit_beg 76 0 0 0 0 0
2146858214096247 123740962731712 dmg 0 1 0 0 1024 768
2146858214096287 123740962731712 enc 75 75 1 -1 -1 0
2146858214115667 123740962731712 emit_end 76 0 0 0 0 0
2146858214115857 123740962731712 wait_beg 0 0 0 0 0 0
2146858210366643 123740976093056 send 131211 0 0 74 74 2
2146858210369983 123740976093056 send 14 0 0 74 74 2
2146858210370093 123740976093056 egress 75 1 0 74 0 0
2146858210370233 123740976093056 ackregion 75 75 75 74 1 0
2146858210425761 123740976093056 msgin 76 4718592 0 0 0 0
2146858210425951 123740976093056 enq 76 1 0 0 0 0
2146858210893784 123740976093056 cliack 75 0 76 75 0 0
2146858214100127 123740976093056 ackslot 76 75 76 75 1 0
2146858214110597 123740976093056 send 18 0 0 75 75 2
2146858214470274 123740976093056 send 168074 0 0 75 75 2
2146858214757153 123740976093056 send 135197 0 0 75 75 2
2146858214760333 123740976093056 send 14 0 0 75 75 2
2146858214760513 123740976093056 egress 76 1 0 75 0 0
2146858214760833 123740976093056 ackregion 76 76 76 75 1 0
2146858215176198 123740976093056 cliack 76 0 77 76 0 0
2146858226151248 123740962731712 wait_end 0 0 0 0 0 0
2146858226156707 123740962731712 drain_beg 0 0 0 0 0 0
2146858226157617 123740962731712 drain_end 1 0 0 0 0 0
2146858226157917 123740962731712 take 77 0 0 0 0 0
2146858226158677 123740962731712 subm_beg 1 0 0 0 0 0
2146858226160147 123740962731712 submit 77 0 0 0 0 0
2146858226160297 123740962731712 subm_end 1 0 0 0 0 0
2146858226160377 123740962731712 pump_beg 1 0 0 0 0 0
2146858226306292 123740962731712 feedend 76 0 0 0 0 0
2146858226324481 123740962731712 feedend 76 1 0 0 0 0
2146858229225055 123740962731712 outfirst 76 1 65536 0 0 0
2146858229541014 123740962731712 outfirst 76 0 65536 0 0 0
2146858229554873 123740962731712 pump_end 1 2 0 0 0 0
2146858229554993 123740962731712 book_beg 1 0 0 0 0 0
2146858229555223 123740962731712 batch 77 1 1 2 2 0
2146858229555393 123740962731712 book_end 1 0 0 0 0 0
2146858229555553 123740962731712 coll_beg 0 0 0 0 0 0
2146858229649620 123740962731712 coll_end 0 0 0 0 0 0
2146858229649870 123740962731712 rel_beg 1 0 0 0 0 0
2146858229650170 123740962731712 absorb 77 0 0 0 0 0
2146858229653910 123740962731712 rel_end 1 0 0 0 0 0
2146858229653970 123740962731712 emit_beg 77 0 0 0 0 0
2146858229654710 123740962731712 dmg 0 1 0 0 1024 768
2146858229654760 123740962731712 enc 76 76 1 -1 -1 0
2146858229671539 123740962731712 emit_end 77 0 0 0 0 0
2146858229671599 123740962731712 wait_beg 0 0 0 0 0 0
2146858226121839 123740976093056 msgin 77 4718592 0 0 0 0
2146858226123839 123740976093056 enq 77 1 0 0 0 0
2146858229664039 123740976093056 ackslot 77 76 77 76 1 0
2146858229682359 123740976093056 send 18 0 0 76 76 2
2146858229985288 123740976093056 send 140581 0 0 76 76 2
2146858230257358 123740976093056 send 122386 0 0 76 76 2
2146858230260518 123740976093056 send 14 0 0 76 76 2
2146858230260678 123740976093056 egress 77 1 0 76 0 0
2146858230260838 123740976093056 ackregion 77 77 77 76 1 0
2146858230781639 123740976093056 cliack 77 0 78 77 0 0
2146858241518697 123740962731712 wait_end 0 0 0 0 0 0
2146858241522147 123740962731712 drain_beg 0 0 0 0 0 0
2146858241522467 123740962731712 drain_end 1 0 0 0 0 0
2146858241522617 123740962731712 take 78 0 0 0 0 0
2146858241522987 123740962731712 subm_beg 1 0 0 0 0 0
2146858241523557 123740962731712 submit 78 0 0 0 0 0
2146858241523757 123740962731712 subm_end 1 0 0 0 0 0
2146858241523777 123740962731712 pump_beg 1 0 0 0 0 0
2146858241647752 123740962731712 feedend 77 0 0 0 0 0
2146858241688311 123740962731712 feedend 77 1 0 0 0 0
2146858245088717 123740962731712 outfirst 77 1 65536 0 0 0
2146858245464303 123740962731712 outfirst 77 0 65536 0 0 0
2146858245489182 123740962731712 pump_end 1 2 0 0 0 0
2146858245489392 123740962731712 book_beg 1 0 0 0 0 0
2146858245489582 123740962731712 batch 78 1 1 2 2 0
2146858245489702 123740962731712 book_end 1 0 0 0 0 0
2146858245489872 123740962731712 coll_beg 0 0 0 0 0 0
2146858245628507 123740962731712 coll_end 0 0 0 0 0 0
2146858245628677 123740962731712 rel_beg 1 0 0 0 0 0
2146858245629017 123740962731712 absorb 78 0 0 0 0 0
2146858245632227 123740962731712 rel_end 1 0 0 0 0 0
2146858245632367 123740962731712 emit_beg 78 0 0 0 0 0
2146858245633237 123740962731712 dmg 0 1 0 0 1024 768
2146858245633297 123740962731712 enc 77 77 1 -1 -1 0
2146858245659366 123740962731712 emit_end 78 0 0 0 0 0
2146858245659566 123740962731712 wait_beg 0 0 0 0 0 0
2146858241494498 123740976093056 msgin 78 4718592 0 0 0 0
2146858241495098 123740976093056 enq 78 1 0 0 0 0
2146858245641676 123740976093056 ackslot 78 77 78 77 1 0
2146858245655386 123740976093056 send 18 0 0 77 77 2
2146858246095860 123740976093056 send 204517 0 0 77 77 2
2146858246490425 123740976093056 send 181695 0 0 77 77 2
2146858246493695 123740976093056 send 14 0 0 77 77 2
2146858246493915 123740976093056 egress 78 1 0 77 0 0
2146858246494055 123740976093056 ackregion 78 78 78 77 1 0
2146858247203589 123740976093056 cliack 78 0 79 78 0 0
2146858257552082 123740962731712 wait_end 0 0 0 0 0 0
2146858257555532 123740962731712 drain_beg 0 0 0 0 0 0
2146858257555832 123740962731712 drain_end 1 0 0 0 0 0
2146858257555982 123740962731712 take 79 0 0 0 0 0
2146858257556272 123740962731712 subm_beg 1 0 0 0 0 0
2146858257556722 123740962731712 submit 79 0 0 0 0 0
2146858257556882 123740962731712 subm_end 1 0 0 0 0 0
2146858257556932 123740962731712 pump_beg 1 0 0 0 0 0
2146858257688237 123740962731712 feedend 78 0 0 0 0 0
2146858257731035 123740962731712 feedend 78 1 0 0 0 0
2146858257523063 123740976093056 msgin 79 4718592 0 0 0 0
2146858257528013 123740976093056 enq 79 1 0 0 0 0
2146858260698297 123740962731712 outfirst 78 1 65536 0 0 0
2146858261140201 123740962731712 outfirst 78 0 65536 0 0 0
2146858261158590 123740962731712 pump_end 1 2 0 0 0 0
2146858261158720 123740962731712 book_beg 1 0 0 0 0 0
2146858261158880 123740962731712 batch 79 1 1 2 2 0
2146858261159050 123740962731712 book_end 1 0 0 0 0 0
2146858261159220 123740962731712 coll_beg 0 0 0 0 0 0
2146858261266406 123740962731712 coll_end 0 0 0 0 0 0
2146858261266726 123740962731712 rel_beg 1 0 0 0 0 0
2146858261267056 123740962731712 absorb 79 0 0 0 0 0
2146858261270476 123740962731712 rel_end 1 0 0 0 0 0
2146858261270506 123740962731712 emit_beg 79 0 0 0 0 0
2146858261271236 123740962731712 dmg 0 1 0 0 1024 768
2146858261271436 123740962731712 enc 78 78 1 -1 -1 0
2146858261290086 123740962731712 emit_end 79 0 0 0 0 0
2146858261290136 123740962731712 wait_beg 0 0 0 0 0 0
2146858261281216 123740976093056 ackslot 79 78 79 78 1 0
2146858261296265 123740976093056 send 18 0 0 78 78 2
2146858261845325 123740976093056 send 160874 0 0 78 78 2
2146858262300339 123740976093056 send 131046 0 0 78 78 2
2146858262305329 123740976093056 send 14 0 0 78 78 2
2146858262305499 123740976093056 egress 79 1 0 78 0 0
2146858262305659 123740976093056 ackregion 79 79 79 78 1 0
2146858262905917 123740976093056 cliack 79 0 80 79 0 0
2146858273503050 123740962731712 wait_end 0 0 0 0 0 0
2146858273505580 123740962731712 drain_beg 0 0 0 0 0 0
2146858273505860 123740962731712 drain_end 1 0 0 0 0 0
2146858273505930 123740962731712 take 80 0 0 0 0 0
2146858273506110 123740962731712 subm_beg 1 0 0 0 0 0
2146858273506410 123740962731712 submit 80 0 0 0 0 0
2146858273506580 123740962731712 subm_end 1 0 0 0 0 0
2146858273506640 123740962731712 pump_beg 1 0 0 0 0 0
2146858273603836 123740962731712 feedend 79 0 0 0 0 0
2146858273705793 123740962731712 feedend 79 1 0 0 0 0
2146858276649745 123740962731712 outfirst 79 1 65536 0 0 0
2146858277105319 123740962731712 outfirst 79 0 65536 0 0 0
2146858277129778 123740962731712 pump_end 1 2 0 0 0 0
2146858277129898 123740962731712 book_beg 1 0 0 0 0 0
2146858277130018 123740962731712 batch 80 1 1 2 2 0
2146858277130108 123740962731712 book_end 1 0 0 0 0 0
2146858277130158 123740962731712 coll_beg 0 0 0 0 0 0
2146858277238534 123740962731712 coll_end 0 0 0 0 0 0
2146858277238604 123740962731712 rel_beg 1 0 0 0 0 0
2146858277238734 123740962731712 absorb 80 0 0 0 0 0
2146858277240414 123740962731712 rel_end 1 0 0 0 0 0
2146858277240464 123740962731712 emit_beg 80 0 0 0 0 0
2146858277241474 123740962731712 dmg 0 1 0 0 1024 768
2146858277241514 123740962731712 enc 79 79 1 -1 -1 0
2146858277260973 123740962731712 emit_end 80 0 0 0 0 0
2146858277261013 123740962731712 wait_beg 0 0 0 0 0 0
2146858273481881 123740976093056 msgin 80 4718592 0 0 0 0
2146858273482261 123740976093056 enq 80 1 0 0 0 0
2146858277249273 123740976093056 ackslot 80 79 80 79 1 0
2146858277270293 123740976093056 send 18 0 0 79 79 2
2146858277793543 123740976093056 send 172523 0 0 79 79 2
2146858278191579 123740976093056 send 132536 0 0 79 79 2
2146858278198069 123740976093056 send 14 0 0 79 79 2
2146858278198359 123740976093056 egress 80 1 0 79 0 0
2146858278198509 123740976093056 ackregion 80 80 80 79 1 0
2146858278695561 123740976093056 cliack 80 0 81 80 0 0
2146858289778926 123740962731712 wait_end 0 0 0 0 0 0
2146858289781486 123740962731712 drain_beg 0 0 0 0 0 0
2146858289781836 123740962731712 drain_end 1 0 0 0 0 0
2146858289782006 123740962731712 take 81 0 0 0 0 0
2146858289782186 123740962731712 subm_beg 1 0 0 0 0 0
2146858289782466 123740962731712 submit 81 0 0 0 0 0
2146858289782646 123740962731712 subm_end 1 0 0 0 0 0
2146858289782806 123740962731712 pump_beg 1 0 0 0 0 0
2146858289901782 123740962731712 feedend 80 0 0 0 0 0
2146858289946480 123740962731712 feedend 80 1 0 0 0 0
2146858289758927 123740976093056 msgin 81 4718592 0 0 0 0
2146858289759257 123740976093056 enq 81 1 0 0 0 0
2146858292819355 123740962731712 outfirst 80 1 65536 0 0 0
2146858293336876 123740962731712 outfirst 80 0 65536 0 0 0
2146858293355066 123740962731712 pump_end 1 2 0 0 0 0
2146858293355216 123740962731712 book_beg 1 0 0 0 0 0
2146858293355416 123740962731712 batch 81 1 1 2 2 0
2146858293355596 123740962731712 book_end 1 0 0 0 0 0
2146858293355766 123740962731712 coll_beg 0 0 0 0 0 0
2146858293461112 123740962731712 coll_end 0 0 0 0 0 0
2146858293461412 123740962731712 rel_beg 1 0 0 0 0 0
2146858293461572 123740962731712 absorb 81 0 0 0 0 0
2146858293463552 123740962731712 rel_end 1 0 0 0 0 0
2146858293463662 123740962731712 emit_beg 81 0 0 0 0 0
2146858293464492 123740962731712 dmg 0 1 0 0 1024 768
2146858293464672 123740962731712 enc 80 80 1 -1 -1 0
2146858293483371 123740962731712 emit_end 81 0 0 0 0 0
2146858293483401 123740962731712 wait_beg 0 0 0 0 0 0
2146858293468272 123740976093056 ackslot 81 80 81 80 1 0
2146858293482171 123740976093056 send 18 0 0 80 80 2
2146858293832038 123740976093056 send 164659 0 0 80 80 2
2146858294097419 123740976093056 send 126022 0 0 80 80 2
2146858294100719 123740976093056 send 14 0 0 80 80 2
2146858294100859 123740976093056 egress 81 1 0 80 0 0
2146858294100909 123740976093056 ackregion 81 81 81 80 1 0
2146858294924698 123740976093056 cliack 81 0 82 81 0 0
2146858305622358 123740962731712 wait_end 0 0 0 0 0 0
2146858305627508 123740962731712 drain_beg 0 0 0 0 0 0
2146858305628398 123740962731712 drain_end 1 0 0 0 0 0
2146858305628558 123740962731712 take 82 0 0 0 0 0
2146858305629418 123740962731712 subm_beg 1 0 0 0 0 0
2146858305630978 123740962731712 submit 82 0 0 0 0 0
2146858305631068 123740962731712 subm_end 1 0 0 0 0 0
2146858305631148 123740962731712 pump_beg 1 0 0 0 0 0
2146858305769663 123740962731712 feedend 81 0 0 0 0 0
2146858305807641 123740962731712 feedend 81 1 0 0 0 0
2146858309019264 123740962731712 outfirst 81 1 65536 0 0 0
2146858309459538 123740962731712 outfirst 81 0 65536 0 0 0
2146858309509896 123740962731712 pump_end 1 2 0 0 0 0
2146858309510076 123740962731712 book_beg 1 0 0 0 0 0
2146858309510286 123740962731712 batch 82 1 1 2 2 0
2146858309510376 123740962731712 book_end 1 0 0 0 0 0
2146858309510546 123740962731712 coll_beg 0 0 0 0 0 0
2146858309630092 123740962731712 coll_end 0 0 0 0 0 0
2146858309630582 123740962731712 rel_beg 1 0 0 0 0 0
2146858309630912 123740962731712 absorb 82 0 0 0 0 0
2146858309634302 123740962731712 rel_end 1 0 0 0 0 0
2146858309634472 123740962731712 emit_beg 82 0 0 0 0 0
2146858309635242 123740962731712 dmg 0 1 0 0 1024 768
2146858309635302 123740962731712 enc 81 81 1 -1 -1 0
2146858309656821 123740962731712 emit_end 82 0 0 0 0 0
2146858309657011 123740962731712 wait_beg 0 0 0 0 0 0
2146858305595339 123740976093056 msgin 82 4718592 0 0 0 0
2146858305596989 123740976093056 enq 82 1 0 0 0 0
2146858309649721 123740976093056 ackslot 82 81 82 81 1 0
2146858309672800 123740976093056 send 18 0 0 81 81 2
2146858310304227 123740976093056 send 180283 0 0 81 81 2
2146858310653205 123740976093056 send 149611 0 0 81 81 2
2146858310656445 123740976093056 send 14 0 0 81 81 2
2146858310656784 123740976093056 egress 82 1 0 81 0 0
2146858310656934 123740976093056 ackregion 82 82 82 81 1 0
2146858310843118 123740976093056 cliack 82 0 83 82 0 0
2146858321438931 123740962731712 wait_end 0 0 0 0 0 0
2146858321441601 123740962731712 drain_beg 0 0 0 0 0 0
2146858321441911 123740962731712 drain_end 1 0 0 0 0 0
2146858321442111 123740962731712 take 83 0 0 0 0 0
2146858321442401 123740962731712 subm_beg 1 0 0 0 0 0
2146858321442881 123740962731712 submit 83 0 0 0 0 0
2146858321443031 123740962731712 subm_end 1 0 0 0 0 0
2146858321443081 123740962731712 pump_beg 1 0 0 0 0 0
2146858321583616 123740962731712 feedend 82 0 0 0 0 0
2146858321611645 123740962731712 feedend 82 1 0 0 0 0
2146858324485730 123740962731712 outfirst 82 1 65536 0 0 0
2146858325107987 123740962731712 outfirst 82 0 65536 0 0 0
2146858325148816 123740962731712 pump_end 1 2 0 0 0 0
2146858325148926 123740962731712 book_beg 1 0 0 0 0 0
2146858325149166 123740962731712 batch 83 1 1 2 2 0
2146858325151556 123740962731712 book_end 1 0 0 0 0 0
2146858325151606 123740962731712 coll_beg 0 0 0 0 0 0
2146858325252332 123740962731712 coll_end 0 0 0 0 0 0
2146858325252402 123740962731712 rel_beg 1 0 0 0 0 0
2146858325252742 123740962731712 absorb 83 0 0 0 0 0
2146858325256222 123740962731712 rel_end 1 0 0 0 0 0
2146858325256252 123740962731712 emit_beg 83 0 0 0 0 0
2146858325257182 123740962731712 dmg 0 1 0 0 1024 768
2146858325257252 123740962731712 enc 82 82 1 -1 -1 0
2146858325274831 123740962731712 emit_end 83 0 0 0 0 0
2146858325274901 123740962731712 wait_beg 0 0 0 0 0 0
2146858321417412 123740976093056 msgin 83 4718592 0 0 0 0
2146858321417782 123740976093056 enq 83 1 0 0 0 0
2146858325266522 123740976093056 ackslot 83 82 83 82 1 0
2146858325280381 123740976093056 send 18 0 0 82 82 2
2146858325820551 123740976093056 send 158168 0 0 82 82 2
2146858326242826 123740976093056 send 122860 0 0 82 82 2
2146858326248076 123740976093056 send 14 0 0 82 82 2
2146858326248336 123740976093056 egress 83 1 0 82 0 0
2146858326248506 123740976093056 ackregion 83 83 83 82 1 0
2146858326317393 123740976093056 cliack 83 0 84 83 0 0
2146858338214829 123740962731712 wait_end 0 0 0 0 0 0
2146858338217529 123740962731712 drain_beg 0 0 0 0 0 0
2146858338217849 123740962731712 drain_end 1 0 0 0 0 0
2146858338218009 123740962731712 take 84 0 0 0 0 0
2146858338218299 123740962731712 subm_beg 1 0 0 0 0 0
2146858338218769 123740962731712 submit 84 0 0 0 0 0
2146858338218909 123740962731712 subm_end 1 0 0 0 0 0
2146858338218929 123740962731712 pump_beg 1 0 0 0 0 0
2146858338359444 123740962731712 feedend 83 0 0 0 0 0
2146858338379493 123740962731712 feedend 83 1 0 0 0 0
2146858338192930 123740976093056 msgin 84 4718592 0 0 0 0
2146858338193390 123740976093056 enq 84 1 0 0 0 0
2146858341516169 123740962731712 outfirst 83 1 65536 0 0 0
2146858342006451 123740962731712 outfirst 83 0 65536 0 0 0
2146858342061099 123740962731712 pump_end 1 2 0 0 0 0
2146858342061379 123740962731712 book_beg 1 0 0 0 0 0
2146858342061649 123740962731712 batch 84 1 1 2 2 0
2146858342061719 123740962731712 book_end 1 0 0 0 0 0
2146858342061949 123740962731712 coll_beg 0 0 0 0 0 0
2146858342184474 123740962731712 coll_end 0 0 0 0 0 0
2146858342184764 123740962731712 rel_beg 1 0 0 0 0 0
2146858342185134 123740962731712 absorb 84 0 0 0 0 0
2146858342189574 123740962731712 rel_end 1 0 0 0 0 0
2146858342189744 123740962731712 emit_beg 84 0 0 0 0 0
2146858342191704 123740962731712 dmg 0 1 0 0 1024 768
2146858342191834 123740962731712 enc 83 83 1 -1 -1 0
2146858342213863 123740962731712 emit_end 84 0 0 0 0 0
2146858342214053 123740962731712 wait_beg 0 0 0 0 0 0
2146858342217483 123740976093056 ackslot 84 83 84 83 1 0
2146858342253522 123740976093056 send 18 0 0 83 83 2
2146858342760893 123740976093056 send 172573 0 0 83 83 2
2146858343097881 123740976093056 send 145986 0 0 83 83 2
2146858343101261 123740976093056 send 14 0 0 83 83 2
2146858343101621 123740976093056 egress 84 1 0 83 0 0
2146858343101751 123740976093056 ackregion 84 84 84 83 1 0
2146858343720988 123740976093056 cliack 84 0 85 84 0 0
2146858353928896 123740962731712 wait_end 0 0 0 0 0 0
2146858353931156 123740962731712 drain_beg 0 0 0 0 0 0
2146858353931486 123740962731712 drain_end 1 0 0 0 0 0
2146858353931646 123740962731712 take 85 0 0 0 0 0
2146858353931816 123740962731712 subm_beg 1 0 0 0 0 0
2146858353932166 123740962731712 submit 85 0 0 0 0 0
2146858353932316 123740962731712 subm_end 1 0 0 0 0 0
2146858353932376 123740962731712 pump_beg 1 0 0 0 0 0
2146858354084810 123740962731712 feedend 84 0 0 0 0 0
2146858354090850 123740962731712 feedend 84 1 0 0 0 0
2146858356931306 123740962731712 outfirst 84 1 65536 0 0 0
2146858357354341 123740962731712 outfirst 84 0 65536 0 0 0
2146858357384330 123740962731712 pump_end 1 2 0 0 0 0
2146858357384400 123740962731712 book_beg 1 0 0 0 0 0
2146858357384560 123740962731712 batch 85 1 1 2 2 0
2146858357384690 123740962731712 book_end 1 0 0 0 0 0
2146858357384830 123740962731712 coll_beg 0 0 0 0 0 0
2146858357476096 123740962731712 coll_end 0 0 0 0 0 0
2146858357476376 123740962731712 rel_beg 1 0 0 0 0 0
2146858357476716 123740962731712 absorb 85 0 0 0 0 0
2146858357480096 123740962731712 rel_end 1 0 0 0 0 0
2146858357480156 123740962731712 emit_beg 85 0 0 0 0 0
2146858357481286 123740962731712 dmg 0 1 0 0 1024 768
2146858357481466 123740962731712 enc 84 84 1 -1 -1 0
2146858357499376 123740962731712 emit_end 85 0 0 0 0 0
2146858357499406 123740962731712 wait_beg 0 0 0 0 0 0
2146858353907157 123740976093056 msgin 85 4718592 0 0 0 0
2146858353907707 123740976093056 enq 85 1 0 0 0 0
2146858357505855 123740976093056 ackslot 85 84 85 84 1 0
2146858357534544 123740976093056 send 18 0 0 84 84 2
2146858358101284 123740976093056 send 146611 0 0 84 84 2
2146858358459611 123740976093056 send 120139 0 0 84 84 2
2146858358462860 123740976093056 send 14 0 0 84 84 2
2146858358463080 123740976093056 egress 85 1 0 84 0 0
2146858358463220 123740976093056 ackregion 85 85 85 84 1 0
2146858358566587 123740976093056 cliack 85 0 86 85 0 0
2146858370231961 123740962731712 wait_end 0 0 0 0 0 0
2146858370235221 123740962731712 drain_beg 0 0 0 0 0 0
2146858370235631 123740962731712 drain_end 1 0 0 0 0 0
2146858370235781 123740962731712 take 86 0 0 0 0 0
2146858370236211 123740962731712 subm_beg 1 0 0 0 0 0
2146858370237221 123740962731712 submit 86 0 0 0 0 0
2146858370237391 123740962731712 subm_end 1 0 0 0 0 0
2146858370237461 123740962731712 pump_beg 1 0 0 0 0 0
2146858370381626 123740962731712 feedend 85 0 0 0 0 0
2146858370394605 123740962731712 feedend 85 1 0 0 0 0
2146858370206862 123740976093056 msgin 86 4718592 0 0 0 0
2146858370207312 123740976093056 enq 86 1 0 0 0 0
2146858373480063 123740962731712 outfirst 85 1 65536 0 0 0
2146858373852159 123740962731712 outfirst 85 0 65536 0 0 0
2146858373889688 123740962731712 pump_end 1 2 0 0 0 0
2146858373889988 123740962731712 book_beg 1 0 0 0 0 0
2146858373890268 123740962731712 batch 86 1 1 2 2 0
2146858373890328 123740962731712 book_end 1 0 0 0 0 0
2146858373890628 123740962731712 coll_beg 0 0 0 0 0 0
2146858374006253 123740962731712 coll_end 0 0 0 0 0 0
2146858374006633 123740962731712 rel_beg 1 0 0 0 0 0
2146858374007023 123740962731712 absorb 86 0 0 0 0 0
2146858374010913 123740962731712 rel_end 1 0 0 0 0 0
2146858374011183 123740962731712 emit_beg 86 0 0 0 0 0
2146858374016323 123740962731712 dmg 0 1 0 0 1024 768
2146858374016403 123740962731712 enc 85 85 1 -1 -1 0
2146858374036802 123740962731712 emit_end 86 0 0 0 0 0
2146858374036862 123740962731712 wait_beg 0 0 0 0 0 0
2146858374036212 123740976093056 ackslot 86 85 86 85 1 0
2146858374056731 123740976093056 send 18 0 0 85 85 2
2146858374613131 123740976093056 send 159432 0 0 85 85 2
2146858375104563 123740976093056 send 138040 0 0 85 85 2
2146858375109643 123740976093056 send 14 0 0 85 85 2
2146858375110093 123740976093056 egress 86 1 0 85 0 0
2146858375110343 123740976093056 ackregion 86 86 86 85 1 0
2146858375526408 123740976093056 cliack 86 0 87 86 0 0
2146858385943378 123740962731712 wait_end 0 0 0 0 0 0
2146858385946688 123740962731712 drain_beg 0 0 0 0 0 0
2146858385947168 123740962731712 drain_end 1 0 0 0 0 0
2146858385947408 123740962731712 take 87 0 0 0 0 0
2146858385947958 123740962731712 subm_beg 1 0 0 0 0 0
2146858385948938 123740962731712 submit 87 0 0 0 0 0
2146858385949098 123740962731712 subm_end 1 0 0 0 0 0
2146858385949138 123740962731712 pump_beg 1 0 0 0 0 0
2146858386097392 123740962731712 feedend 86 0 0 0 0 0
2146858386101362 123740962731712 feedend 86 1 0 0 0 0
2146858389858675 123740962731712 outfirst 86 1 65536 0 0 0
2146858390212592 123740962731712 outfirst 86 0 65536 0 0 0
2146858390249871 123740962731712 pump_end 1 2 0 0 0 0
2146858390250031 123740962731712 book_beg 1 0 0 0 0 0
2146858390250251 123740962731712 batch 87 1 1 2 2 0
2146858390250431 123740962731712 book_end 1 0 0 0 0 0
2146858390250481 123740962731712 coll_beg 0 0 0 0 0 0
2146858390413105 123740962731712 coll_end 0 0 0 0 0 0
2146858390413165 123740962731712 rel_beg 1 0 0 0 0 0
2146858390413565 123740962731712 absorb 87 0 0 0 0 0
2146858390417165 123740962731712 rel_end 1 0 0 0 0 0
2146858390417245 123740962731712 emit_beg 87 0 0 0 0 0
2146858390418275 123740962731712 dmg 0 1 0 0 1024 768
2146858390418345 123740962731712 enc 86 86 1 -1 -1 0
2146858390447963 123740962731712 emit_end 87 0 0 0 0 0
2146858390448023 123740962731712 wait_beg 0 0 0 0 0 0
2146858385931058 123740976093056 msgin 87 4718592 0 0 0 0
2146858385932078 123740976093056 enq 87 1 0 0 0 0
2146858390434204 123740976093056 ackslot 87 86 87 86 1 0
2146858390462933 123740976093056 send 18 0 0 86 86 2
2146858391039962 123740976093056 send 241144 0 0 86 86 2
2146858391493635 123740976093056 send 207214 0 0 86 86 2
2146858391500785 123740976093056 send 14 0 0 86 86 2
2146858391500945 123740976093056 egress 87 1 0 86 0 0
2146858391501035 123740976093056 ackregion 87 87 87 86 1 0
2146858392271697 123740976093056 cliack 87 0 88 87 0 0
2146858402061960 123740962731712 wait_end 0 0 0 0 0 0
2146858402065790 123740962731712 drain_beg 0 0 0 0 0 0
2146858402066410 123740962731712 drain_end 1 0 0 0 0 0
2146858402066690 123740962731712 take 88 0 0 0 0 0
2146858402067680 123740962731712 subm_beg 1 0 0 0 0 0
2146858402069090 123740962731712 submit 88 0 0 0 0 0
2146858402069300 123740962731712 subm_end 1 0 0 0 0 0
2146858402069350 123740962731712 pump_beg 1 0 0 0 0 0
2146858402213444 123740962731712 feedend 87 0 0 0 0 0
2146858402221534 123740962731712 feedend 87 1 0 0 0 0
2146858405627990 123740962731712 outfirst 87 1 65536 0 0 0
2146858406010386 123740962731712 outfirst 87 0 65536 0 0 0
2146858406035955 123740962731712 pump_end 1 2 0 0 0 0
2146858406036125 123740962731712 book_beg 1 0 0 0 0 0
2146858406036345 123740962731712 batch 88 1 1 2 2 0
2146858406036435 123740962731712 book_end 1 0 0 0 0 0
2146858406036605 123740962731712 coll_beg 0 0 0 0 0 0
2146858406173860 123740962731712 coll_end 0 0 0 0 0 0
2146858406173920 123740962731712 rel_beg 1 0 0 0 0 0
2146858406174250 123740962731712 absorb 88 0 0 0 0 0
2146858406178460 123740962731712 rel_end 1 0 0 0 0 0
2146858406178500 123740962731712 emit_beg 88 0 0 0 0 0
2146858406179310 123740962731712 dmg 0 1 0 0 1024 768
2146858406179400 123740962731712 enc 87 87 1 -1 -1 0
2146858406202449 123740962731712 emit_end 88 0 0 0 0 0
2146858406202509 123740962731712 wait_beg 0 0 0 0 0 0
2146858402047530 123740976093056 msgin 88 4718592 0 0 0 0
2146858402048510 123740976093056 enq 88 1 0 0 0 0
2146858406192749 123740976093056 ackslot 88 87 88 87 1 0
2146858406214388 123740976093056 send 18 0 0 87 87 2
2146858406765738 123740976093056 send 192335 0 0 87 87 2
2146858407141884 123740976093056 send 170253 0 0 87 87 2
2146858407145304 123740976093056 send 14 0 0 87 87 2
2146858407145454 123740976093056 egress 88 1 0 87 0 0
2146858407145504 123740976093056 ackregion 88 88 88 87 1 0
2146858407826180 123740976093056 cliack 88 0 89 88 0 0
2146858418294828 123740962731712 wait_end 0 0 0 0 0 0
2146858418298337 123740962731712 drain_beg 0 0 0 0 0 0
2146858418298917 123740962731712 drain_end 1 0 0 0 0 0
2146858418299097 123740962731712 take 89 0 0 0 0 0
2146858418299857 123740962731712 subm_beg 1 0 0 0 0 0
2146858418301547 123740962731712 submit 89 0 0 0 0 0
2146858418301687 123740962731712 subm_end 1 0 0 0 0 0
2146858418301847 123740962731712 pump_beg 1 0 0 0 0 0
2146858418438802 123740962731712 feedend 88 0 0 0 0 0
2146858418452452 123740962731712 feedend 88 1 0 0 0 0
2146858418281348 123740976093056 msgin 89 4718592 0 0 0 0
2146858418282858 123740976093056 enq 89 1 0 0 0 0
2146858421669614 123740962731712 outfirst 88 1 65536 0 0 0
2146858421984113 123740962731712 outfirst 88 0 65536 0 0 0
2146858422009082 123740962731712 pump_end 1 2 0 0 0 0
2146858422009482 123740962731712 book_beg 1 0 0 0 0 0
2146858422009722 123740962731712 batch 89 1 1 2 2 0
2146858422009912 123740962731712 book_end 1 0 0 0 0 0
2146858422010092 123740962731712 coll_beg 0 0 0 0 0 0
2146858422123228 123740962731712 coll_end 0 0 0 0 0 0
2146858422123588 123740962731712 rel_beg 1 0 0 0 0 0
2146858422123968 123740962731712 absorb 89 0 0 0 0 0
2146858422128108 123740962731712 rel_end 1 0 0 0 0 0
2146858422128168 123740962731712 emit_beg 89 0 0 0 0 0
2146858422128888 123740962731712 dmg 0 1 0 0 1024 768
2146858422128948 123740962731712 enc 88 88 1 -1 -1 0
2146858422148897 123740962731712 emit_end 89 0 0 0 0 0
2146858422148977 123740962731712 wait_beg 0 0 0 0 0 0
2146858422143167 123740976093056 ackslot 89 88 89 88 1 0
2146858422157997 123740976093056 send 18 0 0 88 88 2
2146858422600620 123740976093056 send 167079 0 0 88 88 2
2146858422931368 123740976093056 send 149338 0 0 88 88 2
2146858422934668 123740976093056 send 14 0 0 88 88 2
2146858422934808 123740976093056 egress 89 1 0 88 0 0
2146858422934838 123740976093056 ackregion 89 89 89 88 1 0
2146858423260056 123740976093056 cliack 89 0 90 89 0 0
2146858434098551 123740962731712 wait_end 0 0 0 0 0 0
2146858434102791 123740962731712 drain_beg 0 0 0 0 0 0
2146858434103101 123740962731712 drain_end 1 0 0 0 0 0
2146858434103251 123740962731712 take 90 0 0 0 0 0
2146858434111291 123740962731712 subm_beg 1 0 0 0 0 0
2146858434112041 123740962731712 submit 90 0 0 0 0 0
2146858434112221 123740962731712 subm_end 1 0 0 0 0 0
2146858434112271 123740962731712 pump_beg 1 0 0 0 0 0
2146858434247056 123740962731712 feedend 89 0 0 0 0 0
2146858434270875 123740962731712 feedend 89 1 0 0 0 0
2146858437325023 123740962731712 outfirst 89 1 65536 0 0 0
2146858437798666 123740962731712 outfirst 89 0 65536 0 0 0
2146858437841134 123740962731712 pump_end 1 2 0 0 0 0
2146858437841264 123740962731712 book_beg 1 0 0 0 0 0
2146858437841494 123740962731712 batch 90 1 1 2 2 0
2146858437841624 123740962731712 book_end 1 0 0 0 0 0
2146858437841684 123740962731712 coll_beg 0 0 0 0 0 0
2146858437952120 123740962731712 coll_end 0 0 0 0 0 0
2146858437952190 123740962731712 rel_beg 1 0 0 0 0 0
2146858437952580 123740962731712 absorb 90 0 0 0 0 0
2146858437956080 123740962731712 rel_end 1 0 0 0 0 0
2146858437956140 123740962731712 emit_beg 90 0 0 0 0 0
2146858437957210 123740962731712 dmg 0 1 0 0 1024 768
2146858437957250 123740962731712 enc 89 89 1 -1 -1 0
2146858437977359 123740962731712 emit_end 90 0 0 0 0 0
2146858437977429 123740962731712 wait_beg 0 0 0 0 0 0
2146858434081682 123740976093056 msgin 90 4718592 0 0 0 0
2146858434082702 123740976093056 enq 90 1 0 0 0 0
2146858437967090 123740976093056 ackslot 90 89 90 89 1 0
2146858437983039 123740976093056 send 18 0 0 89 89 2
2146858438646455 123740976093056 send 170375 0 0 89 89 2
2146858439149097 123740976093056 send 143602 0 0 89 89 2
2146858439155297 123740976093056 send 14 0 0 89 89 2
2146858439155747 123740976093056 egress 90 1 0 89 0 0
2146858439155977 123740976093056 ackregion 90 90 90 89 1 0
2146858439247113 123740976093056 cliack 90 0 91 90 0 0
2146858449347255 123740962731712 wait_end 0 0 0 0 0 0
2146858449349275 123740962731712 drain_beg 0 0 0 0 0 0
2146858449349585 123740962731712 drain_end 1 0 0 0 0 0
2146858449349755 123740962731712 take 91 0 0 0 0 0
2146858449350005 123740962731712 subm_beg 1 0 0 0 0 0
2146858449350385 123740962731712 submit 91 0 0 0 0 0
2146858449350595 123740962731712 subm_end 1 0 0 0 0 0
2146858449350625 123740962731712 pump_beg 1 0 0 0 0 0
2146858449480080 123740962731712 feedend 90 0 0 0 0 0
2146858449522258 123740962731712 feedend 90 1 0 0 0 0
2146858449333825 123740976093056 msgin 91 4718592 0 0 0 0
2146858449334215 123740976093056 enq 91 1 0 0 0 0
2146858452503180 123740962731712 outfirst 90 1 65536 0 0 0
2146858452931184 123740962731712 outfirst 90 0 65536 0 0 0
2146858452948463 123740962731712 pump_end 1 2 0 0 0 0
2146858452948583 123740962731712 book_beg 1 0 0 0 0 0
2146858452948993 123740962731712 batch 91 1 1 2 2 0
2146858452949173 123740962731712 book_end 1 0 0 0 0 0
2146858452949373 123740962731712 coll_beg 0 0 0 0 0 0
2146858453065489 123740962731712 coll_end 0 0 0 0 0 0
2146858453065669 123740962731712 rel_beg 1 0 0 0 0 0
2146858453065969 123740962731712 absorb 91 0 0 0 0 0
2146858453069509 123740962731712 rel_end 1 0 0 0 0 0
2146858453069569 123740962731712 emit_beg 91 0 0 0 0 0
2146858453070429 123740962731712 dmg 0 1 0 0 1024 768
2146858453070699 123740962731712 enc 90 90 1 -1 -1 0
2146858453089718 123740962731712 emit_end 91 0 0 0 0 0
2146858453089758 123740962731712 wait_beg 0 0 0 0 0 0
2146858453098028 123740976093056 ackslot 91 90 91 90 1 0
2146858453128357 123740976093056 send 18 0 0 90 90 2
2146858453716665 123740976093056 send 169378 0 0 90 90 2
2146858454216007 123740976093056 send 142812 0 0 90 90 2
2146858454221177 123740976093056 send 14 0 0 90 90 2
2146858454221587 123740976093056 egress 91 1 0 90 0 0
2146858454221747 123740976093056 ackregion 91 91 91 90 1 0
2146858454295334 123740976093056 cliack 91 0 92 91 0 0
2146858466348184 123740962731712 wait_end 0 0 0 0 0 0
2146858466351934 123740962731712 drain_beg 0 0 0 0 0 0
2146858466352434 123740962731712 drain_end 1 0 0 0 0 0
2146858466352574 123740962731712 take 92 0 0 0 0 0
2146858466352754 123740962731712 subm_beg 1 0 0 0 0 0
2146858466353354 123740962731712 submit 92 0 0 0 0 0
2146858466353504 123740962731712 subm_end 1 0 0 0 0 0
2146858466353584 123740962731712 pump_beg 1 0 0 0 0 0
2146858466468070 123740962731712 feedend 91 0 0 0 0 0
2146858466526688 123740962731712 feedend 91 1 0 0 0 0
2146858469311266 123740962731712 outfirst 91 1 65536 0 0 0
2146858469797999 123740962731712 outfirst 91 0 65536 0 0 0
2146858469834887 123740962731712 pump_end 1 2 0 0 0 0
2146858469835087 123740962731712 book_beg 1 0 0 0 0 0
2146858469835247 123740962731712 batch 92 1 1 2 2 0
2146858469835307 123740962731712 book_end 1 0 0 0 0 0
2146858469835537 123740962731712 coll_beg 0 0 0 0 0 0
2146858469932204 123740962731712 coll_end 0 0 0 0 0 0
2146858469932484 123740962731712 rel_beg 1 0 0 0 0 0
2146858469932614 123740962731712 absorb 92 0 0 0 0 0
2146858469934714 123740962731712 rel_end 1 0 0 0 0 0
2146858469934874 123740962731712 emit_beg 92 0 0 0 0 0
2146858469936104 123740962731712 dmg 0 1 0 0 1024 768
2146858469936164 123740962731712 enc 91 91 1 -1 -1 0
2146858469953623 123740962731712 emit_end 92 0 0 0 0 0
2146858469953783 123740962731712 wait_beg 0 0 0 0 0 0
2146858466325735 123740976093056 msgin 92 4718592 0 0 0 0
2146858466326335 123740976093056 enq 92 1 0 0 0 0
2146858469958353 123740976093056 ackslot 92 91 92 91 1 0
2146858469984532 123740976093056 send 18 0 0 91 91 2
2146858470500943 123740976093056 send 141276 0 0 91 91 2
2146858470894119 123740976093056 send 112383 0 0 91 91 2
2146858470899398 123740976093056 send 14 0 0 91 91 2
2146858470899748 123740976093056 egress 92 1 0 91 0 0
2146858470899898 123740976093056 ackregion 92 92 92 91 1 0
2146858471090232 123740976093056 cliack 92 0 93 92 0 0
2146858482424398 123740962731712 wait_end 0 0 0 0 0 0
2146858482426818 123740962731712 drain_beg 0 0 0 0 0 0
2146858482427158 123740962731712 drain_end 1 0 0 0 0 0
2146858482427338 123740962731712 take 93 0 0 0 0 0
2146858482427518 123740962731712 subm_beg 1 0 0 0 0 0
2146858482427788 123740962731712 submit 93 0 0 0 0 0
2146858482427958 123740962731712 subm_end 1 0 0 0 0 0
2146858482428118 123740962731712 pump_beg 1 0 0 0 0 0
2146858482534394 123740962731712 feedend 92 0 0 0 0 0
2146858482568103 123740962731712 feedend 92 1 0 0 0 0
2146858485992648 123740962731712 outfirst 92 1 65536 0 0 0
2146858486455551 123740962731712 outfirst 92 0 65536 0 0 0
2146858486481770 123740962731712 pump_end 1 2 0 0 0 0
2146858486481890 123740962731712 book_beg 1 0 0 0 0 0
2146858486481980 123740962731712 batch 93 1 1 2 2 0
2146858486482000 123740962731712 book_end 1 0 0 0 0 0
2146858486482030 123740962731712 coll_beg 0 0 0 0 0 0
2146858486627795 123740962731712 coll_end 0 0 0 0 0 0
2146858486627865 123740962731712 rel_beg 1 0 0 0 0 0
2146858486628015 123740962731712 absorb 93 0 0 0 0 0
2146858486629835 123740962731712 rel_end 1 0 0 0 0 0
2146858486629895 123740962731712 emit_beg 93 0 0 0 0 0
2146858486630825 123740962731712 dmg 0 1 0 0 1024 768
2146858486630855 123740962731712 enc 92 92 1 -1 -1 0
2146858486656424 123740962731712 emit_end 93 0 0 0 0 0
2146858486656494 123740962731712 wait_beg 0 0 0 0 0 0
2146858482401299 123740976093056 msgin 93 4718592 0 0 0 0
2146858482401789 123740976093056 enq 93 1 0 0 0 0
2146858486652584 123740976093056 ackslot 93 92 93 92 1 0
2146858486676203 123740976093056 send 18 0 0 92 92 2
2146858487395087 123740976093056 send 210513 0 0 92 92 2
2146858487801902 123740976093056 send 184583 0 0 92 92 2
2146858487805152 123740976093056 send 14 0 0 92 92 2
2146858487805362 123740976093056 egress 93 1 0 92 0 0
2146858487805512 123740976093056 ackregion 93 93 93 92 1 0
2146858488052103 123740976093056 cliack 93 0 94 93 0 0
2146858497449660 123740962731712 wait_end 0 0 0 0 0 0
2146858497453300 123740962731712 drain_beg 0 0 0 0 0 0
2146858497453710 123740962731712 drain_end 1 0 0 0 0 0
2146858497453920 123740962731712 take 94 0 0 0 0 0
2146858497454490 123740962731712 subm_beg 1 0 0 0 0 0
2146858497455540 123740962731712 submit 94 0 0 0 0 0
2146858497455690 123740962731712 subm_end 1 0 0 0 0 0
2146858497455750 123740962731712 pump_beg 1 0 0 0 0 0
2146858497587665 123740962731712 feedend 93 0 0 0 0 0
2146858497629973 123740962731712 feedend 93 1 0 0 0 0
2146858500498309 123740962731712 outfirst 93 1 65536 0 0 0
2146858500831246 123740962731712 outfirst 93 0 65536 0 0 0
2146858500845626 123740962731712 pump_end 1 2 0 0 0 0
2146858500845806 123740962731712 book_beg 1 0 0 0 0 0
2146858500845996 123740962731712 batch 94 1 1 2 2 0
2146858500846126 123740962731712 book_end 1 0 0 0 0 0
2146858500846266 123740962731712 coll_beg 0 0 0 0 0 0
2146858500944032 123740962731712 coll_end 0 0 0 0 0 0
2146858500944212 123740962731712 rel_beg 1 0 0 0 0 0
2146858500944532 123740962731712 absorb 94 0 0 0 0 0
2146858500948092 123740962731712 rel_end 1 0 0 0 0 0
2146858500948152 123740962731712 emit_beg 94 0 0 0 0 0
2146858500949352 123740962731712 dmg 0 1 0 0 1024 768
2146858500949412 123740962731712 enc 93 93 1 -1 -1 0
2146858500965742 123740962731712 emit_end 94 0 0 0 0 0
2146858500965812 123740962731712 wait_beg 0 0 0 0 0 0
2146858497434620 123740976093056 msgin 94 4718592 0 0 0 0
2146858497435020 123740976093056 enq 94 1 0 0 0 0
2146858500972741 123740976093056 ackslot 94 93 94 93 1 0
2146858501003940 123740976093056 send 18 0 0 93 93 2
2146858501475783 123740976093056 send 135732 0 0 93 93 2
2146858501893788 123740976093056 send 122974 0 0 93 93 2
2146858501899087 123740976093056 send 14 0 0 93 93 2
2146858501899387 123740976093056 egress 94 1 0 93 0 0
2146858501899557 123740976093056 ackregion 94 94 94 93 1 0
2146858501967045 123740976093056 cliack 94 0 95 94 0 0
2146858513532323 123740962731712 wait_end 0 0 0 0 0 0
2146858513534953 123740962731712 drain_beg 0 0 0 0 0 0
2146858513535503 123740962731712 drain_end 1 0 0 0 0 0
2146858513535673 123740962731712 take 95 0 0 0 0 0
2146858513535903 123740962731712 subm_beg 1 0 0 0 0 0
2146858513536203 123740962731712 submit 95 0 0 0 0 0
2146858513536363 123740962731712 subm_end 1 0 0 0 0 0
2146858513536523 123740962731712 pump_beg 1 0 0 0 0 0
2146858513655109 123740962731712 feedend 94 0 0 0 0 0
2146858513705607 123740962731712 feedend 94 1 0 0 0 0
2146858516659779 123740962731712 outfirst 94 1 65536 0 0 0
2146858517276636 123740962731712 outfirst 94 0 65536 0 0 0
2146858517296516 123740962731712 pump_end 1 2 0 0 0 0
2146858517296636 123740962731712 book_beg 1 0 0 0 0 0
2146858517296826 123740962731712 batch 95 1 1 2 2 0
2146858517296996 123740962731712 book_end 1 0 0 0 0 0
2146858517297156 123740962731712 coll_beg 0 0 0 0 0 0
2146858517416221 123740962731712 coll_end 0 0 0 0 0 0
2146858517416511 123740962731712 rel_beg 1 0 0 0 0 0
2146858517416681 123740962731712 absorb 95 0 0 0 0 0
2146858517419111 123740962731712 rel_end 1 0 0 0 0 0
2146858517419181 123740962731712 emit_beg 95 0 0 0 0 0
2146858517420331 123740962731712 dmg 0 1 0 0 1024 768
2146858517420501 123740962731712 enc 94 94 1 -1 -1 0
2146858517441370 123740962731712 emit_end 95 0 0 0 0 0
2146858517441440 123740962731712 wait_beg 0 0 0 0 0 0
2146858513510604 123740976093056 msgin 95 4718592 0 0 0 0
2146858513511214 123740976093056 enq 95 1 0 0 0 0
2146858517429761 123740976093056 ackslot 95 94 95 94 1 0
2146858517457880 123740976093056 send 18 0 0 94 94 2
2146858518115706 123740976093056 send 178472 0 0 94 94 2
2146858518509311 123740976093056 send 140363 0 0 94 94 2
2146858518512551 123740976093056 send 14 0 0 94 94 2
2146858518512771 123740976093056 egress 95 1 0 94 0 0
2146858518512921 123740976093056 ackregion 95 95 95 94 1 0
2146858518857159 123740976093056 cliack 95 0 96 95 0 0
2146858529335367 123740962731712 wait_end 0 0 0 0 0 0
2146858529337776 123740962731712 drain_beg 0 0 0 0 0 0
2146858529338266 123740962731712 drain_end 1 0 0 0 0 0
2146858529338426 123740962731712 take 96 0 0 0 0 0
2146858529338696 123740962731712 subm_beg 1 0 0 0 0 0
2146858529338946 123740962731712 submit 96 0 0 0 0 0
2146858529339096 123740962731712 subm_end 1 0 0 0 0 0
2146858529339116 123740962731712 pump_beg 1 0 0 0 0 0
2146858529447222 123740962731712 feedend 95 0 0 0 0 0
2146858529507550 123740962731712 feedend 95 1 0 0 0 0
2146858529311027 123740976093056 msgin 96 4718592 0 0 0 0
2146858529311327 123740976093056 enq 96 1 0 0 0 0
2146858532423204 123740962731712 outfirst 95 1 65536 0 0 0
2146858532679925 123740962731712 outfirst 95 0 65536 0 0 0
2146858532694424 123740962731712 pump_end 1 2 0 0 0 0
2146858532694624 123740962731712 book_beg 1 0 0 0 0 0
2146858532694804 123740962731712 batch 96 1 1 2 2 0
2146858532694864 123740962731712 book_end 1 0 0 0 0 0
2146858532695034 123740962731712 coll_beg 0 0 0 0 0 0
2146858532797130 123740962731712 coll_end 0 0 0 0 0 0
2146858532800420 123740962731712 rel_beg 1 0 0 0 0 0
2146858532800540 123740962731712 absorb 96 0 0 0 0 0
2146858532802700 123740962731712 rel_end 1 0 0 0 0 0
2146858532802780 123740962731712 emit_beg 96 0 0 0 0 0
2146858532804210 123740962731712 dmg 0 1 0 0 1024 768
2146858532804290 123740962731712 enc 95 95 1 -1 -1 0
2146858532822349 123740962731712 emit_end 96 0 0 0 0 0
2146858532822409 123740962731712 wait_beg 0 0 0 0 0 0
2146858532807980 123740976093056 ackslot 96 95 96 95 1 0
2146858532824549 123740976093056 send 18 0 0 95 95 2
2146858533132358 123740976093056 send 140745 0 0 95 95 2
2146858533402338 123740976093056 send 128260 0 0 95 95 2
2146858533405388 123740976093056 send 14 0 0 95 95 2
2146858533405528 123740976093056 egress 96 1 0 95 0 0
2146858533405558 123740976093056 ackregion 96 96 96 95 1 0
2146858533730656 123740976093056 cliack 96 0 97 96 0 0
2146858545461998 123740962731712 wait_end 0 0 0 0 0 0
2146858545463698 123740962731712 drain_beg 0 0 0 0 0 0
2146858545463978 123740962731712 drain_end 1 0 0 0 0 0
2146858545464128 123740962731712 take 97 0 0 0 0 0
2146858545464318 123740962731712 subm_beg 1 0 0 0 0 0
2146858545464558 123740962731712 submit 97 0 0 0 0 0
2146858545464708 123740962731712 subm_end 1 0 0 0 0 0
2146858545464848 123740962731712 pump_beg 1 0 0 0 0 0
2146858545575714 123740962731712 feedend 96 0 0 0 0 0
2146858545603503 123740962731712 feedend 96 1 0 0 0 0
2146858548524196 123740962731712 outfirst 96 1 65536 0 0 0
2146858549011929 123740962731712 outfirst 96 0 65536 0 0 0
2146858549028278 123740962731712 pump_end 1 2 0 0 0 0
2146858549028378 123740962731712 book_beg 1 0 0 0 0 0
2146858549028618 123740962731712 batch 97 1 1 2 2 0
2146858549028758 123740962731712 book_end 1 0 0 0 0 0
2146858549028898 123740962731712 coll_beg 0 0 0 0 0 0
2146858549100245 123740962731712 coll_end 0 0 0 0 0 0
2146858549100675 123740962731712 rel_beg 1 0 0 0 0 0
2146858549100815 123740962731712 absorb 97 0 0 0 0 0
2146858549102795 123740962731712 rel_end 1 0 0 0 0 0
2146858549102835 123740962731712 emit_beg 97 0 0 0 0 0
2146858549103475 123740962731712 dmg 0 1 0 0 1024 768
2146858549103535 123740962731712 enc 96 96 1 -1 -1 0
2146858549118615 123740962731712 emit_end 97 0 0 0 0 0
2146858549118675 123740962731712 wait_beg 0 0 0 0 0 0
2146858545457488 123740976093056 msgin 97 4718592 0 0 0 0
2146858545457788 123740976093056 enq 97 1 0 0 0 0
2146858549109715 123740976093056 ackslot 97 96 97 96 1 0
2146858549121585 123740976093056 send 18 0 0 96 96 2
2146858549513070 123740976093056 send 157878 0 0 96 96 2
2146858549995893 123740976093056 send 134654 0 0 96 96 2
2146858550001682 123740976093056 send 14 0 0 96 96 2
2146858550001912 123740976093056 egress 97 1 0 96 0 0
2146858550002082 123740976093056 ackregion 97 97 97 96 1 0
2146858550604411 123740976093056 cliack 97 0 98 97 0 0
2146858562072952 123740962731712 wait_end 0 0 0 0 0 0
2146858562077012 123740962731712 drain_beg 0 0 0 0 0 0
2146858562077332 123740962731712 drain_end 1 0 0 0 0 0
2146858562077552 123740962731712 take 98 0 0 0 0 0
2146858562078302 123740962731712 subm_beg 1 0 0 0 0 0
2146858562079412 123740962731712 submit 98 0 0 0 0 0
2146858562079642 123740962731712 subm_end 1 0 0 0 0 0
2146858562079832 123740962731712 pump_beg 1 0 0 0 0 0
2146858562230206 123740962731712 feedend 97 0 0 0 0 0
2146858562253976 123740962731712 feedend 97 1 0 0 0 0
2146858562055723 123740976093056 msgin 98 4718592 0 0 0 0
2146858562056773 123740976093056 enq 98 1 0 0 0 0
2146858565437879 123740962731712 outfirst 97 1 65536 0 0 0
2146858565859124 123740962731712 outfirst 97 0 65536 0 0 0
2146858565878883 123740962731712 pump_end 1 2 0 0 0 0
2146858565879043 123740962731712 book_beg 1 0 0 0 0 0
2146858565879213 123740962731712 batch 98 1 1 2 2 0
2146858565879273 123740962731712 book_end 1 0 0 0 0 0
2146858565879413 123740962731712 coll_beg 0 0 0 0 0 0
2146858566003319 123740962731712 coll_end 0 0 0 0 0 0
2146858566003479 123740962731712 rel_beg 1 0 0 0 0 0
2146858566003839 123740962731712 absorb 98 0 0 0 0 0
2146858566007569 123740962731712 rel_end 1 0 0 0 0 0
2146858566007739 123740962731712 emit_beg 98 0 0 0 0 0
2146858566008489 123740962731712 dmg 0 1 0 0 1024 768
2146858566008549 123740962731712 enc 97 97 1 -1 -1 0
2146858566033998 123740962731712 emit_end 98 0 0 0 0 0
2146858566034168 123740962731712 wait_beg 0 0 0 0 0 0
2146858566016988 123740976093056 ackslot 98 97 98 97 1 0
2146858566029858 123740976093056 send 18 0 0 97 97 2
2146858566408824 123740976093056 send 176085 0 0 97 97 2
2146858566749932 123740976093056 send 153193 0 0 97 97 2
2146858566753901 123740976093056 send 14 0 0 97 97 2
2146858566754061 123740976093056 egress 98 1 0 97 0 0
2146858566754191 123740976093056 ackregion 98 98 98 97 1 0
2146858567621330 123740976093056 cliack 98 0 99 98 0 0
2146858578364988 123740962731712 wait_end 0 0 0 0 0 0
2146858578366988 123740962731712 drain_beg 0 0 0 0 0 0
2146858578367258 123740962731712 drain_end 1 0 0 0 0 0
2146858578367428 123740962731712 take 99 0 0 0 0 0
2146858578367748 123740962731712 subm_beg 1 0 0 0 0 0
2146858578368108 123740962731712 submit 99 0 0 0 0 0
2146858578368438 123740962731712 subm_end 1 0 0 0 0 0
2146858578368548 123740962731712 pump_beg 1 0 0 0 0 0
2146858578515682 123740962731712 feedend 98 0 0 0 0 0
2146858578525972 123740962731712 feedend 98 1 0 0 0 0
2146858581577931 123740962731712 outfirst 98 1 65536 0 0 0
2146858582159639 123740962731712 outfirst 98 0 65536 0 0 0
2146858582182048 123740962731712 pump_end 1 2 0 0 0 0
2146858582182118 123740962731712 book_beg 1 0 0 0 0 0
2146858582182278 123740962731712 batch 99 1 1 2 2 0
2146858582182418 123740962731712 book_end 1 0 0 0 0 0
2146858582182578 123740962731712 coll_beg 0 0 0 0 0 0
2146858582295404 123740962731712 coll_end 0 0 0 0 0 0
2146858582295714 123740962731712 rel_beg 1 0 0 0 0 0
2146858582296054 123740962731712 absorb 99 0 0 0 0 0
2146858582299514 123740962731712 rel_end 1 0 0 0 0 0
2146858582299574 123740962731712 emit_beg 99 0 0 0 0 0
2146858582300284 123740962731712 dmg 0 1 0 0 1024 768
2146858582300494 123740962731712 enc 98 98 1 -1 -1 0
2146858582321573 123740962731712 emit_end 99 0 0 0 0 0
2146858582321603 123740962731712 wait_beg 0 0 0 0 0 0
2146858578350278 123740976093056 msgin 99 4718592 0 0 0 0
2146858578350948 123740976093056 enq 99 1 0 0 0 0
2146858582312654 123740976093056 ackslot 99 98 99 98 1 0
2146858582327793 123740976093056 send 18 0 0 98 98 2
2146858582942721 123740976093056 send 178915 0 0 98 98 2
2146858583427433 123740976093056 send 145354 0 0 98 98 2
2146858583430833 123740976093056 send 14 0 0 98 98 2
2146858583430923 123740976093056 egress 99 1 0 98 0 0
2146858583431073 123740976093056 ackregion 99 99 99 98 1 0
2146858583789020 123740976093056 cliack 99 0 100 99 0 0
2146858593794725 123740962731712 wait_end 0 0 0 0 0 0
2146858593797555 123740962731712 drain_beg 0 0 0 0 0 0
2146858593797875 123740962731712 drain_end 1 0 0 0 0 0
2146858593798065 123740962731712 take 100 0 0 0 0 0
2146858593798415 123740962731712 subm_beg 1 0 0 0 0 0
2146858593798795 123740962731712 submit 100 0 0 0 0 0
2146858593798935 123740962731712 subm_end 1 0 0 0 0 0
2146858593798975 123740962731712 pump_beg 1 0 0 0 0 0
2146858593942379 123740962731712 feedend 99 0 0 0 0 0
2146858593959469 123740962731712 feedend 99 1 0 0 0 0
2146858596794665 123740962731712 outfirst 99 1 65536 0 0 0
2146858597299477 123740962731712 outfirst 99 0 65536 0 0 0
2146858597315346 123740962731712 pump_end 1 2 0 0 0 0
2146858597315536 123740962731712 book_beg 1 0 0 0 0 0
2146858597315726 123740962731712 batch 100 1 1 2 2 0
2146858597315846 123740962731712 book_end 1 0 0 0 0 0
2146858597315896 123740962731712 coll_beg 0 0 0 0 0 0
2146858597408083 123740962731712 coll_end 0 0 0 0 0 0
2146858597408153 123740962731712 rel_beg 1 0 0 0 0 0
2146858597408483 123740962731712 absorb 100 0 0 0 0 0
2146858597412273 123740962731712 rel_end 1 0 0 0 0 0
2146858597412303 123740962731712 emit_beg 100 0 0 0 0 0
2146858597413263 123740962731712 dmg 0 1 0 0 1024 768
2146858597413323 123740962731712 enc 99 99 1 -1 -1 0
2146858597430172 123740962731712 emit_end 100 0 0 0 0 0
2146858597430242 123740962731712 wait_beg 0 0 0 0 0 0
2146858593781325 123740976093056 msgin 100 4718592 0 0 0 0
2146858593781625 123740976093056 enq 100 1 0 0 0 0
2146858597423193 123740976093056 ackslot 100 99 100 99 1 0
2146858597435092 123740976093056 send 18 0 0 99 99 2
2146858597757020 123740976093056 send 146451 0 0 99 99 2
2146858598029530 123740976093056 send 123215 0 0 99 99 2
2146858598033090 123740976093056 send 14 0 0 99 99 2
2146858598033290 123740976093056 egress 100 1 0 99 0 0
2146858598033420 123740976093056 ackregion 100 100 100 99 1 0
2146858598679057 123740976093056 cliack 100 0 101 100 0 0
2146858609570989 123740962731712 wait_end 0 0 0 0 0 0
2146858609573829 123740962731712 drain_beg 0 0 0 0 0 0
2146858609574149 123740962731712 drain_end 1 0 0 0 0 0
2146858609574339 123740962731712 take 101 0 0 0 0 0
2146858609574709 123740962731712 subm_beg 1 0 0 0 0 0
2146858609575379 123740962731712 submit 101 0 0 0 0 0
2146858609575549 123740962731712 subm_end 1 0 0 0 0 0
2146858609575629 123740962731712 pump_beg 1 0 0 0 0 0
2146858609726174 123740962731712 feedend 100 0 0 0 0 0
2146858609731853 123740962731712 feedend 100 1 0 0 0 0
2146858612659347 123740962731712 outfirst 100 1 65536 0 0 0
2146858609556590 123740976093056 msgin 101 4718592 0 0 0 0
2146858609557070 123740976093056 enq 101 1 0 0 0 0
2146858613097221 123740962731712 outfirst 100 0 65536 0 0 0
2146858613113920 123740962731712 pump_end 1 2 0 0 0 0
2146858613113990 123740962731712 book_beg 1 0 0 0 0 0
2146858613114160 123740962731712 batch 101 1 1 2 2 0
2146858613114320 123740962731712 book_end 1 0 0 0 0 0
2146858613114480 123740962731712 coll_beg 0 0 0 0 0 0
2146858613217326 123740962731712 coll_end 0 0 0 0 0 0
2146858613217496 123740962731712 rel_beg 1 0 0 0 0 0
2146858613217836 123740962731712 absorb 101 0 0 0 0 0
2146858613221356 123740962731712 rel_end 1 0 0 0 0 0
2146858613221416 123740962731712 emit_beg 101 0 0 0 0 0
2146858613222026 123740962731712 dmg 0 1 0 0 1024 768
2146858613222176 123740962731712 enc 100 100 1 -1 -1 0
2146858613240905 123740962731712 emit_end 101 0 0 0 0 0
2146858613240945 123740962731712 wait_beg 0 0 0 0 0 0
2146858613230826 123740976093056 ackslot 101 100 101 100 1 0
2146858613241695 123740976093056 send 18 0 0 100 100 2
2146858613588293 123740976093056 send 157324 0 0 100 100 2
2146858613880072 123740976093056 send 132666 0 0 100 100 2
2146858613883262 123740976093056 send 14 0 0 100 100 2
2146858613883362 123740976093056 egress 101 1 0 100 0 0
2146858613883542 123740976093056 ackregion 101 101 101 100 1 0
2146858614636175 123740976093056 cliack 101 0 102 101 0 0
2146858626112266 123740962731712 wait_end 0 0 0 0 0 0
2146858626116006 123740962731712 drain_beg 0 0 0 0 0 0
2146858626116406 123740962731712 drain_end 1 0 0 0 0 0
2146858626116586 123740962731712 take 102 0 0 0 0 0
2146858626117036 123740962731712 subm_beg 1 0 0 0 0 0
2146858626117756 123740962731712 submit 102 0 0 0 0 0
2146858626117856 123740962731712 subm_end 1 0 0 0 0 0
2146858626117916 123740962731712 pump_beg 1 0 0 0 0 0
2146858626263210 123740962731712 feedend 101 0 0 0 0 0
2146858626288739 123740962731712 feedend 101 1 0 0 0 0
2146858629113376 123740962731712 outfirst 101 1 65536 0 0 0
2146858629542341 123740962731712 outfirst 101 0 65536 0 0 0
2146858629633377 123740962731712 pump_end 1 2 0 0 0 0
2146858629633577 123740962731712 book_beg 1 0 0 0 0 0
2146858629633747 123740962731712 batch 102 1 1 2 2 0
2146858629633887 123740962731712 book_end 1 0 0 0 0 0
2146858629634047 123740962731712 coll_beg 0 0 0 0 0 0
2146858629726884 123740962731712 coll_end 0 0 0 0 0 0
2146858629727144 123740962731712 rel_beg 1 0 0 0 0 0
2146858629727464 123740962731712 absorb 102 0 0 0 0 0
2146858629731354 123740962731712 rel_end 1 0 0 0 0 0
2146858629731514 123740962731712 emit_beg 102 0 0 0 0 0
2146858629732214 123740962731712 dmg 0 1 0 0 1024 768
2146858629732294 123740962731712 enc 101 101 1 -1 -1 0
2146858629749593 123740962731712 emit_end 102 0 0 0 0 0
2146858629749663 123740962731712 wait_beg 0 0 0 0 0 0
2146858626095156 123740976093056 msgin 102 4718592 0 0 0 0
2146858626096026 123740976093056 enq 102 1 0 0 0 0
2146858629742413 123740976093056 ackslot 102 101 102 101 1 0
2146858629761233 123740976093056 send 18 0 0 101 101 2
2146858630077741 123740976093056 send 139315 0 0 101 101 2
2146858630331172 123740976093056 send 116989 0 0 101 101 2
2146858630334502 123740976093056 send 14 0 0 101 101 2
2146858630334722 123740976093056 egress 102 1 0 101 0 0
2146858630334872 123740976093056 ackregion 102 102 102 101 1 0
2146858630838473 123740976093056 cliack 102 0 103 102 0 0
2146858641807073 123740962731712 wait_end 0 0 0 0 0 0
2146858641810263 123740962731712 drain_beg 0 0 0 0 0 0
2146858641810573 123740962731712 drain_end 1 0 0 0 0 0
2146858641810723 123740962731712 take 103 0 0 0 0 0
2146858641811233 123740962731712 subm_beg 1 0 0 0 0 0
2146858641812103 123740962731712 submit 103 0 0 0 0 0
2146858641812183 123740962731712 subm_end 1 0 0 0 0 0
2146858641819783 123740962731712 pump_beg 1 0 0 0 0 0
2146858641966297 123740962731712 feedend 102 0 0 0 0 0
2146858641993226 123740962731712 feedend 102 1 0 0 0 0
2146858641791064 123740976093056 msgin 103 4718592 0 0 0 0
2146858641791634 123740976093056 enq 103 1 0 0 0 0
2146858644821703 123740962731712 outfirst 102 1 65536 0 0 0
2146858645217749 123740962731712 outfirst 102 0 65536 0 0 0
2146858645231708 123740962731712 pump_end 1 2 0 0 0 0
2146858645231868 123740962731712 book_beg 1 0 0 0 0 0
2146858645232088 123740962731712 batch 103 1 1 2 2 0
2146858645232238 123740962731712 book_end 1 0 0 0 0 0
2146858645232398 123740962731712 coll_beg 0 0 0 0 0 0
2146858645326775 123740962731712 coll_end 0 0 0 0 0 0
2146858645327045 123740962731712 rel_beg 1 0 0 0 0 0
2146858645327385 123740962731712 absorb 103 0 0 0 0 0
2146858645331235 123740962731712 rel_end 1 0 0 0 0 0
2146858645331285 123740962731712 emit_beg 103 0 0 0 0 0
2146858645331965 123740962731712 dmg 0 1 0 0 1024 768
2146858645332035 123740962731712 enc 102 102 1 -1 -1 0
2146858645349734 123740962731712 emit_end 103 0 0 0 0 0
2146858645349804 123740962731712 wait_beg 0 0 0 0 0 0
2146858645340104 123740976093056 ackslot 103 102 103 102 1 0
2146858645353244 123740976093056 send 18 0 0 102 102 2
2146858645672062 123740976093056 send 143078 0 0 102 102 2
2146858645936403 123740976093056 send 119559 0 0 102 102 2
2146858645942802 123740976093056 send 14 0 0 102 102 2
2146858645942932 123740976093056 egress 103 1 0 102 0 0
2146858645943082 123740976093056 ackregion 103 103 103 102 1 0
2146858646610418 123740976093056 cliack 103 0 104 103 0 0
2146858657635536 123740962731712 wait_end 0 0 0 0 0 0
2146858657638356 123740962731712 drain_beg 0 0 0 0 0 0
2146858657638856 123740962731712 drain_end 1 0 0 0 0 0
2146858657639026 123740962731712 take 104 0 0 0 0 0
2146858657639436 123740962731712 subm_beg 1 0 0 0 0 0
2146858657640516 123740962731712 submit 104 0 0 0 0 0
2146858657640646 123740962731712 subm_end 1 0 0 0 0 0
2146858657640696 123740962731712 pump_beg 1 0 0 0 0 0
2146858657762681 123740962731712 feedend 103 0 0 0 0 0
2146858657778191 123740962731712 feedend 103 1 0 0 0 0
2146858661131788 123740962731712 outfirst 103 1 65536 0 0 0
2146858661577062 123740962731712 outfirst 103 0 65536 0 0 0
2146858661594031 123740962731712 pump_end 1 2 0 0 0 0
2146858661594301 123740962731712 book_beg 1 0 0 0 0 0
2146858661594581 123740962731712 batch 104 1 1 2 2 0
2146858661594621 123740962731712 book_end 1 0 0 0 0 0
2146858661594781 123740962731712 coll_beg 0 0 0 0 0 0
2146858661686258 123740962731712 coll_end 0 0 0 0 0 0
2146858661686708 123740962731712 rel_beg 1 0 0 0 0 0
2146858661687068 123740962731712 absorb 104 0 0 0 0 0
2146858661690708 123740962731712 rel_end 1 0 0 0 0 0
2146858661690858 123740962731712 emit_beg 104 0 0 0 0 0
2146858661691778 123740962731712 dmg 0 1 0 0 1024 768
2146858661691828 123740962731712 enc 103 103 1 -1 -1 0
2146858661711897 123740962731712 emit_end 104 0 0 0 0 0
2146858661712047 123740962731712 wait_beg 0 0 0 0 0 0
2146858657624376 123740976093056 msgin 104 4718592 0 0 0 0
2146858657625546 123740976093056 enq 104 1 0 0 0 0
2146858661701617 123740976093056 ackslot 104 103 104 103 1 0
2146858661714207 123740976093056 send 18 0 0 103 103 2
2146858662176560 123740976093056 send 206079 0 0 103 103 2
2146858662586155 123740976093056 send 180603 0 0 103 103 2
2146858662589595 123740976093056 send 14 0 0 103 103 2
2146858662592915 123740976093056 egress 104 1 0 103 0 0
2146858662592965 123740976093056 ackregion 104 104 104 103 1 0
2146858663047928 123740976093056 cliack 104 0 105 104 0 0
2146858674178292 123740962731712 wait_end 0 0 0 0 0 0
2146858674179442 123740962731712 drain_beg 0 0 0 0 0 0
2146858674179752 123740962731712 drain_end 1 0 0 0 0 0
2146858674179892 123740962731712 take 105 0 0 0 0 0
2146858674180162 123740962731712 subm_beg 1 0 0 0 0 0
2146858674180452 123740962731712 submit 105 0 0 0 0 0
2146858674180582 123740962731712 subm_end 1 0 0 0 0 0
2146858674180602 123740962731712 pump_beg 1 0 0 0 0 0
2146858674308387 123740962731712 feedend 104 0 0 0 0 0
2146858674312387 123740962731712 feedend 104 1 0 0 0 0
2146858677293209 123740962731712 outfirst 104 1 65536 0 0 0
2146858677899617 123740962731712 outfirst 104 0 65536 0 0 0
2146858677917956 123740962731712 pump_end 1 2 0 0 0 0
2146858677918086 123740962731712 book_beg 1 0 0 0 0 0
2146858677918296 123740962731712 batch 105 1 1 2 2 0
2146858677918466 123740962731712 book_end 1 0 0 0 0 0
2146858677918816 123740962731712 coll_beg 0 0 0 0 0 0
2146858678037432 123740962731712 coll_end 0 0 0 0 0 0
2146858678037802 123740962731712 rel_beg 1 0 0 0 0 0
2146858678038181 123740962731712 absorb 105 0 0 0 0 0
2146858678041911 123740962731712 rel_end 1 0 0 0 0 0
2146858678041941 123740962731712 emit_beg 105 0 0 0 0 0
2146858678042881 123740962731712 dmg 0 1 0 0 1024 768
2146858678043061 123740962731712 enc 104 104 1 -1 -1 0
2146858678063301 123740962731712 emit_end 105 0 0 0 0 0
2146858678063371 123740962731712 wait_beg 0 0 0 0 0 0
2146858674169673 123740976093056 msgin 105 4718592 0 0 0 0
2146858674170063 123740976093056 enq 105 1 0 0 0 0
2146858678055751 123740976093056 ackslot 105 104 105 104 1 0
2146858678072790 123740976093056 send 18 0 0 104 104 2
2146858678690128 123740976093056 send 178388 0 0 104 104 2
2146858679200039 123740976093056 send 145781 0 0 104 104 2
2146858679205309 123740976093056 send 14 0 0 104 104 2
2146858679205479 123740976093056 egress 105 1 0 104 0 0
2146858679205759 123740976093056 ackregion 105 105 105 104 1 0
2146858679351863 123740976093056 cliack 105 0 106 105 0 0
2146858689357268 123740962731712 wait_end 0 0 0 0 0 0
2146858689360168 123740962731712 drain_beg 0 0 0 0 0 0
2146858689360848 123740962731712 drain_end 1 0 0 0 0 0
2146858689361018 123740962731712 take 106 0 0 0 0 0
2146858689361298 123740962731712 subm_beg 1 0 0 0 0 0
2146858689361628 123740962731712 submit 106 0 0 0 0 0
2146858689361788 123740962731712 subm_end 1 0 0 0 0 0
2146858689361878 123740962731712 pump_beg 1 0 0 0 0 0
2146858689508583 123740962731712 feedend 105 0 0 0 0 0
2146858689531402 123740962731712 feedend 105 1 0 0 0 0
2146858692399257 123740962731712 outfirst 105 1 65536 0 0 0
2146858692872210 123740962731712 outfirst 105 0 65536 0 0 0
2146858692889060 123740962731712 pump_end 1 2 0 0 0 0
2146858692889250 123740962731712 book_beg 1 0 0 0 0 0
2146858692893979 123740962731712 batch 106 1 1 2 2 0
2146858692894029 123740962731712 book_end 1 0 0 0 0 0
2146858692894089 123740962731712 coll_beg 0 0 0 0 0 0
2146858692998566 123740962731712 coll_end 0 0 0 0 0 0
2146858692998616 123740962731712 rel_beg 1 0 0 0 0 0
2146858692998886 123740962731712 absorb 106 0 0 0 0 0
2146858693008465 123740962731712 rel_end 1 0 0 0 0 0
2146858693008495 123740962731712 emit_beg 106 0 0 0 0 0
2146858693009445 123740962731712 dmg 0 1 0 0 1024 768
2146858693009545 123740962731712 enc 105 105 1 -1 -1 0
2146858693028484 123740962731712 emit_end 106 0 0 0 0 0
2146858693028554 123740962731712 wait_beg 0 0 0 0 0 0
2146858689343639 123740976093056 msgin 106 4718592 0 0 0 0
2146858689343939 123740976093056 enq 106 1 0 0 0 0
2146858693024265 123740976093056 ackslot 106 105 106 105 1 0
2146858693037174 123740976093056 send 18 0 0 105 105 2
2146858693492348 123740976093056 send 155149 0 0 105 105 2
2146858693784907 123740976093056 send 131250 0 0 105 105 2
2146858693788257 123740976093056 send 14 0 0 105 105 2
2146858693788467 123740976093056 egress 106 1 0 105 0 0
2146858693788597 123740976093056 ackregion 106 106 106 105 1 0
2146858694486481 123740976093056 cliack 106 0 107 106 0 0
2146858705955533 123740962731712 wait_end 0 0 0 0 0 0
2146858705958303 123740962731712 drain_beg 0 0 0 0 0 0
2146858705958663 123740962731712 drain_end 1 0 0 0 0 0
2146858705958843 123740962731712 take 107 0 0 0 0 0
2146858705959133 123740962731712 subm_beg 1 0 0 0 0 0
2146858705959503 123740962731712 submit 107 0 0 0 0 0
2146858705959643 123740962731712 subm_end 1 0 0 0 0 0
2146858705959683 123740962731712 pump_beg 1 0 0 0 0 0
2146858706120707 123740962731712 feedend 106 0 0 0 0 0
2146858706127667 123740962731712 feedend 106 1 0 0 0 0
2146858708818988 123740962731712 outfirst 106 1 65536 0 0 0
2146858709310920 123740962731712 outfirst 106 0 65536 0 0 0
2146858709325540 123740962731712 pump_end 1 2 0 0 0 0
2146858709325660 123740962731712 book_beg 1 0 0 0 0 0
2146858709325850 123740962731712 batch 107 1 1 2 2 0
2146858709326010 123740962731712 book_end 1 0 0 0 0 0
2146858709326180 123740962731712 coll_beg 0 0 0 0 0 0
2146858709419087 123740962731712 coll_end 0 0 0 0 0 0
2146858709419587 123740962731712 rel_beg 1 0 0 0 0 0
2146858709419927 123740962731712 absorb 107 0 0 0 0 0
2146858709423816 123740962731712 rel_end 1 0 0 0 0 0
2146858709423846 123740962731712 emit_beg 107 0 0 0 0 0
2146858709424936 123740962731712 dmg 0 1 0 0 1024 768
2146858709425126 123740962731712 enc 106 106 1 -1 -1 0
2146858709440816 123740962731712 emit_end 107 0 0 0 0 0
2146858709440856 123740962731712 wait_beg 0 0 0 0 0 0
2146858705941843 123740976093056 msgin 107 4718592 0 0 0 0
2146858705942293 123740976093056 enq 107 1 0 0 0 0
2146858709451055 123740976093056 ackslot 107 106 107 106 1 0
2146858709481964 123740976093056 send 18 0 0 106 106 2
2146858709957877 123740976093056 send 135694 0 0 106 106 2
2146858710330323 123740976093056 send 107491 0 0 106 106 2
2146858710335263 123740976093056 send 14 0 0 106 106 2
2146858710335453 123740976093056 egress 107 1 0 106 0 0
2146858710335613 123740976093056 ackregion 107 107 107 106 1 0
2146858710650642 123740976093056 cliack 107 0 108 107 0 0
2146858721548734 123740962731712 wait_end 0 0 0 0 0 0
2146858721552174 123740962731712 drain_beg 0 0 0 0 0 0
2146858721552504 123740962731712 drain_end 1 0 0 0 0 0
2146858721552664 123740962731712 take 108 0 0 0 0 0
2146858721552834 123740962731712 subm_beg 1 0 0 0 0 0
2146858721553184 123740962731712 submit 108 0 0 0 0 0
2146858721553344 123740962731712 subm_end 1 0 0 0 0 0
2146858721553404 123740962731712 pump_beg 1 0 0 0 0 0
2146858721693189 123740962731712 feedend 107 0 0 0 0 0
2146858721721188 123740962731712 feedend 107 1 0 0 0 0
2146858721534744 123740976093056 msgin 108 4718592 0 0 0 0
2146858721535074 123740976093056 enq 108 1 0 0 0 0
2146858725057566 123740962731712 outfirst 107 1 65536 0 0 0
2146858725504690 123740962731712 outfirst 107 0 65536 0 0 0
2146858725528329 123740962731712 pump_end 1 2 0 0 0 0
2146858725528579 123740962731712 book_beg 1 0 0 0 0 0
2146858725528769 123740962731712 batch 108 1 1 2 2 0
2146858725528919 123740962731712 book_end 1 0 0 0 0 0
2146858725529109 123740962731712 coll_beg 0 0 0 0 0 0
2146858725662894 123740962731712 coll_end 0 0 0 0 0 0
2146858725663134 123740962731712 rel_beg 1 0 0 0 0 0
2146858725663464 123740962731712 absorb 108 0 0 0 0 0
2146858725667284 123740962731712 rel_end 1 0 0 0 0 0
2146858725667454 123740962731712 emit_beg 108 0 0 0 0 0
2146858725668144 123740962731712 dmg 0 1 0 0 1024 768
2146858725668174 123740962731712 enc 107 107 1 -1 -1 0
2146858725691093 123740962731712 emit_end 108 0 0 0 0 0
2146858725691283 123740962731712 wait_beg 0 0 0 0 0 0
2146858726908389 123740962731712 wait_end 0 0 0 0 0 0
2146858726910888 123740962731712 drain_beg 0 0 0 0 0 0
2146858726911228 123740962731712 drain_end 1 0 0 0 0 0
2146858726911398 123740962731712 take 109 0 0 0 0 0
2146858726911668 123740962731712 subm_beg 1 0 0 0 0 0
2146858726912368 123740962731712 submit 109 0 0 0 0 0
2146858726912528 123740962731712 subm_end 1 0 0 0 0 0
2146858726912658 123740962731712 pump_beg 1 0 0 0 0 0
2146858727052553 123740962731712 feedend 108 0 0 0 0 0
2146858727086472 123740962731712 feedend 108 1 0 0 0 0
2146858730320004 123740962731712 outfirst 108 1 65536 0 0 0
2146858730796927 123740962731712 outfirst 108 0 65536 0 0 0
2146858730819076 123740962731712 pump_end 1 2 0 0 0 0
2146858730819246 123740962731712 book_beg 1 0 0 0 0 0
2146858730819556 123740962731712 batch 109 1 1 2 2 0
2146858730819646 123740962731712 book_end 1 0 0 0 0 0
2146858730819756 123740962731712 coll_beg 0 0 0 0 0 0
2146858730953371 123740962731712 coll_end 0 0 0 0 0 0
2146858730953431 123740962731712 rel_beg 1 0 0 0 0 0
2146858730953581 123740962731712 absorb 109 0 0 0 0 0
2146858730956281 123740962731712 rel_end 1 0 0 0 0 0
2146858730956361 123740962731712 emit_beg 109 0 0 0 0 0
2146858730961221 123740962731712 dmg 0 1 0 0 1024 768
2146858730961291 123740962731712 enc 108 108 1 -1 -1 0
2146858730984780 123740962731712 emit_end 109 0 0 0 0 0
2146858730984860 123740962731712 wait_beg 0 0 0 0 0 0
2146858725693533 123740976093056 ackslot 108 107 108 107 1 0
2146858725721292 123740976093056 send 18 0 0 107 107 2
2146858726413577 123740976093056 send 203722 0 0 107 107 2
2146858726804342 123740976093056 send 175448 0 0 107 107 2
2146858726807652 123740976093056 send 14 0 0 107 107 2
2146858726807932 123740976093056 egress 108 1 0 107 0 0
2146858726807962 123740976093056 ackregion 108 108 108 107 1 0
2146858726887659 123740976093056 msgin 109 4718592 0 0 0 0
2146858726888049 123740976093056 enq 109 1 0 0 0 0
2146858727270225 123740976093056 cliack 108 0 109 108 0 0
2146858730961201 123740976093056 ackslot 109 108 109 108 1 0
2146858730974190 123740976093056 send 18 0 0 108 108 2
2146858731405564 123740976093056 send 195940 0 0 108 108 2
2146858731778931 123740976093056 send 172543 0 0 108 108 2
2146858731782761 123740976093056 send 14 0 0 108 108 2
2146858731782881 123740976093056 egress 109 1 0 108 0 0
2146858731783041 123740976093056 ackregion 109 109 109 108 1 0
2146858732210015 123740976093056 cliack 109 0 110 109 0 0
2146858741847024 123740962731712 wait_end 0 0 0 0 0 0
2146858741849553 123740962731712 drain_beg 0 0 0 0 0 0
2146858741849803 123740962731712 drain_end 1 0 0 0 0 0
2146858741849933 123740962731712 take 110 0 0 0 0 0
2146858741850073 123740962731712 subm_beg 1 0 0 0 0 0
2146858741850383 123740962731712 submit 110 0 0 0 0 0
2146858741850543 123740962731712 subm_end 1 0 0 0 0 0
2146858741850613 123740962731712 pump_beg 1 0 0 0 0 0
2146858741967749 123740962731712 feedend 109 0 0 0 0 0
2146858742008068 123740962731712 feedend 109 1 0 0 0 0
2146858741826254 123740976093056 msgin 110 4718592 0 0 0 0
2146858741826544 123740976093056 enq 110 1 0 0 0 0
2146858744959330 123740962731712 outfirst 109 1 65536 0 0 0
2146858745464612 123740962731712 outfirst 109 0 65536 0 0 0
2146858745483181 123740962731712 pump_end 1 2 0 0 0 0
2146858745483371 123740962731712 book_beg 1 0 0 0 0 0
2146858745483561 123740962731712 batch 110 1 1 2 2 0
2146858745483621 123740962731712 book_end 1 0 0 0 0 0
2146858745483781 123740962731712 coll_beg 0 0 0 0 0 0
2146858745596047 123740962731712 coll_end 0 0 0 0 0 0
2146858745596537 123740962731712 rel_beg 1 0 0 0 0 0
2146858745596657 123740962731712 absorb 110 0 0 0 0 0
2146858745599227 123740962731712 rel_end 1 0 0 0 0 0
2146858745599387 123740962731712 emit_beg 110 0 0 0 0 0
2146858745600557 123740962731712 dmg 0 1 0 0 1024 768
2146858745600597 123740962731712 enc 109 109 1 -1 -1 0
2146858745621616 123740962731712 emit_end 110 0 0 0 0 0
2146858745621806 123740962731712 wait_beg 0 0 0 0 0 0
2146858745604776 123740976093056 ackslot 110 109 110 109 1 0
2146858745611766 123740976093056 send 18 0 0 109 109 2
2146858745970713 123740976093056 send 166888 0 0 109 109 2
2146858746280232 123740976093056 send 142314 0 0 109 109 2
2146858746283642 123740976093056 send 14 0 0 109 109 2
2146858746283832 123740976093056 egress 110 1 0 109 0 0
2146858746283972 123740976093056 ackregion 110 110 110 109 1 0
2146858746874130 123740976093056 cliack 110 0 111 110 0 0
2146858758156249 123740962731712 wait_end 0 0 0 0 0 0
2146858758158908 123740962731712 drain_beg 0 0 0 0 0 0
2146858758159308 123740962731712 drain_end 1 0 0 0 0 0
2146858758159598 123740962731712 take 111 0 0 0 0 0
2146858758160108 123740962731712 subm_beg 1 0 0 0 0 0
2146858758160498 123740962731712 submit 111 0 0 0 0 0
2146858758160648 123740962731712 subm_end 1 0 0 0 0 0
2146858758160728 123740962731712 pump_beg 1 0 0 0 0 0
2146858758317863 123740962731712 feedend 110 0 0 0 0 0
2146858758323452 123740962731712 feedend 110 1 0 0 0 0
2146858761192998 123740962731712 outfirst 110 1 65536 0 0 0
2146858761771497 123740962731712 outfirst 110 0 65536 0 0 0
2146858761790636 123740962731712 pump_end 1 2 0 0 0 0
2146858761790766 123740962731712 book_beg 1 0 0 0 0 0
2146858761791096 123740962731712 batch 111 1 1 2 2 0
2146858761791256 123740962731712 book_end 1 0 0 0 0 0
2146858761791416 123740962731712 coll_beg 0 0 0 0 0 0
2146858761902682 123740962731712 coll_end 0 0 0 0 0 0
2146858761902952 123740962731712 rel_beg 1 0 0 0 0 0
2146858761903252 123740962731712 absorb 111 0 0 0 0 0
2146858761906952 123740962731712 rel_end 1 0 0 0 0 0
2146858761907042 123740962731712 emit_beg 111 0 0 0 0 0
2146858761907712 123740962731712 dmg 0 1 0 0 1024 768
2146858761907892 123740962731712 enc 110 110 1 -1 -1 0
2146858761927621 123740962731712 emit_end 111 0 0 0 0 0
2146858761927691 123740962731712 wait_beg 0 0 0 0 0 0
2146858758140939 123740976093056 msgin 111 4718592 0 0 0 0
2146858758141429 123740976093056 enq 111 1 0 0 0 0
2146858761918751 123740976093056 ackslot 111 110 111 110 1 0
2146858761932041 123740976093056 send 18 0 0 110 110 2
2146858762785250 123740976093056 send 170750 0 0 110 110 2
2146858763284391 123740976093056 send 132356 0 0 110 110 2
2146858763290931 123740976093056 send 14 0 0 110 110 2
2146858763291291 123740976093056 egress 111 1 0 110 0 0
2146858763291921 123740976093056 ackregion 111 111 111 110 1 0
2146858763848301 123740976093056 cliack 111 0 112 111 0 0
2146858773960822 123740962731712 wait_end 0 0 0 0 0 0
2146858773964312 123740962731712 drain_beg 0 0 0 0 0 0
2146858773964682 123740962731712 drain_end 1 0 0 0 0 0
2146858773964872 123740962731712 take 112 0 0 0 0 0
2146858773965192 123740962731712 subm_beg 1 0 0 0 0 0
2146858773965932 123740962731712 submit 112 0 0 0 0 0
2146858773966102 123740962731712 subm_end 1 0 0 0 0 0
2146858773966192 123740962731712 pump_beg 1 0 0 0 0 0
2146858773944823 123740976093056 msgin 112 4718592 0 0 0 0
2146858773945153 123740976093056 enq 112 1 0 0 0 0
2146858774123946 123740962731712 feedend 111 0 0 0 0 0
2146858774146975 123740962731712 feedend 111 1 0 0 0 0
2146858777059539 123740962731712 outfirst 111 1 65536 0 0 0
2146858777584720 123740962731712 outfirst 111 0 65536 0 0 0
2146858777606659 123740962731712 pump_end 1 2 0 0 0 0
2146858777606849 123740962731712 book_beg 1 0 0 0 0 0
2146858777607189 123740962731712 batch 112 1 1 2 2 0
2146858777607239 123740962731712 book_end 1 0 0 0 0 0
2146858777607409 123740962731712 coll_beg 0 0 0 0 0 0
2146858777718225 123740962731712 coll_end 0 0 0 0 0 0
2146858777718475 123740962731712 rel_beg 1 0 0 0 0 0
2146858777718765 123740962731712 absorb 112 0 0 0 0 0
2146858777723085 123740962731712 rel_end 1 0 0 0 0 0
2146858777723235 123740962731712 emit_beg 112 0 0 0 0 0
2146858777724835 123740962731712 dmg 0 1 0 0 1024 768
2146858777724955 123740962731712 enc 111 111 1 -1 -1 0
2146858777747424 123740962731712 emit_end 112 0 0 0 0 0
2146858777747614 123740962731712 wait_beg 0 0 0 0 0 0
2146858777750994 123740976093056 ackslot 112 111 112 111 1 0
2146858777792812 123740976093056 send 18 0 0 111 111 2
2146858778393940 123740976093056 send 166610 0 0 111 111 2
2146858778684909 123740976093056 send 130771 0 0 111 111 2
2146858778688249 123740976093056 send 14 0 0 111 111 2
2146858778688509 123740976093056 egress 112 1 0 111 0 0
2146858778688679 123740976093056 ackregion 112 112 112 111 1 0
2146858779074705 123740976093056 cliack 112 0 113 112 0 0
2146858789835313 123740962731712 wait_end 0 0 0 0 0 0
2146858789838383 123740962731712 drain_beg 0 0 0 0 0 0
2146858789838793 123740962731712 drain_end 1 0 0 0 0 0
2146858789843252 123740962731712 take 113 0 0 0 0 0
2146858789843552 123740962731712 subm_beg 1 0 0 0 0 0
2146858789844072 123740962731712 submit 113 0 0 0 0 0
2146858789844182 123740962731712 subm_end 1 0 0 0 0 0
2146858789844292 123740962731712 pump_beg 1 0 0 0 0 0
2146858789991607 123740962731712 feedend 112 0 0 0 0 0
2146858789997517 123740962731712 feedend 112 1 0 0 0 0
2146858793066065 123740962731712 outfirst 112 1 65536 0 0 0
2146858793589066 123740962731712 outfirst 112 0 65536 0 0 0
2146858793608585 123740962731712 pump_end 1 2 0 0 0 0
2146858793608795 123740962731712 book_beg 1 0 0 0 0 0
2146858793608975 123740962731712 batch 113 1 1 2 2 0
2146858793609135 123740962731712 book_end 1 0 0 0 0 0
2146858793609185 123740962731712 coll_beg 0 0 0 0 0 0
2146858793725591 123740962731712 coll_end 0 0 0 0 0 0
2146858793725641 123740962731712 rel_beg 1 0 0 0 0 0
2146858793725971 123740962731712 absorb 113 0 0 0 0 0
2146858793729831 123740962731712 rel_end 1 0 0 0 0 0
2146858793729861 123740962731712 emit_beg 113 0 0 0 0 0
2146858793730461 123740962731712 dmg 0 1 0 0 1024 768
2146858793730571 123740962731712 enc 112 112 1 -1 -1 0
2146858793750750 123740962731712 emit_end 113 0 0 0 0 0
2146858793750830 123740962731712 wait_beg 0 0 0 0 0 0
2146858793751970 123740962731712 wait_end 0 0 0 0 0 0
2146858793754070 123740962731712 drain_beg 0 0 0 0 0 0
2146858793754390 123740962731712 drain_end 1 0 0 0 0 0
2146858793754920 123740962731712 take 114 0 0 0 0 0
2146858793755270 123740962731712 subm_beg 1 0 0 0 0 0
2146858793755540 123740962731712 submit 114 0 0 0 0 0
2146858793755590 123740962731712 subm_end 1 0 0 0 0 0
2146858793755660 123740962731712 pump_beg 1 0 0 0 0 0
2146858793874895 123740962731712 feedend 113 0 0 0 0 0
2146858793898754 123740962731712 feedend 113 1 0 0 0 0
2146858789806104 123740976093056 msgin 113 4718592 0 0 0 0
2146858789806364 123740976093056 enq 113 1 0 0 0 0
2146858793400463 123740976093056 msgin 114 4718592 0 0 0 0
2146858793400673 123740976093056 enq 114 1 0 0 0 0
2146858793755650 123740976093056 ackslot 113 112 113 112 1 0
2146858793781319 123740976093056 send 18 0 0 112 112 2
2146858796905495 123740962731712 outfirst 113 1 65536 0 0 0
2146858797369998 123740962731712 outfirst 113 0 65536 0 0 0
2146858797388717 123740962731712 pump_end 1 2 0 0 0 0
2146858797388917 123740962731712 book_beg 1 0 0 0 0 0
2146858797389147 123740962731712 batch 114 1 1 2 2 0
2146858797389197 123740962731712 book_end 1 0 0 0 0 0
2146858797389377 123740962731712 coll_beg 0 0 0 0 0 0
2146858797502103 123740962731712 coll_end 0 0 0 0 0 0
2146858797502423 123740962731712 rel_beg 1 0 0 0 0 0
2146858797502573 123740962731712 absorb 114 0 0 0 0 0
2146858797504633 123740962731712 rel_end 1 0 0 0 0 0
2146858797504793 123740962731712 emit_beg 114 0 0 0 0 0
2146858797506063 123740962731712 dmg 0 1 0 0 1024 768
2146858797506103 123740962731712 enc 113 113 1 -1 -1 0
2146858797526872 123740962731712 emit_end 114 0 0 0 0 0
2146858797527052 123740962731712 wait_beg 0 0 0 0 0 0
2146858798538015 123740962731712 wait_end 0 0 0 0 0 0
2146858798541025 123740962731712 drain_beg 0 0 0 0 0 0
2146858798541195 123740962731712 drain_end 1 0 0 0 0 0
2146858798541345 123740962731712 take 115 0 0 0 0 0
2146858798541485 123740962731712 subm_beg 1 0 0 0 0 0
2146858798541615 123740962731712 submit 115 0 0 0 0 0
2146858798541775 123740962731712 subm_end 1 0 0 0 0 0
2146858798541945 123740962731712 pump_beg 1 0 0 0 0 0
2146858798666131 123740962731712 feedend 114 0 0 0 0 0
2146858798673020 123740962731712 feedend 114 1 0 0 0 0
2146858801672821 123740962731712 outfirst 114 1 65536 0 0 0
2146858802181062 123740962731712 outfirst 114 0 65536 0 0 0
2146858802199222 123740962731712 pump_end 1 2 0 0 0 0
2146858802199322 123740962731712 book_beg 1 0 0 0 0 0
2146858802199542 123740962731712 batch 115 1 1 2 2 0
2146858802199792 123740962731712 book_end 1 0 0 0 0 0
2146858802199952 123740962731712 coll_beg 0 0 0 0 0 0
2146858802309468 123740962731712 coll_end 0 0 0 0 0 0
2146858802309738 123740962731712 rel_beg 1 0 0 0 0 0
2146858802310078 123740962731712 absorb 115 0 0 0 0 0
2146858802313608 123740962731712 rel_end 1 0 0 0 0 0
2146858802313658 123740962731712 emit_beg 115 0 0 0 0 0
2146858802314378 123740962731712 dmg 0 1 0 0 1024 768
2146858802314558 123740962731712 enc 114 114 1 -1 -1 0
2146858802334927 123740962731712 emit_end 115 0 0 0 0 0
2146858802335007 123740962731712 wait_beg 0 0 0 0 0 0
2146858802336007 123740962731712 wait_end 0 0 0 0 0 0
2146858802338147 123740962731712 drain_beg 0 0 0 0 0 0
2146858802338517 123740962731712 drain_end 1 0 0 0 0 0
2146858802338867 123740962731712 take 116 0 0 0 0 0
2146858802339047 123740962731712 subm_beg 1 0 0 0 0 0
2146858802339137 123740962731712 submit 116 0 0 0 0 0
2146858802339197 123740962731712 subm_end 1 0 0 0 0 0
2146858802339257 123740962731712 pump_beg 1 0 0 0 0 0
2146858802455902 123740962731712 feedend 115 0 0 0 0 0
2146858802469752 123740962731712 feedend 115 1 0 0 0 0
2146858794389677 123740976093056 send 177118 0 0 112 112 2
2146858794709675 123740976093056 send 144045 0 0 112 112 2
2146858794713075 123740976093056 send 14 0 0 112 112 2
2146858794713295 123740976093056 egress 113 1 0 112 0 0
2146858794713425 123740976093056 ackregion 113 113 113 112 1 0
2146858795117990 123740976093056 cliack 113 0 114 113 0 0
2146858797519392 123740976093056 ackslot 114 113 114 113 1 0
2146858797533172 123740976093056 send 18 0 0 113 113 2
2146858797918848 123740976093056 send 166269 0 0 113 113 2
2146858798418500 123740976093056 send 140470 0 0 113 113 2
2146858798424309 123740976093056 send 14 0 0 113 113 2
2146858798424629 123740976093056 egress 114 1 0 113 0 0
2146858798424789 123740976093056 ackregion 114 114 114 113 1 0
2146858798513476 123740976093056 msgin 115 4718592 0 0 0 0
2146858798513556 123740976093056 enq 115 1 0 0 0 0
2146858798899122 123740976093056 cliack 114 0 115 114 0 0
2146858801511397 123740976093056 msgin 116 4718592 0 0 0 0
2146858801511837 123740976093056 enq 116 1 0 0 0 0
2146858802338287 123740976093056 ackslot 115 114 115 114 1 0
2146858802360256 123740976093056 send 18 0 0 114 114 2
2146858802961184 123740976093056 send 168699 0 0 114 114 2
2146858803472065 123740976093056 send 143054 0 0 114 114 2
2146858803477185 123740976093056 send 14 0 0 114 114 2
2146858803477515 123740976093056 egress 115 1 0 114 0 0
2146858803477665 123740976093056 ackregion 115 115 115 114 1 0
2146858803861031 123740976093056 cliack 115 0 116 115 0 0
2146858805495411 123740962731712 outfirst 115 1 65536 0 0 0
2146858805917826 123740962731712 outfirst 115 0 65536 0 0 0
2146858805936105 123740962731712 pump_end 1 2 0 0 0 0
2146858805936295 123740962731712 book_beg 1 0 0 0 0 0
2146858805936445 123740962731712 batch 116 1 1 2 2 0
2146858805936475 123740962731712 book_end 1 0 0 0 0 0
2146858805936605 123740962731712 coll_beg 0 0 0 0 0 0
2146858806057011 123740962731712 coll_end 0 0 0 0 0 0
2146858806057161 123740962731712 rel_beg 1 0 0 0 0 0
2146858806057401 123740962731712 absorb 116 0 0 0 0 0
2146858806059131 123740962731712 rel_end 1 0 0 0 0 0
2146858806059271 123740962731712 emit_beg 116 0 0 0 0 0
2146858806059931 123740962731712 dmg 0 1 0 0 1024 768
2146858806059991 123740962731712 enc 115 115 1 -1 -1 0
2146858806078690 123740962731712 emit_end 116 0 0 0 0 0
2146858806078870 123740962731712 wait_beg 0 0 0 0 0 0
2146858806081150 123740976093056 ackslot 116 115 116 115 1 0
2146858806103989 123740976093056 send 18 0 0 115 115 2
2146858806704397 123740976093056 send 169321 0 0 115 115 2
2146858807223498 123740976093056 send 146249 0 0 115 115 2
2146858807229138 123740976093056 send 14 0 0 115 115 2
2146858807229438 123740976093056 egress 116 1 0 115 0 0
2146858807229598 123740976093056 ackregion 116 116 116 115 1 0
2146858807727210 123740976093056 cliack 116 0 117 116 0 0
2146858818083522 123740962731712 wait_end 0 0 0 0 0 0
2146858818086452 123740962731712 drain_beg 0 0 0 0 0 0
2146858818086722 123740962731712 drain_end 1 0 0 0 0 0
2146858818086892 123740962731712 take 117 0 0 0 0 0
2146858818087312 123740962731712 subm_beg 1 0 0 0 0 0
2146858818087832 123740962731712 submit 117 0 0 0 0 0
2146858818087972 123740962731712 subm_end 1 0 0 0 0 0
2146858818088042 123740962731712 pump_beg 1 0 0 0 0 0
2146858818233607 123740962731712 feedend 116 0 0 0 0 0
2146858818254246 123740962731712 feedend 116 1 0 0 0 0
2146858821412391 123740962731712 outfirst 116 1 65536 0 0 0
2146858821940131 123740962731712 outfirst 116 0 65536 0 0 0
2146858822055087 123740962731712 pump_end 1 2 0 0 0 0
2146858822055187 123740962731712 book_beg 1 0 0 0 0 0
2146858822055437 123740962731712 batch 117 1 1 2 2 0
2146858822055587 123740962731712 book_end 1 0 0 0 0 0
2146858822055757 123740962731712 coll_beg 0 0 0 0 0 0
2146858822179723 123740962731712 coll_end 0 0 0 0 0 0
2146858822179873 123740962731712 rel_beg 1 0 0 0 0 0
2146858822180183 123740962731712 absorb 117 0 0 0 0 0
2146858822183853 123740962731712 rel_end 1 0 0 0 0 0
2146858822183913 123740962731712 emit_beg 117 0 0 0 0 0
2146858822184673 123740962731712 dmg 0 1 0 0 1024 768
2146858822184823 123740962731712 enc 116 116 1 -1 -1 0
2146858822206672 123740962731712 emit_end 117 0 0 0 0 0
2146858822206732 123740962731712 wait_beg 0 0 0 0 0 0
2146858818060463 123740976093056 msgin 117 4718592 0 0 0 0
2146858818060863 123740976093056 enq 117 1 0 0 0 0
2146858822208452 123740976093056 ackslot 117 116 117 116 1 0
2146858822229541 123740976093056 send 18 0 0 116 116 2
2146858822883207 123740976093056 send 187835 0 0 116 116 2
2146858823411038 123740976093056 send 155878 0 0 116 116 2
2146858823416588 123740976093056 send 14 0 0 116 116 2
2146858823416728 123740976093056 egress 117 1 0 116 0 0
2146858823416868 123740976093056 ackregion 117 117 117 116 1 0
2146858823804504 123740976093056 cliack 117 0 118 117 0 0
2146858833866016 123740962731712 wait_end 0 0 0 0 0 0
2146858833869116 123740962731712 drain_beg 0 0 0 0 0 0
2146858833869546 123740962731712 drain_end 1 0 0 0 0 0
2146858833869746 123740962731712 take 118 0 0 0 0 0
2146858833870096 123740962731712 subm_beg 1 0 0 0 0 0
2146858833870886 123740962731712 submit 118 0 0 0 0 0
2146858833871106 123740962731712 subm_end 1 0 0 0 0 0
2146858833871216 123740962731712 pump_beg 1 0 0 0 0 0
2146858834039010 123740962731712 feedend 117 0 0 0 0 0
2146858834051540 123740962731712 feedend 117 1 0 0 0 0
2146858833852287 123740976093056 msgin 118 4718592 0 0 0 0
2146858833852787 123740976093056 enq 118 1 0 0 0 0
2146858837021511 123740962731712 outfirst 117 1 65536 0 0 0
2146858837505904 123740962731712 outfirst 117 0 65536 0 0 0
2146858837535063 123740962731712 pump_end 1 2 0 0 0 0
2146858837535243 123740962731712 book_beg 1 0 0 0 0 0
2146858837535573 123740962731712 batch 118 1 1 2 2 0
2146858837535633 123740962731712 book_end 1 0 0 0 0 0
2146858837535873 123740962731712 coll_beg 0 0 0 0 0 0
2146858837645029 123740962731712 coll_end 0 0 0 0 0 0
2146858837645229 123740962731712 rel_beg 1 0 0 0 0 0
2146858837645559 123740962731712 absorb 118 0 0 0 0 0
2146858837649228 123740962731712 rel_end 1 0 0 0 0 0
2146858837649378 123740962731712 emit_beg 118 0 0 0 0 0
2146858837650418 123740962731712 dmg 0 1 0 0 1024 768
2146858837650488 123740962731712 enc 117 117 1 -1 -1 0
2146858837669358 123740962731712 emit_end 118 0 0 0 0 0
2146858837669548 123740962731712 wait_beg 0 0 0 0 0 0
2146858837658948 123740976093056 ackslot 118 117 118 117 1 0
2146858837668658 123740976093056 send 18 0 0 117 117 2
2146858838025625 123740976093056 send 159052 0 0 117 117 2
2146858838320534 123740976093056 send 135268 0 0 117 117 2
2146858838324004 123740976093056 send 14 0 0 117 117 2
2146858838324194 123740976093056 egress 118 1 0 117 0 0
2146858838324334 123740976093056 ackregion 118 118 118 117 1 0
2146858838912462 123740976093056 cliack 118 0 119 118 0 0
2146858849577813 123740962731712 wait_end 0 0 0 0 0 0
2146858849582113 123740962731712 drain_beg 0 0 0 0 0 0
2146858849582673 123740962731712 drain_end 1 0 0 0 0 0
2146858849582923 123740962731712 take 119 0 0 0 0 0
2146858849583343 123740962731712 subm_beg 1 0 0 0 0 0
2146858849584223 123740962731712 submit 119 0 0 0 0 0
2146858849584393 123740962731712 subm_end 1 0 0 0 0 0
2146858849584473 123740962731712 pump_beg 1 0 0 0 0 0
2146858849737987 123740962731712 feedend 118 0 0 0 0 0
2146858849760737 123740962731712 feedend 118 1 0 0 0 0
2146858852924431 123740962731712 outfirst 118 1 65536 0 0 0
2146858853246129 123740962731712 outfirst 118 0 65536 0 0 0
2146858853265729 123740962731712 pump_end 1 2 0 0 0 0
2146858853265809 123740962731712 book_beg 1 0 0 0 0 0
2146858853266039 123740962731712 batch 119 1 1 2 2 0
2146858853266179 123740962731712 book_end 1 0 0 0 0 0
2146858853266329 123740962731712 coll_beg 0 0 0 0 0 0
2146858853385734 123740962731712 coll_end 0 0 0 0 0 0
2146858853388194 123740962731712 rel_beg 1 0 0 0 0 0
2146858853388494 123740962731712 absorb 119 0 0 0 0 0
2146858853392164 123740962731712 rel_end 1 0 0 0 0 0
2146858853392234 123740962731712 emit_beg 119 0 0 0 0 0
2146858853393244 123740962731712 dmg 0 1 0 0 1024 768
2146858853393274 123740962731712 enc 118 118 1 -1 -1 0
2146858853415333 123740962731712 emit_end 119 0 0 0 0 0
2146858853415393 123740962731712 wait_beg 0 0 0 0 0 0
2146858849566024 123740976093056 msgin 119 4718592 0 0 0 0
2146858849567074 123740976093056 enq 119 1 0 0 0 0
2146858853403564 123740976093056 ackslot 119 118 119 118 1 0
2146858853420033 123740976093056 send 18 0 0 118 118 2
2146858853808729 123740976093056 send 172644 0 0 118 118 2
2146858854164576 123740976093056 send 157207 0 0 118 118 2
2146858854167866 123740976093056 send 14 0 0 118 118 2
2146858854168026 123740976093056 egress 119 1 0 118 0 0
2146858854168156 123740976093056 ackregion 119 119 119 118 1 0
2146858854864240 123740976093056 cliack 119 0 120 119 0 0
2146858865590109 123740962731712 wait_end 0 0 0 0 0 0
2146858865592959 123740962731712 drain_beg 0 0 0 0 0 0
2146858865593329 123740962731712 drain_end 1 0 0 0 0 0
2146858865593499 123740962731712 take 120 0 0 0 0 0
2146858865594109 123740962731712 subm_beg 1 0 0 0 0 0
2146858865594429 123740962731712 submit 120 0 0 0 0 0
2146858865594589 123740962731712 subm_end 1 0 0 0 0 0
2146858865594639 123740962731712 pump_beg 1 0 0 0 0 0
2146858865735654 123740962731712 feedend 119 0 0 0 0 0
2146858865768033 123740962731712 feedend 119 1 0 0 0 0
2146858868429445 123740962731712 outfirst 119 1 65536 0 0 0
2146858868738844 123740962731712 outfirst 119 0 65536 0 0 0
2146858868756933 123740962731712 pump_end 1 2 0 0 0 0
2146858868757123 123740962731712 book_beg 1 0 0 0 0 0
2146858868757293 123740962731712 batch 120 1 1 2 2 0
2146858868757433 123740962731712 book_end 1 0 0 0 0 0
2146858868757603 123740962731712 coll_beg 0 0 0 0 0 0
2146858868834931 123740962731712 coll_end 0 0 0 0 0 0
2146858868835221 123740962731712 rel_beg 1 0 0 0 0 0
2146858868835491 123740962731712 absorb 120 0 0 0 0 0
2146858868839291 123740962731712 rel_end 1 0 0 0 0 0
2146858868839351 123740962731712 emit_beg 120 0 0 0 0 0
2146858868840370 123740962731712 dmg 0 1 0 0 1024 768
2146858868840430 123740962731712 enc 119 119 1 -1 -1 0
2146858868855040 123740962731712 emit_end 120 0 0 0 0 0
2146858868855080 123740962731712 wait_beg 0 0 0 0 0 0
2146858865567310 123740976093056 msgin 120 4718592 0 0 0 0
2146858865567640 123740976093056 enq 120 1 0 0 0 0
2146858868849630 123740976093056 ackslot 120 119 120 119 1 0
2146858868862840 123740976093056 send 18 0 0 119 119 2
2146858869231746 123740976093056 send 113376 0 0 119 119 2
2146858869595373 123740976093056 send 98500 0 0 119 119 2
2146858869601333 123740976093056 send 14 0 0 119 119 2
2146858869601853 123740976093056 egress 120 1 0 119 0 0
2146858869602053 123740976093056 ackregion 120 120 120 119 1 0
2146858869862103 123740976093056 cliack 120 0 121 120 0 0
2146858882232512 123740962731712 wait_end 0 0 0 0 0 0
2146858882234852 123740962731712 drain_beg 0 0 0 0 0 0
2146858882235112 123740962731712 drain_end 1 0 0 0 0 0
2146858882235302 123740962731712 take 121 0 0 0 0 0
2146858882235532 123740962731712 subm_beg 1 0 0 0 0 0
2146858882235902 123740962731712 submit 121 0 0 0 0 0
2146858882236062 123740962731712 subm_end 1 0 0 0 0 0
2146858882236132 123740962731712 pump_beg 1 0 0 0 0 0
2146858882364107 123740962731712 feedend 120 0 0 0 0 0
2146858882409775 123740962731712 feedend 120 1 0 0 0 0
2146858882208043 123740976093056 msgin 121 4718592 0 0 0 0
2146858882208483 123740976093056 enq 121 1 0 0 0 0
2146858885323859 123740962731712 outfirst 120 1 65536 0 0 0
2146858885836920 123740962731712 outfirst 120 0 65536 0 0 0
2146858885863639 123740962731712 pump_end 1 2 0 0 0 0
2146858885863709 123740962731712 book_beg 1 0 0 0 0 0
2146858885863929 123740962731712 batch 121 1 1 2 2 0
2146858885864099 123740962731712 book_end 1 0 0 0 0 0
2146858885864279 123740962731712 coll_beg 0 0 0 0 0 0
2146858885975935 123740962731712 coll_end 0 0 0 0 0 0
2146858885976285 123740962731712 rel_beg 1 0 0 0 0 0
2146858885976565 123740962731712 absorb 121 0 0 0 0 0
2146858885980465 123740962731712 rel_end 1 0 0 0 0 0
2146858885980535 123740962731712 emit_beg 121 0 0 0 0 0
2146858885981395 123740962731712 dmg 0 1 0 0 1024 768
2146858885981565 123740962731712 enc 120 120 1 -1 -1 0
2146858886007564 123740962731712 emit_end 121 0 0 0 0 0
2146858886007614 123740962731712 wait_beg 0 0 0 0 0 0
2146858885995915 123740976093056 ackslot 121 120 121 120 1 0
2146858886051443 123740976093056 send 18 0 0 120 120 2
2146858886669460 123740976093056 send 173189 0 0 120 120 2
2146858887145733 123740976093056 send 135947 0 0 120 120 2
2146858887151552 123740976093056 send 14 0 0 120 120 2
2146858887151852 123740976093056 egress 121 1 0 120 0 0
2146858887156382 123740976093056 ackregion 121 121 121 120 1 0
2146858887606536 123740976093056 cliack 121 0 122 121 0 0
2146858898139472 123740962731712 wait_end 0 0 0 0 0 0
2146858898144061 123740962731712 drain_beg 0 0 0 0 0 0
2146858898144491 123740962731712 drain_end 1 0 0 0 0 0
2146858898144971 123740962731712 take 122 0 0 0 0 0
2146858898145601 123740962731712 subm_beg 1 0 0 0 0 0
2146858898146531 123740962731712 submit 122 0 0 0 0 0
2146858898146691 123740962731712 subm_end 1 0 0 0 0 0
2146858898146731 123740962731712 pump_beg 1 0 0 0 0 0
2146858898282576 123740962731712 feedend 121 0 0 0 0 0
2146858898323475 123740962731712 feedend 121 1 0 0 0 0
2146858901116663 123740962731712 outfirst 121 1 65536 0 0 0
2146858901593576 123740962731712 outfirst 121 0 65536 0 0 0
2146858901653443 123740962731712 pump_end 1 2 0 0 0 0
2146858901653623 123740962731712 book_beg 1 0 0 0 0 0
2146858901653923 123740962731712 batch 122 1 1 2 2 0
2146858901653963 123740962731712 book_end 1 0 0 0 0 0
2146858901654133 123740962731712 coll_beg 0 0 0 0 0 0
2146858901748140 123740962731712 coll_end 0 0 0 0 0 0
2146858901748430 123740962731712 rel_beg 1 0 0 0 0 0
2146858901748750 123740962731712 absorb 122 0 0 0 0 0
2146858901752420 123740962731712 rel_end 1 0 0 0 0 0
2146858901752590 123740962731712 emit_beg 122 0 0 0 0 0
2146858901753700 123740962731712 dmg 0 1 0 0 1024 768
2146858901753760 123740962731712 enc 121 121 1 -1 -1 0
2146858901770379 123740962731712 emit_end 122 0 0 0 0 0
2146858901773389 123740962731712 wait_beg 0 0 0 0 0 0
2146858898112293 123740976093056 msgin 122 4718592 0 0 0 0
2146858898112763 123740976093056 enq 122 1 0 0 0 0
2146858901777689 123740976093056 ackslot 122 121 122 121 1 0
2146858901809798 123740976093056 send 18 0 0 121 121 2
2146858902355978 123740976093056 send 152037 0 0 121 121 2
2146858902710285 123740976093056 send 120321 0 0 121 121 2
2146858902713795 123740976093056 send 14 0 0 121 121 2
2146858902714005 123740976093056 egress 122 1 0 121 0 0
2146858902714135 123740976093056 ackregion 122 122 122 121 1 0
2146858903060222 123740976093056 cliack 122 0 123 122 0 0
2146858913705614 123740962731712 wait_end 0 0 0 0 0 0
2146858913708194 123740962731712 drain_beg 0 0 0 0 0 0
2146858913708504 123740962731712 drain_end 1 0 0 0 0 0
2146858913708664 123740962731712 take 123 0 0 0 0 0
2146858913708884 123740962731712 subm_beg 1 0 0 0 0 0
2146858913709204 123740962731712 submit 123 0 0 0 0 0
2146858913709364 123740962731712 subm_end 1 0 0 0 0 0
2146858913709424 123740962731712 pump_beg 1 0 0 0 0 0
2146858913856078 123740962731712 feedend 122 0 0 0 0 0
2146858913874447 123740962731712 feedend 122 1 0 0 0 0
2146858913680525 123740976093056 msgin 123 4718592 0 0 0 0
2146858913680865 123740976093056 enq 123 1 0 0 0 0
2146858917323022 123740962731712 outfirst 122 1 65536 0 0 0
2146858917883061 123740962731712 outfirst 122 0 65536 0 0 0
2146858917918680 123740962731712 pump_end 1 2 0 0 0 0
2146858917918790 123740962731712 book_beg 1 0 0 0 0 0
2146858917918990 123740962731712 batch 123 1 1 2 2 0
2146858917919140 123740962731712 book_end 1 0 0 0 0 0
2146858917919300 123740962731712 coll_beg 0 0 0 0 0 0
2146858918064475 123740962731712 coll_end 0 0 0 0 0 0
2146858918064685 123740962731712 rel_beg 1 0 0 0 0 0
2146858918065015 123740962731712 absorb 123 0 0 0 0 0
2146858918068184 123740962731712 rel_end 1 0 0 0 0 0
2146858918068234 123740962731712 emit_beg 123 0 0 0 0 0
2146858918069394 123740962731712 dmg 0 1 0 0 1024 768
2146858918069574 123740962731712 enc 122 122 1 -1 -1 0
2146858918094693 123740962731712 emit_end 123 0 0 0 0 0
2146858918094763 123740962731712 wait_beg 0 0 0 0 0 0
2146858918093774 123740976093056 ackslot 123 122 123 122 1 0
2146858918196480 123740976093056 send 18 0 0 122 122 2
2146858919031919 123740976093056 send 212988 0 0 122 122 2
2146858919558620 123740976093056 send 178944 0 0 122 122 2
2146858919562050 123740976093056 send 14 0 0 122 122 2
2146858919562330 123740976093056 egress 123 1 0 122 0 0
2146858919562600 123740976093056 ackregion 123 123 123 122 1 0
2146858920316252 123740976093056 cliack 123 0 124 123 0 0
2146858929363372 123740962731712 wait_end 0 0 0 0 0 0
2146858929366342 123740962731712 drain_beg 0 0 0 0 0 0
2146858929366882 123740962731712 drain_end 1 0 0 0 0 0
2146858929367072 123740962731712 take 124 0 0 0 0 0
2146858929367412 123740962731712 subm_beg 1 0 0 0 0 0
2146858929368042 123740962731712 submit 124 0 0 0 0 0
2146858929368232 123740962731712 subm_end 1 0 0 0 0 0
2146858929368322 123740962731712 pump_beg 1 0 0 0 0 0
2146858929519987 123740962731712 feedend 123 0 0 0 0 0
2146858929528466 123740962731712 feedend 123 1 0 0 0 0
2146858932486678 123740962731712 outfirst 123 1 65536 0 0 0
2146858933095936 123740962731712 outfirst 123 0 65536 0 0 0
2146858933121385 123740962731712 pump_end 1 2 0 0 0 0
2146858933121685 123740962731712 book_beg 1 0 0 0 0 0
2146858933121875 123740962731712 batch 124 1 1 2 2 0
2146858933122025 123740962731712 book_end 1 0 0 0 0 0
2146858933122205 123740962731712 coll_beg 0 0 0 0 0 0
2146858933227901 123740962731712 coll_end 0 0 0 0 0 0
2146858933228301 123740962731712 rel_beg 1 0 0 0 0 0
2146858933228621 123740962731712 absorb 124 0 0 0 0 0
2146858933232611 123740962731712 rel_end 1 0 0 0 0 0
2146858933232871 123740962731712 emit_beg 124 0 0 0 0 0
2146858933234371 123740962731712 dmg 0 1 0 0 1024 768
2146858933234481 123740962731712 enc 123 123 1 -1 -1 0
2146858933253660 123740962731712 emit_end 124 0 0 0 0 0
2146858933253950 123740962731712 wait_beg 0 0 0 0 0 0
2146858934442907 123740962731712 wait_end 0 0 0 0 0 0
2146858934446207 123740962731712 drain_beg 0 0 0 0 0 0
2146858934447017 123740962731712 drain_end 1 0 0 0 0 0
2146858934447167 123740962731712 take 125 0 0 0 0 0
2146858934447517 123740962731712 subm_beg 1 0 0 0 0 0
2146858934448087 123740962731712 submit 125 0 0 0 0 0
2146858934448127 123740962731712 subm_end 1 0 0 0 0 0
2146858934448187 123740962731712 pump_beg 1 0 0 0 0 0
2146858934581182 123740962731712 feedend 124 0 0 0 0 0
2146858934640540 123740962731712 feedend 124 1 0 0 0 0
2146858929338003 123740976093056 msgin 124 4718592 0 0 0 0
2146858929338213 123740976093056 enq 124 1 0 0 0 0
2146858933258780 123740976093056 ackslot 124 123 124 123 1 0
2146858933288369 123740976093056 send 18 0 0 123 123 2
2146858933863998 123740976093056 send 161462 0 0 123 123 2
2146858934318932 123740976093056 send 129541 0 0 123 123 2
2146858934324151 123740976093056 send 14 0 0 123 123 2
2146858934324431 123740976093056 egress 124 1 0 123 0 0
2146858934324581 123740976093056 ackregion 124 124 124 123 1 0
2146858934419918 123740976093056 msgin 125 4718592 0 0 0 0
2146858934420278 123740976093056 enq 125 1 0 0 0 0
2146858934784195 123740976093056 cliack 124 0 125 124 0 0
2146858937368310 123740962731712 outfirst 124 1 65536 0 0 0
2146858937831173 123740962731712 outfirst 124 0 65536 0 0 0
2146858937842633 123740962731712 pump_end 1 2 0 0 0 0
2146858937842713 123740962731712 book_beg 1 0 0 0 0 0
2146858937842843 123740962731712 batch 125 1 1 2 2 0
2146858937842983 123740962731712 book_end 1 0 0 0 0 0
2146858937843123 123740962731712 coll_beg 0 0 0 0 0 0
2146858937906161 123740962731712 coll_end 0 0 0 0 0 0
2146858937906471 123740962731712 rel_beg 1 0 0 0 0 0
2146858937906621 123740962731712 absorb 125 0 0 0 0 0
2146858937908141 123740962731712 rel_end 1 0 0 0 0 0
2146858937908191 123740962731712 emit_beg 125 0 0 0 0 0
2146858937908871 123740962731712 dmg 0 1 0 0 1024 768
2146858937909021 123740962731712 enc 124 124 1 -1 -1 0
2146858937922320 123740962731712 emit_end 125 0 0 0 0 0
2146858937922350 123740962731712 wait_beg 0 0 0 0 0 0
2146858937929420 123740976093056 ackslot 125 124 125 124 1 0
2146858937952469 123740976093056 send 18 0 0 124 124 2
2146858938477070 123740976093056 send 148470 0 0 124 124 2
2146858938907134 123740976093056 send 120717 0 0 124 124 2
2146858938912294 123740976093056 send 14 0 0 124 124 2
2146858938912624 123740976093056 egress 125 1 0 124 0 0
2146858938912794 123740976093056 ackregion 125 125 125 124 1 0
2146858939410576 123740976093056 cliack 125 0 126 125 0 0
2146858949478409 123740962731712 wait_end 0 0 0 0 0 0
2146858949481108 123740962731712 drain_beg 0 0 0 0 0 0
2146858949481578 123740962731712 drain_end 1 0 0 0 0 0
2146858949481768 123740962731712 take 126 0 0 0 0 0
2146858949482248 123740962731712 subm_beg 1 0 0 0 0 0
2146858949482858 123740962731712 submit 126 0 0 0 0 0
2146858949486788 123740962731712 subm_end 1 0 0 0 0 0
2146858949486838 123740962731712 pump_beg 1 0 0 0 0 0
2146858949631473 123740962731712 feedend 125 0 0 0 0 0
2146858949648692 123740962731712 feedend 125 1 0 0 0 0
2146858952385382 123740962731712 outfirst 125 1 65536 0 0 0
2146858952873635 123740962731712 outfirst 125 0 65536 0 0 0
2146858952887874 123740962731712 pump_end 1 2 0 0 0 0
2146858952888014 123740962731712 book_beg 1 0 0 0 0 0
2146858952888224 123740962731712 batch 126 1 1 2 2 0
2146858952888254 123740962731712 book_end 1 0 0 0 0 0
2146858952888354 123740962731712 coll_beg 0 0 0 0 0 0
2146858952982071 123740962731712 coll_end 0 0 0 0 0 0
2146858952982131 123740962731712 rel_beg 1 0 0 0 0 0
2146858952982471 123740962731712 absorb 126 0 0 0 0 0
2146858952986431 123740962731712 rel_end 1 0 0 0 0 0
2146858952986471 123740962731712 emit_beg 126 0 0 0 0 0
2146858952987590 123740962731712 dmg 0 1 0 0 1024 768
2146858952987660 123740962731712 enc 125 125 1 -1 -1 0
2146858953009450 123740962731712 emit_end 126 0 0 0 0 0
2146858953009550 123740962731712 wait_beg 0 0 0 0 0 0
2146858953812440 123740962731712 wait_end 0 0 0 0 0 0
2146858953814450 123740962731712 drain_beg 0 0 0 0 0 0
2146858953814790 123740962731712 drain_end 1 0 0 0 0 0
2146858953814940 123740962731712 take 127 0 0 0 0 0
2146858953815240 123740962731712 subm_beg 1 0 0 0 0 0
2146858953815550 123740962731712 submit 127 0 0 0 0 0
2146858953815600 123740962731712 subm_end 1 0 0 0 0 0
2146858953815640 123740962731712 pump_beg 1 0 0 0 0 0
2146858953908427 123740962731712 feedend 126 0 0 0 0 0
2146858953964295 123740962731712 feedend 126 1 0 0 0 0
2146858949452869 123740976093056 msgin 126 4718592 0 0 0 0
2146858949453289 123740976093056 enq 126 1 0 0 0 0
2146858953003700 123740976093056 ackslot 126 125 126 125 1 0
2146858953029759 123740976093056 send 18 0 0 125 125 2
2146858953469633 123740976093056 send 140230 0 0 125 125 2
2146858953722254 123740976093056 send 111512 0 0 125 125 2
2146858953725514 123740976093056 send 14 0 0 125 125 2
2146858953725804 123740976093056 egress 126 1 0 125 0 0
2146858953725964 123740976093056 ackregion 126 126 126 125 1 0
2146858953795611 123740976093056 msgin 127 4718592 0 0 0 0
2146858953796151 123740976093056 enq 127 1 0 0 0 0
2146858954099810 123740976093056 cliack 126 0 127 126 0 0
2146858956873789 123740962731712 outfirst 126 1 65536 0 0 0
2146858957277484 123740962731712 outfirst 126 0 65536 0 0 0
2146858957315573 123740962731712 pump_end 1 2 0 0 0 0
2146858957315823 123740962731712 book_beg 1 0 0 0 0 0
2146858957316173 123740962731712 batch 127 1 1 2 2 0
2146858957316373 123740962731712 book_end 1 0 0 0 0 0
2146858957316573 123740962731712 coll_beg 0 0 0 0 0 0
2146858957410369 123740962731712 coll_end 0 0 0 0 0 0
2146858957410649 123740962731712 rel_beg 1 0 0 0 0 0
2146858957410819 123740962731712 absorb 127 0 0 0 0 0
2146858957412919 123740962731712 rel_end 1 0 0 0 0 0
2146858957413019 123740962731712 emit_beg 127 0 0 0 0 0
2146858957414249 123740962731712 dmg 0 1 0 0 1024 768
2146858957414409 123740962731712 enc 126 126 1 -1 -1 0
2146858957429498 123740962731712 emit_end 127 0 0 0 0 0
2146858957429598 123740962731712 wait_beg 0 0 0 0 0 0
2146858957461737 123740962731712 wait_end 0 0 0 0 0 0
2146858957465297 123740962731712 drain_beg 0 0 0 0 0 0
2146858957465727 123740962731712 drain_end 1 0 0 0 0 0
2146858957465877 123740962731712 take 128 0 0 0 0 0
2146858957466537 123740962731712 subm_beg 1 0 0 0 0 0
2146858957467797 123740962731712 submit 128 0 0 0 0 0
2146858957467917 123740962731712 subm_end 1 0 0 0 0 0
2146858957467967 123740962731712 pump_beg 1 0 0 0 0 0
2146858957606012 123740962731712 feedend 127 0 0 0 0 0
2146858957643501 123740962731712 feedend 127 1 0 0 0 0
2146858960481137 123740962731712 outfirst 127 1 65536 0 0 0
2146858961060166 123740962731712 outfirst 127 0 65536 0 0 0
2146858961084165 123740962731712 pump_end 1 2 0 0 0 0
2146858961084525 123740962731712 book_beg 1 0 0 0 0 0
2146858961084755 123740962731712 batch 128 1 1 2 2 0
2146858961084805 123740962731712 book_end 1 0 0 0 0 0
2146858961085055 123740962731712 coll_beg 0 0 0 0 0 0
2146858961188351 123740962731712 coll_end 0 0 0 0 0 0
2146858961188671 123740962731712 rel_beg 1 0 0 0 0 0
2146858961189041 123740962731712 absorb 128 0 0 0 0 0
2146858961192681 123740962731712 rel_end 1 0 0 0 0 0
2146858961192711 123740962731712 emit_beg 128 0 0 0 0 0
2146858961194251 123740962731712 dmg 0 1 0 0 1024 768
2146858961194321 123740962731712 enc 127 127 1 -1 -1 0
2146858961220810 123740962731712 emit_end 128 0 0 0 0 0
2146858961220890 123740962731712 wait_beg 0 0 0 0 0 0
2146858961999132 123740962731712 wait_end 0 0 0 0 0 0
2146858962001552 123740962731712 drain_beg 0 0 0 0 0 0
2146858962001952 123740962731712 drain_end 1 0 0 0 0 0
2146858962002122 123740962731712 take 129 0 0 0 0 0
2146858962002372 123740962731712 subm_beg 1 0 0 0 0 0
2146858962002552 123740962731712 submit 129 0 0 0 0 0
2146858962002582 123740962731712 subm_end 1 0 0 0 0 0
2146858962002722 123740962731712 pump_beg 1 0 0 0 0 0
2146858962122807 123740962731712 feedend 128 0 0 0 0 0
2146858962174705 123740962731712 feedend 128 1 0 0 0 0
2146858964926225 123740962731712 outfirst 128 1 65536 0 0 0
2146858965402468 123740962731712 outfirst 128 0 65536 0 0 0
2146858965425037 123740962731712 pump_end 1 2 0 0 0 0
2146858957433638 123740976093056 msgin 128 4718592 0 0 0 0
2146858957434558 123740976093056 enq 128 1 0 0 0 0
2146858957444208 123740976093056 ackslot 127 126 127 126 1 0
2146858957541814 123740976093056 send 18 0 0 126 126 2
2146858957943820 123740976093056 send 157556 0 0 126 126 2
2146858958294817 123740976093056 send 129082 0 0 126 126 2
2146858958298687 123740976093056 send 14 0 0 126 126 2
2146858958299197 123740976093056 egress 127 1 0 126 0 0
2146858958299467 123740976093056 ackregion 127 127 127 126 1 0
2146858959049569 123740976093056 cliack 127 0 128 127 0 0
2146858961201981 123740976093056 ackslot 128 127 128 127 1 0
2146858961218210 123740976093056 send 18 0 0 127 127 2
2146858961591217 123740976093056 send 162608 0 0 127 127 2
2146858961911325 123740976093056 send 134509 0 0 127 127 2
2146858961914965 123740976093056 send 14 0 0 127 127 2
2146858961915355 123740976093056 egress 128 1 0 127 0 0
2146858961915505 123740976093056 ackregion 128 128 128 127 1 0
2146858961980182 123740976093056 msgin 129 4718592 0 0 0 0
2146858961980472 123740976093056 enq 129 1 0 0 0 0
2146858962841811 123740976093056 cliack 128 0 129 128 0 0
2146858965425357 123740962731712 book_beg 1 0 0 0 0 0
2146858965429257 123740962731712 batch 129 1 1 2 2 0
2146858965429337 123740962731712 book_end 1 0 0 0 0 0
2146858965429397 123740962731712 coll_beg 0 0 0 0 0 0
2146858965531963 123740962731712 coll_end 0 0 0 0 0 0
2146858965532003 123740962731712 rel_beg 1 0 0 0 0 0
2146858965532123 123740962731712 absorb 129 0 0 0 0 0
2146858965534323 123740962731712 rel_end 1 0 0 0 0 0
2146858965534363 123740962731712 emit_beg 129 0 0 0 0 0
2146858965535633 123740962731712 dmg 0 1 0 0 1024 768
2146858965535713 123740962731712 enc 128 128 1 -1 -1 0
2146858965555552 123740962731712 emit_end 129 0 0 0 0 0
2146858965555592 123740962731712 wait_beg 0 0 0 0 0 0
2146858966259146 123740962731712 wait_end 0 0 0 0 0 0
2146858966261366 123740962731712 drain_beg 0 0 0 0 0 0
2146858966261656 123740962731712 drain_end 1 0 0 0 0 0
2146858966261836 123740962731712 take 130 0 0 0 0 0
2146858966261936 123740962731712 subm_beg 1 0 0 0 0 0
2146858966262046 123740962731712 submit 130 0 0 0 0 0
2146858966262076 123740962731712 subm_end 1 0 0 0 0 0
2146858966262106 123740962731712 pump_beg 1 0 0 0 0 0
2146858966348713 123740962731712 feedend 129 0 0 0 0 0
2146858966466889 123740962731712 feedend 129 1 0 0 0 0
2146858969752259 123740962731712 outfirst 129 1 65536 0 0 0
2146858970037898 123740962731712 outfirst 129 0 65536 0 0 0
2146858970091506 123740962731712 pump_end 1 2 0 0 0 0
2146858970091716 123740962731712 book_beg 1 0 0 0 0 0
2146858970092046 123740962731712 batch 130 1 1 2 2 0
2146858970092106 123740962731712 book_end 1 0 0 0 0 0
2146858970092156 123740962731712 coll_beg 0 0 0 0 0 0
2146858970227481 123740962731712 coll_end 0 0 0 0 0 0
2146858970227521 123740962731712 rel_beg 1 0 0 0 0 0
2146858970227611 123740962731712 absorb 130 0 0 0 0 0
2146858970230151 123740962731712 rel_end 1 0 0 0 0 0
2146858970230261 123740962731712 emit_beg 130 0 0 0 0 0
2146858970231891 123740962731712 dmg 0 1 0 0 1024 768
2146858970231961 123740962731712 enc 129 129 1 -1 -1 0
2146858970257740 123740962731712 emit_end 130 0 0 0 0 0
2146858970257870 123740962731712 wait_beg 0 0 0 0 0 0
2146858965538993 123740976093056 ackslot 129 128 129 128 1 0
2146858965551772 123740976093056 send 18 0 0 128 128 2
2146858965906399 123740976093056 send 153447 0 0 128 128 2
2146858966186759 123740976093056 send 126813 0 0 128 128 2
2146858966190209 123740976093056 send 14 0 0 128 128 2
2146858966190349 123740976093056 egress 129 1 0 128 0 0
2146858966190509 123740976093056 ackregion 129 129 129 128 1 0
2146858966247837 123740976093056 msgin 130 4718592 0 0 0 0
2146858966248037 123740976093056 enq 130 1 0 0 0 0
2146858966792887 123740976093056 cliack 129 0 130 129 0 0
2146858970236351 123740976093056 ackslot 130 129 130 129 1 0
2146858970254361 123740976093056 send 18 0 0 129 129 2
2146858970702864 123740976093056 send 197167 0 0 129 129 2
2146858971088520 123740976093056 send 171905 0 0 129 129 2
2146858971091800 123740976093056 send 14 0 0 129 129 2
2146858971091960 123740976093056 egress 130 1 0 129 0 0
2146858971092040 123740976093056 ackregion 130 130 130 129 1 0
2146858971606151 123740976093056 cliack 130 0 131 130 0 0
2146858981345136 123740962731712 wait_end 0 0 0 0 0 0
2146858981347686 123740962731712 drain_beg 0 0 0 0 0 0
2146858981347936 123740962731712 drain_end 1 0 0 0 0 0
2146858981348116 123740962731712 take 131 0 0 0 0 0
2146858981348656 123740962731712 subm_beg 1 0 0 0 0 0
2146858981349226 123740962731712 submit 131 0 0 0 0 0
2146858981349456 123740962731712 subm_end 1 0 0 0 0 0
2146858981349636 123740962731712 pump_beg 1 0 0 0 0 0
2146858981437263 123740962731712 feedend 130 0 0 0 0 0
2146858981572678 123740962731712 feedend 130 1 0 0 0 0
2146858984498061 123740962731712 outfirst 130 1 65536 0 0 0
2146858984631736 123740962731712 outfirst 130 0 65536 0 0 0
2146858984648845 123740962731712 pump_end 1 2 0 0 0 0
2146858984648995 123740962731712 book_beg 1 0 0 0 0 0
2146858984649305 123740962731712 batch 131 1 1 2 2 0
2146858984649475 123740962731712 book_end 1 0 0 0 0 0
2146858984649635 123740962731712 coll_beg 0 0 0 0 0 0
2146858984752722 123740962731712 coll_end 0 0 0 0 0 0
2146858984753002 123740962731712 rel_beg 1 0 0 0 0 0
2146858984753162 123740962731712 absorb 131 0 0 0 0 0
2146858984755342 123740962731712 rel_end 1 0 0 0 0 0
2146858984755402 123740962731712 emit_beg 131 0 0 0 0 0
2146858984756341 123740962731712 dmg 0 1 0 0 1024 768
2146858984756581 123740962731712 enc 130 130 1 -1 -1 0
2146858984775311 123740962731712 emit_end 131 0 0 0 0 0
2146858984775421 123740962731712 wait_beg 0 0 0 0 0 0
2146858981333576 123740976093056 msgin 131 4718592 0 0 0 0
2146858981334246 123740976093056 enq 131 1 0 0 0 0
2146858984764031 123740976093056 ackslot 131 130 131 130 1 0
2146858984789870 123740976093056 send 18 0 0 130 130 2
2146858985127928 123740976093056 send 143705 0 0 130 130 2
2146858985419117 123740976093056 send 131844 0 0 130 130 2
2146858985422437 123740976093056 send 14 0 0 130 130 2
2146858985422647 123740976093056 egress 131 1 0 130 0 0
2146858985422787 123740976093056 ackregion 131 131 131 130 1 0
2146858985721856 123740976093056 cliack 131 0 132 131 0 0
2146858998156453 123740962731712 wait_end 0 0 0 0 0 0
2146858998158153 123740962731712 drain_beg 0 0 0 0 0 0
2146858998158303 123740962731712 drain_end 1 0 0 0 0 0
2146858998158423 123740962731712 take 132 0 0 0 0 0
2146858998158583 123740962731712 subm_beg 1 0 0 0 0 0
2146858998158763 123740962731712 submit 132 0 0 0 0 0
2146858998158943 123740962731712 subm_end 1 0 0 0 0 0
2146858998158973 123740962731712 pump_beg 1 0 0 0 0 0
2146858998262909 123740962731712 feedend 131 0 0 0 0 0
2146858998302467 123740962731712 feedend 131 1 0 0 0 0
2146859001279669 123740962731712 outfirst 131 1 65536 0 0 0
2146859001769201 123740962731712 outfirst 131 0 65536 0 0 0
2146859001783900 123740962731712 pump_end 1 2 0 0 0 0
2146859001784060 123740962731712 book_beg 1 0 0 0 0 0
2146859001784210 123740962731712 batch 132 1 1 2 2 0
2146859001784240 123740962731712 book_end 1 0 0 0 0 0
2146859001784390 123740962731712 coll_beg 0 0 0 0 0 0
2146859001856668 123740962731712 coll_end 0 0 0 0 0 0
2146859001856838 123740962731712 rel_beg 1 0 0 0 0 0
2146859001856918 123740962731712 absorb 132 0 0 0 0 0
2146859001858648 123740962731712 rel_end 1 0 0 0 0 0
2146859001861638 123740962731712 emit_beg 132 0 0 0 0 0
2146859001862307 123740962731712 dmg 0 1 0 0 1024 768
2146859001862357 123740962731712 enc 131 131 1 -1 -1 0
2146859001878937 123740962731712 emit_end 132 0 0 0 0 0
2146859001879007 123740962731712 wait_beg 0 0 0 0 0 0
2146858998152543 123740976093056 msgin 132 4718592 0 0 0 0
2146858998152823 123740976093056 enq 132 1 0 0 0 0
2146859001865847 123740976093056 ackslot 132 131 132 131 1 0
2146859001882047 123740976093056 send 18 0 0 131 131 2
2146859002274422 123740976093056 send 179134 0 0 131 131 2
2146859002578981 123740976093056 send 139892 0 0 131 131 2
2146859002582291 123740976093056 send 14 0 0 131 131 2
2146859002582561 123740976093056 egress 132 1 0 131 0 0
2146859002582691 123740976093056 ackregion 132 132 132 131 1 0
2146859002934238 123740976093056 cliack 132 0 133 132 0 0
2146859013577080 123740962731712 wait_end 0 0 0 0 0 0
2146859013580320 123740962731712 drain_beg 0 0 0 0 0 0
2146859013580600 123740962731712 drain_end 1 0 0 0 0 0
2146859013580770 123740962731712 take 133 0 0 0 0 0
2146859013580970 123740962731712 subm_beg 1 0 0 0 0 0
2146859013581080 123740962731712 submit 133 0 0 0 0 0
2146859013581290 123740962731712 subm_end 1 0 0 0 0 0
2146859013581310 123740962731712 pump_beg 1 0 0 0 0 0
2146859013675476 123740962731712 feedend 132 0 0 0 0 0
2146859013757103 123740962731712 feedend 132 1 0 0 0 0
2146859013556941 123740976093056 msgin 133 4718592 0 0 0 0
2146859013557271 123740976093056 enq 133 1 0 0 0 0
2146859016679337 123740962731712 outfirst 132 1 65536 0 0 0
2146859016837671 123740962731712 outfirst 132 0 65536 0 0 0
2146859016853430 123740962731712 pump_end 1 2 0 0 0 0
2146859016853550 123740962731712 book_beg 1 0 0 0 0 0
2146859016853830 123740962731712 batch 133 1 1 2 2 0
2146859016854020 123740962731712 book_end 1 0 0 0 0 0
2146859016854190 123740962731712 coll_beg 0 0 0 0 0 0
2146859016950347 123740962731712 coll_end 0 0 0 0 0 0
2146859016950737 123740962731712 rel_beg 1 0 0 0 0 0
2146859016950927 123740962731712 absorb 133 0 0 0 0 0
2146859016953207 123740962731712 rel_end 1 0 0 0 0 0
2146859016953267 123740962731712 emit_beg 133 0 0 0 0 0
2146859016954387 123740962731712 dmg 0 1 0 0 1024 768
2146859016954577 123740962731712 enc 132 132 1 -1 -1 0
2146859016972516 123740962731712 emit_end 133 0 0 0 0 0
2146859016972586 123740962731712 wait_beg 0 0 0 0 0 0
2146859016958687 123740976093056 ackslot 133 132 133 132 1 0
2146859016970526 123740976093056 send 18 0 0 132 132 2
2146859017281135 123740976093056 send 143199 0 0 132 132 2
2146859017564395 123740976093056 send 130404 0 0 132 132 2
2146859017567864 123740976093056 send 14 0 0 132 132 2
2146859017567984 123740976093056 egress 133 1 0 132 0 0
2146859017568264 123740976093056 ackregion 133 133 133 132 1 0
2146859018416054 123740976093056 cliack 133 0 134 133 0 0
2146859029627124 123740962731712 wait_end 0 0 0 0 0 0
2146859029629804 123740962731712 drain_beg 0 0 0 0 0 0
2146859029630094 123740962731712 drain_end 1 0 0 0 0 0
2146859029630264 123740962731712 take 134 0 0 0 0 0
2146859029630454 123740962731712 subm_beg 1 0 0 0 0 0
2146859029630664 123740962731712 submit 134 0 0 0 0 0
2146859029630844 123740962731712 subm_end 1 0 0 0 0 0
2146859029630894 123740962731712 pump_beg 1 0 0 0 0 0
2146859029718151 123740962731712 feedend 133 0 0 0 0 0
2146859029805548 123740962731712 feedend 133 1 0 0 0 0
2146859032652624 123740962731712 outfirst 133 1 65536 0 0 0
2146859032973192 123740962731712 outfirst 133 0 65536 0 0 0
2146859032989472 123740962731712 pump_end 1 2 0 0 0 0
2146859032989722 123740962731712 book_beg 1 0 0 0 0 0
2146859032989912 123740962731712 batch 134 1 1 2 2 0
2146859032989972 123740962731712 book_end 1 0 0 0 0 0
2146859032990152 123740962731712 coll_beg 0 0 0 0 0 0
2146859033096848 123740962731712 coll_end 0 0 0 0 0 0
2146859033097248 123740962731712 rel_beg 1 0 0 0 0 0
2146859033097388 123740962731712 absorb 134 0 0 0 0 0
2146859033099148 123740962731712 rel_end 1 0 0 0 0 0
2146859033099408 123740962731712 emit_beg 134 0 0 0 0 0
2146859033100178 123740962731712 dmg 0 1 0 0 1024 768
2146859033100208 123740962731712 enc 133 133 1 -1 -1 0
2146859033119017 123740962731712 emit_end 134 0 0 0 0 0
2146859033119197 123740962731712 wait_beg 0 0 0 0 0 0
2146859029606295 123740976093056 msgin 134 4718592 0 0 0 0
2146859029606625 123740976093056 enq 134 1 0 0 0 0
2146859033105328 123740976093056 ackslot 134 133 134 133 1 0
2146859033118747 123740976093056 send 18 0 0 133 133 2
2146859033443735 123740976093056 send 151316 0 0 133 133 2
2146859033721835 123740976093056 send 130490 0 0 133 133 2
2146859033725255 123740976093056 send 14 0 0 133 133 2
2146859033725765 123740976093056 egress 134 1 0 133 0 0
2146859033725905 123740976093056 ackregion 134 134 134 133 1 0
2146859034506467 123740976093056 cliack 134 0 135 134 0 0
2146859046263498 123740962731712 wait_end 0 0 0 0 0 0
2146859046267737 123740962731712 drain_beg 0 0 0 0 0 0
2146859046268417 123740962731712 drain_end 1 0 0 0 0 0
2146859046268567 123740962731712 take 135 0 0 0 0 0
2146859046269377 123740962731712 subm_beg 1 0 0 0 0 0
2146859046270357 123740962731712 submit 135 0 0 0 0 0
2146859046270477 123740962731712 subm_end 1 0 0 0 0 0
2146859046270557 123740962731712 pump_beg 1 0 0 0 0 0
2146859046431251 123740962731712 feedend 134 0 0 0 0 0
2146859046455851 123740962731712 feedend 134 1 0 0 0 0
2146859049569237 123740962731712 outfirst 134 1 65536 0 0 0
2146859049936204 123740962731712 outfirst 134 0 65536 0 0 0
2146859049962483 123740962731712 pump_end 1 2 0 0 0 0
2146859049962603 123740962731712 book_beg 1 0 0 0 0 0
2146859049962913 123740962731712 batch 135 1 1 2 2 0
2146859049963083 123740962731712 book_end 1 0 0 0 0 0
2146859049963253 123740962731712 coll_beg 0 0 0 0 0 0
2146859050077068 123740962731712 coll_end 0 0 0 0 0 0
2146859050077348 123740962731712 rel_beg 1 0 0 0 0 0
2146859050077708 123740962731712 absorb 135 0 0 0 0 0
2146859050081328 123740962731712 rel_end 1 0 0 0 0 0
2146859050081358 123740962731712 emit_beg 135 0 0 0 0 0
2146859050082388 123740962731712 dmg 0 1 0 0 1024 768
2146859050082568 123740962731712 enc 134 134 1 -1 -1 0
2146859050100958 123740962731712 emit_end 135 0 0 0 0 0
2146859050100998 123740962731712 wait_beg 0 0 0 0 0 0
2146859046234829 123740976093056 msgin 135 4718592 0 0 0 0
2146859046237078 123740976093056 enq 135 1 0 0 0 0
2146859050109257 123740976093056 ackslot 135 134 135 134 1 0
2146859050137356 123740976093056 send 18 0 0 134 134 2
2146859050725135 123740976093056 send 166022 0 0 134 134 2
2146859051222877 123740976093056 send 143147 0 0 134 134 2
2146859051228256 123740976093056 send 14 0 0 134 134 2
2146859051228616 123740976093056 egress 135 1 0 134 0 0
2146859051228786 123740976093056 ackregion 135 135 135 134 1 0
2146859051652541 123740976093056 cliack 135 0 136 135 0 0
2146859061410365 123740962731712 wait_end 0 0 0 0 0 0
2146859061412935 123740962731712 drain_beg 0 0 0 0 0 0
2146859061417285 123740962731712 drain_end 1 0 0 0 0 0
2146859061417455 123740962731712 take 136 0 0 0 0 0
2146859061417795 123740962731712 subm_beg 1 0 0 0 0 0
2146859061418445 123740962731712 submit 136 0 0 0 0 0
2146859061418685 123740962731712 subm_end 1 0 0 0 0 0
2146859061418735 123740962731712 pump_beg 1 0 0 0 0 0
2146859061558100 123740962731712 feedend 135 0 0 0 0 0
2146859061588788 123740962731712 feedend 135 1 0 0 0 0
2146859064826200 123740962731712 outfirst 135 1 65536 0 0 0
2146859065328882 123740962731712 outfirst 135 0 65536 0 0 0
2146859065374720 123740962731712 pump_end 1 2 0 0 0 0
2146859065374850 123740962731712 book_beg 1 0 0 0 0 0
2146859065375160 123740962731712 batch 136 1 1 2 2 0
2146859065375220 123740962731712 book_end 1 0 0 0 0 0
2146859065375320 123740962731712 coll_beg 0 0 0 0 0 0
2146859065496266 123740962731712 coll_end 0 0 0 0 0 0
2146859065496306 123740962731712 rel_beg 1 0 0 0 0 0
2146859065496596 123740962731712 absorb 136 0 0 0 0 0
2146859065499356 123740962731712 rel_end 1 0 0 0 0 0
2146859065499386 123740962731712 emit_beg 136 0 0 0 0 0
2146859065500046 123740962731712 dmg 0 1 0 0 1024 768
2146859065500106 123740962731712 enc 135 135 1 -1 -1 0
2146859065516545 123740962731712 emit_end 136 0 0 0 0 0
2146859065516595 123740962731712 wait_beg 0 0 0 0 0 0
2146859061388826 123740976093056 msgin 136 4718592 0 0 0 0
2146859061389296 123740976093056 enq 136 1 0 0 0 0
2146859065526025 123740976093056 ackslot 136 135 136 135 1 0
2146859065554184 123740976093056 send 18 0 0 135 135 2
2146859066241869 123740976093056 send 198756 0 0 135 135 2
2146859066650174 123740976093056 send 162498 0 0 135 135 2
2146859066654094 123740976093056 send 14 0 0 135 135 2
2146859066654364 123740976093056 egress 136 1 0 135 0 0
2146859066654494 123740976093056 ackregion 136 136 136 135 1 0
2146859066847997 123740976093056 cliack 136 0 137 136 0 0
2146859077415241 123740962731712 wait_end 0 0 0 0 0 0
2146859077418191 123740962731712 drain_beg 0 0 0 0 0 0
2146859077418471 123740962731712 drain_end 1 0 0 0 0 0
2146859077418671 123740962731712 take 137 0 0 0 0 0
2146859077418971 123740962731712 subm_beg 1 0 0 0 0 0
2146859077419531 123740962731712 submit 137 0 0 0 0 0
2146859077419691 123740962731712 subm_end 1 0 0 0 0 0
2146859077419771 123740962731712 pump_beg 1 0 0 0 0 0
2146859077558576 123740962731712 feedend 136 0 0 0 0 0
2146859077594814 123740962731712 feedend 136 1 0 0 0 0
2146859080339024 123740962731712 outfirst 136 1 65536 0 0 0
2146859080815737 123740962731712 outfirst 136 0 65536 0 0 0
2146859080838486 123740962731712 pump_end 1 2 0 0 0 0
2146859080838556 123740962731712 book_beg 1 0 0 0 0 0
2146859080838786 123740962731712 batch 137 1 1 2 2 0
2146859080838916 123740962731712 book_end 1 0 0 0 0 0
2146859080839126 123740962731712 coll_beg 0 0 0 0 0 0
2146859080930563 123740962731712 coll_end 0 0 0 0 0 0
2146859080931073 123740962731712 rel_beg 1 0 0 0 0 0
2146859080931443 123740962731712 absorb 137 0 0 0 0 0
2146859080934803 123740962731712 rel_end 1 0 0 0 0 0
2146859080934833 123740962731712 emit_beg 137 0 0 0 0 0
2146859080935743 123740962731712 dmg 0 1 0 0 1024 768
2146859080935903 123740962731712 enc 136 136 1 -1 -1 0
2146859080952382 123740962731712 emit_end 137 0 0 0 0 0
2146859080952452 123740962731712 wait_beg 0 0 0 0 0 0
2146859082385240 123740962731712 wait_end 0 0 0 0 0 0
2146859082386860 123740962731712 drain_beg 0 0 0 0 0 0
2146859082387120 123740962731712 drain_end 1 0 0 0 0 0
2146859082387260 123740962731712 take 138 0 0 0 0 0
2146859082387420 123740962731712 subm_beg 1 0 0 0 0 0
2146859082387710 123740962731712 submit 138 0 0 0 0 0
2146859082387740 123740962731712 subm_end 1 0 0 0 0 0
2146859082387770 123740962731712 pump_beg 1 0 0 0 0 0
2146859082462467 123740962731712 feedend 137 0 0 0 0 0
2146859082523425 123740962731712 feedend 137 1 0 0 0 0
2146859085672330 123740962731712 outfirst 137 1 65536 0 0 0
2146859085928380 123740962731712 outfirst 137 0 65536 0 0 0
2146859085945880 123740962731712 pump_end 1 2 0 0 0 0
2146859085945950 123740962731712 book_beg 1 0 0 0 0 0
2146859085946090 123740962731712 batch 138 1 1 2 2 0
2146859085946120 123740962731712 book_end 1 0 0 0 0 0
2146859085946150 123740962731712 coll_beg 0 0 0 0 0 0
2146859086021407 123740962731712 coll_end 0 0 0 0 0 0
2146859086021457 123740962731712 rel_beg 1 0 0 0 0 0
2146859086021537 123740962731712 absorb 138 0 0 0 0 0
2146859086023097 123740962731712 rel_end 1 0 0 0 0 0
2146859086023127 123740962731712 emit_beg 138 0 0 0 0 0
2146859086023717 123740962731712 dmg 0 1 0 0 1024 768
2146859086023767 123740962731712 enc 137 137 1 -1 -1 0
2146859086040106 123740962731712 emit_end 138 0 0 0 0 0
2146859086040146 123740962731712 wait_beg 0 0 0 0 0 0
2146859077394712 123740976093056 msgin 137 4718592 0 0 0 0
2146859077395022 123740976093056 enq 137 1 0 0 0 0
2146859080960172 123740976093056 ackslot 137 136 137 136 1 0
2146859080983751 123740976093056 send 18 0 0 136 136 2
2146859081462983 123740976093056 send 139159 0 0 136 136 2
2146859081856569 123740976093056 send 113381 0 0 136 136 2
2146859081861539 123740976093056 send 14 0 0 136 136 2
2146859081861849 123740976093056 egress 137 1 0 136 0 0
2146859081861989 123740976093056 ackregion 137 137 137 136 1 0
2146859082370290 123740976093056 msgin 138 4718592 0 0 0 0
2146859082370540 123740976093056 enq 138 1 0 0 0 0
2146859082377500 123740976093056 cliack 137 0 138 137 0 0
2146859086036497 123740976093056 ackslot 138 137 138 137 1 0
2146859086057806 123740976093056 send 18 0 0 137 137 2
2146859086688403 123740976093056 send 174360 0 0 137 137 2
2146859087213924 123740976093056 send 147280 0 0 137 137 2
2146859087220583 123740976093056 send 14 0 0 137 137 2
2146859087220923 123740976093056 egress 138 1 0 137 0 0
2146859087226063 123740976093056 ackregion 138 138 138 137 1 0
2146859087329349 123740976093056 cliack 138 0 139 138 0 0
2146859098234242 123740962731712 wait_end 0 0 0 0 0 0
2146859098236751 123740962731712 drain_beg 0 0 0 0 0 0
2146859098237011 123740962731712 drain_end 1 0 0 0 0 0
2146859098237171 123740962731712 take 139 0 0 0 0 0
2146859098237411 123740962731712 subm_beg 1 0 0 0 0 0
2146859098237731 123740962731712 submit 139 0 0 0 0 0
2146859098237861 123740962731712 subm_end 1 0 0 0 0 0
2146859098237911 123740962731712 pump_beg 1 0 0 0 0 0
2146859098384866 123740962731712 feedend 138 0 0 0 0 0
2146859098411975 123740962731712 feedend 138 1 0 0 0 0
2146859101167975 123740962731712 outfirst 138 1 65536 0 0 0
2146859101418545 123740962731712 outfirst 138 0 65536 0 0 0
2146859101427955 123740962731712 pump_end 1 2 0 0 0 0
2146859101428035 123740962731712 book_beg 1 0 0 0 0 0
2146859101428175 123740962731712 batch 139 1 1 2 2 0
2146859101428195 123740962731712 book_end 1 0 0 0 0 0
2146859101428295 123740962731712 coll_beg 0 0 0 0 0 0
2146859101484723 123740962731712 coll_end 0 0 0 0 0 0
2146859101484753 123740962731712 rel_beg 1 0 0 0 0 0
2146859101485033 123740962731712 absorb 139 0 0 0 0 0
2146859101487933 123740962731712 rel_end 1 0 0 0 0 0
2146859101487963 123740962731712 emit_beg 139 0 0 0 0 0
2146859101488473 123740962731712 dmg 0 1 0 0 1024 768
2146859101488503 123740962731712 enc 138 138 1 -1 -1 0
2146859101501592 123740962731712 emit_end 139 0 0 0 0 0
2146859101501622 123740962731712 wait_beg 0 0 0 0 0 0
2146859098209602 123740976093056 msgin 139 4718592 0 0 0 0
2146859098209902 123740976093056 enq 139 1 0 0 0 0
2146859101498362 123740976093056 ackslot 139 138 139 138 1 0
2146859101510272 123740976093056 send 18 0 0 138 138 2
2146859101816471 123740976093056 send 136237 0 0 138 138 2
2146859102069672 123740976093056 send 111855 0 0 138 138 2
2146859102072981 123740976093056 send 14 0 0 138 138 2
2146859102073161 123740976093056 egress 139 1 0 138 0 0
2146859102073191 123740976093056 ackregion 139 139 139 138 1 0
2146859102369711 123740976093056 cliack 139 0 140 139 0 0
2146859113894460 123740962731712 wait_end 0 0 0 0 0 0
2146859113898360 123740962731712 drain_beg 0 0 0 0 0 0
2146859113898750 123740962731712 drain_end 1 0 0 0 0 0
2146859113898910 123740962731712 take 140 0 0 0 0 0
2146859113899450 123740962731712 subm_beg 1 0 0 0 0 0
2146859113899820 123740962731712 submit 140 0 0 0 0 0
2146859113899970 123740962731712 subm_end 1 0 0 0 0 0
2146859113900030 123740962731712 pump_beg 1 0 0 0 0 0
2146859114036895 123740962731712 feedend 139 0 0 0 0 0
2146859114086103 123740962731712 feedend 139 1 0 0 0 0
2146859113866311 123740976093056 msgin 140 4718592 0 0 0 0
2146859113867481 123740976093056 enq 140 1 0 0 0 0
2146859116866862 123740962731712 outfirst 139 1 65536 0 0 0
2146859117011487 123740962731712 outfirst 139 0 65536 0 0 0
2146859117022196 123740962731712 pump_end 1 2 0 0 0 0
2146859117022366 123740962731712 book_beg 1 0 0 0 0 0
2146859117022556 123740962731712 batch 140 1 1 2 2 0
2146859117022686 123740962731712 book_end 1 0 0 0 0 0
2146859117022846 123740962731712 coll_beg 0 0 0 0 0 0
2146859117104603 123740962731712 coll_end 0 0 0 0 0 0
2146859117104783 123740962731712 rel_beg 1 0 0 0 0 0
2146859117105133 123740962731712 absorb 140 0 0 0 0 0
2146859117108603 123740962731712 rel_end 1 0 0 0 0 0
2146859117108753 123740962731712 emit_beg 140 0 0 0 0 0
2146859117109923 123740962731712 dmg 0 1 0 0 1024 768
2146859117109983 123740962731712 enc 139 139 1 -1 -1 0
2146859117125202 123740962731712 emit_end 140 0 0 0 0 0
2146859117125352 123740962731712 wait_beg 0 0 0 0 0 0
2146859117120923 123740976093056 ackslot 140 139 140 139 1 0
2146859117134252 123740976093056 send 18 0 0 139 139 2
2146859117414432 123740976093056 send 125432 0 0 139 139 2
2146859117639254 123740976093056 send 102656 0 0 139 139 2
2146859117642493 123740976093056 send 14 0 0 139 139 2
2146859117642753 123740976093056 egress 140 1 0 139 0 0
2146859117643073 123740976093056 ackregion 140 140 140 139 1 0
2146859118000930 123740976093056 cliack 140 0 141 140 0 0
2146859129900146 123740962731712 wait_end 0 0 0 0 0 0
2146859129903206 123740962731712 drain_beg 0 0 0 0 0 0
2146859129903566 123740962731712 drain_end 1 0 0 0 0 0
2146859129903736 123740962731712 take 141 0 0 0 0 0
2146859129904266 123740962731712 subm_beg 1 0 0 0 0 0
2146859129905786 123740962731712 submit 141 0 0 0 0 0
2146859129905906 123740962731712 subm_end 1 0 0 0 0 0
2146859129906056 123740962731712 pump_beg 1 0 0 0 0 0
2146859130044511 123740962731712 feedend 140 0 0 0 0 0
2146859130052711 123740962731712 feedend 140 1 0 0 0 0
2146859133065491 123740962731712 outfirst 140 1 65536 0 0 0
2146859133380629 123740962731712 outfirst 140 0 65536 0 0 0
2146859133403548 123740962731712 pump_end 1 2 0 0 0 0
2146859133403648 123740962731712 book_beg 1 0 0 0 0 0
2146859133403908 123740962731712 batch 141 1 1 2 2 0
2146859133404028 123740962731712 book_end 1 0 0 0 0 0
2146859133404078 123740962731712 coll_beg 0 0 0 0 0 0
2146859133502675 123740962731712 coll_end 0 0 0 0 0 0
2146859133502715 123740962731712 rel_beg 1 0 0 0 0 0
2146859133502985 123740962731712 absorb 141 0 0 0 0 0
2146859133506495 123740962731712 rel_end 1 0 0 0 0 0
2146859133506555 123740962731712 emit_beg 141 0 0 0 0 0
2146859133507445 123740962731712 dmg 0 1 0 0 1024 768
2146859133507475 123740962731712 enc 140 140 1 -1 -1 0
2146859133526874 123740962731712 emit_end 141 0 0 0 0 0
2146859133526934 123740962731712 wait_beg 0 0 0 0 0 0
2146859129886527 123740976093056 msgin 141 4718592 0 0 0 0
2146859129888287 123740976093056 enq 141 1 0 0 0 0
2146859133521314 123740976093056 ackslot 141 140 141 140 1 0
2146859133541753 123740976093056 send 18 0 0 140 140 2
2146859134091843 123740976093056 send 158685 0 0 140 140 2
2146859134469900 123740976093056 send 129187 0 0 140 140 2
2146859134473179 123740976093056 send 14 0 0 140 140 2
2146859134473309 123740976093056 egress 141 1 0 140 0 0
2146859134473389 123740976093056 ackregion 141 141 141 140 1 0
2146859134797368 123740976093056 cliack 141 0 142 141 0 0
2146859145706400 123740962731712 wait_end 0 0 0 0 0 0
2146859145709239 123740962731712 drain_beg 0 0 0 0 0 0
2146859145709549 123740962731712 drain_end 1 0 0 0 0 0
2146859145709669 123740962731712 take 142 0 0 0 0 0
2146859145710279 123740962731712 subm_beg 1 0 0 0 0 0
2146859145711209 123740962731712 submit 142 0 0 0 0 0
2146859145711329 123740962731712 subm_end 1 0 0 0 0 0
2146859145711359 123740962731712 pump_beg 1 0 0 0 0 0
2146859145813346 123740962731712 feedend 141 0 0 0 0 0
2146859145843395 123740962731712 feedend 141 1 0 0 0 0
2146859145693880 123740976093056 msgin 142 4718592 0 0 0 0
2146859145694820 123740976093056 enq 142 1 0 0 0 0
2146859148980860 123740962731712 outfirst 141 1 65536 0 0 0
2146859149377636 123740962731712 outfirst 141 0 65536 0 0 0
2146859149408245 123740962731712 pump_end 1 2 0 0 0 0
2146859149408515 123740962731712 book_beg 1 0 0 0 0 0
2146859149408855 123740962731712 batch 142 1 1 2 2 0
2146859149408905 123740962731712 book_end 1 0 0 0 0 0
2146859149409085 123740962731712 coll_beg 0 0 0 0 0 0
2146859149535160 123740962731712 coll_end 0 0 0 0 0 0
2146859149535200 123740962731712 rel_beg 1 0 0 0 0 0
2146859149535500 123740962731712 absorb 142 0 0 0 0 0
2146859149539100 123740962731712 rel_end 1 0 0 0 0 0
2146859149539160 123740962731712 emit_beg 142 0 0 0 0 0
2146859149539740 123740962731712 dmg 0 1 0 0 1024 768
2146859149539790 123740962731712 enc 141 141 1 -1 -1 0
2146859149561849 123740962731712 emit_end 142 0 0 0 0 0
2146859149561919 123740962731712 wait_beg 0 0 0 0 0 0
2146859149550929 123740976093056 ackslot 142 141 142 141 1 0
2146859149566809 123740976093056 send 18 0 0 141 141 2
2146859149983514 123740976093056 send 184942 0 0 141 141 2
2146859150358050 123740976093056 send 158637 0 0 141 141 2
2146859150361650 123740976093056 send 14 0 0 141 141 2
2146859150361860 123740976093056 egress 142 1 0 141 0 0
2146859150361980 123740976093056 ackregion 142 142 142 141 1 0
2146859150994937 123740976093056 cliack 142 0 143 142 0 0
2146859162323243 123740962731712 wait_end 0 0 0 0 0 0
2146859162328123 123740962731712 drain_beg 0 0 0 0 0 0
2146859162328793 123740962731712 drain_end 1 0 0 0 0 0
2146859162329443 123740962731712 take 143 0 0 0 0 0
2146859162330393 123740962731712 subm_beg 1 0 0 0 0 0
2146859162331403 123740962731712 submit 143 0 0 0 0 0
2146859162331613 123740962731712 subm_end 1 0 0 0 0 0
2146859162331733 123740962731712 pump_beg 1 0 0 0 0 0
2146859162502627 123740962731712 feedend 142 0 0 0 0 0
2146859162532926 123740962731712 feedend 142 1 0 0 0 0
2146859165614493 123740962731712 outfirst 142 1 65536 0 0 0
2146859166088156 123740962731712 outfirst 142 0 65536 0 0 0
2146859166116855 123740962731712 pump_end 1 2 0 0 0 0
2146859166116935 123740962731712 book_beg 1 0 0 0 0 0
2146859166117125 123740962731712 batch 143 1 1 2 2 0
2146859166117285 123740962731712 book_end 1 0 0 0 0 0
2146859166117455 123740962731712 coll_beg 0 0 0 0 0 0
2146859166233141 123740962731712 coll_end 0 0 0 0 0 0
2146859166233421 123740962731712 rel_beg 1 0 0 0 0 0
2146859166233781 123740962731712 absorb 143 0 0 0 0 0
2146859166237371 123740962731712 rel_end 1 0 0 0 0 0
2146859166237431 123740962731712 emit_beg 143 0 0 0 0 0
2146859166238620 123740962731712 dmg 0 1 0 0 1024 768
2146859166238680 123740962731712 enc 142 142 1 -1 -1 0
2146859166259240 123740962731712 emit_end 143 0 0 0 0 0
2146859166259310 123740962731712 wait_beg 0 0 0 0 0 0
2146859162305754 123740976093056 msgin 143 4718592 0 0 0 0
2146859162306094 123740976093056 enq 143 1 0 0 0 0
2146859166264200 123740976093056 ackslot 143 142 143 142 1 0
2146859166289459 123740976093056 send 18 0 0 142 142 2
2146859166912886 123740976093056 send 176986 0 0 142 142 2
2146859167431427 123740976093056 send 145849 0 0 142 142 2
2146859167436977 123740976093056 send 14 0 0 142 142 2
2146859167437257 123740976093056 egress 143 1 0 142 0 0
2146859167437507 123740976093056 ackregion 143 143 143 142 1 0
2146859167517424 123740976093056 cliack 143 0 144 143 0 0
2146859177740731 123740962731712 wait_end 0 0 0 0 0 0
2146859177744571 123740962731712 drain_beg 0 0 0 0 0 0
2146859177744891 123740962731712 drain_end 1 0 0 0 0 0
2146859177745091 123740962731712 take 144 0 0 0 0 0
2146859177745681 123740962731712 subm_beg 1 0 0 0 0 0
2146859177746851 123740962731712 submit 144 0 0 0 0 0
2146859177746901 123740962731712 subm_end 1 0 0 0 0 0
2146859177746931 123740962731712 pump_beg 1 0 0 0 0 0
2146859177898095 123740962731712 feedend 143 0 0 0 0 0
2146859177937024 123740962731712 feedend 143 1 0 0 0 0
2146859180697573 123740962731712 outfirst 143 1 65536 0 0 0
2146859181072309 123740962731712 outfirst 143 0 65536 0 0 0
2146859181110048 123740962731712 pump_end 1 2 0 0 0 0
2146859181110208 123740962731712 book_beg 1 0 0 0 0 0
2146859181110398 123740962731712 batch 144 1 1 2 2 0
2146859181110428 123740962731712 book_end 1 0 0 0 0 0
2146859181110668 123740962731712 coll_beg 0 0 0 0 0 0
2146859181204075 123740962731712 coll_end 0 0 0 0 0 0
2146859181204335 123740962731712 rel_beg 1 0 0 0 0 0
2146859181204915 123740962731712 absorb 144 0 0 0 0 0
2146859181209204 123740962731712 rel_end 1 0 0 0 0 0
2146859181209374 123740962731712 emit_beg 144 0 0 0 0 0
2146859181210444 123740962731712 dmg 0 1 0 0 1024 768
2146859181210504 123740962731712 enc 143 143 1 -1 -1 0
2146859181226924 123740962731712 emit_end 144 0 0 0 0 0
2146859181227114 123740962731712 wait_beg 0 0 0 0 0 0
2146859177726231 123740976093056 msgin 144 4718592 0 0 0 0
2146859177726581 123740976093056 enq 144 1 0 0 0 0
2146859181234113 123740976093056 ackslot 144 143 144 143 1 0
2146859181254333 123740976093056 send 18 0 0 143 143 2
2146859181747745 123740976093056 send 138493 0 0 143 143 2
2146859182145490 123740976093056 send 111757 0 0 143 143 2
2146859182150680 123740976093056 send 14 0 0 143 143 2
2146859182151030 123740976093056 egress 144 1 0 143 0 0
2146859182151060 123740976093056 ackregion 144 144 144 143 1 0
2146859182221247 123740976093056 cliack 144 0 145 144 0 0
2146859193556024 123740962731712 wait_end 0 0 0 0 0 0
2146859193558114 123740962731712 drain_beg 0 0 0 0 0 0
2146859193558594 123740962731712 drain_end 1 0 0 0 0 0
2146859193558754 123740962731712 take 145 0 0 0 0 0
2146859193559074 123740962731712 subm_beg 1 0 0 0 0 0
2146859193559674 123740962731712 submit 145 0 0 0 0 0
2146859193559914 123740962731712 subm_end 1 0 0 0 0 0
2146859193559934 123740962731712 pump_beg 1 0 0 0 0 0
2146859193696579 123740962731712 feedend 144 0 0 0 0 0
2146859193700729 123740962731712 feedend 144 1 0 0 0 0
2146859196474527 123740962731712 outfirst 144 1 65536 0 0 0
2146859193545084 123740976093056 msgin 145 4718592 0 0 0 0
2146859193545894 123740976093056 enq 145 1 0 0 0 0
2146859196939570 123740962731712 outfirst 144 0 65536 0 0 0
2146859196958010 123740962731712 pump_end 1 2 0 0 0 0
2146859196958070 123740962731712 book_beg 1 0 0 0 0 0
2146859196958300 123740962731712 batch 145 1 1 2 2 0
2146859196958450 123740962731712 book_end 1 0 0 0 0 0
2146859196958630 123740962731712 coll_beg 0 0 0 0 0 0
2146859197043247 123740962731712 coll_end 0 0 0 0 0 0
2146859197043737 123740962731712 rel_beg 1 0 0 0 0 0
2146859197044057 123740962731712 absorb 145 0 0 0 0 0
2146859197047647 123740962731712 rel_end 1 0 0 0 0 0
2146859197047727 123740962731712 emit_beg 145 0 0 0 0 0
2146859197049076 123740962731712 dmg 0 1 0 0 1024 768
2146859197049266 123740962731712 enc 144 144 1 -1 -1 0
2146859197068696 123740962731712 emit_end 145 0 0 0 0 0
2146859197068796 123740962731712 wait_beg 0 0 0 0 0 0
2146859197074816 123740976093056 ackslot 145 144 145 144 1 0
2146859197095065 123740976093056 send 18 0 0 144 144 2
2146859197586327 123740976093056 send 139019 0 0 144 144 2
2146859197973983 123740976093056 send 111539 0 0 144 144 2
2146859197979253 123740976093056 send 14 0 0 144 144 2
2146859197979572 123740976093056 egress 145 1 0 144 0 0
2146859197979632 123740976093056 ackregion 145 145 145 144 1 0
2146859198060520 123740976093056 cliack 145 0 146 145 0 0
2146859210451348 123740962731712 wait_end 0 0 0 0 0 0
2146859210453937 123740962731712 drain_beg 0 0 0 0 0 0
2146859210454167 123740962731712 drain_end 1 0 0 0 0 0
2146859210454287 123740962731712 take 146 0 0 0 0 0
2146859210454707 123740962731712 subm_beg 1 0 0 0 0 0
2146859210455147 123740962731712 submit 146 0 0 0 0 0
2146859210455407 123740962731712 subm_end 1 0 0 0 0 0
2146859210455457 123740962731712 pump_beg 1 0 0 0 0 0
2146859210599362 123740962731712 feedend 145 0 0 0 0 0
2146859210612992 123740962731712 feedend 145 1 0 0 0 0
2146859214016617 123740962731712 outfirst 145 1 65536 0 0 0
2146859214405973 123740962731712 outfirst 145 0 65536 0 0 0
2146859214436042 123740962731712 pump_end 1 2 0 0 0 0
2146859214436322 123740962731712 book_beg 1 0 0 0 0 0
2146859214436542 123740962731712 batch 146 1 1 2 2 0
2146859214436602 123740962731712 book_end 1 0 0 0 0 0
2146859214436802 123740962731712 coll_beg 0 0 0 0 0 0
2146859214585767 123740962731712 coll_end 0 0 0 0 0 0
2146859214586047 123740962731712 rel_beg 1 0 0 0 0 0
2146859214586397 123740962731712 absorb 146 0 0 0 0 0
2146859214590127 123740962731712 rel_end 1 0 0 0 0 0
2146859214590177 123740962731712 emit_beg 146 0 0 0 0 0
2146859214591117 123740962731712 dmg 0 1 0 0 1024 768
2146859214591207 123740962731712 enc 145 145 1 -1 -1 0
2146859214616076 123740962731712 emit_end 146 0 0 0 0 0
2146859214616146 123740962731712 wait_beg 0 0 0 0 0 0
2146859210428858 123740976093056 msgin 146 4718592 0 0 0 0
2146859210429128 123740976093056 enq 146 1 0 0 0 0
2146859214617466 123740976093056 ackslot 146 145 146 145 1 0
2146859214638565 123740976093056 send 18 0 0 145 145 2
2146859215344989 123740976093056 send 201855 0 0 145 145 2
2146859215753054 123740976093056 send 180016 0 0 145 145 2
2146859215756324 123740976093056 send 14 0 0 145 145 2
2146859215756634 123740976093056 egress 146 1 0 145 0 0
2146859215756784 123740976093056 ackregion 146 146 146 145 1 0
2146859216216667 123740976093056 cliack 146 0 147 146 0 0
2146859225396782 123740962731712 wait_end 0 0 0 0 0 0
2146859225399492 123740962731712 drain_beg 0 0 0 0 0 0
2146859225399862 123740962731712 drain_end 1 0 0 0 0 0
2146859225400032 123740962731712 take 147 0 0 0 0 0
2146859225400462 123740962731712 subm_beg 1 0 0 0 0 0
2146859225400832 123740962731712 submit 147 0 0 0 0 0
2146859225400942 123740962731712 subm_end 1 0 0 0 0 0
2146859225400982 123740962731712 pump_beg 1 0 0 0 0 0
2146859225548637 123740962731712 feedend 146 0 0 0 0 0
2146859225554187 123740962731712 feedend 146 1 0 0 0 0
2146859225374223 123740976093056 msgin 147 4718592 0 0 0 0
2146859225374673 123740976093056 enq 147 1 0 0 0 0
2146859228278117 123740962731712 outfirst 146 1 65536 0 0 0
2146859228662613 123740962731712 outfirst 146 0 65536 0 0 0
2146859228684602 123740962731712 pump_end 1 2 0 0 0 0
2146859228684872 123740962731712 book_beg 1 0 0 0 0 0
2146859228685042 123740962731712 batch 147 1 1 2 2 0
2146859228685202 123740962731712 book_end 1 0 0 0 0 0
2146859228685352 123740962731712 coll_beg 0 0 0 0 0 0
2146859228776879 123740962731712 coll_end 0 0 0 0 0 0
2146859228777169 123740962731712 rel_beg 1 0 0 0 0 0
2146859228777519 123740962731712 absorb 147 0 0 0 0 0
2146859228780859 123740962731712 rel_end 1 0 0 0 0 0
2146859228780909 123740962731712 emit_beg 147 0 0 0 0 0
2146859228781869 123740962731712 dmg 0 1 0 0 1024 768
2146859228782039 123740962731712 enc 146 146 1 -1 -1 0
2146859228796918 123740962731712 emit_end 147 0 0 0 0 0
2146859228796978 123740962731712 wait_beg 0 0 0 0 0 0
2146859228805438 123740976093056 ackslot 147 146 147 146 1 0
2146859228836897 123740976093056 send 18 0 0 146 146 2
2146859229289030 123740976093056 send 126489 0 0 146 146 2
2146859229621188 123740976093056 send 104932 0 0 146 146 2
2146859229624338 123740976093056 send 14 0 0 146 146 2
2146859229624508 123740976093056 egress 147 1 0 146 0 0
2146859229624538 123740976093056 ackregion 147 147 147 146 1 0
2146859230170668 123740976093056 cliack 147 0 148 147 0 0
2146859241995047 123740962731712 wait_end 0 0 0 0 0 0
2146859241998267 123740962731712 drain_beg 0 0 0 0 0 0
2146859241998617 123740962731712 drain_end 1 0 0 0 0 0
2146859241998737 123740962731712 take 148 0 0 0 0 0
2146859241998987 123740962731712 subm_beg 1 0 0 0 0 0
2146859242003546 123740962731712 submit 148 0 0 0 0 0
2146859242003596 123740962731712 subm_end 1 0 0 0 0 0
2146859242003676 123740962731712 pump_beg 1 0 0 0 0 0
2146859242236908 123740962731712 feedend 147 0 0 0 0 0
2146859242240818 123740962731712 feedend 147 1 0 0 0 0
2146859244990097 123740962731712 outfirst 147 1 65536 0 0 0
2146859245884805 123740962731712 outfirst 147 0 65536 0 0 0
2146859245910954 123740962731712 pump_end 1 2 0 0 0 0
2146859245911534 123740962731712 book_beg 1 0 0 0 0 0
2146859245913244 123740962731712 batch 148 1 1 2 2 0
2146859245913294 123740962731712 book_end 1 0 0 0 0 0
2146859245913464 123740962731712 coll_beg 0 0 0 0 0 0
2146859246042879 123740962731712 coll_end 0 0 0 0 0 0
2146859246043069 123740962731712 rel_beg 1 0 0 0 0 0
2146859246043919 123740962731712 absorb 148 0 0 0 0 0
2146859246053339 123740962731712 rel_end 1 0 0 0 0 0
2146859246053519 123740962731712 emit_beg 148 0 0 0 0 0
2146859246057478 123740962731712 dmg 0 1 0 0 1024 768
2146859246057778 123740962731712 enc 147 147 1 -1 -1 0
2146859246083688 123740962731712 emit_end 148 0 0 0 0 0
2146859246083848 123740962731712 wait_beg 0 0 0 0 0 0
2146859241971598 123740976093056 msgin 148 4718592 0 0 0 0
2146859241971848 123740976093056 enq 148 1 0 0 0 0
2146859246096707 123740976093056 ackslot 148 147 148 147 1 0
2146859246276691 123740976093056 send 18 0 0 147 147 2
2146859246744334 123740976093056 send 144560 0 0 147 147 2
2146859246992484 123740976093056 send 107136 0 0 147 147 2
2146859246996294 123740976093056 send 14 0 0 147 147 2
2146859246996724 123740976093056 egress 148 1 0 147 0 0
2146859246997124 123740976093056 ackregion 148 148 148 147 1 0
2146859247711908 123740976093056 cliack 148 0 149 148 0 0
2146859257672235 123740962731712 wait_end 0 0 0 0 0 0
2146859257673815 123740962731712 drain_beg 0 0 0 0 0 0
2146859257674185 123740962731712 drain_end 1 0 0 0 0 0
2146859257674315 123740962731712 take 149 0 0 0 0 0
2146859257674705 123740962731712 subm_beg 1 0 0 0 0 0
2146859257675275 123740962731712 submit 149 0 0 0 0 0
2146859257678195 123740962731712 subm_end 1 0 0 0 0 0
2146859257678255 123740962731712 pump_beg 1 0 0 0 0 0
2146859257824789 123740962731712 feedend 148 0 0 0 0 0
2146859257828599 123740962731712 feedend 148 1 0 0 0 0
2146859261543734 123740962731712 outfirst 148 1 65536 0 0 0
2146859262301616 123740962731712 outfirst 148 0 65536 0 0 0
2146859262342164 123740962731712 pump_end 1 2 0 0 0 0
2146859262342744 123740962731712 book_beg 1 0 0 0 0 0
2146859262344304 123740962731712 batch 149 1 1 2 2 0
2146859262344464 123740962731712 book_end 1 0 0 0 0 0
2146859262344564 123740962731712 coll_beg 0 0 0 0 0 0
2146859262461930 123740962731712 coll_end 0 0 0 0 0 0
2146859262461980 123740962731712 rel_beg 1 0 0 0 0 0
2146859262462760 123740962731712 absorb 149 0 0 0 0 0
2146859262471540 123740962731712 rel_end 1 0 0 0 0 0
2146859262471620 123740962731712 emit_beg 149 0 0 0 0 0
2146859262475110 123740962731712 dmg 0 1 0 0 1024 768
2146859262475360 123740962731712 enc 148 148 1 -1 -1 0
2146859262504488 123740962731712 emit_end 149 0 0 0 0 0
2146859262504578 123740962731712 wait_beg 0 0 0 0 0 0
2146859257663175 123740976093056 msgin 149 4718592 0 0 0 0
2146859257663405 123740976093056 enq 149 1 0 0 0 0
2146859262516398 123740976093056 ackslot 149 148 149 148 1 0
2146859262673822 123740976093056 send 18 0 0 148 148 2
2146859263457974 123740976093056 send 218648 0 0 148 148 2
2146859263924147 123740976093056 send 202229 0 0 148 148 2
2146859263927727 123740976093056 send 14 0 0 148 148 2
2146859263928097 123740976093056 egress 149 1 0 148 0 0
2146859263928357 123740976093056 ackregion 149 149 149 148 1 0
2146859264568033 123740976093056 cliack 149 0 150 149 0 0
2146859274185802 123740962731712 wait_end 0 0 0 0 0 0
2146859274188602 123740962731712 drain_beg 0 0 0 0 0 0
2146859274188902 123740962731712 drain_end 1 0 0 0 0 0
2146859274189092 123740962731712 take 150 0 0 0 0 0
2146859274189302 123740962731712 subm_beg 1 0 0 0 0 0
2146859274189692 123740962731712 submit 150 0 0 0 0 0
2146859274189852 123740962731712 subm_end 1 0 0 0 0 0
2146859274189902 123740962731712 pump_beg 1 0 0 0 0 0
2146859274342707 123740962731712 feedend 149 0 0 0 0 0
2146859274354326 123740962731712 feedend 149 1 0 0 0 0
2146859277349367 123740962731712 outfirst 149 1 65536 0 0 0
2146859274161953 123740976093056 msgin 150 4718592 0 0 0 0
2146859274162493 123740976093056 enq 150 1 0 0 0 0
2146859277943805 123740962731712 outfirst 149 0 65536 0 0 0
2146859277985664 123740962731712 pump_end 1 2 0 0 0 0
2146859277985874 123740962731712 book_beg 1 0 0 0 0 0
2146859277986114 123740962731712 batch 150 1 1 2 2 0
2146859277986194 123740962731712 book_end 1 0 0 0 0 0
2146859277986404 123740962731712 coll_beg 0 0 0 0 0 0
2146859278092310 123740962731712 coll_end 0 0 0 0 0 0
2146859278092590 123740962731712 rel_beg 1 0 0 0 0 0
2146859278092940 123740962731712 absorb 150 0 0 0 0 0
2146859278096580 123740962731712 rel_end 1 0 0 0 0 0
2146859278096760 123740962731712 emit_beg 150 0 0 0 0 0
2146859278097840 123740962731712 dmg 0 1 0 0 1024 768
2146859278097910 123740962731712 enc 149 149 1 -1 -1 0
2146859278116369 123740962731712 emit_end 150 0 0 0 0 0
2146859278116539 123740962731712 wait_beg 0 0 0 0 0 0
2146859278122639 123740976093056 ackslot 150 149 150 149 1 0
2146859278155877 123740976093056 send 18 0 0 149 149 2
2146859278700988 123740976093056 send 152978 0 0 149 149 2
2146859279156861 123740976093056 send 126459 0 0 149 149 2
2146859279161981 123740976093056 send 14 0 0 149 149 2
2146859279162351 123740976093056 egress 150 1 0 149 0 0
2146859279162511 123740976093056 ackregion 150 150 150 149 1 0
2146859279660783 123740976093056 cliack 150 0 151 150 0 0
2146859289781773 123740962731712 wait_end 0 0 0 0 0 0
2146859289784923 123740962731712 drain_beg 0 0 0 0 0 0
2146859289785393 123740962731712 drain_end 1 0 0 0 0 0
2146859289785563 123740962731712 take 151 0 0 0 0 0
2146859289785913 123740962731712 subm_beg 1 0 0 0 0 0
2146859289786453 123740962731712 submit 151 0 0 0 0 0
2146859289786603 123740962731712 subm_end 1 0 0 0 0 0
2146859289786663 123740962731712 pump_beg 1 0 0 0 0 0
2146859289940358 123740962731712 feedend 150 0 0 0 0 0
2146859289956197 123740962731712 feedend 150 1 0 0 0 0
2146859292867031 123740962731712 outfirst 150 1 65536 0 0 0
2146859293347313 123740962731712 outfirst 150 0 65536 0 0 0
2146859293367212 123740962731712 pump_end 1 2 0 0 0 0
2146859293367292 123740962731712 book_beg 1 0 0 0 0 0
2146859293367472 123740962731712 batch 151 1 1 2 2 0
2146859293367612 123740962731712 book_end 1 0 0 0 0 0
2146859293367782 123740962731712 coll_beg 0 0 0 0 0 0
2146859293472129 123740962731712 coll_end 0 0 0 0 0 0
2146859293472389 123740962731712 rel_beg 1 0 0 0 0 0
2146859293472739 123740962731712 absorb 151 0 0 0 0 0
2146859293476419 123740962731712 rel_end 1 0 0 0 0 0
2146859293476479 123740962731712 emit_beg 151 0 0 0 0 0
2146859293477458 123740962731712 dmg 0 1 0 0 1024 768
2146859293477618 123740962731712 enc 150 150 1 -1 -1 0
2146859293497058 123740962731712 emit_end 151 0 0 0 0 0
2146859293497138 123740962731712 wait_beg 0 0 0 0 0 0
2146859289759204 123740976093056 msgin 151 4718592 0 0 0 0
2146859289759714 123740976093056 enq 151 1 0 0 0 0
2146859293490468 123740976093056 ackslot 151 150 151 150 1 0
2146859293515037 123740976093056 send 18 0 0 150 150 2
2146859294105846 123740976093056 send 163925 0 0 150 150 2
2146859294504941 123740976093056 send 131033 0 0 150 150 2
2146859294508221 123740976093056 send 14 0 0 150 150 2
2146859294508421 123740976093056 egress 151 1 0 150 0 0
2146859294508551 123740976093056 ackregion 151 151 151 150 1 0
2146859294870048 123740976093056 cliack 151 0 152 151 0 0
2146859305441172 123740962731712 wait_end 0 0 0 0 0 0
2146859305444052 123740962731712 drain_beg 0 0 0 0 0 0
2146859305444482 123740962731712 drain_end 1 0 0 0 0 0
2146859305444652 123740962731712 take 152 0 0 0 0 0
2146859305445362 123740962731712 subm_beg 1 0 0 0 0 0
2146859305446242 123740962731712 submit 152 0 0 0 0 0
2146859305446392 123740962731712 subm_end 1 0 0 0 0 0
2146859305446442 123740962731712 pump_beg 1 0 0 0 0 0
2146859305595846 123740962731712 feedend 151 0 0 0 0 0
2146859305611036 123740962731712 feedend 151 1 0 0 0 0
2146859305427413 123740976093056 msgin 152 4718592 0 0 0 0
2146859305427723 123740976093056 enq 152 1 0 0 0 0
2146859308340106 123740962731712 outfirst 151 1 65536 0 0 0
2146859308880677 123740962731712 outfirst 151 0 65536 0 0 0
2146859308900156 123740962731712 pump_end 1 2 0 0 0 0
2146859308906576 123740962731712 book_beg 1 0 0 0 0 0
2146859308906786 123740962731712 batch 152 1 1 2 2 0
2146859308906896 123740962731712 book_end 1 0 0 0 0 0
2146859308906936 123740962731712 coll_beg 0 0 0 0 0 0
2146859308966793 123740962731712 coll_end 0 0 0 0 0 0
2146859308966833 123740962731712 rel_beg 1 0 0 0 0 0
2146859308967123 123740962731712 absorb 152 0 0 0 0 0
2146859308969993 123740962731712 rel_end 1 0 0 0 0 0
2146859308970033 123740962731712 emit_beg 152 0 0 0 0 0
2146859308970803 123740962731712 dmg 0 1 0 0 1024 768
2146859308970893 123740962731712 enc 151 151 1 -1 -1 0
2146859308984193 123740962731712 emit_end 152 0 0 0 0 0
2146859308984233 123740962731712 wait_beg 0 0 0 0 0 0
2146859308995862 123740976093056 ackslot 152 151 152 151 1 0
2146859309024971 123740976093056 send 18 0 0 151 151 2
2146859309526553 123740976093056 send 143612 0 0 151 151 2
2146859309932988 123740976093056 send 115697 0 0 151 151 2
2146859309938448 123740976093056 send 14 0 0 151 151 2
2146859309938788 123740976093056 egress 152 1 0 151 0 0
2146859309939038 123740976093056 ackregion 152 152 152 151 1 0
2146859310024225 123740976093056 cliack 152 0 153 152 0 0
2146859322228310 123740962731712 wait_end 0 0 0 0 0 0
2146859322231979 123740962731712 drain_beg 0 0 0 0 0 0
2146859322232529 123740962731712 drain_end 1 0 0 0 0 0
2146859322232699 123740962731712 take 153 0 0 0 0 0
2146859322233529 123740962731712 subm_beg 1 0 0 0 0 0
2146859322234699 123740962731712 submit 153 0 0 0 0 0
2146859322234849 123740962731712 subm_end 1 0 0 0 0 0
2146859322234899 123740962731712 pump_beg 1 0 0 0 0 0
2146859322382594 123740962731712 feedend 152 0 0 0 0 0
2146859322417963 123740962731712 feedend 152 1 0 0 0 0
2146859325431073 123740962731712 outfirst 152 1 65536 0 0 0
2146859325878246 123740962731712 outfirst 152 0 65536 0 0 0
2146859325897846 123740962731712 pump_end 1 2 0 0 0 0
2146859325897916 123740962731712 book_beg 1 0 0 0 0 0
2146859325898146 123740962731712 batch 153 1 1 2 2 0
2146859325898276 123740962731712 book_end 1 0 0 0 0 0
2146859325898446 123740962731712 coll_beg 0 0 0 0 0 0
2146859326025621 123740962731712 coll_end 0 0 0 0 0 0
2146859326025891 123740962731712 rel_beg 1 0 0 0 0 0
2146859326026231 123740962731712 absorb 153 0 0 0 0 0
2146859326029341 123740962731712 rel_end 1 0 0 0 0 0
2146859326029401 123740962731712 emit_beg 153 0 0 0 0 0
2146859326030191 123740962731712 dmg 0 1 0 0 1024 768
2146859326030231 123740962731712 enc 152 152 1 -1 -1 0
2146859326050360 123740962731712 emit_end 153 0 0 0 0 0
2146859326050420 123740962731712 wait_beg 0 0 0 0 0 0
2146859322203270 123740976093056 msgin 153 4718592 0 0 0 0
2146859322203900 123740976093056 enq 153 1 0 0 0 0
2146859326041690 123740976093056 ackslot 153 152 153 152 1 0
2146859326057510 123740976093056 send 18 0 0 152 152 2
2146859326439026 123740976093056 send 169154 0 0 152 152 2
2146859326768544 123740976093056 send 142665 0 0 152 152 2
2146859326772294 123740976093056 send 14 0 0 152 152 2
2146859326772464 123740976093056 egress 153 1 0 152 0 0
2146859326772594 123740976093056 ackregion 153 153 153 152 1 0
2146859327680651 123740976093056 cliack 153 0 154 153 0 0
2146859338403369 123740962731712 wait_end 0 0 0 0 0 0
2146859338406169 123740962731712 drain_beg 0 0 0 0 0 0
2146859338406499 123740962731712 drain_end 1 0 0 0 0 0
2146859338406569 123740962731712 take 154 0 0 0 0 0
2146859338407049 123740962731712 subm_beg 1 0 0 0 0 0
2146859338407559 123740962731712 submit 154 0 0 0 0 0
2146859338407609 123740962731712 subm_end 1 0 0 0 0 0
2146859338407729 123740962731712 pump_beg 1 0 0 0 0 0
2146859338549004 123740962731712 feedend 153 0 0 0 0 0
2146859338584203 123740962731712 feedend 153 1 0 0 0 0
2146859341651411 123740962731712 outfirst 153 1 65536 0 0 0
2146859342055796 123740962731712 outfirst 153 0 65536 0 0 0
2146859342093365 123740962731712 pump_end 1 2 0 0 0 0
2146859342093535 123740962731712 book_beg 1 0 0 0 0 0
2146859342093765 123740962731712 batch 154 1 1 2 2 0
2146859342093815 123740962731712 book_end 1 0 0 0 0 0
2146859342094045 123740962731712 coll_beg 0 0 0 0 0 0
2146859342211830 123740962731712 coll_end 0 0 0 0 0 0
2146859342212120 123740962731712 rel_beg 1 0 0 0 0 0
2146859342212500 123740962731712 absorb 154 0 0 0 0 0
2146859342215740 123740962731712 rel_end 1 0 0 0 0 0
2146859342215890 123740962731712 emit_beg 154 0 0 0 0 0
2146859342216850 123740962731712 dmg 0 1 0 0 1024 768
2146859342216910 123740962731712 enc 153 153 1 -1 -1 0
2146859342237520 123740962731712 emit_end 154 0 0 0 0 0
2146859342237680 123740962731712 wait_beg 0 0 0 0 0 0
2146859338378960 123740976093056 msgin 154 4718592 0 0 0 0
2146859338379340 123740976093056 enq 154 1 0 0 0 0
2146859342241419 123740976093056 ackslot 154 153 154 153 1 0
2146859342264959 123740976093056 send 18 0 0 153 153 2
2146859342873486 123740976093056 send 172865 0 0 153 153 2
2146859343404427 123740976093056 send 149657 0 0 153 153 2
2146859343408017 123740976093056 send 14 0 0 153 153 2
2146859343408297 123740976093056 egress 154 1 0 153 0 0
2146859343408437 123740976093056 ackregion 154 154 154 153 1 0
2146859343829162 123740976093056 cliack 154 0 155 154 0 0
2146859353673652 123740962731712 wait_end 0 0 0 0 0 0
2146859353677442 123740962731712 drain_beg 0 0 0 0 0 0
2146859353678142 123740962731712 drain_end 1 0 0 0 0 0
2146859353678402 123740962731712 take 155 0 0 0 0 0
2146859353678732 123740962731712 subm_beg 1 0 0 0 0 0
2146859353679342 123740962731712 submit 155 0 0 0 0 0
2146859353679602 123740962731712 subm_end 1 0 0 0 0 0
2146859353679662 123740962731712 pump_beg 1 0 0 0 0 0
2146859353831837 123740962731712 feedend 154 0 0 0 0 0
2146859353855736 123740962731712 feedend 154 1 0 0 0 0
2146859356579486 123740962731712 outfirst 154 1 65536 0 0 0
2146859356946993 123740962731712 outfirst 154 0 65536 0 0 0
2146859356984192 123740962731712 pump_end 1 2 0 0 0 0
2146859356984252 123740962731712 book_beg 1 0 0 0 0 0
2146859356984492 123740962731712 batch 155 1 1 2 2 0
2146859356984632 123740962731712 book_end 1 0 0 0 0 0
2146859356984922 123740962731712 coll_beg 0 0 0 0 0 0
2146859357073918 123740962731712 coll_end 0 0 0 0 0 0
2146859357074128 123740962731712 rel_beg 1 0 0 0 0 0
2146859357074468 123740962731712 absorb 155 0 0 0 0 0
2146859357080198 123740962731712 rel_end 1 0 0 0 0 0
2146859357080228 123740962731712 emit_beg 155 0 0 0 0 0
2146859357081108 123740962731712 dmg 0 1 0 0 1024 768
2146859357081168 123740962731712 enc 154 154 1 -1 -1 0
2146859357096357 123740962731712 emit_end 155 0 0 0 0 0
2146859357096437 123740962731712 wait_beg 0 0 0 0 0 0
2146859353649913 123740976093056 msgin 155 4718592 0 0 0 0
2146859353650483 123740976093056 enq 155 1 0 0 0 0
2146859357107097 123740976093056 ackslot 155 154 155 154 1 0
2146859357140436 123740976093056 send 18 0 0 154 154 2
2146859357584870 123740976093056 send 129334 0 0 154 154 2
2146859357950136 123740976093056 send 105107 0 0 154 154 2
2146859357955276 123740976093056 send 14 0 0 154 154 2
2146859357955646 123740976093056 egress 155 1 0 154 0 0
2146859357955836 123740976093056 ackregion 155 155 155 154 1 0
2146859358427449 123740976093056 cliack 155 0 156 155 0 0
2146859369693358 123740962731712 wait_end 0 0 0 0 0 0
2146859369696148 123740962731712 drain_beg 0 0 0 0 0 0
2146859369696618 123740962731712 drain_end 1 0 0 0 0 0
2146859369696808 123740962731712 take 156 0 0 0 0 0
2146859369697098 123740962731712 subm_beg 1 0 0 0 0 0
2146859369697588 123740962731712 submit 156 0 0 0 0 0
2146859369697638 123740962731712 subm_end 1 0 0 0 0 0
2146859369697758 123740962731712 pump_beg 1 0 0 0 0 0
2146859369834423 123740962731712 feedend 155 0 0 0 0 0
2146859369858372 123740962731712 feedend 155 1 0 0 0 0
2146859372719857 123740962731712 outfirst 155 1 65536 0 0 0
2146859373150452 123740962731712 outfirst 155 0 65536 0 0 0
2146859373198370 123740962731712 pump_end 1 2 0 0 0 0
2146859373198560 123740962731712 book_beg 1 0 0 0 0 0
2146859373198790 123740962731712 batch 156 1 1 2 2 0
2146859373198890 123740962731712 book_end 1 0 0 0 0 0
2146859373199090 123740962731712 coll_beg 0 0 0 0 0 0
2146859373298296 123740962731712 coll_end 0 0 0 0 0 0
2146859373298556 123740962731712 rel_beg 1 0 0 0 0 0
2146859373298896 123740962731712 absorb 156 0 0 0 0 0
2146859373302406 123740962731712 rel_end 1 0 0 0 0 0
2146859373302586 123740962731712 emit_beg 156 0 0 0 0 0
2146859373303306 123740962731712 dmg 0 1 0 0 1024 768
2146859373303336 123740962731712 enc 155 155 1 -1 -1 0
2146859373320466 123740962731712 emit_end 156 0 0 0 0 0
2146859373320536 123740962731712 wait_beg 0 0 0 0 0 0
2146859369670769 123740976093056 msgin 156 4718592 0 0 0 0
2146859369671239 123740976093056 enq 156 1 0 0 0 0
2146859373329615 123740976093056 ackslot 156 155 156 155 1 0
2146859373351444 123740976093056 send 18 0 0 155 155 2
2146859373886225 123740976093056 send 154172 0 0 155 155 2
2146859374328809 123740976093056 send 125686 0 0 155 155 2
2146859374333889 123740976093056 send 14 0 0 155 155 2
2146859374334259 123740976093056 egress 156 1 0 155 0 0
2146859374334349 123740976093056 ackregion 156 156 156 155 1 0
2146859374703205 123740976093056 cliack 156 0 157 156 0 0
2146859385489342 123740962731712 wait_end 0 0 0 0 0 0
2146859385491342 123740962731712 drain_beg 0 0 0 0 0 0
2146859385491772 123740962731712 drain_end 1 0 0 0 0 0
2146859385491892 123740962731712 take 157 0 0 0 0 0
2146859385492282 123740962731712 subm_beg 1 0 0 0 0 0
2146859385493011 123740962731712 submit 157 0 0 0 0 0
2146859385493101 123740962731712 subm_end 1 0 0 0 0 0
2146859385493161 123740962731712 pump_beg 1 0 0 0 0 0
2146859385611587 123740962731712 feedend 156 0 0 0 0 0
2146859385646966 123740962731712 feedend 156 1 0 0 0 0
2146859385478642 123740976093056 msgin 157 4718592 0 0 0 0
2146859385479032 123740976093056 enq 157 1 0 0 0 0
2146859388734863 123740962731712 outfirst 156 1 65536 0 0 0
2146859389196116 123740962731712 outfirst 156 0 65536 0 0 0
2146859389217826 123740962731712 pump_end 1 2 0 0 0 0
2146859389217976 123740962731712 book_beg 1 0 0 0 0 0
2146859389218356 123740962731712 batch 157 1 1 2 2 0
2146859389218526 123740962731712 book_end 1 0 0 0 0 0
2146859389218716 123740962731712 coll_beg 0 0 0 0 0 0
2146859389338481 123740962731712 coll_end 0 0 0 0 0 0
2146859389338861 123740962731712 rel_beg 1 0 0 0 0 0
2146859389339261 123740962731712 absorb 157 0 0 0 0 0
2146859389342591 123740962731712 rel_end 1 0 0 0 0 0
2146859389342621 123740962731712 emit_beg 157 0 0 0 0 0
2146859389344191 123740962731712 dmg 0 1 0 0 1024 768
2146859389344361 123740962731712 enc 156 156 1 -1 -1 0
2146859389366290 123740962731712 emit_end 157 0 0 0 0 0
2146859389366330 123740962731712 wait_beg 0 0 0 0 0 0
2146859389353841 123740976093056 ackslot 157 156 157 156 1 0
2146859389371160 123740976093056 send 18 0 0 156 156 2
2146859389792975 123740976093056 send 186138 0 0 156 156 2
2146859390148302 123740976093056 send 158967 0 0 156 156 2
2146859390151702 123740976093056 send 14 0 0 156 156 2
2146859390151862 123740976093056 egress 157 1 0 156 0 0
2146859390152002 123740976093056 ackregion 157 157 157 156 1 0
2146859390581296 123740976093056 cliack 157 0 158 157 0 0
2146859402032638 123740962731712 wait_end 0 0 0 0 0 0
2146859402034388 123740962731712 drain_beg 0 0 0 0 0 0
2146859402034628 123740962731712 drain_end 1 0 0 0 0 0
2146859402034768 123740962731712 take 158 0 0 0 0 0
2146859402034958 123740962731712 subm_beg 1 0 0 0 0 0
2146859402035378 123740962731712 submit 158 0 0 0 0 0
2146859402035518 123740962731712 subm_end 1 0 0 0 0 0
2146859402035538 123740962731712 pump_beg 1 0 0 0 0 0
2146859402144334 123740962731712 feedend 157 0 0 0 0 0
2146859402165883 123740962731712 feedend 157 1 0 0 0 0
2146859405170694 123740962731712 outfirst 157 1 65536 0 0 0
2146859405763872 123740962731712 outfirst 157 0 65536 0 0 0
2146859405808070 123740962731712 pump_end 1 2 0 0 0 0
2146859405808580 123740962731712 book_beg 1 0 0 0 0 0
2146859405809450 123740962731712 batch 158 1 1 2 2 0
2146859405809510 123740962731712 book_end 1 0 0 0 0 0
2146859405809560 123740962731712 coll_beg 0 0 0 0 0 0
2146859405926226 123740962731712 coll_end 0 0 0 0 0 0
2146859405926286 123740962731712 rel_beg 1 0 0 0 0 0
2146859405926556 123740962731712 absorb 158 0 0 0 0 0
2146859405930826 123740962731712 rel_end 1 0 0 0 0 0
2146859405930936 123740962731712 emit_beg 158 0 0 0 0 0
2146859405933396 123740962731712 dmg 0 1 0 0 1024 768
2146859405933686 123740962731712 enc 157 157 1 -1 -1 0
2146859405974244 123740962731712 emit_end 158 0 0 0 0 0
2146859405974384 123740962731712 wait_beg 0 0 0 0 0 0
2146859402021958 123740976093056 msgin 158 4718592 0 0 0 0
2146859402022528 123740976093056 enq 158 1 0 0 0 0
2146859405938876 123740976093056 ackslot 158 157 158 157 1 0
2146859406067591 123740976093056 send 18 0 0 157 157 2
2146859406513615 123740976093056 send 183855 0 0 157 157 2
2146859406864562 123740976093056 send 153146 0 0 157 157 2
2146859406868482 123740976093056 send 14 0 0 157 157 2
2146859406868682 123740976093056 egress 158 1 0 157 0 0
2146859406868952 123740976093056 ackregion 158 158 158 157 1 0
2146859407675342 123740976093056 cliack 158 0 159 158 0 0
2146859418351723 123740962731712 wait_end 0 0 0 0 0 0
2146859418353273 123740962731712 drain_beg 0 0 0 0 0 0
2146859418360682 123740962731712 drain_end 1 0 0 0 0 0
2146859418360782 123740962731712 take 159 0 0 0 0 0
2146859418360902 123740962731712 subm_beg 1 0 0 0 0 0
2146859418361192 123740962731712 submit 159 0 0 0 0 0
2146859418361222 123740962731712 subm_end 1 0 0 0 0 0
2146859418361242 123740962731712 pump_beg 1 0 0 0 0 0
2146859418486398 123740962731712 feedend 158 0 0 0 0 0
2146859418518757 123740962731712 feedend 158 1 0 0 0 0
2146859421524367 123740962731712 outfirst 158 1 65536 0 0 0
2146859421929172 123740962731712 outfirst 158 0 65536 0 0 0
2146859421980360 123740962731712 pump_end 1 2 0 0 0 0
2146859421980550 123740962731712 book_beg 1 0 0 0 0 0
2146859421980770 123740962731712 batch 159 1 1 2 2 0
2146859421980800 123740962731712 book_end 1 0 0 0 0 0
2146859421980820 123740962731712 coll_beg 0 0 0 0 0 0
2146859422114916 123740962731712 coll_end 0 0 0 0 0 0
2146859422114956 123740962731712 rel_beg 1 0 0 0 0 0
2146859422115046 123740962731712 absorb 159 0 0 0 0 0
2146859422117085 123740962731712 rel_end 1 0 0 0 0 0
2146859422117135 123740962731712 emit_beg 159 0 0 0 0 0
2146859422118595 123740962731712 dmg 0 1 0 0 1024 768
2146859422118855 123740962731712 enc 158 158 1 -1 -1 0
2146859422143224 123740962731712 emit_end 159 0 0 0 0 0
2146859422143294 123740962731712 wait_beg 0 0 0 0 0 0
2146859418344963 123740976093056 msgin 159 4718592 0 0 0 0
2146859418345343 123740976093056 enq 159 1 0 0 0 0
2146859422128625 123740976093056 ackslot 159 158 159 158 1 0
2146859422164644 123740976093056 send 18 0 0 158 158 2
2146859422796031 123740976093056 send 172646 0 0 158 158 2
2146859423307632 123740976093056 send 143788 0 0 158 158 2
2146859423312782 123740976093056 send 14 0 0 158 158 2
2146859423313122 123740976093056 egress 159 1 0 158 0 0
2146859423313292 123740976093056 ackregion 159 159 159 158 1 0
2146859423926509 123740976093056 cliack 159 0 160 159 0 0
2146859434624239 123740962731712 wait_end 0 0 0 0 0 0
2146859434626249 123740962731712 drain_beg 0 0 0 0 0 0
2146859434626529 123740962731712 drain_end 1 0 0 0 0 0
2146859434626709 123740962731712 take 160 0 0 0 0 0
2146859434626959 123740962731712 subm_beg 1 0 0 0 0 0
2146859434627209 123740962731712 submit 160 0 0 0 0 0
2146859434627259 123740962731712 subm_end 1 0 0 0 0 0
2146859434627309 123740962731712 pump_beg 1 0 0 0 0 0
2146859434767734 123740962731712 feedend 159 0 0 0 0 0
2146859434772714 123740962731712 feedend 159 1 0 0 0 0
2146859437568622 123740962731712 outfirst 159 1 65536 0 0 0
2146859438068723 123740962731712 outfirst 159 0 65536 0 0 0
2146859438095483 123740962731712 pump_end 1 2 0 0 0 0
2146859438095572 123740962731712 book_beg 1 0 0 0 0 0
2146859438095712 123740962731712 batch 160 1 1 2 2 0
2146859438095762 123740962731712 book_end 1 0 0 0 0 0
2146859438095822 123740962731712 coll_beg 0 0 0 0 0 0
2146859438210518 123740962731712 coll_end 0 0 0 0 0 0
2146859438210698 123740962731712 rel_beg 1 0 0 0 0 0
2146859438210768 123740962731712 absorb 160 0 0 0 0 0
2146859438213268 123740962731712 rel_end 1 0 0 0 0 0
2146859438213448 123740962731712 emit_beg 160 0 0 0 0 0
2146859438214688 123740962731712 dmg 0 1 0 0 1024 768
2146859438214838 123740962731712 enc 159 159 1 -1 -1 0
2146859438234577 123740962731712 emit_end 160 0 0 0 0 0
2146859438234637 123740962731712 wait_beg 0 0 0 0 0 0
2146859434614819 123740976093056 msgin 160 4718592 0 0 0 0
2146859434615209 123740976093056 enq 160 1 0 0 0 0
2146859438222088 123740976093056 ackslot 160 159 160 159 1 0
2146859438247967 123740976093056 send 18 0 0 159 159 2
2146859438760058 123740976093056 send 146788 0 0 159 159 2
2146859439196192 123740976093056 send 121380 0 0 159 159 2
2146859439201742 123740976093056 send 14 0 0 159 159 2
2146859439202132 123740976093056 egress 160 1 0 159 0 0
2146859439202212 123740976093056 ackregion 160 160 160 159 1 0
2146859439791131 123740976093056 cliack 160 0 161 160 0 0
2146859450667504 123740962731712 wait_end 0 0 0 0 0 0
2146859450669254 123740962731712 drain_beg 0 0 0 0 0 0
2146859450669414 123740962731712 drain_end 1 0 0 0 0 0
2146859450669524 123740962731712 take 161 0 0 0 0 0
2146859450669614 123740962731712 subm_beg 1 0 0 0 0 0
2146859450669864 123740962731712 submit 161 0 0 0 0 0
2146859450669894 123740962731712 subm_end 1 0 0 0 0 0
2146859450669924 123740962731712 pump_beg 1 0 0 0 0 0
2146859450804809 123740962731712 feedend 160 0 0 0 0 0
2146859450808029 123740962731712 feedend 160 1 0 0 0 0
2146859454226794 123740962731712 outfirst 160 1 65536 0 0 0
2146859454602690 123740962731712 outfirst 160 0 65536 0 0 0
2146859454652968 123740962731712 pump_end 1 2 0 0 0 0
2146859454653048 123740962731712 book_beg 1 0 0 0 0 0
2146859454653248 123740962731712 batch 161 1 1 2 2 0
2146859454653308 123740962731712 book_end 1 0 0 0 0 0
2146859454653358 123740962731712 coll_beg 0 0 0 0 0 0
2146859454798903 123740962731712 coll_end 0 0 0 0 0 0
2146859454798973 123740962731712 rel_beg 1 0 0 0 0 0
2146859454799123 123740962731712 absorb 161 0 0 0 0 0
2146859454801433 123740962731712 rel_end 1 0 0 0 0 0
2146859454801633 123740962731712 emit_beg 161 0 0 0 0 0
2146859454802433 123740962731712 dmg 0 1 0 0 1024 768
2146859454802533 123740962731712 enc 160 160 1 -1 -1 0
2146859454831622 123740962731712 emit_end 161 0 0 0 0 0
2146859454831692 123740962731712 wait_beg 0 0 0 0 0 0
2146859455948271 123740962731712 wait_end 0 0 0 0 0 0
2146859455949551 123740962731712 drain_beg 0 0 0 0 0 0
2146859455949671 123740962731712 drain_end 1 0 0 0 0 0
2146859455949761 123740962731712 take 162 0 0 0 0 0
2146859455949931 123740962731712 subm_beg 1 0 0 0 0 0
2146859455950091 123740962731712 submit 162 0 0 0 0 0
2146859455950121 123740962731712 subm_end 1 0 0 0 0 0
2146859455950151 123740962731712 pump_beg 1 0 0 0 0 0
2146859456075736 123740962731712 feedend 161 0 0 0 0 0
2146859456083496 123740962731712 feedend 161 1 0 0 0 0
2146859450659544 123740976093056 msgin 161 4718592 0 0 0 0
2146859450659874 123740976093056 enq 161 1 0 0 0 0
2146859454810853 123740976093056 ackslot 161 160 161 160 1 0
2146859454839312 123740976093056 send 18 0 0 160 160 2
2146859455496208 123740976093056 send 204270 0 0 160 160 2
2146859455890893 123740976093056 send 181685 0 0 160 160 2
2146859455894003 123740976093056 send 14 0 0 160 160 2
2146859455894133 123740976093056 egress 161 1 0 160 0 0
2146859455894163 123740976093056 ackregion 161 161 161 160 1 0
2146859455943951 123740976093056 msgin 162 4718592 0 0 0 0
2146859455944041 123740976093056 enq 162 1 0 0 0 0
2146859456769221 123740976093056 cliack 161 0 162 161 0 0
2146859458983630 123740962731712 outfirst 161 1 65536 0 0 0
2146859459401145 123740962731712 outfirst 161 0 65536 0 0 0
2146859459429064 123740962731712 pump_end 1 2 0 0 0 0
2146859459429194 123740962731712 book_beg 1 0 0 0 0 0
2146859459429264 123740962731712 batch 162 1 1 2 2 0
2146859459429294 123740962731712 book_end 1 0 0 0 0 0
2146859459429344 123740962731712 coll_beg 0 0 0 0 0 0
2146859459533780 123740962731712 coll_end 0 0 0 0 0 0
2146859459533940 123740962731712 rel_beg 1 0 0 0 0 0
2146859459534080 123740962731712 absorb 162 0 0 0 0 0
2146859459535780 123740962731712 rel_end 1 0 0 0 0 0
2146859459535840 123740962731712 emit_beg 162 0 0 0 0 0
2146859459536730 123740962731712 dmg 0 1 0 0 1024 768
2146859459536790 123740962731712 enc 161 161 1 -1 -1 0
2146859459556799 123740962731712 emit_end 162 0 0 0 0 0
2146859459556849 123740962731712 wait_beg 0 0 0 0 0 0
2146859459540330 123740976093056 ackslot 162 161 162 161 1 0
2146859459548810 123740976093056 send 18 0 0 161 161 2
2146859459876058 123740976093056 send 154394 0 0 161 161 2
2146859460163437 123740976093056 send 134158 0 0 161 161 2
2146859460166637 123740976093056 send 14 0 0 161 161 2
2146859460166777 123740976093056 egress 162 1 0 161 0 0
2146859460166797 123740976093056 ackregion 162 162 162 161 1 0
2146859460716907 123740976093056 cliack 162 0 163 162 0 0
2146859471158446 123740962731712 wait_end 0 0 0 0 0 0
2146859471160776 123740962731712 drain_beg 0 0 0 0 0 0
2146859471160956 123740962731712 drain_end 1 0 0 0 0 0
2146859471161076 123740962731712 take 163 0 0 0 0 0
2146859471161156 123740962731712 subm_beg 1 0 0 0 0 0
2146859471161256 123740962731712 submit 163 0 0 0 0 0
2146859471161336 123740962731712 subm_end 1 0 0 0 0 0
2146859471161406 123740962731712 pump_beg 1 0 0 0 0 0
2146859471293451 123740962731712 feedend 162 0 0 0 0 0
2146859471298401 123740962731712 feedend 162 1 0 0 0 0
2146859474183056 123740962731712 outfirst 162 1 65536 0 0 0
2146859474508544 123740962731712 outfirst 162 0 65536 0 0 0
2146859474550522 123740962731712 pump_end 1 2 0 0 0 0
2146859474550642 123740962731712 book_beg 1 0 0 0 0 0
2146859474550852 123740962731712 batch 163 1 1 2 2 0
2146859474550912 123740962731712 book_end 1 0 0 0 0 0
2146859474550962 123740962731712 coll_beg 0 0 0 0 0 0
2146859474650609 123740962731712 coll_end 0 0 0 0 0 0
2146859474650689 123740962731712 rel_beg 1 0 0 0 0 0
2146859474650829 123740962731712 absorb 163 0 0 0 0 0
2146859474652899 123740962731712 rel_end 1 0 0 0 0 0
2146859474652989 123740962731712 emit_beg 163 0 0 0 0 0
2146859474653709 123740962731712 dmg 0 1 0 0 1024 768
2146859474653739 123740962731712 enc 162 162 1 -1 -1 0
2146859474672958 123740962731712 emit_end 163 0 0 0 0 0
2146859474672988 123740962731712 wait_beg 0 0 0 0 0 0
2146859471140017 123740976093056 msgin 163 4718592 0 0 0 0
2146859471140117 123740976093056 enq 163 1 0 0 0 0
2146859474659158 123740976093056 ackslot 163 162 163 162 1 0
2146859474669908 123740976093056 send 18 0 0 162 162 2
2146859474975587 123740976093056 send 142924 0 0 162 162 2
2146859475233878 123740976093056 send 122884 0 0 162 162 2
2146859475236957 123740976093056 send 14 0 0 162 162 2
2146859475237077 123740976093056 egress 163 1 0 162 0 0
2146859475237097 123740976093056 ackregion 163 163 163 162 1 0
2146859476198762 123740976093056 cliack 163 0 164 163 0 0
2146859486911391 123740962731712 wait_end 0 0 0 0 0 0
2146859486912901 123740962731712 drain_beg 0 0 0 0 0 0
2146859486913081 123740962731712 drain_end 1 0 0 0 0 0
2146859486913211 123740962731712 take 164 0 0 0 0 0
2146859486913291 123740962731712 subm_beg 1 0 0 0 0 0
2146859486913391 123740962731712 submit 164 0 0 0 0 0
2146859486913441 123740962731712 subm_end 1 0 0 0 0 0
2146859486913471 123740962731712 pump_beg 1 0 0 0 0 0
2146859487029137 123740962731712 feedend 163 0 0 0 0 0
2146859487032307 123740962731712 feedend 163 1 0 0 0 0
2146859486897782 123740976093056 msgin 164 4718592 0 0 0 0
2146859486897872 123740976093056 enq 164 1 0 0 0 0
2146859490110165 123740962731712 outfirst 163 1 65536 0 0 0
2146859490528600 123740962731712 outfirst 163 0 65536 0 0 0
2146859490563888 123740962731712 pump_end 1 2 0 0 0 0
2146859490564018 123740962731712 book_beg 1 0 0 0 0 0
2146859490564208 123740962731712 batch 164 1 1 2 2 0
2146859490564258 123740962731712 book_end 1 0 0 0 0 0
2146859490564328 123740962731712 coll_beg 0 0 0 0 0 0
2146859490674094 123740962731712 coll_end 0 0 0 0 0 0
2146859490674234 123740962731712 rel_beg 1 0 0 0 0 0
2146859490674314 123740962731712 absorb 164 0 0 0 0 0
2146859490676684 123740962731712 rel_end 1 0 0 0 0 0
2146859490676724 123740962731712 emit_beg 164 0 0 0 0 0
2146859490677694 123740962731712 dmg 0 1 0 0 1024 768
2146859490677804 123740962731712 enc 163 163 1 -1 -1 0
2146859490698553 123740962731712 emit_end 164 0 0 0 0 0
2146859490698603 123740962731712 wait_beg 0 0 0 0 0 0
2146859490682734 123740976093056 ackslot 164 163 164 163 1 0
2146859490692744 123740976093056 send 18 0 0 163 163 2
2146859491058190 123740976093056 send 165693 0 0 163 163 2
2146859491368529 123740976093056 send 141217 0 0 163 163 2
2146859491371829 123740976093056 send 14 0 0 163 163 2
2146859491371939 123740976093056 egress 164 1 0 163 0 0
2146859491371969 123740976093056 ackregion 164 164 164 163 1 0
2146859492223738 123740976093056 cliack 164 0 165 164 0 0
2146859502491143 123740962731712 wait_end 0 0 0 0 0 0
2146859502494383 123740962731712 drain_beg 0 0 0 0 0 0
2146859502494893 123740962731712 drain_end 1 0 0 0 0 0
2146859502495113 123740962731712 take 165 0 0 0 0 0
2146859502495433 123740962731712 subm_beg 1 0 0 0 0 0
2146859502496093 123740962731712 submit 165 0 0 0 0 0
2146859502496183 123740962731712 subm_end 1 0 0 0 0 0
2146859502496243 123740962731712 pump_beg 1 0 0 0 0 0
2146859502679056 123740962731712 feedend 164 0 0 0 0 0
2146859502684416 123740962731712 feedend 164 1 0 0 0 0
2146859506193488 123740962731712 outfirst 164 1 65536 0 0 0
2146859506715699 123740962731712 outfirst 164 0 65536 0 0 0
2146859506771217 123740962731712 pump_end 1 2 0 0 0 0
2146859506771357 123740962731712 book_beg 1 0 0 0 0 0
2146859506771907 123740962731712 batch 165 1 1 2 2 0
2146859506771987 123740962731712 book_end 1 0 0 0 0 0
2146859506776387 123740962731712 coll_beg 0 0 0 0 0 0
2146859506920221 123740962731712 coll_end 0 0 0 0 0 0
2146859506920271 123740962731712 rel_beg 1 0 0 0 0 0
2146859506920431 123740962731712 absorb 165 0 0 0 0 0
2146859506923641 123740962731712 rel_end 1 0 0 0 0 0
2146859506923781 123740962731712 emit_beg 165 0 0 0 0 0
2146859506925531 123740962731712 dmg 0 1 0 0 1024 768
2146859506925671 123740962731712 enc 164 164 1 -1 -1 0
2146859506952800 123740962731712 emit_end 165 0 0 0 0 0
2146859506952970 123740962731712 wait_beg 0 0 0 0 0 0
2146859502471604 123740976093056 msgin 165 4718592 0 0 0 0
2146859502471774 123740976093056 enq 165 1 0 0 0 0
2146859506933601 123740976093056 ackslot 165 164 165 164 1 0
2146859506961820 123740976093056 send 18 0 0 164 164 2
2146859507636895 123740976093056 send 193466 0 0 164 164 2
2146859508204005 123740976093056 send 162573 0 0 164 164 2
2146859508209095 123740976093056 send 14 0 0 164 164 2
2146859508209325 123740976093056 egress 165 1 0 164 0 0
2146859508209515 123740976093056 ackregion 165 165 165 164 1 0
2146859508984046 123740976093056 cliack 165 0 166 165 0 0
2146859519155035 123740962731712 wait_end 0 0 0 0 0 0
2146859519157025 123740962731712 drain_beg 0 0 0 0 0 0
2146859519157285 123740962731712 drain_end 1 0 0 0 0 0
2146859519157595 123740962731712 take 166 0 0 0 0 0
2146859519157875 123740962731712 subm_beg 1 0 0 0 0 0
2146859519158405 123740962731712 submit 166 0 0 0 0 0
2146859519158475 123740962731712 subm_end 1 0 0 0 0 0
2146859519158505 123740962731712 pump_beg 1 0 0 0 0 0
2146859519306000 123740962731712 feedend 165 0 0 0 0 0
2146859519309419 123740962731712 feedend 165 1 0 0 0 0
2146859522483664 123740962731712 outfirst 165 1 65536 0 0 0
2146859522988705 123740962731712 outfirst 165 0 65536 0 0 0
2146859523028544 123740962731712 pump_end 1 2 0 0 0 0
2146859523028924 123740962731712 book_beg 1 0 0 0 0 0
2146859523029314 123740962731712 batch 166 1 1 2 2 0
2146859523029354 123740962731712 book_end 1 0 0 0 0 0
2146859523029394 123740962731712 coll_beg 0 0 0 0 0 0
2146859523143050 123740962731712 coll_end 0 0 0 0 0 0
2146859523143160 123740962731712 rel_beg 1 0 0 0 0 0
2146859523143330 123740962731712 absorb 166 0 0 0 0 0
2146859523146120 123740962731712 rel_end 1 0 0 0 0 0
2146859523146260 123740962731712 emit_beg 166 0 0 0 0 0
2146859523147689 123740962731712 dmg 0 1 0 0 1024 768
2146859523147959 123740962731712 enc 165 165 1 -1 -1 0
2146859523169319 123740962731712 emit_end 166 0 0 0 0 0
2146859523169459 123740962731712 wait_beg 0 0 0 0 0 0
2146859519148565 123740976093056 msgin 166 4718592 0 0 0 0
2146859519149085 123740976093056 enq 166 1 0 0 0 0
2146859523156999 123740976093056 ackslot 166 165 166 165 1 0
2146859523208787 123740976093056 send 18 0 0 165 165 2
2146859523777977 123740976093056 send 157819 0 0 165 165 2
2146859524249319 123740976093056 send 132445 0 0 165 165 2
2146859524254939 123740976093056 send 14 0 0 165 165 2
2146859524255389 123740976093056 egress 166 1 0 165 0 0
2146859524255539 123740976093056 ackregion 166 166 166 165 1 0
2146859524852847 123740976093056 cliack 166 0 167 166 0 0
2146859534480606 123740962731712 wait_end 0 0 0 0 0 0
2146859534481846 123740962731712 drain_beg 0 0 0 0 0 0
2146859534482106 123740962731712 drain_end 1 0 0 0 0 0
2146859534482216 123740962731712 take 167 0 0 0 0 0
2146859534482276 123740962731712 subm_beg 1 0 0 0 0 0
2146859534482556 123740962731712 submit 167 0 0 0 0 0
2146859534482586 123740962731712 subm_end 1 0 0 0 0 0
2146859534482736 123740962731712 pump_beg 1 0 0 0 0 0
2146859534639550 123740962731712 feedend 166 0 0 0 0 0
2146859534642940 123740962731712 feedend 166 1 0 0 0 0
2146859537773576 123740962731712 outfirst 166 1 65536 0 0 0
2146859538380304 123740962731712 outfirst 166 0 65536 0 0 0
2146859538406363 123740962731712 pump_end 1 2 0 0 0 0
2146859538406583 123740962731712 book_beg 1 0 0 0 0 0
2146859538406673 123740962731712 batch 167 1 1 2 2 0
2146859538406703 123740962731712 book_end 1 0 0 0 0 0
2146859538406733 123740962731712 coll_beg 0 0 0 0 0 0
2146859538480400 123740962731712 coll_end 0 0 0 0 0 0
2146859538480440 123740962731712 rel_beg 1 0 0 0 0 0
2146859538480520 123740962731712 absorb 167 0 0 0 0 0
2146859538481800 123740962731712 rel_end 1 0 0 0 0 0
2146859538481830 123740962731712 emit_beg 167 0 0 0 0 0
2146859538482490 123740962731712 dmg 0 1 0 0 1024 768
2146859538482640 123740962731712 enc 166 166 1 -1 -1 0
2146859538499399 123740962731712 emit_end 167 0 0 0 0 0
2146859538499429 123740962731712 wait_beg 0 0 0 0 0 0
2146859534477066 123740976093056 msgin 167 4718592 0 0 0 0
2146859534477266 123740976093056 enq 167 1 0 0 0 0
2146859538487740 123740976093056 ackslot 167 166 167 166 1 0
2146859538528598 123740976093056 send 18 0 0 166 166 2
2146859538903185 123740976093056 send 166404 0 0 166 166 2
2146859539222443 123740976093056 send 137830 0 0 166 166 2
2146859539225773 123740976093056 send 14 0 0 166 166 2
2146859539225983 123740976093056 egress 167 1 0 166 0 0
2146859539226033 123740976093056 ackregion 167 167 167 166 1 0
2146859540111901 123740976093056 cliack 167 0 168 167 0 0
2146859550500112 123740962731712 wait_end 0 0 0 0 0 0
2146859550502512 123740962731712 drain_beg 0 0 0 0 0 0
2146859550502712 123740962731712 drain_end 1 0 0 0 0 0
2146859550502872 123740962731712 take 168 0 0 0 0 0
2146859550502991 123740962731712 subm_beg 1 0 0 0 0 0
2146859550503261 123740962731712 submit 168 0 0 0 0 0
2146859550503321 123740962731712 subm_end 1 0 0 0 0 0
2146859550503371 123740962731712 pump_beg 1 0 0 0 0 0
2146859550651596 123740962731712 feedend 167 0 0 0 0 0
2146859550656646 123740962731712 feedend 167 1 0 0 0 0
2146859553262901 123740962731712 outfirst 167 1 65536 0 0 0
2146859553700555 123740962731712 outfirst 167 0 65536 0 0 0
2146859553716864 123740962731712 pump_end 1 2 0 0 0 0
2146859553716934 123740962731712 book_beg 1 0 0 0 0 0
2146859553717014 123740962731712 batch 168 1 1 2 2 0
2146859553717044 123740962731712 book_end 1 0 0 0 0 0
2146859553717064 123740962731712 coll_beg 0 0 0 0 0 0
2146859553773872 123740962731712 coll_end 0 0 0 0 0 0
2146859553773902 123740962731712 rel_beg 1 0 0 0 0 0
2146859553773982 123740962731712 absorb 168 0 0 0 0 0
2146859553775522 123740962731712 rel_end 1 0 0 0 0 0
2146859553775552 123740962731712 emit_beg 168 0 0 0 0 0
2146859553776222 123740962731712 dmg 0 1 0 0 1024 768
2146859553776252 123740962731712 enc 167 167 1 -1 -1 0
2146859553805831 123740962731712 emit_end 168 0 0 0 0 0
2146859553805871 123740962731712 wait_beg 0 0 0 0 0 0
2146859550481052 123740976093056 msgin 168 4718592 0 0 0 0
2146859550481182 123740976093056 enq 168 1 0 0 0 0
2146859553781722 123740976093056 ackslot 168 167 168 167 1 0
2146859553811941 123740976093056 send 18 0 0 167 167 2
2146859554099630 123740976093056 send 124728 0 0 167 167 2
2146859554328082 123740976093056 send 102647 0 0 167 167 2
2146859554331232 123740976093056 send 14 0 0 167 167 2
2146859554331492 123740976093056 egress 168 1 0 167 0 0
2146859554331652 123740976093056 ackregion 168 168 168 167 1 0
2146859554981458 123740976093056 cliack 168 0 169 168 0 0
2146859566414281 123740962731712 wait_end 0 0 0 0 0 0
2146859566415321 123740962731712 drain_beg 0 0 0 0 0 0
2146859566415421 123740962731712 drain_end 1 0 0 0 0 0
2146859566415511 123740962731712 take 169 0 0 0 0 0
2146859566415571 123740962731712 subm_beg 1 0 0 0 0 0
2146859566415671 123740962731712 submit 169 0 0 0 0 0
2146859566415721 123740962731712 subm_end 1 0 0 0 0 0
2146859566415751 123740962731712 pump_beg 1 0 0 0 0 0
2146859566540366 123740962731712 feedend 168 0 0 0 0 0
2146859566543166 123740962731712 feedend 168 1 0 0 0 0
2146859566410141 123740976093056 msgin 169 4718592 0 0 0 0
2146859566410331 123740976093056 enq 169 1 0 0 0 0
2146859569611524 123740962731712 outfirst 168 1 65536 0 0 0
2146859570090367 123740962731712 outfirst 168 0 65536 0 0 0
2146859570135185 123740962731712 pump_end 1 2 0 0 0 0
2146859570135275 123740962731712 book_beg 1 0 0 0 0 0
2146859570135395 123740962731712 batch 169 1 1 2 2 0
2146859570135445 123740962731712 book_end 1 0 0 0 0 0
2146859570135505 123740962731712 coll_beg 0 0 0 0 0 0
2146859570253271 123740962731712 coll_end 0 0 0 0 0 0
2146859570253341 123740962731712 rel_beg 1 0 0 0 0 0
2146859570253481 123740962731712 absorb 169 0 0 0 0 0
2146859570255211 123740962731712 rel_end 1 0 0 0 0 0
2146859570255241 123740962731712 emit_beg 169 0 0 0 0 0
2146859570255751 123740962731712 dmg 0 1 0 0 1024 768
2146859570255811 123740962731712 enc 168 168 1 -1 -1 0
2146859570275950 123740962731712 emit_end 169 0 0 0 0 0
2146859570276030 123740962731712 wait_beg 0 0 0 0 0 0
2146859571144278 123740962731712 wait_end 0 0 0 0 0 0
2146859571145238 123740962731712 drain_beg 0 0 0 0 0 0
2146859571145328 123740962731712 drain_end 1 0 0 0 0 0
2146859571145418 123740962731712 take 170 0 0 0 0 0
2146859571145478 123740962731712 subm_beg 1 0 0 0 0 0
2146859571145648 123740962731712 submit 170 0 0 0 0 0
2146859571145678 123740962731712 subm_end 1 0 0 0 0 0
2146859571145708 123740962731712 pump_beg 1 0 0 0 0 0
2146859571246985 123740962731712 feedend 169 0 0 0 0 0
2146859571249975 123740962731712 feedend 169 1 0 0 0 0
2146859574493116 123740962731712 outfirst 169 1 65536 0 0 0
2146859574921111 123740962731712 outfirst 169 0 65536 0 0 0
2146859574953660 123740962731712 pump_end 1 2 0 0 0 0
2146859574953760 123740962731712 book_beg 1 0 0 0 0 0
2146859574953890 123740962731712 batch 170 1 1 2 2 0
2146859574953930 123740962731712 book_end 1 0 0 0 0 0
2146859574953960 123740962731712 coll_beg 0 0 0 0 0 0
2146859575038916 123740962731712 coll_end 0 0 0 0 0 0
2146859575038956 123740962731712 rel_beg 1 0 0 0 0 0
2146859575039076 123740962731712 absorb 170 0 0 0 0 0
2146859575040356 123740962731712 rel_end 1 0 0 0 0 0
2146859575040416 123740962731712 emit_beg 170 0 0 0 0 0
2146859575041056 123740962731712 dmg 0 1 0 0 1024 768
2146859575041116 123740962731712 enc 169 169 1 -1 -1 0
2146859575060396 123740962731712 emit_end 170 0 0 0 0 0
2146859575060456 123740962731712 wait_beg 0 0 0 0 0 0
2146859575060896 123740962731712 wait_end 0 0 0 0 0 0
2146859575061776 123740962731712 drain_beg 0 0 0 0 0 0
2146859575061866 123740962731712 drain_end 1 0 0 0 0 0
2146859575061966 123740962731712 take 171 0 0 0 0 0
2146859575062056 123740962731712 subm_beg 1 0 0 0 0 0
2146859575062156 123740962731712 submit 171 0 0 0 0 0
2146859575062186 123740962731712 subm_end 1 0 0 0 0 0
2146859575062216 123740962731712 pump_beg 1 0 0 0 0 0
2146859575175451 123740962731712 feedend 170 0 0 0 0 0
2146859575178791 123740962731712 feedend 170 1 0 0 0 0
2146859577920801 123740962731712 outfirst 170 1 65536 0 0 0
2146859578386954 123740962731712 outfirst 170 0 65536 0 0 0
2146859578410353 123740962731712 pump_end 1 2 0 0 0 0
2146859578410413 123740962731712 book_beg 1 0 0 0 0 0
2146859578410483 123740962731712 batch 171 1 1 2 2 0
2146859578410513 123740962731712 book_end 1 0 0 0 0 0
2146859578410543 123740962731712 coll_beg 0 0 0 0 0 0
2146859578466511 123740962731712 coll_end 0 0 0 0 0 0
2146859578466551 123740962731712 rel_beg 1 0 0 0 0 0
2146859578466671 123740962731712 absorb 171 0 0 0 0 0
2146859578467861 123740962731712 rel_end 1 0 0 0 0 0
2146859578467891 123740962731712 emit_beg 171 0 0 0 0 0
2146859578468211 123740962731712 dmg 0 1 0 0 1024 768
2146859578468281 123740962731712 enc 170 170 1 -1 -1 0
2146859578481841 123740962731712 emit_end 171 0 0 0 0 0
2146859578481881 123740962731712 wait_beg 0 0 0 0 0 0
2146859570278330 123740976093056 ackslot 169 168 169 168 1 0
2146859570296139 123740976093056 send 18 0 0 168 168 2
2146859570767752 123740976093056 send 178302 0 0 168 168 2
2146859571084531 123740976093056 send 144098 0 0 168 168 2
2146859571087700 123740976093056 send 14 0 0 168 168 2
2146859571087850 123740976093056 egress 169 1 0 168 0 0
2146859571087880 123740976093056 ackregion 169 169 169 168 1 0
2146859571139879 123740976093056 msgin 170 4718592 0 0 0 0
2146859571139969 123740976093056 enq 170 1 0 0 0 0
2146859572004457 123740976093056 cliack 169 0 170 169 0 0
2146859574371081 123740976093056 msgin 171 4718592 0 0 0 0
2146859574371151 123740976093056 enq 171 1 0 0 0 0
2146859575044526 123740976093056 ackslot 170 169 170 169 1 0
2146859575052896 123740976093056 send 18 0 0 169 169 2
2146859575463021 123740976093056 send 193174 0 0 169 169 2
2146859575824658 123740976093056 send 169824 0 0 169 169 2
2146859575827868 123740976093056 send 14 0 0 169 169 2
2146859575827988 123740976093056 egress 170 1 0 169 0 0
2146859575828018 123740976093056 ackregion 170 170 170 169 1 0
2146859576981915 123740976093056 cliack 170 0 171 170 0 0
2146859578472041 123740976093056 ackslot 171 170 171 170 1 0
2146859578478831 123740976093056 send 18 0 0 170 170 2
2146859578791289 123740976093056 send 145940 0 0 170 170 2
2146859579053910 123740976093056 send 123214 0 0 170 170 2
2146859579060540 123740976093056 send 14 0 0 170 170 2
2146859579060660 123740976093056 egress 171 1 0 170 0 0
2146859579060820 123740976093056 ackregion 171 171 171 170 1 0
2146859579910859 123740976093056 cliack 171 0 172 171 0 0
2146859591096581 123740962731712 wait_end 0 0 0 0 0 0
2146859591098281 123740962731712 drain_beg 0 0 0 0 0 0
2146859591098631 123740962731712 drain_end 1 0 0 0 0 0
2146859591098780 123740962731712 take 172 0 0 0 0 0
2146859591098960 123740962731712 subm_beg 1 0 0 0 0 0
2146859591102110 123740962731712 submit 172 0 0 0 0 0
2146859591102160 123740962731712 subm_end 1 0 0 0 0 0
2146859591102200 123740962731712 pump_beg 1 0 0 0 0 0
2146859591215936 123740962731712 feedend 171 0 0 0 0 0
2146859591219006 123740962731712 feedend 171 1 0 0 0 0
2146859594116030 123740962731712 outfirst 171 1 65536 0 0 0
2146859594531555 123740962731712 outfirst 171 0 65536 0 0 0
2146859594572524 123740962731712 pump_end 1 2 0 0 0 0
2146859594572674 123740962731712 book_beg 1 0 0 0 0 0
2146859594573014 123740962731712 batch 172 1 1 2 2 0
2146859594573104 123740962731712 book_end 1 0 0 0 0 0
2146859594573184 123740962731712 coll_beg 0 0 0 0 0 0
2146859594682830 123740962731712 coll_end 0 0 0 0 0 0
2146859594682880 123740962731712 rel_beg 1 0 0 0 0 0
2146859594682960 123740962731712 absorb 172 0 0 0 0 0
2146859594685730 123740962731712 rel_end 1 0 0 0 0 0
2146859594685830 123740962731712 emit_beg 172 0 0 0 0 0
2146859594687850 123740962731712 dmg 0 1 0 0 1024 768
2146859594687900 123740962731712 enc 171 171 1 -1 -1 0
2146859594708759 123740962731712 emit_end 172 0 0 0 0 0
2146859594708899 123740962731712 wait_beg 0 0 0 0 0 0
2146859591091431 123740976093056 msgin 172 4718592 0 0 0 0
2146859591091541 123740976093056 enq 172 1 0 0 0 0
2146859594690579 123740976093056 ackslot 172 171 172 171 1 0
2146859594709099 123740976093056 send 18 0 0 171 171 2
2146859595040457 123740976093056 send 154338 0 0 171 171 2
2146859595338076 123740976093056 send 131759 0 0 171 171 2
2146859595341376 123740976093056 send 14 0 0 171 171 2
2146859595341596 123740976093056 egress 172 1 0 171 0 0
2146859595341626 123740976093056 ackregion 172 172 172 171 1 0
2146859596155466 123740976093056 cliack 172 0 173 172 0 0
2146859607006730 123740962731712 wait_end 0 0 0 0 0 0
2146859607009170 123740962731712 drain_beg 0 0 0 0 0 0
2146859607009520 123740962731712 drain_end 1 0 0 0 0 0
2146859607009660 123740962731712 take 173 0 0 0 0 0
2146859607009900 123740962731712 subm_beg 1 0 0 0 0 0
2146859607010250 123740962731712 submit 173 0 0 0 0 0
2146859607010410 123740962731712 subm_end 1 0 0 0 0 0
2146859607010470 123740962731712 pump_beg 1 0 0 0 0 0
2146859607149365 123740962731712 feedend 172 0 0 0 0 0
2146859607168064 123740962731712 feedend 172 1 0 0 0 0
2146859606994811 123740976093056 msgin 173 4718592 0 0 0 0
2146859606995281 123740976093056 enq 173 1 0 0 0 0
2146859610025130 123740962731712 outfirst 172 1 65536 0 0 0
2146859610417456 123740962731712 outfirst 172 0 65536 0 0 0
2146859610449465 123740962731712 pump_end 1 2 0 0 0 0
2146859610449655 123740962731712 book_beg 1 0 0 0 0 0
2146859610449755 123740962731712 batch 173 1 1 2 2 0
2146859610449805 123740962731712 book_end 1 0 0 0 0 0
2146859610449855 123740962731712 coll_beg 0 0 0 0 0 0
2146859610554951 123740962731712 coll_end 0 0 0 0 0 0
2146859610555111 123740962731712 rel_beg 1 0 0 0 0 0
2146859610555251 123740962731712 absorb 173 0 0 0 0 0
2146859610557741 123740962731712 rel_end 1 0 0 0 0 0
2146859610557901 123740962731712 emit_beg 173 0 0 0 0 0
2146859610558781 123740962731712 dmg 0 1 0 0 1024 768
2146859610559231 123740962731712 enc 172 172 1 -1 -1 0
2146859610578270 123740962731712 emit_end 173 0 0 0 0 0
2146859610578330 123740962731712 wait_beg 0 0 0 0 0 0
2146859610562250 123740976093056 ackslot 173 172 173 172 1 0
2146859610595159 123740976093056 send 18 0 0 172 172 2
2146859610929907 123740976093056 send 146137 0 0 172 172 2
2146859611202647 123740976093056 send 124046 0 0 172 172 2
2146859611205977 123740976093056 send 14 0 0 172 172 2
2146859611206127 123740976093056 egress 173 1 0 172 0 0
2146859611206207 123740976093056 ackregion 173 173 173 172 1 0
2146859612040086 123740976093056 cliack 173 0 174 173 0 0
2146859623088073 123740962731712 wait_end 0 0 0 0 0 0
2146859623091333 123740962731712 drain_beg 0 0 0 0 0 0
2146859623091933 123740962731712 drain_end 1 0 0 0 0 0
2146859623092173 123740962731712 take 174 0 0 0 0 0
2146859623092673 123740962731712 subm_beg 1 0 0 0 0 0
2146859623093763 123740962731712 submit 174 0 0 0 0 0
2146859623093913 123740962731712 subm_end 1 0 0 0 0 0
2146859623093993 123740962731712 pump_beg 1 0 0 0 0 0
2146859623227218 123740962731712 feedend 173 0 0 0 0 0
2146859623262237 123740962731712 feedend 173 1 0 0 0 0
2146859626499679 123740962731712 outfirst 173 1 65536 0 0 0
2146859626882965 123740962731712 outfirst 173 0 65536 0 0 0
2146859626925163 123740962731712 pump_end 1 2 0 0 0 0
2146859626925453 123740962731712 book_beg 1 0 0 0 0 0
2146859626926163 123740962731712 batch 174 1 1 2 2 0
2146859626926253 123740962731712 book_end 1 0 0 0 0 0
2146859626926323 123740962731712 coll_beg 0 0 0 0 0 0
2146859627091737 123740962731712 coll_end 0 0 0 0 0 0
2146859627091827 123740962731712 rel_beg 1 0 0 0 0 0
2146859627092077 123740962731712 absorb 174 0 0 0 0 0
2146859627095537 123740962731712 rel_end 1 0 0 0 0 0
2146859627095627 123740962731712 emit_beg 174 0 0 0 0 0
2146859627098327 123740962731712 dmg 0 1 0 0 1024 768
2146859627098547 123740962731712 enc 173 173 1 -1 -1 0
2146859627126686 123740962731712 emit_end 174 0 0 0 0 0
2146859627126776 123740962731712 wait_beg 0 0 0 0 0 0
2146859623066104 123740976093056 msgin 174 4718592 0 0 0 0
2146859623066704 123740976093056 enq 174 1 0 0 0 0
2146859627100267 123740976093056 ackslot 174 173 174 173 1 0
2146859627137056 123740976093056 send 18 0 0 173 173 2
2146859627569400 123740976093056 send 188849 0 0 173 173 2
2146859627933067 123740976093056 send 160531 0 0 173 173 2
2146859627936166 123740976093056 send 14 0 0 173 173 2
2146859627936426 123740976093056 egress 174 1 0 173 0 0
2146859627936536 123740976093056 ackregion 174 174 174 173 1 0
2146859629141463 123740976093056 cliack 174 0 175 174 0 0
2146859639103769 123740962731712 wait_end 0 0 0 0 0 0
2146859639108309 123740962731712 drain_beg 0 0 0 0 0 0
2146859639108829 123740962731712 drain_end 1 0 0 0 0 0
2146859639109059 123740962731712 take 175 0 0 0 0 0
2146859639109739 123740962731712 subm_beg 1 0 0 0 0 0
2146859639110789 123740962731712 submit 175 0 0 0 0 0
2146859639110939 123740962731712 subm_end 1 0 0 0 0 0
2146859639110989 123740962731712 pump_beg 1 0 0 0 0 0
2146859639263233 123740962731712 feedend 174 0 0 0 0 0
2146859639290432 123740962731712 feedend 174 1 0 0 0 0
2146859639079420 123740976093056 msgin 175 4718592 0 0 0 0
2146859639080260 123740976093056 enq 175 1 0 0 0 0
2146859642187757 123740962731712 outfirst 174 1 65536 0 0 0
2146859642521524 123740962731712 outfirst 174 0 65536 0 0 0
2146859642551313 123740962731712 pump_end 1 2 0 0 0 0
2146859642551633 123740962731712 book_beg 1 0 0 0 0 0
2146859642552123 123740962731712 batch 175 1 1 2 2 0
2146859642552203 123740962731712 book_end 1 0 0 0 0 0
2146859642552283 123740962731712 coll_beg 0 0 0 0 0 0
2146859642665779 123740962731712 coll_end 0 0 0 0 0 0
2146859642665839 123740962731712 rel_beg 1 0 0 0 0 0
2146859642666069 123740962731712 absorb 175 0 0 0 0 0
2146859642669529 123740962731712 rel_end 1 0 0 0 0 0
2146859642669609 123740962731712 emit_beg 175 0 0 0 0 0
2146859642672379 123740962731712 dmg 0 1 0 0 1024 768
2146859642672759 123740962731712 enc 174 174 1 -1 -1 0
2146859642694708 123740962731712 emit_end 175 0 0 0 0 0
2146859642694898 123740962731712 wait_beg 0 0 0 0 0 0
2146859642693338 123740976093056 ackslot 175 174 175 174 1 0
2146859642771075 123740976093056 send 18 0 0 174 174 2
2146859643316525 123740976093056 send 148272 0 0 174 174 2
2146859643654663 123740976093056 send 121164 0 0 174 174 2
2146859643658073 123740976093056 send 14 0 0 174 174 2
2146859643658353 123740976093056 egress 175 1 0 174 0 0
2146859643658483 123740976093056 ackregion 175 175 175 174 1 0
2146859644223732 123740976093056 cliack 175 0 176 175 0 0
2146859654594794 123740962731712 wait_end 0 0 0 0 0 0
2146859654597154 123740962731712 drain_beg 0 0 0 0 0 0
2146859654597494 123740962731712 drain_end 1 0 0 0 0 0
2146859654597604 123740962731712 take 176 0 0 0 0 0
2146859654598034 123740962731712 subm_beg 1 0 0 0 0 0
2146859654598894 123740962731712 submit 176 0 0 0 0 0
2146859654598954 123740962731712 subm_end 1 0 0 0 0 0
2146859654598994 123740962731712 pump_beg 1 0 0 0 0 0
2146859654721769 123740962731712 feedend 175 0 0 0 0 0
2146859654746668 123740962731712 feedend 175 1 0 0 0 0
2146859657657992 123740962731712 outfirst 175 1 65536 0 0 0
2146859658147524 123740962731712 outfirst 175 0 65536 0 0 0
2146859658175413 123740962731712 pump_end 1 2 0 0 0 0
2146859658175713 123740962731712 book_beg 1 0 0 0 0 0
2146859658176023 123740962731712 batch 176 1 1 2 2 0
2146859658176063 123740962731712 book_end 1 0 0 0 0 0
2146859658176103 123740962731712 coll_beg 0 0 0 0 0 0
2146859658257600 123740962731712 coll_end 0 0 0 0 0 0
2146859658257650 123740962731712 rel_beg 1 0 0 0 0 0
2146859658257780 123740962731712 absorb 176 0 0 0 0 0
2146859658260010 123740962731712 rel_end 1 0 0 0 0 0
2146859658260080 123740962731712 emit_beg 176 0 0 0 0 0
2146859658261630 123740962731712 dmg 0 1 0 0 1024 768
2146859658261860 123740962731712 enc 175 175 1 -1 -1 0
2146859658280589 123740962731712 emit_end 176 0 0 0 0 0
2146859658280659 123740962731712 wait_beg 0 0 0 0 0 0
2146859654585514 123740976093056 msgin 176 4718592 0 0 0 0
2146859654586174 123740976093056 enq 176 1 0 0 0 0
2146859658265730 123740976093056 ackslot 176 175 176 175 1 0
2146859658324038 123740976093056 send 18 0 0 175 175 2
2146859658709004 123740976093056 send 167525 0 0 175 175 2
2146859659024372 123740976093056 send 137590 0 0 175 175 2
2146859659027652 123740976093056 send 14 0 0 175 175 2
2146859659027872 123740976093056 egress 176 1 0 175 0 0
2146859659027952 123740976093056 ackregion 176 176 176 175 1 0
2146859659963918 123740976093056 cliack 176 0 177 176 0 0
2146859670659228 123740962731712 wait_end 0 0 0 0 0 0
2146859670662018 123740962731712 drain_beg 0 0 0 0 0 0
2146859670662238 123740962731712 drain_end 1 0 0 0 0 0
2146859670662428 123740962731712 take 177 0 0 0 0 0
2146859670662668 123740962731712 subm_beg 1 0 0 0 0 0
2146859670663008 123740962731712 submit 177 0 0 0 0 0
2146859670663058 123740962731712 subm_end 1 0 0 0 0 0
2146859670663118 123740962731712 pump_beg 1 0 0 0 0 0
2146859670801553 123740962731712 feedend 176 0 0 0 0 0
2146859670818002 123740962731712 feedend 176 1 0 0 0 0
2146859673453306 123740962731712 outfirst 176 1 65536 0 0 0
2146859673875611 123740962731712 outfirst 176 0 65536 0 0 0
2146859673893190 123740962731712 pump_end 1 2 0 0 0 0
2146859673893280 123740962731712 book_beg 1 0 0 0 0 0
2146859673893420 123740962731712 batch 177 1 1 2 2 0
2146859673893460 123740962731712 book_end 1 0 0 0 0 0
2146859673893480 123740962731712 coll_beg 0 0 0 0 0 0
2146859673951858 123740962731712 coll_end 0 0 0 0 0 0
2146859673951948 123740962731712 rel_beg 1 0 0 0 0 0
2146859673952028 123740962731712 absorb 177 0 0 0 0 0
2146859673953768 123740962731712 rel_end 1 0 0 0 0 0
2146859673953818 123740962731712 emit_beg 177 0 0 0 0 0
2146859673954468 123740962731712 dmg 0 1 0 0 1024 768
2146859673954678 123740962731712 enc 176 176 1 -1 -1 0
2146859673969247 123740962731712 emit_end 177 0 0 0 0 0
2146859673969347 123740962731712 wait_beg 0 0 0 0 0 0
2146859670650968 123740976093056 msgin 177 4718592 0 0 0 0
2146859670651168 123740976093056 enq 177 1 0 0 0 0
2146859673958688 123740976093056 ackslot 177 176 177 176 1 0
2146859673972067 123740976093056 send 18 0 0 176 176 2
2146859674266066 123740976093056 send 128923 0 0 176 176 2
2146859674500398 123740976093056 send 106721 0 0 176 176 2
2146859674503758 123740976093056 send 14 0 0 176 176 2
2146859674503998 123740976093056 egress 177 1 0 176 0 0
2146859674504028 123740976093056 ackregion 177 177 177 176 1 0
2146859675355736 123740976093056 cliack 177 0 178 177 0 0
2146859686767260 123740962731712 wait_end 0 0 0 0 0 0
2146859686769480 123740962731712 drain_beg 0 0 0 0 0 0
2146859686769760 123740962731712 drain_end 1 0 0 0 0 0
2146859686769910 123740962731712 take 178 0 0 0 0 0
2146859686770040 123740962731712 subm_beg 1 0 0 0 0 0
2146859686770210 123740962731712 submit 178 0 0 0 0 0
2146859686770270 123740962731712 subm_end 1 0 0 0 0 0
2146859686770320 123740962731712 pump_beg 1 0 0 0 0 0
2146859686888936 123740962731712 feedend 177 0 0 0 0 0
2146859686901125 123740962731712 feedend 177 1 0 0 0 0
2146859686748601 123740976093056 msgin 178 4718592 0 0 0 0
2146859686748681 123740976093056 enq 178 1 0 0 0 0
2146859689977303 123740962731712 outfirst 177 1 65536 0 0 0
2146859690500284 123740962731712 outfirst 177 0 65536 0 0 0
2146859690555902 123740962731712 pump_end 1 2 0 0 0 0
2146859690556002 123740962731712 book_beg 1 0 0 0 0 0
2146859690556212 123740962731712 batch 178 1 1 2 2 0
2146859690556272 123740962731712 book_end 1 0 0 0 0 0
2146859690556322 123740962731712 coll_beg 0 0 0 0 0 0
2146859690677468 123740962731712 coll_end 0 0 0 0 0 0
2146859690677548 123740962731712 rel_beg 1 0 0 0 0 0
2146859690677658 123740962731712 absorb 178 0 0 0 0 0
2146859690684377 123740962731712 rel_end 1 0 0 0 0 0
2146859690684407 123740962731712 emit_beg 178 0 0 0 0 0
2146859690685517 123740962731712 dmg 0 1 0 0 1024 768
2146859690685577 123740962731712 enc 177 177 1 -1 -1 0
2146859690706806 123740962731712 emit_end 178 0 0 0 0 0
2146859690706876 123740962731712 wait_beg 0 0 0 0 0 0
2146859690707726 123740962731712 wait_end 0 0 0 0 0 0
2146859690709096 123740962731712 drain_beg 0 0 0 0 0 0
2146859690709216 123740962731712 drain_end 1 0 0 0 0 0
2146859690709346 123740962731712 take 179 0 0 0 0 0
2146859690709466 123740962731712 subm_beg 1 0 0 0 0 0
2146859690709566 123740962731712 submit 179 0 0 0 0 0
2146859690709626 123740962731712 subm_end 1 0 0 0 0 0
2146859690709676 123740962731712 pump_beg 1 0 0 0 0 0
2146859690836322 123740962731712 feedend 178 0 0 0 0 0
2146859690841002 123740962731712 feedend 178 1 0 0 0 0
2146859694124622 123740962731712 outfirst 178 1 65536 0 0 0
2146859694567796 123740962731712 outfirst 178 0 65536 0 0 0
2146859694624163 123740962731712 pump_end 1 2 0 0 0 0
2146859694624403 123740962731712 book_beg 1 0 0 0 0 0
2146859694624743 123740962731712 batch 179 1 1 2 2 0
2146859694624813 123740962731712 book_end 1 0 0 0 0 0
2146859694624873 123740962731712 coll_beg 0 0 0 0 0 0
2146859694769648 123740962731712 coll_end 0 0 0 0 0 0
2146859694769688 123740962731712 rel_beg 1 0 0 0 0 0
2146859694769868 123740962731712 absorb 179 0 0 0 0 0
2146859694772568 123740962731712 rel_end 1 0 0 0 0 0
2146859694772708 123740962731712 emit_beg 179 0 0 0 0 0
2146859694774308 123740962731712 dmg 0 1 0 0 1024 768
2146859694774398 123740962731712 enc 178 178 1 -1 -1 0
2146859694800877 123740962731712 emit_end 179 0 0 0 0 0
2146859694800927 123740962731712 wait_beg 0 0 0 0 0 0
2146859694801667 123740962731712 wait_end 0 0 0 0 0 0
2146859694803517 123740962731712 drain_beg 0 0 0 0 0 0
2146859694803627 123740962731712 drain_end 1 0 0 0 0 0
2146859694803687 123740962731712 take 180 0 0 0 0 0
2146859694803877 123740962731712 subm_beg 1 0 0 0 0 0
2146859694804077 123740962731712 submit 180 0 0 0 0 0
2146859694804137 123740962731712 subm_end 1 0 0 0 0 0
2146859694804197 123740962731712 pump_beg 1 0 0 0 0 0
2146859694917663 123740962731712 feedend 179 0 0 0 0 0
2146859694922423 123740962731712 feedend 179 1 0 0 0 0
2146859697672272 123740962731712 outfirst 179 1 65536 0 0 0
2146859698121556 123740962731712 outfirst 179 0 65536 0 0 0
2146859698159625 123740962731712 pump_end 1 2 0 0 0 0
2146859698159705 123740962731712 book_beg 1 0 0 0 0 0
2146859698159835 123740962731712 batch 180 1 1 2 2 0
2146859698159865 123740962731712 book_end 1 0 0 0 0 0
2146859698159905 123740962731712 coll_beg 0 0 0 0 0 0
2146859698256781 123740962731712 coll_end 0 0 0 0 0 0
2146859698256851 123740962731712 rel_beg 1 0 0 0 0 0
2146859698257001 123740962731712 absorb 180 0 0 0 0 0
2146859698259121 123740962731712 rel_end 1 0 0 0 0 0
2146859698259181 123740962731712 emit_beg 180 0 0 0 0 0
2146859698260341 123740962731712 dmg 0 1 0 0 1024 768
2146859698260391 123740962731712 enc 179 179 1 -1 -1 0
2146859698277940 123740962731712 emit_end 180 0 0 0 0 0
2146859698278010 123740962731712 wait_beg 0 0 0 0 0 0
2146859698892118 123740962731712 wait_end 0 0 0 0 0 0
2146859698893568 123740962731712 drain_beg 0 0 0 0 0 0
2146859698893768 123740962731712 drain_end 1 0 0 0 0 0
2146859698893888 123740962731712 take 181 0 0 0 0 0
2146859698893988 123740962731712 subm_beg 1 0 0 0 0 0
2146859698894128 123740962731712 submit 181 0 0 0 0 0
2146859698894298 123740962731712 subm_end 1 0 0 0 0 0
2146859698894348 123740962731712 pump_beg 1 0 0 0 0 0
2146859698997484 123740962731712 feedend 180 0 0 0 0 0
2146859699002224 123740962731712 feedend 180 1 0 0 0 0
2146859690466485 123740976093056 msgin 179 4718592 0 0 0 0
2146859690466555 123740976093056 enq 179 1 0 0 0 0
2146859690689147 123740976093056 ackslot 178 177 178 177 1 0
2146859690702257 123740976093056 send 18 0 0 177 177 2
2146859691097392 123740976093056 send 180188 0 0 177 177 2
2146859691520227 123740976093056 send 145130 0 0 177 177 2
2146859691526227 123740976093056 send 14 0 0 177 177 2
2146859691526387 123740976093056 egress 178 1 0 177 0 0
2146859691526417 123740976093056 ackregion 178 178 178 177 1 0
2146859692350426 123740976093056 cliack 178 0 179 178 0 0
2146859694754759 123740976093056 msgin 180 4718592 0 0 0 0
2146859694754809 123740976093056 enq 180 1 0 0 0 0
2146859694776448 123740976093056 ackslot 179 178 179 178 1 0
2146859694785298 123740976093056 send 18 0 0 178 178 2
2146859695208122 123740976093056 send 194935 0 0 178 178 2
2146859695564219 123740976093056 send 171770 0 0 178 178 2
2146859695567349 123740976093056 send 14 0 0 178 178 2
2146859695567589 123740976093056 egress 179 1 0 178 0 0
2146859695567719 123740976093056 ackregion 179 179 179 178 1 0
2146859696309362 123740976093056 cliack 179 0 180 179 0 0
2146859698263601 123740976093056 ackslot 180 179 180 179 1 0
2146859698269951 123740976093056 send 18 0 0 179 179 2
2146859698574859 123740976093056 send 142306 0 0 179 179 2
2146859698837690 123740976093056 send 120803 0 0 179 179 2
2146859698841370 123740976093056 send 14 0 0 179 179 2
2146859698841600 123740976093056 egress 180 1 0 179 0 0
2146859698841760 123740976093056 ackregion 180 180 180 179 1 0
2146859698887638 123740976093056 msgin 181 4718592 0 0 0 0
2146859698887718 123740976093056 enq 181 1 0 0 0 0
2146859699400429 123740976093056 cliack 180 0 181 180 0 0
2146859701982985 123740962731712 outfirst 180 1 65536 0 0 0
2146859702331082 123740962731712 outfirst 180 0 65536 0 0 0
2146859702362291 123740962731712 pump_end 1 2 0 0 0 0
2146859702362421 123740962731712 book_beg 1 0 0 0 0 0
2146859702362541 123740962731712 batch 181 1 1 2 2 0
2146859702362591 123740962731712 book_end 1 0 0 0 0 0
2146859702362651 123740962731712 coll_beg 0 0 0 0 0 0
2146859702471677 123740962731712 coll_end 0 0 0 0 0 0
2146859702471737 123740962731712 rel_beg 1 0 0 0 0 0
2146859702471937 123740962731712 absorb 181 0 0 0 0 0
2146859702473357 123740962731712 rel_end 1 0 0 0 0 0
2146859702473417 123740962731712 emit_beg 181 0 0 0 0 0
2146859702474187 123740962731712 dmg 0 1 0 0 1024 768
2146859702474247 123740962731712 enc 180 180 1 -1 -1 0
2146859702493007 123740962731712 emit_end 181 0 0 0 0 0
2146859702493087 123740962731712 wait_beg 0 0 0 0 0 0
2146859703240139 123740962731712 wait_end 0 0 0 0 0 0
2146859703245829 123740962731712 drain_beg 0 0 0 0 0 0
2146859703246009 123740962731712 drain_end 1 0 0 0 0 0
2146859703246169 123740962731712 take 182 0 0 0 0 0
2146859703246279 123740962731712 subm_beg 1 0 0 0 0 0
2146859703246439 123740962731712 submit 182 0 0 0 0 0
2146859703246489 123740962731712 subm_end 1 0 0 0 0 0
2146859703246539 123740962731712 pump_beg 1 0 0 0 0 0
2146859703358185 123740962731712 feedend 181 0 0 0 0 0
2146859703362845 123740962731712 feedend 181 1 0 0 0 0
2146859706184822 123740962731712 outfirst 181 1 65536 0 0 0
2146859706507430 123740962731712 outfirst 181 0 65536 0 0 0
2146859706538769 123740962731712 pump_end 1 2 0 0 0 0
2146859706538829 123740962731712 book_beg 1 0 0 0 0 0
2146859706538919 123740962731712 batch 182 1 1 2 2 0
2146859706538969 123740962731712 book_end 1 0 0 0 0 0
2146859706539019 123740962731712 coll_beg 0 0 0 0 0 0
2146859706640905 123740962731712 coll_end 0 0 0 0 0 0
2146859706640975 123740962731712 rel_beg 1 0 0 0 0 0
2146859706641115 123740962731712 absorb 182 0 0 0 0 0
2146859706642705 123740962731712 rel_end 1 0 0 0 0 0
2146859706642755 123740962731712 emit_beg 182 0 0 0 0 0
2146859706643505 123740962731712 dmg 0 1 0 0 1024 768
2146859706643575 123740962731712 enc 181 181 1 -1 -1 0
2146859706660934 123740962731712 emit_end 182 0 0 0 0 0
2146859706660974 123740962731712 wait_beg 0 0 0 0 0 0
2146859707282682 123740962731712 wait_end 0 0 0 0 0 0
2146859707284352 123740962731712 drain_beg 0 0 0 0 0 0
2146859707284482 123740962731712 drain_end 1 0 0 0 0 0
2146859707284582 123740962731712 take 183 0 0 0 0 0
2146859707284672 123740962731712 subm_beg 1 0 0 0 0 0
2146859707284822 123740962731712 submit 183 0 0 0 0 0
2146859707284872 123740962731712 subm_end 1 0 0 0 0 0
2146859707284922 123740962731712 pump_beg 1 0 0 0 0 0
2146859707395598 123740962731712 feedend 182 0 0 0 0 0
2146859707398948 123740962731712 feedend 182 1 0 0 0 0
2146859702481177 123740976093056 ackslot 181 180 181 180 1 0
2146859702495226 123740976093056 send 18 0 0 180 180 2
2146859702856703 123740976093056 send 161390 0 0 180 180 2
2146859703176312 123740976093056 send 144811 0 0 180 180 2
2146859703179501 123740976093056 send 14 0 0 180 180 2
2146859703179671 123740976093056 egress 181 1 0 180 0 0
2146859703179771 123740976093056 ackregion 181 181 181 180 1 0
2146859703234469 123740976093056 msgin 182 4718592 0 0 0 0
2146859703234589 123740976093056 enq 182 1 0 0 0 0
2146859703863226 123740976093056 cliack 181 0 182 181 0 0
2146859706647925 123740976093056 ackslot 182 181 182 181 1 0
2146859706659404 123740976093056 send 18 0 0 181 181 2
2146859706957094 123740976093056 send 141766 0 0 181 181 2
2146859707227494 123740976093056 send 128199 0 0 181 181 2
2146859707230594 123740976093056 send 14 0 0 181 181 2
2146859707230714 123740976093056 egress 182 1 0 181 0 0
2146859707230744 123740976093056 ackregion 182 182 182 181 1 0
2146859707277252 123740976093056 msgin 183 4718592 0 0 0 0
2146859707277332 123740976093056 enq 183 1 0 0 0 0
2146859707773484 123740976093056 cliack 182 0 183 182 0 0
2146859710427427 123740962731712 outfirst 182 1 65536 0 0 0
2146859710975507 123740962731712 outfirst 182 0 65536 0 0 0
2146859711023325 123740962731712 pump_end 1 2 0 0 0 0
2146859711023435 123740962731712 book_beg 1 0 0 0 0 0
2146859711023585 123740962731712 batch 183 1 1 2 2 0
2146859711023655 123740962731712 book_end 1 0 0 0 0 0
2146859711023735 123740962731712 coll_beg 0 0 0 0 0 0
2146859711139781 123740962731712 coll_end 0 0 0 0 0 0
2146859711139931 123740962731712 rel_beg 1 0 0 0 0 0
2146859711140061 123740962731712 absorb 183 0 0 0 0 0
2146859711141631 123740962731712 rel_end 1 0 0 0 0 0
2146859711141691 123740962731712 emit_beg 183 0 0 0 0 0
2146859711142411 123740962731712 dmg 0 1 0 0 1024 768
2146859711142461 123740962731712 enc 182 182 1 -1 -1 0
2146859711163800 123740962731712 emit_end 183 0 0 0 0 0
2146859711163850 123740962731712 wait_beg 0 0 0 0 0 0
2146859711146301 123740976093056 ackslot 183 182 183 182 1 0
2146859711155770 123740976093056 send 18 0 0 182 182 2
2146859711542476 123740976093056 send 182720 0 0 182 182 2
2146859711864465 123740976093056 send 152993 0 0 182 182 2
2146859711867584 123740976093056 send 14 0 0 182 182 2
2146859711867694 123740976093056 egress 183 1 0 182 0 0
2146859711867824 123740976093056 ackregion 183 183 183 182 1 0
2146859712577129 123740976093056 cliack 183 0 184 183 0 0
2146859723007358 123740962731712 wait_end 0 0 0 0 0 0
2146859723010778 123740962731712 drain_beg 0 0 0 0 0 0
2146859723011348 123740962731712 drain_end 1 0 0 0 0 0
2146859723011528 123740962731712 take 184 0 0 0 0 0
2146859723011708 123740962731712 subm_beg 1 0 0 0 0 0
2146859723012368 123740962731712 submit 184 0 0 0 0 0
2146859723012518 123740962731712 subm_end 1 0 0 0 0 0
2146859723012578 123740962731712 pump_beg 1 0 0 0 0 0
2146859723156863 123740962731712 feedend 183 0 0 0 0 0
2146859723169962 123740962731712 feedend 183 1 0 0 0 0
2146859726187772 123740962731712 outfirst 183 1 65536 0 0 0
2146859726762021 123740962731712 outfirst 183 0 65536 0 0 0
2146859726832358 123740962731712 pump_end 1 2 0 0 0 0
2146859726832658 123740962731712 book_beg 1 0 0 0 0 0
2146859726833068 123740962731712 batch 184 1 1 2 2 0
2146859726833148 123740962731712 book_end 1 0 0 0 0 0
2146859726833208 123740962731712 coll_beg 0 0 0 0 0 0
2146859726965744 123740962731712 coll_end 0 0 0 0 0 0
2146859726965794 123740962731712 rel_beg 1 0 0 0 0 0
2146859726965904 123740962731712 absorb 184 0 0 0 0 0
2146859726969413 123740962731712 rel_end 1 0 0 0 0 0
2146859726969533 123740962731712 emit_beg 184 0 0 0 0 0
2146859726971343 123740962731712 dmg 0 1 0 0 1024 768
2146859726971603 123740962731712 enc 183 183 1 -1 -1 0
2146859726995652 123740962731712 emit_end 184 0 0 0 0 0
2146859726995782 123740962731712 wait_beg 0 0 0 0 0 0
2146859722987879 123740976093056 msgin 184 4718592 0 0 0 0
2146859722988229 123740976093056 enq 184 1 0 0 0 0
2146859726977743 123740976093056 ackslot 184 183 184 183 1 0
2146859727012262 123740976093056 send 18 0 0 183 183 2
2146859727632809 123740976093056 send 177088 0 0 183 183 2
2146859728142081 123740976093056 send 145626 0 0 183 183 2
2146859728147171 123740976093056 send 14 0 0 183 183 2
2146859728147461 123740976093056 egress 184 1 0 183 0 0
2146859728147531 123740976093056 ackregion 184 184 184 183 1 0
2146859728502848 123740976093056 cliack 184 0 185 184 0 0
2146859739204797 123740962731712 wait_end 0 0 0 0 0 0
2146859739206617 123740962731712 drain_beg 0 0 0 0 0 0
2146859739206907 123740962731712 drain_end 1 0 0 0 0 0
2146859739207037 123740962731712 take 185 0 0 0 0 0
2146859739207307 123740962731712 subm_beg 1 0 0 0 0 0
2146859739207737 123740962731712 submit 185 0 0 0 0 0
2146859739207877 123740962731712 subm_end 1 0 0 0 0 0
2146859739207897 123740962731712 pump_beg 1 0 0 0 0 0
2146859739351992 123740962731712 feedend 184 0 0 0 0 0
2146859739370371 123740962731712 feedend 184 1 0 0 0 0
2146859739197397 123740976093056 msgin 185 4718592 0 0 0 0
2146859739197667 123740976093056 enq 185 1 0 0 0 0
2146859742391411 123740962731712 outfirst 184 1 65536 0 0 0
2146859742959650 123740962731712 outfirst 184 0 65536 0 0 0
2146859742997899 123740962731712 pump_end 1 2 0 0 0 0
2146859742998189 123740962731712 book_beg 1 0 0 0 0 0
2146859742998499 123740962731712 batch 185 1 1 2 2 0
2146859742998579 123740962731712 book_end 1 0 0 0 0 0
2146859742998629 123740962731712 coll_beg 0 0 0 0 0 0
2146859743134744 123740962731712 coll_end 0 0 0 0 0 0
2146859743134804 123740962731712 rel_beg 1 0 0 0 0 0
2146859743134944 123740962731712 absorb 185 0 0 0 0 0
2146859743137544 123740962731712 rel_end 1 0 0 0 0 0
2146859743137674 123740962731712 emit_beg 185 0 0 0 0 0
2146859743139184 123740962731712 dmg 0 1 0 0 1024 768
2146859743139364 123740962731712 enc 184 184 1 -1 -1 0
2146859743164053 123740962731712 emit_end 185 0 0 0 0 0
2146859743164213 123740962731712 wait_beg 0 0 0 0 0 0
2146859743142284 123740976093056 ackslot 185 184 185 184 1 0
2146859743168013 123740976093056 send 18 0 0 184 184 2
2146859743574568 123740976093056 send 180746 0 0 184 184 2
2146859743906596 123740976093056 send 146715 0 0 184 184 2
2146859743911235 123740976093056 send 14 0 0 184 184 2
2146859743911405 123740976093056 egress 185 1 0 184 0 0
2146859743911455 123740976093056 ackregion 185 185 185 184 1 0
2146859744988876 123740976093056 cliack 185 0 186 185 0 0
2146859755121596 123740962731712 wait_end 0 0 0 0 0 0
2146859755123486 123740962731712 drain_beg 0 0 0 0 0 0
2146859755123696 123740962731712 drain_end 1 0 0 0 0 0
2146859755123796 123740962731712 take 186 0 0 0 0 0
2146859755123956 123740962731712 subm_beg 1 0 0 0 0 0
2146859755124406 123740962731712 submit 186 0 0 0 0 0
2146859755124466 123740962731712 subm_end 1 0 0 0 0 0
2146859755124526 123740962731712 pump_beg 1 0 0 0 0 0
2146859755257081 123740962731712 feedend 185 0 0 0 0 0
2146859755273141 123740962731712 feedend 185 1 0 0 0 0
2146859758326780 123740962731712 outfirst 185 1 65536 0 0 0
2146859758807102 123740962731712 outfirst 185 0 65536 0 0 0
2146859758857890 123740962731712 pump_end 1 2 0 0 0 0
2146859758858010 123740962731712 book_beg 1 0 0 0 0 0
2146859758858250 123740962731712 batch 186 1 1 2 2 0
2146859758858300 123740962731712 book_end 1 0 0 0 0 0
2146859758858350 123740962731712 coll_beg 0 0 0 0 0 0
2146859758981916 123740962731712 coll_end 0 0 0 0 0 0
2146859758981966 123740962731712 rel_beg 1 0 0 0 0 0
2146859758982046 123740962731712 absorb 186 0 0 0 0 0
2146859758985686 123740962731712 rel_end 1 0 0 0 0 0
2146859758985786 123740962731712 emit_beg 186 0 0 0 0 0
2146859758987075 123740962731712 dmg 0 1 0 0 1024 768
2146859758987155 123740962731712 enc 185 185 1 -1 -1 0
2146859759073392 123740962731712 emit_end 186 0 0 0 0 0
2146859759073462 123740962731712 wait_beg 0 0 0 0 0 0
2146859755114587 123740976093056 msgin 186 4718592 0 0 0 0
2146859755114757 123740976093056 enq 186 1 0 0 0 0
2146859758993955 123740976093056 ackslot 186 185 186 185 1 0
2146859759023254 123740976093056 send 18 0 0 185 185 2
2146859759692380 123740976093056 send 177038 0 0 185 185 2
2146859760207721 123740976093056 send 146900 0 0 185 185 2
2146859760214481 123740976093056 send 14 0 0 185 185 2
2146859760214731 123740976093056 egress 186 1 0 185 0 0
2146859760214791 123740976093056 ackregion 186 186 186 185 1 0
2146859760512850 123740976093056 cliack 186 0 187 186 0 0
2146859771176911 123740962731712 wait_end 0 0 0 0 0 0
2146859771178581 123740962731712 drain_beg 0 0 0 0 0 0
2146859771178771 123740962731712 drain_end 1 0 0 0 0 0
2146859771178861 123740962731712 take 187 0 0 0 0 0
2146859771179041 123740962731712 subm_beg 1 0 0 0 0 0
2146859771179311 123740962731712 submit 187 0 0 0 0 0
2146859771179361 123740962731712 subm_end 1 0 0 0 0 0
2146859771179411 123740962731712 pump_beg 1 0 0 0 0 0
2146859771310796 123740962731712 feedend 186 0 0 0 0 0
2146859771314066 123740962731712 feedend 186 1 0 0 0 0
2146859774157712 123740962731712 outfirst 186 1 65536 0 0 0
2146859774960263 123740962731712 outfirst 186 0 65536 0 0 0
2146859775012171 123740962731712 pump_end 1 2 0 0 0 0
2146859775012231 123740962731712 book_beg 1 0 0 0 0 0
2146859775012321 123740962731712 batch 187 1 1 2 2 0
2146859775012371 123740962731712 book_end 1 0 0 0 0 0
2146859775012421 123740962731712 coll_beg 0 0 0 0 0 0
2146859775138006 123740962731712 coll_end 0 0 0 0 0 0
2146859775138096 123740962731712 rel_beg 1 0 0 0 0 0
2146859775138216 123740962731712 absorb 187 0 0 0 0 0
2146859775140606 123740962731712 rel_end 1 0 0 0 0 0
2146859775140686 123740962731712 emit_beg 187 0 0 0 0 0
2146859775141806 123740962731712 dmg 0 1 0 0 1024 768
2146859775141846 123740962731712 enc 186 186 1 -1 -1 0
2146859775163535 123740962731712 emit_end 187 0 0 0 0 0
2146859775163575 123740962731712 wait_beg 0 0 0 0 0 0
2146859771171761 123740976093056 msgin 187 4718592 0 0 0 0
2146859771171841 123740976093056 enq 187 1 0 0 0 0
2146859775145306 123740976093056 ackslot 187 186 187 186 1 0
2146859775157316 123740976093056 send 18 0 0 186 186 2
2146859775553991 123740976093056 send 177349 0 0 186 186 2
2146859775856890 123740976093056 send 134533 0 0 186 186 2
2146859775860280 123740976093056 send 14 0 0 186 186 2
2146859775860400 123740976093056 egress 187 1 0 186 0 0
2146859775860430 123740976093056 ackregion 187 187 187 186 1 0
2146859776889272 123740976093056 cliack 187 0 188 187 0 0
2146859786625097 123740962731712 wait_end 0 0 0 0 0 0
2146859786626507 123740962731712 drain_beg 0 0 0 0 0 0
2146859786626717 123740962731712 drain_end 1 0 0 0 0 0
2146859786626837 123740962731712 take 188 0 0 0 0 0
2146859786626957 123740962731712 subm_beg 1 0 0 0 0 0
2146859786627067 123740962731712 submit 188 0 0 0 0 0
2146859786627097 123740962731712 subm_end 1 0 0 0 0 0
2146859786627117 123740962731712 pump_beg 1 0 0 0 0 0
2146859786740463 123740962731712 feedend 187 0 0 0 0 0
2146859786743423 123740962731712 feedend 187 1 0 0 0 0
2146859789720934 123740962731712 outfirst 187 1 65536 0 0 0
2146859790140079 123740962731712 outfirst 187 0 65536 0 0 0
2146859790164018 123740962731712 pump_end 1 2 0 0 0 0
2146859790164108 123740962731712 book_beg 1 0 0 0 0 0
2146859790164228 123740962731712 batch 188 1 1 2 2 0
2146859790164258 123740962731712 book_end 1 0 0 0 0 0
2146859790167188 123740962731712 coll_beg 0 0 0 0 0 0
2146859790236245 123740962731712 coll_end 0 0 0 0 0 0
2146859790236285 123740962731712 rel_beg 1 0 0 0 0 0
2146859790236355 123740962731712 absorb 188 0 0 0 0 0
2146859790237985 123740962731712 rel_end 1 0 0 0 0 0
2146859790238015 123740962731712 emit_beg 188 0 0 0 0 0
2146859790238685 123740962731712 dmg 0 1 0 0 1024 768
2146859790238735 123740962731712 enc 187 187 1 -1 -1 0
2146859790254065 123740962731712 emit_end 188 0 0 0 0 0
2146859790254115 123740962731712 wait_beg 0 0 0 0 0 0
2146859786620547 123740976093056 msgin 188 4718592 0 0 0 0
2146859786620617 123740976093056 enq 188 1 0 0 0 0
2146859790243005 123740976093056 ackslot 188 187 188 187 1 0
2146859790255555 123740976093056 send 18 0 0 187 187 2
2146859790598572 123740976093056 send 161885 0 0 187 187 2
2146859790898861 123740976093056 send 139965 0 0 187 187 2
2146859790901851 123740976093056 send 14 0 0 187 187 2
2146859790902041 123740976093056 egress 188 1 0 187 0 0
2146859790902071 123740976093056 ackregion 188 188 188 187 1 0
2146859791882105 123740976093056 cliack 188 0 189 188 0 0
2146859802337344 123740962731712 wait_end 0 0 0 0 0 0
2146859802339624 123740962731712 drain_beg 0 0 0 0 0 0
2146859802339884 123740962731712 drain_end 1 0 0 0 0 0
2146859802340054 123740962731712 take 189 0 0 0 0 0
2146859802340174 123740962731712 subm_beg 1 0 0 0 0 0
2146859802340324 123740962731712 submit 189 0 0 0 0 0
2146859802340374 123740962731712 subm_end 1 0 0 0 0 0
2146859802340434 123740962731712 pump_beg 1 0 0 0 0 0
2146859802472309 123740962731712 feedend 188 0 0 0 0 0
2146859802477579 123740962731712 feedend 188 1 0 0 0 0
2146859805328085 123740962731712 outfirst 188 1 65536 0 0 0
2146859805817027 123740962731712 outfirst 188 0 65536 0 0 0
2146859805873585 123740962731712 pump_end 1 2 0 0 0 0
2146859805873715 123740962731712 book_beg 1 0 0 0 0 0
2146859805873915 123740962731712 batch 189 1 1 2 2 0
2146859805873965 123740962731712 book_end 1 0 0 0 0 0
2146859805874015 123740962731712 coll_beg 0 0 0 0 0 0
2146859805977561 123740962731712 coll_end 0 0 0 0 0 0
2146859805977601 123740962731712 rel_beg 1 0 0 0 0 0
2146859805977671 123740962731712 absorb 189 0 0 0 0 0
2146859805979871 123740962731712 rel_end 1 0 0 0 0 0
2146859805979901 123740962731712 emit_beg 189 0 0 0 0 0
2146859805980691 123740962731712 dmg 0 1 0 0 1024 768
2146859805980761 123740962731712 enc 188 188 1 -1 -1 0
2146859805999320 123740962731712 emit_end 189 0 0 0 0 0
2146859805999360 123740962731712 wait_beg 0 0 0 0 0 0
2146859802318775 123740976093056 msgin 189 4718592 0 0 0 0
2146859802318885 123740976093056 enq 189 1 0 0 0 0
2146859805984701 123740976093056 ackslot 189 188 189 188 1 0
2146859805992160 123740976093056 send 18 0 0 188 188 2
2146859806309259 123740976093056 send 148305 0 0 188 188 2
2146859806561050 123740976093056 send 122209 0 0 188 188 2
2146859806564120 123740976093056 send 14 0 0 188 188 2
2146859806564220 123740976093056 egress 189 1 0 188 0 0
2146859806564310 123740976093056 ackregion 189 189 189 188 1 0
2146859807547784 123740976093056 cliack 189 0 190 189 0 0
2146859818973297 123740962731712 wait_end 0 0 0 0 0 0
2146859818975667 123740962731712 drain_beg 0 0 0 0 0 0
2146859818975927 123740962731712 drain_end 1 0 0 0 0 0
2146859818976077 123740962731712 take 190 0 0 0 0 0
2146859818976197 123740962731712 subm_beg 1 0 0 0 0 0
2146859818976347 123740962731712 submit 190 0 0 0 0 0
2146859818976427 123740962731712 subm_end 1 0 0 0 0 0
2146859818976477 123740962731712 pump_beg 1 0 0 0 0 0
2146859819125501 123740962731712 feedend 189 0 0 0 0 0
2146859819130131 123740962731712 feedend 189 1 0 0 0 0
2146859818955048 123740976093056 msgin 190 4718592 0 0 0 0
2146859818955118 123740976093056 enq 190 1 0 0 0 0
2146859822387822 123740962731712 outfirst 189 1 65536 0 0 0
2146859822824456 123740962731712 outfirst 189 0 65536 0 0 0
2146859822860155 123740962731712 pump_end 1 2 0 0 0 0
2146859822860285 123740962731712 book_beg 1 0 0 0 0 0
2146859822860405 123740962731712 batch 190 1 1 2 2 0
2146859822860455 123740962731712 book_end 1 0 0 0 0 0
2146859822860535 123740962731712 coll_beg 0 0 0 0 0 0
2146859822974051 123740962731712 coll_end 0 0 0 0 0 0
2146859822974211 123740962731712 rel_beg 1 0 0 0 0 0
2146859822974331 123740962731712 absorb 190 0 0 0 0 0
2146859822976451 123740962731712 rel_end 1 0 0 0 0 0
2146859822976511 123740962731712 emit_beg 190 0 0 0 0 0
2146859822977691 123740962731712 dmg 0 1 0 0 1024 768
2146859822977731 123740962731712 enc 189 189 1 -1 -1 0
2146859822998160 123740962731712 emit_end 190 0 0 0 0 0
2146859822998230 123740962731712 wait_beg 0 0 0 0 0 0
2146859822983881 123740976093056 ackslot 190 189 190 189 1 0
2146859823003970 123740976093056 send 18 0 0 189 189 2
2146859823602128 123740976093056 send 174245 0 0 189 189 2
2146859824102230 123740976093056 send 147973 0 0 189 189 2
2146859824110320 123740976093056 send 14 0 0 189 189 2
2146859824110420 123740976093056 egress 190 1 0 189 0 0
2146859824110450 123740976093056 ackregion 190 190 190 189 1 0
2146859824782195 123740976093056 cliack 190 0 191 190 0 0
2146859834405474 123740962731712 wait_end 0 0 0 0 0 0
2146859834408704 123740962731712 drain_beg 0 0 0 0 0 0
2146859834409214 123740962731712 drain_end 1 0 0 0 0 0
2146859834409364 123740962731712 take 191 0 0 0 0 0
2146859834409564 123740962731712 subm_beg 1 0 0 0 0 0
2146859834410124 123740962731712 submit 191 0 0 0 0 0
2146859834410204 123740962731712 subm_end 1 0 0 0 0 0
2146859834410284 123740962731712 pump_beg 1 0 0 0 0 0
2146859834568668 123740962731712 feedend 190 0 0 0 0 0
2146859834573768 123740962731712 feedend 190 1 0 0 0 0
2146859837263760 123740962731712 outfirst 190 1 65536 0 0 0
2146859837733162 123740962731712 outfirst 190 0 65536 0 0 0
2146859837765091 123740962731712 pump_end 1 2 0 0 0 0
2146859837765381 123740962731712 book_beg 1 0 0 0 0 0
2146859837765741 123740962731712 batch 191 1 1 2 2 0
2146859837765821 123740962731712 book_end 1 0 0 0 0 0
2146859837765901 123740962731712 coll_beg 0 0 0 0 0 0
2146859837856238 123740962731712 coll_end 0 0 0 0 0 0
2146859837856318 123740962731712 rel_beg 1 0 0 0 0 0
2146859837856518 123740962731712 absorb 191 0 0 0 0 0
2146859837859908 123740962731712 rel_end 1 0 0 0 0 0
2146859837860038 123740962731712 emit_beg 191 0 0 0 0 0
2146859837861638 123740962731712 dmg 0 1 0 0 1024 768
2146859837865908 123740962731712 enc 190 190 1 -1 -1 0
2146859837884437 123740962731712 emit_end 191 0 0 0 0 0
2146859837884637 123740962731712 wait_beg 0 0 0 0 0 0
2146859838628910 123740962731712 wait_end 0 0 0 0 0 0
2146859838630290 123740962731712 drain_beg 0 0 0 0 0 0
2146859838630510 123740962731712 drain_end 1 0 0 0 0 0
2146859838630620 123740962731712 take 192 0 0 0 0 0
2146859838630710 123740962731712 subm_beg 1 0 0 0 0 0
2146859838630880 123740962731712 submit 192 0 0 0 0 0
2146859838630910 123740962731712 subm_end 1 0 0 0 0 0
2146859838630950 123740962731712 pump_beg 1 0 0 0 0 0
2146859838739816 123740962731712 feedend 191 0 0 0 0 0
2146859838742856 123740962731712 feedend 191 1 0 0 0 0
2146859834388725 123740976093056 msgin 191 4718592 0 0 0 0
2146859834388825 123740976093056 enq 191 1 0 0 0 0
2146859837867918 123740976093056 ackslot 191 190 191 190 1 0
2146859837888127 123740976093056 send 18 0 0 190 190 2
2146859838341050 123740976093056 send 131603 0 0 190 190 2
2146859838576182 123740976093056 send 106732 0 0 190 190 2
2146859838579332 123740976093056 send 14 0 0 190 190 2
2146859838579412 123740976093056 egress 191 1 0 190 0 0
2146859838579442 123740976093056 ackregion 191 191 191 190 1 0
2146859838624640 123740976093056 msgin 192 4718592 0 0 0 0
2146859838624730 123740976093056 enq 192 1 0 0 0 0
2146859839394742 123740976093056 cliack 191 0 192 191 0 0
2146859842464160 123740962731712 outfirst 191 1 65536 0 0 0
2146859842840246 123740962731712 outfirst 191 0 65536 0 0 0
2146859842901824 123740962731712 pump_end 1 2 0 0 0 0
2146859842902024 123740962731712 book_beg 1 0 0 0 0 0
2146859842902204 123740962731712 batch 192 1 1 2 2 0
2146859842902254 123740962731712 book_end 1 0 0 0 0 0
2146859842902334 123740962731712 coll_beg 0 0 0 0 0 0
2146859843063768 123740962731712 coll_end 0 0 0 0 0 0
2146859843063868 123740962731712 rel_beg 1 0 0 0 0 0
2146859843063948 123740962731712 absorb 192 0 0 0 0 0
2146859843066438 123740962731712 rel_end 1 0 0 0 0 0
2146859843066478 123740962731712 emit_beg 192 0 0 0 0 0
2146859843067638 123740962731712 dmg 0 1 0 0 1024 768
2146859843067698 123740962731712 enc 191 191 1 -1 -1 0
2146859843097137 123740962731712 emit_end 192 0 0 0 0 0
2146859843097207 123740962731712 wait_beg 0 0 0 0 0 0
2146859843097837 123740962731712 wait_end 0 0 0 0 0 0
2146859843099487 123740962731712 drain_beg 0 0 0 0 0 0
2146859843099607 123740962731712 drain_end 1 0 0 0 0 0
2146859843099747 123740962731712 take 193 0 0 0 0 0
2146859843099867 123740962731712 subm_beg 1 0 0 0 0 0
2146859843099957 123740962731712 submit 193 0 0 0 0 0
2146859843099997 123740962731712 subm_end 1 0 0 0 0 0
2146859843100027 123740962731712 pump_beg 1 0 0 0 0 0
2146859843227352 123740962731712 feedend 192 0 0 0 0 0
2146859843232312 123740962731712 feedend 192 1 0 0 0 0
2146859845818188 123740962731712 outfirst 192 1 65536 0 0 0
2146859846426855 123740962731712 outfirst 192 0 65536 0 0 0
2146859846452834 123740962731712 pump_end 1 2 0 0 0 0
2146859846453014 123740962731712 book_beg 1 0 0 0 0 0
2146859846453204 123740962731712 batch 193 1 1 2 2 0
2146859846453234 123740962731712 book_end 1 0 0 0 0 0
2146859846453264 123740962731712 coll_beg 0 0 0 0 0 0
2146859846519422 123740962731712 coll_end 0 0 0 0 0 0
2146859846519552 123740962731712 rel_beg 1 0 0 0 0 0
2146859846519782 123740962731712 absorb 193 0 0 0 0 0
2146859846521582 123740962731712 rel_end 1 0 0 0 0 0
2146859846521732 123740962731712 emit_beg 193 0 0 0 0 0
2146859846522692 123740962731712 dmg 0 1 0 0 1024 768
2146859846522982 123740962731712 enc 192 192 1 -1 -1 0
2146859846538881 123740962731712 emit_end 193 0 0 0 0 0
2146859846539041 123740962731712 wait_beg 0 0 0 0 0 0
2146859842380043 123740976093056 msgin 193 4718592 0 0 0 0
2146859842380103 123740976093056 enq 193 1 0 0 0 0
2146859843070508 123740976093056 ackslot 192 191 192 191 1 0
2146859843080797 123740976093056 send 18 0 0 191 191 2
2146859843569600 123740976093056 send 229161 0 0 191 191 2
2146859844003714 123740976093056 send 205469 0 0 191 191 2
2146859844006704 123740976093056 send 14 0 0 191 191 2
2146859844006834 123740976093056 egress 192 1 0 191 0 0
2146859844006864 123740976093056 ackregion 192 192 192 191 1 0
2146859845401513 123740976093056 cliack 192 0 193 192 0 0
2146859846527462 123740976093056 ackslot 193 192 193 192 1 0
2146859846560980 123740976093056 send 18 0 0 192 192 2
2146859846908348 123740976093056 send 145299 0 0 192 192 2
2146859847154449 123740976093056 send 105300 0 0 192 192 2
2146859847157599 123740976093056 send 14 0 0 192 192 2
2146859847157919 123740976093056 egress 193 1 0 192 0 0
2146859847158079 123740976093056 ackregion 193 193 193 192 1 0
2146859847609132 123740976093056 cliack 193 0 194 193 0 0
2146859858646790 123740962731712 wait_end 0 0 0 0 0 0
2146859858649149 123740962731712 drain_beg 0 0 0 0 0 0
2146859858649419 123740962731712 drain_end 1 0 0 0 0 0
2146859858649649 123740962731712 take 194 0 0 0 0 0
2146859858649779 123740962731712 subm_beg 1 0 0 0 0 0
2146859858650079 123740962731712 submit 194 0 0 0 0 0
2146859858650129 123740962731712 subm_end 1 0 0 0 0 0
2146859858650189 123740962731712 pump_beg 1 0 0 0 0 0
2146859858787354 123740962731712 feedend 193 0 0 0 0 0
2146859858792334 123740962731712 feedend 193 1 0 0 0 0
2146859858626360 123740976093056 msgin 194 4718592 0 0 0 0
2146859858626800 123740976093056 enq 194 1 0 0 0 0
2146859862324955 123740962731712 outfirst 193 1 65536 0 0 0
2146859862748730 123740962731712 outfirst 193 0 65536 0 0 0
2146859862787248 123740962731712 pump_end 1 2 0 0 0 0
2146859862787358 123740962731712 book_beg 1 0 0 0 0 0
2146859862787518 123740962731712 batch 194 1 1 2 2 0
2146859862787548 123740962731712 book_end 1 0 0 0 0 0
2146859862787578 123740962731712 coll_beg 0 0 0 0 0 0
2146859862892565 123740962731712 coll_end 0 0 0 0 0 0
2146859862892605 123740962731712 rel_beg 1 0 0 0 0 0
2146859862892685 123740962731712 absorb 194 0 0 0 0 0
2146859862894735 123740962731712 rel_end 1 0 0 0 0 0
2146859862894775 123740962731712 emit_beg 194 0 0 0 0 0
2146859862895415 123740962731712 dmg 0 1 0 0 1024 768
2146859862895555 123740962731712 enc 193 193 1 -1 -1 0
2146859862919564 123740962731712 emit_end 194 0 0 0 0 0
2146859862919594 123740962731712 wait_beg 0 0 0 0 0 0
2146859862901034 123740976093056 ackslot 194 193 194 193 1 0
2146859862924743 123740976093056 send 18 0 0 193 193 2
2146859863444225 123740976093056 send 221187 0 0 193 193 2
2146859863910028 123740976093056 send 201406 0 0 193 193 2
2146859863914327 123740976093056 send 14 0 0 193 193 2
2146859863914587 123740976093056 egress 194 1 0 193 0 0
2146859863914617 123740976093056 ackregion 194 194 194 193 1 0
2146859864980199 123740976093056 cliack 194 0 195 194 0 0
2146859874601218 123740962731712 wait_end 0 0 0 0 0 0
2146859874602827 123740962731712 drain_beg 0 0 0 0 0 0
2146859874602997 123740962731712 drain_end 1 0 0 0 0 0
2146859874603127 123740962731712 take 195 0 0 0 0 0
2146859874608297 123740962731712 subm_beg 1 0 0 0 0 0
2146859874608587 123740962731712 submit 195 0 0 0 0 0
2146859874608717 123740962731712 subm_end 1 0 0 0 0 0
2146859874608737 123740962731712 pump_beg 1 0 0 0 0 0
2146859874739072 123740962731712 feedend 194 0 0 0 0 0
2146859874742172 123740962731712 feedend 194 1 0 0 0 0
2146859877492652 123740962731712 outfirst 194 1 65536 0 0 0
2146859877954115 123740962731712 outfirst 194 0 65536 0 0 0
2146859877983644 123740962731712 pump_end 1 2 0 0 0 0
2146859877983754 123740962731712 book_beg 1 0 0 0 0 0
2146859877983934 123740962731712 batch 195 1 1 2 2 0
2146859877983984 123740962731712 book_end 1 0 0 0 0 0
2146859877984044 123740962731712 coll_beg 0 0 0 0 0 0
2146859878082210 123740962731712 coll_end 0 0 0 0 0 0
2146859878082390 123740962731712 rel_beg 1 0 0 0 0 0
2146859878082530 123740962731712 absorb 195 0 0 0 0 0
2146859878085120 123740962731712 rel_end 1 0 0 0 0 0
2146859878085230 123740962731712 emit_beg 195 0 0 0 0 0
2146859878086690 123740962731712 dmg 0 1 0 0 1024 768
2146859878086720 123740962731712 enc 194 194 1 -1 -1 0
2146859878103530 123740962731712 emit_end 195 0 0 0 0 0
2146859878103610 123740962731712 wait_beg 0 0 0 0 0 0
2146859874586878 123740976093056 msgin 195 4718592 0 0 0 0
2146859874587078 123740976093056 enq 195 1 0 0 0 0
2146859878090810 123740976093056 ackslot 195 194 195 194 1 0
2146859878104730 123740976093056 send 18 0 0 194 194 2
2146859878390799 123740976093056 send 132362 0 0 194 194 2
2146859878619241 123740976093056 send 109998 0 0 194 194 2
2146859878622341 123740976093056 send 14 0 0 194 194 2
2146859878622491 123740976093056 egress 195 1 0 194 0 0
2146859878622521 123740976093056 ackregion 195 195 195 194 1 0
2146859879571156 123740976093056 cliack 195 0 196 195 0 0
2146859890680671 123740962731712 wait_end 0 0 0 0 0 0
2146859890683021 123740962731712 drain_beg 0 0 0 0 0 0
2146859890683211 123740962731712 drain_end 1 0 0 0 0 0
2146859890683321 123740962731712 take 196 0 0 0 0 0
2146859890683441 123740962731712 subm_beg 1 0 0 0 0 0
2146859890683801 123740962731712 submit 196 0 0 0 0 0
2146859890683851 123740962731712 subm_end 1 0 0 0 0 0
2146859890683911 123740962731712 pump_beg 1 0 0 0 0 0
2146859890813416 123740962731712 feedend 195 0 0 0 0 0
2146859890820736 123740962731712 feedend 195 1 0 0 0 0
2146859890662312 123740976093056 msgin 196 4718592 0 0 0 0
2146859890662502 123740976093056 enq 196 1 0 0 0 0
2146859893697521 123740962731712 outfirst 195 1 65536 0 0 0
2146859894292529 123740962731712 outfirst 195 0 65536 0 0 0
2146859894342277 123740962731712 pump_end 1 2 0 0 0 0
2146859894342427 123740962731712 book_beg 1 0 0 0 0 0
2146859894342627 123740962731712 batch 196 1 1 2 2 0
2146859894342677 123740962731712 book_end 1 0 0 0 0 0
2146859894342697 123740962731712 coll_beg 0 0 0 0 0 0
2146859894450563 123740962731712 coll_end 0 0 0 0 0 0
2146859894450643 123740962731712 rel_beg 1 0 0 0 0 0
2146859894450783 123740962731712 absorb 196 0 0 0 0 0
2146859894453363 123740962731712 rel_end 1 0 0 0 0 0
2146859894453523 123740962731712 emit_beg 196 0 0 0 0 0
2146859894454323 123740962731712 dmg 0 1 0 0 1024 768
2146859894454383 123740962731712 enc 195 195 1 -1 -1 0
2146859894474622 123740962731712 emit_end 196 0 0 0 0 0
2146859894474702 123740962731712 wait_beg 0 0 0 0 0 0
2146859894458733 123740976093056 ackslot 196 195 196 195 1 0
2146859894477722 123740976093056 send 18 0 0 195 195 2
2146859894833149 123740976093056 send 167047 0 0 195 195 2
2146859895124919 123740976093056 send 132009 0 0 195 195 2
2146859895128239 123740976093056 send 14 0 0 195 195 2
2146859895128349 123740976093056 egress 196 1 0 195 0 0
2146859895128389 123740976093056 ackregion 196 196 196 195 1 0
2146859896002927 123740976093056 cliack 196 0 197 196 0 0
2146859906887360 123740962731712 wait_end 0 0 0 0 0 0
2146859906889680 123740962731712 drain_beg 0 0 0 0 0 0
2146859906889990 123740962731712 drain_end 1 0 0 0 0 0
2146859906890119 123740962731712 take 197 0 0 0 0 0
2146859906890219 123740962731712 subm_beg 1 0 0 0 0 0
2146859906890319 123740962731712 submit 197 0 0 0 0 0
2146859906890349 123740962731712 subm_end 1 0 0 0 0 0
2146859906890379 123740962731712 pump_beg 1 0 0 0 0 0
2146859907038494 123740962731712 feedend 196 0 0 0 0 0
2146859907043654 123740962731712 feedend 196 1 0 0 0 0
2146859909936908 123740962731712 outfirst 196 1 65536 0 0 0
2146859910418551 123740962731712 outfirst 196 0 65536 0 0 0
2146859910476559 123740962731712 pump_end 1 2 0 0 0 0
2146859910476649 123740962731712 book_beg 1 0 0 0 0 0
2146859910476809 123740962731712 batch 197 1 1 2 2 0
2146859910476859 123740962731712 book_end 1 0 0 0 0 0
2146859910476919 123740962731712 coll_beg 0 0 0 0 0 0
2146859910589145 123740962731712 coll_end 0 0 0 0 0 0
2146859910589185 123740962731712 rel_beg 1 0 0 0 0 0
2146859910589265 123740962731712 absorb 197 0 0 0 0 0
2146859910591224 123740962731712 rel_end 1 0 0 0 0 0
2146859910591284 123740962731712 emit_beg 197 0 0 0 0 0
2146859910592134 123740962731712 dmg 0 1 0 0 1024 768
2146859910592194 123740962731712 enc 196 196 1 -1 -1 0
2146859910609644 123740962731712 emit_end 197 0 0 0 0 0
2146859910609694 123740962731712 wait_beg 0 0 0 0 0 0
2146859906868660 123740976093056 msgin 197 4718592 0 0 0 0
2146859906868790 123740976093056 enq 197 1 0 0 0 0
2146859910614164 123740976093056 ackslot 197 196 197 196 1 0
2146859910637153 123740976093056 send 18 0 0 196 196 2
2146859911173153 123740976093056 send 154314 0 0 196 196 2
2146859911519051 123740976093056 send 129124 0 0 196 196 2
2146859911523600 123740976093056 send 14 0 0 196 196 2
2146859911523730 123740976093056 egress 197 1 0 196 0 0
2146859911523760 123740976093056 ackregion 197 197 197 196 1 0
2146859912064561 123740976093056 cliack 197 0 198 197 0 0
2146859923118267 123740962731712 wait_end 0 0 0 0 0 0
2146859923122077 123740962731712 drain_beg 0 0 0 0 0 0
2146859923122287 123740962731712 drain_end 1 0 0 0 0 0
2146859923122367 123740962731712 take 198 0 0 0 0 0
2146859923122497 123740962731712 subm_beg 1 0 0 0 0 0
2146859923122637 123740962731712 submit 198 0 0 0 0 0
2146859923122687 123740962731712 subm_end 1 0 0 0 0 0
2146859923122737 123740962731712 pump_beg 1 0 0 0 0 0
2146859923247443 123740962731712 feedend 197 0 0 0 0 0
2146859923252283 123740962731712 feedend 197 1 0 0 0 0
2146859926114978 123740962731712 outfirst 197 1 65536 0 0 0
2146859926624869 123740962731712 outfirst 197 0 65536 0 0 0
2146859926667828 123740962731712 pump_end 1 2 0 0 0 0
2146859926667988 123740962731712 book_beg 1 0 0 0 0 0
2146859926668258 123740962731712 batch 198 1 1 2 2 0
2146859926668328 123740962731712 book_end 1 0 0 0 0 0
2146859926668378 123740962731712 coll_beg 0 0 0 0 0 0
2146859926769614 123740962731712 coll_end 0 0 0 0 0 0
2146859926769674 123740962731712 rel_beg 1 0 0 0 0 0
2146859926769804 123740962731712 absorb 198 0 0 0 0 0
2146859926771844 123740962731712 rel_end 1 0 0 0 0 0
2146859926771924 123740962731712 emit_beg 198 0 0 0 0 0
2146859926772944 123740962731712 dmg 0 1 0 0 1024 768
2146859926773014 123740962731712 enc 197 197 1 -1 -1 0
2146859926791173 123740962731712 emit_end 198 0 0 0 0 0
2146859926791273 123740962731712 wait_beg 0 0 0 0 0 0
2146859923099188 123740976093056 msgin 198 4718592 0 0 0 0
2146859923099308 123740976093056 enq 198 1 0 0 0 0
2146859926794453 123740976093056 ackslot 198 197 198 197 1 0
2146859926819342 123740976093056 send 18 0 0 197 197 2
2146859927437220 123740976093056 send 153803 0 0 197 197 2
2146859927879424 123740976093056 send 127919 0 0 197 197 2
2146859927890553 123740976093056 send 14 0 0 197 197 2
2146859927891053 123740976093056 egress 198 1 0 197 0 0
2146859927891173 123740976093056 ackregion 198 198 198 197 1 0
2146859928249110 123740976093056 cliack 198 0 199 198 0 0
2146859938742187 123740962731712 wait_end 0 0 0 0 0 0
2146859938745587 123740962731712 drain_beg 0 0 0 0 0 0
2146859938746067 123740962731712 drain_end 1 0 0 0 0 0
2146859938746257 123740962731712 take 199 0 0 0 0 0
2146859938746567 123740962731712 subm_beg 1 0 0 0 0 0
2146859938746957 123740962731712 submit 199 0 0 0 0 0
2146859938747037 123740962731712 subm_end 1 0 0 0 0 0
2146859938747107 123740962731712 pump_beg 1 0 0 0 0 0
2146859938876593 123740962731712 feedend 198 0 0 0 0 0
2146859938881172 123740962731712 feedend 198 1 0 0 0 0
2146859938721768 123740976093056 msgin 199 4718592 0 0 0 0
2146859938722188 123740976093056 enq 199 1 0 0 0 0
2146859941833895 123740962731712 outfirst 198 1 65536 0 0 0
2146859942363445 123740962731712 outfirst 198 0 65536 0 0 0
2146859942424833 123740962731712 pump_end 1 2 0 0 0 0
2146859942424973 123740962731712 book_beg 1 0 0 0 0 0
2146859942425203 123740962731712 batch 199 1 1 2 2 0
2146859942425253 123740962731712 book_end 1 0 0 0 0 0
2146859942425303 123740962731712 coll_beg 0 0 0 0 0 0
2146859942496800 123740962731712 coll_end 0 0 0 0 0 0
2146859942496940 123740962731712 rel_beg 1 0 0 0 0 0
2146859942497030 123740962731712 absorb 199 0 0 0 0 0
2146859942499400 123740962731712 rel_end 1 0 0 0 0 0
2146859942499500 123740962731712 emit_beg 199 0 0 0 0 0
2146859942500660 123740962731712 dmg 0 1 0 0 1024 768
2146859942500740 123740962731712 enc 198 198 1 -1 -1 0
2146859942516680 123740962731712 emit_end 199 0 0 0 0 0
2146859942516750 123740962731712 wait_beg 0 0 0 0 0 0
2146859942523659 123740976093056 ackslot 199 198 199 198 1 0
2146859942554778 123740976093056 send 18 0 0 198 198 2
2146859943138807 123740976093056 send 163609 0 0 198 198 2
2146859943515023 123740976093056 send 134749 0 0 198 198 2
2146859943518183 123740976093056 send 14 0 0 198 198 2
2146859943518403 123740976093056 egress 199 1 0 198 0 0
2146859943518473 123740976093056 ackregion 199 199 199 198 1 0
2146859944079853 123740976093056 cliack 199 0 200 199 0 0
2146859955086471 123740962731712 wait_end 0 0 0 0 0 0
2146859955090701 123740962731712 drain_beg 0 0 0 0 0 0
2146859955091161 123740962731712 drain_end 1 0 0 0 0 0
2146859955091491 123740962731712 take 200 0 0 0 0 0
2146859955091901 123740962731712 subm_beg 1 0 0 0 0 0
2146859955092401 123740962731712 submit 200 0 0 0 0 0
2146859955092471 123740962731712 subm_end 1 0 0 0 0 0
2146859955092551 123740962731712 pump_beg 1 0 0 0 0 0
2146859955222476 123740962731712 feedend 199 0 0 0 0 0
2146859955231966 123740962731712 feedend 199 1 0 0 0 0
2146859957935357 123740962731712 outfirst 199 1 65536 0 0 0
2146859958403830 123740962731712 outfirst 199 0 65536 0 0 0
2146859958431359 123740962731712 pump_end 1 2 0 0 0 0
2146859958431519 123740962731712 book_beg 1 0 0 0 0 0
2146859958431779 123740962731712 batch 200 1 1 2 2 0
2146859958431829 123740962731712 book_end 1 0 0 0 0 0
2146859958431879 123740962731712 coll_beg 0 0 0 0 0 0
2146859958494127 123740962731712 coll_end 0 0 0 0 0 0
2146859958494197 123740962731712 rel_beg 1 0 0 0 0 0
2146859958494477 123740962731712 absorb 200 0 0 0 0 0
2146859958497547 123740962731712 rel_end 1 0 0 0 0 0
2146859958497617 123740962731712 emit_beg 200 0 0 0 0 0
2146859958498857 123740962731712 dmg 0 1 0 0 1024 768
2146859958498957 123740962731712 enc 199 199 1 -1 -1 0
2146859958514806 123740962731712 emit_end 200 0 0 0 0 0
2146859958514916 123740962731712 wait_beg 0 0 0 0 0 0
2146859955067292 123740976093056 msgin 200 4718592 0 0 0 0
2146859955067612 123740976093056 enq 200 1 0 0 0 0
2146859958505996 123740976093056 ackslot 200 199 200 199 1 0
2146859958531815 123740976093056 send 18 0 0 199 199 2
2146859958834224 123740976093056 send 133810 0 0 199 199 2
2146859959088515 123740976093056 send 109747 0 0 199 199 2
2146859959091795 123740976093056 send 14 0 0 199 199 2
2146859959091995 123740976093056 egress 200 1 0 199 0 0
2146859959092085 123740976093056 ackregion 200 200 200 199 1 0
2146859959598507 123740976093056 cliack 200 0 201 200 0 0
2146859970910434 123740962731712 wait_end 0 0 0 0 0 0
2146859970912864 123740962731712 drain_beg 0 0 0 0 0 0
2146859970913134 123740962731712 drain_end 1 0 0 0 0 0
2146859970913264 123740962731712 take 201 0 0 0 0 0
2146859970913494 123740962731712 subm_beg 1 0 0 0 0 0
2146859970914034 123740962731712 submit 201 0 0 0 0 0
2146859970914114 123740962731712 subm_end 1 0 0 0 0 0
2146859970914374 123740962731712 pump_beg 1 0 0 0 0 0
2146859971122996 123740962731712 feedend 200 0 0 0 0 0
2146859971130126 123740962731712 feedend 200 1 0 0 0 0
2146859970891315 123740976093056 msgin 201 4718592 0 0 0 0
2146859970891635 123740976093056 enq 201 1 0 0 0 0
2146859973963702 123740962731712 outfirst 200 1 65536 0 0 0
2146859974395747 123740962731712 outfirst 200 0 65536 0 0 0
2146859974446115 123740962731712 pump_end 1 2 0 0 0 0
2146859974446255 123740962731712 book_beg 1 0 0 0 0 0
2146859974446345 123740962731712 batch 201 1 1 2 2 0
2146859974446375 123740962731712 book_end 1 0 0 0 0 0
2146859974446395 123740962731712 coll_beg 0 0 0 0 0 0
2146859974550271 123740962731712 coll_end 0 0 0 0 0 0
2146859974550341 123740962731712 rel_beg 1 0 0 0 0 0
2146859974555171 123740962731712 absorb 201 0 0 0 0 0
2146859974557501 123740962731712 rel_end 1 0 0 0 0 0
2146859974557561 123740962731712 emit_beg 201 0 0 0 0 0
2146859974559021 123740962731712 dmg 0 1 0 0 1024 768
2146859974559201 123740962731712 enc 200 200 1 -1 -1 0
2146859974578510 123740962731712 emit_end 201 0 0 0 0 0
2146859974578570 123740962731712 wait_beg 0 0 0 0 0 0
2146859974566810 123740976093056 ackslot 201 200 201 200 1 0
2146859974586590 123740976093056 send 18 0 0 200 200 2
2146859975104861 123740976093056 send 145864 0 0 200 200 2
2146859975546735 123740976093056 send 120125 0 0 200 200 2
2146859975549915 123740976093056 send 14 0 0 200 200 2
2146859975550165 123740976093056 egress 201 1 0 200 0 0
2146859975550205 123740976093056 ackregion 201 201 201 200 1 0
2146859976026827 123740976093056 cliack 201 0 202 201 0 0
2146859987336245 123740962731712 wait_end 0 0 0 0 0 0
2146859987338145 123740962731712 drain_beg 0 0 0 0 0 0
2146859987338495 123740962731712 drain_end 1 0 0 0 0 0
2146859987338625 123740962731712 take 202 0 0 0 0 0
2146859987338975 123740962731712 subm_beg 1 0 0 0 0 0
2146859987339634 123740962731712 submit 202 0 0 0 0 0
2146859987339684 123740962731712 subm_end 1 0 0 0 0 0
2146859987339724 123740962731712 pump_beg 1 0 0 0 0 0
2146859987470380 123740962731712 feedend 201 0 0 0 0 0
2146859987475460 123740962731712 feedend 201 1 0 0 0 0
2146859990609895 123740962731712 outfirst 201 1 65536 0 0 0
2146859991168675 123740962731712 outfirst 201 0 65536 0 0 0
2146859991215993 123740962731712 pump_end 1 2 0 0 0 0
2146859991216193 123740962731712 book_beg 1 0 0 0 0 0
2146859991216683 123740962731712 batch 202 1 1 2 2 0
2146859991216763 123740962731712 book_end 1 0 0 0 0 0
2146859991216823 123740962731712 coll_beg 0 0 0 0 0 0
2146859991357538 123740962731712 coll_end 0 0 0 0 0 0
2146859991357598 123740962731712 rel_beg 1 0 0 0 0 0
2146859991357708 123740962731712 absorb 202 0 0 0 0 0
2146859991360748 123740962731712 rel_end 1 0 0 0 0 0
2146859991360858 123740962731712 emit_beg 202 0 0 0 0 0
2146859991362418 123740962731712 dmg 0 1 0 0 1024 768
2146859991362608 123740962731712 enc 201 201 1 -1 -1 0
2146859991388537 123740962731712 emit_end 202 0 0 0 0 0
2146859991388617 123740962731712 wait_beg 0 0 0 0 0 0
2146859987329805 123740976093056 msgin 202 4718592 0 0 0 0
2146859987330145 123740976093056 enq 202 1 0 0 0 0
2146859991368978 123740976093056 ackslot 202 201 202 201 1 0
2146859991390137 123740976093056 send 18 0 0 201 201 2
2146859992061442 123740976093056 send 190268 0 0 201 201 2
2146859992543185 123740976093056 send 160725 0 0 201 201 2
2146859992546455 123740976093056 send 14 0 0 201 201 2
2146859992546635 123740976093056 egress 202 1 0 201 0 0
2146859992546665 123740976093056 ackregion 202 202 202 201 1 0
2146859993210630 123740976093056 cliack 202 0 203 202 0 0
2146860002436664 123740962731712 wait_end 0 0 0 0 0 0
2146860002440104 123740962731712 drain_beg 0 0 0 0 0 0
2146860002440634 123740962731712 drain_end 1 0 0 0 0 0
2146860002440854 123740962731712 take 203 0 0 0 0 0
2146860002441284 123740962731712 subm_beg 1 0 0 0 0 0
2146860002442023 123740962731712 submit 203 0 0 0 0 0
2146860002442083 123740962731712 subm_end 1 0 0 0 0 0
2146860002442283 123740962731712 pump_beg 1 0 0 0 0 0
2146860002596878 123740962731712 feedend 202 0 0 0 0 0
2146860002602048 123740962731712 feedend 202 1 0 0 0 0
2146860005484013 123740962731712 outfirst 202 1 65536 0 0 0
2146860005898907 123740962731712 outfirst 202 0 65536 0 0 0
2146860005937716 123740962731712 pump_end 1 2 0 0 0 0
2146860005938086 123740962731712 book_beg 1 0 0 0 0 0
2146860005938606 123740962731712 batch 203 1 1 2 2 0
2146860005938666 123740962731712 book_end 1 0 0 0 0 0
2146860005938716 123740962731712 coll_beg 0 0 0 0 0 0
2146860006057192 123740962731712 coll_end 0 0 0 0 0 0
2146860006057232 123740962731712 rel_beg 1 0 0 0 0 0
2146860006057432 123740962731712 absorb 203 0 0 0 0 0
2146860006060341 123740962731712 rel_end 1 0 0 0 0 0
2146860006060451 123740962731712 emit_beg 203 0 0 0 0 0
2146860006062031 123740962731712 dmg 0 1 0 0 1024 768
2146860006062221 123740962731712 enc 202 202 1 -1 -1 0
2146860006081121 123740962731712 emit_end 203 0 0 0 0 0
2146860006081191 123740962731712 wait_beg 0 0 0 0 0 0
2146860002426484 123740976093056 msgin 203 4718592 0 0 0 0
2146860002426734 123740976093056 enq 203 1 0 0 0 0
2146860006083371 123740976093056 ackslot 203 202 203 202 1 0
2146860006125799 123740976093056 send 18 0 0 202 202 2
2146860006651580 123740976093056 send 147417 0 0 202 202 2
2146860007111703 123740976093056 send 127250 0 0 202 202 2
2146860007116773 123740976093056 send 14 0 0 202 202 2
2146860007116983 123740976093056 egress 203 1 0 202 0 0
2146860007117163 123740976093056 ackregion 203 203 203 202 1 0
2146860007675983 123740976093056 cliack 203 0 204 203 0 0
2146860018314024 123740962731712 wait_end 0 0 0 0 0 0
2146860018316324 123740962731712 drain_beg 0 0 0 0 0 0
2146860018316644 123740962731712 drain_end 1 0 0 0 0 0
2146860018316804 123740962731712 take 204 0 0 0 0 0
2146860018316974 123740962731712 subm_beg 1 0 0 0 0 0
2146860018317304 123740962731712 submit 204 0 0 0 0 0
2146860018317364 123740962731712 subm_end 1 0 0 0 0 0
2146860018317414 123740962731712 pump_beg 1 0 0 0 0 0
2146860018502738 123740962731712 feedend 203 1 0 0 0 0
2146860018696960 123740962731712 feedend 203 0 0 0 0 0
2146860021795937 123740962731712 outfirst 203 1 65536 0 0 0
2146860018295005 123740976093056 msgin 204 4718592 0 0 0 0
2146860018295095 123740976093056 enq 204 1 0 0 0 0
2146860022525241 123740962731712 outfirst 203 0 65536 0 0 0
2146860022560850 123740962731712 pump_end 1 2 0 0 0 0
2146860022560930 123740962731712 book_beg 1 0 0 0 0 0
2146860022561070 123740962731712 batch 204 1 1 2 2 0
2146860022561100 123740962731712 book_end 1 0 0 0 0 0
2146860022561130 123740962731712 coll_beg 0 0 0 0 0 0
2146860022635157 123740962731712 coll_end 0 0 0 0 0 0
2146860022635197 123740962731712 rel_beg 1 0 0 0 0 0
2146860022635277 123740962731712 absorb 204 0 0 0 0 0
2146860022637027 123740962731712 rel_end 1 0 0 0 0 0
2146860022637067 123740962731712 emit_beg 204 0 0 0 0 0
2146860022637837 123740962731712 dmg 0 1 0 0 1024 768
2146860022637887 123740962731712 enc 203 203 1 -1 -1 0
2146860022653706 123740962731712 emit_end 204 0 0 0 0 0
2146860022653746 123740962731712 wait_beg 0 0 0 0 0 0
2146860022645006 123740976093056 ackslot 204 203 204 203 1 0
2146860022668706 123740976093056 send 18 0 0 203 203 2
2146860023265124 123740976093056 send 166825 0 0 203 203 2
2146860023618301 123740976093056 send 134885 0 0 203 203 2
2146860023621451 123740976093056 send 14 0 0 203 203 2
2146860023621611 123740976093056 egress 204 1 0 203 0 0
2146860023621641 123740976093056 ackregion 204 204 204 203 1 0
2146860024186210 123740976093056 cliack 204 0 205 204 0 0
2146860034607090 123740962731712 wait_end 0 0 0 0 0 0
2146860034609330 123740962731712 drain_beg 0 0 0 0 0 0
2146860034609740 123740962731712 drain_end 1 0 0 0 0 0
2146860034609930 123740962731712 take 205 0 0 0 0 0
2146860034610070 123740962731712 subm_beg 1 0 0 0 0 0
2146860034610340 123740962731712 submit 205 0 0 0 0 0
2146860034610400 123740962731712 subm_end 1 0 0 0 0 0
2146860034610450 123740962731712 pump_beg 1 0 0 0 0 0
2146860034764274 123740962731712 feedend 204 0 0 0 0 0
2146860034769084 123740962731712 feedend 204 1 0 0 0 0
2146860037522654 123740962731712 outfirst 204 1 65536 0 0 0
2146860037961488 123740962731712 outfirst 204 0 65536 0 0 0
2146860037982107 123740962731712 pump_end 1 2 0 0 0 0
2146860037982357 123740962731712 book_beg 1 0 0 0 0 0
2146860037982627 123740962731712 batch 205 1 1 2 2 0
2146860037982677 123740962731712 book_end 1 0 0 0 0 0
2146860037982737 123740962731712 coll_beg 0 0 0 0 0 0
2146860038080123 123740962731712 coll_end 0 0 0 0 0 0
2146860038080153 123740962731712 rel_beg 1 0 0 0 0 0
2146860038080243 123740962731712 absorb 205 0 0 0 0 0
2146860038082763 123740962731712 rel_end 1 0 0 0 0 0
2146860038082843 123740962731712 emit_beg 205 0 0 0 0 0
2146860038084153 123740962731712 dmg 0 1 0 0 1024 768
2146860038084263 123740962731712 enc 204 204 1 -1 -1 0
2146860038101463 123740962731712 emit_end 205 0 0 0 0 0
2146860038101523 123740962731712 wait_beg 0 0 0 0 0 0
2146860034588211 123740976093056 msgin 205 4718592 0 0 0 0
2146860034588301 123740976093056 enq 205 1 0 0 0 0
2146860038090353 123740976093056 ackslot 205 204 205 204 1 0
2146860038104712 123740976093056 send 18 0 0 204 204 2
2146860038557346 123740976093056 send 131444 0 0 204 204 2
2146860038934852 123740976093056 send 109242 0 0 204 204 2
2146860038939832 123740976093056 send 14 0 0 204 204 2
2146860038939992 123740976093056 egress 205 1 0 204 0 0
2146860038940042 123740976093056 ackregion 205 205 205 204 1 0
2146860039593878 123740976093056 cliack 205 0 206 205 0 0
2146860050706653 123740962731712 wait_end 0 0 0 0 0 0
2146860050709233 123740962731712 drain_beg 0 0 0 0 0 0
2146860050709553 123740962731712 drain_end 1 0 0 0 0 0
2146860050709693 123740962731712 take 206 0 0 0 0 0
2146860050709863 123740962731712 subm_beg 1 0 0 0 0 0
2146860050710033 123740962731712 submit 206 0 0 0 0 0
2146860050710083 123740962731712 subm_end 1 0 0 0 0 0
2146860050710143 123740962731712 pump_beg 1 0 0 0 0 0
2146860050863627 123740962731712 feedend 205 1 0 0 0 0
2146860051124487 123740962731712 feedend 205 0 0 0 0 0
2146860050685583 123740976093056 msgin 206 4718592 0 0 0 0
2146860050685763 123740976093056 enq 206 1 0 0 0 0
2146860054215125 123740962731712 outfirst 205 1 65536 0 0 0
2146860054904820 123740962731712 outfirst 205 0 65536 0 0 0
2146860054967887 123740962731712 pump_end 1 2 0 0 0 0
2146860054967947 123740962731712 book_beg 1 0 0 0 0 0
2146860054968097 123740962731712 batch 206 1 1 2 2 0
2146860054968147 123740962731712 book_end 1 0 0 0 0 0
2146860054968207 123740962731712 coll_beg 0 0 0 0 0 0
2146860055080073 123740962731712 coll_end 0 0 0 0 0 0
2146860055080143 123740962731712 rel_beg 1 0 0 0 0 0
2146860055080283 123740962731712 absorb 206 0 0 0 0 0
2146860055082173 123740962731712 rel_end 1 0 0 0 0 0
2146860055082243 123740962731712 emit_beg 206 0 0 0 0 0
2146860055083203 123740962731712 dmg 0 1 0 0 1024 768
2146860055083253 123740962731712 enc 205 205 1 -1 -1 0
2146860055102362 123740962731712 emit_end 206 0 0 0 0 0
2146860055102402 123740962731712 wait_beg 0 0 0 0 0 0
2146860055103192 123740962731712 wait_end 0 0 0 0 0 0
2146860055104792 123740962731712 drain_beg 0 0 0 0 0 0
2146860055104872 123740962731712 drain_end 1 0 0 0 0 0
2146860055104922 123740962731712 take 207 0 0 0 0 0
2146860055105002 123740962731712 subm_beg 1 0 0 0 0 0
2146860055105112 123740962731712 submit 207 0 0 0 0 0
2146860055105172 123740962731712 subm_end 1 0 0 0 0 0
2146860055105222 123740962731712 pump_beg 1 0 0 0 0 0
2146860055250407 123740962731712 feedend 206 0 0 0 0 0
2146860055255427 123740962731712 feedend 206 1 0 0 0 0
2146860058637593 123740962731712 outfirst 206 1 65536 0 0 0
2146860059076637 123740962731712 outfirst 206 0 65536 0 0 0
2146860059123896 123740962731712 pump_end 1 2 0 0 0 0
2146860059123966 123740962731712 book_beg 1 0 0 0 0 0
2146860059124086 123740962731712 batch 207 1 1 2 2 0
2146860059124116 123740962731712 book_end 1 0 0 0 0 0
2146860059124146 123740962731712 coll_beg 0 0 0 0 0 0
2146860059264011 123740962731712 coll_end 0 0 0 0 0 0
2146860059264081 123740962731712 rel_beg 1 0 0 0 0 0
2146860059264210 123740962731712 absorb 207 0 0 0 0 0
2146860059266320 123740962731712 rel_end 1 0 0 0 0 0
2146860059266370 123740962731712 emit_beg 207 0 0 0 0 0
2146860059267430 123740962731712 dmg 0 1 0 0 1024 768
2146860059267490 123740962731712 enc 206 206 1 -1 -1 0
2146860059292289 123740962731712 emit_end 207 0 0 0 0 0
2146860059292329 123740962731712 wait_beg 0 0 0 0 0 0
2146860054417267 123740976093056 msgin 207 4718592 0 0 0 0
2146860054417427 123740976093056 enq 207 1 0 0 0 0
2146860055103342 123740976093056 ackslot 206 205 206 205 1 0
2146860055127011 123740976093056 send 18 0 0 205 205 2
2146860055718770 123740976093056 send 169203 0 0 205 205 2
2146860056199002 123740976093056 send 133606 0 0 205 205 2
2146860056204112 123740976093056 send 14 0 0 205 205 2
2146860056204382 123740976093056 egress 206 1 0 205 0 0
2146860056204432 123740976093056 ackregion 206 206 206 205 1 0
2146860056864238 123740976093056 cliack 206 0 207 206 0 0
2146860059288510 123740976093056 ackslot 207 206 207 206 1 0
2146860059305519 123740976093056 send 18 0 0 206 206 2
2146860060004593 123740976093056 send 203887 0 0 206 206 2
2146860060548714 123740976093056 send 181481 0 0 206 206 2
2146860060551894 123740976093056 send 14 0 0 206 206 2
2146860060552044 123740976093056 egress 207 1 0 206 0 0
2146860060552074 123740976093056 ackregion 207 207 207 206 1 0
2146860061242658 123740976093056 cliack 207 0 208 207 0 0
2146860071131948 123740962731712 wait_end 0 0 0 0 0 0
2146860071133648 123740962731712 drain_beg 0 0 0 0 0 0
2146860071134117 123740962731712 drain_end 1 0 0 0 0 0
2146860071134267 123740962731712 take 208 0 0 0 0 0
2146860071134587 123740962731712 subm_beg 1 0 0 0 0 0
2146860071134937 123740962731712 submit 208 0 0 0 0 0
2146860071134987 123740962731712 subm_end 1 0 0 0 0 0
2146860071135017 123740962731712 pump_beg 1 0 0 0 0 0
2146860071261273 123740962731712 feedend 207 0 0 0 0 0
2146860071264263 123740962731712 feedend 207 1 0 0 0 0
2146860071125368 123740976093056 msgin 208 4718592 0 0 0 0
2146860071125598 123740976093056 enq 208 1 0 0 0 0
2146860074290252 123740962731712 outfirst 207 1 65536 0 0 0
2146860074827833 123740962731712 outfirst 207 0 65536 0 0 0
2146860074863981 123740962731712 pump_end 1 2 0 0 0 0
2146860074864731 123740962731712 book_beg 1 0 0 0 0 0
2146860074866381 123740962731712 batch 208 1 1 2 2 0
2146860074866441 123740962731712 book_end 1 0 0 0 0 0
2146860074866681 123740962731712 coll_beg 0 0 0 0 0 0
2146860075016076 123740962731712 coll_end 0 0 0 0 0 0
2146860075016396 123740962731712 rel_beg 1 0 0 0 0 0
2146860075017326 123740962731712 absorb 208 0 0 0 0 0
2146860075026755 123740962731712 rel_end 1 0 0 0 0 0
2146860075026905 123740962731712 emit_beg 208 0 0 0 0 0
2146860075030625 123740962731712 dmg 0 1 0 0 1024 768
2146860075030965 123740962731712 enc 207 207 1 -1 -1 0
2146860075065484 123740962731712 emit_end 208 0 0 0 0 0
2146860075065674 123740962731712 wait_beg 0 0 0 0 0 0
2146860075050645 123740976093056 ackslot 208 207 208 207 1 0
2146860075193809 123740976093056 send 18 0 0 207 207 2
2146860075632753 123740976093056 send 169972 0 0 207 207 2
2146860075977221 123740976093056 send 145332 0 0 207 207 2
2146860075980801 123740976093056 send 14 0 0 207 207 2
2146860075981171 123740976093056 egress 208 1 0 207 0 0
2146860075981461 123740976093056 ackregion 208 208 208 207 1 0
2146860076807361 123740976093056 cliack 208 0 209 208 0 0
2146860087298478 123740962731712 wait_end 0 0 0 0 0 0
2146860087300898 123740962731712 drain_beg 0 0 0 0 0 0
2146860087301398 123740962731712 drain_end 1 0 0 0 0 0
2146860087301578 123740962731712 take 209 0 0 0 0 0
2146860087302248 123740962731712 subm_beg 1 0 0 0 0 0
2146860087302768 123740962731712 submit 209 0 0 0 0 0
2146860087302998 123740962731712 subm_end 1 0 0 0 0 0
2146860087303048 123740962731712 pump_beg 1 0 0 0 0 0
2146860087454522 123740962731712 feedend 208 0 0 0 0 0
2146860087478591 123740962731712 feedend 208 1 0 0 0 0
2146860090448923 123740962731712 outfirst 208 1 65536 0 0 0
2146860091219185 123740962731712 outfirst 208 0 65536 0 0 0
2146860091237884 123740962731712 pump_end 1 2 0 0 0 0
2146860091238054 123740962731712 book_beg 1 0 0 0 0 0
2146860091238294 123740962731712 batch 209 1 1 2 2 0
2146860091238434 123740962731712 book_end 1 0 0 0 0 0
2146860091238584 123740962731712 coll_beg 0 0 0 0 0 0
2146860091323311 123740962731712 coll_end 0 0 0 0 0 0
2146860091323471 123740962731712 rel_beg 1 0 0 0 0 0
2146860091323801 123740962731712 absorb 209 0 0 0 0 0
2146860091327131 123740962731712 rel_end 1 0 0 0 0 0
2146860091327221 123740962731712 emit_beg 209 0 0 0 0 0
2146860091328381 123740962731712 dmg 0 1 0 0 1024 768
2146860091328531 123740962731712 enc 208 208 1 -1 -1 0
2146860091346260 123740962731712 emit_end 209 0 0 0 0 0
2146860091346360 123740962731712 wait_beg 0 0 0 0 0 0
2146860087284548 123740976093056 msgin 209 4718592 0 0 0 0
2146860087285028 123740976093056 enq 209 1 0 0 0 0
2146860091355580 123740976093056 ackslot 209 208 209 208 1 0
2146860091394238 123740976093056 send 18 0 0 208 208 2
2146860092057054 123740976093056 send 178339 0 0 208 208 2
2146860092507098 123740976093056 send 142776 0 0 208 208 2
2146860092511028 123740976093056 send 14 0 0 208 208 2
2146860092511218 123740976093056 egress 209 1 0 208 0 0
2146860092511378 123740976093056 ackregion 209 209 209 208 1 0
2146860102622069 123740962731712 wait_end 0 0 0 0 0 0
2146860102626499 123740962731712 drain_beg 0 0 0 0 0 0
2146860102626809 123740962731712 drain_end 1 0 0 0 0 0
2146860102626988 123740962731712 take 210 0 0 0 0 0
2146860102627418 123740962731712 subm_beg 1 0 0 0 0 0
2146860102627878 123740962731712 submit 210 0 0 0 0 0
2146860102628058 123740962731712 subm_end 1 0 0 0 0 0
2146860102628088 123740962731712 pump_beg 1 0 0 0 0 0
2146860092892134 123740976093056 cliack 209 0 210 209 0 0
2146860102597510 123740976093056 msgin 210 4718592 0 0 0 0
2146860102597900 123740976093056 enq 210 1 0 0 0 0
2146860102766123 123740962731712 feedend 209 0 0 0 0 0
2146860102800412 123740962731712 feedend 209 1 0 0 0 0
2146860106267716 123740962731712 outfirst 209 1 65536 0 0 0
2146860106712069 123740962731712 outfirst 209 0 65536 0 0 0
2146860106735909 123740962731712 pump_end 1 2 0 0 0 0
2146860106736059 123740962731712 book_beg 1 0 0 0 0 0
2146860106736199 123740962731712 batch 210 1 1 2 2 0
2146860106736339 123740962731712 book_end 1 0 0 0 0 0
2146860106736479 123740962731712 coll_beg 0 0 0 0 0 0
2146860106834295 123740962731712 coll_end 0 0 0 0 0 0
2146860106834435 123740962731712 rel_beg 1 0 0 0 0 0
2146860106834735 123740962731712 absorb 210 0 0 0 0 0
2146860106837505 123740962731712 rel_end 1 0 0 0 0 0
2146860106837645 123740962731712 emit_beg 210 0 0 0 0 0
2146860106838335 123740962731712 dmg 0 1 0 0 1024 768
2146860106838385 123740962731712 enc 209 209 1 -1 -1 0
2146860106862234 123740962731712 emit_end 210 0 0 0 0 0
2146860106862414 123740962731712 wait_beg 0 0 0 0 0 0
2146860106853314 123740976093056 ackslot 210 209 210 209 1 0
2146860106887413 123740976093056 send 18 0 0 209 209 2
2146860107591617 123740976093056 send 216343 0 0 209 209 2
2146860108037361 123740976093056 send 193745 0 0 209 209 2
2146860108040911 123740976093056 send 14 0 0 209 209 2
2146860108041171 123740976093056 egress 210 1 0 209 0 0
2146860108041321 123740976093056 ackregion 210 210 210 209 1 0
2146860108791094 123740976093056 cliack 210 0 211 210 0 0
2146860119119067 123740962731712 wait_end 0 0 0 0 0 0
2146860119122377 123740962731712 drain_beg 0 0 0 0 0 0
2146860119122797 123740962731712 drain_end 1 0 0 0 0 0
2146860119123097 123740962731712 take 211 0 0 0 0 0
2146860119123637 123740962731712 subm_beg 1 0 0 0 0 0
2146860119124627 123740962731712 submit 211 0 0 0 0 0
2146860119124767 123740962731712 subm_end 1 0 0 0 0 0
2146860119124867 123740962731712 pump_beg 1 0 0 0 0 0
2146860119270641 123740962731712 feedend 210 0 0 0 0 0
2146860119274931 123740962731712 feedend 210 1 0 0 0 0
2146860122337089 123740962731712 outfirst 210 1 65536 0 0 0
2146860119101707 123740976093056 msgin 211 4718592 0 0 0 0
2146860119102857 123740976093056 enq 211 1 0 0 0 0
2146860122788113 123740962731712 outfirst 210 0 65536 0 0 0
2146860122804462 123740962731712 pump_end 1 2 0 0 0 0
2146860122804552 123740962731712 book_beg 1 0 0 0 0 0
2146860122804792 123740962731712 batch 211 1 1 2 2 0
2146860122810542 123740962731712 book_end 1 0 0 0 0 0
2146860122810572 123740962731712 coll_beg 0 0 0 0 0 0
2146860122884409 123740962731712 coll_end 0 0 0 0 0 0
2146860122884449 123740962731712 rel_beg 1 0 0 0 0 0
2146860122884719 123740962731712 absorb 211 0 0 0 0 0
2146860122887869 123740962731712 rel_end 1 0 0 0 0 0
2146860122887909 123740962731712 emit_beg 211 0 0 0 0 0
2146860122888559 123740962731712 dmg 0 1 0 0 1024 768
2146860122888609 123740962731712 enc 210 210 1 -1 -1 0
2146860122903699 123740962731712 emit_end 211 0 0 0 0 0
2146860122903779 123740962731712 wait_beg 0 0 0 0 0 0
2146860122901839 123740976093056 ackslot 211 210 211 210 1 0
2146860122915408 123740976093056 send 18 0 0 210 210 2
2146860123515036 123740976093056 send 173018 0 0 210 210 2
2146860123845154 123740976093056 send 144830 0 0 210 210 2
2146860123848454 123740976093056 send 14 0 0 210 210 2
2146860123848624 123740976093056 egress 211 1 0 210 0 0
2146860123848844 123740976093056 ackregion 211 211 211 210 1 0
2146860124530679 123740976093056 cliack 211 0 212 211 0 0
2146860135039846 123740962731712 wait_end 0 0 0 0 0 0
2146860135043276 123740962731712 drain_beg 0 0 0 0 0 0
2146860135043626 123740962731712 drain_end 1 0 0 0 0 0
2146860135043916 123740962731712 take 212 0 0 0 0 0
2146860135044396 123740962731712 subm_beg 1 0 0 0 0 0
2146860135045546 123740962731712 submit 212 0 0 0 0 0
2146860135045666 123740962731712 subm_end 1 0 0 0 0 0
2146860135045706 123740962731712 pump_beg 1 0 0 0 0 0
2146860135176781 123740962731712 feedend 211 0 0 0 0 0
2146860135192130 123740962731712 feedend 211 1 0 0 0 0
2146860138032207 123740962731712 outfirst 211 1 65536 0 0 0
2146860138589317 123740962731712 outfirst 211 0 65536 0 0 0
2146860138605186 123740962731712 pump_end 1 2 0 0 0 0
2146860138605426 123740962731712 book_beg 1 0 0 0 0 0
2146860138605576 123740962731712 batch 212 1 1 2 2 0
2146860138605606 123740962731712 book_end 1 0 0 0 0 0
2146860138605746 123740962731712 coll_beg 0 0 0 0 0 0
2146860138674963 123740962731712 coll_end 0 0 0 0 0 0
2146860138675203 123740962731712 rel_beg 1 0 0 0 0 0
2146860138675443 123740962731712 absorb 212 0 0 0 0 0
2146860138677953 123740962731712 rel_end 1 0 0 0 0 0
2146860138678183 123740962731712 emit_beg 212 0 0 0 0 0
2146860138678863 123740962731712 dmg 0 1 0 0 1024 768
2146860138678893 123740962731712 enc 211 211 1 -1 -1 0
2146860138693323 123740962731712 emit_end 212 0 0 0 0 0
2146860138693563 123740962731712 wait_beg 0 0 0 0 0 0
2146860135027676 123740976093056 msgin 212 4718592 0 0 0 0
2146860135029016 123740976093056 enq 212 1 0 0 0 0
2146860138690893 123740976093056 ackslot 212 211 212 211 1 0
2146860138706102 123740976093056 send 18 0 0 211 211 2
2146860139294791 123740976093056 send 166729 0 0 211 211 2
2146860139616289 123740976093056 send 127946 0 0 211 211 2
2146860139619739 123740976093056 send 14 0 0 211 211 2
2146860139620009 123740976093056 egress 212 1 0 211 0 0
2146860139620149 123740976093056 ackregion 212 212 212 211 1 0
2146860139780623 123740976093056 cliack 212 0 213 212 0 0
2146860151197797 123740962731712 wait_end 0 0 0 0 0 0
2146860151201386 123740962731712 drain_beg 0 0 0 0 0 0
2146860151201916 123740962731712 drain_end 1 0 0 0 0 0
2146860151202056 123740962731712 take 213 0 0 0 0 0
2146860151202526 123740962731712 subm_beg 1 0 0 0 0 0
2146860151203796 123740962731712 submit 213 0 0 0 0 0
2146860151203866 123740962731712 subm_end 1 0 0 0 0 0
2146860151203966 123740962731712 pump_beg 1 0 0 0 0 0
2146860151338991 123740962731712 feedend 212 0 0 0 0 0
2146860151362111 123740962731712 feedend 212 1 0 0 0 0
2146860151183377 123740976093056 msgin 213 4718592 0 0 0 0
2146860151185197 123740976093056 enq 213 1 0 0 0 0
2146860154374321 123740962731712 outfirst 212 1 65536 0 0 0
2146860154745677 123740962731712 outfirst 212 0 65536 0 0 0
2146860154761436 123740962731712 pump_end 1 2 0 0 0 0
2146860154761516 123740962731712 book_beg 1 0 0 0 0 0
2146860154761726 123740962731712 batch 213 1 1 2 2 0
2146860154761836 123740962731712 book_end 1 0 0 0 0 0
2146860154761966 123740962731712 coll_beg 0 0 0 0 0 0
2146860154831404 123740962731712 coll_end 0 0 0 0 0 0
2146860154831534 123740962731712 rel_beg 1 0 0 0 0 0
2146860154831784 123740962731712 absorb 213 0 0 0 0 0
2146860154834394 123740962731712 rel_end 1 0 0 0 0 0
2146860154834424 123740962731712 emit_beg 213 0 0 0 0 0
2146860154835074 123740962731712 dmg 0 1 0 0 1024 768
2146860154835194 123740962731712 enc 212 212 1 -1 -1 0
2146860154849843 123740962731712 emit_end 213 0 0 0 0 0
2146860154849873 123740962731712 wait_beg 0 0 0 0 0 0
2146860154844593 123740976093056 ackslot 213 212 213 212 1 0
2146860154854613 123740976093056 send 18 0 0 212 212 2
2146860155292547 123740976093056 send 165105 0 0 212 212 2
2146860155626975 123740976093056 send 142487 0 0 212 212 2
2146860155630855 123740976093056 send 14 0 0 212 212 2
2146860155631125 123740976093056 egress 213 1 0 212 0 0
2146860155631245 123740976093056 ackregion 213 213 213 212 1 0
2146860156156186 123740976093056 cliack 213 0 214 213 0 0
2146860167236911 123740962731712 wait_end 0 0 0 0 0 0
2146860167239931 123740962731712 drain_beg 0 0 0 0 0 0
2146860167240221 123740962731712 drain_end 1 0 0 0 0 0
2146860167240471 123740962731712 take 214 0 0 0 0 0
2146860167240961 123740962731712 subm_beg 1 0 0 0 0 0
2146860167241821 123740962731712 submit 214 0 0 0 0 0
2146860167241991 123740962731712 subm_end 1 0 0 0 0 0
2146860167242021 123740962731712 pump_beg 1 0 0 0 0 0
2146860167356917 123740962731712 feedend 213 0 0 0 0 0
2146860167387176 123740962731712 feedend 213 1 0 0 0 0
2146860170252551 123740962731712 outfirst 213 1 65536 0 0 0
2146860170826070 123740962731712 outfirst 213 0 65536 0 0 0
2146860170839320 123740962731712 pump_end 1 2 0 0 0 0
2146860170839490 123740962731712 book_beg 1 0 0 0 0 0
2146860170839650 123740962731712 batch 214 1 1 2 2 0
2146860170839680 123740962731712 book_end 1 0 0 0 0 0
2146860170839820 123740962731712 coll_beg 0 0 0 0 0 0
2146860170906407 123740962731712 coll_end 0 0 0 0 0 0
2146860170906447 123740962731712 rel_beg 1 0 0 0 0 0
2146860170906717 123740962731712 absorb 214 0 0 0 0 0
2146860170909287 123740962731712 rel_end 1 0 0 0 0 0
2146860170909317 123740962731712 emit_beg 214 0 0 0 0 0
2146860170912007 123740962731712 dmg 0 1 0 0 1024 768
2146860170912057 123740962731712 enc 213 213 1 -1 -1 0
2146860170927697 123740962731712 emit_end 214 0 0 0 0 0
2146860170927747 123740962731712 wait_beg 0 0 0 0 0 0
2146860167224162 123740976093056 msgin 214 4718592 0 0 0 0
2146860167224432 123740976093056 enq 214 1 0 0 0 0
2146860170918757 123740976093056 ackslot 214 213 214 213 1 0
2146860170940046 123740976093056 send 18 0 0 213 213 2
2146860171321022 123740976093056 send 166774 0 0 213 213 2
2146860171624731 123740976093056 send 135719 0 0 213 213 2
2146860171628391 123740976093056 send 14 0 0 213 213 2
2146860171628781 123740976093056 egress 214 1 0 213 0 0
2146860171628941 123740976093056 ackregion 214 214 214 213 1 0
2146860172559277 123740976093056 cliack 214 0 215 214 0 0
2146860183364193 123740962731712 wait_end 0 0 0 0 0 0
2146860183366183 123740962731712 drain_beg 0 0 0 0 0 0
2146860183366523 123740962731712 drain_end 1 0 0 0 0 0
2146860183366673 123740962731712 take 215 0 0 0 0 0
2146860183367003 123740962731712 subm_beg 1 0 0 0 0 0
2146860183367683 123740962731712 submit 215 0 0 0 0 0
2146860183367803 123740962731712 subm_end 1 0 0 0 0 0
2146860183367853 123740962731712 pump_beg 1 0 0 0 0 0
2146860183486699 123740962731712 feedend 214 0 0 0 0 0
2146860183504548 123740962731712 feedend 214 1 0 0 0 0
2146860186538397 123740962731712 outfirst 214 1 65536 0 0 0
2146860186934683 123740962731712 outfirst 214 0 65536 0 0 0
2146860186948412 123740962731712 pump_end 1 2 0 0 0 0
2146860186948502 123740962731712 book_beg 1 0 0 0 0 0
2146860186948742 123740962731712 batch 215 1 1 2 2 0
2146860186948902 123740962731712 book_end 1 0 0 0 0 0
2146860186948932 123740962731712 coll_beg 0 0 0 0 0 0
2146860187027229 123740962731712 coll_end 0 0 0 0 0 0
2146860187027279 123740962731712 rel_beg 1 0 0 0 0 0
2146860187027639 123740962731712 absorb 215 0 0 0 0 0
2146860187030299 123740962731712 rel_end 1 0 0 0 0 0
2146860187030339 123740962731712 emit_beg 215 0 0 0 0 0
2146860187030959 123740962731712 dmg 0 1 0 0 1024 768
2146860187031009 123740962731712 enc 214 214 1 -1 -1 0
2146860187046549 123740962731712 emit_end 215 0 0 0 0 0
2146860187046589 123740962731712 wait_beg 0 0 0 0 0 0
2146860183351733 123740976093056 msgin 215 4718592 0 0 0 0
2146860183352643 123740976093056 enq 215 1 0 0 0 0
2146860187043019 123740976093056 ackslot 215 214 215 214 1 0
2146860187056658 123740976093056 send 18 0 0 214 214 2
2146860187445674 123740976093056 send 171971 0 0 214 214 2
2146860187784312 123740976093056 send 150923 0 0 214 214 2
2146860187790721 123740976093056 send 14 0 0 214 214 2
2146860187790881 123740976093056 egress 215 1 0 214 0 0
2146860187790911 123740976093056 ackregion 215 215 215 214 1 0
2146860188684269 123740976093056 cliack 215 0 216 215 0 0
2146860198856868 123740962731712 wait_end 0 0 0 0 0 0
2146860198859338 123740962731712 drain_beg 0 0 0 0 0 0
2146860198859828 123740962731712 drain_end 1 0 0 0 0 0
2146860198859988 123740962731712 take 216 0 0 0 0 0
2146860198860488 123740962731712 subm_beg 1 0 0 0 0 0
2146860198861858 123740962731712 submit 216 0 0 0 0 0
2146860198861908 123740962731712 subm_end 1 0 0 0 0 0
2146860198861948 123740962731712 pump_beg 1 0 0 0 0 0
2146860198977763 123740962731712 feedend 215 0 0 0 0 0
2146860199008002 123740962731712 feedend 215 1 0 0 0 0
2146860201792281 123740962731712 outfirst 215 1 65536 0 0 0
2146860202024742 123740962731712 outfirst 215 0 65536 0 0 0
2146860202034222 123740962731712 pump_end 1 2 0 0 0 0
2146860202034362 123740962731712 book_beg 1 0 0 0 0 0
2146860202034562 123740962731712 batch 216 1 1 2 2 0
2146860202034642 123740962731712 book_end 1 0 0 0 0 0
2146860202034772 123740962731712 coll_beg 0 0 0 0 0 0
2146860202089730 123740962731712 coll_end 0 0 0 0 0 0
2146860202089870 123740962731712 rel_beg 1 0 0 0 0 0
2146860202090160 123740962731712 absorb 216 0 0 0 0 0
2146860202092630 123740962731712 rel_end 1 0 0 0 0 0
2146860202092770 123740962731712 emit_beg 216 0 0 0 0 0
2146860202093290 123740962731712 dmg 0 1 0 0 1024 768
2146860202093340 123740962731712 enc 215 215 1 -1 -1 0
2146860202106379 123740962731712 emit_end 216 0 0 0 0 0
2146860202106539 123740962731712 wait_beg 0 0 0 0 0 0
2146860198843748 123740976093056 msgin 216 4718592 0 0 0 0
2146860198844828 123740976093056 enq 216 1 0 0 0 0
2146860202107369 123740976093056 ackslot 216 215 216 215 1 0
2146860202124999 123740976093056 send 18 0 0 215 215 2
2146860202528124 123740976093056 send 130669 0 0 215 215 2
2146860202782795 123740976093056 send 115138 0 0 215 215 2
2146860202786354 123740976093056 send 14 0 0 215 215 2
2146860202786554 123740976093056 egress 216 1 0 215 0 0
2146860202786704 123740976093056 ackregion 216 216 216 215 1 0
2146860203458350 123740976093056 cliack 216 0 217 216 0 0
2146860214886603 123740962731712 wait_end 0 0 0 0 0 0
2146860214889293 123740962731712 drain_beg 0 0 0 0 0 0
2146860214889683 123740962731712 drain_end 1 0 0 0 0 0
2146860214889883 123740962731712 take 217 0 0 0 0 0
2146860214890083 123740962731712 subm_beg 1 0 0 0 0 0
2146860214890563 123740962731712 submit 217 0 0 0 0 0
2146860214890713 123740962731712 subm_end 1 0 0 0 0 0
2146860214890763 123740962731712 pump_beg 1 0 0 0 0 0
2146860215043097 123740962731712 feedend 216 0 0 0 0 0
2146860215056377 123740962731712 feedend 216 1 0 0 0 0
2146860217866764 123740962731712 outfirst 216 1 65536 0 0 0
2146860218280249 123740962731712 outfirst 216 0 65536 0 0 0
2146860218292339 123740962731712 pump_end 1 2 0 0 0 0
2146860218292399 123740962731712 book_beg 1 0 0 0 0 0
2146860218292629 123740962731712 batch 217 1 1 2 2 0
2146860218292759 123740962731712 book_end 1 0 0 0 0 0
2146860218292909 123740962731712 coll_beg 0 0 0 0 0 0
2146860218352317 123740962731712 coll_end 0 0 0 0 0 0
2146860218352587 123740962731712 rel_beg 1 0 0 0 0 0
2146860218352867 123740962731712 absorb 217 0 0 0 0 0
2146860218355696 123740962731712 rel_end 1 0 0 0 0 0
2146860218355726 123740962731712 emit_beg 217 0 0 0 0 0
2146860218356446 123740962731712 dmg 0 1 0 0 1024 768
2146860218356596 123740962731712 enc 216 216 1 -1 -1 0
2146860218370226 123740962731712 emit_end 217 0 0 0 0 0
2146860218370266 123740962731712 wait_beg 0 0 0 0 0 0
2146860214863364 123740976093056 msgin 217 4718592 0 0 0 0
2146860214863854 123740976093056 enq 217 1 0 0 0 0
2146860218366226 123740976093056 ackslot 217 216 217 216 1 0
2146860218383825 123740976093056 send 18 0 0 216 216 2
2146860218706604 123740976093056 send 143187 0 0 216 216 2
2146860218976554 123740976093056 send 121772 0 0 216 216 2
2146860218980134 123740976093056 send 14 0 0 216 216 2
2146860218980274 123740976093056 egress 217 1 0 216 0 0
2146860218980414 123740976093056 ackregion 217 217 217 216 1 0
2146860219685268 123740976093056 cliack 217 0 218 217 0 0
2146860230401277 123740962731712 wait_end 0 0 0 0 0 0
2146860230404467 123740962731712 drain_beg 0 0 0 0 0 0
2146860230405117 123740962731712 drain_end 1 0 0 0 0 0
2146860230405427 123740962731712 take 218 0 0 0 0 0
2146860230410617 123740962731712 subm_beg 1 0 0 0 0 0
2146860230411427 123740962731712 submit 218 0 0 0 0 0
2146860230411617 123740962731712 subm_end 1 0 0 0 0 0
2146860230411707 123740962731712 pump_beg 1 0 0 0 0 0
2146860230532192 123740962731712 feedend 217 0 0 0 0 0
2146860230569991 123740962731712 feedend 217 1 0 0 0 0
2146860230377898 123740976093056 msgin 218 4718592 0 0 0 0
2146860230378268 123740976093056 enq 218 1 0 0 0 0
2146860233636099 123740962731712 outfirst 217 1 65536 0 0 0
2146860234113142 123740962731712 outfirst 217 0 65536 0 0 0
2146860234130841 123740962731712 pump_end 1 2 0 0 0 0
2146860234130981 123740962731712 book_beg 1 0 0 0 0 0
2146860234131151 123740962731712 batch 218 1 1 2 2 0
2146860234131281 123740962731712 book_end 1 0 0 0 0 0
2146860234131421 123740962731712 coll_beg 0 0 0 0 0 0
2146860234210668 123740962731712 coll_end 0 0 0 0 0 0
2146860234210828 123740962731712 rel_beg 1 0 0 0 0 0
2146860234211108 123740962731712 absorb 218 0 0 0 0 0
2146860234213668 123740962731712 rel_end 1 0 0 0 0 0
2146860234213818 123740962731712 emit_beg 218 0 0 0 0 0
2146860234214318 123740962731712 dmg 0 1 0 0 1024 768
2146860234214378 123740962731712 enc 217 217 1 -1 -1 0
2146860234232177 123740962731712 emit_end 218 0 0 0 0 0
2146860234232317 123740962731712 wait_beg 0 0 0 0 0 0
2146860234223937 123740976093056 ackslot 218 217 218 217 1 0
2146860234239597 123740976093056 send 18 0 0 217 217 2
2146860234661372 123740976093056 send 187006 0 0 217 217 2
2146860235038528 123740976093056 send 158215 0 0 217 217 2
2146860235041948 123740976093056 send 14 0 0 217 217 2
2146860235042168 123740976093056 egress 218 1 0 217 0 0
2146860235042318 123740976093056 ackregion 218 218 218 217 1 0
2146860235848778 123740976093056 cliack 218 0 219 218 0 0
2146860246978712 123740962731712 wait_end 0 0 0 0 0 0
2146860246981062 123740962731712 drain_beg 0 0 0 0 0 0
2146860246981392 123740962731712 drain_end 1 0 0 0 0 0
2146860246981602 123740962731712 take 219 0 0 0 0 0
2146860246981852 123740962731712 subm_beg 1 0 0 0 0 0
2146860246982402 123740962731712 submit 219 0 0 0 0 0
2146860246982552 123740962731712 subm_end 1 0 0 0 0 0
2146860246982602 123740962731712 pump_beg 1 0 0 0 0 0
2146860247161235 123740962731712 feedend 218 1 0 0 0 0
2146860247377518 123740962731712 feedend 218 0 0 0 0 0
2146860250486634 123740962731712 outfirst 218 1 65536 0 0 0
2146860251136810 123740962731712 outfirst 218 0 65536 0 0 0
2146860251173279 123740962731712 pump_end 1 2 0 0 0 0
2146860251173859 123740962731712 book_beg 1 0 0 0 0 0
2146860251175279 123740962731712 batch 219 1 1 2 2 0
2146860251175439 123740962731712 book_end 1 0 0 0 0 0
2146860251175609 123740962731712 coll_beg 0 0 0 0 0 0
2146860251296725 123740962731712 coll_end 0 0 0 0 0 0
2146860251296935 123740962731712 rel_beg 1 0 0 0 0 0
2146860251297785 123740962731712 absorb 219 0 0 0 0 0
2146860251307304 123740962731712 rel_end 1 0 0 0 0 0
2146860251307444 123740962731712 emit_beg 219 0 0 0 0 0
2146860251311644 123740962731712 dmg 0 1 0 0 1024 768
2146860251311954 123740962731712 enc 218 218 1 -1 -1 0
2146860251338343 123740962731712 emit_end 219 0 0 0 0 0
2146860251338493 123740962731712 wait_beg 0 0 0 0 0 0
2146860246954373 123740976093056 msgin 219 4718592 0 0 0 0
2146860246955153 123740976093056 enq 219 1 0 0 0 0
2146860251346713 123740976093056 ackslot 219 218 219 218 1 0
2146860251516827 123740976093056 send 18 0 0 218 218 2
2146860252117565 123740976093056 send 158779 0 0 218 218 2
2146860252507810 123740976093056 send 131290 0 0 218 218 2
2146860252511520 123740976093056 send 14 0 0 218 218 2
2146860252511940 123740976093056 egress 219 1 0 218 0 0
2146860252512220 123740976093056 ackregion 219 219 219 218 1 0
2146860252783930 123740976093056 cliack 219 0 220 219 0 0
2146860262383550 123740962731712 wait_end 0 0 0 0 0 0
2146860262386060 123740962731712 drain_beg 0 0 0 0 0 0
2146860262386270 123740962731712 drain_end 1 0 0 0 0 0
2146860262386410 123740962731712 take 220 0 0 0 0 0
2146860262386590 123740962731712 subm_beg 1 0 0 0 0 0
2146860262386990 123740962731712 submit 220 0 0 0 0 0
2146860262387260 123740962731712 subm_end 1 0 0 0 0 0
2146860262387320 123740962731712 pump_beg 1 0 0 0 0 0
2146860262535255 123740962731712 feedend 219 0 0 0 0 0
2146860262540574 123740962731712 feedend 219 1 0 0 0 0
2146860262360181 123740976093056 msgin 220 4718592 0 0 0 0
2146860262360421 123740976093056 enq 220 1 0 0 0 0
2146860265506946 123740962731712 outfirst 219 1 65536 0 0 0
2146860266013438 123740962731712 outfirst 219 0 65536 0 0 0
2146860266034667 123740962731712 pump_end 1 2 0 0 0 0
2146860266034817 123740962731712 book_beg 1 0 0 0 0 0
2146860266035057 123740962731712 batch 220 1 1 2 2 0
2146860266035127 123740962731712 book_end 1 0 0 0 0 0
2146860266035297 123740962731712 coll_beg 0 0 0 0 0 0
2146860266150093 123740962731712 coll_end 0 0 0 0 0 0
2146860266150263 123740962731712 rel_beg 1 0 0 0 0 0
2146860266150593 123740962731712 absorb 220 0 0 0 0 0
2146860266154433 123740962731712 rel_end 1 0 0 0 0 0
2146860266154573 123740962731712 emit_beg 220 0 0 0 0 0
2146860266155803 123740962731712 dmg 0 1 0 0 1024 768
2146860266155983 123740962731712 enc 219 219 1 -1 -1 0
2146860266175492 123740962731712 emit_end 220 0 0 0 0 0
2146860266175672 123740962731712 wait_beg 0 0 0 0 0 0
2146860266180842 123740976093056 ackslot 220 219 220 219 1 0
2146860266209431 123740976093056 send 18 0 0 219 219 2
2146860266789989 123740976093056 send 164292 0 0 219 219 2
2146860267270572 123740976093056 send 134747 0 0 219 219 2
2146860267275892 123740976093056 send 14 0 0 219 219 2
2146860267276362 123740976093056 egress 220 1 0 219 0 0
2146860267276532 123740976093056 ackregion 220 220 220 219 1 0
2146860267683707 123740976093056 cliack 220 0 221 220 0 0
2146860278375967 123740962731712 wait_end 0 0 0 0 0 0
2146860278379707 123740962731712 drain_beg 0 0 0 0 0 0
2146860278380037 123740962731712 drain_end 1 0 0 0 0 0
2146860278380207 123740962731712 take 221 0 0 0 0 0
2146860278380737 123740962731712 subm_beg 1 0 0 0 0 0
2146860278381667 123740962731712 submit 221 0 0 0 0 0
2146860278381847 123740962731712 subm_end 1 0 0 0 0 0
2146860278381937 123740962731712 pump_beg 1 0 0 0 0 0
2146860278537361 123740962731712 feedend 220 0 0 0 0 0
2146860278543291 123740962731712 feedend 220 1 0 0 0 0
2146860281245212 123740962731712 outfirst 220 1 65536 0 0 0
2146860281697906 123740962731712 outfirst 220 0 65536 0 0 0
2146860281718955 123740962731712 pump_end 1 2 0 0 0 0
2146860281719085 123740962731712 book_beg 1 0 0 0 0 0
2146860281719425 123740962731712 batch 221 1 1 2 2 0
2146860281719465 123740962731712 book_end 1 0 0 0 0 0
2146860281719515 123740962731712 coll_beg 0 0 0 0 0 0
2146860281817221 123740962731712 coll_end 0 0 0 0 0 0
2146860281817281 123740962731712 rel_beg 1 0 0 0 0 0
2146860281817611 123740962731712 absorb 221 0 0 0 0 0
2146860281821551 123740962731712 rel_end 1 0 0 0 0 0
2146860281821611 123740962731712 emit_beg 221 0 0 0 0 0
2146860281822931 123740962731712 dmg 0 1 0 0 1024 768
2146860281823011 123740962731712 enc 220 220 1 -1 -1 0
2146860281839370 123740962731712 emit_end 221 0 0 0 0 0
2146860281839470 123740962731712 wait_beg 0 0 0 0 0 0
2146860282775446 123740962731712 wait_end 0 0 0 0 0 0
2146860282778306 123740962731712 drain_beg 0 0 0 0 0 0
2146860282778556 123740962731712 drain_end 1 0 0 0 0 0
2146860282778746 123740962731712 take 222 0 0 0 0 0
2146860282779226 123740962731712 subm_beg 1 0 0 0 0 0
2146860282780036 123740962731712 submit 222 0 0 0 0 0
2146860282780136 123740962731712 subm_end 1 0 0 0 0 0
2146860282780226 123740962731712 pump_beg 1 0 0 0 0 0
2146860282894072 123740962731712 feedend 221 0 0 0 0 0
2146860282909691 123740962731712 feedend 221 1 0 0 0 0
2146860278350278 123740976093056 msgin 221 4718592 0 0 0 0
2146860278350508 123740976093056 enq 221 1 0 0 0 0
2146860281847080 123740976093056 ackslot 221 220 221 220 1 0
2146860281877969 123740976093056 send 18 0 0 220 220 2
2146860282332512 123740976093056 send 129130 0 0 220 220 2
2146860282656610 123740976093056 send 103916 0 0 220 220 2
2146860282659970 123740976093056 send 14 0 0 220 220 2
2146860282660130 123740976093056 egress 221 1 0 220 0 0
2146860282660270 123740976093056 ackregion 221 221 221 220 1 0
2146860282754017 123740976093056 msgin 222 4718592 0 0 0 0
2146860282754387 123740976093056 enq 222 1 0 0 0 0
2146860283293427 123740976093056 cliack 221 0 222 221 0 0
2146860285867113 123740962731712 outfirst 221 1 65536 0 0 0
2146860286291498 123740962731712 outfirst 221 0 65536 0 0 0
2146860286303577 123740962731712 pump_end 1 2 0 0 0 0
2146860286303737 123740962731712 book_beg 1 0 0 0 0 0
2146860286303917 123740962731712 batch 222 1 1 2 2 0
2146860286303937 123740962731712 book_end 1 0 0 0 0 0
2146860286304077 123740962731712 coll_beg 0 0 0 0 0 0
2146860286369815 123740962731712 coll_end 0 0 0 0 0 0
2146860286370065 123740962731712 rel_beg 1 0 0 0 0 0
2146860286370145 123740962731712 absorb 222 0 0 0 0 0
2146860286372075 123740962731712 rel_end 1 0 0 0 0 0
2146860286372225 123740962731712 emit_beg 222 0 0 0 0 0
2146860286372925 123740962731712 dmg 0 1 0 0 1024 768
2146860286373005 123740962731712 enc 221 221 1 -1 -1 0
2146860286387114 123740962731712 emit_end 222 0 0 0 0 0
2146860286387274 123740962731712 wait_beg 0 0 0 0 0 0
2146860287493394 123740962731712 wait_end 0 0 0 0 0 0
2146860287494534 123740962731712 drain_beg 0 0 0 0 0 0
2146860287494684 123740962731712 drain_end 1 0 0 0 0 0
2146860287494914 123740962731712 take 223 0 0 0 0 0
2146860287495054 123740962731712 subm_beg 1 0 0 0 0 0
2146860287495144 123740962731712 submit 223 0 0 0 0 0
2146860287495374 123740962731712 subm_end 1 0 0 0 0 0
2146860287495514 123740962731712 pump_beg 1 0 0 0 0 0
2146860287593620 123740962731712 feedend 222 0 0 0 0 0
2146860287598360 123740962731712 feedend 222 1 0 0 0 0
2146860290379439 123740962731712 outfirst 222 1 65536 0 0 0
2146860290903210 123740962731712 outfirst 222 0 65536 0 0 0
2146860290916999 123740962731712 pump_end 1 2 0 0 0 0
2146860290917089 123740962731712 book_beg 1 0 0 0 0 0
2146860290917249 123740962731712 batch 223 1 1 2 2 0
2146860290917389 123740962731712 book_end 1 0 0 0 0 0
2146860290917539 123740962731712 coll_beg 0 0 0 0 0 0
2146860290985727 123740962731712 coll_end 0 0 0 0 0 0
2146860290985757 123740962731712 rel_beg 1 0 0 0 0 0
2146860290985967 123740962731712 absorb 223 0 0 0 0 0
2146860290988977 123740962731712 rel_end 1 0 0 0 0 0
2146860290989007 123740962731712 emit_beg 223 0 0 0 0 0
2146860290989647 123740962731712 dmg 0 1 0 0 1024 768
2146860290989687 123740962731712 enc 222 222 1 -1 -1 0
2146860291004296 123740962731712 emit_end 223 0 0 0 0 0
2146860291004336 123740962731712 wait_beg 0 0 0 0 0 0
2146860291004946 123740962731712 wait_end 0 0 0 0 0 0
2146860291006046 123740962731712 drain_beg 0 0 0 0 0 0
2146860291006296 123740962731712 drain_end 1 0 0 0 0 0
2146860291006716 123740962731712 take 224 0 0 0 0 0
2146860291006776 123740962731712 subm_beg 1 0 0 0 0 0
2146860291006836 123740962731712 submit 224 0 0 0 0 0
2146860291006866 123740962731712 subm_end 1 0 0 0 0 0
2146860291006896 123740962731712 pump_beg 1 0 0 0 0 0
2146860291110322 123740962731712 feedend 223 0 0 0 0 0
2146860291114602 123740962731712 feedend 223 1 0 0 0 0
2146860286393634 123740976093056 ackslot 222 221 222 221 1 0
2146860286416033 123740976093056 send 18 0 0 221 221 2
2146860286981673 123740976093056 send 159759 0 0 221 221 2
2146860287416137 123740976093056 send 131771 0 0 221 221 2
2146860287421357 123740976093056 send 14 0 0 221 221 2
2146860287421647 123740976093056 egress 222 1 0 221 0 0
2146860287421787 123740976093056 ackregion 222 222 222 221 1 0
2146860287489434 123740976093056 msgin 223 4718592 0 0 0 0
2146860287489634 123740976093056 enq 223 1 0 0 0 0
2146860287831262 123740976093056 cliack 222 0 223 222 0 0
2146860290521754 123740976093056 msgin 224 4718592 0 0 0 0
2146860290522684 123740976093056 enq 224 1 0 0 0 0
2146860290997706 123740976093056 ackslot 223 222 223 222 1 0
2146860291016766 123740976093056 send 18 0 0 222 222 2
2146860291376952 123740976093056 send 151810 0 0 222 222 2
2146860291672002 123740976093056 send 124276 0 0 222 222 2
2146860291675431 123740976093056 send 14 0 0 222 222 2
2146860291675721 123740976093056 egress 223 1 0 222 0 0
2146860291675771 123740976093056 ackregion 223 223 223 222 1 0
2146860292476672 123740976093056 cliack 223 0 224 223 0 0
2146860293921320 123740962731712 outfirst 223 1 65536 0 0 0
2146860294381123 123740962731712 outfirst 223 0 65536 0 0 0
2146860294394142 123740962731712 pump_end 1 2 0 0 0 0
2146860294394322 123740962731712 book_beg 1 0 0 0 0 0
2146860294394492 123740962731712 batch 224 1 1 2 2 0
2146860294394512 123740962731712 book_end 1 0 0 0 0 0
2146860294394672 123740962731712 coll_beg 0 0 0 0 0 0
2146860294471030 123740962731712 coll_end 0 0 0 0 0 0
2146860294473969 123740962731712 rel_beg 1 0 0 0 0 0
2146860294474069 123740962731712 absorb 224 0 0 0 0 0
2146860294475409 123740962731712 rel_end 1 0 0 0 0 0
2146860294475439 123740962731712 emit_beg 224 0 0 0 0 0
2146860294476069 123740962731712 dmg 0 1 0 0 1024 768
2146860294476109 123740962731712 enc 223 223 1 -1 -1 0
2146860294495339 123740962731712 emit_end 224 0 0 0 0 0
2146860294495379 123740962731712 wait_beg 0 0 0 0 0 0
2146860294483639 123740976093056 ackslot 224 223 224 223 1 0
2146860294500588 123740976093056 send 18 0 0 223 223 2
2146860294858775 123740976093056 send 155648 0 0 223 223 2
2146860295149925 123740976093056 send 129934 0 0 223 223 2
2146860295153255 123740976093056 send 14 0 0 223 223 2
2146860295153505 123740976093056 egress 224 1 0 223 0 0
2146860295153635 123740976093056 ackregion 224 224 224 223 1 0
2146860295821790 123740976093056 cliack 224 0 225 224 0 0
2146860306946484 123740962731712 wait_end 0 0 0 0 0 0
2146860306951054 123740962731712 drain_beg 0 0 0 0 0 0
2146860306951554 123740962731712 drain_end 1 0 0 0 0 0
2146860306951774 123740962731712 take 225 0 0 0 0 0
2146860306952634 123740962731712 subm_beg 1 0 0 0 0 0
2146860306953614 123740962731712 submit 225 0 0 0 0 0
2146860306953784 123740962731712 subm_end 1 0 0 0 0 0
2146860306953874 123740962731712 pump_beg 1 0 0 0 0 0
2146860307120618 123740962731712 feedend 224 0 0 0 0 0
2146860307143187 123740962731712 feedend 224 1 0 0 0 0
2146860310060591 123740962731712 outfirst 224 1 65536 0 0 0
2146860310467686 123740962731712 outfirst 224 0 65536 0 0 0
2146860310502925 123740962731712 pump_end 1 2 0 0 0 0
2146860310502995 123740962731712 book_beg 1 0 0 0 0 0
2146860310503255 123740962731712 batch 225 1 1 2 2 0
2146860310503405 123740962731712 book_end 1 0 0 0 0 0
2146860310503575 123740962731712 coll_beg 0 0 0 0 0 0
2146860310606041 123740962731712 coll_end 0 0 0 0 0 0
2146860310606191 123740962731712 rel_beg 1 0 0 0 0 0
2146860310606491 123740962731712 absorb 225 0 0 0 0 0
2146860310609591 123740962731712 rel_end 1 0 0 0 0 0
2146860310609651 123740962731712 emit_beg 225 0 0 0 0 0
2146860310610561 123740962731712 dmg 0 1 0 0 1024 768
2146860310610641 123740962731712 enc 224 224 1 -1 -1 0
2146860310630440 123740962731712 emit_end 225 0 0 0 0 0
2146860310630510 123740962731712 wait_beg 0 0 0 0 0 0
2146860306919675 123740976093056 msgin 225 4718592 0 0 0 0
2146860306920275 123740976093056 enq 225 1 0 0 0 0
2146860310620020 123740976093056 ackslot 225 224 225 224 1 0
2146860310635930 123740976093056 send 18 0 0 224 224 2
2146860310984937 123740976093056 send 159232 0 0 224 224 2
2146860311277726 123740976093056 send 133845 0 0 224 224 2
2146860311280876 123740976093056 send 14 0 0 224 224 2
2146860311281086 123740976093056 egress 225 1 0 224 0 0
2146860311281156 123740976093056 ackregion 225 225 225 224 1 0
2146860311954592 123740976093056 cliack 225 0 226 225 0 0
2146860323158003 123740962731712 wait_end 0 0 0 0 0 0
2146860323161573 123740962731712 drain_beg 0 0 0 0 0 0
2146860323161883 123740962731712 drain_end 1 0 0 0 0 0
2146860323162033 123740962731712 take 226 0 0 0 0 0
2146860323162533 123740962731712 subm_beg 1 0 0 0 0 0
2146860323163383 123740962731712 submit 226 0 0 0 0 0
2146860323163573 123740962731712 subm_end 1 0 0 0 0 0
2146860323163623 123740962731712 pump_beg 1 0 0 0 0 0
2146860323309277 123740962731712 feedend 225 0 0 0 0 0
2146860323325677 123740962731712 feedend 225 1 0 0 0 0
2146860323132294 123740976093056 msgin 226 4718592 0 0 0 0
2146860323132734 123740976093056 enq 226 1 0 0 0 0
2146860327302082 123740962731712 outfirst 225 1 65536 0 0 0
2146860327568492 123740962731712 outfirst 225 0 65536 0 0 0
2146860327629540 123740962731712 pump_end 1 2 0 0 0 0
2146860327629920 123740962731712 book_beg 1 0 0 0 0 0
2146860327630770 123740962731712 batch 226 1 1 2 2 0
2146860327630790 123740962731712 book_end 1 0 0 0 0 0
2146860327630970 123740962731712 coll_beg 0 0 0 0 0 0
2146860327824873 123740962731712 coll_end 0 0 0 0 0 0
2146860327825133 123740962731712 rel_beg 1 0 0 0 0 0
2146860327825423 123740962731712 absorb 226 0 0 0 0 0
2146860327828852 123740962731712 rel_end 1 0 0 0 0 0
2146860327829112 123740962731712 emit_beg 226 0 0 0 0 0
2146860327830002 123740962731712 dmg 0 1 0 0 1024 768
2146860327830052 123740962731712 enc 225 225 1 -1 -1 0
2146860327873221 123740962731712 emit_end 226 0 0 0 0 0
2146860327873451 123740962731712 wait_beg 0 0 0 0 0 0
2146860327838192 123740976093056 ackslot 226 225 226 225 1 0
2146860327852342 123740976093056 send 18 0 0 225 225 2
2146860328403142 123740976093056 send 256008 0 0 225 225 2
2146860328926173 123740976093056 send 232468 0 0 225 225 2
2146860328932802 123740976093056 send 14 0 0 225 225 2
2146860328933072 123740976093056 egress 226 1 0 225 0 0
2146860328933242 123740976093056 ackregion 226 226 226 225 1 0
2146860329458643 123740976093056 cliack 226 0 227 226 0 0
2146860339015334 123740962731712 wait_end 0 0 0 0 0 0
2146860339018164 123740962731712 drain_beg 0 0 0 0 0 0
2146860339018794 123740962731712 drain_end 1 0 0 0 0 0
2146860339019094 123740962731712 take 227 0 0 0 0 0
2146860339019394 123740962731712 subm_beg 1 0 0 0 0 0
2146860339020244 123740962731712 submit 227 0 0 0 0 0
2146860339020394 123740962731712 subm_end 1 0 0 0 0 0
2146860339020484 123740962731712 pump_beg 1 0 0 0 0 0
2146860339170309 123740962731712 feedend 226 0 0 0 0 0
2146860339188448 123740962731712 feedend 226 1 0 0 0 0
2146860342495287 123740962731712 outfirst 226 1 65536 0 0 0
2146860342884253 123740962731712 outfirst 226 0 65536 0 0 0
2146860342929162 123740962731712 pump_end 1 2 0 0 0 0
2146860342929302 123740962731712 book_beg 1 0 0 0 0 0
2146860342929592 123740962731712 batch 227 1 1 2 2 0
2146860342929732 123740962731712 book_end 1 0 0 0 0 0
2146860342929882 123740962731712 coll_beg 0 0 0 0 0 0
2146860343063637 123740962731712 coll_end 0 0 0 0 0 0
2146860343063947 123740962731712 rel_beg 1 0 0 0 0 0
2146860343064297 123740962731712 absorb 227 0 0 0 0 0
2146860343068007 123740962731712 rel_end 1 0 0 0 0 0
2146860343068067 123740962731712 emit_beg 227 0 0 0 0 0
2146860343069156 123740962731712 dmg 0 1 0 0 1024 768
2146860343069316 123740962731712 enc 226 226 1 -1 -1 0
2146860343094086 123740962731712 emit_end 227 0 0 0 0 0
2146860343094166 123740962731712 wait_beg 0 0 0 0 0 0
2146860338991675 123740976093056 msgin 227 4718592 0 0 0 0
2146860338992185 123740976093056 enq 227 1 0 0 0 0
2146860343079226 123740976093056 ackslot 227 226 227 226 1 0
2146860343092826 123740976093056 send 18 0 0 226 226 2
2146860343504091 123740976093056 send 190142 0 0 226 226 2
2146860343872327 123740976093056 send 169135 0 0 226 226 2
2146860343875607 123740976093056 send 14 0 0 226 226 2
2146860343875777 123740976093056 egress 227 1 0 226 0 0
2146860343875947 123740976093056 ackregion 227 227 227 226 1 0
2146860344308701 123740976093056 cliack 227 0 228 227 0 0
2146860354477190 123740962731712 wait_end 0 0 0 0 0 0
2146860354479110 123740962731712 drain_beg 0 0 0 0 0 0
2146860354479370 123740962731712 drain_end 1 0 0 0 0 0
2146860354479510 123740962731712 take 228 0 0 0 0 0
2146860354479840 123740962731712 subm_beg 1 0 0 0 0 0
2146860354480340 123740962731712 submit 228 0 0 0 0 0
2146860354480490 123740962731712 subm_end 1 0 0 0 0 0
2146860354480530 123740962731712 pump_beg 1 0 0 0 0 0
2146860354613075 123740962731712 feedend 227 0 0 0 0 0
2146860354635995 123740962731712 feedend 227 1 0 0 0 0
2146860357476381 123740962731712 outfirst 227 1 65536 0 0 0
2146860357826028 123740962731712 outfirst 227 0 65536 0 0 0
2146860357855047 123740962731712 pump_end 1 2 0 0 0 0
2146860357855347 123740962731712 book_beg 1 0 0 0 0 0
2146860357855567 123740962731712 batch 228 1 1 2 2 0
2146860357855677 123740962731712 book_end 1 0 0 0 0 0
2146860357855897 123740962731712 coll_beg 0 0 0 0 0 0
2146860357951114 123740962731712 coll_end 0 0 0 0 0 0
2146860357951184 123740962731712 rel_beg 1 0 0 0 0 0
2146860357951614 123740962731712 absorb 228 0 0 0 0 0
2146860357955083 123740962731712 rel_end 1 0 0 0 0 0
2146860357955143 123740962731712 emit_beg 228 0 0 0 0 0
2146860357955753 123740962731712 dmg 0 1 0 0 1024 768
2146860357955833 123740962731712 enc 227 227 1 -1 -1 0
2146860357975223 123740962731712 emit_end 228 0 0 0 0 0
2146860357975283 123740962731712 wait_beg 0 0 0 0 0 0
2146860354466971 123740976093056 msgin 228 4718592 0 0 0 0
2146860354467491 123740976093056 enq 228 1 0 0 0 0
2146860357963783 123740976093056 ackslot 228 227 228 227 1 0
2146860357976963 123740976093056 send 18 0 0 227 227 2
2146860358623009 123740976093056 send 144884 0 0 227 227 2
2146860359095192 123740976093056 send 124884 0 0 227 227 2
2146860359102012 123740976093056 send 14 0 0 227 227 2
2146860359102902 123740976093056 egress 228 1 0 227 0 0
2146860359103602 123740976093056 ackregion 228 228 228 227 1 0
2146860359415640 123740976093056 cliack 228 0 229 228 0 0
2146860371555387 123740962731712 wait_end 0 0 0 0 0 0
2146860371558137 123740962731712 drain_beg 0 0 0 0 0 0
2146860371558517 123740962731712 drain_end 1 0 0 0 0 0
2146860371558657 123740962731712 take 229 0 0 0 0 0
2146860371559027 123740962731712 subm_beg 1 0 0 0 0 0
2146860371559467 123740962731712 submit 229 0 0 0 0 0
2146860371559637 123740962731712 subm_end 1 0 0 0 0 0
2146860371559807 123740962731712 pump_beg 1 0 0 0 0 0
2146860371659333 123740962731712 feedend 228 0 0 0 0 0
2146860371746450 123740962731712 feedend 228 1 0 0 0 0
2146860371542528 123740976093056 msgin 229 4718592 0 0 0 0
2146860371543728 123740976093056 enq 229 1 0 0 0 0
2146860374880766 123740962731712 outfirst 228 1 65536 0 0 0
2146860375353059 123740962731712 outfirst 228 0 65536 0 0 0
2146860375374098 123740962731712 pump_end 1 2 0 0 0 0
2146860375374168 123740962731712 book_beg 1 0 0 0 0 0
2146860375374358 123740962731712 batch 229 1 1 2 2 0
2146860375374508 123740962731712 book_end 1 0 0 0 0 0
2146860375374648 123740962731712 coll_beg 0 0 0 0 0 0
2146860375453885 123740962731712 coll_end 0 0 0 0 0 0
2146860375454045 123740962731712 rel_beg 1 0 0 0 0 0
2146860375454185 123740962731712 absorb 229 0 0 0 0 0
2146860375456055 123740962731712 rel_end 1 0 0 0 0 0
2146860375456125 123740962731712 emit_beg 229 0 0 0 0 0
2146860375457365 123740962731712 dmg 0 1 0 0 1024 768
2146860375457515 123740962731712 enc 228 228 1 -1 -1 0
2146860375477194 123740962731712 emit_end 229 0 0 0 0 0
2146860375477254 123740962731712 wait_beg 0 0 0 0 0 0
2146860375479144 123740976093056 ackslot 229 228 229 228 1 0
2146860375525352 123740976093056 send 18 0 0 228 228 2
2146860375963317 123740976093056 send 188561 0 0 228 228 2
2146860376317794 123740976093056 send 158877 0 0 228 228 2
2146860376320983 123740976093056 send 14 0 0 228 228 2
2146860376321283 123740976093056 egress 229 1 0 228 0 0
2146860376321423 123740976093056 ackregion 229 229 229 228 1 0
2146860377014558 123740976093056 cliack 229 0 230 229 0 0
2146860388057705 123740962731712 wait_end 0 0 0 0 0 0
2146860388060685 123740962731712 drain_beg 0 0 0 0 0 0
2146860388061345 123740962731712 drain_end 1 0 0 0 0 0
2146860388061575 123740962731712 take 230 0 0 0 0 0
2146860388061915 123740962731712 subm_beg 1 0 0 0 0 0
2146860388062425 123740962731712 submit 230 0 0 0 0 0
2146860388062565 123740962731712 subm_end 1 0 0 0 0 0
2146860388062605 123740962731712 pump_beg 1 0 0 0 0 0
2146860388181051 123740962731712 feedend 229 0 0 0 0 0
2146860388300036 123740962731712 feedend 229 1 0 0 0 0
2146860391195771 123740962731712 outfirst 229 1 65536 0 0 0
2146860391579227 123740962731712 outfirst 229 0 65536 0 0 0
2146860391601016 123740962731712 pump_end 1 2 0 0 0 0
2146860391601176 123740962731712 book_beg 1 0 0 0 0 0
2146860391601386 123740962731712 batch 230 1 1 2 2 0
2146860391601426 123740962731712 book_end 1 0 0 0 0 0
2146860391601586 123740962731712 coll_beg 0 0 0 0 0 0
2146860391721182 123740962731712 coll_end 0 0 0 0 0 0
2146860391721442 123740962731712 rel_beg 1 0 0 0 0 0
2146860391721572 123740962731712 absorb 230 0 0 0 0 0
2146860391724671 123740962731712 rel_end 1 0 0 0 0 0
2146860391724851 123740962731712 emit_beg 230 0 0 0 0 0
2146860391726751 123740962731712 dmg 0 1 0 0 1024 768
2146860391726931 123740962731712 enc 229 229 1 -1 -1 0
2146860391749151 123740962731712 emit_end 230 0 0 0 0 0
2146860391749351 123740962731712 wait_beg 0 0 0 0 0 0
2146860388026066 123740976093056 msgin 230 4718592 0 0 0 0
2146860388026576 123740976093056 enq 230 1 0 0 0 0
2146860391733261 123740976093056 ackslot 230 229 230 229 1 0
2146860391766160 123740976093056 send 18 0 0 229 229 2
2146860392346369 123740976093056 send 162932 0 0 229 229 2
2146860392648478 123740976093056 send 134733 0 0 229 229 2
2146860392651728 123740976093056 send 14 0 0 229 229 2
2146860392652038 123740976093056 egress 230 1 0 229 0 0
2146860392652178 123740976093056 ackregion 230 230 230 229 1 0
2146860393012664 123740976093056 cliack 230 0 231 230 0 0
2146860403600108 123740962731712 wait_end 0 0 0 0 0 0
2146860403604278 123740962731712 drain_beg 0 0 0 0 0 0
2146860403604918 123740962731712 drain_end 1 0 0 0 0 0
2146860403605228 123740962731712 take 231 0 0 0 0 0
2146860403605918 123740962731712 subm_beg 1 0 0 0 0 0
2146860403607188 123740962731712 submit 231 0 0 0 0 0
2146860403607348 123740962731712 subm_end 1 0 0 0 0 0
2146860403609588 123740962731712 pump_beg 1 0 0 0 0 0
2146860403766402 123740962731712 feedend 230 0 0 0 0 0
2146860403837969 123740962731712 feedend 230 1 0 0 0 0
2146860403573779 123740976093056 msgin 231 4718592 0 0 0 0
2146860403575279 123740976093056 enq 231 1 0 0 0 0
2146860406598509 123740962731712 outfirst 230 1 65536 0 0 0
2146860407066292 123740962731712 outfirst 230 0 65536 0 0 0
2146860407081561 123740962731712 pump_end 1 2 0 0 0 0
2146860407081681 123740962731712 book_beg 1 0 0 0 0 0
2146860407081861 123740962731712 batch 231 1 1 2 2 0
2146860407081991 123740962731712 book_end 1 0 0 0 0 0
2146860407082171 123740962731712 coll_beg 0 0 0 0 0 0
2146860407176538 123740962731712 coll_end 0 0 0 0 0 0
2146860407176828 123740962731712 rel_beg 1 0 0 0 0 0
2146860407177168 123740962731712 absorb 231 0 0 0 0 0
2146860407180918 123740962731712 rel_end 1 0 0 0 0 0
2146860407181058 123740962731712 emit_beg 231 0 0 0 0 0
2146860407182367 123740962731712 dmg 0 1 0 0 1024 768
2146860407182467 123740962731712 enc 230 230 1 -1 -1 0
2146860407201857 123740962731712 emit_end 231 0 0 0 0 0
2146860407201887 123740962731712 wait_beg 0 0 0 0 0 0
2146860407871622 123740962731712 wait_end 0 0 0 0 0 0
2146860407873012 123740962731712 drain_beg 0 0 0 0 0 0
2146860407873182 123740962731712 drain_end 1 0 0 0 0 0
2146860407873322 123740962731712 take 232 0 0 0 0 0
2146860407873602 123740962731712 subm_beg 1 0 0 0 0 0
2146860407873862 123740962731712 submit 232 0 0 0 0 0
2146860407873992 123740962731712 subm_end 1 0 0 0 0 0
2146860407874022 123740962731712 pump_beg 1 0 0 0 0 0
2146860407970639 123740962731712 feedend 231 0 0 0 0 0
2146860407995268 123740962731712 feedend 231 1 0 0 0 0
2146860410865863 123740962731712 outfirst 231 1 65536 0 0 0
2146860411357895 123740962731712 outfirst 231 0 65536 0 0 0
2146860411370965 123740962731712 pump_end 1 2 0 0 0 0
2146860411371035 123740962731712 book_beg 1 0 0 0 0 0
2146860411371135 123740962731712 batch 232 1 1 2 2 0
2146860411371165 123740962731712 book_end 1 0 0 0 0 0
2146860411371195 123740962731712 coll_beg 0 0 0 0 0 0
2146860411438612 123740962731712 coll_end 0 0 0 0 0 0
2146860411438642 123740962731712 rel_beg 1 0 0 0 0 0
2146860411438772 123740962731712 absorb 232 0 0 0 0 0
2146860411440022 123740962731712 rel_end 1 0 0 0 0 0
2146860411440052 123740962731712 emit_beg 232 0 0 0 0 0
2146860411440632 123740962731712 dmg 0 1 0 0 1024 768
2146860411440662 123740962731712 enc 231 231 1 -1 -1 0
2146860411456092 123740962731712 emit_end 232 0 0 0 0 0
2146860411456142 123740962731712 wait_beg 0 0 0 0 0 0
2146860412164106 123740962731712 wait_end 0 0 0 0 0 0
2146860412165216 123740962731712 drain_beg 0 0 0 0 0 0
2146860412165336 123740962731712 drain_end 1 0 0 0 0 0
2146860412165446 123740962731712 take 233 0 0 0 0 0
2146860412165516 123740962731712 subm_beg 1 0 0 0 0 0
2146860412165596 123740962731712 submit 233 0 0 0 0 0
2146860412165656 123740962731712 subm_end 1 0 0 0 0 0
2146860412165726 123740962731712 pump_beg 1 0 0 0 0 0
2146860412229533 123740962731712 feedend 232 0 0 0 0 0
2146860412282751 123740962731712 feedend 232 1 0 0 0 0
2146860407191057 123740976093056 ackslot 231 230 231 230 1 0
2146860407205237 123740976093056 send 18 0 0 230 230 2
2146860407519585 123740976093056 send 142959 0 0 230 230 2
2146860407798115 123740976093056 send 113753 0 0 230 230 2
2146860407801585 123740976093056 send 14 0 0 230 230 2
2146860407801815 123740976093056 egress 231 1 0 230 0 0
2146860407801965 123740976093056 ackregion 231 231 231 230 1 0
2146860407866903 123740976093056 msgin 232 4718592 0 0 0 0
2146860407867063 123740976093056 enq 232 1 0 0 0 0
2146860408497080 123740976093056 cliack 231 0 232 231 0 0
2146860411444772 123740976093056 ackslot 232 231 232 231 1 0
2146860411458742 123740976093056 send 18 0 0 231 231 2
2146860411811139 123740976093056 send 153327 0 0 231 231 2
2146860412097678 123740976093056 send 125494 0 0 231 231 2
2146860412101758 123740976093056 send 14 0 0 231 231 2
2146860412105618 123740976093056 egress 232 1 0 231 0 0
2146860412105678 123740976093056 ackregion 232 232 232 231 1 0
2146860412159156 123740976093056 msgin 233 4718592 0 0 0 0
2146860412159236 123740976093056 enq 233 1 0 0 0 0
2146860412825402 123740976093056 cliack 232 0 233 232 0 0
2146860415035791 123740962731712 outfirst 232 1 65536 0 0 0
2146860415507444 123740962731712 outfirst 232 0 65536 0 0 0
2146860415518493 123740962731712 pump_end 1 2 0 0 0 0
2146860415518583 123740962731712 book_beg 1 0 0 0 0 0
2146860415518733 123740962731712 batch 233 1 1 2 2 0
2146860415518873 123740962731712 book_end 1 0 0 0 0 0
2146860415519023 123740962731712 coll_beg 0 0 0 0 0 0
2146860415577221 123740962731712 coll_end 0 0 0 0 0 0
2146860415577381 123740962731712 rel_beg 1 0 0 0 0 0
2146860415577531 123740962731712 absorb 233 0 0 0 0 0
2146860415578351 123740962731712 rel_end 1 0 0 0 0 0
2146860415578371 123740962731712 emit_beg 233 0 0 0 0 0
2146860415578941 123740962731712 dmg 0 1 0 0 1024 768
2146860415579081 123740962731712 enc 232 232 1 -1 -1 0
2146860415592891 123740962731712 emit_end 233 0 0 0 0 0
2146860415592931 123740962731712 wait_beg 0 0 0 0 0 0
2146860416279826 123740962731712 wait_end 0 0 0 0 0 0
2146860416280966 123740962731712 drain_beg 0 0 0 0 0 0
2146860416281125 123740962731712 drain_end 1 0 0 0 0 0
2146860416281235 123740962731712 take 234 0 0 0 0 0
2146860416281395 123740962731712 subm_beg 1 0 0 0 0 0
2146860416281535 123740962731712 submit 234 0 0 0 0 0
2146860416281685 123740962731712 subm_end 1 0 0 0 0 0
2146860416281715 123740962731712 pump_beg 1 0 0 0 0 0
2146860416340383 123740962731712 feedend 233 0 0 0 0 0
2146860416406901 123740962731712 feedend 233 1 0 0 0 0
2146860419258687 123740962731712 outfirst 233 1 65536 0 0 0
2146860419623884 123740962731712 outfirst 233 0 65536 0 0 0
2146860419636283 123740962731712 pump_end 1 2 0 0 0 0
2146860419636453 123740962731712 book_beg 1 0 0 0 0 0
2146860419640433 123740962731712 batch 234 1 1 2 2 0
2146860419640483 123740962731712 book_end 1 0 0 0 0 0
2146860419640523 123740962731712 coll_beg 0 0 0 0 0 0
2146860419708170 123740962731712 coll_end 0 0 0 0 0 0
2146860419708230 123740962731712 rel_beg 1 0 0 0 0 0
2146860419708340 123740962731712 absorb 234 0 0 0 0 0
2146860419710780 123740962731712 rel_end 1 0 0 0 0 0
2146860419710860 123740962731712 emit_beg 234 0 0 0 0 0
2146860419712120 123740962731712 dmg 0 1 0 0 1024 768
2146860419712210 123740962731712 enc 233 233 1 -1 -1 0
2146860419728900 123740962731712 emit_end 234 0 0 0 0 0
2146860419728980 123740962731712 wait_beg 0 0 0 0 0 0
2146860420426344 123740962731712 wait_end 0 0 0 0 0 0
2146860420427614 123740962731712 drain_beg 0 0 0 0 0 0
2146860420427834 123740962731712 drain_end 1 0 0 0 0 0
2146860420427964 123740962731712 take 235 0 0 0 0 0
2146860420428134 123740962731712 subm_beg 1 0 0 0 0 0
2146860420428424 123740962731712 submit 235 0 0 0 0 0
2146860420428474 123740962731712 subm_end 1 0 0 0 0 0
2146860420428514 123740962731712 pump_beg 1 0 0 0 0 0
2146860420493152 123740962731712 feedend 234 0 0 0 0 0
2146860420573539 123740962731712 feedend 234 1 0 0 0 0
2146860423755033 123740962731712 outfirst 234 1 65536 0 0 0
2146860424130309 123740962731712 outfirst 234 0 65536 0 0 0
2146860424152508 123740962731712 pump_end 1 2 0 0 0 0
2146860424152618 123740962731712 book_beg 1 0 0 0 0 0
2146860424152738 123740962731712 batch 235 1 1 2 2 0
2146860424152808 123740962731712 book_end 1 0 0 0 0 0
2146860424152858 123740962731712 coll_beg 0 0 0 0 0 0
2146860424290123 123740962731712 coll_end 0 0 0 0 0 0
2146860424290183 123740962731712 rel_beg 1 0 0 0 0 0
2146860424290333 123740962731712 absorb 235 0 0 0 0 0
2146860424291573 123740962731712 rel_end 1 0 0 0 0 0
2146860424291633 123740962731712 emit_beg 235 0 0 0 0 0
2146860424292683 123740962731712 dmg 0 1 0 0 1024 768
2146860424292743 123740962731712 enc 234 234 1 -1 -1 0
2146860424316292 123740962731712 emit_end 235 0 0 0 0 0
2146860424316362 123740962731712 wait_beg 0 0 0 0 0 0
2146860415581361 123740976093056 ackslot 233 232 233 232 1 0
2146860415594831 123740976093056 send 18 0 0 232 232 2
2146860415931978 123740976093056 send 148909 0 0 232 232 2
2146860416209898 123740976093056 send 122064 0 0 232 232 2
2146860416213148 123740976093056 send 14 0 0 232 232 2
2146860416213248 123740976093056 egress 233 1 0 232 0 0
2146860416213318 123740976093056 ackregion 233 233 233 232 1 0
2146860416274236 123740976093056 msgin 234 4718592 0 0 0 0
2146860416274416 123740976093056 enq 234 1 0 0 0 0
2146860416846045 123740976093056 cliack 233 0 234 233 0 0
2146860419715280 123740976093056 ackslot 234 233 234 233 1 0
2146860419727170 123740976093056 send 18 0 0 233 233 2
2146860420082967 123740976093056 send 157246 0 0 233 233 2
2146860420363047 123740976093056 send 131727 0 0 233 233 2
2146860420366316 123740976093056 send 14 0 0 233 233 2
2146860420366516 123740976093056 egress 234 1 0 233 0 0
2146860420366546 123740976093056 ackregion 234 234 234 233 1 0
2146860420419545 123740976093056 msgin 235 4718592 0 0 0 0
2146860420419715 123740976093056 enq 235 1 0 0 0 0
2146860420936306 123740976093056 cliack 234 0 235 234 0 0
2146860424296203 123740976093056 ackslot 235 234 235 234 1 0
2146860424307753 123740976093056 send 18 0 0 234 234 2
2146860424712268 123740976093056 send 189624 0 0 234 234 2
2146860425062065 123740976093056 send 162514 0 0 234 234 2
2146860425065515 123740976093056 send 14 0 0 234 234 2
2146860425065675 123740976093056 egress 235 1 0 234 0 0
2146860425065815 123740976093056 ackregion 235 235 235 234 1 0
2146860425871496 123740976093056 cliack 235 0 236 235 0 0
2146860435483675 123740962731712 wait_end 0 0 0 0 0 0
2146860435486355 123740962731712 drain_beg 0 0 0 0 0 0
2146860435486645 123740962731712 drain_end 1 0 0 0 0 0
2146860435486805 123740962731712 take 236 0 0 0 0 0
2146860435487085 123740962731712 subm_beg 1 0 0 0 0 0
2146860435487235 123740962731712 submit 236 0 0 0 0 0
2146860435487355 123740962731712 subm_end 1 0 0 0 0 0
2146860435487385 123740962731712 pump_beg 1 0 0 0 0 0
2146860435578861 123740962731712 feedend 235 0 0 0 0 0
2146860435648939 123740962731712 feedend 235 1 0 0 0 0
2146860438355610 123740962731712 outfirst 235 1 65536 0 0 0
2146860438669769 123740962731712 outfirst 235 0 65536 0 0 0
2146860438682468 123740962731712 pump_end 1 2 0 0 0 0
2146860438682648 123740962731712 book_beg 1 0 0 0 0 0
2146860438682818 123740962731712 batch 236 1 1 2 2 0
2146860438682868 123740962731712 book_end 1 0 0 0 0 0
2146860438683038 123740962731712 coll_beg 0 0 0 0 0 0
2146860438771665 123740962731712 coll_end 0 0 0 0 0 0
2146860438771995 123740962731712 rel_beg 1 0 0 0 0 0
2146860438772125 123740962731712 absorb 236 0 0 0 0 0
2146860438773775 123740962731712 rel_end 1 0 0 0 0 0
2146860438773955 123740962731712 emit_beg 236 0 0 0 0 0
2146860438775135 123740962731712 dmg 0 1 0 0 1024 768
2146860438775175 123740962731712 enc 235 235 1 -1 -1 0
2146860438791114 123740962731712 emit_end 236 0 0 0 0 0
2146860438791304 123740962731712 wait_beg 0 0 0 0 0 0
2146860435464236 123740976093056 msgin 236 4718592 0 0 0 0
2146860435464536 123740976093056 enq 236 1 0 0 0 0
2146860438778555 123740976093056 ackslot 236 235 236 235 1 0
2146860438788694 123740976093056 send 18 0 0 235 235 2
2146860439059914 123740976093056 send 125373 0 0 235 235 2
2146860439299446 123740976093056 send 111104 0 0 235 235 2
2146860439302516 123740976093056 send 14 0 0 235 235 2
2146860439302706 123740976093056 egress 236 1 0 235 0 0
2146860439302836 123740976093056 ackregion 236 236 236 235 1 0
2146860439844666 123740976093056 cliack 236 0 237 236 0 0
2146860451838218 123740962731712 wait_end 0 0 0 0 0 0
2146860451842398 123740962731712 drain_beg 0 0 0 0 0 0
2146860451842908 123740962731712 drain_end 1 0 0 0 0 0
2146860451843108 123740962731712 take 237 0 0 0 0 0
2146860451843658 123740962731712 subm_beg 1 0 0 0 0 0
2146860451844538 123740962731712 submit 237 0 0 0 0 0
2146860451844718 123740962731712 subm_end 1 0 0 0 0 0
2146860451844788 123740962731712 pump_beg 1 0 0 0 0 0
2146860451998062 123740962731712 feedend 236 0 0 0 0 0
2146860452008292 123740962731712 feedend 236 1 0 0 0 0
2146860451813869 123740976093056 msgin 237 4718592 0 0 0 0
2146860451815029 123740976093056 enq 237 1 0 0 0 0
2146860455201336 123740962731712 outfirst 236 1 65536 0 0 0
2146860455801344 123740962731712 outfirst 236 0 65536 0 0 0
2146860455824813 123740962731712 pump_end 1 2 0 0 0 0
2146860455824923 123740962731712 book_beg 1 0 0 0 0 0
2146860455825113 123740962731712 batch 237 1 1 2 2 0
2146860455825283 123740962731712 book_end 1 0 0 0 0 0
2146860455825453 123740962731712 coll_beg 0 0 0 0 0 0
2146860455963038 123740962731712 coll_end 0 0 0 0 0 0
2146860455963318 123740962731712 rel_beg 1 0 0 0 0 0
2146860455963658 123740962731712 absorb 237 0 0 0 0 0
2146860455967258 123740962731712 rel_end 1 0 0 0 0 0
2146860455967318 123740962731712 emit_beg 237 0 0 0 0 0
2146860455970378 123740962731712 dmg 0 1 0 0 1024 768
2146860455970438 123740962731712 enc 236 236 1 -1 -1 0
2146860455995207 123740962731712 emit_end 237 0 0 0 0 0
2146860455995247 123740962731712 wait_beg 0 0 0 0 0 0
2146860456862875 123740962731712 wait_end 0 0 0 0 0 0
2146860456864295 123740962731712 drain_beg 0 0 0 0 0 0
2146860456864475 123740962731712 drain_end 1 0 0 0 0 0
2146860456864595 123740962731712 take 238 0 0 0 0 0
2146860456864665 123740962731712 subm_beg 1 0 0 0 0 0
2146860456864755 123740962731712 submit 238 0 0 0 0 0
2146860456864785 123740962731712 subm_end 1 0 0 0 0 0
2146860456864815 123740962731712 pump_beg 1 0 0 0 0 0
2146860456948842 123740962731712 feedend 237 0 0 0 0 0
2146860456981071 123740962731712 feedend 237 1 0 0 0 0
2146860459874625 123740962731712 outfirst 237 1 65536 0 0 0
2146860460413455 123740962731712 outfirst 237 0 65536 0 0 0
2146860460429185 123740962731712 pump_end 1 2 0 0 0 0
2146860460429245 123740962731712 book_beg 1 0 0 0 0 0
2146860460429325 123740962731712 batch 238 1 1 2 2 0
2146860460429345 123740962731712 book_end 1 0 0 0 0 0
2146860460429375 123740962731712 coll_beg 0 0 0 0 0 0
2146860460495282 123740962731712 coll_end 0 0 0 0 0 0
2146860460495332 123740962731712 rel_beg 1 0 0 0 0 0
2146860460495452 123740962731712 absorb 238 0 0 0 0 0
2146860460496672 123740962731712 rel_end 1 0 0 0 0 0
2146860460496712 123740962731712 emit_beg 238 0 0 0 0 0
2146860460497342 123740962731712 dmg 0 1 0 0 1024 768
2146860460497412 123740962731712 enc 237 237 1 -1 -1 0
2146860460513122 123740962731712 emit_end 238 0 0 0 0 0
2146860460513162 123740962731712 wait_beg 0 0 0 0 0 0
2146860455976527 123740976093056 ackslot 237 236 237 236 1 0
2146860455989247 123740976093056 send 18 0 0 236 236 2
2146860456432761 123740976093056 send 203170 0 0 236 236 2
2146860456776888 123740976093056 send 161751 0 0 236 236 2
2146860456780068 123740976093056 send 14 0 0 236 236 2
2146860456780168 123740976093056 egress 237 1 0 236 0 0
2146860456780328 123740976093056 ackregion 237 237 237 236 1 0
2146860456848276 123740976093056 msgin 238 4718592 0 0 0 0
2146860456848646 123740976093056 enq 238 1 0 0 0 0
2146860457744103 123740976093056 cliack 237 0 238 237 0 0
2146860460501602 123740976093056 ackslot 238 237 238 237 1 0
2146860460513792 123740976093056 send 18 0 0 237 237 2
2146860460886968 123740976093056 send 173894 0 0 237 237 2
2146860461174848 123740976093056 send 134964 0 0 237 237 2
2146860461178068 123740976093056 send 14 0 0 237 237 2
2146860461178428 123740976093056 egress 238 1 0 237 0 0
2146860461178568 123740976093056 ackregion 238 238 238 237 1 0
2146860461872252 123740976093056 cliack 238 0 239 238 0 0
2146860471373036 123740962731712 wait_end 0 0 0 0 0 0
2146860471375356 123740962731712 drain_beg 0 0 0 0 0 0
2146860471375666 123740962731712 drain_end 1 0 0 0 0 0
2146860471375826 123740962731712 take 239 0 0 0 0 0
2146860471376195 123740962731712 subm_beg 1 0 0 0 0 0
2146860471376595 123740962731712 submit 239 0 0 0 0 0
2146860471376745 123740962731712 subm_end 1 0 0 0 0 0
2146860471376785 123740962731712 pump_beg 1 0 0 0 0 0
2146860471498461 123740962731712 feedend 238 0 0 0 0 0
2146860471539680 123740962731712 feedend 238 1 0 0 0 0
2146860474669945 123740962731712 outfirst 238 1 65536 0 0 0
2146860475103920 123740962731712 outfirst 238 0 65536 0 0 0
2146860475124269 123740962731712 pump_end 1 2 0 0 0 0
2146860475124409 123740962731712 book_beg 1 0 0 0 0 0
2146860475124599 123740962731712 batch 239 1 1 2 2 0
2146860475124749 123740962731712 book_end 1 0 0 0 0 0
2146860475124909 123740962731712 coll_beg 0 0 0 0 0 0
2146860471349096 123740976093056 msgin 239 4718592 0 0 0 0
2146860471349436 123740976093056 enq 239 1 0 0 0 0
2146860475247674 123740962731712 coll_end 0 0 0 0 0 0
2146860475248064 123740962731712 rel_beg 1 0 0 0 0 0
2146860475248414 123740962731712 absorb 239 0 0 0 0 0
2146860475251644 123740962731712 rel_end 1 0 0 0 0 0
2146860475251704 123740962731712 emit_beg 239 0 0 0 0 0
2146860475252994 123740962731712 dmg 0 1 0 0 1024 768
2146860475253164 123740962731712 enc 238 238 1 -1 -1 0
2146860475275553 123740962731712 emit_end 239 0 0 0 0 0
2146860475275623 123740962731712 wait_beg 0 0 0 0 0 0
2146860476137292 123740962731712 wait_end 0 0 0 0 0 0
2146860476139642 123740962731712 drain_beg 0 0 0 0 0 0
2146860476139872 123740962731712 drain_end 1 0 0 0 0 0
2146860476140042 123740962731712 take 240 0 0 0 0 0
2146860476140232 123740962731712 subm_beg 1 0 0 0 0 0
2146860476140412 123740962731712 submit 240 0 0 0 0 0
2146860476140572 123740962731712 subm_end 1 0 0 0 0 0
2146860476140622 123740962731712 pump_beg 1 0 0 0 0 0
2146860476218899 123740962731712 feedend 239 0 0 0 0 0
2146860476330155 123740962731712 feedend 239 1 0 0 0 0
2146860479097824 123740962731712 outfirst 239 1 65536 0 0 0
2146860479456181 123740962731712 outfirst 239 0 65536 0 0 0
2146860479472220 123740962731712 pump_end 1 2 0 0 0 0
2146860479472420 123740962731712 book_beg 1 0 0 0 0 0
2146860479472620 123740962731712 batch 240 1 1 2 2 0
2146860479472670 123740962731712 book_end 1 0 0 0 0 0
2146860479472850 123740962731712 coll_beg 0 0 0 0 0 0
2146860479568847 123740962731712 coll_end 0 0 0 0 0 0
2146860479568917 123740962731712 rel_beg 1 0 0 0 0 0
2146860479569077 123740962731712 absorb 240 0 0 0 0 0
2146860479570747 123740962731712 rel_end 1 0 0 0 0 0
2146860479570807 123740962731712 emit_beg 240 0 0 0 0 0
2146860479571897 123740962731712 dmg 0 1 0 0 1024 768
2146860479571967 123740962731712 enc 239 239 1 -1 -1 0
2146860479591406 123740962731712 emit_end 240 0 0 0 0 0
2146860479591456 123740962731712 wait_beg 0 0 0 0 0 0
2146860480502553 123740962731712 wait_end 0 0 0 0 0 0
2146860480505572 123740962731712 drain_beg 0 0 0 0 0 0
2146860480505932 123740962731712 drain_end 1 0 0 0 0 0
2146860480509642 123740962731712 take 241 0 0 0 0 0
2146860480509772 123740962731712 subm_beg 1 0 0 0 0 0
2146860480510162 123740962731712 submit 241 0 0 0 0 0
2146860480510222 123740962731712 subm_end 1 0 0 0 0 0
2146860480510272 123740962731712 pump_beg 1 0 0 0 0 0
2146860480597809 123740962731712 feedend 240 0 0 0 0 0
2146860480681316 123740962731712 feedend 240 1 0 0 0 0
2146860483828661 123740962731712 outfirst 240 1 65536 0 0 0
2146860484164389 123740962731712 outfirst 240 0 65536 0 0 0
2146860484189878 123740962731712 pump_end 1 2 0 0 0 0
2146860484190008 123740962731712 book_beg 1 0 0 0 0 0
2146860484190118 123740962731712 batch 241 1 1 2 2 0
2146860484190178 123740962731712 book_end 1 0 0 0 0 0
2146860484190228 123740962731712 coll_beg 0 0 0 0 0 0
2146860484325243 123740962731712 coll_end 0 0 0 0 0 0
2146860484325283 123740962731712 rel_beg 1 0 0 0 0 0
2146860484325483 123740962731712 absorb 241 0 0 0 0 0
2146860484327693 123740962731712 rel_end 1 0 0 0 0 0
2146860484327723 123740962731712 emit_beg 241 0 0 0 0 0
2146860484328833 123740962731712 dmg 0 1 0 0 1024 768
2146860484328893 123740962731712 enc 240 240 1 -1 -1 0
2146860484351192 123740962731712 emit_end 241 0 0 0 0 0
2146860484351262 123740962731712 wait_beg 0 0 0 0 0 0
2146860484351842 123740962731712 wait_end 0 0 0 0 0 0
2146860484353612 123740962731712 drain_beg 0 0 0 0 0 0
2146860484353742 123740962731712 drain_end 1 0 0 0 0 0
2146860484353812 123740962731712 take 242 0 0 0 0 0
2146860484353872 123740962731712 subm_beg 1 0 0 0 0 0
2146860484353942 123740962731712 submit 242 0 0 0 0 0
2146860484353962 123740962731712 subm_end 1 0 0 0 0 0
2146860484353992 123740962731712 pump_beg 1 0 0 0 0 0
2146860484427219 123740962731712 feedend 241 0 0 0 0 0
2146860484506517 123740962731712 feedend 241 1 0 0 0 0
2146860475260304 123740976093056 ackslot 239 238 239 238 1 0
2146860475271893 123740976093056 send 18 0 0 238 238 2
2146860475695178 123740976093056 send 186445 0 0 238 238 2
2146860476038915 123740976093056 send 157958 0 0 238 238 2
2146860476042365 123740976093056 send 14 0 0 238 238 2
2146860476042455 123740976093056 egress 239 1 0 238 0 0
2146860476042595 123740976093056 ackregion 239 239 239 238 1 0
2146860476116203 123740976093056 msgin 240 4718592 0 0 0 0
2146860476117973 123740976093056 enq 240 1 0 0 0 0
2146860476874525 123740976093056 cliack 239 0 240 239 0 0
2146860479575456 123740976093056 ackslot 240 239 240 239 1 0
2146860479583496 123740976093056 send 18 0 0 239 239 2
2146860479928593 123740976093056 send 154458 0 0 239 239 2
2146860480368387 123740976093056 send 119614 0 0 239 239 2
2146860480374687 123740976093056 send 14 0 0 239 239 2
2146860480375217 123740976093056 egress 240 1 0 239 0 0
2146860480375467 123740976093056 ackregion 240 240 240 239 1 0
2146860480479663 123740976093056 msgin 241 4718592 0 0 0 0
2146860480479923 123740976093056 enq 241 1 0 0 0 0
2146860480871029 123740976093056 cliack 240 0 241 240 0 0
2146860484222047 123740976093056 msgin 242 4718592 0 0 0 0
2146860484222367 123740976093056 enq 242 1 0 0 0 0
2146860484332673 123740976093056 ackslot 241 240 241 240 1 0
2146860484356382 123740976093056 send 18 0 0 240 240 2
2146860484788956 123740976093056 send 177538 0 0 240 240 2
2146860485186592 123740976093056 send 153212 0 0 240 240 2
2146860485190032 123740976093056 send 14 0 0 240 240 2
2146860485190262 123740976093056 egress 241 1 0 240 0 0
2146860485190372 123740976093056 ackregion 241 241 241 240 1 0
2146860487416730 123740962731712 outfirst 241 1 65536 0 0 0
2146860487732999 123740962731712 outfirst 241 0 65536 0 0 0
2146860487750928 123740962731712 pump_end 1 2 0 0 0 0
2146860487751218 123740962731712 book_beg 1 0 0 0 0 0
2146860487751418 123740962731712 batch 242 1 1 2 2 0
2146860487751478 123740962731712 book_end 1 0 0 0 0 0
2146860487751668 123740962731712 coll_beg 0 0 0 0 0 0
2146860487860754 123740962731712 coll_end 0 0 0 0 0 0
2146860487861344 123740962731712 rel_beg 1 0 0 0 0 0
2146860487861454 123740962731712 absorb 242 0 0 0 0 0
2146860487863364 123740962731712 rel_end 1 0 0 0 0 0
2146860487863614 123740962731712 emit_beg 242 0 0 0 0 0
2146860487864904 123740962731712 dmg 0 1 0 0 1024 768
2146860487864944 123740962731712 enc 241 241 1 -1 -1 0
2146860487884183 123740962731712 emit_end 242 0 0 0 0 0
2146860487884363 123740962731712 wait_beg 0 0 0 0 0 0
2146860485901836 123740976093056 cliack 241 0 242 241 0 0
2146860487875124 123740976093056 ackslot 242 241 242 241 1 0
2146860487892593 123740976093056 send 18 0 0 241 241 2
2146860488240630 123740976093056 send 158293 0 0 241 241 2
2146860488530460 123740976093056 send 136867 0 0 241 241 2
2146860488533890 123740976093056 send 14 0 0 241 241 2
2146860488534210 123740976093056 egress 242 1 0 241 0 0
2146860488534370 123740976093056 ackregion 242 242 242 241 1 0
2146860489427337 123740976093056 cliack 242 0 243 242 0 0
2146860500097788 123740962731712 wait_end 0 0 0 0 0 0
2146860500099388 123740962731712 drain_beg 0 0 0 0 0 0
2146860500099568 123740962731712 drain_end 1 0 0 0 0 0
2146860500099698 123740962731712 take 243 0 0 0 0 0
2146860500099848 123740962731712 subm_beg 1 0 0 0 0 0
2146860500099948 123740962731712 submit 243 0 0 0 0 0
2146860500100108 123740962731712 subm_end 1 0 0 0 0 0
2146860500100238 123740962731712 pump_beg 1 0 0 0 0 0
2146860500163725 123740962731712 feedend 242 0 0 0 0 0
2146860500240073 123740962731712 feedend 242 1 0 0 0 0
2146860503385338 123740962731712 outfirst 242 1 65536 0 0 0
2146860503552412 123740962731712 outfirst 242 0 65536 0 0 0
2146860503580961 123740962731712 pump_end 1 2 0 0 0 0
2146860503581071 123740962731712 book_beg 1 0 0 0 0 0
2146860503581341 123740962731712 batch 243 1 1 2 2 0
2146860503581511 123740962731712 book_end 1 0 0 0 0 0
2146860503581681 123740962731712 coll_beg 0 0 0 0 0 0
2146860503693976 123740962731712 coll_end 0 0 0 0 0 0
2146860503694386 123740962731712 rel_beg 1 0 0 0 0 0
2146860503694576 123740962731712 absorb 243 0 0 0 0 0
2146860503696526 123740962731712 rel_end 1 0 0 0 0 0
2146860503696586 123740962731712 emit_beg 243 0 0 0 0 0
2146860503697546 123740962731712 dmg 0 1 0 0 1024 768
2146860503697706 123740962731712 enc 242 242 1 -1 -1 0
2146860503719836 123740962731712 emit_end 243 0 0 0 0 0
2146860503719946 123740962731712 wait_beg 0 0 0 0 0 0
2146860500082568 123740976093056 msgin 243 4718592 0 0 0 0
2146860500082988 123740976093056 enq 243 1 0 0 0 0
2146860503702556 123740976093056 ackslot 243 242 243 242 1 0
2146860503718616 123740976093056 send 18 0 0 242 242 2
2146860504067423 123740976093056 send 159335 0 0 242 242 2
2146860504377502 123740976093056 send 147590 0 0 242 242 2
2146860504381031 123740976093056 send 14 0 0 242 242 2
2146860504381131 123740976093056 egress 243 1 0 242 0 0
2146860504381361 123740976093056 ackregion 243 243 243 242 1 0
2146860504991519 123740976093056 cliack 243 0 244 243 0 0
2146860515378570 123740962731712 wait_end 0 0 0 0 0 0
2146860515381400 123740962731712 drain_beg 0 0 0 0 0 0
2146860515381800 123740962731712 drain_end 1 0 0 0 0 0
2146860515381930 123740962731712 take 244 0 0 0 0 0
2146860515382310 123740962731712 subm_beg 1 0 0 0 0 0
2146860515383170 123740962731712 submit 244 0 0 0 0 0
2146860515383330 123740962731712 subm_end 1 0 0 0 0 0
2146860515383370 123740962731712 pump_beg 1 0 0 0 0 0
2146860515366841 123740976093056 msgin 244 4718592 0 0 0 0
2146860515368401 123740976093056 enq 244 1 0 0 0 0
2146860515499086 123740962731712 feedend 243 0 0 0 0 0
2146860515529615 123740962731712 feedend 243 1 0 0 0 0
2146860518495377 123740962731712 outfirst 243 1 65536 0 0 0
2146860519146863 123740962731712 outfirst 243 0 65536 0 0 0
2146860519176372 123740962731712 pump_end 1 2 0 0 0 0
2146860519176442 123740962731712 book_beg 1 0 0 0 0 0
2146860519176612 123740962731712 batch 244 1 1 2 2 0
2146860519176722 123740962731712 book_end 1 0 0 0 0 0
2146860519176772 123740962731712 coll_beg 0 0 0 0 0 0
2146860519292907 123740962731712 coll_end 0 0 0 0 0 0
2146860519292977 123740962731712 rel_beg 1 0 0 0 0 0
2146860519293317 123740962731712 absorb 244 0 0 0 0 0
2146860519297097 123740962731712 rel_end 1 0 0 0 0 0
2146860519297167 123740962731712 emit_beg 244 0 0 0 0 0
2146860519298437 123740962731712 dmg 0 1 0 0 1024 768
2146860519298517 123740962731712 enc 243 243 1 -1 -1 0
2146860519320376 123740962731712 emit_end 244 0 0 0 0 0
2146860519320436 123740962731712 wait_beg 0 0 0 0 0 0
2146860519308307 123740976093056 ackslot 244 243 244 243 1 0
2146860519329596 123740976093056 send 18 0 0 243 243 2
2146860519712232 123740976093056 send 180448 0 0 243 243 2
2146860520027181 123740976093056 send 143714 0 0 243 243 2
2146860520030441 123740976093056 send 14 0 0 243 243 2
2146860520030651 123740976093056 egress 244 1 0 243 0 0
2146860520030791 123740976093056 ackregion 244 244 244 243 1 0
2146860520810992 123740976093056 cliack 244 0 245 244 0 0
2146860531342818 123740962731712 wait_end 0 0 0 0 0 0
2146860531345078 123740962731712 drain_beg 0 0 0 0 0 0
2146860531345378 123740962731712 drain_end 1 0 0 0 0 0
2146860531345528 123740962731712 take 245 0 0 0 0 0
2146860531345998 123740962731712 subm_beg 1 0 0 0 0 0
2146860531346778 123740962731712 submit 245 0 0 0 0 0
2146860531346928 123740962731712 subm_end 1 0 0 0 0 0
2146860531346958 123740962731712 pump_beg 1 0 0 0 0 0
2146860531492762 123740962731712 feedend 244 0 0 0 0 0
2146860531517301 123740962731712 feedend 244 1 0 0 0 0
2146860534560310 123740962731712 outfirst 244 1 65536 0 0 0
2146860535016324 123740962731712 outfirst 244 0 65536 0 0 0
2146860535043143 123740962731712 pump_end 1 2 0 0 0 0
2146860535043223 123740962731712 book_beg 1 0 0 0 0 0
2146860535043393 123740962731712 batch 245 1 1 2 2 0
2146860535043553 123740962731712 book_end 1 0 0 0 0 0
2146860535043723 123740962731712 coll_beg 0 0 0 0 0 0
2146860535159259 123740962731712 coll_end 0 0 0 0 0 0
2146860535159539 123740962731712 rel_beg 1 0 0 0 0 0
2146860535159869 123740962731712 absorb 245 0 0 0 0 0
2146860535163398 123740962731712 rel_end 1 0 0 0 0 0
2146860535163438 123740962731712 emit_beg 245 0 0 0 0 0
2146860535164778 123740962731712 dmg 0 1 0 0 1024 768
2146860535164958 123740962731712 enc 244 244 1 -1 -1 0
2146860535185408 123740962731712 emit_end 245 0 0 0 0 0
2146860535185518 123740962731712 wait_beg 0 0 0 0 0 0
2146860531330318 123740976093056 msgin 245 4718592 0 0 0 0
2146860531330838 123740976093056 enq 245 1 0 0 0 0
2146860535175548 123740976093056 ackslot 245 244 245 244 1 0
2146860535191697 123740976093056 send 18 0 0 244 244 2
2146860535557164 123740976093056 send 163886 0 0 244 244 2
2146860535862243 123740976093056 send 142185 0 0 244 244 2
2146860535865773 123740976093056 send 14 0 0 244 244 2
2146860535865893 123740976093056 egress 245 1 0 244 0 0
2146860535866023 123740976093056 ackregion 245 245 245 244 1 0
2146860536873486 123740976093056 cliack 245 0 246 245 0 0
2146860547860435 123740962731712 wait_end 0 0 0 0 0 0
2146860547862345 123740962731712 drain_beg 0 0 0 0 0 0
2146860547862525 123740962731712 drain_end 1 0 0 0 0 0
2146860547862675 123740962731712 take 246 0 0 0 0 0
2146860547862855 123740962731712 subm_beg 1 0 0 0 0 0
2146860547863285 123740962731712 submit 246 0 0 0 0 0
2146860547863425 123740962731712 subm_end 1 0 0 0 0 0
2146860547863455 123740962731712 pump_beg 1 0 0 0 0 0
2146860547989651 123740962731712 feedend 245 0 0 0 0 0
2146860548047848 123740962731712 feedend 245 1 0 0 0 0
2146860551097727 123740962731712 outfirst 245 1 65536 0 0 0
2146860551481413 123740962731712 outfirst 245 0 65536 0 0 0
2146860551506812 123740962731712 pump_end 1 2 0 0 0 0
2146860551507022 123740962731712 book_beg 1 0 0 0 0 0
2146860551507272 123740962731712 batch 246 1 1 2 2 0
2146860551507342 123740962731712 book_end 1 0 0 0 0 0
2146860551507502 123740962731712 coll_beg 0 0 0 0 0 0
2146860551620638 123740962731712 coll_end 0 0 0 0 0 0
2146860551620718 123740962731712 rel_beg 1 0 0 0 0 0
2146860551621048 123740962731712 absorb 246 0 0 0 0 0
2146860551625628 123740962731712 rel_end 1 0 0 0 0 0
2146860551625808 123740962731712 emit_beg 246 0 0 0 0 0
2146860551626998 123740962731712 dmg 0 1 0 0 1024 768
2146860551627068 123740962731712 enc 245 245 1 -1 -1 0
2146860551646957 123740962731712 emit_end 246 0 0 0 0 0
2146860551647027 123740962731712 wait_beg 0 0 0 0 0 0
2146860547849986 123740976093056 msgin 246 4718592 0 0 0 0
2146860547850246 123740976093056 enq 246 1 0 0 0 0
2146860551637147 123740976093056 ackslot 246 245 246 245 1 0
2146860551652357 123740976093056 send 18 0 0 245 245 2
2146860552028913 123740976093056 send 166395 0 0 245 245 2
2146860552344592 123740976093056 send 145233 0 0 245 245 2
2146860552347931 123740976093056 send 14 0 0 245 245 2
2146860552348141 123740976093056 egress 246 1 0 245 0 0
2146860552348271 123740976093056 ackregion 246 246 246 245 1 0
2146860553003528 123740976093056 cliack 246 0 247 246 0 0
2146860564026155 123740962731712 wait_end 0 0 0 0 0 0
2146860564027865 123740962731712 drain_beg 0 0 0 0 0 0
2146860564028085 123740962731712 drain_end 1 0 0 0 0 0
2146860564028245 123740962731712 take 247 0 0 0 0 0
2146860564028535 123740962731712 subm_beg 1 0 0 0 0 0
2146860564028875 123740962731712 submit 247 0 0 0 0 0
2146860564029015 123740962731712 subm_end 1 0 0 0 0 0
2146860564029045 123740962731712 pump_beg 1 0 0 0 0 0
2146860564161451 123740962731712 feedend 246 0 0 0 0 0
2146860564173460 123740962731712 feedend 246 1 0 0 0 0
2146860564016806 123740976093056 msgin 247 4718592 0 0 0 0
2146860564017106 123740976093056 enq 247 1 0 0 0 0
2146860566837973 123740962731712 outfirst 246 1 65536 0 0 0
2146860567170171 123740962731712 outfirst 246 0 65536 0 0 0
2146860567190150 123740962731712 pump_end 1 2 0 0 0 0
2146860567190310 123740962731712 book_beg 1 0 0 0 0 0
2146860567190490 123740962731712 batch 247 1 1 2 2 0
2146860567190640 123740962731712 book_end 1 0 0 0 0 0
2146860567190790 123740962731712 coll_beg 0 0 0 0 0 0
2146860567269537 123740962731712 coll_end 0 0 0 0 0 0
2146860567271767 123740962731712 rel_beg 1 0 0 0 0 0
2146860567272077 123740962731712 absorb 247 0 0 0 0 0
2146860567275557 123740962731712 rel_end 1 0 0 0 0 0
2146860567275617 123740962731712 emit_beg 247 0 0 0 0 0
2146860567276847 123740962731712 dmg 0 1 0 0 1024 768
2146860567276997 123740962731712 enc 246 246 1 -1 -1 0
2146860567292896 123740962731712 emit_end 247 0 0 0 0 0
2146860567292956 123740962731712 wait_beg 0 0 0 0 0 0
2146860567287046 123740976093056 ackslot 247 246 247 246 1 0
2146860567299886 123740976093056 send 18 0 0 246 246 2
2146860567557027 123740976093056 send 116378 0 0 246 246 2
2146860567782578 123740976093056 send 98280 0 0 246 246 2
2146860567785828 123740976093056 send 14 0 0 246 246 2
2146860567785918 123740976093056 egress 247 1 0 246 0 0
2146860567786058 123740976093056 ackregion 247 247 247 246 1 0
2146860568459754 123740976093056 cliack 247 0 248 247 0 0
2146860579623586 123740962731712 wait_end 0 0 0 0 0 0
2146860579625246 123740962731712 drain_beg 0 0 0 0 0 0
2146860579625436 123740962731712 drain_end 1 0 0 0 0 0
2146860579625676 123740962731712 take 248 0 0 0 0 0
2146860579625926 123740962731712 subm_beg 1 0 0 0 0 0
2146860579626246 123740962731712 submit 248 0 0 0 0 0
2146860579626386 123740962731712 subm_end 1 0 0 0 0 0
2146860579626416 123740962731712 pump_beg 1 0 0 0 0 0
2146860579750392 123740962731712 feedend 247 0 0 0 0 0
2146860579761191 123740962731712 feedend 247 1 0 0 0 0
2146860582584628 123740962731712 outfirst 247 1 65536 0 0 0
2146860583041362 123740962731712 outfirst 247 0 65536 0 0 0
2146860583070891 123740962731712 pump_end 1 2 0 0 0 0
2146860583071121 123740962731712 book_beg 1 0 0 0 0 0
2146860583071321 123740962731712 batch 248 1 1 2 2 0
2146860583071431 123740962731712 book_end 1 0 0 0 0 0
2146860583071591 123740962731712 coll_beg 0 0 0 0 0 0
2146860583172137 123740962731712 coll_end 0 0 0 0 0 0
2146860583172577 123740962731712 rel_beg 1 0 0 0 0 0
2146860583172847 123740962731712 absorb 248 0 0 0 0 0
2146860583176727 123740962731712 rel_end 1 0 0 0 0 0
2146860583176787 123740962731712 emit_beg 248 0 0 0 0 0
2146860583177607 123740962731712 dmg 0 1 0 0 1024 768
2146860583177647 123740962731712 enc 247 247 1 -1 -1 0
2146860583196476 123740962731712 emit_end 248 0 0 0 0 0
2146860583196516 123740962731712 wait_beg 0 0 0 0 0 0
2146860579613337 123740976093056 msgin 248 4718592 0 0 0 0
2146860579613637 123740976093056 enq 248 1 0 0 0 0
2146860583187796 123740976093056 ackslot 248 247 248 247 1 0
2146860583202296 123740976093056 send 18 0 0 247 247 2
2146860583545363 123740976093056 send 155062 0 0 247 247 2
2146860583813684 123740976093056 send 123364 0 0 247 247 2
2146860583816863 123740976093056 send 14 0 0 247 247 2
2146860583817073 123740976093056 egress 248 1 0 247 0 0
2146860583817223 123740976093056 ackregion 248 248 248 247 1 0
2146860584606755 123740976093056 cliack 248 0 249 248 0 0
2146860595832505 123740962731712 wait_end 0 0 0 0 0 0
2146860595834215 123740962731712 drain_beg 0 0 0 0 0 0
2146860595834485 123740962731712 drain_end 1 0 0 0 0 0
2146860595834635 123740962731712 take 249 0 0 0 0 0
2146860595834915 123740962731712 subm_beg 1 0 0 0 0 0
2146860595835225 123740962731712 submit 249 0 0 0 0 0
2146860595835365 123740962731712 subm_end 1 0 0 0 0 0
2146860595835405 123740962731712 pump_beg 1 0 0 0 0 0
2146860595968050 123740962731712 feedend 248 0 0 0 0 0
2146860595971740 123740962731712 feedend 248 1 0 0 0 0
2146860595823085 123740976093056 msgin 249 4718592 0 0 0 0
2146860595823565 123740976093056 enq 249 1 0 0 0 0
2146860598913683 123740962731712 outfirst 248 1 65536 0 0 0
2146860599412284 123740962731712 outfirst 248 0 65536 0 0 0
2146860599438483 123740962731712 pump_end 1 2 0 0 0 0
2146860599438543 123740962731712 book_beg 1 0 0 0 0 0
2146860599438723 123740962731712 batch 249 1 1 2 2 0
2146860599438873 123740962731712 book_end 1 0 0 0 0 0
2146860599439043 123740962731712 coll_beg 0 0 0 0 0 0
2146860599547959 123740962731712 coll_end 0 0 0 0 0 0
2146860599548239 123740962731712 rel_beg 1 0 0 0 0 0
2146860599548549 123740962731712 absorb 249 0 0 0 0 0
2146860599552149 123740962731712 rel_end 1 0 0 0 0 0
2146860599552209 123740962731712 emit_beg 249 0 0 0 0 0
2146860599553369 123740962731712 dmg 0 1 0 0 1024 768
2146860599553509 123740962731712 enc 248 248 1 -1 -1 0
2146860599574429 123740962731712 emit_end 249 0 0 0 0 0
2146860599574499 123740962731712 wait_beg 0 0 0 0 0 0
2146860599561999 123740976093056 ackslot 249 248 249 248 1 0
2146860599575089 123740976093056 send 18 0 0 248 248 2
2146860599948775 123740976093056 send 167091 0 0 248 248 2
2146860600255774 123740976093056 send 135403 0 0 248 248 2
2146860600259074 123740976093056 send 14 0 0 248 248 2
2146860600259174 123740976093056 egress 249 1 0 248 0 0
2146860600261803 123740976093056 ackregion 249 249 249 248 1 0
2146860600985297 123740976093056 cliack 249 0 250 249 0 0
2146860612325673 123740962731712 wait_end 0 0 0 0 0 0
2146860612327803 123740962731712 drain_beg 0 0 0 0 0 0
2146860612328123 123740962731712 drain_end 1 0 0 0 0 0
2146860612328383 123740962731712 take 250 0 0 0 0 0
2146860612328723 123740962731712 subm_beg 1 0 0 0 0 0
2146860612329253 123740962731712 submit 250 0 0 0 0 0
2146860612329393 123740962731712 subm_end 1 0 0 0 0 0
2146860612329443 123740962731712 pump_beg 1 0 0 0 0 0
2146860612478138 123740962731712 feedend 249 0 0 0 0 0
2146860612510947 123740962731712 feedend 249 1 0 0 0 0
2146860615761618 123740962731712 outfirst 249 1 65536 0 0 0
2146860612314604 123740976093056 msgin 250 4718592 0 0 0 0
2146860612314894 123740976093056 enq 250 1 0 0 0 0
2146860616356406 123740962731712 outfirst 249 0 65536 0 0 0
2146860616387965 123740962731712 pump_end 1 2 0 0 0 0
2146860616388165 123740962731712 book_beg 1 0 0 0 0 0
2146860616388455 123740962731712 batch 250 1 1 2 2 0
2146860616388505 123740962731712 book_end 1 0 0 0 0 0
2146860616388685 123740962731712 coll_beg 0 0 0 0 0 0
2146860616516030 123740962731712 coll_end 0 0 0 0 0 0
2146860616516310 123740962731712 rel_beg 1 0 0 0 0 0
2146860616516660 123740962731712 absorb 250 0 0 0 0 0
2146860616520170 123740962731712 rel_end 1 0 0 0 0 0
2146860616520320 123740962731712 emit_beg 250 0 0 0 0 0
2146860616521430 123740962731712 dmg 0 1 0 0 1024 768
2146860616521490 123740962731712 enc 249 249 1 -1 -1 0
2146860616545289 123740962731712 emit_end 250 0 0 0 0 0
2146860616547659 123740962731712 wait_beg 0 0 0 0 0 0
2146860616531010 123740976093056 ackslot 250 249 250 249 1 0
2146860616544009 123740976093056 send 18 0 0 249 249 2
2146860616977244 123740976093056 send 197028 0 0 249 249 2
2146860617344990 123740976093056 send 164899 0 0 249 249 2
2146860617348430 123740976093056 send 14 0 0 249 249 2
2146860617348600 123740976093056 egress 250 1 0 249 0 0
2146860617348750 123740976093056 ackregion 250 250 250 249 1 0
2146860618080923 123740976093056 cliack 250 0 251 250 0 0
2146860627585427 123740962731712 wait_end 0 0 0 0 0 0
2146860627587127 123740962731712 drain_beg 0 0 0 0 0 0
2146860627587396 123740962731712 drain_end 1 0 0 0 0 0
2146860627587496 123740962731712 take 251 0 0 0 0 0
2146860627587866 123740962731712 subm_beg 1 0 0 0 0 0
2146860627588406 123740962731712 submit 251 0 0 0 0 0
2146860627588516 123740962731712 subm_end 1 0 0 0 0 0
2146860627588556 123740962731712 pump_beg 1 0 0 0 0 0
2146860627716772 123740962731712 feedend 250 0 0 0 0 0
2146860627735801 123740962731712 feedend 250 1 0 0 0 0
2146860630583317 123740962731712 outfirst 250 1 65536 0 0 0
2146860631288562 123740962731712 outfirst 250 0 65536 0 0 0
2146860631315361 123740962731712 pump_end 1 2 0 0 0 0
2146860631315561 123740962731712 book_beg 1 0 0 0 0 0
2146860631315761 123740962731712 batch 251 1 1 2 2 0
2146860631315911 123740962731712 book_end 1 0 0 0 0 0
2146860631316081 123740962731712 coll_beg 0 0 0 0 0 0
2146860631424297 123740962731712 coll_end 0 0 0 0 0 0
2146860631424557 123740962731712 rel_beg 1 0 0 0 0 0
2146860631424997 123740962731712 absorb 251 0 0 0 0 0
2146860631428756 123740962731712 rel_end 1 0 0 0 0 0
2146860631428846 123740962731712 emit_beg 251 0 0 0 0 0
2146860631429876 123740962731712 dmg 0 1 0 0 1024 768
2146860631429936 123740962731712 enc 250 250 1 -1 -1 0
2146860631450496 123740962731712 emit_end 251 0 0 0 0 0
2146860631450536 123740962731712 wait_beg 0 0 0 0 0 0
2146860632209308 123740962731712 wait_end 0 0 0 0 0 0
2146860632211908 123740962731712 drain_beg 0 0 0 0 0 0
2146860632212068 123740962731712 drain_end 1 0 0 0 0 0
2146860632212238 123740962731712 take 252 0 0 0 0 0
2146860632212458 123740962731712 subm_beg 1 0 0 0 0 0
2146860632212908 123740962731712 submit 252 0 0 0 0 0
2146860632212968 123740962731712 subm_end 1 0 0 0 0 0
2146860632213018 123740962731712 pump_beg 1 0 0 0 0 0
2146860632305224 123740962731712 feedend 251 0 0 0 0 0
2146860632378052 123740962731712 feedend 251 1 0 0 0 0
2146860635174460 123740962731712 outfirst 251 1 65536 0 0 0
2146860635560416 123740962731712 outfirst 251 0 65536 0 0 0
2146860635590115 123740962731712 pump_end 1 2 0 0 0 0
2146860635590225 123740962731712 book_beg 1 0 0 0 0 0
2146860635590415 123740962731712 batch 252 1 1 2 2 0
2146860635590465 123740962731712 book_end 1 0 0 0 0 0
2146860635590495 123740962731712 coll_beg 0 0 0 0 0 0
2146860635687071 123740962731712 coll_end 0 0 0 0 0 0
2146860635687111 123740962731712 rel_beg 1 0 0 0 0 0
2146860635687251 123740962731712 absorb 252 0 0 0 0 0
2146860635689181 123740962731712 rel_end 1 0 0 0 0 0
2146860635689211 123740962731712 emit_beg 252 0 0 0 0 0
2146860635690141 123740962731712 dmg 0 1 0 0 1024 768
2146860635690291 123740962731712 enc 251 251 1 -1 -1 0
2146860635708640 123740962731712 emit_end 252 0 0 0 0 0
2146860635708680 123740962731712 wait_beg 0 0 0 0 0 0
2146860627577497 123740976093056 msgin 251 4718592 0 0 0 0
2146860627578197 123740976093056 enq 251 1 0 0 0 0
2146860631438506 123740976093056 ackslot 251 250 251 250 1 0
2146860631451626 123740976093056 send 18 0 0 250 250 2
2146860631824672 123740976093056 send 169601 0 0 250 250 2
2146860632111961 123740976093056 send 129310 0 0 250 250 2
2146860632115351 123740976093056 send 14 0 0 250 250 2
2146860632115441 123740976093056 egress 251 1 0 250 0 0
2146860632115591 123740976093056 ackregion 251 251 251 250 1 0
2146860632187709 123740976093056 msgin 252 4718592 0 0 0 0
2146860632187959 123740976093056 enq 252 1 0 0 0 0
2146860632867754 123740976093056 cliack 251 0 252 251 0 0
2146860635694491 123740976093056 ackslot 252 251 252 251 1 0
2146860635704550 123740976093056 send 18 0 0 251 251 2
2146860636028748 123740976093056 send 145524 0 0 251 251 2
2146860636293339 123740976093056 send 122652 0 0 251 251 2
2146860636296669 123740976093056 send 14 0 0 251 251 2
2146860636296909 123740976093056 egress 252 1 0 251 0 0
2146860636297049 123740976093056 ackregion 252 252 252 251 1 0
2146860636908926 123740976093056 cliack 252 0 253 252 0 0
2146860647829168 123740962731712 wait_end 0 0 0 0 0 0
2146860647832238 123740962731712 drain_beg 0 0 0 0 0 0
2146860647832808 123740962731712 drain_end 1 0 0 0 0 0
2146860647832998 123740962731712 take 253 0 0 0 0 0
2146860647833478 123740962731712 subm_beg 1 0 0 0 0 0
2146860647834348 123740962731712 submit 253 0 0 0 0 0
2146860647834488 123740962731712 subm_end 1 0 0 0 0 0
2146860647834548 123740962731712 pump_beg 1 0 0 0 0 0
2146860647965843 123740962731712 feedend 252 0 0 0 0 0
2146860647994002 123740962731712 feedend 252 1 0 0 0 0
2146860650686164 123740962731712 outfirst 252 1 65536 0 0 0
2146860651178106 123740962731712 outfirst 252 0 65536 0 0 0
2146860651203985 123740962731712 pump_end 1 2 0 0 0 0
2146860651204125 123740962731712 book_beg 1 0 0 0 0 0
2146860651204345 123740962731712 batch 253 1 1 2 2 0
2146860651204515 123740962731712 book_end 1 0 0 0 0 0
2146860651204715 123740962731712 coll_beg 0 0 0 0 0 0
2146860651294822 123740962731712 coll_end 0 0 0 0 0 0
2146860651295072 123740962731712 rel_beg 1 0 0 0 0 0
2146860651295392 123740962731712 absorb 253 0 0 0 0 0
2146860651299441 123740962731712 rel_end 1 0 0 0 0 0
2146860651299501 123740962731712 emit_beg 253 0 0 0 0 0
2146860651300401 123740962731712 dmg 0 1 0 0 1024 768
2146860651300471 123740962731712 enc 252 252 1 -1 -1 0
2146860651317541 123740962731712 emit_end 253 0 0 0 0 0
2146860651317611 123740962731712 wait_beg 0 0 0 0 0 0
2146860647814999 123740976093056 msgin 253 4718592 0 0 0 0
2146860647815339 123740976093056 enq 253 1 0 0 0 0
2146860651309401 123740976093056 ackslot 253 252 253 252 1 0
2146860651323141 123740976093056 send 18 0 0 252 252 2
2146860651624770 123740976093056 send 134456 0 0 252 252 2
2146860651861311 123740976093056 send 110617 0 0 252 252 2
2146860651864581 123740976093056 send 14 0 0 252 252 2
2146860651864681 123740976093056 egress 253 1 0 252 0 0
2146860651864831 123740976093056 ackregion 253 253 253 252 1 0
2146860652606354 123740976093056 cliack 253 0 254 253 0 0
2146860663489027 123740962731712 wait_end 0 0 0 0 0 0
2146860663491257 123740962731712 drain_beg 0 0 0 0 0 0
2146860663491587 123740962731712 drain_end 1 0 0 0 0 0
2146860663491737 123740962731712 take 254 0 0 0 0 0
2146860663492067 123740962731712 subm_beg 1 0 0 0 0 0
2146860663492947 123740962731712 submit 254 0 0 0 0 0
2146860663495906 123740962731712 subm_end 1 0 0 0 0 0
2146860663495956 123740962731712 pump_beg 1 0 0 0 0 0
2146860663605512 123740962731712 feedend 253 0 0 0 0 0
2146860663635241 123740962731712 feedend 253 1 0 0 0 0
2146860663477727 123740976093056 msgin 254 4718592 0 0 0 0
2146860663478697 123740976093056 enq 254 1 0 0 0 0
2146860666761797 123740962731712 outfirst 253 1 65536 0 0 0
2146860667312827 123740962731712 outfirst 253 0 65536 0 0 0
2146860667343396 123740962731712 pump_end 1 2 0 0 0 0
2146860667343716 123740962731712 book_beg 1 0 0 0 0 0
2146860667343946 123740962731712 batch 254 1 1 2 2 0
2146860667344076 123740962731712 book_end 1 0 0 0 0 0
2146860667344236 123740962731712 coll_beg 0 0 0 0 0 0
2146860667444232 123740962731712 coll_end 0 0 0 0 0 0
2146860667444592 123740962731712 rel_beg 1 0 0 0 0 0
2146860667444902 123740962731712 absorb 254 0 0 0 0 0
2146860667448302 123740962731712 rel_end 1 0 0 0 0 0
2146860667448532 123740962731712 emit_beg 254 0 0 0 0 0
2146860667449322 123740962731712 dmg 0 1 0 0 1024 768
2146860667449382 123740962731712 enc 253 253 1 -1 -1 0
2146860667467732 123740962731712 emit_end 254 0 0 0 0 0
2146860667467902 123740962731712 wait_beg 0 0 0 0 0 0
2146860667460402 123740976093056 ackslot 254 253 254 253 1 0
2146860667473821 123740976093056 send 18 0 0 253 253 2
2146860667899726 123740976093056 send 191612 0 0 253 253 2
2146860668271792 123740976093056 send 158987 0 0 253 253 2
2146860668275172 123740976093056 send 14 0 0 253 253 2
2146860668275372 123740976093056 egress 254 1 0 253 0 0
2146860668275512 123740976093056 ackregion 254 254 254 253 1 0
2146860669007715 123740976093056 cliack 254 0 255 254 0 0
2146860679769393 123740962731712 wait_end 0 0 0 0 0 0
2146860679771963 123740962731712 drain_beg 0 0 0 0 0 0
2146860679772193 123740962731712 drain_end 1 0 0 0 0 0
2146860679772383 123740962731712 take 255 0 0 0 0 0
2146860679772643 123740962731712 subm_beg 1 0 0 0 0 0
2146860679772953 123740962731712 submit 255 0 0 0 0 0
2146860679773123 123740962731712 subm_end 1 0 0 0 0 0
2146860679773273 123740962731712 pump_beg 1 0 0 0 0 0
2146860679854940 123740962731712 feedend 254 0 0 0 0 0
2146860679980535 123740962731712 feedend 254 1 0 0 0 0
2146860682830021 123740962731712 outfirst 254 1 65536 0 0 0
2146860682982846 123740962731712 outfirst 254 0 65536 0 0 0
2146860682997885 123740962731712 pump_end 1 2 0 0 0 0
2146860682997995 123740962731712 book_beg 1 0 0 0 0 0
2146860682998175 123740962731712 batch 255 1 1 2 2 0
2146860682998355 123740962731712 book_end 1 0 0 0 0 0
2146860682998525 123740962731712 coll_beg 0 0 0 0 0 0
2146860683097181 123740962731712 coll_end 0 0 0 0 0 0
2146860683097441 123740962731712 rel_beg 1 0 0 0 0 0
2146860683097581 123740962731712 absorb 255 0 0 0 0 0
2146860683099711 123740962731712 rel_end 1 0 0 0 0 0
2146860683099731 123740962731712 emit_beg 255 0 0 0 0 0
2146860683100601 123740962731712 dmg 0 1 0 0 1024 768
2146860683100751 123740962731712 enc 254 254 1 -1 -1 0
2146860683118821 123740962731712 emit_end 255 0 0 0 0 0
2146860683118871 123740962731712 wait_beg 0 0 0 0 0 0
2146860679748144 123740976093056 msgin 255 4718592 0 0 0 0
2146860679748484 123740976093056 enq 255 1 0 0 0 0
2146860683107451 123740976093056 ackslot 255 254 255 254 1 0
2146860683121430 123740976093056 send 18 0 0 254 254 2
2146860683410030 123740976093056 send 131399 0 0 254 254 2
2146860683666591 123740976093056 send 120084 0 0 254 254 2
2146860683671310 123740976093056 send 14 0 0 254 254 2
2146860683671390 123740976093056 egress 255 1 0 254 0 0
2146860683671580 123740976093056 ackregion 255 255 255 254 1 0
2146860683988449 123740976093056 cliack 255 0 256 255 0 0
2146860696260231 123740962731712 wait_end 0 0 0 0 0 0
2146860696262851 123740962731712 drain_beg 0 0 0 0 0 0
2146860696263001 123740962731712 drain_end 1 0 0 0 0 0
2146860696263081 123740962731712 take 256 0 0 0 0 0
2146860696263211 123740962731712 subm_beg 1 0 0 0 0 0
2146860696263391 123740962731712 submit 256 0 0 0 0 0
2146860696263541 123740962731712 subm_end 1 0 0 0 0 0
2146860696263601 123740962731712 pump_beg 1 0 0 0 0 0
2146860696345558 123740962731712 feedend 255 0 0 0 0 0
2146860696452024 123740962731712 feedend 255 1 0 0 0 0
2146860696239362 123740976093056 msgin 256 4718592 0 0 0 0
2146860696239712 123740976093056 enq 256 1 0 0 0 0
2146860699393987 123740962731712 outfirst 255 1 65536 0 0 0
2146860699981915 123740962731712 outfirst 255 0 65536 0 0 0
2146860700016344 123740962731712 pump_end 1 2 0 0 0 0
2146860700016574 123740962731712 book_beg 1 0 0 0 0 0
2146860700016754 123740962731712 batch 256 1 1 2 2 0
2146860700016814 123740962731712 book_end 1 0 0 0 0 0
2146860700016974 123740962731712 coll_beg 0 0 0 0 0 0
2146860700138630 123740962731712 coll_end 0 0 0 0 0 0
2146860700138910 123740962731712 rel_beg 1 0 0 0 0 0
2146860700139040 123740962731712 absorb 256 0 0 0 0 0
2146860700140920 123740962731712 rel_end 1 0 0 0 0 0
2146860700141069 123740962731712 emit_beg 256 0 0 0 0 0
2146860700142159 123740962731712 dmg 0 1 0 0 1024 768
2146860700142219 123740962731712 enc 255 255 1 -1 -1 0
2146860700163249 123740962731712 emit_end 256 0 0 0 0 0
2146860700163439 123740962731712 wait_beg 0 0 0 0 0 0
2146860700151949 123740976093056 ackslot 256 255 256 255 1 0
2146860700174578 123740976093056 send 18 0 0 255 255 2
2146860700706069 123740976093056 send 178869 0 0 255 255 2
2146860701112134 123740976093056 send 135727 0 0 255 255 2
2146860701116644 123740976093056 send 14 0 0 255 255 2
2146860701117034 123740976093056 egress 256 1 0 255 0 0
2146860701117254 123740976093056 ackregion 256 256 256 255 1 0
2146860701689803 123740976093056 cliack 256 0 257 256 0 0
2146860712256158 123740962731712 wait_end 0 0 0 0 0 0
2146860712259247 123740962731712 drain_beg 0 0 0 0 0 0
2146860712259547 123740962731712 drain_end 1 0 0 0 0 0
2146860712259687 123740962731712 take 257 0 0 0 0 0
2146860712259847 123740962731712 subm_beg 1 0 0 0 0 0
2146860712260167 123740962731712 submit 257 0 0 0 0 0
2146860712260337 123740962731712 subm_end 1 0 0 0 0 0
2146860712260497 123740962731712 pump_beg 1 0 0 0 0 0
2146860712363824 123740962731712 feedend 256 0 0 0 0 0
2146860712425501 123740962731712 feedend 256 1 0 0 0 0
2146860715467290 123740962731712 outfirst 256 1 65536 0 0 0
2146860715721081 123740962731712 outfirst 256 0 65536 0 0 0
2146860715760290 123740962731712 pump_end 1 2 0 0 0 0
2146860715760420 123740962731712 book_beg 1 0 0 0 0 0
2146860715765149 123740962731712 batch 257 1 1 2 2 0
2146860715765189 123740962731712 book_end 1 0 0 0 0 0
2146860715765219 123740962731712 coll_beg 0 0 0 0 0 0
2146860715869436 123740962731712 coll_end 0 0 0 0 0 0
2146860715869496 123740962731712 rel_beg 1 0 0 0 0 0
2146860715869636 123740962731712 absorb 257 0 0 0 0 0
2146860715872616 123740962731712 rel_end 1 0 0 0 0 0
2146860715872786 123740962731712 emit_beg 257 0 0 0 0 0
2146860715874155 123740962731712 dmg 0 1 0 0 1024 768
2146860715874305 123740962731712 enc 256 256 1 -1 -1 0
2146860715897115 123740962731712 emit_end 257 0 0 0 0 0
2146860715897175 123740962731712 wait_beg 0 0 0 0 0 0
2146860712235948 123740976093056 msgin 257 4718592 0 0 0 0
2146860712236268 123740976093056 enq 257 1 0 0 0 0
2146860715880265 123740976093056 ackslot 257 256 257 256 1 0
2146860715895175 123740976093056 send 18 0 0 256 256 2
2146860716222673 123740976093056 send 151006 0 0 256 256 2
2146860716504743 123740976093056 send 134443 0 0 256 256 2
2146860716507812 123740976093056 send 14 0 0 256 256 2
2146860716507932 123740976093056 egress 257 1 0 256 0 0
2146860716508102 123740976093056 ackregion 257 257 257 256 1 0
2146860717429419 123740976093056 cliack 257 0 258 257 0 0
2146860727542680 123740962731712 wait_end 0 0 0 0 0 0
2146860727545200 123740962731712 drain_beg 0 0 0 0 0 0
2146860727545440 123740962731712 drain_end 1 0 0 0 0 0
2146860727545620 123740962731712 take 258 0 0 0 0 0
2146860727545800 123740962731712 subm_beg 1 0 0 0 0 0
2146860727546080 123740962731712 submit 258 0 0 0 0 0
2146860727546250 123740962731712 subm_end 1 0 0 0 0 0
2146860727546300 123740962731712 pump_beg 1 0 0 0 0 0
2146860727650976 123740962731712 feedend 257 0 0 0 0 0
2146860727712564 123740962731712 feedend 257 1 0 0 0 0
2146860730974175 123740962731712 outfirst 257 1 65536 0 0 0
2146860731215256 123740962731712 outfirst 257 0 65536 0 0 0
2146860731246145 123740962731712 pump_end 1 2 0 0 0 0
2146860731246385 123740962731712 book_beg 1 0 0 0 0 0
2146860731246575 123740962731712 batch 258 1 1 2 2 0
2146860731246625 123740962731712 book_end 1 0 0 0 0 0
2146860731246775 123740962731712 coll_beg 0 0 0 0 0 0
2146860731366740 123740962731712 coll_end 0 0 0 0 0 0
2146860731367020 123740962731712 rel_beg 1 0 0 0 0 0
2146860731367090 123740962731712 absorb 258 0 0 0 0 0
2146860731369400 123740962731712 rel_end 1 0 0 0 0 0
2146860731369550 123740962731712 emit_beg 258 0 0 0 0 0
2146860731370930 123740962731712 dmg 0 1 0 0 1024 768
2146860731371020 123740962731712 enc 257 257 1 -1 -1 0
2146860731393129 123740962731712 emit_end 258 0 0 0 0 0
2146860731393329 123740962731712 wait_beg 0 0 0 0 0 0
2146860732166111 123740962731712 wait_end 0 0 0 0 0 0
2146860732167901 123740962731712 drain_beg 0 0 0 0 0 0
2146860732168151 123740962731712 drain_end 1 0 0 0 0 0
2146860732168321 123740962731712 take 259 0 0 0 0 0
2146860732168411 123740962731712 subm_beg 1 0 0 0 0 0
2146860732168531 123740962731712 submit 259 0 0 0 0 0
2146860732168561 123740962731712 subm_end 1 0 0 0 0 0
2146860732168591 123740962731712 pump_beg 1 0 0 0 0 0
2146860732239308 123740962731712 feedend 258 0 0 0 0 0
2146860732339395 123740962731712 feedend 258 1 0 0 0 0
2146860735100044 123740962731712 outfirst 258 1 65536 0 0 0
2146860735570427 123740962731712 outfirst 258 0 65536 0 0 0
2146860735586566 123740962731712 pump_end 1 2 0 0 0 0
2146860735586686 123740962731712 book_beg 1 0 0 0 0 0
2146860735586806 123740962731712 batch 259 1 1 2 2 0
2146860735586866 123740962731712 book_end 1 0 0 0 0 0
2146860735586916 123740962731712 coll_beg 0 0 0 0 0 0
2146860735678803 123740962731712 coll_end 0 0 0 0 0 0
2146860735678833 123740962731712 rel_beg 1 0 0 0 0 0
2146860735679043 123740962731712 absorb 259 0 0 0 0 0
2146860735680913 123740962731712 rel_end 1 0 0 0 0 0
2146860735680943 123740962731712 emit_beg 259 0 0 0 0 0
2146860735681403 123740962731712 dmg 0 1 0 0 1024 768
2146860735681463 123740962731712 enc 258 258 1 -1 -1 0
2146860735700192 123740962731712 emit_end 259 0 0 0 0 0
2146860735700222 123740962731712 wait_beg 0 0 0 0 0 0
2146860736322200 123740962731712 wait_end 0 0 0 0 0 0
2146860736323650 123740962731712 drain_beg 0 0 0 0 0 0
2146860736323790 123740962731712 drain_end 1 0 0 0 0 0
2146860736323940 123740962731712 take 260 0 0 0 0 0
2146860736324060 123740962731712 subm_beg 1 0 0 0 0 0
2146860736324250 123740962731712 submit 260 0 0 0 0 0
2146860736324310 123740962731712 subm_end 1 0 0 0 0 0
2146860736324360 123740962731712 pump_beg 1 0 0 0 0 0
2146860736391007 123740962731712 feedend 259 0 0 0 0 0
2146860736491963 123740962731712 feedend 259 1 0 0 0 0
2146860727523761 123740976093056 msgin 258 4718592 0 0 0 0
2146860727524091 123740976093056 enq 258 1 0 0 0 0
2146860731375790 123740976093056 ackslot 258 257 258 257 1 0
2146860731386680 123740976093056 send 18 0 0 257 257 2
2146860731760016 123740976093056 send 172787 0 0 257 257 2
2146860732100084 123740976093056 send 158554 0 0 257 257 2
2146860732103163 123740976093056 send 14 0 0 257 257 2
2146860732103273 123740976093056 egress 258 1 0 257 0 0
2146860732103303 123740976093056 ackregion 258 258 258 257 1 0
2146860732158231 123740976093056 msgin 259 4718592 0 0 0 0
2146860732158331 123740976093056 enq 259 1 0 0 0 0
2146860732844796 123740976093056 cliack 258 0 259 258 0 0
2146860735686373 123740976093056 ackslot 259 258 259 258 1 0
2146860735694922 123740976093056 send 18 0 0 258 258 2
2146860736008971 123740976093056 send 146510 0 0 258 258 2
2146860736265262 123740976093056 send 117006 0 0 258 258 2
2146860736268462 123740976093056 send 14 0 0 258 258 2
2146860736268602 123740976093056 egress 259 1 0 258 0 0
2146860736268622 123740976093056 ackregion 259 259 259 258 1 0
2146860736314550 123740976093056 msgin 260 4718592 0 0 0 0
2146860736314640 123740976093056 enq 260 1 0 0 0 0
2146860736859690 123740976093056 cliack 259 0 260 259 0 0
2146860739996876 123740962731712 outfirst 259 1 65536 0 0 0
2146860740262136 123740962731712 outfirst 259 0 65536 0 0 0
2146860740287475 123740962731712 pump_end 1 2 0 0 0 0
2146860740287675 123740962731712 book_beg 1 0 0 0 0 0
2146860740287855 123740962731712 batch 260 1 1 2 2 0
2146860740287905 123740962731712 book_end 1 0 0 0 0 0
2146860740288085 123740962731712 coll_beg 0 0 0 0 0 0
2146860740426450 123740962731712 coll_end 0 0 0 0 0 0
2146860740426920 123740962731712 rel_beg 1 0 0 0 0 0
2146860740427060 123740962731712 absorb 260 0 0 0 0 0
2146860740428740 123740962731712 rel_end 1 0 0 0 0 0
2146860740431480 123740962731712 emit_beg 260 0 0 0 0 0
2146860740432440 123740962731712 dmg 0 1 0 0 1024 768
2146860740432510 123740962731712 enc 259 259 1 -1 -1 0
2146860740457799 123740962731712 emit_end 260 0 0 0 0 0
2146860740457859 123740962731712 wait_beg 0 0 0 0 0 0
2146860740433980 123740976093056 ackslot 260 259 260 259 1 0
2146860740445809 123740976093056 send 18 0 0 259 259 2
2146860740886373 123740976093056 send 208815 0 0 259 259 2
2146860741289028 123740976093056 send 186696 0 0 259 259 2
2146860741292268 123740976093056 send 14 0 0 259 259 2
2146860741292448 123740976093056 egress 260 1 0 259 0 0
2146860741292578 123740976093056 ackregion 260 260 260 259 1 0
2146860742108839 123740976093056 cliack 260 0 261 260 0 0
2146860752121833 123740962731712 wait_end 0 0 0 0 0 0
2146860752125033 123740962731712 drain_beg 0 0 0 0 0 0
2146860752125423 123740962731712 drain_end 1 0 0 0 0 0
2146860752125583 123740962731712 take 261 0 0 0 0 0
2146860752126093 123740962731712 subm_beg 1 0 0 0 0 0
2146860752126853 123740962731712 submit 261 0 0 0 0 0
2146860752126973 123740962731712 subm_end 1 0 0 0 0 0
2146860752127003 123740962731712 pump_beg 1 0 0 0 0 0
2146860752273978 123740962731712 feedend 260 0 0 0 0 0
2146860752288217 123740962731712 feedend 260 1 0 0 0 0
2146860754981489 123740962731712 outfirst 260 1 65536 0 0 0
2146860755616876 123740962731712 outfirst 260 0 65536 0 0 0
2146860755640815 123740962731712 pump_end 1 2 0 0 0 0
2146860755640875 123740962731712 book_beg 1 0 0 0 0 0
2146860755641075 123740962731712 batch 261 1 1 2 2 0
2146860755641225 123740962731712 book_end 1 0 0 0 0 0
2146860755641395 123740962731712 coll_beg 0 0 0 0 0 0
2146860755733051 123740962731712 coll_end 0 0 0 0 0 0
2146860755733361 123740962731712 rel_beg 1 0 0 0 0 0
2146860755733681 123740962731712 absorb 261 0 0 0 0 0
2146860755737221 123740962731712 rel_end 1 0 0 0 0 0
2146860755737271 123740962731712 emit_beg 261 0 0 0 0 0
2146860755738361 123740962731712 dmg 0 1 0 0 1024 768
2146860755738431 123740962731712 enc 260 260 1 -1 -1 0
2146860755756071 123740962731712 emit_end 261 0 0 0 0 0
2146860755756101 123740962731712 wait_beg 0 0 0 0 0 0
2146860752097324 123740976093056 msgin 261 4718592 0 0 0 0
2146860752097804 123740976093056 enq 261 1 0 0 0 0
2146860755748931 123740976093056 ackslot 261 260 261 260 1 0
2146860755763560 123740976093056 send 18 0 0 260 260 2
2146860756078409 123740976093056 send 144131 0 0 260 260 2
2146860756311220 123740976093056 send 108368 0 0 260 260 2
2146860756314460 123740976093056 send 14 0 0 260 260 2
2146860756314540 123740976093056 egress 261 1 0 260 0 0
2146860756314680 123740976093056 ackregion 261 261 261 260 1 0
2146860756848561 123740976093056 cliack 261 0 262 261 0 0
2146860768019223 123740962731712 wait_end 0 0 0 0 0 0
2146860768022023 123740962731712 drain_beg 0 0 0 0 0 0
2146860768022193 123740962731712 drain_end 1 0 0 0 0 0
2146860768022293 123740962731712 take 262 0 0 0 0 0
2146860768022463 123740962731712 subm_beg 1 0 0 0 0 0
2146860768022633 123740962731712 submit 262 0 0 0 0 0
2146860768022803 123740962731712 subm_end 1 0 0 0 0 0
2146860768022853 123740962731712 pump_beg 1 0 0 0 0 0
2146860768111430 123740962731712 feedend 261 0 0 0 0 0
2146860768186307 123740962731712 feedend 261 1 0 0 0 0
2146860771335242 123740962731712 outfirst 261 1 65536 0 0 0
2146860771828564 123740962731712 outfirst 261 0 65536 0 0 0
2146860771859283 123740962731712 pump_end 1 2 0 0 0 0
2146860771859883 123740962731712 book_beg 1 0 0 0 0 0
2146860771860663 123740962731712 batch 262 1 1 2 2 0
2146860771860753 123740962731712 book_end 1 0 0 0 0 0
2146860771860913 123740962731712 coll_beg 0 0 0 0 0 0
2146860772016987 123740962731712 coll_end 0 0 0 0 0 0
2146860772017087 123740962731712 rel_beg 1 0 0 0 0 0
2146860772017467 123740962731712 absorb 262 0 0 0 0 0
2146860772022847 123740962731712 rel_end 1 0 0 0 0 0
2146860772023007 123740962731712 emit_beg 262 0 0 0 0 0
2146860772026027 123740962731712 dmg 0 1 0 0 1024 768
2146860772026397 123740962731712 enc 261 261 1 -1 -1 0
2146860772061306 123740962731712 emit_end 262 0 0 0 0 0
2146860772061466 123740962731712 wait_beg 0 0 0 0 0 0
2146860767996154 123740976093056 msgin 262 4718592 0 0 0 0
2146860767996554 123740976093056 enq 262 1 0 0 0 0
2146860772049976 123740976093056 ackslot 262 261 262 261 1 0
2146860772163572 123740976093056 send 18 0 0 261 261 2
2146860772848187 123740976093056 send 179426 0 0 261 261 2
2146860773389597 123740976093056 send 153419 0 0 261 261 2
2146860773394867 123740976093056 send 14 0 0 261 261 2
2146860773395237 123740976093056 egress 262 1 0 261 0 0
2146860773395547 123740976093056 ackregion 262 262 262 261 1 0
2146860774202828 123740976093056 cliack 262 0 263 262 0 0
2146860783664652 123740962731712 wait_end 0 0 0 0 0 0
2146860783667272 123740962731712 drain_beg 0 0 0 0 0 0
2146860783667582 123740962731712 drain_end 1 0 0 0 0 0
2146860783667712 123740962731712 take 263 0 0 0 0 0
2146860783667872 123740962731712 subm_beg 1 0 0 0 0 0
2146860783668242 123740962731712 submit 263 0 0 0 0 0
2146860783668402 123740962731712 subm_end 1 0 0 0 0 0
2146860783668572 123740962731712 pump_beg 1 0 0 0 0 0
2146860783745049 123740962731712 feedend 262 0 0 0 0 0
2146860783868235 123740962731712 feedend 262 1 0 0 0 0
2146860786655503 123740962731712 outfirst 262 1 65536 0 0 0
2146860787096467 123740962731712 outfirst 262 0 65536 0 0 0
2146860787117186 123740962731712 pump_end 1 2 0 0 0 0
2146860787117826 123740962731712 book_beg 1 0 0 0 0 0
2146860787118106 123740962731712 batch 263 1 1 2 2 0
2146860787118256 123740962731712 book_end 1 0 0 0 0 0
2146860787118406 123740962731712 coll_beg 0 0 0 0 0 0
2146860787198473 123740962731712 coll_end 0 0 0 0 0 0
2146860787198653 123740962731712 rel_beg 1 0 0 0 0 0
2146860787198973 123740962731712 absorb 263 0 0 0 0 0
2146860787203133 123740962731712 rel_end 1 0 0 0 0 0
2146860787203213 123740962731712 emit_beg 263 0 0 0 0 0
2146860787204483 123740962731712 dmg 0 1 0 0 1024 768
2146860787204623 123740962731712 enc 262 262 1 -1 -1 0
2146860787229952 123740962731712 emit_end 263 0 0 0 0 0
2146860787230062 123740962731712 wait_beg 0 0 0 0 0 0
2146860783640803 123740976093056 msgin 263 4718592 0 0 0 0
2146860783641223 123740976093056 enq 263 1 0 0 0 0
2146860787228572 123740976093056 ackslot 263 262 263 262 1 0
2146860787272051 123740976093056 send 18 0 0 262 262 2
2146860787818851 123740976093056 send 153633 0 0 262 262 2
2146860788336472 123740976093056 send 124235 0 0 262 262 2
2146860788341772 123740976093056 send 14 0 0 262 262 2
2146860788342082 123740976093056 egress 263 1 0 262 0 0
2146860788342392 123740976093056 ackregion 263 263 263 262 1 0
2146860788541364 123740976093056 cliack 263 0 264 263 0 0
2146860800262377 123740962731712 wait_end 0 0 0 0 0 0
2146860800264017 123740962731712 drain_beg 0 0 0 0 0 0
2146860800268947 123740962731712 drain_end 1 0 0 0 0 0
2146860800269057 123740962731712 take 264 0 0 0 0 0
2146860800269617 123740962731712 subm_beg 1 0 0 0 0 0
2146860800270697 123740962731712 submit 264 0 0 0 0 0
2146860800270917 123740962731712 subm_end 1 0 0 0 0 0
2146860800270957 123740962731712 pump_beg 1 0 0 0 0 0
2146860800389552 123740962731712 feedend 263 0 0 0 0 0
2146860800422611 123740962731712 feedend 263 1 0 0 0 0
2146860803558487 123740962731712 outfirst 263 1 65536 0 0 0
2146860803954152 123740962731712 outfirst 263 0 65536 0 0 0
2146860803985891 123740962731712 pump_end 1 2 0 0 0 0
2146860803986321 123740962731712 book_beg 1 0 0 0 0 0
2146860803986601 123740962731712 batch 264 1 1 2 2 0
2146860803986621 123740962731712 book_end 1 0 0 0 0 0
2146860803986771 123740962731712 coll_beg 0 0 0 0 0 0
2146860804096217 123740962731712 coll_end 0 0 0 0 0 0
2146860804096337 123740962731712 rel_beg 1 0 0 0 0 0
2146860804096567 123740962731712 absorb 264 0 0 0 0 0
2146860804099067 123740962731712 rel_end 1 0 0 0 0 0
2146860804099147 123740962731712 emit_beg 264 0 0 0 0 0
2146860804100847 123740962731712 dmg 0 1 0 0 1024 768
2146860804101267 123740962731712 enc 263 263 1 -1 -1 0
2146860804121906 123740962731712 emit_end 264 0 0 0 0 0
2146860804122026 123740962731712 wait_beg 0 0 0 0 0 0
2146860800254667 123740976093056 msgin 264 4718592 0 0 0 0
2146860800255187 123740976093056 enq 264 1 0 0 0 0
2146860804108357 123740976093056 ackslot 264 263 264 263 1 0
2146860804157645 123740976093056 send 18 0 0 263 263 2
2146860804763483 123740976093056 send 169548 0 0 263 263 2
2146860805287483 123740976093056 send 147866 0 0 263 263 2
2146860805292773 123740976093056 send 14 0 0 263 263 2
2146860805293043 123740976093056 egress 264 1 0 263 0 0
2146860805293203 123740976093056 ackregion 264 264 264 263 1 0
2146860805579783 123740976093056 cliack 264 0 265 264 0 0
2146860816024442 123740962731712 wait_end 0 0 0 0 0 0
2146860816027702 123740962731712 drain_beg 0 0 0 0 0 0
2146860816028152 123740962731712 drain_end 1 0 0 0 0 0
2146860816028362 123740962731712 take 265 0 0 0 0 0
2146860816028782 123740962731712 subm_beg 1 0 0 0 0 0
2146860816029452 123740962731712 submit 265 0 0 0 0 0
2146860816029582 123740962731712 subm_end 1 0 0 0 0 0
2146860816029662 123740962731712 pump_beg 1 0 0 0 0 0
2146860816180496 123740962731712 feedend 264 0 0 0 0 0
2146860816192016 123740962731712 feedend 264 1 0 0 0 0
2146860816003843 123740976093056 msgin 265 4718592 0 0 0 0
2146860816004033 123740976093056 enq 265 1 0 0 0 0
2146860819022122 123740962731712 outfirst 264 1 65536 0 0 0
2146860819506005 123740962731712 outfirst 264 0 65536 0 0 0
2146860819523284 123740962731712 pump_end 1 2 0 0 0 0
2146860819523444 123740962731712 book_beg 1 0 0 0 0 0
2146860819523654 123740962731712 batch 265 1 1 2 2 0
2146860819523694 123740962731712 book_end 1 0 0 0 0 0
2146860819523734 123740962731712 coll_beg 0 0 0 0 0 0
2146860819591042 123740962731712 coll_end 0 0 0 0 0 0
2146860819591152 123740962731712 rel_beg 1 0 0 0 0 0
2146860819591262 123740962731712 absorb 265 0 0 0 0 0
2146860819592952 123740962731712 rel_end 1 0 0 0 0 0
2146860819592982 123740962731712 emit_beg 265 0 0 0 0 0
2146860819593532 123740962731712 dmg 0 1 0 0 1024 768
2146860819593592 123740962731712 enc 264 264 1 -1 -1 0
2146860819610361 123740962731712 emit_end 265 0 0 0 0 0
2146860819610411 123740962731712 wait_beg 0 0 0 0 0 0
2146860819597571 123740976093056 ackslot 265 264 265 264 1 0
2146860819616091 123740976093056 send 18 0 0 264 264 2
2146860819923040 123740976093056 send 143454 0 0 264 264 2
2146860820251008 123740976093056 send 118573 0 0 264 264 2
2146860820254867 123740976093056 send 14 0 0 264 264 2
2146860820255117 123740976093056 egress 265 1 0 264 0 0
2146860820255247 123740976093056 ackregion 265 265 265 264 1 0
2146860820777748 123740976093056 cliack 265 0 266 265 0 0
2146860832011169 123740962731712 wait_end 0 0 0 0 0 0
2146860832014908 123740962731712 drain_beg 0 0 0 0 0 0
2146860832015518 123740962731712 drain_end 1 0 0 0 0 0
2146860832015638 123740962731712 take 266 0 0 0 0 0
2146860832015848 123740962731712 subm_beg 1 0 0 0 0 0
2146860832016898 123740962731712 submit 266 0 0 0 0 0
2146860832017028 123740962731712 subm_end 1 0 0 0 0 0
2146860832017108 123740962731712 pump_beg 1 0 0 0 0 0
2146860832164043 123740962731712 feedend 265 0 0 0 0 0
2146860832176253 123740962731712 feedend 265 1 0 0 0 0
2146860835008619 123740962731712 outfirst 265 1 65536 0 0 0
2146860835404265 123740962731712 outfirst 265 0 65536 0 0 0
2146860835427844 123740962731712 pump_end 1 2 0 0 0 0
2146860835428264 123740962731712 book_beg 1 0 0 0 0 0
2146860835428474 123740962731712 batch 266 1 1 2 2 0
2146860835428524 123740962731712 book_end 1 0 0 0 0 0
2146860835428564 123740962731712 coll_beg 0 0 0 0 0 0
2146860835536430 123740962731712 coll_end 0 0 0 0 0 0
2146860835536480 123740962731712 rel_beg 1 0 0 0 0 0
2146860835536600 123740962731712 absorb 266 0 0 0 0 0
2146860835540240 123740962731712 rel_end 1 0 0 0 0 0
2146860835540410 123740962731712 emit_beg 266 0 0 0 0 0
2146860835542980 123740962731712 dmg 0 1 0 0 1024 768
2146860835543280 123740962731712 enc 265 265 1 -1 -1 0
2146860835566109 123740962731712 emit_end 266 0 0 0 0 0
2146860835566319 123740962731712 wait_beg 0 0 0 0 0 0
2146860831986479 123740976093056 msgin 266 4718592 0 0 0 0
2146860831987009 123740976093056 enq 266 1 0 0 0 0
2146860835545510 123740976093056 ackslot 266 265 266 265 1 0
2146860835571589 123740976093056 send 18 0 0 265 265 2
2146860835900277 123740976093056 send 137591 0 0 265 265 2
2146860836162777 123740976093056 send 114413 0 0 265 265 2
2146860836166327 123740976093056 send 14 0 0 265 265 2
2146860836166567 123740976093056 egress 266 1 0 265 0 0
2146860836169477 123740976093056 ackregion 266 266 266 265 1 0
2146860836808774 123740976093056 cliack 266 0 267 266 0 0
2146860847870620 123740962731712 wait_end 0 0 0 0 0 0
2146860847872310 123740962731712 drain_beg 0 0 0 0 0 0
2146860847872640 123740962731712 drain_end 1 0 0 0 0 0
2146860847872780 123740962731712 take 267 0 0 0 0 0
2146860847872940 123740962731712 subm_beg 1 0 0 0 0 0
2146860847873230 123740962731712 submit 267 0 0 0 0 0
2146860847873380 123740962731712 subm_end 1 0 0 0 0 0
2146860847873420 123740962731712 pump_beg 1 0 0 0 0 0
2146860848083862 123740962731712 feedend 266 0 0 0 0 0
2146860848086362 123740962731712 feedend 266 1 0 0 0 0
2146860851627693 123740962731712 outfirst 266 1 65536 0 0 0
2146860852149184 123740962731712 outfirst 266 0 65536 0 0 0
2146860852180923 123740962731712 pump_end 1 2 0 0 0 0
2146860852181253 123740962731712 book_beg 1 0 0 0 0 0
2146860852181643 123740962731712 batch 267 1 1 2 2 0
2146860852181843 123740962731712 book_end 1 0 0 0 0 0
2146860852181883 123740962731712 coll_beg 0 0 0 0 0 0
2146860852304328 123740962731712 coll_end 0 0 0 0 0 0
2146860852304398 123740962731712 rel_beg 1 0 0 0 0 0
2146860852304858 123740962731712 absorb 267 0 0 0 0 0
2146860852309388 123740962731712 rel_end 1 0 0 0 0 0
2146860852309478 123740962731712 emit_beg 267 0 0 0 0 0
2146860852311358 123740962731712 dmg 0 1 0 0 1024 768
2146860852311558 123740962731712 enc 266 266 1 -1 -1 0
2146860852345437 123740962731712 emit_end 267 0 0 0 0 0
2146860852345537 123740962731712 wait_beg 0 0 0 0 0 0
2146860847854931 123740976093056 msgin 267 4718592 0 0 0 0
2146860847855161 123740976093056 enq 267 1 0 0 0 0
2146860852326917 123740976093056 ackslot 267 266 267 266 1 0
2146860852385485 123740976093056 send 18 0 0 266 266 2
2146860852983144 123740976093056 send 195251 0 0 266 266 2
2146860853441957 123740976093056 send 171443 0 0 266 266 2
2146860853445377 123740976093056 send 14 0 0 266 266 2
2146860853445787 123740976093056 egress 267 1 0 266 0 0
2146860853446037 123740976093056 ackregion 267 267 267 266 1 0
2146860854009566 123740976093056 cliack 267 0 268 267 0 0
2146860863492830 123740962731712 wait_end 0 0 0 0 0 0
2146860863496260 123740962731712 drain_beg 0 0 0 0 0 0
2146860863496590 123740962731712 drain_end 1 0 0 0 0 0
2146860863496750 123740962731712 take 268 0 0 0 0 0
2146860863497010 123740962731712 subm_beg 1 0 0 0 0 0
2146860863497500 123740962731712 submit 268 0 0 0 0 0
2146860863497630 123740962731712 subm_end 1 0 0 0 0 0
2146860863497660 123740962731712 pump_beg 1 0 0 0 0 0
2146860863635505 123740962731712 feedend 267 0 0 0 0 0
2146860863662524 123740962731712 feedend 267 1 0 0 0 0
2146860866703023 123740962731712 outfirst 267 1 65536 0 0 0
2146860867057990 123740962731712 outfirst 267 0 65536 0 0 0
2146860867076829 123740962731712 pump_end 1 2 0 0 0 0
2146860867077149 123740962731712 book_beg 1 0 0 0 0 0
2146860867077359 123740962731712 batch 268 1 1 2 2 0
2146860867077419 123740962731712 book_end 1 0 0 0 0 0
2146860867077469 123740962731712 coll_beg 0 0 0 0 0 0
2146860867191855 123740962731712 coll_end 0 0 0 0 0 0
2146860867191895 123740962731712 rel_beg 1 0 0 0 0 0
2146860867191965 123740962731712 absorb 268 0 0 0 0 0
2146860867194535 123740962731712 rel_end 1 0 0 0 0 0
2146860867194575 123740962731712 emit_beg 268 0 0 0 0 0
2146860867195815 123740962731712 dmg 0 1 0 0 1024 768
2146860867195995 123740962731712 enc 267 267 1 -1 -1 0
2146860867218574 123740962731712 emit_end 268 0 0 0 0 0
2146860867218634 123740962731712 wait_beg 0 0 0 0 0 0
2146860863471681 123740976093056 msgin 268 4718592 0 0 0 0
2146860863472071 123740976093056 enq 268 1 0 0 0 0
2146860867200455 123740976093056 ackslot 268 267 268 267 1 0
2146860867218384 123740976093056 send 18 0 0 267 267 2
2146860867539972 123740976093056 send 150974 0 0 267 267 2
2146860867815422 123740976093056 send 130357 0 0 267 267 2
2146860867818812 123740976093056 send 14 0 0 267 267 2
2146860867819112 123740976093056 egress 268 1 0 267 0 0
2146860867819172 123740976093056 ackregion 268 268 268 267 1 0
2146860867898249 123740962731712 wait_end 0 0 0 0 0 0
2146860867900649 123740962731712 drain_beg 0 0 0 0 0 0
2146860867900839 123740962731712 drain_end 1 0 0 0 0 0
2146860867900939 123740962731712 take 269 0 0 0 0 0
2146860867901009 123740962731712 subm_beg 1 0 0 0 0 0
2146860867901269 123740962731712 submit 269 0 0 0 0 0
2146860867901489 123740962731712 subm_end 1 0 0 0 0 0
2146860867901559 123740962731712 pump_beg 1 0 0 0 0 0
2146860868023985 123740962731712 feedend 268 0 0 0 0 0
2146860868033174 123740962731712 feedend 268 1 0 0 0 0
2146860871171320 123740962731712 outfirst 268 1 65536 0 0 0
2146860871534447 123740962731712 outfirst 268 0 65536 0 0 0
2146860871556096 123740962731712 pump_end 1 2 0 0 0 0
2146860871556326 123740962731712 book_beg 1 0 0 0 0 0
2146860871556526 123740962731712 batch 269 1 1 2 2 0
2146860871556556 123740962731712 book_end 1 0 0 0 0 0
2146860871556586 123740962731712 coll_beg 0 0 0 0 0 0
2146860871639163 123740962731712 coll_end 0 0 0 0 0 0
2146860871639203 123740962731712 rel_beg 1 0 0 0 0 0
2146860871639583 123740962731712 absorb 269 0 0 0 0 0
2146860871643273 123740962731712 rel_end 1 0 0 0 0 0
2146860871643443 123740962731712 emit_beg 269 0 0 0 0 0
2146860871644683 123740962731712 dmg 0 1 0 0 1024 768
2146860871644903 123740962731712 enc 268 268 1 -1 -1 0
2146860871665342 123740962731712 emit_end 269 0 0 0 0 0
2146860871665402 123740962731712 wait_beg 0 0 0 0 0 0
2146860872542270 123740962731712 wait_end 0 0 0 0 0 0
2146860872543810 123740962731712 drain_beg 0 0 0 0 0 0
2146860872544030 123740962731712 drain_end 1 0 0 0 0 0
2146860872544140 123740962731712 take 270 0 0 0 0 0
2146860872544260 123740962731712 subm_beg 1 0 0 0 0 0
2146860872544690 123740962731712 submit 270 0 0 0 0 0
2146860872544870 123740962731712 subm_end 1 0 0 0 0 0
2146860872544920 123740962731712 pump_beg 1 0 0 0 0 0
2146860872660396 123740962731712 feedend 269 0 0 0 0 0
2146860872678635 123740962731712 feedend 269 1 0 0 0 0
2146860875531651 123740962731712 outfirst 269 1 65536 0 0 0
2146860876120959 123740962731712 outfirst 269 0 65536 0 0 0
2146860876152358 123740962731712 pump_end 1 2 0 0 0 0
2146860876152448 123740962731712 book_beg 1 0 0 0 0 0
2146860876152628 123740962731712 batch 270 1 1 2 2 0
2146860876152678 123740962731712 book_end 1 0 0 0 0 0
2146860876152728 123740962731712 coll_beg 0 0 0 0 0 0
2146860876265744 123740962731712 coll_end 0 0 0 0 0 0
2146860876265814 123740962731712 rel_beg 1 0 0 0 0 0
2146860876265954 123740962731712 absorb 270 0 0 0 0 0
2146860876267634 123740962731712 rel_end 1 0 0 0 0 0
2146860876267694 123740962731712 emit_beg 270 0 0 0 0 0
2146860876268684 123740962731712 dmg 0 1 0 0 1024 768
2146860876268744 123740962731712 enc 269 269 1 -1 -1 0
2146860876288473 123740962731712 emit_end 270 0 0 0 0 0
2146860876288543 123740962731712 wait_beg 0 0 0 0 0 0
2146860867880210 123740976093056 msgin 269 4718592 0 0 0 0
2146860867880280 123740976093056 enq 269 1 0 0 0 0
2146860868387481 123740976093056 cliack 268 0 269 268 0 0
2146860871654212 123740976093056 ackslot 269 268 269 268 1 0
2146860871711700 123740976093056 send 18 0 0 268 268 2
2146860872112446 123740976093056 send 172987 0 0 268 268 2
2146860872445773 123740976093056 send 151833 0 0 268 268 2
2146860872450353 123740976093056 send 14 0 0 268 268 2
2146860872450543 123740976093056 egress 269 1 0 268 0 0
2146860872450773 123740976093056 ackregion 269 269 269 268 1 0
2146860872537440 123740976093056 msgin 270 4718592 0 0 0 0
2146860872537680 123740976093056 enq 270 1 0 0 0 0
2146860873187506 123740976093056 cliack 269 0 270 269 0 0
2146860876272204 123740976093056 ackslot 270 269 270 269 1 0
2146860876283333 123740976093056 send 18 0 0 269 269 2
2146860876651410 123740976093056 send 168653 0 0 269 269 2
2146860876935130 123740976093056 send 130854 0 0 269 269 2
2146860876939449 123740976093056 send 14 0 0 269 269 2
2146860876939749 123740976093056 egress 270 1 0 269 0 0
2146860876939939 123740976093056 ackregion 270 270 270 269 1 0
2146860877505909 123740976093056 cliack 270 0 271 270 0 0
2146860887461116 123740962731712 wait_end 0 0 0 0 0 0
2146860887463406 123740962731712 drain_beg 0 0 0 0 0 0
2146860887463706 123740962731712 drain_end 1 0 0 0 0 0
2146860887463876 123740962731712 take 271 0 0 0 0 0
2146860887463966 123740962731712 subm_beg 1 0 0 0 0 0
2146860887464645 123740962731712 submit 271 0 0 0 0 0
2146860887464825 123740962731712 subm_end 1 0 0 0 0 0
2146860887464875 123740962731712 pump_beg 1 0 0 0 0 0
2146860887603240 123740962731712 feedend 270 0 0 0 0 0
2146860887626600 123740962731712 feedend 270 1 0 0 0 0
2146860887453036 123740976093056 msgin 271 4718592 0 0 0 0
2146860887453416 123740976093056 enq 271 1 0 0 0 0
2146860890486565 123740962731712 outfirst 270 1 65536 0 0 0
2146860890899730 123740962731712 outfirst 270 0 65536 0 0 0
2146860890917869 123740962731712 pump_end 1 2 0 0 0 0
2146860890918089 123740962731712 book_beg 1 0 0 0 0 0
2146860890918459 123740962731712 batch 271 1 1 2 2 0
2146860890918509 123740962731712 book_end 1 0 0 0 0 0
2146860890918559 123740962731712 coll_beg 0 0 0 0 0 0
2146860890993877 123740962731712 coll_end 0 0 0 0 0 0
2146860890994037 123740962731712 rel_beg 1 0 0 0 0 0
2146860890994097 123740962731712 absorb 271 0 0 0 0 0
2146860890996247 123740962731712 rel_end 1 0 0 0 0 0
2146860890996417 123740962731712 emit_beg 271 0 0 0 0 0
2146860890997377 123740962731712 dmg 0 1 0 0 1024 768
2146860890997546 123740962731712 enc 270 270 1 -1 -1 0
2146860891018806 123740962731712 emit_end 271 0 0 0 0 0
2146860891018856 123740962731712 wait_beg 0 0 0 0 0 0
2146860891004046 123740976093056 ackslot 271 270 271 270 1 0
2146860891050535 123740976093056 send 18 0 0 270 270 2
2146860891411711 123740976093056 send 157149 0 0 270 270 2
2146860891686071 123740976093056 send 128449 0 0 270 270 2
2146860891690351 123740976093056 send 14 0 0 270 270 2
2146860891690571 123740976093056 egress 271 1 0 270 0 0
2146860891690751 123740976093056 ackregion 271 271 271 270 1 0
2146860892237601 123740976093056 cliack 271 0 272 271 0 0
2146860904178136 123740962731712 wait_end 0 0 0 0 0 0
2146860904179536 123740962731712 drain_beg 0 0 0 0 0 0
2146860904179776 123740962731712 drain_end 1 0 0 0 0 0
2146860904179886 123740962731712 take 272 0 0 0 0 0
2146860904180046 123740962731712 subm_beg 1 0 0 0 0 0
2146860904180236 123740962731712 submit 272 0 0 0 0 0
2146860904180366 123740962731712 subm_end 1 0 0 0 0 0
2146860904180396 123740962731712 pump_beg 1 0 0 0 0 0
2146860904309751 123740962731712 feedend 271 0 0 0 0 0
2146860904313171 123740962731712 feedend 271 1 0 0 0 0
2146860907153667 123740962731712 outfirst 271 1 65536 0 0 0
2146860907696037 123740962731712 outfirst 271 0 65536 0 0 0
2146860907712607 123740962731712 pump_end 1 2 0 0 0 0
2146860907712687 123740962731712 book_beg 1 0 0 0 0 0
2146860907712897 123740962731712 batch 272 1 1 2 2 0
2146860907712957 123740962731712 book_end 1 0 0 0 0 0
2146860907713007 123740962731712 coll_beg 0 0 0 0 0 0
2146860907817863 123740962731712 coll_end 0 0 0 0 0 0
2146860907817903 123740962731712 rel_beg 1 0 0 0 0 0
2146860907817973 123740962731712 absorb 272 0 0 0 0 0
2146860907819873 123740962731712 rel_end 1 0 0 0 0 0
2146860907819933 123740962731712 emit_beg 272 0 0 0 0 0
2146860907820623 123740962731712 dmg 0 1 0 0 1024 768
2146860907820683 123740962731712 enc 271 271 1 -1 -1 0
2146860907839802 123740962731712 emit_end 272 0 0 0 0 0
2146860907839832 123740962731712 wait_beg 0 0 0 0 0 0
2146860904172036 123740976093056 msgin 272 4718592 0 0 0 0
2146860904172276 123740976093056 enq 272 1 0 0 0 0
2146860907825523 123740976093056 ackslot 272 271 272 271 1 0
2146860907844842 123740976093056 send 18 0 0 271 271 2
2146860908186959 123740976093056 send 151546 0 0 271 271 2
2146860908458100 123740976093056 send 124836 0 0 271 271 2
2146860908461369 123740976093056 send 14 0 0 271 271 2
2146860908461559 123740976093056 egress 272 1 0 271 0 0
2146860908461599 123740976093056 ackregion 272 272 272 271 1 0
2146860908971801 123740976093056 cliack 272 0 273 272 0 0
2146860919556535 123740962731712 wait_end 0 0 0 0 0 0
2146860919558595 123740962731712 drain_beg 0 0 0 0 0 0
2146860919558975 123740962731712 drain_end 1 0 0 0 0 0
2146860919559125 123740962731712 take 273 0 0 0 0 0
2146860919559315 123740962731712 subm_beg 1 0 0 0 0 0
2146860919559825 123740962731712 submit 273 0 0 0 0 0
2146860919559965 123740962731712 subm_end 1 0 0 0 0 0
2146860919560015 123740962731712 pump_beg 1 0 0 0 0 0
2146860919696450 123740962731712 feedend 272 0 0 0 0 0
2146860919699679 123740962731712 feedend 272 1 0 0 0 0
2146860922650332 123740962731712 outfirst 272 1 65536 0 0 0
2146860923120445 123740962731712 outfirst 272 0 65536 0 0 0
2146860923143744 123740962731712 pump_end 1 2 0 0 0 0
2146860923144024 123740962731712 book_beg 1 0 0 0 0 0
2146860923144244 123740962731712 batch 273 1 1 2 2 0
2146860923144304 123740962731712 book_end 1 0 0 0 0 0
2146860923144344 123740962731712 coll_beg 0 0 0 0 0 0
2146860923256180 123740962731712 coll_end 0 0 0 0 0 0
2146860923256300 123740962731712 rel_beg 1 0 0 0 0 0
2146860923256520 123740962731712 absorb 273 0 0 0 0 0
2146860923259270 123740962731712 rel_end 1 0 0 0 0 0
2146860923259340 123740962731712 emit_beg 273 0 0 0 0 0
2146860923261290 123740962731712 dmg 0 1 0 0 1024 768
2146860923261440 123740962731712 enc 272 272 1 -1 -1 0
2146860923289229 123740962731712 emit_end 273 0 0 0 0 0
2146860923289409 123740962731712 wait_beg 0 0 0 0 0 0
2146860919549965 123740976093056 msgin 273 4718592 0 0 0 0
2146860919550175 123740976093056 enq 273 1 0 0 0 0
2146860923265389 123740976093056 ackslot 273 272 273 272 1 0
2146860923290499 123740976093056 send 18 0 0 272 272 2
2146860923642696 123740976093056 send 162887 0 0 272 272 2
2146860923934565 123740976093056 send 136577 0 0 272 272 2
2146860923937735 123740976093056 send 14 0 0 272 272 2
2146860923937835 123740976093056 egress 273 1 0 272 0 0
2146860923938045 123740976093056 ackregion 273 273 273 272 1 0
2146860924590201 123740976093056 cliack 273 0 274 273 0 0
2146860935865980 123740962731712 wait_end 0 0 0 0 0 0
2146860935867250 123740962731712 drain_beg 0 0 0 0 0 0
2146860935867450 123740962731712 drain_end 1 0 0 0 0 0
2146860935867570 123740962731712 take 274 0 0 0 0 0
2146860935867680 123740962731712 subm_beg 1 0 0 0 0 0
2146860935867870 123740962731712 submit 274 0 0 0 0 0
2146860935868010 123740962731712 subm_end 1 0 0 0 0 0
2146860935868040 123740962731712 pump_beg 1 0 0 0 0 0
2146860935987645 123740962731712 feedend 273 0 0 0 0 0
2146860935990935 123740962731712 feedend 273 1 0 0 0 0
2146860935860120 123740976093056 msgin 274 4718592 0 0 0 0
2146860935860230 123740976093056 enq 274 1 0 0 0 0
2146860938905329 123740962731712 outfirst 273 1 65536 0 0 0
2146860939291035 123740962731712 outfirst 273 0 65536 0 0 0
2146860939306254 123740962731712 pump_end 1 2 0 0 0 0
2146860939306384 123740962731712 book_beg 1 0 0 0 0 0
2146860939306554 123740962731712 batch 274 1 1 2 2 0
2146860939306584 123740962731712 book_end 1 0 0 0 0 0
2146860939306634 123740962731712 coll_beg 0 0 0 0 0 0
2146860939378242 123740962731712 coll_end 0 0 0 0 0 0
2146860939378282 123740962731712 rel_beg 1 0 0 0 0 0
2146860939378382 123740962731712 absorb 274 0 0 0 0 0
2146860939380182 123740962731712 rel_end 1 0 0 0 0 0
2146860939380212 123740962731712 emit_beg 274 0 0 0 0 0
2146860939380891 123740962731712 dmg 0 1 0 0 1024 768
2146860939380951 123740962731712 enc 273 273 1 -1 -1 0
2146860939395911 123740962731712 emit_end 274 0 0 0 0 0
2146860939395971 123740962731712 wait_beg 0 0 0 0 0 0
2146860939386751 123740976093056 ackslot 274 273 274 273 1 0
2146860939401701 123740976093056 send 18 0 0 273 273 2
2146860939725069 123740976093056 send 146960 0 0 273 273 2
2146860939994399 123740976093056 send 122080 0 0 273 273 2
2146860939997489 123740976093056 send 14 0 0 273 273 2
2146860939997599 123740976093056 egress 274 1 0 273 0 0
2146860939997639 123740976093056 ackregion 274 274 274 273 1 0
2146860940541049 123740976093056 cliack 274 0 275 274 0 0
2146860951664263 123740962731712 wait_end 0 0 0 0 0 0
2146860951666553 123740962731712 drain_beg 0 0 0 0 0 0
2146860951666923 123740962731712 drain_end 1 0 0 0 0 0
2146860951667093 123740962731712 take 275 0 0 0 0 0
2146860951667343 123740962731712 subm_beg 1 0 0 0 0 0
2146860951667643 123740962731712 submit 275 0 0 0 0 0
2146860951667903 123740962731712 subm_end 1 0 0 0 0 0
2146860951667973 123740962731712 pump_beg 1 0 0 0 0 0
2146860951801388 123740962731712 feedend 274 0 0 0 0 0
2146860951806268 123740962731712 feedend 274 1 0 0 0 0
2146860954568697 123740962731712 outfirst 274 1 65536 0 0 0
2146860954970793 123740962731712 outfirst 274 0 65536 0 0 0
2146860955006381 123740962731712 pump_end 1 2 0 0 0 0
2146860955006431 123740962731712 book_beg 1 0 0 0 0 0
2146860955006611 123740962731712 batch 275 1 1 2 2 0
2146860955006661 123740962731712 book_end 1 0 0 0 0 0
2146860955006721 123740962731712 coll_beg 0 0 0 0 0 0
2146860955094998 123740962731712 coll_end 0 0 0 0 0 0
2146860955095038 123740962731712 rel_beg 1 0 0 0 0 0
2146860955095108 123740962731712 absorb 275 0 0 0 0 0
2146860955096918 123740962731712 rel_end 1 0 0 0 0 0
2146860955096978 123740962731712 emit_beg 275 0 0 0 0 0
2146860955097658 123740962731712 dmg 0 1 0 0 1024 768
2146860955097688 123740962731712 enc 274 274 1 -1 -1 0
2146860955116347 123740962731712 emit_end 275 0 0 0 0 0
2146860955116407 123740962731712 wait_beg 0 0 0 0 0 0
2146860951645844 123740976093056 msgin 275 4718592 0 0 0 0
2146860951645914 123740976093056 enq 275 1 0 0 0 0
2146860955103408 123740976093056 ackslot 275 274 275 274 1 0
2146860955114267 123740976093056 send 18 0 0 274 274 2
2146860955409437 123740976093056 send 133435 0 0 274 274 2
2146860955650388 123740976093056 send 109819 0 0 274 274 2
2146860955653518 123740976093056 send 14 0 0 274 274 2
2146860955653658 123740976093056 egress 275 1 0 274 0 0
2146860955653688 123740976093056 ackregion 275 275 275 274 1 0
2146860956592073 123740976093056 cliack 275 0 276 275 0 0
2146860968359404 123740962731712 wait_end 0 0 0 0 0 0
2146860968362104 123740962731712 drain_beg 0 0 0 0 0 0
2146860968362434 123740962731712 drain_end 1 0 0 0 0 0
2146860968362624 123740962731712 take 276 0 0 0 0 0
2146860968362964 123740962731712 subm_beg 1 0 0 0 0 0
2146860968363484 123740962731712 submit 276 0 0 0 0 0
2146860968363624 123740962731712 subm_end 1 0 0 0 0 0
2146860968363704 123740962731712 pump_beg 1 0 0 0 0 0
2146860968338385 123740976093056 msgin 276 4718592 0 0 0 0
2146860968339015 123740976093056 enq 276 1 0 0 0 0
2146860968527968 123740962731712 feedend 275 1 0 0 0 0
2146860968779159 123740962731712 feedend 275 0 0 0 0 0
2146860972043300 123740962731712 outfirst 275 1 65536 0 0 0
2146860972824091 123740962731712 outfirst 275 0 65536 0 0 0
2146860972854620 123740962731712 pump_end 1 2 0 0 0 0
2146860972854990 123740962731712 book_beg 1 0 0 0 0 0
2146860972855380 123740962731712 batch 276 1 1 2 2 0
2146860972855430 123740962731712 book_end 1 0 0 0 0 0
2146860972855490 123740962731712 coll_beg 0 0 0 0 0 0
2146860973003195 123740962731712 coll_end 0 0 0 0 0 0
2146860973003235 123740962731712 rel_beg 1 0 0 0 0 0
2146860973003405 123740962731712 absorb 276 0 0 0 0 0
2146860973007055 123740962731712 rel_end 1 0 0 0 0 0
2146860973007135 123740962731712 emit_beg 276 0 0 0 0 0
2146860973009335 123740962731712 dmg 0 1 0 0 1024 768
2146860973009645 123740962731712 enc 275 275 1 -1 -1 0
2146860973041823 123740962731712 emit_end 276 0 0 0 0 0
2146860973041863 123740962731712 wait_beg 0 0 0 0 0 0
2146860973028504 123740976093056 ackslot 276 275 276 275 1 0
2146860973099191 123740976093056 send 18 0 0 275 275 2
2146860973803206 123740976093056 send 191047 0 0 275 275 2
2146860974196001 123740976093056 send 168262 0 0 275 275 2
2146860974199631 123740976093056 send 14 0 0 275 275 2
2146860974199851 123740976093056 egress 276 1 0 275 0 0
2146860974200281 123740976093056 ackregion 276 276 276 275 1 0
2146860974797469 123740976093056 cliack 276 0 277 276 0 0
2146860984094570 123740962731712 wait_end 0 0 0 0 0 0
2146860984096870 123740962731712 drain_beg 0 0 0 0 0 0
2146860984097300 123740962731712 drain_end 1 0 0 0 0 0
2146860984097490 123740962731712 take 277 0 0 0 0 0
2146860984097620 123740962731712 subm_beg 1 0 0 0 0 0
2146860984098140 123740962731712 submit 277 0 0 0 0 0
2146860984104790 123740962731712 subm_end 1 0 0 0 0 0
2146860984104820 123740962731712 pump_beg 1 0 0 0 0 0
2146860984254184 123740962731712 feedend 276 0 0 0 0 0
2146860984262884 123740962731712 feedend 276 1 0 0 0 0
2146860987346382 123740962731712 outfirst 276 1 65536 0 0 0
2146860987905611 123740962731712 outfirst 276 0 65536 0 0 0
2146860987959559 123740962731712 pump_end 1 2 0 0 0 0
2146860987959779 123740962731712 book_beg 1 0 0 0 0 0
2146860987959959 123740962731712 batch 277 1 1 2 2 0
2146860987960009 123740962731712 book_end 1 0 0 0 0 0
2146860987960069 123740962731712 coll_beg 0 0 0 0 0 0
2146860988085095 123740962731712 coll_end 0 0 0 0 0 0
2146860988085205 123740962731712 rel_beg 1 0 0 0 0 0
2146860988085325 123740962731712 absorb 277 0 0 0 0 0
2146860988087494 123740962731712 rel_end 1 0 0 0 0 0
2146860988087554 123740962731712 emit_beg 277 0 0 0 0 0
2146860988088764 123740962731712 dmg 0 1 0 0 1024 768
2146860988088924 123740962731712 enc 276 276 1 -1 -1 0
2146860988111604 123740962731712 emit_end 277 0 0 0 0 0
2146860988111674 123740962731712 wait_beg 0 0 0 0 0 0
2146860984075681 123740976093056 msgin 277 4718592 0 0 0 0
2146860984075951 123740976093056 enq 277 1 0 0 0 0
2146860988093304 123740976093056 ackslot 277 276 277 276 1 0
2146860988118653 123740976093056 send 18 0 0 276 276 2
2146860988522769 123740976093056 send 181027 0 0 276 276 2
2146860988901675 123740976093056 send 148103 0 0 276 276 2
2146860988906425 123740976093056 send 14 0 0 276 276 2
2146860988906605 123740976093056 egress 277 1 0 276 0 0
2146860988906725 123740976093056 ackregion 277 277 277 276 1 0
2146860990070232 123740976093056 cliack 277 0 278 277 0 0
2146860999429631 123740962731712 wait_end 0 0 0 0 0 0
2146860999431971 123740962731712 drain_beg 0 0 0 0 0 0
2146860999432391 123740962731712 drain_end 1 0 0 0 0 0
2146860999432561 123740962731712 take 278 0 0 0 0 0
2146860999432911 123740962731712 subm_beg 1 0 0 0 0 0
2146860999433671 123740962731712 submit 278 0 0 0 0 0
2146860999433910 123740962731712 subm_end 1 0 0 0 0 0
2146860999433960 123740962731712 pump_beg 1 0 0 0 0 0
2146860999578985 123740962731712 feedend 277 0 0 0 0 0
2146860999588395 123740962731712 feedend 277 1 0 0 0 0
2146861002403122 123740962731712 outfirst 277 1 65536 0 0 0
2146861002862115 123740962731712 outfirst 277 0 65536 0 0 0
2146861002884165 123740962731712 pump_end 1 2 0 0 0 0
2146861002884325 123740962731712 book_beg 1 0 0 0 0 0
2146861002884485 123740962731712 batch 278 1 1 2 2 0
2146861002884545 123740962731712 book_end 1 0 0 0 0 0
2146861002884595 123740962731712 coll_beg 0 0 0 0 0 0
2146861002984141 123740962731712 coll_end 0 0 0 0 0 0
2146861002984191 123740962731712 rel_beg 1 0 0 0 0 0
2146861002984271 123740962731712 absorb 278 0 0 0 0 0
2146861002986551 123740962731712 rel_end 1 0 0 0 0 0
2146861002986581 123740962731712 emit_beg 278 0 0 0 0 0
2146861002988001 123740962731712 dmg 0 1 0 0 1024 768
2146861002988231 123740962731712 enc 277 277 1 -1 -1 0
2146861003008630 123740962731712 emit_end 278 0 0 0 0 0
2146861003008700 123740962731712 wait_beg 0 0 0 0 0 0
2146860999420921 123740976093056 msgin 278 4718592 0 0 0 0
2146860999421301 123740976093056 enq 278 1 0 0 0 0
2146861002993021 123740976093056 ackslot 278 277 278 277 1 0
2146861003022490 123740976093056 send 18 0 0 277 277 2
2146861003378237 123740976093056 send 145183 0 0 277 277 2
2146861003650327 123740976093056 send 120550 0 0 277 277 2
2146861003653627 123740976093056 send 14 0 0 277 277 2
2146861003653797 123740976093056 egress 278 1 0 277 0 0
2146861003653867 123740976093056 ackregion 278 278 278 277 1 0
2146861004632261 123740976093056 cliack 278 0 279 278 0 0
2146861015746005 123740962731712 wait_end 0 0 0 0 0 0
2146861015748365 123740962731712 drain_beg 0 0 0 0 0 0
2146861015748665 123740962731712 drain_end 1 0 0 0 0 0
2146861015748845 123740962731712 take 279 0 0 0 0 0
2146861015749025 123740962731712 subm_beg 1 0 0 0 0 0
2146861015749475 123740962731712 submit 279 0 0 0 0 0
2146861015749735 123740962731712 subm_end 1 0 0 0 0 0
2146861015749815 123740962731712 pump_beg 1 0 0 0 0 0
2146861015899730 123740962731712 feedend 278 0 0 0 0 0
2146861015908470 123740962731712 feedend 278 1 0 0 0 0
2146861018711957 123740962731712 outfirst 278 1 65536 0 0 0
2146861015728016 123740976093056 msgin 279 4718592 0 0 0 0
2146861015728266 123740976093056 enq 279 1 0 0 0 0
2146861019253557 123740962731712 outfirst 278 0 65536 0 0 0
2146861019294266 123740962731712 pump_end 1 2 0 0 0 0
2146861019294886 123740962731712 book_beg 1 0 0 0 0 0
2146861019296556 123740962731712 batch 279 1 1 2 2 0
2146861019296746 123740962731712 book_end 1 0 0 0 0 0
2146861019296926 123740962731712 coll_beg 0 0 0 0 0 0
2146861019409552 123740962731712 coll_end 0 0 0 0 0 0
2146861019409942 123740962731712 rel_beg 1 0 0 0 0 0
2146861019410592 123740962731712 absorb 279 0 0 0 0 0
2146861019420231 123740962731712 rel_end 1 0 0 0 0 0
2146861019420361 123740962731712 emit_beg 279 0 0 0 0 0
2146861019424121 123740962731712 dmg 0 1 0 0 1024 768
2146861019424431 123740962731712 enc 278 278 1 -1 -1 0
2146861019454990 123740962731712 emit_end 279 0 0 0 0 0
2146861019455140 123740962731712 wait_beg 0 0 0 0 0 0
2146861019461060 123740976093056 ackslot 279 278 279 278 1 0
2146861019619874 123740976093056 send 18 0 0 278 278 2
2146861020173234 123740976093056 send 145158 0 0 278 278 2
2146861020595548 123740976093056 send 114915 0 0 278 278 2
2146861020599048 123740976093056 send 14 0 0 278 278 2
2146861020599358 123740976093056 egress 279 1 0 278 0 0
2146861020599648 123740976093056 ackregion 279 279 279 278 1 0
2146861021292113 123740976093056 cliack 279 0 280 279 0 0
2146861031468022 123740962731712 wait_end 0 0 0 0 0 0
2146861031471802 123740962731712 drain_beg 0 0 0 0 0 0
2146861031472532 123740962731712 drain_end 1 0 0 0 0 0
2146861031472802 123740962731712 take 280 0 0 0 0 0
2146861031473152 123740962731712 subm_beg 1 0 0 0 0 0
2146861031473942 123740962731712 submit 280 0 0 0 0 0
2146861031474102 123740962731712 subm_end 1 0 0 0 0 0
2146861031474142 123740962731712 pump_beg 1 0 0 0 0 0
2146861031584058 123740962731712 feedend 279 0 0 0 0 0
2146861031692524 123740962731712 feedend 279 1 0 0 0 0
2146861034962364 123740962731712 outfirst 279 1 65536 0 0 0
2146861035386319 123740962731712 outfirst 279 0 65536 0 0 0
2146861035434017 123740962731712 pump_end 1 2 0 0 0 0
2146861035440757 123740962731712 book_beg 1 0 0 0 0 0
2146861035440967 123740962731712 batch 280 1 1 2 2 0
2146861035441007 123740962731712 book_end 1 0 0 0 0 0
2146861035441037 123740962731712 coll_beg 0 0 0 0 0 0
2146861035585222 123740962731712 coll_end 0 0 0 0 0 0
2146861035585262 123740962731712 rel_beg 1 0 0 0 0 0
2146861035585362 123740962731712 absorb 280 0 0 0 0 0
2146861035587572 123740962731712 rel_end 1 0 0 0 0 0
2146861035587602 123740962731712 emit_beg 280 0 0 0 0 0
2146861035588522 123740962731712 dmg 0 1 0 0 1024 768
2146861035588682 123740962731712 enc 279 279 1 -1 -1 0
2146861035618010 123740962731712 emit_end 280 0 0 0 0 0
2146861035618080 123740962731712 wait_beg 0 0 0 0 0 0
2146861031443813 123740976093056 msgin 280 4718592 0 0 0 0
2146861031444333 123740976093056 enq 280 1 0 0 0 0
2146861035610651 123740976093056 ackslot 280 279 280 279 1 0
2146861035636280 123740976093056 send 18 0 0 279 279 2
2146861036353964 123740976093056 send 200049 0 0 279 279 2
2146861036698331 123740976093056 send 164610 0 0 279 279 2
2146861036701601 123740976093056 send 14 0 0 279 279 2
2146861036701831 123740976093056 egress 280 1 0 279 0 0
2146861036701971 123740976093056 ackregion 280 280 280 279 1 0
2146861037188683 123740976093056 cliack 280 0 281 280 0 0
2146861048199401 123740962731712 wait_end 0 0 0 0 0 0
2146861048203001 123740962731712 drain_beg 0 0 0 0 0 0
2146861048203381 123740962731712 drain_end 1 0 0 0 0 0
2146861048203521 123740962731712 take 281 0 0 0 0 0
2146861048203661 123740962731712 subm_beg 1 0 0 0 0 0
2146861048203851 123740962731712 submit 281 0 0 0 0 0
2146861048204041 123740962731712 subm_end 1 0 0 0 0 0
2146861048204211 123740962731712 pump_beg 1 0 0 0 0 0
2146861048282198 123740962731712 feedend 280 0 0 0 0 0
2146861048385135 123740962731712 feedend 280 1 0 0 0 0
2146861048178252 123740976093056 msgin 281 4718592 0 0 0 0
2146861048178642 123740976093056 enq 281 1 0 0 0 0
2146861051026088 123740962731712 outfirst 280 1 65536 0 0 0
2146861051242080 123740962731712 outfirst 280 0 65536 0 0 0
2146861051276349 123740962731712 pump_end 1 2 0 0 0 0
2146861051276449 123740962731712 book_beg 1 0 0 0 0 0
2146861051276669 123740962731712 batch 281 1 1 2 2 0
2146861051276839 123740962731712 book_end 1 0 0 0 0 0
2146861051276989 123740962731712 coll_beg 0 0 0 0 0 0
2146861051364746 123740962731712 coll_end 0 0 0 0 0 0
2146861051364946 123740962731712 rel_beg 1 0 0 0 0 0
2146861051365116 123740962731712 absorb 281 0 0 0 0 0
2146861051366906 123740962731712 rel_end 1 0 0 0 0 0
2146861051366956 123740962731712 emit_beg 281 0 0 0 0 0
2146861051367986 123740962731712 dmg 0 1 0 0 1024 768
2146861051368176 123740962731712 enc 280 280 1 -1 -1 0
2146861051384065 123740962731712 emit_end 281 0 0 0 0 0
2146861051384125 123740962731712 wait_beg 0 0 0 0 0 0
2146861051390115 123740976093056 ackslot 281 280 281 280 1 0
2146861051420034 123740976093056 send 18 0 0 280 280 2
2146861051833039 123740976093056 send 119051 0 0 280 280 2
2146861052198375 123740976093056 send 105115 0 0 280 280 2
2146861052205045 123740976093056 send 14 0 0 280 280 2
2146861052205225 123740976093056 egress 281 1 0 280 0 0
2146861052205375 123740976093056 ackregion 281 281 281 280 1 0
2146861052698367 123740976093056 cliack 281 0 282 281 0 0
2146861063832621 123740962731712 wait_end 0 0 0 0 0 0
2146861063835501 123740962731712 drain_beg 0 0 0 0 0 0
2146861063835801 123740962731712 drain_end 1 0 0 0 0 0
2146861063835991 123740962731712 take 282 0 0 0 0 0
2146861063836251 123740962731712 subm_beg 1 0 0 0 0 0
2146861063836501 123740962731712 submit 282 0 0 0 0 0
2146861063836731 123740962731712 subm_end 1 0 0 0 0 0
2146861063836761 123740962731712 pump_beg 1 0 0 0 0 0
2146861063911238 123740962731712 feedend 281 0 0 0 0 0
2146861064027454 123740962731712 feedend 281 1 0 0 0 0
2146861067049324 123740962731712 outfirst 281 1 65536 0 0 0
2146861067349763 123740962731712 outfirst 281 0 65536 0 0 0
2146861067370942 123740962731712 pump_end 1 2 0 0 0 0
2146861067371092 123740962731712 book_beg 1 0 0 0 0 0
2146861067371312 123740962731712 batch 282 1 1 2 2 0
2146861067371372 123740962731712 book_end 1 0 0 0 0 0
2146861067371532 123740962731712 coll_beg 0 0 0 0 0 0
2146861067485388 123740962731712 coll_end 0 0 0 0 0 0
2146861067485568 123740962731712 rel_beg 1 0 0 0 0 0
2146861067485698 123740962731712 absorb 282 0 0 0 0 0
2146861067487408 123740962731712 rel_end 1 0 0 0 0 0
2146861067487568 123740962731712 emit_beg 282 0 0 0 0 0
2146861067488558 123740962731712 dmg 0 1 0 0 1024 768
2146861067488598 123740962731712 enc 281 281 1 -1 -1 0
2146861067508157 123740962731712 emit_end 282 0 0 0 0 0
2146861067508347 123740962731712 wait_beg 0 0 0 0 0 0
2146861063809642 123740976093056 msgin 282 4718592 0 0 0 0
2146861063810012 123740976093056 enq 282 1 0 0 0 0
2146861067511017 123740976093056 ackslot 282 281 282 281 1 0
2146861067535516 123740976093056 send 18 0 0 281 281 2
2146861068138424 123740976093056 send 173718 0 0 281 281 2
2146861068527450 123740976093056 send 141973 0 0 281 281 2
2146861068530670 123740976093056 send 14 0 0 281 281 2
2146861068530960 123740976093056 egress 282 1 0 281 0 0
2146861068531130 123740976093056 ackregion 282 282 282 281 1 0
2146861068781120 123740976093056 cliack 282 0 283 282 0 0
2146861079598116 123740962731712 wait_end 0 0 0 0 0 0
2146861079600476 123740962731712 drain_beg 0 0 0 0 0 0
2146861079600636 123740962731712 drain_end 1 0 0 0 0 0
2146861079600886 123740962731712 take 283 0 0 0 0 0
2146861079601176 123740962731712 subm_beg 1 0 0 0 0 0
2146861079601326 123740962731712 submit 283 0 0 0 0 0
2146861079601576 123740962731712 subm_end 1 0 0 0 0 0
2146861079601746 123740962731712 pump_beg 1 0 0 0 0 0
2146861079679683 123740962731712 feedend 282 0 0 0 0 0
2146861079757560 123740962731712 feedend 282 1 0 0 0 0
2146861082954873 123740962731712 outfirst 282 1 65536 0 0 0
2146861083114628 123740962731712 outfirst 282 0 65536 0 0 0
2146861083144657 123740962731712 pump_end 1 2 0 0 0 0
2146861083144747 123740962731712 book_beg 1 0 0 0 0 0
2146861083144927 123740962731712 batch 283 1 1 2 2 0
2146861083144997 123740962731712 book_end 1 0 0 0 0 0
2146861083145047 123740962731712 coll_beg 0 0 0 0 0 0
2146861083267152 123740962731712 coll_end 0 0 0 0 0 0
2146861083267192 123740962731712 rel_beg 1 0 0 0 0 0
2146861083267272 123740962731712 absorb 283 0 0 0 0 0
2146861083272692 123740962731712 rel_end 1 0 0 0 0 0
2146861083272742 123740962731712 emit_beg 283 0 0 0 0 0
2146861083273752 123740962731712 dmg 0 1 0 0 1024 768
2146861083273822 123740962731712 enc 282 282 1 -1 -1 0
2146861083295761 123740962731712 emit_end 283 0 0 0 0 0
2146861083295791 123740962731712 wait_beg 0 0 0 0 0 0
2146861079576307 123740976093056 msgin 283 4718592 0 0 0 0
2146861079576787 123740976093056 enq 283 1 0 0 0 0
2146861083294701 123740976093056 ackslot 283 282 283 282 1 0
2146861083321780 123740976093056 send 18 0 0 282 282 2
2146861083917268 123740976093056 send 171111 0 0 282 282 2
2146861084428710 123740976093056 send 156854 0 0 282 282 2
2146861084433189 123740976093056 send 14 0 0 282 282 2
2146861084433449 123740976093056 egress 283 1 0 282 0 0
2146861084433589 123740976093056 ackregion 283 283 283 282 1 0
2146861084849964 123740976093056 cliack 283 0 284 283 0 0
2146861096089454 123740962731712 wait_end 0 0 0 0 0 0
2146861096091104 123740962731712 drain_beg 0 0 0 0 0 0
2146861096091344 123740962731712 drain_end 1 0 0 0 0 0
2146861096091554 123740962731712 take 284 0 0 0 0 0
2146861096092004 123740962731712 subm_beg 1 0 0 0 0 0
2146861096092914 123740962731712 submit 284 0 0 0 0 0
2146861096093054 123740962731712 subm_end 1 0 0 0 0 0
2146861096093084 123740962731712 pump_beg 1 0 0 0 0 0
2146861096208170 123740962731712 feedend 283 0 0 0 0 0
2146861096242899 123740962731712 feedend 283 1 0 0 0 0
2146861099144963 123740962731712 outfirst 283 1 65536 0 0 0
2146861096076845 123740976093056 msgin 284 4718592 0 0 0 0
2146861096078295 123740976093056 enq 284 1 0 0 0 0
2146861099561128 123740962731712 outfirst 283 0 65536 0 0 0
2146861099573727 123740962731712 pump_end 1 2 0 0 0 0
2146861099573877 123740962731712 book_beg 1 0 0 0 0 0
2146861099574157 123740962731712 batch 284 1 1 2 2 0
2146861099574287 123740962731712 book_end 1 0 0 0 0 0
2146861099574427 123740962731712 coll_beg 0 0 0 0 0 0
2146861099637865 123740962731712 coll_end 0 0 0 0 0 0
2146861099638135 123740962731712 rel_beg 1 0 0 0 0 0
2146861099638405 123740962731712 absorb 284 0 0 0 0 0
2146861099641155 123740962731712 rel_end 1 0 0 0 0 0
2146861099641295 123740962731712 emit_beg 284 0 0 0 0 0
2146861099642035 123740962731712 dmg 0 1 0 0 1024 768
2146861099642085 123740962731712 enc 283 283 1 -1 -1 0
2146861099655874 123740962731712 emit_end 284 0 0 0 0 0
2146861099656034 123740962731712 wait_beg 0 0 0 0 0 0
2146861099665984 123740976093056 ackslot 284 283 284 283 1 0
2146861099692353 123740976093056 send 18 0 0 283 283 2
2146861100234853 123740976093056 send 155046 0 0 283 283 2
2146861100610569 123740976093056 send 125202 0 0 283 283 2
2146861100615119 123740976093056 send 14 0 0 283 283 2
2146861100615459 123740976093056 egress 284 1 0 283 0 0
2146861100615599 123740976093056 ackregion 284 284 284 283 1 0
2146861100870660 123740976093056 cliack 284 0 285 284 0 0
2146861111679166 123740962731712 wait_end 0 0 0 0 0 0
2146861111682705 123740962731712 drain_beg 0 0 0 0 0 0
2146861111682925 123740962731712 drain_end 1 0 0 0 0 0
2146861111683085 123740962731712 take 285 0 0 0 0 0
2146861111683725 123740962731712 subm_beg 1 0 0 0 0 0
2146861111684865 123740962731712 submit 285 0 0 0 0 0
2146861111684995 123740962731712 subm_end 1 0 0 0 0 0
2146861111685025 123740962731712 pump_beg 1 0 0 0 0 0
2146861111836540 123740962731712 feedend 284 0 0 0 0 0
2146861111866879 123740962731712 feedend 284 1 0 0 0 0
2146861115044303 123740962731712 outfirst 284 1 65536 0 0 0
2146861115339722 123740962731712 outfirst 284 0 65536 0 0 0
2146861115358271 123740962731712 pump_end 1 2 0 0 0 0
2146861115358351 123740962731712 book_beg 1 0 0 0 0 0
2146861115358541 123740962731712 batch 285 1 1 2 2 0
2146861115358701 123740962731712 book_end 1 0 0 0 0 0
2146861115358731 123740962731712 coll_beg 0 0 0 0 0 0
2146861115450628 123740962731712 coll_end 0 0 0 0 0 0
2146861115450918 123740962731712 rel_beg 1 0 0 0 0 0
2146861115451238 123740962731712 absorb 285 0 0 0 0 0
2146861115454098 123740962731712 rel_end 1 0 0 0 0 0
2146861115454158 123740962731712 emit_beg 285 0 0 0 0 0
2146861115454838 123740962731712 dmg 0 1 0 0 1024 768
2146861115454888 123740962731712 enc 284 284 1 -1 -1 0
2146861115475077 123740962731712 emit_end 285 0 0 0 0 0
2146861115475147 123740962731712 wait_beg 0 0 0 0 0 0
2146861111654086 123740976093056 msgin 285 4718592 0 0 0 0
2146861111654906 123740976093056 enq 285 1 0 0 0 0
2146861115463477 123740976093056 ackslot 285 284 285 284 1 0
2146861115474587 123740976093056 send 18 0 0 284 284 2
2146861115852243 123740976093056 send 173003 0 0 284 284 2
2146861116179531 123740976093056 send 148307 0 0 284 284 2
2146861116182791 123740976093056 send 14 0 0 284 284 2
2146861116182941 123740976093056 egress 285 1 0 284 0 0
2146861116182971 123740976093056 ackregion 285 285 285 284 1 0
2146861116892745 123740976093056 cliack 285 0 286 285 0 0
2146861127666622 123740962731712 wait_end 0 0 0 0 0 0
2146861127670742 123740962731712 drain_beg 0 0 0 0 0 0
2146861127671342 123740962731712 drain_end 1 0 0 0 0 0
2146861127671522 123740962731712 take 286 0 0 0 0 0
2146861127671882 123740962731712 subm_beg 1 0 0 0 0 0
2146861127672432 123740962731712 submit 286 0 0 0 0 0
2146861127672572 123740962731712 subm_end 1 0 0 0 0 0
2146861127672622 123740962731712 pump_beg 1 0 0 0 0 0
2146861127810717 123740962731712 feedend 285 0 0 0 0 0
2146861127851815 123740962731712 feedend 285 1 0 0 0 0
2146861127651403 123740976093056 msgin 286 4718592 0 0 0 0
2146861127652853 123740976093056 enq 286 1 0 0 0 0
2146861131228212 123740962731712 outfirst 285 1 65536 0 0 0
2146861131527691 123740962731712 outfirst 285 0 65536 0 0 0
2146861131567800 123740962731712 pump_end 1 2 0 0 0 0
2146861131567920 123740962731712 book_beg 1 0 0 0 0 0
2146861131568080 123740962731712 batch 286 1 1 2 2 0
2146861131568110 123740962731712 book_end 1 0 0 0 0 0
2146861131568310 123740962731712 coll_beg 0 0 0 0 0 0
2146861131648737 123740962731712 coll_end 0 0 0 0 0 0
2146861131648967 123740962731712 rel_beg 1 0 0 0 0 0
2146861131649217 123740962731712 absorb 286 0 0 0 0 0
2146861131651867 123740962731712 rel_end 1 0 0 0 0 0
2146861131651997 123740962731712 emit_beg 286 0 0 0 0 0
2146861131652477 123740962731712 dmg 0 1 0 0 1024 768
2146861131652517 123740962731712 enc 285 285 1 -1 -1 0
2146861131670376 123740962731712 emit_end 286 0 0 0 0 0
2146861131670526 123740962731712 wait_beg 0 0 0 0 0 0
2146861131663696 123740976093056 ackslot 286 285 286 285 1 0
2146861131672636 123740976093056 send 18 0 0 285 285 2
2146861132109360 123740976093056 send 196404 0 0 285 285 2
2146861132471197 123740976093056 send 163717 0 0 285 285 2
2146861132474387 123740976093056 send 14 0 0 285 285 2
2146861132474637 123740976093056 egress 286 1 0 285 0 0
2146861132474757 123740976093056 ackregion 286 286 286 285 1 0
2146861133116393 123740976093056 cliack 286 0 287 286 0 0
2146861143779184 123740962731712 wait_end 0 0 0 0 0 0
2146861143781914 123740962731712 drain_beg 0 0 0 0 0 0
2146861143786514 123740962731712 drain_end 1 0 0 0 0 0
2146861143786734 123740962731712 take 287 0 0 0 0 0
2146861143787074 123740962731712 subm_beg 1 0 0 0 0 0
2146861143788214 123740962731712 submit 287 0 0 0 0 0
2146861143788304 123740962731712 subm_end 1 0 0 0 0 0
2146861143788374 123740962731712 pump_beg 1 0 0 0 0 0
2146861143913569 123740962731712 feedend 286 0 0 0 0 0
2146861143920689 123740962731712 feedend 286 1 0 0 0 0
2146861146825983 123740962731712 outfirst 286 1 65536 0 0 0
2146861147218069 123740962731712 outfirst 286 0 65536 0 0 0
2146861147231758 123740962731712 pump_end 1 2 0 0 0 0
2146861147231828 123740962731712 book_beg 1 0 0 0 0 0
2146861147232038 123740962731712 batch 287 1 1 2 2 0
2146861147232068 123740962731712 book_end 1 0 0 0 0 0
2146861147232188 123740962731712 coll_beg 0 0 0 0 0 0
2146861147292536 123740962731712 coll_end 0 0 0 0 0 0
2146861147292616 123740962731712 rel_beg 1 0 0 0 0 0
2146861147292896 123740962731712 absorb 287 0 0 0 0 0
2146861147295496 123740962731712 rel_end 1 0 0 0 0 0
2146861147295526 123740962731712 emit_beg 287 0 0 0 0 0
2146861147295856 123740962731712 dmg 0 1 0 0 1024 768
2146861147295976 123740962731712 enc 286 286 1 -1 -1 0
2146861147310036 123740962731712 emit_end 287 0 0 0 0 0
2146861147310056 123740962731712 wait_beg 0 0 0 0 0 0
2146861143766395 123740976093056 msgin 287 4718592 0 0 0 0
2146861143768075 123740976093056 enq 287 1 0 0 0 0
2146861147307206 123740976093056 ackslot 287 286 287 286 1 0
2146861147328135 123740976093056 send 18 0 0 286 286 2
2146861147657263 123740976093056 send 147840 0 0 286 286 2
2146861147926463 123740976093056 send 121506 0 0 286 286 2
2146861147929763 123740976093056 send 14 0 0 286 286 2
2146861147929943 123740976093056 egress 287 1 0 286 0 0
2146861147929973 123740976093056 ackregion 287 287 287 286 1 0
2146861148307359 123740976093056 cliack 287 0 288 287 0 0
2146861159803580 123740962731712 wait_end 0 0 0 0 0 0
2146861159807780 123740962731712 drain_beg 0 0 0 0 0 0
2146861159808240 123740962731712 drain_end 1 0 0 0 0 0
2146861159808410 123740962731712 take 288 0 0 0 0 0
2146861159808820 123740962731712 subm_beg 1 0 0 0 0 0
2146861159809390 123740962731712 submit 288 0 0 0 0 0
2146861159809520 123740962731712 subm_end 1 0 0 0 0 0
2146861159809800 123740962731712 pump_beg 1 0 0 0 0 0
2146861159954584 123740962731712 feedend 287 0 0 0 0 0
2146861159975014 123740962731712 feedend 287 1 0 0 0 0
2146861162916526 123740962731712 outfirst 287 1 65536 0 0 0
2146861163207906 123740962731712 outfirst 287 0 65536 0 0 0
2146861163225045 123740962731712 pump_end 1 2 0 0 0 0
2146861163225225 123740962731712 book_beg 1 0 0 0 0 0
2146861163225455 123740962731712 batch 288 1 1 2 2 0
2146861163225505 123740962731712 book_end 1 0 0 0 0 0
2146861163225675 123740962731712 coll_beg 0 0 0 0 0 0
2146861163324631 123740962731712 coll_end 0 0 0 0 0 0
2146861163324901 123740962731712 rel_beg 1 0 0 0 0 0
2146861163325231 123740962731712 absorb 288 0 0 0 0 0
2146861163329131 123740962731712 rel_end 1 0 0 0 0 0
2146861163329291 123740962731712 emit_beg 288 0 0 0 0 0
2146861163330401 123740962731712 dmg 0 1 0 0 1024 768
2146861163330461 123740962731712 enc 287 287 1 -1 -1 0
2146861163350950 123740962731712 emit_end 288 0 0 0 0 0
2146861163351060 123740962731712 wait_beg 0 0 0 0 0 0
2146861159778481 123740976093056 msgin 288 4718592 0 0 0 0
2146861159779221 123740976093056 enq 288 1 0 0 0 0
2146861163338911 123740976093056 ackslot 288 287 288 287 1 0
2146861163352200 123740976093056 send 18 0 0 287 287 2
2146861163663479 123740976093056 send 148876 0 0 287 287 2
2146861163757945 123740976093056 send 123536 0 0 287 287 2
2146861163759125 123740976093056 send 14 0 0 287 287 2
2146861163759435 123740976093056 egress 288 1 0 287 0 0
2146861163759465 123740976093056 ackregion 288 288 288 287 1 0
2146861175541686 123740962731712 wait_end 0 0 0 0 0 0
