1615108159437048 126273847801536 drain_beg 0 0
1615108159445738 126273847801536 drain_end 1 0
1615108159447938 126273847801536 subm_beg 1 0
1615108203739172 126273847801536 subm_end 1 0
1615108203742672 126273847801536 pump_beg 1 0
1615108337481753 126273847801536 pump_end 1 2
1615108341784445 126273847801536 coll_beg 0 0
1615108358848488 126273847801536 coll_end 0 0
1615108362318151 126273847801536 emit_beg 1 0
1615108370455092 126273847801536 emit_end 1 0
1615108370459782 126273847801536 drain_beg 0 0
1615108370460382 126273847801536 drain_end 1 0
1615108370461152 126273847801536 subm_beg 1 0
1615108373646775 126273847801536 subm_end 1 0
1615108373647185 126273847801536 pump_beg 1 0
1615108395303890 126273847801536 pump_end 1 2
1615108397473750 126273847801536 coll_beg 0 0
1615108408499346 126273847801536 coll_end 0 0
1615108411197527 126273847801536 emit_beg 2 0
1615108417878851 126273847801536 emit_end 2 0
1615108417882411 126273847801536 drain_beg 0 0
1615108417882801 126273847801536 drain_end 1 0
1615108417883081 126273847801536 subm_beg 1 0
1615108421027066 126273847801536 subm_end 1 0
1615108421027586 126273847801536 pump_beg 1 0
1615108440783510 126273847801536 pump_end 1 2
1615108442666121 126273847801536 coll_beg 0 0
1615108451899412 126273847801536 coll_end 0 0
1615108454198848 126273847801536 emit_beg 3 0
1615108459845041 126273847801536 emit_end 3 0
1615108459849451 126273847801536 drain_beg 0 0
1615108459849991 126273847801536 drain_end 1 0
1615108459850991 126273847801536 subm_beg 1 0
1615108463336253 126273847801536 subm_end 1 0
1615108463336623 126273847801536 pump_beg 1 0
1615108483224552 126273847801536 pump_end 1 2
1615108485477230 126273847801536 coll_beg 0 0
1615108495730783 126273847801536 coll_end 0 0
1615108497912703 126273847801536 emit_beg 4 0
1615108503643613 126273847801536 emit_end 4 0
1615108503646743 126273847801536 drain_beg 0 0
1615108503647123 126273847801536 drain_end 1 0
1615108503647403 126273847801536 subm_beg 1 0
1615108507118385 126273847801536 subm_end 1 0
1615108507118875 126273847801536 pump_beg 1 0
1615108526329330 126273847801536 pump_end 1 2
1615108528133894 126273847801536 coll_beg 0 0
1615108539330923 126273847801536 coll_end 0 0
1615108541348319 126273847801536 emit_beg 5 0
1615108547115077 126273847801536 emit_end 5 0
1615108547118737 126273847801536 drain_beg 0 0
1615108547119177 126273847801536 drain_end 1 0
1615108547119467 126273847801536 subm_beg 1 0
1615108550372458 126273847801536 subm_end 1 0
1615108550373018 126273847801536 pump_beg 1 0
1615108568851309 126273847801536 pump_end 1 2
1615108571634167 126273847801536 coll_beg 0 0
1615108586577009 126273847801536 coll_end 0 0
1615108588622714 126273847801536 emit_beg 6 0
1615108594553906 126273847801536 emit_end 6 0
1615108594558406 126273847801536 drain_beg 0 0
1615108594558836 126273847801536 drain_end 1 0
1615108594559286 126273847801536 subm_beg 1 0
1615108597939741 126273847801536 subm_end 1 0
1615108597943461 126273847801536 pump_beg 1 0
1615108615172849 126273847801536 pump_end 1 2
1615108618263355 126273847801536 coll_beg 0 0
1615108629250522 126273847801536 coll_end 0 0
1615108631263418 126273847801536 emit_beg 7 0
1615108637212590 126273847801536 emit_end 7 0
1615108637218740 126273847801536 drain_beg 0 0
1615108637219450 126273847801536 drain_end 1 0
1615108637220369 126273847801536 subm_beg 1 0
1615108640523018 126273847801536 subm_end 1 0
1615108640523328 126273847801536 pump_beg 1 0
1615108656539160 126273847801536 pump_end 1 2
1615108658832156 126273847801536 coll_beg 0 0
1615108669412258 126273847801536 coll_end 0 0
1615108672059681 126273847801536 emit_beg 8 0
1615108678063430 126273847801536 emit_end 8 0
1615108678067730 126273847801536 drain_beg 0 0
1615108678068290 126273847801536 drain_end 1 0
1615108678068750 126273847801536 subm_beg 1 0
1615108681279482 126273847801536 subm_end 1 0
1615108681280742 126273847801536 pump_beg 1 0
1615108697781986 126273847801536 pump_end 1 2
1615108701021567 126273847801536 coll_beg 0 0
1615108711257962 126273847801536 coll_end 0 0
1615108713277538 126273847801536 emit_beg 9 0
1615108717042789 126273847801536 emit_end 9 0
1615108717047299 126273847801536 drain_beg 0 0
1615108717048249 126273847801536 drain_end 1 0
1615108717049279 126273847801536 subm_beg 1 0
1615108720491933 126273847801536 subm_end 1 0
1615108720492383 126273847801536 pump_beg 1 0
1615108739405148 126273847801536 pump_end 1 2
1615108742646699 126273847801536 coll_beg 0 0
1615108752475899 126273847801536 coll_end 0 0
1615108754397198 126273847801536 emit_beg 10 0
1615108758256276 126273847801536 emit_end 10 0
1615108758260636 126273847801536 drain_beg 0 0
1615108758261076 126273847801536 drain_end 1 0
1615108758261796 126273847801536 subm_beg 1 0
1615108761636122 126273847801536 subm_end 1 0
1615108761636632 126273847801536 pump_beg 1 0
1615108780132343 126273847801536 pump_end 1 2
1615108782007774 126273847801536 coll_beg 0 0
1615108794163748 126273847801536 coll_end 0 0
1615108796306360 126273847801536 emit_beg 11 0
1615108801770119 126273847801536 emit_end 11 0
1615108801774149 126273847801536 drain_beg 0 0
1615108801774799 126273847801536 drain_end 1 0
1615108801775479 126273847801536 subm_beg 1 0
1615108805065538 126273847801536 subm_end 1 0
1615108805066038 126273847801536 pump_beg 1 0
1615108820909506 126273847801536 pump_end 1 2
1615108824064841 126273847801536 coll_beg 0 0
1615108838443803 126273847801536 coll_end 0 0
1615108842243603 126273847801536 emit_beg 12 0
1615108847688034 126273847801536 emit_end 12 0
1615108847692043 126273847801536 drain_beg 0 0
1615108847692453 126273847801536 drain_end 1 0
1615108847692773 126273847801536 subm_beg 1 0
1615108851101368 126273847801536 subm_end 1 0
1615108851102118 126273847801536 pump_beg 1 0
1615108868189501 126273847801536 pump_end 1 2
1615108870665410 126273847801536 coll_beg 0 0
1615108882037932 126273847801536 coll_end 0 0
1615108884078438 126273847801536 emit_beg 13 0
1615108889427141 126273847801536 emit_end 13 0
1615108889430941 126273847801536 drain_beg 0 0
1615108889431461 126273847801536 drain_end 1 0
1615108889431851 126273847801536 subm_beg 1 0
1615108892970591 126273847801536 subm_end 1 0
1615108892971461 126273847801536 pump_beg 1 0
1615108909235154 126273847801536 pump_end 1 2
1615108912386649 126273847801536 coll_beg 0 0
1615108922330343 126273847801536 coll_end 0 0
1615108924197355 126273847801536 emit_beg 14 0
1615108929523189 126273847801536 emit_end 14 0
1615108929527119 126273847801536 drain_beg 0 0
1615108929527479 126273847801536 drain_end 1 0
1615108929527899 126273847801536 subm_beg 1 0
1615108932819648 126273847801536 subm_end 1 0
1615108932820138 126273847801536 pump_beg 1 0
1615108949732308 126273847801536 pump_end 1 2
1615108952110300 126273847801536 coll_beg 0 0
1615108961694968 126273847801536 coll_end 0 0
1615108964392649 126273847801536 emit_beg 15 0
1615108970048562 126273847801536 emit_end 15 0
1615108970053252 126273847801536 drain_beg 0 0
1615108970053832 126273847801536 drain_end 1 0
1615108970054472 126273847801536 subm_beg 1 0
1615108973345091 126273847801536 subm_end 1 0
1615108973345681 126273847801536 pump_beg 1 0
1615108992980170 126273847801536 pump_end 1 2
1615108994843612 126273847801536 coll_beg 0 0
1615109005350006 126273847801536 coll_end 0 0
1615109008062146 126273847801536 emit_beg 16 0
1615109011753511 126273847801536 emit_end 16 0
1615109011757341 126273847801536 drain_beg 0 0
1615109011757741 126273847801536 drain_end 1 0
1615109011758241 126273847801536 subm_beg 1 0
1615109015123137 126273847801536 subm_end 1 0
1615109015123537 126273847801536 pump_beg 1 0
1615109031753147 126273847801536 pump_end 1 2
1615109034662470 126273847801536 coll_beg 0 0
1615109045014650 126273847801536 coll_end 0 0
1615109046856732 126273847801536 emit_beg 17 0
1615109050479899 126273847801536 emit_end 17 0
1615109050483969 126273847801536 drain_beg 0 0
1615109050484469 126273847801536 drain_end 1 0
1615109050485209 126273847801536 subm_beg 1 0
1615109053830576 126273847801536 subm_end 1 0
1615109053831166 126273847801536 pump_beg 1 0
1615109069676415 126273847801536 pump_end 1 2
1615109072977533 126273847801536 coll_beg 0 0
1615109082541832 126273847801536 coll_end 0 0
1615109084453652 126273847801536 emit_beg 18 0
1615109088174235 126273847801536 emit_end 18 0
1615109088177705 126273847801536 drain_beg 0 0
1615109088178145 126273847801536 drain_end 1 0
1615109088178605 126273847801536 subm_beg 1 0
1615109091503033 126273847801536 subm_end 1 0
1615109091503523 126273847801536 pump_beg 1 0
1615109108722801 126273847801536 pump_end 1 2
1615109111170421 126273847801536 coll_beg 0 0
1615109123437271 126273847801536 coll_end 0 0
1615109125234415 126273847801536 emit_beg 19 0
1615109130960515 126273847801536 emit_end 19 0
1615109130969895 126273847801536 drain_beg 0 0
1615109130970875 126273847801536 drain_end 1 0
1615109130972284 126273847801536 subm_beg 1 0
1615109134061091 126273847801536 subm_end 1 0
1615109134061641 126273847801536 pump_beg 1 0
1615109150710080 126273847801536 pump_end 1 2
1615109154140854 126273847801536 coll_beg 0 0
1615109165107361 126273847801536 coll_end 0 0
1615109167455485 126273847801536 emit_beg 20 0
1615109172972843 126273847801536 emit_end 20 0
1615109172976623 126273847801536 drain_beg 0 0
1615109172977203 126273847801536 drain_end 1 0
1615109172977752 126273847801536 subm_beg 1 0
1615109176223773 126273847801536 subm_end 1 0
1615109176225953 126273847801536 pump_beg 1 0
1615109193785049 126273847801536 pump_end 1 2
1615109195579323 126273847801536 coll_beg 0 0
1615109204069091 126273847801536 coll_end 0 0
1615109205934603 126273847801536 emit_beg 21 0
1615109211345074 126273847801536 emit_end 21 0
1615109211349464 126273847801536 drain_beg 0 0
1615109211350264 126273847801536 drain_end 1 0
1615109211350984 126273847801536 subm_beg 1 0
1615109214489059 126273847801536 subm_end 1 0
1615109214489749 126273847801536 pump_beg 1 0
1615109230646866 126273847801536 pump_end 1 2
1615109232633683 126273847801536 coll_beg 0 0
1615109240116338 126273847801536 coll_end 0 0
1615109241908112 126273847801536 emit_beg 22 0
1615109247293514 126273847801536 emit_end 22 0
1615109247297544 126273847801536 drain_beg 0 0
1615109247298174 126273847801536 drain_end 1 0
1615109247298964 126273847801536 subm_beg 1 0
1615109250609563 126273847801536 subm_end 1 0
1615109250610083 126273847801536 pump_beg 1 0
1615109268018174 126273847801536 pump_end 1 2
1615109270515192 126273847801536 coll_beg 0 0
1615109278550237 126273847801536 coll_end 0 0
1615109281134192 126273847801536 emit_beg 23 0
1615109286720907 126273847801536 emit_end 23 0
1615109286725367 126273847801536 drain_beg 0 0
1615109286726067 126273847801536 drain_end 1 0
1615109286726747 126273847801536 subm_beg 1 0
1615109289951289 126273847801536 subm_end 1 0
1615109289952409 126273847801536 pump_beg 1 0
1615109307383198 126273847801536 pump_end 1 2
1615109310813423 126273847801536 coll_beg 0 0
1615109318842408 126273847801536 coll_end 0 0
1615109321566228 126273847801536 emit_beg 24 0
1615109327553528 126273847801536 emit_end 24 0
1615109327562668 126273847801536 drain_beg 0 0
1615109327564318 126273847801536 drain_end 1 0
1615109327565758 126273847801536 subm_beg 1 0
1615109330523899 126273847801536 subm_end 1 0
1615109330525849 126273847801536 pump_beg 1 0
1615109347755736 126273847801536 pump_end 1 2
1615109351470600 126273847801536 coll_beg 0 0
1615109365603881 126273847801536 coll_end 0 0
1615109367917256 126273847801536 emit_beg 25 0
1615109373760822 126273847801536 emit_end 25 0
1615109373765632 126273847801536 drain_beg 0 0
1615109373766172 126273847801536 drain_end 1 0
1615109373766962 126273847801536 subm_beg 1 0
1615109376955235 126273847801536 subm_end 1 0
1615109376955545 126273847801536 pump_beg 1 0
1615109393073093 126273847801536 pump_end 1 2
1615109395079939 126273847801536 coll_beg 0 0
1615109402332063 126273847801536 coll_end 0 0
1615109404178585 126273847801536 emit_beg 26 0
1615109409652014 126273847801536 emit_end 26 0
1615109409655754 126273847801536 drain_beg 0 0
1615109409656254 126273847801536 drain_end 1 0
1615109409656714 126273847801536 subm_beg 1 0
1615109412955153 126273847801536 subm_end 1 0
1615109412955713 126273847801536 pump_beg 1 0
1615109430290847 126273847801536 pump_end 1 2
1615109432355541 126273847801536 coll_beg 0 0
1615109441724687 126273847801536 coll_end 0 0
1615109444199446 126273847801536 emit_beg 27 0
1615109449819850 126273847801536 emit_end 27 0
1615109449824290 126273847801536 drain_beg 0 0
1615109449824840 126273847801536 drain_end 1 0
1615109449825460 126273847801536 subm_beg 1 0
1615109453040972 126273847801536 subm_end 1 0
1615109453041442 126273847801536 pump_beg 1 0
1615109469473158 126273847801536 pump_end 1 2
1615109473042267 126273847801536 coll_beg 0 0
1615109481865803 126273847801536 coll_end 0 0
1615109484405660 126273847801536 emit_beg 28 0
1615109489929467 126273847801536 emit_end 28 0
1615109489932787 126273847801536 drain_beg 0 0
1615109489933357 126273847801536 drain_end 1 0
1615109489933897 126273847801536 subm_beg 1 0
1615109493323323 126273847801536 subm_end 1 0
1615109493323623 126273847801536 pump_beg 1 0
1615109510186554 126273847801536 pump_end 1 2
1615109513268781 126273847801536 coll_beg 0 0
1615109521047485 126273847801536 coll_end 0 0
1615109524097133 126273847801536 emit_beg 29 0
1615109529638510 126273847801536 emit_end 29 0
1615109529642600 126273847801536 drain_beg 0 0
1615109529643040 126273847801536 drain_end 1 0
1615109529643890 126273847801536 subm_beg 1 0
1615109533006996 126273847801536 subm_end 1 0
1615109533007506 126273847801536 pump_beg 1 0
1615109549372265 126273847801536 pump_end 1 2
1615109551221227 126273847801536 coll_beg 0 0
1615109559592440 126273847801536 coll_end 0 0
1615109561520829 126273847801536 emit_beg 30 0
1615109568765773 126273847801536 emit_end 30 0
1615109568769873 126273847801536 drain_beg 0 0
1615109568770343 126273847801536 drain_end 1 0
1615109568770783 126273847801536 subm_beg 1 0
1615109570523429 126273847801536 subm_end 1 0
1615109570523829 126273847801536 pump_beg 1 0
1615109586874289 126273847801536 pump_end 1 2
1615109590237635 126273847801536 coll_beg 0 0
1615109600166371 126273847801536 coll_end 0 0
1615109602486186 126273847801536 emit_beg 31 0
1615109608122049 126273847801536 emit_end 31 0
1615109608126469 126273847801536 drain_beg 0 0
1615109608127389 126273847801536 drain_end 1 0
1615109608128408 126273847801536 subm_beg 1 0
1615109611453836 126273847801536 subm_end 1 0
1615109611454286 126273847801536 pump_beg 1 0
1615109628385285 126273847801536 pump_end 1 2
1615109630753068 126273847801536 coll_beg 0 0
1615109640309127 126273847801536 coll_end 0 0
1615109642585984 126273847801536 emit_beg 32 0
1615109648403100 126273847801536 emit_end 32 0
1615109648409770 126273847801536 drain_beg 0 0
1615109648410660 126273847801536 drain_end 1 0
1615109648411600 126273847801536 subm_beg 1 0
1615109651473207 126273847801536 subm_end 1 0
1615109651473997 126273847801536 pump_beg 1 0
1615109668146255 126273847801536 pump_end 1 2
1615109670050835 126273847801536 coll_beg 0 0
1615109677887528 126273847801536 coll_end 0 0
1615109679699531 126273847801536 emit_beg 33 0
1615109685244828 126273847801536 emit_end 33 0
1615109685249257 126273847801536 drain_beg 0 0
1615109685249897 126273847801536 drain_end 1 0
1615109685250497 126273847801536 subm_beg 1 0
1615109688609844 126273847801536 subm_end 1 0
1615109688610864 126273847801536 pump_beg 1 0
1615109704845168 126273847801536 pump_end 1 2
1615109706637762 126273847801536 coll_beg 0 0
1615109715405811 126273847801536 coll_end 0 0
1615109717330900 126273847801536 emit_beg 34 0
1615109722967653 126273847801536 emit_end 34 0
1615109722970373 126273847801536 drain_beg 0 0
1615109722970663 126273847801536 drain_end 1 0
1615109722970913 126273847801536 subm_beg 1 0
1615109726344599 126273847801536 subm_end 1 0
1615109726345119 126273847801536 pump_beg 1 0
1615109742565953 126273847801536 pump_end 1 2
1615109745721828 126273847801536 coll_beg 0 0
1615109753965425 126273847801536 coll_end 0 0
1615109756382336 126273847801536 emit_beg 35 0
1615109761924553 126273847801536 emit_end 35 0
1615109761930873 126273847801536 drain_beg 0 0
1615109761931823 126273847801536 drain_end 1 0
1615109761932783 126273847801536 subm_beg 1 0
1615109765102426 126273847801536 subm_end 1 0
1615109765117776 126273847801536 pump_beg 1 0
1615109780793990 126273847801536 pump_end 1 2
1615109782598144 126273847801536 coll_beg 0 0
1615109790318000 126273847801536 coll_end 0 0
1615109792183752 126273847801536 emit_beg 36 0
1615109797685470 126273847801536 emit_end 36 0
1615109797690570 126273847801536 drain_beg 0 0
1615109797691280 126273847801536 drain_end 1 0
1615109797691930 126273847801536 subm_beg 1 0
1615109800922841 126273847801536 subm_end 1 0
1615109800930231 126273847801536 pump_beg 1 0
1615109816466781 126273847801536 pump_end 1 2
1615109819212430 126273847801536 coll_beg 0 0
1615109826176044 126273847801536 coll_end 0 0
1615109828044626 126273847801536 emit_beg 37 0
1615109833408409 126273847801536 emit_end 37 0
1615109833413649 126273847801536 drain_beg 0 0
1615109833414229 126273847801536 drain_end 1 0
1615109833415319 126273847801536 subm_beg 1 0
1615109836576533 126273847801536 subm_end 1 0
1615109836577442 126273847801536 pump_beg 1 0
1615109852534697 126273847801536 pump_end 1 2
1615109855218198 126273847801536 coll_beg 0 0
1615109862155343 126273847801536 coll_end 0 0
1615109864063193 126273847801536 emit_beg 38 0
1615109869435246 126273847801536 emit_end 38 0
1615109869438706 126273847801536 drain_beg 0 0
1615109869439086 126273847801536 drain_end 1 0
1615109869439286 126273847801536 subm_beg 1 0
1615109872676627 126273847801536 subm_end 1 0
1615109872676967 126273847801536 pump_beg 1 0
1615109889224010 126273847801536 pump_end 1 2
1615109890944587 126273847801536 coll_beg 0 0
1615109898505079 126273847801536 coll_end 0 0
1615109900346872 126273847801536 emit_beg 39 0
1615109906225066 126273847801536 emit_end 39 0
1615109906230815 126273847801536 drain_beg 0 0
1615109906231655 126273847801536 drain_end 1 0
1615109906232475 126273847801536 subm_beg 1 0
1615109909136909 126273847801536 subm_end 1 0
1615109909137839 126273847801536 pump_beg 1 0
1615109926201142 126273847801536 pump_end 1 2
1615109928382772 126273847801536 coll_beg 0 0
1615109935948145 126273847801536 coll_end 0 0
1615109937810406 126273847801536 emit_beg 40 0
1615109943377742 126273847801536 emit_end 40 0
1615109943383792 126273847801536 drain_beg 0 0
1615109943384462 126273847801536 drain_end 1 0
1615109943385412 126273847801536 subm_beg 1 0
1615109946507437 126273847801536 subm_end 1 0
1615109946508997 126273847801536 pump_beg 1 0
1615109963164996 126273847801536 pump_end 1 2
1615109965911995 126273847801536 coll_beg 0 0
1615109974363685 126273847801536 coll_end 0 0
1615109977163282 126273847801536 emit_beg 41 0
1615109982792705 126273847801536 emit_end 41 0
1615109982796955 126273847801536 drain_beg 0 0
1615109982797615 126273847801536 drain_end 1 0
1615109982798755 126273847801536 subm_beg 1 0
1615109985918140 126273847801536 subm_end 1 0
1615109985918570 126273847801536 pump_beg 1 0
1615110001917053 126273847801536 pump_end 1 2
1615110003739936 126273847801536 coll_beg 0 0
1615110015085410 126273847801536 coll_end 0 0
1615110017238231 126273847801536 emit_beg 42 0
1615110022586664 126273847801536 emit_end 42 0
1615110022590364 126273847801536 drain_beg 0 0
1615110022590654 126273847801536 drain_end 1 0
1615110022591094 126273847801536 subm_beg 1 0
1615110026045917 126273847801536 subm_end 1 0
1615110026052547 126273847801536 pump_beg 1 0
1615110043809035 126273847801536 pump_end 1 2
1615110046083012 126273847801536 coll_beg 0 0
1615110058807305 126273847801536 coll_end 0 0
1615110061622861 126273847801536 emit_beg 43 0
1615110067245985 126273847801536 emit_end 43 0
1615110067250925 126273847801536 drain_beg 0 0
1615110067251525 126273847801536 drain_end 1 0
1615110067252555 126273847801536 subm_beg 1 0
1615110070609831 126273847801536 subm_end 1 0
1615110070610491 126273847801536 pump_beg 1 0
1615110088469026 126273847801536 pump_end 1 2
1615110090301458 126273847801536 coll_beg 0 0
1615110103641509 126273847801536 coll_end 0 0
1615110106062180 126273847801536 emit_beg 44 0
1615110111588007 126273847801536 emit_end 44 0
1615110111591477 126273847801536 drain_beg 0 0
1615110111591977 126273847801536 drain_end 1 0
1615110111599247 126273847801536 subm_beg 1 0
1615110114902155 126273847801536 subm_end 1 0
1615110114903705 126273847801536 pump_beg 1 0
1615110132231739 126273847801536 pump_end 1 2
1615110134926280 126273847801536 coll_beg 0 0
1615110145024280 126273847801536 coll_end 0 0
1615110148219712 126273847801536 emit_beg 45 0
1615110153742410 126273847801536 emit_end 45 0
1615110153746079 126273847801536 drain_beg 0 0
1615110153746729 126273847801536 drain_end 1 0
1615110153747359 126273847801536 subm_beg 1 0
1615110157007680 126273847801536 subm_end 1 0
1615110157008250 126273847801536 pump_beg 1 0
1615110173343290 126273847801536 pump_end 1 2
1615110175437333 126273847801536 coll_beg 0 0
1615110184113705 126273847801536 coll_end 0 0
1615110186086862 126273847801536 emit_beg 46 0
1615110189873143 126273847801536 emit_end 46 0
1615110189876763 126273847801536 drain_beg 0 0
1615110189877153 126273847801536 drain_end 1 0
1615110189877713 126273847801536 subm_beg 1 0
1615110193344496 126273847801536 subm_end 1 0
1615110193344826 126273847801536 pump_beg 1 0
1615110209684046 126273847801536 pump_end 1 2
1615110212804721 126273847801536 coll_beg 0 0
1615110221657667 126273847801536 coll_end 0 0
1615110223579096 126273847801536 emit_beg 47 0
1615110231036032 126273847801536 emit_end 47 0
1615110231039772 126273847801536 drain_beg 0 0
1615110231040532 126273847801536 drain_end 1 0
1615110231040792 126273847801536 subm_beg 1 0
1615110233045778 126273847801536 subm_end 1 0
1615110233046228 126273847801536 pump_beg 1 0
1615110248823599 126273847801536 pump_end 1 2
1615110250739129 126273847801536 coll_beg 0 0
1615110259324324 126273847801536 coll_end 0 0
1615110261281862 126273847801536 emit_beg 48 0
1615110267110818 126273847801536 emit_end 48 0
1615110267118618 126273847801536 drain_beg 0 0
1615110267119458 126273847801536 drain_end 1 0
1615110267120718 126273847801536 subm_beg 1 0
1615110270391698 126273847801536 subm_end 1 0
1615110270392837 126273847801536 pump_beg 1 0
1615110286211017 126273847801536 pump_end 1 2
1615110288528762 126273847801536 coll_beg 0 0
1615110296899635 126273847801536 coll_end 0 0
1615110298813854 126273847801536 emit_beg 49 0
1615110304418338 126273847801536 emit_end 49 0
1615110304422718 126273847801536 drain_beg 0 0
1615110304423208 126273847801536 drain_end 1 0
1615110304423798 126273847801536 subm_beg 1 0
1615110307844963 126273847801536 subm_end 1 0
1615110307845473 126273847801536 pump_beg 1 0
1615110323700681 126273847801536 pump_end 1 2
1615110327238971 126273847801536 coll_beg 0 0
1615110334511814 126273847801536 coll_end 0 0
1615110336438203 126273847801536 emit_beg 50 0
1615110342148743 126273847801536 emit_end 50 0
1615110342152703 126273847801536 drain_beg 0 0
1615110342153213 126273847801536 drain_end 1 0
1615110342153833 126273847801536 subm_beg 1 0
1615110345553548 126273847801536 subm_end 1 0
1615110345553988 126273847801536 pump_beg 1 0
1615110361393767 126273847801536 pump_end 1 2
1615110363250659 126273847801536 coll_beg 0 0
1615110370838500 126273847801536 coll_end 0 0
1615110372714171 126273847801536 emit_beg 51 0
1615110378345045 126273847801536 emit_end 51 0
1615110378349205 126273847801536 drain_beg 0 0
1615110378349665 126273847801536 drain_end 1 0
1615110378350445 126273847801536 subm_beg 1 0
1615110381831827 126273847801536 subm_end 1 0
1615110381832267 126273847801536 pump_beg 1 0
1615110397968244 126273847801536 pump_end 1 2
1615110399792277 126273847801536 coll_beg 0 0
1615110407356960 126273847801536 coll_end 0 0
1615110409382725 126273847801536 emit_beg 52 0
1615110415087806 126273847801536 emit_end 52 0
1615110415091966 126273847801536 drain_beg 0 0
1615110415092486 126273847801536 drain_end 1 0
1615110415093036 126273847801536 subm_beg 1 0
1615110418489131 126273847801536 subm_end 1 0
1615110418489611 126273847801536 pump_beg 1 0
1615110434220394 126273847801536 pump_end 1 2
1615110437993095 126273847801536 coll_beg 0 0
1615110445062946 126273847801536 coll_end 0 0
1615110446946726 126273847801536 emit_beg 53 0
1615110452611078 126273847801536 emit_end 53 0
1615110452625408 126273847801536 drain_beg 0 0
1615110452625918 126273847801536 drain_end 1 0
1615110452626588 126273847801536 subm_beg 1 0
1615110456033183 126273847801536 subm_end 1 0
1615110456033593 126273847801536 pump_beg 1 0
1615110474649539 126273847801536 pump_end 1 2
1615110477376049 126273847801536 coll_beg 0 0
1615110486020392 126273847801536 coll_end 0 0
1615110489110259 126273847801536 emit_beg 54 0
1615110495620530 126273847801536 emit_end 54 0
1615110495624689 126273847801536 drain_beg 0 0
1615110495625439 126273847801536 drain_end 1 0
1615110495626009 126273847801536 subm_beg 1 0
1615110498955237 126273847801536 subm_end 1 0
1615110498955987 126273847801536 pump_beg 1 0
1615110518465111 126273847801536 pump_end 1 2
1615110520611982 126273847801536 coll_beg 0 0
1615110530332335 126273847801536 coll_end 0 0
1615110532614562 126273847801536 emit_beg 55 0
1615110538262574 126273847801536 emit_end 55 0
1615110538267014 126273847801536 drain_beg 0 0
1615110538267614 126273847801536 drain_end 1 0
1615110538268384 126273847801536 subm_beg 1 0
1615110541739617 126273847801536 subm_end 1 0
1615110541741287 126273847801536 pump_beg 1 0
1615110559961268 126273847801536 pump_end 1 2
1615110563865324 126273847801536 coll_beg 0 0
1615110573026548 126273847801536 coll_end 0 0
1615110575696060 126273847801536 emit_beg 56 0
1615110583299871 126273847801536 emit_end 56 0
1615110583304451 126273847801536 drain_beg 0 0
1615110583305361 126273847801536 drain_end 1 0
1615110583306071 126273847801536 subm_beg 1 0
1615110585147533 126273847801536 subm_end 1 0
1615110585147753 126273847801536 pump_beg 1 0
1615110602606832 126273847801536 pump_end 1 2
1615110604441305 126273847801536 coll_beg 0 0
1615110611911961 126273847801536 coll_end 0 0
1615110613769042 126273847801536 emit_beg 57 0
1615110619564150 126273847801536 emit_end 57 0
1615110619568630 126273847801536 drain_beg 0 0
1615110619569640 126273847801536 drain_end 1 0
1615110619570630 126273847801536 subm_beg 1 0
1615110622826770 126273847801536 subm_end 1 0
1615110622827120 126273847801536 pump_beg 1 0
1615110639894574 126273847801536 pump_end 1 2
1615110643209282 126273847801536 coll_beg 0 0
1615110650996516 126273847801536 coll_end 0 0
1615110653489574 126273847801536 emit_beg 58 0
1615110658865887 126273847801536 emit_end 58 0
1615110658870497 126273847801536 drain_beg 0 0
1615110658871117 126273847801536 drain_end 1 0
1615110658871687 126273847801536 subm_beg 1 0
1615110662052110 126273847801536 subm_end 1 0
1615110662052560 126273847801536 pump_beg 1 0
1615110678296854 126273847801536 pump_end 1 2
1615110680006761 126273847801536 coll_beg 0 0
1615110688166002 126273847801536 coll_end 0 0
1615110689963106 126273847801536 emit_beg 59 0
1615110695335518 126273847801536 emit_end 59 0
1615110695340828 126273847801536 drain_beg 0 0
1615110695341568 126273847801536 drain_end 1 0
1615110695342268 126273847801536 subm_beg 1 0
1615110698598309 126273847801536 subm_end 1 0
1615110698598869 126273847801536 pump_beg 1 0
1615110715104213 126273847801536 pump_end 1 2
1615110717029792 126273847801536 coll_beg 0 0
1615110728124225 126273847801536 coll_end 0 0
1615110730493938 126273847801536 emit_beg 60 0
1615110736176409 126273847801536 emit_end 60 0
1615110736180749 126273847801536 drain_beg 0 0
1615110736181369 126273847801536 drain_end 1 0
1615110736182129 126273847801536 subm_beg 1 0
1615110739455459 126273847801536 subm_end 1 0
1615110739456239 126273847801536 pump_beg 1 0
1615110756469114 126273847801536 pump_end 1 2
1615110759966986 126273847801536 coll_beg 0 0
1615110770788109 126273847801536 coll_end 0 0
1615110773401883 126273847801536 emit_beg 61 0
1615110778782055 126273847801536 emit_end 61 0
1615110778785405 126273847801536 drain_beg 0 0
1615110778785725 126273847801536 drain_end 1 0
1615110778786245 126273847801536 subm_beg 1 0
1615110782123582 126273847801536 subm_end 1 0
1615110782124382 126273847801536 pump_beg 1 0
1615110798563949 126273847801536 pump_end 1 2
1615110800575075 126273847801536 coll_beg 0 0
1615110811431387 126273847801536 coll_end 0 0
1615110813266429 126273847801536 emit_beg 62 0
1615110820377108 126273847801536 emit_end 62 0
1615110820380558 126273847801536 drain_beg 0 0
1615110820380908 126273847801536 drain_end 1 0
1615110820381198 126273847801536 subm_beg 1 0
1615110822138414 126273847801536 subm_end 1 0
1615110822138804 126273847801536 pump_beg 1 0
1615110839385610 126273847801536 pump_end 1 2
1615110842324303 126273847801536 coll_beg 0 0
1615110853459254 126273847801536 coll_end 0 0
1615110855693602 126273847801536 emit_beg 63 0
1615110861170731 126273847801536 emit_end 63 0
1615110861174211 126273847801536 drain_beg 0 0
1615110861174611 126273847801536 drain_end 1 0
1615110861174921 126273847801536 subm_beg 1 0
1615110864437971 126273847801536 subm_end 1 0
1615110864440421 126273847801536 pump_beg 1 0
1615110881613460 126273847801536 pump_end 1 2
1615110884997256 126273847801536 coll_beg 0 0
1615110896360119 126273847801536 coll_end 0 0
1615110898451762 126273847801536 emit_beg 64 0
1615110903949870 126273847801536 emit_end 64 0
1615110903953690 126273847801536 drain_beg 0 0
1615110903954190 126273847801536 drain_end 1 0
1615110903955000 126273847801536 subm_beg 1 0
1615110907250819 126273847801536 subm_end 1 0
1615110907251149 126273847801536 pump_beg 1 0
1615110924483147 126273847801536 pump_end 1 2
1615110927024823 126273847801536 coll_beg 0 0
1615110937085694 126273847801536 coll_end 0 0
1615110939567853 126273847801536 emit_beg 65 0
1615110944947445 126273847801536 emit_end 65 0
1615110944951575 126273847801536 drain_beg 0 0
1615110944952015 126273847801536 drain_end 1 0
1615110944952595 126273847801536 subm_beg 1 0
1615110948401229 126273847801536 subm_end 1 0
1615110948402099 126273847801536 pump_beg 1 0
1615110966102879 126273847801536 pump_end 1 2
1615110968194062 126273847801536 coll_beg 0 0
1615110979926791 126273847801536 coll_end 0 0
1615110982180219 126273847801536 emit_beg 66 0
1615110987704326 126273847801536 emit_end 66 0
1615110987708586 126273847801536 drain_beg 0 0
1615110987709156 126273847801536 drain_end 1 0
1615110987709826 126273847801536 subm_beg 1 0
1615110990968116 126273847801536 subm_end 1 0
1615110990968556 126273847801536 pump_beg 1 0
1615111007325596 126273847801536 pump_end 1 2
1615111009528135 126273847801536 coll_beg 0 0
1615111019943462 126273847801536 coll_end 0 0
1615111021877841 126273847801536 emit_beg 67 0
1615111027303542 126273847801536 emit_end 67 0
1615111027307582 126273847801536 drain_beg 0 0
1615111027308082 126273847801536 drain_end 1 0
1615111027308552 126273847801536 subm_beg 1 0
1615111030614921 126273847801536 subm_end 1 0
1615111030615431 126273847801536 pump_beg 1 0
1615111046635263 126273847801536 pump_end 1 2
1615111049381802 126273847801536 coll_beg 0 0
1615111057700456 126273847801536 coll_end 0 0
1615111059572958 126273847801536 emit_beg 68 0
1615111064944350 126273847801536 emit_end 68 0
1615111064948210 126273847801536 drain_beg 0 0
1615111064948790 126273847801536 drain_end 1 0
1615111064949060 126273847801536 subm_beg 1 0
1615111068398984 126273847801536 subm_end 1 0
1615111068399534 126273847801536 pump_beg 1 0
1615111086989471 126273847801536 pump_end 1 2
1615111089480080 126273847801536 coll_beg 0 0
1615111096791101 126273847801536 coll_end 0 0
1615111099144095 126273847801536 emit_beg 69 0
1615111106162237 126273847801536 emit_end 69 0
1615111106165327 126273847801536 drain_beg 0 0
1615111106165847 126273847801536 drain_end 1 0
1615111106166337 126273847801536 subm_beg 1 0
1615111109871911 126273847801536 subm_end 1 0
1615111109875461 126273847801536 pump_beg 1 0
1615111127431647 126273847801536 pump_end 1 2
1615111129335277 126273847801536 coll_beg 0 0
1615111137759647 126273847801536 coll_end 0 0
1615111140015645 126273847801536 emit_beg 70 0
1615111145830391 126273847801536 emit_end 70 0
1615111145836301 126273847801536 drain_beg 0 0
1615111145837081 126273847801536 drain_end 1 0
1615111145837721 126273847801536 subm_beg 1 0
1615111149198918 126273847801536 subm_end 1 0
1615111149199317 126273847801536 pump_beg 1 0
1615111167218706 126273847801536 pump_end 1 2
1615111169904687 126273847801536 coll_beg 0 0
1615111180105883 126273847801536 coll_end 0 0
1615111182404699 126273847801536 emit_beg 71 0
1615111188097570 126273847801536 emit_end 71 0
1615111188100839 126273847801536 drain_beg 0 0
1615111188101239 126273847801536 drain_end 1 0
1615111188101629 126273847801536 subm_beg 1 0
1615111192790047 126273847801536 subm_end 1 0
1615111192790727 126273847801536 pump_beg 1 0
1615111210452069 126273847801536 pump_end 1 2
1615111213283565 126273847801536 coll_beg 0 0
1615111222870763 126273847801536 coll_end 0 0
1615111225129530 126273847801536 emit_beg 72 0
1615111230730505 126273847801536 emit_end 72 0
1615111230733434 126273847801536 drain_beg 0 0
1615111230733874 126273847801536 drain_end 1 0
1615111230734144 126273847801536 subm_beg 1 0
1615111234283234 126273847801536 subm_end 1 0
1615111234283534 126273847801536 pump_beg 1 0
1615111251767662 126273847801536 pump_end 1 2
1615111254212263 126273847801536 coll_beg 0 0
1615111263480502 126273847801536 coll_end 0 0
1615111265736250 126273847801536 emit_beg 73 0
1615111271287046 126273847801536 emit_end 73 0
1615111271290056 126273847801536 drain_beg 0 0
1615111271290386 126273847801536 drain_end 1 0
1615111271290846 126273847801536 subm_beg 1 0
1615111274828546 126273847801536 subm_end 1 0
1615111274829026 126273847801536 pump_beg 1 0
1615111291895899 126273847801536 pump_end 1 2
1615111294344139 126273847801536 coll_beg 0 0
1615111302442432 126273847801536 coll_end 0 0
1615111304825545 126273847801536 emit_beg 74 0
1615111310534795 126273847801536 emit_end 74 0
1615111310538315 126273847801536 drain_beg 0 0
1615111310538975 126273847801536 drain_end 1 0
1615111310539625 126273847801536 subm_beg 1 0
1615111313990068 126273847801536 subm_end 1 0
1615111313990598 126273847801536 pump_beg 1 0
1615111331229265 126273847801536 pump_end 1 2
1615111333688815 126273847801536 coll_beg 0 0
1615111343926849 126273847801536 coll_end 0 0
1615111346160217 126273847801536 emit_beg 75 0
1615111351814720 126273847801536 emit_end 75 0
1615111351817530 126273847801536 drain_beg 0 0
1615111351817870 126273847801536 drain_end 1 0
1615111351818180 126273847801536 subm_beg 1 0
1615111355469485 126273847801536 subm_end 1 0
1615111355472675 126273847801536 pump_beg 1 0
1615111372088505 126273847801536 pump_end 1 2
1615111377246096 126273847801536 coll_beg 0 0
1615111386144140 126273847801536 coll_end 0 0
1615111388449735 126273847801536 emit_beg 76 0
1615111394004351 126273847801536 emit_end 76 0
1615111394007291 126273847801536 drain_beg 0 0
1615111394007571 126273847801536 drain_end 1 0
1615111394007831 126273847801536 subm_beg 1 0
1615111397561930 126273847801536 subm_end 1 0
1615111397562990 126273847801536 pump_beg 1 0
1615111414779958 126273847801536 pump_end 1 2
1615111417408342 126273847801536 coll_beg 0 0
1615111428358670 126273847801536 coll_end 0 0
1615111432264026 126273847801536 emit_beg 77 0
1615111438200399 126273847801536 emit_end 77 0
1615111438205808 126273847801536 drain_beg 0 0
1615111438206418 126273847801536 drain_end 1 0
1615111438207248 126273847801536 subm_beg 1 0
1615111441487768 126273847801536 subm_end 1 0
1615111441488228 126273847801536 pump_beg 1 0
1615111457921265 126273847801536 pump_end 1 2
1615111460877176 126273847801536 coll_beg 0 0
1615111469195901 126273847801536 coll_end 0 0
1615111471662330 126273847801536 emit_beg 78 0
1615111475588786 126273847801536 emit_end 78 0
1615111475592066 126273847801536 drain_beg 0 0
1615111475592626 126273847801536 drain_end 1 0
1615111475593116 126273847801536 subm_beg 1 0
1615111478839277 126273847801536 subm_end 1 0
1615111478839647 126273847801536 pump_beg 1 0
1615111495057751 126273847801536 pump_end 1 2
1615111500269390 126273847801536 coll_beg 0 0
1615111508833586 126273847801536 coll_end 0 0
1615111510703007 126273847801536 emit_beg 79 0
1615111516220724 126273847801536 emit_end 79 0
1615111516224044 126273847801536 drain_beg 0 0
1615111516224344 126273847801536 drain_end 1 0
1615111516224674 126273847801536 subm_beg 1 0
1615111519692557 126273847801536 subm_end 1 0
1615111519692857 126273847801536 pump_beg 1 0
1615111537054700 126273847801536 pump_end 1 2
1615111540649888 126273847801536 coll_beg 0 0
1615111548361975 126273847801536 coll_end 0 0
1615111550614122 126273847801536 emit_beg 80 0
1615111556124020 126273847801536 emit_end 80 0
1615111556127000 126273847801536 drain_beg 0 0
1615111556127320 126273847801536 drain_end 1 0
1615111556127790 126273847801536 subm_beg 1 0
1615111559622761 126273847801536 subm_end 1 0
1615111559623081 126273847801536 pump_beg 1 0
1615111575961491 126273847801536 pump_end 1 2
1615111579405915 126273847801536 coll_beg 0 0
1615111586774785 126273847801536 coll_end 0 0
1615111588680405 126273847801536 emit_beg 81 0
1615111594341237 126273847801536 emit_end 81 0
1615111594344487 126273847801536 drain_beg 0 0
1615111594344817 126273847801536 drain_end 1 0
1615111594345397 126273847801536 subm_beg 1 0
1615111597767011 126273847801536 subm_end 1 0
1615111597767481 126273847801536 pump_beg 1 0
1615111614546575 126273847801536 pump_end 1 2
1615111619640458 126273847801536 coll_beg 0 0
1615111629205317 126273847801536 coll_end 0 0
1615111631441395 126273847801536 emit_beg 82 0
1615111637125836 126273847801536 emit_end 82 0
1615111637130416 126273847801536 drain_beg 0 0
1615111637131226 126273847801536 drain_end 1 0
1615111637132046 126273847801536 subm_beg 1 0
1615111640261841 126273847801536 subm_end 1 0
1615111640262571 126273847801536 pump_beg 1 0
1615111657302286 126273847801536 pump_end 1 2
1615111660117872 126273847801536 coll_beg 0 0
1615111668020842 126273847801536 coll_end 0 0
1615111670041588 126273847801536 emit_beg 83 0
1615111675493088 126273847801536 emit_end 83 0
1615111675495928 126273847801536 drain_beg 0 0
1615111675496288 126273847801536 drain_end 1 0
1615111675496698 126273847801536 subm_beg 1 0
1615111678765188 126273847801536 subm_end 1 0
1615111678765688 126273847801536 pump_beg 1 0
1615111695040970 126273847801536 pump_end 1 2
1615111698489194 126273847801536 coll_beg 0 0
1615111706013278 126273847801536 coll_end 0 0
1615111707729415 126273847801536 emit_beg 84 0
1615111713090648 126273847801536 emit_end 84 0
1615111713092958 126273847801536 drain_beg 0 0
1615111713093298 126273847801536 drain_end 1 0
1615111713093698 126273847801536 subm_beg 1 0
1615111716322119 126273847801536 subm_end 1 0
1615111716322449 126273847801536 pump_beg 1 0
1615111732531244 126273847801536 pump_end 1 2
1615111735268404 126273847801536 coll_beg 0 0
1615111742524387 126273847801536 coll_end 0 0
1615111744321601 126273847801536 emit_beg 85 0
1615111749589748 126273847801536 emit_end 85 0
1615111749591878 126273847801536 drain_beg 0 0
1615111749592148 126273847801536 drain_end 1 0
1615111749592448 126273847801536 subm_beg 1 0
1615111752972654 126273847801536 subm_end 1 0
1615111752973414 126273847801536 pump_beg 1 0
1615111769257336 126273847801536 pump_end 1 2
1615111772575054 126273847801536 coll_beg 0 0
1615111780033290 126273847801536 coll_end 0 0
1615111782040467 126273847801536 emit_beg 86 0
1615111785595136 126273847801536 emit_end 86 0
1615111785598806 126273847801536 drain_beg 0 0
1615111785599276 126273847801536 drain_end 1 0
1615111785599796 126273847801536 subm_beg 1 0
1615111789010371 126273847801536 subm_end 1 0
1615111789010721 126273847801536 pump_beg 1 0
1615111805021713 126273847801536 pump_end 1 2
1615111807239142 126273847801536 coll_beg 0 0
1615111813452243 126273847801536 coll_end 0 0
1615111815349594 126273847801536 emit_beg 87 0
1615111820756395 126273847801536 emit_end 87 0
1615111820759555 126273847801536 drain_beg 0 0
1615111820760135 126273847801536 drain_end 1 0
1615111820760755 126273847801536 subm_beg 1 0
1615111824259057 126273847801536 subm_end 1 0
1615111824259317 126273847801536 pump_beg 1 0
1615111840565108 126273847801536 pump_end 1 2
1615111842701170 126273847801536 coll_beg 0 0
1615111850052680 126273847801536 coll_end 0 0
1615111851832445 126273847801536 emit_beg 88 0
1615111857195698 126273847801536 emit_end 88 0
1615111857198888 126273847801536 drain_beg 0 0
1615111857199358 126273847801536 drain_end 1 0
1615111857199998 126273847801536 subm_beg 1 0
1615111860470477 126273847801536 subm_end 1 0
1615111860470727 126273847801536 pump_beg 1 0
1615111876984261 126273847801536 pump_end 1 2
1615111880225592 126273847801536 coll_beg 0 0
1615111887795724 126273847801536 coll_end 0 0
1615111890465966 126273847801536 emit_beg 89 0
1615111895795121 126273847801536 emit_end 89 0
1615111895798901 126273847801536 drain_beg 0 0
1615111895799281 126273847801536 drain_end 1 0
1615111895800111 126273847801536 subm_beg 1 0
1615111899069341 126273847801536 subm_end 1 0
1615111899069961 126273847801536 pump_beg 1 0
1615111915709840 126273847801536 pump_end 1 2
1615111919056707 126273847801536 coll_beg 0 0
1615111926363559 126273847801536 coll_end 0 0
1615111928343786 126273847801536 emit_beg 90 0
1615111933726358 126273847801536 emit_end 90 0
1615111933730758 126273847801536 drain_beg 0 0
1615111933731138 126273847801536 drain_end 1 0
1615111933731558 126273847801536 subm_beg 1 0
1615111936971069 126273847801536 subm_end 1 0
1615111936971429 126273847801536 pump_beg 1 0
1615111954099171 126273847801536 pump_end 1 2
1615111956466274 126273847801536 coll_beg 0 0
1615111964514268 126273847801536 coll_end 0 0
1615111966827563 126273847801536 emit_beg 91 0
1615111972259824 126273847801536 emit_end 91 0
1615111972263814 126273847801536 drain_beg 0 0
1615111972264324 126273847801536 drain_end 1 0
1615111972265194 126273847801536 subm_beg 1 0
1615111975595701 126273847801536 subm_end 1 0
1615111975596271 126273847801536 pump_beg 1 0
1615111992696254 126273847801536 pump_end 1 2
1615111995337877 126273847801536 coll_beg 0 0
1615112004343346 126273847801536 coll_end 0 0
1615112006649891 126273847801536 emit_beg 92 0
1615112012518636 126273847801536 emit_end 92 0
1615112012521786 126273847801536 drain_beg 0 0
1615112012522346 126273847801536 drain_end 1 0
1615112012522816 126273847801536 subm_beg 1 0
1615112015629282 126273847801536 subm_end 1 0
1615112015630152 126273847801536 pump_beg 1 0
1615112033505566 126273847801536 pump_end 1 2
1615112035571320 126273847801536 coll_beg 0 0
1615112045165108 126273847801536 coll_end 0 0
1615112048094580 126273847801536 emit_beg 93 0
1615112051781895 126273847801536 emit_end 93 0
1615112051785525 126273847801536 drain_beg 0 0
1615112051786055 126273847801536 drain_end 1 0
1615112051786795 126273847801536 subm_beg 1 0
1615112055127462 126273847801536 subm_end 1 0
1615112055127812 126273847801536 pump_beg 1 0
1615112073502187 126273847801536 pump_end 1 2
1615112075856761 126273847801536 coll_beg 0 0
1615112085062673 126273847801536 coll_end 0 0
1615112087030921 126273847801536 emit_beg 94 0
1615112090769194 126273847801536 emit_end 94 0
1615112090772903 126273847801536 drain_beg 0 0
1615112090773383 126273847801536 drain_end 1 0
1615112090773943 126273847801536 subm_beg 1 0
1615112094281355 126273847801536 subm_end 1 0
1615112094281785 126273847801536 pump_beg 1 0
1615112111451994 126273847801536 pump_end 1 2
1615112113552137 126273847801536 coll_beg 0 0
1615112124283713 126273847801536 coll_end 0 0
1615112127195816 126273847801536 emit_beg 95 0
1615112132905757 126273847801536 emit_end 95 0
1615112132910357 126273847801536 drain_beg 0 0
1615112132910947 126273847801536 drain_end 1 0
1615112132911707 126273847801536 subm_beg 1 0
1615112136494105 126273847801536 subm_end 1 0
1615112136494995 126273847801536 pump_beg 1 0
1615112151840392 126273847801536 pump_end 1 2
1615112154052250 126273847801536 coll_beg 0 0
1615112160901409 126273847801536 coll_end 0 0
1615112162811849 126273847801536 emit_beg 96 0
1615112168360445 126273847801536 emit_end 96 0
1615112168364795 126273847801536 drain_beg 0 0
1615112168365365 126273847801536 drain_end 1 0
1615112168365865 126273847801536 subm_beg 1 0
1615112171879856 126273847801536 subm_end 1 0
1615112171880496 126273847801536 pump_beg 1 0
1615112187895648 126273847801536 pump_end 1 2
1615112189742500 126273847801536 coll_beg 0 0
1615112196794991 126273847801536 coll_end 0 0
1615112198659823 126273847801536 emit_beg 97 0
1615112204167331 126273847801536 emit_end 97 0
1615112204171511 126273847801536 drain_beg 0 0
1615112204172011 126273847801536 drain_end 1 0
1615112204184340 126273847801536 subm_beg 1 0
1615112207640243 126273847801536 subm_end 1 0
1615112207640843 126273847801536 pump_beg 1 0
1615112223905416 126273847801536 pump_end 1 2
1615112225746739 126273847801536 coll_beg 0 0
1615112233303131 126273847801536 coll_end 0 0
1615112235271329 126273847801536 emit_beg 98 0
1615112240823585 126273847801536 emit_end 98 0
1615112240826765 126273847801536 drain_beg 0 0
1615112240827325 126273847801536 drain_end 1 0
1615112240827965 126273847801536 subm_beg 1 0
1615112244304617 126273847801536 subm_end 1 0
1615112244305397 126273847801536 pump_beg 1 0
1615112261089751 126273847801536 pump_end 1 2
1615112264410919 126273847801536 coll_beg 0 0
1615112271460351 126273847801536 coll_end 0 0
1615112273445648 126273847801536 emit_beg 99 0
1615112279222966 126273847801536 emit_end 99 0
1615112279227745 126273847801536 drain_beg 0 0
1615112279228415 126273847801536 drain_end 1 0
1615112279229275 126273847801536 subm_beg 1 0
1615112282555653 126273847801536 subm_end 1 0
1615112282556623 126273847801536 pump_beg 1 0
1615112298414751 126273847801536 pump_end 1 2
1615112301994170 126273847801536 coll_beg 0 0
1615112308963684 126273847801536 coll_end 0 0
1615112310927012 126273847801536 emit_beg 100 0
1615112316576524 126273847801536 emit_end 100 0
1615112316580364 126273847801536 drain_beg 0 0
1615112316580944 126273847801536 drain_end 1 0
1615112316581534 126273847801536 subm_beg 1 0
1615112320017688 126273847801536 subm_end 1 0
1615112320018668 126273847801536 pump_beg 1 0
1615112337229536 126273847801536 pump_end 1 2
1615112339596929 126273847801536 coll_beg 0 0
1615112346544234 126273847801536 coll_end 0 0
1615112348466114 126273847801536 emit_beg 101 0
1615112354084907 126273847801536 emit_end 101 0
1615112354088817 126273847801536 drain_beg 0 0
1615112354089387 126273847801536 drain_end 1 0
1615112354090097 126273847801536 subm_beg 1 0
1615112357443264 126273847801536 subm_end 1 0
1615112357444274 126273847801536 pump_beg 1 0
1615112372852039 126273847801536 pump_end 1 2
1615112374656952 126273847801536 coll_beg 0 0
1615112380926992 126273847801536 coll_end 0 0
1615112382827302 126273847801536 emit_beg 102 0
1615112388415697 126273847801536 emit_end 102 0
1615112388419827 126273847801536 drain_beg 0 0
1615112388420497 126273847801536 drain_end 1 0
1615112388420967 126273847801536 subm_beg 1 0
1615112391854991 126273847801536 subm_end 1 0
1615112391855541 126273847801536 pump_beg 1 0
1615112408627705 126273847801536 pump_end 1 2
1615112410556484 126273847801536 coll_beg 0 0
1615112418136636 126273847801536 coll_end 0 0
1615112420044096 126273847801536 emit_beg 103 0
1615112425552784 126273847801536 emit_end 103 0
1615112425556494 126273847801536 drain_beg 0 0
1615112425557104 126273847801536 drain_end 1 0
1615112425558034 126273847801536 subm_beg 1 0
1615112428987458 126273847801536 subm_end 1 0
1615112428988118 126273847801536 pump_beg 1 0
1615112447395792 126273847801536 pump_end 1 2
1615112449600521 126273847801536 coll_beg 0 0
1615112458283062 126273847801536 coll_end 0 0
1615112461316841 126273847801536 emit_beg 104 0
1615112467126498 126273847801536 emit_end 104 0
1615112467131258 126273847801536 drain_beg 0 0
1615112467132038 126273847801536 drain_end 1 0
1615112467132698 126273847801536 subm_beg 1 0
1615112470379538 126273847801536 subm_end 1 0
1615112470381148 126273847801536 pump_beg 1 0
1615112488694966 126273847801536 pump_end 1 2
1615112490613836 126273847801536 coll_beg 0 0
1615112500528372 126273847801536 coll_end 0 0
1615112503174324 126273847801536 emit_beg 105 0
1615112508891125 126273847801536 emit_end 105 0
1615112508895115 126273847801536 drain_beg 0 0
1615112508895785 126273847801536 drain_end 1 0
1615112508896435 126273847801536 subm_beg 1 0
1615112512251091 126273847801536 subm_end 1 0
1615112512252211 126273847801536 pump_beg 1 0
1615112529633943 126273847801536 pump_end 1 2
1615112531868301 126273847801536 coll_beg 0 0
1615112539264290 126273847801536 coll_end 0 0
1615112541119362 126273847801536 emit_beg 106 0
1615112546539283 126273847801536 emit_end 106 0
1615112546552152 126273847801536 drain_beg 0 0
1615112546552632 126273847801536 drain_end 1 0
1615112546553222 126273847801536 subm_beg 1 0
1615112549743265 126273847801536 subm_end 1 0
1615112549743955 126273847801536 pump_beg 1 0
1615112567323950 126273847801536 pump_end 1 2
1615112572435292 126273847801536 coll_beg 0 0
1615112582033390 126273847801536 coll_end 0 0
1615112584556667 126273847801536 emit_beg 107 0
1615112588483503 126273847801536 emit_end 107 0
1615112588489113 126273847801536 drain_beg 0 0
1615112588489733 126273847801536 drain_end 1 0
1615112588490483 126273847801536 subm_beg 1 0
1615112591673686 126273847801536 subm_end 1 0
1615112591674036 126273847801536 pump_beg 1 0
1615112608943902 126273847801536 pump_end 1 2
1615112611650873 126273847801536 coll_beg 0 0
1615112619443856 126273847801536 coll_end 0 0
1615112621294868 126273847801536 emit_beg 108 0
1615112626607953 126273847801536 emit_end 108 0
1615112626611573 126273847801536 drain_beg 0 0
1615112626611983 126273847801536 drain_end 1 0
1615112626612423 126273847801536 subm_beg 1 0
1615112629844395 126273847801536 subm_end 1 0
1615112629845225 126273847801536 pump_beg 1 0
1615112646573040 126273847801536 pump_end 1 2
1615112649552651 126273847801536 coll_beg 0 0
1615112656865283 126273847801536 coll_end 0 0
1615112658742724 126273847801536 emit_beg 109 0
1615112664101237 126273847801536 emit_end 109 0
1615112664105087 126273847801536 drain_beg 0 0
1615112664105527 126273847801536 drain_end 1 0
1615112664105937 126273847801536 subm_beg 1 0
1615112667365497 126273847801536 subm_end 1 0
1615112667366087 126273847801536 pump_beg 1 0
1615112684408352 126273847801536 pump_end 1 2
1615112686287383 126273847801536 coll_beg 0 0
1615112693352353 126273847801536 coll_end 0 0
1615112695195536 126273847801536 emit_beg 110 0
1615112701402438 126273847801536 emit_end 110 0
1615112701410997 126273847801536 drain_beg 0 0
1615112701411767 126273847801536 drain_end 1 0
1615112701412687 126273847801536 subm_beg 1 0
1615112704341690 126273847801536 subm_end 1 0
1615112704342330 126273847801536 pump_beg 1 0
1615112720340023 126273847801536 pump_end 1 2
1615112723367591 126273847801536 coll_beg 0 0
1615112732070892 126273847801536 coll_end 0 0
1615112734682826 126273847801536 emit_beg 111 0
1615112739996131 126273847801536 emit_end 111 0
1615112739998601 126273847801536 drain_beg 0 0
1615112739998831 126273847801536 drain_end 1 0
1615112739999711 126273847801536 subm_beg 1 0
1615112743355728 126273847801536 subm_end 1 0
1615112743359568 126273847801536 pump_beg 1 0
1615112760848006 126273847801536 pump_end 1 2
1615112762714647 126273847801536 coll_beg 0 0
1615112770001150 126273847801536 coll_end 0 0
1615112771875981 126273847801536 emit_beg 112 0
1615112777177556 126273847801536 emit_end 112 0
1615112777181666 126273847801536 drain_beg 0 0
1615112777182166 126273847801536 drain_end 1 0
1615112777182716 126273847801536 subm_beg 1 0
1615112780633539 126273847801536 subm_end 1 0
1615112780633829 126273847801536 pump_beg 1 0
1615112797523749 126273847801536 pump_end 1 2
1615112799394081 126273847801536 coll_beg 0 0
1615112807179325 126273847801536 coll_end 0 0
1615112808970479 126273847801536 emit_beg 113 0
1615112812579547 126273847801536 emit_end 113 0
1615112812583117 126273847801536 drain_beg 0 0
1615112812583557 126273847801536 drain_end 1 0
1615112812584227 126273847801536 subm_beg 1 0
1615112815970252 126273847801536 subm_end 1 0
1615112815970812 126273847801536 pump_beg 1 0
1615112833310416 126273847801536 pump_end 1 2
1615112836392193 126273847801536 coll_beg 0 0
1615112844783064 126273847801536 coll_end 0 0
1615112846653946 126273847801536 emit_beg 114 0
1615112851803107 126273847801536 emit_end 114 0
1615112851806077 126273847801536 drain_beg 0 0
1615112851806387 126273847801536 drain_end 1 0
1615112851806727 126273847801536 subm_beg 1 0
1615112859899530 126273847801536 subm_end 1 0
1615112859902219 126273847801536 pump_beg 1 0
1615112875771707 126273847801536 pump_end 1 2
1615112877604770 126273847801536 coll_beg 0 0
1615112885456661 126273847801536 coll_end 0 0
1615112887404060 126273847801536 emit_beg 115 0
1615112892943187 126273847801536 emit_end 115 0
1615112892947056 126273847801536 drain_beg 0 0
1615112892947596 126273847801536 drain_end 1 0
1615112892948206 126273847801536 subm_beg 1 0
1615112896144559 126273847801536 subm_end 1 0
1615112896144839 126273847801536 pump_beg 1 0
1615112912514288 126273847801536 pump_end 1 2
1615112915110253 126273847801536 coll_beg 0 0
1615112922978844 126273847801536 coll_end 0 0
1615112925491242 126273847801536 emit_beg 116 0
1615112930861115 126273847801536 emit_end 116 0
1615112930864785 126273847801536 drain_beg 0 0
1615112930865105 126273847801536 drain_end 1 0
1615112930865635 126273847801536 subm_beg 1 0
1615112934224491 126273847801536 subm_end 1 0
1615112934224851 126273847801536 pump_beg 1 0
1615112951150170 126273847801536 pump_end 1 2
1615112954385811 126273847801536 coll_beg 0 0
1615112962424526 126273847801536 coll_end 0 0
1615112965081408 126273847801536 emit_beg 117 0
1615112970596606 126273847801536 emit_end 117 0
1615112970600936 126273847801536 drain_beg 0 0
1615112970601376 126273847801536 drain_end 1 0
1615112970601906 126273847801536 subm_beg 1 0
1615112973634685 126273847801536 subm_end 1 0
1615112973636104 126273847801536 pump_beg 1 0
1615112989935056 126273847801536 pump_end 1 2
1615112992879638 126273847801536 coll_beg 0 0
1615113000585635 126273847801536 coll_end 0 0
1615113010200822 126273847801536 emit_beg 118 0
1615113015901233 126273847801536 emit_end 118 0
1615113015905543 126273847801536 drain_beg 0 0
1615113015906183 126273847801536 drain_end 1 0
1615113015906833 126273847801536 subm_beg 1 0
1615113019234341 126273847801536 subm_end 1 0
1615113019235800 126273847801536 pump_beg 1 0
1615113035375838 126273847801536 pump_end 1 2
1615113037196601 126273847801536 coll_beg 0 0
1615113045051813 126273847801536 coll_end 0 0
1615113046901345 126273847801536 emit_beg 119 0
1615113052402043 126273847801536 emit_end 119 0
1615113052405223 126273847801536 drain_beg 0 0
1615113052405553 126273847801536 drain_end 1 0
1615113052405883 126273847801536 subm_beg 1 0
1615113055797908 126273847801536 subm_end 1 0
1615113055798748 126273847801536 pump_beg 1 0
1615113073111613 126273847801536 pump_end 1 2
1615113075311352 126273847801536 coll_beg 0 0
1615113084388819 126273847801536 coll_end 0 0
1615113086813070 126273847801536 emit_beg 120 0
1615113094237727 126273847801536 emit_end 120 0
1615113094241927 126273847801536 drain_beg 0 0
1615113094242607 126273847801536 drain_end 1 0
1615113094243107 126273847801536 subm_beg 1 0
1615113096037211 126273847801536 subm_end 1 0
1615113096037531 126273847801536 pump_beg 1 0
1615113113908845 126273847801536 pump_end 1 2
1615113116590377 126273847801536 coll_beg 0 0
1615113125359895 126273847801536 coll_end 0 0
1615113128061536 126273847801536 emit_beg 121 0
1615113133636311 126273847801536 emit_end 121 0
1615113133639901 126273847801536 drain_beg 0 0
1615113133640311 126273847801536 drain_end 1 0
1615113133641321 126273847801536 subm_beg 1 0
1615113137017267 126273847801536 subm_end 1 0
1615113137017667 126273847801536 pump_beg 1 0
1615113154466916 126273847801536 pump_end 1 2
1615113158002147 126273847801536 coll_beg 0 0
1615113166375139 126273847801536 coll_end 0 0
1615113168261410 126273847801536 emit_beg 122 0
1615113173805086 126273847801536 emit_end 122 0
1615113173808736 126273847801536 drain_beg 0 0
1615113173809146 126273847801536 drain_end 1 0
1615113173809746 126273847801536 subm_beg 1 0
1615113177328367 126273847801536 subm_end 1 0
1615113177328757 126273847801536 pump_beg 1 0
1615113193682677 126273847801536 pump_end 1 2
1615113196554241 126273847801536 coll_beg 0 0
1615113204574717 126273847801536 coll_end 0 0
1615113206595603 126273847801536 emit_beg 123 0
1615113212158989 126273847801536 emit_end 123 0
1615113212162878 126273847801536 drain_beg 0 0
1615113212163628 126273847801536 drain_end 1 0
1615113212164258 126273847801536 subm_beg 1 0
1615113215606802 126273847801536 subm_end 1 0
1615113215607332 126273847801536 pump_beg 1 0
1615113233350911 126273847801536 pump_end 1 2
1615113235202033 126273847801536 coll_beg 0 0
1615113243264817 126273847801536 coll_end 0 0
1615113245903540 126273847801536 emit_beg 124 0
1615113251638819 126273847801536 emit_end 124 0
1615113251642519 126273847801536 drain_beg 0 0
1615113251643039 126273847801536 drain_end 1 0
1615113251643569 126273847801536 subm_beg 1 0
1615113254950968 126273847801536 subm_end 1 0
1615113254951938 126273847801536 pump_beg 1 0
1615113272098378 126273847801536 pump_end 1 2
1615113273936911 126273847801536 coll_beg 0 0
1615113283404673 126273847801536 coll_end 0 0
1615113285362071 126273847801536 emit_beg 125 0
1615113291142049 126273847801536 emit_end 125 0
1615113291146409 126273847801536 drain_beg 0 0
1615113291147039 126273847801536 drain_end 1 0
1615113291147689 126273847801536 subm_beg 1 0
1615113294329382 126273847801536 subm_end 1 0
1615113294329672 126273847801536 pump_beg 1 0
1615113311127705 126273847801536 pump_end 1 2
1615113314073007 126273847801536 coll_beg 0 0
1615113322441560 126273847801536 coll_end 0 0
1615113324373779 126273847801536 emit_beg 126 0
1615113328198619 126273847801536 emit_end 126 0
1615113328202409 126273847801536 drain_beg 0 0
1615113328202809 126273847801536 drain_end 1 0
1615113328203289 126273847801536 subm_beg 1 0
1615113331872334 126273847801536 subm_end 1 0
1615113331872704 126273847801536 pump_beg 1 0
1615113348390138 126273847801536 pump_end 1 2
1615113351783633 126273847801536 coll_beg 0 0
1615113362420013 126273847801536 coll_end 0 0
1615113364449228 126273847801536 emit_beg 127 0
1615113370039603 126273847801536 emit_end 127 0
1615113370043333 126273847801536 drain_beg 0 0
1615113370043833 126273847801536 drain_end 1 0
1615113370044523 126273847801536 subm_beg 1 0
1615113373521185 126273847801536 subm_end 1 0
1615113373521505 126273847801536 pump_beg 1 0
1615113391024442 126273847801536 pump_end 1 2
1615113392849916 126273847801536 coll_beg 0 0
1615113403528873 126273847801536 coll_end 0 0
1615113406174726 126273847801536 emit_beg 128 0
1615113411948944 126273847801536 emit_end 128 0
1615113411952654 126273847801536 drain_beg 0 0
1615113411952984 126273847801536 drain_end 1 0
1615113411953354 126273847801536 subm_beg 1 0
1615113415205505 126273847801536 subm_end 1 0
1615113415205965 126273847801536 pump_beg 1 0
1615113431175049 126273847801536 pump_end 1 2
1615113433022131 126273847801536 coll_beg 0 0
1615113444377084 126273847801536 coll_end 0 0
1615113446522355 126273847801536 emit_beg 129 0
1615113452229776 126273847801536 emit_end 129 0
1615113452234295 126273847801536 drain_beg 0 0
1615113452235015 126273847801536 drain_end 1 0
1615113452235675 126273847801536 subm_beg 1 0
1615113455558684 126273847801536 subm_end 1 0
1615113455559104 126273847801536 pump_beg 1 0
1615113471915613 126273847801536 pump_end 1 2
1615113473675019 126273847801536 coll_beg 0 0
1615113484771191 126273847801536 coll_end 0 0
1615113486906713 126273847801536 emit_beg 130 0
1615113492289705 126273847801536 emit_end 130 0
1615113492292995 126273847801536 drain_beg 0 0
1615113492293465 126273847801536 drain_end 1 0
1615113492294065 126273847801536 subm_beg 1 0
1615113495523277 126273847801536 subm_end 1 0
1615113495523677 126273847801536 pump_beg 1 0
1615113512262672 126273847801536 pump_end 1 2
1615113514947404 126273847801536 coll_beg 0 0
1615113526209770 126273847801536 coll_end 0 0
1615113528462647 126273847801536 emit_beg 131 0
1615113534133589 126273847801536 emit_end 131 0
1615113534136109 126273847801536 drain_beg 0 0
1615113534136549 126273847801536 drain_end 1 0
1615113534137039 126273847801536 subm_beg 1 0
1615113537462097 126273847801536 subm_end 1 0
1615113537462467 126273847801536 pump_beg 1 0
1615113554291399 126273847801536 pump_end 1 2
1615113556564466 126273847801536 coll_beg 0 0
1615113564960858 126273847801536 coll_end 0 0
1615113567680788 126273847801536 emit_beg 132 0
1615113572974033 126273847801536 emit_end 132 0
1615113572978043 126273847801536 drain_beg 0 0
1615113572978473 126273847801536 drain_end 1 0
1615113572978893 126273847801536 subm_beg 1 0
1615113576238414 126273847801536 subm_end 1 0
1615113576238904 126273847801536 pump_beg 1 0
1615113593303377 126273847801536 pump_end 1 2
1615113595017964 126273847801536 coll_beg 0 0
1615113604456628 126273847801536 coll_end 0 0
1615113606197304 126273847801536 emit_beg 133 0
1615113611439391 126273847801536 emit_end 133 0
1615113611443281 126273847801536 drain_beg 0 0
1615113611443651 126273847801536 drain_end 1 0
1615113611444401 126273847801536 subm_beg 1 0
1615113614711781 126273847801536 subm_end 1 0
1615113614712271 126273847801536 pump_beg 1 0
1615113632460500 126273847801536 pump_end 1 2
1615113634917400 126273847801536 coll_beg 0 0
1615113643491005 126273847801536 coll_end 0 0
1615113646177046 126273847801536 emit_beg 134 0
1615113651616476 126273847801536 emit_end 134 0
1615113651620626 126273847801536 drain_beg 0 0
1615113651621086 126273847801536 drain_end 1 0
1615113651621526 126273847801536 subm_beg 1 0
1615113654776181 126273847801536 subm_end 1 0
1615113654776591 126273847801536 pump_beg 1 0
1615113671136540 126273847801536 pump_end 1 2
1615113672979852 126273847801536 coll_beg 0 0
1615113682290570 126273847801536 coll_end 0 0
1615113684180641 126273847801536 emit_beg 135 0
1615113689398619 126273847801536 emit_end 135 0
1615113689402759 126273847801536 drain_beg 0 0
1615113689403529 126273847801536 drain_end 1 0
1615113689404219 126273847801536 subm_beg 1 0
1615113692601972 126273847801536 subm_end 1 0
1615113692602292 126273847801536 pump_beg 1 0
1615113708802087 126273847801536 pump_end 1 2
1615113711343974 126273847801536 coll_beg 0 0
1615113720561656 126273847801536 coll_end 0 0
1615113722851762 126273847801536 emit_beg 136 0
1615113728214835 126273847801536 emit_end 136 0
1615113728219134 126273847801536 drain_beg 0 0
1615113728219664 126273847801536 drain_end 1 0
1615113728220214 126273847801536 subm_beg 1 0
1615113731331220 126273847801536 subm_end 1 0
1615113731331650 126273847801536 pump_beg 1 0
1615113747233116 126273847801536 pump_end 1 2
1615113750048163 126273847801536 coll_beg 0 0
1615113757084395 126273847801536 coll_end 0 0
1615113758834811 126273847801536 emit_beg 137 0
1615113764123556 126273847801536 emit_end 137 0
1615113764127076 126273847801536 drain_beg 0 0
1615113764127326 126273847801536 drain_end 1 0
1615113764127726 126273847801536 subm_beg 1 0
1615113767291330 126273847801536 subm_end 1 0
1615113767291820 126273847801536 pump_beg 1 0
1615113784358414 126273847801536 pump_end 1 2
1615113787167251 126273847801536 coll_beg 0 0
1615113794672835 126273847801536 coll_end 0 0
1615113796841425 126273847801536 emit_beg 138 0
1615113802135921 126273847801536 emit_end 138 0
1615113802138991 126273847801536 drain_beg 0 0
1615113802139461 126273847801536 drain_end 1 0
1615113802139821 126273847801536 subm_beg 1 0
1615113805308725 126273847801536 subm_end 1 0
1615113805309425 126273847801536 pump_beg 1 0
1615113823137660 126273847801536 pump_end 1 2
1615113826326153 126273847801536 coll_beg 0 0
1615113834318080 126273847801536 coll_end 0 0
1615113836364285 126273847801536 emit_beg 139 0
1615113841742417 126273847801536 emit_end 139 0
1615113841747087 126273847801536 drain_beg 0 0
1615113841747857 126273847801536 drain_end 1 0
1615113841748627 126273847801536 subm_beg 1 0
1615113844852383 126273847801536 subm_end 1 0
1615113844852883 126273847801536 pump_beg 1 0
1615113862250144 126273847801536 pump_end 1 2
1615113864003240 126273847801536 coll_beg 0 0
1615113871687838 126273847801536 coll_end 0 0
1615113873440753 126273847801536 emit_beg 140 0
1615113878878584 126273847801536 emit_end 140 0
1615113878882814 126273847801536 drain_beg 0 0
1615113878883334 126273847801536 drain_end 1 0
1615113878883984 126273847801536 subm_beg 1 0
1615113882045288 126273847801536 subm_end 1 0
1615113882045938 126273847801536 pump_beg 1 0
1615113900483291 126273847801536 pump_end 1 2
1615113903190771 126273847801536 coll_beg 0 0
1615113911922551 126273847801536 coll_end 0 0
1615113913683946 126273847801536 emit_beg 141 0
1615113918971692 126273847801536 emit_end 141 0
1615113918975742 126273847801536 drain_beg 0 0
1615113918982692 126273847801536 drain_end 1 0
1615113918983432 126273847801536 subm_beg 1 0
1615113922231653 126273847801536 subm_end 1 0
1615113922231913 126273847801536 pump_beg 1 0
1615113939230829 126273847801536 pump_end 1 2
1615113942036036 126273847801536 coll_beg 0 0
1615113954082833 126273847801536 coll_end 0 0
1615113956194226 126273847801536 emit_beg 142 0
1615113961627446 126273847801536 emit_end 142 0
1615113961631696 126273847801536 drain_beg 0 0
1615113961632266 126273847801536 drain_end 1 0
1615113961632686 126273847801536 subm_beg 1 0
1615113965111948 126273847801536 subm_end 1 0
1615113965113268 126273847801536 pump_beg 1 0
1615113983925888 126273847801536 pump_end 1 2
1615113985743931 126273847801536 coll_beg 0 0
1615113995762103 126273847801536 coll_end 0 0
1615113998762153 126273847801536 emit_beg 143 0
1615114004601919 126273847801536 emit_end 143 0
1615114004607369 126273847801536 drain_beg 0 0
1615114004607919 126273847801536 drain_end 1 0
1615114004608909 126273847801536 subm_beg 1 0
1615114007818321 126273847801536 subm_end 1 0
1615114007818601 126273847801536 pump_beg 1 0
1615114024975231 126273847801536 pump_end 1 2
1615114028457503 126273847801536 coll_beg 0 0
1615114037257620 126273847801536 coll_end 0 0
1615114039107882 126273847801536 emit_beg 144 0
1615114044611450 126273847801536 emit_end 144 0
1615114044616110 126273847801536 drain_beg 0 0
1615114044616590 126273847801536 drain_end 1 0
1615114044617130 126273847801536 subm_beg 1 0
1615114048033684 126273847801536 subm_end 1 0
1615114048034704 126273847801536 pump_beg 1 0
1615114065186215 126273847801536 pump_end 1 2
1615114067152003 126273847801536 coll_beg 0 0
1615114074890508 126273847801536 coll_end 0 0
1615114076765020 126273847801536 emit_beg 145 0
1615114082414622 126273847801536 emit_end 145 0
1615114082418712 126273847801536 drain_beg 0 0
1615114082419372 126273847801536 drain_end 1 0
1615114082419752 126273847801536 subm_beg 1 0
1615114085874515 126273847801536 subm_end 1 0
1615114085875785 126273847801536 pump_beg 1 0
1615114102221175 126273847801536 pump_end 1 2
1615114104121176 126273847801536 coll_beg 0 0
1615114114676728 126273847801536 coll_end 0 0
1615114117424997 126273847801536 emit_beg 146 0
1615114122957254 126273847801536 emit_end 146 0
1615114122960704 126273847801536 drain_beg 0 0
1615114122961164 126273847801536 drain_end 1 0
1615114122961424 126273847801536 subm_beg 1 0
1615114126406297 126273847801536 subm_end 1 0
1615114126406647 126273847801536 pump_beg 1 0
1615114142898822 126273847801536 pump_end 1 2
1615114145834524 126273847801536 coll_beg 0 0
1615114152849257 126273847801536 coll_end 0 0
1615114154772536 126273847801536 emit_beg 147 0
1615114160602412 126273847801536 emit_end 147 0
1615114160606262 126273847801536 drain_beg 0 0
1615114160606772 126273847801536 drain_end 1 0
1615114160607482 126273847801536 subm_beg 1 0
1615114164072855 126273847801536 subm_end 1 0
1615114164073215 126273847801536 pump_beg 1 0
1615114180207603 126273847801536 pump_end 1 2
1615114182053995 126273847801536 coll_beg 0 0
1615114189206782 126273847801536 coll_end 0 0
1615114191069714 126273847801536 emit_beg 148 0
1615114197100712 126273847801536 emit_end 148 0
1615114197104442 126273847801536 drain_beg 0 0
1615114197104852 126273847801536 drain_end 1 0
1615114197105182 126273847801536 subm_beg 1 0
1615114200551216 126273847801536 subm_end 1 0
1615114200551616 126273847801536 pump_beg 1 0
1615114219145503 126273847801536 pump_end 1 2
1615114221695400 126273847801536 coll_beg 0 0
1615114228479600 126273847801536 coll_end 0 0
1615114231352315 126273847801536 emit_beg 149 0
1615114238473414 126273847801536 emit_end 149 0
1615114238477824 126273847801536 drain_beg 0 0
1615114238478363 126273847801536 drain_end 1 0
1615114238478903 126273847801536 subm_beg 1 0
1615114242017824 126273847801536 subm_end 1 0
1615114242019023 126273847801536 pump_beg 1 0
1615114258720030 126273847801536 pump_end 1 2
1615114260795224 126273847801536 coll_beg 0 0
1615114269553283 126273847801536 coll_end 0 0
1615114272136208 126273847801536 emit_beg 150 0
1615114277701804 126273847801536 emit_end 150 0
1615114277705693 126273847801536 drain_beg 0 0
1615114277706163 126273847801536 drain_end 1 0
1615114277706883 126273847801536 subm_beg 1 0
1615114281150487 126273847801536 subm_end 1 0
1615114281151397 126273847801536 pump_beg 1 0
1615114298631625 126273847801536 pump_end 1 2
1615114301295878 126273847801536 coll_beg 0 0
1615114308425116 126273847801536 coll_end 0 0
1615114310320456 126273847801536 emit_beg 151 0
1615114315897681 126273847801536 emit_end 151 0
1615114315902201 126273847801536 drain_beg 0 0
1615114315902891 126273847801536 drain_end 1 0
1615114315903631 126273847801536 subm_beg 1 0
1615114319120923 126273847801536 subm_end 1 0
1615114319122003 126273847801536 pump_beg 1 0
1615114335120416 126273847801536 pump_end 1 2
1615114336927069 126273847801536 coll_beg 0 0
1615114344717324 126273847801536 coll_end 0 0
1615114346588695 126273847801536 emit_beg 152 0
1615114352039685 126273847801536 emit_end 152 0
1615114352044005 126273847801536 drain_beg 0 0
1615114352044634 126273847801536 drain_end 1 0
1615114352045174 126273847801536 subm_beg 1 0
1615114355427430 126273847801536 subm_end 1 0
1615114355427840 126273847801536 pump_beg 1 0
1615114372276872 126273847801536 pump_end 1 2
1615114374152123 126273847801536 coll_beg 0 0
1615114383264189 126273847801536 coll_end 0 0
1615114385186648 126273847801536 emit_beg 153 0
1615114390720725 126273847801536 emit_end 153 0
1615114390724055 126273847801536 drain_beg 0 0
1615114390724425 126273847801536 drain_end 1 0
1615114390724835 126273847801536 subm_beg 1 0
1615114394133439 126273847801536 subm_end 1 0
1615114394133849 126273847801536 pump_beg 1 0
1615114412406299 126273847801536 pump_end 1 2
1615114414298289 126273847801536 coll_beg 0 0
1615114422915413 126273847801536 coll_end 0 0
1615114425615804 126273847801536 emit_beg 154 0
1615114431390942 126273847801536 emit_end 154 0
1615114431394732 126273847801536 drain_beg 0 0
1615114431395292 126273847801536 drain_end 1 0
1615114431396072 126273847801536 subm_beg 1 0
1615114434521677 126273847801536 subm_end 1 0
1615114434522167 126273847801536 pump_beg 1 0
1615114452964420 126273847801536 pump_end 1 2
1615114455295394 126273847801536 coll_beg 0 0
1615114464372161 126273847801536 coll_end 0 0
1615114466114057 126273847801536 emit_beg 155 0
1615114471445771 126273847801536 emit_end 155 0
1615114471452871 126273847801536 drain_beg 0 0
1615114471453301 126273847801536 drain_end 1 0
1615114471454111 126273847801536 subm_beg 1 0
1615114474677573 126273847801536 subm_end 1 0
1615114474678083 126273847801536 pump_beg 1 0
1615114491999967 126273847801536 pump_end 1 2
1615114493838049 126273847801536 coll_beg 0 0
1615114501727420 126273847801536 coll_end 0 0
1615114503437267 126273847801536 emit_beg 156 0
1615114508708804 126273847801536 emit_end 156 0
1615114508713233 126273847801536 drain_beg 0 0
1615114508713683 126273847801536 drain_end 1 0
1615114508714133 126273847801536 subm_beg 1 0
1615114511957134 126273847801536 subm_end 1 0
1615114511957754 126273847801536 pump_beg 1 0
1615114529458672 126273847801536 pump_end 1 2
1615114532247309 126273847801536 coll_beg 0 0
1615114539352719 126273847801536 coll_end 0 0
1615114541182892 126273847801536 emit_beg 157 0
1615114546342672 126273847801536 emit_end 157 0
1615114546346222 126273847801536 drain_beg 0 0
1615114546346632 126273847801536 drain_end 1 0
1615114546347332 126273847801536 subm_beg 1 0
1615114549580843 126273847801536 subm_end 1 0
1615114549581253 126273847801536 pump_beg 1 0
1615114567056992 126273847801536 pump_end 1 2
1615114570022063 126273847801536 coll_beg 0 0
1615114580365823 126273847801536 coll_end 0 0
1615114582667379 126273847801536 emit_beg 158 0
1615114587966114 126273847801536 emit_end 158 0
1615114587969984 126273847801536 drain_beg 0 0
1615114587970664 126273847801536 drain_end 1 0
1615114587971454 126273847801536 subm_beg 1 0
1615114591291272 126273847801536 subm_end 1 0
1615114591292432 126273847801536 pump_beg 1 0
1615114609832461 126273847801536 pump_end 1 2
1615114617728891 126273847801536 coll_beg 0 0
1615114625602953 126273847801536 coll_end 0 0
1615114631776086 126273847801536 emit_beg 159 0
1615114643489136 126273847801536 emit_end 159 0
1615114643494846 126273847801536 drain_beg 0 0
1615114643495806 126273847801536 drain_end 1 0
1615114643496936 126273847801536 subm_beg 1 0
1615114653043305 126273847801536 subm_end 1 0
1615114653043875 126273847801536 pump_beg 1 0
1615114669246860 126273847801536 pump_end 1 2
1615114671773228 126273847801536 coll_beg 0 0
1615114678567858 126273847801536 coll_end 0 0
1615114683505667 126273847801536 emit_beg 160 0
1615114694503893 126273847801536 emit_end 160 0
1615114694509313 126273847801536 drain_beg 0 0
1615114694510563 126273847801536 drain_end 1 0
1615114694511263 126273847801536 subm_beg 1 0
1615114696849347 126273847801536 subm_end 1 0
1615114696849707 126273847801536 pump_beg 1 0
1615114714266688 126273847801536 pump_end 1 2
1615114719799065 126273847801536 coll_beg 0 0
1615114727675166 126273847801536 coll_end 0 0
1615114730737083 126273847801536 emit_beg 161 0
1615114740449037 126273847801536 emit_end 161 0
1615114740452756 126273847801536 drain_beg 0 0
1615114740453046 126273847801536 drain_end 1 0
1615114740453696 126273847801536 subm_beg 1 0
1615114746381219 126273847801536 subm_end 1 0
1615114746381799 126273847801536 pump_beg 1 0
1615114766640125 126273847801536 pump_end 1 2
1615114772854367 126273847801536 coll_beg 0 0
1615114781360815 126273847801536 coll_end 0 0
1615114784531918 126273847801536 emit_beg 162 0
1615114791984515 126273847801536 emit_end 162 0
1615114791989125 126273847801536 drain_beg 0 0
1615114791989905 126273847801536 drain_end 1 0
1615114791990565 126273847801536 subm_beg 1 0
1615114796464550 126273847801536 subm_end 1 0
1615114796465480 126273847801536 pump_beg 1 0
1615114814168000 126273847801536 pump_end 1 2
1615114817626363 126273847801536 coll_beg 0 0
1615114828522204 126273847801536 coll_end 0 0
1615114831582161 126273847801536 emit_beg 163 0
1615114839239200 126273847801536 emit_end 163 0
1615114839243240 126273847801536 drain_beg 0 0
1615114839243930 126273847801536 drain_end 1 0
1615114839244520 126273847801536 subm_beg 1 0
1615114843441516 126273847801536 subm_end 1 0
1615114843442796 126273847801536 pump_beg 1 0
1615114863161592 126273847801536 pump_end 1 2
1615114868202857 126273847801536 coll_beg 0 0
1615114876226532 126273847801536 coll_end 0 0
1615114878652243 126273847801536 emit_beg 164 0
1615114883290853 126273847801536 emit_end 164 0
1615114883294423 126273847801536 drain_beg 0 0
1615114883294993 126273847801536 drain_end 1 0
1615114883295683 126273847801536 subm_beg 1 0
1615114887966671 126273847801536 subm_end 1 0
1615114887967011 126273847801536 pump_beg 1 0
1615114905426111 126273847801536 pump_end 1 2
1615114911688421 126273847801536 coll_beg 0 0
1615114919940828 126273847801536 coll_end 0 0
1615114925064140 126273847801536 emit_beg 165 0
1615114935654551 126273847801536 emit_end 165 0
1615114935659311 126273847801536 drain_beg 0 0
1615114935659901 126273847801536 drain_end 1 0
1615114935660651 126273847801536 subm_beg 1 0
1615114939633905 126273847801536 subm_end 1 0
1615114939634995 126273847801536 pump_beg 1 0
1615114956628831 126273847801536 pump_end 1 2
1615114959900111 126273847801536 coll_beg 0 0
1615114967339918 126273847801536 coll_end 0 0
1615114969211219 126273847801536 emit_beg 166 0
1615114974762895 126273847801536 emit_end 166 0
1615114974766195 126273847801536 drain_beg 0 0
1615114974766725 126273847801536 drain_end 1 0
1615114974767135 126273847801536 subm_beg 1 0
1615114978158590 126273847801536 subm_end 1 0
1615114978159570 126273847801536 pump_beg 1 0
1615114995419447 126273847801536 pump_end 1 2
1615114999020965 126273847801536 coll_beg 0 0
1615115005996309 126273847801536 coll_end 0 0
1615115007900209 126273847801536 emit_beg 167 0
1615115013386797 126273847801536 emit_end 167 0
1615115013389447 126273847801536 drain_beg 0 0
1615115013389897 126273847801536 drain_end 1 0
1615115013390177 126273847801536 subm_beg 1 0
1615115016857480 126273847801536 subm_end 1 0
1615115016858060 126273847801536 pump_beg 1 0
1615115034340708 126273847801536 pump_end 1 2
1615115037714644 126273847801536 coll_beg 0 0
1615115045529697 126273847801536 coll_end 0 0
1615115047797574 126273847801536 emit_beg 168 0
1615115053405828 126273847801536 emit_end 168 0
1615115053409038 126273847801536 drain_beg 0 0
1615115053409408 126273847801536 drain_end 1 0
1615115053410048 126273847801536 subm_beg 1 0
1615115056831023 126273847801536 subm_end 1 0
1615115056831543 126273847801536 pump_beg 1 0
1615115075280995 126273847801536 pump_end 1 2
1615115077087299 126273847801536 coll_beg 0 0
1615115085628476 126273847801536 coll_end 0 0
1615115087602353 126273847801536 emit_beg 169 0
1615115093229726 126273847801536 emit_end 169 0
1615115093233906 126273847801536 drain_beg 0 0
1615115093234526 126273847801536 drain_end 1 0
1615115093235856 126273847801536 subm_beg 1 0
1615115096487387 126273847801536 subm_end 1 0
1615115096488117 126273847801536 pump_beg 1 0
1615115115497989 126273847801536 pump_end 1 2
1615115118548797 126273847801536 coll_beg 0 0
1615115127012936 126273847801536 coll_end 0 0
1615115130017856 126273847801536 emit_beg 170 0
1615115135411408 126273847801536 emit_end 170 0
1615115135414998 126273847801536 drain_beg 0 0
1615115135415638 126273847801536 drain_end 1 0
1615115135415918 126273847801536 subm_beg 1 0
1615115138615090 126273847801536 subm_end 1 0
1615115138615950 126273847801536 pump_beg 1 0
1615115155289588 126273847801536 pump_end 1 2
1615115157079713 126273847801536 coll_beg 0 0
1615115164913025 126273847801536 coll_end 0 0
1615115166733048 126273847801536 emit_beg 171 0
1615115172040444 126273847801536 emit_end 171 0
1615115172044163 126273847801536 drain_beg 0 0
1615115172044503 126273847801536 drain_end 1 0
1615115172044853 126273847801536 subm_beg 1 0
1615115175346812 126273847801536 subm_end 1 0
1615115175347162 126273847801536 pump_beg 1 0
1615115191766209 126273847801536 pump_end 1 2
1615115193601852 126273847801536 coll_beg 0 0
1615115200897124 126273847801536 coll_end 0 0
1615115202685278 126273847801536 emit_beg 172 0
1615115208132369 126273847801536 emit_end 172 0
1615115208135778 126273847801536 drain_beg 0 0
1615115208136218 126273847801536 drain_end 1 0
1615115208136858 126273847801536 subm_beg 1 0
1615115211303122 126273847801536 subm_end 1 0
1615115211303602 126273847801536 pump_beg 1 0
1615115228427313 126273847801536 pump_end 1 2
1615115230823806 126273847801536 coll_beg 0 0
1615115239029714 126273847801536 coll_end 0 0
1615115241486664 126273847801536 emit_beg 173 0
1615115246611676 126273847801536 emit_end 173 0
1615115246615626 126273847801536 drain_beg 0 0
1615115246616026 126273847801536 drain_end 1 0
1615115246616556 126273847801536 subm_beg 1 0
1615115249922244 126273847801536 subm_end 1 0
1615115249922654 126273847801536 pump_beg 1 0
1615115266986468 126273847801536 pump_end 1 2
1615115270240519 126273847801536 coll_beg 0 0
1615115278271894 126273847801536 coll_end 0 0
1615115280942066 126273847801536 emit_beg 174 0
1615115286514911 126273847801536 emit_end 174 0
1615115286518901 126273847801536 drain_beg 0 0
1615115286519331 126273847801536 drain_end 1 0
1615115286519951 126273847801536 subm_beg 1 0
1615115289605428 126273847801536 subm_end 1 0
1615115289605828 126273847801536 pump_beg 1 0
1615115307167953 126273847801536 pump_end 1 2
1615115309914362 126273847801536 coll_beg 0 0
1615115317725986 126273847801536 coll_end 0 0
1615115320487574 126273847801536 emit_beg 175 0
1615115325954134 126273847801536 emit_end 175 0
1615115325958153 126273847801536 drain_beg 0 0
1615115325958623 126273847801536 drain_end 1 0
1615115325959833 126273847801536 subm_beg 1 0
1615115329211704 126273847801536 subm_end 1 0
1615115329211974 126273847801536 pump_beg 1 0
1615115346418502 126273847801536 pump_end 1 2
1615115349194250 126273847801536 coll_beg 0 0
1615115356814101 126273847801536 coll_end 0 0
1615115358697222 126273847801536 emit_beg 176 0
1615115364096713 126273847801536 emit_end 176 0
1615115364099803 126273847801536 drain_beg 0 0
1615115364100113 126273847801536 drain_end 1 0
1615115364100733 126273847801536 subm_beg 1 0
1615115367354574 126273847801536 subm_end 1 0
1615115367355174 126273847801536 pump_beg 1 0
1615115384881090 126273847801536 pump_end 1 2
1615115387772374 126273847801536 coll_beg 0 0
1615115395105255 126273847801536 coll_end 0 0
1615115396930028 126273847801536 emit_beg 177 0
1615115402396607 126273847801536 emit_end 177 0
1615115402400907 126273847801536 drain_beg 0 0
1615115402401297 126273847801536 drain_end 1 0
1615115402401877 126273847801536 subm_beg 1 0
1615115405672377 126273847801536 subm_end 1 0
1615115405673047 126273847801536 pump_beg 1 0
1615115422275487 126273847801536 pump_end 1 2
1615115425159752 126273847801536 coll_beg 0 0
1615115432924387 126273847801536 coll_end 0 0
1615115435827790 126273847801536 emit_beg 178 0
1615115441002170 126273847801536 emit_end 178 0
1615115441005610 126273847801536 drain_beg 0 0
1615115441005950 126273847801536 drain_end 1 0
1615115441006440 126273847801536 subm_beg 1 0
1615115444358057 126273847801536 subm_end 1 0
1615115444358407 126273847801536 pump_beg 1 0
1615115461810076 126273847801536 pump_end 1 2
1615115463985926 126273847801536 coll_beg 0 0
1615115471637675 126273847801536 coll_end 0 0
1615115474551479 126273847801536 emit_beg 179 0
1615115479911812 126273847801536 emit_end 179 0
1615115479916172 126273847801536 drain_beg 0 0
1615115479916632 126273847801536 drain_end 1 0
1615115479917091 126273847801536 subm_beg 1 0
1615115483138203 126273847801536 subm_end 1 0
1615115483138723 126273847801536 pump_beg 1 0
1615115501163382 126273847801536 pump_end 1 2
1615115503164528 126273847801536 coll_beg 0 0
1615115511053889 126273847801536 coll_end 0 0
1615115513543577 126273847801536 emit_beg 180 0
1615115518841493 126273847801536 emit_end 180 0
1615115518845303 126273847801536 drain_beg 0 0
1615115518845823 126273847801536 drain_end 1 0
1615115518846303 126273847801536 subm_beg 1 0
1615115522098923 126273847801536 subm_end 1 0
1615115522099583 126273847801536 pump_beg 1 0
1615115539810773 126273847801536 pump_end 1 2
1615115542226394 126273847801536 coll_beg 0 0
1615115549694200 126273847801536 coll_end 0 0
1615115551470365 126273847801536 emit_beg 181 0
1615115556702293 126273847801536 emit_end 181 0
1615115556706653 126273847801536 drain_beg 0 0
1615115556706983 126273847801536 drain_end 1 0
1615115556707403 126273847801536 subm_beg 1 0
1615115559824238 126273847801536 subm_end 1 0
1615115559824778 126273847801536 pump_beg 1 0
1615115577725271 126273847801536 pump_end 1 2
1615115579670690 126273847801536 coll_beg 0 0
1615115587805441 126273847801536 coll_end 0 0
1615115590201983 126273847801536 emit_beg 182 0
1615115595534897 126273847801536 emit_end 182 0
1615115595538367 126273847801536 drain_beg 0 0
1615115595538817 126273847801536 drain_end 1 0
1615115595539847 126273847801536 subm_beg 1 0
1615115598787868 126273847801536 subm_end 1 0
1615115598788348 126273847801536 pump_beg 1 0
1615115617099616 126273847801536 pump_end 1 2
1615115619880014 126273847801536 coll_beg 0 0
1615115630890739 126273847801536 coll_end 0 0
1615115633237143 126273847801536 emit_beg 183 0
1615115638717142 126273847801536 emit_end 183 0
1615115638721982 126273847801536 drain_beg 0 0
1615115638722622 126273847801536 drain_end 1 0
1615115638723512 126273847801536 subm_beg 1 0
1615115641982632 126273847801536 subm_end 1 0
1615115641983102 126273847801536 pump_beg 1 0
1615115658388440 126273847801536 pump_end 1 2
1615115660653447 126273847801536 coll_beg 0 0
1615115667962629 126273847801536 coll_end 0 0
1615115670166138 126273847801536 emit_beg 184 0
1615115675547820 126273847801536 emit_end 184 0
1615115675551590 126273847801536 drain_beg 0 0
1615115675552030 126273847801536 drain_end 1 0
1615115675552520 126273847801536 subm_beg 1 0
1615115678866378 126273847801536 subm_end 1 0
1615115678866868 126273847801536 pump_beg 1 0
1615115694643289 126273847801536 pump_end 1 2
1615115696478372 126273847801536 coll_beg 0 0
1615115708171473 126273847801536 coll_end 0 0
1615115710458389 126273847801536 emit_beg 185 0
1615115714198251 126273847801536 emit_end 185 0
1615115714202581 126273847801536 drain_beg 0 0
1615115714211191 126273847801536 drain_end 1 0
1615115714211911 126273847801536 subm_beg 1 0
1615115717591677 126273847801536 subm_end 1 0
1615115717592087 126273847801536 pump_beg 1 0
1615115734154529 126273847801536 pump_end 1 2
1615115737602402 126273847801536 coll_beg 0 0
1615115751394486 126273847801536 coll_end 0 0
1615115753500839 126273847801536 emit_beg 186 0
1615115757162434 126273847801536 emit_end 186 0
1615115757166054 126273847801536 drain_beg 0 0
1615115757166744 126273847801536 drain_end 1 0
1615115757167294 126273847801536 subm_beg 1 0
1615115760464223 126273847801536 subm_end 1 0
1615115760464583 126273847801536 pump_beg 1 0
1615115776347380 126273847801536 pump_end 1 2
1615115779146037 126273847801536 coll_beg 0 0
1615115790695593 126273847801536 coll_end 0 0
1615115792532716 126273847801536 emit_beg 187 0
1615115796500530 126273847801536 emit_end 187 0
1615115796509970 126273847801536 drain_beg 0 0
1615115796511250 126273847801536 drain_end 1 0
1615115796512370 126273847801536 subm_beg 1 0
1615115799619736 126273847801536 subm_end 1 0
1615115799621146 126273847801536 pump_beg 1 0
1615115816058052 126273847801536 pump_end 1 2
1615115818250732 126273847801536 coll_beg 0 0
1615115829053195 126273847801536 coll_end 0 0
1615115830893648 126273847801536 emit_beg 188 0
1615115836439804 126273847801536 emit_end 188 0
1615115836443594 126273847801536 drain_beg 0 0
1615115836443994 126273847801536 drain_end 1 0
1615115836444384 126273847801536 subm_beg 1 0
1615115839719584 126273847801536 subm_end 1 0
1615115839720044 126273847801536 pump_beg 1 0
1615115856511517 126273847801536 pump_end 1 2
1615115858750785 126273847801536 coll_beg 0 0
1615115869003759 126273847801536 coll_end 0 0
1615115871902922 126273847801536 emit_beg 189 0
1615115875499880 126273847801536 emit_end 189 0
1615115875503180 126273847801536 drain_beg 0 0
1615115875503620 126273847801536 drain_end 1 0
1615115875504120 126273847801536 subm_beg 1 0
1615115878725292 126273847801536 subm_end 1 0
1615115878725712 126273847801536 pump_beg 1 0
1615115895978568 126273847801536 pump_end 1 2
1615115899255948 126273847801536 coll_beg 0 0
1615115911256758 126273847801536 coll_end 0 0
1615115913238385 126273847801536 emit_beg 190 0
1615115918782561 126273847801536 emit_end 190 0
1615115918786371 126273847801536 drain_beg 0 0
1615115918786871 126273847801536 drain_end 1 0
1615115918787381 126273847801536 subm_beg 1 0
1615115922041412 126273847801536 subm_end 1 0
1615115922041912 126273847801536 pump_beg 1 0
1615115940502604 126273847801536 pump_end 1 2
1615115942397844 126273847801536 coll_beg 0 0
1615115956077002 126273847801536 coll_end 0 0
1615115958426506 126273847801536 emit_beg 191 0
1615115962183488 126273847801536 emit_end 191 0
1615115962187608 126273847801536 drain_beg 0 0
1615115962188198 126273847801536 drain_end 1 0
1615115962188998 126273847801536 subm_beg 1 0
1615115965569744 126273847801536 subm_end 1 0
1615115965570194 126273847801536 pump_beg 1 0
1615115984545517 126273847801536 pump_end 1 2
1615115986804014 126273847801536 coll_beg 0 0
1615116001252274 126273847801536 coll_end 0 0
1615116003060067 126273847801536 emit_beg 192 0
1615116008703020 126273847801536 emit_end 192 0
1615116008709130 126273847801536 drain_beg 0 0
1615116008709580 126273847801536 drain_end 1 0
1615116008710130 126273847801536 subm_beg 1 0
1615116011996950 126273847801536 subm_end 1 0
1615116011997789 126273847801536 pump_beg 1 0
1615116030082646 126273847801536 pump_end 1 2
1615116033270049 126273847801536 coll_beg 0 0
1615116046538341 126273847801536 coll_end 0 0
1615116048369994 126273847801536 emit_beg 193 0
1615116054086444 126273847801536 emit_end 193 0
1615116054092024 126273847801536 drain_beg 0 0
1615116054092744 126273847801536 drain_end 1 0
1615116054093864 126273847801536 subm_beg 1 0
1615116057476570 126273847801536 subm_end 1 0
1615116057478400 126273847801536 pump_beg 1 0
1615116073821670 126273847801536 pump_end 1 2
1615116079210612 126273847801536 coll_beg 0 0
1615116089128748 126273847801536 coll_end 0 0
1615116090882594 126273847801536 emit_beg 194 0
1615116094541229 126273847801536 emit_end 194 0
1615116094544639 126273847801536 drain_beg 0 0
1615116094545099 126273847801536 drain_end 1 0
1615116094545679 126273847801536 subm_beg 1 0
1615116097960554 126273847801536 subm_end 1 0
1615116097960974 126273847801536 pump_beg 1 0
1615116114097361 126273847801536 pump_end 1 2
1615116116703466 126273847801536 coll_beg 0 0
1615116124511109 126273847801536 coll_end 0 0
1615116126358401 126273847801536 emit_beg 195 0
1615116131766723 126273847801536 emit_end 195 0
1615116131769753 126273847801536 drain_beg 0 0
1615116131770113 126273847801536 drain_end 1 0
1615116131770683 126273847801536 subm_beg 1 0
1615116135271034 126273847801536 subm_end 1 0
1615116135271604 126273847801536 pump_beg 1 0
1615116150958258 126273847801536 pump_end 1 2
1615116152731983 126273847801536 coll_beg 0 0
1615116159964438 126273847801536 coll_end 0 0
1615116161818590 126273847801536 emit_beg 196 0
1615116167309218 126273847801536 emit_end 196 0
1615116167312098 126273847801536 drain_beg 0 0
1615116167312388 126273847801536 drain_end 1 0
1615116167312748 126273847801536 subm_beg 1 0
1615116170720113 126273847801536 subm_end 1 0
1615116170720423 126273847801536 pump_beg 1 0
1615116186450425 126273847801536 pump_end 1 2
1615116189990486 126273847801536 coll_beg 0 0
1615116197255579 126273847801536 coll_end 0 0
1615116199262755 126273847801536 emit_beg 197 0
1615116204655577 126273847801536 emit_end 197 0
1615116204659427 126273847801536 drain_beg 0 0
1615116204660017 126273847801536 drain_end 1 0
1615116204660517 126273847801536 subm_beg 1 0
1615116208060252 126273847801536 subm_end 1 0
1615116208060722 126273847801536 pump_beg 1 0
1615116224074704 126273847801536 pump_end 1 2
1615116227242428 126273847801536 coll_beg 0 0
1615116234242611 126273847801536 coll_end 0 0
1615116236210259 126273847801536 emit_beg 198 0
1615116241927339 126273847801536 emit_end 198 0
1615116241930649 126273847801536 drain_beg 0 0
1615116241931109 126273847801536 drain_end 1 0
1615116241931459 126273847801536 subm_beg 1 0
1615116245543306 126273847801536 subm_end 1 0
1615116245543826 126273847801536 pump_beg 1 0
1615116261580787 126273847801536 pump_end 1 2
1615116264359325 126273847801536 coll_beg 0 0
1615116272530986 126273847801536 coll_end 0 0
1615116274557791 126273847801536 emit_beg 199 0
1615116280049560 126273847801536 emit_end 199 0
1615116280052269 126273847801536 drain_beg 0 0
1615116280052759 126273847801536 drain_end 1 0
1615116280053049 126273847801536 subm_beg 1 0
1615116283452915 126273847801536 subm_end 1 0
1615116283453255 126273847801536 pump_beg 1 0
1615116300258058 126273847801536 pump_end 1 2
1615116302072371 126273847801536 coll_beg 0 0
1615116309118763 126273847801536 coll_end 0 0
1615116310967265 126273847801536 emit_beg 200 0
1615116316329478 126273847801536 emit_end 200 0
1615116316331868 126273847801536 drain_beg 0 0
1615116316332178 126273847801536 drain_end 1 0
1615116316332708 126273847801536 subm_beg 1 0
1615116319728563 126273847801536 subm_end 1 0
1615116319729363 126273847801536 pump_beg 1 0
1615116335685227 126273847801536 pump_end 1 2
1615116340144424 126273847801536 coll_beg 0 0
1615116348971930 126273847801536 coll_end 0 0
1615116369875052 126273847801536 emit_beg 201 0
1615116373878545 126273847801536 emit_end 201 0
1615116373881365 126273847801536 drain_beg 0 0
1615116373881695 126273847801536 drain_end 1 0
1615116373882025 126273847801536 subm_beg 1 0
1615116377554030 126273847801536 subm_end 1 0
1615116377554580 126273847801536 pump_beg 1 0
1615116394936822 126273847801536 pump_end 1 2
1615116397419851 126273847801536 coll_beg 0 0
1615116409061484 126273847801536 coll_end 0 0
1615116411044501 126273847801536 emit_beg 202 0
1615116416241770 126273847801536 emit_end 202 0
1615116416244640 126273847801536 drain_beg 0 0
1615116416245020 126273847801536 drain_end 1 0
1615116416245490 126273847801536 subm_beg 1 0
1615116419695413 126273847801536 subm_end 1 0
1615116419697393 126273847801536 pump_beg 1 0
1615116438829021 126273847801536 pump_end 1 2
1615116440627625 126273847801536 coll_beg 0 0
1615116450756133 126273847801536 coll_end 0 0
1615116454588752 126273847801536 emit_beg 203 0
1615116459933976 126273847801536 emit_end 203 0
1615116459937146 126273847801536 drain_beg 0 0
1615116459937566 126273847801536 drain_end 1 0
1615116459937926 126273847801536 subm_beg 1 0
1615116463177077 126273847801536 subm_end 1 0
1615116463177367 126273847801536 pump_beg 1 0
1615116480660165 126273847801536 pump_end 1 2
1615116482582455 126273847801536 coll_beg 0 0
1615116491053484 126273847801536 coll_end 0 0
1615116492764121 126273847801536 emit_beg 204 0
1615116497971000 126273847801536 emit_end 204 0
1615116497974160 126273847801536 drain_beg 0 0
1615116497974390 126273847801536 drain_end 1 0
1615116497974820 126273847801536 subm_beg 1 0
1615116501258509 126273847801536 subm_end 1 0
1615116501258889 126273847801536 pump_beg 1 0
1615116517695226 126273847801536 pump_end 1 2
1615116519506699 126273847801536 coll_beg 0 0
1615116527312753 126273847801536 coll_end 0 0
1615116529178304 126273847801536 emit_beg 205 0
1615116534519678 126273847801536 emit_end 205 0
1615116534523178 126273847801536 drain_beg 0 0
1615116534523568 126273847801536 drain_end 1 0
1615116534524148 126273847801536 subm_beg 1 0
1615116537747170 126273847801536 subm_end 1 0
1615116537747800 126273847801536 pump_beg 1 0
1615116554782344 126273847801536 pump_end 1 2
1615116557655479 126273847801536 coll_beg 0 0
1615116565472822 126273847801536 coll_end 0 0
1615116568319337 126273847801536 emit_beg 206 0
1615116573684851 126273847801536 emit_end 206 0
1615116573689020 126273847801536 drain_beg 0 0
1615116573689610 126273847801536 drain_end 1 0
1615116573690290 126273847801536 subm_beg 1 0
1615116576756538 126273847801536 subm_end 1 0
1615116576757158 126273847801536 pump_beg 1 0
1615116593883879 126273847801536 pump_end 1 2
1615116596827691 126273847801536 coll_beg 0 0
1615116604678833 126273847801536 coll_end 0 0
1615116607426972 126273847801536 emit_beg 207 0
1615116612974788 126273847801536 emit_end 207 0
1615116612978748 126273847801536 drain_beg 0 0
1615116612979368 126273847801536 drain_end 1 0
1615116612980108 126273847801536 subm_beg 1 0
1615116616544397 126273847801536 subm_end 1 0
1615116616545447 126273847801536 pump_beg 1 0
1615116632829639 126273847801536 pump_end 1 2
1615116634576155 126273847801536 coll_beg 0 0
1615116642073910 126273847801536 coll_end 0 0
1615116643849735 126273847801536 emit_beg 208 0
1615116649236007 126273847801536 emit_end 208 0
1615116649240377 126273847801536 drain_beg 0 0
1615116649240857 126273847801536 drain_end 1 0
1615116649241257 126273847801536 subm_beg 1 0
1615116652516327 126273847801536 subm_end 1 0
1615116652517287 126273847801536 pump_beg 1 0
1615116668849957 126273847801536 pump_end 1 2
1615116670763117 126273847801536 coll_beg 0 0
1615116678355568 126273847801536 coll_end 0 0
1615116680186711 126273847801536 emit_beg 209 0
1615116685559054 126273847801536 emit_end 209 0
1615116685563234 126273847801536 drain_beg 0 0
1615116685563664 126273847801536 drain_end 1 0
1615116685564054 126273847801536 subm_beg 1 0
1615116688871982 126273847801536 subm_end 1 0
1615116688872952 126273847801536 pump_beg 1 0
1615116705725853 126273847801536 pump_end 1 2
1615116707433881 126273847801536 coll_beg 0 0
1615116715268133 126273847801536 coll_end 0 0
1615116717078157 126273847801536 emit_beg 210 0
1615116722296055 126273847801536 emit_end 210 0
1615116722300085 126273847801536 drain_beg 0 0
1615116722300515 126273847801536 drain_end 1 0
1615116722301145 126273847801536 subm_beg 1 0
1615116725554515 126273847801536 subm_end 1 0
1615116725555525 126273847801536 pump_beg 1 0
1615116741800139 126273847801536 pump_end 1 2
1615116743535385 126273847801536 coll_beg 0 0
1615116751817762 126273847801536 coll_end 0 0
1615116753722162 126273847801536 emit_beg 211 0
1615116760618748 126273847801536 emit_end 211 0
1615116760622708 126273847801536 drain_beg 0 0
1615116760623208 126273847801536 drain_end 1 0
1615116760623628 126273847801536 subm_beg 1 0
1615116762361574 126273847801536 subm_end 1 0
1615116762374774 126273847801536 pump_beg 1 0
1615116779250824 126273847801536 pump_end 1 2
1615116781745283 126273847801536 coll_beg 0 0
1615116790710234 126273847801536 coll_end 0 0
1615116793109586 126273847801536 emit_beg 212 0
1615116798552916 126273847801536 emit_end 212 0
1615116798556796 126273847801536 drain_beg 0 0
1615116798557586 126273847801536 drain_end 1 0
1615116798558016 126273847801536 subm_beg 1 0
1615116801736259 126273847801536 subm_end 1 0
1615116801745639 126273847801536 pump_beg 1 0
1615116818181035 126273847801536 pump_end 1 2
1615116821368678 126273847801536 coll_beg 0 0
1615116832562417 126273847801536 coll_end 0 0
1615116836469424 126273847801536 emit_beg 213 0
1615116841909144 126273847801536 emit_end 213 0
1615116841914064 126273847801536 drain_beg 0 0
1615116841914894 126273847801536 drain_end 1 0
1615116841915644 126273847801536 subm_beg 1 0
1615116845123056 126273847801536 subm_end 1 0
1615116845123586 126273847801536 pump_beg 1 0
1615116861640830 126273847801536 pump_end 1 2
1615116864044092 126273847801536 coll_beg 0 0
1615116871605564 126273847801536 coll_end 0 0
1615116873528224 126273847801536 emit_beg 214 0
1615116879705827 126273847801536 emit_end 214 0
1615116879723376 126273847801536 drain_beg 0 0
1615116879725066 126273847801536 drain_end 1 0
1615116879726936 126273847801536 subm_beg 1 0
1615116882658348 126273847801536 subm_end 1 0
1615116882661618 126273847801536 pump_beg 1 0
1615116900172985 126273847801536 pump_end 1 2
1615116902180962 126273847801536 coll_beg 0 0
1615116911067675 126273847801536 coll_end 0 0
1615116913820425 126273847801536 emit_beg 215 0
1615116919488596 126273847801536 emit_end 215 0
1615116919493586 126273847801536 drain_beg 0 0
1615116919494236 126273847801536 drain_end 1 0
1615116919494746 126273847801536 subm_beg 1 0
1615116923113123 126273847801536 subm_end 1 0
1615116923113533 126273847801536 pump_beg 1 0
1615116939818360 126273847801536 pump_end 1 2
1615116941730690 126273847801536 coll_beg 0 0
1615116950157891 126273847801536 coll_end 0 0
1615116952282573 126273847801536 emit_beg 216 0
1615116957775321 126273847801536 emit_end 216 0
1615116957778571 126273847801536 drain_beg 0 0
1615116957779021 126273847801536 drain_end 1 0
1615116957779421 126273847801536 subm_beg 1 0
1615116961228904 126273847801536 subm_end 1 0
1615116961229304 126273847801536 pump_beg 1 0
1615116978959973 126273847801536 pump_end 1 2
1615116982043980 126273847801536 coll_beg 0 0
1615116989271705 126273847801536 coll_end 0 0
1615116991178545 126273847801536 emit_beg 217 0
1615116996679583 126273847801536 emit_end 217 0
1615116996683333 126273847801536 drain_beg 0 0
1615116996683743 126273847801536 drain_end 1 0
1615116996684223 126273847801536 subm_beg 1 0
1615117000463084 126273847801536 subm_end 1 0
1615117000463544 126273847801536 pump_beg 1 0
1615117017334055 126273847801536 pump_end 1 2
1615117019500115 126273847801536 coll_beg 0 0
1615117028972397 126273847801536 coll_end 0 0
1615117032319185 126273847801536 emit_beg 218 0
1615117038344593 126273847801536 emit_end 218 0
1615117038349933 126273847801536 drain_beg 0 0
1615117038350703 126273847801536 drain_end 1 0
1615117038351453 126273847801536 subm_beg 1 0
1615117041565505 126273847801536 subm_end 1 0
1615117041569345 126273847801536 pump_beg 1 0
1615117059480598 126273847801536 pump_end 1 2
1615117062566934 126273847801536 coll_beg 0 0
1615117070714245 126273847801536 coll_end 0 0
1615117072862026 126273847801536 emit_beg 219 0
1615117078597726 126273847801536 emit_end 219 0
1615117078601386 126273847801536 drain_beg 0 0
1615117078601776 126273847801536 drain_end 1 0
1615117078602056 126273847801536 subm_beg 1 0
1615117081866536 126273847801536 subm_end 1 0
1615117081866946 126273847801536 pump_beg 1 0
1615117099392642 126273847801536 pump_end 1 2
1615117102515698 126273847801536 coll_beg 0 0
1615117112905226 126273847801536 coll_end 0 0
1615117115073217 126273847801536 emit_beg 220 0
1615117118809670 126273847801536 emit_end 220 0
1615117118813979 126273847801536 drain_beg 0 0
1615117118814559 126273847801536 drain_end 1 0
1615117118821639 126273847801536 subm_beg 1 0
1615117122537413 126273847801536 subm_end 1 0
1615117122537773 126273847801536 pump_beg 1 0
1615117139461162 126273847801536 pump_end 1 2
1615117142265729 126273847801536 coll_beg 0 0
1615117150928710 126273847801536 coll_end 0 0
1615117153669070 126273847801536 emit_beg 221 0
1615117157464601 126273847801536 emit_end 221 0
1615117157468690 126273847801536 drain_beg 0 0
1615117157469140 126273847801536 drain_end 1 0
1615117157470130 126273847801536 subm_beg 1 0
1615117160931753 126273847801536 subm_end 1 0
1615117160932103 126273847801536 pump_beg 1 0
1615117177753486 126273847801536 pump_end 1 2
1615117179595098 126273847801536 coll_beg 0 0
1615117188721533 126273847801536 coll_end 0 0
1615117191254440 126273847801536 emit_beg 222 0
1615117198614760 126273847801536 emit_end 222 0
1615117198619480 126273847801536 drain_beg 0 0
1615117198620170 126273847801536 drain_end 1 0
1615117198620880 126273847801536 subm_beg 1 0
1615117201942708 126273847801536 subm_end 1 0
1615117201943188 126273847801536 pump_beg 1 0
1615117219227163 126273847801536 pump_end 1 2
1615117221137183 126273847801536 coll_beg 0 0
1615117228892718 126273847801536 coll_end 0 0
1615117230772539 126273847801536 emit_beg 223 0
1615117236410513 126273847801536 emit_end 223 0
1615117236414522 126273847801536 drain_beg 0 0
1615117236415112 126273847801536 drain_end 1 0
1615117236415742 126273847801536 subm_beg 1 0
1615117239887355 126273847801536 subm_end 1 0
1615117239888495 126273847801536 pump_beg 1 0
1615117257312695 126273847801536 pump_end 1 2
1615117259437537 126273847801536 coll_beg 0 0
1615117267268750 126273847801536 coll_end 0 0
1615117269194379 126273847801536 emit_beg 224 0
1615117273081136 126273847801536 emit_end 224 0
1615117273086236 126273847801536 drain_beg 0 0
1615117273086786 126273847801536 drain_end 1 0
1615117273087556 126273847801536 subm_beg 1 0
1615117276359356 126273847801536 subm_end 1 0
1615117276359656 126273847801536 pump_beg 1 0
1615117293279685 126273847801536 pump_end 1 2
1615117295829691 126273847801536 coll_beg 0 0
1615117303249059 126273847801536 coll_end 0 0
1615117305755947 126273847801536 emit_beg 225 0
1615117311628401 126273847801536 emit_end 225 0
1615117311634801 126273847801536 drain_beg 0 0
1615117311635671 126273847801536 drain_end 1 0
1615117311636501 126273847801536 subm_beg 1 0
1615117315044836 126273847801536 subm_end 1 0
1615117315045676 126273847801536 pump_beg 1 0
1615117332122099 126273847801536 pump_end 1 2
1615117333978131 126273847801536 coll_beg 0 0
1615117341354800 126273847801536 coll_end 0 0
1615117343106976 126273847801536 emit_beg 226 0
1615117346838839 126273847801536 emit_end 226 0
1615117346843449 126273847801536 drain_beg 0 0
1615117346844169 126273847801536 drain_end 1 0
1615117346844879 126273847801536 subm_beg 1 0
1615117350164587 126273847801536 subm_end 1 0
1615117350164997 126273847801536 pump_beg 1 0
1615117367208071 126273847801536 pump_end 1 2
1615117370377325 126273847801536 coll_beg 0 0
1615117377870030 126273847801536 coll_end 0 0
1615117379663844 126273847801536 emit_beg 227 0
1615117384992108 126273847801536 emit_end 227 0
1615117384995548 126273847801536 drain_beg 0 0
1615117384996248 126273847801536 drain_end 1 0
1615117384996708 126273847801536 subm_beg 1 0
1615117388201010 126273847801536 subm_end 1 0
1615117388201590 126273847801536 pump_beg 1 0
1615117405311152 126273847801536 pump_end 1 2
1615117407191393 126273847801536 coll_beg 0 0
1615117415230608 126273847801536 coll_end 0 0
1615117417346561 126273847801536 emit_beg 228 0
1615117422774421 126273847801536 emit_end 228 0
1615117422779291 126273847801536 drain_beg 0 0
1615117422779871 126273847801536 drain_end 1 0
1615117422780441 126273847801536 subm_beg 1 0
1615117426448306 126273847801536 subm_end 1 0
1615117426448866 126273847801536 pump_beg 1 0
1615117444109068 126273847801536 pump_end 1 2
1615117447207054 126273847801536 coll_beg 0 0
1615117454579874 126273847801536 coll_end 0 0
1615117457001315 126273847801536 emit_beg 229 0
1615117462344739 126273847801536 emit_end 229 0
1615117462355348 126273847801536 drain_beg 0 0
1615117462355718 126273847801536 drain_end 1 0
1615117462355958 126273847801536 subm_beg 1 0
1615117465582950 126273847801536 subm_end 1 0
1615117465583670 126273847801536 pump_beg 1 0
1615117483574529 126273847801536 pump_end 1 2
1615117486419575 126273847801536 coll_beg 0 0
1615117494182930 126273847801536 coll_end 0 0
1615117497178600 126273847801536 emit_beg 230 0
1615117502689488 126273847801536 emit_end 230 0
1615117502694288 126273847801536 drain_beg 0 0
1615117502695098 126273847801536 drain_end 1 0
1615117502695478 126273847801536 subm_beg 1 0
1615117505919969 126273847801536 subm_end 1 0
1615117505920509 126273847801536 pump_beg 1 0
1615117523862011 126273847801536 pump_end 1 2
1615117525690463 126273847801536 coll_beg 0 0
1615117534733141 126273847801536 coll_end 0 0
1615117537131693 126273847801536 emit_beg 231 0
1615117542695489 126273847801536 emit_end 231 0
1615117542700919 126273847801536 drain_beg 0 0
1615117542701519 126273847801536 drain_end 1 0
1615117542702459 126273847801536 subm_beg 1 0
1615117545659750 126273847801536 subm_end 1 0
1615117545660120 126273847801536 pump_beg 1 0
1615117563423818 126273847801536 pump_end 1 2
1615117565825100 126273847801536 coll_beg 0 0
1615117573722890 126273847801536 coll_end 0 0
1615117575523444 126273847801536 emit_beg 232 0
1615117580998623 126273847801536 emit_end 232 0
1615117581002713 126273847801536 drain_beg 0 0
1615117581003213 126273847801536 drain_end 1 0
1615117581003573 126273847801536 subm_beg 1 0
1615117584104719 126273847801536 subm_end 1 0
1615117584105729 126273847801536 pump_beg 1 0
1615117601519110 126273847801536 pump_end 1 2
1615117603972990 126273847801536 coll_beg 0 0
1615117612155769 126273847801536 coll_end 0 0
1615117615142570 126273847801536 emit_beg 233 0
1615117620452925 126273847801536 emit_end 233 0
1615117620456945 126273847801536 drain_beg 0 0
1615117620457565 126273847801536 drain_end 1 0
1615117620458215 126273847801536 subm_beg 1 0
1615117624059932 126273847801536 subm_end 1 0
1615117624061082 126273847801536 pump_beg 1 0
1615117642921000 126273847801536 pump_end 1 2
1615117644619908 126273847801536 coll_beg 0 0
1615117652593885 126273847801536 coll_end 0 0
1615117654414598 126273847801536 emit_beg 234 0
1615117659804840 126273847801536 emit_end 234 0
1615117659808620 126273847801536 drain_beg 0 0
1615117659809310 126273847801536 drain_end 1 0
1615117659809800 126273847801536 subm_beg 1 0
1615117662995993 126273847801536 subm_end 1 0
1615117662996413 126273847801536 pump_beg 1 0
1615117679341653 126273847801536 pump_end 1 2
1615117681099109 126273847801536 coll_beg 0 0
1615117687862930 126273847801536 coll_end 0 0
1615117689642255 126273847801536 emit_beg 235 0
1615117694890912 126273847801536 emit_end 235 0
1615117694894092 126273847801536 drain_beg 0 0
1615117694894702 126273847801536 drain_end 1 0
1615117694895182 126273847801536 subm_beg 1 0
1615117698211140 126273847801536 subm_end 1 0
1615117698211570 126273847801536 pump_beg 1 0
1615117713809268 126273847801536 pump_end 1 2
1615117716808708 126273847801536 coll_beg 0 0
1615117722850386 126273847801536 coll_end 0 0
1615117724624221 126273847801536 emit_beg 236 0
1615117729948095 126273847801536 emit_end 236 0
1615117729951265 126273847801536 drain_beg 0 0
1615117729951605 126273847801536 drain_end 1 0
1615117729952135 126273847801536 subm_beg 1 0
1615117733309402 126273847801536 subm_end 1 0
1615117733310232 126273847801536 pump_beg 1 0
1615117749647852 126273847801536 pump_end 1 2
1615117752955781 126273847801536 coll_beg 0 0
1615117760101559 126273847801536 coll_end 0 0
1615117762672274 126273847801536 emit_beg 237 0
1615117768074446 126273847801536 emit_end 237 0
1615117768077556 126273847801536 drain_beg 0 0
1615117768078036 126273847801536 drain_end 1 0
1615117768078346 126273847801536 subm_beg 1 0
1615117771335686 126273847801536 subm_end 1 0
1615117771336246 126273847801536 pump_beg 1 0
1615117788541664 126273847801536 pump_end 1 2
1615117791928100 126273847801536 coll_beg 0 0
1615117798980781 126273847801536 coll_end 0 0
1615117801783768 126273847801536 emit_beg 238 0
1615117807402652 126273847801536 emit_end 238 0
1615117807407032 126273847801536 drain_beg 0 0
1615117807407732 126273847801536 drain_end 1 0
1615117807408372 126273847801536 subm_beg 1 0
1615117810804257 126273847801536 subm_end 1 0
1615117810805567 126273847801536 pump_beg 1 0
1615117828869114 126273847801536 pump_end 1 2
1615117830805643 126273847801536 coll_beg 0 0
1615117838138344 126273847801536 coll_end 0 0
1615117840073173 126273847801536 emit_beg 239 0
1615117845595320 126273847801536 emit_end 239 0
1615117845600090 126273847801536 drain_beg 0 0
1615117845600680 126273847801536 drain_end 1 0
1615117845601630 126273847801536 subm_beg 1 0
1615117849061973 126273847801536 subm_end 1 0
1615117849063353 126273847801536 pump_beg 1 0
1615117866787522 126273847801536 pump_end 1 2
1615117869837740 126273847801536 coll_beg 0 0
1615117877492399 126273847801536 coll_end 0 0
1615117879445568 126273847801536 emit_beg 240 0
1615117885159178 126273847801536 emit_end 240 0
1615117885163958 126273847801536 drain_beg 0 0
1615117885164668 126273847801536 drain_end 1 0
1615117885165358 126273847801536 subm_beg 1 0
1615117888454207 126273847801536 subm_end 1 0
1615117888455347 126273847801536 pump_beg 1 0
1615117908840228 126273847801536 pump_end 1 2
1615117910733489 126273847801536 coll_beg 0 0
1615117922933471 126273847801536 coll_end 0 0
1615117925316434 126273847801536 emit_beg 241 0
1615117931501356 126273847801536 emit_end 241 0
1615117931507386 126273847801536 drain_beg 0 0
1615117931508256 126273847801536 drain_end 1 0
1615117931509106 126273847801536 subm_beg 1 0
1615117934523766 126273847801536 subm_end 1 0
1615117934524216 126273847801536 pump_beg 1 0
1615117952887861 126273847801536 pump_end 1 2
1615117954798981 126273847801536 coll_beg 0 0
1615117965800307 126273847801536 coll_end 0 0
1615117967981137 126273847801536 emit_beg 242 0
1615117973622850 126273847801536 emit_end 242 0
1615117973627080 126273847801536 drain_beg 0 0
1615117973627610 126273847801536 drain_end 1 0
1615117973628220 126273847801536 subm_beg 1 0
1615117977104862 126273847801536 subm_end 1 0
1615117977105492 126273847801536 pump_beg 1 0
1615117995382261 126273847801536 pump_end 1 2
1615117998769817 126273847801536 coll_beg 0 0
1615118009588890 126273847801536 coll_end 0 0
1615118012018701 126273847801536 emit_beg 243 0
1615118018130427 126273847801536 emit_end 243 0
1615118018136136 126273847801536 drain_beg 0 0
1615118018136936 126273847801536 drain_end 1 0
1615118018137936 126273847801536 subm_beg 1 0
1615118021403466 126273847801536 subm_end 1 0
1615118021403966 126273847801536 pump_beg 1 0
1615118038214169 126273847801536 pump_end 1 2
1615118040738617 126273847801536 coll_beg 0 0
1615118049991837 126273847801536 coll_end 0 0
1615118051825680 126273847801536 emit_beg 244 0
1615118055690468 126273847801536 emit_end 244 0
1615118055693907 126273847801536 drain_beg 0 0
1615118055694407 126273847801536 drain_end 1 0
1615118055694927 126273847801536 subm_beg 1 0
1615118059232718 126273847801536 subm_end 1 0
1615118059233308 126273847801536 pump_beg 1 0
1615118075538689 126273847801536 pump_end 1 2
1615118078709113 126273847801536 coll_beg 0 0
1615118088728395 126273847801536 coll_end 0 0
1615118090669934 126273847801536 emit_beg 245 0
1615118096613145 126273847801536 emit_end 245 0
1615118096618555 126273847801536 drain_beg 0 0
1615118096619315 126273847801536 drain_end 1 0
1615118096620215 126273847801536 subm_beg 1 0
1615118099880126 126273847801536 subm_end 1 0
1615118099880616 126273847801536 pump_beg 1 0
1615118115057658 126273847801536 pump_end 1 2
1615118117484699 126273847801536 coll_beg 0 0
1615118126455760 126273847801536 coll_end 0 0
1615118128350150 126273847801536 emit_beg 246 0
1615118132102263 126273847801536 emit_end 246 0
1615118132105653 126273847801536 drain_beg 0 0
1615118132106113 126273847801536 drain_end 1 0
1615118132106782 126273847801536 subm_beg 1 0
1615118135627833 126273847801536 subm_end 1 0
1615118135628113 126273847801536 pump_beg 1 0
1615118151826169 126273847801536 pump_end 1 2
1615118153918062 126273847801536 coll_beg 0 0
1615118161513803 126273847801536 coll_end 0 0
1615118163323647 126273847801536 emit_beg 247 0
1615118168798696 126273847801536 emit_end 247 0
1615118168802005 126273847801536 drain_beg 0 0
1615118168802315 126273847801536 drain_end 1 0
1615118168802585 126273847801536 subm_beg 1 0
1615118172328016 126273847801536 subm_end 1 0
1615118172328366 126273847801536 pump_beg 1 0
1615118188287810 126273847801536 pump_end 1 2
1615118191446144 126273847801536 coll_beg 0 0
1615118198657640 126273847801536 coll_end 0 0
1615118200586369 126273847801536 emit_beg 248 0
1615118206087157 126273847801536 emit_end 248 0
1615118206090247 126273847801536 drain_beg 0 0
1615118206090587 126273847801536 drain_end 1 0
1615118206090917 126273847801536 subm_beg 1 0
1615118209580379 126273847801536 subm_end 1 0
1615118209580799 126273847801536 pump_beg 1 0
1615118225160837 126273847801536 pump_end 1 2
1615118226947031 126273847801536 coll_beg 0 0
1615118234556542 126273847801536 coll_end 0 0
1615118236927825 126273847801536 emit_beg 249 0
1615118242409963 126273847801536 emit_end 249 0
1615118242413233 126273847801536 drain_beg 0 0
1615118242413633 126273847801536 drain_end 1 0
1615118242414023 126273847801536 subm_beg 1 0
1615118245932944 126273847801536 subm_end 1 0
1615118245936464 126273847801536 pump_beg 1 0
1615118261387127 126273847801536 pump_end 1 2
1615118266357804 126273847801536 coll_beg 0 0
1615118274260334 126273847801536 coll_end 0 0
1615118276393416 126273847801536 emit_beg 250 0
1615118281768899 126273847801536 emit_end 250 0
1615118281772179 126273847801536 drain_beg 0 0
1615118281772589 126273847801536 drain_end 1 0
1615118281773049 126273847801536 subm_beg 1 0
1615118285113976 126273847801536 subm_end 1 0
1615118285114546 126273847801536 pump_beg 1 0
1615118300575188 126273847801536 pump_end 1 2
1615118302293555 126273847801536 coll_beg 0 0
1615118309025918 126273847801536 coll_end 0 0
1615118310821652 126273847801536 emit_beg 251 0
1615118315979323 126273847801536 emit_end 251 0
1615118315982543 126273847801536 drain_beg 0 0
1615118315982903 126273847801536 drain_end 1 0
1615118315983333 126273847801536 subm_beg 1 0
1615118319300721 126273847801536 subm_end 1 0
1615118319301111 126273847801536 pump_beg 1 0
1615118335484147 126273847801536 pump_end 1 2
1615118337569990 126273847801536 coll_beg 0 0
1615118345197860 126273847801536 coll_end 0 0
1615118347101250 126273847801536 emit_beg 252 0
1615118352488143 126273847801536 emit_end 252 0
1615118352491782 126273847801536 drain_beg 0 0
1615118352492442 126273847801536 drain_end 1 0
1615118352492892 126273847801536 subm_beg 1 0
1615118355769392 126273847801536 subm_end 1 0
1615118355770002 126273847801536 pump_beg 1 0
1615118372891714 126273847801536 pump_end 1 2
1615118375812886 126273847801536 coll_beg 0 0
1615118384384472 126273847801536 coll_end 0 0
1615118386856421 126273847801536 emit_beg 253 0
1615118392522643 126273847801536 emit_end 253 0
1615118392528073 126273847801536 drain_beg 0 0
1615118392528793 126273847801536 drain_end 1 0
1615118392529883 126273847801536 subm_beg 1 0
1615118395832301 126273847801536 subm_end 1 0
1615118395832761 126273847801536 pump_beg 1 0
1615118413363478 126273847801536 pump_end 1 2
1615118416295330 126273847801536 coll_beg 0 0
1615118426354411 126273847801536 coll_end 0 0
1615118428799961 126273847801536 emit_beg 254 0
1615118432718267 126273847801536 emit_end 254 0
1615118432721607 126273847801536 drain_beg 0 0
1615118432722067 126273847801536 drain_end 1 0
1615118432722577 126273847801536 subm_beg 1 0
1615118435761976 126273847801536 subm_end 1 0
1615118435762296 126273847801536 pump_beg 1 0
1615118453316071 126273847801536 pump_end 1 2
1615118456593751 126273847801536 coll_beg 0 0
1615118464591847 126273847801536 coll_end 0 0
1615118466560545 126273847801536 emit_beg 255 0
1615118472528766 126273847801536 emit_end 255 0
1615118472534306 126273847801536 drain_beg 0 0
1615118472535216 126273847801536 drain_end 1 0
1615118472536286 126273847801536 subm_beg 1 0
1615118475619293 126273847801536 subm_end 1 0
1615118475631512 126273847801536 pump_beg 1 0
1615118491519229 126273847801536 pump_end 1 2
1615118493262565 126273847801536 coll_beg 0 0
1615118501810481 126273847801536 coll_end 0 0
1615118503583136 126273847801536 emit_beg 256 0
1615118508856102 126273847801536 emit_end 256 0
1615118508859722 126273847801536 drain_beg 0 0
1615118508860322 126273847801536 drain_end 1 0
1615118508860692 126273847801536 subm_beg 1 0
1615118512365654 126273847801536 subm_end 1 0
1615118512367074 126273847801536 pump_beg 1 0
1615118528836399 126273847801536 pump_end 1 2
1615118531224091 126273847801536 coll_beg 0 0
1615118538754255 126273847801536 coll_end 0 0
1615118541835142 126273847801536 emit_beg 257 0
1615118547151587 126273847801536 emit_end 257 0
1615118547154707 126273847801536 drain_beg 0 0
1615118547155547 126273847801536 drain_end 1 0
1615118547156047 126273847801536 subm_beg 1 0
1615118550357139 126273847801536 subm_end 1 0
1615118550357419 126273847801536 pump_beg 1 0
1615118566233356 126273847801536 pump_end 1 2
1615118567995142 126273847801536 coll_beg 0 0
1615118575160118 126273847801536 coll_end 0 0
1615118576982102 126273847801536 emit_beg 258 0
1615118582668253 126273847801536 emit_end 258 0
1615118582671803 126273847801536 drain_beg 0 0
1615118582672403 126273847801536 drain_end 1 0
1615118582672743 126273847801536 subm_beg 1 0
1615118585993461 126273847801536 subm_end 1 0
1615118585994171 126273847801536 pump_beg 1 0
1615118602600531 126273847801536 pump_end 1 2
1615118605980127 126273847801536 coll_beg 0 0
1615118613686554 126273847801536 coll_end 0 0
1615118616636596 126273847801536 emit_beg 259 0
1615118622066137 126273847801536 emit_end 259 0
1615118622070367 126273847801536 drain_beg 0 0
1615118622071117 126273847801536 drain_end 1 0
1615118622071597 126273847801536 subm_beg 1 0
1615118625160393 126273847801536 subm_end 1 0
1615118625160893 126273847801536 pump_beg 1 0
1615118640248079 126273847801536 pump_end 1 2
1615118642935141 126273847801536 coll_beg 0 0
1615118650858120 126273847801536 coll_end 0 0
1615118652743900 126273847801536 emit_beg 260 0
1615118658361254 126273847801536 emit_end 260 0
1615118658364844 126273847801536 drain_beg 0 0
1615118658365324 126273847801536 drain_end 1 0
1615118658365784 126273847801536 subm_beg 1 0
1615118661690102 126273847801536 subm_end 1 0
1615118661693332 126273847801536 pump_beg 1 0
1615118677708954 126273847801536 pump_end 1 2
1615118681238204 126273847801536 coll_beg 0 0
1615118688574205 126273847801536 coll_end 0 0
1615118690473815 126273847801536 emit_beg 261 0
1615118695824459 126273847801536 emit_end 261 0
1615118695828199 126273847801536 drain_beg 0 0
1615118695828529 126273847801536 drain_end 1 0
1615118695829179 126273847801536 subm_beg 1 0
1615118699207075 126273847801536 subm_end 1 0
1615118699209405 126273847801536 pump_beg 1 0
1615118715824445 126273847801536 pump_end 1 2
1615118718032794 126273847801536 coll_beg 0 0
1615118728057126 126273847801536 coll_end 0 0
1615118730553374 126273847801536 emit_beg 262 0
1615118736311433 126273847801536 emit_end 262 0
1615118736315153 126273847801536 drain_beg 0 0
1615118736315743 126273847801536 drain_end 1 0
1615118736316273 126273847801536 subm_beg 1 0
1615118739842103 126273847801536 subm_end 1 0
1615118739843903 126273847801536 pump_beg 1 0
1615118755578186 126273847801536 pump_end 1 2
1615118757431677 126273847801536 coll_beg 0 0
1615118764922633 126273847801536 coll_end 0 0
1615118766793404 126273847801536 emit_beg 263 0
1615118772433027 126273847801536 emit_end 263 0
1615118772436397 126273847801536 drain_beg 0 0
1615118772436867 126273847801536 drain_end 1 0
1615118772437487 126273847801536 subm_beg 1 0
1615118775946968 126273847801536 subm_end 1 0
1615118775947298 126273847801536 pump_beg 1 0
1615118792635535 126273847801536 pump_end 1 2
1615118795540739 126273847801536 coll_beg 0 0
1615118805483144 126273847801536 coll_end 0 0
1615118807788719 126273847801536 emit_beg 264 0
1615118815523365 126273847801536 emit_end 264 0
1615118815529065 126273847801536 drain_beg 0 0
1615118815529885 126273847801536 drain_end 1 0
1615118815542144 126273847801536 subm_beg 1 0
1615118819131703 126273847801536 subm_end 1 0
1615118819132143 126273847801536 pump_beg 1 0
1615118836148468 126273847801536 pump_end 1 2
1615118838627677 126273847801536 coll_beg 0 0
1615118846856175 126273847801536 coll_end 0 0
1615118849374962 126273847801536 emit_beg 265 0
1615118853174273 126273847801536 emit_end 265 0
1615118853177793 126273847801536 drain_beg 0 0
1615118853178483 126273847801536 drain_end 1 0
1615118853179063 126273847801536 subm_beg 1 0
1615118856737802 126273847801536 subm_end 1 0
1615118856738062 126273847801536 pump_beg 1 0
1615118872710006 126273847801536 pump_end 1 2
1615118875599620 126273847801536 coll_beg 0 0
1615118883293647 126273847801536 coll_end 0 0
1615118885542925 126273847801536 emit_beg 266 0
1615118891184958 126273847801536 emit_end 266 0
1615118891187418 126273847801536 drain_beg 0 0
1615118891187818 126273847801536 drain_end 1 0
1615118891188057 126273847801536 subm_beg 1 0
1615118894666490 126273847801536 subm_end 1 0
1615118894666990 126273847801536 pump_beg 1 0
1615118910630234 126273847801536 pump_end 1 2
1615118912607691 126273847801536 coll_beg 0 0
1615118921390719 126273847801536 coll_end 0 0
1615118923362496 126273847801536 emit_beg 267 0
1615118928962991 126273847801536 emit_end 267 0
1615118928966141 126273847801536 drain_beg 0 0
1615118928966481 126273847801536 drain_end 1 0
1615118928967101 126273847801536 subm_beg 1 0
1615118932385605 126273847801536 subm_end 1 0
1615118932385925 126273847801536 pump_beg 1 0
1615118951032291 126273847801536 pump_end 1 2
1615118954133777 126273847801536 coll_beg 0 0
1615118961603023 126273847801536 coll_end 0 0
1615118963856290 126273847801536 emit_beg 268 0
1615118969561820 126273847801536 emit_end 268 0
1615118969565740 126273847801536 drain_beg 0 0
1615118969566260 126273847801536 drain_end 1 0
1615118969566650 126273847801536 subm_beg 1 0
1615118973184017 126273847801536 subm_end 1 0
1615118973185837 126273847801536 pump_beg 1 0
1615118990196613 126273847801536 pump_end 1 2
1615118992067954 126273847801536 coll_beg 0 0
1615119000158987 126273847801536 coll_end 0 0
1615119002095136 126273847801536 emit_beg 269 0
1615119007745119 126273847801536 emit_end 269 0
1615119007749139 126273847801536 drain_beg 0 0
1615119007749559 126273847801536 drain_end 1 0
1615119007750039 126273847801536 subm_beg 1 0
1615119011294789 126273847801536 subm_end 1 0
1615119011298868 126273847801536 pump_beg 1 0
1615119029415173 126273847801536 pump_end 1 2
1615119033112538 126273847801536 coll_beg 0 0
1615119042931797 126273847801536 coll_end 0 0
1615119045044740 126273847801536 emit_beg 270 0
1615119050690912 126273847801536 emit_end 270 0
1615119050693942 126273847801536 drain_beg 0 0
1615119050694222 126273847801536 drain_end 1 0
1615119050694602 126273847801536 subm_beg 1 0
1615119054233492 126273847801536 subm_end 1 0
1615119054236052 126273847801536 pump_beg 1 0
1615119071593085 126273847801536 pump_end 1 2
1615119074464730 126273847801536 coll_beg 0 0
1615119087200152 126273847801536 coll_end 0 0
1615119089738979 126273847801536 emit_beg 271 0
1615119095741159 126273847801536 emit_end 271 0
1615119095748518 126273847801536 drain_beg 0 0
1615119095749218 126273847801536 drain_end 1 0
1615119095750128 126273847801536 subm_beg 1 0
1615119099122554 126273847801536 subm_end 1 0
1615119099122894 126273847801536 pump_beg 1 0
1615119115763314 126273847801536 pump_end 1 2
1615119118068329 126273847801536 coll_beg 0 0
1615119126364344 126273847801536 coll_end 0 0
1615119128292524 126273847801536 emit_beg 272 0
1615119132353555 126273847801536 emit_end 272 0
1615119132361834 126273847801536 drain_beg 0 0
1615119132363014 126273847801536 drain_end 1 0
1615119132363904 126273847801536 subm_beg 1 0
1615119135709511 126273847801536 subm_end 1 0
1615119135711311 126273847801536 pump_beg 1 0
1615119152216725 126273847801536 pump_end 1 2
1615119155843802 126273847801536 coll_beg 0 0
1615119164176516 126273847801536 coll_end 0 0
1615119166067717 126273847801536 emit_beg 273 0
1615119171781537 126273847801536 emit_end 273 0
1615119171789777 126273847801536 drain_beg 0 0
1615119171790087 126273847801536 drain_end 1 0
1615119171790437 126273847801536 subm_beg 1 0
1615119175343126 126273847801536 subm_end 1 0
1615119175343526 126273847801536 pump_beg 1 0
1615119192384081 126273847801536 pump_end 1 2
1615119195874183 126273847801536 coll_beg 0 0
1615119203694276 126273847801536 coll_end 0 0
1615119205417963 126273847801536 emit_beg 274 0
1615119210779066 126273847801536 emit_end 274 0
1615119210782016 126273847801536 drain_beg 0 0
1615119210782416 126273847801536 drain_end 1 0
1615119210782706 126273847801536 subm_beg 1 0
1615119214085654 126273847801536 subm_end 1 0
1615119214086094 126273847801536 pump_beg 1 0
1615119230030729 126273847801536 pump_end 1 2
1615119231947329 126273847801536 coll_beg 0 0
1615119239295029 126273847801536 coll_end 0 0
1615119241055264 126273847801536 emit_beg 275 0
1615119246337730 126273847801536 emit_end 275 0
1615119246340430 126273847801536 drain_beg 0 0
1615119246340770 126273847801536 drain_end 1 0
1615119246341080 126273847801536 subm_beg 1 0
1615119249662248 126273847801536 subm_end 1 0
1615119249662798 126273847801536 pump_beg 1 0
1615119267034401 126273847801536 pump_end 1 2
1615119268835025 126273847801536 coll_beg 0 0
1615119277003185 126273847801536 coll_end 0 0
1615119278909835 126273847801536 emit_beg 276 0
1615119284401863 126273847801536 emit_end 276 0
1615119284405963 126273847801536 drain_beg 0 0
1615119284406543 126273847801536 drain_end 1 0
1615119284407073 126273847801536 subm_beg 1 0
1615119287800038 126273847801536 subm_end 1 0
1615119287803368 126273847801536 pump_beg 1 0
1615119304963858 126273847801536 pump_end 1 2
1615119307940749 126273847801536 coll_beg 0 0
1615119316084820 126273847801536 coll_end 0 0
1615119318469612 126273847801536 emit_beg 277 0
1615119323800807 126273847801536 emit_end 277 0
1615119323803717 126273847801536 drain_beg 0 0
1615119323804037 126273847801536 drain_end 1 0
1615119323804607 126273847801536 subm_beg 1 0
1615119327108105 126273847801536 subm_end 1 0
1615119327108425 126273847801536 pump_beg 1 0
1615119343065549 126273847801536 pump_end 1 2
1615119344898812 126273847801536 coll_beg 0 0
1615119352709596 126273847801536 coll_end 0 0
1615119354523789 126273847801536 emit_beg 278 0
1615119359943770 126273847801536 emit_end 278 0
1615119359946500 126273847801536 drain_beg 0 0
1615119359946870 126273847801536 drain_end 1 0
1615119359947310 126273847801536 subm_beg 1 0
1615119363233869 126273847801536 subm_end 1 0
1615119363234299 126273847801536 pump_beg 1 0
1615119380129919 126273847801536 pump_end 1 2
1615119383081711 126273847801536 coll_beg 0 0
1615119392709987 126273847801536 coll_end 0 0
1615119395572802 126273847801536 emit_beg 279 0
1615119401130798 126273847801536 emit_end 279 0
1615119401137798 126273847801536 drain_beg 0 0
1615119401138588 126273847801536 drain_end 1 0
1615119401139418 126273847801536 subm_beg 1 0
1615119404326831 126273847801536 subm_end 1 0
1615119404327231 126273847801536 pump_beg 1 0
1615119421256889 126273847801536 pump_end 1 2
1615119424008208 126273847801536 coll_beg 0 0
1615119432692059 126273847801536 coll_end 0 0
1615119434535332 126273847801536 emit_beg 280 0
1615119438145089 126273847801536 emit_end 280 0
1615119438148809 126273847801536 drain_beg 0 0
1615119438149249 126273847801536 drain_end 1 0
1615119438149779 126273847801536 subm_beg 1 0
1615119441557584 126273847801536 subm_end 1 0
1615119441557964 126273847801536 pump_beg 1 0
1615119459201956 126273847801536 pump_end 1 2
1615119461607998 126273847801536 coll_beg 0 0
1615119471777015 126273847801536 coll_end 0 0
1615119473724143 126273847801536 emit_beg 281 0
1615119477561572 126273847801536 emit_end 281 0
1615119477567122 126273847801536 drain_beg 0 0
1615119477567982 126273847801536 drain_end 1 0
1615119477569092 126273847801536 subm_beg 1 0
1615119480789694 126273847801536 subm_end 1 0
1615119480792864 126273847801536 pump_beg 1 0
1615119497077006 126273847801536 pump_end 1 2
1615119499150810 126273847801536 coll_beg 0 0
1615119507362978 126273847801536 coll_end 0 0
1615119509133433 126273847801536 emit_beg 282 0
1615119514842324 126273847801536 emit_end 282 0
1615119514852523 126273847801536 drain_beg 0 0
1615119514853673 126273847801536 drain_end 1 0
1615119514855243 126273847801536 subm_beg 1 0
1615119517846344 126273847801536 subm_end 1 0
1615119517848103 126273847801536 pump_beg 1 0
1615119534030969 126273847801536 pump_end 1 2
1615119535830233 126273847801536 coll_beg 0 0
1615119545531977 126273847801536 coll_end 0 0
1615119548203919 126273847801536 emit_beg 283 0
1615119555465043 126273847801536 emit_end 283 0
1615119555469462 126273847801536 drain_beg 0 0
1615119555470172 126273847801536 drain_end 1 0
1615119555470622 126273847801536 subm_beg 1 0
1615119557187549 126273847801536 subm_end 1 0
1615119557187959 126273847801536 pump_beg 1 0
1615119572685170 126273847801536 pump_end 1 2
1615119574545612 126273847801536 coll_beg 0 0
1615119582455512 126273847801536 coll_end 0 0
1615119584302454 126273847801536 emit_beg 284 0
1615119589715915 126273847801536 emit_end 284 0
1615119589719425 126273847801536 drain_beg 0 0
1615119589719965 126273847801536 drain_end 1 0
1615119589720525 126273847801536 subm_beg 1 0
1615119593182998 126273847801536 subm_end 1 0
1615119593183518 126273847801536 pump_beg 1 0
1615119608353611 126273847801536 pump_end 1 2
1615119610358828 126273847801536 coll_beg 0 0
1615119616759453 126273847801536 coll_end 0 0
1615119618607895 126273847801536 emit_beg 285 0
1615119622293169 126273847801536 emit_end 285 0
1615119622297249 126273847801536 drain_beg 0 0
1615119622297789 126273847801536 drain_end 1 0
1615119622298549 126273847801536 subm_beg 1 0
1615119625731183 126273847801536 subm_end 1 0
1615119625731563 126273847801536 pump_beg 1 0
1615119641471775 126273847801536 pump_end 1 2
1615119643514090 126273847801536 coll_beg 0 0
1615119651605663 126273847801536 coll_end 0 0
1615119653516133 126273847801536 emit_beg 286 0
1615119657403401 126273847801536 emit_end 286 0
1615119657406850 126273847801536 drain_beg 0 0
1615119657407250 126273847801536 drain_end 1 0
1615119657407830 126273847801536 subm_beg 1 0
1615119661040597 126273847801536 subm_end 1 0
1615119661041017 126273847801536 pump_beg 1 0
1615119677146966 126273847801536 pump_end 1 2
1615119679737251 126273847801536 coll_beg 0 0
1615119687372330 126273847801536 coll_end 0 0
1615119689346968 126273847801536 emit_beg 287 0
1615119695140245 126273847801536 emit_end 287 0
1615119695145825 126273847801536 drain_beg 0 0
1615119695146425 126273847801536 drain_end 1 0
1615119695146845 126273847801536 subm_beg 1 0
1615119698624437 126273847801536 subm_end 1 0
1615119698625017 126273847801536 pump_beg 1 0
1615119714916729 126273847801536 pump_end 1 2
1615119718480058 126273847801536 coll_beg 0 0
1615119729886060 126273847801536 coll_end 0 0
1615119733600713 126273847801536 emit_beg 288 0
1615119741700756 126273847801536 emit_end 288 0
1615119741705106 126273847801536 drain_beg 0 0
1615119741705826 126273847801536 drain_end 1 0
1615119741706466 126273847801536 subm_beg 1 0
1615119743593197 126273847801536 subm_end 1 0
1615119743593547 126273847801536 pump_beg 1 0
1615119759670756 126273847801536 pump_end 1 2
1615119761520748 126273847801536 coll_beg 0 0
1615119768923967 126273847801536 coll_end 0 0
1615119770832587 126273847801536 emit_beg 289 0
1615119776534587 126273847801536 emit_end 289 0
1615119776538937 126273847801536 drain_beg 0 0
1615119776539387 126273847801536 drain_end 1 0
1615119776539867 126273847801536 subm_beg 1 0
1615119779976311 126273847801536 subm_end 1 0
1615119779980871 126273847801536 pump_beg 1 0
1615119796730166 126273847801536 pump_end 1 2
1615119798642986 126273847801536 coll_beg 0 0
1615119806929572 126273847801536 coll_end 0 0
1615119808800853 126273847801536 emit_beg 290 0
1615119812849184 126273847801536 emit_end 290 0
1615119812854794 126273847801536 drain_beg 0 0
1615119812855534 126273847801536 drain_end 1 0
1615119812856474 126273847801536 subm_beg 1 0
1615119816200331 126273847801536 subm_end 1 0
1615119816202401 126273847801536 pump_beg 1 0
1615119833576583 126273847801536 pump_end 1 2
1615119836339062 126273847801536 coll_beg 0 0
1615119849092684 126273847801536 coll_end 0 0
1615119850972145 126273847801536 emit_beg 291 0
1615119856767482 126273847801536 emit_end 291 0
1615119856770982 126273847801536 drain_beg 0 0
1615119856771482 126273847801536 drain_end 1 0
1615119856771832 126273847801536 subm_beg 1 0
1615119860257794 126273847801536 subm_end 1 0
1615119860259754 126273847801536 pump_beg 1 0
1615119878458526 126273847801536 pump_end 1 2
1615119880396745 126273847801536 coll_beg 0 0
1615119889751291 126273847801536 coll_end 0 0
1615119891715889 126273847801536 emit_beg 292 0
1615119897485297 126273847801536 emit_end 292 0
1615119897489567 126273847801536 drain_beg 0 0
1615119897489917 126273847801536 drain_end 1 0
1615119897490287 126273847801536 subm_beg 1 0
1615119901004368 126273847801536 subm_end 1 0
1615119901004948 126273847801536 pump_beg 1 0
1615119917218403 126273847801536 pump_end 1 2
1615119920833590 126273847801536 coll_beg 0 0
1615119929050219 126273847801536 coll_end 0 0
1615119931006617 126273847801536 emit_beg 293 0
1615119936693688 126273847801536 emit_end 293 0
1615119936697578 126273847801536 drain_beg 0 0
1615119936697888 126273847801536 drain_end 1 0
1615119936698368 126273847801536 subm_beg 1 0
1615119940197229 126273847801536 subm_end 1 0
1615119940197919 126273847801536 pump_beg 1 0
1615119955832766 126273847801536 pump_end 1 2
1615119958628433 126273847801536 coll_beg 0 0
1615119965484841 126273847801536 coll_end 0 0
1615119967452129 126273847801536 emit_beg 294 0
1615119973313754 126273847801536 emit_end 294 0
1615119973317354 126273847801536 drain_beg 0 0
1615119973318014 126273847801536 drain_end 1 0
1615119973318774 126273847801536 subm_beg 1 0
1615119976925131 126273847801536 subm_end 1 0
1615119976925471 126273847801536 pump_beg 1 0
1615119991918931 126273847801536 pump_end 1 2
1615119993831791 126273847801536 coll_beg 0 0
1615120000786115 126273847801536 coll_end 0 0
1615120002818491 126273847801536 emit_beg 295 0
1615120008475963 126273847801536 emit_end 295 0
1615120008479313 126273847801536 drain_beg 0 0
1615120008479673 126273847801536 drain_end 1 0
1615120008479973 126273847801536 subm_beg 1 0
1615120011935736 126273847801536 subm_end 1 0
1615120011936036 126273847801536 pump_beg 1 0
1615120027035842 126273847801536 pump_end 1 2
1615120028893273 126273847801536 coll_beg 0 0
1615120035895407 126273847801536 coll_end 0 0
1615120037805156 126273847801536 emit_beg 296 0
1615120043422080 126273847801536 emit_end 296 0
1615120043424980 126273847801536 drain_beg 0 0
1615120043425320 126273847801536 drain_end 1 0
1615120043425640 126273847801536 subm_beg 1 0
1615120046942561 126273847801536 subm_end 1 0
1615120046942841 126273847801536 pump_beg 1 0
1615120062339536 126273847801536 pump_end 1 2
1615120064288784 126273847801536 coll_beg 0 0
1615120071791219 126273847801536 coll_end 0 0
1615120073716478 126273847801536 emit_beg 297 0
1615120077512049 126273847801536 emit_end 297 0
1615120077515669 126273847801536 drain_beg 0 0
1615120077516109 126273847801536 drain_end 1 0
1615120077516829 126273847801536 subm_beg 1 0
1615120081193434 126273847801536 subm_end 1 0
1615120081193774 126273847801536 pump_beg 1 0
1615120097518894 126273847801536 pump_end 1 2
1615120100186986 126273847801536 coll_beg 0 0
1615120107544496 126273847801536 coll_end 0 0
1615120109260273 126273847801536 emit_beg 298 0
1615120114600017 126273847801536 emit_end 298 0
1615120114602937 126273847801536 drain_beg 0 0
1615120114603247 126273847801536 drain_end 1 0
1615120114603567 126273847801536 subm_beg 1 0
1615120117907416 126273847801536 subm_end 1 0
1615120117908046 126273847801536 pump_beg 1 0
1615120133359479 126273847801536 pump_end 1 2
1615120136949767 126273847801536 coll_beg 0 0
1615120143987369 126273847801536 coll_end 0 0
1615120145725565 126273847801536 emit_beg 299 0
1615120151001621 126273847801536 emit_end 299 0
1615120151004311 126273847801536 drain_beg 0 0
1615120151004631 126273847801536 drain_end 1 0
1615120151004891 126273847801536 subm_beg 1 0
1615120154361438 126273847801536 subm_end 1 0
1615120154361748 126273847801536 pump_beg 1 0
1615120169938396 126273847801536 pump_end 1 2
1615120173051392 126273847801536 coll_beg 0 0
1615120179819763 126273847801536 coll_end 0 0
1615120181597938 126273847801536 emit_beg 300 0
1615120186891114 126273847801536 emit_end 300 0
1615120186894263 126273847801536 drain_beg 0 0
1615120186894553 126273847801536 drain_end 1 0
1615120186895073 126273847801536 subm_beg 1 0
1615120190357556 126273847801536 subm_end 1 0
1615120190357966 126273847801536 pump_beg 1 0
1615120206609810 126273847801536 pump_end 1 2
1615120208855367 126273847801536 coll_beg 0 0
1615120216533356 126273847801536 coll_end 0 0
1615120219037934 126273847801536 emit_beg 301 0
1615120224446825 126273847801536 emit_end 301 0
1615120224450965 126273847801536 drain_beg 0 0
1615120224451505 126273847801536 drain_end 1 0
1615120224452505 126273847801536 subm_beg 1 0
1615120227761583 126273847801536 subm_end 1 0
1615120227762093 126273847801536 pump_beg 1 0
1615120245767612 126273847801536 pump_end 1 2
1615120247651333 126273847801536 coll_beg 0 0
1615120258732076 126273847801536 coll_end 0 0
1615120260871888 126273847801536 emit_beg 302 0
1615120266417524 126273847801536 emit_end 302 0
1615120266421324 126273847801536 drain_beg 0 0
1615120266422024 126273847801536 drain_end 1 0
1615120266422694 126273847801536 subm_beg 1 0
1615120269712403 126273847801536 subm_end 1 0
1615120269712903 126273847801536 pump_beg 1 0
1615120288380838 126273847801536 pump_end 1 2
1615120290547279 126273847801536 coll_beg 0 0
1615120301439039 126273847801536 coll_end 0 0
1615120303827211 126273847801536 emit_beg 303 0
1615120311120763 126273847801536 emit_end 303 0
1615120311125613 126273847801536 drain_beg 0 0
1615120311126263 126273847801536 drain_end 1 0
1615120311126773 126273847801536 subm_beg 1 0
1615120312878469 126273847801536 subm_end 1 0
1615120312878989 126273847801536 pump_beg 1 0
1615120331482136 126273847801536 pump_end 1 2
1615120334324462 126273847801536 coll_beg 0 0
1615120342367106 126273847801536 coll_end 0 0
1615120344221788 126273847801536 emit_beg 304 0
1615120349540873 126273847801536 emit_end 304 0
1615120349544383 126273847801536 drain_beg 0 0
1615120349544773 126273847801536 drain_end 1 0
1615120349545093 126273847801536 subm_beg 1 0
1615120352811253 126273847801536 subm_end 1 0
1615120352811653 126273847801536 pump_beg 1 0
1615120368629852 126273847801536 pump_end 1 2
1615120371632622 126273847801536 coll_beg 0 0
1615120379076999 126273847801536 coll_end 0 0
1615120380873523 126273847801536 emit_beg 305 0
1615120386125560 126273847801536 emit_end 305 0
1615120386128640 126273847801536 drain_beg 0 0
1615120386129080 126273847801536 drain_end 1 0
1615120386129300 126273847801536 subm_beg 1 0
1615120389390330 126273847801536 subm_end 1 0
1615120389390730 126273847801536 pump_beg 1 0
1615120406023179 126273847801536 pump_end 1 2
1615120407764786 126273847801536 coll_beg 0 0
1615120415752452 126273847801536 coll_end 0 0
1615120417620814 126273847801536 emit_beg 306 0
1615120421214172 126273847801536 emit_end 306 0
1615120421217012 126273847801536 drain_beg 0 0
1615120421217712 126273847801536 drain_end 1 0
1615120421218142 126273847801536 subm_beg 1 0
1615120424639786 126273847801536 subm_end 1 0
1615120424640116 126273847801536 pump_beg 1 0
1615120440543732 126273847801536 pump_end 1 2
1615120443407527 126273847801536 coll_beg 0 0
1615120451175002 126273847801536 coll_end 0 0
1615120452891169 126273847801536 emit_beg 307 0
1615120458220973 126273847801536 emit_end 307 0
1615120458223533 126273847801536 drain_beg 0 0
1615120458223893 126273847801536 drain_end 1 0
1615120458224253 126273847801536 subm_beg 1 0
1615120461508313 126273847801536 subm_end 1 0
1615120461508603 126273847801536 pump_beg 1 0
1615120477239105 126273847801536 pump_end 1 2
1615120480425528 126273847801536 coll_beg 0 0
1615120488869878 126273847801536 coll_end 0 0
1615120490966731 126273847801536 emit_beg 308 0
1615120496728230 126273847801536 emit_end 308 0
1615120496731750 126273847801536 drain_beg 0 0
1615120496743109 126273847801536 drain_end 1 0
1615120496743669 126273847801536 subm_beg 1 0
1615120500096046 126273847801536 subm_end 1 0
1615120500096356 126273847801536 pump_beg 1 0
1615120515784170 126273847801536 pump_end 1 2
1615120517574305 126273847801536 coll_beg 0 0
1615120524881986 126273847801536 coll_end 0 0
1615120526742798 126273847801536 emit_beg 309 0
1615120532108151 126273847801536 emit_end 309 0
1615120532111971 126273847801536 drain_beg 0 0
1615120532112501 126273847801536 drain_end 1 0
1615120532113021 126273847801536 subm_beg 1 0
1615120535496967 126273847801536 subm_end 1 0
1615120535497557 126273847801536 pump_beg 1 0
1615120550993908 126273847801536 pump_end 1 2
1615120552776102 126273847801536 coll_beg 0 0
1615120560157381 126273847801536 coll_end 0 0
1615120562038272 126273847801536 emit_beg 310 0
1615120565932709 126273847801536 emit_end 310 0
1615120565937619 126273847801536 drain_beg 0 0
1615120565938189 126273847801536 drain_end 1 0
1615120565938809 126273847801536 subm_beg 1 0
1615120569454100 126273847801536 subm_end 1 0
1615120569454490 126273847801536 pump_beg 1 0
1615120586402578 126273847801536 pump_end 1 2
1615120588701684 126273847801536 coll_beg 0 0
1615120600841318 126273847801536 coll_end 0 0
1615120602965670 126273847801536 emit_beg 311 0
1615120609088935 126273847801536 emit_end 311 0
1615120609094005 126273847801536 drain_beg 0 0
1615120609094655 126273847801536 drain_end 1 0
1615120609095245 126273847801536 subm_beg 1 0
1615120612409473 126273847801536 subm_end 1 0
1615120612410993 126273847801536 pump_beg 1 0
1615120628514592 126273847801536 pump_end 1 2
1615120631339768 126273847801536 coll_beg 0 0
1615120641972358 126273847801536 coll_end 0 0
1615120644041292 126273847801536 emit_beg 312 0
1615120650361010 126273847801536 emit_end 312 0
1615120650365060 126273847801536 drain_beg 0 0
1615120650365660 126273847801536 drain_end 1 0
1615120650366210 126273847801536 subm_beg 1 0
1615120653815893 126273847801536 subm_end 1 0
1615120653816363 126273847801536 pump_beg 1 0
1615120669405451 126273847801536 pump_end 1 2
1615120672165200 126273847801536 coll_beg 0 0
1615120680286782 126273847801536 coll_end 0 0
1615120682232640 126273847801536 emit_beg 313 0
1615120687892952 126273847801536 emit_end 313 0
1615120687896032 126273847801536 drain_beg 0 0
1615120687896392 126273847801536 drain_end 1 0
1615120687896882 126273847801536 subm_beg 1 0
1615120691446202 126273847801536 subm_end 1 0
1615120691446692 126273847801536 pump_beg 1 0
1615120707694235 126273847801536 pump_end 1 2
1615120711201627 126273847801536 coll_beg 0 0
1615120718715791 126273847801536 coll_end 0 0
1615120727327335 126273847801536 emit_beg 314 0
1615120747914099 126273847801536 emit_end 314 0
1615120747920129 126273847801536 drain_beg 0 0
1615120747920819 126273847801536 drain_end 1 0
1615120747921779 126273847801536 subm_beg 1 0
1615120756199005 126273847801536 subm_end 1 0
1615120756203205 126273847801536 pump_beg 1 0
1615120772661121 126273847801536 pump_end 1 2
1615120777669437 126273847801536 coll_beg 0 0
1615120785022397 126273847801536 coll_end 0 0
1615120788561737 126273847801536 emit_beg 315 0
1615120796621331 126273847801536 emit_end 315 0
1615120796625091 126273847801536 drain_beg 0 0
1615120796625411 126273847801536 drain_end 1 0
1615120796625731 126273847801536 subm_beg 1 0
1615120801694845 126273847801536 subm_end 1 0
1615120801702715 126273847801536 pump_beg 1 0
1615120817608221 126273847801536 pump_end 1 2
1615120821659982 126273847801536 coll_beg 0 0
1615120829028151 126273847801536 coll_end 0 0
1615120832934378 126273847801536 emit_beg 316 0
1615120840684264 126273847801536 emit_end 316 0
1615120840688803 126273847801536 drain_beg 0 0
1615120840689393 126273847801536 drain_end 1 0
1615120840689893 126273847801536 subm_beg 1 0
1615120844113638 126273847801536 subm_end 1 0
1615120844114578 126273847801536 pump_beg 1 0
1615120860751277 126273847801536 pump_end 1 2
1615120864253438 126273847801536 coll_beg 0 0
1615120876774899 126273847801536 coll_end 0 0
1615120879131792 126273847801536 emit_beg 317 0
1615120887194206 126273847801536 emit_end 317 0
1615120887199036 126273847801536 drain_beg 0 0
1615120887199726 126273847801536 drain_end 1 0
1615120887200536 126273847801536 subm_beg 1 0
1615120889081557 126273847801536 subm_end 1 0
1615120889081997 126273847801536 pump_beg 1 0
1615120905999166 126273847801536 pump_end 1 2
1615120909635512 126273847801536 coll_beg 0 0
1615120922252199 126273847801536 coll_end 0 0
1615120924681460 126273847801536 emit_beg 318 0
1615120930694219 126273847801536 emit_end 318 0
1615120930697889 126273847801536 drain_beg 0 0
1615120930698329 126273847801536 drain_end 1 0
1615120930698929 126273847801536 subm_beg 1 0
1615120934095504 126273847801536 subm_end 1 0
1615120934095914 126273847801536 pump_beg 1 0
1615120950294650 126273847801536 pump_end 1 2
1615120952962112 126273847801536 coll_beg 0 0
1615120964982831 126273847801536 coll_end 0 0
1615120967441210 126273847801536 emit_beg 319 0
1615120973323814 126273847801536 emit_end 319 0
1615120973327624 126273847801536 drain_beg 0 0
1615120973327924 126273847801536 drain_end 1 0
1615120973328554 126273847801536 subm_beg 1 0
1615120976958201 126273847801536 subm_end 1 0
1615120976965131 126273847801536 pump_beg 1 0
1615120992764541 126273847801536 pump_end 1 2
1615120995204091 126273847801536 coll_beg 0 0
1615121006303244 126273847801536 coll_end 0 0
1615121008577570 126273847801536 emit_beg 320 0
1615121014217883 126273847801536 emit_end 320 0
1615121014221083 126273847801536 drain_beg 0 0
1615121014221643 126273847801536 drain_end 1 0
1615121014222113 126273847801536 subm_beg 1 0
1615121017732294 126273847801536 subm_end 1 0
1615121017732744 126273847801536 pump_beg 1 0
1615121033721557 126273847801536 pump_end 1 2
1615121035590749 126273847801536 coll_beg 0 0
1615121045354030 126273847801536 coll_end 0 0
1615121048538023 126273847801536 emit_beg 321 0
1615121054432717 126273847801536 emit_end 321 0
1615121054436437 126273847801536 drain_beg 0 0
1615121054437077 126273847801536 drain_end 1 0
1615121054437677 126273847801536 subm_beg 1 0
1615121058038635 126273847801536 subm_end 1 0
1615121058042715 126273847801536 pump_beg 1 0
1615121074291418 126273847801536 pump_end 1 2
1615121076333123 126273847801536 coll_beg 0 0
1615121088375011 126273847801536 coll_end 0 0
1615121090651358 126273847801536 emit_beg 322 0
1615121094359631 126273847801536 emit_end 322 0
1615121094362951 126273847801536 drain_beg 0 0
1615121094363331 126273847801536 drain_end 1 0
1615121094363891 126273847801536 subm_beg 1 0
1615121097794715 126273847801536 subm_end 1 0
1615121097795125 126273847801536 pump_beg 1 0
1615121114335208 126273847801536 pump_end 1 2
1615121117398466 126273847801536 coll_beg 0 0
1615121128290716 126273847801536 coll_end 0 0
1615121130199456 126273847801536 emit_beg 323 0
1615121135667745 126273847801536 emit_end 323 0
1615121135671125 126273847801536 drain_beg 0 0
1615121135671665 126273847801536 drain_end 1 0
1615121135672155 126273847801536 subm_beg 1 0
1615121138937635 126273847801536 subm_end 1 0
1615121138938085 126273847801536 pump_beg 1 0
1615121155054053 126273847801536 pump_end 1 2
1615121158343473 126273847801536 coll_beg 0 0
1615121169293231 126273847801536 coll_end 0 0
1615121171596676 126273847801536 emit_beg 324 0
1615121177212910 126273847801536 emit_end 324 0
1615121177218050 126273847801536 drain_beg 0 0
1615121177218750 126273847801536 drain_end 1 0
1615121177219730 126273847801536 subm_beg 1 0
1615121180237669 126273847801536 subm_end 1 0
1615121180238229 126273847801536 pump_beg 1 0
1615121197535264 126273847801536 pump_end 1 2
1615121199516401 126273847801536 coll_beg 0 0
1615121206928499 126273847801536 coll_end 0 0
1615121208748222 126273847801536 emit_beg 325 0
1615121214123635 126273847801536 emit_end 325 0
1615121214127875 126273847801536 drain_beg 0 0
1615121214128195 126273847801536 drain_end 1 0
1615121214128825 126273847801536 subm_beg 1 0
1615121217151104 126273847801536 subm_end 1 0
1615121217151384 126273847801536 pump_beg 1 0
1615121233608470 126273847801536 pump_end 1 2
1615121237056283 126273847801536 coll_beg 0 0
1615121247450192 126273847801536 coll_end 0 0
1615121251749144 126273847801536 emit_beg 326 0
1615121255445788 126273847801536 emit_end 326 0
1615121255448698 126273847801536 drain_beg 0 0
1615121255449058 126273847801536 drain_end 1 0
1615121255449388 126273847801536 subm_beg 1 0
1615121258702379 126273847801536 subm_end 1 0
1615121258702989 126273847801536 pump_beg 1 0
1615121275390396 126273847801536 pump_end 1 2
1615121277878505 126273847801536 coll_beg 0 0
1615121287529780 126273847801536 coll_end 0 0
1615121289348984 126273847801536 emit_beg 327 0
1615121295128031 126273847801536 emit_end 327 0
1615121295133001 126273847801536 drain_beg 0 0
1615121295133461 126273847801536 drain_end 1 0
1615121295134381 126273847801536 subm_beg 1 0
1615121298197909 126273847801536 subm_end 1 0
1615121298198379 126273847801536 pump_beg 1 0
1615121314256889 126273847801536 pump_end 1 2
1615121317554578 126273847801536 coll_beg 0 0
1615121326488040 126273847801536 coll_end 0 0
1615121328324493 126273847801536 emit_beg 328 0
1615121333656317 126273847801536 emit_end 328 0
1615121333660077 126273847801536 drain_beg 0 0
1615121333660517 126273847801536 drain_end 1 0
1615121333661007 126273847801536 subm_beg 1 0
1615121336913468 126273847801536 subm_end 1 0
1615121336913868 126273847801536 pump_beg 1 0
1615121354123276 126273847801536 pump_end 1 2
1615121356313885 126273847801536 coll_beg 0 0
1615121364269973 126273847801536 coll_end 0 0
1615121366039278 126273847801536 emit_beg 329 0
1615121371474199 126273847801536 emit_end 329 0
1615121371479039 126273847801536 drain_beg 0 0
1615121371479489 126273847801536 drain_end 1 0
1615121371480649 126273847801536 subm_beg 1 0
1615121374598314 126273847801536 subm_end 1 0
1615121374598584 126273847801536 pump_beg 1 0
1615121391323140 126273847801536 pump_end 1 2
1615121394420376 126273847801536 coll_beg 0 0
1615121402336266 126273847801536 coll_end 0 0
1615121404831824 126273847801536 emit_beg 330 0
1615121410386610 126273847801536 emit_end 330 0
1615121410390780 126273847801536 drain_beg 0 0
1615121410391520 126273847801536 drain_end 1 0
1615121410392000 126273847801536 subm_beg 1 0
1615121413439598 126273847801536 subm_end 1 0
1615121413440118 126273847801536 pump_beg 1 0
1615121428779285 126273847801536 pump_end 1 2
1615121430881558 126273847801536 coll_beg 0 0
1615121438840716 126273847801536 coll_end 0 0
1615121440654519 126273847801536 emit_beg 331 0
1615121446220445 126273847801536 emit_end 331 0
1615121446234584 126273847801536 drain_beg 0 0
1615121446236234 126273847801536 drain_end 1 0
1615121446237844 126273847801536 subm_beg 1 0
1615121449326271 126273847801536 subm_end 1 0
1615121449328671 126273847801536 pump_beg 1 0
1615121464791603 126273847801536 pump_end 1 2
1615121467795853 126273847801536 coll_beg 0 0
1615121474249546 126273847801536 coll_end 0 0
1615121476055930 126273847801536 emit_beg 332 0
1615121481685643 126273847801536 emit_end 332 0
1615121481693953 126273847801536 drain_beg 0 0
1615121481695163 126273847801536 drain_end 1 0
1615121481696363 126273847801536 subm_beg 1 0
1615121484955633 126273847801536 subm_end 1 0
1615121484957343 126273847801536 pump_beg 1 0
1615121501202877 126273847801536 pump_end 1 2
1615121503249852 126273847801536 coll_beg 0 0
1615121510760096 126273847801536 coll_end 0 0
1615121512598878 126273847801536 emit_beg 333 0
1615121517929523 126273847801536 emit_end 333 0
1615121517933523 126273847801536 drain_beg 0 0
1615121517934143 126273847801536 drain_end 1 0
1615121517934883 126273847801536 subm_beg 1 0
1615121521270340 126273847801536 subm_end 1 0
1615121521272500 126273847801536 pump_beg 1 0
1615121536286379 126273847801536 pump_end 1 2
1615121538809746 126273847801536 coll_beg 0 0
1615121546158326 126273847801536 coll_end 0 0
1615121548043917 126273847801536 emit_beg 334 0
1615121553776617 126273847801536 emit_end 334 0
1615121553780457 126273847801536 drain_beg 0 0
1615121553780957 126273847801536 drain_end 1 0
1615121553781636 126273847801536 subm_beg 1 0
1615121557324426 126273847801536 subm_end 1 0
1615121557325126 126273847801536 pump_beg 1 0
1615121574007564 126273847801536 pump_end 1 2
1615121577672900 126273847801536 coll_beg 0 0
1615121585458094 126273847801536 coll_end 0 0
1615121588104757 126273847801536 emit_beg 335 0
1615121593924693 126273847801536 emit_end 335 0
1615121593929113 126273847801536 drain_beg 0 0
1615121593929673 126273847801536 drain_end 1 0
1615121593930383 126273847801536 subm_beg 1 0
1615121597455153 126273847801536 subm_end 1 0
1615121597456253 126273847801536 pump_beg 1 0
1615121613941868 126273847801536 pump_end 1 2
1615121615852818 126273847801536 coll_beg 0 0
1615121623462919 126273847801536 coll_end 0 0
1615121625429486 126273847801536 emit_beg 336 0
1615121631421336 126273847801536 emit_end 336 0
1615121631425966 126273847801536 drain_beg 0 0
1615121631426636 126273847801536 drain_end 1 0
1615121631427146 126273847801536 subm_beg 1 0
1615121634706526 126273847801536 subm_end 1 0
1615121634707426 126273847801536 pump_beg 1 0
1615121651588436 126273847801536 pump_end 1 2
1615121653481517 126273847801536 coll_beg 0 0
1615121661529651 126273847801536 coll_end 0 0
1615121663502759 126273847801536 emit_beg 337 0
1615121669397802 126273847801536 emit_end 337 0
1615121669402142 126273847801536 drain_beg 0 0
1615121669402832 126273847801536 drain_end 1 0
1615121669403452 126273847801536 subm_beg 1 0
1615121672834706 126273847801536 subm_end 1 0
1615121672835936 126273847801536 pump_beg 1 0
1615121689246214 126273847801536 pump_end 1 2
1615121691679124 126273847801536 coll_beg 0 0
1615121699881933 126273847801536 coll_end 0 0
1615121701814412 126273847801536 emit_beg 338 0
1615121707601060 126273847801536 emit_end 338 0
1615121707605580 126273847801536 drain_beg 0 0
1615121707606260 126273847801536 drain_end 1 0
1615121707606850 126273847801536 subm_beg 1 0
1615121711127171 126273847801536 subm_end 1 0
1615121711128610 126273847801536 pump_beg 1 0
1615121729217466 126273847801536 pump_end 1 2
1615121731160785 126273847801536 coll_beg 0 0
1615121740415126 126273847801536 coll_end 0 0
1615121742334485 126273847801536 emit_beg 339 0
1615121748385383 126273847801536 emit_end 339 0
1615121748391433 126273847801536 drain_beg 0 0
1615121748392313 126273847801536 drain_end 1 0
1615121748393263 126273847801536 subm_beg 1 0
1615121751663922 126273847801536 subm_end 1 0
1615121751664952 126273847801536 pump_beg 1 0
1615121769189159 126273847801536 pump_end 1 2
1615121771529703 126273847801536 coll_beg 0 0
1615121780619210 126273847801536 coll_end 0 0
1615121782563808 126273847801536 emit_beg 340 0
1615121788545809 126273847801536 emit_end 340 0
1615121788552188 126273847801536 drain_beg 0 0
1615121788552668 126273847801536 drain_end 1 0
1615121788553358 126273847801536 subm_beg 1 0
1615121791883956 126273847801536 subm_end 1 0
1615121791885226 126273847801536 pump_beg 1 0
1615121808245485 126273847801536 pump_end 1 2
1615121810287860 126273847801536 coll_beg 0 0
1615121821837787 126273847801536 coll_end 0 0
1615121823873742 126273847801536 emit_beg 341 0
1615121831859039 126273847801536 emit_end 341 0
1615121831864478 126273847801536 drain_beg 0 0
1615121831865358 126273847801536 drain_end 1 0
1615121831866438 126273847801536 subm_beg 1 0
1615121833726610 126273847801536 subm_end 1 0
1615121833726950 126273847801536 pump_beg 1 0
1615121849093076 126273847801536 pump_end 1 2
1615121851925152 126273847801536 coll_beg 0 0
1615121858982453 126273847801536 coll_end 0 0
1615121860893783 126273847801536 emit_beg 342 0
1615121866685700 126273847801536 emit_end 342 0
1615121866690260 126273847801536 drain_beg 0 0
1615121866690770 126273847801536 drain_end 1 0
1615121866691390 126273847801536 subm_beg 1 0
1615121870147263 126273847801536 subm_end 1 0
1615121870147563 126273847801536 pump_beg 1 0
1615121885208320 126273847801536 pump_end 1 2
1615121887554164 126273847801536 coll_beg 0 0
1615121894730921 126273847801536 coll_end 0 0
1615121896739897 126273847801536 emit_beg 343 0
1615121902581193 126273847801536 emit_end 343 0
1615121902585912 126273847801536 drain_beg 0 0
1615121902586652 126273847801536 drain_end 1 0
1615121902587682 126273847801536 subm_beg 1 0
1615121906104193 126273847801536 subm_end 1 0
1615121906104623 126273847801536 pump_beg 1 0
1615121921126822 126273847801536 pump_end 1 2
1615121923362410 126273847801536 coll_beg 0 0
1615121930896413 126273847801536 coll_end 0 0
1615121933301395 126273847801536 emit_beg 344 0
1615121941050970 126273847801536 emit_end 344 0
1615121941056440 126273847801536 drain_beg 0 0
1615121941057430 126273847801536 drain_end 1 0
1615121941058390 126273847801536 subm_beg 1 0
1615121942953701 126273847801536 subm_end 1 0
1615121942954190 126273847801536 pump_beg 1 0
1615121958623515 126273847801536 pump_end 1 2
1615121962175645 126273847801536 coll_beg 0 0
1615121971877279 126273847801536 coll_end 0 0
1615121974808781 126273847801536 emit_beg 345 0
1615121980557960 126273847801536 emit_end 345 0
1615121980563430 126273847801536 drain_beg 0 0
1615121980564060 126273847801536 drain_end 1 0
1615121980564850 126273847801536 subm_beg 1 0
1615121984075451 126273847801536 subm_end 1 0
1615121984075931 126273847801536 pump_beg 1 0
1615122000095493 126273847801536 pump_end 1 2
1615122003469739 126273847801536 coll_beg 0 0
1615122010776551 126273847801536 coll_end 0 0
1615122012641562 126273847801536 emit_beg 346 0
1615122016386125 126273847801536 emit_end 346 0
1615122016392355 126273847801536 drain_beg 0 0
1615122016392945 126273847801536 drain_end 1 0
1615122016393674 126273847801536 subm_beg 1 0
1615122019551779 126273847801536 subm_end 1 0
1615122019552059 126273847801536 pump_beg 1 0
1615122034811438 126273847801536 pump_end 1 2
1615122037983522 126273847801536 coll_beg 0 0
1615122045310803 126273847801536 coll_end 0 0
1615122047209923 126273847801536 emit_beg 347 0
1615122054245375 126273847801536 emit_end 347 0
1615122054249295 126273847801536 drain_beg 0 0
1615122054249745 126273847801536 drain_end 1 0
1615122054250195 126273847801536 subm_beg 1 0
1615122055999811 126273847801536 subm_end 1 0
1615122056000221 126273847801536 pump_beg 1 0
1615122070819267 126273847801536 pump_end 1 2
1615122073192350 126273847801536 coll_beg 0 0
1615122080628197 126273847801536 coll_end 0 0
1615122082381972 126273847801536 emit_beg 348 0
1615122085898713 126273847801536 emit_end 348 0
1615122085902523 126273847801536 drain_beg 0 0
1615122085902853 126273847801536 drain_end 1 0
1615122085903223 126273847801536 subm_beg 1 0
1615122089251530 126273847801536 subm_end 1 0
1615122089251990 126273847801536 pump_beg 1 0
1615122105437746 126273847801536 pump_end 1 2
1615122108534412 126273847801536 coll_beg 0 0
1615122116146763 126273847801536 coll_end 0 0
1615122117871459 126273847801536 emit_beg 349 0
1615122123354258 126273847801536 emit_end 349 0
1615122123359228 126273847801536 drain_beg 0 0
1615122123360058 126273847801536 drain_end 1 0
1615122123361018 126273847801536 subm_beg 1 0
1615122126360088 126273847801536 subm_end 1 0
1615122126360378 126273847801536 pump_beg 1 0
1615122143633284 126273847801536 pump_end 1 2
1615122145664899 126273847801536 coll_beg 0 0
1615122155740799 126273847801536 coll_end 0 0
1615122157844542 126273847801536 emit_beg 350 0
1615122163416538 126273847801536 emit_end 350 0
1615122163420307 126273847801536 drain_beg 0 0
1615122163420817 126273847801536 drain_end 1 0
1615122163421057 126273847801536 subm_beg 1 0
1615122166638379 126273847801536 subm_end 1 0
1615122166638769 126273847801536 pump_beg 1 0
1615122184697256 126273847801536 pump_end 1 2
1615122188176029 126273847801536 coll_beg 0 0
1615122197266315 126273847801536 coll_end 0 0
1615122199528952 126273847801536 emit_beg 351 0
1615122205246922 126273847801536 emit_end 351 0
1615122205250922 126273847801536 drain_beg 0 0
1615122205251352 126273847801536 drain_end 1 0
1615122205252112 126273847801536 subm_beg 1 0
1615122208529071 126273847801536 subm_end 1 0
1615122208536791 126273847801536 pump_beg 1 0
1615122224799494 126273847801536 pump_end 1 2
1615122227532224 126273847801536 coll_beg 0 0
1615122235293469 126273847801536 coll_end 0 0
1615122237195979 126273847801536 emit_beg 352 0
1615122242696527 126273847801536 emit_end 352 0
1615122242700267 126273847801536 drain_beg 0 0
1615122242707757 126273847801536 drain_end 1 0
1615122242708117 126273847801536 subm_beg 1 0
1615122246004386 126273847801536 subm_end 1 0
1615122246004756 126273847801536 pump_beg 1 0
1615122262855227 126273847801536 pump_end 1 2
1615122265632165 126273847801536 coll_beg 0 0
1615122273046423 126273847801536 coll_end 0 0
1615122275003171 126273847801536 emit_beg 353 0
1615122280586306 126273847801536 emit_end 353 0
1615122280590646 126273847801536 drain_beg 0 0
1615122280591606 126273847801536 drain_end 1 0
1615122280592466 126273847801536 subm_beg 1 0
1615122283825977 126273847801536 subm_end 1 0
1615122283826327 126273847801536 pump_beg 1 0
1615122300042582 126273847801536 pump_end 1 2
1615122301885835 126273847801536 coll_beg 0 0
1615122310443830 126273847801536 coll_end 0 0
1615122312316172 126273847801536 emit_beg 354 0
1615122317878857 126273847801536 emit_end 354 0
1615122317884257 126273847801536 drain_beg 0 0
1615122317884897 126273847801536 drain_end 1 0
1615122317885537 126273847801536 subm_beg 1 0
1615122321148837 126273847801536 subm_end 1 0
1615122321149287 126273847801536 pump_beg 1 0
1615122336312631 126273847801536 pump_end 1 2
1615122338767720 126273847801536 coll_beg 0 0
1615122346667001 126273847801536 coll_end 0 0
1615122348556371 126273847801536 emit_beg 355 0
1615122354483784 126273847801536 emit_end 355 0
1615122354494793 126273847801536 drain_beg 0 0
1615122354496083 126273847801536 drain_end 1 0
1615122354497563 126273847801536 subm_beg 1 0
1615122357559371 126273847801536 subm_end 1 0
1615122357561341 126273847801536 pump_beg 1 0
1615122373808194 126273847801536 pump_end 1 2
1615122376806934 126273847801536 coll_beg 0 0
1615122385000053 126273847801536 coll_end 0 0
1615122387680945 126273847801536 emit_beg 356 0
1615122393267470 126273847801536 emit_end 356 0
1615122393271360 126273847801536 drain_beg 0 0
1615122393271930 126273847801536 drain_end 1 0
1615122393272440 126273847801536 subm_beg 1 0
1615122396489592 126273847801536 subm_end 1 0
1615122396489952 126273847801536 pump_beg 1 0
1615122412419167 126273847801536 pump_end 1 2
1615122414162203 126273847801536 coll_beg 0 0
1615122423334766 126273847801536 coll_end 0 0
1615122425229117 126273847801536 emit_beg 357 0
1615122430847430 126273847801536 emit_end 357 0
1615122430852580 126273847801536 drain_beg 0 0
1615122430853220 126273847801536 drain_end 1 0
1615122430853900 126273847801536 subm_beg 1 0
1615122434109751 126273847801536 subm_end 1 0
1615122434110621 126273847801536 pump_beg 1 0
1615122450264758 126273847801536 pump_end 1 2
1615122453950812 126273847801536 coll_beg 0 0
1615122463604228 126273847801536 coll_end 0 0
1615122465956002 126273847801536 emit_beg 358 0
1615122471903103 126273847801536 emit_end 358 0
1615122471908643 126273847801536 drain_beg 0 0
1615122471909353 126273847801536 drain_end 1 0
1615122471910093 126273847801536 subm_beg 1 0
1615122475413954 126273847801536 subm_end 1 0
1615122475416614 126273847801536 pump_beg 1 0
1615122491624059 126273847801536 pump_end 1 2
1615122495181519 126273847801536 coll_beg 0 0
1615122502974463 126273847801536 coll_end 0 0
1615122505426203 126273847801536 emit_beg 359 0
1615122511502360 126273847801536 emit_end 359 0
1615122511506769 126273847801536 drain_beg 0 0
1615122511507339 126273847801536 drain_end 1 0
1615122511508099 126273847801536 subm_beg 1 0
1615122514909765 126273847801536 subm_end 1 0
1615122514910305 126273847801536 pump_beg 1 0
1615122531551564 126273847801536 pump_end 1 2
1615122533453654 126273847801536 coll_beg 0 0
1615122544088374 126273847801536 coll_end 0 0
1615122546625320 126273847801536 emit_beg 360 0
1615122552779904 126273847801536 emit_end 360 0
1615122552784294 126273847801536 drain_beg 0 0
1615122552784844 126273847801536 drain_end 1 0
1615122552785644 126273847801536 subm_beg 1 0
1615122556192939 126273847801536 subm_end 1 0
1615122556193359 126273847801536 pump_beg 1 0
1615122572403044 126273847801536 pump_end 1 2
1615122574272295 126273847801536 coll_beg 0 0
1615122582353409 126273847801536 coll_end 0 0
1615122584433702 126273847801536 emit_beg 361 0
1615122592191448 126273847801536 emit_end 361 0
1615122592195597 126273847801536 drain_beg 0 0
1615122592196267 126273847801536 drain_end 1 0
1615122592196917 126273847801536 subm_beg 1 0
1615122594058289 126273847801536 subm_end 1 0
1615122594058759 126273847801536 pump_beg 1 0
1615122610588322 126273847801536 pump_end 1 2
1615122614165621 126273847801536 coll_beg 0 0
1615122621560789 126273847801536 coll_end 0 0
1615122623514898 126273847801536 emit_beg 362 0
1615122629577605 126273847801536 emit_end 362 0
1615122629582525 126273847801536 drain_beg 0 0
1615122629583375 126273847801536 drain_end 1 0
1615122629584225 126273847801536 subm_beg 1 0
1615122632944272 126273847801536 subm_end 1 0
1615122632944772 126273847801536 pump_beg 1 0
1615122648853788 126273847801536 pump_end 1 2
1615122650752148 126273847801536 coll_beg 0 0
1615122659563894 126273847801536 coll_end 0 0
1615122661628259 126273847801536 emit_beg 363 0
1615122669490570 126273847801536 emit_end 363 0
1615122669495710 126273847801536 drain_beg 0 0
1615122669496380 126273847801536 drain_end 1 0
1615122669496980 126273847801536 subm_beg 1 0
1615122671408470 126273847801536 subm_end 1 0
1615122671408820 126273847801536 pump_beg 1 0
1615122686633741 126273847801536 pump_end 1 2
1615122688607428 126273847801536 coll_beg 0 0
1615122697148225 126273847801536 coll_end 0 0
1615122699095113 126273847801536 emit_beg 364 0
1615122704913630 126273847801536 emit_end 364 0
1615122704917960 126273847801536 drain_beg 0 0
1615122704918410 126273847801536 drain_end 1 0
1615122704918980 126273847801536 subm_beg 1 0
1615122708566496 126273847801536 subm_end 1 0
1615122708571196 126273847801536 pump_beg 1 0
1615122725331010 126273847801536 pump_end 1 2
1615122728214104 126273847801536 coll_beg 0 0
1615122735320494 126273847801536 coll_end 0 0
1615122737186305 126273847801536 emit_beg 365 0
1615122743158566 126273847801536 emit_end 365 0
1615122743162826 126273847801536 drain_beg 0 0
1615122743163586 126273847801536 drain_end 1 0
1615122743164595 126273847801536 subm_beg 1 0
1615122746468854 126273847801536 subm_end 1 0
1615122746469284 126273847801536 pump_beg 1 0
1615122763622365 126273847801536 pump_end 1 2
1615122766051645 126273847801536 coll_beg 0 0
1615122777751006 126273847801536 coll_end 0 0
1615122783607961 126273847801536 emit_beg 366 0
1615122789852632 126273847801536 emit_end 366 0
1615122789857312 126273847801536 drain_beg 0 0
1615122789857932 126273847801536 drain_end 1 0
1615122789858532 126273847801536 subm_beg 1 0
1615122793184839 126273847801536 subm_end 1 0
1615122793185299 126273847801536 pump_beg 1 0
1615122811114861 126273847801536 pump_end 1 2
1615122813845711 126273847801536 coll_beg 0 0
1615122825980926 126273847801536 coll_end 0 0
1615122829080782 126273847801536 emit_beg 367 0
1615122834983705 126273847801536 emit_end 367 0
1615122834988195 126273847801536 drain_beg 0 0
1615122834988545 126273847801536 drain_end 1 0
1615122834989025 126273847801536 subm_beg 1 0
1615122838634401 126273847801536 subm_end 1 0
1615122838634671 126273847801536 pump_beg 1 0
1615122855645477 126273847801536 pump_end 1 2
1615122857554266 126273847801536 coll_beg 0 0
1615122868240604 126273847801536 coll_end 0 0
1615122871379089 126273847801536 emit_beg 368 0
1615122875425230 126273847801536 emit_end 368 0
1615122875430340 126273847801536 drain_beg 0 0
1615122875431010 126273847801536 drain_end 1 0
1615122875431770 126273847801536 subm_beg 1 0
1615122878796707 126273847801536 subm_end 1 0
1615122878796997 126273847801536 pump_beg 1 0
1615122895008202 126273847801536 pump_end 1 2
1615122898152966 126273847801536 coll_beg 0 0
1615122909831257 126273847801536 coll_end 0 0
1615122911804065 126273847801536 emit_beg 369 0
1615122917576063 126273847801536 emit_end 369 0
1615122917579473 126273847801536 drain_beg 0 0
1615122917580043 126273847801536 drain_end 1 0
1615122917580573 126273847801536 subm_beg 1 0
1615122921078794 126273847801536 subm_end 1 0
1615122921079274 126273847801536 pump_beg 1 0
1615122936937752 126273847801536 pump_end 1 2
1615122938742806 126273847801536 coll_beg 0 0
1615122948209539 126273847801536 coll_end 0 0
1615122950698747 126273847801536 emit_beg 370 0
1615122956246914 126273847801536 emit_end 370 0
1615122956249893 126273847801536 drain_beg 0 0
1615122956250183 126273847801536 drain_end 1 0
1615122956250703 126273847801536 subm_beg 1 0
1615122959582711 126273847801536 subm_end 1 0
1615122959583431 126273847801536 pump_beg 1 0
1615122976298337 126273847801536 pump_end 1 2
1615122979763430 126273847801536 coll_beg 0 0
1615122991580087 126273847801536 coll_end 0 0
1615122995220053 126273847801536 emit_beg 371 0
1615123000935773 126273847801536 emit_end 371 0
1615123000943733 126273847801536 drain_beg 0 0
1615123000944843 126273847801536 drain_end 1 0
1615123000946143 126273847801536 subm_beg 1 0
1615123004228882 126273847801536 subm_end 1 0
1615123004230812 126273847801536 pump_beg 1 0
1615123021370553 126273847801536 pump_end 1 2
1615123024148641 126273847801536 coll_beg 0 0
1615123032543943 126273847801536 coll_end 0 0
1615123034402815 126273847801536 emit_beg 372 0
1615123039960660 126273847801536 emit_end 372 0
1615123039964100 126273847801536 drain_beg 0 0
1615123039964550 126273847801536 drain_end 1 0
1615123039965100 126273847801536 subm_beg 1 0
1615123043288968 126273847801536 subm_end 1 0
1615123043289458 126273847801536 pump_beg 1 0
1615123060241096 126273847801536 pump_end 1 2
1615123062913638 126273847801536 coll_beg 0 0
1615123070763180 126273847801536 coll_end 0 0
1615123072632761 126273847801536 emit_beg 373 0
1615123078064502 126273847801536 emit_end 373 0
1615123078068042 126273847801536 drain_beg 0 0
1615123078068482 126273847801536 drain_end 1 0
1615123078068952 126273847801536 subm_beg 1 0
1615123081415149 126273847801536 subm_end 1 0
1615123081415799 126273847801536 pump_beg 1 0
1615123097832856 126273847801536 pump_end 1 2
1615123100941612 126273847801536 coll_beg 0 0
1615123108285422 126273847801536 coll_end 0 0
1615123110190832 126273847801536 emit_beg 374 0
1615123115647432 126273847801536 emit_end 374 0
1615123115652502 126273847801536 drain_beg 0 0
1615123115653142 126273847801536 drain_end 1 0
1615123115653862 126273847801536 subm_beg 1 0
1615123118975010 126273847801536 subm_end 1 0
1615123118976030 126273847801536 pump_beg 1 0
1615123136098751 126273847801536 pump_end 1 2
1615123139221557 126273847801536 coll_beg 0 0
1615123147447495 126273847801536 coll_end 0 0
1615123149275798 126273847801536 emit_beg 375 0
1615123154855703 126273847801536 emit_end 375 0
1615123154860793 126273847801536 drain_beg 0 0
1615123154861723 126273847801536 drain_end 1 0
1615123154862463 126273847801536 subm_beg 1 0
1615123158200240 126273847801536 subm_end 1 0
1615123158200740 126273847801536 pump_beg 1 0
1615123175345811 126273847801536 pump_end 1 2
1615123178121879 126273847801536 coll_beg 0 0
1615123185790377 126273847801536 coll_end 0 0
1615123187633160 126273847801536 emit_beg 376 0
1615123193366709 126273847801536 emit_end 376 0
1615123193371849 126273847801536 drain_beg 0 0
1615123193372509 126273847801536 drain_end 1 0
1615123193373089 126273847801536 subm_beg 1 0
1615123196530233 126273847801536 subm_end 1 0
1615123196530733 126273847801536 pump_beg 1 0
1615123213840248 126273847801536 pump_end 1 2
1615123216506190 126273847801536 coll_beg 0 0
1615123224046403 126273847801536 coll_end 0 0
1615123225825338 126273847801536 emit_beg 377 0
1615123231407293 126273847801536 emit_end 377 0
1615123231411423 126273847801536 drain_beg 0 0
1615123231412003 126273847801536 drain_end 1 0
1615123231412633 126273847801536 subm_beg 1 0
1615123234651524 126273847801536 subm_end 1 0
1615123234651974 126273847801536 pump_beg 1 0
1615123251199076 126273847801536 pump_end 1 2
1615123254441297 126273847801536 coll_beg 0 0
1615123263041231 126273847801536 coll_end 0 0
1615123266801033 126273847801536 emit_beg 378 0
1615123273156320 126273847801536 emit_end 378 0
1615123273160400 126273847801536 drain_beg 0 0
1615123273161100 126273847801536 drain_end 1 0
1615123273161710 126273847801536 subm_beg 1 0
1615123276269486 126273847801536 subm_end 1 0
1615123276279855 126273847801536 pump_beg 1 0
1615123293448795 126273847801536 pump_end 1 2
1615123295246019 126273847801536 coll_beg 0 0
1615123303262005 126273847801536 coll_end 0 0
1615123305194334 126273847801536 emit_beg 379 0
1615123310989511 126273847801536 emit_end 379 0
1615123310996311 126273847801536 drain_beg 0 0
1615123310997031 126273847801536 drain_end 1 0
1615123310997891 126273847801536 subm_beg 1 0
1615123314262231 126273847801536 subm_end 1 0
1615123314264511 126273847801536 pump_beg 1 0
1615123330665919 126273847801536 pump_end 1 2
1615123332540650 126273847801536 coll_beg 0 0
1615123342339970 126273847801536 coll_end 0 0
1615123344729083 126273847801536 emit_beg 380 0
1615123348618040 126273847801536 emit_end 380 0
1615123348622230 126273847801536 drain_beg 0 0
1615123348622750 126273847801536 drain_end 1 0
1615123348623460 126273847801536 subm_beg 1 0
1615123351943848 126273847801536 subm_end 1 0
1615123351944218 126273847801536 pump_beg 1 0
1615123368459502 126273847801536 pump_end 1 2
1615123371584147 126273847801536 coll_beg 0 0
1615123378503003 126273847801536 coll_end 0 0
1615123381341879 126273847801536 emit_beg 381 0
1615123386735031 126273847801536 emit_end 381 0
1615123386738811 126273847801536 drain_beg 0 0
1615123386739211 126273847801536 drain_end 1 0
1615123386739951 126273847801536 subm_beg 1 0
1615123390137486 126273847801536 subm_end 1 0
1615123390137786 126273847801536 pump_beg 1 0
1615123405804141 126273847801536 pump_end 1 2
1615123408935856 126273847801536 coll_beg 0 0
1615123415399699 126273847801536 coll_end 0 0
1615123417285999 126273847801536 emit_beg 382 0
1615123423043068 126273847801536 emit_end 382 0
1615123423047308 126273847801536 drain_beg 0 0
1615123423047838 126273847801536 drain_end 1 0
1615123423048368 126273847801536 subm_beg 1 0
1615123426607117 126273847801536 subm_end 1 0
1615123426607377 126273847801536 pump_beg 1 0
1615123442229944 126273847801536 pump_end 1 2
1615123444350516 126273847801536 coll_beg 0 0
1615123451012551 126273847801536 coll_end 0 0
1615123452976769 126273847801536 emit_beg 383 0
1615123456822848 126273847801536 emit_end 383 0
1615123456827048 126273847801536 drain_beg 0 0
1615123456827618 126273847801536 drain_end 1 0
1615123456828398 126273847801536 subm_beg 1 0
1615123460400587 126273847801536 subm_end 1 0
1615123460401667 126273847801536 pump_beg 1 0
1615123476126449 126273847801536 pump_end 1 2
1615123478805461 126273847801536 coll_beg 0 0
1615123486112603 126273847801536 coll_end 0 0
1615123487988754 126273847801536 emit_beg 384 0
1615123493882748 126273847801536 emit_end 384 0
1615123493887917 126273847801536 drain_beg 0 0
1615123493888617 126273847801536 drain_end 1 0
1615123493889597 126273847801536 subm_beg 1 0
1615123497379469 126273847801536 subm_end 1 0
1615123497379769 126273847801536 pump_beg 1 0
1615123513696030 126273847801536 pump_end 1 2
1615123517024188 126273847801536 coll_beg 0 0
1615123524205114 126273847801536 coll_end 0 0
1615123526233660 126273847801536 emit_beg 385 0
1615123531958100 126273847801536 emit_end 385 0
1615123531961760 126273847801536 drain_beg 0 0
1615123531962060 126273847801536 drain_end 1 0
1615123531962500 126273847801536 subm_beg 1 0
1615123535479961 126273847801536 subm_end 1 0
1615123535480441 126273847801536 pump_beg 1 0
1615123551803601 126273847801536 pump_end 1 2
1615123553688242 126273847801536 coll_beg 0 0
1615123561330872 126273847801536 coll_end 0 0
1615123563322188 126273847801536 emit_beg 386 0
1615123569225302 126273847801536 emit_end 386 0
1615123569228712 126273847801536 drain_beg 0 0
1615123569229172 126273847801536 drain_end 1 0
1615123569229602 126273847801536 subm_beg 1 0
1615123572803400 126273847801536 subm_end 1 0
1615123572803810 126273847801536 pump_beg 1 0
1615123589326024 126273847801536 pump_end 1 2
1615123591213825 126273847801536 coll_beg 0 0
1615123599313897 126273847801536 coll_end 0 0
1615123601353522 126273847801536 emit_beg 387 0
1615123607196098 126273847801536 emit_end 387 0
1615123607200578 126273847801536 drain_beg 0 0
1615123607201278 126273847801536 drain_end 1 0
1615123607211867 126273847801536 subm_beg 1 0
1615123610764947 126273847801536 subm_end 1 0
1615123610771227 126273847801536 pump_beg 1 0
1615123628123570 126273847801536 pump_end 1 2
1615123630125776 126273847801536 coll_beg 0 0
1615123639327978 126273847801536 coll_end 0 0
1615123641439281 126273847801536 emit_beg 388 0
1615123649238295 126273847801536 emit_end 388 0
1615123649242994 126273847801536 drain_beg 0 0
1615123649243754 126273847801536 drain_end 1 0
1615123649244534 126273847801536 subm_beg 1 0
1615123651144375 126273847801536 subm_end 1 0
1615123651144745 126273847801536 pump_beg 1 0
1615123668728069 126273847801536 pump_end 1 2
1615123672040448 126273847801536 coll_beg 0 0
1615123684854657 126273847801536 coll_end 0 0
1615123688477554 126273847801536 emit_beg 389 0
1615123696506669 126273847801536 emit_end 389 0
1615123696512469 126273847801536 drain_beg 0 0
1615123696513089 126273847801536 drain_end 1 0
1615123696514019 126273847801536 subm_beg 1 0
1615123698430309 126273847801536 subm_end 1 0
1615123698431259 126273847801536 pump_beg 1 0
1615123716452127 126273847801536 pump_end 1 2
1615123718388076 126273847801536 coll_beg 0 0
1615123730512221 126273847801536 coll_end 0 0
1615123732849395 126273847801536 emit_beg 390 0
1615123740626030 126273847801536 emit_end 390 0
1615123740630400 126273847801536 drain_beg 0 0
1615123740631030 126273847801536 drain_end 1 0
1615123740631480 126273847801536 subm_beg 1 0
1615123742482062 126273847801536 subm_end 1 0
1615123742482452 126273847801536 pump_beg 1 0
1615123759146160 126273847801536 pump_end 1 2
1615123761731745 126273847801536 coll_beg 0 0
1615123770128597 126273847801536 coll_end 0 0
1615123772047946 126273847801536 emit_beg 391 0
1615123777783396 126273847801536 emit_end 391 0
1615123777786876 126273847801536 drain_beg 0 0
1615123777787286 126273847801536 drain_end 1 0
1615123777787676 126273847801536 subm_beg 1 0
1615123781304337 126273847801536 subm_end 1 0
1615123781304707 126273847801536 pump_beg 1 0
1615123796846286 126273847801536 pump_end 1 2
1615123799892214 126273847801536 coll_beg 0 0
1615123808325705 126273847801536 coll_end 0 0
1615123810354770 126273847801536 emit_beg 392 0
1615123816145748 126273847801536 emit_end 392 0
1615123816150267 126273847801536 drain_beg 0 0
1615123816150787 126273847801536 drain_end 1 0
1615123816151357 126273847801536 subm_beg 1 0
1615123819692857 126273847801536 subm_end 1 0
1615123819694357 126273847801536 pump_beg 1 0
1615123835864924 126273847801536 pump_end 1 2
1615123839356926 126273847801536 coll_beg 0 0
1615123846501073 126273847801536 coll_end 0 0
1615123848488940 126273847801536 emit_beg 393 0
1615123856322243 126273847801536 emit_end 393 0
1615123856326403 126273847801536 drain_beg 0 0
1615123856327003 126273847801536 drain_end 1 0
1615123856327623 126273847801536 subm_beg 1 0
1615123858241292 126273847801536 subm_end 1 0
1615123858241972 126273847801536 pump_beg 1 0
1615123873756273 126273847801536 pump_end 1 2
1615123875983401 126273847801536 coll_beg 0 0
1615123886098280 126273847801536 coll_end 0 0
1615123889712537 126273847801536 emit_beg 394 0
1615123896037305 126273847801536 emit_end 394 0
1615123896040685 126273847801536 drain_beg 0 0
1615123896041175 126273847801536 drain_end 1 0
1615123896041655 126273847801536 subm_beg 1 0
1615123899324824 126273847801536 subm_end 1 0
1615123899326434 126273847801536 pump_beg 1 0
1615123915184122 126273847801536 pump_end 1 2
1615123918387894 126273847801536 coll_beg 0 0
1615123925537002 126273847801536 coll_end 0 0
1615123927422643 126273847801536 emit_beg 395 0
1615123932861063 126273847801536 emit_end 395 0
1615123932864563 126273847801536 drain_beg 0 0
1615123932865333 126273847801536 drain_end 1 0
1615123932865863 126273847801536 subm_beg 1 0
1615123936222420 126273847801536 subm_end 1 0
1615123936223050 126273847801536 pump_beg 1 0
1615123952661706 126273847801536 pump_end 1 2
1615123955691045 126273847801536 coll_beg 0 0
1615123962965928 126273847801536 coll_end 0 0
1615123964828680 126273847801536 emit_beg 396 0
1615123970291039 126273847801536 emit_end 396 0
1615123970302619 126273847801536 drain_beg 0 0
1615123970303159 126273847801536 drain_end 1 0
1615123970303389 126273847801536 subm_beg 1 0
1615123973676835 126273847801536 subm_end 1 0
1615123973677515 126273847801536 pump_beg 1 0
1615123990184209 126273847801536 pump_end 1 2
1615123993521776 126273847801536 coll_beg 0 0
1615124002461118 126273847801536 coll_end 0 0
1615124004997865 126273847801536 emit_beg 397 0
1615124010716035 126273847801536 emit_end 397 0
1615124010721545 126273847801536 drain_beg 0 0
1615124010722145 126273847801536 drain_end 1 0
1615124010723115 126273847801536 subm_beg 1 0
1615124013932307 126273847801536 subm_end 1 0
1615124013933207 126273847801536 pump_beg 1 0
1615124030632244 126273847801536 pump_end 1 2
1615124033475890 126273847801536 coll_beg 0 0
1615124041969308 126273847801536 coll_end 0 0
1615124044925349 126273847801536 emit_beg 398 0
1615124050415148 126273847801536 emit_end 398 0
1615124050420268 126273847801536 drain_beg 0 0
1615124050421008 126273847801536 drain_end 1 0
1615124050421657 126273847801536 subm_beg 1 0
1615124053759335 126273847801536 subm_end 1 0
1615124053759795 126273847801536 pump_beg 1 0
1615124068685557 126273847801536 pump_end 1 2
1615124071576891 126273847801536 coll_beg 0 0
1615124077788033 126273847801536 coll_end 0 0
1615124079570898 126273847801536 emit_beg 399 0
1615124085100185 126273847801536 emit_end 399 0
1615124085104054 126273847801536 drain_beg 0 0
1615124085104774 126273847801536 drain_end 1 0
1615124085105304 126273847801536 subm_beg 1 0
1615124088348905 126273847801536 subm_end 1 0
1615124088350035 126273847801536 pump_beg 1 0
1615124106784838 126273847801536 pump_end 1 2
1615124108930200 126273847801536 coll_beg 0 0
1615124118296226 126273847801536 coll_end 0 0
1615124120698318 126273847801536 emit_beg 400 0
1615124126470956 126273847801536 emit_end 400 0
1615124126475696 126273847801536 drain_beg 0 0
1615124126476366 126273847801536 drain_end 1 0
1615124126476926 126273847801536 subm_beg 1 0
1615124129771105 126273847801536 subm_end 1 0
1615124129780124 126273847801536 pump_beg 1 0
1615124147602100 126273847801536 pump_end 1 2
1615124149538919 126273847801536 coll_beg 0 0
1615124158485801 126273847801536 coll_end 0 0
1615124160386761 126273847801536 emit_beg 401 0
1615124166420409 126273847801536 emit_end 401 0
1615124166425579 126273847801536 drain_beg 0 0
1615124166426219 126273847801536 drain_end 1 0
1615124166427239 126273847801536 subm_beg 1 0
1615124169539035 126273847801536 subm_end 1 0
1615124169539945 126273847801536 pump_beg 1 0
1615124187319732 126273847801536 pump_end 1 2
1615124189633127 126273847801536 coll_beg 0 0
1615124201993014 126273847801536 coll_end 0 0
1615124204690525 126273847801536 emit_beg 402 0
1615124210308728 126273847801536 emit_end 402 0
1615124210312918 126273847801536 drain_beg 0 0
1615124210313378 126273847801536 drain_end 1 0
1615124210313948 126273847801536 subm_beg 1 0
1615124213631426 126273847801536 subm_end 1 0
1615124213631716 126273847801536 pump_beg 1 0
1615124230039914 126273847801536 pump_end 1 2
1615124232984136 126273847801536 coll_beg 0 0
1615124240354985 126273847801536 coll_end 0 0
1615124242182188 126273847801536 emit_beg 403 0
1615124247658217 126273847801536 emit_end 403 0
1615124247661597 126273847801536 drain_beg 0 0
1615124247662097 126273847801536 drain_end 1 0
1615124247662807 126273847801536 subm_beg 1 0
1615124250951676 126273847801536 subm_end 1 0
1615124250952166 126273847801536 pump_beg 1 0
1615124267813157 126273847801536 pump_end 1 2
1615124270587555 126273847801536 coll_beg 0 0
1615124278573072 126273847801536 coll_end 0 0
1615124280991474 126273847801536 emit_beg 404 0
1615124286506521 126273847801536 emit_end 404 0
1615124286510431 126273847801536 drain_beg 0 0
1615124286510871 126273847801536 drain_end 1 0
1615124286511441 126273847801536 subm_beg 1 0
1615124289867268 126273847801536 subm_end 1 0
1615124289867808 126273847801536 pump_beg 1 0
1615124306664881 126273847801536 pump_end 1 2
1615124310176492 126273847801536 coll_beg 0 0
1615124317598080 126273847801536 coll_end 0 0
1615124319561168 126273847801536 emit_beg 405 0
1615124325093405 126273847801536 emit_end 405 0
1615124325097654 126273847801536 drain_beg 0 0
1615124325098324 126273847801536 drain_end 1 0
1615124325098894 126273847801536 subm_beg 1 0
1615124328329846 126273847801536 subm_end 1 0
1615124328330406 126273847801536 pump_beg 1 0
1615124343684492 126273847801536 pump_end 1 2
1615124347023930 126273847801536 coll_beg 0 0
1615124355633284 126273847801536 coll_end 0 0
1615124357669959 126273847801536 emit_beg 406 0
1615124361599375 126273847801536 emit_end 406 0
1615124361603304 126273847801536 drain_beg 0 0
1615124361603714 126273847801536 drain_end 1 0
1615124361604374 126273847801536 subm_beg 1 0
1615124365233991 126273847801536 subm_end 1 0
1615124365234271 126273847801536 pump_beg 1 0
1615124381552982 126273847801536 pump_end 1 2
1615124384548032 126273847801536 coll_beg 0 0
1615124392858277 126273847801536 coll_end 0 0
1615124394822055 126273847801536 emit_beg 407 0
1615124402366878 126273847801536 emit_end 407 0
1615124402370568 126273847801536 drain_beg 0 0
1615124402370978 126273847801536 drain_end 1 0
1615124402371268 126273847801536 subm_beg 1 0
1615124405888759 126273847801536 subm_end 1 0
1615124405889109 126273847801536 pump_beg 1 0
1615124421140589 126273847801536 pump_end 1 2
1615124424408279 126273847801536 coll_beg 0 0
1615124431341114 126273847801536 coll_end 0 0
1615124433253424 126273847801536 emit_beg 408 0
1615124437371513 126273847801536 emit_end 408 0
1615124437376303 126273847801536 drain_beg 0 0
1615124437377203 126273847801536 drain_end 1 0
1615124437378013 126273847801536 subm_beg 1 0
1615124440842836 126273847801536 subm_end 1 0
1615124440843436 126273847801536 pump_beg 1 0
1615124457636979 126273847801536 pump_end 1 2
1615124460630239 126273847801536 coll_beg 0 0
1615124469717486 126273847801536 coll_end 0 0
1615124471695343 126273847801536 emit_beg 409 0
1615124477494350 126273847801536 emit_end 409 0
1615124477498410 126273847801536 drain_beg 0 0
1615124477498700 126273847801536 drain_end 1 0
1615124477499110 126273847801536 subm_beg 1 0
1615124481092508 126273847801536 subm_end 1 0
1615124481092828 126273847801536 pump_beg 1 0
1615124498143172 126273847801536 pump_end 1 2
1615124500038473 126273847801536 coll_beg 0 0
1615124508432994 126273847801536 coll_end 0 0
1615124510310865 126273847801536 emit_beg 410 0
1615124516377653 126273847801536 emit_end 410 0
1615124516381793 126273847801536 drain_beg 0 0
1615124516382333 126273847801536 drain_end 1 0
1615124516383213 126273847801536 subm_beg 1 0
1615124519923463 126273847801536 subm_end 1 0
1615124519923803 126273847801536 pump_beg 1 0
1615124535237521 126273847801536 pump_end 1 2
1615124537550896 126273847801536 coll_beg 0 0
1615124544387695 126273847801536 coll_end 0 0
1615124547082536 126273847801536 emit_beg 411 0
1615124554710976 126273847801536 emit_end 411 0
1615124554714826 126273847801536 drain_beg 0 0
1615124554715466 126273847801536 drain_end 1 0
1615124554715876 126273847801536 subm_beg 1 0
1615124556592317 126273847801536 subm_end 1 0
1615124556592667 126273847801536 pump_beg 1 0
1615124572754243 126273847801536 pump_end 1 2
1615124574627675 126273847801536 coll_beg 0 0
1615124582258084 126273847801536 coll_end 0 0
1615124584224752 126273847801536 emit_beg 412 0
1615124589837186 126273847801536 emit_end 412 0
1615124589840426 126273847801536 drain_beg 0 0
1615124589840766 126273847801536 drain_end 1 0
1615124589841096 126273847801536 subm_beg 1 0
1615124593436934 126273847801536 subm_end 1 0
1615124593437314 126273847801536 pump_beg 1 0
1615124610177180 126273847801536 pump_end 1 2
1615124612091929 126273847801536 coll_beg 0 0
1615124622831815 126273847801536 coll_end 0 0
1615124626495651 126273847801536 emit_beg 413 0
1615124633371258 126273847801536 emit_end 413 0
1615124633375138 126273847801536 drain_beg 0 0
1615124633375708 126273847801536 drain_end 1 0
1615124633376438 126273847801536 subm_beg 1 0
1615124636855590 126273847801536 subm_end 1 0
1615124636855970 126273847801536 pump_beg 1 0
1615124653632224 126273847801536 pump_end 1 2
1615124656326316 126273847801536 coll_beg 0 0
1615124663419335 126273847801536 coll_end 0 0
1615124665322835 126273847801536 emit_beg 414 0
1615124671043115 126273847801536 emit_end 414 0
1615124671062064 126273847801536 drain_beg 0 0
1615124671062684 126273847801536 drain_end 1 0
1615124671063124 126273847801536 subm_beg 1 0
1615124674613954 126273847801536 subm_end 1 0
1615124674614214 126273847801536 pump_beg 1 0
1615124690825419 126273847801536 pump_end 1 2
1615124692964320 126273847801536 coll_beg 0 0
1615124699868877 126273847801536 coll_end 0 0
1615124701795536 126273847801536 emit_beg 415 0
1615124707414330 126273847801536 emit_end 415 0
1615124707418320 126273847801536 drain_beg 0 0
1615124707418720 126273847801536 drain_end 1 0
1615124707419240 126273847801536 subm_beg 1 0
1615124710977239 126273847801536 subm_end 1 0
1615124710977739 126273847801536 pump_beg 1 0
1615124727200984 126273847801536 pump_end 1 2
1615124729091204 126273847801536 coll_beg 0 0
1615124736112907 126273847801536 coll_end 0 0
1615124738021227 126273847801536 emit_beg 416 0
1615124743755686 126273847801536 emit_end 416 0
1615124743758996 126273847801536 drain_beg 0 0
1615124743759476 126273847801536 drain_end 1 0
1615124743759976 126273847801536 subm_beg 1 0
1615124747286546 126273847801536 subm_end 1 0
1615124747286996 126273847801536 pump_beg 1 0
1615124764021782 126273847801536 pump_end 1 2
1615124767527173 126273847801536 coll_beg 0 0
1615124775336117 126273847801536 coll_end 0 0
1615124777988659 126273847801536 emit_beg 417 0
1615124783718939 126273847801536 emit_end 417 0
1615124783722679 126273847801536 drain_beg 0 0
1615124783723249 126273847801536 drain_end 1 0
1615124783724399 126273847801536 subm_beg 1 0
1615124787240590 126273847801536 subm_end 1 0
1615124787240940 126273847801536 pump_beg 1 0
1615124804939570 126273847801536 pump_end 1 2
1615124808064435 126273847801536 coll_beg 0 0
1615124820279177 126273847801536 coll_end 0 0
1615124822601812 126273847801536 emit_beg 418 0
1615124826508088 126273847801536 emit_end 418 0
1615124826512338 126273847801536 drain_beg 0 0
1615124826512918 126273847801536 drain_end 1 0
1615124826513588 126273847801536 subm_beg 1 0
1615124829996480 126273847801536 subm_end 1 0
1615124829996920 126273847801536 pump_beg 1 0
1615124846756205 126273847801536 pump_end 1 2
1615124848713763 126273847801536 coll_beg 0 0
1615124857399074 126273847801536 coll_end 0 0
1615124860231520 126273847801536 emit_beg 419 0
1615124867368918 126273847801536 emit_end 419 0
1615124867373068 126273847801536 drain_beg 0 0
1615124867373998 126273847801536 drain_end 1 0
1615124867374558 126273847801536 subm_beg 1 0
1615124870795443 126273847801536 subm_end 1 0
1615124870795972 126273847801536 pump_beg 1 0
1615124887879735 126273847801536 pump_end 1 2
1615124890296467 126273847801536 coll_beg 0 0
1615124897797281 126273847801536 coll_end 0 0
1615124899964832 126273847801536 emit_beg 420 0
1615124905493909 126273847801536 emit_end 420 0
1615124905497469 126273847801536 drain_beg 0 0
1615124905497909 126273847801536 drain_end 1 0
1615124905498399 126273847801536 subm_beg 1 0
1615124908918283 126273847801536 subm_end 1 0
1615124908918643 126273847801536 pump_beg 1 0
1615124925703457 126273847801536 pump_end 1 2
1615124928400968 126273847801536 coll_beg 0 0
1615124936581518 126273847801536 coll_end 0 0
1615124938832385 126273847801536 emit_beg 421 0
1615124944851324 126273847801536 emit_end 421 0
1615124944860384 126273847801536 drain_beg 0 0
1615124944861384 126273847801536 drain_end 1 0
1615124944862694 126273847801536 subm_beg 1 0
1615124947842584 126273847801536 subm_end 1 0
1615124947843514 126273847801536 pump_beg 1 0
1615124964280411 126273847801536 pump_end 1 2
1615124966161562 126273847801536 coll_beg 0 0
1615124974114820 126273847801536 coll_end 0 0
1615124975923433 126273847801536 emit_beg 422 0
1615124981403832 126273847801536 emit_end 422 0
1615124981407422 126273847801536 drain_beg 0 0
1615124981407852 126273847801536 drain_end 1 0
1615124981408452 126273847801536 subm_beg 1 0
1615124984659503 126273847801536 subm_end 1 0
1615124984670792 126273847801536 pump_beg 1 0
1615125001112969 126273847801536 pump_end 1 2
1615125012081666 126273847801536 coll_beg 0 0
1615125019827732 126273847801536 coll_end 0 0
1615125021678434 126273847801536 emit_beg 423 0
1615125025366818 126273847801536 emit_end 423 0
1615125025370968 126273847801536 drain_beg 0 0
1615125025371628 126273847801536 drain_end 1 0
1615125025372388 126273847801536 subm_beg 1 0
1615125028810072 126273847801536 subm_end 1 0
1615125028810472 126273847801536 pump_beg 1 0
1615125045219430 126273847801536 pump_end 1 2
1615125048104674 126273847801536 coll_beg 0 0
1615125055730994 126273847801536 coll_end 0 0
1615125057525618 126273847801536 emit_beg 424 0
1615125062962888 126273847801536 emit_end 424 0
1615125062966468 126273847801536 drain_beg 0 0
1615125062967138 126273847801536 drain_end 1 0
1615125062967818 126273847801536 subm_beg 1 0
1615125066251398 126273847801536 subm_end 1 0
1615125066251848 126273847801536 pump_beg 1 0
1615125082904156 126273847801536 pump_end 1 2
1615125085671245 126273847801536 coll_beg 0 0
1615125092967377 126273847801536 coll_end 0 0
1615125094821729 126273847801536 emit_beg 425 0
1615125100332427 126273847801536 emit_end 425 0
1615125100335786 126273847801536 drain_beg 0 0
1615125100336256 126273847801536 drain_end 1 0
1615125100337106 126273847801536 subm_beg 1 0
1615125103688903 126273847801536 subm_end 1 0
1615125103689263 126273847801536 pump_beg 1 0
1615125119953166 126273847801536 pump_end 1 2
1615125123167748 126273847801536 coll_beg 0 0
1615125131065078 126273847801536 coll_end 0 0
1615125133877975 126273847801536 emit_beg 426 0
1615125139381613 126273847801536 emit_end 426 0
1615125139386533 126273847801536 drain_beg 0 0
1615125139387183 126273847801536 drain_end 1 0
1615125139387673 126273847801536 subm_beg 1 0
1615125142646833 126273847801536 subm_end 1 0
1615125142647183 126273847801536 pump_beg 1 0
1615125158983244 126273847801536 pump_end 1 2
1615125162210485 126273847801536 coll_beg 0 0
1615125172485018 126273847801536 coll_end 0 0
1615125174655928 126273847801536 emit_beg 427 0
1615125180174196 126273847801536 emit_end 427 0
1615125180178435 126273847801536 drain_beg 0 0
1615125180179185 126273847801536 drain_end 1 0
1615125180179985 126273847801536 subm_beg 1 0
1615125183571261 126273847801536 subm_end 1 0
1615125183579791 126273847801536 pump_beg 1 0
1615125199842634 126273847801536 pump_end 1 2
1615125202862663 126273847801536 coll_beg 0 0
1615125212290627 126273847801536 coll_end 0 0
1615125214404489 126273847801536 emit_beg 428 0
1615125220212536 126273847801536 emit_end 428 0
1615125220217336 126273847801536 drain_beg 0 0
1615125220217916 126273847801536 drain_end 1 0
1615125220218546 126273847801536 subm_beg 1 0
1615125223527174 126273847801536 subm_end 1 0
1615125223527634 126273847801536 pump_beg 1 0
1615125240015509 126273847801536 pump_end 1 2
1615125241891120 126273847801536 coll_beg 0 0
1615125250301111 126273847801536 coll_end 0 0
1615125252215761 126273847801536 emit_beg 429 0
1615125257609113 126273847801536 emit_end 429 0
1615125257613303 126273847801536 drain_beg 0 0
1615125257614073 126273847801536 drain_end 1 0
1615125257614733 126273847801536 subm_beg 1 0
1615125260884393 126273847801536 subm_end 1 0
1615125260884953 126273847801536 pump_beg 1 0
1615125278156459 126273847801536 pump_end 1 2
1615125281227416 126273847801536 coll_beg 0 0
1615125290664840 126273847801536 coll_end 0 0
1615125293011553 126273847801536 emit_beg 430 0
1615125298962225 126273847801536 emit_end 430 0
1615125298967485 126273847801536 drain_beg 0 0
1615125298968285 126273847801536 drain_end 1 0
1615125298969135 126273847801536 subm_beg 1 0
1615125302334711 126273847801536 subm_end 1 0
1615125302335141 126273847801536 pump_beg 1 0
1615125319073707 126273847801536 pump_end 1 2
1615125322411844 126273847801536 coll_beg 0 0
1615125330553365 126273847801536 coll_end 0 0
1615125332586031 126273847801536 emit_beg 431 0
1615125338866870 126273847801536 emit_end 431 0
1615125338878480 126273847801536 drain_beg 0 0
1615125338879940 126273847801536 drain_end 1 0
1615125338891779 126273847801536 subm_beg 1 0
1615125342022294 126273847801536 subm_end 1 0
1615125342022934 126273847801536 pump_beg 1 0
1615125358317606 126273847801536 pump_end 1 2
1615125361375774 126273847801536 coll_beg 0 0
1615125369890791 126273847801536 coll_end 0 0
1615125371978675 126273847801536 emit_beg 432 0
1615125377934056 126273847801536 emit_end 432 0
1615125377939396 126273847801536 drain_beg 0 0
1615125377939926 126273847801536 drain_end 1 0
1615125377940606 126273847801536 subm_beg 1 0
1615125381384529 126273847801536 subm_end 1 0
1615125381384949 126273847801536 pump_beg 1 0
1615125397168300 126273847801536 pump_end 1 2
1615125399035821 126273847801536 coll_beg 0 0
1615125406280425 126273847801536 coll_end 0 0
1615125408260533 126273847801536 emit_beg 433 0
1615125413953974 126273847801536 emit_end 433 0
1615125413957584 126273847801536 drain_beg 0 0
1615125413958024 126273847801536 drain_end 1 0
1615125413958644 126273847801536 subm_beg 1 0
1615125417605320 126273847801536 subm_end 1 0
1615125417605880 126273847801536 pump_beg 1 0
1615125433713678 126273847801536 pump_end 1 2
1615125435646037 126273847801536 coll_beg 0 0
1615125441932277 126273847801536 coll_end 0 0
1615125443813128 126273847801536 emit_beg 434 0
1615125449700912 126273847801536 emit_end 434 0
1615125449705671 126273847801536 drain_beg 0 0
1615125449706241 126273847801536 drain_end 1 0
1615125449706891 126273847801536 subm_beg 1 0
1615125453155405 126273847801536 subm_end 1 0
1615125453156255 126273847801536 pump_beg 1 0
1615125469360400 126273847801536 pump_end 1 2
1615125471903906 126273847801536 coll_beg 0 0
1615125480245970 126273847801536 coll_end 0 0
1615125482642172 126273847801536 emit_beg 435 0
1615125488423670 126273847801536 emit_end 435 0
1615125488427500 126273847801536 drain_beg 0 0
1615125488427850 126273847801536 drain_end 1 0
1615125488428290 126273847801536 subm_beg 1 0
1615125491891403 126273847801536 subm_end 1 0
1615125491892183 126273847801536 pump_beg 1 0
1615125508786373 126273847801536 pump_end 1 2
1615125512414799 126273847801536 coll_beg 0 0
1615125520111007 126273847801536 coll_end 0 0
1615125523542681 126273847801536 emit_beg 436 0
1615125531157501 126273847801536 emit_end 436 0
1615125531162371 126273847801536 drain_beg 0 0
1615125531163081 126273847801536 drain_end 1 0
1615125531163811 126273847801536 subm_beg 1 0
1615125533057782 126273847801536 subm_end 1 0
1615125533058192 126273847801536 pump_beg 1 0
1615125549862535 126273847801536 pump_end 1 2
1615125552487918 126273847801536 coll_beg 0 0
1615125559727613 126273847801536 coll_end 0 0
1615125561828976 126273847801536 emit_beg 437 0
1615125567587054 126273847801536 emit_end 437 0
1615125567590434 126273847801536 drain_beg 0 0
1615125567590904 126273847801536 drain_end 1 0
1615125567591424 126273847801536 subm_beg 1 0
1615125571027518 126273847801536 subm_end 1 0
1615125571027908 126273847801536 pump_beg 1 0
1615125587910308 126273847801536 pump_end 1 2
1615125591484807 126273847801536 coll_beg 0 0
1615125599214283 126273847801536 coll_end 0 0
1615125601170171 126273847801536 emit_beg 438 0
1615125606992658 126273847801536 emit_end 438 0
1615125606996597 126273847801536 drain_beg 0 0
1615125606996917 126273847801536 drain_end 1 0
1615125606997787 126273847801536 subm_beg 1 0
1615125610546267 126273847801536 subm_end 1 0
1615125610546537 126273847801536 pump_beg 1 0
1615125628827486 126273847801536 pump_end 1 2
1615125631605974 126273847801536 coll_beg 0 0
1615125639724966 126273847801536 coll_end 0 0
1615125642601070 126273847801536 emit_beg 439 0
1615125648573911 126273847801536 emit_end 439 0
1615125648579181 126273847801536 drain_beg 0 0
1615125648579541 126273847801536 drain_end 1 0
1615125648580361 126273847801536 subm_beg 1 0
1615125651929988 126273847801536 subm_end 1 0
1615125651930248 126273847801536 pump_beg 1 0
1615125669725895 126273847801536 pump_end 1 2
1615125673584573 126273847801536 coll_beg 0 0
1615125681753663 126273847801536 coll_end 0 0
1615125684645787 126273847801536 emit_beg 440 0
1615125690567860 126273847801536 emit_end 440 0
1615125690580809 126273847801536 drain_beg 0 0
1615125690581439 126273847801536 drain_end 1 0
1615125690582029 126273847801536 subm_beg 1 0
1615125693938166 126273847801536 subm_end 1 0
1615125693938576 126273847801536 pump_beg 1 0
1615125712216775 126273847801536 pump_end 1 2
1615125715433017 126273847801536 coll_beg 0 0
1615125725144320 126273847801536 coll_end 0 0
1615125727394908 126273847801536 emit_beg 441 0
1615125733221834 126273847801536 emit_end 441 0
1615125733225844 126273847801536 drain_beg 0 0
1615125733226304 126273847801536 drain_end 1 0
1615125733226984 126273847801536 subm_beg 1 0
1615125736736955 126273847801536 subm_end 1 0
1615125736737365 126273847801536 pump_beg 1 0
1615125754559131 126273847801536 pump_end 1 2
1615125756450111 126273847801536 coll_beg 0 0
1615125764849533 126273847801536 coll_end 0 0
1615125766701405 126273847801536 emit_beg 442 0
1615125772230282 126273847801536 emit_end 442 0
1615125772234932 126273847801536 drain_beg 0 0
1615125772235472 126273847801536 drain_end 1 0
1615125772236222 126273847801536 subm_beg 1 0
1615125775572499 126273847801536 subm_end 1 0
1615125775573019 126273847801536 pump_beg 1 0
1615125791986397 126273847801536 pump_end 1 2
1615125793897736 126273847801536 coll_beg 0 0
1615125801372482 126273847801536 coll_end 0 0
1615125803177266 126273847801536 emit_beg 443 0
1615125808591637 126273847801536 emit_end 443 0
1615125808595357 126273847801536 drain_beg 0 0
1615125808595667 126273847801536 drain_end 1 0
1615125808596427 126273847801536 subm_beg 1 0
1615125819018424 126273847801536 subm_end 1 0
1615125819019184 126273847801536 pump_beg 1 0
1615125835148202 126273847801536 pump_end 1 2
1615125837320932 126273847801536 coll_beg 0 0
1615125844054635 126273847801536 coll_end 0 0
1615125845864709 126273847801536 emit_beg 444 0
1615125851365877 126273847801536 emit_end 444 0
1615125851370377 126273847801536 drain_beg 0 0
1615125851370787 126273847801536 drain_end 1 0
1615125851371537 126273847801536 subm_beg 1 0
1615125854668976 126273847801536 subm_end 1 0
1615125854669496 126273847801536 pump_beg 1 0
1615125870462746 126273847801536 pump_end 1 2
1615125872234761 126273847801536 coll_beg 0 0
1615125879399938 126273847801536 coll_end 0 0
1615125881368765 126273847801536 emit_beg 445 0
1615125886966290 126273847801536 emit_end 445 0
1615125886970110 126273847801536 drain_beg 0 0
1615125886970650 126273847801536 drain_end 1 0
1615125886971360 126273847801536 subm_beg 1 0
1615125890319707 126273847801536 subm_end 1 0
1615125890320227 126273847801536 pump_beg 1 0
1615125905942803 126273847801536 pump_end 1 2
1615125909027960 126273847801536 coll_beg 0 0
1615125915682316 126273847801536 coll_end 0 0
1615125918634157 126273847801536 emit_beg 446 0
1615125924069528 126273847801536 emit_end 446 0
1615125924073148 126273847801536 drain_beg 0 0
1615125924073458 126273847801536 drain_end 1 0
1615125924074168 126273847801536 subm_beg 1 0
1615125927484783 126273847801536 subm_end 1 0
1615125927485173 126273847801536 pump_beg 1 0
1615125943635440 126273847801536 pump_end 1 2
1615125946034122 126273847801536 coll_beg 0 0
1615125953351773 126273847801536 coll_end 0 0
1615125955231774 126273847801536 emit_beg 447 0
1615125960630296 126273847801536 emit_end 447 0
1615125960633566 126273847801536 drain_beg 0 0
1615125960633916 126273847801536 drain_end 1 0
1615125960634406 126273847801536 subm_beg 1 0
1615125963929685 126273847801536 subm_end 1 0
1615125963930265 126273847801536 pump_beg 1 0
1615125980420999 126273847801536 pump_end 1 2
1615125983466668 126273847801536 coll_beg 0 0
1615125990388894 126273847801536 coll_end 0 0
1615125992195727 126273847801536 emit_beg 448 0
1615125997601709 126273847801536 emit_end 448 0
1615125997606668 126273847801536 drain_beg 0 0
1615125997607198 126273847801536 drain_end 1 0
1615125997607748 126273847801536 subm_beg 1 0
1615126000996094 126273847801536 subm_end 1 0
1615126000996704 126273847801536 pump_beg 1 0
1615126017205709 126273847801536 pump_end 1 2
1615126020043305 126273847801536 coll_beg 0 0
1615126027207022 126273847801536 coll_end 0 0
1615126029232578 126273847801536 emit_beg 449 0
1615126034829372 126273847801536 emit_end 449 0
1615126034833692 126273847801536 drain_beg 0 0
1615126034834292 126273847801536 drain_end 1 0
1615126034835332 126273847801536 subm_beg 1 0
1615126038220388 126273847801536 subm_end 1 0
1615126038221238 126273847801536 pump_beg 1 0
1615126053738648 126273847801536 pump_end 1 2
1615126055539202 126273847801536 coll_beg 0 0
1615126062301854 126273847801536 coll_end 0 0
1615126064116787 126273847801536 emit_beg 450 0
1615126069443282 126273847801536 emit_end 450 0
1615126069446951 126273847801536 drain_beg 0 0
1615126069447271 126273847801536 drain_end 1 0
1615126069447781 126273847801536 subm_beg 1 0
1615126072861836 126273847801536 subm_end 1 0
1615126072862346 126273847801536 pump_beg 1 0
1615126089650390 126273847801536 pump_end 1 2
1615126091748663 126273847801536 coll_beg 0 0
1615126100405575 126273847801536 coll_end 0 0
1615126103433794 126273847801536 emit_beg 451 0
1615126109113405 126273847801536 emit_end 451 0
1615126109118745 126273847801536 drain_beg 0 0
1615126109119495 126273847801536 drain_end 1 0
1615126109120345 126273847801536 subm_beg 1 0
1615126112324427 126273847801536 subm_end 1 0
1615126112325947 126273847801536 pump_beg 1 0
1615126130054777 126273847801536 pump_end 1 2
1615126132921971 126273847801536 coll_beg 0 0
1615126141735458 126273847801536 coll_end 0 0
1615126144102551 126273847801536 emit_beg 452 0
1615126149719375 126273847801536 emit_end 452 0
1615126149724424 126273847801536 drain_beg 0 0
1615126149724914 126273847801536 drain_end 1 0
1615126149725694 126273847801536 subm_beg 1 0
1615126152931757 126273847801536 subm_end 1 0
1615126152932727 126273847801536 pump_beg 1 0
1615126171440277 126273847801536 pump_end 1 2
1615126174649259 126273847801536 coll_beg 0 0
1615126183265233 126273847801536 coll_end 0 0
1615126186128428 126273847801536 emit_beg 453 0
1615126191753392 126273847801536 emit_end 453 0
1615126191757801 126273847801536 drain_beg 0 0
1615126191758261 126273847801536 drain_end 1 0
1615126191758771 126273847801536 subm_beg 1 0
1615126194916695 126273847801536 subm_end 1 0
1615126194918025 126273847801536 pump_beg 1 0
1615126212159283 126273847801536 pump_end 1 2
1615126214737088 126273847801536 coll_beg 0 0
1615126222296990 126273847801536 coll_end 0 0
1615126224338326 126273847801536 emit_beg 454 0
1615126230061045 126273847801536 emit_end 454 0
1615126230065465 126273847801536 drain_beg 0 0
1615126230065945 126273847801536 drain_end 1 0
1615126230066445 126273847801536 subm_beg 1 0
1615126233641414 126273847801536 subm_end 1 0
1615126233642944 126273847801536 pump_beg 1 0
1615126250928779 126273847801536 pump_end 1 2
1615126253651889 126273847801536 coll_beg 0 0
1615126261213722 126273847801536 coll_end 0 0
1615126263137651 126273847801536 emit_beg 455 0
1615126267063447 126273847801536 emit_end 455 0
1615126267068257 126273847801536 drain_beg 0 0
1615126267068847 126273847801536 drain_end 1 0
1615126267069697 126273847801536 subm_beg 1 0
1615126270690104 126273847801536 subm_end 1 0
1615126270690474 126273847801536 pump_beg 1 0
1615126287905662 126273847801536 pump_end 1 2
1615126290984029 126273847801536 coll_beg 0 0
1615126298600819 126273847801536 coll_end 0 0
1615126300514249 126273847801536 emit_beg 456 0
1615126306639864 126273847801536 emit_end 456 0
1615126306643294 126273847801536 drain_beg 0 0
1615126306643674 126273847801536 drain_end 1 0
1615126306644424 126273847801536 subm_beg 1 0
1615126310252172 126273847801536 subm_end 1 0
1615126310253682 126273847801536 pump_beg 1 0
1615126326540454 126273847801536 pump_end 1 2
1615126328434564 126273847801536 coll_beg 0 0
1615126337460843 126273847801536 coll_end 0 0
1615126339380312 126273847801536 emit_beg 457 0
1615126345186699 126273847801536 emit_end 457 0
1615126345191019 126273847801536 drain_beg 0 0
1615126345191609 126273847801536 drain_end 1 0
1615126345192079 126273847801536 subm_beg 1 0
1615126348656942 126273847801536 subm_end 1 0
1615126348658182 126273847801536 pump_beg 1 0
1615126365657578 126273847801536 pump_end 1 2
1615126368836921 126273847801536 coll_beg 0 0
1615126376313727 126273847801536 coll_end 0 0
1615126378274915 126273847801536 emit_beg 458 0
1615126384290924 126273847801536 emit_end 458 0
1615126384298103 126273847801536 drain_beg 0 0
1615126384298893 126273847801536 drain_end 1 0
1615126384299823 126273847801536 subm_beg 1 0
1615126387628861 126273847801536 subm_end 1 0
1615126387629561 126273847801536 pump_beg 1 0
1615126403625134 126273847801536 pump_end 1 2
1615126405525624 126273847801536 coll_beg 0 0
1615126414222705 126273847801536 coll_end 0 0
1615126416218392 126273847801536 emit_beg 459 0
1615126423908819 126273847801536 emit_end 459 0
1615126423912429 126273847801536 drain_beg 0 0
1615126423913109 126273847801536 drain_end 1 0
1615126423913489 126273847801536 subm_beg 1 0
1615126425815579 126273847801536 subm_end 1 0
1615126425815809 126273847801536 pump_beg 1 0
1615126443675684 126273847801536 pump_end 1 2
1615126445538685 126273847801536 coll_beg 0 0
1615126453173185 126273847801536 coll_end 0 0
1615126455132543 126273847801536 emit_beg 460 0
1615126460857513 126273847801536 emit_end 460 0
1615126460861863 126273847801536 drain_beg 0 0
1615126460862393 126273847801536 drain_end 1 0
1615126460862833 126273847801536 subm_beg 1 0
1615126464324866 126273847801536 subm_end 1 0
1615126464325256 126273847801536 pump_beg 1 0
1615126481399769 126273847801536 pump_end 1 2
1615126483858779 126273847801536 coll_beg 0 0
1615126492083037 126273847801536 coll_end 0 0
1615126494019046 126273847801536 emit_beg 461 0
1615126501681774 126273847801536 emit_end 461 0
1615126501685914 126273847801536 drain_beg 0 0
1615126501686674 126273847801536 drain_end 1 0
1615126501687104 126273847801536 subm_beg 1 0
1615126503584505 126273847801536 subm_end 1 0
1615126503584945 126273847801536 pump_beg 1 0
1615126519818249 126273847801536 pump_end 1 2
1615126522259539 126273847801536 coll_beg 0 0
1615126529408837 126273847801536 coll_end 0 0
1615126531295967 126273847801536 emit_beg 462 0
1615126537005768 126273847801536 emit_end 462 0
1615126537009458 126273847801536 drain_beg 0 0
1615126537013397 126273847801536 drain_end 1 0
1615126537014297 126273847801536 subm_beg 1 0
1615126540526348 126273847801536 subm_end 1 0
1615126540527418 126273847801536 pump_beg 1 0
1615126557116120 126273847801536 pump_end 1 2
1615126560134539 126273847801536 coll_beg 0 0
1615126570785608 126273847801536 coll_end 0 0
1615126573517497 126273847801536 emit_beg 463 0
1615126577475122 126273847801536 emit_end 463 0
1615126577479012 126273847801536 drain_beg 0 0
1615126577479412 126273847801536 drain_end 1 0
1615126577479952 126273847801536 subm_beg 1 0
1615126581011572 126273847801536 subm_end 1 0
1615126581011962 126273847801536 pump_beg 1 0
1615126597981339 126273847801536 pump_end 1 2
1615126600730238 126273847801536 coll_beg 0 0
1615126612323553 126273847801536 coll_end 0 0
1615126614341429 126273847801536 emit_beg 464 0
1615126620146896 126273847801536 emit_end 464 0
1615126620150836 126273847801536 drain_beg 0 0
1615126620151456 126273847801536 drain_end 1 0
1615126620151896 126273847801536 subm_beg 1 0
1615126623637818 126273847801536 subm_end 1 0
1615126623638897 126273847801536 pump_beg 1 0
1615126640550207 126273847801536 pump_end 1 2
1615126642391319 126273847801536 coll_beg 0 0
1615126650238091 126273847801536 coll_end 0 0
1615126652177290 126273847801536 emit_beg 465 0
1615126658293865 126273847801536 emit_end 465 0
1615126658298615 126273847801536 drain_beg 0 0
1615126658299175 126273847801536 drain_end 1 0
1615126658299745 126273847801536 subm_beg 1 0
1615126661723269 126273847801536 subm_end 1 0
1615126661724729 126273847801536 pump_beg 1 0
1615126677558828 126273847801536 pump_end 1 2
1615126679518116 126273847801536 coll_beg 0 0
1615126686287638 126273847801536 coll_end 0 0
1615126689002598 126273847801536 emit_beg 466 0
1615126692797589 126273847801536 emit_end 466 0
1615126692802639 126273847801536 drain_beg 0 0
1615126692803049 126273847801536 drain_end 1 0
1615126692803789 126273847801536 subm_beg 1 0
1615126696113117 126273847801536 subm_end 1 0
1615126696113437 126273847801536 pump_beg 1 0
1615126711906887 126273847801536 pump_end 1 2
1615126714269101 126273847801536 coll_beg 0 0
1615126722399782 126273847801536 coll_end 0 0
1615126724234865 126273847801536 emit_beg 467 0
1615126729867298 126273847801536 emit_end 467 0
1615126729871358 126273847801536 drain_beg 0 0
1615126729871868 126273847801536 drain_end 1 0
1615126729872538 126273847801536 subm_beg 1 0
1615126733044911 126273847801536 subm_end 1 0
1615126733045211 126273847801536 pump_beg 1 0
1615126749598034 126273847801536 pump_end 1 2
1615126751860781 126273847801536 coll_beg 0 0
1615126760294201 126273847801536 coll_end 0 0
1615126762102485 126273847801536 emit_beg 468 0
1615126767547445 126273847801536 emit_end 468 0
1615126767551025 126273847801536 drain_beg 0 0
1615126767551535 126273847801536 drain_end 1 0
1615126767552195 126273847801536 subm_beg 1 0
1615126770884132 126273847801536 subm_end 1 0
1615126770884742 126273847801536 pump_beg 1 0
1615126789016737 126273847801536 pump_end 1 2
1615126790812131 126273847801536 coll_beg 0 0
1615126798856405 126273847801536 coll_end 0 0
1615126800730927 126273847801536 emit_beg 469 0
1615126806361080 126273847801536 emit_end 469 0
1615126806364770 126273847801536 drain_beg 0 0
1615126806365130 126273847801536 drain_end 1 0
1615126806365530 126273847801536 subm_beg 1 0
1615126809650319 126273847801536 subm_end 1 0
1615126809650889 126273847801536 pump_beg 1 0
1615126826345166 126273847801536 pump_end 1 2
1615126828207078 126273847801536 coll_beg 0 0
1615126839275382 126273847801536 coll_end 0 0
1615126841348436 126273847801536 emit_beg 470 0
1615126845017021 126273847801536 emit_end 470 0
1615126845021121 126273847801536 drain_beg 0 0
1615126845021661 126273847801536 drain_end 1 0
1615126845022261 126273847801536 subm_beg 1 0
1615126848339089 126273847801536 subm_end 1 0
1615126848339479 126273847801536 pump_beg 1 0
1615126864691839 126273847801536 pump_end 1 2
1615126867874162 126273847801536 coll_beg 0 0
1615126878173594 126273847801536 coll_end 0 0
1615126880018626 126273847801536 emit_beg 471 0
1615126885352750 126273847801536 emit_end 471 0
1615126885356480 126273847801536 drain_beg 0 0
1615126885356930 126273847801536 drain_end 1 0
1615126885357350 126273847801536 subm_beg 1 0
1615126888632850 126273847801536 subm_end 1 0
1615126888633560 126273847801536 pump_beg 1 0
1615126905430793 126273847801536 pump_end 1 2
1615126907903003 126273847801536 coll_beg 0 0
1615126921448395 126273847801536 coll_end 0 0
1615126923789349 126273847801536 emit_beg 472 0
1615126929621145 126273847801536 emit_end 472 0
1615126929625025 126273847801536 drain_beg 0 0
1615126929625535 126273847801536 drain_end 1 0
1615126929626175 126273847801536 subm_beg 1 0
1615126932686863 126273847801536 subm_end 1 0
1615126932687293 126273847801536 pump_beg 1 0
1615126949411879 126273847801536 pump_end 1 2
1615126951219872 126273847801536 coll_beg 0 0
1615126961860252 126273847801536 coll_end 0 0
1615126964321241 126273847801536 emit_beg 473 0
1615126967948118 126273847801536 emit_end 473 0
1615126967951428 126273847801536 drain_beg 0 0
1615126967951808 126273847801536 drain_end 1 0
1615126967952128 126273847801536 subm_beg 1 0
1615126971384112 126273847801536 subm_end 1 0
1615126971386722 126273847801536 pump_beg 1 0
1615126988370749 126273847801536 pump_end 1 2
1615126990665254 126273847801536 coll_beg 0 0
1615127000918128 126273847801536 coll_end 0 0
1615127002698543 126273847801536 emit_beg 474 0
1615127008094055 126273847801536 emit_end 474 0
1615127008097834 126273847801536 drain_beg 0 0
1615127008098224 126273847801536 drain_end 1 0
1615127008098674 126273847801536 subm_beg 1 0
1615127011458201 126273847801536 subm_end 1 0
1615127011458681 126273847801536 pump_beg 1 0
1615127028091300 126273847801536 pump_end 1 2
1615127030609608 126273847801536 coll_beg 0 0
1615127040622181 126273847801536 coll_end 0 0
1615127043165627 126273847801536 emit_beg 475 0
1615127048648346 126273847801536 emit_end 475 0
1615127048651796 126273847801536 drain_beg 0 0
1615127048658416 126273847801536 drain_end 1 0
1615127048658916 126273847801536 subm_beg 1 0
1615127052007043 126273847801536 subm_end 1 0
1615127052007433 126273847801536 pump_beg 1 0
1615127068980060 126273847801536 pump_end 1 2
1615127071416680 126273847801536 coll_beg 0 0
1615127081861307 126273847801536 coll_end 0 0
1615127084379154 126273847801536 emit_beg 476 0
1615127091496953 126273847801536 emit_end 476 0
1615127091500993 126273847801536 drain_beg 0 0
1615127091501473 126273847801536 drain_end 1 0
1615127091501913 126273847801536 subm_beg 1 0
1615127093242889 126273847801536 subm_end 1 0
1615127093243409 126273847801536 pump_beg 1 0
1615127110317202 126273847801536 pump_end 1 2
1615127113412149 126273847801536 coll_beg 0 0
1615127125971527 126273847801536 coll_end 0 0
1615127128272903 126273847801536 emit_beg 477 0
1615127133936105 126273847801536 emit_end 477 0
1615127133940945 126273847801536 drain_beg 0 0
1615127133941465 126273847801536 drain_end 1 0
1615127133942005 126273847801536 subm_beg 1 0
1615127137237914 126273847801536 subm_end 1 0
1615127137238904 126273847801536 pump_beg 1 0
1615127153967440 126273847801536 pump_end 1 2
1615127156573184 126273847801536 coll_beg 0 0
1615127167148606 126273847801536 coll_end 0 0
1615127169052616 126273847801536 emit_beg 478 0
1615127174739087 126273847801536 emit_end 478 0
1615127174743417 126273847801536 drain_beg 0 0
1615127174743827 126273847801536 drain_end 1 0
1615127174744397 126273847801536 subm_beg 1 0
1615127178330305 126273847801536 subm_end 1 0
1615127178331085 126273847801536 pump_beg 1 0
1615127195681439 126273847801536 pump_end 1 2
1615127198130749 126273847801536 coll_beg 0 0
1615127208997290 126273847801536 coll_end 0 0
1615127210896580 126273847801536 emit_beg 479 0
1615127216623270 126273847801536 emit_end 479 0
1615127216627810 126273847801536 drain_beg 0 0
1615127216628260 126273847801536 drain_end 1 0
1615127216628690 126273847801536 subm_beg 1 0
1615127220162760 126273847801536 subm_end 1 0
1615127220163320 126273847801536 pump_beg 1 0
1615127238349272 126273847801536 pump_end 1 2
1615127241778176 126273847801536 coll_beg 0 0
1615127252857800 126273847801536 coll_end 0 0
1615127255314069 126273847801536 emit_beg 480 0
1615127261108247 126273847801536 emit_end 480 0
1615127261112627 126273847801536 drain_beg 0 0
1615127261113127 126273847801536 drain_end 1 0
1615127261113637 126273847801536 subm_beg 1 0
1615127264697435 126273847801536 subm_end 1 0
1615127264697895 126273847801536 pump_beg 1 0
1615127284351313 126273847801536 pump_end 1 2
1615127286265833 126273847801536 coll_beg 0 0
1615127298396328 126273847801536 coll_end 0 0
1615127301036371 126273847801536 emit_beg 481 0
1615127307080209 126273847801536 emit_end 481 0
1615127307083669 126273847801536 drain_beg 0 0
1615127307084199 126273847801536 drain_end 1 0
1615127307084959 126273847801536 subm_beg 1 0
1615127310361839 126273847801536 subm_end 1 0
1615127310366529 126273847801536 pump_beg 1 0
1615127327642714 126273847801536 pump_end 1 2
1615127329629621 126273847801536 coll_beg 0 0
1615127339030546 126273847801536 coll_end 0 0
1615127340984115 126273847801536 emit_beg 482 0
1615127346895888 126273847801536 emit_end 482 0
1615127346907247 126273847801536 drain_beg 0 0
1615127346908607 126273847801536 drain_end 1 0
1615127346909837 126273847801536 subm_beg 1 0
1615127350254074 126273847801536 subm_end 1 0
1615127350254774 126273847801536 pump_beg 1 0
1615127366958981 126273847801536 pump_end 1 2
1615127368846242 126273847801536 coll_beg 0 0
1615127379580398 126273847801536 coll_end 0 0
1615127382317347 126273847801536 emit_beg 483 0
1615127388279068 126273847801536 emit_end 483 0
1615127388285758 126273847801536 drain_beg 0 0
1615127388286728 126273847801536 drain_end 1 0
1615127388287668 126273847801536 subm_beg 1 0
1615127391609626 126273847801536 subm_end 1 0
1615127391612366 126273847801536 pump_beg 1 0
1615127407152956 126273847801536 pump_end 1 2
1615127409384504 126273847801536 coll_beg 0 0
1615127418920724 126273847801536 coll_end 0 0
1615127420974668 126273847801536 emit_beg 484 0
1615127424804718 126273847801536 emit_end 484 0
1615127424807907 126273847801536 drain_beg 0 0
1615127424808397 126273847801536 drain_end 1 0
1615127424808917 126273847801536 subm_beg 1 0
1615127428394686 126273847801536 subm_end 1 0
1615127428395076 126273847801536 pump_beg 1 0
1615127444449566 126273847801536 pump_end 1 2
1615127446875607 126273847801536 coll_beg 0 0
1615127453952628 126273847801536 coll_end 0 0
1615127455802870 126273847801536 emit_beg 485 0
1615127461566518 126273847801536 emit_end 485 0
1615127461569158 126273847801536 drain_beg 0 0
1615127461569488 126273847801536 drain_end 1 0
1615127461569798 126273847801536 subm_beg 1 0
1615127465121588 126273847801536 subm_end 1 0
1615127465122058 126273847801536 pump_beg 1 0
1615127481452578 126273847801536 pump_end 1 2
1615127483724945 126273847801536 coll_beg 0 0
1615127490894421 126273847801536 coll_end 0 0
1615127492802122 126273847801536 emit_beg 486 0
1615127498530011 126273847801536 emit_end 486 0
1615127498532391 126273847801536 drain_beg 0 0
1615127498532691 126273847801536 drain_end 1 0
1615127498533021 126273847801536 subm_beg 1 0
1615127502101240 126273847801536 subm_end 1 0
1615127502101790 126273847801536 pump_beg 1 0
1615127519211022 126273847801536 pump_end 1 2
1615127521603984 126273847801536 coll_beg 0 0
1615127529394168 126273847801536 coll_end 0 0
1615127531311548 126273847801536 emit_beg 487 0
1615127537103585 126273847801536 emit_end 487 0
1615127537107095 126273847801536 drain_beg 0 0
1615127537107515 126273847801536 drain_end 1 0
1615127537108015 126273847801536 subm_beg 1 0
1615127540663775 126273847801536 subm_end 1 0
1615127540665325 126273847801536 pump_beg 1 0
1615127558742561 126273847801536 pump_end 1 2
1615127561029617 126273847801536 coll_beg 0 0
1615127568966726 126273847801536 coll_end 0 0
1615127571894018 126273847801536 emit_beg 488 0
1615127579373454 126273847801536 emit_end 488 0
1615127579377723 126273847801536 drain_beg 0 0
1615127579378283 126273847801536 drain_end 1 0
1615127579378733 126273847801536 subm_beg 1 0
1615127581233665 126273847801536 subm_end 1 0
1615127581234075 126273847801536 pump_beg 1 0
1615127598394385 126273847801536 pump_end 1 2
1615127601926176 126273847801536 coll_beg 0 0
1615127611286552 126273847801536 coll_end 0 0
1615127617214085 126273847801536 emit_beg 489 0
1615127634942074 126273847801536 emit_end 489 0
1615127634946914 126273847801536 drain_beg 0 0
1615127634947654 126273847801536 drain_end 1 0
1615127634948544 126273847801536 subm_beg 1 0
1615127642947600 126273847801536 subm_end 1 0
1615127642948070 126273847801536 pump_beg 1 0
1615127660378970 126273847801536 pump_end 1 2
1615127664779258 126273847801536 coll_beg 0 0
1615127674358187 126273847801536 coll_end 0 0
1615127678325551 126273847801536 emit_beg 490 0
1615127689975213 126273847801536 emit_end 490 0
1615127689979503 126273847801536 drain_beg 0 0
1615127689980163 126273847801536 drain_end 1 0
1615127689981003 126273847801536 subm_beg 1 0
1615127696023722 126273847801536 subm_end 1 0
1615127696024482 126273847801536 pump_beg 1 0
1615127714603270 126273847801536 pump_end 1 2
1615127719713332 126273847801536 coll_beg 0 0
1615127730022813 126273847801536 coll_end 0 0
1615127750975814 126273847801536 emit_beg 491 0
1615127761984610 126273847801536 emit_end 491 0
1615127761992600 126273847801536 drain_beg 0 0
1615127761993410 126273847801536 drain_end 1 0
1615127761994500 126273847801536 subm_beg 1 0
1615127767601724 126273847801536 subm_end 1 0
1615127767602374 126273847801536 pump_beg 1 0
1615127785141520 126273847801536 pump_end 1 2
1615127791537295 126273847801536 coll_beg 0 0
1615127801703242 126273847801536 coll_end 0 0
1615127804812168 126273847801536 emit_beg 492 0
1615127814548191 126273847801536 emit_end 492 0
1615127814551211 126273847801536 drain_beg 0 0
1615127814551631 126273847801536 drain_end 1 0
1615127814552001 126273847801536 subm_beg 1 0
1615127820326348 126273847801536 subm_end 1 0
1615127820326908 126273847801536 pump_beg 1 0
1615127836452107 126273847801536 pump_end 1 2
1615127841392335 126273847801536 coll_beg 0 0
1615127849262016 126273847801536 coll_end 0 0
1615127855964430 126273847801536 emit_beg 493 0
1615127868826138 126273847801536 emit_end 493 0
1615127868830408 126273847801536 drain_beg 0 0
1615127868831198 126273847801536 drain_end 1 0
1615127868831668 126273847801536 subm_beg 1 0
1615127874878696 126273847801536 subm_end 1 0
1615127874879156 126273847801536 pump_beg 1 0
1615127890395726 126273847801536 pump_end 1 2
1615127894336182 126273847801536 coll_beg 0 0
1615127901451000 126273847801536 coll_end 0 0
1615127906203996 126273847801536 emit_beg 494 0
1615127914899837 126273847801536 emit_end 494 0
1615127914903457 126273847801536 drain_beg 0 0
1615127914904017 126273847801536 drain_end 1 0
1615127914904817 126273847801536 subm_beg 1 0
1615127920828519 126273847801536 subm_end 1 0
1615127920829059 126273847801536 pump_beg 1 0
1615127936805543 126273847801536 pump_end 1 2
1615127939639609 126273847801536 coll_beg 0 0
1615127947181982 126273847801536 coll_end 0 0
1615127950856617 126273847801536 emit_beg 495 0
1615127962706842 126273847801536 emit_end 495 0
1615127962710482 126273847801536 drain_beg 0 0
1615127962710952 126273847801536 drain_end 1 0
1615127962711452 126273847801536 subm_beg 1 0
1615127969496053 126273847801536 subm_end 1 0
1615127969496563 126273847801536 pump_beg 1 0
1615127985728437 126273847801536 pump_end 1 2
1615127987919386 126273847801536 coll_beg 0 0
1615127999068857 126273847801536 coll_end 0 0
1615128036339089 126273847801536 emit_beg 496 0
1615128047174891 126273847801536 emit_end 496 0
1615128047182921 126273847801536 drain_beg 0 0
1615128047183651 126273847801536 drain_end 1 0
1615128047184571 126273847801536 subm_beg 1 0
1615128052571033 126273847801536 subm_end 1 0
1615128052571463 126273847801536 pump_beg 1 0
1615128069669545 126273847801536 pump_end 1 2
1615128074766358 126273847801536 coll_beg 0 0
1615128082126258 126273847801536 coll_end 0 0
1615128086319234 126273847801536 emit_beg 497 0
1615128097278022 126273847801536 emit_end 497 0
1615128097281002 126273847801536 drain_beg 0 0
1615128097281282 126273847801536 drain_end 1 0
1615128097281552 126273847801536 subm_beg 1 0
1615128101918232 126273847801536 subm_end 1 0
1615128101918702 126273847801536 pump_beg 1 0
1615128119926750 126273847801536 pump_end 1 2
1615128121641418 126273847801536 coll_beg 0 0
1615128130494262 126273847801536 coll_end 0 0
1615128132356684 126273847801536 emit_beg 498 0
1615128137696038 126273847801536 emit_end 498 0
1615128137699328 126273847801536 drain_beg 0 0
1615128137699968 126273847801536 drain_end 1 0
1615128137700478 126273847801536 subm_beg 1 0
1615128140993717 126273847801536 subm_end 1 0
1615128140993917 126273847801536 pump_beg 1 0
1615128158983607 126273847801536 pump_end 1 2
1615128160711433 126273847801536 coll_beg 0 0
1615128170489934 126273847801536 coll_end 0 0
1615128173210274 126273847801536 emit_beg 499 0
1615128178539689 126273847801536 emit_end 499 0
1615128178542589 126273847801536 drain_beg 0 0
1615128178542869 126273847801536 drain_end 1 0
1615128178543189 126273847801536 subm_beg 1 0
1615128181815289 126273847801536 subm_end 1 0
1615128181815589 126273847801536 pump_beg 1 0
1615128199191031 126273847801536 pump_end 1 2
1615128201721758 126273847801536 coll_beg 0 0
1615128209836580 126273847801536 coll_end 0 0
1615128211621494 126273847801536 emit_beg 500 0
1615128228372679 126273847801536 emit_end 500 0
1615128228379349 126273847801536 drain_beg 0 0
1615128228380139 126273847801536 drain_end 1 0
1615128228380849 126273847801536 subm_beg 1 0
1615128231542583 126273847801536 subm_end 1 0
1615128231543023 126273847801536 pump_beg 1 0
1615128247963020 126273847801536 pump_end 1 2
1615128251262949 126273847801536 coll_beg 0 0
1615128259249976 126273847801536 coll_end 0 0
1615128262026434 126273847801536 emit_beg 501 0
1615128269331316 126273847801536 emit_end 501 0
1615128269335916 126273847801536 drain_beg 0 0
1615128269336826 126273847801536 drain_end 1 0
1615128269337736 126273847801536 subm_beg 1 0
1615128271296334 126273847801536 subm_end 1 0
1615128271296774 126273847801536 pump_beg 1 0
1615128287861626 126273847801536 pump_end 1 2
1615128289922620 126273847801536 coll_beg 0 0
1615128298572603 126273847801536 coll_end 0 0
1615128300539600 126273847801536 emit_beg 502 0
1615128306205372 126273847801536 emit_end 502 0
1615128306209212 126273847801536 drain_beg 0 0
1615128306209502 126273847801536 drain_end 1 0
1615128306210022 126273847801536 subm_beg 1 0
1615128309834069 126273847801536 subm_end 1 0
1615128309834539 126273847801536 pump_beg 1 0
1615128326694820 126273847801536 pump_end 1 2
1615128329460349 126273847801536 coll_beg 0 0
1615128337233543 126273847801536 coll_end 0 0
1615128340276042 126273847801536 emit_beg 503 0
1615128345811378 126273847801536 emit_end 503 0
1615128345814388 126273847801536 drain_beg 0 0
1615128345814698 126273847801536 drain_end 1 0
1615128345815168 126273847801536 subm_beg 1 0
1615128349346959 126273847801536 subm_end 1 0
1615128349347379 126273847801536 pump_beg 1 0
1615128365465177 126273847801536 pump_end 1 2
1615128367350288 126273847801536 coll_beg 0 0
1615128375045375 126273847801536 coll_end 0 0
1615128376882198 126273847801536 emit_beg 504 0
1615128382744143 126273847801536 emit_end 504 0
1615128382747063 126273847801536 drain_beg 0 0
1615128382747483 126273847801536 drain_end 1 0
1615128382747693 126273847801536 subm_beg 1 0
1615128386235115 126273847801536 subm_end 1 0
1615128386235725 126273847801536 pump_beg 1 0
1615128402978670 126273847801536 pump_end 1 2
1615128405714999 126273847801536 coll_beg 0 0
1615128412959103 126273847801536 coll_end 0 0
1615128414898322 126273847801536 emit_beg 505 0
1615128420549715 126273847801536 emit_end 505 0
1615128420552335 126273847801536 drain_beg 0 0
1615128420552645 126273847801536 drain_end 1 0
1615128420552985 126273847801536 subm_beg 1 0
1615128424134363 126273847801536 subm_end 1 0
1615128424134803 126273847801536 pump_beg 1 0
1615128441558594 126273847801536 pump_end 1 2
1615128445090344 126273847801536 coll_beg 0 0
1615128453633270 126273847801536 coll_end 0 0
1615128455653366 126273847801536 emit_beg 506 0
1615128461398215 126273847801536 emit_end 506 0
1615128461400885 126273847801536 drain_beg 0 0
1615128461401255 126273847801536 drain_end 1 0
1615128461401675 126273847801536 subm_beg 1 0
1615128464845989 126273847801536 subm_end 1 0
1615128464846579 126273847801536 pump_beg 1 0
1615128482507411 126273847801536 pump_end 1 2
1615128485383515 126273847801536 coll_beg 0 0
1615128496496597 126273847801536 coll_end 0 0
1615128498768634 126273847801536 emit_beg 507 0
1615128504784193 126273847801536 emit_end 507 0
1615128504789213 126273847801536 drain_beg 0 0
1615128504790103 126273847801536 drain_end 1 0
1615128504791193 126273847801536 subm_beg 1 0
1615128508178848 126273847801536 subm_end 1 0
1615128508179498 126273847801536 pump_beg 1 0
1615128524667673 126273847801536 pump_end 1 2
1615128530136392 126273847801536 coll_beg 0 0
1615128537488332 126273847801536 coll_end 0 0
1615128539472859 126273847801536 emit_beg 508 0
1615128545182240 126273847801536 emit_end 508 0
1615128545186530 126273847801536 drain_beg 0 0
1615128545187120 126273847801536 drain_end 1 0
1615128545187780 126273847801536 subm_beg 1 0
1615128548687591 126273847801536 subm_end 1 0
1615128548688191 126273847801536 pump_beg 1 0
1615128564755251 126273847801536 pump_end 1 2
1615128570278669 126273847801536 coll_beg 0 0
1615128579756931 126273847801536 coll_end 0 0
1615128581779846 126273847801536 emit_beg 509 0
1615128587438669 126273847801536 emit_end 509 0
1615128587441608 126273847801536 drain_beg 0 0
1615128587441888 126273847801536 drain_end 1 0
1615128587442338 126273847801536 subm_beg 1 0
1615128591076445 126273847801536 subm_end 1 0
1615128591076735 126273847801536 pump_beg 1 0
1615128607881748 126273847801536 pump_end 1 2
1615128610398686 126273847801536 coll_beg 0 0
1615128620623620 126273847801536 coll_end 0 0
1615128622760122 126273847801536 emit_beg 510 0
1615128626659659 126273847801536 emit_end 510 0
1615128626663189 126273847801536 drain_beg 0 0
1615128626663619 126273847801536 drain_end 1 0
1615128626664089 126273847801536 subm_beg 1 0
1615128630161000 126273847801536 subm_end 1 0
1615128630161270 126273847801536 pump_beg 1 0
1615128646484601 126273847801536 pump_end 1 2
1615128649617746 126273847801536 coll_beg 0 0
1615128661759390 126273847801536 coll_end 0 0
1615128663930021 126273847801536 emit_beg 511 0
1615128671549731 126273847801536 emit_end 511 0
1615128671553731 126273847801536 drain_beg 0 0
1615128671554541 126273847801536 drain_end 1 0
1615128671555221 126273847801536 subm_beg 1 0
1615128673380974 126273847801536 subm_end 1 0
1615128673381314 126273847801536 pump_beg 1 0
1615128689278150 126273847801536 pump_end 1 2
1615128691158531 126273847801536 coll_beg 0 0
1615128698093267 126273847801536 coll_end 0 0
1615128700070294 126273847801536 emit_beg 512 0
1615128705923259 126273847801536 emit_end 512 0
1615128705927539 126273847801536 drain_beg 0 0
1615128705928179 126273847801536 drain_end 1 0
1615128705928709 126273847801536 subm_beg 1 0
1615128709588665 126273847801536 subm_end 1 0
1615128709589045 126273847801536 pump_beg 1 0
1615128726374268 126273847801536 pump_end 1 2
1615128728274499 126273847801536 coll_beg 0 0
1615128737451332 126273847801536 coll_end 0 0
1615128739530636 126273847801536 emit_beg 513 0
1615128745441868 126273847801536 emit_end 513 0
1615128745446488 126273847801536 drain_beg 0 0
1615128745447058 126273847801536 drain_end 1 0
1615128745447728 126273847801536 subm_beg 1 0
1615128748659440 126273847801536 subm_end 1 0
1615128748659890 126273847801536 pump_beg 1 0
1615128765626398 126273847801536 pump_end 1 2
1615128768726174 126273847801536 coll_beg 0 0
1615128778746866 126273847801536 coll_end 0 0
1615128780656736 126273847801536 emit_beg 514 0
1615128786096836 126273847801536 emit_end 514 0
1615128786100136 126273847801536 drain_beg 0 0
1615128786100706 126273847801536 drain_end 1 0
1615128786101276 126273847801536 subm_beg 1 0
1615128789375116 126273847801536 subm_end 1 0
1615128789375686 126273847801536 pump_beg 1 0
1615128806464398 126273847801536 pump_end 1 2
1615128809042414 126273847801536 coll_beg 0 0
1615128818191358 126273847801536 coll_end 0 0
1615128820291441 126273847801536 emit_beg 515 0
1615128825841527 126273847801536 emit_end 515 0
1615128825845577 126273847801536 drain_beg 0 0
1615128825846137 126273847801536 drain_end 1 0
1615128825846627 126273847801536 subm_beg 1 0
1615128829117387 126273847801536 subm_end 1 0
1615128829118167 126273847801536 pump_beg 1 0
1615128847289420 126273847801536 pump_end 1 2
1615128849761769 126273847801536 coll_beg 0 0
1615128858159731 126273847801536 coll_end 0 0
1615128860012243 126273847801536 emit_beg 516 0
1615128865588628 126273847801536 emit_end 516 0
1615128865594498 126273847801536 drain_beg 0 0
1615128865595128 126273847801536 drain_end 1 0
1615128865595928 126273847801536 subm_beg 1 0
1615128868661395 126273847801536 subm_end 1 0
1615128868662205 126273847801536 pump_beg 1 0
1615128886854777 126273847801536 pump_end 1 2
1615128889438822 126273847801536 coll_beg 0 0
1615128898503590 126273847801536 coll_end 0 0
1615128900531265 126273847801536 emit_beg 517 0
1615128905952576 126273847801536 emit_end 517 0
1615128905956616 126273847801536 drain_beg 0 0
1615128905957096 126273847801536 drain_end 1 0
1615128905957636 126273847801536 subm_beg 1 0
1615128909211337 126273847801536 subm_end 1 0
1615128909212127 126273847801536 pump_beg 1 0
1615128926367187 126273847801536 pump_end 1 2
1615128928674802 126273847801536 coll_beg 0 0
1615128936546063 126273847801536 coll_end 0 0
1615128938401675 126273847801536 emit_beg 518 0
1615128943973661 126273847801536 emit_end 518 0
1615128943979480 126273847801536 drain_beg 0 0
1615128943980210 126273847801536 drain_end 1 0
1615128943980950 126273847801536 subm_beg 1 0
1615128946981420 126273847801536 subm_end 1 0
1615128946982070 126273847801536 pump_beg 1 0
1615128963658688 126273847801536 pump_end 1 2
1615128967008265 126273847801536 coll_beg 0 0
1615128975330349 126273847801536 coll_end 0 0
1615128977132833 126273847801536 emit_beg 519 0
1615128982658181 126273847801536 emit_end 519 0
1615128982664810 126273847801536 drain_beg 0 0
1615128982682040 126273847801536 drain_end 1 0
1615128982682880 126273847801536 subm_beg 1 0
1615128985719938 126273847801536 subm_end 1 0
1615128985720668 126273847801536 pump_beg 1 0
1615129002149595 126273847801536 pump_end 1 2
1615129004676132 126273847801536 coll_beg 0 0
1615129012094320 126273847801536 coll_end 0 0
1615129013983941 126273847801536 emit_beg 520 0
1615129017717933 126273847801536 emit_end 520 0
1615129017722253 126273847801536 drain_beg 0 0
1615129017722993 126273847801536 drain_end 1 0
1615129017723683 126273847801536 subm_beg 1 0
1615129020949365 126273847801536 subm_end 1 0
1615129020949855 126273847801536 pump_beg 1 0
1615129036854011 126273847801536 pump_end 1 2
1615129039573691 126273847801536 coll_beg 0 0
1615129047162303 126273847801536 coll_end 0 0
1615129048897649 126273847801536 emit_beg 521 0
1615129054167575 126273847801536 emit_end 521 0
1615129054171245 126273847801536 drain_beg 0 0
1615129054171695 126273847801536 drain_end 1 0
1615129054172145 126273847801536 subm_beg 1 0
1615129057446355 126273847801536 subm_end 1 0
1615129057446715 126273847801536 pump_beg 1 0
1615129074950143 126273847801536 pump_end 1 2
1615129076889231 126273847801536 coll_beg 0 0
1615129087081167 126273847801536 coll_end 0 0
1615129090027639 126273847801536 emit_beg 522 0
1615129097662829 126273847801536 emit_end 522 0
1615129097667859 126273847801536 drain_beg 0 0
1615129097668489 126273847801536 drain_end 1 0
1615129097669189 126273847801536 subm_beg 1 0
1615129099425254 126273847801536 subm_end 1 0
1615129099425614 126273847801536 pump_beg 1 0
1615129116096882 126273847801536 pump_end 1 2
1615129118802013 126273847801536 coll_beg 0 0
1615129126441312 126273847801536 coll_end 0 0
1615129128317114 126273847801536 emit_beg 523 0
1615129133733555 126273847801536 emit_end 523 0
1615129133738344 126273847801536 drain_beg 0 0
1615129133738884 126273847801536 drain_end 1 0
1615129133739594 126273847801536 subm_beg 1 0
1615129136975796 126273847801536 subm_end 1 0
1615129136985965 126273847801536 pump_beg 1 0
1615129153917664 126273847801536 pump_end 1 2
1615129157023430 126273847801536 coll_beg 0 0
1615129166785591 126273847801536 coll_end 0 0
1615129168670662 126273847801536 emit_beg 524 0
1615129172392096 126273847801536 emit_end 524 0
1615129172395845 126273847801536 drain_beg 0 0
1615129172396335 126273847801536 drain_end 1 0
1615129172396755 126273847801536 subm_beg 1 0
1615129175731433 126273847801536 subm_end 1 0
1615129175731803 126273847801536 pump_beg 1 0
1615129192527616 126273847801536 pump_end 1 2
1615129195376342 126273847801536 coll_beg 0 0
1615129204327883 126273847801536 coll_end 0 0
1615129206239983 126273847801536 emit_beg 525 0
1615129211987312 126273847801536 emit_end 525 0
1615129211993822 126273847801536 drain_beg 0 0
1615129211994452 126273847801536 drain_end 1 0
1615129211995422 126273847801536 subm_beg 1 0
1615129215235173 126273847801536 subm_end 1 0
1615129215235823 126273847801536 pump_beg 1 0
1615129232395273 126273847801536 pump_end 1 2
1615129234846953 126273847801536 coll_beg 0 0
1615129242818550 126273847801536 coll_end 0 0
1615129244853146 126273847801536 emit_beg 526 0
1615129250523707 126273847801536 emit_end 526 0
1615129250526837 126273847801536 drain_beg 0 0
1615129250527277 126273847801536 drain_end 1 0
1615129250527557 126273847801536 subm_beg 1 0
1615129253973611 126273847801536 subm_end 1 0
1615129253974251 126273847801536 pump_beg 1 0
1615129272083396 126273847801536 pump_end 1 2
1615129275154713 126273847801536 coll_beg 0 0
1615129282721486 126273847801536 coll_end 0 0
1615129284835958 126273847801536 emit_beg 527 0
1615129288586520 126273847801536 emit_end 527 0
1615129288589970 126273847801536 drain_beg 0 0
1615129288590470 126273847801536 drain_end 1 0
1615129288591340 126273847801536 subm_beg 1 0
1615129292152449 126273847801536 subm_end 1 0
1615129292152749 126273847801536 pump_beg 1 0
1615129308260078 126273847801536 pump_end 1 2
1615129311796908 126273847801536 coll_beg 0 0
1615129319448607 126273847801536 coll_end 0 0
1615129321293390 126273847801536 emit_beg 528 0
1615129328824813 126273847801536 emit_end 528 0
1615129328828553 126273847801536 drain_beg 0 0
1615129328829013 126273847801536 drain_end 1 0
1615129328829493 126273847801536 subm_beg 1 0
1615129330683955 126273847801536 subm_end 1 0
1615129330684715 126273847801536 pump_beg 1 0
1615129345944655 126273847801536 pump_end 1 2
1615129348357716 126273847801536 coll_beg 0 0
1615129356020255 126273847801536 coll_end 0 0
1615129357889646 126273847801536 emit_beg 529 0
1615129363512370 126273847801536 emit_end 529 0
1615129363518280 126273847801536 drain_beg 0 0
1615129363519270 126273847801536 drain_end 1 0
1615129363520220 126273847801536 subm_beg 1 0
1615129366937214 126273847801536 subm_end 1 0
1615129366938504 126273847801536 pump_beg 1 0
1615129382796762 126273847801536 pump_end 1 2
1615129384941193 126273847801536 coll_beg 0 0
1615129392300453 126273847801536 coll_end 0 0
1615129394217463 126273847801536 emit_beg 530 0
1615129399901594 126273847801536 emit_end 530 0
1615129399905254 126273847801536 drain_beg 0 0
1615129399905934 126273847801536 drain_end 1 0
1615129399906444 126273847801536 subm_beg 1 0
1615129403331228 126273847801536 subm_end 1 0
1615129403331668 126273847801536 pump_beg 1 0
1615129419763755 126273847801536 pump_end 1 2
1615129421656415 126273847801536 coll_beg 0 0
1615129429488558 126273847801536 coll_end 0 0
1615129431440556 126273847801536 emit_beg 531 0
1615129437303051 126273847801536 emit_end 531 0
1615129437306971 126273847801536 drain_beg 0 0
1615129437307461 126273847801536 drain_end 1 0
1615129437308031 126273847801536 subm_beg 1 0
1615129440842861 126273847801536 subm_end 1 0
1615129440843521 126273847801536 pump_beg 1 0
1615129457861536 126273847801536 pump_end 1 2
1615129460241809 126273847801536 coll_beg 0 0
1615129467699875 126273847801536 coll_end 0 0
1615129469613255 126273847801536 emit_beg 532 0
1615129475402552 126273847801536 emit_end 532 0
1615129475406032 126273847801536 drain_beg 0 0
1615129475406722 126273847801536 drain_end 1 0
1615129475407332 126273847801536 subm_beg 1 0
1615129478803288 126273847801536 subm_end 1 0
1615129478803637 126273847801536 pump_beg 1 0
1615129495583992 126273847801536 pump_end 1 2
1615129498765205 126273847801536 coll_beg 0 0
1615129506247500 126273847801536 coll_end 0 0
1615129508208228 126273847801536 emit_beg 533 0
1615129511985989 126273847801536 emit_end 533 0
1615129511988649 126273847801536 drain_beg 0 0
1615129511988929 126273847801536 drain_end 1 0
1615129511989399 126273847801536 subm_beg 1 0
1615129515564848 126273847801536 subm_end 1 0
1615129515565348 126273847801536 pump_beg 1 0
1615129532297254 126273847801536 pump_end 1 2
1615129535316463 126273847801536 coll_beg 0 0
1615129544423249 126273847801536 coll_end 0 0
1615129546366207 126273847801536 emit_beg 534 0
1615129552103377 126273847801536 emit_end 534 0
1615129552106917 126273847801536 drain_beg 0 0
1615129552107607 126273847801536 drain_end 1 0
1615129552108137 126273847801536 subm_beg 1 0
1615129555681765 126273847801536 subm_end 1 0
1615129555684855 126273847801536 pump_beg 1 0
1615129572830886 126273847801536 pump_end 1 2
1615129575098343 126273847801536 coll_beg 0 0
1615129587081103 126273847801536 coll_end 0 0
1615129589116488 126273847801536 emit_beg 535 0
1615129593145920 126273847801536 emit_end 535 0
1615129593150550 126273847801536 drain_beg 0 0
1615129593151160 126273847801536 drain_end 1 0
1615129593151750 126273847801536 subm_beg 1 0
1615129596429160 126273847801536 subm_end 1 0
1615129596429520 126273847801536 pump_beg 1 0
1615129614163719 126273847801536 pump_end 1 2
1615129619133056 126273847801536 coll_beg 0 0
1615129633061795 126273847801536 coll_end 0 0
1615129634959965 126273847801536 emit_beg 536 0
1615129640654046 126273847801536 emit_end 536 0
1615129640657396 126273847801536 drain_beg 0 0
1615129640657636 126273847801536 drain_end 1 0
1615129640657986 126273847801536 subm_beg 1 0
1615129644086530 126273847801536 subm_end 1 0
1615129644086860 126273847801536 pump_beg 1 0
1615129661892376 126273847801536 pump_end 1 2
1615129665482425 126273847801536 coll_beg 0 0
1615129674216824 126273847801536 coll_end 0 0
1615129676189342 126273847801536 emit_beg 537 0
1615129681739678 126273847801536 emit_end 537 0
1615129681742788 126273847801536 drain_beg 0 0
1615129681743098 126273847801536 drain_end 1 0
1615129681743518 126273847801536 subm_beg 1 0
1615129685277238 126273847801536 subm_end 1 0
1615129685277648 126273847801536 pump_beg 1 0
1615129702069672 126273847801536 pump_end 1 2
1615129705238185 126273847801536 coll_beg 0 0
1615129713040079 126273847801536 coll_end 0 0
1615129714866262 126273847801536 emit_beg 538 0
1615129718420291 126273847801536 emit_end 538 0
1615129718423521 126273847801536 drain_beg 0 0
1615129718424061 126273847801536 drain_end 1 0
1615129718424581 126273847801536 subm_beg 1 0
1615129721807457 126273847801536 subm_end 1 0
1615129721807867 126273847801536 pump_beg 1 0
1615129736831806 126273847801536 pump_end 1 2
1615129739439890 126273847801536 coll_beg 0 0
1615129746274619 126273847801536 coll_end 0 0
1615129748772157 126273847801536 emit_beg 539 0
1615129754026774 126273847801536 emit_end 539 0
1615129754028924 126273847801536 drain_beg 0 0
1615129754029214 126273847801536 drain_end 1 0
1615129754029414 126273847801536 subm_beg 1 0
1615129757380671 126273847801536 subm_end 1 0
1615129757381021 126273847801536 pump_beg 1 0
1615129772531435 126273847801536 pump_end 1 2
1615129774500433 126273847801536 coll_beg 0 0
1615129781273674 126273847801536 coll_end 0 0
1615129783055169 126273847801536 emit_beg 540 0
1615129788386333 126273847801536 emit_end 540 0
1615129788389503 126273847801536 drain_beg 0 0
1615129788389853 126273847801536 drain_end 1 0
1615129788390363 126273847801536 subm_beg 1 0
1615129791632394 126273847801536 subm_end 1 0
1615129791632914 126273847801536 pump_beg 1 0
1615129808050871 126273847801536 pump_end 1 2
1615129810972474 126273847801536 coll_beg 0 0
1615129819384025 126273847801536 coll_end 0 0
1615129821406291 126273847801536 emit_beg 541 0
1615129825254720 126273847801536 emit_end 541 0
1615129825258780 126273847801536 drain_beg 0 0
1615129825259250 126273847801536 drain_end 1 0
1615129825259960 126273847801536 subm_beg 1 0
1615129828397014 126273847801536 subm_end 1 0
1615129828397464 126273847801536 pump_beg 1 0
1615129844674457 126273847801536 pump_end 1 2
1615129846848267 126273847801536 coll_beg 0 0
1615129854932650 126273847801536 coll_end 0 0
1615129856740934 126273847801536 emit_beg 542 0
1615129862223133 126273847801536 emit_end 542 0
1615129862226412 126273847801536 drain_beg 0 0
1615129862226882 126273847801536 drain_end 1 0
1615129862227452 126273847801536 subm_beg 1 0
1615129865697155 126273847801536 subm_end 1 0
1615129865697585 126273847801536 pump_beg 1 0
1615129881613931 126273847801536 pump_end 1 2
1615129883743343 126273847801536 coll_beg 0 0
1615129892039438 126273847801536 coll_end 0 0
1615129893909209 126273847801536 emit_beg 543 0
1615129897577135 126273847801536 emit_end 543 0
1615129897581615 126273847801536 drain_beg 0 0
1615129897582195 126273847801536 drain_end 1 0
1615129897582955 126273847801536 subm_beg 1 0
1615129900942391 126273847801536 subm_end 1 0
1615129900942981 126273847801536 pump_beg 1 0
1615129916613726 126273847801536 pump_end 1 2
1615129919567828 126273847801536 coll_beg 0 0
1615129926286231 126273847801536 coll_end 0 0
1615129928023527 126273847801536 emit_beg 544 0
1615129933328682 126273847801536 emit_end 544 0
1615129933331562 126273847801536 drain_beg 0 0
1615129933331932 126273847801536 drain_end 1 0
1615129933332432 126273847801536 subm_beg 1 0
1615129936592673 126273847801536 subm_end 1 0
1615129936592953 126273847801536 pump_beg 1 0
1615129952947452 126273847801536 pump_end 1 2
1615129955767959 126273847801536 coll_beg 0 0
1615129965049048 126273847801536 coll_end 0 0
1615129966935779 126273847801536 emit_beg 545 0
1615129972442877 126273847801536 emit_end 545 0
1615129972445167 126273847801536 drain_beg 0 0
1615129972445497 126273847801536 drain_end 1 0
1615129972445927 126273847801536 subm_beg 1 0
1615129975797613 126273847801536 subm_end 1 0
1615129975803793 126273847801536 pump_beg 1 0
1615129993519683 126273847801536 pump_end 1 2
1615129996922198 126273847801536 coll_beg 0 0
1615130007764140 126273847801536 coll_end 0 0
1615130009798845 126273847801536 emit_beg 546 0
1615130015175728 126273847801536 emit_end 546 0
1615130015178868 126273847801536 drain_beg 0 0
1615130015179158 126273847801536 drain_end 1 0
1615130015179498 126273847801536 subm_beg 1 0
1615130018609672 126273847801536 subm_end 1 0
1615130018610042 126273847801536 pump_beg 1 0
1615130036051302 126273847801536 pump_end 1 2
1615130037888474 126273847801536 coll_beg 0 0
1615130047260140 126273847801536 coll_end 0 0
1615130049088313 126273847801536 emit_beg 547 0
1615130054441907 126273847801536 emit_end 547 0
1615130054444416 126273847801536 drain_beg 0 0
1615130054444746 126273847801536 drain_end 1 0
1615130054445106 126273847801536 subm_beg 1 0
1615130057849301 126273847801536 subm_end 1 0
1615130057849711 126273847801536 pump_beg 1 0
1615130074690093 126273847801536 pump_end 1 2
1615130076474278 126273847801536 coll_beg 0 0
1615130084368688 126273847801536 coll_end 0 0
1615130086129653 126273847801536 emit_beg 548 0
1615130089732621 126273847801536 emit_end 548 0
1615130089735181 126273847801536 drain_beg 0 0
1615130089735451 126273847801536 drain_end 1 0
1615130089735751 126273847801536 subm_beg 1 0
1615130093178225 126273847801536 subm_end 1 0
1615130093178675 126273847801536 pump_beg 1 0
1615130109803674 126273847801536 pump_end 1 2
1615130112461357 126273847801536 coll_beg 0 0
1615130120142965 126273847801536 coll_end 0 0
1615130121923949 126273847801536 emit_beg 549 0
1615130127278463 126273847801536 emit_end 549 0
1615130127281293 126273847801536 drain_beg 0 0
1615130127281613 126273847801536 drain_end 1 0
1615130127281883 126273847801536 subm_beg 1 0
1615130130577282 126273847801536 subm_end 1 0
1615130130577792 126273847801536 pump_beg 1 0
1615130147086786 126273847801536 pump_end 1 2
1615130150677634 126273847801536 coll_beg 0 0
1615130158732138 126273847801536 coll_end 0 0
1615130160659297 126273847801536 emit_beg 550 0
1615130166405066 126273847801536 emit_end 550 0
1615130166408256 126273847801536 drain_beg 0 0
1615130166408616 126273847801536 drain_end 1 0
1615130166408856 126273847801536 subm_beg 1 0
1615130169858470 126273847801536 subm_end 1 0
1615130169858940 126273847801536 pump_beg 1 0
1615130186998291 126273847801536 pump_end 1 2
1615130188962448 126273847801536 coll_beg 0 0
1615130197686608 126273847801536 coll_end 0 0
1615130199768462 126273847801536 emit_beg 551 0
1615130205533280 126273847801536 emit_end 551 0
1615130205536140 126273847801536 drain_beg 0 0
1615130205536660 126273847801536 drain_end 1 0
1615130205537300 126273847801536 subm_beg 1 0
1615130209021562 126273847801536 subm_end 1 0
1615130209022362 126273847801536 pump_beg 1 0
1615130225612123 126273847801536 pump_end 1 2
1615130227546062 126273847801536 coll_beg 0 0
1615130234790726 126273847801536 coll_end 0 0
1615130236734385 126273847801536 emit_beg 552 0
1615130242457335 126273847801536 emit_end 552 0
1615130242461084 126273847801536 drain_beg 0 0
1615130242461544 126273847801536 drain_end 1 0
1615130242462174 126273847801536 subm_beg 1 0
1615130245931967 126273847801536 subm_end 1 0
1615130245932767 126273847801536 pump_beg 1 0
1615130261971748 126273847801536 pump_end 1 2
1615130264707388 126273847801536 coll_beg 0 0
1615130272637467 126273847801536 coll_end 0 0
1615130274578956 126273847801536 emit_beg 553 0
1615130280362113 126273847801536 emit_end 553 0
1615130280365373 126273847801536 drain_beg 0 0
1615130280365883 126273847801536 drain_end 1 0
1615130280366313 126273847801536 subm_beg 1 0
1615130283911183 126273847801536 subm_end 1 0
1615130283911893 126273847801536 pump_beg 1 0
1615130301017345 126273847801536 pump_end 1 2
1615130304150970 126273847801536 coll_beg 0 0
1615130313467688 126273847801536 coll_end 0 0
1615130315502613 126273847801536 emit_beg 554 0
1615130321212244 126273847801536 emit_end 554 0
1615130321215613 126273847801536 drain_beg 0 0
1615130321216073 126273847801536 drain_end 1 0
1615130321220503 126273847801536 subm_beg 1 0
1615130324697556 126273847801536 subm_end 1 0
1615130324697946 126273847801536 pump_beg 1 0
1615130341793818 126273847801536 pump_end 1 2
1615130345156405 126273847801536 coll_beg 0 0
1615130352973918 126273847801536 coll_end 0 0
1615130354991564 126273847801536 emit_beg 555 0
1615130360601298 126273847801536 emit_end 555 0
1615130360604258 126273847801536 drain_beg 0 0
1615130360604548 126273847801536 drain_end 1 0
1615130360604828 126273847801536 subm_beg 1 0
1615130364121868 126273847801536 subm_end 1 0
1615130364122438 126273847801536 pump_beg 1 0
1615130379905329 126273847801536 pump_end 1 2
1615130381969903 126273847801536 coll_beg 0 0
1615130389673611 126273847801536 coll_end 0 0
1615130391581671 126273847801536 emit_beg 556 0
1615130397211684 126273847801536 emit_end 556 0
1615130397214244 126273847801536 drain_beg 0 0
1615130397214504 126273847801536 drain_end 1 0
1615130397214814 126273847801536 subm_beg 1 0
1615130400767443 126273847801536 subm_end 1 0
1615130400767903 126273847801536 pump_beg 1 0
1615130417491969 126273847801536 pump_end 1 2
1615130419986798 126273847801536 coll_beg 0 0
1615130427993294 126273847801536 coll_end 0 0
1615130430070998 126273847801536 emit_beg 557 0
1615130433929966 126273847801536 emit_end 557 0
1615130433932696 126273847801536 drain_beg 0 0
1615130433933156 126273847801536 drain_end 1 0
1615130433933586 126273847801536 subm_beg 1 0
1615130437551743 126273847801536 subm_end 1 0
1615130437552143 126273847801536 pump_beg 1 0
1615130453764458 126273847801536 pump_end 1 2
1615130455883930 126273847801536 coll_beg 0 0
1615130464523803 126273847801536 coll_end 0 0
1615130466571578 126273847801536 emit_beg 558 0
1615130472492310 126273847801536 emit_end 558 0
1615130472497190 126273847801536 drain_beg 0 0
1615130472497740 126273847801536 drain_end 1 0
1615130472498340 126273847801536 subm_beg 1 0
1615130476040380 126273847801536 subm_end 1 0
1615130476040930 126273847801536 pump_beg 1 0
1615130493048076 126273847801536 pump_end 1 2
1615130495673049 126273847801536 coll_beg 0 0
1615130508645363 126273847801536 coll_end 0 0
1615130510845432 126273847801536 emit_beg 559 0
1615130514764739 126273847801536 emit_end 559 0
1615130514767858 126273847801536 drain_beg 0 0
1615130514768288 126273847801536 drain_end 1 0
1615130514768838 126273847801536 subm_beg 1 0
1615130518330018 126273847801536 subm_end 1 0
1615130518330328 126273847801536 pump_beg 1 0
1615130534665578 126273847801536 pump_end 1 2
1615130538176039 126273847801536 coll_beg 0 0
1615130545633395 126273847801536 coll_end 0 0
1615130547539485 126273847801536 emit_beg 560 0
1615130553293734 126273847801536 emit_end 560 0
1615130553296874 126273847801536 drain_beg 0 0
1615130553297144 126273847801536 drain_end 1 0
1615130553297404 126273847801536 subm_beg 1 0
1615130556868933 126273847801536 subm_end 1 0
1615130556869393 126273847801536 pump_beg 1 0
1615130572984001 126273847801536 pump_end 1 2
1615130575015287 126273847801536 coll_beg 0 0
1615130582123696 126273847801536 coll_end 0 0
1615130584049345 126273847801536 emit_beg 561 0
1615130589709647 126273847801536 emit_end 561 0
1615130589712837 126273847801536 drain_beg 0 0
1615130589713147 126273847801536 drain_end 1 0
1615130589713547 126273847801536 subm_beg 1 0
1615130593282996 126273847801536 subm_end 1 0
1615130593283466 126273847801536 pump_beg 1 0
1615130610139008 126273847801536 pump_end 1 2
1615130613320711 126273847801536 coll_beg 0 0
1615130621217101 126273847801536 coll_end 0 0
1615130623034464 126273847801536 emit_beg 562 0
1615130628387688 126273847801536 emit_end 562 0
1615130628390967 126273847801536 drain_beg 0 0
1615130628391297 126273847801536 drain_end 1 0
1615130628391827 126273847801536 subm_beg 1 0
1615130631633368 126273847801536 subm_end 1 0
1615130631633738 126273847801536 pump_beg 1 0
1615130649084338 126273847801536 pump_end 1 2
1615130650822814 126273847801536 coll_beg 0 0
1615130661046729 126273847801536 coll_end 0 0
1615130662964388 126273847801536 emit_beg 563 0
1615130668458157 126273847801536 emit_end 563 0
1615130668474496 126273847801536 drain_beg 0 0
1615130668475146 126273847801536 drain_end 1 0
1615130668475676 126273847801536 subm_beg 1 0
1615130671626230 126273847801536 subm_end 1 0
1615130671626580 126273847801536 pump_beg 1 0
1615130688286059 126273847801536 pump_end 1 2
1615130691496601 126273847801536 coll_beg 0 0
1615130699553025 126273847801536 coll_end 0 0
1615130701505203 126273847801536 emit_beg 564 0
1615130706912555 126273847801536 emit_end 564 0
1615130706915945 126273847801536 drain_beg 0 0
1615130706916335 126273847801536 drain_end 1 0
1615130706916915 126273847801536 subm_beg 1 0
1615130710169746 126273847801536 subm_end 1 0
1615130710170146 126273847801536 pump_beg 1 0
1615130727063215 126273847801536 pump_end 1 2
1615130730148682 126273847801536 coll_beg 0 0
1615130738292803 126273847801536 coll_end 0 0
1615130740091037 126273847801536 emit_beg 565 0
1615130745630454 126273847801536 emit_end 565 0
1615130745635023 126273847801536 drain_beg 0 0
1615130745635643 126273847801536 drain_end 1 0
1615130745636153 126273847801536 subm_beg 1 0
1615130748885794 126273847801536 subm_end 1 0
1615130748886274 126273847801536 pump_beg 1 0
1615130766334634 126273847801536 pump_end 1 2
1615130768088609 126273847801536 coll_beg 0 0
1615130776215811 126273847801536 coll_end 0 0
1615130777989106 126273847801536 emit_beg 566 0
1615130783310390 126273847801536 emit_end 566 0
1615130783313390 126273847801536 drain_beg 0 0
1615130783313750 126273847801536 drain_end 1 0
1615130783314330 126273847801536 subm_beg 1 0
1615130786599100 126273847801536 subm_end 1 0
1615130786599380 126273847801536 pump_beg 1 0
1615130804343678 126273847801536 pump_end 1 2
1615130806278627 126273847801536 coll_beg 0 0
1615130815053295 126273847801536 coll_end 0 0
1615130816977065 126273847801536 emit_beg 567 0
1615130824675472 126273847801536 emit_end 567 0
1615130824682182 126273847801536 drain_beg 0 0
1615130824683122 126273847801536 drain_end 1 0
1615130824684252 126273847801536 subm_beg 1 0
1615130826426968 126273847801536 subm_end 1 0
1615130826427598 126273847801536 pump_beg 1 0
1615130843221291 126273847801536 pump_end 1 2
1615130846367026 126273847801536 coll_beg 0 0
1615130854240437 126273847801536 coll_end 0 0
1615130856238713 126273847801536 emit_beg 568 0
1615130861694033 126273847801536 emit_end 568 0
1615130861697723 126273847801536 drain_beg 0 0
1615130861698213 126273847801536 drain_end 1 0
1615130861698593 126273847801536 subm_beg 1 0
1615130865051640 126273847801536 subm_end 1 0
1615130865052350 126273847801536 pump_beg 1 0
1615130882252058 126273847801536 pump_end 1 2
1615130884303013 126273847801536 coll_beg 0 0
1615130892703355 126273847801536 coll_end 0 0
1615130894620165 126273847801536 emit_beg 569 0
1615130900033856 126273847801536 emit_end 569 0
1615130900037726 126273847801536 drain_beg 0 0
1615130900038176 126273847801536 drain_end 1 0
1615130900038786 126273847801536 subm_beg 1 0
1615130903327425 126273847801536 subm_end 1 0
1615130903327765 126273847801536 pump_beg 1 0
1615130920979907 126273847801536 pump_end 1 2
1615130924379952 126273847801536 coll_beg 0 0
1615130933807966 126273847801536 coll_end 0 0
1615130935889200 126273847801536 emit_beg 570 0
1615130939556525 126273847801536 emit_end 570 0
1615130939560045 126273847801536 drain_beg 0 0
1615130939560455 126273847801536 drain_end 1 0
1615130939561065 126273847801536 subm_beg 1 0
1615130942859424 126273847801536 subm_end 1 0
1615130942860024 126273847801536 pump_beg 1 0
1615130959176845 126273847801536 pump_end 1 2
1615130961110384 126273847801536 coll_beg 0 0
1615130968990194 126273847801536 coll_end 0 0
1615130970866266 126273847801536 emit_beg 571 0
1615130977957065 126273847801536 emit_end 571 0
1615130977960425 126273847801536 drain_beg 0 0
1615130977960915 126273847801536 drain_end 1 0
1615130977961365 126273847801536 subm_beg 1 0
1615130981239555 126273847801536 subm_end 1 0
1615130981239945 126273847801536 pump_beg 1 0
1615130998210502 126273847801536 pump_end 1 2
1615131001463732 126273847801536 coll_beg 0 0
1615131013455482 126273847801536 coll_end 0 0
1615131015346313 126273847801536 emit_beg 572 0
1615131020714106 126273847801536 emit_end 572 0
1615131020717346 126273847801536 drain_beg 0 0
1615131020717716 126273847801536 drain_end 1 0
1615131020718036 126273847801536 subm_beg 1 0
1615131024135790 126273847801536 subm_end 1 0
1615131024136220 126273847801536 pump_beg 1 0
1615131041687556 126273847801536 pump_end 1 2
1615131043568577 126273847801536 coll_beg 0 0
1615131052027976 126273847801536 coll_end 0 0
1615131053817551 126273847801536 emit_beg 573 0
1615131057411449 126273847801536 emit_end 573 0
1615131057414478 126273847801536 drain_beg 0 0
1615131057415068 126273847801536 drain_end 1 0
1615131057415578 126273847801536 subm_beg 1 0
1615131060774265 126273847801536 subm_end 1 0
1615131060774775 126273847801536 pump_beg 1 0
1615131078295382 126273847801536 pump_end 1 2
1615131080182783 126273847801536 coll_beg 0 0
1615131089111715 126273847801536 coll_end 0 0
1615131091087932 126273847801536 emit_beg 574 0
1615131096800433 126273847801536 emit_end 574 0
1615131096802443 126273847801536 drain_beg 0 0
1615131096802863 126273847801536 drain_end 1 0
1615131096803243 126273847801536 subm_beg 1 0
1615131100246796 126273847801536 subm_end 1 0
1615131100247546 126273847801536 pump_beg 1 0
1615131117640288 126273847801536 pump_end 1 2
1615131120687386 126273847801536 coll_beg 0 0
1615131129186634 126273847801536 coll_end 0 0
1615131131057085 126273847801536 emit_beg 575 0
1615131136687938 126273847801536 emit_end 575 0
1615131136690758 126273847801536 drain_beg 0 0
1615131136691138 126273847801536 drain_end 1 0
1615131136691468 126273847801536 subm_beg 1 0
1615131140234848 126273847801536 subm_end 1 0
1615131140235288 126273847801536 pump_beg 1 0
1615131157579402 126273847801536 pump_end 1 2
1615131160375359 126273847801536 coll_beg 0 0
1615131168593177 126273847801536 coll_end 0 0
1615131170452059 126273847801536 emit_beg 576 0
1615131176004265 126273847801536 emit_end 576 0
1615131176006975 126273847801536 drain_beg 0 0
1615131176007335 126273847801536 drain_end 1 0
1615131176007615 126273847801536 subm_beg 1 0
1615131179646361 126273847801536 subm_end 1 0
1615131179647051 126273847801536 pump_beg 1 0
1615131195619915 126273847801536 pump_end 1 2
1615131197500166 126273847801536 coll_beg 0 0
1615131204976552 126273847801536 coll_end 0 0
1615131206862742 126273847801536 emit_beg 577 0
1615131212621851 126273847801536 emit_end 577 0
1615131212625611 126273847801536 drain_beg 0 0
1615131212625991 126273847801536 drain_end 1 0
1615131212626421 126273847801536 subm_beg 1 0
1615131216342534 126273847801536 subm_end 1 0
1615131216343054 126273847801536 pump_beg 1 0
1615131232118855 126273847801536 pump_end 1 2
1615131235445643 126273847801536 coll_beg 0 0
1615131245747605 126273847801536 coll_end 0 0
1615131248030791 126273847801536 emit_beg 578 0
1615131254237353 126273847801536 emit_end 578 0
1615131254242993 126273847801536 drain_beg 0 0
1615131254243783 126273847801536 drain_end 1 0
1615131254244753 126273847801536 subm_beg 1 0
1615131257712746 126273847801536 subm_end 1 0
1615131257713496 126273847801536 pump_beg 1 0
1615131273654541 126273847801536 pump_end 1 2
1615131277400463 126273847801536 coll_beg 0 0
1615131283899204 126273847801536 coll_end 0 0
1615131285839123 126273847801536 emit_beg 579 0
1615131291453117 126273847801536 emit_end 579 0
1615131291457237 126273847801536 drain_beg 0 0
1615131291457737 126273847801536 drain_end 1 0
1615131291458217 126273847801536 subm_beg 1 0
1615131294897161 126273847801536 subm_end 1 0
1615131294897661 126273847801536 pump_beg 1 0
1615131312630000 126273847801536 pump_end 1 2
1615131315285102 126273847801536 coll_beg 0 0
1615131322987150 126273847801536 coll_end 0 0
1615131324960207 126273847801536 emit_beg 580 0
1615131330568361 126273847801536 emit_end 580 0
1615131330571091 126273847801536 drain_beg 0 0
1615131330571401 126273847801536 drain_end 1 0
1615131330571771 126273847801536 subm_beg 1 0
1615131334121121 126273847801536 subm_end 1 0
1615131334121571 126273847801536 pump_beg 1 0
1615131351221013 126273847801536 pump_end 1 2
1615131353434472 126273847801536 coll_beg 0 0
1615131364494036 126273847801536 coll_end 0 0
1615131366797451 126273847801536 emit_beg 581 0
1615131372723064 126273847801536 emit_end 581 0
1615131372728204 126273847801536 drain_beg 0 0
1615131372728724 126273847801536 drain_end 1 0
1615131372729344 126273847801536 subm_beg 1 0
1615131376275693 126273847801536 subm_end 1 0
1615131376278593 126273847801536 pump_beg 1 0
1615131392829556 126273847801536 pump_end 1 2
1615131396350157 126273847801536 coll_beg 0 0
1615131403977636 126273847801536 coll_end 0 0
1615131405973433 126273847801536 emit_beg 582 0
1615131409867630 126273847801536 emit_end 582 0
1615131409872110 126273847801536 drain_beg 0 0
1615131409872560 126273847801536 drain_end 1 0
1615131409873120 126273847801536 subm_beg 1 0
1615131413488577 126273847801536 subm_end 1 0
1615131413489027 126273847801536 pump_beg 1 0
1615131430027440 126273847801536 pump_end 1 2
1615131432098524 126273847801536 coll_beg 0 0
1615131439550891 126273847801536 coll_end 0 0
1615131442217653 126273847801536 emit_beg 583 0
1615131448127566 126273847801536 emit_end 583 0
1615131448132226 126273847801536 drain_beg 0 0
1615131448133006 126273847801536 drain_end 1 0
1615131448133626 126273847801536 subm_beg 1 0
1615131451478643 126273847801536 subm_end 1 0
1615131451478903 126273847801536 pump_beg 1 0
1615131469633946 126273847801536 pump_end 1 2
1615131472858078 126273847801536 coll_beg 0 0
1615131483831745 126273847801536 coll_end 0 0
1615131485975026 126273847801536 emit_beg 584 0
1615131489855514 126273847801536 emit_end 584 0
1615131489859224 126273847801536 drain_beg 0 0
1615131489859694 126273847801536 drain_end 1 0
1615131489860174 126273847801536 subm_beg 1 0
1615131493464442 126273847801536 subm_end 1 0
1615131493464742 126273847801536 pump_beg 1 0
1615131510935710 126273847801536 pump_end 1 2
1615131513296473 126273847801536 coll_beg 0 0
1615131525894261 126273847801536 coll_end 0 0
1615131528011983 126273847801536 emit_beg 585 0
1615131532255547 126273847801536 emit_end 585 0
1615131532261567 126273847801536 drain_beg 0 0
1615131532262347 126273847801536 drain_end 1 0
1615131532263117 126273847801536 subm_beg 1 0
1615131535562286 126273847801536 subm_end 1 0
1615131535562666 126273847801536 pump_beg 1 0
1615131553700020 126273847801536 pump_end 1 2
1615131556836995 126273847801536 coll_beg 0 0
1615131566190242 126273847801536 coll_end 0 0
1615131567989006 126273847801536 emit_beg 586 0
1615131573424806 126273847801536 emit_end 586 0
1615131573429306 126273847801536 drain_beg 0 0
1615131573429856 126273847801536 drain_end 1 0
1615131573430426 126273847801536 subm_beg 1 0
1615131576713556 126273847801536 subm_end 1 0
1615131576713926 126273847801536 pump_beg 1 0
1615131592863693 126273847801536 pump_end 1 2
1615131595981458 126273847801536 coll_beg 0 0
1615131603801681 126273847801536 coll_end 0 0
1615131605790548 126273847801536 emit_beg 587 0
1615131611276387 126273847801536 emit_end 587 0
1615131611280477 126273847801536 drain_beg 0 0
1615131611281027 126273847801536 drain_end 1 0
1615131611281557 126273847801536 subm_beg 1 0
1615131614591305 126273847801536 subm_end 1 0
1615131614591685 126273847801536 pump_beg 1 0
1615131630941895 126273847801536 pump_end 1 2
1615131634261183 126273847801536 coll_beg 0 0
1615131641165080 126273847801536 coll_end 0 0
1615131642995932 126273847801536 emit_beg 588 0
1615131648394014 126273847801536 emit_end 588 0
1615131648397984 126273847801536 drain_beg 0 0
1615131648398764 126273847801536 drain_end 1 0
1615131648399354 126273847801536 subm_beg 1 0
1615131651763660 126273847801536 subm_end 1 0
1615131651764180 126273847801536 pump_beg 1 0
1615131668211897 126273847801536 pump_end 1 2
1615131670737964 126273847801536 coll_beg 0 0
1615131677747087 126273847801536 coll_end 0 0
1615131679665296 126273847801536 emit_beg 589 0
1615131683548754 126273847801536 emit_end 589 0
1615131683553114 126273847801536 drain_beg 0 0
1615131683553474 126273847801536 drain_end 1 0
1615131683554174 126273847801536 subm_beg 1 0
1615131686769795 126273847801536 subm_end 1 0
1615131686783035 126273847801536 pump_beg 1 0
1615131702929722 126273847801536 pump_end 1 2
1615131705101623 126273847801536 coll_beg 0 0
1615131712354836 126273847801536 coll_end 0 0
1615131714655492 126273847801536 emit_beg 590 0
1615131720086473 126273847801536 emit_end 590 0
1615131720090222 126273847801536 drain_beg 0 0
1615131720090812 126273847801536 drain_end 1 0
1615131720091352 126273847801536 subm_beg 1 0
1615131723348463 126273847801536 subm_end 1 0
1615131723351353 126273847801536 pump_beg 1 0
1615131740164785 126273847801536 pump_end 1 2
1615131741944480 126273847801536 coll_beg 0 0
1615131749717365 126273847801536 coll_end 0 0
1615131751787559 126273847801536 emit_beg 591 0
1615131757405343 126273847801536 emit_end 591 0
1615131757411552 126273847801536 drain_beg 0 0
1615131757412372 126273847801536 drain_end 1 0
1615131757413112 126273847801536 subm_beg 1 0
1615131760505389 126273847801536 subm_end 1 0
1615131760505749 126273847801536 pump_beg 1 0
1615131776528181 126273847801536 pump_end 1 2
1615131779559649 126273847801536 coll_beg 0 0
1615131786678798 126273847801536 coll_end 0 0
1615131788581998 126273847801536 emit_beg 592 0
1615131793931822 126273847801536 emit_end 592 0
1615131793935641 126273847801536 drain_beg 0 0
1615131793936101 126273847801536 drain_end 1 0
1615131793936391 126273847801536 subm_beg 1 0
1615131797265689 126273847801536 subm_end 1 0
1615131797266049 126273847801536 pump_beg 1 0
1615131815202891 126273847801536 pump_end 1 2
1615131818016088 126273847801536 coll_beg 0 0
1615131825031140 126273847801536 coll_end 0 0
1615131826960559 126273847801536 emit_beg 593 0
1615131832530105 126273847801536 emit_end 593 0
1615131832534655 126273847801536 drain_beg 0 0
1615131832535265 126273847801536 drain_end 1 0
1615131832535865 126273847801536 subm_beg 1 0
1615131835687759 126273847801536 subm_end 1 0
1615131835688189 126273847801536 pump_beg 1 0
1615131850607511 126273847801536 pump_end 1 2
1615131852356647 126273847801536 coll_beg 0 0
1615131859039232 126273847801536 coll_end 0 0
1615131860893134 126273847801536 emit_beg 594 0
1615131866456769 126273847801536 emit_end 594 0
1615131866461049 126273847801536 drain_beg 0 0
1615131866461419 126273847801536 drain_end 1 0
1615131866462169 126273847801536 subm_beg 1 0
1615131869661872 126273847801536 subm_end 1 0
1615131869662482 126273847801536 pump_beg 1 0
1615131888283428 126273847801536 pump_end 1 2
1615131890022134 126273847801536 coll_beg 0 0
1615131899335393 126273847801536 coll_end 0 0
1615131901636928 126273847801536 emit_beg 595 0
1615131907222363 126273847801536 emit_end 595 0
1615131907226603 126273847801536 drain_beg 0 0
1615131907227183 126273847801536 drain_end 1 0
1615131907227903 126273847801536 subm_beg 1 0
1615131910549541 126273847801536 subm_end 1 0
1615131910549891 126273847801536 pump_beg 1 0
1615131929288183 126273847801536 pump_end 1 2
1615131932581162 126273847801536 coll_beg 0 0
1615131941554033 126273847801536 coll_end 0 0
1615131943507251 126273847801536 emit_beg 596 0
1615131949019589 126273847801536 emit_end 596 0
1615131949024358 126273847801536 drain_beg 0 0
1615131949025158 126273847801536 drain_end 1 0
1615131949026028 126273847801536 subm_beg 1 0
1615131952264729 126273847801536 subm_end 1 0
1615131952265169 126273847801536 pump_beg 1 0
1615131970369065 126273847801536 pump_end 1 2
1615131972162939 126273847801536 coll_beg 0 0
1615131984176508 126273847801536 coll_end 0 0
1615131985969192 126273847801536 emit_beg 597 0
1615131991427082 126273847801536 emit_end 597 0
1615131991431242 126273847801536 drain_beg 0 0
1615131991431852 126273847801536 drain_end 1 0
1615131991432412 126273847801536 subm_beg 1 0
1615131994657903 126273847801536 subm_end 1 0
1615131994658973 126273847801536 pump_beg 1 0
1615132011008143 126273847801536 pump_end 1 2
1615132013782431 126273847801536 coll_beg 0 0
1615132022141694 126273847801536 coll_end 0 0
1615132024097253 126273847801536 emit_beg 598 0
1615132029752925 126273847801536 emit_end 598 0
1615132029757225 126273847801536 drain_beg 0 0
1615132029757685 126273847801536 drain_end 1 0
1615132029770704 126273847801536 subm_beg 1 0
1615132033195889 126273847801536 subm_end 1 0
1615132033196249 126273847801536 pump_beg 1 0
1615132049933104 126273847801536 pump_end 1 2
1615132053512223 126273847801536 coll_beg 0 0
1615132065910608 126273847801536 coll_end 0 0
1615132068213043 126273847801536 emit_beg 599 0
1615132074233572 126273847801536 emit_end 599 0
1615132074238522 126273847801536 drain_beg 0 0
1615132074239082 126273847801536 drain_end 1 0
1615132074239652 126273847801536 subm_beg 1 0
1615132077739574 126273847801536 subm_end 1 0
1615132077740343 126273847801536 pump_beg 1 0
1615132095037178 126273847801536 pump_end 1 2
1615132097732170 126273847801536 coll_beg 0 0
1615132109142241 126273847801536 coll_end 0 0
1615132111352630 126273847801536 emit_beg 600 0
1615132117417157 126273847801536 emit_end 600 0
1615132117424167 126273847801536 drain_beg 0 0
1615132117425137 126273847801536 drain_end 1 0
1615132117425897 126273847801536 subm_beg 1 0
1615132120769694 126273847801536 subm_end 1 0
1615132120770204 126273847801536 pump_beg 1 0
1615132136969029 126273847801536 pump_end 1 2
1615132139375541 126273847801536 coll_beg 0 0
1615132148474467 126273847801536 coll_end 0 0
1615132150491473 126273847801536 emit_beg 601 0
1615132156281600 126273847801536 emit_end 601 0
1615132156285150 126273847801536 drain_beg 0 0
1615132156285810 126273847801536 drain_end 1 0
1615132156286470 126273847801536 subm_beg 1 0
1615132159840880 126273847801536 subm_end 1 0
1615132159845020 126273847801536 pump_beg 1 0
1615132175637140 126273847801536 pump_end 1 2
1615132177601558 126273847801536 coll_beg 0 0
1615132186488281 126273847801536 coll_end 0 0
1615132188456639 126273847801536 emit_beg 602 0
1615132194476868 126273847801536 emit_end 602 0
1615132194485938 126273847801536 drain_beg 0 0
1615132194487098 126273847801536 drain_end 1 0
1615132194488518 126273847801536 subm_beg 1 0
1615132197748788 126273847801536 subm_end 1 0
1615132197751368 126273847801536 pump_beg 1 0
1615132213510999 126273847801536 pump_end 1 2
1615132215560484 126273847801536 coll_beg 0 0
1615132222728861 126273847801536 coll_end 0 0
1615132224682299 126273847801536 emit_beg 603 0
1615132230523375 126273847801536 emit_end 603 0
1615132230527635 126273847801536 drain_beg 0 0
1615132230528105 126273847801536 drain_end 1 0
1615132230528545 126273847801536 subm_beg 1 0
1615132234021576 126273847801536 subm_end 1 0
1615132234022066 126273847801536 pump_beg 1 0
1615132250970974 126273847801536 pump_end 1 2
1615132252959681 126273847801536 coll_beg 0 0
1615132262269820 126273847801536 coll_end 0 0
1615132264240267 126273847801536 emit_beg 604 0
1615132269885570 126273847801536 emit_end 604 0
1615132269888700 126273847801536 drain_beg 0 0
1615132269889410 126273847801536 drain_end 1 0
1615132269889960 126273847801536 subm_beg 1 0
1615132273428650 126273847801536 subm_end 1 0
1615132273429110 126273847801536 pump_beg 1 0
1615132290167905 126273847801536 pump_end 1 2
1615132292772630 126273847801536 coll_beg 0 0
1615132301266458 126273847801536 coll_end 0 0
1615132303279844 126273847801536 emit_beg 605 0
1615132309339212 126273847801536 emit_end 605 0
1615132309343252 126273847801536 drain_beg 0 0
1615132309343761 126273847801536 drain_end 1 0
1615132309344411 126273847801536 subm_beg 1 0
1615132313261938 126273847801536 subm_end 1 0
1615132313262388 126273847801536 pump_beg 1 0
1615132330448517 126273847801536 pump_end 1 2
1615132332383656 126273847801536 coll_beg 0 0
1615132340032105 126273847801536 coll_end 0 0
1615132341969034 126273847801536 emit_beg 606 0
1615132347683974 126273847801536 emit_end 606 0
1615132347687194 126273847801536 drain_beg 0 0
1615132347687834 126273847801536 drain_end 1 0
1615132347688284 126273847801536 subm_beg 1 0
1615132351230934 126273847801536 subm_end 1 0
1615132351231284 126273847801536 pump_beg 1 0
1615132367407360 126273847801536 pump_end 1 2
1615132370425999 126273847801536 coll_beg 0 0
1615132377525299 126273847801536 coll_end 0 0
1615132379455318 126273847801536 emit_beg 607 0
1615132385220816 126273847801536 emit_end 607 0
1615132385234636 126273847801536 drain_beg 0 0
1615132385235276 126273847801536 drain_end 1 0
1615132385236026 126273847801536 subm_beg 1 0
1615132388747847 126273847801536 subm_end 1 0
1615132388748367 126273847801536 pump_beg 1 0
1615132404872745 126273847801536 pump_end 1 2
1615132407316535 126273847801536 coll_beg 0 0
1615132416581025 126273847801536 coll_end 0 0
1615132418526084 126273847801536 emit_beg 608 0
1615132424311221 126273847801536 emit_end 608 0
1615132424315571 126273847801536 drain_beg 0 0
1615132424316121 126273847801536 drain_end 1 0
1615132424316991 126273847801536 subm_beg 1 0
1615132427764574 126273847801536 subm_end 1 0
1615132427764884 126273847801536 pump_beg 1 0
1615132443874093 126273847801536 pump_end 1 2
1615132446100531 126273847801536 coll_beg 0 0
1615132456204460 126273847801536 coll_end 0 0
1615132458184518 126273847801536 emit_beg 609 0
1615132463919457 126273847801536 emit_end 609 0
1615132463922967 126273847801536 drain_beg 0 0
1615132463923367 126273847801536 drain_end 1 0
1615132463923857 126273847801536 subm_beg 1 0
1615132467455047 126273847801536 subm_end 1 0
1615132467455597 126273847801536 pump_beg 1 0
1615132482853872 126273847801536 pump_end 1 2
1615132486265977 126273847801536 coll_beg 0 0
1615132493901657 126273847801536 coll_end 0 0
1615132495771778 126273847801536 emit_beg 610 0
1615132501120902 126273847801536 emit_end 610 0
1615132501124941 126273847801536 drain_beg 0 0
1615132501125361 126273847801536 drain_end 1 0
1615132501125901 126273847801536 subm_beg 1 0
1615132504425430 126273847801536 subm_end 1 0
1615132504425810 126273847801536 pump_beg 1 0
1615132519769477 126273847801536 pump_end 1 2
1615132522314034 126273847801536 coll_beg 0 0
1615132529366845 126273847801536 coll_end 0 0
1615132531231836 126273847801536 emit_beg 611 0
1615132537451158 126273847801536 emit_end 611 0
1615132537456458 126273847801536 drain_beg 0 0
1615132537456928 126273847801536 drain_end 1 0
1615132537457688 126273847801536 subm_beg 1 0
1615132540273854 126273847801536 subm_end 1 0
1615132540274264 126273847801536 pump_beg 1 0
1615132556909424 126273847801536 pump_end 1 2
1615132558738096 126273847801536 coll_beg 0 0
1615132566739573 126273847801536 coll_end 0 0
1615132568650823 126273847801536 emit_beg 612 0
1615132574044865 126273847801536 emit_end 612 0
1615132574048354 126273847801536 drain_beg 0 0
1615132574048784 126273847801536 drain_end 1 0
1615132574049374 126273847801536 subm_beg 1 0
1615132577464329 126273847801536 subm_end 1 0
1615132577464819 126273847801536 pump_beg 1 0
1615132594582511 126273847801536 pump_end 1 2
1615132596372435 126273847801536 coll_beg 0 0
1615132604553575 126273847801536 coll_end 0 0
1615132606442295 126273847801536 emit_beg 613 0
1615132612392047 126273847801536 emit_end 613 0
1615132612402507 126273847801536 drain_beg 0 0
1615132612403766 126273847801536 drain_end 1 0
1615132612404926 126273847801536 subm_beg 1 0
1615132615360848 126273847801536 subm_end 1 0
1615132615363058 126273847801536 pump_beg 1 0
1615132632524308 126273847801536 pump_end 1 2
1615132634712068 126273847801536 coll_beg 0 0
1615132642958475 126273847801536 coll_end 0 0
1615132644833386 126273847801536 emit_beg 614 0
1615132650262647 126273847801536 emit_end 614 0
1615132650266817 126273847801536 drain_beg 0 0
1615132650267277 126273847801536 drain_end 1 0
1615132650267687 126273847801536 subm_beg 1 0
1615132653545366 126273847801536 subm_end 1 0
1615132653545856 126273847801536 pump_beg 1 0
1615132670287862 126273847801536 pump_end 1 2
1615132672859127 126273847801536 coll_beg 0 0
1615132685355089 126273847801536 coll_end 0 0
1615132688299360 126273847801536 emit_beg 615 0
1615132694397967 126273847801536 emit_end 615 0
1615132694402266 126273847801536 drain_beg 0 0
1615132694402746 126273847801536 drain_end 1 0
1615132694403466 126273847801536 subm_beg 1 0
1615132697818911 126273847801536 subm_end 1 0
1615132697820411 126273847801536 pump_beg 1 0
1615132714280667 126273847801536 pump_end 1 2
1615132717019136 126273847801536 coll_beg 0 0
1615132725013243 126273847801536 coll_end 0 0
1615132726857985 126273847801536 emit_beg 616 0
1615132730527030 126273847801536 emit_end 616 0
1615132730530980 126273847801536 drain_beg 0 0
1615132730531460 126273847801536 drain_end 1 0
1615132730532010 126273847801536 subm_beg 1 0
1615132734546413 126273847801536 subm_end 1 0
1615132734546723 126273847801536 pump_beg 1 0
1615132751050357 126273847801536 pump_end 1 2
1615132753129011 126273847801536 coll_beg 0 0
1615132760917625 126273847801536 coll_end 0 0
1615132762709219 126273847801536 emit_beg 617 0
1615132768215217 126273847801536 emit_end 617 0
1615132768218937 126273847801536 drain_beg 0 0
1615132768219267 126273847801536 drain_end 1 0
1615132768219627 126273847801536 subm_beg 1 0
1615132771452508 126273847801536 subm_end 1 0
1615132771452928 126273847801536 pump_beg 1 0
1615132788100307 126273847801536 pump_end 1 2
1615132790101423 126273847801536 coll_beg 0 0
1615132798041512 126273847801536 coll_end 0 0
1615132799867645 126273847801536 emit_beg 618 0
1615132805233728 126273847801536 emit_end 618 0
1615132805237178 126273847801536 drain_beg 0 0
1615132805237928 126273847801536 drain_end 1 0
1615132805238288 126273847801536 subm_beg 1 0
1615132808593115 126273847801536 subm_end 1 0
1615132808593665 126273847801536 pump_beg 1 0
1615132824773151 126273847801536 pump_end 1 2
1615132827373035 126273847801536 coll_beg 0 0
1615132835059723 126273847801536 coll_end 0 0
1615132836834518 126273847801536 emit_beg 619 0
1615132842254899 126273847801536 emit_end 619 0
1615132842258079 126273847801536 drain_beg 0 0
1615132842258399 126273847801536 drain_end 1 0
1615132842258689 126273847801536 subm_beg 1 0
1615132845557678 126273847801536 subm_end 1 0
1615132845558188 126273847801536 pump_beg 1 0
1615132865235045 126273847801536 pump_end 1 2
1615132868188517 126273847801536 coll_beg 0 0
1615132876645736 126273847801536 coll_end 0 0
1615132878567996 126273847801536 emit_beg 620 0
1615132882166034 126273847801536 emit_end 620 0
1615132882168794 126273847801536 drain_beg 0 0
1615132882169144 126273847801536 drain_end 1 0
1615132882169564 126273847801536 subm_beg 1 0
1615132885649436 126273847801536 subm_end 1 0
1615132885650006 126273847801536 pump_beg 1 0
1615132901781334 126273847801536 pump_end 1 2
1615132904376189 126273847801536 coll_beg 0 0
1615132914023644 126273847801536 coll_end 0 0
1615132915892296 126273847801536 emit_beg 621 0
1615132921501170 126273847801536 emit_end 621 0
1615132921506980 126273847801536 drain_beg 0 0
1615132921507590 126273847801536 drain_end 1 0
1615132921508110 126273847801536 subm_beg 1 0
1615132924571357 126273847801536 subm_end 1 0
1615132924572277 126273847801536 pump_beg 1 0
1615132940271901 126273847801536 pump_end 1 2
1615132942568237 126273847801536 coll_beg 0 0
1615132950247365 126273847801536 coll_end 0 0
1615132952131025 126273847801536 emit_beg 622 0
1615132957757259 126273847801536 emit_end 622 0
1615132957759919 126273847801536 drain_beg 0 0
1615132957760579 126273847801536 drain_end 1 0
1615132957761039 126273847801536 subm_beg 1 0
1615132961385076 126273847801536 subm_end 1 0
1615132961386666 126273847801536 pump_beg 1 0
1615132978103402 126273847801536 pump_end 1 2
1615132981313324 126273847801536 coll_beg 0 0
1615132988737862 126273847801536 coll_end 0 0
1615132990723539 126273847801536 emit_beg 623 0
1615132996509686 126273847801536 emit_end 623 0
1615132996514166 126273847801536 drain_beg 0 0
1615132996514896 126273847801536 drain_end 1 0
1615132996515736 126273847801536 subm_beg 1 0
1615132999902282 126273847801536 subm_end 1 0
1615132999902662 126273847801536 pump_beg 1 0
1615133016855129 126273847801536 pump_end 1 2
1615133020050332 126273847801536 coll_beg 0 0
1615133027892044 126273847801536 coll_end 0 0
1615133029943329 126273847801536 emit_beg 624 0
1615133035738626 126273847801536 emit_end 624 0
1615133035743696 126273847801536 drain_beg 0 0
1615133035744296 126273847801536 drain_end 1 0
1615133035744936 126273847801536 subm_beg 1 0
1615133039057534 126273847801536 subm_end 1 0
1615133039058014 126273847801536 pump_beg 1 0
1615133055388425 126273847801536 pump_end 1 2
1615133057880164 126273847801536 coll_beg 0 0
1615133065659238 126273847801536 coll_end 0 0
1615133067597997 126273847801536 emit_beg 625 0
1615133073417573 126273847801536 emit_end 625 0
1615133073421353 126273847801536 drain_beg 0 0
1615133073421963 126273847801536 drain_end 1 0
1615133073422523 126273847801536 subm_beg 1 0
1615133076788279 126273847801536 subm_end 1 0
1615133076788709 126273847801536 pump_beg 1 0
1615133093454778 126273847801536 pump_end 1 2
1615133095304230 126273847801536 coll_beg 0 0
1615133103459320 126273847801536 coll_end 0 0
1615133105400639 126273847801536 emit_beg 626 0
1615133111384659 126273847801536 emit_end 626 0
1615133111388099 126273847801536 drain_beg 0 0
1615133111388799 126273847801536 drain_end 1 0
1615133111389309 126273847801536 subm_beg 1 0
1615133114614351 126273847801536 subm_end 1 0
1615133114614781 126273847801536 pump_beg 1 0
1615133131754612 126273847801536 pump_end 1 2
1615133133713720 126273847801536 coll_beg 0 0
1615133142163070 126273847801536 coll_end 0 0
1615133144142997 126273847801536 emit_beg 627 0
1615133148040124 126273847801536 emit_end 627 0
1615133148043884 126273847801536 drain_beg 0 0
1615133148044314 126273847801536 drain_end 1 0
1615133148045104 126273847801536 subm_beg 1 0
1615133151805056 126273847801536 subm_end 1 0
1615133151805376 126273847801536 pump_beg 1 0
1615133167793149 126273847801536 pump_end 1 2
1615133169837764 126273847801536 coll_beg 0 0
1615133177634497 126273847801536 coll_end 0 0
1615133179905874 126273847801536 emit_beg 628 0
1615133185646693 126273847801536 emit_end 628 0
1615133185649683 126273847801536 drain_beg 0 0
1615133185650093 126273847801536 drain_end 1 0
1615133185650483 126273847801536 subm_beg 1 0
1615133189134935 126273847801536 subm_end 1 0
1615133189136025 126273847801536 pump_beg 1 0
1615133204129955 126273847801536 pump_end 1 2
1615133206514747 126273847801536 coll_beg 0 0
1615133213913496 126273847801536 coll_end 0 0
1615133215816656 126273847801536 emit_beg 629 0
1615133221512027 126273847801536 emit_end 629 0
1615133221515337 126273847801536 drain_beg 0 0
1615133221515647 126273847801536 drain_end 1 0
1615133221515997 126273847801536 subm_beg 1 0
1615133225148983 126273847801536 subm_end 1 0
1615133225149283 126273847801536 pump_beg 1 0
1615133240292417 126273847801536 pump_end 1 2
1615133243817348 126273847801536 coll_beg 0 0
1615133251214416 126273847801536 coll_end 0 0
1615133253303290 126273847801536 emit_beg 630 0
1615133260943629 126273847801536 emit_end 630 0
1615133260948729 126273847801536 drain_beg 0 0
1615133260949419 126273847801536 drain_end 1 0
1615133260950109 126273847801536 subm_beg 1 0
1615133264398853 126273847801536 subm_end 1 0
1615133264399203 126273847801536 pump_beg 1 0
1615133281081030 126273847801536 pump_end 1 2
1615133284452036 126273847801536 coll_beg 0 0
1615133293807013 126273847801536 coll_end 0 0
1615133295872457 126273847801536 emit_beg 631 0
1615133301617776 126273847801536 emit_end 631 0
1615133301620936 126273847801536 drain_beg 0 0
1615133301621326 126273847801536 drain_end 1 0
1615133301622146 126273847801536 subm_beg 1 0
1615133305226364 126273847801536 subm_end 1 0
1615133305226794 126273847801536 pump_beg 1 0
1615133321115030 126273847801536 pump_end 1 2
1615133324766087 126273847801536 coll_beg 0 0
1615133335685616 126273847801536 coll_end 0 0
1615133339118960 126273847801536 emit_beg 632 0
1615133344789272 126273847801536 emit_end 632 0
1615133344792101 126273847801536 drain_beg 0 0
1615133344792491 126273847801536 drain_end 1 0
1615133344792931 126273847801536 subm_beg 1 0
1615133348291403 126273847801536 subm_end 1 0
1615133348291803 126273847801536 pump_beg 1 0
1615133364047255 126273847801536 pump_end 1 2
1615133366875951 126273847801536 coll_beg 0 0
1615133378105148 126273847801536 coll_end 0 0
1615133380077606 126273847801536 emit_beg 633 0
1615133385704390 126273847801536 emit_end 633 0
1615133385707719 126273847801536 drain_beg 0 0
1615133385708269 126273847801536 drain_end 1 0
1615133385708849 126273847801536 subm_beg 1 0
1615133389223780 126273847801536 subm_end 1 0
1615133389224150 126273847801536 pump_beg 1 0
1615133405744224 126273847801536 pump_end 1 2
1615133408802022 126273847801536 coll_beg 0 0
1615133417361597 126273847801536 coll_end 0 0
1615133419132682 126273847801536 emit_beg 634 0
1615133424372640 126273847801536 emit_end 634 0
1615133424375490 126273847801536 drain_beg 0 0
1615133424375820 126273847801536 drain_end 1 0
1615133424376130 126273847801536 subm_beg 1 0
1615133427708488 126273847801536 subm_end 1 0
1615133427708768 126273847801536 pump_beg 1 0
1615133445655209 126273847801536 pump_end 1 2
1615133448543983 126273847801536 coll_beg 0 0
1615133457731165 126273847801536 coll_end 0 0
1615133459691523 126273847801536 emit_beg 635 0
1615133463420837 126273847801536 emit_end 635 0
1615133463425216 126273847801536 drain_beg 0 0
1615133463425906 126273847801536 drain_end 1 0
1615133463427146 126273847801536 subm_beg 1 0
1615133466881420 126273847801536 subm_end 1 0
1615133466881840 126273847801536 pump_beg 1 0
1615133484593709 126273847801536 pump_end 1 2
1615133487620498 126273847801536 coll_beg 0 0
1615133497316522 126273847801536 coll_end 0 0
1615133499123386 126273847801536 emit_beg 636 0
1615133504383473 126273847801536 emit_end 636 0
1615133504386343 126273847801536 drain_beg 0 0
1615133504386703 126273847801536 drain_end 1 0
1615133504386973 126273847801536 subm_beg 1 0
1615133516471919 126273847801536 subm_end 1 0
1615133516472539 126273847801536 pump_beg 1 0
1615133532382615 126273847801536 pump_end 1 2
1615133543158109 126273847801536 coll_beg 0 0
1615133551265582 126273847801536 coll_end 0 0
1615133558929951 126273847801536 emit_beg 637 0
1615133578844459 126273847801536 emit_end 637 0
1615133578850319 126273847801536 drain_beg 0 0
1615133578851069 126273847801536 drain_end 1 0
1615133578851899 126273847801536 subm_beg 1 0
1615133586657733 126273847801536 subm_end 1 0
1615133586658133 126273847801536 pump_beg 1 0
1615133603148307 126273847801536 pump_end 1 2
1615133607767838 126273847801536 coll_beg 0 0
1615133614776121 126273847801536 coll_end 0 0
1615133618616130 126273847801536 emit_beg 638 0
1615133624375348 126273847801536 emit_end 638 0
1615133624379418 126273847801536 drain_beg 0 0
1615133624380128 126273847801536 drain_end 1 0
1615133624380748 126273847801536 subm_beg 1 0
1615133629294018 126273847801536 subm_end 1 0
1615133629294358 126273847801536 pump_beg 1 0
1615133643967959 126273847801536 pump_end 1 2
1615133648515942 126273847801536 coll_beg 0 0
1615133655831333 126273847801536 coll_end 0 0
1615133660575079 126273847801536 emit_beg 639 0
1615133672959795 126273847801536 emit_end 639 0
1615133672965924 126273847801536 drain_beg 0 0
1615133672966684 126273847801536 drain_end 1 0
1615133672967614 126273847801536 subm_beg 1 0
1615133678418654 126273847801536 subm_end 1 0
1615133678419454 126273847801536 pump_beg 1 0
1615133693167483 126273847801536 pump_end 1 2
1615133698557615 126273847801536 coll_beg 0 0
1615133705270948 126273847801536 coll_end 0 0
1615133711494630 126273847801536 emit_beg 640 0
1615133725279854 126273847801536 emit_end 640 0
1615133725285364 126273847801536 drain_beg 0 0
1615133725286494 126273847801536 drain_end 1 0
1615133725287124 126273847801536 subm_beg 1 0
1615133730639637 126273847801536 subm_end 1 0
1615133730640047 126273847801536 pump_beg 1 0
1615133747834826 126273847801536 pump_end 1 2
1615133753796207 126273847801536 coll_beg 0 0
1615133763744252 126273847801536 coll_end 0 0
1615133766868287 126273847801536 emit_beg 641 0
1615133773829102 126273847801536 emit_end 641 0
1615133773832422 126273847801536 drain_beg 0 0
1615133773832902 126273847801536 drain_end 1 0
1615133773833712 126273847801536 subm_beg 1 0
1615133780141880 126273847801536 subm_end 1 0
1615133780142630 126273847801536 pump_beg 1 0
1615133796301007 126273847801536 pump_end 1 2
1615133801161518 126273847801536 coll_beg 0 0
1615133811194760 126273847801536 coll_end 0 0
1615133814308916 126273847801536 emit_beg 642 0
1615133827051748 126273847801536 emit_end 642 0
1615133827056108 126273847801536 drain_beg 0 0
1615133827066758 126273847801536 drain_end 1 0
1615133827067288 126273847801536 subm_beg 1 0
1615133832898793 126273847801536 subm_end 1 0
1615133832899213 126273847801536 pump_beg 1 0
1615133848631086 126273847801536 pump_end 1 2
1615133851621266 126273847801536 coll_beg 0 0
1615133859134080 126273847801536 coll_end 0 0
1615133863788229 126273847801536 emit_beg 643 0
1615133874638671 126273847801536 emit_end 643 0
1615133874642521 126273847801536 drain_beg 0 0
1615133874643071 126273847801536 drain_end 1 0
1615133874643741 126273847801536 subm_beg 1 0
1615133878618435 126273847801536 subm_end 1 0
1615133878619055 126273847801536 pump_beg 1 0
1615133896513068 126273847801536 pump_end 1 2
1615133902362033 126273847801536 coll_beg 0 0
1615133911430941 126273847801536 coll_end 0 0
1615133914876484 126273847801536 emit_beg 644 0
1615133924978813 126273847801536 emit_end 644 0
1615133924982643 126273847801536 drain_beg 0 0
1615133924983293 126273847801536 drain_end 1 0
1615133924983783 126273847801536 subm_beg 1 0
1615133930439663 126273847801536 subm_end 1 0
1615133930440243 126273847801536 pump_beg 1 0
1615133948302277 126273847801536 pump_end 1 2
1615133951652264 126273847801536 coll_beg 0 0
1615133960331216 126273847801536 coll_end 0 0
1615133963033686 126273847801536 emit_beg 645 0
1615133971022093 126273847801536 emit_end 645 0
1615133971029713 126273847801536 drain_beg 0 0
1615133971030253 126273847801536 drain_end 1 0
1615133971030923 126273847801536 subm_beg 1 0
1615133976398116 126273847801536 subm_end 1 0
1615133976400536 126273847801536 pump_beg 1 0
1615133992942698 126273847801536 pump_end 1 2
1615133998756615 126273847801536 coll_beg 0 0
1615134006339087 126273847801536 coll_end 0 0
1615134009727722 126273847801536 emit_beg 646 0
1615134024006218 126273847801536 emit_end 646 0
1615134024014508 126273847801536 drain_beg 0 0
1615134024015368 126273847801536 drain_end 1 0
1615134024016178 126273847801536 subm_beg 1 0
1615134030587557 126273847801536 subm_end 1 0
1615134030588267 126273847801536 pump_beg 1 0
1615134047075381 126273847801536 pump_end 1 2
1615134053780965 126273847801536 coll_beg 0 0
1615134062183537 126273847801536 coll_end 0 0
1615134070617847 126273847801536 emit_beg 647 0
1615134077410988 126273847801536 emit_end 647 0
1615134077415078 126273847801536 drain_beg 0 0
1615134077415727 126273847801536 drain_end 1 0
1615134077416597 126273847801536 subm_beg 1 0
1615134082737512 126273847801536 subm_end 1 0
1615134082737852 126273847801536 pump_beg 1 0
1615134098758894 126273847801536 pump_end 1 2
1615134104110627 126273847801536 coll_beg 0 0
1615134115402363 126273847801536 coll_end 0 0
1615134119602049 126273847801536 emit_beg 648 0
1615134135526904 126273847801536 emit_end 648 0
1615134135532294 126273847801536 drain_beg 0 0
1615134135533014 126273847801536 drain_end 1 0
1615134135534054 126273847801536 subm_beg 1 0
1615134142489229 126273847801536 subm_end 1 0
1615134142489739 126273847801536 pump_beg 1 0
1615134159440106 126273847801536 pump_end 1 2
1615134165269402 126273847801536 coll_beg 0 0
1615134172545405 126273847801536 coll_end 0 0
1615134176357805 126273847801536 emit_beg 649 0
1615134189612189 126273847801536 emit_end 649 0
1615134189616919 126273847801536 drain_beg 0 0
1615134189617599 126273847801536 drain_end 1 0
1615134189618499 126273847801536 subm_beg 1 0
1615134195245742 126273847801536 subm_end 1 0
1615134195246302 126273847801536 pump_beg 1 0
1615134212398692 126273847801536 pump_end 1 2
1615134214887361 126273847801536 coll_beg 0 0
1615134222920296 126273847801536 coll_end 0 0
1615134225033279 126273847801536 emit_beg 650 0
1615134229074630 126273847801536 emit_end 650 0
1615134229079110 126273847801536 drain_beg 0 0
1615134229079730 126273847801536 drain_end 1 0
1615134229080440 126273847801536 subm_beg 1 0
1615134232436487 126273847801536 subm_end 1 0
1615134232436917 126273847801536 pump_beg 1 0
1615134249833418 126273847801536 pump_end 1 2
1615134252736192 126273847801536 coll_beg 0 0
1615134261168242 126273847801536 coll_end 0 0
1615134263137610 126273847801536 emit_beg 651 0
1615134266992048 126273847801536 emit_end 651 0
1615134266995888 126273847801536 drain_beg 0 0
1615134266996438 126273847801536 drain_end 1 0
1615134266997138 126273847801536 subm_beg 1 0
1615134270586886 126273847801536 subm_end 1 0
1615134270587166 126273847801536 pump_beg 1 0
1615134286843830 126273847801536 pump_end 1 2
1615134289134955 126273847801536 coll_beg 0 0
1615134296564233 126273847801536 coll_end 0 0
1615134299189706 126273847801536 emit_beg 652 0
1615134304989313 126273847801536 emit_end 652 0
1615134304993373 126273847801536 drain_beg 0 0
1615134304993773 126273847801536 drain_end 1 0
1615134304994173 126273847801536 subm_beg 1 0
1615134308368119 126273847801536 subm_end 1 0
1615134308368759 126273847801536 pump_beg 1 0
1615134324622543 126273847801536 pump_end 1 2
1615134327661461 126273847801536 coll_beg 0 0
1615134335537722 126273847801536 coll_end 0 0
1615134337519179 126273847801536 emit_beg 653 0
1615134343735161 126273847801536 emit_end 653 0
1615134343739081 126273847801536 drain_beg 0 0
1615134343739521 126273847801536 drain_end 1 0
1615134343740141 126273847801536 subm_beg 1 0
1615134347162535 126273847801536 subm_end 1 0
1615134347163235 126273847801536 pump_beg 1 0
1615134364347614 126273847801536 pump_end 1 2
1615134367917113 126273847801536 coll_beg 0 0
1615134376460350 126273847801536 coll_end 0 0
1615134378518244 126273847801536 emit_beg 654 0
1615134384297092 126273847801536 emit_end 654 0
1615134384301272 126273847801536 drain_beg 0 0
1615134384301992 126273847801536 drain_end 1 0
1615134384302512 126273847801536 subm_beg 1 0
1615134387828732 126273847801536 subm_end 1 0
1615134387829452 126273847801536 pump_beg 1 0
1615134404266449 126273847801536 pump_end 1 2
1615134406215398 126273847801536 coll_beg 0 0
1615134414129487 126273847801536 coll_end 0 0
1615134416028377 126273847801536 emit_beg 655 0
1615134421713859 126273847801536 emit_end 655 0
1615134421717859 126273847801536 drain_beg 0 0
1615134421718218 126273847801536 drain_end 1 0
1615134421718958 126273847801536 subm_beg 1 0
1615134425256989 126273847801536 subm_end 1 0
1615134425258009 126273847801536 pump_beg 1 0
1615134441670826 126273847801536 pump_end 1 2
1615134444187254 126273847801536 coll_beg 0 0
1615134451308092 126273847801536 coll_end 0 0
1615134453281680 126273847801536 emit_beg 656 0
1615134457268204 126273847801536 emit_end 656 0
1615134457273653 126273847801536 drain_beg 0 0
1615134457274263 126273847801536 drain_end 1 0
1615134457275013 126273847801536 subm_beg 1 0
1615134460668939 126273847801536 subm_end 1 0
1615134460669769 126273847801536 pump_beg 1 0
1615134476941931 126273847801536 pump_end 1 2
1615134479846025 126273847801536 coll_beg 0 0
1615134487471605 126273847801536 coll_end 0 0
1615134489424453 126273847801536 emit_beg 657 0
1615134495362065 126273847801536 emit_end 657 0
1615134495367595 126273847801536 drain_beg 0 0
1615134495368255 126273847801536 drain_end 1 0
1615134495368935 126273847801536 subm_beg 1 0
1615134498775850 126273847801536 subm_end 1 0
1615134498776390 126273847801536 pump_beg 1 0
1615134514532121 126273847801536 pump_end 1 2
1615134516299517 126273847801536 coll_beg 0 0
1615134526528961 126273847801536 coll_end 0 0
1615134529735883 126273847801536 emit_beg 658 0
1615134536006553 126273847801536 emit_end 658 0
1615134536014063 126273847801536 drain_beg 0 0
1615134536014673 126273847801536 drain_end 1 0
1615134536015303 126273847801536 subm_beg 1 0
1615134539071881 126273847801536 subm_end 1 0
1615134539072711 126273847801536 pump_beg 1 0
1615134556565228 126273847801536 pump_end 1 2
1615134559697163 126273847801536 coll_beg 0 0
1615134568194811 126273847801536 coll_end 0 0
1615134570045324 126273847801536 emit_beg 659 0
1615134573735888 126273847801536 emit_end 659 0
1615134573739968 126273847801536 drain_beg 0 0
1615134573740368 126273847801536 drain_end 1 0
1615134573741108 126273847801536 subm_beg 1 0
1615134577120784 126273847801536 subm_end 1 0
1615134577121314 126273847801536 pump_beg 1 0
1615134593178454 126273847801536 pump_end 1 2
1615134596533621 126273847801536 coll_beg 0 0
1615134604367884 126273847801536 coll_end 0 0
1615134606184197 126273847801536 emit_beg 660 0
1615134610005097 126273847801536 emit_end 660 0
1615134610011326 126273847801536 drain_beg 0 0
1615134610011896 126273847801536 drain_end 1 0
1615134610012476 126273847801536 subm_beg 1 0
1615134613350974 126273847801536 subm_end 1 0
1615134613351294 126273847801536 pump_beg 1 0
1615134630004442 126273847801536 pump_end 1 2
1615134632586578 126273847801536 coll_beg 0 0
1615134640085862 126273847801536 coll_end 0 0
1615134641877297 126273847801536 emit_beg 661 0
1615134647320677 126273847801536 emit_end 661 0
1615134647324557 126273847801536 drain_beg 0 0
1615134647325067 126273847801536 drain_end 1 0
1615134647325457 126273847801536 subm_beg 1 0
1615134650681713 126273847801536 subm_end 1 0
1615134650682353 126273847801536 pump_beg 1 0
1615134667587013 126273847801536 pump_end 1 2
1615134670154259 126273847801536 coll_beg 0 0
1615134678590539 126273847801536 coll_end 0 0
1615134680690572 126273847801536 emit_beg 662 0
1615134686172541 126273847801536 emit_end 662 0
1615134686176650 126273847801536 drain_beg 0 0
1615134686177290 126273847801536 drain_end 1 0
1615134686177880 126273847801536 subm_beg 1 0
1615134689414212 126273847801536 subm_end 1 0
1615134689414842 126273847801536 pump_beg 1 0
1615134706487425 126273847801536 pump_end 1 2
1615134710050814 126273847801536 coll_beg 0 0
1615134722300574 126273847801536 coll_end 0 0
1615134724219794 126273847801536 emit_beg 663 0
1615134729939594 126273847801536 emit_end 663 0
1615134729943784 126273847801536 drain_beg 0 0
1615134729944294 126273847801536 drain_end 1 0
1615134729944684 126273847801536 subm_beg 1 0
1615134733040470 126273847801536 subm_end 1 0
1615134733041310 126273847801536 pump_beg 1 0
1615134749463847 126273847801536 pump_end 1 2
1615134752057952 126273847801536 coll_beg 0 0
1615134764169427 126273847801536 coll_end 0 0
1615134766118846 126273847801536 emit_beg 664 0
1615134771716960 126273847801536 emit_end 664 0
1615134771721060 126273847801536 drain_beg 0 0
1615134771721550 126273847801536 drain_end 1 0
1615134771722000 126273847801536 subm_beg 1 0
1615134775157554 126273847801536 subm_end 1 0
1615134775158134 126273847801536 pump_beg 1 0
1615134791527093 126273847801536 pump_end 1 2
1615134793557579 126273847801536 coll_beg 0 0
1615134802177512 126273847801536 coll_end 0 0
1615134803940308 126273847801536 emit_beg 665 0
1615134807621632 126273847801536 emit_end 665 0
1615134807625562 126273847801536 drain_beg 0 0
1615134807625962 126273847801536 drain_end 1 0
1615134807626752 126273847801536 subm_beg 1 0
1615134810907102 126273847801536 subm_end 1 0
1615134810907662 126273847801536 pump_beg 1 0
1615134827251552 126273847801536 pump_end 1 2
1615134829634834 126273847801536 coll_beg 0 0
1615134838175091 126273847801536 coll_end 0 0
1615134839987224 126273847801536 emit_beg 666 0
1615134845421395 126273847801536 emit_end 666 0
1615134845425575 126273847801536 drain_beg 0 0
1615134845426095 126273847801536 drain_end 1 0
1615134845426735 126273847801536 subm_beg 1 0
1615134848747703 126273847801536 subm_end 1 0
1615134848748223 126273847801536 pump_beg 1 0
1615134865078033 126273847801536 pump_end 1 2
1615134868114562 126273847801536 coll_beg 0 0
1615134875962944 126273847801536 coll_end 0 0
1615134877897893 126273847801536 emit_beg 667 0
1615134883783727 126273847801536 emit_end 667 0
1615134883792266 126273847801536 drain_beg 0 0
1615134883793366 126273847801536 drain_end 1 0
1615134883794456 126273847801536 subm_beg 1 0
1615134886971050 126273847801536 subm_end 1 0
1615134886973229 126273847801536 pump_beg 1 0
1615134903238842 126273847801536 pump_end 1 2
1615134905100814 126273847801536 coll_beg 0 0
1615134912664526 126273847801536 coll_end 0 0
1615134914458831 126273847801536 emit_beg 668 0
1615134918243592 126273847801536 emit_end 668 0
1615134918248251 126273847801536 drain_beg 0 0
1615134918248941 126273847801536 drain_end 1 0
1615134918249761 126273847801536 subm_beg 1 0
1615134921569020 126273847801536 subm_end 1 0
1615134921569340 126273847801536 pump_beg 1 0
1615134938641693 126273847801536 pump_end 1 2
1615134940790654 126273847801536 coll_beg 0 0
1615134949101039 126273847801536 coll_end 0 0
1615134950911712 126273847801536 emit_beg 669 0
1615134956396601 126273847801536 emit_end 669 0
1615134956400791 126273847801536 drain_beg 0 0
1615134956401291 126273847801536 drain_end 1 0
1615134956401801 126273847801536 subm_beg 1 0
1615134959746028 126273847801536 subm_end 1 0
1615134959746628 126273847801536 pump_beg 1 0
1615134976434126 126273847801536 pump_end 1 2
1615134978318716 126273847801536 coll_beg 0 0
1615134986835254 126273847801536 coll_end 0 0
1615134988774862 126273847801536 emit_beg 670 0
1615134994601119 126273847801536 emit_end 670 0
1615134994605769 126273847801536 drain_beg 0 0
1615134994606278 126273847801536 drain_end 1 0
1615134994606788 126273847801536 subm_beg 1 0
1615134998129299 126273847801536 subm_end 1 0
1615134998130249 126273847801536 pump_beg 1 0
1615135015407455 126273847801536 pump_end 1 2
1615135019510724 126273847801536 coll_beg 0 0
1615135027866607 126273847801536 coll_end 0 0
1615135030268599 126273847801536 emit_beg 671 0
1615135036369725 126273847801536 emit_end 671 0
1615135036388755 126273847801536 drain_beg 0 0
1615135036390835 126273847801536 drain_end 1 0
1615135036392815 126273847801536 subm_beg 1 0
1615135039687404 126273847801536 subm_end 1 0
1615135039688584 126273847801536 pump_beg 1 0
1615135056616772 126273847801536 pump_end 1 2
1615135058553301 126273847801536 coll_beg 0 0
1615135070369627 126273847801536 coll_end 0 0
1615135072457111 126273847801536 emit_beg 672 0
1615135078437921 126273847801536 emit_end 672 0
1615135078443081 126273847801536 drain_beg 0 0
1615135078443831 126273847801536 drain_end 1 0
1615135078444431 126273847801536 subm_beg 1 0
1615135081808217 126273847801536 subm_end 1 0
1615135081809187 126273847801536 pump_beg 1 0
1615135097592368 126273847801536 pump_end 1 2
1615135100133905 126273847801536 coll_beg 0 0
1615135107435117 126273847801536 coll_end 0 0
1615135109348256 126273847801536 emit_beg 673 0
1615135114984640 126273847801536 emit_end 673 0
1615135114988009 126273847801536 drain_beg 0 0
1615135114988299 126273847801536 drain_end 1 0
1615135114988789 126273847801536 subm_beg 1 0
1615135118514100 126273847801536 subm_end 1 0
1615135118515070 126273847801536 pump_beg 1 0
1615135134032180 126273847801536 pump_end 1 2
1615135137202914 126273847801536 coll_beg 0 0
1615135144607882 126273847801536 coll_end 0 0
1615135146589469 126273847801536 emit_beg 674 0
1615135152483423 126273847801536 emit_end 674 0
1615135152487093 126273847801536 drain_beg 0 0
1615135152487593 126273847801536 drain_end 1 0
1615135152488073 126273847801536 subm_beg 1 0
1615135155973055 126273847801536 subm_end 1 0
1615135155973385 126273847801536 pump_beg 1 0
1615135171208615 126273847801536 pump_end 1 2
1615135173120055 126273847801536 coll_beg 0 0
1615135179801810 126273847801536 coll_end 0 0
1615135181752448 126273847801536 emit_beg 675 0
1615135187625513 126273847801536 emit_end 675 0
1615135187629253 126273847801536 drain_beg 0 0
1615135187629683 126273847801536 drain_end 1 0
1615135187630083 126273847801536 subm_beg 1 0
1615135191172433 126273847801536 subm_end 1 0
1615135191173153 126273847801536 pump_beg 1 0
1615135207059299 126273847801536 pump_end 1 2
1615135210599319 126273847801536 coll_beg 0 0
1615135217840264 126273847801536 coll_end 0 0
1615135219844020 126273847801536 emit_beg 676 0
1615135227650424 126273847801536 emit_end 676 0
1615135227655863 126273847801536 drain_beg 0 0
1615135227656703 126273847801536 drain_end 1 0
1615135227657493 126273847801536 subm_beg 1 0
1615135229536144 126273847801536 subm_end 1 0
1615135229536794 126273847801536 pump_beg 1 0
1615135247753876 126273847801536 pump_end 1 2
1615135250564872 126273847801536 coll_beg 0 0
1615135263174030 126273847801536 coll_end 0 0
1615135265308291 126273847801536 emit_beg 677 0
1615135271196925 126273847801536 emit_end 677 0
1615135271202295 126273847801536 drain_beg 0 0
1615135271202885 126273847801536 drain_end 1 0
1615135271203745 126273847801536 subm_beg 1 0
1615135274625139 126273847801536 subm_end 1 0
1615135274625949 126273847801536 pump_beg 1 0
1615135291199711 126273847801536 pump_end 1 2
1615135294918714 126273847801536 coll_beg 0 0
1615135306362484 126273847801536 coll_end 0 0
1615135308635301 126273847801536 emit_beg 678 0
1615135314659830 126273847801536 emit_end 678 0
1615135314663879 126273847801536 drain_beg 0 0
1615135314664369 126273847801536 drain_end 1 0
1615135314664959 126273847801536 subm_beg 1 0
1615135318269557 126273847801536 subm_end 1 0
1615135318270107 126273847801536 pump_beg 1 0
1615135334603797 126273847801536 pump_end 1 2
1615135338259393 126273847801536 coll_beg 0 0
1615135346655225 126273847801536 coll_end 0 0
1615135348658042 126273847801536 emit_beg 679 0
1615135354507067 126273847801536 emit_end 679 0
1615135354510947 126273847801536 drain_beg 0 0
1615135354511517 126273847801536 drain_end 1 0
1615135354512287 126273847801536 subm_beg 1 0
1615135358004409 126273847801536 subm_end 1 0
1615135358004799 126273847801536 pump_beg 1 0
1615135374458514 126273847801536 pump_end 1 2
1615135376648054 126273847801536 coll_beg 0 0
1615135388129563 126273847801536 coll_end 0 0
1615135390080321 126273847801536 emit_beg 680 0
1615135395855669 126273847801536 emit_end 680 0
1615135395859039 126273847801536 drain_beg 0 0
1615135395859439 126273847801536 drain_end 1 0
1615135395859859 126273847801536 subm_beg 1 0
1615135399369150 126273847801536 subm_end 1 0
1615135399369540 126273847801536 pump_beg 1 0
1615135416799440 126273847801536 pump_end 1 2
1615135419180753 126273847801536 coll_beg 0 0
1615135431325477 126273847801536 coll_end 0 0
1615135433402261 126273847801536 emit_beg 681 0
1615135439332213 126273847801536 emit_end 681 0
1615135439336283 126273847801536 drain_beg 0 0
1615135439336823 126273847801536 drain_end 1 0
1615135439337593 126273847801536 subm_beg 1 0
1615135442956700 126273847801536 subm_end 1 0
1615135442957190 126273847801536 pump_beg 1 0
1615135460089131 126273847801536 pump_end 1 2
1615135465346478 126273847801536 coll_beg 0 0
1615135478070081 126273847801536 coll_end 0 0
1615135479970661 126273847801536 emit_beg 682 0
1615135485467419 126273847801536 emit_end 682 0
1615135485471859 126273847801536 drain_beg 0 0
1615135485472339 126273847801536 drain_end 1 0
1615135485472869 126273847801536 subm_beg 1 0
1615135488787228 126273847801536 subm_end 1 0
1615135488788357 126273847801536 pump_beg 1 0
1615135505852631 126273847801536 pump_end 1 2
1615135508191225 126273847801536 coll_beg 0 0
1615135517453095 126273847801536 coll_end 0 0
1615135519227890 126273847801536 emit_beg 683 0
1615135524645221 126273847801536 emit_end 683 0
1615135524648271 126273847801536 drain_beg 0 0
1615135524648651 126273847801536 drain_end 1 0
1615135524649071 126273847801536 subm_beg 1 0
1615135528032057 126273847801536 subm_end 1 0
1615135528032397 126273847801536 pump_beg 1 0
1615135543895375 126273847801536 pump_end 1 2
1615135546774979 126273847801536 coll_beg 0 0
1615135555017156 126273847801536 coll_end 0 0
1615135556891468 126273847801536 emit_beg 684 0
1615135562274350 126273847801536 emit_end 684 0
1615135562277440 126273847801536 drain_beg 0 0
1615135562277810 126273847801536 drain_end 1 0
1615135562278140 126273847801536 subm_beg 1 0
1615135565581189 126273847801536 subm_end 1 0
1615135565581679 126273847801536 pump_beg 1 0
1615135580975713 126273847801536 pump_end 1 2
1615135582803186 126273847801536 coll_beg 0 0
1615135589870107 126273847801536 coll_end 0 0
1615135591697740 126273847801536 emit_beg 685 0
1615135597065123 126273847801536 emit_end 685 0
1615135597068043 126273847801536 drain_beg 0 0
1615135597068363 126273847801536 drain_end 1 0
1615135597068603 126273847801536 subm_beg 1 0
1615135600335303 126273847801536 subm_end 1 0
1615135600335603 126273847801536 pump_beg 1 0
1615135616466081 126273847801536 pump_end 1 2
1615135619119943 126273847801536 coll_beg 0 0
1615135626046219 126273847801536 coll_end 0 0
1615135627830153 126273847801536 emit_beg 686 0
1615135633249464 126273847801536 emit_end 686 0
1615135633252524 126273847801536 drain_beg 0 0
1615135633260064 126273847801536 drain_end 1 0
1615135633260344 126273847801536 subm_beg 1 0
1615135636607291 126273847801536 subm_end 1 0
1615135636607591 126273847801536 pump_beg 1 0
1615135652089213 126273847801536 pump_end 1 2
1615135655381632 126273847801536 coll_beg 0 0
1615135662535959 126273847801536 coll_end 0 0
1615135664415800 126273847801536 emit_beg 687 0
1615135669828472 126273847801536 emit_end 687 0
1615135669831222 126273847801536 drain_beg 0 0
1615135669831572 126273847801536 drain_end 1 0
1615135669831962 126273847801536 subm_beg 1 0
1615135673150410 126273847801536 subm_end 1 0
1615135673151060 126273847801536 pump_beg 1 0
1615135689655674 126273847801536 pump_end 1 2
1615135692995861 126273847801536 coll_beg 0 0
1615135701554287 126273847801536 coll_end 0 0
1615135703396050 126273847801536 emit_beg 688 0
1615135708736763 126273847801536 emit_end 688 0
1615135708740323 126273847801536 drain_beg 0 0
1615135708740823 126273847801536 drain_end 1 0
1615135708741273 126273847801536 subm_beg 1 0
1615135712120079 126273847801536 subm_end 1 0
1615135712120699 126273847801536 pump_beg 1 0
1615135728267416 126273847801536 pump_end 1 2
1615135731374142 126273847801536 coll_beg 0 0
1615135740187579 126273847801536 coll_end 0 0
1615135742013242 126273847801536 emit_beg 689 0
1615135747426513 126273847801536 emit_end 689 0
1615135747429373 126273847801536 drain_beg 0 0
1615135747429893 126273847801536 drain_end 1 0
1615135747430273 126273847801536 subm_beg 1 0
1615135750783630 126273847801536 subm_end 1 0
1615135750784090 126273847801536 pump_beg 1 0
1615135766873329 126273847801536 pump_end 1 2
1615135769591590 126273847801536 coll_beg 0 0
1615135776483366 126273847801536 coll_end 0 0
1615135778385107 126273847801536 emit_beg 690 0
1615135783634644 126273847801536 emit_end 690 0
1615135783636824 126273847801536 drain_beg 0 0
1615135783637124 126273847801536 drain_end 1 0
1615135783637324 126273847801536 subm_beg 1 0
1615135786985541 126273847801536 subm_end 1 0
1615135786985821 126273847801536 pump_beg 1 0
1615135803549403 126273847801536 pump_end 1 2
1615135806366520 126273847801536 coll_beg 0 0
1615135815092859 126273847801536 coll_end 0 0
1615135816984160 126273847801536 emit_beg 691 0
1615135822263536 126273847801536 emit_end 691 0
1615135822266066 126273847801536 drain_beg 0 0
1615135822266366 126273847801536 drain_end 1 0
1615135822266676 126273847801536 subm_beg 1 0
1615135825542096 126273847801536 subm_end 1 0
1615135825542726 126273847801536 pump_beg 1 0
1615135842943727 126273847801536 pump_end 1 2
1615135846148619 126273847801536 coll_beg 0 0
1615135857665966 126273847801536 coll_end 0 0
1615135859658853 126273847801536 emit_beg 692 0
1615135865462300 126273847801536 emit_end 692 0
1615135865465870 126273847801536 drain_beg 0 0
1615135865466220 126273847801536 drain_end 1 0
1615135865466690 126273847801536 subm_beg 1 0
1615135868792858 126273847801536 subm_end 1 0
1615135868793268 126273847801536 pump_beg 1 0
1615135886187899 126273847801536 pump_end 1 2
1615135888009943 126273847801536 coll_beg 0 0
1615135897079350 126273847801536 coll_end 0 0
1615135898810566 126273847801536 emit_beg 693 0
1615135904486808 126273847801536 emit_end 693 0
1615135904490138 126273847801536 drain_beg 0 0
1615135904490498 126273847801536 drain_end 1 0
1615135904490798 126273847801536 subm_beg 1 0
1615135907792316 126273847801536 subm_end 1 0
1615135907792636 126273847801536 pump_beg 1 0
1615135923872176 126273847801536 pump_end 1 2
1615135927402986 126273847801536 coll_beg 0 0
1615135934969479 126273847801536 coll_end 0 0
1615135936825850 126273847801536 emit_beg 694 0
1615135942559510 126273847801536 emit_end 694 0
1615135942562560 126273847801536 drain_beg 0 0
1615135942562900 126273847801536 drain_end 1 0
1615135942563320 126273847801536 subm_beg 1 0
1615135946570613 126273847801536 subm_end 1 0
1615135946571293 126273847801536 pump_beg 1 0
1615135962761559 126273847801536 pump_end 1 2
1615135965427851 126273847801536 coll_beg 0 0
1615135973316831 126273847801536 coll_end 0 0
1615135975228201 126273847801536 emit_beg 695 0
1615135982797683 126273847801536 emit_end 695 0
1615135982801193 126273847801536 drain_beg 0 0
1615135982801513 126273847801536 drain_end 1 0
1615135982801823 126273847801536 subm_beg 1 0
1615135984683294 126273847801536 subm_end 1 0
1615135984683624 126273847801536 pump_beg 1 0
1615136000916558 126273847801536 pump_end 1 2
1615136002932554 126273847801536 coll_beg 0 0
1615136010917121 126273847801536 coll_end 0 0
1615136012813261 126273847801536 emit_beg 696 0
1615136018494733 126273847801536 emit_end 696 0
1615136018497482 126273847801536 drain_beg 0 0
1615136018497852 126273847801536 drain_end 1 0
1615136018498262 126273847801536 subm_beg 1 0
1615136022030863 126273847801536 subm_end 1 0
1615136022031613 126273847801536 pump_beg 1 0
1615136039093197 126273847801536 pump_end 1 2
1615136042545990 126273847801536 coll_beg 0 0
1615136050179269 126273847801536 coll_end 0 0
1615136052133218 126273847801536 emit_beg 697 0
1615136057969043 126273847801536 emit_end 697 0
1615136057975873 126273847801536 drain_beg 0 0
1615136057976503 126273847801536 drain_end 1 0
1615136057977263 126273847801536 subm_beg 1 0
1615136061335180 126273847801536 subm_end 1 0
1615136061336420 126273847801536 pump_beg 1 0
1615136077386051 126273847801536 pump_end 1 2
1615136079440015 126273847801536 coll_beg 0 0
1615136087050196 126273847801536 coll_end 0 0
1615136088927817 126273847801536 emit_beg 698 0
1615136094750653 126273847801536 emit_end 698 0
1615136094754733 126273847801536 drain_beg 0 0
1615136094755223 126273847801536 drain_end 1 0
1615136094755843 126273847801536 subm_beg 1 0
1615136098295743 126273847801536 subm_end 1 0
1615136098296803 126273847801536 pump_beg 1 0
1615136114509568 126273847801536 pump_end 1 2
1615136116895590 126273847801536 coll_beg 0 0
1615136125061151 126273847801536 coll_end 0 0
1615136126968741 126273847801536 emit_beg 699 0
1615136132765428 126273847801536 emit_end 699 0
1615136132769528 126273847801536 drain_beg 0 0
1615136132770198 126273847801536 drain_end 1 0
1615136132770828 126273847801536 subm_beg 1 0
1615136136329377 126273847801536 subm_end 1 0
1615136136330737 126273847801536 pump_beg 1 0
1615136152772443 126273847801536 pump_end 1 2
1615136154706362 126273847801536 coll_beg 0 0
1615136162961079 126273847801536 coll_end 0 0
1615136164962096 126273847801536 emit_beg 700 0
1615136168968129 126273847801536 emit_end 700 0
1615136168973529 126273847801536 drain_beg 0 0
1615136168974299 126273847801536 drain_end 1 0
1615136168975019 126273847801536 subm_beg 1 0
1615136172339415 126273847801536 subm_end 1 0
1615136172339905 126273847801536 pump_beg 1 0
1615136188621637 126273847801536 pump_end 1 2
1615136191576659 126273847801536 coll_beg 0 0
1615136199990370 126273847801536 coll_end 0 0
1615136202099023 126273847801536 emit_beg 701 0
1615136206040718 126273847801536 emit_end 701 0
1615136206044478 126273847801536 drain_beg 0 0
1615136206044998 126273847801536 drain_end 1 0
1615136206045988 126273847801536 subm_beg 1 0
1615136209584928 126273847801536 subm_end 1 0
1615136209585298 126273847801536 pump_beg 1 0
1615136226026094 126273847801536 pump_end 1 2
1615136228400057 126273847801536 coll_beg 0 0
1615136237086048 126273847801536 coll_end 0 0
1615136238952270 126273847801536 emit_beg 702 0
1615136244587243 126273847801536 emit_end 702 0
1615136244590453 126273847801536 drain_beg 0 0
1615136244590783 126273847801536 drain_end 1 0
1615136244591253 126273847801536 subm_beg 1 0
1615136248385644 126273847801536 subm_end 1 0
1615136248386014 126273847801536 pump_beg 1 0
1615136264869548 126273847801536 pump_end 1 2
1615136267952835 126273847801536 coll_beg 0 0
1615136277919959 126273847801536 coll_end 0 0
1615136280083000 126273847801536 emit_beg 703 0
1615136285723093 126273847801536 emit_end 703 0
1615136285726243 126273847801536 drain_beg 0 0
1615136285726773 126273847801536 drain_end 1 0
1615136285727103 126273847801536 subm_beg 1 0
1615136289232534 126273847801536 subm_end 1 0
1615136289233154 126273847801536 pump_beg 1 0
1615136305229067 126273847801536 pump_end 1 2
1615136307252843 126273847801536 coll_beg 0 0
1615136315514369 126273847801536 coll_end 0 0
1615136317469867 126273847801536 emit_beg 704 0
1615136323174318 126273847801536 emit_end 704 0
1615136323178088 126273847801536 drain_beg 0 0
1615136323178398 126273847801536 drain_end 1 0
1615136323178778 126273847801536 subm_beg 1 0
1615136326755987 126273847801536 subm_end 1 0
1615136326756337 126273847801536 pump_beg 1 0
1615136344255954 126273847801536 pump_end 1 2
1615136347968728 126273847801536 coll_beg 0 0
1615136356016352 126273847801536 coll_end 0 0
1615136358057498 126273847801536 emit_beg 705 0
1615136364041758 126273847801536 emit_end 705 0
1615136364046048 126273847801536 drain_beg 0 0
1615136364046878 126273847801536 drain_end 1 0
1615136364047928 126273847801536 subm_beg 1 0
1615136367387685 126273847801536 subm_end 1 0
1615136367388265 126273847801536 pump_beg 1 0
1615136383566961 126273847801536 pump_end 1 2
1615136385367455 126273847801536 coll_beg 0 0
1615136393534945 126273847801536 coll_end 0 0
1615136395283581 126273847801536 emit_beg 706 0
1615136400625705 126273847801536 emit_end 706 0
1615136400628895 126273847801536 drain_beg 0 0
1615136400629225 126273847801536 drain_end 1 0
1615136400629565 126273847801536 subm_beg 1 0
1615136404033960 126273847801536 subm_end 1 0
1615136404034410 126273847801536 pump_beg 1 0
1615136420842973 126273847801536 pump_end 1 2
1615136423233705 126273847801536 coll_beg 0 0
1615136431142175 126273847801536 coll_end 0 0
1615136432934939 126273847801536 emit_beg 707 0
1615136438241954 126273847801536 emit_end 707 0
1615136438245264 126273847801536 drain_beg 0 0
1615136438245544 126273847801536 drain_end 1 0
1615136438245884 126273847801536 subm_beg 1 0
1615136441739226 126273847801536 subm_end 1 0
1615136441739696 126273847801536 pump_beg 1 0
1615136459608900 126273847801536 pump_end 1 2
1615136461680194 126273847801536 coll_beg 0 0
1615136470070816 126273847801536 coll_end 0 0
1615136471827281 126273847801536 emit_beg 708 0
1615136477159905 126273847801536 emit_end 708 0
1615136477163125 126273847801536 drain_beg 0 0
1615136477163665 126273847801536 drain_end 1 0
1615136477163955 126273847801536 subm_beg 1 0
1615136480525892 126273847801536 subm_end 1 0
1615136480526382 126273847801536 pump_beg 1 0
1615136497492549 126273847801536 pump_end 1 2
1615136500090914 126273847801536 coll_beg 0 0
1615136508428118 126273847801536 coll_end 0 0
1615136510256101 126273847801536 emit_beg 709 0
1615136515605524 126273847801536 emit_end 709 0
1615136515608444 126273847801536 drain_beg 0 0
1615136515608754 126273847801536 drain_end 1 0
1615136515609084 126273847801536 subm_beg 1 0
1615136518959361 126273847801536 subm_end 1 0
1615136518959781 126273847801536 pump_beg 1 0
1615136536462808 126273847801536 pump_end 1 2
1615136538306251 126273847801536 coll_beg 0 0
1615136547616209 126273847801536 coll_end 0 0
1615136549479121 126273847801536 emit_beg 710 0
1615136556651347 126273847801536 emit_end 710 0
1615136556655527 126273847801536 drain_beg 0 0
1615136556655927 126273847801536 drain_end 1 0
1615136556656497 126273847801536 subm_beg 1 0
1615136558468021 126273847801536 subm_end 1 0
1615136558468451 126273847801536 pump_beg 1 0
1615136576179041 126273847801536 pump_end 1 2
1615136579462490 126273847801536 coll_beg 0 0
1615136587662079 126273847801536 coll_end 0 0
1615136589705374 126273847801536 emit_beg 711 0
1615136593434147 126273847801536 emit_end 711 0
1615136593438237 126273847801536 drain_beg 0 0
1615136593438767 126273847801536 drain_end 1 0
1615136593439537 126273847801536 subm_beg 1 0
1615136596739076 126273847801536 subm_end 1 0
1615136596739456 126273847801536 pump_beg 1 0
1615136613719852 126273847801536 pump_end 1 2
1615136615946841 126273847801536 coll_beg 0 0
1615136625025838 126273847801536 coll_end 0 0
1615136626841651 126273847801536 emit_beg 712 0
1615136632266492 126273847801536 emit_end 712 0
1615136632270332 126273847801536 drain_beg 0 0
1615136632270632 126273847801536 drain_end 1 0
1615136632271171 126273847801536 subm_beg 1 0
1615136635556341 126273847801536 subm_end 1 0
1615136635570330 126273847801536 pump_beg 1 0
1615136653063368 126273847801536 pump_end 1 2
1615136654856282 126273847801536 coll_beg 0 0
1615136663018673 126273847801536 coll_end 0 0
1615136664810987 126273847801536 emit_beg 713 0
1615136670622874 126273847801536 emit_end 713 0
1615136670626784 126273847801536 drain_beg 0 0
1615136670627144 126273847801536 drain_end 1 0
1615136670627653 126273847801536 subm_beg 1 0
1615136673825276 126273847801536 subm_end 1 0
1615136673825626 126273847801536 pump_beg 1 0
1615136691206198 126273847801536 pump_end 1 2
1615136694074203 126273847801536 coll_beg 0 0
1615136701809069 126273847801536 coll_end 0 0
1615136703757337 126273847801536 emit_beg 714 0
1615136709093681 126273847801536 emit_end 714 0
1615136709096411 126273847801536 drain_beg 0 0
1615136709096731 126273847801536 drain_end 1 0
1615136709096961 126273847801536 subm_beg 1 0
1615136712284054 126273847801536 subm_end 1 0
1615136712284424 126273847801536 pump_beg 1 0
1615136728853956 126273847801536 pump_end 1 2
1615136731574506 126273847801536 coll_beg 0 0
1615136739304012 126273847801536 coll_end 0 0
1615136741193763 126273847801536 emit_beg 715 0
1615136746779018 126273847801536 emit_end 715 0
1615136746781798 126273847801536 drain_beg 0 0
1615136746782058 126273847801536 drain_end 1 0
1615136746782408 126273847801536 subm_beg 1 0
1615136750654986 126273847801536 subm_end 1 0
1615136750655306 126273847801536 pump_beg 1 0
1615136767900483 126273847801536 pump_end 1 2
1615136770825685 126273847801536 coll_beg 0 0
1615136778444326 126273847801536 coll_end 0 0
1615136780366745 126273847801536 emit_beg 716 0
1615136785755837 126273847801536 emit_end 716 0
1615136785759937 126273847801536 drain_beg 0 0
1615136785760597 126273847801536 drain_end 1 0
1615136785761307 126273847801536 subm_beg 1 0
1615136789182321 126273847801536 subm_end 1 0
1615136789182821 126273847801536 pump_beg 1 0
1615136806570323 126273847801536 pump_end 1 2
1615136808536181 126273847801536 coll_beg 0 0
1615136819016986 126273847801536 coll_end 0 0
1615136821004483 126273847801536 emit_beg 717 0
1615136826481082 126273847801536 emit_end 717 0
1615136826484632 126273847801536 drain_beg 0 0
1615136826485052 126273847801536 drain_end 1 0
1615136826485792 126273847801536 subm_beg 1 0
1615136829869638 126273847801536 subm_end 1 0
1615136829869938 126273847801536 pump_beg 1 0
1615136846882983 126273847801536 pump_end 1 2
1615136850036808 126273847801536 coll_beg 0 0
1615136857478444 126273847801536 coll_end 0 0
1615136859472651 126273847801536 emit_beg 718 0
1615136865220680 126273847801536 emit_end 718 0
1615136865224420 126273847801536 drain_beg 0 0
1615136865224900 126273847801536 drain_end 1 0
1615136865225420 126273847801536 subm_beg 1 0
1615136868759080 126273847801536 subm_end 1 0
1615136868759660 126273847801536 pump_beg 1 0
1615136887406566 126273847801536 pump_end 1 2
1615136890437475 126273847801536 coll_beg 0 0
1615136900693918 126273847801536 coll_end 0 0
1615136902764692 126273847801536 emit_beg 719 0
1615136908577279 126273847801536 emit_end 719 0
1615136908580739 126273847801536 drain_beg 0 0
1615136908581169 126273847801536 drain_end 1 0
1615136908581608 126273847801536 subm_beg 1 0
1615136911965444 126273847801536 subm_end 1 0
1615136911965964 126273847801536 pump_beg 1 0
1615136929430783 126273847801536 pump_end 1 2
1615136933098278 126273847801536 coll_beg 0 0
1615136942687546 126273847801536 coll_end 0 0
1615136944551958 126273847801536 emit_beg 720 0
1615136950322116 126273847801536 emit_end 720 0
1615136950326086 126273847801536 drain_beg 0 0
1615136950326586 126273847801536 drain_end 1 0
1615136950326976 126273847801536 subm_beg 1 0
1615136953808568 126273847801536 subm_end 1 0
1615136953808918 126273847801536 pump_beg 1 0
1615136972990034 126273847801536 pump_end 1 2
1615136976301253 126273847801536 coll_beg 0 0
1615136986314635 126273847801536 coll_end 0 0
1615136988211245 126273847801536 emit_beg 721 0
1615136993983213 126273847801536 emit_end 721 0
1615136993986773 126273847801536 drain_beg 0 0
1615136993987313 126273847801536 drain_end 1 0
1615136993991893 126273847801536 subm_beg 1 0
1615136997431457 126273847801536 subm_end 1 0
1615136997431807 126273847801536 pump_beg 1 0
1615137013996939 126273847801536 pump_end 1 2
1615137017292728 126273847801536 coll_beg 0 0
1615137026441392 126273847801536 coll_end 0 0
1615137029200471 126273847801536 emit_beg 722 0
1615137034870623 126273847801536 emit_end 722 0
1615137034874132 126273847801536 drain_beg 0 0
1615137034874462 126273847801536 drain_end 1 0
1615137034874892 126273847801536 subm_beg 1 0
1615137038398483 126273847801536 subm_end 1 0
1615137038398833 126273847801536 pump_beg 1 0
1615137054239931 126273847801536 pump_end 1 2
1615137056077444 126273847801536 coll_beg 0 0
1615137063833979 126273847801536 coll_end 0 0
1615137065762499 126273847801536 emit_beg 723 0
1615137071342774 126273847801536 emit_end 723 0
1615137071345794 126273847801536 drain_beg 0 0
1615137071346114 126273847801536 drain_end 1 0
1615137071346564 126273847801536 subm_beg 1 0
1615137074953081 126273847801536 subm_end 1 0
1615137074953501 126273847801536 pump_beg 1 0
1615137091211264 126273847801536 pump_end 1 2
1615137093776040 126273847801536 coll_beg 0 0
1615137100662547 126273847801536 coll_end 0 0
1615137102607706 126273847801536 emit_beg 724 0
1615137108318576 126273847801536 emit_end 724 0
1615137108321566 126273847801536 drain_beg 0 0
1615137108321926 126273847801536 drain_end 1 0
1615137108322136 126273847801536 subm_beg 1 0
1615137112000131 126273847801536 subm_end 1 0
1615137112000491 126273847801536 pump_beg 1 0
1615137128675409 126273847801536 pump_end 1 2
1615137131062531 126273847801536 coll_beg 0 0
1615137138677812 126273847801536 coll_end 0 0
1615137140586722 126273847801536 emit_beg 725 0
1615137146171637 126273847801536 emit_end 725 0
1615137146174327 126273847801536 drain_beg 0 0
1615137146174677 126273847801536 drain_end 1 0
1615137146175027 126273847801536 subm_beg 1 0
1615137149685588 126273847801536 subm_end 1 0
1615137149685978 126273847801536 pump_beg 1 0
1615137166233540 126273847801536 pump_end 1 2
1615137168905452 126273847801536 coll_beg 0 0
1615137176888139 126273847801536 coll_end 0 0
1615137179004971 126273847801536 emit_beg 726 0
1615137182967066 126273847801536 emit_end 726 0
1615137182970726 126273847801536 drain_beg 0 0
1615137182971136 126273847801536 drain_end 1 0
1615137182971766 126273847801536 subm_beg 1 0
1615137186539545 126273847801536 subm_end 1 0
1615137186539745 126273847801536 pump_beg 1 0
1615137203076218 126273847801536 pump_end 1 2
1615137206312269 126273847801536 coll_beg 0 0
1615137213971568 126273847801536 coll_end 0 0
1615137215857129 126273847801536 emit_beg 727 0
1615137221482642 126273847801536 emit_end 727 0
1615137221485882 126273847801536 drain_beg 0 0
1615137221486292 126273847801536 drain_end 1 0
1615137221486962 126273847801536 subm_beg 1 0
1615137225104619 126273847801536 subm_end 1 0
1615137225104979 126273847801536 pump_beg 1 0
1615137242112085 126273847801536 pump_end 1 2
1615137244905012 126273847801536 coll_beg 0 0
1615137253074752 126273847801536 coll_end 0 0
1615137255033941 126273847801536 emit_beg 728 0
1615137260712772 126273847801536 emit_end 728 0
1615137260715512 126273847801536 drain_beg 0 0
1615137260715922 126273847801536 drain_end 1 0
1615137260716142 126273847801536 subm_beg 1 0
1615137264219193 126273847801536 subm_end 1 0
1615137264219643 126273847801536 pump_beg 1 0
1615137281225369 126273847801536 pump_end 1 2
1615137283608502 126273847801536 coll_beg 0 0
1615137291771962 126273847801536 coll_end 0 0
1615137293684162 126273847801536 emit_beg 729 0
1615137299350184 126273847801536 emit_end 729 0
1615137299353864 126273847801536 drain_beg 0 0
1615137299354254 126273847801536 drain_end 1 0
1615137299354754 126273847801536 subm_beg 1 0
1615137302880344 126273847801536 subm_end 1 0
1615137302880744 126273847801536 pump_beg 1 0
1615137320961620 126273847801536 pump_end 1 2
1615137323393391 126273847801536 coll_beg 0 0
1615137332478708 126273847801536 coll_end 0 0
1615137334443146 126273847801536 emit_beg 730 0
1615137339903035 126273847801536 emit_end 730 0
1615137339917305 126273847801536 drain_beg 0 0
1615137339917755 126273847801536 drain_end 1 0
1615137339918354 126273847801536 subm_beg 1 0
1615137343123787 126273847801536 subm_end 1 0
1615137343124217 126273847801536 pump_beg 1 0
1615137361109527 126273847801536 pump_end 1 2
1615137364381816 126273847801536 coll_beg 0 0
1615137373820930 126273847801536 coll_end 0 0
1615137375771008 126273847801536 emit_beg 731 0
1615137381296666 126273847801536 emit_end 731 0
1615137381301835 126273847801536 drain_beg 0 0
1615137381302415 126273847801536 drain_end 1 0
1615137381302905 126273847801536 subm_beg 1 0
1615137384328864 126273847801536 subm_end 1 0
1615137384329634 126273847801536 pump_beg 1 0
1615137401348199 126273847801536 pump_end 1 2
1615137403601677 126273847801536 coll_beg 0 0
1615137415959153 126273847801536 coll_end 0 0
1615137417870553 126273847801536 emit_beg 732 0
1615137423269855 126273847801536 emit_end 732 0
1615137423273925 126273847801536 drain_beg 0 0
1615137423274615 126273847801536 drain_end 1 0
1615137423275145 126273847801536 subm_beg 1 0
1615137426467737 126273847801536 subm_end 1 0
1615137426468217 126273847801536 pump_beg 1 0
1615137442214349 126273847801536 pump_end 1 2
1615137444736157 126273847801536 coll_beg 0 0
1615137451890464 126273847801536 coll_end 0 0
1615137453652140 126273847801536 emit_beg 733 0
1615137459089200 126273847801536 emit_end 733 0
1615137459092280 126273847801536 drain_beg 0 0
1615137459092580 126273847801536 drain_end 1 0
1615137459093000 126273847801536 subm_beg 1 0
1615137462520314 126273847801536 subm_end 1 0
1615137462520654 126273847801536 pump_beg 1 0
1615137478216988 126273847801536 pump_end 1 2
1615137479975343 126273847801536 coll_beg 0 0
1615137487281295 126273847801536 coll_end 0 0
1615137489000262 126273847801536 emit_beg 734 0
1615137495369048 126273847801536 emit_end 734 0
1615137495372138 126273847801536 drain_beg 0 0
1615137495372518 126273847801536 drain_end 1 0
1615137495372838 126273847801536 subm_beg 1 0
1615137498689256 126273847801536 subm_end 1 0
1615137498689656 126273847801536 pump_beg 1 0
1615137513983585 126273847801536 pump_end 1 2
1615137516158825 126273847801536 coll_beg 0 0
1615137522783152 126273847801536 coll_end 0 0
1615137524635444 126273847801536 emit_beg 735 0
1615137528152465 126273847801536 emit_end 735 0
1615137528155555 126273847801536 drain_beg 0 0
1615137528156005 126273847801536 drain_end 1 0
1615137528156645 126273847801536 subm_beg 1 0
1615137531558190 126273847801536 subm_end 1 0
1615137531558680 126273847801536 pump_beg 1 0
1615137547116038 126273847801536 pump_end 1 2
1615137550537653 126273847801536 coll_beg 0 0
1615137561162273 126273847801536 coll_end 0 0
1615137563052043 126273847801536 emit_beg 736 0
1615137566664271 126273847801536 emit_end 736 0
1615137566667651 126273847801536 drain_beg 0 0
1615137566668041 126273847801536 drain_end 1 0
1615137566668551 126273847801536 subm_beg 1 0
1615137570061646 126273847801536 subm_end 1 0
1615137570062026 126273847801536 pump_beg 1 0
1615137587313913 126273847801536 pump_end 1 2
1615137589226273 126273847801536 coll_beg 0 0
1615137598024150 126273847801536 coll_end 0 0
1615137600024986 126273847801536 emit_beg 737 0
1615137605541424 126273847801536 emit_end 737 0
1615137605546304 126273847801536 drain_beg 0 0
1615137605546944 126273847801536 drain_end 1 0
1615137605547733 126273847801536 subm_beg 1 0
1615137608705318 126273847801536 subm_end 1 0
1615137608705818 126273847801536 pump_beg 1 0
1615137624712670 126273847801536 pump_end 1 2
1615137627869384 126273847801536 coll_beg 0 0
1615137637017398 126273847801536 coll_end 0 0
1615137638774444 126273847801536 emit_beg 738 0
1615137644001752 126273847801536 emit_end 738 0
1615137644004492 126273847801536 drain_beg 0 0
1615137644004812 126273847801536 drain_end 1 0
1615137644005132 126273847801536 subm_beg 1 0
1615137647357839 126273847801536 subm_end 1 0
1615137647358479 126273847801536 pump_beg 1 0
1615137662994085 126273847801536 pump_end 1 2
1615137665013521 126273847801536 coll_beg 0 0
1615137673132793 126273847801536 coll_end 0 0
1615137674867479 126273847801536 emit_beg 739 0
1615137678523155 126273847801536 emit_end 739 0
1615137678526255 126273847801536 drain_beg 0 0
1615137678526735 126273847801536 drain_end 1 0
1615137678527315 126273847801536 subm_beg 1 0
1615137681868332 126273847801536 subm_end 1 0
1615137681868682 126273847801536 pump_beg 1 0
1615137698242841 126273847801536 pump_end 1 2
1615137701107286 126273847801536 coll_beg 0 0
1615137709079443 126273847801536 coll_end 0 0
1615137710782981 126273847801536 emit_beg 740 0
1615137716197892 126273847801536 emit_end 740 0
1615137716201712 126273847801536 drain_beg 0 0
1615137716202042 126273847801536 drain_end 1 0
1615137716202612 126273847801536 subm_beg 1 0
1615137719536619 126273847801536 subm_end 1 0
1615137719536959 126273847801536 pump_beg 1 0
1615137737632335 126273847801536 pump_end 1 2
1615137739557374 126273847801536 coll_beg 0 0
1615137748234466 126273847801536 coll_end 0 0
1615137750195894 126273847801536 emit_beg 741 0
1615137755504959 126273847801536 emit_end 741 0
1615137755508609 126273847801536 drain_beg 0 0
1615137755509019 126273847801536 drain_end 1 0
1615137755509559 126273847801536 subm_beg 1 0
1615137758772969 126273847801536 subm_end 1 0
1615137758773369 126273847801536 pump_beg 1 0
1615137776238848 126273847801536 pump_end 1 2
1615137778742576 126273847801536 coll_beg 0 0
1615137789097786 126273847801536 coll_end 0 0
1615137791162660 126273847801536 emit_beg 742 0
1615137796832282 126273847801536 emit_end 742 0
1615137796834982 126273847801536 drain_beg 0 0
1615137796835262 126273847801536 drain_end 1 0
1615137796835612 126273847801536 subm_beg 1 0
1615137800549105 126273847801536 subm_end 1 0
1615137800550725 126273847801536 pump_beg 1 0
1615137818847884 126273847801536 pump_end 1 2
1615137821693289 126273847801536 coll_beg 0 0
1615137830370861 126273847801536 coll_end 0 0
1615137832291040 126273847801536 emit_beg 743 0
1615137836090881 126273847801536 emit_end 743 0
1615137836094280 126273847801536 drain_beg 0 0
1615137836094800 126273847801536 drain_end 1 0
1615137836095490 126273847801536 subm_beg 1 0
1615137839747786 126273847801536 subm_end 1 0
1615137839748176 126273847801536 pump_beg 1 0
1615137856523971 126273847801536 pump_end 1 2
1615137858782288 126273847801536 coll_beg 0 0
1615137866046341 126273847801536 coll_end 0 0
1615137868640586 126273847801536 emit_beg 744 0
1615137874392455 126273847801536 emit_end 744 0
1615137874396694 126273847801536 drain_beg 0 0
1615137874397194 126273847801536 drain_end 1 0
1615137874397654 126273847801536 subm_beg 1 0
1615137877886186 126273847801536 subm_end 1 0
1615137877887486 126273847801536 pump_beg 1 0
1615137894578934 126273847801536 pump_end 1 2
1615137896449655 126273847801536 coll_beg 0 0
1615137906383300 126273847801536 coll_end 0 0
1615137908471923 126273847801536 emit_beg 745 0
1615137916016967 126273847801536 emit_end 745 0
1615137916019997 126273847801536 drain_beg 0 0
1615137916020296 126273847801536 drain_end 1 0
1615137916020636 126273847801536 subm_beg 1 0
1615137917863849 126273847801536 subm_end 1 0
1615137917864169 126273847801536 pump_beg 1 0
1615137934638453 126273847801536 pump_end 1 2
1615137936490685 126273847801536 coll_beg 0 0
1615137944026918 126273847801536 coll_end 0 0
1615137945907609 126273847801536 emit_beg 746 0
1615137951499484 126273847801536 emit_end 746 0
1615137951502124 126273847801536 drain_beg 0 0
1615137951502444 126273847801536 drain_end 1 0
1615137951502624 126273847801536 subm_beg 1 0
1615137955052764 126273847801536 subm_end 1 0
1615137955053144 126273847801536 pump_beg 1 0
1615137971815828 126273847801536 pump_end 1 2
1615137975471644 126273847801536 coll_beg 0 0
1615137983323466 126273847801536 coll_end 0 0
1615137985265195 126273847801536 emit_beg 747 0
1615137990946976 126273847801536 emit_end 747 0
1615137990950836 126273847801536 drain_beg 0 0
1615137990951316 126273847801536 drain_end 1 0
1615137990951656 126273847801536 subm_beg 1 0
1615137994491436 126273847801536 subm_end 1 0
1615137994491756 126273847801536 pump_beg 1 0
1615138010398972 126273847801536 pump_end 1 2
1615138012251354 126273847801536 coll_beg 0 0
1615138020146744 126273847801536 coll_end 0 0
1615138022088413 126273847801536 emit_beg 748 0
1615138025899193 126273847801536 emit_end 748 0
1615138025902093 126273847801536 drain_beg 0 0
1615138025902593 126273847801536 drain_end 1 0
1615138025902923 126273847801536 subm_beg 1 0
1615138029480701 126273847801536 subm_end 1 0
1615138029481011 126273847801536 pump_beg 1 0
1615138045414626 126273847801536 pump_end 1 2
1615138048288161 126273847801536 coll_beg 0 0
1615138056490670 126273847801536 coll_end 0 0
1615138058377301 126273847801536 emit_beg 749 0
1615138064008624 126273847801536 emit_end 749 0
1615138064013834 126273847801536 drain_beg 0 0
1615138064014174 126273847801536 drain_end 1 0
1615138064014514 126273847801536 subm_beg 1 0
1615138067531805 126273847801536 subm_end 1 0
1615138067532195 126273847801536 pump_beg 1 0
1615138084633487 126273847801536 pump_end 1 2
1615138088386929 126273847801536 coll_beg 0 0
1615138096641276 126273847801536 coll_end 0 0
1615138098610844 126273847801536 emit_beg 750 0
1615138104400491 126273847801536 emit_end 750 0
1615138104403581 126273847801536 drain_beg 0 0
1615138104403821 126273847801536 drain_end 1 0
1615138104404151 126273847801536 subm_beg 1 0
1615138108050997 126273847801536 subm_end 1 0
1615138108054387 126273847801536 pump_beg 1 0
1615138125575474 126273847801536 pump_end 1 2
1615138128698079 126273847801536 coll_beg 0 0
1615138136718585 126273847801536 coll_end 0 0
1615138138608216 126273847801536 emit_beg 751 0
1615138144152262 126273847801536 emit_end 751 0
1615138144155382 126273847801536 drain_beg 0 0
1615138144155672 126273847801536 drain_end 1 0
1615138144156062 126273847801536 subm_beg 1 0
1615138147828437 126273847801536 subm_end 1 0
1615138147828717 126273847801536 pump_beg 1 0
1615138163842959 126273847801536 pump_end 1 2
1615138165771918 126273847801536 coll_beg 0 0
1615138173118079 126273847801536 coll_end 0 0
1615138175029249 126273847801536 emit_beg 752 0
1615138180598474 126273847801536 emit_end 752 0
1615138180601964 126273847801536 drain_beg 0 0
1615138180602364 126273847801536 drain_end 1 0
1615138180602594 126273847801536 subm_beg 1 0
1615138184118495 126273847801536 subm_end 1 0
1615138184118775 126273847801536 pump_beg 1 0
1615138200742615 126273847801536 pump_end 1 2
1615138203110608 126273847801536 coll_beg 0 0
1615138211112354 126273847801536 coll_end 0 0
1615138212981635 126273847801536 emit_beg 753 0
1615138220531138 126273847801536 emit_end 753 0
1615138220534818 126273847801536 drain_beg 0 0
1615138220535248 126273847801536 drain_end 1 0
1615138220535558 126273847801536 subm_beg 1 0
1615138222361431 126273847801536 subm_end 1 0
1615138222361991 126273847801536 pump_beg 1 0
1615138239868918 126273847801536 pump_end 1 2
1615138242564399 126273847801536 coll_beg 0 0
1615138253893824 126273847801536 coll_end 0 0
1615138255790344 126273847801536 emit_beg 754 0
1615138261244994 126273847801536 emit_end 754 0
1615138261248694 126273847801536 drain_beg 0 0
1615138261249153 126273847801536 drain_end 1 0
1615138261249653 126273847801536 subm_beg 1 0
1615138264426507 126273847801536 subm_end 1 0
1615138264427007 126273847801536 pump_beg 1 0
1615138280648061 126273847801536 pump_end 1 2
1615138283533365 126273847801536 coll_beg 0 0
1615138294638338 126273847801536 coll_end 0 0
1615138296577457 126273847801536 emit_beg 755 0
1615138301914371 126273847801536 emit_end 755 0
1615138301918491 126273847801536 drain_beg 0 0
1615138301919191 126273847801536 drain_end 1 0
1615138301920070 126273847801536 subm_beg 1 0
1615138305238419 126273847801536 subm_end 1 0
1615138305238989 126273847801536 pump_beg 1 0
1615138321312549 126273847801536 pump_end 1 2
1615138323166911 126273847801536 coll_beg 0 0
1615138330605907 126273847801536 coll_end 0 0
1615138332442390 126273847801536 emit_beg 756 0
1615138337730306 126273847801536 emit_end 756 0
1615138337733516 126273847801536 drain_beg 0 0
1615138337733756 126273847801536 drain_end 1 0
1615138337734246 126273847801536 subm_beg 1 0
1615138341175329 126273847801536 subm_end 1 0
1615138341185699 126273847801536 pump_beg 1 0
1615138358155786 126273847801536 pump_end 1 2
1615138360532429 126273847801536 coll_beg 0 0
1615138368446848 126273847801536 coll_end 0 0
1615138370392437 126273847801536 emit_beg 757 0
1615138375708222 126273847801536 emit_end 757 0
1615138375711602 126273847801536 drain_beg 0 0
1615138375712012 126273847801536 drain_end 1 0
1615138375712752 126273847801536 subm_beg 1 0
1615138379052409 126273847801536 subm_end 1 0
1615138379052839 126273847801536 pump_beg 1 0
1615138398509475 126273847801536 pump_end 1 2
1615138400624957 126273847801536 coll_beg 0 0
1615138409209752 126273847801536 coll_end 0 0
1615138411115672 126273847801536 emit_beg 758 0
1615138416460776 126273847801536 emit_end 758 0
1615138416464626 126273847801536 drain_beg 0 0
1615138416465216 126273847801536 drain_end 1 0
1615138416465786 126273847801536 subm_beg 1 0
1615138419776214 126273847801536 subm_end 1 0
1615138419776504 126273847801536 pump_beg 1 0
1615138436440242 126273847801536 pump_end 1 2
1615138438149890 126273847801536 coll_beg 0 0
1615138446605589 126273847801536 coll_end 0 0
1615138448474681 126273847801536 emit_beg 759 0
1615138455223593 126273847801536 emit_end 759 0
1615138455227523 126273847801536 drain_beg 0 0
1615138455228003 126273847801536 drain_end 1 0
1615138455228243 126273847801536 subm_beg 1 0
1615138458630988 126273847801536 subm_end 1 0
1615138458631408 126273847801536 pump_beg 1 0
1615138476197763 126273847801536 pump_end 1 2
1615138477967758 126273847801536 coll_beg 0 0
1615138485964964 126273847801536 coll_end 0 0
1615138487819516 126273847801536 emit_beg 760 0
1615138493197599 126273847801536 emit_end 760 0
1615138493202889 126273847801536 drain_beg 0 0
1615138493203619 126273847801536 drain_end 1 0
1615138493203999 126273847801536 subm_beg 1 0
1615138496575095 126273847801536 subm_end 1 0
1615138496575685 126273847801536 pump_beg 1 0
1615138514332753 126273847801536 pump_end 1 2
1615138516529262 126273847801536 coll_beg 0 0
1615138524545338 126273847801536 coll_end 0 0
1615138526480007 126273847801536 emit_beg 761 0
1615138532087301 126273847801536 emit_end 761 0
1615138532091071 126273847801536 drain_beg 0 0
1615138532091431 126273847801536 drain_end 1 0
1615138532092031 126273847801536 subm_beg 1 0
1615138535326882 126273847801536 subm_end 1 0
1615138535327202 126273847801536 pump_beg 1 0
1615138551949542 126273847801536 pump_end 1 2
1615138553736477 126273847801536 coll_beg 0 0
1615138561427984 126273847801536 coll_end 0 0
1615138563245338 126273847801536 emit_beg 762 0
1615138568559242 126273847801536 emit_end 762 0
1615138568562132 126273847801536 drain_beg 0 0
1615138568562512 126273847801536 drain_end 1 0
1615138568562972 126273847801536 subm_beg 1 0
1615138571907749 126273847801536 subm_end 1 0
1615138571908039 126273847801536 pump_beg 1 0
1615138588547819 126273847801536 pump_end 1 2
1615138591502990 126273847801536 coll_beg 0 0
1615138599304354 126273847801536 coll_end 0 0
1615138601249872 126273847801536 emit_beg 763 0
1615138606534158 126273847801536 emit_end 763 0
1615138606536678 126273847801536 drain_beg 0 0
1615138606536968 126273847801536 drain_end 1 0
1615138606537188 126273847801536 subm_beg 1 0
1615138609927384 126273847801536 subm_end 1 0
1615138609927754 126273847801536 pump_beg 1 0
1615138628998774 126273847801536 pump_end 1 2
1615138631830310 126273847801536 coll_beg 0 0
1615138639372673 126273847801536 coll_end 0 0
1615138641292313 126273847801536 emit_beg 764 0
1615138646710954 126273847801536 emit_end 764 0
1615138646715143 126273847801536 drain_beg 0 0
1615138646715773 126273847801536 drain_end 1 0
1615138646716463 126273847801536 subm_beg 1 0
1615138650042361 126273847801536 subm_end 1 0
1615138650042871 126273847801536 pump_beg 1 0
1615138667195542 126273847801536 pump_end 1 2
1615138669645942 126273847801536 coll_beg 0 0
1615138676963583 126273847801536 coll_end 0 0
1615138678781016 126273847801536 emit_beg 765 0
1615138686400957 126273847801536 emit_end 765 0
1615138686407436 126273847801536 drain_beg 0 0
1615138686408096 126273847801536 drain_end 1 0
1615138686413276 126273847801536 subm_beg 1 0
1615138688156132 126273847801536 subm_end 1 0
1615138688156702 126273847801536 pump_beg 1 0
1615138705002224 126273847801536 pump_end 1 2
1615138707376907 126273847801536 coll_beg 0 0
1615138715783428 126273847801536 coll_end 0 0
1615138724394002 126273847801536 emit_beg 766 0
1615138742106562 126273847801536 emit_end 766 0
1615138742115301 126273847801536 drain_beg 0 0
1615138742116501 126273847801536 drain_end 1 0
1615138742117621 126273847801536 subm_beg 1 0
1615138753534842 126273847801536 subm_end 1 0
1615138753536852 126273847801536 pump_beg 1 0
1615138770523139 126273847801536 pump_end 1 2
1615138778459657 126273847801536 coll_beg 0 0
1615138786650837 126273847801536 coll_end 0 0
1615138790927819 126273847801536 emit_beg 767 0
1615138799113219 126273847801536 emit_end 767 0
1615138799116409 126273847801536 drain_beg 0 0
1615138799116759 126273847801536 drain_end 1 0
1615138799117039 126273847801536 subm_beg 1 0
1615138804588588 126273847801536 subm_end 1 0
1615138804589008 126273847801536 pump_beg 1 0
1615138821705680 126273847801536 pump_end 1 2
1615138825364525 126273847801536 coll_beg 0 0
1615138833486267 126273847801536 coll_end 0 0
1615138837395544 126273847801536 emit_beg 768 0
1615138846413433 126273847801536 emit_end 768 0
1615138846416513 126273847801536 drain_beg 0 0
1615138846416873 126273847801536 drain_end 1 0
1615138846417173 126273847801536 subm_beg 1 0
1615138852038176 126273847801536 subm_end 1 0
1615138852038466 126273847801536 pump_beg 1 0
1615138868584959 126273847801536 pump_end 1 2
1615138872862232 126273847801536 coll_beg 0 0
1615138881169567 126273847801536 coll_end 0 0
1615138885248907 126273847801536 emit_beg 769 0
1615138897628573 126273847801536 emit_end 769 0
1615138897633893 126273847801536 drain_beg 0 0
1615138897634503 126273847801536 drain_end 1 0
1615138897635582 126273847801536 subm_beg 1 0
1615138903615693 126273847801536 subm_end 1 0
1615138903619013 126273847801536 pump_beg 1 0
1615138920104088 126273847801536 pump_end 1 2
1615138925064556 126273847801536 coll_beg 0 0
1615138934755930 126273847801536 coll_end 0 0
1615138937999221 126273847801536 emit_beg 770 0
1615138947317319 126273847801536 emit_end 770 0
1615138947322528 126273847801536 drain_beg 0 0
1615138947323328 126273847801536 drain_end 1 0
1615138947324038 126273847801536 subm_beg 1 0
1615138953643226 126273847801536 subm_end 1 0
1615138953643756 126273847801536 pump_beg 1 0
1615138969072350 126273847801536 pump_end 1 2
1615138975754705 126273847801536 coll_beg 0 0
1615138982820965 126273847801536 coll_end 0 0
1615138986015838 126273847801536 emit_beg 771 0
1615138998315187 126273847801536 emit_end 771 0
1615138998319376 126273847801536 drain_beg 0 0
1615138998320196 126273847801536 drain_end 1 0
1615138998320896 126273847801536 subm_beg 1 0
1615139004801968 126273847801536 subm_end 1 0
1615139004802498 126273847801536 pump_beg 1 0
1615139020146975 126273847801536 pump_end 1 2
1615139024086481 126273847801536 coll_beg 0 0
1615139031579845 126273847801536 coll_end 0 0
1615139037655113 126273847801536 emit_beg 772 0
1615139047148694 126273847801536 emit_end 772 0
1615139047151304 126273847801536 drain_beg 0 0
1615139047151604 126273847801536 drain_end 1 0
1615139047152074 126273847801536 subm_beg 1 0
1615139053238490 126273847801536 subm_end 1 0
1615139053239940 126273847801536 pump_beg 1 0
1615139070005045 126273847801536 pump_end 1 2
1615139076314953 126273847801536 coll_beg 0 0
1615139084128336 126273847801536 coll_end 0 0
1615139087024100 126273847801536 emit_beg 773 0
1615139096959416 126273847801536 emit_end 773 0
1615139096962505 126273847801536 drain_beg 0 0
1615139096962855 126273847801536 drain_end 1 0
1615139096963125 126273847801536 subm_beg 1 0
1615139102568330 126273847801536 subm_end 1 0
1615139102568810 126273847801536 pump_beg 1 0
1615139118709867 126273847801536 pump_end 1 2
1615139125380092 126273847801536 coll_beg 0 0
1615139132873557 126273847801536 coll_end 0 0
1615139135703023 126273847801536 emit_beg 774 0
1615139148122787 126273847801536 emit_end 774 0
1615139148141377 126273847801536 drain_beg 0 0
1615139148142607 126273847801536 drain_end 1 0
1615139148143677 126273847801536 subm_beg 1 0
1615139153943674 126273847801536 subm_end 1 0
1615139153944604 126273847801536 pump_beg 1 0
1615139170356521 126273847801536 pump_end 1 2
1615139174838517 126273847801536 coll_beg 0 0
1615139183967912 126273847801536 coll_end 0 0
1615139189808267 126273847801536 emit_beg 775 0
1615139199967174 126273847801536 emit_end 775 0
1615139199971834 126273847801536 drain_beg 0 0
1615139199972484 126273847801536 drain_end 1 0
1615139199973314 126273847801536 subm_beg 1 0
1615139203850272 126273847801536 subm_end 1 0
1615139203850912 126273847801536 pump_beg 1 0
1615139222531386 126273847801536 pump_end 1 2
1615139225666751 126273847801536 coll_beg 0 0
1615139235288727 126273847801536 coll_end 0 0
1615139237582913 126273847801536 emit_beg 776 0
1615139241990182 126273847801536 emit_end 776 0
1615139241993401 126273847801536 drain_beg 0 0
1615139241993721 126273847801536 drain_end 1 0
1615139241994261 126273847801536 subm_beg 1 0
1615139246153549 126273847801536 subm_end 1 0
1615139246153939 126273847801536 pump_beg 1 0
1615139264635660 126273847801536 pump_end 1 2
1615139268886444 126273847801536 coll_beg 0 0
1615139278543920 126273847801536 coll_end 0 0
1615139281384905 126273847801536 emit_beg 777 0
1615139288184346 126273847801536 emit_end 777 0
1615139288188626 126273847801536 drain_beg 0 0
1615139288189126 126273847801536 drain_end 1 0
1615139288189426 126273847801536 subm_beg 1 0
1615139292334723 126273847801536 subm_end 1 0
1615139292335503 126273847801536 pump_beg 1 0
1615139308841857 126273847801536 pump_end 1 2
1615139313098841 126273847801536 coll_beg 0 0
1615139324515472 126273847801536 coll_end 0 0
1615139326883995 126273847801536 emit_beg 778 0
1615139333546381 126273847801536 emit_end 778 0
1615139333549740 126273847801536 drain_beg 0 0
1615139333550110 126273847801536 drain_end 1 0
1615139333550560 126273847801536 subm_beg 1 0
1615139337765456 126273847801536 subm_end 1 0
1615139337765866 126273847801536 pump_beg 1 0
1615139354727263 126273847801536 pump_end 1 2
1615139358140648 126273847801536 coll_beg 0 0
1615139365651742 126273847801536 coll_end 0 0
1615139369161863 126273847801536 emit_beg 779 0
1615139378991142 126273847801536 emit_end 779 0
1615139378996502 126273847801536 drain_beg 0 0
1615139378997212 126273847801536 drain_end 1 0
1615139378997922 126273847801536 subm_beg 1 0
1615139381178202 126273847801536 subm_end 1 0
1615139381178562 126273847801536 pump_beg 1 0
1615139397276141 126273847801536 pump_end 1 2
1615139400313750 126273847801536 coll_beg 0 0
1615139407873402 126273847801536 coll_end 0 0
1615139410054862 126273847801536 emit_beg 780 0
1615139416528074 126273847801536 emit_end 780 0
1615139416530864 126273847801536 drain_beg 0 0
1615139416531154 126273847801536 drain_end 1 0
1615139416531454 126273847801536 subm_beg 1 0
1615139420457150 126273847801536 subm_end 1 0
1615139420457670 126273847801536 pump_beg 1 0
1615139436728443 126273847801536 pump_end 1 2
1615139439545760 126273847801536 coll_beg 0 0
1615139446170176 126273847801536 coll_end 0 0
1615139448206862 126273847801536 emit_beg 781 0
1615139454824339 126273847801536 emit_end 781 0
1615139454827548 126273847801536 drain_beg 0 0
1615139454828018 126273847801536 drain_end 1 0
1615139454828748 126273847801536 subm_beg 1 0
1615139458999925 126273847801536 subm_end 1 0
1615139459000335 126273847801536 pump_beg 1 0
1615139475304017 126273847801536 pump_end 1 2
1615139478722791 126273847801536 coll_beg 0 0
1615139485703885 126273847801536 coll_end 0 0
1615139487826817 126273847801536 emit_beg 782 0
1615139494250171 126273847801536 emit_end 782 0
1615139494253891 126273847801536 drain_beg 0 0
1615139494254431 126273847801536 drain_end 1 0
1615139494254831 126273847801536 subm_beg 1 0
1615139498282173 126273847801536 subm_end 1 0
1615139498282463 126273847801536 pump_beg 1 0
1615139513871251 126273847801536 pump_end 1 2
1615139517793327 126273847801536 coll_beg 0 0
1615139525248503 126273847801536 coll_end 0 0
1615139527699063 126273847801536 emit_beg 783 0
1615139534233184 126273847801536 emit_end 783 0
1615139534235983 126273847801536 drain_beg 0 0
1615139534236323 126273847801536 drain_end 1 0
1615139534236603 126273847801536 subm_beg 1 0
1615139539118424 126273847801536 subm_end 1 0
1615139539118784 126273847801536 pump_beg 1 0
1615139554062146 126273847801536 pump_end 1 2
1615139556810665 126273847801536 coll_beg 0 0
1615139563547198 126273847801536 coll_end 0 0
1615139565651810 126273847801536 emit_beg 784 0
1615139570851659 126273847801536 emit_end 784 0
1615139570854689 126273847801536 drain_beg 0 0
1615139570855039 126273847801536 drain_end 1 0
1615139570855259 126273847801536 subm_beg 1 0
1615139574306713 126273847801536 subm_end 1 0
1615139574311092 126273847801536 pump_beg 1 0
1615139591725903 126273847801536 pump_end 1 2
1615139594607227 126273847801536 coll_beg 0 0
1615139602532846 126273847801536 coll_end 0 0
1615139604363049 126273847801536 emit_beg 785 0
1615139609917655 126273847801536 emit_end 785 0
1615139609926355 126273847801536 drain_beg 0 0
1615139609927725 126273847801536 drain_end 1 0
1615139609928785 126273847801536 subm_beg 1 0
1615139613062810 126273847801536 subm_end 1 0
1615139613065260 126273847801536 pump_beg 1 0
1615139630507389 126273847801536 pump_end 1 2
1615139632364581 126273847801536 coll_beg 0 0
1615139641021884 126273847801536 coll_end 0 0
1615139642812428 126273847801536 emit_beg 786 0
1615139648403043 126273847801536 emit_end 786 0
1615139648406252 126273847801536 drain_beg 0 0
1615139648406772 126273847801536 drain_end 1 0
1615139648407072 126273847801536 subm_beg 1 0
1615139651632514 126273847801536 subm_end 1 0
1615139651632824 126273847801536 pump_beg 1 0
1615139670062287 126273847801536 pump_end 1 2
1615139672031485 126273847801536 coll_beg 0 0
1615139682083676 126273847801536 coll_end 0 0
1615139683852231 126273847801536 emit_beg 787 0
1615139689148397 126273847801536 emit_end 787 0
1615139689163566 126273847801536 drain_beg 0 0
1615139689165146 126273847801536 drain_end 1 0
1615139689166856 126273847801536 subm_beg 1 0
1615139692446706 126273847801536 subm_end 1 0
1615139692448856 126273847801536 pump_beg 1 0
1615139710240193 126273847801536 pump_end 1 2
1615139711948170 126273847801536 coll_beg 0 0
1615139720074592 126273847801536 coll_end 0 0
1615139721901825 126273847801536 emit_beg 788 0
1615139727181741 126273847801536 emit_end 788 0
1615139727185491 126273847801536 drain_beg 0 0
1615139727186161 126273847801536 drain_end 1 0
1615139727187021 126273847801536 subm_beg 1 0
1615139730553047 126273847801536 subm_end 1 0
1615139730554847 126273847801536 pump_beg 1 0
1615139748335484 126273847801536 pump_end 1 2
1615139751566636 126273847801536 coll_beg 0 0
1615139758865368 126273847801536 coll_end 0 0
1615139760668272 126273847801536 emit_beg 789 0
1615139765868371 126273847801536 emit_end 789 0
1615139765871110 126273847801536 drain_beg 0 0
1615139765871410 126273847801536 drain_end 1 0
1615139765871750 126273847801536 subm_beg 1 0
1615139769231207 126273847801536 subm_end 1 0
1615139769231797 126273847801536 pump_beg 1 0
1615139786016831 126273847801536 pump_end 1 2
1615139787901502 126273847801536 coll_beg 0 0
1615139798270071 126273847801536 coll_end 0 0
1615139800359634 126273847801536 emit_beg 790 0
1615139807754793 126273847801536 emit_end 790 0
1615139807757853 126273847801536 drain_beg 0 0
1615139807758183 126273847801536 drain_end 1 0
1615139807758603 126273847801536 subm_beg 1 0
1615139809601045 126273847801536 subm_end 1 0
1615139809601455 126273847801536 pump_beg 1 0
1615139825950935 126273847801536 pump_end 1 2
1615139827789388 126273847801536 coll_beg 0 0
1615139836020475 126273847801536 coll_end 0 0
1615139837936745 126273847801536 emit_beg 791 0
1615139843611007 126273847801536 emit_end 791 0
1615139843614197 126273847801536 drain_beg 0 0
1615139843614597 126273847801536 drain_end 1 0
1615139843614927 126273847801536 subm_beg 1 0
1615139847141267 126273847801536 subm_end 1 0
1615139847141707 126273847801536 pump_beg 1 0
1615139863865493 126273847801536 pump_end 1 2
1615139865732455 126273847801536 coll_beg 0 0
1615139873282657 126273847801536 coll_end 0 0
1615139875172708 126273847801536 emit_beg 792 0
1615139880716485 126273847801536 emit_end 792 0
1615139880719165 126273847801536 drain_beg 0 0
1615139880719445 126273847801536 drain_end 1 0
1615139880719845 126273847801536 subm_beg 1 0
1615139884411029 126273847801536 subm_end 1 0
1615139884413939 126273847801536 pump_beg 1 0
1615139900307555 126273847801536 pump_end 1 2
1615139902163407 126273847801536 coll_beg 0 0
1615139910087386 126273847801536 coll_end 0 0
1615139911930079 126273847801536 emit_beg 793 0
1615139917401218 126273847801536 emit_end 793 0
1615139917404148 126273847801536 drain_beg 0 0
1615139917404468 126273847801536 drain_end 1 0
1615139917404938 126273847801536 subm_beg 1 0
1615139920961507 126273847801536 subm_end 1 0
1615139920961807 126273847801536 pump_beg 1 0
1615139936371692 126273847801536 pump_end 1 2
1615139938278302 126273847801536 coll_beg 0 0
1615139947135926 126273847801536 coll_end 0 0
1615139949043156 126273847801536 emit_beg 794 0
1615139954608292 126273847801536 emit_end 794 0
1615139954610982 126273847801536 drain_beg 0 0
1615139954611242 126273847801536 drain_end 1 0
1615139954611532 126273847801536 subm_beg 1 0
1615139958122943 126273847801536 subm_end 1 0
1615139958124133 126273847801536 pump_beg 1 0
1615139976338904 126273847801536 pump_end 1 2
1615139979437371 126273847801536 coll_beg 0 0
1615139990398998 126273847801536 coll_end 0 0
1615139992321438 126273847801536 emit_beg 795 0
1615139998123015 126273847801536 emit_end 795 0
1615139998126965 126273847801536 drain_beg 0 0
1615139998127555 126273847801536 drain_end 1 0
1615139998128134 126273847801536 subm_beg 1 0
1615140001637146 126273847801536 subm_end 1 0
1615140001640986 126273847801536 pump_beg 1 0
1615140019227700 126273847801536 pump_end 1 2
1615140022662324 126273847801536 coll_beg 0 0
1615140031087045 126273847801536 coll_end 0 0
1615140033117020 126273847801536 emit_beg 796 0
1615140038944206 126273847801536 emit_end 796 0
1615140038947846 126273847801536 drain_beg 0 0
1615140038948286 126273847801536 drain_end 1 0
1615140038948666 126273847801536 subm_beg 1 0
1615140042428218 126273847801536 subm_end 1 0
1615140042428628 126273847801536 pump_beg 1 0
1615140060011643 126273847801536 pump_end 1 2
1615140062850849 126273847801536 coll_beg 0 0
1615140070143671 126273847801536 coll_end 0 0
1615140072063840 126273847801536 emit_beg 797 0
1615140077723843 126273847801536 emit_end 797 0
1615140077727282 126273847801536 drain_beg 0 0
1615140077727872 126273847801536 drain_end 1 0
1615140077728452 126273847801536 subm_beg 1 0
1615140081370969 126273847801536 subm_end 1 0
1615140081371759 126273847801536 pump_beg 1 0
1615140098980762 126273847801536 pump_end 1 2
1615140101820668 126273847801536 coll_beg 0 0
1615140112126180 126273847801536 coll_end 0 0
1615140114226003 126273847801536 emit_beg 798 0
1615140118122910 126273847801536 emit_end 798 0
1615140118127109 126273847801536 drain_beg 0 0
1615140118127569 126273847801536 drain_end 1 0
1615140118128209 126273847801536 subm_beg 1 0
1615140121545894 126273847801536 subm_end 1 0
1615140121546264 126273847801536 pump_beg 1 0
1615140138062458 126273847801536 pump_end 1 2
1615140141749162 126273847801536 coll_beg 0 0
1615140149855955 126273847801536 coll_end 0 0
1615140151773204 126273847801536 emit_beg 799 0
1615140157540083 126273847801536 emit_end 799 0
1615140157543513 126273847801536 drain_beg 0 0
1615140157543983 126273847801536 drain_end 1 0
1615140157544802 126273847801536 subm_beg 1 0
1615140161217908 126273847801536 subm_end 1 0
1615140161221637 126273847801536 pump_beg 1 0
1615140177861497 126273847801536 pump_end 1 2
1615140181516942 126273847801536 coll_beg 0 0
1615140190035840 126273847801536 coll_end 0 0
1615140192192631 126273847801536 emit_beg 800 0
1615140198044826 126273847801536 emit_end 800 0
1615140198048986 126273847801536 drain_beg 0 0
1615140198049396 126273847801536 drain_end 1 0
1615140198049876 126273847801536 subm_beg 1 0
1615140201578726 126273847801536 subm_end 1 0
1615140201579486 126273847801536 pump_beg 1 0
1615140218014513 126273847801536 pump_end 1 2
1615140220249731 126273847801536 coll_beg 0 0
1615140228033165 126273847801536 coll_end 0 0
1615140229953005 126273847801536 emit_beg 801 0
1615140235737632 126273847801536 emit_end 801 0
1615140235741322 126273847801536 drain_beg 0 0
1615140235741802 126273847801536 drain_end 1 0
1615140235742782 126273847801536 subm_beg 1 0
1615140239436106 126273847801536 subm_end 1 0
1615140239437026 126273847801536 pump_beg 1 0
1615140256694593 126273847801536 pump_end 1 2
1615140258876073 126273847801536 coll_beg 0 0
1615140268568437 126273847801536 coll_end 0 0
1615140270517105 126273847801536 emit_beg 802 0
1615140277793298 126273847801536 emit_end 802 0
1615140277798958 126273847801536 drain_beg 0 0
1615140277799658 126273847801536 drain_end 1 0
1615140277800428 126273847801536 subm_beg 1 0
1615140281147185 126273847801536 subm_end 1 0
1615140281147445 126273847801536 pump_beg 1 0
1615140298941422 126273847801536 pump_end 1 2
1615140303912990 126273847801536 coll_beg 0 0
1615140312557092 126273847801536 coll_end 0 0
1615140314371686 126273847801536 emit_beg 803 0
1615140319606503 126273847801536 emit_end 803 0
1615140319609643 126273847801536 drain_beg 0 0
1615140319610243 126273847801536 drain_end 1 0
1615140319610613 126273847801536 subm_beg 1 0
1615140322919752 126273847801536 subm_end 1 0
1615140322920162 126273847801536 pump_beg 1 0
1615140339318340 126273847801536 pump_end 1 2
1615140341311857 126273847801536 coll_beg 0 0
1615140350062845 126273847801536 coll_end 0 0
1615140351913167 126273847801536 emit_beg 804 0
1615140357258311 126273847801536 emit_end 804 0
1615140357261721 126273847801536 drain_beg 0 0
1615140357262061 126273847801536 drain_end 1 0
1615140357262531 126273847801536 subm_beg 1 0
1615140360583739 126273847801536 subm_end 1 0
1615140360584059 126273847801536 pump_beg 1 0
1615140377497318 126273847801536 pump_end 1 2
1615140380345944 126273847801536 coll_beg 0 0
1615140388328531 126273847801536 coll_end 0 0
1615140390176493 126273847801536 emit_beg 805 0
1615140395530476 126273847801536 emit_end 805 0
1615140395533816 126273847801536 drain_beg 0 0
1615140395534106 126273847801536 drain_end 1 0
1615140395534426 126273847801536 subm_beg 1 0
1615140398819056 126273847801536 subm_end 1 0
1615140398821685 126273847801536 pump_beg 1 0
1615140416281035 126273847801536 pump_end 1 2
1615140419121050 126273847801536 coll_beg 0 0
1615140429632075 126273847801536 coll_end 0 0
1615140431616702 126273847801536 emit_beg 806 0
1615140437083761 126273847801536 emit_end 806 0
1615140437086591 126273847801536 drain_beg 0 0
1615140437086931 126273847801536 drain_end 1 0
1615140437087391 126273847801536 subm_beg 1 0
1615140440516785 126273847801536 subm_end 1 0
1615140440520655 126273847801536 pump_beg 1 0
1615140457633747 126273847801536 pump_end 1 2
1615140459980070 126273847801536 coll_beg 0 0
1615140468850725 126273847801536 coll_end 0 0
1615140470693247 126273847801536 emit_beg 807 0
1615140474326974 126273847801536 emit_end 807 0
1615140474329694 126273847801536 drain_beg 0 0
1615140474329984 126273847801536 drain_end 1 0
1615140474330284 126273847801536 subm_beg 1 0
1615140477705690 126273847801536 subm_end 1 0
1615140477706080 126273847801536 pump_beg 1 0
1615140494308700 126273847801536 pump_end 1 2
1615140497555321 126273847801536 coll_beg 0 0
1615140509230343 126273847801536 coll_end 0 0
1615140511081875 126273847801536 emit_beg 808 0
1615140516458687 126273847801536 emit_end 808 0
1615140516461837 126273847801536 drain_beg 0 0
1615140516462117 126273847801536 drain_end 1 0
1615140516462507 126273847801536 subm_beg 1 0
1615140519765336 126273847801536 subm_end 1 0
1615140519765756 126273847801536 pump_beg 1 0
1615140536238241 126273847801536 pump_end 1 2
1615140539393705 126273847801536 coll_beg 0 0
1615140551338787 126273847801536 coll_end 0 0
1615140555196205 126273847801536 emit_beg 809 0
1615140560852517 126273847801536 emit_end 809 0
1615140560857627 126273847801536 drain_beg 0 0
1615140560868687 126273847801536 drain_end 1 0
1615140560869097 126273847801536 subm_beg 1 0
1615140564079649 126273847801536 subm_end 1 0
1615140564079999 126273847801536 pump_beg 1 0
1615140581032747 126273847801536 pump_end 1 2
1615140583956549 126273847801536 coll_beg 0 0
1615140595274964 126273847801536 coll_end 0 0
1615140597210663 126273847801536 emit_beg 810 0
1615140602561706 126273847801536 emit_end 810 0
1615140602564456 126273847801536 drain_beg 0 0
1615140602565136 126273847801536 drain_end 1 0
1615140602565476 126273847801536 subm_beg 1 0
1615140605798788 126273847801536 subm_end 1 0
1615140605799228 126273847801536 pump_beg 1 0
1615140622419977 126273847801536 pump_end 1 2
1615140624501541 126273847801536 coll_beg 0 0
1615140635094752 126273847801536 coll_end 0 0
1615140637126358 126273847801536 emit_beg 811 0
1615140644537566 126273847801536 emit_end 811 0
1615140644550005 126273847801536 drain_beg 0 0
1615140644551885 126273847801536 drain_end 1 0
1615140644553705 126273847801536 subm_beg 1 0
1615140646430016 126273847801536 subm_end 1 0
1615140646430786 126273847801536 pump_beg 1 0
1615140663294847 126273847801536 pump_end 1 2
1615140665331892 126273847801536 coll_beg 0 0
1615140674064632 126273847801536 coll_end 0 0
1615140676132066 126273847801536 emit_beg 812 0
1615140681712091 126273847801536 emit_end 812 0
1615140681717511 126273847801536 drain_beg 0 0
1615140681718231 126273847801536 drain_end 1 0
1615140681719091 126273847801536 subm_beg 1 0
1615140684899524 126273847801536 subm_end 1 0
1615140684899984 126273847801536 pump_beg 1 0
1615140701563262 126273847801536 pump_end 1 2
1615140704935718 126273847801536 coll_beg 0 0
1615140716817172 126273847801536 coll_end 0 0
1615140720219827 126273847801536 emit_beg 813 0
1615140726642822 126273847801536 emit_end 813 0
1615140726646242 126273847801536 drain_beg 0 0
1615140726646791 126273847801536 drain_end 1 0
1615140726647151 126273847801536 subm_beg 1 0
1615140730100455 126273847801536 subm_end 1 0
1615140730100885 126273847801536 pump_beg 1 0
1615140747541304 126273847801536 pump_end 1 2
1615140751349485 126273847801536 coll_beg 0 0
1615140764682725 126273847801536 coll_end 0 0
1615140767968515 126273847801536 emit_beg 814 0
1615140774102999 126273847801536 emit_end 814 0
1615140774106779 126273847801536 drain_beg 0 0
1615140774107079 126273847801536 drain_end 1 0
1615140774107649 126273847801536 subm_beg 1 0
1615140777586561 126273847801536 subm_end 1 0
1615140777586751 126273847801536 pump_beg 1 0
1615140794086766 126273847801536 pump_end 1 2
1615140796215158 126273847801536 coll_beg 0 0
1615140803271989 126273847801536 coll_end 0 0
1615140805178769 126273847801536 emit_beg 815 0
1615140810986505 126273847801536 emit_end 815 0
1615140810990685 126273847801536 drain_beg 0 0
1615140810991155 126273847801536 drain_end 1 0
1615140810991765 126273847801536 subm_beg 1 0
1615140814400110 126273847801536 subm_end 1 0
1615140814400320 126273847801536 pump_beg 1 0
1615140829969609 126273847801536 pump_end 1 2
1615140832536224 126273847801536 coll_beg 0 0
1615140840076058 126273847801536 coll_end 0 0
1615140842033016 126273847801536 emit_beg 816 0
1615140849632397 126273847801536 emit_end 816 0
1615140849636897 126273847801536 drain_beg 0 0
1615140849637577 126273847801536 drain_end 1 0
1615140849638097 126273847801536 subm_beg 1 0
1615140851539387 126273847801536 subm_end 1 0
1615140851539807 126273847801536 pump_beg 1 0
1615140867406614 126273847801536 pump_end 1 2
1615140870040888 126273847801536 coll_beg 0 0
1615140876571698 126273847801536 coll_end 0 0
1615140878517616 126273847801536 emit_beg 817 0
1615140884327643 126273847801536 emit_end 817 0
1615140884331663 126273847801536 drain_beg 0 0
1615140884332093 126273847801536 drain_end 1 0
1615140884332823 126273847801536 subm_beg 1 0
1615140887863963 126273847801536 subm_end 1 0
1615140887864243 126273847801536 pump_beg 1 0
1615140903679443 126273847801536 pump_end 1 2
1615140906641474 126273847801536 coll_beg 0 0
1615140913551670 126273847801536 coll_end 0 0
1615140915580076 126273847801536 emit_beg 818 0
1615140923276883 126273847801536 emit_end 818 0
1615140923281043 126273847801536 drain_beg 0 0
1615140923281573 126273847801536 drain_end 1 0
1615140923282233 126273847801536 subm_beg 1 0
1615140926745756 126273847801536 subm_end 1 0
1615140926746096 126273847801536 pump_beg 1 0
1615140943037348 126273847801536 pump_end 1 2
1615140945601434 126273847801536 coll_beg 0 0
1615140952967783 126273847801536 coll_end 0 0
1615140954969790 126273847801536 emit_beg 819 0
1615140961043897 126273847801536 emit_end 819 0
1615140961048207 126273847801536 drain_beg 0 0
1615140961048997 126273847801536 drain_end 1 0
1615140961050137 126273847801536 subm_beg 1 0
1615140964490620 126273847801536 subm_end 1 0
1615140964491100 126273847801536 pump_beg 1 0
1615140980598959 126273847801536 pump_end 1 2
1615140982584616 126273847801536 coll_beg 0 0
1615140990038383 126273847801536 coll_end 0 0
1615140991952232 126273847801536 emit_beg 820 0
1615140997948372 126273847801536 emit_end 820 0
1615140997952622 126273847801536 drain_beg 0 0
1615140997953122 126273847801536 drain_end 1 0
1615140997953572 126273847801536 subm_beg 1 0
1615141001324278 126273847801536 subm_end 1 0
1615141001324648 126273847801536 pump_beg 1 0
1615141018215788 126273847801536 pump_end 1 2
1615141020067710 126273847801536 coll_beg 0 0
1615141029279382 126273847801536 coll_end 0 0
1615141031313467 126273847801536 emit_beg 821 0
1615141037007148 126273847801536 emit_end 821 0
1615141037014428 126273847801536 drain_beg 0 0
1615141037015018 126273847801536 drain_end 1 0
1615141037016018 126273847801536 subm_beg 1 0
1615141040524899 126273847801536 subm_end 1 0
1615141040525279 126273847801536 pump_beg 1 0
1615141059041630 126273847801536 pump_end 1 2
1615141060860473 126273847801536 coll_beg 0 0
1615141073556507 126273847801536 coll_end 0 0
1615141075911050 126273847801536 emit_beg 822 0
1615141081931079 126273847801536 emit_end 822 0
1615141081936289 126273847801536 drain_beg 0 0
1615141081936989 126273847801536 drain_end 1 0
1615141081937969 126273847801536 subm_beg 1 0
1615141085286806 126273847801536 subm_end 1 0
1615141085288416 126273847801536 pump_beg 1 0
1615141103914502 126273847801536 pump_end 1 2
1615141106446009 126273847801536 coll_beg 0 0
1615141116417493 126273847801536 coll_end 0 0
1615141118411960 126273847801536 emit_beg 823 0
1615141124120451 126273847801536 emit_end 823 0
1615141124124470 126273847801536 drain_beg 0 0
1615141124125130 126273847801536 drain_end 1 0
1615141124125680 126273847801536 subm_beg 1 0
1615141127571694 126273847801536 subm_end 1 0
1615141127572254 126273847801536 pump_beg 1 0
1615141144789932 126273847801536 pump_end 1 2
1615141147074178 126273847801536 coll_beg 0 0
1615141157541784 126273847801536 coll_end 0 0
1615141159666586 126273847801536 emit_beg 824 0
1615141165379656 126273847801536 emit_end 824 0
1615141165383246 126273847801536 drain_beg 0 0
1615141165383856 126273847801536 drain_end 1 0
1615141165384536 126273847801536 subm_beg 1 0
1615141168866708 126273847801536 subm_end 1 0
1615141168867408 126273847801536 pump_beg 1 0
1615141185224127 126273847801536 pump_end 1 2
1615141187480475 126273847801536 coll_beg 0 0
1615141195316537 126273847801536 coll_end 0 0
1615141197266236 126273847801536 emit_beg 825 0
1615141202981156 126273847801536 emit_end 825 0
1615141202984506 126273847801536 drain_beg 0 0
1615141202984826 126273847801536 drain_end 1 0
1615141202985356 126273847801536 subm_beg 1 0
1615141206502016 126273847801536 subm_end 1 0
1615141206502356 126273847801536 pump_beg 1 0
1615141225052835 126273847801536 pump_end 1 2
1615141227412969 126273847801536 coll_beg 0 0
1615141234157051 126273847801536 coll_end 0 0
1615141236007013 126273847801536 emit_beg 826 0
1615141241490202 126273847801536 emit_end 826 0
1615141241494212 126273847801536 drain_beg 0 0
1615141241494732 126273847801536 drain_end 1 0
1615141241495442 126273847801536 subm_beg 1 0
1615141244780961 126273847801536 subm_end 1 0
1615141244781411 126273847801536 pump_beg 1 0
1615141260975737 126273847801536 pump_end 1 2
1615141263452036 126273847801536 coll_beg 0 0
1615141271006419 126273847801536 coll_end 0 0
1615141272948897 126273847801536 emit_beg 827 0
1615141280110354 126273847801536 emit_end 827 0
1615141280114184 126273847801536 drain_beg 0 0
1615141280114584 126273847801536 drain_end 1 0
1615141280115454 126273847801536 subm_beg 1 0
1615141281901449 126273847801536 subm_end 1 0
1615141281901939 126273847801536 pump_beg 1 0
1615141298125473 126273847801536 pump_end 1 2
1615141300299543 126273847801536 coll_beg 0 0
1615141307125783 126273847801536 coll_end 0 0
1615141308988994 126273847801536 emit_beg 828 0
1615141316480749 126273847801536 emit_end 828 0
1615141316487789 126273847801536 drain_beg 0 0
1615141316488699 126273847801536 drain_end 1 0
1615141316489579 126273847801536 subm_beg 1 0
1615141318357020 126273847801536 subm_end 1 0
1615141318357460 126273847801536 pump_beg 1 0
1615141334826816 126273847801536 pump_end 1 2
1615141336935278 126273847801536 coll_beg 0 0
1615141344347516 126273847801536 coll_end 0 0
1615141346183429 126273847801536 emit_beg 829 0
1615141351615570 126273847801536 emit_end 829 0
1615141351619799 126273847801536 drain_beg 0 0
1615141351620269 126273847801536 drain_end 1 0
1615141351620989 126273847801536 subm_beg 1 0
1615141354951077 126273847801536 subm_end 1 0
1615141354951427 126273847801536 pump_beg 1 0
1615141371340045 126273847801536 pump_end 1 2
1615141374421442 126273847801536 coll_beg 0 0
1615141382128039 126273847801536 coll_end 0 0
1615141383986581 126273847801536 emit_beg 830 0
1615141389465410 126273847801536 emit_end 830 0
1615141389469160 126273847801536 drain_beg 0 0
1615141389469710 126273847801536 drain_end 1 0
1615141389470150 126273847801536 subm_beg 1 0
1615141392777339 126273847801536 subm_end 1 0
1615141392777849 126273847801536 pump_beg 1 0
1615141408227691 126273847801536 pump_end 1 2
1615141409961398 126273847801536 coll_beg 0 0
1615141416922452 126273847801536 coll_end 0 0
1615141418727546 126273847801536 emit_beg 831 0
1615141424095209 126273847801536 emit_end 831 0
1615141424099349 126273847801536 drain_beg 0 0
1615141424099999 126273847801536 drain_end 1 0
1615141424100449 126273847801536 subm_beg 1 0
1615141427314501 126273847801536 subm_end 1 0
1615141427314781 126273847801536 pump_beg 1 0
1615141443558764 126273847801536 pump_end 1 2
1615141446095111 126273847801536 coll_beg 0 0
1615141453612665 126273847801536 coll_end 0 0
1615141455383080 126273847801536 emit_beg 832 0
1615141460813091 126273847801536 emit_end 832 0
1615141460817221 126273847801536 drain_beg 0 0
1615141460817791 126273847801536 drain_end 1 0
1615141460818041 126273847801536 subm_beg 1 0
1615141464056942 126273847801536 subm_end 1 0
1615141464057322 126273847801536 pump_beg 1 0
1615141481295539 126273847801536 pump_end 1 2
1615141484406265 126273847801536 coll_beg 0 0
1615141493127355 126273847801536 coll_end 0 0
1615141495046824 126273847801536 emit_beg 833 0
1615141500369429 126273847801536 emit_end 833 0
1615141500373499 126273847801536 drain_beg 0 0
1615141500373829 126273847801536 drain_end 1 0
1615141500374439 126273847801536 subm_beg 1 0
1615141503662378 126273847801536 subm_end 1 0
1615141503662948 126273847801536 pump_beg 1 0
1615141521086198 126273847801536 pump_end 1 2
1615141524324549 126273847801536 coll_beg 0 0
1615141536994114 126273847801536 coll_end 0 0
1615141538964112 126273847801536 emit_beg 834 0
1615141544494959 126273847801536 emit_end 834 0
1615141544498269 126273847801536 drain_beg 0 0
1615141544498859 126273847801536 drain_end 1 0
1615141544499439 126273847801536 subm_beg 1 0
1615141547977631 126273847801536 subm_end 1 0
1615141547978431 126273847801536 pump_beg 1 0
1615141566363396 126273847801536 pump_end 1 2
1615141568755578 126273847801536 coll_beg 0 0
1615141576853441 126273847801536 coll_end 0 0
1615141578653575 126273847801536 emit_beg 835 0
1615141584078086 126273847801536 emit_end 835 0
1615141584081906 126273847801536 drain_beg 0 0
1615141584082446 126273847801536 drain_end 1 0
1615141584082896 126273847801536 subm_beg 1 0
1615141587514400 126273847801536 subm_end 1 0
1615141587515650 126273847801536 pump_beg 1 0
1615141603814912 126273847801536 pump_end 1 2
1615141607229506 126273847801536 coll_beg 0 0
1615141614294997 126273847801536 coll_end 0 0
1615141616107740 126273847801536 emit_beg 836 0
1615141621684566 126273847801536 emit_end 836 0
1615141621687895 126273847801536 drain_beg 0 0
1615141621688485 126273847801536 drain_end 1 0
1615141621688975 126273847801536 subm_beg 1 0
1615141625094950 126273847801536 subm_end 1 0
1615141625095740 126273847801536 pump_beg 1 0
1615141642337167 126273847801536 pump_end 1 2
1615141645493792 126273847801536 coll_beg 0 0
1615141653247277 126273847801536 coll_end 0 0
1615141655255363 126273847801536 emit_beg 837 0
1615141660629466 126273847801536 emit_end 837 0
1615141660633876 126273847801536 drain_beg 0 0
1615141660634406 126273847801536 drain_end 1 0
1615141660635156 126273847801536 subm_beg 1 0
1615141663885136 126273847801536 subm_end 1 0
1615141663887006 126273847801536 pump_beg 1 0
1615141680016504 126273847801536 pump_end 1 2
1615141681902155 126273847801536 coll_beg 0 0
1615141690511099 126273847801536 coll_end 0 0
1615141692512416 126273847801536 emit_beg 838 0
1615141698209976 126273847801536 emit_end 838 0
1615141698213986 126273847801536 drain_beg 0 0
1615141698214576 126273847801536 drain_end 1 0
1615141698215146 126273847801536 subm_beg 1 0
1615141701739137 126273847801536 subm_end 1 0
1615141701739897 126273847801536 pump_beg 1 0
1615141718374726 126273847801536 pump_end 1 2
1615141721306459 126273847801536 coll_beg 0 0
1615141728526683 126273847801536 coll_end 0 0
1615141730444913 126273847801536 emit_beg 839 0
1615141736068737 126273847801536 emit_end 839 0
1615141736072237 126273847801536 drain_beg 0 0
1615141736072947 126273847801536 drain_end 1 0
1615141736073726 126273847801536 subm_beg 1 0
1615141739603487 126273847801536 subm_end 1 0
1615141739603857 126273847801536 pump_beg 1 0
1615141755552971 126273847801536 pump_end 1 2
1615141759239546 126273847801536 coll_beg 0 0
1615141766486220 126273847801536 coll_end 0 0
1615141768369351 126273847801536 emit_beg 840 0
1615141774038523 126273847801536 emit_end 840 0
1615141774041933 126273847801536 drain_beg 0 0
1615141774042553 126273847801536 drain_end 1 0
1615141774043113 126273847801536 subm_beg 1 0
1615141777606162 126273847801536 subm_end 1 0
1615141777606692 126273847801536 pump_beg 1 0
1615141793952132 126273847801536 pump_end 1 2
1615141796173680 126273847801536 coll_beg 0 0
1615141803137775 126273847801536 coll_end 0 0
1615141805190649 126273847801536 emit_beg 841 0
1615141811123851 126273847801536 emit_end 841 0
1615141811128111 126273847801536 drain_beg 0 0
1615141811128591 126273847801536 drain_end 1 0
1615141811129061 126273847801536 subm_beg 1 0
1615141814516937 126273847801536 subm_end 1 0
1615141814517697 126273847801536 pump_beg 1 0
1615141831753444 126273847801536 pump_end 1 2
1615141834322530 126273847801536 coll_beg 0 0
1615141842855607 126273847801536 coll_end 0 0
1615141844837474 126273847801536 emit_beg 842 0
1615141850734777 126273847801536 emit_end 842 0
1615141850739427 126273847801536 drain_beg 0 0
1615141850740167 126273847801536 drain_end 1 0
1615141850740677 126273847801536 subm_beg 1 0
1615141854237189 126273847801536 subm_end 1 0
1615141854238219 126273847801536 pump_beg 1 0
1615141871429478 126273847801536 pump_end 1 2
1615141873300159 126273847801536 coll_beg 0 0
1615141881580525 126273847801536 coll_end 0 0
1615141883547153 126273847801536 emit_beg 843 0
1615141889255013 126273847801536 emit_end 843 0
1615141889258053 126273847801536 drain_beg 0 0
1615141889258503 126273847801536 drain_end 1 0
1615141889258963 126273847801536 subm_beg 1 0
1615141892671858 126273847801536 subm_end 1 0
1615141892672718 126273847801536 pump_beg 1 0
1615141909184512 126273847801536 pump_end 1 2
1615141911050573 126273847801536 coll_beg 0 0
1615141917983919 126273847801536 coll_end 0 0
1615141919856890 126273847801536 emit_beg 844 0
1615141925647947 126273847801536 emit_end 844 0
1615141925651287 126273847801536 drain_beg 0 0
1615141925651827 126273847801536 drain_end 1 0
1615141925652607 126273847801536 subm_beg 1 0
1615141929190757 126273847801536 subm_end 1 0
1615141929191457 126273847801536 pump_beg 1 0
1615141945852266 126273847801536 pump_end 1 2
1615141947809734 126273847801536 coll_beg 0 0
1615141955397345 126273847801536 coll_end 0 0
1615141957318405 126273847801536 emit_beg 845 0
1615141962897340 126273847801536 emit_end 845 0
1615141962901150 126273847801536 drain_beg 0 0
1615141962901780 126273847801536 drain_end 1 0
1615141962902280 126273847801536 subm_beg 1 0
1615141966375632 126273847801536 subm_end 1 0
1615141966376342 126273847801536 pump_beg 1 0
1615141983133797 126273847801536 pump_end 1 2
1615141986460205 126273847801536 coll_beg 0 0
1615141995045740 126273847801536 coll_end 0 0
1615141996831134 126273847801536 emit_beg 846 0
1615142002559624 126273847801536 emit_end 846 0
1615142002563864 126273847801536 drain_beg 0 0
1615142002564354 126273847801536 drain_end 1 0
1615142002564904 126273847801536 subm_beg 1 0
1615142005911131 126273847801536 subm_end 1 0
1615142005912321 126273847801536 pump_beg 1 0
1615142021681362 126273847801536 pump_end 1 2
1615142023787075 126273847801536 coll_beg 0 0
1615142030818507 126273847801536 coll_end 0 0
1615142032786744 126273847801536 emit_beg 847 0
1615142038464396 126273847801536 emit_end 847 0
1615142038468326 126273847801536 drain_beg 0 0
1615142038468976 126273847801536 drain_end 1 0
1615142038469636 126273847801536 subm_beg 1 0
1615142041988917 126273847801536 subm_end 1 0
1615142041989397 126273847801536 pump_beg 1 0
1615142057951361 126273847801536 pump_end 1 2
1615142061178982 126273847801536 coll_beg 0 0
1615142069131610 126273847801536 coll_end 0 0
1615142071023931 126273847801536 emit_beg 848 0
1615142076626705 126273847801536 emit_end 848 0
1615142076630055 126273847801536 drain_beg 0 0
1615142076630635 126273847801536 drain_end 1 0
1615142076631105 126273847801536 subm_beg 1 0
1615142080148236 126273847801536 subm_end 1 0
1615142080148696 126273847801536 pump_beg 1 0
1615142096916570 126273847801536 pump_end 1 2
1615142099476286 126273847801536 coll_beg 0 0
1615142107697375 126273847801536 coll_end 0 0
1615142109785468 126273847801536 emit_beg 849 0
1615142115472689 126273847801536 emit_end 849 0
1615142115475979 126273847801536 drain_beg 0 0
1615142115476309 126273847801536 drain_end 1 0
1615142115476729 126273847801536 subm_beg 1 0
1615142119025649 126273847801536 subm_end 1 0
1615142119027209 126273847801536 pump_beg 1 0
1615142136504617 126273847801536 pump_end 1 2
1615142138628999 126273847801536 coll_beg 0 0
1615142147561471 126273847801536 coll_end 0 0
1615142149540458 126273847801536 emit_beg 850 0
1615142154973859 126273847801536 emit_end 850 0
1615142154978389 126273847801536 drain_beg 0 0
1615142154978959 126273847801536 drain_end 1 0
1615142154979509 126273847801536 subm_beg 1 0
1615142158252759 126273847801536 subm_end 1 0
1615142158254859 126273847801536 pump_beg 1 0
1615142175448288 126273847801536 pump_end 1 2
1615142178795525 126273847801536 coll_beg 0 0
1615142187074711 126273847801536 coll_end 0 0
1615142189014529 126273847801536 emit_beg 851 0
1615142194331574 126273847801536 emit_end 851 0
1615142194334964 126273847801536 drain_beg 0 0
1615142194335384 126273847801536 drain_end 1 0
1615142194335944 126273847801536 subm_beg 1 0
1615142197531687 126273847801536 subm_end 1 0
1615142197532097 126273847801536 pump_beg 1 0
1615142214259013 126273847801536 pump_end 1 2
1615142217326700 126273847801536 coll_beg 0 0
1615142227766827 126273847801536 coll_end 0 0
1615142229696596 126273847801536 emit_beg 852 0
1615142233261535 126273847801536 emit_end 852 0
1615142233265035 126273847801536 drain_beg 0 0
1615142233265525 126273847801536 drain_end 1 0
1615142233266215 126273847801536 subm_beg 1 0
1615142236633482 126273847801536 subm_end 1 0
1615142236633841 126273847801536 pump_beg 1 0
1615142252913154 126273847801536 pump_end 1 2
1615142255541067 126273847801536 coll_beg 0 0
1615142263456167 126273847801536 coll_end 0 0
1615142265212522 126273847801536 emit_beg 853 0
1615142270492028 126273847801536 emit_end 853 0
1615142270495358 126273847801536 drain_beg 0 0
1615142270506038 126273847801536 drain_end 1 0
1615142270506648 126273847801536 subm_beg 1 0
1615142273734220 126273847801536 subm_end 1 0
1615142273736059 126273847801536 pump_beg 1 0
1615142290743435 126273847801536 pump_end 1 2
1615142294045284 126273847801536 coll_beg 0 0
1615142304823598 126273847801536 coll_end 0 0
1615142306743368 126273847801536 emit_beg 854 0
1615142312148949 126273847801536 emit_end 854 0
1615142312153179 126273847801536 drain_beg 0 0
1615142312153789 126273847801536 drain_end 1 0
1615142312154469 126273847801536 subm_beg 1 0
1615142315527305 126273847801536 subm_end 1 0
1615142315527795 126273847801536 pump_beg 1 0
1615142332818311 126273847801536 pump_end 1 2
1615142335244122 126273847801536 coll_beg 0 0
1615142346564776 126273847801536 coll_end 0 0
1615142348415968 126273847801536 emit_beg 855 0
1615142353844279 126273847801536 emit_end 855 0
1615142353848459 126273847801536 drain_beg 0 0
1615142353848979 126273847801536 drain_end 1 0
1615142353849698 126273847801536 subm_beg 1 0
1615142357154787 126273847801536 subm_end 1 0
1615142357156697 126273847801536 pump_beg 1 0
1615142374197092 126273847801536 pump_end 1 2
1615142376424420 126273847801536 coll_beg 0 0
1615142387135827 126273847801536 coll_end 0 0
1615142388996788 126273847801536 emit_beg 856 0
1615142394475657 126273847801536 emit_end 856 0
1615142394480477 126273847801536 drain_beg 0 0
1615142394481007 126273847801536 drain_end 1 0
1615142394481567 126273847801536 subm_beg 1 0
1615142397730618 126273847801536 subm_end 1 0
1615142397731158 126273847801536 pump_beg 1 0
1615142414217242 126273847801536 pump_end 1 2
1615142417212433 126273847801536 coll_beg 0 0
1615142427349180 126273847801536 coll_end 0 0
1615142429300589 126273847801536 emit_beg 857 0
1615142434876894 126273847801536 emit_end 857 0
1615142434882224 126273847801536 drain_beg 0 0
1615142434882794 126273847801536 drain_end 1 0
1615142434883344 126273847801536 subm_beg 1 0
1615142437980930 126273847801536 subm_end 1 0
1615142437981380 126273847801536 pump_beg 1 0
1615142455493537 126273847801536 pump_end 1 2
1615142457300691 126273847801536 coll_beg 0 0
1615142470780846 126273847801536 coll_end 0 0
1615142472839940 126273847801536 emit_beg 858 0
1615142478612689 126273847801536 emit_end 858 0
1615142478618429 126273847801536 drain_beg 0 0
1615142478619128 126273847801536 drain_end 1 0
1615142478619968 126273847801536 subm_beg 1 0
1615142481780492 126273847801536 subm_end 1 0
1615142481781162 126273847801536 pump_beg 1 0
1615142499059958 126273847801536 pump_end 1 2
1615142501183370 126273847801536 coll_beg 0 0
1615142511423604 126273847801536 coll_end 0 0
1615142513406111 126273847801536 emit_beg 859 0
1615142518693527 126273847801536 emit_end 859 0
1615142518696877 126273847801536 drain_beg 0 0
1615142518697347 126273847801536 drain_end 1 0
1615142518697767 126273847801536 subm_beg 1 0
1615142522030825 126273847801536 subm_end 1 0
1615142522031195 126273847801536 pump_beg 1 0
1615142539102918 126273847801536 pump_end 1 2
1615142541622076 126273847801536 coll_beg 0 0
1615142550588536 126273847801536 coll_end 0 0
1615142552498496 126273847801536 emit_beg 860 0
1615142558040803 126273847801536 emit_end 860 0
1615142558044203 126273847801536 drain_beg 0 0
1615142558044593 126273847801536 drain_end 1 0
1615142558045103 126273847801536 subm_beg 1 0
1615142561339242 126273847801536 subm_end 1 0
1615142561339882 126273847801536 pump_beg 1 0
1615142578812320 126273847801536 pump_end 1 2
1615142581540840 126273847801536 coll_beg 0 0
1615142589894524 126273847801536 coll_end 0 0
1615142591819673 126273847801536 emit_beg 861 0
1615142597205515 126273847801536 emit_end 861 0
1615142597209375 126273847801536 drain_beg 0 0
1615142597209955 126273847801536 drain_end 1 0
1615142597210705 126273847801536 subm_beg 1 0
1615142600488595 126273847801536 subm_end 1 0
1615142600488915 126273847801536 pump_beg 1 0
1615142617857867 126273847801536 pump_end 1 2
1615142619710209 126273847801536 coll_beg 0 0
1615142627551231 126273847801536 coll_end 0 0
1615142629415973 126273847801536 emit_beg 862 0
1615142637112330 126273847801536 emit_end 862 0
1615142637115420 126273847801536 drain_beg 0 0
1615142637115790 126273847801536 drain_end 1 0
1615142637116250 126273847801536 subm_beg 1 0
1615142638931954 126273847801536 subm_end 1 0
1615142638932524 126273847801536 pump_beg 1 0
1615142655485056 126273847801536 pump_end 1 2
1615142657452124 126273847801536 coll_beg 0 0
1615142668517827 126273847801536 coll_end 0 0
1615142670787454 126273847801536 emit_beg 863 0
1615142676847622 126273847801536 emit_end 863 0
1615142676853412 126273847801536 drain_beg 0 0
1615142676854321 126273847801536 drain_end 1 0
1615142676855281 126273847801536 subm_beg 1 0
1615142680136811 126273847801536 subm_end 1 0
1615142680137241 126273847801536 pump_beg 1 0
1615142697562561 126273847801536 pump_end 1 2
1615142699553598 126273847801536 coll_beg 0 0
1615142707941470 126273847801536 coll_end 0 0
1615142709890579 126273847801536 emit_beg 864 0
1615142713679690 126273847801536 emit_end 864 0
1615142713683289 126273847801536 drain_beg 0 0
1615142713683729 126273847801536 drain_end 1 0
1615142713684449 126273847801536 subm_beg 1 0
1615142717313716 126273847801536 subm_end 1 0
1615142717313936 126273847801536 pump_beg 1 0
1615142733411275 126273847801536 pump_end 1 2
1615142736584229 126273847801536 coll_beg 0 0
1615142744005666 126273847801536 coll_end 0 0
1615142746553693 126273847801536 emit_beg 865 0
1615142752232634 126273847801536 emit_end 865 0
1615142752235404 126273847801536 drain_beg 0 0
1615142752235674 126273847801536 drain_end 1 0
1615142752235904 126273847801536 subm_beg 1 0
1615142755792204 126273847801536 subm_end 1 0
1615142755792914 126273847801536 pump_beg 1 0
1615142771024924 126273847801536 pump_end 1 2
1615142773243673 126273847801536 coll_beg 0 0
1615142779795253 126273847801536 coll_end 0 0
1615142781672904 126273847801536 emit_beg 866 0
1615142787695143 126273847801536 emit_end 866 0
1615142787700782 126273847801536 drain_beg 0 0
1615142787701472 126273847801536 drain_end 1 0
1615142787702302 126273847801536 subm_beg 1 0
1615142790918924 126273847801536 subm_end 1 0
1615142790919304 126273847801536 pump_beg 1 0
1615142806524171 126273847801536 pump_end 1 2
1615142808621514 126273847801536 coll_beg 0 0
1615142816719887 126273847801536 coll_end 0 0
1615142818681745 126273847801536 emit_beg 867 0
1615142824313528 126273847801536 emit_end 867 0
1615142824316838 126273847801536 drain_beg 0 0
1615142824317148 126273847801536 drain_end 1 0
1615142824317468 126273847801536 subm_beg 1 0
1615142827952055 126273847801536 subm_end 1 0
1615142827952575 126273847801536 pump_beg 1 0
1615142843769074 126273847801536 pump_end 1 2
1615142845717403 126273847801536 coll_beg 0 0
1615142853638282 126273847801536 coll_end 0 0
1615142855564241 126273847801536 emit_beg 868 0
1615142863147503 126273847801536 emit_end 868 0
1615142863151123 126273847801536 drain_beg 0 0
1615142863151533 126273847801536 drain_end 1 0
1615142863152043 126273847801536 subm_beg 1 0
1615142865043113 126273847801536 subm_end 1 0
1615142865045533 126273847801536 pump_beg 1 0
1615142882090777 126273847801536 pump_end 1 2
1615142884933463 126273847801536 coll_beg 0 0
1615142893335745 126273847801536 coll_end 0 0
1615142895261814 126273847801536 emit_beg 869 0
1615142900976344 126273847801536 emit_end 869 0
1615142900979564 126273847801536 drain_beg 0 0
1615142900980004 126273847801536 drain_end 1 0
1615142900980344 126273847801536 subm_beg 1 0
1615142904562413 126273847801536 subm_end 1 0
1615142904562813 126273847801536 pump_beg 1 0
1615142921698264 126273847801536 pump_end 1 2
1615142925051490 126273847801536 coll_beg 0 0
1615142933047657 126273847801536 coll_end 0 0
1615142934947197 126273847801536 emit_beg 870 0
1615142940895729 126273847801536 emit_end 870 0
1615142940898469 126273847801536 drain_beg 0 0
1615142940898829 126273847801536 drain_end 1 0
1615142940899219 126273847801536 subm_beg 1 0
1615142944425679 126273847801536 subm_end 1 0
1615142944426379 126273847801536 pump_beg 1 0
1615142962313043 126273847801536 pump_end 1 2
1615142965318042 126273847801536 coll_beg 0 0
1615142973935056 126273847801536 coll_end 0 0
1615142975885474 126273847801536 emit_beg 871 0
1615142981666962 126273847801536 emit_end 871 0
1615142981672582 126273847801536 drain_beg 0 0
1615142981673162 126273847801536 drain_end 1 0
1615142981673972 126273847801536 subm_beg 1 0
1615142985076887 126273847801536 subm_end 1 0
1615142985077537 126273847801536 pump_beg 1 0
1615143002985060 126273847801536 pump_end 1 2
1615143006485141 126273847801536 coll_beg 0 0
1615143021527489 126273847801536 coll_end 0 0
1615143023894322 126273847801536 emit_beg 872 0
1615143029839104 126273847801536 emit_end 872 0
1615143029842124 126273847801536 drain_beg 0 0
1615143029842444 126273847801536 drain_end 1 0
1615143029842844 126273847801536 subm_beg 1 0
1615143033332955 126273847801536 subm_end 1 0
1615143033333545 126273847801536 pump_beg 1 0
1615143051980521 126273847801536 pump_end 1 2
1615143054492149 126273847801536 coll_beg 0 0
1615143065934459 126273847801536 coll_end 0 0
1615143067966174 126273847801536 emit_beg 873 0
1615143073676444 126273847801536 emit_end 873 0
1615143073680324 126273847801536 drain_beg 0 0
1615143073680814 126273847801536 drain_end 1 0
1615143073681514 126273847801536 subm_beg 1 0
1615143077154117 126273847801536 subm_end 1 0
1615143077154517 126273847801536 pump_beg 1 0
1615143094638695 126273847801536 pump_end 1 2
1615143096568974 126273847801536 coll_beg 0 0
1615143104321000 126273847801536 coll_end 0 0
1615143106212360 126273847801536 emit_beg 874 0
1615143109943593 126273847801536 emit_end 874 0
1615143109947743 126273847801536 drain_beg 0 0
1615143109948263 126273847801536 drain_end 1 0
1615143109948873 126273847801536 subm_beg 1 0
1615143113320929 126273847801536 subm_end 1 0
1615143113321239 126273847801536 pump_beg 1 0
1615143129585372 126273847801536 pump_end 1 2
1615143131674355 126273847801536 coll_beg 0 0
1615143139313555 126273847801536 coll_end 0 0
1615143141249894 126273847801536 emit_beg 875 0
1615143146623137 126273847801536 emit_end 875 0
1615143146626787 126273847801536 drain_beg 0 0
1615143146627277 126273847801536 drain_end 1 0
1615143146627907 126273847801536 subm_beg 1 0
1615143149932385 126273847801536 subm_end 1 0
1615143149932695 126273847801536 pump_beg 1 0
1615143165938138 126273847801536 pump_end 1 2
1615143169509407 126273847801536 coll_beg 0 0
1615143178312773 126273847801536 coll_end 0 0
1615143180150276 126273847801536 emit_beg 876 0
1615143185587926 126273847801536 emit_end 876 0
1615143185591076 126273847801536 drain_beg 0 0
1615143185591876 126273847801536 drain_end 1 0
1615143185592636 126273847801536 subm_beg 1 0
1615143188909214 126273847801536 subm_end 1 0
1615143188909714 126273847801536 pump_beg 1 0
1615143205820954 126273847801536 pump_end 1 2
1615143208627011 126273847801536 coll_beg 0 0
1615143215350304 126273847801536 coll_end 0 0
1615143217197966 126273847801536 emit_beg 877 0
1615143222582688 126273847801536 emit_end 877 0
1615143222585818 126273847801536 drain_beg 0 0
1615143222586138 126273847801536 drain_end 1 0
1615143222586458 126273847801536 subm_beg 1 0
1615143225892807 126273847801536 subm_end 1 0
1615143225893697 126273847801536 pump_beg 1 0
1615143241585121 126273847801536 pump_end 1 2
1615143244977416 126273847801536 coll_beg 0 0
1615143252762660 126273847801536 coll_end 0 0
1615143254666720 126273847801536 emit_beg 878 0
1615143258275508 126273847801536 emit_end 878 0
1615143258279188 126273847801536 drain_beg 0 0
1615143258279668 126273847801536 drain_end 1 0
1615143258280528 126273847801536 subm_beg 1 0
1615143261759410 126273847801536 subm_end 1 0
1615143261759690 126273847801536 pump_beg 1 0
1615143277535101 126273847801536 pump_end 1 2
1615143279603405 126273847801536 coll_beg 0 0
1615143287957648 126273847801536 coll_end 0 0
1615143290892971 126273847801536 emit_beg 879 0
1615143296372879 126273847801536 emit_end 879 0
1615143296376929 126273847801536 drain_beg 0 0
1615143296377699 126273847801536 drain_end 1 0
1615143296378299 126273847801536 subm_beg 1 0
1615143299498655 126273847801536 subm_end 1 0
1615143299498865 126273847801536 pump_beg 1 0
1615143315335773 126273847801536 pump_end 1 2
1615143317132737 126273847801536 coll_beg 0 0
1615143324839145 126273847801536 coll_end 0 0
1615143326686837 126273847801536 emit_beg 880 0
1615143333763267 126273847801536 emit_end 880 0
1615143333766607 126273847801536 drain_beg 0 0
1615143333766957 126273847801536 drain_end 1 0
1615143333767277 126273847801536 subm_beg 1 0
1615143335530822 126273847801536 subm_end 1 0
1615143335531222 126273847801536 pump_beg 1 0
1615143350964876 126273847801536 pump_end 1 2
1615143352797948 126273847801536 coll_beg 0 0
1615143360626881 126273847801536 coll_end 0 0
1615143362404276 126273847801536 emit_beg 881 0
1615143367735500 126273847801536 emit_end 881 0
1615143367738800 126273847801536 drain_beg 0 0
1615143367739260 126273847801536 drain_end 1 0
1615143367739560 126273847801536 subm_beg 1 0
1615143371052378 126273847801536 subm_end 1 0
1615143371052768 126273847801536 pump_beg 1 0
1615143387807013 126273847801536 pump_end 1 2
1615143390274913 126273847801536 coll_beg 0 0
1615143397502607 126273847801536 coll_end 0 0
1615143399372498 126273847801536 emit_beg 882 0
1615143403319784 126273847801536 emit_end 882 0
1615143403324644 126273847801536 drain_beg 0 0
1615143403325304 126273847801536 drain_end 1 0
1615143403325963 126273847801536 subm_beg 1 0
1615143406500967 126273847801536 subm_end 1 0
1615143406501327 126273847801536 pump_beg 1 0
1615143424276824 126273847801536 pump_end 1 2
1615143427177488 126273847801536 coll_beg 0 0
1615143439283403 126273847801536 coll_end 0 0
1615143441362447 126273847801536 emit_beg 883 0
1615143448452787 126273847801536 emit_end 883 0
1615143448456217 126273847801536 drain_beg 0 0
1615143448456537 126273847801536 drain_end 1 0
1615143448456987 126273847801536 subm_beg 1 0
1615143450249841 126273847801536 subm_end 1 0
1615143450250281 126273847801536 pump_beg 1 0
1615143469590641 126273847801536 pump_end 1 2
1615143472603910 126273847801536 coll_beg 0 0
1615143486819069 126273847801536 coll_end 0 0
1615143488790816 126273847801536 emit_beg 884 0
1615143494331383 126273847801536 emit_end 884 0
1615143494335113 126273847801536 drain_beg 0 0
1615143494335433 126273847801536 drain_end 1 0
1615143494335903 126273847801536 subm_beg 1 0
1615143497663480 126273847801536 subm_end 1 0
1615143497663910 126273847801536 pump_beg 1 0
1615143515094420 126273847801536 pump_end 1 2
1615143517001080 126273847801536 coll_beg 0 0
1615143525342314 126273847801536 coll_end 0 0
1615143527135909 126273847801536 emit_beg 885 0
1615143532402705 126273847801536 emit_end 885 0
1615143532405895 126273847801536 drain_beg 0 0
1615143532406285 126273847801536 drain_end 1 0
1615143532406565 126273847801536 subm_beg 1 0
1615143535762832 126273847801536 subm_end 1 0
1615143535763862 126273847801536 pump_beg 1 0
1615143553105685 126273847801536 pump_end 1 2
1615143555655262 126273847801536 coll_beg 0 0
1615143566441516 126273847801536 coll_end 0 0
1615143568625755 126273847801536 emit_beg 886 0
1615143572890729 126273847801536 emit_end 886 0
1615143572896109 126273847801536 drain_beg 0 0
1615143572896889 126273847801536 drain_end 1 0
1615143572897639 126273847801536 subm_beg 1 0
1615143601433491 126273847801536 subm_end 1 0
1615143601436831 126273847801536 pump_beg 1 0
1615143618240664 126273847801536 pump_end 1 2
1615143638424763 126273847801536 coll_beg 0 0
1615143647332986 126273847801536 coll_end 0 0
1615143670045092 126273847801536 emit_beg 887 0
1615143731618312 126273847801536 emit_end 887 0
1615143868379852 126273847801536 drain_beg 0 0
1615143868382522 126273847801536 drain_end 1 0
1615143868383392 126273847801536 subm_beg 1 0
1615143872472862 126273847801536 subm_end 1 0
1615143872473402 126273847801536 pump_beg 1 0
1615143890012218 126273847801536 pump_end 1 2
1615143892088891 126273847801536 coll_beg 0 0
1615143900176805 126273847801536 coll_end 0 0
1615143902241629 126273847801536 emit_beg 888 0
1615143906109797 126273847801536 emit_end 888 0
1615143906113067 126273847801536 drain_beg 0 0
1615143906113347 126273847801536 drain_end 1 0
1615143906115037 126273847801536 subm_beg 1 0
1615143909796561 126273847801536 subm_end 1 0
1615143909796951 126273847801536 pump_beg 1 0
1615143927135215 126273847801536 pump_end 1 2
1615143930259010 126273847801536 coll_beg 0 0
1615143940860821 126273847801536 coll_end 0 0
1615143942828129 126273847801536 emit_beg 889 0
1615143948493061 126273847801536 emit_end 889 0
1615143948495861 126273847801536 drain_beg 0 0
1615143948496161 126273847801536 drain_end 1 0
1615143948496551 126273847801536 subm_beg 1 0
1615143951941234 126273847801536 subm_end 1 0
1615143951941734 126273847801536 pump_beg 1 0
1615143968145860 126273847801536 pump_end 1 2
1615143970412306 126273847801536 coll_beg 0 0
1615143978563667 126273847801536 coll_end 0 0
1615143980461957 126273847801536 emit_beg 890 0
1615143986146389 126273847801536 emit_end 890 0
1615143986150599 126273847801536 drain_beg 0 0
1615143986150989 126273847801536 drain_end 1 0
1615143986151459 126273847801536 subm_beg 1 0
1615143989658470 126273847801536 subm_end 1 0
1615143989659000 126273847801536 pump_beg 1 0
1615144007097070 126273847801536 pump_end 1 2
1615144010120999 126273847801536 coll_beg 0 0
1615144019312691 126273847801536 coll_end 0 0
1615144021265379 126273847801536 emit_beg 891 0
1615144026927432 126273847801536 emit_end 891 0
1615144026930012 126273847801536 drain_beg 0 0
1615144026930412 126273847801536 drain_end 1 0
1615144026930872 126273847801536 subm_beg 1 0
1615144030524890 126273847801536 subm_end 1 0
1615144030525410 126273847801536 pump_beg 1 0
1615144048412123 126273847801536 pump_end 1 2
1615144050626422 126273847801536 coll_beg 0 0
1615144059764526 126273847801536 coll_end 0 0
1615144061719464 126273847801536 emit_beg 892 0
1615144067599769 126273847801536 emit_end 892 0
1615144067603169 126273847801536 drain_beg 0 0
1615144067603529 126273847801536 drain_end 1 0
1615144067604209 126273847801536 subm_beg 1 0
1615144071202726 126273847801536 subm_end 1 0
1615144071204586 126273847801536 pump_beg 1 0
1615144089003993 126273847801536 pump_end 1 2
1615144092677778 126273847801536 coll_beg 0 0
1615144104867881 126273847801536 coll_end 0 0
1615144107014952 126273847801536 emit_beg 893 0
1615144112855617 126273847801536 emit_end 893 0
1615144112861367 126273847801536 drain_beg 0 0
1615144112862227 126273847801536 drain_end 1 0
1615144112863007 126273847801536 subm_beg 1 0
1615144116214074 126273847801536 subm_end 1 0
1615144116214514 126273847801536 pump_beg 1 0
1615144133071995 126273847801536 pump_end 1 2
1615144135644701 126273847801536 coll_beg 0 0
1615144144142209 126273847801536 coll_end 0 0
1615144146055169 126273847801536 emit_beg 894 0
1615144151966572 126273847801536 emit_end 894 0
1615144151978141 126273847801536 drain_beg 0 0
1615144151979691 126273847801536 drain_end 1 0
1615144151981001 126273847801536 subm_beg 1 0
1615144155381426 126273847801536 subm_end 1 0
1615144155382866 126273847801536 pump_beg 1 0
1615144171256734 126273847801536 pump_end 1 2
1615144173620537 126273847801536 coll_beg 0 0
1615144184420120 126273847801536 coll_end 0 0
1615144186399448 126273847801536 emit_beg 895 0
1615144192302281 126273847801536 emit_end 895 0
1615144192306041 126273847801536 drain_beg 0 0
1615144192306741 126273847801536 drain_end 1 0
1615144192307501 126273847801536 subm_beg 1 0
1615144195723745 126273847801536 subm_end 1 0
1615144195724175 126273847801536 pump_beg 1 0
1615144212425892 126273847801536 pump_end 1 2
1615144214658370 126273847801536 coll_beg 0 0
1615144224738930 126273847801536 coll_end 0 0
1615144226637711 126273847801536 emit_beg 896 0
1615144232056192 126273847801536 emit_end 896 0
1615144232060722 126273847801536 drain_beg 0 0
1615144232061361 126273847801536 drain_end 1 0
1615144232062081 126273847801536 subm_beg 1 0
1615144235342941 126273847801536 subm_end 1 0
1615144235343221 126273847801536 pump_beg 1 0
1615144252210432 126273847801536 pump_end 1 2
1615144254026065 126273847801536 coll_beg 0 0
1615144261829669 126273847801536 coll_end 0 0
1615144263653732 126273847801536 emit_beg 897 0
1615144269137900 126273847801536 emit_end 897 0
1615144269155560 126273847801536 drain_beg 0 0
1615144269156240 126273847801536 drain_end 1 0
1615144269156810 126273847801536 subm_beg 1 0
1615144272370272 126273847801536 subm_end 1 0
1615144272370562 126273847801536 pump_beg 1 0
1615144289124367 126273847801536 pump_end 1 2
1615144292567870 126273847801536 coll_beg 0 0
1615144300230429 126273847801536 coll_end 0 0
1615144302194177 126273847801536 emit_beg 898 0
1615144307669476 126273847801536 emit_end 898 0
1615144307674276 126273847801536 drain_beg 0 0
1615144307675176 126273847801536 drain_end 1 0
1615144307675816 126273847801536 subm_beg 1 0
1615144310827290 126273847801536 subm_end 1 0
1615144310827800 126273847801536 pump_beg 1 0
1615144327071954 126273847801536 pump_end 1 2
1615144330182740 126273847801536 coll_beg 0 0
1615144337611647 126273847801536 coll_end 0 0
1615144339587504 126273847801536 emit_beg 899 0
1615144343243490 126273847801536 emit_end 899 0
1615144343247540 126273847801536 drain_beg 0 0
1615144343248120 126273847801536 drain_end 1 0
1615144343248750 126273847801536 subm_beg 1 0
1615144346615186 126273847801536 subm_end 1 0
1615144346615636 126273847801536 pump_beg 1 0
1615144363166479 126273847801536 pump_end 1 2
1615144366006385 126273847801536 coll_beg 0 0
1615144373801178 126273847801536 coll_end 0 0
1615144375615002 126273847801536 emit_beg 900 0
1615144381075001 126273847801536 emit_end 900 0
1615144381078371 126273847801536 drain_beg 0 0
1615144381078831 126273847801536 drain_end 1 0
1615144381079301 126273847801536 subm_beg 1 0
1615144384307803 126273847801536 subm_end 1 0
1615144384308173 126273847801536 pump_beg 1 0
1615144401084307 126273847801536 pump_end 1 2
1615144406099773 126273847801536 coll_beg 0 0
1615144414606100 126273847801536 coll_end 0 0
1615144416604577 126273847801536 emit_beg 901 0
1615144423762724 126273847801536 emit_end 901 0
1615144423766544 126273847801536 drain_beg 0 0
1615144423767094 126273847801536 drain_end 1 0
1615144423767544 126273847801536 subm_beg 1 0
1615144425527019 126273847801536 subm_end 1 0
1615144425527379 126273847801536 pump_beg 1 0
1615144442432849 126273847801536 pump_end 1 2
1615144444299460 126273847801536 coll_beg 0 0
1615144453199584 126273847801536 coll_end 0 0
1615144460138949 126273847801536 emit_beg 902 0
1615144479782658 126273847801536 emit_end 902 0
1615144479794497 126273847801536 drain_beg 0 0
1615144479795697 126273847801536 drain_end 1 0
1615144479797187 126273847801536 subm_beg 1 0
1615144492237291 126273847801536 subm_end 1 0
1615144492240091 126273847801536 pump_beg 1 0
1615144509417130 126273847801536 pump_end 1 2
1615144523091288 126273847801536 coll_beg 0 0
1615144535145386 126273847801536 coll_end 0 0
1615144543317306 126273847801536 emit_beg 903 0
1615144565708064 126273847801536 emit_end 903 0
1615144565712693 126273847801536 drain_beg 0 0
1615144565713413 126273847801536 drain_end 1 0
1615144565714083 126273847801536 subm_beg 1 0
1615144573924492 126273847801536 subm_end 1 0
1615144573924922 126273847801536 pump_beg 1 0
1615144591474428 126273847801536 pump_end 1 2
1615144595840608 126273847801536 coll_beg 0 0
1615144607484240 126273847801536 coll_end 0 0
1615144612253245 126273847801536 emit_beg 904 0
1615144621227016 126273847801536 emit_end 904 0
1615144621231265 126273847801536 drain_beg 0 0
1615144621231755 126273847801536 drain_end 1 0
1615144621232315 126273847801536 subm_beg 1 0
1615144625115743 126273847801536 subm_end 1 0
1615144625116213 126273847801536 pump_beg 1 0
1615144640869135 126273847801536 pump_end 1 2
1615144644451193 126273847801536 coll_beg 0 0
1615144651550443 126273847801536 coll_end 0 0
1615144655685431 126273847801536 emit_beg 905 0
1615144660304961 126273847801536 emit_end 905 0
1615144660308391 126273847801536 drain_beg 0 0
1615144660308981 126273847801536 drain_end 1 0
1615144660309441 126273847801536 subm_beg 1 0
1615144664699380 126273847801536 subm_end 1 0
1615144664699940 126273847801536 pump_beg 1 0
1615144680445022 126273847801536 pump_end 1 2
1615144685175908 126273847801536 coll_beg 0 0
1615144693472764 126273847801536 coll_end 0 0
1615144697889721 126273847801536 emit_beg 906 0
1615144710115263 126273847801536 emit_end 906 0
1615144710119303 126273847801536 drain_beg 0 0
1615144710119803 126273847801536 drain_end 1 0
1615144710120243 126273847801536 subm_beg 1 0
1615144715865572 126273847801536 subm_end 1 0
1615144715865902 126273847801536 pump_beg 1 0
1615144732731282 126273847801536 pump_end 1 2
1615144737814286 126273847801536 coll_beg 0 0
1615144745254163 126273847801536 coll_end 0 0
1615144748029481 126273847801536 emit_beg 907 0
1615144755937671 126273847801536 emit_end 907 0
1615144755940540 126273847801536 drain_beg 0 0
1615144755940950 126273847801536 drain_end 1 0
1615144755941290 126273847801536 subm_beg 1 0
1615144762499750 126273847801536 subm_end 1 0
1615144762500340 126273847801536 pump_beg 1 0
1615144778962475 126273847801536 pump_end 1 2
1615144781905767 126273847801536 coll_beg 0 0
1615144789638153 126273847801536 coll_end 0 0
1615144791821383 126273847801536 emit_beg 908 0
1615144800620350 126273847801536 emit_end 908 0
1615144800623010 126273847801536 drain_beg 0 0
1615144800623260 126273847801536 drain_end 1 0
1615144800623710 126273847801536 subm_beg 1 0
1615144804668672 126273847801536 subm_end 1 0
1615144804669032 126273847801536 pump_beg 1 0
1615144822015125 126273847801536 pump_end 1 2
1615144824252113 126273847801536 coll_beg 0 0
1615144832300227 126273847801536 coll_end 0 0
1615144834337463 126273847801536 emit_beg 909 0
1615144838318196 126273847801536 emit_end 909 0
1615144838322276 126273847801536 drain_beg 0 0
1615144838322786 126273847801536 drain_end 1 0
1615144838323496 126273847801536 subm_beg 1 0
1615144841896495 126273847801536 subm_end 1 0
1615144841896895 126273847801536 pump_beg 1 0
1615144858723447 126273847801536 pump_end 1 2
1615144860557140 126273847801536 coll_beg 0 0
1615144868650463 126273847801536 coll_end 0 0
1615144870587492 126273847801536 emit_beg 910 0
1615144878096516 126273847801536 emit_end 910 0
1615144878099126 126273847801536 drain_beg 0 0
1615144878099446 126273847801536 drain_end 1 0
1615144878099776 126273847801536 subm_beg 1 0
1615144881664305 126273847801536 subm_end 1 0
1615144881664805 126273847801536 pump_beg 1 0
1615144899780680 126273847801536 pump_end 1 2
1615144901935621 126273847801536 coll_beg 0 0
1615144910812105 126273847801536 coll_end 0 0
1615144912778963 126273847801536 emit_beg 911 0
1615144916674580 126273847801536 emit_end 911 0
1615144916678300 126273847801536 drain_beg 0 0
1615144916678740 126273847801536 drain_end 1 0
1615144916679490 126273847801536 subm_beg 1 0
1615144920341175 126273847801536 subm_end 1 0
1615144920341465 126273847801536 pump_beg 1 0
1615144938987831 126273847801536 pump_end 1 2
1615144942118216 126273847801536 coll_beg 0 0
1615144951690625 126273847801536 coll_end 0 0
1615144953828676 126273847801536 emit_beg 912 0
1615144958004323 126273847801536 emit_end 912 0
1615144958015902 126273847801536 drain_beg 0 0
1615144958016512 126273847801536 drain_end 1 0
1615144958017042 126273847801536 subm_beg 1 0
1615144961424097 126273847801536 subm_end 1 0
1615144961424797 126273847801536 pump_beg 1 0
1615144978570018 126273847801536 pump_end 1 2
1615144980753788 126273847801536 coll_beg 0 0
1615144990836128 126273847801536 coll_end 0 0
1615144992776996 126273847801536 emit_beg 913 0
1615144998531105 126273847801536 emit_end 913 0
1615144998535355 126273847801536 drain_beg 0 0
1615144998536065 126273847801536 drain_end 1 0
1615144998536745 126273847801536 subm_beg 1 0
1615145001939750 126273847801536 subm_end 1 0
1615145001940470 126273847801536 pump_beg 1 0
1615145019065541 126273847801536 pump_end 1 2
1615145022195806 126273847801536 coll_beg 0 0
1615145030050998 126273847801536 coll_end 0 0
1615145031913450 126273847801536 emit_beg 914 0
1615145037458676 126273847801536 emit_end 914 0
1615145037461496 126273847801536 drain_beg 0 0
1615145037461826 126273847801536 drain_end 1 0
1615145037462246 126273847801536 subm_beg 1 0
1615145041000326 126273847801536 subm_end 1 0
1615145041000596 126273847801536 pump_beg 1 0
1615145056113701 126273847801536 pump_end 1 2
1615145058787523 126273847801536 coll_beg 0 0
1615145065563274 126273847801536 coll_end 0 0
1615145067406597 126273847801536 emit_beg 915 0
1615145072987292 126273847801536 emit_end 915 0
1615145072989962 126273847801536 drain_beg 0 0
1615145072990292 126273847801536 drain_end 1 0
1615145072990492 126273847801536 subm_beg 1 0
1615145076566991 126273847801536 subm_end 1 0
1615145076567381 126273847801536 pump_beg 1 0
1615145092145349 126273847801536 pump_end 1 2
1615145094855049 126273847801536 coll_beg 0 0
1615145102149901 126273847801536 coll_end 0 0
1615145104040602 126273847801536 emit_beg 916 0
1615145109674655 126273847801536 emit_end 916 0
1615145109677335 126273847801536 drain_beg 0 0
1615145109677535 126273847801536 drain_end 1 0
1615145109677785 126273847801536 subm_beg 1 0
1615145113201586 126273847801536 subm_end 1 0
1615145113202076 126273847801536 pump_beg 1 0
1615145129095362 126273847801536 pump_end 1 2
1615145132579954 126273847801536 coll_beg 0 0
1615145139401514 126273847801536 coll_end 0 0
1615145141229337 126273847801536 emit_beg 917 0
1615145146739755 126273847801536 emit_end 917 0
1615145146742414 126273847801536 drain_beg 0 0
1615145146742714 126273847801536 drain_end 1 0
1615145146743024 126273847801536 subm_beg 1 0
1615145150365981 126273847801536 subm_end 1 0
1615145150366381 126273847801536 pump_beg 1 0
1615145166358884 126273847801536 pump_end 1 2
1615145169023957 126273847801536 coll_beg 0 0
1615145180158428 126273847801536 coll_end 0 0
1615145182105746 126273847801536 emit_beg 918 0
1615145187816817 126273847801536 emit_end 918 0
1615145187821086 126273847801536 drain_beg 0 0
1615145187821646 126273847801536 drain_end 1 0
1615145187822326 126273847801536 subm_beg 1 0
1615145191290449 126273847801536 subm_end 1 0
1615145191291509 126273847801536 pump_beg 1 0
1615145209501721 126273847801536 pump_end 1 2
1615145211857364 126273847801536 coll_beg 0 0
1615145219618989 126273847801536 coll_end 0 0
1615145221602116 126273847801536 emit_beg 919 0
1615145227398904 126273847801536 emit_end 919 0
1615145227402644 126273847801536 drain_beg 0 0
1615145227403123 126273847801536 drain_end 1 0
1615145227403633 126273847801536 subm_beg 1 0
1615145230943084 126273847801536 subm_end 1 0
1615145230943474 126273847801536 pump_beg 1 0
1615145247375730 126273847801536 pump_end 1 2
1615145249313389 126273847801536 coll_beg 0 0
1615145256639310 126273847801536 coll_end 0 0
1615145258520121 126273847801536 emit_beg 920 0
1615145263989040 126273847801536 emit_end 920 0
1615145263993810 126273847801536 drain_beg 0 0
1615145263994550 126273847801536 drain_end 1 0
1615145263995280 126273847801536 subm_beg 1 0
1615145267351377 126273847801536 subm_end 1 0
1615145267351897 126273847801536 pump_beg 1 0
1615145282850468 126273847801536 pump_end 1 2
1615145285019978 126273847801536 coll_beg 0 0
1615145291612667 126273847801536 coll_end 0 0
1615145293434680 126273847801536 emit_beg 921 0
1615145298745795 126273847801536 emit_end 921 0
1615145298749055 126273847801536 drain_beg 0 0
1615145298749375 126273847801536 drain_end 1 0
1615145298749725 126273847801536 subm_beg 1 0
1615145302098182 126273847801536 subm_end 1 0
1615145302098492 126273847801536 pump_beg 1 0
1615145318636444 126273847801536 pump_end 1 2
1615145320779606 126273847801536 coll_beg 0 0
1615145329473907 126273847801536 coll_end 0 0
1615145331389126 126273847801536 emit_beg 922 0
1615145336667373 126273847801536 emit_end 922 0
1615145336670732 126273847801536 drain_beg 0 0
1615145336671302 126273847801536 drain_end 1 0
1615145336671802 126273847801536 subm_beg 1 0
1615145340061058 126273847801536 subm_end 1 0
1615145340061328 126273847801536 pump_beg 1 0
1615145356818163 126273847801536 pump_end 1 2
1615145358524660 126273847801536 coll_beg 0 0
1615145367379975 126273847801536 coll_end 0 0
1615145369169809 126273847801536 emit_beg 923 0
1615145374471845 126273847801536 emit_end 923 0
1615145374474495 126273847801536 drain_beg 0 0
1615145374474855 126273847801536 drain_end 1 0
1615145374475065 126273847801536 subm_beg 1 0
1615145377877850 126273847801536 subm_end 1 0
1615145377886799 126273847801536 pump_beg 1 0
1615145395380827 126273847801536 pump_end 1 2
1615145397097154 126273847801536 coll_beg 0 0
1615145411325782 126273847801536 coll_end 0 0
1615145413090877 126273847801536 emit_beg 924 0
1615145418426381 126273847801536 emit_end 924 0
1615145418429451 126273847801536 drain_beg 0 0
1615145418429741 126273847801536 drain_end 1 0
1615145418430071 126273847801536 subm_beg 1 0
1615145421738460 126273847801536 subm_end 1 0
1615145421738940 126273847801536 pump_beg 1 0
1615145439052654 126273847801536 pump_end 1 2
1615145441019642 126273847801536 coll_beg 0 0
1615145450267292 126273847801536 coll_end 0 0
1615145452226911 126273847801536 emit_beg 925 0
1615145457935521 126273847801536 emit_end 925 0
1615145457939891 126273847801536 drain_beg 0 0
1615145457940471 126273847801536 drain_end 1 0
1615145457941151 126273847801536 subm_beg 1 0
1615145461114584 126273847801536 subm_end 1 0
1615145461114934 126273847801536 pump_beg 1 0
1615145477974345 126273847801536 pump_end 1 2
1615145479802678 126273847801536 coll_beg 0 0
1615145487359301 126273847801536 coll_end 0 0
1615145489172954 126273847801536 emit_beg 926 0
1615145492771062 126273847801536 emit_end 926 0
1615145492774862 126273847801536 drain_beg 0 0
1615145492775272 126273847801536 drain_end 1 0
1615145492775842 126273847801536 subm_beg 1 0
1615145496124119 126273847801536 subm_end 1 0
1615145496124479 126273847801536 pump_beg 1 0
1615145512103252 126273847801536 pump_end 1 2
1615145514666328 126273847801536 coll_beg 0 0
1615145522591038 126273847801536 coll_end 0 0
1615145524330004 126273847801536 emit_beg 927 0
1615145529710696 126273847801536 emit_end 927 0
1615145529714346 126273847801536 drain_beg 0 0
1615145529714816 126273847801536 drain_end 1 0
1615145529715196 126273847801536 subm_beg 1 0
1615145532978586 126273847801536 subm_end 1 0
1615145532979166 126273847801536 pump_beg 1 0
1615145548943040 126273847801536 pump_end 1 2
1615145550731124 126273847801536 coll_beg 0 0
1615145558405323 126273847801536 coll_end 0 0
1615145560177908 126273847801536 emit_beg 928 0
1615145565522032 126273847801536 emit_end 928 0
1615145565524871 126273847801536 drain_beg 0 0
1615145565525241 126273847801536 drain_end 1 0
1615145565525511 126273847801536 subm_beg 1 0
1615145568858349 126273847801536 subm_end 1 0
1615145568858859 126273847801536 pump_beg 1 0
1615145586569829 126273847801536 pump_end 1 2
1615145589262300 126273847801536 coll_beg 0 0
1615145598624226 126273847801536 coll_end 0 0
1615145600602304 126273847801536 emit_beg 929 0
1615145604442653 126273847801536 emit_end 929 0
1615145604448063 126273847801536 drain_beg 0 0
1615145604448693 126273847801536 drain_end 1 0
1615145604449333 126273847801536 subm_beg 1 0
1615145607788240 126273847801536 subm_end 1 0
1615145607788620 126273847801536 pump_beg 1 0
1615145623439245 126273847801536 pump_end 1 2
1615145625913925 126273847801536 coll_beg 0 0
1615145634511129 126273847801536 coll_end 0 0
1615145636293794 126273847801536 emit_beg 930 0
1615145641623368 126273847801536 emit_end 930 0
1615145641627158 126273847801536 drain_beg 0 0
1615145641627638 126273847801536 drain_end 1 0
1615145641628158 126273847801536 subm_beg 1 0
1615145645071801 126273847801536 subm_end 1 0
1615145645072521 126273847801536 pump_beg 1 0
1615145660670289 126273847801536 pump_end 1 2
1615145662443914 126273847801536 coll_beg 0 0
1615145669973577 126273847801536 coll_end 0 0
1615145671737772 126273847801536 emit_beg 931 0
1615145677239261 126273847801536 emit_end 931 0
1615145677242520 126273847801536 drain_beg 0 0
1615145677242990 126273847801536 drain_end 1 0
1615145677243560 126273847801536 subm_beg 1 0
1615145680641816 126273847801536 subm_end 1 0
1615145680642336 126273847801536 pump_beg 1 0
1615145697956870 126273847801536 pump_end 1 2
1615145700421410 126273847801536 coll_beg 0 0
1615145708337499 126273847801536 coll_end 0 0
1615145710297337 126273847801536 emit_beg 932 0
1615145716091124 126273847801536 emit_end 932 0
1615145716094724 126273847801536 drain_beg 0 0
1615145716095334 126273847801536 drain_end 1 0
1615145716108624 126273847801536 subm_beg 1 0
1615145719575606 126273847801536 subm_end 1 0
1615145719576016 126273847801536 pump_beg 1 0
1615145736372080 126273847801536 pump_end 1 2
1615145738280280 126273847801536 coll_beg 0 0
1615145745974047 126273847801536 coll_end 0 0
1615145747870808 126273847801536 emit_beg 933 0
1615145753708323 126273847801536 emit_end 933 0
1615145753711993 126273847801536 drain_beg 0 0
1615145753712493 126273847801536 drain_end 1 0
1615145753712993 126273847801536 subm_beg 1 0
1615145757254863 126273847801536 subm_end 1 0
1615145757255363 126273847801536 pump_beg 1 0
1615145773861744 126273847801536 pump_end 1 2
1615145777111514 126273847801536 coll_beg 0 0
1615145784506103 126273847801536 coll_end 0 0
1615145786432572 126273847801536 emit_beg 934 0
1615145792393123 126273847801536 emit_end 934 0
1615145792398273 126273847801536 drain_beg 0 0
1615145792398953 126273847801536 drain_end 1 0
1615145792399883 126273847801536 subm_beg 1 0
1615145795711892 126273847801536 subm_end 1 0
1615145795712762 126273847801536 pump_beg 1 0
1615145812637260 126273847801536 pump_end 1 2
1615145816263357 126273847801536 coll_beg 0 0
1615145826211522 126273847801536 coll_end 0 0
1615145828321474 126273847801536 emit_beg 935 0
1615145834203009 126273847801536 emit_end 935 0
1615145834206869 126273847801536 drain_beg 0 0
1615145834207609 126273847801536 drain_end 1 0
1615145834208258 126273847801536 subm_beg 1 0
1615145837690161 126273847801536 subm_end 1 0
1615145837690841 126273847801536 pump_beg 1 0
1615145855032904 126273847801536 pump_end 1 2
1615145856926474 126273847801536 coll_beg 0 0
1615145864878283 126273847801536 coll_end 0 0
1615145866953176 126273847801536 emit_beg 936 0
1615145872777262 126273847801536 emit_end 936 0
1615145872780442 126273847801536 drain_beg 0 0
1615145872780682 126273847801536 drain_end 1 0
1615145872781112 126273847801536 subm_beg 1 0
1615145876320783 126273847801536 subm_end 1 0
1615145876321293 126273847801536 pump_beg 1 0
1615145892520608 126273847801536 pump_end 1 2
1615145894438477 126273847801536 coll_beg 0 0
1615145901221188 126273847801536 coll_end 0 0
1615145903110779 126273847801536 emit_beg 937 0
1615145908812920 126273847801536 emit_end 937 0
1615145908815610 126273847801536 drain_beg 0 0
1615145908815950 126273847801536 drain_end 1 0
1615145908816150 126273847801536 subm_beg 1 0
1615145912442096 126273847801536 subm_end 1 0
1615145912442516 126273847801536 pump_beg 1 0
1615145928668721 126273847801536 pump_end 1 2
1615145932365175 126273847801536 coll_beg 0 0
1615145939655208 126273847801536 coll_end 0 0
1615145941518769 126273847801536 emit_beg 938 0
1615145947191081 126273847801536 emit_end 938 0
1615145947194771 126273847801536 drain_beg 0 0
1615145947195331 126273847801536 drain_end 1 0
1615145947196191 126273847801536 subm_beg 1 0
1615145950706582 126273847801536 subm_end 1 0
1615145950707132 126273847801536 pump_beg 1 0
1615145967780165 126273847801536 pump_end 1 2
1615145971058275 126273847801536 coll_beg 0 0
1615145979039572 126273847801536 coll_end 0 0
1615145981093066 126273847801536 emit_beg 939 0
1615145986844505 126273847801536 emit_end 939 0
1615145986847915 126273847801536 drain_beg 0 0
1615145986848325 126273847801536 drain_end 1 0
1615145986848585 126273847801536 subm_beg 1 0
1615145990382915 126273847801536 subm_end 1 0
1615145990383285 126273847801536 pump_beg 1 0
1615146007728839 126273847801536 pump_end 1 2
1615146011013718 126273847801536 coll_beg 0 0
1615146019395650 126273847801536 coll_end 0 0
1615146021442125 126273847801536 emit_beg 940 0
1615146027534102 126273847801536 emit_end 940 0
1615146027538051 126273847801536 drain_beg 0 0
1615146027538631 126273847801536 drain_end 1 0
1615146027539511 126273847801536 subm_beg 1 0
1615146030872669 126273847801536 subm_end 1 0
1615146030873799 126273847801536 pump_beg 1 0
1615146048659306 126273847801536 pump_end 1 2
1615146051894697 126273847801536 coll_beg 0 0
1615146059986430 126273847801536 coll_end 0 0
1615146061917069 126273847801536 emit_beg 941 0
1615146067622390 126273847801536 emit_end 941 0
1615146067638509 126273847801536 drain_beg 0 0
1615146067639039 126273847801536 drain_end 1 0
1615146067639439 126273847801536 subm_beg 1 0
1615146071073643 126273847801536 subm_end 1 0
1615146071074653 126273847801536 pump_beg 1 0
1615146087911265 126273847801536 pump_end 1 2
1615146089951130 126273847801536 coll_beg 0 0
1615146099425553 126273847801536 coll_end 0 0
1615146101384881 126273847801536 emit_beg 942 0
1615146107115760 126273847801536 emit_end 942 0
1615146107119460 126273847801536 drain_beg 0 0
1615146107119950 126273847801536 drain_end 1 0
1615146107120560 126273847801536 subm_beg 1 0
1615146110700749 126273847801536 subm_end 1 0
1615146110701149 126273847801536 pump_beg 1 0
1615146127429145 126273847801536 pump_end 1 2
1615146130634237 126273847801536 coll_beg 0 0
1615146140535773 126273847801536 coll_end 0 0
1615146142548800 126273847801536 emit_beg 943 0
1615146148249520 126273847801536 emit_end 943 0
1615146148253110 126273847801536 drain_beg 0 0
1615146148253440 126273847801536 drain_end 1 0
1615146148253980 126273847801536 subm_beg 1 0
1615146151804000 126273847801536 subm_end 1 0
1615146151804430 126273847801536 pump_beg 1 0
1615146169221340 126273847801536 pump_end 1 2
1615146171215607 126273847801536 coll_beg 0 0
1615146181253409 126273847801536 coll_end 0 0
1615146183135720 126273847801536 emit_beg 944 0
1615146186786946 126273847801536 emit_end 944 0
1615146186789785 126273847801536 drain_beg 0 0
1615146186790085 126273847801536 drain_end 1 0
1615146186790405 126273847801536 subm_beg 1 0
1615146190198730 126273847801536 subm_end 1 0
1615146190199290 126273847801536 pump_beg 1 0
1615146206491302 126273847801536 pump_end 1 2
1615146209214922 126273847801536 coll_beg 0 0
1615146219928139 126273847801536 coll_end 0 0
1615146221704684 126273847801536 emit_beg 945 0
1615146226950791 126273847801536 emit_end 945 0
1615146226953611 126273847801536 drain_beg 0 0
1615146226953971 126273847801536 drain_end 1 0
1615146226954431 126273847801536 subm_beg 1 0
1615146230273759 126273847801536 subm_end 1 0
1615146230274309 126273847801536 pump_beg 1 0
1615146247059093 126273847801536 pump_end 1 2
1615146249379218 126273847801536 coll_beg 0 0
1615146260502480 126273847801536 coll_end 0 0
1615146262315583 126273847801536 emit_beg 946 0
1615146267765853 126273847801536 emit_end 946 0
1615146267769573 126273847801536 drain_beg 0 0
1615146267769923 126273847801536 drain_end 1 0
1615146267770723 126273847801536 subm_beg 1 0
1615146270977005 126273847801536 subm_end 1 0
1615146270977815 126273847801536 pump_beg 1 0
1615146287819447 126273847801536 pump_end 1 2
1615146291190403 126273847801536 coll_beg 0 0
1615146301972797 126273847801536 coll_end 0 0
1615146303934685 126273847801536 emit_beg 947 0
1615146309289079 126273847801536 emit_end 947 0
1615146309292569 126273847801536 drain_beg 0 0
1615146309292939 126273847801536 drain_end 1 0
1615146309293519 126273847801536 subm_beg 1 0
1615146312610577 126273847801536 subm_end 1 0
1615146312611017 126273847801536 pump_beg 1 0
1615146329341383 126273847801536 pump_end 1 2
1615146331152286 126273847801536 coll_beg 0 0
1615146339174042 126273847801536 coll_end 0 0
1615146340988135 126273847801536 emit_beg 948 0
1615146346434555 126273847801536 emit_end 948 0
1615146346437835 126273847801536 drain_beg 0 0
1615146346438175 126273847801536 drain_end 1 0
1615146346438605 126273847801536 subm_beg 1 0
1615146349713535 126273847801536 subm_end 1 0
1615146349714465 126273847801536 pump_beg 1 0
1615146367138815 126273847801536 pump_end 1 2
1615146370611878 126273847801536 coll_beg 0 0
1615146378517047 126273847801536 coll_end 0 0
1615146380680178 126273847801536 emit_beg 949 0
1615146386271603 126273847801536 emit_end 949 0
1615146386274273 126273847801536 drain_beg 0 0
1615146386274573 126273847801536 drain_end 1 0
1615146386275063 126273847801536 subm_beg 1 0
1615146389610080 126273847801536 subm_end 1 0
1615146389610680 126273847801536 pump_beg 1 0
1615146407203794 126273847801536 pump_end 1 2
1615146409634545 126273847801536 coll_beg 0 0
1615146418195561 126273847801536 coll_end 0 0
1615146419988635 126273847801536 emit_beg 950 0
1615146425303280 126273847801536 emit_end 950 0
1615146425306140 126273847801536 drain_beg 0 0
1615146425306460 126273847801536 drain_end 1 0
1615146425306690 126273847801536 subm_beg 1 0
1615146428580920 126273847801536 subm_end 1 0
1615146428581540 126273847801536 pump_beg 1 0
1615146445739100 126273847801536 pump_end 1 2
1615146447778885 126273847801536 coll_beg 0 0
1615146456308172 126273847801536 coll_end 0 0
1615146458213162 126273847801536 emit_beg 951 0
1615146461843549 126273847801536 emit_end 951 0
1615146461847128 126273847801536 drain_beg 0 0
1615146461847518 126273847801536 drain_end 1 0
1615146461848218 126273847801536 subm_beg 1 0
1615146465301052 126273847801536 subm_end 1 0
1615146465301712 126273847801536 pump_beg 1 0
1615146481936861 126273847801536 pump_end 1 2
1615146484954960 126273847801536 coll_beg 0 0
1615146493336752 126273847801536 coll_end 0 0
1615146495180355 126273847801536 emit_beg 952 0
1615146500388744 126273847801536 emit_end 952 0
1615146500391504 126273847801536 drain_beg 0 0
1615146500391764 126273847801536 drain_end 1 0
1615146500391984 126273847801536 subm_beg 1 0
1615146503703072 126273847801536 subm_end 1 0
1615146503703672 126273847801536 pump_beg 1 0
1615146520335141 126273847801536 pump_end 1 2
1615146525214902 126273847801536 coll_beg 0 0
1615146533524157 126273847801536 coll_end 0 0
1615146535447307 126273847801536 emit_beg 953 0
1615146539115032 126273847801536 emit_end 953 0
1615146539118892 126273847801536 drain_beg 0 0
1615146539119172 126273847801536 drain_end 1 0
1615146539119772 126273847801536 subm_beg 1 0
1615146542663302 126273847801536 subm_end 1 0
1615146542663612 126273847801536 pump_beg 1 0
1615146558383915 126273847801536 pump_end 1 2
1615146560841135 126273847801536 coll_beg 0 0
1615146567860377 126273847801536 coll_end 0 0
1615146570451512 126273847801536 emit_beg 954 0
1615146575819475 126273847801536 emit_end 954 0
1615146575822724 126273847801536 drain_beg 0 0
1615146575823044 126273847801536 drain_end 1 0
1615146575823504 126273847801536 subm_beg 1 0
1615146579128263 126273847801536 subm_end 1 0
1615146579128703 126273847801536 pump_beg 1 0
1615146594431981 126273847801536 pump_end 1 2
1615146596992897 126273847801536 coll_beg 0 0
1615146604692775 126273847801536 coll_end 0 0
1615146606531387 126273847801536 emit_beg 955 0
1615146612006636 126273847801536 emit_end 955 0
1615146612014406 126273847801536 drain_beg 0 0
1615146612015076 126273847801536 drain_end 1 0
1615146612015646 126273847801536 subm_beg 1 0
1615146615228198 126273847801536 subm_end 1 0
1615146615229248 126273847801536 pump_beg 1 0
1615146631161143 126273847801536 pump_end 1 2
1615146633637152 126273847801536 coll_beg 0 0
1615146641503904 126273847801536 coll_end 0 0
1615146643621426 126273847801536 emit_beg 956 0
1615146649711362 126273847801536 emit_end 956 0
1615146649716492 126273847801536 drain_beg 0 0
1615146649717272 126273847801536 drain_end 1 0
1615146649718242 126273847801536 subm_beg 1 0
1615146653200804 126273847801536 subm_end 1 0
1615146653201444 126273847801536 pump_beg 1 0
1615146669003554 126273847801536 pump_end 1 2
1615146671949436 126273847801536 coll_beg 0 0
1615146684017773 126273847801536 coll_end 0 0
1615146686086517 126273847801536 emit_beg 957 0
1615146690042652 126273847801536 emit_end 957 0
1615146690046421 126273847801536 drain_beg 0 0
1615146690046911 126273847801536 drain_end 1 0
1615146690047751 126273847801536 subm_beg 1 0
1615146693610421 126273847801536 subm_end 1 0
1615146693610731 126273847801536 pump_beg 1 0
1615146710109895 126273847801536 pump_end 1 2
1615146712807236 126273847801536 coll_beg 0 0
1615146720810562 126273847801536 coll_end 0 0
1615146722803179 126273847801536 emit_beg 958 0
1615146728543608 126273847801536 emit_end 958 0
1615146728546628 126273847801536 drain_beg 0 0
1615146728547008 126273847801536 drain_end 1 0
1615146728547288 126273847801536 subm_beg 1 0
1615146732112157 126273847801536 subm_end 1 0
1615146732112527 126273847801536 pump_beg 1 0
1615146749190460 126273847801536 pump_end 1 2
1615146751550954 126273847801536 coll_beg 0 0
1615146759539101 126273847801536 coll_end 0 0
1615146761421821 126273847801536 emit_beg 959 0
1615146767002957 126273847801536 emit_end 959 0
1615146767005976 126273847801536 drain_beg 0 0
1615146767006286 126273847801536 drain_end 1 0
1615146767006596 126273847801536 subm_beg 1 0
1615146770618124 126273847801536 subm_end 1 0
1615146770618494 126273847801536 pump_beg 1 0
1615146788300095 126273847801536 pump_end 1 2
1615146791442539 126273847801536 coll_beg 0 0
1615146799553442 126273847801536 coll_end 0 0
1615146801629405 126273847801536 emit_beg 960 0
1615146807298957 126273847801536 emit_end 960 0
1615146807302247 126273847801536 drain_beg 0 0
1615146807302507 126273847801536 drain_end 1 0
1615146807303237 126273847801536 subm_beg 1 0
1615146810735411 126273847801536 subm_end 1 0
1615146810735771 126273847801536 pump_beg 1 0
1615146831343845 126273847801536 pump_end 1 2
1615146833170208 126273847801536 coll_beg 0 0
1615146844871678 126273847801536 coll_end 0 0
1615146847260730 126273847801536 emit_beg 961 0
1615146853547250 126273847801536 emit_end 961 0
1615146853550829 126273847801536 drain_beg 0 0
1615146853551299 126273847801536 drain_end 1 0
1615146853552149 126273847801536 subm_beg 1 0
1615146856706744 126273847801536 subm_end 1 0
1615146856707263 126273847801536 pump_beg 1 0
1615146875019381 126273847801536 pump_end 1 2
1615146877189942 126273847801536 coll_beg 0 0
1615146887646668 126273847801536 coll_end 0 0
1615146889605866 126273847801536 emit_beg 962 0
1615146895611485 126273847801536 emit_end 962 0
1615146895615405 126273847801536 drain_beg 0 0
1615146895615885 126273847801536 drain_end 1 0
1615146895616545 126273847801536 subm_beg 1 0
1615146898797188 126273847801536 subm_end 1 0
1615146898797788 126273847801536 pump_beg 1 0
1615146915965128 126273847801536 pump_end 1 2
1615146918862272 126273847801536 coll_beg 0 0
1615146928301605 126273847801536 coll_end 0 0
1615146930265363 126273847801536 emit_beg 963 0
1615146935916046 126273847801536 emit_end 963 0
1615146935919446 126273847801536 drain_beg 0 0
1615146935919966 126273847801536 drain_end 1 0
1615146935920496 126273847801536 subm_beg 1 0
1615146939395728 126273847801536 subm_end 1 0
1615146939396048 126273847801536 pump_beg 1 0
1615146955536136 126273847801536 pump_end 1 2
1615146957471485 126273847801536 coll_beg 0 0
1615146964875623 126273847801536 coll_end 0 0
1615146966957666 126273847801536 emit_beg 964 0
1615146972681516 126273847801536 emit_end 964 0
1615146972684936 126273847801536 drain_beg 0 0
1615146972685286 126273847801536 drain_end 1 0
1615146972685546 126273847801536 subm_beg 1 0
1615146976258615 126273847801536 subm_end 1 0
1615146976260125 126273847801536 pump_beg 1 0
1615146992398912 126273847801536 pump_end 1 2
1615146994323722 126273847801536 coll_beg 0 0
1615147002965145 126273847801536 coll_end 0 0
1615147004901624 126273847801536 emit_beg 965 0
1615147010638703 126273847801536 emit_end 965 0
1615147010642203 126273847801536 drain_beg 0 0
1615147010642523 126273847801536 drain_end 1 0
1615147010642873 126273847801536 subm_beg 1 0
1615147014093366 126273847801536 subm_end 1 0
1615147014093676 126273847801536 pump_beg 1 0
1615147029907126 126273847801536 pump_end 1 2
1615147033286492 126273847801536 coll_beg 0 0
1615147042663197 126273847801536 coll_end 0 0
1615147044640645 126273847801536 emit_beg 966 0
1615147052173668 126273847801536 emit_end 966 0
1615147052177078 126273847801536 drain_beg 0 0
1615147052177458 126273847801536 drain_end 1 0
1615147052177808 126273847801536 subm_beg 1 0
1615147053999101 126273847801536 subm_end 1 0
1615147054000101 126273847801536 pump_beg 1 0
1615147070084881 126273847801536 pump_end 1 2
1615147072512642 126273847801536 coll_beg 0 0
1615147080581875 126273847801536 coll_end 0 0
1615147082623870 126273847801536 emit_beg 967 0
1615147088432437 126273847801536 emit_end 967 0
1615147088435807 126273847801536 drain_beg 0 0
1615147088436577 126273847801536 drain_end 1 0
1615147088437097 126273847801536 subm_beg 1 0
1615147091975707 126273847801536 subm_end 1 0
1615147091976577 126273847801536 pump_beg 1 0
1615147109814632 126273847801536 pump_end 1 2
1615147112869640 126273847801536 coll_beg 0 0
1615147124972016 126273847801536 coll_end 0 0
1615147128228616 126273847801536 emit_beg 968 0
1615147132289967 126273847801536 emit_end 968 0
1615147132294047 126273847801536 drain_beg 0 0
1615147132294607 126273847801536 drain_end 1 0
1615147132295487 126273847801536 subm_beg 1 0
1615147135315306 126273847801536 subm_end 1 0
1615147135315836 126273847801536 pump_beg 1 0
1615147151180694 126273847801536 pump_end 1 2
1615147155860292 126273847801536 coll_beg 0 0
1615147163179783 126273847801536 coll_end 0 0
1615147164983707 126273847801536 emit_beg 969 0
1615147170414698 126273847801536 emit_end 969 0
1615147170418588 126273847801536 drain_beg 0 0
1615147170418908 126273847801536 drain_end 1 0
1615147170419348 126273847801536 subm_beg 1 0
1615147173785774 126273847801536 subm_end 1 0
1615147173786414 126273847801536 pump_beg 1 0
1615147188346189 126273847801536 pump_end 1 2
1615147190498780 126273847801536 coll_beg 0 0
1615147197003722 126273847801536 coll_end 0 0
1615147199296347 126273847801536 emit_beg 970 0
1615147205003298 126273847801536 emit_end 970 0
1615147205007178 126273847801536 drain_beg 0 0
1615147205007788 126273847801536 drain_end 1 0
1615147205008708 126273847801536 subm_beg 1 0
1615147208306327 126273847801536 subm_end 1 0
1615147208310487 126273847801536 pump_beg 1 0
1615147225646780 126273847801536 pump_end 1 2
1615147229086184 126273847801536 coll_beg 0 0
1615147241764979 126273847801536 coll_end 0 0
1615147243882531 126273847801536 emit_beg 971 0
1615147249528094 126273847801536 emit_end 971 0
1615147249531983 126273847801536 drain_beg 0 0
1615147249532663 126273847801536 drain_end 1 0
1615147249533363 126273847801536 subm_beg 1 0
1615147252903470 126273847801536 subm_end 1 0
1615147252903970 126273847801536 pump_beg 1 0
1615147270812772 126273847801536 pump_end 1 2
1615147273452275 126273847801536 coll_beg 0 0
1615147286105261 126273847801536 coll_end 0 0
1615147288194514 126273847801536 emit_beg 972 0
1615147296777359 126273847801536 emit_end 972 0
1615147296781659 126273847801536 drain_beg 0 0
1615147296782279 126273847801536 drain_end 1 0
1615147296783089 126273847801536 subm_beg 1 0
1615147300028510 126273847801536 subm_end 1 0
1615147300029700 126273847801536 pump_beg 1 0
1615147318509391 126273847801536 pump_end 1 2
1615147321282139 126273847801536 coll_beg 0 0
1615147333669035 126273847801536 coll_end 0 0
1615147335842345 126273847801536 emit_beg 973 0
1615147341526746 126273847801536 emit_end 973 0
1615147341531036 126273847801536 drain_beg 0 0
1615147341531596 126273847801536 drain_end 1 0
1615147341532176 126273847801536 subm_beg 1 0
1615147344710420 126273847801536 subm_end 1 0
1615147344711790 126273847801536 pump_beg 1 0
1615147361894759 126273847801536 pump_end 1 2
1615147363730221 126273847801536 coll_beg 0 0
1615147371243895 126273847801536 coll_end 0 0
1615147373081688 126273847801536 emit_beg 974 0
1615147376736124 126273847801536 emit_end 974 0
1615147376739564 126273847801536 drain_beg 0 0
1615147376740034 126273847801536 drain_end 1 0
1615147376740694 126273847801536 subm_beg 1 0
1615147380096130 126273847801536 subm_end 1 0
1615147380096560 126273847801536 pump_beg 1 0
1615147397852569 126273847801536 pump_end 1 2
1615147400848299 126273847801536 coll_beg 0 0
1615147409343597 126273847801536 coll_end 0 0
1615147411275446 126273847801536 emit_beg 975 0
1615147416634419 126273847801536 emit_end 975 0
1615147416637859 126273847801536 drain_beg 0 0
1615147416638189 126273847801536 drain_end 1 0
1615147416638659 126273847801536 subm_beg 1 0
1615147420168609 126273847801536 subm_end 1 0
1615147420170039 126273847801536 pump_beg 1 0
1615147436640875 126273847801536 pump_end 1 2
1615147440042280 126273847801536 coll_beg 0 0
1615147447774936 126273847801536 coll_end 0 0
1615147449721295 126273847801536 emit_beg 976 0
1615147455004311 126273847801536 emit_end 976 0
1615147455007331 126273847801536 drain_beg 0 0
1615147455017010 126273847801536 drain_end 1 0
1615147455017280 126273847801536 subm_beg 1 0
1615147458432765 126273847801536 subm_end 1 0
1615147458433355 126273847801536 pump_beg 1 0
1615147476022769 126273847801536 pump_end 1 2
1615147479137125 126273847801536 coll_beg 0 0
1615147487358333 126273847801536 coll_end 0 0
1615147489425937 126273847801536 emit_beg 977 0
1615147494957394 126273847801536 emit_end 977 0
1615147494962544 126273847801536 drain_beg 0 0
1615147494963194 126273847801536 drain_end 1 0
1615147494964244 126273847801536 subm_beg 1 0
1615147498102439 126273847801536 subm_end 1 0
1615147498103139 126273847801536 pump_beg 1 0
1615147514225377 126273847801536 pump_end 1 2
1615147516208364 126273847801536 coll_beg 0 0
1615147525146996 126273847801536 coll_end 0 0
1615147526957899 126273847801536 emit_beg 978 0
1615147532767246 126273847801536 emit_end 978 0
1615147532770066 126273847801536 drain_beg 0 0
1615147532770426 126273847801536 drain_end 1 0
1615147532770966 126273847801536 subm_beg 1 0
1615147536078325 126273847801536 subm_end 1 0
1615147536078875 126273847801536 pump_beg 1 0
1615147552596458 126273847801536 pump_end 1 2
1615147555165614 126273847801536 coll_beg 0 0
1615147564231871 126273847801536 coll_end 0 0
1615147566053444 126273847801536 emit_beg 979 0
1615147571312891 126273847801536 emit_end 979 0
1615147571315901 126273847801536 drain_beg 0 0
1615147571316211 126273847801536 drain_end 1 0
1615147571316831 126273847801536 subm_beg 1 0
1615147574747705 126273847801536 subm_end 1 0
1615147574748265 126273847801536 pump_beg 1 0
1615147592414747 126273847801536 pump_end 1 2
1615147594739701 126273847801536 coll_beg 0 0
1615147603253849 126273847801536 coll_end 0 0
1615147605403600 126273847801536 emit_beg 980 0
1615147611230186 126273847801536 emit_end 980 0
1615147611233966 126273847801536 drain_beg 0 0
1615147611234436 126273847801536 drain_end 1 0
1615147611235156 126273847801536 subm_beg 1 0
1615147614728637 126273847801536 subm_end 1 0
1615147614729677 126273847801536 pump_beg 1 0
1615147631263920 126273847801536 pump_end 1 2
1615147633246028 126273847801536 coll_beg 0 0
1615147641233194 126273847801536 coll_end 0 0
1615147643187743 126273847801536 emit_beg 981 0
1615147649018329 126273847801536 emit_end 981 0
1615147649021659 126273847801536 drain_beg 0 0
1615147649022289 126273847801536 drain_end 1 0
1615147649022749 126273847801536 subm_beg 1 0
1615147652420264 126273847801536 subm_end 1 0
1615147652420924 126273847801536 pump_beg 1 0
1615147668467035 126273847801536 pump_end 1 2
1615147670921315 126273847801536 coll_beg 0 0
1615147678116200 126273847801536 coll_end 0 0
1615147680032440 126273847801536 emit_beg 982 0
1615147685651664 126273847801536 emit_end 982 0
1615147685654884 126273847801536 drain_beg 0 0
1615147685655244 126273847801536 drain_end 1 0
1615147685655844 126273847801536 subm_beg 1 0
1615147689178234 126273847801536 subm_end 1 0
1615147689178944 126273847801536 pump_beg 1 0
1615147706103313 126273847801536 pump_end 1 2
1615147708021103 126273847801536 coll_beg 0 0
1615147715943912 126273847801536 coll_end 0 0
1615147717926679 126273847801536 emit_beg 983 0
1615147723649099 126273847801536 emit_end 983 0
1615147723652419 126273847801536 drain_beg 0 0
1615147723652809 126273847801536 drain_end 1 0
1615147723653329 126273847801536 subm_beg 1 0
1615147727150221 126273847801536 subm_end 1 0
1615147727150721 126273847801536 pump_beg 1 0
1615147744458605 126273847801536 pump_end 1 2
1615147747463805 126273847801536 coll_beg 0 0
1615147755668424 126273847801536 coll_end 0 0
1615147757584583 126273847801536 emit_beg 984 0
1615147763372101 126273847801536 emit_end 984 0
1615147763376411 126273847801536 drain_beg 0 0
1615147763377001 126273847801536 drain_end 1 0
1615147763377661 126273847801536 subm_beg 1 0
1615147766834414 126273847801536 subm_end 1 0
1615147766834894 126273847801536 pump_beg 1 0
1615147782947522 126273847801536 pump_end 1 2
1615147786278120 126273847801536 coll_beg 0 0
1615147794147321 126273847801536 coll_end 0 0
1615147796029572 126273847801536 emit_beg 985 0
1615147799872101 126273847801536 emit_end 985 0
1615147799875381 126273847801536 drain_beg 0 0
1615147799875791 126273847801536 drain_end 1 0
1615147799876101 126273847801536 subm_beg 1 0
1615147803531717 126273847801536 subm_end 1 0
1615147803532027 126273847801536 pump_beg 1 0
1615147819885136 126273847801536 pump_end 1 2
1615147823602560 126273847801536 coll_beg 0 0
1615147830162629 126273847801536 coll_end 0 0
1615147833630642 126273847801536 emit_beg 986 0
1615147839471827 126273847801536 emit_end 986 0
1615147839475987 126273847801536 drain_beg 0 0
1615147839476307 126273847801536 drain_end 1 0
1615147839477137 126273847801536 subm_beg 1 0
1615147842992728 126273847801536 subm_end 1 0
1615147842993118 126273847801536 pump_beg 1 0
1615147859655616 126273847801536 pump_end 1 2
1615147861927493 126273847801536 coll_beg 0 0
1615147869667539 126273847801536 coll_end 0 0
1615147871682825 126273847801536 emit_beg 987 0
1615147877373446 126273847801536 emit_end 987 0
1615147877377256 126273847801536 drain_beg 0 0
1615147877377926 126273847801536 drain_end 1 0
1615147877378516 126273847801536 subm_beg 1 0
1615147880974184 126273847801536 subm_end 1 0
1615147880974634 126273847801536 pump_beg 1 0
1615147899137327 126273847801536 pump_end 1 2
1615147901963873 126273847801536 coll_beg 0 0
1615147910241460 126273847801536 coll_end 0 0
1615147912272555 126273847801536 emit_beg 988 0
1615147918088781 126273847801536 emit_end 988 0
1615147918092911 126273847801536 drain_beg 0 0
1615147918093751 126273847801536 drain_end 1 0
1615147918094361 126273847801536 subm_beg 1 0
1615147921634551 126273847801536 subm_end 1 0
1615147921635111 126273847801536 pump_beg 1 0
1615147939914240 126273847801536 pump_end 1 2
1615147942908690 126273847801536 coll_beg 0 0
1615147951129599 126273847801536 coll_end 0 0
1615147953587698 126273847801536 emit_beg 989 0
1615147959608257 126273847801536 emit_end 989 0
1615147959613407 126273847801536 drain_beg 0 0
1615147959614047 126273847801536 drain_end 1 0
1615147959614717 126273847801536 subm_beg 1 0
1615147962947845 126273847801536 subm_end 1 0
1615147962948385 126273847801536 pump_beg 1 0
1615147979054073 126273847801536 pump_end 1 2
1615147981861000 126273847801536 coll_beg 0 0
1615147989636205 126273847801536 coll_end 0 0
1615147991519306 126273847801536 emit_beg 990 0
1615147997186508 126273847801536 emit_end 990 0
1615147997190878 126273847801536 drain_beg 0 0
1615147997191378 126273847801536 drain_end 1 0
1615147997192038 126273847801536 subm_beg 1 0
1615148000775436 126273847801536 subm_end 1 0
1615148000780776 126273847801536 pump_beg 1 0
1615148018759396 126273847801536 pump_end 1 2
1615148021744846 126273847801536 coll_beg 0 0
1615148031654373 126273847801536 coll_end 0 0
1615148033861742 126273847801536 emit_beg 991 0
1615148039845102 126273847801536 emit_end 991 0
1615148039849582 126273847801536 drain_beg 0 0
1615148039850112 126273847801536 drain_end 1 0
1615148039850592 126273847801536 subm_beg 1 0
1615148043260896 126273847801536 subm_end 1 0
1615148043261336 126273847801536 pump_beg 1 0
1615148060106558 126273847801536 pump_end 1 2
1615148062755521 126273847801536 coll_beg 0 0
1615148073850954 126273847801536 coll_end 0 0
1615148075757624 126273847801536 emit_beg 992 0
1615148081320209 126273847801536 emit_end 992 0
1615148081324409 126273847801536 drain_beg 0 0
1615148081325379 126273847801536 drain_end 1 0
1615148081326429 126273847801536 subm_beg 1 0
1615148084543691 126273847801536 subm_end 1 0
1615148084544131 126273847801536 pump_beg 1 0
1615148102294479 126273847801536 pump_end 1 2
1615148104711891 126273847801536 coll_beg 0 0
1615148115789114 126273847801536 coll_end 0 0
1615148118245944 126273847801536 emit_beg 993 0
1615148123925475 126273847801536 emit_end 993 0
1615148123930345 126273847801536 drain_beg 0 0
1615148123930945 126273847801536 drain_end 1 0
1615148123931635 126273847801536 subm_beg 1 0
1615148127172306 126273847801536 subm_end 1 0
1615148127182796 126273847801536 pump_beg 1 0
1615148144255769 126273847801536 pump_end 1 2
1615148147093215 126273847801536 coll_beg 0 0
1615148157429675 126273847801536 coll_end 0 0
1615148159389024 126273847801536 emit_beg 994 0
1615148164993358 126273847801536 emit_end 994 0
1615148164997768 126273847801536 drain_beg 0 0
1615148164998498 126273847801536 drain_end 1 0
1615148165000087 126273847801536 subm_beg 1 0
1615148168344985 126273847801536 subm_end 1 0
1615148168346135 126273847801536 pump_beg 1 0
1615148185179927 126273847801536 pump_end 1 2
1615148187048328 126273847801536 coll_beg 0 0
1615148194288102 126273847801536 coll_end 0 0
1615148196101376 126273847801536 emit_beg 995 0
1615148201511617 126273847801536 emit_end 995 0
1615148201515227 126273847801536 drain_beg 0 0
1615148201515647 126273847801536 drain_end 1 0
1615148201516077 126273847801536 subm_beg 1 0
1615148204924722 126273847801536 subm_end 1 0
1615148204925142 126273847801536 pump_beg 1 0
1615148222382991 126273847801536 pump_end 1 2
1615148225522476 126273847801536 coll_beg 0 0
1615148233191964 126273847801536 coll_end 0 0
1615148235015807 126273847801536 emit_beg 996 0
1615148240507946 126273847801536 emit_end 996 0
1615148240511646 126273847801536 drain_beg 0 0
1615148240512076 126273847801536 drain_end 1 0
1615148240512846 126273847801536 subm_beg 1 0
1615148243728037 126273847801536 subm_end 1 0
1615148243728427 126273847801536 pump_beg 1 0
1615148260323948 126273847801536 pump_end 1 2
1615148263138895 126273847801536 coll_beg 0 0
1615148271313855 126273847801536 coll_end 0 0
1615148273139848 126273847801536 emit_beg 997 0
1615148278575368 126273847801536 emit_end 997 0
1615148278579188 126273847801536 drain_beg 0 0
1615148278579608 126273847801536 drain_end 1 0
1615148278580118 126273847801536 subm_beg 1 0
1615148281837779 126273847801536 subm_end 1 0
1615148281838249 126273847801536 pump_beg 1 0
1615148299691033 126273847801536 pump_end 1 2
1615148302362055 126273847801536 coll_beg 0 0
1615148310679820 126273847801536 coll_end 0 0
1615148312807042 126273847801536 emit_beg 998 0
1615148318735254 126273847801536 emit_end 998 0
1615148318739544 126273847801536 drain_beg 0 0
1615148318740584 126273847801536 drain_end 1 0
1615148318741394 126273847801536 subm_beg 1 0
1615148321682106 126273847801536 subm_end 1 0
1615148321682396 126273847801536 pump_beg 1 0
1615148338420661 126273847801536 pump_end 1 2
1615148341536247 126273847801536 coll_beg 0 0
1615148349229115 126273847801536 coll_end 0 0
1615148351337487 126273847801536 emit_beg 999 0
1615148356968481 126273847801536 emit_end 999 0
1615148356975210 126273847801536 drain_beg 0 0
1615148356976070 126273847801536 drain_end 1 0
1615148356977080 126273847801536 subm_beg 1 0
1615148360159353 126273847801536 subm_end 1 0
1615148360160663 126273847801536 pump_beg 1 0
1615148377765617 126273847801536 pump_end 1 2
1615148380852054 126273847801536 coll_beg 0 0
1615148389792646 126273847801536 coll_end 0 0
1615148391854130 126273847801536 emit_beg 1000 0
1615148397482353 126273847801536 emit_end 1000 0
1615148397490133 126273847801536 drain_beg 0 0
1615148397491073 126273847801536 drain_end 1 0
1615148397492763 126273847801536 subm_beg 1 0
1615148400977465 126273847801536 subm_end 1 0
1615148400980995 126273847801536 pump_beg 1 0
1615148418448634 126273847801536 pump_end 1 2
1615148420563196 126273847801536 coll_beg 0 0
1615148431557973 126273847801536 coll_end 0 0
1615148433489632 126273847801536 emit_beg 1001 0
1615148439274899 126273847801536 emit_end 1001 0
1615148439279459 126273847801536 drain_beg 0 0
1615148439280289 126273847801536 drain_end 1 0
1615148439280899 126273847801536 subm_beg 1 0
1615148442415544 126273847801536 subm_end 1 0
1615148442415954 126273847801536 pump_beg 1 0
1615148458734525 126273847801536 pump_end 1 2
1615148460792449 126273847801536 coll_beg 0 0
1615148467737484 126273847801536 coll_end 0 0
1615148469579867 126273847801536 emit_beg 1002 0
1615148475143713 126273847801536 emit_end 1002 0
1615148475146372 126273847801536 drain_beg 0 0
1615148475146762 126273847801536 drain_end 1 0
1615148475147002 126273847801536 subm_beg 1 0
1615148478525618 126273847801536 subm_end 1 0
1615148478526508 126273847801536 pump_beg 1 0
1615148496257207 126273847801536 pump_end 1 2
1615148498154048 126273847801536 coll_beg 0 0
1615148504805164 126273847801536 coll_end 0 0
1615148506633346 126273847801536 emit_beg 1003 0
1615148512116775 126273847801536 emit_end 1003 0
1615148512122195 126273847801536 drain_beg 0 0
1615148512122845 126273847801536 drain_end 1 0
1615148512123755 126273847801536 subm_beg 1 0
1615148515293229 126273847801536 subm_end 1 0
1615148515293729 126273847801536 pump_beg 1 0
1615148531823712 126273847801536 pump_end 1 2
1615148534960817 126273847801536 coll_beg 0 0
1615148543555981 126273847801536 coll_end 0 0
1615148545782699 126273847801536 emit_beg 1004 0
1615148549656637 126273847801536 emit_end 1004 0
1615148549659947 126273847801536 drain_beg 0 0
1615148549660377 126273847801536 drain_end 1 0
1615148549660997 126273847801536 subm_beg 1 0
1615148553235786 126273847801536 subm_end 1 0
1615148553236186 126273847801536 pump_beg 1 0
1615148569465450 126273847801536 pump_end 1 2
1615148573063898 126273847801536 coll_beg 0 0
1615148583290163 126273847801536 coll_end 0 0
1615148585166394 126273847801536 emit_beg 1005 0
1615148588981244 126273847801536 emit_end 1005 0
1615148588984743 126273847801536 drain_beg 0 0
1615148588985393 126273847801536 drain_end 1 0
1615148588985833 126273847801536 subm_beg 1 0
1615148592620740 126273847801536 subm_end 1 0
1615148592621260 126273847801536 pump_beg 1 0
1615148609094395 126273847801536 pump_end 1 2
1615148612418163 126273847801536 coll_beg 0 0
1615148620091152 126273847801536 coll_end 0 0
1615148621928604 126273847801536 emit_beg 1006 0
1615148625812662 126273847801536 emit_end 1006 0
1615148625815891 126273847801536 drain_beg 0 0
1615148625816421 126273847801536 drain_end 1 0
1615148625817081 126273847801536 subm_beg 1 0
1615148629454658 126273847801536 subm_end 1 0
1615148629454998 126273847801536 pump_beg 1 0
1615148646313339 126273847801536 pump_end 1 2
1615148649752063 126273847801536 coll_beg 0 0
1615148657978451 126273847801536 coll_end 0 0
1615148659981567 126273847801536 emit_beg 1007 0
1615148667544520 126273847801536 emit_end 1007 0
1615148667548899 126273847801536 drain_beg 0 0
1615148667549509 126273847801536 drain_end 1 0
1615148667550209 126273847801536 subm_beg 1 0
1615148670995353 126273847801536 subm_end 1 0
1615148670995883 126273847801536 pump_beg 1 0
1615148687486028 126273847801536 pump_end 1 2
1615148690209558 126273847801536 coll_beg 0 0
1615148698126787 126273847801536 coll_end 0 0
1615148700103824 126273847801536 emit_beg 1008 0
1615148705993368 126273847801536 emit_end 1008 0
1615148705997098 126273847801536 drain_beg 0 0
1615148705997538 126273847801536 drain_end 1 0
1615148705998098 126273847801536 subm_beg 1 0
1615148709511689 126273847801536 subm_end 1 0
1615148709512109 126273847801536 pump_beg 1 0
1615148726302483 126273847801536 pump_end 1 2
1615148729328892 126273847801536 coll_beg 0 0
1615148737609528 126273847801536 coll_end 0 0
1615148739504698 126273847801536 emit_beg 1009 0
1615148745580715 126273847801536 emit_end 1009 0
1615148745584905 126273847801536 drain_beg 0 0
1615148745585395 126273847801536 drain_end 1 0
1615148745585885 126273847801536 subm_beg 1 0
1615148748937932 126273847801536 subm_end 1 0
1615148748938352 126273847801536 pump_beg 1 0
1615148767562128 126273847801536 pump_end 1 2
1615148771208034 126273847801536 coll_beg 0 0
1615148780827441 126273847801536 coll_end 0 0
1615148783118287 126273847801536 emit_beg 1010 0
1615148789194844 126273847801536 emit_end 1010 0
1615148789198064 126273847801536 drain_beg 0 0
1615148789198424 126273847801536 drain_end 1 0
1615148789198784 126273847801536 subm_beg 1 0
1615148792640958 126273847801536 subm_end 1 0
1615148792641358 126273847801536 pump_beg 1 0
1615148811051932 126273847801536 pump_end 1 2
1615148814583222 126273847801536 coll_beg 0 0
1615148825928596 126273847801536 coll_end 0 0
1615148827844795 126273847801536 emit_beg 1011 0
1615148833548796 126273847801536 emit_end 1011 0
1615148833551526 126273847801536 drain_beg 0 0
1615148833551866 126273847801536 drain_end 1 0
1615148833557866 126273847801536 subm_beg 1 0
1615148837220061 126273847801536 subm_end 1 0
1615148837221271 126273847801536 pump_beg 1 0
1615148854633362 126273847801536 pump_end 1 2
1615148856736915 126273847801536 coll_beg 0 0
1615148866213307 126273847801536 coll_end 0 0
1615148868173925 126273847801536 emit_beg 1012 0
1615148873790769 126273847801536 emit_end 1012 0
1615148873794599 126273847801536 drain_beg 0 0
1615148873795209 126273847801536 drain_end 1 0
1615148873795888 126273847801536 subm_beg 1 0
1615148877648917 126273847801536 subm_end 1 0
1615148877649297 126273847801536 pump_beg 1 0
1615148893023703 126273847801536 pump_end 1 2
1615148896240485 126273847801536 coll_beg 0 0
1615148903150961 126273847801536 coll_end 0 0
1615148905030532 126273847801536 emit_beg 1013 0
1615148909060194 126273847801536 emit_end 1013 0
1615148909064364 126273847801536 drain_beg 0 0
1615148909065274 126273847801536 drain_end 1 0
1615148909066164 126273847801536 subm_beg 1 0
1615148912575375 126273847801536 subm_end 1 0
1615148912575785 126273847801536 pump_beg 1 0
1615148928302327 126273847801536 pump_end 1 2
1615148931426443 126273847801536 coll_beg 0 0
1615148938356239 126273847801536 coll_end 0 0
1615148940236599 126273847801536 emit_beg 1014 0
1615148946015567 126273847801536 emit_end 1014 0
1615148946019197 126273847801536 drain_beg 0 0
1615148946019507 126273847801536 drain_end 1 0
1615148946019817 126273847801536 subm_beg 1 0
1615148949595376 126273847801536 subm_end 1 0
1615148949596236 126273847801536 pump_beg 1 0
1615148965930366 126273847801536 pump_end 1 2
1615148969047702 126273847801536 coll_beg 0 0
1615148976858195 126273847801536 coll_end 0 0
1615148978813483 126273847801536 emit_beg 1015 0
1615148984611850 126273847801536 emit_end 1015 0
1615148984617180 126273847801536 drain_beg 0 0
1615148984617850 126273847801536 drain_end 1 0
1615148984618530 126273847801536 subm_beg 1 0
1615148988054384 126273847801536 subm_end 1 0
1615148988055484 126273847801536 pump_beg 1 0
1615149004412904 126273847801536 pump_end 1 2
1615149007628566 126273847801536 coll_beg 0 0
1615149014475584 126273847801536 coll_end 0 0
1615149016412663 126273847801536 emit_beg 1016 0
1615149022017487 126273847801536 emit_end 1016 0
1615149022023487 126273847801536 drain_beg 0 0
1615149022024167 126273847801536 drain_end 1 0
1615149022025007 126273847801536 subm_beg 1 0
1615149025187121 126273847801536 subm_end 1 0
1615149025187881 126273847801536 pump_beg 1 0
1615149041060588 126273847801536 pump_end 1 2
1615149044369347 126273847801536 coll_beg 0 0
1615149051333461 126273847801536 coll_end 0 0
1615149053182523 126273847801536 emit_beg 1017 0
1615149058807027 126273847801536 emit_end 1017 0
1615149058814377 126273847801536 drain_beg 0 0
1615149058815137 126273847801536 drain_end 1 0
1615149058815817 126273847801536 subm_beg 1 0
1615149061929862 126273847801536 subm_end 1 0
1615149061930422 126273847801536 pump_beg 1 0
1615149077736092 126273847801536 pump_end 1 2
1615149080682724 126273847801536 coll_beg 0 0
1615149087648638 126273847801536 coll_end 0 0
1615149089644035 126273847801536 emit_beg 1018 0
1615149095072996 126273847801536 emit_end 1018 0
1615149095077015 126273847801536 drain_beg 0 0
1615149095077395 126273847801536 drain_end 1 0
1615149095077885 126273847801536 subm_beg 1 0
1615149098311427 126273847801536 subm_end 1 0
1615149098311867 126273847801536 pump_beg 1 0
1615149114699605 126273847801536 pump_end 1 2
1615149116644034 126273847801536 coll_beg 0 0
1615149122894864 126273847801536 coll_end 0 0
1615149124703398 126273847801536 emit_beg 1019 0
1615149128405222 126273847801536 emit_end 1019 0
1615149128409962 126273847801536 drain_beg 0 0
1615149128410462 126273847801536 drain_end 1 0
1615149128411052 126273847801536 subm_beg 1 0
1615149131725320 126273847801536 subm_end 1 0
1615149131725900 126273847801536 pump_beg 1 0
1615149148026502 126273847801536 pump_end 1 2
1615149149987830 126273847801536 coll_beg 0 0
1615149158332343 126273847801536 coll_end 0 0
1615149160165506 126273847801536 emit_beg 1020 0
1615149165477131 126273847801536 emit_end 1020 0
1615149165491431 126273847801536 drain_beg 0 0
1615149165491901 126273847801536 drain_end 1 0
1615149165492241 126273847801536 subm_beg 1 0
1615149168733682 126273847801536 subm_end 1 0
1615149168734052 126273847801536 pump_beg 1 0
1615149187055439 126273847801536 pump_end 1 2
1615149189034156 126273847801536 coll_beg 0 0
1615149198599275 126273847801536 coll_end 0 0
1615149201166091 126273847801536 emit_beg 1021 0
1615149206967458 126273847801536 emit_end 1021 0
1615149206971458 126273847801536 drain_beg 0 0
1615149206972098 126273847801536 drain_end 1 0
1615149206972768 126273847801536 subm_beg 1 0
1615149210208099 126273847801536 subm_end 1 0
1615149210208599 126273847801536 pump_beg 1 0
1615149229141204 126273847801536 pump_end 1 2
1615149232664855 126273847801536 coll_beg 0 0
1615149247045097 126273847801536 coll_end 0 0
1615149249249616 126273847801536 emit_beg 1022 0
1615149254922478 126273847801536 emit_end 1022 0
1615149254926218 126273847801536 drain_beg 0 0
1615149254926798 126273847801536 drain_end 1 0
1615149254927888 126273847801536 subm_beg 1 0
1615149258405430 126273847801536 subm_end 1 0
1615149258405730 126273847801536 pump_beg 1 0
1615149275226542 126273847801536 pump_end 1 2
1615149278357157 126273847801536 coll_beg 0 0
1615149285742116 126273847801536 coll_end 0 0
1615149287535480 126273847801536 emit_beg 1023 0
1615149293035389 126273847801536 emit_end 1023 0
1615149293040688 126273847801536 drain_beg 0 0
1615149293041328 126273847801536 drain_end 1 0
1615149293042068 126273847801536 subm_beg 1 0
1615149296740133 126273847801536 subm_end 1 0
1615149296742123 126273847801536 pump_beg 1 0
1615149313120201 126273847801536 pump_end 1 2
1615149315517613 126273847801536 coll_beg 0 0
1615149325028584 126273847801536 coll_end 0 0
1615149327012861 126273847801536 emit_beg 1024 0
1615149332390454 126273847801536 emit_end 1024 0
1615149332394084 126273847801536 drain_beg 0 0
1615149332394654 126273847801536 drain_end 1 0
1615149332395344 126273847801536 subm_beg 1 0
1615149335599116 126273847801536 subm_end 1 0
1615149335599566 126273847801536 pump_beg 1 0
1615149352838723 126273847801536 pump_end 1 2
1615149354812861 126273847801536 coll_beg 0 0
1615149362803337 126273847801536 coll_end 0 0
1615149364761176 126273847801536 emit_beg 1025 0
1615149370343461 126273847801536 emit_end 1025 0
1615149370349160 126273847801536 drain_beg 0 0
1615149370349770 126273847801536 drain_end 1 0
1615149370350480 126273847801536 subm_beg 1 0
1615149373493725 126273847801536 subm_end 1 0
1615149373494285 126273847801536 pump_beg 1 0
1615149390024968 126273847801536 pump_end 1 2
1615149393430333 126273847801536 coll_beg 0 0
1615149403022431 126273847801536 coll_end 0 0
1615149405110584 126273847801536 emit_beg 1026 0
1615149410583723 126273847801536 emit_end 1026 0
1615149410587553 126273847801536 drain_beg 0 0
1615149410588053 126273847801536 drain_end 1 0
1615149410588483 126273847801536 subm_beg 1 0
1615149413769756 126273847801536 subm_end 1 0
1615149413770156 126273847801536 pump_beg 1 0
1615149430965385 126273847801536 pump_end 1 2
1615149433631887 126273847801536 coll_beg 0 0
1615149440957119 126273847801536 coll_end 0 0
1615149442870218 126273847801536 emit_beg 1027 0
1615149448342957 126273847801536 emit_end 1027 0
1615149448347607 126273847801536 drain_beg 0 0
1615149448348377 126273847801536 drain_end 1 0
1615149448349067 126273847801536 subm_beg 1 0
1615149451471543 126273847801536 subm_end 1 0
1615149451471992 126273847801536 pump_beg 1 0
1615149467395168 126273847801536 pump_end 1 2
1615149469316627 126273847801536 coll_beg 0 0
1615149476624839 126273847801536 coll_end 0 0
1615149478569728 126273847801536 emit_beg 1028 0
1615149484395384 126273847801536 emit_end 1028 0
1615149484400024 126273847801536 drain_beg 0 0
1615149484400654 126273847801536 drain_end 1 0
1615149484401314 126273847801536 subm_beg 1 0
1615149496686443 126273847801536 subm_end 1 0
1615149496687453 126273847801536 pump_beg 1 0
1615149512995184 126273847801536 pump_end 1 2
1615149516240555 126273847801536 coll_beg 0 0
1615149523704341 126273847801536 coll_end 0 0
1615149525666589 126273847801536 emit_beg 1029 0
1615149529706161 126273847801536 emit_end 1029 0
1615149529711070 126273847801536 drain_beg 0 0
1615149529711940 126273847801536 drain_end 1 0
1615149529712860 126273847801536 subm_beg 1 0
1615149533105596 126273847801536 subm_end 1 0
1615149533106056 126273847801536 pump_beg 1 0
1615149549092109 126273847801536 pump_end 1 2
1615149552589341 126273847801536 coll_beg 0 0
1615149560385814 126273847801536 coll_end 0 0
1615149562292944 126273847801536 emit_beg 1030 0
1615149568058893 126273847801536 emit_end 1030 0
1615149568062193 126273847801536 drain_beg 0 0
1615149568062543 126273847801536 drain_end 1 0
1615149568062853 126273847801536 subm_beg 1 0
1615149571521426 126273847801536 subm_end 1 0
1615149571525455 126273847801536 pump_beg 1 0
1615149587690222 126273847801536 pump_end 1 2
1615149590670953 126273847801536 coll_beg 0 0
1615149599129762 126273847801536 coll_end 0 0
1615149601088800 126273847801536 emit_beg 1031 0
1615149608699601 126273847801536 emit_end 1031 0
1615149608703641 126273847801536 drain_beg 0 0
1615149608704261 126273847801536 drain_end 1 0
1615149608704761 126273847801536 subm_beg 1 0
1615149610536463 126273847801536 subm_end 1 0
1615149610536913 126273847801536 pump_beg 1 0
1615149627049267 126273847801536 pump_end 1 2
1615149629416310 126273847801536 coll_beg 0 0
1615149638416850 126273847801536 coll_end 0 0
1615149640405927 126273847801536 emit_beg 1032 0
1615149645983962 126273847801536 emit_end 1032 0
1615149645987262 126273847801536 drain_beg 0 0
1615149645987672 126273847801536 drain_end 1 0
1615149645988162 126273847801536 subm_beg 1 0
1615149649454985 126273847801536 subm_end 1 0
1615149649455675 126273847801536 pump_beg 1 0
1615149666223459 126273847801536 pump_end 1 2
1615149669807838 126273847801536 coll_beg 0 0
1615149679498432 126273847801536 coll_end 0 0
1615149681599605 126273847801536 emit_beg 1033 0
1615149687572026 126273847801536 emit_end 1033 0
1615149687582305 126273847801536 drain_beg 0 0
1615149687583655 126273847801536 drain_end 1 0
1615149687584985 126273847801536 subm_beg 1 0
1615149690966101 126273847801536 subm_end 1 0
1615149690968791 126273847801536 pump_beg 1 0
1615149707766144 126273847801536 pump_end 1 2
1615149711099002 126273847801536 coll_beg 0 0
1615149720322003 126273847801536 coll_end 0 0
1615149722501693 126273847801536 emit_beg 1034 0
1615149728342859 126273847801536 emit_end 1034 0
1615149728346739 126273847801536 drain_beg 0 0
1615149728347229 126273847801536 drain_end 1 0
1615149728347999 126273847801536 subm_beg 1 0
1615149731794542 126273847801536 subm_end 1 0
1615149731794982 126273847801536 pump_beg 1 0
1615149748660633 126273847801536 pump_end 1 2
1615149750497776 126273847801536 coll_beg 0 0
1615149757788058 126273847801536 coll_end 0 0
1615149759784155 126273847801536 emit_beg 1035 0
1615149765465606 126273847801536 emit_end 1035 0
1615149765469346 126273847801536 drain_beg 0 0
1615149765469956 126273847801536 drain_end 1 0
1615149765470786 126273847801536 subm_beg 1 0
1615149768956828 126273847801536 subm_end 1 0
1615149768957298 126273847801536 pump_beg 1 0
1615149785850718 126273847801536 pump_end 1 2
1615149789042941 126273847801536 coll_beg 0 0
1615149796246686 126273847801536 coll_end 0 0
1615149798232043 126273847801536 emit_beg 1036 0
1615149803975073 126273847801536 emit_end 1036 0
1615149803979692 126273847801536 drain_beg 0 0
1615149803980262 126273847801536 drain_end 1 0
1615149803980882 126273847801536 subm_beg 1 0
1615149807517702 126273847801536 subm_end 1 0
1615149807518162 126273847801536 pump_beg 1 0
1615149824855786 126273847801536 pump_end 1 2
1615149826749657 126273847801536 coll_beg 0 0
1615149837782482 126273847801536 coll_end 0 0
1615149839874675 126273847801536 emit_beg 1037 0
1615149845785248 126273847801536 emit_end 1037 0
1615149845793427 126273847801536 drain_beg 0 0
1615149845794407 126273847801536 drain_end 1 0
1615149845795757 126273847801536 subm_beg 1 0
1615149849120695 126273847801536 subm_end 1 0
1615149849121115 126273847801536 pump_beg 1 0
1615149866761128 126273847801536 pump_end 1 2
1615149868674357 126273847801536 coll_beg 0 0
1615149879270779 126273847801536 coll_end 0 0
1615149881220927 126273847801536 emit_beg 1038 0
1615149886957336 126273847801536 emit_end 1038 0
1615149886960876 126273847801536 drain_beg 0 0
1615149886961366 126273847801536 drain_end 1 0
1615149886961826 126273847801536 subm_beg 1 0
1615149890404720 126273847801536 subm_end 1 0
1615149890405070 126273847801536 pump_beg 1 0
1615149907438744 126273847801536 pump_end 1 2
1615149909348654 126273847801536 coll_beg 0 0
1615149916959535 126273847801536 coll_end 0 0
1615149918844786 126273847801536 emit_beg 1039 0
1615149924679002 126273847801536 emit_end 1039 0
1615149924682872 126273847801536 drain_beg 0 0
1615149924683271 126273847801536 drain_end 1 0
1615149924683851 126273847801536 subm_beg 1 0
1615149928025819 126273847801536 subm_end 1 0
1615149928026079 126273847801536 pump_beg 1 0
1615149944282412 126273847801536 pump_end 1 2
1615149946180532 126273847801536 coll_beg 0 0
1615149953826572 126273847801536 coll_end 0 0
1615149955648195 126273847801536 emit_beg 1040 0
1615149961020298 126273847801536 emit_end 1040 0
1615149961024127 126273847801536 drain_beg 0 0
1615149961024507 126273847801536 drain_end 1 0
1615149961024907 126273847801536 subm_beg 1 0
1615149964288588 126273847801536 subm_end 1 0
1615149964289088 126273847801536 pump_beg 1 0
1615149981458447 126273847801536 pump_end 1 2
1615149984344191 126273847801536 coll_beg 0 0
1615149992727254 126273847801536 coll_end 0 0
1615149994551577 126273847801536 emit_beg 1041 0
1615150000337764 126273847801536 emit_end 1041 0
1615150000343494 126273847801536 drain_beg 0 0
1615150000344254 126273847801536 drain_end 1 0
1615150000345064 126273847801536 subm_beg 1 0
1615150003311525 126273847801536 subm_end 1 0
1615150003311955 126273847801536 pump_beg 1 0
1615150020277872 126273847801536 pump_end 1 2
1615150022258800 126273847801536 coll_beg 0 0
1615150029973176 126273847801536 coll_end 0 0
1615150031825558 126273847801536 emit_beg 1042 0
1615150039103811 126273847801536 emit_end 1042 0
1615150039107021 126273847801536 drain_beg 0 0
1615150039107341 126273847801536 drain_end 1 0
1615150039107781 126273847801536 subm_beg 1 0
1615150042438799 126273847801536 subm_end 1 0
1615150042439089 126273847801536 pump_beg 1 0
1615150059762283 126273847801536 pump_end 1 2
1615150062881288 126273847801536 coll_beg 0 0
1615150070342404 126273847801536 coll_end 0 0
1615150072129719 126273847801536 emit_beg 1043 0
1615150077505542 126273847801536 emit_end 1043 0
1615150077509121 126273847801536 drain_beg 0 0
1615150077509541 126273847801536 drain_end 1 0
1615150077509971 126273847801536 subm_beg 1 0
1615150080720114 126273847801536 subm_end 1 0
1615150080720654 126273847801536 pump_beg 1 0
1615150097506577 126273847801536 pump_end 1 2
1615150099348350 126273847801536 coll_beg 0 0
1615150106642322 126273847801536 coll_end 0 0
1615150108522403 126273847801536 emit_beg 1044 0
1615150114256262 126273847801536 emit_end 1044 0
1615150114267582 126273847801536 drain_beg 0 0
1615150114269092 126273847801536 drain_end 1 0
1615150114270482 126273847801536 subm_beg 1 0
1615150117281651 126273847801536 subm_end 1 0
1615150117284211 126273847801536 pump_beg 1 0
1615150134056076 126273847801536 pump_end 1 2
1615150136536095 126273847801536 coll_beg 0 0
1615150144633607 126273847801536 coll_end 0 0
1615150146416952 126273847801536 emit_beg 1045 0
1615150153528691 126273847801536 emit_end 1045 0
1615150153532931 126273847801536 drain_beg 0 0
1615150153533551 126273847801536 drain_end 1 0
1615150153534121 126273847801536 subm_beg 1 0
1615150155296246 126273847801536 subm_end 1 0
1615150155296696 126273847801536 pump_beg 1 0
1615150172542613 126273847801536 pump_end 1 2
1615150174440073 126273847801536 coll_beg 0 0
1615150182081153 126273847801536 coll_end 0 0
1615150183972823 126273847801536 emit_beg 1046 0
1615150189835188 126273847801536 emit_end 1046 0
1615150189847838 126273847801536 drain_beg 0 0
1615150189849378 126273847801536 drain_end 1 0
1615150189850997 126273847801536 subm_beg 1 0
1615150192782920 126273847801536 subm_end 1 0
1615150192784970 126273847801536 pump_beg 1 0
1615150210120673 126273847801536 pump_end 1 2
1615150212629681 126273847801536 coll_beg 0 0
1615150222745980 126273847801536 coll_end 0 0
1615150224863172 126273847801536 emit_beg 1047 0
1615150230214226 126273847801536 emit_end 1047 0
1615150230217726 126273847801536 drain_beg 0 0
1615150230218386 126273847801536 drain_end 1 0
1615150230219306 126273847801536 subm_beg 1 0
1615150233456237 126273847801536 subm_end 1 0
1615150233456607 126273847801536 pump_beg 1 0
1615150250665215 126273847801536 pump_end 1 2
1615150253148014 126273847801536 coll_beg 0 0
1615150264772157 126273847801536 coll_end 0 0
1615150266691887 126273847801536 emit_beg 1048 0
1615150272163636 126273847801536 emit_end 1048 0
1615150272167326 126273847801536 drain_beg 0 0
1615150272167956 126273847801536 drain_end 1 0
1615150272168716 126273847801536 subm_beg 1 0
1615150275330450 126273847801536 subm_end 1 0
1615150275330880 126273847801536 pump_beg 1 0
1615150293483673 126273847801536 pump_end 1 2
1615150295657253 126273847801536 coll_beg 0 0
1615150304935853 126273847801536 coll_end 0 0
1615150306812774 126273847801536 emit_beg 1049 0
1615150312547453 126273847801536 emit_end 1049 0
1615150312552863 126273847801536 drain_beg 0 0
1615150312553593 126273847801536 drain_end 1 0
1615150312554543 126273847801536 subm_beg 1 0
1615150315655689 126273847801536 subm_end 1 0
1615150315656159 126273847801536 pump_beg 1 0
1615150333747555 126273847801536 pump_end 1 2
1615150335762771 126273847801536 coll_beg 0 0
1615150344001629 126273847801536 coll_end 0 0
1615150346042304 126273847801536 emit_beg 1050 0
1615150351716826 126273847801536 emit_end 1050 0
1615150351723105 126273847801536 drain_beg 0 0
1615150351723815 126273847801536 drain_end 1 0
1615150351724715 126273847801536 subm_beg 1 0
1615150354885529 126273847801536 subm_end 1 0
1615150354886159 126273847801536 pump_beg 1 0
1615150371203190 126273847801536 pump_end 1 2
1615150372932287 126273847801536 coll_beg 0 0
1615150381067668 126273847801536 coll_end 0 0
1615150382928550 126273847801536 emit_beg 1051 0
1615150390572049 126273847801536 emit_end 1051 0
1615150390575909 126273847801536 drain_beg 0 0
1615150390576569 126273847801536 drain_end 1 0
1615150390577249 126273847801536 subm_beg 1 0
1615150392444980 126273847801536 subm_end 1 0
1615150392445330 126273847801536 pump_beg 1 0
1615150409646139 126273847801536 pump_end 1 2
1615150411692794 126273847801536 coll_beg 0 0
1615150418453496 126273847801536 coll_end 0 0
1615150420410624 126273847801536 emit_beg 1052 0
1615150426269109 126273847801536 emit_end 1052 0
1615150426274099 126273847801536 drain_beg 0 0
1615150426274589 126273847801536 drain_end 1 0
1615150426275319 126273847801536 subm_beg 1 0
1615150429651355 126273847801536 subm_end 1 0
1615150429652235 126273847801536 pump_beg 1 0
1615150445132906 126273847801536 pump_end 1 2
1615150446979269 126273847801536 coll_beg 0 0
1615150453250558 126273847801536 coll_end 0 0
1615150455121420 126273847801536 emit_beg 1053 0
1615150460872669 126273847801536 emit_end 1053 0
1615150460876088 126273847801536 drain_beg 0 0
1615150460876498 126273847801536 drain_end 1 0
1615150460877018 126273847801536 subm_beg 1 0
1615150464279904 126273847801536 subm_end 1 0
1615150464280483 126273847801536 pump_beg 1 0
1615150480726820 126273847801536 pump_end 1 2
1615150484021019 126273847801536 coll_beg 0 0
1615150493083596 126273847801536 coll_end 0 0
1615150495141521 126273847801536 emit_beg 1054 0
1615150500983126 126273847801536 emit_end 1054 0
1615150500987986 126273847801536 drain_beg 0 0
1615150500988786 126273847801536 drain_end 1 0
1615150500989696 126273847801536 subm_beg 1 0
1615150504385241 126273847801536 subm_end 1 0
1615150504385611 126273847801536 pump_beg 1 0
1615150520970242 126273847801536 pump_end 1 2
1615150524232943 126273847801536 coll_beg 0 0
1615150531027543 126273847801536 coll_end 0 0
1615150533037479 126273847801536 emit_beg 1055 0
1615150538792898 126273847801536 emit_end 1055 0
1615150538808608 126273847801536 drain_beg 0 0
1615150538809177 126273847801536 drain_end 1 0
1615150538810037 126273847801536 subm_beg 1 0
1615150542225072 126273847801536 subm_end 1 0
1615150542225412 126273847801536 pump_beg 1 0
1615150559260377 126273847801536 pump_end 1 2
1615150562062094 126273847801536 coll_beg 0 0
1615150570225384 126273847801536 coll_end 0 0
1615150572196702 126273847801536 emit_beg 1056 0
1615150578342656 126273847801536 emit_end 1056 0
1615150578358596 126273847801536 drain_beg 0 0
1615150578360306 126273847801536 drain_end 1 0
1615150578362046 126273847801536 subm_beg 1 0
1615150581430023 126273847801536 subm_end 1 0
1615150581430823 126273847801536 pump_beg 1 0
1615150597900788 126273847801536 pump_end 1 2
1615150601267275 126273847801536 coll_beg 0 0
1615150609654907 126273847801536 coll_end 0 0
1615150611685922 126273847801536 emit_beg 1057 0
1615150617811247 126273847801536 emit_end 1057 0
1615150617818727 126273847801536 drain_beg 0 0
1615150617819587 126273847801536 drain_end 1 0
1615150617820527 126273847801536 subm_beg 1 0
1615150620959952 126273847801536 subm_end 1 0
1615150620961262 126273847801536 pump_beg 1 0
1615150638650952 126273847801536 pump_end 1 2
1615150640649489 126273847801536 coll_beg 0 0
1615150650299585 126273847801536 coll_end 0 0
1615150652238474 126273847801536 emit_beg 1058 0
1615150657976853 126273847801536 emit_end 1058 0
1615150657981973 126273847801536 drain_beg 0 0
1615150657982833 126273847801536 drain_end 1 0
1615150657983773 126273847801536 subm_beg 1 0
1615150661265952 126273847801536 subm_end 1 0
1615150661266962 126273847801536 pump_beg 1 0
1615150679576830 126273847801536 pump_end 1 2
1615150681572077 126273847801536 coll_beg 0 0
1615150690551027 126273847801536 coll_end 0 0
1615150696780459 126273847801536 emit_beg 1059 0
1615150720634283 126273847801536 emit_end 1059 0
1615150720642723 126273847801536 drain_beg 0 0
1615150720643963 126273847801536 drain_end 1 0
1615150720645122 126273847801536 subm_beg 1 0
1615150731954517 126273847801536 subm_end 1 0
1615150731955037 126273847801536 pump_beg 1 0
1615150749993645 126273847801536 pump_end 1 2
1615150761528672 126273847801536 coll_beg 0 0
1615150771479716 126273847801536 coll_end 0 0
1615150775752730 126273847801536 emit_beg 1060 0
1615150786549583 126273847801536 emit_end 1060 0
1615150786553043 126273847801536 drain_beg 0 0
1615150786553743 126273847801536 drain_end 1 0
1615150786554093 126273847801536 subm_beg 1 0
1615150790788398 126273847801536 subm_end 1 0
1615150790788728 126273847801536 pump_beg 1 0
1615150807966677 126273847801536 pump_end 1 2
1615150813160596 126273847801536 coll_beg 0 0
1615150821946574 126273847801536 coll_end 0 0
1615150826404390 126273847801536 emit_beg 1061 0
1615150838336002 126273847801536 emit_end 1061 0
1615150838340552 126273847801536 drain_beg 0 0
1615150838341332 126273847801536 drain_end 1 0
1615150838341772 126273847801536 subm_beg 1 0
1615150843344938 126273847801536 subm_end 1 0
1615150843345578 126273847801536 pump_beg 1 0
1615150858914767 126273847801536 pump_end 1 2
1615150863714761 126273847801536 coll_beg 0 0
1615150871005213 126273847801536 coll_end 0 0
1615150878576695 126273847801536 emit_beg 1062 0
1615150891886106 126273847801536 emit_end 1062 0
1615150891888726 126273847801536 drain_beg 0 0
1615150891889056 126273847801536 drain_end 1 0
1615150891889286 126273847801536 subm_beg 1 0
1615150897827588 126273847801536 subm_end 1 0
1615150897827918 126273847801536 pump_beg 1 0
1615150912943463 126273847801536 pump_end 1 2
1615150917630881 126273847801536 coll_beg 0 0
1615150924412923 126273847801536 coll_end 0 0
1615150930109693 126273847801536 emit_beg 1063 0
1615150941833653 126273847801536 emit_end 1063 0
1615150941836403 126273847801536 drain_beg 0 0
1615150941836743 126273847801536 drain_end 1 0
1615150941837143 126273847801536 subm_beg 1 0
1615150947699348 126273847801536 subm_end 1 0
1615150947699618 126273847801536 pump_beg 1 0
1615150963325164 126273847801536 pump_end 1 2
1615150968525933 126273847801536 coll_beg 0 0
1615150977165946 126273847801536 coll_end 0 0
1615150980613349 126273847801536 emit_beg 1064 0
1615150991335936 126273847801536 emit_end 1064 0
1615150991339176 126273847801536 drain_beg 0 0
1615150991339526 126273847801536 drain_end 1 0
1615150991339906 126273847801536 subm_beg 1 0
1615150996589433 126273847801536 subm_end 1 0
1615150996589763 126273847801536 pump_beg 1 0
1615151013272571 126273847801536 pump_end 1 2
1615151016537561 126273847801536 coll_beg 0 0
1615151024567596 126273847801536 coll_end 0 0
1615151027550656 126273847801536 emit_beg 1065 0
1615151038841772 126273847801536 emit_end 1065 0
1615151038845212 126273847801536 drain_beg 0 0
1615151038845822 126273847801536 drain_end 1 0
1615151038846502 126273847801536 subm_beg 1 0
1615151044579921 126273847801536 subm_end 1 0
1615151044580361 126273847801536 pump_beg 1 0
1615151060482617 126273847801536 pump_end 1 2
1615151063610113 126273847801536 coll_beg 0 0
1615151070157372 126273847801536 coll_end 0 0
1615151076111694 126273847801536 emit_beg 1066 0
1615151090288883 126273847801536 emit_end 1066 0
1615151090292773 126273847801536 drain_beg 0 0
1615151090293193 126273847801536 drain_end 1 0
1615151090293993 126273847801536 subm_beg 1 0
1615151096563283 126273847801536 subm_end 1 0
1615151096563683 126273847801536 pump_beg 1 0
1615151113714213 126273847801536 pump_end 1 2
1615151116944615 126273847801536 coll_beg 0 0
1615151126628159 126273847801536 coll_end 0 0
1615151130126281 126273847801536 emit_beg 1067 0
1615151143166162 126273847801536 emit_end 1067 0
1615151143169672 126273847801536 drain_beg 0 0
1615151143170022 126273847801536 drain_end 1 0
1615151143170462 126273847801536 subm_beg 1 0
1615151149316727 126273847801536 subm_end 1 0
1615151149317217 126273847801536 pump_beg 1 0
1615151168189504 126273847801536 pump_end 1 2
1615151171939286 126273847801536 coll_beg 0 0
1615151182264547 126273847801536 coll_end 0 0
1615151185280696 126273847801536 emit_beg 1068 0
1615151198564669 126273847801536 emit_end 1068 0
1615151198574968 126273847801536 drain_beg 0 0
1615151198576448 126273847801536 drain_end 1 0
1615151198577628 126273847801536 subm_beg 1 0
1615151202700227 126273847801536 subm_end 1 0
1615151202703197 126273847801536 pump_beg 1 0
1615151219467411 126273847801536 pump_end 1 2
1615151221821965 126273847801536 coll_beg 0 0
1615151229622849 126273847801536 coll_end 0 0
1615151235168075 126273847801536 emit_beg 1069 0
1615151248047512 126273847801536 emit_end 1069 0
1615151248050882 126273847801536 drain_beg 0 0
1615151248051282 126273847801536 drain_end 1 0
1615151248051602 126273847801536 subm_beg 1 0
1615151254272054 126273847801536 subm_end 1 0
1615151254272594 126273847801536 pump_beg 1 0
1615151270948922 126273847801536 pump_end 1 2
1615151274274859 126273847801536 coll_beg 0 0
1615151281534663 126273847801536 coll_end 0 0
1615151287072580 126273847801536 emit_beg 1070 0
1615151299795803 126273847801536 emit_end 1070 0
1615151299799122 126273847801536 drain_beg 0 0
1615151299799682 126273847801536 drain_end 1 0
1615151299800402 126273847801536 subm_beg 1 0
1615151305475014 126273847801536 subm_end 1 0
1615151305475544 126273847801536 pump_beg 1 0
1615151321856943 126273847801536 pump_end 1 2
1615151324902591 126273847801536 coll_beg 0 0
1615151332515731 126273847801536 coll_end 0 0
1615151336537784 126273847801536 emit_beg 1071 0
1615151345355230 126273847801536 emit_end 1071 0
1615151345358600 126273847801536 drain_beg 0 0
1615151345359070 126273847801536 drain_end 1 0
1615151345359490 126273847801536 subm_beg 1 0
1615151349813537 126273847801536 subm_end 1 0
1615151349814116 126273847801536 pump_beg 1 0
1615151365579358 126273847801536 pump_end 1 2
1615151369850011 126273847801536 coll_beg 0 0
1615151377325927 126273847801536 coll_end 0 0
1615151380302667 126273847801536 emit_beg 1072 0
1615151386203811 126273847801536 emit_end 1072 0
1615151386207601 126273847801536 drain_beg 0 0
1615151386208191 126273847801536 drain_end 1 0
1615151386208911 126273847801536 subm_beg 1 0
1615151392399303 126273847801536 subm_end 1 0
1615151392400093 126273847801536 pump_beg 1 0
1615151408737294 126273847801536 pump_end 1 2
1615151412585452 126273847801536 coll_beg 0 0
1615151420264540 126273847801536 coll_end 0 0
1615151423971824 126273847801536 emit_beg 1073 0
1615151432760522 126273847801536 emit_end 1073 0
1615151432763451 126273847801536 drain_beg 0 0
1615151432763691 126273847801536 drain_end 1 0
1615151432763921 126273847801536 subm_beg 1 0
1615151436846972 126273847801536 subm_end 1 0
1615151436847392 126273847801536 pump_beg 1 0
1615151453626806 126273847801536 pump_end 1 2
1615151457403597 126273847801536 coll_beg 0 0
1615151465835317 126273847801536 coll_end 0 0
1615151467893162 126273847801536 emit_beg 1074 0
1615151477032416 126273847801536 emit_end 1074 0
1615151477035086 126273847801536 drain_beg 0 0
1615151477035356 126273847801536 drain_end 1 0
1615151477035636 126273847801536 subm_beg 1 0
1615151483303666 126273847801536 subm_end 1 0
1615151483303956 126273847801536 pump_beg 1 0
1615151499982234 126273847801536 pump_end 1 2
1615151504024705 126273847801536 coll_beg 0 0
1615151512472075 126273847801536 coll_end 0 0
1615151515816783 126273847801536 emit_beg 1075 0
1615151521402848 126273847801536 emit_end 1075 0
1615151521407997 126273847801536 drain_beg 0 0
1615151521408887 126273847801536 drain_end 1 0
1615151521409607 126273847801536 subm_beg 1 0
1615151525570595 126273847801536 subm_end 1 0
1615151525570875 126273847801536 pump_beg 1 0
1615151541388534 126273847801536 pump_end 1 2
1615151544494900 126273847801536 coll_beg 0 0
1615151554159735 126273847801536 coll_end 0 0
1615151557185924 126273847801536 emit_beg 1076 0
1615151569108236 126273847801536 emit_end 1076 0
1615151569115006 126273847801536 drain_beg 0 0
1615151569115796 126273847801536 drain_end 1 0
1615151569116736 126273847801536 subm_beg 1 0
1615151572744343 126273847801536 subm_end 1 0
1615151572744553 126273847801536 pump_beg 1 0
1615151589710530 126273847801536 pump_end 1 2
1615151593346907 126273847801536 coll_beg 0 0
1615151604366542 126273847801536 coll_end 0 0
1615151607044744 126273847801536 emit_beg 1077 0
1615151613492487 126273847801536 emit_end 1077 0
1615151613507977 126273847801536 drain_beg 0 0
1615151613509467 126273847801536 drain_end 1 0
1615151613511226 126273847801536 subm_beg 1 0
1615151616740408 126273847801536 subm_end 1 0
1615151616742098 126273847801536 pump_beg 1 0
1615151633432935 126273847801536 pump_end 1 2
1615151636030420 126273847801536 coll_beg 0 0
1615151645549460 126273847801536 coll_end 0 0
1615151648158355 126273847801536 emit_beg 1078 0
1615151654513291 126273847801536 emit_end 1078 0
1615151654518541 126273847801536 drain_beg 0 0
1615151654519171 126273847801536 drain_end 1 0
1615151654520101 126273847801536 subm_beg 1 0
1615151657717804 126273847801536 subm_end 1 0
1615151657718524 126273847801536 pump_beg 1 0
1615151674004916 126273847801536 pump_end 1 2
1615151675869817 126273847801536 coll_beg 0 0
1615151683255976 126273847801536 coll_end 0 0
1615151685159716 126273847801536 emit_beg 1079 0
1615151690860787 126273847801536 emit_end 1079 0
1615151690864987 126273847801536 drain_beg 0 0
1615151690865417 126273847801536 drain_end 1 0
1615151690865877 126273847801536 subm_beg 1 0
1615151694324690 126273847801536 subm_end 1 0
1615151694325870 126273847801536 pump_beg 1 0
1615151710713328 126273847801536 pump_end 1 2
1615151714228049 126273847801536 coll_beg 0 0
1615151721353918 126273847801536 coll_end 0 0
1615151723280187 126273847801536 emit_beg 1080 0
1615151730865529 126273847801536 emit_end 1080 0
1615151730869348 126273847801536 drain_beg 0 0
1615151730869898 126273847801536 drain_end 1 0
1615151730870488 126273847801536 subm_beg 1 0
1615151732689662 126273847801536 subm_end 1 0
1615151732690002 126273847801536 pump_beg 1 0
1615151750066674 126273847801536 pump_end 1 2
1615151752209475 126273847801536 coll_beg 0 0
1615151760227991 126273847801536 coll_end 0 0
1615151762231997 126273847801536 emit_beg 1081 0
1615151768892773 126273847801536 emit_end 1081 0
1615151768897562 126273847801536 drain_beg 0 0
1615151768898232 126273847801536 drain_end 1 0
1615151768898892 126273847801536 subm_beg 1 0
1615151772293778 126273847801536 subm_end 1 0
1615151772294198 126273847801536 pump_beg 1 0
1615151790039866 126273847801536 pump_end 1 2
1615151791888978 126273847801536 coll_beg 0 0
1615151800172154 126273847801536 coll_end 0 0
1615151802099893 126273847801536 emit_beg 1082 0
1615151807962718 126273847801536 emit_end 1082 0
1615151807966718 126273847801536 drain_beg 0 0
1615151807967258 126273847801536 drain_end 1 0
1615151807967538 126273847801536 subm_beg 1 0
1615151811320655 126273847801536 subm_end 1 0
1615151811321255 126273847801536 pump_beg 1 0
1615151827773551 126273847801536 pump_end 1 2
1615151830027838 126273847801536 coll_beg 0 0
1615151839239790 126273847801536 coll_end 0 0
1615151841152960 126273847801536 emit_beg 1083 0
1615151844992059 126273847801536 emit_end 1083 0
1615151844995689 126273847801536 drain_beg 0 0
1615151844996179 126273847801536 drain_end 1 0
1615151844997029 126273847801536 subm_beg 1 0
1615151848622916 126273847801536 subm_end 1 0
1615151848623316 126273847801536 pump_beg 1 0
1615151865308853 126273847801536 pump_end 1 2
1615151867599639 126273847801536 coll_beg 0 0
1615151875950203 126273847801536 coll_end 0 0
1615151879573460 126273847801536 emit_beg 1084 0
1615151885223292 126273847801536 emit_end 1084 0
1615151885226862 126273847801536 drain_beg 0 0
1615151885227172 126273847801536 drain_end 1 0
1615151885227602 126273847801536 subm_beg 1 0
1615151888750203 126273847801536 subm_end 1 0
1615151888751373 126273847801536 pump_beg 1 0
1615151905444490 126273847801536 pump_end 1 2
1615151908142951 126273847801536 coll_beg 0 0
1615151916198625 126273847801536 coll_end 0 0
1615151918119605 126273847801536 emit_beg 1085 0
1615151922091749 126273847801536 emit_end 1085 0
1615151922095609 126273847801536 drain_beg 0 0
1615151922096419 126273847801536 drain_end 1 0
1615151922096959 126273847801536 subm_beg 1 0
1615151925489584 126273847801536 subm_end 1 0
1615151925490004 126273847801536 pump_beg 1 0
1615151941481777 126273847801536 pump_end 1 2
1615151943969536 126273847801536 coll_beg 0 0
1615151952120646 126273847801536 coll_end 0 0
1615151954060535 126273847801536 emit_beg 1086 0
1615151961710544 126273847801536 emit_end 1086 0
1615151961713874 126273847801536 drain_beg 0 0
1615151961714534 126273847801536 drain_end 1 0
1615151961714894 126273847801536 subm_beg 1 0
1615151965198746 126273847801536 subm_end 1 0
1615151965199006 126273847801536 pump_beg 1 0
1615151982123335 126273847801536 pump_end 1 2
1615151984640833 126273847801536 coll_beg 0 0
1615151992211775 126273847801536 coll_end 0 0
1615151994058677 126273847801536 emit_beg 1087 0
1615152000201161 126273847801536 emit_end 1087 0
1615152000204281 126273847801536 drain_beg 0 0
1615152000204531 126273847801536 drain_end 1 0
1615152000204811 126273847801536 subm_beg 1 0
1615152003737532 126273847801536 subm_end 1 0
1615152003737822 126273847801536 pump_beg 1 0
1615152020526145 126273847801536 pump_end 1 2
1615152022967756 126273847801536 coll_beg 0 0
1615152033083994 126273847801536 coll_end 0 0
1615152034938736 126273847801536 emit_beg 1088 0
1615152038626381 126273847801536 emit_end 1088 0
1615152038630021 126273847801536 drain_beg 0 0
1615152038630501 126273847801536 drain_end 1 0
1615152038631131 126273847801536 subm_beg 1 0
1615152042076074 126273847801536 subm_end 1 0
1615152042076424 126273847801536 pump_beg 1 0
1615152058556859 126273847801536 pump_end 1 2
1615152060979300 126273847801536 coll_beg 0 0
1615152068423157 126273847801536 coll_end 0 0
1615152070338747 126273847801536 emit_beg 1089 0
1615152075672431 126273847801536 emit_end 1089 0
1615152075676581 126273847801536 drain_beg 0 0
1615152075677031 126273847801536 drain_end 1 0
1615152075677771 126273847801536 subm_beg 1 0
1615152078913422 126273847801536 subm_end 1 0
1615152078913732 126273847801536 pump_beg 1 0
1615152095560561 126273847801536 pump_end 1 2
1615152097911915 126273847801536 coll_beg 0 0
1615152106210100 126273847801536 coll_end 0 0
1615152108023963 126273847801536 emit_beg 1090 0
1615152113455484 126273847801536 emit_end 1090 0
1615152113465684 126273847801536 drain_beg 0 0
1615152113466044 126273847801536 drain_end 1 0
1615152113466384 126273847801536 subm_beg 1 0
1615152116744233 126273847801536 subm_end 1 0
1615152116744623 126273847801536 pump_beg 1 0
1615152134316968 126273847801536 pump_end 1 2
1615152136125692 126273847801536 coll_beg 0 0
1615152144075570 126273847801536 coll_end 0 0
1615152145816766 126273847801536 emit_beg 1091 0
1615152151177629 126273847801536 emit_end 1091 0
1615152151180289 126273847801536 drain_beg 0 0
1615152151180739 126273847801536 drain_end 1 0
1615152151180969 126273847801536 subm_beg 1 0
1615152154455049 126273847801536 subm_end 1 0
1615152154455319 126273847801536 pump_beg 1 0
1615152171873160 126273847801536 pump_end 1 2
1615152173656054 126273847801536 coll_beg 0 0
1615152181874682 126273847801536 coll_end 0 0
1615152183688746 126273847801536 emit_beg 1092 0
1615152187285454 126273847801536 emit_end 1092 0
1615152187287904 126273847801536 drain_beg 0 0
1615152187288324 126273847801536 drain_end 1 0
1615152187288724 126273847801536 subm_beg 1 0
1615152190611542 126273847801536 subm_end 1 0
1615152190611952 126273847801536 pump_beg 1 0
1615152207622947 126273847801536 pump_end 1 2
1615152209572666 126273847801536 coll_beg 0 0
1615152218694521 126273847801536 coll_end 0 0
1615152220718166 126273847801536 emit_beg 1093 0
1615152227819226 126273847801536 emit_end 1093 0
1615152227823046 126273847801536 drain_beg 0 0
1615152227823426 126273847801536 drain_end 1 0
1615152227824246 126273847801536 subm_beg 1 0
1615152231173963 126273847801536 subm_end 1 0
1615152231176073 126273847801536 pump_beg 1 0
1615152248296644 126273847801536 pump_end 1 2
1615152250332809 126273847801536 coll_beg 0 0
1615152259934007 126273847801536 coll_end 0 0
1615152261865686 126273847801536 emit_beg 1094 0
1615152269009734 126273847801536 emit_end 1094 0
1615152269015383 126273847801536 drain_beg 0 0
1615152269015883 126273847801536 drain_end 1 0
1615152269016283 126273847801536 subm_beg 1 0
1615152270768249 126273847801536 subm_end 1 0
1615152270768599 126273847801536 pump_beg 1 0
1615152287663209 126273847801536 pump_end 1 2
1615152289478522 126273847801536 coll_beg 0 0
1615152298320518 126273847801536 coll_end 0 0
1615152300137731 126273847801536 emit_beg 1095 0
1615152305532603 126273847801536 emit_end 1095 0
1615152305536433 126273847801536 drain_beg 0 0
1615152305536783 126273847801536 drain_end 1 0
1615152305537233 126273847801536 subm_beg 1 0
1615152308847001 126273847801536 subm_end 1 0
1615152308847331 126273847801536 pump_beg 1 0
1615152324866503 126273847801536 pump_end 1 2
1615152326633438 126273847801536 coll_beg 0 0
1615152333814195 126273847801536 coll_end 0 0
1615152335573950 126273847801536 emit_beg 1096 0
1615152340890625 126273847801536 emit_end 1096 0
1615152340893715 126273847801536 drain_beg 0 0
1615152340894035 126273847801536 drain_end 1 0
1615152340894475 126273847801536 subm_beg 1 0
1615152344207473 126273847801536 subm_end 1 0
1615152344207933 126273847801536 pump_beg 1 0
1615152360033282 126273847801536 pump_end 1 2
1615152361839936 126273847801536 coll_beg 0 0
1615152368441964 126273847801536 coll_end 0 0
1615152370300265 126273847801536 emit_beg 1097 0
1615152375834752 126273847801536 emit_end 1097 0
1615152375839052 126273847801536 drain_beg 0 0
1615152375839622 126273847801536 drain_end 1 0
1615152375840292 126273847801536 subm_beg 1 0
1615152378957828 126273847801536 subm_end 1 0
1615152378958048 126273847801536 pump_beg 1 0
1615152395279159 126273847801536 pump_end 1 2
1615152397187999 126273847801536 coll_beg 0 0
1615152405283641 126273847801536 coll_end 0 0
1615152407089245 126273847801536 emit_beg 1098 0
1615152410688903 126273847801536 emit_end 1098 0
1615152410692303 126273847801536 drain_beg 0 0
1615152410692743 126273847801536 drain_end 1 0
1615152410693423 126273847801536 subm_beg 1 0
1615152414081018 126273847801536 subm_end 1 0
1615152414081458 126273847801536 pump_beg 1 0
1615152430527555 126273847801536 pump_end 1 2
1615152432818301 126273847801536 coll_beg 0 0
1615152440575926 126273847801536 coll_end 0 0
1615152442430548 126273847801536 emit_beg 1099 0
1615152448059641 126273847801536 emit_end 1099 0
1615152448064121 126273847801536 drain_beg 0 0
1615152448064651 126273847801536 drain_end 1 0
1615152448065311 126273847801536 subm_beg 1 0
1615152451116619 126273847801536 subm_end 1 0
1615152451116999 126273847801536 pump_beg 1 0
1615152467662351 126273847801536 pump_end 1 2
1615152470435040 126273847801536 coll_beg 0 0
1615152481588900 126273847801536 coll_end 0 0
1615152483773870 126273847801536 emit_beg 1100 0
1615152489750901 126273847801536 emit_end 1100 0
1615152489755900 126273847801536 drain_beg 0 0
1615152489756560 126273847801536 drain_end 1 0
1615152489757350 126273847801536 subm_beg 1 0
1615152493061209 126273847801536 subm_end 1 0
1615152493061889 126273847801536 pump_beg 1 0
1615152510108293 126273847801536 pump_end 1 2
1615152513027356 126273847801536 coll_beg 0 0
1615152521120809 126273847801536 coll_end 0 0
1615152523219402 126273847801536 emit_beg 1101 0
1615152529035808 126273847801536 emit_end 1101 0
1615152529041008 126273847801536 drain_beg 0 0
1615152529041568 126273847801536 drain_end 1 0
1615152529042278 126273847801536 subm_beg 1 0
1615152532539170 126273847801536 subm_end 1 0
1615152532539560 126273847801536 pump_beg 1 0
1615152549723689 126273847801536 pump_end 1 2
1615152552300535 126273847801536 coll_beg 0 0
1615152560460535 126273847801536 coll_end 0 0
1615152562378325 126273847801536 emit_beg 1102 0
1615152567951520 126273847801536 emit_end 1102 0
1615152567954530 126273847801536 drain_beg 0 0
1615152567954960 126273847801536 drain_end 1 0
1615152567955280 126273847801536 subm_beg 1 0
1615152571513989 126273847801536 subm_end 1 0
1615152571514349 126273847801536 pump_beg 1 0
1615152589720751 126273847801536 pump_end 1 2
1615152591966488 126273847801536 coll_beg 0 0
1615152601561466 126273847801536 coll_end 0 0
1615152603552543 126273847801536 emit_beg 1103 0
1615152607435770 126273847801536 emit_end 1103 0
1615152607438720 126273847801536 drain_beg 0 0
1615152607439110 126273847801536 drain_end 1 0
1615152607439810 126273847801536 subm_beg 1 0
1615152610990290 126273847801536 subm_end 1 0
1615152610990590 126273847801536 pump_beg 1 0
1615152629534319 126273847801536 pump_end 1 2
1615152632421463 126273847801536 coll_beg 0 0
1615152642568401 126273847801536 coll_end 0 0
1615152644715002 126273847801536 emit_beg 1104 0
1615152650717652 126273847801536 emit_end 1104 0
1615152650723631 126273847801536 drain_beg 0 0
1615152650724361 126273847801536 drain_end 1 0
1615152650725231 126273847801536 subm_beg 1 0
1615152654034030 126273847801536 subm_end 1 0
1615152654034510 126273847801536 pump_beg 1 0
1615152671806067 126273847801536 pump_end 1 2
1615152674528038 126273847801536 coll_beg 0 0
1615152683391302 126273847801536 coll_end 0 0
1615152685234485 126273847801536 emit_beg 1105 0
1615152691125948 126273847801536 emit_end 1105 0
1615152691130778 126273847801536 drain_beg 0 0
1615152691131438 126273847801536 drain_end 1 0
1615152691131938 126273847801536 subm_beg 1 0
1615152694433537 126273847801536 subm_end 1 0
1615152694433957 126273847801536 pump_beg 1 0
1615152710606393 126273847801536 pump_end 1 2
1615152712854901 126273847801536 coll_beg 0 0
1615152722214157 126273847801536 coll_end 0 0
1615152724186285 126273847801536 emit_beg 1106 0
1615152729821368 126273847801536 emit_end 1106 0
1615152729825048 126273847801536 drain_beg 0 0
1615152729825418 126273847801536 drain_end 1 0
1615152729825858 126273847801536 subm_beg 1 0
1615152733344889 126273847801536 subm_end 1 0
1615152733346109 126273847801536 pump_beg 1 0
1615152749205906 126273847801536 pump_end 1 2
1615152751094777 126273847801536 coll_beg 0 0
1615152759290356 126273847801536 coll_end 0 0
1615152761281973 126273847801536 emit_beg 1107 0
1615152766953785 126273847801536 emit_end 1107 0
1615152766959885 126273847801536 drain_beg 0 0
1615152766960614 126273847801536 drain_end 1 0
1615152766961364 126273847801536 subm_beg 1 0
1615152770404528 126273847801536 subm_end 1 0
1615152770405108 126273847801536 pump_beg 1 0
1615152786014835 126273847801536 pump_end 1 2
1615152787904626 126273847801536 coll_beg 0 0
1615152795133690 126273847801536 coll_end 0 0
1615152797025861 126273847801536 emit_beg 1108 0
1615152803136557 126273847801536 emit_end 1108 0
1615152803139996 126273847801536 drain_beg 0 0
1615152803140346 126273847801536 drain_end 1 0
1615152803140736 126273847801536 subm_beg 1 0
1615152806780143 126273847801536 subm_end 1 0
1615152806783573 126273847801536 pump_beg 1 0
1615152823259948 126273847801536 pump_end 1 2
1615152828061822 126273847801536 coll_beg 0 0
1615152839680525 126273847801536 coll_end 0 0
1615152841732080 126273847801536 emit_beg 1109 0
1615152847436780 126273847801536 emit_end 1109 0
1615152847440110 126273847801536 drain_beg 0 0
1615152847440500 126273847801536 drain_end 1 0
1615152847440940 126273847801536 subm_beg 1 0
1615152850967181 126273847801536 subm_end 1 0
1615152850967881 126273847801536 pump_beg 1 0
1615152867821872 126273847801536 pump_end 1 2
1615152871251286 126273847801536 coll_beg 0 0
1615152880273325 126273847801536 coll_end 0 0
1615152882242033 126273847801536 emit_beg 1110 0
1615152887860386 126273847801536 emit_end 1110 0
1615152887863656 126273847801536 drain_beg 0 0
1615152887864226 126273847801536 drain_end 1 0
1615152887864936 126273847801536 subm_beg 1 0
1615152891494003 126273847801536 subm_end 1 0
1615152891494413 126273847801536 pump_beg 1 0
1615152907878452 126273847801536 pump_end 1 2
1615152910839213 126273847801536 coll_beg 0 0
1615152919469466 126273847801536 coll_end 0 0
1615152921528351 126273847801536 emit_beg 1111 0
1615152927315518 126273847801536 emit_end 1111 0
1615152927319648 126273847801536 drain_beg 0 0
1615152927320268 126273847801536 drain_end 1 0
1615152927320978 126273847801536 subm_beg 1 0
1615152930847548 126273847801536 subm_end 1 0
1615152930848168 126273847801536 pump_beg 1 0
1615152947176729 126273847801536 pump_end 1 2
1615152949826832 126273847801536 coll_beg 0 0
1615152956886613 126273847801536 coll_end 0 0
1615152958677467 126273847801536 emit_beg 1112 0
1615152964099988 126273847801536 emit_end 1112 0
1615152964103928 126273847801536 drain_beg 0 0
1615152964104378 126273847801536 drain_end 1 0
1615152964105388 126273847801536 subm_beg 1 0
1615152967271571 126273847801536 subm_end 1 0
1615152967271971 126273847801536 pump_beg 1 0
1615152983175828 126273847801536 pump_end 1 2
1615152985960535 126273847801536 coll_beg 0 0
1615152994719444 126273847801536 coll_end 0 0
1615152996490809 126273847801536 emit_beg 1113 0
1615153001818543 126273847801536 emit_end 1113 0
1615153001822093 126273847801536 drain_beg 0 0
1615153001822483 126273847801536 drain_end 1 0
1615153001823033 126273847801536 subm_beg 1 0
1615153005089363 126273847801536 subm_end 1 0
1615153005090363 126273847801536 pump_beg 1 0
1615153021946984 126273847801536 pump_end 1 2
1615153023678881 126273847801536 coll_beg 0 0
1615153032194008 126273847801536 coll_end 0 0
1615153033993182 126273847801536 emit_beg 1114 0
1615153037722535 126273847801536 emit_end 1114 0
1615153037726965 126273847801536 drain_beg 0 0
1615153037727835 126273847801536 drain_end 1 0
1615153037728525 126273847801536 subm_beg 1 0
1615153041068142 126273847801536 subm_end 1 0
1615153041068622 126273847801536 pump_beg 1 0
1615153058939016 126273847801536 pump_end 1 2
1615153061305429 126273847801536 coll_beg 0 0
1615153074759206 126273847801536 coll_end 0 0
1615153076629627 126273847801536 emit_beg 1115 0
1615153082307259 126273847801536 emit_end 1115 0
1615153082312488 126273847801536 drain_beg 0 0
1615153082313118 126273847801536 drain_end 1 0
1615153082313938 126273847801536 subm_beg 1 0
1615153085304008 126273847801536 subm_end 1 0
1615153085304308 126273847801536 pump_beg 1 0
1615153103358296 126273847801536 pump_end 1 2
1615153105807396 126273847801536 coll_beg 0 0
1615153118690753 126273847801536 coll_end 0 0
1615153121485400 126273847801536 emit_beg 1116 0
1615153127604016 126273847801536 emit_end 1116 0
1615153127608516 126273847801536 drain_beg 0 0
1615153127609025 126273847801536 drain_end 1 0
1615153127609775 126273847801536 subm_beg 1 0
1615153130882465 126273847801536 subm_end 1 0
1615153130882925 126273847801536 pump_beg 1 0
1615153147301703 126273847801536 pump_end 1 2
1615153149847919 126273847801536 coll_beg 0 0
1615153156970808 126273847801536 coll_end 0 0
1615153158747922 126273847801536 emit_beg 1117 0
1615153164321808 126273847801536 emit_end 1117 0
1615153164326578 126273847801536 drain_beg 0 0
1615153164327318 126273847801536 drain_end 1 0
1615153164327738 126273847801536 subm_beg 1 0
1615153167422854 126273847801536 subm_end 1 0
1615153167423364 126273847801536 pump_beg 1 0
1615153184087792 126273847801536 pump_end 1 2
1615153186622439 126273847801536 coll_beg 0 0
1615153194176992 126273847801536 coll_end 0 0
1615153196002105 126273847801536 emit_beg 1118 0
1615153201457535 126273847801536 emit_end 1118 0
1615153201461115 126273847801536 drain_beg 0 0
1615153201461585 126273847801536 drain_end 1 0
1615153201462444 126273847801536 subm_beg 1 0
1615153204765043 126273847801536 subm_end 1 0
1615153204765513 126273847801536 pump_beg 1 0
1615153221933023 126273847801536 pump_end 1 2
1615153224140302 126273847801536 coll_beg 0 0
1615153231806530 126273847801536 coll_end 0 0
1615153233761499 126273847801536 emit_beg 1119 0
1615153239102283 126273847801536 emit_end 1119 0
1615153239106053 126273847801536 drain_beg 0 0
1615153239106473 126273847801536 drain_end 1 0
1615153239107053 126273847801536 subm_beg 1 0
1615153242397322 126273847801536 subm_end 1 0
1615153242397802 126273847801536 pump_beg 1 0
1615153259272062 126273847801536 pump_end 1 2
1615153262244793 126273847801536 coll_beg 0 0
1615153270073526 126273847801536 coll_end 0 0
1615153272004625 126273847801536 emit_beg 1120 0
1615153277476714 126273847801536 emit_end 1120 0
1615153277480484 126273847801536 drain_beg 0 0
1615153277480954 126273847801536 drain_end 1 0
1615153277481934 126273847801536 subm_beg 1 0
1615153280667057 126273847801536 subm_end 1 0
1615153280667737 126273847801536 pump_beg 1 0
1615153296981418 126273847801536 pump_end 1 2
1615153298728874 126273847801536 coll_beg 0 0
1615153306843086 126273847801536 coll_end 0 0
1615153308787515 126273847801536 emit_beg 1121 0
1615153312457150 126273847801536 emit_end 1121 0
1615153312461380 126273847801536 drain_beg 0 0
1615153312461970 126273847801536 drain_end 1 0
1615153312462790 126273847801536 subm_beg 1 0
1615153315817747 126273847801536 subm_end 1 0
1615153315818107 126273847801536 pump_beg 1 0
1615153331266329 126273847801536 pump_end 1 2
1615153336531426 126273847801536 coll_beg 0 0
1615153343691113 126273847801536 coll_end 0 0
1615153345548135 126273847801536 emit_beg 1122 0
1615153349166082 126273847801536 emit_end 1122 0
1615153349170002 126273847801536 drain_beg 0 0
1615153349170422 126273847801536 drain_end 1 0
1615153349171162 126273847801536 subm_beg 1 0
1615153352518479 126273847801536 subm_end 1 0
1615153352519089 126273847801536 pump_beg 1 0
1615153367891055 126273847801536 pump_end 1 2
1615153370257228 126273847801536 coll_beg 0 0
1615153379574236 126273847801536 coll_end 0 0
1615153381592062 126273847801536 emit_beg 1123 0
1615153385213679 126273847801536 emit_end 1123 0
1615153385217819 126273847801536 drain_beg 0 0
1615153385218449 126273847801536 drain_end 1 0
1615153385218989 126273847801536 subm_beg 1 0
1615153388614904 126273847801536 subm_end 1 0
1615153388617164 126273847801536 pump_beg 1 0
1615153404954944 126273847801536 pump_end 1 2
1615153407653245 126273847801536 coll_beg 0 0
1615153418689870 126273847801536 coll_end 0 0
1615153420667038 126273847801536 emit_beg 1124 0
1615153426401877 126273847801536 emit_end 1124 0
1615153426406357 126273847801536 drain_beg 0 0
1615153426406977 126273847801536 drain_end 1 0
1615153426407517 126273847801536 subm_beg 1 0
1615153429823382 126273847801536 subm_end 1 0
1615153429824121 126273847801536 pump_beg 1 0
1615153446850227 126273847801536 pump_end 1 2
1615153449177441 126273847801536 coll_beg 0 0
1615153456374657 126273847801536 coll_end 0 0
1615153458269617 126273847801536 emit_beg 1125 0
1615153462059728 126273847801536 emit_end 1125 0
1615153462074868 126273847801536 drain_beg 0 0
1615153462075408 126273847801536 drain_end 1 0
1615153462075998 126273847801536 subm_beg 1 0
1615153465676385 126273847801536 subm_end 1 0
1615153465676805 126273847801536 pump_beg 1 0
1615153482884464 126273847801536 pump_end 1 2
1615153486167053 126273847801536 coll_beg 0 0
1615153493899329 126273847801536 coll_end 0 0
1615153495831418 126273847801536 emit_beg 1126 0
1615153501748711 126273847801536 emit_end 1126 0
1615153501752881 126273847801536 drain_beg 0 0
1615153501753401 126273847801536 drain_end 1 0
1615153501754081 126273847801536 subm_beg 1 0
1615153505092599 126273847801536 subm_end 1 0
1615153505093199 126273847801536 pump_beg 1 0
1615153522440142 126273847801536 pump_end 1 2
1615153525622435 126273847801536 coll_beg 0 0
1615153534478230 126273847801536 coll_end 0 0
1615153536595812 126273847801536 emit_beg 1127 0
1615153540528078 126273847801536 emit_end 1127 0
1615153540531598 126273847801536 drain_beg 0 0
1615153540532038 126273847801536 drain_end 1 0
1615153540532678 126273847801536 subm_beg 1 0
1615153544023539 126273847801536 subm_end 1 0
1615153544023849 126273847801536 pump_beg 1 0
1615153560043421 126273847801536 pump_end 1 2
1615153561995470 126273847801536 coll_beg 0 0
1615153569817383 126273847801536 coll_end 0 0
1615153571781490 126273847801536 emit_beg 1128 0
1615153579324734 126273847801536 emit_end 1128 0
1615153579328573 126273847801536 drain_beg 0 0
1615153579328983 126273847801536 drain_end 1 0
1615153579329473 126273847801536 subm_beg 1 0
1615153582786137 126273847801536 subm_end 1 0
1615153582787696 126273847801536 pump_beg 1 0
1615153598990722 126273847801536 pump_end 1 2
1615153603151899 126273847801536 coll_beg 0 0
1615153613195320 126273847801536 coll_end 0 0
1615153615115200 126273847801536 emit_beg 1129 0
1615153620964045 126273847801536 emit_end 1129 0
1615153620968475 126273847801536 drain_beg 0 0
1615153620969265 126273847801536 drain_end 1 0
1615153620970005 126273847801536 subm_beg 1 0
1615153624346971 126273847801536 subm_end 1 0
1615153624347411 126273847801536 pump_beg 1 0
1615153640417431 126273847801536 pump_end 1 2
1615153643511387 126273847801536 coll_beg 0 0
1615153651980256 126273847801536 coll_end 0 0
1615153654062030 126273847801536 emit_beg 1130 0
1615153660136477 126273847801536 emit_end 1130 0
1615153660140907 126273847801536 drain_beg 0 0
1615153660141537 126273847801536 drain_end 1 0
1615153660142597 126273847801536 subm_beg 1 0
1615153663463105 126273847801536 subm_end 1 0
1615153663465005 126273847801536 pump_beg 1 0
1615153679598163 126273847801536 pump_end 1 2
1615153682573863 126273847801536 coll_beg 0 0
1615153694004364 126273847801536 coll_end 0 0
1615153696192003 126273847801536 emit_beg 1131 0
1615153700104590 126273847801536 emit_end 1131 0
1615153700108150 126273847801536 drain_beg 0 0
1615153700108540 126273847801536 drain_end 1 0
1615153700109240 126273847801536 subm_beg 1 0
1615153703607921 126273847801536 subm_end 1 0
1615153703608201 126273847801536 pump_beg 1 0
1615153721895270 126273847801536 pump_end 1 2
1615153727444686 126273847801536 coll_beg 0 0
1615153737036364 126273847801536 coll_end 0 0
1615153738906826 126273847801536 emit_beg 1132 0
1615153744500000 126273847801536 emit_end 1132 0
1615153744503210 126273847801536 drain_beg 0 0
1615153744503540 126273847801536 drain_end 1 0
1615153744503820 126273847801536 subm_beg 1 0
1615153748082849 126273847801536 subm_end 1 0
1615153748083269 126273847801536 pump_beg 1 0
1615153765661383 126273847801536 pump_end 1 2
1615153768685602 126273847801536 coll_beg 0 0
1615153778542480 126273847801536 coll_end 0 0
1615153780577856 126273847801536 emit_beg 1133 0
1615153784411535 126273847801536 emit_end 1133 0
1615153784414745 126273847801536 drain_beg 0 0
1615153784415245 126273847801536 drain_end 1 0
1615153784415875 126273847801536 subm_beg 1 0
1615153787989434 126273847801536 subm_end 1 0
1615153787989774 126273847801536 pump_beg 1 0
1615153805014539 126273847801536 pump_end 1 2
1615153807565845 126273847801536 coll_beg 0 0
1615153818289411 126273847801536 coll_end 0 0
1615153820217041 126273847801536 emit_beg 1134 0
1615153827880159 126273847801536 emit_end 1134 0
1615153827885259 126273847801536 drain_beg 0 0
1615153827885919 126273847801536 drain_end 1 0
1615153827886549 126273847801536 subm_beg 1 0
1615153831261795 126273847801536 subm_end 1 0
1615153831262255 126273847801536 pump_beg 1 0
1615153849069741 126273847801536 pump_end 1 2
1615153851391646 126273847801536 coll_beg 0 0
1615153863201473 126273847801536 coll_end 0 0
1615153865322515 126273847801536 emit_beg 1135 0
1615153871040585 126273847801536 emit_end 1135 0
1615153871045025 126273847801536 drain_beg 0 0
1615153871045595 126273847801536 drain_end 1 0
1615153871046085 126273847801536 subm_beg 1 0
1615153874517947 126273847801536 subm_end 1 0
1615153874521217 126273847801536 pump_beg 1 0
1615153891391828 126273847801536 pump_end 1 2
1615153894547252 126273847801536 coll_beg 0 0
1615153902927914 126273847801536 coll_end 0 0
1615153904834304 126273847801536 emit_beg 1136 0
1615153910395440 126273847801536 emit_end 1136 0
1615153910400470 126273847801536 drain_beg 0 0
1615153910401310 126273847801536 drain_end 1 0
1615153910402000 126273847801536 subm_beg 1 0
1615153913431719 126273847801536 subm_end 1 0
1615153913432739 126273847801536 pump_beg 1 0
1615153931212856 126273847801536 pump_end 1 2
1615153933605398 126273847801536 coll_beg 0 0
1615153941385433 126273847801536 coll_end 0 0
1615153943188217 126273847801536 emit_beg 1137 0
1615153946800164 126273847801536 emit_end 1137 0
1615153946803544 126273847801536 drain_beg 0 0
1615153946803984 126273847801536 drain_end 1 0
1615153946804544 126273847801536 subm_beg 1 0
1615153950355213 126273847801536 subm_end 1 0
1615153950355613 126273847801536 pump_beg 1 0
1615153967303041 126273847801536 pump_end 1 2
1615153969490041 126273847801536 coll_beg 0 0
1615153977243066 126273847801536 coll_end 0 0
1615153979011731 126273847801536 emit_beg 1138 0
1615153984306197 126273847801536 emit_end 1138 0
1615153984309687 126273847801536 drain_beg 0 0
1615153984310007 126273847801536 drain_end 1 0
1615153984310217 126273847801536 subm_beg 1 0
1615153987642805 126273847801536 subm_end 1 0
1615153987643065 126273847801536 pump_beg 1 0
1615154004120140 126273847801536 pump_end 1 2
1615154005911914 126273847801536 coll_beg 0 0
1615154013414819 126273847801536 coll_end 0 0
1615154015191673 126273847801536 emit_beg 1139 0
1615154020488539 126273847801536 emit_end 1139 0
1615154020492399 126273847801536 drain_beg 0 0
1615154020493319 126273847801536 drain_end 1 0
1615154020494319 126273847801536 subm_beg 1 0
1615154023997300 126273847801536 subm_end 1 0
1615154023997560 126273847801536 pump_beg 1 0
1615154040602181 126273847801536 pump_end 1 2
1615154042441643 126273847801536 coll_beg 0 0
1615154051755841 126273847801536 coll_end 0 0
1615154053605783 126273847801536 emit_beg 1140 0
1615154058883409 126273847801536 emit_end 1140 0
1615154058887409 126273847801536 drain_beg 0 0
1615154058887869 126273847801536 drain_end 1 0
1615154058888369 126273847801536 subm_beg 1 0
1615154062160419 126273847801536 subm_end 1 0
1615154062160719 126273847801536 pump_beg 1 0
1615154078463231 126273847801536 pump_end 1 2
1615154080533915 126273847801536 coll_beg 0 0
1615154088232262 126273847801536 coll_end 0 0
1615154090009617 126273847801536 emit_beg 1141 0
1615154095372170 126273847801536 emit_end 1141 0
1615154095374830 126273847801536 drain_beg 0 0
1615154095375120 126273847801536 drain_end 1 0
1615154095375480 126273847801536 subm_beg 1 0
1615154098639040 126273847801536 subm_end 1 0
1615154098639390 126273847801536 pump_beg 1 0
1615154116006222 126273847801536 pump_end 1 2
1615154119026262 126273847801536 coll_beg 0 0
1615154127234900 126273847801536 coll_end 0 0
1615154129062103 126273847801536 emit_beg 1142 0
1615154134298121 126273847801536 emit_end 1142 0
1615154134300871 126273847801536 drain_beg 0 0
1615154134301221 126273847801536 drain_end 1 0
1615154134301651 126273847801536 subm_beg 1 0
1615154137607889 126273847801536 subm_end 1 0
1615154137608159 126273847801536 pump_beg 1 0
1615154154530818 126273847801536 pump_end 1 2
1615154156592993 126273847801536 coll_beg 0 0
1615154164754033 126273847801536 coll_end 0 0
1615154166592206 126273847801536 emit_beg 1143 0
1615154171857512 126273847801536 emit_end 1143 0
1615154171860042 126273847801536 drain_beg 0 0
1615154171860372 126273847801536 drain_end 1 0
1615154171860702 126273847801536 subm_beg 1 0
1615154175198480 126273847801536 subm_end 1 0
1615154175199020 126273847801536 pump_beg 1 0
1615154192232244 126273847801536 pump_end 1 2
1615154194326197 126273847801536 coll_beg 0 0
1615154202026155 126273847801536 coll_end 0 0
1615154203773871 126273847801536 emit_beg 1144 0
1615154209127124 126273847801536 emit_end 1144 0
1615154209129544 126273847801536 drain_beg 0 0
1615154209129834 126273847801536 drain_end 1 0
1615154209130084 126273847801536 subm_beg 1 0
1615154212462232 126273847801536 subm_end 1 0
1615154212462502 126273847801536 pump_beg 1 0
1615154229566484 126273847801536 pump_end 1 2
1615154231285741 126273847801536 coll_beg 0 0
1615154239217200 126273847801536 coll_end 0 0
1615154240988394 126273847801536 emit_beg 1145 0
1615154246198783 126273847801536 emit_end 1145 0
1615154246201543 126273847801536 drain_beg 0 0
1615154246201823 126273847801536 drain_end 1 0
1615154246202533 126273847801536 subm_beg 1 0
1615154249545790 126273847801536 subm_end 1 0
1615154249546580 126273847801536 pump_beg 1 0
1615154266750629 126273847801536 pump_end 1 2
1615154270255680 126273847801536 coll_beg 0 0
1615154277104879 126273847801536 coll_end 0 0
1615154279003949 126273847801536 emit_beg 1146 0
1615154284646482 126273847801536 emit_end 1146 0
1615154284650742 126273847801536 drain_beg 0 0
1615154284651222 126273847801536 drain_end 1 0
1615154284651722 126273847801536 subm_beg 1 0
1615154287765017 126273847801536 subm_end 1 0
1615154287766817 126273847801536 pump_beg 1 0
1615154303241019 126273847801536 pump_end 1 2
1615154306165672 126273847801536 coll_beg 0 0
1615154315560117 126273847801536 coll_end 0 0
1615154317567903 126273847801536 emit_beg 1147 0
1615154321392543 126273847801536 emit_end 1147 0
1615154321396533 126273847801536 drain_beg 0 0
1615154321397153 126273847801536 drain_end 1 0
1615154321397833 126273847801536 subm_beg 1 0
1615154324751230 126273847801536 subm_end 1 0
1615154324751560 126273847801536 pump_beg 1 0
1615154342037435 126273847801536 pump_end 1 2
1615154345321435 126273847801536 coll_beg 0 0
1615154352475822 126273847801536 coll_end 0 0
1615154354413731 126273847801536 emit_beg 1148 0
1615154359977657 126273847801536 emit_end 1148 0
1615154359980736 126273847801536 drain_beg 0 0
1615154359980986 126273847801536 drain_end 1 0
1615154359981356 126273847801536 subm_beg 1 0
1615154363512657 126273847801536 subm_end 1 0
1615154363513877 126273847801536 pump_beg 1 0
1615154379518209 126273847801536 pump_end 1 2
1615154381449048 126273847801536 coll_beg 0 0
1615154387857973 126273847801536 coll_end 0 0
1615154389790042 126273847801536 emit_beg 1149 0
1615154393595353 126273847801536 emit_end 1149 0
1615154393598452 126273847801536 drain_beg 0 0
1615154393598972 126273847801536 drain_end 1 0
1615154393599442 126273847801536 subm_beg 1 0
1615154397219689 126273847801536 subm_end 1 0
1615154397220069 126273847801536 pump_beg 1 0
1615154413021629 126273847801536 pump_end 1 2
1615154415769419 126273847801536 coll_beg 0 0
1615154422783401 126273847801536 coll_end 0 0
1615154424733700 126273847801536 emit_beg 1150 0
1615154430756008 126273847801536 emit_end 1150 0
1615154430765268 126273847801536 drain_beg 0 0
1615154430766478 126273847801536 drain_end 1 0
1615154430767528 126273847801536 subm_beg 1 0
1615154434013629 126273847801536 subm_end 1 0
1615154434015719 126273847801536 pump_beg 1 0
1615154450063320 126273847801536 pump_end 1 2
1615154452124274 126273847801536 coll_beg 0 0
1615154459746014 126273847801536 coll_end 0 0
1615154461673783 126273847801536 emit_beg 1151 0
1615154467526159 126273847801536 emit_end 1151 0
1615154467529949 126273847801536 drain_beg 0 0
1615154467530339 126273847801536 drain_end 1 0
1615154467530738 126273847801536 subm_beg 1 0
1615154470911474 126273847801536 subm_end 1 0
1615154470911914 126273847801536 pump_beg 1 0
1615154487293673 126273847801536 pump_end 1 2
1615154489192083 126273847801536 coll_beg 0 0
1615154496668609 126273847801536 coll_end 0 0
1615154498643856 126273847801536 emit_beg 1152 0
1615154504486402 126273847801536 emit_end 1152 0
1615154504490722 126273847801536 drain_beg 0 0
1615154504491662 126273847801536 drain_end 1 0
1615154504492502 126273847801536 subm_beg 1 0
1615154507902796 126273847801536 subm_end 1 0
1615154507903206 126273847801536 pump_beg 1 0
1615154524765428 126273847801536 pump_end 1 2
1615154527890883 126273847801536 coll_beg 0 0
1615154535905078 126273847801536 coll_end 0 0
1615154538721155 126273847801536 emit_beg 1153 0
1615154544781573 126273847801536 emit_end 1153 0
1615154544785433 126273847801536 drain_beg 0 0
1615154544786173 126273847801536 drain_end 1 0
1615154544786803 126273847801536 subm_beg 1 0
1615154548271705 126273847801536 subm_end 1 0
1615154548272125 126273847801536 pump_beg 1 0
1615154565625388 126273847801536 pump_end 1 2
1615154567487709 126273847801536 coll_beg 0 0
1615154575941199 126273847801536 coll_end 0 0
1615154577885437 126273847801536 emit_beg 1154 0
1615154583764322 126273847801536 emit_end 1154 0
1615154583768852 126273847801536 drain_beg 0 0
1615154583769381 126273847801536 drain_end 1 0
1615154583770091 126273847801536 subm_beg 1 0
1615154587146428 126273847801536 subm_end 1 0
1615154587146838 126273847801536 pump_beg 1 0
1615154604914735 126273847801536 pump_end 1 2
1615154606775537 126273847801536 coll_beg 0 0
1615154615978119 126273847801536 coll_end 0 0
1615154617967016 126273847801536 emit_beg 1155 0
1615154624171828 126273847801536 emit_end 1155 0
1615154624175898 126273847801536 drain_beg 0 0
1615154624176308 126273847801536 drain_end 1 0
1615154624176658 126273847801536 subm_beg 1 0
1615154627462078 126273847801536 subm_end 1 0
1615154627464238 126273847801536 pump_beg 1 0
1615154644861339 126273847801536 pump_end 1 2
1615154647570469 126273847801536 coll_beg 0 0
1615154660795644 126273847801536 coll_end 0 0
1615154662962874 126273847801536 emit_beg 1156 0
1615154668836089 126273847801536 emit_end 1156 0
1615154668840589 126273847801536 drain_beg 0 0
1615154668841159 126273847801536 drain_end 1 0
1615154668841949 126273847801536 subm_beg 1 0
1615154672116138 126273847801536 subm_end 1 0
1615154672116678 126273847801536 pump_beg 1 0
1615154687833671 126273847801536 pump_end 1 2
1615154691301064 126273847801536 coll_beg 0 0
1615154699263302 126273847801536 coll_end 0 0
1615154701169882 126273847801536 emit_beg 1157 0
1615154705015771 126273847801536 emit_end 1157 0
1615154705019601 126273847801536 drain_beg 0 0
1615154705020021 126273847801536 drain_end 1 0
1615154705020661 126273847801536 subm_beg 1 0
1615154708611339 126273847801536 subm_end 1 0
1615154708611809 126273847801536 pump_beg 1 0
1615154726626427 126273847801536 pump_end 1 2
1615154728956992 126273847801536 coll_beg 0 0
1615154738805810 126273847801536 coll_end 0 0
1615154740697161 126273847801536 emit_beg 1158 0
1615154746442210 126273847801536 emit_end 1158 0
1615154746446300 126273847801536 drain_beg 0 0
1615154746447080 126273847801536 drain_end 1 0
1615154746447530 126273847801536 subm_beg 1 0
1615154749832156 126273847801536 subm_end 1 0
1615154749832645 126273847801536 pump_beg 1 0
1615154765485681 126273847801536 pump_end 1 2
1615154767350552 126273847801536 coll_beg 0 0
1615154776326183 126273847801536 coll_end 0 0
1615154778343389 126273847801536 emit_beg 1159 0
1615154784103587 126273847801536 emit_end 1159 0
1615154784107447 126273847801536 drain_beg 0 0
1615154784107917 126273847801536 drain_end 1 0
1615154784108577 126273847801536 subm_beg 1 0
1615154787491683 126273847801536 subm_end 1 0
1615154787492173 126273847801536 pump_beg 1 0
1615154803078301 126273847801536 pump_end 1 2
1615154805350568 126273847801536 coll_beg 0 0
1615154812809944 126273847801536 coll_end 0 0
1615154814660526 126273847801536 emit_beg 1160 0
1615154820110996 126273847801536 emit_end 1160 0
1615154820127905 126273847801536 drain_beg 0 0
1615154820128325 126273847801536 drain_end 1 0
1615154820129315 126273847801536 subm_beg 1 0
1615154823325578 126273847801536 subm_end 1 0
1615154823326248 126273847801536 pump_beg 1 0
1615154839298041 126273847801536 pump_end 1 2
1615154842811052 126273847801536 coll_beg 0 0
1615154851992035 126273847801536 coll_end 0 0
1615154854854710 126273847801536 emit_beg 1161 0
1615154861139519 126273847801536 emit_end 1161 0
1615154861144429 126273847801536 drain_beg 0 0
1615154861145159 126273847801536 drain_end 1 0
1615154861145849 126273847801536 subm_beg 1 0
1615154864224676 126273847801536 subm_end 1 0
1615154864225046 126273847801536 pump_beg 1 0
1615154880414992 126273847801536 pump_end 1 2
1615154883754729 126273847801536 coll_beg 0 0
1615154890517401 126273847801536 coll_end 0 0
1615154892309915 126273847801536 emit_beg 1162 0
1615154897729426 126273847801536 emit_end 1162 0
1615154897733696 126273847801536 drain_beg 0 0
1615154897734116 126273847801536 drain_end 1 0
1615154897734656 126273847801536 subm_beg 1 0
1615154900930769 126273847801536 subm_end 1 0
1615154900931629 126273847801536 pump_beg 1 0
1615154917613886 126273847801536 pump_end 1 2
1615154919584884 126273847801536 coll_beg 0 0
1615154929460252 126273847801536 coll_end 0 0
1615154931398700 126273847801536 emit_beg 1163 0
1615154937209167 126273847801536 emit_end 1163 0
1615154937214557 126273847801536 drain_beg 0 0
1615154937215027 126273847801536 drain_end 1 0
1615154937215907 126273847801536 subm_beg 1 0
1615154940280074 126273847801536 subm_end 1 0
1615154940280424 126273847801536 pump_beg 1 0
1615154955627891 126273847801536 pump_end 1 2
1615154957605168 126273847801536 coll_beg 0 0
1615154963663496 126273847801536 coll_end 0 0
1615154965722400 126273847801536 emit_beg 1164 0
1615154971224588 126273847801536 emit_end 1164 0
1615154971236978 126273847801536 drain_beg 0 0
1615154971237878 126273847801536 drain_end 1 0
1615154971239058 126273847801536 subm_beg 1 0
1615154974576795 126273847801536 subm_end 1 0
1615154974577315 126273847801536 pump_beg 1 0
1615154992361263 126273847801536 pump_end 1 2
1615154994934178 126273847801536 coll_beg 0 0
1615155005809099 126273847801536 coll_end 0 0
1615155008850107 126273847801536 emit_beg 1165 0
1615155014875896 126273847801536 emit_end 1165 0
1615155014880536 126273847801536 drain_beg 0 0
1615155014881056 126273847801536 drain_end 1 0
1615155014881626 126273847801536 subm_beg 1 0
1615155018052389 126273847801536 subm_end 1 0
1615155018052779 126273847801536 pump_beg 1 0
1615155035054245 126273847801536 pump_end 1 2
1615155037054942 126273847801536 coll_beg 0 0
1615155045681005 126273847801536 coll_end 0 0
1615155047605595 126273847801536 emit_beg 1166 0
1615155052993187 126273847801536 emit_end 1166 0
1615155052997037 126273847801536 drain_beg 0 0
1615155052997507 126273847801536 drain_end 1 0
1615155052998107 126273847801536 subm_beg 1 0
1615155056447740 126273847801536 subm_end 1 0
1615155056449790 126273847801536 pump_beg 1 0
1615155074496087 126273847801536 pump_end 1 2
1615155076689017 126273847801536 coll_beg 0 0
1615155085787703 126273847801536 coll_end 0 0
1615155087661504 126273847801536 emit_beg 1167 0
1615155093199601 126273847801536 emit_end 1167 0
1615155093204041 126273847801536 drain_beg 0 0
1615155093204511 126273847801536 drain_end 1 0
1615155093205101 126273847801536 subm_beg 1 0
1615155096268328 126273847801536 subm_end 1 0
1615155096269498 126273847801536 pump_beg 1 0
1615155113082241 126273847801536 pump_end 1 2
1615155116755176 126273847801536 coll_beg 0 0
1615155124622547 126273847801536 coll_end 0 0
1615155126541877 126273847801536 emit_beg 1168 0
1615155131874251 126273847801536 emit_end 1168 0
1615155131878011 126273847801536 drain_beg 0 0
1615155131878551 126273847801536 drain_end 1 0
1615155131879271 126273847801536 subm_beg 1 0
1615155135178400 126273847801536 subm_end 1 0
1615155135179020 126273847801536 pump_beg 1 0
1615155151740662 126273847801536 pump_end 1 2
1615155154770421 126273847801536 coll_beg 0 0
1615155162751448 126273847801536 coll_end 0 0
1615155164610799 126273847801536 emit_beg 1169 0
1615155170169335 126273847801536 emit_end 1169 0
1615155170174625 126273847801536 drain_beg 0 0
1615155170175375 126273847801536 drain_end 1 0
1615155170176135 126273847801536 subm_beg 1 0
1615155173206174 126273847801536 subm_end 1 0
1615155173206464 126273847801536 pump_beg 1 0
1615155189926350 126273847801536 pump_end 1 2
1615155192762106 126273847801536 coll_beg 0 0
1615155204294063 126273847801536 coll_end 0 0
1615155206524891 126273847801536 emit_beg 1170 0
1615155212209592 126273847801536 emit_end 1170 0
1615155212213372 126273847801536 drain_beg 0 0
1615155212213992 126273847801536 drain_end 1 0
1615155212214752 126273847801536 subm_beg 1 0
1615155215543560 126273847801536 subm_end 1 0
1615155215543990 126273847801536 pump_beg 1 0
1615155231538263 126273847801536 pump_end 1 2
1615155234441866 126273847801536 coll_beg 0 0
1615155244541845 126273847801536 coll_end 0 0
1615155246569531 126273847801536 emit_beg 1171 0
1615155251921404 126273847801536 emit_end 1171 0
1615155251924394 126273847801536 drain_beg 0 0
1615155251924774 126273847801536 drain_end 1 0
1615155251925024 126273847801536 subm_beg 1 0
1615155255261422 126273847801536 subm_end 1 0
1615155255261882 126273847801536 pump_beg 1 0
1615155271529055 126273847801536 pump_end 1 2
1615155274200607 126273847801536 coll_beg 0 0
1615155281811817 126273847801536 coll_end 0 0
1615155283798224 126273847801536 emit_beg 1172 0
1615155289521214 126273847801536 emit_end 1172 0
1615155289525584 126273847801536 drain_beg 0 0
1615155289526084 126273847801536 drain_end 1 0
1615155289526864 126273847801536 subm_beg 1 0
1615155293047715 126273847801536 subm_end 1 0
1615155293047965 126273847801536 pump_beg 1 0
1615155308166500 126273847801536 pump_end 1 2
1615155311269446 126273847801536 coll_beg 0 0
1615155319767174 126273847801536 coll_end 0 0
1615155321911365 126273847801536 emit_beg 1173 0
1615155325806102 126273847801536 emit_end 1173 0
1615155325810072 126273847801536 drain_beg 0 0
1615155325810532 126273847801536 drain_end 1 0
1615155325810972 126273847801536 subm_beg 1 0
1615155329398010 126273847801536 subm_end 1 0
1615155329398500 126273847801536 pump_beg 1 0
1615155345666673 126273847801536 pump_end 1 2
1615155347906631 126273847801536 coll_beg 0 0
1615155354976611 126273847801536 coll_end 0 0
1615155356831423 126273847801536 emit_beg 1174 0
1615155362606591 126273847801536 emit_end 1174 0
1615155362610111 126273847801536 drain_beg 0 0
1615155362610701 126273847801536 drain_end 1 0
1615155362611131 126273847801536 subm_beg 1 0
1615155366036265 126273847801536 subm_end 1 0
1615155366036765 126273847801536 pump_beg 1 0
1615155383633259 126273847801536 pump_end 1 2
1615155387263456 126273847801536 coll_beg 0 0
1615155395459825 126273847801536 coll_end 0 0
1615155397467541 126273847801536 emit_beg 1175 0
1615155403124624 126273847801536 emit_end 1175 0
1615155403128644 126273847801536 drain_beg 0 0
1615155403129234 126273847801536 drain_end 1 0
1615155403129744 126273847801536 subm_beg 1 0
1615155406561328 126273847801536 subm_end 1 0
1615155406562908 126273847801536 pump_beg 1 0
1615155423922350 126273847801536 pump_end 1 2
1615155425795602 126273847801536 coll_beg 0 0
1615155433428341 126273847801536 coll_end 0 0
1615155435337881 126273847801536 emit_beg 1176 0
1615155441204576 126273847801536 emit_end 1176 0
1615155441208436 126273847801536 drain_beg 0 0
1615155441208936 126273847801536 drain_end 1 0
1615155441209816 126273847801536 subm_beg 1 0
1615155444698638 126273847801536 subm_end 1 0
1615155444699228 126273847801536 pump_beg 1 0
1615155460526827 126273847801536 pump_end 1 2
1615155463865644 126273847801536 coll_beg 0 0
1615155470989733 126273847801536 coll_end 0 0
1615155473045197 126273847801536 emit_beg 1177 0
1615155478726179 126273847801536 emit_end 1177 0
1615155478729838 126273847801536 drain_beg 0 0
1615155478730328 126273847801536 drain_end 1 0
1615155478730898 126273847801536 subm_beg 1 0
1615155482257249 126273847801536 subm_end 1 0
1615155482258429 126273847801536 pump_beg 1 0
1615155500924964 126273847801536 pump_end 1 2
1615155504416325 126273847801536 coll_beg 0 0
1615155512449051 126273847801536 coll_end 0 0
1615155514411169 126273847801536 emit_beg 1178 0
1615155520328701 126273847801536 emit_end 1178 0
1615155520333081 126273847801536 drain_beg 0 0
1615155520333791 126273847801536 drain_end 1 0
1615155520334531 126273847801536 subm_beg 1 0
1615155523724537 126273847801536 subm_end 1 0
1615155523725557 126273847801536 pump_beg 1 0
1615155540619497 126273847801536 pump_end 1 2
1615155542695270 126273847801536 coll_beg 0 0
1615155550195275 126273847801536 coll_end 0 0
1615155552235910 126273847801536 emit_beg 1179 0
1615155557872703 126273847801536 emit_end 1179 0
1615155557877143 126273847801536 drain_beg 0 0
1615155557877773 126273847801536 drain_end 1 0
1615155557878573 126273847801536 subm_beg 1 0
1615155561332516 126273847801536 subm_end 1 0
1615155561335266 126273847801536 pump_beg 1 0
1615155577831091 126273847801536 pump_end 1 2
1615155579772509 126273847801536 coll_beg 0 0
1615155587843643 126273847801536 coll_end 0 0
1615155589825010 126273847801536 emit_beg 1180 0
1615155595472613 126273847801536 emit_end 1180 0
1615155595476793 126273847801536 drain_beg 0 0
1615155595477353 126273847801536 drain_end 1 0
1615155595477713 126273847801536 subm_beg 1 0
1615155598970875 126273847801536 subm_end 1 0
1615155598971444 126273847801536 pump_beg 1 0
1615155615694041 126273847801536 pump_end 1 2
1615155618777197 126273847801536 coll_beg 0 0
1615155629206095 126273847801536 coll_end 0 0
1615155631184412 126273847801536 emit_beg 1181 0
1615155636956970 126273847801536 emit_end 1181 0
1615155636960450 126273847801536 drain_beg 0 0
1615155636961010 126273847801536 drain_end 1 0
1615155636961500 126273847801536 subm_beg 1 0
1615155640449972 126273847801536 subm_end 1 0
1615155640450412 126273847801536 pump_beg 1 0
1615155657600742 126273847801536 pump_end 1 2
1615155665819081 126273847801536 coll_beg 0 0
1615155677597718 126273847801536 coll_end 0 0
1615155683785421 126273847801536 emit_beg 1182 0
1615155696187806 126273847801536 emit_end 1182 0
1615155696194576 126273847801536 drain_beg 0 0
1615155696195436 126273847801536 drain_end 1 0
1615155696196485 126273847801536 subm_beg 1 0
1615155707155373 126273847801536 subm_end 1 0
1615155707156233 126273847801536 pump_beg 1 0
1615155725307137 126273847801536 pump_end 1 2
1615155731486180 126273847801536 coll_beg 0 0
1615155743849136 126273847801536 coll_end 0 0
1615155753596308 126273847801536 emit_beg 1183 0
1615155771925656 126273847801536 emit_end 1183 0
1615155771934855 126273847801536 drain_beg 0 0
1615155771935895 126273847801536 drain_end 1 0
1615155771936975 126273847801536 subm_beg 1 0
1615155777576238 126273847801536 subm_end 1 0
1615155777576898 126273847801536 pump_beg 1 0
1615155794472518 126273847801536 pump_end 1 2
1615155798443232 126273847801536 coll_beg 0 0
1615155809228406 126273847801536 coll_end 0 0
1615155812184528 126273847801536 emit_beg 1184 0
1615155821695749 126273847801536 emit_end 1184 0
1615155821700208 126273847801536 drain_beg 0 0
1615155821700908 126273847801536 drain_end 1 0
1615155821701528 126273847801536 subm_beg 1 0
1615155827230715 126273847801536 subm_end 1 0
1615155827231195 126273847801536 pump_beg 1 0
1615155844373926 126273847801536 pump_end 1 2
1615155849483758 126273847801536 coll_beg 0 0
1615155860396628 126273847801536 coll_end 0 0
1615155866508483 126273847801536 emit_beg 1185 0
1615155876248006 126273847801536 emit_end 1185 0
1615155876251326 126273847801536 drain_beg 0 0
1615155876251746 126273847801536 drain_end 1 0
1615155876252136 126273847801536 subm_beg 1 0
1615155881937857 126273847801536 subm_end 1 0
1615155881938627 126273847801536 pump_beg 1 0
1615155898445481 126273847801536 pump_end 1 2
1615155902243842 126273847801536 coll_beg 0 0
1615155912318552 126273847801536 coll_end 0 0
1615155918072931 126273847801536 emit_beg 1186 0
1615155930512654 126273847801536 emit_end 1186 0
1615155930520374 126273847801536 drain_beg 0 0
1615155930521454 126273847801536 drain_end 1 0
1615155930522434 126273847801536 subm_beg 1 0
1615155936037271 126273847801536 subm_end 1 0
1615155936037761 126273847801536 pump_beg 1 0
1615155952456359 126273847801536 pump_end 1 2
1615155956469151 126273847801536 coll_beg 0 0
1615155967504766 126273847801536 coll_end 0 0
1615155972647447 126273847801536 emit_beg 1187 0
1615155984202493 126273847801536 emit_end 1187 0
1615155984207643 126273847801536 drain_beg 0 0
1615155984208333 126273847801536 drain_end 1 0
1615155984209083 126273847801536 subm_beg 1 0
1615155988967268 126273847801536 subm_end 1 0
1615155988967638 126273847801536 pump_beg 1 0
1615156005477152 126273847801536 pump_end 1 2
1615156012936038 126273847801536 coll_beg 0 0
1615156023828768 126273847801536 coll_end 0 0
1615156028069163 126273847801536 emit_beg 1188 0
1615156036081249 126273847801536 emit_end 1188 0
1615156036085809 126273847801536 drain_beg 0 0
1615156036086239 126273847801536 drain_end 1 0
1615156036086788 126273847801536 subm_beg 1 0
1615156042795482 126273847801536 subm_end 1 0
1615156042795862 126273847801536 pump_beg 1 0
1615156059343585 126273847801536 pump_end 1 2
1615156063251201 126273847801536 coll_beg 0 0
1615156074070764 126273847801536 coll_end 0 0
1615156079752796 126273847801536 emit_beg 1189 0
1615156086678731 126273847801536 emit_end 1189 0
1615156086683701 126273847801536 drain_beg 0 0
1615156086684631 126273847801536 drain_end 1 0
1615156086685631 126273847801536 subm_beg 1 0
1615156092528687 126273847801536 subm_end 1 0
1615156092529127 126273847801536 pump_beg 1 0
1615156109684727 126273847801536 pump_end 1 2
1615156112762724 126273847801536 coll_beg 0 0
1615156120592796 126273847801536 coll_end 0 0
1615156124975025 126273847801536 emit_beg 1190 0
1615156137581073 126273847801536 emit_end 1190 0
1615156160877288 126273847801536 drain_beg 0 0
1615156160878497 126273847801536 drain_end 1 0
1615156160878847 126273847801536 subm_beg 1 0
1615156164302522 126273847801536 subm_end 1 0
1615156164302912 126273847801536 pump_beg 1 0
1615156181766191 126273847801536 pump_end 1 2
1615156183882023 126273847801536 coll_beg 0 0
1615156192793166 126273847801536 coll_end 0 0
1615156194872620 126273847801536 emit_beg 1191 0
1615156198624652 126273847801536 emit_end 1191 0
1615156198627772 126273847801536 drain_beg 0 0
1615156198628092 126273847801536 drain_end 1 0
1615156198628802 126273847801536 subm_beg 1 0
1615156201945990 126273847801536 subm_end 1 0
1615156201946200 126273847801536 pump_beg 1 0
1615156219117320 126273847801536 pump_end 1 2
1615156221181814 126273847801536 coll_beg 0 0
1615156229524368 126273847801536 coll_end 0 0
1615156231369010 126273847801536 emit_beg 1192 0
1615156238485219 126273847801536 emit_end 1192 0
1615156238488379 126273847801536 drain_beg 0 0
1615156238488749 126273847801536 drain_end 1 0
1615156238489169 126273847801536 subm_beg 1 0
1615156240247134 126273847801536 subm_end 1 0
1615156240247474 126273847801536 pump_beg 1 0
1615156255432207 126273847801536 pump_end 1 2
1615156257295399 126273847801536 coll_beg 0 0
1615156264082609 126273847801536 coll_end 0 0
1615156265863554 126273847801536 emit_beg 1193 0
1615156271159550 126273847801536 emit_end 1193 0
1615156271162510 126273847801536 drain_beg 0 0
1615156271162780 126273847801536 drain_end 1 0
1615156271163020 126273847801536 subm_beg 1 0
1615156274450549 126273847801536 subm_end 1 0
1615156274450929 126273847801536 pump_beg 1 0
1615156290466701 126273847801536 pump_end 1 2
1615156293001698 126273847801536 coll_beg 0 0
1615156299853586 126273847801536 coll_end 0 0
1615156301647220 126273847801536 emit_beg 1194 0
1615156306985064 126273847801536 emit_end 1194 0
1615156306988074 126273847801536 drain_beg 0 0
1615156306988354 126273847801536 drain_end 1 0
1615156306988654 126273847801536 subm_beg 1 0
1615156310313792 126273847801536 subm_end 1 0
1615156310314222 126273847801536 pump_beg 1 0
1615156326156840 126273847801536 pump_end 1 2
1615156327902956 126273847801536 coll_beg 0 0
1615156336838748 126273847801536 coll_end 0 0
1615156338691420 126273847801536 emit_beg 1195 0
1615156342294938 126273847801536 emit_end 1195 0
1615156342305168 126273847801536 drain_beg 0 0
1615156342305458 126273847801536 drain_end 1 0
1615156342305778 126273847801536 subm_beg 1 0
1615156345649005 126273847801536 subm_end 1 0
1615156345649315 126273847801536 pump_beg 1 0
1615156362056243 126273847801536 pump_end 1 2
1615156364399217 126273847801536 coll_beg 0 0
1615156371901261 126273847801536 coll_end 0 0
1615156374072622 126273847801536 emit_beg 1196 0
1615156378118003 126273847801536 emit_end 1196 0
1615156378122033 126273847801536 drain_beg 0 0
1615156378122493 126273847801536 drain_end 1 0
1615156378123043 126273847801536 subm_beg 1 0
1615156381548947 126273847801536 subm_end 1 0
1615156381549297 126273847801536 pump_beg 1 0
1615156397128495 126273847801536 pump_end 1 2
1615156400704774 126273847801536 coll_beg 0 0
1615156409551399 126273847801536 coll_end 0 0
1615156411503427 126273847801536 emit_beg 1197 0
1615156415438473 126273847801536 emit_end 1197 0
1615156415442903 126273847801536 drain_beg 0 0
1615156415443543 126273847801536 drain_end 1 0
1615156415443943 126273847801536 subm_beg 1 0
1615156418966534 126273847801536 subm_end 1 0
1615156418966974 126273847801536 pump_beg 1 0
1615156435168269 126273847801536 pump_end 1 2
1615156438715339 126273847801536 coll_beg 0 0
1615156446555801 126273847801536 coll_end 0 0
1615156448499160 126273847801536 emit_beg 1198 0
1615156452482043 126273847801536 emit_end 1198 0
1615156452486243 126273847801536 drain_beg 0 0
1615156452486643 126273847801536 drain_end 1 0
1615156452487423 126273847801536 subm_beg 1 0
1615156455949256 126273847801536 subm_end 1 0
1615156455949866 126273847801536 pump_beg 1 0
1615156472488159 126273847801536 pump_end 1 2
1615156475714531 126273847801536 coll_beg 0 0
1615156484181910 126273847801536 coll_end 0 0
1615156486107179 126273847801536 emit_beg 1199 0
1615156491860078 126273847801536 emit_end 1199 0
1615156491863968 126273847801536 drain_beg 0 0
1615156491864638 126273847801536 drain_end 1 0
1615156491865258 126273847801536 subm_beg 1 0
1615156495339890 126273847801536 subm_end 1 0
1615156495340360 126273847801536 pump_beg 1 0
1615156513138507 126273847801536 pump_end 1 2
1615156516215894 126273847801536 coll_beg 0 0
1615156525310180 126273847801536 coll_end 0 0
1615156527215520 126273847801536 emit_beg 1200 0
1615156533368414 126273847801536 emit_end 1200 0
1615156533380614 126273847801536 drain_beg 0 0
1615156533382164 126273847801536 drain_end 1 0
1615156533383694 126273847801536 subm_beg 1 0
1615156536675583 126273847801536 subm_end 1 0
1615156536677773 126273847801536 pump_beg 1 0
1615156556449997 126273847801536 pump_end 1 2
1615156559657229 126273847801536 coll_beg 0 0
1615156570459033 126273847801536 coll_end 0 0
1615156572600604 126273847801536 emit_beg 1201 0
1615156578559315 126273847801536 emit_end 1201 0
1615156578562875 126273847801536 drain_beg 0 0
1615156578563255 126273847801536 drain_end 1 0
1615156578563815 126273847801536 subm_beg 1 0
1615156581879753 126273847801536 subm_end 1 0
1615156581880053 126273847801536 pump_beg 1 0
1615156598507383 126273847801536 pump_end 1 2
1615156601945317 126273847801536 coll_beg 0 0
1615156610754053 126273847801536 coll_end 0 0
1615156612679233 126273847801536 emit_beg 1202 0
1615156616576180 126273847801536 emit_end 1202 0
1615156616579810 126273847801536 drain_beg 0 0
1615156616580250 126273847801536 drain_end 1 0
1615156616580720 126273847801536 subm_beg 1 0
1615156620144379 126273847801536 subm_end 1 0
1615156620144749 126273847801536 pump_beg 1 0
1615156636007276 126273847801536 pump_end 1 2
1615156637963615 126273847801536 coll_beg 0 0
1615156645977800 126273847801536 coll_end 0 0
1615156648110782 126273847801536 emit_beg 1203 0
1615156657428500 126273847801536 emit_end 1203 0
1615156657432850 126273847801536 drain_beg 0 0
1615156657433800 126273847801536 drain_end 1 0
1615156657434620 126273847801536 subm_beg 1 0
1615156659304801 126273847801536 subm_end 1 0
1615156659305241 126273847801536 pump_beg 1 0
1615156675515716 126273847801536 pump_end 1 2
1615156678168779 126273847801536 coll_beg 0 0
1615156687530745 126273847801536 coll_end 0 0
1615156689469694 126273847801536 emit_beg 1204 0
1615156695291560 126273847801536 emit_end 1204 0
1615156695295700 126273847801536 drain_beg 0 0
1615156695296370 126273847801536 drain_end 1 0
1615156695296880 126273847801536 subm_beg 1 0
1615156698625968 126273847801536 subm_end 1 0
1615156698626368 126273847801536 pump_beg 1 0
1615156714217165 126273847801536 pump_end 1 2
1615156716125685 126273847801536 coll_beg 0 0
1615156722859478 126273847801536 coll_end 0 0
1615156724763388 126273847801536 emit_beg 1205 0
1615156730560945 126273847801536 emit_end 1205 0
1615156730565345 126273847801536 drain_beg 0 0
1615156730565945 126273847801536 drain_end 1 0
1615156730566685 126273847801536 subm_beg 1 0
1615156734000729 126273847801536 subm_end 1 0
1615156734001099 126273847801536 pump_beg 1 0
1615156749203411 126273847801536 pump_end 1 2
1615156751098231 126273847801536 coll_beg 0 0
1615156758072036 126273847801536 coll_end 0 0
1615156760025994 126273847801536 emit_beg 1206 0
1615156765746564 126273847801536 emit_end 1206 0
1615156765749824 126273847801536 drain_beg 0 0
1615156765750254 126273847801536 drain_end 1 0
1615156765750854 126273847801536 subm_beg 1 0
1615156769281494 126273847801536 subm_end 1 0
1615156769281754 126273847801536 pump_beg 1 0
1615156784473286 126273847801536 pump_end 1 2
1615156786333878 126273847801536 coll_beg 0 0
1615156793111829 126273847801536 coll_end 0 0
1615156795021249 126273847801536 emit_beg 1207 0
1615156800744919 126273847801536 emit_end 1207 0
1615156800749639 126273847801536 drain_beg 0 0
1615156800750149 126273847801536 drain_end 1 0
1615156800750719 126273847801536 subm_beg 1 0
1615156804251320 126273847801536 subm_end 1 0
1615156804251630 126273847801536 pump_beg 1 0
1615156819627006 126273847801536 pump_end 1 2
1615156822751201 126273847801536 coll_beg 0 0
1615156833663961 126273847801536 coll_end 0 0
1615156835676987 126273847801536 emit_beg 1208 0
1615156841297790 126273847801536 emit_end 1208 0
1615156841302330 126273847801536 drain_beg 0 0
1615156841302780 126273847801536 drain_end 1 0
1615156841303320 126273847801536 subm_beg 1 0
1615156844577100 126273847801536 subm_end 1 0
1615156844579310 126273847801536 pump_beg 1 0
1615156860486176 126273847801536 pump_end 1 2
1615156863510915 126273847801536 coll_beg 0 0
1615156873798387 126273847801536 coll_end 0 0
1615156875872631 126273847801536 emit_beg 1209 0
1615156881560552 126273847801536 emit_end 1209 0
1615156881564502 126273847801536 drain_beg 0 0
1615156881565252 126273847801536 drain_end 1 0
1615156881565842 126273847801536 subm_beg 1 0
1615156884784284 126273847801536 subm_end 1 0
1615156884784694 126273847801536 pump_beg 1 0
1615156901439623 126273847801536 pump_end 1 2
1615156903728899 126273847801536 coll_beg 0 0
1615156915252506 126273847801536 coll_end 0 0
1615156917216894 126273847801536 emit_beg 1210 0
1615156922601086 126273847801536 emit_end 1210 0
1615156922604426 126273847801536 drain_beg 0 0
1615156922604886 126273847801536 drain_end 1 0
1615156922605386 126273847801536 subm_beg 1 0
1615156925928324 126273847801536 subm_end 1 0
1615156925928914 126273847801536 pump_beg 1 0
1615156944041879 126273847801536 pump_end 1 2
1615156946282896 126273847801536 coll_beg 0 0
1615156958313205 126273847801536 coll_end 0 0
1615156960263613 126273847801536 emit_beg 1211 0
1615156965756242 126273847801536 emit_end 1211 0
1615156965760511 126273847801536 drain_beg 0 0
1615156965761141 126273847801536 drain_end 1 0
1615156965762181 126273847801536 subm_beg 1 0
1615156969037201 126273847801536 subm_end 1 0
1615156969037551 126273847801536 pump_beg 1 0
1615156987686637 126273847801536 pump_end 1 2
1615156989921405 126273847801536 coll_beg 0 0
1615156999320150 126273847801536 coll_end 0 0
1615157001227340 126273847801536 emit_beg 1212 0
1615157006832374 126273847801536 emit_end 1212 0
1615157006836284 126273847801536 drain_beg 0 0
1615157006837004 126273847801536 drain_end 1 0
1615157006837554 126273847801536 subm_beg 1 0
1615157009956499 126273847801536 subm_end 1 0
1615157009956989 126273847801536 pump_beg 1 0
1615157026822170 126273847801536 pump_end 1 2
1615157029332898 126273847801536 coll_beg 0 0
1615157037080523 126273847801536 coll_end 0 0
1615157038915566 126273847801536 emit_beg 1213 0
1615157044415854 126273847801536 emit_end 1213 0
1615157044419054 126273847801536 drain_beg 0 0
1615157044419364 126273847801536 drain_end 1 0
1615157044419794 126273847801536 subm_beg 1 0
1615157047773441 126273847801536 subm_end 1 0
1615157047773891 126273847801536 pump_beg 1 0
1615157064063713 126273847801536 pump_end 1 2
1615157066253193 126273847801536 coll_beg 0 0
1615157073536005 126273847801536 coll_end 0 0
1615157075366028 126273847801536 emit_beg 1214 0
1615157080841157 126273847801536 emit_end 1214 0
1615157080844627 126273847801536 drain_beg 0 0
1615157080844887 126273847801536 drain_end 1 0
1615157080845267 126273847801536 subm_beg 1 0
1615157084059569 126273847801536 subm_end 1 0
1615157084059999 126273847801536 pump_beg 1 0
1615157100467047 126273847801536 pump_end 1 2
1615157103510665 126273847801536 coll_beg 0 0
1615157110932022 126273847801536 coll_end 0 0
1615157112878651 126273847801536 emit_beg 1215 0
1615157118327621 126273847801536 emit_end 1215 0
1615157118332961 126273847801536 drain_beg 0 0
1615157118333511 126273847801536 drain_end 1 0
1615157118334201 126273847801536 subm_beg 1 0
1615157121965217 126273847801536 subm_end 1 0
1615157121966097 126273847801536 pump_beg 1 0
1615157138101345 126273847801536 pump_end 1 2
1615157139940948 126273847801536 coll_beg 0 0
1615157150192161 126273847801536 coll_end 0 0
1615157152061223 126273847801536 emit_beg 1216 0
1615157157411756 126273847801536 emit_end 1216 0
1615157157415506 126273847801536 drain_beg 0 0
1615157157416086 126273847801536 drain_end 1 0
1615157157416596 126273847801536 subm_beg 1 0
1615157160992755 126273847801536 subm_end 1 0
1615157160997835 126273847801536 pump_beg 1 0
1615157177033126 126273847801536 pump_end 1 2
1615157178881008 126273847801536 coll_beg 0 0
1615157186828016 126273847801536 coll_end 0 0
1615157188651679 126273847801536 emit_beg 1217 0
1615157194142018 126273847801536 emit_end 1217 0
1615157194146888 126273847801536 drain_beg 0 0
1615157194147468 126273847801536 drain_end 1 0
1615157194147968 126273847801536 subm_beg 1 0
1615157197359030 126273847801536 subm_end 1 0
1615157197359410 126273847801536 pump_beg 1 0
1615157213327184 126273847801536 pump_end 1 2
1615157216993639 126273847801536 coll_beg 0 0
1615157227356319 126273847801536 coll_end 0 0
1615157229353985 126273847801536 emit_beg 1218 0
1615157234758887 126273847801536 emit_end 1218 0
1615157234763387 126273847801536 drain_beg 0 0
1615157234763947 126273847801536 drain_end 1 0
1615157234764787 126273847801536 subm_beg 1 0
1615157238495630 126273847801536 subm_end 1 0
1615157238496120 126273847801536 pump_beg 1 0
1615157254625018 126273847801536 pump_end 1 2
1615157256659023 126273847801536 coll_beg 0 0
1615157268896174 126273847801536 coll_end 0 0
1615157270814893 126273847801536 emit_beg 1219 0
1615157276189316 126273847801536 emit_end 1219 0
1615157276192826 126273847801536 drain_beg 0 0
1615157276193266 126273847801536 drain_end 1 0
1615157276193586 126273847801536 subm_beg 1 0
1615157279549653 126273847801536 subm_end 1 0
1615157279550043 126273847801536 pump_beg 1 0
1615157296852397 126273847801536 pump_end 1 2
1615157298961780 126273847801536 coll_beg 0 0
1615157315161195 126273847801536 coll_end 0 0
1615157317208210 126273847801536 emit_beg 1220 0
1615157322851373 126273847801536 emit_end 1220 0
1615157322855353 126273847801536 drain_beg 0 0
1615157322855783 126273847801536 drain_end 1 0
1615157322856293 126273847801536 subm_beg 1 0
1615157326590616 126273847801536 subm_end 1 0
1615157326591056 126273847801536 pump_beg 1 0
1615157342532791 126273847801536 pump_end 1 2
1615157345658206 126273847801536 coll_beg 0 0
1615157357243851 126273847801536 coll_end 0 0
1615157359197429 126273847801536 emit_beg 1221 0
1615157366755781 126273847801536 emit_end 1221 0
1615157366759631 126273847801536 drain_beg 0 0
1615157366760171 126273847801536 drain_end 1 0
1615157366760811 126273847801536 subm_beg 1 0
1615157368633482 126273847801536 subm_end 1 0
1615157368633962 126273847801536 pump_beg 1 0
1615157384582367 126273847801536 pump_end 1 2
1615157388147996 126273847801536 coll_beg 0 0
1615157400831471 126273847801536 coll_end 0 0
1615157403104197 126273847801536 emit_beg 1222 0
1615157408904234 126273847801536 emit_end 1222 0
1615157408909244 126273847801536 drain_beg 0 0
1615157408909874 126273847801536 drain_end 1 0
1615157408910564 126273847801536 subm_beg 1 0
1615157412410375 126273847801536 subm_end 1 0
1615157412410985 126273847801536 pump_beg 1 0
1615157429322455 126273847801536 pump_end 1 2
1615157431774715 126273847801536 coll_beg 0 0
1615157447746548 126273847801536 coll_end 0 0
1615157449767264 126273847801536 emit_beg 1223 0
1615157453657171 126273847801536 emit_end 1223 0
1615157453661361 126273847801536 drain_beg 0 0
1615157453662021 126273847801536 drain_end 1 0
1615157453662881 126273847801536 subm_beg 1 0
1615157457210201 126273847801536 subm_end 1 0
1615157457210571 126273847801536 pump_beg 1 0
1615157472923294 126273847801536 pump_end 1 2
1615157476327779 126273847801536 coll_beg 0 0
1615157484750350 126273847801536 coll_end 0 0
1615157488322889 126273847801536 emit_beg 1224 0
1615157492305073 126273847801536 emit_end 1224 0
1615157492315832 126273847801536 drain_beg 0 0
1615157492317292 126273847801536 drain_end 1 0
1615157492318432 126273847801536 subm_beg 1 0
1615157495828263 126273847801536 subm_end 1 0
1615157495829083 126273847801536 pump_beg 1 0
1615157511656532 126273847801536 pump_end 1 2
1615157516794894 126273847801536 coll_beg 0 0
1615157528053130 126273847801536 coll_end 0 0
1615157530067936 126273847801536 emit_beg 1225 0
1615157535838324 126273847801536 emit_end 1225 0
1615157535842474 126273847801536 drain_beg 0 0
1615157535843054 126273847801536 drain_end 1 0
1615157535843984 126273847801536 subm_beg 1 0
1615157539393464 126273847801536 subm_end 1 0
1615157539393864 126273847801536 pump_beg 1 0
1615157555827011 126273847801536 pump_end 1 2
1615157557867466 126273847801536 coll_beg 0 0
1615157569392173 126273847801536 coll_end 0 0
1615157571248885 126273847801536 emit_beg 1226 0
1615157576970365 126273847801536 emit_end 1226 0
1615157576973774 126273847801536 drain_beg 0 0
1615157576974154 126273847801536 drain_end 1 0
1615157576974634 126273847801536 subm_beg 1 0
1615157580485356 126273847801536 subm_end 1 0
1615157580485806 126273847801536 pump_beg 1 0
1615157597853328 126273847801536 pump_end 1 2
1615157600909706 126273847801536 coll_beg 0 0
1615157612808249 126273847801536 coll_end 0 0
1615157614911902 126273847801536 emit_beg 1227 0
1615157619349759 126273847801536 emit_end 1227 0
1615157619353459 126273847801536 drain_beg 0 0
1615157619354129 126273847801536 drain_end 1 0
1615157619354929 126273847801536 subm_beg 1 0
1615157622767794 126273847801536 subm_end 1 0
1615157622768114 126273847801536 pump_beg 1 0
1615157638166968 126273847801536 pump_end 1 2
1615157643533101 126273847801536 coll_beg 0 0
1615157654570666 126273847801536 coll_end 0 0
1615157656456677 126273847801536 emit_beg 1228 0
1615157662207396 126273847801536 emit_end 1228 0
1615157662211076 126273847801536 drain_beg 0 0
1615157662211586 126273847801536 drain_end 1 0
1615157662212226 126273847801536 subm_beg 1 0
1615157665756105 126273847801536 subm_end 1 0
1615157665756755 126273847801536 pump_beg 1 0
1615157682358496 126273847801536 pump_end 1 2
1615157685832778 126273847801536 coll_beg 0 0
1615157697250449 126273847801536 coll_end 0 0
1615157699375941 126273847801536 emit_beg 1229 0
1615157705146079 126273847801536 emit_end 1229 0
1615157705150169 126273847801536 drain_beg 0 0
1615157705150789 126273847801536 drain_end 1 0
1615157705151459 126273847801536 subm_beg 1 0
1615157708703259 126273847801536 subm_end 1 0
1615157708703779 126273847801536 pump_beg 1 0
1615157724988531 126273847801536 pump_end 1 2
1615157727439741 126273847801536 coll_beg 0 0
1615157737828330 126273847801536 coll_end 0 0
1615157739726760 126273847801536 emit_beg 1230 0
1615157745348284 126273847801536 emit_end 1230 0
1615157745358693 126273847801536 drain_beg 0 0
1615157745359143 126273847801536 drain_end 1 0
1615157745359563 126273847801536 subm_beg 1 0
1615157748804557 126273847801536 subm_end 1 0
1615157748804917 126273847801536 pump_beg 1 0
1615157765346140 126273847801536 pump_end 1 2
1615157768188305 126273847801536 coll_beg 0 0
1615157777762714 126273847801536 coll_end 0 0
1615157779819778 126273847801536 emit_beg 1231 0
1615157785491760 126273847801536 emit_end 1231 0
1615157785495240 126273847801536 drain_beg 0 0
1615157785495670 126273847801536 drain_end 1 0
1615157785496020 126273847801536 subm_beg 1 0
1615157789102288 126273847801536 subm_end 1 0
1615157789102608 126273847801536 pump_beg 1 0
1615157805525865 126273847801536 pump_end 1 2
1615157807900527 126273847801536 coll_beg 0 0
1615157816002120 126273847801536 coll_end 0 0
1615157817857912 126273847801536 emit_beg 1232 0
1615157823257954 126273847801536 emit_end 1232 0
1615157823260524 126273847801536 drain_beg 0 0
1615157823260904 126273847801536 drain_end 1 0
1615157823261214 126273847801536 subm_beg 1 0
1615157826594401 126273847801536 subm_end 1 0
1615157826594861 126273847801536 pump_beg 1 0
1615157843409344 126273847801536 pump_end 1 2
1615157846090286 126273847801536 coll_beg 0 0
1615157853933568 126273847801536 coll_end 0 0
1615157855814519 126273847801536 emit_beg 1233 0
1615157861158073 126273847801536 emit_end 1233 0
1615157861160772 126273847801536 drain_beg 0 0
1615157861161072 126273847801536 drain_end 1 0
1615157861161442 126273847801536 subm_beg 1 0
1615157864516429 126273847801536 subm_end 1 0
1615157864520799 126273847801536 pump_beg 1 0
1615157881508805 126273847801536 pump_end 1 2
1615157884066772 126273847801536 coll_beg 0 0
1615157892208663 126273847801536 coll_end 0 0
1615157894038185 126273847801536 emit_beg 1234 0
1615157899389979 126273847801536 emit_end 1234 0
1615157899393059 126273847801536 drain_beg 0 0
1615157899393419 126273847801536 drain_end 1 0
1615157899393789 126273847801536 subm_beg 1 0
1615157902798594 126273847801536 subm_end 1 0
1615157902799114 126273847801536 pump_beg 1 0
1615157919404544 126273847801536 pump_end 1 2
1615157922406784 126273847801536 coll_beg 0 0
1615157929788583 126273847801536 coll_end 0 0
1615157931587337 126273847801536 emit_beg 1235 0
1615157936886862 126273847801536 emit_end 1235 0
1615157936889832 126273847801536 drain_beg 0 0
1615157936890342 126273847801536 drain_end 1 0
1615157936890642 126273847801536 subm_beg 1 0
1615157940270778 126273847801536 subm_end 1 0
1615157940271238 126273847801536 pump_beg 1 0
1615157957611092 126273847801536 pump_end 1 2
1615157959609718 126273847801536 coll_beg 0 0
1615157968500372 126273847801536 coll_end 0 0
1615157970494329 126273847801536 emit_beg 1236 0
1615157977822130 126273847801536 emit_end 1236 0
1615157977826700 126273847801536 drain_beg 0 0
1615157977827380 126273847801536 drain_end 1 0
1615157977828070 126273847801536 subm_beg 1 0
1615157979612774 126273847801536 subm_end 1 0
1615157979613284 126273847801536 pump_beg 1 0
1615157996864011 126273847801536 pump_end 1 2
1615157999477145 126273847801536 coll_beg 0 0
1615158008014132 126273847801536 coll_end 0 0
1615158009892763 126273847801536 emit_beg 1237 0
1615158015261955 126273847801536 emit_end 1237 0
1615158015265355 126273847801536 drain_beg 0 0
1615158015265745 126273847801536 drain_end 1 0
1615158015266265 126273847801536 subm_beg 1 0
1615158018562374 126273847801536 subm_end 1 0
1615158018562764 126273847801536 pump_beg 1 0
1615158035693705 126273847801536 pump_end 1 2
1615158037655883 126273847801536 coll_beg 0 0
1615158046258288 126273847801536 coll_end 0 0
1615158048102280 126273847801536 emit_beg 1238 0
1615158053636157 126273847801536 emit_end 1238 0
1615158053639887 126273847801536 drain_beg 0 0
1615158053640507 126273847801536 drain_end 1 0
1615158053640857 126273847801536 subm_beg 1 0
1615158056794611 126273847801536 subm_end 1 0
1615158056794971 126273847801536 pump_beg 1 0
1615158073581665 126273847801536 pump_end 1 2
1615158076928342 126273847801536 coll_beg 0 0
1615158084774824 126273847801536 coll_end 0 0
1615158086588207 126273847801536 emit_beg 1239 0
1615158091946270 126273847801536 emit_end 1239 0
1615158091949700 126273847801536 drain_beg 0 0
1615158091950080 126273847801536 drain_end 1 0
1615158091950600 126273847801536 subm_beg 1 0
1615158095283478 126273847801536 subm_end 1 0
1615158095283808 126273847801536 pump_beg 1 0
1615158111271901 126273847801536 pump_end 1 2
1615158113241769 126273847801536 coll_beg 0 0
1615158120672106 126273847801536 coll_end 0 0
1615158122489189 126273847801536 emit_beg 1240 0
1615158127979028 126273847801536 emit_end 1240 0
1615158127983328 126273847801536 drain_beg 0 0
1615158127984078 126273847801536 drain_end 1 0
1615158127984688 126273847801536 subm_beg 1 0
1615158131309215 126273847801536 subm_end 1 0
1615158131309605 126273847801536 pump_beg 1 0
1615158147091556 126273847801536 pump_end 1 2
1615158148841482 126273847801536 coll_beg 0 0
1615158156240450 126273847801536 coll_end 0 0
1615158158097672 126273847801536 emit_beg 1241 0
1615158163493214 126273847801536 emit_end 1241 0
1615158163497594 126273847801536 drain_beg 0 0
1615158163498194 126273847801536 drain_end 1 0
1615158163498864 126273847801536 subm_beg 1 0
1615158166740175 126273847801536 subm_end 1 0
1615158166741095 126273847801536 pump_beg 1 0
1615158182547725 126273847801536 pump_end 1 2
1615158185097421 126273847801536 coll_beg 0 0
1615158192945533 126273847801536 coll_end 0 0
1615158194799825 126273847801536 emit_beg 1242 0
1615158200325562 126273847801536 emit_end 1242 0
1615158200329012 126273847801536 drain_beg 0 0
1615158200329802 126273847801536 drain_end 1 0
1615158200330292 126273847801536 subm_beg 1 0
1615158203605292 126273847801536 subm_end 1 0
1615158203606162 126273847801536 pump_beg 1 0
1615158219969531 126273847801536 pump_end 1 2
1615158222341084 126273847801536 coll_beg 0 0
1615158229527450 126273847801536 coll_end 0 0
1615158231364393 126273847801536 emit_beg 1243 0
1615158237123211 126273847801536 emit_end 1243 0
1615158237128681 126273847801536 drain_beg 0 0
1615158237129271 126273847801536 drain_end 1 0
1615158237129951 126273847801536 subm_beg 1 0
1615158240312514 126273847801536 subm_end 1 0
1615158240313184 126273847801536 pump_beg 1 0
1615158257371318 126273847801536 pump_end 1 2
1615158259504709 126273847801536 coll_beg 0 0
1615158267949590 126273847801536 coll_end 0 0
1615158269914637 126273847801536 emit_beg 1244 0
1615158277491369 126273847801536 emit_end 1244 0
1615158277495809 126273847801536 drain_beg 0 0
1615158277496359 126273847801536 drain_end 1 0
1615158277496649 126273847801536 subm_beg 1 0
1615158279408329 126273847801536 subm_end 1 0
1615158279408639 126273847801536 pump_beg 1 0
1615158296270980 126273847801536 pump_end 1 2
1615158299887677 126273847801536 coll_beg 0 0
1615158307700150 126273847801536 coll_end 0 0
1615158309691207 126273847801536 emit_beg 1245 0
1615158315375239 126273847801536 emit_end 1245 0
1615158315380238 126273847801536 drain_beg 0 0
1615158315381118 126273847801536 drain_end 1 0
1615158315382038 126273847801536 subm_beg 1 0
1615158318935908 126273847801536 subm_end 1 0
1615158318936468 126273847801536 pump_beg 1 0
1615158336426426 126273847801536 pump_end 1 2
1615158340058962 126273847801536 coll_beg 0 0
1615158347881745 126273847801536 coll_end 0 0
1615158349738097 126273847801536 emit_beg 1246 0
1615158355497996 126273847801536 emit_end 1246 0
1615158355501596 126273847801536 drain_beg 0 0
1615158355502056 126273847801536 drain_end 1 0
1615158355502616 126273847801536 subm_beg 1 0
1615158359031566 126273847801536 subm_end 1 0
1615158359031746 126273847801536 pump_beg 1 0
1615158377450760 126273847801536 pump_end 1 2
1615158379435067 126273847801536 coll_beg 0 0
1615158389389002 126273847801536 coll_end 0 0
1615158391268623 126273847801536 emit_beg 1247 0
1615158396922835 126273847801536 emit_end 1247 0
1615158396925505 126273847801536 drain_beg 0 0
1615158396925985 126273847801536 drain_end 1 0
1615158396926425 126273847801536 subm_beg 1 0
1615158400433296 126273847801536 subm_end 1 0
1615158400435046 126273847801536 pump_beg 1 0
1615158419990338 126273847801536 pump_end 1 2
1615158423400443 126273847801536 coll_beg 0 0
1615158433885788 126273847801536 coll_end 0 0
1615158436069418 126273847801536 emit_beg 1248 0
1615158441921583 126273847801536 emit_end 1248 0
1615158441924963 126273847801536 drain_beg 0 0
1615158441925293 126273847801536 drain_end 1 0
1615158441925993 126273847801536 subm_beg 1 0
1615158445430964 126273847801536 subm_end 1 0
1615158445431864 126273847801536 pump_beg 1 0
1615158463926326 126273847801536 pump_end 1 2
1615158465958341 126273847801536 coll_beg 0 0
1615158482657878 126273847801536 coll_end 0 0
1615158484863127 126273847801536 emit_beg 1249 0
1615158490763830 126273847801536 emit_end 1249 0
1615158490768040 126273847801536 drain_beg 0 0
1615158490768650 126273847801536 drain_end 1 0
1615158490769530 126273847801536 subm_beg 1 0
1615158494463814 126273847801536 subm_end 1 0
1615158494464304 126273847801536 pump_beg 1 0
1615158510814294 126273847801536 pump_end 1 2
1615158514525728 126273847801536 coll_beg 0 0
1615158527638007 126273847801536 coll_end 0 0
1615158529817127 126273847801536 emit_beg 1250 0
1615158533899907 126273847801536 emit_end 1250 0
1615158533904247 126273847801536 drain_beg 0 0
1615158533904737 126273847801536 drain_end 1 0
1615158533905087 126273847801536 subm_beg 1 0
1615158537511794 126273847801536 subm_end 1 0
1615158537512214 126273847801536 pump_beg 1 0
1615158553663171 126273847801536 pump_end 1 2
1615158556192208 126273847801536 coll_beg 0 0
1615158563621486 126273847801536 coll_end 0 0
1615158566257619 126273847801536 emit_beg 1251 0
1615158572161882 126273847801536 emit_end 1251 0
1615158572165162 126273847801536 drain_beg 0 0
1615158572165602 126273847801536 drain_end 1 0
1615158572165872 126273847801536 subm_beg 1 0
1615158575640395 126273847801536 subm_end 1 0
1615158575640695 126273847801536 pump_beg 1 0
1615158590811108 126273847801536 pump_end 1 2
1615158592739867 126273847801536 coll_beg 0 0
1615158599489229 126273847801536 coll_end 0 0
1615158601475506 126273847801536 emit_beg 1252 0
1615158607092880 126273847801536 emit_end 1252 0
1615158607095440 126273847801536 drain_beg 0 0
1615158607095700 126273847801536 drain_end 1 0
1615158607096060 126273847801536 subm_beg 1 0
1615158610860932 126273847801536 subm_end 1 0
1615158610861252 126273847801536 pump_beg 1 0
1615158627063777 126273847801536 pump_end 1 2
1615158630160673 126273847801536 coll_beg 0 0
1615158637743845 126273847801536 coll_end 0 0
1615158639803939 126273847801536 emit_beg 1253 0
1615158645727202 126273847801536 emit_end 1253 0
1615158645731092 126273847801536 drain_beg 0 0
1615158645731582 126273847801536 drain_end 1 0
1615158645732382 126273847801536 subm_beg 1 0
1615158649219044 126273847801536 subm_end 1 0
1615158649219374 126273847801536 pump_beg 1 0
1615158665017894 126273847801536 pump_end 1 2
1615158667118027 126273847801536 coll_beg 0 0
1615158674622041 126273847801536 coll_end 0 0
1615158676833690 126273847801536 emit_beg 1254 0
1615158680957008 126273847801536 emit_end 1254 0
1615158680960448 126273847801536 drain_beg 0 0
1615158680960888 126273847801536 drain_end 1 0
1615158680961368 126273847801536 subm_beg 1 0
1615158684561206 126273847801536 subm_end 1 0
1615158684561446 126273847801536 pump_beg 1 0
1615158701144247 126273847801536 pump_end 1 2
1615158704310981 126273847801536 coll_beg 0 0
1615158711960540 126273847801536 coll_end 0 0
1615158713825232 126273847801536 emit_beg 1255 0
1615158719631269 126273847801536 emit_end 1255 0
1615158719634649 126273847801536 drain_beg 0 0
1615158719635259 126273847801536 drain_end 1 0
1615158719635729 126273847801536 subm_beg 1 0
1615158723257546 126273847801536 subm_end 1 0
1615158723257946 126273847801536 pump_beg 1 0
1615158738194097 126273847801536 pump_end 1 2
1615158740399966 126273847801536 coll_beg 0 0
1615158747061922 126273847801536 coll_end 0 0
1615158748925873 126273847801536 emit_beg 1256 0
1615158754522568 126273847801536 emit_end 1256 0
1615158754526188 126273847801536 drain_beg 0 0
1615158754526658 126273847801536 drain_end 1 0
1615158754527028 126273847801536 subm_beg 1 0
1615158757777828 126273847801536 subm_end 1 0
1615158757778128 126273847801536 pump_beg 1 0
1615158774255924 126273847801536 pump_end 1 2
1615158776313588 126273847801536 coll_beg 0 0
1615158784766818 126273847801536 coll_end 0 0
1615158786732686 126273847801536 emit_beg 1257 0
1615158792245643 126273847801536 emit_end 1257 0
1615158792249843 126273847801536 drain_beg 0 0
1615158792250173 126273847801536 drain_end 1 0
1615158792250523 126273847801536 subm_beg 1 0
1615158795516503 126273847801536 subm_end 1 0
1615158795516903 126273847801536 pump_beg 1 0
1615158813055919 126273847801536 pump_end 1 2
1615158815314866 126273847801536 coll_beg 0 0
1615158826924490 126273847801536 coll_end 0 0
1615158829148379 126273847801536 emit_beg 1258 0
1615158834866249 126273847801536 emit_end 1258 0
1615158834871128 126273847801536 drain_beg 0 0
1615158834871918 126273847801536 drain_end 1 0
1615158834872738 126273847801536 subm_beg 1 0
1615158838057801 126273847801536 subm_end 1 0
1615158838058271 126273847801536 pump_beg 1 0
1615158855556409 126273847801536 pump_end 1 2
1615158857982620 126273847801536 coll_beg 0 0
1615158868913519 126273847801536 coll_end 0 0
1615158871070000 126273847801536 emit_beg 1259 0
1615158878634952 126273847801536 emit_end 1259 0
1615158878640602 126273847801536 drain_beg 0 0
1615158878641352 126273847801536 drain_end 1 0
1615158878642262 126273847801536 subm_beg 1 0
1615158880477894 126273847801536 subm_end 1 0
1615158880478284 126273847801536 pump_beg 1 0
1615158897477340 126273847801536 pump_end 1 2
1615158899326212 126273847801536 coll_beg 0 0
1615158907265301 126273847801536 coll_end 0 0
1615158909072265 126273847801536 emit_beg 1260 0
1615158914615211 126273847801536 emit_end 1260 0
1615158914618721 126273847801536 drain_beg 0 0
1615158914619141 126273847801536 drain_end 1 0
1615158914619561 126273847801536 subm_beg 1 0
1615158918139452 126273847801536 subm_end 1 0
1615158918141392 126273847801536 pump_beg 1 0
1615158934186763 126273847801536 pump_end 1 2
1615158937889337 126273847801536 coll_beg 0 0
1615158945654522 126273847801536 coll_end 0 0
1615158947557612 126273847801536 emit_beg 1261 0
1615158952978573 126273847801536 emit_end 1261 0
1615158952981613 126273847801536 drain_beg 0 0
1615158952981873 126273847801536 drain_end 1 0
1615158952982153 126273847801536 subm_beg 1 0
1615158956357269 126273847801536 subm_end 1 0
1615158956358789 126273847801536 pump_beg 1 0
1615158972945410 126273847801536 pump_end 1 2
1615158976420552 126273847801536 coll_beg 0 0
1615158984191197 126273847801536 coll_end 0 0
1615158986014710 126273847801536 emit_beg 1262 0
1615158991563287 126273847801536 emit_end 1262 0
1615158991567536 126273847801536 drain_beg 0 0
1615158991568166 126273847801536 drain_end 1 0
1615158991568886 126273847801536 subm_beg 1 0
1615158994708931 126273847801536 subm_end 1 0
1615158994709511 126273847801536 pump_beg 1 0
1615159011637900 126273847801536 pump_end 1 2
1615159013457123 126273847801536 coll_beg 0 0
1615159021393891 126273847801536 coll_end 0 0
1615159023336850 126273847801536 emit_beg 1263 0
1615159027036734 126273847801536 emit_end 1263 0
1615159027040794 126273847801536 drain_beg 0 0
1615159027041244 126273847801536 drain_end 1 0
1615159027042014 126273847801536 subm_beg 1 0
1615159030641942 126273847801536 subm_end 1 0
1615159030642342 126273847801536 pump_beg 1 0
1615159046248779 126273847801536 pump_end 1 2
1615159048719838 126273847801536 coll_beg 0 0
1615159055883545 126273847801536 coll_end 0 0
1615159058312426 126273847801536 emit_beg 1264 0
1615159063681609 126273847801536 emit_end 1264 0
1615159063686339 126273847801536 drain_beg 0 0
1615159063687019 126273847801536 drain_end 1 0
1615159063687649 126273847801536 subm_beg 1 0
1615159066987588 126273847801536 subm_end 1 0
1615159066991567 126273847801536 pump_beg 1 0
1615159082615614 126273847801536 pump_end 1 2
1615159085870414 126273847801536 coll_beg 0 0
1615159093317041 126273847801536 coll_end 0 0
1615159095203092 126273847801536 emit_beg 1265 0
1615159098830509 126273847801536 emit_end 1265 0
1615159098833859 126273847801536 drain_beg 0 0
1615159098843678 126273847801536 drain_end 1 0
1615159098844138 126273847801536 subm_beg 1 0
1615159102119818 126273847801536 subm_end 1 0
1615159102120098 126273847801536 pump_beg 1 0
1615159118406680 126273847801536 pump_end 1 2
1615159120712546 126273847801536 coll_beg 0 0
1615159127942930 126273847801536 coll_end 0 0
1615159129686646 126273847801536 emit_beg 1266 0
1615159134952433 126273847801536 emit_end 1266 0
1615159134955553 126273847801536 drain_beg 0 0
1615159134955933 126273847801536 drain_end 1 0
1615159134956373 126273847801536 subm_beg 1 0
1615159138329799 126273847801536 subm_end 1 0
1615159138330129 126273847801536 pump_beg 1 0
1615159154773695 126273847801536 pump_end 1 2
1615159157114799 126273847801536 coll_beg 0 0
1615159167127052 126273847801536 coll_end 0 0
1615159168933535 126273847801536 emit_beg 1267 0
1615159174344157 126273847801536 emit_end 1267 0
1615159174347027 126273847801536 drain_beg 0 0
1615159174347357 126273847801536 drain_end 1 0
1615159174347717 126273847801536 subm_beg 1 0
1615159177684154 126273847801536 subm_end 1 0
1615159177684474 126273847801536 pump_beg 1 0
1615159194959680 126273847801536 pump_end 1 2
1615159197451489 126273847801536 coll_beg 0 0
1615159210273428 126273847801536 coll_end 0 0
1615159212326353 126273847801536 emit_beg 1268 0
1615159216219500 126273847801536 emit_end 1268 0
1615159216222459 126273847801536 drain_beg 0 0
1615159216222769 126273847801536 drain_end 1 0
1615159216223099 126273847801536 subm_beg 1 0
1615159219801908 126273847801536 subm_end 1 0
1615159219802348 126273847801536 pump_beg 1 0
1615159237416771 126273847801536 pump_end 1 2
1615159240273057 126273847801536 coll_beg 0 0
1615159250648136 126273847801536 coll_end 0 0
1615159252549526 126273847801536 emit_beg 1269 0
1615159258389702 126273847801536 emit_end 1269 0
1615159258394171 126273847801536 drain_beg 0 0
1615159258394701 126273847801536 drain_end 1 0
1615159258395671 126273847801536 subm_beg 1 0
1615159261826295 126273847801536 subm_end 1 0
1615159261828695 126273847801536 pump_beg 1 0
1615159278170145 126273847801536 pump_end 1 2
1615159280217140 126273847801536 coll_beg 0 0
1615159288885382 126273847801536 coll_end 0 0
1615159290958836 126273847801536 emit_beg 1270 0
1615159296721814 126273847801536 emit_end 1270 0
1615159296725824 126273847801536 drain_beg 0 0
1615159296726574 126273847801536 drain_end 1 0
1615159296727014 126273847801536 subm_beg 1 0
1615159300454437 126273847801536 subm_end 1 0
1615159300454847 126273847801536 pump_beg 1 0
1615159316643403 126273847801536 pump_end 1 2
1615159318752506 126273847801536 coll_beg 0 0
1615159326326108 126273847801536 coll_end 0 0
1615159328250877 126273847801536 emit_beg 1271 0
1615159334000816 126273847801536 emit_end 1271 0
1615159334003646 126273847801536 drain_beg 0 0
1615159334004106 126273847801536 drain_end 1 0
1615159334004496 126273847801536 subm_beg 1 0
1615159337512477 126273847801536 subm_end 1 0
1615159337521607 126273847801536 pump_beg 1 0
1615159353831538 126273847801536 pump_end 1 2
1615159357492524 126273847801536 coll_beg 0 0
1615159367738237 126273847801536 coll_end 0 0
1615159370007914 126273847801536 emit_beg 1272 0
1615159375833510 126273847801536 emit_end 1272 0
1615159375837160 126273847801536 drain_beg 0 0
1615159375837790 126273847801536 drain_end 1 0
1615159375838270 126273847801536 subm_beg 1 0
1615159379380650 126273847801536 subm_end 1 0
1615159379381100 126273847801536 pump_beg 1 0
1615159395727430 126273847801536 pump_end 1 2
1615159399111006 126273847801536 coll_beg 0 0
1615159406294512 126273847801536 coll_end 0 0
1615159408319788 126273847801536 emit_beg 1273 0
1615159413985650 126273847801536 emit_end 1273 0
1615159413989460 126273847801536 drain_beg 0 0
1615159413990030 126273847801536 drain_end 1 0
1615159413990680 126273847801536 subm_beg 1 0
1615159417529550 126273847801536 subm_end 1 0
1615159417529970 126273847801536 pump_beg 1 0
1615159434209927 126273847801536 pump_end 1 2
1615159436109778 126273847801536 coll_beg 0 0
1615159445073579 126273847801536 coll_end 0 0
1615159447269358 126273847801536 emit_beg 1274 0
1615159451227743 126273847801536 emit_end 1274 0
1615159451231543 126273847801536 drain_beg 0 0
1615159451232003 126273847801536 drain_end 1 0
1615159451232533 126273847801536 subm_beg 1 0
1615159454726744 126273847801536 subm_end 1 0
1615159454727084 126273847801536 pump_beg 1 0
1615159472075007 126273847801536 pump_end 1 2
1615159474805217 126273847801536 coll_beg 0 0
1615159483263037 126273847801536 coll_end 0 0
1615159485168617 126273847801536 emit_beg 1275 0
1615159491448746 126273847801536 emit_end 1275 0
1615159491457946 126273847801536 drain_beg 0 0
1615159491459536 126273847801536 drain_end 1 0
1615159491460906 126273847801536 subm_beg 1 0
1615159494803073 126273847801536 subm_end 1 0
1615159494803823 126273847801536 pump_beg 1 0
1615159512531852 126273847801536 pump_end 1 2
1615159516011955 126273847801536 coll_beg 0 0
1615159525004734 126273847801536 coll_end 0 0
1615159527157775 126273847801536 emit_beg 1276 0
1615159531005854 126273847801536 emit_end 1276 0
1615159531009124 126273847801536 drain_beg 0 0
1615159531011874 126273847801536 drain_end 1 0
1615159531012454 126273847801536 subm_beg 1 0
1615159534604622 126273847801536 subm_end 1 0
1615159534604982 126273847801536 pump_beg 1 0
1615159551256761 126273847801536 pump_end 1 2
1615159554725303 126273847801536 coll_beg 0 0
1615159562529957 126273847801536 coll_end 0 0
1615159564414338 126273847801536 emit_beg 1277 0
1615159570080530 126273847801536 emit_end 1277 0
1615159570083630 126273847801536 drain_beg 0 0
1615159570083940 126273847801536 drain_end 1 0
1615159570084589 126273847801536 subm_beg 1 0
1615159573643539 126273847801536 subm_end 1 0
1615159573643859 126273847801536 pump_beg 1 0
1615159590483711 126273847801536 pump_end 1 2
1615159593664014 126273847801536 coll_beg 0 0
1615159601773176 126273847801536 coll_end 0 0
1615159603844170 126273847801536 emit_beg 1278 0
1615159609508342 126273847801536 emit_end 1278 0
1615159609511282 126273847801536 drain_beg 0 0
1615159609511602 126273847801536 drain_end 1 0
1615159609512052 126273847801536 subm_beg 1 0
1615159613221486 126273847801536 subm_end 1 0
1615159613228426 126273847801536 pump_beg 1 0
1615159629490739 126273847801536 pump_end 1 2
1615159631571573 126273847801536 coll_beg 0 0
1615159643367119 126273847801536 coll_end 0 0
1615159645519070 126273847801536 emit_beg 1279 0
1615159651385295 126273847801536 emit_end 1279 0
1615159651388845 126273847801536 drain_beg 0 0
1615159651389385 126273847801536 drain_end 1 0
1615159651390175 126273847801536 subm_beg 1 0
1615159654995263 126273847801536 subm_end 1 0
1615159654995643 126273847801536 pump_beg 1 0
1615159672153473 126273847801536 pump_end 1 2
1615159675118674 126273847801536 coll_beg 0 0
1615159684935353 126273847801536 coll_end 0 0
1615159687147822 126273847801536 emit_beg 1280 0
1615159692735477 126273847801536 emit_end 1280 0
1615159692738567 126273847801536 drain_beg 0 0
1615159692739067 126273847801536 drain_end 1 0
1615159692739417 126273847801536 subm_beg 1 0
1615159696057695 126273847801536 subm_end 1 0
1615159696058105 126273847801536 pump_beg 1 0
1615159712258911 126273847801536 pump_end 1 2
1615159714905663 126273847801536 coll_beg 0 0
1615159722515004 126273847801536 coll_end 0 0
1615159724398315 126273847801536 emit_beg 1281 0
1615159729774267 126273847801536 emit_end 1281 0
1615159729776427 126273847801536 drain_beg 0 0
1615159729776647 126273847801536 drain_end 1 0
1615159729777007 126273847801536 subm_beg 1 0
1615159733148834 126273847801536 subm_end 1 0
1615159733149144 126273847801536 pump_beg 1 0
1615159750101121 126273847801536 pump_end 1 2
1615159751904165 126273847801536 coll_beg 0 0
1615159761217713 126273847801536 coll_end 0 0
1615159763103004 126273847801536 emit_beg 1282 0
1615159770275981 126273847801536 emit_end 1282 0
1615159770279131 126273847801536 drain_beg 0 0
1615159770279461 126273847801536 drain_end 1 0
1615159770279791 126273847801536 subm_beg 1 0
1615159772070295 126273847801536 subm_end 1 0
1615159772070785 126273847801536 pump_beg 1 0
1615159789388539 126273847801536 pump_end 1 2
1615159792405098 126273847801536 coll_beg 0 0
1615159800694714 126273847801536 coll_end 0 0
1615159802629373 126273847801536 emit_beg 1283 0
1615159806244370 126273847801536 emit_end 1283 0
1615159806246640 126273847801536 drain_beg 0 0
1615159806246910 126273847801536 drain_end 1 0
1615159806247350 126273847801536 subm_beg 1 0
1615159809820209 126273847801536 subm_end 1 0
1615159809820589 126273847801536 pump_beg 1 0
1615159826215137 126273847801536 pump_end 1 2
1615159829305754 126273847801536 coll_beg 0 0
1615159840004161 126273847801536 coll_end 0 0
1615159841888552 126273847801536 emit_beg 1284 0
1615159847201127 126273847801536 emit_end 1284 0
1615159847204847 126273847801536 drain_beg 0 0
1615159847205307 126273847801536 drain_end 1 0
1615159847205877 126273847801536 subm_beg 1 0
1615159850442938 126273847801536 subm_end 1 0
1615159850443318 126273847801536 pump_beg 1 0
1615159867720874 126273847801536 pump_end 1 2
1615159870401255 126273847801536 coll_beg 0 0
1615159881920062 126273847801536 coll_end 0 0
1615159883936618 126273847801536 emit_beg 1285 0
1615159889595421 126273847801536 emit_end 1285 0
1615159889599100 126273847801536 drain_beg 0 0
1615159889599860 126273847801536 drain_end 1 0
1615159889600510 126273847801536 subm_beg 1 0
1615159892959057 126273847801536 subm_end 1 0
1615159892959357 126273847801536 pump_beg 1 0
1615159910301231 126273847801536 pump_end 1 2
1615159912899775 126273847801536 coll_beg 0 0
1615159921626505 126273847801536 coll_end 0 0
1615159923626591 126273847801536 emit_beg 1286 0
1615159928991974 126273847801536 emit_end 1286 0
1615159928995314 126273847801536 drain_beg 0 0
1615159928995704 126273847801536 drain_end 1 0
1615159928996034 126273847801536 subm_beg 1 0
1615159932373810 126273847801536 subm_end 1 0
1615159932374200 126273847801536 pump_beg 1 0
1615159950367310 126273847801536 pump_end 1 2
1615159953807834 126273847801536 coll_beg 0 0
1615159962738286 126273847801536 coll_end 0 0
1615159964914416 126273847801536 emit_beg 1287 0
1615159970876547 126273847801536 emit_end 1287 0
1615159970879537 126273847801536 drain_beg 0 0
1615159970879847 126273847801536 drain_end 1 0
1615159970880607 126273847801536 subm_beg 1 0
1615159974312681 126273847801536 subm_end 1 0
1615159974313241 126273847801536 pump_beg 1 0
1615159991079135 126273847801536 pump_end 1 2
1615159994431362 126273847801536 coll_beg 0 0
1615160005894141 126273847801536 coll_end 0 0
1615160007950816 126273847801536 emit_beg 1288 0
1615160011566023 126273847801536 emit_end 1288 0
1615160011569543 126273847801536 drain_beg 0 0
1615160011570073 126273847801536 drain_end 1 0
1615160011570623 126273847801536 subm_beg 1 0
1615160014879632 126273847801536 subm_end 1 0
1615160014880002 126273847801536 pump_beg 1 0
1615160031516521 126273847801536 pump_end 1 2
1615160033589375 126273847801536 coll_beg 0 0
1615160041402908 126273847801536 coll_end 0 0
1615160043238671 126273847801536 emit_beg 1289 0
1615160048680711 126273847801536 emit_end 1289 0
1615160048684111 126273847801536 drain_beg 0 0
1615160048684561 126273847801536 drain_end 1 0
1615160048685091 126273847801536 subm_beg 1 0
1615160052109815 126273847801536 subm_end 1 0
1615160052110125 126273847801536 pump_beg 1 0
1615160067555008 126273847801536 pump_end 1 2
1615160069338582 126273847801536 coll_beg 0 0
1615160076789759 126273847801536 coll_end 0 0
1615160078626542 126273847801536 emit_beg 1290 0
1615160083941016 126273847801536 emit_end 1290 0
1615160083943686 126273847801536 drain_beg 0 0
1615160083944006 126273847801536 drain_end 1 0
1615160083944386 126273847801536 subm_beg 1 0
1615160087324122 126273847801536 subm_end 1 0
1615160087324422 126273847801536 pump_beg 1 0
1615160103230458 126273847801536 pump_end 1 2
1615160105740236 126273847801536 coll_beg 0 0
1615160112547216 126273847801536 coll_end 0 0
1615160114457306 126273847801536 emit_beg 1291 0
1615160119829929 126273847801536 emit_end 1291 0
1615160119833379 126273847801536 drain_beg 0 0
1615160119833869 126273847801536 drain_end 1 0
1615160119834379 126273847801536 subm_beg 1 0
1615160123229744 126273847801536 subm_end 1 0
1615160123231894 126273847801536 pump_beg 1 0
1615160139288955 126273847801536 pump_end 1 2
1615160141609850 126273847801536 coll_beg 0 0
1615160149881286 126273847801536 coll_end 0 0
1615160151634441 126273847801536 emit_beg 1292 0
1615160155433872 126273847801536 emit_end 1292 0
1615160155437192 126273847801536 drain_beg 0 0
1615160155437692 126273847801536 drain_end 1 0
1615160155438132 126273847801536 subm_beg 1 0
1615160159102957 126273847801536 subm_end 1 0
1615160159103227 126273847801536 pump_beg 1 0
1615160176239778 126273847801536 pump_end 1 2
1615160182150191 126273847801536 coll_beg 0 0
1615160192278449 126273847801536 coll_end 0 0
1615160194274236 126273847801536 emit_beg 1293 0
1615160198151434 126273847801536 emit_end 1293 0
1615160198155064 126273847801536 drain_beg 0 0
1615160198155584 126273847801536 drain_end 1 0
1615160198156244 126273847801536 subm_beg 1 0
1615160201756052 126273847801536 subm_end 1 0
1615160201756572 126273847801536 pump_beg 1 0
1615160219861407 126273847801536 pump_end 1 2
1615160223566191 126273847801536 coll_beg 0 0
1615160233900022 126273847801536 coll_end 0 0
1615160235837191 126273847801536 emit_beg 1294 0
1615160241599679 126273847801536 emit_end 1294 0
1615160241603029 126273847801536 drain_beg 0 0
1615160241603489 126273847801536 drain_end 1 0
1615160241604179 126273847801536 subm_beg 1 0
1615160245324042 126273847801536 subm_end 1 0
1615160245327952 126273847801536 pump_beg 1 0
1615160263379219 126273847801536 pump_end 1 2
1615160266299022 126273847801536 coll_beg 0 0
1615160274898077 126273847801536 coll_end 0 0
1615160276887364 126273847801536 emit_beg 1295 0
1615160282643572 126273847801536 emit_end 1295 0
1615160282648022 126273847801536 drain_beg 0 0
1615160282648372 126273847801536 drain_end 1 0
1615160282648802 126273847801536 subm_beg 1 0
1615160286209991 126273847801536 subm_end 1 0
1615160286213931 126273847801536 pump_beg 1 0
1615160303731518 126273847801536 pump_end 1 2
1615160306942430 126273847801536 coll_beg 0 0
1615160319480240 126273847801536 coll_end 0 0
1615160321459987 126273847801536 emit_beg 1296 0
1615160327251745 126273847801536 emit_end 1296 0
1615160327255775 126273847801536 drain_beg 0 0
1615160327256285 126273847801536 drain_end 1 0
1615160327256925 126273847801536 subm_beg 1 0
1615160330794945 126273847801536 subm_end 1 0
1615160330795275 126273847801536 pump_beg 1 0
1615160347966284 126273847801536 pump_end 1 2
1615160350567039 126273847801536 coll_beg 0 0
1615160362298388 126273847801536 coll_end 0 0
1615160364400331 126273847801536 emit_beg 1297 0
1615160370051114 126273847801536 emit_end 1297 0
1615160370054113 126273847801536 drain_beg 0 0
1615160370054453 126273847801536 drain_end 1 0
1615160370054783 126273847801536 subm_beg 1 0
1615160373715889 126273847801536 subm_end 1 0
1615160373723609 126273847801536 pump_beg 1 0
1615160390004141 126273847801536 pump_end 1 2
1615160392184751 126273847801536 coll_beg 0 0
1615160402066338 126273847801536 coll_end 0 0
1615160404068245 126273847801536 emit_beg 1298 0
1615160407998051 126273847801536 emit_end 1298 0
1615160408003360 126273847801536 drain_beg 0 0
1615160408003870 126273847801536 drain_end 1 0
1615160408004640 126273847801536 subm_beg 1 0
1615160411418315 126273847801536 subm_end 1 0
1615160411418715 126273847801536 pump_beg 1 0
1615160427420468 126273847801536 pump_end 1 2
1615160430171997 126273847801536 coll_beg 0 0
1615160440640782 126273847801536 coll_end 0 0
1615160442679008 126273847801536 emit_beg 1299 0
1615160448504904 126273847801536 emit_end 1299 0
1615160448508534 126273847801536 drain_beg 0 0
1615160448509034 126273847801536 drain_end 1 0
1615160448509574 126273847801536 subm_beg 1 0
1615160452061583 126273847801536 subm_end 1 0
1615160452061983 126273847801536 pump_beg 1 0
1615160468509479 126273847801536 pump_end 1 2
1615160471670683 126273847801536 coll_beg 0 0
1615160478993005 126273847801536 coll_end 0 0
1615160480874875 126273847801536 emit_beg 1300 0
1615160484725724 126273847801536 emit_end 1300 0
1615160484729264 126273847801536 drain_beg 0 0
1615160484737094 126273847801536 drain_end 1 0
1615160484737504 126273847801536 subm_beg 1 0
1615160488524395 126273847801536 subm_end 1 0
1615160488524795 126273847801536 pump_beg 1 0
1615160504297616 126273847801536 pump_end 1 2
1615160507771768 126273847801536 coll_beg 0 0
1615160515035951 126273847801536 coll_end 0 0
1615160516893653 126273847801536 emit_beg 1301 0
1615160522577835 126273847801536 emit_end 1301 0
1615160522580744 126273847801536 drain_beg 0 0
1615160522581254 126273847801536 drain_end 1 0
1615160522581874 126273847801536 subm_beg 1 0
1615160526144424 126273847801536 subm_end 1 0
1615160526144704 126273847801536 pump_beg 1 0
1615160542778423 126273847801536 pump_end 1 2
1615160545495713 126273847801536 coll_beg 0 0
1615160552870213 126273847801536 coll_end 0 0
1615160554888818 126273847801536 emit_beg 1302 0
1615160558771706 126273847801536 emit_end 1302 0
1615160558774756 126273847801536 drain_beg 0 0
1615160558775136 126273847801536 drain_end 1 0
1615160558775876 126273847801536 subm_beg 1 0
1615160562428672 126273847801536 subm_end 1 0
1615160562428942 126273847801536 pump_beg 1 0
1615160578718434 126273847801536 pump_end 1 2
1615160581719344 126273847801536 coll_beg 0 0
1615160597019852 126273847801536 coll_end 0 0
1615160598986270 126273847801536 emit_beg 1303 0
1615160604686880 126273847801536 emit_end 1303 0
1615160604690470 126273847801536 drain_beg 0 0
1615160604690860 126273847801536 drain_end 1 0
1615160604691450 126273847801536 subm_beg 1 0
1615160608208311 126273847801536 subm_end 1 0
1615160608208661 126273847801536 pump_beg 1 0
1615160624666727 126273847801536 pump_end 1 2
1615160626866626 126273847801536 coll_beg 0 0
1615160637023723 126273847801536 coll_end 0 0
1615160639117777 126273847801536 emit_beg 1304 0
1615160643135329 126273847801536 emit_end 1304 0
1615160643139079 126273847801536 drain_beg 0 0
1615160643139729 126273847801536 drain_end 1 0
1615160643140459 126273847801536 subm_beg 1 0
1615160646597092 126273847801536 subm_end 1 0
1615160646597512 126273847801536 pump_beg 1 0
1615160662150501 126273847801536 pump_end 1 2
1615160664788514 126273847801536 coll_beg 0 0
1615160672349597 126273847801536 coll_end 0 0
1615160674123621 126273847801536 emit_beg 1305 0
1615160679721376 126273847801536 emit_end 1305 0
1615160679727606 126273847801536 drain_beg 0 0
1615160679728326 126273847801536 drain_end 1 0
1615160679729066 126273847801536 subm_beg 1 0
1615160682820812 126273847801536 subm_end 1 0
1615160682821642 126273847801536 pump_beg 1 0
1615160701564324 126273847801536 pump_end 1 2
1615160704660571 126273847801536 coll_beg 0 0
1615160718087728 126273847801536 coll_end 0 0
1615160720221329 126273847801536 emit_beg 1306 0
1615160725734437 126273847801536 emit_end 1306 0
1615160725737967 126273847801536 drain_beg 0 0
1615160725738457 126273847801536 drain_end 1 0
1615160725739047 126273847801536 subm_beg 1 0
1615160729123522 126273847801536 subm_end 1 0
1615160729124082 126273847801536 pump_beg 1 0
1615160747513787 126273847801536 pump_end 1 2
1615160749310771 126273847801536 coll_beg 0 0
1615160758869781 126273847801536 coll_end 0 0
1615160760775121 126273847801536 emit_beg 1307 0
1615160766281818 126273847801536 emit_end 1307 0
1615160766285058 126273847801536 drain_beg 0 0
1615160766285378 126273847801536 drain_end 1 0
1615160766285898 126273847801536 subm_beg 1 0
1615160769658054 126273847801536 subm_end 1 0
1615160769658444 126273847801536 pump_beg 1 0
1615160787193471 126273847801536 pump_end 1 2
1615160790671543 126273847801536 coll_beg 0 0
1615160799463860 126273847801536 coll_end 0 0
1615160801307463 126273847801536 emit_beg 1308 0
1615160805064305 126273847801536 emit_end 1308 0
1615160805067985 126273847801536 drain_beg 0 0
1615160805068435 126273847801536 drain_end 1 0
1615160805068975 126273847801536 subm_beg 1 0
1615160808481609 126273847801536 subm_end 1 0
1615160808481989 126273847801536 pump_beg 1 0
1615160825635820 126273847801536 pump_end 1 2
1615160829126591 126273847801536 coll_beg 0 0
1615160836283249 126273847801536 coll_end 0 0
1615160838028525 126273847801536 emit_beg 1309 0
1615160843415677 126273847801536 emit_end 1309 0
1615160843417987 126273847801536 drain_beg 0 0
1615160843418297 126273847801536 drain_end 1 0
1615160843418537 126273847801536 subm_beg 1 0
1615160846829182 126273847801536 subm_end 1 0
1615160846829622 126273847801536 pump_beg 1 0
1615160863102594 126273847801536 pump_end 1 2
1615160865073262 126273847801536 coll_beg 0 0
1615160872558357 126273847801536 coll_end 0 0
1615160874302933 126273847801536 emit_beg 1310 0
1615160879672496 126273847801536 emit_end 1310 0
1615160879675136 126273847801536 drain_beg 0 0
1615160879675616 126273847801536 drain_end 1 0
1615160879676116 126273847801536 subm_beg 1 0
1615160883145239 126273847801536 subm_end 1 0
1615160883145539 126273847801536 pump_beg 1 0
1615160900982794 126273847801536 pump_end 1 2
1615160904560532 126273847801536 coll_beg 0 0
1615160912094786 126273847801536 coll_end 0 0
1615160913880980 126273847801536 emit_beg 1311 0
1615160919363369 126273847801536 emit_end 1311 0
1615160919366309 126273847801536 drain_beg 0 0
1615160919366599 126273847801536 drain_end 1 0
1615160919366859 126273847801536 subm_beg 1 0
1615160922733395 126273847801536 subm_end 1 0
1615160922733905 126273847801536 pump_beg 1 0
1615160938605703 126273847801536 pump_end 1 2
1615160941665440 126273847801536 coll_beg 0 0
1615160950476237 126273847801536 coll_end 0 0
1615160952330469 126273847801536 emit_beg 1312 0
1615160958009130 126273847801536 emit_end 1312 0
1615160958016010 126273847801536 drain_beg 0 0
1615160958016580 126273847801536 drain_end 1 0
1615160958017020 126273847801536 subm_beg 1 0
1615160961368467 126273847801536 subm_end 1 0
1615160961370387 126273847801536 pump_beg 1 0
1615160978586965 126273847801536 pump_end 1 2
1615160981231648 126273847801536 coll_beg 0 0
1615160990853815 126273847801536 coll_end 0 0
1615160992676838 126273847801536 emit_beg 1313 0
1615160998036201 126273847801536 emit_end 1313 0
1615160998041021 126273847801536 drain_beg 0 0
1615160998041621 126273847801536 drain_end 1 0
1615160998042381 126273847801536 subm_beg 1 0
1615161001329460 126273847801536 subm_end 1 0
1615161001329660 126273847801536 pump_beg 1 0
1615161018620095 126273847801536 pump_end 1 2
1615161021326666 126273847801536 coll_beg 0 0
1615161031607899 126273847801536 coll_end 0 0
1615161033511839 126273847801536 emit_beg 1314 0
1615161038935090 126273847801536 emit_end 1314 0
1615161038937940 126273847801536 drain_beg 0 0
1615161038938270 126273847801536 drain_end 1 0
1615161038938530 126273847801536 subm_beg 1 0
1615161042317436 126273847801536 subm_end 1 0
1615161042317806 126273847801536 pump_beg 1 0
1615161059249604 126273847801536 pump_end 1 2
1615161062217065 126273847801536 coll_beg 0 0
1615161070381135 126273847801536 coll_end 0 0
1615161072190509 126273847801536 emit_beg 1315 0
1615161077648378 126273847801536 emit_end 1315 0
1615161077651318 126273847801536 drain_beg 0 0
1615161077651848 126273847801536 drain_end 1 0
1615161077652308 126273847801536 subm_beg 1 0
1615161080964317 126273847801536 subm_end 1 0
1615161080964727 126273847801536 pump_beg 1 0
1615161097349635 126273847801536 pump_end 1 2
1615161099937490 126273847801536 coll_beg 0 0
1615161107779212 126273847801536 coll_end 0 0
1615161109734761 126273847801536 emit_beg 1316 0
1615161115827497 126273847801536 emit_end 1316 0
1615161115833207 126273847801536 drain_beg 0 0
1615161115833857 126273847801536 drain_end 1 0
1615161115834927 126273847801536 subm_beg 1 0
1615161119166945 126273847801536 subm_end 1 0
1615161119167444 126273847801536 pump_beg 1 0
1615161137089086 126273847801536 pump_end 1 2
1615161139079514 126273847801536 coll_beg 0 0
1615161147896510 126273847801536 coll_end 0 0
1615161149807000 126273847801536 emit_beg 1317 0
1615161153651908 126273847801536 emit_end 1317 0
1615161153655348 126273847801536 drain_beg 0 0
1615161153655758 126273847801536 drain_end 1 0
1615161153656408 126273847801536 subm_beg 1 0
1615161157405771 126273847801536 subm_end 1 0
1615161157406081 126273847801536 pump_beg 1 0
1615161174114197 126273847801536 pump_end 1 2
1615161176046646 126273847801536 coll_beg 0 0
1615161184256065 126273847801536 coll_end 0 0
1615161186145776 126273847801536 emit_beg 1318 0
1615161193854533 126273847801536 emit_end 1318 0
1615161193857473 126273847801536 drain_beg 0 0
1615161193857953 126273847801536 drain_end 1 0
1615161193858203 126273847801536 subm_beg 1 0
1615161197376793 126273847801536 subm_end 1 0
1615161197377123 126273847801536 pump_beg 1 0
1615161213955265 126273847801536 pump_end 1 2
1615161217400428 126273847801536 coll_beg 0 0
1615161224779548 126273847801536 coll_end 0 0
1615161226643539 126273847801536 emit_beg 1319 0
1615161232294672 126273847801536 emit_end 1319 0
1615161232297372 126273847801536 drain_beg 0 0
1615161232297681 126273847801536 drain_end 1 0
1615161232297991 126273847801536 subm_beg 1 0
1615161235853511 126273847801536 subm_end 1 0
1615161235853841 126273847801536 pump_beg 1 0
1615161251954080 126273847801536 pump_end 1 2
1615161254302654 126273847801536 coll_beg 0 0
1615161261461251 126273847801536 coll_end 0 0
1615161263383470 126273847801536 emit_beg 1320 0
1615161267222219 126273847801536 emit_end 1320 0
1615161267225889 126273847801536 drain_beg 0 0
1615161267226489 126273847801536 drain_end 1 0
1615161267227199 126273847801536 subm_beg 1 0
1615161270882735 126273847801536 subm_end 1 0
1615161270883085 126273847801536 pump_beg 1 0
1615161287613131 126273847801536 pump_end 1 2
1615161291152611 126273847801536 coll_beg 0 0
1615161299291182 126273847801536 coll_end 0 0
1615161301221231 126273847801536 emit_beg 1321 0
1615161307078546 126273847801536 emit_end 1321 0
1615161307082946 126273847801536 drain_beg 0 0
1615161307083336 126273847801536 drain_end 1 0
1615161307083876 126273847801536 subm_beg 1 0
1615161310513520 126273847801536 subm_end 1 0
1615161310513800 126273847801536 pump_beg 1 0
1615161328129684 126273847801536 pump_end 1 2
1615161331415063 126273847801536 coll_beg 0 0
1615161339857553 126273847801536 coll_end 0 0
1615161341831871 126273847801536 emit_beg 1322 0
1615161347557440 126273847801536 emit_end 1322 0
1615161347562020 126273847801536 drain_beg 0 0
1615161347562500 126273847801536 drain_end 1 0
1615161347563070 126273847801536 subm_beg 1 0
1615161351131609 126273847801536 subm_end 1 0
1615161351132249 126273847801536 pump_beg 1 0
1615161367788408 126273847801536 pump_end 1 2
1615161371149794 126273847801536 coll_beg 0 0
1615161379332114 126273847801536 coll_end 0 0
1615161381239664 126273847801536 emit_beg 1323 0
1615161386931785 126273847801536 emit_end 1323 0
1615161386934655 126273847801536 drain_beg 0 0
1615161386934945 126273847801536 drain_end 1 0
1615161386935265 126273847801536 subm_beg 1 0
1615161390455746 126273847801536 subm_end 1 0
1615161390456026 126273847801536 pump_beg 1 0
1615161407159563 126273847801536 pump_end 1 2
1615161409058753 126273847801536 coll_beg 0 0
1615161416821828 126273847801536 coll_end 0 0
1615161418770376 126273847801536 emit_beg 1324 0
1615161424444328 126273847801536 emit_end 1324 0
1615161424447328 126273847801536 drain_beg 0 0
1615161424447798 126273847801536 drain_end 1 0
1615161424448258 126273847801536 subm_beg 1 0
1615161427969909 126273847801536 subm_end 1 0
1615161427970299 126273847801536 pump_beg 1 0
1615161445051302 126273847801536 pump_end 1 2
1615161448520564 126273847801536 coll_beg 0 0
1615161456687464 126273847801536 coll_end 0 0
1615161458666082 126273847801536 emit_beg 1325 0
1615161464475809 126273847801536 emit_end 1325 0
1615161464478888 126273847801536 drain_beg 0 0
1615161464479258 126273847801536 drain_end 1 0
1615161464479568 126273847801536 subm_beg 1 0
1615161468077606 126273847801536 subm_end 1 0
1615161468078016 126273847801536 pump_beg 1 0
1615161488299084 126273847801536 pump_end 1 2
1615161495097884 126273847801536 coll_beg 0 0
1615161503085971 126273847801536 coll_end 0 0
1615161512029203 126273847801536 emit_beg 1326 0
1615161535239201 126273847801536 emit_end 1326 0
1615161569282111 126273847801536 drain_beg 0 0
1615161569284261 126273847801536 drain_end 1 0
1615161569285131 126273847801536 subm_beg 1 0
1615161573817555 126273847801536 subm_end 1 0
1615161573818405 126273847801536 pump_beg 1 0
1615161598903694 126273847801536 pump_end 1 2
1615161602944896 126273847801536 coll_beg 0 0
1615161613472959 126273847801536 coll_end 0 0
1615161617501571 126273847801536 emit_beg 1327 0
1615161624744055 126273847801536 emit_end 1327 0
1615161624748755 126273847801536 drain_beg 0 0
1615161624749415 126273847801536 drain_end 1 0
1615161624750085 126273847801536 subm_beg 1 0
1615161628728349 126273847801536 subm_end 1 0
1615161628729059 126273847801536 pump_beg 1 0
1615161645648388 126273847801536 pump_end 1 2
1615161650420313 126273847801536 coll_beg 0 0
1615161659706092 126273847801536 coll_end 0 0
1615161662824517 126273847801536 emit_beg 1328 0
1615161672422165 126273847801536 emit_end 1328 0
1615161672426075 126273847801536 drain_beg 0 0
1615161672426515 126273847801536 drain_end 1 0
1615161672427225 126273847801536 subm_beg 1 0
1615161678048458 126273847801536 subm_end 1 0
1615161678049058 126273847801536 pump_beg 1 0
1615161695390122 126273847801536 pump_end 1 2
1615161700975377 126273847801536 coll_beg 0 0
1615161710538756 126273847801536 coll_end 0 0
1615161713473898 126273847801536 emit_beg 1329 0
1615161721713466 126273847801536 emit_end 1329 0
1615161721716915 126273847801536 drain_beg 0 0
1615161721717625 126273847801536 drain_end 1 0
1615161721718125 126273847801536 subm_beg 1 0
1615161727381508 126273847801536 subm_end 1 0
1615161727383078 126273847801536 pump_beg 1 0
1615161744252728 126273847801536 pump_end 1 2
1615161752678709 126273847801536 coll_beg 0 0
1615161763164964 126273847801536 coll_end 0 0
1615161766205372 126273847801536 emit_beg 1330 0
1615161774815416 126273847801536 emit_end 1330 0
1615161774819736 126273847801536 drain_beg 0 0
1615161774820466 126273847801536 drain_end 1 0
1615161774821376 126273847801536 subm_beg 1 0
1615161779830732 126273847801536 subm_end 1 0
1615161779831052 126273847801536 pump_beg 1 0
1615161796558328 126273847801536 pump_end 1 2
1615161802620386 126273847801536 coll_beg 0 0
1615161811097274 126273847801536 coll_end 0 0
1615161814594556 126273847801536 emit_beg 1331 0
1615161821683256 126273847801536 emit_end 1331 0
1615161821687176 126273847801536 drain_beg 0 0
1615161821688026 126273847801536 drain_end 1 0
1615161821688636 126273847801536 subm_beg 1 0
1615161825934030 126273847801536 subm_end 1 0
1615161825934480 126273847801536 pump_beg 1 0
1615161842153254 126273847801536 pump_end 1 2
1615161845679855 126273847801536 coll_beg 0 0
1615161854898317 126273847801536 coll_end 0 0
1615161858270943 126273847801536 emit_beg 1332 0
1615161867533243 126273847801536 emit_end 1332 0
1615161867537603 126273847801536 drain_beg 0 0
1615161867538183 126273847801536 drain_end 1 0
1615161867538963 126273847801536 subm_beg 1 0
1615161873411427 126273847801536 subm_end 1 0
1615161873412487 126273847801536 pump_beg 1 0
1615161891174065 126273847801536 pump_end 1 2
1615161900619208 126273847801536 coll_beg 0 0
1615161909871979 126273847801536 coll_end 0 0
1615161912099247 126273847801536 emit_beg 1333 0
1615161918951235 126273847801536 emit_end 1333 0
1615161918955275 126273847801536 drain_beg 0 0
1615161918955825 126273847801536 drain_end 1 0
1615161918956395 126273847801536 subm_beg 1 0
1615161922854922 126273847801536 subm_end 1 0
1615161922855312 126273847801536 pump_beg 1 0
1615161938715340 126273847801536 pump_end 1 2
1615161941593074 126273847801536 coll_beg 0 0
1615161952784693 126273847801536 coll_end 0 0
1615161954782020 126273847801536 emit_beg 1334 0
1615161962039563 126273847801536 emit_end 1334 0
1615161962044723 126273847801536 drain_beg 0 0
1615161962045323 126273847801536 drain_end 1 0
1615161962046103 126273847801536 subm_beg 1 0
1615161963875216 126273847801536 subm_end 1 0
1615161963875906 126273847801536 pump_beg 1 0
1615161980914181 126273847801536 pump_end 1 2
1615161982919257 126273847801536 coll_beg 0 0
1615161991690365 126273847801536 coll_end 0 0
1615161993505068 126273847801536 emit_beg 1335 0
1615161998962358 126273847801536 emit_end 1335 0
1615161998966078 126273847801536 drain_beg 0 0
1615161998972398 126273847801536 drain_end 1 0
1615161998972768 126273847801536 subm_beg 1 0
1615162002485189 126273847801536 subm_end 1 0
1615162002486989 126273847801536 pump_beg 1 0
1615162019517833 126273847801536 pump_end 1 2
1615162021671404 126273847801536 coll_beg 0 0
1615162029278065 126273847801536 coll_end 0 0
1615162031070139 126273847801536 emit_beg 1336 0
1615162036481451 126273847801536 emit_end 1336 0
1615162036484581 126273847801536 drain_beg 0 0
1615162036484921 126273847801536 drain_end 1 0
1615162036485181 126273847801536 subm_beg 1 0
1615162039865487 126273847801536 subm_end 1 0
1615162039865767 126273847801536 pump_beg 1 0
1615162056500616 126273847801536 pump_end 1 2
1615162058275911 126273847801536 coll_beg 0 0
1615162066167031 126273847801536 coll_end 0 0
1615162067903067 126273847801536 emit_beg 1337 0
1615162073426045 126273847801536 emit_end 1337 0
1615162073428615 126273847801536 drain_beg 0 0
1615162073428985 126273847801536 drain_end 1 0
1615162073429224 126273847801536 subm_beg 1 0
1615162076809690 126273847801536 subm_end 1 0
1615162076811100 126273847801536 pump_beg 1 0
1615162094129885 126273847801536 pump_end 1 2
1615162095940558 126273847801536 coll_beg 0 0
1615162104174116 126273847801536 coll_end 0 0
1615162106040477 126273847801536 emit_beg 1338 0
1615162111496347 126273847801536 emit_end 1338 0
1615162111499277 126273847801536 drain_beg 0 0
1615162111499837 126273847801536 drain_end 1 0
1615162111500347 126273847801536 subm_beg 1 0
1615162114727808 126273847801536 subm_end 1 0
1615162114728228 126273847801536 pump_beg 1 0
1615162132941460 126273847801536 pump_end 1 2
1615162136024907 126273847801536 coll_beg 0 0
1615162147473476 126273847801536 coll_end 0 0
1615162149336858 126273847801536 emit_beg 1339 0
1615162154848436 126273847801536 emit_end 1339 0
1615162154852366 126273847801536 drain_beg 0 0
1615162154852926 126273847801536 drain_end 1 0
1615162154853605 126273847801536 subm_beg 1 0
1615162158211062 126273847801536 subm_end 1 0
1615162158211452 126273847801536 pump_beg 1 0
1615162176669555 126273847801536 pump_end 1 2
1615162178602204 126273847801536 coll_beg 0 0
1615162188447642 126273847801536 coll_end 0 0
1615162190442759 126273847801536 emit_beg 1340 0
1615162196254586 126273847801536 emit_end 1340 0
1615162196257646 126273847801536 drain_beg 0 0
1615162196257946 126273847801536 drain_end 1 0
1615162196258306 126273847801536 subm_beg 1 0
1615162199810415 126273847801536 subm_end 1 0
1615162199810775 126273847801536 pump_beg 1 0
1615162216792362 126273847801536 pump_end 1 2
1615162220080051 126273847801536 coll_beg 0 0
1615162228951565 126273847801536 coll_end 0 0
1615162230805957 126273847801536 emit_beg 1341 0
1615162236450350 126273847801536 emit_end 1341 0
1615162236453350 126273847801536 drain_beg 0 0
1615162236453770 126273847801536 drain_end 1 0
1615162236454140 126273847801536 subm_beg 1 0
1615162240014349 126273847801536 subm_end 1 0
1615162240014739 126273847801536 pump_beg 1 0
1615162256443546 126273847801536 pump_end 1 2
1615162259468435 126273847801536 coll_beg 0 0
1615162266745918 126273847801536 coll_end 0 0
1615162268601710 126273847801536 emit_beg 1342 0
1615162274407467 126273847801536 emit_end 1342 0
1615162274410847 126273847801536 drain_beg 0 0
1615162274411297 126273847801536 drain_end 1 0
1615162274412077 126273847801536 subm_beg 1 0
1615162277935827 126273847801536 subm_end 1 0
1615162277936337 126273847801536 pump_beg 1 0
1615162293086971 126273847801536 pump_end 1 2
1615162296858333 126273847801536 coll_beg 0 0
1615162303686122 126273847801536 coll_end 0 0
1615162305662459 126273847801536 emit_beg 1343 0
1615162311531704 126273847801536 emit_end 1343 0
1615162311536104 126273847801536 drain_beg 0 0
1615162311536514 126273847801536 drain_end 1 0
1615162311537014 126273847801536 subm_beg 1 0
1615162315019116 126273847801536 subm_end 1 0
1615162315020026 126273847801536 pump_beg 1 0
1615162330209108 126273847801536 pump_end 1 2
1615162332114838 126273847801536 coll_beg 0 0
1615162339041304 126273847801536 coll_end 0 0
1615162340943514 126273847801536 emit_beg 1344 0
1615162346743581 126273847801536 emit_end 1344 0
1615162346746871 126273847801536 drain_beg 0 0
1615162346747301 126273847801536 drain_end 1 0
1615162346747681 126273847801536 subm_beg 1 0
1615162350308461 126273847801536 subm_end 1 0
1615162350309001 126273847801536 pump_beg 1 0
1615162365176095 126273847801536 pump_end 1 2
1615162367094954 126273847801536 coll_beg 0 0
1615162374864889 126273847801536 coll_end 0 0
1615162376970072 126273847801536 emit_beg 1345 0
1615162384965338 126273847801536 emit_end 1345 0
1615162384970738 126273847801536 drain_beg 0 0
1615162384971388 126273847801536 drain_end 1 0
1615162384972318 126273847801536 subm_beg 1 0
1615162386971125 126273847801536 subm_end 1 0
1615162386971655 126273847801536 pump_beg 1 0
1615162403307045 126273847801536 pump_end 1 2
1615162406472789 126273847801536 coll_beg 0 0
1615162413598757 126273847801536 coll_end 0 0
1615162415620473 126273847801536 emit_beg 1346 0
1615162421350253 126273847801536 emit_end 1346 0
1615162421354142 126273847801536 drain_beg 0 0
1615162421354712 126273847801536 drain_end 1 0
1615162421355162 126273847801536 subm_beg 1 0
1615162424860874 126273847801536 subm_end 1 0
1615162424861184 126273847801536 pump_beg 1 0
1615162441266112 126273847801536 pump_end 1 2
1615162443289037 126273847801536 coll_beg 0 0
1615162450133386 126273847801536 coll_end 0 0
1615162452049966 126273847801536 emit_beg 1347 0
1615162457845323 126273847801536 emit_end 1347 0
1615162457848633 126273847801536 drain_beg 0 0
1615162457849353 126273847801536 drain_end 1 0
1615162457849863 126273847801536 subm_beg 1 0
1615162461415342 126273847801536 subm_end 1 0
1615162461415722 126273847801536 pump_beg 1 0
1615162477450033 126273847801536 pump_end 1 2
1615162481172847 126273847801536 coll_beg 0 0
1615162490067990 126273847801536 coll_end 0 0
1615162492127065 126273847801536 emit_beg 1348 0
1615162497923272 126273847801536 emit_end 1348 0
1615162497926382 126273847801536 drain_beg 0 0
1615162497926862 126273847801536 drain_end 1 0
1615162497927532 126273847801536 subm_beg 1 0
1615162501364615 126273847801536 subm_end 1 0
1615162501364945 126273847801536 pump_beg 1 0
1615162516146713 126273847801536 pump_end 1 2
1615162518091961 126273847801536 coll_beg 0 0
1615162525619495 126273847801536 coll_end 0 0
1615162527632711 126273847801536 emit_beg 1349 0
1615162533408369 126273847801536 emit_end 1349 0
1615162533411599 126273847801536 drain_beg 0 0
1615162533412099 126273847801536 drain_end 1 0
1615162533412639 126273847801536 subm_beg 1 0
1615162536993248 126273847801536 subm_end 1 0
1615162536993668 126273847801536 pump_beg 1 0
1615162554120759 126273847801536 pump_end 1 2
1615162556592798 126273847801536 coll_beg 0 0
1615162567645872 126273847801536 coll_end 0 0
1615162569710597 126273847801536 emit_beg 1350 0
1615162575542722 126273847801536 emit_end 1350 0
1615162575545772 126273847801536 drain_beg 0 0
1615162575546422 126273847801536 drain_end 1 0
1615162575546902 126273847801536 subm_beg 1 0
1615162579232817 126273847801536 subm_end 1 0
1615162579233197 126273847801536 pump_beg 1 0
1615162597104941 126273847801536 pump_end 1 2
1615162602868239 126273847801536 coll_beg 0 0
1615162612760226 126273847801536 coll_end 0 0
1615162614797331 126273847801536 emit_beg 1351 0
1615162623024569 126273847801536 emit_end 1351 0
1615162623031219 126273847801536 drain_beg 0 0
1615162623031929 126273847801536 drain_end 1 0
1615162623032889 126273847801536 subm_beg 1 0
1615162626191963 126273847801536 subm_end 1 0
1615162626192623 126273847801536 pump_beg 1 0
1615162643382492 126273847801536 pump_end 1 2
1615162647019359 126273847801536 coll_beg 0 0
1615162657076179 126273847801536 coll_end 0 0
1615162658987169 126273847801536 emit_beg 1352 0
1615162662634835 126273847801536 emit_end 1352 0
1615162662638435 126273847801536 drain_beg 0 0
1615162662638875 126273847801536 drain_end 1 0
1615162662639555 126273847801536 subm_beg 1 0
1615162666070059 126273847801536 subm_end 1 0
1615162666070479 126273847801536 pump_beg 1 0
1615162683097754 126273847801536 pump_end 1 2
1615162686178691 126273847801536 coll_beg 0 0
1615162695215549 126273847801536 coll_end 0 0
1615162697096590 126273847801536 emit_beg 1353 0
1615162702621397 126273847801536 emit_end 1353 0
1615162702624777 126273847801536 drain_beg 0 0
1615162702625277 126273847801536 drain_end 1 0
1615162702625817 126273847801536 subm_beg 1 0
1615162706079560 126273847801536 subm_end 1 0
1615162706079990 126273847801536 pump_beg 1 0
1615162722191199 126273847801536 pump_end 1 2
1615162723996253 126273847801536 coll_beg 0 0
1615162733910489 126273847801536 coll_end 0 0
1615162735872717 126273847801536 emit_beg 1354 0
1615162741415543 126273847801536 emit_end 1354 0
1615162741419223 126273847801536 drain_beg 0 0
1615162741419913 126273847801536 drain_end 1 0
1615162741420453 126273847801536 subm_beg 1 0
1615162744858167 126273847801536 subm_end 1 0
1615162744858507 126273847801536 pump_beg 1 0
1615162761969659 126273847801536 pump_end 1 2
1615162764316693 126273847801536 coll_beg 0 0
1615162773450088 126273847801536 coll_end 0 0
1615162775423155 126273847801536 emit_beg 1355 0
1615162779101880 126273847801536 emit_end 1355 0
1615162779105800 126273847801536 drain_beg 0 0
1615162779106380 126273847801536 drain_end 1 0
1615162779107170 126273847801536 subm_beg 1 0
1615162782473696 126273847801536 subm_end 1 0
1615162782474146 126273847801536 pump_beg 1 0
1615162798701641 126273847801536 pump_end 1 2
1615162800992566 126273847801536 coll_beg 0 0
1615162810757998 126273847801536 coll_end 0 0
1615162812534253 126273847801536 emit_beg 1356 0
1615162816245706 126273847801536 emit_end 1356 0
1615162816248956 126273847801536 drain_beg 0 0
1615162816249396 126273847801536 drain_end 1 0
1615162816249816 126273847801536 subm_beg 1 0
1615162819600953 126273847801536 subm_end 1 0
1615162819601633 126273847801536 pump_beg 1 0
1615162835831768 126273847801536 pump_end 1 2
1615162838873396 126273847801536 coll_beg 0 0
1615162847840977 126273847801536 coll_end 0 0
1615162849756236 126273847801536 emit_beg 1357 0
1615162855305933 126273847801536 emit_end 1357 0
1615162855310292 126273847801536 drain_beg 0 0
1615162855311122 126273847801536 drain_end 1 0
1615162855311702 126273847801536 subm_beg 1 0
1615162858456207 126273847801536 subm_end 1 0
1615162858456727 126273847801536 pump_beg 1 0
1615162874742289 126273847801536 pump_end 1 2
1615162880025365 126273847801536 coll_beg 0 0
1615162889399451 126273847801536 coll_end 0 0
1615162891360309 126273847801536 emit_beg 1358 0
1615162896949224 126273847801536 emit_end 1358 0
1615162896952514 126273847801536 drain_beg 0 0
1615162896953144 126273847801536 drain_end 1 0
1615162896953834 126273847801536 subm_beg 1 0
1615162900429126 126273847801536 subm_end 1 0
1615162900429416 126273847801536 pump_beg 1 0
1615162916760167 126273847801536 pump_end 1 2
1615162919193027 126273847801536 coll_beg 0 0
1615162929270998 126273847801536 coll_end 0 0
1615162931185307 126273847801536 emit_beg 1359 0
1615162934816894 126273847801536 emit_end 1359 0
1615162934820394 126273847801536 drain_beg 0 0
1615162934820884 126273847801536 drain_end 1 0
1615162934821364 126273847801536 subm_beg 1 0
1615162938262367 126273847801536 subm_end 1 0
1615162938262667 126273847801536 pump_beg 1 0
1615162955058691 126273847801536 pump_end 1 2
1615162956953261 126273847801536 coll_beg 0 0
1615162967125318 126273847801536 coll_end 0 0
1615162968876823 126273847801536 emit_beg 1360 0
1615162974203548 126273847801536 emit_end 1360 0
1615162974206988 126273847801536 drain_beg 0 0
1615162974207278 126273847801536 drain_end 1 0
1615162974207608 126273847801536 subm_beg 1 0
1615162977539426 126273847801536 subm_end 1 0
1615162977539946 126273847801536 pump_beg 1 0
1615162993651494 126273847801536 pump_end 1 2
1615162995774836 126273847801536 coll_beg 0 0
1615163004285794 126273847801536 coll_end 0 0
1615163006172074 126273847801536 emit_beg 1361 0
1615163010068362 126273847801536 emit_end 1361 0
1615163010072091 126273847801536 drain_beg 0 0
1615163010072631 126273847801536 drain_end 1 0
1615163010073221 126273847801536 subm_beg 1 0
1615163013170248 126273847801536 subm_end 1 0
1615163013170718 126273847801536 pump_beg 1 0
1615163030936835 126273847801536 pump_end 1 2
1615163033559209 126273847801536 coll_beg 0 0
1615163043345120 126273847801536 coll_end 0 0
1615163045241670 126273847801536 emit_beg 1362 0
1615163050894883 126273847801536 emit_end 1362 0
1615163050898103 126273847801536 drain_beg 0 0
1615163050898613 126273847801536 drain_end 1 0
1615163050899143 126273847801536 subm_beg 1 0
1615163054385665 126273847801536 subm_end 1 0
1615163054386105 126273847801536 pump_beg 1 0
1615163070746104 126273847801536 pump_end 1 2
1615163072860047 126273847801536 coll_beg 0 0
1615163083626431 126273847801536 coll_end 0 0
1615163085519742 126273847801536 emit_beg 1363 0
1615163091078128 126273847801536 emit_end 1363 0
1615163091081898 126273847801536 drain_beg 0 0
1615163091082498 126273847801536 drain_end 1 0
1615163091082998 126273847801536 subm_beg 1 0
1615163094457604 126273847801536 subm_end 1 0
1615163094461614 126273847801536 pump_beg 1 0
1615163111554426 126273847801536 pump_end 1 2
1615163114089593 126273847801536 coll_beg 0 0
1615163121922885 126273847801536 coll_end 0 0
1615163124040138 126273847801536 emit_beg 1364 0
1615163129981609 126273847801536 emit_end 1364 0
1615163129989059 126273847801536 drain_beg 0 0
1615163129989989 126273847801536 drain_end 1 0
1615163129991109 126273847801536 subm_beg 1 0
1615163133512750 126273847801536 subm_end 1 0
1615163133513140 126273847801536 pump_beg 1 0
1615163149683656 126273847801536 pump_end 1 2
1615163152449425 126273847801536 coll_beg 0 0
1615163160510489 126273847801536 coll_end 0 0
1615163162534455 126273847801536 emit_beg 1365 0
1615163168465127 126273847801536 emit_end 1365 0
1615163168469727 126273847801536 drain_beg 0 0
1615163168470407 126273847801536 drain_end 1 0
1615163168471267 126273847801536 subm_beg 1 0
1615163171961429 126273847801536 subm_end 1 0
1615163171962059 126273847801536 pump_beg 1 0
1615163188641196 126273847801536 pump_end 1 2
1615163190596285 126273847801536 coll_beg 0 0
1615163200606007 126273847801536 coll_end 0 0
1615163202618713 126273847801536 emit_beg 1366 0
1615163208620023 126273847801536 emit_end 1366 0
1615163208623733 126273847801536 drain_beg 0 0
1615163208624283 126273847801536 drain_end 1 0
1615163208624883 126273847801536 subm_beg 1 0
1615163212268969 126273847801536 subm_end 1 0
1615163212269349 126273847801536 pump_beg 1 0
1615163230485720 126273847801536 pump_end 1 2
1615163233567327 126273847801536 coll_beg 0 0
1615163246394946 126273847801536 coll_end 0 0
1615163254246518 126273847801536 emit_beg 1367 0
1615163259927899 126273847801536 emit_end 1367 0
1615163259931449 126273847801536 drain_beg 0 0
1615163259931769 126273847801536 drain_end 1 0
1615163259932169 126273847801536 subm_beg 1 0
1615163263514798 126273847801536 subm_end 1 0
1615163263515118 126273847801536 pump_beg 1 0
1615163280074240 126273847801536 pump_end 1 2
1615163282017399 126273847801536 coll_beg 0 0
1615163290613083 126273847801536 coll_end 0 0
1615163292574191 126273847801536 emit_beg 1368 0
1615163298479884 126273847801536 emit_end 1368 0
1615163298484374 126273847801536 drain_beg 0 0
1615163298485054 126273847801536 drain_end 1 0
1615163298485954 126273847801536 subm_beg 1 0
1615163301920838 126273847801536 subm_end 1 0
1615163301924948 126273847801536 pump_beg 1 0
1615163318337555 126273847801536 pump_end 1 2
1615163321666683 126273847801536 coll_beg 0 0
1615163331374117 126273847801536 coll_end 0 0
1615163333376643 126273847801536 emit_beg 1369 0
1615163339160371 126273847801536 emit_end 1369 0
1615163339163651 126273847801536 drain_beg 0 0
1615163339164191 126273847801536 drain_end 1 0
1615163339164641 126273847801536 subm_beg 1 0
1615163342807687 126273847801536 subm_end 1 0
1615163342808207 126273847801536 pump_beg 1 0
1615163359485865 126273847801536 pump_end 1 2
1615163361978343 126273847801536 coll_beg 0 0
1615163370022428 126273847801536 coll_end 0 0
1615163371943138 126273847801536 emit_beg 1370 0
1615163377618309 126273847801536 emit_end 1370 0
1615163377620599 126273847801536 drain_beg 0 0
1615163377629619 126273847801536 drain_end 1 0
1615163377629859 126273847801536 subm_beg 1 0
1615163381131230 126273847801536 subm_end 1 0
1615163381131510 126273847801536 pump_beg 1 0
1615163397411413 126273847801536 pump_end 1 2
1615163399341402 126273847801536 coll_beg 0 0
1615163407082277 126273847801536 coll_end 0 0
1615163408975918 126273847801536 emit_beg 1371 0
1615163414664739 126273847801536 emit_end 1371 0
1615163414667539 126273847801536 drain_beg 0 0
1615163414667859 126273847801536 drain_end 1 0
1615163414668229 126273847801536 subm_beg 1 0
1615163418140042 126273847801536 subm_end 1 0
1615163418140552 126273847801536 pump_beg 1 0
1615163435299902 126273847801536 pump_end 1 2
1615163438420727 126273847801536 coll_beg 0 0
1615163446045997 126273847801536 coll_end 0 0
1615163448084222 126273847801536 emit_beg 1372 0
1615163453891709 126273847801536 emit_end 1372 0
1615163453898599 126273847801536 drain_beg 0 0
1615163453899269 126273847801536 drain_end 1 0
1615163453900119 126273847801536 subm_beg 1 0
1615163457255416 126273847801536 subm_end 1 0
1615163457255906 126273847801536 pump_beg 1 0
1615163474483603 126273847801536 pump_end 1 2
1615163476682943 126273847801536 coll_beg 0 0
1615163488571856 126273847801536 coll_end 0 0
1615163490771595 126273847801536 emit_beg 1373 0
1615163496577402 126273847801536 emit_end 1373 0
1615163496580652 126273847801536 drain_beg 0 0
1615163496581292 126273847801536 drain_end 1 0
1615163496581902 126273847801536 subm_beg 1 0
1615163500075394 126273847801536 subm_end 1 0
1615163500075804 126273847801536 pump_beg 1 0
1615163516482632 126273847801536 pump_end 1 2
1615163518476358 126273847801536 coll_beg 0 0
1615163527639442 126273847801536 coll_end 0 0
1615163529646418 126273847801536 emit_beg 1374 0
1615163535463055 126273847801536 emit_end 1374 0
1615163535466675 126273847801536 drain_beg 0 0
1615163535467105 126273847801536 drain_end 1 0
1615163535467805 126273847801536 subm_beg 1 0
1615163539088972 126273847801536 subm_end 1 0
1615163539092892 126273847801536 pump_beg 1 0
1615163556565810 126273847801536 pump_end 1 2
1615163558978412 126273847801536 coll_beg 0 0
1615163568563150 126273847801536 coll_end 0 0
1615163570713011 126273847801536 emit_beg 1375 0
1615163574711174 126273847801536 emit_end 1375 0
1615163574715494 126273847801536 drain_beg 0 0
1615163574715924 126273847801536 drain_end 1 0
1615163574716434 126273847801536 subm_beg 1 0
1615163578196116 126273847801536 subm_end 1 0
1615163578196536 126273847801536 pump_beg 1 0
1615163594433010 126273847801536 pump_end 1 2
1615163597732209 126273847801536 coll_beg 0 0
1615163605915419 126273847801536 coll_end 0 0
1615163607777180 126273847801536 emit_beg 1376 0
1615163613143263 126273847801536 emit_end 1376 0
1615163613152273 126273847801536 drain_beg 0 0
1615163613153413 126273847801536 drain_end 1 0
1615163613154443 126273847801536 subm_beg 1 0
1615163616433353 126273847801536 subm_end 1 0
1615163616435352 126273847801536 pump_beg 1 0
1615163633568684 126273847801536 pump_end 1 2
1615163635387177 126273847801536 coll_beg 0 0
1615163643805848 126273847801536 coll_end 0 0
1615163645637400 126273847801536 emit_beg 1377 0
1615163651077441 126273847801536 emit_end 1377 0
1615163651093330 126273847801536 drain_beg 0 0
1615163651094600 126273847801536 drain_end 1 0
1615163651096020 126273847801536 subm_beg 1 0
1615163654375770 126273847801536 subm_end 1 0
1615163654379370 126273847801536 pump_beg 1 0
1615163671152324 126273847801536 pump_end 1 2
1615163673573245 126273847801536 coll_beg 0 0
1615163681535533 126273847801536 coll_end 0 0
1615163683361886 126273847801536 emit_beg 1378 0
1615163686941194 126273847801536 emit_end 1378 0
1615163686944494 126273847801536 drain_beg 0 0
1615163686944954 126273847801536 drain_end 1 0
1615163686945584 126273847801536 subm_beg 1 0
1615163690289501 126273847801536 subm_end 1 0
1615163690290031 126273847801536 pump_beg 1 0
1615163706771086 126273847801536 pump_end 1 2
1615163709985648 126273847801536 coll_beg 0 0
1615163719752720 126273847801536 coll_end 0 0
1615163721553434 126273847801536 emit_beg 1379 0
1615163727016603 126273847801536 emit_end 1379 0
1615163727020623 126273847801536 drain_beg 0 0
1615163727021383 126273847801536 drain_end 1 0
1615163727022023 126273847801536 subm_beg 1 0
1615163730237755 126273847801536 subm_end 1 0
1615163730238155 126273847801536 pump_beg 1 0
1615163746888774 126273847801536 pump_end 1 2
1615163750030178 126273847801536 coll_beg 0 0
1615163758729959 126273847801536 coll_end 0 0
1615163760794103 126273847801536 emit_beg 1380 0
1615163766118648 126273847801536 emit_end 1380 0
1615163766122528 126273847801536 drain_beg 0 0
1615163766123027 126273847801536 drain_end 1 0
1615163766123637 126273847801536 subm_beg 1 0
1615163769443596 126273847801536 subm_end 1 0
1615163769445066 126273847801536 pump_beg 1 0
1615163785834044 126273847801536 pump_end 1 2
1615163788241396 126273847801536 coll_beg 0 0
1615163795184611 126273847801536 coll_end 0 0
1615163797063732 126273847801536 emit_beg 1381 0
1615163800729227 126273847801536 emit_end 1381 0
1615163800733897 126273847801536 drain_beg 0 0
1615163800734397 126273847801536 drain_end 1 0
1615163800735077 126273847801536 subm_beg 1 0
1615163804166161 126273847801536 subm_end 1 0
1615163804166601 126273847801536 pump_beg 1 0
1615163819827236 126273847801536 pump_end 1 2
1615163825032175 126273847801536 coll_beg 0 0
1615163832295978 126273847801536 coll_end 0 0
1615163834180559 126273847801536 emit_beg 1382 0
1615163841507110 126273847801536 emit_end 1382 0
1615163841512180 126273847801536 drain_beg 0 0
1615163841512890 126273847801536 drain_end 1 0
1615163841513660 126273847801536 subm_beg 1 0
1615163844765841 126273847801536 subm_end 1 0
1615163844766271 126273847801536 pump_beg 1 0
1615163860844320 126273847801536 pump_end 1 2
1615163862879626 126273847801536 coll_beg 0 0
1615163869936627 126273847801536 coll_end 0 0
1615163871705872 126273847801536 emit_beg 1383 0
1615163877008527 126273847801536 emit_end 1383 0
1615163877014737 126273847801536 drain_beg 0 0
1615163877015357 126273847801536 drain_end 1 0
1615163877016307 126273847801536 subm_beg 1 0
1615163880388293 126273847801536 subm_end 1 0
1615163880388643 126273847801536 pump_beg 1 0
1615163896716804 126273847801536 pump_end 1 2
1615163898811937 126273847801536 coll_beg 0 0
1615163906505964 126273847801536 coll_end 0 0
1615163908323777 126273847801536 emit_beg 1384 0
1615163913715249 126273847801536 emit_end 1384 0
1615163913719539 126273847801536 drain_beg 0 0
1615163913720029 126273847801536 drain_end 1 0
1615163913720939 126273847801536 subm_beg 1 0
1615163916977530 126273847801536 subm_end 1 0
1615163916978550 126273847801536 pump_beg 1 0
1615163933908928 126273847801536 pump_end 1 2
1615163937017444 126273847801536 coll_beg 0 0
1615163944613075 126273847801536 coll_end 0 0
1615163946424609 126273847801536 emit_beg 1385 0
1615163951821181 126273847801536 emit_end 1385 0
1615163951824661 126273847801536 drain_beg 0 0
1615163951824931 126273847801536 drain_end 1 0
1615163951825441 126273847801536 subm_beg 1 0
1615163955118770 126273847801536 subm_end 1 0
1615163955119140 126273847801536 pump_beg 1 0
1615163972251701 126273847801536 pump_end 1 2
1615163974522697 126273847801536 coll_beg 0 0
1615163983227588 126273847801536 coll_end 0 0
1615163985093699 126273847801536 emit_beg 1386 0
1615163990502421 126273847801536 emit_end 1386 0
1615163990506041 126273847801536 drain_beg 0 0
1615163990506521 126273847801536 drain_end 1 0
1615163990506941 126273847801536 subm_beg 1 0
1615163993760501 126273847801536 subm_end 1 0
1615163993763581 126273847801536 pump_beg 1 0
1615164011061236 126273847801536 pump_end 1 2
1615164013910631 126273847801536 coll_beg 0 0
1615164022472907 126273847801536 coll_end 0 0
1615164024313320 126273847801536 emit_beg 1387 0
1615164027899608 126273847801536 emit_end 1387 0
1615164027902788 126273847801536 drain_beg 0 0
1615164027903268 126273847801536 drain_end 1 0
1615164027904118 126273847801536 subm_beg 1 0
1615164031379200 126273847801536 subm_end 1 0
1615164031379480 126273847801536 pump_beg 1 0
1615164049351240 126273847801536 pump_end 1 2
1615164051136415 126273847801536 coll_beg 0 0
1615164064171996 126273847801536 coll_end 0 0
1615164066038438 126273847801536 emit_beg 1388 0
1615164071959551 126273847801536 emit_end 1388 0
1615164071963410 126273847801536 drain_beg 0 0
1615164071963790 126273847801536 drain_end 1 0
1615164071964230 126273847801536 subm_beg 1 0
1615164075494241 126273847801536 subm_end 1 0
1615164075494621 126273847801536 pump_beg 1 0
1615164093400553 126273847801536 pump_end 1 2
1615164096264588 126273847801536 coll_beg 0 0
1615164108669313 126273847801536 coll_end 0 0
1615164110755416 126273847801536 emit_beg 1389 0
1615164116691059 126273847801536 emit_end 1389 0
1615164116694389 126273847801536 drain_beg 0 0
1615164116694768 126273847801536 drain_end 1 0
1615164116695128 126273847801536 subm_beg 1 0
1615164120253638 126273847801536 subm_end 1 0
1615164120254048 126273847801536 pump_beg 1 0
1615164136494912 126273847801536 pump_end 1 2
1615164139000310 126273847801536 coll_beg 0 0
1615164147460339 126273847801536 coll_end 0 0
1615164149337410 126273847801536 emit_beg 1390 0
1615164153201218 126273847801536 emit_end 1390 0
1615164153204558 126273847801536 drain_beg 0 0
1615164153204968 126273847801536 drain_end 1 0
1615164153205388 126273847801536 subm_beg 1 0
1615164156807416 126273847801536 subm_end 1 0
1615164156808306 126273847801536 pump_beg 1 0
1615164172257809 126273847801536 pump_end 1 2
1615164174690459 126273847801536 coll_beg 0 0
1615164181704712 126273847801536 coll_end 0 0
1615164184539838 126273847801536 emit_beg 1391 0
1615164188569700 126273847801536 emit_end 1391 0
1615164188574710 126273847801536 drain_beg 0 0
1615164188575250 126273847801536 drain_end 1 0
1615164188576080 126273847801536 subm_beg 1 0
1615164191919867 126273847801536 subm_end 1 0
1615164191920247 126273847801536 pump_beg 1 0
1615164207293263 126273847801536 pump_end 1 2
1615164210094450 126273847801536 coll_beg 0 0
1615164217049185 126273847801536 coll_end 0 0
1615164220125182 126273847801536 emit_beg 1392 0
1615164225893900 126273847801536 emit_end 1392 0
1615164225896070 126273847801536 drain_beg 0 0
1615164225896420 126273847801536 drain_end 1 0
1615164225896650 126273847801536 subm_beg 1 0
1615164229486518 126273847801536 subm_end 1 0
1615164229486988 126273847801536 pump_beg 1 0
1615164245273308 126273847801536 pump_end 1 2
1615164248522479 126273847801536 coll_beg 0 0
1615164256065252 126273847801536 coll_end 0 0
1615164258033180 126273847801536 emit_beg 1393 0
1615164263700342 126273847801536 emit_end 1393 0
1615164263702962 126273847801536 drain_beg 0 0
1615164263703282 126273847801536 drain_end 1 0
1615164263703622 126273847801536 subm_beg 1 0
1615164267234492 126273847801536 subm_end 1 0
1615164267234762 126273847801536 pump_beg 1 0
1615164284373703 126273847801536 pump_end 1 2
1615164286801104 126273847801536 coll_beg 0 0
1615164293867795 126273847801536 coll_end 0 0
1615164295959008 126273847801536 emit_beg 1394 0
1615164301893830 126273847801536 emit_end 1394 0
1615164301896670 126273847801536 drain_beg 0 0
1615164301897130 126273847801536 drain_end 1 0
1615164301897470 126273847801536 subm_beg 1 0
1615164305432340 126273847801536 subm_end 1 0
1615164305432700 126273847801536 pump_beg 1 0
1615164320977179 126273847801536 pump_end 1 2
1615164324145333 126273847801536 coll_beg 0 0
1615164334136566 126273847801536 coll_end 0 0
1615164336305987 126273847801536 emit_beg 1395 0
1615164342258068 126273847801536 emit_end 1395 0
1615164342262748 126273847801536 drain_beg 0 0
1615164342263278 126273847801536 drain_end 1 0
1615164342263958 126273847801536 subm_beg 1 0
1615164345981492 126273847801536 subm_end 1 0
1615164345982592 126273847801536 pump_beg 1 0
1615164362062051 126273847801536 pump_end 1 2
1615164364839349 126273847801536 coll_beg 0 0
1615164376659565 126273847801536 coll_end 0 0
1615164378734859 126273847801536 emit_beg 1396 0
1615164384449889 126273847801536 emit_end 1396 0
1615164384453519 126273847801536 drain_beg 0 0
1615164384454209 126273847801536 drain_end 1 0
1615164384454699 126273847801536 subm_beg 1 0
1615164387995459 126273847801536 subm_end 1 0
1615164387995819 126273847801536 pump_beg 1 0
1615164403196781 126273847801536 pump_end 1 2
1615164405993799 126273847801536 coll_beg 0 0
1615164412780059 126273847801536 coll_end 0 0
1615164414677420 126273847801536 emit_beg 1397 0
1615164420355941 126273847801536 emit_end 1397 0
1615164420359921 126273847801536 drain_beg 0 0
1615164420360241 126273847801536 drain_end 1 0
1615164420360781 126273847801536 subm_beg 1 0
1615164423944350 126273847801536 subm_end 1 0
1615164423944600 126273847801536 pump_beg 1 0
1615164440414035 126273847801536 pump_end 1 2
1615164442358924 126273847801536 coll_beg 0 0
1615164451209649 126273847801536 coll_end 0 0
1615164453142758 126273847801536 emit_beg 1398 0
1615164458890967 126273847801536 emit_end 1398 0
1615164458894527 126273847801536 drain_beg 0 0
1615164458895037 126273847801536 drain_end 1 0
1615164458895707 126273847801536 subm_beg 1 0
1615164462494445 126273847801536 subm_end 1 0
1615164462494944 126273847801536 pump_beg 1 0
1615164479990772 126273847801536 pump_end 1 2
1615164483651248 126273847801536 coll_beg 0 0
1615164497271068 126273847801536 coll_end 0 0
1615164499316173 126273847801536 emit_beg 1399 0
1615164505060222 126273847801536 emit_end 1399 0
1615164505064452 126273847801536 drain_beg 0 0
1615164505065172 126273847801536 drain_end 1 0
1615164505065842 126273847801536 subm_beg 1 0
1615164508507745 126273847801536 subm_end 1 0
1615164508508105 126273847801536 pump_beg 1 0
1615164526091890 126273847801536 pump_end 1 2
1615164527933352 126273847801536 coll_beg 0 0
1615164539598114 126273847801536 coll_end 0 0
1615164541711127 126273847801536 emit_beg 1400 0
1615164547279202 126273847801536 emit_end 1400 0
1615164547281902 126273847801536 drain_beg 0 0
1615164547282112 126273847801536 drain_end 1 0
1615164547282342 126273847801536 subm_beg 1 0
1615164550619979 126273847801536 subm_end 1 0
1615164550620269 126273847801536 pump_beg 1 0
1615164567745541 126273847801536 pump_end 1 2
1615164570808448 126273847801536 coll_beg 0 0
1615164582057086 126273847801536 coll_end 0 0
1615164583885008 126273847801536 emit_beg 1401 0
1615164587480966 126273847801536 emit_end 1401 0
1615164587483976 126273847801536 drain_beg 0 0
1615164587484436 126273847801536 drain_end 1 0
1615164587485046 126273847801536 subm_beg 1 0
1615164590835293 126273847801536 subm_end 1 0
1615164590835563 126273847801536 pump_beg 1 0
1615164606892984 126273847801536 pump_end 1 2
1615164609105313 126273847801536 coll_beg 0 0
1615164620302322 126273847801536 coll_end 0 0
1615164622294948 126273847801536 emit_beg 1402 0
1615164627952981 126273847801536 emit_end 1402 0
1615164627956891 126273847801536 drain_beg 0 0
1615164627957431 126273847801536 drain_end 1 0
1615164627958120 126273847801536 subm_beg 1 0
1615164631131834 126273847801536 subm_end 1 0
1615164631132424 126273847801536 pump_beg 1 0
1615164648234936 126273847801536 pump_end 1 2
1615164650239843 126273847801536 coll_beg 0 0
1615164658300427 126273847801536 coll_end 0 0
1615164660280384 126273847801536 emit_beg 1403 0
1615164664025487 126273847801536 emit_end 1403 0
1615164664028976 126273847801536 drain_beg 0 0
1615164664029406 126273847801536 drain_end 1 0
1615164664030036 126273847801536 subm_beg 1 0
1615164667342145 126273847801536 subm_end 1 0
1615164667342385 126273847801536 pump_beg 1 0
1615164683208092 126273847801536 pump_end 1 2
1615164685897334 126273847801536 coll_beg 0 0
1615164694120892 126273847801536 coll_end 0 0
1615164695947675 126273847801536 emit_beg 1404 0
1615164703056394 126273847801536 emit_end 1404 0
1615164703060054 126273847801536 drain_beg 0 0
1615164703060414 126273847801536 drain_end 1 0
1615164703060874 126273847801536 subm_beg 1 0
1615164704783110 126273847801536 subm_end 1 0
1615164704783610 126273847801536 pump_beg 1 0
1615164721543795 126273847801536 pump_end 1 2
1615164723648718 126273847801536 coll_beg 0 0
1615164731461991 126273847801536 coll_end 0 0
1615164733340262 126273847801536 emit_beg 1405 0
1615164738585819 126273847801536 emit_end 1405 0
1615164738589299 126273847801536 drain_beg 0 0
1615164738599249 126273847801536 drain_end 1 0
1615164738599939 126273847801536 subm_beg 1 0
1615164741888918 126273847801536 subm_end 1 0
1615164741889208 126273847801536 pump_beg 1 0
1615164758260167 126273847801536 pump_end 1 2
1615164760411538 126273847801536 coll_beg 0 0
1615164768678835 126273847801536 coll_end 0 0
1615164770510348 126273847801536 emit_beg 1406 0
1615164775725176 126273847801536 emit_end 1406 0
1615164775727366 126273847801536 drain_beg 0 0
1615164775727656 126273847801536 drain_end 1 0
1615164775727856 126273847801536 subm_beg 1 0
1615164779061304 126273847801536 subm_end 1 0
1615164779061594 126273847801536 pump_beg 1 0
1615164795920745 126273847801536 pump_end 1 2
1615164797653681 126273847801536 coll_beg 0 0
1615164808174905 126273847801536 coll_end 0 0
1615164810300267 126273847801536 emit_beg 1407 0
1615164815906711 126273847801536 emit_end 1407 0
1615164815911741 126273847801536 drain_beg 0 0
1615164815912501 126273847801536 drain_end 1 0
1615164815913261 126273847801536 subm_beg 1 0
1615164819200430 126273847801536 subm_end 1 0
1615164819203570 126273847801536 pump_beg 1 0
1615164836700318 126273847801536 pump_end 1 2
1615164840435571 126273847801536 coll_beg 0 0
1615164849121552 126273847801536 coll_end 0 0
1615164851090899 126273847801536 emit_beg 1408 0
1615164856471152 126273847801536 emit_end 1408 0
1615164856474402 126273847801536 drain_beg 0 0
1615164856474942 126273847801536 drain_end 1 0
1615164856475432 126273847801536 subm_beg 1 0
1615164859916326 126273847801536 subm_end 1 0
1615164859917036 126273847801536 pump_beg 1 0
1615164876749278 126273847801536 pump_end 1 2
1615164879243906 126273847801536 coll_beg 0 0
1615164886624145 126273847801536 coll_end 0 0
1615164888436219 126273847801536 emit_beg 1409 0
1615164893774323 126273847801536 emit_end 1409 0
1615164893777333 126273847801536 drain_beg 0 0
1615164893777632 126273847801536 drain_end 1 0
1615164893778032 126273847801536 subm_beg 1 0
1615164897120350 126273847801536 subm_end 1 0
1615164897120660 126273847801536 pump_beg 1 0
1615164913952762 126273847801536 pump_end 1 2
1615164915984667 126273847801536 coll_beg 0 0
1615164923793541 126273847801536 coll_end 0 0
1615164925622804 126273847801536 emit_beg 1410 0
1615164931032095 126273847801536 emit_end 1410 0
1615164931035065 126273847801536 drain_beg 0 0
1615164931035305 126273847801536 drain_end 1 0
1615164931035555 126273847801536 subm_beg 1 0
1615164934298535 126273847801536 subm_end 1 0
1615164934298825 126273847801536 pump_beg 1 0
1615164950890726 126273847801536 pump_end 1 2
1615164953905635 126273847801536 coll_beg 0 0
1615164962375114 126273847801536 coll_end 0 0
1615164964415760 126273847801536 emit_beg 1411 0
1615164968068085 126273847801536 emit_end 1411 0
1615164968074145 126273847801536 drain_beg 0 0
1615164968074605 126273847801536 drain_end 1 0
1615164968075335 126273847801536 subm_beg 1 0
1615164971423012 126273847801536 subm_end 1 0
1615164971425082 126273847801536 pump_beg 1 0
1615164986868835 126273847801536 pump_end 1 2
1615164990156285 126273847801536 coll_beg 0 0
1615164997340431 126273847801536 coll_end 0 0
1615164999118266 126273847801536 emit_beg 1412 0
1615165004988440 126273847801536 emit_end 1412 0
1615165004992500 126273847801536 drain_beg 0 0
1615165004992980 126273847801536 drain_end 1 0
1615165004993740 126273847801536 subm_beg 1 0
1615165008319108 126273847801536 subm_end 1 0
1615165008319388 126273847801536 pump_beg 1 0
1615165023929495 126273847801536 pump_end 1 2
1615165025810836 126273847801536 coll_beg 0 0
1615165033128667 126273847801536 coll_end 0 0
1615165035031627 126273847801536 emit_beg 1413 0
1615165038945074 126273847801536 emit_end 1413 0
1615165038949153 126273847801536 drain_beg 0 0
1615165038949903 126273847801536 drain_end 1 0
1615165038950743 126273847801536 subm_beg 1 0
1615165042473524 126273847801536 subm_end 1 0
1615165042474044 126273847801536 pump_beg 1 0
1615165058453237 126273847801536 pump_end 1 2
1615165060593619 126273847801536 coll_beg 0 0
1615165067601742 126273847801536 coll_end 0 0
1615165069473283 126273847801536 emit_beg 1414 0
1615165075523911 126273847801536 emit_end 1414 0
1615165075528141 126273847801536 drain_beg 0 0
1615165075528771 126273847801536 drain_end 1 0
1615165075529431 126273847801536 subm_beg 1 0
1615165078909876 126273847801536 subm_end 1 0
1615165078910176 126273847801536 pump_beg 1 0
1615165095429660 126273847801536 pump_end 1 2
1615165097362619 126273847801536 coll_beg 0 0
1615165106874620 126273847801536 coll_end 0 0
1615165109412967 126273847801536 emit_beg 1415 0
1615165113491337 126273847801536 emit_end 1415 0
