# perfbase mono_ns 1674630412334234 real_ns 1785640023785060133
1674630412397142 128645005055680 wait_beg 0 0 0 0 0 0
1674630430186387 128645018953600 cliack 1 0 1 0 0 0
1674633024803969 128645005055680 wait_end 0 0 0 0 0 0
1674633024806529 128645005055680 drain_beg 0 0 0 0 0 0
1674633024808589 128645005055680 drain_end 1 0 0 0 0 0
1674633024808749 128645005055680 take 1 0 0 0 0 0
1674633024809349 128645005055680 subm_beg 1 0 0 0 0 0
1674633024786350 128645018953600 msgin 1 4718592 0 0 0 0
1674633024791790 128645018953600 enq 1 1 0 0 0 0
1674633037756170 128645005055680 submit 1 0 0 0 0 0
1674633037757030 128645005055680 subm_end 1 0 0 0 0 0
1674633037757140 128645005055680 pump_beg 1 0 0 0 0 0
1674633040742742 128645018953600 msgin 2 4718592 0 0 0 0
1674633040743912 128645018953600 enq 2 1 0 0 0 0
1674633140780146 128645005055680 feedend 0 1 0 0 0 0
1674633142976096 128645005055680 outfirst 0 1 296 0 0 0
1674633153964468 128645005055680 feedend 0 0 0 0 0 0
1674633155597069 128645005055680 outfirst 0 0 296 0 0 0
1674633161566523 128645005055680 pump_end 1 2 0 0 0 0
1674633161567373 128645005055680 book_beg 1 0 0 0 0 0
1674633161573962 128645005055680 batch 1 1 1 2 2 0
1674633161574172 128645005055680 book_end 1 0 0 0 0 0
1674633161574412 128645005055680 coll_beg 0 0 0 0 0 0
1674633162057775 128645005055680 coll_end 0 0 0 0 0 0
1674633162057955 128645005055680 rel_beg 1 0 0 0 0 0
1674633162058775 128645005055680 absorb 1 0 0 0 0 0
1674633162069654 128645005055680 rel_end 1 0 0 0 0 0
1674633162072724 128645005055680 wait_beg 0 0 0 0 0 0
1674633162074414 128645005055680 wait_end 0 0 0 0 0 0
1674633162076784 128645005055680 drain_beg 0 0 0 0 0 0
1674633162077314 128645005055680 drain_end 1 0 0 0 0 0
1674633162077824 128645005055680 take 2 0 0 0 0 0
1674633162078034 128645005055680 subm_beg 1 0 0 0 0 0
1674633162078504 128645005055680 submit 2 0 0 0 0 0
1674633162078584 128645005055680 subm_end 1 0 0 0 0 0
1674633162078644 128645005055680 pump_beg 1 0 0 0 0 0
1674633162476780 128645005055680 feedend 1 0 0 0 0 0
1674633162956612 128645005055680 feedend 1 1 0 0 0 0
1674633165227170 128645005055680 outfirst 1 0 65536 0 0 0
1674633162116273 128645018953600 ackslot 1 0 1 0 0 0
1674633162271107 128645018953600 send 18 0 0 0 0 1
1674633162800418 128645018953600 send 203526 0 0 0 0 1
1674633163365947 128645018953600 send 161956 0 0 0 0 1
1674633163370637 128645018953600 send 14 0 0 0 0 1
1674633163370887 128645018953600 egress 1 1 0 0 0 0
1674633164669060 128645018953600 cliack 1 0 2 1 0 0
1674633164669340 128645018953600 ackregion 1 1 1 0 0 0
1674633165157522 128645018953600 msgin 3 4718592 0 0 0 0
1674633165162352 128645018953600 enq 3 1 0 0 0 0
1674633162084314 128644996662976 emit_beg 1 0 0 0 0 0
1674633162111853 128644996662976 dmg 0 1 0 0 1024 768
1674633162112083 128644996662976 enc 0 0 1 -1 -1 0
1674633162225889 128644996662976 emit_end 1 0 0 0 0 0
1674633168394335 128645005055680 outfirst 1 1 65536 0 0 0
1674633168411845 128645005055680 pump_end 1 2 0 0 0 0
1674633168412005 128645005055680 join_beg 1 0 0 0 0 0
1674633168412225 128645005055680 join_end 0 0 0 0 0 0
1674633168412295 128645005055680 book_beg 1 0 0 0 0 0
1674633168412464 128645005055680 batch 2 1 1 2 2 0
1674633168412624 128645005055680 book_end 1 0 0 0 0 0
1674633168412784 128645005055680 coll_beg 0 0 0 0 0 0
1674633168516721 128645005055680 coll_end 0 0 0 0 0 0
1674633168517061 128645005055680 rel_beg 1 0 0 0 0 0
1674633168517231 128645005055680 absorb 2 0 0 0 0 0
1674633168519031 128645005055680 rel_end 1 0 0 0 0 0
1674633168521181 128645005055680 wait_beg 0 0 0 0 0 0
1674633168522141 128645005055680 wait_end 0 0 0 0 0 0
1674633168523760 128645005055680 drain_beg 0 0 0 0 0 0
1674633168524020 128645005055680 drain_end 1 0 0 0 0 0
1674633168524110 128645005055680 take 3 0 0 0 0 0
1674633168524320 128645005055680 subm_beg 1 0 0 0 0 0
1674633168524500 128645005055680 submit 3 0 0 0 0 0
1674633168524650 128645005055680 subm_end 1 0 0 0 0 0
1674633168524690 128645005055680 pump_beg 1 0 0 0 0 0
1674633168805200 128645005055680 feedend 2 0 0 0 0 0
1674633169270313 128645005055680 feedend 2 1 0 0 0 0
1674633172554734 128645005055680 outfirst 2 1 65536 0 0 0
1674633172649671 128645005055680 outfirst 2 0 65536 0 0 0
1674633172666300 128645005055680 pump_end 1 2 0 0 0 0
1674633172666480 128645005055680 join_beg 1 0 0 0 0 0
1674633172666650 128645005055680 join_end 0 0 0 0 0 0
1674633172666720 128645005055680 book_beg 1 0 0 0 0 0
1674633172666890 128645005055680 batch 3 1 1 2 2 0
1674633172667050 128645005055680 book_end 1 0 0 0 0 0
1674633172667220 128645005055680 coll_beg 0 0 0 0 0 0
1674633172746387 128645005055680 coll_end 0 0 0 0 0 0
1674633172746647 128645005055680 rel_beg 1 0 0 0 0 0
1674633172746757 128645005055680 absorb 3 0 0 0 0 0
1674633172748347 128645005055680 rel_end 1 0 0 0 0 0
1674633172749027 128645005055680 wait_beg 0 0 0 0 0 0
1674633168527430 128645018953600 ackslot 2 1 2 0 0 0
1674633168561449 128645018953600 send 18 0 0 1 1 1
1674633169212655 128645018953600 send 182755 0 0 1 1 1
1674633169720257 128645018953600 send 153296 0 0 1 1 1
1674633169724537 128645018953600 send 14 0 0 1 1 1
1674633169724747 128645018953600 egress 2 1 0 0 0 0
1674633171250522 128645018953600 cliack 2 0 3 2 0 0
1674633171250992 128645018953600 ackregion 2 2 2 0 0 0
1674633172754567 128645018953600 ackslot 3 2 3 0 0 0
1674633172776266 128645018953600 send 18 0 0 2 2 1
1674633173262139 128645018953600 send 161111 0 0 2 2 1
1674633173559068 128645018953600 send 101371 0 0 2 2 1
1674633173563258 128645018953600 send 14 0 0 2 2 1
1674633173563438 128645018953600 egress 3 1 0 0 0 0
1674633174012761 128645018953600 cliack 3 0 4 3 0 0
1674633174012861 128645018953600 ackregion 3 3 3 0 0 0
1674633168527540 128644996662976 emit_beg 2 0 0 0 0 0
1674633168531990 128644996662976 dmg 0 1 0 0 1024 768
1674633168532250 128644996662976 enc 1 1 1 -1 -1 0
1674633168558299 128644996662976 emit_end 2 0 0 0 0 0
1674633172754627 128644996662976 emit_beg 3 0 0 0 0 0
1674633172757747 128644996662976 dmg 0 1 0 0 1024 768
1674633172758077 128644996662976 enc 2 2 1 -1 -1 0
1674633172778576 128644996662976 emit_end 3 0 0 0 0 0
1674633181215670 128645005055680 wait_end 0 0 0 0 0 0
1674633181217380 128645005055680 drain_beg 0 0 0 0 0 0
1674633181217550 128645005055680 drain_end 1 0 0 0 0 0
1674633181217700 128645005055680 take 4 0 0 0 0 0
1674633181217910 128645005055680 subm_beg 1 0 0 0 0 0
1674633181218090 128645005055680 submit 4 0 0 0 0 0
1674633181218250 128645005055680 subm_end 1 0 0 0 0 0
1674633181218280 128645005055680 pump_beg 1 0 0 0 0 0
1674633181573837 128645005055680 feedend 3 0 0 0 0 0
1674633181578247 128645005055680 feedend 3 1 0 0 0 0
1674633183798887 128645005055680 outfirst 3 1 65536 0 0 0
1674633184048588 128645005055680 outfirst 3 0 65536 0 0 0
1674633184068877 128645005055680 pump_end 1 2 0 0 0 0
1674633184069027 128645005055680 join_beg 1 0 0 0 0 0
1674633184069267 128645005055680 join_end 0 0 0 0 0 0
1674633184069407 128645005055680 book_beg 1 0 0 0 0 0
1674633184069697 128645005055680 batch 4 1 1 2 2 0
1674633184069847 128645005055680 book_end 1 0 0 0 0 0
1674633184069977 128645005055680 coll_beg 0 0 0 0 0 0
1674633184168773 128645005055680 coll_end 0 0 0 0 0 0
1674633184169003 128645005055680 rel_beg 1 0 0 0 0 0
1674633184169173 128645005055680 absorb 4 0 0 0 0 0
1674633184171603 128645005055680 rel_end 1 0 0 0 0 0
1674633184172883 128645005055680 wait_beg 0 0 0 0 0 0
1674633181210361 128645018953600 msgin 4 4718592 0 0 0 0
1674633181210671 128645018953600 enq 4 1 0 0 0 0
1674633184183633 128645018953600 ackslot 4 3 4 0 0 0
1674633184199952 128645018953600 send 18 0 0 3 3 1
1674633185015493 128645018953600 send 168747 0 0 3 3 1
1674633185529004 128645018953600 send 142153 0 0 3 3 1
1674633185533344 128645018953600 send 14 0 0 3 3 1
1674633185533544 128645018953600 egress 4 1 0 0 0 0
1674633186061495 128645018953600 cliack 4 0 5 4 0 0
1674633186061585 128645018953600 ackregion 4 4 4 0 0 0
1674633184178183 128644996662976 emit_beg 4 0 0 0 0 0
1674633184179533 128644996662976 dmg 0 1 0 0 1024 768
1674633184181183 128644996662976 enc 3 3 1 -1 -1 0
1674633184200412 128644996662976 emit_end 4 0 0 0 0 0
1674633197230590 128645005055680 wait_end 0 0 0 0 0 0
1674633197236300 128645005055680 drain_beg 0 0 0 0 0 0
1674633197237180 128645005055680 drain_end 1 0 0 0 0 0
1674633197237520 128645005055680 take 5 0 0 0 0 0
1674633197238310 128645005055680 subm_beg 1 0 0 0 0 0
1674633197243350 128645005055680 submit 5 0 0 0 0 0
1674633197243490 128645005055680 subm_end 1 0 0 0 0 0
1674633197243530 128645005055680 pump_beg 1 0 0 0 0 0
1674633197562888 128645005055680 feedend 4 0 0 0 0 0
1674633197891686 128645005055680 feedend 4 1 0 0 0 0
1674633199925652 128645005055680 outfirst 4 1 65536 0 0 0
1674633200088846 128645005055680 outfirst 4 0 65536 0 0 0
1674633200109526 128645005055680 pump_end 1 2 0 0 0 0
1674633200109706 128645005055680 join_beg 1 0 0 0 0 0
1674633200109976 128645005055680 join_end 0 0 0 0 0 0
1674633200110056 128645005055680 book_beg 1 0 0 0 0 0
1674633200110366 128645005055680 batch 5 1 1 2 2 0
1674633200110406 128645005055680 book_end 1 0 0 0 0 0
1674633200110436 128645005055680 coll_beg 0 0 0 0 0 0
1674633200208582 128645005055680 coll_end 0 0 0 0 0 0
1674633200208662 128645005055680 rel_beg 1 0 0 0 0 0
1674633200208932 128645005055680 absorb 5 0 0 0 0 0
1674633200212032 128645005055680 rel_end 1 0 0 0 0 0
1674633200212972 128645005055680 wait_beg 0 0 0 0 0 0
1674633197206731 128645018953600 msgin 5 4718592 0 0 0 0
1674633197208341 128645018953600 enq 5 1 0 0 0 0
1674633200227251 128645018953600 ackslot 5 4 5 0 0 0
1674633200244711 128645018953600 send 18 0 0 4 4 1
1674633201198376 128645018953600 send 178038 0 0 4 4 1
1674633201620511 128645018953600 send 148092 0 0 4 4 1
1674633201627001 128645018953600 send 14 0 0 4 4 1
1674633201627121 128645018953600 egress 5 1 0 0 0 0
1674633202598045 128645018953600 cliack 5 0 6 5 0 0
1674633202598275 128645018953600 ackregion 5 5 5 0 0 0
1674633200221472 128644996662976 emit_beg 5 0 0 0 0 0
1674633200223891 128644996662976 dmg 0 1 0 0 1024 768
1674633200224041 128644996662976 enc 4 4 1 -1 -1 0
1674633200259340 128644996662976 emit_end 5 0 0 0 0 0
1674633213128084 128645005055680 wait_end 0 0 0 0 0 0
1674633213133994 128645005055680 drain_beg 0 0 0 0 0 0
1674633213134614 128645005055680 drain_end 1 0 0 0 0 0
1674633213134914 128645005055680 take 6 0 0 0 0 0
1674633213135604 128645005055680 subm_beg 1 0 0 0 0 0
1674633213136364 128645005055680 submit 6 0 0 0 0 0
1674633213136554 128645005055680 subm_end 1 0 0 0 0 0
1674633213136634 128645005055680 pump_beg 1 0 0 0 0 0
1674633213304087 128645005055680 feedend 5 0 0 0 0 0
1674633213412724 128645005055680 feedend 5 1 0 0 0 0
1674633215747979 128645005055680 outfirst 5 1 65536 0 0 0
1674633215961631 128645005055680 outfirst 5 0 65536 0 0 0
1674633216015419 128645005055680 pump_end 1 2 0 0 0 0
1674633216015829 128645005055680 join_beg 1 0 0 0 0 0
1674633216016309 128645005055680 join_end 0 0 0 0 0 0
1674633216016629 128645005055680 book_beg 1 0 0 0 0 0
1674633216016829 128645005055680 batch 6 1 1 2 2 0
1674633216016909 128645005055680 book_end 1 0 0 0 0 0
1674633216016979 128645005055680 coll_beg 0 0 0 0 0 0
1674633216188973 128645005055680 coll_end 0 0 0 0 0 0
1674633216189043 128645005055680 rel_beg 1 0 0 0 0 0
1674633216189453 128645005055680 absorb 6 0 0 0 0 0
1674633216193033 128645005055680 rel_end 1 0 0 0 0 0
1674633216194473 128645005055680 wait_beg 0 0 0 0 0 0
1674633213097035 128645018953600 msgin 6 4718592 0 0 0 0
1674633213097395 128645018953600 enq 6 1 0 0 0 0
1674633216214142 128645018953600 ackslot 6 5 6 0 0 0
1674633216239911 128645018953600 send 18 0 0 5 5 1
1674633216216432 128644996662976 emit_beg 6 0 0 0 0 0
1674633216220252 128644996662976 dmg 0 1 0 0 1024 768
1674633216220522 128644996662976 enc 5 5 1 -1 -1 0
1674633216250761 128644996662976 emit_end 6 0 0 0 0 0
1674633216755042 128645018953600 send 156852 0 0 5 5 1
1674633217143468 128645018953600 send 129384 0 0 5 5 1
1674633217148618 128645018953600 send 14 0 0 5 5 1
1674633217148798 128645018953600 egress 6 1 0 0 0 0
1674633218428812 128645018953600 cliack 6 0 7 6 0 0
1674633218428912 128645018953600 ackregion 6 6 6 0 0 0
1674633229547219 128645005055680 wait_end 0 0 0 0 0 0
1674633229549439 128645005055680 drain_beg 0 0 0 0 0 0
1674633229549769 128645005055680 drain_end 1 0 0 0 0 0
1674633229549979 128645005055680 take 7 0 0 0 0 0
1674633229550389 128645005055680 subm_beg 1 0 0 0 0 0
1674633229551189 128645005055680 submit 7 0 0 0 0 0
1674633229551309 128645005055680 subm_end 1 0 0 0 0 0
1674633229551359 128645005055680 pump_beg 1 0 0 0 0 0
1674633229679604 128645005055680 feedend 6 0 0 0 0 0
1674633229753111 128645005055680 feedend 6 1 0 0 0 0
1674633231740349 128645005055680 outfirst 6 1 65536 0 0 0
1674633231957381 128645005055680 outfirst 6 0 65536 0 0 0
1674633231970571 128645005055680 pump_end 1 2 0 0 0 0
1674633231970801 128645005055680 join_beg 1 0 0 0 0 0
1674633231971071 128645005055680 join_end 0 0 0 0 0 0
1674633231971131 128645005055680 book_beg 1 0 0 0 0 0
1674633231971311 128645005055680 batch 7 1 1 2 2 0
1674633231971441 128645005055680 book_end 1 0 0 0 0 0
1674633231971591 128645005055680 coll_beg 0 0 0 0 0 0
1674633232049968 128645005055680 coll_end 0 0 0 0 0 0
1674633232050108 128645005055680 rel_beg 1 0 0 0 0 0
1674633232050378 128645005055680 absorb 7 0 0 0 0 0
1674633232053298 128645005055680 rel_end 1 0 0 0 0 0
1674633232054278 128645005055680 wait_beg 0 0 0 0 0 0
1674633229534849 128645018953600 msgin 7 4718592 0 0 0 0
1674633229535729 128645018953600 enq 7 1 0 0 0 0
1674633232068087 128645018953600 ackslot 7 6 7 0 0 0
1674633232104126 128645018953600 send 18 0 0 6 6 1
1674633232489482 128645018953600 send 131302 0 0 6 6 1
1674633232800061 128645018953600 send 109293 0 0 6 6 1
1674633232804531 128645018953600 send 14 0 0 6 6 1
1674633232804711 128645018953600 egress 7 1 0 0 0 0
1674633233946079 128645018953600 cliack 7 0 8 7 0 0
1674633233946419 128645018953600 ackregion 7 7 7 0 0 0
1674633232076627 128644996662976 emit_beg 7 0 0 0 0 0
1674633232081517 128644996662976 dmg 0 1 0 0 1024 768
1674633232081687 128644996662976 enc 6 6 1 -1 -1 0
1674633232139685 128644996662976 emit_end 7 0 0 0 0 0
1674633244499107 128645005055680 wait_end 0 0 0 0 0 0
1674633244504397 128645005055680 drain_beg 0 0 0 0 0 0
1674633244505627 128645005055680 drain_end 1 0 0 0 0 0
1674633244506287 128645005055680 take 8 0 0 0 0 0
1674633244507137 128645005055680 subm_beg 1 0 0 0 0 0
1674633244508626 128645005055680 submit 8 0 0 0 0 0
1674633244508916 128645005055680 subm_end 1 0 0 0 0 0
1674633244509036 128645005055680 pump_beg 1 0 0 0 0 0
1674633244670641 128645005055680 feedend 7 0 0 0 0 0
1674633244835155 128645005055680 feedend 7 1 0 0 0 0
1674633244462838 128645018953600 msgin 8 4718592 0 0 0 0
1674633244463698 128645018953600 enq 8 1 0 0 0 0
1674633246943128 128645005055680 outfirst 7 1 65536 0 0 0
1674633247083193 128645005055680 outfirst 7 0 65536 0 0 0
1674633247125692 128645005055680 pump_end 1 2 0 0 0 0
1674633247125932 128645005055680 join_beg 1 0 0 0 0 0
1674633247126252 128645005055680 join_end 0 0 0 0 0 0
1674633247126382 128645005055680 book_beg 1 0 0 0 0 0
1674633247126692 128645005055680 batch 8 1 1 2 2 0
1674633247126872 128645005055680 book_end 1 0 0 0 0 0
1674633247132581 128645005055680 coll_beg 0 0 0 0 0 0
1674633247330044 128645005055680 coll_end 0 0 0 0 0 0
1674633247330124 128645005055680 rel_beg 1 0 0 0 0 0
1674633247330454 128645005055680 absorb 8 0 0 0 0 0
1674633247334804 128645005055680 rel_end 1 0 0 0 0 0
1674633247336574 128645005055680 wait_beg 0 0 0 0 0 0
1674633247357313 128645018953600 ackslot 8 7 8 0 0 0
1674633247388732 128645018953600 send 18 0 0 7 7 1
1674633248261050 128645018953600 send 170021 0 0 7 7 1
1674633248655916 128645018953600 send 135353 0 0 7 7 1
1674633248660216 128645018953600 send 14 0 0 7 7 1
1674633248660446 128645018953600 egress 8 1 0 0 0 0
1674633249495626 128645018953600 cliack 8 0 9 8 0 0
1674633249495726 128645018953600 ackregion 8 8 8 0 0 0
1674633247358903 128644996662976 emit_beg 8 0 0 0 0 0
1674633247362653 128644996662976 dmg 0 1 0 0 1024 768
1674633247362823 128644996662976 enc 7 7 1 -1 -1 0
1674633247391792 128644996662976 emit_end 8 0 0 0 0 0
1674633260992819 128645005055680 wait_end 0 0 0 0 0 0
1674633261011088 128645005055680 drain_beg 0 0 0 0 0 0
1674633261011788 128645005055680 drain_end 1 0 0 0 0 0
1674633261011988 128645005055680 take 9 0 0 0 0 0
1674633261012728 128645005055680 subm_beg 1 0 0 0 0 0
1674633261013438 128645005055680 submit 9 0 0 0 0 0
1674633261013608 128645005055680 subm_end 1 0 0 0 0 0
1674633261013688 128645005055680 pump_beg 1 0 0 0 0 0
1674633261192092 128645005055680 feedend 8 0 0 0 0 0
1674633261330617 128645005055680 feedend 8 1 0 0 0 0
1674633263769318 128645005055680 outfirst 8 1 65536 0 0 0
1674633263906893 128645005055680 outfirst 8 0 65536 0 0 0
1674633263944252 128645005055680 pump_end 1 2 0 0 0 0
1674633263944452 128645005055680 join_beg 1 0 0 0 0 0
1674633263944872 128645005055680 join_end 0 0 0 0 0 0
1674633263945012 128645005055680 book_beg 1 0 0 0 0 0
1674633263945332 128645005055680 batch 9 1 1 2 2 0
1674633263945492 128645005055680 book_end 1 0 0 0 0 0
1674633263945662 128645005055680 coll_beg 0 0 0 0 0 0
1674633264119416 128645005055680 coll_end 0 0 0 0 0 0
1674633264119716 128645005055680 rel_beg 1 0 0 0 0 0
1674633264120046 128645005055680 absorb 9 0 0 0 0 0
1674633264124466 128645005055680 rel_end 1 0 0 0 0 0
1674633264126275 128645005055680 wait_beg 0 0 0 0 0 0
1674633260956710 128645018953600 msgin 9 4718592 0 0 0 0
1674633260958260 128645018953600 enq 9 1 0 0 0 0
1674633264148445 128645018953600 ackslot 9 8 9 0 0 0
1674633264176334 128645018953600 send 18 0 0 8 8 1
1674633265041612 128645018953600 send 152753 0 0 8 8 1
1674633265475957 128645018953600 send 135114 0 0 8 8 1
1674633265480096 128645018953600 send 14 0 0 8 8 1
1674633265480286 128645018953600 egress 9 1 0 0 0 0
1674633266268718 128645018953600 cliack 9 0 10 9 0 0
1674633266268938 128645018953600 ackregion 9 9 9 0 0 0
1674633264148755 128644996662976 emit_beg 9 0 0 0 0 0
1674633264152444 128644996662976 dmg 0 1 0 0 1024 768
1674633264152714 128644996662976 enc 8 8 1 -1 -1 0
1674633264180573 128644996662976 emit_end 9 0 0 0 0 0
1674633276548665 128645005055680 wait_end 0 0 0 0 0 0
1674633276551505 128645005055680 drain_beg 0 0 0 0 0 0
1674633276551815 128645005055680 drain_end 1 0 0 0 0 0
1674633276552005 128645005055680 take 10 0 0 0 0 0
1674633276552485 128645005055680 subm_beg 1 0 0 0 0 0
1674633276553175 128645005055680 submit 10 0 0 0 0 0
1674633276553345 128645005055680 subm_end 1 0 0 0 0 0
1674633276553365 128645005055680 pump_beg 1 0 0 0 0 0
1674633276849044 128645005055680 feedend 9 0 0 0 0 0
1674633276997729 128645005055680 feedend 9 1 0 0 0 0
1674633276528726 128645018953600 msgin 10 4718592 0 0 0 0
1674633276529836 128645018953600 enq 10 1 0 0 0 0
1674633279111382 128645005055680 outfirst 9 1 65536 0 0 0
1674633279298646 128645005055680 outfirst 9 0 65536 0 0 0
1674633279385952 128645005055680 pump_end 1 2 0 0 0 0
1674633279386232 128645005055680 join_beg 1 0 0 0 0 0
1674633279386552 128645005055680 join_end 0 0 0 0 0 0
1674633279386692 128645005055680 book_beg 1 0 0 0 0 0
1674633279387042 128645005055680 batch 10 1 1 2 2 0
1674633279387202 128645005055680 book_end 1 0 0 0 0 0
1674633279387372 128645005055680 coll_beg 0 0 0 0 0 0
1674633279619714 128645005055680 coll_end 0 0 0 0 0 0
1674633279619814 128645005055680 rel_beg 1 0 0 0 0 0
1674633279620154 128645005055680 absorb 10 0 0 0 0 0
1674633279624434 128645005055680 rel_end 1 0 0 0 0 0
1674633279626344 128645005055680 wait_beg 0 0 0 0 0 0
1674633279646403 128645018953600 ackslot 10 9 10 0 0 0
1674633279680912 128645018953600 send 18 0 0 9 9 1
1674633280484503 128645018953600 send 201409 0 0 9 9 1
1674633280942346 128645018953600 send 162223 0 0 9 9 1
1674633280946986 128645018953600 send 14 0 0 9 9 1
1674633280947246 128645018953600 egress 10 1 0 0 0 0
1674633282627735 128645018953600 cliack 10 0 11 10 0 0
1674633282627825 128645018953600 ackregion 10 10 10 0 0 0
1674633279649053 128644996662976 emit_beg 10 0 0 0 0 0
1674633279652773 128644996662976 dmg 0 1 0 0 1024 768
1674633279652963 128644996662976 enc 9 9 1 -1 -1 0
1674633279691231 128644996662976 emit_end 10 0 0 0 0 0
1674633292460658 128645005055680 wait_end 0 0 0 0 0 0
1674633292463228 128645005055680 drain_beg 0 0 0 0 0 0
1674633292463558 128645005055680 drain_end 1 0 0 0 0 0
1674633292463728 128645005055680 take 11 0 0 0 0 0
1674633292464298 128645005055680 subm_beg 1 0 0 0 0 0
1674633292465168 128645005055680 submit 11 0 0 0 0 0
1674633292465398 128645005055680 subm_end 1 0 0 0 0 0
1674633292465418 128645005055680 pump_beg 1 0 0 0 0 0
1674633292777447 128645005055680 feedend 10 0 0 0 0 0
1674633293017408 128645005055680 feedend 10 1 0 0 0 0
1674633295777008 128645005055680 outfirst 10 1 65536 0 0 0
1674633295853916 128645005055680 outfirst 10 0 65536 0 0 0
1674633295896494 128645005055680 pump_end 1 2 0 0 0 0
1674633295896804 128645005055680 join_beg 1 0 0 0 0 0
1674633295897164 128645005055680 join_end 0 0 0 0 0 0
1674633295897274 128645005055680 book_beg 1 0 0 0 0 0
1674633295897644 128645005055680 batch 11 1 1 2 2 0
1674633295897854 128645005055680 book_end 1 0 0 0 0 0
1674633295898074 128645005055680 coll_beg 0 0 0 0 0 0
1674633296042809 128645005055680 coll_end 0 0 0 0 0 0
1674633296043219 128645005055680 rel_beg 1 0 0 0 0 0
1674633296043689 128645005055680 absorb 11 0 0 0 0 0
1674633296047968 128645005055680 rel_end 1 0 0 0 0 0
1674633296049888 128645005055680 wait_beg 0 0 0 0 0 0
1674633292446689 128645018953600 msgin 11 4718592 0 0 0 0
1674633292448469 128645018953600 enq 11 1 0 0 0 0
1674633296070648 128645018953600 ackslot 11 10 11 0 0 0
1674633296106596 128645018953600 send 18 0 0 10 10 1
1674633296643057 128645018953600 send 135786 0 0 10 10 1
1674633296986185 128645018953600 send 122820 0 0 10 10 1
1674633296990524 128645018953600 send 14 0 0 10 10 1
1674633296990704 128645018953600 egress 11 1 0 0 0 0
1674633296071918 128644996662976 emit_beg 11 0 0 0 0 0
1674633296076337 128644996662976 dmg 0 1 0 0 1024 768
1674633296076597 128644996662976 enc 10 10 1 -1 -1 0
1674633296100397 128644996662976 emit_end 11 0 0 0 0 0
1674633297705008 128645018953600 cliack 11 0 12 11 0 0
1674633297705408 128645018953600 ackregion 11 11 11 0 0 0
1674633308555275 128645005055680 wait_end 0 0 0 0 0 0
1674633308557295 128645005055680 drain_beg 0 0 0 0 0 0
1674633308557495 128645005055680 drain_end 1 0 0 0 0 0
1674633308557645 128645005055680 take 12 0 0 0 0 0
1674633308558125 128645005055680 subm_beg 1 0 0 0 0 0
1674633308558535 128645005055680 submit 12 0 0 0 0 0
1674633308558695 128645005055680 subm_end 1 0 0 0 0 0
1674633308558725 128645005055680 pump_beg 1 0 0 0 0 0
1674633308665631 128645005055680 feedend 11 0 0 0 0 0
1674633308716069 128645005055680 feedend 11 1 0 0 0 0
1674633310845872 128645005055680 outfirst 11 1 65536 0 0 0
1674633310969098 128645005055680 outfirst 11 0 65536 0 0 0
1674633310995237 128645005055680 pump_end 1 2 0 0 0 0
1674633310995427 128645005055680 join_beg 1 0 0 0 0 0
1674633310995697 128645005055680 join_end 0 0 0 0 0 0
1674633310995787 128645005055680 book_beg 1 0 0 0 0 0
1674633310995987 128645005055680 batch 12 1 1 2 2 0
1674633310996037 128645005055680 book_end 1 0 0 0 0 0
1674633310996077 128645005055680 coll_beg 0 0 0 0 0 0
1674633311082124 128645005055680 coll_end 0 0 0 0 0 0
1674633311082184 128645005055680 rel_beg 1 0 0 0 0 0
1674633311082464 128645005055680 absorb 12 0 0 0 0 0
1674633311085444 128645005055680 rel_end 1 0 0 0 0 0
1674633311086443 128645005055680 wait_beg 0 0 0 0 0 0
1674633308546096 128645018953600 msgin 12 4718592 0 0 0 0
1674633308546896 128645018953600 enq 12 1 0 0 0 0
1674633311098723 128645018953600 ackslot 12 11 12 0 0 0
1674633311119232 128645018953600 send 18 0 0 11 11 1
1674633311528388 128645018953600 send 141662 0 0 11 11 1
1674633311877005 128645018953600 send 123110 0 0 11 11 1
1674633311882555 128645018953600 send 14 0 0 11 11 1
1674633311882765 128645018953600 egress 12 1 0 0 0 0
1674633312716804 128645018953600 cliack 12 0 13 12 0 0
1674633312716904 128645018953600 ackregion 12 12 12 0 0 0
1674633311097483 128644996662976 emit_beg 12 0 0 0 0 0
1674633311103333 128644996662976 dmg 0 1 0 0 1024 768
1674633311103613 128644996662976 enc 11 11 1 -1 -1 0
1674633311130772 128644996662976 emit_end 12 0 0 0 0 0
1674633325062327 128645005055680 wait_end 0 0 0 0 0 0
1674633325064687 128645005055680 drain_beg 0 0 0 0 0 0
1674633325065157 128645005055680 drain_end 1 0 0 0 0 0
1674633325065317 128645005055680 take 13 0 0 0 0 0
1674633325065727 128645005055680 subm_beg 1 0 0 0 0 0
1674633325066377 128645005055680 submit 13 0 0 0 0 0
1674633325066527 128645005055680 subm_end 1 0 0 0 0 0
1674633325066557 128645005055680 pump_beg 1 0 0 0 0 0
1674633325382215 128645005055680 feedend 12 0 0 0 0 0
1674633325604757 128645005055680 feedend 12 1 0 0 0 0
1674633325050807 128645018953600 msgin 13 4718592 0 0 0 0
1674633325051607 128645018953600 enq 13 1 0 0 0 0
1674633327880535 128645005055680 outfirst 12 1 65536 0 0 0
1674633327990681 128645005055680 outfirst 12 0 65536 0 0 0
1674633328030519 128645005055680 pump_end 1 2 0 0 0 0
1674633328030839 128645005055680 join_beg 1 0 0 0 0 0
1674633328031239 128645005055680 join_end 0 0 0 0 0 0
1674633328031339 128645005055680 book_beg 1 0 0 0 0 0
1674633328031679 128645005055680 batch 13 1 1 2 2 0
1674633328031869 128645005055680 book_end 1 0 0 0 0 0
1674633328032079 128645005055680 coll_beg 0 0 0 0 0 0
1674633328197113 128645005055680 coll_end 0 0 0 0 0 0
1674633328197413 128645005055680 rel_beg 1 0 0 0 0 0
1674633328197793 128645005055680 absorb 13 0 0 0 0 0
1674633328202613 128645005055680 rel_end 1 0 0 0 0 0
1674633328204423 128645005055680 wait_beg 0 0 0 0 0 0
1674633328225672 128645018953600 ackslot 13 12 13 0 0 0
1674633328258101 128645018953600 send 18 0 0 12 12 1
1674633329060222 128645018953600 send 157039 0 0 12 12 1
1674633329516046 128645018953600 send 133046 0 0 12 12 1
1674633329520425 128645018953600 send 14 0 0 12 12 1
1674633329520585 128645018953600 egress 13 1 0 0 0 0
1674633329965359 128645018953600 cliack 13 0 14 13 0 0
1674633329965579 128645018953600 ackregion 13 13 13 0 0 0
1674633328227122 128644996662976 emit_beg 13 0 0 0 0 0
1674633328231032 128644996662976 dmg 0 1 0 0 1024 768
1674633328231202 128644996662976 enc 12 12 1 -1 -1 0
1674633328257371 128644996662976 emit_end 13 0 0 0 0 0
1674633340782297 128645005055680 wait_end 0 0 0 0 0 0
1674633340786967 128645005055680 drain_beg 0 0 0 0 0 0
1674633340787337 128645005055680 drain_end 1 0 0 0 0 0
1674633340787547 128645005055680 take 14 0 0 0 0 0
1674633340788307 128645005055680 subm_beg 1 0 0 0 0 0
1674633340788997 128645005055680 submit 14 0 0 0 0 0
1674633340789197 128645005055680 subm_end 1 0 0 0 0 0
1674633340789277 128645005055680 pump_beg 1 0 0 0 0 0
1674633341077016 128645005055680 feedend 13 0 0 0 0 0
1674633341176063 128645005055680 feedend 13 1 0 0 0 0
1674633343529128 128645005055680 outfirst 13 1 65536 0 0 0
1674633343771199 128645005055680 outfirst 13 0 65536 0 0 0
1674633343793108 128645005055680 pump_end 1 2 0 0 0 0
1674633343793318 128645005055680 join_beg 1 0 0 0 0 0
1674633343793658 128645005055680 join_end 0 0 0 0 0 0
1674633343793748 128645005055680 book_beg 1 0 0 0 0 0
1674633343794038 128645005055680 batch 14 1 1 2 2 0
1674633343794198 128645005055680 book_end 1 0 0 0 0 0
1674633343794388 128645005055680 coll_beg 0 0 0 0 0 0
1674633343937093 128645005055680 coll_end 0 0 0 0 0 0
1674633343937383 128645005055680 rel_beg 1 0 0 0 0 0
1674633343937723 128645005055680 absorb 14 0 0 0 0 0
1674633343941573 128645005055680 rel_end 1 0 0 0 0 0
1674633343943063 128645005055680 wait_beg 0 0 0 0 0 0
1674633340753278 128645018953600 msgin 14 4718592 0 0 0 0
1674633340753688 128645018953600 enq 14 1 0 0 0 0
1674633343960362 128645018953600 ackslot 14 13 14 0 0 0
1674633343993101 128645018953600 send 18 0 0 13 13 1
1674633344555430 128645018953600 send 149039 0 0 13 13 1
1674633344904418 128645018953600 send 119261 0 0 13 13 1
1674633344908618 128645018953600 send 14 0 0 13 13 1
1674633344908808 128645018953600 egress 14 1 0 0 0 0
1674633345663560 128645018953600 cliack 14 0 15 14 0 0
1674633345663660 128645018953600 ackregion 14 14 14 0 0 0
1674633343965652 128644996662976 emit_beg 14 0 0 0 0 0
1674633343969242 128644996662976 dmg 0 1 0 0 1024 768
1674633343969462 128644996662976 enc 13 13 1 -1 -1 0
1674633343993451 128644996662976 emit_end 14 0 0 0 0 0
1674633356486278 128645005055680 wait_end 0 0 0 0 0 0
1674633356490968 128645005055680 drain_beg 0 0 0 0 0 0
1674633356491478 128645005055680 drain_end 1 0 0 0 0 0
1674633356491688 128645005055680 take 15 0 0 0 0 0
1674633356492298 128645005055680 subm_beg 1 0 0 0 0 0
1674633356492858 128645005055680 submit 15 0 0 0 0 0
1674633356493058 128645005055680 subm_end 1 0 0 0 0 0
1674633356493138 128645005055680 pump_beg 1 0 0 0 0 0
1674633356640312 128645005055680 feedend 14 0 0 0 0 0
1674633356732599 128645005055680 feedend 14 1 0 0 0 0
1674633356468049 128645018953600 msgin 15 4718592 0 0 0 0
1674633356468889 128645018953600 enq 15 1 0 0 0 0
1674633358863772 128645005055680 outfirst 14 1 65536 0 0 0
1674633359073144 128645005055680 outfirst 14 0 65536 0 0 0
1674633359120353 128645005055680 pump_end 1 2 0 0 0 0
1674633359120843 128645005055680 join_beg 1 0 0 0 0 0
1674633359121202 128645005055680 join_end 0 0 0 0 0 0
1674633359121322 128645005055680 book_beg 1 0 0 0 0 0
1674633359121642 128645005055680 batch 15 1 1 2 2 0
1674633359121852 128645005055680 book_end 1 0 0 0 0 0
1674633359122072 128645005055680 coll_beg 0 0 0 0 0 0
1674633359275897 128645005055680 coll_end 0 0 0 0 0 0
1674633359276407 128645005055680 rel_beg 1 0 0 0 0 0
1674633359283137 128645005055680 absorb 15 0 0 0 0 0
1674633359287086 128645005055680 rel_end 1 0 0 0 0 0
1674633359288566 128645005055680 wait_beg 0 0 0 0 0 0
1674633359308016 128645018953600 ackslot 15 14 15 0 0 0
1674633359338895 128645018953600 send 18 0 0 14 14 1
1674633360130406 128645018953600 send 155964 0 0 14 14 1
1674633360557851 128645018953600 send 135558 0 0 14 14 1
1674633360567580 128645018953600 send 14 0 0 14 14 1
1674633360567690 128645018953600 egress 15 1 0 0 0 0
1674633361023334 128645018953600 cliack 15 0 16 15 0 0
1674633361023534 128645018953600 ackregion 15 15 15 0 0 0
1674633359311046 128644996662976 emit_beg 15 0 0 0 0 0
1674633359315425 128644996662976 dmg 0 1 0 0 1024 768
1674633359315585 128644996662976 enc 14 14 1 -1 -1 0
1674633359342054 128644996662976 emit_end 15 0 0 0 0 0
1674633372923342 128645005055680 wait_end 0 0 0 0 0 0
1674633372925692 128645005055680 drain_beg 0 0 0 0 0 0
1674633372925912 128645005055680 drain_end 1 0 0 0 0 0
1674633372926052 128645005055680 take 16 0 0 0 0 0
1674633372926352 128645005055680 subm_beg 1 0 0 0 0 0
1674633372926992 128645005055680 submit 16 0 0 0 0 0
1674633372927122 128645005055680 subm_end 1 0 0 0 0 0
1674633372927232 128645005055680 pump_beg 1 0 0 0 0 0
1674633373047858 128645005055680 feedend 15 0 0 0 0 0
1674633373086416 128645005055680 feedend 15 1 0 0 0 0
1674633376365467 128645005055680 outfirst 15 1 65536 0 0 0
1674633376642297 128645005055680 outfirst 15 0 65536 0 0 0
1674633376676526 128645005055680 pump_end 1 2 0 0 0 0
1674633376676776 128645005055680 join_beg 1 0 0 0 0 0
1674633376677096 128645005055680 join_end 0 0 0 0 0 0
1674633376677166 128645005055680 book_beg 1 0 0 0 0 0
1674633376677486 128645005055680 batch 16 1 1 2 2 0
1674633376677666 128645005055680 book_end 1 0 0 0 0 0
1674633376677856 128645005055680 coll_beg 0 0 0 0 0 0
1674633376798552 128645005055680 coll_end 0 0 0 0 0 0
1674633376798942 128645005055680 rel_beg 1 0 0 0 0 0
1674633376799282 128645005055680 absorb 16 0 0 0 0 0
1674633376802262 128645005055680 rel_end 1 0 0 0 0 0
1674633376803372 128645005055680 wait_beg 0 0 0 0 0 0
1674633372913533 128645018953600 msgin 16 4718592 0 0 0 0
1674633372914043 128645018953600 enq 16 1 0 0 0 0
1674633376816301 128645018953600 ackslot 16 15 16 0 0 0
1674633376849540 128645018953600 send 18 0 0 15 15 1
1674633377398810 128645018953600 send 191292 0 0 15 15 1
1674633376826601 128644996662976 emit_beg 16 0 0 0 0 0
1674633376831681 128644996662976 dmg 0 1 0 0 1024 768
1674633376831891 128644996662976 enc 15 15 1 -1 -1 0
1674633376866939 128644996662976 emit_end 16 0 0 0 0 0
1674633377896502 128645018953600 send 172546 0 0 15 15 1
1674633377901092 128645018953600 send 14 0 0 15 15 1
1674633377901422 128645018953600 egress 16 1 0 0 0 0
1674633379004832 128645018953600 cliack 16 0 17 16 0 0
1674633379004962 128645018953600 ackregion 16 16 16 0 0 0
1674633389119475 128645005055680 wait_end 0 0 0 0 0 0
1674633389123405 128645005055680 drain_beg 0 0 0 0 0 0
1674633389123825 128645005055680 drain_end 1 0 0 0 0 0
1674633389124015 128645005055680 take 17 0 0 0 0 0
1674633389124705 128645005055680 subm_beg 1 0 0 0 0 0
1674633389125085 128645005055680 submit 17 0 0 0 0 0
1674633389125235 128645005055680 subm_end 1 0 0 0 0 0
1674633389125315 128645005055680 pump_beg 1 0 0 0 0 0
1674633389290439 128645005055680 feedend 16 0 0 0 0 0
1674633389331918 128645005055680 feedend 16 1 0 0 0 0
1674633392085958 128645005055680 outfirst 16 1 65536 0 0 0
1674633392338399 128645005055680 outfirst 16 0 65536 0 0 0
1674633392377777 128645005055680 pump_end 1 2 0 0 0 0
1674633392378057 128645005055680 join_beg 1 0 0 0 0 0
1674633392378407 128645005055680 join_end 0 0 0 0 0 0
1674633392378497 128645005055680 book_beg 1 0 0 0 0 0
1674633392378757 128645005055680 batch 17 1 1 2 2 0
1674633392378927 128645005055680 book_end 1 0 0 0 0 0
1674633392379117 128645005055680 coll_beg 0 0 0 0 0 0
1674633392571150 128645005055680 coll_end 0 0 0 0 0 0
1674633392571520 128645005055680 rel_beg 1 0 0 0 0 0
1674633392571880 128645005055680 absorb 17 0 0 0 0 0
1674633392575460 128645005055680 rel_end 1 0 0 0 0 0
1674633392576890 128645005055680 wait_beg 0 0 0 0 0 0
1674633389103056 128645018953600 msgin 17 4718592 0 0 0 0
1674633389103496 128645018953600 enq 17 1 0 0 0 0
1674633392597119 128645018953600 ackslot 17 16 17 0 0 0
1674633392620238 128645018953600 send 18 0 0 16 16 1
1674633393374381 128645018953600 send 178058 0 0 16 16 1
1674633393798626 128645018953600 send 150996 0 0 16 16 1
1674633393802926 128645018953600 send 14 0 0 16 16 1
1674633393803026 128645018953600 egress 17 1 0 0 0 0
1674633395136297 128645018953600 cliack 17 0 18 17 0 0
1674633395136617 128645018953600 ackregion 17 17 17 0 0 0
1674633392600089 128644996662976 emit_beg 17 0 0 0 0 0
1674633392603819 128644996662976 dmg 0 1 0 0 1024 768
1674633392604009 128644996662976 enc 16 16 1 -1 -1 0
1674633392634888 128644996662976 emit_end 17 0 0 0 0 0
1674633405058998 128645005055680 wait_end 0 0 0 0 0 0
1674633405061457 128645005055680 drain_beg 0 0 0 0 0 0
1674633405061777 128645005055680 drain_end 1 0 0 0 0 0
1674633405061997 128645005055680 take 18 0 0 0 0 0
1674633405062397 128645005055680 subm_beg 1 0 0 0 0 0
1674633405063247 128645005055680 submit 18 0 0 0 0 0
1674633405063397 128645005055680 subm_end 1 0 0 0 0 0
1674633405063437 128645005055680 pump_beg 1 0 0 0 0 0
1674633405253041 128645005055680 feedend 17 0 0 0 0 0
1674633405311208 128645005055680 feedend 17 1 0 0 0 0
1674633405010599 128645018953600 msgin 18 4718592 0 0 0 0
1674633405010909 128645018953600 enq 18 1 0 0 0 0
1674633408041699 128645005055680 outfirst 17 1 65536 0 0 0
1674633408424526 128645005055680 outfirst 17 0 65536 0 0 0
1674633408560481 128645005055680 pump_end 1 2 0 0 0 0
1674633408560731 128645005055680 join_beg 1 0 0 0 0 0
1674633408561111 128645005055680 join_end 0 0 0 0 0 0
1674633408561191 128645005055680 book_beg 1 0 0 0 0 0
1674633408561501 128645005055680 batch 18 1 1 2 2 0
1674633408561691 128645005055680 book_end 1 0 0 0 0 0
1674633408561891 128645005055680 coll_beg 0 0 0 0 0 0
1674633408726105 128645005055680 coll_end 0 0 0 0 0 0
1674633408726465 128645005055680 rel_beg 1 0 0 0 0 0
1674633408726845 128645005055680 absorb 18 0 0 0 0 0
1674633408730545 128645005055680 rel_end 1 0 0 0 0 0
1674633408731954 128645005055680 wait_beg 0 0 0 0 0 0
1674633408750734 128645018953600 ackslot 18 17 18 0 0 0
1674633408776733 128645018953600 send 18 0 0 17 17 1
1674633409477287 128645018953600 send 177002 0 0 17 17 1
1674633409871403 128645018953600 send 139131 0 0 17 17 1
1674633409875483 128645018953600 send 14 0 0 17 17 1
1674633409875693 128645018953600 egress 18 1 0 0 0 0
1674633410773620 128645018953600 cliack 18 0 19 18 0 0
1674633410773720 128645018953600 ackregion 18 18 18 0 0 0
1674633408755024 128644996662976 emit_beg 18 0 0 0 0 0
1674633408758654 128644996662976 dmg 0 1 0 0 1024 768
1674633408758963 128644996662976 enc 17 17 1 -1 -1 0
1674633408787112 128644996662976 emit_end 18 0 0 0 0 0
1674633420398272 128645005055680 wait_end 0 0 0 0 0 0
1674633420404351 128645005055680 drain_beg 0 0 0 0 0 0
1674633420405281 128645005055680 drain_end 1 0 0 0 0 0
1674633420405661 128645005055680 take 19 0 0 0 0 0
1674633420406401 128645005055680 subm_beg 1 0 0 0 0 0
1674633420407511 128645005055680 submit 19 0 0 0 0 0
1674633420407711 128645005055680 subm_end 1 0 0 0 0 0
1674633420407841 128645005055680 pump_beg 1 0 0 0 0 0
1674633420625043 128645005055680 feedend 18 0 0 0 0 0
1674633420669262 128645005055680 feedend 18 1 0 0 0 0
1674633423202670 128645005055680 outfirst 18 1 65536 0 0 0
1674633423656524 128645005055680 outfirst 18 0 65536 0 0 0
1674633423683873 128645005055680 pump_end 1 2 0 0 0 0
1674633423684093 128645005055680 join_beg 1 0 0 0 0 0
1674633423684453 128645005055680 join_end 0 0 0 0 0 0
1674633423684533 128645005055680 book_beg 1 0 0 0 0 0
1674633423684763 128645005055680 batch 19 1 1 2 2 0
1674633423684843 128645005055680 book_end 1 0 0 0 0 0
1674633423684913 128645005055680 coll_beg 0 0 0 0 0 0
1674633423853156 128645005055680 coll_end 0 0 0 0 0 0
1674633423853226 128645005055680 rel_beg 1 0 0 0 0 0
1674633423853606 128645005055680 absorb 19 0 0 0 0 0
1674633423857386 128645005055680 rel_end 1 0 0 0 0 0
1674633423858806 128645005055680 wait_beg 0 0 0 0 0 0
1674633425249576 128645005055680 wait_end 0 0 0 0 0 0
1674633425251716 128645005055680 drain_beg 0 0 0 0 0 0
1674633425251946 128645005055680 drain_end 1 0 0 0 0 0
1674633425252086 128645005055680 take 20 0 0 0 0 0
1674633425252476 128645005055680 subm_beg 1 0 0 0 0 0
1674633425252696 128645005055680 submit 20 0 0 0 0 0
1674633425252826 128645005055680 subm_end 1 0 0 0 0 0
1674633425252846 128645005055680 pump_beg 1 0 0 0 0 0
1674633425409930 128645005055680 feedend 19 0 0 0 0 0
1674633425416980 128645005055680 feedend 19 1 0 0 0 0
1674633420363263 128645018953600 msgin 19 4718592 0 0 0 0
1674633420363853 128645018953600 enq 19 1 0 0 0 0
1674633423877666 128645018953600 ackslot 19 18 19 0 0 0
1674633423914484 128645018953600 send 18 0 0 18 18 1
1674633424516312 128645018953600 send 171588 0 0 18 18 1
1674633424870729 128645018953600 send 123952 0 0 18 18 1
1674633424874869 128645018953600 send 14 0 0 18 18 1
1674633424874969 128645018953600 egress 19 1 0 0 0 0
1674633425231176 128645018953600 msgin 20 4718592 0 0 0 0
1674633425231876 128645018953600 enq 20 1 0 0 0 0
1674633425804976 128645018953600 cliack 19 0 20 19 0 0
1674633425805296 128645018953600 ackregion 19 19 19 0 0 0
1674633423882065 128644996662976 emit_beg 19 0 0 0 0 0
1674633423889155 128644996662976 dmg 0 1 0 0 1024 768
1674633423889355 128644996662976 enc 18 18 1 -1 -1 0
1674633423918944 128644996662976 emit_end 19 0 0 0 0 0
1674633428345794 128645005055680 outfirst 19 1 65536 0 0 0
1674633428563776 128645005055680 outfirst 19 0 65536 0 0 0
1674633428608624 128645005055680 pump_end 1 2 0 0 0 0
1674633428608794 128645005055680 join_beg 1 0 0 0 0 0
1674633428609104 128645005055680 join_end 0 0 0 0 0 0
1674633428609154 128645005055680 book_beg 1 0 0 0 0 0
1674633428609414 128645005055680 batch 20 1 1 2 2 0
1674633428609574 128645005055680 book_end 1 0 0 0 0 0
1674633428609734 128645005055680 coll_beg 0 0 0 0 0 0
1674633428704531 128645005055680 coll_end 0 0 0 0 0 0
1674633428704701 128645005055680 rel_beg 1 0 0 0 0 0
1674633428704901 128645005055680 absorb 20 0 0 0 0 0
1674633428706521 128645005055680 rel_end 1 0 0 0 0 0
1674633428707370 128645005055680 wait_beg 0 0 0 0 0 0
1674633428715820 128645018953600 ackslot 20 19 20 0 0 0
1674633428734050 128645018953600 send 18 0 0 19 19 1
1674633429237351 128645018953600 send 174667 0 0 19 19 1
1674633429690355 128645018953600 send 156833 0 0 19 19 1
1674633429695635 128645018953600 send 14 0 0 19 19 1
1674633429695985 128645018953600 egress 20 1 0 0 0 0
1674633430828894 128645018953600 cliack 20 0 21 20 0 0
1674633430828984 128645018953600 ackregion 20 20 20 0 0 0
1674633428712810 128644996662976 emit_beg 20 0 0 0 0 0
1674633428714440 128644996662976 dmg 0 1 0 0 1024 768
1674633428714580 128644996662976 enc 19 19 1 -1 -1 0
1674633428735849 128644996662976 emit_end 20 0 0 0 0 0
1674633441245306 128645005055680 wait_end 0 0 0 0 0 0
1674633441249416 128645005055680 drain_beg 0 0 0 0 0 0
1674633441249946 128645005055680 drain_end 1 0 0 0 0 0
1674633441250146 128645005055680 take 21 0 0 0 0 0
1674633441250526 128645005055680 subm_beg 1 0 0 0 0 0
1674633441251206 128645005055680 submit 21 0 0 0 0 0
1674633441251396 128645005055680 subm_end 1 0 0 0 0 0
1674633441251466 128645005055680 pump_beg 1 0 0 0 0 0
1674633441451899 128645005055680 feedend 20 0 0 0 0 0
1674633441488957 128645005055680 feedend 20 1 0 0 0 0
1674633444177710 128645005055680 outfirst 20 1 65536 0 0 0
1674633444615704 128645005055680 outfirst 20 0 65536 0 0 0
1674633444648173 128645005055680 pump_end 1 2 0 0 0 0
1674633444648503 128645005055680 join_beg 1 0 0 0 0 0
1674633444648953 128645005055680 join_end 0 0 0 0 0 0
1674633444649053 128645005055680 book_beg 1 0 0 0 0 0
1674633444649353 128645005055680 batch 21 1 1 2 2 0
1674633444649543 128645005055680 book_end 1 0 0 0 0 0
1674633444649733 128645005055680 coll_beg 0 0 0 0 0 0
1674633444794067 128645005055680 coll_end 0 0 0 0 0 0
1674633444794267 128645005055680 rel_beg 1 0 0 0 0 0
1674633444794677 128645005055680 absorb 21 0 0 0 0 0
1674633444799177 128645005055680 rel_end 1 0 0 0 0 0
1674633444800887 128645005055680 wait_beg 0 0 0 0 0 0
1674633441229117 128645018953600 msgin 21 4718592 0 0 0 0
1674633441229427 128645018953600 enq 21 1 0 0 0 0
1674633444822596 128645018953600 ackslot 21 20 21 0 0 0
1674633444856025 128645018953600 send 18 0 0 20 20 1
1674633445637407 128645018953600 send 145155 0 0 20 20 1
1674633446227606 128645018953600 send 121996 0 0 20 20 1
1674633446231905 128645018953600 send 14 0 0 20 20 1
1674633446232075 128645018953600 egress 21 1 0 0 0 0
1674633446674209 128645018953600 cliack 21 0 22 21 0 0
1674633446674489 128645018953600 ackregion 21 21 21 0 0 0
1674633444823526 128644996662976 emit_beg 21 0 0 0 0 0
1674633444826976 128644996662976 dmg 0 1 0 0 1024 768
1674633444827186 128644996662976 enc 20 20 1 -1 -1 0
1674633444850795 128644996662976 emit_end 21 0 0 0 0 0
1674633456604969 128645005055680 wait_end 0 0 0 0 0 0
1674633456606629 128645005055680 drain_beg 0 0 0 0 0 0
1674633456606839 128645005055680 drain_end 1 0 0 0 0 0
1674633456607009 128645005055680 take 22 0 0 0 0 0
1674633456607199 128645005055680 subm_beg 1 0 0 0 0 0
1674633456607419 128645005055680 submit 22 0 0 0 0 0
1674633456607679 128645005055680 subm_end 1 0 0 0 0 0
1674633456607709 128645005055680 pump_beg 1 0 0 0 0 0
1674633456730735 128645005055680 feedend 21 0 0 0 0 0
1674633456743594 128645005055680 feedend 21 1 0 0 0 0
1674633456596470 128645018953600 msgin 22 4718592 0 0 0 0
1674633456596900 128645018953600 enq 22 1 0 0 0 0
1674633459446016 128645005055680 outfirst 21 1 65536 0 0 0
1674633459917759 128645005055680 outfirst 21 0 65536 0 0 0
1674633459952968 128645005055680 pump_end 1 2 0 0 0 0
1674633459953248 128645005055680 join_beg 1 0 0 0 0 0
1674633459953618 128645005055680 join_end 0 0 0 0 0 0
1674633459953718 128645005055680 book_beg 1 0 0 0 0 0
1674633459954088 128645005055680 batch 22 1 1 2 2 0
1674633459954288 128645005055680 book_end 1 0 0 0 0 0
1674633459954498 128645005055680 coll_beg 0 0 0 0 0 0
1674633460174830 128645005055680 coll_end 0 0 0 0 0 0
1674633460175320 128645005055680 rel_beg 1 0 0 0 0 0
1674633460175740 128645005055680 absorb 22 0 0 0 0 0
1674633460183450 128645005055680 rel_end 1 0 0 0 0 0
1674633460185620 128645005055680 wait_beg 0 0 0 0 0 0
1674633460203609 128645018953600 ackslot 22 21 22 0 0 0
1674633460247477 128645018953600 send 18 0 0 21 21 1
1674633461060718 128645018953600 send 159389 0 0 21 21 1
1674633461506102 128645018953600 send 130486 0 0 21 21 1
1674633461510412 128645018953600 send 14 0 0 21 21 1
1674633461510652 128645018953600 egress 22 1 0 0 0 0
1674633461983224 128645018953600 cliack 22 0 23 22 0 0
1674633461983434 128645018953600 ackregion 22 22 22 0 0 0
1674633460208419 128644996662976 emit_beg 22 0 0 0 0 0
1674633460212049 128644996662976 dmg 0 1 0 0 1024 768
1674633460212239 128644996662976 enc 21 21 1 -1 -1 0
1674633460240658 128644996662976 emit_end 22 0 0 0 0 0
1674633473542905 128645005055680 wait_end 0 0 0 0 0 0
1674633473547535 128645005055680 drain_beg 0 0 0 0 0 0
1674633473548075 128645005055680 drain_end 1 0 0 0 0 0
1674633473548285 128645005055680 take 23 0 0 0 0 0
1674633473548865 128645005055680 subm_beg 1 0 0 0 0 0
1674633473549635 128645005055680 submit 23 0 0 0 0 0
1674633473549805 128645005055680 subm_end 1 0 0 0 0 0
1674633473549885 128645005055680 pump_beg 1 0 0 0 0 0
1674633473706430 128645005055680 feedend 22 0 0 0 0 0
1674633473767787 128645005055680 feedend 22 1 0 0 0 0
1674633476630034 128645005055680 outfirst 22 1 65536 0 0 0
1674633476703541 128645005055680 outfirst 22 0 65536 0 0 0
1674633476757349 128645005055680 pump_end 1 2 0 0 0 0
1674633476757759 128645005055680 join_beg 1 0 0 0 0 0
1674633476758679 128645005055680 join_end 0 0 0 0 0 0
1674633476758839 128645005055680 book_beg 1 0 0 0 0 0
1674633476759559 128645005055680 batch 23 1 1 2 2 0
1674633476759749 128645005055680 book_end 1 0 0 0 0 0
1674633476759859 128645005055680 coll_beg 0 0 0 0 0 0
1674633476899674 128645005055680 coll_end 0 0 0 0 0 0
1674633476899764 128645005055680 rel_beg 1 0 0 0 0 0
1674633476900244 128645005055680 absorb 23 0 0 0 0 0
1674633476905874 128645005055680 rel_end 1 0 0 0 0 0
1674633476907973 128645005055680 wait_beg 0 0 0 0 0 0
1674633473507057 128645018953600 msgin 23 4718592 0 0 0 0
1674633473507817 128645018953600 enq 23 1 0 0 0 0
1674633476941492 128645018953600 ackslot 23 22 23 0 0 0
1674633476984691 128645018953600 send 18 0 0 22 22 1
1674633478085071 128645018953600 send 130431 0 0 22 22 1
1674633476933193 128644996662976 emit_beg 23 0 0 0 0 0
1674633476944472 128644996662976 dmg 0 1 0 0 1024 768
1674633476944902 128644996662976 enc 22 22 1 -1 -1 0
1674633476975281 128644996662976 emit_end 23 0 0 0 0 0
1674633478536475 128645018953600 send 108608 0 0 22 22 1
1674633478541964 128645018953600 send 14 0 0 22 22 1
1674633478542234 128645018953600 egress 23 1 0 0 0 0
1674633478636961 128645018953600 cliack 23 0 24 23 0 0
1674633478637171 128645018953600 ackregion 23 23 23 0 0 0
1674633489401171 128645005055680 wait_end 0 0 0 0 0 0
1674633489407081 128645005055680 drain_beg 0 0 0 0 0 0
1674633489408430 128645005055680 drain_end 1 0 0 0 0 0
1674633489408860 128645005055680 take 24 0 0 0 0 0
1674633489409920 128645005055680 subm_beg 1 0 0 0 0 0
1674633489411980 128645005055680 submit 24 0 0 0 0 0
1674633489412300 128645005055680 subm_end 1 0 0 0 0 0
1674633489412430 128645005055680 pump_beg 1 0 0 0 0 0
1674633489580624 128645005055680 feedend 23 0 0 0 0 0
1674633489721949 128645005055680 feedend 23 1 0 0 0 0
1674633492921543 128645005055680 outfirst 23 1 65536 0 0 0
1674633493229062 128645005055680 outfirst 23 0 65536 0 0 0
1674633493271150 128645005055680 pump_end 1 2 0 0 0 0
1674633493271370 128645005055680 join_beg 1 0 0 0 0 0
1674633493271880 128645005055680 join_end 0 0 0 0 0 0
1674633493272080 128645005055680 book_beg 1 0 0 0 0 0
1674633493272460 128645005055680 batch 24 1 1 2 2 0
1674633493272540 128645005055680 book_end 1 0 0 0 0 0
1674633493272610 128645005055680 coll_beg 0 0 0 0 0 0
1674633493458524 128645005055680 coll_end 0 0 0 0 0 0
1674633493458624 128645005055680 rel_beg 1 0 0 0 0 0
1674633493459004 128645005055680 absorb 24 0 0 0 0 0
1674633493463823 128645005055680 rel_end 1 0 0 0 0 0
1674633493465553 128645005055680 wait_beg 0 0 0 0 0 0
1674633494885352 128645005055680 wait_end 0 0 0 0 0 0
1674633494890012 128645005055680 drain_beg 0 0 0 0 0 0
1674633494890902 128645005055680 drain_end 1 0 0 0 0 0
1674633494891342 128645005055680 take 25 0 0 0 0 0
1674633494892022 128645005055680 subm_beg 1 0 0 0 0 0
1674633494893202 128645005055680 submit 25 0 0 0 0 0
1674633494893342 128645005055680 subm_end 1 0 0 0 0 0
1674633494893482 128645005055680 pump_beg 1 0 0 0 0 0
1674633495093424 128645005055680 feedend 24 0 0 0 0 0
1674633495260628 128645005055680 feedend 24 1 0 0 0 0
1674633489366702 128645018953600 msgin 24 4718592 0 0 0 0
1674633489368432 128645018953600 enq 24 1 0 0 0 0
1674633493504512 128645018953600 ackslot 24 23 24 0 0 0
1674633493561050 128645018953600 send 18 0 0 23 23 1
1674633494353831 128645018953600 send 172677 0 0 23 23 1
1674633494765406 128645018953600 send 139984 0 0 23 23 1
1674633494769666 128645018953600 send 14 0 0 23 23 1
1674633494769946 128645018953600 egress 24 1 0 0 0 0
1674633494875582 128645018953600 msgin 25 4718592 0 0 0 0
1674633494875892 128645018953600 enq 25 1 0 0 0 0
1674633495718992 128645018953600 cliack 24 0 25 24 0 0
1674633495719292 128645018953600 ackregion 24 24 24 0 0 0
1674633493489203 128644996662976 emit_beg 24 0 0 0 0 0
1674633493492872 128644996662976 dmg 0 1 0 0 1024 768
1674633493493382 128644996662976 enc 23 23 1 -1 -1 0
1674633493530951 128644996662976 emit_end 24 0 0 0 0 0
1674633498686234 128645005055680 outfirst 24 1 65536 0 0 0
1674633498893667 128645005055680 outfirst 24 0 65536 0 0 0
1674633498915686 128645005055680 pump_end 1 2 0 0 0 0
1674633498915956 128645005055680 join_beg 1 0 0 0 0 0
1674633498916146 128645005055680 join_end 0 0 0 0 0 0
1674633498916286 128645005055680 book_beg 1 0 0 0 0 0
1674633498916606 128645005055680 batch 25 1 1 2 2 0
1674633498916786 128645005055680 book_end 1 0 0 0 0 0
1674633498916966 128645005055680 coll_beg 0 0 0 0 0 0
1674633499060211 128645005055680 coll_end 0 0 0 0 0 0
1674633499060501 128645005055680 rel_beg 1 0 0 0 0 0
1674633499060681 128645005055680 absorb 25 0 0 0 0 0
1674633499062661 128645005055680 rel_end 1 0 0 0 0 0
1674633499064031 128645005055680 wait_beg 0 0 0 0 0 0
1674633499070530 128645018953600 ackslot 25 24 25 0 0 0
1674633499121638 128645018953600 send 18 0 0 24 24 1
1674633499719207 128645018953600 send 202692 0 0 24 24 1
1674633500237318 128645018953600 send 180979 0 0 24 24 1
1674633500241718 128645018953600 send 14 0 0 24 24 1
1674633500241928 128645018953600 egress 25 1 0 0 0 0
1674633500822637 128645018953600 cliack 25 0 26 25 0 0
1674633500822977 128645018953600 ackregion 25 25 25 0 0 0
1674633499088270 128644996662976 emit_beg 25 0 0 0 0 0
1674633499094099 128644996662976 dmg 0 1 0 0 1024 768
1674633499094389 128644996662976 enc 24 24 1 -1 -1 0
1674633499196456 128644996662976 emit_end 25 0 0 0 0 0
1674633509595539 128645005055680 wait_end 0 0 0 0 0 0
1674633509599719 128645005055680 drain_beg 0 0 0 0 0 0
1674633509600329 128645005055680 drain_end 1 0 0 0 0 0
1674633509600559 128645005055680 take 26 0 0 0 0 0
1674633509600919 128645005055680 subm_beg 1 0 0 0 0 0
1674633509601649 128645005055680 submit 26 0 0 0 0 0
1674633509601829 128645005055680 subm_end 1 0 0 0 0 0
1674633509601899 128645005055680 pump_beg 1 0 0 0 0 0
1674633509782972 128645005055680 feedend 25 0 0 0 0 0
1674633509838300 128645005055680 feedend 25 1 0 0 0 0
1674633512847141 128645005055680 outfirst 25 1 65536 0 0 0
1674633513204788 128645005055680 outfirst 25 0 65536 0 0 0
1674633513230317 128645005055680 pump_end 1 2 0 0 0 0
1674633513233257 128645005055680 join_beg 1 0 0 0 0 0
1674633513233377 128645005055680 join_end 0 0 0 0 0 0
1674633513233517 128645005055680 book_beg 1 0 0 0 0 0
1674633513233757 128645005055680 batch 26 1 1 2 2 0
1674633513233837 128645005055680 book_end 1 0 0 0 0 0
1674633513233907 128645005055680 coll_beg 0 0 0 0 0 0
1674633513402521 128645005055680 coll_end 0 0 0 0 0 0
1674633513402701 128645005055680 rel_beg 1 0 0 0 0 0
1674633513402951 128645005055680 absorb 26 0 0 0 0 0
1674633513405671 128645005055680 rel_end 1 0 0 0 0 0
1674633513407411 128645005055680 wait_beg 0 0 0 0 0 0
1674633514406534 128645005055680 wait_end 0 0 0 0 0 0
1674633514410804 128645005055680 drain_beg 0 0 0 0 0 0
1674633514411174 128645005055680 drain_end 1 0 0 0 0 0
1674633514411404 128645005055680 take 27 0 0 0 0 0
1674633514411784 128645005055680 subm_beg 1 0 0 0 0 0
1674633514412094 128645005055680 submit 27 0 0 0 0 0
1674633514412174 128645005055680 subm_end 1 0 0 0 0 0
1674633514412294 128645005055680 pump_beg 1 0 0 0 0 0
1674633514668855 128645005055680 feedend 26 0 0 0 0 0
1674633514733873 128645005055680 feedend 26 1 0 0 0 0
1674633517566780 128645005055680 outfirst 26 1 65536 0 0 0
1674633517810251 128645005055680 outfirst 26 0 65536 0 0 0
1674633517828690 128645005055680 pump_end 1 2 0 0 0 0
1674633517828910 128645005055680 join_beg 1 0 0 0 0 0
1674633517829040 128645005055680 join_end 0 0 0 0 0 0
1674633517829210 128645005055680 book_beg 1 0 0 0 0 0
1674633517829440 128645005055680 batch 27 1 1 2 2 0
1674633517829520 128645005055680 book_end 1 0 0 0 0 0
1674633517829590 128645005055680 coll_beg 0 0 0 0 0 0
1674633517973965 128645005055680 coll_end 0 0 0 0 0 0
1674633517974055 128645005055680 rel_beg 1 0 0 0 0 0
1674633517974315 128645005055680 absorb 27 0 0 0 0 0
1674633517976955 128645005055680 rel_end 1 0 0 0 0 0
1674633517978345 128645005055680 wait_beg 0 0 0 0 0 0
1674633509568870 128645018953600 msgin 26 4718592 0 0 0 0
1674633509569190 128645018953600 enq 26 1 0 0 0 0
1674633513413010 128645018953600 ackslot 26 25 26 0 0 0
1674633513464689 128645018953600 send 18 0 0 25 25 1
1674633513899043 128645018953600 send 149372 0 0 25 25 1
1674633514279199 128645018953600 send 131644 0 0 25 25 1
1674633514283439 128645018953600 send 14 0 0 25 25 1
1674633514283609 128645018953600 egress 26 1 0 0 0 0
1674633514391615 128645018953600 msgin 27 4718592 0 0 0 0
1674633514391755 128645018953600 enq 27 1 0 0 0 0
1674633515294552 128645018953600 cliack 26 0 27 26 0 0
1674633515294612 128645018953600 ackregion 26 26 26 0 0 0
1674633517989085 128645018953600 ackslot 27 26 27 0 0 0
1674633518036973 128645018953600 send 18 0 0 26 26 1
1674633518646861 128645018953600 send 126861 0 0 26 26 1
1674633513430900 128644996662976 emit_beg 26 0 0 0 0 0
1674633513436640 128644996662976 dmg 0 1 0 0 1024 768
1674633513437160 128644996662976 enc 25 25 1 -1 -1 0
1674633513469178 128644996662976 emit_end 26 0 0 0 0 0
1674633518001924 128644996662976 emit_beg 27 0 0 0 0 0
1674633518013284 128644996662976 dmg 0 1 0 0 1024 768
1674633518013524 128644996662976 enc 26 26 1 -1 -1 0
1674633518041223 128644996662976 emit_end 27 0 0 0 0 0
1674633518952100 128645018953600 send 107278 0 0 26 26 1
1674633518956670 128645018953600 send 14 0 0 26 26 1
1674633518956840 128645018953600 egress 27 1 0 0 0 0
1674633519641585 128645018953600 cliack 27 0 28 27 0 0
1674633519643825 128645018953600 ackregion 27 27 27 0 0 0
1674633530220661 128645005055680 wait_end 0 0 0 0 0 0
1674633530224531 128645005055680 drain_beg 0 0 0 0 0 0
1674633530224881 128645005055680 drain_end 1 0 0 0 0 0
1674633530225121 128645005055680 take 28 0 0 0 0 0
1674633530225401 128645005055680 subm_beg 1 0 0 0 0 0
1674633530225631 128645005055680 submit 28 0 0 0 0 0
1674633530225791 128645005055680 subm_end 1 0 0 0 0 0
1674633530225861 128645005055680 pump_beg 1 0 0 0 0 0
1674633530434784 128645005055680 feedend 27 0 0 0 0 0
1674633530483872 128645005055680 feedend 27 1 0 0 0 0
1674633534552034 128645005055680 outfirst 27 1 65536 0 0 0
1674633534746797 128645005055680 outfirst 27 0 65536 0 0 0
1674633534821265 128645005055680 pump_end 1 2 0 0 0 0
1674633534821385 128645005055680 join_beg 1 0 0 0 0 0
1674633534821495 128645005055680 join_end 0 0 0 0 0 0
1674633534821655 128645005055680 book_beg 1 0 0 0 0 0
1674633534822074 128645005055680 batch 28 1 1 2 2 0
1674633534822154 128645005055680 book_end 1 0 0 0 0 0
1674633534822234 128645005055680 coll_beg 0 0 0 0 0 0
1674633535148293 128645005055680 coll_end 0 0 0 0 0 0
1674633535148343 128645005055680 rel_beg 1 0 0 0 0 0
1674633535148463 128645005055680 absorb 28 0 0 0 0 0
1674633535150363 128645005055680 rel_end 1 0 0 0 0 0
1674633535151323 128645005055680 wait_beg 0 0 0 0 0 0
1674633530194522 128645018953600 msgin 28 4718592 0 0 0 0
1674633530194912 128645018953600 enq 28 1 0 0 0 0
1674633535158952 128645018953600 ackslot 28 27 28 0 0 0
1674633535202751 128645018953600 send 18 0 0 27 27 1
1674633535941814 128645018953600 send 252193 0 0 27 27 1
1674633536605430 128645018953600 send 228426 0 0 27 27 1
1674633536609730 128645018953600 send 14 0 0 27 27 1
1674633536610080 128645018953600 egress 28 1 0 0 0 0
1674633537686391 128645018953600 cliack 28 0 29 28 0 0
1674633537686541 128645018953600 ackregion 28 28 28 0 0 0
1674633535177232 128644996662976 emit_beg 28 0 0 0 0 0
1674633535182091 128644996662976 dmg 0 1 0 0 1024 768
1674633535182181 128644996662976 enc 27 27 1 -1 -1 0
1674633535287838 128644996662976 emit_end 28 0 0 0 0 0
1674633546210942 128645005055680 wait_end 0 0 0 0 0 0
1674633546217531 128645005055680 drain_beg 0 0 0 0 0 0
1674633546218551 128645005055680 drain_end 1 0 0 0 0 0
1674633546218971 128645005055680 take 29 0 0 0 0 0
1674633546219961 128645005055680 subm_beg 1 0 0 0 0 0
1674633546221941 128645005055680 submit 29 0 0 0 0 0
1674633546222071 128645005055680 subm_end 1 0 0 0 0 0
1674633546222191 128645005055680 pump_beg 1 0 0 0 0 0
1674633546391825 128645005055680 feedend 28 0 0 0 0 0
1674633546527820 128645005055680 feedend 28 1 0 0 0 0
1674633546172233 128645018953600 msgin 29 4718592 0 0 0 0
1674633546175343 128645018953600 enq 29 1 0 0 0 0
1674633549614248 128645005055680 outfirst 28 1 65536 0 0 0
1674633549978705 128645005055680 outfirst 28 0 65536 0 0 0
1674633550014704 128645005055680 pump_end 1 2 0 0 0 0
1674633550014924 128645005055680 join_beg 1 0 0 0 0 0
1674633550015384 128645005055680 join_end 0 0 0 0 0 0
1674633550015544 128645005055680 book_beg 1 0 0 0 0 0
1674633550015854 128645005055680 batch 29 1 1 2 2 0
1674633550016044 128645005055680 book_end 1 0 0 0 0 0
1674633550016234 128645005055680 coll_beg 0 0 0 0 0 0
1674633550211467 128645005055680 coll_end 0 0 0 0 0 0
1674633550211787 128645005055680 rel_beg 1 0 0 0 0 0
1674633550212157 128645005055680 absorb 29 0 0 0 0 0
1674633550217007 128645005055680 rel_end 1 0 0 0 0 0
1674633550218646 128645005055680 wait_beg 0 0 0 0 0 0
1674633550230546 128645018953600 ackslot 29 28 29 0 0 0
1674633550278374 128645018953600 send 18 0 0 28 28 1
1674633550740088 128645018953600 send 161654 0 0 28 28 1
1674633551142243 128645018953600 send 139706 0 0 28 28 1
1674633551146473 128645018953600 send 14 0 0 28 28 1
1674633551146653 128645018953600 egress 29 1 0 0 0 0
1674633551964893 128645018953600 cliack 29 0 30 29 0 0
1674633551965113 128645018953600 ackregion 29 29 29 0 0 0
1674633550241666 128644996662976 emit_beg 29 0 0 0 0 0
1674633550246345 128644996662976 dmg 0 1 0 0 1024 768
1674633550246625 128644996662976 enc 28 28 1 -1 -1 0
1674633550279484 128644996662976 emit_end 29 0 0 0 0 0
1674633561667722 128645005055680 wait_end 0 0 0 0 0 0
1674633561672641 128645005055680 drain_beg 0 0 0 0 0 0
1674633561683971 128645005055680 drain_end 1 0 0 0 0 0
1674633561684321 128645005055680 take 30 0 0 0 0 0
1674633561684871 128645005055680 subm_beg 1 0 0 0 0 0
1674633561685661 128645005055680 submit 30 0 0 0 0 0
1674633561685811 128645005055680 subm_end 1 0 0 0 0 0
1674633561685891 128645005055680 pump_beg 1 0 0 0 0 0
1674633561835076 128645005055680 feedend 29 0 0 0 0 0
1674633561976650 128645005055680 feedend 29 1 0 0 0 0
1674633565269511 128645005055680 outfirst 29 1 65536 0 0 0
1674633565660607 128645005055680 outfirst 29 0 65536 0 0 0
1674633565696755 128645005055680 pump_end 1 2 0 0 0 0
1674633565696985 128645005055680 join_beg 1 0 0 0 0 0
1674633565697365 128645005055680 join_end 0 0 0 0 0 0
1674633565697505 128645005055680 book_beg 1 0 0 0 0 0
1674633565697845 128645005055680 batch 30 1 1 2 2 0
1674633565697915 128645005055680 book_end 1 0 0 0 0 0
1674633565697975 128645005055680 coll_beg 0 0 0 0 0 0
1674633565886099 128645005055680 coll_end 0 0 0 0 0 0
1674633565886189 128645005055680 rel_beg 1 0 0 0 0 0
1674633565886569 128645005055680 absorb 30 0 0 0 0 0
1674633565890878 128645005055680 rel_end 1 0 0 0 0 0
1674633565892668 128645005055680 wait_beg 0 0 0 0 0 0
1674633561645132 128645018953600 msgin 30 4718592 0 0 0 0
1674633561645612 128645018953600 enq 30 1 0 0 0 0
1674633565907688 128645018953600 ackslot 30 29 30 0 0 0
1674633565958466 128645018953600 send 18 0 0 29 29 1
1674633567134703 128645018953600 send 190739 0 0 29 29 1
1674633567601537 128645018953600 send 162139 0 0 29 29 1
1674633567607186 128645018953600 send 14 0 0 29 29 1
1674633567607546 128645018953600 egress 30 1 0 0 0 0
1674633568119328 128645018953600 cliack 30 0 31 30 0 0
1674633568119468 128645018953600 ackregion 30 30 30 0 0 0
1674633565915618 128644996662976 emit_beg 30 0 0 0 0 0
1674633565921037 128644996662976 dmg 0 1 0 0 1024 768
1674633565921327 128644996662976 enc 29 29 1 -1 -1 0
1674633565955436 128644996662976 emit_end 30 0 0 0 0 0
1674633578794161 128645005055680 wait_end 0 0 0 0 0 0
1674633578800151 128645005055680 drain_beg 0 0 0 0 0 0
1674633578801421 128645005055680 drain_end 1 0 0 0 0 0
1674633578801851 128645005055680 take 31 0 0 0 0 0
1674633578802621 128645005055680 subm_beg 1 0 0 0 0 0
1674633578804060 128645005055680 submit 31 0 0 0 0 0
1674633578804190 128645005055680 subm_end 1 0 0 0 0 0
1674633578804310 128645005055680 pump_beg 1 0 0 0 0 0
1674633578981304 128645005055680 feedend 30 0 0 0 0 0
1674633579098500 128645005055680 feedend 30 1 0 0 0 0
1674633578759472 128645018953600 msgin 31 4718592 0 0 0 0
1674633578760682 128645018953600 enq 31 1 0 0 0 0
1674633582803165 128645005055680 outfirst 30 1 65536 0 0 0
1674633582932201 128645005055680 outfirst 30 0 65536 0 0 0
1674633582965260 128645005055680 pump_end 1 2 0 0 0 0
1674633582966110 128645005055680 join_beg 1 0 0 0 0 0
1674633582967619 128645005055680 join_end 0 0 0 0 0 0
1674633582967909 128645005055680 book_beg 1 0 0 0 0 0
1674633582969469 128645005055680 batch 31 1 1 2 2 0
1674633582969669 128645005055680 book_end 1 0 0 0 0 0
1674633582969879 128645005055680 coll_beg 0 0 0 0 0 0
1674633583140423 128645005055680 coll_end 0 0 0 0 0 0
1674633583140743 128645005055680 rel_beg 1 0 0 0 0 0
1674633583141683 128645005055680 absorb 31 0 0 0 0 0
1674633583152813 128645005055680 rel_end 1 0 0 0 0 0
1674633583156443 128645005055680 wait_beg 0 0 0 0 0 0
1674633583220300 128645018953600 ackslot 31 30 31 0 0 0
1674633583411483 128645018953600 send 18 0 0 30 30 1
1674633584180376 128645018953600 send 145688 0 0 30 30 1
1674633584566592 128645018953600 send 126093 0 0 30 30 1
1674633584570941 128645018953600 send 14 0 0 30 30 1
1674633584571191 128645018953600 egress 31 1 0 0 0 0
1674633585180749 128645018953600 cliack 31 0 32 31 0 0
1674633585181079 128645018953600 ackregion 31 31 31 0 0 0
1674633583189751 128644996662976 emit_beg 31 0 0 0 0 0
1674633583202521 128644996662976 dmg 0 1 0 0 1024 768
1674633583202941 128644996662976 enc 30 30 1 -1 -1 0
1674633583243480 128644996662976 emit_end 31 0 0 0 0 0
1674633594716694 128645005055680 wait_end 0 0 0 0 0 0
1674633594722384 128645005055680 drain_beg 0 0 0 0 0 0
1674633594723293 128645005055680 drain_end 1 0 0 0 0 0
1674633594723663 128645005055680 take 32 0 0 0 0 0
1674633594724323 128645005055680 subm_beg 1 0 0 0 0 0
1674633594725443 128645005055680 submit 32 0 0 0 0 0
1674633594725583 128645005055680 subm_end 1 0 0 0 0 0
1674633594725733 128645005055680 pump_beg 1 0 0 0 0 0
1674633594920376 128645005055680 feedend 31 0 0 0 0 0
1674633594994434 128645005055680 feedend 31 1 0 0 0 0
1674633598091511 128645005055680 outfirst 31 1 65536 0 0 0
1674633598648241 128645005055680 outfirst 31 0 65536 0 0 0
1674633598689530 128645005055680 pump_end 1 2 0 0 0 0
1674633598689750 128645005055680 join_beg 1 0 0 0 0 0
1674633598690100 128645005055680 join_end 0 0 0 0 0 0
1674633598690300 128645005055680 book_beg 1 0 0 0 0 0
1674633598690780 128645005055680 batch 32 1 1 2 2 0
1674633598690970 128645005055680 book_end 1 0 0 0 0 0
1674633598691160 128645005055680 coll_beg 0 0 0 0 0 0
1674633598876093 128645005055680 coll_end 0 0 0 0 0 0
1674633598876393 128645005055680 rel_beg 1 0 0 0 0 0
1674633598876843 128645005055680 absorb 32 0 0 0 0 0
1674633598881583 128645005055680 rel_end 1 0 0 0 0 0
1674633598883143 128645005055680 wait_beg 0 0 0 0 0 0
1674633594682685 128645018953600 msgin 32 4718592 0 0 0 0
1674633594683015 128645018953600 enq 32 1 0 0 0 0
1674633598921241 128645018953600 ackslot 32 31 32 0 0 0
1674633598965600 128645018953600 send 18 0 0 31 31 1
1674633598905842 128644996662976 emit_beg 32 0 0 0 0 0
1674633598909002 128644996662976 dmg 0 1 0 0 1024 768
1674633598909242 128644996662976 enc 31 31 1 -1 -1 0
1674633598941921 128644996662976 emit_end 32 0 0 0 0 0
1674633599890346 128645018953600 send 156480 0 0 31 31 1
1674633600333420 128645018953600 send 127836 0 0 31 31 1
1674633600337990 128645018953600 send 14 0 0 31 31 1
1674633600338210 128645018953600 egress 32 1 0 0 0 0
1674633600789834 128645018953600 cliack 32 0 33 32 0 0
1674633600789954 128645018953600 ackregion 32 32 32 0 0 0
1674633610300829 128645005055680 wait_end 0 0 0 0 0 0
1674633610307269 128645005055680 drain_beg 0 0 0 0 0 0
1674633610308269 128645005055680 drain_end 1 0 0 0 0 0
1674633610308769 128645005055680 take 33 0 0 0 0 0
1674633610309599 128645005055680 subm_beg 1 0 0 0 0 0
1674633610310389 128645005055680 submit 33 0 0 0 0 0
1674633610310579 128645005055680 subm_end 1 0 0 0 0 0
1674633610310709 128645005055680 pump_beg 1 0 0 0 0 0
1674633610479722 128645005055680 feedend 32 0 0 0 0 0
1674633610588489 128645005055680 feedend 32 1 0 0 0 0
1674633614412390 128645005055680 outfirst 32 1 65536 0 0 0
1674633614757057 128645005055680 outfirst 32 0 65536 0 0 0
1674633614812215 128645005055680 pump_end 1 2 0 0 0 0
1674633614813005 128645005055680 join_beg 1 0 0 0 0 0
1674633614814565 128645005055680 join_end 0 0 0 0 0 0
1674633614814775 128645005055680 book_beg 1 0 0 0 0 0
1674633614831175 128645005055680 batch 33 1 1 2 2 0
1674633614831265 128645005055680 book_end 1 0 0 0 0 0
1674633614831395 128645005055680 coll_beg 0 0 0 0 0 0
1674633615063326 128645005055680 coll_end 0 0 0 0 0 0
1674633615063446 128645005055680 rel_beg 1 0 0 0 0 0
1674633615064266 128645005055680 absorb 33 0 0 0 0 0
1674633615075966 128645005055680 rel_end 1 0 0 0 0 0
1674633615081026 128645005055680 wait_beg 0 0 0 0 0 0
1674633610265410 128645018953600 msgin 33 4718592 0 0 0 0
1674633610265890 128645018953600 enq 33 1 0 0 0 0
1674633615127714 128645018953600 ackslot 33 32 33 0 0 0
1674633615339966 128645018953600 send 18 0 0 32 32 1
1674633616197705 128645018953600 send 163578 0 0 32 32 1
1674633616615510 128645018953600 send 141458 0 0 32 32 1
1674633616619840 128645018953600 send 14 0 0 32 32 1
1674633616620080 128645018953600 egress 33 1 0 0 0 0
1674633617240677 128645018953600 cliack 33 0 34 33 0 0
1674633617240907 128645018953600 ackregion 33 33 33 0 0 0
1674633615123844 128644996662976 emit_beg 33 0 0 0 0 0
1674633615137794 128644996662976 dmg 0 1 0 0 1024 768
1674633615138124 128644996662976 enc 32 32 1 -1 -1 0
1674633615174272 128644996662976 emit_end 33 0 0 0 0 0
1674633626222932 128645005055680 wait_end 0 0 0 0 0 0
1674633626227442 128645005055680 drain_beg 0 0 0 0 0 0
1674633626227952 128645005055680 drain_end 1 0 0 0 0 0
1674633626228172 128645005055680 take 34 0 0 0 0 0
1674633626228782 128645005055680 subm_beg 1 0 0 0 0 0
1674633626229482 128645005055680 submit 34 0 0 0 0 0
1674633626229672 128645005055680 subm_end 1 0 0 0 0 0
1674633626229762 128645005055680 pump_beg 1 0 0 0 0 0
1674633626400625 128645005055680 feedend 33 0 0 0 0 0
1674633626524801 128645005055680 feedend 33 1 0 0 0 0
1674633626190833 128645018953600 msgin 34 4718592 0 0 0 0
1674633626191713 128645018953600 enq 34 1 0 0 0 0
1674633630268805 128645005055680 outfirst 33 1 65536 0 0 0
1674633630582434 128645005055680 outfirst 33 0 65536 0 0 0
1674633630635952 128645005055680 pump_end 1 2 0 0 0 0
1674633630636792 128645005055680 join_beg 1 0 0 0 0 0
1674633630638272 128645005055680 join_end 0 0 0 0 0 0
1674633630638402 128645005055680 book_beg 1 0 0 0 0 0
1674633630639862 128645005055680 batch 34 1 1 2 2 0
1674633630640052 128645005055680 book_end 1 0 0 0 0 0
1674633630640252 128645005055680 coll_beg 0 0 0 0 0 0
1674633630837525 128645005055680 coll_end 0 0 0 0 0 0
1674633630837855 128645005055680 rel_beg 1 0 0 0 0 0
1674633630838785 128645005055680 absorb 34 0 0 0 0 0
1674633630849534 128645005055680 rel_end 1 0 0 0 0 0
1674633630854064 128645005055680 wait_beg 0 0 0 0 0 0
1674633630904472 128645018953600 ackslot 34 33 34 0 0 0
1674633631126424 128645018953600 send 18 0 0 33 33 1
1674633632102209 128645018953600 send 168452 0 0 33 33 1
1674633632523383 128645018953600 send 139108 0 0 33 33 1
1674633632527913 128645018953600 send 14 0 0 33 33 1
1674633632528233 128645018953600 egress 34 1 0 0 0 0
1674633633214488 128645018953600 cliack 34 0 35 34 0 0
1674633633214648 128645018953600 ackregion 34 34 34 0 0 0
1674633630891643 128644996662976 emit_beg 34 0 0 0 0 0
1674633630901532 128644996662976 dmg 0 1 0 0 1024 768
1674633630901902 128644996662976 enc 33 33 1 -1 -1 0
1674633630940711 128644996662976 emit_end 34 0 0 0 0 0
1674633642003670 128645005055680 wait_end 0 0 0 0 0 0
1674633642020769 128645005055680 drain_beg 0 0 0 0 0 0
1674633642021149 128645005055680 drain_end 1 0 0 0 0 0
1674633642021329 128645005055680 take 35 0 0 0 0 0
1674633642021679 128645005055680 subm_beg 1 0 0 0 0 0
1674633642022549 128645005055680 submit 35 0 0 0 0 0
1674633642022769 128645005055680 subm_end 1 0 0 0 0 0
1674633642022849 128645005055680 pump_beg 1 0 0 0 0 0
1674633642182163 128645005055680 feedend 34 0 0 0 0 0
1674633642268750 128645005055680 feedend 34 1 0 0 0 0
1674633645389037 128645005055680 outfirst 34 1 65536 0 0 0
1674633645770203 128645005055680 outfirst 34 0 65536 0 0 0
1674633645788613 128645005055680 pump_end 1 2 0 0 0 0
1674633645788853 128645005055680 join_beg 1 0 0 0 0 0
1674633645789243 128645005055680 join_end 0 0 0 0 0 0
1674633645789323 128645005055680 book_beg 1 0 0 0 0 0
1674633645789603 128645005055680 batch 35 1 1 2 2 0
1674633645789753 128645005055680 book_end 1 0 0 0 0 0
1674633645789903 128645005055680 coll_beg 0 0 0 0 0 0
1674633645882599 128645005055680 coll_end 0 0 0 0 0 0
1674633645882849 128645005055680 rel_beg 1 0 0 0 0 0
1674633645883139 128645005055680 absorb 35 0 0 0 0 0
1674633645886779 128645005055680 rel_end 1 0 0 0 0 0
1674633645887859 128645005055680 wait_beg 0 0 0 0 0 0
1674633641972701 128645018953600 msgin 35 4718592 0 0 0 0
1674633641973211 128645018953600 enq 35 1 0 0 0 0
1674633645900489 128645018953600 ackslot 35 34 35 0 0 0
1674633645947807 128645018953600 send 18 0 0 34 34 1
1674633646400770 128645018953600 send 149108 0 0 34 34 1
1674633646810366 128645018953600 send 131412 0 0 34 34 1
1674633646814675 128645018953600 send 14 0 0 34 34 1
1674633646814925 128645018953600 egress 35 1 0 0 0 0
1674633647733042 128645018953600 cliack 35 0 36 35 0 0
1674633647733252 128645018953600 ackregion 35 35 35 0 0 0
1674633645910138 128644996662976 emit_beg 35 0 0 0 0 0
1674633645915008 128644996662976 dmg 0 1 0 0 1024 768
1674633645915218 128644996662976 enc 34 34 1 -1 -1 0
1674633645942287 128644996662976 emit_end 35 0 0 0 0 0
1674633658288530 128645005055680 wait_end 0 0 0 0 0 0
1674633658290390 128645005055680 drain_beg 0 0 0 0 0 0
1674633658290680 128645005055680 drain_end 1 0 0 0 0 0
1674633658290920 128645005055680 take 36 0 0 0 0 0
1674633658291470 128645005055680 subm_beg 1 0 0 0 0 0
1674633658292160 128645005055680 submit 36 0 0 0 0 0
1674633658292409 128645005055680 subm_end 1 0 0 0 0 0
1674633658292449 128645005055680 pump_beg 1 0 0 0 0 0
1674633658425765 128645005055680 feedend 35 0 0 0 0 0
1674633658439034 128645005055680 feedend 35 1 0 0 0 0
1674633658277370 128645018953600 msgin 36 4718592 0 0 0 0
1674633658278100 128645018953600 enq 36 1 0 0 0 0
1674633661420316 128645005055680 outfirst 35 1 65536 0 0 0
1674633662115001 128645005055680 outfirst 35 0 65536 0 0 0
1674633662161009 128645005055680 pump_end 1 2 0 0 0 0
1674633662161259 128645005055680 join_beg 1 0 0 0 0 0
1674633662161709 128645005055680 join_end 0 0 0 0 0 0
1674633662161769 128645005055680 book_beg 1 0 0 0 0 0
1674633662162049 128645005055680 batch 36 1 1 2 2 0
1674633662162229 128645005055680 book_end 1 0 0 0 0 0
1674633662162419 128645005055680 coll_beg 0 0 0 0 0 0
1674633662255816 128645005055680 coll_end 0 0 0 0 0 0
1674633662256176 128645005055680 rel_beg 1 0 0 0 0 0
1674633662256556 128645005055680 absorb 36 0 0 0 0 0
1674633662259546 128645005055680 rel_end 1 0 0 0 0 0
1674633662260646 128645005055680 wait_beg 0 0 0 0 0 0
1674633662271115 128645018953600 ackslot 36 35 36 0 0 0
1674633662310174 128645018953600 send 18 0 0 35 35 1
1674633662832635 128645018953600 send 177134 0 0 35 35 1
1674633663233620 128645018953600 send 132887 0 0 35 35 1
1674633663237750 128645018953600 send 14 0 0 35 35 1
1674633663237900 128645018953600 egress 36 1 0 0 0 0
1674633664118538 128645018953600 cliack 36 0 37 36 0 0
1674633664118808 128645018953600 ackregion 36 36 36 0 0 0
1674633662283305 128644996662976 emit_beg 36 0 0 0 0 0
1674633662287765 128644996662976 dmg 0 1 0 0 1024 768
1674633662287965 128644996662976 enc 35 35 1 -1 -1 0
1674633662318844 128644996662976 emit_end 36 0 0 0 0 0
1674633673977461 128645005055680 wait_end 0 0 0 0 0 0
1674633673979141 128645005055680 drain_beg 0 0 0 0 0 0
1674633673979491 128645005055680 drain_end 1 0 0 0 0 0
1674633673979701 128645005055680 take 37 0 0 0 0 0
1674633673980221 128645005055680 subm_beg 1 0 0 0 0 0
1674633673984111 128645005055680 submit 37 0 0 0 0 0
1674633673984241 128645005055680 subm_end 1 0 0 0 0 0
1674633673984281 128645005055680 pump_beg 1 0 0 0 0 0
1674633674107566 128645005055680 feedend 36 0 0 0 0 0
1674633674141365 128645005055680 feedend 36 1 0 0 0 0
1674633677204274 128645005055680 outfirst 36 1 65536 0 0 0
1674633677524952 128645005055680 outfirst 36 0 65536 0 0 0
1674633677541002 128645005055680 pump_end 1 2 0 0 0 0
1674633677541242 128645005055680 join_beg 1 0 0 0 0 0
1674633677541662 128645005055680 join_end 0 0 0 0 0 0
1674633677541712 128645005055680 book_beg 1 0 0 0 0 0
1674633677541932 128645005055680 batch 37 1 1 2 2 0
1674633677541972 128645005055680 book_end 1 0 0 0 0 0
1674633677542012 128645005055680 coll_beg 0 0 0 0 0 0
1674633677630879 128645005055680 coll_end 0 0 0 0 0 0
1674633677630919 128645005055680 rel_beg 1 0 0 0 0 0
1674633677631339 128645005055680 absorb 37 0 0 0 0 0
1674633677634298 128645005055680 rel_end 1 0 0 0 0 0
1674633677635398 128645005055680 wait_beg 0 0 0 0 0 0
1674633673967751 128645018953600 msgin 37 4718592 0 0 0 0
1674633673968141 128645018953600 enq 37 1 0 0 0 0
1674633677645708 128645018953600 ackslot 37 36 37 0 0 0
1674633677680637 128645018953600 send 18 0 0 36 36 1
1674633678121481 128645018953600 send 149065 0 0 36 36 1
1674633678511797 128645018953600 send 136212 0 0 36 36 1
1674633678516137 128645018953600 send 14 0 0 36 36 1
1674633678516237 128645018953600 egress 37 1 0 0 0 0
1674633679965524 128645018953600 cliack 37 0 38 37 0 0
1674633679965734 128645018953600 ackregion 37 37 37 0 0 0
1674633677658378 128644996662976 emit_beg 37 0 0 0 0 0
1674633677663097 128644996662976 dmg 0 1 0 0 1024 768
1674633677663387 128644996662976 enc 36 36 1 -1 -1 0
1674633677692326 128644996662976 emit_end 37 0 0 0 0 0
1674633689348934 128645005055680 wait_end 0 0 0 0 0 0
1674633689352014 128645005055680 drain_beg 0 0 0 0 0 0
1674633689352254 128645005055680 drain_end 1 0 0 0 0 0
1674633689352404 128645005055680 take 38 0 0 0 0 0
1674633689352804 128645005055680 subm_beg 1 0 0 0 0 0
1674633689353504 128645005055680 submit 38 0 0 0 0 0
1674633689353654 128645005055680 subm_end 1 0 0 0 0 0
1674633689353694 128645005055680 pump_beg 1 0 0 0 0 0
1674633689495929 128645005055680 feedend 37 0 0 0 0 0
1674633689567276 128645005055680 feedend 37 1 0 0 0 0
1674633689337994 128645018953600 msgin 38 4718592 0 0 0 0
1674633689338304 128645018953600 enq 38 1 0 0 0 0
1674633692344945 128645005055680 outfirst 37 1 65536 0 0 0
1674633692788559 128645005055680 outfirst 37 0 65536 0 0 0
1674633692803579 128645005055680 pump_end 1 2 0 0 0 0
1674633692803849 128645005055680 join_beg 1 0 0 0 0 0
1674633692804259 128645005055680 join_end 0 0 0 0 0 0
1674633692804299 128645005055680 book_beg 1 0 0 0 0 0
1674633692804479 128645005055680 batch 38 1 1 2 2 0
1674633692804649 128645005055680 book_end 1 0 0 0 0 0
1674633692804839 128645005055680 coll_beg 0 0 0 0 0 0
1674633692888036 128645005055680 coll_end 0 0 0 0 0 0
1674633692888316 128645005055680 rel_beg 1 0 0 0 0 0
1674633692888846 128645005055680 absorb 38 0 0 0 0 0
1674633692892285 128645005055680 rel_end 1 0 0 0 0 0
1674633692893175 128645005055680 wait_beg 0 0 0 0 0 0
1674633692903765 128645018953600 ackslot 38 37 38 0 0 0
1674633692919155 128645018953600 send 18 0 0 37 37 1
1674633693344679 128645018953600 send 142309 0 0 37 37 1
1674633693700446 128645018953600 send 122717 0 0 37 37 1
1674633693704786 128645018953600 send 14 0 0 37 37 1
1674633693705086 128645018953600 egress 38 1 0 0 0 0
1674633694669041 128645018953600 cliack 38 0 39 38 0 0
1674633694669201 128645018953600 ackregion 38 38 38 0 0 0
1674633692899945 128644996662976 emit_beg 38 0 0 0 0 0
1674633692901795 128644996662976 dmg 0 1 0 0 1024 768
1674633692901955 128644996662976 enc 37 37 1 -1 -1 0
1674633692918305 128644996662976 emit_end 38 0 0 0 0 0
1674633705787148 128645005055680 wait_end 0 0 0 0 0 0
1674633705793928 128645005055680 drain_beg 0 0 0 0 0 0
1674633705794878 128645005055680 drain_end 1 0 0 0 0 0
1674633705795268 128645005055680 take 39 0 0 0 0 0
1674633705796078 128645005055680 subm_beg 1 0 0 0 0 0
1674633705797418 128645005055680 submit 39 0 0 0 0 0
1674633705797608 128645005055680 subm_end 1 0 0 0 0 0
1674633705797728 128645005055680 pump_beg 1 0 0 0 0 0
1674633705992381 128645005055680 feedend 38 0 0 0 0 0
1674633706027220 128645005055680 feedend 38 1 0 0 0 0
1674633709233283 128645005055680 outfirst 38 1 65536 0 0 0
1674633709507373 128645005055680 outfirst 38 0 65536 0 0 0
1674633709525023 128645005055680 pump_end 1 2 0 0 0 0
1674633709525233 128645005055680 join_beg 1 0 0 0 0 0
1674633709525533 128645005055680 join_end 0 0 0 0 0 0
1674633709525593 128645005055680 book_beg 1 0 0 0 0 0
1674633709525803 128645005055680 batch 39 1 1 2 2 0
1674633709525843 128645005055680 book_end 1 0 0 0 0 0
1674633709526003 128645005055680 coll_beg 0 0 0 0 0 0
1674633709615509 128645005055680 coll_end 0 0 0 0 0 0
1674633709615689 128645005055680 rel_beg 1 0 0 0 0 0
1674633709615989 128645005055680 absorb 39 0 0 0 0 0
1674633709618609 128645005055680 rel_end 1 0 0 0 0 0
1674633709619529 128645005055680 wait_beg 0 0 0 0 0 0
1674633705749390 128645018953600 msgin 39 4718592 0 0 0 0
1674633705750100 128645018953600 enq 39 1 0 0 0 0
1674633709630189 128645018953600 ackslot 39 38 39 0 0 0
1674633709661938 128645018953600 send 18 0 0 38 38 1
1674633710117541 128645018953600 send 155525 0 0 38 38 1
1674633709641848 128644996662976 emit_beg 39 0 0 0 0 0
1674633709646078 128644996662976 dmg 0 1 0 0 1024 768
1674633709646278 128644996662976 enc 38 38 1 -1 -1 0
1674633709675797 128644996662976 emit_end 39 0 0 0 0 0
1674633710538816 128645018953600 send 143594 0 0 38 38 1
1674633710543316 128645018953600 send 14 0 0 38 38 1
1674633710543426 128645018953600 egress 39 1 0 0 0 0
1674633711699974 128645018953600 cliack 39 0 40 39 0 0
1674633711700444 128645018953600 ackregion 39 39 39 0 0 0
1674633722158475 128645005055680 wait_end 0 0 0 0 0 0
1674633722164035 128645005055680 drain_beg 0 0 0 0 0 0
1674633722164675 128645005055680 drain_end 1 0 0 0 0 0
1674633722165025 128645005055680 take 40 0 0 0 0 0
1674633722165825 128645005055680 subm_beg 1 0 0 0 0 0
1674633722166485 128645005055680 submit 40 0 0 0 0 0
1674633722166625 128645005055680 subm_end 1 0 0 0 0 0
1674633722166725 128645005055680 pump_beg 1 0 0 0 0 0
1674633722364217 128645005055680 feedend 39 0 0 0 0 0
1674633722382607 128645005055680 feedend 39 1 0 0 0 0
1674633725649538 128645005055680 outfirst 39 1 65536 0 0 0
1674633726180509 128645005055680 outfirst 39 0 65536 0 0 0
1674633726250277 128645005055680 pump_end 1 2 0 0 0 0
1674633726250487 128645005055680 join_beg 1 0 0 0 0 0
1674633726250787 128645005055680 join_end 0 0 0 0 0 0
1674633726250857 128645005055680 book_beg 1 0 0 0 0 0
1674633726251017 128645005055680 batch 40 1 1 2 2 0
1674633726251177 128645005055680 book_end 1 0 0 0 0 0
1674633726255416 128645005055680 coll_beg 0 0 0 0 0 0
1674633726371192 128645005055680 coll_end 0 0 0 0 0 0
1674633726371242 128645005055680 rel_beg 1 0 0 0 0 0
1674633726371552 128645005055680 absorb 40 0 0 0 0 0
1674633726374682 128645005055680 rel_end 1 0 0 0 0 0
1674633726375672 128645005055680 wait_beg 0 0 0 0 0 0
1674633722123596 128645018953600 msgin 40 4718592 0 0 0 0
1674633722123996 128645018953600 enq 40 1 0 0 0 0
1674633726387212 128645018953600 ackslot 40 39 40 0 0 0
1674633726416880 128645018953600 send 18 0 0 39 39 1
1674633727239431 128645018953600 send 193938 0 0 39 39 1
1674633727910726 128645018953600 send 163164 0 0 39 39 1
1674633727915206 128645018953600 send 14 0 0 39 39 1
1674633727915526 128645018953600 egress 40 1 0 0 0 0
1674633728018642 128645018953600 cliack 40 0 41 40 0 0
1674633728018732 128645018953600 ackregion 40 40 40 0 0 0
1674633726397251 128644996662976 emit_beg 40 0 0 0 0 0
1674633726401351 128644996662976 dmg 0 1 0 0 1024 768
1674633726401561 128644996662976 enc 39 39 1 -1 -1 0
1674633726436850 128644996662976 emit_end 40 0 0 0 0 0
1674633737841856 128645005055680 wait_end 0 0 0 0 0 0
1674633737847466 128645005055680 drain_beg 0 0 0 0 0 0
1674633737848316 128645005055680 drain_end 1 0 0 0 0 0
1674633737848636 128645005055680 take 41 0 0 0 0 0
1674633737849626 128645005055680 subm_beg 1 0 0 0 0 0
1674633737850746 128645005055680 submit 41 0 0 0 0 0
1674633737850916 128645005055680 subm_end 1 0 0 0 0 0
1674633737851036 128645005055680 pump_beg 1 0 0 0 0 0
1674633738050469 128645005055680 feedend 40 0 0 0 0 0
1674633738064128 128645005055680 feedend 40 1 0 0 0 0
1674633737809268 128645018953600 msgin 41 4718592 0 0 0 0
1674633737809838 128645018953600 enq 41 1 0 0 0 0
1674633741041670 128645005055680 outfirst 40 1 65536 0 0 0
1674633741609900 128645005055680 outfirst 40 0 65536 0 0 0
1674633741633879 128645005055680 pump_end 1 2 0 0 0 0
1674633741634099 128645005055680 join_beg 1 0 0 0 0 0
1674633741634449 128645005055680 join_end 0 0 0 0 0 0
1674633741634569 128645005055680 book_beg 1 0 0 0 0 0
1674633741634809 128645005055680 batch 41 1 1 2 2 0
1674633741634989 128645005055680 book_end 1 0 0 0 0 0
1674633741635169 128645005055680 coll_beg 0 0 0 0 0 0
1674633741803043 128645005055680 coll_end 0 0 0 0 0 0
1674633741803263 128645005055680 rel_beg 1 0 0 0 0 0
1674633741803633 128645005055680 absorb 41 0 0 0 0 0
1674633741807723 128645005055680 rel_end 1 0 0 0 0 0
1674633741809533 128645005055680 wait_beg 0 0 0 0 0 0
1674633741819622 128645018953600 ackslot 41 40 41 0 0 0
1674633741851711 128645018953600 send 18 0 0 40 40 1
1674633742305205 128645018953600 send 153973 0 0 40 40 1
1674633742665332 128645018953600 send 127451 0 0 40 40 1
1674633742669591 128645018953600 send 14 0 0 40 40 1
1674633742669711 128645018953600 egress 41 1 0 0 0 0
1674633743113535 128645018953600 cliack 41 0 42 41 0 0
1674633743113745 128645018953600 ackregion 41 41 41 0 0 0
1674633741832412 128644996662976 emit_beg 41 0 0 0 0 0
1674633741836462 128644996662976 dmg 0 1 0 0 1024 768
1674633741836652 128644996662976 enc 40 40 1 -1 -1 0
1674633741864611 128644996662976 emit_end 41 0 0 0 0 0
1674633753468020 128645005055680 wait_end 0 0 0 0 0 0
1674633753473460 128645005055680 drain_beg 0 0 0 0 0 0
1674633753473850 128645005055680 drain_end 1 0 0 0 0 0
1674633753474060 128645005055680 take 42 0 0 0 0 0
1674633753474450 128645005055680 subm_beg 1 0 0 0 0 0
1674633753475120 128645005055680 submit 42 0 0 0 0 0
1674633753475260 128645005055680 subm_end 1 0 0 0 0 0
1674633753475340 128645005055680 pump_beg 1 0 0 0 0 0
1674633753666813 128645005055680 feedend 41 0 0 0 0 0
1674633753675273 128645005055680 feedend 41 1 0 0 0 0
1674633756657684 128645005055680 outfirst 41 1 65536 0 0 0
1674633757166036 128645005055680 outfirst 41 0 65536 0 0 0
1674633757192465 128645005055680 pump_end 1 2 0 0 0 0
1674633757192695 128645005055680 join_beg 1 0 0 0 0 0
1674633757193055 128645005055680 join_end 0 0 0 0 0 0
1674633757193175 128645005055680 book_beg 1 0 0 0 0 0
1674633757193445 128645005055680 batch 42 1 1 2 2 0
1674633757193625 128645005055680 book_end 1 0 0 0 0 0
1674633757193805 128645005055680 coll_beg 0 0 0 0 0 0
1674633757370679 128645005055680 coll_end 0 0 0 0 0 0
1674633757370889 128645005055680 rel_beg 1 0 0 0 0 0
1674633757371249 128645005055680 absorb 42 0 0 0 0 0
1674633757375488 128645005055680 rel_end 1 0 0 0 0 0
1674633757376998 128645005055680 wait_beg 0 0 0 0 0 0
1674633753438121 128645018953600 msgin 42 4718592 0 0 0 0
1674633753438431 128645018953600 enq 42 1 0 0 0 0
1674633757386548 128645018953600 ackslot 42 41 42 0 0 0
1674633757419337 128645018953600 send 18 0 0 41 41 1
1674633757903729 128645018953600 send 161411 0 0 41 41 1
1674633758888454 128645018953600 send 134955 0 0 41 41 1
1674633758902073 128645018953600 send 14 0 0 41 41 1
1674633758902853 128645018953600 egress 42 1 0 0 0 0
1674633759342257 128645018953600 cliack 42 0 43 42 0 0
1674633759342357 128645018953600 ackregion 42 42 42 0 0 0
1674633757399168 128644996662976 emit_beg 42 0 0 0 0 0
1674633757403377 128644996662976 dmg 0 1 0 0 1024 768
1674633757403577 128644996662976 enc 41 41 1 -1 -1 0
1674633757433526 128644996662976 emit_end 42 0 0 0 0 0
1674633770143096 128645005055680 wait_end 0 0 0 0 0 0
1674633770148195 128645005055680 drain_beg 0 0 0 0 0 0
1674633770148975 128645005055680 drain_end 1 0 0 0 0 0
1674633770149175 128645005055680 take 43 0 0 0 0 0
1674633770149785 128645005055680 subm_beg 1 0 0 0 0 0
1674633770150365 128645005055680 submit 43 0 0 0 0 0
1674633770150755 128645005055680 subm_end 1 0 0 0 0 0
1674633770150835 128645005055680 pump_beg 1 0 0 0 0 0
1674633770336749 128645005055680 feedend 42 0 0 0 0 0
1674633770360058 128645005055680 feedend 42 1 0 0 0 0
1674633770108007 128645018953600 msgin 43 4718592 0 0 0 0
1674633770108667 128645018953600 enq 43 1 0 0 0 0
1674633773578141 128645005055680 outfirst 42 1 65536 0 0 0
1674633774238537 128645005055680 outfirst 42 0 65536 0 0 0
1674633774273576 128645005055680 pump_end 1 2 0 0 0 0
1674633774274236 128645005055680 join_beg 1 0 0 0 0 0
1674633774275586 128645005055680 join_end 0 0 0 0 0 0
1674633774275676 128645005055680 book_beg 1 0 0 0 0 0
1674633774276926 128645005055680 batch 43 1 1 2 2 0
1674633774277096 128645005055680 book_end 1 0 0 0 0 0
1674633774277256 128645005055680 coll_beg 0 0 0 0 0 0
1674633774386492 128645005055680 coll_end 0 0 0 0 0 0
1674633774386762 128645005055680 rel_beg 1 0 0 0 0 0
1674633774387642 128645005055680 absorb 43 0 0 0 0 0
1674633774396512 128645005055680 rel_end 1 0 0 0 0 0
1674633774402251 128645005055680 wait_beg 0 0 0 0 0 0
1674633774466489 128645018953600 ackslot 43 42 43 0 0 0
1674633774648652 128645018953600 send 18 0 0 42 42 1
1674633775328958 128645018953600 send 148919 0 0 42 42 1
1674633775732243 128645018953600 send 129577 0 0 42 42 1
1674633775748323 128645018953600 send 14 0 0 42 42 1
1674633775748592 128645018953600 egress 43 1 0 0 0 0
1674633776745586 128645018953600 cliack 43 0 44 43 0 0
1674633776745816 128645018953600 ackregion 43 43 43 0 0 0
1674633774438570 128644996662976 emit_beg 43 0 0 0 0 0
1674633774448260 128644996662976 dmg 0 1 0 0 1024 768
1674633774448660 128644996662976 enc 42 42 1 -1 -1 0
1674633774486858 128644996662976 emit_end 43 0 0 0 0 0
1674633785792479 128645005055680 wait_end 0 0 0 0 0 0
1674633785796928 128645005055680 drain_beg 0 0 0 0 0 0
1674633785797538 128645005055680 drain_end 1 0 0 0 0 0
1674633785797768 128645005055680 take 44 0 0 0 0 0
1674633785798348 128645005055680 subm_beg 1 0 0 0 0 0
1674633785798958 128645005055680 submit 44 0 0 0 0 0
1674633785799118 128645005055680 subm_end 1 0 0 0 0 0
1674633785799248 128645005055680 pump_beg 1 0 0 0 0 0
1674633785987751 128645005055680 feedend 43 0 0 0 0 0
1674633785996121 128645005055680 feedend 43 1 0 0 0 0
1674633789254003 128645005055680 outfirst 43 1 65536 0 0 0
1674633790044804 128645005055680 outfirst 43 0 65536 0 0 0
1674633790086363 128645005055680 pump_end 1 2 0 0 0 0
1674633790087213 128645005055680 join_beg 1 0 0 0 0 0
1674633790088853 128645005055680 join_end 0 0 0 0 0 0
1674633790088993 128645005055680 book_beg 1 0 0 0 0 0
1674633790090383 128645005055680 batch 44 1 1 2 2 0
1674633790090453 128645005055680 book_end 1 0 0 0 0 0
1674633790090553 128645005055680 coll_beg 0 0 0 0 0 0
1674633790258397 128645005055680 coll_end 0 0 0 0 0 0
1674633790258497 128645005055680 rel_beg 1 0 0 0 0 0
1674633790259437 128645005055680 absorb 44 0 0 0 0 0
1674633790269846 128645005055680 rel_end 1 0 0 0 0 0
1674633790273466 128645005055680 wait_beg 0 0 0 0 0 0
1674633785771569 128645018953600 msgin 44 4718592 0 0 0 0
1674633785771859 128645018953600 enq 44 1 0 0 0 0
1674633790332964 128645018953600 ackslot 44 43 44 0 0 0
1674633790532837 128645018953600 send 18 0 0 43 43 1
1674633790303965 128644996662976 emit_beg 44 0 0 0 0 0
1674633790314855 128644996662976 dmg 0 1 0 0 1024 768
1674633790315275 128644996662976 enc 43 43 1 -1 -1 0
1674633790353843 128644996662976 emit_end 44 0 0 0 0 0
1674633791327138 128645018953600 send 157879 0 0 43 43 1
1674633791725213 128645018953600 send 133532 0 0 43 43 1
1674633791729833 128645018953600 send 14 0 0 43 43 1
1674633791730173 128645018953600 egress 44 1 0 0 0 0
1674633792328572 128645018953600 cliack 44 0 45 44 0 0
1674633792328802 128645018953600 ackregion 44 44 44 0 0 0
1674633802367138 128645005055680 wait_end 0 0 0 0 0 0
1674633802369178 128645005055680 drain_beg 0 0 0 0 0 0
1674633802369558 128645005055680 drain_end 1 0 0 0 0 0
1674633802369838 128645005055680 take 45 0 0 0 0 0
1674633802370218 128645005055680 subm_beg 1 0 0 0 0 0
1674633802371238 128645005055680 submit 45 0 0 0 0 0
1674633802371388 128645005055680 subm_end 1 0 0 0 0 0
1674633802371438 128645005055680 pump_beg 1 0 0 0 0 0
1674633802515212 128645005055680 feedend 44 0 0 0 0 0
1674633802586640 128645005055680 feedend 44 1 0 0 0 0
1674633805632649 128645005055680 outfirst 44 1 65536 0 0 0
1674633806097443 128645005055680 outfirst 44 0 65536 0 0 0
1674633806123552 128645005055680 pump_end 1 2 0 0 0 0
1674633806123932 128645005055680 join_beg 1 0 0 0 0 0
1674633806124252 128645005055680 join_end 0 0 0 0 0 0
1674633806124332 128645005055680 book_beg 1 0 0 0 0 0
1674633806124702 128645005055680 batch 45 1 1 2 2 0
1674633806124862 128645005055680 book_end 1 0 0 0 0 0
1674633806125012 128645005055680 coll_beg 0 0 0 0 0 0
1674633806239557 128645005055680 coll_end 0 0 0 0 0 0
1674633806239817 128645005055680 rel_beg 1 0 0 0 0 0
1674633806240167 128645005055680 absorb 45 0 0 0 0 0
1674633806244247 128645005055680 rel_end 1 0 0 0 0 0
1674633806245447 128645005055680 wait_beg 0 0 0 0 0 0
1674633808254854 128645005055680 wait_end 0 0 0 0 0 0
1674633808257204 128645005055680 drain_beg 0 0 0 0 0 0
1674633808257564 128645005055680 drain_end 1 0 0 0 0 0
1674633808257734 128645005055680 take 46 0 0 0 0 0
1674633808258104 128645005055680 subm_beg 1 0 0 0 0 0
1674633808258664 128645005055680 submit 46 0 0 0 0 0
1674633808258804 128645005055680 subm_end 1 0 0 0 0 0
1674633808258864 128645005055680 pump_beg 1 0 0 0 0 0
1674633808422888 128645005055680 feedend 45 0 0 0 0 0
1674633808433238 128645005055680 feedend 45 1 0 0 0 0
1674633802353778 128645018953600 msgin 45 4718592 0 0 0 0
1674633802354358 128645018953600 enq 45 1 0 0 0 0
1674633806277006 128645018953600 ackslot 45 44 45 0 0 0
1674633806316405 128645018953600 send 18 0 0 44 44 1
1674633807489752 128645018953600 send 180031 0 0 44 44 1
1674633808128349 128645018953600 send 150517 0 0 44 44 1
1674633808132709 128645018953600 send 14 0 0 44 44 1
1674633808132849 128645018953600 egress 45 1 0 0 0 0
1674633808248455 128645018953600 msgin 46 4718592 0 0 0 0
1674633808249155 128645018953600 enq 46 1 0 0 0 0
1674633808253854 128645018953600 cliack 45 0 46 45 0 0
1674633808253894 128645018953600 ackregion 45 45 45 0 0 0
1674633806260417 128644996662976 emit_beg 45 0 0 0 0 0
1674633806262567 128644996662976 dmg 0 1 0 0 1024 768
1674633806262727 128644996662976 enc 44 44 1 -1 -1 0
1674633806284286 128644996662976 emit_end 45 0 0 0 0 0
1674633811638922 128645005055680 outfirst 45 1 65536 0 0 0
1674633812165703 128645005055680 outfirst 45 0 65536 0 0 0
1674633812190542 128645005055680 pump_end 1 2 0 0 0 0
1674633812190812 128645005055680 join_beg 1 0 0 0 0 0
1674633812191012 128645005055680 join_end 0 0 0 0 0 0
1674633812191072 128645005055680 book_beg 1 0 0 0 0 0
1674633812191292 128645005055680 batch 46 1 1 2 2 0
1674633812191472 128645005055680 book_end 1 0 0 0 0 0
1674633812191652 128645005055680 coll_beg 0 0 0 0 0 0
1674633812291428 128645005055680 coll_end 0 0 0 0 0 0
1674633812291838 128645005055680 rel_beg 1 0 0 0 0 0
1674633812292118 128645005055680 absorb 46 0 0 0 0 0
1674633812293928 128645005055680 rel_end 1 0 0 0 0 0
1674633812295198 128645005055680 wait_beg 0 0 0 0 0 0
1674633812323697 128645018953600 ackslot 46 45 46 0 0 0
1674633812348876 128645018953600 send 18 0 0 45 45 1
1674633813458956 128645018953600 send 180177 0 0 45 45 1
1674633814133281 128645018953600 send 159755 0 0 45 45 1
1674633814137841 128645018953600 send 14 0 0 45 45 1
1674633814138191 128645018953600 egress 46 1 0 0 0 0
1674633814233988 128645018953600 cliack 46 0 47 46 0 0
1674633814234088 128645018953600 ackregion 46 46 46 0 0 0
1674633812300988 128644996662976 emit_beg 46 0 0 0 0 0
1674633812302328 128644996662976 dmg 0 1 0 0 1024 768
1674633812302518 128644996662976 enc 45 45 1 -1 -1 0
1674633812325027 128644996662976 emit_end 46 0 0 0 0 0
1674633823374976 128645005055680 wait_end 0 0 0 0 0 0
1674633823377076 128645005055680 drain_beg 0 0 0 0 0 0
1674633823377336 128645005055680 drain_end 1 0 0 0 0 0
1674633823377436 128645005055680 take 47 0 0 0 0 0
1674633823377716 128645005055680 subm_beg 1 0 0 0 0 0
1674633823378046 128645005055680 submit 47 0 0 0 0 0
1674633823378196 128645005055680 subm_end 1 0 0 0 0 0
1674633823378236 128645005055680 pump_beg 1 0 0 0 0 0
1674633823521621 128645005055680 feedend 46 0 0 0 0 0
1674633823532791 128645005055680 feedend 46 1 0 0 0 0
1674633826820862 128645005055680 outfirst 46 1 65536 0 0 0
1674633827398311 128645005055680 outfirst 46 0 65536 0 0 0
1674633827426650 128645005055680 pump_end 1 2 0 0 0 0
1674633827426820 128645005055680 join_beg 1 0 0 0 0 0
1674633827426990 128645005055680 join_end 0 0 0 0 0 0
1674633827427040 128645005055680 book_beg 1 0 0 0 0 0
1674633827427190 128645005055680 batch 47 1 1 2 2 0
1674633827427340 128645005055680 book_end 1 0 0 0 0 0
1674633827427490 128645005055680 coll_beg 0 0 0 0 0 0
1674633827535806 128645005055680 coll_end 0 0 0 0 0 0
1674633827536096 128645005055680 rel_beg 1 0 0 0 0 0
1674633827539165 128645005055680 absorb 47 0 0 0 0 0
1674633827540695 128645005055680 rel_end 1 0 0 0 0 0
1674633827541745 128645005055680 wait_beg 0 0 0 0 0 0
1674633823367527 128645018953600 msgin 47 4718592 0 0 0 0
1674633823368007 128645018953600 enq 47 1 0 0 0 0
1674633827570634 128645018953600 ackslot 47 46 47 0 0 0
1674633827600063 128645018953600 send 18 0 0 46 46 1
1674633828412144 128645018953600 send 191597 0 0 46 46 1
1674633828911546 128645018953600 send 161497 0 0 46 46 1
1674633828918215 128645018953600 send 14 0 0 46 46 1
1674633828918405 128645018953600 egress 47 1 0 0 0 0
1674633829970167 128645018953600 cliack 47 0 48 47 0 0
1674633829970407 128645018953600 ackregion 47 47 47 0 0 0
1674633827564435 128644996662976 emit_beg 47 0 0 0 0 0
1674633827566824 128644996662976 dmg 0 1 0 0 1024 768
1674633827567044 128644996662976 enc 46 46 1 -1 -1 0
1674633827601193 128644996662976 emit_end 47 0 0 0 0 0
1674633839025269 128645005055680 wait_end 0 0 0 0 0 0
1674633839027889 128645005055680 drain_beg 0 0 0 0 0 0
1674633839028369 128645005055680 drain_end 1 0 0 0 0 0
1674633839028509 128645005055680 take 48 0 0 0 0 0
1674633839028729 128645005055680 subm_beg 1 0 0 0 0 0
1674633839028989 128645005055680 submit 48 0 0 0 0 0
1674633839029139 128645005055680 subm_end 1 0 0 0 0 0
1674633839029169 128645005055680 pump_beg 1 0 0 0 0 0
1674633839172194 128645005055680 feedend 47 0 0 0 0 0
1674633839197503 128645005055680 feedend 47 1 0 0 0 0
1674633839014579 128645018953600 msgin 48 4718592 0 0 0 0
1674633839014929 128645018953600 enq 48 1 0 0 0 0
1674633842160955 128645005055680 outfirst 47 1 65536 0 0 0
1674633842805702 128645005055680 outfirst 47 0 65536 0 0 0
1674633842916098 128645005055680 pump_end 1 2 0 0 0 0
1674633842916368 128645005055680 join_beg 1 0 0 0 0 0
1674633842916568 128645005055680 join_end 0 0 0 0 0 0
1674633842916618 128645005055680 book_beg 1 0 0 0 0 0
1674633842916798 128645005055680 batch 48 1 1 2 2 0
1674633842916978 128645005055680 book_end 1 0 0 0 0 0
1674633842917148 128645005055680 coll_beg 0 0 0 0 0 0
1674633843017864 128645005055680 coll_end 0 0 0 0 0 0
1674633843018064 128645005055680 rel_beg 1 0 0 0 0 0
1674633843018244 128645005055680 absorb 48 0 0 0 0 0
1674633843019574 128645005055680 rel_end 1 0 0 0 0 0
1674633843020524 128645005055680 wait_beg 0 0 0 0 0 0
1674633843028144 128645018953600 ackslot 48 47 48 0 0 0
1674633843088922 128645018953600 send 18 0 0 47 47 1
1674633843612843 128645018953600 send 169038 0 0 47 47 1
1674633844020628 128645018953600 send 135237 0 0 47 47 1
1674633844025148 128645018953600 send 14 0 0 47 47 1
1674633844025708 128645018953600 egress 48 1 0 0 0 0
1674633844983783 128645018953600 cliack 48 0 49 48 0 0
1674633844983883 128645018953600 ackregion 48 48 48 0 0 0
1674633843045853 128644996662976 emit_beg 48 0 0 0 0 0
1674633843050653 128644996662976 dmg 0 1 0 0 1024 768
1674633843050893 128644996662976 enc 47 47 1 -1 -1 0
1674633843082352 128644996662976 emit_end 48 0 0 0 0 0
1674633854447180 128645005055680 wait_end 0 0 0 0 0 0
1674633854449070 128645005055680 drain_beg 0 0 0 0 0 0
1674633854449270 128645005055680 drain_end 1 0 0 0 0 0
1674633854449430 128645005055680 take 49 0 0 0 0 0
1674633854449730 128645005055680 subm_beg 1 0 0 0 0 0
1674633854449980 128645005055680 submit 49 0 0 0 0 0
1674633854450160 128645005055680 subm_end 1 0 0 0 0 0
1674633854450200 128645005055680 pump_beg 1 0 0 0 0 0
1674633854583785 128645005055680 feedend 48 0 0 0 0 0
1674633854620724 128645005055680 feedend 48 1 0 0 0 0
1674633857708112 128645005055680 outfirst 48 1 65536 0 0 0
1674633858246173 128645005055680 outfirst 48 0 65536 0 0 0
1674633858271652 128645005055680 pump_end 1 2 0 0 0 0
1674633858271832 128645005055680 join_beg 1 0 0 0 0 0
1674633858272032 128645005055680 join_end 0 0 0 0 0 0
1674633858272132 128645005055680 book_beg 1 0 0 0 0 0
1674633858272322 128645005055680 batch 49 1 1 2 2 0
1674633858272462 128645005055680 book_end 1 0 0 0 0 0
1674633858272612 128645005055680 coll_beg 0 0 0 0 0 0
1674633858371498 128645005055680 coll_end 0 0 0 0 0 0
1674633858371548 128645005055680 rel_beg 1 0 0 0 0 0
1674633858371698 128645005055680 absorb 49 0 0 0 0 0
1674633858373448 128645005055680 rel_end 1 0 0 0 0 0
1674633858374448 128645005055680 wait_beg 0 0 0 0 0 0
1674633859513737 128645005055680 wait_end 0 0 0 0 0 0
1674633859518036 128645005055680 drain_beg 0 0 0 0 0 0
1674633859518666 128645005055680 drain_end 1 0 0 0 0 0
1674633859518956 128645005055680 take 50 0 0 0 0 0
1674633859519466 128645005055680 subm_beg 1 0 0 0 0 0
1674633859520266 128645005055680 submit 50 0 0 0 0 0
1674633859520396 128645005055680 subm_end 1 0 0 0 0 0
1674633859520506 128645005055680 pump_beg 1 0 0 0 0 0
1674633859664981 128645005055680 feedend 49 0 0 0 0 0
1674633859718449 128645005055680 feedend 49 1 0 0 0 0
1674633854439830 128645018953600 msgin 49 4718592 0 0 0 0
1674633854440190 128645018953600 enq 49 1 0 0 0 0
1674633858380708 128645018953600 ackslot 49 48 49 0 0 0
1674633858421416 128645018953600 send 18 0 0 48 48 1
1674633858954737 128645018953600 send 182346 0 0 48 48 1
1674633859405680 128645018953600 send 152073 0 0 48 48 1
1674633859410000 128645018953600 send 14 0 0 48 48 1
1674633859410130 128645018953600 egress 49 1 0 0 0 0
1674633859497317 128645018953600 msgin 50 4718592 0 0 0 0
1674633859497557 128645018953600 enq 50 1 0 0 0 0
1674633860233890 128645018953600 cliack 49 0 50 49 0 0
1674633860233960 128645018953600 ackregion 49 49 49 0 0 0
1674633858398567 128644996662976 emit_beg 49 0 0 0 0 0
1674633858403827 128644996662976 dmg 0 1 0 0 1024 768
1674633858404107 128644996662976 enc 48 48 1 -1 -1 0
1674633858437186 128644996662976 emit_end 49 0 0 0 0 0
1674633862812197 128645005055680 outfirst 49 1 65536 0 0 0
1674633863355527 128645005055680 outfirst 49 0 65536 0 0 0
1674633863391996 128645005055680 pump_end 1 2 0 0 0 0
1674633863392376 128645005055680 join_beg 1 0 0 0 0 0
1674633863392776 128645005055680 join_end 0 0 0 0 0 0
1674633863392946 128645005055680 book_beg 1 0 0 0 0 0
1674633863393266 128645005055680 batch 50 1 1 2 2 0
1674633863393476 128645005055680 book_end 1 0 0 0 0 0
1674633863393686 128645005055680 coll_beg 0 0 0 0 0 0
1674633863616118 128645005055680 coll_end 0 0 0 0 0 0
1674633863616508 128645005055680 rel_beg 1 0 0 0 0 0
1674633863616858 128645005055680 absorb 50 0 0 0 0 0
1674633863622148 128645005055680 rel_end 1 0 0 0 0 0
1674633863624968 128645005055680 wait_beg 0 0 0 0 0 0
1674633863626998 128645005055680 wait_end 0 0 0 0 0 0
1674633863630027 128645005055680 drain_beg 0 0 0 0 0 0
1674633863630507 128645005055680 drain_end 1 0 0 0 0 0
1674633863631027 128645005055680 take 51 0 0 0 0 0
1674633863631347 128645005055680 subm_beg 1 0 0 0 0 0
1674633863631587 128645005055680 submit 51 0 0 0 0 0
1674633863631797 128645005055680 subm_end 1 0 0 0 0 0
1674633863631867 128645005055680 pump_beg 1 0 0 0 0 0
1674633863787532 128645005055680 feedend 50 0 0 0 0 0
1674633863809921 128645005055680 feedend 50 1 0 0 0 0
1674633866908479 128645005055680 outfirst 50 1 65536 0 0 0
1674633867529926 128645005055680 outfirst 50 0 65536 0 0 0
1674633867563145 128645005055680 pump_end 1 2 0 0 0 0
1674633867563365 128645005055680 join_beg 1 0 0 0 0 0
1674633867563545 128645005055680 join_end 0 0 0 0 0 0
1674633867563685 128645005055680 book_beg 1 0 0 0 0 0
1674633867563855 128645005055680 batch 51 1 1 2 2 0
1674633867563925 128645005055680 book_end 1 0 0 0 0 0
1674633867564005 128645005055680 coll_beg 0 0 0 0 0 0
1674633867766367 128645005055680 coll_end 0 0 0 0 0 0
1674633867766527 128645005055680 rel_beg 1 0 0 0 0 0
1674633867766777 128645005055680 absorb 51 0 0 0 0 0
1674633867769617 128645005055680 rel_end 1 0 0 0 0 0
1674633867771197 128645005055680 wait_beg 0 0 0 0 0 0
1674633863235012 128645018953600 msgin 51 4718592 0 0 0 0
1674633863236562 128645018953600 enq 51 1 0 0 0 0
1674633863632747 128645018953600 ackslot 50 49 50 0 0 0
1674633863664056 128645018953600 send 18 0 0 49 49 1
1674633864235805 128645018953600 send 187745 0 0 49 49 1
1674633864688779 128645018953600 send 153973 0 0 49 49 1
1674633864693029 128645018953600 send 14 0 0 49 49 1
1674633864693139 128645018953600 egress 50 1 0 0 0 0
1674633865419402 128645018953600 cliack 50 0 51 50 0 0
1674633865419622 128645018953600 ackregion 50 50 50 0 0 0
1674633867775377 128645018953600 ackslot 51 50 51 0 0 0
1674633867820955 128645018953600 send 18 0 0 50 50 1
1674633868349036 128645018953600 send 179816 0 0 50 50 1
1674633868784631 128645018953600 send 150114 0 0 50 50 1
1674633868788890 128645018953600 send 14 0 0 50 50 1
1674633868789000 128645018953600 egress 51 1 0 0 0 0
1674633869426607 128645018953600 cliack 51 0 52 51 0 0
1674633869426847 128645018953600 ackregion 51 51 51 0 0 0
1674633863641787 128644996662976 emit_beg 50 0 0 0 0 0
1674633863647167 128644996662976 dmg 0 1 0 0 1024 768
1674633863647417 128644996662976 enc 49 49 1 -1 -1 0
1674633863670446 128644996662976 emit_end 50 0 0 0 0 0
1674633867793946 128644996662976 emit_beg 51 0 0 0 0 0
1674633867799226 128644996662976 dmg 0 1 0 0 1024 768
1674633867799416 128644996662976 enc 50 50 1 -1 -1 0
1674633867836705 128644996662976 emit_end 51 0 0 0 0 0
1674633878665263 128645005055680 wait_end 0 0 0 0 0 0
1674633878668292 128645005055680 drain_beg 0 0 0 0 0 0
1674633878668842 128645005055680 drain_end 1 0 0 0 0 0
1674633878669072 128645005055680 take 52 0 0 0 0 0
1674633878669702 128645005055680 subm_beg 1 0 0 0 0 0
1674633878671212 128645005055680 submit 52 0 0 0 0 0
1674633878671352 128645005055680 subm_end 1 0 0 0 0 0
1674633878671392 128645005055680 pump_beg 1 0 0 0 0 0
1674633878795478 128645005055680 feedend 51 0 0 0 0 0
1674633878816297 128645005055680 feedend 51 1 0 0 0 0
1674633881625055 128645005055680 outfirst 51 1 65536 0 0 0
1674633878644433 128645018953600 msgin 52 4718592 0 0 0 0
1674633878644813 128645018953600 enq 52 1 0 0 0 0
1674633882118677 128645005055680 outfirst 51 0 65536 0 0 0
1674633882144256 128645005055680 pump_end 1 2 0 0 0 0
1674633882144566 128645005055680 join_beg 1 0 0 0 0 0
1674633882144786 128645005055680 join_end 0 0 0 0 0 0
1674633882144906 128645005055680 book_beg 1 0 0 0 0 0
1674633882145176 128645005055680 batch 52 1 1 2 2 0
1674633882145396 128645005055680 book_end 1 0 0 0 0 0
1674633882145616 128645005055680 coll_beg 0 0 0 0 0 0
1674633882303971 128645005055680 coll_end 0 0 0 0 0 0
1674633882304440 128645005055680 rel_beg 1 0 0 0 0 0
1674633882304810 128645005055680 absorb 52 0 0 0 0 0
1674633882308700 128645005055680 rel_end 1 0 0 0 0 0
1674633882310260 128645005055680 wait_beg 0 0 0 0 0 0
1674633882320830 128645018953600 ackslot 52 51 52 0 0 0
1674633882376978 128645018953600 send 18 0 0 51 51 1
1674633882807472 128645018953600 send 143113 0 0 51 51 1
1674633883143670 128645018953600 send 116167 0 0 51 51 1
1674633883148040 128645018953600 send 14 0 0 51 51 1
1674633883148280 128645018953600 egress 52 1 0 0 0 0
1674633884431493 128645018953600 cliack 52 0 53 52 0 0
1674633884431593 128645018953600 ackregion 52 52 52 0 0 0
1674633882333389 128644996662976 emit_beg 52 0 0 0 0 0
1674633882338359 128644996662976 dmg 0 1 0 0 1024 768
1674633882338659 128644996662976 enc 51 51 1 -1 -1 0
1674633882380758 128644996662976 emit_end 52 0 0 0 0 0
1674633894407242 128645005055680 wait_end 0 0 0 0 0 0
1674633894409372 128645005055680 drain_beg 0 0 0 0 0 0
1674633894409682 128645005055680 drain_end 1 0 0 0 0 0
1674633894409882 128645005055680 take 53 0 0 0 0 0
1674633894410502 128645005055680 subm_beg 1 0 0 0 0 0
1674633894411242 128645005055680 submit 53 0 0 0 0 0
1674633894411402 128645005055680 subm_end 1 0 0 0 0 0
1674633894411432 128645005055680 pump_beg 1 0 0 0 0 0
1674633894583266 128645005055680 feedend 52 0 0 0 0 0
1674633894604855 128645005055680 feedend 52 1 0 0 0 0
1674633897725342 128645005055680 outfirst 52 1 65536 0 0 0
1674633898133887 128645005055680 outfirst 52 0 65536 0 0 0
1674633898171146 128645005055680 pump_end 1 2 0 0 0 0
1674633898171426 128645005055680 join_beg 1 0 0 0 0 0
1674633898171815 128645005055680 join_end 0 0 0 0 0 0
1674633898172015 128645005055680 book_beg 1 0 0 0 0 0
1674633898172485 128645005055680 batch 53 1 1 2 2 0
1674633898172685 128645005055680 book_end 1 0 0 0 0 0
1674633898172875 128645005055680 coll_beg 0 0 0 0 0 0
1674633898334460 128645005055680 coll_end 0 0 0 0 0 0
1674633898334750 128645005055680 rel_beg 1 0 0 0 0 0
1674633898335210 128645005055680 absorb 53 0 0 0 0 0
1674633898340029 128645005055680 rel_end 1 0 0 0 0 0
1674633898341779 128645005055680 wait_beg 0 0 0 0 0 0
1674633894397022 128645018953600 msgin 53 4718592 0 0 0 0
1674633894397402 128645018953600 enq 53 1 0 0 0 0
1674633898380118 128645018953600 ackslot 53 52 53 0 0 0
1674633898417287 128645018953600 send 18 0 0 52 52 1
1674633899242357 128645018953600 send 158661 0 0 52 52 1
1674633899647232 128645018953600 send 136171 0 0 52 52 1
1674633899651362 128645018953600 send 14 0 0 52 52 1
1674633899651522 128645018953600 egress 53 1 0 0 0 0
1674633900456243 128645018953600 cliack 53 0 54 53 0 0
1674633900456463 128645018953600 ackregion 53 53 53 0 0 0
1674633898364829 128644996662976 emit_beg 53 0 0 0 0 0
1674633898368918 128644996662976 dmg 0 1 0 0 1024 768
1674633898369108 128644996662976 enc 52 52 1 -1 -1 0
1674633898399167 128644996662976 emit_end 53 0 0 0 0 0
1674633911013970 128645005055680 wait_end 0 0 0 0 0 0
1674633911020340 128645005055680 drain_beg 0 0 0 0 0 0
1674633911021270 128645005055680 drain_end 1 0 0 0 0 0
1674633911021690 128645005055680 take 54 0 0 0 0 0
1674633911022760 128645005055680 subm_beg 1 0 0 0 0 0
1674633911024430 128645005055680 submit 54 0 0 0 0 0
1674633911024610 128645005055680 subm_end 1 0 0 0 0 0
1674633911024730 128645005055680 pump_beg 1 0 0 0 0 0
1674633911228662 128645005055680 feedend 53 0 0 0 0 0
1674633911294060 128645005055680 feedend 53 1 0 0 0 0
1674633910981691 128645018953600 msgin 54 4718592 0 0 0 0
1674633910982511 128645018953600 enq 54 1 0 0 0 0
1674633915308494 128645005055680 outfirst 53 1 65536 0 0 0
1674633915546236 128645005055680 outfirst 53 0 65536 0 0 0
1674633915664971 128645005055680 pump_end 1 2 0 0 0 0
1674633915665241 128645005055680 join_beg 1 0 0 0 0 0
1674633915665621 128645005055680 join_end 0 0 0 0 0 0
1674633915665801 128645005055680 book_beg 1 0 0 0 0 0
1674633915666071 128645005055680 batch 54 1 1 2 2 0
1674633915666271 128645005055680 book_end 1 0 0 0 0 0
1674633915666471 128645005055680 coll_beg 0 0 0 0 0 0
1674633915907883 128645005055680 coll_end 0 0 0 0 0 0
1674633915908133 128645005055680 rel_beg 1 0 0 0 0 0
1674633915908613 128645005055680 absorb 54 0 0 0 0 0
1674633915913842 128645005055680 rel_end 1 0 0 0 0 0
1674633915915632 128645005055680 wait_beg 0 0 0 0 0 0
1674633915946801 128645018953600 ackslot 54 53 54 0 0 0
1674633915982510 128645018953600 send 18 0 0 53 53 1
1674633917290692 128645018953600 send 238255 0 0 53 53 1
1674633918045235 128645018953600 send 213256 0 0 53 53 1
1674633918050375 128645018953600 send 14 0 0 53 53 1
1674633918050605 128645018953600 egress 54 1 0 0 0 0
1674633918443881 128645018953600 cliack 54 0 55 54 0 0
1674633918444311 128645018953600 ackregion 54 54 54 0 0 0
1674633915938492 128644996662976 emit_beg 54 0 0 0 0 0
1674633915941631 128644996662976 dmg 0 1 0 0 1024 768
1674633915941841 128644996662976 enc 53 53 1 -1 -1 0
1674633915980770 128644996662976 emit_end 54 0 0 0 0 0
1674633926901574 128645005055680 wait_end 0 0 0 0 0 0
1674633926904044 128645005055680 drain_beg 0 0 0 0 0 0
1674633926904384 128645005055680 drain_end 1 0 0 0 0 0
1674633926904534 128645005055680 take 55 0 0 0 0 0
1674633926905134 128645005055680 subm_beg 1 0 0 0 0 0
1674633926905794 128645005055680 submit 55 0 0 0 0 0
1674633926905934 128645005055680 subm_end 1 0 0 0 0 0
1674633926905974 128645005055680 pump_beg 1 0 0 0 0 0
1674633927080598 128645005055680 feedend 54 0 0 0 0 0
1674633927090187 128645005055680 feedend 54 1 0 0 0 0
1674633930230314 128645005055680 outfirst 54 1 65536 0 0 0
1674633930582321 128645005055680 outfirst 54 0 65536 0 0 0
1674633930610540 128645005055680 pump_end 1 2 0 0 0 0
1674633930610870 128645005055680 join_beg 1 0 0 0 0 0
1674633930611230 128645005055680 join_end 0 0 0 0 0 0
1674633930611410 128645005055680 book_beg 1 0 0 0 0 0
1674633930611770 128645005055680 batch 55 1 1 2 2 0
1674633930611960 128645005055680 book_end 1 0 0 0 0 0
1674633930612140 128645005055680 coll_beg 0 0 0 0 0 0
1674633930787003 128645005055680 coll_end 0 0 0 0 0 0
1674633930787323 128645005055680 rel_beg 1 0 0 0 0 0
1674633930787703 128645005055680 absorb 55 0 0 0 0 0
1674633930792013 128645005055680 rel_end 1 0 0 0 0 0
1674633930793733 128645005055680 wait_beg 0 0 0 0 0 0
1674633926890465 128645018953600 msgin 55 4718592 0 0 0 0
1674633926891285 128645018953600 enq 55 1 0 0 0 0
1674633930828802 128645018953600 ackslot 55 54 55 0 0 0
1674633930875050 128645018953600 send 18 0 0 54 54 1
1674633931811276 128645018953600 send 155083 0 0 54 54 1
1674633930817752 128644996662976 emit_beg 55 0 0 0 0 0
1674633930820602 128644996662976 dmg 0 1 0 0 1024 768
1674633930820802 128644996662976 enc 54 54 1 -1 -1 0
1674633930852851 128644996662976 emit_end 55 0 0 0 0 0
1674633932318668 128645018953600 send 135697 0 0 54 54 1
1674633932323788 128645018953600 send 14 0 0 54 54 1
1674633932323968 128645018953600 egress 55 1 0 0 0 0
1674633932839069 128645018953600 cliack 55 0 56 55 0 0
1674633932839379 128645018953600 ackregion 55 55 55 0 0 0
1674633942778929 128645005055680 wait_end 0 0 0 0 0 0
1674633942781369 128645005055680 drain_beg 0 0 0 0 0 0
1674633942781649 128645005055680 drain_end 1 0 0 0 0 0
1674633942781789 128645005055680 take 56 0 0 0 0 0
1674633942782179 128645005055680 subm_beg 1 0 0 0 0 0
1674633942782849 128645005055680 submit 56 0 0 0 0 0
1674633942783009 128645005055680 subm_end 1 0 0 0 0 0
1674633942783169 128645005055680 pump_beg 1 0 0 0 0 0
1674633942949103 128645005055680 feedend 55 0 0 0 0 0
1674633942953402 128645005055680 feedend 55 1 0 0 0 0
1674633946065870 128645005055680 outfirst 55 1 65536 0 0 0
1674633946550782 128645005055680 outfirst 55 0 65536 0 0 0
1674633946596210 128645005055680 pump_end 1 2 0 0 0 0
1674633946596490 128645005055680 join_beg 1 0 0 0 0 0
1674633946596930 128645005055680 join_end 0 0 0 0 0 0
1674633946597160 128645005055680 book_beg 1 0 0 0 0 0
1674633946597460 128645005055680 batch 56 1 1 2 2 0
1674633946597670 128645005055680 book_end 1 0 0 0 0 0
1674633946597850 128645005055680 coll_beg 0 0 0 0 0 0
1674633946798733 128645005055680 coll_end 0 0 0 0 0 0
1674633946799033 128645005055680 rel_beg 1 0 0 0 0 0
1674633946799503 128645005055680 absorb 56 0 0 0 0 0
1674633946805013 128645005055680 rel_end 1 0 0 0 0 0
1674633946806903 128645005055680 wait_beg 0 0 0 0 0 0
1674633942768579 128645018953600 msgin 56 4718592 0 0 0 0
1674633942769179 128645018953600 enq 56 1 0 0 0 0
1674633946819152 128645018953600 ackslot 56 55 56 0 0 0
1674633946866571 128645018953600 send 18 0 0 55 55 1
1674633947371422 128645018953600 send 165347 0 0 55 55 1
1674633947800557 128645018953600 send 143688 0 0 55 55 1
1674633947805187 128645018953600 send 14 0 0 55 55 1
1674633947805577 128645018953600 egress 56 1 0 0 0 0
1674633948928006 128645018953600 cliack 56 0 57 56 0 0
1674633948928106 128645018953600 ackregion 56 56 56 0 0 0
1674633946830342 128644996662976 emit_beg 56 0 0 0 0 0
1674633946835602 128644996662976 dmg 0 1 0 0 1024 768
1674633946835812 128644996662976 enc 55 55 1 -1 -1 0
1674633946866491 128644996662976 emit_end 56 0 0 0 0 0
1674633959194064 128645005055680 wait_end 0 0 0 0 0 0
1674633959198394 128645005055680 drain_beg 0 0 0 0 0 0
1674633959198794 128645005055680 drain_end 1 0 0 0 0 0
1674633959198994 128645005055680 take 57 0 0 0 0 0
1674633959199394 128645005055680 subm_beg 1 0 0 0 0 0
1674633959200024 128645005055680 submit 57 0 0 0 0 0
1674633959200194 128645005055680 subm_end 1 0 0 0 0 0
1674633959200274 128645005055680 pump_beg 1 0 0 0 0 0
1674633959401506 128645005055680 feedend 56 0 0 0 0 0
1674633959420656 128645005055680 feedend 56 1 0 0 0 0
1674633959178004 128645018953600 msgin 57 4718592 0 0 0 0
1674633959178374 128645018953600 enq 57 1 0 0 0 0
1674633962541202 128645005055680 outfirst 56 1 65536 0 0 0
1674633963058614 128645005055680 outfirst 56 0 65536 0 0 0
1674633963126631 128645005055680 pump_end 1 2 0 0 0 0
1674633963126921 128645005055680 join_beg 1 0 0 0 0 0
1674633963127231 128645005055680 join_end 0 0 0 0 0 0
1674633963127311 128645005055680 book_beg 1 0 0 0 0 0
1674633963127571 128645005055680 batch 57 1 1 2 2 0
1674633963127751 128645005055680 book_end 1 0 0 0 0 0
1674633963127931 128645005055680 coll_beg 0 0 0 0 0 0
1674633963221338 128645005055680 coll_end 0 0 0 0 0 0
1674633963221698 128645005055680 rel_beg 1 0 0 0 0 0
1674633963222058 128645005055680 absorb 57 0 0 0 0 0
1674633963225388 128645005055680 rel_end 1 0 0 0 0 0
1674633963226588 128645005055680 wait_beg 0 0 0 0 0 0
1674633963244067 128645018953600 ackslot 57 56 57 0 0 0
1674633963279136 128645018953600 send 18 0 0 56 56 1
1674633964143904 128645018953600 send 166745 0 0 56 56 1
1674633964563239 128645018953600 send 142319 0 0 56 56 1
1674633964567539 128645018953600 send 14 0 0 56 56 1
1674633964567649 128645018953600 egress 57 1 0 0 0 0
1674633965053511 128645018953600 cliack 57 0 58 57 0 0
1674633965053721 128645018953600 ackregion 57 57 57 0 0 0
1674633963248767 128644996662976 emit_beg 57 0 0 0 0 0
1674633963252547 128644996662976 dmg 0 1 0 0 1024 768
1674633963252757 128644996662976 enc 56 56 1 -1 -1 0
1674633963283606 128644996662976 emit_end 57 0 0 0 0 0
1674633975330489 128645005055680 wait_end 0 0 0 0 0 0
1674633975334509 128645005055680 drain_beg 0 0 0 0 0 0
1674633975334899 128645005055680 drain_end 1 0 0 0 0 0
1674633975335089 128645005055680 take 58 0 0 0 0 0
1674633975335449 128645005055680 subm_beg 1 0 0 0 0 0
1674633975335899 128645005055680 submit 58 0 0 0 0 0
1674633975336089 128645005055680 subm_end 1 0 0 0 0 0
1674633975336169 128645005055680 pump_beg 1 0 0 0 0 0
1674633975526902 128645005055680 feedend 57 0 0 0 0 0
1674633975542361 128645005055680 feedend 57 1 0 0 0 0
1674633978995396 128645005055680 outfirst 57 1 65536 0 0 0
1674633979561696 128645005055680 outfirst 57 0 65536 0 0 0
1674633979632873 128645005055680 pump_end 1 2 0 0 0 0
1674633979638773 128645005055680 join_beg 1 0 0 0 0 0
1674633979638903 128645005055680 join_end 0 0 0 0 0 0
1674633979639073 128645005055680 book_beg 1 0 0 0 0 0
1674633979639293 128645005055680 batch 58 1 1 2 2 0
1674633979639363 128645005055680 book_end 1 0 0 0 0 0
1674633979639443 128645005055680 coll_beg 0 0 0 0 0 0
1674633979863245 128645005055680 coll_end 0 0 0 0 0 0
1674633979863325 128645005055680 rel_beg 1 0 0 0 0 0
1674633979863715 128645005055680 absorb 58 0 0 0 0 0
1674633979868234 128645005055680 rel_end 1 0 0 0 0 0
1674633979869794 128645005055680 wait_beg 0 0 0 0 0 0
1674633975302390 128645018953600 msgin 58 4718592 0 0 0 0
1674633975302700 128645018953600 enq 58 1 0 0 0 0
1674633979880714 128645018953600 ackslot 58 57 58 0 0 0
1674633979922912 128645018953600 send 18 0 0 57 57 1
1674633980506801 128645018953600 send 198940 0 0 57 57 1
1674633980993954 128645018953600 send 169674 0 0 57 57 1
1674633980998344 128645018953600 send 14 0 0 57 57 1
1674633980998594 128645018953600 egress 58 1 0 0 0 0
1674633982130213 128645018953600 cliack 58 0 59 58 0 0
1674633982130413 128645018953600 ackregion 58 58 58 0 0 0
1674633979892974 128644996662976 emit_beg 58 0 0 0 0 0
1674633979899103 128644996662976 dmg 0 1 0 0 1024 768
1674633979899403 128644996662976 enc 57 57 1 -1 -1 0
1674633979940512 128644996662976 emit_end 58 0 0 0 0 0
1674633991918578 128645005055680 wait_end 0 0 0 0 0 0
1674633991922688 128645005055680 drain_beg 0 0 0 0 0 0
1674633991923048 128645005055680 drain_end 1 0 0 0 0 0
1674633991923248 128645005055680 take 59 0 0 0 0 0
1674633991923648 128645005055680 subm_beg 1 0 0 0 0 0
1674633991923988 128645005055680 submit 59 0 0 0 0 0
1674633991924228 128645005055680 subm_end 1 0 0 0 0 0
1674633991924308 128645005055680 pump_beg 1 0 0 0 0 0
1674633992120010 128645005055680 feedend 58 0 0 0 0 0
1674633992137500 128645005055680 feedend 58 1 0 0 0 0
1674633991890159 128645018953600 msgin 59 4718592 0 0 0 0
1674633991890549 128645018953600 enq 59 1 0 0 0 0
1674633995191969 128645005055680 outfirst 58 1 65536 0 0 0
1674633995672902 128645005055680 outfirst 58 0 65536 0 0 0
1674633995712090 128645005055680 pump_end 1 2 0 0 0 0
1674633995712310 128645005055680 join_beg 1 0 0 0 0 0
1674633995712670 128645005055680 join_end 0 0 0 0 0 0
1674633995712840 128645005055680 book_beg 1 0 0 0 0 0
1674633995713050 128645005055680 batch 59 1 1 2 2 0
1674633995713230 128645005055680 book_end 1 0 0 0 0 0
1674633995713430 128645005055680 coll_beg 0 0 0 0 0 0
1674633995884114 128645005055680 coll_end 0 0 0 0 0 0
1674633995884334 128645005055680 rel_beg 1 0 0 0 0 0
1674633995884734 128645005055680 absorb 59 0 0 0 0 0
1674633995888614 128645005055680 rel_end 1 0 0 0 0 0
1674633995890184 128645005055680 wait_beg 0 0 0 0 0 0
1674633995928372 128645018953600 ackslot 59 58 59 0 0 0
1674633995969041 128645018953600 send 18 0 0 58 58 1
1674633996901247 128645018953600 send 152738 0 0 58 58 1
1674633997466537 128645018953600 send 127860 0 0 58 58 1
1674633997470787 128645018953600 send 14 0 0 58 58 1
1674633997470967 128645018953600 egress 59 1 0 0 0 0
1674633998033506 128645018953600 cliack 59 0 60 59 0 0
1674633998033956 128645018953600 ackregion 59 59 59 0 0 0
1674633995913103 128644996662976 emit_beg 59 0 0 0 0 0
1674633995915773 128644996662976 dmg 0 1 0 0 1024 768
1674633995916163 128644996662976 enc 58 58 1 -1 -1 0
1674633995948212 128644996662976 emit_end 59 0 0 0 0 0
1674634007650588 128645005055680 wait_end 0 0 0 0 0 0
1674634007652768 128645005055680 drain_beg 0 0 0 0 0 0
1674634007653098 128645005055680 drain_end 1 0 0 0 0 0
1674634007653358 128645005055680 take 60 0 0 0 0 0
1674634007654047 128645005055680 subm_beg 1 0 0 0 0 0
1674634007654447 128645005055680 submit 60 0 0 0 0 0
1674634007654607 128645005055680 subm_end 1 0 0 0 0 0
1674634007654647 128645005055680 pump_beg 1 0 0 0 0 0
1674634007823121 128645005055680 feedend 59 0 0 0 0 0
1674634007828961 128645005055680 feedend 59 1 0 0 0 0
1674634011066414 128645005055680 outfirst 59 1 65536 0 0 0
1674634011533007 128645005055680 outfirst 59 0 65536 0 0 0
1674634011577095 128645005055680 pump_end 1 2 0 0 0 0
1674634011577325 128645005055680 join_beg 1 0 0 0 0 0
1674634011577815 128645005055680 join_end 0 0 0 0 0 0
1674634011578045 128645005055680 book_beg 1 0 0 0 0 0
1674634011578685 128645005055680 batch 60 1 1 2 2 0
1674634011578865 128645005055680 book_end 1 0 0 0 0 0
1674634011579055 128645005055680 coll_beg 0 0 0 0 0 0
1674634011774908 128645005055680 coll_end 0 0 0 0 0 0
1674634011775128 128645005055680 rel_beg 1 0 0 0 0 0
1674634011775508 128645005055680 absorb 60 0 0 0 0 0
1674634011780968 128645005055680 rel_end 1 0 0 0 0 0
1674634011782838 128645005055680 wait_beg 0 0 0 0 0 0
1674634007633038 128645018953600 msgin 60 4718592 0 0 0 0
1674634007633178 128645018953600 enq 60 1 0 0 0 0
1674634011794447 128645018953600 ackslot 60 59 60 0 0 0
1674634011850545 128645018953600 send 18 0 0 59 59 1
1674634012385456 128645018953600 send 171436 0 0 59 59 1
1674634011806497 128644996662976 emit_beg 60 0 0 0 0 0
1674634011813347 128644996662976 dmg 0 1 0 0 1024 768
1674634011813607 128644996662976 enc 59 59 1 -1 -1 0
1674634011854675 128644996662976 emit_end 60 0 0 0 0 0
1674634012819010 128645018953600 send 149561 0 0 59 59 1
1674634012824840 128645018953600 send 14 0 0 59 59 1
1674634012825190 128645018953600 egress 60 1 0 0 0 0
1674634013495056 128645018953600 cliack 60 0 61 60 0 0
1674634013495386 128645018953600 ackregion 60 60 60 0 0 0
1674634024084672 128645005055680 wait_end 0 0 0 0 0 0
1674634024089892 128645005055680 drain_beg 0 0 0 0 0 0
1674634024090652 128645005055680 drain_end 1 0 0 0 0 0
1674634024090942 128645005055680 take 61 0 0 0 0 0
1674634024091552 128645005055680 subm_beg 1 0 0 0 0 0
1674634024092392 128645005055680 submit 61 0 0 0 0 0
1674634024092592 128645005055680 subm_end 1 0 0 0 0 0
1674634024092712 128645005055680 pump_beg 1 0 0 0 0 0
1674634024271875 128645005055680 feedend 60 0 0 0 0 0
1674634024353102 128645005055680 feedend 60 1 0 0 0 0
1674634027188839 128645005055680 outfirst 60 1 65536 0 0 0
1674634027540787 128645005055680 outfirst 60 0 65536 0 0 0
1674634027566986 128645005055680 pump_end 1 2 0 0 0 0
1674634027567246 128645005055680 join_beg 1 0 0 0 0 0
1674634027567736 128645005055680 join_end 0 0 0 0 0 0
1674634027568026 128645005055680 book_beg 1 0 0 0 0 0
1674634027568426 128645005055680 batch 61 1 1 2 2 0
1674634027568616 128645005055680 book_end 1 0 0 0 0 0
1674634027568816 128645005055680 coll_beg 0 0 0 0 0 0
1674634027728060 128645005055680 coll_end 0 0 0 0 0 0
1674634027728280 128645005055680 rel_beg 1 0 0 0 0 0
1674634027728590 128645005055680 absorb 61 0 0 0 0 0
1674634027732410 128645005055680 rel_end 1 0 0 0 0 0
1674634027734540 128645005055680 wait_beg 0 0 0 0 0 0
1674634024055673 128645018953600 msgin 61 4718592 0 0 0 0
1674634024056103 128645018953600 enq 61 1 0 0 0 0
1674634027738780 128645018953600 ackslot 61 60 61 0 0 0
1674634027761869 128645018953600 send 18 0 0 60 60 1
1674634028154184 128645018953600 send 132921 0 0 60 60 1
1674634028511801 128645018953600 send 117462 0 0 60 60 1
1674634028516321 128645018953600 send 14 0 0 60 60 1
1674634028516431 128645018953600 egress 61 1 0 0 0 0
1674634029179967 128645018953600 cliack 61 0 62 61 0 0
1674634029180067 128645018953600 ackregion 61 61 61 0 0 0
1674634027739849 128644996662976 emit_beg 61 0 0 0 0 0
1674634027743609 128644996662976 dmg 0 1 0 0 1024 768
1674634027743859 128644996662976 enc 60 60 1 -1 -1 0
1674634027763119 128644996662976 emit_end 61 0 0 0 0 0
1674634040265046 128645005055680 wait_end 0 0 0 0 0 0
1674634040269025 128645005055680 drain_beg 0 0 0 0 0 0
1674634040277415 128645005055680 drain_end 1 0 0 0 0 0
1674634040277655 128645005055680 take 62 0 0 0 0 0
1674634040278065 128645005055680 subm_beg 1 0 0 0 0 0
1674634040278865 128645005055680 submit 62 0 0 0 0 0
1674634040278995 128645005055680 subm_end 1 0 0 0 0 0
1674634040279075 128645005055680 pump_beg 1 0 0 0 0 0
1674634040434479 128645005055680 feedend 61 0 0 0 0 0
1674634040555935 128645005055680 feedend 61 1 0 0 0 0
1674634040237357 128645018953600 msgin 62 4718592 0 0 0 0
1674634040237897 128645018953600 enq 62 1 0 0 0 0
1674634044393916 128645005055680 outfirst 61 1 65536 0 0 0
1674634044609148 128645005055680 outfirst 61 0 65536 0 0 0
1674634044672856 128645005055680 pump_end 1 2 0 0 0 0
1674634044673096 128645005055680 join_beg 1 0 0 0 0 0
1674634044673396 128645005055680 join_end 0 0 0 0 0 0
1674634044673566 128645005055680 book_beg 1 0 0 0 0 0
1674634044673816 128645005055680 batch 62 1 1 2 2 0
1674634044674006 128645005055680 book_end 1 0 0 0 0 0
1674634044674196 128645005055680 coll_beg 0 0 0 0 0 0
1674634044978695 128645005055680 coll_end 0 0 0 0 0 0
1674634044978915 128645005055680 rel_beg 1 0 0 0 0 0
1674634044979185 128645005055680 absorb 62 0 0 0 0 0
1674634044983125 128645005055680 rel_end 1 0 0 0 0 0
1674634044984974 128645005055680 wait_beg 0 0 0 0 0 0
1674634044989354 128645018953600 ackslot 62 61 62 0 0 0
1674634045030553 128645018953600 send 18 0 0 61 61 1
1674634046087664 128645018953600 send 247080 0 0 61 61 1
1674634047027130 128645018953600 send 220548 0 0 61 61 1
1674634047031610 128645018953600 send 14 0 0 61 61 1
1674634047031990 128645018953600 egress 62 1 0 0 0 0
1674634047146636 128645018953600 cliack 62 0 63 62 0 0
1674634047146736 128645018953600 ackregion 62 62 62 0 0 0
1674634045011384 128644996662976 emit_beg 62 0 0 0 0 0
1674634045016433 128644996662976 dmg 0 1 0 0 1024 768
1674634045016633 128644996662976 enc 61 61 1 -1 -1 0
1674634045051262 128644996662976 emit_end 62 0 0 0 0 0
1674634055923048 128645005055680 wait_end 0 0 0 0 0 0
1674634055929828 128645005055680 drain_beg 0 0 0 0 0 0
1674634055930848 128645005055680 drain_end 1 0 0 0 0 0
1674634055931278 128645005055680 take 63 0 0 0 0 0
1674634055932238 128645005055680 subm_beg 1 0 0 0 0 0
1674634055933658 128645005055680 submit 63 0 0 0 0 0
1674634055933828 128645005055680 subm_end 1 0 0 0 0 0
1674634055933978 128645005055680 pump_beg 1 0 0 0 0 0
1674634056162849 128645005055680 feedend 62 0 0 0 0 0
1674634056239137 128645005055680 feedend 62 1 0 0 0 0
1674634059625834 128645005055680 outfirst 62 1 65536 0 0 0
1674634060006550 128645005055680 outfirst 62 0 65536 0 0 0
1674634060042079 128645005055680 pump_end 1 2 0 0 0 0
1674634060042329 128645005055680 join_beg 1 0 0 0 0 0
1674634060042769 128645005055680 join_end 0 0 0 0 0 0
1674634060043069 128645005055680 book_beg 1 0 0 0 0 0
1674634060043389 128645005055680 batch 63 1 1 2 2 0
1674634060043579 128645005055680 book_end 1 0 0 0 0 0
1674634060043759 128645005055680 coll_beg 0 0 0 0 0 0
1674634060253631 128645005055680 coll_end 0 0 0 0 0 0
1674634060253971 128645005055680 rel_beg 1 0 0 0 0 0
1674634060254351 128645005055680 absorb 63 0 0 0 0 0
1674634060259721 128645005055680 rel_end 1 0 0 0 0 0
1674634060261541 128645005055680 wait_beg 0 0 0 0 0 0
1674634055895249 128645018953600 msgin 63 4718592 0 0 0 0
1674634055896769 128645018953600 enq 63 1 0 0 0 0
1674634060271300 128645018953600 ackslot 63 62 63 0 0 0
1674634060294680 128645018953600 send 18 0 0 62 62 1
1674634060855089 128645018953600 send 189553 0 0 62 62 1
1674634061344561 128645018953600 send 160705 0 0 62 62 1
1674634061348931 128645018953600 send 14 0 0 62 62 1
1674634061349051 128645018953600 egress 63 1 0 0 0 0
1674634062208570 128645018953600 cliack 63 0 64 63 0 0
1674634062208780 128645018953600 ackregion 63 63 63 0 0 0
1674634060277180 128644996662976 emit_beg 63 0 0 0 0 0
1674634060280270 128644996662976 dmg 0 1 0 0 1024 768
1674634060280780 128644996662976 enc 62 62 1 -1 -1 0
1674634060302079 128644996662976 emit_end 63 0 0 0 0 0
1674634071795443 128645005055680 wait_end 0 0 0 0 0 0
1674634071799703 128645005055680 drain_beg 0 0 0 0 0 0
1674634071800093 128645005055680 drain_end 1 0 0 0 0 0
1674634071800273 128645005055680 take 64 0 0 0 0 0
1674634071800712 128645005055680 subm_beg 1 0 0 0 0 0
1674634071801442 128645005055680 submit 64 0 0 0 0 0
1674634071801692 128645005055680 subm_end 1 0 0 0 0 0
1674634071801772 128645005055680 pump_beg 1 0 0 0 0 0
1674634071994225 128645005055680 feedend 63 0 0 0 0 0
1674634072086492 128645005055680 feedend 63 1 0 0 0 0
1674634071765804 128645018953600 msgin 64 4718592 0 0 0 0
1674634071766154 128645018953600 enq 64 1 0 0 0 0
1674634075266197 128645005055680 outfirst 63 1 65536 0 0 0
1674634075781908 128645005055680 outfirst 63 0 65536 0 0 0
1674634075814877 128645005055680 pump_end 1 2 0 0 0 0
1674634075815147 128645005055680 join_beg 1 0 0 0 0 0
1674634075815517 128645005055680 join_end 0 0 0 0 0 0
1674634075815637 128645005055680 book_beg 1 0 0 0 0 0
1674634075815907 128645005055680 batch 64 1 1 2 2 0
1674634075816097 128645005055680 book_end 1 0 0 0 0 0
1674634075816287 128645005055680 coll_beg 0 0 0 0 0 0
1674634076025119 128645005055680 coll_end 0 0 0 0 0 0
1674634076025329 128645005055680 rel_beg 1 0 0 0 0 0
1674634076025719 128645005055680 absorb 64 0 0 0 0 0
1674634076030199 128645005055680 rel_end 1 0 0 0 0 0
1674634076031789 128645005055680 wait_beg 0 0 0 0 0 0
1674634076040039 128645018953600 ackslot 64 63 64 0 0 0
1674634076073238 128645018953600 send 18 0 0 63 63 1
1674634076621338 128645018953600 send 181644 0 0 63 63 1
1674634077084451 128645018953600 send 155438 0 0 63 63 1
1674634077088921 128645018953600 send 14 0 0 63 63 1
1674634077089231 128645018953600 egress 64 1 0 0 0 0
1674634078044106 128645018953600 cliack 64 0 65 64 0 0
1674634078044216 128645018953600 ackregion 64 64 64 0 0 0
1674634076055488 128644996662976 emit_beg 64 0 0 0 0 0
1674634076060498 128644996662976 dmg 0 1 0 0 1024 768
1674634076060708 128644996662976 enc 63 63 1 -1 -1 0
1674634076098637 128644996662976 emit_end 64 0 0 0 0 0
1674634088487928 128645005055680 wait_end 0 0 0 0 0 0
1674634088492058 128645005055680 drain_beg 0 0 0 0 0 0
1674634088492628 128645005055680 drain_end 1 0 0 0 0 0
1674634088493248 128645005055680 take 65 0 0 0 0 0
1674634088494178 128645005055680 subm_beg 1 0 0 0 0 0
1674634088495248 128645005055680 submit 65 0 0 0 0 0
1674634088495388 128645005055680 subm_end 1 0 0 0 0 0
1674634088495418 128645005055680 pump_beg 1 0 0 0 0 0
1674634088656552 128645005055680 feedend 64 0 0 0 0 0
1674634088690860 128645005055680 feedend 64 1 0 0 0 0
1674634091641264 128645005055680 outfirst 64 1 65536 0 0 0
1674634092233502 128645005055680 outfirst 64 0 65536 0 0 0
1674634092271891 128645005055680 pump_end 1 2 0 0 0 0
1674634092272131 128645005055680 join_beg 1 0 0 0 0 0
1674634092272531 128645005055680 join_end 0 0 0 0 0 0
1674634092272651 128645005055680 book_beg 1 0 0 0 0 0
1674634092279560 128645005055680 batch 65 1 1 2 2 0
1674634092279630 128645005055680 book_end 1 0 0 0 0 0
1674634092279860 128645005055680 coll_beg 0 0 0 0 0 0
1674634092451254 128645005055680 coll_end 0 0 0 0 0 0
1674634092451344 128645005055680 rel_beg 1 0 0 0 0 0
1674634092451764 128645005055680 absorb 65 0 0 0 0 0
1674634092455934 128645005055680 rel_end 1 0 0 0 0 0
1674634092457634 128645005055680 wait_beg 0 0 0 0 0 0
1674634088476478 128645018953600 msgin 65 4718592 0 0 0 0
1674634088476948 128645018953600 enq 65 1 0 0 0 0
1674634092468364 128645018953600 ackslot 65 64 65 0 0 0
1674634092503082 128645018953600 send 18 0 0 64 64 1
1674634092972035 128645018953600 send 156043 0 0 64 64 1
1674634092479403 128644996662976 emit_beg 65 0 0 0 0 0
1674634092484063 128644996662976 dmg 0 1 0 0 1024 768
1674634092484263 128644996662976 enc 64 64 1 -1 -1 0
1674634092513762 128644996662976 emit_end 65 0 0 0 0 0
1674634093355471 128645018953600 send 129074 0 0 64 64 1
1674634093359841 128645018953600 send 14 0 0 64 64 1
1674634093359961 128645018953600 egress 65 1 0 0 0 0
1674634094087745 128645018953600 cliack 65 0 66 65 0 0
1674634094087975 128645018953600 ackregion 65 65 65 0 0 0
1674634103453065 128645005055680 wait_end 0 0 0 0 0 0
1674634103456865 128645005055680 drain_beg 0 0 0 0 0 0
1674634103457275 128645005055680 drain_end 1 0 0 0 0 0
1674634103457455 128645005055680 take 66 0 0 0 0 0
1674634103457825 128645005055680 subm_beg 1 0 0 0 0 0
1674634103458285 128645005055680 submit 66 0 0 0 0 0
1674634103458605 128645005055680 subm_end 1 0 0 0 0 0
1674634103458685 128645005055680 pump_beg 1 0 0 0 0 0
1674634103645168 128645005055680 feedend 65 0 0 0 0 0
1674634103700236 128645005055680 feedend 65 1 0 0 0 0
1674634106726557 128645005055680 outfirst 65 1 65536 0 0 0
1674634107331395 128645005055680 outfirst 65 0 65536 0 0 0
1674634107372553 128645005055680 pump_end 1 2 0 0 0 0
1674634107372773 128645005055680 join_beg 1 0 0 0 0 0
1674634107373143 128645005055680 join_end 0 0 0 0 0 0
1674634107373263 128645005055680 book_beg 1 0 0 0 0 0
1674634107373483 128645005055680 batch 66 1 1 2 2 0
1674634107373673 128645005055680 book_end 1 0 0 0 0 0
1674634107373863 128645005055680 coll_beg 0 0 0 0 0 0
1674634107561026 128645005055680 coll_end 0 0 0 0 0 0
1674634107561116 128645005055680 rel_beg 1 0 0 0 0 0
1674634107561486 128645005055680 absorb 66 0 0 0 0 0
1674634107565616 128645005055680 rel_end 1 0 0 0 0 0
1674634107567386 128645005055680 wait_beg 0 0 0 0 0 0
1674634103422326 128645018953600 msgin 66 4718592 0 0 0 0
1674634103422856 128645018953600 enq 66 1 0 0 0 0
1674634107578156 128645018953600 ackslot 66 65 66 0 0 0
1674634107611695 128645018953600 send 18 0 0 65 65 1
1674634108117916 128645018953600 send 170120 0 0 65 65 1
1674634108517842 128645018953600 send 137731 0 0 65 65 1
1674634108522142 128645018953600 send 14 0 0 65 65 1
1674634108522262 128645018953600 egress 66 1 0 0 0 0
1674634109656411 128645018953600 cliack 66 0 67 66 0 0
1674634109656511 128645018953600 ackregion 66 66 66 0 0 0
1674634107590285 128644996662976 emit_beg 66 0 0 0 0 0
1674634107595015 128644996662976 dmg 0 1 0 0 1024 768
1674634107595205 128644996662976 enc 65 65 1 -1 -1 0
1674634107629474 128644996662976 emit_end 66 0 0 0 0 0
1674634120009345 128645005055680 wait_end 0 0 0 0 0 0
1674634120019265 128645005055680 drain_beg 0 0 0 0 0 0
1674634120019665 128645005055680 drain_end 1 0 0 0 0 0
1674634120019885 128645005055680 take 67 0 0 0 0 0
1674634120020365 128645005055680 subm_beg 1 0 0 0 0 0
1674634120020865 128645005055680 submit 67 0 0 0 0 0
1674634120021075 128645005055680 subm_end 1 0 0 0 0 0
1674634120021195 128645005055680 pump_beg 1 0 0 0 0 0
1674634120254766 128645005055680 feedend 66 0 0 0 0 0
1674634120303105 128645005055680 feedend 66 1 0 0 0 0
1674634123147492 128645005055680 outfirst 66 1 65536 0 0 0
1674634119978586 128645018953600 msgin 67 4718592 0 0 0 0
1674634119979016 128645018953600 enq 67 1 0 0 0 0
1674634123704541 128645005055680 outfirst 66 0 65536 0 0 0
1674634123737520 128645005055680 pump_end 1 2 0 0 0 0
1674634123737750 128645005055680 join_beg 1 0 0 0 0 0
1674634123738130 128645005055680 join_end 0 0 0 0 0 0
1674634123738230 128645005055680 book_beg 1 0 0 0 0 0
1674634123738460 128645005055680 batch 67 1 1 2 2 0
1674634123738650 128645005055680 book_end 1 0 0 0 0 0
1674634123738840 128645005055680 coll_beg 0 0 0 0 0 0
1674634123875165 128645005055680 coll_end 0 0 0 0 0 0
1674634123875495 128645005055680 rel_beg 1 0 0 0 0 0
1674634123875895 128645005055680 absorb 67 0 0 0 0 0
1674634123880155 128645005055680 rel_end 1 0 0 0 0 0
1674634123881755 128645005055680 wait_beg 0 0 0 0 0 0
1674634123896864 128645018953600 ackslot 67 66 67 0 0 0
1674634123936233 128645018953600 send 18 0 0 66 66 1
1674634124697935 128645018953600 send 144416 0 0 66 66 1
1674634125290934 128645018953600 send 116235 0 0 66 66 1
1674634125295294 128645018953600 send 14 0 0 66 66 1
1674634125295444 128645018953600 egress 67 1 0 0 0 0
1674634125716059 128645018953600 cliack 67 0 68 67 0 0
1674634125716278 128645018953600 ackregion 67 67 67 0 0 0
1674634123904454 128644996662976 emit_beg 67 0 0 0 0 0
1674634123909674 128644996662976 dmg 0 1 0 0 1024 768
1674634123909874 128644996662976 enc 66 66 1 -1 -1 0
1674634123934653 128644996662976 emit_end 67 0 0 0 0 0
1674634135468345 128645005055680 wait_end 0 0 0 0 0 0
1674634135474025 128645005055680 drain_beg 0 0 0 0 0 0
1674634135474765 128645005055680 drain_end 1 0 0 0 0 0
1674634135474985 128645005055680 take 68 0 0 0 0 0
1674634135475905 128645005055680 subm_beg 1 0 0 0 0 0
1674634135476615 128645005055680 submit 68 0 0 0 0 0
1674634135477045 128645005055680 subm_end 1 0 0 0 0 0
1674634135477125 128645005055680 pump_beg 1 0 0 0 0 0
1674634135668898 128645005055680 feedend 67 0 0 0 0 0
1674634135722526 128645005055680 feedend 67 1 0 0 0 0
1674634139184490 128645005055680 outfirst 67 1 65536 0 0 0
1674634139691522 128645005055680 outfirst 67 0 65536 0 0 0
1674634139738350 128645005055680 pump_end 1 2 0 0 0 0
1674634139738560 128645005055680 join_beg 1 0 0 0 0 0
1674634139738930 128645005055680 join_end 0 0 0 0 0 0
1674634139739050 128645005055680 book_beg 1 0 0 0 0 0
1674634139739290 128645005055680 batch 68 1 1 2 2 0
1674634139739480 128645005055680 book_end 1 0 0 0 0 0
1674634139739670 128645005055680 coll_beg 0 0 0 0 0 0
1674634139967912 128645005055680 coll_end 0 0 0 0 0 0
1674634139968232 128645005055680 rel_beg 1 0 0 0 0 0
1674634139968622 128645005055680 absorb 68 0 0 0 0 0
1674634139972892 128645005055680 rel_end 1 0 0 0 0 0
1674634139974672 128645005055680 wait_beg 0 0 0 0 0 0
1674634135426187 128645018953600 msgin 68 4718592 0 0 0 0
1674634135427287 128645018953600 enq 68 1 0 0 0 0
1674634139985711 128645018953600 ackslot 68 67 68 0 0 0
1674634140021190 128645018953600 send 18 0 0 67 67 1
1674634140676476 128645018953600 send 207419 0 0 67 67 1
1674634141203507 128645018953600 send 179755 0 0 67 67 1
1674634141207887 128645018953600 send 14 0 0 67 67 1
1674634141208277 128645018953600 egress 68 1 0 0 0 0
1674634142274208 128645018953600 cliack 68 0 69 68 0 0
1674634142274688 128645018953600 ackregion 68 68 68 0 0 0
1674634139998061 128644996662976 emit_beg 68 0 0 0 0 0
1674634140013220 128644996662976 dmg 0 1 0 0 1024 768
1674634140020710 128644996662976 enc 67 67 1 -1 -1 0
1674634140066618 128644996662976 emit_end 68 0 0 0 0 0
1674634151917059 128645005055680 wait_end 0 0 0 0 0 0
1674634151921749 128645005055680 drain_beg 0 0 0 0 0 0
1674634151922259 128645005055680 drain_end 1 0 0 0 0 0
1674634151922549 128645005055680 take 69 0 0 0 0 0
1674634151923149 128645005055680 subm_beg 1 0 0 0 0 0
1674634151932448 128645005055680 submit 69 0 0 0 0 0
1674634151932598 128645005055680 subm_end 1 0 0 0 0 0
1674634151932678 128645005055680 pump_beg 1 0 0 0 0 0
1674634152130161 128645005055680 feedend 68 0 0 0 0 0
1674634152146201 128645005055680 feedend 68 1 0 0 0 0
1674634151883220 128645018953600 msgin 69 4718592 0 0 0 0
1674634151884390 128645018953600 enq 69 1 0 0 0 0
1674634155104293 128645005055680 outfirst 68 1 65536 0 0 0
1674634155550347 128645005055680 outfirst 68 0 65536 0 0 0
1674634155594086 128645005055680 pump_end 1 2 0 0 0 0
1674634155594346 128645005055680 join_beg 1 0 0 0 0 0
1674634155594676 128645005055680 join_end 0 0 0 0 0 0
1674634155594796 128645005055680 book_beg 1 0 0 0 0 0
1674634155594986 128645005055680 batch 69 1 1 2 2 0
1674634155595156 128645005055680 book_end 1 0 0 0 0 0
1674634155595326 128645005055680 coll_beg 0 0 0 0 0 0
1674634155755940 128645005055680 coll_end 0 0 0 0 0 0
1674634155756130 128645005055680 rel_beg 1 0 0 0 0 0
1674634155756480 128645005055680 absorb 69 0 0 0 0 0
1674634155760400 128645005055680 rel_end 1 0 0 0 0 0
1674634155761999 128645005055680 wait_beg 0 0 0 0 0 0
1674634155771829 128645018953600 ackslot 69 68 69 0 0 0
1674634155807118 128645018953600 send 18 0 0 68 68 1
1674634156231842 128645018953600 send 139133 0 0 68 68 1
1674634156585400 128645018953600 send 123315 0 0 68 68 1
1674634156589639 128645018953600 send 14 0 0 68 68 1
1674634156589729 128645018953600 egress 69 1 0 0 0 0
1674634157165019 128645018953600 cliack 69 0 70 69 0 0
1674634157165229 128645018953600 ackregion 69 69 69 0 0 0
1674634155784799 128644996662976 emit_beg 69 0 0 0 0 0
1674634155789788 128644996662976 dmg 0 1 0 0 1024 768
1674634155789958 128644996662976 enc 68 68 1 -1 -1 0
1674634155817457 128644996662976 emit_end 69 0 0 0 0 0
1674634168264396 128645005055680 wait_end 0 0 0 0 0 0
1674634168269486 128645005055680 drain_beg 0 0 0 0 0 0
1674634168270186 128645005055680 drain_end 1 0 0 0 0 0
1674634168270476 128645005055680 take 70 0 0 0 0 0
1674634168270856 128645005055680 subm_beg 1 0 0 0 0 0
1674634168271526 128645005055680 submit 70 0 0 0 0 0
1674634168271706 128645005055680 subm_end 1 0 0 0 0 0
1674634168271786 128645005055680 pump_beg 1 0 0 0 0 0
1674634168447140 128645005055680 feedend 69 0 0 0 0 0
1674634168496688 128645005055680 feedend 69 1 0 0 0 0
1674634171925374 128645005055680 outfirst 69 1 65536 0 0 0
1674634172506543 128645005055680 outfirst 69 0 65536 0 0 0
1674634172556381 128645005055680 pump_end 1 2 0 0 0 0
1674634172556591 128645005055680 join_beg 1 0 0 0 0 0
1674634172556921 128645005055680 join_end 0 0 0 0 0 0
1674634172557041 128645005055680 book_beg 1 0 0 0 0 0
1674634172557241 128645005055680 batch 70 1 1 2 2 0
1674634172557411 128645005055680 book_end 1 0 0 0 0 0
1674634172557591 128645005055680 coll_beg 0 0 0 0 0 0
1674634172804722 128645005055680 coll_end 0 0 0 0 0 0
1674634172805032 128645005055680 rel_beg 1 0 0 0 0 0
1674634172805372 128645005055680 absorb 70 0 0 0 0 0
1674634172809612 128645005055680 rel_end 1 0 0 0 0 0
1674634172811282 128645005055680 wait_beg 0 0 0 0 0 0
1674634168232548 128645018953600 msgin 70 4718592 0 0 0 0
1674634168232868 128645018953600 enq 70 1 0 0 0 0
1674634172821011 128645018953600 ackslot 70 69 70 0 0 0
1674634172856340 128645018953600 send 18 0 0 69 69 1
1674634173837284 128645018953600 send 211694 0 0 69 69 1
1674634172834611 128644996662976 emit_beg 70 0 0 0 0 0
1674634172839641 128644996662976 dmg 0 1 0 0 1024 768
1674634172839830 128644996662976 enc 69 69 1 -1 -1 0
1674634172883529 128644996662976 emit_end 70 0 0 0 0 0
1674634183447496 128645005055680 wait_end 0 0 0 0 0 0
1674634183453276 128645005055680 drain_beg 0 0 0 0 0 0
1674634183453876 128645005055680 drain_end 1 0 0 0 0 0
1674634183454066 128645005055680 take 71 0 0 0 0 0
1674634183454696 128645005055680 subm_beg 1 0 0 0 0 0
1674634183455306 128645005055680 submit 71 0 0 0 0 0
1674634183455516 128645005055680 subm_end 1 0 0 0 0 0
1674634183455596 128645005055680 pump_beg 1 0 0 0 0 0
1674634183640329 128645005055680 feedend 70 0 0 0 0 0
1674634183692387 128645005055680 feedend 70 1 0 0 0 0
1674634174453912 128645018953600 send 173160 0 0 69 69 1
1674634174460922 128645018953600 send 14 0 0 69 69 1
1674634174461162 128645018953600 egress 70 1 0 0 0 0
1674634175169586 128645018953600 cliack 70 0 71 70 0 0
1674634175169666 128645018953600 ackregion 70 70 70 0 0 0
1674634183414217 128645018953600 msgin 71 4718592 0 0 0 0
1674634183415027 128645018953600 enq 71 1 0 0 0 0
1674634186801985 128645005055680 outfirst 70 1 65536 0 0 0
1674634187072335 128645005055680 outfirst 70 0 65536 0 0 0
1674634187115393 128645005055680 pump_end 1 2 0 0 0 0
1674634187115653 128645005055680 join_beg 1 0 0 0 0 0
1674634187116013 128645005055680 join_end 0 0 0 0 0 0
1674634187116143 128645005055680 book_beg 1 0 0 0 0 0
1674634187116343 128645005055680 batch 71 1 1 2 2 0
1674634187116523 128645005055680 book_end 1 0 0 0 0 0
1674634187116723 128645005055680 coll_beg 0 0 0 0 0 0
1674634187281817 128645005055680 coll_end 0 0 0 0 0 0
1674634187282127 128645005055680 rel_beg 1 0 0 0 0 0
1674634187282527 128645005055680 absorb 71 0 0 0 0 0
1674634187286927 128645005055680 rel_end 1 0 0 0 0 0
1674634187288557 128645005055680 wait_beg 0 0 0 0 0 0
1674634187297697 128645018953600 ackslot 71 70 71 0 0 0
1674634187333245 128645018953600 send 18 0 0 70 70 1
1674634187772569 128645018953600 send 144665 0 0 70 70 1
1674634188153446 128645018953600 send 131879 0 0 70 70 1
1674634188157635 128645018953600 send 14 0 0 70 70 1
1674634188157835 128645018953600 egress 71 1 0 0 0 0
1674634188940937 128645018953600 cliack 71 0 72 71 0 0
1674634188941147 128645018953600 ackregion 71 71 71 0 0 0
1674634187312866 128644996662976 emit_beg 71 0 0 0 0 0
1674634187320196 128644996662976 dmg 0 1 0 0 1024 768
1674634187320396 128644996662976 enc 70 70 1 -1 -1 0
1674634187356724 128644996662976 emit_end 71 0 0 0 0 0
1674634199774324 128645005055680 wait_end 0 0 0 0 0 0
1674634199778674 128645005055680 drain_beg 0 0 0 0 0 0
1674634199779004 128645005055680 drain_end 1 0 0 0 0 0
1674634199779214 128645005055680 take 72 0 0 0 0 0
1674634199779584 128645005055680 subm_beg 1 0 0 0 0 0
1674634199780144 128645005055680 submit 72 0 0 0 0 0
1674634199780314 128645005055680 subm_end 1 0 0 0 0 0
1674634199780394 128645005055680 pump_beg 1 0 0 0 0 0
1674634199974597 128645005055680 feedend 71 0 0 0 0 0
1674634199983447 128645005055680 feedend 71 1 0 0 0 0
1674634202975518 128645005055680 outfirst 71 1 65536 0 0 0
1674634203479130 128645005055680 outfirst 71 0 65536 0 0 0
1674634203514549 128645005055680 pump_end 1 2 0 0 0 0
1674634203514769 128645005055680 join_beg 1 0 0 0 0 0
1674634203515129 128645005055680 join_end 0 0 0 0 0 0
1674634203515259 128645005055680 book_beg 1 0 0 0 0 0
1674634203515499 128645005055680 batch 72 1 1 2 2 0
1674634203515689 128645005055680 book_end 1 0 0 0 0 0
1674634203520089 128645005055680 coll_beg 0 0 0 0 0 0
1674634203688783 128645005055680 coll_end 0 0 0 0 0 0
1674634203688883 128645005055680 rel_beg 1 0 0 0 0 0
1674634203689253 128645005055680 absorb 72 0 0 0 0 0
1674634203693512 128645005055680 rel_end 1 0 0 0 0 0
1674634203694882 128645005055680 wait_beg 0 0 0 0 0 0
1674634199744255 128645018953600 msgin 72 4718592 0 0 0 0
1674634199744685 128645018953600 enq 72 1 0 0 0 0
1674634203706292 128645018953600 ackslot 72 71 72 0 0 0
1674634203719131 128645018953600 send 18 0 0 71 71 1
1674634204199114 128645018953600 send 147853 0 0 71 71 1
1674634203703962 128644996662976 emit_beg 72 0 0 0 0 0
1674634203709292 128644996662976 dmg 0 1 0 0 1024 768
1674634203709482 128644996662976 enc 71 71 1 -1 -1 0
1674634203741191 128644996662976 emit_end 72 0 0 0 0 0
1674634204953687 128645018953600 send 130746 0 0 71 71 1
1674634204962136 128645018953600 send 14 0 0 71 71 1
1674634204962726 128645018953600 egress 72 1 0 0 0 0
1674634205626092 128645018953600 cliack 72 0 73 72 0 0
1674634205626192 128645018953600 ackregion 72 72 72 0 0 0
1674634216095093 128645005055680 wait_end 0 0 0 0 0 0
1674634216099683 128645005055680 drain_beg 0 0 0 0 0 0
1674634216100023 128645005055680 drain_end 1 0 0 0 0 0
1674634216100203 128645005055680 take 73 0 0 0 0 0
1674634216100573 128645005055680 subm_beg 1 0 0 0 0 0
1674634216101043 128645005055680 submit 73 0 0 0 0 0
1674634216101213 128645005055680 subm_end 1 0 0 0 0 0
1674634216101293 128645005055680 pump_beg 1 0 0 0 0 0
1674634216286626 128645005055680 feedend 72 0 0 0 0 0
1674634216332704 128645005055680 feedend 72 1 0 0 0 0
1674634219574187 128645005055680 outfirst 72 1 65536 0 0 0
1674634219891675 128645005055680 outfirst 72 0 65536 0 0 0
1674634219928404 128645005055680 pump_end 1 2 0 0 0 0
1674634219928624 128645005055680 join_beg 1 0 0 0 0 0
1674634219928994 128645005055680 join_end 0 0 0 0 0 0
1674634219929114 128645005055680 book_beg 1 0 0 0 0 0
1674634219929344 128645005055680 batch 73 1 1 2 2 0
1674634219929534 128645005055680 book_end 1 0 0 0 0 0
1674634219929724 128645005055680 coll_beg 0 0 0 0 0 0
1674634220155556 128645005055680 coll_end 0 0 0 0 0 0
1674634220156026 128645005055680 rel_beg 1 0 0 0 0 0
1674634220156456 128645005055680 absorb 73 0 0 0 0 0
1674634220164475 128645005055680 rel_end 1 0 0 0 0 0
1674634220166635 128645005055680 wait_beg 0 0 0 0 0 0
1674634216059964 128645018953600 msgin 73 4718592 0 0 0 0
1674634216060544 128645018953600 enq 73 1 0 0 0 0
1674634220198964 128645018953600 ackslot 73 72 73 0 0 0
1674634220245272 128645018953600 send 18 0 0 72 72 1
1674634221097122 128645018953600 send 158209 0 0 72 72 1
1674634221513266 128645018953600 send 144328 0 0 72 72 1
1674634221518106 128645018953600 send 14 0 0 72 72 1
1674634221518266 128645018953600 egress 73 1 0 0 0 0
1674634222016998 128645018953600 cliack 73 0 74 73 0 0
1674634222017218 128645018953600 ackregion 73 73 73 0 0 0
1674634220189514 128644996662976 emit_beg 73 0 0 0 0 0
1674634220192264 128644996662976 dmg 0 1 0 0 1024 768
1674634220192484 128644996662976 enc 72 72 1 -1 -1 0
1674634220227233 128644996662976 emit_end 73 0 0 0 0 0
1674634231840032 128645005055680 wait_end 0 0 0 0 0 0
1674634231846622 128645005055680 drain_beg 0 0 0 0 0 0
1674634231847392 128645005055680 drain_end 1 0 0 0 0 0
1674634231847752 128645005055680 take 74 0 0 0 0 0
1674634231848392 128645005055680 subm_beg 1 0 0 0 0 0
1674634231849792 128645005055680 submit 74 0 0 0 0 0
1674634231850072 128645005055680 subm_end 1 0 0 0 0 0
1674634231850182 128645005055680 pump_beg 1 0 0 0 0 0
1674634232094613 128645005055680 feedend 73 0 0 0 0 0
1674634232109602 128645005055680 feedend 73 1 0 0 0 0
1674634231810933 128645018953600 msgin 74 4718592 0 0 0 0
1674634231811483 128645018953600 enq 74 1 0 0 0 0
1674634235105734 128645005055680 outfirst 73 1 65536 0 0 0
1674634235666803 128645005055680 outfirst 73 0 65536 0 0 0
1674634235706332 128645005055680 pump_end 1 2 0 0 0 0
1674634235706582 128645005055680 join_beg 1 0 0 0 0 0
1674634235706982 128645005055680 join_end 0 0 0 0 0 0
1674634235707282 128645005055680 book_beg 1 0 0 0 0 0
1674634235707912 128645005055680 batch 74 1 1 2 2 0
1674634235708172 128645005055680 book_end 1 0 0 0 0 0
1674634235708432 128645005055680 coll_beg 0 0 0 0 0 0
1674634235911365 128645005055680 coll_end 0 0 0 0 0 0
1674634235911665 128645005055680 rel_beg 1 0 0 0 0 0
1674634235911915 128645005055680 absorb 74 0 0 0 0 0
1674634235915894 128645005055680 rel_end 1 0 0 0 0 0
1674634235917974 128645005055680 wait_beg 0 0 0 0 0 0
1674634235955983 128645018953600 ackslot 74 73 74 0 0 0
1674634236077699 128645018953600 send 18 0 0 73 73 1
1674634237274065 128645018953600 send 157587 0 0 73 73 1
1674634237802566 128645018953600 send 125427 0 0 73 73 1
1674634237807546 128645018953600 send 14 0 0 73 73 1
1674634237807856 128645018953600 egress 74 1 0 0 0 0
1674634237886113 128645018953600 cliack 74 0 75 74 0 0
1674634237886243 128645018953600 ackregion 74 74 74 0 0 0
1674634235925884 128644996662976 emit_beg 74 0 0 0 0 0
1674634235927534 128644996662976 dmg 0 1 0 0 1024 768
1674634235927794 128644996662976 enc 73 73 1 -1 -1 0
1674634235949113 128644996662976 emit_end 74 0 0 0 0 0
1674634247769215 128645005055680 wait_end 0 0 0 0 0 0
1674634247775295 128645005055680 drain_beg 0 0 0 0 0 0
1674634247776205 128645005055680 drain_end 1 0 0 0 0 0
1674634247776605 128645005055680 take 75 0 0 0 0 0
1674634247777315 128645005055680 subm_beg 1 0 0 0 0 0
1674634247778674 128645005055680 submit 75 0 0 0 0 0
1674634247778884 128645005055680 subm_end 1 0 0 0 0 0
1674634247779014 128645005055680 pump_beg 1 0 0 0 0 0
1674634247974467 128645005055680 feedend 74 0 0 0 0 0
1674634248032125 128645005055680 feedend 74 1 0 0 0 0
1674634250924550 128645005055680 outfirst 74 1 65536 0 0 0
1674634251285067 128645005055680 outfirst 74 0 65536 0 0 0
1674634251307347 128645005055680 pump_end 1 2 0 0 0 0
1674634251307747 128645005055680 join_beg 1 0 0 0 0 0
1674634251308337 128645005055680 join_end 0 0 0 0 0 0
1674634251308487 128645005055680 book_beg 1 0 0 0 0 0
1674634251309087 128645005055680 batch 75 1 1 2 2 0
1674634251309277 128645005055680 book_end 1 0 0 0 0 0
1674634251309457 128645005055680 coll_beg 0 0 0 0 0 0
1674634251460571 128645005055680 coll_end 0 0 0 0 0 0
1674634251460801 128645005055680 rel_beg 1 0 0 0 0 0
1674634251461261 128645005055680 absorb 75 0 0 0 0 0
1674634251466421 128645005055680 rel_end 1 0 0 0 0 0
1674634251468361 128645005055680 wait_beg 0 0 0 0 0 0
1674634247729526 128645018953600 msgin 75 4718592 0 0 0 0
1674634247730466 128645018953600 enq 75 1 0 0 0 0
1674634251502260 128645018953600 ackslot 75 74 75 0 0 0
1674634251535108 128645018953600 send 18 0 0 74 74 1
1674634252232883 128645018953600 send 130506 0 0 74 74 1
1674634252562401 128645018953600 send 110684 0 0 74 74 1
1674634252566841 128645018953600 send 14 0 0 74 74 1
1674634252567191 128645018953600 egress 75 1 0 0 0 0
1674634253008635 128645018953600 cliack 75 0 76 75 0 0
1674634253008955 128645018953600 ackregion 75 75 75 0 0 0
1674634251475341 128644996662976 emit_beg 75 0 0 0 0 0
1674634251476980 128644996662976 dmg 0 1 0 0 1024 768
1674634251477150 128644996662976 enc 74 74 1 -1 -1 0
1674634251493710 128644996662976 emit_end 75 0 0 0 0 0
1674634263712137 128645005055680 wait_end 0 0 0 0 0 0
1674634263717377 128645005055680 drain_beg 0 0 0 0 0 0
1674634263718117 128645005055680 drain_end 1 0 0 0 0 0
1674634263718547 128645005055680 take 76 0 0 0 0 0
1674634263719297 128645005055680 subm_beg 1 0 0 0 0 0
1674634263720167 128645005055680 submit 76 0 0 0 0 0
1674634263720387 128645005055680 subm_end 1 0 0 0 0 0
1674634263720487 128645005055680 pump_beg 1 0 0 0 0 0
1674634263931639 128645005055680 feedend 75 0 0 0 0 0
1674634263988187 128645005055680 feedend 75 1 0 0 0 0
1674634263681398 128645018953600 msgin 76 4718592 0 0 0 0
1674634263682028 128645018953600 enq 76 1 0 0 0 0
1674634267370234 128645005055680 outfirst 75 1 65536 0 0 0
1674634267839357 128645005055680 outfirst 75 0 65536 0 0 0
1674634267882416 128645005055680 pump_end 1 2 0 0 0 0
1674634267882806 128645005055680 join_beg 1 0 0 0 0 0
1674634267883366 128645005055680 join_end 0 0 0 0 0 0
1674634267883486 128645005055680 book_beg 1 0 0 0 0 0
1674634267883776 128645005055680 batch 76 1 1 2 2 0
1674634267884096 128645005055680 book_end 1 0 0 0 0 0
1674634267884316 128645005055680 coll_beg 0 0 0 0 0 0
1674634268084119 128645005055680 coll_end 0 0 0 0 0 0
1674634268084468 128645005055680 rel_beg 1 0 0 0 0 0
1674634268084878 128645005055680 absorb 76 0 0 0 0 0
1674634268089418 128645005055680 rel_end 1 0 0 0 0 0
1674634268091268 128645005055680 wait_beg 0 0 0 0 0 0
1674634268131557 128645018953600 ackslot 76 75 76 0 0 0
1674634268170555 128645018953600 send 18 0 0 75 75 1
1674634269158530 128645018953600 send 187900 0 0 75 75 1
1674634269656602 128645018953600 send 158719 0 0 75 75 1
1674634269661291 128645018953600 send 14 0 0 75 75 1
1674634269661581 128645018953600 egress 76 1 0 0 0 0
1674634270442243 128645018953600 cliack 76 0 77 76 0 0
1674634270442363 128645018953600 ackregion 76 76 76 0 0 0
1674634268114947 128644996662976 emit_beg 76 0 0 0 0 0
1674634268119377 128644996662976 dmg 0 1 0 0 1024 768
1674634268119567 128644996662976 enc 75 75 1 -1 -1 0
1674634268154016 128644996662976 emit_end 76 0 0 0 0 0
1674634279411638 128645005055680 wait_end 0 0 0 0 0 0
1674634279417628 128645005055680 drain_beg 0 0 0 0 0 0
1674634279418598 128645005055680 drain_end 1 0 0 0 0 0
1674634279418818 128645005055680 take 77 0 0 0 0 0
1674634279419458 128645005055680 subm_beg 1 0 0 0 0 0
1674634279420278 128645005055680 submit 77 0 0 0 0 0
1674634279420468 128645005055680 subm_end 1 0 0 0 0 0
1674634279420548 128645005055680 pump_beg 1 0 0 0 0 0
1674634279615681 128645005055680 feedend 76 0 0 0 0 0
1674634279673959 128645005055680 feedend 76 1 0 0 0 0
1674634282722498 128645005055680 outfirst 76 1 65536 0 0 0
1674634282929820 128645005055680 outfirst 76 0 65536 0 0 0
1674634282962989 128645005055680 pump_end 1 2 0 0 0 0
1674634282963209 128645005055680 join_beg 1 0 0 0 0 0
1674634282963559 128645005055680 join_end 0 0 0 0 0 0
1674634282963699 128645005055680 book_beg 1 0 0 0 0 0
1674634282964029 128645005055680 batch 77 1 1 2 2 0
1674634282964219 128645005055680 book_end 1 0 0 0 0 0
1674634282964419 128645005055680 coll_beg 0 0 0 0 0 0
1674634283151462 128645005055680 coll_end 0 0 0 0 0 0
1674634283151972 128645005055680 rel_beg 1 0 0 0 0 0
1674634283152462 128645005055680 absorb 77 0 0 0 0 0
1674634283158262 128645005055680 rel_end 1 0 0 0 0 0
1674634283160782 128645005055680 wait_beg 0 0 0 0 0 0
1674634279378029 128645018953600 msgin 77 4718592 0 0 0 0
1674634279378789 128645018953600 enq 77 1 0 0 0 0
1674634283197761 128645018953600 ackslot 77 76 77 0 0 0
1674634283239919 128645018953600 send 18 0 0 76 76 1
1674634283941084 128645018953600 send 132522 0 0 76 76 1
1674634284426306 128645018953600 send 120754 0 0 76 76 1
1674634284431376 128645018953600 send 14 0 0 76 76 1
1674634284431566 128645018953600 egress 77 1 0 0 0 0
1674634283175482 128644996662976 emit_beg 77 0 0 0 0 0
1674634283178681 128644996662976 dmg 0 1 0 0 1024 768
1674634283178901 128644996662976 enc 76 76 1 -1 -1 0
1674634283210830 128644996662976 emit_end 77 0 0 0 0 0
1674634284854881 128645018953600 cliack 77 0 78 77 0 0
1674634284855241 128645018953600 ackregion 77 77 77 0 0 0
1674634296307626 128645005055680 wait_end 0 0 0 0 0 0
1674634296312096 128645005055680 drain_beg 0 0 0 0 0 0
1674634296312715 128645005055680 drain_end 1 0 0 0 0 0
1674634296312915 128645005055680 take 78 0 0 0 0 0
1674634296313335 128645005055680 subm_beg 1 0 0 0 0 0
1674634296313795 128645005055680 submit 78 0 0 0 0 0
1674634296313985 128645005055680 subm_end 1 0 0 0 0 0
1674634296314065 128645005055680 pump_beg 1 0 0 0 0 0
1674634296505158 128645005055680 feedend 77 0 0 0 0 0
1674634296562486 128645005055680 feedend 77 1 0 0 0 0
1674634299680603 128645005055680 outfirst 77 1 65536 0 0 0
1674634300253783 128645005055680 outfirst 77 0 65536 0 0 0
1674634300284441 128645005055680 pump_end 1 2 0 0 0 0
1674634300284711 128645005055680 join_beg 1 0 0 0 0 0
1674634300285071 128645005055680 join_end 0 0 0 0 0 0
1674634300285201 128645005055680 book_beg 1 0 0 0 0 0
1674634300285411 128645005055680 batch 78 1 1 2 2 0
1674634300285591 128645005055680 book_end 1 0 0 0 0 0
1674634300285791 128645005055680 coll_beg 0 0 0 0 0 0
1674634300476045 128645005055680 coll_end 0 0 0 0 0 0
1674634300476365 128645005055680 rel_beg 1 0 0 0 0 0
1674634300476885 128645005055680 absorb 78 0 0 0 0 0
1674634300480724 128645005055680 rel_end 1 0 0 0 0 0
1674634300482194 128645005055680 wait_beg 0 0 0 0 0 0
1674634296278377 128645018953600 msgin 78 4718592 0 0 0 0
1674634296278747 128645018953600 enq 78 1 0 0 0 0
1674634300520653 128645018953600 ackslot 78 77 78 0 0 0
1674634300578891 128645018953600 send 18 0 0 77 77 1
1674634301458529 128645018953600 send 180381 0 0 77 77 1
1674634301866044 128645018953600 send 140874 0 0 77 77 1
1674634301870434 128645018953600 send 14 0 0 77 77 1
1674634301870744 128645018953600 egress 78 1 0 0 0 0
1674634302277949 128645018953600 cliack 78 0 79 78 0 0
1674634302278079 128645018953600 ackregion 78 78 78 0 0 0
1674634300497844 128644996662976 emit_beg 78 0 0 0 0 0
1674634300499884 128644996662976 dmg 0 1 0 0 1024 768
1674634300500054 128644996662976 enc 77 77 1 -1 -1 0
1674634300527633 128644996662976 emit_end 78 0 0 0 0 0
1674634311619531 128645005055680 wait_end 0 0 0 0 0 0
1674634311623980 128645005055680 drain_beg 0 0 0 0 0 0
1674634311624500 128645005055680 drain_end 1 0 0 0 0 0
1674634311624680 128645005055680 take 79 0 0 0 0 0
1674634311625040 128645005055680 subm_beg 1 0 0 0 0 0
1674634311625480 128645005055680 submit 79 0 0 0 0 0
1674634311625650 128645005055680 subm_end 1 0 0 0 0 0
1674634311625730 128645005055680 pump_beg 1 0 0 0 0 0
1674634311808964 128645005055680 feedend 78 0 0 0 0 0
1674634311857792 128645005055680 feedend 78 1 0 0 0 0
1674634314980579 128645005055680 outfirst 78 1 65536 0 0 0
1674634311589762 128645018953600 msgin 79 4718592 0 0 0 0
1674634311591642 128645018953600 enq 79 1 0 0 0 0
1674634315153853 128645005055680 outfirst 78 0 65536 0 0 0
1674634315178522 128645005055680 pump_end 1 2 0 0 0 0
1674634315178732 128645005055680 join_beg 1 0 0 0 0 0
1674634315179092 128645005055680 join_end 0 0 0 0 0 0
1674634315179392 128645005055680 book_beg 1 0 0 0 0 0
1674634315179612 128645005055680 batch 79 1 1 2 2 0
1674634315179822 128645005055680 book_end 1 0 0 0 0 0
1674634315180022 128645005055680 coll_beg 0 0 0 0 0 0
1674634315349336 128645005055680 coll_end 0 0 0 0 0 0
1674634315349786 128645005055680 rel_beg 1 0 0 0 0 0
1674634315357135 128645005055680 absorb 79 0 0 0 0 0
1674634315361065 128645005055680 rel_end 1 0 0 0 0 0
1674634315362555 128645005055680 wait_beg 0 0 0 0 0 0
1674634315371605 128645018953600 ackslot 79 78 79 0 0 0
1674634315422133 128645018953600 send 18 0 0 78 78 1
1674634315869917 128645018953600 send 146162 0 0 78 78 1
1674634316255993 128645018953600 send 131284 0 0 78 78 1
1674634316260343 128645018953600 send 14 0 0 78 78 1
1674634316260513 128645018953600 egress 79 1 0 0 0 0
1674634316683807 128645018953600 cliack 79 0 80 79 0 0
1674634316683997 128645018953600 ackregion 79 79 79 0 0 0
1674634315386004 128644996662976 emit_beg 79 0 0 0 0 0
1674634315395074 128644996662976 dmg 0 1 0 0 1024 768
1674634315395264 128644996662976 enc 78 78 1 -1 -1 0
1674634315432073 128644996662976 emit_end 79 0 0 0 0 0
1674634327911420 128645005055680 wait_end 0 0 0 0 0 0
1674634327917340 128645005055680 drain_beg 0 0 0 0 0 0
1674634327917970 128645005055680 drain_end 1 0 0 0 0 0
1674634327918360 128645005055680 take 80 0 0 0 0 0
1674634327918860 128645005055680 subm_beg 1 0 0 0 0 0
1674634327919410 128645005055680 submit 80 0 0 0 0 0
1674634327919530 128645005055680 subm_end 1 0 0 0 0 0
1674634327919670 128645005055680 pump_beg 1 0 0 0 0 0
1674634328173591 128645005055680 feedend 79 0 0 0 0 0
1674634328200300 128645005055680 feedend 79 1 0 0 0 0
1674634331255129 128645005055680 outfirst 79 1 65536 0 0 0
1674634331534129 128645005055680 outfirst 79 0 65536 0 0 0
1674634331557748 128645005055680 pump_end 1 2 0 0 0 0
1674634331558058 128645005055680 join_beg 1 0 0 0 0 0
1674634331558268 128645005055680 join_end 0 0 0 0 0 0
1674634331558458 128645005055680 book_beg 1 0 0 0 0 0
1674634331558698 128645005055680 batch 80 1 1 2 2 0
1674634331558888 128645005055680 book_end 1 0 0 0 0 0
1674634331558958 128645005055680 coll_beg 0 0 0 0 0 0
1674634331714312 128645005055680 coll_end 0 0 0 0 0 0
1674634331714422 128645005055680 rel_beg 1 0 0 0 0 0
1674634331714822 128645005055680 absorb 80 0 0 0 0 0
1674634331719522 128645005055680 rel_end 1 0 0 0 0 0
1674634331721062 128645005055680 wait_beg 0 0 0 0 0 0
1674634327888701 128645018953600 msgin 80 4718592 0 0 0 0
1674634327888861 128645018953600 enq 80 1 0 0 0 0
1674634331729722 128645018953600 ackslot 80 79 80 0 0 0
1674634331773380 128645018953600 send 18 0 0 79 79 1
1674634332200705 128645018953600 send 144679 0 0 79 79 1
1674634332567971 128645018953600 send 126830 0 0 79 79 1
1674634332572191 128645018953600 send 14 0 0 79 79 1
1674634332572501 128645018953600 egress 80 1 0 0 0 0
1674634333054944 128645018953600 cliack 80 0 81 80 0 0
1674634333055034 128645018953600 ackregion 80 80 80 0 0 0
1674634331743821 128644996662976 emit_beg 80 0 0 0 0 0
1674634331748371 128644996662976 dmg 0 1 0 0 1024 768
1674634331748661 128644996662976 enc 79 79 1 -1 -1 0
1674634331780090 128644996662976 emit_end 80 0 0 0 0 0
1674634343870362 128645005055680 wait_end 0 0 0 0 0 0
1674634343874492 128645005055680 drain_beg 0 0 0 0 0 0
1674634343874882 128645005055680 drain_end 1 0 0 0 0 0
1674634343875082 128645005055680 take 81 0 0 0 0 0
1674634343875732 128645005055680 subm_beg 1 0 0 0 0 0
1674634343876422 128645005055680 submit 81 0 0 0 0 0
1674634343876892 128645005055680 subm_end 1 0 0 0 0 0
1674634343876962 128645005055680 pump_beg 1 0 0 0 0 0
1674634344064475 128645005055680 feedend 80 0 0 0 0 0
1674634344101893 128645005055680 feedend 80 1 0 0 0 0
1674634343854332 128645018953600 msgin 81 4718592 0 0 0 0
1674634343854812 128645018953600 enq 81 1 0 0 0 0
1674634347451912 128645005055680 outfirst 80 1 65536 0 0 0
1674634347915165 128645005055680 outfirst 80 0 65536 0 0 0
1674634347962054 128645005055680 pump_end 1 2 0 0 0 0
1674634347962304 128645005055680 join_beg 1 0 0 0 0 0
1674634347962654 128645005055680 join_end 0 0 0 0 0 0
1674634347962804 128645005055680 book_beg 1 0 0 0 0 0
1674634347963014 128645005055680 batch 81 1 1 2 2 0
1674634347963184 128645005055680 book_end 1 0 0 0 0 0
1674634347963374 128645005055680 coll_beg 0 0 0 0 0 0
1674634348184286 128645005055680 coll_end 0 0 0 0 0 0
1674634348184605 128645005055680 rel_beg 1 0 0 0 0 0
1674634348184995 128645005055680 absorb 81 0 0 0 0 0
1674634348189105 128645005055680 rel_end 1 0 0 0 0 0
1674634348190835 128645005055680 wait_beg 0 0 0 0 0 0
1674634348201815 128645018953600 ackslot 81 80 81 0 0 0
1674634348243073 128645018953600 send 18 0 0 80 80 1
1674634348808653 128645018953600 send 188611 0 0 80 80 1
1674634349289135 128645018953600 send 164567 0 0 80 80 1
1674634349293645 128645018953600 send 14 0 0 80 80 1
1674634349293915 128645018953600 egress 81 1 0 0 0 0
1674634350177813 128645018953600 cliack 81 0 82 81 0 0
1674634350178033 128645018953600 ackregion 81 81 81 0 0 0
1674634348217394 128644996662976 emit_beg 81 0 0 0 0 0
1674634348225694 128644996662976 dmg 0 1 0 0 1024 768
1674634348226154 128644996662976 enc 80 80 1 -1 -1 0
1674634348262573 128644996662976 emit_end 81 0 0 0 0 0
1674634359620961 128645005055680 wait_end 0 0 0 0 0 0
1674634359627271 128645005055680 drain_beg 0 0 0 0 0 0
1674634359628531 128645005055680 drain_end 1 0 0 0 0 0
1674634359629141 128645005055680 take 82 0 0 0 0 0
1674634359629961 128645005055680 subm_beg 1 0 0 0 0 0
1674634359631691 128645005055680 submit 82 0 0 0 0 0
1674634359631881 128645005055680 subm_end 1 0 0 0 0 0
1674634359632011 128645005055680 pump_beg 1 0 0 0 0 0
1674634359825853 128645005055680 feedend 81 0 0 0 0 0
1674634359869112 128645005055680 feedend 81 1 0 0 0 0
1674634362928431 128645005055680 outfirst 81 1 65536 0 0 0
1674634363502030 128645005055680 outfirst 81 0 65536 0 0 0
1674634363600497 128645005055680 pump_end 1 2 0 0 0 0
1674634363600757 128645005055680 join_beg 1 0 0 0 0 0
1674634363601107 128645005055680 join_end 0 0 0 0 0 0
1674634363601237 128645005055680 book_beg 1 0 0 0 0 0
1674634363601467 128645005055680 batch 82 1 1 2 2 0
1674634363601657 128645005055680 book_end 1 0 0 0 0 0
1674634363601847 128645005055680 coll_beg 0 0 0 0 0 0
1674634363782180 128645005055680 coll_end 0 0 0 0 0 0
1674634363782500 128645005055680 rel_beg 1 0 0 0 0 0
1674634363782880 128645005055680 absorb 82 0 0 0 0 0
1674634363786800 128645005055680 rel_end 1 0 0 0 0 0
1674634363788400 128645005055680 wait_beg 0 0 0 0 0 0
1674634359594502 128645018953600 msgin 82 4718592 0 0 0 0
1674634359594962 128645018953600 enq 82 1 0 0 0 0
1674634363797150 128645018953600 ackslot 82 81 82 0 0 0
1674634363839238 128645018953600 send 18 0 0 81 81 1
1674634364361329 128645018953600 send 169740 0 0 81 81 1
1674634364768014 128645018953600 send 138810 0 0 81 81 1
1674634364773094 128645018953600 send 14 0 0 81 81 1
1674634364773424 128645018953600 egress 82 1 0 0 0 0
1674634363811849 128644996662976 emit_beg 82 0 0 0 0 0
1674634363820039 128644996662976 dmg 0 1 0 0 1024 768
1674634363820289 128644996662976 enc 81 81 1 -1 -1 0
1674634363856897 128644996662976 emit_end 82 0 0 0 0 0
1674634365389972 128645018953600 cliack 82 0 83 82 0 0
1674634365390412 128645018953600 ackregion 82 82 82 0 0 0
1674634375883322 128645005055680 wait_end 0 0 0 0 0 0
1674634375889071 128645005055680 drain_beg 0 0 0 0 0 0
1674634375889591 128645005055680 drain_end 1 0 0 0 0 0
1674634375889881 128645005055680 take 83 0 0 0 0 0
1674634375890431 128645005055680 subm_beg 1 0 0 0 0 0
1674634375891541 128645005055680 submit 83 0 0 0 0 0
1674634375891761 128645005055680 subm_end 1 0 0 0 0 0
1674634375891871 128645005055680 pump_beg 1 0 0 0 0 0
1674634376052745 128645005055680 feedend 82 0 0 0 0 0
1674634376135042 128645005055680 feedend 82 1 0 0 0 0
1674634378898922 128645005055680 outfirst 82 1 65536 0 0 0
1674634379297228 128645005055680 outfirst 82 0 65536 0 0 0
1674634379332987 128645005055680 pump_end 1 2 0 0 0 0
1674634379333107 128645005055680 join_beg 1 0 0 0 0 0
1674634379333446 128645005055680 join_end 0 0 0 0 0 0
1674634379333586 128645005055680 book_beg 1 0 0 0 0 0
1674634379333846 128645005055680 batch 83 1 1 2 2 0
1674634379333916 128645005055680 book_end 1 0 0 0 0 0
1674634379333996 128645005055680 coll_beg 0 0 0 0 0 0
1674634379483801 128645005055680 coll_end 0 0 0 0 0 0
1674634379483921 128645005055680 rel_beg 1 0 0 0 0 0
1674634379484111 128645005055680 absorb 83 0 0 0 0 0
1674634379486751 128645005055680 rel_end 1 0 0 0 0 0
1674634379488461 128645005055680 wait_beg 0 0 0 0 0 0
1674634375851833 128645018953600 msgin 83 4718592 0 0 0 0
1674634375852293 128645018953600 enq 83 1 0 0 0 0
1674634379493081 128645018953600 ackslot 83 82 83 0 0 0
1674634379544229 128645018953600 send 18 0 0 82 82 1
1674634379915305 128645018953600 send 128492 0 0 82 82 1
1674634380237464 128645018953600 send 110325 0 0 82 82 1
1674634380241734 128645018953600 send 14 0 0 82 82 1
1674634380241874 128645018953600 egress 83 1 0 0 0 0
1674634380919439 128645018953600 cliack 83 0 84 83 0 0
1674634380919649 128645018953600 ackregion 83 83 83 0 0 0
1674634379515820 128644996662976 emit_beg 83 0 0 0 0 0
1674634379524560 128644996662976 dmg 0 1 0 0 1024 768
1674634379524790 128644996662976 enc 82 82 1 -1 -1 0
1674634379552559 128644996662976 emit_end 83 0 0 0 0 0
1674634391500066 128645005055680 wait_end 0 0 0 0 0 0
1674634391503915 128645005055680 drain_beg 0 0 0 0 0 0
1674634391504275 128645005055680 drain_end 1 0 0 0 0 0
1674634391504475 128645005055680 take 84 0 0 0 0 0
1674634391504855 128645005055680 subm_beg 1 0 0 0 0 0
1674634391505215 128645005055680 submit 84 0 0 0 0 0
1674634391505405 128645005055680 subm_end 1 0 0 0 0 0
1674634391505525 128645005055680 pump_beg 1 0 0 0 0 0
1674634391648870 128645005055680 feedend 83 0 0 0 0 0
1674634391742247 128645005055680 feedend 83 1 0 0 0 0
1674634394963890 128645005055680 outfirst 83 1 65536 0 0 0
1674634395448802 128645005055680 outfirst 83 0 65536 0 0 0
1674634395485181 128645005055680 pump_end 1 2 0 0 0 0
1674634395485391 128645005055680 join_beg 1 0 0 0 0 0
1674634395485661 128645005055680 join_end 0 0 0 0 0 0
1674634395485791 128645005055680 book_beg 1 0 0 0 0 0
1674634395486021 128645005055680 batch 84 1 1 2 2 0
1674634395486221 128645005055680 book_end 1 0 0 0 0 0
1674634395486411 128645005055680 coll_beg 0 0 0 0 0 0
1674634391473786 128645018953600 msgin 84 4718592 0 0 0 0
1674634391474096 128645018953600 enq 84 1 0 0 0 0
1674634395689624 128645005055680 coll_end 0 0 0 0 0 0
1674634395689954 128645005055680 rel_beg 1 0 0 0 0 0
1674634395690154 128645005055680 absorb 84 0 0 0 0 0
1674634395692654 128645005055680 rel_end 1 0 0 0 0 0
1674634395694254 128645005055680 wait_beg 0 0 0 0 0 0
1674634396837092 128645005055680 wait_end 0 0 0 0 0 0
1674634396839152 128645005055680 drain_beg 0 0 0 0 0 0
1674634396839382 128645005055680 drain_end 1 0 0 0 0 0
1674634396839552 128645005055680 take 85 0 0 0 0 0
1674634396839782 128645005055680 subm_beg 1 0 0 0 0 0
1674634396839962 128645005055680 submit 85 0 0 0 0 0
1674634396840102 128645005055680 subm_end 1 0 0 0 0 0
1674634396840162 128645005055680 pump_beg 1 0 0 0 0 0
1674634396964978 128645005055680 feedend 84 0 0 0 0 0
1674634397022815 128645005055680 feedend 84 1 0 0 0 0
1674634399706388 128645005055680 outfirst 84 1 65536 0 0 0
1674634400217969 128645005055680 outfirst 84 0 65536 0 0 0
1674634400243889 128645005055680 pump_end 1 2 0 0 0 0
1674634400244119 128645005055680 join_beg 1 0 0 0 0 0
1674634400244379 128645005055680 join_end 0 0 0 0 0 0
1674634400244529 128645005055680 book_beg 1 0 0 0 0 0
1674634400244769 128645005055680 batch 85 1 1 2 2 0
1674634400244959 128645005055680 book_end 1 0 0 0 0 0
1674634400245149 128645005055680 coll_beg 0 0 0 0 0 0
1674634400394523 128645005055680 coll_end 0 0 0 0 0 0
1674634400394743 128645005055680 rel_beg 1 0 0 0 0 0
1674634400394933 128645005055680 absorb 85 0 0 0 0 0
1674634400397683 128645005055680 rel_end 1 0 0 0 0 0
1674634400399243 128645005055680 wait_beg 0 0 0 0 0 0
1674634395699403 128645018953600 ackslot 84 83 84 0 0 0
1674634395745592 128645018953600 send 18 0 0 83 83 1
1674634396302832 128645018953600 send 182362 0 0 83 83 1
1674634396749835 128645018953600 send 153222 0 0 83 83 1
1674634396754215 128645018953600 send 14 0 0 83 83 1
1674634396754545 128645018953600 egress 84 1 0 0 0 0
1674634396819963 128645018953600 msgin 85 4718592 0 0 0 0
1674634396820083 128645018953600 enq 85 1 0 0 0 0
1674634397448770 128645018953600 cliack 84 0 85 84 0 0
1674634397448940 128645018953600 ackregion 84 84 84 0 0 0
1674634400404633 128645018953600 ackslot 85 84 85 0 0 0
1674634400433062 128645018953600 send 18 0 0 84 84 1
1674634400837787 128645018953600 send 139129 0 0 84 84 1
1674634401159315 128645018953600 send 108911 0 0 84 84 1
1674634401163655 128645018953600 send 14 0 0 84 84 1
1674634401163745 128645018953600 egress 85 1 0 0 0 0
1674634401846321 128645018953600 cliack 85 0 86 85 0 0
1674634401846411 128645018953600 ackregion 85 85 85 0 0 0
1674634395718603 128644996662976 emit_beg 84 0 0 0 0 0
1674634395728342 128644996662976 dmg 0 1 0 0 1024 768
1674634395728692 128644996662976 enc 83 83 1 -1 -1 0
1674634395767701 128644996662976 emit_end 84 0 0 0 0 0
1674634400415632 128644996662976 emit_beg 85 0 0 0 0 0
1674634400418572 128644996662976 dmg 0 1 0 0 1024 768
1674634400418742 128644996662976 enc 84 84 1 -1 -1 0
1674634400437312 128644996662976 emit_end 85 0 0 0 0 0
1674634411705303 128645005055680 wait_end 0 0 0 0 0 0
1674634411709673 128645005055680 drain_beg 0 0 0 0 0 0
1674634411710033 128645005055680 drain_end 1 0 0 0 0 0
1674634411710223 128645005055680 take 86 0 0 0 0 0
1674634411710623 128645005055680 subm_beg 1 0 0 0 0 0
1674634411710883 128645005055680 submit 86 0 0 0 0 0
1674634411711063 128645005055680 subm_end 1 0 0 0 0 0
1674634411711133 128645005055680 pump_beg 1 0 0 0 0 0
1674634411853108 128645005055680 feedend 85 0 0 0 0 0
1674634411901166 128645005055680 feedend 85 1 0 0 0 0
1674634415193847 128645005055680 outfirst 85 1 65536 0 0 0
1674634415394869 128645005055680 outfirst 85 0 65536 0 0 0
1674634415435708 128645005055680 pump_end 1 2 0 0 0 0
1674634415435908 128645005055680 join_beg 1 0 0 0 0 0
1674634415436088 128645005055680 join_end 0 0 0 0 0 0
1674634415436238 128645005055680 book_beg 1 0 0 0 0 0
1674634415436628 128645005055680 batch 86 1 1 2 2 0
1674634415436808 128645005055680 book_end 1 0 0 0 0 0
1674634415436988 128645005055680 coll_beg 0 0 0 0 0 0
1674634415621991 128645005055680 coll_end 0 0 0 0 0 0
1674634415622211 128645005055680 rel_beg 1 0 0 0 0 0
1674634415622391 128645005055680 absorb 86 0 0 0 0 0
1674634415625021 128645005055680 rel_end 1 0 0 0 0 0
1674634415626401 128645005055680 wait_beg 0 0 0 0 0 0
1674634411679474 128645018953600 msgin 86 4718592 0 0 0 0
1674634411679804 128645018953600 enq 86 1 0 0 0 0
1674634415637761 128645018953600 ackslot 86 85 86 0 0 0
1674634415689389 128645018953600 send 18 0 0 85 85 1
1674634415651240 128644996662976 emit_beg 86 0 0 0 0 0
1674634415658980 128644996662976 dmg 0 1 0 0 1024 768
1674634415659220 128644996662976 enc 85 85 1 -1 -1 0
1674634415691819 128644996662976 emit_end 86 0 0 0 0 0
1674634416333086 128645018953600 send 160752 0 0 85 85 1
1674634416734871 128645018953600 send 140295 0 0 85 85 1
1674634416739391 128645018953600 send 14 0 0 85 85 1
1674634416739681 128645018953600 egress 86 1 0 0 0 0
1674634417691566 128645018953600 cliack 86 0 87 86 0 0
1674634417691666 128645018953600 ackregion 86 86 86 0 0 0
1674634428173246 128645005055680 wait_end 0 0 0 0 0 0
1674634428176986 128645005055680 drain_beg 0 0 0 0 0 0
1674634428177386 128645005055680 drain_end 1 0 0 0 0 0
1674634428177586 128645005055680 take 87 0 0 0 0 0
1674634428178066 128645005055680 subm_beg 1 0 0 0 0 0
1674634428178286 128645005055680 submit 87 0 0 0 0 0
1674634428178456 128645005055680 subm_end 1 0 0 0 0 0
1674634428178526 128645005055680 pump_beg 1 0 0 0 0 0
1674634428323331 128645005055680 feedend 86 0 0 0 0 0
1674634428369039 128645005055680 feedend 86 1 0 0 0 0
1674634431375990 128645005055680 outfirst 86 1 65536 0 0 0
1674634431906491 128645005055680 outfirst 86 0 65536 0 0 0
1674634431946770 128645005055680 pump_end 1 2 0 0 0 0
1674634431946980 128645005055680 join_beg 1 0 0 0 0 0
1674634431947190 128645005055680 join_end 0 0 0 0 0 0
1674634431947320 128645005055680 book_beg 1 0 0 0 0 0
1674634431947570 128645005055680 batch 87 1 1 2 2 0
1674634431947760 128645005055680 book_end 1 0 0 0 0 0
1674634431947950 128645005055680 coll_beg 0 0 0 0 0 0
1674634432140093 128645005055680 coll_end 0 0 0 0 0 0
1674634432140323 128645005055680 rel_beg 1 0 0 0 0 0
1674634432140593 128645005055680 absorb 87 0 0 0 0 0
1674634432143452 128645005055680 rel_end 1 0 0 0 0 0
1674634432144882 128645005055680 wait_beg 0 0 0 0 0 0
1674634428147767 128645018953600 msgin 87 4718592 0 0 0 0
1674634428148237 128645018953600 enq 87 1 0 0 0 0
1674634432152842 128645018953600 ackslot 87 86 87 0 0 0
1674634432199270 128645018953600 send 18 0 0 86 86 1
1674634432676623 128645018953600 send 160955 0 0 86 86 1
1674634433075789 128645018953600 send 136200 0 0 86 86 1
1674634433083288 128645018953600 send 14 0 0 86 86 1
1674634433083388 128645018953600 egress 87 1 0 0 0 0
1674634433967876 128645018953600 cliack 87 0 88 87 0 0
1674634433967956 128645018953600 ackregion 87 87 87 0 0 0
1674634432168112 128644996662976 emit_beg 87 0 0 0 0 0
1674634432175071 128644996662976 dmg 0 1 0 0 1024 768
1674634432175311 128644996662976 enc 86 86 1 -1 -1 0
1674634432211080 128644996662976 emit_end 87 0 0 0 0 0
1674634444358730 128645005055680 wait_end 0 0 0 0 0 0
1674634444361030 128645005055680 drain_beg 0 0 0 0 0 0
1674634444361380 128645005055680 drain_end 1 0 0 0 0 0
1674634444361540 128645005055680 take 88 0 0 0 0 0
1674634444361840 128645005055680 subm_beg 1 0 0 0 0 0
1674634444362100 128645005055680 submit 88 0 0 0 0 0
1674634444362240 128645005055680 subm_end 1 0 0 0 0 0
1674634444362270 128645005055680 pump_beg 1 0 0 0 0 0
1674634444478305 128645005055680 feedend 87 0 0 0 0 0
1674634444482365 128645005055680 feedend 87 1 0 0 0 0
1674634444353430 128645018953600 msgin 88 4718592 0 0 0 0
1674634444353720 128645018953600 enq 88 1 0 0 0 0
1674634447509436 128645005055680 outfirst 87 1 65536 0 0 0
1674634448170142 128645005055680 outfirst 87 0 65536 0 0 0
1674634448193721 128645005055680 pump_end 1 2 0 0 0 0
1674634448193991 128645005055680 join_beg 1 0 0 0 0 0
1674634448194181 128645005055680 join_end 0 0 0 0 0 0
1674634448194351 128645005055680 book_beg 1 0 0 0 0 0
1674634448194551 128645005055680 batch 88 1 1 2 2 0
1674634448194721 128645005055680 book_end 1 0 0 0 0 0
1674634448194861 128645005055680 coll_beg 0 0 0 0 0 0
1674634448296177 128645005055680 coll_end 0 0 0 0 0 0
1674634448296427 128645005055680 rel_beg 1 0 0 0 0 0
1674634448296587 128645005055680 absorb 88 0 0 0 0 0
1674634448298597 128645005055680 rel_end 1 0 0 0 0 0
1674634448299557 128645005055680 wait_beg 0 0 0 0 0 0
1674634448307577 128645018953600 ackslot 88 87 88 0 0 0
1674634448343985 128645018953600 send 18 0 0 87 87 1
1674634448866366 128645018953600 send 180683 0 0 87 87 1
1674634449273462 128645018953600 send 139217 0 0 87 87 1
1674634449277721 128645018953600 send 14 0 0 87 87 1
1674634449277981 128645018953600 egress 88 1 0 0 0 0
1674634450108371 128645018953600 cliack 88 0 89 88 0 0
1674634450108481 128645018953600 ackregion 88 88 88 0 0 0
1674634448323056 128644996662976 emit_beg 88 0 0 0 0 0
1674634448327596 128644996662976 dmg 0 1 0 0 1024 768
1674634448327866 128644996662976 enc 87 87 1 -1 -1 0
1674634448360695 128644996662976 emit_end 88 0 0 0 0 0
1674634459707863 128645005055680 wait_end 0 0 0 0 0 0
1674634459709693 128645005055680 drain_beg 0 0 0 0 0 0
1674634459709903 128645005055680 drain_end 1 0 0 0 0 0
1674634459710023 128645005055680 take 89 0 0 0 0 0
1674634459710183 128645005055680 subm_beg 1 0 0 0 0 0
1674634459710353 128645005055680 submit 89 0 0 0 0 0
1674634459710513 128645005055680 subm_end 1 0 0 0 0 0
1674634459710543 128645005055680 pump_beg 1 0 0 0 0 0
1674634459821459 128645005055680 feedend 88 0 0 0 0 0
1674634459834919 128645005055680 feedend 88 1 0 0 0 0
1674634462896348 128645005055680 outfirst 88 1 65536 0 0 0
1674634463390250 128645005055680 outfirst 88 0 65536 0 0 0
1674634463429999 128645005055680 pump_end 1 2 0 0 0 0
1674634463430279 128645005055680 join_beg 1 0 0 0 0 0
1674634463430659 128645005055680 join_end 0 0 0 0 0 0
1674634463430929 128645005055680 book_beg 1 0 0 0 0 0
1674634463431489 128645005055680 batch 89 1 1 2 2 0
1674634463431679 128645005055680 book_end 1 0 0 0 0 0
1674634463431869 128645005055680 coll_beg 0 0 0 0 0 0
1674634463622542 128645005055680 coll_end 0 0 0 0 0 0
1674634463622862 128645005055680 rel_beg 1 0 0 0 0 0
1674634463623182 128645005055680 absorb 89 0 0 0 0 0
1674634463627951 128645005055680 rel_end 1 0 0 0 0 0
1674634463629921 128645005055680 wait_beg 0 0 0 0 0 0
1674634464620255 128645005055680 wait_end 0 0 0 0 0 0
1674634464622895 128645005055680 drain_beg 0 0 0 0 0 0
1674634464623375 128645005055680 drain_end 1 0 0 0 0 0
1674634464623575 128645005055680 take 90 0 0 0 0 0
1674634464623855 128645005055680 subm_beg 1 0 0 0 0 0
1674634464624665 128645005055680 submit 90 0 0 0 0 0
1674634464624755 128645005055680 subm_end 1 0 0 0 0 0
1674634464624825 128645005055680 pump_beg 1 0 0 0 0 0
1674634464755840 128645005055680 feedend 89 0 0 0 0 0
1674634464773470 128645005055680 feedend 89 1 0 0 0 0
1674634459700024 128645018953600 msgin 89 4718592 0 0 0 0
1674634459700424 128645018953600 enq 89 1 0 0 0 0
1674634463634671 128645018953600 ackslot 89 88 89 0 0 0
1674634463683709 128645018953600 send 18 0 0 88 88 1
1674634464162922 128645018953600 send 159357 0 0 88 88 1
1674634464557348 128645018953600 send 136496 0 0 88 88 1
1674634464561708 128645018953600 send 14 0 0 88 88 1
1674634464561948 128645018953600 egress 89 1 0 0 0 0
1674634464612266 128645018953600 msgin 90 4718592 0 0 0 0
1674634464612506 128645018953600 enq 90 1 0 0 0 0
1674634465700806 128645018953600 cliack 89 0 90 89 0 0
1674634465700936 128645018953600 ackregion 89 89 89 0 0 0
1674634463653790 128644996662976 emit_beg 89 0 0 0 0 0
1674634463661320 128644996662976 dmg 0 1 0 0 1024 768
1674634463661750 128644996662976 enc 88 88 1 -1 -1 0
1674634463705379 128644996662976 emit_end 89 0 0 0 0 0
1674634467623217 128645005055680 outfirst 89 1 65536 0 0 0
1674634468117279 128645005055680 outfirst 89 0 65536 0 0 0
1674634468147248 128645005055680 pump_end 1 2 0 0 0 0
1674634468150048 128645005055680 join_beg 1 0 0 0 0 0
1674634468150158 128645005055680 join_end 0 0 0 0 0 0
1674634468150288 128645005055680 book_beg 1 0 0 0 0 0
1674634468150537 128645005055680 batch 90 1 1 2 2 0
1674634468150597 128645005055680 book_end 1 0 0 0 0 0
1674634468150627 128645005055680 coll_beg 0 0 0 0 0 0
1674634468239474 128645005055680 coll_end 0 0 0 0 0 0
1674634468239554 128645005055680 rel_beg 1 0 0 0 0 0
1674634468239694 128645005055680 absorb 90 0 0 0 0 0
1674634468241874 128645005055680 rel_end 1 0 0 0 0 0
1674634468242984 128645005055680 wait_beg 0 0 0 0 0 0
1674634468248414 128645018953600 ackslot 90 89 90 0 0 0
1674634468286103 128645018953600 send 18 0 0 89 89 1
1674634468735086 128645018953600 send 152648 0 0 89 89 1
1674634469118572 128645018953600 send 131019 0 0 89 89 1
1674634469123082 128645018953600 send 14 0 0 89 89 1
1674634469123392 128645018953600 egress 90 1 0 0 0 0
1674634469917423 128645018953600 cliack 90 0 91 90 0 0
1674634469917513 128645018953600 ackregion 90 90 90 0 0 0
1674634468267143 128644996662976 emit_beg 90 0 0 0 0 0
1674634468271993 128644996662976 dmg 0 1 0 0 1024 768
1674634468272223 128644996662976 enc 89 89 1 -1 -1 0
1674634468302452 128644996662976 emit_end 90 0 0 0 0 0
1674634479713548 128645005055680 wait_end 0 0 0 0 0 0
1674634479716738 128645005055680 drain_beg 0 0 0 0 0 0
1674634479717288 128645005055680 drain_end 1 0 0 0 0 0
1674634479717578 128645005055680 take 91 0 0 0 0 0
1674634479718178 128645005055680 subm_beg 1 0 0 0 0 0
1674634479719608 128645005055680 submit 91 0 0 0 0 0
1674634479719748 128645005055680 subm_end 1 0 0 0 0 0
1674634479719788 128645005055680 pump_beg 1 0 0 0 0 0
1674634479907171 128645005055680 feedend 90 0 0 0 0 0
1674634479918871 128645005055680 feedend 90 1 0 0 0 0
1674634482653622 128645005055680 outfirst 90 1 65536 0 0 0
1674634483474092 128645005055680 outfirst 90 0 65536 0 0 0
1674634483497871 128645005055680 pump_end 1 2 0 0 0 0
1674634483498631 128645005055680 join_beg 1 0 0 0 0 0
1674634483499581 128645005055680 join_end 0 0 0 0 0 0
1674634483499651 128645005055680 book_beg 1 0 0 0 0 0
1674634483500471 128645005055680 batch 91 1 1 2 2 0
1674634483500631 128645005055680 book_end 1 0 0 0 0 0
1674634483500811 128645005055680 coll_beg 0 0 0 0 0 0
1674634483594158 128645005055680 coll_end 0 0 0 0 0 0
1674634483594338 128645005055680 rel_beg 1 0 0 0 0 0
1674634483595638 128645005055680 absorb 91 0 0 0 0 0
1674634483602607 128645005055680 rel_end 1 0 0 0 0 0
1674634483604047 128645005055680 wait_beg 0 0 0 0 0 0
1674634479698299 128645018953600 msgin 91 4718592 0 0 0 0
1674634479700359 128645018953600 enq 91 1 0 0 0 0
1674634483626737 128645018953600 ackslot 91 90 91 0 0 0
1674634483774881 128645018953600 send 18 0 0 90 90 1
1674634484455856 128645018953600 send 153678 0 0 90 90 1
1674634484893831 128645018953600 send 101173 0 0 90 90 1
1674634484900490 128645018953600 send 14 0 0 90 90 1
1674634484900940 128645018953600 egress 91 1 0 0 0 0
1674634485196660 128645018953600 cliack 91 0 92 91 0 0
1674634485196790 128645018953600 ackregion 91 91 91 0 0 0
1674634483638326 128644996662976 emit_beg 91 0 0 0 0 0
1674634483651966 128644996662976 dmg 0 1 0 0 1024 768
1674634483652336 128644996662976 enc 90 90 1 -1 -1 0
1674634483685204 128644996662976 emit_end 91 0 0 0 0 0
1674634496174592 128645005055680 wait_end 0 0 0 0 0 0
1674634496180312 128645005055680 drain_beg 0 0 0 0 0 0
1674634496181182 128645005055680 drain_end 1 0 0 0 0 0
1674634496181472 128645005055680 take 92 0 0 0 0 0
1674634496182071 128645005055680 subm_beg 1 0 0 0 0 0
1674634496183811 128645005055680 submit 92 0 0 0 0 0
1674634496183991 128645005055680 subm_end 1 0 0 0 0 0
1674634496184111 128645005055680 pump_beg 1 0 0 0 0 0
1674634496144073 128645018953600 msgin 92 4718592 0 0 0 0
1674634496144513 128645018953600 enq 92 1 0 0 0 0
1674634496347555 128645005055680 feedend 91 0 0 0 0 0
1674634496419263 128645005055680 feedend 91 1 0 0 0 0
1674634499233381 128645005055680 outfirst 91 1 65536 0 0 0
1674634499719753 128645005055680 outfirst 91 0 65536 0 0 0
1674634499737703 128645005055680 pump_end 1 2 0 0 0 0
1674634499737953 128645005055680 join_beg 1 0 0 0 0 0
1674634499738503 128645005055680 join_end 0 0 0 0 0 0
1674634499738733 128645005055680 book_beg 1 0 0 0 0 0
1674634499738923 128645005055680 batch 92 1 1 2 2 0
1674634499739053 128645005055680 book_end 1 0 0 0 0 0
1674634499739193 128645005055680 coll_beg 0 0 0 0 0 0
1674634499829499 128645005055680 coll_end 0 0 0 0 0 0
1674634499829739 128645005055680 rel_beg 1 0 0 0 0 0
1674634499829899 128645005055680 absorb 92 0 0 0 0 0
1674634499831949 128645005055680 rel_end 1 0 0 0 0 0
1674634499833239 128645005055680 wait_beg 0 0 0 0 0 0
1674634499865248 128645018953600 ackslot 92 91 92 0 0 0
1674634499963284 128645018953600 send 18 0 0 91 91 1
1674634500823403 128645018953600 send 140371 0 0 91 91 1
1674634501272637 128645018953600 send 116255 0 0 91 91 1
1674634501277047 128645018953600 send 14 0 0 91 91 1
1674634501277347 128645018953600 egress 92 1 0 0 0 0
1674634501692902 128645018953600 cliack 92 0 93 92 0 0
1674634501693042 128645018953600 ackregion 92 92 92 0 0 0
1674634499859148 128644996662976 emit_beg 92 0 0 0 0 0
1674634499862708 128644996662976 dmg 0 1 0 0 1024 768
1674634499863058 128644996662976 enc 91 91 1 -1 -1 0
1674634499891407 128644996662976 emit_end 92 0 0 0 0 0
1674634511725338 128645005055680 wait_end 0 0 0 0 0 0
1674634511727698 128645005055680 drain_beg 0 0 0 0 0 0
1674634511728038 128645005055680 drain_end 1 0 0 0 0 0
1674634511728258 128645005055680 take 93 0 0 0 0 0
1674634511728818 128645005055680 subm_beg 1 0 0 0 0 0
1674634511729738 128645005055680 submit 93 0 0 0 0 0
1674634511729878 128645005055680 subm_end 1 0 0 0 0 0
1674634511729938 128645005055680 pump_beg 1 0 0 0 0 0
1674634511852614 128645005055680 feedend 92 0 0 0 0 0
1674634511897242 128645005055680 feedend 92 1 0 0 0 0
1674634515169933 128645005055680 outfirst 92 1 65536 0 0 0
1674634515684585 128645005055680 outfirst 92 0 65536 0 0 0
1674634515724143 128645005055680 pump_end 1 2 0 0 0 0
1674634515724473 128645005055680 join_beg 1 0 0 0 0 0
1674634515724833 128645005055680 join_end 0 0 0 0 0 0
1674634515725153 128645005055680 book_beg 1 0 0 0 0 0
1674634515725473 128645005055680 batch 93 1 1 2 2 0
1674634515725643 128645005055680 book_end 1 0 0 0 0 0
1674634515725813 128645005055680 coll_beg 0 0 0 0 0 0
1674634515969274 128645005055680 coll_end 0 0 0 0 0 0
1674634515969564 128645005055680 rel_beg 1 0 0 0 0 0
1674634515969834 128645005055680 absorb 93 0 0 0 0 0
1674634515973764 128645005055680 rel_end 1 0 0 0 0 0
1674634515976664 128645005055680 wait_beg 0 0 0 0 0 0
1674634511718048 128645018953600 msgin 93 4718592 0 0 0 0
1674634511718698 128645018953600 enq 93 1 0 0 0 0
1674634515988714 128645018953600 ackslot 93 92 93 0 0 0
1674634516064731 128645018953600 send 18 0 0 92 92 1
1674634515983904 128644996662976 emit_beg 93 0 0 0 0 0
1674634515988084 128644996662976 dmg 0 1 0 0 1024 768
1674634515988264 128644996662976 enc 92 92 1 -1 -1 0
1674634516018893 128644996662976 emit_end 93 0 0 0 0 0
1674634517337085 128645018953600 send 192028 0 0 92 92 1
1674634518042189 128645018953600 send 166052 0 0 92 92 1
1674634518047019 128645018953600 send 14 0 0 92 92 1
1674634518047199 128645018953600 egress 93 1 0 0 0 0
1674634518145325 128645018953600 cliack 93 0 94 93 0 0
1674634518145615 128645018953600 ackregion 93 93 93 0 0 0
1674634528338006 128645005055680 wait_end 0 0 0 0 0 0
1674634528342036 128645005055680 drain_beg 0 0 0 0 0 0
1674634528350976 128645005055680 drain_end 1 0 0 0 0 0
1674634528351176 128645005055680 take 94 0 0 0 0 0
1674634528351446 128645005055680 subm_beg 1 0 0 0 0 0
1674634528352126 128645005055680 submit 94 0 0 0 0 0
1674634528352206 128645005055680 subm_end 1 0 0 0 0 0
1674634528352276 128645005055680 pump_beg 1 0 0 0 0 0
1674634528492840 128645005055680 feedend 93 0 0 0 0 0
1674634528613926 128645005055680 feedend 93 1 0 0 0 0
1674634531477382 128645005055680 outfirst 93 1 65536 0 0 0
1674634532114149 128645005055680 outfirst 93 0 65536 0 0 0
1674634532135248 128645005055680 pump_end 1 2 0 0 0 0
1674634532135548 128645005055680 join_beg 1 0 0 0 0 0
1674634532135818 128645005055680 join_end 0 0 0 0 0 0
1674634532135968 128645005055680 book_beg 1 0 0 0 0 0
1674634532136178 128645005055680 batch 94 1 1 2 2 0
1674634532136248 128645005055680 book_end 1 0 0 0 0 0
1674634532136298 128645005055680 coll_beg 0 0 0 0 0 0
1674634532240095 128645005055680 coll_end 0 0 0 0 0 0
1674634532240165 128645005055680 rel_beg 1 0 0 0 0 0
1674634532240365 128645005055680 absorb 94 0 0 0 0 0
1674634532242975 128645005055680 rel_end 1 0 0 0 0 0
1674634532244165 128645005055680 wait_beg 0 0 0 0 0 0
1674634528312577 128645018953600 msgin 94 4718592 0 0 0 0
1674634528312977 128645018953600 enq 94 1 0 0 0 0
1674634532276943 128645018953600 ackslot 94 93 94 0 0 0
1674634532350881 128645018953600 send 18 0 0 93 93 1
1674634533584826 128645018953600 send 158596 0 0 93 93 1
1674634534150235 128645018953600 send 126154 0 0 93 93 1
1674634534156845 128645018953600 send 14 0 0 93 93 1
1674634534157135 128645018953600 egress 94 1 0 0 0 0
1674634534261701 128645018953600 cliack 94 0 95 94 0 0
1674634534261811 128645018953600 ackregion 94 94 94 0 0 0
1674634532252374 128644996662976 emit_beg 94 0 0 0 0 0
1674634532254904 128644996662976 dmg 0 1 0 0 1024 768
1674634532255214 128644996662976 enc 93 93 1 -1 -1 0
1674634532285463 128644996662976 emit_end 94 0 0 0 0 0
1674634544039237 128645005055680 wait_end 0 0 0 0 0 0
1674634544042347 128645005055680 drain_beg 0 0 0 0 0 0
1674634544042637 128645005055680 drain_end 1 0 0 0 0 0
1674634544042857 128645005055680 take 95 0 0 0 0 0
1674634544043127 128645005055680 subm_beg 1 0 0 0 0 0
1674634544043517 128645005055680 submit 95 0 0 0 0 0
1674634544043707 128645005055680 subm_end 1 0 0 0 0 0
1674634544043777 128645005055680 pump_beg 1 0 0 0 0 0
1674634544163162 128645005055680 feedend 94 0 0 0 0 0
1674634544312697 128645005055680 feedend 94 1 0 0 0 0
1674634544032197 128645018953600 msgin 95 4718592 0 0 0 0
1674634544032527 128645018953600 enq 95 1 0 0 0 0
1674634547019439 128645005055680 outfirst 94 1 65536 0 0 0
1674634547411415 128645005055680 outfirst 94 0 65536 0 0 0
1674634547458673 128645005055680 pump_end 1 2 0 0 0 0
1674634547459023 128645005055680 join_beg 1 0 0 0 0 0
1674634547459353 128645005055680 join_end 0 0 0 0 0 0
1674634547459663 128645005055680 book_beg 1 0 0 0 0 0
1674634547460033 128645005055680 batch 95 1 1 2 2 0
1674634547460223 128645005055680 book_end 1 0 0 0 0 0
1674634547460433 128645005055680 coll_beg 0 0 0 0 0 0
1674634547618047 128645005055680 coll_end 0 0 0 0 0 0
1674634547618327 128645005055680 rel_beg 1 0 0 0 0 0
1674634547618697 128645005055680 absorb 95 0 0 0 0 0
1674634547622167 128645005055680 rel_end 1 0 0 0 0 0
1674634547624837 128645005055680 wait_beg 0 0 0 0 0 0
1674634547630397 128645018953600 ackslot 95 94 95 0 0 0
1674634547650136 128645018953600 send 18 0 0 94 94 1
1674634548181677 128645018953600 send 136778 0 0 94 94 1
1674634548687659 128645018953600 send 115794 0 0 94 94 1
1674634548694358 128645018953600 send 14 0 0 94 94 1
1674634548694678 128645018953600 egress 95 1 0 0 0 0
1674634549058835 128645018953600 cliack 95 0 96 95 0 0
1674634549059175 128645018953600 ackregion 95 95 95 0 0 0
1674634547630927 128644996662976 emit_beg 95 0 0 0 0 0
1674634547635957 128644996662976 dmg 0 1 0 0 1024 768
1674634547636147 128644996662976 enc 94 94 1 -1 -1 0
1674634547655116 128644996662976 emit_end 95 0 0 0 0 0
1674634559800376 128645005055680 wait_end 0 0 0 0 0 0
1674634559804496 128645005055680 drain_beg 0 0 0 0 0 0
1674634559805106 128645005055680 drain_end 1 0 0 0 0 0
1674634559805416 128645005055680 take 96 0 0 0 0 0
1674634559805896 128645005055680 subm_beg 1 0 0 0 0 0
1674634559806656 128645005055680 submit 96 0 0 0 0 0
1674634559806846 128645005055680 subm_end 1 0 0 0 0 0
1674634559806956 128645005055680 pump_beg 1 0 0 0 0 0
1674634559958360 128645005055680 feedend 95 0 0 0 0 0
1674634560048347 128645005055680 feedend 95 1 0 0 0 0
1674634562954171 128645005055680 outfirst 95 1 65536 0 0 0
1674634563300299 128645005055680 outfirst 95 0 65536 0 0 0
1674634563326118 128645005055680 pump_end 1 2 0 0 0 0
1674634563326308 128645005055680 join_beg 1 0 0 0 0 0
1674634563326528 128645005055680 join_end 0 0 0 0 0 0
1674634563326708 128645005055680 book_beg 1 0 0 0 0 0
1674634563326908 128645005055680 batch 96 1 1 2 2 0
1674634563327078 128645005055680 book_end 1 0 0 0 0 0
1674634563327248 128645005055680 coll_beg 0 0 0 0 0 0
1674634563515431 128645005055680 coll_end 0 0 0 0 0 0
1674634563515621 128645005055680 rel_beg 1 0 0 0 0 0
1674634563515871 128645005055680 absorb 96 0 0 0 0 0
1674634563518741 128645005055680 rel_end 1 0 0 0 0 0
1674634563520231 128645005055680 wait_beg 0 0 0 0 0 0
1674634559775227 128645018953600 msgin 96 4718592 0 0 0 0
1674634559775637 128645018953600 enq 96 1 0 0 0 0
1674634563526871 128645018953600 ackslot 96 95 96 0 0 0
1674634563572199 128645018953600 send 18 0 0 95 95 1
1674634564095620 128645018953600 send 141613 0 0 95 95 1
1674634564552464 128645018953600 send 123649 0 0 95 95 1
1674634564556653 128645018953600 send 14 0 0 95 95 1
1674634564556833 128645018953600 egress 96 1 0 0 0 0
1674634565510059 128645018953600 cliack 96 0 97 96 0 0
1674634565510169 128645018953600 ackregion 96 96 96 0 0 0
1674634563546590 128644996662976 emit_beg 96 0 0 0 0 0
1674634563551150 128644996662976 dmg 0 1 0 0 1024 768
1674634563551370 128644996662976 enc 95 95 1 -1 -1 0
1674634563578369 128644996662976 emit_end 96 0 0 0 0 0
1674634576362865 128645005055680 wait_end 0 0 0 0 0 0
1674634576366725 128645005055680 drain_beg 0 0 0 0 0 0
1674634576367075 128645005055680 drain_end 1 0 0 0 0 0
1674634576367275 128645005055680 take 97 0 0 0 0 0
1674634576367545 128645005055680 subm_beg 1 0 0 0 0 0
1674634576367825 128645005055680 submit 97 0 0 0 0 0
1674634576367985 128645005055680 subm_end 1 0 0 0 0 0
1674634576368055 128645005055680 pump_beg 1 0 0 0 0 0
1674634576510800 128645005055680 feedend 96 0 0 0 0 0
1674634576603387 128645005055680 feedend 96 1 0 0 0 0
1674634576337136 128645018953600 msgin 97 4718592 0 0 0 0
1674634576337536 128645018953600 enq 97 1 0 0 0 0
1674634579429134 128645005055680 outfirst 96 1 65536 0 0 0
1674634580002104 128645005055680 outfirst 96 0 65536 0 0 0
1674634580060371 128645005055680 pump_end 1 2 0 0 0 0
1674634580060631 128645005055680 join_beg 1 0 0 0 0 0
1674634580060921 128645005055680 join_end 0 0 0 0 0 0
1674634580061071 128645005055680 book_beg 1 0 0 0 0 0
1674634580087710 128645005055680 batch 97 1 1 2 2 0
1674634580087780 128645005055680 book_end 1 0 0 0 0 0
1674634580087930 128645005055680 coll_beg 0 0 0 0 0 0
1674634580264634 128645005055680 coll_end 0 0 0 0 0 0
1674634580264724 128645005055680 rel_beg 1 0 0 0 0 0
1674634580264964 128645005055680 absorb 97 0 0 0 0 0
1674634580267694 128645005055680 rel_end 1 0 0 0 0 0
1674634580269384 128645005055680 wait_beg 0 0 0 0 0 0
1674634580275724 128645018953600 ackslot 97 96 97 0 0 0
1674634580327712 128645018953600 send 18 0 0 96 96 1
1674634581031976 128645018953600 send 161854 0 0 96 96 1
1674634581631505 128645018953600 send 129630 0 0 96 96 1
1674634581636594 128645018953600 send 14 0 0 96 96 1
1674634581636844 128645018953600 egress 97 1 0 0 0 0
1674634581732221 128645018953600 cliack 97 0 98 97 0 0
1674634581732341 128645018953600 ackregion 97 97 97 0 0 0
1674634580293493 128644996662976 emit_beg 97 0 0 0 0 0
1674634580299233 128644996662976 dmg 0 1 0 0 1024 768
1674634580299423 128644996662976 enc 96 96 1 -1 -1 0
1674634580329382 128644996662976 emit_end 97 0 0 0 0 0
1674634591688920 128645005055680 wait_end 0 0 0 0 0 0
1674634591696770 128645005055680 drain_beg 0 0 0 0 0 0
1674634591697810 128645005055680 drain_end 1 0 0 0 0 0
1674634591698190 128645005055680 take 98 0 0 0 0 0
1674634591699090 128645005055680 subm_beg 1 0 0 0 0 0
1674634591700730 128645005055680 submit 98 0 0 0 0 0
1674634591700870 128645005055680 subm_end 1 0 0 0 0 0
1674634591700990 128645005055680 pump_beg 1 0 0 0 0 0
1674634591911902 128645005055680 feedend 97 0 0 0 0 0
1674634592022218 128645005055680 feedend 97 1 0 0 0 0
1674634595162774 128645005055680 outfirst 97 1 65536 0 0 0
1674634595419955 128645005055680 outfirst 97 0 65536 0 0 0
1674634595465123 128645005055680 pump_end 1 2 0 0 0 0
1674634595465373 128645005055680 join_beg 1 0 0 0 0 0
1674634595465743 128645005055680 join_end 0 0 0 0 0 0
1674634595465913 128645005055680 book_beg 1 0 0 0 0 0
1674634595466183 128645005055680 batch 98 1 1 2 2 0
1674634595466363 128645005055680 book_end 1 0 0 0 0 0
1674634595466563 128645005055680 coll_beg 0 0 0 0 0 0
1674634595659736 128645005055680 coll_end 0 0 0 0 0 0
1674634595660036 128645005055680 rel_beg 1 0 0 0 0 0
1674634595660416 128645005055680 absorb 98 0 0 0 0 0
1674634595664796 128645005055680 rel_end 1 0 0 0 0 0
1674634595666306 128645005055680 wait_beg 0 0 0 0 0 0
1674634591649681 128645018953600 msgin 98 4718592 0 0 0 0
1674634591652391 128645018953600 enq 98 1 0 0 0 0
1674634595675645 128645018953600 ackslot 98 97 98 0 0 0
1674634595712104 128645018953600 send 18 0 0 97 97 1
1674634596460457 128645018953600 send 170641 0 0 97 97 1
1674634595688775 128644996662976 emit_beg 98 0 0 0 0 0
1674634595693285 128644996662976 dmg 0 1 0 0 1024 768
1674634595693475 128644996662976 enc 97 97 1 -1 -1 0
1674634595725264 128644996662976 emit_end 98 0 0 0 0 0
1674634597244719 128645018953600 send 150874 0 0 97 97 1
1674634597250558 128645018953600 send 14 0 0 97 97 1
1674634597250848 128645018953600 egress 98 1 0 0 0 0
1674634597664603 128645018953600 cliack 98 0 99 98 0 0
1674634597664693 128645018953600 ackregion 98 98 98 0 0 0
1674634608088276 128645005055680 wait_end 0 0 0 0 0 0
1674634608090176 128645005055680 drain_beg 0 0 0 0 0 0
1674634608090546 128645005055680 drain_end 1 0 0 0 0 0
1674634608090815 128645005055680 take 99 0 0 0 0 0
1674634608091245 128645005055680 subm_beg 1 0 0 0 0 0
1674634608091805 128645005055680 submit 99 0 0 0 0 0
1674634608091945 128645005055680 subm_end 1 0 0 0 0 0
1674634608091965 128645005055680 pump_beg 1 0 0 0 0 0
1674634608252000 128645005055680 feedend 98 0 0 0 0 0
1674634608300688 128645005055680 feedend 98 1 0 0 0 0
1674634610988420 128645005055680 outfirst 98 1 65536 0 0 0
1674634611423765 128645005055680 outfirst 98 0 65536 0 0 0
1674634611435734 128645005055680 pump_end 1 2 0 0 0 0
1674634611435904 128645005055680 join_beg 1 0 0 0 0 0
1674634611436204 128645005055680 join_end 0 0 0 0 0 0
1674634611436464 128645005055680 book_beg 1 0 0 0 0 0
1674634611436624 128645005055680 batch 99 1 1 2 2 0
1674634611436764 128645005055680 book_end 1 0 0 0 0 0
1674634611436924 128645005055680 coll_beg 0 0 0 0 0 0
1674634611500272 128645005055680 coll_end 0 0 0 0 0 0
1674634611500432 128645005055680 rel_beg 1 0 0 0 0 0
1674634611500732 128645005055680 absorb 99 0 0 0 0 0
1674634611503842 128645005055680 rel_end 1 0 0 0 0 0
1674634611506752 128645005055680 wait_beg 0 0 0 0 0 0
1674634608078826 128645018953600 msgin 99 4718592 0 0 0 0
1674634608079186 128645018953600 enq 99 1 0 0 0 0
1674634611541340 128645018953600 ackslot 99 98 99 0 0 0
1674634611620838 128645018953600 send 18 0 0 98 98 1
1674634612211636 128645018953600 send 118594 0 0 98 98 1
1674634612583623 128645018953600 send 93600 0 0 98 98 1
1674634612589832 128645018953600 send 14 0 0 98 98 1
1674634612590162 128645018953600 egress 99 1 0 0 0 0
1674634613357335 128645018953600 cliack 99 0 100 99 0 0
1674634613357465 128645018953600 ackregion 99 99 99 0 0 0
1674634611530791 128644996662976 emit_beg 99 0 0 0 0 0
1674634611537451 128644996662976 dmg 0 1 0 0 1024 768
1674634611537681 128644996662976 enc 98 98 1 -1 -1 0
1674634611565550 128644996662976 emit_end 99 0 0 0 0 0
1674634623459969 128645005055680 wait_end 0 0 0 0 0 0
1674634623465778 128645005055680 drain_beg 0 0 0 0 0 0
1674634623466158 128645005055680 drain_end 1 0 0 0 0 0
1674634623466358 128645005055680 take 100 0 0 0 0 0
1674634623466748 128645005055680 subm_beg 1 0 0 0 0 0
1674634623467508 128645005055680 submit 100 0 0 0 0 0
1674634623467758 128645005055680 subm_end 1 0 0 0 0 0
1674634623467838 128645005055680 pump_beg 1 0 0 0 0 0
1674634623658441 128645005055680 feedend 99 0 0 0 0 0
1674634623752458 128645005055680 feedend 99 1 0 0 0 0
1674634626940602 128645005055680 outfirst 99 1 65536 0 0 0
1674634623426630 128645018953600 msgin 100 4718592 0 0 0 0
1674634623427440 128645018953600 enq 100 1 0 0 0 0
1674634627187643 128645005055680 outfirst 99 0 65536 0 0 0
1674634627215042 128645005055680 pump_end 1 2 0 0 0 0
1674634627215292 128645005055680 join_beg 1 0 0 0 0 0
1674634627215662 128645005055680 join_end 0 0 0 0 0 0
1674634627215772 128645005055680 book_beg 1 0 0 0 0 0
1674634627216032 128645005055680 batch 100 1 1 2 2 0
1674634627216232 128645005055680 book_end 1 0 0 0 0 0
1674634627216432 128645005055680 coll_beg 0 0 0 0 0 0
1674634627316539 128645005055680 coll_end 0 0 0 0 0 0
1674634627316799 128645005055680 rel_beg 1 0 0 0 0 0
1674634627317119 128645005055680 absorb 100 0 0 0 0 0
1674634627319859 128645005055680 rel_end 1 0 0 0 0 0
1674634627320499 128645005055680 wait_beg 0 0 0 0 0 0
1674634627354987 128645018953600 ackslot 100 99 100 0 0 0
1674634627395626 128645018953600 send 18 0 0 99 99 1
1674634628183617 128645018953600 send 160765 0 0 99 99 1
1674634628574513 128645018953600 send 134974 0 0 99 99 1
1674634628578843 128645018953600 send 14 0 0 99 99 1
1674634628579143 128645018953600 egress 100 1 0 0 0 0
1674634629090004 128645018953600 cliack 100 0 101 100 0 0
1674634629090144 128645018953600 ackregion 100 100 100 0 0 0
1674634627342178 128644996662976 emit_beg 100 0 0 0 0 0
1674634627345368 128644996662976 dmg 0 1 0 0 1024 768
1674634627345648 128644996662976 enc 99 99 1 -1 -1 0
1674634627377347 128644996662976 emit_end 100 0 0 0 0 0
1674634639795746 128645005055680 wait_end 0 0 0 0 0 0
1674634639801836 128645005055680 drain_beg 0 0 0 0 0 0
1674634639802176 128645005055680 drain_end 1 0 0 0 0 0
1674634639802376 128645005055680 take 101 0 0 0 0 0
1674634639802666 128645005055680 subm_beg 1 0 0 0 0 0
1674634639808886 128645005055680 submit 101 0 0 0 0 0
1674634639809046 128645005055680 subm_end 1 0 0 0 0 0
1674634639809126 128645005055680 pump_beg 1 0 0 0 0 0
1674634640012949 128645005055680 feedend 100 0 0 0 0 0
1674634640105165 128645005055680 feedend 100 1 0 0 0 0
1674634643167004 128645005055680 outfirst 100 1 65536 0 0 0
1674634643638017 128645005055680 outfirst 100 0 65536 0 0 0
1674634643719654 128645005055680 pump_end 1 2 0 0 0 0
1674634643719884 128645005055680 join_beg 1 0 0 0 0 0
1674634643720264 128645005055680 join_end 0 0 0 0 0 0
1674634643720394 128645005055680 book_beg 1 0 0 0 0 0
1674634643720664 128645005055680 batch 101 1 1 2 2 0
1674634643720734 128645005055680 book_end 1 0 0 0 0 0
1674634643720804 128645005055680 coll_beg 0 0 0 0 0 0
1674634643886078 128645005055680 coll_end 0 0 0 0 0 0
1674634643886168 128645005055680 rel_beg 1 0 0 0 0 0
1674634643886558 128645005055680 absorb 101 0 0 0 0 0
1674634643891008 128645005055680 rel_end 1 0 0 0 0 0
1674634643892398 128645005055680 wait_beg 0 0 0 0 0 0
1674634639764888 128645018953600 msgin 101 4718592 0 0 0 0
1674634639765258 128645018953600 enq 101 1 0 0 0 0
1674634643930417 128645018953600 ackslot 101 100 101 0 0 0
1674634643970265 128645018953600 send 18 0 0 100 100 1
1674634645215570 128645018953600 send 165990 0 0 100 100 1
1674634646242973 128645018953600 send 145084 0 0 100 100 1
1674634646247723 128645018953600 send 14 0 0 100 100 1
1674634646248013 128645018953600 egress 101 1 0 0 0 0
1674634646315520 128645018953600 cliack 101 0 102 101 0 0
1674634646315750 128645018953600 ackregion 101 101 101 0 0 0
1674634643914067 128644996662976 emit_beg 101 0 0 0 0 0
1674634643918707 128644996662976 dmg 0 1 0 0 1024 768
1674634643918927 128644996662976 enc 100 100 1 -1 -1 0
1674634643951566 128644996662976 emit_end 101 0 0 0 0 0
1674634656266810 128645005055680 wait_end 0 0 0 0 0 0
1674634656269169 128645005055680 drain_beg 0 0 0 0 0 0
1674634656269519 128645005055680 drain_end 1 0 0 0 0 0
1674634656269759 128645005055680 take 102 0 0 0 0 0
1674634656270279 128645005055680 subm_beg 1 0 0 0 0 0
1674634656271329 128645005055680 submit 102 0 0 0 0 0
1674634656271589 128645005055680 subm_end 1 0 0 0 0 0
1674634656271629 128645005055680 pump_beg 1 0 0 0 0 0
1674634656422224 128645005055680 feedend 101 0 0 0 0 0
1674634656458813 128645005055680 feedend 101 1 0 0 0 0
1674634656254490 128645018953600 msgin 102 4718592 0 0 0 0
1674634656255150 128645018953600 enq 102 1 0 0 0 0
1674634659704725 128645005055680 outfirst 101 1 65536 0 0 0
1674634660189897 128645005055680 outfirst 101 0 65536 0 0 0
1674634660230846 128645005055680 pump_end 1 2 0 0 0 0
1674634660231166 128645005055680 join_beg 1 0 0 0 0 0
1674634660231596 128645005055680 join_end 0 0 0 0 0 0
1674634660231756 128645005055680 book_beg 1 0 0 0 0 0
1674634660232176 128645005055680 batch 102 1 1 2 2 0
1674634660232366 128645005055680 book_end 1 0 0 0 0 0
1674634660232566 128645005055680 coll_beg 0 0 0 0 0 0
1674634660414869 128645005055680 coll_end 0 0 0 0 0 0
1674634660415289 128645005055680 rel_beg 1 0 0 0 0 0
1674634660415689 128645005055680 absorb 102 0 0 0 0 0
1674634660420719 128645005055680 rel_end 1 0 0 0 0 0
1674634660422299 128645005055680 wait_beg 0 0 0 0 0 0
1674634660453148 128645018953600 ackslot 102 101 102 0 0 0
1674634660512696 128645018953600 send 18 0 0 101 101 1
1674634661608546 128645018953600 send 181140 0 0 101 101 1
1674634662291021 128645018953600 send 160654 0 0 101 101 1
1674634662295801 128645018953600 send 14 0 0 101 101 1
1674634662296161 128645018953600 egress 102 1 0 0 0 0
1674634662379878 128645018953600 cliack 102 0 103 102 0 0
1674634662379978 128645018953600 ackregion 102 102 102 0 0 0
1674634660429069 128644996662976 emit_beg 102 0 0 0 0 0
1674634660433078 128644996662976 dmg 0 1 0 0 1024 768
1674634660433268 128644996662976 enc 101 101 1 -1 -1 0
1674634660470057 128644996662976 emit_end 102 0 0 0 0 0
1674634671723259 128645005055680 wait_end 0 0 0 0 0 0
1674634671727749 128645005055680 drain_beg 0 0 0 0 0 0
1674634671728489 128645005055680 drain_end 1 0 0 0 0 0
1674634671728749 128645005055680 take 103 0 0 0 0 0
1674634671729449 128645005055680 subm_beg 1 0 0 0 0 0
1674634671730189 128645005055680 submit 103 0 0 0 0 0
1674634671730289 128645005055680 subm_end 1 0 0 0 0 0
1674634671730369 128645005055680 pump_beg 1 0 0 0 0 0
1674634671919862 128645005055680 feedend 102 0 0 0 0 0
1674634672044438 128645005055680 feedend 102 1 0 0 0 0
1674634675102887 128645005055680 outfirst 102 1 65536 0 0 0
1674634675593149 128645005055680 outfirst 102 0 65536 0 0 0
1674634675632648 128645005055680 pump_end 1 2 0 0 0 0
1674634675632928 128645005055680 join_beg 1 0 0 0 0 0
1674634675633298 128645005055680 join_end 0 0 0 0 0 0
1674634675633428 128645005055680 book_beg 1 0 0 0 0 0
1674634675633728 128645005055680 batch 103 1 1 2 2 0
1674634675633918 128645005055680 book_end 1 0 0 0 0 0
1674634675634098 128645005055680 coll_beg 0 0 0 0 0 0
1674634675817781 128645005055680 coll_end 0 0 0 0 0 0
1674634675818091 128645005055680 rel_beg 1 0 0 0 0 0
1674634675818481 128645005055680 absorb 103 0 0 0 0 0
1674634675822591 128645005055680 rel_end 1 0 0 0 0 0
1674634675824041 128645005055680 wait_beg 0 0 0 0 0 0
1674634671707360 128645018953600 msgin 103 4718592 0 0 0 0
1674634671707810 128645018953600 enq 103 1 0 0 0 0
1674634675857949 128645018953600 ackslot 103 102 103 0 0 0
1674634675886808 128645018953600 send 18 0 0 102 102 1
1674634676837504 128645018953600 send 169371 0 0 102 102 1
1674634677355205 128645018953600 send 142977 0 0 102 102 1
1674634677359515 128645018953600 send 14 0 0 102 102 1
1674634677359705 128645018953600 egress 103 1 0 0 0 0
1674634675845250 128644996662976 emit_beg 103 0 0 0 0 0
1674634675848490 128644996662976 dmg 0 1 0 0 1024 768
1674634675848670 128644996662976 enc 102 102 1 -1 -1 0
1674634675877919 128644996662976 emit_end 103 0 0 0 0 0
1674634687525737 128645005055680 wait_end 0 0 0 0 0 0
1674634687527996 128645005055680 drain_beg 0 0 0 0 0 0
1674634687528326 128645005055680 drain_end 1 0 0 0 0 0
1674634687528586 128645005055680 take 104 0 0 0 0 0
1674634687529166 128645005055680 subm_beg 1 0 0 0 0 0
1674634687530206 128645005055680 submit 104 0 0 0 0 0
1674634687530546 128645005055680 subm_end 1 0 0 0 0 0
1674634687530586 128645005055680 pump_beg 1 0 0 0 0 0
1674634678031931 128645018953600 cliack 103 0 104 103 0 0
1674634678032281 128645018953600 ackregion 103 103 103 0 0 0
1674634687515817 128645018953600 msgin 104 4718592 0 0 0 0
1674634687516177 128645018953600 enq 104 1 0 0 0 0
1674634687693890 128645005055680 feedend 103 0 0 0 0 0
1674634687737539 128645005055680 feedend 103 1 0 0 0 0
1674634690649293 128645005055680 outfirst 103 1 65536 0 0 0
1674634691164275 128645005055680 outfirst 103 0 65536 0 0 0
1674634691210743 128645005055680 pump_end 1 2 0 0 0 0
1674634691211053 128645005055680 join_beg 1 0 0 0 0 0
1674634691211413 128645005055680 join_end 0 0 0 0 0 0
1674634691211573 128645005055680 book_beg 1 0 0 0 0 0
1674634691211813 128645005055680 batch 104 1 1 2 2 0
1674634691212033 128645005055680 book_end 1 0 0 0 0 0
1674634691218343 128645005055680 coll_beg 0 0 0 0 0 0
1674634691382417 128645005055680 coll_end 0 0 0 0 0 0
1674634691382527 128645005055680 rel_beg 1 0 0 0 0 0
1674634691382987 128645005055680 absorb 104 0 0 0 0 0
1674634691388326 128645005055680 rel_end 1 0 0 0 0 0
1674634691389856 128645005055680 wait_beg 0 0 0 0 0 0
1674634691416195 128645018953600 ackslot 104 103 104 0 0 0
1674634691464884 128645018953600 send 18 0 0 103 103 1
1674634692265115 128645018953600 send 146674 0 0 103 103 1
1674634692607722 128645018953600 send 118686 0 0 103 103 1
1674634692612192 128645018953600 send 14 0 0 103 103 1
1674634692615282 128645018953600 egress 104 1 0 0 0 0
1674634693033237 128645018953600 cliack 104 0 105 104 0 0
1674634693033537 128645018953600 ackregion 104 104 104 0 0 0
1674634691403836 128644996662976 emit_beg 104 0 0 0 0 0
1674634691405856 128644996662976 dmg 0 1 0 0 1024 768
1674634691406036 128644996662976 enc 103 103 1 -1 -1 0
1674634691423955 128644996662976 emit_end 104 0 0 0 0 0
1674634703879554 128645005055680 wait_end 0 0 0 0 0 0
1674634703881854 128645005055680 drain_beg 0 0 0 0 0 0
1674634703882104 128645005055680 drain_end 1 0 0 0 0 0
1674634703882264 128645005055680 take 105 0 0 0 0 0
1674634703882794 128645005055680 subm_beg 1 0 0 0 0 0
1674634703883554 128645005055680 submit 105 0 0 0 0 0
1674634703883694 128645005055680 subm_end 1 0 0 0 0 0
1674634703883724 128645005055680 pump_beg 1 0 0 0 0 0
1674634704053338 128645005055680 feedend 104 0 0 0 0 0
1674634704088926 128645005055680 feedend 104 1 0 0 0 0
1674634707641687 128645005055680 outfirst 104 1 65536 0 0 0
1674634703867584 128645018953600 msgin 105 4718592 0 0 0 0
1674634703868714 128645018953600 enq 105 1 0 0 0 0
1674634708041323 128645005055680 outfirst 104 0 65536 0 0 0
1674634708088441 128645005055680 pump_end 1 2 0 0 0 0
1674634708088751 128645005055680 join_beg 1 0 0 0 0 0
1674634708089131 128645005055680 join_end 0 0 0 0 0 0
1674634708089251 128645005055680 book_beg 1 0 0 0 0 0
1674634708089541 128645005055680 batch 105 1 1 2 2 0
1674634708089751 128645005055680 book_end 1 0 0 0 0 0
1674634708089971 128645005055680 coll_beg 0 0 0 0 0 0
1674634708302593 128645005055680 coll_end 0 0 0 0 0 0
1674634708302813 128645005055680 rel_beg 1 0 0 0 0 0
1674634708303333 128645005055680 absorb 105 0 0 0 0 0
1674634708307503 128645005055680 rel_end 1 0 0 0 0 0
1674634708309013 128645005055680 wait_beg 0 0 0 0 0 0
1674634708344842 128645018953600 ackslot 105 104 105 0 0 0
1674634708386340 128645018953600 send 18 0 0 104 104 1
1674634709418153 128645018953600 send 203599 0 0 104 104 1
1674634709964023 128645018953600 send 183989 0 0 104 104 1
1674634709968403 128645018953600 send 14 0 0 104 104 1
1674634709968623 128645018953600 egress 105 1 0 0 0 0
1674634711074403 128645018953600 cliack 105 0 106 105 0 0
1674634711074933 128645018953600 ackregion 105 105 105 0 0 0
1674634708315813 128644996662976 emit_beg 105 0 0 0 0 0
1674634708320403 128644996662976 dmg 0 1 0 0 1024 768
1674634708320613 128644996662976 enc 104 104 1 -1 -1 0
1674634708362971 128644996662976 emit_end 105 0 0 0 0 0
1674634719947711 128645005055680 wait_end 0 0 0 0 0 0
1674634719954111 128645005055680 drain_beg 0 0 0 0 0 0
1674634719955101 128645005055680 drain_end 1 0 0 0 0 0
1674634719955481 128645005055680 take 106 0 0 0 0 0
1674634719956351 128645005055680 subm_beg 1 0 0 0 0 0
1674634719957721 128645005055680 submit 106 0 0 0 0 0
1674634719957931 128645005055680 subm_end 1 0 0 0 0 0
1674634719958061 128645005055680 pump_beg 1 0 0 0 0 0
1674634720179093 128645005055680 feedend 105 0 0 0 0 0
1674634720283229 128645005055680 feedend 105 1 0 0 0 0
1674634723323459 128645005055680 outfirst 105 1 65536 0 0 0
1674634723836481 128645005055680 outfirst 105 0 65536 0 0 0
1674634723876899 128645005055680 pump_end 1 2 0 0 0 0
1674634723877199 128645005055680 join_beg 1 0 0 0 0 0
1674634723877559 128645005055680 join_end 0 0 0 0 0 0
1674634723877709 128645005055680 book_beg 1 0 0 0 0 0
1674634723878039 128645005055680 batch 106 1 1 2 2 0
1674634723878249 128645005055680 book_end 1 0 0 0 0 0
1674634723878429 128645005055680 coll_beg 0 0 0 0 0 0
1674634724067152 128645005055680 coll_end 0 0 0 0 0 0
1674634724067352 128645005055680 rel_beg 1 0 0 0 0 0
1674634724067852 128645005055680 absorb 106 0 0 0 0 0
1674634724072082 128645005055680 rel_end 1 0 0 0 0 0
1674634724074152 128645005055680 wait_beg 0 0 0 0 0 0
1674634719913103 128645018953600 msgin 106 4718592 0 0 0 0
1674634719913833 128645018953600 enq 106 1 0 0 0 0
1674634724085412 128645018953600 ackslot 106 105 106 0 0 0
1674634724132830 128645018953600 send 18 0 0 105 105 1
1674634724617302 128645018953600 send 163937 0 0 105 105 1
1674634725034527 128645018953600 send 139748 0 0 105 105 1
1674634725038837 128645018953600 send 14 0 0 105 105 1
1674634725039047 128645018953600 egress 106 1 0 0 0 0
1674634725950704 128645018953600 cliack 106 0 107 106 0 0
1674634725950804 128645018953600 ackregion 106 106 106 0 0 0
1674634724097111 128644996662976 emit_beg 106 0 0 0 0 0
1674634724102321 128644996662976 dmg 0 1 0 0 1024 768
1674634724102531 128644996662976 enc 105 105 1 -1 -1 0
1674634724131850 128644996662976 emit_end 106 0 0 0 0 0
1674634735804877 128645005055680 wait_end 0 0 0 0 0 0
1674634735809027 128645005055680 drain_beg 0 0 0 0 0 0
1674634735809447 128645005055680 drain_end 1 0 0 0 0 0
1674634735809657 128645005055680 take 107 0 0 0 0 0
1674634735810057 128645005055680 subm_beg 1 0 0 0 0 0
1674634735810667 128645005055680 submit 107 0 0 0 0 0
1674634735810857 128645005055680 subm_end 1 0 0 0 0 0
1674634735810937 128645005055680 pump_beg 1 0 0 0 0 0
1674634736010069 128645005055680 feedend 106 0 0 0 0 0
1674634736205922 128645005055680 feedend 106 1 0 0 0 0
1674634735786137 128645018953600 msgin 107 4718592 0 0 0 0
1674634735786667 128645018953600 enq 107 1 0 0 0 0
1674634739135906 128645005055680 outfirst 106 1 65536 0 0 0
1674634739543171 128645005055680 outfirst 106 0 65536 0 0 0
1674634739580060 128645005055680 pump_end 1 2 0 0 0 0
1674634739580280 128645005055680 join_beg 1 0 0 0 0 0
1674634739580690 128645005055680 join_end 0 0 0 0 0 0
1674634739580900 128645005055680 book_beg 1 0 0 0 0 0
1674634739581190 128645005055680 batch 107 1 1 2 2 0
1674634739581370 128645005055680 book_end 1 0 0 0 0 0
1674634739581570 128645005055680 coll_beg 0 0 0 0 0 0
1674634739753844 128645005055680 coll_end 0 0 0 0 0 0
1674634739754164 128645005055680 rel_beg 1 0 0 0 0 0
1674634739754614 128645005055680 absorb 107 0 0 0 0 0
1674634739759423 128645005055680 rel_end 1 0 0 0 0 0
1674634739760953 128645005055680 wait_beg 0 0 0 0 0 0
1674634739769993 128645018953600 ackslot 107 106 107 0 0 0
1674634739801062 128645018953600 send 18 0 0 106 106 1
1674634740253325 128645018953600 send 152651 0 0 106 106 1
1674634740604863 128645018953600 send 120002 0 0 106 106 1
1674634740609853 128645018953600 send 14 0 0 106 106 1
1674634740610143 128645018953600 egress 107 1 0 0 0 0
1674634741199711 128645018953600 cliack 107 0 108 107 0 0
1674634741199971 128645018953600 ackregion 107 107 107 0 0 0
1674634739782873 128644996662976 emit_beg 107 0 0 0 0 0
1674634739788092 128644996662976 dmg 0 1 0 0 1024 768
1674634739788272 128644996662976 enc 106 106 1 -1 -1 0
1674634739816461 128644996662976 emit_end 107 0 0 0 0 0
1674634752233151 128645005055680 wait_end 0 0 0 0 0 0
1674634752235531 128645005055680 drain_beg 0 0 0 0 0 0
1674634752235891 128645005055680 drain_end 1 0 0 0 0 0
1674634752236141 128645005055680 take 108 0 0 0 0 0
1674634752236621 128645005055680 subm_beg 1 0 0 0 0 0
1674634752237331 128645005055680 submit 108 0 0 0 0 0
1674634752237581 128645005055680 subm_end 1 0 0 0 0 0
1674634752237621 128645005055680 pump_beg 1 0 0 0 0 0
1674634752408835 128645005055680 feedend 107 0 0 0 0 0
1674634752450813 128645005055680 feedend 107 1 0 0 0 0
1674634755488793 128645005055680 outfirst 107 1 65536 0 0 0
1674634756117351 128645005055680 outfirst 107 0 65536 0 0 0
1674634756169059 128645005055680 pump_end 1 2 0 0 0 0
1674634756169309 128645005055680 join_beg 1 0 0 0 0 0
1674634756169689 128645005055680 join_end 0 0 0 0 0 0
1674634756169839 128645005055680 book_beg 1 0 0 0 0 0
1674634756170219 128645005055680 batch 108 1 1 2 2 0
1674634756170289 128645005055680 book_end 1 0 0 0 0 0
1674634756170349 128645005055680 coll_beg 0 0 0 0 0 0
1674634756304394 128645005055680 coll_end 0 0 0 0 0 0
1674634756304444 128645005055680 rel_beg 1 0 0 0 0 0
1674634756304854 128645005055680 absorb 108 0 0 0 0 0
1674634756308084 128645005055680 rel_end 1 0 0 0 0 0
1674634756309074 128645005055680 wait_beg 0 0 0 0 0 0
1674634752222352 128645018953600 msgin 108 4718592 0 0 0 0
1674634752222682 128645018953600 enq 108 1 0 0 0 0
1674634756344782 128645018953600 ackslot 108 107 108 0 0 0
1674634756378961 128645018953600 send 18 0 0 107 107 1
1674634757431793 128645018953600 send 176530 0 0 107 107 1
1674634757994152 128645018953600 send 136264 0 0 107 107 1
1674634757998652 128645018953600 send 14 0 0 107 107 1
1674634757998912 128645018953600 egress 108 1 0 0 0 0
1674634758070370 128645018953600 cliack 108 0 109 108 0 0
1674634758070460 128645018953600 ackregion 108 108 108 0 0 0
1674634756331453 128644996662976 emit_beg 108 0 0 0 0 0
1674634756335823 128644996662976 dmg 0 1 0 0 1024 768
1674634756336103 128644996662976 enc 107 107 1 -1 -1 0
1674634756367321 128644996662976 emit_end 108 0 0 0 0 0
1674634768728493 128645005055680 wait_end 0 0 0 0 0 0
1674634768733633 128645005055680 drain_beg 0 0 0 0 0 0
1674634768734213 128645005055680 drain_end 1 0 0 0 0 0
1674634768734413 128645005055680 take 109 0 0 0 0 0
1674634768734813 128645005055680 subm_beg 1 0 0 0 0 0
1674634768735513 128645005055680 submit 109 0 0 0 0 0
1674634768735693 128645005055680 subm_end 1 0 0 0 0 0
1674634768735773 128645005055680 pump_beg 1 0 0 0 0 0
1674634768930136 128645005055680 feedend 108 0 0 0 0 0
1674634769031472 128645005055680 feedend 108 1 0 0 0 0
1674634772029404 128645005055680 outfirst 108 1 65536 0 0 0
1674634772414120 128645005055680 outfirst 108 0 65536 0 0 0
1674634772453868 128645005055680 pump_end 1 2 0 0 0 0
1674634772454148 128645005055680 join_beg 1 0 0 0 0 0
1674634772454528 128645005055680 join_end 0 0 0 0 0 0
1674634772454698 128645005055680 book_beg 1 0 0 0 0 0
1674634772454988 128645005055680 batch 109 1 1 2 2 0
1674634772455188 128645005055680 book_end 1 0 0 0 0 0
1674634772455398 128645005055680 coll_beg 0 0 0 0 0 0
1674634772581214 128645005055680 coll_end 0 0 0 0 0 0
1674634772581544 128645005055680 rel_beg 1 0 0 0 0 0
1674634772582014 128645005055680 absorb 109 0 0 0 0 0
1674634772586584 128645005055680 rel_end 1 0 0 0 0 0
1674634772588194 128645005055680 wait_beg 0 0 0 0 0 0
1674634768695255 128645018953600 msgin 109 4718592 0 0 0 0
1674634768695715 128645018953600 enq 109 1 0 0 0 0
1674634772624172 128645018953600 ackslot 109 108 109 0 0 0
1674634772656021 128645018953600 send 18 0 0 108 108 1
1674634773361416 128645018953600 send 134978 0 0 108 108 1
1674634774016912 128645018953600 send 114626 0 0 108 108 1
1674634774025542 128645018953600 send 14 0 0 108 108 1
1674634774025902 128645018953600 egress 109 1 0 0 0 0
1674634774475845 128645018953600 cliack 109 0 110 109 0 0
1674634774476065 128645018953600 ackregion 109 109 109 0 0 0
1674634772609283 128644996662976 emit_beg 109 0 0 0 0 0
1674634772612593 128644996662976 dmg 0 1 0 0 1024 768
1674634772612893 128644996662976 enc 108 108 1 -1 -1 0
1674634772640472 128644996662976 emit_end 109 0 0 0 0 0
1674634784262990 128645005055680 wait_end 0 0 0 0 0 0
1674634784267570 128645005055680 drain_beg 0 0 0 0 0 0
1674634784267920 128645005055680 drain_end 1 0 0 0 0 0
1674634784268120 128645005055680 take 110 0 0 0 0 0
1674634784268400 128645005055680 subm_beg 1 0 0 0 0 0
1674634784269020 128645005055680 submit 110 0 0 0 0 0
1674634784269220 128645005055680 subm_end 1 0 0 0 0 0
1674634784269300 128645005055680 pump_beg 1 0 0 0 0 0
1674634784462813 128645005055680 feedend 109 0 0 0 0 0
1674634784555240 128645005055680 feedend 109 1 0 0 0 0
1674634787867300 128645005055680 outfirst 109 1 65536 0 0 0
1674634788279215 128645005055680 outfirst 109 0 65536 0 0 0
1674634788320413 128645005055680 pump_end 1 2 0 0 0 0
1674634788320633 128645005055680 join_beg 1 0 0 0 0 0
1674634788321023 128645005055680 join_end 0 0 0 0 0 0
1674634788321233 128645005055680 book_beg 1 0 0 0 0 0
1674634788321483 128645005055680 batch 110 1 1 2 2 0
1674634788321673 128645005055680 book_end 1 0 0 0 0 0
1674634788321863 128645005055680 coll_beg 0 0 0 0 0 0
1674634784230632 128645018953600 msgin 110 4718592 0 0 0 0
1674634784231222 128645018953600 enq 110 1 0 0 0 0
1674634788520436 128645005055680 coll_end 0 0 0 0 0 0
1674634788520856 128645005055680 rel_beg 1 0 0 0 0 0
1674634788521236 128645005055680 absorb 110 0 0 0 0 0
1674634788525936 128645005055680 rel_end 1 0 0 0 0 0
1674634788527376 128645005055680 wait_beg 0 0 0 0 0 0
1674634788564175 128645018953600 ackslot 110 109 110 0 0 0
1674634788599963 128645018953600 send 18 0 0 109 109 1
1674634789890636 128645018953600 send 179753 0 0 109 109 1
1674634790408728 128645018953600 send 154619 0 0 109 109 1
1674634790412898 128645018953600 send 14 0 0 109 109 1
1674634790413098 128645018953600 egress 110 1 0 0 0 0
1674634790945918 128645018953600 cliack 110 0 111 110 0 0
1674634790946418 128645018953600 ackregion 110 110 110 0 0 0
1674634788549105 128644996662976 emit_beg 110 0 0 0 0 0
1674634788552065 128644996662976 dmg 0 1 0 0 1024 768
1674634788552255 128644996662976 enc 109 109 1 -1 -1 0
1674634788589944 128644996662976 emit_end 110 0 0 0 0 0
1674634800244671 128645005055680 wait_end 0 0 0 0 0 0
1674634800246751 128645005055680 drain_beg 0 0 0 0 0 0
1674634800247021 128645005055680 drain_end 1 0 0 0 0 0
1674634800247241 128645005055680 take 111 0 0 0 0 0
1674634800247601 128645005055680 subm_beg 1 0 0 0 0 0
1674634800247871 128645005055680 submit 111 0 0 0 0 0
1674634800248031 128645005055680 subm_end 1 0 0 0 0 0
1674634800248061 128645005055680 pump_beg 1 0 0 0 0 0
1674634800746053 128645005055680 feedend 110 0 0 0 0 0
1674634800775462 128645005055680 feedend 110 1 0 0 0 0
1674634804241496 128645005055680 outfirst 110 1 65536 0 0 0
1674634804901312 128645005055680 outfirst 110 0 65536 0 0 0
1674634804951131 128645005055680 pump_end 1 2 0 0 0 0
1674634804951561 128645005055680 join_beg 1 0 0 0 0 0
1674634804951961 128645005055680 join_end 0 0 0 0 0 0
1674634804952281 128645005055680 book_beg 1 0 0 0 0 0
1674634804953431 128645005055680 batch 111 1 1 2 2 0
1674634804953641 128645005055680 book_end 1 0 0 0 0 0
1674634804953871 128645005055680 coll_beg 0 0 0 0 0 0
1674634805159803 128645005055680 coll_end 0 0 0 0 0 0
1674634805160123 128645005055680 rel_beg 1 0 0 0 0 0
1674634805171643 128645005055680 absorb 111 0 0 0 0 0
1674634805178892 128645005055680 rel_end 1 0 0 0 0 0
1674634805184142 128645005055680 wait_beg 0 0 0 0 0 0
1674634800231922 128645018953600 msgin 111 4718592 0 0 0 0
1674634800232742 128645018953600 enq 111 1 0 0 0 0
1674634805225811 128645018953600 ackslot 111 110 111 0 0 0
1674634805378885 128645018953600 send 18 0 0 110 110 1
1674634806364339 128645018953600 send 192082 0 0 110 110 1
1674634806844822 128645018953600 send 159451 0 0 110 110 1
1674634806849132 128645018953600 send 14 0 0 110 110 1
1674634806849382 128645018953600 egress 111 1 0 0 0 0
1674634807429471 128645018953600 cliack 111 0 112 111 0 0
1674634807429701 128645018953600 ackregion 111 111 111 0 0 0
1674634805210821 128644996662976 emit_beg 111 0 0 0 0 0
1674634805221001 128644996662976 dmg 0 1 0 0 1024 768
1674634805221471 128644996662976 enc 110 110 1 -1 -1 0
1674634805266269 128644996662976 emit_end 111 0 0 0 0 0
1674634815539067 128645005055680 wait_end 0 0 0 0 0 0
1674634815541987 128645005055680 drain_beg 0 0 0 0 0 0
1674634815542347 128645005055680 drain_end 1 0 0 0 0 0
1674634815542657 128645005055680 take 112 0 0 0 0 0
1674634815543137 128645005055680 subm_beg 1 0 0 0 0 0
1674634815544287 128645005055680 submit 112 0 0 0 0 0
1674634815544447 128645005055680 subm_end 1 0 0 0 0 0
1674634815544487 128645005055680 pump_beg 1 0 0 0 0 0
1674634815731460 128645005055680 feedend 111 0 0 0 0 0
1674634815775878 128645005055680 feedend 111 1 0 0 0 0
1674634815524967 128645018953600 msgin 112 4718592 0 0 0 0
1674634815525517 128645018953600 enq 112 1 0 0 0 0
1674634818978462 128645005055680 outfirst 111 1 65536 0 0 0
1674634819353399 128645005055680 outfirst 111 0 65536 0 0 0
1674634819389837 128645005055680 pump_end 1 2 0 0 0 0
1674634819390137 128645005055680 join_beg 1 0 0 0 0 0
1674634819390527 128645005055680 join_end 0 0 0 0 0 0
1674634819390717 128645005055680 book_beg 1 0 0 0 0 0
1674634819390957 128645005055680 batch 112 1 1 2 2 0
1674634819391167 128645005055680 book_end 1 0 0 0 0 0
1674634819391377 128645005055680 coll_beg 0 0 0 0 0 0
1674634819546682 128645005055680 coll_end 0 0 0 0 0 0
1674634819547062 128645005055680 rel_beg 1 0 0 0 0 0
1674634819547522 128645005055680 absorb 112 0 0 0 0 0
1674634819551792 128645005055680 rel_end 1 0 0 0 0 0
1674634819553481 128645005055680 wait_beg 0 0 0 0 0 0
1674634819587200 128645018953600 ackslot 112 111 112 0 0 0
1674634819642358 128645018953600 send 18 0 0 111 111 1
1674634820377652 128645018953600 send 157126 0 0 111 111 1
1674634820776567 128645018953600 send 137946 0 0 111 111 1
1674634820781357 128645018953600 send 14 0 0 111 111 1
1674634820781567 128645018953600 egress 112 1 0 0 0 0
1674634822014662 128645018953600 cliack 112 0 113 112 0 0
1674634822014792 128645018953600 ackregion 112 112 112 0 0 0
1674634819577781 128644996662976 emit_beg 112 0 0 0 0 0
1674634819582090 128644996662976 dmg 0 1 0 0 1024 768
1674634819582390 128644996662976 enc 111 111 1 -1 -1 0
1674634819611429 128644996662976 emit_end 112 0 0 0 0 0
1674634832338868 128645005055680 wait_end 0 0 0 0 0 0
1674634832340808 128645005055680 drain_beg 0 0 0 0 0 0
1674634832341098 128645005055680 drain_end 1 0 0 0 0 0
1674634832341228 128645005055680 take 113 0 0 0 0 0
1674634832341718 128645005055680 subm_beg 1 0 0 0 0 0
1674634832342388 128645005055680 submit 113 0 0 0 0 0
1674634832342538 128645005055680 subm_end 1 0 0 0 0 0
1674634832342558 128645005055680 pump_beg 1 0 0 0 0 0
1674634832494232 128645005055680 feedend 112 0 0 0 0 0
1674634832528151 128645005055680 feedend 112 1 0 0 0 0
1674634835919768 128645005055680 outfirst 112 1 65536 0 0 0
1674634836358612 128645005055680 outfirst 112 0 65536 0 0 0
1674634836378022 128645005055680 pump_end 1 2 0 0 0 0
1674634836378262 128645005055680 join_beg 1 0 0 0 0 0
1674634836378542 128645005055680 join_end 0 0 0 0 0 0
1674634836378642 128645005055680 book_beg 1 0 0 0 0 0
1674634836378842 128645005055680 batch 113 1 1 2 2 0
1674634836378992 128645005055680 book_end 1 0 0 0 0 0
1674634836379142 128645005055680 coll_beg 0 0 0 0 0 0
1674634836489908 128645005055680 coll_end 0 0 0 0 0 0
1674634836490168 128645005055680 rel_beg 1 0 0 0 0 0
1674634836490458 128645005055680 absorb 113 0 0 0 0 0
1674634836493737 128645005055680 rel_end 1 0 0 0 0 0
1674634836494937 128645005055680 wait_beg 0 0 0 0 0 0
1674634832324418 128645018953600 msgin 113 4718592 0 0 0 0
1674634832325388 128645018953600 enq 113 1 0 0 0 0
1674634836504467 128645018953600 ackslot 113 112 113 0 0 0
1674634836553025 128645018953600 send 18 0 0 112 112 1
1674634837121225 128645018953600 send 187797 0 0 112 112 1
1674634837620217 128645018953600 send 169391 0 0 112 112 1
1674634837624856 128645018953600 send 14 0 0 112 112 1
1674634837625056 128645018953600 egress 113 1 0 0 0 0
1674634838194006 128645018953600 cliack 113 0 114 113 0 0
1674634838194106 128645018953600 ackregion 113 113 113 0 0 0
1674634836518097 128644996662976 emit_beg 113 0 0 0 0 0
1674634836523466 128644996662976 dmg 0 1 0 0 1024 768
1674634836523656 128644996662976 enc 112 112 1 -1 -1 0
1674634836559555 128644996662976 emit_end 113 0 0 0 0 0
1674634847726450 128645005055680 wait_end 0 0 0 0 0 0
1674634847728220 128645005055680 drain_beg 0 0 0 0 0 0
1674634847728650 128645005055680 drain_end 1 0 0 0 0 0
1674634847728800 128645005055680 take 114 0 0 0 0 0
1674634847729160 128645005055680 subm_beg 1 0 0 0 0 0
1674634847730100 128645005055680 submit 114 0 0 0 0 0
1674634847730240 128645005055680 subm_end 1 0 0 0 0 0
1674634847730270 128645005055680 pump_beg 1 0 0 0 0 0
1674634847890644 128645005055680 feedend 113 0 0 0 0 0
1674634847925123 128645005055680 feedend 113 1 0 0 0 0
1674634847715541 128645018953600 msgin 114 4718592 0 0 0 0
1674634847716291 128645018953600 enq 114 1 0 0 0 0
1674634850773680 128645005055680 outfirst 113 1 65536 0 0 0
1674634851121727 128645005055680 outfirst 113 0 65536 0 0 0
1674634851140737 128645005055680 pump_end 1 2 0 0 0 0
1674634851140987 128645005055680 join_beg 1 0 0 0 0 0
1674634851141157 128645005055680 join_end 0 0 0 0 0 0
1674634851141257 128645005055680 book_beg 1 0 0 0 0 0
1674634851141517 128645005055680 batch 114 1 1 2 2 0
1674634851141697 128645005055680 book_end 1 0 0 0 0 0
1674634851141877 128645005055680 coll_beg 0 0 0 0 0 0
1674634851216264 128645005055680 coll_end 0 0 0 0 0 0
1674634851216524 128645005055680 rel_beg 1 0 0 0 0 0
1674634851216914 128645005055680 absorb 114 0 0 0 0 0
1674634851220094 128645005055680 rel_end 1 0 0 0 0 0
1674634851221004 128645005055680 wait_beg 0 0 0 0 0 0
1674634851230273 128645018953600 ackslot 114 113 114 0 0 0
1674634851249993 128645018953600 send 18 0 0 113 113 1
1674634851646688 128645018953600 send 132186 0 0 113 113 1
1674634851978066 128645018953600 send 113081 0 0 113 113 1
1674634851983456 128645018953600 send 14 0 0 113 113 1
1674634851983756 128645018953600 egress 114 1 0 0 0 0
1674634852356862 128645018953600 cliack 114 0 115 114 0 0
1674634852356982 128645018953600 ackregion 114 114 114 0 0 0
1674634851227423 128644996662976 emit_beg 114 0 0 0 0 0
1674634851229823 128644996662976 dmg 0 1 0 0 1024 768
1674634851229973 128644996662976 enc 113 113 1 -1 -1 0
1674634851246703 128644996662976 emit_end 114 0 0 0 0 0
1674634863451570 128645005055680 wait_end 0 0 0 0 0 0
1674634863453220 128645005055680 drain_beg 0 0 0 0 0 0
1674634863453410 128645005055680 drain_end 1 0 0 0 0 0
1674634863453560 128645005055680 take 115 0 0 0 0 0
1674634863453920 128645005055680 subm_beg 1 0 0 0 0 0
1674634863454410 128645005055680 submit 115 0 0 0 0 0
1674634863454540 128645005055680 subm_end 1 0 0 0 0 0
1674634863454580 128645005055680 pump_beg 1 0 0 0 0 0
1674634863581406 128645005055680 feedend 114 0 0 0 0 0
1674634863647583 128645005055680 feedend 114 1 0 0 0 0
1674634866575947 128645005055680 outfirst 114 1 65536 0 0 0
1674634867093638 128645005055680 outfirst 114 0 65536 0 0 0
1674634867120777 128645005055680 pump_end 1 2 0 0 0 0
1674634867121057 128645005055680 join_beg 1 0 0 0 0 0
1674634867121367 128645005055680 join_end 0 0 0 0 0 0
1674634867121417 128645005055680 book_beg 1 0 0 0 0 0
1674634867121637 128645005055680 batch 115 1 1 2 2 0
1674634867121677 128645005055680 book_end 1 0 0 0 0 0
1674634867121717 128645005055680 coll_beg 0 0 0 0 0 0
1674634867229853 128645005055680 coll_end 0 0 0 0 0 0
1674634867229903 128645005055680 rel_beg 1 0 0 0 0 0
1674634867230293 128645005055680 absorb 115 0 0 0 0 0
1674634867233213 128645005055680 rel_end 1 0 0 0 0 0
1674634867234293 128645005055680 wait_beg 0 0 0 0 0 0
1674634863441241 128645018953600 msgin 115 4718592 0 0 0 0
1674634863441941 128645018953600 enq 115 1 0 0 0 0
1674634867242883 128645018953600 ackslot 115 114 115 0 0 0
1674634867278492 128645018953600 send 18 0 0 114 114 1
1674634868015125 128645018953600 send 174479 0 0 114 114 1
1674634868585154 128645018953600 send 136630 0 0 114 114 1
1674634868589614 128645018953600 send 14 0 0 114 114 1
1674634868589884 128645018953600 egress 115 1 0 0 0 0
1674634868694580 128645018953600 cliack 115 0 116 115 0 0
1674634868694800 128645018953600 ackregion 115 115 115 0 0 0
1674634867257452 128644996662976 emit_beg 115 0 0 0 0 0
1674634867262542 128644996662976 dmg 0 1 0 0 1024 768
1674634867262682 128644996662976 enc 114 114 1 -1 -1 0
1674634867295231 128644996662976 emit_end 115 0 0 0 0 0
1674634879521558 128645005055680 wait_end 0 0 0 0 0 0
1674634879526058 128645005055680 drain_beg 0 0 0 0 0 0
1674634879526608 128645005055680 drain_end 1 0 0 0 0 0
1674634879526918 128645005055680 take 116 0 0 0 0 0
1674634879527728 128645005055680 subm_beg 1 0 0 0 0 0
1674634879528888 128645005055680 submit 116 0 0 0 0 0
1674634879529088 128645005055680 subm_end 1 0 0 0 0 0
1674634879529178 128645005055680 pump_beg 1 0 0 0 0 0
1674634879679372 128645005055680 feedend 115 0 0 0 0 0
1674634879777209 128645005055680 feedend 115 1 0 0 0 0
1674634883369698 128645005055680 outfirst 115 1 65536 0 0 0
1674634883832362 128645005055680 outfirst 115 0 65536 0 0 0
1674634883871440 128645005055680 pump_end 1 2 0 0 0 0
1674634883871660 128645005055680 join_beg 1 0 0 0 0 0
1674634883871860 128645005055680 join_end 0 0 0 0 0 0
1674634883871970 128645005055680 book_beg 1 0 0 0 0 0
1674634883872380 128645005055680 batch 116 1 1 2 2 0
1674634883872570 128645005055680 book_end 1 0 0 0 0 0
1674634883872760 128645005055680 coll_beg 0 0 0 0 0 0
1674634884125931 128645005055680 coll_end 0 0 0 0 0 0
1674634884126161 128645005055680 rel_beg 1 0 0 0 0 0
1674634884126411 128645005055680 absorb 116 0 0 0 0 0
1674634884129251 128645005055680 rel_end 1 0 0 0 0 0
1674634884130901 128645005055680 wait_beg 0 0 0 0 0 0
1674634879493339 128645018953600 msgin 116 4718592 0 0 0 0
1674634879493859 128645018953600 enq 116 1 0 0 0 0
1674634884136821 128645018953600 ackslot 116 115 116 0 0 0
1674634884153660 128645018953600 send 18 0 0 115 115 1
1674634884818206 128645018953600 send 218736 0 0 115 115 1
1674634885424794 128645018953600 send 199676 0 0 115 115 1
1674634885429174 128645018953600 send 14 0 0 115 115 1
1674634885429514 128645018953600 egress 116 1 0 0 0 0
1674634886484656 128645018953600 cliack 116 0 117 116 0 0
1674634886484756 128645018953600 ackregion 116 116 116 0 0 0
1674634884137051 128644996662976 emit_beg 116 0 0 0 0 0
1674634884139781 128644996662976 dmg 0 1 0 0 1024 768
1674634884139971 128644996662976 enc 115 115 1 -1 -1 0
1674634884170359 128644996662976 emit_end 116 0 0 0 0 0
1674634895862996 128645005055680 wait_end 0 0 0 0 0 0
1674634895867065 128645005055680 drain_beg 0 0 0 0 0 0
1674634895867475 128645005055680 drain_end 1 0 0 0 0 0
1674634895867695 128645005055680 take 117 0 0 0 0 0
1674634895868285 128645005055680 subm_beg 1 0 0 0 0 0
1674634895868685 128645005055680 submit 117 0 0 0 0 0
1674634895868865 128645005055680 subm_end 1 0 0 0 0 0
1674634895868945 128645005055680 pump_beg 1 0 0 0 0 0
1674634896066328 128645005055680 feedend 116 0 0 0 0 0
1674634896114237 128645005055680 feedend 116 1 0 0 0 0
1674634895838227 128645018953600 msgin 117 4718592 0 0 0 0
1674634895838577 128645018953600 enq 117 1 0 0 0 0
1674634899384398 128645005055680 outfirst 116 1 65536 0 0 0
1674634899661248 128645005055680 outfirst 116 0 65536 0 0 0
1674634899680387 128645005055680 pump_end 1 2 0 0 0 0
1674634899680657 128645005055680 join_beg 1 0 0 0 0 0
1674634899680897 128645005055680 join_end 0 0 0 0 0 0
1674634899681027 128645005055680 book_beg 1 0 0 0 0 0
1674634899681357 128645005055680 batch 117 1 1 2 2 0
1674634899681527 128645005055680 book_end 1 0 0 0 0 0
1674634899681697 128645005055680 coll_beg 0 0 0 0 0 0
1674634899788043 128645005055680 coll_end 0 0 0 0 0 0
1674634899788313 128645005055680 rel_beg 1 0 0 0 0 0
1674634899788493 128645005055680 absorb 117 0 0 0 0 0
1674634899791263 128645005055680 rel_end 1 0 0 0 0 0
1674634899792513 128645005055680 wait_beg 0 0 0 0 0 0
1674634899797233 128645018953600 ackslot 117 116 117 0 0 0
1674634899843951 128645018953600 send 18 0 0 116 116 1
1674634900430560 128645018953600 send 167082 0 0 116 116 1
1674634900894343 128645018953600 send 157163 0 0 116 116 1
1674634900898673 128645018953600 send 14 0 0 116 116 1
1674634900898813 128645018953600 egress 117 1 0 0 0 0
1674634901506741 128645018953600 cliack 117 0 118 117 0 0
1674634901506961 128645018953600 ackregion 117 117 117 0 0 0
1674634899817372 128644996662976 emit_beg 117 0 0 0 0 0
1674634899824332 128644996662976 dmg 0 1 0 0 1024 768
1674634899824552 128644996662976 enc 116 116 1 -1 -1 0
1674634899858281 128644996662976 emit_end 117 0 0 0 0 0
1674634911625564 128645005055680 wait_end 0 0 0 0 0 0
1674634911629744 128645005055680 drain_beg 0 0 0 0 0 0
1674634911630394 128645005055680 drain_end 1 0 0 0 0 0
1674634911630694 128645005055680 take 118 0 0 0 0 0
1674634911631274 128645005055680 subm_beg 1 0 0 0 0 0
1674634911632034 128645005055680 submit 118 0 0 0 0 0
1674634911632214 128645005055680 subm_end 1 0 0 0 0 0
1674634911632334 128645005055680 pump_beg 1 0 0 0 0 0
1674634911790788 128645005055680 feedend 117 0 0 0 0 0
1674634911880335 128645005055680 feedend 117 1 0 0 0 0
1674634914913055 128645005055680 outfirst 117 1 65536 0 0 0
1674634915376938 128645005055680 outfirst 117 0 65536 0 0 0
1674634915404217 128645005055680 pump_end 1 2 0 0 0 0
1674634915404437 128645005055680 join_beg 1 0 0 0 0 0
1674634915404707 128645005055680 join_end 0 0 0 0 0 0
1674634915404927 128645005055680 book_beg 1 0 0 0 0 0
1674634915405147 128645005055680 batch 118 1 1 2 2 0
1674634915405337 128645005055680 book_end 1 0 0 0 0 0
1674634915405537 128645005055680 coll_beg 0 0 0 0 0 0
1674634915596360 128645005055680 coll_end 0 0 0 0 0 0
1674634915596570 128645005055680 rel_beg 1 0 0 0 0 0
1674634915596810 128645005055680 absorb 118 0 0 0 0 0
1674634915600020 128645005055680 rel_end 1 0 0 0 0 0
1674634915601520 128645005055680 wait_beg 0 0 0 0 0 0
1674634911599425 128645018953600 msgin 118 4718592 0 0 0 0
1674634911599745 128645018953600 enq 118 1 0 0 0 0
1674634915606170 128645018953600 ackslot 118 117 118 0 0 0
1674634915660608 128645018953600 send 18 0 0 117 117 1
1674634916134261 128645018953600 send 156699 0 0 117 117 1
1674634916520997 128645018953600 send 133560 0 0 117 117 1
1674634916525457 128645018953600 send 14 0 0 117 117 1
1674634916525667 128645018953600 egress 118 1 0 0 0 0
1674634917034728 128645018953600 cliack 118 0 119 118 0 0
1674634917034828 128645018953600 ackregion 118 118 118 0 0 0
1674634915624899 128644996662976 emit_beg 118 0 0 0 0 0
1674634915629459 128644996662976 dmg 0 1 0 0 1024 768
1674634915629669 128644996662976 enc 117 117 1 -1 -1 0
1674634915663708 128644996662976 emit_end 118 0 0 0 0 0
1674634927523178 128645005055680 wait_end 0 0 0 0 0 0
1674634927527968 128645005055680 drain_beg 0 0 0 0 0 0
1674634927528658 128645005055680 drain_end 1 0 0 0 0 0
1674634927528958 128645005055680 take 119 0 0 0 0 0
1674634927529248 128645005055680 subm_beg 1 0 0 0 0 0
1674634927529838 128645005055680 submit 119 0 0 0 0 0
1674634927530028 128645005055680 subm_end 1 0 0 0 0 0
1674634927530118 128645005055680 pump_beg 1 0 0 0 0 0
1674634927708281 128645005055680 feedend 118 0 0 0 0 0
1674634927771729 128645005055680 feedend 118 1 0 0 0 0
1674634927506209 128645018953600 msgin 119 4718592 0 0 0 0
1674634927506569 128645018953600 enq 119 1 0 0 0 0
1674634930579687 128645005055680 outfirst 118 1 65536 0 0 0
1674634931209165 128645005055680 outfirst 118 0 65536 0 0 0
1674634931237324 128645005055680 pump_end 1 2 0 0 0 0
1674634931237634 128645005055680 join_beg 1 0 0 0 0 0
1674634931237854 128645005055680 join_end 0 0 0 0 0 0
1674634931238054 128645005055680 book_beg 1 0 0 0 0 0
1674634931238284 128645005055680 batch 119 1 1 2 2 0
1674634931238504 128645005055680 book_end 1 0 0 0 0 0
1674634931238704 128645005055680 coll_beg 0 0 0 0 0 0
1674634931415277 128645005055680 coll_end 0 0 0 0 0 0
1674634931415677 128645005055680 rel_beg 1 0 0 0 0 0
1674634931415927 128645005055680 absorb 119 0 0 0 0 0
1674634931418917 128645005055680 rel_end 1 0 0 0 0 0
1674634931420547 128645005055680 wait_beg 0 0 0 0 0 0
1674634932391142 128645005055680 wait_end 0 0 0 0 0 0
1674634932392882 128645005055680 drain_beg 0 0 0 0 0 0
1674634932393192 128645005055680 drain_end 1 0 0 0 0 0
1674634932393322 128645005055680 take 120 0 0 0 0 0
1674634932393432 128645005055680 subm_beg 1 0 0 0 0 0
1674634932393622 128645005055680 submit 120 0 0 0 0 0
1674634932393662 128645005055680 subm_end 1 0 0 0 0 0
1674634932393692 128645005055680 pump_beg 1 0 0 0 0 0
1674634932515147 128645005055680 feedend 119 0 0 0 0 0
1674634932532417 128645005055680 feedend 119 1 0 0 0 0
1674634935354914 128645005055680 outfirst 119 1 65536 0 0 0
1674634935940393 128645005055680 outfirst 119 0 65536 0 0 0
1674634935965612 128645005055680 pump_end 1 2 0 0 0 0
1674634935965832 128645005055680 join_beg 1 0 0 0 0 0
1674634935966022 128645005055680 join_end 0 0 0 0 0 0
1674634935966202 128645005055680 book_beg 1 0 0 0 0 0
1674634935966412 128645005055680 batch 120 1 1 2 2 0
1674634935966492 128645005055680 book_end 1 0 0 0 0 0
1674634935966562 128645005055680 coll_beg 0 0 0 0 0 0
1674634936084278 128645005055680 coll_end 0 0 0 0 0 0
1674634936084368 128645005055680 rel_beg 1 0 0 0 0 0
1674634936084478 128645005055680 absorb 120 0 0 0 0 0
1674634936085888 128645005055680 rel_end 1 0 0 0 0 0
1674634936086678 128645005055680 wait_beg 0 0 0 0 0 0
1674634936087208 128645005055680 wait_end 0 0 0 0 0 0
1674634936088408 128645005055680 drain_beg 0 0 0 0 0 0
1674634936088458 128645005055680 drain_end 1 0 0 0 0 0
1674634936088558 128645005055680 take 121 0 0 0 0 0
1674634936088628 128645005055680 subm_beg 1 0 0 0 0 0
1674634936088758 128645005055680 submit 121 0 0 0 0 0
1674634936088788 128645005055680 subm_end 1 0 0 0 0 0
1674634936088828 128645005055680 pump_beg 1 0 0 0 0 0
1674634936164685 128645005055680 feedend 120 0 0 0 0 0
1674634936230003 128645005055680 feedend 120 1 0 0 0 0
1674634939087589 128645005055680 outfirst 120 1 65536 0 0 0
1674634931425707 128645018953600 ackslot 119 118 119 0 0 0
1674634931473375 128645018953600 send 18 0 0 118 118 1
1674634931950868 128645018953600 send 160665 0 0 118 118 1
1674634932325374 128645018953600 send 123422 0 0 118 118 1
1674634932330624 128645018953600 send 14 0 0 118 118 1
1674634932330774 128645018953600 egress 119 1 0 0 0 0
1674634932383842 128645018953600 msgin 120 4718592 0 0 0 0
1674634932384132 128645018953600 enq 120 1 0 0 0 0
1674634932873774 128645018953600 cliack 119 0 120 119 0 0
1674634932873844 128645018953600 ackregion 119 119 119 0 0 0
1674634935882195 128645018953600 msgin 121 4718592 0 0 0 0
1674634935882295 128645018953600 enq 121 1 0 0 0 0
1674634936091788 128645018953600 ackslot 120 119 120 0 0 0
1674634936132586 128645018953600 send 18 0 0 119 119 1
1674634936597559 128645018953600 send 155674 0 0 119 119 1
1674634936966716 128645018953600 send 121854 0 0 119 119 1
1674634936970946 128645018953600 send 14 0 0 119 119 1
1674634936971066 128645018953600 egress 120 1 0 0 0 0
1674634937885123 128645018953600 cliack 120 0 121 120 0 0
1674634937885443 128645018953600 ackregion 120 120 120 0 0 0
1674634931445176 128644996662976 emit_beg 119 0 0 0 0 0
1674634931450476 128644996662976 dmg 0 1 0 0 1024 768
1674634931450696 128644996662976 enc 118 118 1 -1 -1 0
1674634931479565 128644996662976 emit_end 119 0 0 0 0 0
1674634936109687 128644996662976 emit_beg 120 0 0 0 0 0
1674634936114167 128644996662976 dmg 0 1 0 0 1024 768
1674634936114367 128644996662976 enc 119 119 1 -1 -1 0
1674634936142956 128644996662976 emit_end 120 0 0 0 0 0
1674634939564692 128645005055680 outfirst 120 0 65536 0 0 0
1674634939591591 128645005055680 pump_end 1 2 0 0 0 0
1674634939591901 128645005055680 join_beg 1 0 0 0 0 0
1674634939592131 128645005055680 join_end 0 0 0 0 0 0
1674634939592271 128645005055680 book_beg 1 0 0 0 0 0
1674634939592481 128645005055680 batch 121 1 1 2 2 0
1674634939592681 128645005055680 book_end 1 0 0 0 0 0
1674634939592891 128645005055680 coll_beg 0 0 0 0 0 0
1674634939760805 128645005055680 coll_end 0 0 0 0 0 0
1674634939761215 128645005055680 rel_beg 1 0 0 0 0 0
1674634939761425 128645005055680 absorb 121 0 0 0 0 0
1674634939763595 128645005055680 rel_end 1 0 0 0 0 0
1674634939764875 128645005055680 wait_beg 0 0 0 0 0 0
1674634940754239 128645005055680 wait_end 0 0 0 0 0 0
1674634940755769 128645005055680 drain_beg 0 0 0 0 0 0
1674634940756109 128645005055680 drain_end 1 0 0 0 0 0
1674634940756229 128645005055680 take 122 0 0 0 0 0
1674634940756409 128645005055680 subm_beg 1 0 0 0 0 0
1674634940756609 128645005055680 submit 122 0 0 0 0 0
1674634940756789 128645005055680 subm_end 1 0 0 0 0 0
1674634940756829 128645005055680 pump_beg 1 0 0 0 0 0
1674634940832536 128645005055680 feedend 121 0 0 0 0 0
1674634940904063 128645005055680 feedend 121 1 0 0 0 0
1674634943731101 128645005055680 outfirst 121 1 65536 0 0 0
1674634944275031 128645005055680 outfirst 121 0 65536 0 0 0
1674634944293750 128645005055680 pump_end 1 2 0 0 0 0
1674634944296170 128645005055680 join_beg 1 0 0 0 0 0
1674634944296360 128645005055680 join_end 0 0 0 0 0 0
1674634944296460 128645005055680 book_beg 1 0 0 0 0 0
1674634944296690 128645005055680 batch 122 1 1 2 2 0
1674634944296720 128645005055680 book_end 1 0 0 0 0 0
1674634944296760 128645005055680 coll_beg 0 0 0 0 0 0
1674634944390537 128645005055680 coll_end 0 0 0 0 0 0
1674634944390587 128645005055680 rel_beg 1 0 0 0 0 0
1674634944390697 128645005055680 absorb 122 0 0 0 0 0
1674634944392117 128645005055680 rel_end 1 0 0 0 0 0
1674634944393007 128645005055680 wait_beg 0 0 0 0 0 0
1674634939769914 128645018953600 ackslot 121 120 121 0 0 0
1674634939804843 128645018953600 send 18 0 0 120 120 1
1674634940293035 128645018953600 send 161682 0 0 120 120 1
1674634940685811 128645018953600 send 134464 0 0 120 120 1
1674634940690121 128645018953600 send 14 0 0 120 120 1
1674634940690351 128645018953600 egress 121 1 0 0 0 0
1674634940747019 128645018953600 msgin 122 4718592 0 0 0 0
1674634940747129 128645018953600 enq 122 1 0 0 0 0
1674634941306779 128645018953600 cliack 121 0 122 121 0 0
1674634941306939 128645018953600 ackregion 121 121 121 0 0 0
1674634944398307 128645018953600 ackslot 122 121 122 0 0 0
1674634944438955 128645018953600 send 18 0 0 121 121 1
1674634944930087 128645018953600 send 168664 0 0 121 121 1
1674634945350432 128645018953600 send 138718 0 0 121 121 1
1674634945354872 128645018953600 send 14 0 0 121 121 1
1674634945354952 128645018953600 egress 122 1 0 0 0 0
1674634946190402 128645018953600 cliack 122 0 123 122 0 0
1674634946190502 128645018953600 ackregion 122 122 122 0 0 0
1674634939787054 128644996662976 emit_beg 121 0 0 0 0 0
1674634939792684 128644996662976 dmg 0 1 0 0 1024 768
1674634939792994 128644996662976 enc 120 120 1 -1 -1 0
1674634939822622 128644996662976 emit_end 121 0 0 0 0 0
1674634944415686 128644996662976 emit_beg 122 0 0 0 0 0
1674634944420406 128644996662976 dmg 0 1 0 0 1024 768
1674634944420716 128644996662976 enc 121 121 1 -1 -1 0
1674634944451665 128644996662976 emit_end 122 0 0 0 0 0
1674634956185789 128645005055680 wait_end 0 0 0 0 0 0
1674634956194439 128645005055680 drain_beg 0 0 0 0 0 0
1674634956195539 128645005055680 drain_end 1 0 0 0 0 0
1674634956195799 128645005055680 take 123 0 0 0 0 0
1674634956196509 128645005055680 subm_beg 1 0 0 0 0 0
1674634956197409 128645005055680 submit 123 0 0 0 0 0
1674634956197629 128645005055680 subm_end 1 0 0 0 0 0
1674634956197699 128645005055680 pump_beg 1 0 0 0 0 0
1674634956368203 128645005055680 feedend 122 0 0 0 0 0
1674634956471569 128645005055680 feedend 122 1 0 0 0 0
1674634959321496 128645005055680 outfirst 122 1 65536 0 0 0
1674634956164400 128645018953600 msgin 123 4718592 0 0 0 0
1674634956166150 128645018953600 enq 123 1 0 0 0 0
1674634959557877 128645005055680 outfirst 122 0 65536 0 0 0
1674634959570987 128645005055680 pump_end 1 2 0 0 0 0
1674634959571177 128645005055680 join_beg 1 0 0 0 0 0
1674634959571487 128645005055680 join_end 0 0 0 0 0 0
1674634959571547 128645005055680 book_beg 1 0 0 0 0 0
1674634959571727 128645005055680 batch 123 1 1 2 2 0
1674634959571897 128645005055680 book_end 1 0 0 0 0 0
1674634959572067 128645005055680 coll_beg 0 0 0 0 0 0
1674634959652044 128645005055680 coll_end 0 0 0 0 0 0
1674634959652214 128645005055680 rel_beg 1 0 0 0 0 0
1674634959652554 128645005055680 absorb 123 0 0 0 0 0
1674634959655284 128645005055680 rel_end 1 0 0 0 0 0
1674634959656054 128645005055680 wait_beg 0 0 0 0 0 0
1674634959666113 128645018953600 ackslot 123 122 123 0 0 0
1674634959697732 128645018953600 send 18 0 0 122 122 1
1674634960103107 128645018953600 send 135919 0 0 122 122 1
1674634960445795 128645018953600 send 111652 0 0 122 122 1
1674634960450105 128645018953600 send 14 0 0 122 122 1
1674634960450225 128645018953600 egress 123 1 0 0 0 0
1674634961781177 128645018953600 cliack 123 0 124 123 0 0
1674634961781397 128645018953600 ackregion 123 123 123 0 0 0
1674634959679663 128644996662976 emit_beg 123 0 0 0 0 0
1674634959684623 128644996662976 dmg 0 1 0 0 1024 768
1674634959684813 128644996662976 enc 122 122 1 -1 -1 0
1674634959710572 128644996662976 emit_end 123 0 0 0 0 0
1674634971795904 128645005055680 wait_end 0 0 0 0 0 0
1674634971797544 128645005055680 drain_beg 0 0 0 0 0 0
1674634971797804 128645005055680 drain_end 1 0 0 0 0 0
1674634971797944 128645005055680 take 124 0 0 0 0 0
1674634971798204 128645005055680 subm_beg 1 0 0 0 0 0
1674634971798704 128645005055680 submit 124 0 0 0 0 0
1674634971798824 128645005055680 subm_end 1 0 0 0 0 0
1674634971798854 128645005055680 pump_beg 1 0 0 0 0 0
1674634971921589 128645005055680 feedend 123 0 0 0 0 0
1674634972011996 128645005055680 feedend 123 1 0 0 0 0
1674634975469330 128645005055680 outfirst 123 1 65536 0 0 0
1674634975790659 128645005055680 outfirst 123 0 65536 0 0 0
1674634975826937 128645005055680 pump_end 1 2 0 0 0 0
1674634975827197 128645005055680 join_beg 1 0 0 0 0 0
1674634975827507 128645005055680 join_end 0 0 0 0 0 0
1674634975827577 128645005055680 book_beg 1 0 0 0 0 0
1674634975827797 128645005055680 batch 124 1 1 2 2 0
1674634975827967 128645005055680 book_end 1 0 0 0 0 0
1674634975828137 128645005055680 coll_beg 0 0 0 0 0 0
1674634975943773 128645005055680 coll_end 0 0 0 0 0 0
1674634975944053 128645005055680 rel_beg 1 0 0 0 0 0
1674634975944373 128645005055680 absorb 124 0 0 0 0 0
1674634975947413 128645005055680 rel_end 1 0 0 0 0 0
1674634975948513 128645005055680 wait_beg 0 0 0 0 0 0
1674634971783764 128645018953600 msgin 124 4718592 0 0 0 0
1674634971785414 128645018953600 enq 124 1 0 0 0 0
1674634975957343 128645018953600 ackslot 124 123 124 0 0 0
1674634975991731 128645018953600 send 18 0 0 123 123 1
1674634976674747 128645018953600 send 207180 0 0 123 123 1
1674634977219037 128645018953600 send 176423 0 0 123 123 1
1674634977224287 128645018953600 send 14 0 0 123 123 1
1674634977224797 128645018953600 egress 124 1 0 0 0 0
1674634978265009 128645018953600 cliack 124 0 125 124 0 0
1674634978265249 128645018953600 ackregion 124 124 124 0 0 0
1674634975972332 128644996662976 emit_beg 124 0 0 0 0 0
1674634975977202 128644996662976 dmg 0 1 0 0 1024 768
1674634975977402 128644996662976 enc 123 123 1 -1 -1 0
1674634976022050 128644996662976 emit_end 124 0 0 0 0 0
1674634987994396 128645005055680 wait_end 0 0 0 0 0 0
1674634987997496 128645005055680 drain_beg 0 0 0 0 0 0
1674634987997956 128645005055680 drain_end 1 0 0 0 0 0
1674634987998186 128645005055680 take 125 0 0 0 0 0
1674634987998486 128645005055680 subm_beg 1 0 0 0 0 0
1674634987998936 128645005055680 submit 125 0 0 0 0 0
1674634987999126 128645005055680 subm_end 1 0 0 0 0 0
1674634987999206 128645005055680 pump_beg 1 0 0 0 0 0
1674634988154001 128645005055680 feedend 124 0 0 0 0 0
1674634988318475 128645005055680 feedend 124 1 0 0 0 0
1674634987980267 128645018953600 msgin 125 4718592 0 0 0 0
1674634987980887 128645018953600 enq 125 1 0 0 0 0
1674634990951259 128645005055680 outfirst 124 1 65536 0 0 0
1674634991162592 128645005055680 outfirst 124 0 65536 0 0 0
1674634991191461 128645005055680 pump_end 1 2 0 0 0 0
1674634991191851 128645005055680 join_beg 1 0 0 0 0 0
1674634991192291 128645005055680 join_end 0 0 0 0 0 0
1674634991192431 128645005055680 book_beg 1 0 0 0 0 0
1674634991192881 128645005055680 batch 125 1 1 2 2 0
1674634991193071 128645005055680 book_end 1 0 0 0 0 0
1674634991193271 128645005055680 coll_beg 0 0 0 0 0 0
1674634991325106 128645005055680 coll_end 0 0 0 0 0 0
1674634991325426 128645005055680 rel_beg 1 0 0 0 0 0
1674634991325906 128645005055680 absorb 125 0 0 0 0 0
1674634991331156 128645005055680 rel_end 1 0 0 0 0 0
1674634991333565 128645005055680 wait_beg 0 0 0 0 0 0
1674634991342795 128645018953600 ackslot 125 124 125 0 0 0
1674634991397473 128645018953600 send 18 0 0 124 124 1
1674634991730451 128645018953600 send 111927 0 0 124 124 1
1674634992019091 128645018953600 send 94313 0 0 124 124 1
1674634992023581 128645018953600 send 14 0 0 124 124 1
1674634992023821 128645018953600 egress 125 1 0 0 0 0
1674634992731255 128645018953600 cliack 125 0 126 125 0 0
1674634992731455 128645018953600 ackregion 125 125 125 0 0 0
1674634991357405 128644996662976 emit_beg 125 0 0 0 0 0
1674634991364664 128644996662976 dmg 0 1 0 0 1024 768
1674634991365154 128644996662976 enc 124 124 1 -1 -1 0
1674634991391023 128644996662976 emit_end 125 0 0 0 0 0
1674635004438671 128645005055680 wait_end 0 0 0 0 0 0
1674635004444460 128645005055680 drain_beg 0 0 0 0 0 0
1674635004451000 128645005055680 drain_end 1 0 0 0 0 0
1674635004451180 128645005055680 take 126 0 0 0 0 0
1674635004451540 128645005055680 subm_beg 1 0 0 0 0 0
1674635004452010 128645005055680 submit 126 0 0 0 0 0
1674635004452180 128645005055680 subm_end 1 0 0 0 0 0
1674635004452260 128645005055680 pump_beg 1 0 0 0 0 0
1674635004613934 128645005055680 feedend 125 0 0 0 0 0
1674635004722350 128645005055680 feedend 125 1 0 0 0 0
1674635007435472 128645005055680 outfirst 125 1 65536 0 0 0
1674635007864916 128645005055680 outfirst 125 0 65536 0 0 0
1674635007899485 128645005055680 pump_end 1 2 0 0 0 0
1674635007899715 128645005055680 join_beg 1 0 0 0 0 0
1674635007900075 128645005055680 join_end 0 0 0 0 0 0
1674635007900235 128645005055680 book_beg 1 0 0 0 0 0
1674635007900465 128645005055680 batch 126 1 1 2 2 0
1674635007900545 128645005055680 book_end 1 0 0 0 0 0
1674635007900615 128645005055680 coll_beg 0 0 0 0 0 0
1674635008075889 128645005055680 coll_end 0 0 0 0 0 0
1674635008075969 128645005055680 rel_beg 1 0 0 0 0 0
1674635008076349 128645005055680 absorb 126 0 0 0 0 0
1674635008080159 128645005055680 rel_end 1 0 0 0 0 0
1674635008081608 128645005055680 wait_beg 0 0 0 0 0 0
1674635004406122 128645018953600 msgin 126 4718592 0 0 0 0
1674635004407182 128645018953600 enq 126 1 0 0 0 0
1674635008093868 128645018953600 ackslot 126 125 126 0 0 0
1674635008138776 128645018953600 send 18 0 0 125 125 1
1674635008558801 128645018953600 send 141220 0 0 125 125 1
1674635008858010 128645018953600 send 103469 0 0 125 125 1
1674635008862390 128645018953600 send 14 0 0 125 125 1
1674635008862630 128645018953600 egress 126 1 0 0 0 0
1674635009717109 128645018953600 cliack 126 0 127 126 0 0
1674635009717209 128645018953600 ackregion 126 126 126 0 0 0
1674635008109107 128644996662976 emit_beg 126 0 0 0 0 0
1674635008116487 128644996662976 dmg 0 1 0 0 1024 768
1674635008116827 128644996662976 enc 125 125 1 -1 -1 0
1674635008142636 128644996662976 emit_end 126 0 0 0 0 0
1674635019879341 128645005055680 wait_end 0 0 0 0 0 0
1674635019883311 128645005055680 drain_beg 0 0 0 0 0 0
1674635019883841 128645005055680 drain_end 1 0 0 0 0 0
1674635019884031 128645005055680 take 127 0 0 0 0 0
1674635019884401 128645005055680 subm_beg 1 0 0 0 0 0
1674635019884871 128645005055680 submit 127 0 0 0 0 0
1674635019885041 128645005055680 subm_end 1 0 0 0 0 0
1674635019885121 128645005055680 pump_beg 1 0 0 0 0 0
1674635020042525 128645005055680 feedend 126 0 0 0 0 0
1674635020196119 128645005055680 feedend 126 1 0 0 0 0
1674635023874926 128645005055680 outfirst 126 1 65536 0 0 0
1674635024164896 128645005055680 outfirst 126 0 65536 0 0 0
1674635024213464 128645005055680 pump_end 1 2 0 0 0 0
1674635024213744 128645005055680 join_beg 1 0 0 0 0 0
1674635024214104 128645005055680 join_end 0 0 0 0 0 0
1674635024214284 128645005055680 book_beg 1 0 0 0 0 0
1674635024214494 128645005055680 batch 127 1 1 2 2 0
1674635024214694 128645005055680 book_end 1 0 0 0 0 0
1674635024214894 128645005055680 coll_beg 0 0 0 0 0 0
1674635024464315 128645005055680 coll_end 0 0 0 0 0 0
1674635024464545 128645005055680 rel_beg 1 0 0 0 0 0
1674635024464925 128645005055680 absorb 127 0 0 0 0 0
1674635024468745 128645005055680 rel_end 1 0 0 0 0 0
1674635024470105 128645005055680 wait_beg 0 0 0 0 0 0
1674635019849282 128645018953600 msgin 127 4718592 0 0 0 0
1674635019850042 128645018953600 enq 127 1 0 0 0 0
1674635024480534 128645018953600 ackslot 127 126 127 0 0 0
1674635024528152 128645018953600 send 18 0 0 126 126 1
1674635025178109 128645018953600 send 217562 0 0 126 126 1
1674635025756708 128645018953600 send 201402 0 0 126 126 1
1674635025762348 128645018953600 send 14 0 0 126 126 1
1674635025762498 128645018953600 egress 127 1 0 0 0 0
1674635026695214 128645018953600 cliack 127 0 128 127 0 0
1674635026695314 128645018953600 ackregion 127 127 127 0 0 0
1674635024492644 128644996662976 emit_beg 127 0 0 0 0 0
1674635024497884 128644996662976 dmg 0 1 0 0 1024 768
1674635024498213 128644996662976 enc 126 126 1 -1 -1 0
1674635024538092 128644996662976 emit_end 127 0 0 0 0 0
1674635035643140 128645005055680 wait_end 0 0 0 0 0 0
1674635035646799 128645005055680 drain_beg 0 0 0 0 0 0
1674635035647099 128645005055680 drain_end 1 0 0 0 0 0
1674635035647329 128645005055680 take 128 0 0 0 0 0
1674635035647769 128645005055680 subm_beg 1 0 0 0 0 0
1674635035648339 128645005055680 submit 128 0 0 0 0 0
1674635035648529 128645005055680 subm_end 1 0 0 0 0 0
1674635035648609 128645005055680 pump_beg 1 0 0 0 0 0
1674635035817313 128645005055680 feedend 127 0 0 0 0 0
1674635035920539 128645005055680 feedend 127 1 0 0 0 0
1674635038936900 128645005055680 outfirst 127 1 65536 0 0 0
1674635039358825 128645005055680 outfirst 127 0 65536 0 0 0
1674635039409343 128645005055680 pump_end 1 2 0 0 0 0
1674635039409623 128645005055680 join_beg 1 0 0 0 0 0
1674635039409973 128645005055680 join_end 0 0 0 0 0 0
1674635039410143 128645005055680 book_beg 1 0 0 0 0 0
1674635039410343 128645005055680 batch 128 1 1 2 2 0
1674635039410533 128645005055680 book_end 1 0 0 0 0 0
1674635039410723 128645005055680 coll_beg 0 0 0 0 0 0
1674635039579347 128645005055680 coll_end 0 0 0 0 0 0
1674635039579667 128645005055680 rel_beg 1 0 0 0 0 0
1674635039580027 128645005055680 absorb 128 0 0 0 0 0
1674635039583867 128645005055680 rel_end 1 0 0 0 0 0
1674635039585377 128645005055680 wait_beg 0 0 0 0 0 0
1674635035624240 128645018953600 msgin 128 4718592 0 0 0 0
1674635035624830 128645018953600 enq 128 1 0 0 0 0
1674635039597136 128645018953600 ackslot 128 127 128 0 0 0
1674635039643245 128645018953600 send 18 0 0 127 127 1
1674635039609426 128644996662976 emit_beg 128 0 0 0 0 0
1674635039616506 128644996662976 dmg 0 1 0 0 1024 768
1674635039616815 128644996662976 enc 127 127 1 -1 -1 0
1674635039645964 128644996662976 emit_end 128 0 0 0 0 0
1674635040089868 128645018953600 send 152782 0 0 127 127 1
1674635040455545 128645018953600 send 127505 0 0 127 127 1
1674635040459845 128645018953600 send 14 0 0 127 127 1
1674635040460195 128645018953600 egress 128 1 0 0 0 0
1674635041636542 128645018953600 cliack 128 0 129 128 0 0
1674635041636642 128645018953600 ackregion 128 128 128 0 0 0
1674635051875301 128645005055680 wait_end 0 0 0 0 0 0
1674635051880571 128645005055680 drain_beg 0 0 0 0 0 0
1674635051881021 128645005055680 drain_end 1 0 0 0 0 0
1674635051881211 128645005055680 take 129 0 0 0 0 0
1674635051881871 128645005055680 subm_beg 1 0 0 0 0 0
1674635051882661 128645005055680 submit 129 0 0 0 0 0
1674635051882861 128645005055680 subm_end 1 0 0 0 0 0
1674635051882931 128645005055680 pump_beg 1 0 0 0 0 0
1674635052048295 128645005055680 feedend 128 0 0 0 0 0
1674635052198950 128645005055680 feedend 128 1 0 0 0 0
1674635055343656 128645005055680 outfirst 128 1 65536 0 0 0
1674635055767550 128645005055680 outfirst 128 0 65536 0 0 0
1674635055841028 128645005055680 pump_end 1 2 0 0 0 0
1674635055841448 128645005055680 join_beg 1 0 0 0 0 0
1674635055841818 128645005055680 join_end 0 0 0 0 0 0
1674635055842028 128645005055680 book_beg 1 0 0 0 0 0
1674635055849067 128645005055680 batch 129 1 1 2 2 0
1674635055849137 128645005055680 book_end 1 0 0 0 0 0
1674635055849217 128645005055680 coll_beg 0 0 0 0 0 0
1674635056036351 128645005055680 coll_end 0 0 0 0 0 0
1674635056036441 128645005055680 rel_beg 1 0 0 0 0 0
1674635056036800 128645005055680 absorb 129 0 0 0 0 0
1674635056040790 128645005055680 rel_end 1 0 0 0 0 0
1674635056042950 128645005055680 wait_beg 0 0 0 0 0 0
1674635051841532 128645018953600 msgin 129 4718592 0 0 0 0
1674635051843122 128645018953600 enq 129 1 0 0 0 0
1674635056056020 128645018953600 ackslot 129 128 129 0 0 0
1674635056111368 128645018953600 send 18 0 0 128 128 1
1674635056601260 128645018953600 send 169335 0 0 128 128 1
1674635056986406 128645018953600 send 134074 0 0 128 128 1
1674635056990736 128645018953600 send 14 0 0 128 128 1
1674635056990906 128645018953600 egress 129 1 0 0 0 0
1674635058314048 128645018953600 cliack 129 0 130 129 0 0
1674635058314618 128645018953600 ackregion 129 129 129 0 0 0
1674635056067299 128644996662976 emit_beg 129 0 0 0 0 0
1674635056075429 128644996662976 dmg 0 1 0 0 1024 768
1674635056075659 128644996662976 enc 128 128 1 -1 -1 0
1674635056106598 128644996662976 emit_end 129 0 0 0 0 0
1674635068195390 128645005055680 wait_end 0 0 0 0 0 0
1674635068199750 128645005055680 drain_beg 0 0 0 0 0 0
1674635068200150 128645005055680 drain_end 1 0 0 0 0 0
1674635068200380 128645005055680 take 130 0 0 0 0 0
1674635068200660 128645005055680 subm_beg 1 0 0 0 0 0
1674635068201909 128645005055680 submit 130 0 0 0 0 0
1674635068202049 128645005055680 subm_end 1 0 0 0 0 0
1674635068202159 128645005055680 pump_beg 1 0 0 0 0 0
1674635068406522 128645005055680 feedend 129 0 0 0 0 0
1674635068477429 128645005055680 feedend 129 1 0 0 0 0
1674635068160251 128645018953600 msgin 130 4718592 0 0 0 0
1674635068161791 128645018953600 enq 130 1 0 0 0 0
1674635071575417 128645005055680 outfirst 129 1 65536 0 0 0
1674635072093298 128645005055680 outfirst 129 0 65536 0 0 0
1674635072122327 128645005055680 pump_end 1 2 0 0 0 0
1674635072122627 128645005055680 join_beg 1 0 0 0 0 0
1674635072122937 128645005055680 join_end 0 0 0 0 0 0
1674635072123017 128645005055680 book_beg 1 0 0 0 0 0
1674635072123237 128645005055680 batch 130 1 1 2 2 0
1674635072123417 128645005055680 book_end 1 0 0 0 0 0
1674635072123597 128645005055680 coll_beg 0 0 0 0 0 0
1674635072218944 128645005055680 coll_end 0 0 0 0 0 0
1674635072219224 128645005055680 rel_beg 1 0 0 0 0 0
1674635072219524 128645005055680 absorb 130 0 0 0 0 0
1674635072222444 128645005055680 rel_end 1 0 0 0 0 0
1674635072223624 128645005055680 wait_beg 0 0 0 0 0 0
1674635072237673 128645018953600 ackslot 130 129 130 0 0 0
1674635072290821 128645018953600 send 18 0 0 129 129 1
1674635072838952 128645018953600 send 174028 0 0 129 129 1
1674635073256096 128645018953600 send 140181 0 0 129 129 1
1674635073260426 128645018953600 send 14 0 0 129 129 1
1674635073260676 128645018953600 egress 130 1 0 0 0 0
1674635074424434 128645018953600 cliack 130 0 131 130 0 0
1674635074424554 128645018953600 ackregion 130 130 130 0 0 0
1674635072249833 128644996662976 emit_beg 130 0 0 0 0 0
1674635072256083 128644996662976 dmg 0 1 0 0 1024 768
1674635072256273 128644996662976 enc 129 129 1 -1 -1 0
1674635072284802 128644996662976 emit_end 130 0 0 0 0 0
1674635084011907 128645005055680 wait_end 0 0 0 0 0 0
1674635084016536 128645005055680 drain_beg 0 0 0 0 0 0
1674635084016966 128645005055680 drain_end 1 0 0 0 0 0
1674635084017276 128645005055680 take 131 0 0 0 0 0
1674635084017926 128645005055680 subm_beg 1 0 0 0 0 0
1674635084019066 128645005055680 submit 131 0 0 0 0 0
1674635084019446 128645005055680 subm_end 1 0 0 0 0 0
1674635084019526 128645005055680 pump_beg 1 0 0 0 0 0
1674635084218689 128645005055680 feedend 130 0 0 0 0 0
1674635084284817 128645005055680 feedend 130 1 0 0 0 0
1674635087229280 128645005055680 outfirst 130 1 65536 0 0 0
1674635087733392 128645005055680 outfirst 130 0 65536 0 0 0
1674635087768530 128645005055680 pump_end 1 2 0 0 0 0
1674635087768820 128645005055680 join_beg 1 0 0 0 0 0
1674635087769180 128645005055680 join_end 0 0 0 0 0 0
1674635087769350 128645005055680 book_beg 1 0 0 0 0 0
1674635087769620 128645005055680 batch 131 1 1 2 2 0
1674635087769790 128645005055680 book_end 1 0 0 0 0 0
1674635087770000 128645005055680 coll_beg 0 0 0 0 0 0
1674635087937194 128645005055680 coll_end 0 0 0 0 0 0
1674635087937514 128645005055680 rel_beg 1 0 0 0 0 0
1674635087937994 128645005055680 absorb 131 0 0 0 0 0
1674635087941854 128645005055680 rel_end 1 0 0 0 0 0
1674635087943304 128645005055680 wait_beg 0 0 0 0 0 0
1674635083979428 128645018953600 msgin 131 4718592 0 0 0 0
1674635083980238 128645018953600 enq 131 1 0 0 0 0
1674635087953324 128645018953600 ackslot 131 130 131 0 0 0
1674635087989402 128645018953600 send 18 0 0 130 130 1
1674635088436896 128645018953600 send 149377 0 0 130 130 1
1674635088800453 128645018953600 send 126106 0 0 130 130 1
1674635088804733 128645018953600 send 14 0 0 130 130 1
1674635088804903 128645018953600 egress 131 1 0 0 0 0
1674635090115635 128645018953600 cliack 131 0 132 131 0 0
1674635090115865 128645018953600 ackregion 131 131 131 0 0 0
1674635087965523 128644996662976 emit_beg 131 0 0 0 0 0
1674635087970603 128644996662976 dmg 0 1 0 0 1024 768
1674635087971013 128644996662976 enc 130 130 1 -1 -1 0
1674635087998262 128644996662976 emit_end 131 0 0 0 0 0
1674635099725247 128645005055680 wait_end 0 0 0 0 0 0
1674635099728327 128645005055680 drain_beg 0 0 0 0 0 0
1674635099728667 128645005055680 drain_end 1 0 0 0 0 0
1674635099728847 128645005055680 take 132 0 0 0 0 0
1674635099729277 128645005055680 subm_beg 1 0 0 0 0 0
1674635099729607 128645005055680 submit 132 0 0 0 0 0
1674635099729777 128645005055680 subm_end 1 0 0 0 0 0
1674635099729857 128645005055680 pump_beg 1 0 0 0 0 0
1674635099911980 128645005055680 feedend 131 0 0 0 0 0
1674635099994417 128645005055680 feedend 131 1 0 0 0 0
1674635099710708 128645018953600 msgin 132 4718592 0 0 0 0
1674635099711347 128645018953600 enq 132 1 0 0 0 0
1674635103010298 128645005055680 outfirst 131 1 65536 0 0 0
1674635103480491 128645005055680 outfirst 131 0 65536 0 0 0
1674635103547738 128645005055680 pump_end 1 2 0 0 0 0
1674635103548038 128645005055680 join_beg 1 0 0 0 0 0
1674635103548388 128645005055680 join_end 0 0 0 0 0 0
1674635103548558 128645005055680 book_beg 1 0 0 0 0 0
1674635103548798 128645005055680 batch 132 1 1 2 2 0
1674635103549008 128645005055680 book_end 1 0 0 0 0 0
1674635103549238 128645005055680 coll_beg 0 0 0 0 0 0
1674635103726902 128645005055680 coll_end 0 0 0 0 0 0
1674635103727402 128645005055680 rel_beg 1 0 0 0 0 0
1674635103727822 128645005055680 absorb 132 0 0 0 0 0
1674635103731822 128645005055680 rel_end 1 0 0 0 0 0
1674635103733282 128645005055680 wait_beg 0 0 0 0 0 0
1674635103769730 128645018953600 ackslot 132 131 132 0 0 0
1674635103807009 128645018953600 send 18 0 0 131 131 1
1674635104711956 128645018953600 send 158868 0 0 131 131 1
1674635105257267 128645018953600 send 133425 0 0 131 131 1
1674635105261766 128645018953600 send 14 0 0 131 131 1
1674635105262036 128645018953600 egress 132 1 0 0 0 0
1674635106092046 128645018953600 cliack 132 0 133 132 0 0
1674635106092246 128645018953600 ackregion 132 132 132 0 0 0
1674635103738082 128644996662976 emit_beg 132 0 0 0 0 0
1674635103739972 128644996662976 dmg 0 1 0 0 1024 768
1674635103745661 128644996662976 enc 131 131 1 -1 -1 0
1674635103771710 128644996662976 emit_end 132 0 0 0 0 0
1674635115592482 128645005055680 wait_end 0 0 0 0 0 0
1674635115594832 128645005055680 drain_beg 0 0 0 0 0 0
1674635115595202 128645005055680 drain_end 1 0 0 0 0 0
1674635115595492 128645005055680 take 133 0 0 0 0 0
1674635115596052 128645005055680 subm_beg 1 0 0 0 0 0
1674635115603852 128645005055680 submit 133 0 0 0 0 0
1674635115604032 128645005055680 subm_end 1 0 0 0 0 0
1674635115604062 128645005055680 pump_beg 1 0 0 0 0 0
1674635115765586 128645005055680 feedend 132 0 0 0 0 0
1674635115805484 128645005055680 feedend 132 1 0 0 0 0
1674635118730478 128645005055680 outfirst 132 1 65536 0 0 0
1674635119145063 128645005055680 outfirst 132 0 65536 0 0 0
1674635119180112 128645005055680 pump_end 1 2 0 0 0 0
1674635119180392 128645005055680 join_beg 1 0 0 0 0 0
1674635119180872 128645005055680 join_end 0 0 0 0 0 0
1674635119181042 128645005055680 book_beg 1 0 0 0 0 0
1674635119181292 128645005055680 batch 133 1 1 2 2 0
1674635119181372 128645005055680 book_end 1 0 0 0 0 0
1674635119181442 128645005055680 coll_beg 0 0 0 0 0 0
1674635119347396 128645005055680 coll_end 0 0 0 0 0 0
1674635119347496 128645005055680 rel_beg 1 0 0 0 0 0
1674635119347986 128645005055680 absorb 133 0 0 0 0 0
1674635119352536 128645005055680 rel_end 1 0 0 0 0 0
1674635119354366 128645005055680 wait_beg 0 0 0 0 0 0
1674635115582222 128645018953600 msgin 133 4718592 0 0 0 0
1674635115582702 128645018953600 enq 133 1 0 0 0 0
1674635119372675 128645018953600 ackslot 133 132 133 0 0 0
1674635119413373 128645018953600 send 18 0 0 132 132 1
1674635120213124 128645018953600 send 146435 0 0 132 132 1
1674635119361235 128644996662976 emit_beg 133 0 0 0 0 0
1674635119363235 128644996662976 dmg 0 1 0 0 1024 768
1674635119363415 128644996662976 enc 132 132 1 -1 -1 0
1674635119390374 128644996662976 emit_end 133 0 0 0 0 0
1674635120576021 128645018953600 send 125980 0 0 132 132 1
1674635120580761 128645018953600 send 14 0 0 132 132 1
1674635120580981 128645018953600 egress 133 1 0 0 0 0
1674635121332474 128645018953600 cliack 133 0 134 133 0 0
1674635121332794 128645018953600 ackregion 133 133 133 0 0 0
1674635131379540 128645005055680 wait_end 0 0 0 0 0 0
1674635131380980 128645005055680 drain_beg 0 0 0 0 0 0
1674635131381180 128645005055680 drain_end 1 0 0 0 0 0
1674635131381340 128645005055680 take 134 0 0 0 0 0
1674635131381640 128645005055680 subm_beg 1 0 0 0 0 0
1674635131382090 128645005055680 submit 134 0 0 0 0 0
1674635131382230 128645005055680 subm_end 1 0 0 0 0 0
1674635131382260 128645005055680 pump_beg 1 0 0 0 0 0
1674635131507475 128645005055680 feedend 133 0 0 0 0 0
1674635131590492 128645005055680 feedend 133 1 0 0 0 0
1674635134568924 128645005055680 outfirst 133 1 65536 0 0 0
1674635134971510 128645005055680 outfirst 133 0 65536 0 0 0
1674635135004648 128645005055680 pump_end 1 2 0 0 0 0
1674635135005048 128645005055680 join_beg 1 0 0 0 0 0
1674635135006238 128645005055680 join_end 0 0 0 0 0 0
1674635135006338 128645005055680 book_beg 1 0 0 0 0 0
1674635135006708 128645005055680 batch 134 1 1 2 2 0
1674635135006758 128645005055680 book_end 1 0 0 0 0 0
1674635135006798 128645005055680 coll_beg 0 0 0 0 0 0
1674635135124024 128645005055680 coll_end 0 0 0 0 0 0
1674635135124064 128645005055680 rel_beg 1 0 0 0 0 0
1674635135124344 128645005055680 absorb 134 0 0 0 0 0
1674635135127324 128645005055680 rel_end 1 0 0 0 0 0
1674635135129614 128645005055680 wait_beg 0 0 0 0 0 0
1674635136620360 128645005055680 wait_end 0 0 0 0 0 0
1674635136621450 128645005055680 drain_beg 0 0 0 0 0 0
1674635136621530 128645005055680 drain_end 1 0 0 0 0 0
1674635136621600 128645005055680 take 135 0 0 0 0 0
1674635136621660 128645005055680 subm_beg 1 0 0 0 0 0
1674635136621840 128645005055680 submit 135 0 0 0 0 0
1674635136622030 128645005055680 subm_end 1 0 0 0 0 0
1674635136622050 128645005055680 pump_beg 1 0 0 0 0 0
1674635136741975 128645005055680 feedend 134 0 0 0 0 0
1674635136823002 128645005055680 feedend 134 1 0 0 0 0
1674635140084294 128645005055680 outfirst 134 1 65536 0 0 0
1674635140355654 128645005055680 outfirst 134 0 65536 0 0 0
1674635140390043 128645005055680 pump_end 1 2 0 0 0 0
1674635140390193 128645005055680 join_beg 1 0 0 0 0 0
1674635140390303 128645005055680 join_end 0 0 0 0 0 0
1674635140390373 128645005055680 book_beg 1 0 0 0 0 0
1674635140390483 128645005055680 batch 135 1 1 2 2 0
1674635140390513 128645005055680 book_end 1 0 0 0 0 0
1674635140390543 128645005055680 coll_beg 0 0 0 0 0 0
1674635140515969 128645005055680 coll_end 0 0 0 0 0 0
1674635140516059 128645005055680 rel_beg 1 0 0 0 0 0
1674635140516129 128645005055680 absorb 135 0 0 0 0 0
1674635140517439 128645005055680 rel_end 1 0 0 0 0 0
1674635140518788 128645005055680 wait_beg 0 0 0 0 0 0
1674635140519228 128645005055680 wait_end 0 0 0 0 0 0
1674635140520098 128645005055680 drain_beg 0 0 0 0 0 0
1674635140520268 128645005055680 drain_end 1 0 0 0 0 0
1674635140520378 128645005055680 take 136 0 0 0 0 0
1674635140520428 128645005055680 subm_beg 1 0 0 0 0 0
1674635140520488 128645005055680 submit 136 0 0 0 0 0
1674635140520638 128645005055680 subm_end 1 0 0 0 0 0
1674635140520668 128645005055680 pump_beg 1 0 0 0 0 0
1674635131372130 128645018953600 msgin 134 4718592 0 0 0 0
1674635131372430 128645018953600 enq 134 1 0 0 0 0
1674635135163713 128645018953600 ackslot 134 133 134 0 0 0
1674635135323027 128645018953600 send 18 0 0 133 133 1
1674635136211345 128645018953600 send 158981 0 0 133 133 1
1674635136538303 128645018953600 send 135987 0 0 133 133 1
1674635136542123 128645018953600 send 14 0 0 133 133 1
1674635136542373 128645018953600 egress 134 1 0 0 0 0
1674635136615520 128645018953600 msgin 135 4718592 0 0 0 0
1674635136615880 128645018953600 enq 135 1 0 0 0 0
1674635136992696 128645018953600 cliack 134 0 135 134 0 0
1674635136992986 128645018953600 ackregion 134 134 134 0 0 0
1674635140092174 128645018953600 msgin 136 4718592 0 0 0 0
1674635140092274 128645018953600 enq 136 1 0 0 0 0
1674635140530418 128645018953600 ackslot 135 134 135 0 0 0
1674635135134864 128644996662976 emit_beg 134 0 0 0 0 0
1674635135136764 128644996662976 dmg 0 1 0 0 1024 768
1674635135137014 128644996662976 enc 133 133 1 -1 -1 0
1674635135157183 128644996662976 emit_end 134 0 0 0 0 0
1674635140525378 128644996662976 emit_beg 135 0 0 0 0 0
1674635140527328 128644996662976 dmg 0 1 0 0 1024 768
1674635140527498 128644996662976 enc 134 134 1 -1 -1 0
1674635140627295 128645005055680 feedend 135 0 0 0 0 0
1674635140702472 128645005055680 feedend 135 1 0 0 0 0
1674635143986353 128645005055680 outfirst 135 1 65536 0 0 0
1674635144300811 128645005055680 outfirst 135 0 65536 0 0 0
1674635144334730 128645005055680 pump_end 1 2 0 0 0 0
1674635144334880 128645005055680 join_beg 1 0 0 0 0 0
1674635144335130 128645005055680 join_end 0 0 0 0 0 0
1674635144335180 128645005055680 book_beg 1 0 0 0 0 0
1674635144335310 128645005055680 batch 136 1 1 2 2 0
1674635144335340 128645005055680 book_end 1 0 0 0 0 0
1674635144336960 128645005055680 coll_beg 0 0 0 0 0 0
1674635144459016 128645005055680 coll_end 0 0 0 0 0 0
1674635144459136 128645005055680 rel_beg 1 0 0 0 0 0
1674635144459226 128645005055680 absorb 136 0 0 0 0 0
1674635144460776 128645005055680 rel_end 1 0 0 0 0 0
1674635144461996 128645005055680 wait_beg 0 0 0 0 0 0
1674635140572177 128645018953600 send 18 0 0 134 134 1
1674635141394427 128645018953600 send 185575 0 0 134 134 1
1674635141768503 128645018953600 send 167286 0 0 134 134 1
1674635141771763 128645018953600 send 14 0 0 134 134 1
1674635141771933 128645018953600 egress 135 1 0 0 0 0
1674635142332813 128645018953600 cliack 135 0 136 135 0 0
1674635142332893 128645018953600 ackregion 135 135 135 0 0 0
1674635144465206 128645018953600 ackslot 136 135 136 0 0 0
1674635144518844 128645018953600 send 18 0 0 135 135 1
1674635145388542 128645018953600 send 191031 0 0 135 135 1
1674635145895344 128645018953600 send 172253 0 0 135 135 1
1674635145899913 128645018953600 send 14 0 0 135 135 1
1674635145900403 128645018953600 egress 136 1 0 0 0 0
1674635146866908 128645018953600 cliack 136 0 137 136 0 0
1674635146867058 128645018953600 ackregion 136 136 136 0 0 0
1674635140559047 128644996662976 emit_end 135 0 0 0 0 0
1674635144471355 128644996662976 emit_beg 136 0 0 0 0 0
1674635144477115 128644996662976 dmg 0 1 0 0 1024 768
1674635144477405 128644996662976 enc 135 135 1 -1 -1 0
1674635144528633 128644996662976 emit_end 136 0 0 0 0 0
1674635156225409 128645005055680 wait_end 0 0 0 0 0 0
1674635156229209 128645005055680 drain_beg 0 0 0 0 0 0
1674635156229569 128645005055680 drain_end 1 0 0 0 0 0
1674635156229759 128645005055680 take 137 0 0 0 0 0
1674635156230209 128645005055680 subm_beg 1 0 0 0 0 0
1674635156230679 128645005055680 submit 137 0 0 0 0 0
1674635156230779 128645005055680 subm_end 1 0 0 0 0 0
1674635156230859 128645005055680 pump_beg 1 0 0 0 0 0
1674635156401933 128645005055680 feedend 136 0 0 0 0 0
1674635156481800 128645005055680 feedend 136 1 0 0 0 0
1674635159272639 128645005055680 outfirst 136 1 65536 0 0 0
1674635159660755 128645005055680 outfirst 136 0 65536 0 0 0
1674635159679624 128645005055680 pump_end 1 2 0 0 0 0
1674635159679754 128645005055680 join_beg 1 0 0 0 0 0
1674635159679944 128645005055680 join_end 0 0 0 0 0 0
1674635159680014 128645005055680 book_beg 1 0 0 0 0 0
1674635159680174 128645005055680 batch 137 1 1 2 2 0
1674635159680224 128645005055680 book_end 1 0 0 0 0 0
1674635159680274 128645005055680 coll_beg 0 0 0 0 0 0
1674635159759931 128645005055680 coll_end 0 0 0 0 0 0
1674635159760051 128645005055680 rel_beg 1 0 0 0 0 0
1674635159760131 128645005055680 absorb 137 0 0 0 0 0
1674635159761861 128645005055680 rel_end 1 0 0 0 0 0
1674635159763551 128645005055680 wait_beg 0 0 0 0 0 0
1674635156198280 128645018953600 msgin 137 4718592 0 0 0 0
1674635156198590 128645018953600 enq 137 1 0 0 0 0
1674635159775351 128645018953600 ackslot 137 136 137 0 0 0
1674635159830499 128645018953600 send 18 0 0 136 136 1
1674635160367059 128645018953600 send 131000 0 0 136 136 1
1674635159788260 128644996662976 emit_beg 137 0 0 0 0 0
1674635159795350 128644996662976 dmg 0 1 0 0 1024 768
1674635159795670 128644996662976 enc 136 136 1 -1 -1 0
1674635159821119 128644996662976 emit_end 137 0 0 0 0 0
1674635160685158 128645018953600 send 106830 0 0 136 136 1
1674635160689687 128645018953600 send 14 0 0 136 136 1
1674635160689847 128645018953600 egress 137 1 0 0 0 0
1674635161792887 128645018953600 cliack 137 0 138 137 0 0
1674635161793257 128645018953600 ackregion 137 137 137 0 0 0
1674635171775566 128645005055680 wait_end 0 0 0 0 0 0
1674635171780895 128645005055680 drain_beg 0 0 0 0 0 0
1674635171781185 128645005055680 drain_end 1 0 0 0 0 0
1674635171781335 128645005055680 take 138 0 0 0 0 0
1674635171781715 128645005055680 subm_beg 1 0 0 0 0 0
1674635171781965 128645005055680 submit 138 0 0 0 0 0
1674635171782145 128645005055680 subm_end 1 0 0 0 0 0
1674635171782225 128645005055680 pump_beg 1 0 0 0 0 0
1674635171953959 128645005055680 feedend 137 0 0 0 0 0
1674635172053876 128645005055680 feedend 137 1 0 0 0 0
1674635175094845 128645005055680 outfirst 137 1 65536 0 0 0
1674635175524930 128645005055680 outfirst 137 0 65536 0 0 0
1674635175601517 128645005055680 pump_end 1 2 0 0 0 0
1674635175601667 128645005055680 join_beg 1 0 0 0 0 0
1674635175601757 128645005055680 join_end 0 0 0 0 0 0
1674635175601927 128645005055680 book_beg 1 0 0 0 0 0
1674635175602207 128645005055680 batch 138 1 1 2 2 0
1674635175602287 128645005055680 book_end 1 0 0 0 0 0
1674635175602367 128645005055680 coll_beg 0 0 0 0 0 0
1674635175823439 128645005055680 coll_end 0 0 0 0 0 0
1674635175823539 128645005055680 rel_beg 1 0 0 0 0 0
1674635175823709 128645005055680 absorb 138 0 0 0 0 0
1674635175826739 128645005055680 rel_end 1 0 0 0 0 0
1674635175828979 128645005055680 wait_beg 0 0 0 0 0 0
1674635171747127 128645018953600 msgin 138 4718592 0 0 0 0
1674635171747547 128645018953600 enq 138 1 0 0 0 0
1674635175859008 128645018953600 ackslot 138 137 138 0 0 0
1674635175907836 128645018953600 send 18 0 0 137 137 1
1674635176928739 128645018953600 send 164063 0 0 137 137 1
1674635177287356 128645018953600 send 133093 0 0 137 137 1
1674635177290886 128645018953600 send 14 0 0 137 137 1
1674635177291136 128645018953600 egress 138 1 0 0 0 0
1674635177868105 128645018953600 cliack 138 0 139 138 0 0
1674635177868195 128645018953600 ackregion 138 138 138 0 0 0
1674635175853058 128644996662976 emit_beg 138 0 0 0 0 0
1674635175856788 128644996662976 dmg 0 1 0 0 1024 768
1674635175857098 128644996662976 enc 137 137 1 -1 -1 0
1674635175890907 128644996662976 emit_end 138 0 0 0 0 0
1674635188474040 128645005055680 wait_end 0 0 0 0 0 0
1674635188478840 128645005055680 drain_beg 0 0 0 0 0 0
1674635188479130 128645005055680 drain_end 1 0 0 0 0 0
1674635188479280 128645005055680 take 139 0 0 0 0 0
1674635188479580 128645005055680 subm_beg 1 0 0 0 0 0
1674635188479940 128645005055680 submit 139 0 0 0 0 0
1674635188480030 128645005055680 subm_end 1 0 0 0 0 0
1674635188480110 128645005055680 pump_beg 1 0 0 0 0 0
1674635188655614 128645005055680 feedend 138 0 0 0 0 0
1674635188748630 128645005055680 feedend 138 1 0 0 0 0
1674635188444972 128645018953600 msgin 139 4718592 0 0 0 0
1674635188445751 128645018953600 enq 139 1 0 0 0 0
1674635191649355 128645005055680 outfirst 138 1 65536 0 0 0
1674635192035841 128645005055680 outfirst 138 0 65536 0 0 0
1674635192082140 128645005055680 pump_end 1 2 0 0 0 0
1674635192082260 128645005055680 join_beg 1 0 0 0 0 0
1674635192082350 128645005055680 join_end 0 0 0 0 0 0
1674635192082530 128645005055680 book_beg 1 0 0 0 0 0
1674635192082810 128645005055680 batch 139 1 1 2 2 0
1674635192082900 128645005055680 book_end 1 0 0 0 0 0
1674635192082980 128645005055680 coll_beg 0 0 0 0 0 0
1674635192279722 128645005055680 coll_end 0 0 0 0 0 0
1674635192279812 128645005055680 rel_beg 1 0 0 0 0 0
1674635192280002 128645005055680 absorb 139 0 0 0 0 0
1674635192282832 128645005055680 rel_end 1 0 0 0 0 0
1674635192284942 128645005055680 wait_beg 0 0 0 0 0 0
1674635192323141 128645018953600 ackslot 139 138 139 0 0 0
1674635192360600 128645018953600 send 18 0 0 138 138 1
1674635193304395 128645018953600 send 140640 0 0 138 138 1
1674635193548437 128645018953600 send 113623 0 0 138 138 1
1674635193551596 128645018953600 send 14 0 0 138 138 1
1674635193551816 128645018953600 egress 139 1 0 0 0 0
1674635193933853 128645018953600 cliack 139 0 140 139 0 0
1674635193933943 128645018953600 ackregion 139 139 139 0 0 0
1674635192308691 128644996662976 emit_beg 139 0 0 0 0 0
1674635192312631 128644996662976 dmg 0 1 0 0 1024 768
1674635192312871 128644996662976 enc 138 138 1 -1 -1 0
1674635192344740 128644996662976 emit_end 139 0 0 0 0 0
1674635203484156 128645005055680 wait_end 0 0 0 0 0 0
1674635203487696 128645005055680 drain_beg 0 0 0 0 0 0
1674635203487986 128645005055680 drain_end 1 0 0 0 0 0
1674635203488136 128645005055680 take 140 0 0 0 0 0
1674635203488416 128645005055680 subm_beg 1 0 0 0 0 0
1674635203488926 128645005055680 submit 140 0 0 0 0 0
1674635203489096 128645005055680 subm_end 1 0 0 0 0 0
1674635203489176 128645005055680 pump_beg 1 0 0 0 0 0
1674635203633811 128645005055680 feedend 139 0 0 0 0 0
1674635203734787 128645005055680 feedend 139 1 0 0 0 0
1674635206686970 128645005055680 outfirst 139 1 65536 0 0 0
1674635206930591 128645005055680 outfirst 139 0 65536 0 0 0
1674635207090046 128645005055680 pump_end 1 2 0 0 0 0
1674635207090236 128645005055680 join_beg 1 0 0 0 0 0
1674635207090326 128645005055680 join_end 0 0 0 0 0 0
1674635207090496 128645005055680 book_beg 1 0 0 0 0 0
1674635207090786 128645005055680 batch 140 1 1 2 2 0
1674635207090876 128645005055680 book_end 1 0 0 0 0 0
1674635207090956 128645005055680 coll_beg 0 0 0 0 0 0
1674635207288329 128645005055680 coll_end 0 0 0 0 0 0
1674635207288429 128645005055680 rel_beg 1 0 0 0 0 0
1674635207288599 128645005055680 absorb 140 0 0 0 0 0
1674635207291238 128645005055680 rel_end 1 0 0 0 0 0
1674635207293258 128645005055680 wait_beg 0 0 0 0 0 0
1674635203454027 128645018953600 msgin 140 4718592 0 0 0 0
1674635203454427 128645018953600 enq 140 1 0 0 0 0
1674635207328377 128645018953600 ackslot 140 139 140 0 0 0
1674635207368606 128645018953600 send 18 0 0 139 139 1
1674635208232164 128645018953600 send 140018 0 0 139 139 1
1674635208485165 128645018953600 send 116478 0 0 139 139 1
1674635208488475 128645018953600 send 14 0 0 139 139 1
1674635208488595 128645018953600 egress 140 1 0 0 0 0
1674635208847202 128645018953600 cliack 140 0 141 140 0 0
1674635208847292 128645018953600 ackregion 140 140 140 0 0 0
1674635207317577 128644996662976 emit_beg 140 0 0 0 0 0
1674635207321597 128644996662976 dmg 0 1 0 0 1024 768
1674635207322067 128644996662976 enc 139 139 1 -1 -1 0
1674635207354196 128644996662976 emit_end 140 0 0 0 0 0
1674635219508146 128645005055680 wait_end 0 0 0 0 0 0
1674635219513066 128645005055680 drain_beg 0 0 0 0 0 0
1674635219513666 128645005055680 drain_end 1 0 0 0 0 0
1674635219513875 128645005055680 take 141 0 0 0 0 0
1674635219514255 128645005055680 subm_beg 1 0 0 0 0 0
1674635219514825 128645005055680 submit 141 0 0 0 0 0
1674635219514915 128645005055680 subm_end 1 0 0 0 0 0
1674635219514995 128645005055680 pump_beg 1 0 0 0 0 0
1674635219664430 128645005055680 feedend 140 0 0 0 0 0
1674635219759297 128645005055680 feedend 140 1 0 0 0 0
1674635219479837 128645018953600 msgin 141 4718592 0 0 0 0
1674635219480167 128645018953600 enq 141 1 0 0 0 0
1674635222815226 128645005055680 outfirst 140 1 65536 0 0 0
1674635223097776 128645005055680 outfirst 140 0 65536 0 0 0
1674635223181543 128645005055680 pump_end 1 2 0 0 0 0
1674635223181693 128645005055680 join_beg 1 0 0 0 0 0
1674635223181793 128645005055680 join_end 0 0 0 0 0 0
1674635223181963 128645005055680 book_beg 1 0 0 0 0 0
1674635223182243 128645005055680 batch 141 1 1 2 2 0
1674635223182333 128645005055680 book_end 1 0 0 0 0 0
1674635223182413 128645005055680 coll_beg 0 0 0 0 0 0
1674635223406064 128645005055680 coll_end 0 0 0 0 0 0
1674635223406174 128645005055680 rel_beg 1 0 0 0 0 0
1674635223406354 128645005055680 absorb 141 0 0 0 0 0
1674635223409244 128645005055680 rel_end 1 0 0 0 0 0
1674635223411404 128645005055680 wait_beg 0 0 0 0 0 0
1674635223443083 128645018953600 ackslot 141 140 141 0 0 0
1674635223486611 128645018953600 send 18 0 0 140 140 1
1674635224291112 128645018953600 send 158026 0 0 140 140 1
1674635224575702 128645018953600 send 133224 0 0 140 140 1
1674635224578942 128645018953600 send 14 0 0 140 140 1
1674635224579052 128645018953600 egress 141 1 0 0 0 0
1674635225083394 128645018953600 cliack 141 0 142 141 0 0
1674635225083474 128645018953600 ackregion 141 141 141 0 0 0
1674635223434933 128644996662976 emit_beg 141 0 0 0 0 0
1674635223438773 128644996662976 dmg 0 1 0 0 1024 768
1674635223438993 128644996662976 enc 140 140 1 -1 -1 0
1674635223476342 128644996662976 emit_end 141 0 0 0 0 0
1674635236245379 128645005055680 wait_end 0 0 0 0 0 0
1674635236248969 128645005055680 drain_beg 0 0 0 0 0 0
1674635236249409 128645005055680 drain_end 1 0 0 0 0 0
1674635236249559 128645005055680 take 142 0 0 0 0 0
1674635236249909 128645005055680 subm_beg 1 0 0 0 0 0
1674635236250359 128645005055680 submit 142 0 0 0 0 0
1674635236250559 128645005055680 subm_end 1 0 0 0 0 0
1674635236250639 128645005055680 pump_beg 1 0 0 0 0 0
1674635236398274 128645005055680 feedend 141 0 0 0 0 0
1674635236501490 128645005055680 feedend 141 1 0 0 0 0
1674635239546139 128645005055680 outfirst 141 1 65536 0 0 0
1674635239713093 128645005055680 outfirst 141 0 65536 0 0 0
1674635239756972 128645005055680 pump_end 1 2 0 0 0 0
1674635239757092 128645005055680 join_beg 1 0 0 0 0 0
1674635239757262 128645005055680 join_end 0 0 0 0 0 0
1674635239757462 128645005055680 book_beg 1 0 0 0 0 0
1674635239757742 128645005055680 batch 142 1 1 2 2 0
1674635239757822 128645005055680 book_end 1 0 0 0 0 0
1674635239757902 128645005055680 coll_beg 0 0 0 0 0 0
1674635239957065 128645005055680 coll_end 0 0 0 0 0 0
1674635239957165 128645005055680 rel_beg 1 0 0 0 0 0
1674635239957345 128645005055680 absorb 142 0 0 0 0 0
1674635239960134 128645005055680 rel_end 1 0 0 0 0 0
1674635239962134 128645005055680 wait_beg 0 0 0 0 0 0
1674635236212140 128645018953600 msgin 142 4718592 0 0 0 0
1674635236212530 128645018953600 enq 142 1 0 0 0 0
1674635239995913 128645018953600 ackslot 142 141 142 0 0 0
1674635240055391 128645018953600 send 18 0 0 141 141 1
1674635241199409 128645018953600 send 143926 0 0 141 141 1
1674635239986504 128644996662976 emit_beg 142 0 0 0 0 0
1674635239990483 128644996662976 dmg 0 1 0 0 1024 768
1674635239990723 128644996662976 enc 141 141 1 -1 -1 0
1674635240032562 128644996662976 emit_end 142 0 0 0 0 0
1674635241486009 128645018953600 send 124204 0 0 141 141 1
1674635241489429 128645018953600 send 14 0 0 141 141 1
1674635241489629 128645018953600 egress 142 1 0 0 0 0
1674635241940343 128645018953600 cliack 142 0 143 142 0 0
1674635241940433 128645018953600 ackregion 142 142 142 0 0 0
1674635252178392 128645005055680 wait_end 0 0 0 0 0 0
1674635252179691 128645005055680 drain_beg 0 0 0 0 0 0
1674635252179861 128645005055680 drain_end 1 0 0 0 0 0
1674635252179961 128645005055680 take 143 0 0 0 0 0
1674635252180151 128645005055680 subm_beg 1 0 0 0 0 0
1674635252180371 128645005055680 submit 143 0 0 0 0 0
1674635252180511 128645005055680 subm_end 1 0 0 0 0 0
1674635252180541 128645005055680 pump_beg 1 0 0 0 0 0
1674635252313297 128645005055680 feedend 142 0 0 0 0 0
1674635252360335 128645005055680 feedend 142 1 0 0 0 0
1674635255589648 128645005055680 outfirst 142 1 65536 0 0 0
1674635255867488 128645005055680 outfirst 142 0 65536 0 0 0
1674635255893927 128645005055680 pump_end 1 2 0 0 0 0
1674635255893977 128645005055680 join_beg 1 0 0 0 0 0
1674635255894007 128645005055680 join_end 0 0 0 0 0 0
1674635255894067 128645005055680 book_beg 1 0 0 0 0 0
1674635255894227 128645005055680 batch 143 1 1 2 2 0
1674635255894257 128645005055680 book_end 1 0 0 0 0 0
1674635255894287 128645005055680 coll_beg 0 0 0 0 0 0
1674635255995443 128645005055680 coll_end 0 0 0 0 0 0
1674635255995543 128645005055680 rel_beg 1 0 0 0 0 0
1674635255997283 128645005055680 absorb 143 0 0 0 0 0
1674635255998413 128645005055680 rel_end 1 0 0 0 0 0
1674635256002363 128645005055680 wait_beg 0 0 0 0 0 0
1674635252172452 128645018953600 msgin 143 4718592 0 0 0 0
1674635252172812 128645018953600 enq 143 1 0 0 0 0
1674635256033972 128645018953600 ackslot 143 142 143 0 0 0
1674635256070361 128645018953600 send 18 0 0 142 142 1
1674635257205559 128645018953600 send 163326 0 0 142 142 1
1674635257564176 128645018953600 send 140357 0 0 142 142 1
1674635257567456 128645018953600 send 14 0 0 142 142 1
1674635257567636 128645018953600 egress 143 1 0 0 0 0
1674635258056578 128645018953600 cliack 143 0 144 143 0 0
1674635258056658 128645018953600 ackregion 143 143 143 0 0 0
1674635256024432 128644996662976 emit_beg 143 0 0 0 0 0
1674635256028152 128644996662976 dmg 0 1 0 0 1024 768
1674635256028382 128644996662976 enc 142 142 1 -1 -1 0
1674635256063501 128644996662976 emit_end 143 0 0 0 0 0
1674635267801095 128645005055680 wait_end 0 0 0 0 0 0
1674635267802205 128645005055680 drain_beg 0 0 0 0 0 0
1674635267802445 128645005055680 drain_end 1 0 0 0 0 0
1674635267802555 128645005055680 take 144 0 0 0 0 0
1674635267802775 128645005055680 subm_beg 1 0 0 0 0 0
1674635267803225 128645005055680 submit 144 0 0 0 0 0
1674635267803365 128645005055680 subm_end 1 0 0 0 0 0
1674635267803395 128645005055680 pump_beg 1 0 0 0 0 0
1674635267928791 128645005055680 feedend 143 0 0 0 0 0
1674635268016438 128645005055680 feedend 143 1 0 0 0 0
1674635267794416 128645018953600 msgin 144 4718592 0 0 0 0
1674635267794746 128645018953600 enq 144 1 0 0 0 0
1674635271415664 128645005055680 outfirst 143 1 65536 0 0 0
1674635271745352 128645005055680 outfirst 143 0 65536 0 0 0
1674635271780161 128645005055680 pump_end 1 2 0 0 0 0
1674635271780311 128645005055680 join_beg 1 0 0 0 0 0
1674635271780401 128645005055680 join_end 0 0 0 0 0 0
1674635271780481 128645005055680 book_beg 1 0 0 0 0 0
1674635271780811 128645005055680 batch 144 1 1 2 2 0
1674635271780841 128645005055680 book_end 1 0 0 0 0 0
1674635271780861 128645005055680 coll_beg 0 0 0 0 0 0
1674635271900317 128645005055680 coll_end 0 0 0 0 0 0
1674635271900417 128645005055680 rel_beg 1 0 0 0 0 0
1674635271900517 128645005055680 absorb 144 0 0 0 0 0
1674635271902037 128645005055680 rel_end 1 0 0 0 0 0
1674635271903117 128645005055680 wait_beg 0 0 0 0 0 0
1674635271906616 128645018953600 ackslot 144 143 144 0 0 0
1674635271950285 128645018953600 send 18 0 0 143 143 1
1674635272398329 128645018953600 send 195344 0 0 143 143 1
1674635272788075 128645018953600 send 166502 0 0 143 143 1
1674635272791164 128645018953600 send 14 0 0 143 143 1
1674635272791654 128645018953600 egress 144 1 0 0 0 0
1674635273550387 128645018953600 cliack 144 0 145 144 0 0
1674635273550457 128645018953600 ackregion 144 144 144 0 0 0
1674635271927746 128644996662976 emit_beg 144 0 0 0 0 0
1674635271934565 128644996662976 dmg 0 1 0 0 1024 768
1674635271934775 128644996662976 enc 143 143 1 -1 -1 0
1674635271979884 128644996662976 emit_end 144 0 0 0 0 0
1674635283337962 128645005055680 wait_end 0 0 0 0 0 0
1674635283339052 128645005055680 drain_beg 0 0 0 0 0 0
1674635283339252 128645005055680 drain_end 1 0 0 0 0 0
1674635283339352 128645005055680 take 145 0 0 0 0 0
1674635283339692 128645005055680 subm_beg 1 0 0 0 0 0
1674635283340062 128645005055680 submit 145 0 0 0 0 0
1674635283340202 128645005055680 subm_end 1 0 0 0 0 0
1674635283340232 128645005055680 pump_beg 1 0 0 0 0 0
1674635283464928 128645005055680 feedend 144 0 0 0 0 0
1674635283536645 128645005055680 feedend 144 1 0 0 0 0
1674635286681691 128645005055680 outfirst 144 1 65536 0 0 0
1674635287075957 128645005055680 outfirst 144 0 65536 0 0 0
1674635287105896 128645005055680 pump_end 1 2 0 0 0 0
1674635287106046 128645005055680 join_beg 1 0 0 0 0 0
1674635287106106 128645005055680 join_end 0 0 0 0 0 0
1674635287106166 128645005055680 book_beg 1 0 0 0 0 0
1674635287106356 128645005055680 batch 145 1 1 2 2 0
1674635287106386 128645005055680 book_end 1 0 0 0 0 0
1674635287106416 128645005055680 coll_beg 0 0 0 0 0 0
1674635287212652 128645005055680 coll_end 0 0 0 0 0 0
1674635287212742 128645005055680 rel_beg 1 0 0 0 0 0
1674635287212822 128645005055680 absorb 145 0 0 0 0 0
1674635287214382 128645005055680 rel_end 1 0 0 0 0 0
1674635287215672 128645005055680 wait_beg 0 0 0 0 0 0
1674635283332642 128645018953600 msgin 145 4718592 0 0 0 0
1674635283333022 128645018953600 enq 145 1 0 0 0 0
1674635287227581 128645018953600 ackslot 145 144 145 0 0 0
1674635287291629 128645018953600 send 18 0 0 144 144 1
1674635288181397 128645018953600 send 170546 0 0 144 144 1
1674635288505425 128645018953600 send 146176 0 0 144 144 1
1674635288508525 128645018953600 send 14 0 0 144 144 1
1674635288508625 128645018953600 egress 145 1 0 0 0 0
1674635289120503 128645018953600 cliack 145 0 146 145 0 0
1674635289120583 128645018953600 ackregion 145 145 145 0 0 0
1674635287239321 128644996662976 emit_beg 145 0 0 0 0 0
1674635287245601 128644996662976 dmg 0 1 0 0 1024 768
1674635287245881 128644996662976 enc 144 144 1 -1 -1 0
1674635287280789 128644996662976 emit_end 145 0 0 0 0 0
1674635300179392 128645005055680 wait_end 0 0 0 0 0 0
1674635300183292 128645005055680 drain_beg 0 0 0 0 0 0
1674635300183642 128645005055680 drain_end 1 0 0 0 0 0
1674635300183842 128645005055680 take 146 0 0 0 0 0
1674635300184152 128645005055680 subm_beg 1 0 0 0 0 0
1674635300184412 128645005055680 submit 146 0 0 0 0 0
1674635300184572 128645005055680 subm_end 1 0 0 0 0 0
1674635300184652 128645005055680 pump_beg 1 0 0 0 0 0
1674635300344796 128645005055680 feedend 145 0 0 0 0 0
1674635300506460 128645005055680 feedend 145 1 0 0 0 0
1674635300152703 128645018953600 msgin 146 4718592 0 0 0 0
1674635300152883 128645018953600 enq 146 1 0 0 0 0
1674635303700664 128645005055680 outfirst 145 1 65536 0 0 0
1674635303900817 128645005055680 outfirst 145 0 65536 0 0 0
1674635303931066 128645005055680 pump_end 1 2 0 0 0 0
1674635303931836 128645005055680 join_beg 1 0 0 0 0 0
1674635303932336 128645005055680 join_end 0 0 0 0 0 0
1674635303932496 128645005055680 book_beg 1 0 0 0 0 0
1674635303932816 128645005055680 batch 146 1 1 2 2 0
1674635303933006 128645005055680 book_end 1 0 0 0 0 0
1674635303933186 128645005055680 coll_beg 0 0 0 0 0 0
1674635304131769 128645005055680 coll_end 0 0 0 0 0 0
1674635304131979 128645005055680 rel_beg 1 0 0 0 0 0
1674635304132439 128645005055680 absorb 146 0 0 0 0 0
1674635304138398 128645005055680 rel_end 1 0 0 0 0 0
1674635304140508 128645005055680 wait_beg 0 0 0 0 0 0
1674635304178697 128645018953600 ackslot 146 145 146 0 0 0
1674635304229665 128645018953600 send 18 0 0 145 145 1
1674635305110563 128645018953600 send 163767 0 0 145 145 1
1674635305522788 128645018953600 send 138794 0 0 145 145 1
1674635305527008 128645018953600 send 14 0 0 145 145 1
1674635305527268 128645018953600 egress 146 1 0 0 0 0
1674635306036890 128645018953600 cliack 146 0 147 146 0 0
1674635306037010 128645018953600 ackregion 146 146 146 0 0 0
1674635304163627 128644996662976 emit_beg 146 0 0 0 0 0
1674635304166967 128644996662976 dmg 0 1 0 0 1024 768
1674635304167157 128644996662976 enc 145 145 1 -1 -1 0
1674635304215955 128644996662976 emit_end 146 0 0 0 0 0
1674635316083315 128645005055680 wait_end 0 0 0 0 0 0
1674635316087695 128645005055680 drain_beg 0 0 0 0 0 0
1674635316088035 128645005055680 drain_end 1 0 0 0 0 0
1674635316088215 128645005055680 take 147 0 0 0 0 0
1674635316088495 128645005055680 subm_beg 1 0 0 0 0 0
1674635316088835 128645005055680 submit 147 0 0 0 0 0
1674635316089045 128645005055680 subm_end 1 0 0 0 0 0
1674635316089125 128645005055680 pump_beg 1 0 0 0 0 0
1674635316243070 128645005055680 feedend 146 0 0 0 0 0
1674635316316307 128645005055680 feedend 146 1 0 0 0 0
1674635319403955 128645005055680 outfirst 146 1 65536 0 0 0
1674635319598998 128645005055680 outfirst 146 0 65536 0 0 0
1674635319635907 128645005055680 pump_end 1 2 0 0 0 0
1674635319636137 128645005055680 join_beg 1 0 0 0 0 0
1674635319636227 128645005055680 join_end 0 0 0 0 0 0
1674635319636397 128645005055680 book_beg 1 0 0 0 0 0
1674635319636687 128645005055680 batch 147 1 1 2 2 0
1674635319636767 128645005055680 book_end 1 0 0 0 0 0
1674635319636847 128645005055680 coll_beg 0 0 0 0 0 0
1674635319847599 128645005055680 coll_end 0 0 0 0 0 0
1674635319847689 128645005055680 rel_beg 1 0 0 0 0 0
1674635319847869 128645005055680 absorb 147 0 0 0 0 0
1674635319850689 128645005055680 rel_end 1 0 0 0 0 0
1674635319852759 128645005055680 wait_beg 0 0 0 0 0 0
1674635316047107 128645018953600 msgin 147 4718592 0 0 0 0
1674635316047497 128645018953600 enq 147 1 0 0 0 0
1674635319890257 128645018953600 ackslot 147 146 147 0 0 0
1674635319939556 128645018953600 send 18 0 0 146 146 1
1674635321148292 128645018953600 send 150693 0 0 146 146 1
1674635321439901 128645018953600 send 132636 0 0 146 146 1
1674635321443141 128645018953600 send 14 0 0 146 146 1
1674635321443321 128645018953600 egress 147 1 0 0 0 0
1674635319877678 128644996662976 emit_beg 147 0 0 0 0 0
1674635319881238 128644996662976 dmg 0 1 0 0 1024 768
1674635319881618 128644996662976 enc 146 146 1 -1 -1 0
1674635319912777 128644996662976 emit_end 147 0 0 0 0 0
1674635321838457 128645018953600 cliack 147 0 148 147 0 0
1674635321838677 128645018953600 ackregion 147 147 147 0 0 0
1674635331963110 128645005055680 wait_end 0 0 0 0 0 0
1674635331966970 128645005055680 drain_beg 0 0 0 0 0 0
1674635331967340 128645005055680 drain_end 1 0 0 0 0 0
1674635331967550 128645005055680 take 148 0 0 0 0 0
1674635331967870 128645005055680 subm_beg 1 0 0 0 0 0
1674635331968110 128645005055680 submit 148 0 0 0 0 0
1674635331968290 128645005055680 subm_end 1 0 0 0 0 0
1674635331968370 128645005055680 pump_beg 1 0 0 0 0 0
1674635332148083 128645005055680 feedend 147 0 0 0 0 0
1674635332312987 128645005055680 feedend 147 1 0 0 0 0
1674635335581229 128645005055680 outfirst 147 1 65536 0 0 0
1674635335839759 128645005055680 outfirst 147 0 65536 0 0 0
1674635335937016 128645005055680 pump_end 1 2 0 0 0 0
1674635335937496 128645005055680 join_beg 1 0 0 0 0 0
1674635335937926 128645005055680 join_end 0 0 0 0 0 0
1674635335938086 128645005055680 book_beg 1 0 0 0 0 0
1674635335938466 128645005055680 batch 148 1 1 2 2 0
1674635335938676 128645005055680 book_end 1 0 0 0 0 0
1674635335938896 128645005055680 coll_beg 0 0 0 0 0 0
1674635336097190 128645005055680 coll_end 0 0 0 0 0 0
1674635336097550 128645005055680 rel_beg 1 0 0 0 0 0
1674635336097960 128645005055680 absorb 148 0 0 0 0 0
1674635336101820 128645005055680 rel_end 1 0 0 0 0 0
1674635336103390 128645005055680 wait_beg 0 0 0 0 0 0
1674635331938261 128645018953600 msgin 148 4718592 0 0 0 0
1674635331938501 128645018953600 enq 148 1 0 0 0 0
1674635336138689 128645018953600 ackslot 148 147 148 0 0 0
1674635336177877 128645018953600 send 18 0 0 147 147 1
1674635337359704 128645018953600 send 181732 0 0 147 147 1
1674635337985752 128645018953600 send 150730 0 0 147 147 1
1674635337990182 128645018953600 send 14 0 0 147 147 1
1674635337990422 128645018953600 egress 148 1 0 0 0 0
1674635338059899 128645018953600 cliack 148 0 149 148 0 0
1674635338059999 128645018953600 ackregion 148 148 148 0 0 0
1674635336128539 128644996662976 emit_beg 148 0 0 0 0 0
1674635336132119 128644996662976 dmg 0 1 0 0 1024 768
1674635336132409 128644996662976 enc 147 147 1 -1 -1 0
1674635336167887 128644996662976 emit_end 148 0 0 0 0 0
1674635347714759 128645005055680 wait_end 0 0 0 0 0 0
1674635347719909 128645005055680 drain_beg 0 0 0 0 0 0
1674635347720319 128645005055680 drain_end 1 0 0 0 0 0
1674635347720579 128645005055680 take 149 0 0 0 0 0
1674635347721299 128645005055680 subm_beg 1 0 0 0 0 0
1674635347721639 128645005055680 submit 149 0 0 0 0 0
1674635347721849 128645005055680 subm_end 1 0 0 0 0 0
1674635347721929 128645005055680 pump_beg 1 0 0 0 0 0
1674635347869133 128645005055680 feedend 148 0 0 0 0 0
1674635347960910 128645005055680 feedend 148 1 0 0 0 0
1674635351063148 128645005055680 outfirst 148 1 65536 0 0 0
1674635351275700 128645005055680 outfirst 148 0 65536 0 0 0
1674635351345277 128645005055680 pump_end 1 2 0 0 0 0
1674635351345507 128645005055680 join_beg 1 0 0 0 0 0
1674635351345607 128645005055680 join_end 0 0 0 0 0 0
1674635351345777 128645005055680 book_beg 1 0 0 0 0 0
1674635351346077 128645005055680 batch 149 1 1 2 2 0
1674635351346157 128645005055680 book_end 1 0 0 0 0 0
1674635351346237 128645005055680 coll_beg 0 0 0 0 0 0
1674635351548330 128645005055680 coll_end 0 0 0 0 0 0
1674635351548430 128645005055680 rel_beg 1 0 0 0 0 0
1674635351548640 128645005055680 absorb 149 0 0 0 0 0
1674635351551800 128645005055680 rel_end 1 0 0 0 0 0
1674635351553830 128645005055680 wait_beg 0 0 0 0 0 0
1674635347681490 128645018953600 msgin 149 4718592 0 0 0 0
1674635347681950 128645018953600 enq 149 1 0 0 0 0
1674635351592328 128645018953600 ackslot 149 148 149 0 0 0
1674635351629087 128645018953600 send 18 0 0 148 148 1
1674635351577819 128644996662976 emit_beg 149 0 0 0 0 0
1674635351581219 128644996662976 dmg 0 1 0 0 1024 768
1674635351581509 128644996662976 enc 148 148 1 -1 -1 0
1674635351612368 128644996662976 emit_end 149 0 0 0 0 0
1674635352267364 128645018953600 send 144221 0 0 148 148 1
1674635352553814 128645018953600 send 131863 0 0 148 148 1
1674635352557023 128645018953600 send 14 0 0 148 148 1
1674635352557153 128645018953600 egress 149 1 0 0 0 0
1674635353089994 128645018953600 cliack 149 0 150 149 0 0
1674635353090084 128645018953600 ackregion 149 149 149 0 0 0
1674635364246030 128645005055680 wait_end 0 0 0 0 0 0
1674635364247350 128645005055680 drain_beg 0 0 0 0 0 0
1674635364247480 128645005055680 drain_end 1 0 0 0 0 0
1674635364247600 128645005055680 take 150 0 0 0 0 0
1674635364247840 128645005055680 subm_beg 1 0 0 0 0 0
1674635364248030 128645005055680 submit 150 0 0 0 0 0
1674635364248180 128645005055680 subm_end 1 0 0 0 0 0
1674635364248210 128645005055680 pump_beg 1 0 0 0 0 0
1674635364394755 128645005055680 feedend 149 0 0 0 0 0
1674635364447393 128645005055680 feedend 149 1 0 0 0 0
1674635367575169 128645005055680 outfirst 149 1 65536 0 0 0
1674635368104140 128645005055680 outfirst 149 0 65536 0 0 0
1674635368138899 128645005055680 pump_end 1 2 0 0 0 0
1674635368138949 128645005055680 join_beg 1 0 0 0 0 0
1674635368139139 128645005055680 join_end 0 0 0 0 0 0
1674635368139229 128645005055680 book_beg 1 0 0 0 0 0
1674635368139419 128645005055680 batch 150 1 1 2 2 0
1674635368139439 128645005055680 book_end 1 0 0 0 0 0
1674635368139589 128645005055680 coll_beg 0 0 0 0 0 0
1674635368250555 128645005055680 coll_end 0 0 0 0 0 0
1674635368250615 128645005055680 rel_beg 1 0 0 0 0 0
1674635368250725 128645005055680 absorb 150 0 0 0 0 0
1674635368252165 128645005055680 rel_end 1 0 0 0 0 0
1674635368253455 128645005055680 wait_beg 0 0 0 0 0 0
1674635364239690 128645018953600 msgin 150 4718592 0 0 0 0
1674635364240050 128645018953600 enq 150 1 0 0 0 0
1674635368285473 128645018953600 ackslot 150 149 150 0 0 0
1674635368332292 128645018953600 send 18 0 0 149 149 1
1674635369274958 128645018953600 send 180049 0 0 149 149 1
1674635369593326 128645018953600 send 141900 0 0 149 149 1
1674635369596856 128645018953600 send 14 0 0 149 149 1
1674635369596976 128645018953600 egress 150 1 0 0 0 0
1674635370136636 128645018953600 cliack 150 0 151 150 0 0
1674635370136736 128645018953600 ackregion 150 150 150 0 0 0
1674635368277864 128644996662976 emit_beg 150 0 0 0 0 0
1674635368281514 128644996662976 dmg 0 1 0 0 1024 768
1674635368281744 128644996662976 enc 149 149 1 -1 -1 0
1674635368318302 128644996662976 emit_end 150 0 0 0 0 0
1674635380030878 128645005055680 wait_end 0 0 0 0 0 0
1674635380032058 128645005055680 drain_beg 0 0 0 0 0 0
1674635380032198 128645005055680 drain_end 1 0 0 0 0 0
1674635380032278 128645005055680 take 151 0 0 0 0 0
1674635380032488 128645005055680 subm_beg 1 0 0 0 0 0
1674635380033018 128645005055680 submit 151 0 0 0 0 0
1674635380033178 128645005055680 subm_end 1 0 0 0 0 0
1674635380033198 128645005055680 pump_beg 1 0 0 0 0 0
1674635380201982 128645005055680 feedend 150 0 0 0 0 0
1674635380293928 128645005055680 feedend 150 1 0 0 0 0
1674635380024608 128645018953600 msgin 151 4718592 0 0 0 0
1674635380025218 128645018953600 enq 151 1 0 0 0 0
1674635383469123 128645005055680 outfirst 150 1 65536 0 0 0
1674635383628867 128645005055680 outfirst 150 0 65536 0 0 0
1674635383655316 128645005055680 pump_end 1 2 0 0 0 0
1674635383655386 128645005055680 join_beg 1 0 0 0 0 0
1674635383655516 128645005055680 join_end 0 0 0 0 0 0
1674635383655586 128645005055680 book_beg 1 0 0 0 0 0
1674635383655876 128645005055680 batch 151 1 1 2 2 0
1674635383655896 128645005055680 book_end 1 0 0 0 0 0
1674635383655926 128645005055680 coll_beg 0 0 0 0 0 0
1674635383755723 128645005055680 coll_end 0 0 0 0 0 0
1674635383755813 128645005055680 rel_beg 1 0 0 0 0 0
1674635383755923 128645005055680 absorb 151 0 0 0 0 0
1674635383757873 128645005055680 rel_end 1 0 0 0 0 0
1674635383759073 128645005055680 wait_beg 0 0 0 0 0 0
1674635383762493 128645018953600 ackslot 151 150 151 0 0 0
1674635383821390 128645018953600 send 18 0 0 150 150 1
1674635384170458 128645018953600 send 154535 0 0 150 150 1
1674635384479587 128645018953600 send 140685 0 0 150 150 1
1674635384483196 128645018953600 send 14 0 0 150 150 1
1674635384483306 128645018953600 egress 151 1 0 0 0 0
1674635385108674 128645018953600 cliack 151 0 152 151 0 0
1674635385108764 128645018953600 ackregion 151 151 151 0 0 0
1674635383785312 128644996662976 emit_beg 151 0 0 0 0 0
1674635383791462 128644996662976 dmg 0 1 0 0 1024 768
1674635383791782 128644996662976 enc 150 150 1 -1 -1 0
1674635383825070 128644996662976 emit_end 151 0 0 0 0 0
1674635396129094 128645005055680 wait_end 0 0 0 0 0 0
1674635396132054 128645005055680 drain_beg 0 0 0 0 0 0
1674635396132334 128645005055680 drain_end 1 0 0 0 0 0
1674635396132524 128645005055680 take 152 0 0 0 0 0
1674635396132834 128645005055680 subm_beg 1 0 0 0 0 0
1674635396133634 128645005055680 submit 152 0 0 0 0 0
1674635396133794 128645005055680 subm_end 1 0 0 0 0 0
1674635396133874 128645005055680 pump_beg 1 0 0 0 0 0
1674635396294638 128645005055680 feedend 151 0 0 0 0 0
1674635396454862 128645005055680 feedend 151 1 0 0 0 0
1674635399622168 128645005055680 outfirst 151 1 65536 0 0 0
1674635399975995 128645005055680 outfirst 151 0 65536 0 0 0
1674635400022103 128645005055680 pump_end 1 2 0 0 0 0
1674635400022423 128645005055680 join_beg 1 0 0 0 0 0
1674635400022933 128645005055680 join_end 0 0 0 0 0 0
1674635400023123 128645005055680 book_beg 1 0 0 0 0 0
1674635400023553 128645005055680 batch 152 1 1 2 2 0
1674635400023763 128645005055680 book_end 1 0 0 0 0 0
1674635400023973 128645005055680 coll_beg 0 0 0 0 0 0
1674635400223646 128645005055680 coll_end 0 0 0 0 0 0
1674635400223776 128645005055680 rel_beg 1 0 0 0 0 0
1674635400224286 128645005055680 absorb 152 0 0 0 0 0
1674635400229896 128645005055680 rel_end 1 0 0 0 0 0
1674635400231656 128645005055680 wait_beg 0 0 0 0 0 0
1674635396119705 128645018953600 msgin 152 4718592 0 0 0 0
1674635396120115 128645018953600 enq 152 1 0 0 0 0
1674635400270454 128645018953600 ackslot 152 151 152 0 0 0
1674635400314903 128645018953600 send 18 0 0 151 151 1
1674635401191631 128645018953600 send 174449 0 0 151 151 1
1674635401614355 128645018953600 send 146918 0 0 151 151 1
1674635401618795 128645018953600 send 14 0 0 151 151 1
1674635401619165 128645018953600 egress 152 1 0 0 0 0
1674635402136637 128645018953600 cliack 152 0 153 152 0 0
1674635402136767 128645018953600 ackregion 152 152 152 0 0 0
1674635400255305 128644996662976 emit_beg 152 0 0 0 0 0
1674635400258755 128644996662976 dmg 0 1 0 0 1024 768
1674635400259035 128644996662976 enc 151 151 1 -1 -1 0
1674635400298603 128644996662976 emit_end 152 0 0 0 0 0
1674635411880443 128645005055680 wait_end 0 0 0 0 0 0
1674635411886563 128645005055680 drain_beg 0 0 0 0 0 0
1674635411886913 128645005055680 drain_end 1 0 0 0 0 0
1674635411887113 128645005055680 take 153 0 0 0 0 0
1674635411887383 128645005055680 subm_beg 1 0 0 0 0 0
1674635411887873 128645005055680 submit 153 0 0 0 0 0
1674635411888073 128645005055680 subm_end 1 0 0 0 0 0
1674635411888153 128645005055680 pump_beg 1 0 0 0 0 0
1674635412094336 128645005055680 feedend 152 0 0 0 0 0
1674635412169883 128645005055680 feedend 152 1 0 0 0 0
1674635411848235 128645018953600 msgin 153 4718592 0 0 0 0
1674635411848495 128645018953600 enq 153 1 0 0 0 0
1674635415570130 128645005055680 outfirst 152 1 65536 0 0 0
1674635415788242 128645005055680 outfirst 152 0 65536 0 0 0
1674635415822240 128645005055680 pump_end 1 2 0 0 0 0
1674635415822420 128645005055680 join_beg 1 0 0 0 0 0
1674635415822460 128645005055680 join_end 0 0 0 0 0 0
1674635415822520 128645005055680 book_beg 1 0 0 0 0 0
1674635415822780 128645005055680 batch 153 1 1 2 2 0
1674635415822810 128645005055680 book_end 1 0 0 0 0 0
1674635415822830 128645005055680 coll_beg 0 0 0 0 0 0
1674635415940646 128645005055680 coll_end 0 0 0 0 0 0
1674635415940766 128645005055680 rel_beg 1 0 0 0 0 0
1674635415940996 128645005055680 absorb 153 0 0 0 0 0
1674635415942756 128645005055680 rel_end 1 0 0 0 0 0
1674635415944646 128645005055680 wait_beg 0 0 0 0 0 0
1674635415976215 128645018953600 ackslot 153 152 153 0 0 0
1674635416047502 128645018953600 send 18 0 0 152 152 1
1674635417108744 128645018953600 send 176869 0 0 152 152 1
1674635417459901 128645018953600 send 159018 0 0 152 152 1
1674635417463141 128645018953600 send 14 0 0 152 152 1
1674635417463411 128645018953600 egress 153 1 0 0 0 0
1674635418116667 128645018953600 cliack 153 0 154 153 0 0
1674635418116887 128645018953600 ackregion 153 153 153 0 0 0
1674635415969365 128644996662976 emit_beg 153 0 0 0 0 0
1674635415972965 128644996662976 dmg 0 1 0 0 1024 768
1674635415973285 128644996662976 enc 152 152 1 -1 -1 0
1674635416017313 128644996662976 emit_end 153 0 0 0 0 0
1674635428017748 128645005055680 wait_end 0 0 0 0 0 0
1674635428023358 128645005055680 drain_beg 0 0 0 0 0 0
1674635428023788 128645005055680 drain_end 1 0 0 0 0 0
1674635428024078 128645005055680 take 154 0 0 0 0 0
1674635428024638 128645005055680 subm_beg 1 0 0 0 0 0
1674635428024958 128645005055680 submit 154 0 0 0 0 0
1674635428025068 128645005055680 subm_end 1 0 0 0 0 0
1674635428025148 128645005055680 pump_beg 1 0 0 0 0 0
1674635428183872 128645005055680 feedend 153 0 0 0 0 0
1674635428335447 128645005055680 feedend 153 1 0 0 0 0
1674635431710825 128645005055680 outfirst 153 1 65536 0 0 0
1674635432063232 128645005055680 outfirst 153 0 65536 0 0 0
1674635432113000 128645005055680 pump_end 1 2 0 0 0 0
1674635432119280 128645005055680 join_beg 1 0 0 0 0 0
1674635432119520 128645005055680 join_end 0 0 0 0 0 0
1674635432119720 128645005055680 book_beg 1 0 0 0 0 0
1674635432120160 128645005055680 batch 154 1 1 2 2 0
1674635432120260 128645005055680 book_end 1 0 0 0 0 0
1674635432120330 128645005055680 coll_beg 0 0 0 0 0 0
1674635432352691 128645005055680 coll_end 0 0 0 0 0 0
1674635432352801 128645005055680 rel_beg 1 0 0 0 0 0
1674635432353261 128645005055680 absorb 154 0 0 0 0 0
1674635432358101 128645005055680 rel_end 1 0 0 0 0 0
1674635432359971 128645005055680 wait_beg 0 0 0 0 0 0
1674635427989939 128645018953600 msgin 154 4718592 0 0 0 0
1674635427990189 128645018953600 enq 154 1 0 0 0 0
1674635432395350 128645018953600 ackslot 154 153 154 0 0 0
1674635432441298 128645018953600 send 18 0 0 153 153 1
1674635432383190 128644996662976 emit_beg 154 0 0 0 0 0
1674635432386580 128644996662976 dmg 0 1 0 0 1024 768
1674635432386760 128644996662976 enc 153 153 1 -1 -1 0
1674635432435598 128644996662976 emit_end 154 0 0 0 0 0
1674635433318956 128645018953600 send 198465 0 0 153 153 1
1674635433792529 128645018953600 send 163501 0 0 153 153 1
1674635433796889 128645018953600 send 14 0 0 153 153 1
1674635433797249 128645018953600 egress 154 1 0 0 0 0
1674635434370658 128645018953600 cliack 154 0 155 154 0 0
1674635434370778 128645018953600 ackregion 154 154 154 0 0 0
1674635443840585 128645005055680 wait_end 0 0 0 0 0 0
1674635443845405 128645005055680 drain_beg 0 0 0 0 0 0
1674635443845745 128645005055680 drain_end 1 0 0 0 0 0
1674635443845935 128645005055680 take 155 0 0 0 0 0
1674635443846245 128645005055680 subm_beg 1 0 0 0 0 0
1674635443846675 128645005055680 submit 155 0 0 0 0 0
1674635443846845 128645005055680 subm_end 1 0 0 0 0 0
1674635443846925 128645005055680 pump_beg 1 0 0 0 0 0
1674635443983370 128645005055680 feedend 154 0 0 0 0 0
1674635444121695 128645005055680 feedend 154 1 0 0 0 0
1674635447075578 128645005055680 outfirst 154 1 65536 0 0 0
1674635447409326 128645005055680 outfirst 154 0 65536 0 0 0
1674635447456394 128645005055680 pump_end 1 2 0 0 0 0
1674635447456804 128645005055680 join_beg 1 0 0 0 0 0
1674635447457364 128645005055680 join_end 0 0 0 0 0 0
1674635447457614 128645005055680 book_beg 1 0 0 0 0 0
1674635447458204 128645005055680 batch 155 1 1 2 2 0
1674635447458344 128645005055680 book_end 1 0 0 0 0 0
1674635447458464 128645005055680 coll_beg 0 0 0 0 0 0
1674635447665866 128645005055680 coll_end 0 0 0 0 0 0
1674635447665976 128645005055680 rel_beg 1 0 0 0 0 0
1674635447666306 128645005055680 absorb 155 0 0 0 0 0
1674635447672186 128645005055680 rel_end 1 0 0 0 0 0
1674635447674396 128645005055680 wait_beg 0 0 0 0 0 0
1674635443806766 128645018953600 msgin 155 4718592 0 0 0 0
1674635443807326 128645018953600 enq 155 1 0 0 0 0
1674635447706785 128645018953600 ackslot 155 154 155 0 0 0
1674635447760493 128645018953600 send 18 0 0 154 154 1
1674635448630301 128645018953600 send 140392 0 0 154 154 1
1674635449173852 128645018953600 send 115206 0 0 154 154 1
1674635449176972 128645018953600 send 14 0 0 154 154 1
1674635449177082 128645018953600 egress 155 1 0 0 0 0
1674635449712502 128645018953600 cliack 155 0 156 155 0 0
1674635449715242 128645018953600 ackregion 155 155 155 0 0 0
1674635447698715 128644996662976 emit_beg 155 0 0 0 0 0
1674635447702135 128644996662976 dmg 0 1 0 0 1024 768
1674635447702435 128644996662976 enc 154 154 1 -1 -1 0
1674635447731824 128644996662976 emit_end 155 0 0 0 0 0
1674635459524267 128645005055680 wait_end 0 0 0 0 0 0
1674635459529276 128645005055680 drain_beg 0 0 0 0 0 0
1674635459530156 128645005055680 drain_end 1 0 0 0 0 0
1674635459530496 128645005055680 take 156 0 0 0 0 0
1674635459531386 128645005055680 subm_beg 1 0 0 0 0 0
1674635459532596 128645005055680 submit 156 0 0 0 0 0
1674635459532766 128645005055680 subm_end 1 0 0 0 0 0
1674635459532926 128645005055680 pump_beg 1 0 0 0 0 0
1674635459711890 128645005055680 feedend 155 0 0 0 0 0
1674635459808126 128645005055680 feedend 155 1 0 0 0 0
1674635459507087 128645018953600 msgin 156 4718592 0 0 0 0
1674635459507327 128645018953600 enq 156 1 0 0 0 0
1674635462887395 128645005055680 outfirst 155 1 65536 0 0 0
1674635463116816 128645005055680 outfirst 155 0 65536 0 0 0
1674635463149265 128645005055680 pump_end 1 2 0 0 0 0
1674635463149395 128645005055680 join_beg 1 0 0 0 0 0
1674635463149495 128645005055680 join_end 0 0 0 0 0 0
1674635463149805 128645005055680 book_beg 1 0 0 0 0 0
1674635463150075 128645005055680 batch 156 1 1 2 2 0
1674635463150165 128645005055680 book_end 1 0 0 0 0 0
1674635463150245 128645005055680 coll_beg 0 0 0 0 0 0
1674635463369557 128645005055680 coll_end 0 0 0 0 0 0
1674635463369677 128645005055680 rel_beg 1 0 0 0 0 0
1674635463369887 128645005055680 absorb 156 0 0 0 0 0
1674635463373557 128645005055680 rel_end 1 0 0 0 0 0
1674635463375577 128645005055680 wait_beg 0 0 0 0 0 0
1674635463405346 128645018953600 ackslot 156 155 156 0 0 0
1674635463442025 128645018953600 send 18 0 0 155 155 1
1674635464259675 128645018953600 send 154547 0 0 155 155 1
1674635464544315 128645018953600 send 133217 0 0 155 155 1
1674635464547495 128645018953600 send 14 0 0 155 155 1
1674635464547605 128645018953600 egress 156 1 0 0 0 0
1674635465121334 128645018953600 cliack 156 0 157 156 0 0
1674635465121424 128645018953600 ackregion 156 156 156 0 0 0
1674635463399886 128644996662976 emit_beg 156 0 0 0 0 0
1674635463403726 128644996662976 dmg 0 1 0 0 1024 768
1674635463404016 128644996662976 enc 155 155 1 -1 -1 0
1674635463437295 128644996662976 emit_end 156 0 0 0 0 0
1674635475470519 128645005055680 wait_end 0 0 0 0 0 0
1674635475472389 128645005055680 drain_beg 0 0 0 0 0 0
1674635475472739 128645005055680 drain_end 1 0 0 0 0 0
1674635475472879 128645005055680 take 157 0 0 0 0 0
1674635475473299 128645005055680 subm_beg 1 0 0 0 0 0
1674635475473709 128645005055680 submit 157 0 0 0 0 0
1674635475473769 128645005055680 subm_end 1 0 0 0 0 0
1674635475473809 128645005055680 pump_beg 1 0 0 0 0 0
1674635475604374 128645005055680 feedend 156 0 0 0 0 0
1674635475648302 128645005055680 feedend 156 1 0 0 0 0
1674635478487859 128645005055680 outfirst 156 1 65536 0 0 0
1674635478756730 128645005055680 outfirst 156 0 65536 0 0 0
1674635478774439 128645005055680 pump_end 1 2 0 0 0 0
1674635478774559 128645005055680 join_beg 1 0 0 0 0 0
1674635478774889 128645005055680 join_end 0 0 0 0 0 0
1674635478774959 128645005055680 book_beg 1 0 0 0 0 0
1674635478775179 128645005055680 batch 157 1 1 2 2 0
1674635478775219 128645005055680 book_end 1 0 0 0 0 0
1674635478775279 128645005055680 coll_beg 0 0 0 0 0 0
1674635478862126 128645005055680 coll_end 0 0 0 0 0 0
1674635478862166 128645005055680 rel_beg 1 0 0 0 0 0
1674635478862276 128645005055680 absorb 157 0 0 0 0 0
1674635478864226 128645005055680 rel_end 1 0 0 0 0 0
1674635478865666 128645005055680 wait_beg 0 0 0 0 0 0
1674635475462479 128645018953600 msgin 157 4718592 0 0 0 0
1674635475463109 128645018953600 enq 157 1 0 0 0 0
1674635478899464 128645018953600 ackslot 157 156 157 0 0 0
1674635478963832 128645018953600 send 18 0 0 156 156 1
1674635479769273 128645018953600 send 129960 0 0 156 156 1
1674635480265435 128645018953600 send 108388 0 0 156 156 1
1674635480268595 128645018953600 send 14 0 0 156 156 1
1674635480268715 128645018953600 egress 157 1 0 0 0 0
1674635480722058 128645018953600 cliack 157 0 158 157 0 0
1674635480722148 128645018953600 ackregion 157 157 157 0 0 0
1674635478889895 128644996662976 emit_beg 157 0 0 0 0 0
1674635478893715 128644996662976 dmg 0 1 0 0 1024 768
1674635478893945 128644996662976 enc 156 156 1 -1 -1 0
1674635478921814 128644996662976 emit_end 157 0 0 0 0 0
1674635491458759 128645005055680 wait_end 0 0 0 0 0 0
1674635491460789 128645005055680 drain_beg 0 0 0 0 0 0
1674635491464379 128645005055680 drain_end 1 0 0 0 0 0
1674635491464509 128645005055680 take 158 0 0 0 0 0
1674635491464929 128645005055680 subm_beg 1 0 0 0 0 0
1674635491465749 128645005055680 submit 158 0 0 0 0 0
1674635491465879 128645005055680 subm_end 1 0 0 0 0 0
1674635491465929 128645005055680 pump_beg 1 0 0 0 0 0
1674635491599734 128645005055680 feedend 157 0 0 0 0 0
1674635491672481 128645005055680 feedend 157 1 0 0 0 0
1674635491449889 128645018953600 msgin 158 4718592 0 0 0 0
1674635491450519 128645018953600 enq 158 1 0 0 0 0
1674635494676463 128645005055680 outfirst 157 1 65536 0 0 0
1674635495003991 128645005055680 outfirst 157 0 65536 0 0 0
1674635495036520 128645005055680 pump_end 1 2 0 0 0 0
1674635495036750 128645005055680 join_beg 1 0 0 0 0 0
1674635495036810 128645005055680 join_end 0 0 0 0 0 0
1674635495036880 128645005055680 book_beg 1 0 0 0 0 0
1674635495037110 128645005055680 batch 158 1 1 2 2 0
1674635495037160 128645005055680 book_end 1 0 0 0 0 0
1674635495037180 128645005055680 coll_beg 0 0 0 0 0 0
1674635495145556 128645005055680 coll_end 0 0 0 0 0 0
1674635495145586 128645005055680 rel_beg 1 0 0 0 0 0
1674635495145696 128645005055680 absorb 158 0 0 0 0 0
1674635495147856 128645005055680 rel_end 1 0 0 0 0 0
1674635495149175 128645005055680 wait_beg 0 0 0 0 0 0
1674635495153545 128645018953600 ackslot 158 157 158 0 0 0
1674635495224173 128645018953600 send 18 0 0 157 157 1
1674635495597609 128645018953600 send 163238 0 0 157 157 1
1674635495906608 128645018953600 send 128684 0 0 157 157 1
1674635495915758 128645018953600 send 14 0 0 157 157 1
1674635495915908 128645018953600 egress 158 1 0 0 0 0
1674635496943040 128645018953600 cliack 158 0 159 158 0 0
1674635496943120 128645018953600 ackregion 158 158 158 0 0 0
1674635495173295 128644996662976 emit_beg 158 0 0 0 0 0
1674635495180074 128644996662976 dmg 0 1 0 0 1024 768
1674635495180364 128644996662976 enc 157 157 1 -1 -1 0
1674635495212293 128644996662976 emit_end 158 0 0 0 0 0
1674635507905783 128645005055680 wait_end 0 0 0 0 0 0
1674635507907433 128645005055680 drain_beg 0 0 0 0 0 0
1674635507907653 128645005055680 drain_end 1 0 0 0 0 0
1674635507907773 128645005055680 take 159 0 0 0 0 0
1674635507908033 128645005055680 subm_beg 1 0 0 0 0 0
1674635507908683 128645005055680 submit 159 0 0 0 0 0
1674635507908823 128645005055680 subm_end 1 0 0 0 0 0
1674635507908873 128645005055680 pump_beg 1 0 0 0 0 0
1674635508074467 128645005055680 feedend 158 0 0 0 0 0
1674635508114095 128645005055680 feedend 158 1 0 0 0 0
1674635511473304 128645005055680 outfirst 158 1 65536 0 0 0
1674635511872939 128645005055680 outfirst 158 0 65536 0 0 0
1674635511910548 128645005055680 pump_end 1 2 0 0 0 0
1674635511910698 128645005055680 join_beg 1 0 0 0 0 0
1674635511910878 128645005055680 join_end 0 0 0 0 0 0
1674635511910948 128645005055680 book_beg 1 0 0 0 0 0
1674635511911118 128645005055680 batch 159 1 1 2 2 0
1674635511911148 128645005055680 book_end 1 0 0 0 0 0
1674635511911168 128645005055680 coll_beg 0 0 0 0 0 0
1674635512041513 128645005055680 coll_end 0 0 0 0 0 0
1674635512041603 128645005055680 rel_beg 1 0 0 0 0 0
1674635512041703 128645005055680 absorb 159 0 0 0 0 0
1674635512043813 128645005055680 rel_end 1 0 0 0 0 0
1674635512045043 128645005055680 wait_beg 0 0 0 0 0 0
1674635507898853 128645018953600 msgin 159 4718592 0 0 0 0
1674635507899433 128645018953600 enq 159 1 0 0 0 0
1674635512056593 128645018953600 ackslot 159 158 159 0 0 0
1674635512128030 128645018953600 send 18 0 0 158 158 1
1674635512069482 128644996662976 emit_beg 159 0 0 0 0 0
1674635512076222 128644996662976 dmg 0 1 0 0 1024 768
1674635512076452 128644996662976 enc 158 158 1 -1 -1 0
1674635512114071 128644996662976 emit_end 159 0 0 0 0 0
1674635513229610 128645018953600 send 192777 0 0 158 158 1
1674635513591497 128645018953600 send 168050 0 0 158 158 1
1674635513594817 128645018953600 send 14 0 0 158 158 1
1674635513595007 128645018953600 egress 159 1 0 0 0 0
1674635514266863 128645018953600 cliack 159 0 160 159 0 0
1674635514267043 128645018953600 ackregion 159 159 159 0 0 0
1674635523581445 128645005055680 wait_end 0 0 0 0 0 0
1674635523583085 128645005055680 drain_beg 0 0 0 0 0 0
1674635523583295 128645005055680 drain_end 1 0 0 0 0 0
1674635523583405 128645005055680 take 160 0 0 0 0 0
1674635523583715 128645005055680 subm_beg 1 0 0 0 0 0
1674635523584225 128645005055680 submit 160 0 0 0 0 0
1674635523584365 128645005055680 subm_end 1 0 0 0 0 0
1674635523584395 128645005055680 pump_beg 1 0 0 0 0 0
1674635523734769 128645005055680 feedend 159 0 0 0 0 0
1674635523794417 128645005055680 feedend 159 1 0 0 0 0
1674635527119387 128645005055680 outfirst 159 1 65536 0 0 0
1674635527671407 128645005055680 outfirst 159 0 65536 0 0 0
1674635527710075 128645005055680 pump_end 1 2 0 0 0 0
1674635527710285 128645005055680 join_beg 1 0 0 0 0 0
1674635527710835 128645005055680 join_end 0 0 0 0 0 0
1674635527710905 128645005055680 book_beg 1 0 0 0 0 0
1674635527711055 128645005055680 batch 160 1 1 2 2 0
1674635527711095 128645005055680 book_end 1 0 0 0 0 0
1674635527711115 128645005055680 coll_beg 0 0 0 0 0 0
1674635527834151 128645005055680 coll_end 0 0 0 0 0 0
1674635527834201 128645005055680 rel_beg 1 0 0 0 0 0
1674635527834301 128645005055680 absorb 160 0 0 0 0 0
1674635527836801 128645005055680 rel_end 1 0 0 0 0 0
1674635527838121 128645005055680 wait_beg 0 0 0 0 0 0
1674635528813875 128645005055680 wait_end 0 0 0 0 0 0
1674635528815065 128645005055680 drain_beg 0 0 0 0 0 0
1674635528815195 128645005055680 drain_end 1 0 0 0 0 0
1674635528815305 128645005055680 take 161 0 0 0 0 0
1674635528815395 128645005055680 subm_beg 1 0 0 0 0 0
1674635528815805 128645005055680 submit 161 0 0 0 0 0
1674635528815945 128645005055680 subm_end 1 0 0 0 0 0
1674635528815975 128645005055680 pump_beg 1 0 0 0 0 0
1674635528931981 128645005055680 feedend 160 0 0 0 0 0
1674635528982499 128645005055680 feedend 160 1 0 0 0 0
1674635532006240 128645005055680 outfirst 160 1 65536 0 0 0
1674635532468563 128645005055680 outfirst 160 0 65536 0 0 0
1674635532496702 128645005055680 pump_end 1 2 0 0 0 0
1674635532496832 128645005055680 join_beg 1 0 0 0 0 0
1674635532496862 128645005055680 join_end 0 0 0 0 0 0
1674635532496922 128645005055680 book_beg 1 0 0 0 0 0
1674635532499072 128645005055680 batch 161 1 1 2 2 0
1674635532499102 128645005055680 book_end 1 0 0 0 0 0
1674635532499132 128645005055680 coll_beg 0 0 0 0 0 0
1674635532602308 128645005055680 coll_end 0 0 0 0 0 0
1674635532602398 128645005055680 rel_beg 1 0 0 0 0 0
1674635532602468 128645005055680 absorb 161 0 0 0 0 0
1674635532603838 128645005055680 rel_end 1 0 0 0 0 0
1674635532605078 128645005055680 wait_beg 0 0 0 0 0 0
1674635523575065 128645018953600 msgin 160 4718592 0 0 0 0
1674635523575385 128645018953600 enq 160 1 0 0 0 0
1674635527841281 128645018953600 ackslot 160 159 160 0 0 0
1674635527896529 128645018953600 send 18 0 0 159 159 1
1674635528350982 128645018953600 send 200290 0 0 159 159 1
1674635528733888 128645018953600 send 156528 0 0 159 159 1
1674635528737438 128645018953600 send 14 0 0 159 159 1
1674635528737588 128645018953600 egress 160 1 0 0 0 0
1674635528809935 128645018953600 msgin 161 4718592 0 0 0 0
1674635528810305 128645018953600 enq 161 1 0 0 0 0
1674635529921925 128645018953600 cliack 160 0 161 160 0 0
1674635529922015 128645018953600 ackregion 160 160 160 0 0 0
1674635532608248 128645018953600 ackslot 161 160 161 0 0 0
1674635532653136 128645018953600 send 18 0 0 160 160 1
1674635533035282 128645018953600 send 166857 0 0 160 160 1
1674635527862050 128644996662976 emit_beg 160 0 0 0 0 0
1674635527868410 128644996662976 dmg 0 1 0 0 1024 768
1674635527868640 128644996662976 enc 159 159 1 -1 -1 0
1674635527909898 128644996662976 emit_end 160 0 0 0 0 0
1674635532629577 128644996662976 emit_beg 161 0 0 0 0 0
1674635532636267 128644996662976 dmg 0 1 0 0 1024 768
1674635532636497 128644996662976 enc 160 160 1 -1 -1 0
1674635532674945 128644996662976 emit_end 161 0 0 0 0 0
1674635533345531 128645018953600 send 138399 0 0 160 160 1
1674635533352361 128645018953600 send 14 0 0 160 160 1
1674635533352851 128645018953600 egress 161 1 0 0 0 0
1674635534613605 128645018953600 cliack 161 0 162 161 0 0
1674635534613685 128645018953600 ackregion 161 161 161 0 0 0
1674635544061403 128645005055680 wait_end 0 0 0 0 0 0
1674635544063533 128645005055680 drain_beg 0 0 0 0 0 0
1674635544063843 128645005055680 drain_end 1 0 0 0 0 0
1674635544063963 128645005055680 take 162 0 0 0 0 0
1674635544064533 128645005055680 subm_beg 1 0 0 0 0 0
1674635544065453 128645005055680 submit 162 0 0 0 0 0
1674635544065493 128645005055680 subm_end 1 0 0 0 0 0
1674635544065533 128645005055680 pump_beg 1 0 0 0 0 0
1674635544223367 128645005055680 feedend 161 0 0 0 0 0
1674635544281795 128645005055680 feedend 161 1 0 0 0 0
1674635547437750 128645005055680 outfirst 161 1 65536 0 0 0
1674635547802687 128645005055680 outfirst 161 0 65536 0 0 0
1674635547833856 128645005055680 pump_end 1 2 0 0 0 0
1674635547833936 128645005055680 join_beg 1 0 0 0 0 0
1674635547834196 128645005055680 join_end 0 0 0 0 0 0
1674635547834266 128645005055680 book_beg 1 0 0 0 0 0
1674635547834696 128645005055680 batch 162 1 1 2 2 0
1674635547834726 128645005055680 book_end 1 0 0 0 0 0
1674635547834756 128645005055680 coll_beg 0 0 0 0 0 0
1674635547949792 128645005055680 coll_end 0 0 0 0 0 0
1674635547949852 128645005055680 rel_beg 1 0 0 0 0 0
1674635547949942 128645005055680 absorb 162 0 0 0 0 0
1674635547952082 128645005055680 rel_end 1 0 0 0 0 0
1674635547953732 128645005055680 wait_beg 0 0 0 0 0 0
1674635544053023 128645018953600 msgin 162 4718592 0 0 0 0
1674635544053213 128645018953600 enq 162 1 0 0 0 0
1674635547956372 128645018953600 ackslot 162 161 162 0 0 0
1674635548016979 128645018953600 send 18 0 0 161 161 1
1674635548401225 128645018953600 send 170044 0 0 161 161 1
1674635548714054 128645018953600 send 141162 0 0 161 161 1
1674635548717404 128645018953600 send 14 0 0 161 161 1
1674635548717514 128645018953600 egress 162 1 0 0 0 0
1674635549734777 128645018953600 cliack 162 0 163 162 0 0
1674635549734857 128645018953600 ackregion 162 162 162 0 0 0
1674635547978611 128644996662976 emit_beg 162 0 0 0 0 0
1674635547985191 128644996662976 dmg 0 1 0 0 1024 768
1674635547985471 128644996662976 enc 161 161 1 -1 -1 0
1674635548025919 128644996662976 emit_end 162 0 0 0 0 0
1674635559793362 128645005055680 wait_end 0 0 0 0 0 0
1674635559795202 128645005055680 drain_beg 0 0 0 0 0 0
1674635559795352 128645005055680 drain_end 1 0 0 0 0 0
1674635559795412 128645005055680 take 163 0 0 0 0 0
1674635559795922 128645005055680 subm_beg 1 0 0 0 0 0
1674635559796782 128645005055680 submit 163 0 0 0 0 0
1674635559796912 128645005055680 subm_end 1 0 0 0 0 0
1674635559796952 128645005055680 pump_beg 1 0 0 0 0 0
1674635559913718 128645005055680 feedend 162 0 0 0 0 0
1674635560011985 128645005055680 feedend 162 1 0 0 0 0
1674635562954128 128645005055680 outfirst 162 1 65536 0 0 0
1674635563319565 128645005055680 outfirst 162 0 65536 0 0 0
1674635563344194 128645005055680 pump_end 1 2 0 0 0 0
1674635563344264 128645005055680 join_beg 1 0 0 0 0 0
1674635563344554 128645005055680 join_end 0 0 0 0 0 0
1674635563344634 128645005055680 book_beg 1 0 0 0 0 0
1674635563344844 128645005055680 batch 163 1 1 2 2 0
1674635563344924 128645005055680 book_end 1 0 0 0 0 0
1674635563344954 128645005055680 coll_beg 0 0 0 0 0 0
1674635559785293 128645018953600 msgin 163 4718592 0 0 0 0
1674635559785953 128645018953600 enq 163 1 0 0 0 0
1674635563444860 128645005055680 coll_end 0 0 0 0 0 0
1674635563444910 128645005055680 rel_beg 1 0 0 0 0 0
1674635563445010 128645005055680 absorb 163 0 0 0 0 0
1674635563446950 128645005055680 rel_end 1 0 0 0 0 0
1674635563448670 128645005055680 wait_beg 0 0 0 0 0 0
1674635563453310 128645018953600 ackslot 163 162 163 0 0 0
1674635563519607 128645018953600 send 18 0 0 162 162 1
1674635563881234 128645018953600 send 150732 0 0 162 162 1
1674635564162754 128645018953600 send 119868 0 0 162 162 1
1674635564166194 128645018953600 send 14 0 0 162 162 1
1674635564166374 128645018953600 egress 163 1 0 0 0 0
1674635564787812 128645018953600 cliack 163 0 164 163 0 0
1674635564787912 128645018953600 ackregion 163 163 163 0 0 0
1674635563472589 128644996662976 emit_beg 163 0 0 0 0 0
1674635563479569 128644996662976 dmg 0 1 0 0 1024 768
1674635563479799 128644996662976 enc 162 162 1 -1 -1 0
1674635563510858 128644996662976 emit_end 163 0 0 0 0 0
1674635575823512 128645005055680 wait_end 0 0 0 0 0 0
1674635575824872 128645005055680 drain_beg 0 0 0 0 0 0
1674635575824972 128645005055680 drain_end 1 0 0 0 0 0
1674635575825041 128645005055680 take 164 0 0 0 0 0
1674635575825271 128645005055680 subm_beg 1 0 0 0 0 0
1674635575825641 128645005055680 submit 164 0 0 0 0 0
1674635575825671 128645005055680 subm_end 1 0 0 0 0 0
1674635575825701 128645005055680 pump_beg 1 0 0 0 0 0
1674635575946747 128645005055680 feedend 163 0 0 0 0 0
1674635576036414 128645005055680 feedend 163 1 0 0 0 0
1674635579538797 128645005055680 outfirst 163 1 65536 0 0 0
1674635579791258 128645005055680 outfirst 163 0 65536 0 0 0
1674635579833046 128645005055680 pump_end 1 2 0 0 0 0
1674635579833306 128645005055680 join_beg 1 0 0 0 0 0
1674635579833466 128645005055680 join_end 0 0 0 0 0 0
1674635579833506 128645005055680 book_beg 1 0 0 0 0 0
1674635579833826 128645005055680 batch 164 1 1 2 2 0
1674635579833866 128645005055680 book_end 1 0 0 0 0 0
1674635579833926 128645005055680 coll_beg 0 0 0 0 0 0
1674635579982301 128645005055680 coll_end 0 0 0 0 0 0
1674635579982361 128645005055680 rel_beg 1 0 0 0 0 0
1674635579982481 128645005055680 absorb 164 0 0 0 0 0
1674635579984731 128645005055680 rel_end 1 0 0 0 0 0
1674635579986881 128645005055680 wait_beg 0 0 0 0 0 0
1674635579987461 128645005055680 wait_end 0 0 0 0 0 0
1674635579988630 128645005055680 drain_beg 0 0 0 0 0 0
1674635579988820 128645005055680 drain_end 1 0 0 0 0 0
1674635579988920 128645005055680 take 165 0 0 0 0 0
1674635579989210 128645005055680 subm_beg 1 0 0 0 0 0
1674635580000710 128645005055680 submit 165 0 0 0 0 0
1674635580000790 128645005055680 subm_end 1 0 0 0 0 0
1674635580000840 128645005055680 pump_beg 1 0 0 0 0 0
1674635580187753 128645005055680 feedend 164 0 0 0 0 0
1674635580243711 128645005055680 feedend 164 1 0 0 0 0
1674635575818922 128645018953600 msgin 164 4718592 0 0 0 0
1674635575819182 128645018953600 enq 164 1 0 0 0 0
1674635579495778 128645018953600 msgin 165 4718592 0 0 0 0
1674635579496268 128645018953600 enq 165 1 0 0 0 0
1674635579993040 128645018953600 ackslot 164 163 164 0 0 0
1674635580063638 128645018953600 send 18 0 0 163 163 1
1674635580572359 128645018953600 send 203663 0 0 163 163 1
1674635581016393 128645018953600 send 183883 0 0 163 163 1
1674635581020013 128645018953600 send 14 0 0 163 163 1
1674635581020173 128645018953600 egress 164 1 0 0 0 0
1674635582042546 128645018953600 cliack 164 0 165 164 0 0
1674635582042656 128645018953600 ackregion 164 164 164 0 0 0
1674635580012880 128644996662976 emit_beg 164 0 0 0 0 0
1674635580019449 128644996662976 dmg 0 1 0 0 1024 768
1674635580019659 128644996662976 enc 163 163 1 -1 -1 0
1674635580060968 128644996662976 emit_end 164 0 0 0 0 0
1674635583782053 128645005055680 outfirst 164 1 65536 0 0 0
1674635584065113 128645005055680 outfirst 164 0 65536 0 0 0
1674635584116761 128645005055680 pump_end 1 2 0 0 0 0
1674635584116831 128645005055680 join_beg 1 0 0 0 0 0
1674635584116871 128645005055680 join_end 0 0 0 0 0 0
1674635584116931 128645005055680 book_beg 1 0 0 0 0 0
1674635584117101 128645005055680 batch 165 1 1 2 2 0
1674635584117131 128645005055680 book_end 1 0 0 0 0 0
1674635584117161 128645005055680 coll_beg 0 0 0 0 0 0
1674635584247306 128645005055680 coll_end 0 0 0 0 0 0
1674635584247376 128645005055680 rel_beg 1 0 0 0 0 0
1674635584247486 128645005055680 absorb 165 0 0 0 0 0
1674635584249146 128645005055680 rel_end 1 0 0 0 0 0
1674635584250466 128645005055680 wait_beg 0 0 0 0 0 0
1674635584250926 128645005055680 wait_end 0 0 0 0 0 0
1674635584252066 128645005055680 drain_beg 0 0 0 0 0 0
1674635584252186 128645005055680 drain_end 1 0 0 0 0 0
1674635584252266 128645005055680 take 166 0 0 0 0 0
1674635584252506 128645005055680 subm_beg 1 0 0 0 0 0
1674635584252656 128645005055680 submit 166 0 0 0 0 0
1674635584252676 128645005055680 subm_end 1 0 0 0 0 0
1674635584252716 128645005055680 pump_beg 1 0 0 0 0 0
1674635584411140 128645005055680 feedend 165 0 0 0 0 0
1674635584438769 128645005055680 feedend 165 1 0 0 0 0
1674635587425141 128645005055680 outfirst 165 1 65536 0 0 0
1674635587943002 128645005055680 outfirst 165 0 65536 0 0 0
1674635587970271 128645005055680 pump_end 1 2 0 0 0 0
1674635587970311 128645005055680 join_beg 1 0 0 0 0 0
1674635587970471 128645005055680 join_end 0 0 0 0 0 0
1674635587970511 128645005055680 book_beg 1 0 0 0 0 0
1674635587970651 128645005055680 batch 166 1 1 2 2 0
1674635587970951 128645005055680 book_end 1 0 0 0 0 0
1674635587970981 128645005055680 coll_beg 0 0 0 0 0 0
1674635588075478 128645005055680 coll_end 0 0 0 0 0 0
1674635588075538 128645005055680 rel_beg 1 0 0 0 0 0
1674635588075638 128645005055680 absorb 166 0 0 0 0 0
1674635588077047 128645005055680 rel_end 1 0 0 0 0 0
1674635588078337 128645005055680 wait_beg 0 0 0 0 0 0
1674635584109741 128645018953600 msgin 166 4718592 0 0 0 0
1674635584110061 128645018953600 enq 166 1 0 0 0 0
1674635584255236 128645018953600 ackslot 165 164 165 0 0 0
1674635584298514 128645018953600 send 18 0 0 164 164 1
1674635584798916 128645018953600 send 204985 0 0 164 164 1
1674635585204312 128645018953600 send 185781 0 0 164 164 1
1674635585207531 128645018953600 send 14 0 0 164 164 1
1674635585207871 128645018953600 egress 165 1 0 0 0 0
1674635586100389 128645018953600 cliack 165 0 166 165 0 0
1674635586100449 128645018953600 ackregion 165 165 165 0 0 0
1674635588083317 128645018953600 ackslot 166 165 166 0 0 0
1674635588121206 128645018953600 send 18 0 0 165 165 1
1674635588490562 128645018953600 send 164713 0 0 165 165 1
1674635588775162 128645018953600 send 135424 0 0 165 165 1
1674635588778072 128645018953600 send 14 0 0 165 165 1
1674635588778542 128645018953600 egress 166 1 0 0 0 0
1674635589670580 128645018953600 cliack 166 0 167 166 0 0
1674635589670650 128645018953600 ackregion 166 166 166 0 0 0
1674635584273885 128644996662976 emit_beg 165 0 0 0 0 0
1674635584280435 128644996662976 dmg 0 1 0 0 1024 768
1674635584280825 128644996662976 enc 164 164 1 -1 -1 0
1674635584326333 128644996662976 emit_end 165 0 0 0 0 0
1674635588101837 128644996662976 emit_beg 166 0 0 0 0 0
1674635588108386 128644996662976 dmg 0 1 0 0 1024 768
1674635588108666 128644996662976 enc 165 165 1 -1 -1 0
1674635588144125 128644996662976 emit_end 166 0 0 0 0 0
1674635600072563 128645005055680 wait_end 0 0 0 0 0 0
1674635600073923 128645005055680 drain_beg 0 0 0 0 0 0
1674635600074123 128645005055680 drain_end 1 0 0 0 0 0
1674635600074203 128645005055680 take 167 0 0 0 0 0
1674635600074663 128645005055680 subm_beg 1 0 0 0 0 0
1674635600075293 128645005055680 submit 167 0 0 0 0 0
1674635600075443 128645005055680 subm_end 1 0 0 0 0 0
1674635600075483 128645005055680 pump_beg 1 0 0 0 0 0
1674635600238877 128645005055680 feedend 166 0 0 0 0 0
1674635600280915 128645005055680 feedend 166 1 0 0 0 0
1674635603024686 128645005055680 outfirst 166 1 65536 0 0 0
1674635603422241 128645005055680 outfirst 166 0 65536 0 0 0
1674635603460670 128645005055680 pump_end 1 2 0 0 0 0
1674635603460850 128645005055680 join_beg 1 0 0 0 0 0
1674635603461230 128645005055680 join_end 0 0 0 0 0 0
1674635603461310 128645005055680 book_beg 1 0 0 0 0 0
1674635603461520 128645005055680 batch 167 1 1 2 2 0
1674635603461560 128645005055680 book_end 1 0 0 0 0 0
1674635603461590 128645005055680 coll_beg 0 0 0 0 0 0
1674635603543467 128645005055680 coll_end 0 0 0 0 0 0
1674635603543497 128645005055680 rel_beg 1 0 0 0 0 0
1674635603543607 128645005055680 absorb 167 0 0 0 0 0
1674635603545647 128645005055680 rel_end 1 0 0 0 0 0
1674635603546977 128645005055680 wait_beg 0 0 0 0 0 0
1674635600064513 128645018953600 msgin 167 4718592 0 0 0 0
1674635600065063 128645018953600 enq 167 1 0 0 0 0
1674635603552316 128645018953600 ackslot 167 166 167 0 0 0
1674635603609824 128645018953600 send 18 0 0 166 166 1
1674635603571086 128644996662976 emit_beg 167 0 0 0 0 0
1674635603577936 128644996662976 dmg 0 1 0 0 1024 768
1674635603578256 128644996662976 enc 166 166 1 -1 -1 0
1674635603605545 128644996662976 emit_end 167 0 0 0 0 0
1674635603904524 128645018953600 send 129266 0 0 166 166 1
1674635604151705 128645018953600 send 104764 0 0 166 166 1
1674635604155035 128645018953600 send 14 0 0 166 166 1
1674635604155155 128645018953600 egress 167 1 0 0 0 0
1674635605376670 128645018953600 cliack 167 0 168 167 0 0
1674635605376740 128645018953600 ackregion 167 167 167 0 0 0
1674635615895119 128645005055680 wait_end 0 0 0 0 0 0
1674635615896869 128645005055680 drain_beg 0 0 0 0 0 0
1674635615896979 128645005055680 drain_end 1 0 0 0 0 0
1674635615897029 128645005055680 take 168 0 0 0 0 0
1674635615897419 128645005055680 subm_beg 1 0 0 0 0 0
1674635615898079 128645005055680 submit 168 0 0 0 0 0
1674635615898219 128645005055680 subm_end 1 0 0 0 0 0
1674635615898259 128645005055680 pump_beg 1 0 0 0 0 0
1674635616065823 128645005055680 feedend 167 0 0 0 0 0
1674635616105962 128645005055680 feedend 167 1 0 0 0 0
1674635619012566 128645005055680 outfirst 167 1 32768 0 0 0
1674635619329245 128645005055680 outfirst 167 0 65536 0 0 0
1674635619351834 128645005055680 pump_end 1 2 0 0 0 0
1674635619351884 128645005055680 join_beg 1 0 0 0 0 0
1674635619352264 128645005055680 join_end 0 0 0 0 0 0
1674635619352354 128645005055680 book_beg 1 0 0 0 0 0
1674635619352514 128645005055680 batch 168 1 1 2 2 0
1674635619352554 128645005055680 book_end 1 0 0 0 0 0
1674635619356044 128645005055680 coll_beg 0 0 0 0 0 0
1674635619449220 128645005055680 coll_end 0 0 0 0 0 0
1674635619449270 128645005055680 rel_beg 1 0 0 0 0 0
1674635619449410 128645005055680 absorb 168 0 0 0 0 0
1674635619451530 128645005055680 rel_end 1 0 0 0 0 0
1674635619453000 128645005055680 wait_beg 0 0 0 0 0 0
1674635615887109 128645018953600 msgin 168 4718592 0 0 0 0
1674635615887889 128645018953600 enq 168 1 0 0 0 0
1674635619459070 128645018953600 ackslot 168 167 168 0 0 0
1674635619512958 128645018953600 send 18 0 0 167 167 1
1674635619835266 128645018953600 send 142401 0 0 167 167 1
1674635620109467 128645018953600 send 121320 0 0 167 167 1
1674635620112636 128645018953600 send 14 0 0 167 167 1
1674635620112776 128645018953600 egress 168 1 0 0 0 0
1674635620424695 128645018953600 cliack 168 0 169 168 0 0
1674635620424755 128645018953600 ackregion 168 168 168 0 0 0
1674635619477429 128644996662976 emit_beg 168 0 0 0 0 0
1674635619483779 128644996662976 dmg 0 1 0 0 1024 768
1674635619484029 128644996662976 enc 167 167 1 -1 -1 0
1674635619513188 128644996662976 emit_end 168 0 0 0 0 0
1674635632313694 128645005055680 wait_end 0 0 0 0 0 0
1674635632315014 128645005055680 drain_beg 0 0 0 0 0 0
1674635632315134 128645005055680 drain_end 1 0 0 0 0 0
1674635632315234 128645005055680 take 169 0 0 0 0 0
1674635632315764 128645005055680 subm_beg 1 0 0 0 0 0
1674635632316324 128645005055680 submit 169 0 0 0 0 0
1674635632316464 128645005055680 subm_end 1 0 0 0 0 0
1674635632316494 128645005055680 pump_beg 1 0 0 0 0 0
1674635632481478 128645005055680 feedend 168 0 0 0 0 0
1674635632525866 128645005055680 feedend 168 1 0 0 0 0
1674635632306844 128645018953600 msgin 169 4718592 0 0 0 0
1674635632307244 128645018953600 enq 169 1 0 0 0 0
1674635635855426 128645005055680 outfirst 168 1 65536 0 0 0
1674635636314809 128645005055680 outfirst 168 0 65536 0 0 0
1674635636352408 128645005055680 pump_end 1 2 0 0 0 0
1674635636352638 128645005055680 join_beg 1 0 0 0 0 0
1674635636352848 128645005055680 join_end 0 0 0 0 0 0
1674635636352938 128645005055680 book_beg 1 0 0 0 0 0
1674635636353108 128645005055680 batch 169 1 1 2 2 0
1674635636353158 128645005055680 book_end 1 0 0 0 0 0
1674635636353208 128645005055680 coll_beg 0 0 0 0 0 0
1674635636478203 128645005055680 coll_end 0 0 0 0 0 0
1674635636478353 128645005055680 rel_beg 1 0 0 0 0 0
1674635636478453 128645005055680 absorb 169 0 0 0 0 0
1674635636480513 128645005055680 rel_end 1 0 0 0 0 0
1674635636481793 128645005055680 wait_beg 0 0 0 0 0 0
1674635636495513 128645018953600 ackslot 169 168 169 0 0 0
1674635636591249 128645018953600 send 18 0 0 168 168 1
1674635637360551 128645018953600 send 197951 0 0 168 168 1
1674635637741547 128645018953600 send 167768 0 0 168 168 1
1674635637745047 128645018953600 send 14 0 0 168 168 1
1674635637745227 128645018953600 egress 169 1 0 0 0 0
1674635638806179 128645018953600 cliack 169 0 170 169 0 0
1674635638806259 128645018953600 ackregion 169 169 169 0 0 0
1674635636504672 128644996662976 emit_beg 169 0 0 0 0 0
1674635636510992 128644996662976 dmg 0 1 0 0 1024 768
1674635636511212 128644996662976 enc 168 168 1 -1 -1 0
1674635636551211 128644996662976 emit_end 169 0 0 0 0 0
1674635649040958 128645005055680 wait_end 0 0 0 0 0 0
1674635649042178 128645005055680 drain_beg 0 0 0 0 0 0
1674635649042298 128645005055680 drain_end 1 0 0 0 0 0
1674635649042418 128645005055680 take 170 0 0 0 0 0
1674635649042528 128645005055680 subm_beg 1 0 0 0 0 0
1674635649042708 128645005055680 submit 170 0 0 0 0 0
1674635649042858 128645005055680 subm_end 1 0 0 0 0 0
1674635649042888 128645005055680 pump_beg 1 0 0 0 0 0
1674635649201052 128645005055680 feedend 169 0 0 0 0 0
1674635649247150 128645005055680 feedend 169 1 0 0 0 0
1674635652323999 128645005055680 outfirst 169 1 65536 0 0 0
1674635652711905 128645005055680 outfirst 169 0 65536 0 0 0
1674635652737364 128645005055680 pump_end 1 2 0 0 0 0
1674635652737414 128645005055680 join_beg 1 0 0 0 0 0
1674635652737594 128645005055680 join_end 0 0 0 0 0 0
1674635652737654 128645005055680 book_beg 1 0 0 0 0 0
1674635652737814 128645005055680 batch 170 1 1 2 2 0
1674635652737844 128645005055680 book_end 1 0 0 0 0 0
1674635652737864 128645005055680 coll_beg 0 0 0 0 0 0
1674635652838550 128645005055680 coll_end 0 0 0 0 0 0
1674635652838740 128645005055680 rel_beg 1 0 0 0 0 0
1674635652838820 128645005055680 absorb 170 0 0 0 0 0
1674635652840520 128645005055680 rel_end 1 0 0 0 0 0
1674635652841710 128645005055680 wait_beg 0 0 0 0 0 0
1674635649036418 128645018953600 msgin 170 4718592 0 0 0 0
1674635649036618 128645018953600 enq 170 1 0 0 0 0
1674635652845960 128645018953600 ackslot 170 169 170 0 0 0
1674635652882909 128645018953600 send 18 0 0 169 169 1
1674635653258985 128645018953600 send 165647 0 0 169 169 1
1674635653559294 128645018953600 send 136896 0 0 169 169 1
1674635653562464 128645018953600 send 14 0 0 169 169 1
1674635653562704 128645018953600 egress 170 1 0 0 0 0
1674635652857500 128644996662976 emit_beg 170 0 0 0 0 0
1674635652863239 128644996662976 dmg 0 1 0 0 1024 768
1674635652863419 128644996662976 enc 169 169 1 -1 -1 0
1674635652892318 128644996662976 emit_end 170 0 0 0 0 0
1674635654015888 128645018953600 cliack 170 0 171 170 0 0
1674635654016208 128645018953600 ackregion 170 170 170 0 0 0
1674635664566855 128645005055680 wait_end 0 0 0 0 0 0
1674635664568065 128645005055680 drain_beg 0 0 0 0 0 0
1674635664568185 128645005055680 drain_end 1 0 0 0 0 0
1674635664568285 128645005055680 take 171 0 0 0 0 0
1674635664568515 128645005055680 subm_beg 1 0 0 0 0 0
1674635664568705 128645005055680 submit 171 0 0 0 0 0
1674635664568845 128645005055680 subm_end 1 0 0 0 0 0
1674635664568875 128645005055680 pump_beg 1 0 0 0 0 0
1674635664716030 128645005055680 feedend 170 0 0 0 0 0
1674635664746529 128645005055680 feedend 170 1 0 0 0 0
1674635667645284 128645005055680 outfirst 170 1 65536 0 0 0
1674635668118526 128645005055680 outfirst 170 0 65536 0 0 0
1674635668155865 128645005055680 pump_end 1 2 0 0 0 0
1674635668155945 128645005055680 join_beg 1 0 0 0 0 0
1674635668156065 128645005055680 join_end 0 0 0 0 0 0
1674635668156125 128645005055680 book_beg 1 0 0 0 0 0
1674635668156295 128645005055680 batch 171 1 1 2 2 0
1674635668156325 128645005055680 book_end 1 0 0 0 0 0
1674635668156345 128645005055680 coll_beg 0 0 0 0 0 0
1674635668257161 128645005055680 coll_end 0 0 0 0 0 0
1674635668257251 128645005055680 rel_beg 1 0 0 0 0 0
1674635668257361 128645005055680 absorb 171 0 0 0 0 0
1674635668258691 128645005055680 rel_end 1 0 0 0 0 0
1674635668259791 128645005055680 wait_beg 0 0 0 0 0 0
1674635664556526 128645018953600 msgin 171 4718592 0 0 0 0
1674635664556686 128645018953600 enq 171 1 0 0 0 0
1674635668292670 128645018953600 ackslot 171 170 171 0 0 0
1674635668326579 128645018953600 send 18 0 0 170 170 1
1674635669161409 128645018953600 send 153706 0 0 170 170 1
1674635669437659 128645018953600 send 126312 0 0 170 170 1
1674635669441449 128645018953600 send 14 0 0 170 170 1
1674635669441559 128645018953600 egress 171 1 0 0 0 0
1674635669760627 128645018953600 cliack 171 0 172 171 0 0
1674635669760717 128645018953600 ackregion 171 171 171 0 0 0
1674635668284730 128644996662976 emit_beg 171 0 0 0 0 0
1674635668290120 128644996662976 dmg 0 1 0 0 1024 768
1674635668290380 128644996662976 enc 170 170 1 -1 -1 0
1674635668326499 128644996662976 emit_end 171 0 0 0 0 0
1674635680732409 128645005055680 wait_end 0 0 0 0 0 0
1674635680733819 128645005055680 drain_beg 0 0 0 0 0 0
1674635680733949 128645005055680 drain_end 1 0 0 0 0 0
1674635680734059 128645005055680 take 172 0 0 0 0 0
1674635680734279 128645005055680 subm_beg 1 0 0 0 0 0
1674635680734459 128645005055680 submit 172 0 0 0 0 0
1674635680734599 128645005055680 subm_end 1 0 0 0 0 0
1674635680734629 128645005055680 pump_beg 1 0 0 0 0 0
1674635680887344 128645005055680 feedend 171 0 0 0 0 0
1674635680919742 128645005055680 feedend 171 1 0 0 0 0
1674635683735980 128645005055680 outfirst 171 1 65536 0 0 0
1674635680725309 128645018953600 msgin 172 4718592 0 0 0 0
1674635680725569 128645018953600 enq 172 1 0 0 0 0
1674635684142216 128645005055680 outfirst 171 0 65536 0 0 0
1674635684159005 128645005055680 pump_end 1 2 0 0 0 0
1674635684159085 128645005055680 join_beg 1 0 0 0 0 0
1674635684159175 128645005055680 join_end 0 0 0 0 0 0
1674635684159235 128645005055680 book_beg 1 0 0 0 0 0
1674635684159395 128645005055680 batch 172 1 1 2 2 0
1674635684159425 128645005055680 book_end 1 0 0 0 0 0
1674635684159455 128645005055680 coll_beg 0 0 0 0 0 0
1674635684238502 128645005055680 coll_end 0 0 0 0 0 0
1674635684238702 128645005055680 rel_beg 1 0 0 0 0 0
1674635684238772 128645005055680 absorb 172 0 0 0 0 0
1674635684240022 128645005055680 rel_end 1 0 0 0 0 0
1674635684241072 128645005055680 wait_beg 0 0 0 0 0 0
1674635684273311 128645018953600 ackslot 172 171 172 0 0 0
1674635684307470 128645018953600 send 18 0 0 171 171 1
1674635685182338 128645018953600 send 130613 0 0 171 171 1
1674635685406960 128645018953600 send 105514 0 0 171 171 1
1674635685410160 128645018953600 send 14 0 0 171 171 1
1674635685410350 128645018953600 egress 172 1 0 0 0 0
1674635685693889 128645018953600 cliack 172 0 173 172 0 0
1674635685693979 128645018953600 ackregion 172 172 172 0 0 0
1674635684264861 128644996662976 emit_beg 172 0 0 0 0 0
1674635684268611 128644996662976 dmg 0 1 0 0 1024 768
1674635684268901 128644996662976 enc 171 171 1 -1 -1 0
1674635684297350 128644996662976 emit_end 172 0 0 0 0 0
1674635696427770 128645005055680 wait_end 0 0 0 0 0 0
1674635696429180 128645005055680 drain_beg 0 0 0 0 0 0
1674635696429320 128645005055680 drain_end 1 0 0 0 0 0
1674635696429410 128645005055680 take 173 0 0 0 0 0
1674635696429980 128645005055680 subm_beg 1 0 0 0 0 0
1674635696430400 128645005055680 submit 173 0 0 0 0 0
1674635696430440 128645005055680 subm_end 1 0 0 0 0 0
1674635696430480 128645005055680 pump_beg 1 0 0 0 0 0
1674635696583975 128645005055680 feedend 172 0 0 0 0 0
1674635696616534 128645005055680 feedend 172 1 0 0 0 0
1674635699897345 128645005055680 outfirst 172 1 65536 0 0 0
1674635700377037 128645005055680 outfirst 172 0 65536 0 0 0
1674635700404566 128645005055680 pump_end 1 2 0 0 0 0
1674635700404606 128645005055680 join_beg 1 0 0 0 0 0
1674635700404856 128645005055680 join_end 0 0 0 0 0 0
1674635700404956 128645005055680 book_beg 1 0 0 0 0 0
1674635700405116 128645005055680 batch 173 1 1 2 2 0
1674635700405156 128645005055680 book_end 1 0 0 0 0 0
1674635700405206 128645005055680 coll_beg 0 0 0 0 0 0
1674635700517832 128645005055680 coll_end 0 0 0 0 0 0
1674635700517862 128645005055680 rel_beg 1 0 0 0 0 0
1674635700517972 128645005055680 absorb 173 0 0 0 0 0
1674635700519692 128645005055680 rel_end 1 0 0 0 0 0
1674635700521172 128645005055680 wait_beg 0 0 0 0 0 0
1674635701490137 128645005055680 wait_end 0 0 0 0 0 0
1674635701491317 128645005055680 drain_beg 0 0 0 0 0 0
1674635701491437 128645005055680 drain_end 1 0 0 0 0 0
1674635701491507 128645005055680 take 174 0 0 0 0 0
1674635701491717 128645005055680 subm_beg 1 0 0 0 0 0
1674635701491927 128645005055680 submit 174 0 0 0 0 0
1674635701492027 128645005055680 subm_end 1 0 0 0 0 0
1674635701492047 128645005055680 pump_beg 1 0 0 0 0 0
1674635701636352 128645005055680 feedend 173 0 0 0 0 0
1674635701666241 128645005055680 feedend 173 1 0 0 0 0
1674635696421441 128645018953600 msgin 173 4718592 0 0 0 0
1674635696421811 128645018953600 enq 173 1 0 0 0 0
1674635700527482 128645018953600 ackslot 173 172 173 0 0 0
1674635700593149 128645018953600 send 18 0 0 172 172 1
1674635701060462 128645018953600 send 187104 0 0 172 172 1
1674635701407110 128645018953600 send 152200 0 0 172 172 1
1674635701410520 128645018953600 send 14 0 0 172 172 1
1674635701410670 128645018953600 egress 173 1 0 0 0 0
1674635701484647 128645018953600 msgin 174 4718592 0 0 0 0
1674635701484867 128645018953600 enq 174 1 0 0 0 0
1674635702211931 128645018953600 cliack 173 0 174 173 0 0
1674635702212001 128645018953600 ackregion 173 173 173 0 0 0
1674635700545041 128644996662976 emit_beg 173 0 0 0 0 0
1674635700550761 128644996662976 dmg 0 1 0 0 1024 768
1674635700551061 128644996662976 enc 172 172 1 -1 -1 0
1674635700589020 128644996662976 emit_end 173 0 0 0 0 0
1674635705038598 128645005055680 outfirst 173 1 65536 0 0 0
1674635705476122 128645005055680 outfirst 173 0 65536 0 0 0
1674635705508391 128645005055680 pump_end 1 2 0 0 0 0
1674635705508471 128645005055680 join_beg 1 0 0 0 0 0
1674635705508511 128645005055680 join_end 0 0 0 0 0 0
1674635705508591 128645005055680 book_beg 1 0 0 0 0 0
1674635705508711 128645005055680 batch 174 1 1 2 2 0
1674635705508731 128645005055680 book_end 1 0 0 0 0 0
1674635705508771 128645005055680 coll_beg 0 0 0 0 0 0
1674635705631297 128645005055680 coll_end 0 0 0 0 0 0
1674635705631337 128645005055680 rel_beg 1 0 0 0 0 0
1674635705631447 128645005055680 absorb 174 0 0 0 0 0
1674635705633207 128645005055680 rel_end 1 0 0 0 0 0
1674635705634587 128645005055680 wait_beg 0 0 0 0 0 0
1674635705640907 128645018953600 ackslot 174 173 174 0 0 0
1674635705682255 128645018953600 send 18 0 0 173 173 1
1674635706155468 128645018953600 send 193633 0 0 173 173 1
1674635706528144 128645018953600 send 170487 0 0 173 173 1
1674635706531244 128645018953600 send 14 0 0 173 173 1
1674635706531604 128645018953600 egress 174 1 0 0 0 0
1674635707014167 128645018953600 cliack 174 0 175 174 0 0
1674635707014257 128645018953600 ackregion 174 174 174 0 0 0
1674635705658426 128644996662976 emit_beg 174 0 0 0 0 0
1674635705664756 128644996662976 dmg 0 1 0 0 1024 768
1674635705664976 128644996662976 enc 173 173 1 -1 -1 0
1674635705708574 128644996662976 emit_end 174 0 0 0 0 0
1674635717202228 128645005055680 wait_end 0 0 0 0 0 0
1674635717203327 128645005055680 drain_beg 0 0 0 0 0 0
1674635717203527 128645005055680 drain_end 1 0 0 0 0 0
1674635717203597 128645005055680 take 175 0 0 0 0 0
1674635717203987 128645005055680 subm_beg 1 0 0 0 0 0
1674635717204587 128645005055680 submit 175 0 0 0 0 0
1674635717204627 128645005055680 subm_end 1 0 0 0 0 0
1674635717204647 128645005055680 pump_beg 1 0 0 0 0 0
1674635717366542 128645005055680 feedend 174 0 0 0 0 0
1674635717404810 128645005055680 feedend 174 1 0 0 0 0
1674635720579105 128645005055680 outfirst 174 1 65536 0 0 0
1674635721072567 128645005055680 outfirst 174 0 65536 0 0 0
1674635721099716 128645005055680 pump_end 1 2 0 0 0 0
1674635721099836 128645005055680 join_beg 1 0 0 0 0 0
1674635721100236 128645005055680 join_end 0 0 0 0 0 0
1674635721100296 128645005055680 book_beg 1 0 0 0 0 0
1674635721100456 128645005055680 batch 175 1 1 2 2 0
1674635721100486 128645005055680 book_end 1 0 0 0 0 0
1674635721100516 128645005055680 coll_beg 0 0 0 0 0 0
1674635721207182 128645005055680 coll_end 0 0 0 0 0 0
1674635721207222 128645005055680 rel_beg 1 0 0 0 0 0
1674635721209062 128645005055680 absorb 175 0 0 0 0 0
1674635721211342 128645005055680 rel_end 1 0 0 0 0 0
1674635721212822 128645005055680 wait_beg 0 0 0 0 0 0
1674635717194428 128645018953600 msgin 175 4718592 0 0 0 0
1674635717195058 128645018953600 enq 175 1 0 0 0 0
1674635721218732 128645018953600 ackslot 175 174 175 0 0 0
1674635721277780 128645018953600 send 18 0 0 174 174 1
1674635721673925 128645018953600 send 171993 0 0 174 174 1
1674635721996044 128645018953600 send 142842 0 0 174 174 1
1674635722000384 128645018953600 send 14 0 0 174 174 1
1674635722000554 128645018953600 egress 175 1 0 0 0 0
1674635722892861 128645018953600 cliack 175 0 176 175 0 0
1674635722892941 128645018953600 ackregion 175 175 175 0 0 0
1674635721236711 128644996662976 emit_beg 175 0 0 0 0 0
1674635721243391 128644996662976 dmg 0 1 0 0 1024 768
1674635721243591 128644996662976 enc 174 174 1 -1 -1 0
1674635721281450 128644996662976 emit_end 175 0 0 0 0 0
1674635733125670 128645005055680 wait_end 0 0 0 0 0 0
1674635733127120 128645005055680 drain_beg 0 0 0 0 0 0
1674635733127310 128645005055680 drain_end 1 0 0 0 0 0
1674635733127370 128645005055680 take 176 0 0 0 0 0
1674635733127600 128645005055680 subm_beg 1 0 0 0 0 0
1674635733128110 128645005055680 submit 176 0 0 0 0 0
1674635733128340 128645005055680 subm_end 1 0 0 0 0 0
1674635733128370 128645005055680 pump_beg 1 0 0 0 0 0
1674635733281265 128645005055680 feedend 175 0 0 0 0 0
1674635733333383 128645005055680 feedend 175 1 0 0 0 0
1674635733119341 128645018953600 msgin 176 4718592 0 0 0 0
1674635733119771 128645018953600 enq 176 1 0 0 0 0
1674635736429551 128645005055680 outfirst 175 1 65536 0 0 0
1674635736922713 128645005055680 outfirst 175 0 65536 0 0 0
1674635736950682 128645005055680 pump_end 1 2 0 0 0 0
1674635736950752 128645005055680 join_beg 1 0 0 0 0 0
1674635736950812 128645005055680 join_end 0 0 0 0 0 0
1674635736950892 128645005055680 book_beg 1 0 0 0 0 0
1674635736951072 128645005055680 batch 176 1 1 2 2 0
1674635736951112 128645005055680 book_end 1 0 0 0 0 0
1674635736951132 128645005055680 coll_beg 0 0 0 0 0 0
1674635737061628 128645005055680 coll_end 0 0 0 0 0 0
1674635737061668 128645005055680 rel_beg 1 0 0 0 0 0
1674635737061778 128645005055680 absorb 176 0 0 0 0 0
1674635737063558 128645005055680 rel_end 1 0 0 0 0 0
1674635737065228 128645005055680 wait_beg 0 0 0 0 0 0
1674635737071107 128645018953600 ackslot 176 175 176 0 0 0
1674635737129375 128645018953600 send 18 0 0 175 175 1
1674635737524421 128645018953600 send 172329 0 0 175 175 1
1674635737843209 128645018953600 send 141893 0 0 175 175 1
1674635737846639 128645018953600 send 14 0 0 175 175 1
1674635737846749 128645018953600 egress 176 1 0 0 0 0
1674635738836833 128645018953600 cliack 176 0 177 176 0 0
1674635738836903 128645018953600 ackregion 176 176 176 0 0 0
1674635737087717 128644996662976 emit_beg 176 0 0 0 0 0
1674635737096006 128644996662976 dmg 0 1 0 0 1024 768
1674635737096356 128644996662976 enc 175 175 1 -1 -1 0
1674635737133865 128644996662976 emit_end 176 0 0 0 0 0
1674635749298824 128645005055680 wait_end 0 0 0 0 0 0
1674635749300154 128645005055680 drain_beg 0 0 0 0 0 0
1674635749300264 128645005055680 drain_end 1 0 0 0 0 0
1674635749300314 128645005055680 take 177 0 0 0 0 0
1674635749300714 128645005055680 subm_beg 1 0 0 0 0 0
1674635749300974 128645005055680 submit 177 0 0 0 0 0
1674635749301134 128645005055680 subm_end 1 0 0 0 0 0
1674635749301184 128645005055680 pump_beg 1 0 0 0 0 0
1674635749667681 128645005055680 feedend 176 0 0 0 0 0
1674635749669601 128645005055680 feedend 176 1 0 0 0 0
1674635753359947 128645005055680 outfirst 176 1 65536 0 0 0
1674635753909797 128645005055680 outfirst 176 0 65536 0 0 0
1674635753952726 128645005055680 pump_end 1 2 0 0 0 0
1674635753952806 128645005055680 join_beg 1 0 0 0 0 0
1674635753952856 128645005055680 join_end 0 0 0 0 0 0
1674635753952936 128645005055680 book_beg 1 0 0 0 0 0
1674635753953095 128645005055680 batch 177 1 1 2 2 0
1674635753953125 128645005055680 book_end 1 0 0 0 0 0
1674635753953145 128645005055680 coll_beg 0 0 0 0 0 0
1674635754061052 128645005055680 coll_end 0 0 0 0 0 0
1674635754061112 128645005055680 rel_beg 1 0 0 0 0 0
1674635754061182 128645005055680 absorb 177 0 0 0 0 0
1674635754063032 128645005055680 rel_end 1 0 0 0 0 0
1674635754064721 128645005055680 wait_beg 0 0 0 0 0 0
1674635749292934 128645018953600 msgin 177 4718592 0 0 0 0
1674635749293184 128645018953600 enq 177 1 0 0 0 0
1674635754070291 128645018953600 ackslot 177 176 177 0 0 0
1674635754128519 128645018953600 send 18 0 0 176 176 1
1674635754092310 128644996662976 emit_beg 177 0 0 0 0 0
1674635754105710 128644996662976 dmg 0 1 0 0 1024 768
1674635754106310 128644996662976 enc 176 176 1 -1 -1 0
1674635754158988 128644996662976 emit_end 177 0 0 0 0 0
1674635754600152 128645018953600 send 209523 0 0 176 176 1
1674635755028927 128645018953600 send 188344 0 0 176 176 1
1674635755032146 128645018953600 send 14 0 0 176 176 1
1674635755032606 128645018953600 egress 177 1 0 0 0 0
1674635756013061 128645018953600 cliack 177 0 178 177 0 0
1674635756013131 128645018953600 ackregion 177 177 177 0 0 0
1674635764758114 128645005055680 wait_end 0 0 0 0 0 0
1674635764759484 128645005055680 drain_beg 0 0 0 0 0 0
1674635764759564 128645005055680 drain_end 1 0 0 0 0 0
1674635764759604 128645005055680 take 178 0 0 0 0 0
1674635764759824 128645005055680 subm_beg 1 0 0 0 0 0
1674635764760044 128645005055680 submit 178 0 0 0 0 0
1674635764760064 128645005055680 subm_end 1 0 0 0 0 0
1674635764760094 128645005055680 pump_beg 1 0 0 0 0 0
1674635765332243 128645005055680 feedend 177 0 0 0 0 0
1674635765361582 128645005055680 feedend 177 1 0 0 0 0
1674635768797967 128645005055680 outfirst 177 1 65536 0 0 0
1674635769463533 128645005055680 outfirst 177 0 65536 0 0 0
1674635769499232 128645005055680 pump_end 1 2 0 0 0 0
1674635769500042 128645005055680 join_beg 1 0 0 0 0 0
1674635769501742 128645005055680 join_end 0 0 0 0 0 0
1674635769501902 128645005055680 book_beg 1 0 0 0 0 0
1674635769503432 128645005055680 batch 178 1 1 2 2 0
1674635769503622 128645005055680 book_end 1 0 0 0 0 0
1674635769503812 128645005055680 coll_beg 0 0 0 0 0 0
1674635769713534 128645005055680 coll_end 0 0 0 0 0 0
1674635769713744 128645005055680 rel_beg 1 0 0 0 0 0
1674635769714644 128645005055680 absorb 178 0 0 0 0 0
1674635769727934 128645005055680 rel_end 1 0 0 0 0 0
1674635769732734 128645005055680 wait_beg 0 0 0 0 0 0
1674635769735753 128645005055680 wait_end 0 0 0 0 0 0
1674635769739953 128645005055680 drain_beg 0 0 0 0 0 0
1674635769740733 128645005055680 drain_end 1 0 0 0 0 0
1674635769741153 128645005055680 take 179 0 0 0 0 0
1674635769741553 128645005055680 subm_beg 1 0 0 0 0 0
1674635769742453 128645005055680 submit 179 0 0 0 0 0
1674635769742593 128645005055680 subm_end 1 0 0 0 0 0
1674635769742713 128645005055680 pump_beg 1 0 0 0 0 0
1674635769988864 128645005055680 feedend 178 0 0 0 0 0
1674635770034133 128645005055680 feedend 178 1 0 0 0 0
1674635773549445 128645005055680 outfirst 178 1 65536 0 0 0
1674635774128904 128645005055680 outfirst 178 0 65536 0 0 0
1674635774190292 128645005055680 pump_end 1 2 0 0 0 0
1674635774190422 128645005055680 join_beg 1 0 0 0 0 0
1674635774190522 128645005055680 join_end 0 0 0 0 0 0
1674635774190652 128645005055680 book_beg 1 0 0 0 0 0
1674635774190942 128645005055680 batch 179 1 1 2 2 0
1674635774191002 128645005055680 book_end 1 0 0 0 0 0
1674635774191072 128645005055680 coll_beg 0 0 0 0 0 0
1674635774332837 128645005055680 coll_end 0 0 0 0 0 0
1674635774332897 128645005055680 rel_beg 1 0 0 0 0 0
1674635774333027 128645005055680 absorb 179 0 0 0 0 0
1674635774335287 128645005055680 rel_end 1 0 0 0 0 0
1674635774336237 128645005055680 wait_beg 0 0 0 0 0 0
1674635764753394 128645018953600 msgin 178 4718592 0 0 0 0
1674635764753604 128645018953600 enq 178 1 0 0 0 0
1674635768494458 128645018953600 msgin 179 4718592 0 0 0 0
1674635768494578 128645018953600 enq 179 1 0 0 0 0
1674635769800691 128645018953600 ackslot 178 177 178 0 0 0
1674635770021953 128645018953600 send 18 0 0 177 177 1
1674635771009077 128645018953600 send 161014 0 0 177 177 1
1674635771494210 128645018953600 send 138385 0 0 177 177 1
1674635771498460 128645018953600 send 14 0 0 177 177 1
1674635771498740 128645018953600 egress 178 1 0 0 0 0
1674635772279521 128645018953600 cliack 178 0 179 178 0 0
1674635772279661 128645018953600 ackregion 178 178 178 0 0 0
1674635774365716 128645018953600 ackslot 179 178 179 0 0 0
1674635774411934 128645018953600 send 18 0 0 178 178 1
1674635769776522 128644996662976 emit_beg 178 0 0 0 0 0
1674635769787042 128644996662976 dmg 0 1 0 0 1024 768
1674635769787362 128644996662976 enc 177 177 1 -1 -1 0
1674635769829720 128644996662976 emit_end 178 0 0 0 0 0
1674635774359016 128644996662976 emit_beg 179 0 0 0 0 0
1674635774361606 128644996662976 dmg 0 1 0 0 1024 768
1674635774361786 128644996662976 enc 178 178 1 -1 -1 0
1674635774397225 128644996662976 emit_end 179 0 0 0 0 0
1674635784353004 128645005055680 wait_end 0 0 0 0 0 0
1674635784356194 128645005055680 drain_beg 0 0 0 0 0 0
1674635784356574 128645005055680 drain_end 1 0 0 0 0 0
1674635784356794 128645005055680 take 180 0 0 0 0 0
1674635784357374 128645005055680 subm_beg 1 0 0 0 0 0
1674635784357854 128645005055680 submit 180 0 0 0 0 0
1674635784358144 128645005055680 subm_end 1 0 0 0 0 0
1674635784358224 128645005055680 pump_beg 1 0 0 0 0 0
1674635784557226 128645005055680 feedend 179 0 0 0 0 0
1674635784642563 128645005055680 feedend 179 1 0 0 0 0
1674635775344510 128645018953600 send 188540 0 0 178 178 1
1674635775846842 128645018953600 send 170179 0 0 178 178 1
1674635775851442 128645018953600 send 14 0 0 178 178 1
1674635775851682 128645018953600 egress 179 1 0 0 0 0
1674635776683572 128645018953600 cliack 179 0 180 179 0 0
1674635776683822 128645018953600 ackregion 179 179 179 0 0 0
1674635784336434 128645018953600 msgin 180 4718592 0 0 0 0
1674635784337054 128645018953600 enq 180 1 0 0 0 0
1674635787536298 128645005055680 outfirst 179 1 65536 0 0 0
1674635788165206 128645005055680 outfirst 179 0 65536 0 0 0
1674635788191145 128645005055680 pump_end 1 2 0 0 0 0
1674635788191345 128645005055680 join_beg 1 0 0 0 0 0
1674635788191525 128645005055680 join_end 0 0 0 0 0 0
1674635788191605 128645005055680 book_beg 1 0 0 0 0 0
1674635788191775 128645005055680 batch 180 1 1 2 2 0
1674635788191805 128645005055680 book_end 1 0 0 0 0 0
1674635788191835 128645005055680 coll_beg 0 0 0 0 0 0
1674635788292241 128645005055680 coll_end 0 0 0 0 0 0
1674635788292321 128645005055680 rel_beg 1 0 0 0 0 0
1674635788292431 128645005055680 absorb 180 0 0 0 0 0
1674635788294281 128645005055680 rel_end 1 0 0 0 0 0
1674635788295601 128645005055680 wait_beg 0 0 0 0 0 0
1674635789108621 128645005055680 wait_end 0 0 0 0 0 0
1674635789109811 128645005055680 drain_beg 0 0 0 0 0 0
1674635789109901 128645005055680 drain_end 1 0 0 0 0 0
1674635789109971 128645005055680 take 181 0 0 0 0 0
1674635789110161 128645005055680 subm_beg 1 0 0 0 0 0
1674635789110331 128645005055680 submit 181 0 0 0 0 0
1674635789110491 128645005055680 subm_end 1 0 0 0 0 0
1674635789110511 128645005055680 pump_beg 1 0 0 0 0 0
1674635789271685 128645005055680 feedend 180 0 0 0 0 0
1674635789310894 128645005055680 feedend 180 1 0 0 0 0
1674635792335824 128645005055680 outfirst 180 1 65536 0 0 0
1674635792944942 128645005055680 outfirst 180 0 65536 0 0 0
1674635792972541 128645005055680 pump_end 1 2 0 0 0 0
1674635792972711 128645005055680 join_beg 1 0 0 0 0 0
1674635792972871 128645005055680 join_end 0 0 0 0 0 0
1674635792972941 128645005055680 book_beg 1 0 0 0 0 0
1674635792973131 128645005055680 batch 181 1 1 2 2 0
1674635792973161 128645005055680 book_end 1 0 0 0 0 0
1674635792973191 128645005055680 coll_beg 0 0 0 0 0 0
1674635793087267 128645005055680 coll_end 0 0 0 0 0 0
1674635793087337 128645005055680 rel_beg 1 0 0 0 0 0
1674635793087457 128645005055680 absorb 181 0 0 0 0 0
1674635793089207 128645005055680 rel_end 1 0 0 0 0 0
1674635793091297 128645005055680 wait_beg 0 0 0 0 0 0
1674635793091857 128645005055680 wait_end 0 0 0 0 0 0
1674635793093897 128645005055680 drain_beg 0 0 0 0 0 0
1674635793094107 128645005055680 drain_end 1 0 0 0 0 0
1674635793094157 128645005055680 take 182 0 0 0 0 0
1674635793094557 128645005055680 subm_beg 1 0 0 0 0 0
1674635793095517 128645005055680 submit 182 0 0 0 0 0
1674635793095547 128645005055680 subm_end 1 0 0 0 0 0
1674635793095577 128645005055680 pump_beg 1 0 0 0 0 0
1674635793241831 128645005055680 feedend 181 0 0 0 0 0
1674635793272290 128645005055680 feedend 181 1 0 0 0 0
1674635788301811 128645018953600 ackslot 180 179 180 0 0 0
1674635788353759 128645018953600 send 18 0 0 179 179 1
1674635788714906 128645018953600 send 157496 0 0 179 179 1
1674635788993716 128645018953600 send 120114 0 0 179 179 1
1674635788997255 128645018953600 send 14 0 0 179 179 1
1674635788997475 128645018953600 egress 180 1 0 0 0 0
1674635789103682 128645018953600 msgin 181 4718592 0 0 0 0
1674635789103922 128645018953600 enq 181 1 0 0 0 0
1674635789746268 128645018953600 cliack 180 0 181 180 0 0
1674635789746448 128645018953600 ackregion 180 180 180 0 0 0
1674635793060458 128645018953600 msgin 182 4718592 0 0 0 0
1674635793060588 128645018953600 enq 182 1 0 0 0 0
1674635793095967 128645018953600 ackslot 181 180 181 0 0 0
1674635793145525 128645018953600 send 18 0 0 180 180 1
1674635793538681 128645018953600 send 169337 0 0 180 180 1
1674635793848280 128645018953600 send 139893 0 0 180 180 1
1674635793851649 128645018953600 send 14 0 0 180 180 1
1674635793851739 128645018953600 egress 181 1 0 0 0 0
1674635794769856 128645018953600 cliack 181 0 182 181 0 0
1674635794769966 128645018953600 ackregion 181 181 181 0 0 0
1674635788318790 128644996662976 emit_beg 180 0 0 0 0 0
1674635788324270 128644996662976 dmg 0 1 0 0 1024 768
1674635788324620 128644996662976 enc 179 179 1 -1 -1 0
1674635788351469 128644996662976 emit_end 180 0 0 0 0 0
1674635793113966 128644996662976 emit_beg 181 0 0 0 0 0
1674635793119726 128644996662976 dmg 0 1 0 0 1024 768
1674635793119936 128644996662976 enc 180 180 1 -1 -1 0
1674635793155945 128644996662976 emit_end 181 0 0 0 0 0
1674635796093988 128645005055680 outfirst 181 1 65536 0 0 0
1674635796696216 128645005055680 outfirst 181 0 65536 0 0 0
1674635796719015 128645005055680 pump_end 1 2 0 0 0 0
1674635796719055 128645005055680 join_beg 1 0 0 0 0 0
1674635796719225 128645005055680 join_end 0 0 0 0 0 0
1674635796719295 128645005055680 book_beg 1 0 0 0 0 0
1674635796719455 128645005055680 batch 182 1 1 2 2 0
1674635796719475 128645005055680 book_end 1 0 0 0 0 0
1674635796719505 128645005055680 coll_beg 0 0 0 0 0 0
1674635796816602 128645005055680 coll_end 0 0 0 0 0 0
1674635796816702 128645005055680 rel_beg 1 0 0 0 0 0
1674635796816792 128645005055680 absorb 182 0 0 0 0 0
1674635796818162 128645005055680 rel_end 1 0 0 0 0 0
1674635796819432 128645005055680 wait_beg 0 0 0 0 0 0
1674635796824542 128645018953600 ackslot 182 181 182 0 0 0
1674635796862760 128645018953600 send 18 0 0 181 181 1
1674635797220117 128645018953600 send 156274 0 0 181 181 1
1674635797490128 128645018953600 send 123918 0 0 181 181 1
1674635797493207 128645018953600 send 14 0 0 181 181 1
1674635797493737 128645018953600 egress 182 1 0 0 0 0
1674635798474762 128645018953600 cliack 182 0 183 182 0 0
1674635798474832 128645018953600 ackregion 182 182 182 0 0 0
1674635796842301 128644996662976 emit_beg 182 0 0 0 0 0
1674635796847941 128644996662976 dmg 0 1 0 0 1024 768
1674635796848151 128644996662976 enc 181 181 1 -1 -1 0
1674635796883420 128644996662976 emit_end 182 0 0 0 0 0
1674635808376563 128645005055680 wait_end 0 0 0 0 0 0
1674635808378053 128645005055680 drain_beg 0 0 0 0 0 0
1674635808378393 128645005055680 drain_end 1 0 0 0 0 0
1674635808378513 128645005055680 take 183 0 0 0 0 0
1674635808378943 128645005055680 subm_beg 1 0 0 0 0 0
1674635808379533 128645005055680 submit 183 0 0 0 0 0
1674635808379583 128645005055680 subm_end 1 0 0 0 0 0
1674635808379633 128645005055680 pump_beg 1 0 0 0 0 0
1674635808543687 128645005055680 feedend 182 0 0 0 0 0
1674635808597475 128645005055680 feedend 182 1 0 0 0 0
1674635811575957 128645005055680 outfirst 182 1 65536 0 0 0
1674635811859567 128645005055680 outfirst 182 0 65536 0 0 0
1674635811880476 128645005055680 pump_end 1 2 0 0 0 0
1674635811880726 128645005055680 join_beg 1 0 0 0 0 0
1674635811881046 128645005055680 join_end 0 0 0 0 0 0
1674635811881126 128645005055680 book_beg 1 0 0 0 0 0
1674635811881346 128645005055680 batch 183 1 1 2 2 0
1674635811881396 128645005055680 book_end 1 0 0 0 0 0
1674635811881436 128645005055680 coll_beg 0 0 0 0 0 0
1674635811975763 128645005055680 coll_end 0 0 0 0 0 0
1674635811975913 128645005055680 rel_beg 1 0 0 0 0 0
1674635811976033 128645005055680 absorb 183 0 0 0 0 0
1674635811978532 128645005055680 rel_end 1 0 0 0 0 0
1674635811980422 128645005055680 wait_beg 0 0 0 0 0 0
1674635808368213 128645018953600 msgin 183 4718592 0 0 0 0
1674635808369003 128645018953600 enq 183 1 0 0 0 0
1674635811994872 128645018953600 ackslot 183 182 183 0 0 0
1674635812067799 128645018953600 send 18 0 0 182 182 1
1674635812380658 128645018953600 send 134511 0 0 182 182 1
1674635812647028 128645018953600 send 115207 0 0 182 182 1
1674635812650258 128645018953600 send 14 0 0 182 182 1
1674635812650468 128645018953600 egress 183 1 0 0 0 0
1674635813595264 128645018953600 cliack 183 0 184 183 0 0
1674635813595364 128645018953600 ackregion 183 183 183 0 0 0
1674635812003652 128644996662976 emit_beg 183 0 0 0 0 0
1674635812013591 128644996662976 dmg 0 1 0 0 1024 768
1674635812013801 128644996662976 enc 182 182 1 -1 -1 0
1674635812040740 128644996662976 emit_end 183 0 0 0 0 0
1674635824969422 128645005055680 wait_end 0 0 0 0 0 0
1674635824971691 128645005055680 drain_beg 0 0 0 0 0 0
1674635824972101 128645005055680 drain_end 1 0 0 0 0 0
1674635824972241 128645005055680 take 184 0 0 0 0 0
1674635824972801 128645005055680 subm_beg 1 0 0 0 0 0
1674635824974441 128645005055680 submit 184 0 0 0 0 0
1674635824974711 128645005055680 subm_end 1 0 0 0 0 0
1674635824974751 128645005055680 pump_beg 1 0 0 0 0 0
1674635824960212 128645018953600 msgin 184 4718592 0 0 0 0
1674635824960932 128645018953600 enq 184 1 0 0 0 0
1674635825184914 128645005055680 feedend 183 0 0 0 0 0
1674635825241102 128645005055680 feedend 183 1 0 0 0 0
1674635829305424 128645005055680 outfirst 183 1 65536 0 0 0
1674635829637342 128645005055680 outfirst 183 0 65536 0 0 0
1674635829695840 128645005055680 pump_end 1 2 0 0 0 0
1674635829696420 128645005055680 join_beg 1 0 0 0 0 0
1674635829697390 128645005055680 join_end 0 0 0 0 0 0
1674635829697740 128645005055680 book_beg 1 0 0 0 0 0
1674635829698360 128645005055680 batch 184 1 1 2 2 0
1674635829698490 128645005055680 book_end 1 0 0 0 0 0
1674635829698620 128645005055680 coll_beg 0 0 0 0 0 0
1674635830026398 128645005055680 coll_end 0 0 0 0 0 0
1674635830026538 128645005055680 rel_beg 1 0 0 0 0 0
1674635830026888 128645005055680 absorb 184 0 0 0 0 0
1674635830033118 128645005055680 rel_end 1 0 0 0 0 0
1674635830036098 128645005055680 wait_beg 0 0 0 0 0 0
1674635830041578 128645018953600 ackslot 184 183 184 0 0 0
1674635830165943 128645018953600 send 18 0 0 183 183 1
1674635830669245 128645018953600 send 216165 0 0 183 183 1
1674635831126578 128645018953600 send 194914 0 0 183 183 1
1674635831130248 128645018953600 send 14 0 0 183 183 1
1674635831130378 128645018953600 egress 184 1 0 0 0 0
1674635832155301 128645018953600 cliack 184 0 185 184 0 0
1674635832155391 128645018953600 ackregion 184 184 184 0 0 0
1674635830085516 128644996662976 emit_beg 184 0 0 0 0 0
1674635830108915 128644996662976 dmg 0 1 0 0 1024 768
1674635830109245 128644996662976 enc 183 183 1 -1 -1 0
1674635830159414 128644996662976 emit_end 184 0 0 0 0 0
1674635840849896 128645005055680 wait_end 0 0 0 0 0 0
1674635840852146 128645005055680 drain_beg 0 0 0 0 0 0
1674635840852456 128645005055680 drain_end 1 0 0 0 0 0
1674635840852776 128645005055680 take 185 0 0 0 0 0
1674635840853366 128645005055680 subm_beg 1 0 0 0 0 0
1674635840854696 128645005055680 submit 185 0 0 0 0 0
1674635840854836 128645005055680 subm_end 1 0 0 0 0 0
1674635840854876 128645005055680 pump_beg 1 0 0 0 0 0
1674635841036219 128645005055680 feedend 184 0 0 0 0 0
1674635841084088 128645005055680 feedend 184 1 0 0 0 0
1674635844290951 128645005055680 outfirst 184 1 65536 0 0 0
1674635844770564 128645005055680 outfirst 184 0 65536 0 0 0
1674635844810992 128645005055680 pump_end 1 2 0 0 0 0
1674635844811352 128645005055680 join_beg 1 0 0 0 0 0
1674635844811742 128645005055680 join_end 0 0 0 0 0 0
1674635844812182 128645005055680 book_beg 1 0 0 0 0 0
1674635844812722 128645005055680 batch 185 1 1 2 2 0
1674635844812842 128645005055680 book_end 1 0 0 0 0 0
1674635844812922 128645005055680 coll_beg 0 0 0 0 0 0
1674635845061143 128645005055680 coll_end 0 0 0 0 0 0
1674635845061243 128645005055680 rel_beg 1 0 0 0 0 0
1674635845061563 128645005055680 absorb 185 0 0 0 0 0
1674635845065883 128645005055680 rel_end 1 0 0 0 0 0
1674635845067823 128645005055680 wait_beg 0 0 0 0 0 0
1674635840840866 128645018953600 msgin 185 4718592 0 0 0 0
1674635840841626 128645018953600 enq 185 1 0 0 0 0
1674635845071123 128645018953600 ackslot 185 184 185 0 0 0
1674635845146560 128645018953600 send 18 0 0 184 184 1
1674635845090212 128644996662976 emit_beg 185 0 0 0 0 0
1674635845096172 128644996662976 dmg 0 1 0 0 1024 768
1674635845096382 128644996662976 enc 184 184 1 -1 -1 0
1674635845130631 128644996662976 emit_end 185 0 0 0 0 0
1674635845570795 128645018953600 send 174166 0 0 184 184 1
1674635845912693 128645018953600 send 150384 0 0 184 184 1
1674635845915742 128645018953600 send 14 0 0 184 184 1
1674635845915932 128645018953600 egress 185 1 0 0 0 0
1674635846809020 128645018953600 cliack 185 0 186 185 0 0
1674635846809090 128645018953600 ackregion 185 185 185 0 0 0
1674635856705711 128645005055680 wait_end 0 0 0 0 0 0
1674635856706931 128645005055680 drain_beg 0 0 0 0 0 0
1674635856707121 128645005055680 drain_end 1 0 0 0 0 0
1674635856707201 128645005055680 take 186 0 0 0 0 0
1674635856707441 128645005055680 subm_beg 1 0 0 0 0 0
1674635856708121 128645005055680 submit 186 0 0 0 0 0
1674635856708291 128645005055680 subm_end 1 0 0 0 0 0
1674635856708311 128645005055680 pump_beg 1 0 0 0 0 0
1674635856852706 128645005055680 feedend 185 0 0 0 0 0
1674635856948953 128645005055680 feedend 185 1 0 0 0 0
1674635859961693 128645005055680 outfirst 185 1 65536 0 0 0
1674635860454216 128645005055680 outfirst 185 0 65536 0 0 0
1674635860498104 128645005055680 pump_end 1 2 0 0 0 0
1674635860505534 128645005055680 join_beg 1 0 0 0 0 0
1674635860505784 128645005055680 join_end 0 0 0 0 0 0
1674635860506044 128645005055680 book_beg 1 0 0 0 0 0
1674635860506294 128645005055680 batch 186 1 1 2 2 0
1674635860506384 128645005055680 book_end 1 0 0 0 0 0
1674635860506464 128645005055680 coll_beg 0 0 0 0 0 0
1674635860744595 128645005055680 coll_end 0 0 0 0 0 0
1674635860744695 128645005055680 rel_beg 1 0 0 0 0 0
1674635860745095 128645005055680 absorb 186 0 0 0 0 0
1674635860748645 128645005055680 rel_end 1 0 0 0 0 0
1674635860750675 128645005055680 wait_beg 0 0 0 0 0 0
1674635856699912 128645018953600 msgin 186 4718592 0 0 0 0
1674635856700182 128645018953600 enq 186 1 0 0 0 0
1674635860754515 128645018953600 ackslot 186 185 186 0 0 0
1674635860819762 128645018953600 send 18 0 0 185 185 1
1674635861243077 128645018953600 send 177389 0 0 185 185 1
1674635861590934 128645018953600 send 144774 0 0 185 185 1
1674635861595944 128645018953600 send 14 0 0 185 185 1
1674635861596014 128645018953600 egress 186 1 0 0 0 0
1674635862679215 128645018953600 cliack 186 0 187 186 0 0
1674635862679285 128645018953600 ackregion 186 186 186 0 0 0
1674635860774694 128644996662976 emit_beg 186 0 0 0 0 0
1674635860780474 128644996662976 dmg 0 1 0 0 1024 768
1674635860780694 128644996662976 enc 185 185 1 -1 -1 0
1674635860814872 128644996662976 emit_end 186 0 0 0 0 0
1674635873452474 128645005055680 wait_end 0 0 0 0 0 0
1674635873456384 128645005055680 drain_beg 0 0 0 0 0 0
1674635873456724 128645005055680 drain_end 1 0 0 0 0 0
1674635873456914 128645005055680 take 187 0 0 0 0 0
1674635873457244 128645005055680 subm_beg 1 0 0 0 0 0
1674635873457764 128645005055680 submit 187 0 0 0 0 0
1674635873457934 128645005055680 subm_end 1 0 0 0 0 0
1674635873458014 128645005055680 pump_beg 1 0 0 0 0 0
1674635873680986 128645005055680 feedend 186 0 0 0 0 0
1674635873771363 128645005055680 feedend 186 1 0 0 0 0
1674635873425555 128645018953600 msgin 187 4718592 0 0 0 0
1674635873425845 128645018953600 enq 187 1 0 0 0 0
1674635877015535 128645005055680 outfirst 186 1 65536 0 0 0
1674635877741609 128645005055680 outfirst 186 0 65536 0 0 0
1674635877796897 128645005055680 pump_end 1 2 0 0 0 0
1674635877797017 128645005055680 join_beg 1 0 0 0 0 0
1674635877797177 128645005055680 join_end 0 0 0 0 0 0
1674635877797307 128645005055680 book_beg 1 0 0 0 0 0
1674635877797557 128645005055680 batch 187 1 1 2 2 0
1674635877797637 128645005055680 book_end 1 0 0 0 0 0
1674635877797727 128645005055680 coll_beg 0 0 0 0 0 0
1674635878011589 128645005055680 coll_end 0 0 0 0 0 0
1674635878011689 128645005055680 rel_beg 1 0 0 0 0 0
1674635878011859 128645005055680 absorb 187 0 0 0 0 0
1674635878015049 128645005055680 rel_end 1 0 0 0 0 0
1674635878017879 128645005055680 wait_beg 0 0 0 0 0 0
1674635879053162 128645005055680 wait_end 0 0 0 0 0 0
1674635879057201 128645005055680 drain_beg 0 0 0 0 0 0
1674635879057541 128645005055680 drain_end 1 0 0 0 0 0
1674635879057741 128645005055680 take 188 0 0 0 0 0
1674635879058041 128645005055680 subm_beg 1 0 0 0 0 0
1674635879058281 128645005055680 submit 188 0 0 0 0 0
1674635879058461 128645005055680 subm_end 1 0 0 0 0 0
1674635879058541 128645005055680 pump_beg 1 0 0 0 0 0
1674635879252744 128645005055680 feedend 187 0 0 0 0 0
1674635879347631 128645005055680 feedend 187 1 0 0 0 0
1674635882639461 128645005055680 outfirst 187 1 65536 0 0 0
1674635883104765 128645005055680 outfirst 187 0 65536 0 0 0
1674635883159763 128645005055680 pump_end 1 2 0 0 0 0
1674635883159883 128645005055680 join_beg 1 0 0 0 0 0
1674635883159973 128645005055680 join_end 0 0 0 0 0 0
1674635883160103 128645005055680 book_beg 1 0 0 0 0 0
1674635883160403 128645005055680 batch 188 1 1 2 2 0
1674635883160483 128645005055680 book_end 1 0 0 0 0 0
1674635883160563 128645005055680 coll_beg 0 0 0 0 0 0
1674635883410943 128645005055680 coll_end 0 0 0 0 0 0
1674635883411093 128645005055680 rel_beg 1 0 0 0 0 0
1674635883411273 128645005055680 absorb 188 0 0 0 0 0
1674635883414443 128645005055680 rel_end 1 0 0 0 0 0
1674635883416313 128645005055680 wait_beg 0 0 0 0 0 0
1674635883417693 128645005055680 wait_end 0 0 0 0 0 0
1674635883420363 128645005055680 drain_beg 0 0 0 0 0 0
1674635883420533 128645005055680 drain_end 1 0 0 0 0 0
1674635883420693 128645005055680 take 189 0 0 0 0 0
1674635883420953 128645005055680 subm_beg 1 0 0 0 0 0
1674635883421173 128645005055680 submit 189 0 0 0 0 0
1674635883421263 128645005055680 subm_end 1 0 0 0 0 0
1674635883421343 128645005055680 pump_beg 1 0 0 0 0 0
1674635883607106 128645005055680 feedend 188 0 0 0 0 0
1674635883683224 128645005055680 feedend 188 1 0 0 0 0
1674635878024209 128645018953600 ackslot 187 186 187 0 0 0
1674635878134295 128645018953600 send 18 0 0 186 186 1
1674635878662336 128645018953600 send 180236 0 0 186 186 1
1674635878938696 128645018953600 send 123932 0 0 186 186 1
1674635878942156 128645018953600 send 14 0 0 186 186 1
1674635878942336 128645018953600 egress 187 1 0 0 0 0
1674635879027332 128645018953600 msgin 188 4718592 0 0 0 0
1674635879027572 128645018953600 enq 188 1 0 0 0 0
1674635879792475 128645018953600 cliack 187 0 188 187 0 0
1674635879792585 128645018953600 ackregion 187 187 187 0 0 0
1674635882824375 128645018953600 msgin 189 4718592 0 0 0 0
1674635882824855 128645018953600 enq 189 1 0 0 0 0
1674635883420493 128645018953600 ackslot 188 187 188 0 0 0
1674635883463152 128645018953600 send 18 0 0 187 187 1
1674635883877517 128645018953600 send 183652 0 0 187 187 1
1674635884291022 128645018953600 send 159406 0 0 187 187 1
1674635884294141 128645018953600 send 14 0 0 187 187 1
1674635884294641 128645018953600 egress 188 1 0 0 0 0
1674635885023345 128645018953600 cliack 188 0 189 188 0 0
1674635885023635 128645018953600 ackregion 188 188 188 0 0 0
1674635878069697 128644996662976 emit_beg 187 0 0 0 0 0
1674635878093006 128644996662976 dmg 0 1 0 0 1024 768
1674635878093536 128644996662976 enc 186 186 1 -1 -1 0
1674635878141475 128644996662976 emit_end 187 0 0 0 0 0
1674635883440942 128644996662976 emit_beg 188 0 0 0 0 0
1674635883446492 128644996662976 dmg 0 1 0 0 1024 768
1674635883446722 128644996662976 enc 187 187 1 -1 -1 0
1674635883489281 128644996662976 emit_end 188 0 0 0 0 0
1674635886972144 128645005055680 outfirst 188 1 65536 0 0 0
1674635887457787 128645005055680 outfirst 188 0 65536 0 0 0
1674635887517845 128645005055680 pump_end 1 2 0 0 0 0
1674635887517985 128645005055680 join_beg 1 0 0 0 0 0
1674635887518305 128645005055680 join_end 0 0 0 0 0 0
1674635887518435 128645005055680 book_beg 1 0 0 0 0 0
1674635887518675 128645005055680 batch 189 1 1 2 2 0
1674635887518755 128645005055680 book_end 1 0 0 0 0 0
1674635887518835 128645005055680 coll_beg 0 0 0 0 0 0
1674635887773685 128645005055680 coll_end 0 0 0 0 0 0
1674635887773785 128645005055680 rel_beg 1 0 0 0 0 0
1674635887773995 128645005055680 absorb 189 0 0 0 0 0
1674635887777155 128645005055680 rel_end 1 0 0 0 0 0
1674635887779075 128645005055680 wait_beg 0 0 0 0 0 0
1674635887780355 128645005055680 wait_end 0 0 0 0 0 0
1674635887783045 128645005055680 drain_beg 0 0 0 0 0 0
1674635887786895 128645005055680 drain_end 1 0 0 0 0 0
1674635887787055 128645005055680 take 190 0 0 0 0 0
1674635887787235 128645005055680 subm_beg 1 0 0 0 0 0
1674635887787465 128645005055680 submit 190 0 0 0 0 0
1674635887787555 128645005055680 subm_end 1 0 0 0 0 0
1674635887787635 128645005055680 pump_beg 1 0 0 0 0 0
1674635887967418 128645005055680 feedend 189 0 0 0 0 0
1674635888029306 128645005055680 feedend 189 1 0 0 0 0
1674635890852024 128645005055680 outfirst 189 1 65536 0 0 0
1674635891395044 128645005055680 outfirst 189 0 65536 0 0 0
1674635891417523 128645005055680 pump_end 1 2 0 0 0 0
1674635891417583 128645005055680 join_beg 1 0 0 0 0 0
1674635891417753 128645005055680 join_end 0 0 0 0 0 0
1674635891417793 128645005055680 book_beg 1 0 0 0 0 0
1674635891417953 128645005055680 batch 190 1 1 2 2 0
1674635891418103 128645005055680 book_end 1 0 0 0 0 0
1674635891418133 128645005055680 coll_beg 0 0 0 0 0 0
1674635891510490 128645005055680 coll_end 0 0 0 0 0 0
1674635891510600 128645005055680 rel_beg 1 0 0 0 0 0
1674635891510690 128645005055680 absorb 190 0 0 0 0 0
1674635891511850 128645005055680 rel_end 1 0 0 0 0 0
1674635891513040 128645005055680 wait_beg 0 0 0 0 0 0
1674635887108230 128645018953600 msgin 190 4718592 0 0 0 0
1674635887108400 128645018953600 enq 190 1 0 0 0 0
1674635887782655 128645018953600 ackslot 189 188 189 0 0 0
1674635887838523 128645018953600 send 18 0 0 188 188 1
1674635888270037 128645018953600 send 186486 0 0 188 188 1
1674635888604485 128645018953600 send 160484 0 0 188 188 1
1674635888607595 128645018953600 send 14 0 0 188 188 1
1674635888607695 128645018953600 egress 189 1 0 0 0 0
1674635889726155 128645018953600 cliack 189 0 190 189 0 0
1674635889726245 128645018953600 ackregion 189 189 189 0 0 0
1674635891517430 128645018953600 ackslot 190 189 190 0 0 0
1674635891556268 128645018953600 send 18 0 0 189 189 1
1674635891902706 128645018953600 send 151724 0 0 189 189 1
1674635892244143 128645018953600 send 123198 0 0 189 189 1
1674635892247203 128645018953600 send 14 0 0 189 189 1
1674635892247633 128645018953600 egress 190 1 0 0 0 0
1674635892882400 128645018953600 cliack 190 0 191 190 0 0
1674635892882470 128645018953600 ackregion 190 190 190 0 0 0
1674635887801954 128644996662976 emit_beg 189 0 0 0 0 0
1674635887807014 128644996662976 dmg 0 1 0 0 1024 768
1674635887807224 128644996662976 enc 188 188 1 -1 -1 0
1674635887847063 128644996662976 emit_end 189 0 0 0 0 0
1674635891535619 128644996662976 emit_beg 190 0 0 0 0 0
1674635891540849 128644996662976 dmg 0 1 0 0 1024 768
1674635891541139 128644996662976 enc 189 189 1 -1 -1 0
1674635891575468 128644996662976 emit_end 190 0 0 0 0 0
1674635902726303 128645005055680 wait_end 0 0 0 0 0 0
1674635902730133 128645005055680 drain_beg 0 0 0 0 0 0
1674635902730443 128645005055680 drain_end 1 0 0 0 0 0
1674635902730603 128645005055680 take 191 0 0 0 0 0
1674635902730903 128645005055680 subm_beg 1 0 0 0 0 0
1674635902731153 128645005055680 submit 191 0 0 0 0 0
1674635902731233 128645005055680 subm_end 1 0 0 0 0 0
1674635902731323 128645005055680 pump_beg 1 0 0 0 0 0
1674635903320722 128645005055680 feedend 190 0 0 0 0 0
1674635903353051 128645005055680 feedend 190 1 0 0 0 0
1674635902699694 128645018953600 msgin 191 4718592 0 0 0 0
1674635902699824 128645018953600 enq 191 1 0 0 0 0
1674635906727068 128645005055680 outfirst 190 1 65536 0 0 0
1674635907287598 128645005055680 outfirst 190 0 65536 0 0 0
1674635907325667 128645005055680 pump_end 1 2 0 0 0 0
1674635907326497 128645005055680 join_beg 1 0 0 0 0 0
1674635907328127 128645005055680 join_end 0 0 0 0 0 0
1674635907328377 128645005055680 book_beg 1 0 0 0 0 0
1674635907329867 128645005055680 batch 191 1 1 2 2 0
1674635907330057 128645005055680 book_end 1 0 0 0 0 0
1674635907330257 128645005055680 coll_beg 0 0 0 0 0 0
1674635907519850 128645005055680 coll_end 0 0 0 0 0 0
1674635907520070 128645005055680 rel_beg 1 0 0 0 0 0
1674635907520970 128645005055680 absorb 191 0 0 0 0 0
1674635907532009 128645005055680 rel_end 1 0 0 0 0 0
1674635907535539 128645005055680 wait_beg 0 0 0 0 0 0
1674635907585797 128645018953600 ackslot 191 190 191 0 0 0
1674635907699043 128645018953600 send 18 0 0 190 190 1
1674635908244583 128645018953600 send 163987 0 0 190 190 1
1674635908645039 128645018953600 send 130987 0 0 190 190 1
1674635908649659 128645018953600 send 14 0 0 190 190 1
1674635908649899 128645018953600 egress 191 1 0 0 0 0
1674635909619314 128645018953600 cliack 191 0 192 191 0 0
1674635909619554 128645018953600 ackregion 191 191 191 0 0 0
1674635907565878 128644996662976 emit_beg 191 0 0 0 0 0
1674635907579218 128644996662976 dmg 0 1 0 0 1024 768
1674635907579618 128644996662976 enc 190 190 1 -1 -1 0
1674635907622726 128644996662976 emit_end 191 0 0 0 0 0
1674635918469283 128645005055680 wait_end 0 0 0 0 0 0
1674635918475123 128645005055680 drain_beg 0 0 0 0 0 0
1674635918475853 128645005055680 drain_end 1 0 0 0 0 0
1674635918476043 128645005055680 take 192 0 0 0 0 0
1674635918476773 128645005055680 subm_beg 1 0 0 0 0 0
1674635918477943 128645005055680 submit 192 0 0 0 0 0
1674635918478113 128645005055680 subm_end 1 0 0 0 0 0
1674635918478203 128645005055680 pump_beg 1 0 0 0 0 0
1674635919114610 128645005055680 feedend 191 0 0 0 0 0
1674635919124099 128645005055680 feedend 191 1 0 0 0 0
1674635922802416 128645005055680 outfirst 191 1 65536 0 0 0
1674635923170842 128645005055680 outfirst 191 0 65536 0 0 0
1674635923214461 128645005055680 pump_end 1 2 0 0 0 0
1674635923214871 128645005055680 join_beg 1 0 0 0 0 0
1674635923215381 128645005055680 join_end 0 0 0 0 0 0
1674635923215701 128645005055680 book_beg 1 0 0 0 0 0
1674635923216291 128645005055680 batch 192 1 1 2 2 0
1674635923216431 128645005055680 book_end 1 0 0 0 0 0
1674635923216551 128645005055680 coll_beg 0 0 0 0 0 0
1674635923434523 128645005055680 coll_end 0 0 0 0 0 0
1674635923434663 128645005055680 rel_beg 1 0 0 0 0 0
1674635923435023 128645005055680 absorb 192 0 0 0 0 0
1674635923441083 128645005055680 rel_end 1 0 0 0 0 0
1674635923443563 128645005055680 wait_beg 0 0 0 0 0 0
1674635918436344 128645018953600 msgin 192 4718592 0 0 0 0
1674635918436534 128645018953600 enq 192 1 0 0 0 0
1674635923446802 128645018953600 ackslot 192 191 192 0 0 0
1674635923809209 128645018953600 send 18 0 0 191 191 1
1674635924223124 128645018953600 send 156783 0 0 191 191 1
1674635924523573 128645018953600 send 130856 0 0 191 191 1
1674635924526743 128645018953600 send 14 0 0 191 191 1
1674635924526873 128645018953600 egress 192 1 0 0 0 0
1674635923743562 128644996662976 emit_beg 192 0 0 0 0 0
1674635923776821 128644996662976 dmg 0 1 0 0 1024 768
1674635923777110 128644996662976 enc 191 191 1 -1 -1 0
1674635923822119 128644996662976 emit_end 192 0 0 0 0 0
1674635935233885 128645005055680 wait_end 0 0 0 0 0 0
1674635935237685 128645005055680 drain_beg 0 0 0 0 0 0
1674635935238175 128645005055680 drain_end 1 0 0 0 0 0
1674635935238355 128645005055680 take 193 0 0 0 0 0
1674635935238785 128645005055680 subm_beg 1 0 0 0 0 0
1674635935239305 128645005055680 submit 193 0 0 0 0 0
1674635935239395 128645005055680 subm_end 1 0 0 0 0 0
1674635935239515 128645005055680 pump_beg 1 0 0 0 0 0
1674635935580263 128645005055680 feedend 192 0 0 0 0 0
1674635935588622 128645005055680 feedend 192 1 0 0 0 0
1674635925757399 128645018953600 cliack 192 0 193 192 0 0
1674635925757499 128645018953600 ackregion 192 192 192 0 0 0
1674635935209146 128645018953600 msgin 193 4718592 0 0 0 0
1674635935209536 128645018953600 enq 193 1 0 0 0 0
1674635939122134 128645005055680 outfirst 192 1 65536 0 0 0
1674635939595447 128645005055680 outfirst 192 0 65536 0 0 0
1674635939661965 128645005055680 pump_end 1 2 0 0 0 0
1674635939662125 128645005055680 join_beg 1 0 0 0 0 0
1674635939662405 128645005055680 join_end 0 0 0 0 0 0
1674635939662575 128645005055680 book_beg 1 0 0 0 0 0
1674635939669314 128645005055680 batch 193 1 1 2 2 0
1674635939669394 128645005055680 book_end 1 0 0 0 0 0
1674635939669474 128645005055680 coll_beg 0 0 0 0 0 0
1674635939860548 128645005055680 coll_end 0 0 0 0 0 0
1674635939860648 128645005055680 rel_beg 1 0 0 0 0 0
1674635939860868 128645005055680 absorb 193 0 0 0 0 0
1674635939864517 128645005055680 rel_end 1 0 0 0 0 0
1674635939866847 128645005055680 wait_beg 0 0 0 0 0 0
1674635939871077 128645018953600 ackslot 193 192 193 0 0 0
1674635939961644 128645018953600 send 18 0 0 192 192 1
1674635940403048 128645018953600 send 162463 0 0 192 192 1
1674635940703227 128645018953600 send 136816 0 0 192 192 1
1674635940706137 128645018953600 send 14 0 0 192 192 1
1674635940706537 128645018953600 egress 193 1 0 0 0 0
1674635941657342 128645018953600 cliack 193 0 194 193 0 0
1674635941657432 128645018953600 ackregion 193 193 193 0 0 0
1674635939920015 128644996662976 emit_beg 193 0 0 0 0 0
1674635939943994 128644996662976 dmg 0 1 0 0 1024 768
1674635939944424 128644996662976 enc 192 192 1 -1 -1 0
1674635939993123 128644996662976 emit_end 193 0 0 0 0 0
1674635951298993 128645005055680 wait_end 0 0 0 0 0 0
1674635951302483 128645005055680 drain_beg 0 0 0 0 0 0
1674635951302853 128645005055680 drain_end 1 0 0 0 0 0
1674635951303073 128645005055680 take 194 0 0 0 0 0
1674635951303473 128645005055680 subm_beg 1 0 0 0 0 0
1674635951303723 128645005055680 submit 194 0 0 0 0 0
1674635951303913 128645005055680 subm_end 1 0 0 0 0 0
1674635951303993 128645005055680 pump_beg 1 0 0 0 0 0
1674635951501126 128645005055680 feedend 193 0 0 0 0 0
1674635951561224 128645005055680 feedend 193 1 0 0 0 0
1674635955346686 128645005055680 outfirst 193 0 65536 0 0 0
1674635955364576 128645005055680 outfirst 193 1 65536 0 0 0
1674635955453732 128645005055680 pump_end 1 2 0 0 0 0
1674635955453862 128645005055680 join_beg 1 0 0 0 0 0
1674635955454182 128645005055680 join_end 0 0 0 0 0 0
1674635955454442 128645005055680 book_beg 1 0 0 0 0 0
1674635955454802 128645005055680 batch 194 1 1 2 2 0
1674635955454892 128645005055680 book_end 1 0 0 0 0 0
1674635955454972 128645005055680 coll_beg 0 0 0 0 0 0
1674635955670615 128645005055680 coll_end 0 0 0 0 0 0
1674635955670785 128645005055680 rel_beg 1 0 0 0 0 0
1674635955671125 128645005055680 absorb 194 0 0 0 0 0
1674635955674514 128645005055680 rel_end 1 0 0 0 0 0
1674635955676564 128645005055680 wait_beg 0 0 0 0 0 0
1674635951274294 128645018953600 msgin 194 4718592 0 0 0 0
1674635951274484 128645018953600 enq 194 1 0 0 0 0
1674635955681034 128645018953600 ackslot 194 193 194 0 0 0
1674635955766951 128645018953600 send 18 0 0 193 193 1
1674635955726633 128644996662976 emit_beg 194 0 0 0 0 0
1674635955750212 128644996662976 dmg 0 1 0 0 1024 768
1674635955750592 128644996662976 enc 193 193 1 -1 -1 0
1674635955801170 128644996662976 emit_end 194 0 0 0 0 0
1674635956234324 128645018953600 send 174984 0 0 193 193 1
1674635956573332 128645018953600 send 152297 0 0 193 193 1
1674635956576402 128645018953600 send 14 0 0 193 193 1
1674635956576772 128645018953600 egress 194 1 0 0 0 0
1674635957745109 128645018953600 cliack 194 0 195 194 0 0
1674635957745199 128645018953600 ackregion 194 194 194 0 0 0
1674635966837640 128645005055680 wait_end 0 0 0 0 0 0
1674635966841110 128645005055680 drain_beg 0 0 0 0 0 0
1674635966841470 128645005055680 drain_end 1 0 0 0 0 0
1674635966841660 128645005055680 take 195 0 0 0 0 0
1674635966841990 128645005055680 subm_beg 1 0 0 0 0 0
1674635966842350 128645005055680 submit 195 0 0 0 0 0
1674635966842430 128645005055680 subm_end 1 0 0 0 0 0
1674635966842510 128645005055680 pump_beg 1 0 0 0 0 0
1674635967700059 128645005055680 feedend 194 0 0 0 0 0
1674635967731747 128645005055680 feedend 194 1 0 0 0 0
1674635970965920 128645005055680 outfirst 194 1 65536 0 0 0
1674635971424564 128645005055680 outfirst 194 0 65536 0 0 0
1674635971477642 128645005055680 pump_end 1 2 0 0 0 0
1674635971478762 128645005055680 join_beg 1 0 0 0 0 0
1674635971480772 128645005055680 join_end 0 0 0 0 0 0
1674635971480922 128645005055680 book_beg 1 0 0 0 0 0
1674635971482761 128645005055680 batch 195 1 1 2 2 0
1674635971482951 128645005055680 book_end 1 0 0 0 0 0
1674635971483141 128645005055680 coll_beg 0 0 0 0 0 0
1674635971625866 128645005055680 coll_end 0 0 0 0 0 0
1674635971626076 128645005055680 rel_beg 1 0 0 0 0 0
1674635971626866 128645005055680 absorb 195 0 0 0 0 0
1674635971637466 128645005055680 rel_end 1 0 0 0 0 0
1674635971641256 128645005055680 wait_beg 0 0 0 0 0 0
1674635966812291 128645018953600 msgin 195 4718592 0 0 0 0
1674635966812411 128645018953600 enq 195 1 0 0 0 0
1674635971697794 128645018953600 ackslot 195 194 195 0 0 0
1674635971888587 128645018953600 send 18 0 0 194 194 1
1674635972786314 128645018953600 send 130106 0 0 194 194 1
1674635973225728 128645018953600 send 104402 0 0 194 194 1
1674635973230458 128645018953600 send 14 0 0 194 194 1
1674635973230708 128645018953600 egress 195 1 0 0 0 0
1674635973872835 128645018953600 cliack 195 0 196 195 0 0
1674635973873055 128645018953600 ackregion 195 195 195 0 0 0
1674635971687414 128644996662976 emit_beg 195 0 0 0 0 0
1674635971702943 128644996662976 dmg 0 1 0 0 1024 768
1674635971703343 128644996662976 enc 194 194 1 -1 -1 0
1674635971738012 128644996662976 emit_end 195 0 0 0 0 0
1674635982813961 128645005055680 wait_end 0 0 0 0 0 0
1674635982818081 128645005055680 drain_beg 0 0 0 0 0 0
1674635982818511 128645005055680 drain_end 1 0 0 0 0 0
1674635982818711 128645005055680 take 196 0 0 0 0 0
1674635982819231 128645005055680 subm_beg 1 0 0 0 0 0
1674635982819701 128645005055680 submit 196 0 0 0 0 0
1674635982819911 128645005055680 subm_end 1 0 0 0 0 0
1674635982819991 128645005055680 pump_beg 1 0 0 0 0 0
1674635983065212 128645005055680 feedend 195 0 0 0 0 0
1674635983116650 128645005055680 feedend 195 1 0 0 0 0
1674635982783952 128645018953600 msgin 196 4718592 0 0 0 0
1674635982784362 128645018953600 enq 196 1 0 0 0 0
1674635986193098 128645005055680 outfirst 195 1 65536 0 0 0
1674635986479648 128645005055680 outfirst 195 0 65536 0 0 0
1674635986516827 128645005055680 pump_end 1 2 0 0 0 0
1674635986517067 128645005055680 join_beg 1 0 0 0 0 0
1674635986517387 128645005055680 join_end 0 0 0 0 0 0
1674635986517557 128645005055680 book_beg 1 0 0 0 0 0
1674635986517877 128645005055680 batch 196 1 1 2 2 0
1674635986517957 128645005055680 book_end 1 0 0 0 0 0
1674635986518037 128645005055680 coll_beg 0 0 0 0 0 0
1674635986720439 128645005055680 coll_end 0 0 0 0 0 0
1674635986720539 128645005055680 rel_beg 1 0 0 0 0 0
1674635986720809 128645005055680 absorb 196 0 0 0 0 0
1674635986724969 128645005055680 rel_end 1 0 0 0 0 0
1674635986727169 128645005055680 wait_beg 0 0 0 0 0 0
1674635986731399 128645018953600 ackslot 196 195 196 0 0 0
1674635986791437 128645018953600 send 18 0 0 195 195 1
1674635987140794 128645018953600 send 146576 0 0 195 195 1
1674635987416034 128645018953600 send 121315 0 0 195 195 1
1674635987424314 128645018953600 send 14 0 0 195 195 1
1674635987424744 128645018953600 egress 196 1 0 0 0 0
1674635988114409 128645018953600 cliack 196 0 197 196 0 0
1674635988114499 128645018953600 ackregion 196 196 196 0 0 0
1674635986751138 128644996662976 emit_beg 196 0 0 0 0 0
1674635986757828 128644996662976 dmg 0 1 0 0 1024 768
1674635986771477 128644996662976 enc 195 195 1 -1 -1 0
1674635986801256 128644996662976 emit_end 196 0 0 0 0 0
1674635998783942 128645005055680 wait_end 0 0 0 0 0 0
1674635998788372 128645005055680 drain_beg 0 0 0 0 0 0
1674635998789202 128645005055680 drain_end 1 0 0 0 0 0
1674635998789432 128645005055680 take 197 0 0 0 0 0
1674635998790092 128645005055680 subm_beg 1 0 0 0 0 0
1674635998798851 128645005055680 submit 197 0 0 0 0 0
1674635998798991 128645005055680 subm_end 1 0 0 0 0 0
1674635998799071 128645005055680 pump_beg 1 0 0 0 0 0
1674635998994644 128645005055680 feedend 196 0 0 0 0 0
1674635999116110 128645005055680 feedend 196 1 0 0 0 0
1674636002402061 128645005055680 outfirst 196 1 65536 0 0 0
1674636002799956 128645005055680 outfirst 196 0 65536 0 0 0
1674636002846085 128645005055680 pump_end 1 2 0 0 0 0
1674636002846355 128645005055680 join_beg 1 0 0 0 0 0
1674636002847105 128645005055680 join_end 0 0 0 0 0 0
1674636002847425 128645005055680 book_beg 1 0 0 0 0 0
1674636002848085 128645005055680 batch 197 1 1 2 2 0
1674636002848225 128645005055680 book_end 1 0 0 0 0 0
1674636002848345 128645005055680 coll_beg 0 0 0 0 0 0
1674636003126945 128645005055680 coll_end 0 0 0 0 0 0
1674636003127154 128645005055680 rel_beg 1 0 0 0 0 0
1674636003127514 128645005055680 absorb 197 0 0 0 0 0
1674636003133914 128645005055680 rel_end 1 0 0 0 0 0
1674636003137364 128645005055680 wait_beg 0 0 0 0 0 0
1674635998757303 128645018953600 msgin 197 4718592 0 0 0 0
1674635998757693 128645018953600 enq 197 1 0 0 0 0
1674636003139634 128645018953600 ackslot 197 196 197 0 0 0
1674636003260700 128645018953600 send 18 0 0 196 196 1
1674636004234524 128645018953600 send 183190 0 0 196 196 1
1674636004689558 128645018953600 send 157146 0 0 196 196 1
1674636004694328 128645018953600 send 14 0 0 196 196 1
1674636004694558 128645018953600 egress 197 1 0 0 0 0
1674636005478289 128645018953600 cliack 197 0 198 197 0 0
1674636005478539 128645018953600 ackregion 197 197 197 0 0 0
1674636003161193 128644996662976 emit_beg 197 0 0 0 0 0
1674636003168873 128644996662976 dmg 0 1 0 0 1024 768
1674636003169203 128644996662976 enc 196 196 1 -1 -1 0
1674636003207382 128644996662976 emit_end 197 0 0 0 0 0
1674636015362951 128645005055680 wait_end 0 0 0 0 0 0
1674636015367211 128645005055680 drain_beg 0 0 0 0 0 0
1674636015367911 128645005055680 drain_end 1 0 0 0 0 0
1674636015368221 128645005055680 take 198 0 0 0 0 0
1674636015368801 128645005055680 subm_beg 1 0 0 0 0 0
1674636015369611 128645005055680 submit 198 0 0 0 0 0
1674636015369791 128645005055680 subm_end 1 0 0 0 0 0
1674636015369911 128645005055680 pump_beg 1 0 0 0 0 0
1674636015562634 128645005055680 feedend 197 0 0 0 0 0
1674636015664750 128645005055680 feedend 197 1 0 0 0 0
1674636015338662 128645018953600 msgin 198 4718592 0 0 0 0
1674636015338832 128645018953600 enq 198 1 0 0 0 0
1674636018853675 128645005055680 outfirst 197 1 65536 0 0 0
1674636019448463 128645005055680 outfirst 197 0 65536 0 0 0
1674636019506501 128645005055680 pump_end 1 2 0 0 0 0
1674636019506731 128645005055680 join_beg 1 0 0 0 0 0
1674636019507271 128645005055680 join_end 0 0 0 0 0 0
1674636019507441 128645005055680 book_beg 1 0 0 0 0 0
1674636019507931 128645005055680 batch 198 1 1 2 2 0
1674636019508011 128645005055680 book_end 1 0 0 0 0 0
1674636019508111 128645005055680 coll_beg 0 0 0 0 0 0
1674636019767002 128645005055680 coll_end 0 0 0 0 0 0
1674636019767152 128645005055680 rel_beg 1 0 0 0 0 0
1674636019767452 128645005055680 absorb 198 0 0 0 0 0
1674636019773101 128645005055680 rel_end 1 0 0 0 0 0
1674636019775181 128645005055680 wait_beg 0 0 0 0 0 0
1674636019781081 128645018953600 ackslot 198 197 198 0 0 0
1674636019867018 128645018953600 send 18 0 0 197 197 1
1674636020957908 128645018953600 send 187272 0 0 197 197 1
1674636021498109 128645018953600 send 155800 0 0 197 197 1
1674636021509088 128645018953600 send 14 0 0 197 197 1
1674636021509278 128645018953600 egress 198 1 0 0 0 0
1674636022258241 128645018953600 cliack 198 0 199 198 0 0
1674636022258441 128645018953600 ackregion 198 198 198 0 0 0
1674636019799140 128644996662976 emit_beg 198 0 0 0 0 0
1674636019805630 128644996662976 dmg 0 1 0 0 1024 768
1674636019806090 128644996662976 enc 197 197 1 -1 -1 0
1674636019840829 128644996662976 emit_end 198 0 0 0 0 0
1674636031781496 128645005055680 wait_end 0 0 0 0 0 0
1674636031786696 128645005055680 drain_beg 0 0 0 0 0 0
1674636031787466 128645005055680 drain_end 1 0 0 0 0 0
1674636031787716 128645005055680 take 199 0 0 0 0 0
1674636031788586 128645005055680 subm_beg 1 0 0 0 0 0
1674636031789236 128645005055680 submit 199 0 0 0 0 0
1674636031789406 128645005055680 subm_end 1 0 0 0 0 0
1674636031789496 128645005055680 pump_beg 1 0 0 0 0 0
1674636031991718 128645005055680 feedend 198 0 0 0 0 0
1674636032128783 128645005055680 feedend 198 1 0 0 0 0
1674636035156834 128645005055680 outfirst 198 1 65536 0 0 0
1674636035689484 128645005055680 outfirst 198 0 65536 0 0 0
1674636035721373 128645005055680 pump_end 1 2 0 0 0 0
1674636035721713 128645005055680 join_beg 1 0 0 0 0 0
1674636035722103 128645005055680 join_end 0 0 0 0 0 0
1674636035722163 128645005055680 book_beg 1 0 0 0 0 0
1674636035722613 128645005055680 batch 199 1 1 2 2 0
1674636035722653 128645005055680 book_end 1 0 0 0 0 0
1674636035722683 128645005055680 coll_beg 0 0 0 0 0 0
1674636035836479 128645005055680 coll_end 0 0 0 0 0 0
1674636035836569 128645005055680 rel_beg 1 0 0 0 0 0
1674636035836799 128645005055680 absorb 199 0 0 0 0 0
1674636035840979 128645005055680 rel_end 1 0 0 0 0 0
1674636035843169 128645005055680 wait_beg 0 0 0 0 0 0
1674636031754487 128645018953600 msgin 199 4718592 0 0 0 0
1674636031754787 128645018953600 enq 199 1 0 0 0 0
1674636035853898 128645018953600 ackslot 199 198 199 0 0 0
1674636035953905 128645018953600 send 18 0 0 198 198 1
1674636036374290 128645018953600 send 171893 0 0 198 198 1
1674636035851199 128644996662976 emit_beg 199 0 0 0 0 0
1674636035853718 128644996662976 dmg 0 1 0 0 1024 768
1674636035854038 128644996662976 enc 198 198 1 -1 -1 0
1674636035875698 128644996662976 emit_end 199 0 0 0 0 0
1674636036724937 128645018953600 send 140875 0 0 198 198 1
1674636036734277 128645018953600 send 14 0 0 198 198 1
1674636036734787 128645018953600 egress 199 1 0 0 0 0
1674636037150611 128645018953600 cliack 199 0 200 199 0 0
1674636037150771 128645018953600 ackregion 199 199 199 0 0 0
1674636047523256 128645005055680 wait_end 0 0 0 0 0 0
1674636047528675 128645005055680 drain_beg 0 0 0 0 0 0
1674636047529605 128645005055680 drain_end 1 0 0 0 0 0
1674636047529885 128645005055680 take 200 0 0 0 0 0
1674636047530595 128645005055680 subm_beg 1 0 0 0 0 0
1674636047532045 128645005055680 submit 200 0 0 0 0 0
1674636047532195 128645005055680 subm_end 1 0 0 0 0 0
1674636047532325 128645005055680 pump_beg 1 0 0 0 0 0
1674636047732748 128645005055680 feedend 199 0 0 0 0 0
1674636047824515 128645005055680 feedend 199 1 0 0 0 0
1674636050774108 128645005055680 outfirst 199 1 65536 0 0 0
1674636051206682 128645005055680 outfirst 199 0 65536 0 0 0
1674636051239751 128645005055680 pump_end 1 2 0 0 0 0
1674636051240141 128645005055680 join_beg 1 0 0 0 0 0
1674636051240541 128645005055680 join_end 0 0 0 0 0 0
1674636051240681 128645005055680 book_beg 1 0 0 0 0 0
1674636051241201 128645005055680 batch 200 1 1 2 2 0
1674636051241411 128645005055680 book_end 1 0 0 0 0 0
1674636051247761 128645005055680 coll_beg 0 0 0 0 0 0
1674636051406325 128645005055680 coll_end 0 0 0 0 0 0
1674636051406435 128645005055680 rel_beg 1 0 0 0 0 0
1674636051406895 128645005055680 absorb 200 0 0 0 0 0
1674636051414104 128645005055680 rel_end 1 0 0 0 0 0
1674636051415714 128645005055680 wait_beg 0 0 0 0 0 0
1674636047493127 128645018953600 msgin 200 4718592 0 0 0 0
1674636047493457 128645018953600 enq 200 1 0 0 0 0
1674636051441933 128645018953600 ackslot 200 199 200 0 0 0
1674636051503091 128645018953600 send 18 0 0 199 199 1
1674636052289053 128645018953600 send 143441 0 0 199 199 1
1674636052620061 128645018953600 send 115960 0 0 199 199 1
1674636052624381 128645018953600 send 14 0 0 199 199 1
1674636052624561 128645018953600 egress 200 1 0 0 0 0
1674636053087664 128645018953600 cliack 200 0 201 200 0 0
1674636053087774 128645018953600 ackregion 200 200 200 0 0 0
1674636051428414 128644996662976 emit_beg 200 0 0 0 0 0
1674636051432244 128644996662976 dmg 0 1 0 0 1024 768
1674636051432524 128644996662976 enc 199 199 1 -1 -1 0
1674636051470182 128644996662976 emit_end 200 0 0 0 0 0
1674636063909022 128645005055680 wait_end 0 0 0 0 0 0
1674636063914171 128645005055680 drain_beg 0 0 0 0 0 0
1674636063914981 128645005055680 drain_end 1 0 0 0 0 0
1674636063915421 128645005055680 take 201 0 0 0 0 0
1674636063916351 128645005055680 subm_beg 1 0 0 0 0 0
1674636063917281 128645005055680 submit 201 0 0 0 0 0
1674636063917391 128645005055680 subm_end 1 0 0 0 0 0
1674636063917491 128645005055680 pump_beg 1 0 0 0 0 0
1674636064152813 128645005055680 feedend 200 0 0 0 0 0
1674636064272348 128645005055680 feedend 200 1 0 0 0 0
1674636063876333 128645018953600 msgin 201 4718592 0 0 0 0
1674636063877223 128645018953600 enq 201 1 0 0 0 0
1674636067689455 128645005055680 outfirst 200 1 65536 0 0 0
1674636068132209 128645005055680 outfirst 200 0 65536 0 0 0
1674636068158868 128645005055680 pump_end 1 2 0 0 0 0
1674636068159038 128645005055680 join_beg 1 0 0 0 0 0
1674636068159198 128645005055680 join_end 0 0 0 0 0 0
1674636068159298 128645005055680 book_beg 1 0 0 0 0 0
1674636068159548 128645005055680 batch 201 1 1 2 2 0
1674636068159698 128645005055680 book_end 1 0 0 0 0 0
1674636068159858 128645005055680 coll_beg 0 0 0 0 0 0
1674636068282643 128645005055680 coll_end 0 0 0 0 0 0
1674636068282823 128645005055680 rel_beg 1 0 0 0 0 0
1674636068283143 128645005055680 absorb 201 0 0 0 0 0
1674636068286693 128645005055680 rel_end 1 0 0 0 0 0
1674636068287673 128645005055680 wait_beg 0 0 0 0 0 0
1674636068288983 128645005055680 wait_end 0 0 0 0 0 0
1674636068291543 128645005055680 drain_beg 0 0 0 0 0 0
1674636068292003 128645005055680 drain_end 1 0 0 0 0 0
1674636068292343 128645005055680 take 202 0 0 0 0 0
1674636068292683 128645005055680 subm_beg 1 0 0 0 0 0
1674636068293303 128645005055680 submit 202 0 0 0 0 0
1674636068293383 128645005055680 subm_end 1 0 0 0 0 0
1674636068293463 128645005055680 pump_beg 1 0 0 0 0 0
1674636068447897 128645005055680 feedend 201 0 0 0 0 0
1674636068483326 128645005055680 feedend 201 1 0 0 0 0
1674636071930921 128645005055680 outfirst 201 1 65536 0 0 0
1674636072340306 128645005055680 outfirst 201 0 65536 0 0 0
1674636072382755 128645005055680 pump_end 1 2 0 0 0 0
1674636072382925 128645005055680 join_beg 1 0 0 0 0 0
1674636072382975 128645005055680 join_end 0 0 0 0 0 0
1674636072383075 128645005055680 book_beg 1 0 0 0 0 0
1674636072383265 128645005055680 batch 202 1 1 2 2 0
1674636072383305 128645005055680 book_end 1 0 0 0 0 0
1674636072383335 128645005055680 coll_beg 0 0 0 0 0 0
1674636072503760 128645005055680 coll_end 0 0 0 0 0 0
1674636072503810 128645005055680 rel_beg 1 0 0 0 0 0
1674636072503950 128645005055680 absorb 202 0 0 0 0 0
1674636072506980 128645005055680 rel_end 1 0 0 0 0 0
1674636072507770 128645005055680 wait_beg 0 0 0 0 0 0
1674636072508910 128645005055680 wait_end 0 0 0 0 0 0
1674636072510630 128645005055680 drain_beg 0 0 0 0 0 0
1674636072510940 128645005055680 drain_end 1 0 0 0 0 0
1674636072511280 128645005055680 take 203 0 0 0 0 0
1674636072511450 128645005055680 subm_beg 1 0 0 0 0 0
1674636072511550 128645005055680 submit 203 0 0 0 0 0
1674636072511590 128645005055680 subm_end 1 0 0 0 0 0
1674636072511630 128645005055680 pump_beg 1 0 0 0 0 0
1674636072636355 128645005055680 feedend 202 0 0 0 0 0
1674636072688143 128645005055680 feedend 202 1 0 0 0 0
1674636075447603 128645005055680 outfirst 202 1 65536 0 0 0
1674636076056871 128645005055680 outfirst 202 0 65536 0 0 0
1674636076073411 128645005055680 pump_end 1 2 0 0 0 0
1674636076073581 128645005055680 join_beg 1 0 0 0 0 0
1674636076073631 128645005055680 join_end 0 0 0 0 0 0
1674636076073711 128645005055680 book_beg 1 0 0 0 0 0
1674636076073831 128645005055680 batch 203 1 1 2 2 0
1674636076073871 128645005055680 book_end 1 0 0 0 0 0
1674636076073901 128645005055680 coll_beg 0 0 0 0 0 0
1674636076159758 128645005055680 coll_end 0 0 0 0 0 0
1674636076159798 128645005055680 rel_beg 1 0 0 0 0 0
1674636076159938 128645005055680 absorb 203 0 0 0 0 0
1674636076161598 128645005055680 rel_end 1 0 0 0 0 0
1674636076162318 128645005055680 wait_beg 0 0 0 0 0 0
1674636067465613 128645018953600 msgin 202 4718592 0 0 0 0
1674636067465783 128645018953600 enq 202 1 0 0 0 0
1674636068322512 128645018953600 ackslot 201 200 201 0 0 0
1674636068357640 128645018953600 send 18 0 0 200 200 1
1674636069386603 128645018953600 send 202405 0 0 200 200 1
1674636069918124 128645018953600 send 181916 0 0 200 200 1
1674636069922874 128645018953600 send 14 0 0 200 200 1
1674636069923104 128645018953600 egress 201 1 0 0 0 0
1674636070619058 128645018953600 cliack 201 0 202 201 0 0
1674636070619158 128645018953600 ackregion 201 201 201 0 0 0
1674636072127834 128645018953600 msgin 203 4718592 0 0 0 0
1674636072128314 128645018953600 enq 203 1 0 0 0 0
1674636072519160 128645018953600 ackslot 202 201 202 0 0 0
1674636072547599 128645018953600 send 18 0 0 201 201 1
1674636073162396 128645018953600 send 206632 0 0 201 201 1
1674636073716956 128645018953600 send 188843 0 0 201 201 1
1674636073721236 128645018953600 send 14 0 0 201 201 1
1674636073721516 128645018953600 egress 202 1 0 0 0 0
1674636074564655 128645018953600 cliack 202 0 203 202 0 0
1674636074564865 128645018953600 ackregion 202 202 202 0 0 0
1674636076167147 128645018953600 ackslot 203 202 203 0 0 0
1674636076201876 128645018953600 send 18 0 0 202 202 1
1674636068310722 128644996662976 emit_beg 201 0 0 0 0 0
1674636068313982 128644996662976 dmg 0 1 0 0 1024 768
1674636068314272 128644996662976 enc 200 200 1 -1 -1 0
1674636068351801 128644996662976 emit_end 201 0 0 0 0 0
1674636072531429 128644996662976 emit_beg 202 0 0 0 0 0
1674636072536149 128644996662976 dmg 0 1 0 0 1024 768
1674636072536369 128644996662976 enc 201 201 1 -1 -1 0
1674636072575978 128644996662976 emit_end 202 0 0 0 0 0
1674636076185077 128644996662976 emit_beg 203 0 0 0 0 0
1674636076189697 128644996662976 dmg 0 1 0 0 1024 768
1674636076189807 128644996662976 enc 202 202 1 -1 -1 0
1674636076218755 128644996662976 emit_end 203 0 0 0 0 0
1674636076679389 128645018953600 send 163282 0 0 202 202 1
1674636077063125 128645018953600 send 131336 0 0 202 202 1
1674636077067465 128645018953600 send 14 0 0 202 202 1
1674636077067685 128645018953600 egress 203 1 0 0 0 0
1674636077889285 128645018953600 cliack 203 0 204 203 0 0
1674636077889495 128645018953600 ackregion 203 203 203 0 0 0
1674636087744238 128645005055680 wait_end 0 0 0 0 0 0
1674636087749128 128645005055680 drain_beg 0 0 0 0 0 0
1674636087749588 128645005055680 drain_end 1 0 0 0 0 0
1674636087749778 128645005055680 take 204 0 0 0 0 0
1674636087750468 128645005055680 subm_beg 1 0 0 0 0 0
1674636087751098 128645005055680 submit 204 0 0 0 0 0
1674636087751248 128645005055680 subm_end 1 0 0 0 0 0
1674636087751467 128645005055680 pump_beg 1 0 0 0 0 0
1674636087917092 128645005055680 feedend 203 0 0 0 0 0
1674636088161503 128645005055680 feedend 203 1 0 0 0 0
1674636090833096 128645005055680 outfirst 203 1 65536 0 0 0
1674636091142155 128645005055680 outfirst 203 0 65536 0 0 0
1674636091154874 128645005055680 pump_end 1 2 0 0 0 0
1674636091155044 128645005055680 join_beg 1 0 0 0 0 0
1674636091155384 128645005055680 join_end 0 0 0 0 0 0
1674636091155464 128645005055680 book_beg 1 0 0 0 0 0
1674636091155664 128645005055680 batch 204 1 1 2 2 0
1674636091155704 128645005055680 book_end 1 0 0 0 0 0
1674636091155744 128645005055680 coll_beg 0 0 0 0 0 0
1674636091227332 128645005055680 coll_end 0 0 0 0 0 0
1674636091227372 128645005055680 rel_beg 1 0 0 0 0 0
1674636091227712 128645005055680 absorb 204 0 0 0 0 0
1674636091230581 128645005055680 rel_end 1 0 0 0 0 0
1674636091231451 128645005055680 wait_beg 0 0 0 0 0 0
1674636087707799 128645018953600 msgin 204 4718592 0 0 0 0
1674636087708039 128645018953600 enq 204 1 0 0 0 0
1674636091241241 128645018953600 ackslot 204 203 204 0 0 0
1674636091273900 128645018953600 send 18 0 0 203 203 1
1674636091649826 128645018953600 send 131676 0 0 203 203 1
1674636091959835 128645018953600 send 106861 0 0 203 203 1
1674636091964045 128645018953600 send 14 0 0 203 203 1
1674636091964255 128645018953600 egress 204 1 0 0 0 0
1674636092726207 128645018953600 cliack 204 0 205 204 0 0
1674636092726307 128645018953600 ackregion 204 204 204 0 0 0
1674636091254271 128644996662976 emit_beg 204 0 0 0 0 0
1674636091258760 128644996662976 dmg 0 1 0 0 1024 768
1674636091259080 128644996662976 enc 203 203 1 -1 -1 0
1674636091283830 128644996662976 emit_end 204 0 0 0 0 0
1674636103466138 128645005055680 wait_end 0 0 0 0 0 0
1674636103471658 128645005055680 drain_beg 0 0 0 0 0 0
1674636103472378 128645005055680 drain_end 1 0 0 0 0 0
1674636103472608 128645005055680 take 205 0 0 0 0 0
1674636103472988 128645005055680 subm_beg 1 0 0 0 0 0
1674636103473328 128645005055680 submit 205 0 0 0 0 0
1674636103473568 128645005055680 subm_end 1 0 0 0 0 0
1674636103473668 128645005055680 pump_beg 1 0 0 0 0 0
1674636103634842 128645005055680 feedend 204 0 0 0 0 0
1674636103732438 128645005055680 feedend 204 1 0 0 0 0
1674636106516267 128645005055680 outfirst 204 1 65536 0 0 0
1674636103433559 128645018953600 msgin 205 4718592 0 0 0 0
1674636103434039 128645018953600 enq 205 1 0 0 0 0
1674636106916103 128645005055680 outfirst 204 0 65536 0 0 0
1674636106930552 128645005055680 pump_end 1 2 0 0 0 0
1674636106930732 128645005055680 join_beg 1 0 0 0 0 0
1674636106931042 128645005055680 join_end 0 0 0 0 0 0
1674636106931132 128645005055680 book_beg 1 0 0 0 0 0
1674636106931342 128645005055680 batch 205 1 1 2 2 0
1674636106931512 128645005055680 book_end 1 0 0 0 0 0
1674636106931662 128645005055680 coll_beg 0 0 0 0 0 0
1674636107014729 128645005055680 coll_end 0 0 0 0 0 0
1674636107014909 128645005055680 rel_beg 1 0 0 0 0 0
1674636107015259 128645005055680 absorb 205 0 0 0 0 0
1674636107018109 128645005055680 rel_end 1 0 0 0 0 0
1674636107019069 128645005055680 wait_beg 0 0 0 0 0 0
1674636107029709 128645018953600 ackslot 205 204 205 0 0 0
1674636107072407 128645018953600 send 18 0 0 204 204 1
1674636107891028 128645018953600 send 145879 0 0 204 204 1
1674636108365480 128645018953600 send 120580 0 0 204 204 1
1674636108369780 128645018953600 send 14 0 0 204 204 1
1674636108369890 128645018953600 egress 205 1 0 0 0 0
1674636108815974 128645018953600 cliack 205 0 206 205 0 0
1674636108816204 128645018953600 ackregion 205 205 205 0 0 0
1674636107044318 128644996662976 emit_beg 205 0 0 0 0 0
1674636107049048 128644996662976 dmg 0 1 0 0 1024 768
1674636107049368 128644996662976 enc 204 204 1 -1 -1 0
1674636107076607 128644996662976 emit_end 205 0 0 0 0 0
1674636120040337 128645005055680 wait_end 0 0 0 0 0 0
1674636120042597 128645005055680 drain_beg 0 0 0 0 0 0
1674636120042897 128645005055680 drain_end 1 0 0 0 0 0
1674636120043057 128645005055680 take 206 0 0 0 0 0
1674636120043397 128645005055680 subm_beg 1 0 0 0 0 0
1674636120044187 128645005055680 submit 206 0 0 0 0 0
1674636120044347 128645005055680 subm_end 1 0 0 0 0 0
1674636120044397 128645005055680 pump_beg 1 0 0 0 0 0
1674636120136744 128645005055680 feedend 205 0 0 0 0 0
1674636120201261 128645005055680 feedend 205 1 0 0 0 0
1674636122832986 128645005055680 outfirst 205 1 65536 0 0 0
1674636123632587 128645005055680 outfirst 205 0 65536 0 0 0
1674636123651686 128645005055680 pump_end 1 2 0 0 0 0
1674636123651856 128645005055680 join_beg 1 0 0 0 0 0
1674636123652196 128645005055680 join_end 0 0 0 0 0 0
1674636123652326 128645005055680 book_beg 1 0 0 0 0 0
1674636123652536 128645005055680 batch 206 1 1 2 2 0
1674636123652696 128645005055680 book_end 1 0 0 0 0 0
1674636123652856 128645005055680 coll_beg 0 0 0 0 0 0
1674636123737053 128645005055680 coll_end 0 0 0 0 0 0
1674636123737313 128645005055680 rel_beg 1 0 0 0 0 0
1674636123737483 128645005055680 absorb 206 0 0 0 0 0
1674636123739863 128645005055680 rel_end 1 0 0 0 0 0
1674636123740953 128645005055680 wait_beg 0 0 0 0 0 0
1674636120027398 128645018953600 msgin 206 4718592 0 0 0 0
1674636120028188 128645018953600 enq 206 1 0 0 0 0
1674636123771872 128645018953600 ackslot 206 205 206 0 0 0
1674636123812570 128645018953600 send 18 0 0 205 205 1
1674636124791375 128645018953600 send 169730 0 0 205 205 1
1674636125247279 128645018953600 send 108880 0 0 205 205 1
1674636125251748 128645018953600 send 14 0 0 205 205 1
1674636125252018 128645018953600 egress 206 1 0 0 0 0
1674636125683983 128645018953600 cliack 206 0 207 206 0 0
1674636125684103 128645018953600 ackregion 206 206 206 0 0 0
1674636123753483 128644996662976 emit_beg 206 0 0 0 0 0
1674636123757552 128644996662976 dmg 0 1 0 0 1024 768
1674636123757782 128644996662976 enc 205 205 1 -1 -1 0
1674636123788631 128644996662976 emit_end 206 0 0 0 0 0
1674636136734982 128645005055680 wait_end 0 0 0 0 0 0
1674636136737322 128645005055680 drain_beg 0 0 0 0 0 0
1674636136737642 128645005055680 drain_end 1 0 0 0 0 0
1674636136737872 128645005055680 take 207 0 0 0 0 0
1674636136738212 128645005055680 subm_beg 1 0 0 0 0 0
1674636136738712 128645005055680 submit 207 0 0 0 0 0
1674636136738842 128645005055680 subm_end 1 0 0 0 0 0
1674636136738872 128645005055680 pump_beg 1 0 0 0 0 0
1674636136904676 128645005055680 feedend 206 0 0 0 0 0
1674636136914706 128645005055680 feedend 206 1 0 0 0 0
1674636136703623 128645018953600 msgin 207 4718592 0 0 0 0
1674636136707463 128645018953600 enq 207 1 0 0 0 0
1674636139996694 128645005055680 outfirst 206 1 65536 0 0 0
1674636140639081 128645005055680 outfirst 206 0 65536 0 0 0
1674636140659610 128645005055680 pump_end 1 2 0 0 0 0
1674636140659780 128645005055680 join_beg 1 0 0 0 0 0
1674636140660120 128645005055680 join_end 0 0 0 0 0 0
1674636140660180 128645005055680 book_beg 1 0 0 0 0 0
1674636140660630 128645005055680 batch 207 1 1 2 2 0
1674636140660790 128645005055680 book_end 1 0 0 0 0 0
1674636140660940 128645005055680 coll_beg 0 0 0 0 0 0
1674636140760896 128645005055680 coll_end 0 0 0 0 0 0
1674636140761086 128645005055680 rel_beg 1 0 0 0 0 0
1674636140765176 128645005055680 absorb 207 0 0 0 0 0
1674636140768306 128645005055680 rel_end 1 0 0 0 0 0
1674636140769156 128645005055680 wait_beg 0 0 0 0 0 0
1674636140803455 128645018953600 ackslot 207 206 207 0 0 0
1674636140835284 128645018953600 send 18 0 0 206 206 1
1674636141873566 128645018953600 send 178639 0 0 206 206 1
1674636142390487 128645018953600 send 147946 0 0 206 206 1
1674636142394627 128645018953600 send 14 0 0 206 206 1
1674636142394817 128645018953600 egress 207 1 0 0 0 0
1674636142927608 128645018953600 cliack 207 0 208 207 0 0
1674636142927728 128645018953600 ackregion 207 207 207 0 0 0
1674636140792425 128644996662976 emit_beg 207 0 0 0 0 0
1674636140795175 128644996662976 dmg 0 1 0 0 1024 768
1674636140795355 128644996662976 enc 206 206 1 -1 -1 0
1674636140826924 128644996662976 emit_end 207 0 0 0 0 0
1674636152098895 128645005055680 wait_end 0 0 0 0 0 0
1674636152102975 128645005055680 drain_beg 0 0 0 0 0 0
1674636152103465 128645005055680 drain_end 1 0 0 0 0 0
1674636152103665 128645005055680 take 208 0 0 0 0 0
1674636152103985 128645005055680 subm_beg 1 0 0 0 0 0
1674636152104485 128645005055680 submit 208 0 0 0 0 0
1674636152104645 128645005055680 subm_end 1 0 0 0 0 0
1674636152104725 128645005055680 pump_beg 1 0 0 0 0 0
1674636152302228 128645005055680 feedend 207 0 0 0 0 0
1674636152378385 128645005055680 feedend 207 1 0 0 0 0
1674636155364067 128645005055680 outfirst 207 1 65536 0 0 0
1674636155933016 128645005055680 outfirst 207 0 65536 0 0 0
1674636155961425 128645005055680 pump_end 1 2 0 0 0 0
1674636155961645 128645005055680 join_beg 1 0 0 0 0 0
1674636155961995 128645005055680 join_end 0 0 0 0 0 0
1674636155962175 128645005055680 book_beg 1 0 0 0 0 0
1674636155962635 128645005055680 batch 208 1 1 2 2 0
1674636155962825 128645005055680 book_end 1 0 0 0 0 0
1674636155963015 128645005055680 coll_beg 0 0 0 0 0 0
1674636156097530 128645005055680 coll_end 0 0 0 0 0 0
1674636156097790 128645005055680 rel_beg 1 0 0 0 0 0
1674636156098140 128645005055680 absorb 208 0 0 0 0 0
1674636156101390 128645005055680 rel_end 1 0 0 0 0 0
1674636156102570 128645005055680 wait_beg 0 0 0 0 0 0
1674636152077126 128645018953600 msgin 208 4718592 0 0 0 0
1674636152077346 128645018953600 enq 208 1 0 0 0 0
1674636156136389 128645018953600 ackslot 208 207 208 0 0 0
1674636156167438 128645018953600 send 18 0 0 207 207 1
1674636157144392 128645018953600 send 171938 0 0 207 207 1
1674636156125989 128644996662976 emit_beg 208 0 0 0 0 0
1674636156128739 128644996662976 dmg 0 1 0 0 1024 768
1674636156129029 128644996662976 enc 207 207 1 -1 -1 0
1674636156159358 128644996662976 emit_end 208 0 0 0 0 0
1674636157527969 128645018953600 send 131851 0 0 207 207 1
1674636157532558 128645018953600 send 14 0 0 207 207 1
1674636157532798 128645018953600 egress 208 1 0 0 0 0
1674636158061609 128645018953600 cliack 208 0 209 208 0 0
1674636158061729 128645018953600 ackregion 208 208 208 0 0 0
1674636167642682 128645005055680 wait_end 0 0 0 0 0 0
1674636167646252 128645005055680 drain_beg 0 0 0 0 0 0
1674636167646692 128645005055680 drain_end 1 0 0 0 0 0
1674636167646872 128645005055680 take 209 0 0 0 0 0
1674636167647182 128645005055680 subm_beg 1 0 0 0 0 0
1674636167647512 128645005055680 submit 209 0 0 0 0 0
1674636167647702 128645005055680 subm_end 1 0 0 0 0 0
1674636167647782 128645005055680 pump_beg 1 0 0 0 0 0
1674636167802806 128645005055680 feedend 208 0 0 0 0 0
1674636167919962 128645005055680 feedend 208 1 0 0 0 0
1674636170929053 128645005055680 outfirst 208 1 65536 0 0 0
1674636171307299 128645005055680 outfirst 208 0 65536 0 0 0
1674636171324609 128645005055680 pump_end 1 2 0 0 0 0
1674636171324809 128645005055680 join_beg 1 0 0 0 0 0
1674636171325129 128645005055680 join_end 0 0 0 0 0 0
1674636171325209 128645005055680 book_beg 1 0 0 0 0 0
1674636171325418 128645005055680 batch 209 1 1 2 2 0
1674636171325568 128645005055680 book_end 1 0 0 0 0 0
1674636171325718 128645005055680 coll_beg 0 0 0 0 0 0
1674636171415245 128645005055680 coll_end 0 0 0 0 0 0
1674636171415435 128645005055680 rel_beg 1 0 0 0 0 0
1674636171415945 128645005055680 absorb 209 0 0 0 0 0
1674636171418775 128645005055680 rel_end 1 0 0 0 0 0
1674636171419695 128645005055680 wait_beg 0 0 0 0 0 0
1674636167613833 128645018953600 msgin 209 4718592 0 0 0 0
1674636167614033 128645018953600 enq 209 1 0 0 0 0
1674636171453364 128645018953600 ackslot 209 208 209 0 0 0
1674636171486553 128645018953600 send 18 0 0 208 208 1
1674636172651020 128645018953600 send 160115 0 0 208 208 1
1674636173428202 128645018953600 send 137422 0 0 208 208 1
1674636173433152 128645018953600 send 14 0 0 208 208 1
1674636173433412 128645018953600 egress 209 1 0 0 0 0
1674636173501920 128645018953600 cliack 209 0 210 209 0 0
1674636173502140 128645018953600 ackregion 209 209 209 0 0 0
1674636171443234 128644996662976 emit_beg 209 0 0 0 0 0
1674636171446064 128644996662976 dmg 0 1 0 0 1024 768
1674636171446244 128644996662976 enc 208 208 1 -1 -1 0
1674636171475383 128644996662976 emit_end 209 0 0 0 0 0
1674636184120425 128645005055680 wait_end 0 0 0 0 0 0
1674636184125335 128645005055680 drain_beg 0 0 0 0 0 0
1674636184125775 128645005055680 drain_end 1 0 0 0 0 0
1674636184126095 128645005055680 take 210 0 0 0 0 0
1674636184126535 128645005055680 subm_beg 1 0 0 0 0 0
1674636184127175 128645005055680 submit 210 0 0 0 0 0
1674636184127415 128645005055680 subm_end 1 0 0 0 0 0
1674636184127525 128645005055680 pump_beg 1 0 0 0 0 0
1674636184328277 128645005055680 feedend 209 0 0 0 0 0
1674636184395805 128645005055680 feedend 209 1 0 0 0 0
1674636187361517 128645005055680 outfirst 209 1 65536 0 0 0
1674636184091246 128645018953600 msgin 210 4718592 0 0 0 0
1674636184091556 128645018953600 enq 210 1 0 0 0 0
1674636187965305 128645005055680 outfirst 209 0 65536 0 0 0
1674636187982775 128645005055680 pump_end 1 2 0 0 0 0
1674636187983015 128645005055680 join_beg 1 0 0 0 0 0
1674636187983355 128645005055680 join_end 0 0 0 0 0 0
1674636187983455 128645005055680 book_beg 1 0 0 0 0 0
1674636187983655 128645005055680 batch 210 1 1 2 2 0
1674636187983815 128645005055680 book_end 1 0 0 0 0 0
1674636187983995 128645005055680 coll_beg 0 0 0 0 0 0
1674636188084241 128645005055680 coll_end 0 0 0 0 0 0
1674636188084601 128645005055680 rel_beg 1 0 0 0 0 0
1674636188084931 128645005055680 absorb 210 0 0 0 0 0
1674636188088231 128645005055680 rel_end 1 0 0 0 0 0
1674636188089361 128645005055680 wait_beg 0 0 0 0 0 0
1674636188102780 128645018953600 ackslot 210 209 210 0 0 0
1674636188142979 128645018953600 send 18 0 0 209 209 1
1674636188648551 128645018953600 send 165689 0 0 209 209 1
1674636189050866 128645018953600 send 135077 0 0 209 209 1
1674636189055276 128645018953600 send 14 0 0 209 209 1
1674636189055566 128645018953600 egress 210 1 0 0 0 0
1674636189899415 128645018953600 cliack 210 0 211 210 0 0
1674636189899615 128645018953600 ackregion 210 210 210 0 0 0
1674636188112330 128644996662976 emit_beg 210 0 0 0 0 0
1674636188117040 128644996662976 dmg 0 1 0 0 1024 768
1674636188117240 128644996662976 enc 209 209 1 -1 -1 0
1674636188147129 128644996662976 emit_end 210 0 0 0 0 0
1674636199517567 128645005055680 wait_end 0 0 0 0 0 0
1674636199521917 128645005055680 drain_beg 0 0 0 0 0 0
1674636199522327 128645005055680 drain_end 1 0 0 0 0 0
1674636199522517 128645005055680 take 211 0 0 0 0 0
1674636199523016 128645005055680 subm_beg 1 0 0 0 0 0
1674636199523406 128645005055680 submit 211 0 0 0 0 0
1674636199523556 128645005055680 subm_end 1 0 0 0 0 0
1674636199523636 128645005055680 pump_beg 1 0 0 0 0 0
1674636199682191 128645005055680 feedend 210 0 0 0 0 0
1674636199752108 128645005055680 feedend 210 1 0 0 0 0
1674636202774019 128645005055680 outfirst 210 1 65536 0 0 0
1674636203185814 128645005055680 outfirst 210 0 65536 0 0 0
1674636203204033 128645005055680 pump_end 1 2 0 0 0 0
1674636203204233 128645005055680 join_beg 1 0 0 0 0 0
1674636203204293 128645005055680 join_end 0 0 0 0 0 0
1674636203204413 128645005055680 book_beg 1 0 0 0 0 0
1674636203204633 128645005055680 batch 211 1 1 2 2 0
1674636203204673 128645005055680 book_end 1 0 0 0 0 0
1674636203204703 128645005055680 coll_beg 0 0 0 0 0 0
1674636203300010 128645005055680 coll_end 0 0 0 0 0 0
1674636203300060 128645005055680 rel_beg 1 0 0 0 0 0
1674636203300390 128645005055680 absorb 211 0 0 0 0 0
1674636203303090 128645005055680 rel_end 1 0 0 0 0 0
1674636203303980 128645005055680 wait_beg 0 0 0 0 0 0
1674636199488888 128645018953600 msgin 211 4718592 0 0 0 0
1674636199489328 128645018953600 enq 211 1 0 0 0 0
1674636203320289 128645018953600 ackslot 211 210 211 0 0 0
1674636203359308 128645018953600 send 18 0 0 210 210 1
1674636204472227 128645018953600 send 171466 0 0 210 210 1
1674636205350115 128645018953600 send 148901 0 0 210 210 1
1674636205355045 128645018953600 send 14 0 0 210 210 1
1674636205355355 128645018953600 egress 211 1 0 0 0 0
1674636205435212 128645018953600 cliack 211 0 212 211 0 0
1674636205435432 128645018953600 ackregion 211 211 211 0 0 0
1674636203326649 128644996662976 emit_beg 211 0 0 0 0 0
1674636203330899 128644996662976 dmg 0 1 0 0 1024 768
1674636203331099 128644996662976 enc 210 210 1 -1 -1 0
1674636203362197 128644996662976 emit_end 211 0 0 0 0 0
1674636215670281 128645005055680 wait_end 0 0 0 0 0 0
1674636215674311 128645005055680 drain_beg 0 0 0 0 0 0
1674636215674741 128645005055680 drain_end 1 0 0 0 0 0
1674636215674951 128645005055680 take 212 0 0 0 0 0
1674636215675371 128645005055680 subm_beg 1 0 0 0 0 0
1674636215675821 128645005055680 submit 212 0 0 0 0 0
1674636215675981 128645005055680 subm_end 1 0 0 0 0 0
1674636215676061 128645005055680 pump_beg 1 0 0 0 0 0
1674636215867654 128645005055680 feedend 211 0 0 0 0 0
1674636215963711 128645005055680 feedend 211 1 0 0 0 0
1674636215641042 128645018953600 msgin 212 4718592 0 0 0 0
1674636215641362 128645018953600 enq 212 1 0 0 0 0
1674636218594055 128645005055680 outfirst 211 1 65536 0 0 0
1674636219089177 128645005055680 outfirst 211 0 65536 0 0 0
1674636219103357 128645005055680 pump_end 1 2 0 0 0 0
1674636219103567 128645005055680 join_beg 1 0 0 0 0 0
1674636219103717 128645005055680 join_end 0 0 0 0 0 0
1674636219103787 128645005055680 book_beg 1 0 0 0 0 0
1674636219103997 128645005055680 batch 212 1 1 2 2 0
1674636219104157 128645005055680 book_end 1 0 0 0 0 0
1674636219104317 128645005055680 coll_beg 0 0 0 0 0 0
1674636219182244 128645005055680 coll_end 0 0 0 0 0 0
1674636219182504 128645005055680 rel_beg 1 0 0 0 0 0
1674636219182854 128645005055680 absorb 212 0 0 0 0 0
1674636219185634 128645005055680 rel_end 1 0 0 0 0 0
1674636219186524 128645005055680 wait_beg 0 0 0 0 0 0
1674636219197033 128645018953600 ackslot 212 211 212 0 0 0
1674636219232132 128645018953600 send 18 0 0 211 211 1
1674636219664486 128645018953600 send 138659 0 0 211 211 1
1674636219968425 128645018953600 send 104448 0 0 211 211 1
1674636219973115 128645018953600 send 14 0 0 211 211 1
1674636219973375 128645018953600 egress 212 1 0 0 0 0
1674636220729868 128645018953600 cliack 212 0 213 212 0 0
1674636220729978 128645018953600 ackregion 212 212 212 0 0 0
1674636219209743 128644996662976 emit_beg 212 0 0 0 0 0
1674636219214233 128644996662976 dmg 0 1 0 0 1024 768
1674636219214433 128644996662976 enc 211 211 1 -1 -1 0
1674636219240092 128644996662976 emit_end 212 0 0 0 0 0
1674636231340473 128645005055680 wait_end 0 0 0 0 0 0
1674636231344313 128645005055680 drain_beg 0 0 0 0 0 0
1674636231344693 128645005055680 drain_end 1 0 0 0 0 0
1674636231345003 128645005055680 take 213 0 0 0 0 0
1674636231345453 128645005055680 subm_beg 1 0 0 0 0 0
1674636231345953 128645005055680 submit 213 0 0 0 0 0
1674636231346233 128645005055680 subm_end 1 0 0 0 0 0
1674636231346313 128645005055680 pump_beg 1 0 0 0 0 0
1674636231537646 128645005055680 feedend 212 0 0 0 0 0
1674636231620803 128645005055680 feedend 212 1 0 0 0 0
1674636234625414 128645005055680 outfirst 212 1 65536 0 0 0
1674636235089457 128645005055680 outfirst 212 0 65536 0 0 0
1674636235116857 128645005055680 pump_end 1 2 0 0 0 0
1674636235117056 128645005055680 join_beg 1 0 0 0 0 0
1674636235117366 128645005055680 join_end 0 0 0 0 0 0
1674636235117426 128645005055680 book_beg 1 0 0 0 0 0
1674636235117636 128645005055680 batch 213 1 1 2 2 0
1674636235117786 128645005055680 book_end 1 0 0 0 0 0
1674636235117946 128645005055680 coll_beg 0 0 0 0 0 0
1674636235212483 128645005055680 coll_end 0 0 0 0 0 0
1674636235212733 128645005055680 rel_beg 1 0 0 0 0 0
1674636235213073 128645005055680 absorb 213 0 0 0 0 0
1674636235215853 128645005055680 rel_end 1 0 0 0 0 0
1674636235216813 128645005055680 wait_beg 0 0 0 0 0 0
1674636236290004 128645005055680 wait_end 0 0 0 0 0 0
1674636236292434 128645005055680 drain_beg 0 0 0 0 0 0
1674636236292714 128645005055680 drain_end 1 0 0 0 0 0
1674636236292864 128645005055680 take 214 0 0 0 0 0
1674636236293154 128645005055680 subm_beg 1 0 0 0 0 0
1674636236293814 128645005055680 submit 214 0 0 0 0 0
1674636236293854 128645005055680 subm_end 1 0 0 0 0 0
1674636236293894 128645005055680 pump_beg 1 0 0 0 0 0
1674636236378171 128645005055680 feedend 213 0 0 0 0 0
1674636236447108 128645005055680 feedend 213 1 0 0 0 0
1674636231310844 128645018953600 msgin 213 4718592 0 0 0 0
1674636231311224 128645018953600 enq 213 1 0 0 0 0
1674636235229012 128645018953600 ackslot 213 212 213 0 0 0
1674636235248722 128645018953600 send 18 0 0 212 212 1
1674636235754563 128645018953600 send 168318 0 0 212 212 1
1674636236195447 128645018953600 send 145819 0 0 212 212 1
1674636236199967 128645018953600 send 14 0 0 212 212 1
1674636236200127 128645018953600 egress 213 1 0 0 0 0
1674636236281494 128645018953600 msgin 214 4718592 0 0 0 0
1674636236281814 128645018953600 enq 214 1 0 0 0 0
1674636237040697 128645018953600 cliack 213 0 214 213 0 0
1674636237040777 128645018953600 ackregion 213 213 213 0 0 0
1674636235223673 128644996662976 emit_beg 213 0 0 0 0 0
1674636235225413 128644996662976 dmg 0 1 0 0 1024 768
1674636235225563 128644996662976 enc 212 212 1 -1 -1 0
1674636235244482 128644996662976 emit_end 213 0 0 0 0 0
1674636239232947 128645005055680 outfirst 213 1 65536 0 0 0
1674636239499198 128645005055680 outfirst 213 0 65536 0 0 0
1674636239511497 128645005055680 pump_end 1 2 0 0 0 0
1674636239511707 128645005055680 join_beg 1 0 0 0 0 0
1674636239511877 128645005055680 join_end 0 0 0 0 0 0
1674636239511947 128645005055680 book_beg 1 0 0 0 0 0
1674636239512107 128645005055680 batch 214 1 1 2 2 0
1674636239512277 128645005055680 book_end 1 0 0 0 0 0
1674636239512437 128645005055680 coll_beg 0 0 0 0 0 0
1674636239590994 128645005055680 coll_end 0 0 0 0 0 0
1674636239591154 128645005055680 rel_beg 1 0 0 0 0 0
1674636239591324 128645005055680 absorb 214 0 0 0 0 0
1674636239592794 128645005055680 rel_end 1 0 0 0 0 0
1674636239593694 128645005055680 wait_beg 0 0 0 0 0 0
1674636239599304 128645018953600 ackslot 214 213 214 0 0 0
1674636239636673 128645018953600 send 18 0 0 213 213 1
1674636240052168 128645018953600 send 139934 0 0 213 213 1
1674636240406805 128645018953600 send 125397 0 0 213 213 1
1674636240411135 128645018953600 send 14 0 0 213 213 1
1674636240411395 128645018953600 egress 214 1 0 0 0 0
1674636241548723 128645018953600 cliack 214 0 215 214 0 0
1674636241548823 128645018953600 ackregion 214 214 214 0 0 0
1674636239616433 128644996662976 emit_beg 214 0 0 0 0 0
1674636239620793 128644996662976 dmg 0 1 0 0 1024 768
1674636239621093 128644996662976 enc 213 213 1 -1 -1 0
1674636239648202 128644996662976 emit_end 214 0 0 0 0 0
1674636252295324 128645005055680 wait_end 0 0 0 0 0 0
1674636252299654 128645005055680 drain_beg 0 0 0 0 0 0
1674636252300194 128645005055680 drain_end 1 0 0 0 0 0
1674636252300404 128645005055680 take 215 0 0 0 0 0
1674636252301244 128645005055680 subm_beg 1 0 0 0 0 0
1674636252301854 128645005055680 submit 215 0 0 0 0 0
1674636252302004 128645005055680 subm_end 1 0 0 0 0 0
1674636252302084 128645005055680 pump_beg 1 0 0 0 0 0
1674636252463418 128645005055680 feedend 214 0 0 0 0 0
1674636252582344 128645005055680 feedend 214 1 0 0 0 0
1674636255408911 128645005055680 outfirst 214 1 65536 0 0 0
1674636255738069 128645005055680 outfirst 214 0 65536 0 0 0
1674636255749839 128645005055680 pump_end 1 2 0 0 0 0
1674636255750009 128645005055680 join_beg 1 0 0 0 0 0
1674636255750319 128645005055680 join_end 0 0 0 0 0 0
1674636255750389 128645005055680 book_beg 1 0 0 0 0 0
1674636255750549 128645005055680 batch 215 1 1 2 2 0
1674636255750699 128645005055680 book_end 1 0 0 0 0 0
1674636255750859 128645005055680 coll_beg 0 0 0 0 0 0
1674636255830406 128645005055680 coll_end 0 0 0 0 0 0
1674636255830666 128645005055680 rel_beg 1 0 0 0 0 0
1674636255830976 128645005055680 absorb 215 0 0 0 0 0
1674636255833746 128645005055680 rel_end 1 0 0 0 0 0
1674636255834546 128645005055680 wait_beg 0 0 0 0 0 0
1674636252264785 128645018953600 msgin 215 4718592 0 0 0 0
1674636252265305 128645018953600 enq 215 1 0 0 0 0
1674636255844805 128645018953600 ackslot 215 214 215 0 0 0
1674636255879124 128645018953600 send 18 0 0 214 214 1
1674636256297009 128645018953600 send 142618 0 0 214 214 1
1674636256659296 128645018953600 send 124759 0 0 214 214 1
1674636256667345 128645018953600 send 14 0 0 214 214 1
1674636256667465 128645018953600 egress 215 1 0 0 0 0
1674636257675029 128645018953600 cliack 215 0 216 215 0 0
1674636257675109 128645018953600 ackregion 215 215 215 0 0 0
1674636255857235 128644996662976 emit_beg 215 0 0 0 0 0
1674636255861485 128644996662976 dmg 0 1 0 0 1024 768
1674636255861805 128644996662976 enc 214 214 1 -1 -1 0
1674636255888564 128644996662976 emit_end 215 0 0 0 0 0
1674636267715765 128645005055680 wait_end 0 0 0 0 0 0
1674636267718285 128645005055680 drain_beg 0 0 0 0 0 0
1674636267718555 128645005055680 drain_end 1 0 0 0 0 0
1674636267718705 128645005055680 take 216 0 0 0 0 0
1674636267719335 128645005055680 subm_beg 1 0 0 0 0 0
1674636267720425 128645005055680 submit 216 0 0 0 0 0
1674636267720485 128645005055680 subm_end 1 0 0 0 0 0
1674636267720545 128645005055680 pump_beg 1 0 0 0 0 0
1674636267866489 128645005055680 feedend 215 0 0 0 0 0
1674636267921407 128645005055680 feedend 215 1 0 0 0 0
1674636267706285 128645018953600 msgin 216 4718592 0 0 0 0
1674636267706895 128645018953600 enq 216 1 0 0 0 0
1674636271099312 128645005055680 outfirst 215 1 65536 0 0 0
1674636271332114 128645005055680 outfirst 215 0 65536 0 0 0
1674636271360123 128645005055680 pump_end 1 2 0 0 0 0
1674636271360423 128645005055680 join_beg 1 0 0 0 0 0
1674636271360633 128645005055680 join_end 0 0 0 0 0 0
1674636271360783 128645005055680 book_beg 1 0 0 0 0 0
1674636271361233 128645005055680 batch 216 1 1 2 2 0
1674636271361453 128645005055680 book_end 1 0 0 0 0 0
1674636271361653 128645005055680 coll_beg 0 0 0 0 0 0
1674636271538966 128645005055680 coll_end 0 0 0 0 0 0
1674636271539306 128645005055680 rel_beg 1 0 0 0 0 0
1674636271539796 128645005055680 absorb 216 0 0 0 0 0
1674636271544206 128645005055680 rel_end 1 0 0 0 0 0
1674636271545936 128645005055680 wait_beg 0 0 0 0 0 0
1674636271560656 128645018953600 ackslot 216 215 216 0 0 0
1674636271606124 128645018953600 send 18 0 0 215 215 1
1674636272288999 128645018953600 send 163303 0 0 215 215 1
1674636272692115 128645018953600 send 140159 0 0 215 215 1
1674636272696305 128645018953600 send 14 0 0 215 215 1
1674636272696524 128645018953600 egress 216 1 0 0 0 0
1674636273690368 128645018953600 cliack 216 0 217 216 0 0
1674636273690458 128645018953600 ackregion 216 216 216 0 0 0
1674636271569585 128644996662976 emit_beg 216 0 0 0 0 0
1674636271574735 128644996662976 dmg 0 1 0 0 1024 768
1674636271574935 128644996662976 enc 215 215 1 -1 -1 0
1674636271606054 128644996662976 emit_end 216 0 0 0 0 0
1674636283584880 128645005055680 wait_end 0 0 0 0 0 0
1674636283587900 128645005055680 drain_beg 0 0 0 0 0 0
1674636283588190 128645005055680 drain_end 1 0 0 0 0 0
1674636283588360 128645005055680 take 217 0 0 0 0 0
1674636283588820 128645005055680 subm_beg 1 0 0 0 0 0
1674636283589260 128645005055680 submit 217 0 0 0 0 0
1674636283589410 128645005055680 subm_end 1 0 0 0 0 0
1674636283589450 128645005055680 pump_beg 1 0 0 0 0 0
1674636283715805 128645005055680 feedend 216 0 0 0 0 0
1674636283815141 128645005055680 feedend 216 1 0 0 0 0
1674636286612870 128645005055680 outfirst 216 1 65536 0 0 0
1674636286914429 128645005055680 outfirst 216 0 65536 0 0 0
1674636286928179 128645005055680 pump_end 1 2 0 0 0 0
1674636286928369 128645005055680 join_beg 1 0 0 0 0 0
1674636286928579 128645005055680 join_end 0 0 0 0 0 0
1674636286928679 128645005055680 book_beg 1 0 0 0 0 0
1674636286928869 128645005055680 batch 217 1 1 2 2 0
1674636286929029 128645005055680 book_end 1 0 0 0 0 0
1674636286929189 128645005055680 coll_beg 0 0 0 0 0 0
1674636287014156 128645005055680 coll_end 0 0 0 0 0 0
1674636287014416 128645005055680 rel_beg 1 0 0 0 0 0
1674636287014566 128645005055680 absorb 217 0 0 0 0 0
1674636287016615 128645005055680 rel_end 1 0 0 0 0 0
1674636287017715 128645005055680 wait_beg 0 0 0 0 0 0
1674636287892774 128645005055680 wait_end 0 0 0 0 0 0
1674636287894664 128645005055680 drain_beg 0 0 0 0 0 0
1674636287894844 128645005055680 drain_end 1 0 0 0 0 0
1674636287894974 128645005055680 take 218 0 0 0 0 0
1674636287895284 128645005055680 subm_beg 1 0 0 0 0 0
1674636287895384 128645005055680 submit 218 0 0 0 0 0
1674636287895424 128645005055680 subm_end 1 0 0 0 0 0
1674636287895464 128645005055680 pump_beg 1 0 0 0 0 0
1674636287976321 128645005055680 feedend 217 0 0 0 0 0
1674636288026559 128645005055680 feedend 217 1 0 0 0 0
1674636283572310 128645018953600 msgin 217 4718592 0 0 0 0
1674636283572740 128645018953600 enq 217 1 0 0 0 0
1674636287027025 128645018953600 ackslot 217 216 217 0 0 0
1674636287074283 128645018953600 send 18 0 0 216 216 1
1674636287494358 128645018953600 send 143747 0 0 216 216 1
1674636287826296 128645018953600 send 116666 0 0 216 216 1
1674636287830626 128645018953600 send 14 0 0 216 216 1
1674636287830756 128645018953600 egress 217 1 0 0 0 0
1674636287887034 128645018953600 msgin 218 4718592 0 0 0 0
1674636287887264 128645018953600 enq 218 1 0 0 0 0
1674636287041445 128644996662976 emit_beg 217 0 0 0 0 0
1674636287045984 128644996662976 dmg 0 1 0 0 1024 768
1674636287046214 128644996662976 enc 216 216 1 -1 -1 0
1674636287082373 128644996662976 emit_end 217 0 0 0 0 0
1674636290765390 128645005055680 outfirst 217 1 65536 0 0 0
1674636291259812 128645005055680 outfirst 217 0 65536 0 0 0
1674636291292320 128645005055680 pump_end 1 2 0 0 0 0
1674636291295430 128645005055680 join_beg 1 0 0 0 0 0
1674636291295480 128645005055680 join_end 0 0 0 0 0 0
1674636291295550 128645005055680 book_beg 1 0 0 0 0 0
1674636291295750 128645005055680 batch 218 1 1 2 2 0
1674636291295790 128645005055680 book_end 1 0 0 0 0 0
1674636291295820 128645005055680 coll_beg 0 0 0 0 0 0
1674636291380487 128645005055680 coll_end 0 0 0 0 0 0
1674636291380607 128645005055680 rel_beg 1 0 0 0 0 0
1674636291380747 128645005055680 absorb 218 0 0 0 0 0
1674636291382197 128645005055680 rel_end 1 0 0 0 0 0
1674636291383137 128645005055680 wait_beg 0 0 0 0 0 0
1674636288384896 128645018953600 cliack 217 0 218 217 0 0
1674636288385196 128645018953600 ackregion 217 217 217 0 0 0
1674636291389737 128645018953600 ackslot 218 217 218 0 0 0
1674636291435145 128645018953600 send 18 0 0 217 217 1
1674636291894369 128645018953600 send 153152 0 0 217 217 1
1674636292243956 128645018953600 send 121162 0 0 217 217 1
1674636292249126 128645018953600 send 14 0 0 217 217 1
1674636292249456 128645018953600 egress 218 1 0 0 0 0
1674636292655141 128645018953600 cliack 218 0 219 218 0 0
1674636292655241 128645018953600 ackregion 218 218 218 0 0 0
1674636291407176 128644996662976 emit_beg 218 0 0 0 0 0
1674636291412036 128644996662976 dmg 0 1 0 0 1024 768
1674636291412326 128644996662976 enc 217 217 1 -1 -1 0
1674636291439905 128644996662976 emit_end 218 0 0 0 0 0
1674636304108686 128645005055680 wait_end 0 0 0 0 0 0
1674636304110876 128645005055680 drain_beg 0 0 0 0 0 0
1674636304111166 128645005055680 drain_end 1 0 0 0 0 0
1674636304111316 128645005055680 take 219 0 0 0 0 0
1674636304111636 128645005055680 subm_beg 1 0 0 0 0 0
1674636304112136 128645005055680 submit 219 0 0 0 0 0
1674636304112306 128645005055680 subm_end 1 0 0 0 0 0
1674636304112356 128645005055680 pump_beg 1 0 0 0 0 0
1674636304222362 128645005055680 feedend 218 0 0 0 0 0
1674636304235961 128645005055680 feedend 218 1 0 0 0 0
1674636307215323 128645005055680 outfirst 218 1 65536 0 0 0
1674636307604119 128645005055680 outfirst 218 0 65536 0 0 0
1674636307621609 128645005055680 pump_end 1 2 0 0 0 0
1674636307621799 128645005055680 join_beg 1 0 0 0 0 0
1674636307622039 128645005055680 join_end 0 0 0 0 0 0
1674636307622099 128645005055680 book_beg 1 0 0 0 0 0
1674636307622299 128645005055680 batch 219 1 1 2 2 0
1674636307622449 128645005055680 book_end 1 0 0 0 0 0
1674636307622609 128645005055680 coll_beg 0 0 0 0 0 0
1674636307720505 128645005055680 coll_end 0 0 0 0 0 0
1674636307720825 128645005055680 rel_beg 1 0 0 0 0 0
1674636307720995 128645005055680 absorb 219 0 0 0 0 0
1674636307723075 128645005055680 rel_end 1 0 0 0 0 0
1674636307724035 128645005055680 wait_beg 0 0 0 0 0 0
1674636304098496 128645018953600 msgin 219 4718592 0 0 0 0
1674636304099006 128645018953600 enq 219 1 0 0 0 0
1674636307731055 128645018953600 ackslot 219 218 219 0 0 0
1674636307786883 128645018953600 send 18 0 0 218 218 1
1674636308252976 128645018953600 send 158624 0 0 218 218 1
1674636307746974 128644996662976 emit_beg 219 0 0 0 0 0
1674636307752104 128644996662976 dmg 0 1 0 0 1024 768
1674636307752294 128644996662976 enc 218 218 1 -1 -1 0
1674636307786823 128644996662976 emit_end 219 0 0 0 0 0
1674636308656401 128645018953600 send 140485 0 0 218 218 1
1674636308660891 128645018953600 send 14 0 0 218 218 1
1674636308661041 128645018953600 egress 219 1 0 0 0 0
1674636309335297 128645018953600 cliack 219 0 220 219 0 0
1674636309335607 128645018953600 ackregion 219 219 219 0 0 0
1674636319632913 128645005055680 wait_end 0 0 0 0 0 0
1674636319637913 128645005055680 drain_beg 0 0 0 0 0 0
1674636319638413 128645005055680 drain_end 1 0 0 0 0 0
1674636319638613 128645005055680 take 220 0 0 0 0 0
1674636319639123 128645005055680 subm_beg 1 0 0 0 0 0
1674636319640063 128645005055680 submit 220 0 0 0 0 0
1674636319640223 128645005055680 subm_end 1 0 0 0 0 0
1674636319640303 128645005055680 pump_beg 1 0 0 0 0 0
1674636319843526 128645005055680 feedend 219 0 0 0 0 0
1674636319926413 128645005055680 feedend 219 1 0 0 0 0
1674636322885405 128645005055680 outfirst 219 1 65536 0 0 0
1674636323390087 128645005055680 outfirst 219 0 65536 0 0 0
1674636323410486 128645005055680 pump_end 1 2 0 0 0 0
1674636323410726 128645005055680 join_beg 1 0 0 0 0 0
1674636323411176 128645005055680 join_end 0 0 0 0 0 0
1674636323411226 128645005055680 book_beg 1 0 0 0 0 0
1674636323411446 128645005055680 batch 220 1 1 2 2 0
1674636323411596 128645005055680 book_end 1 0 0 0 0 0
1674636323411756 128645005055680 coll_beg 0 0 0 0 0 0
1674636323504043 128645005055680 coll_end 0 0 0 0 0 0
1674636323504413 128645005055680 rel_beg 1 0 0 0 0 0
1674636323504763 128645005055680 absorb 220 0 0 0 0 0
1674636323508083 128645005055680 rel_end 1 0 0 0 0 0
1674636323509073 128645005055680 wait_beg 0 0 0 0 0 0
1674636319602014 128645018953600 msgin 220 4718592 0 0 0 0
1674636319602784 128645018953600 enq 220 1 0 0 0 0
1674636323526042 128645018953600 ackslot 220 219 220 0 0 0
1674636323577720 128645018953600 send 18 0 0 219 219 1
1674636324488957 128645018953600 send 161757 0 0 219 219 1
1674636325047407 128645018953600 send 136373 0 0 219 219 1
1674636325051837 128645018953600 send 14 0 0 219 219 1
1674636325052047 128645018953600 egress 220 1 0 0 0 0
1674636325165503 128645018953600 cliack 220 0 221 220 0 0
1674636325165613 128645018953600 ackregion 220 220 220 0 0 0
1674636323532552 128644996662976 emit_beg 220 0 0 0 0 0
1674636323537372 128644996662976 dmg 0 1 0 0 1024 768
1674636323537572 128644996662976 enc 219 219 1 -1 -1 0
1674636323567321 128644996662976 emit_end 220 0 0 0 0 0
1674636335814427 128645005055680 wait_end 0 0 0 0 0 0
1674636335818917 128645005055680 drain_beg 0 0 0 0 0 0
1674636335819437 128645005055680 drain_end 1 0 0 0 0 0
1674636335819667 128645005055680 take 221 0 0 0 0 0
1674636335820117 128645005055680 subm_beg 1 0 0 0 0 0
1674636335820687 128645005055680 submit 221 0 0 0 0 0
1674636335820827 128645005055680 subm_end 1 0 0 0 0 0
1674636335820907 128645005055680 pump_beg 1 0 0 0 0 0
1674636335991790 128645005055680 feedend 220 0 0 0 0 0
1674636336096807 128645005055680 feedend 220 1 0 0 0 0
1674636335783678 128645018953600 msgin 221 4718592 0 0 0 0
1674636335784428 128645018953600 enq 221 1 0 0 0 0
1674636339128507 128645005055680 outfirst 220 1 65536 0 0 0
1674636339462225 128645005055680 outfirst 220 0 65536 0 0 0
1674636339480334 128645005055680 pump_end 1 2 0 0 0 0
1674636339480584 128645005055680 join_beg 1 0 0 0 0 0
1674636339480774 128645005055680 join_end 0 0 0 0 0 0
1674636339480814 128645005055680 book_beg 1 0 0 0 0 0
1674636339481014 128645005055680 batch 221 1 1 2 2 0
1674636339481194 128645005055680 book_end 1 0 0 0 0 0
1674636339481374 128645005055680 coll_beg 0 0 0 0 0 0
1674636339574681 128645005055680 coll_end 0 0 0 0 0 0
1674636339575071 128645005055680 rel_beg 1 0 0 0 0 0
1674636339575551 128645005055680 absorb 221 0 0 0 0 0
1674636339578660 128645005055680 rel_end 1 0 0 0 0 0
1674636339579480 128645005055680 wait_beg 0 0 0 0 0 0
1674636339596590 128645018953600 ackslot 221 220 221 0 0 0
1674636339635518 128645018953600 send 18 0 0 220 220 1
1674636340548875 128645018953600 send 168623 0 0 220 220 1
1674636341002019 128645018953600 send 144920 0 0 220 220 1
1674636341006339 128645018953600 send 14 0 0 220 220 1
1674636341006489 128645018953600 egress 221 1 0 0 0 0
1674636341248810 128645018953600 cliack 221 0 222 221 0 0
1674636341249020 128645018953600 ackregion 221 221 221 0 0 0
1674636339602720 128644996662976 emit_beg 221 0 0 0 0 0
1674636339606969 128644996662976 dmg 0 1 0 0 1024 768
1674636339607159 128644996662976 enc 220 220 1 -1 -1 0
1674636339638528 128644996662976 emit_end 221 0 0 0 0 0
1674636352075627 128645005055680 wait_end 0 0 0 0 0 0
1674636352079777 128645005055680 drain_beg 0 0 0 0 0 0
1674636352094637 128645005055680 drain_end 1 0 0 0 0 0
1674636352094837 128645005055680 take 222 0 0 0 0 0
1674636352095187 128645005055680 subm_beg 1 0 0 0 0 0
1674636352095977 128645005055680 submit 222 0 0 0 0 0
1674636352096117 128645005055680 subm_end 1 0 0 0 0 0
1674636352096197 128645005055680 pump_beg 1 0 0 0 0 0
1674636352254371 128645005055680 feedend 221 0 0 0 0 0
1674636352387586 128645005055680 feedend 221 1 0 0 0 0
1674636356215177 128645005055680 outfirst 221 1 65536 0 0 0
1674636356369832 128645005055680 outfirst 221 0 65536 0 0 0
1674636356398621 128645005055680 pump_end 1 2 0 0 0 0
1674636356398821 128645005055680 join_beg 1 0 0 0 0 0
1674636356399121 128645005055680 join_end 0 0 0 0 0 0
1674636356399191 128645005055680 book_beg 1 0 0 0 0 0
1674636356399421 128645005055680 batch 222 1 1 2 2 0
1674636356399461 128645005055680 book_end 1 0 0 0 0 0
1674636356399501 128645005055680 coll_beg 0 0 0 0 0 0
1674636356541566 128645005055680 coll_end 0 0 0 0 0 0
1674636356541616 128645005055680 rel_beg 1 0 0 0 0 0
1674636356541966 128645005055680 absorb 222 0 0 0 0 0
1674636356544805 128645005055680 rel_end 1 0 0 0 0 0
1674636356545735 128645005055680 wait_beg 0 0 0 0 0 0
1674636352044219 128645018953600 msgin 222 4718592 0 0 0 0
1674636352044839 128645018953600 enq 222 1 0 0 0 0
1674636356555995 128645018953600 ackslot 222 221 222 0 0 0
1674636356594654 128645018953600 send 18 0 0 221 221 1
1674636357638306 128645018953600 send 246881 0 0 221 221 1
1674636358583372 128645018953600 send 226401 0 0 221 221 1
1674636358587711 128645018953600 send 14 0 0 221 221 1
1674636358588081 128645018953600 egress 222 1 0 0 0 0
1674636356569795 128644996662976 emit_beg 222 0 0 0 0 0
1674636356574994 128644996662976 dmg 0 1 0 0 1024 768
1674636356575194 128644996662976 enc 221 221 1 -1 -1 0
1674636356623333 128644996662976 emit_end 222 0 0 0 0 0
1674636367624304 128645005055680 wait_end 0 0 0 0 0 0
1674636367628414 128645005055680 drain_beg 0 0 0 0 0 0
1674636367628654 128645005055680 drain_end 1 0 0 0 0 0
1674636367628844 128645005055680 take 223 0 0 0 0 0
1674636367629234 128645005055680 subm_beg 1 0 0 0 0 0
1674636367629704 128645005055680 submit 223 0 0 0 0 0
1674636367630034 128645005055680 subm_end 1 0 0 0 0 0
1674636367630124 128645005055680 pump_beg 1 0 0 0 0 0
1674636367791408 128645005055680 feedend 222 0 0 0 0 0
1674636367911364 128645005055680 feedend 222 1 0 0 0 0
1674636358687758 128645018953600 cliack 222 0 223 222 0 0
1674636358688088 128645018953600 ackregion 222 222 222 0 0 0
1674636367594815 128645018953600 msgin 223 4718592 0 0 0 0
1674636367595335 128645018953600 enq 223 1 0 0 0 0
1674636371183225 128645005055680 outfirst 222 1 65536 0 0 0
1674636371440216 128645005055680 outfirst 222 0 65536 0 0 0
1674636371459775 128645005055680 pump_end 1 2 0 0 0 0
1674636371460035 128645005055680 join_beg 1 0 0 0 0 0
1674636371460375 128645005055680 join_end 0 0 0 0 0 0
1674636371460455 128645005055680 book_beg 1 0 0 0 0 0
1674636371460645 128645005055680 batch 223 1 1 2 2 0
1674636371460825 128645005055680 book_end 1 0 0 0 0 0
1674636371460995 128645005055680 coll_beg 0 0 0 0 0 0
1674636371572261 128645005055680 coll_end 0 0 0 0 0 0
1674636371572631 128645005055680 rel_beg 1 0 0 0 0 0
1674636371572991 128645005055680 absorb 223 0 0 0 0 0
1674636371575851 128645005055680 rel_end 1 0 0 0 0 0
1674636371576821 128645005055680 wait_beg 0 0 0 0 0 0
1674636371587260 128645018953600 ackslot 223 222 223 0 0 0
1674636371622579 128645018953600 send 18 0 0 222 222 1
1674636372178789 128645018953600 send 187343 0 0 222 222 1
1674636372665331 128645018953600 send 167488 0 0 222 222 1
1674636372669781 128645018953600 send 14 0 0 222 222 1
1674636372669951 128645018953600 egress 223 1 0 0 0 0
1674636373505961 128645018953600 cliack 223 0 224 223 0 0
1674636373506351 128645018953600 ackregion 223 223 223 0 0 0
1674636371600680 128644996662976 emit_beg 223 0 0 0 0 0
1674636371605360 128644996662976 dmg 0 1 0 0 1024 768
1674636371605470 128644996662976 enc 222 222 1 -1 -1 0
1674636371638588 128644996662976 emit_end 223 0 0 0 0 0
1674636384568950 128645005055680 wait_end 0 0 0 0 0 0
1674636384573210 128645005055680 drain_beg 0 0 0 0 0 0
1674636384573590 128645005055680 drain_end 1 0 0 0 0 0
1674636384573780 128645005055680 take 224 0 0 0 0 0
1674636384574110 128645005055680 subm_beg 1 0 0 0 0 0
1674636384575080 128645005055680 submit 224 0 0 0 0 0
1674636384575350 128645005055680 subm_end 1 0 0 0 0 0
1674636384575550 128645005055680 pump_beg 1 0 0 0 0 0
1674636384733044 128645005055680 feedend 223 0 0 0 0 0
1674636384862319 128645005055680 feedend 223 1 0 0 0 0
1674636388013215 128645005055680 outfirst 223 1 65536 0 0 0
1674636388384342 128645005055680 outfirst 223 0 65536 0 0 0
1674636388404371 128645005055680 pump_end 1 2 0 0 0 0
1674636388404611 128645005055680 join_beg 1 0 0 0 0 0
1674636388405061 128645005055680 join_end 0 0 0 0 0 0
1674636388405111 128645005055680 book_beg 1 0 0 0 0 0
1674636388405291 128645005055680 batch 224 1 1 2 2 0
1674636388405451 128645005055680 book_end 1 0 0 0 0 0
1674636388405611 128645005055680 coll_beg 0 0 0 0 0 0
1674636388504817 128645005055680 coll_end 0 0 0 0 0 0
1674636388505077 128645005055680 rel_beg 1 0 0 0 0 0
1674636388505417 128645005055680 absorb 224 0 0 0 0 0
1674636388508317 128645005055680 rel_end 1 0 0 0 0 0
1674636388509357 128645005055680 wait_beg 0 0 0 0 0 0
1674636384537781 128645018953600 msgin 224 4718592 0 0 0 0
1674636384538551 128645018953600 enq 224 1 0 0 0 0
1674636388520207 128645018953600 ackslot 224 223 224 0 0 0
1674636388568635 128645018953600 send 18 0 0 223 223 1
1674636388532686 128644996662976 emit_beg 224 0 0 0 0 0
1674636388537636 128644996662976 dmg 0 1 0 0 1024 768
1674636388537746 128644996662976 enc 223 223 1 -1 -1 0
1674636388571955 128644996662976 emit_end 224 0 0 0 0 0
1674636389087226 128645018953600 send 178215 0 0 223 223 1
1674636389552229 128645018953600 send 162873 0 0 223 223 1
1674636389556529 128645018953600 send 14 0 0 223 223 1
1674636389556839 128645018953600 egress 224 1 0 0 0 0
1674636390175677 128645018953600 cliack 224 0 225 224 0 0
1674636390175797 128645018953600 ackregion 224 224 224 0 0 0
1674636399919284 128645005055680 wait_end 0 0 0 0 0 0
1674636399923293 128645005055680 drain_beg 0 0 0 0 0 0
1674636399923693 128645005055680 drain_end 1 0 0 0 0 0
1674636399923903 128645005055680 take 225 0 0 0 0 0
1674636399924303 128645005055680 subm_beg 1 0 0 0 0 0
1674636399924933 128645005055680 submit 225 0 0 0 0 0
1674636399925143 128645005055680 subm_end 1 0 0 0 0 0
1674636399925223 128645005055680 pump_beg 1 0 0 0 0 0
1674636400082828 128645005055680 feedend 224 0 0 0 0 0
1674636400199153 128645005055680 feedend 224 1 0 0 0 0
1674636403126447 128645005055680 outfirst 224 1 65536 0 0 0
1674636403574771 128645005055680 outfirst 224 0 65536 0 0 0
1674636403593970 128645005055680 pump_end 1 2 0 0 0 0
1674636403594170 128645005055680 join_beg 1 0 0 0 0 0
1674636403594740 128645005055680 join_end 0 0 0 0 0 0
1674636403594790 128645005055680 book_beg 1 0 0 0 0 0
1674636403598470 128645005055680 batch 225 1 1 2 2 0
1674636403598510 128645005055680 book_end 1 0 0 0 0 0
1674636403598550 128645005055680 coll_beg 0 0 0 0 0 0
1674636403693987 128645005055680 coll_end 0 0 0 0 0 0
1674636403694047 128645005055680 rel_beg 1 0 0 0 0 0
1674636403694357 128645005055680 absorb 225 0 0 0 0 0
1674636403697076 128645005055680 rel_end 1 0 0 0 0 0
1674636403698086 128645005055680 wait_beg 0 0 0 0 0 0
1674636399889345 128645018953600 msgin 225 4718592 0 0 0 0
1674636399889975 128645018953600 enq 225 1 0 0 0 0
1674636403708516 128645018953600 ackslot 225 224 225 0 0 0
1674636403748655 128645018953600 send 18 0 0 224 224 1
1674636404242557 128645018953600 send 170865 0 0 224 224 1
1674636404669591 128645018953600 send 148481 0 0 224 224 1
1674636404674021 128645018953600 send 14 0 0 224 224 1
1674636404674101 128645018953600 egress 225 1 0 0 0 0
1674636405202582 128645018953600 cliack 225 0 226 225 0 0
1674636405202812 128645018953600 ackregion 225 225 225 0 0 0
1674636403721156 128644996662976 emit_beg 225 0 0 0 0 0
1674636403725885 128644996662976 dmg 0 1 0 0 1024 768
1674636403725995 128644996662976 enc 224 224 1 -1 -1 0
1674636403757744 128644996662976 emit_end 225 0 0 0 0 0
1674636416117706 128645005055680 wait_end 0 0 0 0 0 0
1674636416122846 128645005055680 drain_beg 0 0 0 0 0 0
1674636416123186 128645005055680 drain_end 1 0 0 0 0 0
1674636416123386 128645005055680 take 226 0 0 0 0 0
1674636416123756 128645005055680 subm_beg 1 0 0 0 0 0
1674636416124206 128645005055680 submit 226 0 0 0 0 0
1674636416124376 128645005055680 subm_end 1 0 0 0 0 0
1674636416124456 128645005055680 pump_beg 1 0 0 0 0 0
1674636416292480 128645005055680 feedend 225 0 0 0 0 0
1674636416391416 128645005055680 feedend 225 1 0 0 0 0
1674636416083008 128645018953600 msgin 226 4718592 0 0 0 0
1674636416083288 128645018953600 enq 226 1 0 0 0 0
1674636419138747 128645005055680 outfirst 225 1 65536 0 0 0
1674636419695557 128645005055680 outfirst 225 0 65536 0 0 0
1674636419711396 128645005055680 pump_end 1 2 0 0 0 0
1674636419711596 128645005055680 join_beg 1 0 0 0 0 0
1674636419711916 128645005055680 join_end 0 0 0 0 0 0
1674636419711956 128645005055680 book_beg 1 0 0 0 0 0
1674636419712116 128645005055680 batch 226 1 1 2 2 0
1674636419712276 128645005055680 book_end 1 0 0 0 0 0
1674636419712436 128645005055680 coll_beg 0 0 0 0 0 0
1674636419808363 128645005055680 coll_end 0 0 0 0 0 0
1674636419808633 128645005055680 rel_beg 1 0 0 0 0 0
1674636419808953 128645005055680 absorb 226 0 0 0 0 0
1674636419811573 128645005055680 rel_end 1 0 0 0 0 0
1674636419812483 128645005055680 wait_beg 0 0 0 0 0 0
1674636419828292 128645018953600 ackslot 226 225 226 0 0 0
1674636419872520 128645018953600 send 18 0 0 225 225 1
1674636420618283 128645018953600 send 158886 0 0 225 225 1
1674636421152184 128645018953600 send 128743 0 0 225 225 1
1674636421156574 128645018953600 send 14 0 0 225 225 1
1674636421156794 128645018953600 egress 226 1 0 0 0 0
1674636421222241 128645018953600 cliack 226 0 227 226 0 0
1674636421222331 128645018953600 ackregion 226 226 226 0 0 0
1674636419835582 128644996662976 emit_beg 226 0 0 0 0 0
1674636419840392 128644996662976 dmg 0 1 0 0 1024 768
1674636419840592 128644996662976 enc 225 225 1 -1 -1 0
1674636419869770 128644996662976 emit_end 226 0 0 0 0 0
1674636432047919 128645005055680 wait_end 0 0 0 0 0 0
1674636432053349 128645005055680 drain_beg 0 0 0 0 0 0
1674636432053919 128645005055680 drain_end 1 0 0 0 0 0
1674636432054289 128645005055680 take 227 0 0 0 0 0
1674636432055199 128645005055680 subm_beg 1 0 0 0 0 0
1674636432056009 128645005055680 submit 227 0 0 0 0 0
1674636432056309 128645005055680 subm_end 1 0 0 0 0 0
1674636432056459 128645005055680 pump_beg 1 0 0 0 0 0
1674636432282230 128645005055680 feedend 226 0 0 0 0 0
1674636432348108 128645005055680 feedend 226 1 0 0 0 0
1674636435332920 128645005055680 outfirst 226 1 65536 0 0 0
1674636435799743 128645005055680 outfirst 226 0 65536 0 0 0
1674636435819652 128645005055680 pump_end 1 2 0 0 0 0
1674636435819832 128645005055680 join_beg 1 0 0 0 0 0
1674636435820242 128645005055680 join_end 0 0 0 0 0 0
1674636435820322 128645005055680 book_beg 1 0 0 0 0 0
1674636435820542 128645005055680 batch 227 1 1 2 2 0
1674636435820692 128645005055680 book_end 1 0 0 0 0 0
1674636435820842 128645005055680 coll_beg 0 0 0 0 0 0
1674636435915589 128645005055680 coll_end 0 0 0 0 0 0
1674636435915849 128645005055680 rel_beg 1 0 0 0 0 0
1674636435916199 128645005055680 absorb 227 0 0 0 0 0
1674636435919089 128645005055680 rel_end 1 0 0 0 0 0
1674636435919819 128645005055680 wait_beg 0 0 0 0 0 0
1674636432024060 128645018953600 msgin 227 4718592 0 0 0 0
1674636432024740 128645018953600 enq 227 1 0 0 0 0
1674636435936218 128645018953600 ackslot 227 226 227 0 0 0
1674636435963567 128645018953600 send 18 0 0 226 226 1
1674636436475599 128645018953600 send 157777 0 0 226 226 1
1674636436863815 128645018953600 send 134582 0 0 226 226 1
1674636436868124 128645018953600 send 14 0 0 226 226 1
1674636436868264 128645018953600 egress 227 1 0 0 0 0
1674636437333857 128645018953600 cliack 227 0 228 227 0 0
1674636437334097 128645018953600 ackregion 227 227 227 0 0 0
1674636435930608 128644996662976 emit_beg 227 0 0 0 0 0
1674636435933118 128644996662976 dmg 0 1 0 0 1024 768
1674636435933298 128644996662976 enc 226 226 1 -1 -1 0
1674636435963107 128644996662976 emit_end 227 0 0 0 0 0
1674636448912448 128645005055680 wait_end 0 0 0 0 0 0
1674636448915268 128645005055680 drain_beg 0 0 0 0 0 0
1674636448915708 128645005055680 drain_end 1 0 0 0 0 0
1674636448915878 128645005055680 take 228 0 0 0 0 0
1674636448916458 128645005055680 subm_beg 1 0 0 0 0 0
1674636448917748 128645005055680 submit 228 0 0 0 0 0
1674636448917928 128645005055680 subm_end 1 0 0 0 0 0
1674636448917988 128645005055680 pump_beg 1 0 0 0 0 0
1674636449052413 128645005055680 feedend 227 0 0 0 0 0
1674636449090161 128645005055680 feedend 227 1 0 0 0 0
1674636448897748 128645018953600 msgin 228 4718592 0 0 0 0
1674636448898978 128645018953600 enq 228 1 0 0 0 0
1674636452532037 128645005055680 outfirst 227 1 65536 0 0 0
1674636452878974 128645005055680 outfirst 227 0 65536 0 0 0
1674636452930242 128645005055680 pump_end 1 2 0 0 0 0
1674636452930502 128645005055680 join_beg 1 0 0 0 0 0
1674636452930912 128645005055680 join_end 0 0 0 0 0 0
1674636452931132 128645005055680 book_beg 1 0 0 0 0 0
1674636452931672 128645005055680 batch 228 1 1 2 2 0
1674636452931872 128645005055680 book_end 1 0 0 0 0 0
1674636452932082 128645005055680 coll_beg 0 0 0 0 0 0
1674636453161074 128645005055680 coll_end 0 0 0 0 0 0
1674636453161374 128645005055680 rel_beg 1 0 0 0 0 0
1674636453161554 128645005055680 absorb 228 0 0 0 0 0
1674636453164214 128645005055680 rel_end 1 0 0 0 0 0
1674636453166484 128645005055680 wait_beg 0 0 0 0 0 0
1674636453173403 128645018953600 ackslot 228 227 228 0 0 0
1674636453232311 128645018953600 send 18 0 0 227 227 1
1674636453835059 128645018953600 send 198794 0 0 227 227 1
1674636454359180 128645018953600 send 179693 0 0 227 227 1
1674636454364040 128645018953600 send 14 0 0 227 227 1
1674636454364390 128645018953600 egress 228 1 0 0 0 0
1674636454956099 128645018953600 cliack 228 0 229 228 0 0
1674636454956239 128645018953600 ackregion 228 228 228 0 0 0
1674636453189883 128644996662976 emit_beg 228 0 0 0 0 0
1674636453196223 128644996662976 dmg 0 1 0 0 1024 768
1674636453196443 128644996662976 enc 227 227 1 -1 -1 0
1674636453235201 128644996662976 emit_end 228 0 0 0 0 0
1674636465303104 128645005055680 wait_end 0 0 0 0 0 0
1674636465310853 128645005055680 drain_beg 0 0 0 0 0 0
1674636465312523 128645005055680 drain_end 1 0 0 0 0 0
1674636465313023 128645005055680 take 229 0 0 0 0 0
1674636465314063 128645005055680 subm_beg 1 0 0 0 0 0
1674636465324743 128645005055680 submit 229 0 0 0 0 0
1674636465324893 128645005055680 subm_end 1 0 0 0 0 0
1674636465325013 128645005055680 pump_beg 1 0 0 0 0 0
1674636465491437 128645005055680 feedend 228 0 0 0 0 0
1674636465636362 128645005055680 feedend 228 1 0 0 0 0
1674636468749519 128645005055680 outfirst 228 1 65536 0 0 0
1674636468944932 128645005055680 outfirst 228 0 65536 0 0 0
1674636468970901 128645005055680 pump_end 1 2 0 0 0 0
1674636468971121 128645005055680 join_beg 1 0 0 0 0 0
1674636468971471 128645005055680 join_end 0 0 0 0 0 0
1674636468971601 128645005055680 book_beg 1 0 0 0 0 0
1674636468971931 128645005055680 batch 229 1 1 2 2 0
1674636468972001 128645005055680 book_end 1 0 0 0 0 0
1674636468972181 128645005055680 coll_beg 0 0 0 0 0 0
1674636469177463 128645005055680 coll_end 0 0 0 0 0 0
1674636469177563 128645005055680 rel_beg 1 0 0 0 0 0
1674636469177943 128645005055680 absorb 229 0 0 0 0 0
1674636469182663 128645005055680 rel_end 1 0 0 0 0 0
1674636469184323 128645005055680 wait_beg 0 0 0 0 0 0
1674636465257565 128645018953600 msgin 229 4718592 0 0 0 0
1674636465258675 128645018953600 enq 229 1 0 0 0 0
1674636469195513 128645018953600 ackslot 229 228 229 0 0 0
1674636469240481 128645018953600 send 18 0 0 228 228 1
1674636469210152 128644996662976 emit_beg 229 0 0 0 0 0
1674636469219222 128644996662976 dmg 0 1 0 0 1024 768
1674636469219422 128644996662976 enc 228 228 1 -1 -1 0
1674636469250081 128644996662976 emit_end 229 0 0 0 0 0
1674636469713254 128645018953600 send 159534 0 0 228 228 1
1674636470124789 128645018953600 send 137606 0 0 228 228 1
1674636470129329 128645018953600 send 14 0 0 228 228 1
1674636470129459 128645018953600 egress 229 1 0 0 0 0
1674636470952179 128645018953600 cliack 229 0 230 229 0 0
1674636470952399 128645018953600 ackregion 229 229 229 0 0 0
1674636481343512 128645005055680 wait_end 0 0 0 0 0 0
1674636481347472 128645005055680 drain_beg 0 0 0 0 0 0
1674636481347902 128645005055680 drain_end 1 0 0 0 0 0
1674636481348102 128645005055680 take 230 0 0 0 0 0
1674636481348502 128645005055680 subm_beg 1 0 0 0 0 0
1674636481349022 128645005055680 submit 230 0 0 0 0 0
1674636481349192 128645005055680 subm_end 1 0 0 0 0 0
1674636481349272 128645005055680 pump_beg 1 0 0 0 0 0
1674636481511516 128645005055680 feedend 229 0 0 0 0 0
1674636481653431 128645005055680 feedend 229 1 0 0 0 0
1674636485662126 128645005055680 outfirst 229 1 65536 0 0 0
1674636485703184 128645005055680 outfirst 229 0 65536 0 0 0
1674636485817700 128645005055680 pump_end 1 2 0 0 0 0
1674636485818010 128645005055680 join_beg 1 0 0 0 0 0
1674636485818370 128645005055680 join_end 0 0 0 0 0 0
1674636485818490 128645005055680 book_beg 1 0 0 0 0 0
1674636485818730 128645005055680 batch 230 1 1 2 2 0
1674636485818920 128645005055680 book_end 1 0 0 0 0 0
1674636485819120 128645005055680 coll_beg 0 0 0 0 0 0
1674636486117179 128645005055680 coll_end 0 0 0 0 0 0
1674636486117409 128645005055680 rel_beg 1 0 0 0 0 0
1674636486117789 128645005055680 absorb 230 0 0 0 0 0
1674636486121889 128645005055680 rel_end 1 0 0 0 0 0
1674636486123589 128645005055680 wait_beg 0 0 0 0 0 0
1674636481312123 128645018953600 msgin 230 4718592 0 0 0 0
1674636481313223 128645018953600 enq 230 1 0 0 0 0
1674636486133149 128645018953600 ackslot 230 229 230 0 0 0
1674636486184097 128645018953600 send 18 0 0 229 229 1
1674636486901461 128645018953600 send 246071 0 0 229 229 1
1674636487554877 128645018953600 send 226901 0 0 229 229 1
1674636487559917 128645018953600 send 14 0 0 229 229 1
1674636487560197 128645018953600 egress 230 1 0 0 0 0
1674636488265502 128645018953600 cliack 230 0 231 230 0 0
1674636488265592 128645018953600 ackregion 230 230 230 0 0 0
1674636486146908 128644996662976 emit_beg 230 0 0 0 0 0
1674636486151408 128644996662976 dmg 0 1 0 0 1024 768
1674636486151608 128644996662976 enc 229 229 1 -1 -1 0
1674636486199186 128644996662976 emit_end 230 0 0 0 0 0
1674636496492323 128645005055680 wait_end 0 0 0 0 0 0
1674636496496933 128645005055680 drain_beg 0 0 0 0 0 0
1674636496497273 128645005055680 drain_end 1 0 0 0 0 0
1674636496497473 128645005055680 take 231 0 0 0 0 0
1674636496498163 128645005055680 subm_beg 1 0 0 0 0 0
1674636496498843 128645005055680 submit 231 0 0 0 0 0
1674636496499023 128645005055680 subm_end 1 0 0 0 0 0
1674636496499103 128645005055680 pump_beg 1 0 0 0 0 0
1674636496667647 128645005055680 feedend 230 0 0 0 0 0
1674636496764743 128645005055680 feedend 230 1 0 0 0 0
1674636496475374 128645018953600 msgin 231 4718592 0 0 0 0
1674636496476054 128645018953600 enq 231 1 0 0 0 0
1674636499671608 128645005055680 outfirst 230 1 65536 0 0 0
1674636500096713 128645005055680 outfirst 230 0 65536 0 0 0
1674636500152491 128645005055680 pump_end 1 2 0 0 0 0
1674636500152841 128645005055680 join_beg 1 0 0 0 0 0
1674636500153231 128645005055680 join_end 0 0 0 0 0 0
1674636500153351 128645005055680 book_beg 1 0 0 0 0 0
1674636500153621 128645005055680 batch 231 1 1 2 2 0
1674636500153831 128645005055680 book_end 1 0 0 0 0 0
1674636500154051 128645005055680 coll_beg 0 0 0 0 0 0
1674636500314445 128645005055680 coll_end 0 0 0 0 0 0
1674636500314745 128645005055680 rel_beg 1 0 0 0 0 0
1674636500315135 128645005055680 absorb 231 0 0 0 0 0
1674636500319555 128645005055680 rel_end 1 0 0 0 0 0
1674636500321345 128645005055680 wait_beg 0 0 0 0 0 0
1674636500331554 128645018953600 ackslot 231 230 231 0 0 0
1674636500384692 128645018953600 send 18 0 0 230 230 1
1674636500819116 128645018953600 send 146682 0 0 230 230 1
1674636501158704 128645018953600 send 115750 0 0 230 230 1
1674636501162934 128645018953600 send 14 0 0 230 230 1
1674636501163084 128645018953600 egress 231 1 0 0 0 0
1674636501577969 128645018953600 cliack 231 0 232 231 0 0
1674636501578209 128645018953600 ackregion 231 231 231 0 0 0
1674636500343554 128644996662976 emit_beg 231 0 0 0 0 0
1674636500348294 128644996662976 dmg 0 1 0 0 1024 768
1674636500348474 128644996662976 enc 230 230 1 -1 -1 0
1674636500376003 128644996662976 emit_end 231 0 0 0 0 0
1674636512838671 128645005055680 wait_end 0 0 0 0 0 0
1674636512842911 128645005055680 drain_beg 0 0 0 0 0 0
1674636512843291 128645005055680 drain_end 1 0 0 0 0 0
1674636512843491 128645005055680 take 232 0 0 0 0 0
1674636512844061 128645005055680 subm_beg 1 0 0 0 0 0
1674636512844671 128645005055680 submit 232 0 0 0 0 0
1674636512844891 128645005055680 subm_end 1 0 0 0 0 0
1674636512844971 128645005055680 pump_beg 1 0 0 0 0 0
1674636513005365 128645005055680 feedend 231 0 0 0 0 0
1674636513119131 128645005055680 feedend 231 1 0 0 0 0
1674636516335834 128645005055680 outfirst 231 1 65536 0 0 0
1674636516593495 128645005055680 outfirst 231 0 65536 0 0 0
1674636516624764 128645005055680 pump_end 1 2 0 0 0 0
1674636516625084 128645005055680 join_beg 1 0 0 0 0 0
1674636516625664 128645005055680 join_end 0 0 0 0 0 0
1674636516625914 128645005055680 book_beg 1 0 0 0 0 0
1674636516626494 128645005055680 batch 232 1 1 2 2 0
1674636516626684 128645005055680 book_end 1 0 0 0 0 0
1674636516635613 128645005055680 coll_beg 0 0 0 0 0 0
1674636516860155 128645005055680 coll_end 0 0 0 0 0 0
1674636516860325 128645005055680 rel_beg 1 0 0 0 0 0
1674636516860745 128645005055680 absorb 232 0 0 0 0 0
1674636516866525 128645005055680 rel_end 1 0 0 0 0 0
1674636516868315 128645005055680 wait_beg 0 0 0 0 0 0
1674636512807742 128645018953600 msgin 232 4718592 0 0 0 0
1674636512808352 128645018953600 enq 232 1 0 0 0 0
1674636516877295 128645018953600 ackslot 232 231 232 0 0 0
1674636516921063 128645018953600 send 18 0 0 231 231 1
1674636517445054 128645018953600 send 177508 0 0 231 231 1
1674636517904847 128645018953600 send 155873 0 0 231 231 1
1674636517909257 128645018953600 send 14 0 0 231 231 1
1674636517912457 128645018953600 egress 232 1 0 0 0 0
1674636518934460 128645018953600 cliack 232 0 233 232 0 0
1674636518934540 128645018953600 ackregion 232 232 232 0 0 0
1674636516891614 128644996662976 emit_beg 232 0 0 0 0 0
1674636516897334 128644996662976 dmg 0 1 0 0 1024 768
1674636516897554 128644996662976 enc 231 231 1 -1 -1 0
1674636516930953 128644996662976 emit_end 232 0 0 0 0 0
1674636528692486 128645005055680 wait_end 0 0 0 0 0 0
1674636528697646 128645005055680 drain_beg 0 0 0 0 0 0
1674636528698516 128645005055680 drain_end 1 0 0 0 0 0
1674636528698886 128645005055680 take 233 0 0 0 0 0
1674636528699756 128645005055680 subm_beg 1 0 0 0 0 0
1674636528701046 128645005055680 submit 233 0 0 0 0 0
1674636528701196 128645005055680 subm_end 1 0 0 0 0 0
1674636528701346 128645005055680 pump_beg 1 0 0 0 0 0
1674636528870750 128645005055680 feedend 232 0 0 0 0 0
1674636528974896 128645005055680 feedend 232 1 0 0 0 0
1674636528660137 128645018953600 msgin 233 4718592 0 0 0 0
1674636528660817 128645018953600 enq 233 1 0 0 0 0
1674636532132712 128645005055680 outfirst 232 1 65536 0 0 0
1674636532619624 128645005055680 outfirst 232 0 65536 0 0 0
1674636532662862 128645005055680 pump_end 1 2 0 0 0 0
1674636532663162 128645005055680 join_beg 1 0 0 0 0 0
1674636532663532 128645005055680 join_end 0 0 0 0 0 0
1674636532663672 128645005055680 book_beg 1 0 0 0 0 0
1674636532663962 128645005055680 batch 233 1 1 2 2 0
1674636532664172 128645005055680 book_end 1 0 0 0 0 0
1674636532664382 128645005055680 coll_beg 0 0 0 0 0 0
1674636532857465 128645005055680 coll_end 0 0 0 0 0 0
1674636532857865 128645005055680 rel_beg 1 0 0 0 0 0
1674636532858235 128645005055680 absorb 233 0 0 0 0 0
1674636532862395 128645005055680 rel_end 1 0 0 0 0 0
1674636532864095 128645005055680 wait_beg 0 0 0 0 0 0
1674636532873345 128645018953600 ackslot 233 232 233 0 0 0
1674636532916863 128645018953600 send 18 0 0 232 232 1
1674636533465073 128645018953600 send 183677 0 0 232 232 1
1674636533896128 128645018953600 send 148935 0 0 232 232 1
1674636533900418 128645018953600 send 14 0 0 232 232 1
1674636533900518 128645018953600 egress 233 1 0 0 0 0
1674636534924540 128645018953600 cliack 233 0 234 233 0 0
1674636534924750 128645018953600 ackregion 233 233 233 0 0 0
1674636532887694 128644996662976 emit_beg 233 0 0 0 0 0
1674636532892364 128644996662976 dmg 0 1 0 0 1024 768
1674636532892664 128644996662976 enc 232 232 1 -1 -1 0
1674636532929823 128644996662976 emit_end 233 0 0 0 0 0
1674636545497307 128645005055680 wait_end 0 0 0 0 0 0
1674636545502887 128645005055680 drain_beg 0 0 0 0 0 0
1674636545503247 128645005055680 drain_end 1 0 0 0 0 0
1674636545503427 128645005055680 take 234 0 0 0 0 0
1674636545503797 128645005055680 subm_beg 1 0 0 0 0 0
1674636545504297 128645005055680 submit 234 0 0 0 0 0
1674636545504497 128645005055680 subm_end 1 0 0 0 0 0
1674636545504577 128645005055680 pump_beg 1 0 0 0 0 0
1674636545658931 128645005055680 feedend 233 0 0 0 0 0
1674636545806486 128645005055680 feedend 233 1 0 0 0 0
1674636548900834 128645005055680 outfirst 233 1 65536 0 0 0
1674636549218142 128645005055680 outfirst 233 0 65536 0 0 0
1674636549259111 128645005055680 pump_end 1 2 0 0 0 0
1674636549259331 128645005055680 join_beg 1 0 0 0 0 0
1674636549259681 128645005055680 join_end 0 0 0 0 0 0
1674636549259811 128645005055680 book_beg 1 0 0 0 0 0
1674636549260071 128645005055680 batch 234 1 1 2 2 0
1674636549260251 128645005055680 book_end 1 0 0 0 0 0
1674636549260431 128645005055680 coll_beg 0 0 0 0 0 0
1674636549445984 128645005055680 coll_end 0 0 0 0 0 0
1674636549446444 128645005055680 rel_beg 1 0 0 0 0 0
1674636549446834 128645005055680 absorb 234 0 0 0 0 0
1674636549450684 128645005055680 rel_end 1 0 0 0 0 0
1674636549452284 128645005055680 wait_beg 0 0 0 0 0 0
1674636545465858 128645018953600 msgin 234 4718592 0 0 0 0
1674636545466348 128645018953600 enq 234 1 0 0 0 0
1674636549461694 128645018953600 ackslot 234 233 234 0 0 0
1674636549507692 128645018953600 send 18 0 0 233 233 1
1674636549475343 128644996662976 emit_beg 234 0 0 0 0 0
1674636549484233 128644996662976 dmg 0 1 0 0 1024 768
1674636549484743 128644996662976 enc 233 233 1 -1 -1 0
1674636549518861 128644996662976 emit_end 234 0 0 0 0 0
1674636549993734 128645018953600 send 167446 0 0 233 233 1
1674636550397110 128645018953600 send 138362 0 0 233 233 1
1674636550401309 128645018953600 send 14 0 0 233 233 1
1674636550401519 128645018953600 egress 234 1 0 0 0 0
1674636551226950 128645018953600 cliack 234 0 235 234 0 0
1674636551227040 128645018953600 ackregion 234 234 234 0 0 0
1674636560504933 128645005055680 wait_end 0 0 0 0 0 0
1674636560510403 128645005055680 drain_beg 0 0 0 0 0 0
1674636560510733 128645005055680 drain_end 1 0 0 0 0 0
1674636560510913 128645005055680 take 235 0 0 0 0 0
1674636560511283 128645005055680 subm_beg 1 0 0 0 0 0
1674636560511613 128645005055680 submit 235 0 0 0 0 0
1674636560511833 128645005055680 subm_end 1 0 0 0 0 0
1674636560511913 128645005055680 pump_beg 1 0 0 0 0 0
1674636560668257 128645005055680 feedend 234 0 0 0 0 0
1674636560812082 128645005055680 feedend 234 1 0 0 0 0
1674636563672259 128645005055680 outfirst 234 1 65536 0 0 0
1674636564018106 128645005055680 outfirst 234 0 65536 0 0 0
1674636564088353 128645005055680 pump_end 1 2 0 0 0 0
1674636564088703 128645005055680 join_beg 1 0 0 0 0 0
1674636564089193 128645005055680 join_end 0 0 0 0 0 0
1674636564089373 128645005055680 book_beg 1 0 0 0 0 0
1674636564089813 128645005055680 batch 235 1 1 2 2 0
1674636564090003 128645005055680 book_end 1 0 0 0 0 0
1674636564090203 128645005055680 coll_beg 0 0 0 0 0 0
1674636564257297 128645005055680 coll_end 0 0 0 0 0 0
1674636564257587 128645005055680 rel_beg 1 0 0 0 0 0
1674636564258047 128645005055680 absorb 235 0 0 0 0 0
1674636564263707 128645005055680 rel_end 1 0 0 0 0 0
1674636564265977 128645005055680 wait_beg 0 0 0 0 0 0
1674636565197523 128645005055680 wait_end 0 0 0 0 0 0
1674636565201493 128645005055680 drain_beg 0 0 0 0 0 0
1674636565202083 128645005055680 drain_end 1 0 0 0 0 0
1674636565202393 128645005055680 take 236 0 0 0 0 0
1674636565203183 128645005055680 subm_beg 1 0 0 0 0 0
1674636565204203 128645005055680 submit 236 0 0 0 0 0
1674636565204403 128645005055680 subm_end 1 0 0 0 0 0
1674636565204523 128645005055680 pump_beg 1 0 0 0 0 0
1674636565349418 128645005055680 feedend 235 0 0 0 0 0
1674636565489503 128645005055680 feedend 235 1 0 0 0 0
1674636568567661 128645005055680 outfirst 235 1 65536 0 0 0
1674636568888569 128645005055680 outfirst 235 0 65536 0 0 0
1674636568922948 128645005055680 pump_end 1 2 0 0 0 0
1674636568923168 128645005055680 join_beg 1 0 0 0 0 0
1674636568923328 128645005055680 join_end 0 0 0 0 0 0
1674636568923468 128645005055680 book_beg 1 0 0 0 0 0
1674636568923828 128645005055680 batch 236 1 1 2 2 0
1674636568923938 128645005055680 book_end 1 0 0 0 0 0
1674636568924008 128645005055680 coll_beg 0 0 0 0 0 0
1674636569112621 128645005055680 coll_end 0 0 0 0 0 0
1674636569112781 128645005055680 rel_beg 1 0 0 0 0 0
1674636569112981 128645005055680 absorb 236 0 0 0 0 0
1674636569116251 128645005055680 rel_end 1 0 0 0 0 0
1674636569119091 128645005055680 wait_beg 0 0 0 0 0 0
1674636560472085 128645018953600 msgin 235 4718592 0 0 0 0
1674636560472754 128645018953600 enq 235 1 0 0 0 0
1674636564276097 128645018953600 ackslot 235 234 235 0 0 0
1674636564321065 128645018953600 send 18 0 0 234 234 1
1674636564732920 128645018953600 send 142231 0 0 234 234 1
1674636565077728 128645018953600 send 113921 0 0 234 234 1
1674636565082097 128645018953600 send 14 0 0 234 234 1
1674636565082187 128645018953600 egress 235 1 0 0 0 0
1674636565170384 128645018953600 msgin 236 4718592 0 0 0 0
1674636565170804 128645018953600 enq 236 1 0 0 0 0
1674636565894138 128645018953600 cliack 235 0 236 235 0 0
1674636565894268 128645018953600 ackregion 235 235 235 0 0 0
1674636569123751 128645018953600 ackslot 236 235 236 0 0 0
1674636569180889 128645018953600 send 18 0 0 235 235 1
1674636569659051 128645018953600 send 164769 0 0 235 235 1
1674636564288906 128644996662976 emit_beg 235 0 0 0 0 0
1674636564293866 128644996662976 dmg 0 1 0 0 1024 768
1674636564294166 128644996662976 enc 234 234 1 -1 -1 0
1674636564325535 128644996662976 emit_end 235 0 0 0 0 0
1674636569146520 128644996662976 emit_beg 236 0 0 0 0 0
1674636569159050 128644996662976 dmg 0 1 0 0 1024 768
1674636569159470 128644996662976 enc 235 235 1 -1 -1 0
1674636569195268 128644996662976 emit_end 236 0 0 0 0 0
1674636570057847 128645018953600 send 136404 0 0 235 235 1
1674636570066127 128645018953600 send 14 0 0 235 235 1
1674636570066367 128645018953600 egress 236 1 0 0 0 0
1674636570959474 128645018953600 cliack 236 0 237 236 0 0
1674636570959574 128645018953600 ackregion 236 236 236 0 0 0
1674636580948102 128645005055680 wait_end 0 0 0 0 0 0
1674636580951882 128645005055680 drain_beg 0 0 0 0 0 0
1674636580952282 128645005055680 drain_end 1 0 0 0 0 0
1674636580952492 128645005055680 take 237 0 0 0 0 0
1674636580952772 128645005055680 subm_beg 1 0 0 0 0 0
1674636580953182 128645005055680 submit 237 0 0 0 0 0
1674636580953372 128645005055680 subm_end 1 0 0 0 0 0
1674636580953482 128645005055680 pump_beg 1 0 0 0 0 0
1674636581079348 128645005055680 feedend 236 0 0 0 0 0
1674636581180074 128645005055680 feedend 236 1 0 0 0 0
1674636584266032 128645005055680 outfirst 236 1 65536 0 0 0
1674636584718616 128645005055680 outfirst 236 0 65536 0 0 0
1674636584804113 128645005055680 pump_end 1 2 0 0 0 0
1674636584804423 128645005055680 join_beg 1 0 0 0 0 0
1674636584804653 128645005055680 join_end 0 0 0 0 0 0
1674636584804783 128645005055680 book_beg 1 0 0 0 0 0
1674636584805093 128645005055680 batch 237 1 1 2 2 0
1674636584805173 128645005055680 book_end 1 0 0 0 0 0
1674636584805243 128645005055680 coll_beg 0 0 0 0 0 0
1674636585019435 128645005055680 coll_end 0 0 0 0 0 0
1674636585019535 128645005055680 rel_beg 1 0 0 0 0 0
1674636585019705 128645005055680 absorb 237 0 0 0 0 0
1674636585022245 128645005055680 rel_end 1 0 0 0 0 0
1674636585023935 128645005055680 wait_beg 0 0 0 0 0 0
1674636580922103 128645018953600 msgin 237 4718592 0 0 0 0
1674636580922453 128645018953600 enq 237 1 0 0 0 0
1674636585029364 128645018953600 ackslot 237 236 237 0 0 0
1674636585060903 128645018953600 send 18 0 0 236 236 1
1674636585592674 128645018953600 send 180415 0 0 236 236 1
1674636586025358 128645018953600 send 149840 0 0 236 236 1
1674636586029608 128645018953600 send 14 0 0 236 236 1
1674636586029718 128645018953600 egress 237 1 0 0 0 0
1674636586576838 128645018953600 cliack 237 0 238 237 0 0
1674636586577058 128645018953600 ackregion 237 237 237 0 0 0
1674636585035434 128644996662976 emit_beg 237 0 0 0 0 0
1674636585040174 128644996662976 dmg 0 1 0 0 1024 768
1674636585040464 128644996662976 enc 236 236 1 -1 -1 0
1674636585074533 128644996662976 emit_end 237 0 0 0 0 0
1674636597190484 128645005055680 wait_end 0 0 0 0 0 0
1674636597194804 128645005055680 drain_beg 0 0 0 0 0 0
1674636597195234 128645005055680 drain_end 1 0 0 0 0 0
1674636597195433 128645005055680 take 238 0 0 0 0 0
1674636597195773 128645005055680 subm_beg 1 0 0 0 0 0
1674636597196133 128645005055680 submit 238 0 0 0 0 0
1674636597196203 128645005055680 subm_end 1 0 0 0 0 0
1674636597196323 128645005055680 pump_beg 1 0 0 0 0 0
1674636597308509 128645005055680 feedend 237 0 0 0 0 0
1674636597451064 128645005055680 feedend 237 1 0 0 0 0
1674636597162705 128645018953600 msgin 238 4718592 0 0 0 0
1674636597163055 128645018953600 enq 238 1 0 0 0 0
1674636600607330 128645005055680 outfirst 237 1 65536 0 0 0
1674636600902389 128645005055680 outfirst 237 0 65536 0 0 0
1674636600933088 128645005055680 pump_end 1 2 0 0 0 0
1674636600933398 128645005055680 join_beg 1 0 0 0 0 0
1674636600933608 128645005055680 join_end 0 0 0 0 0 0
1674636600933738 128645005055680 book_beg 1 0 0 0 0 0
1674636600934058 128645005055680 batch 238 1 1 2 2 0
1674636600934258 128645005055680 book_end 1 0 0 0 0 0
1674636600934468 128645005055680 coll_beg 0 0 0 0 0 0
1674636601142590 128645005055680 coll_end 0 0 0 0 0 0
1674636601143000 128645005055680 rel_beg 1 0 0 0 0 0
1674636601143220 128645005055680 absorb 238 0 0 0 0 0
1674636601145800 128645005055680 rel_end 1 0 0 0 0 0
1674636601148300 128645005055680 wait_beg 0 0 0 0 0 0
1674636601153850 128645018953600 ackslot 238 237 238 0 0 0
1674636601209098 128645018953600 send 18 0 0 237 237 1
1674636601726079 128645018953600 send 174045 0 0 237 237 1
1674636602174943 128645018953600 send 154999 0 0 237 237 1
1674636602179113 128645018953600 send 14 0 0 237 237 1
1674636602179333 128645018953600 egress 238 1 0 0 0 0
1674636602781051 128645018953600 cliack 238 0 239 238 0 0
1674636602781171 128645018953600 ackregion 238 238 238 0 0 0
1674636601176069 128644996662976 emit_beg 238 0 0 0 0 0
1674636601189209 128644996662976 dmg 0 1 0 0 1024 768
1674636601189509 128644996662976 enc 237 237 1 -1 -1 0
1674636601223988 128644996662976 emit_end 238 0 0 0 0 0
1674636613340898 128645005055680 wait_end 0 0 0 0 0 0
1674636613345148 128645005055680 drain_beg 0 0 0 0 0 0
1674636613345588 128645005055680 drain_end 1 0 0 0 0 0
1674636613345828 128645005055680 take 239 0 0 0 0 0
1674636613346378 128645005055680 subm_beg 1 0 0 0 0 0
1674636613346878 128645005055680 submit 239 0 0 0 0 0
1674636613347078 128645005055680 subm_end 1 0 0 0 0 0
1674636613347148 128645005055680 pump_beg 1 0 0 0 0 0
1674636613535431 128645005055680 feedend 238 0 0 0 0 0
1674636613657307 128645005055680 feedend 238 1 0 0 0 0
1674636616605080 128645005055680 outfirst 238 1 65536 0 0 0
1674636616936108 128645005055680 outfirst 238 0 65536 0 0 0
1674636616961627 128645005055680 pump_end 1 2 0 0 0 0
1674636616961947 128645005055680 join_beg 1 0 0 0 0 0
1674636616962247 128645005055680 join_end 0 0 0 0 0 0
1674636616962507 128645005055680 book_beg 1 0 0 0 0 0
1674636616962937 128645005055680 batch 239 1 1 2 2 0
1674636616963147 128645005055680 book_end 1 0 0 0 0 0
1674636616963387 128645005055680 coll_beg 0 0 0 0 0 0
1674636617139161 128645005055680 coll_end 0 0 0 0 0 0
1674636617139591 128645005055680 rel_beg 1 0 0 0 0 0
1674636617145010 128645005055680 absorb 239 0 0 0 0 0
1674636617148920 128645005055680 rel_end 1 0 0 0 0 0
1674636617152120 128645005055680 wait_beg 0 0 0 0 0 0
1674636613319669 128645018953600 msgin 239 4718592 0 0 0 0
1674636613320219 128645018953600 enq 239 1 0 0 0 0
1674636617156310 128645018953600 ackslot 239 238 239 0 0 0
1674636617178569 128645018953600 send 18 0 0 238 238 1
1674636617635583 128645018953600 send 152270 0 0 238 238 1
1674636618007799 128645018953600 send 128731 0 0 238 238 1
1674636618015879 128645018953600 send 14 0 0 238 238 1
1674636618016099 128645018953600 egress 239 1 0 0 0 0
1674636618444203 128645018953600 cliack 239 0 240 239 0 0
1674636618444453 128645018953600 ackregion 239 239 239 0 0 0
1674636617156470 128644996662976 emit_beg 239 0 0 0 0 0
1674636617159500 128644996662976 dmg 0 1 0 0 1024 768
1674636617159750 128644996662976 enc 238 238 1 -1 -1 0
1674636617180029 128644996662976 emit_end 239 0 0 0 0 0
1674636628736490 128645005055680 wait_end 0 0 0 0 0 0
1674636628739420 128645005055680 drain_beg 0 0 0 0 0 0
1674636628739730 128645005055680 drain_end 1 0 0 0 0 0
1674636628739890 128645005055680 take 240 0 0 0 0 0
1674636628740210 128645005055680 subm_beg 1 0 0 0 0 0
1674636628740550 128645005055680 submit 240 0 0 0 0 0
1674636628740730 128645005055680 subm_end 1 0 0 0 0 0
1674636628740770 128645005055680 pump_beg 1 0 0 0 0 0
1674636628865196 128645005055680 feedend 239 0 0 0 0 0
1674636628901434 128645005055680 feedend 239 1 0 0 0 0
1674636628725121 128645018953600 msgin 240 4718592 0 0 0 0
1674636628726211 128645018953600 enq 240 1 0 0 0 0
1674636631914195 128645005055680 outfirst 239 1 65536 0 0 0
1674636632594871 128645005055680 outfirst 239 0 65536 0 0 0
1674636632616290 128645005055680 pump_end 1 2 0 0 0 0
1674636632616500 128645005055680 join_beg 1 0 0 0 0 0
1674636632616680 128645005055680 join_end 0 0 0 0 0 0
1674636632616780 128645005055680 book_beg 1 0 0 0 0 0
1674636632617190 128645005055680 batch 240 1 1 2 2 0
1674636632617350 128645005055680 book_end 1 0 0 0 0 0
1674636632617500 128645005055680 coll_beg 0 0 0 0 0 0
1674636632720706 128645005055680 coll_end 0 0 0 0 0 0
1674636632721016 128645005055680 rel_beg 1 0 0 0 0 0
1674636632721176 128645005055680 absorb 240 0 0 0 0 0
1674636632722836 128645005055680 rel_end 1 0 0 0 0 0
1674636632724076 128645005055680 wait_beg 0 0 0 0 0 0
1674636632753475 128645018953600 ackslot 240 239 240 0 0 0
1674636632826442 128645018953600 send 18 0 0 239 239 1
1674636633967691 128645018953600 send 180103 0 0 239 239 1
1674636634753972 128645018953600 send 136924 0 0 239 239 1
1674636634760482 128645018953600 send 14 0 0 239 239 1
1674636634760932 128645018953600 egress 240 1 0 0 0 0
1674636634842869 128645018953600 cliack 240 0 241 240 0 0
1674636634843049 128645018953600 ackregion 240 240 240 0 0 0
1674636632730746 128644996662976 emit_beg 240 0 0 0 0 0
1674636632732166 128644996662976 dmg 0 1 0 0 1024 768
1674636632732446 128644996662976 enc 239 239 1 -1 -1 0
1674636632753535 128644996662976 emit_end 240 0 0 0 0 0
1674636645372467 128645005055680 wait_end 0 0 0 0 0 0
1674636645377817 128645005055680 drain_beg 0 0 0 0 0 0
1674636645378177 128645005055680 drain_end 1 0 0 0 0 0
1674636645378587 128645005055680 take 241 0 0 0 0 0
1674636645379037 128645005055680 subm_beg 1 0 0 0 0 0
1674636645379747 128645005055680 submit 241 0 0 0 0 0
1674636645379937 128645005055680 subm_end 1 0 0 0 0 0
1674636645380187 128645005055680 pump_beg 1 0 0 0 0 0
1674636645557871 128645005055680 feedend 240 0 0 0 0 0
1674636645635228 128645005055680 feedend 240 1 0 0 0 0
1674636648887120 128645005055680 outfirst 240 1 65536 0 0 0
1674636649473679 128645005055680 outfirst 240 0 65536 0 0 0
1674636649499378 128645005055680 pump_end 1 2 0 0 0 0
1674636649499548 128645005055680 join_beg 1 0 0 0 0 0
1674636649499868 128645005055680 join_end 0 0 0 0 0 0
1674636649499938 128645005055680 book_beg 1 0 0 0 0 0
1674636649500108 128645005055680 batch 241 1 1 2 2 0
1674636649500248 128645005055680 book_end 1 0 0 0 0 0
1674636649500408 128645005055680 coll_beg 0 0 0 0 0 0
1674636649627633 128645005055680 coll_end 0 0 0 0 0 0
1674636649627803 128645005055680 rel_beg 1 0 0 0 0 0
1674636649628763 128645005055680 absorb 241 0 0 0 0 0
1674636649633143 128645005055680 rel_end 1 0 0 0 0 0
1674636649635003 128645005055680 wait_beg 0 0 0 0 0 0
1674636645327839 128645018953600 msgin 241 4718592 0 0 0 0
1674636645330009 128645018953600 enq 241 1 0 0 0 0
1674636649653082 128645018953600 ackslot 241 240 241 0 0 0
1674636649691081 128645018953600 send 18 0 0 240 240 1
1674636649657952 128644996662976 emit_beg 241 0 0 0 0 0
1674636649661922 128644996662976 dmg 0 1 0 0 1024 768
1674636649662112 128644996662976 enc 240 240 1 -1 -1 0
1674636649696101 128644996662976 emit_end 241 0 0 0 0 0
1674636650636857 128645018953600 send 195809 0 0 240 240 1
1674636651129739 128645018953600 send 165050 0 0 240 240 1
1674636651134209 128645018953600 send 14 0 0 240 240 1
1674636651134419 128645018953600 egress 241 1 0 0 0 0
1674636651900481 128645018953600 cliack 241 0 242 241 0 0
1674636651900691 128645018953600 ackregion 241 241 241 0 0 0
1674636661017780 128645005055680 wait_end 0 0 0 0 0 0
1674636661021810 128645005055680 drain_beg 0 0 0 0 0 0
1674636661022190 128645005055680 drain_end 1 0 0 0 0 0
1674636661022390 128645005055680 take 242 0 0 0 0 0
1674636661022750 128645005055680 subm_beg 1 0 0 0 0 0
1674636661023070 128645005055680 submit 242 0 0 0 0 0
1674636661023300 128645005055680 subm_end 1 0 0 0 0 0
1674636661023380 128645005055680 pump_beg 1 0 0 0 0 0
1674636661181594 128645005055680 feedend 241 0 0 0 0 0
1674636661268281 128645005055680 feedend 241 1 0 0 0 0
1674636664381018 128645005055680 outfirst 241 1 65536 0 0 0
1674636664896070 128645005055680 outfirst 241 0 65536 0 0 0
1674636664952778 128645005055680 pump_end 1 2 0 0 0 0
1674636664953028 128645005055680 join_beg 1 0 0 0 0 0
1674636664953348 128645005055680 join_end 0 0 0 0 0 0
1674636664953418 128645005055680 book_beg 1 0 0 0 0 0
1674636664953738 128645005055680 batch 242 1 1 2 2 0
1674636664953898 128645005055680 book_end 1 0 0 0 0 0
1674636664954058 128645005055680 coll_beg 0 0 0 0 0 0
1674636665085623 128645005055680 coll_end 0 0 0 0 0 0
1674636665085883 128645005055680 rel_beg 1 0 0 0 0 0
1674636665086243 128645005055680 absorb 242 0 0 0 0 0
1674636665090333 128645005055680 rel_end 1 0 0 0 0 0
1674636665092693 128645005055680 wait_beg 0 0 0 0 0 0
1674636660988611 128645018953600 msgin 242 4718592 0 0 0 0
1674636660989061 128645018953600 enq 242 1 0 0 0 0
1674636665105252 128645018953600 ackslot 242 241 242 0 0 0
1674636665133931 128645018953600 send 18 0 0 241 241 1
1674636665686771 128645018953600 send 189786 0 0 241 241 1
1674636666148504 128645018953600 send 160350 0 0 241 241 1
1674636666153274 128645018953600 send 14 0 0 241 241 1
1674636666153604 128645018953600 egress 242 1 0 0 0 0
1674636666695505 128645018953600 cliack 242 0 243 242 0 0
1674636666695655 128645018953600 ackregion 242 242 242 0 0 0
1674636665096842 128644996662976 emit_beg 242 0 0 0 0 0
1674636665100152 128644996662976 dmg 0 1 0 0 1024 768
1674636665100302 128644996662976 enc 241 241 1 -1 -1 0
1674636665130191 128644996662976 emit_end 242 0 0 0 0 0
1674636677896839 128645005055680 wait_end 0 0 0 0 0 0
1674636677903558 128645005055680 drain_beg 0 0 0 0 0 0
1674636677904648 128645005055680 drain_end 1 0 0 0 0 0
1674636677905258 128645005055680 take 243 0 0 0 0 0
1674636677906018 128645005055680 subm_beg 1 0 0 0 0 0
1674636677907458 128645005055680 submit 243 0 0 0 0 0
1674636677907718 128645005055680 subm_end 1 0 0 0 0 0
1674636677907848 128645005055680 pump_beg 1 0 0 0 0 0
1674636678515136 128645005055680 feedend 242 0 0 0 0 0
1674636678525026 128645005055680 feedend 242 1 0 0 0 0
1674636677860710 128645018953600 msgin 243 4718592 0 0 0 0
1674636677861460 128645018953600 enq 243 1 0 0 0 0
1674636681920463 128645005055680 outfirst 242 1 65536 0 0 0
1674636682355187 128645005055680 outfirst 242 0 65536 0 0 0
1674636682394846 128645005055680 pump_end 1 2 0 0 0 0
1674636682395766 128645005055680 join_beg 1 0 0 0 0 0
1674636682397346 128645005055680 join_end 0 0 0 0 0 0
1674636682397526 128645005055680 book_beg 1 0 0 0 0 0
1674636682399105 128645005055680 batch 243 1 1 2 2 0
1674636682399175 128645005055680 book_end 1 0 0 0 0 0
1674636682399285 128645005055680 coll_beg 0 0 0 0 0 0
1674636682580179 128645005055680 coll_end 0 0 0 0 0 0
1674636682580269 128645005055680 rel_beg 1 0 0 0 0 0
1674636682581389 128645005055680 absorb 243 0 0 0 0 0
1674636682591628 128645005055680 rel_end 1 0 0 0 0 0
1674636682595208 128645005055680 wait_beg 0 0 0 0 0 0
1674636682644657 128645018953600 ackslot 243 242 243 0 0 0
1674636682837330 128645018953600 send 18 0 0 242 242 1
1674636683685019 128645018953600 send 144735 0 0 242 242 1
1674636684234589 128645018953600 send 120111 0 0 242 242 1
1674636684239089 128645018953600 send 14 0 0 242 242 1
1674636684239339 128645018953600 egress 243 1 0 0 0 0
1674636684452351 128645018953600 cliack 243 0 244 243 0 0
1674636684452581 128645018953600 ackregion 243 243 243 0 0 0
1674636682625697 128644996662976 emit_beg 243 0 0 0 0 0
1674636682635117 128644996662976 dmg 0 1 0 0 1024 768
1674636682635457 128644996662976 enc 242 242 1 -1 -1 0
1674636682669496 128644996662976 emit_end 243 0 0 0 0 0
1674636693013871 128645005055680 wait_end 0 0 0 0 0 0
1674636693020970 128645005055680 drain_beg 0 0 0 0 0 0
1674636693021860 128645005055680 drain_end 1 0 0 0 0 0
1674636693022260 128645005055680 take 244 0 0 0 0 0
1674636693022930 128645005055680 subm_beg 1 0 0 0 0 0
1674636693024300 128645005055680 submit 244 0 0 0 0 0
1674636693024440 128645005055680 subm_end 1 0 0 0 0 0
1674636693024570 128645005055680 pump_beg 1 0 0 0 0 0
1674636693221063 128645005055680 feedend 243 0 0 0 0 0
1674636693308560 128645005055680 feedend 243 1 0 0 0 0
1674636696207875 128645005055680 outfirst 243 1 65536 0 0 0
1674636696814143 128645005055680 outfirst 243 0 65536 0 0 0
1674636696839032 128645005055680 pump_end 1 2 0 0 0 0
1674636696839292 128645005055680 join_beg 1 0 0 0 0 0
1674636696839612 128645005055680 join_end 0 0 0 0 0 0
1674636696839682 128645005055680 book_beg 1 0 0 0 0 0
1674636696839962 128645005055680 batch 244 1 1 2 2 0
1674636696840132 128645005055680 book_end 1 0 0 0 0 0
1674636696840292 128645005055680 coll_beg 0 0 0 0 0 0
1674636696941688 128645005055680 coll_end 0 0 0 0 0 0
1674636696941858 128645005055680 rel_beg 1 0 0 0 0 0
1674636696942218 128645005055680 absorb 244 0 0 0 0 0
1674636696946558 128645005055680 rel_end 1 0 0 0 0 0
1674636696947688 128645005055680 wait_beg 0 0 0 0 0 0
1674636692969762 128645018953600 msgin 244 4718592 0 0 0 0
1674636692970202 128645018953600 enq 244 1 0 0 0 0
1674636696972057 128645018953600 ackslot 244 243 244 0 0 0
1674636697062664 128645018953600 send 18 0 0 243 243 1
1674636697788618 128645018953600 send 159074 0 0 243 243 1
1674636698256931 128645018953600 send 130395 0 0 243 243 1
1674636698261511 128645018953600 send 14 0 0 243 243 1
1674636698261811 128645018953600 egress 244 1 0 0 0 0
1674636698442924 128645018953600 cliack 244 0 245 244 0 0
1674636698443044 128645018953600 ackregion 244 244 244 0 0 0
1674636696952848 128644996662976 emit_beg 244 0 0 0 0 0
1674636696956308 128644996662976 dmg 0 1 0 0 1024 768
1674636696956568 128644996662976 enc 243 243 1 -1 -1 0
1674636696978567 128644996662976 emit_end 244 0 0 0 0 0
1674636709010311 128645005055680 wait_end 0 0 0 0 0 0
1674636709016531 128645005055680 drain_beg 0 0 0 0 0 0
1674636709017441 128645005055680 drain_end 1 0 0 0 0 0
1674636709017831 128645005055680 take 245 0 0 0 0 0
1674636709018701 128645005055680 subm_beg 1 0 0 0 0 0
1674636709019901 128645005055680 submit 245 0 0 0 0 0
1674636709020061 128645005055680 subm_end 1 0 0 0 0 0
1674636709020191 128645005055680 pump_beg 1 0 0 0 0 0
1674636709182455 128645005055680 feedend 244 0 0 0 0 0
1674636709217903 128645005055680 feedend 244 1 0 0 0 0
1674636708989872 128645018953600 msgin 245 4718592 0 0 0 0
1674636708990552 128645018953600 enq 245 1 0 0 0 0
1674636712193276 128645005055680 outfirst 244 1 65536 0 0 0
1674636712609481 128645005055680 outfirst 244 0 65536 0 0 0
1674636712628280 128645005055680 pump_end 1 2 0 0 0 0
1674636712628510 128645005055680 join_beg 1 0 0 0 0 0
1674636712628860 128645005055680 join_end 0 0 0 0 0 0
1674636712628910 128645005055680 book_beg 1 0 0 0 0 0
1674636712629310 128645005055680 batch 245 1 1 2 2 0
1674636712629440 128645005055680 book_end 1 0 0 0 0 0
1674636712629580 128645005055680 coll_beg 0 0 0 0 0 0
1674636712725576 128645005055680 coll_end 0 0 0 0 0 0
1674636712725826 128645005055680 rel_beg 1 0 0 0 0 0
1674636712726136 128645005055680 absorb 245 0 0 0 0 0
1674636712729626 128645005055680 rel_end 1 0 0 0 0 0
1674636712730666 128645005055680 wait_beg 0 0 0 0 0 0
1674636712740356 128645018953600 ackslot 245 244 245 0 0 0
1674636712757795 128645018953600 send 18 0 0 244 244 1
1674636713213919 128645018953600 send 152542 0 0 244 244 1
1674636713621784 128645018953600 send 139455 0 0 244 244 1
1674636713626024 128645018953600 send 14 0 0 244 244 1
1674636713626194 128645018953600 egress 245 1 0 0 0 0
1674636714109126 128645018953600 cliack 245 0 246 245 0 0
1674636714109406 128645018953600 ackregion 245 245 245 0 0 0
1674636712735546 128644996662976 emit_beg 245 0 0 0 0 0
1674636712737046 128644996662976 dmg 0 1 0 0 1024 768
1674636712737276 128644996662976 enc 244 244 1 -1 -1 0
1674636712756145 128644996662976 emit_end 245 0 0 0 0 0
1674636724765080 128645005055680 wait_end 0 0 0 0 0 0
1674636724771400 128645005055680 drain_beg 0 0 0 0 0 0
1674636724772070 128645005055680 drain_end 1 0 0 0 0 0
1674636724772240 128645005055680 take 246 0 0 0 0 0
1674636724772760 128645005055680 subm_beg 1 0 0 0 0 0
1674636724773530 128645005055680 submit 246 0 0 0 0 0
1674636724773660 128645005055680 subm_end 1 0 0 0 0 0
1674636724773800 128645005055680 pump_beg 1 0 0 0 0 0
1674636724923374 128645005055680 feedend 245 0 0 0 0 0
1674636725017531 128645005055680 feedend 245 1 0 0 0 0
1674636727935205 128645005055680 outfirst 245 1 65536 0 0 0
1674636728451856 128645005055680 outfirst 245 0 65536 0 0 0
1674636728482685 128645005055680 pump_end 1 2 0 0 0 0
1674636728482925 128645005055680 join_beg 1 0 0 0 0 0
1674636728483215 128645005055680 join_end 0 0 0 0 0 0
1674636728483295 128645005055680 book_beg 1 0 0 0 0 0
1674636728483505 128645005055680 batch 246 1 1 2 2 0
1674636728483675 128645005055680 book_end 1 0 0 0 0 0
1674636728483845 128645005055680 coll_beg 0 0 0 0 0 0
1674636728588571 128645005055680 coll_end 0 0 0 0 0 0
1674636728588951 128645005055680 rel_beg 1 0 0 0 0 0
1674636728589251 128645005055680 absorb 246 0 0 0 0 0
1674636728592581 128645005055680 rel_end 1 0 0 0 0 0
1674636728593561 128645005055680 wait_beg 0 0 0 0 0 0
1674636724732991 128645018953600 msgin 246 4718592 0 0 0 0
1674636724733411 128645018953600 enq 246 1 0 0 0 0
1674636728609721 128645018953600 ackslot 246 245 246 0 0 0
1674636728635140 128645018953600 send 18 0 0 245 245 1
1674636729556086 128645018953600 send 169885 0 0 245 245 1
1674636730084667 128645018953600 send 138946 0 0 245 245 1
1674636730088747 128645018953600 send 14 0 0 245 245 1
1674636730088947 128645018953600 egress 246 1 0 0 0 0
1674636730247071 128645018953600 cliack 246 0 247 246 0 0
1674636730247161 128645018953600 ackregion 246 246 246 0 0 0
1674636728597761 128644996662976 emit_beg 246 0 0 0 0 0
1674636728599021 128644996662976 dmg 0 1 0 0 1024 768
1674636728599201 128644996662976 enc 245 245 1 -1 -1 0
1674636728617970 128644996662976 emit_end 246 0 0 0 0 0
1674636740520609 128645005055680 wait_end 0 0 0 0 0 0
1674636740525759 128645005055680 drain_beg 0 0 0 0 0 0
1674636740526269 128645005055680 drain_end 1 0 0 0 0 0
1674636740526469 128645005055680 take 247 0 0 0 0 0
1674636740526859 128645005055680 subm_beg 1 0 0 0 0 0
1674636740527689 128645005055680 submit 247 0 0 0 0 0
1674636740527859 128645005055680 subm_end 1 0 0 0 0 0
1674636740527929 128645005055680 pump_beg 1 0 0 0 0 0
1674636740721512 128645005055680 feedend 246 0 0 0 0 0
1674636740802139 128645005055680 feedend 246 1 0 0 0 0
1674636740487210 128645018953600 msgin 247 4718592 0 0 0 0
1674636740488120 128645018953600 enq 247 1 0 0 0 0
1674636743745412 128645005055680 outfirst 246 1 65536 0 0 0
1674636744155737 128645005055680 outfirst 246 0 65536 0 0 0
1674636744172177 128645005055680 pump_end 1 2 0 0 0 0
1674636744172427 128645005055680 join_beg 1 0 0 0 0 0
1674636744172957 128645005055680 join_end 0 0 0 0 0 0
1674636744173007 128645005055680 book_beg 1 0 0 0 0 0
1674636744173477 128645005055680 batch 247 1 1 2 2 0
1674636744173657 128645005055680 book_end 1 0 0 0 0 0
1674636744173847 128645005055680 coll_beg 0 0 0 0 0 0
1674636744254654 128645005055680 coll_end 0 0 0 0 0 0
1674636744255214 128645005055680 rel_beg 1 0 0 0 0 0
1674636744255564 128645005055680 absorb 247 0 0 0 0 0
1674636744258493 128645005055680 rel_end 1 0 0 0 0 0
1674636744259613 128645005055680 wait_beg 0 0 0 0 0 0
1674636744276833 128645018953600 ackslot 247 246 247 0 0 0
1674636744303842 128645018953600 send 18 0 0 246 246 1
1674636745308955 128645018953600 send 150475 0 0 246 246 1
1674636745705921 128645018953600 send 132888 0 0 246 246 1
1674636745710111 128645018953600 send 14 0 0 246 246 1
1674636745710241 128645018953600 egress 247 1 0 0 0 0
1674636745957722 128645018953600 cliack 247 0 248 247 0 0
1674636745957942 128645018953600 ackregion 247 247 247 0 0 0
1674636744280673 128644996662976 emit_beg 247 0 0 0 0 0
1674636744285342 128644996662976 dmg 0 1 0 0 1024 768
1674636744285542 128644996662976 enc 246 246 1 -1 -1 0
1674636744313991 128644996662976 emit_end 247 0 0 0 0 0
1674636756950993 128645005055680 wait_end 0 0 0 0 0 0
1674636756956133 128645005055680 drain_beg 0 0 0 0 0 0
1674636756956803 128645005055680 drain_end 1 0 0 0 0 0
1674636756957133 128645005055680 take 248 0 0 0 0 0
1674636756957583 128645005055680 subm_beg 1 0 0 0 0 0
1674636756958553 128645005055680 submit 248 0 0 0 0 0
1674636756958843 128645005055680 subm_end 1 0 0 0 0 0
1674636756958953 128645005055680 pump_beg 1 0 0 0 0 0
1674636757176195 128645005055680 feedend 247 0 0 0 0 0
1674636757230383 128645005055680 feedend 247 1 0 0 0 0
1674636760179406 128645005055680 outfirst 247 1 65536 0 0 0
1674636760856882 128645005055680 outfirst 247 0 65536 0 0 0
1674636760894820 128645005055680 pump_end 1 2 0 0 0 0
1674636760895160 128645005055680 join_beg 1 0 0 0 0 0
1674636760895610 128645005055680 join_end 0 0 0 0 0 0
1674636760895740 128645005055680 book_beg 1 0 0 0 0 0
1674636760896100 128645005055680 batch 248 1 1 2 2 0
1674636760896320 128645005055680 book_end 1 0 0 0 0 0
1674636760896530 128645005055680 coll_beg 0 0 0 0 0 0
1674636761087743 128645005055680 coll_end 0 0 0 0 0 0
1674636761088163 128645005055680 rel_beg 1 0 0 0 0 0
1674636761088623 128645005055680 absorb 248 0 0 0 0 0
1674636761093443 128645005055680 rel_end 1 0 0 0 0 0
1674636761095023 128645005055680 wait_beg 0 0 0 0 0 0
1674636756920184 128645018953600 msgin 248 4718592 0 0 0 0
1674636756920804 128645018953600 enq 248 1 0 0 0 0
1674636761115032 128645018953600 ackslot 248 247 248 0 0 0
1674636761145441 128645018953600 send 18 0 0 247 247 1
1674636761115982 128644996662976 emit_beg 248 0 0 0 0 0
1674636761119492 128644996662976 dmg 0 1 0 0 1024 768
1674636761119792 128644996662976 enc 247 247 1 -1 -1 0
1674636761147471 128644996662976 emit_end 248 0 0 0 0 0
1674636761704001 128645018953600 send 176634 0 0 247 247 1
1674636762095037 128645018953600 send 132396 0 0 247 247 1
1674636762099437 128645018953600 send 14 0 0 247 247 1
1674636762099777 128645018953600 egress 248 1 0 0 0 0
1674636762580979 128645018953600 cliack 248 0 249 248 0 0
1674636762581079 128645018953600 ackregion 248 248 248 0 0 0
1674636772561598 128645005055680 wait_end 0 0 0 0 0 0
1674636772567387 128645005055680 drain_beg 0 0 0 0 0 0
1674636772568047 128645005055680 drain_end 1 0 0 0 0 0
1674636772568237 128645005055680 take 249 0 0 0 0 0
1674636772568647 128645005055680 subm_beg 1 0 0 0 0 0
1674636772569317 128645005055680 submit 249 0 0 0 0 0
1674636772569507 128645005055680 subm_end 1 0 0 0 0 0
1674636772569587 128645005055680 pump_beg 1 0 0 0 0 0
1674636772756601 128645005055680 feedend 248 0 0 0 0 0
1674636772800779 128645005055680 feedend 248 1 0 0 0 0
1674636775870588 128645005055680 outfirst 248 1 65536 0 0 0
1674636776134758 128645005055680 outfirst 248 0 65536 0 0 0
1674636776192436 128645005055680 pump_end 1 2 0 0 0 0
1674636776193076 128645005055680 join_beg 1 0 0 0 0 0
1674636776193446 128645005055680 join_end 0 0 0 0 0 0
1674636776193576 128645005055680 book_beg 1 0 0 0 0 0
1674636776194296 128645005055680 batch 249 1 1 2 2 0
1674636776194486 128645005055680 book_end 1 0 0 0 0 0
1674636776194696 128645005055680 coll_beg 0 0 0 0 0 0
1674636776351540 128645005055680 coll_end 0 0 0 0 0 0
1674636776351940 128645005055680 rel_beg 1 0 0 0 0 0
1674636776352330 128645005055680 absorb 249 0 0 0 0 0
1674636776356950 128645005055680 rel_end 1 0 0 0 0 0
1674636776358320 128645005055680 wait_beg 0 0 0 0 0 0
1674636772528639 128645018953600 msgin 249 4718592 0 0 0 0
1674636772529399 128645018953600 enq 249 1 0 0 0 0
1674636776377209 128645018953600 ackslot 249 248 249 0 0 0
1674636776410978 128645018953600 send 18 0 0 248 248 1
1674636777181070 128645018953600 send 148890 0 0 248 248 1
1674636777601315 128645018953600 send 136365 0 0 248 248 1
1674636777605605 128645018953600 send 14 0 0 248 248 1
1674636777605785 128645018953600 egress 249 1 0 0 0 0
1674636778072128 128645018953600 cliack 249 0 250 249 0 0
1674636778072278 128645018953600 ackregion 249 249 249 0 0 0
1674636776378979 128644996662976 emit_beg 249 0 0 0 0 0
1674636776382749 128644996662976 dmg 0 1 0 0 1024 768
1674636776382959 128644996662976 enc 248 248 1 -1 -1 0
1674636776408948 128644996662976 emit_end 249 0 0 0 0 0
1674636789153026 128645005055680 wait_end 0 0 0 0 0 0
1674636789157476 128645005055680 drain_beg 0 0 0 0 0 0
1674636789158056 128645005055680 drain_end 1 0 0 0 0 0
1674636789158276 128645005055680 take 250 0 0 0 0 0
1674636789158666 128645005055680 subm_beg 1 0 0 0 0 0
1674636789159276 128645005055680 submit 250 0 0 0 0 0
1674636789159676 128645005055680 subm_end 1 0 0 0 0 0
1674636789159746 128645005055680 pump_beg 1 0 0 0 0 0
1674636789349889 128645005055680 feedend 249 0 0 0 0 0
1674636789434226 128645005055680 feedend 249 1 0 0 0 0
1674636789120547 128645018953600 msgin 250 4718592 0 0 0 0
1674636789121847 128645018953600 enq 250 1 0 0 0 0
1674636792249114 128645005055680 outfirst 249 1 65536 0 0 0
1674636792710247 128645005055680 outfirst 249 0 65536 0 0 0
1674636792726277 128645005055680 pump_end 1 2 0 0 0 0
1674636792729897 128645005055680 join_beg 1 0 0 0 0 0
1674636792730217 128645005055680 join_end 0 0 0 0 0 0
1674636792730357 128645005055680 book_beg 1 0 0 0 0 0
1674636792730657 128645005055680 batch 250 1 1 2 2 0
1674636792730687 128645005055680 book_end 1 0 0 0 0 0
1674636792730747 128645005055680 coll_beg 0 0 0 0 0 0
1674636792816234 128645005055680 coll_end 0 0 0 0 0 0
1674636792816284 128645005055680 rel_beg 1 0 0 0 0 0
1674636792816634 128645005055680 absorb 250 0 0 0 0 0
1674636792820173 128645005055680 rel_end 1 0 0 0 0 0
1674636792820853 128645005055680 wait_beg 0 0 0 0 0 0
1674636792840023 128645018953600 ackslot 250 249 250 0 0 0
1674636792874111 128645018953600 send 18 0 0 249 249 1
1674636793566696 128645018953600 send 142731 0 0 249 249 1
1674636794083258 128645018953600 send 122945 0 0 249 249 1
1674636794087667 128645018953600 send 14 0 0 249 249 1
1674636794087897 128645018953600 egress 250 1 0 0 0 0
1674636794159365 128645018953600 cliack 250 0 251 250 0 0
1674636794159465 128645018953600 ackregion 250 250 250 0 0 0
1674636792824753 128644996662976 emit_beg 250 0 0 0 0 0
1674636792826293 128644996662976 dmg 0 1 0 0 1024 768
1674636792826433 128644996662976 enc 249 249 1 -1 -1 0
1674636792842973 128644996662976 emit_end 250 0 0 0 0 0
1674636804893446 128645005055680 wait_end 0 0 0 0 0 0
1674636804898046 128645005055680 drain_beg 0 0 0 0 0 0
1674636804898496 128645005055680 drain_end 1 0 0 0 0 0
1674636804898856 128645005055680 take 251 0 0 0 0 0
1674636804899196 128645005055680 subm_beg 1 0 0 0 0 0
1674636804900056 128645005055680 submit 251 0 0 0 0 0
1674636804900206 128645005055680 subm_end 1 0 0 0 0 0
1674636804900286 128645005055680 pump_beg 1 0 0 0 0 0
1674636805095129 128645005055680 feedend 250 0 0 0 0 0
1674636805187835 128645005055680 feedend 250 1 0 0 0 0
1674636808596642 128645005055680 outfirst 250 1 65536 0 0 0
1674636809012446 128645005055680 outfirst 250 0 65536 0 0 0
1674636809150521 128645005055680 pump_end 1 2 0 0 0 0
1674636809151041 128645005055680 join_beg 1 0 0 0 0 0
1674636809151711 128645005055680 join_end 0 0 0 0 0 0
1674636809151861 128645005055680 book_beg 1 0 0 0 0 0
1674636809152411 128645005055680 batch 251 1 1 2 2 0
1674636809152521 128645005055680 book_end 1 0 0 0 0 0
1674636809152721 128645005055680 coll_beg 0 0 0 0 0 0
1674636809379953 128645005055680 coll_end 0 0 0 0 0 0
1674636809380353 128645005055680 rel_beg 1 0 0 0 0 0
1674636809380833 128645005055680 absorb 251 0 0 0 0 0
1674636809388683 128645005055680 rel_end 1 0 0 0 0 0
1674636809392163 128645005055680 wait_beg 0 0 0 0 0 0
1674636804861767 128645018953600 msgin 251 4718592 0 0 0 0
1674636804862357 128645018953600 enq 251 1 0 0 0 0
1674636809403092 128645018953600 ackslot 251 250 251 0 0 0
1674636809438351 128645018953600 send 18 0 0 250 250 1
1674636810030500 128645018953600 send 198742 0 0 250 250 1
1674636810516822 128645018953600 send 173776 0 0 250 250 1
1674636810521302 128645018953600 send 14 0 0 250 250 1
1674636810521502 128645018953600 egress 251 1 0 0 0 0
1674636811528385 128645018953600 cliack 251 0 252 251 0 0
1674636811528705 128645018953600 ackregion 251 251 251 0 0 0
1674636809411782 128644996662976 emit_beg 251 0 0 0 0 0
1674636809418532 128644996662976 dmg 0 1 0 0 1024 768
1674636809418722 128644996662976 enc 250 250 1 -1 -1 0
1674636809460560 128644996662976 emit_end 251 0 0 0 0 0
1674636821101588 128645005055680 wait_end 0 0 0 0 0 0
1674636821107228 128645005055680 drain_beg 0 0 0 0 0 0
1674636821108228 128645005055680 drain_end 1 0 0 0 0 0
1674636821108658 128645005055680 take 252 0 0 0 0 0
1674636821109598 128645005055680 subm_beg 1 0 0 0 0 0
1674636821111168 128645005055680 submit 252 0 0 0 0 0
1674636821111308 128645005055680 subm_end 1 0 0 0 0 0
1674636821111428 128645005055680 pump_beg 1 0 0 0 0 0
1674636821318270 128645005055680 feedend 251 0 0 0 0 0
1674636821373448 128645005055680 feedend 251 1 0 0 0 0
1674636821068900 128645018953600 msgin 252 4718592 0 0 0 0
1674636821069749 128645018953600 enq 252 1 0 0 0 0
1674636824444827 128645005055680 outfirst 251 1 65536 0 0 0
1674636825025076 128645005055680 outfirst 251 0 65536 0 0 0
1674636825062775 128645005055680 pump_end 1 2 0 0 0 0
1674636825063055 128645005055680 join_beg 1 0 0 0 0 0
1674636825063485 128645005055680 join_end 0 0 0 0 0 0
1674636825063635 128645005055680 book_beg 1 0 0 0 0 0
1674636825063975 128645005055680 batch 252 1 1 2 2 0
1674636825064195 128645005055680 book_end 1 0 0 0 0 0
1674636825064395 128645005055680 coll_beg 0 0 0 0 0 0
1674636825236709 128645005055680 coll_end 0 0 0 0 0 0
1674636825237099 128645005055680 rel_beg 1 0 0 0 0 0
1674636825237558 128645005055680 absorb 252 0 0 0 0 0
1674636825242098 128645005055680 rel_end 1 0 0 0 0 0
1674636825244008 128645005055680 wait_beg 0 0 0 0 0 0
1674636825258728 128645018953600 ackslot 252 251 252 0 0 0
1674636825285047 128645018953600 send 18 0 0 251 251 1
1674636825785669 128645018953600 send 168140 0 0 251 251 1
1674636826204693 128645018953600 send 140551 0 0 251 251 1
1674636826209193 128645018953600 send 14 0 0 251 251 1
1674636826209343 128645018953600 egress 252 1 0 0 0 0
1674636827503576 128645018953600 cliack 252 0 253 252 0 0
1674636827503676 128645018953600 ackregion 252 252 252 0 0 0
1674636825262108 128644996662976 emit_beg 252 0 0 0 0 0
1674636825267727 128644996662976 dmg 0 1 0 0 1024 768
1674636825267917 128644996662976 enc 251 251 1 -1 -1 0
1674636825298186 128644996662976 emit_end 252 0 0 0 0 0
1674636837177476 128645005055680 wait_end 0 0 0 0 0 0
1674636837182966 128645005055680 drain_beg 0 0 0 0 0 0
1674636837183826 128645005055680 drain_end 1 0 0 0 0 0
1674636837184106 128645005055680 take 253 0 0 0 0 0
1674636837184915 128645005055680 subm_beg 1 0 0 0 0 0
1674636837186075 128645005055680 submit 253 0 0 0 0 0
1674636837186255 128645005055680 subm_end 1 0 0 0 0 0
1674636837186345 128645005055680 pump_beg 1 0 0 0 0 0
1674636837392608 128645005055680 feedend 252 0 0 0 0 0
1674636837469975 128645005055680 feedend 252 1 0 0 0 0
1674636840327792 128645005055680 outfirst 252 1 65536 0 0 0
1674636840773625 128645005055680 outfirst 252 0 65536 0 0 0
1674636840808294 128645005055680 pump_end 1 2 0 0 0 0
1674636840808514 128645005055680 join_beg 1 0 0 0 0 0
1674636840808964 128645005055680 join_end 0 0 0 0 0 0
1674636840809134 128645005055680 book_beg 1 0 0 0 0 0
1674636840809354 128645005055680 batch 253 1 1 2 2 0
1674636840809534 128645005055680 book_end 1 0 0 0 0 0
1674636840809734 128645005055680 coll_beg 0 0 0 0 0 0
1674636840968758 128645005055680 coll_end 0 0 0 0 0 0
1674636840968978 128645005055680 rel_beg 1 0 0 0 0 0
1674636840969428 128645005055680 absorb 253 0 0 0 0 0
1674636840974118 128645005055680 rel_end 1 0 0 0 0 0
1674636840976038 128645005055680 wait_beg 0 0 0 0 0 0
1674636837156876 128645018953600 msgin 253 4718592 0 0 0 0
1674636837158556 128645018953600 enq 253 1 0 0 0 0
1674636840992357 128645018953600 ackslot 253 252 253 0 0 0
1674636841032316 128645018953600 send 18 0 0 252 252 1
1674636841465110 128645018953600 send 138610 0 0 252 252 1
1674636840989108 128644996662976 emit_beg 253 0 0 0 0 0
1674636840991757 128644996662976 dmg 0 1 0 0 1024 768
1674636840991877 128644996662976 enc 252 252 1 -1 -1 0
1674636841024296 128644996662976 emit_end 253 0 0 0 0 0
1674636841790729 128645018953600 send 115464 0 0 252 252 1
1674636841795248 128645018953600 send 14 0 0 252 252 1
1674636841795368 128645018953600 egress 253 1 0 0 0 0
1674636842508443 128645018953600 cliack 253 0 254 253 0 0
1674636842508683 128645018953600 ackregion 253 253 253 0 0 0
1674636852526359 128645005055680 wait_end 0 0 0 0 0 0
1674636852529019 128645005055680 drain_beg 0 0 0 0 0 0
1674636852536599 128645005055680 drain_end 1 0 0 0 0 0
1674636852536759 128645005055680 take 254 0 0 0 0 0
1674636852537289 128645005055680 subm_beg 1 0 0 0 0 0
1674636852538379 128645005055680 submit 254 0 0 0 0 0
1674636852538519 128645005055680 subm_end 1 0 0 0 0 0
1674636852538559 128645005055680 pump_beg 1 0 0 0 0 0
1674636852675974 128645005055680 feedend 253 0 0 0 0 0
1674636852713693 128645005055680 feedend 253 1 0 0 0 0
1674636856047222 128645005055680 outfirst 253 1 65536 0 0 0
1674636856422538 128645005055680 outfirst 253 0 65536 0 0 0
1674636856529844 128645005055680 pump_end 1 2 0 0 0 0
1674636856530014 128645005055680 join_beg 1 0 0 0 0 0
1674636856530484 128645005055680 join_end 0 0 0 0 0 0
1674636856530584 128645005055680 book_beg 1 0 0 0 0 0
1674636856530834 128645005055680 batch 254 1 1 2 2 0
1674636856530874 128645005055680 book_end 1 0 0 0 0 0
1674636856530914 128645005055680 coll_beg 0 0 0 0 0 0
1674636856649750 128645005055680 coll_end 0 0 0 0 0 0
1674636856649810 128645005055680 rel_beg 1 0 0 0 0 0
1674636856650180 128645005055680 absorb 254 0 0 0 0 0
1674636856654000 128645005055680 rel_end 1 0 0 0 0 0
1674636856655040 128645005055680 wait_beg 0 0 0 0 0 0
1674636857957812 128645005055680 wait_end 0 0 0 0 0 0
1674636857960202 128645005055680 drain_beg 0 0 0 0 0 0
1674636857960522 128645005055680 drain_end 1 0 0 0 0 0
1674636857960712 128645005055680 take 255 0 0 0 0 0
1674636857961222 128645005055680 subm_beg 1 0 0 0 0 0
1674636857961902 128645005055680 submit 255 0 0 0 0 0
1674636857961972 128645005055680 subm_end 1 0 0 0 0 0
1674636857962102 128645005055680 pump_beg 1 0 0 0 0 0
1674636858130146 128645005055680 feedend 254 0 0 0 0 0
1674636858158435 128645005055680 feedend 254 1 0 0 0 0
1674636861334090 128645005055680 outfirst 254 1 65536 0 0 0
1674636861764005 128645005055680 outfirst 254 0 65536 0 0 0
1674636861785874 128645005055680 pump_end 1 2 0 0 0 0
1674636861786044 128645005055680 join_beg 1 0 0 0 0 0
1674636861786094 128645005055680 join_end 0 0 0 0 0 0
1674636861786164 128645005055680 book_beg 1 0 0 0 0 0
1674636861786424 128645005055680 batch 255 1 1 2 2 0
1674636861786464 128645005055680 book_end 1 0 0 0 0 0
1674636861786494 128645005055680 coll_beg 0 0 0 0 0 0
1674636861898110 128645005055680 coll_end 0 0 0 0 0 0
1674636861898600 128645005055680 rel_beg 1 0 0 0 0 0
1674636861898760 128645005055680 absorb 255 0 0 0 0 0
1674636861900490 128645005055680 rel_end 1 0 0 0 0 0
1674636861901450 128645005055680 wait_beg 0 0 0 0 0 0
1674636852513470 128645018953600 msgin 254 4718592 0 0 0 0
1674636852514310 128645018953600 enq 254 1 0 0 0 0
1674636856668499 128645018953600 ackslot 254 253 254 0 0 0
1674636856694758 128645018953600 send 18 0 0 253 253 1
1674636857308966 128645018953600 send 202748 0 0 253 253 1
1674636857832417 128645018953600 send 176300 0 0 253 253 1
1674636857837617 128645018953600 send 14 0 0 253 253 1
1674636857838027 128645018953600 egress 254 1 0 0 0 0
1674636857948463 128645018953600 msgin 255 4718592 0 0 0 0
1674636857949053 128645018953600 enq 255 1 0 0 0 0
1674636858633608 128645018953600 cliack 254 0 255 254 0 0
1674636858634048 128645018953600 ackregion 254 254 254 0 0 0
1674636861907469 128645018953600 ackslot 255 254 255 0 0 0
1674636856661680 128644996662976 emit_beg 254 0 0 0 0 0
1674636856663480 128644996662976 dmg 0 1 0 0 1024 768
1674636856663679 128644996662976 enc 253 253 1 -1 -1 0
1674636856687619 128644996662976 emit_end 254 0 0 0 0 0
1674636861908349 128644996662976 emit_beg 255 0 0 0 0 0
1674636861909979 128644996662976 dmg 0 1 0 0 1024 768
1674636861910289 128644996662976 enc 254 254 1 -1 -1 0
1674636861930449 128645018953600 send 18 0 0 254 254 1
1674636862726770 128645018953600 send 186131 0 0 254 254 1
1674636863431544 128645018953600 send 167012 0 0 254 254 1
1674636863436114 128645018953600 send 14 0 0 254 254 1
1674636863436234 128645018953600 egress 255 1 0 0 0 0
1674636863555070 128645018953600 cliack 255 0 256 255 0 0
1674636863555300 128645018953600 ackregion 255 255 255 0 0 0
1674636861933268 128644996662976 emit_end 255 0 0 0 0 0
1674636872778595 128645005055680 wait_end 0 0 0 0 0 0
1674636872780605 128645005055680 drain_beg 0 0 0 0 0 0
1674636872780805 128645005055680 drain_end 1 0 0 0 0 0
1674636872780945 128645005055680 take 256 0 0 0 0 0
1674636872781125 128645005055680 subm_beg 1 0 0 0 0 0
1674636872781555 128645005055680 submit 256 0 0 0 0 0
1674636872781705 128645005055680 subm_end 1 0 0 0 0 0
1674636872781745 128645005055680 pump_beg 1 0 0 0 0 0
1674636872887971 128645005055680 feedend 255 0 0 0 0 0
1674636872955779 128645005055680 feedend 255 1 0 0 0 0
1674636875823885 128645005055680 outfirst 255 1 65536 0 0 0
1674636876071856 128645005055680 outfirst 255 0 65536 0 0 0
1674636876087165 128645005055680 pump_end 1 2 0 0 0 0
1674636876087355 128645005055680 join_beg 1 0 0 0 0 0
1674636876087515 128645005055680 join_end 0 0 0 0 0 0
1674636876087605 128645005055680 book_beg 1 0 0 0 0 0
1674636876087805 128645005055680 batch 256 1 1 2 2 0
1674636876087965 128645005055680 book_end 1 0 0 0 0 0
1674636876088115 128645005055680 coll_beg 0 0 0 0 0 0
1674636876171932 128645005055680 coll_end 0 0 0 0 0 0
1674636876172232 128645005055680 rel_beg 1 0 0 0 0 0
1674636876172472 128645005055680 absorb 256 0 0 0 0 0
1674636876174332 128645005055680 rel_end 1 0 0 0 0 0
1674636876175192 128645005055680 wait_beg 0 0 0 0 0 0
1674636877078380 128645005055680 wait_end 0 0 0 0 0 0
1674636877080100 128645005055680 drain_beg 0 0 0 0 0 0
1674636877080300 128645005055680 drain_end 1 0 0 0 0 0
1674636877080440 128645005055680 take 257 0 0 0 0 0
1674636877080660 128645005055680 subm_beg 1 0 0 0 0 0
1674636877080840 128645005055680 submit 257 0 0 0 0 0
1674636877080880 128645005055680 subm_end 1 0 0 0 0 0
1674636877080910 128645005055680 pump_beg 1 0 0 0 0 0
1674636877182306 128645005055680 feedend 256 0 0 0 0 0
1674636877224704 128645005055680 feedend 256 1 0 0 0 0
1674636879932866 128645005055680 outfirst 256 1 65536 0 0 0
1674636880388330 128645005055680 outfirst 256 0 65536 0 0 0
1674636880404469 128645005055680 pump_end 1 2 0 0 0 0
1674636880404629 128645005055680 join_beg 1 0 0 0 0 0
1674636880404719 128645005055680 join_end 0 0 0 0 0 0
1674636880404759 128645005055680 book_beg 1 0 0 0 0 0
1674636880407919 128645005055680 batch 257 1 1 2 2 0
1674636880407959 128645005055680 book_end 1 0 0 0 0 0
1674636880407999 128645005055680 coll_beg 0 0 0 0 0 0
1674636880490056 128645005055680 coll_end 0 0 0 0 0 0
1674636880490176 128645005055680 rel_beg 1 0 0 0 0 0
1674636880490326 128645005055680 absorb 257 0 0 0 0 0
1674636880491826 128645005055680 rel_end 1 0 0 0 0 0
1674636880492616 128645005055680 wait_beg 0 0 0 0 0 0
1674636872770256 128645018953600 msgin 256 4718592 0 0 0 0
1674636872770596 128645018953600 enq 256 1 0 0 0 0
1674636876183692 128645018953600 ackslot 256 255 256 0 0 0
1674636876199701 128645018953600 send 18 0 0 255 255 1
1674636876628426 128645018953600 send 141861 0 0 255 255 1
1674636877021802 128645018953600 send 130042 0 0 255 255 1
1674636877026161 128645018953600 send 14 0 0 255 255 1
1674636877026411 128645018953600 egress 256 1 0 0 0 0
1674636877071180 128645018953600 msgin 257 4718592 0 0 0 0
1674636877071290 128645018953600 enq 257 1 0 0 0 0
1674636877892040 128645018953600 cliack 256 0 257 256 0 0
1674636877892400 128645018953600 ackregion 256 256 256 0 0 0
1674636880498536 128645018953600 ackslot 257 256 257 0 0 0
1674636880511395 128645018953600 send 18 0 0 256 256 1
1674636880950879 128645018953600 send 148584 0 0 256 256 1
1674636881322186 128645018953600 send 122659 0 0 256 256 1
1674636881326636 128645018953600 send 14 0 0 256 256 1
1674636881326726 128645018953600 egress 257 1 0 0 0 0
1674636882002181 128645018953600 cliack 257 0 258 257 0 0
1674636882002491 128645018953600 ackregion 257 257 257 0 0 0
1674636876181622 128644996662976 emit_beg 256 0 0 0 0 0
1674636876184702 128644996662976 dmg 0 1 0 0 1024 768
1674636876185052 128644996662976 enc 255 255 1 -1 -1 0
1674636876203431 128644996662976 emit_end 256 0 0 0 0 0
1674636880499186 128644996662976 emit_beg 257 0 0 0 0 0
1674636880500876 128644996662976 dmg 0 1 0 0 1024 768
1674636880501146 128644996662976 enc 256 256 1 -1 -1 0
1674636880517165 128644996662976 emit_end 257 0 0 0 0 0
1674636893303741 128645005055680 wait_end 0 0 0 0 0 0
1674636893305861 128645005055680 drain_beg 0 0 0 0 0 0
1674636893306011 128645005055680 drain_end 1 0 0 0 0 0
1674636893306181 128645005055680 take 258 0 0 0 0 0
1674636893306491 128645005055680 subm_beg 1 0 0 0 0 0
1674636893306731 128645005055680 submit 258 0 0 0 0 0
1674636893306891 128645005055680 subm_end 1 0 0 0 0 0
1674636893306921 128645005055680 pump_beg 1 0 0 0 0 0
1674636893405308 128645005055680 feedend 257 0 0 0 0 0
1674636893443666 128645005055680 feedend 257 1 0 0 0 0
1674636897217160 128645005055680 outfirst 257 1 65536 0 0 0
1674636897477280 128645005055680 outfirst 257 0 65536 0 0 0
1674636897506839 128645005055680 pump_end 1 2 0 0 0 0
1674636897507029 128645005055680 join_beg 1 0 0 0 0 0
1674636897507209 128645005055680 join_end 0 0 0 0 0 0
1674636897507269 128645005055680 book_beg 1 0 0 0 0 0
1674636897507509 128645005055680 batch 258 1 1 2 2 0
1674636897507539 128645005055680 book_end 1 0 0 0 0 0
1674636897507579 128645005055680 coll_beg 0 0 0 0 0 0
1674636897648484 128645005055680 coll_end 0 0 0 0 0 0
1674636897648574 128645005055680 rel_beg 1 0 0 0 0 0
1674636897648734 128645005055680 absorb 258 0 0 0 0 0
1674636897650654 128645005055680 rel_end 1 0 0 0 0 0
1674636897652004 128645005055680 wait_beg 0 0 0 0 0 0
1674636893295082 128645018953600 msgin 258 4718592 0 0 0 0
1674636893295572 128645018953600 enq 258 1 0 0 0 0
1674636897659134 128645018953600 ackslot 258 257 258 0 0 0
1674636897686993 128645018953600 send 18 0 0 257 257 1
1674636898365108 128645018953600 send 230933 0 0 257 257 1
1674636899019904 128645018953600 send 214329 0 0 257 257 1
1674636899024174 128645018953600 send 14 0 0 257 257 1
1674636899024394 128645018953600 egress 258 1 0 0 0 0
1674636901103009 128645018953600 cliack 258 0 259 258 0 0
1674636901103619 128645018953600 ackregion 258 258 258 0 0 0
1674636897658694 128644996662976 emit_beg 258 0 0 0 0 0
1674636897660854 128644996662976 dmg 0 1 0 0 1024 768
1674636897661124 128644996662976 enc 257 257 1 -1 -1 0
1674636897689313 128644996662976 emit_end 258 0 0 0 0 0
1674636909117158 128645005055680 wait_end 0 0 0 0 0 0
1674636909120648 128645005055680 drain_beg 0 0 0 0 0 0
1674636909121128 128645005055680 drain_end 1 0 0 0 0 0
1674636909121358 128645005055680 take 259 0 0 0 0 0
1674636909121998 128645005055680 subm_beg 1 0 0 0 0 0
1674636909122308 128645005055680 submit 259 0 0 0 0 0
1674636909122818 128645005055680 subm_end 1 0 0 0 0 0
1674636909122888 128645005055680 pump_beg 1 0 0 0 0 0
1674636909272153 128645005055680 feedend 258 0 0 0 0 0
1674636909332061 128645005055680 feedend 258 1 0 0 0 0
1674636909103059 128645018953600 msgin 259 4718592 0 0 0 0
1674636909103459 128645018953600 enq 259 1 0 0 0 0
1674636912446678 128645005055680 outfirst 258 1 65536 0 0 0
1674636912911261 128645005055680 outfirst 258 0 65536 0 0 0
1674636912931440 128645005055680 pump_end 1 2 0 0 0 0
1674636912931620 128645005055680 join_beg 1 0 0 0 0 0
1674636912931800 128645005055680 join_end 0 0 0 0 0 0
1674636912931890 128645005055680 book_beg 1 0 0 0 0 0
1674636912932160 128645005055680 batch 259 1 1 2 2 0
1674636912932320 128645005055680 book_end 1 0 0 0 0 0
1674636912932500 128645005055680 coll_beg 0 0 0 0 0 0
1674636913037736 128645005055680 coll_end 0 0 0 0 0 0
1674636913038016 128645005055680 rel_beg 1 0 0 0 0 0
1674636913038406 128645005055680 absorb 259 0 0 0 0 0
1674636913040476 128645005055680 rel_end 1 0 0 0 0 0
1674636913041506 128645005055680 wait_beg 0 0 0 0 0 0
1674636913051126 128645018953600 ackslot 259 258 259 0 0 0
1674636913074245 128645018953600 send 18 0 0 258 258 1
1674636913609346 128645018953600 send 178421 0 0 258 258 1
1674636914053699 128645018953600 send 149283 0 0 258 258 1
1674636914058859 128645018953600 send 14 0 0 258 258 1
1674636914059039 128645018953600 egress 259 1 0 0 0 0
1674636915475588 128645018953600 cliack 259 0 260 259 0 0
1674636915475848 128645018953600 ackregion 259 259 259 0 0 0
1674636913051036 128644996662976 emit_beg 259 0 0 0 0 0
1674636913053256 128644996662976 dmg 0 1 0 0 1024 768
1674636913053526 128644996662976 enc 258 258 1 -1 -1 0
1674636913073525 128644996662976 emit_end 259 0 0 0 0 0
1674636924631396 128645005055680 wait_end 0 0 0 0 0 0
1674636924635486 128645005055680 drain_beg 0 0 0 0 0 0
1674636924635886 128645005055680 drain_end 1 0 0 0 0 0
1674636924636146 128645005055680 take 260 0 0 0 0 0
1674636924636496 128645005055680 subm_beg 1 0 0 0 0 0
1674636924637006 128645005055680 submit 260 0 0 0 0 0
1674636924637206 128645005055680 subm_end 1 0 0 0 0 0
1674636924637276 128645005055680 pump_beg 1 0 0 0 0 0
1674636924798060 128645005055680 feedend 259 0 0 0 0 0
1674636924865008 128645005055680 feedend 259 1 0 0 0 0
1674636928515765 128645005055680 outfirst 259 1 65536 0 0 0
1674636929004968 128645005055680 outfirst 259 0 65536 0 0 0
1674636929043126 128645005055680 pump_end 1 2 0 0 0 0
1674636929043296 128645005055680 join_beg 1 0 0 0 0 0
1674636929043476 128645005055680 join_end 0 0 0 0 0 0
1674636929043546 128645005055680 book_beg 1 0 0 0 0 0
1674636929043796 128645005055680 batch 260 1 1 2 2 0
1674636929043956 128645005055680 book_end 1 0 0 0 0 0
1674636929044116 128645005055680 coll_beg 0 0 0 0 0 0
1674636929191491 128645005055680 coll_end 0 0 0 0 0 0
1674636929191681 128645005055680 rel_beg 1 0 0 0 0 0
1674636929191851 128645005055680 absorb 260 0 0 0 0 0
1674636929194091 128645005055680 rel_end 1 0 0 0 0 0
1674636929195801 128645005055680 wait_beg 0 0 0 0 0 0
1674636929196571 128645005055680 wait_end 0 0 0 0 0 0
1674636929198441 128645005055680 drain_beg 0 0 0 0 0 0
1674636929198641 128645005055680 drain_end 1 0 0 0 0 0
1674636929198771 128645005055680 take 261 0 0 0 0 0
1674636929199061 128645005055680 subm_beg 1 0 0 0 0 0
1674636929202980 128645005055680 submit 261 0 0 0 0 0
1674636929203020 128645005055680 subm_end 1 0 0 0 0 0
1674636929203060 128645005055680 pump_beg 1 0 0 0 0 0
1674636929326606 128645005055680 feedend 260 0 0 0 0 0
1674636929369434 128645005055680 feedend 260 1 0 0 0 0
1674636931508457 128645005055680 outfirst 260 1 63379 0 0 0
1674636924604007 128645018953600 msgin 260 4718592 0 0 0 0
1674636924604417 128645018953600 enq 260 1 0 0 0 0
1674636928581423 128645018953600 msgin 261 4718592 0 0 0 0
1674636928581673 128645018953600 enq 261 1 0 0 0 0
1674636929202880 128645018953600 ackslot 260 259 260 0 0 0
1674636929226500 128645018953600 send 18 0 0 259 259 1
1674636929951843 128645018953600 send 226626 0 0 259 259 1
1674636930559431 128645018953600 send 205167 0 0 259 259 1
1674636930563621 128645018953600 send 14 0 0 259 259 1
1674636930563791 128645018953600 egress 260 1 0 0 0 0
1674636931708730 128645018953600 cliack 260 0 261 260 0 0
1674636931708970 128645018953600 ackregion 260 260 260 0 0 0
1674636929202810 128644996662976 emit_beg 260 0 0 0 0 0
1674636929205120 128644996662976 dmg 0 1 0 0 1024 768
1674636929208380 128644996662976 enc 259 259 1 -1 -1 0
1674636929241429 128644996662976 emit_end 260 0 0 0 0 0
1674636932474832 128645005055680 outfirst 260 0 65536 0 0 0
1674636932496461 128645005055680 pump_end 1 2 0 0 0 0
1674636932496711 128645005055680 join_beg 1 0 0 0 0 0
1674636932496891 128645005055680 join_end 0 0 0 0 0 0
1674636932496971 128645005055680 book_beg 1 0 0 0 0 0
1674636932497281 128645005055680 batch 261 1 1 2 2 0
1674636932497461 128645005055680 book_end 1 0 0 0 0 0
1674636932497641 128645005055680 coll_beg 0 0 0 0 0 0
1674636932560869 128645005055680 coll_end 0 0 0 0 0 0
1674636932561129 128645005055680 rel_beg 1 0 0 0 0 0
1674636932561289 128645005055680 absorb 261 0 0 0 0 0
1674636932564189 128645005055680 rel_end 1 0 0 0 0 0
1674636932565629 128645005055680 wait_beg 0 0 0 0 0 0
1674636933239564 128645005055680 wait_end 0 0 0 0 0 0
1674636933241464 128645005055680 drain_beg 0 0 0 0 0 0
1674636933241754 128645005055680 drain_end 1 0 0 0 0 0
1674636933241934 128645005055680 take 262 0 0 0 0 0
1674636933242154 128645005055680 subm_beg 1 0 0 0 0 0
1674636933242514 128645005055680 submit 262 0 0 0 0 0
1674636933242584 128645005055680 subm_end 1 0 0 0 0 0
1674636933242644 128645005055680 pump_beg 1 0 0 0 0 0
1674636933338250 128645005055680 feedend 261 0 0 0 0 0
1674636933360320 128645005055680 feedend 261 1 0 0 0 0
1674636936439258 128645005055680 outfirst 261 1 65536 0 0 0
1674636936959019 128645005055680 outfirst 261 0 65536 0 0 0
1674636936982108 128645005055680 pump_end 1 2 0 0 0 0
1674636936982208 128645005055680 join_beg 1 0 0 0 0 0
1674636936982278 128645005055680 join_end 0 0 0 0 0 0
1674636936982328 128645005055680 book_beg 1 0 0 0 0 0
1674636936982478 128645005055680 batch 262 1 1 2 2 0
1674636936982518 128645005055680 book_end 1 0 0 0 0 0
1674636936982558 128645005055680 coll_beg 0 0 0 0 0 0
1674636937093714 128645005055680 coll_end 0 0 0 0 0 0
1674636937093774 128645005055680 rel_beg 1 0 0 0 0 0
1674636937093904 128645005055680 absorb 262 0 0 0 0 0
1674636937095774 128645005055680 rel_end 1 0 0 0 0 0
1674636937096604 128645005055680 wait_beg 0 0 0 0 0 0
1674636932570318 128645018953600 ackslot 261 260 261 0 0 0
1674636932580538 128645018953600 send 18 0 0 260 260 1
1674636932996533 128645018953600 send 138545 0 0 260 260 1
1674636933185646 128645018953600 send 63417 0 0 260 260 1
1674636933189986 128645018953600 send 14 0 0 260 260 1
1674636933190296 128645018953600 egress 261 1 0 0 0 0
1674636933232604 128645018953600 msgin 262 4718592 0 0 0 0
1674636933232924 128645018953600 enq 262 1 0 0 0 0
1674636933568932 128645018953600 cliack 261 0 262 261 0 0
1674636933569062 128645018953600 ackregion 261 261 261 0 0 0
1674636937103504 128645018953600 ackslot 262 261 262 0 0 0
1674636937119773 128645018953600 send 18 0 0 261 261 1
1674636937649884 128645018953600 send 184220 0 0 261 261 1
1674636938112878 128645018953600 send 156812 0 0 261 261 1
1674636938117247 128645018953600 send 14 0 0 261 261 1
1674636938117547 128645018953600 egress 262 1 0 0 0 0
1674636938657268 128645018953600 cliack 262 0 263 262 0 0
1674636938657358 128645018953600 ackregion 262 262 262 0 0 0
1674636932570848 128644996662976 emit_beg 261 0 0 0 0 0
1674636932572758 128644996662976 dmg 0 1 0 0 1024 768
1674636932572998 128644996662976 enc 260 260 1 -1 -1 0
1674636932592718 128644996662976 emit_end 261 0 0 0 0 0
1674636937101364 128644996662976 emit_beg 262 0 0 0 0 0
1674636937102714 128644996662976 dmg 0 1 0 0 1024 768
1674636937102894 128644996662976 enc 261 261 1 -1 -1 0
1674636937127003 128644996662976 emit_end 262 0 0 0 0 0
1674636949977117 128645005055680 wait_end 0 0 0 0 0 0
1674636949984977 128645005055680 drain_beg 0 0 0 0 0 0
1674636949986277 128645005055680 drain_end 1 0 0 0 0 0
1674636949986797 128645005055680 take 263 0 0 0 0 0
1674636949987727 128645005055680 subm_beg 1 0 0 0 0 0
1674636949989727 128645005055680 submit 263 0 0 0 0 0
1674636949989857 128645005055680 subm_end 1 0 0 0 0 0
1674636949989977 128645005055680 pump_beg 1 0 0 0 0 0
1674636950199759 128645005055680 feedend 262 0 0 0 0 0
1674636950255097 128645005055680 feedend 262 1 0 0 0 0
1674636949939619 128645018953600 msgin 263 4718592 0 0 0 0
1674636949941709 128645018953600 enq 263 1 0 0 0 0
1674636953544268 128645005055680 outfirst 262 1 65536 0 0 0
1674636954077709 128645005055680 outfirst 262 0 65536 0 0 0
1674636954102898 128645005055680 pump_end 1 2 0 0 0 0
1674636954103068 128645005055680 join_beg 1 0 0 0 0 0
1674636954103368 128645005055680 join_end 0 0 0 0 0 0
1674636954103438 128645005055680 book_beg 1 0 0 0 0 0
1674636954103668 128645005055680 batch 263 1 1 2 2 0
1674636954103828 128645005055680 book_end 1 0 0 0 0 0
1674636954103988 128645005055680 coll_beg 0 0 0 0 0 0
1674636954220104 128645005055680 coll_end 0 0 0 0 0 0
1674636954220284 128645005055680 rel_beg 1 0 0 0 0 0
1674636954220584 128645005055680 absorb 263 0 0 0 0 0
1674636954223594 128645005055680 rel_end 1 0 0 0 0 0
1674636954224734 128645005055680 wait_beg 0 0 0 0 0 0
1674636954235853 128645018953600 ackslot 263 262 263 0 0 0
1674636954255592 128645018953600 send 18 0 0 262 262 1
1674636955028454 128645018953600 send 201093 0 0 262 262 1
1674636955532646 128645018953600 send 168149 0 0 262 262 1
1674636955537596 128645018953600 send 14 0 0 262 262 1
1674636955537746 128645018953600 egress 263 1 0 0 0 0
1674636955928812 128645018953600 cliack 263 0 264 263 0 0
1674636955929012 128645018953600 ackregion 263 263 263 0 0 0
1674636954228973 128644996662976 emit_beg 263 0 0 0 0 0
1674636954230273 128644996662976 dmg 0 1 0 0 1024 768
1674636954230513 128644996662976 enc 262 262 1 -1 -1 0
1674636954254022 128644996662976 emit_end 263 0 0 0 0 0
1674636965588112 128645005055680 wait_end 0 0 0 0 0 0
1674636965590862 128645005055680 drain_beg 0 0 0 0 0 0
1674636965591352 128645005055680 drain_end 1 0 0 0 0 0
1674636965591542 128645005055680 take 264 0 0 0 0 0
1674636965591892 128645005055680 subm_beg 1 0 0 0 0 0
1674636965592941 128645005055680 submit 264 0 0 0 0 0
1674636965593091 128645005055680 subm_end 1 0 0 0 0 0
1674636965593151 128645005055680 pump_beg 1 0 0 0 0 0
1674636965684908 128645005055680 feedend 263 0 0 0 0 0
1674636965723007 128645005055680 feedend 263 1 0 0 0 0
1674636968576343 128645005055680 outfirst 263 1 65536 0 0 0
1674636969342826 128645005055680 outfirst 263 0 65536 0 0 0
1674636969366605 128645005055680 pump_end 1 2 0 0 0 0
1674636969366795 128645005055680 join_beg 1 0 0 0 0 0
1674636969367035 128645005055680 join_end 0 0 0 0 0 0
1674636969367175 128645005055680 book_beg 1 0 0 0 0 0
1674636969367465 128645005055680 batch 264 1 1 2 2 0
1674636969367635 128645005055680 book_end 1 0 0 0 0 0
1674636969371585 128645005055680 coll_beg 0 0 0 0 0 0
1674636969472051 128645005055680 coll_end 0 0 0 0 0 0
1674636969472111 128645005055680 rel_beg 1 0 0 0 0 0
1674636969472281 128645005055680 absorb 264 0 0 0 0 0
1674636969475101 128645005055680 rel_end 1 0 0 0 0 0
1674636969476541 128645005055680 wait_beg 0 0 0 0 0 0
1674636965577772 128645018953600 msgin 264 4718592 0 0 0 0
1674636965578182 128645018953600 enq 264 1 0 0 0 0
1674636969484540 128645018953600 ackslot 264 263 264 0 0 0
1674636969505330 128645018953600 send 18 0 0 263 263 1
1674636970014901 128645018953600 send 175921 0 0 263 263 1
1674636970402357 128645018953600 send 133582 0 0 263 263 1
1674636970407087 128645018953600 send 14 0 0 263 263 1
1674636970407337 128645018953600 egress 264 1 0 0 0 0
1674636970883790 128645018953600 cliack 264 0 265 264 0 0
1674636970883900 128645018953600 ackregion 264 264 264 0 0 0
1674636969480991 128644996662976 emit_beg 264 0 0 0 0 0
1674636969483080 128644996662976 dmg 0 1 0 0 1024 768
1674636969483330 128644996662976 enc 263 263 1 -1 -1 0
1674636969506460 128644996662976 emit_end 264 0 0 0 0 0
1674636982196700 128645005055680 wait_end 0 0 0 0 0 0
1674636982201000 128645005055680 drain_beg 0 0 0 0 0 0
1674636982201440 128645005055680 drain_end 1 0 0 0 0 0
1674636982201629 128645005055680 take 265 0 0 0 0 0
1674636982202079 128645005055680 subm_beg 1 0 0 0 0 0
1674636982202679 128645005055680 submit 265 0 0 0 0 0
1674636982202839 128645005055680 subm_end 1 0 0 0 0 0
1674636982202919 128645005055680 pump_beg 1 0 0 0 0 0
1674636982388313 128645005055680 feedend 264 0 0 0 0 0
1674636982439601 128645005055680 feedend 264 1 0 0 0 0
1674636982160871 128645018953600 msgin 265 4718592 0 0 0 0
1674636982162361 128645018953600 enq 265 1 0 0 0 0
1674636985386854 128645005055680 outfirst 264 1 65536 0 0 0
1674636985861627 128645005055680 outfirst 264 0 65536 0 0 0
1674636985886236 128645005055680 pump_end 1 2 0 0 0 0
1674636985886456 128645005055680 join_beg 1 0 0 0 0 0
1674636985886826 128645005055680 join_end 0 0 0 0 0 0
1674636985886946 128645005055680 book_beg 1 0 0 0 0 0
1674636985887166 128645005055680 batch 265 1 1 2 2 0
1674636985887346 128645005055680 book_end 1 0 0 0 0 0
1674636985887516 128645005055680 coll_beg 0 0 0 0 0 0
1674636986068509 128645005055680 coll_end 0 0 0 0 0 0
1674636986068769 128645005055680 rel_beg 1 0 0 0 0 0
1674636986069109 128645005055680 absorb 265 0 0 0 0 0
1674636986072389 128645005055680 rel_end 1 0 0 0 0 0
1674636986073509 128645005055680 wait_beg 0 0 0 0 0 0
1674636986085639 128645018953600 ackslot 265 264 265 0 0 0
1674636986106658 128645018953600 send 18 0 0 264 264 1
1674636986549262 128645018953600 send 155842 0 0 264 264 1
1674636986925068 128645018953600 send 131774 0 0 264 264 1
1674636986929358 128645018953600 send 14 0 0 264 264 1
1674636986929458 128645018953600 egress 265 1 0 0 0 0
1674636987395141 128645018953600 cliack 265 0 266 265 0 0
1674636987395481 128645018953600 ackregion 265 265 265 0 0 0
1674636986078019 128644996662976 emit_beg 265 0 0 0 0 0
1674636986079489 128644996662976 dmg 0 1 0 0 1024 768
1674636986079739 128644996662976 enc 264 264 1 -1 -1 0
1674636986098228 128644996662976 emit_end 265 0 0 0 0 0
1674636997524194 128645005055680 wait_end 0 0 0 0 0 0
1674636997529654 128645005055680 drain_beg 0 0 0 0 0 0
1674636997530004 128645005055680 drain_end 1 0 0 0 0 0
1674636997530214 128645005055680 take 266 0 0 0 0 0
1674636997530574 128645005055680 subm_beg 1 0 0 0 0 0
1674636997531014 128645005055680 submit 266 0 0 0 0 0
1674636997531164 128645005055680 subm_end 1 0 0 0 0 0
1674636997531244 128645005055680 pump_beg 1 0 0 0 0 0
1674636997723347 128645005055680 feedend 265 0 0 0 0 0
1674636997762816 128645005055680 feedend 265 1 0 0 0 0
1674637000606313 128645005055680 outfirst 265 1 65536 0 0 0
1674637001124814 128645005055680 outfirst 265 0 65536 0 0 0
1674637001143193 128645005055680 pump_end 1 2 0 0 0 0
1674637001143363 128645005055680 join_beg 1 0 0 0 0 0
1674637001143673 128645005055680 join_end 0 0 0 0 0 0
1674637001143813 128645005055680 book_beg 1 0 0 0 0 0
1674637001143963 128645005055680 batch 266 1 1 2 2 0
1674637001144113 128645005055680 book_end 1 0 0 0 0 0
1674637001144263 128645005055680 coll_beg 0 0 0 0 0 0
1674637001230020 128645005055680 coll_end 0 0 0 0 0 0
1674637001230270 128645005055680 rel_beg 1 0 0 0 0 0
1674637001230570 128645005055680 absorb 266 0 0 0 0 0
1674637001233100 128645005055680 rel_end 1 0 0 0 0 0
1674637001233940 128645005055680 wait_beg 0 0 0 0 0 0
1674636997490375 128645018953600 msgin 266 4718592 0 0 0 0
1674636997490685 128645018953600 enq 266 1 0 0 0 0
1674637001244599 128645018953600 ackslot 266 265 266 0 0 0
1674637001279318 128645018953600 send 18 0 0 265 265 1
1674637001727552 128645018953600 send 153629 0 0 265 265 1
1674637002098198 128645018953600 send 124831 0 0 265 265 1
1674637002103648 128645018953600 send 14 0 0 265 265 1
1674637002103868 128645018953600 egress 266 1 0 0 0 0
1674637002916989 128645018953600 cliack 266 0 267 266 0 0
1674637002917099 128645018953600 ackregion 266 266 266 0 0 0
1674637001255679 128644996662976 emit_beg 266 0 0 0 0 0
1674637001260859 128644996662976 dmg 0 1 0 0 1024 768
1674637001261169 128644996662976 enc 265 265 1 -1 -1 0
1674637001291668 128644996662976 emit_end 266 0 0 0 0 0
1674637013525014 128645005055680 wait_end 0 0 0 0 0 0
1674637013528744 128645005055680 drain_beg 0 0 0 0 0 0
1674637013529084 128645005055680 drain_end 1 0 0 0 0 0
1674637013529364 128645005055680 take 267 0 0 0 0 0
1674637013529724 128645005055680 subm_beg 1 0 0 0 0 0
1674637013530074 128645005055680 submit 267 0 0 0 0 0
1674637013530224 128645005055680 subm_end 1 0 0 0 0 0
1674637013530304 128645005055680 pump_beg 1 0 0 0 0 0
1674637013718577 128645005055680 feedend 266 0 0 0 0 0
1674637013762486 128645005055680 feedend 266 1 0 0 0 0
1674637016846864 128645005055680 outfirst 266 1 65536 0 0 0
1674637017248339 128645005055680 outfirst 266 0 65536 0 0 0
1674637017311557 128645005055680 pump_end 1 2 0 0 0 0
1674637017311777 128645005055680 join_beg 1 0 0 0 0 0
1674637017312167 128645005055680 join_end 0 0 0 0 0 0
1674637017312297 128645005055680 book_beg 1 0 0 0 0 0
1674637017312577 128645005055680 batch 267 1 1 2 2 0
1674637017312767 128645005055680 book_end 1 0 0 0 0 0
1674637017312977 128645005055680 coll_beg 0 0 0 0 0 0
1674637017473851 128645005055680 coll_end 0 0 0 0 0 0
1674637017474221 128645005055680 rel_beg 1 0 0 0 0 0
1674637017474591 128645005055680 absorb 267 0 0 0 0 0
1674637017478241 128645005055680 rel_end 1 0 0 0 0 0
1674637017479481 128645005055680 wait_beg 0 0 0 0 0 0
1674637013488886 128645018953600 msgin 267 4718592 0 0 0 0
1674637013489236 128645018953600 enq 267 1 0 0 0 0
1674637017494750 128645018953600 ackslot 267 266 267 0 0 0
1674637017530199 128645018953600 send 18 0 0 266 266 1
1674637018327020 128645018953600 send 168914 0 0 266 266 1
1674637018750545 128645018953600 send 148908 0 0 266 266 1
1674637018754665 128645018953600 send 14 0 0 266 266 1
1674637018754755 128645018953600 egress 267 1 0 0 0 0
1674637019288825 128645018953600 cliack 267 0 268 267 0 0
1674637019288925 128645018953600 ackregion 267 267 267 0 0 0
1674637017500460 128644996662976 emit_beg 267 0 0 0 0 0
1674637017505090 128644996662976 dmg 0 1 0 0 1024 768
1674637017505270 128644996662976 enc 266 266 1 -1 -1 0
1674637017535669 128644996662976 emit_end 267 0 0 0 0 0
1674637029632861 128645005055680 wait_end 0 0 0 0 0 0
1674637029636920 128645005055680 drain_beg 0 0 0 0 0 0
1674637029637280 128645005055680 drain_end 1 0 0 0 0 0
1674637029637490 128645005055680 take 268 0 0 0 0 0
1674637029638050 128645005055680 subm_beg 1 0 0 0 0 0
1674637029638500 128645005055680 submit 268 0 0 0 0 0
1674637029638700 128645005055680 subm_end 1 0 0 0 0 0
1674637029638780 128645005055680 pump_beg 1 0 0 0 0 0
1674637029837413 128645005055680 feedend 267 0 0 0 0 0
1674637029877372 128645005055680 feedend 267 1 0 0 0 0
1674637032680990 128645005055680 outfirst 267 1 65536 0 0 0
1674637033118084 128645005055680 outfirst 267 0 65536 0 0 0
1674637033134744 128645005055680 pump_end 1 2 0 0 0 0
1674637033134914 128645005055680 join_beg 1 0 0 0 0 0
1674637033135234 128645005055680 join_end 0 0 0 0 0 0
1674637033135294 128645005055680 book_beg 1 0 0 0 0 0
1674637033135514 128645005055680 batch 268 1 1 2 2 0
1674637033135554 128645005055680 book_end 1 0 0 0 0 0
1674637033135594 128645005055680 coll_beg 0 0 0 0 0 0
1674637029603022 128645018953600 msgin 268 4718592 0 0 0 0
1674637029603502 128645018953600 enq 268 1 0 0 0 0
1674637033215131 128645005055680 coll_end 0 0 0 0 0 0
1674637033215491 128645005055680 rel_beg 1 0 0 0 0 0
1674637033215801 128645005055680 absorb 268 0 0 0 0 0
1674637033218891 128645005055680 rel_end 1 0 0 0 0 0
1674637033219921 128645005055680 wait_beg 0 0 0 0 0 0
1674637033239210 128645018953600 ackslot 268 267 268 0 0 0
1674637033270049 128645018953600 send 18 0 0 267 267 1
1674637034058740 128645018953600 send 140124 0 0 267 267 1
1674637034438886 128645018953600 send 116932 0 0 267 267 1
1674637034443086 128645018953600 send 14 0 0 267 267 1
1674637034443306 128645018953600 egress 268 1 0 0 0 0
1674637034875120 128645018953600 cliack 268 0 269 268 0 0
1674637034875210 128645018953600 ackregion 268 268 268 0 0 0
1674637033243020 128644996662976 emit_beg 268 0 0 0 0 0
1674637033247919 128644996662976 dmg 0 1 0 0 1024 768
1674637033248109 128644996662976 enc 267 267 1 -1 -1 0
1674637033277288 128644996662976 emit_end 268 0 0 0 0 0
1674637046223359 128645005055680 wait_end 0 0 0 0 0 0
1674637046228429 128645005055680 drain_beg 0 0 0 0 0 0
1674637046229029 128645005055680 drain_end 1 0 0 0 0 0
1674637046229269 128645005055680 take 269 0 0 0 0 0
1674637046229699 128645005055680 subm_beg 1 0 0 0 0 0
1674637046230379 128645005055680 submit 269 0 0 0 0 0
1674637046230599 128645005055680 subm_end 1 0 0 0 0 0
1674637046230669 128645005055680 pump_beg 1 0 0 0 0 0
1674637046425232 128645005055680 feedend 268 0 0 0 0 0
1674637046472560 128645005055680 feedend 268 1 0 0 0 0
1674637049222340 128645005055680 outfirst 268 1 65536 0 0 0
1674637049697163 128645005055680 outfirst 268 0 65536 0 0 0
1674637049740332 128645005055680 pump_end 1 2 0 0 0 0
1674637049740602 128645005055680 join_beg 1 0 0 0 0 0
1674637049740982 128645005055680 join_end 0 0 0 0 0 0
1674637049741062 128645005055680 book_beg 1 0 0 0 0 0
1674637049741282 128645005055680 batch 269 1 1 2 2 0
1674637049741442 128645005055680 book_end 1 0 0 0 0 0
1674637049741602 128645005055680 coll_beg 0 0 0 0 0 0
1674637049823709 128645005055680 coll_end 0 0 0 0 0 0
1674637049824259 128645005055680 rel_beg 1 0 0 0 0 0
1674637049824589 128645005055680 absorb 269 0 0 0 0 0
1674637049827849 128645005055680 rel_end 1 0 0 0 0 0
1674637049828899 128645005055680 wait_beg 0 0 0 0 0 0
1674637046190240 128645018953600 msgin 269 4718592 0 0 0 0
1674637046191340 128645018953600 enq 269 1 0 0 0 0
1674637049839538 128645018953600 ackslot 269 268 269 0 0 0
1674637049869667 128645018953600 send 18 0 0 268 268 1
1674637050267903 128645018953600 send 136259 0 0 268 268 1
1674637050414557 128645018953600 send 112305 0 0 268 268 1
1674637050416177 128645018953600 send 14 0 0 268 268 1
1674637050416317 128645018953600 egress 269 1 0 0 0 0
1674637049843608 128644996662976 emit_beg 269 0 0 0 0 0
1674637049848268 128644996662976 dmg 0 1 0 0 1024 768
1674637049848518 128644996662976 enc 268 268 1 -1 -1 0
1674637049864817 128644996662976 emit_end 269 0 0 0 0 0
1674637065529519 128645005055680 wait_end 0 0 0 0 0 0
1674637065530949 128645005055680 join_beg 1 0 0 0 0 0
1674637065531109 128645005055680 join_end 0 0 0 0 0 0
