1587034355836443 132176871118528 drain_beg 0 0
1587034355840883 132176871118528 drain_end 1 0
1587034355841953 132176871118528 subm_beg 1 0
1587034369540783 132176871118528 subm_end 1 0
1587034369542483 132176871118528 pump_beg 1 0
1587034505161064 132176871118528 pump_end 1 2
1587034507532028 132176871118528 coll_beg 0 0
1587034512321223 132176871118528 coll_end 0 0
1587034514437666 132176871118528 drain_beg 0 0
1587034514438636 132176871118528 drain_end 1 0
1587034514439686 132176871118528 subm_beg 1 0
1587034514470054 132176862725824 emit_beg 1 0
1587034516406284 132176871118528 subm_end 1 0
1587034516406714 132176871118528 pump_beg 1 0
1587034524904804 132176862725824 emit_end 1 0
1587034526182997 132176871118528 pump_end 1 2
1587034526187167 132176871118528 join_beg 1 0
1587034526188657 132176871118528 join_end 0 0
1587034529287314 132176871118528 coll_beg 0 0
1587034533686423 132176871118528 coll_end 0 0
1587034536698363 132176862725824 emit_beg 2 0
1587034544362284 132176862725824 emit_end 2 0
1587034560149668 132176871118528 drain_beg 0 0
1587034560151807 132176871118528 drain_end 1 0
1587034560152737 132176871118528 subm_beg 1 0
1587034565732244 132176871118528 subm_end 1 0
1587034565733874 132176871118528 pump_beg 1 0
1587034575671871 132176871118528 pump_end 1 2
1587034575675191 132176871118528 join_beg 1 0
1587034575676331 132176871118528 join_end 0 0
1587034577583201 132176871118528 coll_beg 0 0
1587034580406808 132176871118528 coll_end 0 0
1587034582268790 132176871118528 drain_beg 0 0
1587034582269740 132176871118528 drain_end 1 0
1587034582270310 132176871118528 subm_beg 1 0
1587034582290169 132176862725824 emit_beg 3 0
1587034584096814 132176871118528 subm_end 1 0
1587034584097394 132176871118528 pump_beg 1 0
1587034591609339 132176862725824 emit_end 3 0
1587034591939437 132176871118528 pump_end 1 2
1587034591940017 132176871118528 join_beg 1 0
1587034591940447 132176871118528 join_end 0 0
1587034593764151 132176871118528 coll_beg 0 0
1587034596233391 132176871118528 coll_end 0 0
1587034598047784 132176862725824 emit_beg 4 0
1587034605479083 132176862725824 emit_end 4 0
1587034625603679 132176871118528 drain_beg 0 0
1587034625608129 132176871118528 drain_end 1 0
1587034625609349 132176871118528 subm_beg 1 0
1587034631191535 132176871118528 subm_end 1 0
1587034631192865 132176871118528 pump_beg 1 0
1587034639403025 132176871118528 pump_end 1 2
1587034639403925 132176871118528 join_beg 1 0
1587034639404635 132176871118528 join_end 0 0
1587034641371733 132176871118528 coll_beg 0 0
1587034644599296 132176871118528 coll_end 0 0
1587034646418479 132176871118528 drain_beg 0 0
1587034646419569 132176871118528 drain_end 1 0
1587034646420479 132176871118528 subm_beg 1 0
1587034646439069 132176862725824 emit_beg 5 0
1587034648233013 132176871118528 subm_end 1 0
1587034648233513 132176871118528 pump_beg 1 0
1587034654008612 132176871118528 pump_end 1 2
1587034654009182 132176871118528 join_beg 1 0
1587034655673281 132176862725824 emit_end 5 0
1587034655679831 132176871118528 join_end 0 0
1587034657506195 132176871118528 coll_beg 0 0
1587034658251757 132176871118528 coll_end 0 0
1587034661281677 132176862725824 emit_beg 6 0
1587034668607230 132176862725824 emit_end 6 0
1587034687613936 132176871118528 drain_beg 0 0
1587034687617496 132176871118528 drain_end 1 0
1587034687618616 132176871118528 subm_beg 1 0
1587034693472362 132176871118528 subm_end 1 0
1587034693473662 132176871118528 pump_beg 1 0
1587034700372150 132176871118528 pump_end 1 2
1587034700374190 132176871118528 join_beg 1 0
1587034700375330 132176871118528 join_end 0 0
1587034702414856 132176871118528 coll_beg 0 0
1587034705398577 132176871118528 coll_end 0 0
1587034707375955 132176871118528 drain_beg 0 0
1587034707377215 132176871118528 drain_end 1 0
1587034707378175 132176871118528 subm_beg 1 0
1587034707396254 132176862725824 emit_beg 7 0
1587034709340833 132176871118528 subm_end 1 0
1587034709341733 132176871118528 pump_beg 1 0
1587034715493358 132176871118528 pump_end 1 2
1587034715494028 132176871118528 join_beg 1 0
1587034717208796 132176862725824 emit_end 7 0
1587034717215346 132176871118528 join_end 0 0
1587034719137375 132176871118528 coll_beg 0 0
1587034721098984 132176871118528 coll_end 0 0
1587034723385680 132176862725824 emit_beg 8 0
1587034729435750 132176862725824 emit_end 8 0
1587034751750755 132176871118528 drain_beg 0 0
1587034751754175 132176871118528 drain_end 1 0
1587034751755235 132176871118528 subm_beg 1 0
1587034757534864 132176871118528 subm_end 1 0
1587034757536964 132176871118528 pump_beg 1 0
1587034764298397 132176871118528 pump_end 1 2
1587034764299877 132176871118528 join_beg 1 0
1587034764300467 132176871118528 join_end 0 0
1587034766248156 132176871118528 coll_beg 0 0
1587034769431280 132176871118528 coll_end 0 0
1587034771404488 132176871118528 drain_beg 0 0
1587034771405498 132176871118528 drain_end 1 0
1587034771406238 132176871118528 subm_beg 1 0
1587034771412718 132176862725824 emit_beg 9 0
1587034773327708 132176871118528 subm_end 1 0
1587034773328258 132176871118528 pump_beg 1 0
1587034779205573 132176871118528 pump_end 1 2
1587034779206083 132176871118528 join_beg 1 0
1587034781050086 132176862725824 emit_end 9 0
1587034781056156 132176871118528 join_end 0 0
1587034782995945 132176871118528 coll_beg 0 0
1587034784971703 132176871118528 coll_end 0 0
1587034787421374 132176862725824 emit_beg 10 0
1587034795208679 132176862725824 emit_end 10 0
1587034815623924 132176871118528 drain_beg 0 0
1587034815627414 132176871118528 drain_end 1 0
1587034815628444 132176871118528 subm_beg 1 0
1587034821438512 132176871118528 subm_end 1 0
1587034821440862 132176871118528 pump_beg 1 0
1587034828732796 132176871118528 pump_end 1 2
1587034828733936 132176871118528 join_beg 1 0
1587034828734776 132176871118528 join_end 0 0
1587034830718164 132176871118528 coll_beg 0 0
1587034834197177 132176871118528 coll_end 0 0
1587034836206483 132176871118528 drain_beg 0 0
1587034836207473 132176871118528 drain_end 1 0
1587034836208233 132176871118528 subm_beg 1 0
1587034836212743 132176862725824 emit_beg 11 0
1587034838185981 132176871118528 subm_end 1 0
1587034838186651 132176871118528 pump_beg 1 0
1587034844142234 132176862725824 emit_end 11 0
1587034844382365 132176871118528 pump_end 1 2
1587034844382825 132176871118528 join_beg 1 0
1587034844383235 132176871118528 join_end 0 0
1587034847816290 132176871118528 coll_beg 0 0
1587034850669045 132176871118528 coll_end 0 0
1587034852667043 132176862725824 emit_beg 12 0
1587034860505627 132176862725824 emit_end 12 0
1587034881536379 132176871118528 drain_beg 0 0
1587034881539579 132176871118528 drain_end 1 0
1587034881540569 132176871118528 subm_beg 1 0
1587034887446023 132176871118528 subm_end 1 0
1587034887448013 132176871118528 pump_beg 1 0
1587034892702312 132176871118528 pump_end 1 2
1587034892704431 132176871118528 join_beg 1 0
1587034892705481 132176871118528 join_end 0 0
1587034894799255 132176871118528 coll_beg 0 0
1587034895410033 132176871118528 coll_end 0 0
1587034897399510 132176871118528 drain_beg 0 0
1587034897400690 132176871118528 drain_end 1 0
1587034897401590 132176871118528 subm_beg 1 0
1587034897403610 132176862725824 emit_beg 13 0
1587034899341319 132176871118528 subm_end 1 0
1587034899341769 132176871118528 pump_beg 1 0
1587034905548693 132176871118528 pump_end 1 2
1587034905549223 132176871118528 join_beg 1 0
1587034907049998 132176862725824 emit_end 13 0
1587034907057828 132176871118528 join_end 0 0
1587034908950329 132176871118528 coll_beg 0 0
1587034911845793 132176871118528 coll_end 0 0
1587034915234149 132176862725824 emit_beg 14 0
1587034922967317 132176862725824 emit_end 14 0
1587034942835242 132176871118528 drain_beg 0 0
1587034942836832 132176871118528 drain_end 1 0
1587034942837292 132176871118528 subm_beg 1 0
1587034946652963 132176871118528 subm_end 1 0
1587034946653423 132176871118528 pump_beg 1 0
1587034952570947 132176871118528 pump_end 1 2
1587034952575137 132176871118528 join_beg 1 0
1587034952576896 132176871118528 join_end 0 0
1587034954598253 132176871118528 coll_beg 0 0
1587034957286735 132176871118528 coll_end 0 0
1587034959324920 132176871118528 drain_beg 0 0
1587034959325570 132176871118528 drain_end 1 0
1587034959326060 132176871118528 subm_beg 1 0
1587034959347069 132176862725824 emit_beg 15 0
1587034961214481 132176871118528 subm_end 1 0
1587034961215031 132176871118528 pump_beg 1 0
1587034968977018 132176862725824 emit_end 15 0
1587034970946486 132176871118528 pump_end 1 2
1587034970947106 132176871118528 join_beg 1 0
1587034970947956 132176871118528 join_end 0 0
1587034974143170 132176871118528 coll_beg 0 0
1587034978773191 132176871118528 coll_end 0 0
1587034981935885 132176862725824 emit_beg 16 0
1587034989761400 132176862725824 emit_end 16 0
1587035004961855 132176871118528 drain_beg 0 0
1587035004962775 132176871118528 drain_end 1 0
1587035004963115 132176871118528 subm_beg 1 0
1587035009059545 132176871118528 subm_end 1 0
1587035009059865 132176871118528 pump_beg 1 0
1587035015114544 132176871118528 pump_end 1 2
1587035015114924 132176871118528 join_beg 1 0
1587035015115314 132176871118528 join_end 0 0
1587035017051474 132176871118528 coll_beg 0 0
1587035018290268 132176871118528 coll_end 0 0
1587035020253227 132176871118528 drain_beg 0 0
1587035020253587 132176871118528 drain_end 1 0
1587035020253807 132176871118528 subm_beg 1 0
1587035020274996 132176862725824 emit_beg 17 0
1587035022179286 132176871118528 subm_end 1 0
1587035022179816 132176871118528 pump_beg 1 0
1587035028773826 132176871118528 pump_end 1 2
1587035028774276 132176871118528 join_beg 1 0
1587035029935623 132176862725824 emit_end 17 0
1587035029941843 132176871118528 join_end 0 0
1587035031890462 132176871118528 coll_beg 0 0
1587035034479658 132176871118528 coll_end 0 0
1587035036401868 132176862725824 emit_beg 18 0
1587035044089157 132176862725824 emit_end 18 0
1587035064518671 132176871118528 drain_beg 0 0
1587035064521061 132176871118528 drain_end 1 0
1587035064522091 132176871118528 subm_beg 1 0
1587035070011931 132176871118528 subm_end 1 0
1587035070012911 132176871118528 pump_beg 1 0
1587035077812186 132176871118528 pump_end 1 2
1587035077813356 132176871118528 join_beg 1 0
1587035077813966 132176871118528 join_end 0 0
1587035079694888 132176871118528 coll_beg 0 0
1587035083956612 132176871118528 coll_end 0 0
1587035085858143 132176871118528 drain_beg 0 0
1587035085858733 132176871118528 drain_end 1 0
1587035085859323 132176871118528 subm_beg 1 0
1587035085875952 132176862725824 emit_beg 19 0
1587035087665617 132176871118528 subm_end 1 0
1587035087666077 132176871118528 pump_beg 1 0
1587035093233484 132176862725824 emit_end 19 0
1587035095039538 132176871118528 pump_end 1 2
1587035095040108 132176871118528 join_beg 1 0
1587035095040748 132176871118528 join_end 0 0
1587035096849742 132176871118528 coll_beg 0 0
1587035100636733 132176871118528 coll_end 0 0
1587035104012260 132176862725824 emit_beg 20 0
1587035111258306 132176862725824 emit_end 20 0
1587035128732458 132176871118528 drain_beg 0 0
1587035128734518 132176871118528 drain_end 1 0
1587035128735668 132176871118528 subm_beg 1 0
1587035134217708 132176871118528 subm_end 1 0
1587035134219668 132176871118528 pump_beg 1 0
1587035142307773 132176871118528 pump_end 1 2
1587035142308393 132176871118528 join_beg 1 0
1587035142308913 132176871118528 join_end 0 0
1587035144202653 132176871118528 coll_beg 0 0
1587035149335896 132176871118528 coll_end 0 0
1587035151256886 132176871118528 drain_beg 0 0
1587035151257636 132176871118528 drain_end 1 0
1587035151258336 132176871118528 subm_beg 1 0
1587035151279805 132176862725824 emit_beg 21 0
1587035153023562 132176871118528 subm_end 1 0
1587035153024092 132176871118528 pump_beg 1 0
1587035160775479 132176862725824 emit_end 21 0
1587035162936970 132176871118528 pump_end 1 2
1587035162937790 132176871118528 join_beg 1 0
1587035162938340 132176871118528 join_end 0 0
1587035164816531 132176871118528 coll_beg 0 0
1587035170899589 132176871118528 coll_end 0 0
1587035174709910 132176862725824 emit_beg 22 0
1587035182260135 132176862725824 emit_end 22 0
1587035200792448 132176871118528 drain_beg 0 0
1587035200797048 132176871118528 drain_end 1 0
1587035200798668 132176871118528 subm_beg 1 0
1587035204508533 132176871118528 subm_end 1 0
1587035204510873 132176871118528 pump_beg 1 0
1587035212962404 132176871118528 pump_end 1 2
1587035212963864 132176871118528 join_beg 1 0
1587035212964504 132176871118528 join_end 0 0
1587035214841896 132176871118528 coll_beg 0 0
1587035217690592 132176871118528 coll_end 0 0
1587035219589522 132176871118528 drain_beg 0 0
1587035219590332 132176871118528 drain_end 1 0
1587035219590922 132176871118528 subm_beg 1 0
1587035219609692 132176862725824 emit_beg 23 0
1587035223196621 132176871118528 subm_end 1 0
1587035223197141 132176871118528 pump_beg 1 0
1587035228938011 132176862725824 emit_end 23 0
1587035231431030 132176871118528 pump_end 1 2
1587035231432880 132176871118528 join_beg 1 0
1587035231439310 132176871118528 join_end 0 0
1587035233304962 132176871118528 coll_beg 0 0
1587035235481313 132176871118528 coll_end 0 0
1587035237319765 132176871118528 drain_beg 0 0
1587035237320605 132176871118528 drain_end 1 0
1587035237321305 132176871118528 subm_beg 1 0
1587035237338225 132176862725824 emit_beg 24 0
1587035241033110 132176871118528 subm_end 1 0
1587035241033630 132176871118528 pump_beg 1 0
1587035246759931 132176862725824 emit_end 24 0
1587035248499527 132176871118528 pump_end 1 2
1587035248500147 132176871118528 join_beg 1 0
1587035248500867 132176871118528 join_end 0 0
1587035252212362 132176871118528 coll_beg 0 0
1587035253066081 132176871118528 coll_end 0 0
1587035255817970 132176862725824 emit_beg 25 0
1587035263144573 132176862725824 emit_end 25 0
1587035280812918 132176871118528 drain_beg 0 0
1587035280813778 132176871118528 drain_end 1 0
1587035280814048 132176871118528 subm_beg 1 0
1587035282632372 132176871118528 subm_end 1 0
1587035282632872 132176871118528 pump_beg 1 0
1587035290009303 132176871118528 pump_end 1 2
1587035290011743 132176871118528 join_beg 1 0
1587035290012282 132176871118528 join_end 0 0
1587035292005540 132176871118528 coll_beg 0 0
1587035292587519 132176871118528 coll_end 0 0
1587035294515298 132176862725824 emit_beg 26 0
1587035303729442 132176862725824 emit_end 26 0
1587035305503167 132176871118528 drain_beg 0 0
1587035305503967 132176871118528 drain_end 1 0
1587035305504187 132176871118528 subm_beg 1 0
1587035307334550 132176871118528 subm_end 1 0
1587035307335050 132176871118528 pump_beg 1 0
1587035315733784 132176871118528 pump_end 1 2
1587035315734204 132176871118528 join_beg 1 0
1587035315734504 132176871118528 join_end 0 0
1587035318625788 132176871118528 coll_beg 0 0
1587035320932774 132176871118528 coll_end 0 0
1587035324135277 132176871118528 drain_beg 0 0
1587035324135627 132176871118528 drain_end 1 0
1587035324136067 132176871118528 subm_beg 1 0
1587035324139797 132176862725824 emit_beg 27 0
1587035329728253 132176871118528 subm_end 1 0
1587035329728883 132176871118528 pump_beg 1 0
1587035333437588 132176862725824 emit_end 27 0
1587035337015507 132176871118528 pump_end 1 2
1587035337016047 132176871118528 join_beg 1 0
1587035337016467 132176871118528 join_end 0 0
1587035339321133 132176871118528 coll_beg 0 0
1587035341022821 132176871118528 coll_end 0 0
1587035343095615 132176862725824 emit_beg 28 0
1587035350437677 132176862725824 emit_end 28 0
1587035368042685 132176871118528 drain_beg 0 0
1587035368047335 132176871118528 drain_end 1 0
1587035368048765 132176871118528 subm_beg 1 0
1587035371866775 132176871118528 subm_end 1 0
1587035371869125 132176871118528 pump_beg 1 0
1587035378889999 132176871118528 pump_end 1 2
1587035378893489 132176871118528 join_beg 1 0
1587035378894639 132176871118528 join_end 0 0
1587035380738812 132176871118528 coll_beg 0 0
1587035381779144 132176871118528 coll_end 0 0
1587035383640176 132176871118528 drain_beg 0 0
1587035383640886 132176871118528 drain_end 1 0
1587035383641456 132176871118528 subm_beg 1 0
1587035383661325 132176862725824 emit_beg 29 0
1587035385478749 132176871118528 subm_end 1 0
1587035385479249 132176871118528 pump_beg 1 0
1587035391933603 132176871118528 pump_end 1 2
1587035391934273 132176871118528 join_beg 1 0
1587035392949136 132176862725824 emit_end 29 0
1587035392955816 132176871118528 join_end 0 0
1587035394767540 132176871118528 coll_beg 0 0
1587035395487863 132176871118528 coll_end 0 0
1587035398495964 132176862725824 emit_beg 30 0
1587035405796137 132176862725824 emit_end 30 0
1587035424650059 132176871118528 drain_beg 0 0
1587035424652459 132176871118528 drain_end 1 0
1587035424653519 132176871118528 subm_beg 1 0
1587035430519715 132176871118528 subm_end 1 0
1587035430521745 132176871118528 pump_beg 1 0
1587035443524070 132176871118528 pump_end 1 2
1587035443526700 132176871118528 join_beg 1 0
1587035443527780 132176871118528 join_end 0 0
1587035445648543 132176871118528 coll_beg 0 0
1587035449459304 132176871118528 coll_end 0 0
1587035451446781 132176871118528 drain_beg 0 0
1587035451457451 132176871118528 drain_end 1 0
1587035451458331 132176871118528 subm_beg 1 0
1587035451466780 132176862725824 emit_beg 31 0
1587035455333889 132176871118528 subm_end 1 0
1587035455334499 132176871118528 pump_beg 1 0
1587035461355380 132176862725824 emit_end 31 0
1587035466137345 132176871118528 pump_end 1 2
1587035466138145 132176871118528 join_beg 1 0
1587035466138795 132176871118528 join_end 0 0
1587035468077034 132176871118528 coll_beg 0 0
1587035470755077 132176871118528 coll_end 0 0
1587035473861733 132176862725824 emit_beg 32 0
1587035481938168 132176862725824 emit_end 32 0
1587035498720366 132176871118528 drain_beg 0 0
1587035498723656 132176871118528 drain_end 1 0
1587035498724936 132176871118528 subm_beg 1 0
1587035504600042 132176871118528 subm_end 1 0
1587035504602381 132176871118528 pump_beg 1 0
1587035516439589 132176871118528 pump_end 1 2
1587035516440569 132176871118528 join_beg 1 0
1587035516441039 132176871118528 join_end 0 0
1587035518351300 132176871118528 coll_beg 0 0
1587035521560862 132176871118528 coll_end 0 0
1587035523528581 132176871118528 drain_beg 0 0
1587035523529341 132176871118528 drain_end 1 0
1587035523529861 132176871118528 subm_beg 1 0
1587035523862889 132176862725824 emit_beg 33 0
1587035527476997 132176871118528 subm_end 1 0
1587035527477537 132176871118528 pump_beg 1 0
1587035533494067 132176862725824 emit_end 33 0
1587035537749212 132176871118528 pump_end 1 2
1587035537749852 132176871118528 join_beg 1 0
1587035537750372 132176871118528 join_end 0 0
1587035539639803 132176871118528 coll_beg 0 0
1587035541771505 132176871118528 coll_end 0 0
1587035545521908 132176862725824 emit_beg 34 0
1587035553232737 132176862725824 emit_end 34 0
1587035568713782 132176871118528 drain_beg 0 0
1587035568718542 132176871118528 drain_end 1 0
1587035568719802 132176871118528 subm_beg 1 0
1587035572618719 132176871118528 subm_end 1 0
1587035572620989 132176871118528 pump_beg 1 0
1587035582661893 132176871118528 pump_end 1 2
1587035582663873 132176871118528 join_beg 1 0
1587035582664913 132176871118528 join_end 0 0
1587035584711648 132176871118528 coll_beg 0 0
1587035586069648 132176871118528 coll_end 0 0
1587035588671483 132176871118528 drain_beg 0 0
1587035588672043 132176871118528 drain_end 1 0
1587035588672533 132176871118528 subm_beg 1 0
1587035588692513 132176862725824 emit_beg 35 0
1587035590572054 132176871118528 subm_end 1 0
1587035590572534 132176871118528 pump_beg 1 0
1587035598301222 132176862725824 emit_end 35 0
1587035602885845 132176871118528 pump_end 1 2
1587035602886465 132176871118528 join_beg 1 0
1587035602886865 132176871118528 join_end 0 0
1587035606378057 132176871118528 coll_beg 0 0
1587035608749971 132176871118528 coll_end 0 0
1587035612216514 132176862725824 emit_beg 36 0
1587035620051538 132176862725824 emit_end 36 0
1587035635110549 132176871118528 drain_beg 0 0
1587035635112429 132176871118528 drain_end 1 0
1587035635113409 132176871118528 subm_beg 1 0
1587035640940536 132176871118528 subm_end 1 0
1587035640942516 132176871118528 pump_beg 1 0
1587035654974164 132176871118528 pump_end 1 2
1587035654976934 132176871118528 join_beg 1 0
1587035654978394 132176871118528 join_end 0 0
1587035657096976 132176871118528 coll_beg 0 0
1587035661081741 132176871118528 coll_end 0 0
1587035663064999 132176871118528 drain_beg 0 0
1587035663065969 132176871118528 drain_end 1 0
1587035663066509 132176871118528 subm_beg 1 0
1587035663085378 132176862725824 emit_beg 37 0
1587035665005658 132176871118528 subm_end 1 0
1587035665006228 132176871118528 pump_beg 1 0
1587035672810393 132176862725824 emit_end 37 0
1587035676430041 132176871118528 pump_end 1 2
1587035676430771 132176871118528 join_beg 1 0
1587035676431101 132176871118528 join_end 0 0
1587035680422745 132176871118528 coll_beg 0 0
1587035683709735 132176871118528 coll_end 0 0
1587035686590370 132176862725824 emit_beg 38 0
1587035694380476 132176862725824 emit_end 38 0
1587035711387355 132176871118528 drain_beg 0 0
1587035711388495 132176871118528 drain_end 1 0
1587035711388865 132176871118528 subm_beg 1 0
1587035715229875 132176871118528 subm_end 1 0
1587035715237805 132176871118528 pump_beg 1 0
1587035726914879 132176871118528 pump_end 1 2
1587035726915479 132176871118528 join_beg 1 0
1587035726916088 132176871118528 join_end 0 0
1587035728873657 132176871118528 coll_beg 0 0
1587035731696924 132176871118528 coll_end 0 0
1587035733671372 132176871118528 drain_beg 0 0
1587035733671772 132176871118528 drain_end 1 0
1587035733672172 132176871118528 subm_beg 1 0
1587035733730080 132176862725824 emit_beg 39 0
1587035737735334 132176871118528 subm_end 1 0
1587035737735944 132176871118528 pump_beg 1 0
1587035743971146 132176862725824 emit_end 39 0
1587035746470735 132176871118528 pump_end 1 2
1587035746473775 132176871118528 join_beg 1 0
1587035746474725 132176871118528 join_end 0 0
1587035750110952 132176871118528 coll_beg 0 0
1587035751487922 132176871118528 coll_end 0 0
1587035754059268 132176862725824 emit_beg 40 0
1587035761803565 132176862725824 emit_end 40 0
1587035779951513 132176871118528 drain_beg 0 0
1587035779956223 132176871118528 drain_end 1 0
1587035779957393 132176871118528 subm_beg 1 0
1587035783846351 132176871118528 subm_end 1 0
1587035783849241 132176871118528 pump_beg 1 0
1587035795119620 132176871118528 pump_end 1 2
1587035795121540 132176871118528 join_beg 1 0
1587035795122570 132176871118528 join_end 0 0
1587035797115567 132176871118528 coll_beg 0 0
1587035799699672 132176871118528 coll_end 0 0
1587035801626902 132176871118528 drain_beg 0 0
1587035801627542 132176871118528 drain_end 1 0
1587035801628112 132176871118528 subm_beg 1 0
1587035801631562 132176862725824 emit_beg 41 0
1587035803535682 132176871118528 subm_end 1 0
1587035803536192 132176871118528 pump_beg 1 0
1587035809587512 132176862725824 emit_end 41 0
1587035813959632 132176871118528 pump_end 1 2
1587035813960322 132176871118528 join_beg 1 0
1587035813960782 132176871118528 join_end 0 0
1587035817366598 132176871118528 coll_beg 0 0
1587035820335239 132176871118528 coll_end 0 0
1587035823180136 132176862725824 emit_beg 42 0
1587035830885454 132176862725824 emit_end 42 0
1587035847080493 132176871118528 drain_beg 0 0
1587035847081133 132176871118528 drain_end 1 0
1587035847081673 132176871118528 subm_beg 1 0
1587035851146455 132176871118528 subm_end 1 0
1587035851146815 132176871118528 pump_beg 1 0
1587035860613699 132176871118528 pump_end 1 2
1587035860614439 132176871118528 join_beg 1 0
1587035860614909 132176871118528 join_end 0 0
1587035862405914 132176871118528 coll_beg 0 0
1587035864081883 132176871118528 coll_end 0 0
1587035865836079 132176871118528 drain_beg 0 0
1587035865836649 132176871118528 drain_end 1 0
1587035865837139 132176871118528 subm_beg 1 0
1587035865858098 132176862725824 emit_beg 43 0
1587035867610974 132176871118528 subm_end 1 0
1587035867611324 132176871118528 pump_beg 1 0
1587035875211607 132176862725824 emit_end 43 0
1587035879221020 132176871118528 pump_end 1 2
1587035879221590 132176871118528 join_beg 1 0
1587035879222030 132176871118528 join_end 0 0
1587035881033584 132176871118528 coll_beg 0 0
1587035884485098 132176871118528 coll_end 0 0
1587035886775985 132176862725824 emit_beg 44 0
1587035894360698 132176862725824 emit_end 44 0
1587035913621055 132176871118528 drain_beg 0 0
1587035913625815 132176871118528 drain_end 1 0
1587035913627045 132176871118528 subm_beg 1 0
1587035917363778 132176871118528 subm_end 1 0
1587035917367388 132176871118528 pump_beg 1 0
1587035926650420 132176871118528 pump_end 1 2
1587035926656369 132176871118528 join_beg 1 0
1587035926658529 132176871118528 join_end 0 0
1587035928573639 132176871118528 coll_beg 0 0
1587035930659393 132176871118528 coll_end 0 0
1587035932559224 132176871118528 drain_beg 0 0
1587035932560194 132176871118528 drain_end 1 0
1587035932560924 132176871118528 subm_beg 1 0
1587035932579393 132176862725824 emit_beg 45 0
1587035934403177 132176871118528 subm_end 1 0
1587035934403727 132176871118528 pump_beg 1 0
1587035942018509 132176862725824 emit_end 45 0
1587035945771662 132176871118528 pump_end 1 2
1587035945772802 132176871118528 join_beg 1 0
1587035945773732 132176871118528 join_end 0 0
1587035947910024 132176871118528 coll_beg 0 0
1587035951367198 132176871118528 coll_end 0 0
1587035953564967 132176862725824 emit_beg 46 0
1587035960950188 132176862725824 emit_end 46 0
1587035978568625 132176871118528 drain_beg 0 0
1587035978570905 132176871118528 drain_end 1 0
1587035978571525 132176871118528 subm_beg 1 0
1587035982210112 132176871118528 subm_end 1 0
1587035982210762 132176871118528 pump_beg 1 0
1587035990062406 132176871118528 pump_end 1 2
1587035990063096 132176871118528 join_beg 1 0
1587035990063496 132176871118528 join_end 0 0
1587035991994585 132176871118528 coll_beg 0 0
1587035992922361 132176871118528 coll_end 0 0
1587035994833901 132176871118528 drain_beg 0 0
1587035994834411 132176871118528 drain_end 1 0
1587035994834711 132176871118528 subm_beg 1 0
1587035994836751 132176862725824 emit_beg 47 0
1587035996722232 132176871118528 subm_end 1 0
1587035996722662 132176871118528 pump_beg 1 0
1587036004089564 132176862725824 emit_end 47 0
1587036004175450 132176871118528 pump_end 1 2
1587036004180470 132176871118528 join_beg 1 0
1587036004182090 132176871118528 join_end 0 0
1587036006138059 132176871118528 coll_beg 0 0
1587036007405983 132176871118528 coll_end 0 0
1587036009851213 132176862725824 emit_beg 48 0
1587036017172626 132176862725824 emit_end 48 0
1587036035619383 132176871118528 drain_beg 0 0
1587036035621063 132176871118528 drain_end 1 0
1587036035621813 132176871118528 subm_beg 1 0
1587036041121612 132176871118528 subm_end 1 0
1587036041123152 132176871118528 pump_beg 1 0
1587036051534082 132176871118528 pump_end 1 2
1587036051538412 132176871118528 join_beg 1 0
1587036051540432 132176871118528 join_end 0 0
1587036053559528 132176871118528 coll_beg 0 0
1587036056766131 132176871118528 coll_end 0 0
1587036058750289 132176862725824 emit_beg 49 0
1587036060492585 132176871118528 drain_beg 0 0
1587036060493555 132176871118528 drain_end 1 0
1587036060493975 132176871118528 subm_beg 1 0
1587036065989195 132176871118528 subm_end 1 0
1587036065989575 132176871118528 pump_beg 1 0
1587036067905985 132176862725824 emit_end 49 0
1587036074660288 132176871118528 pump_end 1 2
1587036074661228 132176871118528 join_beg 1 0
1587036074661768 132176871118528 join_end 0 0
1587036077910310 132176871118528 coll_beg 0 0
1587036079026769 132176871118528 coll_end 0 0
1587036081549207 132176862725824 emit_beg 50 0
1587036088896019 132176862725824 emit_end 50 0
1587036103168478 132176871118528 drain_beg 0 0
1587036103169408 132176871118528 drain_end 1 0
1587036103169748 132176871118528 subm_beg 1 0
1587036106880212 132176871118528 subm_end 1 0
1587036106880602 132176871118528 pump_beg 1 0
1587036116216552 132176871118528 pump_end 1 2
1587036116217452 132176871118528 join_beg 1 0
1587036116218062 132176871118528 join_end 0 0
1587036118038935 132176871118528 coll_beg 0 0
1587036120233555 132176871118528 coll_end 0 0
1587036122058578 132176871118528 drain_beg 0 0
1587036122058998 132176871118528 drain_end 1 0
1587036122059408 132176871118528 subm_beg 1 0
1587036122391316 132176862725824 emit_beg 51 0
1587036123899391 132176871118528 subm_end 1 0
1587036123900031 132176871118528 pump_beg 1 0
1587036131415077 132176862725824 emit_end 51 0
1587036134191426 132176871118528 pump_end 1 2
1587036134192326 132176871118528 join_beg 1 0
1587036134192896 132176871118528 join_end 0 0
1587036137253734 132176871118528 coll_beg 0 0
1587036139761302 132176871118528 coll_end 0 0
1587036142890468 132176862725824 emit_beg 52 0
1587036152220518 132176862725824 emit_end 52 0
1587036166920231 132176871118528 drain_beg 0 0
1587036166921071 132176871118528 drain_end 1 0
1587036166921531 132176871118528 subm_beg 1 0
1587036170642666 132176871118528 subm_end 1 0
1587036170643466 132176871118528 pump_beg 1 0
1587036181226649 132176871118528 pump_end 1 2
1587036181228539 132176871118528 join_beg 1 0
1587036181229359 132176871118528 join_end 0 0
1587036183215927 132176871118528 coll_beg 0 0
1587036188059050 132176871118528 coll_end 0 0
1587036190002109 132176871118528 drain_beg 0 0
1587036190002789 132176871118528 drain_end 1 0
1587036190003369 132176871118528 subm_beg 1 0
1587036190023278 132176862725824 emit_beg 53 0
1587036191843052 132176871118528 subm_end 1 0
1587036191843592 132176871118528 pump_beg 1 0
1587036197551934 132176862725824 emit_end 53 0
1587036204533989 132176871118528 pump_end 1 2
1587036204535189 132176871118528 join_beg 1 0
1587036204538759 132176871118528 join_end 0 0
1587036207895906 132176871118528 coll_beg 0 0
1587036212921243 132176871118528 coll_end 0 0
1587036215372303 132176862725824 emit_beg 54 0
1587036222774763 132176862725824 emit_end 54 0
1587036241119994 132176871118528 drain_beg 0 0
1587036241123293 132176871118528 drain_end 1 0
1587036241124353 132176871118528 subm_beg 1 0
1587036245025111 132176871118528 subm_end 1 0
1587036245025961 132176871118528 pump_beg 1 0
1587036252413282 132176871118528 pump_end 1 2
1587036252414621 132176871118528 join_beg 1 0
1587036252415591 132176871118528 join_end 0 0
1587036254511185 132176871118528 coll_beg 0 0
1587036255125503 132176871118528 coll_end 0 0
1587036257081921 132176871118528 drain_beg 0 0
1587036257082451 132176871118528 drain_end 1 0
1587036257082851 132176871118528 subm_beg 1 0
1587036257102380 132176862725824 emit_beg 55 0
1587036259011541 132176871118528 subm_end 1 0
1587036259012011 132176871118528 pump_beg 1 0
1587036267468852 132176862725824 emit_end 55 0
1587036269897763 132176871118528 pump_end 1 2
1587036269898463 132176871118528 join_beg 1 0
1587036269899003 132176871118528 join_end 0 0
1587036272231868 132176871118528 coll_beg 0 0
1587036274603852 132176871118528 coll_end 0 0
1587036278121303 132176862725824 emit_beg 56 0
1587036287927625 132176862725824 emit_end 56 0
1587036302828332 132176871118528 drain_beg 0 0
1587036302832992 132176871118528 drain_end 1 0
1587036302834181 132176871118528 subm_beg 1 0
1587036308708457 132176871118528 subm_end 1 0
1587036308710567 132176871118528 pump_beg 1 0
1587036318584247 132176871118528 pump_end 1 2
1587036318587617 132176871118528 join_beg 1 0
1587036318588647 132176871118528 join_end 0 0
1587036320615423 132176871118528 coll_beg 0 0
1587036323339313 132176871118528 coll_end 0 0
1587036325318751 132176871118528 drain_beg 0 0
1587036325319441 132176871118528 drain_end 1 0
1587036325319911 132176871118528 subm_beg 1 0
1587036325340010 132176862725824 emit_beg 57 0
1587036327253100 132176871118528 subm_end 1 0
1587036327253560 132176871118528 pump_beg 1 0
1587036335296827 132176862725824 emit_end 57 0
1587036339049500 132176871118528 pump_end 1 2
1587036339052020 132176871118528 join_beg 1 0
1587036339053200 132176871118528 join_end 0 0
1587036341090395 132176871118528 coll_beg 0 0
1587036343696660 132176871118528 coll_end 0 0
1587036347254780 132176862725824 emit_beg 58 0
1587036355074285 132176862725824 emit_end 58 0
1587036372280627 132176871118528 drain_beg 0 0
1587036372282047 132176871118528 drain_end 1 0
1587036372282857 132176871118528 subm_beg 1 0
1587036378159033 132176871118528 subm_end 1 0
1587036378160173 132176871118528 pump_beg 1 0
1587036387993004 132176871118528 pump_end 1 2
1587036387994494 132176871118528 join_beg 1 0
1587036387995104 132176871118528 join_end 0 0
1587036390025250 132176871118528 coll_beg 0 0
1587036392581776 132176871118528 coll_end 0 0
1587036394711569 132176871118528 drain_beg 0 0
1587036394712359 132176871118528 drain_end 1 0
1587036394712679 132176871118528 subm_beg 1 0
1587036394732298 132176862725824 emit_beg 59 0
1587036396726005 132176871118528 subm_end 1 0
1587036396726465 132176871118528 pump_beg 1 0
1587036402823283 132176862725824 emit_end 59 0
1587036405200256 132176871118528 pump_end 1 2
1587036405206106 132176871118528 join_beg 1 0
1587036405207396 132176871118528 join_end 0 0
1587036407319979 132176871118528 coll_beg 0 0
1587036409471690 132176871118528 coll_end 0 0
1587036411473477 132176862725824 emit_beg 60 0
1587036419394288 132176862725824 emit_end 60 0
1587036439212245 132176871118528 drain_beg 0 0
1587036439213835 132176871118528 drain_end 1 0
1587036439214335 132176871118528 subm_beg 1 0
1587036443180210 132176871118528 subm_end 1 0
1587036443181090 132176871118528 pump_beg 1 0
1587036455799229 132176871118528 pump_end 1 2
1587036455801219 132176871118528 join_beg 1 0
1587036455802019 132176871118528 join_end 0 0
1587036457871074 132176871118528 coll_beg 0 0
1587036462685778 132176871118528 coll_end 0 0
1587036464730173 132176871118528 drain_beg 0 0
1587036464732153 132176871118528 drain_end 1 0
1587036464733483 132176871118528 subm_beg 1 0
1587036464749853 132176862725824 emit_beg 61 0
1587036466974621 132176871118528 subm_end 1 0
1587036466976401 132176871118528 pump_beg 1 0
1587036475158553 132176862725824 emit_end 61 0
1587036478190092 132176871118528 pump_end 1 2
1587036478191592 132176871118528 join_beg 1 0
1587036478193042 132176871118528 join_end 0 0
1587036481160254 132176871118528 coll_beg 0 0
1587036484535041 132176871118528 coll_end 0 0
1587036486946303 132176862725824 emit_beg 62 0
1587036494776097 132176862725824 emit_end 62 0
1587036512158623 132176871118528 drain_beg 0 0
1587036512162123 132176871118528 drain_end 1 0
1587036512163142 132176871118528 subm_beg 1 0
1587036518088446 132176871118528 subm_end 1 0
1587036518090686 132176871118528 pump_beg 1 0
1587036530108347 132176871118528 pump_end 1 2
1587036530110917 132176871118528 join_beg 1 0
1587036530111847 132176871118528 join_end 0 0
1587036532269079 132176871118528 coll_beg 0 0
1587036535701103 132176871118528 coll_end 0 0
1587036537787587 132176871118528 drain_beg 0 0
1587036537788787 132176871118528 drain_end 1 0
1587036537789427 132176871118528 subm_beg 1 0
1587036537807717 132176862725824 emit_beg 63 0
1587036539826643 132176871118528 subm_end 1 0
1587036539827423 132176871118528 pump_beg 1 0
1587036547715625 132176862725824 emit_end 63 0
1587036549165312 132176871118528 pump_end 1 2
1587036549166302 132176871118528 join_beg 1 0
1587036549166932 132176871118528 join_end 0 0
1587036551344703 132176871118528 coll_beg 0 0
1587036553970827 132176871118528 coll_end 0 0
1587036555981373 132176862725824 emit_beg 64 0
1587036563893645 132176862725824 emit_end 64 0
1587036584757833 132176871118528 drain_beg 0 0
1587036584761293 132176871118528 drain_end 1 0
1587036584762383 132176871118528 subm_beg 1 0
1587036590596050 132176871118528 subm_end 1 0
1587036590598680 132176871118528 pump_beg 1 0
1587036600169301 132176871118528 pump_end 1 2
1587036600170751 132176871118528 join_beg 1 0
1587036600171261 132176871118528 join_end 0 0
1587036603142962 132176871118528 coll_beg 0 0
1587036605598113 132176871118528 coll_end 0 0
1587036607615469 132176871118528 drain_beg 0 0
1587036607616009 132176871118528 drain_end 1 0
1587036607616399 132176871118528 subm_beg 1 0
1587036607637288 132176862725824 emit_beg 65 0
1587036609535579 132176871118528 subm_end 1 0
1587036609536079 132176871118528 pump_beg 1 0
1587036617368733 132176862725824 emit_end 65 0
1587036619805404 132176871118528 pump_end 1 2
1587036619807524 132176871118528 join_beg 1 0
1587036619808284 132176871118528 join_end 0 0
1587036622498636 132176871118528 coll_beg 0 0
1587036625528135 132176871118528 coll_end 0 0
1587036628345633 132176862725824 emit_beg 66 0
1587036636263764 132176862725824 emit_end 66 0
1587036653372299 132176871118528 drain_beg 0 0
1587036653374009 132176871118528 drain_end 1 0
1587036653374729 132176871118528 subm_beg 1 0
1587036659169498 132176871118528 subm_end 1 0
1587036659171078 132176871118528 pump_beg 1 0
1587036669750742 132176871118528 pump_end 1 2
1587036669751822 132176871118528 join_beg 1 0
1587036669752191 132176871118528 join_end 0 0
1587036671711640 132176871118528 coll_beg 0 0
1587036676640410 132176871118528 coll_end 0 0
1587036678603148 132176871118528 drain_beg 0 0
1587036678604088 132176871118528 drain_end 1 0
1587036678604648 132176871118528 subm_beg 1 0
1587036678621468 132176862725824 emit_beg 67 0
1587036680433972 132176871118528 subm_end 1 0
1587036680434552 132176871118528 pump_beg 1 0
1587036686110265 132176862725824 emit_end 67 0
1587036688051914 132176871118528 pump_end 1 2
1587036688053944 132176871118528 join_beg 1 0
1587036688054594 132176871118528 join_end 0 0
1587036689997653 132176871118528 coll_beg 0 0
1587036691168380 132176871118528 coll_end 0 0
1587036694103333 132176862725824 emit_beg 68 0
1587036701388707 132176862725824 emit_end 68 0
1587036719832364 132176871118528 drain_beg 0 0
1587036719834604 132176871118528 drain_end 1 0
1587036719835884 132176871118528 subm_beg 1 0
1587036723504900 132176871118528 subm_end 1 0
1587036723506480 132176871118528 pump_beg 1 0
1587036733386789 132176871118528 pump_end 1 2
1587036733395329 132176871118528 join_beg 1 0
1587036733397539 132176871118528 join_end 0 0
1587036735353768 132176871118528 coll_beg 0 0
1587036738223823 132176871118528 coll_end 0 0
1587036740145773 132176871118528 drain_beg 0 0
1587036740148413 132176871118528 drain_end 1 0
1587036740149962 132176871118528 subm_beg 1 0
1587036740161922 132176862725824 emit_beg 69 0
1587036742099101 132176871118528 subm_end 1 0
1587036742100871 132176871118528 pump_beg 1 0
1587036749690204 132176862725824 emit_end 69 0
1587036752359107 132176871118528 pump_end 1 2
1587036752360767 132176871118528 join_beg 1 0
1587036752362287 132176871118528 join_end 0 0
1587036755265471 132176871118528 coll_beg 0 0
1587036757858646 132176871118528 coll_end 0 0
1587036760815768 132176862725824 emit_beg 70 0
1587036768203649 132176862725824 emit_end 70 0
1587036784732926 132176871118528 drain_beg 0 0
1587036784735535 132176871118528 drain_end 1 0
1587036784736165 132176871118528 subm_beg 1 0
1587036788447330 132176871118528 subm_end 1 0
1587036788448150 132176871118528 pump_beg 1 0
1587036796894792 132176871118528 pump_end 1 2
1587036796896882 132176871118528 join_beg 1 0
1587036796898992 132176871118528 join_end 0 0
1587036798869230 132176871118528 coll_beg 0 0
1587036801177215 132176871118528 coll_end 0 0
1587036803110245 132176871118528 drain_beg 0 0
1587036803111095 132176871118528 drain_end 1 0
1587036803111865 132176871118528 subm_beg 1 0
1587036803130764 132176862725824 emit_beg 71 0
1587036804936108 132176871118528 subm_end 1 0
1587036804936738 132176871118528 pump_beg 1 0
1587036810677499 132176862725824 emit_end 71 0
1587036813239415 132176871118528 pump_end 1 2
1587036813240785 132176871118528 join_beg 1 0
1587036813241165 132176871118528 join_end 0 0
1587036815127526 132176871118528 coll_beg 0 0
1587036816711489 132176871118528 coll_end 0 0
1587036818818582 132176862725824 emit_beg 72 0
1587036826138744 132176862725824 emit_end 72 0
1587036844279302 132176871118528 drain_beg 0 0
1587036844281262 132176871118528 drain_end 1 0
1587036844282252 132176871118528 subm_beg 1 0
1587036849871488 132176871118528 subm_end 1 0
1587036849873478 132176871118528 pump_beg 1 0
1587036858328780 132176871118528 pump_end 1 2
1587036858329570 132176871118528 join_beg 1 0
1587036858330060 132176871118528 join_end 0 0
1587036860226151 132176871118528 coll_beg 0 0
1587036860839138 132176871118528 coll_end 0 0
1587036864290072 132176871118528 drain_beg 0 0
1587036864290822 132176871118528 drain_end 1 0
1587036864291612 132176871118528 subm_beg 1 0
1587036864308812 132176862725824 emit_beg 73 0
1587036866135065 132176871118528 subm_end 1 0
1587036866135545 132176871118528 pump_beg 1 0
1587036871796358 132176862725824 emit_end 73 0
1587036875287861 132176871118528 pump_end 1 2
1587036875288561 132176871118528 join_beg 1 0
1587036875288791 132176871118528 join_end 0 0
1587036877722852 132176871118528 coll_beg 0 0
1587036879192388 132176871118528 coll_end 0 0
1587036881376409 132176862725824 emit_beg 74 0
1587036888675072 132176862725824 emit_end 74 0
1587036905557446 132176871118528 drain_beg 0 0
1587036905558656 132176871118528 drain_end 1 0
1587036905559026 132176871118528 subm_beg 1 0
1587036909149005 132176871118528 subm_end 1 0
1587036909149545 132176871118528 pump_beg 1 0
1587036918240483 132176871118528 pump_end 1 2
1587036918241103 132176871118528 join_beg 1 0
1587036918241413 132176871118528 join_end 0 0
1587036920143444 132176871118528 coll_beg 0 0
1587036921377849 132176871118528 coll_end 0 0
1587036924351350 132176871118528 drain_beg 0 0
1587036924352020 132176871118528 drain_end 1 0
1587036924352500 132176871118528 subm_beg 1 0
1587036924372660 132176862725824 emit_beg 75 0
1587036926226222 132176871118528 subm_end 1 0
1587036926226852 132176871118528 pump_beg 1 0
1587036933621932 132176862725824 emit_end 75 0
1587036935892929 132176871118528 pump_end 1 2
1587036935895529 132176871118528 join_beg 1 0
1587036935897039 132176871118528 join_end 0 0
1587036938113718 132176871118528 coll_beg 0 0
1587036939999159 132176871118528 coll_end 0 0
1587036943620957 132176862725824 emit_beg 76 0
1587036950821874 132176862725824 emit_end 76 0
1587036966365487 132176871118528 drain_beg 0 0
1587036966370027 132176871118528 drain_end 1 0
1587036966371187 132176871118528 subm_beg 1 0
1587036971990922 132176871118528 subm_end 1 0
1587036971992862 132176871118528 pump_beg 1 0
1587036983688395 132176871118528 pump_end 1 2
1587036983689455 132176871118528 join_beg 1 0
1587036983689875 132176871118528 join_end 0 0
1587036985546927 132176871118528 coll_beg 0 0
1587036988690532 132176871118528 coll_end 0 0
1587036991866637 132176871118528 drain_beg 0 0
1587036991867367 132176871118528 drain_end 1 0
1587036991867847 132176871118528 subm_beg 1 0
1587036991873576 132176862725824 emit_beg 77 0
1587036993709109 132176871118528 subm_end 1 0
1587036993709599 132176871118528 pump_beg 1 0
1587036999260087 132176862725824 emit_end 77 0
1587037004419068 132176871118528 pump_end 1 2
1587037004419628 132176871118528 join_beg 1 0
1587037004419868 132176871118528 join_end 0 0
1587037006380037 132176871118528 coll_beg 0 0
1587037009077178 132176871118528 coll_end 0 0
1587037011885686 132176862725824 emit_beg 78 0
1587037019516828 132176862725824 emit_end 78 0
1587037036148051 132176871118528 drain_beg 0 0
1587037036149970 132176871118528 drain_end 1 0
1587037036150760 132176871118528 subm_beg 1 0
1587037041913570 132176871118528 subm_end 1 0
1587037041915210 132176871118528 pump_beg 1 0
1587037054084246 132176871118528 pump_end 1 2
1587037054087996 132176871118528 join_beg 1 0
1587037054089236 132176871118528 join_end 0 0
1587037056223448 132176871118528 coll_beg 0 0
1587037060817610 132176871118528 coll_end 0 0
1587037062881325 132176871118528 drain_beg 0 0
1587037062882225 132176871118528 drain_end 1 0
1587037062882945 132176871118528 subm_beg 1 0
1587037062901284 132176862725824 emit_beg 79 0
1587037064779496 132176871118528 subm_end 1 0
1587037064780026 132176871118528 pump_beg 1 0
1587037072683267 132176862725824 emit_end 79 0
1587037076866505 132176871118528 pump_end 1 2
1587037076871055 132176871118528 join_beg 1 0
1587037076873134 132176871118528 join_end 0 0
1587037078954148 132176871118528 coll_beg 0 0
1587037083087628 132176871118528 coll_end 0 0
1587037086777593 132176862725824 emit_beg 80 0
1587037094640716 132176862725824 emit_end 80 0
1587037110304444 132176871118528 drain_beg 0 0
1587037110306494 132176871118528 drain_end 1 0
1587037110307294 132176871118528 subm_beg 1 0
1587037116124682 132176871118528 subm_end 1 0
1587037116126312 132176871118528 pump_beg 1 0
1587037128864767 132176871118528 pump_end 1 2
1587037128865997 132176871118528 join_beg 1 0
1587037128866967 132176871118528 join_end 0 0
1587037130871664 132176871118528 coll_beg 0 0
1587037134125365 132176871118528 coll_end 0 0
1587037136281456 132176871118528 drain_beg 0 0
1587037136283736 132176871118528 drain_end 1 0
1587037136285106 132176871118528 subm_beg 1 0
1587037136298116 132176862725824 emit_beg 81 0
1587037142239699 132176871118528 subm_end 1 0
1587037142240819 132176871118528 pump_beg 1 0
1587037146269312 132176862725824 emit_end 81 0
1587037153731850 132176871118528 pump_end 1 2
1587037153733579 132176871118528 join_beg 1 0
1587037153734509 132176871118528 join_end 0 0
1587037156148061 132176871118528 coll_beg 0 0
1587037160420795 132176871118528 coll_end 0 0
1587037163810962 132176862725824 emit_beg 82 0
1587037171677275 132176862725824 emit_end 82 0
1587037188803060 132176871118528 drain_beg 0 0
1587037188806410 132176871118528 drain_end 1 0
1587037188807560 132176871118528 subm_beg 1 0
1587037192718597 132176871118528 subm_end 1 0
1587037192721097 132176871118528 pump_beg 1 0
1587037203057730 132176871118528 pump_end 1 2
1587037203066609 132176871118528 join_beg 1 0
1587037203067499 132176871118528 join_end 0 0
1587037205141853 132176871118528 coll_beg 0 0
1587037208509211 132176871118528 coll_end 0 0
1587037210495408 132176871118528 drain_beg 0 0
1587037210496358 132176871118528 drain_end 1 0
1587037210497098 132176871118528 subm_beg 1 0
1587037210518027 132176862725824 emit_beg 83 0
1587037212393519 132176871118528 subm_end 1 0
1587037212393879 132176871118528 pump_beg 1 0
1587037220263772 132176862725824 emit_end 83 0
1587037224186278 132176871118528 pump_end 1 2
1587037224187748 132176871118528 join_beg 1 0
1587037224188598 132176871118528 join_end 0 0
1587037226193875 132176871118528 coll_beg 0 0
1587037230394922 132176871118528 coll_end 0 0
1587037234010700 132176862725824 emit_beg 84 0
1587037239948123 132176862725824 emit_end 84 0
1587037265308678 132176871118528 drain_beg 0 0
1587037265310448 132176871118528 drain_end 1 0
1587037265311288 132176871118528 subm_beg 1 0
1587037271110796 132176871118528 subm_end 1 0
1587037271112406 132176871118528 pump_beg 1 0
1587037279574767 132176871118528 pump_end 1 2
1587037279576807 132176871118528 join_beg 1 0
1587037279577537 132176871118528 join_end 0 0
1587037281559125 132176871118528 coll_beg 0 0
1587037283273442 132176871118528 coll_end 0 0
1587037285223681 132176871118528 drain_beg 0 0
1587037285224221 132176871118528 drain_end 1 0
1587037285224501 132176871118528 subm_beg 1 0
1587037285245300 132176862725824 emit_beg 85 0
1587037287153621 132176871118528 subm_end 1 0
1587037287154041 132176871118528 pump_beg 1 0
1587037295158769 132176862725824 emit_end 85 0
1587037295995318 132176871118528 pump_end 1 2
1587037295997328 132176871118528 join_beg 1 0
1587037295997918 132176871118528 join_end 0 0
1587037298101611 132176871118528 coll_beg 0 0
1587037299226550 132176871118528 coll_end 0 0
1587037301968160 132176862725824 emit_beg 86 0
1587037309665899 132176862725824 emit_end 86 0
1587037328625517 132176871118528 drain_beg 0 0
1587037328627867 132176871118528 drain_end 1 0
1587037328629157 132176871118528 subm_beg 1 0
1587037334512072 132176871118528 subm_end 1 0
1587037334513642 132176871118528 pump_beg 1 0
1587037346605351 132176871118528 pump_end 1 2
1587037346609301 132176871118528 join_beg 1 0
1587037346611091 132176871118528 join_end 0 0
1587037348801541 132176871118528 coll_beg 0 0
1587037352058552 132176871118528 coll_end 0 0
1587037354084788 132176871118528 drain_beg 0 0
1587037354085558 132176871118528 drain_end 1 0
1587037354086328 132176871118528 subm_beg 1 0
1587037354106297 132176862725824 emit_beg 87 0
1587037356021357 132176871118528 subm_end 1 0
1587037356022037 132176871118528 pump_beg 1 0
1587037362098976 132176862725824 emit_end 87 0
1587037364895933 132176871118528 pump_end 1 2
1587037364897003 132176871118528 join_beg 1 0
1587037364897433 132176871118528 join_end 0 0
1587037366842003 132176871118528 coll_beg 0 0
1587037368956535 132176871118528 coll_end 0 0
1587037371040149 132176862725824 emit_beg 88 0
1587037378737218 132176862725824 emit_end 88 0
1587037398600374 132176871118528 drain_beg 0 0
1587037398601224 132176871118528 drain_end 1 0
1587037398601714 132176871118528 subm_beg 1 0
1587037402430214 132176871118528 subm_end 1 0
1587037402430704 132176871118528 pump_beg 1 0
1587037413526289 132176871118528 pump_end 1 2
1587037413528319 132176871118528 join_beg 1 0
1587037413529419 132176871118528 join_end 0 0
1587037416121824 132176871118528 coll_beg 0 0
1587037419335957 132176871118528 coll_end 0 0
1587037421302235 132176871118528 drain_beg 0 0
1587037421303275 132176871118528 drain_end 1 0
1587037421307265 132176871118528 subm_beg 1 0
1587037421321974 132176862725824 emit_beg 89 0
1587037423251054 132176871118528 subm_end 1 0
1587037423251674 132176871118528 pump_beg 1 0
1587037429276164 132176862725824 emit_end 89 0
1587037432811335 132176871118528 pump_end 1 2
1587037432815105 132176871118528 join_beg 1 0
1587037432816265 132176871118528 join_end 0 0
1587037434906359 132176871118528 coll_beg 0 0
1587037438093772 132176871118528 coll_end 0 0
1587037440045321 132176862725824 emit_beg 90 0
1587037447890155 132176862725824 emit_end 90 0
1587037468667437 132176871118528 drain_beg 0 0
1587037468670306 132176871118528 drain_end 1 0
1587037468671566 132176871118528 subm_beg 1 0
1587037474229264 132176871118528 subm_end 1 0
1587037474230984 132176871118528 pump_beg 1 0
1587037481798477 132176871118528 pump_end 1 2
1587037481800147 132176871118528 join_beg 1 0
1587037481800577 132176871118528 join_end 0 0
1587037483703568 132176871118528 coll_beg 0 0
1587037484426681 132176871118528 coll_end 0 0
1587037486185107 132176862725824 emit_beg 91 0
1587037493543219 132176862725824 emit_end 91 0
1587037495324034 132176871118528 drain_beg 0 0
1587037495325144 132176871118528 drain_end 1 0
1587037495325574 132176871118528 subm_beg 1 0
1587037497186006 132176871118528 subm_end 1 0
1587037497186506 132176871118528 pump_beg 1 0
1587037504251678 132176871118528 pump_end 1 2
1587037504252158 132176871118528 join_beg 1 0
1587037504252588 132176871118528 join_end 0 0
1587037506666170 132176871118528 coll_beg 0 0
1587037507097094 132176871118528 coll_end 0 0
1587037510343026 132176862725824 emit_beg 92 0
1587037517497005 132176862725824 emit_end 92 0
1587037530748191 132176871118528 drain_beg 0 0
1587037530749031 132176871118528 drain_end 1 0
1587037530749391 132176871118528 subm_beg 1 0
1587037534377329 132176871118528 subm_end 1 0
1587037534377759 132176871118528 pump_beg 1 0
1587037543693019 132176871118528 pump_end 1 2
1587037543693689 132176871118528 join_beg 1 0
1587037543693909 132176871118528 join_end 0 0
1587037545599479 132176871118528 coll_beg 0 0
1587037548357248 132176871118528 coll_end 0 0
1587037551451506 132176871118528 drain_beg 0 0
1587037551452555 132176871118528 drain_end 1 0
1587037551453005 132176871118528 subm_beg 1 0
1587037551472945 132176862725824 emit_beg 93 0
1587037553384805 132176871118528 subm_end 1 0
1587037553385365 132176871118528 pump_beg 1 0
1587037560766376 132176862725824 emit_end 93 0
1587037562589009 132176871118528 pump_end 1 2
1587037562592139 132176871118528 join_beg 1 0
1587037562593699 132176871118528 join_end 0 0
1587037565870829 132176871118528 coll_beg 0 0
1587037567992512 132176871118528 coll_end 0 0
1587037571354259 132176862725824 emit_beg 94 0
1587037578643423 132176862725824 emit_end 94 0
1587037594264863 132176871118528 drain_beg 0 0
1587037594265743 132176871118528 drain_end 1 0
1587037594266163 132176871118528 subm_beg 1 0
1587037597922670 132176871118528 subm_end 1 0
1587037597923400 132176871118528 pump_beg 1 0
1587037607323527 132176871118528 pump_end 1 2
1587037607324347 132176871118528 join_beg 1 0
1587037607325427 132176871118528 join_end 0 0
1587037609282105 132176871118528 coll_beg 0 0
1587037611393648 132176871118528 coll_end 0 0
1587037614548493 132176871118528 drain_beg 0 0
1587037614549303 132176871118528 drain_end 1 0
1587037614549673 132176871118528 subm_beg 1 0
1587037614568712 132176862725824 emit_beg 95 0
1587037616323608 132176871118528 subm_end 1 0
1587037616324168 132176871118528 pump_beg 1 0
1587037622053469 132176862725824 emit_end 95 0
1587037625974976 132176871118528 pump_end 1 2
1587037625975616 132176871118528 join_beg 1 0
1587037625975826 132176871118528 join_end 0 0
1587037628887640 132176871118528 coll_beg 0 0
1587037631617990 132176871118528 coll_end 0 0
1587037634457167 132176862725824 emit_beg 96 0
1587037641765920 132176862725824 emit_end 96 0
1587037656834090 132176871118528 drain_beg 0 0
1587037656835710 132176871118528 drain_end 1 0
1587037656836330 132176871118528 subm_beg 1 0
1587037660527775 132176871118528 subm_end 1 0
1587037660528295 132176871118528 pump_beg 1 0
1587037670105596 132176871118528 pump_end 1 2
1587037670106216 132176871118528 join_beg 1 0
1587037670106786 132176871118528 join_end 0 0
1587037672076294 132176871118528 coll_beg 0 0
1587037674517345 132176871118528 coll_end 0 0
1587037676456094 132176871118528 drain_beg 0 0
1587037676458274 132176871118528 drain_end 1 0
1587037676459444 132176871118528 subm_beg 1 0
1587037676474163 132176862725824 emit_beg 97 0
1587037680240246 132176871118528 subm_end 1 0
1587037680253315 132176871118528 pump_beg 1 0
1587037685757824 132176862725824 emit_end 97 0
1587037689694981 132176871118528 pump_end 1 2
1587037689695971 132176871118528 join_beg 1 0
1587037689696421 132176871118528 join_end 0 0
1587037692103383 132176871118528 coll_beg 0 0
1587037693873488 132176871118528 coll_end 0 0
1587037695658403 132176862725824 emit_beg 98 0
1587037702973626 132176862725824 emit_end 98 0
1587037720194628 132176871118528 drain_beg 0 0
1587037720195458 132176871118528 drain_end 1 0
1587037720196008 132176871118528 subm_beg 1 0
1587037723804836 132176871118528 subm_end 1 0
1587037723805146 132176871118528 pump_beg 1 0
1587037733052108 132176871118528 pump_end 1 2
1587037733052578 132176871118528 join_beg 1 0
1587037733053028 132176871118528 join_end 0 0
1587037734871372 132176871118528 coll_beg 0 0
1587037736295220 132176871118528 coll_end 0 0
1587037738073685 132176871118528 drain_beg 0 0
1587037738074465 132176871118528 drain_end 1 0
1587037738075095 132176871118528 subm_beg 1 0
1587037738078255 132176862725824 emit_beg 99 0
1587037739877769 132176871118528 subm_end 1 0
1587037739878169 132176871118528 pump_beg 1 0
1587037745301701 132176862725824 emit_end 99 0
1587037750598238 132176871118528 pump_end 1 2
1587037750598918 132176871118528 join_beg 1 0
1587037750599138 132176871118528 join_end 0 0
1587037754244495 132176871118528 coll_beg 0 0
1587037756496443 132176871118528 coll_end 0 0
1587037759646478 132176862725824 emit_beg 100 0
1587037766992000 132176862725824 emit_end 100 0
1587037780722669 132176871118528 drain_beg 0 0
1587037780723109 132176871118528 drain_end 1 0
1587037780723429 132176871118528 subm_beg 1 0
1587037784318968 132176871118528 subm_end 1 0
1587037784319377 132176871118528 pump_beg 1 0
1587037800010325 132176871118528 pump_end 1 2
1587037800011635 132176871118528 join_beg 1 0
1587037800012445 132176871118528 join_end 0 0
1587037802044961 132176871118528 coll_beg 0 0
1587037806790387 132176871118528 coll_end 0 0
1587037808762895 132176871118528 drain_beg 0 0
1587037808763645 132176871118528 drain_end 1 0
1587037808764105 132176871118528 subm_beg 1 0
1587037808770165 132176862725824 emit_beg 101 0
1587037810672646 132176871118528 subm_end 1 0
1587037810673096 132176871118528 pump_beg 1 0
1587037818049837 132176862725824 emit_end 101 0
1587037822383318 132176871118528 pump_end 1 2
1587037822383798 132176871118528 join_beg 1 0
1587037822384068 132176871118528 join_end 0 0
1587037825238524 132176871118528 coll_beg 0 0
1587037829329725 132176871118528 coll_end 0 0
1587037831581873 132176862725824 emit_beg 102 0
1587037839226084 132176862725824 emit_end 102 0
1587037858181382 132176871118528 drain_beg 0 0
1587037858186282 132176871118528 drain_end 1 0
1587037858187592 132176871118528 subm_beg 1 0
1587037864114326 132176871118528 subm_end 1 0
1587037864115476 132176871118528 pump_beg 1 0
1587037871988778 132176871118528 pump_end 1 2
1587037871992268 132176871118528 join_beg 1 0
1587037871993298 132176871118528 join_end 0 0
1587037874037583 132176871118528 coll_beg 0 0
1587037875359125 132176871118528 coll_end 0 0
1587037877375182 132176871118528 drain_beg 0 0
1587037877375892 132176871118528 drain_end 1 0
1587037877376312 132176871118528 subm_beg 1 0
1587037877395851 132176862725824 emit_beg 103 0
1587037879250513 132176871118528 subm_end 1 0
1587037879250943 132176871118528 pump_beg 1 0
1587037885145598 132176862725824 emit_end 103 0
1587037890782902 132176871118528 pump_end 1 2
1587037890783442 132176871118528 join_beg 1 0
1587037890783902 132176871118528 join_end 0 0
1587037893903058 132176871118528 coll_beg 0 0
1587037896792173 132176871118528 coll_end 0 0
1587037899623870 132176862725824 emit_beg 104 0
1587037907451634 132176862725824 emit_end 104 0
1587037922537304 132176871118528 drain_beg 0 0
1587037922539283 132176871118528 drain_end 1 0
1587037922540033 132176871118528 subm_beg 1 0
1587037928363701 132176871118528 subm_end 1 0
1587037928365471 132176871118528 pump_beg 1 0
1587037939923009 132176871118528 pump_end 1 2
1587037939923769 132176871118528 join_beg 1 0
1587037939930859 132176871118528 join_end 0 0
1587037941934276 132176871118528 coll_beg 0 0
1587037945493486 132176871118528 coll_end 0 0
1587037947447174 132176871118528 drain_beg 0 0
1587037947447924 132176871118528 drain_end 1 0
1587037947448454 132176871118528 subm_beg 1 0
1587037947460534 132176862725824 emit_beg 105 0
1587037949397273 132176871118528 subm_end 1 0
1587037949397683 132176871118528 pump_beg 1 0
1587037955272049 132176862725824 emit_end 105 0
1587037961153904 132176871118528 pump_end 1 2
1587037961154344 132176871118528 join_beg 1 0
1587037961154554 132176871118528 join_end 0 0
1587037963243698 132176871118528 coll_beg 0 0
1587037967269631 132176871118528 coll_end 0 0
1587037971062123 132176862725824 emit_beg 106 0
1587037979172227 132176862725824 emit_end 106 0
1587037996858811 132176871118528 drain_beg 0 0
1587037996860121 132176871118528 drain_end 1 0
1587037996860801 132176871118528 subm_beg 1 0
1587038000811967 132176871118528 subm_end 1 0
1587038000812407 132176871118528 pump_beg 1 0
1587038010471844 132176871118528 pump_end 1 2
1587038010474764 132176871118528 join_beg 1 0
1587038010475794 132176871118528 join_end 0 0
1587038012493811 132176871118528 coll_beg 0 0
1587038015108295 132176871118528 coll_end 0 0
1587038017133911 132176871118528 drain_beg 0 0
1587038017136711 132176871118528 drain_end 1 0
1587038017133921 132176862725824 emit_beg 107 0
1587038017137771 132176871118528 subm_beg 1 0
1587038019199736 132176871118528 subm_end 1 0
1587038019200276 132176871118528 pump_beg 1 0
1587038029270549 132176871118528 pump_end 1 2
1587038029270978 132176871118528 join_beg 1 0
1587038030301711 132176862725824 emit_end 107 0
1587038030306801 132176871118528 join_end 0 0
1587038042469487 132176871118528 coll_beg 0 0
1587038046063296 132176871118528 coll_end 0 0
1587038052398525 132176862725824 emit_beg 108 0
1587038071665551 132176862725824 emit_end 108 0
1587038112530200 132176871118528 drain_beg 0 0
1587038112534590 132176871118528 drain_end 1 0
1587038112535970 132176871118528 subm_beg 1 0
1587038122072582 132176871118528 subm_end 1 0
1587038122074682 132176871118528 pump_beg 1 0
1587038134112983 132176871118528 pump_end 1 2
1587038134114832 132176871118528 join_beg 1 0
1587038134115872 132176871118528 join_end 0 0
1587038137423502 132176871118528 coll_beg 0 0
1587038142319793 132176871118528 coll_end 0 0
1587038145731009 132176871118528 drain_beg 0 0
1587038145732608 132176871118528 drain_end 1 0
1587038145733158 132176871118528 subm_beg 1 0
1587038145735408 132176862725824 emit_beg 109 0
1587038149723533 132176871118528 subm_end 1 0
1587038149724123 132176871118528 pump_beg 1 0
1587038157901584 132176871118528 pump_end 1 2
1587038157902084 132176871118528 join_beg 1 0
1587038163568038 132176862725824 emit_end 109 0
1587038163574707 132176871118528 join_end 0 0
1587038171129482 132176871118528 coll_beg 0 0
1587038172649796 132176871118528 coll_end 0 0
1587038178780432 132176871118528 drain_beg 0 0
1587038178781102 132176871118528 drain_end 1 0
1587038178781682 132176871118528 subm_beg 1 0
1587038178781742 132176862725824 emit_beg 110 0
1587038185819076 132176871118528 subm_end 1 0
1587038185819606 132176871118528 pump_beg 1 0
1587038195047749 132176862725824 emit_end 110 0
1587038197555667 132176871118528 pump_end 1 2
1587038197556237 132176871118528 join_beg 1 0
1587038197556477 132176871118528 join_end 0 0
1587038202295904 132176871118528 coll_beg 0 0
1587038206903906 132176871118528 coll_end 0 0
1587038213185657 132176862725824 emit_beg 111 0
1587038226848298 132176862725824 emit_end 111 0
1587038260710512 132176871118528 drain_beg 0 0
1587038260715772 132176871118528 drain_end 1 0
1587038260717472 132176871118528 subm_beg 1 0
1587038266983604 132176871118528 subm_end 1 0
1587038266984444 132176871118528 pump_beg 1 0
1587038277123954 132176871118528 pump_end 1 2
1587038277126414 132176871118528 join_beg 1 0
1587038277127863 132176871118528 join_end 0 0
1587038281334170 132176871118528 coll_beg 0 0
1587038286539400 132176871118528 coll_end 0 0
1587038290208846 132176862725824 emit_beg 112 0
1587038304334281 132176862725824 emit_end 112 0
1587038329201783 132176871118528 drain_beg 0 0
1587038329206233 132176871118528 drain_end 1 0
1587038329207473 132176871118528 subm_beg 1 0
1587038336458678 132176871118528 subm_end 1 0
1587038336461138 132176871118528 pump_beg 1 0
1587038344156077 132176871118528 pump_end 1 2
1587038344158787 132176871118528 join_beg 1 0
1587038344159737 132176871118528 join_end 0 0
1587038347850613 132176871118528 coll_beg 0 0
1587038348583896 132176871118528 coll_end 0 0
1587038352258692 132176871118528 drain_beg 0 0
1587038352259332 132176871118528 drain_end 1 0
1587038352259752 132176871118528 subm_beg 1 0
1587038352261682 132176862725824 emit_beg 113 0
1587038355840601 132176871118528 subm_end 1 0
1587038355840991 132176871118528 pump_beg 1 0
1587038364134118 132176871118528 pump_end 1 2
1587038364134718 132176871118528 join_beg 1 0
1587038366111126 132176862725824 emit_end 113 0
1587038366115686 132176871118528 join_end 0 0
1587038368344415 132176871118528 coll_beg 0 0
1587038370396800 132176871118528 coll_end 0 0
1587038372707555 132176862725824 emit_beg 114 0
1587038381220495 132176862725824 emit_end 114 0
1587038400609987 132176871118528 drain_beg 0 0
1587038400611817 132176871118528 drain_end 1 0
1587038400612527 132176871118528 subm_beg 1 0
1587038404337441 132176871118528 subm_end 1 0
1587038404340371 132176871118528 pump_beg 1 0
1587038411779020 132176871118528 pump_end 1 2
1587038411779950 132176871118528 join_beg 1 0
1587038411780310 132176871118528 join_end 0 0
1587038413629432 132176871118528 coll_beg 0 0
1587038414636405 132176871118528 coll_end 0 0
1587038416478028 132176862725824 emit_beg 115 0
1587038423922496 132176862725824 emit_end 115 0
1587038425755080 132176871118528 drain_beg 0 0
1587038425755770 132176871118528 drain_end 1 0
1587038425756160 132176871118528 subm_beg 1 0
1587038427581293 132176871118528 subm_end 1 0
1587038427582183 132176871118528 pump_beg 1 0
1587038436874704 132176871118528 pump_end 1 2
1587038436875284 132176871118528 join_beg 1 0
1587038436875554 132176871118528 join_end 0 0
1587038439323994 132176871118528 coll_beg 0 0
1587038442980351 132176871118528 coll_end 0 0
1587038444935110 132176862725824 emit_beg 116 0
1587038452304451 132176862725824 emit_end 116 0
1587038454105385 132176871118528 drain_beg 0 0
1587038454108075 132176871118528 drain_end 1 0
1587038454109225 132176871118528 subm_beg 1 0
1587038456012395 132176871118528 subm_end 1 0
1587038456013985 132176871118528 pump_beg 1 0
1587038465946003 132176871118528 pump_end 1 2
1587038465948173 132176871118528 join_beg 1 0
1587038465949143 132176871118528 join_end 0 0
1587038468521559 132176871118528 coll_beg 0 0
1587038471216790 132176871118528 coll_end 0 0
1587038474029588 132176871118528 drain_beg 0 0
1587038474030188 132176871118528 drain_end 1 0
1587038474030548 132176871118528 subm_beg 1 0
1587038474036158 132176862725824 emit_beg 117 0
1587038475923649 132176871118528 subm_end 1 0
1587038475924059 132176871118528 pump_beg 1 0
1587038483293060 132176862725824 emit_end 117 0
1587038487631611 132176871118528 pump_end 1 2
1587038487632271 132176871118528 join_beg 1 0
1587038487632511 132176871118528 join_end 0 0
1587038489643008 132176871118528 coll_beg 0 0
1587038494146254 132176871118528 coll_end 0 0
1587038497012769 132176862725824 emit_beg 118 0
1587038502665773 132176862725824 emit_end 118 0
1587038520264151 132176871118528 drain_beg 0 0
1587038520268210 132176871118528 drain_end 1 0
1587038520269620 132176871118528 subm_beg 1 0
1587038523946846 132176871118528 subm_end 1 0
1587038523947226 132176871118528 pump_beg 1 0
1587038533987380 132176871118528 pump_end 1 2
1587038533991840 132176871118528 join_beg 1 0
1587038533993120 132176871118528 join_end 0 0
1587038535898550 132176871118528 coll_beg 0 0
1587038539275717 132176871118528 coll_end 0 0
1587038541179877 132176871118528 drain_beg 0 0
1587038541180857 132176871118528 drain_end 1 0
1587038541181587 132176871118528 subm_beg 1 0
1587038541199337 132176862725824 emit_beg 119 0
1587038542970792 132176871118528 subm_end 1 0
1587038542977192 132176871118528 pump_beg 1 0
1587038548643665 132176862725824 emit_end 119 0
1587038551032228 132176871118528 pump_end 1 2
1587038551032788 132176871118528 join_beg 1 0
1587038551033088 132176871118528 join_end 0 0
1587038552932078 132176871118528 coll_beg 0 0
1587038554258040 132176871118528 coll_end 0 0
1587038556593055 132176862725824 emit_beg 120 0
1587038563851950 132176862725824 emit_end 120 0
1587038582697492 132176871118528 drain_beg 0 0
1587038582702952 132176871118528 drain_end 1 0
1587038582704192 132176871118528 subm_beg 1 0
1587038586384288 132176871118528 subm_end 1 0
1587038586385918 132176871118528 pump_beg 1 0
1587038597465023 132176871118528 pump_end 1 2
1587038597467633 132176871118528 join_beg 1 0
1587038597469253 132176871118528 join_end 0 0
1587038599376914 132176871118528 coll_beg 0 0
1587038602384194 132176871118528 coll_end 0 0
1587038604245396 132176871118528 drain_beg 0 0
1587038604246016 132176871118528 drain_end 1 0
1587038604246796 132176871118528 subm_beg 1 0
1587038604252396 132176862725824 emit_beg 121 0
1587038606040250 132176871118528 subm_end 1 0
1587038606040770 132176871118528 pump_beg 1 0
1587038611677035 132176862725824 emit_end 121 0
1587038615682779 132176871118528 pump_end 1 2
1587038615683469 132176871118528 join_beg 1 0
1587038615683879 132176871118528 join_end 0 0
1587038618820894 132176871118528 coll_beg 0 0
1587038621089031 132176871118528 coll_end 0 0
1587038624188658 132176862725824 emit_beg 122 0
1587038631644616 132176862725824 emit_end 122 0
1587038646911739 132176871118528 drain_beg 0 0
1587038646912829 132176871118528 drain_end 1 0
1587038646913289 132176871118528 subm_beg 1 0
1587038650500598 132176871118528 subm_end 1 0
1587038650500908 132176871118528 pump_beg 1 0
1587038662991122 132176871118528 pump_end 1 2
1587038662992772 132176871118528 join_beg 1 0
1587038662993402 132176871118528 join_end 0 0
1587038666217464 132176871118528 coll_beg 0 0
1587038670223908 132176871118528 coll_end 0 0
1587038672177737 132176862725824 emit_beg 123 0
1587038672177827 132176871118528 drain_beg 0 0
1587038672181327 132176871118528 drain_end 1 0
1587038672182887 132176871118528 subm_beg 1 0
1587038675889751 132176871118528 subm_end 1 0
1587038675890321 132176871118528 pump_beg 1 0
1587038679709722 132176862725824 emit_end 123 0
1587038684607223 132176871118528 pump_end 1 2
1587038684608093 132176871118528 join_beg 1 0
1587038684608723 132176871118528 join_end 0 0
1587038687425250 132176871118528 coll_beg 0 0
1587038689682588 132176871118528 coll_end 0 0
1587038693050945 132176862725824 emit_beg 124 0
1587038700926688 132176862725824 emit_end 124 0
1587038716193511 132176871118528 drain_beg 0 0
1587038716195620 132176871118528 drain_end 1 0
1587038716196390 132176871118528 subm_beg 1 0
1587038721787096 132176871118528 subm_end 1 0
1587038721788696 132176871118528 pump_beg 1 0
1587038733104044 132176871118528 pump_end 1 2
1587038733106513 132176871118528 join_beg 1 0
1587038733107693 132176871118528 join_end 0 0
1587038735240775 132176871118528 coll_beg 0 0
1587038738702349 132176871118528 coll_end 0 0
1587038741121421 132176871118528 drain_beg 0 0
1587038741122361 132176871118528 drain_end 1 0
1587038741122901 132176871118528 subm_beg 1 0
1587038741142240 132176862725824 emit_beg 125 0
1587038742955014 132176871118528 subm_end 1 0
1587038742955624 132176871118528 pump_beg 1 0
1587038748667465 132176862725824 emit_end 125 0
1587038754405286 132176871118528 pump_end 1 2
1587038754406336 132176871118528 join_beg 1 0
1587038754406916 132176871118528 join_end 0 0
1587038756369694 132176871118528 coll_beg 0 0
1587038759166012 132176871118528 coll_end 0 0
1587038761739128 132176862725824 emit_beg 126 0
1587038770962232 132176862725824 emit_end 126 0
1587038785430104 132176871118528 drain_beg 0 0
1587038785432414 132176871118528 drain_end 1 0
1587038785433494 132176871118528 subm_beg 1 0
1587038791222452 132176871118528 subm_end 1 0
1587038791224422 132176871118528 pump_beg 1 0
1587038801007725 132176871118528 pump_end 1 2
1587038801009455 132176871118528 join_beg 1 0
1587038801016625 132176871118528 join_end 0 0
1587038803032062 132176871118528 coll_beg 0 0
1587038805217852 132176871118528 coll_end 0 0
1587038807188230 132176871118528 drain_beg 0 0
1587038807188920 132176871118528 drain_end 1 0
1587038807189560 132176871118528 subm_beg 1 0
1587038807532297 132176862725824 emit_beg 127 0
1587038809095920 132176871118528 subm_end 1 0
1587038809096590 132176871118528 pump_beg 1 0
1587038817089639 132176862725824 emit_end 127 0
1587038820308911 132176871118528 pump_end 1 2
1587038820309921 132176871118528 join_beg 1 0
1587038820310401 132176871118528 join_end 0 0
1587038823549843 132176871118528 coll_beg 0 0
1587038825535310 132176871118528 coll_end 0 0
1587038829313672 132176862725824 emit_beg 128 0
1587038837209324 132176862725824 emit_end 128 0
1587038853689103 132176871118528 drain_beg 0 0
1587038853690863 132176871118528 drain_end 1 0
1587038853691763 132176871118528 subm_beg 1 0
1587038857494084 132176871118528 subm_end 1 0
1587038857494794 132176871118528 pump_beg 1 0
1587038867403762 132176871118528 pump_end 1 2
1587038867405792 132176871118528 join_beg 1 0
1587038867407032 132176871118528 join_end 0 0
1587038869475017 132176871118528 coll_beg 0 0
1587038871854060 132176871118528 coll_end 0 0
1587038873805959 132176871118528 drain_beg 0 0
1587038873807019 132176871118528 drain_end 1 0
1587038873807909 132176871118528 subm_beg 1 0
1587038873826078 132176862725824 emit_beg 129 0
1587038875747718 132176871118528 subm_end 1 0
1587038875748438 132176871118528 pump_beg 1 0
1587038883591292 132176862725824 emit_end 129 0
1587038887299436 132176871118528 pump_end 1 2
1587038887301846 132176871118528 join_beg 1 0
1587038887302826 132176871118528 join_end 0 0
1587038889454268 132176871118528 coll_beg 0 0
1587038893046477 132176871118528 coll_end 0 0
1587038895401651 132176862725824 emit_beg 130 0
1587038905287810 132176862725824 emit_end 130 0
1587038922475163 132176871118528 drain_beg 0 0
1587038922479832 132176871118528 drain_end 1 0
1587038922481232 132176871118528 subm_beg 1 0
1587038928290531 132176871118528 subm_end 1 0
1587038928293050 132176871118528 pump_beg 1 0
1587038935432990 132176871118528 pump_end 1 2
1587038935435670 132176871118528 join_beg 1 0
1587038935437420 132176871118528 join_end 0 0
1587038937507504 132176871118528 coll_beg 0 0
1587038937608890 132176871118528 coll_end 0 0
1587038941360374 132176871118528 drain_beg 0 0
1587038941360883 132176871118528 drain_end 1 0
1587038941361523 132176871118528 subm_beg 1 0
1587038941382623 132176862725824 emit_beg 131 0
1587038943309302 132176871118528 subm_end 1 0
1587038943309792 132176871118528 pump_beg 1 0
1587038951092418 132176862725824 emit_end 131 0
1587038952154420 132176871118528 pump_end 1 2
1587038952155090 132176871118528 join_beg 1 0
1587038952155660 132176871118528 join_end 0 0
1587038955334344 132176871118528 coll_beg 0 0
1587038956965164 132176871118528 coll_end 0 0
1587038959138555 132176862725824 emit_beg 132 0
1587038966818115 132176862725824 emit_end 132 0
1587038985383827 132176871118528 drain_beg 0 0
1587038985386127 132176871118528 drain_end 1 0
1587038985386817 132176871118528 subm_beg 1 0
1587038989268835 132176871118528 subm_end 1 0
1587038989269465 132176871118528 pump_beg 1 0
1587038998117312 132176871118528 pump_end 1 2
1587038998119192 132176871118528 join_beg 1 0
1587038998120362 132176871118528 join_end 0 0
1587039000173617 132176871118528 coll_beg 0 0
1587039002619158 132176871118528 coll_end 0 0
1587039004686203 132176871118528 drain_beg 0 0
1587039004687132 132176871118528 drain_end 1 0
1587039004687882 132176871118528 subm_beg 1 0
1587039004703582 132176862725824 emit_beg 133 0
1587039006582933 132176871118528 subm_end 1 0
1587039006583493 132176871118528 pump_beg 1 0
1587039014284882 132176862725824 emit_end 133 0
1587039018362164 132176871118528 pump_end 1 2
1587039018362903 132176871118528 join_beg 1 0
1587039018363423 132176871118528 join_end 0 0
1587039020355541 132176871118528 coll_beg 0 0
1587039023854663 132176871118528 coll_end 0 0
1587039026190718 132176862725824 emit_beg 134 0
1587039033932215 132176862725824 emit_end 134 0
1587039052992600 132176871118528 drain_beg 0 0
1587039052997180 132176871118528 drain_end 1 0
1587039052998570 132176871118528 subm_beg 1 0
1587039059252681 132176871118528 subm_end 1 0
1587039059254671 132176871118528 pump_beg 1 0
1587039070488931 132176871118528 pump_end 1 2
1587039070492931 132176871118528 join_beg 1 0
1587039070494391 132176871118528 join_end 0 0
1587039072619204 132176871118528 coll_beg 0 0
1587039076095207 132176871118528 coll_end 0 0
1587039078162311 132176871118528 drain_beg 0 0
1587039078163441 132176871118528 drain_end 1 0
1587039078164011 132176871118528 subm_beg 1 0
1587039078182480 132176862725824 emit_beg 135 0
1587039080113750 132176871118528 subm_end 1 0
1587039080114330 132176871118528 pump_beg 1 0
1587039088053140 132176862725824 emit_end 135 0
1587039090895976 132176871118528 pump_end 1 2
1587039090896906 132176871118528 join_beg 1 0
1587039090898006 132176871118528 join_end 0 0
1587039094525034 132176871118528 coll_beg 0 0
1587039099755953 132176871118528 coll_end 0 0
1587039103415140 132176862725824 emit_beg 136 0
1587039111190086 132176862725824 emit_end 136 0
1587039127849768 132176871118528 drain_beg 0 0
1587039127852788 132176871118528 drain_end 1 0
1587039127854098 132176871118528 subm_beg 1 0
1587039133715594 132176871118528 subm_end 1 0
1587039133716484 132176871118528 pump_beg 1 0
1587039142873680 132176871118528 pump_end 1 2
1587039142875710 132176871118528 join_beg 1 0
1587039142876990 132176871118528 join_end 0 0
1587039144873037 132176871118528 coll_beg 0 0
1587039146822846 132176871118528 coll_end 0 0
1587039148793374 132176871118528 drain_beg 0 0
1587039148794354 132176871118528 drain_end 1 0
1587039148794874 132176871118528 subm_beg 1 0
1587039148814133 132176862725824 emit_beg 137 0
1587039152599015 132176871118528 subm_end 1 0
1587039152599585 132176871118528 pump_beg 1 0
1587039158526169 132176862725824 emit_end 137 0
1587039160544805 132176871118528 pump_end 1 2
1587039160545945 132176871118528 join_beg 1 0
1587039160546455 132176871118528 join_end 0 0
1587039164417983 132176871118528 coll_beg 0 0
1587039165630109 132176871118528 coll_end 0 0
1587039168347670 132176862725824 emit_beg 138 0
1587039176039419 132176862725824 emit_end 138 0
1587039193036729 132176871118528 drain_beg 0 0
1587039193040959 132176871118528 drain_end 1 0
1587039193042009 132176871118528 subm_beg 1 0
1587039196681106 132176871118528 subm_end 1 0
1587039196683426 132176871118528 pump_beg 1 0
1587039208186636 132176871118528 pump_end 1 2
1587039208188676 132176871118528 join_beg 1 0
1587039208189946 132176871118528 join_end 0 0
1587039210143645 132176871118528 coll_beg 0 0
1587039213515382 132176871118528 coll_end 0 0
1587039215422112 132176871118528 drain_beg 0 0
1587039215423142 132176871118528 drain_end 1 0
1587039215423812 132176871118528 subm_beg 1 0
1587039215442071 132176862725824 emit_beg 139 0
1587039217217057 132176871118528 subm_end 1 0
1587039217217627 132176871118528 pump_beg 1 0
1587039224702464 132176862725824 emit_end 139 0
1587039227238721 132176871118528 pump_end 1 2
1587039227239741 132176871118528 join_beg 1 0
1587039227240421 132176871118528 join_end 0 0
1587039229049605 132176871118528 coll_beg 0 0
1587039231552943 132176871118528 coll_end 0 0
1587039233401456 132176862725824 emit_beg 140 0
1587039240659551 132176862725824 emit_end 140 0
1587039261440523 132176871118528 drain_beg 0 0
1587039261443133 132176871118528 drain_end 1 0
1587039261444303 132176871118528 subm_beg 1 0
1587039266969091 132176871118528 subm_end 1 0
1587039266970971 132176871118528 pump_beg 1 0
1587039279461125 132176871118528 pump_end 1 2
1587039279468775 132176871118528 join_beg 1 0
1587039279469995 132176871118528 join_end 0 0
1587039281714993 132176871118528 coll_beg 0 0
1587039287042199 132176871118528 coll_end 0 0
1587039289131612 132176871118528 drain_beg 0 0
1587039289133542 132176871118528 drain_end 1 0
1587039289134652 132176871118528 subm_beg 1 0
1587039289149182 132176862725824 emit_beg 141 0
1587039294847734 132176871118528 subm_end 1 0
1587039294848744 132176871118528 pump_beg 1 0
1587039298702573 132176862725824 emit_end 141 0
1587039305260964 132176871118528 pump_end 1 2
1587039305264723 132176871118528 join_beg 1 0
1587039305266043 132176871118528 join_end 0 0
1587039308990667 132176871118528 coll_beg 0 0
1587039313198284 132176871118528 coll_end 0 0
1587039316410757 132176862725824 emit_beg 142 0
1587039318244540 132176871118528 drain_beg 0 0
1587039318249060 132176871118528 drain_end 1 0
1587039318250400 132176871118528 subm_beg 1 0
1587039323913503 132176871118528 subm_end 1 0
1587039323915903 132176871118528 pump_beg 1 0
1587039325923480 132176862725824 emit_end 142 0
1587039331807285 132176871118528 pump_end 1 2
1587039331808865 132176871118528 join_beg 1 0
1587039331809785 132176871118528 join_end 0 0
1587039333731535 132176871118528 coll_beg 0 0
1587039334876123 132176871118528 coll_end 0 0
1587039337504937 132176862725824 emit_beg 143 0
1587039346644013 132176862725824 emit_end 143 0
1587039362494895 132176871118528 drain_beg 0 0
1587039362497125 132176871118528 drain_end 1 0
1587039362498215 132176871118528 subm_beg 1 0
1587039368132339 132176871118528 subm_end 1 0
1587039368134199 132176871118528 pump_beg 1 0
1587039379401328 132176871118528 pump_end 1 2
1587039379405358 132176871118528 join_beg 1 0
1587039379407208 132176871118528 join_end 0 0
1587039381367456 132176871118528 coll_beg 0 0
1587039385387850 132176871118528 coll_end 0 0
1587039387329599 132176871118528 drain_beg 0 0
1587039387330839 132176871118528 drain_end 1 0
1587039387331389 132176871118528 subm_beg 1 0
1587039387348368 132176862725824 emit_beg 144 0
1587039389215330 132176871118528 subm_end 1 0
1587039389215830 132176871118528 pump_beg 1 0
1587039396895950 132176862725824 emit_end 144 0
1587039400757009 132176871118528 pump_end 1 2
1587039400758549 132176871118528 join_beg 1 0
1587039400759399 132176871118528 join_end 0 0
1587039403553507 132176871118528 coll_beg 0 0
1587039408101031 132176871118528 coll_end 0 0
1587039411283145 132176862725824 emit_beg 145 0
1587039418776271 132176862725824 emit_end 145 0
1587039434143840 132176871118528 drain_beg 0 0
1587039434146120 132176871118528 drain_end 1 0
1587039434147540 132176871118528 subm_beg 1 0
1587039437805787 132176871118528 subm_end 1 0
1587039437807467 132176871118528 pump_beg 1 0
1587039447001801 132176871118528 pump_end 1 2
1587039447003211 132176871118528 join_beg 1 0
1587039447004101 132176871118528 join_end 0 0
1587039448844344 132176871118528 coll_beg 0 0
1587039450891809 132176871118528 coll_end 0 0
1587039452725542 132176871118528 drain_beg 0 0
1587039452726512 132176871118528 drain_end 1 0
1587039452726972 132176871118528 subm_beg 1 0
1587039452744901 132176862725824 emit_beg 146 0
1587039454559205 132176871118528 subm_end 1 0
1587039454559725 132176871118528 pump_beg 1 0
1587039461963625 132176862725824 emit_end 146 0
1587039465691809 132176871118528 pump_end 1 2
1587039465692269 132176871118528 join_beg 1 0
1587039465692559 132176871118528 join_end 0 0
1587039467575560 132176871118528 coll_beg 0 0
1587039471712559 132176871118528 coll_end 0 0
1587039474896593 132176862725824 emit_beg 147 0
1587039482284794 132176862725824 emit_end 147 0
1587039497551216 132176871118528 drain_beg 0 0
1587039497553206 132176871118528 drain_end 1 0
1587039497553976 132176871118528 subm_beg 1 0
1587039502936340 132176871118528 subm_end 1 0
1587039502937940 132176871118528 pump_beg 1 0
1587039513793054 132176871118528 pump_end 1 2
1587039513793704 132176871118528 join_beg 1 0
1587039513794174 132176871118528 join_end 0 0
1587039515663405 132176871118528 coll_beg 0 0
1587039519688599 132176871118528 coll_end 0 0
1587039521580150 132176871118528 drain_beg 0 0
1587039521581029 132176871118528 drain_end 1 0
1587039521581689 132176871118528 subm_beg 1 0
1587039521600699 132176862725824 emit_beg 148 0
1587039523338465 132176871118528 subm_end 1 0
1587039523338845 132176871118528 pump_beg 1 0
1587039530237064 132176871118528 pump_end 1 2
1587039530237414 132176871118528 join_beg 1 0
1587039530872490 132176862725824 emit_end 148 0
1587039530877810 132176871118528 join_end 0 0
1587039532655455 132176871118528 coll_beg 0 0
1587039532693584 132176871118528 coll_end 0 0
1587039534527907 132176862725824 emit_beg 149 0
1587039541758013 132176862725824 emit_end 149 0
1587039560334285 132176871118528 drain_beg 0 0
1587039560336345 132176871118528 drain_end 1 0
1587039560337055 132176871118528 subm_beg 1 0
1587039565774017 132176871118528 subm_end 1 0
1587039565775737 132176871118528 pump_beg 1 0
1587039576375930 132176871118528 pump_end 1 2
1587039576378690 132176871118528 join_beg 1 0
1587039576379890 132176871118528 join_end 0 0
1587039578424575 132176871118528 coll_beg 0 0
1587039582105041 132176871118528 coll_end 0 0
1587039583969013 132176871118528 drain_beg 0 0
1587039583969493 132176871118528 drain_end 1 0
1587039583969943 132176871118528 subm_beg 1 0
1587039583990962 132176862725824 emit_beg 150 0
1587039585960180 132176871118528 subm_end 1 0
1587039585960610 132176871118528 pump_beg 1 0
1587039591974321 132176862725824 emit_end 150 0
1587039596525504 132176871118528 pump_end 1 2
1587039596527554 132176871118528 join_beg 1 0
1587039596528144 132176871118528 join_end 0 0
1587039599544454 132176871118528 coll_beg 0 0
1587039602933791 132176871118528 coll_end 0 0
1587039605464248 132176862725824 emit_beg 151 0
1587039613251814 132176862725824 emit_end 151 0
1587039630484465 132176871118528 drain_beg 0 0
1587039630485475 132176871118528 drain_end 1 0
1587039630485965 132176871118528 subm_beg 1 0
1587039634280477 132176871118528 subm_end 1 0
1587039634281217 132176871118528 pump_beg 1 0
1587039644358589 132176871118528 pump_end 1 2
1587039644361859 132176871118528 join_beg 1 0
1587039644362829 132176871118528 join_end 0 0
1587039646384625 132176871118528 coll_beg 0 0
1587039649492302 132176871118528 coll_end 0 0
1587039651477889 132176871118528 drain_beg 0 0
1587039651478509 132176871118528 drain_end 1 0
1587039651479029 132176871118528 subm_beg 1 0
1587039651499718 132176862725824 emit_beg 152 0
1587039653379890 132176871118528 subm_end 1 0
1587039653380290 132176871118528 pump_beg 1 0
1587039660828378 132176871118528 pump_end 1 2
1587039660828848 132176871118528 join_beg 1 0
1587039661269722 132176862725824 emit_end 152 0
1587039661274972 132176871118528 join_end 0 0
1587039663162773 132176871118528 coll_beg 0 0
1587039664102769 132176871118528 coll_end 0 0
1587039667023242 132176862725824 emit_beg 153 0
1587039674687752 132176862725824 emit_end 153 0
1587039693463257 132176871118528 drain_beg 0 0
1587039693465167 132176871118528 drain_end 1 0
1587039693465947 132176871118528 subm_beg 1 0
1587039699276125 132176871118528 subm_end 1 0
1587039699277765 132176871118528 pump_beg 1 0
1587039711044955 132176871118528 pump_end 1 2
1587039711050085 132176871118528 join_beg 1 0
1587039711051415 132176871118528 join_end 0 0
1587039713306033 132176871118528 coll_beg 0 0
1587039717399363 132176871118528 coll_end 0 0
1587039719452589 132176871118528 drain_beg 0 0
1587039719453339 132176871118528 drain_end 1 0
1587039719453829 132176871118528 subm_beg 1 0
1587039719474568 132176862725824 emit_beg 154 0
1587039721408607 132176871118528 subm_end 1 0
1587039721409007 132176871118528 pump_beg 1 0
1587039727364080 132176862725824 emit_end 154 0
1587039730564803 132176871118528 pump_end 1 2
1587039730565673 132176871118528 join_beg 1 0
1587039730565943 132176871118528 join_end 0 0
1587039732571530 132176871118528 coll_beg 0 0
1587039735144656 132176871118528 coll_end 0 0
1587039737148033 132176862725824 emit_beg 155 0
1587039744789944 132176862725824 emit_end 155 0
1587039765516937 132176871118528 drain_beg 0 0
1587039765520337 132176871118528 drain_end 1 0
1587039765521437 132176871118528 subm_beg 1 0
1587039771272727 132176871118528 subm_end 1 0
1587039771274907 132176871118528 pump_beg 1 0
1587039782795247 132176871118528 pump_end 1 2
1587039782798007 132176871118528 join_beg 1 0
1587039782799307 132176871118528 join_end 0 0
1587039784850772 132176871118528 coll_beg 0 0
1587039789129386 132176871118528 coll_end 0 0
1587039791132713 132176871118528 drain_beg 0 0
1587039791133463 132176871118528 drain_end 1 0
1587039791139602 132176871118528 subm_beg 1 0
1587039791153382 132176862725824 emit_beg 156 0
1587039793047803 132176871118528 subm_end 1 0
1587039793048203 132176871118528 pump_beg 1 0
1587039799046854 132176862725824 emit_end 156 0
1587039800292978 132176871118528 pump_end 1 2
1587039800293568 132176871118528 join_beg 1 0
1587039800293948 132176871118528 join_end 0 0
1587039802882544 132176871118528 coll_beg 0 0
1587039803620777 132176871118528 coll_end 0 0
1587039805545337 132176862725824 emit_beg 157 0
1587039811317616 132176862725824 emit_end 157 0
1587039833781696 132176871118528 drain_beg 0 0
1587039833783596 132176871118528 drain_end 1 0
1587039833784446 132176871118528 subm_beg 1 0
1587039837637816 132176871118528 subm_end 1 0
1587039837638736 132176871118528 pump_beg 1 0
1587039849095647 132176871118528 pump_end 1 2
1587039849099137 132176871118528 join_beg 1 0
1587039849100467 132176871118528 join_end 0 0
1587039851161512 132176871118528 coll_beg 0 0
1587039854915285 132176871118528 coll_end 0 0
1587039857049047 132176871118528 drain_beg 0 0
1587039857049547 132176871118528 drain_end 1 0
1587039857049827 132176871118528 subm_beg 1 0
1587039857070836 132176862725824 emit_beg 158 0
1587039858949408 132176871118528 subm_end 1 0
1587039858949798 132176871118528 pump_beg 1 0
1587039867208737 132176862725824 emit_end 158 0
1587039869427065 132176871118528 pump_end 1 2
1587039869427585 132176871118528 join_beg 1 0
1587039869427885 132176871118528 join_end 0 0
1587039871422613 132176871118528 coll_beg 0 0
1587039875181426 132176871118528 coll_end 0 0
1587039878971467 132176862725824 emit_beg 159 0
1587039886735704 132176862725824 emit_end 159 0
1587039907993658 132176871118528 drain_beg 0 0
1587039907996198 132176871118528 drain_end 1 0
1587039907997068 132176871118528 subm_beg 1 0
1587039911822498 132176871118528 subm_end 1 0
1587039911823198 132176871118528 pump_beg 1 0
1587039923387466 132176871118528 pump_end 1 2
1587039923389816 132176871118528 join_beg 1 0
1587039923390646 132176871118528 join_end 0 0
1587039925423992 132176871118528 coll_beg 0 0
1587039929531512 132176871118528 coll_end 0 0
1587039931503790 132176871118528 drain_beg 0 0
1587039931504950 132176871118528 drain_end 1 0
1587039931505730 132176871118528 subm_beg 1 0
1587039931524089 132176862725824 emit_beg 160 0
1587039933469618 132176871118528 subm_end 1 0
1587039933470058 132176871118528 pump_beg 1 0
1587039939459800 132176862725824 emit_end 160 0
1587039943406746 132176871118528 pump_end 1 2
1587039943407236 132176871118528 join_beg 1 0
1587039943407446 132176871118528 join_end 0 0
1587039945373074 132176871118528 coll_beg 0 0
1587039948190701 132176871118528 coll_end 0 0
1587039950205498 132176862725824 emit_beg 161 0
1587039957884727 132176862725824 emit_end 161 0
1587039980210163 132176871118528 drain_beg 0 0
1587039980211253 132176871118528 drain_end 1 0
1587039980211703 132176871118528 subm_beg 1 0
1587039984101491 132176871118528 subm_end 1 0
1587039984101921 132176871118528 pump_beg 1 0
1587039992488075 132176871118528 pump_end 1 2
1587039992490485 132176871118528 join_beg 1 0
1587039992491195 132176871118528 join_end 0 0
1587039994463742 132176871118528 coll_beg 0 0
1587039996211879 132176871118528 coll_end 0 0
1587039998162778 132176871118528 drain_beg 0 0
1587039998163617 132176871118528 drain_end 1 0
1587039998164227 132176871118528 subm_beg 1 0
1587039998183427 132176862725824 emit_beg 162 0
1587040000095827 132176871118528 subm_end 1 0
1587040000096247 132176871118528 pump_beg 1 0
1587040005752391 132176862725824 emit_end 162 0
1587040010477408 132176871118528 pump_end 1 2
1587040010478378 132176871118528 join_beg 1 0
1587040010478758 132176871118528 join_end 0 0
1587040012320371 132176871118528 coll_beg 0 0
1587040016593445 132176871118528 coll_end 0 0
1587040019609515 132176862725824 emit_beg 163 0
1587040027063953 132176862725824 emit_end 163 0
1587040043334639 132176871118528 drain_beg 0 0
1587040043339059 132176871118528 drain_end 1 0
1587040043340209 132176871118528 subm_beg 1 0
1587040048941994 132176871118528 subm_end 1 0
1587040048951554 132176871118528 pump_beg 1 0
1587040060009071 132176871118528 pump_end 1 2
1587040060010191 132176871118528 join_beg 1 0
1587040060010640 132176871118528 join_end 0 0
1587040061928431 132176871118528 coll_beg 0 0
1587040066021851 132176871118528 coll_end 0 0
1587040067886213 132176871118528 drain_beg 0 0
1587040067887073 132176871118528 drain_end 1 0
1587040067887703 132176871118528 subm_beg 1 0
1587040067907992 132176862725824 emit_beg 164 0
1587040069727926 132176871118528 subm_end 1 0
1587040069728286 132176871118528 pump_beg 1 0
1587040077391836 132176862725824 emit_end 164 0
1587040080233353 132176871118528 pump_end 1 2
1587040080233902 132176871118528 join_beg 1 0
1587040080234162 132176871118528 join_end 0 0
1587040083809182 132176871118528 coll_beg 0 0
1587040087716249 132176871118528 coll_end 0 0
1587040090075843 132176862725824 emit_beg 165 0
1587040097392416 132176862725824 emit_end 165 0
1587040115139789 132176871118528 drain_beg 0 0
1587040115141849 132176871118528 drain_end 1 0
1587040115142839 132176871118528 subm_beg 1 0
1587040118803355 132176871118528 subm_end 1 0
1587040118805045 132176871118528 pump_beg 1 0
1587040127895813 132176871118528 pump_end 1 2
1587040127897003 132176871118528 join_beg 1 0
1587040127897453 132176871118528 join_end 0 0
1587040129908970 132176871118528 coll_beg 0 0
1587040133444891 132176871118528 coll_end 0 0
1587040135412709 132176871118528 drain_beg 0 0
1587040135414589 132176871118528 drain_end 1 0
1587040135415959 132176871118528 subm_beg 1 0
1587040135430368 132176862725824 emit_beg 166 0
1587040137363618 132176871118528 subm_end 1 0
1587040137364498 132176871118528 pump_beg 1 0
1587040144753208 132176862725824 emit_end 166 0
1587040145210191 132176871118528 pump_end 1 2
1587040145210661 132176871118528 join_beg 1 0
1587040145210931 132176871118528 join_end 0 0
1587040147061724 132176871118528 coll_beg 0 0
1587040148776431 132176871118528 coll_end 0 0
1587040150671702 132176862725824 emit_beg 167 0
1587040157974845 132176862725824 emit_end 167 0
1587040176245329 132176871118528 drain_beg 0 0
1587040176249099 132176871118528 drain_end 1 0
1587040176250289 132176871118528 subm_beg 1 0
1587040179869307 132176871118528 subm_end 1 0
1587040179869886 132176871118528 pump_beg 1 0
1587040186618800 132176871118528 pump_end 1 2
1587040186619300 132176871118528 join_beg 1 0
1587040186619650 132176871118528 join_end 0 0
1587040188500152 132176871118528 coll_beg 0 0
1587040188619477 132176871118528 coll_end 0 0
1587040192191847 132176871118528 drain_beg 0 0
1587040192192437 132176871118528 drain_end 1 0
1587040192192937 132176871118528 subm_beg 1 0
1587040192211976 132176862725824 emit_beg 168 0
1587040194077268 132176871118528 subm_end 1 0
1587040194077658 132176871118528 pump_beg 1 0
1587040201467108 132176862725824 emit_end 168 0
1587040204562685 132176871118528 pump_end 1 2
1587040204563525 132176871118528 join_beg 1 0
1587040204564245 132176871118528 join_end 0 0
1587040207249367 132176871118528 coll_beg 0 0
1587040210070764 132176871118528 coll_end 0 0
1587040212562743 132176862725824 emit_beg 169 0
1587040219956054 132176862725824 emit_end 169 0
1587040234641048 132176871118528 drain_beg 0 0
1587040234643478 132176871118528 drain_end 1 0
1587040234644198 132176871118528 subm_beg 1 0
1587040240120148 132176871118528 subm_end 1 0
1587040240121728 132176871118528 pump_beg 1 0
1587040249728987 132176871118528 pump_end 1 2
1587040249730297 132176871118528 join_beg 1 0
1587040249731227 132176871118528 join_end 0 0
1587040251683276 132176871118528 coll_beg 0 0
1587040254153416 132176871118528 coll_end 0 0
1587040255981559 132176871118528 drain_beg 0 0
1587040255982299 132176871118528 drain_end 1 0
1587040255982929 132176871118528 subm_beg 1 0
1587040256001328 132176862725824 emit_beg 170 0
1587040257804282 132176871118528 subm_end 1 0
1587040257804662 132176871118528 pump_beg 1 0
1587040263356120 132176862725824 emit_end 170 0
1587040268151055 132176871118528 pump_end 1 2
1587040268151535 132176871118528 join_beg 1 0
1587040268151745 132176871118528 join_end 0 0
1587040270284677 132176871118528 coll_beg 0 0
1587040273059076 132176871118528 coll_end 0 0
1587040275776757 132176862725824 emit_beg 171 0
1587040283244024 132176862725824 emit_end 171 0
1587040299843088 132176871118528 drain_beg 0 0
1587040299844978 132176871118528 drain_end 1 0
1587040299845738 132176871118528 subm_beg 1 0
1587040305386076 132176871118528 subm_end 1 0
1587040305387796 132176871118528 pump_beg 1 0
1587040315801976 132176871118528 pump_end 1 2
1587040315803276 132176871118528 join_beg 1 0
1587040315803796 132176871118528 join_end 0 0
1587040317652768 132176871118528 coll_beg 0 0
1587040320649659 132176871118528 coll_end 0 0
1587040322533630 132176871118528 drain_beg 0 0
1587040322534450 132176871118528 drain_end 1 0
1587040322535040 132176871118528 subm_beg 1 0
1587040322553480 132176862725824 emit_beg 172 0
1587040324358714 132176871118528 subm_end 1 0
1587040324359124 132176871118528 pump_beg 1 0
1587040330132363 132176862725824 emit_end 172 0
1587040337068780 132176871118528 pump_end 1 2
1587040337069230 132176871118528 join_beg 1 0
1587040337069500 132176871118528 join_end 0 0
1587040339923746 132176871118528 coll_beg 0 0
1587040346199927 132176871118528 coll_end 0 0
1587040349318603 132176862725824 emit_beg 173 0
1587040356893086 132176862725824 emit_end 173 0
1587040358513587 132176871118528 drain_beg 0 0
1587040358514377 132176871118528 drain_end 1 0
1587040358514697 132176871118528 subm_beg 1 0
1587040360394369 132176871118528 subm_end 1 0
1587040360394749 132176871118528 pump_beg 1 0
1587040371763584 132176871118528 pump_end 1 2
1587040371763984 132176871118528 join_beg 1 0
1587040371764304 132176871118528 join_end 0 0
1587040374895459 132176871118528 coll_beg 0 0
1587040380622060 132176871118528 coll_end 0 0
1587040382450234 132176871118528 drain_beg 0 0
1587040382450734 132176871118528 drain_end 1 0
1587040382450984 132176871118528 subm_beg 1 0
1587040382471663 132176862725824 emit_beg 174 0
1587040384301016 132176871118528 subm_end 1 0
1587040384301406 132176871118528 pump_beg 1 0
1587040392266315 132176862725824 emit_end 174 0
1587040394050450 132176871118528 pump_end 1 2
1587040394050900 132176871118528 join_beg 1 0
1587040394051140 132176871118528 join_end 0 0
1587040396048707 132176871118528 coll_beg 0 0
1587040400183387 132176871118528 coll_end 0 0
1587040402110676 132176862725824 emit_beg 175 0
1587040409902452 132176862725824 emit_end 175 0
1587040430892056 132176871118528 drain_beg 0 0
1587040430893856 132176871118528 drain_end 1 0
1587040430894606 132176871118528 subm_beg 1 0
1587040436706894 132176871118528 subm_end 1 0
1587040436708474 132176871118528 pump_beg 1 0
1587040446620942 132176871118528 pump_end 1 2
1587040446622122 132176871118528 join_beg 1 0
1587040446622932 132176871118528 join_end 0 0
1587040448652218 132176871118528 coll_beg 0 0
1587040453086736 132176871118528 coll_end 0 0
1587040455089783 132176871118528 drain_beg 0 0
1587040455090643 132176871118528 drain_end 1 0
1587040455091153 132176871118528 subm_beg 1 0
1587040455110302 132176862725824 emit_beg 176 0
1587040457018362 132176871118528 subm_end 1 0
1587040457018762 132176871118528 pump_beg 1 0
1587040465030990 132176862725824 emit_end 176 0
1587040468674087 132176871118528 pump_end 1 2
1587040468675227 132176871118528 join_beg 1 0
1587040468675437 132176871118528 join_end 0 0
1587040471101009 132176871118528 coll_beg 0 0
1587040477040782 132176871118528 coll_end 0 0
1587040480796245 132176862725824 emit_beg 177 0
1587040488627389 132176862725824 emit_end 177 0
1587040507258189 132176871118528 drain_beg 0 0
1587040507259949 132176871118528 drain_end 1 0
1587040507260609 132176871118528 subm_beg 1 0
1587040511138267 132176871118528 subm_end 1 0
1587040511139897 132176871118528 pump_beg 1 0
1587040520544294 132176871118528 pump_end 1 2
1587040520545924 132176871118528 join_beg 1 0
1587040520546514 132176871118528 join_end 0 0
1587040522610259 132176871118528 coll_beg 0 0
1587040526013965 132176871118528 coll_end 0 0
1587040528033741 132176871118528 drain_beg 0 0
1587040528034641 132176871118528 drain_end 1 0
1587040528039691 132176871118528 subm_beg 1 0
1587040528054450 132176862725824 emit_beg 178 0
1587040529973020 132176871118528 subm_end 1 0
1587040529973380 132176871118528 pump_beg 1 0
1587040536019649 132176862725824 emit_end 178 0
1587040538615665 132176871118528 pump_end 1 2
1587040538616335 132176871118528 join_beg 1 0
1587040538616585 132176871118528 join_end 0 0
1587040540597122 132176871118528 coll_beg 0 0
1587040543617842 132176871118528 coll_end 0 0
1587040545619869 132176862725824 emit_beg 179 0
1587040553357267 132176862725824 emit_end 179 0
1587040573558420 132176871118528 drain_beg 0 0
1587040573560389 132176871118528 drain_end 1 0
1587040573561039 132176871118528 subm_beg 1 0
1587040577655420 132176871118528 subm_end 1 0
1587040577655980 132176871118528 pump_beg 1 0
1587040587452762 132176871118528 pump_end 1 2
1587040587454152 132176871118528 join_beg 1 0
1587040587454912 132176871118528 join_end 0 0
1587040589574265 132176871118528 coll_beg 0 0
1587040593137015 132176871118528 coll_end 0 0
1587040595232889 132176862725824 emit_beg 180 0
1587040597239445 132176871118528 drain_beg 0 0
1587040597241435 132176871118528 drain_end 1 0
1587040597242335 132176871118528 subm_beg 1 0
1587040603166879 132176871118528 subm_end 1 0
1587040603168679 132176871118528 pump_beg 1 0
1587040605221844 132176862725824 emit_end 180 0
1587040612873845 132176871118528 pump_end 1 2
1587040612875255 132176871118528 join_beg 1 0
1587040612876125 132176871118528 join_end 0 0
1587040618385064 132176871118528 coll_beg 0 0
1587040621542708 132176871118528 coll_end 0 0
1587040624541899 132176862725824 emit_beg 181 0
1587040626412231 132176871118528 drain_beg 0 0
1587040626414211 132176871118528 drain_end 1 0
1587040626415151 132176871118528 subm_beg 1 0
1587040632228229 132176871118528 subm_end 1 0
1587040632230138 132176871118528 pump_beg 1 0
1587040636149405 132176862725824 emit_end 181 0
1587040642660138 132176871118528 pump_end 1 2
1587040642661098 132176871118528 join_beg 1 0
1587040642661508 132176871118528 join_end 0 0
1587040644778160 132176871118528 coll_beg 0 0
1587040647780191 132176871118528 coll_end 0 0
1587040650522761 132176862725824 emit_beg 182 0
1587040658344995 132176862725824 emit_end 182 0
1587040672616095 132176871118528 drain_beg 0 0
1587040672617585 132176871118528 drain_end 1 0
1587040672617995 132176871118528 subm_beg 1 0
1587040676404666 132176871118528 subm_end 1 0
1587040676405206 132176871118528 pump_beg 1 0
1587040687047128 132176871118528 pump_end 1 2
1587040687049098 132176871118528 join_beg 1 0
1587040687049848 132176871118528 join_end 0 0
1587040690961295 132176871118528 coll_beg 0 0
1587040694566284 132176871118528 coll_end 0 0
1587040696577530 132176871118528 drain_beg 0 0
1587040696578290 132176871118528 drain_end 1 0
1587040696578880 132176871118528 subm_beg 1 0
1587040696597769 132176862725824 emit_beg 183 0
1587040698502690 132176871118528 subm_end 1 0
1587040698503130 132176871118528 pump_beg 1 0
1587040704536420 132176862725824 emit_end 183 0
1587040707979484 132176871118528 pump_end 1 2
1587040707980284 132176871118528 join_beg 1 0
1587040707980594 132176871118528 join_end 0 0
1587040709931293 132176871118528 coll_beg 0 0
1587040712479440 132176871118528 coll_end 0 0
1587040714421699 132176862725824 emit_beg 184 0
1587040722265123 132176862725824 emit_end 184 0
1587040743242537 132176871118528 drain_beg 0 0
1587040743244357 132176871118528 drain_end 1 0
1587040743245177 132176871118528 subm_beg 1 0
1587040749071555 132176871118528 subm_end 1 0
1587040749073104 132176871118528 pump_beg 1 0
1587040759043321 132176871118528 pump_end 1 2
1587040759045841 132176871118528 join_beg 1 0
1587040759047311 132176871118528 join_end 0 0
1587040761176783 132176871118528 coll_beg 0 0
1587040764606308 132176871118528 coll_end 0 0
1587040766605055 132176871118528 drain_beg 0 0
1587040766605815 132176871118528 drain_end 1 0
1587040766606365 132176871118528 subm_beg 1 0
1587040766625634 132176862725824 emit_beg 185 0
1587040768543034 132176871118528 subm_end 1 0
1587040768543514 132176871118528 pump_beg 1 0
1587040776374638 132176862725824 emit_end 185 0
1587040778881497 132176871118528 pump_end 1 2
1587040778882027 132176871118528 join_beg 1 0
1587040778882247 132176871118528 join_end 0 0
1587040782207105 132176871118528 coll_beg 0 0
1587040785658399 132176871118528 coll_end 0 0
1587040787963095 132176862725824 emit_beg 186 0
1587040795737082 132176862725824 emit_end 186 0
1587040813231873 132176871118528 drain_beg 0 0
1587040813233933 132176871118528 drain_end 1 0
1587040813234763 132176871118528 subm_beg 1 0
1587040816922478 132176871118528 subm_end 1 0
1587040816924078 132176871118528 pump_beg 1 0
1587040826524748 132176871118528 pump_end 1 2
1587040826527278 132176871118528 join_beg 1 0
1587040826528148 132176871118528 join_end 0 0
1587040828471207 132176871118528 coll_beg 0 0
1587040831818355 132176871118528 coll_end 0 0
1587040833821462 132176871118528 drain_beg 0 0
1587040833823382 132176871118528 drain_end 1 0
1587040833824392 132176871118528 subm_beg 1 0
1587040833840591 132176862725824 emit_beg 187 0
1587040837435340 132176871118528 subm_end 1 0
1587040837435920 132176871118528 pump_beg 1 0
1587040843062894 132176862725824 emit_end 187 0
1587040845312342 132176871118528 pump_end 1 2
1587040845315982 132176871118528 join_beg 1 0
1587040845317122 132176871118528 join_end 0 0
1587040847249442 132176871118528 coll_beg 0 0
1587040848619322 132176871118528 coll_end 0 0
1587040850883979 132176862725824 emit_beg 188 0
1587040858245650 132176862725824 emit_end 188 0
1587040876621980 132176871118528 drain_beg 0 0
1587040876622820 132176871118528 drain_end 1 0
1587040876623360 132176871118528 subm_beg 1 0
1587040880322055 132176871118528 subm_end 1 0
1587040880322565 132176871118528 pump_beg 1 0
1587040889849107 132176871118528 pump_end 1 2
1587040889849527 132176871118528 join_beg 1 0
1587040889849777 132176871118528 join_end 0 0
1587040891704719 132176871118528 coll_beg 0 0
1587040894518207 132176871118528 coll_end 0 0
1587040896410938 132176871118528 drain_beg 0 0
1587040896411428 132176871118528 drain_end 1 0
1587040896411778 132176871118528 subm_beg 1 0
1587040896432087 132176862725824 emit_beg 189 0
1587040898240421 132176871118528 subm_end 1 0
1587040898240791 132176871118528 pump_beg 1 0
1587040905939960 132176862725824 emit_end 189 0
1587040908834284 132176871118528 pump_end 1 2
1587040908834974 132176871118528 join_beg 1 0
1587040908835194 132176871118528 join_end 0 0
1587040911446589 132176871118528 coll_beg 0 0
1587040915186633 132176871118528 coll_end 0 0
1587040918817520 132176862725824 emit_beg 190 0
1587040926220220 132176862725824 emit_end 190 0
1587040941595289 132176871118528 drain_beg 0 0
1587040941597589 132176871118528 drain_end 1 0
1587040941598539 132176871118528 subm_beg 1 0
1587040945312443 132176871118528 subm_end 1 0
1587040945312863 132176871118528 pump_beg 1 0
1587040956411068 132176871118528 pump_end 1 2
1587040956411588 132176871118528 join_beg 1 0
1587040956412068 132176871118528 join_end 0 0
1587040959175537 132176871118528 coll_beg 0 0
1587040963240599 132176871118528 coll_end 0 0
1587040965153519 132176871118528 drain_beg 0 0
1587040965154219 132176871118528 drain_end 1 0
1587040965154669 132176871118528 subm_beg 1 0
1587040965174148 132176862725824 emit_beg 191 0
1587040966941954 132176871118528 subm_end 1 0
1587040966942324 132176871118528 pump_beg 1 0
1587040972765181 132176862725824 emit_end 191 0
1587040977384523 132176871118528 pump_end 1 2
1587040977385473 132176871118528 join_beg 1 0
1587040977385953 132176871118528 join_end 0 0
1587040980592176 132176871118528 coll_beg 0 0
1587040984392947 132176871118528 coll_end 0 0
1587040987959027 132176862725824 emit_beg 192 0
1587040995213792 132176862725824 emit_end 192 0
1587041009120025 132176871118528 drain_beg 0 0
1587041009122135 132176871118528 drain_end 1 0
1587041009122815 132176871118528 subm_beg 1 0
1587041012812210 132176871118528 subm_end 1 0
1587041012813830 132176871118528 pump_beg 1 0
1587041023135763 132176871118528 pump_end 1 2
1587041023139313 132176871118528 join_beg 1 0
1587041023140523 132176871118528 join_end 0 0
1587041025148150 132176871118528 coll_beg 0 0
1587041028642322 132176871118528 coll_end 0 0
1587041030551122 132176862725824 emit_beg 193 0
1587041032325178 132176871118528 drain_beg 0 0
1587041032326238 132176871118528 drain_end 1 0
1587041032326778 132176871118528 subm_beg 1 0
1587041037692532 132176871118528 subm_end 1 0
1587041037693122 132176871118528 pump_beg 1 0
1587041041499673 132176862725824 emit_end 193 0
1587041047820952 132176871118528 pump_end 1 2
1587041047821582 132176871118528 join_beg 1 0
1587041047821962 132176871118528 join_end 0 0
1587041049681054 132176871118528 coll_beg 0 0
1587041053021002 132176871118528 coll_end 0 0
1587041055474833 132176862725824 emit_beg 194 0
1587041062922601 132176862725824 emit_end 194 0
1587041080340146 132176871118528 drain_beg 0 0
1587041080342815 132176871118528 drain_end 1 0
1587041080343925 132176871118528 subm_beg 1 0
1587041085924992 132176871118528 subm_end 1 0
1587041085926672 132176871118528 pump_beg 1 0
1587041096927190 132176871118528 pump_end 1 2
1587041096928460 132176871118528 join_beg 1 0
1587041096929190 132176871118528 join_end 0 0
1587041098902158 132176871118528 coll_beg 0 0
1587041105756428 132176871118528 coll_end 0 0
1587041107584781 132176871118528 drain_beg 0 0
1587041107585551 132176871118528 drain_end 1 0
1587041107586181 132176871118528 subm_beg 1 0
1587041107606330 132176862725824 emit_beg 195 0
1587041109428204 132176871118528 subm_end 1 0
1587041109428604 132176871118528 pump_beg 1 0
1587041115144345 132176862725824 emit_end 195 0
1587041120464371 132176871118528 pump_end 1 2
1587041120465991 132176871118528 join_beg 1 0
1587041120466421 132176871118528 join_end 0 0
1587041123088745 132176871118528 coll_beg 0 0
1587041128979901 132176871118528 coll_end 0 0
1587041132341478 132176862725824 emit_beg 196 0
1587041139701199 132176862725824 emit_end 196 0
1587041156855053 132176871118528 drain_beg 0 0
1587041156860133 132176871118528 drain_end 1 0
1587041156861723 132176871118528 subm_beg 1 0
1587041160533089 132176871118528 subm_end 1 0
1587041160535739 132176871118528 pump_beg 1 0
1587041169244521 132176871118528 pump_end 1 2
1587041169248131 132176871118528 join_beg 1 0
1587041169249451 132176871118528 join_end 0 0
1587041171327375 132176871118528 coll_beg 0 0
1587041173550374 132176871118528 coll_end 0 0
1587041175337149 132176871118528 drain_beg 0 0
1587041175338219 132176871118528 drain_end 1 0
1587041175338879 132176871118528 subm_beg 1 0
1587041175356168 132176862725824 emit_beg 197 0
1587041177204851 132176871118528 subm_end 1 0
1587041177205291 132176871118528 pump_beg 1 0
1587041182980320 132176862725824 emit_end 197 0
1587041188196410 132176871118528 pump_end 1 2
1587041188197790 132176871118528 join_beg 1 0
1587041188198769 132176871118528 join_end 0 0
1587041190315822 132176871118528 coll_beg 0 0
1587041194375004 132176871118528 coll_end 0 0
1587041197648325 132176862725824 emit_beg 198 0
1587041205224798 132176862725824 emit_end 198 0
1587041222159110 132176871118528 drain_beg 0 0
1587041222160710 132176871118528 drain_end 1 0
1587041222161540 132176871118528 subm_beg 1 0
1587041228012087 132176871118528 subm_end 1 0
1587041228013776 132176871118528 pump_beg 1 0
1587041238538542 132176871118528 pump_end 1 2
1587041238540082 132176871118528 join_beg 1 0
1587041238540672 132176871118528 join_end 0 0
1587041240600377 132176871118528 coll_beg 0 0
1587041245206149 132176871118528 coll_end 0 0
1587041247241575 132176871118528 drain_beg 0 0
1587041247243765 132176871118528 drain_end 1 0
1587041247244915 132176871118528 subm_beg 1 0
1587041247258234 132176862725824 emit_beg 199 0
1587041249407186 132176871118528 subm_end 1 0
1587041249408086 132176871118528 pump_beg 1 0
1587041257399764 132176862725824 emit_end 199 0
1587041259496508 132176871118528 pump_end 1 2
1587041259497917 132176871118528 join_beg 1 0
1587041259498807 132176871118528 join_end 0 0
1587041261571072 132176871118528 coll_beg 0 0
1587041265777028 132176871118528 coll_end 0 0
1587041269315489 132176862725824 emit_beg 200 0
1587041277043097 132176862725824 emit_end 200 0
1587041297293568 132176871118528 drain_beg 0 0
1587041297295878 132176871118528 drain_end 1 0
1587041297296528 132176871118528 subm_beg 1 0
1587041301230245 132176871118528 subm_end 1 0
1587041301230875 132176871118528 pump_beg 1 0
1587041310039823 132176871118528 pump_end 1 2
1587041310041703 132176871118528 join_beg 1 0
1587041310042603 132176871118528 join_end 0 0
1587041312140666 132176871118528 coll_beg 0 0
1587041314465482 132176871118528 coll_end 0 0
1587041316436960 132176871118528 drain_beg 0 0
1587041316438180 132176871118528 drain_end 1 0
1587041316438830 132176871118528 subm_beg 1 0
1587041316456439 132176862725824 emit_beg 201 0
1587041318402098 132176871118528 subm_end 1 0
1587041318402578 132176871118528 pump_beg 1 0
1587041324312842 132176862725824 emit_end 201 0
1587041327233176 132176871118528 pump_end 1 2
1587041327233746 132176871118528 join_beg 1 0
1587041327233986 132176871118528 join_end 0 0
1587041329201434 132176871118528 coll_beg 0 0
1587041330924821 132176871118528 coll_end 0 0
1587041333113681 132176862725824 emit_beg 202 0
1587041340839729 132176862725824 emit_end 202 0
1587041360797201 132176871118528 drain_beg 0 0
1587041360799121 132176871118528 drain_end 1 0
1587041360799891 132176871118528 subm_beg 1 0
1587041366664867 132176871118528 subm_end 1 0
1587041366665767 132176871118528 pump_beg 1 0
1587041375494904 132176871118528 pump_end 1 2
1587041375496134 132176871118528 join_beg 1 0
1587041375496784 132176871118528 join_end 0 0
1587041377642876 132176871118528 coll_beg 0 0
1587041379436461 132176871118528 coll_end 0 0
1587041381434728 132176871118528 drain_beg 0 0
1587041381435238 132176871118528 drain_end 1 0
1587041381435708 132176871118528 subm_beg 1 0
1587041381455307 132176862725824 emit_beg 203 0
1587041383394066 132176871118528 subm_end 1 0
1587041383394596 132176871118528 pump_beg 1 0
1587041391295478 132176862725824 emit_end 203 0
1587041392165046 132176871118528 pump_end 1 2
1587041392165556 132176871118528 join_beg 1 0
1587041392165806 132176871118528 join_end 0 0
1587041394100286 132176871118528 coll_beg 0 0
1587041396265466 132176871118528 coll_end 0 0
1587041398190376 132176862725824 emit_beg 204 0
1587041404128999 132176862725824 emit_end 204 0
1587041426128307 132176871118528 drain_beg 0 0
1587041426131327 132176871118528 drain_end 1 0
1587041426132437 132176871118528 subm_beg 1 0
1587041430027824 132176871118528 subm_end 1 0
1587041430028724 132176871118528 pump_beg 1 0
1587041440101697 132176871118528 pump_end 1 2
1587041440102207 132176871118528 join_beg 1 0
1587041440102547 132176871118528 join_end 0 0
1587041442101214 132176871118528 coll_beg 0 0
1587041445545448 132176871118528 coll_end 0 0
1587041447580184 132176871118528 drain_beg 0 0
1587041447581324 132176871118528 drain_end 1 0
1587041447582364 132176871118528 subm_beg 1 0
1587041447599813 132176862725824 emit_beg 205 0
1587041449522173 132176871118528 subm_end 1 0
1587041449522743 132176871118528 pump_beg 1 0
1587041455476116 132176862725824 emit_end 205 0
1587041460414306 132176871118528 pump_end 1 2
1587041460417135 132176871118528 join_beg 1 0
1587041460418015 132176871118528 join_end 0 0
1587041462867406 132176871118528 coll_beg 0 0
1587041467457478 132176871118528 coll_end 0 0
1587041473128891 132176862725824 emit_beg 206 0
1587041475139528 132176871118528 drain_beg 0 0
1587041475141508 132176871118528 drain_end 1 0
1587041475142048 132176871118528 subm_beg 1 0
1587041480945616 132176871118528 subm_end 1 0
1587041480946676 132176871118528 pump_beg 1 0
1587041482998681 132176862725824 emit_end 206 0
1587041491829379 132176871118528 pump_end 1 2
1587041491830909 132176871118528 join_beg 1 0
1587041491831319 132176871118528 join_end 0 0
1587041494070707 132176871118528 coll_beg 0 0
1587041497833570 132176871118528 coll_end 0 0
1587041499919654 132176862725824 emit_beg 207 0
1587041507687010 132176862725824 emit_end 207 0
1587041525115614 132176871118528 drain_beg 0 0
1587041525116994 132176871118528 drain_end 1 0
1587041525117314 132176871118528 subm_beg 1 0
1587041528966724 132176871118528 subm_end 1 0
1587041528973713 132176871118528 pump_beg 1 0
1587041540900908 132176871118528 pump_end 1 2
1587041540912068 132176871118528 join_beg 1 0
1587041540914888 132176871118528 join_end 0 0
1587041542993262 132176871118528 coll_beg 0 0
1587041547372962 132176871118528 coll_end 0 0
1587041549487935 132176871118528 drain_beg 0 0
1587041549490365 132176871118528 drain_end 1 0
1587041549491905 132176871118528 subm_beg 1 0
1587041549510114 132176862725824 emit_beg 208 0
1587041551490012 132176871118528 subm_end 1 0
1587041551491662 132176871118528 pump_beg 1 0
1587041557685036 132176862725824 emit_end 208 0
1587041560773853 132176871118528 pump_end 1 2
1587041560775123 132176871118528 join_beg 1 0
1587041560776053 132176871118528 join_end 0 0
1587041562794349 132176871118528 coll_beg 0 0
1587041565448972 132176871118528 coll_end 0 0
1587041567433360 132176862725824 emit_beg 209 0
1587041575449567 132176862725824 emit_end 209 0
1587041596159132 132176871118528 drain_beg 0 0
1587041596160722 132176871118528 drain_end 1 0
1587041596161302 132176871118528 subm_beg 1 0
1587041599949763 132176871118528 subm_end 1 0
1587041599950683 132176871118528 pump_beg 1 0
1587041611102666 132176871118528 pump_end 1 2
1587041611104026 132176871118528 join_beg 1 0
1587041611104906 132176871118528 join_end 0 0
1587041613182060 132176871118528 coll_beg 0 0
1587041616644374 132176871118528 coll_end 0 0
1587041618808615 132176871118528 drain_beg 0 0
1587041618809295 132176871118528 drain_end 1 0
1587041618809765 132176871118528 subm_beg 1 0
1587041618828454 132176862725824 emit_beg 210 0
1587041620919148 132176871118528 subm_end 1 0
1587041620919528 132176871118528 pump_beg 1 0
1587041628830829 132176862725824 emit_end 210 0
1587041630433891 132176871118528 pump_end 1 2
1587041630434381 132176871118528 join_beg 1 0
1587041630434631 132176871118528 join_end 0 0
1587041632356101 132176871118528 coll_beg 0 0
1587041635309013 132176871118528 coll_end 0 0
1587041637137976 132176862725824 emit_beg 211 0
1587041644584174 132176862725824 emit_end 211 0
1587041665260320 132176871118528 drain_beg 0 0
1587041665262300 132176871118528 drain_end 1 0
1587041665262930 132176871118528 subm_beg 1 0
1587041668859059 132176871118528 subm_end 1 0
1587041668859779 132176871118528 pump_beg 1 0
1587041678755128 132176871118528 pump_end 1 2
1587041678755628 132176871118528 join_beg 1 0
1587041678756048 132176871118528 join_end 0 0
1587041680616180 132176871118528 coll_beg 0 0
1587041683479275 132176871118528 coll_end 0 0
1587041685333648 132176871118528 drain_beg 0 0
1587041685334308 132176871118528 drain_end 1 0
1587041685334798 132176871118528 subm_beg 1 0
1587041685354467 132176862725824 emit_beg 212 0
1587041687207799 132176871118528 subm_end 1 0
1587041687208149 132176871118528 pump_beg 1 0
1587041694704336 132176862725824 emit_end 212 0
1587041697495184 132176871118528 pump_end 1 2
1587041697495604 132176871118528 join_beg 1 0
1587041697495804 132176871118528 join_end 0 0
1587041700487785 132176871118528 coll_beg 0 0
1587041704259577 132176871118528 coll_end 0 0
1587041707503419 132176862725824 emit_beg 213 0
1587041714981686 132176862725824 emit_end 213 0
1587041730538029 132176871118528 drain_beg 0 0
1587041730539838 132176871118528 drain_end 1 0
1587041730540558 132176871118528 subm_beg 1 0
1587041734226944 132176871118528 subm_end 1 0
1587041734228504 132176871118528 pump_beg 1 0
1587041744299856 132176871118528 pump_end 1 2
1587041744301856 132176871118528 join_beg 1 0
1587041744302716 132176871118528 join_end 0 0
1587041746390390 132176871118528 coll_beg 0 0
1587041749936021 132176871118528 coll_end 0 0
1587041751913878 132176871118528 drain_beg 0 0
1587041751915388 132176871118528 drain_end 1 0
1587041751916098 132176871118528 subm_beg 1 0
1587041751933968 132176862725824 emit_beg 214 0
1587041755581974 132176871118528 subm_end 1 0
1587041755582824 132176871118528 pump_beg 1 0
1587041761244328 132176862725824 emit_end 214 0
1587041764426282 132176871118528 pump_end 1 2
1587041764429392 132176871118528 join_beg 1 0
1587041764430242 132176871118528 join_end 0 0
1587041767057826 132176871118528 coll_beg 0 0
1587041769035954 132176871118528 coll_end 0 0
1587041772728169 132176862725824 emit_beg 215 0
1587041780243565 132176862725824 emit_end 215 0
1587041795751489 132176871118528 drain_beg 0 0
1587041795754599 132176871118528 drain_end 1 0
1587041795756199 132176871118528 subm_beg 1 0
1587041799407946 132176871118528 subm_end 1 0
1587041799408466 132176871118528 pump_beg 1 0
1587041807925455 132176871118528 pump_end 1 2
1587041807926375 132176871118528 join_beg 1 0
1587041807926875 132176871118528 join_end 0 0
1587041809775778 132176871118528 coll_beg 0 0
1587041811857302 132176871118528 coll_end 0 0
1587041813775522 132176862725824 emit_beg 216 0
1587041815603405 132176871118528 drain_beg 0 0
1587041815604025 132176871118528 drain_end 1 0
1587041815604395 132176871118528 subm_beg 1 0
1587041820977049 132176871118528 subm_end 1 0
1587041820977759 132176871118528 pump_beg 1 0
1587041822894589 132176862725824 emit_end 216 0
1587041832676932 132176871118528 pump_end 1 2
1587041832677712 132176871118528 join_beg 1 0
1587041832678282 132176871118528 join_end 0 0
1587041836323819 132176871118528 coll_beg 0 0
1587041842207395 132176871118528 coll_end 0 0
1587041845840962 132176871118528 drain_beg 0 0
1587041845841642 132176871118528 drain_end 1 0
1587041845842022 132176871118528 subm_beg 1 0
1587041845852032 132176862725824 emit_beg 217 0
1587041849471190 132176871118528 subm_end 1 0
1587041849471700 132176871118528 pump_beg 1 0
1587041855132253 132176862725824 emit_end 217 0
1587041861387525 132176871118528 pump_end 1 2
1587041861388065 132176871118528 join_beg 1 0
1587041861388445 132176871118528 join_end 0 0
1587041863194539 132176871118528 coll_beg 0 0
1587041867507421 132176871118528 coll_end 0 0
1587041870591579 132176862725824 emit_beg 218 0
1587041877923261 132176862725824 emit_end 218 0
1587041893950666 132176871118528 drain_beg 0 0
1587041893951426 132176871118528 drain_end 1 0
1587041893951746 132176871118528 subm_beg 1 0
1587041897574544 132176871118528 subm_end 1 0
1587041897574964 132176871118528 pump_beg 1 0
1587041908676878 132176871118528 pump_end 1 2
1587041908677298 132176871118528 join_beg 1 0
1587041908677538 132176871118528 join_end 0 0
1587041910615098 132176871118528 coll_beg 0 0
1587041914634801 132176871118528 coll_end 0 0
1587041916581650 132176871118528 drain_beg 0 0
1587041916582060 132176871118528 drain_end 1 0
1587041916582330 132176871118528 subm_beg 1 0
1587041916586570 132176862725824 emit_beg 219 0
1587041918382934 132176871118528 subm_end 1 0
1587041918383314 132176871118528 pump_beg 1 0
1587041925826593 132176862725824 emit_end 219 0
1587041927343887 132176871118528 pump_end 1 2
1587041927344367 132176871118528 join_beg 1 0
1587041927344627 132176871118528 join_end 0 0
1587041929208419 132176871118528 coll_beg 0 0
1587041931429578 132176871118528 coll_end 0 0
1587041933247612 132176862725824 emit_beg 220 0
1587041938731832 132176862725824 emit_end 220 0
1587041960684060 132176871118528 drain_beg 0 0
1587041960686600 132176871118528 drain_end 1 0
1587041960687490 132176871118528 subm_beg 1 0
1587041966232238 132176871118528 subm_end 1 0
1587041966234028 132176871118528 pump_beg 1 0
1587041976961517 132176871118528 pump_end 1 2
1587041976963517 132176871118528 join_beg 1 0
1587041976964437 132176871118528 join_end 0 0
1587041978868788 132176871118528 coll_beg 0 0
1587041985687119 132176871118528 coll_end 0 0
1587041987591879 132176871118528 drain_beg 0 0
1587041987593259 132176871118528 drain_end 1 0
1587041987594079 132176871118528 subm_beg 1 0
1587041987612988 132176862725824 emit_beg 221 0
1587041991391381 132176871118528 subm_end 1 0
1587041991392311 132176871118528 pump_beg 1 0
1587041996971937 132176862725824 emit_end 221 0
1587042001204662 132176871118528 pump_end 1 2
1587042001205712 132176871118528 join_beg 1 0
1587042001206162 132176871118528 join_end 0 0
1587042003349654 132176871118528 coll_beg 0 0
1587042006064055 132176871118528 coll_end 0 0
1587042009109404 132176862725824 emit_beg 222 0
1587042016479415 132176862725824 emit_end 222 0
1587042033427537 132176871118528 drain_beg 0 0
1587042033437446 132176871118528 drain_end 1 0
1587042033438446 132176871118528 subm_beg 1 0
1587042037284136 132176871118528 subm_end 1 0
1587042037284616 132176871118528 pump_beg 1 0
1587042047691376 132176871118528 pump_end 1 2
1587042047692136 132176871118528 join_beg 1 0
1587042047692576 132176871118528 join_end 0 0
1587042049682343 132176871118528 coll_beg 0 0
1587042053395028 132176871118528 coll_end 0 0
1587042055411694 132176871118528 drain_beg 0 0
1587042055412204 132176871118528 drain_end 1 0
1587042055412764 132176871118528 subm_beg 1 0
1587042055417354 132176862725824 emit_beg 223 0
1587042057329884 132176871118528 subm_end 1 0
1587042057330264 132176871118528 pump_beg 1 0
1587042065154609 132176862725824 emit_end 223 0
1587042067355439 132176871118528 pump_end 1 2
1587042067356128 132176871118528 join_beg 1 0
1587042067356338 132176871118528 join_end 0 0
1587042069384364 132176871118528 coll_beg 0 0
1587042072820839 132176871118528 coll_end 0 0
1587042074758438 132176862725824 emit_beg 224 0
1587042082663840 132176862725824 emit_end 224 0
1587042104581410 132176871118528 drain_beg 0 0
1587042104585850 132176871118528 drain_end 1 0
1587042104587260 132176871118528 subm_beg 1 0
1587042108442559 132176871118528 subm_end 1 0
1587042108443779 132176871118528 pump_beg 1 0
1587042117540497 132176871118528 pump_end 1 2
1587042117541287 132176871118528 join_beg 1 0
1587042117541637 132176871118528 join_end 0 0
1587042119501195 132176871118528 coll_beg 0 0
1587042121762503 132176871118528 coll_end 0 0
1587042123762030 132176871118528 drain_beg 0 0
1587042123762830 132176871118528 drain_end 1 0
1587042123763410 132176871118528 subm_beg 1 0
1587042123767080 132176862725824 emit_beg 225 0
1587042125697749 132176871118528 subm_end 1 0
1587042125698169 132176871118528 pump_beg 1 0
1587042131743459 132176862725824 emit_end 225 0
1587042135554640 132176871118528 pump_end 1 2
1587042135556540 132176871118528 join_beg 1 0
1587042135557120 132176871118528 join_end 0 0
1587042138926327 132176871118528 coll_beg 0 0
1587042143181331 132176871118528 coll_end 0 0
1587042147031071 132176862725824 emit_beg 226 0
1587042155009350 132176862725824 emit_end 226 0
1587042170626040 132176871118528 drain_beg 0 0
1587042170628240 132176871118528 drain_end 1 0
1587042170629530 132176871118528 subm_beg 1 0
1587042176395719 132176871118528 subm_end 1 0
1587042176396499 132176871118528 pump_beg 1 0
1587042186390484 132176871118528 pump_end 1 2
1587042186392304 132176871118528 join_beg 1 0
1587042186393114 132176871118528 join_end 0 0
1587042188377562 132176871118528 coll_beg 0 0
1587042193333181 132176871118528 coll_end 0 0
1587042195351477 132176871118528 drain_beg 0 0
1587042195352207 132176871118528 drain_end 1 0
1587042195352737 132176871118528 subm_beg 1 0
1587042195373817 132176862725824 emit_beg 227 0
1587042197327645 132176871118528 subm_end 1 0
1587042197328025 132176871118528 pump_beg 1 0
1587042205267256 132176862725824 emit_end 227 0
1587042206371365 132176871118528 pump_end 1 2
1587042206372235 132176871118528 join_beg 1 0
1587042206372515 132176871118528 join_end 0 0
1587042208403411 132176871118528 coll_beg 0 0
1587042211919533 132176871118528 coll_end 0 0
1587042213917370 132176862725824 emit_beg 228 0
1587042221695626 132176862725824 emit_end 228 0
1587042242400700 132176871118528 drain_beg 0 0
1587042242401550 132176871118528 drain_end 1 0
1587042242401920 132176871118528 subm_beg 1 0
1587042246238440 132176871118528 subm_end 1 0
1587042246238780 132176871118528 pump_beg 1 0
1587042254092304 132176871118528 pump_end 1 2
1587042254093144 132176871118528 join_beg 1 0
1587042254093554 132176871118528 join_end 0 0
1587042256055032 132176871118528 coll_beg 0 0
1587042257273948 132176871118528 coll_end 0 0
1587042259240056 132176871118528 drain_beg 0 0
1587042259240516 132176871118528 drain_end 1 0
1587042259240796 132176871118528 subm_beg 1 0
1587042259262655 132176862725824 emit_beg 229 0
1587042261153396 132176871118528 subm_end 1 0
1587042261153886 132176871118528 pump_beg 1 0
1587042269399825 132176862725824 emit_end 229 0
1587042272213723 132176871118528 pump_end 1 2
1587042272214412 132176871118528 join_beg 1 0
1587042272214632 132176871118528 join_end 0 0
1587042274151232 132176871118528 coll_beg 0 0
1587042278416406 132176871118528 coll_end 0 0
1587042281888630 132176862725824 emit_beg 230 0
1587042289671076 132176862725824 emit_end 230 0
1587042306709254 132176871118528 drain_beg 0 0
1587042306710434 132176871118528 drain_end 1 0
1587042306710954 132176871118528 subm_beg 1 0
1587042310622851 132176871118528 subm_end 1 0
1587042310623271 132176871118528 pump_beg 1 0
1587042317426213 132176871118528 pump_end 1 2
1587042317426683 132176871118528 join_beg 1 0
1587042317426863 132176871118528 join_end 0 0
1587042319365922 132176871118528 coll_beg 0 0
1587042319386991 132176871118528 coll_end 0 0
1587042323324257 132176871118528 drain_beg 0 0
1587042323324777 132176871118528 drain_end 1 0
1587042323325247 132176871118528 subm_beg 1 0
1587042323346857 132176862725824 emit_beg 231 0
1587042325250877 132176871118528 subm_end 1 0
1587042325251237 132176871118528 pump_beg 1 0
1587042332946136 132176871118528 pump_end 1 2
1587042332946566 132176871118528 join_beg 1 0
1587042333049302 132176862725824 emit_end 231 0
1587042333054002 132176871118528 join_end 0 0
1587042334997331 132176871118528 coll_beg 0 0
1587042336064343 132176871118528 coll_end 0 0
1587042338900619 132176862725824 emit_beg 232 0
1587042346615347 132176862725824 emit_end 232 0
1587042365751469 132176871118528 drain_beg 0 0
1587042365753389 132176871118528 drain_end 1 0
1587042365754109 132176871118528 subm_beg 1 0
1587042371637684 132176871118528 subm_end 1 0
1587042371639394 132176871118528 pump_beg 1 0
1587042380864198 132176871118528 pump_end 1 2
1587042380867657 132176871118528 join_beg 1 0
1587042380868567 132176871118528 join_end 0 0
1587042382878674 132176871118528 coll_beg 0 0
1587042385760049 132176871118528 coll_end 0 0
1587042387736797 132176871118528 drain_beg 0 0
1587042387737557 132176871118528 drain_end 1 0
1587042387738027 132176871118528 subm_beg 1 0
1587042387758356 132176862725824 emit_beg 233 0
1587042389732674 132176871118528 subm_end 1 0
1587042389733114 132176871118528 pump_beg 1 0
1587042395570291 132176862725824 emit_end 233 0
1587042400615767 132176871118528 pump_end 1 2
1587042400616357 132176871118528 join_beg 1 0
1587042400616657 132176871118528 join_end 0 0
1587042402869905 132176871118528 coll_beg 0 0
1587042407936910 132176871118528 coll_end 0 0
1587042410602492 132176862725824 emit_beg 234 0
1587042418075840 132176862725824 emit_end 234 0
1587042432656837 132176871118528 drain_beg 0 0
1587042432658977 132176871118528 drain_end 1 0
1587042432659867 132176871118528 subm_beg 1 0
1587042438148827 132176871118528 subm_end 1 0
1587042438150437 132176871118528 pump_beg 1 0
1587042448919374 132176871118528 pump_end 1 2
1587042448920274 132176871118528 join_beg 1 0
1587042448920534 132176871118528 join_end 0 0
1587042450857263 132176871118528 coll_beg 0 0
1587042453671441 132176871118528 coll_end 0 0
1587042457120505 132176871118528 drain_beg 0 0
1587042457121195 132176871118528 drain_end 1 0
1587042457121735 132176871118528 subm_beg 1 0
1587042457142034 132176862725824 emit_beg 235 0
1587042458925439 132176871118528 subm_end 1 0
1587042458925979 132176871118528 pump_beg 1 0
1587042466584599 132176862725824 emit_end 235 0
1587042469543401 132176871118528 pump_end 1 2
1587042469545391 132176871118528 join_beg 1 0
1587042469545981 132176871118528 join_end 0 0
1587042471750931 132176871118528 coll_beg 0 0
1587042475211145 132176871118528 coll_end 0 0
1587042477340557 132176862725824 emit_beg 236 0
1587042484706368 132176862725824 emit_end 236 0
1587042500850039 132176871118528 drain_beg 0 0
1587042500852569 132176871118528 drain_end 1 0
1587042500853779 132176871118528 subm_beg 1 0
1587042506350508 132176871118528 subm_end 1 0
1587042506352188 132176871118528 pump_beg 1 0
1587042517928416 132176871118528 pump_end 1 2
1587042517929076 132176871118528 join_beg 1 0
1587042517929616 132176871118528 join_end 0 0
1587042519809927 132176871118528 coll_beg 0 0
1587042523378487 132176871118528 coll_end 0 0
1587042525283397 132176871118528 drain_beg 0 0
1587042525285867 132176871118528 drain_end 1 0
1587042525287717 132176871118528 subm_beg 1 0
1587042525299117 132176862725824 emit_beg 237 0
1587042527193308 132176871118528 subm_end 1 0
1587042527194058 132176871118528 pump_beg 1 0
1587042534597047 132176862725824 emit_end 237 0
1587042535968347 132176871118528 pump_end 1 2
1587042535969507 132176871118528 join_beg 1 0
1587042535970127 132176871118528 join_end 0 0
1587042537848269 132176871118528 coll_beg 0 0
1587042539590655 132176871118528 coll_end 0 0
1587042541516145 132176862725824 emit_beg 238 0
1587042548871856 132176862725824 emit_end 238 0
1587042567581234 132176871118528 drain_beg 0 0
1587042567584404 132176871118528 drain_end 1 0
1587042567585484 132176871118528 subm_beg 1 0
1587042573055304 132176871118528 subm_end 1 0
1587042573056294 132176871118528 pump_beg 1 0
1587042581113430 132176871118528 pump_end 1 2
1587042581113980 132176871118528 join_beg 1 0
1587042581114220 132176871118528 join_end 0 0
1587042582950063 132176871118528 coll_beg 0 0
1587042583374457 132176871118528 coll_end 0 0
1587042585221170 132176871118528 drain_beg 0 0
1587042585221950 132176871118528 drain_end 1 0
1587042585222340 132176871118528 subm_beg 1 0
1587042585243349 132176862725824 emit_beg 239 0
1587042587005815 132176871118528 subm_end 1 0
1587042587006205 132176871118528 pump_beg 1 0
1587042594257120 132176862725824 emit_end 239 0
1587042601456328 132176871118528 pump_end 1 2
1587042601457217 132176871118528 join_beg 1 0
1587042601457557 132176871118528 join_end 0 0
1587042603842670 132176871118528 coll_beg 0 0
1587042609475965 132176871118528 coll_end 0 0
1587042611375795 132176862725824 emit_beg 240 0
1587042618939379 132176862725824 emit_end 240 0
1587042620675146 132176871118528 drain_beg 0 0
1587042620676276 132176871118528 drain_end 1 0
1587042620676816 132176871118528 subm_beg 1 0
1587042622523439 132176871118528 subm_end 1 0
1587042622523889 132176871118528 pump_beg 1 0
1587042631800670 132176871118528 pump_end 1 2
1587042631801270 132176871118528 join_beg 1 0
1587042631801650 132176871118528 join_end 0 0
1587042634180563 132176871118528 coll_beg 0 0
1587042636261187 132176871118528 coll_end 0 0
1587042639733081 132176862725824 emit_beg 241 0
1587042641570624 132176871118528 drain_beg 0 0
1587042641572593 132176871118528 drain_end 1 0
1587042641573303 132176871118528 subm_beg 1 0
1587042647048634 132176871118528 subm_end 1 0
1587042647049084 132176871118528 pump_beg 1 0
1587042648937635 132176862725824 emit_end 241 0
1587042658397699 132176871118528 pump_end 1 2
1587042658398699 132176871118528 join_beg 1 0
1587042658399069 132176871118528 join_end 0 0
1587042661462218 132176871118528 coll_beg 0 0
1587042665203801 132176871118528 coll_end 0 0
1587042668877477 132176862725824 emit_beg 242 0
1587042676404262 132176862725824 emit_end 242 0
1587042678205797 132176871118528 drain_beg 0 0
1587042678206707 132176871118528 drain_end 1 0
1587042678207167 132176871118528 subm_beg 1 0
1587042680050139 132176871118528 subm_end 1 0
1587042680050629 132176871118528 pump_beg 1 0
1587042690751849 132176871118528 pump_end 1 2
1587042690752679 132176871118528 join_beg 1 0
1587042690752999 132176871118528 join_end 0 0
1587042692572162 132176871118528 coll_beg 0 0
1587042695767896 132176871118528 coll_end 0 0
1587042698089651 132176871118528 drain_beg 0 0
1587042698090121 132176871118528 drain_end 1 0
1587042698090391 132176871118528 subm_beg 1 0
1587042698092551 132176862725824 emit_beg 243 0
1587042699891665 132176871118528 subm_end 1 0
1587042699892095 132176871118528 pump_beg 1 0
1587042707244367 132176862725824 emit_end 243 0
1587042713597635 132176871118528 pump_end 1 2
1587042713600675 132176871118528 join_beg 1 0
1587042713601945 132176871118528 join_end 0 0
1587042716230539 132176871118528 coll_beg 0 0
1587042720909778 132176871118528 coll_end 0 0
1587042723590110 132176862725824 emit_beg 244 0
1587042725404334 132176871118528 drain_beg 0 0
1587042725405334 132176871118528 drain_end 1 0
1587042725410414 132176871118528 subm_beg 1 0
1587042730917633 132176871118528 subm_end 1 0
1587042730918243 132176871118528 pump_beg 1 0
1587042732907260 132176862725824 emit_end 244 0
1587042743350029 132176871118528 pump_end 1 2
1587042743350759 132176871118528 join_beg 1 0
1587042743351109 132176871118528 join_end 0 0
1587042746587351 132176871118528 coll_beg 0 0
1587042751015360 132176871118528 coll_end 0 0
1587042754332209 132176862725824 emit_beg 245 0
1587042756141092 132176871118528 drain_beg 0 0
1587042756141782 132176871118528 drain_end 1 0
1587042756142302 132176871118528 subm_beg 1 0
1587042762363335 132176871118528 subm_end 1 0
1587042762363735 132176871118528 pump_beg 1 0
1587042764329054 132176862725824 emit_end 245 0
1587042773978862 132176871118528 pump_end 1 2
1587042773979662 132176871118528 join_beg 1 0
1587042773980032 132176871118528 join_end 0 0
1587042776034627 132176871118528 coll_beg 0 0
1587042780289031 132176871118528 coll_end 0 0
1587042785442323 132176862725824 emit_beg 246 0
1587042787258467 132176871118528 drain_beg 0 0
1587042787261367 132176871118528 drain_end 1 0
1587042787262597 132176871118528 subm_beg 1 0
1587042793108723 132176871118528 subm_end 1 0
1587042793110593 132176871118528 pump_beg 1 0
1587042795277344 132176862725824 emit_end 246 0
1587042804080793 132176871118528 pump_end 1 2
1587042804081413 132176871118528 join_beg 1 0
1587042804081743 132176871118528 join_end 0 0
1587042806785594 132176871118528 coll_beg 0 0
1587042810077984 132176871118528 coll_end 0 0
1587042812661580 132176862725824 emit_beg 247 0
1587042820386368 132176862725824 emit_end 247 0
1587042837474884 132176871118528 drain_beg 0 0
1587042837477184 132176871118528 drain_end 1 0
1587042837478514 132176871118528 subm_beg 1 0
1587042843299142 132176871118528 subm_end 1 0
1587042843300052 132176871118528 pump_beg 1 0
1587042854979476 132176871118528 pump_end 1 2
1587042854980366 132176871118528 join_beg 1 0
1587042854980876 132176871118528 join_end 0 0
1587042856927324 132176871118528 coll_beg 0 0
1587042860696397 132176871118528 coll_end 0 0
1587042862619857 132176871118528 drain_beg 0 0
1587042862620417 132176871118528 drain_end 1 0
1587042862620747 132176871118528 subm_beg 1 0
1587042862626037 132176862725824 emit_beg 248 0
1587042864576835 132176871118528 subm_end 1 0
1587042864577235 132176871118528 pump_beg 1 0
1587042872379101 132176862725824 emit_end 248 0
1587042876699183 132176871118528 pump_end 1 2
1587042876701403 132176871118528 join_beg 1 0
1587042876702083 132176871118528 join_end 0 0
1587042878825565 132176871118528 coll_beg 0 0
1587042883261064 132176871118528 coll_end 0 0
1587042886577003 132176862725824 emit_beg 249 0
1587042894425906 132176862725824 emit_end 249 0
1587042915554325 132176871118528 drain_beg 0 0
1587042915555745 132176871118528 drain_end 1 0
1587042915556335 132176871118528 subm_beg 1 0
1587042927721601 132176871118528 subm_end 1 0
1587042927721981 132176871118528 pump_beg 1 0
1587042936117525 132176871118528 pump_end 1 2
1587042936118915 132176871118528 join_beg 1 0
1587042936119965 132176871118528 join_end 0 0
1587042943914920 132176871118528 coll_beg 0 0
1587042944765319 132176871118528 coll_end 0 0
1587042953599247 132176871118528 drain_beg 0 0
1587042953599907 132176871118528 drain_end 1 0
1587042953600287 132176871118528 subm_beg 1 0
1587042953607856 132176862725824 emit_beg 250 0
1587042956248220 132176871118528 subm_end 1 0
1587042956248680 132176871118528 pump_beg 1 0
1587042967720311 132176862725824 emit_end 250 0
1587042968749634 132176871118528 pump_end 1 2
1587042968750184 132176871118528 join_beg 1 0
1587042968750454 132176871118528 join_end 0 0
1587042974275142 132176871118528 coll_beg 0 0
1587042978655882 132176871118528 coll_end 0 0
1587042983646340 132176862725824 emit_beg 251 0
1587042994285192 132176862725824 emit_end 251 0
1587043018791098 132176871118528 drain_beg 0 0
1587043018793378 132176871118528 drain_end 1 0
1587043018794608 132176871118528 subm_beg 1 0
1587043025012900 132176871118528 subm_end 1 0
1587043025014490 132176871118528 pump_beg 1 0
1587043037414938 132176871118528 pump_end 1 2
1587043037416538 132176871118528 join_beg 1 0
1587043037417468 132176871118528 join_end 0 0
1587043039415545 132176871118528 coll_beg 0 0
1587043043749447 132176871118528 coll_end 0 0
1587043045757944 132176871118528 drain_beg 0 0
1587043045758464 132176871118528 drain_end 1 0
1587043045758764 132176871118528 subm_beg 1 0
1587043045765883 132176862725824 emit_beg 252 0
1587043047752101 132176871118528 subm_end 1 0
1587043047752501 132176871118528 pump_beg 1 0
1587043053542269 132176862725824 emit_end 252 0
1587043056714904 132176871118528 pump_end 1 2
1587043056716874 132176871118528 join_beg 1 0
1587043056717504 132176871118528 join_end 0 0
1587043058777338 132176871118528 coll_beg 0 0
1587043061143982 132176871118528 coll_end 0 0
1587043063094871 132176862725824 emit_beg 253 0
1587043069018915 132176862725824 emit_end 253 0
1587043092290815 132176871118528 drain_beg 0 0
1587043092292895 132176871118528 drain_end 1 0
1587043092293945 132176871118528 subm_beg 1 0
1587043098160001 132176871118528 subm_end 1 0
1587043098161621 132176871118528 pump_beg 1 0
1587043108138117 132176871118528 pump_end 1 2
1587043108138667 132176871118528 join_beg 1 0
1587043108139157 132176871118528 join_end 0 0
1587043110093636 132176871118528 coll_beg 0 0
1587043113511511 132176871118528 coll_end 0 0
1587043115481819 132176871118528 drain_beg 0 0
1587043115482649 132176871118528 drain_end 1 0
1587043115483289 132176871118528 subm_beg 1 0
1587043115487179 132176862725824 emit_beg 254 0
1587043117461107 132176871118528 subm_end 1 0
1587043117461627 132176871118528 pump_beg 1 0
1587043123419819 132176862725824 emit_end 254 0
1587043128988096 132176871118528 pump_end 1 2
1587043128988596 132176871118528 join_beg 1 0
1587043128988886 132176871118528 join_end 0 0
1587043130970204 132176871118528 coll_beg 0 0
1587043134843223 132176871118528 coll_end 0 0
1587043136886658 132176862725824 emit_beg 255 0
1587043144713152 132176862725824 emit_end 255 0
1587043163223957 132176871118528 drain_beg 0 0
1587043163225797 132176871118528 drain_end 1 0
1587043163226497 132176871118528 subm_beg 1 0
1587043169014805 132176871118528 subm_end 1 0
1587043169016365 132176871118528 pump_beg 1 0
1587043180977959 132176871118528 pump_end 1 2
1587043180979399 132176871118528 join_beg 1 0
1587043180980339 132176871118528 join_end 0 0
1587043183024564 132176871118528 coll_beg 0 0
1587043187697894 132176871118528 coll_end 0 0
1587043189804327 132176871118528 drain_beg 0 0
1587043189805697 132176862725824 emit_beg 256 0
1587043189806927 132176871118528 drain_end 1 0
1587043189809647 132176871118528 subm_beg 1 0
1587043191874741 132176871118528 subm_end 1 0
1587043191876681 132176871118528 pump_beg 1 0
1587043199708555 132176862725824 emit_end 256 0
1587043203214417 132176871118528 pump_end 1 2
1587043203218007 132176871118528 join_beg 1 0
1587043203219127 132176871118528 join_end 0 0
1587043206391292 132176871118528 coll_beg 0 0
1587043210459733 132176871118528 coll_end 0 0
1587043212525558 132176862725824 emit_beg 257 0
1587043220437439 132176862725824 emit_end 257 0
1587043238678153 132176871118528 drain_beg 0 0
1587043238680143 132176871118528 drain_end 1 0
1587043238681283 132176871118528 subm_beg 1 0
1587043244554539 132176871118528 subm_end 1 0
1587043244555379 132176871118528 pump_beg 1 0
1587043256640498 132176871118528 pump_end 1 2
1587043256641848 132176871118528 join_beg 1 0
1587043256643148 132176871118528 join_end 0 0
1587043258749341 132176871118528 coll_beg 0 0
1587043263077183 132176871118528 coll_end 0 0
1587043264950615 132176871118528 drain_beg 0 0
1587043264951274 132176871118528 drain_end 1 0
1587043264951694 132176871118528 subm_beg 1 0
1587043264971784 132176862725824 emit_beg 258 0
1587043266809727 132176871118528 subm_end 1 0
1587043266810127 132176871118528 pump_beg 1 0
1587043274242845 132176862725824 emit_end 258 0
1587043276417006 132176871118528 pump_end 1 2
1587043276417586 132176871118528 join_beg 1 0
1587043276418036 132176871118528 join_end 0 0
1587043278331316 132176871118528 coll_beg 0 0
1587043280687920 132176871118528 coll_end 0 0
1587043282566682 132176871118528 drain_beg 0 0
1587043282567372 132176871118528 drain_end 1 0
1587043282567862 132176871118528 subm_beg 1 0
1587043282568572 132176862725824 emit_beg 259 0
1587043286249697 132176871118528 subm_end 1 0
1587043286250197 132176871118528 pump_beg 1 0
1587043291779525 132176862725824 emit_end 259 0
1587043297961510 132176871118528 pump_end 1 2
1587043297962450 132176871118528 join_beg 1 0
1587043297962920 132176871118528 join_end 0 0
1587043301246970 132176871118528 coll_beg 0 0
1587043305210065 132176871118528 coll_end 0 0
1587043307529011 132176862725824 emit_beg 260 0
1587043315054036 132176862725824 emit_end 260 0
1587043329745130 132176871118528 drain_beg 0 0
1587043329747500 132176871118528 drain_end 1 0
1587043329748100 132176871118528 subm_beg 1 0
1587043333388907 132176871118528 subm_end 1 0
1587043333389537 132176871118528 pump_beg 1 0
1587043344319158 132176871118528 pump_end 1 2
1587043344320688 132176871118528 join_beg 1 0
1587043344321438 132176871118528 join_end 0 0
1587043346362294 132176871118528 coll_beg 0 0
1587043349575846 132176871118528 coll_end 0 0
1587043351530575 132176862725824 emit_beg 261 0
1587043359134677 132176862725824 emit_end 261 0
1587043374574744 132176871118528 drain_beg 0 0
1587043374578934 132176871118528 drain_end 1 0
1587043374580204 132176871118528 subm_beg 1 0
1587043378316387 132176871118528 subm_end 1 0
1587043378318617 132176871118528 pump_beg 1 0
1587043388293193 132176871118528 pump_end 1 2
1587043388295273 132176871118528 join_beg 1 0
1587043388296193 132176871118528 join_end 0 0
1587043390221103 132176871118528 coll_beg 0 0
1587043393157106 132176871118528 coll_end 0 0
1587043395724822 132176871118528 drain_beg 0 0
1587043395725612 132176871118528 drain_end 1 0
1587043395726152 132176871118528 subm_beg 1 0
1587043395745211 132176862725824 emit_beg 262 0
1587043397547276 132176871118528 subm_end 1 0
1587043397547696 132176871118528 pump_beg 1 0
1587043405019263 132176862725824 emit_end 262 0
1587043409699152 132176871118528 pump_end 1 2
1587043409702952 132176871118528 join_beg 1 0
1587043409704132 132176871118528 join_end 0 0
1587043413224354 132176871118528 coll_beg 0 0
1587043417786487 132176871118528 coll_end 0 0
1587043420589175 132176862725824 emit_beg 263 0
1587043422439047 132176871118528 drain_beg 0 0
1587043422440387 132176871118528 drain_end 1 0
1587043422440987 132176871118528 subm_beg 1 0
1587043428832064 132176871118528 subm_end 1 0
1587043428832644 132176871118528 pump_beg 1 0
1587043430760644 132176862725824 emit_end 263 0
1587043440267787 132176871118528 pump_end 1 2
1587043440270057 132176871118528 join_beg 1 0
1587043440270477 132176871118528 join_end 0 0
1587043442714037 132176871118528 coll_beg 0 0
1587043447931787 132176871118528 coll_end 0 0
1587043450498783 132176862725824 emit_beg 264 0
1587043459227305 132176862725824 emit_end 264 0
1587043475553569 132176871118528 drain_beg 0 0
1587043475556149 132176871118528 drain_end 1 0
1587043475557349 132176871118528 subm_beg 1 0
1587043481538441 132176871118528 subm_end 1 0
1587043481539990 132176871118528 pump_beg 1 0
1587043493137257 132176871118528 pump_end 1 2
1587043493138707 132176871118528 join_beg 1 0
1587043493139287 132176871118528 join_end 0 0
1587043496995487 132176871118528 coll_beg 0 0
1587043502729377 132176871118528 coll_end 0 0
1587043504704425 132176871118528 drain_beg 0 0
1587043504705095 132176871118528 drain_end 1 0
1587043504705475 132176871118528 subm_beg 1 0
1587043504726354 132176862725824 emit_beg 265 0
1587043506919774 132176871118528 subm_end 1 0
1587043506920214 132176871118528 pump_beg 1 0
1587043512902326 132176862725824 emit_end 265 0
1587043518349427 132176871118528 pump_end 1 2
1587043518349877 132176871118528 join_beg 1 0
1587043518350107 132176871118528 join_end 0 0
1587043520503269 132176871118528 coll_beg 0 0
1587043525804895 132176871118528 coll_end 0 0
1587043527957687 132176862725824 emit_beg 266 0
1587043535398865 132176862725824 emit_end 266 0
1587043550278012 132176871118528 drain_beg 0 0
1587043550285852 132176871118528 drain_end 1 0
1587043550286582 132176871118528 subm_beg 1 0
1587043554008276 132176871118528 subm_end 1 0
1587043554009856 132176871118528 pump_beg 1 0
1587043565239186 132176871118528 pump_end 1 2
1587043565240446 132176871118528 join_beg 1 0
1587043565241166 132176871118528 join_end 0 0
1587043567136517 132176871118528 coll_beg 0 0
1587043572332427 132176871118528 coll_end 0 0
1587043574204849 132176871118528 drain_beg 0 0
1587043574205369 132176871118528 drain_end 1 0
1587043574205659 132176871118528 subm_beg 1 0
1587043574227138 132176862725824 emit_beg 267 0
1587043576087890 132176871118528 subm_end 1 0
1587043576088260 132176871118528 pump_beg 1 0
1587043583610976 132176862725824 emit_end 267 0
1587043584535172 132176871118528 pump_end 1 2
1587043584535652 132176871118528 join_beg 1 0
1587043584535882 132176871118528 join_end 0 0
1587043586466361 132176871118528 coll_beg 0 0
1587043588328293 132176871118528 coll_end 0 0
1587043590196605 132176862725824 emit_beg 268 0
1587043597563986 132176862725824 emit_end 268 0
1587043615890558 132176871118528 drain_beg 0 0
1587043615892548 132176871118528 drain_end 1 0
1587043615893308 132176871118528 subm_beg 1 0
1587043621506883 132176871118528 subm_end 1 0
1587043621508393 132176871118528 pump_beg 1 0
1587043630010922 132176871118528 pump_end 1 2
1587043630012222 132176871118528 join_beg 1 0
1587043630013262 132176871118528 join_end 0 0
1587043633769075 132176871118528 coll_beg 0 0
1587043636134359 132176871118528 coll_end 0 0
1587043637991191 132176871118528 drain_beg 0 0
1587043637991941 132176871118528 drain_end 1 0
1587043637992421 132176871118528 subm_beg 1 0
1587043638014330 132176862725824 emit_beg 269 0
1587043639811735 132176871118528 subm_end 1 0
1587043639812165 132176871118528 pump_beg 1 0
1587043647226574 132176862725824 emit_end 269 0
1587043650292712 132176871118528 pump_end 1 2
1587043650293322 132176871118528 join_beg 1 0
1587043650293572 132176871118528 join_end 0 0
1587043652200183 132176871118528 coll_beg 0 0
1587043656892011 132176871118528 coll_end 0 0
1587043659625172 132176862725824 emit_beg 270 0
1587043667066320 132176862725824 emit_end 270 0
1587043683198001 132176871118528 drain_beg 0 0
1587043683199951 132176871118528 drain_end 1 0
1587043683200711 132176871118528 subm_beg 1 0
1587043689081247 132176871118528 subm_end 1 0
1587043689082797 132176871118528 pump_beg 1 0
1587043700407293 132176871118528 pump_end 1 2
1587043700408533 132176871118528 join_beg 1 0
1587043700409193 132176871118528 join_end 0 0
1587043702406020 132176871118528 coll_beg 0 0
1587043707825783 132176871118528 coll_end 0 0
1587043709801521 132176871118528 drain_beg 0 0
1587043709802030 132176871118528 drain_end 1 0
1587043709802370 132176871118528 subm_beg 1 0
1587043709824470 132176862725824 emit_beg 271 0
1587043711747260 132176871118528 subm_end 1 0
1587043711747620 132176871118528 pump_beg 1 0
1587043719657331 132176862725824 emit_end 271 0
1587043720727992 132176871118528 pump_end 1 2
1587043720728512 132176871118528 join_beg 1 0
1587043720728742 132176871118528 join_end 0 0
1587043722721509 132176871118528 coll_beg 0 0
1587043725243367 132176871118528 coll_end 0 0
1587043727176527 132176862725824 emit_beg 272 0
1587043734964722 132176862725824 emit_end 272 0
1587043754480280 132176871118528 drain_beg 0 0
1587043754482420 132176871118528 drain_end 1 0
1587043754483200 132176871118528 subm_beg 1 0
1587043760266929 132176871118528 subm_end 1 0
1587043760268499 132176871118528 pump_beg 1 0
1587043771181231 132176871118528 pump_end 1 2
1587043771183251 132176871118528 join_beg 1 0
1587043771184321 132176871118528 join_end 0 0
1587043773225236 132176871118528 coll_beg 0 0
1587043778411637 132176871118528 coll_end 0 0
1587043780452092 132176871118528 drain_beg 0 0
1587043780453112 132176871118528 drain_end 1 0
1587043780453832 132176871118528 subm_beg 1 0
1587043780481491 132176862725824 emit_beg 273 0
1587043782389392 132176871118528 subm_end 1 0
1587043782389882 132176871118528 pump_beg 1 0
1587043788491469 132176862725824 emit_end 273 0
1587043792687196 132176871118528 pump_end 1 2
1587043792687686 132176871118528 join_beg 1 0
1587043792687886 132176871118528 join_end 0 0
1587043796051073 132176871118528 coll_beg 0 0
1587043800015338 132176871118528 coll_end 0 0
1587043802519217 132176862725824 emit_beg 274 0
1587043810328272 132176862725824 emit_end 274 0
1587043827509905 132176871118528 drain_beg 0 0
1587043827511905 132176871118528 drain_end 1 0
1587043827512665 132176871118528 subm_beg 1 0
1587043833336482 132176871118528 subm_end 1 0
1587043833338042 132176871118528 pump_beg 1 0
1587043845138062 132176871118528 pump_end 1 2
1587043845139362 132176871118528 join_beg 1 0
1587043845140052 132176871118528 join_end 0 0
1587043847216316 132176871118528 coll_beg 0 0
1587043852872369 132176871118528 coll_end 0 0
1587043854807059 132176871118528 drain_beg 0 0
1587043854807629 132176871118528 drain_end 1 0
1587043854807969 132176871118528 subm_beg 1 0
1587043854814628 132176862725824 emit_beg 275 0
1587043856779157 132176871118528 subm_end 1 0
1587043856779547 132176871118528 pump_beg 1 0
1587043862703421 132176862725824 emit_end 275 0
1587043868301866 132176871118528 pump_end 1 2
1587043868303496 132176871118528 join_beg 1 0
1587043868304366 132176871118528 join_end 0 0
1587043871445342 132176871118528 coll_beg 0 0
1587043877062077 132176871118528 coll_end 0 0
1587043879747269 132176862725824 emit_beg 276 0
1587043887650000 132176862725824 emit_end 276 0
1587043904629981 132176871118528 drain_beg 0 0
1587043904631821 132176871118528 drain_end 1 0
1587043904632721 132176871118528 subm_beg 1 0
1587043908677373 132176871118528 subm_end 1 0
1587043908678273 132176871118528 pump_beg 1 0
1587043919511668 132176871118528 pump_end 1 2
1587043919512278 132176871118528 join_beg 1 0
1587043919512728 132176871118528 join_end 0 0
1587043921528024 132176871118528 coll_beg 0 0
1587043926821231 132176871118528 coll_end 0 0
1587043928845347 132176871118528 drain_beg 0 0
1587043928847287 132176871118528 drain_end 1 0
1587043928848457 132176871118528 subm_beg 1 0
1587043928864636 132176862725824 emit_beg 277 0
1587043930835184 132176871118528 subm_end 1 0
1587043930836754 132176871118528 pump_beg 1 0
1587043938629460 132176862725824 emit_end 277 0
1587043939927982 132176871118528 pump_end 1 2
1587043939928602 132176871118528 join_beg 1 0
1587043939928982 132176871118528 join_end 0 0
1587043941843113 132176871118528 coll_beg 0 0
1587043944087821 132176871118528 coll_end 0 0
1587043946071998 132176862725824 emit_beg 278 0
1587043953784787 132176862725824 emit_end 278 0
1587043975129818 132176871118528 drain_beg 0 0
1587043975131728 132176871118528 drain_end 1 0
1587043975132428 132176871118528 subm_beg 1 0
1587043979057875 132176871118528 subm_end 1 0
1587043979059034 132176871118528 pump_beg 1 0
1587043991942534 132176871118528 pump_end 1 2
1587043991945154 132176871118528 join_beg 1 0
1587043991946534 132176871118528 join_end 0 0
1587043993932682 132176871118528 coll_beg 0 0
1587044000313489 132176871118528 coll_end 0 0
1587044002457711 132176871118528 drain_beg 0 0
1587044002460120 132176871118528 drain_end 1 0
1587044002461720 132176871118528 subm_beg 1 0
1587044002461620 132176862725824 emit_beg 279 0
1587044004514046 132176871118528 subm_end 1 0
1587044004516266 132176871118528 pump_beg 1 0
1587044010615873 132176862725824 emit_end 279 0
1587044013207088 132176871118528 pump_end 1 2
1587044013208018 132176871118528 join_beg 1 0
1587044013208418 132176871118528 join_end 0 0
1587044015203226 132176871118528 coll_beg 0 0
1587044016595645 132176871118528 coll_end 0 0
1587044019254698 132176862725824 emit_beg 280 0
1587044023204324 132176862725824 emit_end 280 0
1587044046477004 132176871118528 drain_beg 0 0
1587044046478354 132176871118528 drain_end 1 0
1587044046478694 132176871118528 subm_beg 1 0
1587044050382662 132176871118528 subm_end 1 0
1587044050383132 132176871118528 pump_beg 1 0
1587044061847703 132176871118528 pump_end 1 2
1587044061849533 132176871118528 join_beg 1 0
1587044061850463 132176871118528 join_end 0 0
1587044063852890 132176871118528 coll_beg 0 0
1587044067450049 132176871118528 coll_end 0 0
1587044069445416 132176862725824 emit_beg 281 0
1587044071442643 132176871118528 drain_beg 0 0
1587044071444053 132176871118528 drain_end 1 0
1587044071444333 132176871118528 subm_beg 1 0
1587044077380416 132176871118528 subm_end 1 0
1587044077380896 132176871118528 pump_beg 1 0
1587044079460521 132176862725824 emit_end 281 0
1587044086976006 132176871118528 pump_end 1 2
1587044086976706 132176871118528 join_beg 1 0
1587044086977026 132176871118528 join_end 0 0
1587044089642799 132176871118528 coll_beg 0 0
1587044091695464 132176871118528 coll_end 0 0
1587044095500005 132176862725824 emit_beg 282 0
1587044103271972 132176862725824 emit_end 282 0
1587044116285677 132176871118528 drain_beg 0 0
1587044116287387 132176871118528 drain_end 1 0
1587044116287777 132176871118528 subm_beg 1 0
1587044119968302 132176871118528 subm_end 1 0
1587044119968822 132176871118528 pump_beg 1 0
1587044129916859 132176871118528 pump_end 1 2
1587044129918489 132176871118528 join_beg 1 0
1587044129919449 132176871118528 join_end 0 0
1587044131908317 132176871118528 coll_beg 0 0
1587044134437514 132176871118528 coll_end 0 0
1587044136365504 132176871118528 drain_beg 0 0
1587044136367674 132176871118528 drain_end 1 0
1587044136368874 132176871118528 subm_beg 1 0
1587044136369644 132176862725824 emit_beg 283 0
1587044138275564 132176871118528 subm_end 1 0
1587044138276174 132176871118528 pump_beg 1 0
1587044144088412 132176862725824 emit_end 283 0
1587044149512514 132176871118528 pump_end 1 2
1587044149514694 132176871118528 join_beg 1 0
1587044149515354 132176871118528 join_end 0 0
1587044151483512 132176871118528 coll_beg 0 0
1587044154892188 132176871118528 coll_end 0 0
1587044157008851 132176862725824 emit_beg 284 0
1587044164390801 132176862725824 emit_end 284 0
1587044180822742 132176871118528 drain_beg 0 0
1587044180824991 132176871118528 drain_end 1 0
1587044180826261 132176871118528 subm_beg 1 0
1587044186419037 132176871118528 subm_end 1 0
1587044186420647 132176871118528 pump_beg 1 0
1587044198789586 132176871118528 pump_end 1 2
1587044198791526 132176871118528 join_beg 1 0
1587044198792276 132176871118528 join_end 0 0
1587044201121861 132176871118528 coll_beg 0 0
1587044205259970 132176871118528 coll_end 0 0
1587044207092913 132176871118528 drain_beg 0 0
1587044207093843 132176871118528 drain_end 1 0
1587044207094393 132176871118528 subm_beg 1 0
1587044207114642 132176862725824 emit_beg 285 0
1587044208928156 132176871118528 subm_end 1 0
1587044208928596 132176871118528 pump_beg 1 0
1587044214671096 132176862725824 emit_end 285 0
1587044220269502 132176871118528 pump_end 1 2
1587044220270162 132176871118528 join_beg 1 0
1587044220270432 132176871118528 join_end 0 0
1587044222408764 132176871118528 coll_beg 0 0
1587044226678188 132176871118528 coll_end 0 0
1587044230259637 132176862725824 emit_beg 286 0
1587044237617639 132176862725824 emit_end 286 0
1587044252680009 132176871118528 drain_beg 0 0
1587044252682879 132176871118528 drain_end 1 0
1587044252683989 132176871118528 subm_beg 1 0
1587044256464511 132176871118528 subm_end 1 0
1587044256465661 132176871118528 pump_beg 1 0
1587044268258741 132176871118528 pump_end 1 2
1587044268260041 132176871118528 join_beg 1 0
1587044268260911 132176871118528 join_end 0 0
1587044270251238 132176871118528 coll_beg 0 0
1587044273911984 132176871118528 coll_end 0 0
1587044275828495 132176871118528 drain_beg 0 0
1587044275829105 132176871118528 drain_end 1 0
1587044275829594 132176871118528 subm_beg 1 0
1587044275850994 132176862725824 emit_beg 287 0
1587044277632139 132176871118528 subm_end 1 0
1587044277632569 132176871118528 pump_beg 1 0
1587044285150814 132176862725824 emit_end 287 0
1587044288524861 132176871118528 pump_end 1 2
1587044288525391 132176871118528 join_beg 1 0
1587044288525581 132176871118528 join_end 0 0
1587044290927973 132176871118528 coll_beg 0 0
1587044294362118 132176871118528 coll_end 0 0
1587044296537799 132176862725824 emit_beg 288 0
1587044303855092 132176862725824 emit_end 288 0
1587044320278472 132176871118528 drain_beg 0 0
1587044320288072 132176871118528 drain_end 1 0
1587044320288852 132176871118528 subm_beg 1 0
1587044325805491 132176871118528 subm_end 1 0
1587044325806421 132176871118528 pump_beg 1 0
1587044338099432 132176871118528 pump_end 1 2
1587044338100902 132176871118528 join_beg 1 0
1587044338102002 132176871118528 join_end 0 0
1587044340089949 132176871118528 coll_beg 0 0
1587044345273430 132176871118528 coll_end 0 0
1587044347407712 132176871118528 drain_beg 0 0
1587044347409622 132176871118528 drain_end 1 0
1587044347410562 132176871118528 subm_beg 1 0
1587044347426832 132176862725824 emit_beg 289 0
1587044349376960 132176871118528 subm_end 1 0
1587044349377860 132176871118528 pump_beg 1 0
1587044356994842 132176862725824 emit_end 289 0
1587044361580415 132176871118528 pump_end 1 2
1587044361582565 132176871118528 join_beg 1 0
1587044361583695 132176871118528 join_end 0 0
1587044363774975 132176871118528 coll_beg 0 0
1587044369129630 132176871118528 coll_end 0 0
1587044371524942 132176862725824 emit_beg 290 0
1587044378940542 132176862725824 emit_end 290 0
1587044394797843 132176871118528 drain_beg 0 0
1587044394799943 132176871118528 drain_end 1 0
1587044394801043 132176871118528 subm_beg 1 0
1587044400342061 132176871118528 subm_end 1 0
1587044400343661 132176871118528 pump_beg 1 0
1587044411391197 132176871118528 pump_end 1 2
1587044411392547 132176871118528 join_beg 1 0
1587044411393437 132176871118528 join_end 0 0
1587044413416593 132176871118528 coll_beg 0 0
1587044418866095 132176871118528 coll_end 0 0
1587044420811674 132176871118528 drain_beg 0 0
1587044420812284 132176871118528 drain_end 1 0
1587044420812594 132176871118528 subm_beg 1 0
1587044420835833 132176862725824 emit_beg 291 0
1587044422629247 132176871118528 subm_end 1 0
1587044422629667 132176871118528 pump_beg 1 0
1587044430273558 132176862725824 emit_end 291 0
1587044434780234 132176871118528 pump_end 1 2
1587044434781684 132176871118528 join_beg 1 0
1587044434782444 132176871118528 join_end 0 0
1587044436671105 132176871118528 coll_beg 0 0
1587044442816840 132176871118528 coll_end 0 0
1587044445821041 132176862725824 emit_beg 292 0
1587044447555218 132176871118528 drain_beg 0 0
1587044447555848 132176871118528 drain_end 1 0
1587044447556158 132176871118528 subm_beg 1 0
1587044453146854 132176871118528 subm_end 1 0
1587044453147304 132176871118528 pump_beg 1 0
1587044455066553 132176862725824 emit_end 292 0
1587044463631101 132176871118528 pump_end 1 2
1587044463632701 132176871118528 join_beg 1 0
1587044463633541 132176871118528 join_end 0 0
1587044466408320 132176871118528 coll_beg 0 0
1587044471346809 132176871118528 coll_end 0 0
1587044474127048 132176862725824 emit_beg 293 0
1587044481610835 132176862725824 emit_end 293 0
1587044495822596 132176871118528 drain_beg 0 0
1587044495827226 132176871118528 drain_end 1 0
1587044495828376 132176871118528 subm_beg 1 0
1587044499523351 132176871118528 subm_end 1 0
1587044499525751 132176871118528 pump_beg 1 0
1587044508765524 132176871118528 pump_end 1 2
1587044508766544 132176871118528 join_beg 1 0
1587044508766954 132176871118528 join_end 0 0
1587044510697823 132176871118528 coll_beg 0 0
1587044512658832 132176871118528 coll_end 0 0
1587044514518784 132176871118528 drain_beg 0 0
1587044514519284 132176871118528 drain_end 1 0
1587044514519764 132176871118528 subm_beg 1 0
1587044514546483 132176862725824 emit_beg 294 0
1587044516332708 132176871118528 subm_end 1 0
1587044516333108 132176871118528 pump_beg 1 0
1587044522177944 132176862725824 emit_end 294 0
1587044527925055 132176871118528 pump_end 1 2
1587044527925495 132176871118528 join_beg 1 0
1587044527925735 132176871118528 join_end 0 0
1587044530005729 132176871118528 coll_beg 0 0
1587044534753096 132176871118528 coll_end 0 0
1587044537905920 132176862725824 emit_beg 295 0
1587044545592730 132176862725824 emit_end 295 0
1587044561364714 132176871118528 drain_beg 0 0
1587044561367974 132176871118528 drain_end 1 0
1587044561369284 132176871118528 subm_beg 1 0
1587044567189652 132176871118528 subm_end 1 0
1587044567192102 132176871118528 pump_beg 1 0
1587044577887131 132176871118528 pump_end 1 2
1587044577887741 132176871118528 join_beg 1 0
1587044577888021 132176871118528 join_end 0 0
1587044580013754 132176871118528 coll_beg 0 0
1587044583122640 132176871118528 coll_end 0 0
1587044585112318 132176871118528 drain_beg 0 0
1587044585112788 132176871118528 drain_end 1 0
1587044585113148 132176871118528 subm_beg 1 0
1587044585140967 132176862725824 emit_beg 296 0
1587044587064906 132176871118528 subm_end 1 0
1587044587065316 132176871118528 pump_beg 1 0
1587044593050648 132176862725824 emit_end 296 0
1587044596736084 132176871118528 pump_end 1 2
1587044596736634 132176871118528 join_beg 1 0
1587044596736884 132176871118528 join_end 0 0
1587044600411549 132176871118528 coll_beg 0 0
1587044602772173 132176871118528 coll_end 0 0
1587044606566385 132176862725824 emit_beg 297 0
1587044614394849 132176862725824 emit_end 297 0
1587044630681385 132176871118528 drain_beg 0 0
1587044630682705 132176871118528 drain_end 1 0
1587044630683165 132176871118528 subm_beg 1 0
1587044634594992 132176871118528 subm_end 1 0
1587044634595432 132176871118528 pump_beg 1 0
1587044645267872 132176871118528 pump_end 1 2
1587044645268522 132176871118528 join_beg 1 0
1587044645268792 132176871118528 join_end 0 0
1587044647290889 132176871118528 coll_beg 0 0
1587044650186923 132176871118528 coll_end 0 0
1587044652172650 132176871118528 drain_beg 0 0
1587044652173160 132176871118528 drain_end 1 0
1587044652173480 132176871118528 subm_beg 1 0
1587044652181140 132176862725824 emit_beg 298 0
1587044654166618 132176871118528 subm_end 1 0
1587044654166988 132176871118528 pump_beg 1 0
1587044660139730 132176862725824 emit_end 298 0
1587044666090963 132176871118528 pump_end 1 2
1587044666092293 132176871118528 join_beg 1 0
1587044666093213 132176871118528 join_end 0 0
1587044668073710 132176871118528 coll_beg 0 0
1587044672204829 132176871118528 coll_end 0 0
1587044675919594 132176862725824 emit_beg 299 0
1587044683912922 132176862725824 emit_end 299 0
1587044700014175 132176871118528 drain_beg 0 0
1587044700019214 132176871118528 drain_end 1 0
1587044700021014 132176871118528 subm_beg 1 0
1587044705784214 132176871118528 subm_end 1 0
1587044705785844 132176871118528 pump_beg 1 0
1587044715277578 132176871118528 pump_end 1 2
1587044715279707 132176871118528 join_beg 1 0
1587044715280467 132176871118528 join_end 0 0
1587044717374091 132176871118528 coll_beg 0 0
1587044719272342 132176871118528 coll_end 0 0
1587044721335407 132176871118528 drain_beg 0 0
1587044721336147 132176871118528 drain_end 1 0
1587044721336637 132176871118528 subm_beg 1 0
1587044721340546 132176862725824 emit_beg 300 0
1587044723327344 132176871118528 subm_end 1 0
1587044723327864 132176871118528 pump_beg 1 0
1587044729153931 132176862725824 emit_end 300 0
1587044734100041 132176871118528 pump_end 1 2
1587044734100841 132176871118528 join_beg 1 0
1587044734101151 132176871118528 join_end 0 0
1587044736056239 132176871118528 coll_beg 0 0
1587044739388268 132176871118528 coll_end 0 0
1587044741851498 132176862725824 emit_beg 301 0
1587044749679502 132176862725824 emit_end 301 0
1587044766577156 132176871118528 drain_beg 0 0
1587044766579145 132176871118528 drain_end 1 0
1587044766580035 132176871118528 subm_beg 1 0
1587044772448221 132176871118528 subm_end 1 0
1587044772449821 132176871118528 pump_beg 1 0
1587044781148954 132176871118528 pump_end 1 2
1587044781150224 132176871118528 join_beg 1 0
1587044781150954 132176871118528 join_end 0 0
1587044784475402 132176871118528 coll_beg 0 0
1587044785922709 132176871118528 coll_end 0 0
1587044787910967 132176871118528 drain_beg 0 0
1587044787911737 132176871118528 drain_end 1 0
1587044787912267 132176871118528 subm_beg 1 0
1587044787917597 132176862725824 emit_beg 302 0
1587044789948153 132176871118528 subm_end 1 0
1587044789948533 132176871118528 pump_beg 1 0
1587044797732449 132176862725824 emit_end 302 0
1587044802388239 132176871118528 pump_end 1 2
1587044802388919 132176871118528 join_beg 1 0
1587044802389289 132176871118528 join_end 0 0
1587044804984904 132176871118528 coll_beg 0 0
1587044809452891 132176871118528 coll_end 0 0
1587044812749081 132176862725824 emit_beg 303 0
1587044820578945 132176862725824 emit_end 303 0
1587044838822829 132176871118528 drain_beg 0 0
1587044838825379 132176871118528 drain_end 1 0
1587044838826429 132176871118528 subm_beg 1 0
1587044842704617 132176871118528 subm_end 1 0
1587044842705517 132176871118528 pump_beg 1 0
1587044852606086 132176871118528 pump_end 1 2
1587044852606686 132176871118528 join_beg 1 0
1587044852607076 132176871118528 join_end 0 0
1587044854695180 132176871118528 coll_beg 0 0
1587044857249037 132176871118528 coll_end 0 0
1587044859320021 132176871118528 drain_beg 0 0
1587044859320661 132176871118528 drain_end 1 0
1587044859321111 132176871118528 subm_beg 1 0
1587044859333501 132176862725824 emit_beg 304 0
1587044861270360 132176871118528 subm_end 1 0
1587044861270720 132176871118528 pump_beg 1 0
1587044867167495 132176862725824 emit_end 304 0
1587044871957960 132176871118528 pump_end 1 2
1587044871958760 132176871118528 join_beg 1 0
1587044871959070 132176871118528 join_end 0 0
1587044874215547 132176871118528 coll_beg 0 0
1587044877668421 132176871118528 coll_end 0 0
1587044879986737 132176862725824 emit_beg 305 0
1587044887705815 132176862725824 emit_end 305 0
1587044904972505 132176871118528 drain_beg 0 0
1587044904973675 132176871118528 drain_end 1 0
1587044904974245 132176871118528 subm_beg 1 0
1587044909141333 132176871118528 subm_end 1 0
1587044909142263 132176871118528 pump_beg 1 0
1587044917488498 132176871118528 pump_end 1 2
1587044917488998 132176871118528 join_beg 1 0
1587044917489298 132176871118528 join_end 0 0
1587044919456557 132176871118528 coll_beg 0 0
1587044920647263 132176871118528 coll_end 0 0
1587044922613651 132176871118528 drain_beg 0 0
1587044922614101 132176871118528 drain_end 1 0
1587044922614461 132176871118528 subm_beg 1 0
1587044922619611 132176862725824 emit_beg 306 0
1587044924540611 132176871118528 subm_end 1 0
1587044924540991 132176871118528 pump_beg 1 0
1587044931858394 132176871118528 pump_end 1 2
1587044931860104 132176871118528 join_beg 1 0
1587044932101045 132176862725824 emit_end 306 0
1587044932105865 132176871118528 join_end 0 0
1587044934001336 132176871118528 coll_beg 0 0
1587044934646272 132176871118528 coll_end 0 0
1587044937759329 132176862725824 emit_beg 307 0
1587044947049860 132176862725824 emit_end 307 0
1587044962842123 132176871118528 drain_beg 0 0
1587044962843623 132176871118528 drain_end 1 0
1587044962844133 132176871118528 subm_beg 1 0
1587044966569537 132176871118528 subm_end 1 0
1587044966573377 132176871118528 pump_beg 1 0
1587044977455450 132176871118528 pump_end 1 2
1587044977457370 132176871118528 join_beg 1 0
1587044977458130 132176871118528 join_end 0 0
1587044979323392 132176871118528 coll_beg 0 0
1587044983537898 132176871118528 coll_end 0 0
1587044985378241 132176862725824 emit_beg 308 0
1587044987375128 132176871118528 drain_beg 0 0
1587044987380528 132176871118528 drain_end 1 0
1587044987382018 132176871118528 subm_beg 1 0
1587044992891447 132176871118528 subm_end 1 0
1587044992894147 132176871118528 pump_beg 1 0
1587044994717060 132176862725824 emit_end 308 0
1587045004579780 132176871118528 pump_end 1 2
1587045004580820 132176871118528 join_beg 1 0
1587045004581530 132176871118528 join_end 0 0
1587045007849211 132176871118528 coll_beg 0 0
1587045012651996 132176871118528 coll_end 0 0
1587045015424604 132176871118528 drain_beg 0 0
1587045015425434 132176871118528 drain_end 1 0
1587045015426084 132176871118528 subm_beg 1 0
1587045015427004 132176862725824 emit_beg 309 0
1587045017223039 132176871118528 subm_end 1 0
1587045017223449 132176871118528 pump_beg 1 0
1587045020948753 132176862725824 emit_end 309 0
1587045028735679 132176871118528 pump_end 1 2
1587045028736409 132176871118528 join_beg 1 0
1587045028736729 132176871118528 join_end 0 0
1587045030672198 132176871118528 coll_beg 0 0
1587045034374263 132176871118528 coll_end 0 0
1587045037936593 132176862725824 emit_beg 310 0
1587045045153069 132176862725824 emit_end 310 0
1587045059906901 132176871118528 drain_beg 0 0
1587045059907721 132176871118528 drain_end 1 0
1587045059911451 132176871118528 subm_beg 1 0
1587045063538989 132176871118528 subm_end 1 0
1587045063539409 132176871118528 pump_beg 1 0
1587045074951052 132176871118528 pump_end 1 2
1587045074952292 132176871118528 join_beg 1 0
1587045074952942 132176871118528 join_end 0 0
1587045076826124 132176871118528 coll_beg 0 0
1587045080351695 132176871118528 coll_end 0 0
1587045082277905 132176871118528 drain_beg 0 0
1587045082278395 132176871118528 drain_end 1 0
1587045082278685 132176871118528 subm_beg 1 0
1587045082280215 132176862725824 emit_beg 311 0
1587045084081449 132176871118528 subm_end 1 0
1587045084081849 132176871118528 pump_beg 1 0
1587045089580358 132176862725824 emit_end 311 0
1587045096775206 132176871118528 pump_end 1 2
1587045096776116 132176871118528 join_beg 1 0
1587045096776536 132176871118528 join_end 0 0
1587045098627228 132176871118528 coll_beg 0 0
1587045103838378 132176871118528 coll_end 0 0
1587045105964310 132176862725824 emit_beg 312 0
1587045113349781 132176862725824 emit_end 312 0
1587045129663315 132176871118528 drain_beg 0 0
1587045129665335 132176871118528 drain_end 1 0
1587045129666575 132176871118528 subm_beg 1 0
1587045135228312 132176871118528 subm_end 1 0
1587045135229852 132176871118528 pump_beg 1 0
1587045146435213 132176871118528 pump_end 1 2
1587045146435833 132176871118528 join_beg 1 0
1587045146436303 132176871118528 join_end 0 0
1587045148274386 132176871118528 coll_beg 0 0
1587045151677602 132176871118528 coll_end 0 0
1587045153544854 132176871118528 drain_beg 0 0
1587045153545634 132176871118528 drain_end 1 0
1587045153546094 132176871118528 subm_beg 1 0
1587045153548424 132176862725824 emit_beg 313 0
1587045155371227 132176871118528 subm_end 1 0
1587045155371727 132176871118528 pump_beg 1 0
1587045160956063 132176862725824 emit_end 313 0
1587045166911006 132176871118528 pump_end 1 2
1587045166911886 132176871118528 join_beg 1 0
1587045166912256 132176871118528 join_end 0 0
1587045168768958 132176871118528 coll_beg 0 0
1587045172924607 132176871118528 coll_end 0 0
1587045175971246 132176862725824 emit_beg 314 0
1587045183265449 132176862725824 emit_end 314 0
1587045198612449 132176871118528 drain_beg 0 0
1587045198613939 132176871118528 drain_end 1 0
1587045198615049 132176871118528 subm_beg 1 0
1587045204036951 132176871118528 subm_end 1 0
1587045204037641 132176871118528 pump_beg 1 0
1587045212307350 132176871118528 pump_end 1 2
1587045212309759 132176871118528 join_beg 1 0
1587045212310759 132176871118528 join_end 0 0
1587045215854180 132176871118528 coll_beg 0 0
1587045217082155 132176871118528 coll_end 0 0
1587045218909529 132176871118528 drain_beg 0 0
1587045218910449 132176871118528 drain_end 1 0
1587045218911299 132176871118528 subm_beg 1 0
1587045218915308 132176862725824 emit_beg 315 0
1587045220685484 132176871118528 subm_end 1 0
1587045220685894 132176871118528 pump_beg 1 0
1587045227943709 132176862725824 emit_end 315 0
1587045230123229 132176871118528 pump_end 1 2
1587045230123989 132176871118528 join_beg 1 0
1587045230124319 132176871118528 join_end 0 0
1587045232234252 132176871118528 coll_beg 0 0
1587045234875156 132176871118528 coll_end 0 0
1587045237700723 132176862725824 emit_beg 316 0
1587045244954088 132176862725824 emit_end 316 0
1587045260191502 132176871118528 drain_beg 0 0
1587045260192542 132176871118528 drain_end 1 0
1587045260193022 132176871118528 subm_beg 1 0
1587045263786491 132176871118528 subm_end 1 0
1587045263786981 132176871118528 pump_beg 1 0
1587045271638424 132176871118528 pump_end 1 2
1587045271640304 132176871118528 join_beg 1 0
1587045271640924 132176871118528 join_end 0 0
1587045273521246 132176871118528 coll_beg 0 0
1587045274270988 132176871118528 coll_end 0 0
1587045277260859 132176871118528 drain_beg 0 0
1587045277261659 132176871118528 drain_end 1 0
1587045277262469 132176871118528 subm_beg 1 0
1587045277265019 132176862725824 emit_beg 317 0
1587045279106702 132176871118528 subm_end 1 0
1587045279107102 132176871118528 pump_beg 1 0
1587045286376107 132176862725824 emit_end 317 0
1587045289418066 132176871118528 pump_end 1 2
1587045289424595 132176871118528 join_beg 1 0
1587045289424925 132176871118528 join_end 0 0
1587045292690456 132176871118528 coll_beg 0 0
1587045296313644 132176871118528 coll_end 0 0
1587045298142247 132176862725824 emit_beg 318 0
1587045305559456 132176862725824 emit_end 318 0
1587045320262710 132176871118528 drain_beg 0 0
1587045320264560 132176871118528 drain_end 1 0
1587045320265540 132176871118528 subm_beg 1 0
1587045326086217 132176871118528 subm_end 1 0
1587045326087917 132176871118528 pump_beg 1 0
1587045338223354 132176871118528 pump_end 1 2
1587045338225344 132176871118528 join_beg 1 0
1587045338226224 132176871118528 join_end 0 0
1587045340287139 132176871118528 coll_beg 0 0
1587045345576876 132176871118528 coll_end 0 0
1587045347674190 132176871118528 drain_beg 0 0
1587045347676169 132176871118528 drain_end 1 0
1587045347677519 132176871118528 subm_beg 1 0
1587045347692929 132176862725824 emit_beg 319 0
1587045349646708 132176871118528 subm_end 1 0
1587045349647597 132176871118528 pump_beg 1 0
1587045353615703 132176862725824 emit_end 319 0
1587045361204216 132176871118528 pump_end 1 2
1587045361206276 132176871118528 join_beg 1 0
1587045361207016 132176871118528 join_end 0 0
1587045363555020 132176871118528 coll_beg 0 0
1587045367334552 132176871118528 coll_end 0 0
1587045369471824 132176862725824 emit_beg 320 0
1587045377154594 132176862725824 emit_end 320 0
1587045394552159 132176871118528 drain_beg 0 0
1587045394553479 132176871118528 drain_end 1 0
1587045394554279 132176871118528 subm_beg 1 0
1587045398406958 132176871118528 subm_end 1 0
1587045398407548 132176871118528 pump_beg 1 0
1587045409599170 132176871118528 pump_end 1 2
1587045409601230 132176871118528 join_beg 1 0
1587045409602070 132176871118528 join_end 0 0
1587045411590947 132176871118528 coll_beg 0 0
1587045416759698 132176871118528 coll_end 0 0
1587045418807764 132176871118528 drain_beg 0 0
1587045418809924 132176871118528 drain_end 1 0
1587045418811264 132176871118528 subm_beg 1 0
1587045418825343 132176862725824 emit_beg 321 0
1587045420838069 132176871118528 subm_end 1 0
1587045420838709 132176871118528 pump_beg 1 0
1587045426673297 132176862725824 emit_end 321 0
1587045430326873 132176871118528 pump_end 1 2
1587045430329033 132176871118528 join_beg 1 0
1587045430329643 132176871118528 join_end 0 0
1587045432504824 132176871118528 coll_beg 0 0
1587045435784304 132176871118528 coll_end 0 0
1587045439647753 132176862725824 emit_beg 322 0
1587045447399840 132176862725824 emit_end 322 0
1587045465544468 132176871118528 drain_beg 0 0
1587045465546748 132176871118528 drain_end 1 0
1587045465547688 132176871118528 subm_beg 1 0
1587045471297688 132176871118528 subm_end 1 0
1587045471298548 132176871118528 pump_beg 1 0
1587045479962392 132176871118528 pump_end 1 2
1587045479963472 132176871118528 join_beg 1 0
1587045479964152 132176871118528 join_end 0 0
1587045481916441 132176871118528 coll_beg 0 0
1587045483520592 132176871118528 coll_end 0 0
1587045485440942 132176871118528 drain_beg 0 0
1587045485441652 132176871118528 drain_end 1 0
1587045485442122 132176871118528 subm_beg 1 0
1587045485446852 132176862725824 emit_beg 323 0
1587045487388741 132176871118528 subm_end 1 0
1587045487389171 132176871118528 pump_beg 1 0
1587045495089730 132176862725824 emit_end 323 0
1587045496834346 132176871118528 pump_end 1 2
1587045496834966 132176871118528 join_beg 1 0
1587045496835176 132176871118528 join_end 0 0
1587045499803558 132176871118528 coll_beg 0 0
1587045501883732 132176871118528 coll_end 0 0
1587045505559378 132176862725824 emit_beg 324 0
1587045513268636 132176862725824 emit_end 324 0
1587045529191475 132176871118528 drain_beg 0 0
1587045529193685 132176871118528 drain_end 1 0
1587045529194505 132176871118528 subm_beg 1 0
1587045533005396 132176871118528 subm_end 1 0
1587045533005996 132176871118528 pump_beg 1 0
1587045542266638 132176871118528 pump_end 1 2
1587045542267238 132176871118528 join_beg 1 0
1587045542267518 132176871118528 join_end 0 0
1587045544236656 132176871118528 coll_beg 0 0
1587045546287751 132176871118528 coll_end 0 0
1587045548213961 132176862725824 emit_beg 325 0
1587045554058628 132176862725824 emit_end 325 0
1587045569871681 132176871118528 drain_beg 0 0
1587045569873831 132176871118528 drain_end 1 0
1587045569874661 132176871118528 subm_beg 1 0
1587045573739600 132176871118528 subm_end 1 0
1587045573741200 132176871118528 pump_beg 1 0
1587045581956140 132176871118528 pump_end 1 2
1587045581957490 132176871118528 join_beg 1 0
1587045581958280 132176871118528 join_end 0 0
1587045583888959 132176871118528 coll_beg 0 0
1587045585131514 132176871118528 coll_end 0 0
1587045587035404 132176871118528 drain_beg 0 0
1587045587036064 132176871118528 drain_end 1 0
1587045587036514 132176871118528 subm_beg 1 0
1587045587041674 132176862725824 emit_beg 326 0
1587045588929645 132176871118528 subm_end 1 0
1587045588930135 132176871118528 pump_beg 1 0
1587045596623335 132176862725824 emit_end 326 0
1587045603015111 132176871118528 pump_end 1 2
1587045603015661 132176871118528 join_beg 1 0
1587045603015911 132176871118528 join_end 0 0
1587045605490051 132176871118528 coll_beg 0 0
1587045610087703 132176871118528 coll_end 0 0
1587045613527748 132176862725824 emit_beg 327 0
1587045621332383 132176862725824 emit_end 327 0
1587045623202735 132176871118528 drain_beg 0 0
1587045623203295 132176871118528 drain_end 1 0
1587045623203565 132176871118528 subm_beg 1 0
1587045625186912 132176871118528 subm_end 1 0
1587045625187742 132176871118528 pump_beg 1 0
1587045634778252 132176871118528 pump_end 1 2
1587045634778782 132176871118528 join_beg 1 0
1587045634778992 132176871118528 join_end 0 0
1587045637655547 132176871118528 coll_beg 0 0
1587045639898105 132176871118528 coll_end 0 0
1587045643724496 132176862725824 emit_beg 328 0
1587045651449674 132176862725824 emit_end 328 0
1587045653368364 132176871118528 drain_beg 0 0
1587045653369054 132176871118528 drain_end 1 0
1587045653369374 132176871118528 subm_beg 1 0
1587045655300133 132176871118528 subm_end 1 0
1587045655300503 132176871118528 pump_beg 1 0
1587045667313555 132176871118528 pump_end 1 2
1587045667315555 132176871118528 join_beg 1 0
1587045667316185 132176871118528 join_end 0 0
1587045670048135 132176871118528 coll_beg 0 0
1587045673420542 132176871118528 coll_end 0 0
1587045675390850 132176862725824 emit_beg 329 0
1587045677533132 132176871118528 drain_beg 0 0
1587045677538392 132176871118528 drain_end 1 0
1587045677539982 132176871118528 subm_beg 1 0
1587045683303211 132176871118528 subm_end 1 0
1587045683304231 132176871118528 pump_beg 1 0
1587045685311078 132176862725824 emit_end 329 0
1587045694598109 132176871118528 pump_end 1 2
1587045694599119 132176871118528 join_beg 1 0
1587045694599769 132176871118528 join_end 0 0
1587045697783833 132176871118528 coll_beg 0 0
1587045701513227 132176871118528 coll_end 0 0
1587045703564402 132176862725824 emit_beg 330 0
1587045705480282 132176871118528 drain_beg 0 0
1587045705481452 132176871118528 drain_end 1 0
1587045705481982 132176871118528 subm_beg 1 0
1587045711283330 132176871118528 subm_end 1 0
1587045711284220 132176871118528 pump_beg 1 0
1587045713403343 132176862725824 emit_end 330 0
1587045723071560 132176871118528 pump_end 1 2
1587045723072980 132176871118528 join_beg 1 0
1587045723073490 132176871118528 join_end 0 0
1587045725526361 132176871118528 coll_beg 0 0
1587045729821534 132176871118528 coll_end 0 0
1587045733096184 132176862725824 emit_beg 331 0
1587045740391238 132176862725824 emit_end 331 0
1587045756659984 132176871118528 drain_beg 0 0
1587045756661284 132176871118528 drain_end 1 0
1587045756661634 132176871118528 subm_beg 1 0
1587045760289402 132176871118528 subm_end 1 0
1587045760290132 132176871118528 pump_beg 1 0
1587045770464221 132176871118528 pump_end 1 2
1587045770468070 132176871118528 join_beg 1 0
1587045770468930 132176871118528 join_end 0 0
1587045772454928 132176871118528 coll_beg 0 0
1587045775329013 132176871118528 coll_end 0 0
1587045777186135 132176871118528 drain_beg 0 0
1587045777187315 132176871118528 drain_end 1 0
1587045777187965 132176871118528 subm_beg 1 0
1587045777213584 132176862725824 emit_beg 332 0
1587045779026458 132176871118528 subm_end 1 0
1587045779027098 132176871118528 pump_beg 1 0
1587045784936363 132176862725824 emit_end 332 0
1587045789522075 132176871118528 pump_end 1 2
1587045789522935 132176871118528 join_beg 1 0
1587045789523225 132176871118528 join_end 0 0
1587045791903908 132176871118528 coll_beg 0 0
1587045794976046 132176871118528 coll_end 0 0
1587045797499164 132176862725824 emit_beg 333 0
1587045804751549 132176862725824 emit_end 333 0
1587045820879671 132176871118528 drain_beg 0 0
1587045820880771 132176871118528 drain_end 1 0
1587045820881361 132176871118528 subm_beg 1 0
1587045824545637 132176871118528 subm_end 1 0
1587045824546227 132176871118528 pump_beg 1 0
1587045835954491 132176871118528 pump_end 1 2
1587045835955101 132176871118528 join_beg 1 0
1587045835955311 132176871118528 join_end 0 0
1587045837845862 132176871118528 coll_beg 0 0
1587045842486922 132176871118528 coll_end 0 0
1587045844877335 132176871118528 drain_beg 0 0
1587045844882105 132176871118528 drain_end 1 0
1587045844878465 132176862725824 emit_beg 334 0
1587045844883455 132176871118528 subm_beg 1 0
1587045848667067 132176871118528 subm_end 1 0
1587045848669037 132176871118528 pump_beg 1 0
1587045854088329 132176862725824 emit_end 334 0
1587045857723536 132176871118528 pump_end 1 2
1587045857727026 132176871118528 join_beg 1 0
1587045857728246 132176871118528 join_end 0 0
1587045859784741 132176871118528 coll_beg 0 0
1587045862171244 132176871118528 coll_end 0 0
1587045865426525 132176862725824 emit_beg 335 0
1587045872766937 132176862725824 emit_end 335 0
1587045887717162 132176871118528 drain_beg 0 0
1587045887719242 132176871118528 drain_end 1 0
1587045887720532 132176871118528 subm_beg 1 0
1587045892985510 132176871118528 subm_end 1 0
1587045892986359 132176871118528 pump_beg 1 0
1587045904549377 132176871118528 pump_end 1 2
1587045904551127 132176871118528 join_beg 1 0
1587045904551787 132176871118528 join_end 0 0
1587045906503706 132176871118528 coll_beg 0 0
1587045910245340 132176871118528 coll_end 0 0
1587045912098082 132176871118528 drain_beg 0 0
1587045912098872 132176871118528 drain_end 1 0
1587045912099342 132176871118528 subm_beg 1 0
1587045912110881 132176862725824 emit_beg 336 0
1587045913956364 132176871118528 subm_end 1 0
1587045913956784 132176871118528 pump_beg 1 0
1587045919652106 132176862725824 emit_end 336 0
1587045925541691 132176871118528 pump_end 1 2
1587045925547131 132176871118528 join_beg 1 0
1587045925549461 132176871118528 join_end 0 0
1587045927563598 132176871118528 coll_beg 0 0
1587045932275386 132176871118528 coll_end 0 0
1587045934995176 132176862725824 emit_beg 337 0
1587045942361348 132176862725824 emit_end 337 0
1587045957806064 132176871118528 drain_beg 0 0
1587045957808744 132176871118528 drain_end 1 0
1587045957809844 132176871118528 subm_beg 1 0
1587045963461178 132176871118528 subm_end 1 0
1587045963462957 132176871118528 pump_beg 1 0
1587045976083947 132176871118528 pump_end 1 2
1587045976086757 132176871118528 join_beg 1 0
1587045976088657 132176871118528 join_end 0 0
1587045978075464 132176871118528 coll_beg 0 0
1587045981719861 132176871118528 coll_end 0 0
1587045983654141 132176871118528 drain_beg 0 0
1587045983654841 132176871118528 drain_end 1 0
1587045983655751 132176871118528 subm_beg 1 0
1587045983656491 132176862725824 emit_beg 338 0
1587045985468034 132176871118528 subm_end 1 0
1587045985468534 132176871118528 pump_beg 1 0
1587045991058460 132176862725824 emit_end 338 0
1587045994521144 132176871118528 pump_end 1 2
1587045994521974 132176871118528 join_beg 1 0
1587045994522664 132176871118528 join_end 0 0
1587045996444804 132176871118528 coll_beg 0 0
1587045997813204 132176871118528 coll_end 0 0
1587046000275514 132176862725824 emit_beg 339 0
1587046005834431 132176862725824 emit_end 339 0
1587046027497041 132176871118528 drain_beg 0 0
1587046027499531 132176871118528 drain_end 1 0
1587046027500621 132176871118528 subm_beg 1 0
1587046033116626 132176871118528 subm_end 1 0
1587046033118545 132176871118528 pump_beg 1 0
1587046045544452 132176871118528 pump_end 1 2
1587046045557562 132176871118528 join_beg 1 0
1587046045559082 132176871118528 join_end 0 0
1587046047538889 132176871118528 coll_beg 0 0
1587046051910510 132176871118528 coll_end 0 0
1587046053825170 132176871118528 drain_beg 0 0
1587046053826230 132176871118528 drain_end 1 0
1587046053827310 132176871118528 subm_beg 1 0
1587046053845759 132176862725824 emit_beg 340 0
1587046055664463 132176871118528 subm_end 1 0
1587046055664973 132176871118528 pump_beg 1 0
1587046061568097 132176862725824 emit_end 340 0
1587046067084506 132176871118528 pump_end 1 2
1587046067085746 132176871118528 join_beg 1 0
1587046067086696 132176871118528 join_end 0 0
1587046069119172 132176871118528 coll_beg 0 0
1587046071720347 132176871118528 coll_end 0 0
1587046074667529 132176862725824 emit_beg 341 0
1587046082064889 132176862725824 emit_end 341 0
1587046098357815 132176871118528 drain_beg 0 0
1587046098359385 132176871118528 drain_end 1 0
1587046098360335 132176871118528 subm_beg 1 0
1587046101971533 132176871118528 subm_end 1 0
1587046101972043 132176871118528 pump_beg 1 0
1587046111675249 132176871118528 pump_end 1 2
1587046111676209 132176871118528 join_beg 1 0
1587046111676969 132176871118528 join_end 0 0
1587046113554760 132176871118528 coll_beg 0 0
1587046115143262 132176871118528 coll_end 0 0
1587046117336432 132176871118528 drain_beg 0 0
1587046117336842 132176871118528 drain_end 1 0
1587046117337062 132176871118528 subm_beg 1 0
1587046117357751 132176862725824 emit_beg 342 0
1587046119191365 132176871118528 subm_end 1 0
1587046119191755 132176871118528 pump_beg 1 0
1587046126856495 132176862725824 emit_end 342 0
1587046128586672 132176871118528 pump_end 1 2
1587046128587392 132176871118528 join_beg 1 0
1587046128587942 132176871118528 join_end 0 0
1587046130525501 132176871118528 coll_beg 0 0
1587046132278137 132176871118528 coll_end 0 0
1587046134453717 132176862725824 emit_beg 343 0
1587046142295811 132176862725824 emit_end 343 0
1587046162914929 132176871118528 drain_beg 0 0
1587046162917639 132176871118528 drain_end 1 0
1587046162918349 132176871118528 subm_beg 1 0
1587046166851795 132176871118528 subm_end 1 0
1587046166852485 132176871118528 pump_beg 1 0
1587046178183362 132176871118528 pump_end 1 2
1587046178186702 132176871118528 join_beg 1 0
1587046178188132 132176871118528 join_end 0 0
1587046180237217 132176871118528 coll_beg 0 0
1587046182660358 132176871118528 coll_end 0 0
1587046184665925 132176871118528 drain_beg 0 0
1587046184666325 132176871118528 drain_end 1 0
1587046184666835 132176871118528 subm_beg 1 0
1587046184669225 132176862725824 emit_beg 344 0
1587046186549696 132176871118528 subm_end 1 0
1587046186550176 132176871118528 pump_beg 1 0
1587046190559240 132176862725824 emit_end 344 0
1587046194688319 132176871118528 pump_end 1 2
1587046194689089 132176871118528 join_beg 1 0
1587046194689519 132176871118528 join_end 0 0
1587046196635858 132176871118528 coll_beg 0 0
1587046197346782 132176871118528 coll_end 0 0
1587046200586504 132176862725824 emit_beg 345 0
1587046208378150 132176862725824 emit_end 345 0
1587046227458933 132176871118528 drain_beg 0 0
1587046227461383 132176871118528 drain_end 1 0
1587046227462633 132176871118528 subm_beg 1 0
1587046233470404 132176871118528 subm_end 1 0
1587046233471204 132176871118528 pump_beg 1 0
1587046242865471 132176871118528 pump_end 1 2
1587046242869021 132176871118528 join_beg 1 0
1587046242870441 132176871118528 join_end 0 0
1587046244896827 132176871118528 coll_beg 0 0
1587046246461850 132176871118528 coll_end 0 0
1587046249569957 132176871118528 drain_beg 0 0
1587046249572326 132176871118528 drain_end 1 0
1587046249573166 132176871118528 subm_beg 1 0
1587046249589506 132176862725824 emit_beg 346 0
1587046251608012 132176871118528 subm_end 1 0
1587046251608782 132176871118528 pump_beg 1 0
1587046258078526 132176862725824 emit_end 346 0
1587046263578135 132176871118528 pump_end 1 2
1587046263580675 132176871118528 join_beg 1 0
1587046263582785 132176871118528 join_end 0 0
1587046265658299 132176871118528 coll_beg 0 0
1587046270154615 132176871118528 coll_end 0 0
1587046273454165 132176862725824 emit_beg 347 0
1587046281730753 132176862725824 emit_end 347 0
1587046297687711 132176871118528 drain_beg 0 0
1587046297692290 132176871118528 drain_end 1 0
1587046297693710 132176871118528 subm_beg 1 0
1587046303541427 132176871118528 subm_end 1 0
1587046303543937 132176871118528 pump_beg 1 0
1587046314265896 132176871118528 pump_end 1 2
1587046314270965 132176871118528 join_beg 1 0
1587046314272075 132176871118528 join_end 0 0
1587046316231424 132176871118528 coll_beg 0 0
1587046319693358 132176871118528 coll_end 0 0
1587046321658756 132176871118528 drain_beg 0 0
1587046321659656 132176871118528 drain_end 1 0
1587046321660736 132176871118528 subm_beg 1 0
1587046321678135 132176862725824 emit_beg 348 0
1587046323619934 132176871118528 subm_end 1 0
1587046323620464 132176871118528 pump_beg 1 0
1587046329707532 132176862725824 emit_end 348 0
1587046333627419 132176871118528 pump_end 1 2
1587046333628859 132176871118528 join_beg 1 0
1587046333629379 132176871118528 join_end 0 0
1587046336855681 132176871118528 coll_beg 0 0
1587046339885301 132176871118528 coll_end 0 0
1587046342725487 132176862725824 emit_beg 349 0
1587046352512600 132176862725824 emit_end 349 0
1587046366374664 132176871118528 drain_beg 0 0
1587046366375914 132176871118528 drain_end 1 0
1587046366376284 132176871118528 subm_beg 1 0
1587046370255892 132176871118528 subm_end 1 0
1587046370256532 132176871118528 pump_beg 1 0
1587046381976695 132176871118528 pump_end 1 2
1587046381977835 132176871118528 join_beg 1 0
1587046381978555 132176871118528 join_end 0 0
1587046383977692 132176871118528 coll_beg 0 0
1587046389202691 132176871118528 coll_end 0 0
1587046391322804 132176871118528 drain_beg 0 0
1587046391325703 132176871118528 drain_end 1 0
1587046391326863 132176871118528 subm_beg 1 0
1587046391340553 132176862725824 emit_beg 350 0
1587046393378129 132176871118528 subm_end 1 0
1587046393380088 132176871118528 pump_beg 1 0
1587046399295383 132176862725824 emit_end 350 0
1587046406101374 132176871118528 pump_end 1 2
1587046406104104 132176871118528 join_beg 1 0
1587046406105124 132176871118528 join_end 0 0
1587046409966963 132176871118528 coll_beg 0 0
1587046416083040 132176871118528 coll_end 0 0
1587046419975848 132176862725824 emit_beg 351 0
1587046427832341 132176862725824 emit_end 351 0
1587046429653345 132176871118528 drain_beg 0 0
1587046429655885 132176871118528 drain_end 1 0
1587046429656855 132176871118528 subm_beg 1 0
1587046431659972 132176871118528 subm_end 1 0
1587046431660732 132176871118528 pump_beg 1 0
1587046441388756 132176871118528 pump_end 1 2
1587046441389486 132176871118528 join_beg 1 0
1587046441390276 132176871118528 join_end 0 0
1587046444916278 132176871118528 coll_beg 0 0
1587046447452875 132176871118528 coll_end 0 0
1587046450837932 132176871118528 drain_beg 0 0
1587046450838342 132176871118528 drain_end 1 0
1587046450838812 132176871118528 subm_beg 1 0
1587046450859861 132176862725824 emit_beg 352 0
1587046454761359 132176871118528 subm_end 1 0
1587046454761859 132176871118528 pump_beg 1 0
1587046460723131 132176862725824 emit_end 352 0
1587046465923181 132176871118528 pump_end 1 2
1587046465923851 132176871118528 join_beg 1 0
1587046465924391 132176871118528 join_end 0 0
1587046467942227 132176871118528 coll_beg 0 0
1587046472076827 132176871118528 coll_end 0 0
1587046475823990 132176862725824 emit_beg 353 0
1587046483631855 132176862725824 emit_end 353 0
1587046499130899 132176871118528 drain_beg 0 0
1587046499133339 132176871118528 drain_end 1 0
1587046499133929 132176871118528 subm_beg 1 0
1587046503069546 132176871118528 subm_end 1 0
1587046503070346 132176871118528 pump_beg 1 0
1587046512132525 132176871118528 pump_end 1 2
1587046512135505 132176871118528 join_beg 1 0
1587046512136635 132176871118528 join_end 0 0
1587046514238348 132176871118528 coll_beg 0 0
1587046517085344 132176871118528 coll_end 0 0
1587046519115970 132176871118528 drain_beg 0 0
1587046519117090 132176871118528 drain_end 1 0
1587046519117810 132176871118528 subm_beg 1 0
1587046519135099 132176862725824 emit_beg 354 0
1587046521096358 132176871118528 subm_end 1 0
1587046521096938 132176871118528 pump_beg 1 0
1587046527244793 132176862725824 emit_end 354 0
1587046532278410 132176871118528 pump_end 1 2
1587046532279030 132176871118528 join_beg 1 0
1587046532279710 132176871118528 join_end 0 0
1587046534150391 132176871118528 coll_beg 0 0
1587046537251908 132176871118528 coll_end 0 0
1587046539648161 132176862725824 emit_beg 355 0
1587046548795287 132176862725824 emit_end 355 0
1587046562310294 132176871118528 drain_beg 0 0
1587046562312644 132176871118528 drain_end 1 0
1587046562313884 132176871118528 subm_beg 1 0
1587046567810303 132176871118528 subm_end 1 0
1587046567812393 132176871118528 pump_beg 1 0
1587046577044856 132176871118528 pump_end 1 2
1587046577046476 132176871118528 join_beg 1 0
1587046577047656 132176871118528 join_end 0 0
1587046578930917 132176871118528 coll_beg 0 0
1587046580998222 132176871118528 coll_end 0 0
1587046582858864 132176871118528 drain_beg 0 0
1587046582860634 132176871118528 drain_end 1 0
1587046582861564 132176871118528 subm_beg 1 0
1587046582878463 132176862725824 emit_beg 356 0
1587046586478612 132176871118528 subm_end 1 0
1587046586479292 132176871118528 pump_beg 1 0
1587046592072218 132176862725824 emit_end 356 0
1587046598359308 132176871118528 pump_end 1 2
1587046598360338 132176871118528 join_beg 1 0
1587046598360908 132176871118528 join_end 0 0
1587046600419263 132176871118528 coll_beg 0 0
1587046602709729 132176871118528 coll_end 0 0
1587046606027488 132176862725824 emit_beg 357 0
1587046613372620 132176862725824 emit_end 357 0
1587046627671138 132176871118528 drain_beg 0 0
1587046627673198 132176871118528 drain_end 1 0
1587046627674008 132176871118528 subm_beg 1 0
1587046631425851 132176871118528 subm_end 1 0
1587046631426611 132176871118528 pump_beg 1 0
1587046640396344 132176871118528 pump_end 1 2
1587046640398394 132176871118528 join_beg 1 0
1587046640399744 132176871118528 join_end 0 0
1587046642372742 132176871118528 coll_beg 0 0
1587046643575218 132176871118528 coll_end 0 0
1587046645424491 132176871118528 drain_beg 0 0
1587046645425691 132176871118528 drain_end 1 0
1587046645426521 132176871118528 subm_beg 1 0
1587046645444560 132176862725824 emit_beg 358 0
1587046647236824 132176871118528 subm_end 1 0
1587046647237264 132176871118528 pump_beg 1 0
1587046652837870 132176862725824 emit_end 358 0
1587046658203054 132176871118528 pump_end 1 2
1587046658203834 132176871118528 join_beg 1 0
1587046658204354 132176871118528 join_end 0 0
1587046660828848 132176871118528 coll_beg 0 0
1587046664029042 132176871118528 coll_end 0 0
1587046666359027 132176862725824 emit_beg 359 0
1587046673697939 132176862725824 emit_end 359 0
1587046687132509 132176871118528 drain_beg 0 0
1587046687133848 132176871118528 drain_end 1 0
1587046687134278 132176871118528 subm_beg 1 0
1587046690849883 132176871118528 subm_end 1 0
1587046690850253 132176871118528 pump_beg 1 0
1587046703203042 132176871118528 pump_end 1 2
1587046703203802 132176871118528 join_beg 1 0
1587046703204652 132176871118528 join_end 0 0
1587046705132352 132176871118528 coll_beg 0 0
1587046710014383 132176871118528 coll_end 0 0
1587046712012871 132176871118528 drain_beg 0 0
1587046712013271 132176871118528 drain_end 1 0
1587046712013781 132176871118528 subm_beg 1 0
1587046712032720 132176862725824 emit_beg 360 0
1587046713859593 132176871118528 subm_end 1 0
1587046713860143 132176871118528 pump_beg 1 0
1587046721356290 132176862725824 emit_end 360 0
1587046725820537 132176871118528 pump_end 1 2
1587046725821857 132176871118528 join_beg 1 0
1587046725822647 132176871118528 join_end 0 0
1587046727697658 132176871118528 coll_beg 0 0
1587046731655194 132176871118528 coll_end 0 0
1587046734248629 132176862725824 emit_beg 361 0
1587046741635260 132176862725824 emit_end 361 0
1587046758601320 132176871118528 drain_beg 0 0
1587046758603620 132176871118528 drain_end 1 0
1587046758604220 132176871118528 subm_beg 1 0
1587046762242658 132176871118528 subm_end 1 0
1587046762243348 132176871118528 pump_beg 1 0
1587046771943574 132176871118528 pump_end 1 2
1587046771957153 132176871118528 join_beg 1 0
1587046771958703 132176871118528 join_end 0 0
1587046774022508 132176871118528 coll_beg 0 0
1587046776522706 132176871118528 coll_end 0 0
1587046778422477 132176871118528 drain_beg 0 0
1587046778423407 132176871118528 drain_end 1 0
1587046778423977 132176871118528 subm_beg 1 0
1587046778444406 132176862725824 emit_beg 362 0
1587046782157761 132176871118528 subm_end 1 0
1587046782158271 132176871118528 pump_beg 1 0
1587046787764216 132176862725824 emit_end 362 0
1587046793162149 132176871118528 pump_end 1 2
1587046793164419 132176871118528 join_beg 1 0
1587046793165719 132176871118528 join_end 0 0
1587046795901249 132176871118528 coll_beg 0 0
1587046798504654 132176871118528 coll_end 0 0
1587046801459416 132176862725824 emit_beg 363 0
1587046808850797 132176862725824 emit_end 363 0
1587046823422545 132176871118528 drain_beg 0 0
1587046823424595 132176871118528 drain_end 1 0
1587046823425145 132176871118528 subm_beg 1 0
1587046827120240 132176871118528 subm_end 1 0
1587046827120890 132176871118528 pump_beg 1 0
1587046836767158 132176871118528 pump_end 1 2
1587046836769378 132176871118528 join_beg 1 0
1587046836770478 132176871118528 join_end 0 0
1587046838759385 132176871118528 coll_beg 0 0
1587046840630977 132176871118528 coll_end 0 0
1587046842573416 132176871118528 drain_beg 0 0
1587046842574146 132176871118528 drain_end 1 0
1587046842574896 132176871118528 subm_beg 1 0
1587046842593825 132176862725824 emit_beg 364 0
1587046844360881 132176871118528 subm_end 1 0
1587046844361361 132176871118528 pump_beg 1 0
1587046850055083 132176862725824 emit_end 364 0
1587046855885070 132176871118528 pump_end 1 2
1587046855888630 132176871118528 join_beg 1 0
1587046855890100 132176871118528 join_end 0 0
1587046859358993 132176871118528 coll_beg 0 0
1587046863082777 132176871118528 coll_end 0 0
1587046864935060 132176862725824 emit_beg 365 0
1587046872326820 132176862725824 emit_end 365 0
1587046886300760 132176871118528 drain_beg 0 0
1587046886302750 132176871118528 drain_end 1 0
1587046886303900 132176871118528 subm_beg 1 0
1587046891855058 132176871118528 subm_end 1 0
1587046891856178 132176871118528 pump_beg 1 0
1587046903442685 132176871118528 pump_end 1 2
1587046903443635 132176871118528 join_beg 1 0
1587046903444215 132176871118528 join_end 0 0
1587046905339216 132176871118528 coll_beg 0 0
1587046908730892 132176871118528 coll_end 0 0
1587046910541676 132176871118528 drain_beg 0 0
1587046910542746 132176871118528 drain_end 1 0
1587046910543226 132176871118528 subm_beg 1 0
1587046910563935 132176862725824 emit_beg 366 0
1587046912426137 132176871118528 subm_end 1 0
1587046912426597 132176871118528 pump_beg 1 0
1587046920369557 132176862725824 emit_end 366 0
1587046922785889 132176871118528 pump_end 1 2
1587046922789859 132176871118528 join_beg 1 0
1587046922791079 132176871118528 join_end 0 0
1587046926714995 132176871118528 coll_beg 0 0
1587046929710276 132176871118528 coll_end 0 0
1587046932771244 132176862725824 emit_beg 367 0
1587046940566100 132176862725824 emit_end 367 0
1587046957148955 132176871118528 drain_beg 0 0
1587046957153615 132176871118528 drain_end 1 0
1587046957154875 132176871118528 subm_beg 1 0
1587046961022884 132176871118528 subm_end 1 0
1587046961024543 132176871118528 pump_beg 1 0
1587046968615666 132176871118528 pump_end 1 2
1587046968619216 132176871118528 join_beg 1 0
1587046968620586 132176871118528 join_end 0 0
1587046970765288 132176871118528 coll_beg 0 0
1587046971600047 132176871118528 coll_end 0 0
1587046974755832 132176871118528 drain_beg 0 0
1587046974757462 132176871118528 drain_end 1 0
1587046974757862 132176871118528 subm_beg 1 0
1587046974763532 132176862725824 emit_beg 368 0
1587046976781598 132176871118528 subm_end 1 0
1587046976783298 132176871118528 pump_beg 1 0
1587046982601136 132176862725824 emit_end 368 0
1587046984204408 132176871118528 pump_end 1 2
1587046984205168 132176871118528 join_beg 1 0
1587046984206137 132176871118528 join_end 0 0
1587046986485974 132176871118528 coll_beg 0 0
1587046987139770 132176871118528 coll_end 0 0
1587046990329674 132176862725824 emit_beg 369 0
1587046998105390 132176862725824 emit_end 369 0
1587047016961582 132176871118528 drain_beg 0 0
1587047016964262 132176871118528 drain_end 1 0
1587047016965092 132176871118528 subm_beg 1 0
1587047020844060 132176871118528 subm_end 1 0
1587047020845150 132176871118528 pump_beg 1 0
1587047029252654 132176871118528 pump_end 1 2
1587047029256823 132176871118528 join_beg 1 0
1587047029258493 132176871118528 join_end 0 0
1587047031310418 132176871118528 coll_beg 0 0
1587047032566823 132176871118528 coll_end 0 0
1587047034516991 132176862725824 emit_beg 370 0
1587047038350392 132176862725824 emit_end 370 0
1587047055072981 132176871118528 drain_beg 0 0
1587047055075321 132176871118528 drain_end 1 0
1587047055076021 132176871118528 subm_beg 1 0
1587047058991948 132176871118528 subm_end 1 0
1587047058992778 132176871118528 pump_beg 1 0
1587047071327348 132176871118528 pump_end 1 2
1587047071330038 132176871118528 join_beg 1 0
1587047071331498 132176871118528 join_end 0 0
1587047073332375 132176871118528 coll_beg 0 0
1587047076541288 132176871118528 coll_end 0 0
1587047078555854 132176871118528 drain_beg 0 0
1587047078556464 132176871118528 drain_end 1 0
1587047078557194 132176871118528 subm_beg 1 0
1587047078559474 132176862725824 emit_beg 371 0
1587047080511123 132176871118528 subm_end 1 0
1587047080511713 132176871118528 pump_beg 1 0
1587047084855584 132176862725824 emit_end 371 0
1587047093493969 132176871118528 pump_end 1 2
1587047093496919 132176871118528 join_beg 1 0
1587047093497379 132176871118528 join_end 0 0
1587047096002498 132176871118528 coll_beg 0 0
1587047100720256 132176871118528 coll_end 0 0
1587047103767784 132176862725824 emit_beg 372 0
1587047111539971 132176862725824 emit_end 372 0
1587047127405262 132176871118528 drain_beg 0 0
1587047127407562 132176871118528 drain_end 1 0
1587047127408452 132176871118528 subm_beg 1 0
1587047131299500 132176871118528 subm_end 1 0
1587047131301289 132176871118528 pump_beg 1 0
1587047140024731 132176871118528 pump_end 1 2
1587047140028211 132176871118528 join_beg 1 0
1587047140029431 132176871118528 join_end 0 0
1587047142063017 132176871118528 coll_beg 0 0
1587047143822013 132176871118528 coll_end 0 0
1587047145772561 132176871118528 drain_beg 0 0
1587047145773341 132176871118528 drain_end 1 0
1587047145774031 132176871118528 subm_beg 1 0
1587047145776511 132176862725824 emit_beg 373 0
1587047147741120 132176871118528 subm_end 1 0
1587047147741650 132176871118528 pump_beg 1 0
1587047155473067 132176862725824 emit_end 373 0
1587047159257269 132176871118528 pump_end 1 2
1587047159261669 132176871118528 join_beg 1 0
1587047159263289 132176871118528 join_end 0 0
1587047162979583 132176871118528 coll_beg 0 0
1587047165756772 132176871118528 coll_end 0 0
1587047168752363 132176862725824 emit_beg 374 0
1587047176520359 132176862725824 emit_end 374 0
1587047192516706 132176871118528 drain_beg 0 0
1587047192521885 132176871118528 drain_end 1 0
1587047192523295 132176871118528 subm_beg 1 0
1587047198425360 132176871118528 subm_end 1 0
1587047198427230 132176871118528 pump_beg 1 0
1587047208400776 132176871118528 pump_end 1 2
1587047208402636 132176871118528 join_beg 1 0
1587047208404256 132176871118528 join_end 0 0
1587047210433312 132176871118528 coll_beg 0 0
1587047212358331 132176871118528 coll_end 0 0
1587047214378398 132176871118528 drain_beg 0 0
1587047214378758 132176871118528 drain_end 1 0
1587047214379068 132176871118528 subm_beg 1 0
1587047214399917 132176862725824 emit_beg 375 0
1587047216341146 132176871118528 subm_end 1 0
1587047216341636 132176871118528 pump_beg 1 0
1587047224293236 132176862725824 emit_end 375 0
1587047225278190 132176871118528 pump_end 1 2
1587047225279020 132176871118528 join_beg 1 0
1587047225279650 132176871118528 join_end 0 0
1587047227202540 132176871118528 coll_beg 0 0
1587047228822961 132176871118528 coll_end 0 0
1587047231110507 132176862725824 emit_beg 376 0
1587047239050607 132176862725824 emit_end 376 0
1587047259724793 132176871118528 drain_beg 0 0
1587047259726713 132176871118528 drain_end 1 0
1587047259740952 132176871118528 subm_beg 1 0
1587047263616571 132176871118528 subm_end 1 0
1587047263618581 132176871118528 pump_beg 1 0
1587047272793456 132176871118528 pump_end 1 2
1587047272794226 132176871118528 join_beg 1 0
1587047272794846 132176871118528 join_end 0 0
1587047275243257 132176871118528 coll_beg 0 0
1587047276816989 132176871118528 coll_end 0 0
1587047278791997 132176871118528 drain_beg 0 0
1587047278792437 132176871118528 drain_end 1 0
1587047278792657 132176871118528 subm_beg 1 0
1587047278797547 132176862725824 emit_beg 377 0
1587047282750453 132176871118528 subm_end 1 0
1587047282751153 132176871118528 pump_beg 1 0
1587047288597979 132176862725824 emit_end 377 0
1587047292584774 132176871118528 pump_end 1 2
1587047292585614 132176871118528 join_beg 1 0
1587047292586194 132176871118528 join_end 0 0
1587047296494281 132176871118528 coll_beg 0 0
1587047298535787 132176871118528 coll_end 0 0
1587047302309159 132176862725824 emit_beg 378 0
1587047310161892 132176862725824 emit_end 378 0
1587047325045389 132176871118528 drain_beg 0 0
1587047325048309 132176871118528 drain_end 1 0
1587047325049179 132176871118528 subm_beg 1 0
1587047328678457 132176871118528 subm_end 1 0
1587047328679207 132176871118528 pump_beg 1 0
1587047338065984 132176871118528 pump_end 1 2
1587047338068464 132176871118528 join_beg 1 0
1587047338069764 132176871118528 join_end 0 0
1587047340029002 132176871118528 coll_beg 0 0
1587047341583446 132176871118528 coll_end 0 0
1587047343388960 132176871118528 drain_beg 0 0
1587047343389790 132176871118528 drain_end 1 0
1587047343390250 132176871118528 subm_beg 1 0
1587047343411559 132176862725824 emit_beg 379 0
1587047345209183 132176871118528 subm_end 1 0
1587047345209663 132176871118528 pump_beg 1 0
1587047352623243 132176862725824 emit_end 379 0
1587047356235241 132176871118528 pump_end 1 2
1587047356235951 132176871118528 join_beg 1 0
1587047356236491 132176871118528 join_end 0 0
1587047358148141 132176871118528 coll_beg 0 0
1587047360409519 132176871118528 coll_end 0 0
1587047363651020 132176862725824 emit_beg 380 0
1587047372847555 132176862725824 emit_end 380 0
1587047386988669 132176871118528 drain_beg 0 0
1587047386990759 132176871118528 drain_end 1 0
1587047386991249 132176871118528 subm_beg 1 0
1587047390619516 132176871118528 subm_end 1 0
1587047390620266 132176871118528 pump_beg 1 0
1587047399455244 132176871118528 pump_end 1 2
1587047399458034 132176871118528 join_beg 1 0
1587047399459234 132176871118528 join_end 0 0
1587047401394903 132176871118528 coll_beg 0 0
1587047402997624 132176871118528 coll_end 0 0
1587047405030900 132176871118528 drain_beg 0 0
1587047405031520 132176871118528 drain_end 1 0
1587047405031890 132176871118528 subm_beg 1 0
1587047405051900 132176862725824 emit_beg 381 0
1587047408656098 132176871118528 subm_end 1 0
1587047408656768 132176871118528 pump_beg 1 0
1587047414247734 132176862725824 emit_end 381 0
1587047420266874 132176871118528 pump_end 1 2
1587047420268504 132176871118528 join_beg 1 0
1587047420269494 132176871118528 join_end 0 0
1587047422483703 132176871118528 coll_beg 0 0
1587047426164409 132176871118528 coll_end 0 0
1587047428094189 132176862725824 emit_beg 382 0
1587047435391042 132176862725824 emit_end 382 0
1587047450168073 132176871118528 drain_beg 0 0
1587047450170393 132176871118528 drain_end 1 0
1587047450171133 132176871118528 subm_beg 1 0
1587047453811110 132176871118528 subm_end 1 0
1587047453811770 132176871118528 pump_beg 1 0
1587047465967086 132176871118528 pump_end 1 2
1587047465970886 132176871118528 join_beg 1 0
1587047465972506 132176871118528 join_end 0 0
1587047467889596 132176871118528 coll_beg 0 0
1587047472369083 132176871118528 coll_end 0 0
1587047474324841 132176871118528 drain_beg 0 0
1587047474325551 132176871118528 drain_end 1 0
1587047474326141 132176871118528 subm_beg 1 0
1587047474345911 132176862725824 emit_beg 383 0
1587047476187064 132176871118528 subm_end 1 0
1587047476187604 132176871118528 pump_beg 1 0
1587047483624212 132176862725824 emit_end 383 0
1587047486205358 132176871118528 pump_end 1 2
1587047486217357 132176871118528 join_beg 1 0
1587047486217797 132176871118528 join_end 0 0
1587047488117328 132176871118528 coll_beg 0 0
1587047490594708 132176871118528 coll_end 0 0
1587047492399962 132176862725824 emit_beg 384 0
1587047497888741 132176862725824 emit_end 384 0
1587047519299190 132176871118528 drain_beg 0 0
1587047519301250 132176871118528 drain_end 1 0
1587047519301970 132176871118528 subm_beg 1 0
1587047523048103 132176871118528 subm_end 1 0
1587047523048723 132176871118528 pump_beg 1 0
1587047533167464 132176871118528 pump_end 1 2
1587047533169344 132176871118528 join_beg 1 0
1587047533170234 132176871118528 join_end 0 0
1587047535257858 132176871118528 coll_beg 0 0
1587047537873852 132176871118528 coll_end 0 0
1587047539729975 132176871118528 drain_beg 0 0
1587047539730795 132176871118528 drain_end 1 0
1587047539731275 132176871118528 subm_beg 1 0
1587047539752224 132176862725824 emit_beg 385 0
1587047541619126 132176871118528 subm_end 1 0
1587047541619596 132176871118528 pump_beg 1 0
1587047549023206 132176862725824 emit_end 385 0
1587047553020320 132176871118528 pump_end 1 2
1587047553021140 132176871118528 join_beg 1 0
1587047553021340 132176871118528 join_end 0 0
1587047554868762 132176871118528 coll_beg 0 0
1587047558507149 132176871118528 coll_end 0 0
1587047560395730 132176862725824 emit_beg 386 0
1587047567805520 132176862725824 emit_end 386 0
1587047584117775 132176871118528 drain_beg 0 0
1587047584119515 132176871118528 drain_end 1 0
1587047584120235 132176871118528 subm_beg 1 0
1587047587780551 132176871118528 subm_end 1 0
1587047587781211 132176871118528 pump_beg 1 0
1587047594778486 132176871118528 pump_end 1 2
1587047594779626 132176871118528 join_beg 1 0
1587047594779936 132176871118528 join_end 0 0
1587047596610819 132176871118528 coll_beg 0 0
1587047596851630 132176871118528 coll_end 0 0
1587047600407000 132176871118528 drain_beg 0 0
1587047600407690 132176871118528 drain_end 1 0
1587047600408160 132176871118528 subm_beg 1 0
1587047600427940 132176862725824 emit_beg 387 0
1587047602234524 132176871118528 subm_end 1 0
1587047602235174 132176871118528 pump_beg 1 0
1587047609644053 132176862725824 emit_end 387 0
1587047613297160 132176871118528 pump_end 1 2
1587047613297980 132176871118528 join_beg 1 0
1587047613298340 132176871118528 join_end 0 0
1587047615393853 132176871118528 coll_beg 0 0
1587047618739041 132176871118528 coll_end 0 0
1587047620953031 132176862725824 emit_beg 388 0
1587047628258814 132176862725824 emit_end 388 0
1587047643805567 132176871118528 drain_beg 0 0
1587047643807377 132176871118528 drain_end 1 0
1587047643807847 132176871118528 subm_beg 1 0
1587047647575709 132176871118528 subm_end 1 0
1587047647576399 132176871118528 pump_beg 1 0
1587047659214094 132176871118528 pump_end 1 2
1587047659214904 132176871118528 join_beg 1 0
1587047659215274 132176871118528 join_end 0 0
1587047661156283 132176871118528 coll_beg 0 0
1587047665512064 132176871118528 coll_end 0 0
1587047667376856 132176871118528 drain_beg 0 0
1587047667377346 132176871118528 drain_end 1 0
1587047667377646 132176871118528 subm_beg 1 0
1587047667397146 132176862725824 emit_beg 389 0
1587047669234399 132176871118528 subm_end 1 0
1587047669234969 132176871118528 pump_beg 1 0
1587047676510503 132176862725824 emit_end 389 0
1587047679895400 132176871118528 pump_end 1 2
1587047679897439 132176871118528 join_beg 1 0
1587047679898069 132176871118528 join_end 0 0
1587047682453066 132176871118528 coll_beg 0 0
1587047686040055 132176871118528 coll_end 0 0
1587047688089610 132176862725824 emit_beg 390 0
1587047695497500 132176862725824 emit_end 390 0
1587047712372804 132176871118528 drain_beg 0 0
1587047712375454 132176871118528 drain_end 1 0
1587047712376214 132176871118528 subm_beg 1 0
1587047716225114 132176871118528 subm_end 1 0
1587047716225814 132176871118528 pump_beg 1 0
1587047725247705 132176871118528 pump_end 1 2
1587047725248475 132176871118528 join_beg 1 0
1587047725248735 132176871118528 join_end 0 0
1587047727220282 132176871118528 coll_beg 0 0
1587047728694629 132176871118528 coll_end 0 0
1587047730682506 132176871118528 drain_beg 0 0
1587047730689326 132176871118528 drain_end 1 0
1587047730690196 132176871118528 subm_beg 1 0
1587047730704805 132176862725824 emit_beg 391 0
1587047734625472 132176871118528 subm_end 1 0
1587047734625952 132176871118528 pump_beg 1 0
1587047740564356 132176862725824 emit_end 391 0
1587047746148682 132176871118528 pump_end 1 2
1587047746149722 132176871118528 join_beg 1 0
1587047746149962 132176871118528 join_end 0 0
1587047749705162 132176871118528 coll_beg 0 0
1587047753721585 132176871118528 coll_end 0 0
1587047755657355 132176862725824 emit_beg 392 0
1587047757569335 132176871118528 drain_beg 0 0
1587047757570275 132176871118528 drain_end 1 0
1587047757570805 132176871118528 subm_beg 1 0
1587047763375913 132176871118528 subm_end 1 0
1587047763376543 132176871118528 pump_beg 1 0
1587047765372470 132176862725824 emit_end 392 0
1587047775575708 132176871118528 pump_end 1 2
1587047775576958 132176871118528 join_beg 1 0
1587047775577328 132176871118528 join_end 0 0
1587047778516291 132176871118528 coll_beg 0 0
1587047782643450 132176871118528 coll_end 0 0
1587047784601459 132176862725824 emit_beg 393 0
1587047792406764 132176862725824 emit_end 393 0
1587047808414459 132176871118528 drain_beg 0 0
1587047808416689 132176871118528 drain_end 1 0
1587047808417809 132176871118528 subm_beg 1 0
1587047814270426 132176871118528 subm_end 1 0
1587047814272176 132176871118528 pump_beg 1 0
1587047823815027 132176871118528 pump_end 1 2
1587047823816407 132176871118528 join_beg 1 0
1587047823816727 132176871118528 join_end 0 0
1587047825856393 132176871118528 coll_beg 0 0
1587047827799782 132176871118528 coll_end 0 0
1587047829766210 132176871118528 drain_beg 0 0
1587047829766910 132176871118528 drain_end 1 0
1587047829767540 132176871118528 subm_beg 1 0
1587047829786060 132176862725824 emit_beg 394 0
1587047831904792 132176871118528 subm_end 1 0
1587047831905322 132176871118528 pump_beg 1 0
1587047839900570 132176862725824 emit_end 394 0
1587047843753060 132176871118528 pump_end 1 2
1587047843754170 132176871118528 join_beg 1 0
1587047843754670 132176871118528 join_end 0 0
1587047845749137 132176871118528 coll_beg 0 0
1587047849889466 132176871118528 coll_end 0 0
1587047853477445 132176862725824 emit_beg 395 0
1587047861236552 132176862725824 emit_end 395 0
1587047877075124 132176871118528 drain_beg 0 0
1587047877076364 132176871118528 drain_end 1 0
1587047877076914 132176871118528 subm_beg 1 0
1587047880961382 132176871118528 subm_end 1 0
1587047880962132 132176871118528 pump_beg 1 0
1587047892871177 132176871118528 pump_end 1 2
1587047892872067 132176871118528 join_beg 1 0
1587047892872487 132176871118528 join_end 0 0
1587047894842975 132176871118528 coll_beg 0 0
1587047898936676 132176871118528 coll_end 0 0
1587047900975062 132176871118528 drain_beg 0 0
1587047900975732 132176871118528 drain_end 1 0
1587047900976192 132176871118528 subm_beg 1 0
1587047900981541 132176862725824 emit_beg 396 0
1587047902883632 132176871118528 subm_end 1 0
1587047902884482 132176871118528 pump_beg 1 0
1587047908722289 132176862725824 emit_end 396 0
1587047910864691 132176871118528 pump_end 1 2
1587047910866161 132176871118528 join_beg 1 0
1587047910866741 132176871118528 join_end 0 0
1587047912848078 132176871118528 coll_beg 0 0
1587047913813873 132176871118528 coll_end 0 0
1587047917200230 132176862725824 emit_beg 397 0
1587047924969706 132176862725824 emit_end 397 0
1587047943888506 132176871118528 drain_beg 0 0
1587047943890986 132176871118528 drain_end 1 0
1587047943892046 132176871118528 subm_beg 1 0
1587047949700503 132176871118528 subm_end 1 0
1587047949701443 132176871118528 pump_beg 1 0
1587047961057229 132176871118528 pump_end 1 2
1587047961057979 132176871118528 join_beg 1 0
1587047961058289 132176871118528 join_end 0 0
1587047963095765 132176871118528 coll_beg 0 0
1587047968266766 132176871118528 coll_end 0 0
1587047970432297 132176871118528 drain_beg 0 0
1587047970433897 132176862725824 emit_beg 398 0
1587047970435587 132176871118528 drain_end 1 0
1587047970436767 132176871118528 subm_beg 1 0
1587047974367603 132176871118528 subm_end 1 0
1587047974375303 132176871118528 pump_beg 1 0
1587047980264608 132176862725824 emit_end 398 0
1587047983395364 132176871118528 pump_end 1 2
1587047983396204 132176871118528 join_beg 1 0
1587047983396574 132176871118528 join_end 0 0
1587047986923755 132176871118528 coll_beg 0 0
1587047990037062 132176871118528 coll_end 0 0
1587047992776932 132176862725824 emit_beg 399 0
1587048000497990 132176862725824 emit_end 399 0
1587048016456477 132176871118528 drain_beg 0 0
1587048016461967 132176871118528 drain_end 1 0
1587048016463677 132176871118528 subm_beg 1 0
1587048020294767 132176871118528 subm_end 1 0
1587048020295397 132176871118528 pump_beg 1 0
1587048028325694 132176871118528 pump_end 1 2
1587048028327214 132176871118528 join_beg 1 0
1587048028328104 132176871118528 join_end 0 0
1587048030342771 132176871118528 coll_beg 0 0
1587048032028049 132176871118528 coll_end 0 0
1587048033996667 132176871118528 drain_beg 0 0
1587048033997367 132176871118528 drain_end 1 0
1587048033997877 132176871118528 subm_beg 1 0
1587048033997927 132176862725824 emit_beg 400 0
1587048036075242 132176871118528 subm_end 1 0
1587048036075652 132176871118528 pump_beg 1 0
1587048042003285 132176862725824 emit_end 400 0
1587048047773345 132176871118528 pump_end 1 2
1587048047774045 132176871118528 join_beg 1 0
1587048047774315 132176871118528 join_end 0 0
1587048050890971 132176871118528 coll_beg 0 0
1587048056199897 132176871118528 coll_end 0 0
1587048058675877 132176862725824 emit_beg 401 0
1587048064562422 132176862725824 emit_end 401 0
1587048084117308 132176871118528 drain_beg 0 0
1587048084118518 132176871118528 drain_end 1 0
1587048084119188 132176871118528 subm_beg 1 0
1587048088017826 132176871118528 subm_end 1 0
1587048088021536 132176871118528 pump_beg 1 0
1587048096762157 132176871118528 pump_end 1 2
1587048096762757 132176871118528 join_beg 1 0
1587048096763277 132176871118528 join_end 0 0
1587048098875090 132176871118528 coll_beg 0 0
1587048100606067 132176871118528 coll_end 0 0
1587048102629793 132176871118528 drain_beg 0 0
1587048102630623 132176871118528 drain_end 1 0
1587048102631333 132176871118528 subm_beg 1 0
1587048102652412 132176862725824 emit_beg 402 0
1587048104527543 132176871118528 subm_end 1 0
1587048104527973 132176871118528 pump_beg 1 0
1587048111986501 132176862725824 emit_end 402 0
1587048115582670 132176871118528 pump_end 1 2
1587048115584560 132176871118528 join_beg 1 0
1587048115585260 132176871118528 join_end 0 0
1587048119321514 132176871118528 coll_beg 0 0
1587048124350700 132176871118528 coll_end 0 0
1587048126629277 132176862725824 emit_beg 403 0
1587048135926728 132176862725824 emit_end 403 0
1587048150319682 132176871118528 drain_beg 0 0
1587048150321892 132176871118528 drain_end 1 0
1587048150322992 132176871118528 subm_beg 1 0
1587048153958500 132176871118528 subm_end 1 0
1587048153960180 132176871118528 pump_beg 1 0
1587048164083620 132176871118528 pump_end 1 2
1587048164084190 132176871118528 join_beg 1 0
1587048164084470 132176871118528 join_end 0 0
1587048166039229 132176871118528 coll_beg 0 0
1587048169501372 132176871118528 coll_end 0 0
1587048171373904 132176871118528 drain_beg 0 0
1587048171374504 132176871118528 drain_end 1 0
1587048171374984 132176871118528 subm_beg 1 0
1587048171395323 132176862725824 emit_beg 404 0
1587048173233196 132176871118528 subm_end 1 0
1587048173233586 132176871118528 pump_beg 1 0
1587048180781751 132176862725824 emit_end 404 0
1587048184590172 132176871118528 pump_end 1 2
1587048184591472 132176871118528 join_beg 1 0
1587048184591992 132176871118528 join_end 0 0
1587048186557680 132176871118528 coll_beg 0 0
1587048190377980 132176871118528 coll_end 0 0
1587048193921181 132176862725824 emit_beg 405 0
1587048201215605 132176862725824 emit_end 405 0
1587048216562485 132176871118528 drain_beg 0 0
1587048216563325 132176871118528 drain_end 1 0
1587048216563905 132176871118528 subm_beg 1 0
1587048220180143 132176871118528 subm_end 1 0
1587048220180543 132176871118528 pump_beg 1 0
1587048229233642 132176871118528 pump_end 1 2
1587048229234272 132176871118528 join_beg 1 0
1587048229241692 132176871118528 join_end 0 0
1587048231195661 132176871118528 coll_beg 0 0
1587048233138340 132176871118528 coll_end 0 0
1587048234962224 132176871118528 drain_beg 0 0
1587048234962874 132176871118528 drain_end 1 0
1587048234963323 132176871118528 subm_beg 1 0
1587048234982733 132176862725824 emit_beg 406 0
1587048236780927 132176871118528 subm_end 1 0
1587048236781297 132176871118528 pump_beg 1 0
1587048244177097 132176862725824 emit_end 406 0
1587048247719018 132176871118528 pump_end 1 2
1587048247719748 132176871118528 join_beg 1 0
1587048247719968 132176871118528 join_end 0 0
1587048249659867 132176871118528 coll_beg 0 0
1587048252925438 132176871118528 coll_end 0 0
1587048255150217 132176862725824 emit_beg 407 0
1587048262555717 132176862725824 emit_end 407 0
1587048279294766 132176871118528 drain_beg 0 0
1587048279295706 132176871118528 drain_end 1 0
1587048279296136 132176871118528 subm_beg 1 0
1587048282920813 132176871118528 subm_end 1 0
1587048282921283 132176871118528 pump_beg 1 0
1587048294619336 132176871118528 pump_end 1 2
1587048294619956 132176871118528 join_beg 1 0
1587048294620336 132176871118528 join_end 0 0
1587048296410421 132176871118528 coll_beg 0 0
1587048302070855 132176871118528 coll_end 0 0
1587048304138219 132176871118528 drain_beg 0 0
1587048304139119 132176871118528 drain_end 1 0
1587048304139779 132176871118528 subm_beg 1 0
1587048304158038 132176862725824 emit_beg 408 0
1587048306015851 132176871118528 subm_end 1 0
1587048306016351 132176871118528 pump_beg 1 0
1587048313505227 132176862725824 emit_end 408 0
1587048317061277 132176871118528 pump_end 1 2
1587048317062067 132176871118528 join_beg 1 0
1587048317062447 132176871118528 join_end 0 0
1587048319522198 132176871118528 coll_beg 0 0
1587048324538475 132176871118528 coll_end 0 0
1587048327182318 132176862725824 emit_beg 409 0
1587048332636359 132176862725824 emit_end 409 0
1587048349449435 132176871118528 drain_beg 0 0
1587048349451705 132176871118528 drain_end 1 0
1587048349452315 132176871118528 subm_beg 1 0
1587048353199269 132176871118528 subm_end 1 0
1587048353200389 132176871118528 pump_beg 1 0
1587048362845577 132176871118528 pump_end 1 2
1587048362846886 132176871118528 join_beg 1 0
1587048362848086 132176871118528 join_end 0 0
1587048364767147 132176871118528 coll_beg 0 0
1587048367014325 132176871118528 coll_end 0 0
1587048368961733 132176871118528 drain_beg 0 0
1587048368963643 132176871118528 drain_end 1 0
1587048368964893 132176871118528 subm_beg 1 0
1587048368979763 132176862725824 emit_beg 410 0
1587048370980930 132176871118528 subm_end 1 0
1587048370981450 132176871118528 pump_beg 1 0
1587048378397129 132176862725824 emit_end 410 0
1587048382009387 132176871118528 pump_end 1 2
1587048382010027 132176871118528 join_beg 1 0
1587048382012817 132176871118528 join_end 0 0
1587048383835161 132176871118528 coll_beg 0 0
1587048387076692 132176871118528 coll_end 0 0
1587048389354819 132176862725824 emit_beg 411 0
1587048397077867 132176862725824 emit_end 411 0
1587048413778508 132176871118528 drain_beg 0 0
1587048413779918 132176871118528 drain_end 1 0
1587048413780398 132176871118528 subm_beg 1 0
1587048417525311 132176871118528 subm_end 1 0
1587048417525961 132176871118528 pump_beg 1 0
1587048428011658 132176871118528 pump_end 1 2
1587048428012378 132176871118528 join_beg 1 0
1587048428012958 132176871118528 join_end 0 0
1587048429839782 132176871118528 coll_beg 0 0
1587048433379283 132176871118528 coll_end 0 0
1587048435281993 132176871118528 drain_beg 0 0
1587048435283053 132176871118528 drain_end 1 0
1587048435283733 132176871118528 subm_beg 1 0
1587048435303432 132176862725824 emit_beg 412 0
1587048437117206 132176871118528 subm_end 1 0
1587048437117686 132176871118528 pump_beg 1 0
1587048442879186 132176862725824 emit_end 412 0
1587048449665088 132176871118528 pump_end 1 2
1587048449665568 132176871118528 join_beg 1 0
1587048449665798 132176871118528 join_end 0 0
1587048453031956 132176871118528 coll_beg 0 0
1587048457440995 132176871118528 coll_end 0 0
1587048460382327 132176862725824 emit_beg 413 0
1587048467597094 132176862725824 emit_end 413 0
1587048484820795 132176871118528 drain_beg 0 0
1587048484822795 132176871118528 drain_end 1 0
1587048484823555 132176871118528 subm_beg 1 0
1587048488575038 132176871118528 subm_end 1 0
1587048488576638 132176871118528 pump_beg 1 0
1587048498579893 132176871118528 pump_end 1 2
1587048498580613 132176871118528 join_beg 1 0
1587048498581113 132176871118528 join_end 0 0
1587048500520122 132176871118528 coll_beg 0 0
1587048503555742 132176871118528 coll_end 0 0
1587048505436253 132176871118528 drain_beg 0 0
1587048505436853 132176871118528 drain_end 1 0
1587048505437303 132176871118528 subm_beg 1 0
1587048505458632 132176862725824 emit_beg 414 0
1587048507312245 132176871118528 subm_end 1 0
1587048507312625 132176871118528 pump_beg 1 0
1587048515144239 132176862725824 emit_end 414 0
1587048516791869 132176871118528 pump_end 1 2
1587048516792379 132176871118528 join_beg 1 0
1587048516792669 132176871118528 join_end 0 0
1587048520463735 132176871118528 coll_beg 0 0
1587048522816509 132176871118528 coll_end 0 0
1587048526432747 132176862725824 emit_beg 415 0
1587048534182214 132176862725824 emit_end 415 0
1587048550389783 132176871118528 drain_beg 0 0
1587048550391762 132176871118528 drain_end 1 0
1587048550392562 132176871118528 subm_beg 1 0
1587048556269418 132176871118528 subm_end 1 0
1587048556271038 132176871118528 pump_beg 1 0
1587048568640566 132176871118528 pump_end 1 2
1587048568641816 132176871118528 join_beg 1 0
1587048568642586 132176871118528 join_end 0 0
1587048570592255 132176871118528 coll_beg 0 0
1587048574863629 132176871118528 coll_end 0 0
1587048576839257 132176871118528 drain_beg 0 0
1587048576839867 132176871118528 drain_end 1 0
1587048576840377 132176871118528 subm_beg 1 0
1587048576860736 132176862725824 emit_beg 416 0
1587048578729768 132176871118528 subm_end 1 0
1587048578730148 132176871118528 pump_beg 1 0
1587048584801657 132176862725824 emit_end 416 0
1587048589605891 132176871118528 pump_end 1 2
1587048589606401 132176871118528 join_beg 1 0
1587048589606661 132176871118528 join_end 0 0
1587048591831680 132176871118528 coll_beg 0 0
1587048594992305 132176871118528 coll_end 0 0
1587048596939554 132176862725824 emit_beg 417 0
1587048604667692 132176862725824 emit_end 417 0
1587048627277177 132176871118528 drain_beg 0 0
1587048627279257 132176871118528 drain_end 1 0
1587048627280097 132176871118528 subm_beg 1 0
1587048633101674 132176871118528 subm_end 1 0
1587048633103354 132176871118528 pump_beg 1 0
1587048643657189 132176871118528 pump_end 1 2
1587048643658449 132176871118528 join_beg 1 0
1587048643659299 132176871118528 join_end 0 0
1587048645669066 132176871118528 coll_beg 0 0
1587048648781882 132176871118528 coll_end 0 0
1587048650751990 132176871118528 drain_beg 0 0
1587048650752740 132176871118528 drain_end 1 0
1587048650753190 132176871118528 subm_beg 1 0
1587048650773679 132176862725824 emit_beg 418 0
1587048652734548 132176871118528 subm_end 1 0
1587048652734938 132176871118528 pump_beg 1 0
1587048660577841 132176862725824 emit_end 418 0
1587048663518444 132176871118528 pump_end 1 2
1587048663518954 132176871118528 join_beg 1 0
1587048663519194 132176871118528 join_end 0 0
1587048666021793 132176871118528 coll_beg 0 0
1587048669248475 132176871118528 coll_end 0 0
1587048671682256 132176862725824 emit_beg 419 0
1587048681468059 132176862725824 emit_end 419 0
1587048696648395 132176871118528 drain_beg 0 0
1587048696649405 132176871118528 drain_end 1 0
1587048696649705 132176871118528 subm_beg 1 0
1587048700567842 132176871118528 subm_end 1 0
1587048700568252 132176871118528 pump_beg 1 0
1587048708412436 132176871118528 pump_end 1 2
1587048708412996 132176871118528 join_beg 1 0
1587048708413186 132176871118528 join_end 0 0
1587048710437412 132176871118528 coll_beg 0 0
1587048711375018 132176871118528 coll_end 0 0
1587048713299447 132176862725824 emit_beg 420 0
1587048721129742 132176862725824 emit_end 420 0
1587048723055511 132176871118528 drain_beg 0 0
1587048723056211 132176871118528 drain_end 1 0
1587048723056501 132176871118528 subm_beg 1 0
1587048725003530 132176871118528 subm_end 1 0
1587048725003930 132176871118528 pump_beg 1 0
1587048736004159 132176871118528 pump_end 1 2
1587048736004669 132176871118528 join_beg 1 0
1587048736004929 132176871118528 join_end 0 0
1587048739175673 132176871118528 coll_beg 0 0
1587048742570919 132176871118528 coll_end 0 0
1587048744534068 132176862725824 emit_beg 421 0
1587048752280095 132176862725824 emit_end 421 0
1587048754122758 132176871118528 drain_beg 0 0
1587048754123428 132176871118528 drain_end 1 0
1587048754123688 132176871118528 subm_beg 1 0
1587048756056247 132176871118528 subm_end 1 0
1587048756056627 132176871118528 pump_beg 1 0
1587048764710691 132176871118528 pump_end 1 2
1587048764711241 132176871118528 join_beg 1 0
1587048764711581 132176871118528 join_end 0 0
1587048768024370 132176871118528 coll_beg 0 0
1587048769653911 132176871118528 coll_end 0 0
1587048771900119 132176862725824 emit_beg 422 0
1587048781589545 132176862725824 emit_end 422 0
1587048783508395 132176871118528 drain_beg 0 0
1587048783508915 132176871118528 drain_end 1 0
1587048783509205 132176871118528 subm_beg 1 0
1587048785416166 132176871118528 subm_end 1 0
1587048785416546 132176871118528 pump_beg 1 0
1587048796939015 132176871118528 pump_end 1 2
1587048796939435 132176871118528 join_beg 1 0
1587048796939625 132176871118528 join_end 0 0
1587048800671989 132176871118528 coll_beg 0 0
1587048804583326 132176871118528 coll_end 0 0
1587048806592723 132176862725824 emit_beg 423 0
1587048808494794 132176871118528 drain_beg 0 0
1587048808497413 132176871118528 drain_end 1 0
1587048808498363 132176871118528 subm_beg 1 0
1587048814333960 132176871118528 subm_end 1 0
1587048814334550 132176871118528 pump_beg 1 0
1587048816404335 132176862725824 emit_end 423 0
1587048823519045 132176871118528 pump_end 1 2
1587048823519515 132176871118528 join_beg 1 0
1587048823519765 132176871118528 join_end 0 0
1587048827400544 132176871118528 coll_beg 0 0
1587048829559395 132176871118528 coll_end 0 0
1587048833140964 132176862725824 emit_beg 424 0
1587048840936360 132176862725824 emit_end 424 0
1587048876751133 132176871118528 drain_beg 0 0
1587048876754642 132176871118528 drain_end 1 0
1587048876755952 132176871118528 subm_beg 1 0
1587048887900876 132176871118528 subm_end 1 0
1587048887903746 132176871118528 pump_beg 1 0
1587048899812811 132176871118528 pump_end 1 2
1587048899816191 132176871118528 join_beg 1 0
1587048899817221 132176871118528 join_end 0 0
1587048907779430 132176871118528 coll_beg 0 0
1587048914461676 132176871118528 coll_end 0 0
1587048918031376 132176871118528 drain_beg 0 0
1587048918034266 132176871118528 drain_end 1 0
1587048918035866 132176871118528 subm_beg 1 0
1587048918048976 132176862725824 emit_beg 425 0
1587048920596763 132176871118528 subm_end 1 0
1587048920598562 132176871118528 pump_beg 1 0
1587048927707373 132176862725824 emit_end 425 0
1587048932501218 132176871118528 pump_end 1 2
1587048932501928 132176871118528 join_beg 1 0
1587048932502478 132176871118528 join_end 0 0
1587048935379733 132176871118528 coll_beg 0 0
1587048939487713 132176871118528 coll_end 0 0
1587048942774873 132176862725824 emit_beg 426 0
1587048952383713 132176862725824 emit_end 426 0
1587048985312551 132176871118528 drain_beg 0 0
1587048985314911 132176871118528 drain_end 1 0
1587048985315561 132176871118528 subm_beg 1 0
1587048992171071 132176871118528 subm_end 1 0
1587048992171651 132176871118528 pump_beg 1 0
1587049000743988 132176871118528 pump_end 1 2
1587049000746398 132176871118528 join_beg 1 0
1587049000747368 132176871118528 join_end 0 0
1587049003808826 132176871118528 coll_beg 0 0
1587049005867801 132176871118528 coll_end 0 0
1587049009020696 132176871118528 drain_beg 0 0
1587049009023226 132176871118528 drain_end 1 0
1587049009024785 132176871118528 subm_beg 1 0
1587049009029585 132176862725824 emit_beg 427 0
1587049011911240 132176871118528 subm_end 1 0
1587049011911770 132176871118528 pump_beg 1 0
1587049022172626 132176871118528 pump_end 1 2
1587049022174676 132176871118528 join_beg 1 0
1587049023264336 132176862725824 emit_end 427 0
1587049023294045 132176871118528 join_end 0 0
1587049025943798 132176871118528 coll_beg 0 0
1587049029395612 132176871118528 coll_end 0 0
1587049032508209 132176862725824 emit_beg 428 0
1587049045015312 132176862725824 emit_end 428 0
1587049075359965 132176871118528 drain_beg 0 0
1587049075362975 132176871118528 drain_end 1 0
1587049075364085 132176871118528 subm_beg 1 0
1587049085576912 132176871118528 subm_end 1 0
1587049085578852 132176871118528 pump_beg 1 0
1587049096741225 132176871118528 pump_end 1 2
1587049096744844 132176871118528 join_beg 1 0
1587049096746584 132176871118528 join_end 0 0
1587049100037244 132176871118528 coll_beg 0 0
1587049104012319 132176871118528 coll_end 0 0
1587049107629757 132176871118528 drain_beg 0 0
1587049107631887 132176871118528 drain_end 1 0
1587049107633387 132176871118528 subm_beg 1 0
1587049107650236 132176862725824 emit_beg 429 0
1587049111295163 132176871118528 subm_end 1 0
1587049111296543 132176871118528 pump_beg 1 0
1587049121021488 132176862725824 emit_end 429 0
1587049123051444 132176871118528 pump_end 1 2
1587049123055004 132176871118528 join_beg 1 0
1587049123055994 132176871118528 join_end 0 0
1587049127479373 132176871118528 coll_beg 0 0
1587049131548934 132176871118528 coll_end 0 0
1587049134972319 132176862725824 emit_beg 430 0
1587049148750506 132176862725824 emit_end 430 0
1587049179826902 132176871118528 drain_beg 0 0
1587049179830612 132176871118528 drain_end 1 0
1587049179831842 132176871118528 subm_beg 1 0
1587049185223785 132176871118528 subm_end 1 0
1587049185226095 132176871118528 pump_beg 1 0
1587049194197158 132176871118528 pump_end 1 2
1587049194199948 132176871118528 join_beg 1 0
1587049194200958 132176871118528 join_end 0 0
1587049196855611 132176871118528 coll_beg 0 0
1587049198979253 132176871118528 coll_end 0 0
1587049202085870 132176871118528 drain_beg 0 0
1587049202087220 132176871118528 drain_end 1 0
1587049202087960 132176871118528 subm_beg 1 0
1587049202105649 132176862725824 emit_beg 431 0
1587049204988274 132176871118528 subm_end 1 0
1587049204988864 132176871118528 pump_beg 1 0
1587049214814436 132176862725824 emit_end 431 0
1587049216173496 132176871118528 pump_end 1 2
1587049216174376 132176871118528 join_beg 1 0
1587049216175076 132176871118528 join_end 0 0
1587049220195939 132176871118528 coll_beg 0 0
1587049223697001 132176871118528 coll_end 0 0
1587049227312899 132176862725824 emit_beg 432 0
1587049238655176 132176862725824 emit_end 432 0
1587049261585859 132176871118528 drain_beg 0 0
1587049261587829 132176871118528 drain_end 1 0
1587049261588699 132176871118528 subm_beg 1 0
1587049271309964 132176871118528 subm_end 1 0
1587049271311644 132176871118528 pump_beg 1 0
1587049282167868 132176871118528 pump_end 1 2
1587049282169138 132176871118528 join_beg 1 0
1587049282170038 132176871118528 join_end 0 0
1587049284901448 132176871118528 coll_beg 0 0
1587049287986385 132176871118528 coll_end 0 0
1587049291297025 132176871118528 drain_beg 0 0
1587049291298725 132176871118528 drain_end 1 0
1587049291299524 132176871118528 subm_beg 1 0
1587049291316964 132176862725824 emit_beg 433 0
1587049297051694 132176871118528 subm_end 1 0
1587049297052204 132176871118528 pump_beg 1 0
1587049304218033 132176862725824 emit_end 433 0
1587049308117841 132176871118528 pump_end 1 2
1587049308121011 132176871118528 join_beg 1 0
1587049308121861 132176871118528 join_end 0 0
1587049310068800 132176871118528 coll_beg 0 0
1587049313797723 132176871118528 coll_end 0 0
1587049317323145 132176862725824 emit_beg 434 0
1587049324762403 132176862725824 emit_end 434 0
1587049339387430 132176871118528 drain_beg 0 0
1587049339389889 132176871118528 drain_end 1 0
1587049339390789 132176871118528 subm_beg 1 0
1587049342979328 132176871118528 subm_end 1 0
1587049342979778 132176871118528 pump_beg 1 0
1587049351438750 132176871118528 pump_end 1 2
1587049351442550 132176871118528 join_beg 1 0
1587049351443910 132176871118528 join_end 0 0
1587049353404298 132176871118528 coll_beg 0 0
1587049355208332 132176871118528 coll_end 0 0
1587049357039785 132176871118528 drain_beg 0 0
1587049357046565 132176871118528 drain_end 1 0
1587049357047215 132176871118528 subm_beg 1 0
1587049357061315 132176862725824 emit_beg 435 0
1587049360694222 132176871118528 subm_end 1 0
1587049360694682 132176871118528 pump_beg 1 0
1587049366305447 132176862725824 emit_end 435 0
1587049370285632 132176871118528 pump_end 1 2
1587049370286152 132176871118528 join_beg 1 0
1587049370286412 132176871118528 join_end 0 0
1587049373204856 132176871118528 coll_beg 0 0
1587049375256431 132176871118528 coll_end 0 0
1587049378704975 132176862725824 emit_beg 436 0
1587049386074136 132176862725824 emit_end 436 0
1587049399272234 132176871118528 drain_beg 0 0
1587049399273744 132176871118528 drain_end 1 0
1587049399274564 132176871118528 subm_beg 1 0
1587049403277158 132176871118528 subm_end 1 0
1587049403278718 132176871118528 pump_beg 1 0
1587049414266787 132176871118528 pump_end 1 2
1587049414267987 132176871118528 join_beg 1 0
1587049414268867 132176871118528 join_end 0 0
1587049416165118 132176871118528 coll_beg 0 0
1587049419919741 132176871118528 coll_end 0 0
1587049421768563 132176871118528 drain_beg 0 0
1587049421769343 132176871118528 drain_end 1 0
1587049421769883 132176871118528 subm_beg 1 0
1587049421771333 132176862725824 emit_beg 437 0
1587049423547248 132176871118528 subm_end 1 0
1587049423547648 132176871118528 pump_beg 1 0
1587049430956898 132176862725824 emit_end 437 0
1587049431454210 132176871118528 pump_end 1 2
1587049431454720 132176871118528 join_beg 1 0
1587049431454960 132176871118528 join_end 0 0
1587049433342971 132176871118528 coll_beg 0 0
1587049434399742 132176871118528 coll_end 0 0
1587049436913581 132176862725824 emit_beg 438 0
1587049442651641 132176862725824 emit_end 438 0
1587049463669504 132176871118528 drain_beg 0 0
1587049463671414 132176871118528 drain_end 1 0
1587049463672184 132176871118528 subm_beg 1 0
1587049469562489 132176871118528 subm_end 1 0
1587049469563979 132176871118528 pump_beg 1 0
1587049479797416 132176871118528 pump_end 1 2
1587049479799305 132176871118528 join_beg 1 0
1587049479800095 132176871118528 join_end 0 0
1587049481775273 132176871118528 coll_beg 0 0
1587049486414464 132176871118528 coll_end 0 0
1587049488501738 132176871118528 drain_beg 0 0
1587049488503768 132176871118528 drain_end 1 0
1587049488505058 132176871118528 subm_beg 1 0
1587049488512437 132176862725824 emit_beg 439 0
1587049490573582 132176871118528 subm_end 1 0
1587049490575262 132176871118528 pump_beg 1 0
1587049498896829 132176862725824 emit_end 439 0
1587049502862774 132176871118528 pump_end 1 2
1587049502863754 132176871118528 join_beg 1 0
1587049502864224 132176871118528 join_end 0 0
1587049504959307 132176871118528 coll_beg 0 0
1587049510451887 132176871118528 coll_end 0 0
1587049512912547 132176862725824 emit_beg 440 0
1587049520716012 132176862725824 emit_end 440 0
1587049536418779 132176871118528 drain_beg 0 0
1587049536422999 132176871118528 drain_end 1 0
1587049536424799 132176871118528 subm_beg 1 0
1587049540342556 132176871118528 subm_end 1 0
1587049540345006 132176871118528 pump_beg 1 0
1587049550793755 132176871118528 pump_end 1 2
1587049550799074 132176871118528 join_beg 1 0
1587049550799974 132176871118528 join_end 0 0
1587049553911651 132176871118528 coll_beg 0 0
1587049556566714 132176871118528 coll_end 0 0
1587049558538212 132176871118528 drain_beg 0 0
1587049558538972 132176871118528 drain_end 1 0
1587049558539632 132176871118528 subm_beg 1 0
1587049558558611 132176862725824 emit_beg 441 0
1587049560438343 132176871118528 subm_end 1 0
1587049560438813 132176871118528 pump_beg 1 0
1587049568296286 132176862725824 emit_end 441 0
1587049572112027 132176871118528 pump_end 1 2
1587049572112547 132176871118528 join_beg 1 0
1587049572112797 132176871118528 join_end 0 0
1587049574106344 132176871118528 coll_beg 0 0
1587049577742491 132176871118528 coll_end 0 0
1587049580139614 132176862725824 emit_beg 442 0
1587049587970508 132176862725824 emit_end 442 0
1587049605800467 132176871118528 drain_beg 0 0
1587049605805587 132176871118528 drain_end 1 0
1587049605806987 132176871118528 subm_beg 1 0
1587049609716055 132176871118528 subm_end 1 0
1587049609717484 132176871118528 pump_beg 1 0
1587049617491661 132176871118528 pump_end 1 2
1587049617493721 132176871118528 join_beg 1 0
1587049617494741 132176871118528 join_end 0 0
1587049619469529 132176871118528 coll_beg 0 0
1587049620213411 132176871118528 coll_end 0 0
1587049622209269 132176871118528 drain_beg 0 0
1587049622210149 132176871118528 drain_end 1 0
1587049622210699 132176871118528 subm_beg 1 0
1587049622230268 132176862725824 emit_beg 443 0
1587049624128008 132176871118528 subm_end 1 0
1587049624128398 132176871118528 pump_beg 1 0
1587049631962183 132176862725824 emit_end 443 0
1587049634915555 132176871118528 pump_end 1 2
1587049634916035 132176871118528 join_beg 1 0
1587049634916245 132176871118528 join_end 0 0
1587049638560002 132176871118528 coll_beg 0 0
1587049641584301 132176871118528 coll_end 0 0
1587049644335921 132176862725824 emit_beg 444 0
1587049652353698 132176862725824 emit_end 444 0
1587049667384850 132176871118528 drain_beg 0 0
1587049667386450 132176871118528 drain_end 1 0
1587049667387010 132176871118528 subm_beg 1 0
1587049671164212 132176871118528 subm_end 1 0
1587049671164772 132176871118528 pump_beg 1 0
1587049682743409 132176871118528 pump_end 1 2
1587049682746989 132176871118528 join_beg 1 0
1587049682747829 132176871118528 join_end 0 0
1587049684811854 132176871118528 coll_beg 0 0
1587049689516992 132176871118528 coll_end 0 0
1587049691563438 132176871118528 drain_beg 0 0
1587049691564388 132176871118528 drain_end 1 0
1587049691565108 132176871118528 subm_beg 1 0
1587049691585257 132176862725824 emit_beg 445 0
1587049693576834 132176871118528 subm_end 1 0
1587049693577294 132176871118528 pump_beg 1 0
1587049701370520 132176871118528 pump_end 1 2
1587049701371070 132176871118528 join_beg 1 0
1587049701631960 132176862725824 emit_end 445 0
1587049701636370 132176871118528 join_end 0 0
1587049703569079 132176871118528 coll_beg 0 0
1587049705199370 132176871118528 coll_end 0 0
1587049708090495 132176862725824 emit_beg 446 0
1587049713931421 132176862725824 emit_end 446 0
1587049734697604 132176871118528 drain_beg 0 0
1587049734700003 132176871118528 drain_end 1 0
1587049734700973 132176871118528 subm_beg 1 0
1587049740463013 132176871118528 subm_end 1 0
1587049740464713 132176871118528 pump_beg 1 0
1587049752234944 132176871118528 pump_end 1 2
1587049752235653 132176871118528 join_beg 1 0
1587049752236053 132176871118528 join_end 0 0
1587049754259480 132176871118528 coll_beg 0 0
1587049760933926 132176871118528 coll_end 0 0
1587049762993231 132176871118528 drain_beg 0 0
1587049762995541 132176871118528 drain_end 1 0
1587049762996831 132176871118528 subm_beg 1 0
1587049763013760 132176862725824 emit_beg 447 0
1587049768977062 132176871118528 subm_end 1 0
1587049768977812 132176871118528 pump_beg 1 0
1587049772948248 132176862725824 emit_end 447 0
1587049776773668 132176871118528 pump_end 1 2
1587049776777108 132176871118528 join_beg 1 0
1587049776778088 132176871118528 join_end 0 0
1587049779753289 132176871118528 coll_beg 0 0
1587049780539111 132176871118528 coll_end 0 0
1587049783639037 132176862725824 emit_beg 448 0
1587049791481751 132176862725824 emit_end 448 0
1587049808126214 132176871118528 drain_beg 0 0
1587049808128524 132176871118528 drain_end 1 0
1587049808129624 132176871118528 subm_beg 1 0
1587049813907243 132176871118528 subm_end 1 0
1587049813908833 132176871118528 pump_beg 1 0
1587049823532922 132176871118528 pump_end 1 2
1587049823534182 132176871118528 join_beg 1 0
1587049823534951 132176871118528 join_end 0 0
1587049825569677 132176871118528 coll_beg 0 0
1587049828090885 132176871118528 coll_end 0 0
1587049830058833 132176871118528 drain_beg 0 0
1587049830060633 132176871118528 drain_end 1 0
1587049830061523 132176871118528 subm_beg 1 0
1587049830078083 132176862725824 emit_beg 449 0
1587049832097349 132176871118528 subm_end 1 0
1587049832097899 132176871118528 pump_beg 1 0
1587049837938166 132176862725824 emit_end 449 0
1587049843614079 132176871118528 pump_end 1 2
1587049843614549 132176871118528 join_beg 1 0
1587049843620249 132176871118528 join_end 0 0
1587049845547608 132176871118528 coll_beg 0 0
1587049849054440 132176871118528 coll_end 0 0
1587049851308618 132176862725824 emit_beg 450 0
1587049858992398 132176862725824 emit_end 450 0
1587049876169311 132176871118528 drain_beg 0 0
1587049876171311 132176871118528 drain_end 1 0
1587049876172021 132176871118528 subm_beg 1 0
1587049881633791 132176871118528 subm_end 1 0
1587049881635371 132176871118528 pump_beg 1 0
1587049891960784 132176871118528 pump_end 1 2
1587049891962254 132176871118528 join_beg 1 0
1587049891963124 132176871118528 join_end 0 0
1587049893930133 132176871118528 coll_beg 0 0
1587049896775999 132176871118528 coll_end 0 0
1587049898645641 132176871118528 drain_beg 0 0
1587049898646590 132176871118528 drain_end 1 0
1587049898647240 132176871118528 subm_beg 1 0
1587049898668750 132176862725824 emit_beg 451 0
1587049900480234 132176871118528 subm_end 1 0
1587049900480614 132176871118528 pump_beg 1 0
1587049906248273 132176862725824 emit_end 451 0
1587049910419141 132176871118528 pump_end 1 2
1587049910419761 132176871118528 join_beg 1 0
1587049910420021 132176871118528 join_end 0 0
1587049913641293 132176871118528 coll_beg 0 0
1587049916342855 132176871118528 coll_end 0 0
1587049919199880 132176862725824 emit_beg 452 0
1587049926452636 132176862725824 emit_end 452 0
1587049941743268 132176871118528 drain_beg 0 0
1587049941744238 132176871118528 drain_end 1 0
1587049941744958 132176871118528 subm_beg 1 0
1587049945406924 132176871118528 subm_end 1 0
1587049945407404 132176871118528 pump_beg 1 0
1587049954163635 132176871118528 pump_end 1 2
1587049954164095 132176871118528 join_beg 1 0
1587049954164454 132176871118528 join_end 0 0
1587049956651734 132176871118528 coll_beg 0 0
1587049959643344 132176871118528 coll_end 0 0
1587049961661861 132176871118528 drain_beg 0 0
1587049961663821 132176871118528 drain_end 1 0
1587049961664961 132176871118528 subm_beg 1 0
1587049961682090 132176862725824 emit_beg 453 0
1587049963552442 132176871118528 subm_end 1 0
1587049963554192 132176871118528 pump_beg 1 0
1587049970964951 132176862725824 emit_end 453 0
1587049974906687 132176871118528 pump_end 1 2
1587049974907587 132176871118528 join_beg 1 0
1587049974908167 132176871118528 join_end 0 0
1587049978161309 132176871118528 coll_beg 0 0
1587049983478545 132176871118528 coll_end 0 0
1587049986771924 132176862725824 emit_beg 454 0
1587049994077228 132176862725824 emit_end 454 0
1587050010577436 132176871118528 drain_beg 0 0
1587050010580206 132176871118528 drain_end 1 0
1587050010581226 132176871118528 subm_beg 1 0
1587050014277331 132176871118528 subm_end 1 0
1587050014279201 132176871118528 pump_beg 1 0
1587050023942338 132176871118528 pump_end 1 2
1587050023944258 132176871118528 join_beg 1 0
1587050023945268 132176871118528 join_end 0 0
1587050025776381 132176871118528 coll_beg 0 0
1587050029188227 132176871118528 coll_end 0 0
1587050030985911 132176871118528 drain_beg 0 0
1587050030986761 132176871118528 drain_end 1 0
1587050030987251 132176871118528 subm_beg 1 0
1587050031006130 132176862725824 emit_beg 455 0
1587050032797205 132176871118528 subm_end 1 0
1587050032797595 132176871118528 pump_beg 1 0
1587050038402470 132176862725824 emit_end 455 0
1587050041936361 132176871118528 pump_end 1 2
1587050041937531 132176871118528 join_beg 1 0
1587050041938091 132176871118528 join_end 0 0
1587050044905253 132176871118528 coll_beg 0 0
1587050047756829 132176871118528 coll_end 0 0
1587050050460280 132176862725824 emit_beg 456 0
1587050059602457 132176862725824 emit_end 456 0
1587050072984608 132176871118528 drain_beg 0 0
1587050072985308 132176871118528 drain_end 1 0
1587050072985698 132176871118528 subm_beg 1 0
1587050076587237 132176871118528 subm_end 1 0
1587050076587677 132176871118528 pump_beg 1 0
1587050089314122 132176871118528 pump_end 1 2
1587050089314862 132176871118528 join_beg 1 0
1587050089315432 132176871118528 join_end 0 0
1587050091114887 132176871118528 coll_beg 0 0
1587050095449079 132176871118528 coll_end 0 0
1587050097229534 132176871118528 drain_beg 0 0
1587050097235523 132176871118528 drain_end 1 0
1587050097236163 132176871118528 subm_beg 1 0
1587050097251413 132176862725824 emit_beg 457 0
1587050099069806 132176871118528 subm_end 1 0
1587050099070196 132176871118528 pump_beg 1 0
1587050106499155 132176862725824 emit_end 457 0
1587050109522005 132176871118528 pump_end 1 2
1587050109522465 132176871118528 join_beg 1 0
1587050109522655 132176871118528 join_end 0 0
1587050112542395 132176871118528 coll_beg 0 0
1587050114826851 132176871118528 coll_end 0 0
1587050116666524 132176862725824 emit_beg 458 0
1587050123897650 132176862725824 emit_end 458 0
1587050141703141 132176871118528 drain_beg 0 0
1587050141705171 132176871118528 drain_end 1 0
1587050141705981 132176871118528 subm_beg 1 0
1587050147175771 132176871118528 subm_end 1 0
1587050147176841 132176871118528 pump_beg 1 0
1587050157389238 132176871118528 pump_end 1 2
1587050157389828 132176871118528 join_beg 1 0
1587050157390208 132176871118528 join_end 0 0
1587050159855508 132176871118528 coll_beg 0 0
1587050162463523 132176871118528 coll_end 0 0
1587050164429101 132176871118528 drain_beg 0 0
1587050164431011 132176871118528 drain_end 1 0
1587050164432181 132176871118528 subm_beg 1 0
1587050164447021 132176862725824 emit_beg 459 0
1587050168023300 132176871118528 subm_end 1 0
1587050168025000 132176871118528 pump_beg 1 0
1587050173925415 132176862725824 emit_end 459 0
1587050178753539 132176871118528 pump_end 1 2
1587050178754319 132176871118528 join_beg 1 0
1587050178754669 132176871118528 join_end 0 0
1587050181522667 132176871118528 coll_beg 0 0
1587050186537864 132176871118528 coll_end 0 0
1587050188886189 132176862725824 emit_beg 460 0
1587050190675763 132176871118528 drain_beg 0 0
1587050190676403 132176871118528 drain_end 1 0
1587050190676783 132176871118528 subm_beg 1 0
1587050196156423 132176871118528 subm_end 1 0
1587050196156853 132176871118528 pump_beg 1 0
1587050199681125 132176862725824 emit_end 460 0
1587050206768186 132176871118528 pump_end 1 2
1587050206768726 132176871118528 join_beg 1 0
1587050206769016 132176871118528 join_end 0 0
1587050208639148 132176871118528 coll_beg 0 0
1587050213402884 132176871118528 coll_end 0 0
1587050215877824 132176862725824 emit_beg 461 0
1587050223316672 132176862725824 emit_end 461 0
1587050238553816 132176871118528 drain_beg 0 0
1587050238556026 132176871118528 drain_end 1 0
1587050238556876 132176871118528 subm_beg 1 0
1587050244052316 132176871118528 subm_end 1 0
1587050244054145 132176871118528 pump_beg 1 0
1587050252013775 132176871118528 pump_end 1 2
1587050252014615 132176871118528 join_beg 1 0
1587050252014985 132176871118528 join_end 0 0
1587050253806000 132176871118528 coll_beg 0 0
1587050255069823 132176871118528 coll_end 0 0
1587050256848049 132176871118528 drain_beg 0 0
1587050256848579 132176871118528 drain_end 1 0
1587050256848809 132176871118528 subm_beg 1 0
1587050256869888 132176862725824 emit_beg 462 0
1587050258625994 132176871118528 subm_end 1 0
1587050258626374 132176871118528 pump_beg 1 0
1587050266322323 132176862725824 emit_end 462 0
1587050269824825 132176871118528 pump_end 1 2
1587050269825315 132176871118528 join_beg 1 0
1587050269825555 132176871118528 join_end 0 0
1587050273222961 132176871118528 coll_beg 0 0
1587050278697611 132176871118528 coll_end 0 0
1587050280955469 132176862725824 emit_beg 463 0
1587050288555382 132176862725824 emit_end 463 0
1587050306945620 132176871118528 drain_beg 0 0
1587050306947780 132176871118528 drain_end 1 0
1587050306948550 132176871118528 subm_beg 1 0
1587050310793240 132176871118528 subm_end 1 0
1587050310794860 132176871118528 pump_beg 1 0
1587050321077225 132176871118528 pump_end 1 2
1587050321078435 132176871118528 join_beg 1 0
1587050321079145 132176871118528 join_end 0 0
1587050323275985 132176871118528 coll_beg 0 0
1587050327169402 132176871118528 coll_end 0 0
1587050329206608 132176871118528 drain_beg 0 0
1587050329207198 132176871118528 drain_end 1 0
1587050329207598 132176871118528 subm_beg 1 0
1587050329227897 132176862725824 emit_beg 464 0
1587050331189426 132176871118528 subm_end 1 0
1587050331193626 132176871118528 pump_beg 1 0
1587050337172337 132176862725824 emit_end 464 0
1587050343132210 132176871118528 pump_end 1 2
1587050343133210 132176871118528 join_beg 1 0
1587050343133660 132176871118528 join_end 0 0
1587050345151226 132176871118528 coll_beg 0 0
1587050349275996 132176871118528 coll_end 0 0
1587050352750989 132176862725824 emit_beg 465 0
1587050360513696 132176862725824 emit_end 465 0
1587050376834560 132176871118528 drain_beg 0 0
1587050376836900 132176871118528 drain_end 1 0
1587050376837970 132176871118528 subm_beg 1 0
1587050382633738 132176871118528 subm_end 1 0
1587050382635428 132176871118528 pump_beg 1 0
1587050394470326 132176871118528 pump_end 1 2
1587050394472966 132176871118528 join_beg 1 0
1587050394474266 132176871118528 join_end 0 0
1587050396577999 132176871118528 coll_beg 0 0
1587050400689079 132176871118528 coll_end 0 0
1587050402728975 132176871118528 drain_beg 0 0
1587050402729695 132176871118528 drain_end 1 0
1587050402730185 132176871118528 subm_beg 1 0
1587050402736515 132176862725824 emit_beg 466 0
1587050404689673 132176871118528 subm_end 1 0
1587050404690293 132176871118528 pump_beg 1 0
1587050410573459 132176862725824 emit_end 466 0
1587050415284307 132176871118528 pump_end 1 2
1587050415285027 132176871118528 join_beg 1 0
1587050415285327 132176871118528 join_end 0 0
1587050418432462 132176871118528 coll_beg 0 0
1587050421507220 132176871118528 coll_end 0 0
1587050424126724 132176862725824 emit_beg 467 0
1587050431882071 132176862725824 emit_end 467 0
1587050448567112 132176871118528 drain_beg 0 0
1587050448568152 132176871118528 drain_end 1 0
1587050448568842 132176871118528 subm_beg 1 0
1587050452446741 132176871118528 subm_end 1 0
1587050452447121 132176871118528 pump_beg 1 0
1587050463497797 132176871118528 pump_end 1 2
1587050463499097 132176871118528 join_beg 1 0
1587050463499697 132176871118528 join_end 0 0
1587050465613480 132176871118528 coll_beg 0 0
1587050468852592 132176871118528 coll_end 0 0
1587050470983264 132176862725824 emit_beg 468 0
1587050473038319 132176871118528 drain_beg 0 0
1587050473040299 132176871118528 drain_end 1 0
1587050473041059 132176871118528 subm_beg 1 0
1587050478847567 132176871118528 subm_end 1 0
1587050478848527 132176871118528 pump_beg 1 0
1587050480854764 132176862725824 emit_end 468 0
1587050490249981 132176871118528 pump_end 1 2
1587050490251321 132176871118528 join_beg 1 0
1587050490252071 132176871118528 join_end 0 0
1587050493126456 132176871118528 coll_beg 0 0
1587050497133170 132176871118528 coll_end 0 0
1587050499108818 132176862725824 emit_beg 469 0
1587050508971818 132176862725824 emit_end 469 0
1587050510808011 132176871118528 drain_beg 0 0
1587050510809281 132176871118528 drain_end 1 0
1587050510809861 132176871118528 subm_beg 1 0
1587050512778399 132176871118528 subm_end 1 0
1587050512779149 132176871118528 pump_beg 1 0
1587050523891963 132176871118528 pump_end 1 2
1587050523893263 132176871118528 join_beg 1 0
1587050523893923 132176871118528 join_end 0 0
1587050525857332 132176871118528 coll_beg 0 0
1587050529348634 132176871118528 coll_end 0 0
1587050531332722 132176862725824 emit_beg 470 0
1587050533246822 132176871118528 drain_beg 0 0
1587050533247532 132176871118528 drain_end 1 0
1587050533247842 132176871118528 subm_beg 1 0
1587050539049010 132176871118528 subm_end 1 0
1587050539049840 132176871118528 pump_beg 1 0
1587050541078056 132176862725824 emit_end 470 0
1587050546584005 132176871118528 pump_end 1 2
1587050546585055 132176871118528 join_beg 1 0
1587050546585505 132176871118528 join_end 0 0
1587050548562283 132176871118528 coll_beg 0 0
1587050549270707 132176871118528 coll_end 0 0
1587050552363374 132176862725824 emit_beg 471 0
1587050562046171 132176862725824 emit_end 471 0
1587050576473294 132176871118528 drain_beg 0 0
1587050576474024 132176871118528 drain_end 1 0
1587050576474424 132176871118528 subm_beg 1 0
1587050580399961 132176871118528 subm_end 1 0
1587050580400721 132176871118528 pump_beg 1 0
1587050593166395 132176871118528 pump_end 1 2
1587050593169535 132176871118528 join_beg 1 0
1587050593181125 132176871118528 join_end 0 0
1587050595233910 132176871118528 coll_beg 0 0
1587050601120185 132176871118528 coll_end 0 0
1587050603167830 132176871118528 drain_beg 0 0
1587050603169160 132176871118528 drain_end 1 0
1587050603170060 132176871118528 subm_beg 1 0
1587050603174370 132176862725824 emit_beg 472 0
1587050605137918 132176871118528 subm_end 1 0
1587050605138618 132176871118528 pump_beg 1 0
1587050609057125 132176862725824 emit_end 472 0
1587050616339060 132176871118528 pump_end 1 2
1587050616339720 132176871118528 join_beg 1 0
1587050616340120 132176871118528 join_end 0 0
1587050618432623 132176871118528 coll_beg 0 0
1587050621915926 132176871118528 coll_end 0 0
1587050623889304 132176862725824 emit_beg 473 0
1587050631646531 132176862725824 emit_end 473 0
1587050664345908 132176871118528 drain_beg 0 0
1587050664348028 132176871118528 drain_end 1 0
1587050664348788 132176871118528 subm_beg 1 0
1587050670177525 132176871118528 subm_end 1 0
1587050670179205 132176871118528 pump_beg 1 0
1587050681358737 132176871118528 pump_end 1 2
1587050681361447 132176871118528 join_beg 1 0
1587050681362787 132176871118528 join_end 0 0
1587050683515378 132176871118528 coll_beg 0 0
1587050688669500 132176871118528 coll_end 0 0
1587050690821252 132176871118528 drain_beg 0 0
1587050690823132 132176871118528 drain_end 1 0
1587050690824121 132176871118528 subm_beg 1 0
1587050690840401 132176862725824 emit_beg 474 0
1587050692880646 132176871118528 subm_end 1 0
1587050692881226 132176871118528 pump_beg 1 0
1587050698855858 132176862725824 emit_end 474 0
1587050704522062 132176871118528 pump_end 1 2
1587050704522672 132176871118528 join_beg 1 0
1587050704523152 132176871118528 join_end 0 0
1587050707247172 132176871118528 coll_beg 0 0
1587050710797203 132176871118528 coll_end 0 0
1587050712674274 132176862725824 emit_beg 475 0
1587050719995247 132176862725824 emit_end 475 0
1587050737055894 132176871118528 drain_beg 0 0
1587050737058094 132176871118528 drain_end 1 0
1587050737058884 132176871118528 subm_beg 1 0
1587050740681492 132176871118528 subm_end 1 0
1587050740682482 132176871118528 pump_beg 1 0
1587050748198368 132176871118528 pump_end 1 2
1587050748198858 132176871118528 join_beg 1 0
1587050748199548 132176871118528 join_end 0 0
1587050750564591 132176871118528 coll_beg 0 0
1587050751146180 132176871118528 coll_end 0 0
1587050752937545 132176871118528 drain_beg 0 0
1587050752938215 132176871118528 drain_end 1 0
1587050752938655 132176871118528 subm_beg 1 0
1587050752957334 132176862725824 emit_beg 476 0
1587050754728599 132176871118528 subm_end 1 0
1587050754728969 132176871118528 pump_beg 1 0
1587050761984915 132176862725824 emit_end 476 0
1587050765594353 132176871118528 pump_end 1 2
1587050765594903 132176871118528 join_beg 1 0
1587050765595133 132176871118528 join_end 0 0
1587050768223377 132176871118528 coll_beg 0 0
1587050771358703 132176871118528 coll_end 0 0
1587050773647939 132176862725824 emit_beg 477 0
1587050781087827 132176862725824 emit_end 477 0
1587050797098743 132176871118528 drain_beg 0 0
1587050797100783 132176871118528 drain_end 1 0
1587050797101503 132176871118528 subm_beg 1 0
1587050802529355 132176871118528 subm_end 1 0
1587050802530285 132176871118528 pump_beg 1 0
1587050814088853 132176871118528 pump_end 1 2
1587050814089373 132176871118528 join_beg 1 0
1587050814089683 132176871118528 join_end 0 0
1587050816081860 132176871118528 coll_beg 0 0
1587050819783515 132176871118528 coll_end 0 0
1587050821750314 132176871118528 drain_beg 0 0
1587050821750784 132176871118528 drain_end 1 0
1587050821751084 132176871118528 subm_beg 1 0
1587050821771113 132176862725824 emit_beg 478 0
1587050823623165 132176871118528 subm_end 1 0
1587050823623565 132176871118528 pump_beg 1 0
1587050829290678 132176862725824 emit_end 478 0
1587050831958141 132176871118528 pump_end 1 2
1587050831958871 132176871118528 join_beg 1 0
1587050831959461 132176871118528 join_end 0 0
1587050833801644 132176871118528 coll_beg 0 0
1587050835134455 132176871118528 coll_end 0 0
1587050837742070 132176862725824 emit_beg 479 0
1587050841437265 132176862725824 emit_end 479 0
1587050863273588 132176871118528 drain_beg 0 0
1587050863274418 132176871118528 drain_end 1 0
1587050863274738 132176871118528 subm_beg 1 0
1587050866957744 132176871118528 subm_end 1 0
1587050866958154 132176871118528 pump_beg 1 0
1587050878712275 132176871118528 pump_end 1 2
1587050878714265 132176871118528 join_beg 1 0
1587050878715005 132176871118528 join_end 0 0
1587050880616425 132176871118528 coll_beg 0 0
1587050884385508 132176871118528 coll_end 0 0
1587050886258729 132176871118528 drain_beg 0 0
1587050886259449 132176871118528 drain_end 1 0
1587050886260159 132176871118528 subm_beg 1 0
1587050886278699 132176862725824 emit_beg 480 0
1587050888070623 132176871118528 subm_end 1 0
1587050888070913 132176871118528 pump_beg 1 0
1587050894907904 132176871118528 pump_end 1 2
1587050894908644 132176871118528 join_beg 1 0
1587050895597619 132176862725824 emit_end 480 0
1587050895602848 132176871118528 join_end 0 0
1587050897481310 132176871118528 coll_beg 0 0
1587050897496639 132176871118528 coll_end 0 0
1587050899298644 132176862725824 emit_beg 481 0
1587050904724516 132176862725824 emit_end 481 0
1587050925331664 132176871118528 drain_beg 0 0
1587050925333973 132176871118528 drain_end 1 0
1587050925334753 132176871118528 subm_beg 1 0
1587050930823533 132176871118528 subm_end 1 0
1587050930825173 132176871118528 pump_beg 1 0
1587050942441539 132176871118528 pump_end 1 2
1587050942442319 132176871118528 join_beg 1 0
1587050942442739 132176871118528 join_end 0 0
1587050944547652 132176871118528 coll_beg 0 0
1587050948486139 132176871118528 coll_end 0 0
1587050950440627 132176871118528 drain_beg 0 0
1587050950441387 132176871118528 drain_end 1 0
1587050950441947 132176871118528 subm_beg 1 0
1587050950462416 132176862725824 emit_beg 482 0
1587050952270810 132176871118528 subm_end 1 0
1587050952271200 132176871118528 pump_beg 1 0
1587050957939134 132176862725824 emit_end 482 0
1587050963412224 132176871118528 pump_end 1 2
1587050963412744 132176871118528 join_beg 1 0
1587050963412984 132176871118528 join_end 0 0
1587050966123145 132176871118528 coll_beg 0 0
1587050969488232 132176871118528 coll_end 0 0
1587050972041779 132176862725824 emit_beg 483 0
1587050981263132 132176862725824 emit_end 483 0
1587050997456482 132176871118528 drain_beg 0 0
1587050997458881 132176871118528 drain_end 1 0
1587050997459561 132176871118528 subm_beg 1 0
1587051001166546 132176871118528 subm_end 1 0
1587051001167576 132176871118528 pump_beg 1 0
1587051009825830 132176871118528 pump_end 1 2
1587051009826650 132176871118528 join_beg 1 0
1587051009827250 132176871118528 join_end 0 0
1587051011670943 132176871118528 coll_beg 0 0
1587051012906818 132176871118528 coll_end 0 0
1587051014804368 132176871118528 drain_beg 0 0
1587051014804978 132176871118528 drain_end 1 0
1587051014805468 132176871118528 subm_beg 1 0
1587051014826548 132176862725824 emit_beg 484 0
1587051016647321 132176871118528 subm_end 1 0
1587051016647561 132176871118528 pump_beg 1 0
1587051022271406 132176862725824 emit_end 484 0
1587051027919020 132176871118528 pump_end 1 2
1587051027919530 132176871118528 join_beg 1 0
1587051027919730 132176871118528 join_end 0 0
1587051031104254 132176871118528 coll_beg 0 0
1587051034623225 132176871118528 coll_end 0 0
1587051036613293 132176862725824 emit_beg 485 0
1587051043970634 132176862725824 emit_end 485 0
1587051059485448 132176871118528 drain_beg 0 0
1587051059486508 132176871118528 drain_end 1 0
1587051059486918 132176871118528 subm_beg 1 0
1587051063123515 132176871118528 subm_end 1 0
1587051063124125 132176871118528 pump_beg 1 0
1587051071708172 132176871118528 pump_end 1 2
1587051071708632 132176871118528 join_beg 1 0
1587051071708912 132176871118528 join_end 0 0
1587051073572854 132176871118528 coll_beg 0 0
1587051075004042 132176871118528 coll_end 0 0
1587051076979459 132176871118528 drain_beg 0 0
1587051076982999 132176871118528 drain_end 1 0
1587051076983999 132176871118528 subm_beg 1 0
1587051076999129 132176862725824 emit_beg 486 0
1587051080728083 132176871118528 subm_end 1 0
1587051080729943 132176871118528 pump_beg 1 0
1587051086637837 132176862725824 emit_end 486 0
1587051091242259 132176871118528 pump_end 1 2
1587051091246139 132176871118528 join_beg 1 0
1587051091247319 132176871118528 join_end 0 0
1587051094240810 132176871118528 coll_beg 0 0
1587051097610537 132176871118528 coll_end 0 0
1587051100622507 132176862725824 emit_beg 487 0
1587051108410622 132176862725824 emit_end 487 0
1587051123820020 132176871118528 drain_beg 0 0
1587051123822330 132176871118528 drain_end 1 0
1587051123823470 132176871118528 subm_beg 1 0
1587051129587930 132176871118528 subm_end 1 0
1587051129588780 132176871118528 pump_beg 1 0
1587051141165147 132176871118528 pump_end 1 2
1587051141165727 132176871118528 join_beg 1 0
1587051141166337 132176871118528 join_end 0 0
1587051143179924 132176871118528 coll_beg 0 0
1587051146605789 132176871118528 coll_end 0 0
1587051148615365 132176871118528 drain_beg 0 0
1587051148615955 132176871118528 drain_end 1 0
1587051148616245 132176871118528 subm_beg 1 0
1587051148637724 132176862725824 emit_beg 488 0
1587051150504666 132176871118528 subm_end 1 0
1587051150505046 132176871118528 pump_beg 1 0
1587051158296602 132176871118528 pump_end 1 2
1587051158297522 132176871118528 join_beg 1 0
1587051158426977 132176862725824 emit_end 488 0
1587051158431337 132176871118528 join_end 0 0
1587051160414945 132176871118528 coll_beg 0 0
1587051160442694 132176871118528 coll_end 0 0
1587051162372553 132176862725824 emit_beg 489 0
1587051168160952 132176862725824 emit_end 489 0
1587051189852230 132176871118528 drain_beg 0 0
1587051189854360 132176871118528 drain_end 1 0
1587051189855060 132176871118528 subm_beg 1 0
1587051195682488 132176871118528 subm_end 1 0
1587051195684098 132176871118528 pump_beg 1 0
1587051206533162 132176871118528 pump_end 1 2
1587051206533872 132176871118528 join_beg 1 0
1587051206534102 132176871118528 join_end 0 0
1587051208592097 132176871118528 coll_beg 0 0
1587051211083206 132176871118528 coll_end 0 0
1587051213076273 132176871118528 drain_beg 0 0
1587051213076973 132176871118528 drain_end 1 0
1587051213077423 132176871118528 subm_beg 1 0
1587051213097752 132176862725824 emit_beg 490 0
1587051215045841 132176871118528 subm_end 1 0
1587051215046231 132176871118528 pump_beg 1 0
1587051221046792 132176862725824 emit_end 490 0
1587051226799942 132176871118528 pump_end 1 2
1587051226800422 132176871118528 join_beg 1 0
1587051226800622 132176871118528 join_end 0 0
1587051228731892 132176871118528 coll_beg 0 0
1587051231682304 132176871118528 coll_end 0 0
1587051234557639 132176862725824 emit_beg 491 0
1587051244321693 132176862725824 emit_end 491 0
1587051259751170 132176871118528 drain_beg 0 0
1587051259752390 132176871118528 drain_end 1 0
1587051259752740 132176871118528 subm_beg 1 0
1587051265513459 132176871118528 subm_end 1 0
1587051265514329 132176871118528 pump_beg 1 0
1587051275634710 132176871118528 pump_end 1 2
1587051275635320 132176871118528 join_beg 1 0
1587051275635560 132176871118528 join_end 0 0
1587051277696465 132176871118528 coll_beg 0 0
1587051279169241 132176871118528 coll_end 0 0
1587051281165458 132176871118528 drain_beg 0 0
1587051281165858 132176871118528 drain_end 1 0
1587051281166138 132176871118528 subm_beg 1 0
1587051281186447 132176862725824 emit_beg 492 0
1587051283102487 132176871118528 subm_end 1 0
1587051283102867 132176871118528 pump_beg 1 0
1587051290980680 132176862725824 emit_end 492 0
1587051296634604 132176871118528 pump_end 1 2
1587051296635074 132176871118528 join_beg 1 0
1587051296635584 132176871118528 join_end 0 0
1587051298629011 132176871118528 coll_beg 0 0
1587051302646014 132176871118528 coll_end 0 0
1587051306359759 132176862725824 emit_beg 493 0
1587051316152411 132176862725824 emit_end 493 0
1587051318014943 132176871118528 drain_beg 0 0
1587051318015623 132176871118528 drain_end 1 0
1587051318016133 132176871118528 subm_beg 1 0
1587051319932713 132176871118528 subm_end 1 0
1587051319933113 132176871118528 pump_beg 1 0
1587051329736006 132176871118528 pump_end 1 2
1587051329736516 132176871118528 join_beg 1 0
1587051329736716 132176871118528 join_end 0 0
1587051331872398 132176871118528 coll_beg 0 0
1587051334356437 132176871118528 coll_end 0 0
1587051337896888 132176871118528 drain_beg 0 0
1587051337897258 132176871118528 drain_end 1 0
1587051337897518 132176871118528 subm_beg 1 0
1587051337900458 132176862725824 emit_beg 494 0
1587051341754147 132176871118528 subm_end 1 0
1587051341754577 132176871118528 pump_beg 1 0
1587051347599244 132176862725824 emit_end 494 0
1587051353867625 132176871118528 pump_end 1 2
1587051353868155 132176871118528 join_beg 1 0
1587051353868355 132176871118528 join_end 0 0
1587051355810034 132176871118528 coll_beg 0 0
1587051359137373 132176871118528 coll_end 0 0
1587051361713159 132176862725824 emit_beg 495 0
1587051369509764 132176862725824 emit_end 495 0
1587051386533333 132176871118528 drain_beg 0 0
1587051386535143 132176871118528 drain_end 1 0
1587051386535883 132176871118528 subm_beg 1 0
1587051392384229 132176871118528 subm_end 1 0
1587051392385819 132176871118528 pump_beg 1 0
1587051404449669 132176871118528 pump_end 1 2
1587051404450869 132176871118528 join_beg 1 0
1587051404451599 132176871118528 join_end 0 0
1587051406530043 132176871118528 coll_beg 0 0
1587051410412282 132176871118528 coll_end 0 0
1587051412366890 132176871118528 drain_beg 0 0
1587051412367530 132176871118528 drain_end 1 0
1587051412368020 132176871118528 subm_beg 1 0
1587051412389059 132176862725824 emit_beg 496 0
1587051414326979 132176871118528 subm_end 1 0
1587051414327609 132176871118528 pump_beg 1 0
1587051422257849 132176862725824 emit_end 496 0
1587051423598040 132176871118528 pump_end 1 2
1587051423598620 132176871118528 join_beg 1 0
1587051423599010 132176871118528 join_end 0 0
1587051425540769 132176871118528 coll_beg 0 0
1587051427271506 132176871118528 coll_end 0 0
1587051429388909 132176862725824 emit_beg 497 0
1587051437096088 132176862725824 emit_end 497 0
1587051456643544 132176871118528 drain_beg 0 0
1587051456645574 132176871118528 drain_end 1 0
1587051456646374 132176871118528 subm_beg 1 0
1587051462509920 132176871118528 subm_end 1 0
1587051462511620 132176871118528 pump_beg 1 0
1587051473116863 132176871118528 pump_end 1 2
1587051473118263 132176871118528 join_beg 1 0
1587051473118683 132176871118528 join_end 0 0
1587051475136139 132176871118528 coll_beg 0 0
1587051478248646 132176871118528 coll_end 0 0
1587051480257823 132176871118528 drain_beg 0 0
1587051480258403 132176871118528 drain_end 1 0
1587051480258923 132176871118528 subm_beg 1 0
1587051480281562 132176862725824 emit_beg 498 0
1587051482196232 132176871118528 subm_end 1 0
1587051482196622 132176871118528 pump_beg 1 0
1587051490023786 132176862725824 emit_end 498 0
1587051493468061 132176871118528 pump_end 1 2
1587051493468611 132176871118528 join_beg 1 0
1587051493468831 132176871118528 join_end 0 0
1587051495446688 132176871118528 coll_beg 0 0
1587051498922511 132176871118528 coll_end 0 0
1587051501034824 132176862725824 emit_beg 499 0
1587051508304099 132176862725824 emit_end 499 0
1587051524693351 132176871118528 drain_beg 0 0
1587051524695341 132176871118528 drain_end 1 0
1587051524696121 132176871118528 subm_beg 1 0
1587051530219699 132176871118528 subm_end 1 0
1587051530221319 132176871118528 pump_beg 1 0
1587051537698586 132176871118528 pump_end 1 2
1587051537699286 132176871118528 join_beg 1 0
1587051537699656 132176871118528 join_end 0 0
1587051539572138 132176871118528 coll_beg 0 0
1587051540017402 132176871118528 coll_end 0 0
1587051541875504 132176871118528 drain_beg 0 0
1587051541875934 132176871118528 drain_end 1 0
1587051541876194 132176871118528 subm_beg 1 0
1587051541897253 132176862725824 emit_beg 500 0
1587051543689218 132176871118528 subm_end 1 0
1587051543689588 132176871118528 pump_beg 1 0
1587051551222863 132176862725824 emit_end 500 0
1587051554475304 132176871118528 pump_end 1 2
1587051554475874 132176871118528 join_beg 1 0
1587051554476074 132176871118528 join_end 0 0
1587051557285902 132176871118528 coll_beg 0 0
1587051560395558 132176871118528 coll_end 0 0
1587051562872368 132176862725824 emit_beg 501 0
1587051570109834 132176862725824 emit_end 501 0
1587051584905854 132176871118528 drain_beg 0 0
1587051584907794 132176871118528 drain_end 1 0
1587051584908663 132176871118528 subm_beg 1 0
1587051590518419 132176871118528 subm_end 1 0
1587051590519969 132176871118528 pump_beg 1 0
1587051601693841 132176871118528 pump_end 1 2
1587051601696231 132176871118528 join_beg 1 0
1587051601697611 132176871118528 join_end 0 0
1587051603601501 132176871118528 coll_beg 0 0
1587051607046516 132176871118528 coll_end 0 0
1587051608948626 132176871118528 drain_beg 0 0
1587051608949396 132176871118528 drain_end 1 0
1587051608949876 132176871118528 subm_beg 1 0
1587051608970086 132176862725824 emit_beg 502 0
1587051610810308 132176871118528 subm_end 1 0
1587051610810698 132176871118528 pump_beg 1 0
1587051618332584 132176862725824 emit_end 502 0
1587051621276886 132176871118528 pump_end 1 2
1587051621277646 132176871118528 join_beg 1 0
1587051621277916 132176871118528 join_end 0 0
1587051624179160 132176871118528 coll_beg 0 0
1587051627172411 132176871118528 coll_end 0 0
1587051629949600 132176862725824 emit_beg 503 0
1587051639150294 132176862725824 emit_end 503 0
1587051653927115 132176871118528 drain_beg 0 0
1587051653929085 132176871118528 drain_end 1 0
1587051653929895 132176871118528 subm_beg 1 0
1587051659469913 132176871118528 subm_end 1 0
1587051659471603 132176871118528 pump_beg 1 0
1587051671400587 132176871118528 pump_end 1 2
1587051671402127 132176871118528 join_beg 1 0
1587051671403067 132176871118528 join_end 0 0
1587051673387275 132176871118528 coll_beg 0 0
1587051677126048 132176871118528 coll_end 0 0
1587051679032299 132176871118528 drain_beg 0 0
1587051679032939 132176871118528 drain_end 1 0
1587051679033429 132176871118528 subm_beg 1 0
1587051679053908 132176862725824 emit_beg 504 0
1587051680867962 132176871118528 subm_end 1 0
1587051680868342 132176871118528 pump_beg 1 0
1587051686553194 132176862725824 emit_end 504 0
1587051691653468 132176871118528 pump_end 1 2
1587051691654008 132176871118528 join_beg 1 0
1587051691654208 132176871118528 join_end 0 0
1587051694294562 132176871118528 coll_beg 0 0
1587051697308192 132176871118528 coll_end 0 0
1587051700328692 132176862725824 emit_beg 505 0
1587051707583047 132176862725824 emit_end 505 0
1587051724605056 132176871118528 drain_beg 0 0
1587051724607175 132176871118528 drain_end 1 0
1587051724607925 132176871118528 subm_beg 1 0
1587051730108395 132176871118528 subm_end 1 0
1587051730109325 132176871118528 pump_beg 1 0
1587051741879115 132176871118528 pump_end 1 2
1587051741880005 132176871118528 join_beg 1 0
1587051741880365 132176871118528 join_end 0 0
1587051743848513 132176871118528 coll_beg 0 0
1587051747900485 132176871118528 coll_end 0 0
1587051749795496 132176871118528 drain_beg 0 0
1587051749795956 132176871118528 drain_end 1 0
1587051749796266 132176871118528 subm_beg 1 0
1587051749817306 132176862725824 emit_beg 506 0
1587051751643249 132176871118528 subm_end 1 0
1587051751643659 132176871118528 pump_beg 1 0
1587051759150325 132176862725824 emit_end 506 0
1587051763349892 132176871118528 pump_end 1 2
1587051763350442 132176871118528 join_beg 1 0
1587051763350652 132176871118528 join_end 0 0
1587051765402517 132176871118528 coll_beg 0 0
1587051770205152 132176871118528 coll_end 0 0
1587051775351814 132176862725824 emit_beg 507 0
1587051782699716 132176862725824 emit_end 507 0
1587051800369101 132176871118528 drain_beg 0 0
1587051800373331 132176871118528 drain_end 1 0
1587051800374541 132176871118528 subm_beg 1 0
1587051804078415 132176871118528 subm_end 1 0
1587051804080885 132176871118528 pump_beg 1 0
1587051815776709 132176871118528 pump_end 1 2
1587051815779438 132176871118528 join_beg 1 0
1587051815780418 132176871118528 join_end 0 0
1587051818033696 132176871118528 coll_beg 0 0
1587051821893435 132176871118528 coll_end 0 0
1587051823800966 132176871118528 drain_beg 0 0
1587051823801786 132176871118528 drain_end 1 0
1587051823802466 132176871118528 subm_beg 1 0
1587051823824335 132176862725824 emit_beg 508 0
1587051825667498 132176871118528 subm_end 1 0
1587051825667847 132176871118528 pump_beg 1 0
1587051831194686 132176862725824 emit_end 508 0
1587051837187867 132176871118528 pump_end 1 2
1587051837188367 132176871118528 join_beg 1 0
1587051837188567 132176871118528 join_end 0 0
1587051839099717 132176871118528 coll_beg 0 0
1587051843074502 132176871118528 coll_end 0 0
1587051845152096 132176862725824 emit_beg 509 0
1587051854443137 132176862725824 emit_end 509 0
1587051870580029 132176871118528 drain_beg 0 0
1587051870581609 132176871118528 drain_end 1 0
1587051870582399 132176871118528 subm_beg 1 0
1587051874289083 132176871118528 subm_end 1 0
1587051874289523 132176871118528 pump_beg 1 0
1587051884903426 132176871118528 pump_end 1 2
1587051884903946 132176871118528 join_beg 1 0
1587051884904386 132176871118528 join_end 0 0
1587051886836445 132176871118528 coll_beg 0 0
1587051889732950 132176871118528 coll_end 0 0
1587051893076208 132176871118528 drain_beg 0 0
1587051893076857 132176871118528 drain_end 1 0
1587051893077467 132176871118528 subm_beg 1 0
1587051893097047 132176862725824 emit_beg 510 0
1587051894925470 132176871118528 subm_end 1 0
1587051894925860 132176871118528 pump_beg 1 0
1587051901828528 132176871118528 pump_end 1 2
1587051901828878 132176871118528 join_beg 1 0
1587051903229767 132176862725824 emit_end 510 0
1587051903235327 132176871118528 join_end 0 0
1587051905151357 132176871118528 coll_beg 0 0
1587051905168636 132176871118528 coll_end 0 0
1587051909038775 132176862725824 emit_beg 511 0
1587051916781503 132176862725824 emit_end 511 0
1587051934929490 132176871118528 drain_beg 0 0
1587051934931610 132176871118528 drain_end 1 0
1587051934932400 132176871118528 subm_beg 1 0
1587051940799176 132176871118528 subm_end 1 0
1587051940800926 132176871118528 pump_beg 1 0
1587051951213166 132176871118528 pump_end 1 2
1587051951213706 132176871118528 join_beg 1 0
1587051951214186 132176871118528 join_end 0 0
1587051953223873 132176871118528 coll_beg 0 0
1587051956128877 132176871118528 coll_end 0 0
1587051958134583 132176871118528 drain_beg 0 0
1587051958135263 132176871118528 drain_end 1 0
1587051958135813 132176871118528 subm_beg 1 0
1587051958157793 132176862725824 emit_beg 512 0
1587051960062813 132176871118528 subm_end 1 0
1587051960063173 132176871118528 pump_beg 1 0
1587051967971164 132176862725824 emit_end 512 0
1587051970377627 132176871118528 pump_end 1 2
1587051970378127 132176871118528 join_beg 1 0
1587051970378337 132176871118528 join_end 0 0
1587051973615688 132176871118528 coll_beg 0 0
1587051976885149 132176871118528 coll_end 0 0
1587051979510723 132176862725824 emit_beg 513 0
1587051987234742 132176862725824 emit_end 513 0
1587052004879048 132176871118528 drain_beg 0 0
1587052004881297 132176871118528 drain_end 1 0
1587052004882187 132176871118528 subm_beg 1 0
1587052010729694 132176871118528 subm_end 1 0
1587052010730694 132176871118528 pump_beg 1 0
1587052019070660 132176871118528 pump_end 1 2
1587052019072560 132176871118528 join_beg 1 0
1587052019073500 132176871118528 join_end 0 0
1587052021130374 132176871118528 coll_beg 0 0
1587052022914249 132176871118528 coll_end 0 0
1587052024898297 132176871118528 drain_beg 0 0
1587052024899967 132176871118528 drain_end 1 0
1587052024900777 132176871118528 subm_beg 1 0
1587052024917736 132176862725824 emit_beg 514 0
1587052028771846 132176871118528 subm_end 1 0
1587052028772496 132176871118528 pump_beg 1 0
1587052034671740 132176862725824 emit_end 514 0
1587052041624467 132176871118528 pump_end 1 2
1587052041625027 132176871118528 join_beg 1 0
1587052041625357 132176871118528 join_end 0 0
1587052044355547 132176871118528 coll_beg 0 0
1587052051404300 132176871118528 coll_end 0 0
1587052054549255 132176871118528 drain_beg 0 0
1587052054550165 132176862725824 emit_beg 515 0
1587052054550685 132176871118528 drain_end 1 0
1587052054551885 132176871118528 subm_beg 1 0
1587052058414434 132176871118528 subm_end 1 0
1587052058414974 132176871118528 pump_beg 1 0
1587052062494055 132176862725824 emit_end 515 0
1587052068588363 132176871118528 pump_end 1 2
1587052068590263 132176871118528 join_beg 1 0
1587052068590963 132176871118528 join_end 0 0
1587052070596799 132176871118528 coll_beg 0 0
1587052073116167 132176871118528 coll_end 0 0
1587052076565321 132176862725824 emit_beg 516 0
1587052084376377 132176862725824 emit_end 516 0
1587052101245741 132176871118528 drain_beg 0 0
1587052101246841 132176871118528 drain_end 1 0
1587052101247471 132176871118528 subm_beg 1 0
1587052105055742 132176871118528 subm_end 1 0
1587052105056202 132176871118528 pump_beg 1 0
1587052113935808 132176871118528 pump_end 1 2
1587052113936348 132176871118528 join_beg 1 0
1587052113936948 132176871118528 join_end 0 0
1587052116813813 132176871118528 coll_beg 0 0
1587052118274429 132176871118528 coll_end 0 0
1587052120231838 132176871118528 drain_beg 0 0
1587052120232468 132176871118528 drain_end 1 0
1587052120232928 132176871118528 subm_beg 1 0
1587052120239308 132176862725824 emit_beg 517 0
1587052122215136 132176871118528 subm_end 1 0
1587052122215586 132176871118528 pump_beg 1 0
1587052130062379 132176862725824 emit_end 517 0
1587052134266196 132176871118528 pump_end 1 2
1587052134266766 132176871118528 join_beg 1 0
1587052134267046 132176871118528 join_end 0 0
1587052138103556 132176871118528 coll_beg 0 0
1587052142396749 132176871118528 coll_end 0 0
1587052145940100 132176862725824 emit_beg 518 0
1587052151880943 132176862725824 emit_end 518 0
1587052172797540 132176871118528 drain_beg 0 0
1587052172801739 132176871118528 drain_end 1 0
1587052172803009 132176871118528 subm_beg 1 0
1587052176663959 132176871118528 subm_end 1 0
1587052176666258 132176871118528 pump_beg 1 0
1587052189197661 132176871118528 pump_end 1 2
1587052189202581 132176871118528 join_beg 1 0
1587052189203951 132176871118528 join_end 0 0
1587052191464098 132176871118528 coll_beg 0 0
1587052195566699 132176871118528 coll_end 0 0
1587052197793648 132176871118528 drain_beg 0 0
1587052197794228 132176871118528 drain_end 1 0
1587052197794718 132176871118528 subm_beg 1 0
1587052197815837 132176862725824 emit_beg 519 0
1587052199871352 132176871118528 subm_end 1 0
1587052199871802 132176871118528 pump_beg 1 0
1587052205987759 132176862725824 emit_end 519 0
1587052208409670 132176871118528 pump_end 1 2
1587052208410380 132176871118528 join_beg 1 0
1587052208410720 132176871118528 join_end 0 0
1587052210401357 132176871118528 coll_beg 0 0
1587052211808896 132176871118528 coll_end 0 0
1587052214593674 132176862725824 emit_beg 520 0
1587052222402139 132176862725824 emit_end 520 0
1587052241837220 132176871118528 drain_beg 0 0
1587052241839580 132176871118528 drain_end 1 0
1587052241840270 132176871118528 subm_beg 1 0
1587052245770727 132176871118528 subm_end 1 0
1587052245771617 132176871118528 pump_beg 1 0
1587052258014040 132176871118528 pump_end 1 2
1587052258014850 132176871118528 join_beg 1 0
1587052258015350 132176871118528 join_end 0 0
1587052260047856 132176871118528 coll_beg 0 0
1587052264860930 132176871118528 coll_end 0 0
1587052266893046 132176871118528 drain_beg 0 0
1587052266893816 132176871118528 drain_end 1 0
1587052266894436 132176871118528 subm_beg 1 0
1587052266914445 132176862725824 emit_beg 521 0
1587052268881353 132176871118528 subm_end 1 0
1587052268881823 132176871118528 pump_beg 1 0
1587052274993010 132176862725824 emit_end 521 0
1587052278354698 132176871118528 pump_end 1 2
1587052278355208 132176871118528 join_beg 1 0
1587052278355448 132176871118528 join_end 0 0
1587052280324736 132176871118528 coll_beg 0 0
1587052283663334 132176871118528 coll_end 0 0
1587052285728278 132176862725824 emit_beg 522 0
1587052293393689 132176862725824 emit_end 522 0
1587052314524878 132176871118528 drain_beg 0 0
1587052314527128 132176871118528 drain_end 1 0
1587052314528278 132176871118528 subm_beg 1 0
1587052320026637 132176871118528 subm_end 1 0
1587052320028177 132176871118528 pump_beg 1 0
1587052331723740 132176871118528 pump_end 1 2
1587052331724860 132176871118528 join_beg 1 0
1587052331725300 132176871118528 join_end 0 0
1587052333792325 132176871118528 coll_beg 0 0
1587052339760597 132176871118528 coll_end 0 0
1587052341926028 132176871118528 drain_beg 0 0
1587052341927058 132176871118528 drain_end 1 0
1587052341937027 132176871118528 subm_beg 1 0
1587052341949937 132176862725824 emit_beg 523 0
1587052345758138 132176871118528 subm_end 1 0
1587052345758518 132176871118528 pump_beg 1 0
1587052351497978 132176862725824 emit_end 523 0
1587052355957626 132176871118528 pump_end 1 2
1587052355958856 132176871118528 join_beg 1 0
1587052355959205 132176871118528 join_end 0 0
1587052358342279 132176871118528 coll_beg 0 0
1587052361245913 132176871118528 coll_end 0 0
1587052364699487 132176862725824 emit_beg 524 0
1587052373954229 132176862725824 emit_end 524 0
1587052388625614 132176871118528 drain_beg 0 0
1587052388626733 132176871118528 drain_end 1 0
1587052388627573 132176871118528 subm_beg 1 0
1587052392324979 132176871118528 subm_end 1 0
1587052392325478 132176871118528 pump_beg 1 0
1587052404448646 132176871118528 pump_end 1 2
1587052404449356 132176871118528 join_beg 1 0
1587052404449596 132176871118528 join_end 0 0
1587052406283999 132176871118528 coll_beg 0 0
1587052410554763 132176871118528 coll_end 0 0
1587052412435335 132176871118528 drain_beg 0 0
1587052412435945 132176871118528 drain_end 1 0
1587052412436275 132176871118528 subm_beg 1 0
1587052412455744 132176862725824 emit_beg 525 0
1587052414307496 132176871118528 subm_end 1 0
1587052414307936 132176871118528 pump_beg 1 0
1587052422130931 132176862725824 emit_end 525 0
1587052426037238 132176871118528 pump_end 1 2
1587052426038068 132176871118528 join_beg 1 0
1587052426038268 132176871118528 join_end 0 0
1587052428680522 132176871118528 coll_beg 0 0
1587052434223039 132176871118528 coll_end 0 0
1587052436876803 132176862725824 emit_beg 526 0
1587052444319311 132176862725824 emit_end 526 0
1587052461052550 132176871118528 drain_beg 0 0
1587052461054830 132176871118528 drain_end 1 0
1587052461055980 132176871118528 subm_beg 1 0
1587052466625657 132176871118528 subm_end 1 0
1587052466627217 132176871118528 pump_beg 1 0
1587052478172896 132176871118528 pump_end 1 2
1587052478173726 132176871118528 join_beg 1 0
1587052478174146 132176871118528 join_end 0 0
1587052480199192 132176871118528 coll_beg 0 0
1587052485981131 132176871118528 coll_end 0 0
1587052487985017 132176871118528 drain_beg 0 0
1587052487985557 132176871118528 drain_end 1 0
1587052487985997 132176871118528 subm_beg 1 0
1587052488008377 132176862725824 emit_beg 527 0
1587052489870419 132176871118528 subm_end 1 0
1587052489870819 132176871118528 pump_beg 1 0
1587052495905458 132176862725824 emit_end 527 0
1587052500631296 132176871118528 pump_end 1 2
1587052500632146 132176871118528 join_beg 1 0
1587052500632536 132176871118528 join_end 0 0
1587052503486642 132176871118528 coll_beg 0 0
1587052508424422 132176871118528 coll_end 0 0
1587052510851723 132176862725824 emit_beg 528 0
1587052518289922 132176862725824 emit_end 528 0
1587052532769203 132176871118528 drain_beg 0 0
1587052532769923 132176871118528 drain_end 1 0
1587052532770253 132176871118528 subm_beg 1 0
1587052536440229 132176871118528 subm_end 1 0
1587052536440639 132176871118528 pump_beg 1 0
1587052546046129 132176871118528 pump_end 1 2
1587052546046909 132176871118528 join_beg 1 0
1587052546047159 132176871118528 join_end 0 0
1587052547942010 132176871118528 coll_beg 0 0
1587052551327486 132176871118528 coll_end 0 0
1587052553243526 132176862725824 emit_beg 529 0
1587052555132077 132176871118528 drain_beg 0 0
1587052555134577 132176871118528 drain_end 1 0
1587052555135247 132176871118528 subm_beg 1 0
1587052560673555 132176871118528 subm_end 1 0
1587052560674155 132176871118528 pump_beg 1 0
1587052562625234 132176862725824 emit_end 529 0
1587052571565557 132176871118528 pump_end 1 2
1587052571566547 132176871118528 join_beg 1 0
1587052571566937 132176871118528 join_end 0 0
1587052573655691 132176871118528 coll_beg 0 0
1587052578419977 132176871118528 coll_end 0 0
1587052581396009 132176871118528 drain_beg 0 0
1587052581396689 132176871118528 drain_end 1 0
1587052581397349 132176871118528 subm_beg 1 0
1587052581415908 132176862725824 emit_beg 530 0
1587052585054255 132176871118528 subm_end 1 0
1587052585054765 132176871118528 pump_beg 1 0
1587052590795586 132176862725824 emit_end 530 0
1587052595938178 132176871118528 pump_end 1 2
1587052595943208 132176871118528 join_beg 1 0
1587052595944598 132176871118528 join_end 0 0
1587052597860548 132176871118528 coll_beg 0 0
1587052601797414 132176871118528 coll_end 0 0
1587052607281574 132176862725824 emit_beg 531 0
1587052614699333 132176862725824 emit_end 531 0
1587052630240876 132176871118528 drain_beg 0 0
1587052630244186 132176871118528 drain_end 1 0
1587052630245586 132176871118528 subm_beg 1 0
1587052633941541 132176871118528 subm_end 1 0
1587052633944061 132176871118528 pump_beg 1 0
1587052641506845 132176871118528 pump_end 1 2
1587052641508405 132176871118528 join_beg 1 0
1587052641509335 132176871118528 join_end 0 0
1587052643431225 132176871118528 coll_beg 0 0
1587052643952066 132176871118528 coll_end 0 0
1587052645926414 132176871118528 drain_beg 0 0
1587052645928464 132176871118528 drain_end 1 0
1587052645929654 132176871118528 subm_beg 1 0
1587052645944173 132176862725824 emit_beg 532 0
1587052648072985 132176871118528 subm_end 1 0
1587052648073605 132176871118528 pump_beg 1 0
1587052655566982 132176862725824 emit_end 532 0
1587052660334588 132176871118528 pump_end 1 2
1587052660335898 132176871118528 join_beg 1 0
1587052660336738 132176871118528 join_end 0 0
1587052663580059 132176871118528 coll_beg 0 0
1587052668694043 132176871118528 coll_end 0 0
1587052671328507 132176862725824 emit_beg 533 0
1587052678749606 132176862725824 emit_end 533 0
1587052680511462 132176871118528 drain_beg 0 0
1587052680513452 132176871118528 drain_end 1 0
1587052680514382 132176871118528 subm_beg 1 0
1587052682518848 132176871118528 subm_end 1 0
1587052682520678 132176871118528 pump_beg 1 0
1587052691535049 132176871118528 pump_end 1 2
1587052691535919 132176871118528 join_beg 1 0
1587052691536139 132176871118528 join_end 0 0
1587052694292989 132176871118528 coll_beg 0 0
1587052696684371 132176871118528 coll_end 0 0
1587052700105177 132176871118528 drain_beg 0 0
1587052700105777 132176871118528 drain_end 1 0
1587052700106147 132176871118528 subm_beg 1 0
1587052700126456 132176862725824 emit_beg 534 0
1587052703839930 132176871118528 subm_end 1 0
1587052703840450 132176871118528 pump_beg 1 0
1587052709963117 132176862725824 emit_end 534 0
1587052715511314 132176871118528 pump_end 1 2
1587052715512454 132176871118528 join_beg 1 0
1587052715512814 132176871118528 join_end 0 0
1587052719377353 132176871118528 coll_beg 0 0
1587052723579790 132176871118528 coll_end 0 0
1587052727111461 132176862725824 emit_beg 535 0
1587052729005002 132176871118528 drain_beg 0 0
1587052729005632 132176871118528 drain_end 1 0
1587052729006012 132176871118528 subm_beg 1 0
1587052734887037 132176871118528 subm_end 1 0
1587052734887427 132176871118528 pump_beg 1 0
1587052740818711 132176862725824 emit_end 535 0
1587052746460685 132176871118528 pump_end 1 2
1587052746462105 132176871118528 join_beg 1 0
1587052746463025 132176871118528 join_end 0 0
1587052750269156 132176871118528 coll_beg 0 0
1587052754130175 132176871118528 coll_end 0 0
1587052756120622 132176862725824 emit_beg 536 0
1587052764037883 132176862725824 emit_end 536 0
1587052779391113 132176871118528 drain_beg 0 0
1587052779392603 132176871118528 drain_end 1 0
1587052779393683 132176871118528 subm_beg 1 0
1587052783237953 132176871118528 subm_end 1 0
1587052783238533 132176871118528 pump_beg 1 0
1587052794483712 132176871118528 pump_end 1 2
1587052794487412 132176871118528 join_beg 1 0
1587052794488682 132176871118528 join_end 0 0
1587052796463540 132176871118528 coll_beg 0 0
1587052800062309 132176871118528 coll_end 0 0
1587052802010188 132176871118528 drain_beg 0 0
1587052802010898 132176871118528 drain_end 1 0
1587052802011338 132176871118528 subm_beg 1 0
1587052802031337 132176862725824 emit_beg 537 0
1587052803953307 132176871118528 subm_end 1 0
1587052803953787 132176871118528 pump_beg 1 0
1587052811808890 132176862725824 emit_end 537 0
1587052815186177 132176871118528 pump_end 1 2
1587052815186707 132176871118528 join_beg 1 0
1587052815186917 132176871118528 join_end 0 0
1587052817564950 132176871118528 coll_beg 0 0
1587052821924191 132176871118528 coll_end 0 0
1587052827427940 132176862725824 emit_beg 538 0
1587052835218016 132176862725824 emit_end 538 0
1587052852491766 132176871118528 drain_beg 0 0
1587052852494425 132176871118528 drain_end 1 0
1587052852495595 132176871118528 subm_beg 1 0
1587052856427092 132176871118528 subm_end 1 0
1587052856428722 132176871118528 pump_beg 1 0
1587052868252910 132176871118528 pump_end 1 2
1587052868255670 132176871118528 join_beg 1 0
1587052868256870 132176871118528 join_end 0 0
1587052870408772 132176871118528 coll_beg 0 0
1587052875413619 132176871118528 coll_end 0 0
1587052877626718 132176871118528 drain_beg 0 0
1587052877628918 132176871118528 drain_end 1 0
1587052877630068 132176871118528 subm_beg 1 0
1587052877645308 132176862725824 emit_beg 539 0
1587052879661864 132176871118528 subm_end 1 0
1587052879662534 132176871118528 pump_beg 1 0
1587052885737372 132176862725824 emit_end 539 0
1587052891342588 132176871118528 pump_end 1 2
1587052891343628 132176871118528 join_beg 1 0
1587052891344058 132176871118528 join_end 0 0
1587052894165745 132176871118528 coll_beg 0 0
1587052897929747 132176871118528 coll_end 0 0
1587052899971553 132176862725824 emit_beg 540 0
1587052909906740 132176862725824 emit_end 540 0
1587052925230141 132176871118528 drain_beg 0 0
1587052925231251 132176871118528 drain_end 1 0
1587052925231781 132176871118528 subm_beg 1 0
1587052929113199 132176871118528 subm_end 1 0
1587052929113659 132176871118528 pump_beg 1 0
1587052938455039 132176871118528 pump_end 1 2
1587052938455878 132176871118528 join_beg 1 0
1587052938456398 132176871118528 join_end 0 0
1587052940446636 132176871118528 coll_beg 0 0
1587052942689504 132176871118528 coll_end 0 0
1587052944592204 132176871118528 drain_beg 0 0
1587052944592654 132176871118528 drain_end 1 0
1587052944592964 132176871118528 subm_beg 1 0
1587052944614404 132176862725824 emit_beg 541 0
1587052946487335 132176871118528 subm_end 1 0
1587052946487905 132176871118528 pump_beg 1 0
1587052954461714 132176862725824 emit_end 541 0
1587052957507163 132176871118528 pump_end 1 2
1587052957508663 132176871118528 join_beg 1 0
1587052957509093 132176871118528 join_end 0 0
1587052960039421 132176871118528 coll_beg 0 0
1587052963440337 132176871118528 coll_end 0 0
1587052965958695 132176862725824 emit_beg 542 0
1587052975822775 132176862725824 emit_end 542 0
1587052991052739 132176871118528 drain_beg 0 0
1587052991053949 132176871118528 drain_end 1 0
1587052991054469 132176871118528 subm_beg 1 0
1587052994879439 132176871118528 subm_end 1 0
1587052994879929 132176871118528 pump_beg 1 0
1587053006384909 132176871118528 pump_end 1 2
1587053006385549 132176871118528 join_beg 1 0
1587053006385919 132176871118528 join_end 0 0
1587053008397936 132176871118528 coll_beg 0 0
1587053012275215 132176871118528 coll_end 0 0
1587053014229283 132176871118528 drain_beg 0 0
1587053014229793 132176871118528 drain_end 1 0
1587053014230223 132176871118528 subm_beg 1 0
1587053014251262 132176862725824 emit_beg 543 0
1587053016202151 132176871118528 subm_end 1 0
1587053016202531 132176871118528 pump_beg 1 0
1587053024036545 132176862725824 emit_end 543 0
1587053028017440 132176871118528 pump_end 1 2
1587053028017930 132176871118528 join_beg 1 0
1587053028018160 132176871118528 join_end 0 0
1587053030077385 132176871118528 coll_beg 0 0
1587053033814928 132176871118528 coll_end 0 0
1587053035963570 132176862725824 emit_beg 544 0
1587053043690688 132176862725824 emit_end 544 0
1587053061169210 132176871118528 drain_beg 0 0
1587053061171100 132176871118528 drain_end 1 0
1587053061172040 132176871118528 subm_beg 1 0
1587053066981408 132176871118528 subm_end 1 0
1587053066983098 132176871118528 pump_beg 1 0
1587053077163047 132176871118528 pump_end 1 2
1587053077165296 132176871118528 join_beg 1 0
1587053077166016 132176871118528 join_end 0 0
1587053079209732 132176871118528 coll_beg 0 0
1587053082132205 132176871118528 coll_end 0 0
1587053084084504 132176871118528 drain_beg 0 0
1587053084085424 132176871118528 drain_end 1 0
1587053084089464 132176871118528 subm_beg 1 0
1587053084105073 132176862725824 emit_beg 545 0
1587053086056212 132176871118528 subm_end 1 0
1587053086057212 132176871118528 pump_beg 1 0
1587053093809999 132176862725824 emit_end 545 0
1587053096247630 132176871118528 pump_end 1 2
1587053096248170 132176871118528 join_beg 1 0
1587053096248510 132176871118528 join_end 0 0
1587053099097786 132176871118528 coll_beg 0 0
1587053102239412 132176871118528 coll_end 0 0
1587053104888495 132176862725824 emit_beg 546 0
1587053112581494 132176862725824 emit_end 546 0
1587053129114161 132176871118528 drain_beg 0 0
1587053129116511 132176871118528 drain_end 1 0
1587053129117601 132176871118528 subm_beg 1 0
1587053132837545 132176871118528 subm_end 1 0
1587053132838205 132176871118528 pump_beg 1 0
1587053144214360 132176871118528 pump_end 1 2
1587053144214950 132176871118528 join_beg 1 0
1587053144215230 132176871118528 join_end 0 0
1587053146154429 132176871118528 coll_beg 0 0
1587053149891183 132176871118528 coll_end 0 0
1587053151755545 132176871118528 drain_beg 0 0
1587053151756295 132176871118528 drain_end 1 0
1587053151756784 132176871118528 subm_beg 1 0
1587053151758404 132176862725824 emit_beg 547 0
1587053153575858 132176871118528 subm_end 1 0
1587053153576258 132176871118528 pump_beg 1 0
1587053159109636 132176862725824 emit_end 547 0
1587053162535021 132176871118528 pump_end 1 2
1587053162535461 132176871118528 join_beg 1 0
1587053162535661 132176871118528 join_end 0 0
1587053164394193 132176871118528 coll_beg 0 0
1587053166389200 132176871118528 coll_end 0 0
1587053168295221 132176862725824 emit_beg 548 0
1587053175629063 132176862725824 emit_end 548 0
1587053194403468 132176871118528 drain_beg 0 0
1587053194404178 132176871118528 drain_end 1 0
1587053194404478 132176871118528 subm_beg 1 0
1587053197993187 132176871118528 subm_end 1 0
1587053197993647 132176871118528 pump_beg 1 0
1587053204876546 132176871118528 pump_end 1 2
1587053204876846 132176871118528 join_beg 1 0
1587053204877126 132176871118528 join_end 0 0
1587053206864003 132176871118528 coll_beg 0 0
1587053206987819 132176871118528 coll_end 0 0
1587053210682634 132176871118528 drain_beg 0 0
1587053210683194 132176871118528 drain_end 1 0
1587053210683634 132176871118528 subm_beg 1 0
1587053210685534 132176862725824 emit_beg 549 0
1587053212446370 132176871118528 subm_end 1 0
1587053212446820 132176871118528 pump_beg 1 0
1587053217937339 132176862725824 emit_end 549 0
1587053224536558 132176871118528 pump_end 1 2
1587053224537908 132176871118528 join_beg 1 0
1587053224538678 132176871118528 join_end 0 0
1587053227215931 132176871118528 coll_beg 0 0
1587053231304562 132176871118528 coll_end 0 0
1587053234723837 132176862725824 emit_beg 550 0
1587053242195624 132176862725824 emit_end 550 0
1587053243905122 132176871118528 drain_beg 0 0
1587053243906062 132176871118528 drain_end 1 0
1587053243906482 132176871118528 subm_beg 1 0
1587053245791703 132176871118528 subm_end 1 0
1587053245792853 132176871118528 pump_beg 1 0
1587053252732960 132176871118528 pump_end 1 2
1587053252734790 132176871118528 join_beg 1 0
1587053252735499 132176871118528 join_end 0 0
1587053257455277 132176871118528 coll_beg 0 0
1587053257549884 132176871118528 coll_end 0 0
1587053261128513 132176862725824 emit_beg 551 0
1587053268478135 132176862725824 emit_end 551 0
1587053281525469 132176871118528 drain_beg 0 0
1587053281527459 132176871118528 drain_end 1 0
1587053281528199 132176871118528 subm_beg 1 0
1587053285243633 132176871118528 subm_end 1 0
1587053285245253 132176871118528 pump_beg 1 0
1587053296114956 132176871118528 pump_end 1 2
1587053296117546 132176871118528 join_beg 1 0
1587053296118196 132176871118528 join_end 0 0
1587053298306096 132176871118528 coll_beg 0 0
1587053301181612 132176871118528 coll_end 0 0
1587053303046953 132176871118528 drain_beg 0 0
1587053303047693 132176871118528 drain_end 1 0
1587053303048163 132176871118528 subm_beg 1 0
1587053303065963 132176862725824 emit_beg 552 0
1587053304898606 132176871118528 subm_end 1 0
1587053304899016 132176871118528 pump_beg 1 0
1587053311059881 132176862725824 emit_end 552 0
1587053313088567 132176871118528 pump_end 1 2
1587053313089047 132176871118528 join_beg 1 0
1587053313089317 132176871118528 join_end 0 0
1587053314916770 132176871118528 coll_beg 0 0
1587053316090617 132176871118528 coll_end 0 0
1587053318672133 132176862725824 emit_beg 553 0
1587053326084553 132176862725824 emit_end 553 0
1587053343938811 132176871118528 drain_beg 0 0
1587053343940801 132176871118528 drain_end 1 0
1587053343941561 132176871118528 subm_beg 1 0
1587053349419331 132176871118528 subm_end 1 0
1587053349421001 132176871118528 pump_beg 1 0
1587053360765837 132176871118528 pump_end 1 2
1587053360766647 132176871118528 join_beg 1 0
1587053360767087 132176871118528 join_end 0 0
1587053362836932 132176871118528 coll_beg 0 0
1587053365472485 132176871118528 coll_end 0 0
1587053367385136 132176871118528 drain_beg 0 0
1587053367385826 132176871118528 drain_end 1 0
1587053367386295 132176871118528 subm_beg 1 0
1587053367406905 132176862725824 emit_beg 554 0
1587053369237038 132176871118528 subm_end 1 0
1587053369237418 132176871118528 pump_beg 1 0
1587053376680276 132176862725824 emit_end 554 0
1587053383722949 132176871118528 pump_end 1 2
1587053383723449 132176871118528 join_beg 1 0
1587053383723779 132176871118528 join_end 0 0
1587053386666322 132176871118528 coll_beg 0 0
1587053391883241 132176871118528 coll_end 0 0
1587053394287994 132176871118528 drain_beg 0 0
1587053394288424 132176871118528 drain_end 1 0
1587053394288814 132176871118528 subm_beg 1 0
1587053394309213 132176862725824 emit_beg 555 0
1587053397905632 132176871118528 subm_end 1 0
1587053397907552 132176871118528 pump_beg 1 0
1587053403414511 132176862725824 emit_end 555 0
1587053409560986 132176871118528 pump_end 1 2
1587053409561716 132176871118528 join_beg 1 0
1587053409562066 132176871118528 join_end 0 0
1587053411914350 132176871118528 coll_beg 0 0
1587053415955853 132176871118528 coll_end 0 0
1587053418554738 132176862725824 emit_beg 556 0
1587053426091453 132176862725824 emit_end 556 0
1587053443791957 132176871118528 drain_beg 0 0
1587053443793727 132176871118528 drain_end 1 0
1587053443794637 132176871118528 subm_beg 1 0
1587053449287697 132176871118528 subm_end 1 0
1587053449288637 132176871118528 pump_beg 1 0
1587053457846554 132176871118528 pump_end 1 2
1587053457847564 132176871118528 join_beg 1 0
1587053457847944 132176871118528 join_end 0 0
1587053459689457 132176871118528 coll_beg 0 0
1587053461249080 132176871118528 coll_end 0 0
1587053463129281 132176871118528 drain_beg 0 0
1587053463129801 132176871118528 drain_end 1 0
1587053463130061 132176871118528 subm_beg 1 0
1587053463150411 132176862725824 emit_beg 557 0
1587053464997193 132176871118528 subm_end 1 0
1587053464997573 132176871118528 pump_beg 1 0
1587053472375854 132176862725824 emit_end 557 0
1587053477241816 132176871118528 pump_end 1 2
1587053477242296 132176871118528 join_beg 1 0
1587053477242526 132176871118528 join_end 0 0
1587053480156840 132176871118528 coll_beg 0 0
1587053484317488 132176871118528 coll_end 0 0
1587053487469813 132176862725824 emit_beg 558 0
1587053489269118 132176871118528 drain_beg 0 0
1587053489269648 132176871118528 drain_end 1 0
1587053489269938 132176871118528 subm_beg 1 0
1587053494768697 132176871118528 subm_end 1 0
1587053494769027 132176871118528 pump_beg 1 0
1587053496746975 132176862725824 emit_end 558 0
1587053506857136 132176871118528 pump_end 1 2
1587053506859166 132176871118528 join_beg 1 0
1587053506859666 132176871118528 join_end 0 0
1587053509665563 132176871118528 coll_beg 0 0
1587053514274355 132176871118528 coll_end 0 0
1587053517519577 132176862725824 emit_beg 559 0
1587053525606722 132176862725824 emit_end 559 0
1587053541809530 132176871118528 drain_beg 0 0
1587053541811830 132176871118528 drain_end 1 0
1587053541813070 132176871118528 subm_beg 1 0
1587053547676676 132176871118528 subm_end 1 0
1587053547678286 132176871118528 pump_beg 1 0
1587053559380889 132176871118528 pump_end 1 2
1587053559382439 132176871118528 join_beg 1 0
1587053559383129 132176871118528 join_end 0 0
1587053561357597 132176871118528 coll_beg 0 0
1587053565175508 132176871118528 coll_end 0 0
1587053567189984 132176871118528 drain_beg 0 0
1587053567190584 132176871118528 drain_end 1 0
1587053567191244 132176871118528 subm_beg 1 0
1587053567216713 132176862725824 emit_beg 560 0
1587053569197991 132176871118528 subm_end 1 0
1587053569198421 132176871118528 pump_beg 1 0
1587053577206079 132176862725824 emit_end 560 0
1587053579321881 132176871118528 pump_end 1 2
1587053579322401 132176871118528 join_beg 1 0
1587053579322861 132176871118528 join_end 0 0
1587053583193080 132176871118528 coll_beg 0 0
1587053585963939 132176871118528 coll_end 0 0
1587053588955520 132176862725824 emit_beg 561 0
1587053598625497 132176862725824 emit_end 561 0
1587053613092819 132176871118528 drain_beg 0 0
1587053613093829 132176871118528 drain_end 1 0
1587053613094339 132176871118528 subm_beg 1 0
1587053617026145 132176871118528 subm_end 1 0
1587053617027785 132176871118528 pump_beg 1 0
1587053628701949 132176871118528 pump_end 1 2
1587053628704009 132176871118528 join_beg 1 0
1587053628704649 132176871118528 join_end 0 0
1587053630773314 132176871118528 coll_beg 0 0
1587053634716900 132176871118528 coll_end 0 0
1587053636732616 132176871118528 drain_beg 0 0
1587053636733146 132176871118528 drain_end 1 0
1587053636733526 132176871118528 subm_beg 1 0
1587053636754265 132176862725824 emit_beg 562 0
1587053638637577 132176871118528 subm_end 1 0
1587053638638027 132176871118528 pump_beg 1 0
1587053644827711 132176862725824 emit_end 562 0
1587053649849187 132176871118528 pump_end 1 2
1587053649849747 132176871118528 join_beg 1 0
1587053649850057 132176871118528 join_end 0 0
1587053653920449 132176871118528 coll_beg 0 0
1587053657601765 132176871118528 coll_end 0 0
1587053659767366 132176862725824 emit_beg 563 0
1587053667757024 132176862725824 emit_end 563 0
1587053684384187 132176871118528 drain_beg 0 0
1587053684386567 132176871118528 drain_end 1 0
1587053684387357 132176871118528 subm_beg 1 0
1587053688274865 132176871118528 subm_end 1 0
1587053688275675 132176871118528 pump_beg 1 0
1587053699099910 132176871118528 pump_end 1 2
1587053699103790 132176871118528 join_beg 1 0
1587053699104920 132176871118528 join_end 0 0
1587053701067009 132176871118528 coll_beg 0 0
1587053704233733 132176871118528 coll_end 0 0
1587053706196421 132176871118528 drain_beg 0 0
1587053706197051 132176871118528 drain_end 1 0
1587053706197631 132176871118528 subm_beg 1 0
1587053706216641 132176862725824 emit_beg 564 0
1587053708117751 132176871118528 subm_end 1 0
1587053708118141 132176871118528 pump_beg 1 0
1587053714040305 132176862725824 emit_end 564 0
1587053720617635 132176871118528 pump_end 1 2
1587053720618335 132176871118528 join_beg 1 0
1587053720618585 132176871118528 join_end 0 0
1587053722606282 132176871118528 coll_beg 0 0
1587053727665318 132176871118528 coll_end 0 0
1587053730340130 132176862725824 emit_beg 565 0
1587053738198003 132176862725824 emit_end 565 0
1587053754261777 132176871118528 drain_beg 0 0
1587053754263707 132176871118528 drain_end 1 0
1587053754264527 132176871118528 subm_beg 1 0
1587053760156512 132176871118528 subm_end 1 0
1587053760158102 132176871118528 pump_beg 1 0
1587053769677255 132176871118528 pump_end 1 2
1587053769678785 132176871118528 join_beg 1 0
1587053769679435 132176871118528 join_end 0 0
1587053771717660 132176871118528 coll_beg 0 0
1587053773868332 132176871118528 coll_end 0 0
1587053775854959 132176871118528 drain_beg 0 0
1587053775855419 132176871118528 drain_end 1 0
1587053775855719 132176871118528 subm_beg 1 0
1587053775876418 132176862725824 emit_beg 566 0
1587053777808448 132176871118528 subm_end 1 0
1587053777808868 132176871118528 pump_beg 1 0
1587053786073886 132176862725824 emit_end 566 0
1587053789168603 132176871118528 pump_end 1 2
1587053789169123 132176871118528 join_beg 1 0
1587053789169443 132176871118528 join_end 0 0
1587053791327215 132176871118528 coll_beg 0 0
1587053794943703 132176871118528 coll_end 0 0
1587053797255038 132176862725824 emit_beg 567 0
1587053805049274 132176862725824 emit_end 567 0
1587053822269075 132176871118528 drain_beg 0 0
1587053822274855 132176871118528 drain_end 1 0
1587053822275165 132176871118528 subm_beg 1 0
1587053826139534 132176871118528 subm_end 1 0
1587053826139944 132176871118528 pump_beg 1 0
1587053838177725 132176871118528 pump_end 1 2
1587053838178545 132176871118528 join_beg 1 0
1587053838178785 132176871118528 join_end 0 0
1587053840239160 132176871118528 coll_beg 0 0
1587053844337510 132176871118528 coll_end 0 0
1587053846369946 132176871118528 drain_beg 0 0
1587053846370456 132176871118528 drain_end 1 0
1587053846370716 132176871118528 subm_beg 1 0
1587053846391685 132176862725824 emit_beg 568 0
1587053848299695 132176871118528 subm_end 1 0
1587053848300075 132176871118528 pump_beg 1 0
1587053856426389 132176862725824 emit_end 568 0
1587053859538915 132176871118528 pump_end 1 2
1587053859539455 132176871118528 join_beg 1 0
1587053859539645 132176871118528 join_end 0 0
1587053862616643 132176871118528 coll_beg 0 0
1587053866639156 132176871118528 coll_end 0 0
1587053870362070 132176862725824 emit_beg 569 0
1587053878169685 132176862725824 emit_end 569 0
1587053894199350 132176871118528 drain_beg 0 0
1587053894202370 132176871118528 drain_end 1 0
1587053894203310 132176871118528 subm_beg 1 0
1587053898060200 132176871118528 subm_end 1 0
1587053898060839 132176871118528 pump_beg 1 0
1587053910061032 132176871118528 pump_end 1 2
1587053910062581 132176871118528 join_beg 1 0
1587053910063281 132176871118528 join_end 0 0
1587053912166965 132176871118528 coll_beg 0 0
1587053916847204 132176871118528 coll_end 0 0
1587053918903039 132176871118528 drain_beg 0 0
1587053918903889 132176871118528 drain_end 1 0
1587053918904519 132176871118528 subm_beg 1 0
1587053918922508 132176862725824 emit_beg 570 0
1587053920899576 132176871118528 subm_end 1 0
1587053920899986 132176871118528 pump_beg 1 0
1587053927152128 132176862725824 emit_end 570 0
1587053932032040 132176871118528 pump_end 1 2
1587053932033590 132176871118528 join_beg 1 0
1587053932033860 132176871118528 join_end 0 0
1587053934926014 132176871118528 coll_beg 0 0
1587053938627649 132176871118528 coll_end 0 0
1587053940581598 132176862725824 emit_beg 571 0
1587053948020226 132176862725824 emit_end 571 0
1587053964689528 132176871118528 drain_beg 0 0
1587053964690358 132176871118528 drain_end 1 0
1587053964690998 132176871118528 subm_beg 1 0
1587053968301706 132176871118528 subm_end 1 0
1587053968302106 132176871118528 pump_beg 1 0
1587053978553052 132176871118528 pump_end 1 2
1587053978553752 132176871118528 join_beg 1 0
1587053978554192 132176871118528 join_end 0 0
1587053980416844 132176871118528 coll_beg 0 0
1587053983344157 132176871118528 coll_end 0 0
1587053985212369 132176871118528 drain_beg 0 0
1587053985212979 132176871118528 drain_end 1 0
1587053985213489 132176871118528 subm_beg 1 0
1587053985235218 132176862725824 emit_beg 572 0
1587053987065031 132176871118528 subm_end 1 0
1587053987065451 132176871118528 pump_beg 1 0
1587053994443052 132176862725824 emit_end 572 0
1587053999087073 132176871118528 pump_end 1 2
1587053999087673 132176871118528 join_beg 1 0
1587053999087983 132176871118528 join_end 0 0
1587054007691409 132176871118528 coll_beg 0 0
1587054011804549 132176871118528 coll_end 0 0
1587054018252153 132176862725824 emit_beg 573 0
1587054040293609 132176862725824 emit_end 573 0
1587054084489086 132176871118528 drain_beg 0 0
1587054084491286 132176871118528 drain_end 1 0
1587054084492176 132176871118528 subm_beg 1 0
1587054089251522 132176871118528 subm_end 1 0
1587054089253382 132176871118528 pump_beg 1 0
1587054101179517 132176871118528 pump_end 1 2
1587054101184827 132176871118528 join_beg 1 0
1587054101186267 132176871118528 join_end 0 0
1587054103757973 132176871118528 coll_beg 0 0
1587054109393417 132176871118528 coll_end 0 0
1587054112438006 132176871118528 drain_beg 0 0
1587054112441256 132176871118528 drain_end 1 0
1587054112442626 132176871118528 subm_beg 1 0
1587054112456246 132176862725824 emit_beg 574 0
1587054115322961 132176871118528 subm_end 1 0
1587054115325061 132176871118528 pump_beg 1 0
1587054126158106 132176862725824 emit_end 574 0
1587054127097671 132176871118528 pump_end 1 2
1587054127099561 132176871118528 join_beg 1 0
1587054127100071 132176871118528 join_end 0 0
1587054130927911 132176871118528 coll_beg 0 0
1587054135060081 132176871118528 coll_end 0 0
1587054137534470 132176862725824 emit_beg 575 0
1587054149897699 132176862725824 emit_end 575 0
1587054182828487 132176871118528 drain_beg 0 0
1587054182830897 132176871118528 drain_end 1 0
1587054182831467 132176871118528 subm_beg 1 0
1587054187223807 132176871118528 subm_end 1 0
1587054187227797 132176871118528 pump_beg 1 0
1587054199590316 132176871118528 pump_end 1 2
1587054199592496 132176871118528 join_beg 1 0
1587054199594396 132176871118528 join_end 0 0
1587054202613785 132176871118528 coll_beg 0 0
1587054205939674 132176871118528 coll_end 0 0
1587054209054780 132176871118528 drain_beg 0 0
1587054209055620 132176871118528 drain_end 1 0
1587054209056230 132176871118528 subm_beg 1 0
1587054209075770 132176862725824 emit_beg 576 0
1587054215578902 132176871118528 subm_end 1 0
1587054215579332 132176871118528 pump_beg 1 0
1587054224709529 132176862725824 emit_end 576 0
1587054228713793 132176871118528 pump_end 1 2
1587054228714713 132176871118528 join_beg 1 0
1587054228715123 132176871118528 join_end 0 0
1587054235540834 132176871118528 coll_beg 0 0
1587054240731804 132176871118528 coll_end 0 0
1587054245071506 132176862725824 emit_beg 577 0
1587054256568206 132176862725824 emit_end 577 0
1587054281812535 132176871118528 drain_beg 0 0
1587054281816665 132176871118528 drain_end 1 0
1587054281818035 132176871118528 subm_beg 1 0
1587054288256320 132176871118528 subm_end 1 0
1587054288256820 132176871118528 pump_beg 1 0
1587054299084585 132176871118528 pump_end 1 2
1587054299087525 132176871118528 join_beg 1 0
1587054299088795 132176871118528 join_end 0 0
1587054302723102 132176871118528 coll_beg 0 0
1587054306222494 132176871118528 coll_end 0 0
1587054309422008 132176871118528 drain_beg 0 0
1587054309423038 132176871118528 drain_end 1 0
1587054309423698 132176871118528 subm_beg 1 0
1587054309442577 132176862725824 emit_beg 578 0
1587054313297036 132176871118528 subm_end 1 0
1587054313297436 132176871118528 pump_beg 1 0
1587054324498417 132176862725824 emit_end 578 0
1587054325109365 132176871118528 pump_end 1 2
1587054325110125 132176871118528 join_beg 1 0
1587054325110375 132176871118528 join_end 0 0
1587054331168114 132176871118528 coll_beg 0 0
1587054335839994 132176871118528 coll_end 0 0
1587054339596897 132176862725824 emit_beg 579 0
1587054356182221 132176862725824 emit_end 579 0
1587054381708210 132176871118528 drain_beg 0 0
1587054381709170 132176871118528 drain_end 1 0
1587054381709720 132176871118528 subm_beg 1 0
1587054386338761 132176871118528 subm_end 1 0
1587054386339291 132176871118528 pump_beg 1 0
1587054397242083 132176871118528 pump_end 1 2
1587054397244623 132176871118528 join_beg 1 0
1587054397245453 132176871118528 join_end 0 0
1587054400635199 132176871118528 coll_beg 0 0
1587054403722946 132176871118528 coll_end 0 0
1587054406727737 132176871118528 drain_beg 0 0
1587054406728377 132176871118528 drain_end 1 0
1587054406728957 132176871118528 subm_beg 1 0
1587054406750386 132176862725824 emit_beg 580 0
1587054409854393 132176871118528 subm_end 1 0
1587054409854782 132176871118528 pump_beg 1 0
1587054418749848 132176862725824 emit_end 580 0
1587054421746289 132176871118528 pump_end 1 2
1587054421748509 132176871118528 join_beg 1 0
1587054421749739 132176871118528 join_end 0 0
1587054424847935 132176871118528 coll_beg 0 0
1587054428109406 132176871118528 coll_end 0 0
1587054431566460 132176862725824 emit_beg 581 0
1587054445142265 132176862725824 emit_end 581 0
1587054480204405 132176871118528 drain_beg 0 0
1587054480206835 132176871118528 drain_end 1 0
1587054480207545 132176871118528 subm_beg 1 0
1587054489047313 132176871118528 subm_end 1 0
1587054489049093 132176871118528 pump_beg 1 0
1587054501067934 132176871118528 pump_end 1 2
1587054501071814 132176871118528 join_beg 1 0
1587054501074064 132176871118528 join_end 0 0
1587054504390813 132176871118528 coll_beg 0 0
1587054507697042 132176871118528 coll_end 0 0
1587054510723552 132176871118528 drain_beg 0 0
1587054510724501 132176871118528 drain_end 1 0
1587054510725241 132176871118528 subm_beg 1 0
1587054510745261 132176862725824 emit_beg 582 0
1587054513395444 132176871118528 subm_end 1 0
1587054513395854 132176871118528 pump_beg 1 0
1587054522364717 132176862725824 emit_end 582 0
1587054525020810 132176871118528 pump_end 1 2
1587054525022590 132176871118528 join_beg 1 0
1587054525023800 132176871118528 join_end 0 0
1587054528705845 132176871118528 coll_beg 0 0
1587054531813452 132176871118528 coll_end 0 0
1587054534874450 132176862725824 emit_beg 583 0
1587054547435352 132176862725824 emit_end 583 0
1587054580566103 132176871118528 drain_beg 0 0
1587054580568653 132176871118528 drain_end 1 0
1587054580569463 132176871118528 subm_beg 1 0
1587054588099688 132176871118528 subm_end 1 0
1587054588100518 132176871118528 pump_beg 1 0
1587054599673685 132176871118528 pump_end 1 2
1587054599674445 132176871118528 join_beg 1 0
1587054599675045 132176871118528 join_end 0 0
1587054603069572 132176871118528 coll_beg 0 0
1587054606490977 132176871118528 coll_end 0 0
1587054610456002 132176871118528 drain_beg 0 0
1587054610456742 132176871118528 drain_end 1 0
1587054610457182 132176871118528 subm_beg 1 0
1587054610477421 132176862725824 emit_beg 584 0
1587054614061250 132176871118528 subm_end 1 0
1587054614061880 132176871118528 pump_beg 1 0
1587054622616358 132176871118528 pump_end 1 2
1587054622616958 132176871118528 join_beg 1 0
1587054627676374 132176862725824 emit_end 584 0
1587054627684763 132176871118528 join_end 0 0
1587054629851954 132176871118528 coll_beg 0 0
1587054631033711 132176871118528 coll_end 0 0
1587054634492985 132176862725824 emit_beg 585 0
1587054645341499 132176862725824 emit_end 585 0
1587054664636485 132176871118528 drain_beg 0 0
1587054664638285 132176871118528 drain_end 1 0
1587054664639435 132176871118528 subm_beg 1 0
1587054671134518 132176871118528 subm_end 1 0
1587054671136378 132176871118528 pump_beg 1 0
1587054684290148 132176871118528 pump_end 1 2
1587054684292308 132176871118528 join_beg 1 0
1587054684292818 132176871118528 join_end 0 0
1587054687848918 132176871118528 coll_beg 0 0
1587054692479059 132176871118528 coll_end 0 0
1587054696264941 132176871118528 drain_beg 0 0
1587054696266211 132176871118528 drain_end 1 0
1587054696267181 132176871118528 subm_beg 1 0
1587054696286340 132176862725824 emit_beg 586 0
1587054699985825 132176871118528 subm_end 1 0
1587054699986335 132176871118528 pump_beg 1 0
1587054711067410 132176862725824 emit_end 586 0
1587054711602851 132176871118528 pump_end 1 2
1587054711603751 132176871118528 join_beg 1 0
1587054711604331 132176871118528 join_end 0 0
1587054718177771 132176871118528 coll_beg 0 0
1587054721069545 132176871118528 coll_end 0 0
1587054725759384 132176862725824 emit_beg 587 0
1587054739392727 132176862725824 emit_end 587 0
1587054766818536 132176871118528 drain_beg 0 0
1587054766819916 132176871118528 drain_end 1 0
1587054766820346 132176871118528 subm_beg 1 0
1587054770652746 132176871118528 subm_end 1 0
1587054770653276 132176871118528 pump_beg 1 0
1587054782263152 132176871118528 pump_end 1 2
1587054782263752 132176871118528 join_beg 1 0
1587054782264432 132176871118528 join_end 0 0
1587054784215501 132176871118528 coll_beg 0 0
1587054788333981 132176871118528 coll_end 0 0
1587054790413715 132176871118528 drain_beg 0 0
1587054790414705 132176871118528 drain_end 1 0
1587054790415185 132176871118528 subm_beg 1 0
1587054790418085 132176862725824 emit_beg 588 0
1587054792414412 132176871118528 subm_end 1 0
1587054792414992 132176871118528 pump_beg 1 0
1587054800251576 132176862725824 emit_end 588 0
1587054801334936 132176871118528 pump_end 1 2
1587054801335736 132176871118528 join_beg 1 0
1587054801336196 132176871118528 join_end 0 0
1587054803231687 132176871118528 coll_beg 0 0
1587054805346780 132176871118528 coll_end 0 0
1587054807350827 132176862725824 emit_beg 589 0
1587054811276223 132176862725824 emit_end 589 0
1587054835313286 132176871118528 drain_beg 0 0
1587054835321556 132176871118528 drain_end 1 0
1587054835322246 132176871118528 subm_beg 1 0
1587054839199964 132176871118528 subm_end 1 0
1587054839200404 132176871118528 pump_beg 1 0
1587054848634600 132176871118528 pump_end 1 2
1587054848636250 132176871118528 join_beg 1 0
1587054848636870 132176871118528 join_end 0 0
1587054850566490 132176871118528 coll_beg 0 0
1587054852281517 132176871118528 coll_end 0 0
1587054854213227 132176871118528 drain_beg 0 0
1587054854213726 132176871118528 drain_end 1 0
1587054854214106 132176871118528 subm_beg 1 0
1587054854219366 132176862725824 emit_beg 590 0
1587054856143876 132176871118528 subm_end 1 0
1587054856144426 132176871118528 pump_beg 1 0
1587054861978033 132176862725824 emit_end 590 0
1587054868244534 132176871118528 pump_end 1 2
1587054868245334 132176871118528 join_beg 1 0
1587054868245774 132176871118528 join_end 0 0
1587054871360681 132176871118528 coll_beg 0 0
1587054874558024 132176871118528 coll_end 0 0
1587054877149699 132176862725824 emit_beg 591 0
1587054884944195 132176862725824 emit_end 591 0
1587054900045584 132176871118528 drain_beg 0 0
1587054900048244 132176871118528 drain_end 1 0
1587054900048904 132176871118528 subm_beg 1 0
1587054903964001 132176871118528 subm_end 1 0
1587054903964611 132176871118528 pump_beg 1 0
1587054915860987 132176871118528 pump_end 1 2
1587054915862937 132176871118528 join_beg 1 0
1587054915863857 132176871118528 join_end 0 0
1587054917800956 132176871118528 coll_beg 0 0
1587054920936362 132176871118528 coll_end 0 0
1587054922922109 132176871118528 drain_beg 0 0
1587054922922829 132176871118528 drain_end 1 0
1587054922923359 132176871118528 subm_beg 1 0
1587054922925749 132176862725824 emit_beg 592 0
1587054924784051 132176871118528 subm_end 1 0
1587054924784631 132176871118528 pump_beg 1 0
1587054932612096 132176862725824 emit_end 592 0
1587054937343913 132176871118528 pump_end 1 2
1587054937344823 132176871118528 join_beg 1 0
1587054937345263 132176871118528 join_end 0 0
1587054939532303 132176871118528 coll_beg 0 0
1587054943903854 132176871118528 coll_end 0 0
1587054949400943 132176862725824 emit_beg 593 0
1587054957164590 132176862725824 emit_end 593 0
1587054974280975 132176871118528 drain_beg 0 0
1587054974283355 132176871118528 drain_end 1 0
1587054974283835 132176871118528 subm_beg 1 0
1587054978126525 132176871118528 subm_end 1 0
1587054978127255 132176871118528 pump_beg 1 0
1587054988685429 132176871118528 pump_end 1 2
1587054988686089 132176871118528 join_beg 1 0
1587054988686749 132176871118528 join_end 0 0
1587054990657987 132176871118528 coll_beg 0 0
1587054993068569 132176871118528 coll_end 0 0
1587054995074836 132176871118528 drain_beg 0 0
1587054995075386 132176871118528 drain_end 1 0
1587054995075796 132176871118528 subm_beg 1 0
1587054995097195 132176862725824 emit_beg 594 0
1587054996975507 132176871118528 subm_end 1 0
1587054996975997 132176871118528 pump_beg 1 0
1587055004701455 132176862725824 emit_end 594 0
1587055005198947 132176871118528 pump_end 1 2
1587055005203516 132176871118528 join_beg 1 0
1587055005204146 132176871118528 join_end 0 0
1587055007124586 132176871118528 coll_beg 0 0
1587055008302453 132176871118528 coll_end 0 0
1587055010797502 132176862725824 emit_beg 595 0
1587055016414597 132176862725824 emit_end 595 0
1587055036810313 132176871118528 drain_beg 0 0
1587055036811823 132176871118528 drain_end 1 0
1587055036812873 132176871118528 subm_beg 1 0
1587055040389172 132176871118528 subm_end 1 0
1587055040389652 132176871118528 pump_beg 1 0
1587055052032457 132176871118528 pump_end 1 2
1587055052036697 132176871118528 join_beg 1 0
1587055052038717 132176871118528 join_end 0 0
1587055054101162 132176871118528 coll_beg 0 0
1587055057930762 132176871118528 coll_end 0 0
1587055059838223 132176871118528 drain_beg 0 0
1587055059839153 132176871118528 drain_end 1 0
1587055059840053 132176871118528 subm_beg 1 0
1587055059859862 132176862725824 emit_beg 596 0
1587055061642387 132176871118528 subm_end 1 0
1587055061642787 132176871118528 pump_beg 1 0
1587055069044627 132176862725824 emit_end 596 0
1587055073368769 132176871118528 pump_end 1 2
1587055073373729 132176871118528 join_beg 1 0
1587055073375589 132176871118528 join_end 0 0
1587055075732103 132176871118528 coll_beg 0 0
1587055079072371 132176871118528 coll_end 0 0
1587055081427555 132176862725824 emit_beg 597 0
1587055088685180 132176862725824 emit_end 597 0
1587055105614992 132176871118528 drain_beg 0 0
1587055105615692 132176871118528 drain_end 1 0
1587055105616102 132176871118528 subm_beg 1 0
1587055109227530 132176871118528 subm_end 1 0
1587055109228030 132176871118528 pump_beg 1 0
1587055120294546 132176871118528 pump_end 1 2
1587055120297906 132176871118528 join_beg 1 0
1587055120299406 132176871118528 join_end 0 0
1587055122248365 132176871118528 coll_beg 0 0
1587055125450358 132176871118528 coll_end 0 0
1587055127411677 132176871118528 drain_beg 0 0
1587055127414427 132176871118528 drain_end 1 0
1587055127415827 132176871118528 subm_beg 1 0
1587055127430206 132176862725824 emit_beg 598 0
1587055129355936 132176871118528 subm_end 1 0
1587055129356436 132176871118528 pump_beg 1 0
1587055134851055 132176862725824 emit_end 598 0
1587055139734577 132176871118528 pump_end 1 2
1587055139735487 132176871118528 join_beg 1 0
1587055139736127 132176871118528 join_end 0 0
1587055141657797 132176871118528 coll_beg 0 0
1587055144146876 132176871118528 coll_end 0 0
1587055147193425 132176862725824 emit_beg 599 0
1587055154608774 132176862725824 emit_end 599 0
1587055169703113 132176871118528 drain_beg 0 0
1587055169704083 132176871118528 drain_end 1 0
1587055169704443 132176871118528 subm_beg 1 0
1587055175036989 132176871118528 subm_end 1 0
1587055175038499 132176871118528 pump_beg 1 0
1587055186702613 132176871118528 pump_end 1 2
1587055186704433 132176871118528 join_beg 1 0
1587055186706003 132176871118528 join_end 0 0
1587055188538386 132176871118528 coll_beg 0 0
1587055191841135 132176871118528 coll_end 0 0
1587055193640320 132176871118528 drain_beg 0 0
1587055193640860 132176871118528 drain_end 1 0
1587055193641300 132176871118528 subm_beg 1 0
1587055194220809 132176862725824 emit_beg 600 0
1587055197581656 132176871118528 subm_end 1 0
1587055197582256 132176871118528 pump_beg 1 0
1587055203283188 132176862725824 emit_end 600 0
1587055209784261 132176871118528 pump_end 1 2
1587055209785241 132176871118528 join_beg 1 0
1587055209785831 132176871118528 join_end 0 0
1587055211599934 132176871118528 coll_beg 0 0
1587055215860509 132176871118528 coll_end 0 0
1587055218787382 132176862725824 emit_beg 601 0
1587055226124234 132176862725824 emit_end 601 0
1587055240540458 132176871118528 drain_beg 0 0
1587055240542448 132176871118528 drain_end 1 0
1587055240543088 132176871118528 subm_beg 1 0
1587055244160746 132176871118528 subm_end 1 0
1587055244161646 132176871118528 pump_beg 1 0
1587055253526574 132176871118528 pump_end 1 2
1587055253537904 132176871118528 join_beg 1 0
1587055253540614 132176871118528 join_end 0 0
1587055255605569 132176871118528 coll_beg 0 0
1587055257819098 132176871118528 coll_end 0 0
1587055259735638 132176871118528 drain_beg 0 0
1587055259736848 132176871118528 drain_end 1 0
1587055259738108 132176871118528 subm_beg 1 0
1587055259747757 132176862725824 emit_beg 602 0
1587055261570201 132176871118528 subm_end 1 0
1587055261570751 132176871118528 pump_beg 1 0
1587055267170846 132176862725824 emit_end 602 0
1587055272513851 132176871118528 pump_end 1 2
1587055272514751 132176871118528 join_beg 1 0
1587055272515241 132176871118528 join_end 0 0
1587055274506869 132176871118528 coll_beg 0 0
1587055277853607 132176871118528 coll_end 0 0
1587055280030857 132176862725824 emit_beg 603 0
1587055287249904 132176862725824 emit_end 603 0
1587055304110738 132176871118528 drain_beg 0 0
1587055304111478 132176871118528 drain_end 1 0
1587055304111988 132176871118528 subm_beg 1 0
1587055307785134 132176871118528 subm_end 1 0
1587055307785554 132176871118528 pump_beg 1 0
1587055319632932 132176871118528 pump_end 1 2
1587055319633632 132176871118528 join_beg 1 0
1587055319633972 132176871118528 join_end 0 0
1587055321683117 132176871118528 coll_beg 0 0
1587055325693481 132176871118528 coll_end 0 0
1587055327575632 132176871118528 drain_beg 0 0
1587055327576332 132176871118528 drain_end 1 0
1587055327576952 132176871118528 subm_beg 1 0
1587055327580562 132176862725824 emit_beg 604 0
1587055329457513 132176871118528 subm_end 1 0
1587055329458013 132176871118528 pump_beg 1 0
1587055334983182 132176862725824 emit_end 604 0
1587055341153847 132176871118528 pump_end 1 2
1587055341156836 132176871118528 join_beg 1 0
1587055341157846 132176871118528 join_end 0 0
1587055343083436 132176871118528 coll_beg 0 0
1587055347406868 132176871118528 coll_end 0 0
1587055350402619 132176862725824 emit_beg 605 0
1587055357804899 132176862725824 emit_end 605 0
1587055372884879 132176871118528 drain_beg 0 0
1587055372887009 132176871118528 drain_end 1 0
1587055372888149 132176871118528 subm_beg 1 0
1587055378413797 132176871118528 subm_end 1 0
1587055378415507 132176871118528 pump_beg 1 0
1587055388993341 132176871118528 pump_end 1 2
1587055388996781 132176871118528 join_beg 1 0
1587055388998601 132176871118528 join_end 0 0
1587055391809428 132176871118528 coll_beg 0 0
1587055396070503 132176871118528 coll_end 0 0
1587055398012792 132176871118528 drain_beg 0 0
1587055398013492 132176871118528 drain_end 1 0
1587055398013952 132176871118528 subm_beg 1 0
1587055398034391 132176862725824 emit_beg 606 0
1587055399841225 132176871118528 subm_end 1 0
1587055399841755 132176871118528 pump_beg 1 0
1587055407667589 132176862725824 emit_end 606 0
1587055408144942 132176871118528 pump_end 1 2
1587055408145552 132176871118528 join_beg 1 0
1587055408145912 132176871118528 join_end 0 0
1587055410080411 132176871118528 coll_beg 0 0
1587055412184095 132176871118528 coll_end 0 0
1587055414177822 132176862725824 emit_beg 607 0
1587055421916119 132176862725824 emit_end 607 0
1587055441248514 132176871118528 drain_beg 0 0
1587055441249994 132176871118528 drain_end 1 0
1587055441250644 132176871118528 subm_beg 1 0
1587055447035973 132176871118528 subm_end 1 0
1587055447037203 132176871118528 pump_beg 1 0
1587055457312938 132176871118528 pump_end 1 2
1587055457316677 132176871118528 join_beg 1 0
1587055457317947 132176871118528 join_end 0 0
1587055459383642 132176871118528 coll_beg 0 0
1587055462168230 132176871118528 coll_end 0 0
1587055464236995 132176871118528 drain_beg 0 0
1587055464237925 132176871118528 drain_end 1 0
1587055464238595 132176871118528 subm_beg 1 0
1587055464258164 132176862725824 emit_beg 608 0
1587055466204923 132176871118528 subm_end 1 0
1587055466205343 132176871118528 pump_beg 1 0
1587055474186612 132176862725824 emit_end 608 0
1587055478463286 132176871118528 pump_end 1 2
1587055478463866 132176871118528 join_beg 1 0
1587055478464186 132176871118528 join_end 0 0
1587055480491822 132176871118528 coll_beg 0 0
1587055485123973 132176871118528 coll_end 0 0
1587055488283487 132176862725824 emit_beg 609 0
1587055495958567 132176862725824 emit_end 609 0
1587055512230783 132176871118528 drain_beg 0 0
1587055512232263 132176871118528 drain_end 1 0
1587055512232773 132176871118528 subm_beg 1 0
1587055516078553 132176871118528 subm_end 1 0
1587055516079023 132176871118528 pump_beg 1 0
1587055527638231 132176871118528 pump_end 1 2
1587055527640401 132176871118528 join_beg 1 0
1587055527641491 132176871118528 join_end 0 0
1587055529706856 132176871118528 coll_beg 0 0
1587055535402778 132176871118528 coll_end 0 0
1587055537506871 132176871118528 drain_beg 0 0
1587055537507351 132176871118528 drain_end 1 0
1587055537507641 132176871118528 subm_beg 1 0
1587055537529270 132176862725824 emit_beg 610 0
1587055539418791 132176871118528 subm_end 1 0
1587055539419261 132176871118528 pump_beg 1 0
1587055547338482 132176862725824 emit_end 610 0
1587055548114164 132176871118528 pump_end 1 2
1587055548114894 132176871118528 join_beg 1 0
1587055548115154 132176871118528 join_end 0 0
1587055550105681 132176871118528 coll_beg 0 0
1587055552623279 132176871118528 coll_end 0 0
1587055554651055 132176862725824 emit_beg 611 0
1587055562645624 132176862725824 emit_end 611 0
1587055582412682 132176871118528 drain_beg 0 0
1587055582422452 132176871118528 drain_end 1 0
1587055582423372 132176871118528 subm_beg 1 0
1587055588241030 132176871118528 subm_end 1 0
1587055588242650 132176871118528 pump_beg 1 0
1587055598588612 132176871118528 pump_end 1 2
1587055598590412 132176871118528 join_beg 1 0
1587055598591182 132176871118528 join_end 0 0
1587055600682616 132176871118528 coll_beg 0 0
1587055604458628 132176871118528 coll_end 0 0
1587055606483364 132176871118528 drain_beg 0 0
1587055606484164 132176871118528 drain_end 1 0
1587055606484664 132176871118528 subm_beg 1 0
1587055606503933 132176862725824 emit_beg 612 0
1587055608435893 132176871118528 subm_end 1 0
1587055608436283 132176871118528 pump_beg 1 0
1587055616175280 132176871118528 pump_end 1 2
1587055616180130 132176871118528 join_beg 1 0
1587055616275877 132176862725824 emit_end 612 0
1587055616302396 132176871118528 join_end 0 0
1587055618263454 132176871118528 coll_beg 0 0
1587055619955082 132176871118528 coll_end 0 0
1587055622200050 132176862725824 emit_beg 613 0
1587055631840279 132176862725824 emit_end 613 0
1587055648626276 132176871118528 drain_beg 0 0
1587055648628976 132176871118528 drain_end 1 0
1587055648629826 132176871118528 subm_beg 1 0
1587055654442534 132176871118528 subm_end 1 0
1587055654444544 132176871118528 pump_beg 1 0
1587055666339510 132176871118528 pump_end 1 2
1587055666340760 132176871118528 join_beg 1 0
1587055666341260 132176871118528 join_end 0 0
1587055668428103 132176871118528 coll_beg 0 0
1587055674279500 132176871118528 coll_end 0 0
1587055676468700 132176871118528 drain_beg 0 0
1587055676469550 132176871118528 drain_end 1 0
1587055676470170 132176871118528 subm_beg 1 0
1587055676487139 132176862725824 emit_beg 614 0
1587055678396170 132176871118528 subm_end 1 0
1587055678396560 132176871118528 pump_beg 1 0
1587055684480438 132176862725824 emit_end 614 0
1587055690108602 132176871118528 pump_end 1 2
1587055690111052 132176871118528 join_beg 1 0
1587055690111302 132176871118528 join_end 0 0
1587055692946839 132176871118528 coll_beg 0 0
1587055698688669 132176871118528 coll_end 0 0
1587055701397120 132176862725824 emit_beg 615 0
1587055709264223 132176862725824 emit_end 615 0
1587055726520793 132176871118528 drain_beg 0 0
1587055726523153 132176871118528 drain_end 1 0
1587055726524113 132176871118528 subm_beg 1 0
1587055732413368 132176871118528 subm_end 1 0
1587055732414288 132176871118528 pump_beg 1 0
1587055742169032 132176871118528 pump_end 1 2
1587055742169642 132176871118528 join_beg 1 0
1587055742169902 132176871118528 join_end 0 0
1587055744194648 132176871118528 coll_beg 0 0
1587055747917343 132176871118528 coll_end 0 0
1587055749988087 132176871118528 drain_beg 0 0
1587055749989437 132176871118528 drain_end 1 0
1587055749989847 132176871118528 subm_beg 1 0
1587055750009896 132176862725824 emit_beg 616 0
1587055753843086 132176871118528 subm_end 1 0
1587055753843516 132176871118528 pump_beg 1 0
1587055759741971 132176862725824 emit_end 616 0
1587055762928155 132176871118528 pump_end 1 2
1587055762928855 132176871118528 join_beg 1 0
1587055762929175 132176871118528 join_end 0 0
1587055765921816 132176871118528 coll_beg 0 0
1587055768711074 132176871118528 coll_end 0 0
1587055771740143 132176862725824 emit_beg 617 0
1587055779537199 132176862725824 emit_end 617 0
1587055794779972 132176871118528 drain_beg 0 0
1587055794781302 132176871118528 drain_end 1 0
1587055794781762 132176871118528 subm_beg 1 0
1587055798627322 132176871118528 subm_end 1 0
1587055798627892 132176871118528 pump_beg 1 0
1587055808530851 132176871118528 pump_end 1 2
1587055808531631 132176871118528 join_beg 1 0
1587055808532081 132176871118528 join_end 0 0
1587055810530418 132176871118528 coll_beg 0 0
1587055813759190 132176871118528 coll_end 0 0
1587055815762947 132176871118528 drain_beg 0 0
1587055815763667 132176871118528 drain_end 1 0
1587055815764297 132176871118528 subm_beg 1 0
1587055815782726 132176862725824 emit_beg 618 0
1587055817654838 132176871118528 subm_end 1 0
1587055817655208 132176871118528 pump_beg 1 0
1587055823516414 132176862725824 emit_end 618 0
1587055827719530 132176871118528 pump_end 1 2
1587055827720070 132176871118528 join_beg 1 0
1587055827720270 132176871118528 join_end 0 0
1587055830403372 132176871118528 coll_beg 0 0
1587055833132723 132176871118528 coll_end 0 0
1587055835958740 132176862725824 emit_beg 619 0
1587055843331821 132176862725824 emit_end 619 0
1587055858995469 132176871118528 drain_beg 0 0
1587055858997339 132176871118528 drain_end 1 0
1587055858998009 132176871118528 subm_beg 1 0
1587055862643636 132176871118528 subm_end 1 0
1587055862644546 132176871118528 pump_beg 1 0
1587055873455681 132176871118528 pump_end 1 2
1587055873459311 132176871118528 join_beg 1 0
1587055873459971 132176871118528 join_end 0 0
1587055875486587 132176871118528 coll_beg 0 0
1587055879680054 132176871118528 coll_end 0 0
1587055881808606 132176862725824 emit_beg 620 0
1587055883612991 132176871118528 drain_beg 0 0
1587055883614401 132176871118528 drain_end 1 0
1587055883614781 132176871118528 subm_beg 1 0
1587055889036563 132176871118528 subm_end 1 0
1587055889036993 132176871118528 pump_beg 1 0
1587055891016910 132176862725824 emit_end 620 0
1587055897687927 132176871118528 pump_end 1 2
1587055897689217 132176871118528 join_beg 1 0
1587055897689647 132176871118528 join_end 0 0
1587055899630376 132176871118528 coll_beg 0 0
1587055901766438 132176871118528 coll_end 0 0
1587055905118726 132176862725824 emit_beg 621 0
1587055912480687 132176862725824 emit_end 621 0
1587055927334485 132176871118528 drain_beg 0 0
1587055927336705 132176871118528 drain_end 1 0
1587055927337695 132176871118528 subm_beg 1 0
1587055930927494 132176871118528 subm_end 1 0
1587055930927934 132176871118528 pump_beg 1 0
1587055940566522 132176871118528 pump_end 1 2
1587055940578702 132176871118528 join_beg 1 0
1587055940581332 132176871118528 join_end 0 0
1587055942626867 132176871118528 coll_beg 0 0
1587055943906270 132176871118528 coll_end 0 0
1587055946362841 132176871118528 drain_beg 0 0
1587055946364061 132176871118528 drain_end 1 0
1587055946364831 132176871118528 subm_beg 1 0
1587055946403099 132176862725824 emit_beg 622 0
1587055948206643 132176871118528 subm_end 1 0
1587055948207153 132176871118528 pump_beg 1 0
1587055955887873 132176862725824 emit_end 622 0
1587055956871417 132176871118528 pump_end 1 2
1587055956875307 132176871118528 join_beg 1 0
1587055956876697 132176871118528 join_end 0 0
1587055958898383 132176871118528 coll_beg 0 0
1587055960111819 132176871118528 coll_end 0 0
1587055962673245 132176862725824 emit_beg 623 0
1587055969965849 132176862725824 emit_end 623 0
1587055987876796 132176871118528 drain_beg 0 0
1587055987882086 132176871118528 drain_end 1 0
1587055987883626 132176871118528 subm_beg 1 0
1587055991525783 132176871118528 subm_end 1 0
1587055991526223 132176871118528 pump_beg 1 0
1587056004308866 132176871118528 pump_end 1 2
1587056004313076 132176871118528 join_beg 1 0
1587056004313766 132176871118528 join_end 0 0
1587056006313453 132176871118528 coll_beg 0 0
1587056010118994 132176871118528 coll_end 0 0
1587056012151010 132176871118528 drain_beg 0 0
1587056012151870 132176871118528 drain_end 1 0
1587056012152580 132176871118528 subm_beg 1 0
1587056012155240 132176862725824 emit_beg 624 0
1587056014088009 132176871118528 subm_end 1 0
1587056014088499 132176871118528 pump_beg 1 0
1587056017787464 132176862725824 emit_end 624 0
1587056025731524 132176871118528 pump_end 1 2
1587056025732004 132176871118528 join_beg 1 0
1587056025732394 132176871118528 join_end 0 0
1587056027569277 132176871118528 coll_beg 0 0
1587056032544756 132176871118528 coll_end 0 0
1587056035055464 132176862725824 emit_beg 625 0
1587056042425225 132176862725824 emit_end 625 0
1587056056447863 132176871118528 drain_beg 0 0
1587056056451283 132176871118528 drain_end 1 0
1587056056452413 132176871118528 subm_beg 1 0
1587056062222883 132176871118528 subm_end 1 0
1587056062227522 132176871118528 pump_beg 1 0
1587056077229985 132176871118528 pump_end 1 2
1587056077235805 132176871118528 join_beg 1 0
1587056077237475 132176871118528 join_end 0 0
1587056081105203 132176871118528 coll_beg 0 0
1587056087594177 132176871118528 coll_end 0 0
1587056089654761 132176862725824 emit_beg 626 0
1587056089654961 132176871118528 drain_beg 0 0
1587056089659671 132176871118528 drain_end 1 0
1587056089661071 132176871118528 subm_beg 1 0
1587056093467992 132176862725824 emit_end 626 0
1587056095232888 132176871118528 subm_end 1 0
1587056095234788 132176871118528 pump_beg 1 0
1587056104421023 132176871118528 pump_end 1 2
1587056104421753 132176871118528 join_beg 1 0
1587056104422133 132176871118528 join_end 0 0
1587056106324013 132176871118528 coll_beg 0 0
1587056107980563 132176871118528 coll_end 0 0
1587056110051897 132176862725824 emit_beg 627 0
1587056117417098 132176862725824 emit_end 627 0
1587056134406318 132176871118528 drain_beg 0 0
1587056134407908 132176871118528 drain_end 1 0
1587056134408478 132176871118528 subm_beg 1 0
1587056138120163 132176871118528 subm_end 1 0
1587056138120643 132176871118528 pump_beg 1 0
1587056147311277 132176871118528 pump_end 1 2
1587056147312317 132176871118528 join_beg 1 0
1587056147312657 132176871118528 join_end 0 0
1587056149380952 132176871118528 coll_beg 0 0
1587056151102499 132176871118528 coll_end 0 0
1587056153112426 132176862725824 emit_beg 628 0
1587056154947319 132176871118528 drain_beg 0 0
1587056154952749 132176871118528 drain_end 1 0
1587056154954398 132176871118528 subm_beg 1 0
1587056160431439 132176871118528 subm_end 1 0
1587056160434689 132176871118528 pump_beg 1 0
1587056162298620 132176862725824 emit_end 628 0
1587056171838812 132176871118528 pump_end 1 2
1587056171841322 132176871118528 join_beg 1 0
1587056171842062 132176871118528 join_end 0 0
1587056174667159 132176871118528 coll_beg 0 0
1587056178545678 132176871118528 coll_end 0 0
1587056180375931 132176862725824 emit_beg 629 0
1587056186040174 132176862725824 emit_end 629 0
1587056201830698 132176871118528 drain_beg 0 0
1587056201832038 132176871118528 drain_end 1 0
1587056201832448 132176871118528 subm_beg 1 0
1587056205476665 132176871118528 subm_end 1 0
1587056205478255 132176871118528 pump_beg 1 0
1587056216936697 132176871118528 pump_end 1 2
1587056216938286 132176871118528 join_beg 1 0
1587056216939016 132176871118528 join_end 0 0
1587056219012771 132176871118528 coll_beg 0 0
1587056222821712 132176871118528 coll_end 0 0
1587056224814809 132176871118528 drain_beg 0 0
1587056224815699 132176871118528 drain_end 1 0
1587056224816229 132176871118528 subm_beg 1 0
1587056224834888 132176862725824 emit_beg 630 0
1587056226618933 132176871118528 subm_end 1 0
1587056226619333 132176871118528 pump_beg 1 0
1587056232551637 132176862725824 emit_end 630 0
1587056236825161 132176871118528 pump_end 1 2
1587056236825591 132176871118528 join_beg 1 0
1587056236825841 132176871118528 join_end 0 0
1587056240263345 132176871118528 coll_beg 0 0
1587056242973536 132176871118528 coll_end 0 0
1587056246244057 132176862725824 emit_beg 631 0
1587056254217856 132176862725824 emit_end 631 0
1587056272293586 132176871118528 drain_beg 0 0
1587056272295506 132176871118528 drain_end 1 0
1587056272296216 132176871118528 subm_beg 1 0
1587056278157812 132176871118528 subm_end 1 0
1587056278159392 132176871118528 pump_beg 1 0
1587056289019866 132176871118528 pump_end 1 2
1587056289021086 132176871118528 join_beg 1 0
1587056289021716 132176871118528 join_end 0 0
1587056291321792 132176871118528 coll_beg 0 0
1587056294390670 132176871118528 coll_end 0 0
1587056296527072 132176871118528 drain_beg 0 0
1587056296527662 132176871118528 drain_end 1 0
1587056296528132 132176871118528 subm_beg 1 0
1587056296549431 132176862725824 emit_beg 632 0
1587056298555818 132176871118528 subm_end 1 0
1587056298556348 132176871118528 pump_beg 1 0
1587056306386662 132176862725824 emit_end 632 0
1587056308313192 132176871118528 pump_end 1 2
1587056308313672 132176871118528 join_beg 1 0
1587056308313892 132176871118528 join_end 0 0
1587056311957229 132176871118528 coll_beg 0 0
1587056314466117 132176871118528 coll_end 0 0
1587056317976349 132176862725824 emit_beg 633 0
1587056325731006 132176862725824 emit_end 633 0
1587056342205495 132176871118528 drain_beg 0 0
1587056342212815 132176871118528 drain_end 1 0
1587056342213375 132176871118528 subm_beg 1 0
1587056346063614 132176871118528 subm_end 1 0
1587056346064124 132176871118528 pump_beg 1 0
1587056352850177 132176871118528 pump_end 1 2
1587056352850927 132176871118528 join_beg 1 0
1587056352851427 132176871118528 join_end 0 0
1587056356465715 132176871118528 coll_beg 0 0
1587056356543882 132176871118528 coll_end 0 0
1587056358530149 132176871118528 drain_beg 0 0
1587056358530859 132176871118528 drain_end 1 0
1587056358531299 132176871118528 subm_beg 1 0
1587056358551989 132176862725824 emit_beg 634 0
1587056360452149 132176871118528 subm_end 1 0
1587056360452559 132176871118528 pump_beg 1 0
1587056368131109 132176862725824 emit_end 634 0
1587056372636985 132176871118528 pump_end 1 2
1587056372637665 132176871118528 join_beg 1 0
1587056372637935 132176871118528 join_end 0 0
1587056375980533 132176871118528 coll_beg 0 0
1587056380030675 132176871118528 coll_end 0 0
1587056382008723 132176862725824 emit_beg 635 0
1587056389769089 132176862725824 emit_end 635 0
1587056407104167 132176871118528 drain_beg 0 0
1587056407106697 132176871118528 drain_end 1 0
1587056407107537 132176871118528 subm_beg 1 0
1587056410983465 132176871118528 subm_end 1 0
1587056410984275 132176871118528 pump_beg 1 0
1587056422548053 132176871118528 pump_end 1 2
1587056422552623 132176871118528 join_beg 1 0
1587056422554243 132176871118528 join_end 0 0
1587056424628107 132176871118528 coll_beg 0 0
1587056428358621 132176871118528 coll_end 0 0
1587056430358458 132176871118528 drain_beg 0 0
1587056430360258 132176871118528 drain_end 1 0
1587056430361148 132176871118528 subm_beg 1 0
1587056430377287 132176862725824 emit_beg 636 0
1587056432390164 132176871118528 subm_end 1 0
1587056432390744 132176871118528 pump_beg 1 0
1587056438242740 132176862725824 emit_end 636 0
1587056442254084 132176871118528 pump_end 1 2
1587056442255814 132176871118528 join_beg 1 0
1587056442256414 132176871118528 join_end 0 0
1587056445924460 132176871118528 coll_beg 0 0
1587056448808995 132176871118528 coll_end 0 0
1587056451725008 132176862725824 emit_beg 637 0
1587056459435347 132176862725824 emit_end 637 0
1587056475713033 132176871118528 drain_beg 0 0
1587056475715143 132176871118528 drain_end 1 0
1587056475716283 132176871118528 subm_beg 1 0
1587056481488162 132176871118528 subm_end 1 0
1587056481489082 132176871118528 pump_beg 1 0
1587056493959907 132176871118528 pump_end 1 2
1587056493960587 132176871118528 join_beg 1 0
1587056493961167 132176871118528 join_end 0 0
1587056495981963 132176871118528 coll_beg 0 0
1587056502150448 132176871118528 coll_end 0 0
1587056504267111 132176871118528 drain_beg 0 0
1587056504268221 132176871118528 drain_end 1 0
1587056504268891 132176871118528 subm_beg 1 0
1587056504287930 132176862725824 emit_beg 638 0
1587056506215410 132176871118528 subm_end 1 0
1587056506216050 132176871118528 pump_beg 1 0
1587056512263549 132176862725824 emit_end 638 0
1587056517135161 132176871118528 pump_end 1 2
1587056517135791 132176871118528 join_beg 1 0
1587056517136141 132176871118528 join_end 0 0
1587056520544797 132176871118528 coll_beg 0 0
1587056524069048 132176871118528 coll_end 0 0
1587056526428102 132176862725824 emit_beg 639 0
1587056534200709 132176862725824 emit_end 639 0
1587056551293755 132176871118528 drain_beg 0 0
1587056551298535 132176871118528 drain_end 1 0
1587056551299935 132176871118528 subm_beg 1 0
1587056557099263 132176871118528 subm_end 1 0
1587056557102313 132176871118528 pump_beg 1 0
1587056567694006 132176871118528 pump_end 1 2
1587056567697896 132176871118528 join_beg 1 0
1587056567699106 132176871118528 join_end 0 0
1587056569977433 132176871118528 coll_beg 0 0
1587056573676628 132176871118528 coll_end 0 0
1587056575812860 132176871118528 drain_beg 0 0
1587056575813840 132176871118528 drain_end 1 0
1587056575814550 132176871118528 subm_beg 1 0
1587056575833009 132176862725824 emit_beg 640 0
1587056577817787 132176871118528 subm_end 1 0
1587056577818267 132176871118528 pump_beg 1 0
1587056583928574 132176862725824 emit_end 640 0
1587056584969296 132176871118528 pump_end 1 2
1587056584970746 132176871118528 join_beg 1 0
1587056584971876 132176871118528 join_end 0 0
1587056587680817 132176871118528 coll_beg 0 0
1587056587987426 132176871118528 coll_end 0 0
1587056591499538 132176862725824 emit_beg 641 0
1587056599179407 132176862725824 emit_end 641 0
1587056617422122 132176871118528 drain_beg 0 0
1587056617424492 132176871118528 drain_end 1 0
1587056617425721 132176871118528 subm_beg 1 0
1587056623258539 132176871118528 subm_end 1 0
1587056623260249 132176871118528 pump_beg 1 0
1587056632770472 132176871118528 pump_end 1 2
1587056632772251 132176871118528 join_beg 1 0
1587056632773011 132176871118528 join_end 0 0
1587056634921313 132176871118528 coll_beg 0 0
1587056637118903 132176871118528 coll_end 0 0
1587056639113080 132176862725824 emit_beg 642 0
1587056641024030 132176871118528 drain_beg 0 0
1587056641026960 132176871118528 drain_end 1 0
1587056641028230 132176871118528 subm_beg 1 0
1587056646829829 132176871118528 subm_end 1 0
1587056646830258 132176871118528 pump_beg 1 0
1587056648911442 132176862725824 emit_end 642 0
1587056658652567 132176871118528 pump_end 1 2
1587056658653687 132176871118528 join_beg 1 0
1587056658654097 132176871118528 join_end 0 0
1587056661436455 132176871118528 coll_beg 0 0
1587056665734639 132176871118528 coll_end 0 0
1587056668959581 132176871118528 drain_beg 0 0
1587056668960271 132176871118528 drain_end 1 0
1587056668961001 132176871118528 subm_beg 1 0
1587056668983240 132176862725824 emit_beg 643 0
1587056670801714 132176871118528 subm_end 1 0
1587056670802284 132176871118528 pump_beg 1 0
1587056678711455 132176862725824 emit_end 643 0
1587056682379781 132176871118528 pump_end 1 2
1587056682380731 132176871118528 join_beg 1 0
1587056682381101 132176871118528 join_end 0 0
1587056684292671 132176871118528 coll_beg 0 0
1587056688561026 132176871118528 coll_end 0 0
1587056691545377 132176862725824 emit_beg 644 0
1587056698851440 132176862725824 emit_end 644 0
1587056712952166 132176871118528 drain_beg 0 0
1587056712953395 132176871118528 drain_end 1 0
1587056712953885 132176871118528 subm_beg 1 0
1587056716570903 132176871118528 subm_end 1 0
1587056716571713 132176871118528 pump_beg 1 0
1587056727919199 132176871118528 pump_end 1 2
1587056727921569 132176871118528 join_beg 1 0
1587056727922729 132176871118528 join_end 0 0
1587056729891847 132176871118528 coll_beg 0 0
1587056733389770 132176871118528 coll_end 0 0
1587056735260031 132176871118528 drain_beg 0 0
1587056735260751 132176871118528 drain_end 1 0
1587056735261311 132176871118528 subm_beg 1 0
1587056735262651 132176862725824 emit_beg 645 0
1587056737109304 132176871118528 subm_end 1 0
1587056737109794 132176871118528 pump_beg 1 0
1587056741123077 132176862725824 emit_end 645 0
1587056748638343 132176871118528 pump_end 1 2
1587056748639343 132176871118528 join_beg 1 0
1587056748639763 132176871118528 join_end 0 0
1587056750616871 132176871118528 coll_beg 0 0
1587056755497183 132176871118528 coll_end 0 0
1587056758011971 132176862725824 emit_beg 646 0
1587056765464599 132176862725824 emit_end 646 0
1587056780692773 132176871118528 drain_beg 0 0
1587056780693603 132176871118528 drain_end 1 0
1587056780693933 132176871118528 subm_beg 1 0
1587056784385469 132176871118528 subm_end 1 0
1587056784385859 132176871118528 pump_beg 1 0
1587056792915627 132176871118528 pump_end 1 2
1587056792917387 132176871118528 join_beg 1 0
1587056792918117 132176871118528 join_end 0 0
1587056794850457 132176871118528 coll_beg 0 0
1587056796843134 132176871118528 coll_end 0 0
1587056798735955 132176871118528 drain_beg 0 0
1587056798736475 132176871118528 drain_end 1 0
1587056798736745 132176871118528 subm_beg 1 0
1587056798739165 132176862725824 emit_beg 647 0
1587056800616606 132176871118528 subm_end 1 0
1587056800617156 132176871118528 pump_beg 1 0
1587056807977188 132176862725824 emit_end 647 0
1587056811879785 132176871118528 pump_end 1 2
1587056811881015 132176871118528 join_beg 1 0
1587056811881575 132176871118528 join_end 0 0
1587056814677833 132176871118528 coll_beg 0 0
1587056820467612 132176871118528 coll_end 0 0
1587056824005303 132176862725824 emit_beg 648 0
1587056829515842 132176862725824 emit_end 648 0
1587056846270530 132176871118528 drain_beg 0 0
1587056846271800 132176871118528 drain_end 1 0
1587056846272180 132176871118528 subm_beg 1 0
1587056849950076 132176871118528 subm_end 1 0
1587056849950686 132176871118528 pump_beg 1 0
1587056860611437 132176871118528 pump_end 1 2
1587056860612487 132176871118528 join_beg 1 0
1587056860613017 132176871118528 join_end 0 0
1587056862478809 132176871118528 coll_beg 0 0
1587056865658863 132176871118528 coll_end 0 0
1587056867572833 132176871118528 drain_beg 0 0
1587056867573473 132176871118528 drain_end 1 0
1587056867573923 132176871118528 subm_beg 1 0
1587056867575773 132176862725824 emit_beg 649 0
1587056869390547 132176871118528 subm_end 1 0
1587056869391137 132176871118528 pump_beg 1 0
1587056875227933 132176862725824 emit_end 649 0
1587056877337247 132176871118528 pump_end 1 2
1587056877338007 132176871118528 join_beg 1 0
1587056877338377 132176871118528 join_end 0 0
1587056879167470 132176871118528 coll_beg 0 0
1587056880473482 132176871118528 coll_end 0 0
1587056882876684 132176862725824 emit_beg 650 0
1587056890240886 132176862725824 emit_end 650 0
1587056908601606 132176871118528 drain_beg 0 0
1587056908603536 132176871118528 drain_end 1 0
1587056908604296 132176871118528 subm_beg 1 0
1587056914146743 132176871118528 subm_end 1 0
1587056914148423 132176871118528 pump_beg 1 0
1587056923035269 132176871118528 pump_end 1 2
1587056923036099 132176871118528 join_beg 1 0
1587056923036739 132176871118528 join_end 0 0
1587056925237449 132176871118528 coll_beg 0 0
1587056927320283 132176871118528 coll_end 0 0
1587056929242682 132176871118528 drain_beg 0 0
1587056929243292 132176871118528 drain_end 1 0
1587056929243762 132176871118528 subm_beg 1 0
1587056929246732 132176862725824 emit_beg 651 0
1587056931077585 132176871118528 subm_end 1 0
1587056931078115 132176871118528 pump_beg 1 0
1587056938396248 132176862725824 emit_end 651 0
1587056938440787 132176871118528 pump_end 1 2
1587056938441677 132176871118528 join_beg 1 0
1587056938441997 132176871118528 join_end 0 0
1587056940478542 132176871118528 coll_beg 0 0
1587056941326611 132176871118528 coll_end 0 0
1587056944236815 132176862725824 emit_beg 652 0
1587056951625586 132176862725824 emit_end 652 0
1587056969307450 132176871118528 drain_beg 0 0
1587056969309690 132176871118528 drain_end 1 0
1587056969310340 132176871118528 subm_beg 1 0
1587056972956417 132176871118528 subm_end 1 0
1587056972956767 132176871118528 pump_beg 1 0
1587056983863719 132176871118528 pump_end 1 2
1587056983867409 132176871118528 join_beg 1 0
1587056983868889 132176871118528 join_end 0 0
1587056985798968 132176871118528 coll_beg 0 0
1587056989237683 132176871118528 coll_end 0 0
1587056991180132 132176871118528 drain_beg 0 0
1587056991180862 132176871118528 drain_end 1 0
1587056991181532 132176871118528 subm_beg 1 0
1587056991182272 132176862725824 emit_beg 653 0
1587056993005895 132176871118528 subm_end 1 0
1587056993006495 132176871118528 pump_beg 1 0
1587056998596191 132176862725824 emit_end 653 0
1587057003225992 132176871118528 pump_end 1 2
1587057003226752 132176871118528 join_beg 1 0
1587057003227402 132176871118528 join_end 0 0
1587057005400343 132176871118528 coll_beg 0 0
1587057008362825 132176871118528 coll_end 0 0
1587057010870204 132176862725824 emit_beg 654 0
1587057018144908 132176862725824 emit_end 654 0
1587057034065337 132176871118528 drain_beg 0 0
1587057034067287 132176871118528 drain_end 1 0
1587057034067767 132176871118528 subm_beg 1 0
1587057037900147 132176871118528 subm_end 1 0
1587057037900637 132176871118528 pump_beg 1 0
1587057050539006 132176871118528 pump_end 1 2
1587057050551405 132176871118528 join_beg 1 0
1587057050554755 132176871118528 join_end 0 0
1587057052747405 132176871118528 coll_beg 0 0
1587057056515908 132176871118528 coll_end 0 0
1587057058522804 132176871118528 drain_beg 0 0
1587057058523954 132176871118528 drain_end 1 0
1587057058524764 132176871118528 subm_beg 1 0
1587057058525064 132176862725824 emit_beg 655 0
1587057060511292 132176871118528 subm_end 1 0
1587057060512082 132176871118528 pump_beg 1 0
1587057064471337 132176862725824 emit_end 655 0
1587057070854314 132176871118528 pump_end 1 2
1587057070858734 132176871118528 join_beg 1 0
1587057070860974 132176871118528 join_end 0 0
1587057072955378 132176871118528 coll_beg 0 0
1587057075945929 132176871118528 coll_end 0 0
1587057077960645 132176862725824 emit_beg 656 0
1587057085835478 132176862725824 emit_end 656 0
1587057106571371 132176871118528 drain_beg 0 0
1587057106573531 132176871118528 drain_end 1 0
1587057106574641 132176871118528 subm_beg 1 0
1587057112397168 132176871118528 subm_end 1 0
1587057112398128 132176871118528 pump_beg 1 0
1587057121635381 132176871118528 pump_end 1 2
1587057121639961 132176871118528 join_beg 1 0
1587057121642171 132176871118528 join_end 0 0
1587057125635025 132176871118528 coll_beg 0 0
1587057127420320 132176871118528 coll_end 0 0
1587057129454846 132176871118528 drain_beg 0 0
1587057129455686 132176871118528 drain_end 1 0
1587057129456366 132176871118528 subm_beg 1 0
1587057129460726 132176862725824 emit_beg 657 0
1587057131392895 132176871118528 subm_end 1 0
1587057131393485 132176871118528 pump_beg 1 0
1587057139103574 132176862725824 emit_end 657 0
1587057139720201 132176871118528 pump_end 1 2
1587057139721081 132176871118528 join_beg 1 0
1587057139721571 132176871118528 join_end 0 0
1587057141731908 132176871118528 coll_beg 0 0
1587057142974213 132176871118528 coll_end 0 0
1587057145657465 132176862725824 emit_beg 658 0
1587057153256248 132176862725824 emit_end 658 0
1587057171948005 132176871118528 drain_beg 0 0
1587057171949055 132176871118528 drain_end 1 0
1587057171949625 132176871118528 subm_beg 1 0
1587057175991698 132176871118528 subm_end 1 0
1587057175992148 132176871118528 pump_beg 1 0
1587057184309774 132176871118528 pump_end 1 2
1587057184314454 132176871118528 join_beg 1 0
1587057184315774 132176871118528 join_end 0 0
1587057186385638 132176871118528 coll_beg 0 0
1587057188042658 132176871118528 coll_end 0 0
1587057190076704 132176871118528 drain_beg 0 0
1587057190078544 132176871118528 drain_end 1 0
1587057190079754 132176871118528 subm_beg 1 0
1587057190083653 132176862725824 emit_beg 659 0
1587057191987694 132176871118528 subm_end 1 0
1587057191988264 132176871118528 pump_beg 1 0
1587057197864240 132176862725824 emit_end 659 0
1587057200597860 132176871118528 pump_end 1 2
1587057200598500 132176871118528 join_beg 1 0
1587057200598830 132176871118528 join_end 0 0
1587057204477968 132176871118528 coll_beg 0 0
1587057205454263 132176871118528 coll_end 0 0
1587057208349217 132176862725824 emit_beg 660 0
1587057216073945 132176862725824 emit_end 660 0
1587057233121403 132176871118528 drain_beg 0 0
1587057233126073 132176871118528 drain_end 1 0
1587057233127563 132176871118528 subm_beg 1 0
1587057237019131 132176871118528 subm_end 1 0
1587057237021551 132176871118528 pump_beg 1 0
1587057246886501 132176871118528 pump_end 1 2
1587057246889311 132176871118528 join_beg 1 0
1587057246891440 132176871118528 join_end 0 0
1587057249087030 132176871118528 coll_beg 0 0
1587057250911104 132176871118528 coll_end 0 0
1587057252886262 132176862725824 emit_beg 661 0
1587057260743035 132176862725824 emit_end 661 0
1587057262606787 132176871118528 drain_beg 0 0
1587057262607897 132176871118528 drain_end 1 0
1587057262608437 132176871118528 subm_beg 1 0
1587057264575075 132176871118528 subm_end 1 0
1587057264575515 132176871118528 pump_beg 1 0
1587057275697829 132176871118528 pump_end 1 2
1587057275698909 132176871118528 join_beg 1 0
1587057275699649 132176871118528 join_end 0 0
1587057279247000 132176871118528 coll_beg 0 0
1587057282343397 132176871118528 coll_end 0 0
1587057284309165 132176862725824 emit_beg 662 0
1587057292137789 132176862725824 emit_end 662 0
1587057294027860 132176871118528 drain_beg 0 0
1587057294028540 132176871118528 drain_end 1 0
1587057294028990 132176871118528 subm_beg 1 0
1587057295954760 132176871118528 subm_end 1 0
1587057295955170 132176871118528 pump_beg 1 0
1587057306166877 132176871118528 pump_end 1 2
1587057306174247 132176871118528 join_beg 1 0
1587057306175437 132176871118528 join_end 0 0
1587057309064902 132176871118528 coll_beg 0 0
1587057311195524 132176871118528 coll_end 0 0
1587057313143883 132176862725824 emit_beg 663 0
1587057321003176 132176862725824 emit_end 663 0
1587057322848968 132176871118528 drain_beg 0 0
1587057322849718 132176871118528 drain_end 1 0
1587057322850108 132176871118528 subm_beg 1 0
1587057324798477 132176871118528 subm_end 1 0
1587057324799497 132176871118528 pump_beg 1 0
1587057334031670 132176871118528 pump_end 1 2
1587057334032350 132176871118528 join_beg 1 0
1587057334033010 132176871118528 join_end 0 0
1587057336074536 132176871118528 coll_beg 0 0
1587057337887210 132176871118528 coll_end 0 0
1587057339973914 132176862725824 emit_beg 664 0
1587057347678372 132176862725824 emit_end 664 0
1587057363197006 132176871118528 drain_beg 0 0
1587057363199206 132176871118528 drain_end 1 0
1587057363200276 132176871118528 subm_beg 1 0
1587057367041956 132176871118528 subm_end 1 0
1587057367043566 132176871118528 pump_beg 1 0
1587057378127021 132176871118528 pump_end 1 2
1587057378127661 132176871118528 join_beg 1 0
1587057378128321 132176871118528 join_end 0 0
1587057380131558 132176871118528 coll_beg 0 0
1587057382595868 132176871118528 coll_end 0 0
1587057384656973 132176871118528 drain_beg 0 0
1587057384657643 132176871118528 drain_end 1 0
1587057384658143 132176871118528 subm_beg 1 0
1587057384662973 132176862725824 emit_beg 665 0
1587057386649110 132176871118528 subm_end 1 0
1587057386649750 132176871118528 pump_beg 1 0
1587057394341999 132176862725824 emit_end 665 0
1587057397270633 132176871118528 pump_end 1 2
1587057397271283 132176871118528 join_beg 1 0
1587057397271723 132176871118528 join_end 0 0
1587057399852108 132176871118528 coll_beg 0 0
1587057402756302 132176871118528 coll_end 0 0
1587057405616248 132176862725824 emit_beg 666 0
1587057413349066 132176862725824 emit_end 666 0
1587057428944407 132176871118528 drain_beg 0 0
1587057428946217 132176871118528 drain_end 1 0
1587057428946717 132176871118528 subm_beg 1 0
1587057432600883 132176871118528 subm_end 1 0
1587057432601293 132176871118528 pump_beg 1 0
1587057444283407 132176871118528 pump_end 1 2
1587057444295056 132176871118528 join_beg 1 0
1587057444297866 132176871118528 join_end 0 0
1587057446450538 132176871118528 coll_beg 0 0
1587057449291254 132176871118528 coll_end 0 0
1587057451304201 132176862725824 emit_beg 667 0
1587057453125094 132176871118528 drain_beg 0 0
1587057453125694 132176871118528 drain_end 1 0
1587057453125974 132176871118528 subm_beg 1 0
1587057458450760 132176871118528 subm_end 1 0
1587057458451150 132176871118528 pump_beg 1 0
1587057460298402 132176862725824 emit_end 667 0
1587057468487944 132176871118528 pump_end 1 2
1587057468489004 132176871118528 join_beg 1 0
1587057468489424 132176871118528 join_end 0 0
1587057471498554 132176871118528 coll_beg 0 0
1587057473477022 132176871118528 coll_end 0 0
1587057476988843 132176862725824 emit_beg 668 0
1587057484345265 132176862725824 emit_end 668 0
1587057499043739 132176871118528 drain_beg 0 0
1587057499045138 132176871118528 drain_end 1 0
1587057499045488 132176871118528 subm_beg 1 0
1587057502766223 132176871118528 subm_end 1 0
1587057502769253 132176871118528 pump_beg 1 0
1587057515162880 132176871118528 pump_end 1 2
1587057515173720 132176871118528 join_beg 1 0
1587057515176810 132176871118528 join_end 0 0
1587057517319102 132176871118528 coll_beg 0 0
1587057521102654 132176871118528 coll_end 0 0
1587057523173568 132176871118528 drain_beg 0 0
1587057523174618 132176871118528 drain_end 1 0
1587057523175488 132176871118528 subm_beg 1 0
1587057523177078 132176862725824 emit_beg 669 0
1587057525406596 132176871118528 subm_end 1 0
1587057525407246 132176871118528 pump_beg 1 0
1587057530995423 132176862725824 emit_end 669 0
1587057537778385 132176871118528 pump_end 1 2
1587057537779325 132176871118528 join_beg 1 0
1587057537779745 132176871118528 join_end 0 0
1587057541018387 132176871118528 coll_beg 0 0
1587057545072979 132176871118528 coll_end 0 0
1587057548280842 132176862725824 emit_beg 670 0
1587057555591995 132176862725824 emit_end 670 0
1587057571735346 132176871118528 drain_beg 0 0
1587057571737836 132176871118528 drain_end 1 0
1587057571739216 132176871118528 subm_beg 1 0
1587057575419291 132176871118528 subm_end 1 0
1587057575421571 132176871118528 pump_beg 1 0
1587057588820552 132176871118528 pump_end 1 2
1587057588832212 132176871118528 join_beg 1 0
1587057588835632 132176871118528 join_end 0 0
1587057590859238 132176871118528 coll_beg 0 0
1587057595655603 132176871118528 coll_end 0 0
1587057597424818 132176871118528 drain_beg 0 0
1587057597425318 132176871118528 drain_end 1 0
1587057597425808 132176871118528 subm_beg 1 0
1587057597428268 132176862725824 emit_beg 671 0
1587057599295850 132176871118528 subm_end 1 0
1587057599296340 132176871118528 pump_beg 1 0
1587057606534746 132176862725824 emit_end 671 0
1587057611803124 132176871118528 pump_end 1 2
1587057611818583 132176871118528 join_beg 1 0
1587057611822603 132176871118528 join_end 0 0
1587057615074724 132176871118528 coll_beg 0 0
1587057619669986 132176871118528 coll_end 0 0
1587057622340719 132176862725824 emit_beg 672 0
1587057629610494 132176862725824 emit_end 672 0
1587057645928998 132176871118528 drain_beg 0 0
1587057645930988 132176871118528 drain_end 1 0
1587057645931688 132176871118528 subm_beg 1 0
1587057649548026 132176871118528 subm_end 1 0
1587057649549116 132176871118528 pump_beg 1 0
1587057662143487 132176871118528 pump_end 1 2
1587057662145626 132176871118528 join_beg 1 0
1587057662146486 132176871118528 join_end 0 0
1587057664101385 132176871118528 coll_beg 0 0
1587057669064224 132176871118528 coll_end 0 0
1587057670949845 132176871118528 drain_beg 0 0
1587057670950995 132176871118528 drain_end 1 0
1587057670951845 132176871118528 subm_beg 1 0
1587057670952295 132176862725824 emit_beg 673 0
1587057672826517 132176871118528 subm_end 1 0
1587057672827127 132176871118528 pump_beg 1 0
1587057678409833 132176862725824 emit_end 673 0
1587057684188392 132176871118528 pump_end 1 2
1587057684189702 132176871118528 join_beg 1 0
1587057684190182 132176871118528 join_end 0 0
1587057686304035 132176871118528 coll_beg 0 0
1587057689948072 132176871118528 coll_end 0 0
1587057692008017 132176862725824 emit_beg 674 0
1587057699276741 132176862725824 emit_end 674 0
1587057716070839 132176871118528 drain_beg 0 0
1587057716075258 132176871118528 drain_end 1 0
1587057716076448 132176871118528 subm_beg 1 0
1587057721549769 132176871118528 subm_end 1 0
1587057721550949 132176871118528 pump_beg 1 0
1587057734326612 132176871118528 pump_end 1 2
1587057734327162 132176871118528 join_beg 1 0
1587057734327532 132176871118528 join_end 0 0
1587057736331059 132176871118528 coll_beg 0 0
1587057741377035 132176871118528 coll_end 0 0
1587057743279806 132176871118528 drain_beg 0 0
1587057743280446 132176871118528 drain_end 1 0
1587057743280936 132176871118528 subm_beg 1 0
1587057743293555 132176862725824 emit_beg 675 0
1587057745249214 132176871118528 subm_end 1 0
1587057745249754 132176871118528 pump_beg 1 0
1587057750822410 132176862725824 emit_end 675 0
1587057756874230 132176871118528 pump_end 1 2
1587057756874940 132176871118528 join_beg 1 0
1587057756875260 132176871118528 join_end 0 0
1587057759077089 132176871118528 coll_beg 0 0
1587057763411441 132176871118528 coll_end 0 0
1587057765406448 132176862725824 emit_beg 676 0
1587057772684453 132176862725824 emit_end 676 0
1587057789428432 132176871118528 drain_beg 0 0
1587057789430821 132176871118528 drain_end 1 0
1587057789431751 132176871118528 subm_beg 1 0
1587057793083578 132176871118528 subm_end 1 0
1587057793084628 132176871118528 pump_beg 1 0
1587057803049834 132176871118528 pump_end 1 2
1587057803050294 132176871118528 join_beg 1 0
1587057803050784 132176871118528 join_end 0 0
1587057804911137 132176871118528 coll_beg 0 0
1587057809435011 132176871118528 coll_end 0 0
1587057811408889 132176871118528 drain_beg 0 0
1587057811410679 132176862725824 emit_beg 677 0
1587057811411899 132176871118528 drain_end 1 0
1587057811413249 132176871118528 subm_beg 1 0
1587057816829922 132176862725824 emit_end 677 0
1587057818612866 132176871118528 subm_end 1 0
1587057818613936 132176871118528 pump_beg 1 0
1587057825548113 132176871118528 pump_end 1 2
1587057825548803 132176871118528 join_beg 1 0
1587057825549333 132176871118528 join_end 0 0
1587057828755576 132176871118528 coll_beg 0 0
1587057829190780 132176871118528 coll_end 0 0
1587057832349105 132176862725824 emit_beg 678 0
1587057839620880 132176862725824 emit_end 678 0
1587057853452345 132176871118528 drain_beg 0 0
1587057853455335 132176871118528 drain_end 1 0
1587057853456615 132176871118528 subm_beg 1 0
1587057859280072 132176871118528 subm_end 1 0
1587057859282412 132176871118528 pump_beg 1 0
1587057870638538 132176871118528 pump_end 1 2
1587057870642348 132176871118528 join_beg 1 0
1587057870643578 132176871118528 join_end 0 0
1587057873402397 132176871118528 coll_beg 0 0
1587057878288379 132176871118528 coll_end 0 0
1587057880324684 132176871118528 drain_beg 0 0
1587057880325854 132176871118528 drain_end 1 0
1587057880326584 132176871118528 subm_beg 1 0
1587057880335624 132176862725824 emit_beg 679 0
1587057882247624 132176871118528 subm_end 1 0
1587057882248264 132176871118528 pump_beg 1 0
1587057888113920 132176862725824 emit_end 679 0
1587057889339715 132176871118528 pump_end 1 2
1587057889340585 132176871118528 join_beg 1 0
1587057889341005 132176871118528 join_end 0 0
1587057891972349 132176871118528 coll_beg 0 0
1587057892214810 132176871118528 coll_end 0 0
1587057896118808 132176862725824 emit_beg 680 0
1587057903816187 132176862725824 emit_end 680 0
1587057921889338 132176871118528 drain_beg 0 0
1587057921891468 132176871118528 drain_end 1 0
1587057921892348 132176871118528 subm_beg 1 0
1587057925810175 132176871118528 subm_end 1 0
1587057925811085 132176871118528 pump_beg 1 0
1587057937642933 132176871118528 pump_end 1 2
1587057937644583 132176871118528 join_beg 1 0
1587057937645473 132176871118528 join_end 0 0
1587057939776335 132176871118528 coll_beg 0 0
1587057943985681 132176871118528 coll_end 0 0
1587057946103794 132176862725824 emit_beg 681 0
1587057948056383 132176871118528 drain_beg 0 0
1587057948058323 132176871118528 drain_end 1 0
1587057948059313 132176871118528 subm_beg 1 0
1587057954028775 132176871118528 subm_end 1 0
1587057954029875 132176871118528 pump_beg 1 0
1587057956050711 132176862725824 emit_end 681 0
1587057964443105 132176871118528 pump_end 1 2
1587057964444565 132176871118528 join_beg 1 0
1587057964445095 132176871118528 join_end 0 0
1587057967648018 132176871118528 coll_beg 0 0
1587057970516703 132176871118528 coll_end 0 0
1587057973542423 132176862725824 emit_beg 682 0
1587057979417098 132176862725824 emit_end 682 0
1587057995695354 132176871118528 drain_beg 0 0
1587057995696794 132176871118528 drain_end 1 0
1587057995697534 132176871118528 subm_beg 1 0
1587057999488996 132176871118528 subm_end 1 0
1587057999489796 132176871118528 pump_beg 1 0
1587058010170376 132176871118528 pump_end 1 2
1587058010173246 132176871118528 join_beg 1 0
1587058010174206 132176871118528 join_end 0 0
1587058012230001 132176871118528 coll_beg 0 0
1587058015373756 132176871118528 coll_end 0 0
1587058017392782 132176871118528 drain_beg 0 0
1587058017394532 132176871118528 drain_end 1 0
1587058017395452 132176871118528 subm_beg 1 0
1587058017413332 132176862725824 emit_beg 683 0
1587058019311992 132176871118528 subm_end 1 0
1587058019313922 132176871118528 pump_beg 1 0
1587058027256042 132176862725824 emit_end 683 0
1587058031726419 132176871118528 pump_end 1 2
1587058031727329 132176871118528 join_beg 1 0
1587058031728479 132176871118528 join_end 0 0
1587058033717597 132176871118528 coll_beg 0 0
1587058037942783 132176871118528 coll_end 0 0
1587058041507612 132176862725824 emit_beg 684 0
1587058049136504 132176862725824 emit_end 684 0
1587058064592310 132176871118528 drain_beg 0 0
1587058064593760 132176871118528 drain_end 1 0
1587058064594460 132176871118528 subm_beg 1 0
1587058068499487 132176871118528 subm_end 1 0
1587058068500527 132176871118528 pump_beg 1 0
1587058079468357 132176871118528 pump_end 1 2
1587058079482377 132176871118528 join_beg 1 0
1587058079483696 132176871118528 join_end 0 0
1587058081434045 132176871118528 coll_beg 0 0
1587058084608669 132176871118528 coll_end 0 0
1587058086570728 132176871118528 drain_beg 0 0
1587058086571588 132176871118528 drain_end 1 0
1587058086572228 132176871118528 subm_beg 1 0
1587058086595777 132176862725824 emit_beg 685 0
1587058088518257 132176871118528 subm_end 1 0
1587058088518877 132176871118528 pump_beg 1 0
1587058094502058 132176862725824 emit_end 685 0
1587058097908014 132176871118528 pump_end 1 2
1587058097909614 132176871118528 join_beg 1 0
1587058097910174 132176871118528 join_end 0 0
1587058099957339 132176871118528 coll_beg 0 0
1587058101643808 132176871118528 coll_end 0 0
1587058103855047 132176862725824 emit_beg 686 0
1587058111682771 132176862725824 emit_end 686 0
1587058132563679 132176871118528 drain_beg 0 0
1587058132567719 132176871118528 drain_end 1 0
1587058132569069 132176871118528 subm_beg 1 0
1587058138312320 132176871118528 subm_end 1 0
1587058138313490 132176871118528 pump_beg 1 0
1587058149456223 132176871118528 pump_end 1 2
1587058149456903 132176871118528 join_beg 1 0
1587058149457493 132176871118528 join_end 0 0
1587058151469440 132176871118528 coll_beg 0 0
1587058155735714 132176871118528 coll_end 0 0
1587058160378204 132176871118528 drain_beg 0 0
1587058160380544 132176871118528 drain_end 1 0
1587058160381674 132176871118528 subm_beg 1 0
1587058160385174 132176862725824 emit_beg 687 0
1587058164024181 132176871118528 subm_end 1 0
1587058164025471 132176871118528 pump_beg 1 0
1587058172129676 132176862725824 emit_end 687 0
1587058175657727 132176871118528 pump_end 1 2
1587058175658957 132176871118528 join_beg 1 0
1587058175659567 132176871118528 join_end 0 0
1587058178266892 132176871118528 coll_beg 0 0
1587058182045394 132176871118528 coll_end 0 0
1587058184157157 132176862725824 emit_beg 688 0
1587058193841783 132176862725824 emit_end 688 0
1587058209854259 132176871118528 drain_beg 0 0
1587058209855029 132176871118528 drain_end 1 0
1587058209855499 132176871118528 subm_beg 1 0
1587058213683549 132176871118528 subm_end 1 0
1587058213683979 132176871118528 pump_beg 1 0
1587058220856627 132176871118528 pump_end 1 2
1587058220857077 132176871118528 join_beg 1 0
1587058220857307 132176871118528 join_end 0 0
1587058222784817 132176871118528 coll_beg 0 0
1587058223069587 132176871118528 coll_end 0 0
1587058225004126 132176862725824 emit_beg 689 0
1587058232937057 132176862725824 emit_end 689 0
1587058234816848 132176871118528 drain_beg 0 0
1587058234817478 132176871118528 drain_end 1 0
1587058234817818 132176871118528 subm_beg 1 0
1587058236769047 132176871118528 subm_end 1 0
1587058236769437 132176871118528 pump_beg 1 0
1587058250244915 132176871118528 pump_end 1 2
1587058250245445 132176871118528 join_beg 1 0
1587058250245835 132176871118528 join_end 0 0
1587058252205853 132176871118528 coll_beg 0 0
1587058258043490 132176871118528 coll_end 0 0
1587058260036018 132176871118528 drain_beg 0 0
1587058260037298 132176871118528 drain_end 1 0
1587058260038068 132176871118528 subm_beg 1 0
1587058260056887 132176862725824 emit_beg 690 0
1587058261972377 132176871118528 subm_end 1 0
1587058261972877 132176871118528 pump_beg 1 0
1587058269787262 132176862725824 emit_end 690 0
1587058272811751 132176871118528 pump_end 1 2
1587058272812811 132176871118528 join_beg 1 0
1587058272813271 132176871118528 join_end 0 0
1587058274699012 132176871118528 coll_beg 0 0
1587058278511123 132176871118528 coll_end 0 0
1587058280338237 132176862725824 emit_beg 691 0
1587058287680819 132176862725824 emit_end 691 0
1587058308152802 132176871118528 drain_beg 0 0
1587058308153412 132176871118528 drain_end 1 0
1587058308153862 132176871118528 subm_beg 1 0
1587058311749680 132176871118528 subm_end 1 0
1587058311750010 132176871118528 pump_beg 1 0
1587058322170000 132176871118528 pump_end 1 2
1587058322170590 132176871118528 join_beg 1 0
1587058322170950 132176871118528 join_end 0 0
1587058323989484 132176871118528 coll_beg 0 0
1587058326771552 132176871118528 coll_end 0 0
1587058328840217 132176871118528 drain_beg 0 0
1587058328840727 132176871118528 drain_end 1 0
1587058328840987 132176871118528 subm_beg 1 0
1587058328863106 132176862725824 emit_beg 692 0
1587058330588823 132176871118528 subm_end 1 0
1587058330589213 132176871118528 pump_beg 1 0
1587058338040751 132176862725824 emit_end 692 0
1587058339295615 132176871118528 pump_end 1 2
1587058339296235 132176871118528 join_beg 1 0
1587058339296535 132176871118528 join_end 0 0
1587058341169997 132176871118528 coll_beg 0 0
1587058342968501 132176871118528 coll_end 0 0
1587058344824943 132176862725824 emit_beg 693 0
1587058352089318 132176862725824 emit_end 693 0
1587058370705509 132176871118528 drain_beg 0 0
1587058370707429 132176871118528 drain_end 1 0
1587058370708129 132176871118528 subm_beg 1 0
1587058376247087 132176871118528 subm_end 1 0
1587058376248747 132176871118528 pump_beg 1 0
1587058388866236 132176871118528 pump_end 1 2
1587058388866716 132176871118528 join_beg 1 0
1587058388867286 132176871118528 join_end 0 0
1587058390704019 132176871118528 coll_beg 0 0
1587058395592071 132176871118528 coll_end 0 0
1587058397538640 132176871118528 drain_beg 0 0
1587058397539420 132176871118528 drain_end 1 0
1587058397540060 132176871118528 subm_beg 1 0
1587058397560819 132176862725824 emit_beg 694 0
1587058399347554 132176871118528 subm_end 1 0
1587058399347914 132176871118528 pump_beg 1 0
1587058405177291 132176862725824 emit_end 694 0
1587058409263932 132176871118528 pump_end 1 2
1587058409264782 132176871118528 join_beg 1 0
1587058409265022 132176871118528 join_end 0 0
1587058411294678 132176871118528 coll_beg 0 0
1587058414145594 132176871118528 coll_end 0 0
1587058415988286 132176862725824 emit_beg 695 0
1587058423347698 132176862725824 emit_end 695 0
1587058443551841 132176871118528 drain_beg 0 0
1587058443553211 132176871118528 drain_end 1 0
1587058443553781 132176871118528 subm_beg 1 0
1587058447158699 132176871118528 subm_end 1 0
1587058447159239 132176871118528 pump_beg 1 0
1587058457183423 132176871118528 pump_end 1 2
1587058457184303 132176871118528 join_beg 1 0
1587058457184593 132176871118528 join_end 0 0
1587058459013716 132176871118528 coll_beg 0 0
1587058461534334 132176871118528 coll_end 0 0
1587058463413416 132176871118528 drain_beg 0 0
1587058463414166 132176871118528 drain_end 1 0
1587058463414916 132176871118528 subm_beg 1 0
1587058463434285 132176862725824 emit_beg 696 0
1587058465258528 132176871118528 subm_end 1 0
1587058465259028 132176871118528 pump_beg 1 0
1587058472635829 132176862725824 emit_end 696 0
1587058475373999 132176871118528 pump_end 1 2
1587058475374949 132176871118528 join_beg 1 0
1587058475375309 132176871118528 join_end 0 0
1587058478012493 132176871118528 coll_beg 0 0
1587058480748193 132176871118528 coll_end 0 0
1587058482604275 132176862725824 emit_beg 697 0
1587058489832632 132176862725824 emit_end 697 0
1587058508644635 132176871118528 drain_beg 0 0
1587058508645695 132176871118528 drain_end 1 0
1587058508646065 132176871118528 subm_beg 1 0
1587058512296772 132176871118528 subm_end 1 0
1587058512297342 132176871118528 pump_beg 1 0
1587058519913944 132176871118528 pump_end 1 2
1587058519915204 132176871118528 join_beg 1 0
1587058519915494 132176871118528 join_end 0 0
1587058521869203 132176871118528 coll_beg 0 0
1587058522808368 132176871118528 coll_end 0 0
1587058525659624 132176871118528 drain_beg 0 0
1587058525660444 132176871118528 drain_end 1 0
1587058525661104 132176871118528 subm_beg 1 0
1587058525679384 132176862725824 emit_beg 698 0
1587058527476628 132176871118528 subm_end 1 0
1587058527477198 132176871118528 pump_beg 1 0
1587058534866128 132176862725824 emit_end 698 0
1587058537510332 132176871118528 pump_end 1 2
1587058537511482 132176871118528 join_beg 1 0
1587058537511932 132176871118528 join_end 0 0
1587058539430942 132176871118528 coll_beg 0 0
1587058542098484 132176871118528 coll_end 0 0
1587058544890122 132176862725824 emit_beg 699 0
1587058552201616 132176862725824 emit_end 699 0
1587058567730969 132176871118528 drain_beg 0 0
1587058567732179 132176871118528 drain_end 1 0
1587058567738519 132176871118528 subm_beg 1 0
1587058571305928 132176871118528 subm_end 1 0
1587058571306478 132176871118528 pump_beg 1 0
1587058579113644 132176871118528 pump_end 1 2
1587058579114584 132176871118528 join_beg 1 0
1587058579114904 132176871118528 join_end 0 0
1587058580941877 132176871118528 coll_beg 0 0
1587058581819705 132176871118528 coll_end 0 0
1587058585462762 132176871118528 drain_beg 0 0
1587058585464972 132176871118528 drain_end 1 0
1587058585465822 132176871118528 subm_beg 1 0
1587058585485901 132176862725824 emit_beg 700 0
1587058587411641 132176871118528 subm_end 1 0
1587058587412191 132176871118528 pump_beg 1 0
1587058592986457 132176862725824 emit_end 700 0
1587058598542264 132176871118528 pump_end 1 2
1587058598542964 132176871118528 join_beg 1 0
1587058598543354 132176871118528 join_end 0 0
1587058606463755 132176871118528 coll_beg 0 0
1587058611420125 132176871118528 coll_end 0 0
1587058617694246 132176862725824 emit_beg 701 0
1587058645097315 132176862725824 emit_end 701 0
1587058669729787 132176871118528 drain_beg 0 0
1587058669732707 132176871118528 drain_end 1 0
1587058669733927 132176871118528 subm_beg 1 0
1587058676482230 132176871118528 subm_end 1 0
1587058676483260 132176871118528 pump_beg 1 0
1587058688068407 132176871118528 pump_end 1 2
1587058688069157 132176871118528 join_beg 1 0
1587058688069527 132176871118528 join_end 0 0
1587058691377147 132176871118528 coll_beg 0 0
1587058696868796 132176871118528 coll_end 0 0
1587058699906775 132176871118528 drain_beg 0 0
1587058699907355 132176871118528 drain_end 1 0
1587058699907735 132176871118528 subm_beg 1 0
1587058699919805 132176862725824 emit_beg 702 0
1587058702867877 132176871118528 subm_end 1 0
1587058702868287 132176871118528 pump_beg 1 0
1587058709989847 132176871118528 pump_end 1 2
1587058709990777 132176871118528 join_beg 1 0
1587058714725365 132176862725824 emit_end 702 0
1587058714735914 132176871118528 join_end 0 0
1587058718313084 132176871118528 coll_beg 0 0
1587058718615763 132176871118528 coll_end 0 0
1587058725380146 132176862725824 emit_beg 703 0
1587058738864254 132176862725824 emit_end 703 0
1587058767605695 132176871118528 drain_beg 0 0
1587058767607775 132176871118528 drain_end 1 0
1587058767608555 132176871118528 subm_beg 1 0
1587058774522832 132176871118528 subm_end 1 0
1587058774524472 132176871118528 pump_beg 1 0
1587058786487396 132176871118528 pump_end 1 2
1587058786489036 132176871118528 join_beg 1 0
1587058786489706 132176871118528 join_end 0 0
1587058789554734 132176871118528 coll_beg 0 0
1587058795166849 132176871118528 coll_end 0 0
1587058798517157 132176871118528 drain_beg 0 0
1587058798517997 132176871118528 drain_end 1 0
1587058798518367 132176871118528 subm_beg 1 0
1587058798520557 132176862725824 emit_beg 704 0
1587058802578429 132176871118528 subm_end 1 0
1587058802578999 132176871118528 pump_beg 1 0
1587058809442778 132176871118528 pump_end 1 2
1587058809445508 132176871118528 join_beg 1 0
1587058812331103 132176862725824 emit_end 704 0
1587058812355152 132176871118528 join_end 0 0
1587058819258210 132176871118528 coll_beg 0 0
1587058819305318 132176871118528 coll_end 0 0
1587058825965975 132176862725824 emit_beg 705 0
1587058843799414 132176862725824 emit_end 705 0
1587058873390294 132176871118528 drain_beg 0 0
1587058873392674 132176871118528 drain_end 1 0
1587058873393754 132176871118528 subm_beg 1 0
1587058884006867 132176871118528 subm_end 1 0
1587058884008477 132176871118528 pump_beg 1 0
1587058894457236 132176871118528 pump_end 1 2
1587058894458726 132176871118528 join_beg 1 0
1587058894459756 132176871118528 join_end 0 0
1587058897601251 132176871118528 coll_beg 0 0
1587058900877581 132176871118528 coll_end 0 0
1587058904423872 132176871118528 drain_beg 0 0
1587058904424452 132176871118528 drain_end 1 0
1587058904424752 132176871118528 subm_beg 1 0
1587058904436201 132176862725824 emit_beg 706 0
1587058907846317 132176871118528 subm_end 1 0
1587058907846737 132176871118528 pump_beg 1 0
1587058917851692 132176871118528 pump_end 1 2
1587058917852552 132176871118528 join_beg 1 0
1587058922196683 132176862725824 emit_end 706 0
1587058922206233 132176871118528 join_end 0 0
1587058925579220 132176871118528 coll_beg 0 0
1587058928340079 132176871118528 coll_end 0 0
1587058931924628 132176862725824 emit_beg 707 0
1587058946274885 132176862725824 emit_end 707 0
1587058979265011 132176871118528 drain_beg 0 0
1587058979267151 132176871118528 drain_end 1 0
1587058979267851 132176871118528 subm_beg 1 0
1587058986354762 132176871118528 subm_end 1 0
1587058986355882 132176871118528 pump_beg 1 0
1587058999291450 132176871118528 pump_end 1 2
1587058999292460 132176871118528 join_beg 1 0
1587058999292810 132176871118528 join_end 0 0
1587059003005394 132176871118528 coll_beg 0 0
1587059006845274 132176871118528 coll_end 0 0
1587059010380435 132176871118528 drain_beg 0 0
1587059010381055 132176871118528 drain_end 1 0
1587059010381475 132176871118528 subm_beg 1 0
1587059010403304 132176862725824 emit_beg 708 0
1587059013368826 132176871118528 subm_end 1 0
1587059013369406 132176871118528 pump_beg 1 0
1587059024721772 132176862725824 emit_end 708 0
1587059024723552 132176871118528 pump_end 1 2
1587059024725222 132176871118528 join_beg 1 0
1587059024725502 132176871118528 join_end 0 0
1587059026843774 132176871118528 coll_beg 0 0
1587059030521070 132176871118528 coll_end 0 0
1587059032443270 132176862725824 emit_beg 709 0
1587059042325339 132176862725824 emit_end 709 0
1587059061798229 132176871118528 drain_beg 0 0
1587059061799179 132176871118528 drain_end 1 0
1587059061799589 132176871118528 subm_beg 1 0
1587059065610500 132176871118528 subm_end 1 0
1587059065610970 132176871118528 pump_beg 1 0
1587059076176764 132176871118528 pump_end 1 2
1587059076177264 132176871118528 join_beg 1 0
1587059076177544 132176871118528 join_end 0 0
1587059078168861 132176871118528 coll_beg 0 0
1587059081306457 132176871118528 coll_end 0 0
1587059083298064 132176871118528 drain_beg 0 0
1587059083298764 132176871118528 drain_end 1 0
1587059083299154 132176871118528 subm_beg 1 0
1587059083320913 132176862725824 emit_beg 710 0
1587059085220894 132176871118528 subm_end 1 0
1587059085221404 132176871118528 pump_beg 1 0
1587059093119116 132176862725824 emit_end 710 0
1587059098549248 132176871118528 pump_end 1 2
1587059098549898 132176871118528 join_beg 1 0
1587059098550208 132176871118528 join_end 0 0
1587059102144127 132176871118528 coll_beg 0 0
1587059106746069 132176871118528 coll_end 0 0
1587059109852575 132176862725824 emit_beg 711 0
1587059119690236 132176862725824 emit_end 711 0
1587059121549018 132176871118528 drain_beg 0 0
1587059121549738 132176871118528 drain_end 1 0
1587059121550128 132176871118528 subm_beg 1 0
1587059123471078 132176871118528 subm_end 1 0
1587059123471538 132176871118528 pump_beg 1 0
1587059131799334 132176871118528 pump_end 1 2
1587059131799974 132176871118528 join_beg 1 0
1587059131800214 132176871118528 join_end 0 0
1587059135146032 132176871118528 coll_beg 0 0
1587059136608869 132176871118528 coll_end 0 0
1587059139073909 132176862725824 emit_beg 712 0
1587059146872624 132176862725824 emit_end 712 0
1587059160860984 132176871118528 drain_beg 0 0
1587059160862744 132176871118528 drain_end 1 0
1587059160863244 132176871118528 subm_beg 1 0
1587059164740132 132176871118528 subm_end 1 0
1587059164740842 132176871118528 pump_beg 1 0
1587059172949713 132176871118528 pump_end 1 2
1587059172950383 132176871118528 join_beg 1 0
1587059172950833 132176871118528 join_end 0 0
1587059175261888 132176871118528 coll_beg 0 0
1587059176431226 132176871118528 coll_end 0 0
1587059178386564 132176871118528 drain_beg 0 0
1587059178387204 132176871118528 drain_end 1 0
1587059178387654 132176871118528 subm_beg 1 0
1587059178408723 132176862725824 emit_beg 713 0
1587059180338903 132176871118528 subm_end 1 0
1587059180339433 132176871118528 pump_beg 1 0
1587059188245144 132176862725824 emit_end 713 0
1587059189471430 132176871118528 pump_end 1 2
1587059189472000 132176871118528 join_beg 1 0
1587059189472250 132176871118528 join_end 0 0
1587059192790838 132176871118528 coll_beg 0 0
1587059194658300 132176871118528 coll_end 0 0
1587059196699236 132176862725824 emit_beg 714 0
1587059206410841 132176862725824 emit_end 714 0
1587059221929405 132176871118528 drain_beg 0 0
1587059221932205 132176871118528 drain_end 1 0
1587059221933195 132176871118528 subm_beg 1 0
1587059225568392 132176871118528 subm_end 1 0
1587059225569172 132176871118528 pump_beg 1 0
1587059238410684 132176871118528 pump_end 1 2
1587059238411604 132176871118528 join_beg 1 0
1587059238412114 132176871118528 join_end 0 0
1587059240338863 132176871118528 coll_beg 0 0
1587059245513684 132176871118528 coll_end 0 0
1587059247446364 132176871118528 drain_beg 0 0
1587059247447204 132176871118528 drain_end 1 0
1587059247447674 132176871118528 subm_beg 1 0
1587059247467183 132176862725824 emit_beg 715 0
1587059249396463 132176871118528 subm_end 1 0
1587059249397073 132176871118528 pump_beg 1 0
1587059256937608 132176862725824 emit_end 715 0
1587059260435060 132176871118528 pump_end 1 2
1587059260435650 132176871118528 join_beg 1 0
1587059260436230 132176871118528 join_end 0 0
1587059263380232 132176871118528 coll_beg 0 0
1587059266688592 132176871118528 coll_end 0 0
1587059269615675 132176862725824 emit_beg 716 0
1587059276979196 132176862725824 emit_end 716 0
1587059293291321 132176871118528 drain_beg 0 0
1587059293292411 132176871118528 drain_end 1 0
1587059293293031 132176871118528 subm_beg 1 0
1587059296972947 132176871118528 subm_end 1 0
1587059296973437 132176871118528 pump_beg 1 0
1587059306696712 132176871118528 pump_end 1 2
1587059306697252 132176871118528 join_beg 1 0
1587059306697552 132176871118528 join_end 0 0
1587059308601462 132176871118528 coll_beg 0 0
1587059310889679 132176871118528 coll_end 0 0
1587059313454875 132176871118528 drain_beg 0 0
1587059313455685 132176871118528 drain_end 1 0
1587059313456285 132176871118528 subm_beg 1 0
1587059313475674 132176862725824 emit_beg 717 0
1587059315296068 132176871118528 subm_end 1 0
1587059315296568 132176871118528 pump_beg 1 0
1587059322434057 132176871118528 pump_end 1 2
1587059322434707 132176871118528 join_beg 1 0
1587059322614091 132176862725824 emit_end 717 0
1587059322618661 132176871118528 join_end 0 0
1587059324459724 132176871118528 coll_beg 0 0
1587059324822760 132176871118528 coll_end 0 0
1587059328153719 132176862725824 emit_beg 718 0
1587059335563478 132176862725824 emit_end 718 0
1587059355994573 132176871118528 drain_beg 0 0
1587059355995733 132176871118528 drain_end 1 0
1587059355996203 132176871118528 subm_beg 1 0
1587059359629710 132176871118528 subm_end 1 0
1587059359630540 132176871118528 pump_beg 1 0
1587059370419556 132176871118528 pump_end 1 2
1587059370420226 132176871118528 join_beg 1 0
1587059370420476 132176871118528 join_end 0 0
1587059372300008 132176871118528 coll_beg 0 0
1587059375267239 132176871118528 coll_end 0 0
1587059377143141 132176862725824 emit_beg 719 0
1587059379133278 132176871118528 drain_beg 0 0
1587059379138528 132176871118528 drain_end 1 0
1587059379140118 132176871118528 subm_beg 1 0
1587059384730104 132176871118528 subm_end 1 0
1587059384730684 132176871118528 pump_beg 1 0
1587059386638064 132176862725824 emit_end 719 0
1587059395162993 132176871118528 pump_end 1 2
1587059395164233 132176871118528 join_beg 1 0
1587059395164663 132176871118528 join_end 0 0
1587059397056314 132176871118528 coll_beg 0 0
1587059400116163 132176871118528 coll_end 0 0
1587059402526935 132176862725824 emit_beg 720 0
1587059409930394 132176862725824 emit_end 720 0
1587059423900905 132176871118528 drain_beg 0 0
1587059423901864 132176871118528 drain_end 1 0
1587059423902194 132176871118528 subm_beg 1 0
1587059427488934 132176871118528 subm_end 1 0
1587059427489464 132176871118528 pump_beg 1 0
1587059436498655 132176871118528 pump_end 1 2
1587059436499335 132176871118528 join_beg 1 0
1587059436499745 132176871118528 join_end 0 0
1587059438341178 132176871118528 coll_beg 0 0
1587059440096423 132176871118528 coll_end 0 0
1587059441954986 132176871118528 drain_beg 0 0
1587059441955726 132176871118528 drain_end 1 0
1587059441956286 132176871118528 subm_beg 1 0
1587059441965955 132176862725824 emit_beg 721 0
1587059443767950 132176871118528 subm_end 1 0
1587059443768380 132176871118528 pump_beg 1 0
1587059449516230 132176862725824 emit_end 721 0
1587059454956021 132176871118528 pump_end 1 2
1587059454956531 132176871118528 join_beg 1 0
1587059454956801 132176871118528 join_end 0 0
1587059456779595 132176871118528 coll_beg 0 0
1587059460365304 132176871118528 coll_end 0 0
1587059462332172 132176862725824 emit_beg 722 0
1587059469822079 132176862725824 emit_end 722 0
1587059486634935 132176871118528 drain_beg 0 0
1587059486636615 132176871118528 drain_end 1 0
1587059486637165 132176871118528 subm_beg 1 0
1587059490314901 132176871118528 subm_end 1 0
1587059490315181 132176871118528 pump_beg 1 0
1587059497927183 132176871118528 pump_end 1 2
1587059497927643 132176871118528 join_beg 1 0
1587059497928013 132176871118528 join_end 0 0
1587059499694769 132176871118528 coll_beg 0 0
1587059500519039 132176871118528 coll_end 0 0
1587059502382141 132176862725824 emit_beg 723 0
1587059509429853 132176862725824 emit_end 723 0
1587059511209558 132176871118528 drain_beg 0 0
1587059511210058 132176871118528 drain_end 1 0
1587059511210418 132176871118528 subm_beg 1 0
1587059512990913 132176871118528 subm_end 1 0
1587059512991183 132176871118528 pump_beg 1 0
1587059524714006 132176871118528 pump_end 1 2
1587059524714506 132176871118528 join_beg 1 0
1587059524715196 132176871118528 join_end 0 0
1587059526567628 132176871118528 coll_beg 0 0
1587059530523544 132176871118528 coll_end 0 0
1587059532352987 132176871118528 drain_beg 0 0
1587059532353647 132176871118528 drain_end 1 0
1587059532354137 132176871118528 subm_beg 1 0
1587059532356737 132176862725824 emit_beg 724 0
1587059534146071 132176871118528 subm_end 1 0
1587059534146461 132176871118528 pump_beg 1 0
1587059539634511 132176862725824 emit_end 724 0
1587059543486381 132176871118528 pump_end 1 2
1587059543486841 132176871118528 join_beg 1 0
1587059543487051 132176871118528 join_end 0 0
1587059545324373 132176871118528 coll_beg 0 0
1587059547536563 132176871118528 coll_end 0 0
1587059549350357 132176862725824 emit_beg 725 0
1587059558430995 132176862725824 emit_end 725 0
1587059575494232 132176871118528 drain_beg 0 0
1587059575495462 132176871118528 drain_end 1 0
1587059575495992 132176871118528 subm_beg 1 0
1587059579206067 132176871118528 subm_end 1 0
1587059579206507 132176871118528 pump_beg 1 0
1587059589150474 132176871118528 pump_end 1 2
1587059589151534 132176871118528 join_beg 1 0
1587059589151934 132176871118528 join_end 0 0
1587059590975427 132176871118528 coll_beg 0 0
1587059593867242 132176871118528 coll_end 0 0
1587059595706755 132176871118528 drain_beg 0 0
1587059595707215 132176871118528 drain_end 1 0
1587059595707475 132176871118528 subm_beg 1 0
1587059595728754 132176862725824 emit_beg 726 0
1587059597530528 132176871118528 subm_end 1 0
1587059597530938 132176871118528 pump_beg 1 0
1587059604887040 132176862725824 emit_end 726 0
1587059608987730 132176871118528 pump_end 1 2
1587059608990280 132176871118528 join_beg 1 0
1587059608991110 132176871118528 join_end 0 0
1587059611048325 132176871118528 coll_beg 0 0
1587059615159805 132176871118528 coll_end 0 0
1587059618811992 132176862725824 emit_beg 727 0
1587059626636276 132176862725824 emit_end 727 0
1587059642249916 132176871118528 drain_beg 0 0
1587059642252476 132176871118528 drain_end 1 0
1587059642253446 132176871118528 subm_beg 1 0
1587059644239234 132176871118528 subm_end 1 0
1587059644239744 132176871118528 pump_beg 1 0
1587059654141392 132176871118528 pump_end 1 2
1587059654142502 132176871118528 join_beg 1 0
1587059654143192 132176871118528 join_end 0 0
1587059656133530 132176871118528 coll_beg 0 0
1587059657776750 132176871118528 coll_end 0 0
1587059659723989 132176862725824 emit_beg 728 0
1587059661684607 132176871118528 drain_beg 0 0
1587059661685317 132176871118528 drain_end 1 0
1587059661685857 132176871118528 subm_beg 1 0
1587059667476926 132176871118528 subm_end 1 0
1587059667477436 132176871118528 pump_beg 1 0
1587059669430374 132176862725824 emit_end 728 0
1587059676468008 132176871118528 pump_end 1 2
1587059676474277 132176871118528 join_beg 1 0
1587059676474747 132176871118528 join_end 0 0
1587059678555032 132176871118528 coll_beg 0 0
1587059679751268 132176871118528 coll_end 0 0
1587059682408831 132176862725824 emit_beg 729 0
1587059690176957 132176862725824 emit_end 729 0
1587059705251427 132176871118528 drain_beg 0 0
1587059705252267 132176871118528 drain_end 1 0
1587059705252567 132176871118528 subm_beg 1 0
1587059709116886 132176871118528 subm_end 1 0
1587059709118216 132176871118528 pump_beg 1 0
1587059720221921 132176871118528 pump_end 1 2
1587059720223571 132176871118528 join_beg 1 0
1587059720224671 132176871118528 join_end 0 0
1587059722224268 132176871118528 coll_beg 0 0
1587059725569746 132176871118528 coll_end 0 0
1587059728670703 132176871118528 drain_beg 0 0
1587059728671733 132176871118528 drain_end 1 0
1587059728672423 132176871118528 subm_beg 1 0
1587059728673683 132176862725824 emit_beg 730 0
1587059730633501 132176871118528 subm_end 1 0
1587059730633931 132176871118528 pump_beg 1 0
1587059734568117 132176862725824 emit_end 730 0
1587059741437117 132176871118528 pump_end 1 2
1587059741437727 132176871118528 join_beg 1 0
1587059741437987 132176871118528 join_end 0 0
1587059744561063 132176871118528 coll_beg 0 0
1587059747767406 132176871118528 coll_end 0 0
1587059750476037 132176862725824 emit_beg 731 0
1587059758201065 132176862725824 emit_end 731 0
1587059774920615 132176871118528 drain_beg 0 0
1587059774921785 132176871118528 drain_end 1 0
1587059774922345 132176871118528 subm_beg 1 0
1587059778768944 132176871118528 subm_end 1 0
1587059778769434 132176871118528 pump_beg 1 0
1587059790078802 132176871118528 pump_end 1 2
1587059790079422 132176871118528 join_beg 1 0
1587059790080012 132176871118528 join_end 0 0
1587059792111827 132176871118528 coll_beg 0 0
1587059795559642 132176871118528 coll_end 0 0
1587059797556989 132176871118528 drain_beg 0 0
1587059797557579 132176871118528 drain_end 1 0
1587059797558019 132176871118528 subm_beg 1 0
1587059797562208 132176862725824 emit_beg 732 0
1587059799512207 132176871118528 subm_end 1 0
1587059799512657 132176871118528 pump_beg 1 0
1587059807290474 132176862725824 emit_end 732 0
1587059810565344 132176871118528 pump_end 1 2
1587059810565824 132176871118528 join_beg 1 0
1587059810566054 132176871118528 join_end 0 0
1587059813131980 132176871118528 coll_beg 0 0
1587059816793887 132176871118528 coll_end 0 0
1587059819137601 132176862725824 emit_beg 733 0
1587059826910468 132176862725824 emit_end 733 0
1587059845334905 132176871118528 drain_beg 0 0
1587059845336195 132176871118528 drain_end 1 0
1587059845336715 132176871118528 subm_beg 1 0
1587059849162775 132176871118528 subm_end 1 0
1587059849163135 132176871118528 pump_beg 1 0
1587059862371853 132176871118528 pump_end 1 2
1587059862375113 132176871118528 join_beg 1 0
1587059862376403 132176871118528 join_end 0 0
1587059864357691 132176871118528 coll_beg 0 0
1587059868575747 132176871118528 coll_end 0 0
1587059870551625 132176871118528 drain_beg 0 0
1587059870552455 132176871118528 drain_end 1 0
1587059870553185 132176871118528 subm_beg 1 0
1587059870579584 132176862725824 emit_beg 734 0
1587059872548842 132176871118528 subm_end 1 0
1587059872549282 132176871118528 pump_beg 1 0
1587059880420445 132176862725824 emit_end 734 0
1587059885544298 132176871118528 pump_end 1 2
1587059885546158 132176871118528 join_beg 1 0
1587059885547058 132176871118528 join_end 0 0
1587059887608912 132176871118528 coll_beg 0 0
1587059892355579 132176871118528 coll_end 0 0
1587059895620540 132176862725824 emit_beg 735 0
1587059903398736 132176862725824 emit_end 735 0
1587059920419765 132176871118528 drain_beg 0 0
1587059920420465 132176871118528 drain_end 1 0
1587059920420835 132176871118528 subm_beg 1 0
1587059924294854 132176871118528 subm_end 1 0
1587059924295184 132176871118528 pump_beg 1 0
1587059934044248 132176871118528 pump_end 1 2
1587059934044728 132176871118528 join_beg 1 0
1587059934045208 132176871118528 join_end 0 0
1587059936601335 132176871118528 coll_beg 0 0
1587059939100333 132176871118528 coll_end 0 0
1587059941070571 132176871118528 drain_beg 0 0
1587059941077671 132176871118528 drain_end 1 0
1587059941078161 132176871118528 subm_beg 1 0
1587059941091021 132176862725824 emit_beg 736 0
1587059942961263 132176871118528 subm_end 1 0
1587059942961653 132176871118528 pump_beg 1 0
1587059950823336 132176862725824 emit_end 736 0
1587059952986957 132176871118528 pump_end 1 2
1587059952987497 132176871118528 join_beg 1 0
1587059952987977 132176871118528 join_end 0 0
1587059956518818 132176871118528 coll_beg 0 0
1587059959223149 132176871118528 coll_end 0 0
1587059962422262 132176862725824 emit_beg 737 0
1587059970169760 132176862725824 emit_end 737 0
1587059986924428 132176871118528 drain_beg 0 0
1587059986925868 132176871118528 drain_end 1 0
1587059986926368 132176871118528 subm_beg 1 0
1587059990772128 132176871118528 subm_end 1 0
1587059990772578 132176871118528 pump_beg 1 0
1587060002593746 132176871118528 pump_end 1 2
1587060002594526 132176871118528 join_beg 1 0
1587060002595136 132176871118528 join_end 0 0
1587060004556855 132176871118528 coll_beg 0 0
1587060008247890 132176871118528 coll_end 0 0
1587060010191269 132176871118528 drain_beg 0 0
1587060010191699 132176871118528 drain_end 1 0
1587060010191949 132176871118528 subm_beg 1 0
1587060010214748 132176862725824 emit_beg 738 0
1587060012092980 132176871118528 subm_end 1 0
1587060012093510 132176871118528 pump_beg 1 0
1587060020152325 132176862725824 emit_end 738 0
1587060024265545 132176871118528 pump_end 1 2
1587060024266315 132176871118528 join_beg 1 0
1587060024266515 132176871118528 join_end 0 0
1587060026383588 132176871118528 coll_beg 0 0
1587060030608484 132176871118528 coll_end 0 0
1587060033567946 132176862725824 emit_beg 739 0
1587060040833161 132176862725824 emit_end 739 0
1587060055851833 132176871118528 drain_beg 0 0
1587060055852873 132176871118528 drain_end 1 0
1587060055853493 132176871118528 subm_beg 1 0
1587060059338625 132176871118528 subm_end 1 0
1587060059339185 132176871118528 pump_beg 1 0
1587060066280562 132176871118528 pump_end 1 2
1587060066281602 132176871118528 join_beg 1 0
1587060066281962 132176871118528 join_end 0 0
1587060068154714 132176871118528 coll_beg 0 0
1587060068266370 132176871118528 coll_end 0 0
1587060070093893 132176862725824 emit_beg 740 0
1587060070093743 132176871118528 drain_beg 0 0
1587060070106093 132176871118528 drain_end 1 0
1587060070107912 132176871118528 subm_beg 1 0
1587060073812677 132176871118528 subm_end 1 0
1587060073815017 132176871118528 pump_beg 1 0
1587060079124593 132176862725824 emit_end 740 0
1587060081122471 132176871118528 pump_end 1 2
1587060081123771 132176871118528 join_beg 1 0
1587060081124660 132176871118528 join_end 0 0
1587060084691990 132176871118528 coll_beg 0 0
1587060085211261 132176871118528 coll_end 0 0
1587060088219482 132176862725824 emit_beg 741 0
1587060095316663 132176862725824 emit_end 741 0
1587060108603148 132176871118528 drain_beg 0 0
1587060108605448 132176871118528 drain_end 1 0
1587060108606388 132176871118528 subm_beg 1 0
1587060112208396 132176871118528 subm_end 1 0
1587060112209986 132176871118528 pump_beg 1 0
1587060122585458 132176871118528 pump_end 1 2
1587060122587007 132176871118528 join_beg 1 0
1587060122587917 132176871118528 join_end 0 0
1587060124488718 132176871118528 coll_beg 0 0
1587060127289086 132176871118528 coll_end 0 0
1587060129081580 132176871118528 drain_beg 0 0
1587060129082160 132176871118528 drain_end 1 0
1587060129082490 132176871118528 subm_beg 1 0
1587060129103980 132176862725824 emit_beg 742 0
1587060130834016 132176871118528 subm_end 1 0
1587060130834376 132176871118528 pump_beg 1 0
1587060137991125 132176862725824 emit_end 742 0
1587060138281465 132176871118528 pump_end 1 2
1587060138281985 132176871118528 join_beg 1 0
1587060138282185 132176871118528 join_end 0 0
1587060140147807 132176871118528 coll_beg 0 0
1587060140710596 132176871118528 coll_end 0 0
1587060143747835 132176862725824 emit_beg 743 0
1587060151010080 132176862725824 emit_end 743 0
1587060168160754 132176871118528 drain_beg 0 0
1587060168162984 132176871118528 drain_end 1 0
1587060168163854 132176871118528 subm_beg 1 0
1587060173520259 132176871118528 subm_end 1 0
1587060173521179 132176871118528 pump_beg 1 0
1587060185355347 132176871118528 pump_end 1 2
1587060185355827 132176871118528 join_beg 1 0
1587060185356327 132176871118528 join_end 0 0
1587060187786458 132176871118528 coll_beg 0 0
1587060191723744 132176871118528 coll_end 0 0
1587060193536648 132176871118528 drain_beg 0 0
1587060193537258 132176871118528 drain_end 1 0
1587060193537718 132176871118528 subm_beg 1 0
1587060193558857 132176862725824 emit_beg 744 0
1587060195314483 132176871118528 subm_end 1 0
1587060195314843 132176871118528 pump_beg 1 0
1587060200930568 132176862725824 emit_end 744 0
1587060202389045 132176871118528 pump_end 1 2
1587060202389495 132176871118528 join_beg 1 0
1587060202389715 132176871118528 join_end 0 0
1587060204431681 132176871118528 coll_beg 0 0
1587060204713100 132176871118528 coll_end 0 0
1587060206521274 132176862725824 emit_beg 745 0
1587060213685613 132176862725824 emit_end 745 0
1587060232379811 132176871118528 drain_beg 0 0
1587060232381871 132176871118528 drain_end 1 0
1587060232382681 132176871118528 subm_beg 1 0
1587060237715006 132176871118528 subm_end 1 0
1587060237715866 132176871118528 pump_beg 1 0
1587060247343905 132176871118528 pump_end 1 2
1587060247345045 132176871118528 join_beg 1 0
1587060247345895 132176871118528 join_end 0 0
1587060249308143 132176871118528 coll_beg 0 0
1587060251676227 132176871118528 coll_end 0 0
1587060253485410 132176871118528 drain_beg 0 0
1587060253486350 132176871118528 drain_end 1 0
1587060253487110 132176871118528 subm_beg 1 0
1587060253505850 132176862725824 emit_beg 746 0
1587060255310954 132176871118528 subm_end 1 0
1587060255311344 132176871118528 pump_beg 1 0
1587060260853532 132176862725824 emit_end 746 0
1587060267049596 132176871118528 pump_end 1 2
1587060267051885 132176871118528 join_beg 1 0
1587060267052985 132176871118528 join_end 0 0
1587060270295757 132176871118528 coll_beg 0 0
1587060275540606 132176871118528 coll_end 0 0
1587060277586581 132176862725824 emit_beg 747 0
1587060279427754 132176871118528 drain_beg 0 0
1587060279431224 132176871118528 drain_end 1 0
1587060279432544 132176871118528 subm_beg 1 0
1587060284788538 132176871118528 subm_end 1 0
1587060284790738 132176871118528 pump_beg 1 0
1587060286726767 132176862725824 emit_end 747 0
1587060296971453 132176871118528 pump_end 1 2
1587060296972983 132176871118528 join_beg 1 0
1587060296973833 132176871118528 join_end 0 0
1587060299537110 132176871118528 coll_beg 0 0
1587060304181150 132176871118528 coll_end 0 0
1587060306855383 132176862725824 emit_beg 748 0
1587060308640258 132176871118528 drain_beg 0 0
1587060308641158 132176871118528 drain_end 1 0
1587060308641718 132176871118528 subm_beg 1 0
1587060314168496 132176871118528 subm_end 1 0
1587060314168876 132176871118528 pump_beg 1 0
1587060317826793 132176862725824 emit_end 748 0
1587060323005473 132176871118528 pump_end 1 2
1587060323007023 132176871118528 join_beg 1 0
1587060323007513 132176871118528 join_end 0 0
1587060325376067 132176871118528 coll_beg 0 0
1587060326961849 132176871118528 coll_end 0 0
1587060329434359 132176862725824 emit_beg 749 0
1587060336613297 132176862725824 emit_end 749 0
1587060353140694 132176871118528 drain_beg 0 0
1587060353142644 132176871118528 drain_end 1 0
1587060353143434 132176871118528 subm_beg 1 0
1587060358448790 132176871118528 subm_end 1 0
1587060358449690 132176871118528 pump_beg 1 0
1587060369326263 132176871118528 pump_end 1 2
1587060369326873 132176871118528 join_beg 1 0
1587060369327163 132176871118528 join_end 0 0
1587060371311041 132176871118528 coll_beg 0 0
1587060374556552 132176871118528 coll_end 0 0
1587060376376196 132176871118528 drain_beg 0 0
1587060376376946 132176871118528 drain_end 1 0
1587060376377376 132176871118528 subm_beg 1 0
1587060376397565 132176862725824 emit_beg 750 0
1587060378217409 132176871118528 subm_end 1 0
1587060378217789 132176871118528 pump_beg 1 0
1587060383739077 132176862725824 emit_end 750 0
1587060390155273 132176871118528 pump_end 1 2
1587060390156883 132176871118528 join_beg 1 0
1587060390167902 132176871118528 join_end 0 0
1587060392127501 132176871118528 coll_beg 0 0
1587060395414491 132176871118528 coll_end 0 0
1587060397996437 132176862725824 emit_beg 751 0
1587060407674014 132176862725824 emit_end 751 0
1587060423296274 132176871118528 drain_beg 0 0
1587060423297274 132176871118528 drain_end 1 0
1587060423297634 132176871118528 subm_beg 1 0
1587060427161983 132176871118528 subm_end 1 0
1587060427162423 132176871118528 pump_beg 1 0
1587060436095446 132176871118528 pump_end 1 2
1587060436096306 132176871118528 join_beg 1 0
1587060436096756 132176871118528 join_end 0 0
1587060439191134 132176871118528 coll_beg 0 0
1587060440161608 132176871118528 coll_end 0 0
1587060442108397 132176871118528 drain_beg 0 0
1587060442108817 132176871118528 drain_end 1 0
1587060442109177 132176871118528 subm_beg 1 0
1587060442129806 132176862725824 emit_beg 752 0
1587060444009298 132176871118528 subm_end 1 0
1587060444009658 132176871118528 pump_beg 1 0
1587060451876441 132176862725824 emit_end 752 0
1587060453029098 132176871118528 pump_end 1 2
1587060453029518 132176871118528 join_beg 1 0
1587060453029748 132176871118528 join_end 0 0
1587060456307119 132176871118528 coll_beg 0 0
1587060457657610 132176871118528 coll_end 0 0
1587060460166908 132176862725824 emit_beg 753 0
1587060469716700 132176862725824 emit_end 753 0
1587060485123707 132176871118528 drain_beg 0 0
1587060485125537 132176871118528 drain_end 1 0
1587060485126307 132176871118528 subm_beg 1 0
1587060490884127 132176871118528 subm_end 1 0
1587060490885717 132176871118528 pump_beg 1 0
1587060502513803 132176871118528 pump_end 1 2
1587060502515853 132176871118528 join_beg 1 0
1587060502516383 132176871118528 join_end 0 0
1587060504454212 132176871118528 coll_beg 0 0
1587060507858528 132176871118528 coll_end 0 0
1587060509842055 132176871118528 drain_beg 0 0
1587060509842805 132176871118528 drain_end 1 0
1587060509843345 132176871118528 subm_beg 1 0
1587060509863054 132176862725824 emit_beg 754 0
1587060511752596 132176871118528 subm_end 1 0
1587060511753026 132176871118528 pump_beg 1 0
1587060517670920 132176862725824 emit_end 754 0
1587060521389074 132176871118528 pump_end 1 2
1587060521389634 132176871118528 join_beg 1 0
1587060521389924 132176871118528 join_end 0 0
1587060523292234 132176871118528 coll_beg 0 0
1587060524624506 132176871118528 coll_end 0 0
1587060527090926 132176862725824 emit_beg 755 0
1587060534736967 132176862725824 emit_end 755 0
1587060554264304 132176871118528 drain_beg 0 0
1587060554266334 132176871118528 drain_end 1 0
1587060554267194 132176871118528 subm_beg 1 0
1587060560065782 132176871118528 subm_end 1 0
1587060560067452 132176871118528 pump_beg 1 0
1587060572048115 132176871118528 pump_end 1 2
1587060572048665 132176871118528 join_beg 1 0
1587060572048995 132176871118528 join_end 0 0
1587060574087131 132176871118528 coll_beg 0 0
1587060577357611 132176871118528 coll_end 0 0
1587060579362748 132176871118528 drain_beg 0 0
1587060579363368 132176871118528 drain_end 1 0
1587060579363978 132176871118528 subm_beg 1 0
1587060579384737 132176862725824 emit_beg 756 0
1587060581367065 132176871118528 subm_end 1 0
1587060581367425 132176871118528 pump_beg 1 0
1587060587306528 132176862725824 emit_end 756 0
1587060592242218 132176871118528 pump_end 1 2
1587060592242778 132176871118528 join_beg 1 0
1587060592242998 132176871118528 join_end 0 0
1587060594802575 132176871118528 coll_beg 0 0
1587060597462898 132176871118528 coll_end 0 0
1587060600586974 132176862725824 emit_beg 757 0
1587060608263374 132176862725824 emit_end 757 0
1587060624728583 132176871118528 drain_beg 0 0
1587060624729943 132176871118528 drain_end 1 0
1587060624730673 132176871118528 subm_beg 1 0
1587060628573272 132176871118528 subm_end 1 0
1587060628573702 132176871118528 pump_beg 1 0
1587060639404657 132176871118528 pump_end 1 2
1587060639405307 132176871118528 join_beg 1 0
1587060639405947 132176871118528 join_end 0 0
1587060642226184 132176871118528 coll_beg 0 0
1587060645658219 132176871118528 coll_end 0 0
1587060647657746 132176871118528 drain_beg 0 0
1587060647668926 132176871118528 drain_end 1 0
1587060647669436 132176871118528 subm_beg 1 0
1587060647677365 132176862725824 emit_beg 758 0
1587060651576273 132176871118528 subm_end 1 0
1587060651576943 132176871118528 pump_beg 1 0
1587060657470048 132176862725824 emit_end 758 0
1587060662279742 132176871118528 pump_end 1 2
1587060662281682 132176871118528 join_beg 1 0
1587060662282302 132176871118528 join_end 0 0
1587060664288389 132176871118528 coll_beg 0 0
1587060668707038 132176871118528 coll_end 0 0
1587060672268258 132176862725824 emit_beg 759 0
1587060680047574 132176862725824 emit_end 759 0
1587060696588480 132176871118528 drain_beg 0 0
1587060696590690 132176871118528 drain_end 1 0
1587060696591780 132176871118528 subm_beg 1 0
1587060700443940 132176871118528 subm_end 1 0
1587060700445670 132176871118528 pump_beg 1 0
1587060707862609 132176871118528 pump_end 1 2
1587060707863179 132176871118528 join_beg 1 0
1587060707863529 132176871118528 join_end 0 0
1587060709855776 132176871118528 coll_beg 0 0
1587060710671026 132176871118528 coll_end 0 0
1587060712758550 132176871118528 drain_beg 0 0
1587060712759650 132176871118528 drain_end 1 0
1587060712760390 132176871118528 subm_beg 1 0
1587060712779779 132176862725824 emit_beg 760 0
1587060714729558 132176871118528 subm_end 1 0
1587060714731318 132176871118528 pump_beg 1 0
1587060722566822 132176862725824 emit_end 760 0
1587060727356817 132176871118528 pump_end 1 2
1587060727358107 132176871118528 join_beg 1 0
1587060727358507 132176871118528 join_end 0 0
1587060731013164 132176871118528 coll_beg 0 0
1587060735356956 132176871118528 coll_end 0 0
1587060737323894 132176862725824 emit_beg 761 0
1587060745076741 132176862725824 emit_end 761 0
1587060763733440 132176871118528 drain_beg 0 0
1587060763734480 132176871118528 drain_end 1 0
1587060763734960 132176871118528 subm_beg 1 0
1587060767474433 132176871118528 subm_end 1 0
1587060767475013 132176871118528 pump_beg 1 0
1587060775912325 132176871118528 pump_end 1 2
1587060775913025 132176871118528 join_beg 1 0
1587060775913595 132176871118528 join_end 0 0
1587060777907333 132176871118528 coll_beg 0 0
1587060779061331 132176871118528 coll_end 0 0
1587060780980671 132176871118528 drain_beg 0 0
1587060780981331 132176871118528 drain_end 1 0
1587060780981781 132176871118528 subm_beg 1 0
1587060781002580 132176862725824 emit_beg 762 0
1587060782908920 132176871118528 subm_end 1 0
1587060782909330 132176871118528 pump_beg 1 0
1587060790868910 132176862725824 emit_end 762 0
1587060793924108 132176871118528 pump_end 1 2
1587060793924878 132176871118528 join_beg 1 0
1587060793925138 132176871118528 join_end 0 0
1587060795747232 132176871118528 coll_beg 0 0
1587060799152287 132176871118528 coll_end 0 0
1587060801232762 132176862725824 emit_beg 763 0
1587060810421356 132176862725824 emit_end 763 0
1587060825019223 132176871118528 drain_beg 0 0
1587060825020853 132176871118528 drain_end 1 0
1587060825021433 132176871118528 subm_beg 1 0
1587060828623712 132176871118528 subm_end 1 0
1587060828624202 132176871118528 pump_beg 1 0
1587060838887637 132176871118528 pump_end 1 2
1587060838888387 132176871118528 join_beg 1 0
1587060838888817 132176871118528 join_end 0 0
1587060841294859 132176871118528 coll_beg 0 0
1587060843778749 132176871118528 coll_end 0 0
1587060845646491 132176871118528 drain_beg 0 0
1587060845647151 132176871118528 drain_end 1 0
1587060845647601 132176871118528 subm_beg 1 0
1587060845668950 132176862725824 emit_beg 764 0
1587060847470534 132176871118528 subm_end 1 0
1587060847470924 132176871118528 pump_beg 1 0
1587060855075847 132176862725824 emit_end 764 0
1587060858386986 132176871118528 pump_end 1 2
1587060858387676 132176871118528 join_beg 1 0
1587060858388026 132176871118528 join_end 0 0
1587060860225959 132176871118528 coll_beg 0 0
1587060863542638 132176871118528 coll_end 0 0
1587060865609602 132176862725824 emit_beg 765 0
1587060872922665 132176862725824 emit_end 765 0
1587060889235190 132176871118528 drain_beg 0 0
1587060889237540 132176871118528 drain_end 1 0
1587060889238640 132176871118528 subm_beg 1 0
1587060894746889 132176871118528 subm_end 1 0
1587060894747939 132176871118528 pump_beg 1 0
1587060905703269 132176871118528 pump_end 1 2
1587060905704019 132176871118528 join_beg 1 0
1587060905704469 132176871118528 join_end 0 0
1587060907636838 132176871118528 coll_beg 0 0
1587060911105062 132176871118528 coll_end 0 0
1587060912950575 132176871118528 drain_beg 0 0
1587060912951305 132176871118528 drain_end 1 0
1587060912951895 132176871118528 subm_beg 1 0
1587060912954355 132176862725824 emit_beg 766 0
1587060914779918 132176871118528 subm_end 1 0
1587060914780348 132176871118528 pump_beg 1 0
1587060920277987 132176862725824 emit_end 766 0
1587060922396120 132176871118528 pump_end 1 2
1587060922396750 132176871118528 join_beg 1 0
1587060922397030 132176871118528 join_end 0 0
1587060924421466 132176871118528 coll_beg 0 0
1587060925168019 132176871118528 coll_end 0 0
1587060928080702 132176862725824 emit_beg 767 0
1587060935436934 132176862725824 emit_end 767 0
1587060952888857 132176871118528 drain_beg 0 0
1587060952890837 132176871118528 drain_end 1 0
1587060952891617 132176871118528 subm_beg 1 0
1587060958455944 132176871118528 subm_end 1 0
1587060958457514 132176871118528 pump_beg 1 0
1587060967019021 132176871118528 pump_end 1 2
1587060967021021 132176871118528 join_beg 1 0
1587060967021911 132176871118528 join_end 0 0
1587060969232651 132176871118528 coll_beg 0 0
1587060969838799 132176871118528 coll_end 0 0
1587060971802827 132176871118528 drain_beg 0 0
1587060971807027 132176871118528 drain_end 1 0
1587060971808317 132176871118528 subm_beg 1 0
1587060971804047 132176862725824 emit_beg 768 0
1587060973781045 132176871118528 subm_end 1 0
1587060973781895 132176871118528 pump_beg 1 0
1587060980979732 132176862725824 emit_end 768 0
1587060985232907 132176871118528 pump_end 1 2
1587060985235007 132176871118528 join_beg 1 0
1587060985235657 132176871118528 join_end 0 0
1587060987272142 132176871118528 coll_beg 0 0
1587060990530833 132176871118528 coll_end 0 0
1587060992803211 132176862725824 emit_beg 769 0
1587061000158352 132176862725824 emit_end 769 0
1587061014571106 132176871118528 drain_beg 0 0
1587061014572496 132176871118528 drain_end 1 0
1587061014573286 132176871118528 subm_beg 1 0
1587061018311900 132176871118528 subm_end 1 0
1587061018312430 132176871118528 pump_beg 1 0
1587061031302536 132176871118528 pump_end 1 2
1587061031305035 132176871118528 join_beg 1 0
1587061031305745 132176871118528 join_end 0 0
1587061033324922 132176871118528 coll_beg 0 0
1587061038460394 132176871118528 coll_end 0 0
1587061040502440 132176871118528 drain_beg 0 0
1587061040504740 132176871118528 drain_end 1 0
1587061040505820 132176871118528 subm_beg 1 0
1587061040520959 132176862725824 emit_beg 770 0
1587061044193615 132176871118528 subm_end 1 0
1587061044194535 132176871118528 pump_beg 1 0
1587061049753922 132176862725824 emit_end 770 0
1587061055869179 132176871118528 pump_end 1 2
1587061055870639 132176871118528 join_beg 1 0
1587061055871149 132176871118528 join_end 0 0
1587061057816978 132176871118528 coll_beg 0 0
1587061061743405 132176871118528 coll_end 0 0
1587061065086483 132176862725824 emit_beg 771 0
1587061072449534 132176862725824 emit_end 771 0
1587061087362240 132176871118528 drain_beg 0 0
1587061087362960 132176871118528 drain_end 1 0
1587061087363370 132176871118528 subm_beg 1 0
1587061090932749 132176871118528 subm_end 1 0
1587061090933179 132176871118528 pump_beg 1 0
1587061103317697 132176871118528 pump_end 1 2
1587061103319367 132176871118528 join_beg 1 0
1587061103320187 132176871118528 join_end 0 0
1587061105256977 132176871118528 coll_beg 0 0
1587061109682555 132176871118528 coll_end 0 0
1587061111556187 132176871118528 drain_beg 0 0
1587061111556757 132176871118528 drain_end 1 0
1587061111557077 132176871118528 subm_beg 1 0
1587061111561157 132176862725824 emit_beg 772 0
1587061113375130 132176871118528 subm_end 1 0
1587061113375520 132176871118528 pump_beg 1 0
1587061120857197 132176862725824 emit_end 772 0
1587061124461596 132176871118528 pump_end 1 2
1587061124462286 132176871118528 join_beg 1 0
1587061124468266 132176871118528 join_end 0 0
1587061126906197 132176871118528 coll_beg 0 0
1587061131370204 132176871118528 coll_end 0 0
1587061134361795 132176862725824 emit_beg 773 0
1587061141765164 132176862725824 emit_end 773 0
1587061156355822 132176871118528 drain_beg 0 0
1587061156356832 132176871118528 drain_end 1 0
1587061156357532 132176871118528 subm_beg 1 0
1587061160051317 132176871118528 subm_end 1 0
1587061160051727 132176871118528 pump_beg 1 0
1587061171260238 132176871118528 pump_end 1 2
1587061171261078 132176871118528 join_beg 1 0
1587061171261368 132176871118528 join_end 0 0
1587061173091101 132176871118528 coll_beg 0 0
1587061176653161 132176871118528 coll_end 0 0
1587061178521563 132176871118528 drain_beg 0 0
1587061178522123 132176871118528 drain_end 1 0
1587061178522423 132176871118528 subm_beg 1 0
1587061178545952 132176862725824 emit_beg 774 0
1587061180341297 132176871118528 subm_end 1 0
1587061180341777 132176871118528 pump_beg 1 0
1587061187888081 132176862725824 emit_end 774 0
1587061189483083 132176871118528 pump_end 1 2
1587061189483793 132176871118528 join_beg 1 0
1587061189483993 132176871118528 join_end 0 0
1587061191376594 132176871118528 coll_beg 0 0
1587061193864313 132176871118528 coll_end 0 0
1587061195849601 132176862725824 emit_beg 775 0
1587061203656076 132176862725824 emit_end 775 0
1587061223448723 132176871118528 drain_beg 0 0
1587061223450943 132176871118528 drain_end 1 0
1587061223452033 132176871118528 subm_beg 1 0
1587061229187604 132176871118528 subm_end 1 0
1587061229188674 132176871118528 pump_beg 1 0
1587061240634026 132176871118528 pump_end 1 2
1587061240635236 132176871118528 join_beg 1 0
1587061240636116 132176871118528 join_end 0 0
1587061242636673 132176871118528 coll_beg 0 0
1587061248438172 132176871118528 coll_end 0 0
1587061250484777 132176871118528 drain_beg 0 0
1587061250485627 132176871118528 drain_end 1 0
1587061250486097 132176871118528 subm_beg 1 0
1587061250514186 132176862725824 emit_beg 776 0
1587061252467925 132176871118528 subm_end 1 0
1587061252468325 132176871118528 pump_beg 1 0
1587061260241811 132176862725824 emit_end 776 0
1587061264806214 132176871118528 pump_end 1 2
1587061264808274 132176871118528 join_beg 1 0
1587061264809154 132176871118528 join_end 0 0
1587061266830880 132176871118528 coll_beg 0 0
1587061271071316 132176871118528 coll_end 0 0
1587061274532349 132176862725824 emit_beg 777 0
1587061282183950 132176862725824 emit_end 777 0
1587061298234974 132176871118528 drain_beg 0 0
1587061298237044 132176871118528 drain_end 1 0
1587061298238084 132176871118528 subm_beg 1 0
1587061303949376 132176871118528 subm_end 1 0
1587061303950996 132176871118528 pump_beg 1 0
1587061312640249 132176871118528 pump_end 1 2
1587061312642289 132176871118528 join_beg 1 0
1587061312642789 132176871118528 join_end 0 0
1587061314602237 132176871118528 coll_beg 0 0
1587061316102552 132176871118528 coll_end 0 0
1587061318091530 132176871118528 drain_beg 0 0
1587061318092230 132176871118528 drain_end 1 0
1587061318092730 132176871118528 subm_beg 1 0
1587061318097719 132176862725824 emit_beg 778 0
1587061319966391 132176871118528 subm_end 1 0
1587061319966821 132176871118528 pump_beg 1 0
1587061327603733 132176862725824 emit_end 778 0
1587061330647022 132176871118528 pump_end 1 2
1587061330647822 132176871118528 join_beg 1 0
1587061330648032 132176871118528 join_end 0 0
1587061332599930 132176871118528 coll_beg 0 0
1587061336454080 132176871118528 coll_end 0 0
1587061340303729 132176862725824 emit_beg 779 0
1587061348142593 132176862725824 emit_end 779 0
1587061363136086 132176871118528 drain_beg 0 0
1587061363136546 132176871118528 drain_end 1 0
1587061363136896 132176871118528 subm_beg 1 0
1587061366955297 132176871118528 subm_end 1 0
1587061366955737 132176871118528 pump_beg 1 0
1587061378462067 132176871118528 pump_end 1 2
1587061378462807 132176871118528 join_beg 1 0
1587061378463417 132176871118528 join_end 0 0
1587061380455864 132176871118528 coll_beg 0 0
1587061384844224 132176871118528 coll_end 0 0
1587061386877080 132176871118528 drain_beg 0 0
1587061386888399 132176871118528 drain_end 1 0
1587061386889579 132176871118528 subm_beg 1 0
1587061386878109 132176862725824 emit_beg 780 0
1587061392835802 132176871118528 subm_end 1 0
1587061392836792 132176871118528 pump_beg 1 0
1587061396749489 132176862725824 emit_end 780 0
1587061403361788 132176871118528 pump_end 1 2
1587061403362328 132176871118528 join_beg 1 0
1587061403362658 132176871118528 join_end 0 0
1587061407052963 132176871118528 coll_beg 0 0
1587061411824569 132176871118528 coll_end 0 0
1587061414650266 132176862725824 emit_beg 781 0
1587061422350605 132176862725824 emit_end 781 0
1587061439548767 132176871118528 drain_beg 0 0
1587061439551087 132176871118528 drain_end 1 0
1587061439551957 132176871118528 subm_beg 1 0
1587061443356818 132176871118528 subm_end 1 0
1587061443358278 132176871118528 pump_beg 1 0
1587061454313309 132176871118528 pump_end 1 2
1587061454314379 132176871118528 join_beg 1 0
1587061454315598 132176871118528 join_end 0 0
1587061456274057 132176871118528 coll_beg 0 0
1587061459853716 132176871118528 coll_end 0 0
1587061461792976 132176871118528 drain_beg 0 0
1587061461793776 132176871118528 drain_end 1 0
1587061461794326 132176871118528 subm_beg 1 0
1587061461796975 132176862725824 emit_beg 782 0
1587061463761074 132176871118528 subm_end 1 0
1587061463761454 132176871118528 pump_beg 1 0
1587061469620900 132176862725824 emit_end 782 0
1587061474581329 132176871118528 pump_end 1 2
1587061474581829 132176871118528 join_beg 1 0
1587061474582059 132176871118528 join_end 0 0
1587061477419555 132176871118528 coll_beg 0 0
1587061480566150 132176871118528 coll_end 0 0
1587061483335389 132176862725824 emit_beg 783 0
1587061491185193 132176862725824 emit_end 783 0
1587061508668595 132176871118528 drain_beg 0 0
1587061508670735 132176871118528 drain_end 1 0
1587061508671505 132176871118528 subm_beg 1 0
1587061514484333 132176871118528 subm_end 1 0
1587061514485863 132176871118528 pump_beg 1 0
1587061526345530 132176871118528 pump_end 1 2
1587061526346170 132176871118528 join_beg 1 0
1587061526346720 132176871118528 join_end 0 0
1587061528349547 132176871118528 coll_beg 0 0
1587061532058101 132176871118528 coll_end 0 0
1587061534032179 132176871118528 drain_beg 0 0
1587061534033019 132176871118528 drain_end 1 0
1587061534033509 132176871118528 subm_beg 1 0
1587061534038629 132176862725824 emit_beg 784 0
1587061535973018 132176871118528 subm_end 1 0
1587061535973418 132176871118528 pump_beg 1 0
1587061542377025 132176862725824 emit_end 784 0
1587061547398562 132176871118528 pump_end 1 2
1587061547403641 132176871118528 join_beg 1 0
1587061547404961 132176871118528 join_end 0 0
1587061550830906 132176871118528 coll_beg 0 0
1587061555106790 132176871118528 coll_end 0 0
1587061557155756 132176862725824 emit_beg 785 0
1587061564977240 132176862725824 emit_end 785 0
1587061583075560 132176871118528 drain_beg 0 0
1587061583076990 132176871118528 drain_end 1 0
1587061583077580 132176871118528 subm_beg 1 0
1587061586985047 132176871118528 subm_end 1 0
1587061586985917 132176871118528 pump_beg 1 0
1587061597513783 132176871118528 pump_end 1 2
1587061597514473 132176871118528 join_beg 1 0
1587061597514823 132176871118528 join_end 0 0
1587061599503330 132176871118528 coll_beg 0 0
1587061602387865 132176871118528 coll_end 0 0
1587061604348803 132176871118528 drain_beg 0 0
1587061604349593 132176871118528 drain_end 1 0
1587061604349973 132176871118528 subm_beg 1 0
1587061604352883 132176862725824 emit_beg 786 0
1587061606331731 132176871118528 subm_end 1 0
1587061606332151 132176871118528 pump_beg 1 0
1587061612380950 132176862725824 emit_end 786 0
1587061616855977 132176871118528 pump_end 1 2
1587061616856897 132176871118528 join_beg 1 0
1587061616857547 132176871118528 join_end 0 0
1587061619847118 132176871118528 coll_beg 0 0
1587061622927575 132176871118528 coll_end 0 0
1587061625389995 132176862725824 emit_beg 787 0
1587061634593360 132176862725824 emit_end 787 0
1587061648875018 132176871118528 drain_beg 0 0
1587061648876668 132176871118528 drain_end 1 0
1587061648877328 132176871118528 subm_beg 1 0
1587061652557604 132176871118528 subm_end 1 0
1587061652558134 132176871118528 pump_beg 1 0
1587061664597985 132176871118528 pump_end 1 2
1587061664598515 132176871118528 join_beg 1 0
1587061664598845 132176871118528 join_end 0 0
1587061666431498 132176871118528 coll_beg 0 0
1587061670486770 132176871118528 coll_end 0 0
1587061672404320 132176871118528 drain_beg 0 0
1587061672404920 132176871118528 drain_end 1 0
1587061672405390 132176871118528 subm_beg 1 0
1587061672428099 132176862725824 emit_beg 788 0
1587061674194554 132176871118528 subm_end 1 0
1587061674194934 132176871118528 pump_beg 1 0
1587061681688391 132176862725824 emit_end 788 0
1587061684431581 132176871118528 pump_end 1 2
1587061684435041 132176871118528 join_beg 1 0
1587061684436421 132176871118528 join_end 0 0
1587061687739730 132176871118528 coll_beg 0 0
1587061690610895 132176871118528 coll_end 0 0
1587061693305487 132176862725824 emit_beg 789 0
1587061700686708 132176862725824 emit_end 789 0
1587061716596657 132176871118528 drain_beg 0 0
1587061716599297 132176871118528 drain_end 1 0
1587061716600467 132176871118528 subm_beg 1 0
1587061722090327 132176871118528 subm_end 1 0
1587061722092346 132176871118528 pump_beg 1 0
1587061733360695 132176871118528 pump_end 1 2
1587061733363965 132176871118528 join_beg 1 0
1587061733365805 132176871118528 join_end 0 0
1587061735881293 132176871118528 coll_beg 0 0
1587061739297999 132176871118528 coll_end 0 0
1587061741149031 132176871118528 drain_beg 0 0
1587061741149821 132176871118528 drain_end 1 0
1587061741150571 132176871118528 subm_beg 1 0
1587061741169990 132176862725824 emit_beg 790 0
1587061742943766 132176871118528 subm_end 1 0
1587061742944286 132176871118528 pump_beg 1 0
1587061750346235 132176862725824 emit_end 790 0
1587061752850694 132176871118528 pump_end 1 2
1587061752851624 132176871118528 join_beg 1 0
1587061752852054 132176871118528 join_end 0 0
1587061755875394 132176871118528 coll_beg 0 0
1587061758315215 132176871118528 coll_end 0 0
1587061761249837 132176862725824 emit_beg 791 0
1587061768793152 132176862725824 emit_end 791 0
1587061784198390 132176871118528 drain_beg 0 0
1587061784199610 132176871118528 drain_end 1 0
1587061784200060 132176871118528 subm_beg 1 0
1587061787881006 132176871118528 subm_end 1 0
1587061787881666 132176871118528 pump_beg 1 0
1587061799604158 132176871118528 pump_end 1 2
1587061799606398 132176871118528 join_beg 1 0
1587061799607438 132176871118528 join_end 0 0
1587061801499379 132176871118528 coll_beg 0 0
1587061805501873 132176871118528 coll_end 0 0
1587061807393474 132176871118528 drain_beg 0 0
1587061807394264 132176871118528 drain_end 1 0
1587061807395044 132176871118528 subm_beg 1 0
1587061807395983 132176862725824 emit_beg 792 0
1587061809237716 132176871118528 subm_end 1 0
1587061809238246 132176871118528 pump_beg 1 0
1587061814970637 132176862725824 emit_end 792 0
1587061821526838 132176871118528 pump_end 1 2
1587061821528068 132176871118528 join_beg 1 0
1587061821528468 132176871118528 join_end 0 0
1587061823349731 132176871118528 coll_beg 0 0
1587061828353779 132176871118528 coll_end 0 0
1587061830929875 132176862725824 emit_beg 793 0
1587061838378503 132176862725824 emit_end 793 0
1587061854339540 132176871118528 drain_beg 0 0
1587061854343870 132176871118528 drain_end 1 0
1587061854344990 132176871118528 subm_beg 1 0
1587061859945486 132176871118528 subm_end 1 0
1587061859948136 132176871118528 pump_beg 1 0
1587061871535423 132176871118528 pump_end 1 2
1587061871536583 132176871118528 join_beg 1 0
1587061871537143 132176871118528 join_end 0 0
1587061873484002 132176871118528 coll_beg 0 0
1587061878432881 132176871118528 coll_end 0 0
1587061880421929 132176871118528 drain_beg 0 0
1587061880423039 132176871118528 drain_end 1 0
1587061880423779 132176871118528 subm_beg 1 0
1587061880442348 132176862725824 emit_beg 794 0
1587061882193854 132176871118528 subm_end 1 0
1587061882194384 132176871118528 pump_beg 1 0
1587061889603303 132176862725824 emit_end 794 0
1587061891077900 132176871118528 pump_end 1 2
1587061891078620 132176871118528 join_beg 1 0
1587061891085649 132176871118528 join_end 0 0
1587061892964701 132176871118528 coll_beg 0 0
1587061894722677 132176871118528 coll_end 0 0
1587061896614648 132176862725824 emit_beg 795 0
1587061903939280 132176862725824 emit_end 795 0
1587061922654527 132176871118528 drain_beg 0 0
1587061922657297 132176871118528 drain_end 1 0
1587061922658137 132176871118528 subm_beg 1 0
1587061928185765 132176871118528 subm_end 1 0
1587061928187345 132176871118528 pump_beg 1 0
1587061938874475 132176871118528 pump_end 1 2
1587061938875125 132176871118528 join_beg 1 0
1587061938875505 132176871118528 join_end 0 0
1587061940723658 132176871118528 coll_beg 0 0
1587061943957250 132176871118528 coll_end 0 0
1587061945835011 132176871118528 drain_beg 0 0
1587061945835701 132176871118528 drain_end 1 0
1587061945836161 132176871118528 subm_beg 1 0
1587061945837321 132176862725824 emit_beg 796 0
1587061947711283 132176871118528 subm_end 1 0
1587061947711703 132176871118528 pump_beg 1 0
1587061953415025 132176862725824 emit_end 796 0
1587061955046955 132176871118528 pump_end 1 2
1587061955047705 132176871118528 join_beg 1 0
1587061955047975 132176871118528 join_end 0 0
1587061957019413 132176871118528 coll_beg 0 0
1587061957613972 132176871118528 coll_end 0 0
1587061960673900 132176862725824 emit_beg 797 0
1587061967937835 132176862725824 emit_end 797 0
1587061985925308 132176871118528 drain_beg 0 0
1587061985928108 132176871118528 drain_end 1 0
1587061985928938 132176871118528 subm_beg 1 0
1587061989582125 132176871118528 subm_end 1 0
1587061989583305 132176871118528 pump_beg 1 0
1587061998875836 132176871118528 pump_end 1 2
1587061998877886 132176871118528 join_beg 1 0
1587061998878666 132176871118528 join_end 0 0
1587062000824755 132176871118528 coll_beg 0 0
1587062002921568 132176871118528 coll_end 0 0
1587062004763091 132176862725824 emit_beg 798 0
1587062012115173 132176862725824 emit_end 798 0
1587062014084611 132176871118528 drain_beg 0 0
1587062014085511 132176871118528 drain_end 1 0
1587062014085991 132176871118528 subm_beg 1 0
1587062016055389 132176871118528 subm_end 1 0
1587062016055719 132176871118528 pump_beg 1 0
1587062028536943 132176871118528 pump_end 1 2
1587062028537923 132176871118528 join_beg 1 0
1587062028538243 132176871118528 join_end 0 0
1587062031235855 132176871118528 coll_beg 0 0
1587062036413636 132176871118528 coll_end 0 0
1587062038464431 132176871118528 drain_beg 0 0
1587062038466251 132176871118528 drain_end 1 0
1587062038466781 132176862725824 emit_beg 799 0
1587062038467291 132176871118528 subm_beg 1 0
1587062042375318 132176871118528 subm_end 1 0
1587062042375828 132176871118528 pump_beg 1 0
1587062048290343 132176862725824 emit_end 799 0
1587062050351037 132176871118528 pump_end 1 2
1587062050351787 132176871118528 join_beg 1 0
1587062050352097 132176871118528 join_end 0 0
1587062052360194 132176871118528 coll_beg 0 0
1587062053437935 132176871118528 coll_end 0 0
1587062056271411 132176862725824 emit_beg 800 0
1587062062098929 132176862725824 emit_end 800 0
1587062083486448 132176871118528 drain_beg 0 0
1587062083488748 132176871118528 drain_end 1 0
1587062083489558 132176871118528 subm_beg 1 0
1587062087449663 132176871118528 subm_end 1 0
1587062087451373 132176871118528 pump_beg 1 0
1587062095421933 132176871118528 pump_end 1 2
1587062095422823 132176871118528 join_beg 1 0
1587062095423302 132176871118528 join_end 0 0
1587062097412150 132176871118528 coll_beg 0 0
1587062098249199 132176871118528 coll_end 0 0
1587062100237107 132176871118528 drain_beg 0 0
1587062100237607 132176871118528 drain_end 1 0
1587062100237977 132176871118528 subm_beg 1 0
1587062100257836 132176862725824 emit_beg 801 0
1587062102182926 132176871118528 subm_end 1 0
1587062102183296 132176871118528 pump_beg 1 0
1587062110086657 132176862725824 emit_end 801 0
1587062114571024 132176871118528 pump_end 1 2
1587062114571544 132176871118528 join_beg 1 0
1587062114571784 132176871118528 join_end 0 0
1587062116749964 132176871118528 coll_beg 0 0
1587062121558539 132176871118528 coll_end 0 0
1587062124853009 132176862725824 emit_beg 802 0
1587062126784838 132176871118528 drain_beg 0 0
1587062126789268 132176871118528 drain_end 1 0
1587062126790528 132176871118528 subm_beg 1 0
1587062132624295 132176871118528 subm_end 1 0
1587062132625005 132176871118528 pump_beg 1 0
1587062134658921 132176862725824 emit_end 802 0
1587062140522317 132176871118528 pump_end 1 2
1587062140523197 132176871118528 join_beg 1 0
1587062140523617 132176871118528 join_end 0 0
1587062142918059 132176871118528 coll_beg 0 0
1587062143943622 132176871118528 coll_end 0 0
1587062147844770 132176862725824 emit_beg 803 0
1587062155791750 132176862725824 emit_end 803 0
1587062170876579 132176871118528 drain_beg 0 0
1587062170878199 132176871118528 drain_end 1 0
1587062170878719 132176871118528 subm_beg 1 0
1587062174758897 132176871118528 subm_end 1 0
1587062174759437 132176871118528 pump_beg 1 0
1587062186904704 132176871118528 pump_end 1 2
1587062186906864 132176871118528 join_beg 1 0
1587062186907434 132176871118528 join_end 0 0
1587062189088294 132176871118528 coll_beg 0 0
1587062192972073 132176871118528 coll_end 0 0
1587062195226040 132176862725824 emit_beg 804 0
1587062203290016 132176862725824 emit_end 804 0
1587062205168128 132176871118528 drain_beg 0 0
1587062205168968 132176871118528 drain_end 1 0
1587062205169298 132176871118528 subm_beg 1 0
1587062207097217 132176871118528 subm_end 1 0
1587062207098017 132176871118528 pump_beg 1 0
1587062217397301 132176871118528 pump_end 1 2
1587062217398471 132176871118528 join_beg 1 0
1587062217398831 132176871118528 join_end 0 0
1587062221122715 132176871118528 coll_beg 0 0
1587062223865185 132176871118528 coll_end 0 0
1587062227048799 132176871118528 drain_beg 0 0
1587062227049369 132176871118528 drain_end 1 0
1587062227049749 132176871118528 subm_beg 1 0
1587062227056059 132176862725824 emit_beg 805 0
1587062228950690 132176871118528 subm_end 1 0
1587062228951090 132176871118528 pump_beg 1 0
1587062236800813 132176862725824 emit_end 805 0
1587062241273540 132176871118528 pump_end 1 2
1587062241274350 132176871118528 join_beg 1 0
1587062241274690 132176871118528 join_end 0 0
1587062243314466 132176871118528 coll_beg 0 0
1587062247308410 132176871118528 coll_end 0 0
1587062251324533 132176862725824 emit_beg 806 0
1587062259290612 132176862725824 emit_end 806 0
1587062275266069 132176871118528 drain_beg 0 0
1587062275268389 132176871118528 drain_end 1 0
1587062275269009 132176871118528 subm_beg 1 0
1587062279164527 132176871118528 subm_end 1 0
1587062279165987 132176871118528 pump_beg 1 0
1587062288719349 132176871118528 pump_end 1 2
1587062288720039 132176871118528 join_beg 1 0
1587062288720519 132176871118528 join_end 0 0
1587062290868670 132176871118528 coll_beg 0 0
1587062293143657 132176871118528 coll_end 0 0
1587062295113775 132176871118528 drain_beg 0 0
1587062295114575 132176871118528 drain_end 1 0
1587062295115225 132176871118528 subm_beg 1 0
1587062295120345 132176862725824 emit_beg 807 0
1587062297057224 132176871118528 subm_end 1 0
1587062297057724 132176871118528 pump_beg 1 0
1587062303038536 132176862725824 emit_end 807 0
1587062306789579 132176871118528 pump_end 1 2
1587062306790249 132176871118528 join_beg 1 0
1587062306790629 132176871118528 join_end 0 0
1587062310153556 132176871118528 coll_beg 0 0
1587062313519504 132176871118528 coll_end 0 0
1587062315930936 132176862725824 emit_beg 808 0
1587062323804448 132176862725824 emit_end 808 0
1587062341061498 132176871118528 drain_beg 0 0
1587062341064008 132176871118528 drain_end 1 0
1587062341064668 132176871118528 subm_beg 1 0
1587062345147309 132176871118528 subm_end 1 0
1587062345147959 132176871118528 pump_beg 1 0
1587062353681468 132176871118528 pump_end 1 2
1587062353682018 132176871118528 join_beg 1 0
1587062353682658 132176871118528 join_end 0 0
1587062355668345 132176871118528 coll_beg 0 0
1587062356421068 132176871118528 coll_end 0 0
1587062358373327 132176871118528 drain_beg 0 0
1587062358373987 132176871118528 drain_end 1 0
1587062358374477 132176871118528 subm_beg 1 0
1587062358377246 132176862725824 emit_beg 809 0
1587062360309536 132176871118528 subm_end 1 0
1587062360317186 132176871118528 pump_beg 1 0
1587062366212341 132176862725824 emit_end 809 0
1587062369207491 132176871118528 pump_end 1 2
1587062369208021 132176871118528 join_beg 1 0
1587062369208361 132176871118528 join_end 0 0
1587062372479372 132176871118528 coll_beg 0 0
1587062373885101 132176871118528 coll_end 0 0
1587062376381409 132176862725824 emit_beg 810 0
1587062384209034 132176862725824 emit_end 810 0
1587062401710595 132176871118528 drain_beg 0 0
1587062401712565 132176871118528 drain_end 1 0
1587062401713235 132176871118528 subm_beg 1 0
1587062407331320 132176871118528 subm_end 1 0
1587062407332870 132176871118528 pump_beg 1 0
1587062416777205 132176871118528 pump_end 1 2
1587062416778845 132176871118528 join_beg 1 0
1587062416779505 132176871118528 join_end 0 0
1587062418870579 132176871118528 coll_beg 0 0
1587062420812258 132176871118528 coll_end 0 0
1587062422737678 132176871118528 drain_beg 0 0
1587062422738308 132176871118528 drain_end 1 0
1587062422738818 132176871118528 subm_beg 1 0
1587062422741048 132176862725824 emit_beg 811 0
1587062424607630 132176871118528 subm_end 1 0
1587062424608220 132176871118528 pump_beg 1 0
1587062431914163 132176862725824 emit_end 811 0
1587062436639730 132176871118528 pump_end 1 2
1587062436642190 132176871118528 join_beg 1 0
1587062436642550 132176871118528 join_end 0 0
1587062438468574 132176871118528 coll_beg 0 0
1587062442384371 132176871118528 coll_end 0 0
1587062445975300 132176862725824 emit_beg 812 0
1587062453399059 132176862725824 emit_end 812 0
1587062467789444 132176871118528 drain_beg 0 0
1587062467790844 132176871118528 drain_end 1 0
1587062467791324 132176871118528 subm_beg 1 0
1587062471471189 132176871118528 subm_end 1 0
1587062471471779 132176871118528 pump_beg 1 0
1587062479385411 132176871118528 pump_end 1 2
1587062479387800 132176871118528 join_beg 1 0
1587062479388800 132176871118528 join_end 0 0
1587062481612529 132176871118528 coll_beg 0 0
1587062481749764 132176871118528 coll_end 0 0
1587062483589717 132176871118528 drain_beg 0 0
1587062483590567 132176871118528 drain_end 1 0
1587062483590887 132176862725824 emit_beg 813 0
1587062483591177 132176871118528 subm_beg 1 0
1587062485358483 132176871118528 subm_end 1 0
1587062485358893 132176871118528 pump_beg 1 0
1587062490838933 132176862725824 emit_end 813 0
1587062497505759 132176871118528 pump_end 1 2
1587062497507959 132176871118528 join_beg 1 0
1587062497508449 132176871118528 join_end 0 0
1587062500110414 132176871118528 coll_beg 0 0
1587062503913835 132176871118528 coll_end 0 0
1587062505746159 132176862725824 emit_beg 814 0
1587062513162908 132176862725824 emit_end 814 0
1587062530806124 132176871118528 drain_beg 0 0
1587062530808324 132176871118528 drain_end 1 0
1587062530809144 132176871118528 subm_beg 1 0
1587062534532038 132176871118528 subm_end 1 0
1587062534533648 132176871118528 pump_beg 1 0
1587062544899770 132176871118528 pump_end 1 2
1587062544901040 132176871118528 join_beg 1 0
1587062544901970 132176871118528 join_end 0 0
1587062546983834 132176871118528 coll_beg 0 0
1587062549274520 132176871118528 coll_end 0 0
1587062551245548 132176871118528 drain_beg 0 0
1587062551246098 132176871118528 drain_end 1 0
1587062551246478 132176871118528 subm_beg 1 0
1587062551269367 132176862725824 emit_beg 815 0
1587062553057392 132176871118528 subm_end 1 0
1587062553058032 132176871118528 pump_beg 1 0
1587062560628996 132176862725824 emit_end 815 0
1587062564775654 132176871118528 pump_end 1 2
1587062564778074 132176871118528 join_beg 1 0
1587062564779314 132176871118528 join_end 0 0
1587062566755132 132176871118528 coll_beg 0 0
1587062570529544 132176871118528 coll_end 0 0
1587062574058336 132176862725824 emit_beg 816 0
1587062581532813 132176862725824 emit_end 816 0
1587062595421526 132176871118528 drain_beg 0 0
1587062595422536 132176871118528 drain_end 1 0
1587062595422936 132176871118528 subm_beg 1 0
1587062599043954 132176871118528 subm_end 1 0
1587062599044544 132176871118528 pump_beg 1 0
1587062612867669 132176871118528 pump_end 1 2
1587062612878159 132176871118528 join_beg 1 0
1587062612881319 132176871118528 join_end 0 0
1587062614913895 132176871118528 coll_beg 0 0
1587062622195509 132176871118528 coll_end 0 0
1587062624376109 132176871118528 drain_beg 0 0
1587062624378409 132176871118528 drain_end 1 0
1587062624379869 132176871118528 subm_beg 1 0
1587062624380829 132176862725824 emit_beg 817 0
1587062626309649 132176871118528 subm_end 1 0
1587062626310379 132176871118528 pump_beg 1 0
1587062633794876 132176862725824 emit_end 817 0
1587062638607800 132176871118528 pump_end 1 2
1587062638610200 132176871118528 join_beg 1 0
1587062638611140 132176871118528 join_end 0 0
1587062640524060 132176871118528 coll_beg 0 0
1587062645067174 132176871118528 coll_end 0 0
1587062647879242 132176862725824 emit_beg 818 0
1587062655319380 132176862725824 emit_end 818 0
1587062669507092 132176871118528 drain_beg 0 0
1587062669507902 132176871118528 drain_end 1 0
1587062669508382 132176871118528 subm_beg 1 0
1587062673200268 132176871118528 subm_end 1 0
1587062673200868 132176871118528 pump_beg 1 0
1587062682516958 132176871118528 pump_end 1 2
1587062682521068 132176871118528 join_beg 1 0
1587062682522647 132176871118528 join_end 0 0
1587062684552253 132176871118528 coll_beg 0 0
1587062687915801 132176871118528 coll_end 0 0
1587062689875819 132176862725824 emit_beg 819 0
1587062689878679 132176871118528 drain_beg 0 0
1587062689880759 132176871118528 drain_end 1 0
1587062689881999 132176871118528 subm_beg 1 0
1587062693575044 132176862725824 emit_end 819 0
1587062695387988 132176871118528 subm_end 1 0
1587062695389198 132176871118528 pump_beg 1 0
1587062707586353 132176871118528 pump_end 1 2
1587062707588243 132176871118528 join_beg 1 0
1587062707589163 132176871118528 join_end 0 0
1587062710322223 132176871118528 coll_beg 0 0
1587062714561988 132176871118528 coll_end 0 0
1587062717957304 132176862725824 emit_beg 820 0
1587062719828226 132176871118528 drain_beg 0 0
1587062719831806 132176871118528 drain_end 1 0
1587062719833016 132176871118528 subm_beg 1 0
1587062725385473 132176871118528 subm_end 1 0
1587062725386323 132176871118528 pump_beg 1 0
1587062727286744 132176862725824 emit_end 820 0
1587062732741265 132176871118528 pump_end 1 2
1587062732743145 132176871118528 join_beg 1 0
1587062732743835 132176871118528 join_end 0 0
1587062734601667 132176871118528 coll_beg 0 0
1587062734996082 132176871118528 coll_end 0 0
1587062738290922 132176862725824 emit_beg 821 0
1587062745469160 132176862725824 emit_end 821 0
1587062760809791 132176871118528 drain_beg 0 0
1587062760810860 132176871118528 drain_end 1 0
1587062760811200 132176871118528 subm_beg 1 0
1587062764514205 132176871118528 subm_end 1 0
1587062764514905 132176871118528 pump_beg 1 0
1587062776044335 132176871118528 pump_end 1 2
1587062776053384 132176871118528 join_beg 1 0
1587062776055274 132176871118528 join_end 0 0
1587062778011143 132176871118528 coll_beg 0 0
1587062781462597 132176871118528 coll_end 0 0
1587062783338848 132176862725824 emit_beg 822 0
1587062783339648 132176871118528 drain_beg 0 0
1587062783342108 132176871118528 drain_end 1 0
1587062783342948 132176871118528 subm_beg 1 0
1587062785166692 132176871118528 subm_end 1 0
1587062785167202 132176871118528 pump_beg 1 0
1587062790614683 132176862725824 emit_end 822 0
1587062793020705 132176871118528 pump_end 1 2
1587062793021525 132176871118528 join_beg 1 0
1587062793021965 132176871118528 join_end 0 0
1587062794886607 132176871118528 coll_beg 0 0
1587062795828883 132176871118528 coll_end 0 0
1587062798865742 132176862725824 emit_beg 823 0
1587062804628441 132176862725824 emit_end 823 0
1587062825575917 132176871118528 drain_beg 0 0
1587062825577667 132176871118528 drain_end 1 0
1587062825578467 132176871118528 subm_beg 1 0
1587062831400154 132176871118528 subm_end 1 0
1587062831401804 132176871118528 pump_beg 1 0
1587062841664800 132176871118528 pump_end 1 2
1587062841667710 132176871118528 join_beg 1 0
1587062841668780 132176871118528 join_end 0 0
1587062843766863 132176871118528 coll_beg 0 0
1587062846798793 132176871118528 coll_end 0 0
1587062848827938 132176871118528 drain_beg 0 0
1587062848828738 132176871118528 drain_end 1 0
1587062848838268 132176871118528 subm_beg 1 0
1587062848829448 132176862725824 emit_beg 824 0
1587062852677298 132176871118528 subm_end 1 0
1587062852677858 132176871118528 pump_beg 1 0
1587062858928210 132176862725824 emit_end 824 0
1587062866407807 132176871118528 pump_end 1 2
1587062866408587 132176871118528 join_beg 1 0
1587062866409147 132176871118528 join_end 0 0
1587062868902126 132176871118528 coll_beg 0 0
1587062874309379 132176871118528 coll_end 0 0
1587062876635064 132176862725824 emit_beg 825 0
1587062878515995 132176871118528 drain_beg 0 0
1587062878516865 132176871118528 drain_end 1 0
1587062878517695 132176871118528 subm_beg 1 0
1587062884236486 132176871118528 subm_end 1 0
1587062884236956 132176871118528 pump_beg 1 0
1587062886440286 132176862725824 emit_end 825 0
1587062895681079 132176871118528 pump_end 1 2
1587062895683609 132176871118528 join_beg 1 0
1587062895684749 132176871118528 join_end 0 0
1587062898018013 132176871118528 coll_beg 0 0
1587062901796415 132176871118528 coll_end 0 0
1587062903805522 132176862725824 emit_beg 826 0
1587062911600318 132176862725824 emit_end 826 0
1587062928461292 132176871118528 drain_beg 0 0
1587062928464922 132176871118528 drain_end 1 0
1587062928466272 132176871118528 subm_beg 1 0
1587062932294473 132176871118528 subm_end 1 0
1587062932295062 132176871118528 pump_beg 1 0
1587062942796709 132176871118528 pump_end 1 2
1587062942798969 132176871118528 join_beg 1 0
1587062942800009 132176871118528 join_end 0 0
1587062944900842 132176871118528 coll_beg 0 0
1587062947841585 132176871118528 coll_end 0 0
1587062949819223 132176871118528 drain_beg 0 0
1587062949820223 132176871118528 drain_end 1 0
1587062949821063 132176871118528 subm_beg 1 0
1587062949822883 132176862725824 emit_beg 827 0
1587062951736133 132176871118528 subm_end 1 0
1587062951736703 132176871118528 pump_beg 1 0
1587062955700218 132176862725824 emit_end 827 0
1587062963634719 132176871118528 pump_end 1 2
1587062963635469 132176871118528 join_beg 1 0
1587062963635819 132176871118528 join_end 0 0
1587062965596917 132176871118528 coll_beg 0 0
1587062969390149 132176871118528 coll_end 0 0
1587062971441474 132176862725824 emit_beg 828 0
1587062979440502 132176862725824 emit_end 828 0
1587062997097428 132176871118528 drain_beg 0 0
1587062997099937 132176871118528 drain_end 1 0
1587062997100957 132176871118528 subm_beg 1 0
1587063003025981 132176871118528 subm_end 1 0
1587063003026951 132176871118528 pump_beg 1 0
1587063014665577 132176871118528 pump_end 1 2
1587063014667186 132176871118528 join_beg 1 0
1587063014668016 132176871118528 join_end 0 0
1587063016600376 132176871118528 coll_beg 0 0
1587063020793623 132176871118528 coll_end 0 0
1587063022813129 132176871118528 drain_beg 0 0
1587063022813989 132176871118528 drain_end 1 0
1587063022814619 132176871118528 subm_beg 1 0
1587063022824859 132176862725824 emit_beg 829 0
1587063024832526 132176871118528 subm_end 1 0
1587063024833155 132176871118528 pump_beg 1 0
1587063030631734 132176862725824 emit_end 829 0
1587063034078718 132176871118528 pump_end 1 2
1587063034079538 132176871118528 join_beg 1 0
1587063034080058 132176871118528 join_end 0 0
1587063036023547 132176871118528 coll_beg 0 0
1587063038220897 132176871118528 coll_end 0 0
1587063040212394 132176862725824 emit_beg 830 0
1587063047918463 132176862725824 emit_end 830 0
1587063069215436 132176871118528 drain_beg 0 0
1587063069216596 132176871118528 drain_end 1 0
1587063069217256 132176871118528 subm_beg 1 0
1587063073031917 132176871118528 subm_end 1 0
1587063073032407 132176871118528 pump_beg 1 0
1587063083549993 132176871118528 pump_end 1 2
1587063083555402 132176871118528 join_beg 1 0
1587063083557342 132176871118528 join_end 0 0
1587063085640086 132176871118528 coll_beg 0 0
1587063088578099 132176871118528 coll_end 0 0
1587063090559387 132176871118528 drain_beg 0 0
1587063090560667 132176871118528 drain_end 1 0
1587063090561057 132176862725824 emit_beg 831 0
1587063090561557 132176871118528 subm_beg 1 0
1587063092475367 132176871118528 subm_end 1 0
1587063092475757 132176871118528 pump_beg 1 0
1587063098647782 132176862725824 emit_end 831 0
1587063104482169 132176871118528 pump_end 1 2
1587063104482689 132176871118528 join_beg 1 0
1587063104482929 132176871118528 join_end 0 0
1587063106446307 132176871118528 coll_beg 0 0
1587063110512699 132176871118528 coll_end 0 0
1587063114289371 132176862725824 emit_beg 832 0
1587063122101006 132176862725824 emit_end 832 0
1587063137927878 132176871118528 drain_beg 0 0
1587063137929238 132176871118528 drain_end 1 0
1587063137929748 132176871118528 subm_beg 1 0
1587063141757209 132176871118528 subm_end 1 0
1587063141757689 132176871118528 pump_beg 1 0
1587063153231700 132176871118528 pump_end 1 2
1587063153235330 132176871118528 join_beg 1 0
1587063153236630 132176871118528 join_end 0 0
1587063155227247 132176871118528 coll_beg 0 0
1587063158857754 132176871118528 coll_end 0 0
1587063160757575 132176871118528 drain_beg 0 0
1587063160757915 132176871118528 drain_end 1 0
1587063160758215 132176871118528 subm_beg 1 0
1587063160780314 132176862725824 emit_beg 833 0
1587063162727453 132176871118528 subm_end 1 0
1587063162727943 132176871118528 pump_beg 1 0
1587063169561834 132176871118528 pump_end 1 2
1587063169565394 132176871118528 join_beg 1 0
1587063170542248 132176862725824 emit_end 833 0
1587063170566897 132176871118528 join_end 0 0
1587063172578654 132176871118528 coll_beg 0 0
1587063172611833 132176871118528 coll_end 0 0
1587063176455992 132176862725824 emit_beg 834 0
1587063184218939 132176862725824 emit_end 834 0
1587063202397996 132176871118528 drain_beg 0 0
1587063202401835 132176871118528 drain_end 1 0
1587063202403075 132176871118528 subm_beg 1 0
1587063208195224 132176871118528 subm_end 1 0
1587063208197464 132176871118528 pump_beg 1 0
1587063218722710 132176871118528 pump_end 1 2
1587063218724430 132176871118528 join_beg 1 0
1587063218725430 132176871118528 join_end 0 0
1587063220698578 132176871118528 coll_beg 0 0
1587063223456217 132176871118528 coll_end 0 0
1587063225302190 132176871118528 drain_beg 0 0
1587063225302990 132176871118528 drain_end 1 0
1587063225303520 132176871118528 subm_beg 1 0
1587063225324229 132176862725824 emit_beg 835 0
1587063227146242 132176871118528 subm_end 1 0
1587063227146612 132176871118528 pump_beg 1 0
1587063234562202 132176862725824 emit_end 835 0
1587063238041785 132176871118528 pump_end 1 2
1587063238042335 132176871118528 join_beg 1 0
1587063238042615 132176871118528 join_end 0 0
1587063239847199 132176871118528 coll_beg 0 0
1587063242890378 132176871118528 coll_end 0 0
1587063245446115 132176862725824 emit_beg 836 0
1587063252878893 132176862725824 emit_end 836 0
1587063270638645 132176871118528 drain_beg 0 0
1587063270640555 132176871118528 drain_end 1 0
1587063270641355 132176871118528 subm_beg 1 0
1587063274433297 132176871118528 subm_end 1 0
1587063274435217 132176871118528 pump_beg 1 0
1587063285534702 132176871118528 pump_end 1 2
1587063285536142 132176871118528 join_beg 1 0
1587063285536762 132176871118528 join_end 0 0
1587063287434532 132176871118528 coll_beg 0 0
1587063291196665 132176871118528 coll_end 0 0
1587063293123665 132176871118528 drain_beg 0 0
1587063293125775 132176871118528 drain_end 1 0
1587063293126855 132176871118528 subm_beg 1 0
1587063293141434 132176862725824 emit_beg 837 0
1587063294963848 132176871118528 subm_end 1 0
1587063294964418 132176871118528 pump_beg 1 0
1587063302395236 132176862725824 emit_end 837 0
1587063304551358 132176871118528 pump_end 1 2
1587063304555137 132176871118528 join_beg 1 0
1587063304556417 132176871118528 join_end 0 0
1587063307945984 132176871118528 coll_beg 0 0
1587063310930685 132176871118528 coll_end 0 0
1587063313496181 132176862725824 emit_beg 838 0
1587063320814694 132176862725824 emit_end 838 0
1587063336072747 132176871118528 drain_beg 0 0
1587063336073967 132176871118528 drain_end 1 0
1587063336074527 132176871118528 subm_beg 1 0
1587063339764523 132176871118528 subm_end 1 0
1587063339765033 132176871118528 pump_beg 1 0
1587063350348566 132176871118528 pump_end 1 2
1587063350349176 132176871118528 join_beg 1 0
1587063350349636 132176871118528 join_end 0 0
1587063352259817 132176871118528 coll_beg 0 0
1587063355409492 132176871118528 coll_end 0 0
1587063357226685 132176871118528 drain_beg 0 0
1587063357227195 132176871118528 drain_end 1 0
1587063357227475 132176871118528 subm_beg 1 0
1587063357231665 132176862725824 emit_beg 839 0
1587063359048619 132176871118528 subm_end 1 0
1587063359049029 132176871118528 pump_beg 1 0
1587063366404570 132176862725824 emit_end 839 0
1587063369712830 132176871118528 pump_end 1 2
1587063369715690 132176871118528 join_beg 1 0
1587063369716610 132176871118528 join_end 0 0
1587063372071914 132176871118528 coll_beg 0 0
1587063375985751 132176871118528 coll_end 0 0
1587063381204680 132176862725824 emit_beg 840 0
1587063388655018 132176862725824 emit_end 840 0
1587063405795473 132176871118528 drain_beg 0 0
1587063405798133 132176871118528 drain_end 1 0
1587063405799393 132176871118528 subm_beg 1 0
1587063409611774 132176871118528 subm_end 1 0
1587063409614034 132176871118528 pump_beg 1 0
1587063418716461 132176871118528 pump_end 1 2
1587063418720441 132176871118528 join_beg 1 0
1587063418721991 132176871118528 join_end 0 0
1587063420675330 132176871118528 coll_beg 0 0
1587063423459408 132176871118528 coll_end 0 0
1587063425335210 132176871118528 drain_beg 0 0
1587063425336160 132176871118528 drain_end 1 0
1587063425336810 132176871118528 subm_beg 1 0
1587063425356559 132176862725824 emit_beg 841 0
1587063427189552 132176871118528 subm_end 1 0
1587063427190112 132176871118528 pump_beg 1 0
1587063434602032 132176862725824 emit_end 841 0
1587063435097914 132176871118528 pump_end 1 2
1587063435098604 132176871118528 join_beg 1 0
1587063435098974 132176871118528 join_end 0 0
1587063436963555 132176871118528 coll_beg 0 0
1587063438105014 132176871118528 coll_end 0 0
1587063440585303 132176862725824 emit_beg 842 0
1587063447962764 132176862725824 emit_end 842 0
1587063465932318 132176871118528 drain_beg 0 0
1587063465934268 132176871118528 drain_end 1 0
1587063465934888 132176871118528 subm_beg 1 0
1587063469579295 132176871118528 subm_end 1 0
1587063469579935 132176871118528 pump_beg 1 0
1587063478884486 132176871118528 pump_end 1 2
1587063478885616 132176871118528 join_beg 1 0
1587063478886116 132176871118528 join_end 0 0
1587063480821055 132176871118528 coll_beg 0 0
1587063482579871 132176871118528 coll_end 0 0
1587063484449923 132176862725824 emit_beg 843 0
1587063491868432 132176862725824 emit_end 843 0
1587063493623328 132176871118528 drain_beg 0 0
1587063493624368 132176871118528 drain_end 1 0
1587063493624738 132176871118528 subm_beg 1 0
1587063495457741 132176871118528 subm_end 1 0
1587063495458171 132176871118528 pump_beg 1 0
1587063507321758 132176871118528 pump_end 1 2
1587063507323048 132176871118528 join_beg 1 0
1587063507323608 132176871118528 join_end 0 0
1587063509310525 132176871118528 coll_beg 0 0
1587063512536898 132176871118528 coll_end 0 0
1587063515578897 132176871118528 drain_beg 0 0
1587063515579627 132176871118528 drain_end 1 0
1587063515580177 132176871118528 subm_beg 1 0
1587063515580517 132176862725824 emit_beg 844 0
1587063517379011 132176871118528 subm_end 1 0
1587063517379591 132176871118528 pump_beg 1 0
1587063522934588 132176862725824 emit_end 844 0
1587063530432795 132176871118528 pump_end 1 2
1587063530433694 132176871118528 join_beg 1 0
1587063530434394 132176871118528 join_end 0 0
1587063533403476 132176871118528 coll_beg 0 0
1587063537272995 132176871118528 coll_end 0 0
1587063540653342 132176862725824 emit_beg 845 0
1587063547804691 132176862725824 emit_end 845 0
1587063564486782 132176871118528 drain_beg 0 0
1587063564487632 132176871118528 drain_end 1 0
1587063564488022 132176871118528 subm_beg 1 0
1587063568112920 132176871118528 subm_end 1 0
1587063568113349 132176871118528 pump_beg 1 0
1587063579175736 132176871118528 pump_end 1 2
1587063579176506 132176871118528 join_beg 1 0
1587063579176996 132176871118528 join_end 0 0
1587063581078876 132176871118528 coll_beg 0 0
1587063584748572 132176871118528 coll_end 0 0
1587063586675832 132176871118528 drain_beg 0 0
1587063586676642 132176871118528 drain_end 1 0
1587063586682892 132176871118528 subm_beg 1 0
1587063586699491 132176862725824 emit_beg 846 0
1587063588557943 132176871118528 subm_end 1 0
1587063588558503 132176871118528 pump_beg 1 0
1587063594272835 132176862725824 emit_end 846 0
1587063600995179 132176871118528 pump_end 1 2
1587063600996499 132176871118528 join_beg 1 0
1587063600997169 132176871118528 join_end 0 0
1587063602946348 132176871118528 coll_beg 0 0
1587063608344161 132176871118528 coll_end 0 0
1587063610800652 132176862725824 emit_beg 847 0
1587063618674014 132176862725824 emit_end 847 0
1587063634922911 132176871118528 drain_beg 0 0
1587063634924771 132176871118528 drain_end 1 0
1587063634926061 132176871118528 subm_beg 1 0
1587063640701371 132176871118528 subm_end 1 0
1587063640702251 132176871118528 pump_beg 1 0
1587063651271975 132176871118528 pump_end 1 2
1587063651273275 132176871118528 join_beg 1 0
1587063651273805 132176871118528 join_end 0 0
1587063653375948 132176871118528 coll_beg 0 0
1587063656815923 132176871118528 coll_end 0 0
1587063658926285 132176871118528 drain_beg 0 0
1587063658928395 132176871118528 drain_end 1 0
1587063658929595 132176871118528 subm_beg 1 0
1587063658946255 132176862725824 emit_beg 848 0
1587063662858222 132176871118528 subm_end 1 0
1587063662859332 132176871118528 pump_beg 1 0
1587063668833894 132176862725824 emit_end 848 0
1587063674767767 132176871118528 pump_end 1 2
1587063674768647 132176871118528 join_beg 1 0
1587063674769267 132176871118528 join_end 0 0
1587063677158600 132176871118528 coll_beg 0 0
1587063681492152 132176871118528 coll_end 0 0
1587063684742413 132176862725824 emit_beg 849 0
1587063692383075 132176862725824 emit_end 849 0
1587063709121514 132176871118528 drain_beg 0 0
1587063709126293 132176871118528 drain_end 1 0
1587063709127763 132176871118528 subm_beg 1 0
1587063714814896 132176871118528 subm_end 1 0
1587063714816256 132176871118528 pump_beg 1 0
1587063727410666 132176871118528 pump_end 1 2
1587063727422276 132176871118528 join_beg 1 0
1587063727426116 132176871118528 join_end 0 0
1587063729807659 132176871118528 coll_beg 0 0
1587063733908689 132176871118528 coll_end 0 0
1587063736007293 132176871118528 drain_beg 0 0
1587063736008382 132176871118528 drain_end 1 0
1587063736009292 132176871118528 subm_beg 1 0
1587063736030102 132176862725824 emit_beg 850 0
1587063737970791 132176871118528 subm_end 1 0
1587063737971381 132176871118528 pump_beg 1 0
1587063745844364 132176862725824 emit_end 850 0
1587063749973193 132176871118528 pump_end 1 2
1587063749974443 132176871118528 join_beg 1 0
1587063749975453 132176871118528 join_end 0 0
1587063751990349 132176871118528 coll_beg 0 0
1587063756033942 132176871118528 coll_end 0 0
1587063759708868 132176862725824 emit_beg 851 0
1587063767509963 132176862725824 emit_end 851 0
1587063782331272 132176871118528 drain_beg 0 0
1587063782332332 132176871118528 drain_end 1 0
1587063782332832 132176871118528 subm_beg 1 0
1587063786114904 132176871118528 subm_end 1 0
1587063786115434 132176871118528 pump_beg 1 0
1587063798037029 132176871118528 pump_end 1 2
1587063798039829 132176871118528 join_beg 1 0
1587063798041059 132176871118528 join_end 0 0
1587063800152572 132176871118528 coll_beg 0 0
1587063804061749 132176871118528 coll_end 0 0
1587063806034777 132176871118528 drain_beg 0 0
1587063806036067 132176871118528 drain_end 1 0
1587063806036697 132176871118528 subm_beg 1 0
1587063806036467 132176862725824 emit_beg 852 0
1587063807935108 132176871118528 subm_end 1 0
1587063807935708 132176871118528 pump_beg 1 0
1587063813870961 132176862725824 emit_end 852 0
1587063815016859 132176871118528 pump_end 1 2
1587063815017859 132176871118528 join_beg 1 0
1587063815018329 132176871118528 join_end 0 0
1587063817554077 132176871118528 coll_beg 0 0
1587063817684572 132176871118528 coll_end 0 0
1587063819646490 132176862725824 emit_beg 853 0
1587063832442363 132176862725824 emit_end 853 0
1587063894391073 132176871118528 drain_beg 0 0
1587063894393033 132176871118528 drain_end 1 0
1587063894393763 132176871118528 subm_beg 1 0
1587063906380685 132176871118528 subm_end 1 0
1587063906392715 132176871118528 pump_beg 1 0
1587063914972122 132176871118528 pump_end 1 2
1587063914973861 132176871118528 join_beg 1 0
1587063914974591 132176871118528 join_end 0 0
1587063922819525 132176871118528 coll_beg 0 0
1587063924512183 132176871118528 coll_end 0 0
1587063929860738 132176871118528 drain_beg 0 0
1587063929861608 132176871118528 drain_end 1 0
1587063929862048 132176871118528 subm_beg 1 0
1587063929878128 132176862725824 emit_beg 854 0
1587063933266994 132176871118528 subm_end 1 0
1587063933267644 132176871118528 pump_beg 1 0
1587063944181786 132176871118528 pump_end 1 2
1587063944182706 132176871118528 join_beg 1 0
1587063945549926 132176862725824 emit_end 854 0
1587063945556935 132176871118528 join_end 0 0
1587063949341717 132176871118528 coll_beg 0 0
1587063952873748 132176871118528 coll_end 0 0
1587063956839964 132176862725824 emit_beg 855 0
1587063972971625 132176862725824 emit_end 855 0
1587064001097209 132176871118528 drain_beg 0 0
1587064001102148 132176871118528 drain_end 1 0
1587064001103928 132176871118528 subm_beg 1 0
1587064006958305 132176871118528 subm_end 1 0
1587064006959015 132176871118528 pump_beg 1 0
1587064018261992 132176871118528 pump_end 1 2
1587064018265532 132176871118528 join_beg 1 0
1587064018266822 132176871118528 join_end 0 0
1587064020779400 132176871118528 coll_beg 0 0
1587064024201205 132176871118528 coll_end 0 0
1587064026642486 132176871118528 drain_beg 0 0
1587064026643436 132176871118528 drain_end 1 0
1587064026644496 132176871118528 subm_beg 1 0
1587064026667096 132176862725824 emit_beg 856 0
1587064029998324 132176871118528 subm_end 1 0
1587064029999554 132176871118528 pump_beg 1 0
1587064037949284 132176862725824 emit_end 856 0
1587064041851491 132176871118528 pump_end 1 2
1587064041852791 132176871118528 join_beg 1 0
1587064041853481 132176871118528 join_end 0 0
1587064047620481 132176871118528 coll_beg 0 0
1587064051801068 132176871118528 coll_end 0 0
1587064055827031 132176862725824 emit_beg 857 0
1587064068651553 132176862725824 emit_end 857 0
1587064092844420 132176871118528 drain_beg 0 0
1587064092847520 132176871118528 drain_end 1 0
1587064092848580 132176871118528 subm_beg 1 0
1587064099075453 132176871118528 subm_end 1 0
1587064099077693 132176871118528 pump_beg 1 0
1587064110704649 132176871118528 pump_end 1 2
1587064110705689 132176871118528 join_beg 1 0
1587064110706139 132176871118528 join_end 0 0
1587064113203587 132176871118528 coll_beg 0 0
1587064117045447 132176871118528 coll_end 0 0
1587064119231927 132176871118528 drain_beg 0 0
1587064119232447 132176871118528 drain_end 1 0
1587064119232817 132176871118528 subm_beg 1 0
1587064119257916 132176862725824 emit_beg 858 0
1587064121340101 132176871118528 subm_end 1 0
1587064121340701 132176871118528 pump_beg 1 0
1587064128594036 132176871118528 pump_end 1 2
1587064128595026 132176871118528 join_beg 1 0
1587064129127916 132176862725824 emit_end 858 0
1587064129134556 132176871118528 join_end 0 0
1587064131041846 132176871118528 coll_beg 0 0
1587064131445982 132176871118528 coll_end 0 0
1587064135179566 132176862725824 emit_beg 859 0
1587064142550507 132176862725824 emit_end 859 0
1587064159700581 132176871118528 drain_beg 0 0
1587064159705750 132176871118528 drain_end 1 0
1587064159707310 132176871118528 subm_beg 1 0
1587064165103323 132176871118528 subm_end 1 0
1587064165106033 132176871118528 pump_beg 1 0
1587064173374972 132176871118528 pump_end 1 2
1587064173377492 132176871118528 join_beg 1 0
1587064173378621 132176871118528 join_end 0 0
1587064175436916 132176871118528 coll_beg 0 0
1587064177087656 132176871118528 coll_end 0 0
1587064179067244 132176871118528 drain_beg 0 0
1587064179068044 132176871118528 drain_end 1 0
1587064179068654 132176871118528 subm_beg 1 0
1587064179068874 132176862725824 emit_beg 860 0
1587064180941165 132176871118528 subm_end 1 0
1587064180941735 132176871118528 pump_beg 1 0
1587064186363888 132176862725824 emit_end 860 0
1587064191397694 132176871118528 pump_end 1 2
1587064191401094 132176871118528 join_beg 1 0
1587064191402414 132176871118528 join_end 0 0
1587064193246546 132176871118528 coll_beg 0 0
1587064196246797 132176871118528 coll_end 0 0
1587064198697118 132176862725824 emit_beg 861 0
1587064205994441 132176862725824 emit_end 861 0
1587064222535948 132176871118528 drain_beg 0 0
1587064222537268 132176871118528 drain_end 1 0
1587064222538038 132176871118528 subm_beg 1 0
1587064226256042 132176871118528 subm_end 1 0
1587064226256622 132176871118528 pump_beg 1 0
1587064235477515 132176871118528 pump_end 1 2
1587064235478285 132176871118528 join_beg 1 0
1587064235478795 132176871118528 join_end 0 0
1587064238447017 132176871118528 coll_beg 0 0
1587064240245441 132176871118528 coll_end 0 0
1587064242540788 132176871118528 drain_beg 0 0
1587064242541558 132176871118528 drain_end 1 0
1587064242542137 132176871118528 subm_beg 1 0
1587064242547007 132176862725824 emit_beg 862 0
1587064244368261 132176871118528 subm_end 1 0
1587064244368931 132176871118528 pump_beg 1 0
1587064253396281 132176862725824 emit_end 862 0
1587064255209665 132176871118528 pump_end 1 2
1587064255211515 132176871118528 join_beg 1 0
1587064255212465 132176871118528 join_end 0 0
1587064257990894 132176871118528 coll_beg 0 0
1587064261514085 132176871118528 coll_end 0 0
1587064263328169 132176862725824 emit_beg 863 0
1587064270613403 132176862725824 emit_end 863 0
1587064286799742 132176871118528 drain_beg 0 0
1587064286801642 132176871118528 drain_end 1 0
1587064286802392 132176871118528 subm_beg 1 0
1587064290324344 132176871118528 subm_end 1 0
1587064290325204 132176871118528 pump_beg 1 0
1587064302721931 132176871118528 pump_end 1 2
1587064302736301 132176871118528 join_beg 1 0
1587064302739341 132176871118528 join_end 0 0
1587064304825425 132176871118528 coll_beg 0 0
1587064309394938 132176871118528 coll_end 0 0
1587064311412164 132176871118528 drain_beg 0 0
1587064311414584 132176871118528 drain_end 1 0
1587064311415954 132176871118528 subm_beg 1 0
1587064311431454 132176862725824 emit_beg 864 0
1587064313369083 132176871118528 subm_end 1 0
1587064313369753 132176871118528 pump_beg 1 0
1587064318937110 132176862725824 emit_end 864 0
1587064323760664 132176871118528 pump_end 1 2
1587064323762284 132176871118528 join_beg 1 0
1587064323763503 132176871118528 join_end 0 0
1587064326941728 132176871118528 coll_beg 0 0
1587064330496798 132176871118528 coll_end 0 0
1587064333579865 132176862725824 emit_beg 865 0
1587064340913578 132176862725824 emit_end 865 0
1587064357271721 132176871118528 drain_beg 0 0
1587064357273071 132176871118528 drain_end 1 0
1587064357273691 132176871118528 subm_beg 1 0
1587064360993125 132176871118528 subm_end 1 0
1587064360993715 132176871118528 pump_beg 1 0
1587064370820846 132176871118528 pump_end 1 2
1587064370823856 132176871118528 join_beg 1 0
1587064370824406 132176871118528 join_end 0 0
1587064372693838 132176871118528 coll_beg 0 0
1587064375049172 132176871118528 coll_end 0 0
1587064376911074 132176862725824 emit_beg 866 0
1587064384247326 132176862725824 emit_end 866 0
1587064386032261 132176871118528 drain_beg 0 0
1587064386033361 132176871118528 drain_end 1 0
1587064386033881 132176871118528 subm_beg 1 0
1587064387843275 132176871118528 subm_end 1 0
1587064387844015 132176871118528 pump_beg 1 0
1587064401490627 132176871118528 pump_end 1 2
1587064401491467 132176871118528 join_beg 1 0
1587064401491877 132176871118528 join_end 0 0
1587064404529346 132176871118528 coll_beg 0 0
1587064408969274 132176871118528 coll_end 0 0
1587064410839566 132176871118528 drain_beg 0 0
1587064410840366 132176871118528 drain_end 1 0
1587064410841016 132176871118528 subm_beg 1 0
1587064410845936 132176862725824 emit_beg 867 0
1587064412666489 132176871118528 subm_end 1 0
1587064412667209 132176871118528 pump_beg 1 0
1587064419966743 132176862725824 emit_end 867 0
1587064424226007 132176871118528 pump_end 1 2
1587064424227897 132176871118528 join_beg 1 0
1587064424229027 132176871118528 join_end 0 0
1587064426066570 132176871118528 coll_beg 0 0
1587064430868765 132176871118528 coll_end 0 0
1587064433438491 132176862725824 emit_beg 868 0
1587064440627629 132176862725824 emit_end 868 0
1587064455395040 132176871118528 drain_beg 0 0
1587064455398030 132176871118528 drain_end 1 0
1587064455399710 132176871118528 subm_beg 1 0
1587064459012098 132176871118528 subm_end 1 0
1587064459013028 132176871118528 pump_beg 1 0
1587064471413145 132176871118528 pump_end 1 2
1587064471417705 132176871118528 join_beg 1 0
1587064471419605 132176871118528 join_end 0 0
1587064482480041 132176871118528 coll_beg 0 0
1587064486922759 132176871118528 coll_end 0 0
1587064489237025 132176862725824 emit_beg 869 0
1587064489241935 132176871118528 drain_beg 0 0
1587064489244525 132176871118528 drain_end 1 0
1587064489246264 132176871118528 subm_beg 1 0
1587064495168788 132176871118528 subm_end 1 0
1587064495169408 132176871118528 pump_beg 1 0
1587064497046030 132176862725824 emit_end 869 0
1587064502359836 132176871118528 pump_end 1 2
1587064502360756 132176871118528 join_beg 1 0
1587064502361846 132176871118528 join_end 0 0
1587064505234851 132176871118528 coll_beg 0 0
1587064505268930 132176871118528 coll_end 0 0
1587064507041685 132176862725824 emit_beg 870 0
1587064514077748 132176862725824 emit_end 870 0
1587064530839497 132176871118528 drain_beg 0 0
1587064530840977 132176871118528 drain_end 1 0
1587064530841447 132176871118528 subm_beg 1 0
1587064534631008 132176871118528 subm_end 1 0
1587064534631618 132176871118528 pump_beg 1 0
1587064546706008 132176871118528 pump_end 1 2
1587064546708148 132176871118528 join_beg 1 0
1587064546709247 132176871118528 join_end 0 0
1587064548668616 132176871118528 coll_beg 0 0
1587064552879212 132176871118528 coll_end 0 0
1587064554866320 132176871118528 drain_beg 0 0
1587064554867100 132176871118528 drain_end 1 0
1587064554867810 132176871118528 subm_beg 1 0
1587064554868510 132176862725824 emit_beg 871 0
1587064556755481 132176871118528 subm_end 1 0
1587064556756041 132176871118528 pump_beg 1 0
1587064562615787 132176862725824 emit_end 871 0
1587064565684175 132176871118528 pump_end 1 2
1587064565685455 132176871118528 join_beg 1 0
1587064565686205 132176871118528 join_end 0 0
1587064567707901 132176871118528 coll_beg 0 0
1587064569441258 132176871118528 coll_end 0 0
1587064571664297 132176862725824 emit_beg 872 0
1587064577442106 132176862725824 emit_end 872 0
1587064599283819 132176871118528 drain_beg 0 0
1587064599284819 132176871118528 drain_end 1 0
1587064599285539 132176871118528 subm_beg 1 0
1587064601269436 132176871118528 subm_end 1 0
1587064601269826 132176871118528 pump_beg 1 0
1587064611949467 132176871118528 pump_end 1 2
1587064611950747 132176871118528 join_beg 1 0
1587064611951207 132176871118528 join_end 0 0
1587064613915075 132176871118528 coll_beg 0 0
1587064617290982 132176871118528 coll_end 0 0
1587064619309668 132176871118528 drain_beg 0 0
1587064619310308 132176871118528 drain_end 1 0
1587064619310858 132176871118528 subm_beg 1 0
1587064619331887 132176862725824 emit_beg 873 0
1587064621288306 132176871118528 subm_end 1 0
1587064621288886 132176871118528 pump_beg 1 0
1587064627184721 132176862725824 emit_end 873 0
1587064632268265 132176871118528 pump_end 1 2
1587064632270505 132176871118528 join_beg 1 0
1587064632271425 132176871118528 join_end 0 0
1587064635202498 132176871118528 coll_beg 0 0
1587064638498358 132176871118528 coll_end 0 0
1587064641137072 132176862725824 emit_beg 874 0
1587064648934207 132176862725824 emit_end 874 0
1587064667227339 132176871118528 drain_beg 0 0
1587064667228689 132176871118528 drain_end 1 0
1587064667229049 132176871118528 subm_beg 1 0
1587064671143757 132176871118528 subm_end 1 0
1587064671144346 132176871118528 pump_beg 1 0
1587064682040409 132176871118528 pump_end 1 2
1587064682041119 132176871118528 join_beg 1 0
1587064682041609 132176871118528 join_end 0 0
1587064684090564 132176871118528 coll_beg 0 0
1587064687492750 132176871118528 coll_end 0 0
1587064689413950 132176871118528 drain_beg 0 0
1587064689414550 132176871118528 drain_end 1 0
1587064689415000 132176871118528 subm_beg 1 0
1587064689418300 132176862725824 emit_beg 875 0
1587064691381868 132176871118528 subm_end 1 0
1587064691382508 132176871118528 pump_beg 1 0
1587064697265313 132176862725824 emit_end 875 0
1587064702071298 132176871118528 pump_end 1 2
1587064702072028 132176871118528 join_beg 1 0
1587064702072418 132176871118528 join_end 0 0
1587064704735311 132176871118528 coll_beg 0 0
1587064708031980 132176871118528 coll_end 0 0
1587064710453152 132176862725824 emit_beg 876 0
1587064718108583 132176862725824 emit_end 876 0
1587064735095323 132176871118528 drain_beg 0 0
1587064735097443 132176871118528 drain_end 1 0
1587064735098323 132176871118528 subm_beg 1 0
1587064738953902 132176871118528 subm_end 1 0
1587064738955522 132176871118528 pump_beg 1 0
1587064749303424 132176871118528 pump_end 1 2
1587064749306694 132176871118528 join_beg 1 0
1587064749307934 132176871118528 join_end 0 0
1587064753856118 132176871118528 coll_beg 0 0
1587064756698674 132176871118528 coll_end 0 0
1587064758678362 132176871118528 drain_beg 0 0
1587064758679012 132176871118528 drain_end 1 0
1587064758679502 132176871118528 subm_beg 1 0
1587064758682442 132176862725824 emit_beg 877 0
1587064760659820 132176871118528 subm_end 1 0
1587064760660410 132176871118528 pump_beg 1 0
1587064768361319 132176862725824 emit_end 877 0
1587064771261433 132176871118528 pump_end 1 2
1587064771262073 132176871118528 join_beg 1 0
1587064771262533 132176871118528 join_end 0 0
1587064773574669 132176871118528 coll_beg 0 0
1587064776759182 132176871118528 coll_end 0 0
1587064779393456 132176862725824 emit_beg 878 0
1587064787026538 132176862725824 emit_end 878 0
1587064803124720 132176871118528 drain_beg 0 0
1587064803126830 132176871118528 drain_end 1 0
1587064803127610 132176871118528 subm_beg 1 0
1587064806885853 132176871118528 subm_end 1 0
1587064806886363 132176871118528 pump_beg 1 0
1587064816513222 132176871118528 pump_end 1 2
1587064816526401 132176871118528 join_beg 1 0
1587064816529121 132176871118528 join_end 0 0
1587064818646154 132176871118528 coll_beg 0 0
1587064820928890 132176871118528 coll_end 0 0
1587064822877299 132176871118528 drain_beg 0 0
1587064822878279 132176871118528 drain_end 1 0
1587064822879089 132176871118528 subm_beg 1 0
1587064822879629 132176862725824 emit_beg 879 0
1587064824818998 132176871118528 subm_end 1 0
1587064824819598 132176871118528 pump_beg 1 0
1587064830653616 132176862725824 emit_end 879 0
1587064834495405 132176871118528 pump_end 1 2
1587064834496305 132176871118528 join_beg 1 0
1587064834496695 132176871118528 join_end 0 0
1587064837465437 132176871118528 coll_beg 0 0
1587064839651987 132176871118528 coll_end 0 0
1587064843296464 132176862725824 emit_beg 880 0
1587064850922886 132176862725824 emit_end 880 0
1587064866785467 132176871118528 drain_beg 0 0
1587064866787597 132176871118528 drain_end 1 0
1587064866788307 132176871118528 subm_beg 1 0
1587064872635104 132176871118528 subm_end 1 0
1587064872636613 132176871118528 pump_beg 1 0
1587064881532949 132176871118528 pump_end 1 2
1587064881534449 132176871118528 join_beg 1 0
1587064881535189 132176871118528 join_end 0 0
1587064883517856 132176871118528 coll_beg 0 0
1587064885230544 132176871118528 coll_end 0 0
1587064887208292 132176862725824 emit_beg 881 0
1587064895105614 132176862725824 emit_end 881 0
1587064896916947 132176871118528 drain_beg 0 0
1587064896917917 132176871118528 drain_end 1 0
1587064896918287 132176871118528 subm_beg 1 0
1587064898883256 132176871118528 subm_end 1 0
1587064898883656 132176871118528 pump_beg 1 0
1587064906032965 132176871118528 pump_end 1 2
1587064906033615 132176871118528 join_beg 1 0
1587064906033825 132176871118528 join_end 0 0
1587064909427561 132176871118528 coll_beg 0 0
1587064909850835 132176871118528 coll_end 0 0
1587064913296350 132176862725824 emit_beg 882 0
1587064921050127 132176862725824 emit_end 882 0
1587064935787619 132176871118528 drain_beg 0 0
1587064935793149 132176871118528 drain_end 1 0
1587064935794769 132176871118528 subm_beg 1 0
1587064939338009 132176871118528 subm_end 1 0
1587064939338809 132176871118528 pump_beg 1 0
1587064946487938 132176871118528 pump_end 1 2
1587064946494518 132176871118528 join_beg 1 0
1587064946496228 132176871118528 join_end 0 0
1587064948471516 132176871118528 coll_beg 0 0
1587064948762615 132176871118528 coll_end 0 0
1587064952288957 132176871118528 drain_beg 0 0
1587064952290067 132176871118528 drain_end 1 0
1587064952290947 132176871118528 subm_beg 1 0
1587064952289827 132176862725824 emit_beg 883 0
1587064954108520 132176871118528 subm_end 1 0
1587064954109110 132176871118528 pump_beg 1 0
1587064961138294 132176862725824 emit_end 883 0
1587064964298528 132176871118528 pump_end 1 2
1587064964299498 132176871118528 join_beg 1 0
1587064964300018 132176871118528 join_end 0 0
1587064966874904 132176871118528 coll_beg 0 0
1587064968655289 132176871118528 coll_end 0 0
1587064972220329 132176862725824 emit_beg 884 0
1587064979288961 132176862725824 emit_end 884 0
1587064991495186 132176871118528 drain_beg 0 0
1587064991496316 132176871118528 drain_end 1 0
1587064991496926 132176871118528 subm_beg 1 0
1587064995052396 132176871118528 subm_end 1 0
1587064995053216 132176871118528 pump_beg 1 0
1587065008946689 132176871118528 pump_end 1 2
1587065008948829 132176871118528 join_beg 1 0
1587065008949829 132176871118528 join_end 0 0
1587065010854879 132176871118528 coll_beg 0 0
1587065015280918 132176871118528 coll_end 0 0
1587065017224917 132176871118528 drain_beg 0 0
1587065017225777 132176871118528 drain_end 1 0
1587065017226667 132176871118528 subm_beg 1 0
1587065017237647 132176862725824 emit_beg 885 0
1587065019073769 132176871118528 subm_end 1 0
1587065019074349 132176871118528 pump_beg 1 0
1587065024492962 132176862725824 emit_end 885 0
1587065032346055 132176871118528 pump_end 1 2
1587065032347085 132176871118528 join_beg 1 0
1587065032347645 132176871118528 join_end 0 0
1587065034173078 132176871118528 coll_beg 0 0
1587065038915275 132176871118528 coll_end 0 0
1587065041415304 132176862725824 emit_beg 886 0
1587065048760976 132176862725824 emit_end 886 0
1587065063923943 132176871118528 drain_beg 0 0
1587065063924823 132176871118528 drain_end 1 0
1587065063925143 132176871118528 subm_beg 1 0
1587065067496072 132176871118528 subm_end 1 0
1587065067496452 132176871118528 pump_beg 1 0
1587065078303128 132176871118528 pump_end 1 2
1587065078304828 132176871118528 join_beg 1 0
1587065078305708 132176871118528 join_end 0 0
1587065080159620 132176871118528 coll_beg 0 0
1587065083360123 132176871118528 coll_end 0 0
1587065085163318 132176871118528 drain_beg 0 0
1587065085163718 132176871118528 drain_end 1 0
1587065085163978 132176871118528 subm_beg 1 0
1587065085187477 132176862725824 emit_beg 887 0
1587065086957162 132176871118528 subm_end 1 0
1587065086957762 132176871118528 pump_beg 1 0
1587065094148330 132176862725824 emit_end 887 0
1587065098253950 132176871118528 pump_end 1 2
1587065098254720 132176871118528 join_beg 1 0
1587065098255240 132176871118528 join_end 0 0
1587065100053584 132176871118528 coll_beg 0 0
1587065103950172 132176871118528 coll_end 0 0
1587065107258311 132176862725824 emit_beg 888 0
1587065114412470 132176862725824 emit_end 888 0
1587065128767246 132176871118528 drain_beg 0 0
1587065128769476 132176871118528 drain_end 1 0
1587065128769916 132176871118528 subm_beg 1 0
1587065132265699 132176871118528 subm_end 1 0
1587065132266219 132176871118528 pump_beg 1 0
1587065144819501 132176871118528 pump_end 1 2
1587065144821131 132176871118528 join_beg 1 0
1587065144821881 132176871118528 join_end 0 0
1587065146674263 132176871118528 coll_beg 0 0
1587065150915258 132176871118528 coll_end 0 0
1587065152799929 132176871118528 drain_beg 0 0
1587065152801049 132176871118528 drain_end 1 0
1587065152801599 132176871118528 subm_beg 1 0
1587065152829658 132176862725824 emit_beg 889 0
1587065154566295 132176871118528 subm_end 1 0
1587065154566685 132176871118528 pump_beg 1 0
1587065161884628 132176862725824 emit_end 889 0
1587065166069885 132176871118528 pump_end 1 2
1587065166070315 132176871118528 join_beg 1 0
1587065166070525 132176871118528 join_end 0 0
1587065167851280 132176871118528 coll_beg 0 0
1587065171540066 132176871118528 coll_end 0 0
1587065175065707 132176862725824 emit_beg 890 0
1587065182250045 132176862725824 emit_end 890 0
1587065196079070 132176871118528 drain_beg 0 0
1587065196080730 132176871118528 drain_end 1 0
1587065196081140 132176871118528 subm_beg 1 0
1587065199621591 132176871118528 subm_end 1 0
1587065199621991 132176871118528 pump_beg 1 0
1587065211275605 132176871118528 pump_end 1 2
1587065211277055 132176871118528 join_beg 1 0
1587065211277535 132176871118528 join_end 0 0
1587065213093809 132176871118528 coll_beg 0 0
1587065216709577 132176871118528 coll_end 0 0
1587065218543500 132176871118528 drain_beg 0 0
1587065218544270 132176871118528 drain_end 1 0
1587065218544820 132176871118528 subm_beg 1 0
1587065218564589 132176862725824 emit_beg 891 0
1587065220346804 132176871118528 subm_end 1 0
1587065220347214 132176871118528 pump_beg 1 0
1587065225925281 132176862725824 emit_end 891 0
1587065228312284 132176871118528 pump_end 1 2
1587065228312804 132176871118528 join_beg 1 0
1587065228313044 132176871118528 join_end 0 0
1587065230060260 132176871118528 coll_beg 0 0
1587065231038894 132176871118528 coll_end 0 0
1587065233822253 132176862725824 emit_beg 892 0
1587065240900804 132176862725824 emit_end 892 0
1587065258492402 132176871118528 drain_beg 0 0
1587065258493682 132176871118528 drain_end 1 0
1587065258494342 132176871118528 subm_beg 1 0
1587065262025543 132176871118528 subm_end 1 0
1587065262026013 132176871118528 pump_beg 1 0
1587065271920392 132176871118528 pump_end 1 2
1587065271920852 132176871118528 join_beg 1 0
1587065271921122 132176871118528 join_end 0 0
1587065273761045 132176871118528 coll_beg 0 0
1587065276253234 132176871118528 coll_end 0 0
1587065278118566 132176871118528 drain_beg 0 0
1587065278119006 132176871118528 drain_end 1 0
1587065278119296 132176871118528 subm_beg 1 0
1587065278140345 132176862725824 emit_beg 893 0
1587065279875672 132176871118528 subm_end 1 0
1587065279876092 132176871118528 pump_beg 1 0
1587065287043200 132176862725824 emit_end 893 0
1587065287348819 132176871118528 pump_end 1 2
1587065287349429 132176871118528 join_beg 1 0
1587065287349669 132176871118528 join_end 0 0
1587065289177293 132176871118528 coll_beg 0 0
1587065290021252 132176871118528 coll_end 0 0
1587065292700904 132176862725824 emit_beg 894 0
1587065298150095 132176862725824 emit_end 894 0
1587065317169601 132176871118528 drain_beg 0 0
1587065317170971 132176871118528 drain_end 1 0
1587065317171351 132176871118528 subm_beg 1 0
1587065320940593 132176871118528 subm_end 1 0
1587065320941013 132176871118528 pump_beg 1 0
1587065331668002 132176871118528 pump_end 1 2
1587065331668802 132176871118528 join_beg 1 0
1587065331669212 132176871118528 join_end 0 0
1587065333597182 132176871118528 coll_beg 0 0
1587065336480886 132176871118528 coll_end 0 0
1587065338461384 132176871118528 drain_beg 0 0
1587065338461674 132176871118528 drain_end 1 0
1587065338462004 132176871118528 subm_beg 1 0
1587065338483243 132176862725824 emit_beg 895 0
1587065340360035 132176871118528 subm_end 1 0
1587065340360265 132176871118528 pump_beg 1 0
1587065348135171 132176862725824 emit_end 895 0
1587065352259181 132176871118528 pump_end 1 2
1587065352261840 132176871118528 join_beg 1 0
1587065352262700 132176871118528 join_end 0 0
1587065354259917 132176871118528 coll_beg 0 0
1587065357896325 132176871118528 coll_end 0 0
1587065360133473 132176862725824 emit_beg 896 0
1587065367887090 132176862725824 emit_end 896 0
1587065385596064 132176871118528 drain_beg 0 0
1587065385598354 132176871118528 drain_end 1 0
1587065385599254 132176871118528 subm_beg 1 0
1587065389395815 132176871118528 subm_end 1 0
1587065389397555 132176871118528 pump_beg 1 0
1587065397828838 132176871118528 pump_end 1 2
1587065397830068 132176871118528 join_beg 1 0
1587065397830698 132176871118528 join_end 0 0
1587065399861923 132176871118528 coll_beg 0 0
1587065401069749 132176871118528 coll_end 0 0
1587065403036198 132176871118528 drain_beg 0 0
1587065403036638 132176871118528 drain_end 1 0
1587065403036947 132176871118528 subm_beg 1 0
1587065403043837 132176862725824 emit_beg 897 0
1587065405044884 132176871118528 subm_end 1 0
1587065405046614 132176871118528 pump_beg 1 0
1587065412807381 132176862725824 emit_end 897 0
1587065416784376 132176871118528 pump_end 1 2
1587065416786996 132176871118528 join_beg 1 0
1587065416788236 132176871118528 join_end 0 0
1587065419852914 132176871118528 coll_beg 0 0
1587065423836888 132176871118528 coll_end 0 0
1587065427553593 132176862725824 emit_beg 898 0
1587065435421126 132176862725824 emit_end 898 0
1587065453014254 132176871118528 drain_beg 0 0
1587065453015674 132176871118528 drain_end 1 0
1587065453016214 132176871118528 subm_beg 1 0
1587065456849144 132176871118528 subm_end 1 0
1587065456849464 132176871118528 pump_beg 1 0
1587065467821653 132176871118528 pump_end 1 2
1587065467822083 132176871118528 join_beg 1 0
1587065467822593 132176871118528 join_end 0 0
1587065469760423 132176871118528 coll_beg 0 0
1587065473043243 132176871118528 coll_end 0 0
1587065475062419 132176871118528 drain_beg 0 0
1587065475063089 132176871118528 drain_end 1 0
1587065475063569 132176871118528 subm_beg 1 0
1587065475068339 132176862725824 emit_beg 899 0
1587065476967000 132176871118528 subm_end 1 0
1587065476967240 132176871118528 pump_beg 1 0
1587065482823036 132176862725824 emit_end 899 0
1587065486733103 132176871118528 pump_end 1 2
1587065486734303 132176871118528 join_beg 1 0
1587065486734763 132176871118528 join_end 0 0
1587065490437168 132176871118528 coll_beg 0 0
1587065493495556 132176871118528 coll_end 0 0
1587065496194558 132176862725824 emit_beg 900 0
1587065503853028 132176862725824 emit_end 900 0
1587065520541109 132176871118528 drain_beg 0 0
1587065520543379 132176871118528 drain_end 1 0
1587065520544139 132176871118528 subm_beg 1 0
1587065524386799 132176871118528 subm_end 1 0
1587065524387419 132176871118528 pump_beg 1 0
1587065535306301 132176871118528 pump_end 1 2
1587065535308750 132176871118528 join_beg 1 0
1587065535310260 132176871118528 join_end 0 0
1587065537418043 132176871118528 coll_beg 0 0
1587065540669725 132176871118528 coll_end 0 0
1587065542741369 132176871118528 drain_beg 0 0
1587065542742159 132176871118528 drain_end 1 0
1587065542742779 132176871118528 subm_beg 1 0
1587065542763818 132176862725824 emit_beg 901 0
1587065544752166 132176871118528 subm_end 1 0
1587065544752576 132176871118528 pump_beg 1 0
1587065552481854 132176862725824 emit_end 901 0
1587065556642232 132176871118528 pump_end 1 2
1587065556642722 132176871118528 join_beg 1 0
1587065556642982 132176871118528 join_end 0 0
1587065558905719 132176871118528 coll_beg 0 0
1587065562710521 132176871118528 coll_end 0 0
1587065564786235 132176862725824 emit_beg 902 0
1587065572491824 132176862725824 emit_end 902 0
1587065591120034 132176871118528 drain_beg 0 0
1587065591122524 132176871118528 drain_end 1 0
1587065591123284 132176871118528 subm_beg 1 0
1587065596919162 132176871118528 subm_end 1 0
1587065596920192 132176871118528 pump_beg 1 0
1587065608004178 132176871118528 pump_end 1 2
1587065608004658 132176871118528 join_beg 1 0
1587065608005368 132176871118528 join_end 0 0
1587065610027564 132176871118528 coll_beg 0 0
1587065613505807 132176871118528 coll_end 0 0
1587065615497084 132176871118528 drain_beg 0 0
1587065615497814 132176871118528 drain_end 1 0
1587065615498274 132176871118528 subm_beg 1 0
1587065615520333 132176862725824 emit_beg 903 0
1587065617385595 132176871118528 subm_end 1 0
1587065617385965 132176871118528 pump_beg 1 0
1587065625105024 132176862725824 emit_end 903 0
1587065629380498 132176871118528 pump_end 1 2
1587065629381127 132176871118528 join_beg 1 0
1587065629381357 132176871118528 join_end 0 0
1587065631282688 132176871118528 coll_beg 0 0
1587065635519083 132176871118528 coll_end 0 0
1587065639050965 132176862725824 emit_beg 904 0
1587065646761393 132176862725824 emit_end 904 0
1587065663533191 132176871118528 drain_beg 0 0
1587065663534241 132176871118528 drain_end 1 0
1587065663534991 132176871118528 subm_beg 1 0
1587065667398060 132176871118528 subm_end 1 0
1587065667398400 132176871118528 pump_beg 1 0
1587065676261117 132176871118528 pump_end 1 2
1587065676261577 132176871118528 join_beg 1 0
1587065676261857 132176871118528 join_end 0 0
1587065678309232 132176871118528 coll_beg 0 0
1587065680050648 132176871118528 coll_end 0 0
1587065682275247 132176871118528 drain_beg 0 0
1587065682275857 132176871118528 drain_end 1 0
1587065682276337 132176871118528 subm_beg 1 0
1587065682297316 132176862725824 emit_beg 905 0
1587065684180558 132176871118528 subm_end 1 0
1587065684180798 132176871118528 pump_beg 1 0
1587065691886136 132176862725824 emit_end 905 0
1587065696769728 132176871118528 pump_end 1 2
1587065696770248 132176871118528 join_beg 1 0
1587065696770508 132176871118528 join_end 0 0
1587065700029669 132176871118528 coll_beg 0 0
1587065704284274 132176871118528 coll_end 0 0
1587065707644221 132176862725824 emit_beg 906 0
1587065715460126 132176862725824 emit_end 906 0
1587065733513987 132176871118528 drain_beg 0 0
1587065733515727 132176871118528 drain_end 1 0
1587065733516617 132176871118528 subm_beg 1 0
1587065737186303 132176871118528 subm_end 1 0
1587065737186573 132176871118528 pump_beg 1 0
1587065749013282 132176871118528 pump_end 1 2
1587065749013732 132176871118528 join_beg 1 0
1587065749014112 132176871118528 join_end 0 0
1587065751050617 132176871118528 coll_beg 0 0
1587065755033692 132176871118528 coll_end 0 0
1587065757006690 132176871118528 drain_beg 0 0
1587065757007250 132176871118528 drain_end 1 0
1587065757007720 132176871118528 subm_beg 1 0
1587065757030369 132176862725824 emit_beg 907 0
1587065758898791 132176871118528 subm_end 1 0
1587065758899171 132176871118528 pump_beg 1 0
1587065766362289 132176862725824 emit_end 907 0
1587065769642969 132176871118528 pump_end 1 2
1587065769643939 132176871118528 join_beg 1 0
1587065769644279 132176871118528 join_end 0 0
1587065772154697 132176871118528 coll_beg 0 0
1587065776448801 132176871118528 coll_end 0 0
1587065779320266 132176862725824 emit_beg 908 0
1587065786679677 132176862725824 emit_end 908 0
1587065801056143 132176871118528 drain_beg 0 0
1587065801057232 132176871118528 drain_end 1 0
1587065801057632 132176871118528 subm_beg 1 0
1587065804696680 132176871118528 subm_end 1 0
1587065804697090 132176871118528 pump_beg 1 0
1587065811458853 132176871118528 pump_end 1 2
1587065811459393 132176871118528 join_beg 1 0
1587065811459893 132176871118528 join_end 0 0
1587065813296516 132176871118528 coll_beg 0 0
1587065813316715 132176871118528 coll_end 0 0
1587065815146318 132176871118528 drain_beg 0 0
1587065815146918 132176871118528 drain_end 1 0
1587065815147388 132176871118528 subm_beg 1 0
1587065815153958 132176862725824 emit_beg 909 0
1587065816959332 132176871118528 subm_end 1 0
1587065816959732 132176871118528 pump_beg 1 0
1587065824255996 132176862725824 emit_end 909 0
1587065829059371 132176871118528 pump_end 1 2
1587065829061590 132176871118528 join_beg 1 0
1587065829062360 132176871118528 join_end 0 0
1587065831625217 132176871118528 coll_beg 0 0
1587065835626481 132176871118528 coll_end 0 0
1587065839095764 132176862725824 emit_beg 910 0
1587065846457706 132176862725824 emit_end 910 0
1587065848147744 132176871118528 drain_beg 0 0
1587065848148504 132176871118528 drain_end 1 0
1587065848148844 132176871118528 subm_beg 1 0
1587065849992327 132176871118528 subm_end 1 0
1587065849993177 132176871118528 pump_beg 1 0
1587065861769917 132176871118528 pump_end 1 2
1587065861770747 132176871118528 join_beg 1 0
1587065861771017 132176871118528 join_end 0 0
1587065865095716 132176871118528 coll_beg 0 0
1587065869026412 132176871118528 coll_end 0 0
1587065870876145 132176871118528 drain_beg 0 0
1587065870876725 132176871118528 drain_end 1 0
1587065870877235 132176871118528 subm_beg 1 0
1587065870898314 132176862725824 emit_beg 911 0
1587065872712468 132176871118528 subm_end 1 0
1587065872712868 132176871118528 pump_beg 1 0
1587065879991462 132176862725824 emit_end 911 0
1587065881851844 132176871118528 pump_end 1 2
1587065881852614 132176871118528 join_beg 1 0
1587065881852944 132176871118528 join_end 0 0
1587065883687257 132176871118528 coll_beg 0 0
1587065885972964 132176871118528 coll_end 0 0
1587065887856645 132176862725824 emit_beg 912 0
1587065895173368 132176862725824 emit_end 912 0
1587065913599675 132176871118528 drain_beg 0 0
1587065913612845 132176871118528 drain_end 1 0
1587065913613715 132176871118528 subm_beg 1 0
1587065917352659 132176871118528 subm_end 1 0
1587065917353318 132176871118528 pump_beg 1 0
1587065924995480 132176871118528 pump_end 1 2
1587065924995940 132176871118528 join_beg 1 0
1587065924996330 132176871118528 join_end 0 0
1587065928327178 132176871118528 coll_beg 0 0
1587065929198976 132176871118528 coll_end 0 0
1587065931042889 132176871118528 drain_beg 0 0
1587065931043469 132176871118528 drain_end 1 0
1587065931043909 132176871118528 subm_beg 1 0
1587065931064568 132176862725824 emit_beg 913 0
1587065932853213 132176871118528 subm_end 1 0
1587065932853573 132176871118528 pump_beg 1 0
1587065940170716 132176862725824 emit_end 913 0
1587065944441280 132176871118528 pump_end 1 2
1587065944442630 132176871118528 join_beg 1 0
1587065944443490 132176871118528 join_end 0 0
1587065946851092 132176871118528 coll_beg 0 0
1587065950442231 132176871118528 coll_end 0 0
1587065954109657 132176862725824 emit_beg 914 0
1587065961375362 132176862725824 emit_end 914 0
1587065979370255 132176871118528 drain_beg 0 0
1587065979372675 132176871118528 drain_end 1 0
1587065979373395 132176871118528 subm_beg 1 0
1587065982974154 132176871118528 subm_end 1 0
1587065982974794 132176871118528 pump_beg 1 0
1587065994271492 132176871118528 pump_end 1 2
1587065994273411 132176871118528 join_beg 1 0
1587065994274511 132176871118528 join_end 0 0
1587065996144303 132176871118528 coll_beg 0 0
1587065999743522 132176871118528 coll_end 0 0
1587066001567295 132176871118528 drain_beg 0 0
1587066001568135 132176871118528 drain_end 1 0
1587066001568785 132176871118528 subm_beg 1 0
1587066001575425 132176862725824 emit_beg 915 0
1587066003408818 132176871118528 subm_end 1 0
1587066003409248 132176871118528 pump_beg 1 0
1587066008995544 132176862725824 emit_end 915 0
1587066015891422 132176871118528 pump_end 1 2
1587066015892442 132176871118528 join_beg 1 0
1587066015892972 132176871118528 join_end 0 0
1587066017779784 132176871118528 coll_beg 0 0
1587066022339807 132176871118528 coll_end 0 0
1587066025165734 132176862725824 emit_beg 916 0
1587066032479067 132176862725824 emit_end 916 0
1587066048036829 132176871118528 drain_beg 0 0
1587066048037939 132176871118528 drain_end 1 0
1587066048038499 132176871118528 subm_beg 1 0
1587066051712865 132176871118528 subm_end 1 0
1587066051713315 132176871118528 pump_beg 1 0
1587066063342311 132176871118528 pump_end 1 2
1587066063342891 132176871118528 join_beg 1 0
1587066063343331 132176871118528 join_end 0 0
1587066065205393 132176871118528 coll_beg 0 0
1587066068816391 132176871118528 coll_end 0 0
1587066070752230 132176871118528 drain_beg 0 0
1587066070754510 132176871118528 drain_end 1 0
1587066070755190 132176871118528 subm_beg 1 0
1587066070752330 132176862725824 emit_beg 917 0
1587066074323040 132176871118528 subm_end 1 0
1587066074323650 132176871118528 pump_beg 1 0
1587066079736463 132176862725824 emit_end 917 0
1587066085282470 132176871118528 pump_end 1 2
1587066085289670 132176871118528 join_beg 1 0
1587066085290890 132176871118528 join_end 0 0
1587066088014161 132176871118528 coll_beg 0 0
1587066091396507 132176871118528 coll_end 0 0
1587066093567058 132176862725824 emit_beg 918 0
1587066100764625 132176862725824 emit_end 918 0
1587066114583621 132176871118528 drain_beg 0 0
1587066114585551 132176871118528 drain_end 1 0
1587066114586071 132176871118528 subm_beg 1 0
1587066118173290 132176871118528 subm_end 1 0
1587066118173650 132176871118528 pump_beg 1 0
1587066130354665 132176871118528 pump_end 1 2
1587066130364575 132176871118528 join_beg 1 0
1587066130366845 132176871118528 join_end 0 0
1587066132473358 132176871118528 coll_beg 0 0
1587066138681302 132176871118528 coll_end 0 0
1587066140816994 132176871118528 drain_beg 0 0
1587066140818493 132176871118528 drain_end 1 0
1587066140819023 132176862725824 emit_beg 919 0
1587066140819643 132176871118528 subm_beg 1 0
1587066142786762 132176871118528 subm_end 1 0
1587066142787282 132176871118528 pump_beg 1 0
1587066146649261 132176862725824 emit_end 919 0
1587066153381585 132176871118528 pump_end 1 2
1587066153382935 132176871118528 join_beg 1 0
1587066153383465 132176871118528 join_end 0 0
1587066156960124 132176871118528 coll_beg 0 0
1587066160225915 132176871118528 coll_end 0 0
1587066162854639 132176862725824 emit_beg 920 0
1587066170575298 132176862725824 emit_end 920 0
1587066187314157 132176871118528 drain_beg 0 0
1587066187318787 132176871118528 drain_end 1 0
1587066187320047 132176871118528 subm_beg 1 0
1587066193049948 132176871118528 subm_end 1 0
1587066193051667 132176871118528 pump_beg 1 0
1587066205782523 132176871118528 pump_end 1 2
1587066205784103 132176871118528 join_beg 1 0
1587066205785223 132176871118528 join_end 0 0
1587066207808669 132176871118528 coll_beg 0 0
1587066213527150 132176871118528 coll_end 0 0
1587066215510838 132176871118528 drain_beg 0 0
1587066215511888 132176871118528 drain_end 1 0
1587066215512598 132176871118528 subm_beg 1 0
1587066215513268 132176862725824 emit_beg 921 0
1587066217443497 132176871118528 subm_end 1 0
1587066217444167 132176871118528 pump_beg 1 0
1587066221332465 132176862725824 emit_end 921 0
1587066228031061 132176871118528 pump_end 1 2
1587066228031801 132176871118528 join_beg 1 0
1587066228032371 132176871118528 join_end 0 0
1587066231512164 132176871118528 coll_beg 0 0
1587066234563352 132176871118528 coll_end 0 0
1587066237676289 132176862725824 emit_beg 922 0
1587066245411467 132176862725824 emit_end 922 0
1587066262298560 132176871118528 drain_beg 0 0
1587066262299810 132176871118528 drain_end 1 0
1587066262300440 132176871118528 subm_beg 1 0
1587066266127401 132176871118528 subm_end 1 0
1587066266127931 132176871118528 pump_beg 1 0
1587066276019080 132176871118528 pump_end 1 2
1587066276019560 132176871118528 join_beg 1 0
1587066276020200 132176871118528 join_end 0 0
1587066277951539 132176871118528 coll_beg 0 0
1587066280590223 132176871118528 coll_end 0 0
1587066282595190 132176871118528 drain_beg 0 0
1587066282595900 132176871118528 drain_end 1 0
1587066282596340 132176871118528 subm_beg 1 0
1587066282598600 132176862725824 emit_beg 923 0
1587066284533969 132176871118528 subm_end 1 0
1587066284534509 132176871118528 pump_beg 1 0
1587066292215359 132176862725824 emit_end 923 0
1587066293687905 132176871118528 pump_end 1 2
1587066293688665 132176871118528 join_beg 1 0
1587066293689135 132176871118528 join_end 0 0
1587066295671962 132176871118528 coll_beg 0 0
1587066297579163 132176871118528 coll_end 0 0
1587066299597029 132176862725824 emit_beg 924 0
1587066307221051 132176862725824 emit_end 924 0
1587066326229807 132176871118528 drain_beg 0 0
1587066326230807 132176871118528 drain_end 1 0
1587066326231327 132176871118528 subm_beg 1 0
1587066329992720 132176871118528 subm_end 1 0
1587066329992990 132176871118528 pump_beg 1 0
1587066342628559 132176871118528 pump_end 1 2
1587066342644738 132176871118528 join_beg 1 0
1587066342647318 132176871118528 join_end 0 0
1587066344797580 132176871118528 coll_beg 0 0
1587066348946438 132176871118528 coll_end 0 0
1587066350971334 132176871118528 drain_beg 0 0
1587066350972484 132176871118528 drain_end 1 0
1587066350973454 132176871118528 subm_beg 1 0
1587066350991894 132176862725824 emit_beg 925 0
1587066352960752 132176871118528 subm_end 1 0
1587066352961402 132176871118528 pump_beg 1 0
1587066359438535 132176862725824 emit_end 925 0
1587066364155133 132176871118528 pump_end 1 2
1587066364155803 132176871118528 join_beg 1 0
1587066364156163 132176871118528 join_end 0 0
1587066367735193 132176871118528 coll_beg 0 0
1587066371912860 132176871118528 coll_end 0 0
1587066375499769 132176862725824 emit_beg 926 0
1587066383393881 132176862725824 emit_end 926 0
1587066399770714 132176871118528 drain_beg 0 0
1587066399772694 132176871118528 drain_end 1 0
1587066399774024 132176871118528 subm_beg 1 0
1587066405630630 132176871118528 subm_end 1 0
1587066405631500 132176871118528 pump_beg 1 0
1587066417495777 132176871118528 pump_end 1 2
1587066417496337 132176871118528 join_beg 1 0
1587066417496957 132176871118528 join_end 0 0
1587066419513593 132176871118528 coll_beg 0 0
1587066423776948 132176871118528 coll_end 0 0
1587066425752185 132176871118528 drain_beg 0 0
1587066425752935 132176871118528 drain_end 1 0
1587066425753495 132176871118528 subm_beg 1 0
1587066425774805 132176862725824 emit_beg 927 0
1587066427678735 132176871118528 subm_end 1 0
1587066427679325 132176871118528 pump_beg 1 0
1587066435594176 132176862725824 emit_end 927 0
1587066439736825 132176871118528 pump_end 1 2
1587066439737415 132176871118528 join_beg 1 0
1587066439738155 132176871118528 join_end 0 0
1587066441687014 132176871118528 coll_beg 0 0
1587066446413681 132176871118528 coll_end 0 0
1587066449434341 132176862725824 emit_beg 928 0
1587066457347792 132176862725824 emit_end 928 0
1587066472884416 132176871118528 drain_beg 0 0
1587066472887225 132176871118528 drain_end 1 0
1587066472888495 132176871118528 subm_beg 1 0
1587066476733205 132176871118528 subm_end 1 0
1587066476735375 132176871118528 pump_beg 1 0
1587066489774539 132176871118528 pump_end 1 2
1587066489786219 132176871118528 join_beg 1 0
1587066489789449 132176871118528 join_end 0 0
1587066491913711 132176871118528 coll_beg 0 0
1587066496975906 132176871118528 coll_end 0 0
1587066498977243 132176871118528 drain_beg 0 0
1587066498978493 132176871118528 drain_end 1 0
1587066498979423 132176871118528 subm_beg 1 0
1587066499000432 132176862725824 emit_beg 929 0
1587066500954181 132176871118528 subm_end 1 0
1587066500954771 132176871118528 pump_beg 1 0
1587066506995071 132176862725824 emit_end 929 0
1587066508601042 132176871118528 pump_end 1 2
1587066508602202 132176871118528 join_beg 1 0
1587066508602752 132176871118528 join_end 0 0
1587066510694046 132176871118528 coll_beg 0 0
1587066511187428 132176871118528 coll_end 0 0
1587066513126197 132176862725824 emit_beg 930 0
1587066518831279 132176862725824 emit_end 930 0
1587066541429104 132176871118528 drain_beg 0 0
1587066541432144 132176871118528 drain_end 1 0
1587066541433044 132176871118528 subm_beg 1 0
1587066545319992 132176871118528 subm_end 1 0
1587066545320992 132176871118528 pump_beg 1 0
1587066552787710 132176871118528 pump_end 1 2
1587066552788329 132176871118528 join_beg 1 0
1587066552788649 132176871118528 join_end 0 0
1587066554681570 132176871118528 coll_beg 0 0
1587066555441563 132176871118528 coll_end 0 0
1587066557320454 132176862725824 emit_beg 931 0
1587066564713804 132176862725824 emit_end 931 0
1587066566494339 132176871118528 drain_beg 0 0
1587066566495189 132176871118528 drain_end 1 0
1587066566495679 132176871118528 subm_beg 1 0
1587066568380960 132176871118528 subm_end 1 0
1587066568381580 132176871118528 pump_beg 1 0
1587066578422534 132176871118528 pump_end 1 2
1587066578423014 132176871118528 join_beg 1 0
1587066578423334 132176871118528 join_end 0 0
1587066581757132 132176871118528 coll_beg 0 0
1587066584137565 132176871118528 coll_end 0 0
1587066586048486 132176862725824 emit_beg 932 0
1587066593502144 132176862725824 emit_end 932 0
1587066595326697 132176871118528 drain_beg 0 0
1587066595327667 132176871118528 drain_end 1 0
1587066595328007 132176871118528 subm_beg 1 0
1587066597166210 132176871118528 subm_end 1 0
1587066597166600 132176871118528 pump_beg 1 0
1587066606748100 132176871118528 pump_end 1 2
1587066606748710 132176871118528 join_beg 1 0
1587066606749340 132176871118528 join_end 0 0
1587066609236639 132176871118528 coll_beg 0 0
1587066611384751 132176871118528 coll_end 0 0
1587066613294512 132176862725824 emit_beg 933 0
1587066620733890 132176862725824 emit_end 933 0
1587066622464677 132176871118528 drain_beg 0 0
1587066622465357 132176871118528 drain_end 1 0
1587066622465877 132176871118528 subm_beg 1 0
1587066624241282 132176871118528 subm_end 1 0
1587066624241792 132176871118528 pump_beg 1 0
1587066635363556 132176871118528 pump_end 1 2
1587066635364136 132176871118528 join_beg 1 0
1587066635364586 132176871118528 join_end 0 0
1587066638096636 132176871118528 coll_beg 0 0
1587066641370557 132176871118528 coll_end 0 0
1587066643200750 132176862725824 emit_beg 934 0
1587066648799406 132176862725824 emit_end 934 0
1587066666068346 132176871118528 drain_beg 0 0
1587066666075975 132176871118528 drain_end 1 0
1587066666076725 132176871118528 subm_beg 1 0
1587066669761341 132176871118528 subm_end 1 0
1587066669761801 132176871118528 pump_beg 1 0
1587066677469639 132176871118528 pump_end 1 2
1587066677470149 132176871118528 join_beg 1 0
1587066677470509 132176871118528 join_end 0 0
1587066679321592 132176871118528 coll_beg 0 0
1587066680037216 132176871118528 coll_end 0 0
1587066681926887 132176871118528 drain_beg 0 0
1587066681927507 132176871118528 drain_end 1 0
1587066681927947 132176871118528 subm_beg 1 0
1587066681951526 132176862725824 emit_beg 935 0
1587066683738691 132176871118528 subm_end 1 0
1587066683739291 132176871118528 pump_beg 1 0
1587066691284625 132176862725824 emit_end 935 0
1587066695057928 132176871118528 pump_end 1 2
1587066695062218 132176871118528 join_beg 1 0
1587066695063788 132176871118528 join_end 0 0
1587066698115036 132176871118528 coll_beg 0 0
1587066702201967 132176871118528 coll_end 0 0
1587066705416960 132176862725824 emit_beg 936 0
1587066707256463 132176871118528 drain_beg 0 0
1587066707258342 132176871118528 drain_end 1 0
1587066707259102 132176871118528 subm_beg 1 0
1587066712770871 132176871118528 subm_end 1 0
1587066712773751 132176871118528 pump_beg 1 0
1587066714632463 132176862725824 emit_end 936 0
1587066723409323 132176871118528 pump_end 1 2
1587066723410173 132176871118528 join_beg 1 0
1587066723410683 132176871118528 join_end 0 0
1587066726490291 132176871118528 coll_beg 0 0
1587066729443123 132176871118528 coll_end 0 0
1587066732239611 132176862725824 emit_beg 937 0
1587066739484146 132176862725824 emit_end 937 0
1587066753050161 132176871118528 drain_beg 0 0
1587066753051691 132176871118528 drain_end 1 0
1587066753052161 132176871118528 subm_beg 1 0
1587066756645320 132176871118528 subm_end 1 0
1587066756645800 132176871118528 pump_beg 1 0
1587066769104486 132176871118528 pump_end 1 2
1587066769118635 132176871118528 join_beg 1 0
1587066769121345 132176871118528 join_end 0 0
1587066771152101 132176871118528 coll_beg 0 0
1587066774927653 132176871118528 coll_end 0 0
1587066776797095 132176871118528 drain_beg 0 0
1587066776799655 132176871118528 drain_end 1 0
1587066776800535 132176871118528 subm_beg 1 0
1587066776797185 132176862725824 emit_beg 938 0
1587066778652717 132176871118528 subm_end 1 0
1587066778653307 132176871118528 pump_beg 1 0
1587066784255513 132176862725824 emit_end 938 0
1587066790156677 132176871118528 pump_end 1 2
1587066790157467 132176871118528 join_beg 1 0
1587066790157827 132176871118528 join_end 0 0
1587066791954232 132176871118528 coll_beg 0 0
1587066794776419 132176871118528 coll_end 0 0
1587066797463771 132176862725824 emit_beg 939 0
1587066804932458 132176862725824 emit_end 939 0
1587066820763700 132176871118528 drain_beg 0 0
1587066820765860 132176871118528 drain_end 1 0
1587066820766610 132176871118528 subm_beg 1 0
1587066824466575 132176871118528 subm_end 1 0
1587066824468165 132176871118528 pump_beg 1 0
1587066835909778 132176871118528 pump_end 1 2
1587066835912707 132176871118528 join_beg 1 0
1587066835913917 132176871118528 join_end 0 0
1587066837970022 132176871118528 coll_beg 0 0
1587066842831595 132176871118528 coll_end 0 0
1587066844886480 132176871118528 drain_beg 0 0
1587066844889050 132176871118528 drain_end 1 0
1587066844890290 132176871118528 subm_beg 1 0
1587066844908139 132176862725824 emit_beg 940 0
1587066846791900 132176871118528 subm_end 1 0
1587066846792630 132176871118528 pump_beg 1 0
1587066852428705 132176862725824 emit_end 940 0
1587066859394901 132176871118528 pump_end 1 2
1587066859395551 132176871118528 join_beg 1 0
1587066859395930 132176871118528 join_end 0 0
1587066861299601 132176871118528 coll_beg 0 0
1587066867489505 132176871118528 coll_end 0 0
1587066870600192 132176862725824 emit_beg 941 0
1587066872470133 132176871118528 drain_beg 0 0
1587066872473473 132176871118528 drain_end 1 0
1587066872474743 132176871118528 subm_beg 1 0
1587066877845257 132176871118528 subm_end 1 0
1587066877847457 132176871118528 pump_beg 1 0
1587066879740278 132176862725824 emit_end 941 0
1587066889989954 132176871118528 pump_end 1 2
1587066889990974 132176871118528 join_beg 1 0
1587066889991584 132176871118528 join_end 0 0
1587066893159338 132176871118528 coll_beg 0 0
1587066897799939 132176871118528 coll_end 0 0
1587066900751331 132176862725824 emit_beg 942 0
1587066902602574 132176871118528 drain_beg 0 0
1587066902603474 132176871118528 drain_end 1 0
1587066902603864 132176871118528 subm_beg 1 0
1587066908014576 132176871118528 subm_end 1 0
1587066908014846 132176871118528 pump_beg 1 0
1587066909933726 132176862725824 emit_end 942 0
1587066917392594 132176871118528 pump_end 1 2
1587066917393294 132176871118528 join_beg 1 0
1587066917393614 132176871118528 join_end 0 0
1587066919210888 132176871118528 coll_beg 0 0
1587066921419987 132176871118528 coll_end 0 0
1587066924929849 132176862725824 emit_beg 943 0
1587066932642957 132176862725824 emit_end 943 0
1587066940388395 132176871118528 drain_beg 0 0
1587066940389765 132176871118528 drain_end 1 0
1587066940390315 132176871118528 subm_beg 1 0
1587066942363073 132176871118528 subm_end 1 0
1587066942363623 132176871118528 pump_beg 1 0
1587066952361978 132176871118528 pump_end 1 2
1587066952362558 132176871118528 join_beg 1 0
1587066952362898 132176871118528 join_end 0 0
1587066955281281 132176871118528 coll_beg 0 0
1587066958176106 132176871118528 coll_end 0 0
1587066961118978 132176862725824 emit_beg 944 0
1587066963114825 132176871118528 drain_beg 0 0
1587066963115525 132176871118528 drain_end 1 0
1587066963115785 132176871118528 subm_beg 1 0
1587066968833627 132176871118528 subm_end 1 0
1587066968834087 132176871118528 pump_beg 1 0
1587066970804425 132176862725824 emit_end 944 0
1587066977800599 132176871118528 pump_end 1 2
1587066977802479 132176871118528 join_beg 1 0
1587066977803139 132176871118528 join_end 0 0
1587066981646639 132176871118528 coll_beg 0 0
1587066983616107 132176871118528 coll_end 0 0
1587066987489956 132176862725824 emit_beg 945 0
1587066995173876 132176862725824 emit_end 945 0
1587067009293570 132176871118528 drain_beg 0 0
1587067009296070 132176871118528 drain_end 1 0
1587067009296790 132176871118528 subm_beg 1 0
1587067013216837 132176871118528 subm_end 1 0
1587067013217607 132176871118528 pump_beg 1 0
1587067027163778 132176871118528 pump_end 1 2
1587067027171868 132176871118528 join_beg 1 0
1587067027174198 132176871118528 join_end 0 0
1587067029567950 132176871118528 coll_beg 0 0
1587067037357516 132176871118528 coll_end 0 0
1587067039615084 132176862725824 emit_beg 946 0
1587067039617614 132176871118528 drain_beg 0 0
1587067039620463 132176871118528 drain_end 1 0
1587067039622073 132176871118528 subm_beg 1 0
1587067045411312 132176871118528 subm_end 1 0
1587067045411962 132176871118528 pump_beg 1 0
1587067049391147 132176862725824 emit_end 946 0
1587067058317111 132176871118528 pump_end 1 2
1587067058330991 132176871118528 join_beg 1 0
1587067058334491 132176871118528 join_end 0 0
1587067063200853 132176871118528 coll_beg 0 0
1587067067681319 132176871118528 coll_end 0 0
1587067071323197 132176871118528 drain_beg 0 0
1587067071324287 132176871118528 drain_end 1 0
1587067071325146 132176871118528 subm_beg 1 0
1587067071326636 132176862725824 emit_beg 947 0
1587067073311664 132176871118528 subm_end 1 0
1587067073312284 132176871118528 pump_beg 1 0
1587067079187550 132176862725824 emit_end 947 0
1587067085284617 132176871118528 pump_end 1 2
1587067085285417 132176871118528 join_beg 1 0
1587067085285957 132176871118528 join_end 0 0
1587067087401240 132176871118528 coll_beg 0 0
1587067091675984 132176871118528 coll_end 0 0
1587067095311641 132176862725824 emit_beg 948 0
1587067103132376 132176862725824 emit_end 948 0
1587067119241988 132176871118528 drain_beg 0 0
1587067119244038 132176871118528 drain_end 1 0
1587067119245118 132176871118528 subm_beg 1 0
1587067125042836 132176871118528 subm_end 1 0
1587067125044666 132176871118528 pump_beg 1 0
1587067134448923 132176871118528 pump_end 1 2
1587067134451783 132176871118528 join_beg 1 0
1587067134453433 132176871118528 join_end 0 0
1587067137094036 132176871118528 coll_beg 0 0
1587067139097213 132176871118528 coll_end 0 0
1587067141084821 132176871118528 drain_beg 0 0
1587067141085491 132176871118528 drain_end 1 0
1587067141085941 132176871118528 subm_beg 1 0
1587067141108280 132176862725824 emit_beg 949 0
1587067142970662 132176871118528 subm_end 1 0
1587067142971242 132176871118528 pump_beg 1 0
1587067150969900 132176862725824 emit_end 949 0
1587067153623933 132176871118528 pump_end 1 2
1587067153625623 132176871118528 join_beg 1 0
1587067153626643 132176871118528 join_end 0 0
1587067155735816 132176871118528 coll_beg 0 0
1587067158868392 132176871118528 coll_end 0 0
1587067161630251 132176862725824 emit_beg 950 0
1587067169649028 132176862725824 emit_end 950 0
1587067185770160 132176871118528 drain_beg 0 0
1587067185771510 132176871118528 drain_end 1 0
1587067185771900 132176871118528 subm_beg 1 0
1587067189630839 132176871118528 subm_end 1 0
1587067189631279 132176871118528 pump_beg 1 0
1587067201276674 132176871118528 pump_end 1 2
1587067201280814 132176871118528 join_beg 1 0
1587067201282394 132176871118528 join_end 0 0
1587067203326649 132176871118528 coll_beg 0 0
1587067207062193 132176871118528 coll_end 0 0
1587067209054840 132176871118528 drain_beg 0 0
1587067209055730 132176871118528 drain_end 1 0
1587067209056390 132176871118528 subm_beg 1 0
1587067209057280 132176862725824 emit_beg 951 0
1587067211001509 132176871118528 subm_end 1 0
1587067211002189 132176871118528 pump_beg 1 0
1587067214846619 132176862725824 emit_end 951 0
1587067220791802 132176871118528 pump_end 1 2
1587067220792582 132176871118528 join_beg 1 0
1587067220793342 132176871118528 join_end 0 0
1587067222732211 132176871118528 coll_beg 0 0
1587067225419593 132176871118528 coll_end 0 0
1587067227383991 132176862725824 emit_beg 952 0
1587067235071511 132176862725824 emit_end 952 0
1587067255872722 132176871118528 drain_beg 0 0
1587067255875102 132176871118528 drain_end 1 0
1587067255876062 132176871118528 subm_beg 1 0
1587067261704819 132176871118528 subm_end 1 0
1587067261705629 132176871118528 pump_beg 1 0
1587067270680801 132176871118528 pump_end 1 2
1587067270682041 132176871118528 join_beg 1 0
1587067270682651 132176871118528 join_end 0 0
1587067272723847 132176871118528 coll_beg 0 0
1587067274375967 132176871118528 coll_end 0 0
1587067276363394 132176871118528 drain_beg 0 0
1587067276363824 132176871118528 drain_end 1 0
1587067276364224 132176871118528 subm_beg 1 0
1587067276389693 132176862725824 emit_beg 953 0
1587067278317593 132176871118528 subm_end 1 0
1587067278318183 132176871118528 pump_beg 1 0
1587067286167366 132176862725824 emit_end 953 0
1587067287937642 132176871118528 pump_end 1 2
1587067287938312 132176871118528 join_beg 1 0
1587067287938632 132176871118528 join_end 0 0
1587067291567849 132176871118528 coll_beg 0 0
1587067294123976 132176871118528 coll_end 0 0
1587067297359278 132176862725824 emit_beg 954 0
1587067305059567 132176862725824 emit_end 954 0
1587067320350579 132176871118528 drain_beg 0 0
1587067320354019 132176871118528 drain_end 1 0
1587067320355489 132176871118528 subm_beg 1 0
1587067326149157 132176871118528 subm_end 1 0
1587067326151877 132176871118528 pump_beg 1 0
1587067336826437 132176871118528 pump_end 1 2
1587067336839397 132176871118528 join_beg 1 0
1587067336843147 132176871118528 join_end 0 0
1587067338842304 132176871118528 coll_beg 0 0
1587067341870404 132176871118528 coll_end 0 0
1587067343746225 132176871118528 drain_beg 0 0
1587067343747435 132176871118528 drain_end 1 0
1587067343748255 132176871118528 subm_beg 1 0
1587067343748275 132176862725824 emit_beg 955 0
1587067345555949 132176871118528 subm_end 1 0
1587067345556559 132176871118528 pump_beg 1 0
1587067349300402 132176862725824 emit_end 955 0
1587067356595106 132176871118528 pump_end 1 2
1587067356596976 132176871118528 join_beg 1 0
1587067356597496 132176871118528 join_end 0 0
1587067358501177 132176871118528 coll_beg 0 0
1587067361697910 132176871118528 coll_end 0 0
1587067363955097 132176862725824 emit_beg 956 0
1587067371360777 132176862725824 emit_end 956 0
1587067387639883 132176871118528 drain_beg 0 0
1587067387649523 132176871118528 drain_end 1 0
1587067387650523 132176871118528 subm_beg 1 0
1587067391322149 132176871118528 subm_end 1 0
1587067391322579 132176871118528 pump_beg 1 0
1587067399123364 132176871118528 pump_end 1 2
1587067399123824 132176871118528 join_beg 1 0
1587067399124304 132176871118528 join_end 0 0
1587067401053814 132176871118528 coll_beg 0 0
1587067401898483 132176871118528 coll_end 0 0
1587067403799094 132176862725824 emit_beg 957 0
1587067411091917 132176862725824 emit_end 957 0
1587067412877602 132176871118528 drain_beg 0 0
1587067412878482 132176871118528 drain_end 1 0
1587067412878822 132176871118528 subm_beg 1 0
1587067414738384 132176871118528 subm_end 1 0
1587067414738614 132176871118528 pump_beg 1 0
1587067423944348 132176871118528 pump_end 1 2
1587067423944858 132176871118528 join_beg 1 0
1587067423945408 132176871118528 join_end 0 0
1587067426379549 132176871118528 coll_beg 0 0
1587067429730057 132176871118528 coll_end 0 0
1587067431650407 132176862725824 emit_beg 958 0
1587067437164476 132176862725824 emit_end 958 0
1587067451741054 132176871118528 drain_beg 0 0
1587067451742194 132176871118528 drain_end 1 0
1587067451742574 132176871118528 subm_beg 1 0
1587067455391721 132176871118528 subm_end 1 0
1587067455392251 132176871118528 pump_beg 1 0
1587067463025072 132176871118528 pump_end 1 2
1587067463026002 132176871118528 join_beg 1 0
1587067463026562 132176871118528 join_end 0 0
1587067465007990 132176871118528 coll_beg 0 0
1587067465642337 132176871118528 coll_end 0 0
1587067467505809 132176862725824 emit_beg 959 0
1587067469277814 132176871118528 drain_beg 0 0
1587067469278374 132176871118528 drain_end 1 0
1587067469278734 132176871118528 subm_beg 1 0
1587067474643628 132176871118528 subm_end 1 0
1587067474644088 132176871118528 pump_beg 1 0
1587067476489801 132176862725824 emit_end 959 0
1587067485521151 132176871118528 pump_end 1 2
1587067485522731 132176871118528 join_beg 1 0
1587067485523321 132176871118528 join_end 0 0
1587067487823227 132176871118528 coll_beg 0 0
1587067490408713 132176871118528 coll_end 0 0
1587067493507490 132176862725824 emit_beg 960 0
1587067497227714 132176862725824 emit_end 960 0
1587067515784327 132176871118528 drain_beg 0 0
1587067515785377 132176871118528 drain_end 1 0
1587067515786127 132176871118528 subm_beg 1 0
1587067519409394 132176871118528 subm_end 1 0
1587067519409884 132176871118528 pump_beg 1 0
1587067527137412 132176871118528 pump_end 1 2
1587067527138172 132176871118528 join_beg 1 0
1587067527138542 132176871118528 join_end 0 0
1587067528937887 132176871118528 coll_beg 0 0
1587067529857583 132176871118528 coll_end 0 0
1587067531707556 132176871118528 drain_beg 0 0
1587067531708166 132176871118528 drain_end 1 0
1587067531708666 132176871118528 subm_beg 1 0
1587067531730305 132176862725824 emit_beg 961 0
1587067533567808 132176871118528 subm_end 1 0
1587067533568428 132176871118528 pump_beg 1 0
1587067540809714 132176862725824 emit_end 961 0
1587067545734794 132176871118528 pump_end 1 2
1587067545735514 132176871118528 join_beg 1 0
1587067545735814 132176871118528 join_end 0 0
1587067548828811 132176871118528 coll_beg 0 0
1587067552713699 132176871118528 coll_end 0 0
1587067556285949 132176862725824 emit_beg 962 0
1587067558124792 132176871118528 drain_beg 0 0
1587067558126372 132176871118528 drain_end 1 0
1587067558127232 132176871118528 subm_beg 1 0
1587067563536404 132176871118528 subm_end 1 0
1587067563536884 132176871118528 pump_beg 1 0
1587067565380857 132176862725824 emit_end 962 0
1587067574110038 132176871118528 pump_end 1 2
1587067574111038 132176871118528 join_beg 1 0
1587067574111598 132176871118528 join_end 0 0
1587067577307552 132176871118528 coll_beg 0 0
1587067580151848 132176871118528 coll_end 0 0
1587067582850399 132176862725824 emit_beg 963 0
1587067590063046 132176862725824 emit_end 963 0
1587067605242162 132176871118528 drain_beg 0 0
1587067605243222 132176871118528 drain_end 1 0
1587067605243602 132176871118528 subm_beg 1 0
1587067608877440 132176871118528 subm_end 1 0
1587067608877960 132176871118528 pump_beg 1 0
1587067620856042 132176871118528 pump_end 1 2
1587067620864922 132176871118528 join_beg 1 0
1587067620867032 132176871118528 join_end 0 0
1587067622961366 132176871118528 coll_beg 0 0
1587067626836154 132176871118528 coll_end 0 0
1587067628748914 132176871118528 drain_beg 0 0
1587067628749904 132176871118528 drain_end 1 0
1587067628749914 132176862725824 emit_beg 964 0
1587067628750904 132176871118528 subm_beg 1 0
1587067632434750 132176871118528 subm_end 1 0
1587067632435440 132176871118528 pump_beg 1 0
1587067636151894 132176862725824 emit_end 964 0
1587067644513329 132176871118528 pump_end 1 2
1587067644514249 132176871118528 join_beg 1 0
1587067644514949 132176871118528 join_end 0 0
1587067647451502 132176871118528 coll_beg 0 0
1587067651145577 132176871118528 coll_end 0 0
1587067653067537 132176862725824 emit_beg 965 0
1587067660233455 132176862725824 emit_end 965 0
1587067675990890 132176871118528 drain_beg 0 0
1587067675991660 132176871118528 drain_end 1 0
1587067675992090 132176871118528 subm_beg 1 0
1587067679647437 132176871118528 subm_end 1 0
1587067679647907 132176871118528 pump_beg 1 0
1587067690248790 132176871118528 pump_end 1 2
1587067690255890 132176871118528 join_beg 1 0
1587067690257150 132176871118528 join_end 0 0
1587067692374892 132176871118528 coll_beg 0 0
1587067694769675 132176871118528 coll_end 0 0
1587067696644107 132176871118528 drain_beg 0 0
1587067696644767 132176862725824 emit_beg 966 0
1587067696645167 132176871118528 drain_end 1 0
1587067696652526 132176871118528 subm_beg 1 0
1587067702105667 132176871118528 subm_end 1 0
1587067702106067 132176871118528 pump_beg 1 0
1587067703983569 132176862725824 emit_end 966 0
1587067713806790 132176871118528 pump_end 1 2
1587067713807780 132176871118528 join_beg 1 0
1587067713808650 132176871118528 join_end 0 0
1587067715952672 132176871118528 coll_beg 0 0
1587067719427045 132176871118528 coll_end 0 0
1587067721765960 132176862725824 emit_beg 967 0
1587067729631063 132176862725824 emit_end 967 0
1587067746878184 132176871118528 drain_beg 0 0
1587067746879434 132176871118528 drain_end 1 0
1587067746880203 132176871118528 subm_beg 1 0
1587067750777281 132176871118528 subm_end 1 0
1587067750777761 132176871118528 pump_beg 1 0
1587067762199144 132176871118528 pump_end 1 2
1587067762199764 132176871118528 join_beg 1 0
1587067762200314 132176871118528 join_end 0 0
1587067764286778 132176871118528 coll_beg 0 0
1587067767856748 132176871118528 coll_end 0 0
1587067769895953 132176871118528 drain_beg 0 0
1587067769896593 132176871118528 drain_end 1 0
1587067769897083 132176871118528 subm_beg 1 0
1587067769904123 132176862725824 emit_beg 968 0
1587067771846052 132176871118528 subm_end 1 0
1587067771846712 132176871118528 pump_beg 1 0
1587067777697079 132176862725824 emit_end 968 0
1587067779542511 132176871118528 pump_end 1 2
1587067779543631 132176871118528 join_beg 1 0
1587067779543971 132176871118528 join_end 0 0
1587067781530689 132176871118528 coll_beg 0 0
1587067782374878 132176871118528 coll_end 0 0
1587067785375279 132176862725824 emit_beg 969 0
1587067793042609 132176862725824 emit_end 969 0
1587067811790875 132176871118528 drain_beg 0 0
1587067811793464 132176871118528 drain_end 1 0
1587067811794474 132176871118528 subm_beg 1 0
1587067815661753 132176871118528 subm_end 1 0
1587067815662873 132176871118528 pump_beg 1 0
1587067825820443 132176871118528 pump_end 1 2
1587067825821193 132176871118528 join_beg 1 0
1587067825821453 132176871118528 join_end 0 0
1587067827820530 132176871118528 coll_beg 0 0
1587067831503655 132176871118528 coll_end 0 0
1587067833548381 132176871118528 drain_beg 0 0
1587067833550751 132176871118528 drain_end 1 0
1587067833551821 132176871118528 subm_beg 1 0
1587067833568760 132176862725824 emit_beg 970 0
1587067835557447 132176871118528 subm_end 1 0
1587067835559187 132176871118528 pump_beg 1 0
1587067841398664 132176862725824 emit_end 970 0
1587067847313638 132176871118528 pump_end 1 2
1587067847317538 132176871118528 join_beg 1 0
1587067847318808 132176871118528 join_end 0 0
1587067849358554 132176871118528 coll_beg 0 0
1587067853942676 132176871118528 coll_end 0 0
1587067857084042 132176862725824 emit_beg 971 0
1587067864806560 132176862725824 emit_end 971 0
1587067879466305 132176871118528 drain_beg 0 0
1587067879470545 132176871118528 drain_end 1 0
1587067879471735 132176871118528 subm_beg 1 0
1587067883321574 132176871118528 subm_end 1 0
1587067883322604 132176871118528 pump_beg 1 0
1587067894367201 132176871118528 pump_end 1 2
1587067894378731 132176871118528 join_beg 1 0
1587067894381781 132176871118528 join_end 0 0
1587067896525462 132176871118528 coll_beg 0 0
1587067900021875 132176871118528 coll_end 0 0
1587067902052811 132176871118528 drain_beg 0 0
1587067902053841 132176871118528 drain_end 1 0
1587067902054521 132176871118528 subm_beg 1 0
1587067902078570 132176862725824 emit_beg 972 0
1587067904006109 132176871118528 subm_end 1 0
1587067904006719 132176871118528 pump_beg 1 0
1587067912041066 132176862725824 emit_end 972 0
1587067913201024 132176871118528 pump_end 1 2
1587067913205014 132176871118528 join_beg 1 0
1587067913206404 132176871118528 join_end 0 0
1587067915236080 132176871118528 coll_beg 0 0
1587067917240396 132176871118528 coll_end 0 0
1587067919270122 132176862725824 emit_beg 973 0
1587067926965312 132176862725824 emit_end 973 0
1587067946864535 132176871118528 drain_beg 0 0
1587067946866645 132176871118528 drain_end 1 0
1587067946867485 132176871118528 subm_beg 1 0
1587067950668487 132176871118528 subm_end 1 0
1587067950669177 132176871118528 pump_beg 1 0
1587067959717416 132176871118528 pump_end 1 2
1587067959729696 132176871118528 join_beg 1 0
1587067959732006 132176871118528 join_end 0 0
1587067961805410 132176871118528 coll_beg 0 0
1587067963373473 132176871118528 coll_end 0 0
1587067966134752 132176871118528 drain_beg 0 0
1587067966136002 132176871118528 drain_end 1 0
1587067966135782 132176862725824 emit_beg 974 0
1587067966137262 132176871118528 subm_beg 1 0
1587067970028840 132176871118528 subm_end 1 0
1587067970029610 132176871118528 pump_beg 1 0
1587067973936397 132176862725824 emit_end 974 0
1587067980975831 132176871118528 pump_end 1 2
1587067980977721 132176871118528 join_beg 1 0
1587067980978621 132176871118528 join_end 0 0
1587067983046635 132176871118528 coll_beg 0 0
1587067986519968 132176871118528 coll_end 0 0
1587067988796005 132176862725824 emit_beg 975 0
1587067996712016 132176862725824 emit_end 975 0
1587068011082992 132176871118528 drain_beg 0 0
1587068011084012 132176871118528 drain_end 1 0
1587068011084482 132176871118528 subm_beg 1 0
1587068014850034 132176871118528 subm_end 1 0
1587068014850524 132176871118528 pump_beg 1 0
1587068027309950 132176871118528 pump_end 1 2
1587068027320909 132176871118528 join_beg 1 0
1587068027323789 132176871118528 join_end 0 0
1587068029464411 132176871118528 coll_beg 0 0
1587068036122298 132176871118528 coll_end 0 0
1587068038352327 132176871118528 drain_beg 0 0
1587068038355177 132176871118528 drain_end 1 0
1587068038356617 132176871118528 subm_beg 1 0
1587068038371566 132176862725824 emit_beg 976 0
1587068040335274 132176871118528 subm_end 1 0
1587068040335994 132176871118528 pump_beg 1 0
1587068046583316 132176862725824 emit_end 976 0
1587068049560248 132176871118528 pump_end 1 2
1587068049561028 132176871118528 join_beg 1 0
1587068049561498 132176871118528 join_end 0 0
1587068051505327 132176871118528 coll_beg 0 0
1587068054441220 132176871118528 coll_end 0 0
1587068056370939 132176862725824 emit_beg 977 0
1587068064173734 132176862725824 emit_end 977 0
1587068084357198 132176871118528 drain_beg 0 0
1587068084359418 132176871118528 drain_end 1 0
1587068084360668 132176871118528 subm_beg 1 0
1587068090082659 132176871118528 subm_end 1 0
1587068090083849 132176871118528 pump_beg 1 0
1587068100475910 132176871118528 pump_end 1 2
1587068100476460 132176871118528 join_beg 1 0
1587068100477010 132176871118528 join_end 0 0
1587068102496736 132176871118528 coll_beg 0 0
1587068104817101 132176871118528 coll_end 0 0
1587068106845287 132176871118528 drain_beg 0 0
1587068106845947 132176871118528 drain_end 1 0
1587068106846547 132176871118528 subm_beg 1 0
1587068106849987 132176862725824 emit_beg 978 0
1587068110731985 132176871118528 subm_end 1 0
1587068110732475 132176871118528 pump_beg 1 0
1587068116483245 132176862725824 emit_end 978 0
1587068121167165 132176871118528 pump_end 1 2
1587068121170594 132176871118528 join_beg 1 0
1587068121171824 132176871118528 join_end 0 0
1587068124512162 132176871118528 coll_beg 0 0
1587068127276972 132176871118528 coll_end 0 0
1587068129994972 132176862725824 emit_beg 979 0
1587068137359134 132176862725824 emit_end 979 0
1587068150320911 132176871118528 drain_beg 0 0
1587068150321821 132176871118528 drain_end 1 0
1587068150322261 132176871118528 subm_beg 1 0
1587068153916389 132176871118528 subm_end 1 0
1587068153916869 132176871118528 pump_beg 1 0
1587068164781493 132176871118528 pump_end 1 2
1587068164783543 132176871118528 join_beg 1 0
1587068164784333 132176871118528 join_end 0 0
1587068166773200 132176871118528 coll_beg 0 0
1587068169947494 132176871118528 coll_end 0 0
1587068171880524 132176871118528 drain_beg 0 0
1587068171881424 132176871118528 drain_end 1 0
1587068171882114 132176871118528 subm_beg 1 0
1587068171882304 132176862725824 emit_beg 980 0
1587068173723467 132176871118528 subm_end 1 0
1587068173724067 132176871118528 pump_beg 1 0
1587068179261974 132176862725824 emit_end 980 0
1587068184635338 132176871118528 pump_end 1 2
1587068184639328 132176871118528 join_beg 1 0
1587068184640898 132176871118528 join_end 0 0
1587068186735252 132176871118528 coll_beg 0 0
1587068189193942 132176871118528 coll_end 0 0
1587068192331388 132176862725824 emit_beg 981 0
1587068199633211 132176862725824 emit_end 981 0
1587068216071451 132176871118528 drain_beg 0 0
1587068216075781 132176871118528 drain_end 1 0
1587068216076981 132176871118528 subm_beg 1 0
1587068221621959 132176871118528 subm_end 1 0
1587068221623218 132176871118528 pump_beg 1 0
1587068229411494 132176871118528 pump_end 1 2
1587068229412404 132176871118528 join_beg 1 0
1587068229413334 132176871118528 join_end 0 0
1587068231306685 132176871118528 coll_beg 0 0
1587068232074117 132176871118528 coll_end 0 0
1587068233912100 132176871118528 drain_beg 0 0
1587068233912830 132176871118528 drain_end 1 0
1587068233913030 132176862725824 emit_beg 982 0
1587068233913410 132176871118528 subm_beg 1 0
1587068235758443 132176871118528 subm_end 1 0
1587068235758843 132176871118528 pump_beg 1 0
1587068241086558 132176862725824 emit_end 982 0
1587068247621270 132176871118528 pump_end 1 2
1587068247622080 132176871118528 join_beg 1 0
1587068247622570 132176871118528 join_end 0 0
1587068250950968 132176871118528 coll_beg 0 0
1587068254441201 132176871118528 coll_end 0 0
1587068256556284 132176862725824 emit_beg 983 0
1587068263865767 132176862725824 emit_end 983 0
1587068280876716 132176871118528 drain_beg 0 0
1587068280879896 132176871118528 drain_end 1 0
1587068280880906 132176871118528 subm_beg 1 0
1587068284553492 132176871118528 subm_end 1 0
1587068284555482 132176871118528 pump_beg 1 0
1587068294175391 132176871118528 pump_end 1 2
1587068294177001 132176871118528 join_beg 1 0
1587068294178001 132176871118528 join_end 0 0
1587068296222056 132176871118528 coll_beg 0 0
1587068298585980 132176871118528 coll_end 0 0
1587068300627995 132176871118528 drain_beg 0 0
1587068300630725 132176871118528 drain_end 1 0
1587068300631905 132176871118528 subm_beg 1 0
1587068300649715 132176862725824 emit_beg 984 0
1587068304300771 132176871118528 subm_end 1 0
1587068304302971 132176871118528 pump_beg 1 0
1587068310093110 132176862725824 emit_end 984 0
1587068313685319 132176871118528 pump_end 1 2
1587068313685999 132176871118528 join_beg 1 0
1587068313686359 132176871118528 join_end 0 0
1587068315484853 132176871118528 coll_beg 0 0
1587068317475661 132176871118528 coll_end 0 0
1587068320917815 132176862725824 emit_beg 985 0
1587068330037132 132176862725824 emit_end 985 0
1587068343013879 132176871118528 drain_beg 0 0
1587068343015099 132176871118528 drain_end 1 0
1587068343015649 132176871118528 subm_beg 1 0
1587068346537360 132176871118528 subm_end 1 0
1587068346537750 132176871118528 pump_beg 1 0
1587068355027890 132176871118528 pump_end 1 2
1587068355028850 132176871118528 join_beg 1 0
1587068355029380 132176871118528 join_end 0 0
1587068356972219 132176871118528 coll_beg 0 0
1587068358291731 132176871118528 coll_end 0 0
1587068361006912 132176871118528 drain_beg 0 0
1587068361007852 132176871118528 drain_end 1 0
1587068361008402 132176871118528 subm_beg 1 0
1587068361028171 132176862725824 emit_beg 986 0
1587068362865974 132176871118528 subm_end 1 0
1587068362866444 132176871118528 pump_beg 1 0
1587068370220656 132176862725824 emit_end 986 0
1587068375211534 132176871118528 pump_end 1 2
1587068375212304 132176871118528 join_beg 1 0
1587068375212644 132176871118528 join_end 0 0
1587068378366739 132176871118528 coll_beg 0 0
1587068382842575 132176871118528 coll_end 0 0
1587068386054218 132176862725824 emit_beg 987 0
1587068393480927 132176862725824 emit_end 987 0
1587068395205764 132176871118528 drain_beg 0 0
1587068395206224 132176871118528 drain_end 1 0
1587068395206624 132176871118528 subm_beg 1 0
1587068397060316 132176871118528 subm_end 1 0
1587068397060546 132176871118528 pump_beg 1 0
1587068406495522 132176871118528 pump_end 1 2
1587068406495992 132176871118528 join_beg 1 0
1587068406496222 132176871118528 join_end 0 0
1587068408609945 132176871118528 coll_beg 0 0
1587068410498426 132176871118528 coll_end 0 0
1587068412354768 132176862725824 emit_beg 988 0
1587068421475795 132176862725824 emit_end 988 0
1587068423270850 132176871118528 drain_beg 0 0
1587068423271490 132176871118528 drain_end 1 0
1587068423271780 132176871118528 subm_beg 1 0
1587068425056115 132176871118528 subm_end 1 0
1587068425056445 132176871118528 pump_beg 1 0
1587068433410420 132176871118528 pump_end 1 2
1587068433410890 132176871118528 join_beg 1 0
1587068433411130 132176871118528 join_end 0 0
1587068436905022 132176871118528 coll_beg 0 0
1587068437550359 132176871118528 coll_end 0 0
1587068440566339 132176862725824 emit_beg 989 0
1587068447956129 132176862725824 emit_end 989 0
1587068459975070 132176871118528 drain_beg 0 0
1587068459976530 132176871118528 drain_end 1 0
1587068459976960 132176871118528 subm_beg 1 0
1587068463716744 132176871118528 subm_end 1 0
1587068463717394 132176871118528 pump_beg 1 0
1587068477573288 132176871118528 pump_end 1 2
1587068477573878 132176871118528 join_beg 1 0
1587068477574248 132176871118528 join_end 0 0
1587068479598594 132176871118528 coll_beg 0 0
1587068484229655 132176871118528 coll_end 0 0
1587068486163425 132176871118528 drain_beg 0 0
1587068486164035 132176871118528 drain_end 1 0
1587068486164475 132176871118528 subm_beg 1 0
1587068486186494 132176862725824 emit_beg 990 0
1587068488035956 132176871118528 subm_end 1 0
1587068488036396 132176871118528 pump_beg 1 0
1587068493721159 132176862725824 emit_end 990 0
1587068499446690 132176871118528 pump_end 1 2
1587068499448790 132176871118528 join_beg 1 0
1587068499449250 132176871118528 join_end 0 0
1587068501567402 132176871118528 coll_beg 0 0
1587068505266528 132176871118528 coll_end 0 0
1587068507734438 132176862725824 emit_beg 991 0
1587068515446626 132176862725824 emit_end 991 0
1587068532701276 132176871118528 drain_beg 0 0
1587068532702836 132176871118528 drain_end 1 0
1587068532703706 132176871118528 subm_beg 1 0
1587068536559266 132176871118528 subm_end 1 0
1587068536561315 132176871118528 pump_beg 1 0
1587068547266545 132176871118528 pump_end 1 2
1587068547267755 132176871118528 join_beg 1 0
1587068547268105 132176871118528 join_end 0 0
1587068549230693 132176871118528 coll_beg 0 0
1587068552301761 132176871118528 coll_end 0 0
1587068554286349 132176871118528 drain_beg 0 0
1587068554286769 132176871118528 drain_end 1 0
1587068554287089 132176871118528 subm_beg 1 0
1587068554307198 132176862725824 emit_beg 992 0
1587068556246977 132176871118528 subm_end 1 0
1587068556247307 132176871118528 pump_beg 1 0
1587068564118820 132176862725824 emit_end 992 0
1587068565980202 132176871118528 pump_end 1 2
1587068565980762 132176871118528 join_beg 1 0
1587068565980982 132176871118528 join_end 0 0
1587068569583690 132176871118528 coll_beg 0 0
1587068572607780 132176871118528 coll_end 0 0
1587068575383969 132176862725824 emit_beg 993 0
1587068583204743 132176862725824 emit_end 993 0
1587068599508228 132176871118528 drain_beg 0 0
1587068599510568 132176871118528 drain_end 1 0
1587068599511568 132176871118528 subm_beg 1 0
1587068603336319 132176871118528 subm_end 1 0
1587068603336689 132176871118528 pump_beg 1 0
1587068615608401 132176871118528 pump_end 1 2
1587068615612521 132176871118528 join_beg 1 0
1587068615613831 132176871118528 join_end 0 0
1587068617685735 132176871118528 coll_beg 0 0
1587068622179211 132176871118528 coll_end 0 0
1587068624146509 132176871118528 drain_beg 0 0
1587068624147299 132176871118528 drain_end 1 0
1587068624147929 132176871118528 subm_beg 1 0
1587068624168339 132176862725824 emit_beg 994 0
1587068626083029 132176871118528 subm_end 1 0
1587068626083419 132176871118528 pump_beg 1 0
1587068632022722 132176862725824 emit_end 994 0
1587068635675679 132176871118528 pump_end 1 2
1587068635676189 132176871118528 join_beg 1 0
1587068635676448 132176871118528 join_end 0 0
1587068637610728 132176871118528 coll_beg 0 0
1587068639821907 132176871118528 coll_end 0 0
1587068641815784 132176862725824 emit_beg 995 0
1587068649565932 132176862725824 emit_end 995 0
1587068669806213 132176871118528 drain_beg 0 0
1587068669806813 132176871118528 drain_end 1 0
1587068669807313 132176871118528 subm_beg 1 0
1587068673653413 132176871118528 subm_end 1 0
1587068673653693 132176871118528 pump_beg 1 0
1587068683779763 132176871118528 pump_end 1 2
1587068683780903 132176871118528 join_beg 1 0
1587068683781943 132176871118528 join_end 0 0
1587068686679937 132176871118528 coll_beg 0 0
1587068689358079 132176871118528 coll_end 0 0
1587068691348037 132176871118528 drain_beg 0 0
1587068691348687 132176871118528 drain_end 1 0
1587068691349187 132176871118528 subm_beg 1 0
1587068691369256 132176862725824 emit_beg 996 0
1587068693256277 132176871118528 subm_end 1 0
1587068693256657 132176871118528 pump_beg 1 0
1587068701094371 132176862725824 emit_end 996 0
1587068703426396 132176871118528 pump_end 1 2
1587068703426946 132176871118528 join_beg 1 0
1587068703427166 132176871118528 join_end 0 0
1587068706637929 132176871118528 coll_beg 0 0
1587068709423047 132176871118528 coll_end 0 0
1587068712470756 132176862725824 emit_beg 997 0
1587068720216903 132176862725824 emit_end 997 0
1587068736681963 132176871118528 drain_beg 0 0
1587068736683842 132176871118528 drain_end 1 0
1587068736684652 132176871118528 subm_beg 1 0
1587068740603339 132176871118528 subm_end 1 0
1587068740604229 132176871118528 pump_beg 1 0
1587068753026326 132176871118528 pump_end 1 2
1587068753027906 132176871118528 join_beg 1 0
1587068753028256 132176871118528 join_end 0 0
1587068755054412 132176871118528 coll_beg 0 0
1587068759670914 132176871118528 coll_end 0 0
1587068761718699 132176871118528 drain_beg 0 0
1587068761719159 132176871118528 drain_end 1 0
1587068761719679 132176871118528 subm_beg 1 0
1587068761742788 132176862725824 emit_beg 998 0
1587068763699727 132176871118528 subm_end 1 0
1587068763700107 132176871118528 pump_beg 1 0
1587068772043282 132176862725824 emit_end 998 0
1587068773149762 132176871118528 pump_end 1 2
1587068773150282 132176871118528 join_beg 1 0
1587068773150482 132176871118528 join_end 0 0
1587068775090201 132176871118528 coll_beg 0 0
1587068777269011 132176871118528 coll_end 0 0
1587068779204641 132176862725824 emit_beg 999 0
1587068785125825 132176862725824 emit_end 999 0
1587068807069084 132176871118528 drain_beg 0 0
1587068807071244 132176871118528 drain_end 1 0
1587068807072224 132176871118528 subm_beg 1 0
1587068812885172 132176871118528 subm_end 1 0
1587068812886822 132176871118528 pump_beg 1 0
1587068823044061 132176871118528 pump_end 1 2
1587068823046691 132176871118528 join_beg 1 0
1587068823048131 132176871118528 join_end 0 0
1587068825069407 132176871118528 coll_beg 0 0
1587068827433491 132176871118528 coll_end 0 0
1587068829381350 132176871118528 drain_beg 0 0
1587068829382040 132176871118528 drain_end 1 0
1587068829382550 132176871118528 subm_beg 1 0
1587068829402809 132176862725824 emit_beg 1000 0
1587068831335198 132176871118528 subm_end 1 0
1587068831335578 132176871118528 pump_beg 1 0
1587068839122514 132176871118528 pump_end 1 2
1587068839122974 132176871118528 join_beg 1 0
1587068839188642 132176862725824 emit_end 1000 0
1587068839193142 132176871118528 join_end 0 0
1587068841124631 132176871118528 coll_beg 0 0
1587068842133354 132176871118528 coll_end 0 0
1587068844945812 132176862725824 emit_beg 1001 0
1587068852724028 132176862725824 emit_end 1001 0
1587068871551481 132176871118528 drain_beg 0 0
1587068871553531 132176871118528 drain_end 1 0
1587068871554371 132176871118528 subm_beg 1 0
1587068875512416 132176871118528 subm_end 1 0
1587068875514006 132176871118528 pump_beg 1 0
1587068885390706 132176871118528 pump_end 1 2
1587068885393456 132176871118528 join_beg 1 0
1587068885394496 132176871118528 join_end 0 0
1587068887470240 132176871118528 coll_beg 0 0
1587068889830724 132176871118528 coll_end 0 0
1587068891781902 132176862725824 emit_beg 1002 0
1587068897663418 132176862725824 emit_end 1002 0
1587068913876316 132176871118528 drain_beg 0 0
1587068913877226 132176871118528 drain_end 1 0
1587068913878276 132176871118528 subm_beg 1 0
1587068917492054 132176871118528 subm_end 1 0
1587068917492474 132176871118528 pump_beg 1 0
1587068928070448 132176871118528 pump_end 1 2
1587068928072408 132176871118528 join_beg 1 0
1587068928073458 132176871118528 join_end 0 0
1587068929959609 132176871118528 coll_beg 0 0
1587068933017138 132176871118528 coll_end 0 0
1587068934841341 132176871118528 drain_beg 0 0
1587068934842091 132176871118528 drain_end 1 0
1587068934842741 132176871118528 subm_beg 1 0
1587068934868380 132176862725824 emit_beg 1003 0
1587068936696413 132176871118528 subm_end 1 0
1587068936696773 132176871118528 pump_beg 1 0
1587068944005347 132176862725824 emit_end 1003 0
1587068947218849 132176871118528 pump_end 1 2
1587068947219439 132176871118528 join_beg 1 0
1587068947219799 132176871118528 join_end 0 0
1587068949429779 132176871118528 coll_beg 0 0
1587068952534905 132176871118528 coll_end 0 0
1587068955109971 132176862725824 emit_beg 1004 0
1587068962452753 132176862725824 emit_end 1004 0
1587068977771894 132176871118528 drain_beg 0 0
1587068977774414 132176871118528 drain_end 1 0
1587068977775084 132176871118528 subm_beg 1 0
1587068981365973 132176871118528 subm_end 1 0
1587068981366833 132176871118528 pump_beg 1 0
1587068991368298 132176871118528 pump_end 1 2
1587068991370958 132176871118528 join_beg 1 0
1587068991371648 132176871118528 join_end 0 0
1587068993256789 132176871118528 coll_beg 0 0
1587068995854884 132176871118528 coll_end 0 0
1587068997745216 132176871118528 drain_beg 0 0
1587068997746185 132176871118528 drain_end 1 0
1587068997746925 132176871118528 subm_beg 1 0
1587068997747615 132176862725824 emit_beg 1005 0
1587068999632987 132176871118528 subm_end 1 0
1587068999633467 132176871118528 pump_beg 1 0
1587069006960769 132176862725824 emit_end 1005 0
1587069010017568 132176871118528 pump_end 1 2
1587069010018098 132176871118528 join_beg 1 0
1587069010018388 132176871118528 join_end 0 0
1587069012969710 132176871118528 coll_beg 0 0
1587069016093436 132176871118528 coll_end 0 0
1587069018690791 132176862725824 emit_beg 1006 0
1587069026033883 132176862725824 emit_end 1006 0
1587069043893701 132176871118528 drain_beg 0 0
1587069043894461 132176871118528 drain_end 1 0
1587069043895101 132176871118528 subm_beg 1 0
1587069047583207 132176871118528 subm_end 1 0
1587069047583587 132176871118528 pump_beg 1 0
1587069055409291 132176871118528 pump_end 1 2
1587069055411741 132176871118528 join_beg 1 0
1587069055412561 132176871118528 join_end 0 0
1587069057325551 132176871118528 coll_beg 0 0
1587069058898834 132176871118528 coll_end 0 0
1587069060814324 132176862725824 emit_beg 1007 0
1587069068196435 132176862725824 emit_end 1007 0
1587069070020468 132176871118528 drain_beg 0 0
1587069070022228 132176871118528 drain_end 1 0
1587069070023128 132176871118528 subm_beg 1 0
1587069071900099 132176871118528 subm_end 1 0
1587069071900719 132176871118528 pump_beg 1 0
1587069082667876 132176871118528 pump_end 1 2
1587069082671406 132176871118528 join_beg 1 0
1587069082672616 132176871118528 join_end 0 0
1587069085544531 132176871118528 coll_beg 0 0
1587069088880390 132176871118528 coll_end 0 0
1587069090781590 132176862725824 emit_beg 1008 0
1587069094533853 132176862725824 emit_end 1008 0
1587069113362936 132176871118528 drain_beg 0 0
1587069113364226 132176871118528 drain_end 1 0
1587069113364766 132176871118528 subm_beg 1 0
1587069117116259 132176871118528 subm_end 1 0
1587069117117199 132176871118528 pump_beg 1 0
1587069127185172 132176871118528 pump_end 1 2
1587069127186902 132176871118528 join_beg 1 0
1587069127187552 132176871118528 join_end 0 0
1587069129222777 132176871118528 coll_beg 0 0
1587069131592281 132176871118528 coll_end 0 0
1587069133652956 132176871118528 drain_beg 0 0
1587069133654326 132176871118528 drain_end 1 0
1587069133654956 132176871118528 subm_beg 1 0
1587069133674145 132176862725824 emit_beg 1009 0
1587069135521108 132176871118528 subm_end 1 0
1587069135521648 132176871118528 pump_beg 1 0
1587069142939797 132176862725824 emit_end 1009 0
1587069147715423 132176871118528 pump_end 1 2
1587069147716613 132176871118528 join_beg 1 0
1587069147717073 132176871118528 join_end 0 0
1587069150374196 132176871118528 coll_beg 0 0
1587069154294403 132176871118528 coll_end 0 0
1587069157561303 132176862725824 emit_beg 1010 0
1587069164776350 132176862725824 emit_end 1010 0
1587069180947830 132176871118528 drain_beg 0 0
1587069180950490 132176871118528 drain_end 1 0
1587069180951460 132176871118528 subm_beg 1 0
1587069184697793 132176871118528 subm_end 1 0
1587069184699933 132176871118528 pump_beg 1 0
1587069199237402 132176871118528 pump_end 1 2
1587069199251032 132176871118528 join_beg 1 0
1587069199254702 132176871118528 join_end 0 0
1587069202102388 132176871118528 coll_beg 0 0
1587069206610893 132176871118528 coll_end 0 0
1587069208748365 132176871118528 drain_beg 0 0
1587069208750805 132176871118528 drain_end 1 0
1587069208752105 132176871118528 subm_beg 1 0
1587069208785714 132176862725824 emit_beg 1011 0
1587069210622057 132176871118528 subm_end 1 0
1587069210622687 132176871118528 pump_beg 1 0
1587069216333509 132176862725824 emit_end 1011 0
1587069220646461 132176871118528 pump_end 1 2
1587069220646971 132176871118528 join_beg 1 0
1587069220647301 132176871118528 join_end 0 0
1587069224082586 132176871118528 coll_beg 0 0
1587069226663721 132176871118528 coll_end 0 0
1587069229876744 132176862725824 emit_beg 1012 0
1587069239139116 132176862725824 emit_end 1012 0
1587069252861026 132176871118528 drain_beg 0 0
1587069252863295 132176871118528 drain_end 1 0
1587069252864285 132176871118528 subm_beg 1 0
1587069256620518 132176871118528 subm_end 1 0
1587069256621048 132176871118528 pump_beg 1 0
1587069265939778 132176871118528 pump_end 1 2
1587069265941668 132176871118528 join_beg 1 0
1587069265942758 132176871118528 join_end 0 0
1587069267947405 132176871118528 coll_beg 0 0
1587069269912343 132176871118528 coll_end 0 0
1587069271919160 132176871118528 drain_beg 0 0
1587069271919810 132176871118528 drain_end 1 0
1587069271920320 132176871118528 subm_beg 1 0
1587069271941489 132176862725824 emit_beg 1013 0
1587069273679046 132176871118528 subm_end 1 0
1587069273679436 132176871118528 pump_beg 1 0
1587069280954060 132176871118528 pump_end 1 2
1587069280954640 132176871118528 join_beg 1 0
1587069281175842 132176862725824 emit_end 1013 0
1587069281181642 132176871118528 join_end 0 0
1587069283086883 132176871118528 coll_beg 0 0
1587069283572755 132176871118528 coll_end 0 0
1587069286716550 132176862725824 emit_beg 1014 0
1587069293920307 132176862725824 emit_end 1014 0
1587069311411449 132176871118528 drain_beg 0 0
1587069311413159 132176871118528 drain_end 1 0
1587069311413919 132176871118528 subm_beg 1 0
1587069317148120 132176871118528 subm_end 1 0
1587069317148950 132176871118528 pump_beg 1 0
1587069326979561 132176871118528 pump_end 1 2
1587069326980001 132176871118528 join_beg 1 0
1587069326980221 132176871118528 join_end 0 0
1587069329069885 132176871118528 coll_beg 0 0
1587069331797905 132176871118528 coll_end 0 0
1587069333836221 132176862725824 emit_beg 1015 0
1587069335800189 132176871118528 drain_beg 0 0
1587069335804189 132176871118528 drain_end 1 0
1587069335805649 132176871118528 subm_beg 1 0
1587069341590138 132176871118528 subm_end 1 0
1587069341590638 132176871118528 pump_beg 1 0
1587069343672691 132176862725824 emit_end 1015 0
1587069352796259 132176871118528 pump_end 1 2
1587069352796999 132176871118528 join_beg 1 0
1587069352797239 132176871118528 join_end 0 0
1587069355735481 132176871118528 coll_beg 0 0
1587069358895366 132176871118528 coll_end 0 0
1587069361465752 132176862725824 emit_beg 1016 0
1587069387840090 132176862725824 emit_end 1016 0
1587069433925598 132176871118528 drain_beg 0 0
1587069433928588 132176871118528 drain_end 1 0
1587069433929728 132176871118528 subm_beg 1 0
1587069445770476 132176871118528 subm_end 1 0
1587069445771376 132176871118528 pump_beg 1 0
1587069456187025 132176871118528 pump_end 1 2
1587069456198605 132176871118528 join_beg 1 0
1587069456201375 132176871118528 join_end 0 0
1587069460607144 132176871118528 coll_beg 0 0
1587069462996557 132176871118528 coll_end 0 0
1587069466018407 132176871118528 drain_beg 0 0
1587069466020617 132176871118528 drain_end 1 0
1587069466022217 132176871118528 subm_beg 1 0
1587069466045736 132176862725824 emit_beg 1017 0
1587069468596783 132176871118528 subm_end 1 0
1587069468597733 132176871118528 pump_beg 1 0
1587069475768381 132176862725824 emit_end 1017 0
1587069480928133 132176871118528 pump_end 1 2
1587069480932963 132176871118528 join_beg 1 0
1587069480934092 132176871118528 join_end 0 0
1587069487171135 132176871118528 coll_beg 0 0
1587069492045307 132176871118528 coll_end 0 0
1587069496769125 132176862725824 emit_beg 1018 0
1587069514115602 132176862725824 emit_end 1018 0
1587069537810097 132176871118528 drain_beg 0 0
1587069537812757 132176871118528 drain_end 1 0
1587069537814007 132176871118528 subm_beg 1 0
1587069548341933 132176871118528 subm_end 1 0
1587069548343732 132176871118528 pump_beg 1 0
1587069557030765 132176871118528 pump_end 1 2
1587069557032835 132176871118528 join_beg 1 0
1587069557033685 132176871118528 join_end 0 0
1587069560615505 132176871118528 coll_beg 0 0
1587069561953226 132176871118528 coll_end 0 0
1587069565875003 132176871118528 drain_beg 0 0
1587069565875673 132176871118528 drain_end 1 0
1587069565876113 132176871118528 subm_beg 1 0
1587069565882152 132176862725824 emit_beg 1019 0
1587069569716242 132176871118528 subm_end 1 0
1587069569717102 132176871118528 pump_beg 1 0
1587069580203920 132176871118528 pump_end 1 2
1587069580205990 132176871118528 join_beg 1 0
1587069583920734 132176862725824 emit_end 1019 0
1587069583945893 132176871118528 join_end 0 0
1587069587025161 132176871118528 coll_beg 0 0
1587069590763944 132176871118528 coll_end 0 0
1587069593901400 132176862725824 emit_beg 1020 0
1587069606378645 132176862725824 emit_end 1020 0
1587069637419122 132176871118528 drain_beg 0 0
1587069637421602 132176871118528 drain_end 1 0
1587069637422702 132176871118528 subm_beg 1 0
1587069646475181 132176871118528 subm_end 1 0
1587069646476931 132176871118528 pump_beg 1 0
1587069656222906 132176871118528 pump_end 1 2
1587069656227985 132176871118528 join_beg 1 0
1587069656229485 132176871118528 join_end 0 0
1587069659435568 132176871118528 coll_beg 0 0
1587069661828581 132176871118528 coll_end 0 0
1587069664856461 132176871118528 drain_beg 0 0
1587069664857181 132176871118528 drain_end 1 0
1587069664857591 132176871118528 subm_beg 1 0
1587069664877790 132176862725824 emit_beg 1021 0
1587069667867851 132176871118528 subm_end 1 0
1587069667868291 132176871118528 pump_beg 1 0
1587069679837724 132176871118528 pump_end 1 2
1587069679838484 132176871118528 join_beg 1 0
1587069680104594 132176862725824 emit_end 1021 0
1587069680110174 132176871118528 join_end 0 0
1587069683492230 132176871118528 coll_beg 0 0
1587069687749975 132176871118528 coll_end 0 0
1587069693926550 132176862725824 emit_beg 1022 0
1587069709169583 132176862725824 emit_end 1022 0
1587069737298817 132176871118528 drain_beg 0 0
1587069737310446 132176871118528 drain_end 1 0
1587069737311106 132176871118528 subm_beg 1 0
1587069744938278 132176871118528 subm_end 1 0
1587069744938828 132176871118528 pump_beg 1 0
1587069755641547 132176871118528 pump_end 1 2
1587069755647977 132176871118528 join_beg 1 0
1587069755649917 132176871118528 join_end 0 0
1587069760138653 132176871118528 coll_beg 0 0
1587069763659585 132176871118528 coll_end 0 0
1587069767443707 132176871118528 drain_beg 0 0
1587069767445297 132176871118528 drain_end 1 0
1587069767446327 132176871118528 subm_beg 1 0
1587069767469816 132176862725824 emit_beg 1023 0
1587069770796314 132176871118528 subm_end 1 0
1587069770797044 132176871118528 pump_beg 1 0
1587069778123947 132176871118528 pump_end 1 2
1587069778124497 132176871118528 join_beg 1 0
1587069782665061 132176862725824 emit_end 1023 0
1587069782671241 132176871118528 join_end 0 0
1587069789260421 132176871118528 coll_beg 0 0
1587069789746523 132176871118528 coll_end 0 0
1587069796756657 132176862725824 emit_beg 1024 0
1587069815078708 132176862725824 emit_end 1024 0
1587069844785744 132176871118528 drain_beg 0 0
1587069844788654 132176871118528 drain_end 1 0
1587069844789664 132176871118528 subm_beg 1 0
1587069852269181 132176871118528 subm_end 1 0
1587069852271121 132176871118528 pump_beg 1 0
1587069863732783 132176871118528 pump_end 1 2
1587069863736983 132176871118528 join_beg 1 0
1587069863738563 132176871118528 join_end 0 0
1587069867722857 132176871118528 coll_beg 0 0
1587069872283041 132176871118528 coll_end 0 0
1587069876489157 132176871118528 drain_beg 0 0
1587069876490177 132176871118528 drain_end 1 0
1587069876491027 132176871118528 subm_beg 1 0
1587069876510127 132176862725824 emit_beg 1025 0
1587069879955081 132176871118528 subm_end 1 0
1587069879955591 132176871118528 pump_beg 1 0
1587069891134223 132176862725824 emit_end 1025 0
1587069891735461 132176871118528 pump_end 1 2
1587069891741151 132176871118528 join_beg 1 0
1587069891743071 132176871118528 join_end 0 0
1587069898172036 132176871118528 coll_beg 0 0
1587069902970951 132176871118528 coll_end 0 0
1587069906418745 132176862725824 emit_beg 1026 0
1587069921319201 132176862725824 emit_end 1026 0
1587069959988220 132176871118528 drain_beg 0 0
1587069959992750 132176871118528 drain_end 1 0
1587069959994080 132176871118528 subm_beg 1 0
1587069971289638 132176871118528 subm_end 1 0
1587069971290488 132176871118528 pump_beg 1 0
1587069978615430 132176871118528 pump_end 1 2
1587069978619220 132176871118528 join_beg 1 0
1587069978620700 132176871118528 join_end 0 0
1587069981788565 132176871118528 coll_beg 0 0
1587069982101293 132176871118528 coll_end 0 0
1587069984931500 132176871118528 drain_beg 0 0
1587069984932530 132176871118528 drain_end 1 0
1587069984933220 132176871118528 subm_beg 1 0
1587069984935970 132176862725824 emit_beg 1027 0
1587069987693019 132176871118528 subm_end 1 0
1587069987693399 132176871118528 pump_beg 1 0
1587069994549989 132176862725824 emit_end 1027 0
1587069997494862 132176871118528 pump_end 1 2
1587069997496241 132176871118528 join_beg 1 0
1587069997496611 132176871118528 join_end 0 0
1587070001796604 132176871118528 coll_beg 0 0
1587070003711645 132176871118528 coll_end 0 0
1587070006362698 132176862725824 emit_beg 1028 0
1587070015203995 132176862725824 emit_end 1028 0
1587070035720017 132176871118528 drain_beg 0 0
1587070035721147 132176871118528 drain_end 1 0
1587070035721687 132176871118528 subm_beg 1 0
1587070040235092 132176871118528 subm_end 1 0
1587070040235702 132176871118528 pump_beg 1 0
1587070048919285 132176871118528 pump_end 1 2
1587070048920285 132176871118528 join_beg 1 0
1587070048920765 132176871118528 join_end 0 0
1587070054598498 132176871118528 coll_beg 0 0
1587070055495475 132176871118528 coll_end 0 0
1587070059149002 132176871118528 drain_beg 0 0
1587070059149672 132176871118528 drain_end 1 0
1587070059150202 132176871118528 subm_beg 1 0
1587070059150652 132176862725824 emit_beg 1029 0
1587070062098794 132176871118528 subm_end 1 0
1587070062099194 132176871118528 pump_beg 1 0
1587070071362856 132176862725824 emit_end 1029 0
1587070073672892 132176871118528 pump_end 1 2
1587070073676721 132176871118528 join_beg 1 0
1587070073677851 132176871118528 join_end 0 0
1587070076750199 132176871118528 coll_beg 0 0
1587070080412546 132176871118528 coll_end 0 0
1587070083518992 132176862725824 emit_beg 1030 0
1587070094807550 132176862725824 emit_end 1030 0
1587070112187186 132176871118528 drain_beg 0 0
1587070112189706 132176871118528 drain_end 1 0
1587070112190896 132176871118528 subm_beg 1 0
1587070118831644 132176871118528 subm_end 1 0
1587070118833183 132176871118528 pump_beg 1 0
1587070128634406 132176871118528 pump_end 1 2
1587070128636516 132176871118528 join_beg 1 0
1587070128637466 132176871118528 join_end 0 0
1587070130995150 132176871118528 coll_beg 0 0
1587070133270087 132176871118528 coll_end 0 0
1587070135585642 132176871118528 drain_beg 0 0
1587070135586402 132176871118528 drain_end 1 0
1587070135587052 132176871118528 subm_beg 1 0
1587070135606021 132176862725824 emit_beg 1031 0
1587070137801381 132176871118528 subm_end 1 0
1587070137801851 132176871118528 pump_beg 1 0
1587070146935438 132176862725824 emit_end 1031 0
1587070147866514 132176871118528 pump_end 1 2
1587070147867354 132176871118528 join_beg 1 0
1587070147867654 132176871118528 join_end 0 0
1587070150080383 132176871118528 coll_beg 0 0
1587070153069394 132176871118528 coll_end 0 0
1587070156101044 132176862725824 emit_beg 1032 0
1587070168867788 132176862725824 emit_end 1032 0
1587070198195727 132176871118528 drain_beg 0 0
1587070198201467 132176871118528 drain_end 1 0
1587070198202997 132176871118528 subm_beg 1 0
1587070204681381 132176871118528 subm_end 1 0
1587070204683911 132176871118528 pump_beg 1 0
1587070216427912 132176871118528 pump_end 1 2
1587070216429132 132176871118528 join_beg 1 0
1587070216429592 132176871118528 join_end 0 0
1587070218871723 132176871118528 coll_beg 0 0
1587070222466942 132176871118528 coll_end 0 0
1587070224761378 132176871118528 drain_beg 0 0
1587070224762118 132176871118528 drain_end 1 0
1587070224762768 132176871118528 subm_beg 1 0
1587070224782757 132176862725824 emit_beg 1033 0
1587070226949758 132176871118528 subm_end 1 0
1587070226950328 132176871118528 pump_beg 1 0
1587070236771230 132176871118528 pump_end 1 2
1587070236772080 132176871118528 join_beg 1 0
1587070238715659 132176862725824 emit_end 1033 0
1587070238722088 132176871118528 join_end 0 0
1587070241678261 132176871118528 coll_beg 0 0
1587070244259956 132176871118528 coll_end 0 0
1587070247343294 132176862725824 emit_beg 1034 0
1587070258209607 132176862725824 emit_end 1034 0
1587070281386801 132176871118528 drain_beg 0 0
1587070281387771 132176871118528 drain_end 1 0
1587070281388641 132176871118528 subm_beg 1 0
1587070286017892 132176871118528 subm_end 1 0
1587070286018492 132176871118528 pump_beg 1 0
1587070295344672 132176871118528 pump_end 1 2
1587070295345222 132176871118528 join_beg 1 0
1587070295345552 132176871118528 join_end 0 0
1587070297391277 132176871118528 coll_beg 0 0
1587070298871563 132176871118528 coll_end 0 0
1587070300794173 132176871118528 drain_beg 0 0
1587070300794593 132176871118528 drain_end 1 0
1587070300794943 132176871118528 subm_beg 1 0
1587070300815992 132176862725824 emit_beg 1035 0
1587070302622107 132176871118528 subm_end 1 0
1587070302622497 132176871118528 pump_beg 1 0
1587070310063955 132176862725824 emit_end 1035 0
1587070313666253 132176871118528 pump_end 1 2
1587070313666713 132176871118528 join_beg 1 0
1587070313666923 132176871118528 join_end 0 0
1587070317098358 132176871118528 coll_beg 0 0
1587070320196685 132176871118528 coll_end 0 0
1587070322628646 132176862725824 emit_beg 1036 0
1587070329950009 132176862725824 emit_end 1036 0
1587070344271747 132176871118528 drain_beg 0 0
1587070344273816 132176871118528 drain_end 1 0
1587070344274986 132176871118528 subm_beg 1 0
1587070349863453 132176871118528 subm_end 1 0
1587070349865063 132176871118528 pump_beg 1 0
1587070359660385 132176871118528 pump_end 1 2
1587070359661615 132176871118528 join_beg 1 0
1587070359662385 132176871118528 join_end 0 0
1587070361648922 132176871118528 coll_beg 0 0
1587070363893600 132176871118528 coll_end 0 0
1587070365783352 132176871118528 drain_beg 0 0
1587070365783762 132176871118528 drain_end 1 0
1587070365784022 132176871118528 subm_beg 1 0
1587070365805591 132176862725824 emit_beg 1037 0
1587070367576856 132176871118528 subm_end 1 0
1587070367577226 132176871118528 pump_beg 1 0
1587070374724965 132176871118528 pump_end 1 2
1587070374725965 132176871118528 join_beg 1 0
1587070375478348 132176862725824 emit_end 1037 0
1587070375483088 132176871118528 join_end 0 0
1587070377617280 132176871118528 coll_beg 0 0
1587070377982136 132176871118528 coll_end 0 0
1587070381304905 132176862725824 emit_beg 1038 0
1587070388430785 132176862725824 emit_end 1038 0
1587070405784032 132176871118528 drain_beg 0 0
1587070405787012 132176871118528 drain_end 1 0
1587070405787842 132176871118528 subm_beg 1 0
1587070411541522 132176871118528 subm_end 1 0
1587070411543222 132176871118528 pump_beg 1 0
1587070421666902 132176871118528 pump_end 1 2
1587070421668142 132176871118528 join_beg 1 0
1587070421669052 132176871118528 join_end 0 0
1587070425116026 132176871118528 coll_beg 0 0
1587070427137053 132176871118528 coll_end 0 0
1587070429095681 132176871118528 drain_beg 0 0
1587070429096281 132176871118528 drain_end 1 0
1587070429096731 132176871118528 subm_beg 1 0
1587070429116230 132176862725824 emit_beg 1039 0
1587070431008341 132176871118528 subm_end 1 0
1587070431008731 132176871118528 pump_beg 1 0
1587070438787217 132176862725824 emit_end 1039 0
1587070441770749 132176871118528 pump_end 1 2
1587070441771198 132176871118528 join_beg 1 0
1587070441771428 132176871118528 join_end 0 0
1587070443734497 132176871118528 coll_beg 0 0
1587070446512406 132176871118528 coll_end 0 0
1587070449484757 132176862725824 emit_beg 1040 0
1587070457337940 132176862725824 emit_end 1040 0
1587070474035951 132176871118528 drain_beg 0 0
1587070474038021 132176871118528 drain_end 1 0
1587070474038801 132176871118528 subm_beg 1 0
1587070480032282 132176871118528 subm_end 1 0
1587070480034122 132176871118528 pump_beg 1 0
1587070492952431 132176871118528 pump_end 1 2
1587070492953181 132176871118528 join_beg 1 0
1587070492953531 132176871118528 join_end 0 0
1587070495193329 132176871118528 coll_beg 0 0
1587070498971211 132176871118528 coll_end 0 0
1587070501204160 132176871118528 drain_beg 0 0
1587070501205410 132176871118528 drain_end 1 0
1587070501206410 132176871118528 subm_beg 1 0
1587070501223179 132176862725824 emit_beg 1041 0
1587070503170378 132176871118528 subm_end 1 0
1587070503170878 132176871118528 pump_beg 1 0
1587070509263695 132176862725824 emit_end 1041 0
1587070512896173 132176871118528 pump_end 1 2
1587070512897883 132176871118528 join_beg 1 0
1587070512898423 132176871118528 join_end 0 0
1587070514878201 132176871118528 coll_beg 0 0
1587070517612461 132176871118528 coll_end 0 0
1587070519636337 132176862725824 emit_beg 1042 0
1587070527527619 132176862725824 emit_end 1042 0
1587070547457702 132176871118528 drain_beg 0 0
1587070547459512 132176871118528 drain_end 1 0
1587070547460092 132176871118528 subm_beg 1 0
1587070551404118 132176871118528 subm_end 1 0
1587070551404898 132176871118528 pump_beg 1 0
1587070562389557 132176871118528 pump_end 1 2
1587070562391727 132176871118528 join_beg 1 0
1587070562392647 132176871118528 join_end 0 0
1587070564442182 132176871118528 coll_beg 0 0
1587070567509030 132176871118528 coll_end 0 0
1587070569454759 132176871118528 drain_beg 0 0
1587070569455749 132176871118528 drain_end 1 0
1587070569456559 132176871118528 subm_beg 1 0
1587070569474698 132176862725824 emit_beg 1043 0
1587070571405288 132176871118528 subm_end 1 0
1587070571405748 132176871118528 pump_beg 1 0
1587070577412799 132176862725824 emit_end 1043 0
1587070583214757 132176871118528 pump_end 1 2
1587070583215477 132176871118528 join_beg 1 0
1587070583215717 132176871118528 join_end 0 0
1587070585392067 132176871118528 coll_beg 0 0
1587070589564225 132176871118528 coll_end 0 0
1587070593330868 132176862725824 emit_beg 1044 0
1587070601041496 132176862725824 emit_end 1044 0
1587070617935810 132176871118528 drain_beg 0 0
1587070617937750 132176871118528 drain_end 1 0
1587070617938530 132176871118528 subm_beg 1 0
1587070623751048 132176871118528 subm_end 1 0
1587070623752647 132176871118528 pump_beg 1 0
1587070635430371 132176871118528 pump_end 1 2
1587070635431941 132176871118528 join_beg 1 0
1587070635432691 132176871118528 join_end 0 0
1587070637474077 132176871118528 coll_beg 0 0
1587070641840687 132176871118528 coll_end 0 0
1587070643825565 132176871118528 drain_beg 0 0
1587070643827455 132176871118528 drain_end 1 0
1587070643828405 132176871118528 subm_beg 1 0
1587070643845544 132176862725824 emit_beg 1045 0
1587070645792493 132176871118528 subm_end 1 0
1587070645793013 132176871118528 pump_beg 1 0
1587070651877101 132176862725824 emit_end 1045 0
1587070656596609 132176871118528 pump_end 1 2
1587070656597179 132176871118528 join_beg 1 0
1587070656597539 132176871118528 join_end 0 0
1587070660104081 132176871118528 coll_beg 0 0
1587070663784877 132176871118528 coll_end 0 0
1587070666177179 132176862725824 emit_beg 1046 0
1587070673950576 132176862725824 emit_end 1046 0
1587070692042485 132176871118528 drain_beg 0 0
1587070692044445 132176871118528 drain_end 1 0
1587070692045155 132176871118528 subm_beg 1 0
1587070697810765 132176871118528 subm_end 1 0
1587070697811695 132176871118528 pump_beg 1 0
1587070708063301 132176871118528 pump_end 1 2
1587070708064661 132176871118528 join_beg 1 0
1587070708065451 132176871118528 join_end 0 0
1587070710190643 132176871118528 coll_beg 0 0
1587070713228572 132176871118528 coll_end 0 0
1587070715359074 132176871118528 drain_beg 0 0
1587070715360894 132176871118528 drain_end 1 0
1587070715362054 132176871118528 subm_beg 1 0
1587070715362134 132176862725824 emit_beg 1047 0
1587070721205561 132176871118528 subm_end 1 0
1587070721207231 132176871118528 pump_beg 1 0
1587070725111819 132176862725824 emit_end 1047 0
1587070728118489 132176871118528 pump_end 1 2
1587070728119029 132176871118528 join_beg 1 0
1587070728119339 132176871118528 join_end 0 0
1587070730722674 132176871118528 coll_beg 0 0
1587070730941836 132176871118528 coll_end 0 0
1587070734565384 132176862725824 emit_beg 1048 0
1587070742381278 132176862725824 emit_end 1048 0
1587070758712602 132176871118528 drain_beg 0 0
1587070758714862 132176871118528 drain_end 1 0
1587070758715682 132176871118528 subm_beg 1 0
1587070764571609 132176871118528 subm_end 1 0
1587070764573238 132176871118528 pump_beg 1 0
1587070773332379 132176871118528 pump_end 1 2
1587070773333809 132176871118528 join_beg 1 0
1587070773334609 132176871118528 join_end 0 0
1587070775365195 132176871118528 coll_beg 0 0
1587070777528546 132176871118528 coll_end 0 0
1587070779527033 132176871118528 drain_beg 0 0
1587070779528053 132176871118528 drain_end 1 0
1587070779528703 132176871118528 subm_beg 1 0
1587070779529673 132176862725824 emit_beg 1049 0
1587070781498071 132176871118528 subm_end 1 0
1587070781498571 132176871118528 pump_beg 1 0
1587070787312519 132176862725824 emit_end 1049 0
1587070790277311 132176871118528 pump_end 1 2
1587070790277871 132176871118528 join_beg 1 0
1587070790278110 132176871118528 join_end 0 0
1587070794108271 132176871118528 coll_beg 0 0
1587070795410133 132176871118528 coll_end 0 0
1587070798000889 132176862725824 emit_beg 1050 0
1587070805744166 132176862725824 emit_end 1050 0
1587070823837696 132176871118528 drain_beg 0 0
1587070823839696 132176871118528 drain_end 1 0
1587070823840526 132176871118528 subm_beg 1 0
1587070827777812 132176871118528 subm_end 1 0
1587070827779582 132176871118528 pump_beg 1 0
1587070840439420 132176871118528 pump_end 1 2
1587070840441010 132176871118528 join_beg 1 0
1587070840441760 132176871118528 join_end 0 0
1587070842503705 132176871118528 coll_beg 0 0
1587070846892814 132176871118528 coll_end 0 0
1587070848845963 132176871118528 drain_beg 0 0
1587070848846613 132176871118528 drain_end 1 0
1587070848846993 132176871118528 subm_beg 1 0
1587070848852513 132176862725824 emit_beg 1051 0
1587070850662357 132176871118528 subm_end 1 0
1587070850662777 132176871118528 pump_beg 1 0
1587070854408030 132176862725824 emit_end 1051 0
1587070861039388 132176871118528 pump_end 1 2
1587070861039788 132176871118528 join_beg 1 0
1587070861039998 132176871118528 join_end 0 0
1587070863813877 132176871118528 coll_beg 0 0
1587070866578036 132176871118528 coll_end 0 0
1587070869362594 132176862725824 emit_beg 1052 0
1587070876684187 132176862725824 emit_end 1052 0
1587070892508230 132176871118528 drain_beg 0 0
1587070892510240 132176871118528 drain_end 1 0
1587070892510970 132176871118528 subm_beg 1 0
1587070898072557 132176871118528 subm_end 1 0
1587070898073787 132176871118528 pump_beg 1 0
1587070909267248 132176871118528 pump_end 1 2
1587070909273998 132176871118528 join_beg 1 0
1587070909275638 132176871118528 join_end 0 0
1587070911374931 132176871118528 coll_beg 0 0
1587070916619440 132176871118528 coll_end 0 0
1587070920058594 132176871118528 drain_beg 0 0
1587070920059934 132176871118528 drain_end 1 0
1587070920060584 132176871118528 subm_beg 1 0
1587070920065074 132176862725824 emit_beg 1053 0
1587070921902727 132176871118528 subm_end 1 0
1587070921903197 132176871118528 pump_beg 1 0
1587070927619828 132176862725824 emit_end 1053 0
1587070931086972 132176871118528 pump_end 1 2
1587070931087562 132176871118528 join_beg 1 0
1587070931087872 132176871118528 join_end 0 0
1587070932968363 132176871118528 coll_beg 0 0
1587070935878537 132176871118528 coll_end 0 0
1587070937819636 132176862725824 emit_beg 1054 0
1587070945125830 132176862725824 emit_end 1054 0
1587070964558380 132176871118528 drain_beg 0 0
1587070964560560 132176871118528 drain_end 1 0
1587070964561180 132176871118528 subm_beg 1 0
1587070968256205 132176871118528 subm_end 1 0
1587070968256705 132176871118528 pump_beg 1 0
1587070980285976 132176871118528 pump_end 1 2
1587070980287996 132176871118528 join_beg 1 0
1587070980288776 132176871118528 join_end 0 0
1587070982192937 132176871118528 coll_beg 0 0
1587070988091952 132176871118528 coll_end 0 0
1587070989984493 132176871118528 drain_beg 0 0
1587070989985343 132176871118528 drain_end 1 0
1587070989985992 132176871118528 subm_beg 1 0
1587070990006832 132176862725824 emit_beg 1055 0
1587070991815416 132176871118528 subm_end 1 0
1587070991815716 132176871118528 pump_beg 1 0
1587070999268374 132176862725824 emit_end 1055 0
1587071000965172 132176871118528 pump_end 1 2
1587071000965692 132176871118528 join_beg 1 0
1587071000966062 132176871118528 join_end 0 0
1587071002850173 132176871118528 coll_beg 0 0
1587071005014714 132176871118528 coll_end 0 0
1587071006880516 132176862725824 emit_beg 1056 0
1587071014272866 132176862725824 emit_end 1056 0
1587071033566682 132176871118528 drain_beg 0 0
1587071033568782 132176871118528 drain_end 1 0
1587071033569612 132176871118528 subm_beg 1 0
1587071039025313 132176871118528 subm_end 1 0
1587071039026983 132176871118528 pump_beg 1 0
1587071048825685 132176871118528 pump_end 1 2
1587071048826425 132176871118528 join_beg 1 0
1587071048826795 132176871118528 join_end 0 0
1587071050659578 132176871118528 coll_beg 0 0
1587071052952015 132176871118528 coll_end 0 0
1587071054864955 132176871118528 drain_beg 0 0
1587071054865585 132176871118528 drain_end 1 0
1587071054866065 132176871118528 subm_beg 1 0
1587071054886854 132176862725824 emit_beg 1057 0
1587071056768075 132176871118528 subm_end 1 0
1587071056768475 132176871118528 pump_beg 1 0
1587071064159626 132176862725824 emit_end 1057 0
1587071068349243 132176871118528 pump_end 1 2
1587071068349743 132176871118528 join_beg 1 0
1587071068350033 132176871118528 join_end 0 0
1587071071178730 132176871118528 coll_beg 0 0
1587071074981371 132176871118528 coll_end 0 0
1587071078598359 132176871118528 drain_beg 0 0
1587071078599269 132176871118528 drain_end 1 0
1587071078599909 132176871118528 subm_beg 1 0
1587071078607168 132176862725824 emit_beg 1058 0
1587071082187258 132176871118528 subm_end 1 0
1587071082187928 132176871118528 pump_beg 1 0
1587071087776274 132176862725824 emit_end 1058 0
1587071095558460 132176871118528 pump_end 1 2
1587071095558910 132176871118528 join_beg 1 0
1587071095559250 132176871118528 join_end 0 0
1587071098508812 132176871118528 coll_beg 0 0
1587071103318467 132176871118528 coll_end 0 0
1587071106160623 132176862725824 emit_beg 1059 0
1587071113550713 132176862725824 emit_end 1059 0
1587071128562515 132176871118528 drain_beg 0 0
1587071128564375 132176871118528 drain_end 1 0
1587071128565055 132176871118528 subm_beg 1 0
1587071132225462 132176871118528 subm_end 1 0
1587071132226012 132176871118528 pump_beg 1 0
1587071142957130 132176871118528 pump_end 1 2
1587071142957790 132176871118528 join_beg 1 0
1587071142958260 132176871118528 join_end 0 0
1587071144977836 132176871118528 coll_beg 0 0
1587071150257904 132176871118528 coll_end 0 0
1587071152188483 132176871118528 drain_beg 0 0
1587071152189803 132176862725824 emit_beg 1060 0
1587071152190493 132176871118528 drain_end 1 0
1587071152201523 132176871118528 subm_beg 1 0
1587071156014704 132176862725824 emit_end 1060 0
1587071159842074 132176871118528 subm_end 1 0
1587071159843724 132176871118528 pump_beg 1 0
1587071168515787 132176871118528 pump_end 1 2
1587071168516667 132176871118528 join_beg 1 0
1587071168517157 132176871118528 join_end 0 0
1587071170789774 132176871118528 coll_beg 0 0
1587071173159738 132176871118528 coll_end 0 0
1587071176235716 132176862725824 emit_beg 1061 0
1587071184103719 132176862725824 emit_end 1061 0
1587071196949610 132176871118528 drain_beg 0 0
1587071196951410 132176871118528 drain_end 1 0
1587071196952220 132176871118528 subm_beg 1 0
1587071202718339 132176871118528 subm_end 1 0
1587071202719279 132176871118528 pump_beg 1 0
1587071209410735 132176871118528 pump_end 1 2
1587071209411065 132176871118528 join_beg 1 0
1587071209411315 132176871118528 join_end 0 0
1587071211303256 132176871118528 coll_beg 0 0
1587071211449191 132176871118528 coll_end 0 0
1587071213283054 132176862725824 emit_beg 1062 0
1587071220747481 132176862725824 emit_end 1062 0
1587071222607223 132176871118528 drain_beg 0 0
1587071222607953 132176871118528 drain_end 1 0
1587071222608303 132176871118528 subm_beg 1 0
1587071224390308 132176871118528 subm_end 1 0
1587071224390768 132176871118528 pump_beg 1 0
1587071236058383 132176871118528 pump_end 1 2
1587071236058833 132176871118528 join_beg 1 0
1587071236059032 132176871118528 join_end 0 0
1587071239453809 132176871118528 coll_beg 0 0
1587071243309348 132176871118528 coll_end 0 0
1587071245412391 132176871118528 drain_beg 0 0
1587071245413561 132176871118528 drain_end 1 0
1587071245414311 132176871118528 subm_beg 1 0
1587071245433300 132176862725824 emit_beg 1063 0
1587071247414618 132176871118528 subm_end 1 0
1587071247415418 132176871118528 pump_beg 1 0
1587071255250272 132176871118528 pump_end 1 2
1587071255252982 132176871118528 join_beg 1 0
1587071255251072 132176862725824 emit_end 1063 0
1587071255260702 132176871118528 join_end 0 0
1587071257289808 132176871118528 coll_beg 0 0
1587071258789173 132176871118528 coll_end 0 0
1587071261458026 132176862725824 emit_beg 1064 0
1587071269236142 132176862725824 emit_end 1064 0
1587071288132472 132176871118528 drain_beg 0 0
1587071288135202 132176871118528 drain_end 1 0
1587071288136382 132176871118528 subm_beg 1 0
1587071293973499 132176871118528 subm_end 1 0
1587071293975489 132176871118528 pump_beg 1 0
1587071303126285 132176871118528 pump_end 1 2
1587071303128715 132176871118528 join_beg 1 0
1587071303129795 132176871118528 join_end 0 0
1587071305231818 132176871118528 coll_beg 0 0
1587071307586572 132176871118528 coll_end 0 0
1587071309571770 132176871118528 drain_beg 0 0
1587071309572670 132176871118528 drain_end 1 0
1587071309573370 132176871118528 subm_beg 1 0
1587071309592699 132176862725824 emit_beg 1065 0
1587071311503129 132176871118528 subm_end 1 0
1587071311503569 132176871118528 pump_beg 1 0
1587071319260766 132176862725824 emit_end 1065 0
1587071322923622 132176871118528 pump_end 1 2
1587071322924132 132176871118528 join_beg 1 0
1587071322924452 132176871118528 join_end 0 0
1587071324864692 132176871118528 coll_beg 0 0
1587071328689702 132176871118528 coll_end 0 0
1587071330747047 132176862725824 emit_beg 1066 0
1587071340566859 132176862725824 emit_end 1066 0
1587071356393791 132176871118528 drain_beg 0 0
1587071356395811 132176871118528 drain_end 1 0
1587071356396581 132176871118528 subm_beg 1 0
1587071362248957 132176871118528 subm_end 1 0
1587071362250557 132176871118528 pump_beg 1 0
1587071371993152 132176871118528 pump_end 1 2
1587071371994452 132176871118528 join_beg 1 0
1587071371995092 132176871118528 join_end 0 0
1587071374047767 132176871118528 coll_beg 0 0
1587071376518827 132176871118528 coll_end 0 0
1587071378492805 132176871118528 drain_beg 0 0
1587071378493275 132176871118528 drain_end 1 0
1587071378493575 132176871118528 subm_beg 1 0
1587071378515354 132176862725824 emit_beg 1067 0
1587071380420094 132176871118528 subm_end 1 0
1587071380420484 132176871118528 pump_beg 1 0
1587071388306107 132176862725824 emit_end 1067 0
1587071391930574 132176871118528 pump_end 1 2
1587071391930994 132176871118528 join_beg 1 0
1587071391931264 132176871118528 join_end 0 0
1587071393908392 132176871118528 coll_beg 0 0
1587071398649759 132176871118528 coll_end 0 0
1587071403694635 132176862725824 emit_beg 1068 0
1587071405610995 132176871118528 drain_beg 0 0
1587071405612795 132176871118528 drain_end 1 0
1587071405613345 132176871118528 subm_beg 1 0
1587071411422893 132176871118528 subm_end 1 0
1587071411423553 132176871118528 pump_beg 1 0
1587071413411200 132176862725824 emit_end 1068 0
1587071422705021 132176871118528 pump_end 1 2
1587071422705731 132176871118528 join_beg 1 0
1587071422706061 132176871118528 join_end 0 0
1587071425194520 132176871118528 coll_beg 0 0
1587071429315890 132176871118528 coll_end 0 0
1587071433174599 132176862725824 emit_beg 1069 0
1587071441005563 132176862725824 emit_end 1069 0
1587071456973561 132176871118528 drain_beg 0 0
1587071456974411 132176871118528 drain_end 1 0
1587071456974731 132176871118528 subm_beg 1 0
1587071460767562 132176871118528 subm_end 1 0
1587071460767972 132176871118528 pump_beg 1 0
1587071470675661 132176871118528 pump_end 1 2
1587071470676311 132176871118528 join_beg 1 0
1587071470676581 132176871118528 join_end 0 0
1587071472642779 132176871118528 coll_beg 0 0
1587071475319061 132176871118528 coll_end 0 0
1587071477341127 132176871118528 drain_beg 0 0
1587071477341607 132176871118528 drain_end 1 0
1587071477341897 132176871118528 subm_beg 1 0
1587071477363357 132176862725824 emit_beg 1070 0
1587071479303316 132176871118528 subm_end 1 0
1587071479303716 132176871118528 pump_beg 1 0
1587071487251596 132176862725824 emit_end 1070 0
1587071490304404 132176871118528 pump_end 1 2
1587071490305134 132176871118528 join_beg 1 0
1587071490305374 132176871118528 join_end 0 0
1587071492575341 132176871118528 coll_beg 0 0
1587071496238368 132176871118528 coll_end 0 0
1587071498362880 132176862725824 emit_beg 1071 0
1587071506139746 132176862725824 emit_end 1071 0
1587071523485303 132176871118528 drain_beg 0 0
1587071523486033 132176871118528 drain_end 1 0
1587071523486363 132176871118528 subm_beg 1 0
1587071527471848 132176871118528 subm_end 1 0
1587071527472328 132176871118528 pump_beg 1 0
1587071534679575 132176871118528 pump_end 1 2
1587071534680155 132176871118528 join_beg 1 0
1587071534680345 132176871118528 join_end 0 0
1587071536630504 132176871118528 coll_beg 0 0
1587071537120976 132176871118528 coll_end 0 0
1587071539060385 132176862725824 emit_beg 1072 0
1587071546796033 132176862725824 emit_end 1072 0
1587071548742212 132176871118528 drain_beg 0 0
1587071548743052 132176871118528 drain_end 1 0
1587071548743372 132176871118528 subm_beg 1 0
1587071550658612 132176871118528 subm_end 1 0
1587071550659002 132176871118528 pump_beg 1 0
1587071558194407 132176871118528 pump_end 1 2
1587071558194897 132176871118528 join_beg 1 0
1587071558195177 132176871118528 join_end 0 0
1587071560579530 132176871118528 coll_beg 0 0
1587071561390390 132176871118528 coll_end 0 0
1587071564405280 132176862725824 emit_beg 1073 0
1587071566361939 132176871118528 drain_beg 0 0
1587071566362559 132176871118528 drain_end 1 0
1587071566362849 132176871118528 subm_beg 1 0
1587071572129368 132176871118528 subm_end 1 0
1587071572133388 132176871118528 pump_beg 1 0
1587071574043728 132176862725824 emit_end 1073 0
1587071583620049 132176871118528 pump_end 1 2
1587071583620599 132176871118528 join_beg 1 0
1587071583620799 132176871118528 join_end 0 0
1587071586607950 132176871118528 coll_beg 0 0
1587071590755659 132176871118528 coll_end 0 0
1587071594432694 132176871118528 drain_beg 0 0
1587071594433174 132176871118528 drain_end 1 0
1587071594433474 132176871118528 subm_beg 1 0
1587071594452864 132176862725824 emit_beg 1074 0
1587071598252125 132176871118528 subm_end 1 0
1587071598252535 132176871118528 pump_beg 1 0
1587071604291985 132176862725824 emit_end 1074 0
1587071609603661 132176871118528 pump_end 1 2
1587071609604391 132176871118528 join_beg 1 0
1587071609604601 132176871118528 join_end 0 0
1587071612538054 132176871118528 coll_beg 0 0
1587071616499249 132176871118528 coll_end 0 0
1587071619002978 132176862725824 emit_beg 1075 0
1587071626550872 132176862725824 emit_end 1075 0
1587071643624289 132176871118528 drain_beg 0 0
1587071643626789 132176871118528 drain_end 1 0
1587071643627839 132176871118528 subm_beg 1 0
1587071647240937 132176871118528 subm_end 1 0
1587071647242547 132176871118528 pump_beg 1 0
1587071660160516 132176871118528 pump_end 1 2
1587071660161966 132176871118528 join_beg 1 0
1587071660162746 132176871118528 join_end 0 0
1587071662346926 132176871118528 coll_beg 0 0
1587071668929926 132176871118528 coll_end 0 0
1587071670981131 132176871118528 drain_beg 0 0
1587071670982991 132176871118528 drain_end 1 0
1587071670983971 132176871118528 subm_beg 1 0
1587071671002580 132176862725824 emit_beg 1076 0
1587071672852853 132176871118528 subm_end 1 0
1587071672854552 132176871118528 pump_beg 1 0
1587071678761407 132176862725824 emit_end 1076 0
1587071682819119 132176871118528 pump_end 1 2
1587071682820029 132176871118528 join_beg 1 0
1587071682820549 132176871118528 join_end 0 0
1587071686387209 132176871118528 coll_beg 0 0
1587071689604301 132176871118528 coll_end 0 0
1587071692201356 132176862725824 emit_beg 1077 0
1587071699626376 132176862725824 emit_end 1077 0
1587071716128553 132176871118528 drain_beg 0 0
1587071716130863 132176871118528 drain_end 1 0
1587071716131913 132176871118528 subm_beg 1 0
1587071721558985 132176871118528 subm_end 1 0
1587071721560015 132176871118528 pump_beg 1 0
1587071728758402 132176871118528 pump_end 1 2
1587071728758912 132176871118528 join_beg 1 0
1587071728759412 132176871118528 join_end 0 0
1587071730634924 132176871118528 coll_beg 0 0
1587071730960122 132176871118528 coll_end 0 0
1587071732799085 132176871118528 drain_beg 0 0
1587071732799775 132176871118528 drain_end 1 0
1587071732800135 132176871118528 subm_beg 1 0
1587071732819544 132176862725824 emit_beg 1078 0
1587071734668967 132176871118528 subm_end 1 0
1587071734669327 132176871118528 pump_beg 1 0
1587071740140367 132176862725824 emit_end 1078 0
1587071744090713 132176871118528 pump_end 1 2
1587071744091173 132176871118528 join_beg 1 0
1587071744091373 132176871118528 join_end 0 0
1587071746066121 132176871118528 coll_beg 0 0
1587071748170824 132176871118528 coll_end 0 0
1587071751650937 132176862725824 emit_beg 1079 0
1587071758869984 132176862725824 emit_end 1079 0
1587071774037480 132176871118528 drain_beg 0 0
1587071774039530 132176871118528 drain_end 1 0
1587071774040300 132176871118528 subm_beg 1 0
1587071779631496 132176871118528 subm_end 1 0
1587071779632486 132176871118528 pump_beg 1 0
1587071790744180 132176871118528 pump_end 1 2
1587071790744670 132176871118528 join_beg 1 0
1587071790745040 132176871118528 join_end 0 0
1587071792710239 132176871118528 coll_beg 0 0
1587071796037777 132176871118528 coll_end 0 0
1587071797989316 132176871118528 drain_beg 0 0
1587071797989826 132176871118528 drain_end 1 0
1587071797990086 132176871118528 subm_beg 1 0
1587071798011045 132176862725824 emit_beg 1080 0
1587071799811580 132176871118528 subm_end 1 0
1587071799811989 132176871118528 pump_beg 1 0
1587071807277057 132176862725824 emit_end 1080 0
1587071811653497 132176871118528 pump_end 1 2
1587071811654407 132176871118528 join_beg 1 0
1587071811658867 132176871118528 join_end 0 0
1587071813556548 132176871118528 coll_beg 0 0
1587071817813102 132176871118528 coll_end 0 0
1587071820838352 132176862725824 emit_beg 1081 0
1587071828217443 132176862725824 emit_end 1081 0
1587071843322272 132176871118528 drain_beg 0 0
1587071843322992 132176871118528 drain_end 1 0
1587071843323332 132176871118528 subm_beg 1 0
1587071846954969 132176871118528 subm_end 1 0
1587071846955359 132176871118528 pump_beg 1 0
1587071857770204 132176871118528 pump_end 1 2
1587071857770594 132176871118528 join_beg 1 0
1587071857771034 132176871118528 join_end 0 0
1587071859656466 132176871118528 coll_beg 0 0
1587071862759512 132176871118528 coll_end 0 0
1587071864677252 132176871118528 drain_beg 0 0
1587071864677842 132176871118528 drain_end 1 0
1587071864678322 132176871118528 subm_beg 1 0
1587071864697961 132176862725824 emit_beg 1082 0
1587071866485446 132176871118528 subm_end 1 0
1587071866485816 132176871118528 pump_beg 1 0
1587071872201738 132176862725824 emit_end 1082 0
1587071875520937 132176871118528 pump_end 1 2
1587071875521587 132176871118528 join_beg 1 0
1587071875521897 132176871118528 join_end 0 0
1587071877387089 132176871118528 coll_beg 0 0
1587071879420004 132176871118528 coll_end 0 0
1587071881244668 132176862725824 emit_beg 1083 0
1587071888538672 132176862725824 emit_end 1083 0
1587071907357525 132176871118528 drain_beg 0 0
1587071907358665 132176871118528 drain_end 1 0
1587071907359585 132176871118528 subm_beg 1 0
1587071911044060 132176871118528 subm_end 1 0
1587071911044510 132176871118528 pump_beg 1 0
1587071919384946 132176871118528 pump_end 1 2
1587071919385656 132176871118528 join_beg 1 0
1587071919386136 132176871118528 join_end 0 0
1587071921335775 132176871118528 coll_beg 0 0
1587071922387026 132176871118528 coll_end 0 0
1587071924279627 132176862725824 emit_beg 1084 0
1587071929952080 132176862725824 emit_end 1084 0
1587071945250252 132176871118528 drain_beg 0 0
1587071945251382 132176871118528 drain_end 1 0
1587071945252082 132176871118528 subm_beg 1 0
1587071948911418 132176871118528 subm_end 1 0
1587071948912318 132176871118528 pump_beg 1 0
1587071959790701 132176871118528 pump_end 1 2
1587071959791401 132176871118528 join_beg 1 0
1587071959791621 132176871118528 join_end 0 0
1587071961650593 132176871118528 coll_beg 0 0
1587071964889285 132176871118528 coll_end 0 0
1587071966782136 132176871118528 drain_beg 0 0
1587071966782816 132176871118528 drain_end 1 0
1587071966783186 132176871118528 subm_beg 1 0
1587071966806485 132176862725824 emit_beg 1085 0
1587071968599980 132176871118528 subm_end 1 0
1587071968600400 132176871118528 pump_beg 1 0
1587071976083637 132176862725824 emit_end 1085 0
1587071979099867 132176871118528 pump_end 1 2
1587071979100667 132176871118528 join_beg 1 0
1587071979101167 132176871118528 join_end 0 0
1587071981695892 132176871118528 coll_beg 0 0
1587071984505799 132176871118528 coll_end 0 0
1587071987423233 132176862725824 emit_beg 1086 0
1587071994760985 132176862725824 emit_end 1086 0
1587072010331347 132176871118528 drain_beg 0 0
1587072010335797 132176871118528 drain_end 1 0
1587072010337117 132176871118528 subm_beg 1 0
1587072016041899 132176871118528 subm_end 1 0
1587072016044338 132176871118528 pump_beg 1 0
1587072025950477 132176871118528 pump_end 1 2
1587072025952067 132176871118528 join_beg 1 0
1587072025952997 132176871118528 join_end 0 0
1587072028051180 132176871118528 coll_beg 0 0
1587072030529980 132176871118528 coll_end 0 0
1587072032475819 132176871118528 drain_beg 0 0
1587072032476369 132176871118528 drain_end 1 0
1587072032476779 132176871118528 subm_beg 1 0
1587072032497158 132176862725824 emit_beg 1087 0
1587072034410128 132176871118528 subm_end 1 0
1587072034410518 132176871118528 pump_beg 1 0
1587072042238613 132176862725824 emit_end 1087 0
1587072046318254 132176871118528 pump_end 1 2
1587072046318694 132176871118528 join_beg 1 0
1587072046318884 132176871118528 join_end 0 0
1587072048283452 132176871118528 coll_beg 0 0
1587072053513231 132176871118528 coll_end 0 0
1587072056019160 132176862725824 emit_beg 1088 0
1587072063834555 132176862725824 emit_end 1088 0
1587072079392477 132176871118528 drain_beg 0 0
1587072079396077 132176871118528 drain_end 1 0
1587072079397136 132176871118528 subm_beg 1 0
1587072083274335 132176871118528 subm_end 1 0
1587072083274825 132176871118528 pump_beg 1 0
1587072094759586 132176871118528 pump_end 1 2
1587072094760826 132176871118528 join_beg 1 0
1587072094761616 132176871118528 join_end 0 0
1587072096818481 132176871118528 coll_beg 0 0
1587072100583323 132176871118528 coll_end 0 0
1587072102530552 132176871118528 drain_beg 0 0
1587072102531042 132176871118528 drain_end 1 0
1587072102531332 132176871118528 subm_beg 1 0
1587072102554241 132176862725824 emit_beg 1089 0
1587072104481251 132176871118528 subm_end 1 0
1587072104481651 132176871118528 pump_beg 1 0
1587072112450490 132176862725824 emit_end 1089 0
1587072116473183 132176871118528 pump_end 1 2
1587072116475353 132176871118528 join_beg 1 0
1587072116476113 132176871118528 join_end 0 0
1587072118759150 132176871118528 coll_beg 0 0
1587072124988083 132176871118528 coll_end 0 0
1587072128438887 132176862725824 emit_beg 1090 0
1587072130364577 132176871118528 drain_beg 0 0
1587072130365236 132176871118528 drain_end 1 0
1587072130365746 132176871118528 subm_beg 1 0
1587072136230262 132176871118528 subm_end 1 0
1587072136230672 132176871118528 pump_beg 1 0
1587072138247739 132176862725824 emit_end 1090 0
1587072147036418 132176871118528 pump_end 1 2
1587072147036858 132176871118528 join_beg 1 0
1587072147037128 132176871118528 join_end 0 0
1587072150217252 132176871118528 coll_beg 0 0
1587072153927257 132176871118528 coll_end 0 0
1587072156039010 132176862725824 emit_beg 1091 0
1587072163775547 132176862725824 emit_end 1091 0
1587072180996219 132176871118528 drain_beg 0 0
1587072180996919 132176871118528 drain_end 1 0
1587072180997239 132176871118528 subm_beg 1 0
1587072184897447 132176871118528 subm_end 1 0
1587072184897867 132176871118528 pump_beg 1 0
1587072192181121 132176871118528 pump_end 1 2
1587072192181561 132176871118528 join_beg 1 0
1587072192181781 132176871118528 join_end 0 0
1587072194162358 132176871118528 coll_beg 0 0
1587072194615622 132176871118528 coll_end 0 0
1587072196527412 132176871118528 drain_beg 0 0
1587072196527922 132176871118528 drain_end 1 0
1587072196528382 132176871118528 subm_beg 1 0
1587072196530592 132176862725824 emit_beg 1092 0
1587072198463931 132176871118528 subm_end 1 0
1587072198464291 132176871118528 pump_beg 1 0
1587072206113752 132176862725824 emit_end 1092 0
1587072209856806 132176871118528 pump_end 1 2
1587072209857376 132176871118528 join_beg 1 0
1587072209857576 132176871118528 join_end 0 0
1587072212369214 132176871118528 coll_beg 0 0
1587072216243633 132176871118528 coll_end 0 0
1587072218263329 132176862725824 emit_beg 1093 0
1587072226068764 132176862725824 emit_end 1093 0
1587072242632030 132176871118528 drain_beg 0 0
1587072242632779 132176871118528 drain_end 1 0
1587072242633139 132176871118528 subm_beg 1 0
1587072246502958 132176871118528 subm_end 1 0
1587072246503378 132176871118528 pump_beg 1 0
1587072256105068 132176871118528 pump_end 1 2
1587072256106188 132176871118528 join_beg 1 0
1587072256106968 132176871118528 join_end 0 0
1587072258139874 132176871118528 coll_beg 0 0
1587072260675921 132176871118528 coll_end 0 0
1587072262750605 132176871118528 drain_beg 0 0
1587072262751395 132176871118528 drain_end 1 0
1587072262751875 132176871118528 subm_beg 1 0
1587072262755905 132176862725824 emit_beg 1094 0
1587072264722973 132176871118528 subm_end 1 0
1587072264723393 132176871118528 pump_beg 1 0
1587072272415123 132176862725824 emit_end 1094 0
1587072276127787 132176871118528 pump_end 1 2
1587072276128237 132176871118528 join_beg 1 0
1587072276128437 132176871118528 join_end 0 0
1587072278108955 132176871118528 coll_beg 0 0
1587072281659705 132176871118528 coll_end 0 0
1587072283945592 132176862725824 emit_beg 1095 0
1587072291687399 132176862725824 emit_end 1095 0
1587072309179061 132176871118528 drain_beg 0 0
1587072309180131 132176871118528 drain_end 1 0
1587072309180531 132176871118528 subm_beg 1 0
1587072315041247 132176871118528 subm_end 1 0
1587072315042207 132176871118528 pump_beg 1 0
1587072322716457 132176871118528 pump_end 1 2
1587072322717727 132176871118528 join_beg 1 0
1587072322718547 132176871118528 join_end 0 0
1587072324687765 132176871118528 coll_beg 0 0
1587072325505815 132176871118528 coll_end 0 0
1587072327456084 132176871118528 drain_beg 0 0
1587072327456854 132176871118528 drain_end 1 0
1587072327457474 132176871118528 subm_beg 1 0
1587072327462724 132176862725824 emit_beg 1096 0
1587072329407633 132176871118528 subm_end 1 0
1587072329408143 132176871118528 pump_beg 1 0
1587072333282422 132176862725824 emit_end 1096 0
1587072340356243 132176871118528 pump_end 1 2
1587072340356713 132176871118528 join_beg 1 0
1587072340356923 132176871118528 join_end 0 0
1587072342268434 132176871118528 coll_beg 0 0
1587072345852743 132176871118528 coll_end 0 0
1587072348252005 132176862725824 emit_beg 1097 0
1587072355944804 132176862725824 emit_end 1097 0
1587072374649712 132176871118528 drain_beg 0 0
1587072374650512 132176871118528 drain_end 1 0
1587072374650942 132176871118528 subm_beg 1 0
1587072378473272 132176871118528 subm_end 1 0
1587072378473722 132176871118528 pump_beg 1 0
1587072386122003 132176871118528 pump_end 1 2
1587072386122483 132176871118528 join_beg 1 0
1587072386122783 132176871118528 join_end 0 0
1587072388077192 132176871118528 coll_beg 0 0
1587072388959190 132176871118528 coll_end 0 0
1587072390910468 132176862725824 emit_beg 1098 0
1587072394901703 132176862725824 emit_end 1098 0
1587072411997339 132176871118528 drain_beg 0 0
1587072411998119 132176871118528 drain_end 1 0
1587072411998469 132176871118528 subm_beg 1 0
1587072415607757 132176871118528 subm_end 1 0
1587072415608177 132176871118528 pump_beg 1 0
1587072423100454 132176871118528 pump_end 1 2
1587072423100854 132176871118528 join_beg 1 0
1587072423101054 132176871118528 join_end 0 0
1587072426038666 132176871118528 coll_beg 0 0
1587072426048216 132176871118528 coll_end 0 0
1587072427870770 132176871118528 drain_beg 0 0
1587072427871530 132176871118528 drain_end 1 0
1587072427872120 132176871118528 subm_beg 1 0
1587072427874500 132176862725824 emit_beg 1099 0
1587072429699453 132176871118528 subm_end 1 0
1587072429699933 132176871118528 pump_beg 1 0
1587072435202742 132176862725824 emit_end 1099 0
1587072439991207 132176871118528 pump_end 1 2
1587072439991747 132176871118528 join_beg 1 0
1587072439991947 132176871118528 join_end 0 0
1587072442600232 132176871118528 coll_beg 0 0
1587072444775213 132176871118528 coll_end 0 0
1587072448141850 132176862725824 emit_beg 1100 0
1587072455601438 132176862725824 emit_end 1100 0
1587072470508454 132176871118528 drain_beg 0 0
1587072470510204 132176871118528 drain_end 1 0
1587072470511024 132176871118528 subm_beg 1 0
1587072475956625 132176871118528 subm_end 1 0
1587072475957585 132176871118528 pump_beg 1 0
1587072487910449 132176871118528 pump_end 1 2
1587072487911289 132176871118528 join_beg 1 0
1587072487911709 132176871118528 join_end 0 0
1587072489928395 132176871118528 coll_beg 0 0
1587072493647459 132176871118528 coll_end 0 0
1587072495595248 132176871118528 drain_beg 0 0
1587072495595768 132176871118528 drain_end 1 0
1587072495596238 132176871118528 subm_beg 1 0
1587072495601888 132176862725824 emit_beg 1101 0
1587072497443931 132176871118528 subm_end 1 0
1587072497444451 132176871118528 pump_beg 1 0
1587072503008368 132176862725824 emit_end 1101 0
1587072507915489 132176871118528 pump_end 1 2
1587072507917129 132176871118528 join_beg 1 0
1587072507917639 132176871118528 join_end 0 0
1587072510703677 132176871118528 coll_beg 0 0
1587072514297456 132176871118528 coll_end 0 0
1587072516421118 132176862725824 emit_beg 1102 0
1587072523803169 132176862725824 emit_end 1102 0
1587072540951353 132176871118528 drain_beg 0 0
1587072540952043 132176871118528 drain_end 1 0
1587072540952353 132176871118528 subm_beg 1 0
1587072544674377 132176871118528 subm_end 1 0
1587072544674757 132176871118528 pump_beg 1 0
1587072555697525 132176871118528 pump_end 1 2
1587072555701395 132176871118528 join_beg 1 0
1587072555701755 132176871118528 join_end 0 0
1587072557534578 132176871118528 coll_beg 0 0
1587072560467201 132176871118528 coll_end 0 0
1587072562283854 132176862725824 emit_beg 1103 0
1587072564272782 132176871118528 drain_beg 0 0
1587072564278022 132176871118528 drain_end 1 0
1587072564279852 132176871118528 subm_beg 1 0
1587072569727693 132176871118528 subm_end 1 0
1587072569728773 132176871118528 pump_beg 1 0
1587072571604914 132176862725824 emit_end 1103 0
1587072579850823 132176871118528 pump_end 1 2
1587072579852483 132176871118528 join_beg 1 0
1587072579853343 132176871118528 join_end 0 0
1587072582305934 132176871118528 coll_beg 0 0
1587072585536656 132176871118528 coll_end 0 0
1587072587832772 132176862725824 emit_beg 1104 0
1587072595226472 132176862725824 emit_end 1104 0
1587072609261420 132176871118528 drain_beg 0 0
1587072609264860 132176871118528 drain_end 1 0
1587072609266180 132176871118528 subm_beg 1 0
1587072612861509 132176871118528 subm_end 1 0
1587072612862169 132176871118528 pump_beg 1 0
1587072623048067 132176871118528 pump_end 1 2
1587072623049657 132176871118528 join_beg 1 0
1587072623050527 132176871118528 join_end 0 0
1587072625215938 132176871118528 coll_beg 0 0
1587072628225258 132176871118528 coll_end 0 0
1587072630043112 132176871118528 drain_beg 0 0
1587072630044202 132176871118528 drain_end 1 0
1587072630044922 132176871118528 subm_beg 1 0
1587072630064331 132176862725824 emit_beg 1105 0
1587072631848906 132176871118528 subm_end 1 0
1587072631849436 132176871118528 pump_beg 1 0
1587072637618355 132176862725824 emit_end 1105 0
1587072641371178 132176871118528 pump_end 1 2
1587072641371648 132176871118528 join_beg 1 0
1587072641371958 132176871118528 join_end 0 0
1587072644900250 132176871118528 coll_beg 0 0
1587072646595288 132176871118528 coll_end 0 0
1587072648587255 132176862725824 emit_beg 1106 0
1587072655885839 132176862725824 emit_end 1106 0
1587072672671756 132176871118528 drain_beg 0 0
1587072672672646 132176871118528 drain_end 1 0
1587072672673176 132176871118528 subm_beg 1 0
1587072676310613 132176871118528 subm_end 1 0
1587072676311043 132176871118528 pump_beg 1 0
1587072686738403 132176871118528 pump_end 1 2
1587072686738863 132176871118528 join_beg 1 0
1587072686739213 132176871118528 join_end 0 0
1587072688643863 132176871118528 coll_beg 0 0
1587072691457091 132176871118528 coll_end 0 0
1587072693730418 132176871118528 drain_beg 0 0
1587072693731108 132176871118528 drain_end 1 0
1587072693731618 132176871118528 subm_beg 1 0
1587072693752177 132176862725824 emit_beg 1107 0
1587072695590840 132176871118528 subm_end 1 0
1587072695591190 132176871118528 pump_beg 1 0
1587072703116865 132176862725824 emit_end 1107 0
1587072706974674 132176871118528 pump_end 1 2
1587072706975104 132176871118528 join_beg 1 0
1587072706975424 132176871118528 join_end 0 0
1587072708835466 132176871118528 coll_beg 0 0
1587072712296750 132176871118528 coll_end 0 0
1587072714335976 132176862725824 emit_beg 1108 0
1587072721681958 132176862725824 emit_end 1108 0
1587072738171956 132176871118528 drain_beg 0 0
1587072738173856 132176871118528 drain_end 1 0
1587072738174666 132176871118528 subm_beg 1 0
1587072743751212 132176871118528 subm_end 1 0
1587072743752162 132176871118528 pump_beg 1 0
1587072751613745 132176871118528 pump_end 1 2
1587072751614915 132176871118528 join_beg 1 0
1587072751615635 132176871118528 join_end 0 0
1587072753571604 132176871118528 coll_beg 0 0
1587072753848274 132176871118528 coll_end 0 0
1587072755685207 132176871118528 drain_beg 0 0
1587072755686107 132176871118528 drain_end 1 0
1587072755686517 132176871118528 subm_beg 1 0
1587072755707166 132176862725824 emit_beg 1109 0
1587072757590807 132176871118528 subm_end 1 0
1587072757591267 132176871118528 pump_beg 1 0
1587072765110163 132176862725824 emit_end 1109 0
1587072769102487 132176871118528 pump_end 1 2
1587072769102987 132176871118528 join_beg 1 0
1587072769103307 132176871118528 join_end 0 0
1587072772507893 132176871118528 coll_beg 0 0
1587072775983336 132176871118528 coll_end 0 0
1587072778022302 132176862725824 emit_beg 1110 0
1587072785742250 132176862725824 emit_end 1110 0
1587072802227298 132176871118528 drain_beg 0 0
1587072802229248 132176871118528 drain_end 1 0
1587072802229968 132176871118528 subm_beg 1 0
1587072806145635 132176871118528 subm_end 1 0
1587072806147205 132176871118528 pump_beg 1 0
1587072818646659 132176871118528 pump_end 1 2
1587072818647929 132176871118528 join_beg 1 0
1587072818648529 132176871118528 join_end 0 0
1587072820768572 132176871118528 coll_beg 0 0
1587072824512335 132176871118528 coll_end 0 0
1587072826589369 132176871118528 drain_beg 0 0
1587072826589919 132176871118528 drain_end 1 0
1587072826590239 132176871118528 subm_beg 1 0
1587072826612338 132176862725824 emit_beg 1111 0
1587072828514489 132176871118528 subm_end 1 0
1587072828514869 132176871118528 pump_beg 1 0
1587072836572045 132176862725824 emit_end 1111 0
1587072839889094 132176871118528 pump_end 1 2
1587072839889534 132176871118528 join_beg 1 0
1587072839889754 132176871118528 join_end 0 0
1587072842449410 132176871118528 coll_beg 0 0
1587072845876635 132176871118528 coll_end 0 0
1587072848246989 132176862725824 emit_beg 1112 0
1587072858140488 132176862725824 emit_end 1112 0
1587072874504531 132176871118528 drain_beg 0 0
1587072874506811 132176871118528 drain_end 1 0
1587072874507710 132176871118528 subm_beg 1 0
1587072878378779 132176871118528 subm_end 1 0
1587072878379359 132176871118528 pump_beg 1 0
1587072889989506 132176871118528 pump_end 1 2
1587072889990016 132176871118528 join_beg 1 0
1587072889990496 132176871118528 join_end 0 0
1587072891948644 132176871118528 coll_beg 0 0
1587072894826219 132176871118528 coll_end 0 0
1587072896904863 132176871118528 drain_beg 0 0
1587072896905953 132176871118528 drain_end 1 0
1587072896907063 132176871118528 subm_beg 1 0
1587072896924962 132176862725824 emit_beg 1113 0
1587072898902290 132176871118528 subm_end 1 0
1587072898902910 132176871118528 pump_beg 1 0
1587072906923618 132176862725824 emit_end 1113 0
1587072908224030 132176871118528 pump_end 1 2
1587072908226850 132176871118528 join_beg 1 0
1587072908227850 132176871118528 join_end 0 0
1587072910350763 132176871118528 coll_beg 0 0
1587072912958027 132176871118528 coll_end 0 0
1587072914892007 132176862725824 emit_beg 1114 0
1587072922726651 132176862725824 emit_end 1114 0
1587072942991331 132176871118528 drain_beg 0 0
1587072942995441 132176871118528 drain_end 1 0
1587072942996801 132176871118528 subm_beg 1 0
1587072948875257 132176871118528 subm_end 1 0
1587072948877457 132176871118528 pump_beg 1 0
1587072960408786 132176871118528 pump_end 1 2
1587072960413356 132176871118528 join_beg 1 0
1587072960414016 132176871118528 join_end 0 0
1587072962554747 132176871118528 coll_beg 0 0
1587072966064969 132176871118528 coll_end 0 0
1587072968190482 132176871118528 drain_beg 0 0
1587072968191282 132176871118528 drain_end 1 0
1587072968191792 132176871118528 subm_beg 1 0
1587072968213321 132176862725824 emit_beg 1115 0
1587072970176689 132176871118528 subm_end 1 0
1587072970177069 132176871118528 pump_beg 1 0
1587072978092380 132176862725824 emit_end 1115 0
1587072981303763 132176871118528 pump_end 1 2
1587072981304933 132176871118528 join_beg 1 0
1587072981305263 132176871118528 join_end 0 0
1587072983949997 132176871118528 coll_beg 0 0
1587072987465958 132176871118528 coll_end 0 0
1587072989841122 132176862725824 emit_beg 1116 0
1587072997627077 132176862725824 emit_end 1116 0
1587073015295323 132176871118528 drain_beg 0 0
1587073015296083 132176871118528 drain_end 1 0
1587073015296473 132176871118528 subm_beg 1 0
1587073019223289 132176871118528 subm_end 1 0
1587073019223739 132176871118528 pump_beg 1 0
1587073030429490 132176871118528 pump_end 1 2
1587073030432660 132176871118528 join_beg 1 0
1587073030433810 132176871118528 join_end 0 0
1587073032487575 132176871118528 coll_beg 0 0
1587073038741067 132176871118528 coll_end 0 0
1587073040975166 132176871118528 drain_beg 0 0
1587073040977625 132176871118528 drain_end 1 0
1587073040978935 132176871118528 subm_beg 1 0
1587073040992935 132176862725824 emit_beg 1117 0
1587073042960283 132176871118528 subm_end 1 0
1587073042961893 132176871118528 pump_beg 1 0
1587073050844785 132176862725824 emit_end 1117 0
1587073054411565 132176871118528 pump_end 1 2
1587073054412925 132176871118528 join_beg 1 0
1587073054413575 132176871118528 join_end 0 0
1587073056767229 132176871118528 coll_beg 0 0
1587073061235646 132176871118528 coll_end 0 0
1587073064732959 132176862725824 emit_beg 1118 0
1587073072552653 132176862725824 emit_end 1118 0
1587073087460229 132176871118528 drain_beg 0 0
1587073087465009 132176871118528 drain_end 1 0
1587073087466409 132176871118528 subm_beg 1 0
1587073091450204 132176871118528 subm_end 1 0
1587073091450674 132176871118528 pump_beg 1 0
1587073100073839 132176871118528 pump_end 1 2
1587073100076939 132176871118528 join_beg 1 0
1587073100078059 132176871118528 join_end 0 0
1587073102153913 132176871118528 coll_beg 0 0
1587073104486568 132176871118528 coll_end 0 0
1587073107243997 132176871118528 drain_beg 0 0
1587073107244537 132176862725824 emit_beg 1119 0
1587073107245637 132176871118528 drain_end 1 0
1587073107247197 132176871118528 subm_beg 1 0
1587073111140845 132176871118528 subm_end 1 0
1587073111141295 132176871118528 pump_beg 1 0
1587073115236816 132176862725824 emit_end 1119 0
1587073122782760 132176871118528 pump_end 1 2
1587073122783290 132176871118528 join_beg 1 0
1587073122783690 132176871118528 join_end 0 0
1587073124796017 132176871118528 coll_beg 0 0
1587073130638843 132176871118528 coll_end 0 0
1587073132695058 132176862725824 emit_beg 1120 0
1587073140580211 132176862725824 emit_end 1120 0
1587073158719549 132176871118528 drain_beg 0 0
1587073158722609 132176871118528 drain_end 1 0
1587073158723469 132176871118528 subm_beg 1 0
1587073162578418 132176871118528 subm_end 1 0
1587073162580228 132176871118528 pump_beg 1 0
1587073173764500 132176871118528 pump_end 1 2
1587073173766270 132176871118528 join_beg 1 0
1587073173767520 132176871118528 join_end 0 0
1587073177399277 132176871118528 coll_beg 0 0
1587073180695727 132176871118528 coll_end 0 0
1587073182706723 132176871118528 drain_beg 0 0
1587073182707463 132176871118528 drain_end 1 0
1587073182707973 132176871118528 subm_beg 1 0
1587073182728683 132176862725824 emit_beg 1121 0
1587073186607301 132176871118528 subm_end 1 0
1587073186607771 132176871118528 pump_beg 1 0
1587073192469757 132176862725824 emit_end 1121 0
1587073193941183 132176871118528 pump_end 1 2
1587073193942013 132176871118528 join_beg 1 0
1587073193942403 132176871118528 join_end 0 0
1587073196096005 132176871118528 coll_beg 0 0
1587073196583547 132176871118528 coll_end 0 0
1587073200082599 132176862725824 emit_beg 1122 0
1587073205933516 132176862725824 emit_end 1122 0
1587073226337981 132176871118528 drain_beg 0 0
1587073226340091 132176871118528 drain_end 1 0
1587073226341051 132176871118528 subm_beg 1 0
1587073232188718 132176871118528 subm_end 1 0
1587073232190278 132176871118528 pump_beg 1 0
1587073244382903 132176871118528 pump_end 1 2
1587073244384133 132176871118528 join_beg 1 0
1587073244384843 132176871118528 join_end 0 0
1587073246430728 132176871118528 coll_beg 0 0
1587073250496079 132176871118528 coll_end 0 0
1587073252486267 132176871118528 drain_beg 0 0
1587073252486777 132176871118528 drain_end 1 0
1587073252487167 132176871118528 subm_beg 1 0
1587073252508176 132176862725824 emit_beg 1123 0
1587073254321540 132176871118528 subm_end 1 0
1587073254321930 132176871118528 pump_beg 1 0
1587073260037201 132176862725824 emit_end 1123 0
1587073265139885 132176871118528 pump_end 1 2
1587073265140905 132176871118528 join_beg 1 0
1587073265141805 132176871118528 join_end 0 0
1587073267639644 132176871118528 coll_beg 0 0
1587073271749114 132176871118528 coll_end 0 0
1587073276977703 132176862725824 emit_beg 1124 0
1587073286383490 132176862725824 emit_end 1124 0
1587073288180454 132176871118528 drain_beg 0 0
1587073288182634 132176871118528 drain_end 1 0
1587073288183594 132176871118528 subm_beg 1 0
1587073290116824 132176871118528 subm_end 1 0
1587073290118454 132176871118528 pump_beg 1 0
1587073300989297 132176871118528 pump_end 1 2
1587073300996967 132176871118528 join_beg 1 0
1587073300997787 132176871118528 join_end 0 0
1587073302802721 132176871118528 coll_beg 0 0
1587073305832260 132176871118528 coll_end 0 0
1587073308330099 132176871118528 drain_beg 0 0
1587073308330629 132176871118528 drain_end 1 0
1587073308330989 132176871118528 subm_beg 1 0
1587073308352048 132176862725824 emit_beg 1125 0
1587073310195911 132176871118528 subm_end 1 0
1587073310196281 132176871118528 pump_beg 1 0
1587073317750475 132176862725824 emit_end 1125 0
1587073322141125 132176871118528 pump_end 1 2
1587073322141535 132176871118528 join_beg 1 0
1587073322141735 132176871118528 join_end 0 0
1587073324016177 132176871118528 coll_beg 0 0
1587073328083388 132176871118528 coll_end 0 0
1587073331434596 132176862725824 emit_beg 1126 0
1587073338724810 132176862725824 emit_end 1126 0
1587073353897086 132176871118528 drain_beg 0 0
1587073353898996 132176871118528 drain_end 1 0
1587073353899756 132176871118528 subm_beg 1 0
1587073359452603 132176871118528 subm_end 1 0
1587073359454123 132176871118528 pump_beg 1 0
1587073371454825 132176871118528 pump_end 1 2
1587073371457835 132176871118528 join_beg 1 0
1587073371459345 132176871118528 join_end 0 0
1587073373438973 132176871118528 coll_beg 0 0
1587073377107269 132176871118528 coll_end 0 0
1587073378971251 132176871118528 drain_beg 0 0
1587073378971841 132176871118528 drain_end 1 0
1587073378972391 132176871118528 subm_beg 1 0
1587073378992990 132176862725824 emit_beg 1127 0
1587073380820784 132176871118528 subm_end 1 0
1587073380821154 132176871118528 pump_beg 1 0
1587073388463125 132176862725824 emit_end 1127 0
1587073392736519 132176871118528 pump_end 1 2
1587073392739649 132176871118528 join_beg 1 0
1587073392741329 132176871118528 join_end 0 0
1587073394650939 132176871118528 coll_beg 0 0
1587073397788174 132176871118528 coll_end 0 0
1587073400480346 132176862725824 emit_beg 1128 0
1587073407906605 132176862725824 emit_end 1128 0
1587073424540838 132176871118528 drain_beg 0 0
1587073424542358 132176871118528 drain_end 1 0
1587073424542888 132176871118528 subm_beg 1 0
1587073428333950 132176871118528 subm_end 1 0
1587073428334460 132176871118528 pump_beg 1 0
1587073440912061 132176871118528 pump_end 1 2
1587073440913561 132176871118528 join_beg 1 0
1587073440914401 132176871118528 join_end 0 0
1587073442849150 132176871118528 coll_beg 0 0
1587073446497957 132176871118528 coll_end 0 0
1587073448532493 132176871118528 drain_beg 0 0
1587073448533453 132176871118528 drain_end 1 0
1587073448534193 132176871118528 subm_beg 1 0
1587073448552912 132176862725824 emit_beg 1129 0
1587073450444603 132176871118528 subm_end 1 0
1587073450445083 132176871118528 pump_beg 1 0
1587073456166144 132176862725824 emit_end 1129 0
1587073461027227 132176871118528 pump_end 1 2
1587073461027947 132176871118528 join_beg 1 0
1587073461028367 132176871118528 join_end 0 0
1587073463471147 132176871118528 coll_beg 0 0
1587073467179922 132176871118528 coll_end 0 0
1587073471073650 132176862725824 emit_beg 1130 0
1587073478527528 132176862725824 emit_end 1130 0
1587073492021236 132176871118528 drain_beg 0 0
1587073492026065 132176871118528 drain_end 1 0
1587073492027385 132176871118528 subm_beg 1 0
1587073497636871 132176871118528 subm_end 1 0
1587073497639291 132176871118528 pump_beg 1 0
1587073509028905 132176871118528 pump_end 1 2
1587073509029815 132176871118528 join_beg 1 0
1587073509030575 132176871118528 join_end 0 0
1587073511014622 132176871118528 coll_beg 0 0
1587073513870618 132176871118528 coll_end 0 0
1587073515853216 132176871118528 drain_beg 0 0
1587073515853876 132176871118528 drain_end 1 0
1587073515854466 132176871118528 subm_beg 1 0
1587073515875195 132176862725824 emit_beg 1131 0
1587073517705108 132176871118528 subm_end 1 0
1587073517705588 132176871118528 pump_beg 1 0
1587073525164916 132176862725824 emit_end 1131 0
1587073529361673 132176871118528 pump_end 1 2
1587073529363373 132176871118528 join_beg 1 0
1587073529364303 132176871118528 join_end 0 0
1587073531431687 132176871118528 coll_beg 0 0
1587073534308972 132176871118528 coll_end 0 0
1587073537346841 132176862725824 emit_beg 1132 0
1587073544675974 132176862725824 emit_end 1132 0
1587073561311707 132176871118528 drain_beg 0 0
1587073561313217 132176871118528 drain_end 1 0
1587073561313617 132176871118528 subm_beg 1 0
1587073564973593 132176871118528 subm_end 1 0
1587073564974113 132176871118528 pump_beg 1 0
1587073576194974 132176871118528 pump_end 1 2
1587073576197764 132176871118528 join_beg 1 0
1587073576199194 132176871118528 join_end 0 0
1587073578168492 132176871118528 coll_beg 0 0
1587073581693303 132176871118528 coll_end 0 0
1587073583560445 132176871118528 drain_beg 0 0
1587073583561075 132176871118528 drain_end 1 0
1587073583561475 132176871118528 subm_beg 1 0
1587073583582294 132176862725824 emit_beg 1133 0
1587073587544730 132176871118528 subm_end 1 0
1587073587545310 132176871118528 pump_beg 1 0
1587073593637847 132176862725824 emit_end 1133 0
1587073599152236 132176871118528 pump_end 1 2
1587073599153186 132176871118528 join_beg 1 0
1587073599153796 132176871118528 join_end 0 0
1587073601029707 132176871118528 coll_beg 0 0
1587073604321167 132176871118528 coll_end 0 0
1587073606765558 132176862725824 emit_beg 1134 0
1587073613989094 132176862725824 emit_end 1134 0
1587073632871515 132176871118528 drain_beg 0 0
1587073632872545 132176871118528 drain_end 1 0
1587073632873095 132176871118528 subm_beg 1 0
1587073636451125 132176871118528 subm_end 1 0
1587073636451855 132176871118528 pump_beg 1 0
1587073645364510 132176871118528 pump_end 1 2
1587073645365120 132176871118528 join_beg 1 0
1587073645365719 132176871118528 join_end 0 0
1587073647326718 132176871118528 coll_beg 0 0
1587073649302086 132176871118528 coll_end 0 0
1587073651311683 132176871118528 drain_beg 0 0
1587073651312442 132176871118528 drain_end 1 0
1587073651312912 132176871118528 subm_beg 1 0
1587073651333992 132176862725824 emit_beg 1135 0
1587073653276801 132176871118528 subm_end 1 0
1587073653277441 132176871118528 pump_beg 1 0
1587073661205551 132176862725824 emit_end 1135 0
1587073665033832 132176871118528 pump_end 1 2
1587073665034572 132176871118528 join_beg 1 0
1587073665034982 132176871118528 join_end 0 0
1587073667276620 132176871118528 coll_beg 0 0
1587073671814084 132176871118528 coll_end 0 0
1587073675113904 132176862725824 emit_beg 1136 0
1587073682869001 132176862725824 emit_end 1136 0
1587073699193695 132176871118528 drain_beg 0 0
1587073699194625 132176871118528 drain_end 1 0
1587073699195015 132176871118528 subm_beg 1 0
1587073703087733 132176871118528 subm_end 1 0
1587073703088533 132176871118528 pump_beg 1 0
1587073713007341 132176871118528 pump_end 1 2
1587073713007751 132176871118528 join_beg 1 0
1587073713008101 132176871118528 join_end 0 0
1587073715029847 132176871118528 coll_beg 0 0
1587073717632372 132176871118528 coll_end 0 0
1587073727468353 132176871118528 drain_beg 0 0
1587073727469043 132176871118528 drain_end 1 0
1587073727469403 132176871118528 subm_beg 1 0
1587073727490693 132176862725824 emit_beg 1137 0
1587073744792241 132176871118528 subm_end 1 0
1587073744792861 132176871118528 pump_beg 1 0
1587073756931688 132176871118528 pump_end 1 2
1587073756932248 132176871118528 join_beg 1 0
1587073757206108 132176862725824 emit_end 1137 0
1587073757213768 132176871118528 join_end 0 0
1587073763205839 132176871118528 coll_beg 0 0
1587073767181544 132176871118528 coll_end 0 0
1587073775321047 132176862725824 emit_beg 1138 0
1587073802142118 132176862725824 emit_end 1138 0
1587073841647367 132176871118528 drain_beg 0 0
1587073841649567 132176871118528 drain_end 1 0
1587073841650167 132176871118528 subm_beg 1 0
1587073848039003 132176871118528 subm_end 1 0
1587073848039523 132176871118528 pump_beg 1 0
1587073858881418 132176871118528 pump_end 1 2
1587073858886987 132176871118528 join_beg 1 0
1587073858889327 132176871118528 join_end 0 0
1587073862364931 132176871118528 coll_beg 0 0
1587073865461718 132176871118528 coll_end 0 0
1587073868410870 132176871118528 drain_beg 0 0
1587073868411650 132176871118528 drain_end 1 0
1587073868412580 132176871118528 subm_beg 1 0
1587073868431039 132176862725824 emit_beg 1139 0
1587073871835155 132176871118528 subm_end 1 0
1587073871835685 132176871118528 pump_beg 1 0
1587073881022330 132176871118528 pump_end 1 2
1587073881023030 132176871118528 join_beg 1 0
1587073882006274 132176862725824 emit_end 1139 0
1587073882014243 132176871118528 join_end 0 0
1587073888480298 132176871118528 coll_beg 0 0
1587073889940214 132176871118528 coll_end 0 0
1587073895285089 132176862725824 emit_beg 1140 0
1587073912395235 132176862725824 emit_end 1140 0
1587073944488534 132176871118528 drain_beg 0 0
1587073944489754 132176871118528 drain_end 1 0
1587073944490173 132176871118528 subm_beg 1 0
1587073952056827 132176871118528 subm_end 1 0
1587073952057417 132176871118528 pump_beg 1 0
1587073961957556 132176871118528 pump_end 1 2
1587073961964566 132176871118528 join_beg 1 0
1587073961967206 132176871118528 join_end 0 0
1587073965233067 132176871118528 coll_beg 0 0
1587073967002372 132176871118528 coll_end 0 0
1587073970326871 132176871118528 drain_beg 0 0
1587073970327831 132176871118528 drain_end 1 0
1587073970328561 132176871118528 subm_beg 1 0
1587073970349230 132176862725824 emit_beg 1141 0
1587073973754746 132176871118528 subm_end 1 0
1587073973755436 132176871118528 pump_beg 1 0
1587073985818605 132176871118528 pump_end 1 2
1587073985820585 132176871118528 join_beg 1 0
1587073988669171 132176862725824 emit_end 1141 0
1587073988675601 132176871118528 join_end 0 0
1587073992730543 132176871118528 coll_beg 0 0
1587073996035512 132176871118528 coll_end 0 0
1587073999598062 132176862725824 emit_beg 1142 0
1587074013908340 132176862725824 emit_end 1142 0
1587074046069137 132176871118528 drain_beg 0 0
1587074046072706 132176871118528 drain_end 1 0
1587074046074036 132176871118528 subm_beg 1 0
1587074052697755 132176871118528 subm_end 1 0
1587074052699995 132176871118528 pump_beg 1 0
1587074064687557 132176871118528 pump_end 1 2
1587074064690967 132176871118528 join_beg 1 0
1587074064692747 132176871118528 join_end 0 0
1587074067761915 132176871118528 coll_beg 0 0
1587074070859742 132176871118528 coll_end 0 0
1587074074206960 132176871118528 drain_beg 0 0
1587074074207910 132176871118528 drain_end 1 0
1587074074208620 132176871118528 subm_beg 1 0
1587074074228099 132176862725824 emit_beg 1143 0
1587074077779029 132176871118528 subm_end 1 0
1587074077779549 132176871118528 pump_beg 1 0
1587074086586388 132176862725824 emit_end 1143 0
1587074088390492 132176871118528 pump_end 1 2
1587074088395232 132176871118528 join_beg 1 0
1587074088397252 132176871118528 join_end 0 0
1587074093132169 132176871118528 coll_beg 0 0
1587074097180761 132176871118528 coll_end 0 0
1587074100530739 132176862725824 emit_beg 1144 0
1587074110406729 132176862725824 emit_end 1144 0
1587074146074287 132176871118528 drain_beg 0 0
1587074146076897 132176871118528 drain_end 1 0
1587074146077957 132176871118528 subm_beg 1 0
1587074157115184 132176871118528 subm_end 1 0
1587074157116934 132176871118528 pump_beg 1 0
1587074168997251 132176871118528 pump_end 1 2
1587074169009200 132176871118528 join_beg 1 0
1587074169011950 132176871118528 join_end 0 0
1587074172925167 132176871118528 coll_beg 0 0
1587074176836655 132176871118528 coll_end 0 0
1587074180190042 132176871118528 drain_beg 0 0
1587074180190982 132176871118528 drain_end 1 0
1587074180191402 132176871118528 subm_beg 1 0
1587074180211181 132176862725824 emit_beg 1145 0
1587074183963674 132176871118528 subm_end 1 0
1587074183964264 132176871118528 pump_beg 1 0
1587074194665074 132176871118528 pump_end 1 2
1587074194667454 132176871118528 join_beg 1 0
1587074198349279 132176862725824 emit_end 1145 0
1587074198358649 132176871118528 join_end 0 0
1587074201332821 132176871118528 coll_beg 0 0
1587074203867408 132176871118528 coll_end 0 0
1587074207479116 132176862725824 emit_beg 1146 0
1587074221497895 132176862725824 emit_end 1146 0
1587074253566824 132176871118528 drain_beg 0 0
1587074253568674 132176871118528 drain_end 1 0
1587074253569224 132176871118528 subm_beg 1 0
1587074257477852 132176871118528 subm_end 1 0
1587074257478712 132176871118528 pump_beg 1 0
1587074269508723 132176871118528 pump_end 1 2
1587074269511522 132176871118528 join_beg 1 0
1587074269512702 132176871118528 join_end 0 0
1587074271472781 132176871118528 coll_beg 0 0
1587074275383798 132176871118528 coll_end 0 0
1587074277283569 132176871118528 drain_beg 0 0
1587074277284429 132176871118528 drain_end 1 0
1587074277284929 132176871118528 subm_beg 1 0
1587074277305048 132176862725824 emit_beg 1147 0
1587074279101083 132176871118528 subm_end 1 0
1587074279101563 132176871118528 pump_beg 1 0
1587074284895771 132176862725824 emit_end 1147 0
1587074291578687 132176871118528 pump_end 1 2
1587074291580667 132176871118528 join_beg 1 0
1587074291581567 132176871118528 join_end 0 0
1587074293517916 132176871118528 coll_beg 0 0
1587074300151594 132176871118528 coll_end 0 0
1587074302633664 132176862725824 emit_beg 1148 0
1587074304514875 132176871118528 drain_beg 0 0
1587074304516965 132176871118528 drain_end 1 0
1587074304517965 132176871118528 subm_beg 1 0
1587074310058103 132176871118528 subm_end 1 0
1587074310059953 132176871118528 pump_beg 1 0
1587074312136757 132176862725824 emit_end 1148 0
1587074321962848 132176871118528 pump_end 1 2
1587074321964348 132176871118528 join_beg 1 0
1587074321964968 132176871118528 join_end 0 0
1587074325688132 132176871118528 coll_beg 0 0
1587074332121628 132176871118528 coll_end 0 0
1587074335288852 132176871118528 drain_beg 0 0
1587074335289782 132176871118528 drain_end 1 0
1587074335290462 132176871118528 subm_beg 1 0
1587074335308471 132176862725824 emit_beg 1149 0
1587074338962578 132176871118528 subm_end 1 0
1587074338963148 132176871118528 pump_beg 1 0
1587074344696429 132176862725824 emit_end 1149 0
1587074350711929 132176871118528 pump_end 1 2
1587074350713859 132176871118528 join_beg 1 0
1587074350715239 132176871118528 join_end 0 0
1587074352504504 132176871118528 coll_beg 0 0
1587074356372093 132176871118528 coll_end 0 0
1587074359775969 132176862725824 emit_beg 1150 0
1587074367425589 132176862725824 emit_end 1150 0
1587074381903371 132176871118528 drain_beg 0 0
1587074381905311 132176871118528 drain_end 1 0
1587074381905971 132176871118528 subm_beg 1 0
1587074385533459 132176871118528 subm_end 1 0
1587074385533818 132176871118528 pump_beg 1 0
1587074396931122 132176871118528 pump_end 1 2
1587074396932852 132176871118528 join_beg 1 0
1587074396933582 132176871118528 join_end 0 0
1587074398879391 132176871118528 coll_beg 0 0
1587074403552761 132176871118528 coll_end 0 0
1587074405517999 132176871118528 drain_beg 0 0
1587074405520549 132176871118528 drain_end 1 0
1587074405521729 132176871118528 subm_beg 1 0
1587074405536879 132176862725824 emit_beg 1151 0
1587074409179086 132176871118528 subm_end 1 0
1587074409179866 132176871118528 pump_beg 1 0
1587074414879018 132176862725824 emit_end 1151 0
1587074417454014 132176871118528 pump_end 1 2
1587074417456653 132176871118528 join_beg 1 0
1587074417457683 132176871118528 join_end 0 0
1587074420778832 132176871118528 coll_beg 0 0
1587074422329086 132176871118528 coll_end 0 0
1587074424494877 132176862725824 emit_beg 1152 0
1587074431831409 132176862725824 emit_end 1152 0
1587074448167003 132176871118528 drain_beg 0 0
1587074448169543 132176871118528 drain_end 1 0
1587074448170753 132176871118528 subm_beg 1 0
1587074453643003 132176871118528 subm_end 1 0
1587074453644673 132176871118528 pump_beg 1 0
1587074463658627 132176871118528 pump_end 1 2
1587074463660677 132176871118528 join_beg 1 0
1587074463661817 132176871118528 join_end 0 0
1587074465617776 132176871118528 coll_beg 0 0
1587074468780061 132176871118528 coll_end 0 0
1587074470739229 132176871118528 drain_beg 0 0
1587074470741229 132176871118528 drain_end 1 0
1587074470742349 132176871118528 subm_beg 1 0
1587074470759868 132176862725824 emit_beg 1153 0
1587074472564293 132176871118528 subm_end 1 0
1587074472564852 132176871118528 pump_beg 1 0
1587074480099568 132176862725824 emit_end 1153 0
1587074484656471 132176871118528 pump_end 1 2
1587074484657361 132176871118528 join_beg 1 0
1587074484657881 132176871118528 join_end 0 0
1587074488129974 132176871118528 coll_beg 0 0
1587074492545793 132176871118528 coll_end 0 0
1587074495476546 132176862725824 emit_beg 1154 0
1587074502922375 132176862725824 emit_end 1154 0
1587074520427716 132176871118528 drain_beg 0 0
1587074520428936 132176871118528 drain_end 1 0
1587074520429526 132176871118528 subm_beg 1 0
1587074524023795 132176871118528 subm_end 1 0
1587074524024195 132176871118528 pump_beg 1 0
1587074535014893 132176871118528 pump_end 1 2
1587074535015303 132176871118528 join_beg 1 0
1587074535015503 132176871118528 join_end 0 0
1587074536868626 132176871118528 coll_beg 0 0
1587074540160326 132176871118528 coll_end 0 0
1587074541964120 132176871118528 drain_beg 0 0
1587074541964490 132176871118528 drain_end 1 0
1587074541964730 132176871118528 subm_beg 1 0
1587074541986459 132176862725824 emit_beg 1155 0
1587074543771194 132176871118528 subm_end 1 0
1587074543771554 132176871118528 pump_beg 1 0
1587074551040829 132176862725824 emit_end 1155 0
1587074554405846 132176871118528 pump_end 1 2
1587074554406396 132176871118528 join_beg 1 0
1587074554406596 132176871118528 join_end 0 0
1587074556272908 132176871118528 coll_beg 0 0
1587074559273768 132176871118528 coll_end 0 0
1587074561705269 132176862725824 emit_beg 1156 0
1587074568833979 132176862725824 emit_end 1156 0
1587074584632453 132176871118528 drain_beg 0 0
1587074584634393 132176871118528 drain_end 1 0
1587074584635193 132176871118528 subm_beg 1 0
1587074590084734 132176871118528 subm_end 1 0
1587074590086374 132176871118528 pump_beg 1 0
1587074600502214 132176871118528 pump_end 1 2
1587074600504184 132176871118528 join_beg 1 0
1587074600505553 132176871118528 join_end 0 0
1587074602419594 132176871118528 coll_beg 0 0
1587074605854868 132176871118528 coll_end 0 0
1587074607705631 132176871118528 drain_beg 0 0
1587074607706831 132176871118528 drain_end 1 0
1587074607707411 132176871118528 subm_beg 1 0
1587074607726770 132176862725824 emit_beg 1157 0
1587074609493426 132176871118528 subm_end 1 0
1587074609493905 132176871118528 pump_beg 1 0
1587074616735951 132176862725824 emit_end 1157 0
1587074620966287 132176871118528 pump_end 1 2
1587074620967457 132176871118528 join_beg 1 0
1587074620967887 132176871118528 join_end 0 0
1587074622790760 132176871118528 coll_beg 0 0
1587074628795971 132176871118528 coll_end 0 0
1587074631848630 132176862725824 emit_beg 1158 0
1587074639103595 132176862725824 emit_end 1158 0
1587074655619452 132176871118528 drain_beg 0 0
1587074655621782 132176871118528 drain_end 1 0
1587074655623002 132176871118528 subm_beg 1 0
1587074659305138 132176871118528 subm_end 1 0
1587074659306948 132176871118528 pump_beg 1 0
1587074668657876 132176871118528 pump_end 1 2
1587074668660016 132176871118528 join_beg 1 0
1587074668661006 132176871118528 join_end 0 0
1587074671827231 132176871118528 coll_beg 0 0
1587074673672613 132176871118528 coll_end 0 0
1587074675630152 132176871118528 drain_beg 0 0
1587074675631102 132176871118528 drain_end 1 0
1587074675631612 132176871118528 subm_beg 1 0
1587074675653211 132176862725824 emit_beg 1159 0
1587074677542742 132176871118528 subm_end 1 0
1587074677543112 132176871118528 pump_beg 1 0
1587074683506855 132176862725824 emit_end 1159 0
1587074687739730 132176871118528 pump_end 1 2
1587074687740640 132176871118528 join_beg 1 0
1587074687740990 132176871118528 join_end 0 0
1587074690422172 132176871118528 coll_beg 0 0
1587074693255459 132176871118528 coll_end 0 0
1587074696233640 132176862725824 emit_beg 1160 0
1587074704016836 132176862725824 emit_end 1160 0
1587074720532913 132176871118528 drain_beg 0 0
1587074720535533 132176871118528 drain_end 1 0
1587074720536513 132176871118528 subm_beg 1 0
1587074724398962 132176871118528 subm_end 1 0
1587074724399942 132176871118528 pump_beg 1 0
1587074734217314 132176871118528 pump_end 1 2
1587074734218944 132176871118528 join_beg 1 0
1587074734220114 132176871118528 join_end 0 0
1587074736200732 132176871118528 coll_beg 0 0
1587074738706580 132176871118528 coll_end 0 0
1587074740694058 132176871118528 drain_beg 0 0
1587074740694558 132176871118528 drain_end 1 0
1587074740694848 132176871118528 subm_beg 1 0
1587074740716287 132176862725824 emit_beg 1161 0
1587074744597215 132176871118528 subm_end 1 0
1587074744597545 132176871118528 pump_beg 1 0
1587074750608786 132176862725824 emit_end 1161 0
1587074755359562 132176871118528 pump_end 1 2
1587074755361112 132176871118528 join_beg 1 0
1587074755361902 132176871118528 join_end 0 0
1587074759248390 132176871118528 coll_beg 0 0
1587074764845436 132176871118528 coll_end 0 0
1587074767226189 132176862725824 emit_beg 1162 0
1587074775091642 132176862725824 emit_end 1162 0
1587074792400921 132176871118528 drain_beg 0 0
1587074792403741 132176871118528 drain_end 1 0
1587074792404901 132176871118528 subm_beg 1 0
1587074796395155 132176871118528 subm_end 1 0
1587074796397075 132176871118528 pump_beg 1 0
1587074807887826 132176871118528 pump_end 1 2
1587074807889205 132176871118528 join_beg 1 0
1587074807889695 132176871118528 join_end 0 0
1587074810048197 132176871118528 coll_beg 0 0
1587074813727722 132176871118528 coll_end 0 0
1587074815865404 132176871118528 drain_beg 0 0
1587074815866124 132176871118528 drain_end 1 0
1587074815866454 132176871118528 subm_beg 1 0
1587074815889104 132176862725824 emit_beg 1163 0
1587074817884511 132176871118528 subm_end 1 0
1587074817884941 132176871118528 pump_beg 1 0
1587074823849813 132176862725824 emit_end 1163 0
1587074828794602 132176871118528 pump_end 1 2
1587074828796002 132176871118528 join_beg 1 0
1587074828796792 132176871118528 join_end 0 0
1587074831763104 132176871118528 coll_beg 0 0
1587074836942045 132176871118528 coll_end 0 0
1587074839773652 132176862725824 emit_beg 1164 0
1587074847867246 132176862725824 emit_end 1164 0
1587074863238486 132176871118528 drain_beg 0 0
1587074863240815 132176871118528 drain_end 1 0
1587074863241875 132176871118528 subm_beg 1 0
1587074869206708 132176871118528 subm_end 1 0
1587074869208428 132176871118528 pump_beg 1 0
1587074881298387 132176871118528 pump_end 1 2
1587074881300776 132176871118528 join_beg 1 0
1587074881301896 132176871118528 join_end 0 0
1587074883445688 132176871118528 coll_beg 0 0
1587074889388081 132176871118528 coll_end 0 0
1587074891479065 132176871118528 drain_beg 0 0
1587074891479955 132176871118528 drain_end 1 0
1587074891480645 132176871118528 subm_beg 1 0
1587074891501574 132176862725824 emit_beg 1165 0
1587074893483602 132176871118528 subm_end 1 0
1587074893484192 132176871118528 pump_beg 1 0
1587074899632317 132176862725824 emit_end 1165 0
1587074904142913 132176871118528 pump_end 1 2
1587074904143333 132176871118528 join_beg 1 0
1587074904143623 132176871118528 join_end 0 0
1587074908069049 132176871118528 coll_beg 0 0
1587074910836319 132176871118528 coll_end 0 0
1587074914176227 132176862725824 emit_beg 1166 0
1587074922028380 132176862725824 emit_end 1166 0
1587074940531235 132176871118528 drain_beg 0 0
1587074940533705 132176871118528 drain_end 1 0
1587074940534535 132176871118528 subm_beg 1 0
1587074946527196 132176871118528 subm_end 1 0
1587074946529016 132176871118528 pump_beg 1 0
1587074954491065 132176871118528 pump_end 1 2
1587074954492365 132176871118528 join_beg 1 0
1587074954493245 132176871118528 join_end 0 0
1587074956586449 132176871118528 coll_beg 0 0
1587074957650600 132176871118528 coll_end 0 0
1587074959714025 132176871118528 drain_beg 0 0
1587074959714755 132176871118528 drain_end 1 0
1587074959715175 132176871118528 subm_beg 1 0
1587074959736464 132176862725824 emit_beg 1167 0
1587074961717852 132176871118528 subm_end 1 0
1587074961718312 132176871118528 pump_beg 1 0
1587074969583355 132176862725824 emit_end 1167 0
1587074975428521 132176871118528 pump_end 1 2
1587074975429251 132176871118528 join_beg 1 0
1587074975429611 132176871118528 join_end 0 0
1587074978666123 132176871118528 coll_beg 0 0
1587074985650048 132176871118528 coll_end 0 0
1587074987624706 132176862725824 emit_beg 1168 0
1587074995512068 132176862725824 emit_end 1168 0
1587074997379960 132176871118528 drain_beg 0 0
1587074997382200 132176871118528 drain_end 1 0
1587074997382960 132176871118528 subm_beg 1 0
1587074999407566 132176871118528 subm_end 1 0
1587074999413876 132176871118528 pump_beg 1 0
1587075009472549 132176871118528 pump_end 1 2
1587075009473249 132176871118528 join_beg 1 0
1587075009473549 132176871118528 join_end 0 0
1587075011691758 132176871118528 coll_beg 0 0
1587075015615245 132176871118528 coll_end 0 0
1587075017563334 132176862725824 emit_beg 1169 0
1587075025302591 132176862725824 emit_end 1169 0
1587075042782743 132176871118528 drain_beg 0 0
1587075042784743 132176871118528 drain_end 1 0
1587075042785513 132176871118528 subm_beg 1 0
1587075046691211 132176871118528 subm_end 1 0
1587075046693041 132176871118528 pump_beg 1 0
1587075057135340 132176871118528 pump_end 1 2
1587075057137650 132176871118528 join_beg 1 0
1587075057139090 132176871118528 join_end 0 0
1587075059287551 132176871118528 coll_beg 0 0
1587075063352343 132176871118528 coll_end 0 0
1587075065471325 132176871118528 drain_beg 0 0
1587075065472025 132176871118528 drain_end 1 0
1587075065472385 132176871118528 subm_beg 1 0
1587075065497395 132176862725824 emit_beg 1170 0
1587075067459713 132176871118528 subm_end 1 0
1587075067460073 132176871118528 pump_beg 1 0
1587075073419215 132176862725824 emit_end 1170 0
1587075078487150 132176871118528 pump_end 1 2
1587075078487590 132176871118528 join_beg 1 0
1587075078487790 132176871118528 join_end 0 0
1587075081163693 132176871118528 coll_beg 0 0
1587075086357413 132176871118528 coll_end 0 0
1587075088961998 132176862725824 emit_beg 1171 0
1587075096199784 132176862725824 emit_end 1171 0
1587075110617368 132176871118528 drain_beg 0 0
1587075110618528 132176871118528 drain_end 1 0
1587075110618918 132176871118528 subm_beg 1 0
1587075114140439 132176871118528 subm_end 1 0
1587075114141089 132176871118528 pump_beg 1 0
1587075124278609 132176871118528 pump_end 1 2
1587075124279169 132176871118528 join_beg 1 0
1587075124279459 132176871118528 join_end 0 0
1587075126270777 132176871118528 coll_beg 0 0
1587075129260118 132176871118528 coll_end 0 0
1587075131139009 132176862725824 emit_beg 1172 0
1587075132995321 132176871118528 drain_beg 0 0
1587075132997671 132176871118528 drain_end 1 0
1587075132998451 132176871118528 subm_beg 1 0
1587075138341366 132176871118528 subm_end 1 0
1587075138342076 132176871118528 pump_beg 1 0
1587075140253706 132176862725824 emit_end 1172 0
1587075146495429 132176871118528 pump_end 1 2
1587075146496099 132176871118528 join_beg 1 0
1587075146496579 132176871118528 join_end 0 0
1587075149453561 132176871118528 coll_beg 0 0
1587075150634508 132176871118528 coll_end 0 0
1587075153115207 132176862725824 emit_beg 1173 0
1587075160361273 132176862725824 emit_end 1173 0
1587075174130540 132176871118528 drain_beg 0 0
1587075174132170 132176871118528 drain_end 1 0
1587075174132730 132176871118528 subm_beg 1 0
1587075177718749 132176871118528 subm_end 1 0
1587075177719109 132176871118528 pump_beg 1 0
1587075189804558 132176871118528 pump_end 1 2
1587075189819218 132176871118528 join_beg 1 0
1587075189821948 132176871118528 join_end 0 0
1587075192315196 132176871118528 coll_beg 0 0
1587075196362459 132176871118528 coll_end 0 0
1587075198446093 132176871118528 drain_beg 0 0
1587075198448863 132176871118528 drain_end 1 0
1587075198450563 132176871118528 subm_beg 1 0
1587075198479962 132176862725824 emit_beg 1174 0
1587075200314265 132176871118528 subm_end 1 0
1587075200314995 132176871118528 pump_beg 1 0
1587075207593919 132176862725824 emit_end 1174 0
1587075210309450 132176871118528 pump_end 1 2
1587075210310440 132176871118528 join_beg 1 0
1587075210310850 132176871118528 join_end 0 0
1587075213350159 132176871118528 coll_beg 0 0
1587075215568928 132176871118528 coll_end 0 0
1587075219359660 132176862725824 emit_beg 1175 0
1587075226614175 132176862725824 emit_end 1175 0
1587075241740073 132176871118528 drain_beg 0 0
1587075241741113 132176871118528 drain_end 1 0
1587075241741573 132176871118528 subm_beg 1 0
1587075245356481 132176871118528 subm_end 1 0
1587075245357001 132176871118528 pump_beg 1 0
1587075255097995 132176871118528 pump_end 1 2
1587075255098755 132176871118528 join_beg 1 0
1587075255099065 132176871118528 join_end 0 0
1587075257088613 132176871118528 coll_beg 0 0
1587075259535194 132176871118528 coll_end 0 0
1587075261477493 132176862725824 emit_beg 1176 0
1587075268791556 132176862725824 emit_end 1176 0
1587075270513283 132176871118528 drain_beg 0 0
1587075270514343 132176871118528 drain_end 1 0
1587075270514833 132176871118528 subm_beg 1 0
1587075272313377 132176871118528 subm_end 1 0
1587075272314067 132176871118528 pump_beg 1 0
1587075282373030 132176871118528 pump_end 1 2
1587075282374120 132176871118528 join_beg 1 0
1587075282375000 132176871118528 join_end 0 0
1587075284235772 132176871118528 coll_beg 0 0
1587075287119587 132176871118528 coll_end 0 0
1587075288999408 132176862725824 emit_beg 1177 0
1587075296270133 132176862725824 emit_end 1177 0
1587075298064997 132176871118528 drain_beg 0 0
1587075298065927 132176871118528 drain_end 1 0
1587075298066467 132176871118528 subm_beg 1 0
1587075299860202 132176871118528 subm_end 1 0
1587075299861102 132176871118528 pump_beg 1 0
1587075310920398 132176871118528 pump_end 1 2
1587075310921418 132176871118528 join_beg 1 0
1587075310921888 132176871118528 join_end 0 0
1587075313811873 132176871118528 coll_beg 0 0
1587075317249397 132176871118528 coll_end 0 0
1587075319118569 132176862725824 emit_beg 1178 0
1587075326496460 132176862725824 emit_end 1178 0
1587075328234626 132176871118528 drain_beg 0 0
1587075328235546 132176871118528 drain_end 1 0
1587075328236266 132176871118528 subm_beg 1 0
1587075330044250 132176871118528 subm_end 1 0
1587075330045210 132176871118528 pump_beg 1 0
1587075341503382 132176871118528 pump_end 1 2
1587075341505482 132176871118528 join_beg 1 0
1587075341506082 132176871118528 join_end 0 0
1587075344572850 132176871118528 coll_beg 0 0
1587075348290314 132176871118528 coll_end 0 0
1587075350128237 132176862725824 emit_beg 1179 0
1587075355797970 132176862725824 emit_end 1179 0
1587075372662865 132176871118528 drain_beg 0 0
1587075372664975 132176871118528 drain_end 1 0
1587075372666205 132176871118528 subm_beg 1 0
1587075376342851 132176871118528 subm_end 1 0
1587075376344581 132176871118528 pump_beg 1 0
1587075387481794 132176871118528 pump_end 1 2
1587075387482674 132176871118528 join_beg 1 0
1587075387483224 132176871118528 join_end 0 0
1587075389415184 132176871118528 coll_beg 0 0
1587075392782711 132176871118528 coll_end 0 0
1587075394597595 132176871118528 drain_beg 0 0
1587075394598295 132176871118528 drain_end 1 0
1587075394598785 132176871118528 subm_beg 1 0
1587075394624754 132176862725824 emit_beg 1180 0
1587075396392389 132176871118528 subm_end 1 0
1587075396392789 132176871118528 pump_beg 1 0
1587075401916058 132176862725824 emit_end 1180 0
1587075403885776 132176871118528 pump_end 1 2
1587075403886616 132176871118528 join_beg 1 0
1587075403886876 132176871118528 join_end 0 0
1587075405655281 132176871118528 coll_beg 0 0
1587075406268159 132176871118528 coll_end 0 0
1587075409178383 132176862725824 emit_beg 1181 0
1587075416402369 132176862725824 emit_end 1181 0
1587075433777955 132176871118528 drain_beg 0 0
1587075433779905 132176871118528 drain_end 1 0
1587075433780675 132176871118528 subm_beg 1 0
1587075439213226 132176871118528 subm_end 1 0
1587075439214786 132176871118528 pump_beg 1 0
1587075448203848 132176871118528 pump_end 1 2
1587075448205078 132176871118528 join_beg 1 0
1587075448205568 132176871118528 join_end 0 0
1587075450167757 132176871118528 coll_beg 0 0
1587075452072817 132176871118528 coll_end 0 0
1587075453910160 132176862725824 emit_beg 1182 0
1587075461160005 132176862725824 emit_end 1182 0
1587075462969930 132176871118528 drain_beg 0 0
1587075462970459 132176871118528 drain_end 1 0
1587075462970729 132176871118528 subm_beg 1 0
1587075464758294 132176871118528 subm_end 1 0
1587075464758714 132176871118528 pump_beg 1 0
1587075476443448 132176871118528 pump_end 1 2
1587075476444208 132176871118528 join_beg 1 0
1587075476444408 132176871118528 join_end 0 0
1587075478747304 132176871118528 coll_beg 0 0
1587075482262285 132176871118528 coll_end 0 0
1587075484224024 132176862725824 emit_beg 1183 0
1587075492131535 132176862725824 emit_end 1183 0
1587075493973558 132176871118528 drain_beg 0 0
1587075493974368 132176871118528 drain_end 1 0
1587075493974678 132176871118528 subm_beg 1 0
1587075495939266 132176871118528 subm_end 1 0
1587075495939696 132176871118528 pump_beg 1 0
1587075504255853 132176871118528 pump_end 1 2
1587075504256603 132176871118528 join_beg 1 0
1587075504256823 132176871118528 join_end 0 0
1587075507292082 132176871118528 coll_beg 0 0
1587075509360747 132176871118528 coll_end 0 0
1587075511438321 132176862725824 emit_beg 1184 0
1587075519181558 132176862725824 emit_end 1184 0
1587075535092277 132176871118528 drain_beg 0 0
1587075535092747 132176871118528 drain_end 1 0
1587075535093067 132176871118528 subm_beg 1 0
1587075538975156 132176871118528 subm_end 1 0
1587075538975576 132176871118528 pump_beg 1 0
1587075550670199 132176871118528 pump_end 1 2
1587075550670919 132176871118528 join_beg 1 0
1587075550671619 132176871118528 join_end 0 0
1587075552613328 132176871118528 coll_beg 0 0
1587075556708179 132176871118528 coll_end 0 0
1587075558728675 132176871118528 drain_beg 0 0
1587075558729335 132176871118528 drain_end 1 0
1587075558729695 132176871118528 subm_beg 1 0
1587075558730865 132176862725824 emit_beg 1185 0
1587075560646285 132176871118528 subm_end 1 0
1587075560646775 132176871118528 pump_beg 1 0
1587075566940775 132176862725824 emit_end 1185 0
1587075571993991 132176871118528 pump_end 1 2
1587075571997931 132176871118528 join_beg 1 0
1587075571999201 132176871118528 join_end 0 0
1587075574586656 132176871118528 coll_beg 0 0
1587075577894895 132176871118528 coll_end 0 0
1587075580512240 132176862725824 emit_beg 1186 0
1587075590203416 132176862725824 emit_end 1186 0
1587075605539647 132176871118528 drain_beg 0 0
1587075605542147 132176871118528 drain_end 1 0
1587075605543347 132176871118528 subm_beg 1 0
1587075611356664 132176871118528 subm_end 1 0
1587075611357594 132176871118528 pump_beg 1 0
1587075623678265 132176871118528 pump_end 1 2
1587075623680095 132176871118528 join_beg 1 0
1587075623680945 132176871118528 join_end 0 0
1587075626836969 132176871118528 coll_beg 0 0
1587075630887232 132176871118528 coll_end 0 0
1587075632939007 132176871118528 drain_beg 0 0
1587075632939657 132176871118528 drain_end 1 0
1587075632940227 132176871118528 subm_beg 1 0
1587075632960656 132176862725824 emit_beg 1187 0
1587075634863917 132176871118528 subm_end 1 0
1587075634864307 132176871118528 pump_beg 1 0
1587075641101149 132176862725824 emit_end 1187 0
1587075642697791 132176871118528 pump_end 1 2
1587075642698651 132176871118528 join_beg 1 0
1587075642698891 132176871118528 join_end 0 0
1587075644906720 132176871118528 coll_beg 0 0
1587075646566639 132176871118528 coll_end 0 0
1587075649300840 132176862725824 emit_beg 1188 0
1587075657115805 132176862725824 emit_end 1188 0
1587075675852871 132176871118528 drain_beg 0 0
1587075675855421 132176871118528 drain_end 1 0
1587075675856391 132176871118528 subm_beg 1 0
1587075679787947 132176871118528 subm_end 1 0
1587075679788877 132176871118528 pump_beg 1 0
1587075691731611 132176871118528 pump_end 1 2
1587075691732341 132176871118528 join_beg 1 0
1587075691732691 132176871118528 join_end 0 0
1587075693781716 132176871118528 coll_beg 0 0
1587075697410734 132176871118528 coll_end 0 0
1587075699442240 132176871118528 drain_beg 0 0
1587075699442890 132176871118528 drain_end 1 0
1587075699443210 132176871118528 subm_beg 1 0
1587075699464189 132176862725824 emit_beg 1189 0
1587075701377499 132176871118528 subm_end 1 0
1587075701377889 132176871118528 pump_beg 1 0
1587075709329609 132176862725824 emit_end 1189 0
1587075711366855 132176871118528 pump_end 1 2
1587075711367835 132176871118528 join_beg 1 0
1587075711368265 132176871118528 join_end 0 0
1587075715133157 132176871118528 coll_beg 0 0
1587075718305681 132176871118528 coll_end 0 0
1587075721032212 132176862725824 emit_beg 1190 0
1587075728749370 132176862725824 emit_end 1190 0
1587075745376714 132176871118528 drain_beg 0 0
1587075745377874 132176871118528 drain_end 1 0
1587075745378334 132176871118528 subm_beg 1 0
1587075751225200 132176871118528 subm_end 1 0
1587075751232600 132176871118528 pump_beg 1 0
1587075761798594 132176871118528 pump_end 1 2
1587075761799154 132176871118528 join_beg 1 0
1587075761799494 132176871118528 join_end 0 0
1587075763834480 132176871118528 coll_beg 0 0
1587075766916408 132176871118528 coll_end 0 0
1587075768960373 132176871118528 drain_beg 0 0
1587075768960993 132176871118528 drain_end 1 0
1587075768961473 132176871118528 subm_beg 1 0
1587075768981722 132176862725824 emit_beg 1191 0
1587075770925081 132176871118528 subm_end 1 0
1587075770925451 132176871118528 pump_beg 1 0
1587075778688068 132176862725824 emit_end 1191 0
1587075781871652 132176871118528 pump_end 1 2
1587075781872652 132176871118528 join_beg 1 0
1587075781872912 132176871118528 join_end 0 0
1587075784809355 132176871118528 coll_beg 0 0
1587075788547268 132176871118528 coll_end 0 0
1587075790776337 132176862725824 emit_beg 1192 0
1587075798506635 132176862725824 emit_end 1192 0
1587075816235648 132176871118528 drain_beg 0 0
1587075816237768 132176871118528 drain_end 1 0
1587075816238698 132176871118528 subm_beg 1 0
1587075822137182 132176871118528 subm_end 1 0
1587075822138152 132176871118528 pump_beg 1 0
1587075833494178 132176871118528 pump_end 1 2
1587075833494808 132176871118528 join_beg 1 0
1587075833495158 132176871118528 join_end 0 0
1587075835610961 132176871118528 coll_beg 0 0
1587075839408732 132176871118528 coll_end 0 0
1587075841621401 132176871118528 drain_beg 0 0
1587075841621921 132176871118528 drain_end 1 0
1587075841622231 132176871118528 subm_beg 1 0
1587075841644180 132176862725824 emit_beg 1193 0
1587075843667057 132176871118528 subm_end 1 0
1587075843667477 132176871118528 pump_beg 1 0
1587075851692314 132176862725824 emit_end 1193 0
1587075855068551 132176871118528 pump_end 1 2
1587075855069501 132176871118528 join_beg 1 0
1587075855069821 132176871118528 join_end 0 0
1587075857702574 132176871118528 coll_beg 0 0
1587075862048426 132176871118528 coll_end 0 0
1587075865413333 132176862725824 emit_beg 1194 0
1587075873420591 132176862725824 emit_end 1194 0
1587075890102792 132176871118528 drain_beg 0 0
1587075890105302 132176871118528 drain_end 1 0
1587075890106492 132176871118528 subm_beg 1 0
1587075895896301 132176871118528 subm_end 1 0
1587075895898181 132176871118528 pump_beg 1 0
1587075907004795 132176871118528 pump_end 1 2
1587075907005985 132176871118528 join_beg 1 0
1587075907006645 132176871118528 join_end 0 0
1587075908880447 132176871118528 coll_beg 0 0
1587075912343010 132176871118528 coll_end 0 0
1587075914232342 132176871118528 drain_beg 0 0
1587075914233232 132176871118528 drain_end 1 0
1587075914234052 132176871118528 subm_beg 1 0
1587075914237211 132176862725824 emit_beg 1195 0
1587075916091164 132176871118528 subm_end 1 0
1587075916091594 132176871118528 pump_beg 1 0
1587075921711269 132176862725824 emit_end 1195 0
1587075926674617 132176871118528 pump_end 1 2
1587075926675147 132176871118528 join_beg 1 0
1587075926675377 132176871118528 join_end 0 0
1587075929438897 132176871118528 coll_beg 0 0
1587075933051635 132176871118528 coll_end 0 0
1587075935019843 132176862725824 emit_beg 1196 0
1587075942456582 132176862725824 emit_end 1196 0
1587075959807518 132176871118528 drain_beg 0 0
1587075959809608 132176871118528 drain_end 1 0
1587075959810438 132176871118528 subm_beg 1 0
1587075965302188 132176871118528 subm_end 1 0
1587075965303098 132176871118528 pump_beg 1 0
1587075976677103 132176871118528 pump_end 1 2
1587075976677633 132176871118528 join_beg 1 0
1587075976677903 132176871118528 join_end 0 0
1587075978586033 132176871118528 coll_beg 0 0
1587075982081146 132176871118528 coll_end 0 0
1587075983950757 132176871118528 drain_beg 0 0
1587075983951447 132176871118528 drain_end 1 0
1587075983951777 132176871118528 subm_beg 1 0
1587075983956207 132176862725824 emit_beg 1197 0
1587075985812499 132176871118528 subm_end 1 0
1587075985812909 132176871118528 pump_beg 1 0
1587075993252648 132176862725824 emit_end 1197 0
1587075997518252 132176871118528 pump_end 1 2
1587075997518722 132176871118528 join_beg 1 0
1587075997530352 132176871118528 join_end 0 0
1587075999419883 132176871118528 coll_beg 0 0
1587076003618460 132176871118528 coll_end 0 0
1587076006852842 132176862725824 emit_beg 1198 0
1587076014362207 132176862725824 emit_end 1198 0
1587076030529737 132176871118528 drain_beg 0 0
1587076030531857 132176871118528 drain_end 1 0
1587076030532657 132176871118528 subm_beg 1 0
1587076036024957 132176871118528 subm_end 1 0
1587076036025877 132176871118528 pump_beg 1 0
1587076046044991 132176871118528 pump_end 1 2
1587076046045491 132176871118528 join_beg 1 0
1587076046045691 132176871118528 join_end 0 0
1587076048070207 132176871118528 coll_beg 0 0
1587076050762209 132176871118528 coll_end 0 0
1587076052617561 132176871118528 drain_beg 0 0
1587076052618011 132176871118528 drain_end 1 0
1587076052618311 132176871118528 subm_beg 1 0
1587076052623971 132176862725824 emit_beg 1199 0
1587076054430305 132176871118528 subm_end 1 0
1587076054430695 132176871118528 pump_beg 1 0
1587076060132037 132176862725824 emit_end 1199 0
1587076066514914 132176871118528 pump_end 1 2
1587076066515724 132176871118528 join_beg 1 0
1587076066515944 132176871118528 join_end 0 0
1587076068406835 132176871118528 coll_beg 0 0
1587076072815884 132176871118528 coll_end 0 0
1587076075762897 132176862725824 emit_beg 1200 0
1587076083177266 132176862725824 emit_end 1200 0
1587076099773940 132176871118528 drain_beg 0 0
1587076099774970 132176871118528 drain_end 1 0
1587076099775530 132176871118528 subm_beg 1 0
1587076103473535 132176871118528 subm_end 1 0
1587076103473985 132176871118528 pump_beg 1 0
1587076114036350 132176871118528 pump_end 1 2
1587076114036830 132176871118528 join_beg 1 0
1587076114037280 132176871118528 join_end 0 0
1587076116654595 132176871118528 coll_beg 0 0
1587076119739422 132176871118528 coll_end 0 0
1587076121621853 132176871118528 drain_beg 0 0
1587076121622453 132176871118528 drain_end 1 0
1587076121622773 132176871118528 subm_beg 1 0
1587076121628323 132176862725824 emit_beg 1201 0
1587076123521394 132176871118528 subm_end 1 0
1587076123521824 132176871118528 pump_beg 1 0
1587076130261668 132176871118528 pump_end 1 2
1587076130262138 132176871118528 join_beg 1 0
1587076130954513 132176862725824 emit_end 1201 0
1587076130958542 132176871118528 join_end 0 0
1587076132832104 132176871118528 coll_beg 0 0
1587076132849504 132176871118528 coll_end 0 0
1587076134701266 132176862725824 emit_beg 1202 0
1587076142020099 132176862725824 emit_end 1202 0
1587076160704757 132176871118528 drain_beg 0 0
1587076160706727 132176871118528 drain_end 1 0
1587076160707477 132176871118528 subm_beg 1 0
1587076166368390 132176871118528 subm_end 1 0
1587076166370030 132176871118528 pump_beg 1 0
1587076178640272 132176871118528 pump_end 1 2
1587076178640902 132176871118528 join_beg 1 0
1587076178641382 132176871118528 join_end 0 0
1587076181546206 132176871118528 coll_beg 0 0
1587076185920047 132176871118528 coll_end 0 0
1587076187879475 132176871118528 drain_beg 0 0
1587076187880265 132176871118528 drain_end 1 0
1587076187880765 132176871118528 subm_beg 1 0
1587076187886335 132176862725824 emit_beg 1203 0
1587076189708879 132176871118528 subm_end 1 0
1587076189709299 132176871118528 pump_beg 1 0
1587076197253453 132176862725824 emit_end 1203 0
1587076201517238 132176871118528 pump_end 1 2
1587076201517708 132176871118528 join_beg 1 0
1587076201517918 132176871118528 join_end 0 0
1587076203786285 132176871118528 coll_beg 0 0
1587076207526618 132176871118528 coll_end 0 0
1587076210639925 132176862725824 emit_beg 1204 0
1587076218066944 132176862725824 emit_end 1204 0
1587076236332387 132176871118528 drain_beg 0 0
1587076236337717 132176871118528 drain_end 1 0
1587076236339327 132176871118528 subm_beg 1 0
1587076240037792 132176871118528 subm_end 1 0
1587076240038372 132176871118528 pump_beg 1 0
1587076251748024 132176871118528 pump_end 1 2
1587076251750354 132176871118528 join_beg 1 0
1587076251751094 132176871118528 join_end 0 0
1587076253737492 132176871118528 coll_beg 0 0
1587076258742629 132176871118528 coll_end 0 0
1587076260724767 132176871118528 drain_beg 0 0
1587076260737017 132176871118528 drain_end 1 0
1587076260738186 132176871118528 subm_beg 1 0
1587076260726107 132176862725824 emit_beg 1205 0
1587076264411173 132176871118528 subm_end 1 0
1587076264412072 132176871118528 pump_beg 1 0
1587076270028737 132176862725824 emit_end 1205 0
1587076274748075 132176871118528 pump_end 1 2
1587076274748585 132176871118528 join_beg 1 0
1587076274748955 132176871118528 join_end 0 0
1587076276590208 132176871118528 coll_beg 0 0
1587076279522711 132176871118528 coll_end 0 0
1587076282053989 132176862725824 emit_beg 1206 0
1587076289408940 132176862725824 emit_end 1206 0
1587076306684490 132176871118528 drain_beg 0 0
1587076306686510 132176871118528 drain_end 1 0
1587076306687320 132176871118528 subm_beg 1 0
1587076312118431 132176871118528 subm_end 1 0
1587076312120091 132176871118528 pump_beg 1 0
1587076322942526 132176871118528 pump_end 1 2
1587076322943796 132176871118528 join_beg 1 0
1587076322944146 132176871118528 join_end 0 0
1587076325197084 132176871118528 coll_beg 0 0
1587076328445616 132176871118528 coll_end 0 0
1587076330620916 132176871118528 drain_beg 0 0
1587076330621536 132176871118528 drain_end 1 0
1587076330621906 132176871118528 subm_beg 1 0
1587076330642685 132176862725824 emit_beg 1207 0
1587076332684301 132176871118528 subm_end 1 0
1587076332684691 132176871118528 pump_beg 1 0
1587076338695272 132176862725824 emit_end 1207 0
1587076344438142 132176871118528 pump_end 1 2
1587076344438632 132176871118528 join_beg 1 0
1587076344439002 132176871118528 join_end 0 0
1587076346688770 132176871118528 coll_beg 0 0
1587076351482145 132176871118528 coll_end 0 0
1587076354560093 132176862725824 emit_beg 1208 0
1587076362466864 132176862725824 emit_end 1208 0
1587076381257668 132176871118528 drain_beg 0 0
1587076381260268 132176871118528 drain_end 1 0
1587076381261278 132176871118528 subm_beg 1 0
1587076385191725 132176871118528 subm_end 1 0
1587076385192195 132176871118528 pump_beg 1 0
1587076396364407 132176871118528 pump_end 1 2
1587076396366177 132176871118528 join_beg 1 0
1587076396366967 132176871118528 join_end 0 0
1587076398436801 132176871118528 coll_beg 0 0
1587076402233853 132176871118528 coll_end 0 0
1587076404337026 132176871118528 join_beg 1 0
1587076404359485 132176862725824 emit_beg 1209 0
1587076409638123 132176862725824 emit_end 1209 0
1587076409643092 132176871118528 join_end 0 0
