# perfbase mono_ns 2146835310072248 real_ns 1786112228682798167
2146835310119397 137946042775232 wait_beg 0 0 0 0 0 0
2146835325932860 137946056009600 cliack 1 0 1 0 0 0
2146837912687568 137946042775232 wait_end 0 0 0 0 0 0
2146837912691557 137946042775232 drain_beg 0 0 0 0 0 0
2146837912693767 137946042775232 drain_end 1 0 0 0 0 0
2146837912694057 137946042775232 take 1 0 0 0 0 0
2146837912694817 137946042775232 subm_beg 1 0 0 0 0 0
2146837912654899 137946056009600 msgin 1 4718592 0 0 0 0
2146837912661328 137946056009600 enq 1 1 0 0 0 0
2146837924604583 137946042775232 submit 1 0 0 0 0 0
2146837924605103 137946042775232 subm_end 1 0 0 0 0 0
2146837924605163 137946042775232 pump_beg 1 0 0 0 0 0
2146837928868517 137946056009600 msgin 2 4718592 0 0 0 0
2146837928869097 137946056009600 enq 2 1 0 0 0 0
2146838023299522 137946042775232 feedend 0 1 0 0 0 0
2146838024785548 137946042775232 outfirst 0 1 296 0 0 0
2146838026879411 137946042775232 feedend 0 0 0 0 0 0
2146838028404906 137946042775232 outfirst 0 0 296 0 0 0
2146838035535016 137946042775232 pump_end 1 2 0 0 0 0
2146838035535436 137946042775232 book_beg 1 0 0 0 0 0
2146838035539885 137946042775232 batch 1 1 1 2 2 0
2146838035540095 137946042775232 book_end 1 0 0 0 0 0
2146838035540145 137946042775232 coll_beg 0 0 0 0 0 0
2146838035733648 137946042775232 coll_end 0 0 0 0 0 0
2146838035733708 137946042775232 rel_beg 1 0 0 0 0 0
2146838035734498 137946042775232 absorb 1 0 0 0 0 0
2146838035742268 137946042775232 rel_end 1 0 0 0 0 0
2146838035744428 137946042775232 wait_beg 0 0 0 0 0 0
2146838035746028 137946042775232 wait_end 0 0 0 0 0 0
2146838035748438 137946042775232 drain_beg 0 0 0 0 0 0
2146838035748818 137946042775232 drain_end 1 0 0 0 0 0
2146838035749308 137946042775232 take 2 0 0 0 0 0
2146838035749468 137946042775232 subm_beg 1 0 0 0 0 0
2146838035749958 137946042775232 submit 2 0 0 0 0 0
2146838035750028 137946042775232 subm_end 1 0 0 0 0 0
2146838035750148 137946042775232 pump_beg 1 0 0 0 0 0
2146838036189752 137946042775232 feedend 1 0 0 0 0 0
2146838036194732 137946042775232 feedend 1 1 0 0 0 0
2146838039646216 137946042775232 outfirst 1 1 65536 0 0 0
2146838039914936 137946042775232 outfirst 1 0 65536 0 0 0
2146838039930375 137946042775232 pump_end 1 2 0 0 0 0
2146838039930525 137946042775232 join_beg 1 0 0 0 0 0
2146838039931165 137946042775232 join_end 0 0 0 0 0 0
2146838039931205 137946042775232 book_beg 1 0 0 0 0 0
2146838039931335 137946042775232 batch 2 1 1 2 2 0
2146838039931365 137946042775232 book_end 1 0 0 0 0 0
2146838039931395 137946042775232 coll_beg 0 0 0 0 0 0
2146838040041961 137946042775232 coll_end 0 0 0 0 0 0
2146838040042091 137946042775232 rel_beg 1 0 0 0 0 0
2146838040042181 137946042775232 absorb 2 0 0 0 0 0
2146838040045191 137946042775232 rel_end 1 0 0 0 0 0
2146838040046581 137946042775232 wait_beg 0 0 0 0 0 0
2146838040047441 137946042775232 wait_end 0 0 0 0 0 0
2146838040048591 137946042775232 drain_beg 0 0 0 0 0 0
2146838040048851 137946042775232 drain_end 1 0 0 0 0 0
2146838040049091 137946042775232 take 3 0 0 0 0 0
2146838040049171 137946042775232 subm_beg 1 0 0 0 0 0
2146838040049251 137946042775232 submit 3 0 0 0 0 0
2146838040049281 137946042775232 subm_end 1 0 0 0 0 0
2146838040049311 137946042775232 pump_beg 1 0 0 0 0 0
2146838040307122 137946042775232 feedend 2 0 0 0 0 0
2146838040436247 137946042775232 feedend 2 1 0 0 0 0
2146838035769817 137946056009600 ackslot 1 0 1 0 1 0
2146838035993919 137946056009600 send 18 0 0 0 0 2
2146838036538979 137946056009600 send 182270 0 0 0 0 2
2146838036876417 137946056009600 send 150254 0 0 0 0 2
2146838036879707 137946056009600 send 14 0 0 0 0 2
2146838036880177 137946056009600 egress 1 1 0 0 0 0
2146838036880717 137946056009600 ackregion 1 1 1 0 1 0
2146838037329980 137946056009600 cliack 1 0 2 1 0 0
2146838039755462 137946056009600 msgin 3 4718592 0 0 0 0
2146838039757402 137946056009600 enq 3 1 0 0 0 0
2146838040059571 137946056009600 ackslot 2 1 2 1 1 0
2146838040190526 137946056009600 send 18 0 0 1 1 2
2146838035769907 137945960937152 emit_beg 1 0 0 0 0 0
2146838035842284 137945960937152 dmg 0 1 0 0 1024 768
2146838035842464 137945960937152 enc 0 0 1 -1 -1 0
2146838036018088 137945960937152 emit_end 1 0 0 0 0 0
2146838040050751 137945960937152 emit_beg 2 0 0 0 0 0
2146838040052201 137945960937152 dmg 0 1 0 0 1024 768
2146838040052571 137945960937152 enc 1 1 1 -1 -1 0
2146838040074710 137945960937152 emit_end 2 0 0 0 0 0
2146838044431691 137946042775232 outfirst 2 0 65536 0 0 0
2146838047653204 137946042775232 outfirst 2 1 65536 0 0 0
2146838047679383 137946042775232 pump_end 1 2 0 0 0 0
2146838047679543 137946042775232 join_beg 1 0 0 0 0 0
2146838047679703 137946042775232 join_end 0 0 0 0 0 0
2146838047679773 137946042775232 book_beg 1 0 0 0 0 0
2146838047679923 137946042775232 batch 3 1 1 2 2 0
2146838047680063 137946042775232 book_end 1 0 0 0 0 0
2146838047680213 137946042775232 coll_beg 0 0 0 0 0 0
2146838047801348 137946042775232 coll_end 0 0 0 0 0 0
2146838047801578 137946042775232 rel_beg 1 0 0 0 0 0
2146838047801818 137946042775232 absorb 3 0 0 0 0 0
2146838047803928 137946042775232 rel_end 1 0 0 0 0 0
2146838047806968 137946042775232 wait_beg 0 0 0 0 0 0
2146838040787704 137946056009600 send 167073 0 0 1 1 2
2146838041124782 137946056009600 send 134338 0 0 1 1 2
2146838041128352 137946056009600 send 14 0 0 1 1 2
2146838041128672 137946056009600 egress 2 1 0 1 0 0
2146838041128932 137946056009600 ackregion 2 2 2 1 1 0
2146838041747979 137946056009600 cliack 2 0 3 2 0 0
2146838047830797 137946056009600 ackslot 3 2 3 2 1 0
2146838047883795 137946056009600 send 18 0 0 2 2 2
2146838048486823 137946056009600 send 157783 0 0 2 2 2
2146838048909368 137946056009600 send 120748 0 0 2 2 2
2146838048916457 137946056009600 send 14 0 0 2 2 2
2146838048916667 137946056009600 egress 3 1 0 2 0 0
2146838048916777 137946056009600 ackregion 3 3 3 2 1 0
2146838049350292 137946056009600 cliack 3 0 4 3 0 0
2146838047812068 137945960937152 emit_beg 3 0 0 0 0 0
2146838047814878 137945960937152 dmg 0 1 0 0 1024 768
2146838047815038 137945960937152 enc 2 2 1 -1 -1 0
2146838047841137 137945960937152 emit_end 3 0 0 0 0 0
2146838056075596 137946042775232 wait_end 0 0 0 0 0 0
2146838056080366 137946042775232 drain_beg 0 0 0 0 0 0
2146838056081016 137946042775232 drain_end 1 0 0 0 0 0
2146838056081316 137946042775232 take 4 0 0 0 0 0
2146838056081856 137946042775232 subm_beg 1 0 0 0 0 0
2146838056083076 137946042775232 submit 4 0 0 0 0 0
2146838056083266 137946042775232 subm_end 1 0 0 0 0 0
2146838056083356 137946042775232 pump_beg 1 0 0 0 0 0
2146838056521820 137946042775232 feedend 3 0 0 0 0 0
2146838056539829 137946042775232 feedend 3 1 0 0 0 0
2146838058986000 137946042775232 outfirst 3 1 65536 0 0 0
2146838059154894 137946042775232 outfirst 3 0 65536 0 0 0
2146838059172743 137946042775232 pump_end 1 2 0 0 0 0
2146838059172863 137946042775232 join_beg 1 0 0 0 0 0
2146838059173133 137946042775232 join_end 0 0 0 0 0 0
2146838059173193 137946042775232 book_beg 1 0 0 0 0 0
2146838059173423 137946042775232 batch 4 1 1 2 2 0
2146838059173553 137946042775232 book_end 1 0 0 0 0 0
2146838059173683 137946042775232 coll_beg 0 0 0 0 0 0
2146838059278289 137946042775232 coll_end 0 0 0 0 0 0
2146838059278559 137946042775232 rel_beg 1 0 0 0 0 0
2146838059278839 137946042775232 absorb 4 0 0 0 0 0
2146838059282019 137946042775232 rel_end 1 0 0 0 0 0
2146838059283259 137946042775232 wait_beg 0 0 0 0 0 0
2146838056057747 137946056009600 msgin 4 4718592 0 0 0 0
2146838056058317 137946056009600 enq 4 1 0 0 0 0
2146838059290779 137946056009600 ackslot 4 3 4 3 1 0
2146838059368346 137946056009600 send 18 0 0 3 3 2
2146838060249624 137946056009600 send 175310 0 0 3 3 2
2146838060734406 137946056009600 send 151941 0 0 3 3 2
2146838060737816 137946056009600 send 14 0 0 3 3 2
2146838060738036 137946056009600 egress 4 1 0 3 0 0
2146838060738166 137946056009600 ackregion 4 4 4 3 1 0
2146838059301559 137945960937152 emit_beg 4 0 0 0 0 0
2146838059306688 137945960937152 dmg 0 1 0 0 1024 768
2146838059308928 137945960937152 enc 3 3 1 -1 -1 0
2146838059338637 137945960937152 emit_end 4 0 0 0 0 0
2146838060824563 137946056009600 cliack 4 0 5 4 0 0
2146838071307451 137946042775232 wait_end 0 0 0 0 0 0
2146838071310460 137946042775232 drain_beg 0 0 0 0 0 0
2146838071310790 137946042775232 drain_end 1 0 0 0 0 0
2146838071310970 137946042775232 take 5 0 0 0 0 0
2146838071311250 137946042775232 subm_beg 1 0 0 0 0 0
2146838071315340 137946042775232 submit 5 0 0 0 0 0
2146838071315470 137946042775232 subm_end 1 0 0 0 0 0
2146838071315520 137946042775232 pump_beg 1 0 0 0 0 0
2146838071775884 137946042775232 feedend 4 0 0 0 0 0
2146838071812262 137946042775232 feedend 4 1 0 0 0 0
2146838073918815 137946042775232 outfirst 4 1 65536 0 0 0
2146838074110128 137946042775232 outfirst 4 0 65536 0 0 0
2146838074120688 137946042775232 pump_end 1 2 0 0 0 0
2146838074120838 137946042775232 join_beg 1 0 0 0 0 0
2146838074121078 137946042775232 join_end 0 0 0 0 0 0
2146838074121118 137946042775232 book_beg 1 0 0 0 0 0
2146838074121278 137946042775232 batch 5 1 1 2 2 0
2146838074121358 137946042775232 book_end 1 0 0 0 0 0
2146838074121388 137946042775232 coll_beg 0 0 0 0 0 0
2146838074208965 137946042775232 coll_end 0 0 0 0 0 0
2146838074209135 137946042775232 rel_beg 1 0 0 0 0 0
2146838074209385 137946042775232 absorb 5 0 0 0 0 0
2146838074211875 137946042775232 rel_end 1 0 0 0 0 0
2146838074213195 137946042775232 wait_beg 0 0 0 0 0 0
2146838075822976 137946042775232 wait_end 0 0 0 0 0 0
2146838075825836 137946042775232 drain_beg 0 0 0 0 0 0
2146838075826156 137946042775232 drain_end 1 0 0 0 0 0
2146838075826336 137946042775232 take 6 0 0 0 0 0
2146838075826766 137946042775232 subm_beg 1 0 0 0 0 0
2146838075827286 137946042775232 submit 6 0 0 0 0 0
2146838075827406 137946042775232 subm_end 1 0 0 0 0 0
2146838075827496 137946042775232 pump_beg 1 0 0 0 0 0
2146838075975010 137946042775232 feedend 5 0 0 0 0 0
2146838076010419 137946042775232 feedend 5 1 0 0 0 0
2146838078070964 137946042775232 outfirst 5 1 65536 0 0 0
2146838078300175 137946042775232 outfirst 5 0 65536 0 0 0
2146838078313715 137946042775232 pump_end 1 2 0 0 0 0
2146838078313845 137946042775232 join_beg 1 0 0 0 0 0
2146838078314125 137946042775232 join_end 0 0 0 0 0 0
2146838078314165 137946042775232 book_beg 1 0 0 0 0 0
2146838078314315 137946042775232 batch 6 1 1 2 2 0
2146838078314445 137946042775232 book_end 1 0 0 0 0 0
2146838078314575 137946042775232 coll_beg 0 0 0 0 0 0
2146838078407682 137946042775232 coll_end 0 0 0 0 0 0
2146838078407842 137946042775232 rel_beg 1 0 0 0 0 0
2146838078408131 137946042775232 absorb 6 0 0 0 0 0
2146838078410641 137946042775232 rel_end 1 0 0 0 0 0
2146838078411911 137946042775232 wait_beg 0 0 0 0 0 0
2146838071292221 137946056009600 msgin 5 4718592 0 0 0 0
2146838071292471 137946056009600 enq 5 1 0 0 0 0
2146838074239214 137946056009600 ackslot 5 4 5 4 1 0
2146838074267273 137946056009600 send 18 0 0 4 4 2
2146838074671558 137946056009600 send 138685 0 0 4 4 2
2146838074953627 137946056009600 send 115408 0 0 4 4 2
2146838074957377 137946056009600 send 14 0 0 4 4 2
2146838074957607 137946056009600 egress 5 1 0 4 0 0
2146838074957767 137946056009600 ackregion 5 5 5 4 1 0
2146838075414631 137946056009600 cliack 5 0 6 5 0 0
2146838075809926 137946056009600 msgin 6 4718592 0 0 0 0
2146838075810266 137946056009600 enq 6 1 0 0 0 0
2146838078420941 137946056009600 ackslot 6 5 6 5 1 0
2146838078456810 137946056009600 send 18 0 0 5 5 2
2146838078815427 137946056009600 send 159524 0 0 5 5 2
2146838079117316 137946056009600 send 127851 0 0 5 5 2
2146838079123055 137946056009600 send 14 0 0 5 5 2
2146838079123215 137946056009600 egress 6 1 0 5 0 0
2146838079123365 137946056009600 ackregion 6 6 6 5 1 0
2146838079746673 137946056009600 cliack 6 0 7 6 0 0
2146838074230664 137945960937152 emit_beg 5 0 0 0 0 0
2146838074232764 137945960937152 dmg 0 1 0 0 1024 768
2146838074232934 137945960937152 enc 4 4 1 -1 -1 0
2146838074255393 137945960937152 emit_end 5 0 0 0 0 0
2146838078429201 137945960937152 emit_beg 6 0 0 0 0 0
2146838078434421 137945960937152 dmg 0 1 0 0 1024 768
2146838078434591 137945960937152 enc 5 5 1 -1 -1 0
2146838078460580 137945960937152 emit_end 6 0 0 0 0 0
2146838091668628 137946042775232 wait_end 0 0 0 0 0 0
2146838091671688 137946042775232 drain_beg 0 0 0 0 0 0
2146838091672028 137946042775232 drain_end 1 0 0 0 0 0
2146838091672228 137946042775232 take 7 0 0 0 0 0
2146838091672478 137946042775232 subm_beg 1 0 0 0 0 0
2146838091672938 137946042775232 submit 7 0 0 0 0 0
2146838091673098 137946042775232 subm_end 1 0 0 0 0 0
2146838091673188 137946042775232 pump_beg 1 0 0 0 0 0
2146838091844491 137946042775232 feedend 6 0 0 0 0 0
2146838091879520 137946042775232 feedend 6 1 0 0 0 0
2146838093979743 137946042775232 outfirst 6 1 65536 0 0 0
2146838094165407 137946042775232 outfirst 6 0 65536 0 0 0
2146838094200405 137946042775232 pump_end 1 2 0 0 0 0
2146838094200545 137946042775232 join_beg 1 0 0 0 0 0
2146838094200785 137946042775232 join_end 0 0 0 0 0 0
2146838094200825 137946042775232 book_beg 1 0 0 0 0 0
2146838094200975 137946042775232 batch 7 1 1 2 2 0
2146838094201105 137946042775232 book_end 1 0 0 0 0 0
2146838094201235 137946042775232 coll_beg 0 0 0 0 0 0
2146838094301752 137946042775232 coll_end 0 0 0 0 0 0
2146838094302002 137946042775232 rel_beg 1 0 0 0 0 0
2146838094302262 137946042775232 absorb 7 0 0 0 0 0
2146838094304502 137946042775232 rel_end 1 0 0 0 0 0
2146838094305771 137946042775232 wait_beg 0 0 0 0 0 0
2146838091653148 137946056009600 msgin 7 4718592 0 0 0 0
2146838091653358 137946056009600 enq 7 1 0 0 0 0
2146838094314501 137946056009600 ackslot 7 6 7 6 1 0
2146838094352890 137946056009600 send 18 0 0 6 6 2
2146838094930919 137946056009600 send 168493 0 0 6 6 2
2146838095367523 137946056009600 send 141881 0 0 6 6 2
2146838095370593 137946056009600 send 14 0 0 6 6 2
2146838095370723 137946056009600 egress 7 1 0 6 0 0
2146838095370773 137946056009600 ackregion 7 7 7 6 1 0
2146838095592765 137946056009600 cliack 7 0 8 7 0 0
2146838094322701 137945960937152 emit_beg 7 0 0 0 0 0
2146838094327261 137945960937152 dmg 0 1 0 0 1024 768
2146838094327411 137945960937152 enc 6 6 1 -1 -1 0
2146838094351350 137945960937152 emit_end 7 0 0 0 0 0
2146838107597817 137946042775232 wait_end 0 0 0 0 0 0
2146838107600997 137946042775232 drain_beg 0 0 0 0 0 0
2146838107601307 137946042775232 drain_end 1 0 0 0 0 0
2146838107601487 137946042775232 take 8 0 0 0 0 0
2146838107601897 137946042775232 subm_beg 1 0 0 0 0 0
2146838107602466 137946042775232 submit 8 0 0 0 0 0
2146838107602596 137946042775232 subm_end 1 0 0 0 0 0
2146838107602696 137946042775232 pump_beg 1 0 0 0 0 0
2146838107746261 137946042775232 feedend 7 0 0 0 0 0
2146838107771380 137946042775232 feedend 7 1 0 0 0 0
2146838109993019 137946042775232 outfirst 7 1 65536 0 0 0
2146838110139394 137946042775232 outfirst 7 0 65536 0 0 0
2146838110156613 137946042775232 pump_end 1 2 0 0 0 0
2146838110156813 137946042775232 join_beg 1 0 0 0 0 0
2146838110157113 137946042775232 join_end 0 0 0 0 0 0
2146838110157343 137946042775232 book_beg 1 0 0 0 0 0
2146838110158003 137946042775232 batch 8 1 1 2 2 0
2146838110158163 137946042775232 book_end 1 0 0 0 0 0
2146838110163093 137946042775232 coll_beg 0 0 0 0 0 0
2146838110288338 137946042775232 coll_end 0 0 0 0 0 0
2146838110288388 137946042775232 rel_beg 1 0 0 0 0 0
2146838110288678 137946042775232 absorb 8 0 0 0 0 0
2146838110293308 137946042775232 rel_end 1 0 0 0 0 0
2146838110295368 137946042775232 wait_beg 0 0 0 0 0 0
2146838107584217 137946056009600 msgin 8 4718592 0 0 0 0
2146838107584517 137946056009600 enq 8 1 0 0 0 0
2146838110306008 137946056009600 ackslot 8 7 8 7 1 0
2146838110390885 137946056009600 send 18 0 0 7 7 2
2146838110879997 137946056009600 send 136631 0 0 7 7 2
2146838110313057 137945960937152 emit_beg 8 0 0 0 0 0
2146838110318037 137945960937152 dmg 0 1 0 0 1024 768
2146838110318207 137945960937152 enc 7 7 1 -1 -1 0
2146838110341026 137945960937152 emit_end 8 0 0 0 0 0
2146838111299052 137946056009600 send 120493 0 0 7 7 2
2146838111304541 137946056009600 send 14 0 0 7 7 2
2146838111304971 137946056009600 egress 8 1 0 7 0 0
2146838111305211 137946056009600 ackregion 8 8 8 7 1 0
2146838111406448 137946056009600 cliack 8 0 9 8 0 0
2146838123999028 137946042775232 wait_end 0 0 0 0 0 0
2146838124000728 137946042775232 drain_beg 0 0 0 0 0 0
2146838124001078 137946042775232 drain_end 1 0 0 0 0 0
2146838124001288 137946042775232 take 9 0 0 0 0 0
2146838124002078 137946042775232 subm_beg 1 0 0 0 0 0
2146838124002758 137946042775232 submit 9 0 0 0 0 0
2146838124002898 137946042775232 subm_end 1 0 0 0 0 0
2146838124002938 137946042775232 pump_beg 1 0 0 0 0 0
2146838124145453 137946042775232 feedend 8 0 0 0 0 0
2146838124168542 137946042775232 feedend 8 1 0 0 0 0
2146838126180379 137946042775232 outfirst 8 1 65536 0 0 0
2146838126308564 137946042775232 outfirst 8 0 65536 0 0 0
2146838126330243 137946042775232 pump_end 1 2 0 0 0 0
2146838126331113 137946042775232 join_beg 1 0 0 0 0 0
2146838126331703 137946042775232 join_end 0 0 0 0 0 0
2146838126331773 137946042775232 book_beg 1 0 0 0 0 0
2146838126332503 137946042775232 batch 9 1 1 2 2 0
2146838126332643 137946042775232 book_end 1 0 0 0 0 0
2146838126332793 137946042775232 coll_beg 0 0 0 0 0 0
2146838126482118 137946042775232 coll_end 0 0 0 0 0 0
2146838126482458 137946042775232 rel_beg 1 0 0 0 0 0
2146838126482738 137946042775232 absorb 9 0 0 0 0 0
2146838126488807 137946042775232 rel_end 1 0 0 0 0 0
2146838126491307 137946042775232 wait_beg 0 0 0 0 0 0
2146838123990639 137946056009600 msgin 9 4718592 0 0 0 0
2146838123990909 137946056009600 enq 9 1 0 0 0 0
2146838126518806 137946056009600 ackslot 9 8 9 8 1 0
2146838126657511 137946056009600 send 18 0 0 8 8 2
2146838127307318 137946056009600 send 178759 0 0 8 8 2
2146838127701033 137946056009600 send 152229 0 0 8 8 2
2146838127704853 137946056009600 send 14 0 0 8 8 2
2146838127705213 137946056009600 egress 9 1 0 8 0 0
2146838127705433 137946056009600 ackregion 9 9 9 8 1 0
2146838128186455 137946056009600 cliack 9 0 10 9 0 0
2146838126508847 137945960937152 emit_beg 9 0 0 0 0 0
2146838126512157 137945960937152 dmg 0 1 0 0 1024 768
2146838126512427 137945960937152 enc 8 8 1 -1 -1 0
2146838126541516 137945960937152 emit_end 9 0 0 0 0 0
2146838139448285 137946042775232 wait_end 0 0 0 0 0 0
2146838139450325 137946042775232 drain_beg 0 0 0 0 0 0
2146838139450585 137946042775232 drain_end 1 0 0 0 0 0
2146838139450705 137946042775232 take 10 0 0 0 0 0
2146838139450995 137946042775232 subm_beg 1 0 0 0 0 0
2146838139451785 137946042775232 submit 10 0 0 0 0 0
2146838139451935 137946042775232 subm_end 1 0 0 0 0 0
2146838139451985 137946042775232 pump_beg 1 0 0 0 0 0
2146838139569280 137946042775232 feedend 9 0 0 0 0 0
2146838139611689 137946042775232 feedend 9 1 0 0 0 0
2146838139439385 137946056009600 msgin 10 4718592 0 0 0 0
2146838139440005 137946056009600 enq 10 1 0 0 0 0
2146838141860707 137946042775232 outfirst 9 1 65536 0 0 0
2146838142118907 137946042775232 outfirst 9 0 65536 0 0 0
2146838142144566 137946042775232 pump_end 1 2 0 0 0 0
2146838142144836 137946042775232 join_beg 1 0 0 0 0 0
2146838142145086 137946042775232 join_end 0 0 0 0 0 0
2146838142145216 137946042775232 book_beg 1 0 0 0 0 0
2146838142145546 137946042775232 batch 10 1 1 2 2 0
2146838142145686 137946042775232 book_end 1 0 0 0 0 0
2146838142145836 137946042775232 coll_beg 0 0 0 0 0 0
2146838142296771 137946042775232 coll_end 0 0 0 0 0 0
2146838142297001 137946042775232 rel_beg 1 0 0 0 0 0
2146838142297141 137946042775232 absorb 10 0 0 0 0 0
2146838142299831 137946042775232 rel_end 1 0 0 0 0 0
2146838142301761 137946042775232 wait_beg 0 0 0 0 0 0
2146838142306480 137946056009600 ackslot 10 9 10 9 1 0
2146838142350049 137946056009600 send 18 0 0 9 9 2
2146838142785143 137946056009600 send 181124 0 0 9 9 2
2146838143083172 137946056009600 send 129712 0 0 9 9 2
2146838143086662 137946056009600 send 14 0 0 9 9 2
2146838143086912 137946056009600 egress 10 1 0 9 0 0
2146838143099721 137946056009600 ackregion 10 10 10 9 1 0
2146838143640462 137946056009600 cliack 10 0 11 10 0 0
2146838142307880 137945960937152 emit_beg 10 0 0 0 0 0
2146838142311790 137945960937152 dmg 0 1 0 0 1024 768
2146838142311950 137945960937152 enc 9 9 1 -1 -1 0
2146838142338789 137945960937152 emit_end 10 0 0 0 0 0
2146838156284660 137946042775232 wait_end 0 0 0 0 0 0
2146838156287400 137946042775232 drain_beg 0 0 0 0 0 0
2146838156287760 137946042775232 drain_end 1 0 0 0 0 0
2146838156287910 137946042775232 take 11 0 0 0 0 0
2146838156288310 137946042775232 subm_beg 1 0 0 0 0 0
2146838156289010 137946042775232 submit 11 0 0 0 0 0
2146838156289180 137946042775232 subm_end 1 0 0 0 0 0
2146838156289220 137946042775232 pump_beg 1 0 0 0 0 0
2146838156430375 137946042775232 feedend 10 0 0 0 0 0
2146838156462714 137946042775232 feedend 10 1 0 0 0 0
2146838158965083 137946042775232 outfirst 10 1 65536 0 0 0
2146838159133006 137946042775232 outfirst 10 0 65536 0 0 0
2146838159156316 137946042775232 pump_end 1 2 0 0 0 0
2146838159156536 137946042775232 join_beg 1 0 0 0 0 0
2146838159156926 137946042775232 join_end 0 0 0 0 0 0
2146838159157006 137946042775232 book_beg 1 0 0 0 0 0
2146838159157156 137946042775232 batch 11 1 1 2 2 0
2146838159157296 137946042775232 book_end 1 0 0 0 0 0
2146838159157456 137946042775232 coll_beg 0 0 0 0 0 0
2146838159304520 137946042775232 coll_end 0 0 0 0 0 0
2146838159304860 137946042775232 rel_beg 1 0 0 0 0 0
2146838159305110 137946042775232 absorb 11 0 0 0 0 0
2146838159308570 137946042775232 rel_end 1 0 0 0 0 0
2146838159310080 137946042775232 wait_beg 0 0 0 0 0 0
2146838156275561 137946056009600 msgin 11 4718592 0 0 0 0
2146838156276071 137946056009600 enq 11 1 0 0 0 0
2146838159318840 137946056009600 ackslot 11 10 11 10 1 0
2146838159342889 137946056009600 send 18 0 0 10 10 2
2146838160119700 137946056009600 send 190967 0 0 10 10 2
2146838160568134 137946056009600 send 165020 0 0 10 10 2
2146838160571644 137946056009600 send 14 0 0 10 10 2
2146838160571934 137946056009600 egress 11 1 0 10 0 0
2146838160572624 137946056009600 ackregion 11 11 11 10 1 0
2146838161048907 137946056009600 cliack 11 0 12 11 0 0
2146838159316900 137945960937152 emit_beg 11 0 0 0 0 0
2146838159320780 137945960937152 dmg 0 1 0 0 1024 768
2146838159320930 137945960937152 enc 10 10 1 -1 -1 0
2146838159418866 137945960937152 emit_end 11 0 0 0 0 0
2146838171923360 137946042775232 wait_end 0 0 0 0 0 0
2146838171925080 137946042775232 drain_beg 0 0 0 0 0 0
2146838171925260 137946042775232 drain_end 1 0 0 0 0 0
2146838171925400 137946042775232 take 12 0 0 0 0 0
2146838171925580 137946042775232 subm_beg 1 0 0 0 0 0
2146838171925890 137946042775232 submit 12 0 0 0 0 0
2146838171926050 137946042775232 subm_end 1 0 0 0 0 0
2146838171926080 137946042775232 pump_beg 1 0 0 0 0 0
2146838172113823 137946042775232 feedend 11 0 0 0 0 0
2146838172119243 137946042775232 feedend 11 1 0 0 0 0
2146838174017514 137946042775232 outfirst 11 1 65536 0 0 0
2146838174262485 137946042775232 outfirst 11 0 65536 0 0 0
2146838174282404 137946042775232 pump_end 1 2 0 0 0 0
2146838174282624 137946042775232 join_beg 1 0 0 0 0 0
2146838174282894 137946042775232 join_end 0 0 0 0 0 0
2146838174282994 137946042775232 book_beg 1 0 0 0 0 0
2146838174283204 137946042775232 batch 12 1 1 2 2 0
2146838174283314 137946042775232 book_end 1 0 0 0 0 0
2146838174283374 137946042775232 coll_beg 0 0 0 0 0 0
2146838174402479 137946042775232 coll_end 0 0 0 0 0 0
2146838174402569 137946042775232 rel_beg 1 0 0 0 0 0
2146838174402929 137946042775232 absorb 12 0 0 0 0 0
2146838174406709 137946042775232 rel_end 1 0 0 0 0 0
2146838174408739 137946042775232 wait_beg 0 0 0 0 0 0
2146838171914640 137946056009600 msgin 12 4718592 0 0 0 0
2146838171914870 137946056009600 enq 12 1 0 0 0 0
2146838174436018 137946056009600 ackslot 12 11 12 11 1 0
2146838174459607 137946056009600 send 18 0 0 11 11 2
2146838175058935 137946056009600 send 160386 0 0 11 11 2
2146838175380044 137946056009600 send 123051 0 0 11 11 2
2146838175383994 137946056009600 send 14 0 0 11 11 2
2146838175384274 137946056009600 egress 12 1 0 11 0 0
2146838175384404 137946056009600 ackregion 12 12 12 11 1 0
2146838175984992 137946056009600 cliack 12 0 13 12 0 0
2146838174413239 137945960937152 emit_beg 12 0 0 0 0 0
2146838174415149 137945960937152 dmg 0 1 0 0 1024 768
2146838174415579 137945960937152 enc 11 11 1 -1 -1 0
2146838174441598 137945960937152 emit_end 12 0 0 0 0 0
2146838187634427 137946042775232 wait_end 0 0 0 0 0 0
2146838187635887 137946042775232 drain_beg 0 0 0 0 0 0
2146838187636217 137946042775232 drain_end 1 0 0 0 0 0
2146838187636367 137946042775232 take 13 0 0 0 0 0
2146838187636607 137946042775232 subm_beg 1 0 0 0 0 0
2146838187637057 137946042775232 submit 13 0 0 0 0 0
2146838187637277 137946042775232 subm_end 1 0 0 0 0 0
2146838187637297 137946042775232 pump_beg 1 0 0 0 0 0
2146838187764022 137946042775232 feedend 12 0 0 0 0 0
2146838187818610 137946042775232 feedend 12 1 0 0 0 0
2146838190071328 137946042775232 outfirst 12 1 65536 0 0 0
2146838190246001 137946042775232 outfirst 12 0 65536 0 0 0
2146838190264321 137946042775232 pump_end 1 2 0 0 0 0
2146838190264461 137946042775232 join_beg 1 0 0 0 0 0
2146838190264721 137946042775232 join_end 0 0 0 0 0 0
2146838190264821 137946042775232 book_beg 1 0 0 0 0 0
2146838190265161 137946042775232 batch 13 1 1 2 2 0
2146838190265321 137946042775232 book_end 1 0 0 0 0 0
2146838190265461 137946042775232 coll_beg 0 0 0 0 0 0
2146838190401686 137946042775232 coll_end 0 0 0 0 0 0
2146838190401936 137946042775232 rel_beg 1 0 0 0 0 0
2146838190402246 137946042775232 absorb 13 0 0 0 0 0
2146838190405366 137946042775232 rel_end 1 0 0 0 0 0
2146838190407316 137946042775232 wait_beg 0 0 0 0 0 0
2146838187624937 137946056009600 msgin 13 4718592 0 0 0 0
2146838187625447 137946056009600 enq 13 1 0 0 0 0
2146838190414925 137946056009600 ackslot 13 12 13 12 1 0
2146838190438514 137946056009600 send 18 0 0 12 12 2
2146838190852219 137946056009600 send 174318 0 0 12 12 2
2146838191210166 137946056009600 send 147943 0 0 12 12 2
2146838191213766 137946056009600 send 14 0 0 12 12 2
2146838191214036 137946056009600 egress 13 1 0 12 0 0
2146838191214156 137946056009600 ackregion 13 13 13 12 1 0
2146838190411325 137945960937152 emit_beg 13 0 0 0 0 0
2146838190412865 137945960937152 dmg 0 1 0 0 1024 768
2146838190413005 137945960937152 enc 12 12 1 -1 -1 0
2146838190441874 137945960937152 emit_end 13 0 0 0 0 0
2146838192069245 137946056009600 cliack 13 0 14 13 0 0
2146838203678391 137946042775232 wait_end 0 0 0 0 0 0
2146838203679911 137946042775232 drain_beg 0 0 0 0 0 0
2146838203680101 137946042775232 drain_end 1 0 0 0 0 0
2146838203680241 137946042775232 take 14 0 0 0 0 0
2146838203680491 137946042775232 subm_beg 1 0 0 0 0 0
2146838203680791 137946042775232 submit 14 0 0 0 0 0
2146838203680931 137946042775232 subm_end 1 0 0 0 0 0
2146838203680961 137946042775232 pump_beg 1 0 0 0 0 0
2146838203816236 137946042775232 feedend 13 0 0 0 0 0
2146838203846535 137946042775232 feedend 13 1 0 0 0 0
2146838206017476 137946042775232 outfirst 13 1 65536 0 0 0
2146838206220629 137946042775232 outfirst 13 0 65536 0 0 0
2146838206237908 137946042775232 pump_end 1 2 0 0 0 0
2146838206238138 137946042775232 join_beg 1 0 0 0 0 0
2146838206238408 137946042775232 join_end 0 0 0 0 0 0
2146838206238508 137946042775232 book_beg 1 0 0 0 0 0
2146838206238738 137946042775232 batch 14 1 1 2 2 0
2146838206238908 137946042775232 book_end 1 0 0 0 0 0
2146838206239088 137946042775232 coll_beg 0 0 0 0 0 0
2146838206370283 137946042775232 coll_end 0 0 0 0 0 0
2146838206370623 137946042775232 rel_beg 1 0 0 0 0 0
2146838206370943 137946042775232 absorb 14 0 0 0 0 0
2146838206374563 137946042775232 rel_end 1 0 0 0 0 0
2146838206376253 137946042775232 wait_beg 0 0 0 0 0 0
2146838203668822 137946056009600 msgin 14 4718592 0 0 0 0
2146838203669762 137946056009600 enq 14 1 0 0 0 0
2146838206383123 137946056009600 ackslot 14 13 14 13 1 0
2146838206404592 137946056009600 send 18 0 0 13 13 2
2146838206793528 137946056009600 send 164997 0 0 13 13 2
2146838207114756 137946056009600 send 138527 0 0 13 13 2
2146838207118316 137946056009600 send 14 0 0 13 13 2
2146838207118496 137946056009600 egress 14 1 0 13 0 0
2146838207118636 137946056009600 ackregion 14 14 14 13 1 0
2146838207732353 137946056009600 cliack 14 0 15 14 0 0
2146838206382533 137945960937152 emit_beg 14 0 0 0 0 0
2146838206385863 137945960937152 dmg 0 1 0 0 1024 768
2146838206386033 137945960937152 enc 13 13 1 -1 -1 0
2146838206417231 137945960937152 emit_end 14 0 0 0 0 0
2146838220303405 137946042775232 wait_end 0 0 0 0 0 0
2146838220305605 137946042775232 drain_beg 0 0 0 0 0 0
2146838220305835 137946042775232 drain_end 1 0 0 0 0 0
2146838220306135 137946042775232 take 15 0 0 0 0 0
2146838220306395 137946042775232 subm_beg 1 0 0 0 0 0
2146838220306745 137946042775232 submit 15 0 0 0 0 0
2146838220306895 137946042775232 subm_end 1 0 0 0 0 0
2146838220306955 137946042775232 pump_beg 1 0 0 0 0 0
2146838220460169 137946042775232 feedend 14 0 0 0 0 0
2146838220489978 137946042775232 feedend 14 1 0 0 0 0
2146838220293185 137946056009600 msgin 15 4718592 0 0 0 0
2146838220293525 137946056009600 enq 15 1 0 0 0 0
2146838223062474 137946042775232 outfirst 14 1 65536 0 0 0
2146838223107582 137946042775232 outfirst 14 0 65536 0 0 0
2146838223131452 137946042775232 pump_end 1 2 0 0 0 0
2146838223131802 137946042775232 join_beg 1 0 0 0 0 0
2146838223131982 137946042775232 join_end 0 0 0 0 0 0
2146838223132092 137946042775232 book_beg 1 0 0 0 0 0
2146838223132332 137946042775232 batch 15 1 1 2 2 0
2146838223132382 137946042775232 book_end 1 0 0 0 0 0
2146838223132422 137946042775232 coll_beg 0 0 0 0 0 0
2146838223212409 137946042775232 coll_end 0 0 0 0 0 0
2146838223212449 137946042775232 rel_beg 1 0 0 0 0 0
2146838223215529 137946042775232 absorb 15 0 0 0 0 0
2146838223217978 137946042775232 rel_end 1 0 0 0 0 0
2146838223219278 137946042775232 wait_beg 0 0 0 0 0 0
2146838223227908 137946056009600 ackslot 15 14 15 14 1 0
2146838223314065 137946056009600 send 18 0 0 14 14 2
2146838223703861 137946056009600 send 166620 0 0 14 14 2
2146838224037219 137946056009600 send 141549 0 0 14 14 2
2146838224040608 137946056009600 send 14 0 0 14 14 2
2146838224040818 137946056009600 egress 15 1 0 14 0 0
2146838224041088 137946056009600 ackregion 15 15 15 14 1 0
2146838224788341 137946056009600 cliack 15 0 16 15 0 0
2146838223236458 137945960937152 emit_beg 15 0 0 0 0 0
2146838223243048 137945960937152 dmg 0 1 0 0 1024 768
2146838223243188 137945960937152 enc 14 14 1 -1 -1 0
2146838223270117 137945960937152 emit_end 15 0 0 0 0 0
2146838235551549 137946042775232 wait_end 0 0 0 0 0 0
2146838235554448 137946042775232 drain_beg 0 0 0 0 0 0
2146838235554958 137946042775232 drain_end 1 0 0 0 0 0
2146838235555178 137946042775232 take 16 0 0 0 0 0
2146838235555498 137946042775232 subm_beg 1 0 0 0 0 0
2146838235555818 137946042775232 submit 16 0 0 0 0 0
2146838235555868 137946042775232 subm_end 1 0 0 0 0 0
2146838235555908 137946042775232 pump_beg 1 0 0 0 0 0
2146838235991832 137946042775232 feedend 15 0 0 0 0 0
2146838235998242 137946042775232 feedend 15 1 0 0 0 0
2146838238570168 137946042775232 outfirst 15 1 65536 0 0 0
2146838238828449 137946042775232 outfirst 15 0 65536 0 0 0
2146838238874767 137946042775232 pump_end 1 2 0 0 0 0
2146838238874947 137946042775232 join_beg 1 0 0 0 0 0
2146838238875337 137946042775232 join_end 0 0 0 0 0 0
2146838238875447 137946042775232 book_beg 1 0 0 0 0 0
2146838238875887 137946042775232 batch 16 1 1 2 2 0
2146838238876057 137946042775232 book_end 1 0 0 0 0 0
2146838238876227 137946042775232 coll_beg 0 0 0 0 0 0
2146838239396028 137946042775232 coll_end 0 0 0 0 0 0
2146838239396238 137946042775232 rel_beg 1 0 0 0 0 0
2146838239396518 137946042775232 absorb 16 0 0 0 0 0
2146838239399958 137946042775232 rel_end 1 0 0 0 0 0
2146838239401408 137946042775232 wait_beg 0 0 0 0 0 0
2146838235532269 137946056009600 msgin 16 4718592 0 0 0 0
2146838235532649 137946056009600 enq 16 1 0 0 0 0
2146838239422707 137946056009600 ackslot 16 15 16 15 1 0
2146838239480385 137946056009600 send 18 0 0 15 15 2
2146838239890540 137946056009600 send 180745 0 0 15 15 2
2146838240209279 137946056009600 send 143969 0 0 15 15 2
2146838240212778 137946056009600 send 14 0 0 15 15 2
2146838240213018 137946056009600 egress 16 1 0 15 0 0
2146838240213108 137946056009600 ackregion 16 16 16 15 1 0
2146838240593535 137946056009600 cliack 16 0 17 16 0 0
2146838239406138 137945960937152 emit_beg 16 0 0 0 0 0
2146838239408498 137945960937152 dmg 0 1 0 0 1024 768
2146838239408758 137945960937152 enc 15 15 1 -1 -1 0
2146838239432557 137945960937152 emit_end 16 0 0 0 0 0
2146838251604623 137946042775232 wait_end 0 0 0 0 0 0
2146838251606203 137946042775232 drain_beg 0 0 0 0 0 0
2146838251606483 137946042775232 drain_end 1 0 0 0 0 0
2146838251606603 137946042775232 take 17 0 0 0 0 0
2146838251606803 137946042775232 subm_beg 1 0 0 0 0 0
2146838251607343 137946042775232 submit 17 0 0 0 0 0
2146838251607443 137946042775232 subm_end 1 0 0 0 0 0
2146838251607483 137946042775232 pump_beg 1 0 0 0 0 0
2146838251757347 137946042775232 feedend 16 0 0 0 0 0
2146838251836414 137946042775232 feedend 16 1 0 0 0 0
2146838251599373 137946056009600 msgin 17 4718592 0 0 0 0
2146838251599703 137946056009600 enq 17 1 0 0 0 0
2146838254515617 137946042775232 outfirst 16 1 65536 0 0 0
2146838254724719 137946042775232 outfirst 16 0 65536 0 0 0
2146838254779347 137946042775232 pump_end 1 2 0 0 0 0
2146838254779547 137946042775232 join_beg 1 0 0 0 0 0
2146838254779857 137946042775232 join_end 0 0 0 0 0 0
2146838254779917 137946042775232 book_beg 1 0 0 0 0 0
2146838254780217 137946042775232 batch 17 1 1 2 2 0
2146838254780377 137946042775232 book_end 1 0 0 0 0 0
2146838254780537 137946042775232 coll_beg 0 0 0 0 0 0
2146838254951511 137946042775232 coll_end 0 0 0 0 0 0
2146838254951771 137946042775232 rel_beg 1 0 0 0 0 0
2146838254952161 137946042775232 absorb 17 0 0 0 0 0
2146838254956061 137946042775232 rel_end 1 0 0 0 0 0
2146838254957731 137946042775232 wait_beg 0 0 0 0 0 0
2146838254986239 137946056009600 ackslot 17 16 17 16 1 0
2146838255036088 137946056009600 send 18 0 0 16 16 2
2146838255628486 137946056009600 send 187965 0 0 16 16 2
2146838256056770 137946056009600 send 171115 0 0 16 16 2
2146838256060550 137946056009600 send 14 0 0 16 16 2
2146838256060790 137946056009600 egress 17 1 0 16 0 0
2146838256060950 137946056009600 ackregion 17 17 17 16 1 0
2146838257042025 137946056009600 cliack 17 0 18 17 0 0
2146838254974230 137945960937152 emit_beg 17 0 0 0 0 0
2146838254976880 137945960937152 dmg 0 1 0 0 1024 768
2146838254977070 137945960937152 enc 16 16 1 -1 -1 0
2146838255023138 137945960937152 emit_end 17 0 0 0 0 0
2146838267811542 137946042775232 wait_end 0 0 0 0 0 0
2146838267814611 137946042775232 drain_beg 0 0 0 0 0 0
2146838267815101 137946042775232 drain_end 1 0 0 0 0 0
2146838267815321 137946042775232 take 18 0 0 0 0 0
2146838267815931 137946042775232 subm_beg 1 0 0 0 0 0
2146838267816331 137946042775232 submit 18 0 0 0 0 0
2146838267816571 137946042775232 subm_end 1 0 0 0 0 0
2146838267816621 137946042775232 pump_beg 1 0 0 0 0 0
2146838267972306 137946042775232 feedend 17 0 0 0 0 0
2146838268014844 137946042775232 feedend 17 1 0 0 0 0
2146838270523813 137946042775232 outfirst 17 1 65536 0 0 0
2146838270734955 137946042775232 outfirst 17 0 65536 0 0 0
2146838270753934 137946042775232 pump_end 1 2 0 0 0 0
2146838270754124 137946042775232 join_beg 1 0 0 0 0 0
2146838270754304 137946042775232 join_end 0 0 0 0 0 0
2146838270754394 137946042775232 book_beg 1 0 0 0 0 0
2146838270754554 137946042775232 batch 18 1 1 2 2 0
2146838270754704 137946042775232 book_end 1 0 0 0 0 0
2146838270754854 137946042775232 coll_beg 0 0 0 0 0 0
2146838270879770 137946042775232 coll_end 0 0 0 0 0 0
2146838270880060 137946042775232 rel_beg 1 0 0 0 0 0
2146838270880450 137946042775232 absorb 18 0 0 0 0 0
2146838270884179 137946042775232 rel_end 1 0 0 0 0 0
2146838270885849 137946042775232 wait_beg 0 0 0 0 0 0
2146838267797962 137946056009600 msgin 18 4718592 0 0 0 0
2146838267798532 137946056009600 enq 18 1 0 0 0 0
2146838270893989 137946056009600 ackslot 18 17 18 17 1 0
2146838270994025 137946056009600 send 18 0 0 17 17 2
2146838271541175 137946056009600 send 153266 0 0 17 17 2
2146838272051137 137946056009600 send 135511 0 0 17 17 2
2146838272059297 137946056009600 send 14 0 0 17 17 2
2146838272059687 137946056009600 egress 18 1 0 17 0 0
2146838272059867 137946056009600 ackregion 18 18 18 17 1 0
2146838270902739 137945960937152 emit_beg 18 0 0 0 0 0
2146838270909399 137945960937152 dmg 0 1 0 0 1024 768
2146838270909609 137945960937152 enc 17 17 1 -1 -1 0
2146838270939587 137945960937152 emit_end 18 0 0 0 0 0
2146838272764781 137946056009600 cliack 18 0 19 18 0 0
2146838283811228 137946042775232 wait_end 0 0 0 0 0 0
2146838283813548 137946042775232 drain_beg 0 0 0 0 0 0
2146838283813838 137946042775232 drain_end 1 0 0 0 0 0
2146838283814108 137946042775232 take 19 0 0 0 0 0
2146838283814318 137946042775232 subm_beg 1 0 0 0 0 0
2146838283814788 137946042775232 submit 19 0 0 0 0 0
2146838283814988 137946042775232 subm_end 1 0 0 0 0 0
2146838283815048 137946042775232 pump_beg 1 0 0 0 0 0
2146838283963722 137946042775232 feedend 18 0 0 0 0 0
2146838283982962 137946042775232 feedend 18 1 0 0 0 0
2146838286578647 137946042775232 outfirst 18 1 65536 0 0 0
2146838287005081 137946042775232 outfirst 18 0 65536 0 0 0
2146838287029290 137946042775232 pump_end 1 2 0 0 0 0
2146838287029470 137946042775232 join_beg 1 0 0 0 0 0
2146838287029750 137946042775232 join_end 0 0 0 0 0 0
2146838287029810 137946042775232 book_beg 1 0 0 0 0 0
2146838287029990 137946042775232 batch 19 1 1 2 2 0
2146838287030070 137946042775232 book_end 1 0 0 0 0 0
2146838287030120 137946042775232 coll_beg 0 0 0 0 0 0
2146838287160216 137946042775232 coll_end 0 0 0 0 0 0
2146838287160276 137946042775232 rel_beg 1 0 0 0 0 0
2146838287160586 137946042775232 absorb 19 0 0 0 0 0
2146838287164635 137946042775232 rel_end 1 0 0 0 0 0
2146838287166425 137946042775232 wait_beg 0 0 0 0 0 0
2146838283799038 137946056009600 msgin 19 4718592 0 0 0 0
2146838283799928 137946056009600 enq 19 1 0 0 0 0
2146838287176785 137946056009600 ackslot 19 18 19 18 1 0
2146838287263662 137946056009600 send 18 0 0 18 18 2
2146838287915558 137946056009600 send 176887 0 0 18 18 2
2146838288404970 137946056009600 send 140421 0 0 18 18 2
2146838288408940 137946056009600 send 14 0 0 18 18 2
2146838288409160 137946056009600 egress 19 1 0 18 0 0
2146838288409290 137946056009600 ackregion 19 19 19 18 1 0
2146838288953420 137946056009600 cliack 19 0 20 19 0 0
2146838287184125 137945960937152 emit_beg 19 0 0 0 0 0
2146838287190575 137945960937152 dmg 0 1 0 0 1024 768
2146838287190815 137945960937152 enc 18 18 1 -1 -1 0
2146838287215514 137945960937152 emit_end 19 0 0 0 0 0
2146838300325885 137946042775232 wait_end 0 0 0 0 0 0
2146838300328615 137946042775232 drain_beg 0 0 0 0 0 0
2146838300328955 137946042775232 drain_end 1 0 0 0 0 0
2146838300329115 137946042775232 take 20 0 0 0 0 0
2146838300329295 137946042775232 subm_beg 1 0 0 0 0 0
2146838300329785 137946042775232 submit 20 0 0 0 0 0
2146838300329935 137946042775232 subm_end 1 0 0 0 0 0
2146838300329995 137946042775232 pump_beg 1 0 0 0 0 0
2146838300482050 137946042775232 feedend 19 0 0 0 0 0
2146838300520398 137946042775232 feedend 19 1 0 0 0 0
2146838300298656 137946056009600 msgin 20 4718592 0 0 0 0
2146838300299126 137946056009600 enq 20 1 0 0 0 0
2146838303466281 137946042775232 outfirst 19 1 65536 0 0 0
2146838303682953 137946042775232 outfirst 19 0 65536 0 0 0
2146838303714242 137946042775232 pump_end 1 2 0 0 0 0
2146838303714542 137946042775232 join_beg 1 0 0 0 0 0
2146838303714822 137946042775232 join_end 0 0 0 0 0 0
2146838303714962 137946042775232 book_beg 1 0 0 0 0 0
2146838303715142 137946042775232 batch 20 1 1 2 2 0
2146838303715312 137946042775232 book_end 1 0 0 0 0 0
2146838303715492 137946042775232 coll_beg 0 0 0 0 0 0
2146838303862476 137946042775232 coll_end 0 0 0 0 0 0
2146838303862676 137946042775232 rel_beg 1 0 0 0 0 0
2146838303863056 137946042775232 absorb 20 0 0 0 0 0
2146838303866966 137946042775232 rel_end 1 0 0 0 0 0
2146838303868596 137946042775232 wait_beg 0 0 0 0 0 0
2146838303894905 137946056009600 ackslot 20 19 20 19 1 0
2146838303945703 137946056009600 send 18 0 0 19 19 2
2146838304804212 137946056009600 send 175725 0 0 19 19 2
2146838305449698 137946056009600 send 150374 0 0 19 19 2
2146838305456248 137946056009600 send 14 0 0 19 19 2
2146838305456878 137946056009600 egress 20 1 0 19 0 0
2146838305457028 137946056009600 ackregion 20 20 20 19 1 0
2146838305623942 137946056009600 cliack 20 0 21 20 0 0
2146838303885135 137945960937152 emit_beg 20 0 0 0 0 0
2146838303888415 137945960937152 dmg 0 1 0 0 1024 768
2146838303888605 137945960937152 enc 19 19 1 -1 -1 0
2146838303915584 137945960937152 emit_end 20 0 0 0 0 0
2146838315844689 137946042775232 wait_end 0 0 0 0 0 0
2146838315847449 137946042775232 drain_beg 0 0 0 0 0 0
2146838315847799 137946042775232 drain_end 1 0 0 0 0 0
2146838315847939 137946042775232 take 21 0 0 0 0 0
2146838315848219 137946042775232 subm_beg 1 0 0 0 0 0
2146838315848699 137946042775232 submit 21 0 0 0 0 0
2146838315848859 137946042775232 subm_end 1 0 0 0 0 0
2146838315848909 137946042775232 pump_beg 1 0 0 0 0 0
2146838316003003 137946042775232 feedend 20 0 0 0 0 0
2146838316018653 137946042775232 feedend 20 1 0 0 0 0
2146838318594369 137946042775232 outfirst 20 1 65536 0 0 0
2146838318929537 137946042775232 outfirst 20 0 65536 0 0 0
2146838318945296 137946042775232 pump_end 1 2 0 0 0 0
2146838318945476 137946042775232 join_beg 1 0 0 0 0 0
2146838318945816 137946042775232 join_end 0 0 0 0 0 0
2146838318945986 137946042775232 book_beg 1 0 0 0 0 0
2146838318946216 137946042775232 batch 21 1 1 2 2 0
2146838318946386 137946042775232 book_end 1 0 0 0 0 0
2146838318946566 137946042775232 coll_beg 0 0 0 0 0 0
2146838319071221 137946042775232 coll_end 0 0 0 0 0 0
2146838319071411 137946042775232 rel_beg 1 0 0 0 0 0
2146838319071731 137946042775232 absorb 21 0 0 0 0 0
2146838319075041 137946042775232 rel_end 1 0 0 0 0 0
2146838319076851 137946042775232 wait_beg 0 0 0 0 0 0
2146838315819580 137946056009600 msgin 21 4718592 0 0 0 0
2146838315819910 137946056009600 enq 21 1 0 0 0 0
2146838319085011 137946056009600 ackslot 21 20 21 20 1 0
2146838319176968 137946056009600 send 18 0 0 20 20 2
2146838319664980 137946056009600 send 138603 0 0 20 20 2
2146838320071115 137946056009600 send 115273 0 0 20 20 2
2146838320076005 137946056009600 send 14 0 0 20 20 2
2146838320076165 137946056009600 egress 21 1 0 20 0 0
2146838320076295 137946056009600 ackregion 21 21 21 20 1 0
2146838320680923 137946056009600 cliack 21 0 22 21 0 0
2146838319093481 137945960937152 emit_beg 21 0 0 0 0 0
2146838319100200 137945960937152 dmg 0 1 0 0 1024 768
2146838319100400 137945960937152 enc 20 20 1 -1 -1 0
2146838319126759 137945960937152 emit_end 21 0 0 0 0 0
2146838331418911 137946042775232 wait_end 0 0 0 0 0 0
2146838331420701 137946042775232 drain_beg 0 0 0 0 0 0
2146838331420951 137946042775232 drain_end 1 0 0 0 0 0
2146838331421101 137946042775232 take 22 0 0 0 0 0
2146838331421551 137946042775232 subm_beg 1 0 0 0 0 0
2146838331421981 137946042775232 submit 22 0 0 0 0 0
2146838331422161 137946042775232 subm_end 1 0 0 0 0 0
2146838331422401 137946042775232 pump_beg 1 0 0 0 0 0
2146838331561656 137946042775232 feedend 21 0 0 0 0 0
2146838331586525 137946042775232 feedend 21 1 0 0 0 0
2146838331408551 137946056009600 msgin 22 4718592 0 0 0 0
2146838331409461 137946056009600 enq 22 1 0 0 0 0
2146838334741330 137946042775232 outfirst 21 1 65536 0 0 0
2146838335096407 137946042775232 outfirst 21 0 65536 0 0 0
2146838335150015 137946042775232 pump_end 1 2 0 0 0 0
2146838335150205 137946042775232 join_beg 1 0 0 0 0 0
2146838335150495 137946042775232 join_end 0 0 0 0 0 0
2146838335150545 137946042775232 book_beg 1 0 0 0 0 0
2146838335150735 137946042775232 batch 22 1 1 2 2 0
2146838335150935 137946042775232 book_end 1 0 0 0 0 0
2146838335151145 137946042775232 coll_beg 0 0 0 0 0 0
2146838335318609 137946042775232 coll_end 0 0 0 0 0 0
2146838335318709 137946042775232 rel_beg 1 0 0 0 0 0
2146838335319129 137946042775232 absorb 22 0 0 0 0 0
2146838335323039 137946042775232 rel_end 1 0 0 0 0 0
2146838335324699 137946042775232 wait_beg 0 0 0 0 0 0
2146838336693949 137946042775232 wait_end 0 0 0 0 0 0
2146838336695259 137946042775232 drain_beg 0 0 0 0 0 0
2146838336695519 137946042775232 drain_end 1 0 0 0 0 0
2146838336695659 137946042775232 take 23 0 0 0 0 0
2146838336695799 137946042775232 subm_beg 1 0 0 0 0 0
2146838336696119 137946042775232 submit 23 0 0 0 0 0
2146838336696259 137946042775232 subm_end 1 0 0 0 0 0
2146838336696289 137946042775232 pump_beg 1 0 0 0 0 0
2146838336853623 137946042775232 feedend 22 0 0 0 0 0
2146838336858273 137946042775232 feedend 22 1 0 0 0 0
2146838340080355 137946042775232 outfirst 22 1 65536 0 0 0
2146838340146553 137946042775232 outfirst 22 0 65536 0 0 0
2146838340167812 137946042775232 pump_end 1 2 0 0 0 0
2146838340168132 137946042775232 join_beg 1 0 0 0 0 0
2146838340168452 137946042775232 join_end 0 0 0 0 0 0
2146838340168512 137946042775232 book_beg 1 0 0 0 0 0
2146838340168722 137946042775232 batch 23 1 1 2 2 0
2146838340168872 137946042775232 book_end 1 0 0 0 0 0
2146838340169022 137946042775232 coll_beg 0 0 0 0 0 0
2146838340293647 137946042775232 coll_end 0 0 0 0 0 0
2146838340293687 137946042775232 rel_beg 1 0 0 0 0 0
2146838340294157 137946042775232 absorb 23 0 0 0 0 0
2146838340298277 137946042775232 rel_end 1 0 0 0 0 0
2146838340299877 137946042775232 wait_beg 0 0 0 0 0 0
2146838335333448 137946056009600 ackslot 22 21 22 21 1 0
2146838335429545 137946056009600 send 18 0 0 21 21 2
2146838336178697 137946056009600 send 202929 0 0 21 21 2
2146838336594742 137946056009600 send 176299 0 0 21 21 2
2146838336597842 137946056009600 send 14 0 0 21 21 2
2146838336598042 137946056009600 egress 22 1 0 21 0 0
2146838336598162 137946056009600 ackregion 22 22 22 21 1 0
2146838336686119 137946056009600 msgin 23 4718592 0 0 0 0
2146838336686299 137946056009600 enq 23 1 0 0 0 0
2146838337126133 137946056009600 cliack 22 0 23 22 0 0
2146838340310047 137946056009600 ackslot 23 22 23 22 1 0
2146838340364785 137946056009600 send 18 0 0 22 22 2
2146838340972402 137946056009600 send 185128 0 0 22 22 2
2146838341514993 137946056009600 send 166967 0 0 22 22 2
2146838341520432 137946056009600 send 14 0 0 22 22 2
2146838341520652 137946056009600 egress 23 1 0 22 0 0
2146838341520852 137946056009600 ackregion 23 23 23 22 1 0
2146838341686396 137946056009600 cliack 23 0 24 23 0 0
2146838335343358 137945960937152 emit_beg 22 0 0 0 0 0
2146838335351748 137945960937152 dmg 0 1 0 0 1024 768
2146838335351988 137945960937152 enc 21 21 1 -1 -1 0
2146838335397656 137945960937152 emit_end 22 0 0 0 0 0
2146838340304587 137945960937152 emit_beg 23 0 0 0 0 0
2146838340306717 137945960937152 dmg 0 1 0 0 1024 768
2146838340306887 137945960937152 enc 22 22 1 -1 -1 0
2146838340334156 137945960937152 emit_end 23 0 0 0 0 0
2146838351708621 137946042775232 wait_end 0 0 0 0 0 0
2146838351712231 137946042775232 drain_beg 0 0 0 0 0 0
2146838351712731 137946042775232 drain_end 1 0 0 0 0 0
2146838351712911 137946042775232 take 24 0 0 0 0 0
2146838351713311 137946042775232 subm_beg 1 0 0 0 0 0
2146838351714331 137946042775232 submit 24 0 0 0 0 0
2146838351714491 137946042775232 subm_end 1 0 0 0 0 0
2146838351714551 137946042775232 pump_beg 1 0 0 0 0 0
2146838351838616 137946042775232 feedend 23 0 0 0 0 0
2146838351890984 137946042775232 feedend 23 1 0 0 0 0
2146838351683142 137946056009600 msgin 24 4718592 0 0 0 0
2146838351683792 137946056009600 enq 24 1 0 0 0 0
2146838354954282 137946042775232 outfirst 23 1 65536 0 0 0
2146838355520412 137946042775232 outfirst 23 0 65536 0 0 0
2146838355542941 137946042775232 pump_end 1 2 0 0 0 0
2146838355543131 137946042775232 join_beg 1 0 0 0 0 0
2146838355543311 137946042775232 join_end 0 0 0 0 0 0
2146838355543411 137946042775232 book_beg 1 0 0 0 0 0
2146838355543661 137946042775232 batch 24 1 1 2 2 0
2146838355543831 137946042775232 book_end 1 0 0 0 0 0
2146838355543991 137946042775232 coll_beg 0 0 0 0 0 0
2146838355694015 137946042775232 coll_end 0 0 0 0 0 0
2146838355694365 137946042775232 rel_beg 1 0 0 0 0 0
2146838355694535 137946042775232 absorb 24 0 0 0 0 0
2146838355697425 137946042775232 rel_end 1 0 0 0 0 0
2146838355698965 137946042775232 wait_beg 0 0 0 0 0 0
2146838355720144 137946056009600 ackslot 24 23 24 23 1 0
2146838355756373 137946056009600 send 18 0 0 23 23 2
2146838356503626 137946056009600 send 178402 0 0 23 23 2
2146838356977989 137946056009600 send 151124 0 0 23 23 2
2146838356982988 137946056009600 send 14 0 0 23 23 2
2146838356983348 137946056009600 egress 24 1 0 23 0 0
2146838356983488 137946056009600 ackregion 24 24 24 23 1 0
2146838357118113 137946056009600 cliack 24 0 25 24 0 0
2146838355702765 137945960937152 emit_beg 24 0 0 0 0 0
2146838355705115 137945960937152 dmg 0 1 0 0 1024 768
2146838355705265 137945960937152 enc 23 23 1 -1 -1 0
2146838355731414 137945960937152 emit_end 24 0 0 0 0 0
2146838367457146 137946042775232 wait_end 0 0 0 0 0 0
2146838367459766 137946042775232 drain_beg 0 0 0 0 0 0
2146838367460056 137946042775232 drain_end 1 0 0 0 0 0
2146838367460246 137946042775232 take 25 0 0 0 0 0
2146838367460516 137946042775232 subm_beg 1 0 0 0 0 0
2146838367460856 137946042775232 submit 25 0 0 0 0 0
2146838367461026 137946042775232 subm_end 1 0 0 0 0 0
2146838367461106 137946042775232 pump_beg 1 0 0 0 0 0
2146838367571092 137946042775232 feedend 24 0 0 0 0 0
2146838367631630 137946042775232 feedend 24 1 0 0 0 0
2146838370490066 137946042775232 outfirst 24 1 65536 0 0 0
2146838371082024 137946042775232 outfirst 24 0 65536 0 0 0
2146838371106653 137946042775232 pump_end 1 2 0 0 0 0
2146838371106843 137946042775232 join_beg 1 0 0 0 0 0
2146838371107053 137946042775232 join_end 0 0 0 0 0 0
2146838371107153 137946042775232 book_beg 1 0 0 0 0 0
2146838371107343 137946042775232 batch 25 1 1 2 2 0
2146838371107503 137946042775232 book_end 1 0 0 0 0 0
2146838371107653 137946042775232 coll_beg 0 0 0 0 0 0
2146838371242658 137946042775232 coll_end 0 0 0 0 0 0
2146838371242838 137946042775232 rel_beg 1 0 0 0 0 0
2146838371243008 137946042775232 absorb 25 0 0 0 0 0
2146838371245328 137946042775232 rel_end 1 0 0 0 0 0
2146838371246978 137946042775232 wait_beg 0 0 0 0 0 0
2146838367435847 137946056009600 msgin 25 4718592 0 0 0 0
2146838367436147 137946056009600 enq 25 1 0 0 0 0
2146838371250658 137946056009600 ackslot 25 24 25 24 1 0
2146838371369214 137946056009600 send 18 0 0 24 24 2
2146838371969922 137946056009600 send 166702 0 0 24 24 2
2146838372454914 137946056009600 send 129389 0 0 24 24 2
2146838372458164 137946056009600 send 14 0 0 24 24 2
2146838372458494 137946056009600 egress 25 1 0 24 0 0
2146838372458594 137946056009600 ackregion 25 25 25 24 1 0
2146838371264727 137945960937152 emit_beg 25 0 0 0 0 0
2146838371270157 137945960937152 dmg 0 1 0 0 1024 768
2146838371270327 137945960937152 enc 24 24 1 -1 -1 0
2146838371309416 137945960937152 emit_end 25 0 0 0 0 0
2146838373003994 137946056009600 cliack 25 0 26 25 0 0
2146838383656475 137946042775232 wait_end 0 0 0 0 0 0
2146838383658955 137946042775232 drain_beg 0 0 0 0 0 0
2146838383659175 137946042775232 drain_end 1 0 0 0 0 0
2146838383659485 137946042775232 take 26 0 0 0 0 0
2146838383659835 137946042775232 subm_beg 1 0 0 0 0 0
2146838383660595 137946042775232 submit 26 0 0 0 0 0
2146838383660755 137946042775232 subm_end 1 0 0 0 0 0
2146838383660805 137946042775232 pump_beg 1 0 0 0 0 0
2146838383789420 137946042775232 feedend 25 0 0 0 0 0
2146838383844518 137946042775232 feedend 25 1 0 0 0 0
2146838387535384 137946042775232 outfirst 25 1 65536 0 0 0
2146838387989757 137946042775232 outfirst 25 0 65536 0 0 0
2146838388044675 137946042775232 pump_end 1 2 0 0 0 0
2146838388046025 137946042775232 join_beg 1 0 0 0 0 0
2146838388046345 137946042775232 join_end 0 0 0 0 0 0
2146838388046475 137946042775232 book_beg 1 0 0 0 0 0
2146838388046745 137946042775232 batch 26 1 1 2 2 0
2146838388046775 137946042775232 book_end 1 0 0 0 0 0
2146838388046805 137946042775232 coll_beg 0 0 0 0 0 0
2146838388254497 137946042775232 coll_end 0 0 0 0 0 0
2146838388254567 137946042775232 rel_beg 1 0 0 0 0 0
2146838388254917 137946042775232 absorb 26 0 0 0 0 0
2146838388258477 137946042775232 rel_end 1 0 0 0 0 0
2146838388260197 137946042775232 wait_beg 0 0 0 0 0 0
2146838383646026 137946056009600 msgin 26 4718592 0 0 0 0
2146838383646416 137946056009600 enq 26 1 0 0 0 0
2146838388281726 137946056009600 ackslot 26 25 26 25 1 0
2146838388319575 137946056009600 send 18 0 0 25 25 2
2146838389145945 137946056009600 send 227516 0 0 25 25 2
2146838389665016 137946056009600 send 204780 0 0 25 25 2
2146838389668626 137946056009600 send 14 0 0 25 25 2
2146838389668916 137946056009600 egress 26 1 0 25 0 0
2146838389669056 137946056009600 ackregion 26 26 26 25 1 0
2146838390571503 137946056009600 cliack 26 0 27 26 0 0
2146838388270677 137945960937152 emit_beg 26 0 0 0 0 0
2146838388275427 137945960937152 dmg 0 1 0 0 1024 768
2146838388275757 137945960937152 enc 25 25 1 -1 -1 0
2146838388389743 137945960937152 emit_end 26 0 0 0 0 0
2146838399655492 137946042775232 wait_end 0 0 0 0 0 0
2146838399656752 137946042775232 drain_beg 0 0 0 0 0 0
2146838399657132 137946042775232 drain_end 1 0 0 0 0 0
2146838399657212 137946042775232 take 27 0 0 0 0 0
2146838399657381 137946042775232 subm_beg 1 0 0 0 0 0
2146838399657891 137946042775232 submit 27 0 0 0 0 0
2146838399658121 137946042775232 subm_end 1 0 0 0 0 0
2146838399658161 137946042775232 pump_beg 1 0 0 0 0 0
2146838399798276 137946042775232 feedend 26 0 0 0 0 0
2146838399804726 137946042775232 feedend 26 1 0 0 0 0
2146838402709090 137946042775232 outfirst 26 1 65536 0 0 0
2146838399646232 137946056009600 msgin 27 4718592 0 0 0 0
2146838399646592 137946056009600 enq 27 1 0 0 0 0
2146838403262210 137946042775232 outfirst 26 0 65536 0 0 0
2146838403281599 137946042775232 pump_end 1 2 0 0 0 0
2146838403281739 137946042775232 join_beg 1 0 0 0 0 0
2146838403282019 137946042775232 join_end 0 0 0 0 0 0
2146838403282069 137946042775232 book_beg 1 0 0 0 0 0
2146838403282309 137946042775232 batch 27 1 1 2 2 0
2146838403282449 137946042775232 book_end 1 0 0 0 0 0
2146838403282599 137946042775232 coll_beg 0 0 0 0 0 0
2146838403415134 137946042775232 coll_end 0 0 0 0 0 0
2146838403415314 137946042775232 rel_beg 1 0 0 0 0 0
2146838403415674 137946042775232 absorb 27 0 0 0 0 0
2146838403419104 137946042775232 rel_end 1 0 0 0 0 0
2146838403420744 137946042775232 wait_beg 0 0 0 0 0 0
2146838403440634 137946056009600 ackslot 27 26 27 26 1 0
2146838403468032 137946056009600 send 18 0 0 26 26 2
2146838403841759 137946056009600 send 161176 0 0 26 26 2
2146838404167887 137946056009600 send 132797 0 0 26 26 2
2146838404172227 137946056009600 send 14 0 0 26 26 2
2146838404172367 137946056009600 egress 27 1 0 26 0 0
2146838404172517 137946056009600 ackregion 27 27 27 26 1 0
2146838405049085 137946056009600 cliack 27 0 28 27 0 0
2146838403424894 137945960937152 emit_beg 27 0 0 0 0 0
2146838403427314 137945960937152 dmg 0 1 0 0 1024 768
2146838403427474 137945960937152 enc 26 26 1 -1 -1 0
2146838403449593 137945960937152 emit_end 27 0 0 0 0 0
2146838415745425 137946042775232 wait_end 0 0 0 0 0 0
2146838415747145 137946042775232 drain_beg 0 0 0 0 0 0
2146838415747394 137946042775232 drain_end 1 0 0 0 0 0
2146838415747534 137946042775232 take 28 0 0 0 0 0
2146838415747784 137946042775232 subm_beg 1 0 0 0 0 0
2146838415748084 137946042775232 submit 28 0 0 0 0 0
2146838415748234 137946042775232 subm_end 1 0 0 0 0 0
2146838415748264 137946042775232 pump_beg 1 0 0 0 0 0
2146838415884100 137946042775232 feedend 27 0 0 0 0 0
2146838415911229 137946042775232 feedend 27 1 0 0 0 0
2146838418814443 137946042775232 outfirst 27 1 65536 0 0 0
2146838419740999 137946042775232 outfirst 27 0 65536 0 0 0
2146838419775148 137946042775232 pump_end 1 2 0 0 0 0
2146838419775338 137946042775232 join_beg 1 0 0 0 0 0
2146838419775648 137946042775232 join_end 0 0 0 0 0 0
2146838419775748 137946042775232 book_beg 1 0 0 0 0 0
2146838419775948 137946042775232 batch 28 1 1 2 2 0
2146838419776088 137946042775232 book_end 1 0 0 0 0 0
2146838419776238 137946042775232 coll_beg 0 0 0 0 0 0
2146838419933742 137946042775232 coll_end 0 0 0 0 0 0
2146838419933932 137946042775232 rel_beg 1 0 0 0 0 0
2146838419934292 137946042775232 absorb 28 0 0 0 0 0
2146838419937702 137946042775232 rel_end 1 0 0 0 0 0
2146838419939802 137946042775232 wait_beg 0 0 0 0 0 0
2146838415736355 137946056009600 msgin 28 4718592 0 0 0 0
2146838415736545 137946056009600 enq 28 1 0 0 0 0
2146838419947071 137946056009600 ackslot 28 27 28 27 1 0
2146838419957901 137946056009600 send 18 0 0 27 27 2
2146838420728243 137946056009600 send 191006 0 0 27 27 2
2146838421221175 137946056009600 send 140426 0 0 27 27 2
2146838421226845 137946056009600 send 14 0 0 27 27 2
2146838421227285 137946056009600 egress 28 1 0 27 0 0
2146838421227385 137946056009600 ackregion 28 28 28 27 1 0
2146838421815203 137946056009600 cliack 28 0 29 28 0 0
2146838419944061 137945960937152 emit_beg 28 0 0 0 0 0
2146838419945881 137945960937152 dmg 0 1 0 0 1024 768
2146838419946041 137945960937152 enc 27 27 1 -1 -1 0
2146838419979050 137945960937152 emit_end 28 0 0 0 0 0
2146838432325290 137946042775232 wait_end 0 0 0 0 0 0
2146838432328220 137946042775232 drain_beg 0 0 0 0 0 0
2146838432328610 137946042775232 drain_end 1 0 0 0 0 0
2146838432328780 137946042775232 take 29 0 0 0 0 0
2146838432329530 137946042775232 subm_beg 1 0 0 0 0 0
2146838432330440 137946042775232 submit 29 0 0 0 0 0
2146838432330669 137946042775232 subm_end 1 0 0 0 0 0
2146838432330739 137946042775232 pump_beg 1 0 0 0 0 0
2146838432448315 137946042775232 feedend 28 0 0 0 0 0
2146838432492574 137946042775232 feedend 28 1 0 0 0 0
2146838432304010 137946056009600 msgin 29 4718592 0 0 0 0
2146838432304560 137946056009600 enq 29 1 0 0 0 0
2146838435448276 137946042775232 outfirst 28 1 65536 0 0 0
2146838435963177 137946042775232 outfirst 28 0 65536 0 0 0
2146838435984166 137946042775232 pump_end 1 2 0 0 0 0
2146838435984346 137946042775232 join_beg 1 0 0 0 0 0
2146838435984566 137946042775232 join_end 0 0 0 0 0 0
2146838435984656 137946042775232 book_beg 1 0 0 0 0 0
2146838435984876 137946042775232 batch 29 1 1 2 2 0
2146838435985046 137946042775232 book_end 1 0 0 0 0 0
2146838435985226 137946042775232 coll_beg 0 0 0 0 0 0
2146838436125611 137946042775232 coll_end 0 0 0 0 0 0
2146838436125881 137946042775232 rel_beg 1 0 0 0 0 0
2146838436126051 137946042775232 absorb 29 0 0 0 0 0
2146838436128411 137946042775232 rel_end 1 0 0 0 0 0
2146838436130501 137946042775232 wait_beg 0 0 0 0 0 0
2146838436135291 137946056009600 ackslot 29 28 29 28 1 0
2146838436208098 137946056009600 send 18 0 0 28 28 2
2146838436741219 137946056009600 send 155536 0 0 28 28 2
2146838437193382 137946056009600 send 132351 0 0 28 28 2
2146838437200012 137946056009600 send 14 0 0 28 28 2
2146838437200172 137946056009600 egress 29 1 0 28 0 0
2146838437200202 137946056009600 ackregion 29 29 29 28 1 0
2146838437455173 137946056009600 cliack 29 0 30 29 0 0
2146838436148700 137945960937152 emit_beg 29 0 0 0 0 0
2146838436153710 137945960937152 dmg 0 1 0 0 1024 768
2146838436154030 137945960937152 enc 28 28 1 -1 -1 0
2146838436175069 137945960937152 emit_end 29 0 0 0 0 0
2146838447752957 137946042775232 wait_end 0 0 0 0 0 0
2146838447756757 137946042775232 drain_beg 0 0 0 0 0 0
2146838447763116 137946042775232 drain_end 1 0 0 0 0 0
2146838447763296 137946042775232 take 30 0 0 0 0 0
2146838447763816 137946042775232 subm_beg 1 0 0 0 0 0
2146838447764636 137946042775232 submit 30 0 0 0 0 0
2146838447764736 137946042775232 subm_end 1 0 0 0 0 0
2146838447764826 137946042775232 pump_beg 1 0 0 0 0 0
2146838447896152 137946042775232 feedend 29 0 0 0 0 0
2146838447952660 137946042775232 feedend 29 1 0 0 0 0
2146838450755997 137946042775232 outfirst 29 1 65536 0 0 0
2146838451319407 137946042775232 outfirst 29 0 65536 0 0 0
2146838451357135 137946042775232 pump_end 1 2 0 0 0 0
2146838451357375 137946042775232 join_beg 1 0 0 0 0 0
2146838451357675 137946042775232 join_end 0 0 0 0 0 0
2146838451357755 137946042775232 book_beg 1 0 0 0 0 0
2146838451358055 137946042775232 batch 30 1 1 2 2 0
2146838451358105 137946042775232 book_end 1 0 0 0 0 0
2146838451358145 137946042775232 coll_beg 0 0 0 0 0 0
2146838451478501 137946042775232 coll_end 0 0 0 0 0 0
2146838451478601 137946042775232 rel_beg 1 0 0 0 0 0
2146838451478921 137946042775232 absorb 30 0 0 0 0 0
2146838451482521 137946042775232 rel_end 1 0 0 0 0 0
2146838451484451 137946042775232 wait_beg 0 0 0 0 0 0
2146838447728128 137946056009600 msgin 30 4718592 0 0 0 0
2146838447728538 137946056009600 enq 30 1 0 0 0 0
2146838451507860 137946056009600 ackslot 30 29 30 29 1 0
2146838451540849 137946056009600 send 18 0 0 29 29 2
2146838452036351 137946056009600 send 138046 0 0 29 29 2
2146838452440906 137946056009600 send 115235 0 0 29 29 2
2146838452446306 137946056009600 send 14 0 0 29 29 2
2146838452446656 137946056009600 egress 30 1 0 29 0 0
2146838452446836 137946056009600 ackregion 30 30 30 29 1 0
2146838452829662 137946056009600 cliack 30 0 31 30 0 0
2146838451489571 137945960937152 emit_beg 30 0 0 0 0 0
2146838451491570 137945960937152 dmg 0 1 0 0 1024 768
2146838451491730 137945960937152 enc 29 29 1 -1 -1 0
2146838451511610 137945960937152 emit_end 30 0 0 0 0 0
2146838463584459 137946042775232 wait_end 0 0 0 0 0 0
2146838463586429 137946042775232 drain_beg 0 0 0 0 0 0
2146838463586779 137946042775232 drain_end 1 0 0 0 0 0
2146838463586899 137946042775232 take 31 0 0 0 0 0
2146838463587219 137946042775232 subm_beg 1 0 0 0 0 0
2146838463588039 137946042775232 submit 31 0 0 0 0 0
2146838463588199 137946042775232 subm_end 1 0 0 0 0 0
2146838463588269 137946042775232 pump_beg 1 0 0 0 0 0
2146838463732874 137946042775232 feedend 30 0 0 0 0 0
2146838463770382 137946042775232 feedend 30 1 0 0 0 0
2146838466745304 137946042775232 outfirst 30 1 65536 0 0 0
2146838467315723 137946042775232 outfirst 30 0 65536 0 0 0
2146838467341992 137946042775232 pump_end 1 2 0 0 0 0
2146838467342172 137946042775232 join_beg 1 0 0 0 0 0
2146838467342482 137946042775232 join_end 0 0 0 0 0 0
2146838467342642 137946042775232 book_beg 1 0 0 0 0 0
2146838467342942 137946042775232 batch 31 1 1 2 2 0
2146838467343112 137946042775232 book_end 1 0 0 0 0 0
2146838467343272 137946042775232 coll_beg 0 0 0 0 0 0
2146838467481117 137946042775232 coll_end 0 0 0 0 0 0
2146838467481387 137946042775232 rel_beg 1 0 0 0 0 0
2146838467481717 137946042775232 absorb 31 0 0 0 0 0
2146838467485307 137946042775232 rel_end 1 0 0 0 0 0
2146838467487397 137946042775232 wait_beg 0 0 0 0 0 0
2146838463573130 137946056009600 msgin 31 4718592 0 0 0 0
2146838463573870 137946056009600 enq 31 1 0 0 0 0
2146838467499886 137946056009600 ackslot 31 30 31 30 1 0
2146838467535625 137946056009600 send 18 0 0 30 30 2
2146838468126524 137946056009600 send 167425 0 0 30 30 2
2146838468580877 137946056009600 send 139966 0 0 30 30 2
2146838468584307 137946056009600 send 14 0 0 30 30 2
2146838468584637 137946056009600 egress 31 1 0 30 0 0
2146838468584807 137946056009600 ackregion 31 31 31 30 1 0
2146838468952143 137946056009600 cliack 31 0 32 31 0 0
2146838467492667 137945960937152 emit_beg 31 0 0 0 0 0
2146838467495357 137945960937152 dmg 0 1 0 0 1024 768
2146838467495537 137945960937152 enc 30 30 1 -1 -1 0
2146838467528415 137945960937152 emit_end 31 0 0 0 0 0
2146838479369113 137946042775232 wait_end 0 0 0 0 0 0
2146838479371073 137946042775232 drain_beg 0 0 0 0 0 0
2146838479371473 137946042775232 drain_end 1 0 0 0 0 0
2146838479371613 137946042775232 take 32 0 0 0 0 0
2146838479371873 137946042775232 subm_beg 1 0 0 0 0 0
2146838479372313 137946042775232 submit 32 0 0 0 0 0
2146838479372553 137946042775232 subm_end 1 0 0 0 0 0
2146838479372583 137946042775232 pump_beg 1 0 0 0 0 0
2146838479512088 137946042775232 feedend 31 0 0 0 0 0
2146838479535917 137946042775232 feedend 31 1 0 0 0 0
2146838482478610 137946042775232 outfirst 31 1 65536 0 0 0
2146838482887135 137946042775232 outfirst 31 0 65536 0 0 0
2146838482905404 137946042775232 pump_end 1 2 0 0 0 0
2146838482905584 137946042775232 join_beg 1 0 0 0 0 0
2146838482905894 137946042775232 join_end 0 0 0 0 0 0
2146838482905984 137946042775232 book_beg 1 0 0 0 0 0
2146838482906224 137946042775232 batch 32 1 1 2 2 0
2146838482906394 137946042775232 book_end 1 0 0 0 0 0
2146838482906564 137946042775232 coll_beg 0 0 0 0 0 0
2146838483027460 137946042775232 coll_end 0 0 0 0 0 0
2146838483027720 137946042775232 rel_beg 1 0 0 0 0 0
2146838483028060 137946042775232 absorb 32 0 0 0 0 0
2146838483031460 137946042775232 rel_end 1 0 0 0 0 0
2146838483033320 137946042775232 wait_beg 0 0 0 0 0 0
2146838479359084 137946056009600 msgin 32 4718592 0 0 0 0
2146838479359974 137946056009600 enq 32 1 0 0 0 0
2146838483040789 137946056009600 ackslot 32 31 32 31 1 0
2146838483055809 137946056009600 send 18 0 0 31 31 2
2146838483423655 137946056009600 send 153425 0 0 31 31 2
2146838483039780 137945960937152 emit_beg 32 0 0 0 0 0
2146838483043759 137945960937152 dmg 0 1 0 0 1024 768
2146838483043959 137945960937152 enc 31 31 1 -1 -1 0
2146838483077228 137945960937152 emit_end 32 0 0 0 0 0
2146838483819921 137946042775232 wait_end 0 0 0 0 0 0
2146838483822601 137946042775232 drain_beg 0 0 0 0 0 0
2146838483822991 137946042775232 drain_end 1 0 0 0 0 0
2146838483823091 137946042775232 take 33 0 0 0 0 0
2146838483823291 137946042775232 subm_beg 1 0 0 0 0 0
2146838483823671 137946042775232 submit 33 0 0 0 0 0
2146838483823851 137946042775232 subm_end 1 0 0 0 0 0
2146838483823911 137946042775232 pump_beg 1 0 0 0 0 0
2146838483964556 137946042775232 feedend 32 0 0 0 0 0
2146838483969446 137946042775232 feedend 32 1 0 0 0 0
2146838487744168 137946042775232 outfirst 32 1 65536 0 0 0
2146838488142043 137946042775232 outfirst 32 0 65536 0 0 0
2146838488273948 137946042775232 pump_end 1 2 0 0 0 0
2146838488274238 137946042775232 join_beg 1 0 0 0 0 0
2146838488274498 137946042775232 join_end 0 0 0 0 0 0
2146838488274678 137946042775232 book_beg 1 0 0 0 0 0
2146838488275918 137946042775232 batch 33 1 1 2 2 0
2146838488275978 137946042775232 book_end 1 0 0 0 0 0
2146838488276148 137946042775232 coll_beg 0 0 0 0 0 0
2146838488512560 137946042775232 coll_end 0 0 0 0 0 0
2146838488512630 137946042775232 rel_beg 1 0 0 0 0 0
2146838488512780 137946042775232 absorb 33 0 0 0 0 0
2146838488515030 137946042775232 rel_end 1 0 0 0 0 0
2146838488516380 137946042775232 wait_beg 0 0 0 0 0 0
2146838488517490 137946042775232 wait_end 0 0 0 0 0 0
2146838488518950 137946042775232 drain_beg 0 0 0 0 0 0
2146838488519200 137946042775232 drain_end 1 0 0 0 0 0
2146838488519360 137946042775232 take 34 0 0 0 0 0
2146838488519550 137946042775232 subm_beg 1 0 0 0 0 0
2146838488519780 137946042775232 submit 34 0 0 0 0 0
2146838488519920 137946042775232 subm_end 1 0 0 0 0 0
2146838488519980 137946042775232 pump_beg 1 0 0 0 0 0
2146838488600607 137946042775232 feedend 33 0 0 0 0 0
2146838488661414 137946042775232 feedend 33 1 0 0 0 0
2146838491508960 137946042775232 outfirst 33 1 65536 0 0 0
2146838492271073 137946042775232 outfirst 33 0 65536 0 0 0
2146838492290902 137946042775232 pump_end 1 2 0 0 0 0
2146838492291082 137946042775232 join_beg 1 0 0 0 0 0
2146838492291232 137946042775232 join_end 0 0 0 0 0 0
2146838492291362 137946042775232 book_beg 1 0 0 0 0 0
2146838492291512 137946042775232 batch 34 1 1 2 2 0
2146838492291542 137946042775232 book_end 1 0 0 0 0 0
2146838492291572 137946042775232 coll_beg 0 0 0 0 0 0
2146838492436797 137946042775232 coll_end 0 0 0 0 0 0
2146838492436867 137946042775232 rel_beg 1 0 0 0 0 0
2146838492437007 137946042775232 absorb 34 0 0 0 0 0
2146838492440587 137946042775232 rel_end 1 0 0 0 0 0
2146838492442436 137946042775232 wait_beg 0 0 0 0 0 0
2146838483736274 137946056009600 send 134054 0 0 31 31 2
2146838483739944 137946056009600 send 14 0 0 31 31 2
2146838483740524 137946056009600 egress 32 1 0 31 0 0
2146838483740684 137946056009600 ackregion 32 32 32 31 1 0
2146838483799922 137946056009600 msgin 33 4718592 0 0 0 0
2146838483800372 137946056009600 enq 33 1 0 0 0 0
2146838484519635 137946056009600 cliack 32 0 33 32 0 0
2146838487433749 137946056009600 msgin 34 4718592 0 0 0 0
2146838487433819 137946056009600 enq 34 1 0 0 0 0
2146838488520210 137946056009600 ackslot 33 32 33 32 1 0
2146838488532579 137946056009600 send 18 0 0 32 32 2
2146838489239293 137946056009600 send 247365 0 0 32 32 2
2146838489730475 137946056009600 send 221485 0 0 32 32 2
2146838489734885 137946056009600 send 14 0 0 32 32 2
2146838489735295 137946056009600 egress 33 1 0 32 0 0
2146838489735815 137946056009600 ackregion 33 33 33 32 1 0
2146838490811736 137946056009600 cliack 33 0 34 33 0 0
2146838492450476 137946056009600 ackslot 34 33 34 33 1 0
2146838492464626 137946056009600 send 18 0 0 33 33 2
2146838492892480 137946056009600 send 183436 0 0 33 33 2
2146838493229488 137946056009600 send 134924 0 0 33 33 2
2146838493232768 137946056009600 send 14 0 0 33 33 2
2146838493233038 137946056009600 egress 34 1 0 33 0 0
2146838493233198 137946056009600 ackregion 34 34 34 33 1 0
2146838488521319 137945960937152 emit_beg 33 0 0 0 0 0
2146838488524149 137945960937152 dmg 0 1 0 0 1024 768
2146838488524309 137945960937152 enc 32 32 1 -1 -1 0
2146838488580387 137945960937152 emit_end 33 0 0 0 0 0
2146838492446646 137945960937152 emit_beg 34 0 0 0 0 0
2146838492448036 137945960937152 dmg 0 1 0 0 1024 768
2146838492448196 137945960937152 enc 33 33 1 -1 -1 0
2146838492475445 137945960937152 emit_end 34 0 0 0 0 0
2146838494045258 137946056009600 cliack 34 0 35 34 0 0
2146838504200187 137946042775232 wait_end 0 0 0 0 0 0
2146838504202807 137946042775232 drain_beg 0 0 0 0 0 0
2146838504203167 137946042775232 drain_end 1 0 0 0 0 0
2146838504203307 137946042775232 take 35 0 0 0 0 0
2146838504203807 137946042775232 subm_beg 1 0 0 0 0 0
2146838504204377 137946042775232 submit 35 0 0 0 0 0
2146838504204597 137946042775232 subm_end 1 0 0 0 0 0
2146838504204637 137946042775232 pump_beg 1 0 0 0 0 0
2146838504357932 137946042775232 feedend 34 0 0 0 0 0
2146838504396890 137946042775232 feedend 34 1 0 0 0 0
2146838507330553 137946042775232 outfirst 34 1 65536 0 0 0
2146838507721599 137946042775232 outfirst 34 0 65536 0 0 0
2146838507762378 137946042775232 pump_end 1 2 0 0 0 0
2146838507762548 137946042775232 join_beg 1 0 0 0 0 0
2146838507762838 137946042775232 join_end 0 0 0 0 0 0
2146838507762938 137946042775232 book_beg 1 0 0 0 0 0
2146838507763128 137946042775232 batch 35 1 1 2 2 0
2146838507763288 137946042775232 book_end 1 0 0 0 0 0
2146838507763448 137946042775232 coll_beg 0 0 0 0 0 0
2146838507890703 137946042775232 coll_end 0 0 0 0 0 0
2146838507891033 137946042775232 rel_beg 1 0 0 0 0 0
2146838507891393 137946042775232 absorb 35 0 0 0 0 0
2146838507894703 137946042775232 rel_end 1 0 0 0 0 0
2146838507896973 137946042775232 wait_beg 0 0 0 0 0 0
2146838504188828 137946056009600 msgin 35 4718592 0 0 0 0
2146838504189408 137946056009600 enq 35 1 0 0 0 0
2146838507903382 137946056009600 ackslot 35 34 35 34 1 0
2146838507917312 137946056009600 send 18 0 0 34 34 2
2146838508504830 137946056009600 send 149072 0 0 34 34 2
2146838508965934 137946056009600 send 131934 0 0 34 34 2
2146838508971613 137946056009600 send 14 0 0 34 34 2
2146838508972033 137946056009600 egress 35 1 0 34 0 0
2146838508972173 137946056009600 ackregion 35 35 35 34 1 0
2146838509605530 137946056009600 cliack 35 0 36 35 0 0
2146838507903832 137945960937152 emit_beg 35 0 0 0 0 0
2146838507907662 137945960937152 dmg 0 1 0 0 1024 768
2146838507907842 137945960937152 enc 34 34 1 -1 -1 0
2146838507943051 137945960937152 emit_end 35 0 0 0 0 0
2146838519831157 137946042775232 wait_end 0 0 0 0 0 0
2146838519833057 137946042775232 drain_beg 0 0 0 0 0 0
2146838519833327 137946042775232 drain_end 1 0 0 0 0 0
2146838519833427 137946042775232 take 36 0 0 0 0 0
2146838519833717 137946042775232 subm_beg 1 0 0 0 0 0
2146838519834067 137946042775232 submit 36 0 0 0 0 0
2146838519834437 137946042775232 subm_end 1 0 0 0 0 0
2146838519834487 137946042775232 pump_beg 1 0 0 0 0 0
2146838519974252 137946042775232 feedend 35 0 0 0 0 0
2146838520029130 137946042775232 feedend 35 1 0 0 0 0
2146838522940904 137946042775232 outfirst 35 1 65536 0 0 0
2146838523400367 137946042775232 outfirst 35 0 65536 0 0 0
2146838523429356 137946042775232 pump_end 1 2 0 0 0 0
2146838523429506 137946042775232 join_beg 1 0 0 0 0 0
2146838523429786 137946042775232 join_end 0 0 0 0 0 0
2146838523429836 137946042775232 book_beg 1 0 0 0 0 0
2146838523430026 137946042775232 batch 36 1 1 2 2 0
2146838523430196 137946042775232 book_end 1 0 0 0 0 0
2146838523430376 137946042775232 coll_beg 0 0 0 0 0 0
2146838523559661 137946042775232 coll_end 0 0 0 0 0 0
2146838523559941 137946042775232 rel_beg 1 0 0 0 0 0
2146838523560311 137946042775232 absorb 36 0 0 0 0 0
2146838523563851 137946042775232 rel_end 1 0 0 0 0 0
2146838523565901 137946042775232 wait_beg 0 0 0 0 0 0
2146838519822777 137946056009600 msgin 36 4718592 0 0 0 0
2146838519822967 137946056009600 enq 36 1 0 0 0 0
2146838523574241 137946056009600 ackslot 36 35 36 35 1 0
2146838523619419 137946056009600 send 18 0 0 35 35 2
2146838523582460 137945960937152 emit_beg 36 0 0 0 0 0
2146838523587380 137945960937152 dmg 0 1 0 0 1024 768
2146838523587550 137945960937152 enc 35 35 1 -1 -1 0
2146838523610449 137945960937152 emit_end 36 0 0 0 0 0
2146838524136690 137946056009600 send 149747 0 0 35 35 2
2146838524444669 137946056009600 send 130011 0 0 35 35 2
2146838524448099 137946056009600 send 14 0 0 35 35 2
2146838524448259 137946056009600 egress 36 1 0 35 0 0
2146838524448319 137946056009600 ackregion 36 36 36 35 1 0
2146838524975440 137946056009600 cliack 36 0 37 36 0 0
2146838536116013 137946042775232 wait_end 0 0 0 0 0 0
2146838536117993 137946042775232 drain_beg 0 0 0 0 0 0
2146838536118193 137946042775232 drain_end 1 0 0 0 0 0
2146838536118283 137946042775232 take 37 0 0 0 0 0
2146838536118493 137946042775232 subm_beg 1 0 0 0 0 0
2146838536121963 137946042775232 submit 37 0 0 0 0 0
2146838536122063 137946042775232 subm_end 1 0 0 0 0 0
2146838536122113 137946042775232 pump_beg 1 0 0 0 0 0
2146838536265868 137946042775232 feedend 36 0 0 0 0 0
2146838536284577 137946042775232 feedend 36 1 0 0 0 0
2146838539426382 137946042775232 outfirst 36 1 65536 0 0 0
2146838539696392 137946042775232 outfirst 36 0 65536 0 0 0
2146838539712502 137946042775232 pump_end 1 2 0 0 0 0
2146838539712692 137946042775232 join_beg 1 0 0 0 0 0
2146838539712912 137946042775232 join_end 0 0 0 0 0 0
2146838539713012 137946042775232 book_beg 1 0 0 0 0 0
2146838539713262 137946042775232 batch 37 1 1 2 2 0
2146838539713332 137946042775232 book_end 1 0 0 0 0 0
2146838539713492 137946042775232 coll_beg 0 0 0 0 0 0
2146838539853087 137946042775232 coll_end 0 0 0 0 0 0
2146838539853187 137946042775232 rel_beg 1 0 0 0 0 0
2146838539853477 137946042775232 absorb 37 0 0 0 0 0
2146838539857257 137946042775232 rel_end 1 0 0 0 0 0
2146838539859277 137946042775232 wait_beg 0 0 0 0 0 0
2146838536106773 137946056009600 msgin 37 4718592 0 0 0 0
2146838536107063 137946056009600 enq 37 1 0 0 0 0
2146838539866606 137946056009600 ackslot 37 36 37 36 1 0
2146838539906195 137946056009600 send 18 0 0 36 36 2
2146838540478294 137946056009600 send 155361 0 0 36 36 2
2146838540992805 137946056009600 send 144292 0 0 36 36 2
2146838540997895 137946056009600 send 14 0 0 36 36 2
2146838540998285 137946056009600 egress 37 1 0 36 0 0
2146838540998495 137946056009600 ackregion 37 37 37 36 1 0
2146838541617312 137946056009600 cliack 37 0 38 37 0 0
2146838539876726 137945960937152 emit_beg 37 0 0 0 0 0
2146838539881886 137945960937152 dmg 0 1 0 0 1024 768
2146838539882066 137945960937152 enc 36 36 1 -1 -1 0
2146838539906085 137945960937152 emit_end 37 0 0 0 0 0
2146838551643827 137946042775232 wait_end 0 0 0 0 0 0
2146838551645736 137946042775232 drain_beg 0 0 0 0 0 0
2146838551646066 137946042775232 drain_end 1 0 0 0 0 0
2146838551646186 137946042775232 take 38 0 0 0 0 0
2146838551646426 137946042775232 subm_beg 1 0 0 0 0 0
2146838551646776 137946042775232 submit 38 0 0 0 0 0
2146838551647016 137946042775232 subm_end 1 0 0 0 0 0
2146838551647056 137946042775232 pump_beg 1 0 0 0 0 0
2146838551778752 137946042775232 feedend 37 0 0 0 0 0
2146838551831480 137946042775232 feedend 37 1 0 0 0 0
2146838551634037 137946056009600 msgin 38 4718592 0 0 0 0
2146838551634657 137946056009600 enq 38 1 0 0 0 0
2146838555156188 137946042775232 outfirst 37 1 65536 0 0 0
2146838555787735 137946042775232 outfirst 37 0 65536 0 0 0
2146838555845703 137946042775232 pump_end 1 2 0 0 0 0
2146838555845933 137946042775232 join_beg 1 0 0 0 0 0
2146838555846223 137946042775232 join_end 0 0 0 0 0 0
2146838555846273 137946042775232 book_beg 1 0 0 0 0 0
2146838555846503 137946042775232 batch 38 1 1 2 2 0
2146838555846643 137946042775232 book_end 1 0 0 0 0 0
2146838555846823 137946042775232 coll_beg 0 0 0 0 0 0
2146838556020527 137946042775232 coll_end 0 0 0 0 0 0
2146838556020727 137946042775232 rel_beg 1 0 0 0 0 0
2146838556021087 137946042775232 absorb 38 0 0 0 0 0
2146838556024467 137946042775232 rel_end 1 0 0 0 0 0
2146838556026347 137946042775232 wait_beg 0 0 0 0 0 0
2146838556034946 137946056009600 ackslot 38 37 38 37 1 0
2146838556124973 137946056009600 send 18 0 0 37 37 2
2146838556836707 137946056009600 send 204687 0 0 37 37 2
2146838557289301 137946056009600 send 171092 0 0 37 37 2
2146838557292500 137946056009600 send 14 0 0 37 37 2
2146838557292660 137946056009600 egress 38 1 0 37 0 0
2146838557292740 137946056009600 ackregion 38 38 38 37 1 0
2146838557733594 137946056009600 cliack 38 0 39 38 0 0
2146838556044986 137945960937152 emit_beg 38 0 0 0 0 0
2146838556051136 137945960937152 dmg 0 1 0 0 1024 768
2146838556051356 137945960937152 enc 37 37 1 -1 -1 0
2146838556083935 137945960937152 emit_end 38 0 0 0 0 0
2146838567659202 137946042775232 wait_end 0 0 0 0 0 0
2146838567661712 137946042775232 drain_beg 0 0 0 0 0 0
2146838567662012 137946042775232 drain_end 1 0 0 0 0 0
2146838567662252 137946042775232 take 39 0 0 0 0 0
2146838567662652 137946042775232 subm_beg 1 0 0 0 0 0
2146838567663212 137946042775232 submit 39 0 0 0 0 0
2146838567663442 137946042775232 subm_end 1 0 0 0 0 0
2146838567663482 137946042775232 pump_beg 1 0 0 0 0 0
2146838567806937 137946042775232 feedend 38 0 0 0 0 0
2146838567837716 137946042775232 feedend 38 1 0 0 0 0
2146838570692532 137946042775232 outfirst 38 1 65536 0 0 0
2146838571198703 137946042775232 outfirst 38 0 65536 0 0 0
2146838571232002 137946042775232 pump_end 1 2 0 0 0 0
2146838571232242 137946042775232 join_beg 1 0 0 0 0 0
2146838571232572 137946042775232 join_end 0 0 0 0 0 0
2146838571232662 137946042775232 book_beg 1 0 0 0 0 0
2146838571232902 137946042775232 batch 39 1 1 2 2 0
2146838571232962 137946042775232 book_end 1 0 0 0 0 0
2146838571233132 137946042775232 coll_beg 0 0 0 0 0 0
2146838571344468 137946042775232 coll_end 0 0 0 0 0 0
2146838571344618 137946042775232 rel_beg 1 0 0 0 0 0
2146838571344918 137946042775232 absorb 39 0 0 0 0 0
2146838571348718 137946042775232 rel_end 1 0 0 0 0 0
2146838571350618 137946042775232 wait_beg 0 0 0 0 0 0
2146838567648703 137946056009600 msgin 39 4718592 0 0 0 0
2146838567648913 137946056009600 enq 39 1 0 0 0 0
2146838571359327 137946056009600 ackslot 39 38 39 38 1 0
2146838571388296 137946056009600 send 18 0 0 38 38 2
2146838571737054 137946056009600 send 143507 0 0 38 38 2
2146838572028133 137946056009600 send 121296 0 0 38 38 2
2146838572031813 137946056009600 send 14 0 0 38 38 2
2146838572032023 137946056009600 egress 39 1 0 38 0 0
2146838572032163 137946056009600 ackregion 39 39 39 38 1 0
2146838572682799 137946056009600 cliack 39 0 40 39 0 0
2146838571356147 137945960937152 emit_beg 39 0 0 0 0 0
2146838571360817 137945960937152 dmg 0 1 0 0 1024 768
2146838571361097 137945960937152 enc 38 38 1 -1 -1 0
2146838571387376 137945960937152 emit_end 39 0 0 0 0 0
2146838583489195 137946042775232 wait_end 0 0 0 0 0 0
2146838583491355 137946042775232 drain_beg 0 0 0 0 0 0
2146838583491645 137946042775232 drain_end 1 0 0 0 0 0
2146838583491785 137946042775232 take 40 0 0 0 0 0
2146838583492125 137946042775232 subm_beg 1 0 0 0 0 0
2146838583492535 137946042775232 submit 40 0 0 0 0 0
2146838583492705 137946042775232 subm_end 1 0 0 0 0 0
2146838583492735 137946042775232 pump_beg 1 0 0 0 0 0
2146838583636169 137946042775232 feedend 39 0 0 0 0 0
2146838583699107 137946042775232 feedend 39 1 0 0 0 0
2146838583478125 137946056009600 msgin 40 4718592 0 0 0 0
2146838583478595 137946056009600 enq 40 1 0 0 0 0
2146838586605631 137946042775232 outfirst 39 1 65536 0 0 0
2146838587019976 137946042775232 outfirst 39 0 65536 0 0 0
2146838587039205 137946042775232 pump_end 1 2 0 0 0 0
2146838587039395 137946042775232 join_beg 1 0 0 0 0 0
2146838587039705 137946042775232 join_end 0 0 0 0 0 0
2146838587039805 137946042775232 book_beg 1 0 0 0 0 0
2146838587040035 137946042775232 batch 40 1 1 2 2 0
2146838587040215 137946042775232 book_end 1 0 0 0 0 0
2146838587043235 137946042775232 coll_beg 0 0 0 0 0 0
2146838587172820 137946042775232 coll_end 0 0 0 0 0 0
2146838587172910 137946042775232 rel_beg 1 0 0 0 0 0
2146838587173210 137946042775232 absorb 40 0 0 0 0 0
2146838587176590 137946042775232 rel_end 1 0 0 0 0 0
2146838587178410 137946042775232 wait_beg 0 0 0 0 0 0
2146838587187120 137946056009600 ackslot 40 39 40 39 1 0
2146838587205329 137946056009600 send 18 0 0 39 39 2
2146838587563986 137946056009600 send 153205 0 0 39 39 2
2146838587862795 137946056009600 send 130200 0 0 39 39 2
2146838587866255 137946056009600 send 14 0 0 39 39 2
2146838587866605 137946056009600 egress 40 1 0 39 0 0
2146838587866725 137946056009600 ackregion 40 40 40 39 1 0
2146838588581879 137946056009600 cliack 40 0 41 40 0 0
2146838587183220 137945960937152 emit_beg 40 0 0 0 0 0
2146838587185120 137945960937152 dmg 0 1 0 0 1024 768
2146838587185270 137945960937152 enc 39 39 1 -1 -1 0
2146838587214379 137945960937152 emit_end 40 0 0 0 0 0
2146838599662425 137946042775232 wait_end 0 0 0 0 0 0
2146838599664595 137946042775232 drain_beg 0 0 0 0 0 0
2146838599664825 137946042775232 drain_end 1 0 0 0 0 0
2146838599664925 137946042775232 take 41 0 0 0 0 0
2146838599665365 137946042775232 subm_beg 1 0 0 0 0 0
2146838599665735 137946042775232 submit 41 0 0 0 0 0
2146838599665845 137946042775232 subm_end 1 0 0 0 0 0
2146838599665905 137946042775232 pump_beg 1 0 0 0 0 0
2146838599834639 137946042775232 feedend 40 0 0 0 0 0
2146838599875397 137946042775232 feedend 40 1 0 0 0 0
2146838602540870 137946042775232 outfirst 40 1 65536 0 0 0
2146838602863918 137946042775232 outfirst 40 0 65536 0 0 0
2146838602877537 137946042775232 pump_end 1 2 0 0 0 0
2146838602877697 137946042775232 join_beg 1 0 0 0 0 0
2146838602877967 137946042775232 join_end 0 0 0 0 0 0
2146838602878027 137946042775232 book_beg 1 0 0 0 0 0
2146838602878257 137946042775232 batch 41 1 1 2 2 0
2146838602878427 137946042775232 book_end 1 0 0 0 0 0
2146838602878597 137946042775232 coll_beg 0 0 0 0 0 0
2146838602974374 137946042775232 coll_end 0 0 0 0 0 0
2146838602974614 137946042775232 rel_beg 1 0 0 0 0 0
2146838602974964 137946042775232 absorb 41 0 0 0 0 0
2146838602978224 137946042775232 rel_end 1 0 0 0 0 0
2146838602980094 137946042775232 wait_beg 0 0 0 0 0 0
2146838599651815 137946056009600 msgin 41 4718592 0 0 0 0
2146838599652315 137946056009600 enq 41 1 0 0 0 0
2146838602996713 137946056009600 ackslot 41 40 41 40 1 0
2146838603045491 137946056009600 send 18 0 0 40 40 2
2146838603676018 137946056009600 send 116165 0 0 40 40 2
2146838604154961 137946056009600 send 98522 0 0 40 40 2
2146838604162391 137946056009600 send 14 0 0 40 40 2
2146838604162831 137946056009600 egress 41 1 0 40 0 0
2146838604163111 137946056009600 ackregion 41 41 41 40 1 0
2146838602997143 137945960937152 emit_beg 41 0 0 0 0 0
2146838603000983 137945960937152 dmg 0 1 0 0 1024 768
2146838603001153 137945960937152 enc 40 40 1 -1 -1 0
2146838603032172 137945960937152 emit_end 41 0 0 0 0 0
2146838604576405 137946056009600 cliack 41 0 42 41 0 0
2146838615606633 137946042775232 wait_end 0 0 0 0 0 0
2146838615608623 137946042775232 drain_beg 0 0 0 0 0 0
2146838615608873 137946042775232 drain_end 1 0 0 0 0 0
2146838615609003 137946042775232 take 42 0 0 0 0 0
2146838615609453 137946042775232 subm_beg 1 0 0 0 0 0
2146838615609833 137946042775232 submit 42 0 0 0 0 0
2146838615609993 137946042775232 subm_end 1 0 0 0 0 0
2146838615610043 137946042775232 pump_beg 1 0 0 0 0 0
2146838615759028 137946042775232 feedend 41 0 0 0 0 0
2146838615810686 137946042775232 feedend 41 1 0 0 0 0
2146838618649082 137946042775232 outfirst 41 1 65536 0 0 0
2146838619097406 137946042775232 outfirst 41 0 65536 0 0 0
2146838619145554 137946042775232 pump_end 1 2 0 0 0 0
2146838619145784 137946042775232 join_beg 1 0 0 0 0 0
2146838619146154 137946042775232 join_end 0 0 0 0 0 0
2146838619146204 137946042775232 book_beg 1 0 0 0 0 0
2146838619146494 137946042775232 batch 42 1 1 2 2 0
2146838619146654 137946042775232 book_end 1 0 0 0 0 0
2146838619146824 137946042775232 coll_beg 0 0 0 0 0 0
2146838619273579 137946042775232 coll_end 0 0 0 0 0 0
2146838619273829 137946042775232 rel_beg 1 0 0 0 0 0
2146838619274199 137946042775232 absorb 42 0 0 0 0 0
2146838619277699 137946042775232 rel_end 1 0 0 0 0 0
2146838619279599 137946042775232 wait_beg 0 0 0 0 0 0
2146838615595124 137946056009600 msgin 42 4718592 0 0 0 0
2146838615595743 137946056009600 enq 42 1 0 0 0 0
2146838619310358 137946056009600 ackslot 42 41 42 41 1 0
2146838619339827 137946056009600 send 18 0 0 41 41 2
2146838620077980 137946056009600 send 155796 0 0 41 41 2
2146838620528354 137946056009600 send 125343 0 0 41 41 2
2146838620533193 137946056009600 send 14 0 0 41 41 2
2146838620533513 137946056009600 egress 42 1 0 41 0 0
2146838620533663 137946056009600 ackregion 42 42 42 41 1 0
2146838620936439 137946056009600 cliack 42 0 43 42 0 0
2146838619296279 137945960937152 emit_beg 42 0 0 0 0 0
2146838619299678 137945960937152 dmg 0 1 0 0 1024 768
2146838619299878 137945960937152 enc 41 41 1 -1 -1 0
2146838619329037 137945960937152 emit_end 42 0 0 0 0 0
2146838632051203 137946042775232 wait_end 0 0 0 0 0 0
2146838632055353 137946042775232 drain_beg 0 0 0 0 0 0
2146838632055903 137946042775232 drain_end 1 0 0 0 0 0
2146838632056063 137946042775232 take 43 0 0 0 0 0
2146838632056703 137946042775232 subm_beg 1 0 0 0 0 0
2146838632057093 137946042775232 submit 43 0 0 0 0 0
2146838632057243 137946042775232 subm_end 1 0 0 0 0 0
2146838632057293 137946042775232 pump_beg 1 0 0 0 0 0
2146838632359492 137946042775232 feedend 42 0 0 0 0 0
2146838632386291 137946042775232 feedend 42 1 0 0 0 0
2146838632026154 137946056009600 msgin 43 4718592 0 0 0 0
2146838632038594 137946056009600 enq 43 1 0 0 0 0
2146838635417160 137946042775232 outfirst 42 1 65536 0 0 0
2146838636074886 137946042775232 outfirst 42 0 65536 0 0 0
2146838636120825 137946042775232 pump_end 1 2 0 0 0 0
2146838636121565 137946042775232 join_beg 1 0 0 0 0 0
2146838636123055 137946042775232 join_end 0 0 0 0 0 0
2146838636123155 137946042775232 book_beg 1 0 0 0 0 0
2146838636124525 137946042775232 batch 43 1 1 2 2 0
2146838636124715 137946042775232 book_end 1 0 0 0 0 0
2146838636124935 137946042775232 coll_beg 0 0 0 0 0 0
2146838636275319 137946042775232 coll_end 0 0 0 0 0 0
2146838636275679 137946042775232 rel_beg 1 0 0 0 0 0
2146838636276429 137946042775232 absorb 43 0 0 0 0 0
2146838636285269 137946042775232 rel_end 1 0 0 0 0 0
2146838636288349 137946042775232 wait_beg 0 0 0 0 0 0
2146838636328037 137946056009600 ackslot 43 42 43 42 1 0
2146838636507551 137946056009600 send 18 0 0 42 42 2
2146838637345700 137946056009600 send 163687 0 0 42 42 2
2146838637836912 137946056009600 send 130374 0 0 42 42 2
2146838637842842 137946056009600 send 14 0 0 42 42 2
2146838637843242 137946056009600 egress 43 1 0 42 0 0
2146838637843582 137946056009600 ackregion 43 43 43 42 1 0
2146838638161760 137946056009600 cliack 43 0 44 43 0 0
2146838636305388 137945960937152 emit_beg 43 0 0 0 0 0
2146838636308538 137945960937152 dmg 0 1 0 0 1024 768
2146838636308728 137945960937152 enc 42 42 1 -1 -1 0
2146838636333447 137945960937152 emit_end 43 0 0 0 0 0
2146838647742931 137946042775232 wait_end 0 0 0 0 0 0
2146838647745171 137946042775232 drain_beg 0 0 0 0 0 0
2146838647745431 137946042775232 drain_end 1 0 0 0 0 0
2146838647745541 137946042775232 take 44 0 0 0 0 0
2146838647745861 137946042775232 subm_beg 1 0 0 0 0 0
2146838647746281 137946042775232 submit 44 0 0 0 0 0
2146838647746421 137946042775232 subm_end 1 0 0 0 0 0
2146838647746471 137946042775232 pump_beg 1 0 0 0 0 0
2146838647913964 137946042775232 feedend 43 0 0 0 0 0
2146838647978782 137946042775232 feedend 43 1 0 0 0 0
2146838651489284 137946042775232 outfirst 43 1 65536 0 0 0
2146838652183339 137946042775232 outfirst 43 0 65536 0 0 0
2146838652264286 137946042775232 pump_end 1 2 0 0 0 0
2146838652265306 137946042775232 join_beg 1 0 0 0 0 0
2146838652266666 137946042775232 join_end 0 0 0 0 0 0
2146838652266786 137946042775232 book_beg 1 0 0 0 0 0
2146838652268316 137946042775232 batch 44 1 1 2 2 0
2146838652268376 137946042775232 book_end 1 0 0 0 0 0
2146838652268466 137946042775232 coll_beg 0 0 0 0 0 0
2146838652443529 137946042775232 coll_end 0 0 0 0 0 0
2146838652443629 137946042775232 rel_beg 1 0 0 0 0 0
2146838652444749 137946042775232 absorb 44 0 0 0 0 0
2146838652453129 137946042775232 rel_end 1 0 0 0 0 0
2146838652456089 137946042775232 wait_beg 0 0 0 0 0 0
2146838647732751 137946056009600 msgin 44 4718592 0 0 0 0
2146838647733181 137946056009600 enq 44 1 0 0 0 0
2146838652497617 137946056009600 ackslot 44 43 44 43 1 0
2146838652666021 137946056009600 send 18 0 0 43 43 2
2146838653375475 137946056009600 send 202973 0 0 43 43 2
2146838653777591 137946056009600 send 173491 0 0 43 43 2
2146838653781550 137946056009600 send 14 0 0 43 43 2
2146838653781940 137946056009600 egress 44 1 0 43 0 0
2146838653782190 137946056009600 ackregion 44 44 44 43 1 0
2146838654362589 137946056009600 cliack 44 0 45 44 0 0
2146838652468308 137945960937152 emit_beg 44 0 0 0 0 0
2146838652470888 137945960937152 dmg 0 1 0 0 1024 768
2146838652471048 137945960937152 enc 43 43 1 -1 -1 0
2146838652499937 137945960937152 emit_end 44 0 0 0 0 0
2146838663715168 137946042775232 wait_end 0 0 0 0 0 0
2146838663716858 137946042775232 drain_beg 0 0 0 0 0 0
2146838663717158 137946042775232 drain_end 1 0 0 0 0 0
2146838663717248 137946042775232 take 45 0 0 0 0 0
2146838663717888 137946042775232 subm_beg 1 0 0 0 0 0
2146838663718528 137946042775232 submit 45 0 0 0 0 0
2146838663718748 137946042775232 subm_end 1 0 0 0 0 0
2146838663718788 137946042775232 pump_beg 1 0 0 0 0 0
2146838663875092 137946042775232 feedend 44 0 0 0 0 0
2146838663909431 137946042775232 feedend 44 1 0 0 0 0
2146838663706308 137946056009600 msgin 45 4718592 0 0 0 0
2146838663706658 137946056009600 enq 45 1 0 0 0 0
2146838666808365 137946042775232 outfirst 44 1 65536 0 0 0
2146838667465051 137946042775232 outfirst 44 0 65536 0 0 0
2146838667517319 137946042775232 pump_end 1 2 0 0 0 0
2146838667517549 137946042775232 join_beg 1 0 0 0 0 0
2146838667517859 137946042775232 join_end 0 0 0 0 0 0
2146838667517959 137946042775232 book_beg 1 0 0 0 0 0
2146838667518149 137946042775232 batch 45 1 1 2 2 0
2146838667518449 137946042775232 book_end 1 0 0 0 0 0
2146838667518649 137946042775232 coll_beg 0 0 0 0 0 0
2146838667656484 137946042775232 coll_end 0 0 0 0 0 0
2146838667656764 137946042775232 rel_beg 1 0 0 0 0 0
2146838667657114 137946042775232 absorb 45 0 0 0 0 0
2146838667660524 137946042775232 rel_end 1 0 0 0 0 0
2146838667662374 137946042775232 wait_beg 0 0 0 0 0 0
2146838667671834 137946056009600 ackslot 45 44 45 44 1 0
2146838667875766 137946056009600 send 18 0 0 44 44 2
2146838668165356 137946056009600 send 157036 0 0 44 44 2
2146838668475024 137946056009600 send 130557 0 0 44 44 2
2146838668478344 137946056009600 send 14 0 0 44 44 2
2146838668478554 137946056009600 egress 45 1 0 44 0 0
2146838668479124 137946056009600 ackregion 45 45 45 44 1 0
2146838669304744 137946056009600 cliack 45 0 46 45 0 0
2146838667675253 137945960937152 emit_beg 45 0 0 0 0 0
2146838667680013 137945960937152 dmg 0 1 0 0 1024 768
2146838667680193 137945960937152 enc 44 44 1 -1 -1 0
2146838667702422 137945960937152 emit_end 45 0 0 0 0 0
2146838679873908 137946042775232 wait_end 0 0 0 0 0 0
2146838679875668 137946042775232 drain_beg 0 0 0 0 0 0
2146838679875808 137946042775232 drain_end 1 0 0 0 0 0
2146838679875888 137946042775232 take 46 0 0 0 0 0
2146838679876078 137946042775232 subm_beg 1 0 0 0 0 0
2146838679876658 137946042775232 submit 46 0 0 0 0 0
2146838679876788 137946042775232 subm_end 1 0 0 0 0 0
2146838679876818 137946042775232 pump_beg 1 0 0 0 0 0
2146838680345031 137946042775232 feedend 45 0 0 0 0 0
2146838680371580 137946042775232 feedend 45 1 0 0 0 0
2146838683632181 137946042775232 outfirst 45 1 65536 0 0 0
2146838684226370 137946042775232 outfirst 45 0 65536 0 0 0
2146838684274138 137946042775232 pump_end 1 2 0 0 0 0
2146838684274778 137946042775232 join_beg 1 0 0 0 0 0
2146838684276208 137946042775232 join_end 0 0 0 0 0 0
2146838684276358 137946042775232 book_beg 1 0 0 0 0 0
2146838684277618 137946042775232 batch 46 1 1 2 2 0
2146838684277678 137946042775232 book_end 1 0 0 0 0 0
2146838684277768 137946042775232 coll_beg 0 0 0 0 0 0
2146838684416853 137946042775232 coll_end 0 0 0 0 0 0
2146838684416943 137946042775232 rel_beg 1 0 0 0 0 0
2146838684417783 137946042775232 absorb 46 0 0 0 0 0
2146838684427152 137946042775232 rel_end 1 0 0 0 0 0
2146838684430262 137946042775232 wait_beg 0 0 0 0 0 0
2146838679864779 137946056009600 msgin 46 4718592 0 0 0 0
2146838679864989 137946056009600 enq 46 1 0 0 0 0
2146838684474071 137946056009600 ackslot 46 45 46 45 1 0
2146838684649304 137946056009600 send 18 0 0 45 45 2
2146838684435252 137945960937152 emit_beg 46 0 0 0 0 0
2146838684438792 137945960937152 dmg 0 1 0 0 1024 768
2146838684439032 137945960937152 enc 45 45 1 -1 -1 0
2146838684465121 137945960937152 emit_end 46 0 0 0 0 0
2146838685296421 137946056009600 send 166269 0 0 45 45 2
2146838685675307 137946056009600 send 144248 0 0 45 45 2
2146838685680267 137946056009600 send 14 0 0 45 45 2
2146838685680777 137946056009600 egress 46 1 0 45 0 0
2146838685681067 137946056009600 ackregion 46 46 46 45 1 0
2146838686174479 137946056009600 cliack 46 0 47 46 0 0
2146838696024909 137946042775232 wait_end 0 0 0 0 0 0
2146838696026909 137946042775232 drain_beg 0 0 0 0 0 0
2146838696027299 137946042775232 drain_end 1 0 0 0 0 0
2146838696027459 137946042775232 take 47 0 0 0 0 0
2146838696027929 137946042775232 subm_beg 1 0 0 0 0 0
2146838696028749 137946042775232 submit 47 0 0 0 0 0
2146838696028819 137946042775232 subm_end 1 0 0 0 0 0
2146838696028879 137946042775232 pump_beg 1 0 0 0 0 0
2146838696195503 137946042775232 feedend 46 0 0 0 0 0
2146838696223482 137946042775232 feedend 46 1 0 0 0 0
2146838699059289 137946042775232 outfirst 46 1 65536 0 0 0
2146838699622668 137946042775232 outfirst 46 0 65536 0 0 0
2146838699662346 137946042775232 pump_end 1 2 0 0 0 0
2146838699662546 137946042775232 join_beg 1 0 0 0 0 0
2146838699662856 137946042775232 join_end 0 0 0 0 0 0
2146838699662926 137946042775232 book_beg 1 0 0 0 0 0
2146838699663186 137946042775232 batch 47 1 1 2 2 0
2146838699663336 137946042775232 book_end 1 0 0 0 0 0
2146838699663486 137946042775232 coll_beg 0 0 0 0 0 0
2146838699795262 137946042775232 coll_end 0 0 0 0 0 0
2146838699795422 137946042775232 rel_beg 1 0 0 0 0 0
2146838699804671 137946042775232 absorb 47 0 0 0 0 0
2146838699808091 137946042775232 rel_end 1 0 0 0 0 0
2146838699809881 137946042775232 wait_beg 0 0 0 0 0 0
2146838696014260 137946056009600 msgin 47 4718592 0 0 0 0
2146838696014660 137946056009600 enq 47 1 0 0 0 0
2146838699832980 137946056009600 ackslot 47 46 47 46 1 0
2146838699857009 137946056009600 send 18 0 0 46 46 2
2146838700403189 137946056009600 send 153276 0 0 46 46 2
2146838700835984 137946056009600 send 125092 0 0 46 46 2
2146838700841383 137946056009600 send 14 0 0 46 46 2
2146838700841693 137946056009600 egress 47 1 0 46 0 0
2146838700841863 137946056009600 ackregion 47 47 47 46 1 0
2146838701344215 137946056009600 cliack 47 0 48 47 0 0
2146838699826950 137945960937152 emit_beg 47 0 0 0 0 0
2146838699829480 137945960937152 dmg 0 1 0 0 1024 768
2146838699829660 137945960937152 enc 46 46 1 -1 -1 0
2146838699859849 137945960937152 emit_end 47 0 0 0 0 0
2146838711473476 137946042775232 wait_end 0 0 0 0 0 0
2146838711475725 137946042775232 drain_beg 0 0 0 0 0 0
2146838711476075 137946042775232 drain_end 1 0 0 0 0 0
2146838711476235 137946042775232 take 48 0 0 0 0 0
2146838711476485 137946042775232 subm_beg 1 0 0 0 0 0
2146838711476955 137946042775232 submit 48 0 0 0 0 0
2146838711477115 137946042775232 subm_end 1 0 0 0 0 0
2146838711477165 137946042775232 pump_beg 1 0 0 0 0 0
2146838711626130 137946042775232 feedend 47 0 0 0 0 0
2146838711662429 137946042775232 feedend 47 1 0 0 0 0
2146838714636490 137946042775232 outfirst 47 1 65536 0 0 0
2146838711450806 137946056009600 msgin 48 4718592 0 0 0 0
2146838711451216 137946056009600 enq 48 1 0 0 0 0
2146838715125412 137946042775232 outfirst 47 0 65536 0 0 0
2146838715313796 137946042775232 pump_end 1 2 0 0 0 0
2146838715314115 137946042775232 join_beg 1 0 0 0 0 0
2146838715314435 137946042775232 join_end 0 0 0 0 0 0
2146838715314505 137946042775232 book_beg 1 0 0 0 0 0
2146838715314675 137946042775232 batch 48 1 1 2 2 0
2146838715314835 137946042775232 book_end 1 0 0 0 0 0
2146838715314995 137946042775232 coll_beg 0 0 0 0 0 0
2146838715448131 137946042775232 coll_end 0 0 0 0 0 0
2146838715448491 137946042775232 rel_beg 1 0 0 0 0 0
2146838715448861 137946042775232 absorb 48 0 0 0 0 0
2146838715452170 137946042775232 rel_end 1 0 0 0 0 0
2146838715453920 137946042775232 wait_beg 0 0 0 0 0 0
2146838715477840 137946056009600 ackslot 48 47 48 47 1 0
2146838715511538 137946056009600 send 18 0 0 47 47 2
2146838716133586 137946056009600 send 155366 0 0 47 47 2
2146838716623408 137946056009600 send 133081 0 0 47 47 2
2146838716629587 137946056009600 send 14 0 0 47 47 2
2146838716629947 137946056009600 egress 48 1 0 47 0 0
2146838716630097 137946056009600 ackregion 48 48 48 47 1 0
2146838716843910 137946056009600 cliack 48 0 49 48 0 0
2146838715470800 137945960937152 emit_beg 48 0 0 0 0 0
2146838715473870 137945960937152 dmg 0 1 0 0 1024 768
2146838715474060 137945960937152 enc 47 47 1 -1 -1 0
2146838715504799 137945960937152 emit_end 48 0 0 0 0 0
2146838728130858 137946042775232 wait_end 0 0 0 0 0 0
2146838728133748 137946042775232 drain_beg 0 0 0 0 0 0
2146838728134188 137946042775232 drain_end 1 0 0 0 0 0
2146838728134368 137946042775232 take 49 0 0 0 0 0
2146838728134698 137946042775232 subm_beg 1 0 0 0 0 0
2146838728135108 137946042775232 submit 49 0 0 0 0 0
2146838728135378 137946042775232 subm_end 1 0 0 0 0 0
2146838728135428 137946042775232 pump_beg 1 0 0 0 0 0
2146838728297542 137946042775232 feedend 48 0 0 0 0 0
2146838728327271 137946042775232 feedend 48 1 0 0 0 0
2146838731743396 137946042775232 outfirst 48 1 65536 0 0 0
2146838732327955 137946042775232 outfirst 48 0 65536 0 0 0
2146838732384363 137946042775232 pump_end 1 2 0 0 0 0
2146838732384533 137946042775232 join_beg 1 0 0 0 0 0
2146838732384853 137946042775232 join_end 0 0 0 0 0 0
2146838732385033 137946042775232 book_beg 1 0 0 0 0 0
2146838732385383 137946042775232 batch 49 1 1 2 2 0
2146838732385543 137946042775232 book_end 1 0 0 0 0 0
2146838732385703 137946042775232 coll_beg 0 0 0 0 0 0
2146838732557686 137946042775232 coll_end 0 0 0 0 0 0
2146838732558026 137946042775232 rel_beg 1 0 0 0 0 0
2146838732558386 137946042775232 absorb 49 0 0 0 0 0
2146838732561846 137946042775232 rel_end 1 0 0 0 0 0
2146838732563786 137946042775232 wait_beg 0 0 0 0 0 0
2146838728107689 137946056009600 msgin 49 4718592 0 0 0 0
2146838728108739 137946056009600 enq 49 1 0 0 0 0
2146838732587815 137946056009600 ackslot 49 48 49 48 1 0
2146838732626494 137946056009600 send 18 0 0 48 48 2
2146838733331898 137946056009600 send 208541 0 0 48 48 2
2146838733735723 137946056009600 send 173723 0 0 48 48 2
2146838733739453 137946056009600 send 14 0 0 48 48 2
2146838733739693 137946056009600 egress 49 1 0 48 0 0
2146838733739833 137946056009600 ackregion 49 49 49 48 1 0
2146838734235785 137946056009600 cliack 49 0 50 49 0 0
2146838732581265 137945960937152 emit_beg 49 0 0 0 0 0
2146838732584705 137945960937152 dmg 0 1 0 0 1024 768
2146838732585025 137945960937152 enc 48 48 1 -1 -1 0
2146838732620224 137945960937152 emit_end 49 0 0 0 0 0
2146838743905922 137946042775232 wait_end 0 0 0 0 0 0
2146838743908482 137946042775232 drain_beg 0 0 0 0 0 0
2146838743908762 137946042775232 drain_end 1 0 0 0 0 0
2146838743908862 137946042775232 take 50 0 0 0 0 0
2146838743909212 137946042775232 subm_beg 1 0 0 0 0 0
2146838743909452 137946042775232 submit 50 0 0 0 0 0
2146838743909622 137946042775232 subm_end 1 0 0 0 0 0
2146838743909672 137946042775232 pump_beg 1 0 0 0 0 0
2146838744070766 137946042775232 feedend 49 0 0 0 0 0
2146838744105955 137946042775232 feedend 49 1 0 0 0 0
2146838743881713 137946056009600 msgin 50 4718592 0 0 0 0
2146838743881963 137946056009600 enq 50 1 0 0 0 0
2146838747085046 137946042775232 outfirst 49 1 65536 0 0 0
2146838747377326 137946042775232 outfirst 49 0 65536 0 0 0
2146838747395545 137946042775232 pump_end 1 2 0 0 0 0
2146838747395695 137946042775232 join_beg 1 0 0 0 0 0
2146838747395965 137946042775232 join_end 0 0 0 0 0 0
2146838747396045 137946042775232 book_beg 1 0 0 0 0 0
2146838747396285 137946042775232 batch 50 1 1 2 2 0
2146838747396425 137946042775232 book_end 1 0 0 0 0 0
2146838747396575 137946042775232 coll_beg 0 0 0 0 0 0
2146838747496481 137946042775232 coll_end 0 0 0 0 0 0
2146838747496631 137946042775232 rel_beg 1 0 0 0 0 0
2146838747496931 137946042775232 absorb 50 0 0 0 0 0
2146838747499751 137946042775232 rel_end 1 0 0 0 0 0
2146838747501271 137946042775232 wait_beg 0 0 0 0 0 0
2146838747512291 137946056009600 ackslot 50 49 50 49 1 0
2146838747650526 137946056009600 send 18 0 0 49 49 2
2146838748190156 137946056009600 send 141780 0 0 49 49 2
2146838748546353 137946056009600 send 127859 0 0 49 49 2
2146838748549633 137946056009600 send 14 0 0 49 49 2
2146838748549873 137946056009600 egress 50 1 0 49 0 0
2146838748550413 137946056009600 ackregion 50 50 50 49 1 0
2146838749202259 137946056009600 cliack 50 0 51 50 0 0
2146838747518301 137945960937152 emit_beg 50 0 0 0 0 0
2146838747524510 137945960937152 dmg 0 1 0 0 1024 768
2146838747524710 137945960937152 enc 49 49 1 -1 -1 0
2146838747549219 137945960937152 emit_end 50 0 0 0 0 0
2146838759867190 137946042775232 wait_end 0 0 0 0 0 0
2146838759870370 137946042775232 drain_beg 0 0 0 0 0 0
2146838759870950 137946042775232 drain_end 1 0 0 0 0 0
2146838759871110 137946042775232 take 51 0 0 0 0 0
2146838759871450 137946042775232 subm_beg 1 0 0 0 0 0
2146838759872230 137946042775232 submit 51 0 0 0 0 0
2146838759872490 137946042775232 subm_end 1 0 0 0 0 0
2146838759872570 137946042775232 pump_beg 1 0 0 0 0 0
2146838760076702 137946042775232 feedend 50 0 0 0 0 0
2146838760089872 137946042775232 feedend 50 1 0 0 0 0
2146838762956927 137946042775232 outfirst 50 1 65536 0 0 0
2146838763460619 137946042775232 outfirst 50 0 65536 0 0 0
2146838763491658 137946042775232 pump_end 1 2 0 0 0 0
2146838763491808 137946042775232 join_beg 1 0 0 0 0 0
2146838763492088 137946042775232 join_end 0 0 0 0 0 0
2146838763492268 137946042775232 book_beg 1 0 0 0 0 0
2146838763492408 137946042775232 batch 51 1 1 2 2 0
2146838763492548 137946042775232 book_end 1 0 0 0 0 0
2146838763492668 137946042775232 coll_beg 0 0 0 0 0 0
2146838763583094 137946042775232 coll_end 0 0 0 0 0 0
2146838763583184 137946042775232 rel_beg 1 0 0 0 0 0
2146838763583474 137946042775232 absorb 51 0 0 0 0 0
2146838763586094 137946042775232 rel_end 1 0 0 0 0 0
2146838763587374 137946042775232 wait_beg 0 0 0 0 0 0
2146838759844661 137946056009600 msgin 51 4718592 0 0 0 0
2146838759844951 137946056009600 enq 51 1 0 0 0 0
2146838763597374 137946056009600 ackslot 51 50 51 50 1 0
2146838763633393 137946056009600 send 18 0 0 50 50 2
2146838763952811 137946056009600 send 145162 0 0 50 50 2
2146838764232091 137946056009600 send 127248 0 0 50 50 2
2146838764236811 137946056009600 send 14 0 0 50 50 2
2146838764237011 137946056009600 egress 51 1 0 50 0 0
2146838764237081 137946056009600 ackregion 51 51 51 50 1 0
2146838765032302 137946056009600 cliack 51 0 52 51 0 0
2146838763605094 137945960937152 emit_beg 51 0 0 0 0 0
2146838763609933 137945960937152 dmg 0 1 0 0 1024 768
2146838763610113 137945960937152 enc 50 50 1 -1 -1 0
2146838763632013 137945960937152 emit_end 51 0 0 0 0 0
2146838775423293 137946042775232 wait_end 0 0 0 0 0 0
2146838775426182 137946042775232 drain_beg 0 0 0 0 0 0
2146838775426372 137946042775232 drain_end 1 0 0 0 0 0
2146838775426512 137946042775232 take 52 0 0 0 0 0
2146838775426712 137946042775232 subm_beg 1 0 0 0 0 0
2146838775427152 137946042775232 submit 52 0 0 0 0 0
2146838775427472 137946042775232 subm_end 1 0 0 0 0 0
2146838775427522 137946042775232 pump_beg 1 0 0 0 0 0
2146838775562157 137946042775232 feedend 51 0 0 0 0 0
2146838775599556 137946042775232 feedend 51 1 0 0 0 0
2146838778522250 137946042775232 outfirst 51 1 65536 0 0 0
2146838779104698 137946042775232 outfirst 51 0 65536 0 0 0
2146838779154366 137946042775232 pump_end 1 2 0 0 0 0
2146838779154586 137946042775232 join_beg 1 0 0 0 0 0
2146838779154876 137946042775232 join_end 0 0 0 0 0 0
2146838779154946 137946042775232 book_beg 1 0 0 0 0 0
2146838779155106 137946042775232 batch 52 1 1 2 2 0
2146838779155246 137946042775232 book_end 1 0 0 0 0 0
2146838779155396 137946042775232 coll_beg 0 0 0 0 0 0
2146838779294201 137946042775232 coll_end 0 0 0 0 0 0
2146838779294531 137946042775232 rel_beg 1 0 0 0 0 0
2146838779294851 137946042775232 absorb 52 0 0 0 0 0
2146838779298461 137946042775232 rel_end 1 0 0 0 0 0
2146838779300421 137946042775232 wait_beg 0 0 0 0 0 0
2146838780113201 137946042775232 wait_end 0 0 0 0 0 0
2146838780115821 137946042775232 drain_beg 0 0 0 0 0 0
2146838780116081 137946042775232 drain_end 1 0 0 0 0 0
2146838780116211 137946042775232 take 53 0 0 0 0 0
2146838780116391 137946042775232 subm_beg 1 0 0 0 0 0
2146838780116761 137946042775232 submit 53 0 0 0 0 0
2146838780116911 137946042775232 subm_end 1 0 0 0 0 0
2146838780116971 137946042775232 pump_beg 1 0 0 0 0 0
2146838780252616 137946042775232 feedend 52 0 0 0 0 0
2146838780272396 137946042775232 feedend 52 1 0 0 0 0
2146838783086753 137946042775232 outfirst 52 1 65536 0 0 0
2146838783745089 137946042775232 outfirst 52 0 65536 0 0 0
2146838783766898 137946042775232 pump_end 1 2 0 0 0 0
2146838783767048 137946042775232 join_beg 1 0 0 0 0 0
2146838783767328 137946042775232 join_end 0 0 0 0 0 0
2146838783767388 137946042775232 book_beg 1 0 0 0 0 0
2146838783767608 137946042775232 batch 53 1 1 2 2 0
2146838783767748 137946042775232 book_end 1 0 0 0 0 0
2146838783767898 137946042775232 coll_beg 0 0 0 0 0 0
2146838783864145 137946042775232 coll_end 0 0 0 0 0 0
2146838783864294 137946042775232 rel_beg 1 0 0 0 0 0
2146838783864594 137946042775232 absorb 53 0 0 0 0 0
2146838783867454 137946042775232 rel_end 1 0 0 0 0 0
2146838783868644 137946042775232 wait_beg 0 0 0 0 0 0
2146838775400723 137946056009600 msgin 52 4718592 0 0 0 0
2146838775401083 137946056009600 enq 52 1 0 0 0 0
2146838779308241 137946056009600 ackslot 52 51 52 51 1 0
2146838779351269 137946056009600 send 18 0 0 51 51 2
2146838779697337 137946056009600 send 164208 0 0 51 51 2
2146838780009655 137946056009600 send 136778 0 0 51 51 2
2146838780013205 137946056009600 send 14 0 0 51 51 2
2146838780013395 137946056009600 egress 52 1 0 51 0 0
2146838780013515 137946056009600 ackregion 52 52 52 51 1 0
2146838780091192 137946056009600 msgin 53 4718592 0 0 0 0
2146838780091382 137946056009600 enq 53 1 0 0 0 0
2146838780946361 137946056009600 cliack 52 0 53 52 0 0
2146838783883464 137946056009600 ackslot 53 52 53 52 1 0
2146838783917983 137946056009600 send 18 0 0 52 52 2
2146838784440264 137946056009600 send 162706 0 0 52 52 2
2146838784822670 137946056009600 send 127368 0 0 52 52 2
2146838784827199 137946056009600 send 14 0 0 52 52 2
2146838784827439 137946056009600 egress 53 1 0 52 0 0
2146838784827499 137946056009600 ackregion 53 53 53 52 1 0
2146838779317600 137945960937152 emit_beg 52 0 0 0 0 0
2146838779322880 137945960937152 dmg 0 1 0 0 1024 768
2146838779323070 137945960937152 enc 51 51 1 -1 -1 0
2146838779347259 137945960937152 emit_end 52 0 0 0 0 0
2146838783885124 137945960937152 emit_beg 53 0 0 0 0 0
2146838783888674 137945960937152 dmg 0 1 0 0 1024 768
2146838783888854 137945960937152 enc 52 52 1 -1 -1 0
2146838783910403 137945960937152 emit_end 53 0 0 0 0 0
2146838785480676 137946056009600 cliack 53 0 54 53 0 0
2146838795592587 137946042775232 wait_end 0 0 0 0 0 0
2146838795596167 137946042775232 drain_beg 0 0 0 0 0 0
2146838795596797 137946042775232 drain_end 1 0 0 0 0 0
2146838795596907 137946042775232 take 54 0 0 0 0 0
2146838795597187 137946042775232 subm_beg 1 0 0 0 0 0
2146838795597996 137946042775232 submit 54 0 0 0 0 0
2146838795598196 137946042775232 subm_end 1 0 0 0 0 0
2146838795598286 137946042775232 pump_beg 1 0 0 0 0 0
2146838795732822 137946042775232 feedend 53 0 0 0 0 0
2146838795782790 137946042775232 feedend 53 1 0 0 0 0
2146838798703363 137946042775232 outfirst 53 1 65536 0 0 0
2146838799306581 137946042775232 outfirst 53 0 65536 0 0 0
2146838799344760 137946042775232 pump_end 1 2 0 0 0 0
2146838799344960 137946042775232 join_beg 1 0 0 0 0 0
2146838799345240 137946042775232 join_end 0 0 0 0 0 0
2146838799345430 137946042775232 book_beg 1 0 0 0 0 0
2146838799345840 137946042775232 batch 54 1 1 2 2 0
2146838799346010 137946042775232 book_end 1 0 0 0 0 0
2146838799346190 137946042775232 coll_beg 0 0 0 0 0 0
2146838799457546 137946042775232 coll_end 0 0 0 0 0 0
2146838799457866 137946042775232 rel_beg 1 0 0 0 0 0
2146838799458116 137946042775232 absorb 54 0 0 0 0 0
2146838799460246 137946042775232 rel_end 1 0 0 0 0 0
2146838799461825 137946042775232 wait_beg 0 0 0 0 0 0
2146838795570767 137946056009600 msgin 54 4718592 0 0 0 0
2146838795571457 137946056009600 enq 54 1 0 0 0 0
2146838799469775 137946056009600 ackslot 54 53 54 53 1 0
2146838799506334 137946056009600 send 18 0 0 53 53 2
2146838799862331 137946056009600 send 170956 0 0 53 53 2
2146838800149600 137946056009600 send 137525 0 0 53 53 2
2146838800152510 137946056009600 send 14 0 0 53 53 2
2146838800152700 137946056009600 egress 54 1 0 53 0 0
2146838800152740 137946056009600 ackregion 54 54 54 53 1 0
2146838801068527 137946056009600 cliack 54 0 55 54 0 0
2146838799478825 137945960937152 emit_beg 54 0 0 0 0 0
2146838799483905 137945960937152 dmg 0 1 0 0 1024 768
2146838799484145 137945960937152 enc 53 53 1 -1 -1 0
2146838799514444 137945960937152 emit_end 54 0 0 0 0 0
2146838811769516 137946042775232 wait_end 0 0 0 0 0 0
2146838811771496 137946042775232 drain_beg 0 0 0 0 0 0
2146838811771826 137946042775232 drain_end 1 0 0 0 0 0
2146838811771966 137946042775232 take 55 0 0 0 0 0
2146838811772226 137946042775232 subm_beg 1 0 0 0 0 0
2146838811772506 137946042775232 submit 55 0 0 0 0 0
2146838811772646 137946042775232 subm_end 1 0 0 0 0 0
2146838811772686 137946042775232 pump_beg 1 0 0 0 0 0
2146838811899482 137946042775232 feedend 54 0 0 0 0 0
2146838811913651 137946042775232 feedend 54 1 0 0 0 0
2146838814792266 137946042775232 outfirst 54 1 65536 0 0 0
2146838815343466 137946042775232 outfirst 54 0 65536 0 0 0
2146838815373325 137946042775232 pump_end 1 2 0 0 0 0
2146838815373515 137946042775232 join_beg 1 0 0 0 0 0
2146838815373725 137946042775232 join_end 0 0 0 0 0 0
2146838815373815 137946042775232 book_beg 1 0 0 0 0 0
2146838815373985 137946042775232 batch 55 1 1 2 2 0
2146838815374125 137946042775232 book_end 1 0 0 0 0 0
2146838815374275 137946042775232 coll_beg 0 0 0 0 0 0
2146838815490741 137946042775232 coll_end 0 0 0 0 0 0
2146838815490921 137946042775232 rel_beg 1 0 0 0 0 0
2146838815491061 137946042775232 absorb 55 0 0 0 0 0
2146838815494131 137946042775232 rel_end 1 0 0 0 0 0
2146838815496000 137946042775232 wait_beg 0 0 0 0 0 0
2146838811760657 137946056009600 msgin 55 4718592 0 0 0 0
2146838811761147 137946056009600 enq 55 1 0 0 0 0
2146838815517910 137946056009600 ackslot 55 54 55 54 1 0
2146838815558118 137946056009600 send 18 0 0 54 54 2
2146838815512240 137945960937152 emit_beg 55 0 0 0 0 0
2146838815514340 137945960937152 dmg 0 1 0 0 1024 768
2146838815514490 137945960937152 enc 54 54 1 -1 -1 0
2146838815536219 137945960937152 emit_end 55 0 0 0 0 0
2146838816103838 137946056009600 send 149517 0 0 54 54 2
2146838816423727 137946056009600 send 125576 0 0 54 54 2
2146838816427187 137946056009600 send 14 0 0 54 54 2
2146838816427357 137946056009600 egress 55 1 0 54 0 0
2146838816427517 137946056009600 ackregion 55 55 55 54 1 0
2146838816983686 137946056009600 cliack 55 0 56 55 0 0
2146838827792562 137946042775232 wait_end 0 0 0 0 0 0
2146838827795602 137946042775232 drain_beg 0 0 0 0 0 0
2146838827796112 137946042775232 drain_end 1 0 0 0 0 0
2146838827796282 137946042775232 take 56 0 0 0 0 0
2146838827796952 137946042775232 subm_beg 1 0 0 0 0 0
2146838827797692 137946042775232 submit 56 0 0 0 0 0
2146838827797882 137946042775232 subm_end 1 0 0 0 0 0
2146838827797962 137946042775232 pump_beg 1 0 0 0 0 0
2146838827942316 137946042775232 feedend 55 0 0 0 0 0
2146838827985535 137946042775232 feedend 55 1 0 0 0 0
2146838831124830 137946042775232 outfirst 55 1 65536 0 0 0
2146838831523726 137946042775232 outfirst 55 0 65536 0 0 0
2146838831562924 137946042775232 pump_end 1 2 0 0 0 0
2146838831563174 137946042775232 join_beg 1 0 0 0 0 0
2146838831563484 137946042775232 join_end 0 0 0 0 0 0
2146838831563584 137946042775232 book_beg 1 0 0 0 0 0
2146838831563774 137946042775232 batch 56 1 1 2 2 0
2146838831563944 137946042775232 book_end 1 0 0 0 0 0
2146838831564104 137946042775232 coll_beg 0 0 0 0 0 0
2146838831717939 137946042775232 coll_end 0 0 0 0 0 0
2146838831718219 137946042775232 rel_beg 1 0 0 0 0 0
2146838831718679 137946042775232 absorb 56 0 0 0 0 0
2146838831722219 137946042775232 rel_end 1 0 0 0 0 0
2146838831724019 137946042775232 wait_beg 0 0 0 0 0 0
2146838827779112 137946056009600 msgin 56 4718592 0 0 0 0
2146838827779772 137946056009600 enq 56 1 0 0 0 0
2146838831748948 137946056009600 ackslot 56 55 56 55 1 0
2146838831777827 137946056009600 send 18 0 0 55 55 2
2146838832381555 137946056009600 send 172555 0 0 55 55 2
2146838832759991 137946056009600 send 153367 0 0 55 55 2
2146838832763401 137946056009600 send 14 0 0 55 55 2
2146838832763711 137946056009600 egress 56 1 0 55 0 0
2146838832763851 137946056009600 ackregion 56 56 56 55 1 0
2146838833453865 137946056009600 cliack 56 0 57 56 0 0
2146838831741198 137945960937152 emit_beg 56 0 0 0 0 0
2146838831744038 137945960937152 dmg 0 1 0 0 1024 768
2146838831744248 137945960937152 enc 55 55 1 -1 -1 0
2146838831776827 137945960937152 emit_end 56 0 0 0 0 0
2146838843528318 137946042775232 wait_end 0 0 0 0 0 0
2146838843530288 137946042775232 drain_beg 0 0 0 0 0 0
2146838843530558 137946042775232 drain_end 1 0 0 0 0 0
2146838843530628 137946042775232 take 57 0 0 0 0 0
2146838843531128 137946042775232 subm_beg 1 0 0 0 0 0
2146838843531808 137946042775232 submit 57 0 0 0 0 0
2146838843531958 137946042775232 subm_end 1 0 0 0 0 0
2146838843532008 137946042775232 pump_beg 1 0 0 0 0 0
2146838843679332 137946042775232 feedend 56 0 0 0 0 0
2146838843710431 137946042775232 feedend 56 1 0 0 0 0
2146838843518228 137946056009600 msgin 57 4718592 0 0 0 0
2146838843518658 137946056009600 enq 57 1 0 0 0 0
2146838846385804 137946042775232 outfirst 56 1 65536 0 0 0
2146838846774959 137946042775232 outfirst 56 0 65536 0 0 0
2146838846809868 137946042775232 pump_end 1 2 0 0 0 0
2146838846810088 137946042775232 join_beg 1 0 0 0 0 0
2146838846810538 137946042775232 join_end 0 0 0 0 0 0
2146838846810628 137946042775232 book_beg 1 0 0 0 0 0
2146838846810898 137946042775232 batch 57 1 1 2 2 0
2146838846811118 137946042775232 book_end 1 0 0 0 0 0
2146838846811298 137946042775232 coll_beg 0 0 0 0 0 0
2146838846910324 137946042775232 coll_end 0 0 0 0 0 0
2146838846910524 137946042775232 rel_beg 1 0 0 0 0 0
2146838846910874 137946042775232 absorb 57 0 0 0 0 0
2146838846914554 137946042775232 rel_end 1 0 0 0 0 0
2146838846916674 137946042775232 wait_beg 0 0 0 0 0 0
2146838846940963 137946056009600 ackslot 57 56 57 56 1 0
2146838846968322 137946056009600 send 18 0 0 56 56 2
2146838847399707 137946056009600 send 120082 0 0 56 56 2
2146838847761663 137946056009600 send 102273 0 0 56 56 2
2146838847766863 137946056009600 send 14 0 0 56 56 2
2146838847767063 137946056009600 egress 57 1 0 56 0 0
2146838847767213 137946056009600 ackregion 57 57 57 56 1 0
2146838848159579 137946056009600 cliack 57 0 58 57 0 0
2146838846934044 137945960937152 emit_beg 57 0 0 0 0 0
2146838846937213 137945960937152 dmg 0 1 0 0 1024 768
2146838846937403 137945960937152 enc 56 56 1 -1 -1 0
2146838846963802 137945960937152 emit_end 57 0 0 0 0 0
2146838860127022 137946042775232 wait_end 0 0 0 0 0 0
2146838860128302 137946042775232 drain_beg 0 0 0 0 0 0
2146838860128912 137946042775232 drain_end 1 0 0 0 0 0
2146838860128952 137946042775232 take 58 0 0 0 0 0
2146838860129262 137946042775232 subm_beg 1 0 0 0 0 0
2146838860129452 137946042775232 submit 58 0 0 0 0 0
2146838860129702 137946042775232 subm_end 1 0 0 0 0 0
2146838860129732 137946042775232 pump_beg 1 0 0 0 0 0
2146838860261777 137946042775232 feedend 57 0 0 0 0 0
2146838860303096 137946042775232 feedend 57 1 0 0 0 0
2146838863296837 137946042775232 outfirst 57 1 65536 0 0 0
2146838863787359 137946042775232 outfirst 57 0 65536 0 0 0
2146838863867926 137946042775232 pump_end 1 2 0 0 0 0
2146838863873046 137946042775232 join_beg 1 0 0 0 0 0
2146838863873356 137946042775232 join_end 0 0 0 0 0 0
2146838863873476 137946042775232 book_beg 1 0 0 0 0 0
2146838863873746 137946042775232 batch 58 1 1 2 2 0
2146838863873786 137946042775232 book_end 1 0 0 0 0 0
2146838863873826 137946042775232 coll_beg 0 0 0 0 0 0
2146838864020460 137946042775232 coll_end 0 0 0 0 0 0
2146838864020530 137946042775232 rel_beg 1 0 0 0 0 0
2146838864020920 137946042775232 absorb 58 0 0 0 0 0
2146838864024650 137946042775232 rel_end 1 0 0 0 0 0
2146838864026640 137946042775232 wait_beg 0 0 0 0 0 0
2146838860116213 137946056009600 msgin 58 4718592 0 0 0 0
2146838860116963 137946056009600 enq 58 1 0 0 0 0
2146838864056079 137946056009600 ackslot 58 57 58 57 1 0
2146838864081298 137946056009600 send 18 0 0 57 57 2
2146838864707955 137946056009600 send 168950 0 0 57 57 2
2146838865206857 137946056009600 send 139653 0 0 57 57 2
2146838865212637 137946056009600 send 14 0 0 57 57 2
2146838865213077 137946056009600 egress 58 1 0 57 0 0
2146838865213207 137946056009600 ackregion 58 58 58 57 1 0
2146838865569354 137946056009600 cliack 58 0 59 58 0 0
2146838864030400 137945960937152 emit_beg 58 0 0 0 0 0
2146838864033270 137945960937152 dmg 0 1 0 0 1024 768
2146838864033440 137945960937152 enc 57 57 1 -1 -1 0
2146838864065069 137945960937152 emit_end 58 0 0 0 0 0
2146838876375109 137946042775232 wait_end 0 0 0 0 0 0
2146838876378189 137946042775232 drain_beg 0 0 0 0 0 0
2146838876378689 137946042775232 drain_end 1 0 0 0 0 0
2146838876378809 137946042775232 take 59 0 0 0 0 0
2146838876379289 137946042775232 subm_beg 1 0 0 0 0 0
2146838876379909 137946042775232 submit 59 0 0 0 0 0
2146838876380059 137946042775232 subm_end 1 0 0 0 0 0
2146838876380139 137946042775232 pump_beg 1 0 0 0 0 0
2146838876533434 137946042775232 feedend 58 0 0 0 0 0
2146838876592512 137946042775232 feedend 58 1 0 0 0 0
2146838879743937 137946042775232 outfirst 58 1 65536 0 0 0
2146838880279877 137946042775232 outfirst 58 0 65536 0 0 0
2146838880322406 137946042775232 pump_end 1 2 0 0 0 0
2146838880322576 137946042775232 join_beg 1 0 0 0 0 0
2146838880322846 137946042775232 join_end 0 0 0 0 0 0
2146838880322916 137946042775232 book_beg 1 0 0 0 0 0
2146838880323186 137946042775232 batch 59 1 1 2 2 0
2146838880323356 137946042775232 book_end 1 0 0 0 0 0
2146838880323526 137946042775232 coll_beg 0 0 0 0 0 0
2146838880483340 137946042775232 coll_end 0 0 0 0 0 0
2146838880483490 137946042775232 rel_beg 1 0 0 0 0 0
2146838880483790 137946042775232 absorb 59 0 0 0 0 0
2146838880487560 137946042775232 rel_end 1 0 0 0 0 0
2146838880489749 137946042775232 wait_beg 0 0 0 0 0 0
2146838876347840 137946056009600 msgin 59 4718592 0 0 0 0
2146838876348570 137946056009600 enq 59 1 0 0 0 0
2146838880497969 137946056009600 ackslot 59 58 59 58 1 0
2146838880636264 137946056009600 send 18 0 0 58 58 2
2146838881302880 137946056009600 send 184825 0 0 58 58 2
2146838881663547 137946056009600 send 160592 0 0 58 58 2
2146838881666786 137946056009600 send 14 0 0 58 58 2
2146838881667046 137946056009600 egress 59 1 0 58 0 0
2146838881667606 137946056009600 ackregion 59 59 59 58 1 0
2146838882482157 137946056009600 cliack 59 0 60 59 0 0
2146838880507329 137945960937152 emit_beg 59 0 0 0 0 0
2146838880512819 137945960937152 dmg 0 1 0 0 1024 768
2146838880513139 137945960937152 enc 58 58 1 -1 -1 0
2146838880544437 137945960937152 emit_end 59 0 0 0 0 0
2146838892731393 137946042775232 wait_end 0 0 0 0 0 0
2146838892734293 137946042775232 drain_beg 0 0 0 0 0 0
2146838892734613 137946042775232 drain_end 1 0 0 0 0 0
2146838892734723 137946042775232 take 60 0 0 0 0 0
2146838892734913 137946042775232 subm_beg 1 0 0 0 0 0
2146838892735173 137946042775232 submit 60 0 0 0 0 0
2146838892735333 137946042775232 subm_end 1 0 0 0 0 0
2146838892735363 137946042775232 pump_beg 1 0 0 0 0 0
2146838892880137 137946042775232 feedend 59 0 0 0 0 0
2146838892951495 137946042775232 feedend 59 1 0 0 0 0
2146838895778892 137946042775232 outfirst 59 1 65536 0 0 0
2146838892707564 137946056009600 msgin 60 4718592 0 0 0 0
2146838892707824 137946056009600 enq 60 1 0 0 0 0
2146838896248185 137946042775232 outfirst 59 0 65536 0 0 0
2146838896285533 137946042775232 pump_end 1 2 0 0 0 0
2146838896285813 137946042775232 join_beg 1 0 0 0 0 0
2146838896286133 137946042775232 join_end 0 0 0 0 0 0
2146838896286213 137946042775232 book_beg 1 0 0 0 0 0
2146838896286473 137946042775232 batch 60 1 1 2 2 0
2146838896286653 137946042775232 book_end 1 0 0 0 0 0
2146838896286843 137946042775232 coll_beg 0 0 0 0 0 0
2146838896410299 137946042775232 coll_end 0 0 0 0 0 0
2146838896410569 137946042775232 rel_beg 1 0 0 0 0 0
2146838896410919 137946042775232 absorb 60 0 0 0 0 0
2146838896414598 137946042775232 rel_end 1 0 0 0 0 0
2146838896416428 137946042775232 wait_beg 0 0 0 0 0 0
2146838897554657 137946042775232 wait_end 0 0 0 0 0 0
2146838897557387 137946042775232 drain_beg 0 0 0 0 0 0
2146838897557687 137946042775232 drain_end 1 0 0 0 0 0
2146838897557917 137946042775232 take 61 0 0 0 0 0
2146838897558297 137946042775232 subm_beg 1 0 0 0 0 0
2146838897558907 137946042775232 submit 61 0 0 0 0 0
2146838897559097 137946042775232 subm_end 1 0 0 0 0 0
2146838897559177 137946042775232 pump_beg 1 0 0 0 0 0
2146838897705281 137946042775232 feedend 60 0 0 0 0 0
2146838897778809 137946042775232 feedend 60 1 0 0 0 0
2146838900794369 137946042775232 outfirst 60 1 65536 0 0 0
2146838901276941 137946042775232 outfirst 60 0 65536 0 0 0
2146838901328499 137946042775232 pump_end 1 2 0 0 0 0
2146838901328719 137946042775232 join_beg 1 0 0 0 0 0
2146838901328789 137946042775232 join_end 0 0 0 0 0 0
2146838901329009 137946042775232 book_beg 1 0 0 0 0 0
2146838901329219 137946042775232 batch 61 1 1 2 2 0
2146838901329279 137946042775232 book_end 1 0 0 0 0 0
2146838901329309 137946042775232 coll_beg 0 0 0 0 0 0
2146838901477294 137946042775232 coll_end 0 0 0 0 0 0
2146838901477354 137946042775232 rel_beg 1 0 0 0 0 0
2146838901477474 137946042775232 absorb 61 0 0 0 0 0
2146838901479354 137946042775232 rel_end 1 0 0 0 0 0
2146838901481204 137946042775232 wait_beg 0 0 0 0 0 0
2146838896444157 137946056009600 ackslot 60 59 60 59 1 0
2146838896483166 137946056009600 send 18 0 0 59 59 2
2146838897001067 137946056009600 send 145536 0 0 59 59 2
2146838897465640 137946056009600 send 126171 0 0 59 59 2
2146838897470650 137946056009600 send 14 0 0 59 59 2
2146838897470880 137946056009600 egress 60 1 0 59 0 0
2146838897471070 137946056009600 ackregion 60 60 60 59 1 0
2146838897534258 137946056009600 msgin 61 4718592 0 0 0 0
2146838897534528 137946056009600 enq 61 1 0 0 0 0
2146838897823767 137946056009600 cliack 60 0 61 60 0 0
2146838901484883 137946056009600 ackslot 61 60 61 60 1 0
2146838901549711 137946056009600 send 18 0 0 60 60 2
2146838901922508 137946056009600 send 170073 0 0 60 60 2
2146838902243076 137946056009600 send 149141 0 0 60 60 2
2146838902246136 137946056009600 send 14 0 0 60 60 2
2146838902246286 137946056009600 egress 61 1 0 60 0 0
2146838902246376 137946056009600 ackregion 61 61 61 60 1 0
2146838902852894 137946056009600 cliack 61 0 62 61 0 0
2146838896433078 137945960937152 emit_beg 60 0 0 0 0 0
2146838896436108 137945960937152 dmg 0 1 0 0 1024 768
2146838896436308 137945960937152 enc 59 59 1 -1 -1 0
2146838896462327 137945960937152 emit_end 60 0 0 0 0 0
2146838901491603 137945960937152 emit_beg 61 0 0 0 0 0
2146838901513742 137945960937152 dmg 0 1 0 0 1024 768
2146838901513952 137945960937152 enc 60 60 1 -1 -1 0
2146838901546941 137945960937152 emit_end 61 0 0 0 0 0
2146838912504151 137946042775232 wait_end 0 0 0 0 0 0
2146838912506821 137946042775232 drain_beg 0 0 0 0 0 0
2146838912510431 137946042775232 drain_end 1 0 0 0 0 0
2146838912510641 137946042775232 take 62 0 0 0 0 0
2146838912511121 137946042775232 subm_beg 1 0 0 0 0 0
2146838912511411 137946042775232 submit 62 0 0 0 0 0
2146838912511551 137946042775232 subm_end 1 0 0 0 0 0
2146838912511591 137946042775232 pump_beg 1 0 0 0 0 0
2146838912626497 137946042775232 feedend 61 0 0 0 0 0
2146838912660896 137946042775232 feedend 61 1 0 0 0 0
2146838915362717 137946042775232 outfirst 61 1 65536 0 0 0
2146838915894458 137946042775232 outfirst 61 0 65536 0 0 0
2146838915932896 137946042775232 pump_end 1 2 0 0 0 0
2146838915933076 137946042775232 join_beg 1 0 0 0 0 0
2146838915933246 137946042775232 join_end 0 0 0 0 0 0
2146838915933376 137946042775232 book_beg 1 0 0 0 0 0
2146838915933596 137946042775232 batch 62 1 1 2 2 0
2146838915933646 137946042775232 book_end 1 0 0 0 0 0
2146838915933706 137946042775232 coll_beg 0 0 0 0 0 0
2146838916047302 137946042775232 coll_end 0 0 0 0 0 0
2146838916047362 137946042775232 rel_beg 1 0 0 0 0 0
2146838916047432 137946042775232 absorb 62 0 0 0 0 0
2146838916049732 137946042775232 rel_end 1 0 0 0 0 0
2146838916051672 137946042775232 wait_beg 0 0 0 0 0 0
2146838912483652 137946056009600 msgin 62 4718592 0 0 0 0
2146838912484112 137946056009600 enq 62 1 0 0 0 0
2146838916073521 137946056009600 ackslot 62 61 62 61 1 0
2146838916112040 137946056009600 send 18 0 0 61 61 2
2146838916055932 137945960937152 emit_beg 62 0 0 0 0 0
2146838916058192 137945960937152 dmg 0 1 0 0 1024 768
2146838916058382 137945960937152 enc 61 61 1 -1 -1 0
2146838916077181 137945960937152 emit_end 62 0 0 0 0 0
2146838916614861 137946056009600 send 140228 0 0 61 61 2
2146838917022047 137946056009600 send 114525 0 0 61 61 2
2146838917027256 137946056009600 send 14 0 0 61 61 2
2146838917027636 137946056009600 egress 62 1 0 61 0 0
2146838917027796 137946056009600 ackregion 62 62 62 61 1 0
2146838917154312 137946056009600 cliack 62 0 63 62 0 0
2146838928296955 137946042775232 wait_end 0 0 0 0 0 0
2146838928299775 137946042775232 drain_beg 0 0 0 0 0 0
2146838928300185 137946042775232 drain_end 1 0 0 0 0 0
2146838928300335 137946042775232 take 63 0 0 0 0 0
2146838928300645 137946042775232 subm_beg 1 0 0 0 0 0
2146838928300885 137946042775232 submit 63 0 0 0 0 0
2146838928301105 137946042775232 subm_end 1 0 0 0 0 0
2146838928301165 137946042775232 pump_beg 1 0 0 0 0 0
2146838928428500 137946042775232 feedend 62 0 0 0 0 0
2146838928480839 137946042775232 feedend 62 1 0 0 0 0
2146838931177340 137946042775232 outfirst 62 1 65536 0 0 0
2146838931700661 137946042775232 outfirst 62 0 65536 0 0 0
2146838931743210 137946042775232 pump_end 1 2 0 0 0 0
2146838931743450 137946042775232 join_beg 1 0 0 0 0 0
2146838931743670 137946042775232 join_end 0 0 0 0 0 0
2146838931743790 137946042775232 book_beg 1 0 0 0 0 0
2146838931743980 137946042775232 batch 63 1 1 2 2 0
2146838931744130 137946042775232 book_end 1 0 0 0 0 0
2146838931744280 137946042775232 coll_beg 0 0 0 0 0 0
2146838931852306 137946042775232 coll_end 0 0 0 0 0 0
2146838931852476 137946042775232 rel_beg 1 0 0 0 0 0
2146838931852626 137946042775232 absorb 63 0 0 0 0 0
2146838931854635 137946042775232 rel_end 1 0 0 0 0 0
2146838931856645 137946042775232 wait_beg 0 0 0 0 0 0
2146838932776572 137946042775232 wait_end 0 0 0 0 0 0
2146838932778252 137946042775232 drain_beg 0 0 0 0 0 0
2146838932778442 137946042775232 drain_end 1 0 0 0 0 0
2146838932778552 137946042775232 take 64 0 0 0 0 0
2146838932778732 137946042775232 subm_beg 1 0 0 0 0 0
2146838932779052 137946042775232 submit 64 0 0 0 0 0
2146838932779182 137946042775232 subm_end 1 0 0 0 0 0
2146838932779212 137946042775232 pump_beg 1 0 0 0 0 0
2146838932881338 137946042775232 feedend 63 0 0 0 0 0
2146838932892538 137946042775232 feedend 63 1 0 0 0 0
2146838935794292 137946042775232 outfirst 63 1 65536 0 0 0
2146838936309213 137946042775232 outfirst 63 0 65536 0 0 0
2146838936341352 137946042775232 pump_end 1 2 0 0 0 0
2146838936341632 137946042775232 join_beg 1 0 0 0 0 0
2146838936341752 137946042775232 join_end 0 0 0 0 0 0
2146838936341932 137946042775232 book_beg 1 0 0 0 0 0
2146838936342112 137946042775232 batch 64 1 1 2 2 0
2146838936342142 137946042775232 book_end 1 0 0 0 0 0
2146838936342172 137946042775232 coll_beg 0 0 0 0 0 0
2146838928276586 137946056009600 msgin 63 4718592 0 0 0 0
2146838928276976 137946056009600 enq 63 1 0 0 0 0
2146838931860085 137946056009600 ackslot 63 62 63 62 1 0
2146838931930553 137946056009600 send 18 0 0 62 62 2
2146838932245371 137946056009600 send 138098 0 0 62 62 2
2146838932484102 137946056009600 send 112111 0 0 62 62 2
2146838932487152 137946056009600 send 14 0 0 62 62 2
2146838932487322 137946056009600 egress 63 1 0 62 0 0
2146838932487422 137946056009600 ackregion 63 63 63 62 1 0
2146838932761732 137946056009600 msgin 64 4718592 0 0 0 0
2146838932762222 137946056009600 enq 64 1 0 0 0 0
2146838933177707 137946056009600 cliack 63 0 64 63 0 0
2146838931860975 137945960937152 emit_beg 63 0 0 0 0 0
2146838931865505 137945960937152 dmg 0 1 0 0 1024 768
2146838931865725 137945960937152 enc 62 62 1 -1 -1 0
2146838931886734 137945960937152 emit_end 63 0 0 0 0 0
2146838936475347 137946042775232 coll_end 0 0 0 0 0 0
2146838936475747 137946042775232 rel_beg 1 0 0 0 0 0
2146838936475987 137946042775232 absorb 64 0 0 0 0 0
2146838936479557 137946042775232 rel_end 1 0 0 0 0 0
2146838936481867 137946042775232 wait_beg 0 0 0 0 0 0
2146838937236819 137946042775232 wait_end 0 0 0 0 0 0
2146838937239389 137946042775232 drain_beg 0 0 0 0 0 0
2146838937239669 137946042775232 drain_end 1 0 0 0 0 0
2146838937239819 137946042775232 take 65 0 0 0 0 0
2146838937240029 137946042775232 subm_beg 1 0 0 0 0 0
2146838937240269 137946042775232 submit 65 0 0 0 0 0
2146838937240449 137946042775232 subm_end 1 0 0 0 0 0
2146838937240499 137946042775232 pump_beg 1 0 0 0 0 0
2146838937368154 137946042775232 feedend 64 0 0 0 0 0
2146838937417303 137946042775232 feedend 64 1 0 0 0 0
2146838940421773 137946042775232 outfirst 64 1 65536 0 0 0
2146838941038860 137946042775232 outfirst 64 0 65536 0 0 0
2146838941062490 137946042775232 pump_end 1 2 0 0 0 0
2146838941062680 137946042775232 join_beg 1 0 0 0 0 0
2146838941062890 137946042775232 join_end 0 0 0 0 0 0
2146838941062980 137946042775232 book_beg 1 0 0 0 0 0
2146838941066889 137946042775232 batch 65 1 1 2 2 0
2146838941066939 137946042775232 book_end 1 0 0 0 0 0
2146838941066999 137946042775232 coll_beg 0 0 0 0 0 0
2146838941217014 137946042775232 coll_end 0 0 0 0 0 0
2146838941217064 137946042775232 rel_beg 1 0 0 0 0 0
2146838941217184 137946042775232 absorb 65 0 0 0 0 0
2146838941219264 137946042775232 rel_end 1 0 0 0 0 0
2146838941222754 137946042775232 wait_beg 0 0 0 0 0 0
2146838941223804 137946042775232 wait_end 0 0 0 0 0 0
2146838941225254 137946042775232 drain_beg 0 0 0 0 0 0
2146838941225494 137946042775232 drain_end 1 0 0 0 0 0
2146838941225604 137946042775232 take 66 0 0 0 0 0
2146838941225734 137946042775232 subm_beg 1 0 0 0 0 0
2146838941225824 137946042775232 submit 66 0 0 0 0 0
2146838941226074 137946042775232 subm_end 1 0 0 0 0 0
2146838941226124 137946042775232 pump_beg 1 0 0 0 0 0
2146838941341879 137946042775232 feedend 65 0 0 0 0 0
2146838941383898 137946042775232 feedend 65 1 0 0 0 0
2146838944388768 137946042775232 outfirst 65 1 65536 0 0 0
2146838944916449 137946042775232 outfirst 65 0 65536 0 0 0
2146838944946318 137946042775232 pump_end 1 2 0 0 0 0
2146838944946578 137946042775232 join_beg 1 0 0 0 0 0
2146838944946758 137946042775232 join_end 0 0 0 0 0 0
2146838944946848 137946042775232 book_beg 1 0 0 0 0 0
2146838944947048 137946042775232 batch 66 1 1 2 2 0
2146838944947108 137946042775232 book_end 1 0 0 0 0 0
2146838944947158 137946042775232 coll_beg 0 0 0 0 0 0
2146838945089463 137946042775232 coll_end 0 0 0 0 0 0
2146838945089543 137946042775232 rel_beg 1 0 0 0 0 0
2146838945089793 137946042775232 absorb 66 0 0 0 0 0
2146838945093422 137946042775232 rel_end 1 0 0 0 0 0
2146838945097602 137946042775232 wait_beg 0 0 0 0 0 0
2146838936492966 137946056009600 ackslot 64 63 64 63 1 0
2146838936512346 137946056009600 send 18 0 0 63 63 2
2146838936875382 137946056009600 send 158008 0 0 63 63 2
2146838937170522 137946056009600 send 131143 0 0 63 63 2
2146838937174051 137946056009600 send 14 0 0 63 63 2
2146838937174401 137946056009600 egress 64 1 0 63 0 0
2146838937174551 137946056009600 ackregion 64 64 64 63 1 0
2146838937217670 137946056009600 msgin 65 4718592 0 0 0 0
2146838937218010 137946056009600 enq 65 1 0 0 0 0
2146838937549548 137946056009600 cliack 64 0 65 64 0 0
2146838940708592 137946056009600 msgin 66 4718592 0 0 0 0
2146838940708662 137946056009600 enq 66 1 0 0 0 0
2146838941224394 137946056009600 ackslot 65 64 65 64 1 0
2146838941288321 137946056009600 send 18 0 0 64 64 2
2146838941674717 137946056009600 send 184331 0 0 64 64 2
2146838941986586 137946056009600 send 153461 0 0 64 64 2
2146838941989666 137946056009600 send 14 0 0 64 64 2
2146838941989826 137946056009600 egress 65 1 0 64 0 0
2146838941989926 137946056009600 ackregion 65 65 65 64 1 0
2146838942715959 137946056009600 cliack 65 0 66 65 0 0
2146838945103092 137946056009600 ackslot 66 65 66 65 1 0
2146838945133391 137946056009600 send 18 0 0 65 65 2
2146838945491998 137946056009600 send 170264 0 0 65 65 2
2146838945789287 137946056009600 send 140637 0 0 65 65 2
2146838945792377 137946056009600 send 14 0 0 65 65 2
2146838945792497 137946056009600 egress 66 1 0 65 0 0
2146838945792677 137946056009600 ackregion 66 66 66 65 1 0
2146838946214402 137946056009600 cliack 66 0 67 66 0 0
2146838936485977 137945960937152 emit_beg 64 0 0 0 0 0
2146838936487066 137945960937152 dmg 0 1 0 0 1024 768
2146838936487226 137945960937152 enc 63 63 1 -1 -1 0
2146838936506716 137945960937152 emit_end 64 0 0 0 0 0
2146838941240723 137945960937152 emit_beg 65 0 0 0 0 0
2146838941248273 137945960937152 dmg 0 1 0 0 1024 768
2146838941248423 137945960937152 enc 64 64 1 -1 -1 0
2146838941280082 137945960937152 emit_end 65 0 0 0 0 0
2146838945104602 137945960937152 emit_beg 66 0 0 0 0 0
2146838945109512 137945960937152 dmg 0 1 0 0 1024 768
2146838945109692 137945960937152 enc 65 65 1 -1 -1 0
2146838945142841 137945960937152 emit_end 66 0 0 0 0 0
2146838956836594 137946042775232 wait_end 0 0 0 0 0 0
2146838956840444 137946042775232 drain_beg 0 0 0 0 0 0
2146838956841044 137946042775232 drain_end 1 0 0 0 0 0
2146838956841184 137946042775232 take 67 0 0 0 0 0
2146838956841684 137946042775232 subm_beg 1 0 0 0 0 0
2146838956842724 137946042775232 submit 67 0 0 0 0 0
2146838956842914 137946042775232 subm_end 1 0 0 0 0 0
2146838956842994 137946042775232 pump_beg 1 0 0 0 0 0
2146838957005528 137946042775232 feedend 66 0 0 0 0 0
2146838957036847 137946042775232 feedend 66 1 0 0 0 0
2146838959960370 137946042775232 outfirst 66 1 65536 0 0 0
2146838960400154 137946042775232 outfirst 66 0 65536 0 0 0
2146838960417803 137946042775232 pump_end 1 2 0 0 0 0
2146838960417973 137946042775232 join_beg 1 0 0 0 0 0
2146838960418403 137946042775232 join_end 0 0 0 0 0 0
2146838960418493 137946042775232 book_beg 1 0 0 0 0 0
2146838960418713 137946042775232 batch 67 1 1 2 2 0
2146838960418873 137946042775232 book_end 1 0 0 0 0 0
2146838960419043 137946042775232 coll_beg 0 0 0 0 0 0
2146838960527139 137946042775232 coll_end 0 0 0 0 0 0
2146838960527299 137946042775232 rel_beg 1 0 0 0 0 0
2146838960527589 137946042775232 absorb 67 0 0 0 0 0
2146838960531289 137946042775232 rel_end 1 0 0 0 0 0
2146838960532609 137946042775232 wait_beg 0 0 0 0 0 0
2146838956822545 137946056009600 msgin 67 4718592 0 0 0 0
2146838956823045 137946056009600 enq 67 1 0 0 0 0
2146838960560758 137946056009600 ackslot 67 66 67 66 1 0
2146838960586067 137946056009600 send 18 0 0 66 66 2
2146838961117718 137946056009600 send 152921 0 0 66 66 2
2146838961469135 137946056009600 send 133156 0 0 66 66 2
2146838961472595 137946056009600 send 14 0 0 66 66 2
2146838961472765 137946056009600 egress 67 1 0 66 0 0
2146838961472905 137946056009600 ackregion 67 67 67 66 1 0
2146838961624849 137946056009600 cliack 67 0 68 67 0 0
2146838960537009 137945960937152 emit_beg 67 0 0 0 0 0
2146838960538079 137945960937152 dmg 0 1 0 0 1024 768
2146838960538219 137945960937152 enc 66 66 1 -1 -1 0
2146838960555548 137945960937152 emit_end 67 0 0 0 0 0
2146838973000574 137946042775232 wait_end 0 0 0 0 0 0
2146838973009154 137946042775232 drain_beg 0 0 0 0 0 0
2146838973009434 137946042775232 drain_end 1 0 0 0 0 0
2146838973009524 137946042775232 take 68 0 0 0 0 0
2146838973009834 137946042775232 subm_beg 1 0 0 0 0 0
2146838973010294 137946042775232 submit 68 0 0 0 0 0
2146838973010714 137946042775232 subm_end 1 0 0 0 0 0
2146838973010764 137946042775232 pump_beg 1 0 0 0 0 0
2146838973328722 137946042775232 feedend 67 0 0 0 0 0
2146838973347472 137946042775232 feedend 67 1 0 0 0 0
2146838976420060 137946042775232 outfirst 67 1 65536 0 0 0
2146838972976125 137946056009600 msgin 68 4718592 0 0 0 0
2146838972976465 137946056009600 enq 68 1 0 0 0 0
2146838977213011 137946042775232 outfirst 67 0 65536 0 0 0
2146838977278948 137946042775232 pump_end 1 2 0 0 0 0
2146838977279318 137946042775232 join_beg 1 0 0 0 0 0
2146838977279668 137946042775232 join_end 0 0 0 0 0 0
2146838977279738 137946042775232 book_beg 1 0 0 0 0 0
2146838977281068 137946042775232 batch 68 1 1 2 2 0
2146838977281238 137946042775232 book_end 1 0 0 0 0 0
2146838977281408 137946042775232 coll_beg 0 0 0 0 0 0
2146838977409843 137946042775232 coll_end 0 0 0 0 0 0
2146838977410023 137946042775232 rel_beg 1 0 0 0 0 0
2146838977410773 137946042775232 absorb 68 0 0 0 0 0
2146838977417533 137946042775232 rel_end 1 0 0 0 0 0
2146838977420343 137946042775232 wait_beg 0 0 0 0 0 0
2146838977460302 137946056009600 ackslot 68 67 68 67 1 0
2146838977582597 137946056009600 send 18 0 0 67 67 2
2146838978246553 137946056009600 send 180898 0 0 67 67 2
2146838978647018 137946056009600 send 141133 0 0 67 67 2
2146838978650438 137946056009600 send 14 0 0 67 67 2
2146838978650978 137946056009600 egress 68 1 0 67 0 0
2146838978651108 137946056009600 ackregion 68 68 68 67 1 0
2146838979070673 137946056009600 cliack 68 0 69 68 0 0
2146838977442182 137945960937152 emit_beg 68 0 0 0 0 0
2146838977446702 137945960937152 dmg 0 1 0 0 1024 768
2146838977459512 137945960937152 enc 67 67 1 -1 -1 0
2146838977488511 137945960937152 emit_end 68 0 0 0 0 0
2146838988487159 137946042775232 wait_end 0 0 0 0 0 0
2146838988489639 137946042775232 drain_beg 0 0 0 0 0 0
2146838988489879 137946042775232 drain_end 1 0 0 0 0 0
2146838988489969 137946042775232 take 69 0 0 0 0 0
2146838988490189 137946042775232 subm_beg 1 0 0 0 0 0
2146838988494729 137946042775232 submit 69 0 0 0 0 0
2146838988494889 137946042775232 subm_end 1 0 0 0 0 0
2146838988494939 137946042775232 pump_beg 1 0 0 0 0 0
2146838988663273 137946042775232 feedend 68 0 0 0 0 0
2146838988702552 137946042775232 feedend 68 1 0 0 0 0
2146838991679273 137946042775232 outfirst 68 1 65536 0 0 0
2146838991987192 137946042775232 outfirst 68 0 65536 0 0 0
2146838992012581 137946042775232 pump_end 1 2 0 0 0 0
2146838992012661 137946042775232 join_beg 1 0 0 0 0 0
2146838992012971 137946042775232 join_end 0 0 0 0 0 0
2146838992013051 137946042775232 book_beg 1 0 0 0 0 0
2146838992013251 137946042775232 batch 69 1 1 2 2 0
2146838992013361 137946042775232 book_end 1 0 0 0 0 0
2146838992013401 137946042775232 coll_beg 0 0 0 0 0 0
2146838992166495 137946042775232 coll_end 0 0 0 0 0 0
2146838992166715 137946042775232 rel_beg 1 0 0 0 0 0
2146838992167085 137946042775232 absorb 69 0 0 0 0 0
2146838992172455 137946042775232 rel_end 1 0 0 0 0 0
2146838992174245 137946042775232 wait_beg 0 0 0 0 0 0
2146838988463070 137946056009600 msgin 69 4718592 0 0 0 0
2146838988463260 137946056009600 enq 69 1 0 0 0 0
2146838992202414 137946056009600 ackslot 69 68 69 68 1 0
2146838992234793 137946056009600 send 18 0 0 68 68 2
2146838992740764 137946056009600 send 146181 0 0 68 68 2
2146838993194378 137946056009600 send 131269 0 0 68 68 2
2146838993201077 137946056009600 send 14 0 0 68 68 2
2146838993201397 137946056009600 egress 69 1 0 68 0 0
2146838993201577 137946056009600 ackregion 69 69 69 68 1 0
2146838993546245 137946056009600 cliack 69 0 70 69 0 0
2146838992193004 137945960937152 emit_beg 69 0 0 0 0 0
2146838992196814 137945960937152 dmg 0 1 0 0 1024 768
2146838992196964 137945960937152 enc 68 68 1 -1 -1 0
2146838992216473 137945960937152 emit_end 69 0 0 0 0 0
2146839004390499 137946042775232 wait_end 0 0 0 0 0 0
2146839004394979 137946042775232 drain_beg 0 0 0 0 0 0
2146839004395589 137946042775232 drain_end 1 0 0 0 0 0
2146839004395809 137946042775232 take 70 0 0 0 0 0
2146839004396319 137946042775232 subm_beg 1 0 0 0 0 0
2146839004396959 137946042775232 submit 70 0 0 0 0 0
2146839004397129 137946042775232 subm_end 1 0 0 0 0 0
2146839004397209 137946042775232 pump_beg 1 0 0 0 0 0
2146839004534714 137946042775232 feedend 69 0 0 0 0 0
2146839004601881 137946042775232 feedend 69 1 0 0 0 0
2146839004365840 137946056009600 msgin 70 4718592 0 0 0 0
2146839004366230 137946056009600 enq 70 1 0 0 0 0
2146839007540344 137946042775232 outfirst 69 1 65536 0 0 0
2146839008090164 137946042775232 outfirst 69 0 65536 0 0 0
2146839008106484 137946042775232 pump_end 1 2 0 0 0 0
2146839008106744 137946042775232 join_beg 1 0 0 0 0 0
2146839008107114 137946042775232 join_end 0 0 0 0 0 0
2146839008107294 137946042775232 book_beg 1 0 0 0 0 0
2146839008107524 137946042775232 batch 70 1 1 2 2 0
2146839008107684 137946042775232 book_end 1 0 0 0 0 0
2146839008107864 137946042775232 coll_beg 0 0 0 0 0 0
2146839008184251 137946042775232 coll_end 0 0 0 0 0 0
2146839008184511 137946042775232 rel_beg 1 0 0 0 0 0
2146839008184821 137946042775232 absorb 70 0 0 0 0 0
2146839008188061 137946042775232 rel_end 1 0 0 0 0 0
2146839008189191 137946042775232 wait_beg 0 0 0 0 0 0
2146839008215710 137946056009600 ackslot 70 69 70 69 1 0
2146839008240649 137946056009600 send 18 0 0 69 69 2
2146839008786659 137946056009600 send 157878 0 0 69 69 2
2146839009256532 137946056009600 send 133977 0 0 69 69 2
2146839009262971 137946056009600 send 14 0 0 69 69 2
2146839009263151 137946056009600 egress 70 1 0 69 0 0
2146839009263201 137946056009600 ackregion 70 70 70 69 1 0
2146839009629538 137946056009600 cliack 70 0 71 70 0 0
2146839008206800 137945960937152 emit_beg 70 0 0 0 0 0
2146839008208750 137945960937152 dmg 0 1 0 0 1024 768
2146839008208910 137945960937152 enc 69 69 1 -1 -1 0
2146839008228609 137945960937152 emit_end 70 0 0 0 0 0
2146839020649616 137946042775232 wait_end 0 0 0 0 0 0
2146839020652086 137946042775232 drain_beg 0 0 0 0 0 0
2146839020652546 137946042775232 drain_end 1 0 0 0 0 0
2146839020652806 137946042775232 take 71 0 0 0 0 0
2146839020653146 137946042775232 subm_beg 1 0 0 0 0 0
2146839020653816 137946042775232 submit 71 0 0 0 0 0
2146839020654106 137946042775232 subm_end 1 0 0 0 0 0
2146839020654166 137946042775232 pump_beg 1 0 0 0 0 0
2146839020795551 137946042775232 feedend 70 0 0 0 0 0
2146839020859608 137946042775232 feedend 70 1 0 0 0 0
2146839024150948 137946042775232 outfirst 70 1 65536 0 0 0
2146839024500855 137946042775232 outfirst 70 0 65536 0 0 0
2146839024522505 137946042775232 pump_end 1 2 0 0 0 0
2146839024522675 137946042775232 join_beg 1 0 0 0 0 0
2146839024522905 137946042775232 join_end 0 0 0 0 0 0
2146839024523035 137946042775232 book_beg 1 0 0 0 0 0
2146839024523475 137946042775232 batch 71 1 1 2 2 0
2146839024523645 137946042775232 book_end 1 0 0 0 0 0
2146839024523815 137946042775232 coll_beg 0 0 0 0 0 0
2146839024647650 137946042775232 coll_end 0 0 0 0 0 0
2146839024647960 137946042775232 rel_beg 1 0 0 0 0 0
2146839024648300 137946042775232 absorb 71 0 0 0 0 0
2146839024652230 137946042775232 rel_end 1 0 0 0 0 0
2146839024653730 137946042775232 wait_beg 0 0 0 0 0 0
2146839020637116 137946056009600 msgin 71 4718592 0 0 0 0
2146839020637976 137946056009600 enq 71 1 0 0 0 0
2146839024679339 137946056009600 ackslot 71 70 71 70 1 0
2146839024715388 137946056009600 send 18 0 0 70 70 2
2146839025329965 137946056009600 send 178674 0 0 70 70 2
2146839025676992 137946056009600 send 153934 0 0 70 70 2
2146839025680222 137946056009600 send 14 0 0 70 70 2
2146839025680402 137946056009600 egress 71 1 0 70 0 0
2146839025680432 137946056009600 ackregion 71 71 71 70 1 0
2146839025892755 137946056009600 cliack 71 0 72 71 0 0
2146839024672629 137945960937152 emit_beg 71 0 0 0 0 0
2146839024674759 137945960937152 dmg 0 1 0 0 1024 768
2146839024674909 137945960937152 enc 70 70 1 -1 -1 0
2146839024700568 137945960937152 emit_end 71 0 0 0 0 0
2146839037246310 137946042775232 wait_end 0 0 0 0 0 0
2146839037248310 137946042775232 drain_beg 0 0 0 0 0 0
2146839037248660 137946042775232 drain_end 1 0 0 0 0 0
2146839037248800 137946042775232 take 72 0 0 0 0 0
2146839037249190 137946042775232 subm_beg 1 0 0 0 0 0
2146839037249890 137946042775232 submit 72 0 0 0 0 0
2146839037250030 137946042775232 subm_end 1 0 0 0 0 0
2146839037250070 137946042775232 pump_beg 1 0 0 0 0 0
2146839037373076 137946042775232 feedend 71 0 0 0 0 0
2146839037429784 137946042775232 feedend 71 1 0 0 0 0
2146839040452743 137946042775232 outfirst 71 1 65536 0 0 0
2146839040943776 137946042775232 outfirst 71 0 65536 0 0 0
2146839040960985 137946042775232 pump_end 1 2 0 0 0 0
2146839040961155 137946042775232 join_beg 1 0 0 0 0 0
2146839040961475 137946042775232 join_end 0 0 0 0 0 0
2146839040961525 137946042775232 book_beg 1 0 0 0 0 0
2146839040961915 137946042775232 batch 72 1 1 2 2 0
2146839040962065 137946042775232 book_end 1 0 0 0 0 0
2146839040965705 137946042775232 coll_beg 0 0 0 0 0 0
2146839041043632 137946042775232 coll_end 0 0 0 0 0 0
2146839041043692 137946042775232 rel_beg 1 0 0 0 0 0
2146839041044032 137946042775232 absorb 72 0 0 0 0 0
2146839041047042 137946042775232 rel_end 1 0 0 0 0 0
2146839041047992 137946042775232 wait_beg 0 0 0 0 0 0
2146839037236441 137946056009600 msgin 72 4718592 0 0 0 0
2146839037236941 137946056009600 enq 72 1 0 0 0 0
2146839041073801 137946056009600 ackslot 72 71 72 71 1 0
2146839041098440 137946056009600 send 18 0 0 71 71 2
2146839041693538 137946056009600 send 174245 0 0 71 71 2
2146839042179081 137946056009600 send 140746 0 0 71 71 2
2146839042184310 137946056009600 send 14 0 0 71 71 2
2146839042184590 137946056009600 egress 72 1 0 71 0 0
2146839042184770 137946056009600 ackregion 72 72 72 71 1 0
2146839042320555 137946056009600 cliack 72 0 73 72 0 0
2146839041060881 137945960937152 emit_beg 72 0 0 0 0 0
2146839041062531 137945960937152 dmg 0 1 0 0 1024 768
2146839041062591 137945960937152 enc 71 71 1 -1 -1 0
2146839041080541 137945960937152 emit_end 72 0 0 0 0 0
2146839052897529 137946042775232 wait_end 0 0 0 0 0 0
2146839052900049 137946042775232 drain_beg 0 0 0 0 0 0
2146839052900379 137946042775232 drain_end 1 0 0 0 0 0
2146839052900529 137946042775232 take 73 0 0 0 0 0
2146839052900899 137946042775232 subm_beg 1 0 0 0 0 0
2146839052901089 137946042775232 submit 73 0 0 0 0 0
2146839052901369 137946042775232 subm_end 1 0 0 0 0 0
2146839052901439 137946042775232 pump_beg 1 0 0 0 0 0
2146839053071543 137946042775232 feedend 72 0 0 0 0 0
2146839053095382 137946042775232 feedend 72 1 0 0 0 0
2146839055989117 137946042775232 outfirst 72 1 65536 0 0 0
2146839056429391 137946042775232 outfirst 72 0 65536 0 0 0
2146839056442360 137946042775232 pump_end 1 2 0 0 0 0
2146839056442510 137946042775232 join_beg 1 0 0 0 0 0
2146839056442780 137946042775232 join_end 0 0 0 0 0 0
2146839056443030 137946042775232 book_beg 1 0 0 0 0 0
2146839056443180 137946042775232 batch 73 1 1 2 2 0
2146839056443320 137946042775232 book_end 1 0 0 0 0 0
2146839056443460 137946042775232 coll_beg 0 0 0 0 0 0
2146839056508708 137946042775232 coll_end 0 0 0 0 0 0
2146839056509218 137946042775232 rel_beg 1 0 0 0 0 0
2146839056509498 137946042775232 absorb 73 0 0 0 0 0
2146839056512478 137946042775232 rel_end 1 0 0 0 0 0
2146839056513498 137946042775232 wait_beg 0 0 0 0 0 0
2146839052873640 137946056009600 msgin 73 4718592 0 0 0 0
2146839052874000 137946056009600 enq 73 1 0 0 0 0
2146839056539187 137946056009600 ackslot 73 72 73 72 1 0
2146839056562366 137946056009600 send 18 0 0 72 72 2
2146839057054648 137946056009600 send 140854 0 0 72 72 2
2146839056532077 137945960937152 emit_beg 73 0 0 0 0 0
2146839056534237 137945960937152 dmg 0 1 0 0 1024 768
2146839056534407 137945960937152 enc 72 72 1 -1 -1 0
2146839056554006 137945960937152 emit_end 73 0 0 0 0 0
2146839057381356 137946056009600 send 119593 0 0 72 72 2
2146839057385096 137946056009600 send 14 0 0 72 72 2
2146839057385236 137946056009600 egress 73 1 0 72 0 0
2146839057385476 137946056009600 ackregion 73 73 73 72 1 0
2146839057517951 137946056009600 cliack 73 0 74 73 0 0
2146839068888996 137946042775232 wait_end 0 0 0 0 0 0
2146839068891696 137946042775232 drain_beg 0 0 0 0 0 0
2146839068891946 137946042775232 drain_end 1 0 0 0 0 0
2146839068892076 137946042775232 take 74 0 0 0 0 0
2146839068892326 137946042775232 subm_beg 1 0 0 0 0 0
2146839068892756 137946042775232 submit 74 0 0 0 0 0
2146839068892896 137946042775232 subm_end 1 0 0 0 0 0
2146839068892926 137946042775232 pump_beg 1 0 0 0 0 0
2146839069022481 137946042775232 feedend 73 0 0 0 0 0
2146839069082509 137946042775232 feedend 73 1 0 0 0 0
2146839072042501 137946042775232 outfirst 73 1 65536 0 0 0
2146839072571642 137946042775232 outfirst 73 0 65536 0 0 0
2146839072611240 137946042775232 pump_end 1 2 0 0 0 0
2146839072611460 137946042775232 join_beg 1 0 0 0 0 0
2146839072611770 137946042775232 join_end 0 0 0 0 0 0
2146839072611860 137946042775232 book_beg 1 0 0 0 0 0
2146839072612030 137946042775232 batch 74 1 1 2 2 0
2146839072612190 137946042775232 book_end 1 0 0 0 0 0
2146839072612350 137946042775232 coll_beg 0 0 0 0 0 0
2146839072727966 137946042775232 coll_end 0 0 0 0 0 0
2146839072728266 137946042775232 rel_beg 1 0 0 0 0 0
2146839072728546 137946042775232 absorb 74 0 0 0 0 0
2146839072731936 137946042775232 rel_end 1 0 0 0 0 0
2146839072733376 137946042775232 wait_beg 0 0 0 0 0 0
2146839068864267 137946056009600 msgin 74 4718592 0 0 0 0
2146839068864547 137946056009600 enq 74 1 0 0 0 0
2146839072761495 137946056009600 ackslot 74 73 74 73 1 0
2146839072786304 137946056009600 send 18 0 0 73 73 2
2146839073318934 137946056009600 send 167666 0 0 73 73 2
2146839073631253 137946056009600 send 139202 0 0 73 73 2
2146839073634793 137946056009600 send 14 0 0 73 73 2
2146839073635043 137946056009600 egress 74 1 0 73 0 0
2146839073635163 137946056009600 ackregion 74 74 74 73 1 0
2146839074384686 137946056009600 cliack 74 0 75 74 0 0
2146839072751395 137945960937152 emit_beg 74 0 0 0 0 0
2146839072755035 137945960937152 dmg 0 1 0 0 1024 768
2146839072755325 137945960937152 enc 73 73 1 -1 -1 0
2146839072777694 137945960937152 emit_end 74 0 0 0 0 0
2146839084853204 137946042775232 wait_end 0 0 0 0 0 0
2146839084856644 137946042775232 drain_beg 0 0 0 0 0 0
2146839084857223 137946042775232 drain_end 1 0 0 0 0 0
2146839084857373 137946042775232 take 75 0 0 0 0 0
2146839084857733 137946042775232 subm_beg 1 0 0 0 0 0
2146839084858233 137946042775232 submit 75 0 0 0 0 0
2146839084858393 137946042775232 subm_end 1 0 0 0 0 0
2146839084858473 137946042775232 pump_beg 1 0 0 0 0 0
2146839084989309 137946042775232 feedend 74 0 0 0 0 0
2146839084994258 137946042775232 feedend 74 1 0 0 0 0
2146839084827925 137946056009600 msgin 75 4718592 0 0 0 0
2146839084828535 137946056009600 enq 75 1 0 0 0 0
2146839087991879 137946042775232 outfirst 74 1 65536 0 0 0
2146839088406334 137946042775232 outfirst 74 0 65536 0 0 0
2146839088425343 137946042775232 pump_end 1 2 0 0 0 0
2146839088425563 137946042775232 join_beg 1 0 0 0 0 0
2146839088425743 137946042775232 join_end 0 0 0 0 0 0
2146839088425863 137946042775232 book_beg 1 0 0 0 0 0
2146839088426053 137946042775232 batch 75 1 1 2 2 0
2146839088426223 137946042775232 book_end 1 0 0 0 0 0
2146839088426383 137946042775232 coll_beg 0 0 0 0 0 0
2146839088537959 137946042775232 coll_end 0 0 0 0 0 0
2146839088538219 137946042775232 rel_beg 1 0 0 0 0 0
2146839088538399 137946042775232 absorb 75 0 0 0 0 0
2146839088540709 137946042775232 rel_end 1 0 0 0 0 0
2146839088542099 137946042775232 wait_beg 0 0 0 0 0 0
2146839088549479 137946056009600 ackslot 75 74 75 74 1 0
2146839088591267 137946056009600 send 18 0 0 74 74 2
2146839088970333 137946056009600 send 152468 0 0 74 74 2
2146839089258793 137946056009600 send 132999 0 0 74 74 2
2146839089262453 137946056009600 send 14 0 0 74 74 2
2146839089262633 137946056009600 egress 75 1 0 74 0 0
2146839089262713 137946056009600 ackregion 75 75 75 74 1 0
2146839089756765 137946056009600 cliack 75 0 76 75 0 0
2146839088559498 137945960937152 emit_beg 75 0 0 0 0 0
2146839088563528 137945960937152 dmg 0 1 0 0 1024 768
2146839088563708 137945960937152 enc 74 74 1 -1 -1 0
2146839088585757 137945960937152 emit_end 75 0 0 0 0 0
2146839101055293 137946042775232 wait_end 0 0 0 0 0 0
2146839101057932 137946042775232 drain_beg 0 0 0 0 0 0
2146839101058262 137946042775232 drain_end 1 0 0 0 0 0
2146839101058402 137946042775232 take 76 0 0 0 0 0
2146839101058582 137946042775232 subm_beg 1 0 0 0 0 0
2146839101058822 137946042775232 submit 76 0 0 0 0 0
2146839101058992 137946042775232 subm_end 1 0 0 0 0 0
2146839101059052 137946042775232 pump_beg 1 0 0 0 0 0
2146839101163569 137946042775232 feedend 75 0 0 0 0 0
2146839101174188 137946042775232 feedend 75 1 0 0 0 0
2146839104262875 137946042775232 outfirst 75 1 65536 0 0 0
2146839104773297 137946042775232 outfirst 75 0 65536 0 0 0
2146839104826565 137946042775232 pump_end 1 2 0 0 0 0
2146839104826605 137946042775232 join_beg 1 0 0 0 0 0
2146839104826645 137946042775232 join_end 0 0 0 0 0 0
2146839104826725 137946042775232 book_beg 1 0 0 0 0 0
2146839104826935 137946042775232 batch 76 1 1 2 2 0
2146839104826985 137946042775232 book_end 1 0 0 0 0 0
2146839104827035 137946042775232 coll_beg 0 0 0 0 0 0
2146839104951280 137946042775232 coll_end 0 0 0 0 0 0
2146839104951310 137946042775232 rel_beg 1 0 0 0 0 0
2146839104951400 137946042775232 absorb 76 0 0 0 0 0
2146839104953690 137946042775232 rel_end 1 0 0 0 0 0
2146839104954860 137946042775232 wait_beg 0 0 0 0 0 0
2146839101034583 137946056009600 msgin 76 4718592 0 0 0 0
2146839101034873 137946056009600 enq 76 1 0 0 0 0
2146839104961330 137946056009600 ackslot 76 75 76 75 1 0
2146839105003558 137946056009600 send 18 0 0 75 75 2
2146839105386635 137946056009600 send 178441 0 0 75 75 2
2146839105701153 137946056009600 send 146550 0 0 75 75 2
2146839105704333 137946056009600 send 14 0 0 75 75 2
2146839105704553 137946056009600 egress 76 1 0 75 0 0
2146839105704683 137946056009600 ackregion 76 76 76 75 1 0
2146839106521943 137946056009600 cliack 76 0 77 76 0 0
2146839104973230 137945960937152 emit_beg 76 0 0 0 0 0
2146839104976839 137945960937152 dmg 0 1 0 0 1024 768
2146839104976979 137945960937152 enc 75 75 1 -1 -1 0
2146839105007078 137945960937152 emit_end 76 0 0 0 0 0
2146839116552057 137946042775232 wait_end 0 0 0 0 0 0
2146839116555867 137946042775232 drain_beg 0 0 0 0 0 0
2146839116556227 137946042775232 drain_end 1 0 0 0 0 0
2146839116556377 137946042775232 take 77 0 0 0 0 0
2146839116556667 137946042775232 subm_beg 1 0 0 0 0 0
2146839116557617 137946042775232 submit 77 0 0 0 0 0
2146839116557867 137946042775232 subm_end 1 0 0 0 0 0
2146839116557917 137946042775232 pump_beg 1 0 0 0 0 0
2146839116688292 137946042775232 feedend 76 0 0 0 0 0
2146839116743300 137946042775232 feedend 76 1 0 0 0 0
2146839116529488 137946056009600 msgin 77 4718592 0 0 0 0
2146839116529798 137946056009600 enq 77 1 0 0 0 0
2146839119351975 137946042775232 outfirst 76 1 65536 0 0 0
2146839119942663 137946042775232 outfirst 76 0 65536 0 0 0
2146839119960873 137946042775232 pump_end 1 2 0 0 0 0
2146839119961323 137946042775232 join_beg 1 0 0 0 0 0
2146839119962163 137946042775232 join_end 0 0 0 0 0 0
2146839119962263 137946042775232 book_beg 1 0 0 0 0 0
2146839119962743 137946042775232 batch 77 1 1 2 2 0
2146839119962843 137946042775232 book_end 1 0 0 0 0 0
2146839119962963 137946042775232 coll_beg 0 0 0 0 0 0
2146839120045080 137946042775232 coll_end 0 0 0 0 0 0
2146839120045190 137946042775232 rel_beg 1 0 0 0 0 0
2146839120045630 137946042775232 absorb 77 0 0 0 0 0
2146839120051519 137946042775232 rel_end 1 0 0 0 0 0
2146839120055399 137946042775232 wait_beg 0 0 0 0 0 0
2146839120078389 137946056009600 ackslot 77 76 77 76 1 0
2146839120170975 137946056009600 send 18 0 0 76 76 2
2146839120594620 137946056009600 send 151323 0 0 76 76 2
2146839120829461 137946056009600 send 103396 0 0 76 76 2
2146839120832821 137946056009600 send 14 0 0 76 76 2
2146839120833021 137946056009600 egress 77 1 0 76 0 0
2146839120833281 137946056009600 ackregion 77 77 77 76 1 0
2146839121681740 137946056009600 cliack 77 0 78 77 0 0
2146839120070629 137945960937152 emit_beg 77 0 0 0 0 0
2146839120076609 137945960937152 dmg 0 1 0 0 1024 768
2146839120077049 137945960937152 enc 76 76 1 -1 -1 0
2146839120129207 137945960937152 emit_end 77 0 0 0 0 0
2146839132918970 137946042775232 wait_end 0 0 0 0 0 0
2146839132923100 137946042775232 drain_beg 0 0 0 0 0 0
2146839132923680 137946042775232 drain_end 1 0 0 0 0 0
2146839132923820 137946042775232 take 78 0 0 0 0 0
2146839132924390 137946042775232 subm_beg 1 0 0 0 0 0
2146839132925870 137946042775232 submit 78 0 0 0 0 0
2146839132926100 137946042775232 subm_end 1 0 0 0 0 0
2146839132926150 137946042775232 pump_beg 1 0 0 0 0 0
2146839133071564 137946042775232 feedend 77 0 0 0 0 0
2146839133139312 137946042775232 feedend 77 1 0 0 0 0
2146839136827877 137946042775232 outfirst 77 1 65536 0 0 0
2146839137219733 137946042775232 outfirst 77 0 65536 0 0 0
2146839137246672 137946042775232 pump_end 1 2 0 0 0 0
2146839137247022 137946042775232 join_beg 1 0 0 0 0 0
2146839137247182 137946042775232 join_end 0 0 0 0 0 0
2146839137247392 137946042775232 book_beg 1 0 0 0 0 0
2146839137247552 137946042775232 batch 78 1 1 2 2 0
2146839137247662 137946042775232 book_end 1 0 0 0 0 0
2146839137247742 137946042775232 coll_beg 0 0 0 0 0 0
2146839137355238 137946042775232 coll_end 0 0 0 0 0 0
2146839137355378 137946042775232 rel_beg 1 0 0 0 0 0
2146839137355858 137946042775232 absorb 78 0 0 0 0 0
2146839137358778 137946042775232 rel_end 1 0 0 0 0 0
2146839137360528 137946042775232 wait_beg 0 0 0 0 0 0
2146839132888251 137946056009600 msgin 78 4718592 0 0 0 0
2146839132889181 137946056009600 enq 78 1 0 0 0 0
2146839137369988 137946056009600 ackslot 78 77 78 77 1 0
2146839137412036 137946056009600 send 18 0 0 77 77 2
2146839137369718 137945960937152 emit_beg 78 0 0 0 0 0
2146839137409466 137945960937152 dmg 0 1 0 0 1024 768
2146839137409686 137945960937152 enc 77 77 1 -1 -1 0
2146839137450275 137945960937152 emit_end 78 0 0 0 0 0
2146839138081112 137946056009600 send 229600 0 0 77 77 2
2146839138507416 137946056009600 send 196141 0 0 77 77 2
2146839138511336 137946056009600 send 14 0 0 77 77 2
2146839138511766 137946056009600 egress 78 1 0 77 0 0
2146839138512326 137946056009600 ackregion 78 78 78 77 1 0
2146839139049336 137946056009600 cliack 78 0 79 78 0 0
2146839148679395 137946042775232 wait_end 0 0 0 0 0 0
2146839148681085 137946042775232 drain_beg 0 0 0 0 0 0
2146839148681365 137946042775232 drain_end 1 0 0 0 0 0
2146839148681515 137946042775232 take 79 0 0 0 0 0
2146839148681705 137946042775232 subm_beg 1 0 0 0 0 0
2146839148682475 137946042775232 submit 79 0 0 0 0 0
2146839148682625 137946042775232 subm_end 1 0 0 0 0 0
2146839148682645 137946042775232 pump_beg 1 0 0 0 0 0
2146839148802791 137946042775232 feedend 78 0 0 0 0 0
2146839148841539 137946042775232 feedend 78 1 0 0 0 0
2146839151641157 137946042775232 outfirst 78 1 65536 0 0 0
2146839152227726 137946042775232 outfirst 78 0 65536 0 0 0
2146839152250135 137946042775232 pump_end 1 2 0 0 0 0
2146839152250325 137946042775232 join_beg 1 0 0 0 0 0
2146839152250605 137946042775232 join_end 0 0 0 0 0 0
2146839152250685 137946042775232 book_beg 1 0 0 0 0 0
2146839152250935 137946042775232 batch 79 1 1 2 2 0
2146839152251085 137946042775232 book_end 1 0 0 0 0 0
2146839152251235 137946042775232 coll_beg 0 0 0 0 0 0
2146839152333382 137946042775232 coll_end 0 0 0 0 0 0
2146839152333542 137946042775232 rel_beg 1 0 0 0 0 0
2146839152337562 137946042775232 absorb 79 0 0 0 0 0
2146839152340611 137946042775232 rel_end 1 0 0 0 0 0
2146839152341891 137946042775232 wait_beg 0 0 0 0 0 0
2146839148663046 137946056009600 msgin 79 4718592 0 0 0 0
2146839148668265 137946056009600 enq 79 1 0 0 0 0
2146839152350811 137946056009600 ackslot 79 78 79 78 1 0
2146839152371050 137946056009600 send 18 0 0 78 78 2
2146839152700028 137946056009600 send 148085 0 0 78 78 2
2146839152973328 137946056009600 send 113197 0 0 78 78 2
2146839152977898 137946056009600 send 14 0 0 78 78 2
2146839152978208 137946056009600 egress 79 1 0 78 0 0
2146839152978328 137946056009600 ackregion 79 79 79 78 1 0
2146839153542288 137946056009600 cliack 79 0 80 79 0 0
2146839152350681 137945960937152 emit_beg 79 0 0 0 0 0
2146839152353771 137945960937152 dmg 0 1 0 0 1024 768
2146839152353941 137945960937152 enc 78 78 1 -1 -1 0
2146839152379220 137945960937152 emit_end 79 0 0 0 0 0
2146839164678961 137946042775232 wait_end 0 0 0 0 0 0
2146839164681841 137946042775232 drain_beg 0 0 0 0 0 0
2146839164682131 137946042775232 drain_end 1 0 0 0 0 0
2146839164682291 137946042775232 take 80 0 0 0 0 0
2146839164682721 137946042775232 subm_beg 1 0 0 0 0 0
2146839164683141 137946042775232 submit 80 0 0 0 0 0
2146839164683281 137946042775232 subm_end 1 0 0 0 0 0
2146839164683321 137946042775232 pump_beg 1 0 0 0 0 0
2146839164801007 137946042775232 feedend 79 0 0 0 0 0
2146839164840535 137946042775232 feedend 79 1 0 0 0 0
2146839164651412 137946056009600 msgin 80 4718592 0 0 0 0
2146839164651702 137946056009600 enq 80 1 0 0 0 0
2146839167925903 137946042775232 outfirst 79 1 65536 0 0 0
2146839168463263 137946042775232 outfirst 79 0 65536 0 0 0
2146839168515281 137946042775232 pump_end 1 2 0 0 0 0
2146839168515471 137946042775232 join_beg 1 0 0 0 0 0
2146839168515781 137946042775232 join_end 0 0 0 0 0 0
2146839168515921 137946042775232 book_beg 1 0 0 0 0 0
2146839168516111 137946042775232 batch 80 1 1 2 2 0
2146839168516281 137946042775232 book_end 1 0 0 0 0 0
2146839168516441 137946042775232 coll_beg 0 0 0 0 0 0
2146839168654096 137946042775232 coll_end 0 0 0 0 0 0
2146839168654366 137946042775232 rel_beg 1 0 0 0 0 0
2146839168654656 137946042775232 absorb 80 0 0 0 0 0
2146839168658466 137946042775232 rel_end 1 0 0 0 0 0
2146839168660646 137946042775232 wait_beg 0 0 0 0 0 0
2146839168666896 137946056009600 ackslot 80 79 80 79 1 0
2146839168680515 137946056009600 send 18 0 0 79 79 2
2146839169176617 137946056009600 send 176180 0 0 79 79 2
2146839169509585 137946056009600 send 147459 0 0 79 79 2
2146839169513115 137946056009600 send 14 0 0 79 79 2
2146839169513415 137946056009600 egress 80 1 0 79 0 0
2146839169513555 137946056009600 ackregion 80 80 80 79 1 0
2146839170088494 137946056009600 cliack 80 0 81 80 0 0
2146839168668356 137945960937152 emit_beg 80 0 0 0 0 0
2146839168671566 137945960937152 dmg 0 1 0 0 1024 768
2146839168671736 137945960937152 enc 79 79 1 -1 -1 0
2146839168715504 137945960937152 emit_end 80 0 0 0 0 0
2146839180618870 137946042775232 wait_end 0 0 0 0 0 0
2146839180621830 137946042775232 drain_beg 0 0 0 0 0 0
2146839180622070 137946042775232 drain_end 1 0 0 0 0 0
2146839180622230 137946042775232 take 81 0 0 0 0 0
2146839180622420 137946042775232 subm_beg 1 0 0 0 0 0
2146839180622880 137946042775232 submit 81 0 0 0 0 0
2146839180623210 137946042775232 subm_end 1 0 0 0 0 0
2146839180623260 137946042775232 pump_beg 1 0 0 0 0 0
2146839180741605 137946042775232 feedend 80 0 0 0 0 0
2146839180799243 137946042775232 feedend 80 1 0 0 0 0
2146839183673608 137946042775232 outfirst 80 1 65536 0 0 0
2146839184083023 137946042775232 outfirst 80 0 65536 0 0 0
2146839184102593 137946042775232 pump_end 1 2 0 0 0 0
2146839184102783 137946042775232 join_beg 1 0 0 0 0 0
2146839184103103 137946042775232 join_end 0 0 0 0 0 0
2146839184103213 137946042775232 book_beg 1 0 0 0 0 0
2146839184103413 137946042775232 batch 81 1 1 2 2 0
2146839184103573 137946042775232 book_end 1 0 0 0 0 0
2146839184103723 137946042775232 coll_beg 0 0 0 0 0 0
2146839184219348 137946042775232 coll_end 0 0 0 0 0 0
2146839184219608 137946042775232 rel_beg 1 0 0 0 0 0
2146839184219948 137946042775232 absorb 81 0 0 0 0 0
2146839184223488 137946042775232 rel_end 1 0 0 0 0 0
2146839184225438 137946042775232 wait_beg 0 0 0 0 0 0
2146839180593661 137946056009600 msgin 81 4718592 0 0 0 0
2146839180594181 137946056009600 enq 81 1 0 0 0 0
2146839184250327 137946056009600 ackslot 81 80 81 80 1 0
2146839184280266 137946056009600 send 18 0 0 80 80 2
2146839184827226 137946056009600 send 147115 0 0 80 80 2
2146839185261810 137946056009600 send 121120 0 0 80 80 2
2146839185264970 137946056009600 send 14 0 0 80 80 2
2146839185265160 137946056009600 egress 81 1 0 80 0 0
2146839185265220 137946056009600 ackregion 81 81 81 80 1 0
2146839185740663 137946056009600 cliack 81 0 82 81 0 0
2146839184234168 137945960937152 emit_beg 81 0 0 0 0 0
2146839184236168 137945960937152 dmg 0 1 0 0 1024 768
2146839184236328 137945960937152 enc 80 80 1 -1 -1 0
2146839184264027 137945960937152 emit_end 81 0 0 0 0 0
2146839196844928 137946042775232 wait_end 0 0 0 0 0 0
2146839196847508 137946042775232 drain_beg 0 0 0 0 0 0
2146839196847818 137946042775232 drain_end 1 0 0 0 0 0
2146839196847988 137946042775232 take 82 0 0 0 0 0
2146839196848308 137946042775232 subm_beg 1 0 0 0 0 0
2146839196848698 137946042775232 submit 82 0 0 0 0 0
2146839196848908 137946042775232 subm_end 1 0 0 0 0 0
2146839196848958 137946042775232 pump_beg 1 0 0 0 0 0
2146839196967703 137946042775232 feedend 81 0 0 0 0 0
2146839196994232 137946042775232 feedend 81 1 0 0 0 0
2146839196818209 137946056009600 msgin 82 4718592 0 0 0 0
2146839196818739 137946056009600 enq 82 1 0 0 0 0
2146839199977964 137946042775232 outfirst 81 1 65536 0 0 0
2146839200407098 137946042775232 outfirst 81 0 65536 0 0 0
2146839200432657 137946042775232 pump_end 1 2 0 0 0 0
2146839200432917 137946042775232 join_beg 1 0 0 0 0 0
2146839200433247 137946042775232 join_end 0 0 0 0 0 0
2146839200433377 137946042775232 book_beg 1 0 0 0 0 0
2146839200433607 137946042775232 batch 82 1 1 2 2 0
2146839200433797 137946042775232 book_end 1 0 0 0 0 0
2146839200433967 137946042775232 coll_beg 0 0 0 0 0 0
2146839200565872 137946042775232 coll_end 0 0 0 0 0 0
2146839200566132 137946042775232 rel_beg 1 0 0 0 0 0
2146839200566412 137946042775232 absorb 82 0 0 0 0 0
2146839200570292 137946042775232 rel_end 1 0 0 0 0 0
2146839200572212 137946042775232 wait_beg 0 0 0 0 0 0
2146839200580732 137946056009600 ackslot 82 81 82 81 1 0
2146839200602511 137946056009600 send 18 0 0 81 81 2
2146839200944108 137946056009600 send 159342 0 0 81 81 2
2146839201230758 137946056009600 send 138491 0 0 81 81 2
2146839201234088 137946056009600 send 14 0 0 81 81 2
2146839201234548 137946056009600 egress 82 1 0 81 0 0
2146839201234618 137946056009600 ackregion 82 82 82 81 1 0
2146839201773538 137946056009600 cliack 82 0 83 82 0 0
2146839200580592 137945960937152 emit_beg 82 0 0 0 0 0
2146839200584121 137945960937152 dmg 0 1 0 0 1024 768
2146839200584311 137945960937152 enc 81 81 1 -1 -1 0
2146839200619290 137945960937152 emit_end 82 0 0 0 0 0
2146839213226180 137946042775232 wait_end 0 0 0 0 0 0
2146839213229030 137946042775232 drain_beg 0 0 0 0 0 0
2146839213229230 137946042775232 drain_end 1 0 0 0 0 0
2146839213229370 137946042775232 take 83 0 0 0 0 0
2146839213229540 137946042775232 subm_beg 1 0 0 0 0 0
2146839213229920 137946042775232 submit 83 0 0 0 0 0
2146839213230080 137946042775232 subm_end 1 0 0 0 0 0
2146839213230130 137946042775232 pump_beg 1 0 0 0 0 0
2146839213365765 137946042775232 feedend 82 0 0 0 0 0
2146839213400424 137946042775232 feedend 82 1 0 0 0 0
2146839217229134 137946042775232 outfirst 82 1 65536 0 0 0
2146839217537203 137946042775232 outfirst 82 0 65536 0 0 0
2146839217600111 137946042775232 pump_end 1 2 0 0 0 0
2146839217600511 137946042775232 join_beg 1 0 0 0 0 0
2146839217600811 137946042775232 join_end 0 0 0 0 0 0
2146839217600891 137946042775232 book_beg 1 0 0 0 0 0
2146839217601051 137946042775232 batch 83 1 1 2 2 0
2146839217601181 137946042775232 book_end 1 0 0 0 0 0
2146839217601231 137946042775232 coll_beg 0 0 0 0 0 0
2146839217798853 137946042775232 coll_end 0 0 0 0 0 0
2146839217798943 137946042775232 rel_beg 1 0 0 0 0 0
2146839217799293 137946042775232 absorb 83 0 0 0 0 0
2146839217802903 137946042775232 rel_end 1 0 0 0 0 0
2146839217804943 137946042775232 wait_beg 0 0 0 0 0 0
2146839213198221 137946056009600 msgin 83 4718592 0 0 0 0
2146839213198661 137946056009600 enq 83 1 0 0 0 0
2146839217811753 137946056009600 ackslot 83 82 83 82 1 0
2146839217827722 137946056009600 send 18 0 0 82 82 2
2146839217813033 137945960937152 emit_beg 83 0 0 0 0 0
2146839217815753 137945960937152 dmg 0 1 0 0 1024 768
2146839217815923 137945960937152 enc 82 82 1 -1 -1 0
2146839217866531 137945960937152 emit_end 83 0 0 0 0 0
2146839218765008 137946056009600 send 241090 0 0 82 82 2
2146839219438444 137946056009600 send 218086 0 0 82 82 2
2146839219442043 137946056009600 send 14 0 0 82 82 2
2146839219442263 137946056009600 egress 83 1 0 82 0 0
2146839219442423 137946056009600 ackregion 83 83 83 82 1 0
2146839219987013 137946056009600 cliack 83 0 84 83 0 0
2146839229091571 137946042775232 wait_end 0 0 0 0 0 0
2146839229094131 137946042775232 drain_beg 0 0 0 0 0 0
2146839229094471 137946042775232 drain_end 1 0 0 0 0 0
2146839229094651 137946042775232 take 84 0 0 0 0 0
2146839229094791 137946042775232 subm_beg 1 0 0 0 0 0
2146839229095151 137946042775232 submit 84 0 0 0 0 0
2146839229095301 137946042775232 subm_end 1 0 0 0 0 0
2146839229095341 137946042775232 pump_beg 1 0 0 0 0 0
2146839229216817 137946042775232 feedend 83 0 0 0 0 0
2146839229231066 137946042775232 feedend 83 1 0 0 0 0
2146839232396041 137946042775232 outfirst 83 1 65536 0 0 0
2146839232790567 137946042775232 outfirst 83 0 65536 0 0 0
2146839232812886 137946042775232 pump_end 1 2 0 0 0 0
2146839232813236 137946042775232 join_beg 1 0 0 0 0 0
2146839232813606 137946042775232 join_end 0 0 0 0 0 0
2146839232813706 137946042775232 book_beg 1 0 0 0 0 0
2146839232814176 137946042775232 batch 84 1 1 2 2 0
2146839232814336 137946042775232 book_end 1 0 0 0 0 0
2146839232814396 137946042775232 coll_beg 0 0 0 0 0 0
2146839232962200 137946042775232 coll_end 0 0 0 0 0 0
2146839232962260 137946042775232 rel_beg 1 0 0 0 0 0
2146839232962600 137946042775232 absorb 84 0 0 0 0 0
2146839232967240 137946042775232 rel_end 1 0 0 0 0 0
2146839232969890 137946042775232 wait_beg 0 0 0 0 0 0
2146839229070882 137946056009600 msgin 84 4718592 0 0 0 0
2146839229071422 137946056009600 enq 84 1 0 0 0 0
2146839232983460 137946056009600 ackslot 84 83 84 83 1 0
2146839233027648 137946056009600 send 18 0 0 83 83 2
2146839233644665 137946056009600 send 169943 0 0 83 83 2
2146839234181176 137946056009600 send 147864 0 0 83 83 2
2146839234186536 137946056009600 send 14 0 0 83 83 2
2146839234186986 137946056009600 egress 84 1 0 83 0 0
2146839234187106 137946056009600 ackregion 84 84 84 83 1 0
2146839234639529 137946056009600 cliack 84 0 85 84 0 0
2146839232975610 137945960937152 emit_beg 84 0 0 0 0 0
2146839232977030 137945960937152 dmg 0 1 0 0 1024 768
2146839232977180 137945960937152 enc 83 83 1 -1 -1 0
2146839233003679 137945960937152 emit_end 84 0 0 0 0 0
2146839244330535 137946042775232 wait_end 0 0 0 0 0 0
2146839244332615 137946042775232 drain_beg 0 0 0 0 0 0
2146839244332935 137946042775232 drain_end 1 0 0 0 0 0
2146839244333055 137946042775232 take 85 0 0 0 0 0
2146839244333385 137946042775232 subm_beg 1 0 0 0 0 0
2146839244334175 137946042775232 submit 85 0 0 0 0 0
2146839244334255 137946042775232 subm_end 1 0 0 0 0 0
2146839244334455 137946042775232 pump_beg 1 0 0 0 0 0
2146839244486630 137946042775232 feedend 84 0 0 0 0 0
2146839244514779 137946042775232 feedend 84 1 0 0 0 0
2146839247696873 137946042775232 outfirst 84 1 65536 0 0 0
2146839248049010 137946042775232 outfirst 84 0 65536 0 0 0
2146839248079549 137946042775232 pump_end 1 2 0 0 0 0
2146839248080119 137946042775232 join_beg 1 0 0 0 0 0
2146839248080379 137946042775232 join_end 0 0 0 0 0 0
2146839248080509 137946042775232 book_beg 1 0 0 0 0 0
2146839248080629 137946042775232 batch 85 1 1 2 2 0
2146839248080679 137946042775232 book_end 1 0 0 0 0 0
2146839248080729 137946042775232 coll_beg 0 0 0 0 0 0
2146839248234953 137946042775232 coll_end 0 0 0 0 0 0
2146839248235013 137946042775232 rel_beg 1 0 0 0 0 0
2146839248235133 137946042775232 absorb 85 0 0 0 0 0
2146839248237973 137946042775232 rel_end 1 0 0 0 0 0
2146839248239563 137946042775232 wait_beg 0 0 0 0 0 0
2146839244322316 137946056009600 msgin 85 4718592 0 0 0 0
2146839244323016 137946056009600 enq 85 1 0 0 0 0
2146839248243173 137946056009600 ackslot 85 84 85 84 1 0
2146839248318530 137946056009600 send 18 0 0 84 84 2
2146839248258922 137945960937152 emit_beg 85 0 0 0 0 0
2146839248264182 137945960937152 dmg 0 1 0 0 1024 768
2146839248264452 137945960937152 enc 84 84 1 -1 -1 0
2146839248291191 137945960937152 emit_end 85 0 0 0 0 0
2146839248907189 137946056009600 send 169071 0 0 84 84 2
2146839249392221 137946056009600 send 154403 0 0 84 84 2
2146839249397481 137946056009600 send 14 0 0 84 84 2
2146839249397661 137946056009600 egress 85 1 0 84 0 0
2146839249397861 137946056009600 ackregion 85 85 85 84 1 0
2146839249779517 137946056009600 cliack 85 0 86 85 0 0
2146839260698188 137946042775232 wait_end 0 0 0 0 0 0
2146839260700048 137946042775232 drain_beg 0 0 0 0 0 0
2146839260700238 137946042775232 drain_end 1 0 0 0 0 0
2146839260700348 137946042775232 take 86 0 0 0 0 0
2146839260700578 137946042775232 subm_beg 1 0 0 0 0 0
2146839260700728 137946042775232 submit 86 0 0 0 0 0
2146839260700868 137946042775232 subm_end 1 0 0 0 0 0
2146839260700898 137946042775232 pump_beg 1 0 0 0 0 0
2146839260841633 137946042775232 feedend 85 0 0 0 0 0
2146839260867922 137946042775232 feedend 85 1 0 0 0 0
2146839264032907 137946042775232 outfirst 85 1 65536 0 0 0
2146839264550538 137946042775232 outfirst 85 0 65536 0 0 0
2146839264575937 137946042775232 pump_end 1 2 0 0 0 0
2146839264576257 137946042775232 join_beg 1 0 0 0 0 0
2146839264576447 137946042775232 join_end 0 0 0 0 0 0
2146839264576567 137946042775232 book_beg 1 0 0 0 0 0
2146839264576737 137946042775232 batch 86 1 1 2 2 0
2146839264576807 137946042775232 book_end 1 0 0 0 0 0
2146839264576857 137946042775232 coll_beg 0 0 0 0 0 0
2146839264739521 137946042775232 coll_end 0 0 0 0 0 0
2146839264739591 137946042775232 rel_beg 1 0 0 0 0 0
2146839264739731 137946042775232 absorb 86 0 0 0 0 0
2146839264742781 137946042775232 rel_end 1 0 0 0 0 0
2146839264744381 137946042775232 wait_beg 0 0 0 0 0 0
2146839260691479 137946056009600 msgin 86 4718592 0 0 0 0
2146839260691709 137946056009600 enq 86 1 0 0 0 0
2146839264751840 137946056009600 ackslot 86 85 86 85 1 0
2146839264818848 137946056009600 send 18 0 0 85 85 2
2146839265476264 137946056009600 send 187624 0 0 85 85 2
2146839266039633 137946056009600 send 164486 0 0 85 85 2
2146839266045073 137946056009600 send 14 0 0 85 85 2
2146839266045343 137946056009600 egress 86 1 0 85 0 0
2146839266045483 137946056009600 ackregion 86 86 86 85 1 0
2146839266544015 137946056009600 cliack 86 0 87 86 0 0
2146839264762280 137945960937152 emit_beg 86 0 0 0 0 0
2146839264766970 137945960937152 dmg 0 1 0 0 1024 768
2146839264767210 137945960937152 enc 85 85 1 -1 -1 0
2146839264795769 137945960937152 emit_end 86 0 0 0 0 0
2146839276847309 137946042775232 wait_end 0 0 0 0 0 0
2146839276849549 137946042775232 drain_beg 0 0 0 0 0 0
2146839276849669 137946042775232 drain_end 1 0 0 0 0 0
2146839276849779 137946042775232 take 87 0 0 0 0 0
2146839276850039 137946042775232 subm_beg 1 0 0 0 0 0
2146839276850379 137946042775232 submit 87 0 0 0 0 0
2146839276850429 137946042775232 subm_end 1 0 0 0 0 0
2146839276850489 137946042775232 pump_beg 1 0 0 0 0 0
2146839276992064 137946042775232 feedend 86 0 0 0 0 0
2146839277044822 137946042775232 feedend 86 1 0 0 0 0
2146839276824430 137946056009600 msgin 87 4718592 0 0 0 0
2146839276824620 137946056009600 enq 87 1 0 0 0 0
2146839279934326 137946042775232 outfirst 86 1 65536 0 0 0
2146839280477217 137946042775232 outfirst 86 0 65536 0 0 0
2146839280511735 137946042775232 pump_end 1 2 0 0 0 0
2146839280511925 137946042775232 join_beg 1 0 0 0 0 0
2146839280512005 137946042775232 join_end 0 0 0 0 0 0
2146839280512125 137946042775232 book_beg 1 0 0 0 0 0
2146839280512345 137946042775232 batch 87 1 1 2 2 0
2146839280512415 137946042775232 book_end 1 0 0 0 0 0
2146839280512495 137946042775232 coll_beg 0 0 0 0 0 0
2146839280660780 137946042775232 coll_end 0 0 0 0 0 0
2146839280660940 137946042775232 rel_beg 1 0 0 0 0 0
2146839280661050 137946042775232 absorb 87 0 0 0 0 0
2146839280663080 137946042775232 rel_end 1 0 0 0 0 0
2146839280665190 137946042775232 wait_beg 0 0 0 0 0 0
2146839280684509 137946056009600 ackslot 87 86 87 86 1 0
2146839280755807 137946056009600 send 18 0 0 86 86 2
2146839281313326 137946056009600 send 165310 0 0 86 86 2
2146839281613735 137946056009600 send 135410 0 0 86 86 2
2146839281619925 137946056009600 send 14 0 0 86 86 2
2146839281620095 137946056009600 egress 87 1 0 86 0 0
2146839281620295 137946056009600 ackregion 87 87 87 86 1 0
2146839282126187 137946056009600 cliack 87 0 88 87 0 0
2146839280683559 137945960937152 emit_beg 87 0 0 0 0 0
2146839280687589 137945960937152 dmg 0 1 0 0 1024 768
2146839280687889 137945960937152 enc 86 86 1 -1 -1 0
2146839280712368 137945960937152 emit_end 87 0 0 0 0 0
2146839292636853 137946042775232 wait_end 0 0 0 0 0 0
2146839292639393 137946042775232 drain_beg 0 0 0 0 0 0
2146839292639593 137946042775232 drain_end 1 0 0 0 0 0
2146839292639683 137946042775232 take 88 0 0 0 0 0
2146839292639813 137946042775232 subm_beg 1 0 0 0 0 0
2146839292640023 137946042775232 submit 88 0 0 0 0 0
2146839292640183 137946042775232 subm_end 1 0 0 0 0 0
2146839292640233 137946042775232 pump_beg 1 0 0 0 0 0
2146839292768918 137946042775232 feedend 87 0 0 0 0 0
2146839292814117 137946042775232 feedend 87 1 0 0 0 0
2146839295876965 137946042775232 outfirst 87 1 65536 0 0 0
2146839296297540 137946042775232 outfirst 87 0 65536 0 0 0
2146839296364327 137946042775232 pump_end 1 2 0 0 0 0
2146839296364457 137946042775232 join_beg 1 0 0 0 0 0
2146839296364527 137946042775232 join_end 0 0 0 0 0 0
2146839296364647 137946042775232 book_beg 1 0 0 0 0 0
2146839296364857 137946042775232 batch 88 1 1 2 2 0
2146839296364907 137946042775232 book_end 1 0 0 0 0 0
2146839296364967 137946042775232 coll_beg 0 0 0 0 0 0
2146839296505162 137946042775232 coll_end 0 0 0 0 0 0
2146839296505242 137946042775232 rel_beg 1 0 0 0 0 0
2146839296505352 137946042775232 absorb 88 0 0 0 0 0
2146839296506952 137946042775232 rel_end 1 0 0 0 0 0
2146839296508882 137946042775232 wait_beg 0 0 0 0 0 0
2146839292615914 137946056009600 msgin 88 4718592 0 0 0 0
2146839292616124 137946056009600 enq 88 1 0 0 0 0
2146839296525461 137946056009600 ackslot 88 87 88 87 1 0
2146839296569830 137946056009600 send 18 0 0 87 87 2
2146839297181317 137946056009600 send 165758 0 0 87 87 2
2146839297516455 137946056009600 send 145749 0 0 87 87 2
2146839297519655 137946056009600 send 14 0 0 87 87 2
2146839297519825 137946056009600 egress 88 1 0 87 0 0
2146839297519905 137946056009600 ackregion 88 88 88 87 1 0
2146839297916411 137946056009600 cliack 88 0 89 88 0 0
2146839296527831 137945960937152 emit_beg 88 0 0 0 0 0
2146839296532241 137945960937152 dmg 0 1 0 0 1024 768
2146839296532421 137945960937152 enc 87 87 1 -1 -1 0
2146839296561060 137945960937152 emit_end 88 0 0 0 0 0
2146839308928589 137946042775232 wait_end 0 0 0 0 0 0
2146839308932199 137946042775232 drain_beg 0 0 0 0 0 0
2146839308932459 137946042775232 drain_end 1 0 0 0 0 0
2146839308932769 137946042775232 take 89 0 0 0 0 0
2146839308932869 137946042775232 subm_beg 1 0 0 0 0 0
2146839308933368 137946042775232 submit 89 0 0 0 0 0
2146839308933418 137946042775232 subm_end 1 0 0 0 0 0
2146839308933468 137946042775232 pump_beg 1 0 0 0 0 0
2146839309074603 137946042775232 feedend 88 0 0 0 0 0
2146839309091173 137946042775232 feedend 88 1 0 0 0 0
2146839312356494 137946042775232 outfirst 88 1 65536 0 0 0
2146839312792978 137946042775232 outfirst 88 0 65536 0 0 0
2146839312839556 137946042775232 pump_end 1 2 0 0 0 0
2146839312839656 137946042775232 join_beg 1 0 0 0 0 0
2146839312839716 137946042775232 join_end 0 0 0 0 0 0
2146839312839856 137946042775232 book_beg 1 0 0 0 0 0
2146839312840056 137946042775232 batch 89 1 1 2 2 0
2146839312840106 137946042775232 book_end 1 0 0 0 0 0
2146839312840166 137946042775232 coll_beg 0 0 0 0 0 0
2146839313007080 137946042775232 coll_end 0 0 0 0 0 0
2146839313007200 137946042775232 rel_beg 1 0 0 0 0 0
2146839313007320 137946042775232 absorb 89 0 0 0 0 0
2146839313009290 137946042775232 rel_end 1 0 0 0 0 0
2146839313010870 137946042775232 wait_beg 0 0 0 0 0 0
2146839308908629 137946056009600 msgin 89 4718592 0 0 0 0
2146839308908869 137946056009600 enq 89 1 0 0 0 0
2146839313037679 137946056009600 ackslot 89 88 89 88 1 0
2146839313061178 137946056009600 send 18 0 0 88 88 2
2146839313603468 137946056009600 send 186999 0 0 88 88 2
2146839313965915 137946056009600 send 167022 0 0 88 88 2
2146839313969405 137946056009600 send 14 0 0 88 88 2
2146839313969695 137946056009600 egress 89 1 0 88 0 0
2146839313969765 137946056009600 ackregion 89 89 89 88 1 0
2146839314934820 137946056009600 cliack 89 0 90 89 0 0
2146839313029739 137945960937152 emit_beg 89 0 0 0 0 0
2146839313032629 137945960937152 dmg 0 1 0 0 1024 768
2146839313032839 137945960937152 enc 88 88 1 -1 -1 0
2146839313071178 137945960937152 emit_end 89 0 0 0 0 0
2146839324694544 137946042775232 wait_end 0 0 0 0 0 0
2146839324696854 137946042775232 drain_beg 0 0 0 0 0 0
2146839324697044 137946042775232 drain_end 1 0 0 0 0 0
2146839324697154 137946042775232 take 90 0 0 0 0 0
2146839324697284 137946042775232 subm_beg 1 0 0 0 0 0
2146839324697603 137946042775232 submit 90 0 0 0 0 0
2146839324697673 137946042775232 subm_end 1 0 0 0 0 0
2146839324697733 137946042775232 pump_beg 1 0 0 0 0 0
2146839324825339 137946042775232 feedend 89 0 0 0 0 0
2146839324850378 137946042775232 feedend 89 1 0 0 0 0
2146839327488442 137946042775232 outfirst 89 1 65536 0 0 0
2146839327818250 137946042775232 outfirst 89 0 65536 0 0 0
2146839327854178 137946042775232 pump_end 1 2 0 0 0 0
2146839327859918 137946042775232 join_beg 1 0 0 0 0 0
2146839327860358 137946042775232 join_end 0 0 0 0 0 0
2146839327860468 137946042775232 book_beg 1 0 0 0 0 0
2146839327860748 137946042775232 batch 90 1 1 2 2 0
2146839327860788 137946042775232 book_end 1 0 0 0 0 0
2146839327860858 137946042775232 coll_beg 0 0 0 0 0 0
2146839327970354 137946042775232 coll_end 0 0 0 0 0 0
2146839327970424 137946042775232 rel_beg 1 0 0 0 0 0
2146839327970664 137946042775232 absorb 90 0 0 0 0 0
2146839327973604 137946042775232 rel_end 1 0 0 0 0 0
2146839327975584 137946042775232 wait_beg 0 0 0 0 0 0
2146839324675764 137946056009600 msgin 90 4718592 0 0 0 0
2146839324675934 137946056009600 enq 90 1 0 0 0 0
2146839327984913 137946056009600 ackslot 90 89 90 89 1 0
2146839328113729 137946056009600 send 18 0 0 89 89 2
2146839328525694 137946056009600 send 115011 0 0 89 89 2
2146839328871291 137946056009600 send 99366 0 0 89 89 2
2146839327994273 137945960937152 emit_beg 90 0 0 0 0 0
2146839328008323 137945960937152 dmg 0 1 0 0 1024 768
2146839328008623 137945960937152 enc 89 89 1 -1 -1 0
2146839328034142 137945960937152 emit_end 90 0 0 0 0 0
2146839328876671 137946056009600 send 14 0 0 89 89 2
2146839328877191 137946056009600 egress 90 1 0 89 0 0
2146839328877421 137946056009600 ackregion 90 90 90 89 1 0
2146839329338054 137946056009600 cliack 90 0 91 90 0 0
2146839340592214 137946042775232 wait_end 0 0 0 0 0 0
2146839340594124 137946042775232 drain_beg 0 0 0 0 0 0
2146839340594514 137946042775232 drain_end 1 0 0 0 0 0
2146839340594634 137946042775232 take 91 0 0 0 0 0
2146839340594864 137946042775232 subm_beg 1 0 0 0 0 0
2146839340595054 137946042775232 submit 91 0 0 0 0 0
2146839340595093 137946042775232 subm_end 1 0 0 0 0 0
2146839340595123 137946042775232 pump_beg 1 0 0 0 0 0
2146839340738938 137946042775232 feedend 90 0 0 0 0 0
2146839340746008 137946042775232 feedend 90 1 0 0 0 0
2146839343619913 137946042775232 outfirst 90 1 65536 0 0 0
2146839344090016 137946042775232 outfirst 90 0 65536 0 0 0
2146839344104115 137946042775232 pump_end 1 2 0 0 0 0
2146839344104295 137946042775232 join_beg 1 0 0 0 0 0
2146839344104525 137946042775232 join_end 0 0 0 0 0 0
2146839344104645 137946042775232 book_beg 1 0 0 0 0 0
2146839344104835 137946042775232 batch 91 1 1 2 2 0
2146839344104875 137946042775232 book_end 1 0 0 0 0 0
2146839344104895 137946042775232 coll_beg 0 0 0 0 0 0
2146839344199362 137946042775232 coll_end 0 0 0 0 0 0
2146839344199392 137946042775232 rel_beg 1 0 0 0 0 0
2146839344199482 137946042775232 absorb 91 0 0 0 0 0
2146839344201132 137946042775232 rel_end 1 0 0 0 0 0
2146839344202552 137946042775232 wait_beg 0 0 0 0 0 0
2146839340583014 137946056009600 msgin 91 4718592 0 0 0 0
2146839340583174 137946056009600 enq 91 1 0 0 0 0
2146839344224761 137946056009600 ackslot 91 90 91 90 1 0
2146839344255560 137946056009600 send 18 0 0 90 90 2
2146839344820099 137946056009600 send 160364 0 0 90 90 2
2146839345269613 137946056009600 send 128171 0 0 90 90 2
2146839345274753 137946056009600 send 14 0 0 90 90 2
2146839345274943 137946056009600 egress 91 1 0 90 0 0
2146839345275013 137946056009600 ackregion 91 91 91 90 1 0
2146839346004596 137946056009600 cliack 91 0 92 91 0 0
2146839344221431 137945960937152 emit_beg 91 0 0 0 0 0
2146839344225021 137945960937152 dmg 0 1 0 0 1024 768
2146839344225201 137945960937152 enc 90 90 1 -1 -1 0
2146839344250550 137945960937152 emit_end 91 0 0 0 0 0
2146839356662157 137946042775232 wait_end 0 0 0 0 0 0
2146839356664217 137946042775232 drain_beg 0 0 0 0 0 0
2146839356664407 137946042775232 drain_end 1 0 0 0 0 0
2146839356664557 137946042775232 take 92 0 0 0 0 0
2146839356664837 137946042775232 subm_beg 1 0 0 0 0 0
2146839356665047 137946042775232 submit 92 0 0 0 0 0
2146839356665127 137946042775232 subm_end 1 0 0 0 0 0
2146839356665157 137946042775232 pump_beg 1 0 0 0 0 0
2146839356856940 137946042775232 feedend 91 0 0 0 0 0
2146839356871360 137946042775232 feedend 91 1 0 0 0 0
2146839356651568 137946056009600 msgin 92 4718592 0 0 0 0
2146839356652298 137946056009600 enq 92 1 0 0 0 0
2146839359898159 137946042775232 outfirst 91 1 65536 0 0 0
2146839360207358 137946042775232 outfirst 91 0 65536 0 0 0
2146839360229957 137946042775232 pump_end 1 2 0 0 0 0
2146839360230137 137946042775232 join_beg 1 0 0 0 0 0
2146839360230497 137946042775232 join_end 0 0 0 0 0 0
2146839360230627 137946042775232 book_beg 1 0 0 0 0 0
2146839360230747 137946042775232 batch 92 1 1 2 2 0
2146839360230777 137946042775232 book_end 1 0 0 0 0 0
2146839360230807 137946042775232 coll_beg 0 0 0 0 0 0
2146839360291845 137946042775232 coll_end 0 0 0 0 0 0
2146839360291965 137946042775232 rel_beg 1 0 0 0 0 0
2146839360292035 137946042775232 absorb 92 0 0 0 0 0
2146839360293965 137946042775232 rel_end 1 0 0 0 0 0
2146839360295395 137946042775232 wait_beg 0 0 0 0 0 0
2146839360304514 137946056009600 ackslot 92 91 92 91 1 0
2146839360503987 137946056009600 send 18 0 0 91 91 2
2146839360782977 137946056009600 send 151119 0 0 91 91 2
2146839361044757 137946056009600 send 100608 0 0 91 91 2
2146839361048847 137946056009600 send 14 0 0 91 91 2
2146839361049807 137946056009600 egress 92 1 0 91 0 0
2146839361050527 137946056009600 ackregion 92 92 92 91 1 0
2146839362178626 137946056009600 cliack 92 0 93 92 0 0
2146839360321604 137945960937152 emit_beg 92 0 0 0 0 0
2146839360342533 137945960937152 dmg 0 1 0 0 1024 768
2146839360342953 137945960937152 enc 91 91 1 -1 -1 0
2146839360375222 137945960937152 emit_end 92 0 0 0 0 0
2146839373154966 137946042775232 wait_end 0 0 0 0 0 0
2146839373156486 137946042775232 drain_beg 0 0 0 0 0 0
2146839373156646 137946042775232 drain_end 1 0 0 0 0 0
2146839373156756 137946042775232 take 93 0 0 0 0 0
2146839373157016 137946042775232 subm_beg 1 0 0 0 0 0
2146839373157206 137946042775232 submit 93 0 0 0 0 0
2146839373157346 137946042775232 subm_end 1 0 0 0 0 0
2146839373157376 137946042775232 pump_beg 1 0 0 0 0 0
2146839373319290 137946042775232 feedend 92 0 0 0 0 0
2146839373334389 137946042775232 feedend 92 1 0 0 0 0
2146839376761184 137946042775232 outfirst 92 1 65536 0 0 0
2146839377332173 137946042775232 outfirst 92 0 65536 0 0 0
2146839377363782 137946042775232 pump_end 1 2 0 0 0 0
2146839377364092 137946042775232 join_beg 1 0 0 0 0 0
2146839377364402 137946042775232 join_end 0 0 0 0 0 0
2146839377364442 137946042775232 book_beg 1 0 0 0 0 0
2146839377364592 137946042775232 batch 93 1 1 2 2 0
2146839377364632 137946042775232 book_end 1 0 0 0 0 0
2146839377364662 137946042775232 coll_beg 0 0 0 0 0 0
2146839377487498 137946042775232 coll_end 0 0 0 0 0 0
2146839377487558 137946042775232 rel_beg 1 0 0 0 0 0
2146839377487638 137946042775232 absorb 93 0 0 0 0 0
2146839377489377 137946042775232 rel_end 1 0 0 0 0 0
2146839377490587 137946042775232 wait_beg 0 0 0 0 0 0
2146839373147366 137946056009600 msgin 93 4718592 0 0 0 0
2146839373148216 137946056009600 enq 93 1 0 0 0 0
2146839377513157 137946056009600 ackslot 93 92 93 92 1 0
2146839377608953 137946056009600 send 18 0 0 92 92 2
2146839378368585 137946056009600 send 217124 0 0 92 92 2
2146839378784970 137946056009600 send 179491 0 0 92 92 2
2146839378788850 137946056009600 send 14 0 0 92 92 2
2146839378789020 137946056009600 egress 93 1 0 92 0 0
2146839378789360 137946056009600 ackregion 93 93 93 92 1 0
2146839377496607 137945960937152 emit_beg 93 0 0 0 0 0
2146839377498987 137945960937152 dmg 0 1 0 0 1024 768
2146839377499157 137945960937152 enc 92 92 1 -1 -1 0
2146839377530146 137945960937152 emit_end 93 0 0 0 0 0
2146839388936320 137946042775232 wait_end 0 0 0 0 0 0
2146839388937740 137946042775232 drain_beg 0 0 0 0 0 0
2146839388941810 137946042775232 drain_end 1 0 0 0 0 0
2146839388941910 137946042775232 take 94 0 0 0 0 0
2146839388942400 137946042775232 subm_beg 1 0 0 0 0 0
2146839388942630 137946042775232 submit 94 0 0 0 0 0
2146839388942670 137946042775232 subm_end 1 0 0 0 0 0
2146839388942700 137946042775232 pump_beg 1 0 0 0 0 0
2146839379546562 137946056009600 cliack 93 0 94 93 0 0
2146839388931270 137946056009600 msgin 94 4718592 0 0 0 0
2146839388931690 137946056009600 enq 94 1 0 0 0 0
2146839389231579 137946042775232 feedend 93 0 0 0 0 0
2146839389256268 137946042775232 feedend 93 1 0 0 0 0
2146839392384764 137946042775232 outfirst 93 1 65536 0 0 0
2146839392828148 137946042775232 outfirst 93 0 65536 0 0 0
2146839392854337 137946042775232 pump_end 1 2 0 0 0 0
2146839392854577 137946042775232 join_beg 1 0 0 0 0 0
2146839392855197 137946042775232 join_end 0 0 0 0 0 0
2146839392855227 137946042775232 book_beg 1 0 0 0 0 0
2146839392855417 137946042775232 batch 94 1 1 2 2 0
2146839392855457 137946042775232 book_end 1 0 0 0 0 0
2146839392855487 137946042775232 coll_beg 0 0 0 0 0 0
2146839392927924 137946042775232 coll_end 0 0 0 0 0 0
2146839392927984 137946042775232 rel_beg 1 0 0 0 0 0
2146839392928144 137946042775232 absorb 94 0 0 0 0 0
2146839392930754 137946042775232 rel_end 1 0 0 0 0 0
2146839392932134 137946042775232 wait_beg 0 0 0 0 0 0
2146839392939654 137946056009600 ackslot 94 93 94 93 1 0
2146839393169695 137946056009600 send 18 0 0 93 93 2
2146839393749574 137946056009600 send 156227 0 0 93 93 2
2146839394208747 137946056009600 send 126915 0 0 93 93 2
2146839394214447 137946056009600 send 14 0 0 93 93 2
2146839394215157 137946056009600 egress 94 1 0 93 0 0
2146839394215767 137946056009600 ackregion 94 94 94 93 1 0
2146839394387731 137946056009600 cliack 94 0 95 94 0 0
2146839392943024 137945960937152 emit_beg 94 0 0 0 0 0
2146839392957793 137945960937152 dmg 0 1 0 0 1024 768
2146839392958083 137945960937152 enc 93 93 1 -1 -1 0
2146839392988032 137945960937152 emit_end 94 0 0 0 0 0
2146839404989114 137946042775232 wait_end 0 0 0 0 0 0
2146839404992204 137946042775232 drain_beg 0 0 0 0 0 0
2146839404992454 137946042775232 drain_end 1 0 0 0 0 0
2146839404992564 137946042775232 take 95 0 0 0 0 0
2146839404992764 137946042775232 subm_beg 1 0 0 0 0 0
2146839404992984 137946042775232 submit 95 0 0 0 0 0
2146839404993094 137946042775232 subm_end 1 0 0 0 0 0
2146839404993124 137946042775232 pump_beg 1 0 0 0 0 0
2146839405137789 137946042775232 feedend 94 0 0 0 0 0
2146839405184307 137946042775232 feedend 94 1 0 0 0 0
2146839408274174 137946042775232 outfirst 94 1 65536 0 0 0
2146839408706789 137946042775232 outfirst 94 0 65536 0 0 0
2146839408739057 137946042775232 pump_end 1 2 0 0 0 0
2146839408739247 137946042775232 join_beg 1 0 0 0 0 0
2146839408739317 137946042775232 join_end 0 0 0 0 0 0
2146839408739437 137946042775232 book_beg 1 0 0 0 0 0
2146839408739647 137946042775232 batch 95 1 1 2 2 0
2146839408739697 137946042775232 book_end 1 0 0 0 0 0
2146839408739747 137946042775232 coll_beg 0 0 0 0 0 0
2146839408883892 137946042775232 coll_end 0 0 0 0 0 0
2146839408883982 137946042775232 rel_beg 1 0 0 0 0 0
2146839408884102 137946042775232 absorb 95 0 0 0 0 0
2146839408886242 137946042775232 rel_end 1 0 0 0 0 0
2146839408888412 137946042775232 wait_beg 0 0 0 0 0 0
2146839404966675 137946056009600 msgin 95 4718592 0 0 0 0
2146839404967195 137946056009600 enq 95 1 0 0 0 0
2146839408909171 137946056009600 ackslot 95 94 95 94 1 0
2146839408990818 137946056009600 send 18 0 0 94 94 2
2146839408906901 137945960937152 emit_beg 95 0 0 0 0 0
2146839408910101 137945960937152 dmg 0 1 0 0 1024 768
2146839408910291 137945960937152 enc 94 94 1 -1 -1 0
2146839408934830 137945960937152 emit_end 95 0 0 0 0 0
2146839409599276 137946056009600 send 170430 0 0 94 94 2
2146839410106807 137946056009600 send 146278 0 0 94 94 2
2146839410112447 137946056009600 send 14 0 0 94 94 2
2146839410112767 137946056009600 egress 95 1 0 94 0 0
2146839410113027 137946056009600 ackregion 95 95 95 94 1 0
2146839410704056 137946056009600 cliack 95 0 96 95 0 0
2146839421277880 137946042775232 wait_end 0 0 0 0 0 0
2146839421279640 137946042775232 drain_beg 0 0 0 0 0 0
2146839421279930 137946042775232 drain_end 1 0 0 0 0 0
2146839421280060 137946042775232 take 96 0 0 0 0 0
2146839421280200 137946042775232 subm_beg 1 0 0 0 0 0
2146839421280400 137946042775232 submit 96 0 0 0 0 0
2146839421280570 137946042775232 subm_end 1 0 0 0 0 0
2146839421280600 137946042775232 pump_beg 1 0 0 0 0 0
2146839421428574 137946042775232 feedend 95 0 0 0 0 0
2146839421466413 137946042775232 feedend 95 1 0 0 0 0
2146839424371397 137946042775232 outfirst 95 1 65536 0 0 0
2146839424856749 137946042775232 outfirst 95 0 65536 0 0 0
2146839424873689 137946042775232 pump_end 1 2 0 0 0 0
2146839424874119 137946042775232 join_beg 1 0 0 0 0 0
2146839424874209 137946042775232 join_end 0 0 0 0 0 0
2146839424874339 137946042775232 book_beg 1 0 0 0 0 0
2146839424874459 137946042775232 batch 96 1 1 2 2 0
2146839424874479 137946042775232 book_end 1 0 0 0 0 0
2146839424874509 137946042775232 coll_beg 0 0 0 0 0 0
2146839424972445 137946042775232 coll_end 0 0 0 0 0 0
2146839424972785 137946042775232 rel_beg 1 0 0 0 0 0
2146839424972875 137946042775232 absorb 96 0 0 0 0 0
2146839424974645 137946042775232 rel_end 1 0 0 0 0 0
2146839424976135 137946042775232 wait_beg 0 0 0 0 0 0
2146839421264900 137946056009600 msgin 96 4718592 0 0 0 0
2146839421265190 137946056009600 enq 96 1 0 0 0 0
2146839424998004 137946056009600 ackslot 96 95 96 95 1 0
2146839425034113 137946056009600 send 18 0 0 95 95 2
2146839425604462 137946056009600 send 160923 0 0 95 95 2
2146839426064835 137946056009600 send 131952 0 0 95 95 2
2146839426070015 137946056009600 send 14 0 0 95 95 2
2146839426070355 137946056009600 egress 96 1 0 95 0 0
2146839426070555 137946056009600 ackregion 96 96 96 95 1 0
2146839426314236 137946056009600 cliack 96 0 97 96 0 0
2146839424981885 137945960937152 emit_beg 96 0 0 0 0 0
2146839424984035 137945960937152 dmg 0 1 0 0 1024 768
2146839424984195 137945960937152 enc 95 95 1 -1 -1 0
2146839425012394 137945960937152 emit_end 96 0 0 0 0 0
2146839436893530 137946042775232 wait_end 0 0 0 0 0 0
2146839436894940 137946042775232 drain_beg 0 0 0 0 0 0
2146839436895070 137946042775232 drain_end 1 0 0 0 0 0
2146839436895170 137946042775232 take 97 0 0 0 0 0
2146839436895280 137946042775232 subm_beg 1 0 0 0 0 0
2146839436895460 137946042775232 submit 97 0 0 0 0 0
2146839436895600 137946042775232 subm_end 1 0 0 0 0 0
2146839436895650 137946042775232 pump_beg 1 0 0 0 0 0
2146839437039965 137946042775232 feedend 96 0 0 0 0 0
2146839437055804 137946042775232 feedend 96 1 0 0 0 0
2146839436887520 137946056009600 msgin 97 4718592 0 0 0 0
2146839436887700 137946056009600 enq 97 1 0 0 0 0
2146839440020786 137946042775232 outfirst 96 1 65536 0 0 0
2146839440410132 137946042775232 outfirst 96 0 65536 0 0 0
2146839440423391 137946042775232 pump_end 1 2 0 0 0 0
2146839440423441 137946042775232 join_beg 1 0 0 0 0 0
2146839440423471 137946042775232 join_end 0 0 0 0 0 0
2146839440423591 137946042775232 book_beg 1 0 0 0 0 0
2146839440425581 137946042775232 batch 97 1 1 2 2 0
2146839440425611 137946042775232 book_end 1 0 0 0 0 0
2146839440425641 137946042775232 coll_beg 0 0 0 0 0 0
2146839440552787 137946042775232 coll_end 0 0 0 0 0 0
2146839440552827 137946042775232 rel_beg 1 0 0 0 0 0
2146839440552887 137946042775232 absorb 97 0 0 0 0 0
2146839440554007 137946042775232 rel_end 1 0 0 0 0 0
2146839440556467 137946042775232 wait_beg 0 0 0 0 0 0
2146839440575896 137946056009600 ackslot 97 96 97 96 1 0
2146839440601365 137946056009600 send 18 0 0 96 96 2
2146839441127386 137946056009600 send 148123 0 0 96 96 2
2146839441455254 137946056009600 send 128857 0 0 96 96 2
2146839441458714 137946056009600 send 14 0 0 96 96 2
2146839441458974 137946056009600 egress 97 1 0 96 0 0
2146839441459014 137946056009600 ackregion 97 97 97 96 1 0
2146839441979065 137946056009600 cliack 97 0 98 97 0 0
2146839440576486 137945960937152 emit_beg 97 0 0 0 0 0
2146839440581666 137945960937152 dmg 0 1 0 0 1024 768
2146839440581846 137945960937152 enc 96 96 1 -1 -1 0
2146839440613655 137945960937152 emit_end 97 0 0 0 0 0
2146839452321977 137946042775232 wait_end 0 0 0 0 0 0
2146839452323597 137946042775232 drain_beg 0 0 0 0 0 0
2146839452323877 137946042775232 drain_end 1 0 0 0 0 0
2146839452324017 137946042775232 take 98 0 0 0 0 0
2146839452324297 137946042775232 subm_beg 1 0 0 0 0 0
2146839452324597 137946042775232 submit 98 0 0 0 0 0
2146839452324637 137946042775232 subm_end 1 0 0 0 0 0
2146839452324677 137946042775232 pump_beg 1 0 0 0 0 0
2146839452460572 137946042775232 feedend 97 0 0 0 0 0
2146839452493041 137946042775232 feedend 97 1 0 0 0 0
2146839455981894 137946042775232 outfirst 97 1 65536 0 0 0
2146839456542783 137946042775232 outfirst 97 0 65536 0 0 0
2146839456569912 137946042775232 pump_end 1 2 0 0 0 0
2146839456570082 137946042775232 join_beg 1 0 0 0 0 0
2146839456570282 137946042775232 join_end 0 0 0 0 0 0
2146839456570342 137946042775232 book_beg 1 0 0 0 0 0
2146839456570452 137946042775232 batch 98 1 1 2 2 0
2146839456570482 137946042775232 book_end 1 0 0 0 0 0
2146839456570512 137946042775232 coll_beg 0 0 0 0 0 0
2146839456699858 137946042775232 coll_end 0 0 0 0 0 0
2146839456700018 137946042775232 rel_beg 1 0 0 0 0 0
2146839456700118 137946042775232 absorb 98 0 0 0 0 0
2146839456701598 137946042775232 rel_end 1 0 0 0 0 0
2146839456702948 137946042775232 wait_beg 0 0 0 0 0 0
2146839452314358 137946056009600 msgin 98 4718592 0 0 0 0
2146839452314718 137946056009600 enq 98 1 0 0 0 0
2146839456706807 137946056009600 ackslot 98 97 98 97 1 0
2146839456808634 137946056009600 send 18 0 0 97 97 2
2146839457518148 137946056009600 send 222531 0 0 97 97 2
2146839457958742 137946056009600 send 187727 0 0 97 97 2
2146839457962182 137946056009600 send 14 0 0 97 97 2
2146839457962492 137946056009600 egress 98 1 0 97 0 0
2146839457962632 137946056009600 ackregion 98 98 98 97 1 0
2146839458802241 137946056009600 cliack 98 0 99 98 0 0
2146839456721297 137945960937152 emit_beg 98 0 0 0 0 0
2146839456727537 137945960937152 dmg 0 1 0 0 1024 768
2146839456727797 137945960937152 enc 97 97 1 -1 -1 0
2146839456762115 137945960937152 emit_end 98 0 0 0 0 0
2146839468561545 137946042775232 wait_end 0 0 0 0 0 0
2146839468563885 137946042775232 drain_beg 0 0 0 0 0 0
2146839468564355 137946042775232 drain_end 1 0 0 0 0 0
2146839468564485 137946042775232 take 99 0 0 0 0 0
2146839468564975 137946042775232 subm_beg 1 0 0 0 0 0
2146839468565385 137946042775232 submit 99 0 0 0 0 0
2146839468565545 137946042775232 subm_end 1 0 0 0 0 0
2146839468565605 137946042775232 pump_beg 1 0 0 0 0 0
2146839468736199 137946042775232 feedend 98 0 0 0 0 0
2146839468789867 137946042775232 feedend 98 1 0 0 0 0
2146839468548795 137946056009600 msgin 99 4718592 0 0 0 0
2146839468549415 137946056009600 enq 99 1 0 0 0 0
2146839471725379 137946042775232 outfirst 98 1 65536 0 0 0
2146839472008149 137946042775232 outfirst 98 0 32768 0 0 0
2146839472032958 137946042775232 pump_end 1 2 0 0 0 0
2146839472033138 137946042775232 join_beg 1 0 0 0 0 0
2146839472033738 137946042775232 join_end 0 0 0 0 0 0
2146839472033878 137946042775232 book_beg 1 0 0 0 0 0
2146839472033998 137946042775232 batch 99 1 1 2 2 0
2146839472034038 137946042775232 book_end 1 0 0 0 0 0
2146839472034078 137946042775232 coll_beg 0 0 0 0 0 0
2146839472145734 137946042775232 coll_end 0 0 0 0 0 0
2146839472145784 137946042775232 rel_beg 1 0 0 0 0 0
2146839472145904 137946042775232 absorb 99 0 0 0 0 0
2146839472148184 137946042775232 rel_end 1 0 0 0 0 0
2146839472149794 137946042775232 wait_beg 0 0 0 0 0 0
2146839472157734 137946056009600 ackslot 99 98 99 98 1 0
2146839472226911 137946056009600 send 18 0 0 98 98 2
2146839472739492 137946056009600 send 137557 0 0 98 98 2
2146839473294522 137946056009600 send 126598 0 0 98 98 2
2146839473298742 137946056009600 send 14 0 0 98 98 2
2146839473298972 137946056009600 egress 99 1 0 98 0 0
2146839473299132 137946056009600 ackregion 99 99 99 98 1 0
2146839473552813 137946056009600 cliack 99 0 100 99 0 0
2146839472168353 137945960937152 emit_beg 99 0 0 0 0 0
2146839472174133 137945960937152 dmg 0 1 0 0 1024 768
2146839472174343 137945960937152 enc 98 98 1 -1 -1 0
2146839472195682 137945960937152 emit_end 99 0 0 0 0 0
2146839484518653 137946042775232 wait_end 0 0 0 0 0 0
2146839484520433 137946042775232 drain_beg 0 0 0 0 0 0
2146839484520633 137946042775232 drain_end 1 0 0 0 0 0
2146839484520823 137946042775232 take 100 0 0 0 0 0
2146839484521213 137946042775232 subm_beg 1 0 0 0 0 0
2146839484521453 137946042775232 submit 100 0 0 0 0 0
2146839484521613 137946042775232 subm_end 1 0 0 0 0 0
2146839484521663 137946042775232 pump_beg 1 0 0 0 0 0
2146839484667837 137946042775232 feedend 99 0 0 0 0 0
2146839484714346 137946042775232 feedend 99 1 0 0 0 0
2146839487586941 137946042775232 outfirst 99 1 65536 0 0 0
2146839487992226 137946042775232 outfirst 99 0 65536 0 0 0
2146839488013715 137946042775232 pump_end 1 2 0 0 0 0
2146839488013905 137946042775232 join_beg 1 0 0 0 0 0
2146839488014245 137946042775232 join_end 0 0 0 0 0 0
2146839488014315 137946042775232 book_beg 1 0 0 0 0 0
2146839488014425 137946042775232 batch 100 1 1 2 2 0
2146839488014485 137946042775232 book_end 1 0 0 0 0 0
2146839488014545 137946042775232 coll_beg 0 0 0 0 0 0
2146839488115752 137946042775232 coll_end 0 0 0 0 0 0
2146839488115912 137946042775232 rel_beg 1 0 0 0 0 0
2146839488115992 137946042775232 absorb 100 0 0 0 0 0
2146839488117471 137946042775232 rel_end 1 0 0 0 0 0
2146839488118711 137946042775232 wait_beg 0 0 0 0 0 0
2146839484510303 137946056009600 msgin 100 4718592 0 0 0 0
2146839484510783 137946056009600 enq 100 1 0 0 0 0
2146839488129771 137946056009600 ackslot 100 99 100 99 1 0
2146839488317724 137946056009600 send 18 0 0 99 99 2
2146839488861114 137946056009600 send 141650 0 0 99 99 2
2146839489301288 137946056009600 send 122081 0 0 99 99 2
2146839489306618 137946056009600 send 14 0 0 99 99 2
2146839489306998 137946056009600 egress 100 1 0 99 0 0
2146839489307388 137946056009600 ackregion 100 100 100 99 1 0
2146839488196079 137945960937152 emit_beg 100 0 0 0 0 0
2146839488202448 137945960937152 dmg 0 1 0 0 1024 768
2146839488202838 137945960937152 enc 99 99 1 -1 -1 0
2146839488242987 137945960937152 emit_end 100 0 0 0 0 0
2146839489871797 137946056009600 cliack 100 0 101 100 0 0
2146839501184655 137946042775232 wait_end 0 0 0 0 0 0
2146839501187165 137946042775232 drain_beg 0 0 0 0 0 0
2146839501187335 137946042775232 drain_end 1 0 0 0 0 0
2146839501187445 137946042775232 take 101 0 0 0 0 0
2146839501187795 137946042775232 subm_beg 1 0 0 0 0 0
2146839501192534 137946042775232 submit 101 0 0 0 0 0
2146839501192594 137946042775232 subm_end 1 0 0 0 0 0
2146839501192654 137946042775232 pump_beg 1 0 0 0 0 0
2146839501346319 137946042775232 feedend 100 0 0 0 0 0
2146839501383347 137946042775232 feedend 100 1 0 0 0 0
2146839504509983 137946042775232 outfirst 100 1 65536 0 0 0
2146839504947117 137946042775232 outfirst 100 0 65536 0 0 0
2146839504982366 137946042775232 pump_end 1 2 0 0 0 0
2146839504982586 137946042775232 join_beg 1 0 0 0 0 0
2146839504982656 137946042775232 join_end 0 0 0 0 0 0
2146839504982746 137946042775232 book_beg 1 0 0 0 0 0
2146839504982956 137946042775232 batch 101 1 1 2 2 0
2146839504983006 137946042775232 book_end 1 0 0 0 0 0
2146839504983056 137946042775232 coll_beg 0 0 0 0 0 0
2146839505113901 137946042775232 coll_end 0 0 0 0 0 0
2146839505113961 137946042775232 rel_beg 1 0 0 0 0 0
2146839505114101 137946042775232 absorb 101 0 0 0 0 0
2146839505115991 137946042775232 rel_end 1 0 0 0 0 0
2146839505118311 137946042775232 wait_beg 0 0 0 0 0 0
2146839501164815 137946056009600 msgin 101 4718592 0 0 0 0
2146839501165285 137946056009600 enq 101 1 0 0 0 0
2146839505124681 137946056009600 ackslot 101 100 101 100 1 0
2146839505187549 137946056009600 send 18 0 0 100 100 2
2146839505705010 137946056009600 send 176833 0 0 100 100 2
2146839506155373 137946056009600 send 149868 0 0 100 100 2
2146839506161283 137946056009600 send 14 0 0 100 100 2
2146839506161543 137946056009600 egress 101 1 0 100 0 0
2146839506161643 137946056009600 ackregion 101 101 101 100 1 0
2146839506896306 137946056009600 cliack 101 0 102 101 0 0
2146839505124991 137945960937152 emit_beg 101 0 0 0 0 0
2146839505130781 137945960937152 dmg 0 1 0 0 1024 768
2146839505130991 137945960937152 enc 100 100 1 -1 -1 0
2146839505166879 137945960937152 emit_end 101 0 0 0 0 0
2146839516775526 137946042775232 wait_end 0 0 0 0 0 0
2146839516777326 137946042775232 drain_beg 0 0 0 0 0 0
2146839516777596 137946042775232 drain_end 1 0 0 0 0 0
2146839516777696 137946042775232 take 102 0 0 0 0 0
2146839516778016 137946042775232 subm_beg 1 0 0 0 0 0
2146839516778306 137946042775232 submit 102 0 0 0 0 0
2146839516778356 137946042775232 subm_end 1 0 0 0 0 0
2146839516778406 137946042775232 pump_beg 1 0 0 0 0 0
2146839516921281 137946042775232 feedend 101 0 0 0 0 0
2146839516958189 137946042775232 feedend 101 1 0 0 0 0
2146839519789526 137946042775232 outfirst 101 1 65536 0 0 0
2146839516763796 137946056009600 msgin 102 4718592 0 0 0 0
2146839516764206 137946056009600 enq 102 1 0 0 0 0
2146839520294478 137946042775232 outfirst 101 0 65536 0 0 0
2146839520321137 137946042775232 pump_end 1 2 0 0 0 0
2146839520321257 137946042775232 join_beg 1 0 0 0 0 0
2146839520321377 137946042775232 join_end 0 0 0 0 0 0
2146839520321437 137946042775232 book_beg 1 0 0 0 0 0
2146839520321597 137946042775232 batch 102 1 1 2 2 0
2146839520321647 137946042775232 book_end 1 0 0 0 0 0
2146839520321697 137946042775232 coll_beg 0 0 0 0 0 0
2146839520387304 137946042775232 coll_end 0 0 0 0 0 0
2146839520387434 137946042775232 rel_beg 1 0 0 0 0 0
2146839520387534 137946042775232 absorb 102 0 0 0 0 0
2146839520389314 137946042775232 rel_end 1 0 0 0 0 0
2146839520390114 137946042775232 wait_beg 0 0 0 0 0 0
2146839520397734 137946056009600 ackslot 102 101 102 101 1 0
2146839520416843 137946056009600 send 18 0 0 101 101 2
2146839520882456 137946056009600 send 156323 0 0 101 101 2
2146839521260322 137946056009600 send 126696 0 0 101 101 2
2146839521264582 137946056009600 send 14 0 0 101 101 2
2146839521264752 137946056009600 egress 102 1 0 101 0 0
2146839521264832 137946056009600 ackregion 102 102 102 101 1 0
2146839521685167 137946056009600 cliack 102 0 103 102 0 0
2146839520393144 137945960937152 emit_beg 102 0 0 0 0 0
2146839520394364 137945960937152 dmg 0 1 0 0 1024 768
2146839520394534 137945960937152 enc 101 101 1 -1 -1 0
2146839520412513 137945960937152 emit_end 102 0 0 0 0 0
2146839532386706 137946042775232 wait_end 0 0 0 0 0 0
2146839532388236 137946042775232 drain_beg 0 0 0 0 0 0
2146839532388476 137946042775232 drain_end 1 0 0 0 0 0
2146839532388546 137946042775232 take 103 0 0 0 0 0
2146839532388776 137946042775232 subm_beg 1 0 0 0 0 0
2146839532389186 137946042775232 submit 103 0 0 0 0 0
2146839532389216 137946042775232 subm_end 1 0 0 0 0 0
2146839532389246 137946042775232 pump_beg 1 0 0 0 0 0
2146839532546691 137946042775232 feedend 102 0 0 0 0 0
2146839532573480 137946042775232 feedend 102 1 0 0 0 0
2146839535329799 137946042775232 outfirst 102 1 65536 0 0 0
2146839535788302 137946042775232 outfirst 102 0 65536 0 0 0
2146839535801352 137946042775232 pump_end 1 2 0 0 0 0
2146839535801572 137946042775232 join_beg 1 0 0 0 0 0
2146839535801692 137946042775232 join_end 0 0 0 0 0 0
2146839535801802 137946042775232 book_beg 1 0 0 0 0 0
2146839535801952 137946042775232 batch 103 1 1 2 2 0
2146839535801992 137946042775232 book_end 1 0 0 0 0 0
2146839535802022 137946042775232 coll_beg 0 0 0 0 0 0
2146839535859320 137946042775232 coll_end 0 0 0 0 0 0
2146839535859660 137946042775232 rel_beg 1 0 0 0 0 0
2146839535859730 137946042775232 absorb 103 0 0 0 0 0
2146839535861810 137946042775232 rel_end 1 0 0 0 0 0
2146839535862610 137946042775232 wait_beg 0 0 0 0 0 0
2146839532377637 137946056009600 msgin 103 4718592 0 0 0 0
2146839532378187 137946056009600 enq 103 1 0 0 0 0
2146839535871659 137946056009600 ackslot 103 102 103 102 1 0
2146839535937287 137946056009600 send 18 0 0 102 102 2
2146839536340942 137946056009600 send 128325 0 0 102 102 2
2146839536660660 137946056009600 send 108504 0 0 102 102 2
2146839536666770 137946056009600 send 14 0 0 102 102 2
2146839536667000 137946056009600 egress 103 1 0 102 0 0
2146839536667100 137946056009600 ackregion 103 103 103 102 1 0
2146839537478461 137946056009600 cliack 103 0 104 103 0 0
2146839535879149 137945960937152 emit_beg 103 0 0 0 0 0
2146839535883189 137945960937152 dmg 0 1 0 0 1024 768
2146839535883429 137945960937152 enc 102 102 1 -1 -1 0
2146839535901508 137945960937152 emit_end 103 0 0 0 0 0
2146839549356957 137946042775232 wait_end 0 0 0 0 0 0
2146839549358837 137946042775232 drain_beg 0 0 0 0 0 0
2146839549359037 137946042775232 drain_end 1 0 0 0 0 0
2146839549359127 137946042775232 take 104 0 0 0 0 0
2146839549359397 137946042775232 subm_beg 1 0 0 0 0 0
2146839549359817 137946042775232 submit 104 0 0 0 0 0
2146839549359927 137946042775232 subm_end 1 0 0 0 0 0
2146839549359977 137946042775232 pump_beg 1 0 0 0 0 0
2146839549533871 137946042775232 feedend 103 0 0 0 0 0
2146839549570999 137946042775232 feedend 103 1 0 0 0 0
2146839549348698 137946056009600 msgin 104 4718592 0 0 0 0
2146839549349498 137946056009600 enq 104 1 0 0 0 0
2146839553189037 137946042775232 outfirst 103 1 65536 0 0 0
2146839553582583 137946042775232 outfirst 103 0 65536 0 0 0
2146839553608652 137946042775232 pump_end 1 2 0 0 0 0
2146839553609192 137946042775232 join_beg 1 0 0 0 0 0
2146839553609292 137946042775232 join_end 0 0 0 0 0 0
2146839553609392 137946042775232 book_beg 1 0 0 0 0 0
2146839553609512 137946042775232 batch 104 1 1 2 2 0
2146839553609552 137946042775232 book_end 1 0 0 0 0 0
2146839553613502 137946042775232 coll_beg 0 0 0 0 0 0
2146839553714088 137946042775232 coll_end 0 0 0 0 0 0
2146839553714158 137946042775232 rel_beg 1 0 0 0 0 0
2146839553714368 137946042775232 absorb 104 0 0 0 0 0
2146839553715878 137946042775232 rel_end 1 0 0 0 0 0
2146839553716918 137946042775232 wait_beg 0 0 0 0 0 0
2146839553725508 137946056009600 ackslot 104 103 104 103 1 0
2146839553771726 137946056009600 send 18 0 0 103 103 2
2146839554416793 137946056009600 send 212033 0 0 103 103 2
2146839554967123 137946056009600 send 188874 0 0 103 103 2
2146839554971612 137946056009600 send 14 0 0 103 103 2
2146839554975212 137946056009600 egress 104 1 0 103 0 0
2146839554975482 137946056009600 ackregion 104 104 104 103 1 0
2146839555623779 137946056009600 cliack 104 0 105 104 0 0
2146839553720928 137945960937152 emit_beg 104 0 0 0 0 0
2146839553722868 137945960937152 dmg 0 1 0 0 1024 768
2146839553723048 137945960937152 enc 103 103 1 -1 -1 0
2146839553748487 137945960937152 emit_end 104 0 0 0 0 0
2146839565449270 137946042775232 wait_end 0 0 0 0 0 0
2146839565451810 137946042775232 drain_beg 0 0 0 0 0 0
2146839565452110 137946042775232 drain_end 1 0 0 0 0 0
2146839565452410 137946042775232 take 105 0 0 0 0 0
2146839565452810 137946042775232 subm_beg 1 0 0 0 0 0
2146839565453060 137946042775232 submit 105 0 0 0 0 0
2146839565453410 137946042775232 subm_end 1 0 0 0 0 0
2146839565453460 137946042775232 pump_beg 1 0 0 0 0 0
2146839565629604 137946042775232 feedend 104 0 0 0 0 0
2146839565652883 137946042775232 feedend 104 1 0 0 0 0
2146839568692632 137946042775232 outfirst 104 1 65536 0 0 0
2146839569206413 137946042775232 outfirst 104 0 65536 0 0 0
2146839569231492 137946042775232 pump_end 1 2 0 0 0 0
2146839569231732 137946042775232 join_beg 1 0 0 0 0 0
2146839569232072 137946042775232 join_end 0 0 0 0 0 0
2146839569232262 137946042775232 book_beg 1 0 0 0 0 0
2146839569232382 137946042775232 batch 105 1 1 2 2 0
2146839569232402 137946042775232 book_end 1 0 0 0 0 0
2146839569232432 137946042775232 coll_beg 0 0 0 0 0 0
2146839569352968 137946042775232 coll_end 0 0 0 0 0 0
2146839569353028 137946042775232 rel_beg 1 0 0 0 0 0
2146839569353158 137946042775232 absorb 105 0 0 0 0 0
2146839569355698 137946042775232 rel_end 1 0 0 0 0 0
2146839569356998 137946042775232 wait_beg 0 0 0 0 0 0
2146839565427711 137946056009600 msgin 105 4718592 0 0 0 0
2146839565428271 137946056009600 enq 105 1 0 0 0 0
2146839569365007 137946056009600 ackslot 105 104 105 104 1 0
2146839569401436 137946056009600 send 18 0 0 104 104 2
2146839569897078 137946056009600 send 166286 0 0 104 104 2
2146839569360457 137945960937152 emit_beg 105 0 0 0 0 0
2146839569362297 137945960937152 dmg 0 1 0 0 1024 768
2146839569362537 137945960937152 enc 104 104 1 -1 -1 0
2146839569390296 137945960937152 emit_end 105 0 0 0 0 0
2146839570352801 137946056009600 send 142553 0 0 104 104 2
2146839570357401 137946056009600 send 14 0 0 104 104 2
2146839570357581 137946056009600 egress 105 1 0 104 0 0
2146839570357821 137946056009600 ackregion 105 105 105 104 1 0
2146839571000418 137946056009600 cliack 105 0 106 105 0 0
2146839581558962 137946042775232 wait_end 0 0 0 0 0 0
2146839581561512 137946042775232 drain_beg 0 0 0 0 0 0
2146839581561782 137946042775232 drain_end 1 0 0 0 0 0
2146839581561892 137946042775232 take 106 0 0 0 0 0
2146839581562202 137946042775232 subm_beg 1 0 0 0 0 0
2146839581562422 137946042775232 submit 106 0 0 0 0 0
2146839581562592 137946042775232 subm_end 1 0 0 0 0 0
2146839581562612 137946042775232 pump_beg 1 0 0 0 0 0
2146839581842352 137946042775232 feedend 105 0 0 0 0 0
2146839581866681 137946042775232 feedend 105 1 0 0 0 0
2146839585232998 137946042775232 outfirst 105 1 65536 0 0 0
2146839585515678 137946042775232 outfirst 105 0 65536 0 0 0
2146839585539087 137946042775232 pump_end 1 2 0 0 0 0
2146839585539367 137946042775232 join_beg 1 0 0 0 0 0
2146839585539547 137946042775232 join_end 0 0 0 0 0 0
2146839585539717 137946042775232 book_beg 1 0 0 0 0 0
2146839585540117 137946042775232 batch 106 1 1 2 2 0
2146839585540167 137946042775232 book_end 1 0 0 0 0 0
2146839585540227 137946042775232 coll_beg 0 0 0 0 0 0
2146839585652523 137946042775232 coll_end 0 0 0 0 0 0
2146839585652593 137946042775232 rel_beg 1 0 0 0 0 0
2146839585652713 137946042775232 absorb 106 0 0 0 0 0
2146839585654843 137946042775232 rel_end 1 0 0 0 0 0
2146839585656103 137946042775232 wait_beg 0 0 0 0 0 0
2146839581537543 137946056009600 msgin 106 4718592 0 0 0 0
2146839581538283 137946056009600 enq 106 1 0 0 0 0
2146839585664403 137946056009600 ackslot 106 105 106 105 1 0
2146839585695532 137946056009600 send 18 0 0 105 105 2
2146839586220222 137946056009600 send 170324 0 0 105 105 2
2146839586603648 137946056009600 send 132165 0 0 105 105 2
2146839586608058 137946056009600 send 14 0 0 105 105 2
2146839586608398 137946056009600 egress 106 1 0 105 0 0
2146839586608638 137946056009600 ackregion 106 106 106 105 1 0
2146839587067951 137946056009600 cliack 106 0 107 106 0 0
2146839585660273 137945960937152 emit_beg 106 0 0 0 0 0
2146839585662313 137945960937152 dmg 0 1 0 0 1024 768
2146839585662613 137945960937152 enc 105 105 1 -1 -1 0
2146839585690842 137945960937152 emit_end 106 0 0 0 0 0
2146839597875167 137946042775232 wait_end 0 0 0 0 0 0
2146839597877567 137946042775232 drain_beg 0 0 0 0 0 0
2146839597877717 137946042775232 drain_end 1 0 0 0 0 0
2146839597877827 137946042775232 take 107 0 0 0 0 0
2146839597878297 137946042775232 subm_beg 1 0 0 0 0 0
2146839597878677 137946042775232 submit 107 0 0 0 0 0
2146839597878737 137946042775232 subm_end 1 0 0 0 0 0
2146839597878787 137946042775232 pump_beg 1 0 0 0 0 0
2146839598068740 137946042775232 feedend 106 0 0 0 0 0
2146839598077270 137946042775232 feedend 106 1 0 0 0 0
2146839597863808 137946056009600 msgin 107 4718592 0 0 0 0
2146839597864548 137946056009600 enq 107 1 0 0 0 0
2146839601129618 137946042775232 outfirst 106 1 65536 0 0 0
2146839601589552 137946042775232 outfirst 106 0 65536 0 0 0
2146839601607861 137946042775232 pump_end 1 2 0 0 0 0
2146839601608041 137946042775232 join_beg 1 0 0 0 0 0
2146839601608241 137946042775232 join_end 0 0 0 0 0 0
2146839601608311 137946042775232 book_beg 1 0 0 0 0 0
2146839601608451 137946042775232 batch 107 1 1 2 2 0
2146839601608481 137946042775232 book_end 1 0 0 0 0 0
2146839601608501 137946042775232 coll_beg 0 0 0 0 0 0
2146839601680828 137946042775232 coll_end 0 0 0 0 0 0
2146839601680958 137946042775232 rel_beg 1 0 0 0 0 0
2146839601681028 137946042775232 absorb 107 0 0 0 0 0
2146839601682818 137946042775232 rel_end 1 0 0 0 0 0
2146839601683618 137946042775232 wait_beg 0 0 0 0 0 0
2146839601691798 137946056009600 ackslot 107 106 107 106 1 0
2146839601718177 137946056009600 send 18 0 0 106 106 2
2146839602230798 137946056009600 send 166169 0 0 106 106 2
2146839602618534 137946056009600 send 130678 0 0 106 106 2
2146839602623044 137946056009600 send 14 0 0 106 106 2
2146839602623234 137946056009600 egress 107 1 0 106 0 0
2146839602623444 137946056009600 ackregion 107 107 107 106 1 0
2146839603105986 137946056009600 cliack 107 0 108 107 0 0
2146839601687128 137945960937152 emit_beg 107 0 0 0 0 0
2146839601689108 137945960937152 dmg 0 1 0 0 1024 768
2146839601689308 137945960937152 enc 106 106 1 -1 -1 0
2146839601708367 137945960937152 emit_end 107 0 0 0 0 0
2146839614282389 137946042775232 wait_end 0 0 0 0 0 0
2146839614283949 137946042775232 drain_beg 0 0 0 0 0 0
2146839614284159 137946042775232 drain_end 1 0 0 0 0 0
2146839614284258 137946042775232 take 108 0 0 0 0 0
2146839614284318 137946042775232 subm_beg 1 0 0 0 0 0
2146839614284508 137946042775232 submit 108 0 0 0 0 0
2146839614284568 137946042775232 subm_end 1 0 0 0 0 0
2146839614284598 137946042775232 pump_beg 1 0 0 0 0 0
2146839614429973 137946042775232 feedend 107 0 0 0 0 0
2146839614505000 137946042775232 feedend 107 1 0 0 0 0
2146839617541040 137946042775232 outfirst 107 1 65536 0 0 0
2146839618011223 137946042775232 outfirst 107 0 65536 0 0 0
2146839618029632 137946042775232 pump_end 1 2 0 0 0 0
2146839618029692 137946042775232 join_beg 1 0 0 0 0 0
2146839618029722 137946042775232 join_end 0 0 0 0 0 0
2146839618029802 137946042775232 book_beg 1 0 0 0 0 0
2146839618029872 137946042775232 batch 108 1 1 2 2 0
2146839618029902 137946042775232 book_end 1 0 0 0 0 0
2146839618029922 137946042775232 coll_beg 0 0 0 0 0 0
2146839618103119 137946042775232 coll_end 0 0 0 0 0 0
2146839618103149 137946042775232 rel_beg 1 0 0 0 0 0
2146839618103219 137946042775232 absorb 108 0 0 0 0 0
2146839618104769 137946042775232 rel_end 1 0 0 0 0 0
2146839618105859 137946042775232 wait_beg 0 0 0 0 0 0
2146839614268619 137946056009600 msgin 108 4718592 0 0 0 0
2146839614268809 137946056009600 enq 108 1 0 0 0 0
2146839618113189 137946056009600 ackslot 108 107 108 107 1 0
2146839618164517 137946056009600 send 18 0 0 107 107 2
2146839618578522 137946056009600 send 177262 0 0 107 107 2
2146839618916510 137946056009600 send 144237 0 0 107 107 2
2146839618919619 137946056009600 send 14 0 0 107 107 2
2146839618919789 137946056009600 egress 108 1 0 107 0 0
2146839618919899 137946056009600 ackregion 108 108 108 107 1 0
2146839619832816 137946056009600 cliack 108 0 109 108 0 0
2146839618124248 137945960937152 emit_beg 108 0 0 0 0 0
2146839618130158 137945960937152 dmg 0 1 0 0 1024 768
2146839618130298 137945960937152 enc 107 107 1 -1 -1 0
2146839618154697 137945960937152 emit_end 108 0 0 0 0 0
2146839629744754 137946042775232 wait_end 0 0 0 0 0 0
2146839629745854 137946042775232 drain_beg 0 0 0 0 0 0
2146839629745984 137946042775232 drain_end 1 0 0 0 0 0
2146839629746084 137946042775232 take 109 0 0 0 0 0
2146839629746164 137946042775232 subm_beg 1 0 0 0 0 0
2146839629746274 137946042775232 submit 109 0 0 0 0 0
2146839629746304 137946042775232 subm_end 1 0 0 0 0 0
2146839629746334 137946042775232 pump_beg 1 0 0 0 0 0
2146839630200888 137946042775232 feedend 108 0 0 0 0 0
2146839630224987 137946042775232 feedend 108 1 0 0 0 0
2146839629739425 137946056009600 msgin 109 4718592 0 0 0 0
2146839629739655 137946056009600 enq 109 1 0 0 0 0
2146839633657332 137946042775232 outfirst 108 1 65536 0 0 0
2146839633946791 137946042775232 outfirst 108 0 65536 0 0 0
2146839633963681 137946042775232 pump_end 1 2 0 0 0 0
2146839633963741 137946042775232 join_beg 1 0 0 0 0 0
2146839633963801 137946042775232 join_end 0 0 0 0 0 0
2146839633963851 137946042775232 book_beg 1 0 0 0 0 0
2146839633963911 137946042775232 batch 109 1 1 2 2 0
2146839633963941 137946042775232 book_end 1 0 0 0 0 0
2146839633963961 137946042775232 coll_beg 0 0 0 0 0 0
2146839634033558 137946042775232 coll_end 0 0 0 0 0 0
2146839634033708 137946042775232 rel_beg 1 0 0 0 0 0
2146839634033888 137946042775232 absorb 109 0 0 0 0 0
2146839634035598 137946042775232 rel_end 1 0 0 0 0 0
2146839634036438 137946042775232 wait_beg 0 0 0 0 0 0
2146839634041528 137946056009600 ackslot 109 108 109 108 1 0
2146839634078366 137946056009600 send 18 0 0 108 108 2
2146839634425534 137946056009600 send 161923 0 0 108 108 2
2146839634699014 137946056009600 send 124857 0 0 108 108 2
2146839634701984 137946056009600 send 14 0 0 108 108 2
2146839634702114 137946056009600 egress 109 1 0 108 0 0
2146839634702204 137946056009600 ackregion 109 109 109 108 1 0
2146839635498465 137946056009600 cliack 109 0 110 109 0 0
2146839634053387 137945960937152 emit_beg 109 0 0 0 0 0
2146839634056927 137945960937152 dmg 0 1 0 0 1024 768
2146839634056967 137945960937152 enc 108 108 1 -1 -1 0
2146839634076996 137945960937152 emit_end 109 0 0 0 0 0
2146839645478650 137946042775232 wait_end 0 0 0 0 0 0
2146839645479830 137946042775232 drain_beg 0 0 0 0 0 0
2146839645479960 137946042775232 drain_end 1 0 0 0 0 0
2146839645480050 137946042775232 take 110 0 0 0 0 0
2146839645480110 137946042775232 subm_beg 1 0 0 0 0 0
2146839645480320 137946042775232 submit 110 0 0 0 0 0
2146839645480350 137946042775232 subm_end 1 0 0 0 0 0
2146839645480370 137946042775232 pump_beg 1 0 0 0 0 0
2146839645688043 137946042775232 feedend 109 0 0 0 0 0
2146839645708202 137946042775232 feedend 109 1 0 0 0 0
2146839649362809 137946042775232 outfirst 109 1 65536 0 0 0
2146839649540702 137946042775232 outfirst 109 0 65536 0 0 0
2146839649561012 137946042775232 pump_end 1 2 0 0 0 0
2146839649561062 137946042775232 join_beg 1 0 0 0 0 0
2146839649561092 137946042775232 join_end 0 0 0 0 0 0
2146839649561132 137946042775232 book_beg 1 0 0 0 0 0
2146839649561332 137946042775232 batch 110 1 1 2 2 0
2146839649561362 137946042775232 book_end 1 0 0 0 0 0
2146839649561382 137946042775232 coll_beg 0 0 0 0 0 0
2146839649642169 137946042775232 coll_end 0 0 0 0 0 0
2146839649642229 137946042775232 rel_beg 1 0 0 0 0 0
2146839649642299 137946042775232 absorb 110 0 0 0 0 0
2146839649643349 137946042775232 rel_end 1 0 0 0 0 0
2146839649643799 137946042775232 wait_beg 0 0 0 0 0 0
2146839645472521 137946056009600 msgin 110 4718592 0 0 0 0
2146839645472741 137946056009600 enq 110 1 0 0 0 0
2146839649648688 137946056009600 ackslot 110 109 110 109 1 0
2146839649680177 137946056009600 send 18 0 0 109 109 2
2146839650167869 137946056009600 send 184739 0 0 109 109 2
2146839649660278 137945960937152 emit_beg 110 0 0 0 0 0
2146839649663648 137945960937152 dmg 0 1 0 0 1024 768
2146839649663728 137945960937152 enc 109 109 1 -1 -1 0
2146839649686967 137945960937152 emit_end 110 0 0 0 0 0
2146839650765748 137946056009600 send 165973 0 0 109 109 2
2146839650773287 137946056009600 send 14 0 0 109 109 2
2146839650773807 137946056009600 egress 110 1 0 109 0 0
2146839650774047 137946056009600 ackregion 110 110 110 109 1 0
2146839651395995 137946056009600 cliack 110 0 111 110 0 0
2146839661831094 137946042775232 wait_end 0 0 0 0 0 0
2146839661832844 137946042775232 drain_beg 0 0 0 0 0 0
2146839661833094 137946042775232 drain_end 1 0 0 0 0 0
2146839661833214 137946042775232 take 111 0 0 0 0 0
2146839661833384 137946042775232 subm_beg 1 0 0 0 0 0
2146839661834044 137946042775232 submit 111 0 0 0 0 0
2146839661834164 137946042775232 subm_end 1 0 0 0 0 0
2146839661834194 137946042775232 pump_beg 1 0 0 0 0 0
2146839662013687 137946042775232 feedend 110 0 0 0 0 0
2146839662022757 137946042775232 feedend 110 1 0 0 0 0
2146839665279698 137946042775232 outfirst 110 1 65536 0 0 0
2146839665760131 137946042775232 outfirst 110 0 65536 0 0 0
2146839665778050 137946042775232 pump_end 1 2 0 0 0 0
2146839665778340 137946042775232 join_beg 1 0 0 0 0 0
2146839665778510 137946042775232 join_end 0 0 0 0 0 0
2146839665778600 137946042775232 book_beg 1 0 0 0 0 0
2146839665778800 137946042775232 batch 111 1 1 2 2 0
2146839665778820 137946042775232 book_end 1 0 0 0 0 0
2146839665778850 137946042775232 coll_beg 0 0 0 0 0 0
2146839665886056 137946042775232 coll_end 0 0 0 0 0 0
2146839665886116 137946042775232 rel_beg 1 0 0 0 0 0
2146839665888996 137946042775232 absorb 111 0 0 0 0 0
2146839665891176 137946042775232 rel_end 1 0 0 0 0 0
2146839665891926 137946042775232 wait_beg 0 0 0 0 0 0
2146839661822224 137946056009600 msgin 111 4718592 0 0 0 0
2146839661822614 137946056009600 enq 111 1 0 0 0 0
2146839665900345 137946056009600 ackslot 111 110 111 110 1 0
2146839665935254 137946056009600 send 18 0 0 110 110 2
2146839666360359 137946056009600 send 181929 0 0 110 110 2
2146839666692727 137946056009600 send 152545 0 0 110 110 2
2146839666695926 137946056009600 send 14 0 0 110 110 2
2146839666696096 137946056009600 egress 111 1 0 110 0 0
2146839666696196 137946056009600 ackregion 111 111 111 110 1 0
2146839667518296 137946056009600 cliack 111 0 112 111 0 0
2146839665895816 137945960937152 emit_beg 111 0 0 0 0 0
2146839665898436 137945960937152 dmg 0 1 0 0 1024 768
2146839665898556 137945960937152 enc 110 110 1 -1 -1 0
2146839665920545 137945960937152 emit_end 111 0 0 0 0 0
2146839677467633 137946042775232 wait_end 0 0 0 0 0 0
2146839677469363 137946042775232 drain_beg 0 0 0 0 0 0
2146839677469533 137946042775232 drain_end 1 0 0 0 0 0
2146839677469663 137946042775232 take 112 0 0 0 0 0
2146839677469793 137946042775232 subm_beg 1 0 0 0 0 0
2146839677470113 137946042775232 submit 112 0 0 0 0 0
2146839677470143 137946042775232 subm_end 1 0 0 0 0 0
2146839677470173 137946042775232 pump_beg 1 0 0 0 0 0
2146839677594719 137946042775232 feedend 111 0 0 0 0 0
2146839677656377 137946042775232 feedend 111 1 0 0 0 0
2146839680685606 137946042775232 outfirst 111 1 65536 0 0 0
2146839677460284 137946056009600 msgin 112 4718592 0 0 0 0
2146839677460524 137946056009600 enq 112 1 0 0 0 0
2146839681141129 137946042775232 outfirst 111 0 65536 0 0 0
2146839681162389 137946042775232 pump_end 1 2 0 0 0 0
2146839681162529 137946042775232 join_beg 1 0 0 0 0 0
2146839681162719 137946042775232 join_end 0 0 0 0 0 0
2146839681162829 137946042775232 book_beg 1 0 0 0 0 0
2146839681162999 137946042775232 batch 112 1 1 2 2 0
2146839681163059 137946042775232 book_end 1 0 0 0 0 0
2146839681163119 137946042775232 coll_beg 0 0 0 0 0 0
2146839681241636 137946042775232 coll_end 0 0 0 0 0 0
2146839681241686 137946042775232 rel_beg 1 0 0 0 0 0
2146839681241756 137946042775232 absorb 112 0 0 0 0 0
2146839681243276 137946042775232 rel_end 1 0 0 0 0 0
2146839681243966 137946042775232 wait_beg 0 0 0 0 0 0
2146839681248555 137946056009600 ackslot 112 111 112 111 1 0
2146839681273175 137946056009600 send 18 0 0 111 111 2
2146839681651561 137946056009600 send 173263 0 0 111 111 2
2146839681982839 137946056009600 send 145359 0 0 111 111 2
2146839681986089 137946056009600 send 14 0 0 111 111 2
2146839681986249 137946056009600 egress 112 1 0 111 0 0
2146839681986339 137946056009600 ackregion 112 112 112 111 1 0
2146839682630125 137946056009600 cliack 112 0 113 112 0 0
2146839681249445 137945960937152 emit_beg 112 0 0 0 0 0
2146839681253075 137945960937152 dmg 0 1 0 0 1024 768
2146839681253195 137945960937152 enc 111 111 1 -1 -1 0
2146839681279564 137945960937152 emit_end 112 0 0 0 0 0
2146839694116806 137946042775232 wait_end 0 0 0 0 0 0
2146839694118226 137946042775232 drain_beg 0 0 0 0 0 0
2146839694118426 137946042775232 drain_end 1 0 0 0 0 0
2146839694118506 137946042775232 take 113 0 0 0 0 0
2146839694118876 137946042775232 subm_beg 1 0 0 0 0 0
2146839694119266 137946042775232 submit 113 0 0 0 0 0
2146839694119296 137946042775232 subm_end 1 0 0 0 0 0
2146839694119336 137946042775232 pump_beg 1 0 0 0 0 0
2146839694252481 137946042775232 feedend 112 0 0 0 0 0
2146839694299959 137946042775232 feedend 112 1 0 0 0 0
2146839696991061 137946042775232 outfirst 112 1 65536 0 0 0
2146839697569150 137946042775232 outfirst 112 0 65536 0 0 0
2146839697585069 137946042775232 pump_end 1 2 0 0 0 0
2146839697585269 137946042775232 join_beg 1 0 0 0 0 0
2146839697585369 137946042775232 join_end 0 0 0 0 0 0
2146839697585479 137946042775232 book_beg 1 0 0 0 0 0
2146839697585759 137946042775232 batch 113 1 1 2 2 0
2146839697585789 137946042775232 book_end 1 0 0 0 0 0
2146839697585819 137946042775232 coll_beg 0 0 0 0 0 0
2146839697651777 137946042775232 coll_end 0 0 0 0 0 0
2146839697651947 137946042775232 rel_beg 1 0 0 0 0 0
2146839697652017 137946042775232 absorb 113 0 0 0 0 0
2146839697653427 137946042775232 rel_end 1 0 0 0 0 0
2146839697654167 137946042775232 wait_beg 0 0 0 0 0 0
2146839694104527 137946056009600 msgin 113 4718592 0 0 0 0
2146839694105787 137946056009600 enq 113 1 0 0 0 0
2146839697662907 137946056009600 ackslot 113 112 113 112 1 0
2146839697711205 137946056009600 send 18 0 0 112 112 2
2146839698145759 137946056009600 send 151591 0 0 112 112 2
2146839698392970 137946056009600 send 113007 0 0 112 112 2
2146839698396020 137946056009600 send 14 0 0 112 112 2
2146839698396180 137946056009600 egress 113 1 0 112 0 0
2146839698396270 137946056009600 ackregion 113 113 113 112 1 0
2146839698862553 137946056009600 cliack 113 0 114 113 0 0
2146839697658257 137945960937152 emit_beg 113 0 0 0 0 0
2146839697660187 137945960937152 dmg 0 1 0 0 1024 768
2146839697660237 137945960937152 enc 112 112 1 -1 -1 0
2146839697677556 137945960937152 emit_end 113 0 0 0 0 0
2146839709435417 137946042775232 wait_end 0 0 0 0 0 0
2146839709436817 137946042775232 drain_beg 0 0 0 0 0 0
2146839709437037 137946042775232 drain_end 1 0 0 0 0 0
2146839709437107 137946042775232 take 114 0 0 0 0 0
2146839709437357 137946042775232 subm_beg 1 0 0 0 0 0
2146839709437557 137946042775232 submit 114 0 0 0 0 0
2146839709437617 137946042775232 subm_end 1 0 0 0 0 0
2146839709437647 137946042775232 pump_beg 1 0 0 0 0 0
2146839709577012 137946042775232 feedend 113 0 0 0 0 0
2146839709618251 137946042775232 feedend 113 1 0 0 0 0
2146839709428017 137946056009600 msgin 114 4718592 0 0 0 0
2146839709428977 137946056009600 enq 114 1 0 0 0 0
2146839712555383 137946042775232 outfirst 113 1 65536 0 0 0
2146839713076334 137946042775232 outfirst 113 0 65536 0 0 0
2146839713099754 137946042775232 pump_end 1 2 0 0 0 0
2146839713099924 137946042775232 join_beg 1 0 0 0 0 0
2146839713100134 137946042775232 join_end 0 0 0 0 0 0
2146839713100194 137946042775232 book_beg 1 0 0 0 0 0
2146839713100334 137946042775232 batch 114 1 1 2 2 0
2146839713100354 137946042775232 book_end 1 0 0 0 0 0
2146839713100384 137946042775232 coll_beg 0 0 0 0 0 0
2146839713171271 137946042775232 coll_end 0 0 0 0 0 0
2146839713171301 137946042775232 rel_beg 1 0 0 0 0 0
2146839713171411 137946042775232 absorb 114 0 0 0 0 0
2146839713173061 137946042775232 rel_end 1 0 0 0 0 0
2146839713173821 137946042775232 wait_beg 0 0 0 0 0 0
2146839713181921 137946056009600 ackslot 114 113 114 113 1 0
2146839713236159 137946056009600 send 18 0 0 113 113 2
2146839713728651 137946056009600 send 163161 0 0 113 113 2
2146839714114696 137946056009600 send 133734 0 0 113 113 2
2146839714117846 137946056009600 send 14 0 0 113 113 2
2146839714117986 137946056009600 egress 114 1 0 113 0 0
2146839714118066 137946056009600 ackregion 114 114 114 113 1 0
2146839714569440 137946056009600 cliack 114 0 115 114 0 0
2146839713191880 137945960937152 emit_beg 114 0 0 0 0 0
2146839713196370 137945960937152 dmg 0 1 0 0 1024 768
2146839713196610 137945960937152 enc 113 113 1 -1 -1 0
2146839713219979 137945960937152 emit_end 114 0 0 0 0 0
2146839726262413 137946042775232 wait_end 0 0 0 0 0 0
2146839726263433 137946042775232 drain_beg 0 0 0 0 0 0
2146839726263633 137946042775232 drain_end 1 0 0 0 0 0
2146839726263733 137946042775232 take 115 0 0 0 0 0
2146839726263833 137946042775232 subm_beg 1 0 0 0 0 0
2146839726263903 137946042775232 submit 115 0 0 0 0 0
2146839726263933 137946042775232 subm_end 1 0 0 0 0 0
2146839726263953 137946042775232 pump_beg 1 0 0 0 0 0
2146839726413608 137946042775232 feedend 114 0 0 0 0 0
2146839726439417 137946042775232 feedend 114 1 0 0 0 0
2146839729696488 137946042775232 outfirst 114 1 65536 0 0 0
2146839730171201 137946042775232 outfirst 114 0 65536 0 0 0
2146839730227039 137946042775232 pump_end 1 2 0 0 0 0
2146839730227089 137946042775232 join_beg 1 0 0 0 0 0
2146839730227279 137946042775232 join_end 0 0 0 0 0 0
2146839730227369 137946042775232 book_beg 1 0 0 0 0 0
2146839730227499 137946042775232 batch 115 1 1 2 2 0
2146839730227549 137946042775232 book_end 1 0 0 0 0 0
2146839730227599 137946042775232 coll_beg 0 0 0 0 0 0
2146839730358484 137946042775232 coll_end 0 0 0 0 0 0
2146839730358554 137946042775232 rel_beg 1 0 0 0 0 0
2146839730358674 137946042775232 absorb 115 0 0 0 0 0
2146839730360184 137946042775232 rel_end 1 0 0 0 0 0
2146839730360824 137946042775232 wait_beg 0 0 0 0 0 0
2146839726258123 137946056009600 msgin 115 4718592 0 0 0 0
2146839726258393 137946056009600 enq 115 1 0 0 0 0
2146839730365034 137946056009600 ackslot 115 114 115 114 1 0
2146839730390383 137946056009600 send 18 0 0 114 114 2
2146839730800678 137946056009600 send 193513 0 0 114 114 2
2146839731155145 137946056009600 send 166768 0 0 114 114 2
2146839731159135 137946056009600 send 14 0 0 114 114 2
2146839731159275 137946056009600 egress 115 1 0 114 0 0
2146839731159305 137946056009600 ackregion 115 115 115 114 1 0
2146839730366224 137945960937152 emit_beg 115 0 0 0 0 0
2146839730370593 137945960937152 dmg 0 1 0 0 1024 768
2146839730370673 137945960937152 enc 114 114 1 -1 -1 0
2146839730395063 137945960937152 emit_end 115 0 0 0 0 0
2146839731572159 137946056009600 cliack 115 0 116 115 0 0
2146839742377305 137946042775232 wait_end 0 0 0 0 0 0
2146839742378965 137946042775232 drain_beg 0 0 0 0 0 0
2146839742379065 137946042775232 drain_end 1 0 0 0 0 0
2146839742379155 137946042775232 take 116 0 0 0 0 0
2146839742379285 137946042775232 subm_beg 1 0 0 0 0 0
2146839742379405 137946042775232 submit 116 0 0 0 0 0
2146839742379445 137946042775232 subm_end 1 0 0 0 0 0
2146839742379485 137946042775232 pump_beg 1 0 0 0 0 0
2146839742520660 137946042775232 feedend 115 0 0 0 0 0
2146839742560749 137946042775232 feedend 115 1 0 0 0 0
2146839745557809 137946042775232 outfirst 115 1 65536 0 0 0
2146839746123299 137946042775232 outfirst 115 0 65536 0 0 0
2146839746166677 137946042775232 pump_end 1 2 0 0 0 0
2146839746166757 137946042775232 join_beg 1 0 0 0 0 0
2146839746166807 137946042775232 join_end 0 0 0 0 0 0
2146839746166907 137946042775232 book_beg 1 0 0 0 0 0
2146839746167017 137946042775232 batch 116 1 1 2 2 0
2146839746167047 137946042775232 book_end 1 0 0 0 0 0
2146839746167077 137946042775232 coll_beg 0 0 0 0 0 0
2146839746243344 137946042775232 coll_end 0 0 0 0 0 0
2146839746243404 137946042775232 rel_beg 1 0 0 0 0 0
2146839746243474 137946042775232 absorb 116 0 0 0 0 0
2146839746244804 137946042775232 rel_end 1 0 0 0 0 0
2146839746245394 137946042775232 wait_beg 0 0 0 0 0 0
2146839742371196 137946056009600 msgin 116 4718592 0 0 0 0
2146839742371306 137946056009600 enq 116 1 0 0 0 0
2146839746250014 137946056009600 ackslot 116 115 116 115 1 0
2146839746280733 137946056009600 send 18 0 0 115 115 2
2146839746653189 137946056009600 send 175629 0 0 115 115 2
2146839746960998 137946056009600 send 143826 0 0 115 115 2
2146839746963968 137946056009600 send 14 0 0 115 115 2
2146839746964088 137946056009600 egress 116 1 0 115 0 0
2146839746964118 137946056009600 ackregion 116 116 116 115 1 0
2146839747710901 137946056009600 cliack 116 0 117 116 0 0
2146839746261494 137945960937152 emit_beg 116 0 0 0 0 0
2146839746264844 137945960937152 dmg 0 1 0 0 1024 768
2146839746264924 137945960937152 enc 115 115 1 -1 -1 0
2146839746288093 137945960937152 emit_end 116 0 0 0 0 0
2146839757552172 137946042775232 wait_end 0 0 0 0 0 0
2146839757553832 137946042775232 drain_beg 0 0 0 0 0 0
2146839757553972 137946042775232 drain_end 1 0 0 0 0 0
2146839757554102 137946042775232 take 117 0 0 0 0 0
2146839757554242 137946042775232 subm_beg 1 0 0 0 0 0
2146839757554352 137946042775232 submit 117 0 0 0 0 0
2146839757554402 137946042775232 subm_end 1 0 0 0 0 0
2146839757554432 137946042775232 pump_beg 1 0 0 0 0 0
2146839757701336 137946042775232 feedend 116 0 0 0 0 0
2146839757726225 137946042775232 feedend 116 1 0 0 0 0
2146839760578051 137946042775232 outfirst 116 1 65536 0 0 0
2146839761071203 137946042775232 outfirst 116 0 65536 0 0 0
2146839761087743 137946042775232 pump_end 1 2 0 0 0 0
2146839761087853 137946042775232 join_beg 1 0 0 0 0 0
2146839761087953 137946042775232 join_end 0 0 0 0 0 0
2146839761088063 137946042775232 book_beg 1 0 0 0 0 0
2146839761088143 137946042775232 batch 117 1 1 2 2 0
2146839761088183 137946042775232 book_end 1 0 0 0 0 0
2146839761088213 137946042775232 coll_beg 0 0 0 0 0 0
2146839761155910 137946042775232 coll_end 0 0 0 0 0 0
2146839761155960 137946042775232 rel_beg 1 0 0 0 0 0
2146839761156060 137946042775232 absorb 117 0 0 0 0 0
2146839761157560 137946042775232 rel_end 1 0 0 0 0 0
2146839761158170 137946042775232 wait_beg 0 0 0 0 0 0
2146839757545832 137946056009600 msgin 117 4718592 0 0 0 0
2146839757545922 137946056009600 enq 117 1 0 0 0 0
2146839761162350 137946056009600 ackslot 117 116 117 116 1 0
2146839761195119 137946056009600 send 18 0 0 116 116 2
2146839761175100 137945960937152 emit_beg 117 0 0 0 0 0
2146839761178779 137945960937152 dmg 0 1 0 0 1024 768
2146839761178879 137945960937152 enc 116 116 1 -1 -1 0
2146839761198989 137945960937152 emit_end 117 0 0 0 0 0
2146839761513887 137946056009600 send 153892 0 0 116 116 2
2146839761788427 137946056009600 send 129097 0 0 116 116 2
2146839761791457 137946056009600 send 14 0 0 116 116 2
2146839761791577 137946056009600 egress 117 1 0 116 0 0
2146839761791597 137946056009600 ackregion 117 117 117 116 1 0
2146839762573159 137946056009600 cliack 117 0 118 117 0 0
2146839773506660 137946042775232 wait_end 0 0 0 0 0 0
2146839773508150 137946042775232 drain_beg 0 0 0 0 0 0
2146839773508340 137946042775232 drain_end 1 0 0 0 0 0
2146839773508450 137946042775232 take 118 0 0 0 0 0
2146839773508590 137946042775232 subm_beg 1 0 0 0 0 0
2146839773508700 137946042775232 submit 118 0 0 0 0 0
2146839773508740 137946042775232 subm_end 1 0 0 0 0 0
2146839773508780 137946042775232 pump_beg 1 0 0 0 0 0
2146839773645535 137946042775232 feedend 117 0 0 0 0 0
2146839773671044 137946042775232 feedend 117 1 0 0 0 0
2146839776328037 137946042775232 outfirst 117 1 65536 0 0 0
2146839776786530 137946042775232 outfirst 117 0 65536 0 0 0
2146839776798640 137946042775232 pump_end 1 2 0 0 0 0
2146839776798700 137946042775232 join_beg 1 0 0 0 0 0
2146839776798910 137946042775232 join_end 0 0 0 0 0 0
2146839776798990 137946042775232 book_beg 1 0 0 0 0 0
2146839776799080 137946042775232 batch 118 1 1 2 2 0
2146839776799110 137946042775232 book_end 1 0 0 0 0 0
2146839776799140 137946042775232 coll_beg 0 0 0 0 0 0
2146839776858467 137946042775232 coll_end 0 0 0 0 0 0
2146839776858507 137946042775232 rel_beg 1 0 0 0 0 0
2146839776858607 137946042775232 absorb 118 0 0 0 0 0
2146839776859957 137946042775232 rel_end 1 0 0 0 0 0
2146839776860557 137946042775232 wait_beg 0 0 0 0 0 0
2146839777677978 137946042775232 wait_end 0 0 0 0 0 0
2146839777679087 137946042775232 drain_beg 0 0 0 0 0 0
2146839777679217 137946042775232 drain_end 1 0 0 0 0 0
2146839777679317 137946042775232 take 119 0 0 0 0 0
2146839777679407 137946042775232 subm_beg 1 0 0 0 0 0
2146839777679487 137946042775232 submit 119 0 0 0 0 0
2146839777679517 137946042775232 subm_end 1 0 0 0 0 0
2146839777679547 137946042775232 pump_beg 1 0 0 0 0 0
2146839777814503 137946042775232 feedend 118 0 0 0 0 0
2146839777821332 137946042775232 feedend 118 1 0 0 0 0
2146839780466026 137946042775232 outfirst 118 1 65536 0 0 0
2146839780842712 137946042775232 outfirst 118 0 65536 0 0 0
2146839780864271 137946042775232 pump_end 1 2 0 0 0 0
2146839780864341 137946042775232 join_beg 1 0 0 0 0 0
2146839780864391 137946042775232 join_end 0 0 0 0 0 0
2146839780864481 137946042775232 book_beg 1 0 0 0 0 0
2146839780864601 137946042775232 batch 119 1 1 2 2 0
2146839780864631 137946042775232 book_end 1 0 0 0 0 0
2146839780864661 137946042775232 coll_beg 0 0 0 0 0 0
2146839780923489 137946042775232 coll_end 0 0 0 0 0 0
2146839780923539 137946042775232 rel_beg 1 0 0 0 0 0
2146839780923629 137946042775232 absorb 119 0 0 0 0 0
2146839780925199 137946042775232 rel_end 1 0 0 0 0 0
2146839780925809 137946042775232 wait_beg 0 0 0 0 0 0
2146839773500780 137946056009600 msgin 118 4718592 0 0 0 0
2146839773500890 137946056009600 enq 118 1 0 0 0 0
2146839776864297 137946056009600 ackslot 118 117 118 117 1 0
2146839776883547 137946056009600 send 18 0 0 117 117 2
2146839777174326 137946056009600 send 127478 0 0 117 117 2
2146839777392458 137946056009600 send 103215 0 0 117 117 2
2146839777395628 137946056009600 send 14 0 0 117 117 2
2146839777395728 137946056009600 egress 118 1 0 117 0 0
2146839777395758 137946056009600 ackregion 118 118 118 117 1 0
2146839777673848 137946056009600 msgin 119 4718592 0 0 0 0
2146839777673958 137946056009600 enq 119 1 0 0 0 0
2146839777834052 137946056009600 cliack 118 0 119 118 0 0
2146839780929999 137946056009600 ackslot 119 118 119 118 1 0
2146839780938179 137946056009600 send 18 0 0 118 118 2
2146839781224068 137946056009600 send 125085 0 0 118 118 2
2146839781439890 137946056009600 send 102149 0 0 118 118 2
2146839781445400 137946056009600 send 14 0 0 118 118 2
2146839781445500 137946056009600 egress 119 1 0 118 0 0
2146839781445530 137946056009600 ackregion 119 119 119 118 1 0
2146839776871737 137945960937152 emit_beg 118 0 0 0 0 0
2146839776873887 137945960937152 dmg 0 1 0 0 1024 768
2146839776873927 137945960937152 enc 117 117 1 -1 -1 0
2146839776887476 137945960937152 emit_end 118 0 0 0 0 0
2146839780929339 137945960937152 emit_beg 119 0 0 0 0 0
2146839780930889 137945960937152 dmg 0 1 0 0 1024 768
2146839780930939 137945960937152 enc 118 118 1 -1 -1 0
2146839780944688 137945960937152 emit_end 119 0 0 0 0 0
2146839781732710 137946042775232 wait_end 0 0 0 0 0 0
2146839781734099 137946042775232 drain_beg 0 0 0 0 0 0
2146839781734229 137946042775232 drain_end 1 0 0 0 0 0
2146839781734339 137946042775232 take 120 0 0 0 0 0
2146839781734459 137946042775232 subm_beg 1 0 0 0 0 0
2146839781734669 137946042775232 submit 120 0 0 0 0 0
2146839781734699 137946042775232 subm_end 1 0 0 0 0 0
2146839781734729 137946042775232 pump_beg 1 0 0 0 0 0
2146839781860835 137946042775232 feedend 119 0 0 0 0 0
2146839781882644 137946042775232 feedend 119 1 0 0 0 0
2146839784740500 137946042775232 outfirst 119 1 65536 0 0 0
2146839785278400 137946042775232 outfirst 119 0 65536 0 0 0
2146839785293040 137946042775232 pump_end 1 2 0 0 0 0
2146839785293100 137946042775232 join_beg 1 0 0 0 0 0
2146839785293180 137946042775232 join_end 0 0 0 0 0 0
2146839785293250 137946042775232 book_beg 1 0 0 0 0 0
2146839785293330 137946042775232 batch 120 1 1 2 2 0
2146839785293370 137946042775232 book_end 1 0 0 0 0 0
2146839785293400 137946042775232 coll_beg 0 0 0 0 0 0
2146839785372467 137946042775232 coll_end 0 0 0 0 0 0
2146839785372517 137946042775232 rel_beg 1 0 0 0 0 0
2146839785372607 137946042775232 absorb 120 0 0 0 0 0
2146839785373957 137946042775232 rel_end 1 0 0 0 0 0
2146839785374677 137946042775232 wait_beg 0 0 0 0 0 0
2146839786306823 137946042775232 wait_end 0 0 0 0 0 0
2146839786308323 137946042775232 drain_beg 0 0 0 0 0 0
2146839786308443 137946042775232 drain_end 1 0 0 0 0 0
2146839786308533 137946042775232 take 121 0 0 0 0 0
2146839786308643 137946042775232 subm_beg 1 0 0 0 0 0
2146839786308753 137946042775232 submit 121 0 0 0 0 0
2146839786308793 137946042775232 subm_end 1 0 0 0 0 0
2146839786308833 137946042775232 pump_beg 1 0 0 0 0 0
2146839786453947 137946042775232 feedend 120 0 0 0 0 0
2146839786471247 137946042775232 feedend 120 1 0 0 0 0
2146839789257615 137946042775232 outfirst 120 1 65536 0 0 0
2146839789741427 137946042775232 outfirst 120 0 65536 0 0 0
2146839789760987 137946042775232 pump_end 1 2 0 0 0 0
2146839789761047 137946042775232 join_beg 1 0 0 0 0 0
2146839789761107 137946042775232 join_end 0 0 0 0 0 0
2146839789761237 137946042775232 book_beg 1 0 0 0 0 0
2146839789761317 137946042775232 batch 121 1 1 2 2 0
2146839789761347 137946042775232 book_end 1 0 0 0 0 0
2146839789761377 137946042775232 coll_beg 0 0 0 0 0 0
2146839789839884 137946042775232 coll_end 0 0 0 0 0 0
2146839789839934 137946042775232 rel_beg 1 0 0 0 0 0
2146839789840084 137946042775232 absorb 121 0 0 0 0 0
2146839789841634 137946042775232 rel_end 1 0 0 0 0 0
2146839789842394 137946042775232 wait_beg 0 0 0 0 0 0
2146839789842924 137946042775232 wait_end 0 0 0 0 0 0
2146839789844224 137946042775232 drain_beg 0 0 0 0 0 0
2146839789844284 137946042775232 drain_end 1 0 0 0 0 0
2146839789844404 137946042775232 take 122 0 0 0 0 0
2146839789844504 137946042775232 subm_beg 1 0 0 0 0 0
2146839789844574 137946042775232 submit 122 0 0 0 0 0
2146839789844604 137946042775232 subm_end 1 0 0 0 0 0
2146839789844634 137946042775232 pump_beg 1 0 0 0 0 0
2146839789976489 137946042775232 feedend 121 0 0 0 0 0
2146839790014967 137946042775232 feedend 121 1 0 0 0 0
2146839781728220 137946056009600 msgin 120 4718592 0 0 0 0
2146839781728440 137946056009600 enq 120 1 0 0 0 0
2146839782182263 137946056009600 cliack 119 0 120 119 0 0
2146839785378317 137946056009600 ackslot 120 119 120 119 1 0
2146839785393346 137946056009600 send 18 0 0 119 119 2
2146839785845279 137946056009600 send 153483 0 0 119 119 2
2146839786219836 137946056009600 send 126021 0 0 119 119 2
2146839786224066 137946056009600 send 14 0 0 119 119 2
2146839786224436 137946056009600 egress 120 1 0 119 0 0
2146839786224516 137946056009600 ackregion 120 120 120 119 1 0
2146839786300853 137946056009600 msgin 121 4718592 0 0 0 0
2146839786300993 137946056009600 enq 121 1 0 0 0 0
2146839786615641 137946056009600 cliack 120 0 121 120 0 0
2146839789561764 137946056009600 msgin 122 4718592 0 0 0 0
2146839789561844 137946056009600 enq 122 1 0 0 0 0
2146839789845554 137946056009600 ackslot 121 120 121 120 1 0
2146839789862873 137946056009600 send 18 0 0 120 120 2
2146839790315976 137946056009600 send 151430 0 0 120 120 2
2146839790685923 137946056009600 send 124454 0 0 120 120 2
2146839790693603 137946056009600 send 14 0 0 120 120 2
2146839790693843 137946056009600 egress 121 1 0 120 0 0
2146839790693953 137946056009600 ackregion 121 121 121 120 1 0
2146839791088088 137946056009600 cliack 121 0 122 121 0 0
2146839785380036 137945960937152 emit_beg 120 0 0 0 0 0
2146839785381666 137945960937152 dmg 0 1 0 0 1024 768
2146839785381736 137945960937152 enc 119 119 1 -1 -1 0
2146839785401756 137945960937152 emit_end 120 0 0 0 0 0
2146839789847304 137945960937152 emit_beg 121 0 0 0 0 0
2146839789849683 137945960937152 dmg 0 1 0 0 1024 768
2146839789849753 137945960937152 enc 120 120 1 -1 -1 0
2146839789867563 137945960937152 emit_end 121 0 0 0 0 0
2146839793162083 137946042775232 outfirst 121 1 65536 0 0 0
2146839793512170 137946042775232 outfirst 121 0 65536 0 0 0
2146839793531899 137946042775232 pump_end 1 2 0 0 0 0
2146839793533259 137946042775232 join_beg 1 0 0 0 0 0
2146839793533399 137946042775232 join_end 0 0 0 0 0 0
2146839793533469 137946042775232 book_beg 1 0 0 0 0 0
2146839793533559 137946042775232 batch 122 1 1 2 2 0
2146839793533589 137946042775232 book_end 1 0 0 0 0 0
2146839793533619 137946042775232 coll_beg 0 0 0 0 0 0
2146839793628946 137946042775232 coll_end 0 0 0 0 0 0
2146839793628996 137946042775232 rel_beg 1 0 0 0 0 0
2146839793629146 137946042775232 absorb 122 0 0 0 0 0
2146839793630746 137946042775232 rel_end 1 0 0 0 0 0
2146839793631485 137946042775232 wait_beg 0 0 0 0 0 0
2146839794593150 137946042775232 wait_end 0 0 0 0 0 0
2146839794594620 137946042775232 drain_beg 0 0 0 0 0 0
2146839794594770 137946042775232 drain_end 1 0 0 0 0 0
2146839794594900 137946042775232 take 123 0 0 0 0 0
2146839794595030 137946042775232 subm_beg 1 0 0 0 0 0
2146839794595180 137946042775232 submit 123 0 0 0 0 0
2146839794595220 137946042775232 subm_end 1 0 0 0 0 0
2146839794595260 137946042775232 pump_beg 1 0 0 0 0 0
2146839794735355 137946042775232 feedend 122 0 0 0 0 0
2146839794756154 137946042775232 feedend 122 1 0 0 0 0
2146839798084303 137946042775232 outfirst 122 1 65536 0 0 0
2146839798505218 137946042775232 outfirst 122 0 65536 0 0 0
2146839798532927 137946042775232 pump_end 1 2 0 0 0 0
2146839798533297 137946042775232 join_beg 1 0 0 0 0 0
2146839798533627 137946042775232 join_end 0 0 0 0 0 0
2146839798533687 137946042775232 book_beg 1 0 0 0 0 0
2146839798533857 137946042775232 batch 123 1 1 2 2 0
2146839798533897 137946042775232 book_end 1 0 0 0 0 0
2146839798533947 137946042775232 coll_beg 0 0 0 0 0 0
2146839798645463 137946042775232 coll_end 0 0 0 0 0 0
2146839798645523 137946042775232 rel_beg 1 0 0 0 0 0
2146839798645753 137946042775232 absorb 123 0 0 0 0 0
2146839798648492 137946042775232 rel_end 1 0 0 0 0 0
2146839798649892 137946042775232 wait_beg 0 0 0 0 0 0
2146839793635405 137946056009600 ackslot 122 121 122 121 1 0
2146839793645345 137946056009600 send 18 0 0 121 121 2
2146839794146657 137946056009600 send 181374 0 0 121 121 2
2146839794501384 137946056009600 send 158665 0 0 121 121 2
2146839794505284 137946056009600 send 14 0 0 121 121 2
2146839794505594 137946056009600 egress 122 1 0 121 0 0
2146839794505694 137946056009600 ackregion 122 122 122 121 1 0
2146839794588241 137946056009600 msgin 123 4718592 0 0 0 0
2146839794588381 137946056009600 enq 123 1 0 0 0 0
2146839795079163 137946056009600 cliack 122 0 123 122 0 0
2146839798655552 137946056009600 ackslot 123 122 123 122 1 0
2146839798688371 137946056009600 send 18 0 0 122 122 2
2146839799150774 137946056009600 send 201520 0 0 122 122 2
2146839799532290 137946056009600 send 178357 0 0 122 122 2
2146839799538970 137946056009600 send 14 0 0 122 122 2
2146839799539130 137946056009600 egress 123 1 0 122 0 0
2146839799539200 137946056009600 ackregion 123 123 123 122 1 0
2146839800024752 137946056009600 cliack 123 0 124 123 0 0
2146839793636085 137945960937152 emit_beg 122 0 0 0 0 0
2146839793637125 137945960937152 dmg 0 1 0 0 1024 768
2146839793637175 137945960937152 enc 121 121 1 -1 -1 0
2146839793659404 137945960937152 emit_end 122 0 0 0 0 0
2146839798655622 137945960937152 emit_beg 123 0 0 0 0 0
2146839798658162 137945960937152 dmg 0 1 0 0 1024 768
2146839798658222 137945960937152 enc 122 122 1 -1 -1 0
2146839798682131 137945960937152 emit_end 123 0 0 0 0 0
2146839809611122 137946042775232 wait_end 0 0 0 0 0 0
2146839809612822 137946042775232 drain_beg 0 0 0 0 0 0
2146839809613012 137946042775232 drain_end 1 0 0 0 0 0
2146839809613132 137946042775232 take 124 0 0 0 0 0
2146839809613282 137946042775232 subm_beg 1 0 0 0 0 0
2146839809613492 137946042775232 submit 124 0 0 0 0 0
2146839809613532 137946042775232 subm_end 1 0 0 0 0 0
2146839809613592 137946042775232 pump_beg 1 0 0 0 0 0
2146839809757477 137946042775232 feedend 123 0 0 0 0 0
2146839809799176 137946042775232 feedend 123 1 0 0 0 0
2146839809605743 137946056009600 msgin 124 4718592 0 0 0 0
2146839809605943 137946056009600 enq 124 1 0 0 0 0
2146839812897913 137946042775232 outfirst 123 1 65536 0 0 0
2146839813493581 137946042775232 outfirst 123 0 65536 0 0 0
2146839813524990 137946042775232 pump_end 1 2 0 0 0 0
2146839813525700 137946042775232 join_beg 1 0 0 0 0 0
2146839813527240 137946042775232 join_end 0 0 0 0 0 0
2146839813527330 137946042775232 book_beg 1 0 0 0 0 0
2146839813528740 137946042775232 batch 124 1 1 2 2 0
2146839813528920 137946042775232 book_end 1 0 0 0 0 0
2146839813529110 137946042775232 coll_beg 0 0 0 0 0 0
2146839813694673 137946042775232 coll_end 0 0 0 0 0 0
2146839813695043 137946042775232 rel_beg 1 0 0 0 0 0
2146839813695883 137946042775232 absorb 124 0 0 0 0 0
2146839813705203 137946042775232 rel_end 1 0 0 0 0 0
2146839813708183 137946042775232 wait_beg 0 0 0 0 0 0
2146839813742952 137946056009600 ackslot 124 123 124 123 1 0
2146839813850268 137946056009600 send 18 0 0 123 123 2
2146839814520503 137946056009600 send 177205 0 0 123 123 2
2146839814897150 137946056009600 send 152086 0 0 123 123 2
2146839814900980 137946056009600 send 14 0 0 123 123 2
2146839814901460 137946056009600 egress 124 1 0 123 0 0
2146839814901730 137946056009600 ackregion 124 124 124 123 1 0
2146839815910553 137946056009600 cliack 124 0 125 124 0 0
2146839813714913 137945960937152 emit_beg 124 0 0 0 0 0
2146839813717283 137945960937152 dmg 0 1 0 0 1024 768
2146839813717473 137945960937152 enc 123 123 1 -1 -1 0
2146839813751621 137945960937152 emit_end 124 0 0 0 0 0
2146839825760013 137946042775232 wait_end 0 0 0 0 0 0
2146839825761963 137946042775232 drain_beg 0 0 0 0 0 0
2146839825762183 137946042775232 drain_end 1 0 0 0 0 0
2146839825762343 137946042775232 take 125 0 0 0 0 0
2146839825762713 137946042775232 subm_beg 1 0 0 0 0 0
2146839825763103 137946042775232 submit 125 0 0 0 0 0
2146839825763263 137946042775232 subm_end 1 0 0 0 0 0
2146839825763323 137946042775232 pump_beg 1 0 0 0 0 0
2146839825928077 137946042775232 feedend 124 0 0 0 0 0
2146839825971526 137946042775232 feedend 124 1 0 0 0 0
2146839828779833 137946042775232 outfirst 124 1 65536 0 0 0
2146839829315414 137946042775232 outfirst 124 0 65536 0 0 0
2146839829333293 137946042775232 pump_end 1 2 0 0 0 0
2146839829333463 137946042775232 join_beg 1 0 0 0 0 0
2146839829333663 137946042775232 join_end 0 0 0 0 0 0
2146839829333943 137946042775232 book_beg 1 0 0 0 0 0
2146839829334103 137946042775232 batch 125 1 1 2 2 0
2146839829334253 137946042775232 book_end 1 0 0 0 0 0
2146839829334403 137946042775232 coll_beg 0 0 0 0 0 0
2146839829460698 137946042775232 coll_end 0 0 0 0 0 0
2146839829460938 137946042775232 rel_beg 1 0 0 0 0 0
2146839829461278 137946042775232 absorb 125 0 0 0 0 0
2146839829464708 137946042775232 rel_end 1 0 0 0 0 0
2146839829466528 137946042775232 wait_beg 0 0 0 0 0 0
2146839825749594 137946056009600 msgin 125 4718592 0 0 0 0
2146839825750074 137946056009600 enq 125 1 0 0 0 0
2146839829475988 137946056009600 ackslot 125 124 125 124 1 0
2146839829527636 137946056009600 send 18 0 0 124 124 2
2146839829869463 137946056009600 send 154349 0 0 124 124 2
2146839830149683 137946056009600 send 118070 0 0 124 124 2
2146839830153263 137946056009600 send 14 0 0 124 124 2
2146839830153423 137946056009600 egress 125 1 0 124 0 0
2146839830153513 137946056009600 ackregion 125 125 125 124 1 0
2146839830880407 137946056009600 cliack 125 0 126 125 0 0
2146839829484277 137945960937152 emit_beg 125 0 0 0 0 0
2146839829490937 137945960937152 dmg 0 1 0 0 1024 768
2146839829491227 137945960937152 enc 124 124 1 -1 -1 0
2146839829518926 137945960937152 emit_end 125 0 0 0 0 0
2146839841503709 137946042775232 wait_end 0 0 0 0 0 0
2146839841506349 137946042775232 drain_beg 0 0 0 0 0 0
2146839841510669 137946042775232 drain_end 1 0 0 0 0 0
2146839841510829 137946042775232 take 126 0 0 0 0 0
2146839841511019 137946042775232 subm_beg 1 0 0 0 0 0
2146839841511499 137946042775232 submit 126 0 0 0 0 0
2146839841511679 137946042775232 subm_end 1 0 0 0 0 0
2146839841511749 137946042775232 pump_beg 1 0 0 0 0 0
2146839841480460 137946056009600 msgin 126 4718592 0 0 0 0
2146839841480680 137946056009600 enq 126 1 0 0 0 0
2146839842169135 137946042775232 feedend 125 0 0 0 0 0
2146839842194864 137946042775232 feedend 125 1 0 0 0 0
2146839845882889 137946042775232 outfirst 125 1 65536 0 0 0
2146839846324503 137946042775232 outfirst 125 0 65536 0 0 0
2146839846388321 137946042775232 pump_end 1 2 0 0 0 0
2146839846389061 137946042775232 join_beg 1 0 0 0 0 0
2146839846390531 137946042775232 join_end 0 0 0 0 0 0
2146839846390641 137946042775232 book_beg 1 0 0 0 0 0
2146839846391961 137946042775232 batch 126 1 1 2 2 0
2146839846392101 137946042775232 book_end 1 0 0 0 0 0
2146839846392251 137946042775232 coll_beg 0 0 0 0 0 0
2146839846591303 137946042775232 coll_end 0 0 0 0 0 0
2146839846591553 137946042775232 rel_beg 1 0 0 0 0 0
2146839846592403 137946042775232 absorb 126 0 0 0 0 0
2146839846601103 137946042775232 rel_end 1 0 0 0 0 0
2146839846603703 137946042775232 wait_beg 0 0 0 0 0 0
2146839846642521 137946056009600 ackslot 126 125 126 125 1 0
2146839846810925 137946056009600 send 18 0 0 125 125 2
2146839847468991 137946056009600 send 198403 0 0 125 125 2
2146839847891296 137946056009600 send 179372 0 0 125 125 2
2146839847895316 137946056009600 send 14 0 0 125 125 2
2146839847895836 137946056009600 egress 126 1 0 125 0 0
2146839847896096 137946056009600 ackregion 126 126 126 125 1 0
2146839849064693 137946056009600 cliack 126 0 127 126 0 0
2146839846621412 137945960937152 emit_beg 126 0 0 0 0 0
2146839846624902 137945960937152 dmg 0 1 0 0 1024 768
2146839846625132 137945960937152 enc 125 125 1 -1 -1 0
2146839846658321 137945960937152 emit_end 126 0 0 0 0 0
2146839857739677 137946042775232 wait_end 0 0 0 0 0 0
2146839857741696 137946042775232 drain_beg 0 0 0 0 0 0
2146839857742066 137946042775232 drain_end 1 0 0 0 0 0
2146839857742236 137946042775232 take 127 0 0 0 0 0
2146839857742556 137946042775232 subm_beg 1 0 0 0 0 0
2146839857743126 137946042775232 submit 127 0 0 0 0 0
2146839857743276 137946042775232 subm_end 1 0 0 0 0 0
2146839857743326 137946042775232 pump_beg 1 0 0 0 0 0
2146839858042286 137946042775232 feedend 126 0 0 0 0 0
2146839858068225 137946042775232 feedend 126 1 0 0 0 0
2146839861488190 137946042775232 outfirst 126 1 65536 0 0 0
2146839857727997 137946056009600 msgin 127 4718592 0 0 0 0
2146839857728307 137946056009600 enq 127 1 0 0 0 0
2146839862505973 137946042775232 outfirst 126 0 65536 0 0 0
2146839862545401 137946042775232 pump_end 1 2 0 0 0 0
2146839862546141 137946042775232 join_beg 1 0 0 0 0 0
2146839862547661 137946042775232 join_end 0 0 0 0 0 0
2146839862547781 137946042775232 book_beg 1 0 0 0 0 0
2146839862549081 137946042775232 batch 127 1 1 2 2 0
2146839862549261 137946042775232 book_end 1 0 0 0 0 0
2146839862549471 137946042775232 coll_beg 0 0 0 0 0 0
2146839862721685 137946042775232 coll_end 0 0 0 0 0 0
2146839862722285 137946042775232 rel_beg 1 0 0 0 0 0
2146839862723165 137946042775232 absorb 127 0 0 0 0 0
2146839862731374 137946042775232 rel_end 1 0 0 0 0 0
2146839862734974 137946042775232 wait_beg 0 0 0 0 0 0
2146839862774283 137946056009600 ackslot 127 126 127 126 1 0
2146839862960576 137946056009600 send 18 0 0 126 126 2
2146839863627862 137946056009600 send 175866 0 0 126 126 2
2146839863981519 137946056009600 send 150137 0 0 126 126 2
2146839863985329 137946056009600 send 14 0 0 126 126 2
2146839863985719 137946056009600 egress 127 1 0 126 0 0
2146839863985979 137946056009600 ackregion 127 127 127 126 1 0
2146839864983212 137946056009600 cliack 127 0 128 127 0 0
2146839862751814 137945960937152 emit_beg 127 0 0 0 0 0
2146839862755464 137945960937152 dmg 0 1 0 0 1024 768
2146839862755674 137945960937152 enc 126 126 1 -1 -1 0
2146839862784603 137945960937152 emit_end 127 0 0 0 0 0
2146839873606288 137946042775232 wait_end 0 0 0 0 0 0
2146839873607978 137946042775232 drain_beg 0 0 0 0 0 0
2146839873608218 137946042775232 drain_end 1 0 0 0 0 0
2146839873608348 137946042775232 take 128 0 0 0 0 0
2146839873608628 137946042775232 subm_beg 1 0 0 0 0 0
2146839873608998 137946042775232 submit 128 0 0 0 0 0
2146839873609208 137946042775232 subm_end 1 0 0 0 0 0
2146839873609248 137946042775232 pump_beg 1 0 0 0 0 0
2146839873840489 137946042775232 feedend 127 0 0 0 0 0
2146839873846379 137946042775232 feedend 127 1 0 0 0 0
2146839877178677 137946042775232 outfirst 127 1 65536 0 0 0
2146839877916960 137946042775232 outfirst 127 0 65536 0 0 0
2146839877975768 137946042775232 pump_end 1 2 0 0 0 0
2146839877976528 137946042775232 join_beg 1 0 0 0 0 0
2146839877977898 137946042775232 join_end 0 0 0 0 0 0
2146839877977958 137946042775232 book_beg 1 0 0 0 0 0
2146839877979288 137946042775232 batch 128 1 1 2 2 0
2146839877979458 137946042775232 book_end 1 0 0 0 0 0
2146839877979628 137946042775232 coll_beg 0 0 0 0 0 0
2146839878148072 137946042775232 coll_end 0 0 0 0 0 0
2146839878148232 137946042775232 rel_beg 1 0 0 0 0 0
2146839878149342 137946042775232 absorb 128 0 0 0 0 0
2146839878158162 137946042775232 rel_end 1 0 0 0 0 0
2146839878162061 137946042775232 wait_beg 0 0 0 0 0 0
2146839873595078 137946056009600 msgin 128 4718592 0 0 0 0
2146839873595258 137946056009600 enq 128 1 0 0 0 0
2146839878190900 137946056009600 ackslot 128 127 128 127 1 0
2146839878337745 137946056009600 send 18 0 0 127 127 2
2146839878641744 137946056009600 send 172940 0 0 127 127 2
2146839879027420 137946056009600 send 131722 0 0 127 127 2
2146839879031300 137946056009600 send 14 0 0 127 127 2
2146839879031650 137946056009600 egress 128 1 0 127 0 0
2146839879031920 137946056009600 ackregion 128 128 128 127 1 0
2146839880110020 137946056009600 cliack 128 0 129 128 0 0
2146839878178581 137945960937152 emit_beg 128 0 0 0 0 0
2146839878181741 137945960937152 dmg 0 1 0 0 1024 768
2146839878181921 137945960937152 enc 127 127 1 -1 -1 0
2146839878206330 137945960937152 emit_end 128 0 0 0 0 0
2146839890272190 137946042775232 wait_end 0 0 0 0 0 0
2146839890273740 137946042775232 drain_beg 0 0 0 0 0 0
2146839890273960 137946042775232 drain_end 1 0 0 0 0 0
2146839890274060 137946042775232 take 129 0 0 0 0 0
2146839890274510 137946042775232 subm_beg 1 0 0 0 0 0
2146839890274840 137946042775232 submit 129 0 0 0 0 0
2146839890274990 137946042775232 subm_end 1 0 0 0 0 0
2146839890275030 137946042775232 pump_beg 1 0 0 0 0 0
2146839890573089 137946042775232 feedend 128 0 0 0 0 0
2146839890597528 137946042775232 feedend 128 1 0 0 0 0
2146839890260180 137946056009600 msgin 129 4718592 0 0 0 0
2146839890260610 137946056009600 enq 129 1 0 0 0 0
2146839894206886 137946042775232 outfirst 128 1 65536 0 0 0
2146839894714038 137946042775232 outfirst 128 0 65536 0 0 0
2146839894760916 137946042775232 pump_end 1 2 0 0 0 0
2146839894761796 137946042775232 join_beg 1 0 0 0 0 0
2146839894763136 137946042775232 join_end 0 0 0 0 0 0
2146839894763236 137946042775232 book_beg 1 0 0 0 0 0
2146839894775495 137946042775232 batch 129 1 1 2 2 0
2146839894775545 137946042775232 book_end 1 0 0 0 0 0
2146839894775615 137946042775232 coll_beg 0 0 0 0 0 0
2146839894959579 137946042775232 coll_end 0 0 0 0 0 0
2146839894959649 137946042775232 rel_beg 1 0 0 0 0 0
2146839894960469 137946042775232 absorb 129 0 0 0 0 0
2146839894969198 137946042775232 rel_end 1 0 0 0 0 0
2146839894972418 137946042775232 wait_beg 0 0 0 0 0 0
2146839895012827 137946056009600 ackslot 129 128 129 128 1 0
2146839895167391 137946056009600 send 18 0 0 128 128 2
2146839895892445 137946056009600 send 191838 0 0 128 128 2
2146839896421495 137946056009600 send 173846 0 0 128 128 2
2146839896425205 137946056009600 send 14 0 0 128 128 2
2146839896425545 137946056009600 egress 129 1 0 128 0 0
2146839896425815 137946056009600 ackregion 129 129 129 128 1 0
2146839897239375 137946056009600 cliack 129 0 130 129 0 0
2146839894989398 137945960937152 emit_beg 129 0 0 0 0 0
2146839894992258 137945960937152 dmg 0 1 0 0 1024 768
2146839894992577 137945960937152 enc 128 128 1 -1 -1 0
2146839895029126 137945960937152 emit_end 129 0 0 0 0 0
2146839906161270 137946042775232 wait_end 0 0 0 0 0 0
2146839906162990 137946042775232 drain_beg 0 0 0 0 0 0
2146839906163230 137946042775232 drain_end 1 0 0 0 0 0
2146839906163380 137946042775232 take 130 0 0 0 0 0
2146839906163600 137946042775232 subm_beg 1 0 0 0 0 0
2146839906163930 137946042775232 submit 130 0 0 0 0 0
2146839906164170 137946042775232 subm_end 1 0 0 0 0 0
2146839906164220 137946042775232 pump_beg 1 0 0 0 0 0
2146839906316554 137946042775232 feedend 129 0 0 0 0 0
2146839906369862 137946042775232 feedend 129 1 0 0 0 0
2146839909503728 137946042775232 outfirst 129 1 65536 0 0 0
2146839910027589 137946042775232 outfirst 129 0 65536 0 0 0
2146839910060738 137946042775232 pump_end 1 2 0 0 0 0
2146839910060938 137946042775232 join_beg 1 0 0 0 0 0
2146839910061248 137946042775232 join_end 0 0 0 0 0 0
2146839910061328 137946042775232 book_beg 1 0 0 0 0 0
2146839910061518 137946042775232 batch 130 1 1 2 2 0
2146839910061688 137946042775232 book_end 1 0 0 0 0 0
2146839910061858 137946042775232 coll_beg 0 0 0 0 0 0
2146839910237081 137946042775232 coll_end 0 0 0 0 0 0
2146839910237621 137946042775232 rel_beg 1 0 0 0 0 0
2146839910237851 137946042775232 absorb 130 0 0 0 0 0
2146839910242291 137946042775232 rel_end 1 0 0 0 0 0
2146839910244241 137946042775232 wait_beg 0 0 0 0 0 0
2146839906150930 137946056009600 msgin 130 4718592 0 0 0 0
2146839906151380 137946056009600 enq 130 1 0 0 0 0
2146839910259010 137946056009600 ackslot 130 129 130 129 1 0
2146839910352197 137946056009600 send 18 0 0 129 129 2
2146839911032832 137946056009600 send 181095 0 0 129 129 2
2146839911504055 137946056009600 send 151421 0 0 129 129 2
2146839911508245 137946056009600 send 14 0 0 129 129 2
2146839911508425 137946056009600 egress 130 1 0 129 0 0
2146839911508645 137946056009600 ackregion 130 130 130 129 1 0
2146839911952979 137946056009600 cliack 130 0 131 130 0 0
2146839910260700 137945960937152 emit_beg 130 0 0 0 0 0
2146839910264060 137945960937152 dmg 0 1 0 0 1024 768
2146839910264250 137945960937152 enc 129 129 1 -1 -1 0
2146839910287409 137945960937152 emit_end 130 0 0 0 0 0
2146839921491611 137946042775232 wait_end 0 0 0 0 0 0
2146839921494241 137946042775232 drain_beg 0 0 0 0 0 0
2146839921494601 137946042775232 drain_end 1 0 0 0 0 0
2146839921494701 137946042775232 take 131 0 0 0 0 0
2146839921495001 137946042775232 subm_beg 1 0 0 0 0 0
2146839921495781 137946042775232 submit 131 0 0 0 0 0
2146839921495961 137946042775232 subm_end 1 0 0 0 0 0
2146839921496071 137946042775232 pump_beg 1 0 0 0 0 0
2146839921659215 137946042775232 feedend 130 0 0 0 0 0
2146839921699313 137946042775232 feedend 130 1 0 0 0 0
2146839921481831 137946056009600 msgin 131 4718592 0 0 0 0
2146839921482191 137946056009600 enq 131 1 0 0 0 0
2146839924622846 137946042775232 outfirst 130 1 65536 0 0 0
2146839925157217 137946042775232 outfirst 130 0 65536 0 0 0
2146839925183846 137946042775232 pump_end 1 2 0 0 0 0
2146839925184096 137946042775232 join_beg 1 0 0 0 0 0
2146839925184276 137946042775232 join_end 0 0 0 0 0 0
2146839925184386 137946042775232 book_beg 1 0 0 0 0 0
2146839925184556 137946042775232 batch 131 1 1 2 2 0
2146839925184596 137946042775232 book_end 1 0 0 0 0 0
2146839925184636 137946042775232 coll_beg 0 0 0 0 0 0
2146839925256593 137946042775232 coll_end 0 0 0 0 0 0
2146839925256633 137946042775232 rel_beg 1 0 0 0 0 0
2146839925256763 137946042775232 absorb 131 0 0 0 0 0
2146839925259153 137946042775232 rel_end 1 0 0 0 0 0
2146839925259883 137946042775232 wait_beg 0 0 0 0 0 0
2146839925268123 137946056009600 ackslot 131 130 131 130 1 0
2146839925309621 137946056009600 send 18 0 0 130 130 2
2146839925673798 137946056009600 send 165938 0 0 130 130 2
2146839925987967 137946056009600 send 139747 0 0 130 130 2
2146839925991266 137946056009600 send 14 0 0 130 130 2
2146839925991456 137946056009600 egress 131 1 0 130 0 0
2146839925991546 137946056009600 ackregion 131 131 131 130 1 0
2146839926724190 137946056009600 cliack 131 0 132 131 0 0
2146839925277293 137945960937152 emit_beg 131 0 0 0 0 0
2146839925281922 137945960937152 dmg 0 1 0 0 1024 768
2146839925282042 137945960937152 enc 130 130 1 -1 -1 0
2146839925303712 137945960937152 emit_end 131 0 0 0 0 0
2146839938042277 137946042775232 wait_end 0 0 0 0 0 0
2146839938043407 137946042775232 drain_beg 0 0 0 0 0 0
2146839938043527 137946042775232 drain_end 1 0 0 0 0 0
2146839938043607 137946042775232 take 132 0 0 0 0 0
2146839938043787 137946042775232 subm_beg 1 0 0 0 0 0
2146839938044037 137946042775232 submit 132 0 0 0 0 0
2146839938044077 137946042775232 subm_end 1 0 0 0 0 0
2146839938044107 137946042775232 pump_beg 1 0 0 0 0 0
2146839938170742 137946042775232 feedend 131 0 0 0 0 0
2146839938188232 137946042775232 feedend 131 1 0 0 0 0
2146839940789097 137946042775232 outfirst 131 1 65536 0 0 0
2146839941394375 137946042775232 outfirst 131 0 65536 0 0 0
2146839941423284 137946042775232 pump_end 1 2 0 0 0 0
2146839941423364 137946042775232 join_beg 1 0 0 0 0 0
2146839941423444 137946042775232 join_end 0 0 0 0 0 0
2146839941423534 137946042775232 book_beg 1 0 0 0 0 0
2146839941423674 137946042775232 batch 132 1 1 2 2 0
2146839941423714 137946042775232 book_end 1 0 0 0 0 0
2146839941423734 137946042775232 coll_beg 0 0 0 0 0 0
2146839941481991 137946042775232 coll_end 0 0 0 0 0 0
2146839941482021 137946042775232 rel_beg 1 0 0 0 0 0
2146839941482141 137946042775232 absorb 132 0 0 0 0 0
2146839941483791 137946042775232 rel_end 1 0 0 0 0 0
2146839941484361 137946042775232 wait_beg 0 0 0 0 0 0
2146839938033947 137946056009600 msgin 132 4718592 0 0 0 0
2146839938034407 137946056009600 enq 132 1 0 0 0 0
2146839941491821 137946056009600 ackslot 132 131 132 131 1 0
2146839941524330 137946056009600 send 18 0 0 131 131 2
2146839941838458 137946056009600 send 144481 0 0 131 131 2
2146839942074120 137946056009600 send 103490 0 0 131 131 2
2146839942077940 137946056009600 send 14 0 0 131 131 2
2146839942078060 137946056009600 egress 132 1 0 131 0 0
2146839942078110 137946056009600 ackregion 132 132 132 131 1 0
2146839941500181 137945960937152 emit_beg 132 0 0 0 0 0
2146839941504241 137945960937152 dmg 0 1 0 0 1024 768
2146839941509460 137945960937152 enc 131 131 1 -1 -1 0
2146839941527930 137945960937152 emit_end 132 0 0 0 0 0
2146839942675538 137946056009600 cliack 132 0 133 132 0 0
2146839954139520 137946042775232 wait_end 0 0 0 0 0 0
2146839954140830 137946042775232 drain_beg 0 0 0 0 0 0
2146839954140940 137946042775232 drain_end 1 0 0 0 0 0
2146839954141000 137946042775232 take 133 0 0 0 0 0
2146839954141110 137946042775232 subm_beg 1 0 0 0 0 0
2146839954144629 137946042775232 submit 133 0 0 0 0 0
2146839954144649 137946042775232 subm_end 1 0 0 0 0 0
2146839954144689 137946042775232 pump_beg 1 0 0 0 0 0
2146839954288584 137946042775232 feedend 132 0 0 0 0 0
2146839954312573 137946042775232 feedend 132 1 0 0 0 0
2146839957394561 137946042775232 outfirst 132 1 65536 0 0 0
2146839957786107 137946042775232 outfirst 132 0 65536 0 0 0
2146839957814856 137946042775232 pump_end 1 2 0 0 0 0
2146839957814956 137946042775232 join_beg 1 0 0 0 0 0
2146839957815236 137946042775232 join_end 0 0 0 0 0 0
2146839957815296 137946042775232 book_beg 1 0 0 0 0 0
2146839957815476 137946042775232 batch 133 1 1 2 2 0
2146839957815516 137946042775232 book_end 1 0 0 0 0 0
2146839957815546 137946042775232 coll_beg 0 0 0 0 0 0
2146839957895773 137946042775232 coll_end 0 0 0 0 0 0
2146839957895823 137946042775232 rel_beg 1 0 0 0 0 0
2146839957895953 137946042775232 absorb 133 0 0 0 0 0
2146839957897893 137946042775232 rel_end 1 0 0 0 0 0
2146839957898663 137946042775232 wait_beg 0 0 0 0 0 0
2146839954133170 137946056009600 msgin 133 4718592 0 0 0 0
2146839954133330 137946056009600 enq 133 1 0 0 0 0
2146839957906072 137946056009600 ackslot 133 132 133 132 1 0
2146839957953701 137946056009600 send 18 0 0 132 132 2
2146839958322497 137946056009600 send 166063 0 0 132 132 2
2146839958649845 137946056009600 send 145126 0 0 132 132 2
2146839958653055 137946056009600 send 14 0 0 132 132 2
2146839958653235 137946056009600 egress 133 1 0 132 0 0
2146839958653315 137946056009600 ackregion 133 133 133 132 1 0
2146839959549582 137946056009600 cliack 133 0 134 133 0 0
2146839957915902 137945960937152 emit_beg 133 0 0 0 0 0
2146839957920302 137945960937152 dmg 0 1 0 0 1024 768
2146839957920372 137945960937152 enc 132 132 1 -1 -1 0
2146839957943201 137945960937152 emit_end 133 0 0 0 0 0
2146839970206523 137946042775232 wait_end 0 0 0 0 0 0
2146839970207713 137946042775232 drain_beg 0 0 0 0 0 0
2146839970207873 137946042775232 drain_end 1 0 0 0 0 0
2146839970207943 137946042775232 take 134 0 0 0 0 0
2146839970208063 137946042775232 subm_beg 1 0 0 0 0 0
2146839970208263 137946042775232 submit 134 0 0 0 0 0
2146839970208313 137946042775232 subm_end 1 0 0 0 0 0
2146839970208373 137946042775232 pump_beg 1 0 0 0 0 0
2146839970331379 137946042775232 feedend 133 0 0 0 0 0
2146839970377697 137946042775232 feedend 133 1 0 0 0 0
2146839970199214 137946056009600 msgin 134 4718592 0 0 0 0
2146839970199654 137946056009600 enq 134 1 0 0 0 0
2146839973455265 137946042775232 outfirst 133 1 65536 0 0 0
2146839973863460 137946042775232 outfirst 133 0 65536 0 0 0
2146839973899769 137946042775232 pump_end 1 2 0 0 0 0
2146839973899849 137946042775232 join_beg 1 0 0 0 0 0
2146839973900029 137946042775232 join_end 0 0 0 0 0 0
2146839973900089 137946042775232 book_beg 1 0 0 0 0 0
2146839973900309 137946042775232 batch 134 1 1 2 2 0
2146839973900349 137946042775232 book_end 1 0 0 0 0 0
2146839973900379 137946042775232 coll_beg 0 0 0 0 0 0
2146839973978986 137946042775232 coll_end 0 0 0 0 0 0
2146839973979036 137946042775232 rel_beg 1 0 0 0 0 0
2146839973979116 137946042775232 absorb 134 0 0 0 0 0
2146839973981016 137946042775232 rel_end 1 0 0 0 0 0
2146839973981746 137946042775232 wait_beg 0 0 0 0 0 0
2146839973988706 137946056009600 ackslot 134 133 134 133 1 0
2146839974045393 137946056009600 send 18 0 0 133 133 2
2146839974413850 137946056009600 send 168938 0 0 133 133 2
2146839974732088 137946056009600 send 146139 0 0 133 133 2
2146839974735268 137946056009600 send 14 0 0 133 133 2
2146839974735428 137946056009600 egress 134 1 0 133 0 0
2146839974735498 137946056009600 ackregion 134 134 134 133 1 0
2146839975603107 137946056009600 cliack 134 0 135 134 0 0
2146839973999035 137945960937152 emit_beg 134 0 0 0 0 0
2146839974003235 137945960937152 dmg 0 1 0 0 1024 768
2146839974003325 137945960937152 enc 133 133 1 -1 -1 0
2146839974031914 137945960937152 emit_end 134 0 0 0 0 0
2146839985886601 137946042775232 wait_end 0 0 0 0 0 0
2146839985887981 137946042775232 drain_beg 0 0 0 0 0 0
2146839985888051 137946042775232 drain_end 1 0 0 0 0 0
2146839985888091 137946042775232 take 135 0 0 0 0 0
2146839985888161 137946042775232 subm_beg 1 0 0 0 0 0
2146839985888331 137946042775232 submit 135 0 0 0 0 0
2146839985888361 137946042775232 subm_end 1 0 0 0 0 0
2146839985888401 137946042775232 pump_beg 1 0 0 0 0 0
2146839986016927 137946042775232 feedend 134 0 0 0 0 0
2146839986061085 137946042775232 feedend 134 1 0 0 0 0
2146839989849567 137946042775232 outfirst 134 1 65536 0 0 0
2146839990567241 137946042775232 outfirst 134 0 65536 0 0 0
2146839990599429 137946042775232 pump_end 1 2 0 0 0 0
2146839990599479 137946042775232 join_beg 1 0 0 0 0 0
2146839990599519 137946042775232 join_end 0 0 0 0 0 0
2146839990599569 137946042775232 book_beg 1 0 0 0 0 0
2146839990599639 137946042775232 batch 135 1 1 2 2 0
2146839990599669 137946042775232 book_end 1 0 0 0 0 0
2146839990599689 137946042775232 coll_beg 0 0 0 0 0 0
2146839990717665 137946042775232 coll_end 0 0 0 0 0 0
2146839990717715 137946042775232 rel_beg 1 0 0 0 0 0
2146839990717885 137946042775232 absorb 135 0 0 0 0 0
2146839990719825 137946042775232 rel_end 1 0 0 0 0 0
2146839990720775 137946042775232 wait_beg 0 0 0 0 0 0
2146839985881632 137946056009600 msgin 135 4718592 0 0 0 0
2146839985881742 137946056009600 enq 135 1 0 0 0 0
2146839990730715 137946056009600 ackslot 135 134 135 134 1 0
2146839990769833 137946056009600 send 18 0 0 134 134 2
2146839991372811 137946056009600 send 182030 0 0 134 134 2
2146839991682800 137946056009600 send 144613 0 0 134 134 2
2146839991686220 137946056009600 send 14 0 0 134 134 2
2146839991686410 137946056009600 egress 135 1 0 134 0 0
2146839991686490 137946056009600 ackregion 135 135 135 134 1 0
2146839992712752 137946056009600 cliack 135 0 136 135 0 0
2146839990737664 137945960937152 emit_beg 135 0 0 0 0 0
2146839990741484 137945960937152 dmg 0 1 0 0 1024 768
2146839990741554 137945960937152 enc 134 134 1 -1 -1 0
2146839990763843 137945960937152 emit_end 135 0 0 0 0 0
2146840001339298 137946042775232 wait_end 0 0 0 0 0 0
2146840001340518 137946042775232 drain_beg 0 0 0 0 0 0
2146840001340608 137946042775232 drain_end 1 0 0 0 0 0
2146840001340658 137946042775232 take 136 0 0 0 0 0
2146840001340778 137946042775232 subm_beg 1 0 0 0 0 0
2146840001340918 137946042775232 submit 136 0 0 0 0 0
2146840001340948 137946042775232 subm_end 1 0 0 0 0 0
2146840001340998 137946042775232 pump_beg 1 0 0 0 0 0
2146840001432714 137946042775232 feedend 135 0 0 0 0 0
2146840001484722 137946042775232 feedend 135 1 0 0 0 0
2146840001334108 137946056009600 msgin 136 4718592 0 0 0 0
2146840001334188 137946056009600 enq 136 1 0 0 0 0
2146840004155145 137946042775232 outfirst 135 1 65536 0 0 0
2146840004687095 137946042775232 outfirst 135 0 65536 0 0 0
2146840004706045 137946042775232 pump_end 1 2 0 0 0 0
2146840004706085 137946042775232 join_beg 1 0 0 0 0 0
2146840004706125 137946042775232 join_end 0 0 0 0 0 0
2146840004706185 137946042775232 book_beg 1 0 0 0 0 0
2146840004706255 137946042775232 batch 136 1 1 2 2 0
2146840004706285 137946042775232 book_end 1 0 0 0 0 0
2146840004708295 137946042775232 coll_beg 0 0 0 0 0 0
2146840004769252 137946042775232 coll_end 0 0 0 0 0 0
2146840004769292 137946042775232 rel_beg 1 0 0 0 0 0
2146840004769392 137946042775232 absorb 136 0 0 0 0 0
2146840004770552 137946042775232 rel_end 1 0 0 0 0 0
2146840004772062 137946042775232 wait_beg 0 0 0 0 0 0
2146840004776012 137946056009600 ackslot 136 135 136 135 1 0
2146840004816591 137946056009600 send 18 0 0 135 135 2
2146840005122000 137946056009600 send 138645 0 0 135 135 2
2146840005366731 137946056009600 send 112080 0 0 135 135 2
2146840005369761 137946056009600 send 14 0 0 135 135 2
2146840005369861 137946056009600 egress 136 1 0 135 0 0
2146840005369911 137946056009600 ackregion 136 136 136 135 1 0
2146840006236529 137946056009600 cliack 136 0 137 136 0 0
2146840004790302 137945960937152 emit_beg 136 0 0 0 0 0
2146840004797481 137945960937152 dmg 0 1 0 0 1024 768
2146840004797591 137945960937152 enc 135 135 1 -1 -1 0
2146840004821081 137945960937152 emit_end 136 0 0 0 0 0
2146840018082817 137946042775232 wait_end 0 0 0 0 0 0
2146840018084027 137946042775232 drain_beg 0 0 0 0 0 0
2146840018084137 137946042775232 drain_end 1 0 0 0 0 0
2146840018084197 137946042775232 take 137 0 0 0 0 0
2146840018084307 137946042775232 subm_beg 1 0 0 0 0 0
2146840018084527 137946042775232 submit 137 0 0 0 0 0
2146840018084557 137946042775232 subm_end 1 0 0 0 0 0
2146840018084597 137946042775232 pump_beg 1 0 0 0 0 0
2146840018187953 137946042775232 feedend 136 0 0 0 0 0
2146840018228231 137946042775232 feedend 136 1 0 0 0 0
2146840021070088 137946042775232 outfirst 136 1 65536 0 0 0
2146840021586079 137946042775232 outfirst 136 0 65536 0 0 0
2146840021609188 137946042775232 pump_end 1 2 0 0 0 0
2146840021609438 137946042775232 join_beg 1 0 0 0 0 0
2146840021609908 137946042775232 join_end 0 0 0 0 0 0
2146840021609958 137946042775232 book_beg 1 0 0 0 0 0
2146840021610358 137946042775232 batch 137 1 1 2 2 0
2146840021610408 137946042775232 book_end 1 0 0 0 0 0
2146840021610448 137946042775232 coll_beg 0 0 0 0 0 0
2146840021683965 137946042775232 coll_end 0 0 0 0 0 0
2146840021684015 137946042775232 rel_beg 1 0 0 0 0 0
2146840021684135 137946042775232 absorb 137 0 0 0 0 0
2146840021687055 137946042775232 rel_end 1 0 0 0 0 0
2146840021688625 137946042775232 wait_beg 0 0 0 0 0 0
2146840018078207 137946056009600 msgin 137 4718592 0 0 0 0
2146840018078377 137946056009600 enq 137 1 0 0 0 0
2146840021694025 137946056009600 ackslot 137 136 137 136 1 0
2146840021737623 137946056009600 send 18 0 0 136 136 2
2146840022072471 137946056009600 send 147604 0 0 136 136 2
2146840022326782 137946056009600 send 117267 0 0 136 136 2
2146840022329942 137946056009600 send 14 0 0 136 136 2
2146840022330072 137946056009600 egress 137 1 0 136 0 0
2146840022330162 137946056009600 ackregion 137 137 137 136 1 0
2146840022717468 137946056009600 cliack 137 0 138 137 0 0
2146840021693785 137945960937152 emit_beg 137 0 0 0 0 0
2146840021697825 137945960937152 dmg 0 1 0 0 1024 768
2146840021697905 137945960937152 enc 136 136 1 -1 -1 0
2146840021717264 137945960937152 emit_end 137 0 0 0 0 0
2146840033624440 137946042775232 wait_end 0 0 0 0 0 0
2146840033627290 137946042775232 drain_beg 0 0 0 0 0 0
2146840033627840 137946042775232 drain_end 1 0 0 0 0 0
2146840033628130 137946042775232 take 138 0 0 0 0 0
2146840033628560 137946042775232 subm_beg 1 0 0 0 0 0
2146840033629360 137946042775232 submit 138 0 0 0 0 0
2146840033629390 137946042775232 subm_end 1 0 0 0 0 0
2146840033629430 137946042775232 pump_beg 1 0 0 0 0 0
2146840033747705 137946042775232 feedend 137 0 0 0 0 0
2146840033933438 137946042775232 feedend 137 1 0 0 0 0
2146840037553726 137946042775232 outfirst 137 1 65536 0 0 0
2146840037749889 137946042775232 outfirst 137 0 65536 0 0 0
2146840037801687 137946042775232 pump_end 1 2 0 0 0 0
2146840037802567 137946042775232 join_beg 1 0 0 0 0 0
2146840037804027 137946042775232 join_end 0 0 0 0 0 0
2146840037804137 137946042775232 book_beg 1 0 0 0 0 0
2146840037805657 137946042775232 batch 138 1 1 2 2 0
2146840037805807 137946042775232 book_end 1 0 0 0 0 0
2146840037805967 137946042775232 coll_beg 0 0 0 0 0 0
2146840037977851 137946042775232 coll_end 0 0 0 0 0 0
2146840037978331 137946042775232 rel_beg 1 0 0 0 0 0
2146840037979171 137946042775232 absorb 138 0 0 0 0 0
2146840037988261 137946042775232 rel_end 1 0 0 0 0 0
2146840037990981 137946042775232 wait_beg 0 0 0 0 0 0
2146840037993330 137946042775232 wait_end 0 0 0 0 0 0
2146840037996290 137946042775232 drain_beg 0 0 0 0 0 0
2146840037996840 137946042775232 drain_end 1 0 0 0 0 0
2146840037997180 137946042775232 take 139 0 0 0 0 0
2146840037997430 137946042775232 subm_beg 1 0 0 0 0 0
2146840037998280 137946042775232 submit 139 0 0 0 0 0
2146840037998360 137946042775232 subm_end 1 0 0 0 0 0
2146840037998430 137946042775232 pump_beg 1 0 0 0 0 0
2146840038141075 137946042775232 feedend 138 0 0 0 0 0
2146840038198763 137946042775232 feedend 138 1 0 0 0 0
2146840041569100 137946042775232 outfirst 138 1 65536 0 0 0
2146840041998194 137946042775232 outfirst 138 0 65536 0 0 0
2146840042024853 137946042775232 pump_end 1 2 0 0 0 0
2146840042024903 137946042775232 join_beg 1 0 0 0 0 0
2146840042025053 137946042775232 join_end 0 0 0 0 0 0
2146840042025113 137946042775232 book_beg 1 0 0 0 0 0
2146840042025243 137946042775232 batch 139 1 1 2 2 0
2146840042025513 137946042775232 book_end 1 0 0 0 0 0
2146840042025563 137946042775232 coll_beg 0 0 0 0 0 0
2146840042193517 137946042775232 coll_end 0 0 0 0 0 0
2146840042193637 137946042775232 rel_beg 1 0 0 0 0 0
2146840042193737 137946042775232 absorb 139 0 0 0 0 0
2146840042195977 137946042775232 rel_end 1 0 0 0 0 0
2146840042197717 137946042775232 wait_beg 0 0 0 0 0 0
2146840033602921 137946056009600 msgin 138 4718592 0 0 0 0
2146840033603540 137946056009600 enq 138 1 0 0 0 0
2146840037434151 137946056009600 msgin 139 4718592 0 0 0 0
2146840037434321 137946056009600 enq 139 1 0 0 0 0
2146840038029469 137946056009600 ackslot 138 137 138 137 1 0
2146840038196703 137946056009600 send 18 0 0 137 137 2
2146840038945546 137946056009600 send 196254 0 0 137 137 2
2146840039457717 137946056009600 send 165810 0 0 137 137 2
2146840039469807 137946056009600 send 14 0 0 137 137 2
2146840039470156 137946056009600 egress 138 1 0 137 0 0
2146840039470436 137946056009600 ackregion 138 138 138 137 1 0
2146840040236959 137946056009600 cliack 138 0 139 138 0 0
2146840042218336 137946056009600 ackslot 139 138 139 138 1 0
2146840042241945 137946056009600 send 18 0 0 138 138 2
2146840042944120 137946056009600 send 200443 0 0 138 138 2
2146840038010300 137945960937152 emit_beg 138 0 0 0 0 0
2146840038012970 137945960937152 dmg 0 1 0 0 1024 768
2146840038013170 137945960937152 enc 137 137 1 -1 -1 0
2146840038049198 137945960937152 emit_end 138 0 0 0 0 0
2146840042201487 137945960937152 emit_beg 139 0 0 0 0 0
2146840042204087 137945960937152 dmg 0 1 0 0 1024 768
2146840042204247 137945960937152 enc 138 138 1 -1 -1 0
2146840042239135 137945960937152 emit_end 139 0 0 0 0 0
2146840043466751 137946056009600 send 180993 0 0 138 138 2
2146840043470321 137946056009600 send 14 0 0 138 138 2
2146840043470601 137946056009600 egress 139 1 0 138 0 0
2146840043470741 137946056009600 ackregion 139 139 139 138 1 0
2146840044165635 137946056009600 cliack 139 0 140 139 0 0
2146840053563262 137946042775232 wait_end 0 0 0 0 0 0
2146840053566292 137946042775232 drain_beg 0 0 0 0 0 0
2146840053566702 137946042775232 drain_end 1 0 0 0 0 0
2146840053566922 137946042775232 take 140 0 0 0 0 0
2146840053567342 137946042775232 subm_beg 1 0 0 0 0 0
2146840053568092 137946042775232 submit 140 0 0 0 0 0
2146840053568212 137946042775232 subm_end 1 0 0 0 0 0
2146840053568242 137946042775232 pump_beg 1 0 0 0 0 0
2146840053694638 137946042775232 feedend 139 0 0 0 0 0
2146840053771185 137946042775232 feedend 139 1 0 0 0 0
2146840056759536 137946042775232 outfirst 139 1 65536 0 0 0
2146840057354854 137946042775232 outfirst 139 0 65536 0 0 0
2146840057382673 137946042775232 pump_end 1 2 0 0 0 0
2146840057383503 137946042775232 join_beg 1 0 0 0 0 0
2146840057383743 137946042775232 join_end 0 0 0 0 0 0
2146840057383793 137946042775232 book_beg 1 0 0 0 0 0
2146840057383963 137946042775232 batch 140 1 1 2 2 0
2146840057383993 137946042775232 book_end 1 0 0 0 0 0
2146840057384033 137946042775232 coll_beg 0 0 0 0 0 0
2146840057473650 137946042775232 coll_end 0 0 0 0 0 0
2146840057473690 137946042775232 rel_beg 1 0 0 0 0 0
2146840057473880 137946042775232 absorb 140 0 0 0 0 0
2146840057476430 137946042775232 rel_end 1 0 0 0 0 0
2146840057478460 137946042775232 wait_beg 0 0 0 0 0 0
2146840053551003 137946056009600 msgin 140 4718592 0 0 0 0
2146840053551323 137946056009600 enq 140 1 0 0 0 0
2146840057501819 137946056009600 ackslot 140 139 140 139 1 0
2146840057591735 137946056009600 send 18 0 0 139 139 2
2146840058375937 137946056009600 send 168452 0 0 139 139 2
2146840058814481 137946056009600 send 142967 0 0 139 139 2
2146840058819231 137946056009600 send 14 0 0 139 139 2
2146840058819461 137946056009600 egress 140 1 0 139 0 0
2146840058819741 137946056009600 ackregion 140 140 140 139 1 0
2146840058945076 137946056009600 cliack 140 0 141 140 0 0
2146840057496499 137945960937152 emit_beg 140 0 0 0 0 0
2146840057500669 137945960937152 dmg 0 1 0 0 1024 768
2146840057500889 137945960937152 enc 139 139 1 -1 -1 0
2146840057527748 137945960937152 emit_end 140 0 0 0 0 0
2146840069702974 137946042775232 wait_end 0 0 0 0 0 0
2146840069705343 137946042775232 drain_beg 0 0 0 0 0 0
2146840069705633 137946042775232 drain_end 1 0 0 0 0 0
2146840069705763 137946042775232 take 141 0 0 0 0 0
2146840069705893 137946042775232 subm_beg 1 0 0 0 0 0
2146840069706193 137946042775232 submit 141 0 0 0 0 0
2146840069706263 137946042775232 subm_end 1 0 0 0 0 0
2146840069706313 137946042775232 pump_beg 1 0 0 0 0 0
2146840069828389 137946042775232 feedend 140 0 0 0 0 0
2146840069897896 137946042775232 feedend 140 1 0 0 0 0
2146840072923536 137946042775232 outfirst 140 1 65536 0 0 0
2146840069683654 137946056009600 msgin 141 4718592 0 0 0 0
2146840069683894 137946056009600 enq 141 1 0 0 0 0
2146840073390699 137946042775232 outfirst 140 0 65536 0 0 0
2146840073423018 137946042775232 pump_end 1 2 0 0 0 0
2146840073423088 137946042775232 join_beg 1 0 0 0 0 0
2146840073423128 137946042775232 join_end 0 0 0 0 0 0
2146840073423178 137946042775232 book_beg 1 0 0 0 0 0
2146840073423348 137946042775232 batch 141 1 1 2 2 0
2146840073423368 137946042775232 book_end 1 0 0 0 0 0
2146840073423398 137946042775232 coll_beg 0 0 0 0 0 0
2146840073498485 137946042775232 coll_end 0 0 0 0 0 0
2146840073498515 137946042775232 rel_beg 1 0 0 0 0 0
2146840073498595 137946042775232 absorb 141 0 0 0 0 0
2146840073500355 137946042775232 rel_end 1 0 0 0 0 0
2146840073500965 137946042775232 wait_beg 0 0 0 0 0 0
2146840073506405 137946056009600 ackslot 141 140 141 140 1 0
2146840073541254 137946056009600 send 18 0 0 140 140 2
2146840074045905 137946056009600 send 174502 0 0 140 140 2
2146840074438501 137946056009600 send 142001 0 0 140 140 2
2146840074442581 137946056009600 send 14 0 0 140 140 2
2146840074442811 137946056009600 egress 141 1 0 140 0 0
2146840074442911 137946056009600 ackregion 141 141 141 140 1 0
2146840074983951 137946056009600 cliack 141 0 142 141 0 0
2146840073511815 137945960937152 emit_beg 141 0 0 0 0 0
2146840073514135 137945960937152 dmg 0 1 0 0 1024 768
2146840073514195 137945960937152 enc 140 140 1 -1 -1 0
2146840073531024 137945960937152 emit_end 141 0 0 0 0 0
2146840085503497 137946042775232 wait_end 0 0 0 0 0 0
2146840085504717 137946042775232 drain_beg 0 0 0 0 0 0
2146840085504917 137946042775232 drain_end 1 0 0 0 0 0
2146840085505037 137946042775232 take 142 0 0 0 0 0
2146840085505197 137946042775232 subm_beg 1 0 0 0 0 0
2146840085505367 137946042775232 submit 142 0 0 0 0 0
2146840085505397 137946042775232 subm_end 1 0 0 0 0 0
2146840085505427 137946042775232 pump_beg 1 0 0 0 0 0
2146840085592864 137946042775232 feedend 141 0 0 0 0 0
2146840085643032 137946042775232 feedend 141 1 0 0 0 0
2146840088633363 137946042775232 outfirst 141 1 65536 0 0 0
2146840089107656 137946042775232 outfirst 141 0 65536 0 0 0
2146840089148104 137946042775232 pump_end 1 2 0 0 0 0
2146840089148214 137946042775232 join_beg 1 0 0 0 0 0
2146840089148364 137946042775232 join_end 0 0 0 0 0 0
2146840089148524 137946042775232 book_beg 1 0 0 0 0 0
2146840089148714 137946042775232 batch 142 1 1 2 2 0
2146840089148764 137946042775232 book_end 1 0 0 0 0 0
2146840089148814 137946042775232 coll_beg 0 0 0 0 0 0
2146840089259470 137946042775232 coll_end 0 0 0 0 0 0
2146840089259540 137946042775232 rel_beg 1 0 0 0 0 0
2146840089259690 137946042775232 absorb 142 0 0 0 0 0
2146840089261960 137946042775232 rel_end 1 0 0 0 0 0
2146840089262650 137946042775232 wait_beg 0 0 0 0 0 0
2146840085499127 137946056009600 msgin 142 4718592 0 0 0 0
2146840085499287 137946056009600 enq 142 1 0 0 0 0
2146840089267450 137946056009600 ackslot 142 141 142 141 1 0
2146840089306258 137946056009600 send 18 0 0 141 141 2
2146840089784961 137946056009600 send 176412 0 0 141 141 2
2146840090174937 137946056009600 send 141792 0 0 141 141 2
2146840090178957 137946056009600 send 14 0 0 141 141 2
2146840090179096 137946056009600 egress 142 1 0 141 0 0
2146840090179176 137946056009600 ackregion 142 142 142 141 1 0
2146840090750356 137946056009600 cliack 142 0 143 142 0 0
2146840089279279 137945960937152 emit_beg 142 0 0 0 0 0
2146840089283089 137945960937152 dmg 0 1 0 0 1024 768
2146840089283179 137945960937152 enc 141 141 1 -1 -1 0
2146840089306488 137945960937152 emit_end 142 0 0 0 0 0
2146840101572491 137946042775232 wait_end 0 0 0 0 0 0
2146840101574421 137946042775232 drain_beg 0 0 0 0 0 0
2146840101574541 137946042775232 drain_end 1 0 0 0 0 0
2146840101574641 137946042775232 take 143 0 0 0 0 0
2146840101574731 137946042775232 subm_beg 1 0 0 0 0 0
2146840101574791 137946042775232 submit 143 0 0 0 0 0
2146840101574821 137946042775232 subm_end 1 0 0 0 0 0
2146840101574841 137946042775232 pump_beg 1 0 0 0 0 0
2146840101659348 137946042775232 feedend 142 0 0 0 0 0
2146840101744355 137946042775232 feedend 142 1 0 0 0 0
2146840101565681 137946056009600 msgin 143 4718592 0 0 0 0
2146840101565931 137946056009600 enq 143 1 0 0 0 0
2146840104883560 137946042775232 outfirst 142 1 65536 0 0 0
2146840105259046 137946042775232 outfirst 142 0 65536 0 0 0
2146840105289115 137946042775232 pump_end 1 2 0 0 0 0
2146840105289155 137946042775232 join_beg 1 0 0 0 0 0
2146840105289195 137946042775232 join_end 0 0 0 0 0 0
2146840105289275 137946042775232 book_beg 1 0 0 0 0 0
2146840105289345 137946042775232 batch 143 1 1 2 2 0
2146840105289375 137946042775232 book_end 1 0 0 0 0 0
2146840105289395 137946042775232 coll_beg 0 0 0 0 0 0
2146840105418291 137946042775232 coll_end 0 0 0 0 0 0
2146840105418341 137946042775232 rel_beg 1 0 0 0 0 0
2146840105421430 137946042775232 absorb 143 0 0 0 0 0
2146840105423230 137946042775232 rel_end 1 0 0 0 0 0
2146840105423880 137946042775232 wait_beg 0 0 0 0 0 0
2146840106442693 137946042775232 wait_end 0 0 0 0 0 0
2146840106443603 137946042775232 drain_beg 0 0 0 0 0 0
2146840106443693 137946042775232 drain_end 1 0 0 0 0 0
2146840106443763 137946042775232 take 144 0 0 0 0 0
2146840106443813 137946042775232 subm_beg 1 0 0 0 0 0
2146840106443903 137946042775232 submit 144 0 0 0 0 0
2146840106443933 137946042775232 subm_end 1 0 0 0 0 0
2146840106443963 137946042775232 pump_beg 1 0 0 0 0 0
2146840106541690 137946042775232 feedend 143 0 0 0 0 0
2146840106601257 137946042775232 feedend 143 1 0 0 0 0
2146840109708174 137946042775232 outfirst 143 1 65536 0 0 0
2146840110144028 137946042775232 outfirst 143 0 65536 0 0 0
2146840110170037 137946042775232 pump_end 1 2 0 0 0 0
2146840110170077 137946042775232 join_beg 1 0 0 0 0 0
2146840110170337 137946042775232 join_end 0 0 0 0 0 0
2146840110170407 137946042775232 book_beg 1 0 0 0 0 0
2146840110170477 137946042775232 batch 144 1 1 2 2 0
2146840110170507 137946042775232 book_end 1 0 0 0 0 0
2146840110170537 137946042775232 coll_beg 0 0 0 0 0 0
2146840110245904 137946042775232 coll_end 0 0 0 0 0 0
2146840110245944 137946042775232 rel_beg 1 0 0 0 0 0
2146840110246014 137946042775232 absorb 144 0 0 0 0 0
2146840110247104 137946042775232 rel_end 1 0 0 0 0 0
2146840110247654 137946042775232 wait_beg 0 0 0 0 0 0
2146840105428300 137946056009600 ackslot 143 142 143 142 1 0
2146840105467209 137946056009600 send 18 0 0 142 142 2
2146840105946741 137946056009600 send 181237 0 0 142 142 2
2146840106361496 137946056009600 send 152665 0 0 142 142 2
2146840106365616 137946056009600 send 14 0 0 142 142 2
2146840106365776 137946056009600 egress 143 1 0 142 0 0
2146840106365846 137946056009600 ackregion 143 143 143 142 1 0
2146840106438453 137946056009600 msgin 144 4718592 0 0 0 0
2146840106438683 137946056009600 enq 144 1 0 0 0 0
2146840106931825 137946056009600 cliack 143 0 144 143 0 0
2146840110251244 137946056009600 ackslot 144 143 144 143 1 0
2146840110288933 137946056009600 send 18 0 0 143 143 2
2146840110679409 137946056009600 send 179919 0 0 143 143 2
2146840111015906 137946056009600 send 149974 0 0 143 143 2
2146840111019176 137946056009600 send 14 0 0 143 143 2
2146840111019266 137946056009600 egress 144 1 0 143 0 0
2146840111019426 137946056009600 ackregion 144 144 144 143 1 0
2146840111761809 137946056009600 cliack 144 0 145 144 0 0
2146840105440370 137945960937152 emit_beg 143 0 0 0 0 0
2146840105443400 137945960937152 dmg 0 1 0 0 1024 768
2146840105443490 137945960937152 enc 142 142 1 -1 -1 0
2146840105471169 137945960937152 emit_end 143 0 0 0 0 0
2146840110266194 137945960937152 emit_beg 144 0 0 0 0 0
2146840110270763 137945960937152 dmg 0 1 0 0 1024 768
2146840110270963 137945960937152 enc 143 143 1 -1 -1 0
2146840110296223 137945960937152 emit_end 144 0 0 0 0 0
2146840121901009 137946042775232 wait_end 0 0 0 0 0 0
2146840121902799 137946042775232 drain_beg 0 0 0 0 0 0
2146840121903019 137946042775232 drain_end 1 0 0 0 0 0
2146840121903269 137946042775232 take 145 0 0 0 0 0
2146840121903699 137946042775232 subm_beg 1 0 0 0 0 0
2146840121903909 137946042775232 submit 145 0 0 0 0 0
2146840121904039 137946042775232 subm_end 1 0 0 0 0 0
2146840121904069 137946042775232 pump_beg 1 0 0 0 0 0
2146840122014995 137946042775232 feedend 144 0 0 0 0 0
2146840122093692 137946042775232 feedend 144 1 0 0 0 0
2146840121894609 137946056009600 msgin 145 4718592 0 0 0 0
2146840121895009 137946056009600 enq 145 1 0 0 0 0
2146840125308745 137946042775232 outfirst 144 1 65536 0 0 0
2146840125674521 137946042775232 outfirst 144 0 65536 0 0 0
2146840125701721 137946042775232 pump_end 1 2 0 0 0 0
2146840125702140 137946042775232 join_beg 1 0 0 0 0 0
2146840125702300 137946042775232 join_end 0 0 0 0 0 0
2146840125702360 137946042775232 book_beg 1 0 0 0 0 0
2146840125702550 137946042775232 batch 145 1 1 2 2 0
2146840125702600 137946042775232 book_end 1 0 0 0 0 0
2146840125702650 137946042775232 coll_beg 0 0 0 0 0 0
2146840125776978 137946042775232 coll_end 0 0 0 0 0 0
2146840125777108 137946042775232 rel_beg 1 0 0 0 0 0
2146840125777198 137946042775232 absorb 145 0 0 0 0 0
2146840125778908 137946042775232 rel_end 1 0 0 0 0 0
2146840125780148 137946042775232 wait_beg 0 0 0 0 0 0
2146840125790497 137946056009600 ackslot 145 144 145 144 1 0
2146840125840705 137946056009600 send 18 0 0 144 144 2
2146840126375776 137946056009600 send 170224 0 0 144 144 2
2146840126681115 137946056009600 send 138319 0 0 144 144 2
2146840126684435 137946056009600 send 14 0 0 144 144 2
2146840126684595 137946056009600 egress 145 1 0 144 0 0
2146840126684665 137946056009600 ackregion 145 145 145 144 1 0
2146840127495335 137946056009600 cliack 145 0 146 145 0 0
2146840125785377 137945960937152 emit_beg 145 0 0 0 0 0
2146840125789487 137945960937152 dmg 0 1 0 0 1024 768
2146840125789857 137945960937152 enc 144 144 1 -1 -1 0
2146840125814296 137945960937152 emit_end 145 0 0 0 0 0
2146840137472351 137946042775232 wait_end 0 0 0 0 0 0
2146840137474141 137946042775232 drain_beg 0 0 0 0 0 0
2146840137474481 137946042775232 drain_end 1 0 0 0 0 0
2146840137474601 137946042775232 take 146 0 0 0 0 0
2146840137474961 137946042775232 subm_beg 1 0 0 0 0 0
2146840137476071 137946042775232 submit 146 0 0 0 0 0
2146840137476201 137946042775232 subm_end 1 0 0 0 0 0
2146840137476251 137946042775232 pump_beg 1 0 0 0 0 0
2146840137656814 137946042775232 feedend 145 0 0 0 0 0
2146840137717592 137946042775232 feedend 145 1 0 0 0 0
2146840141017422 137946042775232 outfirst 145 1 65536 0 0 0
2146840141393268 137946042775232 outfirst 145 0 65536 0 0 0
2146840141439666 137946042775232 pump_end 1 2 0 0 0 0
2146840141440206 137946042775232 join_beg 1 0 0 0 0 0
2146840141440776 137946042775232 join_end 0 0 0 0 0 0
2146840141440846 137946042775232 book_beg 1 0 0 0 0 0
2146840141441186 137946042775232 batch 146 1 1 2 2 0
2146840141441236 137946042775232 book_end 1 0 0 0 0 0
2146840141441286 137946042775232 coll_beg 0 0 0 0 0 0
2146840141553702 137946042775232 coll_end 0 0 0 0 0 0
2146840141553762 137946042775232 rel_beg 1 0 0 0 0 0
2146840141553912 137946042775232 absorb 146 0 0 0 0 0
2146840141557182 137946042775232 rel_end 1 0 0 0 0 0
2146840141559102 137946042775232 wait_beg 0 0 0 0 0 0
2146840141559742 137946042775232 wait_end 0 0 0 0 0 0
2146840141560832 137946042775232 drain_beg 0 0 0 0 0 0
2146840141560932 137946042775232 drain_end 1 0 0 0 0 0
2146840141561052 137946042775232 take 147 0 0 0 0 0
2146840141561142 137946042775232 subm_beg 1 0 0 0 0 0
2146840141561312 137946042775232 submit 147 0 0 0 0 0
2146840141561342 137946042775232 subm_end 1 0 0 0 0 0
2146840141561372 137946042775232 pump_beg 1 0 0 0 0 0
2146840141678828 137946042775232 feedend 146 0 0 0 0 0
2146840141742025 137946042775232 feedend 146 1 0 0 0 0
2146840137461892 137946056009600 msgin 146 4718592 0 0 0 0
2146840137462721 137946056009600 enq 146 1 0 0 0 0
2146840141555402 137946056009600 msgin 147 4718592 0 0 0 0
2146840141555642 137946056009600 enq 147 1 0 0 0 0
2146840141559262 137946056009600 ackslot 146 145 146 145 1 0
2146840141639469 137946056009600 send 18 0 0 145 145 2
2146840142071583 137946056009600 send 173211 0 0 145 145 2
2146840142401341 137946056009600 send 145230 0 0 145 145 2
2146840142405101 137946056009600 send 14 0 0 145 145 2
2146840142405291 137946056009600 egress 146 1 0 145 0 0
2146840142405551 137946056009600 ackregion 146 146 146 145 1 0
2146840142865624 137946056009600 cliack 146 0 147 146 0 0
2146840141565392 137945960937152 emit_beg 146 0 0 0 0 0
2146840141569632 137945960937152 dmg 0 1 0 0 1024 768
2146840141569832 137945960937152 enc 145 145 1 -1 -1 0
2146840141592831 137945960937152 emit_end 146 0 0 0 0 0
2146840144426767 137946042775232 outfirst 146 1 65536 0 0 0
2146840144962698 137946042775232 outfirst 146 0 65536 0 0 0
2146840144984607 137946042775232 pump_end 1 2 0 0 0 0
2146840144984757 137946042775232 join_beg 1 0 0 0 0 0
2146840144984807 137946042775232 join_end 0 0 0 0 0 0
2146840144984857 137946042775232 book_beg 1 0 0 0 0 0
2146840144984967 137946042775232 batch 147 1 1 2 2 0
2146840144985017 137946042775232 book_end 1 0 0 0 0 0
2146840144985067 137946042775232 coll_beg 0 0 0 0 0 0
2146840145049445 137946042775232 coll_end 0 0 0 0 0 0
2146840145049585 137946042775232 rel_beg 1 0 0 0 0 0
2146840145049705 137946042775232 absorb 147 0 0 0 0 0
2146840145050875 137946042775232 rel_end 1 0 0 0 0 0
2146840145051615 137946042775232 wait_beg 0 0 0 0 0 0
2146840145708861 137946042775232 wait_end 0 0 0 0 0 0
2146840145710011 137946042775232 drain_beg 0 0 0 0 0 0
2146840145710161 137946042775232 drain_end 1 0 0 0 0 0
2146840145710271 137946042775232 take 148 0 0 0 0 0
2146840145710391 137946042775232 subm_beg 1 0 0 0 0 0
2146840145710521 137946042775232 submit 148 0 0 0 0 0
2146840145710551 137946042775232 subm_end 1 0 0 0 0 0
2146840145710581 137946042775232 pump_beg 1 0 0 0 0 0
2146840145782738 137946042775232 feedend 147 0 0 0 0 0
2146840145824916 137946042775232 feedend 147 1 0 0 0 0
2146840148804858 137946042775232 outfirst 147 1 65536 0 0 0
2146840149241732 137946042775232 outfirst 147 0 65536 0 0 0
2146840149264001 137946042775232 pump_end 1 2 0 0 0 0
2146840149264051 137946042775232 join_beg 1 0 0 0 0 0
2146840149264081 137946042775232 join_end 0 0 0 0 0 0
2146840149264181 137946042775232 book_beg 1 0 0 0 0 0
2146840149264241 137946042775232 batch 148 1 1 2 2 0
2146840149264271 137946042775232 book_end 1 0 0 0 0 0
2146840149264301 137946042775232 coll_beg 0 0 0 0 0 0
2146840149333908 137946042775232 coll_end 0 0 0 0 0 0
2146840149333938 137946042775232 rel_beg 1 0 0 0 0 0
2146840149334068 137946042775232 absorb 148 0 0 0 0 0
2146840149335458 137946042775232 rel_end 1 0 0 0 0 0
2146840149336018 137946042775232 wait_beg 0 0 0 0 0 0
2146840150138569 137946042775232 wait_end 0 0 0 0 0 0
2146840150139829 137946042775232 drain_beg 0 0 0 0 0 0
2146840150139969 137946042775232 drain_end 1 0 0 0 0 0
2146840150140079 137946042775232 take 149 0 0 0 0 0
2146840150140169 137946042775232 subm_beg 1 0 0 0 0 0
2146840150140279 137946042775232 submit 149 0 0 0 0 0
2146840150140429 137946042775232 subm_end 1 0 0 0 0 0
2146840150140459 137946042775232 pump_beg 1 0 0 0 0 0
2146840150204847 137946042775232 feedend 148 0 0 0 0 0
2146840150259375 137946042775232 feedend 148 1 0 0 0 0
2146840153073642 137946042775232 outfirst 148 1 65536 0 0 0
2146840153615532 137946042775232 outfirst 148 0 65536 0 0 0
2146840153641501 137946042775232 pump_end 1 2 0 0 0 0
2146840153641551 137946042775232 join_beg 1 0 0 0 0 0
2146840153641581 137946042775232 join_end 0 0 0 0 0 0
2146840153641641 137946042775232 book_beg 1 0 0 0 0 0
2146840153641721 137946042775232 batch 149 1 1 2 2 0
2146840153641751 137946042775232 book_end 1 0 0 0 0 0
2146840153641771 137946042775232 coll_beg 0 0 0 0 0 0
2146840153711119 137946042775232 coll_end 0 0 0 0 0 0
2146840153711149 137946042775232 rel_beg 1 0 0 0 0 0
2146840153711229 137946042775232 absorb 149 0 0 0 0 0
2146840153712549 137946042775232 rel_end 1 0 0 0 0 0
2146840153713049 137946042775232 wait_beg 0 0 0 0 0 0
2146840145056474 137946056009600 ackslot 147 146 147 146 1 0
2146840145075364 137946056009600 send 18 0 0 146 146 2
2146840145400942 137946056009600 send 147525 0 0 146 146 2
2146840145650553 137946056009600 send 117298 0 0 146 146 2
2146840145653693 137946056009600 send 14 0 0 146 146 2
2146840145653863 137946056009600 egress 147 1 0 146 0 0
2146840145653903 137946056009600 ackregion 147 147 147 146 1 0
2146840145704481 137946056009600 msgin 148 4718592 0 0 0 0
2146840145704761 137946056009600 enq 148 1 0 0 0 0
2146840145951412 137946056009600 cliack 147 0 148 147 0 0
2146840149340718 137946056009600 ackslot 148 147 148 147 1 0
2146840149349988 137946056009600 send 18 0 0 147 147 2
2146840149738444 137946056009600 send 173257 0 0 147 147 2
2146840150085201 137946056009600 send 145016 0 0 147 147 2
2146840150088641 137946056009600 send 14 0 0 147 147 2
2146840150088771 137946056009600 egress 148 1 0 147 0 0
2146840150088801 137946056009600 ackregion 148 148 148 147 1 0
2146840150133979 137946056009600 msgin 149 4718592 0 0 0 0
2146840150134099 137946056009600 enq 149 1 0 0 0 0
2146840150741527 137946056009600 cliack 148 0 149 148 0 0
2146840153718738 137946056009600 ackslot 149 148 149 148 1 0
2146840153732918 137946056009600 send 18 0 0 148 148 2
2146840145054544 137945960937152 emit_beg 147 0 0 0 0 0
2146840145055334 137945960937152 dmg 0 1 0 0 1024 768
2146840145055374 137945960937152 enc 146 146 1 -1 -1 0
2146840145070524 137945960937152 emit_end 147 0 0 0 0 0
2146840149339858 137945960937152 emit_beg 148 0 0 0 0 0
2146840149340758 137945960937152 dmg 0 1 0 0 1024 768
2146840149340808 137945960937152 enc 147 147 1 -1 -1 0
2146840149356428 137945960937152 emit_end 148 0 0 0 0 0
2146840153716338 137945960937152 emit_beg 149 0 0 0 0 0
2146840153717218 137945960937152 dmg 0 1 0 0 1024 768
2146840153717278 137945960937152 enc 148 148 1 -1 -1 0
2146840153735478 137945960937152 emit_end 149 0 0 0 0 0
2146840154459091 137946042775232 wait_end 0 0 0 0 0 0
2146840154461281 137946042775232 drain_beg 0 0 0 0 0 0
2146840154461601 137946042775232 drain_end 1 0 0 0 0 0
2146840154461761 137946042775232 take 150 0 0 0 0 0
2146840154462001 137946042775232 subm_beg 1 0 0 0 0 0
2146840154462341 137946042775232 submit 150 0 0 0 0 0
2146840154462391 137946042775232 subm_end 1 0 0 0 0 0
2146840154462451 137946042775232 pump_beg 1 0 0 0 0 0
2146840154575497 137946042775232 feedend 149 0 0 0 0 0
2146840154626375 137946042775232 feedend 149 1 0 0 0 0
2146840157550679 137946042775232 outfirst 149 1 65536 0 0 0
2146840157972803 137946042775232 outfirst 149 0 65536 0 0 0
2146840158003212 137946042775232 pump_end 1 2 0 0 0 0
2146840158003302 137946042775232 join_beg 1 0 0 0 0 0
2146840158003742 137946042775232 join_end 0 0 0 0 0 0
2146840158003852 137946042775232 book_beg 1 0 0 0 0 0
2146840158004072 137946042775232 batch 150 1 1 2 2 0
2146840158004102 137946042775232 book_end 1 0 0 0 0 0
2146840158004422 137946042775232 coll_beg 0 0 0 0 0 0
2146840158084639 137946042775232 coll_end 0 0 0 0 0 0
2146840158084669 137946042775232 rel_beg 1 0 0 0 0 0
2146840158084899 137946042775232 absorb 150 0 0 0 0 0
2146840158087329 137946042775232 rel_end 1 0 0 0 0 0
2146840158088459 137946042775232 wait_beg 0 0 0 0 0 0
2146840154089835 137946056009600 send 164896 0 0 148 148 2
2146840154392334 137946056009600 send 137466 0 0 148 148 2
2146840154395444 137946056009600 send 14 0 0 148 148 2
2146840154395574 137946056009600 egress 149 1 0 148 0 0
2146840154395904 137946056009600 ackregion 149 149 149 148 1 0
2146840154451732 137946056009600 msgin 150 4718592 0 0 0 0
2146840154451952 137946056009600 enq 150 1 0 0 0 0
2146840154838547 137946056009600 cliack 149 0 150 149 0 0
2146840158094229 137946056009600 ackslot 150 149 150 149 1 0
2146840158120718 137946056009600 send 18 0 0 149 149 2
2146840158486334 137946056009600 send 164514 0 0 149 149 2
2146840158783224 137946056009600 send 138379 0 0 149 149 2
2146840158786354 137946056009600 send 14 0 0 149 149 2
2146840158786474 137946056009600 egress 150 1 0 149 0 0
2146840158786704 137946056009600 ackregion 150 150 150 149 1 0
2146840159139391 137946056009600 cliack 150 0 151 150 0 0
2146840158093189 137945960937152 emit_beg 150 0 0 0 0 0
2146840158096079 137945960937152 dmg 0 1 0 0 1024 768
2146840158096279 137945960937152 enc 149 149 1 -1 -1 0
2146840158117478 137945960937152 emit_end 150 0 0 0 0 0
2146840170254545 137946042775232 wait_end 0 0 0 0 0 0
2146840170257525 137946042775232 drain_beg 0 0 0 0 0 0
2146840170257925 137946042775232 drain_end 1 0 0 0 0 0
2146840170258165 137946042775232 take 151 0 0 0 0 0
2146840170258395 137946042775232 subm_beg 1 0 0 0 0 0
2146840170258785 137946042775232 submit 151 0 0 0 0 0
2146840170258835 137946042775232 subm_end 1 0 0 0 0 0
2146840170258855 137946042775232 pump_beg 1 0 0 0 0 0
2146840170380621 137946042775232 feedend 150 0 0 0 0 0
2146840170430839 137946042775232 feedend 150 1 0 0 0 0
2146840173286214 137946042775232 outfirst 150 1 65536 0 0 0
2146840173666441 137946042775232 outfirst 150 0 65536 0 0 0
2146840173702049 137946042775232 pump_end 1 2 0 0 0 0
2146840173702269 137946042775232 join_beg 1 0 0 0 0 0
2146840173702499 137946042775232 join_end 0 0 0 0 0 0
2146840173702719 137946042775232 book_beg 1 0 0 0 0 0
2146840173702879 137946042775232 batch 151 1 1 2 2 0
2146840173702919 137946042775232 book_end 1 0 0 0 0 0
2146840173702949 137946042775232 coll_beg 0 0 0 0 0 0
2146840173776277 137946042775232 coll_end 0 0 0 0 0 0
2146840173776327 137946042775232 rel_beg 1 0 0 0 0 0
2146840173776427 137946042775232 absorb 151 0 0 0 0 0
2146840173778727 137946042775232 rel_end 1 0 0 0 0 0
2146840173779706 137946042775232 wait_beg 0 0 0 0 0 0
2146840170234886 137946056009600 msgin 151 4718592 0 0 0 0
2146840170235116 137946056009600 enq 151 1 0 0 0 0
2146840173785856 137946056009600 ackslot 151 150 151 150 1 0
2146840173823975 137946056009600 send 18 0 0 150 150 2
2146840173783366 137945960937152 emit_beg 151 0 0 0 0 0
2146840173786666 137945960937152 dmg 0 1 0 0 1024 768
2146840173786846 137945960937152 enc 150 150 1 -1 -1 0
2146840173804996 137945960937152 emit_end 151 0 0 0 0 0
2146840174155373 137946056009600 send 141567 0 0 150 150 2
2146840174426343 137946056009600 send 124424 0 0 150 150 2
2146840174431063 137946056009600 send 14 0 0 150 150 2
2146840174431213 137946056009600 egress 151 1 0 150 0 0
2146840174431283 137946056009600 ackregion 151 151 151 150 1 0
2146840174819449 137946056009600 cliack 151 0 152 151 0 0
2146840185546437 137946042775232 wait_end 0 0 0 0 0 0
2146840185547797 137946042775232 drain_beg 0 0 0 0 0 0
2146840185548037 137946042775232 drain_end 1 0 0 0 0 0
2146840185548137 137946042775232 take 152 0 0 0 0 0
2146840185548277 137946042775232 subm_beg 1 0 0 0 0 0
2146840185548707 137946042775232 submit 152 0 0 0 0 0
2146840185548817 137946042775232 subm_end 1 0 0 0 0 0
2146840185548857 137946042775232 pump_beg 1 0 0 0 0 0
2146840185690752 137946042775232 feedend 151 0 0 0 0 0
2146840185737810 137946042775232 feedend 151 1 0 0 0 0
2146840189053699 137946042775232 outfirst 151 1 65536 0 0 0
2146840189538412 137946042775232 outfirst 151 0 65536 0 0 0
2146840189594090 137946042775232 pump_end 1 2 0 0 0 0
2146840189594270 137946042775232 join_beg 1 0 0 0 0 0
2146840189594490 137946042775232 join_end 0 0 0 0 0 0
2146840189594699 137946042775232 book_beg 1 0 0 0 0 0
2146840189595219 137946042775232 batch 152 1 1 2 2 0
2146840189595249 137946042775232 book_end 1 0 0 0 0 0
2146840189595279 137946042775232 coll_beg 0 0 0 0 0 0
2146840189703586 137946042775232 coll_end 0 0 0 0 0 0
2146840189703646 137946042775232 rel_beg 1 0 0 0 0 0
2146840189704016 137946042775232 absorb 152 0 0 0 0 0
2146840189706055 137946042775232 rel_end 1 0 0 0 0 0
2146840189708085 137946042775232 wait_beg 0 0 0 0 0 0
2146840189708985 137946042775232 wait_end 0 0 0 0 0 0
2146840189710695 137946042775232 drain_beg 0 0 0 0 0 0
2146840189710875 137946042775232 drain_end 1 0 0 0 0 0
2146840189710955 137946042775232 take 153 0 0 0 0 0
2146840189711305 137946042775232 subm_beg 1 0 0 0 0 0
2146840189711505 137946042775232 submit 153 0 0 0 0 0
2146840189711665 137946042775232 subm_end 1 0 0 0 0 0
2146840189711695 137946042775232 pump_beg 1 0 0 0 0 0
2146840189838811 137946042775232 feedend 152 0 0 0 0 0
2146840189873369 137946042775232 feedend 152 1 0 0 0 0
2146840192890829 137946042775232 outfirst 152 1 65536 0 0 0
2146840193625363 137946042775232 outfirst 152 0 65536 0 0 0
2146840193681250 137946042775232 pump_end 1 2 0 0 0 0
2146840193681300 137946042775232 join_beg 1 0 0 0 0 0
2146840193681460 137946042775232 join_end 0 0 0 0 0 0
2146840193681490 137946042775232 book_beg 1 0 0 0 0 0
2146840193681590 137946042775232 batch 153 1 1 2 2 0
2146840193681680 137946042775232 book_end 1 0 0 0 0 0
2146840193681730 137946042775232 coll_beg 0 0 0 0 0 0
2146840193819295 137946042775232 coll_end 0 0 0 0 0 0
2146840193819405 137946042775232 rel_beg 1 0 0 0 0 0
2146840193819545 137946042775232 absorb 153 0 0 0 0 0
2146840193821555 137946042775232 rel_end 1 0 0 0 0 0
2146840193822575 137946042775232 wait_beg 0 0 0 0 0 0
2146840193823085 137946042775232 wait_end 0 0 0 0 0 0
2146840193824995 137946042775232 drain_beg 0 0 0 0 0 0
2146840193825105 137946042775232 drain_end 1 0 0 0 0 0
2146840193825205 137946042775232 take 154 0 0 0 0 0
2146840193825285 137946042775232 subm_beg 1 0 0 0 0 0
2146840193825485 137946042775232 submit 154 0 0 0 0 0
2146840193825655 137946042775232 subm_end 1 0 0 0 0 0
2146840193825725 137946042775232 pump_beg 1 0 0 0 0 0
2146840193933491 137946042775232 feedend 153 0 0 0 0 0
2146840193987059 137946042775232 feedend 153 1 0 0 0 0
2146840185537518 137946056009600 msgin 152 4718592 0 0 0 0
2146840185538158 137946056009600 enq 152 1 0 0 0 0
2146840189621129 137946056009600 msgin 153 4718592 0 0 0 0
2146840189621689 137946056009600 enq 153 1 0 0 0 0
2146840189712125 137946056009600 ackslot 152 151 152 151 1 0
2146840189793762 137946056009600 send 18 0 0 151 151 2
2146840190483347 137946056009600 send 216995 0 0 151 151 2
2146840191036707 137946056009600 send 179561 0 0 151 151 2
2146840191041717 137946056009600 send 14 0 0 151 151 2
2146840191041947 137946056009600 egress 152 1 0 151 0 0
2146840191042217 137946056009600 ackregion 152 152 152 151 1 0
2146840191287718 137946056009600 cliack 152 0 153 152 0 0
2146840193715739 137946056009600 msgin 154 4718592 0 0 0 0
2146840193715979 137946056009600 enq 154 1 0 0 0 0
2146840193825515 137946056009600 ackslot 153 152 153 152 1 0
2146840193844415 137946056009600 send 18 0 0 152 152 2
2146840189715225 137945960937152 emit_beg 152 0 0 0 0 0
2146840189719955 137945960937152 dmg 0 1 0 0 1024 768
2146840189720145 137945960937152 enc 151 151 1 -1 -1 0
2146840189753114 137945960937152 emit_end 152 0 0 0 0 0
2146840193829665 137945960937152 emit_beg 153 0 0 0 0 0
2146840193831785 137945960937152 dmg 0 1 0 0 1024 768
2146840193831875 137945960937152 enc 152 152 1 -1 -1 0
2146840193866874 137945960937152 emit_end 153 0 0 0 0 0
2146840196946011 137946042775232 outfirst 153 1 65536 0 0 0
2146840197481562 137946042775232 outfirst 153 0 65536 0 0 0
2146840197604307 137946042775232 pump_end 1 2 0 0 0 0
2146840197606327 137946042775232 join_beg 1 0 0 0 0 0
2146840197606387 137946042775232 join_end 0 0 0 0 0 0
2146840197606447 137946042775232 book_beg 1 0 0 0 0 0
2146840197606547 137946042775232 batch 154 1 1 2 2 0
2146840197606577 137946042775232 book_end 1 0 0 0 0 0
2146840197606617 137946042775232 coll_beg 0 0 0 0 0 0
2146840197696104 137946042775232 coll_end 0 0 0 0 0 0
2146840197696154 137946042775232 rel_beg 1 0 0 0 0 0
2146840197696304 137946042775232 absorb 154 0 0 0 0 0
2146840197698084 137946042775232 rel_end 1 0 0 0 0 0
2146840197699684 137946042775232 wait_beg 0 0 0 0 0 0
2146840198530114 137946042775232 wait_end 0 0 0 0 0 0
2146840198531703 137946042775232 drain_beg 0 0 0 0 0 0
2146840198531883 137946042775232 drain_end 1 0 0 0 0 0
2146840198532003 137946042775232 take 155 0 0 0 0 0
2146840198532203 137946042775232 subm_beg 1 0 0 0 0 0
2146840198532343 137946042775232 submit 155 0 0 0 0 0
2146840198532373 137946042775232 subm_end 1 0 0 0 0 0
2146840198532403 137946042775232 pump_beg 1 0 0 0 0 0
2146840198615620 137946042775232 feedend 154 0 0 0 0 0
2146840198653059 137946042775232 feedend 154 1 0 0 0 0
2146840201577632 137946042775232 outfirst 154 1 65536 0 0 0
2146840201918440 137946042775232 outfirst 154 0 65536 0 0 0
2146840201950379 137946042775232 pump_end 1 2 0 0 0 0
2146840201950559 137946042775232 join_beg 1 0 0 0 0 0
2146840201950799 137946042775232 join_end 0 0 0 0 0 0
2146840201950949 137946042775232 book_beg 1 0 0 0 0 0
2146840201951099 137946042775232 batch 155 1 1 2 2 0
2146840201951129 137946042775232 book_end 1 0 0 0 0 0
2146840201951149 137946042775232 coll_beg 0 0 0 0 0 0
2146840202069784 137946042775232 coll_end 0 0 0 0 0 0
2146840202069844 137946042775232 rel_beg 1 0 0 0 0 0
2146840202070024 137946042775232 absorb 155 0 0 0 0 0
2146840202072474 137946042775232 rel_end 1 0 0 0 0 0
2146840202073524 137946042775232 wait_beg 0 0 0 0 0 0
2146840202073974 137946042775232 wait_end 0 0 0 0 0 0
2146840202075684 137946042775232 drain_beg 0 0 0 0 0 0
2146840202075814 137946042775232 drain_end 1 0 0 0 0 0
2146840202075914 137946042775232 take 156 0 0 0 0 0
2146840202075964 137946042775232 subm_beg 1 0 0 0 0 0
2146840202076014 137946042775232 submit 156 0 0 0 0 0
2146840202076044 137946042775232 subm_end 1 0 0 0 0 0
2146840202076074 137946042775232 pump_beg 1 0 0 0 0 0
2146840202151101 137946042775232 feedend 155 0 0 0 0 0
2146840202226019 137946042775232 feedend 155 1 0 0 0 0
2146840194439873 137946056009600 send 194865 0 0 152 152 2
2146840194903206 137946056009600 send 152398 0 0 152 152 2
2146840194907176 137946056009600 send 14 0 0 152 152 2
2146840194907536 137946056009600 egress 153 1 0 152 0 0
2146840194907596 137946056009600 ackregion 153 153 153 152 1 0
2146840195075960 137946056009600 cliack 153 0 154 153 0 0
2146840197702774 137946056009600 ackslot 154 153 154 153 1 0
2146840197721493 137946056009600 send 18 0 0 153 153 2
2146840198142278 137946056009600 send 177172 0 0 153 153 2
2146840198470156 137946056009600 send 142197 0 0 153 153 2
2146840198473476 137946056009600 send 14 0 0 153 153 2
2146840198473786 137946056009600 egress 154 1 0 153 0 0
2146840198473816 137946056009600 ackregion 154 154 154 153 1 0
2146840198523944 137946056009600 msgin 155 4718592 0 0 0 0
2146840198524074 137946056009600 enq 155 1 0 0 0 0
2146840198968818 137946056009600 cliack 154 0 155 154 0 0
2146840201602291 137946056009600 msgin 156 4718592 0 0 0 0
2146840201602341 137946056009600 enq 156 1 0 0 0 0
2146840202076744 137946056009600 ackslot 155 154 155 154 1 0
2146840202084944 137946056009600 send 18 0 0 154 154 2
2146840202424122 137946056009600 send 152082 0 0 154 154 2
2146840202712791 137946056009600 send 133342 0 0 154 154 2
2146840202715781 137946056009600 send 14 0 0 154 154 2
2146840202718331 137946056009600 egress 155 1 0 154 0 0
2146840202718361 137946056009600 ackregion 155 155 155 154 1 0
2146840203406896 137946056009600 cliack 155 0 156 155 0 0
2146840197706624 137945960937152 emit_beg 154 0 0 0 0 0
2146840197711983 137945960937152 dmg 0 1 0 0 1024 768
2146840197712133 137945960937152 enc 153 153 1 -1 -1 0
2146840197738052 137945960937152 emit_end 154 0 0 0 0 0
2146840202077504 137945960937152 emit_beg 155 0 0 0 0 0
2146840202078454 137945960937152 dmg 0 1 0 0 1024 768
2146840202078494 137945960937152 enc 154 154 1 -1 -1 0
2146840202096623 137945960937152 emit_end 155 0 0 0 0 0
2146840205370674 137946042775232 outfirst 155 1 65536 0 0 0
2146840205627805 137946042775232 outfirst 155 0 65536 0 0 0
2146840205666813 137946042775232 pump_end 1 2 0 0 0 0
2146840205666973 137946042775232 join_beg 1 0 0 0 0 0
2146840205667013 137946042775232 join_end 0 0 0 0 0 0
2146840205667083 137946042775232 book_beg 1 0 0 0 0 0
2146840205667163 137946042775232 batch 156 1 1 2 2 0
2146840205667193 137946042775232 book_end 1 0 0 0 0 0
2146840205667223 137946042775232 coll_beg 0 0 0 0 0 0
2146840205745560 137946042775232 coll_end 0 0 0 0 0 0
2146840205745840 137946042775232 rel_beg 1 0 0 0 0 0
2146840205745910 137946042775232 absorb 156 0 0 0 0 0
2146840205747320 137946042775232 rel_end 1 0 0 0 0 0
2146840205748070 137946042775232 wait_beg 0 0 0 0 0 0
2146840205752420 137946056009600 ackslot 156 155 156 155 1 0
2146840205776759 137946056009600 send 18 0 0 155 155 2
2146840206318370 137946056009600 send 177783 0 0 155 155 2
2146840206821501 137946056009600 send 162860 0 0 155 155 2
2146840206827121 137946056009600 send 14 0 0 155 155 2
2146840206827371 137946056009600 egress 156 1 0 155 0 0
2146840206827571 137946056009600 ackregion 156 156 156 155 1 0
2146840206969096 137946056009600 cliack 156 0 157 156 0 0
2146840205754870 137945960937152 emit_beg 156 0 0 0 0 0
2146840205757430 137945960937152 dmg 0 1 0 0 1024 768
2146840205757540 137945960937152 enc 155 155 1 -1 -1 0
2146840205789859 137945960937152 emit_end 156 0 0 0 0 0
2146840217501601 137946042775232 wait_end 0 0 0 0 0 0
2146840217503711 137946042775232 drain_beg 0 0 0 0 0 0
2146840217504021 137946042775232 drain_end 1 0 0 0 0 0
2146840217504171 137946042775232 take 157 0 0 0 0 0
2146840217504431 137946042775232 subm_beg 1 0 0 0 0 0
2146840217504601 137946042775232 submit 157 0 0 0 0 0
2146840217504631 137946042775232 subm_end 1 0 0 0 0 0
2146840217504661 137946042775232 pump_beg 1 0 0 0 0 0
2146840217608258 137946042775232 feedend 156 0 0 0 0 0
2146840217681405 137946042775232 feedend 156 1 0 0 0 0
2146840220583399 137946042775232 outfirst 156 1 65536 0 0 0
2146840221027533 137946042775232 outfirst 156 0 65536 0 0 0
2146840221080561 137946042775232 pump_end 1 2 0 0 0 0
2146840221080611 137946042775232 join_beg 1 0 0 0 0 0
2146840221080651 137946042775232 join_end 0 0 0 0 0 0
2146840221080751 137946042775232 book_beg 1 0 0 0 0 0
2146840221080841 137946042775232 batch 157 1 1 2 2 0
2146840221080871 137946042775232 book_end 1 0 0 0 0 0
2146840221080901 137946042775232 coll_beg 0 0 0 0 0 0
2146840221184957 137946042775232 coll_end 0 0 0 0 0 0
2146840221185017 137946042775232 rel_beg 1 0 0 0 0 0
2146840221185147 137946042775232 absorb 157 0 0 0 0 0
2146840221188077 137946042775232 rel_end 1 0 0 0 0 0
2146840221189087 137946042775232 wait_beg 0 0 0 0 0 0
2146840217482452 137946056009600 msgin 157 4718592 0 0 0 0
2146840217482642 137946056009600 enq 157 1 0 0 0 0
2146840221193147 137946056009600 ackslot 157 156 157 156 1 0
2146840221221816 137946056009600 send 18 0 0 156 156 2
2146840221686469 137946056009600 send 159924 0 0 156 156 2
2146840222101334 137946056009600 send 134933 0 0 156 156 2
2146840222105804 137946056009600 send 14 0 0 156 156 2
2146840222106024 137946056009600 egress 157 1 0 156 0 0
2146840222106094 137946056009600 ackregion 157 157 157 156 1 0
2146840222220399 137946056009600 cliack 157 0 158 157 0 0
2146840221206026 137945960937152 emit_beg 157 0 0 0 0 0
2146840221208986 137945960937152 dmg 0 1 0 0 1024 768
2146840221209066 137945960937152 enc 156 156 1 -1 -1 0
2146840221229215 137945960937152 emit_end 157 0 0 0 0 0
2146840233313435 137946042775232 wait_end 0 0 0 0 0 0
2146840233314665 137946042775232 drain_beg 0 0 0 0 0 0
2146840233317474 137946042775232 drain_end 1 0 0 0 0 0
2146840233317584 137946042775232 take 158 0 0 0 0 0
2146840233317664 137946042775232 subm_beg 1 0 0 0 0 0
2146840233317764 137946042775232 submit 158 0 0 0 0 0
2146840233317794 137946042775232 subm_end 1 0 0 0 0 0
2146840233317824 137946042775232 pump_beg 1 0 0 0 0 0
2146840233401781 137946042775232 feedend 157 0 0 0 0 0
2146840233455799 137946042775232 feedend 157 1 0 0 0 0
2146840233309095 137946056009600 msgin 158 4718592 0 0 0 0
2146840233309175 137946056009600 enq 158 1 0 0 0 0
2146840236536027 137946042775232 outfirst 157 1 65536 0 0 0
2146840237125235 137946042775232 outfirst 157 0 65536 0 0 0
2146840237168354 137946042775232 pump_end 1 2 0 0 0 0
2146840237168454 137946042775232 join_beg 1 0 0 0 0 0
2146840237168524 137946042775232 join_end 0 0 0 0 0 0
2146840237168664 137946042775232 book_beg 1 0 0 0 0 0
2146840237168744 137946042775232 batch 158 1 1 2 2 0
2146840237168774 137946042775232 book_end 1 0 0 0 0 0
2146840237168794 137946042775232 coll_beg 0 0 0 0 0 0
2146840237288370 137946042775232 coll_end 0 0 0 0 0 0
2146840237288420 137946042775232 rel_beg 1 0 0 0 0 0
2146840237288480 137946042775232 absorb 158 0 0 0 0 0
2146840237289660 137946042775232 rel_end 1 0 0 0 0 0
2146840237290159 137946042775232 wait_beg 0 0 0 0 0 0
2146840237297029 137946056009600 ackslot 158 157 158 157 1 0
2146840237327048 137946056009600 send 18 0 0 157 157 2
2146840238228225 137946056009600 send 187890 0 0 157 157 2
2146840238679069 137946056009600 send 151354 0 0 157 157 2
2146840238683589 137946056009600 send 14 0 0 157 157 2
2146840238683759 137946056009600 egress 158 1 0 157 0 0
2146840238683829 137946056009600 ackregion 158 158 158 157 1 0
2146840238876982 137946056009600 cliack 158 0 159 158 0 0
2146840237306329 137945960937152 emit_beg 158 0 0 0 0 0
2146840237309049 137945960937152 dmg 0 1 0 0 1024 768
2146840237309139 137945960937152 enc 157 157 1 -1 -1 0
2146840237334118 137945960937152 emit_end 158 0 0 0 0 0
2146840250219168 137946042775232 wait_end 0 0 0 0 0 0
2146840250221488 137946042775232 drain_beg 0 0 0 0 0 0
2146840250221808 137946042775232 drain_end 1 0 0 0 0 0
2146840250221958 137946042775232 take 159 0 0 0 0 0
2146840250222098 137946042775232 subm_beg 1 0 0 0 0 0
2146840250222358 137946042775232 submit 159 0 0 0 0 0
2146840250222418 137946042775232 subm_end 1 0 0 0 0 0
2146840250222448 137946042775232 pump_beg 1 0 0 0 0 0
2146840250319994 137946042775232 feedend 158 0 0 0 0 0
2146840250394911 137946042775232 feedend 158 1 0 0 0 0
2146840253421061 137946042775232 outfirst 158 1 65536 0 0 0
2146840253900094 137946042775232 outfirst 158 0 65536 0 0 0
2146840253959971 137946042775232 pump_end 1 2 0 0 0 0
2146840253960021 137946042775232 join_beg 1 0 0 0 0 0
2146840253960191 137946042775232 join_end 0 0 0 0 0 0
2146840253960241 137946042775232 book_beg 1 0 0 0 0 0
2146840253960331 137946042775232 batch 159 1 1 2 2 0
2146840253960361 137946042775232 book_end 1 0 0 0 0 0
2146840253960381 137946042775232 coll_beg 0 0 0 0 0 0
2146840254083907 137946042775232 coll_end 0 0 0 0 0 0
2146840254083977 137946042775232 rel_beg 1 0 0 0 0 0
2146840254084187 137946042775232 absorb 159 0 0 0 0 0
2146840254086397 137946042775232 rel_end 1 0 0 0 0 0
2146840254087447 137946042775232 wait_beg 0 0 0 0 0 0
2146840250200158 137946056009600 msgin 159 4718592 0 0 0 0
2146840250200358 137946056009600 enq 159 1 0 0 0 0
2146840254109586 137946056009600 ackslot 159 158 159 158 1 0
2146840254141025 137946056009600 send 18 0 0 158 158 2
2146840254105156 137945960937152 emit_beg 159 0 0 0 0 0
2146840254107846 137945960937152 dmg 0 1 0 0 1024 768
2146840254107906 137945960937152 enc 158 158 1 -1 -1 0
2146840254133015 137945960937152 emit_end 159 0 0 0 0 0
2146840254979624 137946056009600 send 172345 0 0 158 158 2
2146840255538394 137946056009600 send 144003 0 0 158 158 2
2146840255542994 137946056009600 send 14 0 0 158 158 2
2146840255543214 137946056009600 egress 159 1 0 158 0 0
2146840255543444 137946056009600 ackregion 159 159 159 158 1 0
2146840255633650 137946056009600 cliack 159 0 160 159 0 0
2146840265817569 137946042775232 wait_end 0 0 0 0 0 0
2146840265819279 137946042775232 drain_beg 0 0 0 0 0 0
2146840265819509 137946042775232 drain_end 1 0 0 0 0 0
2146840265819609 137946042775232 take 160 0 0 0 0 0
2146840265819899 137946042775232 subm_beg 1 0 0 0 0 0
2146840265820459 137946042775232 submit 160 0 0 0 0 0
2146840265820509 137946042775232 subm_end 1 0 0 0 0 0
2146840265820549 137946042775232 pump_beg 1 0 0 0 0 0
2146840265929325 137946042775232 feedend 159 0 0 0 0 0
2146840265992822 137946042775232 feedend 159 1 0 0 0 0
2146840268780491 137946042775232 outfirst 159 1 65536 0 0 0
2146840269320811 137946042775232 outfirst 159 0 65536 0 0 0
2146840269353620 137946042775232 pump_end 1 2 0 0 0 0
2146840269353840 137946042775232 join_beg 1 0 0 0 0 0
2146840269354370 137946042775232 join_end 0 0 0 0 0 0
2146840269354450 137946042775232 book_beg 1 0 0 0 0 0
2146840269354580 137946042775232 batch 160 1 1 2 2 0
2146840269354620 137946042775232 book_end 1 0 0 0 0 0
2146840269354650 137946042775232 coll_beg 0 0 0 0 0 0
2146840269420607 137946042775232 coll_end 0 0 0 0 0 0
2146840269420657 137946042775232 rel_beg 1 0 0 0 0 0
2146840269420757 137946042775232 absorb 160 0 0 0 0 0
2146840269423357 137946042775232 rel_end 1 0 0 0 0 0
2146840269424747 137946042775232 wait_beg 0 0 0 0 0 0
2146840265809389 137946056009600 msgin 160 4718592 0 0 0 0
2146840265809699 137946056009600 enq 160 1 0 0 0 0
2146840269429407 137946056009600 ackslot 160 159 160 159 1 0
2146840269480385 137946056009600 send 18 0 0 159 159 2
2146840269917119 137946056009600 send 144101 0 0 159 159 2
2146840270268006 137946056009600 send 114552 0 0 159 159 2
2146840270272306 137946056009600 send 14 0 0 159 159 2
2146840270272476 137946056009600 egress 160 1 0 159 0 0
2146840270272736 137946056009600 ackregion 160 160 160 159 1 0
2146840270384102 137946056009600 cliack 160 0 161 160 0 0
2146840269444256 137945960937152 emit_beg 160 0 0 0 0 0
2146840269449936 137945960937152 dmg 0 1 0 0 1024 768
2146840269450186 137945960937152 enc 159 159 1 -1 -1 0
2146840269472505 137945960937152 emit_end 160 0 0 0 0 0
2146840282347716 137946042775232 wait_end 0 0 0 0 0 0
2146840282350226 137946042775232 drain_beg 0 0 0 0 0 0
2146840282350676 137946042775232 drain_end 1 0 0 0 0 0
2146840282350876 137946042775232 take 161 0 0 0 0 0
2146840282351236 137946042775232 subm_beg 1 0 0 0 0 0
2146840282351925 137946042775232 submit 161 0 0 0 0 0
2146840282351985 137946042775232 subm_end 1 0 0 0 0 0
2146840282352015 137946042775232 pump_beg 1 0 0 0 0 0
2146840282485791 137946042775232 feedend 160 0 0 0 0 0
2146840282535239 137946042775232 feedend 160 1 0 0 0 0
2146840282325316 137946056009600 msgin 161 4718592 0 0 0 0
2146840282325776 137946056009600 enq 161 1 0 0 0 0
2146840285821239 137946042775232 outfirst 160 1 65536 0 0 0
2146840286349040 137946042775232 outfirst 160 0 65536 0 0 0
2146840286406828 137946042775232 pump_end 1 2 0 0 0 0
2146840286407048 137946042775232 join_beg 1 0 0 0 0 0
2146840286407308 137946042775232 join_end 0 0 0 0 0 0
2146840286407418 137946042775232 book_beg 1 0 0 0 0 0
2146840286418587 137946042775232 batch 161 1 1 2 2 0
2146840286418647 137946042775232 book_end 1 0 0 0 0 0
2146840286418697 137946042775232 coll_beg 0 0 0 0 0 0
2146840286568332 137946042775232 coll_end 0 0 0 0 0 0
2146840286568372 137946042775232 rel_beg 1 0 0 0 0 0
2146840286568452 137946042775232 absorb 161 0 0 0 0 0
2146840286571092 137946042775232 rel_end 1 0 0 0 0 0
2146840286572922 137946042775232 wait_beg 0 0 0 0 0 0
2146840287814846 137946042775232 wait_end 0 0 0 0 0 0
2146840287817046 137946042775232 drain_beg 0 0 0 0 0 0
2146840287817286 137946042775232 drain_end 1 0 0 0 0 0
2146840287817406 137946042775232 take 162 0 0 0 0 0
2146840287817546 137946042775232 subm_beg 1 0 0 0 0 0
2146840287817656 137946042775232 submit 162 0 0 0 0 0
2146840287817686 137946042775232 subm_end 1 0 0 0 0 0
2146840287817716 137946042775232 pump_beg 1 0 0 0 0 0
2146840287916132 137946042775232 feedend 161 0 0 0 0 0
2146840287995240 137946042775232 feedend 161 1 0 0 0 0
2146840291372176 137946042775232 outfirst 161 1 65536 0 0 0
2146840291736943 137946042775232 outfirst 161 0 65536 0 0 0
2146840291779092 137946042775232 pump_end 1 2 0 0 0 0
2146840291779172 137946042775232 join_beg 1 0 0 0 0 0
2146840291779292 137946042775232 join_end 0 0 0 0 0 0
2146840291779432 137946042775232 book_beg 1 0 0 0 0 0
2146840291779562 137946042775232 batch 162 1 1 2 2 0
2146840291779612 137946042775232 book_end 1 0 0 0 0 0
2146840291779672 137946042775232 coll_beg 0 0 0 0 0 0
2146840291932116 137946042775232 coll_end 0 0 0 0 0 0
2146840291932186 137946042775232 rel_beg 1 0 0 0 0 0
2146840291932326 137946042775232 absorb 162 0 0 0 0 0
2146840291934556 137946042775232 rel_end 1 0 0 0 0 0
2146840291936336 137946042775232 wait_beg 0 0 0 0 0 0
2146840291937336 137946042775232 wait_end 0 0 0 0 0 0
2146840291939256 137946042775232 drain_beg 0 0 0 0 0 0
2146840291939436 137946042775232 drain_end 1 0 0 0 0 0
2146840291939576 137946042775232 take 163 0 0 0 0 0
2146840291939756 137946042775232 subm_beg 1 0 0 0 0 0
2146840291939946 137946042775232 submit 163 0 0 0 0 0
2146840291940006 137946042775232 subm_end 1 0 0 0 0 0
2146840291940056 137946042775232 pump_beg 1 0 0 0 0 0
2146840292076591 137946042775232 feedend 162 0 0 0 0 0
2146840292123539 137946042775232 feedend 162 1 0 0 0 0
2146840294664256 137946042775232 outfirst 162 1 65536 0 0 0
2146840286576781 137946056009600 ackslot 161 160 161 160 1 0
2146840286608470 137946056009600 send 18 0 0 160 160 2
2146840287199199 137946056009600 send 202071 0 0 160 160 2
2146840287717090 137946056009600 send 173122 0 0 160 160 2
2146840287721670 137946056009600 send 14 0 0 160 160 2
2146840287721880 137946056009600 egress 161 1 0 160 0 0
2146840287722130 137946056009600 ackregion 161 161 161 160 1 0
2146840287795997 137946056009600 msgin 162 4718592 0 0 0 0
2146840287796267 137946056009600 enq 162 1 0 0 0 0
2146840288173233 137946056009600 cliack 161 0 162 161 0 0
2146840290414101 137946056009600 msgin 163 4718592 0 0 0 0
2146840290414171 137946056009600 enq 163 1 0 0 0 0
2146840291939806 137946056009600 ackslot 162 161 162 161 1 0
2146840291972195 137946056009600 send 18 0 0 161 161 2
2146840292561783 137946056009600 send 202049 0 0 161 161 2
2146840293121943 137946056009600 send 181277 0 0 161 161 2
2146840293127532 137946056009600 send 14 0 0 161 161 2
2146840293127712 137946056009600 egress 162 1 0 161 0 0
2146840293127912 137946056009600 ackregion 162 162 162 161 1 0
2146840293265737 137946056009600 cliack 162 0 163 162 0 0
2146840286577411 137945960937152 emit_beg 161 0 0 0 0 0
2146840286580341 137945960937152 dmg 0 1 0 0 1024 768
2146840286580551 137945960937152 enc 160 160 1 -1 -1 0
2146840286607830 137945960937152 emit_end 161 0 0 0 0 0
2146840291942596 137945960937152 emit_beg 162 0 0 0 0 0
2146840291946036 137945960937152 dmg 0 1 0 0 1024 768
2146840291946346 137945960937152 enc 161 161 1 -1 -1 0
2146840291977314 137945960937152 emit_end 162 0 0 0 0 0
2146840295040263 137946042775232 outfirst 162 0 65536 0 0 0
2146840295054142 137946042775232 pump_end 1 2 0 0 0 0
2146840295054272 137946042775232 join_beg 1 0 0 0 0 0
2146840295054332 137946042775232 join_end 0 0 0 0 0 0
2146840295054392 137946042775232 book_beg 1 0 0 0 0 0
2146840295054462 137946042775232 batch 163 1 1 2 2 0
2146840295054522 137946042775232 book_end 1 0 0 0 0 0
2146840295054572 137946042775232 coll_beg 0 0 0 0 0 0
2146840295103970 137946042775232 coll_end 0 0 0 0 0 0
2146840295104100 137946042775232 rel_beg 1 0 0 0 0 0
2146840295104180 137946042775232 absorb 163 0 0 0 0 0
2146840295105440 137946042775232 rel_end 1 0 0 0 0 0
2146840295105960 137946042775232 wait_beg 0 0 0 0 0 0
2146840295110080 137946056009600 ackslot 163 162 163 162 1 0
2146840295118420 137946056009600 send 18 0 0 162 162 2
2146840295480507 137946056009600 send 122217 0 0 162 162 2
2146840295779756 137946056009600 send 98994 0 0 162 162 2
2146840295784226 137946056009600 send 14 0 0 162 162 2
2146840295784416 137946056009600 egress 163 1 0 162 0 0
2146840295784476 137946056009600 ackregion 163 163 163 162 1 0
2146840295868432 137946056009600 cliack 163 0 164 163 0 0
2146840295109110 137945960937152 emit_beg 163 0 0 0 0 0
2146840295110150 137945960937152 dmg 0 1 0 0 1024 768
2146840295110380 137945960937152 enc 162 162 1 -1 -1 0
2146840295124520 137945960937152 emit_end 163 0 0 0 0 0
2146840307247897 137946042775232 wait_end 0 0 0 0 0 0
2146840307250217 137946042775232 drain_beg 0 0 0 0 0 0
2146840307250517 137946042775232 drain_end 1 0 0 0 0 0
2146840307250667 137946042775232 take 164 0 0 0 0 0
2146840307250807 137946042775232 subm_beg 1 0 0 0 0 0
2146840307250987 137946042775232 submit 164 0 0 0 0 0
2146840307251057 137946042775232 subm_end 1 0 0 0 0 0
2146840307251117 137946042775232 pump_beg 1 0 0 0 0 0
2146840307338284 137946042775232 feedend 163 0 0 0 0 0
2146840307445480 137946042775232 feedend 163 1 0 0 0 0
2146840310379283 137946042775232 outfirst 163 1 65536 0 0 0
2146840310719001 137946042775232 outfirst 163 0 65536 0 0 0
2146840310775579 137946042775232 pump_end 1 2 0 0 0 0
2146840310775789 137946042775232 join_beg 1 0 0 0 0 0
2146840310775879 137946042775232 join_end 0 0 0 0 0 0
2146840310775999 137946042775232 book_beg 1 0 0 0 0 0
2146840310776129 137946042775232 batch 164 1 1 2 2 0
2146840310776209 137946042775232 book_end 1 0 0 0 0 0
2146840310776289 137946042775232 coll_beg 0 0 0 0 0 0
2146840310879575 137946042775232 coll_end 0 0 0 0 0 0
2146840310879735 137946042775232 rel_beg 1 0 0 0 0 0
2146840310879885 137946042775232 absorb 164 0 0 0 0 0
2146840310881915 137946042775232 rel_end 1 0 0 0 0 0
2146840310882875 137946042775232 wait_beg 0 0 0 0 0 0
2146840307227938 137946056009600 msgin 164 4718592 0 0 0 0
2146840307228258 137946056009600 enq 164 1 0 0 0 0
2146840310890864 137946056009600 ackslot 164 163 164 163 1 0
2146840310930503 137946056009600 send 18 0 0 163 163 2
2146840311693375 137946056009600 send 155733 0 0 163 163 2
2146840312331212 137946056009600 send 134533 0 0 163 163 2
2146840312336122 137946056009600 send 14 0 0 163 163 2
2146840312336312 137946056009600 egress 164 1 0 163 0 0
2146840312336392 137946056009600 ackregion 164 164 164 163 1 0
2146840312406269 137946056009600 cliack 164 0 165 164 0 0
2146840310901234 137945960937152 emit_beg 164 0 0 0 0 0
2146840310904314 137945960937152 dmg 0 1 0 0 1024 768
2146840310904374 137945960937152 enc 163 163 1 -1 -1 0
2146840310926493 137945960937152 emit_end 164 0 0 0 0 0
2146840322559869 137946042775232 wait_end 0 0 0 0 0 0
2146840322562039 137946042775232 drain_beg 0 0 0 0 0 0
2146840322562319 137946042775232 drain_end 1 0 0 0 0 0
2146840322562488 137946042775232 take 165 0 0 0 0 0
2146840322562688 137946042775232 subm_beg 1 0 0 0 0 0
2146840322565938 137946042775232 submit 165 0 0 0 0 0
2146840322565988 137946042775232 subm_end 1 0 0 0 0 0
2146840322566048 137946042775232 pump_beg 1 0 0 0 0 0
2146840322668795 137946042775232 feedend 164 0 0 0 0 0
2146840322720143 137946042775232 feedend 164 1 0 0 0 0
2146840322541519 137946056009600 msgin 165 4718592 0 0 0 0
2146840322541619 137946056009600 enq 165 1 0 0 0 0
2146840325626017 137946042775232 outfirst 164 1 65536 0 0 0
2146840325990343 137946042775232 outfirst 164 0 65536 0 0 0
2146840326036472 137946042775232 pump_end 1 2 0 0 0 0
2146840326036672 137946042775232 join_beg 1 0 0 0 0 0
2146840326036912 137946042775232 join_end 0 0 0 0 0 0
2146840326037042 137946042775232 book_beg 1 0 0 0 0 0
2146840326037162 137946042775232 batch 165 1 1 2 2 0
2146840326037242 137946042775232 book_end 1 0 0 0 0 0
2146840326037322 137946042775232 coll_beg 0 0 0 0 0 0
2146840326139948 137946042775232 coll_end 0 0 0 0 0 0
2146840326140108 137946042775232 rel_beg 1 0 0 0 0 0
2146840326140238 137946042775232 absorb 165 0 0 0 0 0
2146840326142498 137946042775232 rel_end 1 0 0 0 0 0
2146840326143638 137946042775232 wait_beg 0 0 0 0 0 0
2146840326147838 137946056009600 ackslot 165 164 165 164 1 0
2146840326184916 137946056009600 send 18 0 0 164 164 2
2146840326624520 137946056009600 send 148932 0 0 164 164 2
2146840326989777 137946056009600 send 127276 0 0 164 164 2
2146840326995697 137946056009600 send 14 0 0 164 164 2
2146840326995857 137946056009600 egress 165 1 0 164 0 0
2146840326996027 137946056009600 ackregion 165 165 165 164 1 0
2146840327104603 137946056009600 cliack 165 0 166 165 0 0
2146840326162307 137945960937152 emit_beg 165 0 0 0 0 0
2146840326167657 137945960937152 dmg 0 1 0 0 1024 768
2146840326167747 137945960937152 enc 164 164 1 -1 -1 0
2146840326190966 137945960937152 emit_end 165 0 0 0 0 0
2146840338353832 137946042775232 wait_end 0 0 0 0 0 0
2146840338355332 137946042775232 drain_beg 0 0 0 0 0 0
2146840338355512 137946042775232 drain_end 1 0 0 0 0 0
2146840338355632 137946042775232 take 166 0 0 0 0 0
2146840338355752 137946042775232 subm_beg 1 0 0 0 0 0
2146840338355832 137946042775232 submit 166 0 0 0 0 0
2146840338355882 137946042775232 subm_end 1 0 0 0 0 0
2146840338355932 137946042775232 pump_beg 1 0 0 0 0 0
2146840338443899 137946042775232 feedend 165 0 0 0 0 0
2146840338490047 137946042775232 feedend 165 1 0 0 0 0
2146840341667621 137946042775232 outfirst 165 1 65536 0 0 0
2146840342183063 137946042775232 outfirst 165 0 65536 0 0 0
2146840342225181 137946042775232 pump_end 1 2 0 0 0 0
2146840342225381 137946042775232 join_beg 1 0 0 0 0 0
2146840342225611 137946042775232 join_end 0 0 0 0 0 0
2146840342225681 137946042775232 book_beg 1 0 0 0 0 0
2146840342225791 137946042775232 batch 166 1 1 2 2 0
2146840342225821 137946042775232 book_end 1 0 0 0 0 0
2146840342225851 137946042775232 coll_beg 0 0 0 0 0 0
2146840342314068 137946042775232 coll_end 0 0 0 0 0 0
2146840342314138 137946042775232 rel_beg 1 0 0 0 0 0
2146840342314288 137946042775232 absorb 166 0 0 0 0 0
2146840342316248 137946042775232 rel_end 1 0 0 0 0 0
2146840342317548 137946042775232 wait_beg 0 0 0 0 0 0
2146840338348823 137946056009600 msgin 166 4718592 0 0 0 0
2146840338348943 137946056009600 enq 166 1 0 0 0 0
2146840342323128 137946056009600 ackslot 166 165 166 165 1 0
2146840342363266 137946056009600 send 18 0 0 165 165 2
2146840342945795 137946056009600 send 192783 0 0 165 165 2
2146840343435787 137946056009600 send 162567 0 0 165 165 2
2146840343440227 137946056009600 send 14 0 0 165 165 2
2146840343440437 137946056009600 egress 166 1 0 165 0 0
2146840343440687 137946056009600 ackregion 166 166 166 165 1 0
2146840343598241 137946056009600 cliack 166 0 167 166 0 0
2146840342335087 137945960937152 emit_beg 166 0 0 0 0 0
2146840342339927 137945960937152 dmg 0 1 0 0 1024 768
2146840342340067 137945960937152 enc 165 165 1 -1 -1 0
2146840342367856 137945960937152 emit_end 166 0 0 0 0 0
2146840354370638 137946042775232 wait_end 0 0 0 0 0 0
2146840354372988 137946042775232 drain_beg 0 0 0 0 0 0
2146840354373178 137946042775232 drain_end 1 0 0 0 0 0
2146840354373288 137946042775232 take 167 0 0 0 0 0
2146840354373418 137946042775232 subm_beg 1 0 0 0 0 0
2146840354373588 137946042775232 submit 167 0 0 0 0 0
2146840354373658 137946042775232 subm_end 1 0 0 0 0 0
2146840354373718 137946042775232 pump_beg 1 0 0 0 0 0
2146840354486884 137946042775232 feedend 166 0 0 0 0 0
2146840354547482 137946042775232 feedend 166 1 0 0 0 0
2146840354351559 137946056009600 msgin 167 4718592 0 0 0 0
2146840354351849 137946056009600 enq 167 1 0 0 0 0
2146840357786013 137946042775232 outfirst 166 1 65536 0 0 0
2146840358456679 137946042775232 outfirst 166 0 65536 0 0 0
2146840358500597 137946042775232 pump_end 1 2 0 0 0 0
2146840358500987 137946042775232 join_beg 1 0 0 0 0 0
2146840358501347 137946042775232 join_end 0 0 0 0 0 0
2146840358501557 137946042775232 book_beg 1 0 0 0 0 0
2146840358501967 137946042775232 batch 167 1 1 2 2 0
2146840358502017 137946042775232 book_end 1 0 0 0 0 0
2146840358502047 137946042775232 coll_beg 0 0 0 0 0 0
2146840358595814 137946042775232 coll_end 0 0 0 0 0 0
2146840358595944 137946042775232 rel_beg 1 0 0 0 0 0
2146840358596124 137946042775232 absorb 167 0 0 0 0 0
2146840358599434 137946042775232 rel_end 1 0 0 0 0 0
2146840358601194 137946042775232 wait_beg 0 0 0 0 0 0
2146840359870387 137946042775232 wait_end 0 0 0 0 0 0
2146840359871537 137946042775232 drain_beg 0 0 0 0 0 0
2146840359871717 137946042775232 drain_end 1 0 0 0 0 0
2146840359871807 137946042775232 take 168 0 0 0 0 0
2146840359871907 137946042775232 subm_beg 1 0 0 0 0 0
2146840359872167 137946042775232 submit 168 0 0 0 0 0
2146840359872197 137946042775232 subm_end 1 0 0 0 0 0
2146840359872227 137946042775232 pump_beg 1 0 0 0 0 0
2146840359973504 137946042775232 feedend 167 0 0 0 0 0
2146840360041961 137946042775232 feedend 167 1 0 0 0 0
2146840362998133 137946042775232 outfirst 167 1 65536 0 0 0
2146840363496625 137946042775232 outfirst 167 0 65536 0 0 0
2146840363544173 137946042775232 pump_end 1 2 0 0 0 0
2146840363544263 137946042775232 join_beg 1 0 0 0 0 0
2146840363544363 137946042775232 join_end 0 0 0 0 0 0
2146840363544433 137946042775232 book_beg 1 0 0 0 0 0
2146840363544513 137946042775232 batch 168 1 1 2 2 0
2146840363544543 137946042775232 book_end 1 0 0 0 0 0
2146840363549313 137946042775232 coll_beg 0 0 0 0 0 0
2146840363662049 137946042775232 coll_end 0 0 0 0 0 0
2146840363662099 137946042775232 rel_beg 1 0 0 0 0 0
2146840363662179 137946042775232 absorb 168 0 0 0 0 0
2146840363663769 137946042775232 rel_end 1 0 0 0 0 0
2146840363664439 137946042775232 wait_beg 0 0 0 0 0 0
2146840363664869 137946042775232 wait_end 0 0 0 0 0 0
2146840363666509 137946042775232 drain_beg 0 0 0 0 0 0
2146840363666609 137946042775232 drain_end 1 0 0 0 0 0
2146840363666719 137946042775232 take 169 0 0 0 0 0
2146840363666839 137946042775232 subm_beg 1 0 0 0 0 0
2146840363666909 137946042775232 submit 169 0 0 0 0 0
2146840363666939 137946042775232 subm_end 1 0 0 0 0 0
2146840363666969 137946042775232 pump_beg 1 0 0 0 0 0
2146840363763965 137946042775232 feedend 168 0 0 0 0 0
2146840363825903 137946042775232 feedend 168 1 0 0 0 0
2146840358608793 137946056009600 ackslot 167 166 167 166 1 0
2146840358656652 137946056009600 send 18 0 0 166 166 2
2146840359278299 137946056009600 send 206868 0 0 166 166 2
2146840359768341 137946056009600 send 164906 0 0 166 166 2
2146840359773021 137946056009600 send 14 0 0 166 166 2
2146840359773211 137946056009600 egress 167 1 0 166 0 0
2146840359773541 137946056009600 ackregion 167 167 167 166 1 0
2146840359865548 137946056009600 msgin 168 4718592 0 0 0 0
2146840359866028 137946056009600 enq 168 1 0 0 0 0
2146840359961524 137946056009600 cliack 167 0 168 167 0 0
2146840362785481 137946056009600 msgin 169 4718592 0 0 0 0
2146840362785661 137946056009600 enq 169 1 0 0 0 0
2146840363668439 137946056009600 ackslot 168 167 168 167 1 0
2146840363686368 137946056009600 send 18 0 0 167 167 2
2146840364182860 137946056009600 send 170403 0 0 167 167 2
2146840364607475 137946056009600 send 144061 0 0 167 167 2
2146840364612064 137946056009600 send 14 0 0 167 167 2
2146840364612224 137946056009600 egress 168 1 0 167 0 0
2146840364612384 137946056009600 ackregion 168 168 168 167 1 0
2146840364710491 137946056009600 cliack 168 0 169 168 0 0
2146840358607484 137945960937152 emit_beg 167 0 0 0 0 0
2146840358611783 137945960937152 dmg 0 1 0 0 1024 768
2146840358612133 137945960937152 enc 166 166 1 -1 -1 0
2146840358638072 137945960937152 emit_end 167 0 0 0 0 0
2146840363670159 137945960937152 emit_beg 168 0 0 0 0 0
2146840363672859 137945960937152 dmg 0 1 0 0 1024 768
2146840363672929 137945960937152 enc 167 167 1 -1 -1 0
2146840363695658 137945960937152 emit_end 168 0 0 0 0 0
2146840367018817 137946042775232 outfirst 168 1 65536 0 0 0
2146840367284777 137946042775232 outfirst 168 0 65536 0 0 0
2146840367322955 137946042775232 pump_end 1 2 0 0 0 0
2146840367323145 137946042775232 join_beg 1 0 0 0 0 0
2146840367323225 137946042775232 join_end 0 0 0 0 0 0
2146840367323365 137946042775232 book_beg 1 0 0 0 0 0
2146840367323485 137946042775232 batch 169 1 1 2 2 0
2146840367323565 137946042775232 book_end 1 0 0 0 0 0
2146840367323645 137946042775232 coll_beg 0 0 0 0 0 0
2146840367441051 137946042775232 coll_end 0 0 0 0 0 0
2146840367441221 137946042775232 rel_beg 1 0 0 0 0 0
2146840367441351 137946042775232 absorb 169 0 0 0 0 0
2146840367442881 137946042775232 rel_end 1 0 0 0 0 0
2146840367443571 137946042775232 wait_beg 0 0 0 0 0 0
2146840367447861 137946056009600 ackslot 169 168 169 168 1 0
2146840367462390 137946056009600 send 18 0 0 168 168 2
2146840367977922 137946056009600 send 174737 0 0 168 168 2
2146840368460424 137946056009600 send 158575 0 0 168 168 2
2146840368465434 137946056009600 send 14 0 0 168 168 2
2146840368465594 137946056009600 egress 169 1 0 168 0 0
2146840368465684 137946056009600 ackregion 169 169 169 168 1 0
2146840368592769 137946056009600 cliack 169 0 170 169 0 0
2146840367448921 137945960937152 emit_beg 169 0 0 0 0 0
2146840367451151 137945960937152 dmg 0 1 0 0 1024 768
2146840367451231 137945960937152 enc 168 168 1 -1 -1 0
2146840367473460 137945960937152 emit_end 169 0 0 0 0 0
2146840379062787 137946042775232 wait_end 0 0 0 0 0 0
2146840379064427 137946042775232 drain_beg 0 0 0 0 0 0
2146840379064647 137946042775232 drain_end 1 0 0 0 0 0
2146840379064757 137946042775232 take 170 0 0 0 0 0
2146840379065167 137946042775232 subm_beg 1 0 0 0 0 0
2146840379065677 137946042775232 submit 170 0 0 0 0 0
2146840379066047 137946042775232 subm_end 1 0 0 0 0 0
2146840379066077 137946042775232 pump_beg 1 0 0 0 0 0
2146840379174993 137946042775232 feedend 169 0 0 0 0 0
2146840379233461 137946042775232 feedend 169 1 0 0 0 0
2146840382380116 137946042775232 outfirst 169 1 65536 0 0 0
2146840382864989 137946042775232 outfirst 169 0 65536 0 0 0
2146840382907287 137946042775232 pump_end 1 2 0 0 0 0
2146840382907487 137946042775232 join_beg 1 0 0 0 0 0
2146840382907697 137946042775232 join_end 0 0 0 0 0 0
2146840382907757 137946042775232 book_beg 1 0 0 0 0 0
2146840382907947 137946042775232 batch 170 1 1 2 2 0
2146840382908027 137946042775232 book_end 1 0 0 0 0 0
2146840382908087 137946042775232 coll_beg 0 0 0 0 0 0
2146840383072901 137946042775232 coll_end 0 0 0 0 0 0
2146840383073061 137946042775232 rel_beg 1 0 0 0 0 0
2146840383073341 137946042775232 absorb 170 0 0 0 0 0
2146840383078521 137946042775232 rel_end 1 0 0 0 0 0
2146840383080961 137946042775232 wait_beg 0 0 0 0 0 0
2146840379055778 137946056009600 msgin 170 4718592 0 0 0 0
2146840379056467 137946056009600 enq 170 1 0 0 0 0
2146840383083761 137946056009600 ackslot 170 169 170 169 1 0
2146840383134989 137946056009600 send 18 0 0 169 169 2
2146840383693778 137946056009600 send 182113 0 0 169 169 2
2146840384157231 137946056009600 send 148936 0 0 169 169 2
2146840384161541 137946056009600 send 14 0 0 169 169 2
2146840384161791 137946056009600 egress 170 1 0 169 0 0
2146840384162071 137946056009600 ackregion 170 170 170 169 1 0
2146840384303276 137946056009600 cliack 170 0 171 170 0 0
2146840383092150 137945960937152 emit_beg 170 0 0 0 0 0
2146840383096580 137945960937152 dmg 0 1 0 0 1024 768
2146840383096960 137945960937152 enc 169 169 1 -1 -1 0
2146840383122769 137945960937152 emit_end 170 0 0 0 0 0
2146840394991886 137946042775232 wait_end 0 0 0 0 0 0
2146840394994786 137946042775232 drain_beg 0 0 0 0 0 0
2146840394995126 137946042775232 drain_end 1 0 0 0 0 0
2146840394995346 137946042775232 take 171 0 0 0 0 0
2146840394995876 137946042775232 subm_beg 1 0 0 0 0 0
2146840394996606 137946042775232 submit 171 0 0 0 0 0
2146840394996696 137946042775232 subm_end 1 0 0 0 0 0
2146840394996776 137946042775232 pump_beg 1 0 0 0 0 0
2146840395131681 137946042775232 feedend 170 0 0 0 0 0
2146840395199989 137946042775232 feedend 170 1 0 0 0 0
2146840394969287 137946056009600 msgin 171 4718592 0 0 0 0
2146840394969737 137946056009600 enq 171 1 0 0 0 0
2146840398128722 137946042775232 outfirst 170 1 65536 0 0 0
2146840398563356 137946042775232 outfirst 170 0 65536 0 0 0
2146840398624044 137946042775232 pump_end 1 2 0 0 0 0
2146840398624304 137946042775232 join_beg 1 0 0 0 0 0
2146840398624924 137946042775232 join_end 0 0 0 0 0 0
2146840398625144 137946042775232 book_beg 1 0 0 0 0 0
2146840398625534 137946042775232 batch 171 1 1 2 2 0
2146840398625614 137946042775232 book_end 1 0 0 0 0 0
2146840398625694 137946042775232 coll_beg 0 0 0 0 0 0
2146840398744519 137946042775232 coll_end 0 0 0 0 0 0
2146840398744659 137946042775232 rel_beg 1 0 0 0 0 0
2146840398744899 137946042775232 absorb 171 0 0 0 0 0
2146840398748269 137946042775232 rel_end 1 0 0 0 0 0
2146840398750419 137946042775232 wait_beg 0 0 0 0 0 0
2146840398757859 137946056009600 ackslot 171 170 171 170 1 0
2146840398805547 137946056009600 send 18 0 0 170 170 2
2146840399512681 137946056009600 send 156953 0 0 170 170 2
2146840399909027 137946056009600 send 134019 0 0 170 170 2
2146840399913617 137946056009600 send 14 0 0 170 170 2
2146840399913787 137946056009600 egress 171 1 0 170 0 0
2146840399914017 137946056009600 ackregion 171 171 171 170 1 0
2146840400193686 137946056009600 cliack 171 0 172 171 0 0
2146840398760389 137945960937152 emit_beg 171 0 0 0 0 0
2146840398763828 137945960937152 dmg 0 1 0 0 1024 768
2146840398764198 137945960937152 enc 170 170 1 -1 -1 0
2146840398787618 137945960937152 emit_end 171 0 0 0 0 0
2146840410701193 137946042775232 wait_end 0 0 0 0 0 0
2146840410703383 137946042775232 drain_beg 0 0 0 0 0 0
2146840410703703 137946042775232 drain_end 1 0 0 0 0 0
2146840410703853 137946042775232 take 172 0 0 0 0 0
2146840410704013 137946042775232 subm_beg 1 0 0 0 0 0
2146840410704203 137946042775232 submit 172 0 0 0 0 0
2146840410704283 137946042775232 subm_end 1 0 0 0 0 0
2146840410704333 137946042775232 pump_beg 1 0 0 0 0 0
2146840410827238 137946042775232 feedend 171 0 0 0 0 0
2146840410889446 137946042775232 feedend 171 1 0 0 0 0
2146840414277603 137946042775232 outfirst 171 1 65536 0 0 0
2146840414719386 137946042775232 outfirst 171 0 65536 0 0 0
2146840414781764 137946042775232 pump_end 1 2 0 0 0 0
2146840414781864 137946042775232 join_beg 1 0 0 0 0 0
2146840414781984 137946042775232 join_end 0 0 0 0 0 0
2146840414782114 137946042775232 book_beg 1 0 0 0 0 0
2146840414782314 137946042775232 batch 172 1 1 2 2 0
2146840414782364 137946042775232 book_end 1 0 0 0 0 0
2146840414782424 137946042775232 coll_beg 0 0 0 0 0 0
2146840414934878 137946042775232 coll_end 0 0 0 0 0 0
2146840414934948 137946042775232 rel_beg 1 0 0 0 0 0
2146840414935088 137946042775232 absorb 172 0 0 0 0 0
2146840414937388 137946042775232 rel_end 1 0 0 0 0 0
2146840414938648 137946042775232 wait_beg 0 0 0 0 0 0
2146840410682844 137946056009600 msgin 172 4718592 0 0 0 0
2146840410683154 137946056009600 enq 172 1 0 0 0 0
2146840414961188 137946056009600 ackslot 172 171 172 171 1 0
2146840414988837 137946056009600 send 18 0 0 171 171 2
2146840414948128 137945960937152 emit_beg 172 0 0 0 0 0
2146840414949698 137945960937152 dmg 0 1 0 0 1024 768
2146840414949758 137945960937152 enc 171 171 1 -1 -1 0
2146840414977177 137945960937152 emit_end 172 0 0 0 0 0
2146840416541430 137946042775232 wait_end 0 0 0 0 0 0
2146840416543750 137946042775232 drain_beg 0 0 0 0 0 0
2146840416543870 137946042775232 drain_end 1 0 0 0 0 0
2146840416543920 137946042775232 take 173 0 0 0 0 0
2146840416543990 137946042775232 subm_beg 1 0 0 0 0 0
2146840416544210 137946042775232 submit 173 0 0 0 0 0
2146840416544270 137946042775232 subm_end 1 0 0 0 0 0
2146840416544320 137946042775232 pump_beg 1 0 0 0 0 0
2146840416660946 137946042775232 feedend 172 0 0 0 0 0
2146840416699664 137946042775232 feedend 172 1 0 0 0 0
2146840419479513 137946042775232 outfirst 172 1 65536 0 0 0
2146840419987604 137946042775232 outfirst 172 0 65536 0 0 0
2146840420015103 137946042775232 pump_end 1 2 0 0 0 0
2146840420015193 137946042775232 join_beg 1 0 0 0 0 0
2146840420015243 137946042775232 join_end 0 0 0 0 0 0
2146840420015303 137946042775232 book_beg 1 0 0 0 0 0
2146840420015373 137946042775232 batch 173 1 1 2 2 0
2146840420015403 137946042775232 book_end 1 0 0 0 0 0
2146840420015433 137946042775232 coll_beg 0 0 0 0 0 0
2146840420113860 137946042775232 coll_end 0 0 0 0 0 0
2146840420113900 137946042775232 rel_beg 1 0 0 0 0 0
2146840420113960 137946042775232 absorb 173 0 0 0 0 0
2146840420116080 137946042775232 rel_end 1 0 0 0 0 0
2146840420117029 137946042775232 wait_beg 0 0 0 0 0 0
2146840415819096 137946056009600 send 207698 0 0 171 171 2
2146840416432764 137946056009600 send 180379 0 0 171 171 2
2146840416436064 137946056009600 send 14 0 0 171 171 2
2146840416436284 137946056009600 egress 172 1 0 171 0 0
2146840416436394 137946056009600 ackregion 172 172 172 171 1 0
2146840416517641 137946056009600 msgin 173 4718592 0 0 0 0
2146840416520511 137946056009600 enq 173 1 0 0 0 0
2146840416873668 137946056009600 cliack 172 0 173 172 0 0
2146840420137139 137946056009600 ackslot 173 172 173 172 1 0
2146840420169348 137946056009600 send 18 0 0 172 172 2
2146840420670379 137946056009600 send 147363 0 0 172 172 2
2146840421082004 137946056009600 send 122963 0 0 172 172 2
2146840421087184 137946056009600 send 14 0 0 172 172 2
2146840421087494 137946056009600 egress 173 1 0 172 0 0
2146840421087584 137946056009600 ackregion 173 173 173 172 1 0
2146840421169231 137946056009600 cliack 173 0 174 173 0 0
2146840420126519 137945960937152 emit_beg 173 0 0 0 0 0
2146840420128289 137945960937152 dmg 0 1 0 0 1024 768
2146840420128339 137945960937152 enc 172 172 1 -1 -1 0
2146840420147538 137945960937152 emit_end 173 0 0 0 0 0
2146840430735162 137946042775232 wait_end 0 0 0 0 0 0
2146840430736552 137946042775232 drain_beg 0 0 0 0 0 0
2146840430736722 137946042775232 drain_end 1 0 0 0 0 0
2146840430736812 137946042775232 take 174 0 0 0 0 0
2146840430736932 137946042775232 subm_beg 1 0 0 0 0 0
2146840430737072 137946042775232 submit 174 0 0 0 0 0
2146840430737102 137946042775232 subm_end 1 0 0 0 0 0
2146840430737132 137946042775232 pump_beg 1 0 0 0 0 0
2146840430809889 137946042775232 feedend 173 0 0 0 0 0
2146840430870097 137946042775232 feedend 173 1 0 0 0 0
2146840433828089 137946042775232 outfirst 173 1 65536 0 0 0
2146840434108849 137946042775232 outfirst 173 0 65536 0 0 0
2146840434135978 137946042775232 pump_end 1 2 0 0 0 0
2146840434136038 137946042775232 join_beg 1 0 0 0 0 0
2146840434136078 137946042775232 join_end 0 0 0 0 0 0
2146840434136128 137946042775232 book_beg 1 0 0 0 0 0
2146840434136218 137946042775232 batch 174 1 1 2 2 0
2146840434136248 137946042775232 book_end 1 0 0 0 0 0
2146840434136268 137946042775232 coll_beg 0 0 0 0 0 0
2146840434199806 137946042775232 coll_end 0 0 0 0 0 0
2146840434199826 137946042775232 rel_beg 1 0 0 0 0 0
2146840434199906 137946042775232 absorb 174 0 0 0 0 0
2146840434201266 137946042775232 rel_end 1 0 0 0 0 0
2146840434202006 137946042775232 wait_beg 0 0 0 0 0 0
2146840430729572 137946056009600 msgin 174 4718592 0 0 0 0
2146840430729832 137946056009600 enq 174 1 0 0 0 0
2146840434223585 137946056009600 ackslot 174 173 174 173 1 0
2146840434245434 137946056009600 send 18 0 0 173 173 2
2146840434763685 137946056009600 send 149801 0 0 173 173 2
2146840435222648 137946056009600 send 132699 0 0 173 173 2
2146840435228758 137946056009600 send 14 0 0 173 173 2
2146840435229118 137946056009600 egress 174 1 0 173 0 0
2146840435229178 137946056009600 ackregion 174 174 174 173 1 0
2146840435309475 137946056009600 cliack 174 0 175 174 0 0
2146840434207695 137945960937152 emit_beg 174 0 0 0 0 0
2146840434208785 137945960937152 dmg 0 1 0 0 1024 768
2146840434208835 137945960937152 enc 173 173 1 -1 -1 0
2146840434224035 137945960937152 emit_end 174 0 0 0 0 0
2146840446935481 137946042775232 wait_end 0 0 0 0 0 0
2146840446936581 137946042775232 drain_beg 0 0 0 0 0 0
2146840446936681 137946042775232 drain_end 1 0 0 0 0 0
2146840446936791 137946042775232 take 175 0 0 0 0 0
2146840446936861 137946042775232 subm_beg 1 0 0 0 0 0
2146840446937001 137946042775232 submit 175 0 0 0 0 0
2146840446937031 137946042775232 subm_end 1 0 0 0 0 0
2146840446937071 137946042775232 pump_beg 1 0 0 0 0 0
2146840447013788 137946042775232 feedend 174 0 0 0 0 0
2146840447075456 137946042775232 feedend 174 1 0 0 0 0
2146840450130754 137946042775232 outfirst 174 1 65536 0 0 0
2146840450509821 137946042775232 outfirst 174 0 65536 0 0 0
2146840450534190 137946042775232 pump_end 1 2 0 0 0 0
2146840450534240 137946042775232 join_beg 1 0 0 0 0 0
2146840450534290 137946042775232 join_end 0 0 0 0 0 0
2146840450534350 137946042775232 book_beg 1 0 0 0 0 0
2146840450534460 137946042775232 batch 175 1 1 2 2 0
2146840450534480 137946042775232 book_end 1 0 0 0 0 0
2146840450534510 137946042775232 coll_beg 0 0 0 0 0 0
2146840450600457 137946042775232 coll_end 0 0 0 0 0 0
2146840450600497 137946042775232 rel_beg 1 0 0 0 0 0
2146840450601977 137946042775232 absorb 175 0 0 0 0 0
2146840450603317 137946042775232 rel_end 1 0 0 0 0 0
2146840450604177 137946042775232 wait_beg 0 0 0 0 0 0
2146840446930501 137946056009600 msgin 175 4718592 0 0 0 0
2146840446930771 137946056009600 enq 175 1 0 0 0 0
2146840450626586 137946056009600 ackslot 175 174 175 174 1 0
2146840450646406 137946056009600 send 18 0 0 174 174 2
2146840451224605 137946056009600 send 165726 0 0 174 174 2
2146840451595691 137946056009600 send 139424 0 0 174 174 2
2146840451598861 137946056009600 send 14 0 0 174 174 2
2146840451599071 137946056009600 egress 175 1 0 174 0 0
2146840451599101 137946056009600 ackregion 175 175 175 174 1 0
2146840451748775 137946056009600 cliack 175 0 176 175 0 0
2146840450610197 137945960937152 emit_beg 175 0 0 0 0 0
2146840450611167 137945960937152 dmg 0 1 0 0 1024 768
2146840450611217 137945960937152 enc 174 174 1 -1 -1 0
2146840450626596 137945960937152 emit_end 175 0 0 0 0 0
2146840462704366 137946042775232 wait_end 0 0 0 0 0 0
2146840462708246 137946042775232 drain_beg 0 0 0 0 0 0
2146840462708506 137946042775232 drain_end 1 0 0 0 0 0
2146840462708606 137946042775232 take 176 0 0 0 0 0
2146840462708766 137946042775232 subm_beg 1 0 0 0 0 0
2146840462709176 137946042775232 submit 176 0 0 0 0 0
2146840462709236 137946042775232 subm_end 1 0 0 0 0 0
2146840462709286 137946042775232 pump_beg 1 0 0 0 0 0
2146840462797602 137946042775232 feedend 175 0 0 0 0 0
2146840462902009 137946042775232 feedend 175 1 0 0 0 0
2146840462681797 137946056009600 msgin 176 4718592 0 0 0 0
2146840462682207 137946056009600 enq 176 1 0 0 0 0
2146840466077873 137946042775232 outfirst 175 1 65536 0 0 0
2146840466563985 137946042775232 outfirst 175 0 65536 0 0 0
2146840466628283 137946042775232 pump_end 1 2 0 0 0 0
2146840466628453 137946042775232 join_beg 1 0 0 0 0 0
2146840466628853 137946042775232 join_end 0 0 0 0 0 0
2146840466628963 137946042775232 book_beg 1 0 0 0 0 0
2146840466629423 137946042775232 batch 176 1 1 2 2 0
2146840466629503 137946042775232 book_end 1 0 0 0 0 0
2146840466629583 137946042775232 coll_beg 0 0 0 0 0 0
2146840466759948 137946042775232 coll_end 0 0 0 0 0 0
2146840466760088 137946042775232 rel_beg 1 0 0 0 0 0
2146840466760158 137946042775232 absorb 176 0 0 0 0 0
2146840466762558 137946042775232 rel_end 1 0 0 0 0 0
2146840466763888 137946042775232 wait_beg 0 0 0 0 0 0
2146840466785577 137946056009600 ackslot 176 175 176 175 1 0
2146840466818416 137946056009600 send 18 0 0 175 175 2
2146840467404264 137946056009600 send 189982 0 0 175 175 2
2146840467749362 137946056009600 send 160022 0 0 175 175 2
2146840467752632 137946056009600 send 14 0 0 175 175 2
2146840467752782 137946056009600 egress 176 1 0 175 0 0
2146840467752922 137946056009600 ackregion 176 176 176 175 1 0
2146840468046011 137946056009600 cliack 176 0 177 176 0 0
2146840466774207 137945960937152 emit_beg 176 0 0 0 0 0
2146840466776527 137945960937152 dmg 0 1 0 0 1024 768
2146840466776777 137945960937152 enc 175 175 1 -1 -1 0
2146840466802106 137945960937152 emit_end 176 0 0 0 0 0
2146840478749100 137946042775232 wait_end 0 0 0 0 0 0
2146840478750680 137946042775232 drain_beg 0 0 0 0 0 0
2146840478751040 137946042775232 drain_end 1 0 0 0 0 0
2146840478751160 137946042775232 take 177 0 0 0 0 0
2146840478751480 137946042775232 subm_beg 1 0 0 0 0 0
2146840478751980 137946042775232 submit 177 0 0 0 0 0
2146840478752060 137946042775232 subm_end 1 0 0 0 0 0
2146840478752090 137946042775232 pump_beg 1 0 0 0 0 0
2146840478856246 137946042775232 feedend 176 0 0 0 0 0
2146840478918724 137946042775232 feedend 176 1 0 0 0 0
2146840482232213 137946042775232 outfirst 176 1 65536 0 0 0
2146840482782973 137946042775232 outfirst 176 0 65536 0 0 0
2146840482858781 137946042775232 pump_end 1 2 0 0 0 0
2146840482858851 137946042775232 join_beg 1 0 0 0 0 0
2146840482859421 137946042775232 join_end 0 0 0 0 0 0
2146840482859481 137946042775232 book_beg 1 0 0 0 0 0
2146840482859910 137946042775232 batch 177 1 1 2 2 0
2146840482859950 137946042775232 book_end 1 0 0 0 0 0
2146840482859990 137946042775232 coll_beg 0 0 0 0 0 0
2146840482961587 137946042775232 coll_end 0 0 0 0 0 0
2146840482961617 137946042775232 rel_beg 1 0 0 0 0 0
2146840482961707 137946042775232 absorb 177 0 0 0 0 0
2146840482964087 137946042775232 rel_end 1 0 0 0 0 0
2146840482965267 137946042775232 wait_beg 0 0 0 0 0 0
2146840482965827 137946042775232 wait_end 0 0 0 0 0 0
2146840482966937 137946042775232 drain_beg 0 0 0 0 0 0
2146840482967037 137946042775232 drain_end 1 0 0 0 0 0
2146840482967157 137946042775232 take 178 0 0 0 0 0
2146840482967257 137946042775232 subm_beg 1 0 0 0 0 0
2146840482967317 137946042775232 submit 178 0 0 0 0 0
2146840482967347 137946042775232 subm_end 1 0 0 0 0 0
2146840482967377 137946042775232 pump_beg 1 0 0 0 0 0
2146840483071133 137946042775232 feedend 177 0 0 0 0 0
2146840483147130 137946042775232 feedend 177 1 0 0 0 0
2146840478740331 137946056009600 msgin 177 4718592 0 0 0 0
2146840478741011 137946056009600 enq 177 1 0 0 0 0
2146840482345599 137946056009600 msgin 178 4718592 0 0 0 0
2146840482345719 137946056009600 enq 178 1 0 0 0 0
2146840482972976 137946056009600 ackslot 177 176 177 176 1 0
2146840483045344 137946056009600 send 18 0 0 176 176 2
2146840483606443 137946056009600 send 204884 0 0 176 176 2
2146840483972250 137946056009600 send 164613 0 0 176 176 2
2146840483975680 137946056009600 send 14 0 0 176 176 2
2146840483975870 137946056009600 egress 177 1 0 176 0 0
2146840483976140 137946056009600 ackregion 177 177 177 176 1 0
2146840484346326 137946056009600 cliack 177 0 178 177 0 0
2146840482972266 137945960937152 emit_beg 177 0 0 0 0 0
2146840482975216 137945960937152 dmg 0 1 0 0 1024 768
2146840482975276 137945960937152 enc 176 176 1 -1 -1 0
2146840483008475 137945960937152 emit_end 177 0 0 0 0 0
2146840486122271 137946042775232 outfirst 177 1 65536 0 0 0
2146840486664832 137946042775232 outfirst 177 0 65536 0 0 0
2146840486707740 137946042775232 pump_end 1 2 0 0 0 0
2146840486707880 137946042775232 join_beg 1 0 0 0 0 0
2146840486707970 137946042775232 join_end 0 0 0 0 0 0
2146840486708010 137946042775232 book_beg 1 0 0 0 0 0
2146840486708070 137946042775232 batch 178 1 1 2 2 0
2146840486708130 137946042775232 book_end 1 0 0 0 0 0
2146840486708180 137946042775232 coll_beg 0 0 0 0 0 0
2146840486818336 137946042775232 coll_end 0 0 0 0 0 0
2146840486818466 137946042775232 rel_beg 1 0 0 0 0 0
2146840486818546 137946042775232 absorb 178 0 0 0 0 0
2146840486820256 137946042775232 rel_end 1 0 0 0 0 0
2146840486821266 137946042775232 wait_beg 0 0 0 0 0 0
2146840486822076 137946042775232 wait_end 0 0 0 0 0 0
2146840486823976 137946042775232 drain_beg 0 0 0 0 0 0
2146840486824166 137946042775232 drain_end 1 0 0 0 0 0
2146840486824336 137946042775232 take 179 0 0 0 0 0
2146840486824476 137946042775232 subm_beg 1 0 0 0 0 0
2146840486824596 137946042775232 submit 179 0 0 0 0 0
2146840486824676 137946042775232 subm_end 1 0 0 0 0 0
2146840486824776 137946042775232 pump_beg 1 0 0 0 0 0
2146840486930962 137946042775232 feedend 178 0 0 0 0 0
2146840487001939 137946042775232 feedend 178 1 0 0 0 0
2146840490188213 137946042775232 outfirst 178 1 65536 0 0 0
2146840490458243 137946042775232 outfirst 178 0 65536 0 0 0
2146840490482202 137946042775232 pump_end 1 2 0 0 0 0
2146840490482252 137946042775232 join_beg 1 0 0 0 0 0
2146840490482282 137946042775232 join_end 0 0 0 0 0 0
2146840490482382 137946042775232 book_beg 1 0 0 0 0 0
2146840490482442 137946042775232 batch 179 1 1 2 2 0
2146840490482472 137946042775232 book_end 1 0 0 0 0 0
2146840490482492 137946042775232 coll_beg 0 0 0 0 0 0
2146840490554340 137946042775232 coll_end 0 0 0 0 0 0
2146840490554370 137946042775232 rel_beg 1 0 0 0 0 0
2146840490554500 137946042775232 absorb 179 0 0 0 0 0
2146840490555740 137946042775232 rel_end 1 0 0 0 0 0
2146840490556500 137946042775232 wait_beg 0 0 0 0 0 0
2146840491319742 137946042775232 wait_end 0 0 0 0 0 0
2146840491320932 137946042775232 drain_beg 0 0 0 0 0 0
2146840491321062 137946042775232 drain_end 1 0 0 0 0 0
2146840491321172 137946042775232 take 180 0 0 0 0 0
2146840491321252 137946042775232 subm_beg 1 0 0 0 0 0
2146840491321322 137946042775232 submit 180 0 0 0 0 0
2146840491321352 137946042775232 subm_end 1 0 0 0 0 0
2146840491321382 137946042775232 pump_beg 1 0 0 0 0 0
2146840491382579 137946042775232 feedend 179 0 0 0 0 0
2146840491458647 137946042775232 feedend 179 1 0 0 0 0
2146840494336862 137946042775232 outfirst 179 1 65536 0 0 0
2146840494915231 137946042775232 outfirst 179 0 65536 0 0 0
2146840494943170 137946042775232 pump_end 1 2 0 0 0 0
2146840494943600 137946042775232 join_beg 1 0 0 0 0 0
2146840494943630 137946042775232 join_end 0 0 0 0 0 0
2146840494943680 137946042775232 book_beg 1 0 0 0 0 0
2146840494943760 137946042775232 batch 180 1 1 2 2 0
2146840494943780 137946042775232 book_end 1 0 0 0 0 0
2146840494943810 137946042775232 coll_beg 0 0 0 0 0 0
2146840495022377 137946042775232 coll_end 0 0 0 0 0 0
2146840495022667 137946042775232 rel_beg 1 0 0 0 0 0
2146840495022757 137946042775232 absorb 180 0 0 0 0 0
2146840495024467 137946042775232 rel_end 1 0 0 0 0 0
2146840495025027 137946042775232 wait_beg 0 0 0 0 0 0
2146840495790819 137946042775232 wait_end 0 0 0 0 0 0
2146840495791769 137946042775232 drain_beg 0 0 0 0 0 0
2146840495791979 137946042775232 drain_end 1 0 0 0 0 0
2146840495792089 137946042775232 take 181 0 0 0 0 0
2146840495792219 137946042775232 subm_beg 1 0 0 0 0 0
2146840495792389 137946042775232 submit 181 0 0 0 0 0
2146840495792419 137946042775232 subm_end 1 0 0 0 0 0
2146840495792449 137946042775232 pump_beg 1 0 0 0 0 0
2146840495875946 137946042775232 feedend 180 0 0 0 0 0
2146840495941993 137946042775232 feedend 180 1 0 0 0 0
2146840486457119 137946056009600 msgin 179 4718592 0 0 0 0
2146840486457299 137946056009600 enq 179 1 0 0 0 0
2146840486824406 137946056009600 ackslot 178 177 178 177 1 0
2146840486842595 137946056009600 send 18 0 0 177 177 2
2146840487214322 137946056009600 send 170467 0 0 177 177 2
2146840487526110 137946056009600 send 144023 0 0 177 177 2
2146840487529110 137946056009600 send 14 0 0 177 177 2
2146840487529430 137946056009600 egress 178 1 0 177 0 0
2146840487529460 137946056009600 ackregion 178 178 178 177 1 0
2146840487877997 137946056009600 cliack 178 0 179 178 0 0
2146840490560510 137946056009600 ackslot 179 178 179 178 1 0
2146840490573779 137946056009600 send 18 0 0 178 178 2
2146840490937796 137946056009600 send 169683 0 0 178 178 2
2146840491266614 137946056009600 send 152846 0 0 178 178 2
2146840491269774 137946056009600 send 14 0 0 178 178 2
2146840491269934 137946056009600 egress 179 1 0 178 0 0
2146840491269964 137946056009600 ackregion 179 179 179 178 1 0
2146840491315512 137946056009600 msgin 180 4718592 0 0 0 0
2146840491315602 137946056009600 enq 180 1 0 0 0 0
2146840491640320 137946056009600 cliack 179 0 180 179 0 0
2146840495032776 137946056009600 ackslot 180 179 180 179 1 0
2146840495062325 137946056009600 send 18 0 0 179 179 2
2146840495438232 137946056009600 send 171466 0 0 179 179 2
2146840495722871 137946056009600 send 131743 0 0 179 179 2
2146840495726011 137946056009600 send 14 0 0 179 179 2
2146840495726171 137946056009600 egress 180 1 0 179 0 0
2146840495726371 137946056009600 ackregion 180 180 180 179 1 0
2146840495786739 137946056009600 msgin 181 4718592 0 0 0 0
2146840495786969 137946056009600 enq 181 1 0 0 0 0
2146840486828276 137945960937152 emit_beg 178 0 0 0 0 0
2146840486831236 137945960937152 dmg 0 1 0 0 1024 768
2146840486831346 137945960937152 enc 177 177 1 -1 -1 0
2146840486857045 137945960937152 emit_end 178 0 0 0 0 0
2146840490562029 137945960937152 emit_beg 179 0 0 0 0 0
2146840490563249 137945960937152 dmg 0 1 0 0 1024 768
2146840490563299 137945960937152 enc 178 178 1 -1 -1 0
2146840490581019 137945960937152 emit_end 179 0 0 0 0 0
2146840495029986 137945960937152 emit_beg 180 0 0 0 0 0
2146840495031506 137945960937152 dmg 0 1 0 0 1024 768
2146840495031676 137945960937152 enc 179 179 1 -1 -1 0
2146840495050616 137945960937152 emit_end 180 0 0 0 0 0
2146840498745281 137946042775232 outfirst 180 1 65536 0 0 0
2146840499319600 137946042775232 outfirst 180 0 65536 0 0 0
2146840499347739 137946042775232 pump_end 1 2 0 0 0 0
2146840499347879 137946042775232 join_beg 1 0 0 0 0 0
2146840499347909 137946042775232 join_end 0 0 0 0 0 0
2146840499348009 137946042775232 book_beg 1 0 0 0 0 0
2146840499348079 137946042775232 batch 181 1 1 2 2 0
2146840499348109 137946042775232 book_end 1 0 0 0 0 0
2146840499348139 137946042775232 coll_beg 0 0 0 0 0 0
2146840499412727 137946042775232 coll_end 0 0 0 0 0 0
2146840499412867 137946042775232 rel_beg 1 0 0 0 0 0
2146840499412987 137946042775232 absorb 181 0 0 0 0 0
2146840499414157 137946042775232 rel_end 1 0 0 0 0 0
2146840499414807 137946042775232 wait_beg 0 0 0 0 0 0
2146840496106307 137946056009600 cliack 180 0 181 180 0 0
2146840499418506 137946056009600 ackslot 181 180 181 180 1 0
2146840499430286 137946056009600 send 18 0 0 180 180 2
2146840499772523 137946056009600 send 156795 0 0 180 180 2
2146840500046533 137946056009600 send 124197 0 0 180 180 2
2146840500049693 137946056009600 send 14 0 0 180 180 2
2146840500049853 137946056009600 egress 181 1 0 180 0 0
2146840500049903 137946056009600 ackregion 181 181 181 180 1 0
2146840500368292 137946056009600 cliack 181 0 182 181 0 0
2146840499419826 137945960937152 emit_beg 181 0 0 0 0 0
2146840499420856 137945960937152 dmg 0 1 0 0 1024 768
2146840499420916 137945960937152 enc 180 180 1 -1 -1 0
2146840499435356 137945960937152 emit_end 181 0 0 0 0 0
2146840511014413 137946042775232 wait_end 0 0 0 0 0 0
2146840511016743 137946042775232 drain_beg 0 0 0 0 0 0
2146840511016883 137946042775232 drain_end 1 0 0 0 0 0
2146840511016943 137946042775232 take 182 0 0 0 0 0
2146840511017033 137946042775232 subm_beg 1 0 0 0 0 0
2146840511017223 137946042775232 submit 182 0 0 0 0 0
2146840511017273 137946042775232 subm_end 1 0 0 0 0 0
2146840511017323 137946042775232 pump_beg 1 0 0 0 0 0
2146840511132169 137946042775232 feedend 181 0 0 0 0 0
2146840511181427 137946042775232 feedend 181 1 0 0 0 0
2146840514317743 137946042775232 outfirst 181 1 65536 0 0 0
2146840514843224 137946042775232 outfirst 181 0 65536 0 0 0
2146840514925001 137946042775232 pump_end 1 2 0 0 0 0
2146840514925111 137946042775232 join_beg 1 0 0 0 0 0
2146840514925531 137946042775232 join_end 0 0 0 0 0 0
2146840514925581 137946042775232 book_beg 1 0 0 0 0 0
2146840514925661 137946042775232 batch 182 1 1 2 2 0
2146840514925691 137946042775232 book_end 1 0 0 0 0 0
2146840514925721 137946042775232 coll_beg 0 0 0 0 0 0
2146840515072545 137946042775232 coll_end 0 0 0 0 0 0
2146840515072605 137946042775232 rel_beg 1 0 0 0 0 0
2146840515072745 137946042775232 absorb 182 0 0 0 0 0
2146840515075335 137946042775232 rel_end 1 0 0 0 0 0
2146840515077025 137946042775232 wait_beg 0 0 0 0 0 0
2146840510991464 137946056009600 msgin 182 4718592 0 0 0 0
2146840510991894 137946056009600 enq 182 1 0 0 0 0
2146840515083615 137946056009600 ackslot 182 181 182 181 1 0
2146840515146223 137946056009600 send 18 0 0 181 181 2
2146840515567967 137946056009600 send 186525 0 0 181 181 2
2146840515914995 137946056009600 send 159356 0 0 181 181 2
2146840515918334 137946056009600 send 14 0 0 181 181 2
2146840515918474 137946056009600 egress 182 1 0 181 0 0
2146840515918584 137946056009600 ackregion 182 182 182 181 1 0
2146840515086465 137945960937152 emit_beg 182 0 0 0 0 0
2146840515089405 137945960937152 dmg 0 1 0 0 1024 768
2146840515089495 137945960937152 enc 181 181 1 -1 -1 0
2146840515115314 137945960937152 emit_end 182 0 0 0 0 0
2146840516363968 137946056009600 cliack 182 0 183 182 0 0
2146840526499128 137946042775232 wait_end 0 0 0 0 0 0
2146840526501298 137946042775232 drain_beg 0 0 0 0 0 0
2146840526501628 137946042775232 drain_end 1 0 0 0 0 0
2146840526501778 137946042775232 take 183 0 0 0 0 0
2146840526502008 137946042775232 subm_beg 1 0 0 0 0 0
2146840526502108 137946042775232 submit 183 0 0 0 0 0
2146840526502138 137946042775232 subm_end 1 0 0 0 0 0
2146840526502168 137946042775232 pump_beg 1 0 0 0 0 0
2146840526605504 137946042775232 feedend 182 0 0 0 0 0
2146840526674142 137946042775232 feedend 182 1 0 0 0 0
2146840529525788 137946042775232 outfirst 182 1 65536 0 0 0
2146840529997931 137946042775232 outfirst 182 0 65536 0 0 0
2146840530240312 137946042775232 pump_end 1 2 0 0 0 0
2146840530240382 137946042775232 join_beg 1 0 0 0 0 0
2146840530240432 137946042775232 join_end 0 0 0 0 0 0
2146840530240542 137946042775232 book_beg 1 0 0 0 0 0
2146840530240682 137946042775232 batch 183 1 1 2 2 0
2146840530240742 137946042775232 book_end 1 0 0 0 0 0
2146840530240792 137946042775232 coll_beg 0 0 0 0 0 0
2146840530346898 137946042775232 coll_end 0 0 0 0 0 0
2146840530346958 137946042775232 rel_beg 1 0 0 0 0 0
2146840530347088 137946042775232 absorb 183 0 0 0 0 0
2146840530349658 137946042775232 rel_end 1 0 0 0 0 0
2146840530350638 137946042775232 wait_beg 0 0 0 0 0 0
2146840526481049 137946056009600 msgin 183 4718592 0 0 0 0
2146840526481209 137946056009600 enq 183 1 0 0 0 0
2146840530355148 137946056009600 ackslot 183 182 183 182 1 0
2146840530382917 137946056009600 send 18 0 0 182 182 2
2146840530720224 137946056009600 send 156014 0 0 182 182 2
2146840530994264 137946056009600 send 128789 0 0 182 182 2
2146840530998324 137946056009600 send 14 0 0 182 182 2
2146840530998424 137946056009600 egress 183 1 0 182 0 0
2146840530998454 137946056009600 ackregion 183 183 183 182 1 0
2146840531341932 137946056009600 cliack 183 0 184 183 0 0
2146840530359977 137945960937152 emit_beg 183 0 0 0 0 0
2146840530362507 137945960937152 dmg 0 1 0 0 1024 768
2146840530362597 137945960937152 enc 182 182 1 -1 -1 0
2146840530382427 137945960937152 emit_end 183 0 0 0 0 0
2146840542791724 137946042775232 wait_end 0 0 0 0 0 0
2146840542793974 137946042775232 drain_beg 0 0 0 0 0 0
2146840542794264 137946042775232 drain_end 1 0 0 0 0 0
2146840542794404 137946042775232 take 184 0 0 0 0 0
2146840542794544 137946042775232 subm_beg 1 0 0 0 0 0
2146840542794714 137946042775232 submit 184 0 0 0 0 0
2146840542794764 137946042775232 subm_end 1 0 0 0 0 0
2146840542794824 137946042775232 pump_beg 1 0 0 0 0 0
2146840542882441 137946042775232 feedend 183 0 0 0 0 0
2146840542943038 137946042775232 feedend 183 1 0 0 0 0
2146840545852252 137946042775232 outfirst 183 1 65536 0 0 0
2146840546278287 137946042775232 outfirst 183 0 65536 0 0 0
2146840546322115 137946042775232 pump_end 1 2 0 0 0 0
2146840546322185 137946042775232 join_beg 1 0 0 0 0 0
2146840546322225 137946042775232 join_end 0 0 0 0 0 0
2146840546322335 137946042775232 book_beg 1 0 0 0 0 0
2146840546322425 137946042775232 batch 184 1 1 2 2 0
2146840546322445 137946042775232 book_end 1 0 0 0 0 0
2146840546322475 137946042775232 coll_beg 0 0 0 0 0 0
2146840542772655 137946056009600 msgin 184 4718592 0 0 0 0
2146840542772755 137946056009600 enq 184 1 0 0 0 0
2146840546422861 137946042775232 coll_end 0 0 0 0 0 0
2146840546422931 137946042775232 rel_beg 1 0 0 0 0 0
2146840546423051 137946042775232 absorb 184 0 0 0 0 0
2146840546425311 137946042775232 rel_end 1 0 0 0 0 0
2146840546426241 137946042775232 wait_beg 0 0 0 0 0 0
2146840546433701 137946056009600 ackslot 184 183 184 183 1 0
2146840546453400 137946056009600 send 18 0 0 183 183 2
2146840546965012 137946056009600 send 152689 0 0 183 183 2
2146840547393666 137946056009600 send 126078 0 0 183 183 2
2146840547398736 137946056009600 send 14 0 0 183 183 2
2146840547398886 137946056009600 egress 184 1 0 183 0 0
2146840547398956 137946056009600 ackregion 184 184 184 183 1 0
2146840547518602 137946056009600 cliack 184 0 185 184 0 0
2146840546435331 137945960937152 emit_beg 184 0 0 0 0 0
2146840546437911 137945960937152 dmg 0 1 0 0 1024 768
2146840546437961 137945960937152 enc 183 183 1 -1 -1 0
2146840546457610 137945960937152 emit_end 184 0 0 0 0 0
2146840558344847 137946042775232 wait_end 0 0 0 0 0 0
2146840558347036 137946042775232 drain_beg 0 0 0 0 0 0
2146840558347296 137946042775232 drain_end 1 0 0 0 0 0
2146840558347396 137946042775232 take 185 0 0 0 0 0
2146840558347476 137946042775232 subm_beg 1 0 0 0 0 0
2146840558347566 137946042775232 submit 185 0 0 0 0 0
2146840558347596 137946042775232 subm_end 1 0 0 0 0 0
2146840558347626 137946042775232 pump_beg 1 0 0 0 0 0
2146840558431673 137946042775232 feedend 184 0 0 0 0 0
2146840558560379 137946042775232 feedend 184 1 0 0 0 0
2146840562841233 137946042775232 outfirst 184 1 65536 0 0 0
2146840562960498 137946042775232 outfirst 184 0 65536 0 0 0
2146840563214429 137946042775232 pump_end 1 2 0 0 0 0
2146840563214499 137946042775232 join_beg 1 0 0 0 0 0
2146840563214539 137946042775232 join_end 0 0 0 0 0 0
2146840563214589 137946042775232 book_beg 1 0 0 0 0 0
2146840563214689 137946042775232 batch 185 1 1 2 2 0
2146840563214719 137946042775232 book_end 1 0 0 0 0 0
2146840563214749 137946042775232 coll_beg 0 0 0 0 0 0
2146840563427251 137946042775232 coll_end 0 0 0 0 0 0
2146840563427321 137946042775232 rel_beg 1 0 0 0 0 0
2146840563427471 137946042775232 absorb 185 0 0 0 0 0
2146840563429741 137946042775232 rel_end 1 0 0 0 0 0
2146840563430821 137946042775232 wait_beg 0 0 0 0 0 0
2146840558325337 137946056009600 msgin 185 4718592 0 0 0 0
2146840558325427 137946056009600 enq 185 1 0 0 0 0
2146840563452420 137946056009600 ackslot 185 184 185 184 1 0
2146840563470630 137946056009600 send 18 0 0 184 184 2
2146840564370027 137946056009600 send 262396 0 0 184 184 2
2146840564900237 137946056009600 send 242387 0 0 184 184 2
2146840564903397 137946056009600 send 14 0 0 184 184 2
2146840564903567 137946056009600 egress 185 1 0 184 0 0
2146840564903597 137946056009600 ackregion 185 185 185 184 1 0
2146840565475766 137946056009600 cliack 185 0 186 185 0 0
2146840563439421 137945960937152 emit_beg 185 0 0 0 0 0
2146840563440621 137945960937152 dmg 0 1 0 0 1024 768
2146840563440701 137945960937152 enc 184 184 1 -1 -1 0
2146840563500058 137945960937152 emit_end 185 0 0 0 0 0
2146840574546046 137946042775232 wait_end 0 0 0 0 0 0
2146840574547665 137946042775232 drain_beg 0 0 0 0 0 0
2146840574547845 137946042775232 drain_end 1 0 0 0 0 0
2146840574548035 137946042775232 take 186 0 0 0 0 0
2146840574548445 137946042775232 subm_beg 1 0 0 0 0 0
2146840574548755 137946042775232 submit 186 0 0 0 0 0
2146840574548785 137946042775232 subm_end 1 0 0 0 0 0
2146840574548825 137946042775232 pump_beg 1 0 0 0 0 0
2146840574635752 137946042775232 feedend 185 0 0 0 0 0
2146840574698890 137946042775232 feedend 185 1 0 0 0 0
2146840574531346 137946056009600 msgin 186 4718592 0 0 0 0
2146840574531786 137946056009600 enq 186 1 0 0 0 0
2146840577999049 137946042775232 outfirst 185 1 65536 0 0 0
2146840578376506 137946042775232 outfirst 185 0 65536 0 0 0
2146840578422764 137946042775232 pump_end 1 2 0 0 0 0
2146840578425844 137946042775232 join_beg 1 0 0 0 0 0
2146840578426064 137946042775232 join_end 0 0 0 0 0 0
2146840578426144 137946042775232 book_beg 1 0 0 0 0 0
2146840578426294 137946042775232 batch 186 1 1 2 2 0
2146840578426344 137946042775232 book_end 1 0 0 0 0 0
2146840578426404 137946042775232 coll_beg 0 0 0 0 0 0
2146840578563169 137946042775232 coll_end 0 0 0 0 0 0
2146840578563209 137946042775232 rel_beg 1 0 0 0 0 0
2146840578563299 137946042775232 absorb 186 0 0 0 0 0
2146840578565679 137946042775232 rel_end 1 0 0 0 0 0
2146840578567249 137946042775232 wait_beg 0 0 0 0 0 0
2146840578571149 137946056009600 ackslot 186 185 186 185 1 0
2146840578605027 137946056009600 send 18 0 0 185 185 2
2146840579016352 137946056009600 send 186004 0 0 185 185 2
2146840579383899 137946056009600 send 168204 0 0 185 185 2
2146840579389289 137946056009600 send 14 0 0 185 185 2
2146840579389449 137946056009600 egress 186 1 0 185 0 0
2146840579389609 137946056009600 ackregion 186 186 186 185 1 0
2146840580050655 137946056009600 cliack 186 0 187 186 0 0
2146840578577048 137945960937152 emit_beg 186 0 0 0 0 0
2146840578579708 137945960937152 dmg 0 1 0 0 1024 768
2146840578579918 137945960937152 enc 185 185 1 -1 -1 0
2146840578606527 137945960937152 emit_end 186 0 0 0 0 0
2146840590853311 137946042775232 wait_end 0 0 0 0 0 0
2146840590854961 137946042775232 drain_beg 0 0 0 0 0 0
2146840590855281 137946042775232 drain_end 1 0 0 0 0 0
2146840590855391 137946042775232 take 187 0 0 0 0 0
2146840590855791 137946042775232 subm_beg 1 0 0 0 0 0
2146840590856520 137946042775232 submit 187 0 0 0 0 0
2146840590856750 137946042775232 subm_end 1 0 0 0 0 0
2146840590856790 137946042775232 pump_beg 1 0 0 0 0 0
2146840590956627 137946042775232 feedend 186 0 0 0 0 0
2146840591030064 137946042775232 feedend 186 1 0 0 0 0
2146840594023095 137946042775232 outfirst 186 1 65536 0 0 0
2146840594303725 137946042775232 outfirst 186 0 65536 0 0 0
2146840594339883 137946042775232 pump_end 1 2 0 0 0 0
2146840594340093 137946042775232 join_beg 1 0 0 0 0 0
2146840594340553 137946042775232 join_end 0 0 0 0 0 0
2146840594340653 137946042775232 book_beg 1 0 0 0 0 0
2146840594340823 137946042775232 batch 187 1 1 2 2 0
2146840594340853 137946042775232 book_end 1 0 0 0 0 0
2146840594340883 137946042775232 coll_beg 0 0 0 0 0 0
2146840594419571 137946042775232 coll_end 0 0 0 0 0 0
2146840594419611 137946042775232 rel_beg 1 0 0 0 0 0
2146840594419690 137946042775232 absorb 187 0 0 0 0 0
2146840594422480 137946042775232 rel_end 1 0 0 0 0 0
2146840594423710 137946042775232 wait_beg 0 0 0 0 0 0
2146840595199642 137946042775232 wait_end 0 0 0 0 0 0
2146840595200752 137946042775232 drain_beg 0 0 0 0 0 0
2146840595200912 137946042775232 drain_end 1 0 0 0 0 0
2146840595201012 137946042775232 take 188 0 0 0 0 0
2146840595201122 137946042775232 subm_beg 1 0 0 0 0 0
2146840595201292 137946042775232 submit 188 0 0 0 0 0
2146840595201322 137946042775232 subm_end 1 0 0 0 0 0
2146840595201352 137946042775232 pump_beg 1 0 0 0 0 0
2146840595288259 137946042775232 feedend 187 0 0 0 0 0
2146840595361546 137946042775232 feedend 187 1 0 0 0 0
2146840590844731 137946056009600 msgin 187 4718592 0 0 0 0
2146840590845571 137946056009600 enq 187 1 0 0 0 0
2146840594427940 137946056009600 ackslot 187 186 187 186 1 0
2146840594471169 137946056009600 send 18 0 0 186 186 2
2146840594832965 137946056009600 send 155290 0 0 186 186 2
2146840595138304 137946056009600 send 138505 0 0 186 186 2
2146840595141984 137946056009600 send 14 0 0 186 186 2
2146840595142154 137946056009600 egress 187 1 0 186 0 0
2146840595142364 137946056009600 ackregion 187 187 187 186 1 0
2146840595195162 137946056009600 msgin 188 4718592 0 0 0 0
2146840595195252 137946056009600 enq 188 1 0 0 0 0
2146840595583898 137946056009600 cliack 187 0 188 187 0 0
2146840594430490 137945960937152 emit_beg 187 0 0 0 0 0
2146840594433200 137945960937152 dmg 0 1 0 0 1024 768
2146840594433260 137945960937152 enc 186 186 1 -1 -1 0
2146840594452629 137945960937152 emit_end 187 0 0 0 0 0
2146840598332178 137946042775232 outfirst 187 1 65536 0 0 0
2146840598742763 137946042775232 outfirst 187 0 65536 0 0 0
2146840598771432 137946042775232 pump_end 1 2 0 0 0 0
2146840598771562 137946042775232 join_beg 1 0 0 0 0 0
2146840598771652 137946042775232 join_end 0 0 0 0 0 0
2146840598771712 137946042775232 book_beg 1 0 0 0 0 0
2146840598771792 137946042775232 batch 188 1 1 2 2 0
2146840598771852 137946042775232 book_end 1 0 0 0 0 0
2146840598771912 137946042775232 coll_beg 0 0 0 0 0 0
2146840598845229 137946042775232 coll_end 0 0 0 0 0 0
2146840598845359 137946042775232 rel_beg 1 0 0 0 0 0
2146840598845429 137946042775232 absorb 188 0 0 0 0 0
2146840598846789 137946042775232 rel_end 1 0 0 0 0 0
2146840598847589 137946042775232 wait_beg 0 0 0 0 0 0
2146840598848089 137946042775232 wait_end 0 0 0 0 0 0
2146840598849269 137946042775232 drain_beg 0 0 0 0 0 0
2146840598849339 137946042775232 drain_end 1 0 0 0 0 0
2146840598849449 137946042775232 take 189 0 0 0 0 0
2146840598849529 137946042775232 subm_beg 1 0 0 0 0 0
2146840598849609 137946042775232 submit 189 0 0 0 0 0
2146840598849669 137946042775232 subm_end 1 0 0 0 0 0
2146840598849699 137946042775232 pump_beg 1 0 0 0 0 0
2146840598935286 137946042775232 feedend 188 0 0 0 0 0
2146840598995213 137946042775232 feedend 188 1 0 0 0 0
2146840602216726 137946042775232 outfirst 188 1 65536 0 0 0
2146840602554764 137946042775232 outfirst 188 0 65536 0 0 0
2146840602588462 137946042775232 pump_end 1 2 0 0 0 0
2146840602588542 137946042775232 join_beg 1 0 0 0 0 0
2146840602588672 137946042775232 join_end 0 0 0 0 0 0
2146840602588792 137946042775232 book_beg 1 0 0 0 0 0
2146840602588902 137946042775232 batch 189 1 1 2 2 0
2146840602588952 137946042775232 book_end 1 0 0 0 0 0
2146840602589012 137946042775232 coll_beg 0 0 0 0 0 0
2146840602722157 137946042775232 coll_end 0 0 0 0 0 0
2146840602722197 137946042775232 rel_beg 1 0 0 0 0 0
2146840602722327 137946042775232 absorb 189 0 0 0 0 0
2146840602724057 137946042775232 rel_end 1 0 0 0 0 0
2146840602725007 137946042775232 wait_beg 0 0 0 0 0 0
2146840603569457 137946042775232 wait_end 0 0 0 0 0 0
2146840603570677 137946042775232 drain_beg 0 0 0 0 0 0
2146840603573476 137946042775232 drain_end 1 0 0 0 0 0
2146840603573586 137946042775232 take 190 0 0 0 0 0
2146840603573696 137946042775232 subm_beg 1 0 0 0 0 0
2146840603573786 137946042775232 submit 190 0 0 0 0 0
2146840603573816 137946042775232 subm_end 1 0 0 0 0 0
2146840603573836 137946042775232 pump_beg 1 0 0 0 0 0
2146840603637834 137946042775232 feedend 189 0 0 0 0 0
2146840603714221 137946042775232 feedend 189 1 0 0 0 0
2146840606562597 137946042775232 outfirst 189 1 65536 0 0 0
2146840598437074 137946056009600 msgin 189 4718592 0 0 0 0
2146840598437174 137946056009600 enq 189 1 0 0 0 0
2146840598851069 137946056009600 ackslot 188 187 188 187 1 0
2146840598869488 137946056009600 send 18 0 0 187 187 2
2146840599228545 137946056009600 send 166418 0 0 187 187 2
2146840599535644 137946056009600 send 142752 0 0 187 187 2
2146840599538734 137946056009600 send 14 0 0 187 187 2
2146840599538824 137946056009600 egress 188 1 0 187 0 0
2146840599538864 137946056009600 ackregion 188 188 188 187 1 0
2146840599895611 137946056009600 cliack 188 0 189 188 0 0
2146840602728507 137946056009600 ackslot 189 188 189 188 1 0
2146840602746287 137946056009600 send 18 0 0 188 188 2
2146840603150512 137946056009600 send 183307 0 0 188 188 2
2146840603511209 137946056009600 send 166778 0 0 188 188 2
2146840603514849 137946056009600 send 14 0 0 188 188 2
2146840603515149 137946056009600 egress 189 1 0 188 0 0
2146840603515179 137946056009600 ackregion 189 189 189 188 1 0
2146840603562557 137946056009600 msgin 190 4718592 0 0 0 0
2146840603565277 137946056009600 enq 190 1 0 0 0 0
2146840603905574 137946056009600 cliack 189 0 190 189 0 0
2146840598853669 137945960937152 emit_beg 188 0 0 0 0 0
2146840598855559 137945960937152 dmg 0 1 0 0 1024 768
2146840598855629 137945960937152 enc 187 187 1 -1 -1 0
2146840598876528 137945960937152 emit_end 188 0 0 0 0 0
2146840602733167 137945960937152 emit_beg 189 0 0 0 0 0
2146840602735337 137945960937152 dmg 0 1 0 0 1024 768
2146840602735417 137945960937152 enc 188 188 1 -1 -1 0
2146840602760486 137945960937152 emit_end 189 0 0 0 0 0
2146840606956133 137946042775232 outfirst 189 0 65536 0 0 0
2146840606980982 137946042775232 pump_end 1 2 0 0 0 0
2146840606981122 137946042775232 join_beg 1 0 0 0 0 0
2146840606981172 137946042775232 join_end 0 0 0 0 0 0
2146840606981252 137946042775232 book_beg 1 0 0 0 0 0
2146840606981312 137946042775232 batch 190 1 1 2 2 0
2146840606981362 137946042775232 book_end 1 0 0 0 0 0
2146840606981422 137946042775232 coll_beg 0 0 0 0 0 0
2146840607059539 137946042775232 coll_end 0 0 0 0 0 0
2146840607059599 137946042775232 rel_beg 1 0 0 0 0 0
2146840607059799 137946042775232 absorb 190 0 0 0 0 0
2146840607061049 137946042775232 rel_end 1 0 0 0 0 0
2146840607061709 137946042775232 wait_beg 0 0 0 0 0 0
2146840607943517 137946042775232 wait_end 0 0 0 0 0 0
2146840607944497 137946042775232 drain_beg 0 0 0 0 0 0
2146840607944747 137946042775232 drain_end 1 0 0 0 0 0
2146840607944847 137946042775232 take 191 0 0 0 0 0
2146840607944927 137946042775232 subm_beg 1 0 0 0 0 0
2146840607945027 137946042775232 submit 191 0 0 0 0 0
2146840607945057 137946042775232 subm_end 1 0 0 0 0 0
2146840607945087 137946042775232 pump_beg 1 0 0 0 0 0
2146840608055663 137946042775232 feedend 190 0 0 0 0 0
2146840608098151 137946042775232 feedend 190 1 0 0 0 0
2146840610811422 137946042775232 outfirst 190 1 65536 0 0 0
2146840611327004 137946042775232 outfirst 190 0 65536 0 0 0
2146840611374272 137946042775232 pump_end 1 2 0 0 0 0
2146840611374412 137946042775232 join_beg 1 0 0 0 0 0
2146840611374442 137946042775232 join_end 0 0 0 0 0 0
2146840611374502 137946042775232 book_beg 1 0 0 0 0 0
2146840611374562 137946042775232 batch 191 1 1 2 2 0
2146840611374592 137946042775232 book_end 1 0 0 0 0 0
2146840611374652 137946042775232 coll_beg 0 0 0 0 0 0
2146840611468568 137946042775232 coll_end 0 0 0 0 0 0
2146840611468618 137946042775232 rel_beg 1 0 0 0 0 0
2146840611468768 137946042775232 absorb 191 0 0 0 0 0
2146840611470358 137946042775232 rel_end 1 0 0 0 0 0
2146840611471288 137946042775232 wait_beg 0 0 0 0 0 0
2146840607070149 137946056009600 ackslot 190 189 190 189 1 0
2146840607096938 137946056009600 send 18 0 0 189 189 2
2146840607539042 137946056009600 send 153473 0 0 189 189 2
2146840607871750 137946056009600 send 128272 0 0 189 189 2
2146840607876390 137946056009600 send 14 0 0 189 189 2
2146840607876690 137946056009600 egress 190 1 0 189 0 0
2146840607876750 137946056009600 ackregion 190 190 190 189 1 0
2146840607938337 137946056009600 msgin 191 4718592 0 0 0 0
2146840607938577 137946056009600 enq 191 1 0 0 0 0
2146840608087592 137946056009600 cliack 190 0 191 190 0 0
2146840611474818 137946056009600 ackslot 191 190 191 190 1 0
2146840611492648 137946056009600 send 18 0 0 190 190 2
2146840611818696 137946056009600 send 149533 0 0 190 190 2
2146840612086286 137946056009600 send 118792 0 0 190 190 2
2146840612089496 137946056009600 send 14 0 0 190 190 2
2146840612089666 137946056009600 egress 191 1 0 190 0 0
2146840612089696 137946056009600 ackregion 191 191 191 190 1 0
2146840612429633 137946056009600 cliack 191 0 192 191 0 0
2146840607066629 137945960937152 emit_beg 190 0 0 0 0 0
2146840607067789 137945960937152 dmg 0 1 0 0 1024 768
2146840607067839 137945960937152 enc 189 189 1 -1 -1 0
2146840607087018 137945960937152 emit_end 190 0 0 0 0 0
2146840611478018 137945960937152 emit_beg 191 0 0 0 0 0
2146840611480268 137945960937152 dmg 0 1 0 0 1024 768
2146840611480328 137945960937152 enc 190 190 1 -1 -1 0
2146840611498327 137945960937152 emit_end 191 0 0 0 0 0
2146840623360175 137946042775232 wait_end 0 0 0 0 0 0
2146840623362345 137946042775232 drain_beg 0 0 0 0 0 0
2146840623362575 137946042775232 drain_end 1 0 0 0 0 0
2146840623362705 137946042775232 take 192 0 0 0 0 0
2146840623362835 137946042775232 subm_beg 1 0 0 0 0 0
2146840623362995 137946042775232 submit 192 0 0 0 0 0
2146840623363045 137946042775232 subm_end 1 0 0 0 0 0
2146840623363105 137946042775232 pump_beg 1 0 0 0 0 0
2146840623443832 137946042775232 feedend 191 0 0 0 0 0
2146840623551458 137946042775232 feedend 191 1 0 0 0 0
2146840626569648 137946042775232 outfirst 191 1 65536 0 0 0
2146840626908825 137946042775232 outfirst 191 0 65536 0 0 0
2146840623340965 137946056009600 msgin 192 4718592 0 0 0 0
2146840623341145 137946056009600 enq 192 1 0 0 0 0
2146840626946564 137946042775232 pump_end 1 2 0 0 0 0
2146840626946744 137946042775232 join_beg 1 0 0 0 0 0
2146840626946914 137946042775232 join_end 0 0 0 0 0 0
2146840626946974 137946042775232 book_beg 1 0 0 0 0 0
2146840626947084 137946042775232 batch 192 1 1 2 2 0
2146840626947134 137946042775232 book_end 1 0 0 0 0 0
2146840626947194 137946042775232 coll_beg 0 0 0 0 0 0
2146840627027131 137946042775232 coll_end 0 0 0 0 0 0
2146840627027191 137946042775232 rel_beg 1 0 0 0 0 0
2146840627027271 137946042775232 absorb 192 0 0 0 0 0
2146840627028861 137946042775232 rel_end 1 0 0 0 0 0
2146840627030071 137946042775232 wait_beg 0 0 0 0 0 0
2146840627036620 137946056009600 ackslot 192 191 192 191 1 0
2146840627067129 137946056009600 send 18 0 0 191 191 2
2146840627433806 137946056009600 send 165377 0 0 191 191 2
2146840627744735 137946056009600 send 142314 0 0 191 191 2
2146840627747915 137946056009600 send 14 0 0 191 191 2
2146840627748064 137946056009600 egress 192 1 0 191 0 0
2146840627748124 137946056009600 ackregion 192 192 192 191 1 0
2146840628130071 137946056009600 cliack 192 0 193 192 0 0
2146840627035751 137945960937152 emit_beg 192 0 0 0 0 0
2146840627037540 137945960937152 dmg 0 1 0 0 1024 768
2146840627037620 137945960937152 enc 191 191 1 -1 -1 0
2146840627054570 137945960937152 emit_end 192 0 0 0 0 0
2146840639430938 137946042775232 wait_end 0 0 0 0 0 0
2146840639432078 137946042775232 drain_beg 0 0 0 0 0 0
2146840639432208 137946042775232 drain_end 1 0 0 0 0 0
2146840639432288 137946042775232 take 193 0 0 0 0 0
2146840639432418 137946042775232 subm_beg 1 0 0 0 0 0
2146840639432598 137946042775232 submit 193 0 0 0 0 0
2146840639432628 137946042775232 subm_end 1 0 0 0 0 0
2146840639432658 137946042775232 pump_beg 1 0 0 0 0 0
2146840639518695 137946042775232 feedend 192 0 0 0 0 0
2146840640136353 137946042775232 feedend 192 1 0 0 0 0
2146840643230800 137946042775232 outfirst 192 1 65536 0 0 0
2146840643437002 137946042775232 outfirst 192 0 65536 0 0 0
2146840643457731 137946042775232 pump_end 1 2 0 0 0 0
2146840643457781 137946042775232 join_beg 1 0 0 0 0 0
2146840643457831 137946042775232 join_end 0 0 0 0 0 0
2146840643457931 137946042775232 book_beg 1 0 0 0 0 0
2146840643460591 137946042775232 batch 193 1 1 2 2 0
2146840643460621 137946042775232 book_end 1 0 0 0 0 0
2146840643460641 137946042775232 coll_beg 0 0 0 0 0 0
2146840643516989 137946042775232 coll_end 0 0 0 0 0 0
2146840643517009 137946042775232 rel_beg 1 0 0 0 0 0
2146840643517089 137946042775232 absorb 193 0 0 0 0 0
2146840643518549 137946042775232 rel_end 1 0 0 0 0 0
2146840643519179 137946042775232 wait_beg 0 0 0 0 0 0
2146840644469534 137946042775232 wait_end 0 0 0 0 0 0
2146840644470584 137946042775232 drain_beg 0 0 0 0 0 0
2146840644470704 137946042775232 drain_end 1 0 0 0 0 0
2146840644470814 137946042775232 take 194 0 0 0 0 0
2146840644470894 137946042775232 subm_beg 1 0 0 0 0 0
2146840644470984 137946042775232 submit 194 0 0 0 0 0
2146840644471004 137946042775232 subm_end 1 0 0 0 0 0
2146840644471034 137946042775232 pump_beg 1 0 0 0 0 0
2146840644538952 137946042775232 feedend 193 0 0 0 0 0
2146840644619479 137946042775232 feedend 193 1 0 0 0 0
2146840639426039 137946056009600 msgin 193 4718592 0 0 0 0
2146840639426299 137946056009600 enq 193 1 0 0 0 0
2146840643527039 137946056009600 ackslot 193 192 193 192 1 0
2146840643538488 137946056009600 send 18 0 0 192 192 2
2146840644026271 137946056009600 send 137429 0 0 192 192 2
2146840644415286 137946056009600 send 114633 0 0 192 192 2
2146840644418466 137946056009600 send 14 0 0 192 192 2
2146840644418576 137946056009600 egress 193 1 0 192 0 0
2146840644418626 137946056009600 ackregion 193 193 193 192 1 0
2146840644465415 137946056009600 msgin 194 4718592 0 0 0 0
2146840644465615 137946056009600 enq 194 1 0 0 0 0
2146840644728685 137946056009600 cliack 193 0 194 193 0 0
2146840643524169 137945960937152 emit_beg 193 0 0 0 0 0
2146840643525109 137945960937152 dmg 0 1 0 0 1024 768
2146840643525159 137945960937152 enc 192 192 1 -1 -1 0
2146840643539688 137945960937152 emit_end 193 0 0 0 0 0
2146840647391898 137946042775232 outfirst 193 1 65536 0 0 0
2146840647814742 137946042775232 outfirst 193 0 65536 0 0 0
2146840647856411 137946042775232 pump_end 1 2 0 0 0 0
2146840647856591 137946042775232 join_beg 1 0 0 0 0 0
2146840647856781 137946042775232 join_end 0 0 0 0 0 0
2146840647856851 137946042775232 book_beg 1 0 0 0 0 0
2146840647856941 137946042775232 batch 194 1 1 2 2 0
2146840647857011 137946042775232 book_end 1 0 0 0 0 0
2146840647857091 137946042775232 coll_beg 0 0 0 0 0 0
2146840647947528 137946042775232 coll_end 0 0 0 0 0 0
2146840647947658 137946042775232 rel_beg 1 0 0 0 0 0
2146840647947778 137946042775232 absorb 194 0 0 0 0 0
2146840647949388 137946042775232 rel_end 1 0 0 0 0 0
2146840647950148 137946042775232 wait_beg 0 0 0 0 0 0
2146840648566265 137946042775232 wait_end 0 0 0 0 0 0
2146840648567325 137946042775232 drain_beg 0 0 0 0 0 0
2146840648567445 137946042775232 drain_end 1 0 0 0 0 0
2146840648567545 137946042775232 take 195 0 0 0 0 0
2146840648567675 137946042775232 subm_beg 1 0 0 0 0 0
2146840648567765 137946042775232 submit 195 0 0 0 0 0
2146840648567795 137946042775232 subm_end 1 0 0 0 0 0
2146840648567825 137946042775232 pump_beg 1 0 0 0 0 0
2146840648633573 137946042775232 feedend 194 0 0 0 0 0
2146840648699490 137946042775232 feedend 194 1 0 0 0 0
2146840651603474 137946042775232 outfirst 194 1 65536 0 0 0
2146840652087497 137946042775232 outfirst 194 0 65536 0 0 0
2146840652119165 137946042775232 pump_end 1 2 0 0 0 0
2146840652119375 137946042775232 join_beg 1 0 0 0 0 0
2146840652119705 137946042775232 join_end 0 0 0 0 0 0
2146840652119875 137946042775232 book_beg 1 0 0 0 0 0
2146840652120285 137946042775232 batch 195 1 1 2 2 0
2146840652120375 137946042775232 book_end 1 0 0 0 0 0
2146840652120455 137946042775232 coll_beg 0 0 0 0 0 0
2146840652245761 137946042775232 coll_end 0 0 0 0 0 0
2146840652245841 137946042775232 rel_beg 1 0 0 0 0 0
2146840652246021 137946042775232 absorb 195 0 0 0 0 0
2146840652249181 137946042775232 rel_end 1 0 0 0 0 0
2146840652250501 137946042775232 wait_beg 0 0 0 0 0 0
2146840647954417 137946056009600 ackslot 194 193 194 193 1 0
2146840647969287 137946056009600 send 18 0 0 193 193 2
2146840648275476 137946056009600 send 139237 0 0 193 193 2
2146840648513327 137946056009600 send 111738 0 0 193 193 2
2146840648516837 137946056009600 send 14 0 0 193 193 2
2146840648516917 137946056009600 egress 194 1 0 193 0 0
2146840648516957 137946056009600 ackregion 194 194 194 193 1 0
2146840648562225 137946056009600 msgin 195 4718592 0 0 0 0
2146840648562475 137946056009600 enq 195 1 0 0 0 0
2146840649097066 137946056009600 cliack 194 0 195 194 0 0
2146840652256050 137946056009600 ackslot 195 194 195 194 1 0
2146840652279270 137946056009600 send 18 0 0 194 194 2
2146840652643906 137946056009600 send 165793 0 0 194 194 2
2146840652977374 137946056009600 send 135476 0 0 194 194 2
2146840652981864 137946056009600 send 14 0 0 194 194 2
2146840652982174 137946056009600 egress 195 1 0 194 0 0
2146840652982364 137946056009600 ackregion 195 195 195 194 1 0
2146840653349300 137946056009600 cliack 195 0 196 195 0 0
2146840647957267 137945960937152 emit_beg 194 0 0 0 0 0
2146840647959737 137945960937152 dmg 0 1 0 0 1024 768
2146840647959887 137945960937152 enc 193 193 1 -1 -1 0
2146840647976317 137945960937152 emit_end 194 0 0 0 0 0
2146840652256570 137945960937152 emit_beg 195 0 0 0 0 0
2146840652258190 137945960937152 dmg 0 1 0 0 1024 768
2146840652258250 137945960937152 enc 194 194 1 -1 -1 0
2146840652280240 137945960937152 emit_end 195 0 0 0 0 0
2146840663715112 137946042775232 wait_end 0 0 0 0 0 0
2146840663717702 137946042775232 drain_beg 0 0 0 0 0 0
2146840663718012 137946042775232 drain_end 1 0 0 0 0 0
2146840663718142 137946042775232 take 196 0 0 0 0 0
2146840663718342 137946042775232 subm_beg 1 0 0 0 0 0
2146840663718842 137946042775232 submit 196 0 0 0 0 0
2146840663718922 137946042775232 subm_end 1 0 0 0 0 0
2146840663719012 137946042775232 pump_beg 1 0 0 0 0 0
2146840663806239 137946042775232 feedend 195 0 0 0 0 0
2146840663907165 137946042775232 feedend 195 1 0 0 0 0
2146840667031601 137946042775232 outfirst 195 1 65536 0 0 0
2146840663706843 137946056009600 msgin 196 4718592 0 0 0 0
2146840663707173 137946056009600 enq 196 1 0 0 0 0
2146840667361349 137946042775232 outfirst 195 0 65536 0 0 0
2146840667396788 137946042775232 pump_end 1 2 0 0 0 0
2146840667396848 137946042775232 join_beg 1 0 0 0 0 0
2146840667397058 137946042775232 join_end 0 0 0 0 0 0
2146840667397148 137946042775232 book_beg 1 0 0 0 0 0
2146840667397358 137946042775232 batch 196 1 1 2 2 0
2146840667397398 137946042775232 book_end 1 0 0 0 0 0
2146840667397418 137946042775232 coll_beg 0 0 0 0 0 0
2146840667476965 137946042775232 coll_end 0 0 0 0 0 0
2146840667477005 137946042775232 rel_beg 1 0 0 0 0 0
2146840667477105 137946042775232 absorb 196 0 0 0 0 0
2146840667478855 137946042775232 rel_end 1 0 0 0 0 0
2146840667479755 137946042775232 wait_beg 0 0 0 0 0 0
2146840667488645 137946056009600 ackslot 196 195 196 195 1 0
2146840667520903 137946056009600 send 18 0 0 195 195 2
2146840668122472 137946056009600 send 172949 0 0 195 195 2
2146840668557466 137946056009600 send 153363 0 0 195 195 2
2146840668560716 137946056009600 send 14 0 0 195 195 2
2146840668560946 137946056009600 egress 196 1 0 195 0 0
2146840668561046 137946056009600 ackregion 196 196 196 195 1 0
2146840668957191 137946056009600 cliack 196 0 197 196 0 0
2146840667485585 137945960937152 emit_beg 196 0 0 0 0 0
2146840667486825 137945960937152 dmg 0 1 0 0 1024 768
2146840667489445 137945960937152 enc 195 195 1 -1 -1 0
2146840667507214 137945960937152 emit_end 196 0 0 0 0 0
2146840679398320 137946042775232 wait_end 0 0 0 0 0 0
2146840679401010 137946042775232 drain_beg 0 0 0 0 0 0
2146840679401370 137946042775232 drain_end 1 0 0 0 0 0
2146840679401580 137946042775232 take 197 0 0 0 0 0
2146840679401890 137946042775232 subm_beg 1 0 0 0 0 0
2146840679404650 137946042775232 submit 197 0 0 0 0 0
2146840679404700 137946042775232 subm_end 1 0 0 0 0 0
2146840679404800 137946042775232 pump_beg 1 0 0 0 0 0
2146840679490887 137946042775232 feedend 196 0 0 0 0 0
2146840679606513 137946042775232 feedend 196 1 0 0 0 0
2146840682188668 137946042775232 outfirst 196 1 65536 0 0 0
2146840682624483 137946042775232 outfirst 196 0 65536 0 0 0
2146840682648022 137946042775232 pump_end 1 2 0 0 0 0
2146840682648112 137946042775232 join_beg 1 0 0 0 0 0
2146840682648322 137946042775232 join_end 0 0 0 0 0 0
2146840682648402 137946042775232 book_beg 1 0 0 0 0 0
2146840682648592 137946042775232 batch 197 1 1 2 2 0
2146840682648642 137946042775232 book_end 1 0 0 0 0 0
2146840682648702 137946042775232 coll_beg 0 0 0 0 0 0
2146840682732949 137946042775232 coll_end 0 0 0 0 0 0
2146840682733009 137946042775232 rel_beg 1 0 0 0 0 0
2146840682733119 137946042775232 absorb 197 0 0 0 0 0
2146840682735248 137946042775232 rel_end 1 0 0 0 0 0
2146840682736198 137946042775232 wait_beg 0 0 0 0 0 0
2146840679378601 137946056009600 msgin 197 4718592 0 0 0 0
2146840679378891 137946056009600 enq 197 1 0 0 0 0
2146840682744778 137946056009600 ackslot 197 196 197 196 1 0
2146840682766017 137946056009600 send 18 0 0 196 196 2
2146840683229840 137946056009600 send 134672 0 0 196 196 2
2146840683510510 137946056009600 send 97361 0 0 196 196 2
2146840683513730 137946056009600 send 14 0 0 196 196 2
2146840683513890 137946056009600 egress 197 1 0 196 0 0
2146840683513930 137946056009600 ackregion 197 197 197 196 1 0
2146840683830559 137946056009600 cliack 197 0 198 197 0 0
2146840682745678 137945960937152 emit_beg 197 0 0 0 0 0
2146840682747658 137945960937152 dmg 0 1 0 0 1024 768
2146840682747698 137945960937152 enc 196 196 1 -1 -1 0
2146840682763477 137945960937152 emit_end 197 0 0 0 0 0
2146840695842700 137946042775232 wait_end 0 0 0 0 0 0
2146840695844980 137946042775232 drain_beg 0 0 0 0 0 0
2146840695845200 137946042775232 drain_end 1 0 0 0 0 0
2146840695845320 137946042775232 take 198 0 0 0 0 0
2146840695845390 137946042775232 subm_beg 1 0 0 0 0 0
2146840695845550 137946042775232 submit 198 0 0 0 0 0
2146840695845610 137946042775232 subm_end 1 0 0 0 0 0
2146840695845660 137946042775232 pump_beg 1 0 0 0 0 0
2146840695949296 137946042775232 feedend 197 0 0 0 0 0
2146840696013624 137946042775232 feedend 197 1 0 0 0 0
2146840695822671 137946056009600 msgin 198 4718592 0 0 0 0
2146840695822891 137946056009600 enq 198 1 0 0 0 0
2146840699021824 137946042775232 outfirst 197 1 65536 0 0 0
2146840699389061 137946042775232 outfirst 197 0 65536 0 0 0
2146840699424690 137946042775232 pump_end 1 2 0 0 0 0
2146840699424770 137946042775232 join_beg 1 0 0 0 0 0
2146840699425000 137946042775232 join_end 0 0 0 0 0 0
2146840699425090 137946042775232 book_beg 1 0 0 0 0 0
2146840699425240 137946042775232 batch 198 1 1 2 2 0
2146840699425280 137946042775232 book_end 1 0 0 0 0 0
2146840699425310 137946042775232 coll_beg 0 0 0 0 0 0
2146840699499647 137946042775232 coll_end 0 0 0 0 0 0
2146840699499687 137946042775232 rel_beg 1 0 0 0 0 0
2146840699499797 137946042775232 absorb 198 0 0 0 0 0
2146840699501987 137946042775232 rel_end 1 0 0 0 0 0
2146840699503257 137946042775232 wait_beg 0 0 0 0 0 0
2146840699508387 137946056009600 ackslot 198 197 198 197 1 0
2146840699542165 137946056009600 send 18 0 0 197 197 2
2146840699888383 137946056009600 send 163461 0 0 197 197 2
2146840700190402 137946056009600 send 140737 0 0 197 197 2
2146840700195701 137946056009600 send 14 0 0 197 197 2
2146840700195881 137946056009600 egress 198 1 0 197 0 0
2146840700195941 137946056009600 ackregion 198 198 198 197 1 0
2146840700586257 137946056009600 cliack 198 0 199 198 0 0
2146840699520206 137945960937152 emit_beg 198 0 0 0 0 0
2146840699523776 137945960937152 dmg 0 1 0 0 1024 768
2146840699523826 137945960937152 enc 197 197 1 -1 -1 0
2146840699545435 137945960937152 emit_end 198 0 0 0 0 0
2146840711953313 137946042775232 wait_end 0 0 0 0 0 0
2146840711955482 137946042775232 drain_beg 0 0 0 0 0 0
2146840711955712 137946042775232 drain_end 1 0 0 0 0 0
2146840711955842 137946042775232 take 199 0 0 0 0 0
2146840711955982 137946042775232 subm_beg 1 0 0 0 0 0
2146840711956142 137946042775232 submit 199 0 0 0 0 0
2146840711956202 137946042775232 subm_end 1 0 0 0 0 0
2146840711956252 137946042775232 pump_beg 1 0 0 0 0 0
2146840712056889 137946042775232 feedend 198 0 0 0 0 0
2146840712119296 137946042775232 feedend 198 1 0 0 0 0
2146840715250242 137946042775232 outfirst 198 1 65536 0 0 0
2146840715629098 137946042775232 outfirst 198 0 65536 0 0 0
2146840715701116 137946042775232 pump_end 1 2 0 0 0 0
2146840715701246 137946042775232 join_beg 1 0 0 0 0 0
2146840715701336 137946042775232 join_end 0 0 0 0 0 0
2146840715701446 137946042775232 book_beg 1 0 0 0 0 0
2146840715701676 137946042775232 batch 199 1 1 2 2 0
2146840715701736 137946042775232 book_end 1 0 0 0 0 0
2146840715701786 137946042775232 coll_beg 0 0 0 0 0 0
2146840715822031 137946042775232 coll_end 0 0 0 0 0 0
2146840715822071 137946042775232 rel_beg 1 0 0 0 0 0
2146840715822161 137946042775232 absorb 199 0 0 0 0 0
2146840715824471 137946042775232 rel_end 1 0 0 0 0 0
2146840715826201 137946042775232 wait_beg 0 0 0 0 0 0
2146840711934643 137946056009600 msgin 199 4718592 0 0 0 0
2146840711934753 137946056009600 enq 199 1 0 0 0 0
2146840715829161 137946056009600 ackslot 199 198 199 198 1 0
2146840715850330 137946056009600 send 18 0 0 198 198 2
2146840716222097 137946056009600 send 175166 0 0 198 198 2
2146840716548445 137946056009600 send 153343 0 0 198 198 2
2146840716551545 137946056009600 send 14 0 0 198 198 2
2146840716551645 137946056009600 egress 199 1 0 198 0 0
2146840716551675 137946056009600 ackregion 199 199 199 198 1 0
2146840716946450 137946056009600 cliack 199 0 200 199 0 0
2146840715835141 137945960937152 emit_beg 199 0 0 0 0 0
2146840715837961 137945960937152 dmg 0 1 0 0 1024 768
2146840715838051 137945960937152 enc 198 198 1 -1 -1 0
2146840715860770 137945960937152 emit_end 199 0 0 0 0 0
2146840727759576 137946042775232 wait_end 0 0 0 0 0 0
2146840727761846 137946042775232 drain_beg 0 0 0 0 0 0
2146840727761996 137946042775232 drain_end 1 0 0 0 0 0
2146840727762076 137946042775232 take 200 0 0 0 0 0
2146840727762146 137946042775232 subm_beg 1 0 0 0 0 0
2146840727762236 137946042775232 submit 200 0 0 0 0 0
2146840727762266 137946042775232 subm_end 1 0 0 0 0 0
2146840727762296 137946042775232 pump_beg 1 0 0 0 0 0
2146840727858082 137946042775232 feedend 199 0 0 0 0 0
2146840727925680 137946042775232 feedend 199 1 0 0 0 0
2146840730982308 137946042775232 outfirst 199 1 65536 0 0 0
2146840731551368 137946042775232 outfirst 199 0 65536 0 0 0
2146840731628485 137946042775232 pump_end 1 2 0 0 0 0
2146840731628595 137946042775232 join_beg 1 0 0 0 0 0
2146840731628675 137946042775232 join_end 0 0 0 0 0 0
2146840731628795 137946042775232 book_beg 1 0 0 0 0 0
2146840731629005 137946042775232 batch 200 1 1 2 2 0
2146840731629055 137946042775232 book_end 1 0 0 0 0 0
2146840731631245 137946042775232 coll_beg 0 0 0 0 0 0
2146840731752460 137946042775232 coll_end 0 0 0 0 0 0
2146840731752520 137946042775232 rel_beg 1 0 0 0 0 0
2146840731752660 137946042775232 absorb 200 0 0 0 0 0
2146840731754930 137946042775232 rel_end 1 0 0 0 0 0
2146840731756350 137946042775232 wait_beg 0 0 0 0 0 0
2146840727740657 137946056009600 msgin 200 4718592 0 0 0 0
2146840727740937 137946056009600 enq 200 1 0 0 0 0
2146840731763530 137946056009600 ackslot 200 199 200 199 1 0
2146840731789569 137946056009600 send 18 0 0 199 199 2
2146840732358928 137946056009600 send 182255 0 0 199 199 2
2146840732680556 137946056009600 send 150550 0 0 199 199 2
2146840732683756 137946056009600 send 14 0 0 199 199 2
2146840732684056 137946056009600 egress 200 1 0 199 0 0
2146840732684106 137946056009600 ackregion 200 200 200 199 1 0
2146840733118330 137946056009600 cliack 200 0 201 200 0 0
2146840731765070 137945960937152 emit_beg 200 0 0 0 0 0
2146840731767390 137945960937152 dmg 0 1 0 0 1024 768
2146840731767470 137945960937152 enc 199 199 1 -1 -1 0
2146840731792279 137945960937152 emit_end 200 0 0 0 0 0
2146840743903527 137946042775232 wait_end 0 0 0 0 0 0
2146840743905967 137946042775232 drain_beg 0 0 0 0 0 0
2146840743906347 137946042775232 drain_end 1 0 0 0 0 0
2146840743906547 137946042775232 take 201 0 0 0 0 0
2146840743906807 137946042775232 subm_beg 1 0 0 0 0 0
2146840743907407 137946042775232 submit 201 0 0 0 0 0
2146840743907487 137946042775232 subm_end 1 0 0 0 0 0
2146840743907567 137946042775232 pump_beg 1 0 0 0 0 0
2146840744020653 137946042775232 feedend 200 0 0 0 0 0
2146840744127289 137946042775232 feedend 200 1 0 0 0 0
2146840746790872 137946042775232 outfirst 200 1 65536 0 0 0
2146840747249905 137946042775232 outfirst 200 0 65536 0 0 0
2146840747301773 137946042775232 pump_end 1 2 0 0 0 0
2146840747301973 137946042775232 join_beg 1 0 0 0 0 0
2146840747302743 137946042775232 join_end 0 0 0 0 0 0
2146840747302803 137946042775232 book_beg 1 0 0 0 0 0
2146840747303143 137946042775232 batch 201 1 1 2 2 0
2146840747303173 137946042775232 book_end 1 0 0 0 0 0
2146840747303203 137946042775232 coll_beg 0 0 0 0 0 0
2146840747368330 137946042775232 coll_end 0 0 0 0 0 0
2146840747368380 137946042775232 rel_beg 1 0 0 0 0 0
2146840747368450 137946042775232 absorb 201 0 0 0 0 0
2146840747371150 137946042775232 rel_end 1 0 0 0 0 0
2146840747372960 137946042775232 wait_beg 0 0 0 0 0 0
2146840743879868 137946056009600 msgin 201 4718592 0 0 0 0
2146840743880588 137946056009600 enq 201 1 0 0 0 0
2146840747380400 137946056009600 ackslot 201 200 201 200 1 0
2146840747437978 137946056009600 send 18 0 0 200 200 2
2146840747380780 137945960937152 emit_beg 201 0 0 0 0 0
2146840747383660 137945960937152 dmg 0 1 0 0 1024 768
2146840747384030 137945960937152 enc 200 200 1 -1 -1 0
2146840747402039 137945960937152 emit_end 201 0 0 0 0 0
2146840747919960 137946056009600 send 140822 0 0 200 200 2
2146840748305816 137946056009600 send 112349 0 0 200 200 2
2146840748310836 137946056009600 send 14 0 0 200 200 2
2146840748311076 137946056009600 egress 201 1 0 200 0 0
2146840748311156 137946056009600 ackregion 201 201 201 200 1 0
2146840748407453 137946056009600 cliack 201 0 202 201 0 0
2146840760438804 137946042775232 wait_end 0 0 0 0 0 0
2146840760441034 137946042775232 drain_beg 0 0 0 0 0 0
2146840760441484 137946042775232 drain_end 1 0 0 0 0 0
2146840760441674 137946042775232 take 202 0 0 0 0 0
2146840760441993 137946042775232 subm_beg 1 0 0 0 0 0
2146840760442483 137946042775232 submit 202 0 0 0 0 0
2146840760442643 137946042775232 subm_end 1 0 0 0 0 0
2146840760442703 137946042775232 pump_beg 1 0 0 0 0 0
2146840760590258 137946042775232 feedend 201 0 0 0 0 0
2146840760816800 137946042775232 feedend 201 1 0 0 0 0
2146840763875228 137946042775232 outfirst 201 1 65536 0 0 0
2146840764079301 137946042775232 outfirst 201 0 65536 0 0 0
2146840764104040 137946042775232 pump_end 1 2 0 0 0 0
2146840764104750 137946042775232 join_beg 1 0 0 0 0 0
2146840764106320 137946042775232 join_end 0 0 0 0 0 0
2146840764106420 137946042775232 book_beg 1 0 0 0 0 0
2146840764107690 137946042775232 batch 202 1 1 2 2 0
2146840764107850 137946042775232 book_end 1 0 0 0 0 0
2146840764108010 137946042775232 coll_beg 0 0 0 0 0 0
2146840764217846 137946042775232 coll_end 0 0 0 0 0 0
2146840764218006 137946042775232 rel_beg 1 0 0 0 0 0
2146840764219046 137946042775232 absorb 202 0 0 0 0 0
2146840764228095 137946042775232 rel_end 1 0 0 0 0 0
2146840764231085 137946042775232 wait_beg 0 0 0 0 0 0
2146840760425534 137946056009600 msgin 202 4718592 0 0 0 0
2146840760426134 137946056009600 enq 202 1 0 0 0 0
2146840764274994 137946056009600 ackslot 202 201 202 201 1 0
2146840764436958 137946056009600 send 18 0 0 201 201 2
2146840764950529 137946056009600 send 134041 0 0 201 201 2
2146840765346595 137946056009600 send 112393 0 0 201 201 2
2146840765350354 137946056009600 send 14 0 0 201 201 2
2146840765350794 137946056009600 egress 202 1 0 201 0 0
2146840765351044 137946056009600 ackregion 202 202 202 201 1 0
2146840765764739 137946056009600 cliack 202 0 203 202 0 0
2146840764236025 137945960937152 emit_beg 202 0 0 0 0 0
2146840764238575 137945960937152 dmg 0 1 0 0 1024 768
2146840764238795 137945960937152 enc 201 201 1 -1 -1 0
2146840764259224 137945960937152 emit_end 202 0 0 0 0 0
2146840775569142 137946042775232 wait_end 0 0 0 0 0 0
2146840775572121 137946042775232 drain_beg 0 0 0 0 0 0
2146840775572491 137946042775232 drain_end 1 0 0 0 0 0
2146840775572671 137946042775232 take 203 0 0 0 0 0
2146840775573381 137946042775232 subm_beg 1 0 0 0 0 0
2146840775574031 137946042775232 submit 203 0 0 0 0 0
2146840775574161 137946042775232 subm_end 1 0 0 0 0 0
2146840775574251 137946042775232 pump_beg 1 0 0 0 0 0
2146840775699947 137946042775232 feedend 202 0 0 0 0 0
2146840775777014 137946042775232 feedend 202 1 0 0 0 0
2146840775555112 137946056009600 msgin 203 4718592 0 0 0 0
2146840775555412 137946056009600 enq 203 1 0 0 0 0
2146840778803684 137946042775232 outfirst 202 1 65536 0 0 0
2146840779332584 137946042775232 outfirst 202 0 65536 0 0 0
2146840779366293 137946042775232 pump_end 1 2 0 0 0 0
2146840779367133 137946042775232 join_beg 1 0 0 0 0 0
2146840779367933 137946042775232 join_end 0 0 0 0 0 0
2146840779368053 137946042775232 book_beg 1 0 0 0 0 0
2146840779368633 137946042775232 batch 203 1 1 2 2 0
2146840779368713 137946042775232 book_end 1 0 0 0 0 0
2146840779368783 137946042775232 coll_beg 0 0 0 0 0 0
2146840779499708 137946042775232 coll_end 0 0 0 0 0 0
2146840779499858 137946042775232 rel_beg 1 0 0 0 0 0
2146840779500138 137946042775232 absorb 203 0 0 0 0 0
2146840779503468 137946042775232 rel_end 1 0 0 0 0 0
2146840779505918 137946042775232 wait_beg 0 0 0 0 0 0
2146840779507078 137946042775232 wait_end 0 0 0 0 0 0
2146840779509068 137946042775232 drain_beg 0 0 0 0 0 0
2146840779509278 137946042775232 drain_end 1 0 0 0 0 0
2146840779509438 137946042775232 take 204 0 0 0 0 0
2146840779509818 137946042775232 subm_beg 1 0 0 0 0 0
2146840779510088 137946042775232 submit 204 0 0 0 0 0
2146840779510148 137946042775232 subm_end 1 0 0 0 0 0
2146840779510238 137946042775232 pump_beg 1 0 0 0 0 0
2146840779666592 137946042775232 feedend 203 0 0 0 0 0
2146840779747469 137946042775232 feedend 203 1 0 0 0 0
2146840783032729 137946042775232 outfirst 203 1 65536 0 0 0
2146840783498122 137946042775232 outfirst 203 0 65536 0 0 0
2146840783545621 137946042775232 pump_end 1 2 0 0 0 0
2146840783545731 137946042775232 join_beg 1 0 0 0 0 0
2146840783545821 137946042775232 join_end 0 0 0 0 0 0
2146840783545941 137946042775232 book_beg 1 0 0 0 0 0
2146840783546011 137946042775232 batch 204 1 1 2 2 0
2146840783546041 137946042775232 book_end 1 0 0 0 0 0
2146840783546061 137946042775232 coll_beg 0 0 0 0 0 0
2146840783680906 137946042775232 coll_end 0 0 0 0 0 0
2146840783680946 137946042775232 rel_beg 1 0 0 0 0 0
2146840783681076 137946042775232 absorb 204 0 0 0 0 0
2146840783682946 137946042775232 rel_end 1 0 0 0 0 0
2146840783683746 137946042775232 wait_beg 0 0 0 0 0 0
2146840784584423 137946042775232 wait_end 0 0 0 0 0 0
2146840784585483 137946042775232 drain_beg 0 0 0 0 0 0
2146840784585603 137946042775232 drain_end 1 0 0 0 0 0
2146840784585723 137946042775232 take 205 0 0 0 0 0
2146840784585803 137946042775232 subm_beg 1 0 0 0 0 0
2146840784585883 137946042775232 submit 205 0 0 0 0 0
2146840784585913 137946042775232 subm_end 1 0 0 0 0 0
2146840784585943 137946042775232 pump_beg 1 0 0 0 0 0
2146840784672430 137946042775232 feedend 204 0 0 0 0 0
2146840784731517 137946042775232 feedend 204 1 0 0 0 0
2146840787587013 137946042775232 outfirst 204 1 65536 0 0 0
2146840779417981 137946056009600 msgin 204 4718592 0 0 0 0
2146840779418871 137946056009600 enq 204 1 0 0 0 0
2146840779509998 137946056009600 ackslot 203 202 203 202 1 0
2146840779575165 137946056009600 send 18 0 0 202 202 2
2146840780000780 137946056009600 send 179340 0 0 202 202 2
2146840780318348 137946056009600 send 142462 0 0 202 202 2
2146840780321538 137946056009600 send 14 0 0 202 202 2
2146840780321728 137946056009600 egress 203 1 0 202 0 0
2146840780322058 137946056009600 ackregion 203 203 203 202 1 0
2146840780831540 137946056009600 cliack 203 0 204 203 0 0
2146840783688105 137946056009600 ackslot 204 203 204 203 1 0
2146840783710185 137946056009600 send 18 0 0 203 203 2
2146840784152928 137946056009600 send 200889 0 0 203 203 2
2146840784524255 137946056009600 send 174029 0 0 203 203 2
2146840784527435 137946056009600 send 14 0 0 203 203 2
2146840784527595 137946056009600 egress 204 1 0 203 0 0
2146840784527775 137946056009600 ackregion 204 204 204 203 1 0
2146840784579933 137946056009600 msgin 205 4718592 0 0 0 0
2146840784580063 137946056009600 enq 205 1 0 0 0 0
2146840784925580 137946056009600 cliack 204 0 205 204 0 0
2146840779514938 137945960937152 emit_beg 203 0 0 0 0 0
2146840779519937 137945960937152 dmg 0 1 0 0 1024 768
2146840779520187 137945960937152 enc 202 202 1 -1 -1 0
2146840779558456 137945960937152 emit_end 203 0 0 0 0 0
2146840783691745 137945960937152 emit_beg 204 0 0 0 0 0
2146840783693745 137945960937152 dmg 0 1 0 0 1024 768
2146840783693825 137945960937152 enc 203 203 1 -1 -1 0
2146840783719914 137945960937152 emit_end 204 0 0 0 0 0
2146840788027817 137946042775232 outfirst 204 0 65536 0 0 0
2146840788065516 137946042775232 pump_end 1 2 0 0 0 0
2146840788065716 137946042775232 join_beg 1 0 0 0 0 0
2146840788065836 137946042775232 join_end 0 0 0 0 0 0
2146840788065906 137946042775232 book_beg 1 0 0 0 0 0
2146840788066016 137946042775232 batch 205 1 1 2 2 0
2146840788066096 137946042775232 book_end 1 0 0 0 0 0
2146840788066176 137946042775232 coll_beg 0 0 0 0 0 0
2146840788170302 137946042775232 coll_end 0 0 0 0 0 0
2146840788170462 137946042775232 rel_beg 1 0 0 0 0 0
2146840788170592 137946042775232 absorb 205 0 0 0 0 0
2146840788171922 137946042775232 rel_end 1 0 0 0 0 0
2146840788172972 137946042775232 wait_beg 0 0 0 0 0 0
2146840788176902 137946056009600 ackslot 205 204 205 204 1 0
2146840788194011 137946056009600 send 18 0 0 204 204 2
2146840788523509 137946056009600 send 155191 0 0 204 204 2
2146840788814108 137946056009600 send 132265 0 0 204 204 2
2146840788817178 137946056009600 send 14 0 0 204 204 2
2146840788817338 137946056009600 egress 205 1 0 204 0 0
2146840788817368 137946056009600 ackregion 205 205 205 204 1 0
2146840789148746 137946056009600 cliack 205 0 206 205 0 0
2146840788180652 137945960937152 emit_beg 205 0 0 0 0 0
2146840788182901 137945960937152 dmg 0 1 0 0 1024 768
2146840788182961 137945960937152 enc 204 204 1 -1 -1 0
2146840788202261 137945960937152 emit_end 205 0 0 0 0 0
2146840800250431 137946042775232 wait_end 0 0 0 0 0 0
2146840800252701 137946042775232 drain_beg 0 0 0 0 0 0
2146840800252941 137946042775232 drain_end 1 0 0 0 0 0
2146840800253031 137946042775232 take 206 0 0 0 0 0
2146840800253101 137946042775232 subm_beg 1 0 0 0 0 0
2146840800253281 137946042775232 submit 206 0 0 0 0 0
2146840800253301 137946042775232 subm_end 1 0 0 0 0 0
2146840800253331 137946042775232 pump_beg 1 0 0 0 0 0
2146840800354157 137946042775232 feedend 205 0 0 0 0 0
2146840800455754 137946042775232 feedend 205 1 0 0 0 0
2146840803331169 137946042775232 outfirst 205 1 65536 0 0 0
2146840803582660 137946042775232 outfirst 205 0 65536 0 0 0
2146840803598229 137946042775232 pump_end 1 2 0 0 0 0
2146840803598409 137946042775232 join_beg 1 0 0 0 0 0
2146840803598839 137946042775232 join_end 0 0 0 0 0 0
2146840803598889 137946042775232 book_beg 1 0 0 0 0 0
2146840803599039 137946042775232 batch 206 1 1 2 2 0
2146840803599179 137946042775232 book_end 1 0 0 0 0 0
2146840803599329 137946042775232 coll_beg 0 0 0 0 0 0
2146840803679596 137946042775232 coll_end 0 0 0 0 0 0
2146840803679666 137946042775232 rel_beg 1 0 0 0 0 0
2146840803679946 137946042775232 absorb 206 0 0 0 0 0
2146840803683076 137946042775232 rel_end 1 0 0 0 0 0
2146840803684646 137946042775232 wait_beg 0 0 0 0 0 0
2146840800231492 137946056009600 msgin 206 4718592 0 0 0 0
2146840800231592 137946056009600 enq 206 1 0 0 0 0
2146840803709915 137946056009600 ackslot 206 205 206 205 1 0
2146840803741964 137946056009600 send 18 0 0 205 205 2
2146840804257045 137946056009600 send 145282 0 0 205 205 2
2146840804560024 137946056009600 send 126391 0 0 205 205 2
2146840804563634 137946056009600 send 14 0 0 205 205 2
2146840804563984 137946056009600 egress 206 1 0 205 0 0
2146840804564144 137946056009600 ackregion 206 206 206 205 1 0
2146840805270018 137946056009600 cliack 206 0 207 206 0 0
2146840803701795 137945960937152 emit_beg 206 0 0 0 0 0
2146840803703945 137945960937152 dmg 0 1 0 0 1024 768
2146840803704095 137945960937152 enc 205 205 1 -1 -1 0
2146840803727674 137945960937152 emit_end 206 0 0 0 0 0
2146840815515874 137946042775232 wait_end 0 0 0 0 0 0
2146840815518934 137946042775232 drain_beg 0 0 0 0 0 0
2146840815519404 137946042775232 drain_end 1 0 0 0 0 0
2146840815519604 137946042775232 take 207 0 0 0 0 0
2146840815519984 137946042775232 subm_beg 1 0 0 0 0 0
2146840815520384 137946042775232 submit 207 0 0 0 0 0
2146840815520534 137946042775232 subm_end 1 0 0 0 0 0
2146840815520564 137946042775232 pump_beg 1 0 0 0 0 0
2146840815619140 137946042775232 feedend 206 0 0 0 0 0
2146840815717987 137946042775232 feedend 206 1 0 0 0 0
2146840815487635 137946056009600 msgin 207 4718592 0 0 0 0
2146840815493075 137946056009600 enq 207 1 0 0 0 0
2146840818529474 137946042775232 outfirst 206 1 65536 0 0 0
2146840818996497 137946042775232 outfirst 206 0 65536 0 0 0
2146840819024956 137946042775232 pump_end 1 2 0 0 0 0
2146840819025136 137946042775232 join_beg 1 0 0 0 0 0
2146840819025406 137946042775232 join_end 0 0 0 0 0 0
2146840819025456 137946042775232 book_beg 1 0 0 0 0 0
2146840819025616 137946042775232 batch 207 1 1 2 2 0
2146840819025766 137946042775232 book_end 1 0 0 0 0 0
2146840819025916 137946042775232 coll_beg 0 0 0 0 0 0
2146840819198960 137946042775232 coll_end 0 0 0 0 0 0
2146840819199370 137946042775232 rel_beg 1 0 0 0 0 0
2146840819209459 137946042775232 absorb 207 0 0 0 0 0
2146840819214609 137946042775232 rel_end 1 0 0 0 0 0
2146840819216709 137946042775232 wait_beg 0 0 0 0 0 0
2146840819244468 137946056009600 ackslot 207 206 207 206 1 0
2146840819268917 137946056009600 send 18 0 0 206 206 2
2146840819840886 137946056009600 send 163952 0 0 206 206 2
2146840820279450 137946056009600 send 124980 0 0 206 206 2
2146840820284660 137946056009600 send 14 0 0 206 206 2
2146840820284860 137946056009600 egress 207 1 0 206 0 0
2146840820284910 137946056009600 ackregion 207 207 207 206 1 0
2146840820595699 137946056009600 cliack 207 0 208 207 0 0
2146840819234779 137945960937152 emit_beg 207 0 0 0 0 0
2146840819237668 137945960937152 dmg 0 1 0 0 1024 768
2146840819237848 137945960937152 enc 206 206 1 -1 -1 0
2146840819266977 137945960937152 emit_end 207 0 0 0 0 0
2146840832163277 137946042775232 wait_end 0 0 0 0 0 0
2146840832165587 137946042775232 drain_beg 0 0 0 0 0 0
2146840832165857 137946042775232 drain_end 1 0 0 0 0 0
2146840832166027 137946042775232 take 208 0 0 0 0 0
2146840832166427 137946042775232 subm_beg 1 0 0 0 0 0
2146840832166837 137946042775232 submit 208 0 0 0 0 0
2146840832167037 137946042775232 subm_end 1 0 0 0 0 0
2146840832167097 137946042775232 pump_beg 1 0 0 0 0 0
2146840832285682 137946042775232 feedend 207 0 0 0 0 0
2146840832419838 137946042775232 feedend 207 1 0 0 0 0
2146840835518284 137946042775232 outfirst 207 1 65536 0 0 0
2146840835919960 137946042775232 outfirst 207 0 65536 0 0 0
2146840835941119 137946042775232 pump_end 1 2 0 0 0 0
2146840835941319 137946042775232 join_beg 1 0 0 0 0 0
2146840835941679 137946042775232 join_end 0 0 0 0 0 0
2146840835941849 137946042775232 book_beg 1 0 0 0 0 0
2146840835942239 137946042775232 batch 208 1 1 2 2 0
2146840835942409 137946042775232 book_end 1 0 0 0 0 0
2146840835942579 137946042775232 coll_beg 0 0 0 0 0 0
2146840836112503 137946042775232 coll_end 0 0 0 0 0 0
2146840836112773 137946042775232 rel_beg 1 0 0 0 0 0
2146840836113153 137946042775232 absorb 208 0 0 0 0 0
2146840836118253 137946042775232 rel_end 1 0 0 0 0 0
2146840836120253 137946042775232 wait_beg 0 0 0 0 0 0
2146840832141808 137946056009600 msgin 208 4718592 0 0 0 0
2146840832142038 137946056009600 enq 208 1 0 0 0 0
2146840836146822 137946056009600 ackslot 208 207 208 207 1 0
2146840836171171 137946056009600 send 18 0 0 207 207 2
2146840836786468 137946056009600 send 175927 0 0 207 207 2
2146840837287230 137946056009600 send 149069 0 0 207 207 2
2146840837290980 137946056009600 send 14 0 0 207 207 2
2146840837291270 137946056009600 egress 208 1 0 207 0 0
2146840837291410 137946056009600 ackregion 208 208 208 207 1 0
2146840837902607 137946056009600 cliack 208 0 209 208 0 0
2146840836137702 137945960937152 emit_beg 208 0 0 0 0 0
2146840836140762 137945960937152 dmg 0 1 0 0 1024 768
2146840836140942 137945960937152 enc 207 207 1 -1 -1 0
2146840836174241 137945960937152 emit_end 208 0 0 0 0 0
2146840848223011 137946042775232 wait_end 0 0 0 0 0 0
2146840848225661 137946042775232 drain_beg 0 0 0 0 0 0
2146840848226001 137946042775232 drain_end 1 0 0 0 0 0
2146840848226171 137946042775232 take 209 0 0 0 0 0
2146840848226751 137946042775232 subm_beg 1 0 0 0 0 0
2146840848227471 137946042775232 submit 209 0 0 0 0 0
2146840848227611 137946042775232 subm_end 1 0 0 0 0 0
2146840848227671 137946042775232 pump_beg 1 0 0 0 0 0
2146840848200302 137946056009600 msgin 209 4718592 0 0 0 0
2146840848200552 137946056009600 enq 209 1 0 0 0 0
2146840848358546 137946042775232 feedend 208 0 0 0 0 0
2146840848939455 137946042775232 feedend 208 1 0 0 0 0
2146840852432627 137946042775232 outfirst 208 1 65536 0 0 0
2146840852681698 137946042775232 outfirst 208 0 65536 0 0 0
2146840852713447 137946042775232 pump_end 1 2 0 0 0 0
2146840852714207 137946042775232 join_beg 1 0 0 0 0 0
2146840852715757 137946042775232 join_end 0 0 0 0 0 0
2146840852715847 137946042775232 book_beg 1 0 0 0 0 0
2146840852717177 137946042775232 batch 209 1 1 2 2 0
2146840852717327 137946042775232 book_end 1 0 0 0 0 0
2146840852717487 137946042775232 coll_beg 0 0 0 0 0 0
2146840852884361 137946042775232 coll_end 0 0 0 0 0 0
2146840852884531 137946042775232 rel_beg 1 0 0 0 0 0
2146840852885341 137946042775232 absorb 209 0 0 0 0 0
2146840852894761 137946042775232 rel_end 1 0 0 0 0 0
2146840852897690 137946042775232 wait_beg 0 0 0 0 0 0
2146840852942879 137946056009600 ackslot 209 208 209 208 1 0
2146840853103623 137946056009600 send 18 0 0 208 208 2
2146840853808367 137946056009600 send 186305 0 0 208 208 2
2146840854326388 137946056009600 send 154829 0 0 208 208 2
2146840854330118 137946056009600 send 14 0 0 208 208 2
2146840854330538 137946056009600 egress 209 1 0 208 0 0
2146840854330808 137946056009600 ackregion 209 209 209 208 1 0
2146840855097180 137946056009600 cliack 209 0 210 209 0 0
2146840852916060 137945960937152 emit_beg 209 0 0 0 0 0
2146840852919540 137945960937152 dmg 0 1 0 0 1024 768
2146840852919780 137945960937152 enc 208 208 1 -1 -1 0
2146840852949929 137945960937152 emit_end 209 0 0 0 0 0
2146840864152740 137946042775232 wait_end 0 0 0 0 0 0
2146840864156100 137946042775232 drain_beg 0 0 0 0 0 0
2146840864156410 137946042775232 drain_end 1 0 0 0 0 0
2146840864156600 137946042775232 take 210 0 0 0 0 0
2146840864157120 137946042775232 subm_beg 1 0 0 0 0 0
2146840864157780 137946042775232 submit 210 0 0 0 0 0
2146840864157970 137946042775232 subm_end 1 0 0 0 0 0
2146840864158040 137946042775232 pump_beg 1 0 0 0 0 0
2146840864290745 137946042775232 feedend 209 0 0 0 0 0
2146840864420890 137946042775232 feedend 209 1 0 0 0 0
2146840867375762 137946042775232 outfirst 209 1 65536 0 0 0
2146840867776088 137946042775232 outfirst 209 0 65536 0 0 0
2146840867801487 137946042775232 pump_end 1 2 0 0 0 0
2146840867801677 137946042775232 join_beg 1 0 0 0 0 0
2146840867801977 137946042775232 join_end 0 0 0 0 0 0
2146840867802057 137946042775232 book_beg 1 0 0 0 0 0
2146840867802347 137946042775232 batch 210 1 1 2 2 0
2146840867802507 137946042775232 book_end 1 0 0 0 0 0
2146840867802677 137946042775232 coll_beg 0 0 0 0 0 0
2146840867932982 137946042775232 coll_end 0 0 0 0 0 0
2146840867933432 137946042775232 rel_beg 1 0 0 0 0 0
2146840867933752 137946042775232 absorb 210 0 0 0 0 0
2146840867936982 137946042775232 rel_end 1 0 0 0 0 0
2146840867938642 137946042775232 wait_beg 0 0 0 0 0 0
2146840864128581 137946056009600 msgin 210 4718592 0 0 0 0
2146840864128741 137946056009600 enq 210 1 0 0 0 0
2146840867965371 137946056009600 ackslot 210 209 210 209 1 0
2146840867989410 137946056009600 send 18 0 0 209 209 2
2146840867956031 137945960937152 emit_beg 210 0 0 0 0 0
2146840867960361 137945960937152 dmg 0 1 0 0 1024 768
2146840867960571 137945960937152 enc 209 209 1 -1 -1 0
2146840867988680 137945960937152 emit_end 210 0 0 0 0 0
2146840868638986 137946056009600 send 157707 0 0 209 209 2
2146840869117359 137946056009600 send 132392 0 0 209 209 2
2146840869122778 137946056009600 send 14 0 0 209 209 2
2146840869123248 137946056009600 egress 210 1 0 209 0 0
2146840869123388 137946056009600 ackregion 210 210 210 209 1 0
2146840869682388 137946056009600 cliack 210 0 211 210 0 0
2146840879689983 137946042775232 wait_end 0 0 0 0 0 0
2146840879692763 137946042775232 drain_beg 0 0 0 0 0 0
2146840879693083 137946042775232 drain_end 1 0 0 0 0 0
2146840879693293 137946042775232 take 211 0 0 0 0 0
2146840879693573 137946042775232 subm_beg 1 0 0 0 0 0
2146840879694373 137946042775232 submit 211 0 0 0 0 0
2146840879694533 137946042775232 subm_end 1 0 0 0 0 0
2146840879694563 137946042775232 pump_beg 1 0 0 0 0 0
2146840879822188 137946042775232 feedend 210 0 0 0 0 0
2146840880059359 137946042775232 feedend 210 1 0 0 0 0
2146840883689857 137946042775232 outfirst 210 1 65536 0 0 0
2146840883725906 137946042775232 outfirst 210 0 32768 0 0 0
2146840883797463 137946042775232 pump_end 1 2 0 0 0 0
2146840883798473 137946042775232 join_beg 1 0 0 0 0 0
2146840883800023 137946042775232 join_end 0 0 0 0 0 0
2146840883800083 137946042775232 book_beg 1 0 0 0 0 0
2146840883801543 137946042775232 batch 211 1 1 2 2 0
2146840883801603 137946042775232 book_end 1 0 0 0 0 0
2146840883801683 137946042775232 coll_beg 0 0 0 0 0 0
2146840883958567 137946042775232 coll_end 0 0 0 0 0 0
2146840883958617 137946042775232 rel_beg 1 0 0 0 0 0
2146840883959577 137946042775232 absorb 211 0 0 0 0 0
2146840883970547 137946042775232 rel_end 1 0 0 0 0 0
2146840883973347 137946042775232 wait_beg 0 0 0 0 0 0
2146840879664204 137946056009600 msgin 211 4718592 0 0 0 0
2146840879664544 137946056009600 enq 211 1 0 0 0 0
2146840884027615 137946056009600 ackslot 211 210 211 210 1 0
2146840884205528 137946056009600 send 18 0 0 210 210 2
2146840884848005 137946056009600 send 175682 0 0 210 210 2
2146840885360676 137946056009600 send 156773 0 0 210 210 2
2146840885364066 137946056009600 send 14 0 0 210 210 2
2146840885364596 137946056009600 egress 211 1 0 210 0 0
2146840885364866 137946056009600 ackregion 211 211 211 210 1 0
2146840886123248 137946056009600 cliack 211 0 212 211 0 0
2146840883990616 137945960937152 emit_beg 211 0 0 0 0 0
2146840883994336 137945960937152 dmg 0 1 0 0 1024 768
2146840883994516 137945960937152 enc 210 210 1 -1 -1 0
2146840884047194 137945960937152 emit_end 211 0 0 0 0 0
2146840896065815 137946042775232 wait_end 0 0 0 0 0 0
2146840896067865 137946042775232 drain_beg 0 0 0 0 0 0
2146840896068225 137946042775232 drain_end 1 0 0 0 0 0
2146840896068455 137946042775232 take 212 0 0 0 0 0
2146840896068945 137946042775232 subm_beg 1 0 0 0 0 0
2146840896069235 137946042775232 submit 212 0 0 0 0 0
2146840896069445 137946042775232 subm_end 1 0 0 0 0 0
2146840896069485 137946042775232 pump_beg 1 0 0 0 0 0
2146840896174652 137946042775232 feedend 211 0 0 0 0 0
2146840896259598 137946042775232 feedend 211 1 0 0 0 0
2146840896055376 137946056009600 msgin 212 4718592 0 0 0 0
2146840896055906 137946056009600 enq 212 1 0 0 0 0
2146840899192591 137946042775232 outfirst 211 1 65536 0 0 0
2146840899601067 137946042775232 outfirst 211 0 65536 0 0 0
2146840899643695 137946042775232 pump_end 1 2 0 0 0 0
2146840899643945 137946042775232 join_beg 1 0 0 0 0 0
2146840899644255 137946042775232 join_end 0 0 0 0 0 0
2146840899644475 137946042775232 book_beg 1 0 0 0 0 0
2146840899644815 137946042775232 batch 212 1 1 2 2 0
2146840899644895 137946042775232 book_end 1 0 0 0 0 0
2146840899644975 137946042775232 coll_beg 0 0 0 0 0 0
2146840899769050 137946042775232 coll_end 0 0 0 0 0 0
2146840899769210 137946042775232 rel_beg 1 0 0 0 0 0
2146840899769410 137946042775232 absorb 212 0 0 0 0 0
2146840899772590 137946042775232 rel_end 1 0 0 0 0 0
2146840899774660 137946042775232 wait_beg 0 0 0 0 0 0
2146840899795429 137946056009600 ackslot 212 211 212 211 1 0
2146840899892716 137946056009600 send 18 0 0 211 211 2
2146840900386378 137946056009600 send 153455 0 0 211 211 2
2146840900661218 137946056009600 send 128093 0 0 211 211 2
2146840900664318 137946056009600 send 14 0 0 211 211 2
2146840900664498 137946056009600 egress 212 1 0 211 0 0
2146840900664728 137946056009600 ackregion 212 212 212 211 1 0
2146840900983826 137946056009600 cliack 212 0 213 212 0 0
2146840899793820 137945960937152 emit_beg 212 0 0 0 0 0
2146840899799649 137945960937152 dmg 0 1 0 0 1024 768
2146840899799729 137945960937152 enc 211 211 1 -1 -1 0
2146840899828218 137945960937152 emit_end 212 0 0 0 0 0
2146840912260215 137946042775232 wait_end 0 0 0 0 0 0
2146840912262265 137946042775232 drain_beg 0 0 0 0 0 0
2146840912262645 137946042775232 drain_end 1 0 0 0 0 0
2146840912262745 137946042775232 take 213 0 0 0 0 0
2146840912263065 137946042775232 subm_beg 1 0 0 0 0 0
2146840912263505 137946042775232 submit 213 0 0 0 0 0
2146840912263555 137946042775232 subm_end 1 0 0 0 0 0
2146840912263595 137946042775232 pump_beg 1 0 0 0 0 0
2146840912378740 137946042775232 feedend 212 0 0 0 0 0
2146840912445598 137946042775232 feedend 212 1 0 0 0 0
2146840915337012 137946042775232 outfirst 212 1 65536 0 0 0
2146840915768357 137946042775232 outfirst 212 0 65536 0 0 0
2146840915804645 137946042775232 pump_end 1 2 0 0 0 0
2146840915804985 137946042775232 join_beg 1 0 0 0 0 0
2146840915805565 137946042775232 join_end 0 0 0 0 0 0
2146840915805655 137946042775232 book_beg 1 0 0 0 0 0
2146840915806075 137946042775232 batch 213 1 1 2 2 0
2146840915806095 137946042775232 book_end 1 0 0 0 0 0
2146840915806135 137946042775232 coll_beg 0 0 0 0 0 0
2146840915877943 137946042775232 coll_end 0 0 0 0 0 0
2146840915877983 137946042775232 rel_beg 1 0 0 0 0 0
2146840915878073 137946042775232 absorb 213 0 0 0 0 0
2146840915880893 137946042775232 rel_end 1 0 0 0 0 0
2146840915882003 137946042775232 wait_beg 0 0 0 0 0 0
2146840912250905 137946056009600 msgin 213 4718592 0 0 0 0
2146840912251545 137946056009600 enq 213 1 0 0 0 0
2146840915892382 137946056009600 ackslot 213 212 213 212 1 0
2146840915948040 137946056009600 send 18 0 0 212 212 2
2146840916522149 137946056009600 send 154967 0 0 212 212 2
2146840916991702 137946056009600 send 129562 0 0 212 212 2
2146840916997422 137946056009600 send 14 0 0 212 212 2
2146840916997702 137946056009600 egress 213 1 0 212 0 0
2146840916998062 137946056009600 ackregion 213 213 213 212 1 0
2146840917423246 137946056009600 cliack 213 0 214 213 0 0
2146840915887162 137945960937152 emit_beg 213 0 0 0 0 0
2146840915889872 137945960937152 dmg 0 1 0 0 1024 768
2146840915889942 137945960937152 enc 212 212 1 -1 -1 0
2146840915908742 137945960937152 emit_end 213 0 0 0 0 0
2146840928053349 137946042775232 wait_end 0 0 0 0 0 0
2146840928055549 137946042775232 drain_beg 0 0 0 0 0 0
2146840928055899 137946042775232 drain_end 1 0 0 0 0 0
2146840928056019 137946042775232 take 214 0 0 0 0 0
2146840928056189 137946042775232 subm_beg 1 0 0 0 0 0
2146840928056778 137946042775232 submit 214 0 0 0 0 0
2146840928056918 137946042775232 subm_end 1 0 0 0 0 0
2146840928056958 137946042775232 pump_beg 1 0 0 0 0 0
2146840928172144 137946042775232 feedend 213 0 0 0 0 0
2146840928240452 137946042775232 feedend 213 1 0 0 0 0
2146840928045519 137946056009600 msgin 214 4718592 0 0 0 0
2146840928046179 137946056009600 enq 214 1 0 0 0 0
2146840931286731 137946042775232 outfirst 213 1 65536 0 0 0
2146840931735914 137946042775232 outfirst 213 0 65536 0 0 0
2146840931764203 137946042775232 pump_end 1 2 0 0 0 0
2146840931764543 137946042775232 join_beg 1 0 0 0 0 0
2146840931765033 137946042775232 join_end 0 0 0 0 0 0
2146840931765093 137946042775232 book_beg 1 0 0 0 0 0
2146840931765353 137946042775232 batch 214 1 1 2 2 0
2146840931765523 137946042775232 book_end 1 0 0 0 0 0
2146840931765693 137946042775232 coll_beg 0 0 0 0 0 0
2146840931890829 137946042775232 coll_end 0 0 0 0 0 0
2146840931891089 137946042775232 rel_beg 1 0 0 0 0 0
2146840931891399 137946042775232 absorb 214 0 0 0 0 0
2146840931895318 137946042775232 rel_end 1 0 0 0 0 0
2146840931897458 137946042775232 wait_beg 0 0 0 0 0 0
2146840931908158 137946056009600 ackslot 214 213 214 213 1 0
2146840931936647 137946056009600 send 18 0 0 213 213 2
2146840932394350 137946056009600 send 195714 0 0 213 213 2
2146840932757767 137946056009600 send 158151 0 0 213 213 2
2146840932761207 137946056009600 send 14 0 0 213 213 2
2146840932761587 137946056009600 egress 214 1 0 213 0 0
2146840932761677 137946056009600 ackregion 214 214 214 213 1 0
2146840933476911 137946056009600 cliack 214 0 215 214 0 0
2146840931902138 137945960937152 emit_beg 214 0 0 0 0 0
2146840931904938 137945960937152 dmg 0 1 0 0 1024 768
2146840931905088 137945960937152 enc 213 213 1 -1 -1 0
2146840931934527 137945960937152 emit_end 214 0 0 0 0 0
2146840943714727 137946042775232 wait_end 0 0 0 0 0 0
2146840943716997 137946042775232 drain_beg 0 0 0 0 0 0
2146840943717237 137946042775232 drain_end 1 0 0 0 0 0
2146840943717437 137946042775232 take 215 0 0 0 0 0
2146840943717927 137946042775232 subm_beg 1 0 0 0 0 0
2146840943718577 137946042775232 submit 215 0 0 0 0 0
2146840943718737 137946042775232 subm_end 1 0 0 0 0 0
2146840943718777 137946042775232 pump_beg 1 0 0 0 0 0
2146840943835203 137946042775232 feedend 214 0 0 0 0 0
2146840943867772 137946042775232 feedend 214 1 0 0 0 0
2146840947099134 137946042775232 outfirst 214 1 65536 0 0 0
2146840947484370 137946042775232 outfirst 214 0 65536 0 0 0
2146840947521988 137946042775232 pump_end 1 2 0 0 0 0
2146840947522168 137946042775232 join_beg 1 0 0 0 0 0
2146840947522468 137946042775232 join_end 0 0 0 0 0 0
2146840947522578 137946042775232 book_beg 1 0 0 0 0 0
2146840947523028 137946042775232 batch 215 1 1 2 2 0
2146840947523198 137946042775232 book_end 1 0 0 0 0 0
2146840947523358 137946042775232 coll_beg 0 0 0 0 0 0
2146840947669153 137946042775232 coll_end 0 0 0 0 0 0
2146840947669243 137946042775232 rel_beg 1 0 0 0 0 0
2146840947669593 137946042775232 absorb 215 0 0 0 0 0
2146840947673463 137946042775232 rel_end 1 0 0 0 0 0
2146840947675713 137946042775232 wait_beg 0 0 0 0 0 0
2146840943703818 137946056009600 msgin 215 4718592 0 0 0 0
2146840943704738 137946056009600 enq 215 1 0 0 0 0
2146840947688792 137946056009600 ackslot 215 214 215 214 1 0
2146840947709061 137946056009600 send 18 0 0 214 214 2
2146840948338808 137946056009600 send 188224 0 0 214 214 2
2146840948722984 137946056009600 send 168566 0 0 214 214 2
2146840948728854 137946056009600 send 14 0 0 214 214 2
2146840948729034 137946056009600 egress 215 1 0 214 0 0
2146840948729094 137946056009600 ackregion 215 215 215 214 1 0
2146840947680403 137945960937152 emit_beg 215 0 0 0 0 0
2146840947682542 137945960937152 dmg 0 1 0 0 1024 768
2146840947682722 137945960937152 enc 214 214 1 -1 -1 0
2146840947716391 137945960937152 emit_end 215 0 0 0 0 0
2146840949407549 137946056009600 cliack 215 0 216 215 0 0
2146840960084550 137946042775232 wait_end 0 0 0 0 0 0
2146840960085950 137946042775232 drain_beg 0 0 0 0 0 0
2146840960086210 137946042775232 drain_end 1 0 0 0 0 0
2146840960086350 137946042775232 take 216 0 0 0 0 0
2146840960086630 137946042775232 subm_beg 1 0 0 0 0 0
2146840960086950 137946042775232 submit 216 0 0 0 0 0
2146840960087220 137946042775232 subm_end 1 0 0 0 0 0
2146840960087250 137946042775232 pump_beg 1 0 0 0 0 0
2146840960180297 137946042775232 feedend 215 0 0 0 0 0
2146840960235185 137946042775232 feedend 215 1 0 0 0 0
2146840963246475 137946042775232 outfirst 215 1 65536 0 0 0
2146840963529364 137946042775232 outfirst 215 0 65536 0 0 0
2146840963558633 137946042775232 pump_end 1 2 0 0 0 0
2146840963558823 137946042775232 join_beg 1 0 0 0 0 0
2146840963559253 137946042775232 join_end 0 0 0 0 0 0
2146840963559353 137946042775232 book_beg 1 0 0 0 0 0
2146840963559533 137946042775232 batch 216 1 1 2 2 0
2146840963559683 137946042775232 book_end 1 0 0 0 0 0
2146840963559813 137946042775232 coll_beg 0 0 0 0 0 0
2146840963697218 137946042775232 coll_end 0 0 0 0 0 0
2146840963697388 137946042775232 rel_beg 1 0 0 0 0 0
2146840963697718 137946042775232 absorb 216 0 0 0 0 0
2146840963701608 137946042775232 rel_end 1 0 0 0 0 0
2146840963703498 137946042775232 wait_beg 0 0 0 0 0 0
2146840960076130 137946056009600 msgin 216 4718592 0 0 0 0
2146840960076390 137946056009600 enq 216 1 0 0 0 0
2146840963715898 137946056009600 ackslot 216 215 216 215 1 0
2146840963739447 137946056009600 send 18 0 0 215 215 2
2146840964302276 137946056009600 send 160590 0 0 215 215 2
2146840964617795 137946056009600 send 141733 0 0 215 215 2
2146840964622814 137946056009600 send 14 0 0 215 215 2
2146840964622944 137946056009600 egress 216 1 0 215 0 0
2146840964623084 137946056009600 ackregion 216 216 216 215 1 0
2146840965210023 137946056009600 cliack 216 0 217 216 0 0
2146840963710728 137945960937152 emit_beg 216 0 0 0 0 0
2146840963712988 137945960937152 dmg 0 1 0 0 1024 768
2146840963713148 137945960937152 enc 215 215 1 -1 -1 0
2146840963742797 137945960937152 emit_end 216 0 0 0 0 0
2146840976036888 137946042775232 wait_end 0 0 0 0 0 0
2146840976039368 137946042775232 drain_beg 0 0 0 0 0 0
2146840976039758 137946042775232 drain_end 1 0 0 0 0 0
2146840976039908 137946042775232 take 217 0 0 0 0 0
2146840976040168 137946042775232 subm_beg 1 0 0 0 0 0
2146840976040798 137946042775232 submit 217 0 0 0 0 0
2146840976040918 137946042775232 subm_end 1 0 0 0 0 0
2146840976041068 137946042775232 pump_beg 1 0 0 0 0 0
2146840976140404 137946042775232 feedend 216 0 0 0 0 0
2146840976212582 137946042775232 feedend 216 1 0 0 0 0
2146840979169274 137946042775232 outfirst 216 1 65536 0 0 0
2146840976018379 137946056009600 msgin 217 4718592 0 0 0 0
2146840976018809 137946056009600 enq 217 1 0 0 0 0
2146840979665586 137946042775232 outfirst 216 0 65536 0 0 0
2146840979717394 137946042775232 pump_end 1 2 0 0 0 0
2146840979717604 137946042775232 join_beg 1 0 0 0 0 0
2146840979717944 137946042775232 join_end 0 0 0 0 0 0
2146840979718054 137946042775232 book_beg 1 0 0 0 0 0
2146840979718274 137946042775232 batch 217 1 1 2 2 0
2146840979718434 137946042775232 book_end 1 0 0 0 0 0
2146840979718604 137946042775232 coll_beg 0 0 0 0 0 0
2146840979864118 137946042775232 coll_end 0 0 0 0 0 0
2146840979864388 137946042775232 rel_beg 1 0 0 0 0 0
2146840979864708 137946042775232 absorb 217 0 0 0 0 0
2146840979868148 137946042775232 rel_end 1 0 0 0 0 0
2146840979870058 137946042775232 wait_beg 0 0 0 0 0 0
2146840979893857 137946056009600 ackslot 217 216 217 216 1 0
2146840979915556 137946056009600 send 18 0 0 216 216 2
2146840980502905 137946056009600 send 169679 0 0 216 216 2
2146840980973148 137946056009600 send 136446 0 0 216 216 2
2146840980978608 137946056009600 send 14 0 0 216 216 2
2146840980979058 137946056009600 egress 217 1 0 216 0 0
2146840980979148 137946056009600 ackregion 217 217 217 216 1 0
2146840981512578 137946056009600 cliack 217 0 218 217 0 0
2146840979888347 137945960937152 emit_beg 217 0 0 0 0 0
2146840979891287 137945960937152 dmg 0 1 0 0 1024 768
2146840979891477 137945960937152 enc 216 216 1 -1 -1 0
2146840979927476 137945960937152 emit_end 217 0 0 0 0 0
2146840991639409 137946042775232 wait_end 0 0 0 0 0 0
2146840991642069 137946042775232 drain_beg 0 0 0 0 0 0
2146840991642349 137946042775232 drain_end 1 0 0 0 0 0
2146840991642509 137946042775232 take 218 0 0 0 0 0
2146840991642789 137946042775232 subm_beg 1 0 0 0 0 0
2146840991643179 137946042775232 submit 218 0 0 0 0 0
2146840991643339 137946042775232 subm_end 1 0 0 0 0 0
2146840991643389 137946042775232 pump_beg 1 0 0 0 0 0
2146840991746945 137946042775232 feedend 217 0 0 0 0 0
2146840991879560 137946042775232 feedend 217 1 0 0 0 0
2146840994774444 137946042775232 outfirst 217 1 65536 0 0 0
2146840995078593 137946042775232 outfirst 217 0 65536 0 0 0
2146840995132921 137946042775232 pump_end 1 2 0 0 0 0
2146840995136411 137946042775232 join_beg 1 0 0 0 0 0
2146840995136651 137946042775232 join_end 0 0 0 0 0 0
2146840995136811 137946042775232 book_beg 1 0 0 0 0 0
2146840995137001 137946042775232 batch 218 1 1 2 2 0
2146840995137121 137946042775232 book_end 1 0 0 0 0 0
2146840995137171 137946042775232 coll_beg 0 0 0 0 0 0
2146840995267096 137946042775232 coll_end 0 0 0 0 0 0
2146840995267156 137946042775232 rel_beg 1 0 0 0 0 0
2146840995267506 137946042775232 absorb 218 0 0 0 0 0
2146840995270816 137946042775232 rel_end 1 0 0 0 0 0
2146840995272436 137946042775232 wait_beg 0 0 0 0 0 0
2146840991615030 137946056009600 msgin 218 4718592 0 0 0 0
2146840991615320 137946056009600 enq 218 1 0 0 0 0
2146840995295725 137946056009600 ackslot 218 217 218 217 1 0
2146840995321704 137946056009600 send 18 0 0 217 217 2
2146840995852215 137946056009600 send 154215 0 0 217 217 2
2146840996277630 137946056009600 send 128239 0 0 217 217 2
2146840996281149 137946056009600 send 14 0 0 217 217 2
2146840996281449 137946056009600 egress 218 1 0 217 0 0
2146840996281599 137946056009600 ackregion 218 218 218 217 1 0
2146840996642616 137946056009600 cliack 218 0 219 218 0 0
2146840995291096 137945960937152 emit_beg 218 0 0 0 0 0
2146840995294015 137945960937152 dmg 0 1 0 0 1024 768
2146840995294215 137945960937152 enc 217 217 1 -1 -1 0
2146840995325764 137945960937152 emit_end 218 0 0 0 0 0
2146841007497750 137946042775232 wait_end 0 0 0 0 0 0
2146841007500600 137946042775232 drain_beg 0 0 0 0 0 0
2146841007500860 137946042775232 drain_end 1 0 0 0 0 0
2146841007501040 137946042775232 take 219 0 0 0 0 0
2146841007501260 137946042775232 subm_beg 1 0 0 0 0 0
2146841007502040 137946042775232 submit 219 0 0 0 0 0
2146841007502200 137946042775232 subm_end 1 0 0 0 0 0
2146841007502270 137946042775232 pump_beg 1 0 0 0 0 0
2146841007599486 137946042775232 feedend 218 0 0 0 0 0
2146841007725452 137946042775232 feedend 218 1 0 0 0 0
2146841007473641 137946056009600 msgin 219 4718592 0 0 0 0
2146841007473871 137946056009600 enq 219 1 0 0 0 0
2146841010460232 137946042775232 outfirst 218 1 65536 0 0 0
2146841010854258 137946042775232 outfirst 218 0 65536 0 0 0
2146841010891176 137946042775232 pump_end 1 2 0 0 0 0
2146841010891426 137946042775232 join_beg 1 0 0 0 0 0
2146841010891766 137946042775232 join_end 0 0 0 0 0 0
2146841010891906 137946042775232 book_beg 1 0 0 0 0 0
2146841010892096 137946042775232 batch 219 1 1 2 2 0
2146841010892266 137946042775232 book_end 1 0 0 0 0 0
2146841010892436 137946042775232 coll_beg 0 0 0 0 0 0
2146841011013232 137946042775232 coll_end 0 0 0 0 0 0
2146841011013472 137946042775232 rel_beg 1 0 0 0 0 0
2146841011013782 137946042775232 absorb 219 0 0 0 0 0
2146841011017452 137946042775232 rel_end 1 0 0 0 0 0
2146841011018992 137946042775232 wait_beg 0 0 0 0 0 0
2146841011043621 137946056009600 ackslot 219 218 219 218 1 0
2146841011066890 137946056009600 send 18 0 0 218 218 2
2146841011494584 137946056009600 send 141883 0 0 218 218 2
2146841011743645 137946056009600 send 114335 0 0 218 218 2
2146841011747075 137946056009600 send 14 0 0 218 218 2
2146841011747225 137946056009600 egress 219 1 0 218 0 0
2146841011747375 137946056009600 ackregion 219 219 219 218 1 0
2146841012569845 137946056009600 cliack 219 0 220 219 0 0
2146841011036441 137945960937152 emit_beg 219 0 0 0 0 0
2146841011039241 137945960937152 dmg 0 1 0 0 1024 768
2146841011039431 137945960937152 enc 218 218 1 -1 -1 0
2146841011065450 137945960937152 emit_end 219 0 0 0 0 0
2146841023429259 137946042775232 wait_end 0 0 0 0 0 0
2146841023432269 137946042775232 drain_beg 0 0 0 0 0 0
2146841023432659 137946042775232 drain_end 1 0 0 0 0 0
2146841023432839 137946042775232 take 220 0 0 0 0 0
2146841023433079 137946042775232 subm_beg 1 0 0 0 0 0
2146841023433549 137946042775232 submit 220 0 0 0 0 0
2146841023433749 137946042775232 subm_end 1 0 0 0 0 0
2146841023433839 137946042775232 pump_beg 1 0 0 0 0 0
2146841023552424 137946042775232 feedend 219 0 0 0 0 0
2146841023801515 137946042775232 feedend 219 1 0 0 0 0
2146841027483831 137946042775232 outfirst 219 1 65536 0 0 0
2146841027669494 137946042775232 outfirst 219 0 65536 0 0 0
2146841027721792 137946042775232 pump_end 1 2 0 0 0 0
2146841027722522 137946042775232 join_beg 1 0 0 0 0 0
2146841027724172 137946042775232 join_end 0 0 0 0 0 0
2146841027724292 137946042775232 book_beg 1 0 0 0 0 0
2146841027725592 137946042775232 batch 220 1 1 2 2 0
2146841027725752 137946042775232 book_end 1 0 0 0 0 0
2146841027725912 137946042775232 coll_beg 0 0 0 0 0 0
2146841027912335 137946042775232 coll_end 0 0 0 0 0 0
2146841027912615 137946042775232 rel_beg 1 0 0 0 0 0
2146841027913315 137946042775232 absorb 220 0 0 0 0 0
2146841027922095 137946042775232 rel_end 1 0 0 0 0 0
2146841027925005 137946042775232 wait_beg 0 0 0 0 0 0
2146841023415599 137946056009600 msgin 220 4718592 0 0 0 0
2146841023416079 137946056009600 enq 220 1 0 0 0 0
2146841027962214 137946056009600 ackslot 220 219 220 219 1 0
2146841028101429 137946056009600 send 18 0 0 219 219 2
2146841028868780 137946056009600 send 203894 0 0 219 219 2
2146841029434890 137946056009600 send 181898 0 0 219 219 2
2146841029438860 137946056009600 send 14 0 0 219 219 2
2146841029439250 137946056009600 egress 220 1 0 219 0 0
2146841029439520 137946056009600 ackregion 220 220 220 219 1 0
2146841027942544 137945960937152 emit_beg 220 0 0 0 0 0
2146841027946294 137945960937152 dmg 0 1 0 0 1024 768
2146841027946474 137945960937152 enc 219 219 1 -1 -1 0
2146841027983763 137945960937152 emit_end 220 0 0 0 0 0
2146841029572695 137946042775232 wait_end 0 0 0 0 0 0
2146841029576635 137946042775232 drain_beg 0 0 0 0 0 0
2146841029577145 137946042775232 drain_end 1 0 0 0 0 0
2146841029577245 137946042775232 take 221 0 0 0 0 0
2146841029577445 137946042775232 subm_beg 1 0 0 0 0 0
2146841029578225 137946042775232 submit 221 0 0 0 0 0
2146841029578395 137946042775232 subm_end 1 0 0 0 0 0
2146841029578485 137946042775232 pump_beg 1 0 0 0 0 0
2146841029703260 137946042775232 feedend 220 0 0 0 0 0
2146841029772348 137946042775232 feedend 220 1 0 0 0 0
2146841032671222 137946042775232 outfirst 220 1 65536 0 0 0
2146841032963131 137946042775232 outfirst 220 0 65536 0 0 0
2146841032979521 137946042775232 pump_end 1 2 0 0 0 0
2146841032979721 137946042775232 join_beg 1 0 0 0 0 0
2146841032980001 137946042775232 join_end 0 0 0 0 0 0
2146841032980161 137946042775232 book_beg 1 0 0 0 0 0
2146841032980511 137946042775232 batch 221 1 1 2 2 0
2146841032980681 137946042775232 book_end 1 0 0 0 0 0
2146841032980851 137946042775232 coll_beg 0 0 0 0 0 0
2146841033131765 137946042775232 coll_end 0 0 0 0 0 0
2146841033132125 137946042775232 rel_beg 1 0 0 0 0 0
2146841033132385 137946042775232 absorb 221 0 0 0 0 0
2146841033135685 137946042775232 rel_end 1 0 0 0 0 0
2146841033137465 137946042775232 wait_beg 0 0 0 0 0 0
2146841029548106 137946056009600 msgin 221 4718592 0 0 0 0
2146841029548586 137946056009600 enq 221 1 0 0 0 0
2146841030110525 137946056009600 cliack 220 0 221 220 0 0
2146841033148824 137946056009600 ackslot 221 220 221 220 1 0
2146841033198873 137946056009600 send 18 0 0 220 220 2
2146841033713434 137946056009600 send 146235 0 0 220 220 2
2146841034162707 137946056009600 send 131164 0 0 220 220 2
2146841034167997 137946056009600 send 14 0 0 220 220 2
2146841034168347 137946056009600 egress 221 1 0 220 0 0
2146841034168527 137946056009600 ackregion 221 221 221 220 1 0
2146841034587942 137946056009600 cliack 221 0 222 221 0 0
2146841033154754 137945960937152 emit_beg 221 0 0 0 0 0
2146841033160474 137945960937152 dmg 0 1 0 0 1024 768
2146841033160654 137945960937152 enc 220 220 1 -1 -1 0
2146841033186133 137945960937152 emit_end 221 0 0 0 0 0
2146841043666051 137946042775232 wait_end 0 0 0 0 0 0
2146841043668681 137946042775232 drain_beg 0 0 0 0 0 0
2146841043673290 137946042775232 drain_end 1 0 0 0 0 0
2146841043673510 137946042775232 take 222 0 0 0 0 0
2146841043674030 137946042775232 subm_beg 1 0 0 0 0 0
2146841043674870 137946042775232 submit 222 0 0 0 0 0
2146841043675010 137946042775232 subm_end 1 0 0 0 0 0
2146841043675050 137946042775232 pump_beg 1 0 0 0 0 0
2146841043768737 137946042775232 feedend 221 0 0 0 0 0
2146841043831045 137946042775232 feedend 221 1 0 0 0 0
2146841046354723 137946042775232 outfirst 221 1 65536 0 0 0
2146841046665431 137946042775232 outfirst 221 0 65536 0 0 0
2146841046673841 137946042775232 pump_end 1 2 0 0 0 0
2146841046674001 137946042775232 join_beg 1 0 0 0 0 0
2146841046674381 137946042775232 join_end 0 0 0 0 0 0
2146841046674431 137946042775232 book_beg 1 0 0 0 0 0
2146841046674591 137946042775232 batch 222 1 1 2 2 0
2146841046674751 137946042775232 book_end 1 0 0 0 0 0
2146841046674781 137946042775232 coll_beg 0 0 0 0 0 0
2146841046734999 137946042775232 coll_end 0 0 0 0 0 0
2146841046735149 137946042775232 rel_beg 1 0 0 0 0 0
2146841046735449 137946042775232 absorb 222 0 0 0 0 0
2146841046738229 137946042775232 rel_end 1 0 0 0 0 0
2146841046739599 137946042775232 wait_beg 0 0 0 0 0 0
2146841043653561 137946056009600 msgin 222 4718592 0 0 0 0
2146841043654221 137946056009600 enq 222 1 0 0 0 0
2146841046749168 137946056009600 ackslot 222 221 222 221 1 0
2146841046782047 137946056009600 send 18 0 0 221 221 2
2146841047047997 137946056009600 send 114693 0 0 221 221 2
2146841047262999 137946056009600 send 94396 0 0 221 221 2
2146841047266479 137946056009600 send 14 0 0 221 221 2
2146841047266729 137946056009600 egress 222 1 0 221 0 0
2146841047266859 137946056009600 ackregion 222 222 222 221 1 0
2146841047860788 137946056009600 cliack 222 0 223 222 0 0
2146841046759748 137945960937152 emit_beg 222 0 0 0 0 0
2146841046765218 137945960937152 dmg 0 1 0 0 1024 768
2146841046765398 137945960937152 enc 221 221 1 -1 -1 0
2146841046790287 137945960937152 emit_end 222 0 0 0 0 0
2146841059949207 137946042775232 wait_end 0 0 0 0 0 0
2146841059952486 137946042775232 drain_beg 0 0 0 0 0 0
2146841059953186 137946042775232 drain_end 1 0 0 0 0 0
2146841059953476 137946042775232 take 223 0 0 0 0 0
2146841059954126 137946042775232 subm_beg 1 0 0 0 0 0
2146841059955426 137946042775232 submit 223 0 0 0 0 0
2146841059955526 137946042775232 subm_end 1 0 0 0 0 0
2146841059955606 137946042775232 pump_beg 1 0 0 0 0 0
2146841060094271 137946042775232 feedend 222 0 0 0 0 0
2146841060156989 137946042775232 feedend 222 1 0 0 0 0
2146841062841411 137946042775232 outfirst 222 1 65536 0 0 0
2146841063315874 137946042775232 outfirst 222 0 65536 0 0 0
2146841063335993 137946042775232 pump_end 1 2 0 0 0 0
2146841063336173 137946042775232 join_beg 1 0 0 0 0 0
2146841063336593 137946042775232 join_end 0 0 0 0 0 0
2146841063336673 137946042775232 book_beg 1 0 0 0 0 0
2146841063336873 137946042775232 batch 223 1 1 2 2 0
2146841063337033 137946042775232 book_end 1 0 0 0 0 0
2146841063337213 137946042775232 coll_beg 0 0 0 0 0 0
2146841063457889 137946042775232 coll_end 0 0 0 0 0 0
2146841063458169 137946042775232 rel_beg 1 0 0 0 0 0
2146841063458549 137946042775232 absorb 223 0 0 0 0 0
2146841063462788 137946042775232 rel_end 1 0 0 0 0 0
2146841063465378 137946042775232 wait_beg 0 0 0 0 0 0
2146841059933117 137946056009600 msgin 223 4718592 0 0 0 0
2146841059933897 137946056009600 enq 223 1 0 0 0 0
2146841063476258 137946056009600 ackslot 223 222 223 222 1 0
2146841063494927 137946056009600 send 18 0 0 222 222 2
2146841063874963 137946056009600 send 159937 0 0 222 222 2
2146841064159423 137946056009600 send 119006 0 0 222 222 2
2146841064162813 137946056009600 send 14 0 0 222 222 2
2146841064163383 137946056009600 egress 223 1 0 222 0 0
2146841064163563 137946056009600 ackregion 223 223 223 222 1 0
2146841064992913 137946056009600 cliack 223 0 224 223 0 0
2146841063475668 137945960937152 emit_beg 223 0 0 0 0 0
2146841063480118 137945960937152 dmg 0 1 0 0 1024 768
2146841063480308 137945960937152 enc 222 222 1 -1 -1 0
2146841063516446 137945960937152 emit_end 223 0 0 0 0 0
2146841075655754 137946042775232 wait_end 0 0 0 0 0 0
2146841075658004 137946042775232 drain_beg 0 0 0 0 0 0
2146841075658264 137946042775232 drain_end 1 0 0 0 0 0
2146841075658404 137946042775232 take 224 0 0 0 0 0
2146841075658693 137946042775232 subm_beg 1 0 0 0 0 0
2146841075659003 137946042775232 submit 224 0 0 0 0 0
2146841075659143 137946042775232 subm_end 1 0 0 0 0 0
2146841075659173 137946042775232 pump_beg 1 0 0 0 0 0
2146841075765680 137946042775232 feedend 223 0 0 0 0 0
2146841075827347 137946042775232 feedend 223 1 0 0 0 0
2146841078307047 137946042775232 outfirst 223 1 65536 0 0 0
2146841078933074 137946042775232 outfirst 223 0 65536 0 0 0
2146841078951683 137946042775232 pump_end 1 2 0 0 0 0
2146841078951853 137946042775232 join_beg 1 0 0 0 0 0
2146841078952283 137946042775232 join_end 0 0 0 0 0 0
2146841078952403 137946042775232 book_beg 1 0 0 0 0 0
2146841078952583 137946042775232 batch 224 1 1 2 2 0
2146841078952753 137946042775232 book_end 1 0 0 0 0 0
2146841078952923 137946042775232 coll_beg 0 0 0 0 0 0
2146841079067279 137946042775232 coll_end 0 0 0 0 0 0
2146841079067459 137946042775232 rel_beg 1 0 0 0 0 0
2146841079067859 137946042775232 absorb 224 0 0 0 0 0
2146841079071619 137946042775232 rel_end 1 0 0 0 0 0
2146841079073329 137946042775232 wait_beg 0 0 0 0 0 0
2146841075634214 137946056009600 msgin 224 4718592 0 0 0 0
2146841075634504 137946056009600 enq 224 1 0 0 0 0
2146841079087288 137946056009600 ackslot 224 223 224 223 1 0
2146841079104758 137946056009600 send 18 0 0 223 223 2
2146841079537982 137946056009600 send 152363 0 0 223 223 2
2146841079767934 137946056009600 send 102915 0 0 223 223 2
2146841079771413 137946056009600 send 14 0 0 223 223 2
2146841079771553 137946056009600 egress 224 1 0 223 0 0
2146841079771623 137946056009600 ackregion 224 224 224 223 1 0
2146841079086728 137945960937152 emit_beg 224 0 0 0 0 0
2146841079089808 137945960937152 dmg 0 1 0 0 1024 768
2146841079089968 137945960937152 enc 223 223 1 -1 -1 0
2146841079113457 137945960937152 emit_end 224 0 0 0 0 0
2146841080576024 137946056009600 cliack 224 0 225 224 0 0
2146841092488699 137946042775232 wait_end 0 0 0 0 0 0
2146841092491539 137946042775232 drain_beg 0 0 0 0 0 0
2146841092491889 137946042775232 drain_end 1 0 0 0 0 0
2146841092492079 137946042775232 take 225 0 0 0 0 0
2146841092492459 137946042775232 subm_beg 1 0 0 0 0 0
2146841092492889 137946042775232 submit 225 0 0 0 0 0
2146841092492949 137946042775232 subm_end 1 0 0 0 0 0
2146841092493069 137946042775232 pump_beg 1 0 0 0 0 0
2146841092620395 137946042775232 feedend 224 0 0 0 0 0
2146841092681752 137946042775232 feedend 224 1 0 0 0 0
2146841096061029 137946042775232 outfirst 224 1 65536 0 0 0
2146841096674657 137946042775232 outfirst 224 0 65536 0 0 0
2146841096700416 137946042775232 pump_end 1 2 0 0 0 0
2146841096700576 137946042775232 join_beg 1 0 0 0 0 0
2146841096700876 137946042775232 join_end 0 0 0 0 0 0
2146841096700946 137946042775232 book_beg 1 0 0 0 0 0
2146841096704486 137946042775232 batch 225 1 1 2 2 0
2146841096704586 137946042775232 book_end 1 0 0 0 0 0
2146841096704616 137946042775232 coll_beg 0 0 0 0 0 0
2146841096822251 137946042775232 coll_end 0 0 0 0 0 0
2146841096822291 137946042775232 rel_beg 1 0 0 0 0 0
2146841096822571 137946042775232 absorb 225 0 0 0 0 0
2146841096825691 137946042775232 rel_end 1 0 0 0 0 0
2146841096827171 137946042775232 wait_beg 0 0 0 0 0 0
2146841092467230 137946056009600 msgin 225 4718592 0 0 0 0
2146841092467650 137946056009600 enq 225 1 0 0 0 0
2146841096851300 137946056009600 ackslot 225 224 225 224 1 0
2146841096877589 137946056009600 send 18 0 0 224 224 2
2146841097933711 137946056009600 send 216157 0 0 224 224 2
2146841098453222 137946056009600 send 173143 0 0 224 224 2
2146841098457142 137946056009600 send 14 0 0 224 224 2
2146841098457352 137946056009600 egress 225 1 0 224 0 0
2146841098457902 137946056009600 ackregion 225 225 225 224 1 0
2146841098645445 137946056009600 cliack 225 0 226 225 0 0
2146841096845261 137945960937152 emit_beg 225 0 0 0 0 0
2146841096848040 137945960937152 dmg 0 1 0 0 1024 768
2146841096848210 137945960937152 enc 224 224 1 -1 -1 0
2146841096887449 137945960937152 emit_end 225 0 0 0 0 0
2146841107716174 137946042775232 wait_end 0 0 0 0 0 0
2146841107718714 137946042775232 drain_beg 0 0 0 0 0 0
2146841107719064 137946042775232 drain_end 1 0 0 0 0 0
2146841107719214 137946042775232 take 226 0 0 0 0 0
2146841107719374 137946042775232 subm_beg 1 0 0 0 0 0
2146841107719734 137946042775232 submit 226 0 0 0 0 0
2146841107719884 137946042775232 subm_end 1 0 0 0 0 0
2146841107719944 137946042775232 pump_beg 1 0 0 0 0 0
2146841107843619 137946042775232 feedend 225 0 0 0 0 0
2146841107909307 137946042775232 feedend 225 1 0 0 0 0
2146841107693015 137946056009600 msgin 226 4718592 0 0 0 0
2146841107693515 137946056009600 enq 226 1 0 0 0 0
2146841110623578 137946042775232 outfirst 225 1 65536 0 0 0
2146841111265734 137946042775232 outfirst 225 0 65536 0 0 0
2146841111334712 137946042775232 pump_end 1 2 0 0 0 0
2146841111334872 137946042775232 join_beg 1 0 0 0 0 0
2146841111335162 137946042775232 join_end 0 0 0 0 0 0
2146841111335262 137946042775232 book_beg 1 0 0 0 0 0
2146841111335422 137946042775232 batch 226 1 1 2 2 0
2146841111335672 137946042775232 book_end 1 0 0 0 0 0
2146841111335822 137946042775232 coll_beg 0 0 0 0 0 0
2146841111411749 137946042775232 coll_end 0 0 0 0 0 0
2146841111411899 137946042775232 rel_beg 1 0 0 0 0 0
2146841111412179 137946042775232 absorb 226 0 0 0 0 0
2146841111415359 137946042775232 rel_end 1 0 0 0 0 0
2146841111416869 137946042775232 wait_beg 0 0 0 0 0 0
2146841111445598 137946056009600 ackslot 226 225 226 225 1 0
2146841111498256 137946056009600 send 18 0 0 225 225 2
2146841112068085 137946056009600 send 154172 0 0 225 225 2
2146841112423072 137946056009600 send 116935 0 0 225 225 2
2146841112428602 137946056009600 send 14 0 0 225 225 2
2146841112428892 137946056009600 egress 226 1 0 225 0 0
2146841112429062 137946056009600 ackregion 226 226 226 225 1 0
2146841112745081 137946056009600 cliack 226 0 227 226 0 0
2146841111421769 137945960937152 emit_beg 226 0 0 0 0 0
2146841111424259 137945960937152 dmg 0 1 0 0 1024 768
2146841111424419 137945960937152 enc 225 225 1 -1 -1 0
2146841111450278 137945960937152 emit_end 226 0 0 0 0 0
2146841124275620 137946042775232 wait_end 0 0 0 0 0 0
2146841124278240 137946042775232 drain_beg 0 0 0 0 0 0
2146841124278670 137946042775232 drain_end 1 0 0 0 0 0
2146841124278790 137946042775232 take 227 0 0 0 0 0
2146841124279340 137946042775232 subm_beg 1 0 0 0 0 0
2146841124280370 137946042775232 submit 227 0 0 0 0 0
2146841124280510 137946042775232 subm_end 1 0 0 0 0 0
2146841124280540 137946042775232 pump_beg 1 0 0 0 0 0
2146841124404705 137946042775232 feedend 226 0 0 0 0 0
2146841124456303 137946042775232 feedend 226 1 0 0 0 0
2146841127476853 137946042775232 outfirst 226 1 65536 0 0 0
2146841128091211 137946042775232 outfirst 226 0 65536 0 0 0
2146841128114470 137946042775232 pump_end 1 2 0 0 0 0
2146841128114630 137946042775232 join_beg 1 0 0 0 0 0
2146841128114890 137946042775232 join_end 0 0 0 0 0 0
2146841128114960 137946042775232 book_beg 1 0 0 0 0 0
2146841128115080 137946042775232 batch 227 1 1 2 2 0
2146841128115200 137946042775232 book_end 1 0 0 0 0 0
2146841128115330 137946042775232 coll_beg 0 0 0 0 0 0
2146841128195487 137946042775232 coll_end 0 0 0 0 0 0
2146841128195557 137946042775232 rel_beg 1 0 0 0 0 0
2146841128195837 137946042775232 absorb 227 0 0 0 0 0
2146841128198717 137946042775232 rel_end 1 0 0 0 0 0
2146841128200387 137946042775232 wait_beg 0 0 0 0 0 0
2146841124263060 137946056009600 msgin 227 4718592 0 0 0 0
2146841124264910 137946056009600 enq 227 1 0 0 0 0
2146841128225386 137946056009600 ackslot 227 226 227 226 1 0
2146841128251385 137946056009600 send 18 0 0 226 226 2
2146841128881832 137946056009600 send 181532 0 0 226 226 2
2146841129399363 137946056009600 send 149972 0 0 226 226 2
2146841129402873 137946056009600 send 14 0 0 226 226 2
2146841129403073 137946056009600 egress 227 1 0 226 0 0
2146841129403103 137946056009600 ackregion 227 227 227 226 1 0
2146841129673783 137946056009600 cliack 227 0 228 227 0 0
2146841128205856 137945960937152 emit_beg 227 0 0 0 0 0
2146841128210076 137945960937152 dmg 0 1 0 0 1024 768
2146841128210396 137945960937152 enc 226 226 1 -1 -1 0
2146841128245295 137945960937152 emit_end 227 0 0 0 0 0
2146841139732606 137946042775232 wait_end 0 0 0 0 0 0
2146841139735206 137946042775232 drain_beg 0 0 0 0 0 0
2146841139735516 137946042775232 drain_end 1 0 0 0 0 0
2146841139735736 137946042775232 take 228 0 0 0 0 0
2146841139736046 137946042775232 subm_beg 1 0 0 0 0 0
2146841139737006 137946042775232 submit 228 0 0 0 0 0
2146841139737146 137946042775232 subm_end 1 0 0 0 0 0
2146841139737196 137946042775232 pump_beg 1 0 0 0 0 0
2146841139833482 137946042775232 feedend 227 0 0 0 0 0
2146841139896610 137946042775232 feedend 227 1 0 0 0 0
2146841139722636 137946056009600 msgin 228 4718592 0 0 0 0
2146841139723316 137946056009600 enq 228 1 0 0 0 0
2146841142806794 137946042775232 outfirst 227 1 65536 0 0 0
2146841143258597 137946042775232 outfirst 227 0 65536 0 0 0
2146841143271847 137946042775232 pump_end 1 2 0 0 0 0
2146841143272077 137946042775232 join_beg 1 0 0 0 0 0
2146841143272337 137946042775232 join_end 0 0 0 0 0 0
2146841143272377 137946042775232 book_beg 1 0 0 0 0 0
2146841143272607 137946042775232 batch 228 1 1 2 2 0
2146841143272757 137946042775232 book_end 1 0 0 0 0 0
2146841143272917 137946042775232 coll_beg 0 0 0 0 0 0
2146841143355384 137946042775232 coll_end 0 0 0 0 0 0
2146841143355624 137946042775232 rel_beg 1 0 0 0 0 0
2146841143355894 137946042775232 absorb 228 0 0 0 0 0
2146841143358504 137946042775232 rel_end 1 0 0 0 0 0
2146841143360324 137946042775232 wait_beg 0 0 0 0 0 0
2146841143385853 137946056009600 ackslot 228 227 228 227 1 0
2146841143410002 137946056009600 send 18 0 0 227 227 2
2146841143967401 137946056009600 send 159885 0 0 227 227 2
2146841144364247 137946056009600 send 131477 0 0 227 227 2
2146841144367697 137946056009600 send 14 0 0 227 227 2
2146841144367877 137946056009600 egress 228 1 0 227 0 0
2146841144368077 137946056009600 ackregion 228 228 228 227 1 0
2146841144711844 137946056009600 cliack 228 0 229 228 0 0
2146841143366183 137945960937152 emit_beg 228 0 0 0 0 0
2146841143369133 137945960937152 dmg 0 1 0 0 1024 768
2146841143369353 137945960937152 enc 227 227 1 -1 -1 0
2146841143397372 137945960937152 emit_end 228 0 0 0 0 0
2146841156138737 137946042775232 wait_end 0 0 0 0 0 0
2146841156141177 137946042775232 drain_beg 0 0 0 0 0 0
2146841156141577 137946042775232 drain_end 1 0 0 0 0 0
2146841156141797 137946042775232 take 229 0 0 0 0 0
2146841156142207 137946042775232 subm_beg 1 0 0 0 0 0
2146841156149877 137946042775232 submit 229 0 0 0 0 0
2146841156150127 137946042775232 subm_end 1 0 0 0 0 0
2146841156150167 137946042775232 pump_beg 1 0 0 0 0 0
2146841156262513 137946042775232 feedend 228 0 0 0 0 0
2146841156318411 137946042775232 feedend 228 1 0 0 0 0
2146841159393509 137946042775232 outfirst 228 1 65536 0 0 0
2146841159807153 137946042775232 outfirst 228 0 65536 0 0 0
2146841159822183 137946042775232 pump_end 1 2 0 0 0 0
2146841159822273 137946042775232 join_beg 1 0 0 0 0 0
2146841159822683 137946042775232 join_end 0 0 0 0 0 0
2146841159822723 137946042775232 book_beg 1 0 0 0 0 0
2146841159822933 137946042775232 batch 229 1 1 2 2 0
2146841159823043 137946042775232 book_end 1 0 0 0 0 0
2146841159823073 137946042775232 coll_beg 0 0 0 0 0 0
2146841159914060 137946042775232 coll_end 0 0 0 0 0 0
2146841159914140 137946042775232 rel_beg 1 0 0 0 0 0
2146841159914530 137946042775232 absorb 229 0 0 0 0 0
2146841159917209 137946042775232 rel_end 1 0 0 0 0 0
2146841159918739 137946042775232 wait_beg 0 0 0 0 0 0
2146841156125428 137946056009600 msgin 229 4718592 0 0 0 0
2146841156126178 137946056009600 enq 229 1 0 0 0 0
2146841159927889 137946056009600 ackslot 229 228 229 228 1 0
2146841159948878 137946056009600 send 18 0 0 228 228 2
2146841160348944 137946056009600 send 176638 0 0 228 228 2
2146841159924289 137945960937152 emit_beg 229 0 0 0 0 0
2146841159928099 137945960937152 dmg 0 1 0 0 1024 768
2146841159928469 137945960937152 enc 228 228 1 -1 -1 0
2146841159962238 137945960937152 emit_end 229 0 0 0 0 0
2146841160694481 137946056009600 send 154031 0 0 228 228 2
2146841160698391 137946056009600 send 14 0 0 228 228 2
2146841160698551 137946056009600 egress 229 1 0 228 0 0
2146841160698791 137946056009600 ackregion 229 229 229 228 1 0
2146841161104896 137946056009600 cliack 229 0 230 229 0 0
2146841172092495 137946042775232 wait_end 0 0 0 0 0 0
2146841172095135 137946042775232 drain_beg 0 0 0 0 0 0
2146841172095475 137946042775232 drain_end 1 0 0 0 0 0
2146841172095675 137946042775232 take 230 0 0 0 0 0
2146841172096165 137946042775232 subm_beg 1 0 0 0 0 0
2146841172096815 137946042775232 submit 230 0 0 0 0 0
2146841172096935 137946042775232 subm_end 1 0 0 0 0 0
2146841172096975 137946042775232 pump_beg 1 0 0 0 0 0
2146841172195522 137946042775232 feedend 229 0 0 0 0 0
2146841172322177 137946042775232 feedend 229 1 0 0 0 0
2146841174852245 137946042775232 outfirst 229 1 65536 0 0 0
2146841175263610 137946042775232 outfirst 229 0 65536 0 0 0
2146841175276739 137946042775232 pump_end 1 2 0 0 0 0
2146841175276889 137946042775232 join_beg 1 0 0 0 0 0
2146841175277359 137946042775232 join_end 0 0 0 0 0 0
2146841175277439 137946042775232 book_beg 1 0 0 0 0 0
2146841175277649 137946042775232 batch 230 1 1 2 2 0
2146841175277789 137946042775232 book_end 1 0 0 0 0 0
2146841175277939 137946042775232 coll_beg 0 0 0 0 0 0
2146841175341927 137946042775232 coll_end 0 0 0 0 0 0
2146841175342177 137946042775232 rel_beg 1 0 0 0 0 0
2146841175342457 137946042775232 absorb 230 0 0 0 0 0
2146841175346077 137946042775232 rel_end 1 0 0 0 0 0
2146841175347917 137946042775232 wait_beg 0 0 0 0 0 0
2146841172080336 137946056009600 msgin 230 4718592 0 0 0 0
2146841172080786 137946056009600 enq 230 1 0 0 0 0
2146841175357136 137946056009600 ackslot 230 229 230 229 1 0
2146841175488791 137946056009600 send 18 0 0 229 229 2
2146841175730673 137946056009600 send 130833 0 0 229 229 2
2146841175923216 137946056009600 send 97057 0 0 229 229 2
2146841175927465 137946056009600 send 14 0 0 229 229 2
2146841175927715 137946056009600 egress 230 1 0 229 0 0
2146841175928265 137946056009600 ackregion 230 230 230 229 1 0
2146841176877111 137946056009600 cliack 230 0 231 230 0 0
2146841175368046 137945960937152 emit_beg 230 0 0 0 0 0
2146841175375416 137945960937152 dmg 0 1 0 0 1024 768
2146841175375716 137945960937152 enc 229 229 1 -1 -1 0
2146841175403405 137945960937152 emit_end 230 0 0 0 0 0
2146841187622389 137946042775232 wait_end 0 0 0 0 0 0
2146841187624459 137946042775232 drain_beg 0 0 0 0 0 0
2146841187624719 137946042775232 drain_end 1 0 0 0 0 0
2146841187624869 137946042775232 take 231 0 0 0 0 0
2146841187625159 137946042775232 subm_beg 1 0 0 0 0 0
2146841187625789 137946042775232 submit 231 0 0 0 0 0
2146841187625929 137946042775232 subm_end 1 0 0 0 0 0
2146841187626129 137946042775232 pump_beg 1 0 0 0 0 0
2146841187762874 137946042775232 feedend 230 0 0 0 0 0
2146841187819652 137946042775232 feedend 230 1 0 0 0 0
2146841187611289 137946056009600 msgin 231 4718592 0 0 0 0
2146841187611649 137946056009600 enq 231 1 0 0 0 0
2146841190867650 137946042775232 outfirst 230 1 65536 0 0 0
2146841191194688 137946042775232 outfirst 230 0 65536 0 0 0
2146841191215568 137946042775232 pump_end 1 2 0 0 0 0
2146841191215818 137946042775232 join_beg 1 0 0 0 0 0
2146841191216088 137946042775232 join_end 0 0 0 0 0 0
2146841191216158 137946042775232 book_beg 1 0 0 0 0 0
2146841191216318 137946042775232 batch 231 1 1 2 2 0
2146841191216458 137946042775232 book_end 1 0 0 0 0 0
2146841191216608 137946042775232 coll_beg 0 0 0 0 0 0
2146841191310604 137946042775232 coll_end 0 0 0 0 0 0
2146841191310764 137946042775232 rel_beg 1 0 0 0 0 0
2146841191311044 137946042775232 absorb 231 0 0 0 0 0
2146841191314494 137946042775232 rel_end 1 0 0 0 0 0
2146841191316334 137946042775232 wait_beg 0 0 0 0 0 0
2146841191341283 137946056009600 ackslot 231 230 231 230 1 0
2146841191368382 137946056009600 send 18 0 0 230 230 2
2146841191945141 137946056009600 send 167725 0 0 230 230 2
2146841192378345 137946056009600 send 145388 0 0 230 230 2
2146841192381935 137946056009600 send 14 0 0 230 230 2
2146841192382205 137946056009600 egress 231 1 0 230 0 0
2146841192382355 137946056009600 ackregion 231 231 231 230 1 0
2146841192543949 137946056009600 cliack 231 0 232 231 0 0
2146841191334703 137945960937152 emit_beg 231 0 0 0 0 0
2146841191338433 137945960937152 dmg 0 1 0 0 1024 768
2146841191338633 137945960937152 enc 230 230 1 -1 -1 0
2146841191370792 137945960937152 emit_end 231 0 0 0 0 0
2146841203846247 137946042775232 wait_end 0 0 0 0 0 0
2146841203848247 137946042775232 drain_beg 0 0 0 0 0 0
2146841203848507 137946042775232 drain_end 1 0 0 0 0 0
2146841203848657 137946042775232 take 232 0 0 0 0 0
2146841203848957 137946042775232 subm_beg 1 0 0 0 0 0
2146841203849417 137946042775232 submit 232 0 0 0 0 0
2146841203849567 137946042775232 subm_end 1 0 0 0 0 0
2146841203849617 137946042775232 pump_beg 1 0 0 0 0 0
2146841203958503 137946042775232 feedend 231 0 0 0 0 0
2146841204054539 137946042775232 feedend 231 1 0 0 0 0
2146841207190255 137946042775232 outfirst 231 1 65536 0 0 0
2146841207519823 137946042775232 outfirst 231 0 65536 0 0 0
2146841207536192 137946042775232 pump_end 1 2 0 0 0 0
2146841207536332 137946042775232 join_beg 1 0 0 0 0 0
2146841207536652 137946042775232 join_end 0 0 0 0 0 0
2146841207536722 137946042775232 book_beg 1 0 0 0 0 0
2146841207536882 137946042775232 batch 232 1 1 2 2 0
2146841207537032 137946042775232 book_end 1 0 0 0 0 0
2146841207540192 137946042775232 coll_beg 0 0 0 0 0 0
2146841207651808 137946042775232 coll_end 0 0 0 0 0 0
2146841207651948 137946042775232 rel_beg 1 0 0 0 0 0
2146841207652268 137946042775232 absorb 232 0 0 0 0 0
2146841207655478 137946042775232 rel_end 1 0 0 0 0 0
2146841207656998 137946042775232 wait_beg 0 0 0 0 0 0
2146841203834187 137946056009600 msgin 232 4718592 0 0 0 0
2146841203834407 137946056009600 enq 232 1 0 0 0 0
2146841207665838 137946056009600 ackslot 232 231 232 231 1 0
2146841207745845 137946056009600 send 18 0 0 231 231 2
2146841208163929 137946056009600 send 178156 0 0 231 231 2
2146841208504167 137946056009600 send 156952 0 0 231 231 2
2146841208507457 137946056009600 send 14 0 0 231 231 2
2146841208510527 137946056009600 egress 232 1 0 231 0 0
2146841208510717 137946056009600 ackregion 232 232 232 231 1 0
2146841209414954 137946056009600 cliack 232 0 233 232 0 0
2146841207674957 137945960937152 emit_beg 232 0 0 0 0 0
2146841207681467 137945960937152 dmg 0 1 0 0 1024 768
2146841207681677 137945960937152 enc 231 231 1 -1 -1 0
2146841207711576 137945960937152 emit_end 232 0 0 0 0 0
2146841219740937 137946042775232 wait_end 0 0 0 0 0 0
2146841219743987 137946042775232 drain_beg 0 0 0 0 0 0
2146841219744517 137946042775232 drain_end 1 0 0 0 0 0
2146841219744737 137946042775232 take 233 0 0 0 0 0
2146841219745027 137946042775232 subm_beg 1 0 0 0 0 0
2146841219745837 137946042775232 submit 233 0 0 0 0 0
2146841219745947 137946042775232 subm_end 1 0 0 0 0 0
2146841219746037 137946042775232 pump_beg 1 0 0 0 0 0
2146841219869162 137946042775232 feedend 232 0 0 0 0 0
2146841219932750 137946042775232 feedend 232 1 0 0 0 0
2146841219718908 137946056009600 msgin 233 4718592 0 0 0 0
2146841219719108 137946056009600 enq 233 1 0 0 0 0
2146841222949100 137946042775232 outfirst 232 1 65536 0 0 0
2146841223500520 137946042775232 outfirst 232 0 65536 0 0 0
2146841223527059 137946042775232 pump_end 1 2 0 0 0 0
2146841223527239 137946042775232 join_beg 1 0 0 0 0 0
2146841223527629 137946042775232 join_end 0 0 0 0 0 0
2146841223527679 137946042775232 book_beg 1 0 0 0 0 0
2146841223527849 137946042775232 batch 233 1 1 2 2 0
2146841223527989 137946042775232 book_end 1 0 0 0 0 0
2146841223528129 137946042775232 coll_beg 0 0 0 0 0 0
2146841223642205 137946042775232 coll_end 0 0 0 0 0 0
2146841223642405 137946042775232 rel_beg 1 0 0 0 0 0
2146841223642675 137946042775232 absorb 233 0 0 0 0 0
2146841223645715 137946042775232 rel_end 1 0 0 0 0 0
2146841223647294 137946042775232 wait_beg 0 0 0 0 0 0
2146841223657604 137946056009600 ackslot 233 232 233 232 1 0
2146841223689613 137946056009600 send 18 0 0 232 232 2
2146841224077769 137946056009600 send 181742 0 0 232 232 2
2146841224400557 137946056009600 send 148560 0 0 232 232 2
2146841224403917 137946056009600 send 14 0 0 232 232 2
2146841224404067 137946056009600 egress 233 1 0 232 0 0
2146841224404097 137946056009600 ackregion 233 233 233 232 1 0
2146841225280225 137946056009600 cliack 233 0 234 233 0 0
2146841223665384 137945960937152 emit_beg 233 0 0 0 0 0
2146841223671564 137945960937152 dmg 0 1 0 0 1024 768
2146841223671744 137945960937152 enc 232 232 1 -1 -1 0
2146841223706842 137945960937152 emit_end 233 0 0 0 0 0
2146841236324952 137946042775232 wait_end 0 0 0 0 0 0
2146841236327722 137946042775232 drain_beg 0 0 0 0 0 0
2146841236328062 137946042775232 drain_end 1 0 0 0 0 0
2146841236328232 137946042775232 take 234 0 0 0 0 0
2146841236328432 137946042775232 subm_beg 1 0 0 0 0 0
2146841236328852 137946042775232 submit 234 0 0 0 0 0
2146841236329032 137946042775232 subm_end 1 0 0 0 0 0
2146841236329082 137946042775232 pump_beg 1 0 0 0 0 0
2146841236427058 137946042775232 feedend 233 0 0 0 0 0
2146841236485956 137946042775232 feedend 233 1 0 0 0 0
2146841239417199 137946042775232 outfirst 233 1 65536 0 0 0
2146841239850023 137946042775232 outfirst 233 0 65536 0 0 0
2146841239863123 137946042775232 pump_end 1 2 0 0 0 0
2146841239863293 137946042775232 join_beg 1 0 0 0 0 0
2146841239863473 137946042775232 join_end 0 0 0 0 0 0
2146841239863523 137946042775232 book_beg 1 0 0 0 0 0
2146841239863693 137946042775232 batch 234 1 1 2 2 0
2146841239863963 137946042775232 book_end 1 0 0 0 0 0
2146841239864103 137946042775232 coll_beg 0 0 0 0 0 0
2146841239960819 137946042775232 coll_end 0 0 0 0 0 0
2146841239961059 137946042775232 rel_beg 1 0 0 0 0 0
2146841239961329 137946042775232 absorb 234 0 0 0 0 0
2146841239964139 137946042775232 rel_end 1 0 0 0 0 0
2146841239965549 137946042775232 wait_beg 0 0 0 0 0 0
2146841236302993 137946056009600 msgin 234 4718592 0 0 0 0
2146841236303223 137946056009600 enq 234 1 0 0 0 0
2146841239991128 137946056009600 ackslot 234 233 234 233 1 0
2146841240031327 137946056009600 send 18 0 0 233 233 2
2146841240596346 137946056009600 send 162595 0 0 233 233 2
2146841239984369 137945960937152 emit_beg 234 0 0 0 0 0
2146841239987498 137945960937152 dmg 0 1 0 0 1024 768
2146841239987678 137945960937152 enc 233 233 1 -1 -1 0
2146841240019647 137945960937152 emit_end 234 0 0 0 0 0
2146841241063409 137946056009600 send 134115 0 0 233 233 2
2146841241068779 137946056009600 send 14 0 0 233 233 2
2146841241069109 137946056009600 egress 234 1 0 233 0 0
2146841241069279 137946056009600 ackregion 234 234 234 233 1 0
2146841241146996 137946056009600 cliack 234 0 235 234 0 0
2146841252654566 137946042775232 wait_end 0 0 0 0 0 0
2146841252657376 137946042775232 drain_beg 0 0 0 0 0 0
2146841252657646 137946042775232 drain_end 1 0 0 0 0 0
2146841252657796 137946042775232 take 235 0 0 0 0 0
2146841252658256 137946042775232 subm_beg 1 0 0 0 0 0
2146841252658706 137946042775232 submit 235 0 0 0 0 0
2146841252658866 137946042775232 subm_end 1 0 0 0 0 0
2146841252658926 137946042775232 pump_beg 1 0 0 0 0 0
2146841252746623 137946042775232 feedend 234 0 0 0 0 0
2146841252849619 137946042775232 feedend 234 1 0 0 0 0
2146841255555270 137946042775232 outfirst 234 1 65536 0 0 0
2146841255968155 137946042775232 outfirst 234 0 65536 0 0 0
2146841255978345 137946042775232 pump_end 1 2 0 0 0 0
2146841255978495 137946042775232 join_beg 1 0 0 0 0 0
2146841255978775 137946042775232 join_end 0 0 0 0 0 0
2146841255978855 137946042775232 book_beg 1 0 0 0 0 0
2146841255979005 137946042775232 batch 235 1 1 2 2 0
2146841255979155 137946042775232 book_end 1 0 0 0 0 0
2146841255979305 137946042775232 coll_beg 0 0 0 0 0 0
2146841256064662 137946042775232 coll_end 0 0 0 0 0 0
2146841256064822 137946042775232 rel_beg 1 0 0 0 0 0
2146841256065102 137946042775232 absorb 235 0 0 0 0 0
2146841256067702 137946042775232 rel_end 1 0 0 0 0 0
2146841256069112 137946042775232 wait_beg 0 0 0 0 0 0
2146841252629367 137946056009600 msgin 235 4718592 0 0 0 0
2146841252629627 137946056009600 enq 235 1 0 0 0 0
2146841256093611 137946056009600 ackslot 235 234 235 234 1 0
2146841256112590 137946056009600 send 18 0 0 234 234 2
2146841256595332 137946056009600 send 139623 0 0 234 234 2
2146841256977089 137946056009600 send 111714 0 0 234 234 2
2146841256982188 137946056009600 send 14 0 0 234 234 2
2146841256982508 137946056009600 egress 235 1 0 234 0 0
2146841256982698 137946056009600 ackregion 235 235 235 234 1 0
2146841257071355 137946056009600 cliack 235 0 236 235 0 0
2146841256086631 137945960937152 emit_beg 235 0 0 0 0 0
2146841256090311 137945960937152 dmg 0 1 0 0 1024 768
2146841256090491 137945960937152 enc 234 234 1 -1 -1 0
2146841256119200 137945960937152 emit_end 235 0 0 0 0 0
2146841268785688 137946042775232 wait_end 0 0 0 0 0 0
2146841268789268 137946042775232 drain_beg 0 0 0 0 0 0
2146841268789628 137946042775232 drain_end 1 0 0 0 0 0
2146841268789798 137946042775232 take 236 0 0 0 0 0
2146841268790048 137946042775232 subm_beg 1 0 0 0 0 0
2146841268790628 137946042775232 submit 236 0 0 0 0 0
2146841268790918 137946042775232 subm_end 1 0 0 0 0 0
2146841268790968 137946042775232 pump_beg 1 0 0 0 0 0
2146841268934172 137946042775232 feedend 235 0 0 0 0 0
2146841268989560 137946042775232 feedend 235 1 0 0 0 0
2146841268761539 137946056009600 msgin 236 4718592 0 0 0 0
2146841268762119 137946056009600 enq 236 1 0 0 0 0
2146841272380287 137946042775232 outfirst 235 1 65536 0 0 0
2146841272799861 137946042775232 outfirst 235 0 65536 0 0 0
2146841272819501 137946042775232 pump_end 1 2 0 0 0 0
2146841272819651 137946042775232 join_beg 1 0 0 0 0 0
2146841272819931 137946042775232 join_end 0 0 0 0 0 0
2146841272820001 137946042775232 book_beg 1 0 0 0 0 0
2146841272820161 137946042775232 batch 236 1 1 2 2 0
2146841272820301 137946042775232 book_end 1 0 0 0 0 0
2146841272820461 137946042775232 coll_beg 0 0 0 0 0 0
2146841272931016 137946042775232 coll_end 0 0 0 0 0 0
2146841272931286 137946042775232 rel_beg 1 0 0 0 0 0
2146841272931746 137946042775232 absorb 236 0 0 0 0 0
2146841272934446 137946042775232 rel_end 1 0 0 0 0 0
2146841272937846 137946042775232 wait_beg 0 0 0 0 0 0
2146841272960725 137946056009600 ackslot 236 235 236 235 1 0
2146841272979505 137946056009600 send 18 0 0 235 235 2
2146841273704808 137946056009600 send 207220 0 0 235 235 2
2146841274328885 137946056009600 send 182579 0 0 235 235 2
2146841274332315 137946056009600 send 14 0 0 235 235 2
2146841274332575 137946056009600 egress 236 1 0 235 0 0
2146841274332605 137946056009600 ackregion 236 236 236 235 1 0
2146841274432612 137946056009600 cliack 236 0 237 236 0 0
2146841272944916 137945960937152 emit_beg 236 0 0 0 0 0
2146841272948706 137945960937152 dmg 0 1 0 0 1024 768
2146841272948886 137945960937152 enc 235 235 1 -1 -1 0
2146841272994994 137945960937152 emit_end 236 0 0 0 0 0
2146841285168480 137946042775232 wait_end 0 0 0 0 0 0
2146841285172750 137946042775232 drain_beg 0 0 0 0 0 0
2146841285173230 137946042775232 drain_end 1 0 0 0 0 0
2146841285173380 137946042775232 take 237 0 0 0 0 0
2146841285173810 137946042775232 subm_beg 1 0 0 0 0 0
2146841285174730 137946042775232 submit 237 0 0 0 0 0
2146841285174900 137946042775232 subm_end 1 0 0 0 0 0
2146841285174980 137946042775232 pump_beg 1 0 0 0 0 0
2146841285321914 137946042775232 feedend 236 0 0 0 0 0
2146841285367713 137946042775232 feedend 236 1 0 0 0 0
2146841288502708 137946042775232 outfirst 236 1 65536 0 0 0
2146841289082197 137946042775232 outfirst 236 0 65536 0 0 0
2146841289106596 137946042775232 pump_end 1 2 0 0 0 0
2146841289106776 137946042775232 join_beg 1 0 0 0 0 0
2146841289107126 137946042775232 join_end 0 0 0 0 0 0
2146841289107216 137946042775232 book_beg 1 0 0 0 0 0
2146841289107426 137946042775232 batch 237 1 1 2 2 0
2146841289107596 137946042775232 book_end 1 0 0 0 0 0
2146841289107766 137946042775232 coll_beg 0 0 0 0 0 0
2146841289254151 137946042775232 coll_end 0 0 0 0 0 0
2146841289254421 137946042775232 rel_beg 1 0 0 0 0 0
2146841289254741 137946042775232 absorb 237 0 0 0 0 0
2146841289258021 137946042775232 rel_end 1 0 0 0 0 0
2146841289259581 137946042775232 wait_beg 0 0 0 0 0 0
2146841285143601 137946056009600 msgin 237 4718592 0 0 0 0
2146841285144131 137946056009600 enq 237 1 0 0 0 0
2146841289282790 137946056009600 ackslot 237 236 237 236 1 0
2146841289303589 137946056009600 send 18 0 0 236 236 2
2146841289967385 137946056009600 send 190672 0 0 236 236 2
2146841290482016 137946056009600 send 161301 0 0 236 236 2
2146841290485406 137946056009600 send 14 0 0 236 236 2
2146841290485566 137946056009600 egress 237 1 0 236 0 0
2146841290485706 137946056009600 ackregion 237 237 237 236 1 0
2146841290604592 137946056009600 cliack 237 0 238 237 0 0
2146841289278090 137945960937152 emit_beg 237 0 0 0 0 0
2146841289281290 137945960937152 dmg 0 1 0 0 1024 768
2146841289281530 137945960937152 enc 236 236 1 -1 -1 0
2146841289318049 137945960937152 emit_end 237 0 0 0 0 0
2146841301017182 137946042775232 wait_end 0 0 0 0 0 0
2146841301019932 137946042775232 drain_beg 0 0 0 0 0 0
2146841301020462 137946042775232 drain_end 1 0 0 0 0 0
2146841301020612 137946042775232 take 238 0 0 0 0 0
2146841301020912 137946042775232 subm_beg 1 0 0 0 0 0
2146841301021562 137946042775232 submit 238 0 0 0 0 0
2146841301021702 137946042775232 subm_end 1 0 0 0 0 0
2146841301021732 137946042775232 pump_beg 1 0 0 0 0 0
2146841301145057 137946042775232 feedend 237 0 0 0 0 0
2146841301221084 137946042775232 feedend 237 1 0 0 0 0
2146841300993833 137946056009600 msgin 238 4718592 0 0 0 0
2146841300994253 137946056009600 enq 238 1 0 0 0 0
2146841303934105 137946042775232 outfirst 237 1 65536 0 0 0
2146841304434497 137946042775232 outfirst 237 0 65536 0 0 0
2146841304446567 137946042775232 pump_end 1 2 0 0 0 0
2146841304446817 137946042775232 join_beg 1 0 0 0 0 0
2146841304447087 137946042775232 join_end 0 0 0 0 0 0
2146841304447147 137946042775232 book_beg 1 0 0 0 0 0
2146841304447297 137946042775232 batch 238 1 1 2 2 0
2146841304447457 137946042775232 book_end 1 0 0 0 0 0
2146841304447617 137946042775232 coll_beg 0 0 0 0 0 0
2146841304528994 137946042775232 coll_end 0 0 0 0 0 0
2146841304529244 137946042775232 rel_beg 1 0 0 0 0 0
2146841304529544 137946042775232 absorb 238 0 0 0 0 0
2146841304532664 137946042775232 rel_end 1 0 0 0 0 0
2146841304534234 137946042775232 wait_beg 0 0 0 0 0 0
2146841304557033 137946056009600 ackslot 238 237 238 237 1 0
2146841304578412 137946056009600 send 18 0 0 237 237 2
2146841305098963 137946056009600 send 147407 0 0 237 237 2
2146841305434691 137946056009600 send 118564 0 0 237 237 2
2146841305438020 137946056009600 send 14 0 0 237 237 2
2146841305438230 137946056009600 egress 238 1 0 237 0 0
2146841305438380 137946056009600 ackregion 238 238 238 237 1 0
2146841305565836 137946056009600 cliack 238 0 239 238 0 0
2146841304552003 137945960937152 emit_beg 238 0 0 0 0 0
2146841304554543 137945960937152 dmg 0 1 0 0 1024 768
2146841304554713 137945960937152 enc 237 237 1 -1 -1 0
2146841304581242 137945960937152 emit_end 238 0 0 0 0 0
2146841316917682 137946042775232 wait_end 0 0 0 0 0 0
2146841316920242 137946042775232 drain_beg 0 0 0 0 0 0
2146841316920802 137946042775232 drain_end 1 0 0 0 0 0
2146841316921022 137946042775232 take 239 0 0 0 0 0
2146841316921712 137946042775232 subm_beg 1 0 0 0 0 0
2146841316922952 137946042775232 submit 239 0 0 0 0 0
2146841316923242 137946042775232 subm_end 1 0 0 0 0 0
2146841316923322 137946042775232 pump_beg 1 0 0 0 0 0
2146841317063806 137946042775232 feedend 238 0 0 0 0 0
2146841317076996 137946042775232 feedend 238 1 0 0 0 0
2146841319902663 137946042775232 outfirst 238 1 65536 0 0 0
2146841320181063 137946042775232 outfirst 238 0 65536 0 0 0
2146841320219491 137946042775232 pump_end 1 2 0 0 0 0
2146841320219731 137946042775232 join_beg 1 0 0 0 0 0
2146841320220031 137946042775232 join_end 0 0 0 0 0 0
2146841320220241 137946042775232 book_beg 1 0 0 0 0 0
2146841320220621 137946042775232 batch 239 1 1 2 2 0
2146841320220791 137946042775232 book_end 1 0 0 0 0 0
2146841320220971 137946042775232 coll_beg 0 0 0 0 0 0
2146841320340057 137946042775232 coll_end 0 0 0 0 0 0
2146841320340327 137946042775232 rel_beg 1 0 0 0 0 0
2146841320345477 137946042775232 absorb 239 0 0 0 0 0
2146841320348717 137946042775232 rel_end 1 0 0 0 0 0
2146841320350766 137946042775232 wait_beg 0 0 0 0 0 0
2146841316905582 137946056009600 msgin 239 4718592 0 0 0 0
2146841316906322 137946056009600 enq 239 1 0 0 0 0
2146841320361326 137946056009600 ackslot 239 238 239 238 1 0
2146841320515780 137946056009600 send 18 0 0 238 238 2
2146841321168337 137946056009600 send 132175 0 0 238 238 2
2146841320368136 137945960937152 emit_beg 239 0 0 0 0 0
2146841320373936 137945960937152 dmg 0 1 0 0 1024 768
2146841320374126 137945960937152 enc 238 238 1 -1 -1 0
2146841320397815 137945960937152 emit_end 239 0 0 0 0 0
2146841321606021 137946056009600 send 118884 0 0 238 238 2
2146841321614270 137946056009600 send 14 0 0 238 238 2
2146841321614510 137946056009600 egress 239 1 0 238 0 0
2146841321615090 137946056009600 ackregion 239 239 239 238 1 0
2146841322203099 137946056009600 cliack 239 0 240 239 0 0
2146841332460995 137946042775232 wait_end 0 0 0 0 0 0
2146841332462915 137946042775232 drain_beg 0 0 0 0 0 0
2146841332463155 137946042775232 drain_end 1 0 0 0 0 0
2146841332463245 137946042775232 take 240 0 0 0 0 0
2146841332463605 137946042775232 subm_beg 1 0 0 0 0 0
2146841332464035 137946042775232 submit 240 0 0 0 0 0
2146841332464175 137946042775232 subm_end 1 0 0 0 0 0
2146841332464225 137946042775232 pump_beg 1 0 0 0 0 0
2146841332581800 137946042775232 feedend 239 0 0 0 0 0
2146841332585130 137946042775232 feedend 239 1 0 0 0 0
2146841335727976 137946042775232 outfirst 239 1 65536 0 0 0
2146841336123601 137946042775232 outfirst 239 0 65536 0 0 0
2146841336140920 137946042775232 pump_end 1 2 0 0 0 0
2146841336141230 137946042775232 join_beg 1 0 0 0 0 0
2146841336141510 137946042775232 join_end 0 0 0 0 0 0
2146841336141630 137946042775232 book_beg 1 0 0 0 0 0
2146841336141830 137946042775232 batch 240 1 1 2 2 0
2146841336142040 137946042775232 book_end 1 0 0 0 0 0
2146841336142180 137946042775232 coll_beg 0 0 0 0 0 0
2146841336246547 137946042775232 coll_end 0 0 0 0 0 0
2146841336246697 137946042775232 rel_beg 1 0 0 0 0 0
2146841336246847 137946042775232 absorb 240 0 0 0 0 0
2146841336248916 137946042775232 rel_end 1 0 0 0 0 0
2146841336250756 137946042775232 wait_beg 0 0 0 0 0 0
2146841337369346 137946042775232 wait_end 0 0 0 0 0 0
2146841337371285 137946042775232 drain_beg 0 0 0 0 0 0
2146841337371595 137946042775232 drain_end 1 0 0 0 0 0
2146841337371755 137946042775232 take 241 0 0 0 0 0
2146841337371915 137946042775232 subm_beg 1 0 0 0 0 0
2146841337372445 137946042775232 submit 241 0 0 0 0 0
2146841337372665 137946042775232 subm_end 1 0 0 0 0 0
2146841337372695 137946042775232 pump_beg 1 0 0 0 0 0
2146841337485771 137946042775232 feedend 240 0 0 0 0 0
2146841337489671 137946042775232 feedend 240 1 0 0 0 0
2146841340457313 137946042775232 outfirst 240 1 65536 0 0 0
2146841341074550 137946042775232 outfirst 240 0 65536 0 0 0
2146841341091050 137946042775232 pump_end 1 2 0 0 0 0
2146841341091420 137946042775232 join_beg 1 0 0 0 0 0
2146841341091710 137946042775232 join_end 0 0 0 0 0 0
2146841341091750 137946042775232 book_beg 1 0 0 0 0 0
2146841341091960 137946042775232 batch 241 1 1 2 2 0
2146841341092100 137946042775232 book_end 1 0 0 0 0 0
2146841341092240 137946042775232 coll_beg 0 0 0 0 0 0
2146841341206356 137946042775232 coll_end 0 0 0 0 0 0
2146841341206596 137946042775232 rel_beg 1 0 0 0 0 0
2146841341206866 137946042775232 absorb 241 0 0 0 0 0
2146841341208405 137946042775232 rel_end 1 0 0 0 0 0
2146841341210095 137946042775232 wait_beg 0 0 0 0 0 0
2146841341210955 137946042775232 wait_end 0 0 0 0 0 0
2146841341211995 137946042775232 drain_beg 0 0 0 0 0 0
2146841341212115 137946042775232 drain_end 1 0 0 0 0 0
2146841341212185 137946042775232 take 242 0 0 0 0 0
2146841341212315 137946042775232 subm_beg 1 0 0 0 0 0
2146841341212505 137946042775232 submit 242 0 0 0 0 0
2146841341212555 137946042775232 subm_end 1 0 0 0 0 0
2146841341212585 137946042775232 pump_beg 1 0 0 0 0 0
2146841341345760 137946042775232 feedend 241 0 0 0 0 0
2146841341349800 137946042775232 feedend 241 1 0 0 0 0
2146841332454705 137946056009600 msgin 240 4718592 0 0 0 0
2146841332455035 137946056009600 enq 240 1 0 0 0 0
2146841336258496 137946056009600 ackslot 240 239 240 239 1 0
2146841336312844 137946056009600 send 18 0 0 239 239 2
2146841336805606 137946056009600 send 177291 0 0 239 239 2
2146841337255310 137946056009600 send 157975 0 0 239 239 2
2146841337259550 137946056009600 send 14 0 0 239 239 2
2146841337259780 137946056009600 egress 240 1 0 239 0 0
2146841337259880 137946056009600 ackregion 240 240 240 239 1 0
2146841337352096 137946056009600 msgin 241 4718592 0 0 0 0
2146841337352376 137946056009600 enq 241 1 0 0 0 0
2146841337993953 137946056009600 cliack 240 0 241 240 0 0
2146841340716183 137946056009600 msgin 242 4718592 0 0 0 0
2146841340716793 137946056009600 enq 242 1 0 0 0 0
2146841341217105 137946056009600 ackslot 241 240 241 240 1 0
2146841341263243 137946056009600 send 18 0 0 240 240 2
2146841336268386 137945960937152 emit_beg 240 0 0 0 0 0
2146841336273556 137945960937152 dmg 0 1 0 0 1024 768
2146841336273736 137945960937152 enc 239 239 1 -1 -1 0
2146841336303374 137945960937152 emit_end 240 0 0 0 0 0
2146841341227145 137945960937152 emit_beg 241 0 0 0 0 0
2146841341231455 137945960937152 dmg 0 1 0 0 1024 768
2146841341231635 137945960937152 enc 240 240 1 -1 -1 0
2146841341257504 137945960937152 emit_end 241 0 0 0 0 0
2146841344748686 137946042775232 outfirst 241 1 65536 0 0 0
2146841345175311 137946042775232 outfirst 241 0 65536 0 0 0
2146841345195180 137946042775232 pump_end 1 2 0 0 0 0
2146841345195430 137946042775232 join_beg 1 0 0 0 0 0
2146841345195600 137946042775232 join_end 0 0 0 0 0 0
2146841345195650 137946042775232 book_beg 1 0 0 0 0 0
2146841345195870 137946042775232 batch 242 1 1 2 2 0
2146841345196010 137946042775232 book_end 1 0 0 0 0 0
2146841345196150 137946042775232 coll_beg 0 0 0 0 0 0
2146841345313886 137946042775232 coll_end 0 0 0 0 0 0
2146841345314136 137946042775232 rel_beg 1 0 0 0 0 0
2146841345314356 137946042775232 absorb 242 0 0 0 0 0
2146841345317446 137946042775232 rel_end 1 0 0 0 0 0
2146841345318986 137946042775232 wait_beg 0 0 0 0 0 0
2146841341742996 137946056009600 send 172264 0 0 240 240 2
2146841342132602 137946056009600 send 141582 0 0 240 240 2
2146841342136692 137946056009600 send 14 0 0 240 240 2
2146841342136812 137946056009600 egress 241 1 0 240 0 0
2146841342136912 137946056009600 ackregion 241 241 241 240 1 0
2146841342840466 137946056009600 cliack 241 0 242 241 0 0
2146841345331095 137946056009600 ackslot 242 241 242 241 1 0
2146841345399893 137946056009600 send 18 0 0 241 241 2
2146841345929263 137946056009600 send 208473 0 0 241 241 2
2146841346345268 137946056009600 send 185979 0 0 241 241 2
2146841346349188 137946056009600 send 14 0 0 241 241 2
2146841346349458 137946056009600 egress 242 1 0 241 0 0
2146841346349598 137946056009600 ackregion 242 242 242 241 1 0
2146841346778592 137946056009600 cliack 242 0 243 242 0 0
2146841345336155 137945960937152 emit_beg 242 0 0 0 0 0
2146841345340085 137945960937152 dmg 0 1 0 0 1024 768
2146841345340295 137945960937152 enc 241 241 1 -1 -1 0
2146841345374584 137945960937152 emit_end 242 0 0 0 0 0
2146841356772368 137946042775232 wait_end 0 0 0 0 0 0
2146841356773628 137946042775232 drain_beg 0 0 0 0 0 0
2146841356773798 137946042775232 drain_end 1 0 0 0 0 0
2146841356773898 137946042775232 take 243 0 0 0 0 0
2146841356774058 137946042775232 subm_beg 1 0 0 0 0 0
2146841356774218 137946042775232 submit 243 0 0 0 0 0
2146841356774358 137946042775232 subm_end 1 0 0 0 0 0
2146841356774398 137946042775232 pump_beg 1 0 0 0 0 0
2146841356904133 137946042775232 feedend 242 0 0 0 0 0
2146841356909903 137946042775232 feedend 242 1 0 0 0 0
2146841359585155 137946042775232 outfirst 242 1 65536 0 0 0
2146841360300689 137946042775232 outfirst 242 0 65536 0 0 0
2146841360317268 137946042775232 pump_end 1 2 0 0 0 0
2146841360317308 137946042775232 join_beg 1 0 0 0 0 0
2146841360317348 137946042775232 join_end 0 0 0 0 0 0
2146841360317468 137946042775232 book_beg 1 0 0 0 0 0
2146841360317538 137946042775232 batch 243 1 1 2 2 0
2146841360317568 137946042775232 book_end 1 0 0 0 0 0
2146841360317598 137946042775232 coll_beg 0 0 0 0 0 0
2146841360393926 137946042775232 coll_end 0 0 0 0 0 0
2146841360394046 137946042775232 rel_beg 1 0 0 0 0 0
2146841360394116 137946042775232 absorb 243 0 0 0 0 0
2146841360395675 137946042775232 rel_end 1 0 0 0 0 0
2146841360396955 137946042775232 wait_beg 0 0 0 0 0 0
2146841356766948 137946056009600 msgin 243 4718592 0 0 0 0
2146841356767278 137946056009600 enq 243 1 0 0 0 0
2146841360403935 137946056009600 ackslot 243 242 243 242 1 0
2146841360427424 137946056009600 send 18 0 0 242 242 2
2146841360766362 137946056009600 send 151375 0 0 242 242 2
2146841361022593 137946056009600 send 113729 0 0 242 242 2
2146841361026033 137946056009600 send 14 0 0 242 242 2
2146841361026363 137946056009600 egress 243 1 0 242 0 0
2146841361026503 137946056009600 ackregion 243 243 243 242 1 0
2146841361635360 137946056009600 cliack 243 0 244 243 0 0
2146841360402565 137945960937152 emit_beg 243 0 0 0 0 0
2146841360406945 137945960937152 dmg 0 1 0 0 1024 768
2146841360407125 137945960937152 enc 242 242 1 -1 -1 0
2146841360430024 137945960937152 emit_end 243 0 0 0 0 0
2146841372454186 137946042775232 wait_end 0 0 0 0 0 0
2146841372456085 137946042775232 drain_beg 0 0 0 0 0 0
2146841372456295 137946042775232 drain_end 1 0 0 0 0 0
2146841372456445 137946042775232 take 244 0 0 0 0 0
2146841372456605 137946042775232 subm_beg 1 0 0 0 0 0
2146841372456785 137946042775232 submit 244 0 0 0 0 0
2146841372456935 137946042775232 subm_end 1 0 0 0 0 0
2146841372456955 137946042775232 pump_beg 1 0 0 0 0 0
2146841372587311 137946042775232 feedend 243 0 0 0 0 0
2146841372591671 137946042775232 feedend 243 1 0 0 0 0
2146841375706807 137946042775232 outfirst 243 1 65536 0 0 0
2146841376262167 137946042775232 outfirst 243 0 65536 0 0 0
2146841376277016 137946042775232 pump_end 1 2 0 0 0 0
2146841376277206 137946042775232 join_beg 1 0 0 0 0 0
2146841376277366 137946042775232 join_end 0 0 0 0 0 0
2146841376277396 137946042775232 book_beg 1 0 0 0 0 0
2146841376277556 137946042775232 batch 244 1 1 2 2 0
2146841376277706 137946042775232 book_end 1 0 0 0 0 0
2146841376277866 137946042775232 coll_beg 0 0 0 0 0 0
2146841376384212 137946042775232 coll_end 0 0 0 0 0 0
2146841376384422 137946042775232 rel_beg 1 0 0 0 0 0
2146841376384572 137946042775232 absorb 244 0 0 0 0 0
2146841376385732 137946042775232 rel_end 1 0 0 0 0 0
2146841376386812 137946042775232 wait_beg 0 0 0 0 0 0
2146841372445396 137946056009600 msgin 244 4718592 0 0 0 0
2146841372445936 137946056009600 enq 244 1 0 0 0 0
2146841376393512 137946056009600 ackslot 244 243 244 243 1 0
2146841376415811 137946056009600 send 18 0 0 243 243 2
2146841376980291 137946056009600 send 182283 0 0 243 243 2
2146841377338977 137946056009600 send 153094 0 0 243 243 2
2146841377342407 137946056009600 send 14 0 0 243 243 2
2146841377342767 137946056009600 egress 244 1 0 243 0 0
2146841377343287 137946056009600 ackregion 244 244 244 243 1 0
2146841378405808 137946056009600 cliack 244 0 245 244 0 0
2146841376393652 137945960937152 emit_beg 244 0 0 0 0 0
2146841376398982 137945960937152 dmg 0 1 0 0 1024 768
2146841376399332 137945960937152 enc 243 243 1 -1 -1 0
2146841376448030 137945960937152 emit_end 244 0 0 0 0 0
2146841388362615 137946042775232 wait_end 0 0 0 0 0 0
2146841388364965 137946042775232 drain_beg 0 0 0 0 0 0
2146841388365265 137946042775232 drain_end 1 0 0 0 0 0
2146841388365425 137946042775232 take 245 0 0 0 0 0
2146841388365655 137946042775232 subm_beg 1 0 0 0 0 0
2146841388365845 137946042775232 submit 245 0 0 0 0 0
2146841388366005 137946042775232 subm_end 1 0 0 0 0 0
2146841388366035 137946042775232 pump_beg 1 0 0 0 0 0
2146841388494820 137946042775232 feedend 244 0 0 0 0 0
2146841388500890 137946042775232 feedend 244 1 0 0 0 0
2146841391507410 137946042775232 outfirst 244 1 65536 0 0 0
2146841388343306 137946056009600 msgin 245 4718592 0 0 0 0
2146841388343666 137946056009600 enq 245 1 0 0 0 0
2146841392078020 137946042775232 outfirst 244 0 65536 0 0 0
2146841392104319 137946042775232 pump_end 1 2 0 0 0 0
2146841392104569 137946042775232 join_beg 1 0 0 0 0 0
2146841392104729 137946042775232 join_end 0 0 0 0 0 0
2146841392104769 137946042775232 book_beg 1 0 0 0 0 0
2146841392104939 137946042775232 batch 245 1 1 2 2 0
2146841392105099 137946042775232 book_end 1 0 0 0 0 0
2146841392105269 137946042775232 coll_beg 0 0 0 0 0 0
2146841392203065 137946042775232 coll_end 0 0 0 0 0 0
2146841392203315 137946042775232 rel_beg 1 0 0 0 0 0
2146841392203485 137946042775232 absorb 245 0 0 0 0 0
2146841392205405 137946042775232 rel_end 1 0 0 0 0 0
2146841392206995 137946042775232 wait_beg 0 0 0 0 0 0
2146841392213965 137946056009600 ackslot 245 244 245 244 1 0
2146841392254483 137946056009600 send 18 0 0 244 244 2
2146841392614300 137946056009600 send 178876 0 0 244 244 2
2146841392914839 137946056009600 send 149579 0 0 244 244 2
2146841392918069 137946056009600 send 14 0 0 244 244 2
2146841392918219 137946056009600 egress 245 1 0 244 0 0
2146841392918289 137946056009600 ackregion 245 245 245 244 1 0
2146841393997410 137946056009600 cliack 245 0 246 245 0 0
2146841392224164 137945960937152 emit_beg 245 0 0 0 0 0
2146841392228934 137945960937152 dmg 0 1 0 0 1024 768
2146841392229174 137945960937152 enc 244 244 1 -1 -1 0
2146841392256743 137945960937152 emit_end 245 0 0 0 0 0
2146841404408880 137946042775232 wait_end 0 0 0 0 0 0
2146841404411480 137946042775232 drain_beg 0 0 0 0 0 0
2146841404411740 137946042775232 drain_end 1 0 0 0 0 0
2146841404411840 137946042775232 take 246 0 0 0 0 0
2146841404412040 137946042775232 subm_beg 1 0 0 0 0 0
2146841404412360 137946042775232 submit 246 0 0 0 0 0
2146841404412530 137946042775232 subm_end 1 0 0 0 0 0
2146841404412580 137946042775232 pump_beg 1 0 0 0 0 0
2146841404550915 137946042775232 feedend 245 0 0 0 0 0
2146841404557094 137946042775232 feedend 245 1 0 0 0 0
2146841407698560 137946042775232 outfirst 245 1 65536 0 0 0
2146841408099825 137946042775232 outfirst 245 0 65536 0 0 0
2146841408122084 137946042775232 pump_end 1 2 0 0 0 0
2146841408122364 137946042775232 join_beg 1 0 0 0 0 0
2146841408122594 137946042775232 join_end 0 0 0 0 0 0
2146841408122684 137946042775232 book_beg 1 0 0 0 0 0
2146841408122884 137946042775232 batch 246 1 1 2 2 0
2146841408123074 137946042775232 book_end 1 0 0 0 0 0
2146841408123264 137946042775232 coll_beg 0 0 0 0 0 0
2146841408276229 137946042775232 coll_end 0 0 0 0 0 0
2146841408276619 137946042775232 rel_beg 1 0 0 0 0 0
2146841408276819 137946042775232 absorb 246 0 0 0 0 0
2146841408279089 137946042775232 rel_end 1 0 0 0 0 0
2146841408281018 137946042775232 wait_beg 0 0 0 0 0 0
2146841404389950 137946056009600 msgin 246 4718592 0 0 0 0
2146841404390400 137946056009600 enq 246 1 0 0 0 0
2146841408287288 137946056009600 ackslot 246 245 246 245 1 0
2146841408329907 137946056009600 send 18 0 0 245 245 2
2146841408695743 137946056009600 send 178216 0 0 245 245 2
2146841409018522 137946056009600 send 160428 0 0 245 245 2
2146841409025801 137946056009600 send 14 0 0 245 245 2
2146841409025941 137946056009600 egress 246 1 0 245 0 0
2146841409026011 137946056009600 ackregion 246 246 246 245 1 0
2146841410035155 137946056009600 cliack 246 0 247 246 0 0
2146841408299388 137945960937152 emit_beg 246 0 0 0 0 0
2146841408304948 137945960937152 dmg 0 1 0 0 1024 768
2146841408305258 137945960937152 enc 245 245 1 -1 -1 0
2146841408334157 137945960937152 emit_end 246 0 0 0 0 0
2146841420957966 137946042775232 wait_end 0 0 0 0 0 0
2146841420959946 137946042775232 drain_beg 0 0 0 0 0 0
2146841420960176 137946042775232 drain_end 1 0 0 0 0 0
2146841420960366 137946042775232 take 247 0 0 0 0 0
2146841420960666 137946042775232 subm_beg 1 0 0 0 0 0
2146841420961876 137946042775232 submit 247 0 0 0 0 0
2146841420962016 137946042775232 subm_end 1 0 0 0 0 0
2146841420962056 137946042775232 pump_beg 1 0 0 0 0 0
2146841421082012 137946042775232 feedend 246 0 0 0 0 0
2146841421137840 137946042775232 feedend 246 1 0 0 0 0
2146841420946397 137946056009600 msgin 247 4718592 0 0 0 0
2146841420946777 137946056009600 enq 247 1 0 0 0 0
2146841423786213 137946042775232 outfirst 246 1 65536 0 0 0
2146841424240766 137946042775232 outfirst 246 0 65536 0 0 0
2146841424261926 137946042775232 pump_end 1 2 0 0 0 0
2146841424262196 137946042775232 join_beg 1 0 0 0 0 0
2146841424262506 137946042775232 join_end 0 0 0 0 0 0
2146841424262546 137946042775232 book_beg 1 0 0 0 0 0
2146841424262776 137946042775232 batch 247 1 1 2 2 0
2146841424262956 137946042775232 book_end 1 0 0 0 0 0
2146841424263146 137946042775232 coll_beg 0 0 0 0 0 0
2146841424344593 137946042775232 coll_end 0 0 0 0 0 0
2146841424344853 137946042775232 rel_beg 1 0 0 0 0 0
2146841424345163 137946042775232 absorb 247 0 0 0 0 0
2146841424348082 137946042775232 rel_end 1 0 0 0 0 0
2146841424349822 137946042775232 wait_beg 0 0 0 0 0 0
2146841424376611 137946056009600 ackslot 247 246 247 246 1 0
2146841424426000 137946056009600 send 18 0 0 246 246 2
2146841424894862 137946056009600 send 132033 0 0 246 246 2
2146841425265519 137946056009600 send 107230 0 0 246 246 2
2146841425270909 137946056009600 send 14 0 0 246 246 2
2146841425271319 137946056009600 egress 247 1 0 246 0 0
2146841425271509 137946056009600 ackregion 247 247 247 246 1 0
2146841425353586 137946056009600 cliack 247 0 248 247 0 0
2146841424366642 137945960937152 emit_beg 247 0 0 0 0 0
2146841424369562 137945960937152 dmg 0 1 0 0 1024 768
2146841424369732 137945960937152 enc 246 246 1 -1 -1 0
2146841424390391 137945960937152 emit_end 247 0 0 0 0 0
2146841436356424 137946042775232 wait_end 0 0 0 0 0 0
2146841436358524 137946042775232 drain_beg 0 0 0 0 0 0
2146841436358864 137946042775232 drain_end 1 0 0 0 0 0
2146841436359064 137946042775232 take 248 0 0 0 0 0
2146841436359384 137946042775232 subm_beg 1 0 0 0 0 0
2146841436360044 137946042775232 submit 248 0 0 0 0 0
2146841436360274 137946042775232 subm_end 1 0 0 0 0 0
2146841436360314 137946042775232 pump_beg 1 0 0 0 0 0
2146841436457181 137946042775232 feedend 247 0 0 0 0 0
2146841436491709 137946042775232 feedend 247 1 0 0 0 0
2146841439167072 137946042775232 outfirst 247 1 65536 0 0 0
2146841439578907 137946042775232 outfirst 247 0 65536 0 0 0
2146841439589046 137946042775232 pump_end 1 2 0 0 0 0
2146841439589206 137946042775232 join_beg 1 0 0 0 0 0
2146841439589476 137946042775232 join_end 0 0 0 0 0 0
2146841439589516 137946042775232 book_beg 1 0 0 0 0 0
2146841439589746 137946042775232 batch 248 1 1 2 2 0
2146841439589886 137946042775232 book_end 1 0 0 0 0 0
2146841439590026 137946042775232 coll_beg 0 0 0 0 0 0
2146841439665844 137946042775232 coll_end 0 0 0 0 0 0
2146841439665984 137946042775232 rel_beg 1 0 0 0 0 0
2146841439666264 137946042775232 absorb 248 0 0 0 0 0
2146841439669073 137946042775232 rel_end 1 0 0 0 0 0
2146841439670413 137946042775232 wait_beg 0 0 0 0 0 0
2146841440867150 137946042775232 wait_end 0 0 0 0 0 0
2146841440868310 137946042775232 drain_beg 0 0 0 0 0 0
2146841440868420 137946042775232 drain_end 1 0 0 0 0 0
2146841440868500 137946042775232 take 249 0 0 0 0 0
2146841440868580 137946042775232 subm_beg 1 0 0 0 0 0
2146841440868730 137946042775232 submit 249 0 0 0 0 0
2146841440868920 137946042775232 subm_end 1 0 0 0 0 0
2146841440868940 137946042775232 pump_beg 1 0 0 0 0 0
2146841440974116 137946042775232 feedend 248 0 0 0 0 0
2146841440977116 137946042775232 feedend 248 1 0 0 0 0
2146841436346505 137946056009600 msgin 248 4718592 0 0 0 0
2146841436346715 137946056009600 enq 248 1 0 0 0 0
2146841439695162 137946056009600 ackslot 248 247 248 247 1 0
2146841439726291 137946056009600 send 18 0 0 247 247 2
2146841440207574 137946056009600 send 131684 0 0 247 247 2
2146841440524452 137946056009600 send 108017 0 0 247 247 2
2146841440527832 137946056009600 send 14 0 0 247 247 2
2146841440528052 137946056009600 egress 248 1 0 247 0 0
2146841440528202 137946056009600 ackregion 248 248 248 247 1 0
2146841440816612 137946056009600 cliack 248 0 249 248 0 0
2146841440860750 137946056009600 msgin 249 4718592 0 0 0 0
2146841440861000 137946056009600 enq 249 1 0 0 0 0
2146841439687553 137945960937152 emit_beg 248 0 0 0 0 0
2146841439690123 137945960937152 dmg 0 1 0 0 1024 768
2146841439690273 137945960937152 enc 247 247 1 -1 -1 0
2146841439713692 137945960937152 emit_end 248 0 0 0 0 0
2146841443910689 137946042775232 outfirst 248 1 65536 0 0 0
2146841444273055 137946042775232 outfirst 248 0 65536 0 0 0
2146841444286605 137946042775232 pump_end 1 2 0 0 0 0
2146841444286755 137946042775232 join_beg 1 0 0 0 0 0
2146841444286905 137946042775232 join_end 0 0 0 0 0 0
2146841444286965 137946042775232 book_beg 1 0 0 0 0 0
2146841444287115 137946042775232 batch 249 1 1 2 2 0
2146841444287255 137946042775232 book_end 1 0 0 0 0 0
2146841444287355 137946042775232 coll_beg 0 0 0 0 0 0
2146841444378492 137946042775232 coll_end 0 0 0 0 0 0
2146841444378672 137946042775232 rel_beg 1 0 0 0 0 0
2146841444378812 137946042775232 absorb 249 0 0 0 0 0
2146841444380102 137946042775232 rel_end 1 0 0 0 0 0
2146841444381311 137946042775232 wait_beg 0 0 0 0 0 0
2146841444387131 137946056009600 ackslot 249 248 249 248 1 0
2146841444475478 137946056009600 send 18 0 0 248 248 2
2146841444828845 137946056009600 send 156918 0 0 248 248 2
2146841445134574 137946056009600 send 139969 0 0 248 248 2
2146841445137644 137946056009600 send 14 0 0 248 248 2
2146841445137824 137946056009600 egress 249 1 0 248 0 0
2146841445140774 137946056009600 ackregion 249 249 249 248 1 0
2146841445858498 137946056009600 cliack 249 0 250 249 0 0
2146841444387561 137945960937152 emit_beg 249 0 0 0 0 0
2146841444395811 137945960937152 dmg 0 1 0 0 1024 768
2146841444396061 137945960937152 enc 248 248 1 -1 -1 0
2146841444426570 137945960937152 emit_end 249 0 0 0 0 0
2146841456961283 137946042775232 wait_end 0 0 0 0 0 0
2146841456963152 137946042775232 drain_beg 0 0 0 0 0 0
2146841456963442 137946042775232 drain_end 1 0 0 0 0 0
2146841456963552 137946042775232 take 250 0 0 0 0 0
2146841456963762 137946042775232 subm_beg 1 0 0 0 0 0
2146841456963982 137946042775232 submit 250 0 0 0 0 0
2146841456964172 137946042775232 subm_end 1 0 0 0 0 0
2146841456964222 137946042775232 pump_beg 1 0 0 0 0 0
2146841457079798 137946042775232 feedend 249 0 0 0 0 0
2146841457086658 137946042775232 feedend 249 1 0 0 0 0
2146841460171625 137946042775232 outfirst 249 1 65536 0 0 0
2146841460551122 137946042775232 outfirst 249 0 65536 0 0 0
2146841460566941 137946042775232 pump_end 1 2 0 0 0 0
2146841460568631 137946042775232 join_beg 1 0 0 0 0 0
2146841460568661 137946042775232 join_end 0 0 0 0 0 0
2146841460568781 137946042775232 book_beg 1 0 0 0 0 0
2146841460568851 137946042775232 batch 250 1 1 2 2 0
2146841460568881 137946042775232 book_end 1 0 0 0 0 0
2146841460568911 137946042775232 coll_beg 0 0 0 0 0 0
2146841460653908 137946042775232 coll_end 0 0 0 0 0 0
2146841460653998 137946042775232 rel_beg 1 0 0 0 0 0
2146841460654068 137946042775232 absorb 250 0 0 0 0 0
2146841460655418 137946042775232 rel_end 1 0 0 0 0 0
2146841460656788 137946042775232 wait_beg 0 0 0 0 0 0
2146841456954003 137946056009600 msgin 250 4718592 0 0 0 0
2146841456954563 137946056009600 enq 250 1 0 0 0 0
2146841460661198 137946056009600 ackslot 250 249 250 249 1 0
2146841460686797 137946056009600 send 18 0 0 249 249 2
2146841461119251 137946056009600 send 167427 0 0 249 249 2
2146841461469668 137946056009600 send 154358 0 0 249 249 2
2146841461473108 137946056009600 send 14 0 0 249 249 2
2146841461473628 137946056009600 egress 250 1 0 249 0 0
2146841461473788 137946056009600 ackregion 250 250 250 249 1 0
2146841462000609 137946056009600 cliack 250 0 251 250 0 0
2146841460661408 137945960937152 emit_beg 250 0 0 0 0 0
2146841460664127 137945960937152 dmg 0 1 0 0 1024 768
2146841460664287 137945960937152 enc 249 249 1 -1 -1 0
2146841460687067 137945960937152 emit_end 250 0 0 0 0 0
2146841473054405 137946042775232 wait_end 0 0 0 0 0 0
2146841473055825 137946042775232 drain_beg 0 0 0 0 0 0
2146841473055985 137946042775232 drain_end 1 0 0 0 0 0
2146841473056115 137946042775232 take 251 0 0 0 0 0
2146841473056285 137946042775232 subm_beg 1 0 0 0 0 0
2146841473056455 137946042775232 submit 251 0 0 0 0 0
2146841473056615 137946042775232 subm_end 1 0 0 0 0 0
2146841473056635 137946042775232 pump_beg 1 0 0 0 0 0
2146841473192290 137946042775232 feedend 250 0 0 0 0 0
2146841473195410 137946042775232 feedend 250 1 0 0 0 0
2146841476410923 137946042775232 outfirst 250 1 65536 0 0 0
2146841477007811 137946042775232 outfirst 250 0 32768 0 0 0
2146841477031620 137946042775232 pump_end 1 2 0 0 0 0
2146841477031680 137946042775232 join_beg 1 0 0 0 0 0
2146841477031710 137946042775232 join_end 0 0 0 0 0 0
2146841477031830 137946042775232 book_beg 1 0 0 0 0 0
2146841477031900 137946042775232 batch 251 1 1 2 2 0
2146841477031930 137946042775232 book_end 1 0 0 0 0 0
2146841477031960 137946042775232 coll_beg 0 0 0 0 0 0
2146841477137916 137946042775232 coll_end 0 0 0 0 0 0
2146841477137956 137946042775232 rel_beg 1 0 0 0 0 0
2146841477138046 137946042775232 absorb 251 0 0 0 0 0
2146841477139636 137946042775232 rel_end 1 0 0 0 0 0
2146841477141356 137946042775232 wait_beg 0 0 0 0 0 0
2146841473048656 137946056009600 msgin 251 4718592 0 0 0 0
2146841473048976 137946056009600 enq 251 1 0 0 0 0
2146841477147466 137946056009600 ackslot 251 250 251 250 1 0
2146841477164005 137946056009600 send 18 0 0 250 250 2
2146841477695476 137946056009600 send 201780 0 0 250 250 2
2146841478067022 137946056009600 send 173599 0 0 250 250 2
2146841478070732 137946056009600 send 14 0 0 250 250 2
2146841478071082 137946056009600 egress 251 1 0 250 0 0
2146841478071482 137946056009600 ackregion 251 251 251 250 1 0
2146841478820385 137946056009600 cliack 251 0 252 251 0 0
2146841477146636 137945960937152 emit_beg 251 0 0 0 0 0
2146841477150286 137945960937152 dmg 0 1 0 0 1024 768
2146841477150456 137945960937152 enc 250 250 1 -1 -1 0
2146841477184535 137945960937152 emit_end 251 0 0 0 0 0
2146841489102160 137946042775232 wait_end 0 0 0 0 0 0
2146841489105890 137946042775232 drain_beg 0 0 0 0 0 0
2146841489106150 137946042775232 drain_end 1 0 0 0 0 0
2146841489106570 137946042775232 take 252 0 0 0 0 0
2146841489107170 137946042775232 subm_beg 1 0 0 0 0 0
2146841489108640 137946042775232 submit 252 0 0 0 0 0
2146841489108790 137946042775232 subm_end 1 0 0 0 0 0
2146841489108870 137946042775232 pump_beg 1 0 0 0 0 0
2146841489231945 137946042775232 feedend 251 0 0 0 0 0
2146841489320282 137946042775232 feedend 251 1 0 0 0 0
2146841492143319 137946042775232 outfirst 251 1 65536 0 0 0
2146841489077951 137946056009600 msgin 252 4718592 0 0 0 0
2146841489078411 137946056009600 enq 252 1 0 0 0 0
2146841492634581 137946042775232 outfirst 251 0 65536 0 0 0
2146841492647981 137946042775232 pump_end 1 2 0 0 0 0
2146841492648111 137946042775232 join_beg 1 0 0 0 0 0
2146841492648381 137946042775232 join_end 0 0 0 0 0 0
2146841492648441 137946042775232 book_beg 1 0 0 0 0 0
2146841492648661 137946042775232 batch 252 1 1 2 2 0
2146841492648801 137946042775232 book_end 1 0 0 0 0 0
2146841492648951 137946042775232 coll_beg 0 0 0 0 0 0
2146841492739357 137946042775232 coll_end 0 0 0 0 0 0
2146841492739607 137946042775232 rel_beg 1 0 0 0 0 0
2146841492739897 137946042775232 absorb 252 0 0 0 0 0
2146841492742567 137946042775232 rel_end 1 0 0 0 0 0
2146841492743947 137946042775232 wait_beg 0 0 0 0 0 0
2146841492768686 137946056009600 ackslot 252 251 252 251 1 0
2146841492793555 137946056009600 send 18 0 0 251 251 2
2146841493331046 137946056009600 send 156003 0 0 251 251 2
2146841493623095 137946056009600 send 129063 0 0 251 251 2
2146841493626955 137946056009600 send 14 0 0 251 251 2
2146841493627205 137946056009600 egress 252 1 0 251 0 0
2146841493627345 137946056009600 ackregion 252 252 252 251 1 0
2146841494371748 137946056009600 cliack 252 0 253 252 0 0
2146841492760976 137945960937152 emit_beg 252 0 0 0 0 0
2146841492763316 137945960937152 dmg 0 1 0 0 1024 768
2146841492763496 137945960937152 enc 251 251 1 -1 -1 0
2146841492790865 137945960937152 emit_end 252 0 0 0 0 0
2146841504592965 137946042775232 wait_end 0 0 0 0 0 0
2146841504594605 137946042775232 drain_beg 0 0 0 0 0 0
2146841504594855 137946042775232 drain_end 1 0 0 0 0 0
2146841504594965 137946042775232 take 253 0 0 0 0 0
2146841504595295 137946042775232 subm_beg 1 0 0 0 0 0
2146841504595715 137946042775232 submit 253 0 0 0 0 0
2146841504595855 137946042775232 subm_end 1 0 0 0 0 0
2146841504595895 137946042775232 pump_beg 1 0 0 0 0 0
2146841504727470 137946042775232 feedend 252 0 0 0 0 0
2146841504730530 137946042775232 feedend 252 1 0 0 0 0
2146841507425621 137946042775232 outfirst 252 1 65536 0 0 0
2146841507929233 137946042775232 outfirst 252 0 65536 0 0 0
2146841507940683 137946042775232 pump_end 1 2 0 0 0 0
2146841507940863 137946042775232 join_beg 1 0 0 0 0 0
2146841507941043 137946042775232 join_end 0 0 0 0 0 0
2146841507941093 137946042775232 book_beg 1 0 0 0 0 0
2146841507941243 137946042775232 batch 253 1 1 2 2 0
2146841507941383 137946042775232 book_end 1 0 0 0 0 0
2146841507941543 137946042775232 coll_beg 0 0 0 0 0 0
2146841508020680 137946042775232 coll_end 0 0 0 0 0 0
2146841508020830 137946042775232 rel_beg 1 0 0 0 0 0
2146841508020980 137946042775232 absorb 253 0 0 0 0 0
2146841508022440 137946042775232 rel_end 1 0 0 0 0 0
2146841508023560 137946042775232 wait_beg 0 0 0 0 0 0
2146841504585295 137946056009600 msgin 253 4718592 0 0 0 0
2146841504585875 137946056009600 enq 253 1 0 0 0 0
2146841508031009 137946056009600 ackslot 253 252 253 252 1 0
2146841508123596 137946056009600 send 18 0 0 252 252 2
2146841508593359 137946056009600 send 134694 0 0 252 252 2
2146841508960885 137946056009600 send 108746 0 0 252 252 2
2146841508965985 137946056009600 send 14 0 0 252 252 2
2146841508966245 137946056009600 egress 253 1 0 252 0 0
2146841508966295 137946056009600 ackregion 253 253 253 252 1 0
2146841509583363 137946056009600 cliack 253 0 254 253 0 0
2146841508041259 137945960937152 emit_beg 253 0 0 0 0 0
2146841508047109 137945960937152 dmg 0 1 0 0 1024 768
2146841508047289 137945960937152 enc 252 252 1 -1 -1 0
2146841508071078 137945960937152 emit_end 253 0 0 0 0 0
2146841520994706 137946042775232 wait_end 0 0 0 0 0 0
2146841520996626 137946042775232 drain_beg 0 0 0 0 0 0
2146841521011896 137946042775232 drain_end 1 0 0 0 0 0
2146841521011986 137946042775232 take 254 0 0 0 0 0
2146841521012116 137946042775232 subm_beg 1 0 0 0 0 0
2146841521012296 137946042775232 submit 254 0 0 0 0 0
2146841521012326 137946042775232 subm_end 1 0 0 0 0 0
2146841521012376 137946042775232 pump_beg 1 0 0 0 0 0
2146841521168280 137946042775232 feedend 253 0 0 0 0 0
2146841521173360 137946042775232 feedend 253 1 0 0 0 0
2146841520985967 137946056009600 msgin 254 4718592 0 0 0 0
2146841520986407 137946056009600 enq 254 1 0 0 0 0
2146841524617594 137946042775232 outfirst 253 1 65536 0 0 0
2146841525021599 137946042775232 outfirst 253 0 65536 0 0 0
2146841525053958 137946042775232 pump_end 1 2 0 0 0 0
2146841525054288 137946042775232 join_beg 1 0 0 0 0 0
2146841525054588 137946042775232 join_end 0 0 0 0 0 0
2146841525054798 137946042775232 book_beg 1 0 0 0 0 0
2146841525055188 137946042775232 batch 254 1 1 2 2 0
2146841525055338 137946042775232 book_end 1 0 0 0 0 0
2146841525055488 137946042775232 coll_beg 0 0 0 0 0 0
2146841525245531 137946042775232 coll_end 0 0 0 0 0 0
2146841525245811 137946042775232 rel_beg 1 0 0 0 0 0
2146841525246051 137946042775232 absorb 254 0 0 0 0 0
2146841525249451 137946042775232 rel_end 1 0 0 0 0 0
2146841525251301 137946042775232 wait_beg 0 0 0 0 0 0
2146841525277180 137946056009600 ackslot 254 253 254 253 1 0
2146841525320289 137946056009600 send 18 0 0 253 253 2
2146841526071021 137946056009600 send 209011 0 0 253 253 2
2146841526545074 137946056009600 send 185952 0 0 253 253 2
2146841526548594 137946056009600 send 14 0 0 253 253 2
2146841526548994 137946056009600 egress 254 1 0 253 0 0
2146841526549134 137946056009600 ackregion 254 254 254 253 1 0
2146841527021597 137946056009600 cliack 254 0 255 254 0 0
2146841525268460 137945960937152 emit_beg 254 0 0 0 0 0
2146841525270920 137945960937152 dmg 0 1 0 0 1024 768
2146841525271120 137945960937152 enc 253 253 1 -1 -1 0
2146841525302769 137945960937152 emit_end 254 0 0 0 0 0
2146841537170936 137946042775232 wait_end 0 0 0 0 0 0
2146841537173906 137946042775232 drain_beg 0 0 0 0 0 0
2146841537174406 137946042775232 drain_end 1 0 0 0 0 0
2146841537174606 137946042775232 take 255 0 0 0 0 0
2146841537174966 137946042775232 subm_beg 1 0 0 0 0 0
2146841537175476 137946042775232 submit 255 0 0 0 0 0
2146841537175586 137946042775232 subm_end 1 0 0 0 0 0
2146841537175626 137946042775232 pump_beg 1 0 0 0 0 0
2146841537367659 137946042775232 feedend 254 0 0 0 0 0
2146841537372749 137946042775232 feedend 254 1 0 0 0 0
2146841540208315 137946042775232 outfirst 254 1 65536 0 0 0
2146841540859112 137946042775232 outfirst 254 0 65536 0 0 0
2146841540889601 137946042775232 pump_end 1 2 0 0 0 0
2146841540889691 137946042775232 join_beg 1 0 0 0 0 0
2146841540889811 137946042775232 join_end 0 0 0 0 0 0
2146841540890011 137946042775232 book_beg 1 0 0 0 0 0
2146841540890231 137946042775232 batch 255 1 1 2 2 0
2146841540890291 137946042775232 book_end 1 0 0 0 0 0
2146841540890361 137946042775232 coll_beg 0 0 0 0 0 0
2146841540993307 137946042775232 coll_end 0 0 0 0 0 0
2146841540993427 137946042775232 rel_beg 1 0 0 0 0 0
2146841540993587 137946042775232 absorb 255 0 0 0 0 0
2146841540995567 137946042775232 rel_end 1 0 0 0 0 0
2146841540997217 137946042775232 wait_beg 0 0 0 0 0 0
2146841537147477 137946056009600 msgin 255 4718592 0 0 0 0
2146841537148237 137946056009600 enq 255 1 0 0 0 0
2146841541023486 137946056009600 ackslot 255 254 255 254 1 0
2146841541278656 137946056009600 send 18 0 0 254 254 2
2146841541837286 137946056009600 send 150370 0 0 254 254 2
2146841542271890 137946056009600 send 124921 0 0 254 254 2
2146841542275430 137946056009600 send 14 0 0 254 254 2
2146841542276030 137946056009600 egress 255 1 0 254 0 0
2146841542276600 137946056009600 ackregion 255 255 255 254 1 0
2146841541035735 137945960937152 emit_beg 255 0 0 0 0 0
2146841541059374 137945960937152 dmg 0 1 0 0 1024 768
2146841541059684 137945960937152 enc 254 254 1 -1 -1 0
2146841541094733 137945960937152 emit_end 255 0 0 0 0 0
2146841542907097 137946056009600 cliack 255 0 256 255 0 0
2146841553020538 137946042775232 wait_end 0 0 0 0 0 0
2146841553024488 137946042775232 drain_beg 0 0 0 0 0 0
2146841553024918 137946042775232 drain_end 1 0 0 0 0 0
2146841553025188 137946042775232 take 256 0 0 0 0 0
2146841553025528 137946042775232 subm_beg 1 0 0 0 0 0
2146841553026738 137946042775232 submit 256 0 0 0 0 0
2146841553026988 137946042775232 subm_end 1 0 0 0 0 0
2146841553027068 137946042775232 pump_beg 1 0 0 0 0 0
2146841553152453 137946042775232 feedend 255 0 0 0 0 0
2146841553223321 137946042775232 feedend 255 1 0 0 0 0
2146841556236471 137946042775232 outfirst 255 1 65536 0 0 0
2146841556752442 137946042775232 outfirst 255 0 65536 0 0 0
2146841556789960 137946042775232 pump_end 1 2 0 0 0 0
2146841556790220 137946042775232 join_beg 1 0 0 0 0 0
2146841556790510 137946042775232 join_end 0 0 0 0 0 0
2146841556790620 137946042775232 book_beg 1 0 0 0 0 0
2146841556790940 137946042775232 batch 256 1 1 2 2 0
2146841556791100 137946042775232 book_end 1 0 0 0 0 0
2146841556791270 137946042775232 coll_beg 0 0 0 0 0 0
2146841556933195 137946042775232 coll_end 0 0 0 0 0 0
2146841556933495 137946042775232 rel_beg 1 0 0 0 0 0
2146841556933835 137946042775232 absorb 256 0 0 0 0 0
2146841556938145 137946042775232 rel_end 1 0 0 0 0 0
2146841556939965 137946042775232 wait_beg 0 0 0 0 0 0
2146841552993399 137946056009600 msgin 256 4718592 0 0 0 0
2146841552994009 137946056009600 enq 256 1 0 0 0 0
2146841556965764 137946056009600 ackslot 256 255 256 255 1 0
2146841557006473 137946056009600 send 18 0 0 255 255 2
2146841557632080 137946056009600 send 176776 0 0 255 255 2
2146841558125552 137946056009600 send 141656 0 0 255 255 2
2146841558130742 137946056009600 send 14 0 0 255 255 2
2146841558131102 137946056009600 egress 256 1 0 255 0 0
2146841558131262 137946056009600 ackregion 256 256 256 255 1 0
2146841558589585 137946056009600 cliack 256 0 257 256 0 0
2146841556956764 137945960937152 emit_beg 256 0 0 0 0 0
2146841556959004 137945960937152 dmg 0 1 0 0 1024 768
2146841556959154 137945960937152 enc 255 255 1 -1 -1 0
2146841556985553 137945960937152 emit_end 256 0 0 0 0 0
2146841569219807 137946042775232 wait_end 0 0 0 0 0 0
2146841569222147 137946042775232 drain_beg 0 0 0 0 0 0
2146841569222437 137946042775232 drain_end 1 0 0 0 0 0
2146841569222587 137946042775232 take 257 0 0 0 0 0
2146841569222857 137946042775232 subm_beg 1 0 0 0 0 0
2146841569223217 137946042775232 submit 257 0 0 0 0 0
2146841569223387 137946042775232 subm_end 1 0 0 0 0 0
2146841569223447 137946042775232 pump_beg 1 0 0 0 0 0
2146841569333123 137946042775232 feedend 256 0 0 0 0 0
2146841569371271 137946042775232 feedend 256 1 0 0 0 0
2146841573018308 137946042775232 outfirst 256 1 65536 0 0 0
2146841569197108 137946056009600 msgin 257 4718592 0 0 0 0
2146841569197288 137946056009600 enq 257 1 0 0 0 0
2146841573463722 137946042775232 outfirst 256 0 65536 0 0 0
2146841573511410 137946042775232 pump_end 1 2 0 0 0 0
2146841573511730 137946042775232 join_beg 1 0 0 0 0 0
2146841573512020 137946042775232 join_end 0 0 0 0 0 0
2146841573512110 137946042775232 book_beg 1 0 0 0 0 0
2146841573517330 137946042775232 batch 257 1 1 2 2 0
2146841573517430 137946042775232 book_end 1 0 0 0 0 0
2146841573517490 137946042775232 coll_beg 0 0 0 0 0 0
2146841573700934 137946042775232 coll_end 0 0 0 0 0 0
2146841573701004 137946042775232 rel_beg 1 0 0 0 0 0
2146841573701364 137946042775232 absorb 257 0 0 0 0 0
2146841573705053 137946042775232 rel_end 1 0 0 0 0 0
2146841573706633 137946042775232 wait_beg 0 0 0 0 0 0
2146841573732862 137946056009600 ackslot 257 256 257 256 1 0
2146841573758891 137946056009600 send 18 0 0 256 256 2
2146841574662788 137946056009600 send 228403 0 0 256 256 2
2146841575350453 137946056009600 send 206981 0 0 256 256 2
2146841575354023 137946056009600 send 14 0 0 256 256 2
2146841575354253 137946056009600 egress 257 1 0 256 0 0
2146841575354533 137946056009600 ackregion 257 257 257 256 1 0
2146841575503748 137946056009600 cliack 257 0 258 257 0 0
2146841573724433 137945960937152 emit_beg 257 0 0 0 0 0
2146841573727203 137945960937152 dmg 0 1 0 0 1024 768
2146841573727403 137945960937152 enc 256 256 1 -1 -1 0
2146841573768851 137945960937152 emit_end 257 0 0 0 0 0
2146841585246132 137946042775232 wait_end 0 0 0 0 0 0
2146841585248682 137946042775232 drain_beg 0 0 0 0 0 0
2146841585249042 137946042775232 drain_end 1 0 0 0 0 0
2146841585249192 137946042775232 take 258 0 0 0 0 0
2146841585249422 137946042775232 subm_beg 1 0 0 0 0 0
2146841585249952 137946042775232 submit 258 0 0 0 0 0
2146841585250102 137946042775232 subm_end 1 0 0 0 0 0
2146841585250162 137946042775232 pump_beg 1 0 0 0 0 0
2146841585359958 137946042775232 feedend 257 0 0 0 0 0
2146841585427776 137946042775232 feedend 257 1 0 0 0 0
2146841588308111 137946042775232 outfirst 257 1 65536 0 0 0
2146841588719536 137946042775232 outfirst 257 0 65536 0 0 0
2146841588745485 137946042775232 pump_end 1 2 0 0 0 0
2146841588745655 137946042775232 join_beg 1 0 0 0 0 0
2146841588745945 137946042775232 join_end 0 0 0 0 0 0
2146841588746005 137946042775232 book_beg 1 0 0 0 0 0
2146841588746155 137946042775232 batch 258 1 1 2 2 0
2146841588746315 137946042775232 book_end 1 0 0 0 0 0
2146841588746485 137946042775232 coll_beg 0 0 0 0 0 0
2146841588863710 137946042775232 coll_end 0 0 0 0 0 0
2146841588864050 137946042775232 rel_beg 1 0 0 0 0 0
2146841588864400 137946042775232 absorb 258 0 0 0 0 0
2146841588868020 137946042775232 rel_end 1 0 0 0 0 0
2146841588869660 137946042775232 wait_beg 0 0 0 0 0 0
2146841585222873 137946056009600 msgin 258 4718592 0 0 0 0
2146841585223133 137946056009600 enq 258 1 0 0 0 0
2146841588896949 137946056009600 ackslot 258 257 258 257 1 0
2146841588929968 137946056009600 send 18 0 0 257 257 2
2146841589446229 137946056009600 send 145481 0 0 257 257 2
2146841589877163 137946056009600 send 122063 0 0 257 257 2
2146841589882163 137946056009600 send 14 0 0 257 257 2
2146841589882403 137946056009600 egress 258 1 0 257 0 0
2146841589882493 137946056009600 ackregion 258 258 258 257 1 0
2146841590395325 137946056009600 cliack 258 0 259 258 0 0
2146841588878680 137945960937152 emit_beg 258 0 0 0 0 0
2146841588883810 137945960937152 dmg 0 1 0 0 1024 768
2146841588884120 137945960937152 enc 257 257 1 -1 -1 0
2146841588924478 137945960937152 emit_end 258 0 0 0 0 0
2146841600963109 137946042775232 wait_end 0 0 0 0 0 0
2146841600965209 137946042775232 drain_beg 0 0 0 0 0 0
2146841600965549 137946042775232 drain_end 1 0 0 0 0 0
2146841600965759 137946042775232 take 259 0 0 0 0 0
2146841600966169 137946042775232 subm_beg 1 0 0 0 0 0
2146841600967259 137946042775232 submit 259 0 0 0 0 0
2146841600967409 137946042775232 subm_end 1 0 0 0 0 0
2146841600967449 137946042775232 pump_beg 1 0 0 0 0 0
2146841601068975 137946042775232 feedend 258 0 0 0 0 0
2146841601130413 137946042775232 feedend 258 1 0 0 0 0
2146841600952269 137946056009600 msgin 259 4718592 0 0 0 0
2146841600952749 137946056009600 enq 259 1 0 0 0 0
2146841604040837 137946042775232 outfirst 258 1 65536 0 0 0
2146841604654014 137946042775232 outfirst 258 0 65536 0 0 0
2146841604689553 137946042775232 pump_end 1 2 0 0 0 0
2146841604689723 137946042775232 join_beg 1 0 0 0 0 0
2146841604690033 137946042775232 join_end 0 0 0 0 0 0
2146841604690143 137946042775232 book_beg 1 0 0 0 0 0
2146841604690383 137946042775232 batch 259 1 1 2 2 0
2146841604690533 137946042775232 book_end 1 0 0 0 0 0
2146841604690703 137946042775232 coll_beg 0 0 0 0 0 0
2146841604826828 137946042775232 coll_end 0 0 0 0 0 0
2146841604827098 137946042775232 rel_beg 1 0 0 0 0 0
2146841604827448 137946042775232 absorb 259 0 0 0 0 0
2146841604830818 137946042775232 rel_end 1 0 0 0 0 0
2146841604832628 137946042775232 wait_beg 0 0 0 0 0 0
2146841604860447 137946056009600 ackslot 259 258 259 258 1 0
2146841604886926 137946056009600 send 18 0 0 258 258 2
2146841605478624 137946056009600 send 171056 0 0 258 258 2
2146841605939877 137946056009600 send 133649 0 0 258 258 2
2146841605946357 137946056009600 send 14 0 0 258 258 2
2146841605946547 137946056009600 egress 259 1 0 258 0 0
2146841605946687 137946056009600 ackregion 259 259 259 258 1 0
2146841606451789 137946056009600 cliack 259 0 260 259 0 0
2146841604839197 137945960937152 emit_beg 259 0 0 0 0 0
2146841604841707 137945960937152 dmg 0 1 0 0 1024 768
2146841604841887 137945960937152 enc 258 258 1 -1 -1 0
2146841604882856 137945960937152 emit_end 259 0 0 0 0 0
2146841617208266 137946042775232 wait_end 0 0 0 0 0 0
2146841617210816 137946042775232 drain_beg 0 0 0 0 0 0
2146841617211126 137946042775232 drain_end 1 0 0 0 0 0
2146841617211276 137946042775232 take 260 0 0 0 0 0
2146841617211536 137946042775232 subm_beg 1 0 0 0 0 0
2146841617211966 137946042775232 submit 260 0 0 0 0 0
2146841617212116 137946042775232 subm_end 1 0 0 0 0 0
2146841617212166 137946042775232 pump_beg 1 0 0 0 0 0
2146841617334732 137946042775232 feedend 259 0 0 0 0 0
2146841617390560 137946042775232 feedend 259 1 0 0 0 0
2146841620292804 137946042775232 outfirst 259 1 65536 0 0 0
2146841620747887 137946042775232 outfirst 259 0 65536 0 0 0
2146841620776866 137946042775232 pump_end 1 2 0 0 0 0
2146841620777056 137946042775232 join_beg 1 0 0 0 0 0
2146841620777396 137946042775232 join_end 0 0 0 0 0 0
2146841620777506 137946042775232 book_beg 1 0 0 0 0 0
2146841620777696 137946042775232 batch 260 1 1 2 2 0
2146841620777866 137946042775232 book_end 1 0 0 0 0 0
2146841620778036 137946042775232 coll_beg 0 0 0 0 0 0
2146841620899312 137946042775232 coll_end 0 0 0 0 0 0
2146841620899592 137946042775232 rel_beg 1 0 0 0 0 0
2146841620899932 137946042775232 absorb 260 0 0 0 0 0
2146841620903301 137946042775232 rel_end 1 0 0 0 0 0
2146841620905261 137946042775232 wait_beg 0 0 0 0 0 0
2146841617184067 137946056009600 msgin 260 4718592 0 0 0 0
2146841617184587 137946056009600 enq 260 1 0 0 0 0
2146841620929770 137946056009600 ackslot 260 259 260 259 1 0
2146841620956539 137946056009600 send 18 0 0 259 259 2
2146841621500790 137946056009600 send 154532 0 0 259 259 2
2146841621947343 137946056009600 send 127419 0 0 259 259 2
2146841621952753 137946056009600 send 14 0 0 259 259 2
2146841621953013 137946056009600 egress 260 1 0 259 0 0
2146841621953203 137946056009600 ackregion 260 260 260 259 1 0
2146841622439495 137946056009600 cliack 260 0 261 260 0 0
2146841620909621 137945960937152 emit_beg 260 0 0 0 0 0
2146841620911501 137945960937152 dmg 0 1 0 0 1024 768
2146841620915281 137945960937152 enc 259 259 1 -1 -1 0
2146841620941710 137945960937152 emit_end 260 0 0 0 0 0
2146841632469310 137946042775232 wait_end 0 0 0 0 0 0
2146841632472029 137946042775232 drain_beg 0 0 0 0 0 0
2146841632472469 137946042775232 drain_end 1 0 0 0 0 0
2146841632472619 137946042775232 take 261 0 0 0 0 0
2146841632472889 137946042775232 subm_beg 1 0 0 0 0 0
2146841632475479 137946042775232 submit 261 0 0 0 0 0
2146841632475579 137946042775232 subm_end 1 0 0 0 0 0
2146841632475659 137946042775232 pump_beg 1 0 0 0 0 0
2146841632618234 137946042775232 feedend 260 0 0 0 0 0
2146841632623534 137946042775232 feedend 260 1 0 0 0 0
2146841632445510 137946056009600 msgin 261 4718592 0 0 0 0
2146841632446350 137946056009600 enq 261 1 0 0 0 0
2146841635479270 137946042775232 outfirst 260 1 65536 0 0 0
2146841635981301 137946042775232 outfirst 260 0 65536 0 0 0
2146841636007210 137946042775232 pump_end 1 2 0 0 0 0
2146841636007370 137946042775232 join_beg 1 0 0 0 0 0
2146841636007530 137946042775232 join_end 0 0 0 0 0 0
2146841636007670 137946042775232 book_beg 1 0 0 0 0 0
2146841636007850 137946042775232 batch 261 1 1 2 2 0
2146841636008020 137946042775232 book_end 1 0 0 0 0 0
2146841636008190 137946042775232 coll_beg 0 0 0 0 0 0
2146841636136486 137946042775232 coll_end 0 0 0 0 0 0
2146841636136736 137946042775232 rel_beg 1 0 0 0 0 0
2146841636136876 137946042775232 absorb 261 0 0 0 0 0
2146841636139036 137946042775232 rel_end 1 0 0 0 0 0
2146841636140706 137946042775232 wait_beg 0 0 0 0 0 0
2146841636161105 137946056009600 ackslot 261 260 261 260 1 0
2146841636194074 137946056009600 send 18 0 0 260 260 2
2146841636726514 137946056009600 send 149469 0 0 260 260 2
2146841637163808 137946056009600 send 124659 0 0 260 260 2
2146841637169568 137946056009600 send 14 0 0 260 260 2
2146841637169828 137946056009600 egress 261 1 0 260 0 0
2146841637169998 137946056009600 ackregion 261 261 261 260 1 0
2146841637551624 137946056009600 cliack 261 0 262 261 0 0
2146841636158555 137945960937152 emit_beg 261 0 0 0 0 0
2146841636161975 137945960937152 dmg 0 1 0 0 1024 768
2146841636162155 137945960937152 enc 260 260 1 -1 -1 0
2146841636188304 137945960937152 emit_end 261 0 0 0 0 0
2146841649450160 137946042775232 wait_end 0 0 0 0 0 0
2146841649452840 137946042775232 drain_beg 0 0 0 0 0 0
2146841649453120 137946042775232 drain_end 1 0 0 0 0 0
2146841649453270 137946042775232 take 262 0 0 0 0 0
2146841649453570 137946042775232 subm_beg 1 0 0 0 0 0
2146841649454010 137946042775232 submit 262 0 0 0 0 0
2146841649454310 137946042775232 subm_end 1 0 0 0 0 0
2146841649454370 137946042775232 pump_beg 1 0 0 0 0 0
2146841649581415 137946042775232 feedend 261 0 0 0 0 0
2146841649586025 137946042775232 feedend 261 1 0 0 0 0
2146841652507248 137946042775232 outfirst 261 1 65536 0 0 0
2146841653051539 137946042775232 outfirst 261 0 65536 0 0 0
2146841653077798 137946042775232 pump_end 1 2 0 0 0 0
2146841653077968 137946042775232 join_beg 1 0 0 0 0 0
2146841653078128 137946042775232 join_end 0 0 0 0 0 0
2146841653078228 137946042775232 book_beg 1 0 0 0 0 0
2146841653078388 137946042775232 batch 262 1 1 2 2 0
2146841653078538 137946042775232 book_end 1 0 0 0 0 0
2146841653078688 137946042775232 coll_beg 0 0 0 0 0 0
2146841653181844 137946042775232 coll_end 0 0 0 0 0 0
2146841653182004 137946042775232 rel_beg 1 0 0 0 0 0
2146841653182154 137946042775232 absorb 262 0 0 0 0 0
2146841653183684 137946042775232 rel_end 1 0 0 0 0 0
2146841653185034 137946042775232 wait_beg 0 0 0 0 0 0
2146841649437850 137946056009600 msgin 262 4718592 0 0 0 0
2146841649438220 137946056009600 enq 262 1 0 0 0 0
2146841653191184 137946056009600 ackslot 262 261 262 261 1 0
2146841653213713 137946056009600 send 18 0 0 261 261 2
2146841653585479 137946056009600 send 169360 0 0 261 261 2
2146841653189664 137945960937152 emit_beg 262 0 0 0 0 0
2146841653192274 137945960937152 dmg 0 1 0 0 1024 768
2146841653192424 137945960937152 enc 261 261 1 -1 -1 0
2146841653217883 137945960937152 emit_end 262 0 0 0 0 0
2146841653896108 137946056009600 send 140057 0 0 261 261 2
2146841653899598 137946056009600 send 14 0 0 261 261 2
2146841653899948 137946056009600 egress 262 1 0 261 0 0
2146841653900088 137946056009600 ackregion 262 262 262 261 1 0
2146841654645070 137946056009600 cliack 262 0 263 262 0 0
2146841665104349 137946042775232 wait_end 0 0 0 0 0 0
2146841665105939 137946042775232 drain_beg 0 0 0 0 0 0
2146841665106159 137946042775232 drain_end 1 0 0 0 0 0
2146841665106269 137946042775232 take 263 0 0 0 0 0
2146841665106409 137946042775232 subm_beg 1 0 0 0 0 0
2146841665106619 137946042775232 submit 263 0 0 0 0 0
2146841665106749 137946042775232 subm_end 1 0 0 0 0 0
2146841665106779 137946042775232 pump_beg 1 0 0 0 0 0
2146841665221715 137946042775232 feedend 262 0 0 0 0 0
2146841665225134 137946042775232 feedend 262 1 0 0 0 0
2146841668144768 137946042775232 outfirst 262 1 65536 0 0 0
2146841668562723 137946042775232 outfirst 262 0 65536 0 0 0
2146841668584332 137946042775232 pump_end 1 2 0 0 0 0
2146841668584672 137946042775232 join_beg 1 0 0 0 0 0
2146841668584942 137946042775232 join_end 0 0 0 0 0 0
2146841668585122 137946042775232 book_beg 1 0 0 0 0 0
2146841668585572 137946042775232 batch 263 1 1 2 2 0
2146841668585742 137946042775232 book_end 1 0 0 0 0 0
2146841668585912 137946042775232 coll_beg 0 0 0 0 0 0
2146841668724507 137946042775232 coll_end 0 0 0 0 0 0
2146841668724787 137946042775232 rel_beg 1 0 0 0 0 0
2146841668725017 137946042775232 absorb 263 0 0 0 0 0
2146841668728047 137946042775232 rel_end 1 0 0 0 0 0
2146841668729917 137946042775232 wait_beg 0 0 0 0 0 0
2146841665099759 137946056009600 msgin 263 4718592 0 0 0 0
2146841665100079 137946056009600 enq 263 1 0 0 0 0
2146841668733257 137946056009600 ackslot 263 262 263 262 1 0
2146841668853892 137946056009600 send 18 0 0 262 262 2
2146841669214539 137946056009600 send 155279 0 0 262 262 2
2146841669503238 137946056009600 send 135588 0 0 262 262 2
2146841669506098 137946056009600 send 14 0 0 262 262 2
2146841669506278 137946056009600 egress 263 1 0 262 0 0
2146841669506808 137946056009600 ackregion 263 263 263 262 1 0
2146841670187203 137946056009600 cliack 263 0 264 263 0 0
2146841668748196 137945960937152 emit_beg 263 0 0 0 0 0
2146841668754506 137945960937152 dmg 0 1 0 0 1024 768
2146841668754816 137945960937152 enc 262 262 1 -1 -1 0
2146841668781805 137945960937152 emit_end 263 0 0 0 0 0
2146841680865644 137946042775232 wait_end 0 0 0 0 0 0
2146841680868824 137946042775232 drain_beg 0 0 0 0 0 0
2146841680869084 137946042775232 drain_end 1 0 0 0 0 0
2146841680869324 137946042775232 take 264 0 0 0 0 0
2146841680869604 137946042775232 subm_beg 1 0 0 0 0 0
2146841680870564 137946042775232 submit 264 0 0 0 0 0
2146841680870754 137946042775232 subm_end 1 0 0 0 0 0
2146841680870814 137946042775232 pump_beg 1 0 0 0 0 0
2146841680981500 137946042775232 feedend 263 0 0 0 0 0
2146841681058697 137946042775232 feedend 263 1 0 0 0 0
2146841680852784 137946056009600 msgin 264 4718592 0 0 0 0
2146841680853274 137946056009600 enq 264 1 0 0 0 0
2146841684112245 137946042775232 outfirst 263 1 65536 0 0 0
2146841684440303 137946042775232 outfirst 263 0 65536 0 0 0
2146841684455403 137946042775232 pump_end 1 2 0 0 0 0
2146841684455633 137946042775232 join_beg 1 0 0 0 0 0
2146841684456043 137946042775232 join_end 0 0 0 0 0 0
2146841684456093 137946042775232 book_beg 1 0 0 0 0 0
2146841684456383 137946042775232 batch 264 1 1 2 2 0
2146841684456553 137946042775232 book_end 1 0 0 0 0 0
2146841684459783 137946042775232 coll_beg 0 0 0 0 0 0
2146841684558809 137946042775232 coll_end 0 0 0 0 0 0
2146841684558899 137946042775232 rel_beg 1 0 0 0 0 0
2146841684559179 137946042775232 absorb 264 0 0 0 0 0
2146841684563209 137946042775232 rel_end 1 0 0 0 0 0
2146841684564799 137946042775232 wait_beg 0 0 0 0 0 0
2146841684575479 137946056009600 ackslot 264 263 264 263 1 0
2146841684600998 137946056009600 send 18 0 0 263 263 2
2146841684973864 137946056009600 send 167627 0 0 263 263 2
2146841685348900 137946056009600 send 141072 0 0 263 263 2
2146841685354280 137946056009600 send 14 0 0 263 263 2
2146841685354640 137946056009600 egress 264 1 0 263 0 0
2146841685354790 137946056009600 ackregion 264 264 264 263 1 0
2146841685915820 137946056009600 cliack 264 0 265 264 0 0
2146841684573489 137945960937152 emit_beg 264 0 0 0 0 0
2146841684576669 137945960937152 dmg 0 1 0 0 1024 768
2146841684576849 137945960937152 enc 263 263 1 -1 -1 0
2146841684604308 137945960937152 emit_end 264 0 0 0 0 0
2146841696338999 137946042775232 wait_end 0 0 0 0 0 0
2146841696340699 137946042775232 drain_beg 0 0 0 0 0 0
2146841696340969 137946042775232 drain_end 1 0 0 0 0 0
2146841696341099 137946042775232 take 265 0 0 0 0 0
2146841696341249 137946042775232 subm_beg 1 0 0 0 0 0
2146841696341649 137946042775232 submit 265 0 0 0 0 0
2146841696341779 137946042775232 subm_end 1 0 0 0 0 0
2146841696341819 137946042775232 pump_beg 1 0 0 0 0 0
2146841696474604 137946042775232 feedend 264 0 0 0 0 0
2146841696478014 137946042775232 feedend 264 1 0 0 0 0
2146841699046331 137946042775232 outfirst 264 1 65536 0 0 0
2146841699724246 137946042775232 outfirst 264 0 65536 0 0 0
2146841699742525 137946042775232 pump_end 1 2 0 0 0 0
2146841699742715 137946042775232 join_beg 1 0 0 0 0 0
2146841699742885 137946042775232 join_end 0 0 0 0 0 0
2146841699742965 137946042775232 book_beg 1 0 0 0 0 0
2146841699743125 137946042775232 batch 265 1 1 2 2 0
2146841699743275 137946042775232 book_end 1 0 0 0 0 0
2146841699743295 137946042775232 coll_beg 0 0 0 0 0 0
2146841699837982 137946042775232 coll_end 0 0 0 0 0 0
2146841699838022 137946042775232 rel_beg 1 0 0 0 0 0
2146841699838102 137946042775232 absorb 265 0 0 0 0 0
2146841699839802 137946042775232 rel_end 1 0 0 0 0 0
2146841699840902 137946042775232 wait_beg 0 0 0 0 0 0
2146841696331820 137946056009600 msgin 265 4718592 0 0 0 0
2146841696332210 137946056009600 enq 265 1 0 0 0 0
2146841699850851 137946056009600 ackslot 265 264 265 264 1 0
2146841699926438 137946056009600 send 18 0 0 264 264 2
2146841700485388 137946056009600 send 155406 0 0 264 264 2
2146841700963721 137946056009600 send 107147 0 0 264 264 2
2146841700969121 137946056009600 send 14 0 0 264 264 2
2146841700969381 137946056009600 egress 265 1 0 264 0 0
2146841700969461 137946056009600 ackregion 265 265 265 264 1 0
2146841701607157 137946056009600 cliack 265 0 266 265 0 0
2146841699858551 137945960937152 emit_beg 265 0 0 0 0 0
2146841699864321 137945960937152 dmg 0 1 0 0 1024 768
2146841699864571 137945960937152 enc 264 264 1 -1 -1 0
2146841699888520 137945960937152 emit_end 265 0 0 0 0 0
2146841712918834 137946042775232 wait_end 0 0 0 0 0 0
2146841712921344 137946042775232 drain_beg 0 0 0 0 0 0
2146841712921774 137946042775232 drain_end 1 0 0 0 0 0
2146841712921894 137946042775232 take 266 0 0 0 0 0
2146841712922164 137946042775232 subm_beg 1 0 0 0 0 0
2146841712922364 137946042775232 submit 266 0 0 0 0 0
2146841712922534 137946042775232 subm_end 1 0 0 0 0 0
2146841712922594 137946042775232 pump_beg 1 0 0 0 0 0
2146841713072489 137946042775232 feedend 265 0 0 0 0 0
2146841713078059 137946042775232 feedend 265 1 0 0 0 0
2146841712907575 137946056009600 msgin 266 4718592 0 0 0 0
2146841712907935 137946056009600 enq 266 1 0 0 0 0
2146841716497364 137946042775232 outfirst 265 1 65536 0 0 0
2146841717105982 137946042775232 outfirst 265 0 65536 0 0 0
2146841717157100 137946042775232 pump_end 1 2 0 0 0 0
2146841717157300 137946042775232 join_beg 1 0 0 0 0 0
2146841717157580 137946042775232 join_end 0 0 0 0 0 0
2146841717157700 137946042775232 book_beg 1 0 0 0 0 0
2146841717157960 137946042775232 batch 266 1 1 2 2 0
2146841717158120 137946042775232 book_end 1 0 0 0 0 0
2146841717158280 137946042775232 coll_beg 0 0 0 0 0 0
2146841717307874 137946042775232 coll_end 0 0 0 0 0 0
2146841717308034 137946042775232 rel_beg 1 0 0 0 0 0
2146841717308334 137946042775232 absorb 266 0 0 0 0 0
2146841717310304 137946042775232 rel_end 1 0 0 0 0 0
2146841717311344 137946042775232 wait_beg 0 0 0 0 0 0
2146841717333773 137946056009600 ackslot 266 265 266 265 1 0
2146841717383512 137946056009600 send 18 0 0 265 265 2
2146841718147734 137946056009600 send 217819 0 0 265 265 2
2146841718603707 137946056009600 send 184851 0 0 265 265 2
2146841718607297 137946056009600 send 14 0 0 265 265 2
2146841718607557 137946056009600 egress 266 1 0 265 0 0
2146841718610837 137946056009600 ackregion 266 266 266 265 1 0
2146841718851338 137946056009600 cliack 266 0 267 266 0 0
2146841717327094 137945960937152 emit_beg 266 0 0 0 0 0
2146841717329984 137945960937152 dmg 0 1 0 0 1024 768
2146841717330304 137945960937152 enc 265 265 1 -1 -1 0
2146841717366992 137945960937152 emit_end 266 0 0 0 0 0
2146841728542494 137946042775232 wait_end 0 0 0 0 0 0
2146841728544924 137946042775232 drain_beg 0 0 0 0 0 0
2146841728545244 137946042775232 drain_end 1 0 0 0 0 0
2146841728545394 137946042775232 take 267 0 0 0 0 0
2146841728545614 137946042775232 subm_beg 1 0 0 0 0 0
2146841728545844 137946042775232 submit 267 0 0 0 0 0
2146841728546014 137946042775232 subm_end 1 0 0 0 0 0
2146841728546074 137946042775232 pump_beg 1 0 0 0 0 0
2146841728683139 137946042775232 feedend 266 0 0 0 0 0
2146841728695789 137946042775232 feedend 266 1 0 0 0 0
2146841731529695 137946042775232 outfirst 266 1 65536 0 0 0
2146841732120674 137946042775232 outfirst 266 0 65536 0 0 0
2146841732152163 137946042775232 pump_end 1 2 0 0 0 0
2146841732152353 137946042775232 join_beg 1 0 0 0 0 0
2146841732152573 137946042775232 join_end 0 0 0 0 0 0
2146841732152693 137946042775232 book_beg 1 0 0 0 0 0
2146841732152903 137946042775232 batch 267 1 1 2 2 0
2146841732153063 137946042775232 book_end 1 0 0 0 0 0
2146841732153113 137946042775232 coll_beg 0 0 0 0 0 0
2146841732285228 137946042775232 coll_end 0 0 0 0 0 0
2146841732285358 137946042775232 rel_beg 1 0 0 0 0 0
2146841732285498 137946042775232 absorb 267 0 0 0 0 0
2146841732287728 137946042775232 rel_end 1 0 0 0 0 0
2146841732289638 137946042775232 wait_beg 0 0 0 0 0 0
2146841728521815 137946056009600 msgin 267 4718592 0 0 0 0
2146841728522125 137946056009600 enq 267 1 0 0 0 0
2146841732294558 137946056009600 ackslot 267 266 267 266 1 0
2146841732394734 137946056009600 send 18 0 0 266 266 2
2146841732948584 137946056009600 send 157772 0 0 266 266 2
2146841733343149 137946056009600 send 130720 0 0 266 266 2
2146841733346309 137946056009600 send 14 0 0 266 266 2
2146841733346499 137946056009600 egress 267 1 0 266 0 0
2146841733346619 137946056009600 ackregion 267 267 267 266 1 0
2146841733948917 137946056009600 cliack 267 0 268 267 0 0
2146841732307627 137945960937152 emit_beg 267 0 0 0 0 0
2146841732314527 137945960937152 dmg 0 1 0 0 1024 768
2146841732314767 137945960937152 enc 266 266 1 -1 -1 0
2146841732339516 137945960937152 emit_end 267 0 0 0 0 0
2146841745492456 137946042775232 wait_end 0 0 0 0 0 0
2146841745495116 137946042775232 drain_beg 0 0 0 0 0 0
2146841745495496 137946042775232 drain_end 1 0 0 0 0 0
2146841745495706 137946042775232 take 268 0 0 0 0 0
2146841745496166 137946042775232 subm_beg 1 0 0 0 0 0
2146841745497436 137946042775232 submit 268 0 0 0 0 0
2146841745497596 137946042775232 subm_end 1 0 0 0 0 0
2146841745497626 137946042775232 pump_beg 1 0 0 0 0 0
2146841745632901 137946042775232 feedend 267 0 0 0 0 0
2146841745671860 137946042775232 feedend 267 1 0 0 0 0
2146841748713179 137946042775232 outfirst 267 1 65536 0 0 0
2146841749148343 137946042775232 outfirst 267 0 65536 0 0 0
2146841749167162 137946042775232 pump_end 1 2 0 0 0 0
2146841749167342 137946042775232 join_beg 1 0 0 0 0 0
2146841749167782 137946042775232 join_end 0 0 0 0 0 0
2146841749167842 137946042775232 book_beg 1 0 0 0 0 0
2146841749168092 137946042775232 batch 268 1 1 2 2 0
2146841749168132 137946042775232 book_end 1 0 0 0 0 0
2146841749168152 137946042775232 coll_beg 0 0 0 0 0 0
2146841749253949 137946042775232 coll_end 0 0 0 0 0 0
2146841749254129 137946042775232 rel_beg 1 0 0 0 0 0
2146841749254509 137946042775232 absorb 268 0 0 0 0 0
2146841749258239 137946042775232 rel_end 1 0 0 0 0 0
2146841749260239 137946042775232 wait_beg 0 0 0 0 0 0
2146841745478157 137946056009600 msgin 268 4718592 0 0 0 0
2146841745479897 137946056009600 enq 268 1 0 0 0 0
2146841749270978 137946056009600 ackslot 268 267 268 267 1 0
2146841749306697 137946056009600 send 18 0 0 267 267 2
2146841749712752 137946056009600 send 166175 0 0 267 267 2
2146841750056280 137946056009600 send 144234 0 0 267 267 2
2146841750059869 137946056009600 send 14 0 0 267 267 2
2146841750060059 137946056009600 egress 268 1 0 267 0 0
2146841750060209 137946056009600 ackregion 268 268 268 267 1 0
2146841750390717 137946056009600 cliack 268 0 269 268 0 0
2146841749266178 137945960937152 emit_beg 268 0 0 0 0 0
2146841749271068 137945960937152 dmg 0 1 0 0 1024 768
2146841749271228 137945960937152 enc 267 267 1 -1 -1 0
2146841749297297 137945960937152 emit_end 268 0 0 0 0 0
2146841760889434 137946042775232 wait_end 0 0 0 0 0 0
2146841760891224 137946042775232 drain_beg 0 0 0 0 0 0
2146841760891554 137946042775232 drain_end 1 0 0 0 0 0
2146841760891884 137946042775232 take 269 0 0 0 0 0
2146841760892144 137946042775232 subm_beg 1 0 0 0 0 0
2146841760892724 137946042775232 submit 269 0 0 0 0 0
2146841760892864 137946042775232 subm_end 1 0 0 0 0 0
2146841760892884 137946042775232 pump_beg 1 0 0 0 0 0
2146841761011550 137946042775232 feedend 268 0 0 0 0 0
2146841761101327 137946042775232 feedend 268 1 0 0 0 0
2146841764149215 137946042775232 outfirst 268 1 65536 0 0 0
2146841760872255 137946056009600 msgin 269 4718592 0 0 0 0
2146841760872925 137946056009600 enq 269 1 0 0 0 0
2146841764553151 137946042775232 outfirst 268 0 65536 0 0 0
2146841764567830 137946042775232 pump_end 1 2 0 0 0 0
2146841764568080 137946042775232 join_beg 1 0 0 0 0 0
2146841764568390 137946042775232 join_end 0 0 0 0 0 0
2146841764568500 137946042775232 book_beg 1 0 0 0 0 0
2146841764568680 137946042775232 batch 269 1 1 2 2 0
2146841764568850 137946042775232 book_end 1 0 0 0 0 0
2146841764569020 137946042775232 coll_beg 0 0 0 0 0 0
2146841764672266 137946042775232 coll_end 0 0 0 0 0 0
2146841764672526 137946042775232 rel_beg 1 0 0 0 0 0
2146841764672846 137946042775232 absorb 269 0 0 0 0 0
2146841764675766 137946042775232 rel_end 1 0 0 0 0 0
2146841764677086 137946042775232 wait_beg 0 0 0 0 0 0
2146841764686006 137946056009600 ackslot 269 268 269 268 1 0
2146841764699955 137946056009600 send 18 0 0 268 268 2
2146841765095201 137946056009600 send 170309 0 0 268 268 2
2146841765431489 137946056009600 send 143420 0 0 268 268 2
2146841765435409 137946056009600 send 14 0 0 268 268 2
2146841765435669 137946056009600 egress 269 1 0 268 0 0
2146841765435809 137946056009600 ackregion 269 269 269 268 1 0
2146841765988518 137946056009600 cliack 269 0 270 269 0 0
2146841764681076 137945960937152 emit_beg 269 0 0 0 0 0
2146841764683396 137945960937152 dmg 0 1 0 0 1024 768
2146841764683546 137945960937152 enc 268 268 1 -1 -1 0
2146841764712545 137945960937152 emit_end 269 0 0 0 0 0
2146841776476786 137946042775232 wait_end 0 0 0 0 0 0
2146841776479786 137946042775232 drain_beg 0 0 0 0 0 0
2146841776480246 137946042775232 drain_end 1 0 0 0 0 0
2146841776480526 137946042775232 take 270 0 0 0 0 0
2146841776481136 137946042775232 subm_beg 1 0 0 0 0 0
2146841776482045 137946042775232 submit 270 0 0 0 0 0
2146841776482275 137946042775232 subm_end 1 0 0 0 0 0
2146841776482315 137946042775232 pump_beg 1 0 0 0 0 0
2146841776598171 137946042775232 feedend 269 0 0 0 0 0
2146841776680278 137946042775232 feedend 269 1 0 0 0 0
2146841779589692 137946042775232 outfirst 269 1 65536 0 0 0
2146841779935819 137946042775232 outfirst 269 0 65536 0 0 0
2146841779951109 137946042775232 pump_end 1 2 0 0 0 0
2146841779951289 137946042775232 join_beg 1 0 0 0 0 0
2146841779951589 137946042775232 join_end 0 0 0 0 0 0
2146841779951669 137946042775232 book_beg 1 0 0 0 0 0
2146841779951839 137946042775232 batch 270 1 1 2 2 0
2146841779951979 137946042775232 book_end 1 0 0 0 0 0
2146841779952139 137946042775232 coll_beg 0 0 0 0 0 0
2146841780087334 137946042775232 coll_end 0 0 0 0 0 0
2146841780087644 137946042775232 rel_beg 1 0 0 0 0 0
2146841780088004 137946042775232 absorb 270 0 0 0 0 0
2146841780091144 137946042775232 rel_end 1 0 0 0 0 0
2146841780092634 137946042775232 wait_beg 0 0 0 0 0 0
2146841776462406 137946056009600 msgin 270 4718592 0 0 0 0
2146841776462726 137946056009600 enq 270 1 0 0 0 0
2146841780100683 137946056009600 ackslot 270 269 270 269 1 0
2146841780216589 137946056009600 send 18 0 0 269 269 2
2146841780772009 137946056009600 send 151010 0 0 269 269 2
2146841781246852 137946056009600 send 131455 0 0 269 269 2
2146841781252552 137946056009600 send 14 0 0 269 269 2
2146841781252951 137946056009600 egress 270 1 0 269 0 0
2146841781253401 137946056009600 ackregion 270 270 270 269 1 0
2146841782092091 137946056009600 cliack 270 0 271 270 0 0
2146841780109863 137945960937152 emit_beg 270 0 0 0 0 0
2146841780116203 137945960937152 dmg 0 1 0 0 1024 768
2146841780116443 137945960937152 enc 269 269 1 -1 -1 0
2146841780147352 137945960937152 emit_end 270 0 0 0 0 0
2146841793003333 137946042775232 wait_end 0 0 0 0 0 0
2146841793006543 137946042775232 drain_beg 0 0 0 0 0 0
2146841793007023 137946042775232 drain_end 1 0 0 0 0 0
2146841793007213 137946042775232 take 271 0 0 0 0 0
2146841793007663 137946042775232 subm_beg 1 0 0 0 0 0
2146841793007973 137946042775232 submit 271 0 0 0 0 0
2146841793008113 137946042775232 subm_end 1 0 0 0 0 0
2146841793008153 137946042775232 pump_beg 1 0 0 0 0 0
2146841793186606 137946042775232 feedend 270 0 0 0 0 0
2146841793192546 137946042775232 feedend 270 1 0 0 0 0
2146841792979944 137946056009600 msgin 271 4718592 0 0 0 0
2146841792980384 137946056009600 enq 271 1 0 0 0 0
2146841797035316 137946042775232 outfirst 270 1 65536 0 0 0
2146841797390323 137946042775232 outfirst 270 0 65536 0 0 0
2146841797417022 137946042775232 pump_end 1 2 0 0 0 0
2146841797417212 137946042775232 join_beg 1 0 0 0 0 0
2146841797417382 137946042775232 join_end 0 0 0 0 0 0
2146841797417502 137946042775232 book_beg 1 0 0 0 0 0
2146841797417702 137946042775232 batch 271 1 1 2 2 0
2146841797417852 137946042775232 book_end 1 0 0 0 0 0
2146841797418002 137946042775232 coll_beg 0 0 0 0 0 0
2146841797571746 137946042775232 coll_end 0 0 0 0 0 0
2146841797571906 137946042775232 rel_beg 1 0 0 0 0 0
2146841797574956 137946042775232 absorb 271 0 0 0 0 0
2146841797577566 137946042775232 rel_end 1 0 0 0 0 0
2146841797579386 137946042775232 wait_beg 0 0 0 0 0 0
2146841797587966 137946056009600 ackslot 271 270 271 270 1 0
2146841797609895 137946056009600 send 18 0 0 270 270 2
2146841798167494 137946056009600 send 243015 0 0 270 270 2
2146841798658136 137946056009600 send 219237 0 0 270 270 2
2146841798662576 137946056009600 send 14 0 0 270 270 2
2146841798662836 137946056009600 egress 271 1 0 270 0 0
2146841798662966 137946056009600 ackregion 271 271 271 270 1 0
2146841799376360 137946056009600 cliack 271 0 272 271 0 0
2146841797583566 137945960937152 emit_beg 271 0 0 0 0 0
2146841797585886 137945960937152 dmg 0 1 0 0 1024 768
2146841797586036 137945960937152 enc 270 270 1 -1 -1 0
2146841797621384 137945960937152 emit_end 271 0 0 0 0 0
2146841809403944 137946042775232 wait_end 0 0 0 0 0 0
2146841809407274 137946042775232 drain_beg 0 0 0 0 0 0
2146841809407904 137946042775232 drain_end 1 0 0 0 0 0
2146841809408174 137946042775232 take 272 0 0 0 0 0
2146841809408664 137946042775232 subm_beg 1 0 0 0 0 0
2146841809409444 137946042775232 submit 272 0 0 0 0 0
2146841809409534 137946042775232 subm_end 1 0 0 0 0 0
2146841809409614 137946042775232 pump_beg 1 0 0 0 0 0
2146841809515260 137946042775232 feedend 271 0 0 0 0 0
2146841809570298 137946042775232 feedend 271 1 0 0 0 0
2146841812551520 137946042775232 outfirst 271 1 65536 0 0 0
2146841813110429 137946042775232 outfirst 271 0 65536 0 0 0
2146841813132218 137946042775232 pump_end 1 2 0 0 0 0
2146841813132418 137946042775232 join_beg 1 0 0 0 0 0
2146841813132798 137946042775232 join_end 0 0 0 0 0 0
2146841813132988 137946042775232 book_beg 1 0 0 0 0 0
2146841813133218 137946042775232 batch 272 1 1 2 2 0
2146841813133358 137946042775232 book_end 1 0 0 0 0 0
2146841813133498 137946042775232 coll_beg 0 0 0 0 0 0
2146841813272133 137946042775232 coll_end 0 0 0 0 0 0
2146841813272403 137946042775232 rel_beg 1 0 0 0 0 0
2146841813272743 137946042775232 absorb 272 0 0 0 0 0
2146841813276973 137946042775232 rel_end 1 0 0 0 0 0
2146841813280753 137946042775232 wait_beg 0 0 0 0 0 0
2146841809377315 137946056009600 msgin 272 4718592 0 0 0 0
2146841809378015 137946056009600 enq 272 1 0 0 0 0
2146841813287473 137946056009600 ackslot 272 271 272 271 1 0
2146841813329461 137946056009600 send 18 0 0 271 271 2
2146841813681388 137946056009600 send 159296 0 0 271 271 2
2146841813969758 137946056009600 send 138667 0 0 271 271 2
2146841813972928 137946056009600 send 14 0 0 271 271 2
2146841813973098 137946056009600 egress 272 1 0 271 0 0
2146841813973278 137946056009600 ackregion 272 272 272 271 1 0
2146841813300012 137945960937152 emit_beg 272 0 0 0 0 0
2146841813310102 137945960937152 dmg 0 1 0 0 1024 768
2146841813310302 137945960937152 enc 271 271 1 -1 -1 0
2146841813340721 137945960937152 emit_end 272 0 0 0 0 0
2146841814691851 137946056009600 cliack 272 0 273 272 0 0
2146841825390341 137946042775232 wait_end 0 0 0 0 0 0
2146841825394051 137946042775232 drain_beg 0 0 0 0 0 0
2146841825394381 137946042775232 drain_end 1 0 0 0 0 0
2146841825394641 137946042775232 take 273 0 0 0 0 0
2146841825395201 137946042775232 subm_beg 1 0 0 0 0 0
2146841825395431 137946042775232 submit 273 0 0 0 0 0
2146841825395701 137946042775232 subm_end 1 0 0 0 0 0
2146841825395751 137946042775232 pump_beg 1 0 0 0 0 0
2146841825520427 137946042775232 feedend 272 0 0 0 0 0
2146841825563365 137946042775232 feedend 272 1 0 0 0 0
2146841828653812 137946042775232 outfirst 272 1 65536 0 0 0
2146841829135725 137946042775232 outfirst 272 0 65536 0 0 0
2146841829186523 137946042775232 pump_end 1 2 0 0 0 0
2146841829186713 137946042775232 join_beg 1 0 0 0 0 0
2146841829187013 137946042775232 join_end 0 0 0 0 0 0
2146841829187183 137946042775232 book_beg 1 0 0 0 0 0
2146841829187453 137946042775232 batch 273 1 1 2 2 0
2146841829187603 137946042775232 book_end 1 0 0 0 0 0
2146841829187763 137946042775232 coll_beg 0 0 0 0 0 0
2146841829307098 137946042775232 coll_end 0 0 0 0 0 0
2146841829307378 137946042775232 rel_beg 1 0 0 0 0 0
2146841829307808 137946042775232 absorb 273 0 0 0 0 0
2146841829311528 137946042775232 rel_end 1 0 0 0 0 0
2146841829312928 137946042775232 wait_beg 0 0 0 0 0 0
2146841825366392 137946056009600 msgin 273 4718592 0 0 0 0
2146841825367212 137946056009600 enq 273 1 0 0 0 0
2146841829320758 137946056009600 ackslot 273 272 273 272 1 0
2146841829349847 137946056009600 send 18 0 0 272 272 2
2146841829714503 137946056009600 send 172103 0 0 272 272 2
2146841830039442 137946056009600 send 151834 0 0 272 272 2
2146841830042581 137946056009600 send 14 0 0 272 272 2
2146841830042831 137946056009600 egress 273 1 0 272 0 0
2146841830042971 137946056009600 ackregion 273 273 273 272 1 0
2146841830802284 137946056009600 cliack 273 0 274 273 0 0
2146841829331127 137945960937152 emit_beg 273 0 0 0 0 0
2146841829335027 137945960937152 dmg 0 1 0 0 1024 768
2146841829335237 137945960937152 enc 272 272 1 -1 -1 0
2146841829363546 137945960937152 emit_end 273 0 0 0 0 0
2146841841930018 137946042775232 wait_end 0 0 0 0 0 0
2146841841932138 137946042775232 drain_beg 0 0 0 0 0 0
2146841841932578 137946042775232 drain_end 1 0 0 0 0 0
2146841841933018 137946042775232 take 274 0 0 0 0 0
2146841841933558 137946042775232 subm_beg 1 0 0 0 0 0
2146841841934478 137946042775232 submit 274 0 0 0 0 0
2146841841934628 137946042775232 subm_end 1 0 0 0 0 0
2146841841934668 137946042775232 pump_beg 1 0 0 0 0 0
2146841842062803 137946042775232 feedend 273 0 0 0 0 0
2146841842093562 137946042775232 feedend 273 1 0 0 0 0
2146841841917238 137946056009600 msgin 274 4718592 0 0 0 0
2146841841917958 137946056009600 enq 274 1 0 0 0 0
2146841845082323 137946042775232 outfirst 273 1 65536 0 0 0
2146841845607224 137946042775232 outfirst 273 0 65536 0 0 0
2146841845649642 137946042775232 pump_end 1 2 0 0 0 0
2146841845649802 137946042775232 join_beg 1 0 0 0 0 0
2146841845650112 137946042775232 join_end 0 0 0 0 0 0
2146841845650242 137946042775232 book_beg 1 0 0 0 0 0
2146841845650442 137946042775232 batch 274 1 1 2 2 0
2146841845650612 137946042775232 book_end 1 0 0 0 0 0
2146841845650782 137946042775232 coll_beg 0 0 0 0 0 0
2146841845759758 137946042775232 coll_end 0 0 0 0 0 0
2146841845760028 137946042775232 rel_beg 1 0 0 0 0 0
2146841845760398 137946042775232 absorb 274 0 0 0 0 0
2146841845763708 137946042775232 rel_end 1 0 0 0 0 0
2146841845764758 137946042775232 wait_beg 0 0 0 0 0 0
2146841845772928 137946056009600 ackslot 274 273 274 273 1 0
2146841845795387 137946056009600 send 18 0 0 273 273 2
2146841846159823 137946056009600 send 165944 0 0 273 273 2
2146841846452633 137946056009600 send 140671 0 0 273 273 2
2146841846457413 137946056009600 send 14 0 0 273 273 2
2146841846457643 137946056009600 egress 274 1 0 273 0 0
2146841846457823 137946056009600 ackregion 274 274 274 273 1 0
2146841847387789 137946056009600 cliack 274 0 275 274 0 0
2146841845782447 137945960937152 emit_beg 274 0 0 0 0 0
2146841845785587 137945960937152 dmg 0 1 0 0 1024 768
2146841845785757 137945960937152 enc 273 273 1 -1 -1 0
2146841845809626 137945960937152 emit_end 274 0 0 0 0 0
2146841857384424 137946042775232 wait_end 0 0 0 0 0 0
2146841857385904 137946042775232 drain_beg 0 0 0 0 0 0
2146841857386104 137946042775232 drain_end 1 0 0 0 0 0
2146841857386244 137946042775232 take 275 0 0 0 0 0
2146841857386644 137946042775232 subm_beg 1 0 0 0 0 0
2146841857386834 137946042775232 submit 275 0 0 0 0 0
2146841857387084 137946042775232 subm_end 1 0 0 0 0 0
2146841857387114 137946042775232 pump_beg 1 0 0 0 0 0
2146841857508139 137946042775232 feedend 274 0 0 0 0 0
2146841857529079 137946042775232 feedend 274 1 0 0 0 0
2146841860355066 137946042775232 outfirst 274 1 65536 0 0 0
2146841860945774 137946042775232 outfirst 274 0 65536 0 0 0
2146841860985153 137946042775232 pump_end 1 2 0 0 0 0
2146841860985233 137946042775232 join_beg 1 0 0 0 0 0
2146841860985523 137946042775232 join_end 0 0 0 0 0 0
2146841860985593 137946042775232 book_beg 1 0 0 0 0 0
2146841860985753 137946042775232 batch 275 1 1 2 2 0
2146841860985893 137946042775232 book_end 1 0 0 0 0 0
2146841860985943 137946042775232 coll_beg 0 0 0 0 0 0
2146841861147707 137946042775232 coll_end 0 0 0 0 0 0
2146841861147897 137946042775232 rel_beg 1 0 0 0 0 0
2146841861148247 137946042775232 absorb 275 0 0 0 0 0
2146841861152887 137946042775232 rel_end 1 0 0 0 0 0
2146841861154356 137946042775232 wait_beg 0 0 0 0 0 0
2146841857374514 137946056009600 msgin 275 4718592 0 0 0 0
2146841857375304 137946056009600 enq 275 1 0 0 0 0
2146841861162506 137946056009600 ackslot 275 274 275 274 1 0
2146841861188895 137946056009600 send 18 0 0 274 274 2
2146841861526393 137946056009600 send 158900 0 0 274 274 2
2146841861795183 137946056009600 send 129483 0 0 274 274 2
2146841861798193 137946056009600 send 14 0 0 274 274 2
2146841861798293 137946056009600 egress 275 1 0 274 0 0
2146841861798323 137946056009600 ackregion 275 275 275 274 1 0
2146841862567015 137946056009600 cliack 275 0 276 275 0 0
2146841861173896 137945960937152 emit_beg 275 0 0 0 0 0
2146841861178566 137945960937152 dmg 0 1 0 0 1024 768
2146841861178746 137945960937152 enc 274 274 1 -1 -1 0
2146841861199045 137945960937152 emit_end 275 0 0 0 0 0
2146841874272268 137946042775232 wait_end 0 0 0 0 0 0
2146841874274718 137946042775232 drain_beg 0 0 0 0 0 0
2146841874274948 137946042775232 drain_end 1 0 0 0 0 0
2146841874275118 137946042775232 take 276 0 0 0 0 0
2146841874275488 137946042775232 subm_beg 1 0 0 0 0 0
2146841874275888 137946042775232 submit 276 0 0 0 0 0
2146841874276048 137946042775232 subm_end 1 0 0 0 0 0
2146841874276108 137946042775232 pump_beg 1 0 0 0 0 0
2146841874394443 137946042775232 feedend 275 0 0 0 0 0
2146841874454241 137946042775232 feedend 275 1 0 0 0 0
2146841874250199 137946056009600 msgin 276 4718592 0 0 0 0
2146841874250739 137946056009600 enq 276 1 0 0 0 0
2146841877530439 137946042775232 outfirst 275 1 65536 0 0 0
2146841877937414 137946042775232 outfirst 275 0 65536 0 0 0
2146841877966113 137946042775232 pump_end 1 2 0 0 0 0
2146841877966293 137946042775232 join_beg 1 0 0 0 0 0
2146841877966583 137946042775232 join_end 0 0 0 0 0 0
2146841877966793 137946042775232 book_beg 1 0 0 0 0 0
2146841877967213 137946042775232 batch 276 1 1 2 2 0
2146841877967383 137946042775232 book_end 1 0 0 0 0 0
2146841877967563 137946042775232 coll_beg 0 0 0 0 0 0
2146841878144677 137946042775232 coll_end 0 0 0 0 0 0
2146841878144987 137946042775232 rel_beg 1 0 0 0 0 0
2146841878145367 137946042775232 absorb 276 0 0 0 0 0
2146841878149876 137946042775232 rel_end 1 0 0 0 0 0
2146841878151586 137946042775232 wait_beg 0 0 0 0 0 0
2146841878159696 137946056009600 ackslot 276 275 276 275 1 0
2146841878182665 137946056009600 send 18 0 0 275 275 2
2146841878553802 137946056009600 send 168987 0 0 275 275 2
2146841878852021 137946056009600 send 141294 0 0 275 275 2
2146841878855171 137946056009600 send 14 0 0 275 275 2
2146841878855451 137946056009600 egress 276 1 0 275 0 0
2146841878855581 137946056009600 ackregion 276 276 276 275 1 0
2146841879652882 137946056009600 cliack 276 0 277 276 0 0
2146841878169116 137945960937152 emit_beg 276 0 0 0 0 0
2146841878172446 137945960937152 dmg 0 1 0 0 1024 768
2146841878172596 137945960937152 enc 275 275 1 -1 -1 0
2146841878195435 137945960937152 emit_end 276 0 0 0 0 0
2146841889515052 137946042775232 wait_end 0 0 0 0 0 0
2146841889517572 137946042775232 drain_beg 0 0 0 0 0 0
2146841889517862 137946042775232 drain_end 1 0 0 0 0 0
2146841889518022 137946042775232 take 277 0 0 0 0 0
2146841889518332 137946042775232 subm_beg 1 0 0 0 0 0
2146841889518692 137946042775232 submit 277 0 0 0 0 0
2146841889518852 137946042775232 subm_end 1 0 0 0 0 0
2146841889518882 137946042775232 pump_beg 1 0 0 0 0 0
2146841889636317 137946042775232 feedend 276 0 0 0 0 0
2146841889701235 137946042775232 feedend 276 1 0 0 0 0
2146841892960616 137946042775232 outfirst 276 1 65536 0 0 0
2146841893277764 137946042775232 outfirst 276 0 65536 0 0 0
2146841893305313 137946042775232 pump_end 1 2 0 0 0 0
2146841893305483 137946042775232 join_beg 1 0 0 0 0 0
2146841893305833 137946042775232 join_end 0 0 0 0 0 0
2146841893305933 137946042775232 book_beg 1 0 0 0 0 0
2146841893306293 137946042775232 batch 277 1 1 2 2 0
2146841893306463 137946042775232 book_end 1 0 0 0 0 0
2146841893306633 137946042775232 coll_beg 0 0 0 0 0 0
2146841893448278 137946042775232 coll_end 0 0 0 0 0 0
2146841893448558 137946042775232 rel_beg 1 0 0 0 0 0
2146841893448908 137946042775232 absorb 277 0 0 0 0 0
2146841893452598 137946042775232 rel_end 1 0 0 0 0 0
2146841893454028 137946042775232 wait_beg 0 0 0 0 0 0
2146841889493023 137946056009600 msgin 277 4718592 0 0 0 0
2146841889493303 137946056009600 enq 277 1 0 0 0 0
2146841893461398 137946056009600 ackslot 277 276 277 276 1 0
2146841893489137 137946056009600 send 18 0 0 276 276 2
2146841893885192 137946056009600 send 184396 0 0 276 276 2
2146841894254109 137946056009600 send 167202 0 0 276 276 2
2146841894257529 137946056009600 send 14 0 0 276 276 2
2146841894257639 137946056009600 egress 277 1 0 276 0 0
2146841894257779 137946056009600 ackregion 277 277 277 276 1 0
2146841894981122 137946056009600 cliack 277 0 278 277 0 0
2146841893470717 137945960937152 emit_beg 277 0 0 0 0 0
2146841893473887 137945960937152 dmg 0 1 0 0 1024 768
2146841893474067 137945960937152 enc 276 276 1 -1 -1 0
2146841893499366 137945960937152 emit_end 277 0 0 0 0 0
2146841905494849 137946042775232 wait_end 0 0 0 0 0 0
2146841905497529 137946042775232 drain_beg 0 0 0 0 0 0
2146841905497759 137946042775232 drain_end 1 0 0 0 0 0
2146841905497899 137946042775232 take 278 0 0 0 0 0
2146841905498079 137946042775232 subm_beg 1 0 0 0 0 0
2146841905498619 137946042775232 submit 278 0 0 0 0 0
2146841905498779 137946042775232 subm_end 1 0 0 0 0 0
2146841905498839 137946042775232 pump_beg 1 0 0 0 0 0
2146841905607805 137946042775232 feedend 277 0 0 0 0 0
2146841905663653 137946042775232 feedend 277 1 0 0 0 0
2146841908227939 137946042775232 outfirst 277 1 65536 0 0 0
2146841908700532 137946042775232 outfirst 277 0 65536 0 0 0
2146841908720271 137946042775232 pump_end 1 2 0 0 0 0
2146841908720461 137946042775232 join_beg 1 0 0 0 0 0
2146841908720771 137946042775232 join_end 0 0 0 0 0 0
2146841908720891 137946042775232 book_beg 1 0 0 0 0 0
2146841908721211 137946042775232 batch 278 1 1 2 2 0
2146841908721391 137946042775232 book_end 1 0 0 0 0 0
2146841908721561 137946042775232 coll_beg 0 0 0 0 0 0
2146841908801338 137946042775232 coll_end 0 0 0 0 0 0
2146841908801488 137946042775232 rel_beg 1 0 0 0 0 0
2146841908801808 137946042775232 absorb 278 0 0 0 0 0
2146841908805618 137946042775232 rel_end 1 0 0 0 0 0
2146841908807018 137946042775232 wait_beg 0 0 0 0 0 0
2146841905474190 137946056009600 msgin 278 4718592 0 0 0 0
2146841905474430 137946056009600 enq 278 1 0 0 0 0
2146841908816768 137946056009600 ackslot 278 277 278 277 1 0
2146841908849296 137946056009600 send 18 0 0 277 277 2
2146841909249172 137946056009600 send 120068 0 0 277 277 2
2146841909612509 137946056009600 send 99684 0 0 277 277 2
2146841909618768 137946056009600 send 14 0 0 277 277 2
2146841909619218 137946056009600 egress 278 1 0 277 0 0
2146841909619468 137946056009600 ackregion 278 278 278 277 1 0
2146841909863869 137946056009600 cliack 278 0 279 278 0 0
2146841908825247 137945960937152 emit_beg 278 0 0 0 0 0
2146841908830827 137945960937152 dmg 0 1 0 0 1024 768
2146841908830997 137945960937152 enc 277 277 1 -1 -1 0
2146841908851136 137945960937152 emit_end 278 0 0 0 0 0
2146841921965478 137946042775232 wait_end 0 0 0 0 0 0
2146841921967608 137946042775232 drain_beg 0 0 0 0 0 0
2146841921967908 137946042775232 drain_end 1 0 0 0 0 0
2146841921968058 137946042775232 take 279 0 0 0 0 0
2146841921968258 137946042775232 subm_beg 1 0 0 0 0 0
2146841921968668 137946042775232 submit 279 0 0 0 0 0
2146841921968828 137946042775232 subm_end 1 0 0 0 0 0
2146841921968878 137946042775232 pump_beg 1 0 0 0 0 0
2146841922124522 137946042775232 feedend 278 0 0 0 0 0
2146841922195009 137946042775232 feedend 278 1 0 0 0 0
2146841925101313 137946042775232 outfirst 278 1 65536 0 0 0
2146841921943839 137946056009600 msgin 279 4718592 0 0 0 0
2146841921944229 137946056009600 enq 279 1 0 0 0 0
2146841925611895 137946042775232 outfirst 278 0 65536 0 0 0
2146841925650003 137946042775232 pump_end 1 2 0 0 0 0
2146841925650163 137946042775232 join_beg 1 0 0 0 0 0
2146841925650293 137946042775232 join_end 0 0 0 0 0 0
2146841925650383 137946042775232 book_beg 1 0 0 0 0 0
2146841925650623 137946042775232 batch 279 1 1 2 2 0
2146841925650783 137946042775232 book_end 1 0 0 0 0 0
2146841925650953 137946042775232 coll_beg 0 0 0 0 0 0
2146841925770889 137946042775232 coll_end 0 0 0 0 0 0
2146841925771089 137946042775232 rel_beg 1 0 0 0 0 0
2146841925771429 137946042775232 absorb 279 0 0 0 0 0
2146841925775019 137946042775232 rel_end 1 0 0 0 0 0
2146841925776189 137946042775232 wait_beg 0 0 0 0 0 0
2146841925800808 137946056009600 ackslot 279 278 279 278 1 0
2146841925833097 137946056009600 send 18 0 0 278 278 2
2146841926366667 137946056009600 send 170437 0 0 278 278 2
2146841926655197 137946056009600 send 132954 0 0 278 278 2
2146841926658537 137946056009600 send 14 0 0 278 278 2
2146841926658717 137946056009600 egress 279 1 0 278 0 0
2146841926658857 137946056009600 ackregion 279 279 279 278 1 0
2146841927075092 137946056009600 cliack 279 0 280 279 0 0
2146841925793418 137945960937152 emit_beg 279 0 0 0 0 0
2146841925795188 137945960937152 dmg 0 1 0 0 1024 768
2146841925795338 137945960937152 enc 278 278 1 -1 -1 0
2146841925820277 137945960937152 emit_end 279 0 0 0 0 0
2146841938110319 137946042775232 wait_end 0 0 0 0 0 0
2146841938112949 137946042775232 drain_beg 0 0 0 0 0 0
2146841938113459 137946042775232 drain_end 1 0 0 0 0 0
2146841938113709 137946042775232 take 280 0 0 0 0 0
2146841938114029 137946042775232 subm_beg 1 0 0 0 0 0
2146841938114829 137946042775232 submit 280 0 0 0 0 0
2146841938115129 137946042775232 subm_end 1 0 0 0 0 0
2146841938115209 137946042775232 pump_beg 1 0 0 0 0 0
2146841938231414 137946042775232 feedend 279 0 0 0 0 0
2146841938361190 137946042775232 feedend 279 1 0 0 0 0
2146841941220655 137946042775232 outfirst 279 1 65536 0 0 0
2146841941782725 137946042775232 outfirst 279 0 65536 0 0 0
2146841941802984 137946042775232 pump_end 1 2 0 0 0 0
2146841941803174 137946042775232 join_beg 1 0 0 0 0 0
2146841941803474 137946042775232 join_end 0 0 0 0 0 0
2146841941803564 137946042775232 book_beg 1 0 0 0 0 0
2146841941803754 137946042775232 batch 280 1 1 2 2 0
2146841941803904 137946042775232 book_end 1 0 0 0 0 0
2146841941804034 137946042775232 coll_beg 0 0 0 0 0 0
2146841941911670 137946042775232 coll_end 0 0 0 0 0 0
2146841941911910 137946042775232 rel_beg 1 0 0 0 0 0
2146841941912210 137946042775232 absorb 280 0 0 0 0 0
2146841941915820 137946042775232 rel_end 1 0 0 0 0 0
2146841941917130 137946042775232 wait_beg 0 0 0 0 0 0
2146841938089420 137946056009600 msgin 280 4718592 0 0 0 0
2146841938089690 137946056009600 enq 280 1 0 0 0 0
2146841941929869 137946056009600 ackslot 280 279 280 279 1 0
2146841941973658 137946056009600 send 18 0 0 279 279 2
2146841942487669 137946056009600 send 162046 0 0 279 279 2
2146841942753749 137946056009600 send 127354 0 0 279 279 2
2146841942756959 137946056009600 send 14 0 0 279 279 2
2146841942757189 137946056009600 egress 280 1 0 279 0 0
2146841942757319 137946056009600 ackregion 280 280 280 279 1 0
2146841943139645 137946056009600 cliack 280 0 281 280 0 0
2146841941938889 137945960937152 emit_beg 280 0 0 0 0 0
2146841941943769 137945960937152 dmg 0 1 0 0 1024 768
2146841941944039 137945960937152 enc 279 279 1 -1 -1 0
2146841941963228 137945960937152 emit_end 280 0 0 0 0 0
2146841953330074 137946042775232 wait_end 0 0 0 0 0 0
2146841953332784 137946042775232 drain_beg 0 0 0 0 0 0
2146841953333244 137946042775232 drain_end 1 0 0 0 0 0
2146841953333613 137946042775232 take 281 0 0 0 0 0
2146841953334133 137946042775232 subm_beg 1 0 0 0 0 0
2146841953334703 137946042775232 submit 281 0 0 0 0 0
2146841953334853 137946042775232 subm_end 1 0 0 0 0 0
2146841953334893 137946042775232 pump_beg 1 0 0 0 0 0
2146841953470658 137946042775232 feedend 280 0 0 0 0 0
2146841953475748 137946042775232 feedend 280 1 0 0 0 0
2146841953308284 137946056009600 msgin 281 4718592 0 0 0 0
2146841953308884 137946056009600 enq 281 1 0 0 0 0
2146841956926022 137946042775232 outfirst 280 1 65536 0 0 0
2146841957336277 137946042775232 outfirst 280 0 65536 0 0 0
2146841957364126 137946042775232 pump_end 1 2 0 0 0 0
2146841957364296 137946042775232 join_beg 1 0 0 0 0 0
2146841957364456 137946042775232 join_end 0 0 0 0 0 0
2146841957364506 137946042775232 book_beg 1 0 0 0 0 0
2146841957364666 137946042775232 batch 281 1 1 2 2 0
2146841957364826 137946042775232 book_end 1 0 0 0 0 0
2146841957364996 137946042775232 coll_beg 0 0 0 0 0 0
2146841957520671 137946042775232 coll_end 0 0 0 0 0 0
2146841957520931 137946042775232 rel_beg 1 0 0 0 0 0
2146841957521101 137946042775232 absorb 281 0 0 0 0 0
2146841957523501 137946042775232 rel_end 1 0 0 0 0 0
2146841957524801 137946042775232 wait_beg 0 0 0 0 0 0
2146841957533410 137946056009600 ackslot 281 280 281 280 1 0
2146841957575519 137946056009600 send 18 0 0 280 280 2
2146841958273873 137946056009600 send 203434 0 0 280 280 2
2146841958646560 137946056009600 send 181814 0 0 280 280 2
2146841958649750 137946056009600 send 14 0 0 280 280 2
2146841958649870 137946056009600 egress 281 1 0 280 0 0
2146841958650010 137946056009600 ackregion 281 281 281 280 1 0
2146841959130542 137946056009600 cliack 281 0 282 281 0 0
2146841957543350 137945960937152 emit_beg 281 0 0 0 0 0
2146841957548710 137945960937152 dmg 0 1 0 0 1024 768
2146841957548890 137945960937152 enc 280 280 1 -1 -1 0
2146841957581998 137945960937152 emit_end 281 0 0 0 0 0
2146841970048604 137946042775232 wait_end 0 0 0 0 0 0
2146841970052364 137946042775232 drain_beg 0 0 0 0 0 0
2146841970052843 137946042775232 drain_end 1 0 0 0 0 0
2146841970053373 137946042775232 take 282 0 0 0 0 0
2146841970054003 137946042775232 subm_beg 1 0 0 0 0 0
2146841970055003 137946042775232 submit 282 0 0 0 0 0
2146841970055123 137946042775232 subm_end 1 0 0 0 0 0
2146841970055193 137946042775232 pump_beg 1 0 0 0 0 0
2146841970187409 137946042775232 feedend 281 0 0 0 0 0
2146841970284655 137946042775232 feedend 281 1 0 0 0 0
2146841972985976 137946042775232 outfirst 281 1 65536 0 0 0
2146841973569555 137946042775232 outfirst 281 0 65536 0 0 0
2146841973586445 137946042775232 pump_end 1 2 0 0 0 0
2146841973589844 137946042775232 join_beg 1 0 0 0 0 0
2146841973590054 137946042775232 join_end 0 0 0 0 0 0
2146841973590174 137946042775232 book_beg 1 0 0 0 0 0
2146841973590434 137946042775232 batch 282 1 1 2 2 0
2146841973590504 137946042775232 book_end 1 0 0 0 0 0
2146841973590564 137946042775232 coll_beg 0 0 0 0 0 0
2146841973686721 137946042775232 coll_end 0 0 0 0 0 0
2146841973686781 137946042775232 rel_beg 1 0 0 0 0 0
2146841973687141 137946042775232 absorb 282 0 0 0 0 0
2146841973690801 137946042775232 rel_end 1 0 0 0 0 0
2146841973692391 137946042775232 wait_beg 0 0 0 0 0 0
2146841970022325 137946056009600 msgin 282 4718592 0 0 0 0
2146841970023385 137946056009600 enq 282 1 0 0 0 0
2146841973703510 137946056009600 ackslot 282 281 282 281 1 0
2146841973737389 137946056009600 send 18 0 0 281 281 2
2146841974232181 137946056009600 send 146888 0 0 281 281 2
2146841974488402 137946056009600 send 111001 0 0 281 281 2
2146841974491632 137946056009600 send 14 0 0 281 281 2
2146841974491812 137946056009600 egress 282 1 0 281 0 0
2146841974491952 137946056009600 ackregion 282 282 282 281 1 0
2146841974827939 137946056009600 cliack 282 0 283 282 0 0
2146841973709800 137945960937152 emit_beg 282 0 0 0 0 0
2146841973715650 137945960937152 dmg 0 1 0 0 1024 768
2146841973715850 137945960937152 enc 281 281 1 -1 -1 0
2146841973738049 137945960937152 emit_end 282 0 0 0 0 0
2146841985756251 137946042775232 wait_end 0 0 0 0 0 0
2146841985760430 137946042775232 drain_beg 0 0 0 0 0 0
2146841985760900 137946042775232 drain_end 1 0 0 0 0 0
2146841985761040 137946042775232 take 283 0 0 0 0 0
2146841985761530 137946042775232 subm_beg 1 0 0 0 0 0
2146841985761940 137946042775232 submit 283 0 0 0 0 0
2146841985762110 137946042775232 subm_end 1 0 0 0 0 0
2146841985762160 137946042775232 pump_beg 1 0 0 0 0 0
2146841985731481 137946056009600 msgin 283 4718592 0 0 0 0
2146841985732641 137946056009600 enq 283 1 0 0 0 0
2146841985895725 137946042775232 feedend 282 0 0 0 0 0
2146841985956213 137946042775232 feedend 282 1 0 0 0 0
2146841988950544 137946042775232 outfirst 282 1 65536 0 0 0
2146841989506744 137946042775232 outfirst 282 0 65536 0 0 0
2146841989527623 137946042775232 pump_end 1 2 0 0 0 0
2146841989527783 137946042775232 join_beg 1 0 0 0 0 0
2146841989528093 137946042775232 join_end 0 0 0 0 0 0
2146841989528193 137946042775232 book_beg 1 0 0 0 0 0
2146841989528383 137946042775232 batch 283 1 1 2 2 0
2146841989528543 137946042775232 book_end 1 0 0 0 0 0
2146841989528723 137946042775232 coll_beg 0 0 0 0 0 0
2146841989656998 137946042775232 coll_end 0 0 0 0 0 0
2146841989657268 137946042775232 rel_beg 1 0 0 0 0 0
2146841989657558 137946042775232 absorb 283 0 0 0 0 0
2146841989661198 137946042775232 rel_end 1 0 0 0 0 0
2146841989662488 137946042775232 wait_beg 0 0 0 0 0 0
2146841989674738 137946056009600 ackslot 283 282 283 282 1 0
2146841989709926 137946056009600 send 18 0 0 282 282 2
2146841990294145 137946056009600 send 173069 0 0 282 282 2
2146841990598934 137946056009600 send 143037 0 0 282 282 2
2146841990602154 137946056009600 send 14 0 0 282 282 2
2146841990602294 137946056009600 egress 283 1 0 282 0 0
2146841990602444 137946056009600 ackregion 283 283 283 282 1 0
2146841991003009 137946056009600 cliack 283 0 284 283 0 0
2146841989681207 137945960937152 emit_beg 283 0 0 0 0 0
2146841989684917 137945960937152 dmg 0 1 0 0 1024 768
2146841989685077 137945960937152 enc 282 282 1 -1 -1 0
2146841989708956 137945960937152 emit_end 283 0 0 0 0 0
2146842001451178 137946042775232 wait_end 0 0 0 0 0 0
2146842001454368 137946042775232 drain_beg 0 0 0 0 0 0
2146842001454718 137946042775232 drain_end 1 0 0 0 0 0
2146842001454878 137946042775232 take 284 0 0 0 0 0
2146842001455358 137946042775232 subm_beg 1 0 0 0 0 0
2146842001455608 137946042775232 submit 284 0 0 0 0 0
2146842001455878 137946042775232 subm_end 1 0 0 0 0 0
2146842001455908 137946042775232 pump_beg 1 0 0 0 0 0
2146842001578713 137946042775232 feedend 283 0 0 0 0 0
2146842001651921 137946042775232 feedend 283 1 0 0 0 0
2146842004415980 137946042775232 outfirst 283 1 65536 0 0 0
2146842004787966 137946042775232 outfirst 283 0 65536 0 0 0
2146842004804336 137946042775232 pump_end 1 2 0 0 0 0
2146842004804506 137946042775232 join_beg 1 0 0 0 0 0
2146842004804816 137946042775232 join_end 0 0 0 0 0 0
2146842004804906 137946042775232 book_beg 1 0 0 0 0 0
2146842004805126 137946042775232 batch 284 1 1 2 2 0
2146842004805296 137946042775232 book_end 1 0 0 0 0 0
2146842004805456 137946042775232 coll_beg 0 0 0 0 0 0
2146842004902102 137946042775232 coll_end 0 0 0 0 0 0
2146842004902262 137946042775232 rel_beg 1 0 0 0 0 0
2146842004902592 137946042775232 absorb 284 0 0 0 0 0
2146842004906112 137946042775232 rel_end 1 0 0 0 0 0
2146842004907272 137946042775232 wait_beg 0 0 0 0 0 0
2146842001426619 137946056009600 msgin 284 4718592 0 0 0 0
2146842001426899 137946056009600 enq 284 1 0 0 0 0
2146842004919091 137946056009600 ackslot 284 283 284 283 1 0
2146842004952340 137946056009600 send 18 0 0 283 283 2
2146842005405504 137946056009600 send 144329 0 0 283 283 2
2146842005575477 137946056009600 send 118097 0 0 283 283 2
2146842005576977 137946056009600 send 14 0 0 283 283 2
2146842005577237 137946056009600 egress 284 1 0 283 0 0
2146842005577287 137946056009600 ackregion 284 284 284 283 1 0
2146842004924541 137945960937152 emit_beg 284 0 0 0 0 0
2146842004929731 137945960937152 dmg 0 1 0 0 1024 768
2146842004929901 137945960937152 enc 283 283 1 -1 -1 0
2146842004950650 137945960937152 emit_end 284 0 0 0 0 0
2146842019977252 137946042775232 wait_end 0 0 0 0 0 0
2146842019978012 137946042775232 join_beg 1 0 0 0 0 0
2146842019978252 137946042775232 join_end 0 0 0 0 0 0
