[1632468.278] 
X.Org X Server 1.21.1.16
X Protocol Version 11, Revision 0
[1632468.278] Current Operating System: Linux xrdp-x006-6cff8d7596-xd2dx 7.0.0-27-generic #27-Ubuntu SMP PREEMPT_DYNAMIC Thu Jun 18 19:13:49 UTC 2026 x86_64
[1632468.278] Kernel command line: BOOT_IMAGE=/boot/vmlinuz-7.0.0-27-generic root=UUID=57160d0f-44cc-4743-b564-37a702f24e67 ro crashkernel=2G-4G:320M,4G-32G:512M,32G-64G:1024M,64G-128G:2048M,128G-:4096M
[1632468.279] xorg-server 2:21.1.16-1.3+deb13u3 (https://www.debian.org/support) 
[1632468.279] Current version of pixman: 0.44.0
[1632468.279] 	Before reporting problems, check http://wiki.x.org
	to make sure that you have the latest version.
[1632468.279] Markers: (--) probed, (**) from config file, (==) default setting,
	(++) from command line, (!!) notice, (II) informational,
	(WW) warning, (EE) error, (NI) not implemented, (??) unknown.
[1632468.279] (++) Log file: ".xorgxrdp.10.log", Time: Sat Aug  1 15:24:21 2026
[1632468.279] (++) Using config file: "/etc/X11/xrdp/xorg.conf"
[1632468.279] (==) Using system config directory "/usr/share/X11/xorg.conf.d"
[1632468.279] (**) Option "defaultserverlayout" "X11 Server"
[1632468.279] (**) ServerLayout "X11 Server"
[1632468.279] (**) |-->Screen "Screen (xrdpdev)" (0)
[1632468.279] (**) |   |-->Monitor "Monitor"
[1632468.280] (**) |   |-->Device "Video Card (xrdpdev)"
[1632468.280] (**) |-->Input Device "xrdpMouse"
[1632468.280] (**) |-->Input Device "xrdpKeyboard"
[1632468.280] (**) Option "DontVTSwitch" "on"
[1632468.280] (**) Option "AutoAddDevices" "off"
[1632468.280] (**) Option "AutoAddGPU" "off"
[1632468.280] (**) Allowing byte-swapped clients
[1632468.280] (**) Not automatically adding devices
[1632468.280] (==) Automatically enabling devices
[1632468.280] (**) Not automatically adding GPU devices
[1632468.280] (==) Automatically binding GPU devices
[1632468.280] (==) Max clients allowed: 256, resource mask: 0x1fffff
[1632468.283] (WW) The directory "/usr/share/fonts/X11/cyrillic" does not exist.
[1632468.283] 	Entry deleted from font path.
[1632468.283] (WW) The directory "/usr/share/fonts/X11/100dpi/" does not exist.
[1632468.283] 	Entry deleted from font path.
[1632468.283] (WW) The directory "/usr/share/fonts/X11/75dpi/" does not exist.
[1632468.283] 	Entry deleted from font path.
[1632468.283] (WW) The directory "/usr/share/fonts/X11/Type1" does not exist.
[1632468.283] 	Entry deleted from font path.
[1632468.283] (WW) The directory "/usr/share/fonts/X11/100dpi" does not exist.
[1632468.283] 	Entry deleted from font path.
[1632468.283] (WW) The directory "/usr/share/fonts/X11/75dpi" does not exist.
[1632468.283] 	Entry deleted from font path.
[1632468.283] (==) FontPath set to:
	/usr/share/fonts/X11/misc,
	built-ins
[1632468.283] (==) ModulePath set to "/usr/lib/xorg/modules"
[1632468.283] (II) Loader magic: 0x559d8c571f00
[1632468.283] (II) Module ABI versions:
[1632468.283] 	X.Org ANSI C Emulation: 0.4
[1632468.283] 	X.Org Video Driver: 25.2
[1632468.283] 	X.Org XInput driver : 24.4
[1632468.283] 	X.Org Server Extension : 10.0
[1632468.283] (EE) dbus-core: error connecting to system bus: org.freedesktop.DBus.Error.FileNotFound (Failed to connect to socket /run/dbus/system_bus_socket: No such file or directory)
[1632468.284] (II) xfree86: Adding drm device (/dev/dri/card0)
[1632468.284] (II) Platform probe for /sys/devices/pci0000:00/0000:00:08.1/0000:c5:00.0/drm/card0
[1632468.287] (--) PCI:*(197@0:0:0) 1002:1586:2014:801d rev 193, Mem @ 0x9000000000/8589934592, 0x90000000/268435456, 0xa0200000/1048576, I/O @ 0x0000e000/256
[1632468.287] (II) "glx" will be loaded. This was enabled by default and also specified in the config file.
[1632468.288] (II) LoadModule: "dbe"
[1632468.288] (II) Module "dbe" already built-in
[1632468.288] (II) LoadModule: "ddc"
[1632468.288] (II) Module "ddc" already built-in
[1632468.288] (II) LoadModule: "extmod"
[1632468.288] (II) Module "extmod" already built-in
[1632468.288] (II) LoadModule: "glx"
[1632468.288] (II) Loading /usr/lib/xorg/modules/extensions/libglx.so
[1632468.289] (II) Module glx: vendor="X.Org Foundation"
[1632468.289] 	compiled for 1.21.1.16, module version = 1.0.0
[1632468.289] 	ABI class: X.Org Server Extension, version 10.0
[1632468.289] (II) LoadModule: "int10"
[1632468.289] (II) Loading /usr/lib/xorg/modules/libint10.so
[1632468.289] (II) Module int10: vendor="X.Org Foundation"
[1632468.289] 	compiled for 1.21.1.16, module version = 1.0.0
[1632468.289] 	ABI class: X.Org Video Driver, version 25.2
[1632468.290] (II) LoadModule: "record"
[1632468.290] (II) Module "record" already built-in
[1632468.290] (II) LoadModule: "vbe"
[1632468.290] (II) Loading /usr/lib/xorg/modules/libint10.so
[1632468.290] (II) Module int10: vendor="X.Org Foundation"
[1632468.290] 	compiled for 1.21.1.16, module version = 1.0.0
[1632468.290] 	ABI class: X.Org Video Driver, version 25.2
[1632468.290] (II) LoadModule: "xorgxrdp"
[1632468.290] (II) Loading /usr/lib/xorg/modules/libxorgxrdp.so
[1632468.292] (II) Module XORGXRDP: vendor="X.Org Foundation"
[1632468.292] 	compiled for 1.21.1.16, module version = 0.10.80
[1632468.292] 	ABI class: X.Org Video Driver, version 25.2
[1632468.292] (II) LoadModule: "fb"
[1632468.292] (II) Module "fb" already built-in
[1632468.292] (II) LoadModule: "xrdpdev"
[1632468.292] (II) Loading /usr/lib/xorg/modules/drivers/xrdpdev_drv.so
[1632468.292] (II) Module XRDPDEV: vendor="X.Org Foundation"
[1632468.293] 	compiled for 1.21.1.16, module version = 0.10.80
[1632468.293] 	ABI class: X.Org Video Driver, version 25.2
[1632468.293] (II) LoadModule: "xrdpmouse"
[1632468.293] (II) Loading /usr/lib/xorg/modules/input/xrdpmouse_drv.so
[1632468.293] (II) Module XRDPMOUSE: vendor="X.Org Foundation"
[1632468.293] 	compiled for 1.21.1.16, module version = 0.10.80
[1632468.293] 	Module class: X.Org XInput Driver
[1632468.293] 	ABI class: X.Org XInput driver, version 24.4
[1632468.293] (II) LoadModule: "xrdpkeyb"
[1632468.293] (II) Loading /usr/lib/xorg/modules/input/xrdpkeyb_drv.so
[1632468.293] (II) Module XRDPKEYB: vendor="X.Org Foundation"
[1632468.293] 	compiled for 1.21.1.16, module version = 0.10.80
[1632468.293] 	Module class: X.Org XInput Driver
[1632468.293] 	ABI class: X.Org XInput driver, version 24.4
[1632468.293] (II) XRDPDEV: driver for xrdp: XRDPDEV
[1632468.293] (II) rdpDriverFunc: op 10
[1632468.294] (WW) Falling back to old probe method for XRDPDEV
[1632468.294] (II) Loading sub module "fb"
[1632468.294] (II) LoadModule: "fb"
[1632468.294] (II) Module "fb" already built-in
[1632468.294] (II) rdpProbe: found DRMDevice xorg.conf value [/dev/dri/renderD128]
[1632468.294] (II) rdpProbe: found DRI3 xorg.conf value [1]
[1632468.294] (II) rdpProbe: found DRMAllowList xorg.conf value [amdgpu i915 xe msm radeon]
[1632468.294] (II) XRDPDEV(0): using default device
[1632468.294] (WW) VGA arbiter: cannot open kernel arbiter, no multi-card support
[1632468.294] (II) rdpPreInit: /dev/dri/renderD128 open failed
[1632468.294] (**) XRDPDEV(0): Depth 24, (--) framebuffer bpp 32
[1632468.294] (==) XRDPDEV(0): RGB weight 888
[1632468.294] (==) XRDPDEV(0): Using gamma correction (1.0, 1.0, 1.0)
[1632468.294] (==) XRDPDEV(0): Default visual is TrueColor
[1632468.294] (==) XRDPDEV(0): DPI set to (96, 96)
[1632468.294] (II) XRDPDEV(0): 	mode "640x480" ok
[1632468.294] (II) XRDPDEV(0): 	mode "800x600" ok
[1632468.294] (II) XRDPDEV(0): Virtual size is 800x600 (pitch 800)
[1632468.294] (**) XRDPDEV(0):  Default mode "800x600": 36.0 MHz (scaled from 0.0 MHz), 35.2 kHz, 56.2 Hz
[1632468.294] (II) XRDPDEV(0): Modeline "800x600"x0.0   36.00  800 824 896 1024  600 601 603 625 +hsync +vsync (35.2 kHz d)
[1632468.294] (II) rdpScreenInit: virtualX 800 virtualY 600 rgbBits 8 depth 24
[1632468.294] (II) rdpScreenInit: pfbMemory bytes 1920000
[1632468.294] (II) rdpScreenInit: pfbMemory 0x755452dc5010
[1632468.294] (II) rdpSimdInit: assigning yuv functions
[1632468.294] (II) rdpSimdInit: cpuid ax 1 cx 0 return ax 0x00b70f00 bx 0x16200800 cx 0x7ed8320b dx 0x178bfbff
[1632468.294] (II) rdpSimdInit: sse2 amd64 yuv functions assigned
[1632468.295] (==) XRDPDEV(0): Backing store enabled
[1632468.295] (II) rdpClientConInit: disconnect idle session after [0] sec
[1632468.295] (II) rdpClientConInit: kill disconnected [0] timeout [0] sec
[1632468.295] (II) rdpXvInit: depth 24
[1632468.295] (II) rdpScreenInit: out
[1632468.295] (II) Initializing extension Generic Event Extension
[1632468.295] (II) Initializing extension SHAPE
[1632468.295] (II) Initializing extension MIT-SHM
[1632468.295] (II) Initializing extension XInputExtension
[1632468.295] (II) Initializing extension XTEST
[1632468.296] (II) Initializing extension BIG-REQUESTS
[1632468.296] (II) Initializing extension SYNC
[1632468.296] (II) Initializing extension XKEYBOARD
[1632468.296] (II) Initializing extension XC-MISC
[1632468.296] (II) Initializing extension SECURITY
[1632468.296] (II) Initializing extension XFIXES
[1632468.296] (II) Initializing extension RENDER
[1632468.296] (II) Initializing extension RANDR
[1632468.296] (II) Initializing extension COMPOSITE
[1632468.296] (II) Initializing extension DAMAGE
[1632468.296] (II) Initializing extension MIT-SCREEN-SAVER
[1632468.296] (II) Initializing extension DOUBLE-BUFFER
[1632468.297] (II) Initializing extension RECORD
[1632468.297] (II) Initializing extension DPMS
[1632468.297] (II) Initializing extension Present
[1632468.297] (II) Initializing extension DRI3
[1632468.297] (II) Initializing extension X-Resource
[1632468.297] (II) Initializing extension XVideo
[1632468.297] (II) Initializing extension XVideo-MotionCompensation
[1632468.297] (II) Initializing extension SELinux
[1632468.297] (II) SELinux: Disabled on system
[1632468.297] (II) Initializing extension GLX
[1632468.297] (II) AIGLX: Screen 0 is not DRI2 capable
[1632468.314] (II) IGLX: Loaded and initialized swrast
[1632468.314] (II) GLX: Initialized DRISWRAST GL provider for screen 0
[1632468.314] (II) Initializing extension XFree86-VidModeExtension
[1632468.315] (II) Initializing extension XFree86-DGA
[1632468.315] (II) Initializing extension XFree86-DRI
[1632468.315] (II) Initializing extension DRI2
[1632468.330] (II) Using input driver 'XRDPMOUSE' for 'xrdpMouse'
[1632468.330] (**) Option "CorePointer"
[1632468.330] (**) xrdpMouse: always reports core events
[1632468.330] (II) rdpmousePreInit: drv 0x559d9c71b220 info 0x559d9c806ec0, flags 0x0
[1632468.330] (II) XINPUT: Adding extended input device "xrdpMouse" (type: MOUSE, id 6)
[1632468.330] (II) rdpmouseControl: what 0
[1632468.330] (II) rdpRegisterInputCallback: type 1 proc 0x75545349f820
[1632468.330] (**) xrdpMouse: (accel) keeping acceleration scheme 1
[1632468.330] (**) xrdpMouse: (accel) acceleration profile 0
[1632468.330] (**) xrdpMouse: (accel) acceleration factor: 2.000
[1632468.330] (**) xrdpMouse: (accel) acceleration threshold: 4
[1632468.330] (II) rdpmouseControl: what 1
[1632468.330] (II) Using input driver 'XRDPKEYB' for 'xrdpKeyboard'
[1632468.330] (**) Option "CoreKeyboard"
[1632468.330] (**) xrdpKeyboard: always reports core events
[1632468.330] (II) rdpkeybPreInit: drv 0x559d9c71b940 info 0x559d9c9c77c0, flags 0x0
[1632468.330] (II) XINPUT: Adding extended input device "xrdpKeyboard" (type: KEYBOARD, id 7)
[1632468.330] (II) rdpkeybControl: what 0
[1632468.330] (II) rdpLoadLayout: rules="evdev" model="pc104" variant=""layout="us" options=""
[1632468.342] (II) rdpkeybChangeKeyboardControl: autoRepeat on
[1632468.342] (II) rdpkeybChangeKeyboardControl: autoRepeat on
[1632468.343] (II) rdpRegisterInputCallback: type 0 proc 0x755452f9b930
[1632468.343] (II) rdpkeybControl: what 1
[1632468.354] (II) config/udev: Adding drm device (/dev/dri/card0)
[1632468.354] (II) xfree86: Adding drm device (/dev/dri/card0)
[1632468.354] (II) Platform probe for /sys/devices/pci0000:00/0000:00:08.1/0000:c5:00.0/drm/card0
[1632468.358] (EE) dbus-core: error connecting to system bus: org.freedesktop.DBus.Error.FileNotFound (Failed to connect to socket /run/dbus/system_bus_socket: No such file or directory)
[1632468.358] (II) rdpResizeSession: width 1024 height 768
[1632468.358] (II)   calling RRScreenSizeSet
[1632468.358] (II) rdpRRScreenSetSize: width 1024 height 768 mmWidth 271 mmHeight 203
[1632468.359] (II)   screen resized to 1024x768
[1632468.359] (II) rdpRRScreenSetSize: screenInfo x 0 y 0 width 800 height 600
[1632468.359] (II)   RRScreenSizeSet ok 1
[1632468.359] (II) rdpResizeSession: width 3840 height 2400
[1632468.359] (II)   calling RRScreenSizeSet
[1632468.359] (II) rdpRRScreenSetSize: width 3840 height 2400 mmWidth 1016 mmHeight 635
[1632468.359] (II)   screen resized to 3840x2400
[1632468.367] (II) rdpRRScreenSetSize: screenInfo x 0 y 0 width 800 height 600
[1632468.367] (II)   RRScreenSizeSet ok 1
[1632468.367] (II) rdpRRSetRdpOutputs: numCrtcs 0 numOutputs 0 monitorCount 0
[1632468.367] (II) rdpRRSetRdpOutputs: update output 0 left 0 top 0 width 3840 height 2400
[1632468.442] (II) rdpkeybChangeKeyboardControl: autoRepeat off
[1632468.442] (II) rdpkeybChangeKeyboardControl: autoRepeat off
[1632469.276] (EE) Failed to open authorization file "/var/run/xrdp/1001/Xauthority": No such file or directory
[1632470.798] (II) rdpClientConGotConnection: g_sck_accept ok new_sck 18
[1632470.800] (II) rdpClientConGotConnection: idle_disconnect_timeout set to non-positive value, idle timer turned off
[1632470.803] (II) rdpAddClientConToDev: adding first clientCon 0x559d9ca328e0
[1632470.819] (II) rdpClientConProcessMsgVersion: version 0 0 0 1
[1632470.819] (II)   got client info bytes 1864
[1632470.819] (II)   jpeg support 0
[1632470.821] (II)   offscreen support 0
[1632470.822] (II)   offscreen size 0
[1632470.823] (II)   offscreen entries 0
[1632470.823] (II) rdpClientConProcessMsgClientInfo: got AVC444 packed-view capture (format 0x20450000 chroma_align 32)
[1632470.823] (II)     msFrameInterval 16
[1632470.829] (II) rdpClientConAllocateSharedMemory: shmemfd 19 shmemptr 0x7554384f3000 bytes 55296000
[1632470.829] (II)   client can not do multimon
[1632470.829] (II) rdpRRSetRdpOutputs: numCrtcs 1 numOutputs 1 monitorCount 0
[1632470.829] (II) rdpRRSetRdpOutputs: update output 0 left 0 top 0 width 3840 height 2400
[1632470.829] (II)   client can not do offscreen to offscreen blits
[1632470.829] (II)   client can do new(color) cursor
[1632470.829] (II) rdpLoadLayout: rules="evdev" model="pc104" variant=""layout="us" options=""
[1632470.830] (II) rdpkeybChangeKeyboardControl: autoRepeat on
[1632470.830] (II) rdpkeybChangeKeyboardControl: autoRepeat on
[1632470.830] (II) rdpClientConProcessMsgClientInput: invalidate x 0 y 0 cx 3840 cy 2400
[1632470.844] (II) ACK_TRACE cap id=1 mon=0 begin_us=1632470835172 packed_us=1632470845946 sent_us=1632470845973 ack=0 shown=0
[1632470.866] (II) ACK_TRACE cap id=2 mon=0 begin_us=1632470858486 packed_us=1632470867407 sent_us=1632470867417 ack=0 shown=0
[1632470.932] (II) rdpkeybChangeKeyboardControl: autoRepeat off
[1632470.932] (II) rdpkeybChangeKeyboardControl: autoRepeat off
[1632471.034] (II) ACK_TRACE cap id=3 mon=0 begin_us=1632471030903 packed_us=1632471035277 sent_us=1632471035301 ack=1 shown=0
[1632471.077] (II) ACK_TRACE cap id=4 mon=0 begin_us=1632471074549 packed_us=1632471078946 sent_us=1632471078964 ack=2 shown=1
[1632471.118] (II) ACK_TRACE cap id=5 mon=0 begin_us=1632471116074 packed_us=1632471119462 sent_us=1632471119473 ack=3 shown=2
[1632471.161] (II) ACK_TRACE cap id=6 mon=0 begin_us=1632471159484 packed_us=1632471162842 sent_us=1632471162851 ack=4 shown=3
[1632471.200] (II) ACK_TRACE cap id=7 mon=0 begin_us=1632471196693 packed_us=1632471201119 sent_us=1632471201137 ack=5 shown=4
[1632471.237] (II) ACK_TRACE cap id=8 mon=0 begin_us=1632471235262 packed_us=1632471238467 sent_us=1632471238482 ack=6 shown=5
[1632471.266] (II) ACK_TRACE cap id=9 mon=0 begin_us=1632471264509 packed_us=1632471267819 sent_us=1632471267826 ack=7 shown=6
[1632471.305] (II) ACK_TRACE cap id=10 mon=0 begin_us=1632471303014 packed_us=1632471306876 sent_us=1632471306888 ack=8 shown=7
[1632471.341] (II) ACK_TRACE cap id=11 mon=0 begin_us=1632471336072 packed_us=1632471342175 sent_us=1632471342189 ack=9 shown=8
[1632471.385] (II) ACK_TRACE cap id=12 mon=0 begin_us=1632471380416 packed_us=1632471386371 sent_us=1632471386381 ack=10 shown=9
[1632471.428] (II) ACK_TRACE cap id=13 mon=0 begin_us=1632471423894 packed_us=1632471429733 sent_us=1632471429753 ack=11 shown=10
[1632471.465] (II) ACK_TRACE cap id=14 mon=0 begin_us=1632471462158 packed_us=1632471466727 sent_us=1632471466744 ack=12 shown=11
[1632471.503] (II) ACK_TRACE cap id=15 mon=0 begin_us=1632471501670 packed_us=1632471504854 sent_us=1632471504862 ack=13 shown=12
[1632471.538] (II) ACK_TRACE cap id=16 mon=0 begin_us=1632471536345 packed_us=1632471539566 sent_us=1632471539579 ack=14 shown=13
[1632471.570] (II) ACK_TRACE cap id=17 mon=0 begin_us=1632471568078 packed_us=1632471571334 sent_us=1632471571345 ack=15 shown=14
[1632471.612] (II) ACK_TRACE cap id=18 mon=0 begin_us=1632471608766 packed_us=1632471613575 sent_us=1632471613592 ack=16 shown=15
[1632471.647] (II) ACK_TRACE cap id=19 mon=0 begin_us=1632471644293 packed_us=1632471648322 sent_us=1632471648333 ack=17 shown=16
[1632471.680] (II) ACK_TRACE cap id=20 mon=0 begin_us=1632471678576 packed_us=1632471681965 sent_us=1632471681975 ack=18 shown=17
[1632471.715] (II) ACK_TRACE cap id=21 mon=0 begin_us=1632471713168 packed_us=1632471716902 sent_us=1632471716916 ack=19 shown=18
[1632471.742] (II) ACK_TRACE cap id=22 mon=0 begin_us=1632471740364 packed_us=1632471743648 sent_us=1632471743659 ack=20 shown=19
[1632471.781] (II) ACK_TRACE cap id=23 mon=0 begin_us=1632471778723 packed_us=1632471782853 sent_us=1632471782871 ack=21 shown=20
[1632471.808] (II) ACK_TRACE cap id=24 mon=0 begin_us=1632471806210 packed_us=1632471809540 sent_us=1632471809553 ack=22 shown=21
[1632471.847] (II) ACK_TRACE cap id=25 mon=0 begin_us=1632471844755 packed_us=1632471848592 sent_us=1632471848610 ack=23 shown=22
[1632471.882] (II) ACK_TRACE cap id=26 mon=0 begin_us=1632471880477 packed_us=1632471883716 sent_us=1632471883730 ack=24 shown=23
[1632471.911] (II) ACK_TRACE cap id=27 mon=0 begin_us=1632471909623 packed_us=1632471912915 sent_us=1632471912926 ack=25 shown=24
[1632471.952] (II) ACK_TRACE cap id=28 mon=0 begin_us=1632471950136 packed_us=1632471953506 sent_us=1632471953518 ack=26 shown=25
[1632471.986] (II) ACK_TRACE cap id=29 mon=0 begin_us=1632471984017 packed_us=1632471987319 sent_us=1632471987330 ack=27 shown=26
[1632472.025] (II) ACK_TRACE cap id=30 mon=0 begin_us=1632472020646 packed_us=1632472026406 sent_us=1632472026418 ack=28 shown=27
[1632472.060] (II) ACK_TRACE cap id=31 mon=0 begin_us=1632472055126 packed_us=1632472061197 sent_us=1632472061210 ack=29 shown=28
[1632472.094] (II) ACK_TRACE cap id=32 mon=0 begin_us=1632472089203 packed_us=1632472095089 sent_us=1632472095100 ack=30 shown=29
[1632472.127] (II) ACK_TRACE cap id=33 mon=0 begin_us=1632472122624 packed_us=1632472128913 sent_us=1632472128925 ack=31 shown=30
[1632472.163] (II) ACK_TRACE cap id=34 mon=0 begin_us=1632472159930 packed_us=1632472164394 sent_us=1632472164409 ack=32 shown=31
[1632472.206] (II) ACK_TRACE cap id=35 mon=0 begin_us=1632472204155 packed_us=1632472207904 sent_us=1632472207916 ack=33 shown=32
[1632472.242] (II) ACK_TRACE cap id=36 mon=0 begin_us=1632472239877 packed_us=1632472243124 sent_us=1632472243140 ack=34 shown=33
[1632472.270] (II) ACK_TRACE cap id=37 mon=0 begin_us=1632472268032 packed_us=1632472271917 sent_us=1632472271929 ack=35 shown=34
[1632472.307] (II) ACK_TRACE cap id=38 mon=0 begin_us=1632472304247 packed_us=1632472308026 sent_us=1632472308040 ack=36 shown=35
[1632472.342] (II) ACK_TRACE cap id=39 mon=0 begin_us=1632472338796 packed_us=1632472342983 sent_us=1632472343002 ack=37 shown=36
[1632472.382] (II) ACK_TRACE cap id=40 mon=0 begin_us=1632472379969 packed_us=1632472383242 sent_us=1632472383257 ack=38 shown=37
[1632472.414] (II) ACK_TRACE cap id=41 mon=0 begin_us=1632472411506 packed_us=1632472415669 sent_us=1632472415681 ack=39 shown=38
[1632472.448] (II) ACK_TRACE cap id=42 mon=0 begin_us=1632472445830 packed_us=1632472449935 sent_us=1632472449949 ack=40 shown=39
[1632472.479] (II) ACK_TRACE cap id=43 mon=0 begin_us=1632472476196 packed_us=1632472480034 sent_us=1632472480049 ack=41 shown=40
[1632472.519] (II) ACK_TRACE cap id=44 mon=0 begin_us=1632472516365 packed_us=1632472520090 sent_us=1632472520099 ack=42 shown=41
[1632472.555] (II) ACK_TRACE cap id=45 mon=0 begin_us=1632472550547 packed_us=1632472556976 sent_us=1632472556991 ack=43 shown=42
[1632472.586] (II) ACK_TRACE cap id=46 mon=0 begin_us=1632472581196 packed_us=1632472587264 sent_us=1632472587277 ack=44 shown=43
[1632472.626] (II) ACK_TRACE cap id=47 mon=0 begin_us=1632472622656 packed_us=1632472627917 sent_us=1632472627933 ack=45 shown=44
[1632472.658] (II) ACK_TRACE cap id=48 mon=0 begin_us=1632472654563 packed_us=1632472659610 sent_us=1632472659623 ack=46 shown=45
[1632472.690] (II) ACK_TRACE cap id=49 mon=0 begin_us=1632472688455 packed_us=1632472691816 sent_us=1632472691829 ack=47 shown=46
[1632472.722] (II) ACK_TRACE cap id=50 mon=0 begin_us=1632472719725 packed_us=1632472723134 sent_us=1632472723143 ack=48 shown=47
[1632472.756] (II) ACK_TRACE cap id=51 mon=0 begin_us=1632472753902 packed_us=1632472757251 sent_us=1632472757261 ack=49 shown=48
[1632472.795] (II) ACK_TRACE cap id=52 mon=0 begin_us=1632472790580 packed_us=1632472796560 sent_us=1632472796572 ack=50 shown=49
[1632472.826] (II) ACK_TRACE cap id=53 mon=0 begin_us=1632472822010 packed_us=1632472827904 sent_us=1632472827915 ack=51 shown=50
[1632472.866] (II) ACK_TRACE cap id=54 mon=0 begin_us=1632472863548 packed_us=1632472867831 sent_us=1632472867847 ack=52 shown=51
[1632472.902] (II) ACK_TRACE cap id=55 mon=0 begin_us=1632472899755 packed_us=1632472903115 sent_us=1632472903129 ack=53 shown=52
[1632472.935] (II) ACK_TRACE cap id=56 mon=0 begin_us=1632472932327 packed_us=1632472936080 sent_us=1632472936097 ack=54 shown=53
[1632472.975] (II) ACK_TRACE cap id=57 mon=0 begin_us=1632472973331 packed_us=1632472976798 sent_us=1632472976812 ack=55 shown=54
[1632473.036] (II) ACK_TRACE cap id=58 mon=0 begin_us=1632473033944 packed_us=1632473037958 sent_us=1632473037974 ack=56 shown=56
[1632473.052] (II) ACK_TRACE cap id=59 mon=0 begin_us=1632473049920 packed_us=1632473053902 sent_us=1632473053921 ack=57 shown=56
[1632473.102] (II) ACK_TRACE cap id=60 mon=0 begin_us=1632473099033 packed_us=1632473103304 sent_us=1632473103322 ack=58 shown=57
[1632473.131] (II) ACK_TRACE cap id=61 mon=0 begin_us=1632473128545 packed_us=1632473132614 sent_us=1632473132632 ack=59 shown=58
[1632473.167] (II) ACK_TRACE cap id=62 mon=0 begin_us=1632473162940 packed_us=1632473168892 sent_us=1632473168907 ack=60 shown=59
[1632473.202] (II) ACK_TRACE cap id=63 mon=0 begin_us=1632473199481 packed_us=1632473203524 sent_us=1632473203534 ack=61 shown=60
[1632473.236] (II) ACK_TRACE cap id=64 mon=0 begin_us=1632473233298 packed_us=1632473237290 sent_us=1632473237300 ack=62 shown=61
[1632473.277] (II) ACK_TRACE cap id=65 mon=0 begin_us=1632473274576 packed_us=1632473278661 sent_us=1632473278674 ack=63 shown=62
[1632473.309] (II) ACK_TRACE cap id=66 mon=0 begin_us=1632473307367 packed_us=1632473310705 sent_us=1632473310718 ack=64 shown=63
[1632473.350] (II) ACK_TRACE cap id=67 mon=0 begin_us=1632473347338 packed_us=1632473351150 sent_us=1632473351167 ack=65 shown=64
[1632473.378] (II) ACK_TRACE cap id=68 mon=0 begin_us=1632473375130 packed_us=1632473379666 sent_us=1632473379681 ack=66 shown=65
[1632473.440] (II) ACK_TRACE cap id=69 mon=0 begin_us=1632473437813 packed_us=1632473441746 sent_us=1632473441761 ack=67 shown=66
[1632473.478] (II) ACK_TRACE cap id=70 mon=0 begin_us=1632473475600 packed_us=1632473479838 sent_us=1632473479855 ack=68 shown=67
[1632473.508] (II) ACK_TRACE cap id=71 mon=0 begin_us=1632473505536 packed_us=1632473509940 sent_us=1632473509956 ack=69 shown=68
[1632473.546] (II) ACK_TRACE cap id=72 mon=0 begin_us=1632473543950 packed_us=1632473547902 sent_us=1632473547914 ack=70 shown=69
[1632473.575] (II) ACK_TRACE cap id=73 mon=0 begin_us=1632473572928 packed_us=1632473576405 sent_us=1632473576416 ack=71 shown=70
[1632473.609] (II) ACK_TRACE cap id=74 mon=0 begin_us=1632473606724 packed_us=1632473610764 sent_us=1632473610780 ack=72 shown=71
[1632473.641] (II) ACK_TRACE cap id=75 mon=0 begin_us=1632473638368 packed_us=1632473642205 sent_us=1632473642218 ack=73 shown=72
[1632473.683] (II) ACK_TRACE cap id=76 mon=0 begin_us=1632473681082 packed_us=1632473684966 sent_us=1632473684984 ack=74 shown=73
[1632473.711] (II) ACK_TRACE cap id=77 mon=0 begin_us=1632473709540 packed_us=1632473712884 sent_us=1632473712901 ack=75 shown=74
[1632473.750] (II) ACK_TRACE cap id=78 mon=0 begin_us=1632473747158 packed_us=1632473751075 sent_us=1632473751088 ack=76 shown=75
[1632473.787] (II) ACK_TRACE cap id=79 mon=0 begin_us=1632473784426 packed_us=1632473788116 sent_us=1632473788128 ack=77 shown=76
[1632473.864] (II) ACK_TRACE cap id=80 mon=0 begin_us=1632473862071 packed_us=1632473865809 sent_us=1632473865826 ack=78 shown=77
[1632473.935] (II) ACK_TRACE cap id=81 mon=0 begin_us=1632473931928 packed_us=1632473936390 sent_us=1632473936404 ack=79 shown=79
[1632473.975] (II) ACK_TRACE cap id=82 mon=0 begin_us=1632473972756 packed_us=1632473976411 sent_us=1632473976423 ack=80 shown=79
[1632474.026] (II) ACK_TRACE cap id=83 mon=0 begin_us=1632474024025 packed_us=1632474027894 sent_us=1632474027906 ack=81 shown=80
[1632474.112] (II) ACK_TRACE cap id=84 mon=0 begin_us=1632474109487 packed_us=1632474113127 sent_us=1632474113145 ack=82 shown=82
[1632474.156] (II) ACK_TRACE cap id=85 mon=0 begin_us=1632474153800 packed_us=1632474157828 sent_us=1632474157841 ack=83 shown=82
[1632474.192] (II) ACK_TRACE cap id=86 mon=0 begin_us=1632474189805 packed_us=1632474193814 sent_us=1632474193825 ack=84 shown=83
[1632474.258] (II) ACK_TRACE cap id=87 mon=0 begin_us=1632474255475 packed_us=1632474259178 sent_us=1632474259196 ack=85 shown=84
[1632474.287] (II) ACK_TRACE cap id=88 mon=0 begin_us=1632474285561 packed_us=1632474288878 sent_us=1632474288889 ack=86 shown=85
[1632474.324] (II) ACK_TRACE cap id=89 mon=0 begin_us=1632474322033 packed_us=1632474325869 sent_us=1632474325885 ack=87 shown=86
[1632474.356] (II) ACK_TRACE cap id=90 mon=0 begin_us=1632474353935 packed_us=1632474357938 sent_us=1632474357953 ack=88 shown=87
[1632474.394] (II) ACK_TRACE cap id=91 mon=0 begin_us=1632474392438 packed_us=1632474395687 sent_us=1632474395702 ack=89 shown=88
[1632474.427] (II) ACK_TRACE cap id=92 mon=0 begin_us=1632474424904 packed_us=1632474428825 sent_us=1632474428845 ack=90 shown=89
[1632474.465] (II) ACK_TRACE cap id=93 mon=0 begin_us=1632474463479 packed_us=1632474466909 sent_us=1632474466920 ack=91 shown=90
[1632474.489] (II) ACK_TRACE cap id=94 mon=0 begin_us=1632474487112 packed_us=1632474490656 sent_us=1632474490669 ack=92 shown=91
[1632474.530] (II) ACK_TRACE cap id=95 mon=0 begin_us=1632474527934 packed_us=1632474531347 sent_us=1632474531357 ack=93 shown=92
[1632474.555] (II) ACK_TRACE cap id=96 mon=0 begin_us=1632474553415 packed_us=1632474556915 sent_us=1632474556926 ack=94 shown=93
[1632474.588] (II) ACK_TRACE cap id=97 mon=0 begin_us=1632474585867 packed_us=1632474589323 sent_us=1632474589340 ack=95 shown=94
[1632474.623] (II) ACK_TRACE cap id=98 mon=0 begin_us=1632474620695 packed_us=1632474624089 sent_us=1632474624102 ack=96 shown=95
[1632474.662] (II) ACK_TRACE cap id=99 mon=0 begin_us=1632474660667 packed_us=1632474663944 sent_us=1632474663953 ack=97 shown=96
[1632474.692] (II) ACK_TRACE cap id=100 mon=0 begin_us=1632474689477 packed_us=1632474693211 sent_us=1632474693222 ack=98 shown=97
[1632474.731] (II) ACK_TRACE cap id=101 mon=0 begin_us=1632474728352 packed_us=1632474732020 sent_us=1632474732035 ack=99 shown=98
[1632474.767] (II) ACK_TRACE cap id=102 mon=0 begin_us=1632474764145 packed_us=1632474768315 sent_us=1632474768339 ack=100 shown=99
[1632474.803] (II) ACK_TRACE cap id=103 mon=0 begin_us=1632474800918 packed_us=1632474804227 sent_us=1632474804236 ack=101 shown=100
[1632474.839] (II) ACK_TRACE cap id=104 mon=0 begin_us=1632474837408 packed_us=1632474840713 sent_us=1632474840724 ack=102 shown=101
[1632474.875] (II) ACK_TRACE cap id=105 mon=0 begin_us=1632474873226 packed_us=1632474876489 sent_us=1632474876505 ack=103 shown=102
[1632474.912] (II) ACK_TRACE cap id=106 mon=0 begin_us=1632474909552 packed_us=1632474913747 sent_us=1632474913761 ack=104 shown=103
[1632474.939] (II) ACK_TRACE cap id=107 mon=0 begin_us=1632474937337 packed_us=1632474940629 sent_us=1632474940641 ack=105 shown=104
[1632474.981] (II) ACK_TRACE cap id=108 mon=0 begin_us=1632474978545 packed_us=1632474982496 sent_us=1632474982509 ack=106 shown=105
[1632475.013] (II) ACK_TRACE cap id=109 mon=0 begin_us=1632475011039 packed_us=1632475014901 sent_us=1632475014911 ack=107 shown=106
[1632475.046] (II) ACK_TRACE cap id=110 mon=0 begin_us=1632475043550 packed_us=1632475047768 sent_us=1632475047780 ack=108 shown=107
[1632475.079] (II) ACK_TRACE cap id=111 mon=0 begin_us=1632475077259 packed_us=1632475080676 sent_us=1632475080684 ack=109 shown=108
[1632475.112] (II) ACK_TRACE cap id=112 mon=0 begin_us=1632475109866 packed_us=1632475113875 sent_us=1632475113887 ack=110 shown=109
[1632475.140] (II) ACK_TRACE cap id=113 mon=0 begin_us=1632475137754 packed_us=1632475141288 sent_us=1632475141304 ack=111 shown=110
[1632475.174] (II) ACK_TRACE cap id=114 mon=0 begin_us=1632475171959 packed_us=1632475175207 sent_us=1632475175219 ack=112 shown=111
[1632475.210] (II) ACK_TRACE cap id=115 mon=0 begin_us=1632475207765 packed_us=1632475211309 sent_us=1632475211327 ack=113 shown=112
[1632475.244] (II) ACK_TRACE cap id=116 mon=0 begin_us=1632475242290 packed_us=1632475245741 sent_us=1632475245756 ack=114 shown=113
[1632475.274] (II) ACK_TRACE cap id=117 mon=0 begin_us=1632475272033 packed_us=1632475275968 sent_us=1632475275984 ack=115 shown=114
[1632475.310] (II) ACK_TRACE cap id=118 mon=0 begin_us=1632475308288 packed_us=1632475311831 sent_us=1632475311845 ack=116 shown=115
[1632475.350] (II) ACK_TRACE cap id=119 mon=0 begin_us=1632475347989 packed_us=1632475351348 sent_us=1632475351366 ack=117 shown=116
[1632475.383] (II) ACK_TRACE cap id=120 mon=0 begin_us=1632475381022 packed_us=1632475384287 sent_us=1632475384304 ack=118 shown=117
[1632475.415] (II) ACK_TRACE cap id=121 mon=0 begin_us=1632475412107 packed_us=1632475416587 sent_us=1632475416605 ack=119 shown=118
[1632475.448] (II) ACK_TRACE cap id=122 mon=0 begin_us=1632475445134 packed_us=1632475449122 sent_us=1632475449132 ack=120 shown=119
[1632475.488] (II) ACK_TRACE cap id=123 mon=0 begin_us=1632475485429 packed_us=1632475489219 sent_us=1632475489230 ack=121 shown=120
[1632475.515] (II) ACK_TRACE cap id=124 mon=0 begin_us=1632475513594 packed_us=1632475516987 sent_us=1632475516995 ack=122 shown=121
[1632475.558] (II) ACK_TRACE cap id=125 mon=0 begin_us=1632475555819 packed_us=1632475559080 sent_us=1632475559099 ack=123 shown=122
[1632475.590] (II) ACK_TRACE cap id=126 mon=0 begin_us=1632475587584 packed_us=1632475591255 sent_us=1632475591272 ack=124 shown=123
[1632475.624] (II) ACK_TRACE cap id=127 mon=0 begin_us=1632475621646 packed_us=1632475625952 sent_us=1632475625965 ack=125 shown=124
[1632475.660] (II) ACK_TRACE cap id=128 mon=0 begin_us=1632475657678 packed_us=1632475661788 sent_us=1632475661801 ack=126 shown=125
[1632475.693] (II) ACK_TRACE cap id=129 mon=0 begin_us=1632475689780 packed_us=1632475694002 sent_us=1632475694020 ack=127 shown=126
[1632475.731] (II) ACK_TRACE cap id=130 mon=0 begin_us=1632475728614 packed_us=1632475732871 sent_us=1632475732883 ack=128 shown=127
[1632475.771] (II) ACK_TRACE cap id=131 mon=0 begin_us=1632475768998 packed_us=1632475772316 sent_us=1632475772328 ack=129 shown=128
[1632475.800] (II) ACK_TRACE cap id=132 mon=0 begin_us=1632475798267 packed_us=1632475801688 sent_us=1632475801698 ack=130 shown=129
[1632475.841] (II) ACK_TRACE cap id=133 mon=0 begin_us=1632475838499 packed_us=1632475842013 sent_us=1632475842032 ack=131 shown=130
[1632475.872] (II) ACK_TRACE cap id=134 mon=0 begin_us=1632475869495 packed_us=1632475873531 sent_us=1632475873543 ack=132 shown=131
[1632475.912] (II) ACK_TRACE cap id=135 mon=0 begin_us=1632475909940 packed_us=1632475913258 sent_us=1632475913272 ack=133 shown=132
[1632475.943] (II) ACK_TRACE cap id=136 mon=0 begin_us=1632475941042 packed_us=1632475944456 sent_us=1632475944469 ack=134 shown=133
[1632475.980] (II) ACK_TRACE cap id=137 mon=0 begin_us=1632475976796 packed_us=1632475981124 sent_us=1632475981138 ack=135 shown=134
[1632476.009] (II) ACK_TRACE cap id=138 mon=0 begin_us=1632476006063 packed_us=1632476010800 sent_us=1632476010814 ack=136 shown=135
[1632476.049] (II) ACK_TRACE cap id=139 mon=0 begin_us=1632476047463 packed_us=1632476050693 sent_us=1632476050703 ack=137 shown=136
[1632476.078] (II) ACK_TRACE cap id=140 mon=0 begin_us=1632476076396 packed_us=1632476079915 sent_us=1632476079925 ack=138 shown=137
[1632476.115] (II) ACK_TRACE cap id=141 mon=0 begin_us=1632476112320 packed_us=1632476116006 sent_us=1632476116024 ack=139 shown=138
[1632476.151] (II) ACK_TRACE cap id=142 mon=0 begin_us=1632476148353 packed_us=1632476152052 sent_us=1632476152066 ack=140 shown=139
[1632476.184] (II) ACK_TRACE cap id=143 mon=0 begin_us=1632476181693 packed_us=1632476185752 sent_us=1632476185765 ack=141 shown=140
[1632476.218] (II) ACK_TRACE cap id=144 mon=0 begin_us=1632476215500 packed_us=1632476219099 sent_us=1632476219111 ack=142 shown=141
[1632476.258] (II) ACK_TRACE cap id=145 mon=0 begin_us=1632476252786 packed_us=1632476259333 sent_us=1632476259350 ack=143 shown=142
[1632476.287] (II) ACK_TRACE cap id=146 mon=0 begin_us=1632476284536 packed_us=1632476288132 sent_us=1632476288147 ack=144 shown=143
[1632476.324] (II) ACK_TRACE cap id=147 mon=0 begin_us=1632476321939 packed_us=1632476325920 sent_us=1632476325932 ack=145 shown=144
[1632476.357] (II) ACK_TRACE cap id=148 mon=0 begin_us=1632476354734 packed_us=1632476358836 sent_us=1632476358851 ack=146 shown=145
[1632476.391] (II) ACK_TRACE cap id=149 mon=0 begin_us=1632476388719 packed_us=1632476391979 sent_us=1632476391998 ack=147 shown=146
[1632476.433] (II) ACK_TRACE cap id=150 mon=0 begin_us=1632476428600 packed_us=1632476434464 sent_us=1632476434480 ack=148 shown=147
[1632476.451] (II) ACK_TRACE cap id=151 mon=0 begin_us=1632476447420 packed_us=1632476451129 sent_us=1632476451145 ack=149 shown=148
[1632476.515] (II) ACK_TRACE cap id=152 mon=0 begin_us=1632476512685 packed_us=1632476516061 sent_us=1632476516068 ack=150 shown=149
[1632476.545] (II) ACK_TRACE cap id=153 mon=0 begin_us=1632476542937 packed_us=1632476546882 sent_us=1632476546900 ack=151 shown=150
[1632476.581] (II) ACK_TRACE cap id=154 mon=0 begin_us=1632476576931 packed_us=1632476581183 sent_us=1632476581194 ack=152 shown=151
[1632476.619] (II) ACK_TRACE cap id=155 mon=0 begin_us=1632476615792 packed_us=1632476619217 sent_us=1632476619230 ack=153 shown=152
[1632476.648] (II) ACK_TRACE cap id=156 mon=0 begin_us=1632476646180 packed_us=1632476649764 sent_us=1632476649775 ack=154 shown=153
[1632476.685] (II) ACK_TRACE cap id=157 mon=0 begin_us=1632476682107 packed_us=1632476685752 sent_us=1632476685761 ack=155 shown=154
[1632476.725] (II) ACK_TRACE cap id=158 mon=0 begin_us=1632476722384 packed_us=1632476725805 sent_us=1632476725819 ack=156 shown=155
[1632476.760] (II) ACK_TRACE cap id=159 mon=0 begin_us=1632476756431 packed_us=1632476760173 sent_us=1632476760188 ack=157 shown=156
[1632476.794] (II) ACK_TRACE cap id=160 mon=0 begin_us=1632476789931 packed_us=1632476794009 sent_us=1632476794023 ack=158 shown=157
[1632476.857] (II) ACK_TRACE cap id=161 mon=0 begin_us=1632476852749 packed_us=1632476858904 sent_us=1632476858918 ack=159 shown=158
[1632476.892] (II) ACK_TRACE cap id=162 mon=0 begin_us=1632476889238 packed_us=1632476893007 sent_us=1632476893024 ack=160 shown=159
[1632476.921] (II) ACK_TRACE cap id=163 mon=0 begin_us=1632476917984 packed_us=1632476922460 sent_us=1632476922478 ack=161 shown=160
[1632476.951] (II) ACK_TRACE cap id=164 mon=0 begin_us=1632476948328 packed_us=1632476952214 sent_us=1632476952224 ack=162 shown=161
[1632476.989] (II) ACK_TRACE cap id=165 mon=0 begin_us=1632476987629 packed_us=1632476990966 sent_us=1632476990984 ack=163 shown=162
[1632477.017] (II) ACK_TRACE cap id=166 mon=0 begin_us=1632477014122 packed_us=1632477018136 sent_us=1632477018151 ack=164 shown=163
[1632477.054] (II) ACK_TRACE cap id=167 mon=0 begin_us=1632477052542 packed_us=1632477055893 sent_us=1632477055904 ack=165 shown=164
[1632477.082] (II) ACK_TRACE cap id=168 mon=0 begin_us=1632477079770 packed_us=1632477083909 sent_us=1632477083922 ack=166 shown=165
[1632477.121] (II) ACK_TRACE cap id=169 mon=0 begin_us=1632477118957 packed_us=1632477122923 sent_us=1632477122936 ack=167 shown=166
[1632477.156] (II) ACK_TRACE cap id=170 mon=0 begin_us=1632477154249 packed_us=1632477157988 sent_us=1632477157998 ack=168 shown=167
[1632477.188] (II) ACK_TRACE cap id=171 mon=0 begin_us=1632477185761 packed_us=1632477189686 sent_us=1632477189699 ack=169 shown=168
[1632477.219] (II) ACK_TRACE cap id=172 mon=0 begin_us=1632477216388 packed_us=1632477220359 sent_us=1632477220374 ack=170 shown=169
[1632477.281] (II) ACK_TRACE cap id=173 mon=0 begin_us=1632477278756 packed_us=1632477282748 sent_us=1632477282767 ack=171 shown=170
[1632477.311] (II) ACK_TRACE cap id=174 mon=0 begin_us=1632477307852 packed_us=1632477312025 sent_us=1632477312040 ack=172 shown=171
[1632477.355] (II) ACK_TRACE cap id=175 mon=0 begin_us=1632477350830 packed_us=1632477356618 sent_us=1632477356640 ack=173 shown=172
[1632477.384] (II) ACK_TRACE cap id=176 mon=0 begin_us=1632477380037 packed_us=1632477385465 sent_us=1632477385481 ack=174 shown=173
[1632477.420] (II) ACK_TRACE cap id=177 mon=0 begin_us=1632477418384 packed_us=1632477421818 sent_us=1632477421828 ack=175 shown=174
[1632477.454] (II) ACK_TRACE cap id=178 mon=0 begin_us=1632477451856 packed_us=1632477455231 sent_us=1632477455238 ack=176 shown=175
[1632477.484] (II) ACK_TRACE cap id=179 mon=0 begin_us=1632477481696 packed_us=1632477485250 sent_us=1632477485264 ack=177 shown=176
[1632477.526] (II) ACK_TRACE cap id=180 mon=0 begin_us=1632477521142 packed_us=1632477527103 sent_us=1632477527126 ack=178 shown=177
[1632477.553] (II) ACK_TRACE cap id=181 mon=0 begin_us=1632477550556 packed_us=1632477554905 sent_us=1632477554920 ack=179 shown=178
[1632477.592] (II) ACK_TRACE cap id=182 mon=0 begin_us=1632477590099 packed_us=1632477593381 sent_us=1632477593393 ack=180 shown=179
[1632477.627] (II) ACK_TRACE cap id=183 mon=0 begin_us=1632477625123 packed_us=1632477628468 sent_us=1632477628476 ack=181 shown=180
[1632477.657] (II) ACK_TRACE cap id=184 mon=0 begin_us=1632477654041 packed_us=1632477658060 sent_us=1632477658071 ack=182 shown=181
[1632477.692] (II) ACK_TRACE cap id=185 mon=0 begin_us=1632477689397 packed_us=1632477693116 sent_us=1632477693128 ack=183 shown=182
[1632477.724] (II) ACK_TRACE cap id=186 mon=0 begin_us=1632477721423 packed_us=1632477725140 sent_us=1632477725154 ack=184 shown=183
[1632477.756] (II) ACK_TRACE cap id=187 mon=0 begin_us=1632477754418 packed_us=1632477757784 sent_us=1632477757798 ack=185 shown=184
[1632477.790] (II) ACK_TRACE cap id=188 mon=0 begin_us=1632477787364 packed_us=1632477791094 sent_us=1632477791108 ack=186 shown=185
[1632477.827] (II) ACK_TRACE cap id=189 mon=0 begin_us=1632477824851 packed_us=1632477828935 sent_us=1632477828951 ack=187 shown=186
[1632477.861] (II) ACK_TRACE cap id=190 mon=0 begin_us=1632477858101 packed_us=1632477862029 sent_us=1632477862042 ack=188 shown=187
[1632477.892] (II) ACK_TRACE cap id=191 mon=0 begin_us=1632477889493 packed_us=1632477893143 sent_us=1632477893154 ack=189 shown=188
[1632477.930] (II) ACK_TRACE cap id=192 mon=0 begin_us=1632477927885 packed_us=1632477931899 sent_us=1632477931912 ack=190 shown=189
[1632477.970] (II) ACK_TRACE cap id=193 mon=0 begin_us=1632477965026 packed_us=1632477970985 sent_us=1632477971000 ack=191 shown=190
[1632477.998] (II) ACK_TRACE cap id=194 mon=0 begin_us=1632477995621 packed_us=1632477999600 sent_us=1632477999614 ack=192 shown=191
[1632478.041] (II) ACK_TRACE cap id=195 mon=0 begin_us=1632478036363 packed_us=1632478042796 sent_us=1632478042807 ack=193 shown=192
[1632478.069] (II) ACK_TRACE cap id=196 mon=0 begin_us=1632478066584 packed_us=1632478070287 sent_us=1632478070299 ack=194 shown=193
[1632478.101] (II) ACK_TRACE cap id=197 mon=0 begin_us=1632478099009 packed_us=1632478102974 sent_us=1632478102984 ack=195 shown=194
[1632478.137] (II) ACK_TRACE cap id=198 mon=0 begin_us=1632478134672 packed_us=1632478138105 sent_us=1632478138119 ack=196 shown=195
[1632478.172] (II) ACK_TRACE cap id=199 mon=0 begin_us=1632478169665 packed_us=1632478173768 sent_us=1632478173784 ack=197 shown=196
[1632478.211] (II) ACK_TRACE cap id=200 mon=0 begin_us=1632478209222 packed_us=1632478212484 sent_us=1632478212504 ack=198 shown=197
[1632478.248] (II) ACK_TRACE cap id=201 mon=0 begin_us=1632478245299 packed_us=1632478249062 sent_us=1632478249078 ack=199 shown=198
[1632478.280] (II) ACK_TRACE cap id=202 mon=0 begin_us=1632478277389 packed_us=1632478281223 sent_us=1632478281235 ack=200 shown=199
[1632478.319] (II) ACK_TRACE cap id=203 mon=0 begin_us=1632478316721 packed_us=1632478320792 sent_us=1632478320803 ack=201 shown=200
[1632478.349] (II) ACK_TRACE cap id=204 mon=0 begin_us=1632478346637 packed_us=1632478350729 sent_us=1632478350748 ack=202 shown=201
[1632478.358] (EE) dbus-core: error connecting to system bus: org.freedesktop.DBus.Error.FileNotFound (Failed to connect to socket /run/dbus/system_bus_socket: No such file or directory)
[1632478.386] (II) ACK_TRACE cap id=205 mon=0 begin_us=1632478381825 packed_us=1632478387357 sent_us=1632478387373 ack=203 shown=202
[1632478.422] (II) ACK_TRACE cap id=206 mon=0 begin_us=1632478419791 packed_us=1632478423133 sent_us=1632478423149 ack=204 shown=203
[1632478.450] (II) ACK_TRACE cap id=207 mon=0 begin_us=1632478447391 packed_us=1632478450990 sent_us=1632478451005 ack=205 shown=204
[1632478.488] (II) ACK_TRACE cap id=208 mon=0 begin_us=1632478485551 packed_us=1632478489717 sent_us=1632478489729 ack=206 shown=205
[1632478.518] (II) ACK_TRACE cap id=209 mon=0 begin_us=1632478515547 packed_us=1632478519557 sent_us=1632478519569 ack=207 shown=206
[1632478.556] (II) ACK_TRACE cap id=210 mon=0 begin_us=1632478553537 packed_us=1632478557696 sent_us=1632478557707 ack=208 shown=207
[1632478.589] (II) ACK_TRACE cap id=211 mon=0 begin_us=1632478586991 packed_us=1632478590899 sent_us=1632478590915 ack=209 shown=208
[1632478.619] (II) ACK_TRACE cap id=212 mon=0 begin_us=1632478617253 packed_us=1632478620757 sent_us=1632478620776 ack=210 shown=209
[1632478.655] (II) ACK_TRACE cap id=213 mon=0 begin_us=1632478652496 packed_us=1632478656028 sent_us=1632478656045 ack=211 shown=210
[1632478.690] (II) ACK_TRACE cap id=214 mon=0 begin_us=1632478687910 packed_us=1632478691416 sent_us=1632478691434 ack=212 shown=211
[1632478.731] (II) ACK_TRACE cap id=215 mon=0 begin_us=1632478728923 packed_us=1632478732330 sent_us=1632478732342 ack=213 shown=212
[1632478.761] (II) ACK_TRACE cap id=216 mon=0 begin_us=1632478758345 packed_us=1632478762013 sent_us=1632478762027 ack=214 shown=213
[1632478.796] (II) ACK_TRACE cap id=217 mon=0 begin_us=1632478794220 packed_us=1632478797961 sent_us=1632478797974 ack=215 shown=214
[1632478.834] (II) ACK_TRACE cap id=218 mon=0 begin_us=1632478831905 packed_us=1632478835978 sent_us=1632478835991 ack=216 shown=215
[1632478.865] (II) ACK_TRACE cap id=219 mon=0 begin_us=1632478862119 packed_us=1632478866013 sent_us=1632478866026 ack=217 shown=216
[1632478.896] (II) ACK_TRACE cap id=220 mon=0 begin_us=1632478893387 packed_us=1632478897035 sent_us=1632478897048 ack=218 shown=217
[1632478.939] (II) ACK_TRACE cap id=221 mon=0 begin_us=1632478936726 packed_us=1632478940745 sent_us=1632478940766 ack=219 shown=218
[1632478.972] (II) ACK_TRACE cap id=222 mon=0 begin_us=1632478969135 packed_us=1632478973338 sent_us=1632478973356 ack=220 shown=219
[1632479.009] (II) ACK_TRACE cap id=223 mon=0 begin_us=1632479006495 packed_us=1632479010133 sent_us=1632479010147 ack=221 shown=220
[1632479.038] (II) ACK_TRACE cap id=224 mon=0 begin_us=1632479034699 packed_us=1632479039356 sent_us=1632479039374 ack=222 shown=221
[1632479.077] (II) ACK_TRACE cap id=225 mon=0 begin_us=1632479075579 packed_us=1632479078944 sent_us=1632479078957 ack=223 shown=222
[1632479.111] (II) ACK_TRACE cap id=226 mon=0 begin_us=1632479108879 packed_us=1632479112791 sent_us=1632479112806 ack=224 shown=223
[1632479.140] (II) ACK_TRACE cap id=227 mon=0 begin_us=1632479137476 packed_us=1632479141167 sent_us=1632479141182 ack=225 shown=224
[1632479.175] (II) ACK_TRACE cap id=228 mon=0 begin_us=1632479172313 packed_us=1632479176254 sent_us=1632479176268 ack=226 shown=225
[1632479.216] (II) ACK_TRACE cap id=229 mon=0 begin_us=1632479213640 packed_us=1632479217032 sent_us=1632479217046 ack=227 shown=226
[1632479.245] (II) ACK_TRACE cap id=230 mon=0 begin_us=1632479243494 packed_us=1632479246978 sent_us=1632479246990 ack=228 shown=227
[1632479.281] (II) ACK_TRACE cap id=231 mon=0 begin_us=1632479278757 packed_us=1632479282837 sent_us=1632479282848 ack=229 shown=228
[1632479.314] (II) ACK_TRACE cap id=232 mon=0 begin_us=1632479309531 packed_us=1632479315805 sent_us=1632479315819 ack=230 shown=229
[1632479.353] (II) ACK_TRACE cap id=233 mon=0 begin_us=1632479348008 packed_us=1632479354030 sent_us=1632479354042 ack=231 shown=230
[1632479.382] (II) ACK_TRACE cap id=234 mon=0 begin_us=1632479376930 packed_us=1632479383173 sent_us=1632479383188 ack=232 shown=231
[1632479.412] (II) ACK_TRACE cap id=235 mon=0 begin_us=1632479409358 packed_us=1632479413254 sent_us=1632479413269 ack=233 shown=232
[1632479.457] (II) ACK_TRACE cap id=236 mon=0 begin_us=1632479454891 packed_us=1632479458917 sent_us=1632479458935 ack=234 shown=233
[1632479.520] (II) ACK_TRACE cap id=237 mon=0 begin_us=1632479517597 packed_us=1632479521856 sent_us=1632479521873 ack=235 shown=234
[1632479.597] (II) ACK_TRACE cap id=238 mon=0 begin_us=1632479594586 packed_us=1632479598883 sent_us=1632479598899 ack=236 shown=235
[1632479.628] (II) ACK_TRACE cap id=239 mon=0 begin_us=1632479625257 packed_us=1632479629086 sent_us=1632479629096 ack=237 shown=236
[1632479.667] (II) ACK_TRACE cap id=240 mon=0 begin_us=1632479665569 packed_us=1632479668857 sent_us=1632479668869 ack=238 shown=237
[1632479.704] (II) ACK_TRACE cap id=241 mon=0 begin_us=1632479701617 packed_us=1632479705800 sent_us=1632479705816 ack=239 shown=238
[1632479.736] (II) ACK_TRACE cap id=242 mon=0 begin_us=1632479734388 packed_us=1632479737764 sent_us=1632479737781 ack=240 shown=239
[1632479.773] (II) ACK_TRACE cap id=243 mon=0 begin_us=1632479770046 packed_us=1632479774759 sent_us=1632479774777 ack=241 shown=240
[1632479.804] (II) ACK_TRACE cap id=244 mon=0 begin_us=1632479801203 packed_us=1632479805310 sent_us=1632479805332 ack=242 shown=241
[1632479.843] (II) ACK_TRACE cap id=245 mon=0 begin_us=1632479840710 packed_us=1632479844314 sent_us=1632479844328 ack=243 shown=242
[1632479.878] (II) ACK_TRACE cap id=246 mon=0 begin_us=1632479875763 packed_us=1632479879837 sent_us=1632479879850 ack=244 shown=243
[1632479.912] (II) ACK_TRACE cap id=247 mon=0 begin_us=1632479909747 packed_us=1632479913853 sent_us=1632479913866 ack=245 shown=244
[1632479.950] (II) ACK_TRACE cap id=248 mon=0 begin_us=1632479945691 packed_us=1632479951143 sent_us=1632479951155 ack=246 shown=245
[1632479.990] (II) ACK_TRACE cap id=249 mon=0 begin_us=1632479988438 packed_us=1632479991744 sent_us=1632479991759 ack=247 shown=246
[1632480.018] (II) ACK_TRACE cap id=250 mon=0 begin_us=1632480016185 packed_us=1632480019587 sent_us=1632480019606 ack=248 shown=247
[1632480.058] (II) ACK_TRACE cap id=251 mon=0 begin_us=1632480056254 packed_us=1632480059680 sent_us=1632480059693 ack=249 shown=248
[1632480.088] (II) ACK_TRACE cap id=252 mon=0 begin_us=1632480085927 packed_us=1632480089620 sent_us=1632480089636 ack=250 shown=249
[1632480.124] (II) ACK_TRACE cap id=253 mon=0 begin_us=1632480121543 packed_us=1632480125503 sent_us=1632480125517 ack=251 shown=250
[1632480.166] (II) ACK_TRACE cap id=254 mon=0 begin_us=1632480164029 packed_us=1632480167975 sent_us=1632480167987 ack=252 shown=251
[1632480.196] (II) ACK_TRACE cap id=255 mon=0 begin_us=1632480192844 packed_us=1632480197437 sent_us=1632480197453 ack=253 shown=252
[1632480.230] (II) ACK_TRACE cap id=256 mon=0 begin_us=1632480227990 packed_us=1632480231941 sent_us=1632480231953 ack=254 shown=253
[1632480.294] (II) ACK_TRACE cap id=257 mon=0 begin_us=1632480292069 packed_us=1632480295944 sent_us=1632480295957 ack=255 shown=254
[1632480.325] (II) ACK_TRACE cap id=258 mon=0 begin_us=1632480321266 packed_us=1632480326412 sent_us=1632480326424 ack=256 shown=255
[1632480.360] (II) ACK_TRACE cap id=259 mon=0 begin_us=1632480358066 packed_us=1632480361336 sent_us=1632480361350 ack=257 shown=256
[1632480.391] (II) ACK_TRACE cap id=260 mon=0 begin_us=1632480387789 packed_us=1632480392187 sent_us=1632480392202 ack=258 shown=257
[1632480.426] (II) ACK_TRACE cap id=261 mon=0 begin_us=1632480423075 packed_us=1632480427108 sent_us=1632480427124 ack=259 shown=258
[1632480.460] (II) ACK_TRACE cap id=262 mon=0 begin_us=1632480457725 packed_us=1632480461910 sent_us=1632480461923 ack=260 shown=259
[1632480.499] (II) ACK_TRACE cap id=263 mon=0 begin_us=1632480497594 packed_us=1632480500865 sent_us=1632480500884 ack=261 shown=260
[1632480.534] (II) ACK_TRACE cap id=264 mon=0 begin_us=1632480532187 packed_us=1632480535580 sent_us=1632480535597 ack=262 shown=261
[1632480.567] (II) ACK_TRACE cap id=265 mon=0 begin_us=1632480564266 packed_us=1632480568085 sent_us=1632480568101 ack=263 shown=262
[1632480.601] (II) ACK_TRACE cap id=266 mon=0 begin_us=1632480599256 packed_us=1632480602553 sent_us=1632480602563 ack=264 shown=263
[1632480.636] (II) ACK_TRACE cap id=267 mon=0 begin_us=1632480634037 packed_us=1632480637327 sent_us=1632480637341 ack=265 shown=264
[1632480.669] (II) ACK_TRACE cap id=268 mon=0 begin_us=1632480666957 packed_us=1632480670452 sent_us=1632480670467 ack=266 shown=265
[1632480.709] (II) ACK_TRACE cap id=269 mon=0 begin_us=1632480706615 packed_us=1632480710585 sent_us=1632480710604 ack=267 shown=266
[1632480.745] (II) ACK_TRACE cap id=270 mon=0 begin_us=1632480742852 packed_us=1632480746143 sent_us=1632480746152 ack=268 shown=267
[1632480.776] (II) ACK_TRACE cap id=271 mon=0 begin_us=1632480774612 packed_us=1632480777892 sent_us=1632480777901 ack=269 shown=268
[1632480.813] (II) ACK_TRACE cap id=272 mon=0 begin_us=1632480811700 packed_us=1632480814974 sent_us=1632480814983 ack=270 shown=269
[1632480.842] (II) ACK_TRACE cap id=273 mon=0 begin_us=1632480840455 packed_us=1632480843714 sent_us=1632480843721 ack=271 shown=270
[1632480.881] (II) ACK_TRACE cap id=274 mon=0 begin_us=1632480878793 packed_us=1632480882122 sent_us=1632480882132 ack=272 shown=271
[1632480.910] (II) ACK_TRACE cap id=275 mon=0 begin_us=1632480907282 packed_us=1632480911143 sent_us=1632480911157 ack=273 shown=272
[1632480.948] (II) ACK_TRACE cap id=276 mon=0 begin_us=1632480946227 packed_us=1632480949823 sent_us=1632480949834 ack=274 shown=273
[1632480.976] (II) ACK_TRACE cap id=277 mon=0 begin_us=1632480972769 packed_us=1632480977233 sent_us=1632480977247 ack=275 shown=274
[1632481.015] (II) ACK_TRACE cap id=278 mon=0 begin_us=1632481012215 packed_us=1632481016136 sent_us=1632481016154 ack=276 shown=275
[1632481.052] (II) ACK_TRACE cap id=279 mon=0 begin_us=1632481050388 packed_us=1632481053733 sent_us=1632481053748 ack=277 shown=276
[1632481.089] (II) ACK_TRACE cap id=280 mon=0 begin_us=1632481086148 packed_us=1632481090056 sent_us=1632481090074 ack=278 shown=277
[1632481.125] (II) ACK_TRACE cap id=281 mon=0 begin_us=1632481120710 packed_us=1632481126072 sent_us=1632481126092 ack=279 shown=278
[1632481.157] (II) ACK_TRACE cap id=282 mon=0 begin_us=1632481154742 packed_us=1632481158718 sent_us=1632481158732 ack=280 shown=279
[1632481.194] (II) ACK_TRACE cap id=283 mon=0 begin_us=1632481192079 packed_us=1632481195932 sent_us=1632481195948 ack=281 shown=280
[1632481.227] (II) ACK_TRACE cap id=284 mon=0 begin_us=1632481224359 packed_us=1632481228065 sent_us=1632481228079 ack=282 shown=281
[1632481.259] (II) ACK_TRACE cap id=285 mon=0 begin_us=1632481256617 packed_us=1632481260783 sent_us=1632481260797 ack=283 shown=282
[1632481.291] (II) ACK_TRACE cap id=286 mon=0 begin_us=1632481289240 packed_us=1632481292772 sent_us=1632481292786 ack=284 shown=283
[1632481.329] (II) ACK_TRACE cap id=287 mon=0 begin_us=1632481326533 packed_us=1632481330713 sent_us=1632481330728 ack=285 shown=284
[1632481.360] (II) ACK_TRACE cap id=288 mon=0 begin_us=1632481357566 packed_us=1632481361179 sent_us=1632481361193 ack=286 shown=285
[1632481.398] (II) ACK_TRACE cap id=289 mon=0 begin_us=1632481396536 packed_us=1632481399861 sent_us=1632481399875 ack=287 shown=286
[1632481.432] (II) ACK_TRACE cap id=290 mon=0 begin_us=1632481429271 packed_us=1632481433442 sent_us=1632481433463 ack=288 shown=287
[1632481.469] (II) ACK_TRACE cap id=291 mon=0 begin_us=1632481466977 packed_us=1632481470921 sent_us=1632481470936 ack=289 shown=288
[1632481.499] (II) ACK_TRACE cap id=292 mon=0 begin_us=1632481496588 packed_us=1632481500794 sent_us=1632481500809 ack=290 shown=289
[1632481.534] (II) ACK_TRACE cap id=293 mon=0 begin_us=1632481531888 packed_us=1632481535817 sent_us=1632481535832 ack=291 shown=290
[1632481.571] (II) ACK_TRACE cap id=294 mon=0 begin_us=1632481566864 packed_us=1632481572738 sent_us=1632481572753 ack=292 shown=291
[1632481.610] (II) ACK_TRACE cap id=295 mon=0 begin_us=1632481608607 packed_us=1632481611946 sent_us=1632481611958 ack=293 shown=292
[1632481.646] (II) ACK_TRACE cap id=296 mon=0 begin_us=1632481640807 packed_us=1632481647336 sent_us=1632481647348 ack=294 shown=293
[1632481.682] (II) ACK_TRACE cap id=297 mon=0 begin_us=1632481677614 packed_us=1632481683023 sent_us=1632481683036 ack=295 shown=294
[1632481.718] (II) ACK_TRACE cap id=298 mon=0 begin_us=1632481716015 packed_us=1632481719946 sent_us=1632481719960 ack=296 shown=295
[1632481.749] (II) ACK_TRACE cap id=299 mon=0 begin_us=1632481746530 packed_us=1632481750118 sent_us=1632481750130 ack=297 shown=296
[1632481.791] (II) ACK_TRACE cap id=300 mon=0 begin_us=1632481788641 packed_us=1632481792014 sent_us=1632481792025 ack=298 shown=297
[1632481.822] (II) ACK_TRACE cap id=301 mon=0 begin_us=1632481818882 packed_us=1632481823622 sent_us=1632481823640 ack=299 shown=298
[1632481.863] (II) ACK_TRACE cap id=302 mon=0 begin_us=1632481857935 packed_us=1632481864684 sent_us=1632481864695 ack=300 shown=299
[1632481.895] (II) ACK_TRACE cap id=303 mon=0 begin_us=1632481891410 packed_us=1632481896394 sent_us=1632481896406 ack=301 shown=300
[1632481.931] (II) ACK_TRACE cap id=304 mon=0 begin_us=1632481928742 packed_us=1632481932598 sent_us=1632481932611 ack=302 shown=301
[1632481.963] (II) ACK_TRACE cap id=305 mon=0 begin_us=1632481960776 packed_us=1632481964654 sent_us=1632481964666 ack=303 shown=302
[1632481.995] (II) ACK_TRACE cap id=306 mon=0 begin_us=1632481992797 packed_us=1632481996182 sent_us=1632481996197 ack=304 shown=303
[1632482.029] (II) ACK_TRACE cap id=307 mon=0 begin_us=1632482025927 packed_us=1632482030001 sent_us=1632482030020 ack=305 shown=304
[1632482.061] (II) ACK_TRACE cap id=308 mon=0 begin_us=1632482058877 packed_us=1632482062248 sent_us=1632482062256 ack=306 shown=305
[1632482.094] (II) ACK_TRACE cap id=309 mon=0 begin_us=1632482091459 packed_us=1632482095402 sent_us=1632482095417 ack=307 shown=306
[1632482.125] (II) ACK_TRACE cap id=310 mon=0 begin_us=1632482122127 packed_us=1632482126030 sent_us=1632482126047 ack=308 shown=307
[1632482.160] (II) ACK_TRACE cap id=311 mon=0 begin_us=1632482158318 packed_us=1632482161670 sent_us=1632482161688 ack=309 shown=308
[1632482.194] (II) ACK_TRACE cap id=312 mon=0 begin_us=1632482190839 packed_us=1632482194988 sent_us=1632482195004 ack=310 shown=309
[1632482.226] (II) ACK_TRACE cap id=313 mon=0 begin_us=1632482223363 packed_us=1632482227349 sent_us=1632482227361 ack=311 shown=310
[1632482.264] (II) ACK_TRACE cap id=314 mon=0 begin_us=1632482261019 packed_us=1632482264985 sent_us=1632482265006 ack=312 shown=311
[1632482.296] (II) ACK_TRACE cap id=315 mon=0 begin_us=1632482294526 packed_us=1632482297792 sent_us=1632482297808 ack=313 shown=312
[1632482.328] (II) ACK_TRACE cap id=316 mon=0 begin_us=1632482325407 packed_us=1632482329025 sent_us=1632482329038 ack=314 shown=313
[1632482.367] (II) ACK_TRACE cap id=317 mon=0 begin_us=1632482362622 packed_us=1632482368715 sent_us=1632482368727 ack=315 shown=314
[1632482.397] (II) ACK_TRACE cap id=318 mon=0 begin_us=1632482392287 packed_us=1632482398744 sent_us=1632482398761 ack=316 shown=315
[1632482.433] (II) ACK_TRACE cap id=319 mon=0 begin_us=1632482430407 packed_us=1632482434451 sent_us=1632482434471 ack=317 shown=316
[1632482.467] (II) ACK_TRACE cap id=320 mon=0 begin_us=1632482464534 packed_us=1632482468280 sent_us=1632482468294 ack=318 shown=317
[1632482.507] (II) ACK_TRACE cap id=321 mon=0 begin_us=1632482504295 packed_us=1632482508027 sent_us=1632482508043 ack=319 shown=318
[1632482.542] (II) ACK_TRACE cap id=322 mon=0 begin_us=1632482540141 packed_us=1632482543470 sent_us=1632482543486 ack=320 shown=319
[1632482.574] (II) ACK_TRACE cap id=323 mon=0 begin_us=1632482572320 packed_us=1632482575750 sent_us=1632482575760 ack=321 shown=320
[1632482.614] (II) ACK_TRACE cap id=324 mon=0 begin_us=1632482611962 packed_us=1632482615267 sent_us=1632482615283 ack=322 shown=321
[1632482.646] (II) ACK_TRACE cap id=325 mon=0 begin_us=1632482643930 packed_us=1632482647361 sent_us=1632482647377 ack=323 shown=322
[1632482.684] (II) ACK_TRACE cap id=326 mon=0 begin_us=1632482681108 packed_us=1632482685211 sent_us=1632482685222 ack=324 shown=323
[1632482.712] (II) ACK_TRACE cap id=327 mon=0 begin_us=1632482709138 packed_us=1632482713028 sent_us=1632482713039 ack=325 shown=324
[1632482.748] (II) ACK_TRACE cap id=328 mon=0 begin_us=1632482743383 packed_us=1632482749273 sent_us=1632482749284 ack=326 shown=325
[1632482.783] (II) ACK_TRACE cap id=329 mon=0 begin_us=1632482779070 packed_us=1632482784423 sent_us=1632482784434 ack=327 shown=326
[1632482.818] (II) ACK_TRACE cap id=330 mon=0 begin_us=1632482813834 packed_us=1632482819044 sent_us=1632482819058 ack=328 shown=327
[1632482.850] (II) ACK_TRACE cap id=331 mon=0 begin_us=1632482845842 packed_us=1632482851525 sent_us=1632482851536 ack=329 shown=328
[1632482.879] (II) ACK_TRACE cap id=332 mon=0 begin_us=1632482875428 packed_us=1632482880675 sent_us=1632482880685 ack=330 shown=329
[1632482.911] (II) ACK_TRACE cap id=333 mon=0 begin_us=1632482908810 packed_us=1632482912772 sent_us=1632482912790 ack=331 shown=330
[1632482.943] (II) ACK_TRACE cap id=334 mon=0 begin_us=1632482940890 packed_us=1632482944176 sent_us=1632482944192 ack=332 shown=331
[1632482.978] (II) ACK_TRACE cap id=335 mon=0 begin_us=1632482974076 packed_us=1632482979287 sent_us=1632482979303 ack=333 shown=332
[1632483.015] (II) ACK_TRACE cap id=336 mon=0 begin_us=1632483010455 packed_us=1632483016872 sent_us=1632483016886 ack=334 shown=333
[1632483.048] (II) ACK_TRACE cap id=337 mon=0 begin_us=1632483045735 packed_us=1632483049109 sent_us=1632483049121 ack=335 shown=334
[1632483.077] (II) ACK_TRACE cap id=338 mon=0 begin_us=1632483074817 packed_us=1632483078913 sent_us=1632483078931 ack=336 shown=335
[1632483.138] (II) ACK_TRACE cap id=339 mon=0 begin_us=1632483136109 packed_us=1632483139912 sent_us=1632483139930 ack=337 shown=336
[1632483.170] (II) ACK_TRACE cap id=340 mon=0 begin_us=1632483167707 packed_us=1632483171259 sent_us=1632483171274 ack=338 shown=337
[1632483.210] (II) ACK_TRACE cap id=341 mon=0 begin_us=1632483207397 packed_us=1632483211132 sent_us=1632483211145 ack=339 shown=338
[1632483.244] (II) ACK_TRACE cap id=342 mon=0 begin_us=1632483241397 packed_us=1632483245006 sent_us=1632483245023 ack=340 shown=339
[1632483.310] (II) ACK_TRACE cap id=343 mon=0 begin_us=1632483307042 packed_us=1632483311520 sent_us=1632483311540 ack=341 shown=340
[1632483.341] (II) ACK_TRACE cap id=344 mon=0 begin_us=1632483338517 packed_us=1632483342310 sent_us=1632483342324 ack=342 shown=341
[1632483.380] (II) ACK_TRACE cap id=345 mon=0 begin_us=1632483377516 packed_us=1632483381170 sent_us=1632483381185 ack=343 shown=342
[1632483.414] (II) ACK_TRACE cap id=346 mon=0 begin_us=1632483412201 packed_us=1632483415625 sent_us=1632483415642 ack=344 shown=343
[1632483.451] (II) ACK_TRACE cap id=347 mon=0 begin_us=1632483448042 packed_us=1632483452042 sent_us=1632483452053 ack=345 shown=344
[1632483.480] (II) ACK_TRACE cap id=348 mon=0 begin_us=1632483478226 packed_us=1632483481568 sent_us=1632483481581 ack=346 shown=345
[1632483.519] (II) ACK_TRACE cap id=349 mon=0 begin_us=1632483516065 packed_us=1632483520033 sent_us=1632483520047 ack=347 shown=346
[1632483.557] (II) ACK_TRACE cap id=350 mon=0 begin_us=1632483553733 packed_us=1632483558806 sent_us=1632483558820 ack=348 shown=347
[1632483.590] (II) ACK_TRACE cap id=351 mon=0 begin_us=1632483587611 packed_us=1632483591528 sent_us=1632483591544 ack=349 shown=348
[1632483.625] (II) ACK_TRACE cap id=352 mon=0 begin_us=1632483622681 packed_us=1632483626821 sent_us=1632483626842 ack=350 shown=349
[1632483.656] (II) ACK_TRACE cap id=353 mon=0 begin_us=1632483653293 packed_us=1632483657186 sent_us=1632483657199 ack=351 shown=350
[1632483.694] (II) ACK_TRACE cap id=354 mon=0 begin_us=1632483691112 packed_us=1632483695651 sent_us=1632483695673 ack=352 shown=351
[1632483.723] (II) ACK_TRACE cap id=355 mon=0 begin_us=1632483720500 packed_us=1632483724112 sent_us=1632483724128 ack=353 shown=352
[1632483.762] (II) ACK_TRACE cap id=356 mon=0 begin_us=1632483759262 packed_us=1632483763172 sent_us=1632483763193 ack=354 shown=353
[1632483.795] (II) ACK_TRACE cap id=357 mon=0 begin_us=1632483793201 packed_us=1632483796965 sent_us=1632483796981 ack=355 shown=354
[1632483.824] (II) ACK_TRACE cap id=358 mon=0 begin_us=1632483822353 packed_us=1632483825766 sent_us=1632483825780 ack=356 shown=355
[1632483.862] (II) ACK_TRACE cap id=359 mon=0 begin_us=1632483859810 packed_us=1632483863878 sent_us=1632483863892 ack=357 shown=356
[1632483.896] (II) ACK_TRACE cap id=360 mon=0 begin_us=1632483893569 packed_us=1632483897795 sent_us=1632483897810 ack=358 shown=357
[1632483.930] (II) ACK_TRACE cap id=361 mon=0 begin_us=1632483927148 packed_us=1632483930986 sent_us=1632483931004 ack=359 shown=358
[1632483.959] (II) ACK_TRACE cap id=362 mon=0 begin_us=1632483956371 packed_us=1632483960161 sent_us=1632483960174 ack=360 shown=359
[1632483.996] (II) ACK_TRACE cap id=363 mon=0 begin_us=1632483994382 packed_us=1632483997652 sent_us=1632483997664 ack=361 shown=360
[1632484.031] (II) ACK_TRACE cap id=364 mon=0 begin_us=1632484028851 packed_us=1632484032300 sent_us=1632484032314 ack=362 shown=361
[1632484.066] (II) ACK_TRACE cap id=365 mon=0 begin_us=1632484063751 packed_us=1632484067792 sent_us=1632484067803 ack=363 shown=362
[1632484.096] (II) ACK_TRACE cap id=366 mon=0 begin_us=1632484093990 packed_us=1632484097387 sent_us=1632484097398 ack=364 shown=363
[1632484.133] (II) ACK_TRACE cap id=367 mon=0 begin_us=1632484130644 packed_us=1632484134083 sent_us=1632484134094 ack=365 shown=364
[1632484.172] (II) ACK_TRACE cap id=368 mon=0 begin_us=1632484169640 packed_us=1632484173906 sent_us=1632484173920 ack=366 shown=365
[1632484.201] (II) ACK_TRACE cap id=369 mon=0 begin_us=1632484198804 packed_us=1632484202894 sent_us=1632484202909 ack=367 shown=366
[1632484.238] (II) ACK_TRACE cap id=370 mon=0 begin_us=1632484235654 packed_us=1632484239810 sent_us=1632484239821 ack=368 shown=367
[1632484.272] (II) ACK_TRACE cap id=371 mon=0 begin_us=1632484269346 packed_us=1632484273278 sent_us=1632484273298 ack=369 shown=368
[1632484.307] (II) ACK_TRACE cap id=372 mon=0 begin_us=1632484304615 packed_us=1632484308790 sent_us=1632484308801 ack=370 shown=369
[1632484.336] (II) ACK_TRACE cap id=373 mon=0 begin_us=1632484334146 packed_us=1632484337990 sent_us=1632484338000 ack=371 shown=370
[1632484.372] (II) ACK_TRACE cap id=374 mon=0 begin_us=1632484369418 packed_us=1632484373201 sent_us=1632484373216 ack=372 shown=371
[1632484.405] (II) ACK_TRACE cap id=375 mon=0 begin_us=1632484403005 packed_us=1632484406317 sent_us=1632484406326 ack=373 shown=372
[1632484.443] (II) ACK_TRACE cap id=376 mon=0 begin_us=1632484439289 packed_us=1632484444435 sent_us=1632484444451 ack=374 shown=373
[1632484.476] (II) ACK_TRACE cap id=377 mon=0 begin_us=1632484473164 packed_us=1632484476992 sent_us=1632484477008 ack=375 shown=374
[1632484.508] (II) ACK_TRACE cap id=378 mon=0 begin_us=1632484506138 packed_us=1632484509424 sent_us=1632484509437 ack=376 shown=375
[1632484.541] (II) ACK_TRACE cap id=379 mon=0 begin_us=1632484538370 packed_us=1632484542158 sent_us=1632484542174 ack=377 shown=376
[1632484.578] (II) ACK_TRACE cap id=380 mon=0 begin_us=1632484576441 packed_us=1632484579761 sent_us=1632484579773 ack=378 shown=377
[1632484.606] (II) ACK_TRACE cap id=381 mon=0 begin_us=1632484604106 packed_us=1632484607692 sent_us=1632484607705 ack=379 shown=378
[1632484.649] (II) ACK_TRACE cap id=382 mon=0 begin_us=1632484645803 packed_us=1632484650727 sent_us=1632484650741 ack=380 shown=379
[1632484.673] (II) ACK_TRACE cap id=383 mon=0 begin_us=1632484671367 packed_us=1632484674733 sent_us=1632484674744 ack=381 shown=380
[1632484.710] (II) ACK_TRACE cap id=384 mon=0 begin_us=1632484708674 packed_us=1632484711978 sent_us=1632484711990 ack=382 shown=381
[1632484.742] (II) ACK_TRACE cap id=385 mon=0 begin_us=1632484739688 packed_us=1632484743658 sent_us=1632484743669 ack=383 shown=382
[1632484.775] (II) ACK_TRACE cap id=386 mon=0 begin_us=1632484772539 packed_us=1632484776244 sent_us=1632484776261 ack=384 shown=383
[1632484.808] (II) ACK_TRACE cap id=387 mon=0 begin_us=1632484805878 packed_us=1632484809488 sent_us=1632484809506 ack=385 shown=384
[1632484.848] (II) ACK_TRACE cap id=388 mon=0 begin_us=1632484845441 packed_us=1632484849240 sent_us=1632484849266 ack=386 shown=385
[1632484.879] (II) ACK_TRACE cap id=389 mon=0 begin_us=1632484876676 packed_us=1632484880858 sent_us=1632484880874 ack=387 shown=386
[1632484.911] (II) ACK_TRACE cap id=390 mon=0 begin_us=1632484909342 packed_us=1632484912873 sent_us=1632484912885 ack=388 shown=387
[1632484.951] (II) ACK_TRACE cap id=391 mon=0 begin_us=1632484949447 packed_us=1632484952888 sent_us=1632484952903 ack=389 shown=388
[1632484.983] (II) ACK_TRACE cap id=392 mon=0 begin_us=1632484981497 packed_us=1632484984970 sent_us=1632484984984 ack=390 shown=389
[1632485.026] (II) ACK_TRACE cap id=393 mon=0 begin_us=1632485024083 packed_us=1632485027425 sent_us=1632485027442 ack=391 shown=390
[1632485.059] (II) ACK_TRACE cap id=394 mon=0 begin_us=1632485056673 packed_us=1632485060894 sent_us=1632485060907 ack=392 shown=391
[1632485.088] (II) ACK_TRACE cap id=395 mon=0 begin_us=1632485085508 packed_us=1632485089231 sent_us=1632485089244 ack=393 shown=392
[1632485.128] (II) ACK_TRACE cap id=396 mon=0 begin_us=1632485125574 packed_us=1632485129722 sent_us=1632485129734 ack=394 shown=393
[1632485.157] (II) ACK_TRACE cap id=397 mon=0 begin_us=1632485154076 packed_us=1632485158060 sent_us=1632485158073 ack=395 shown=394
[1632485.196] (II) ACK_TRACE cap id=398 mon=0 begin_us=1632485193968 packed_us=1632485197907 sent_us=1632485197917 ack=396 shown=395
[1632485.226] (II) ACK_TRACE cap id=399 mon=0 begin_us=1632485223053 packed_us=1632485227078 sent_us=1632485227094 ack=397 shown=396
[1632485.263] (II) ACK_TRACE cap id=400 mon=0 begin_us=1632485260813 packed_us=1632485264282 sent_us=1632485264298 ack=398 shown=397
[1632485.330] (II) ACK_TRACE cap id=401 mon=0 begin_us=1632485327954 packed_us=1632485331800 sent_us=1632485331812 ack=399 shown=398
[1632485.404] (II) ACK_TRACE cap id=402 mon=0 begin_us=1632485401765 packed_us=1632485405834 sent_us=1632485405847 ack=400 shown=399
[1632485.443] (II) ACK_TRACE cap id=403 mon=0 begin_us=1632485441395 packed_us=1632485444614 sent_us=1632485444626 ack=401 shown=400
[1632485.518] (II) ACK_TRACE cap id=404 mon=0 begin_us=1632485515362 packed_us=1632485519783 sent_us=1632485519805 ack=402 shown=401
[1632485.568] (II) ACK_TRACE cap id=405 mon=0 begin_us=1632485565546 packed_us=1632485569228 sent_us=1632485569243 ack=403 shown=402
[1632485.635] (II) ACK_TRACE cap id=406 mon=0 begin_us=1632485633548 packed_us=1632485636832 sent_us=1632485636854 ack=404 shown=404
[1632485.668] (II) ACK_TRACE cap id=407 mon=0 begin_us=1632485665382 packed_us=1632485669312 sent_us=1632485669336 ack=405 shown=404
[1632485.701] (II) ACK_TRACE cap id=408 mon=0 begin_us=1632485697685 packed_us=1632485702392 sent_us=1632485702407 ack=406 shown=405
[1632485.741] (II) ACK_TRACE cap id=409 mon=0 begin_us=1632485738732 packed_us=1632485742884 sent_us=1632485742896 ack=407 shown=406
[1632485.769] (II) ACK_TRACE cap id=410 mon=0 begin_us=1632485766379 packed_us=1632485770387 sent_us=1632485770406 ack=408 shown=407
[1632485.808] (II) ACK_TRACE cap id=411 mon=0 begin_us=1632485805079 packed_us=1632485809007 sent_us=1632485809023 ack=409 shown=408
[1632485.841] (II) ACK_TRACE cap id=412 mon=0 begin_us=1632485838651 packed_us=1632485842769 sent_us=1632485842786 ack=410 shown=409
[1632485.877] (II) ACK_TRACE cap id=413 mon=0 begin_us=1632485874850 packed_us=1632485878892 sent_us=1632485878908 ack=411 shown=410
[1632485.912] (II) ACK_TRACE cap id=414 mon=0 begin_us=1632485909162 packed_us=1632485913079 sent_us=1632485913089 ack=412 shown=411
[1632485.941] (II) ACK_TRACE cap id=415 mon=0 begin_us=1632485938548 packed_us=1632485942329 sent_us=1632485942346 ack=413 shown=412
[1632485.980] (II) ACK_TRACE cap id=416 mon=0 begin_us=1632485977734 packed_us=1632485981921 sent_us=1632485981933 ack=414 shown=413
[1632486.010] (II) ACK_TRACE cap id=417 mon=0 begin_us=1632486008493 packed_us=1632486011920 sent_us=1632486011935 ack=415 shown=414
[1632486.051] (II) ACK_TRACE cap id=418 mon=0 begin_us=1632486048922 packed_us=1632486052203 sent_us=1632486052218 ack=416 shown=415
[1632486.081] (II) ACK_TRACE cap id=419 mon=0 begin_us=1632486078442 packed_us=1632486082242 sent_us=1632486082252 ack=417 shown=416
[1632486.117] (II) ACK_TRACE cap id=420 mon=0 begin_us=1632486115345 packed_us=1632486118613 sent_us=1632486118624 ack=418 shown=417
[1632486.145] (II) ACK_TRACE cap id=421 mon=0 begin_us=1632486142388 packed_us=1632486146275 sent_us=1632486146287 ack=419 shown=418
[1632486.216] (II) ACK_TRACE cap id=422 mon=0 begin_us=1632486213125 packed_us=1632486217088 sent_us=1632486217104 ack=420 shown=419
[1632486.245] (II) ACK_TRACE cap id=423 mon=0 begin_us=1632486242067 packed_us=1632486246043 sent_us=1632486246056 ack=421 shown=420
[1632486.281] (II) ACK_TRACE cap id=424 mon=0 begin_us=1632486279032 packed_us=1632486282985 sent_us=1632486282998 ack=422 shown=421
[1632486.316] (II) ACK_TRACE cap id=425 mon=0 begin_us=1632486313516 packed_us=1632486317112 sent_us=1632486317125 ack=423 shown=422
[1632486.350] (II) ACK_TRACE cap id=426 mon=0 begin_us=1632486348009 packed_us=1632486351324 sent_us=1632486351333 ack=424 shown=423
[1632486.387] (II) ACK_TRACE cap id=427 mon=0 begin_us=1632486382084 packed_us=1632486388744 sent_us=1632486388761 ack=425 shown=424
[1632486.415] (II) ACK_TRACE cap id=428 mon=0 begin_us=1632486412491 packed_us=1632486416718 sent_us=1632486416737 ack=426 shown=425
[1632486.453] (II) ACK_TRACE cap id=429 mon=0 begin_us=1632486450272 packed_us=1632486454125 sent_us=1632486454140 ack=427 shown=426
[1632486.491] (II) ACK_TRACE cap id=430 mon=0 begin_us=1632486488235 packed_us=1632486492202 sent_us=1632486492214 ack=428 shown=427
[1632486.533] (II) ACK_TRACE cap id=431 mon=0 begin_us=1632486531748 packed_us=1632486534945 sent_us=1632486534957 ack=429 shown=428
[1632486.568] (II) ACK_TRACE cap id=432 mon=0 begin_us=1632486565516 packed_us=1632486569730 sent_us=1632486569746 ack=430 shown=429
[1632486.597] (II) ACK_TRACE cap id=433 mon=0 begin_us=1632486594190 packed_us=1632486598207 sent_us=1632486598228 ack=431 shown=430
[1632486.656] (II) ACK_TRACE cap id=434 mon=0 begin_us=1632486653722 packed_us=1632486657176 sent_us=1632486657188 ack=432 shown=431
[1632486.683] (II) ACK_TRACE cap id=435 mon=0 begin_us=1632486681180 packed_us=1632486684574 sent_us=1632486684588 ack=433 shown=432
[1632486.721] (II) ACK_TRACE cap id=436 mon=0 begin_us=1632486718545 packed_us=1632486722468 sent_us=1632486722485 ack=434 shown=433
[1632486.753] (II) ACK_TRACE cap id=437 mon=0 begin_us=1632486750159 packed_us=1632486754017 sent_us=1632486754033 ack=435 shown=434
[1632486.791] (II) ACK_TRACE cap id=438 mon=0 begin_us=1632486787821 packed_us=1632486791992 sent_us=1632486792009 ack=436 shown=435
[1632486.819] (II) ACK_TRACE cap id=439 mon=0 begin_us=1632486816186 packed_us=1632486820252 sent_us=1632486820267 ack=437 shown=436
[1632486.856] (II) ACK_TRACE cap id=440 mon=0 begin_us=1632486853017 packed_us=1632486857629 sent_us=1632486857643 ack=438 shown=437
[1632486.890] (II) ACK_TRACE cap id=441 mon=0 begin_us=1632486887465 packed_us=1632486891161 sent_us=1632486891174 ack=439 shown=438
[1632486.930] (II) ACK_TRACE cap id=442 mon=0 begin_us=1632486927160 packed_us=1632486931077 sent_us=1632486931091 ack=440 shown=439
[1632486.965] (II) ACK_TRACE cap id=443 mon=0 begin_us=1632486961966 packed_us=1632486965996 sent_us=1632486966013 ack=441 shown=440
[1632487.003] (II) ACK_TRACE cap id=444 mon=0 begin_us=1632486998352 packed_us=1632487004383 sent_us=1632487004397 ack=442 shown=441
[1632487.036] (II) ACK_TRACE cap id=445 mon=0 begin_us=1632487034017 packed_us=1632487037477 sent_us=1632487037490 ack=443 shown=442
[1632487.068] (II) ACK_TRACE cap id=446 mon=0 begin_us=1632487065970 packed_us=1632487069480 sent_us=1632487069491 ack=444 shown=443
[1632487.109] (II) ACK_TRACE cap id=447 mon=0 begin_us=1632487105180 packed_us=1632487110783 sent_us=1632487110797 ack=445 shown=444
[1632487.141] (II) ACK_TRACE cap id=448 mon=0 begin_us=1632487136480 packed_us=1632487142209 sent_us=1632487142226 ack=446 shown=445
[1632487.173] (II) ACK_TRACE cap id=449 mon=0 begin_us=1632487171459 packed_us=1632487174940 sent_us=1632487174955 ack=447 shown=446
[1632487.209] (II) ACK_TRACE cap id=450 mon=0 begin_us=1632487206980 packed_us=1632487210400 sent_us=1632487210409 ack=448 shown=447
[1632487.242] (II) ACK_TRACE cap id=451 mon=0 begin_us=1632487240179 packed_us=1632487243506 sent_us=1632487243516 ack=449 shown=448
[1632487.272] (II) ACK_TRACE cap id=452 mon=0 begin_us=1632487269933 packed_us=1632487273340 sent_us=1632487273350 ack=450 shown=449
[1632487.308] (II) ACK_TRACE cap id=453 mon=0 begin_us=1632487305303 packed_us=1632487309600 sent_us=1632487309621 ack=451 shown=450
[1632487.345] (II) ACK_TRACE cap id=454 mon=0 begin_us=1632487343472 packed_us=1632487346904 sent_us=1632487346922 ack=452 shown=451
[1632487.379] (II) ACK_TRACE cap id=455 mon=0 begin_us=1632487377513 packed_us=1632487380849 sent_us=1632487380864 ack=453 shown=452
[1632487.414] (II) ACK_TRACE cap id=456 mon=0 begin_us=1632487411401 packed_us=1632487415204 sent_us=1632487415218 ack=454 shown=453
[1632487.443] (II) ACK_TRACE cap id=457 mon=0 begin_us=1632487440521 packed_us=1632487444277 sent_us=1632487444289 ack=455 shown=454
[1632487.480] (II) ACK_TRACE cap id=458 mon=0 begin_us=1632487477417 packed_us=1632487481186 sent_us=1632487481198 ack=456 shown=455
[1632487.511] (II) ACK_TRACE cap id=459 mon=0 begin_us=1632487508455 packed_us=1632487512085 sent_us=1632487512104 ack=457 shown=456
[1632487.543] (II) ACK_TRACE cap id=460 mon=0 begin_us=1632487541321 packed_us=1632487544715 sent_us=1632487544726 ack=458 shown=457
[1632487.582] (II) ACK_TRACE cap id=461 mon=0 begin_us=1632487579045 packed_us=1632487583057 sent_us=1632487583069 ack=459 shown=458
[1632487.616] (II) ACK_TRACE cap id=462 mon=0 begin_us=1632487613632 packed_us=1632487617933 sent_us=1632487617945 ack=460 shown=459
[1632487.656] (II) ACK_TRACE cap id=463 mon=0 begin_us=1632487653414 packed_us=1632487657095 sent_us=1632487657112 ack=461 shown=460
[1632487.687] (II) ACK_TRACE cap id=464 mon=0 begin_us=1632487685192 packed_us=1632487688597 sent_us=1632487688612 ack=462 shown=461
[1632487.725] (II) ACK_TRACE cap id=465 mon=0 begin_us=1632487722672 packed_us=1632487726109 sent_us=1632487726120 ack=463 shown=462
[1632487.758] (II) ACK_TRACE cap id=466 mon=0 begin_us=1632487753165 packed_us=1632487759277 sent_us=1632487759289 ack=464 shown=463
[1632487.791] (II) ACK_TRACE cap id=467 mon=0 begin_us=1632487789001 packed_us=1632487792304 sent_us=1632487792313 ack=465 shown=464
[1632487.825] (II) ACK_TRACE cap id=468 mon=0 begin_us=1632487823101 packed_us=1632487826533 sent_us=1632487826548 ack=466 shown=465
[1632487.860] (II) ACK_TRACE cap id=469 mon=0 begin_us=1632487857451 packed_us=1632487861218 sent_us=1632487861229 ack=467 shown=466
[1632487.898] (II) ACK_TRACE cap id=470 mon=0 begin_us=1632487895793 packed_us=1632487899193 sent_us=1632487899204 ack=468 shown=467
[1632487.933] (II) ACK_TRACE cap id=471 mon=0 begin_us=1632487931454 packed_us=1632487934670 sent_us=1632487934686 ack=469 shown=468
[1632487.965] (II) ACK_TRACE cap id=472 mon=0 begin_us=1632487962697 packed_us=1632487966933 sent_us=1632487966942 ack=470 shown=469
[1632488.000] (II) ACK_TRACE cap id=473 mon=0 begin_us=1632487997272 packed_us=1632488001256 sent_us=1632488001268 ack=471 shown=470
[1632488.037] (II) ACK_TRACE cap id=474 mon=0 begin_us=1632488034559 packed_us=1632488038053 sent_us=1632488038065 ack=472 shown=471
[1632488.069] (II) ACK_TRACE cap id=475 mon=0 begin_us=1632488066531 packed_us=1632488070031 sent_us=1632488070038 ack=473 shown=472
[1632488.103] (II) ACK_TRACE cap id=476 mon=0 begin_us=1632488100618 packed_us=1632488104194 sent_us=1632488104202 ack=474 shown=473
[1632488.139] (II) ACK_TRACE cap id=477 mon=0 begin_us=1632488136371 packed_us=1632488140356 sent_us=1632488140381 ack=475 shown=474
[1632488.170] (II) ACK_TRACE cap id=478 mon=0 begin_us=1632488167519 packed_us=1632488171092 sent_us=1632488171109 ack=476 shown=475
[1632488.202] (II) ACK_TRACE cap id=479 mon=0 begin_us=1632488200024 packed_us=1632488203444 sent_us=1632488203466 ack=477 shown=476
[1632488.239] (II) ACK_TRACE cap id=480 mon=0 begin_us=1632488236189 packed_us=1632488240119 sent_us=1632488240133 ack=478 shown=477
[1632488.269] (II) ACK_TRACE cap id=481 mon=0 begin_us=1632488266324 packed_us=1632488270143 sent_us=1632488270159 ack=479 shown=478
[1632488.307] (II) ACK_TRACE cap id=482 mon=0 begin_us=1632488304803 packed_us=1632488308926 sent_us=1632488308941 ack=480 shown=479
[1632488.344] (II) ACK_TRACE cap id=483 mon=0 begin_us=1632488341152 packed_us=1632488345060 sent_us=1632488345077 ack=481 shown=480
[1632488.360] (EE) dbus-core: error connecting to system bus: org.freedesktop.DBus.Error.FileNotFound (Failed to connect to socket /run/dbus/system_bus_socket: No such file or directory)
[1632488.376] (II) ACK_TRACE cap id=484 mon=0 begin_us=1632488372977 packed_us=1632488377073 sent_us=1632488377087 ack=482 shown=481
[1632488.412] (II) ACK_TRACE cap id=485 mon=0 begin_us=1632488409919 packed_us=1632488413419 sent_us=1632488413433 ack=483 shown=482
[1632488.456] (II) ACK_TRACE cap id=486 mon=0 begin_us=1632488452590 packed_us=1632488456976 sent_us=1632488456998 ack=484 shown=483
[1632488.487] (II) ACK_TRACE cap id=487 mon=0 begin_us=1632488484223 packed_us=1632488488051 sent_us=1632488488065 ack=485 shown=484
[1632488.518] (II) ACK_TRACE cap id=488 mon=0 begin_us=1632488515230 packed_us=1632488519597 sent_us=1632488519610 ack=486 shown=485
[1632488.557] (II) ACK_TRACE cap id=489 mon=0 begin_us=1632488553212 packed_us=1632488558560 sent_us=1632488558574 ack=487 shown=486
[1632488.594] (II) ACK_TRACE cap id=490 mon=0 begin_us=1632488588650 packed_us=1632488595200 sent_us=1632488595215 ack=488 shown=487
[1632488.624] (II) ACK_TRACE cap id=491 mon=0 begin_us=1632488620202 packed_us=1632488625604 sent_us=1632488625617 ack=489 shown=488
[1632488.653] (II) ACK_TRACE cap id=492 mon=0 begin_us=1632488650030 packed_us=1632488654000 sent_us=1632488654008 ack=490 shown=489
[1632488.687] (II) ACK_TRACE cap id=493 mon=0 begin_us=1632488684050 packed_us=1632488688038 sent_us=1632488688047 ack=491 shown=490
[1632488.723] (II) ACK_TRACE cap id=494 mon=0 begin_us=1632488721560 packed_us=1632488724925 sent_us=1632488724937 ack=492 shown=491
[1632488.759] (II) ACK_TRACE cap id=495 mon=0 begin_us=1632488757117 packed_us=1632488760906 sent_us=1632488760926 ack=493 shown=492
[1632488.787] (II) ACK_TRACE cap id=496 mon=0 begin_us=1632488785077 packed_us=1632488788507 sent_us=1632488788525 ack=494 shown=493
[1632488.822] (II) ACK_TRACE cap id=497 mon=0 begin_us=1632488819939 packed_us=1632488823898 sent_us=1632488823917 ack=495 shown=494
[1632488.859] (II) ACK_TRACE cap id=498 mon=0 begin_us=1632488856468 packed_us=1632488860279 sent_us=1632488860294 ack=496 shown=495
[1632488.898] (II) ACK_TRACE cap id=499 mon=0 begin_us=1632488896022 packed_us=1632488899947 sent_us=1632488899961 ack=497 shown=496
[1632488.927] (II) ACK_TRACE cap id=500 mon=0 begin_us=1632488924878 packed_us=1632488928275 sent_us=1632488928286 ack=498 shown=497
[1632488.964] (II) ACK_TRACE cap id=501 mon=0 begin_us=1632488961876 packed_us=1632488965387 sent_us=1632488965396 ack=499 shown=498
[1632489.000] (II) ACK_TRACE cap id=502 mon=0 begin_us=1632488996830 packed_us=1632489001555 sent_us=1632489001570 ack=500 shown=499
[1632489.033] (II) ACK_TRACE cap id=503 mon=0 begin_us=1632489031278 packed_us=1632489034895 sent_us=1632489034910 ack=501 shown=500
[1632489.072] (II) ACK_TRACE cap id=504 mon=0 begin_us=1632489069681 packed_us=1632489072998 sent_us=1632489073012 ack=502 shown=501
[1632489.096] (II) ACK_TRACE cap id=505 mon=0 begin_us=1632489094422 packed_us=1632489097923 sent_us=1632489097931 ack=503 shown=502
[1632489.167] (II) ACK_TRACE cap id=506 mon=0 begin_us=1632489164949 packed_us=1632489168916 sent_us=1632489168934 ack=504 shown=503
[1632489.193] (II) ACK_TRACE cap id=507 mon=0 begin_us=1632489191106 packed_us=1632489194617 sent_us=1632489194636 ack=505 shown=504
[1632489.228] (II) ACK_TRACE cap id=508 mon=0 begin_us=1632489225508 packed_us=1632489229312 sent_us=1632489229327 ack=506 shown=505
[1632489.263] (II) ACK_TRACE cap id=509 mon=0 begin_us=1632489259894 packed_us=1632489264070 sent_us=1632489264081 ack=507 shown=506
[1632489.298] (II) ACK_TRACE cap id=510 mon=0 begin_us=1632489295538 packed_us=1632489299362 sent_us=1632489299373 ack=508 shown=507
[1632489.339] (II) ACK_TRACE cap id=511 mon=0 begin_us=1632489336590 packed_us=1632489340712 sent_us=1632489340729 ack=509 shown=508
[1632489.374] (II) ACK_TRACE cap id=512 mon=0 begin_us=1632489370762 packed_us=1632489374998 sent_us=1632489375019 ack=510 shown=509
[1632489.402] (II) ACK_TRACE cap id=513 mon=0 begin_us=1632489399788 packed_us=1632489403620 sent_us=1632489403637 ack=511 shown=510
[1632489.441] (II) ACK_TRACE cap id=514 mon=0 begin_us=1632489438727 packed_us=1632489441996 sent_us=1632489442009 ack=512 shown=511
[1632489.478] (II) ACK_TRACE cap id=515 mon=0 begin_us=1632489475581 packed_us=1632489479893 sent_us=1632489479911 ack=513 shown=512
[1632489.513] (II) ACK_TRACE cap id=516 mon=0 begin_us=1632489511018 packed_us=1632489514364 sent_us=1632489514373 ack=514 shown=513
[1632489.543] (II) ACK_TRACE cap id=517 mon=0 begin_us=1632489541206 packed_us=1632489544694 sent_us=1632489544703 ack=515 shown=514
[1632489.582] (II) ACK_TRACE cap id=518 mon=0 begin_us=1632489580394 packed_us=1632489583653 sent_us=1632489583661 ack=516 shown=515
[1632489.613] (II) ACK_TRACE cap id=519 mon=0 begin_us=1632489611183 packed_us=1632489614581 sent_us=1632489614587 ack=517 shown=516
[1632489.653] (II) ACK_TRACE cap id=520 mon=0 begin_us=1632489651196 packed_us=1632489654517 sent_us=1632489654532 ack=518 shown=517
[1632489.684] (II) ACK_TRACE cap id=521 mon=0 begin_us=1632489682070 packed_us=1632489685737 sent_us=1632489685754 ack=519 shown=518
[1632489.720] (II) ACK_TRACE cap id=522 mon=0 begin_us=1632489717131 packed_us=1632489721116 sent_us=1632489721131 ack=520 shown=519
[1632489.754] (II) ACK_TRACE cap id=523 mon=0 begin_us=1632489750710 packed_us=1632489755905 sent_us=1632489755920 ack=521 shown=520
[1632489.786] (II) ACK_TRACE cap id=524 mon=0 begin_us=1632489783134 packed_us=1632489787446 sent_us=1632489787460 ack=522 shown=521
[1632489.822] (II) ACK_TRACE cap id=525 mon=0 begin_us=1632489818711 packed_us=1632489823442 sent_us=1632489823459 ack=523 shown=522
[1632489.861] (II) ACK_TRACE cap id=526 mon=0 begin_us=1632489859401 packed_us=1632489862742 sent_us=1632489862755 ack=524 shown=523
[1632489.898] (II) ACK_TRACE cap id=527 mon=0 begin_us=1632489895625 packed_us=1632489899665 sent_us=1632489899681 ack=525 shown=524
[1632489.927] (II) ACK_TRACE cap id=528 mon=0 begin_us=1632489924570 packed_us=1632489928142 sent_us=1632489928161 ack=526 shown=525
[1632489.960] (II) ACK_TRACE cap id=529 mon=0 begin_us=1632489956670 packed_us=1632489961435 sent_us=1632489961454 ack=527 shown=526
[1632489.992] (II) ACK_TRACE cap id=530 mon=0 begin_us=1632489989812 packed_us=1632489993426 sent_us=1632489993438 ack=528 shown=527
[1632490.029] (II) ACK_TRACE cap id=531 mon=0 begin_us=1632490027238 packed_us=1632490030558 sent_us=1632490030573 ack=529 shown=528
[1632490.061] (II) ACK_TRACE cap id=532 mon=0 begin_us=1632490059081 packed_us=1632490062761 sent_us=1632490062779 ack=530 shown=529
[1632490.102] (II) ACK_TRACE cap id=533 mon=0 begin_us=1632490099457 packed_us=1632490103479 sent_us=1632490103496 ack=531 shown=530
[1632490.131] (II) ACK_TRACE cap id=534 mon=0 begin_us=1632490127970 packed_us=1632490132601 sent_us=1632490132619 ack=532 shown=531
[1632490.169] (II) ACK_TRACE cap id=535 mon=0 begin_us=1632490167145 packed_us=1632490170513 sent_us=1632490170530 ack=533 shown=532
[1632490.203] (II) ACK_TRACE cap id=536 mon=0 begin_us=1632490200799 packed_us=1632490204164 sent_us=1632490204175 ack=534 shown=533
[1632490.237] (II) ACK_TRACE cap id=537 mon=0 begin_us=1632490234949 packed_us=1632490238254 sent_us=1632490238264 ack=535 shown=534
[1632490.274] (II) ACK_TRACE cap id=538 mon=0 begin_us=1632490272188 packed_us=1632490275457 sent_us=1632490275469 ack=536 shown=535
[1632490.308] (II) ACK_TRACE cap id=539 mon=0 begin_us=1632490304774 packed_us=1632490309660 sent_us=1632490309677 ack=537 shown=536
[1632490.345] (II) ACK_TRACE cap id=540 mon=0 begin_us=1632490342372 packed_us=1632490346885 sent_us=1632490346899 ack=538 shown=537
[1632490.374] (II) ACK_TRACE cap id=541 mon=0 begin_us=1632490371927 packed_us=1632490375375 sent_us=1632490375384 ack=539 shown=538
[1632490.411] (II) ACK_TRACE cap id=542 mon=0 begin_us=1632490408556 packed_us=1632490412012 sent_us=1632490412021 ack=540 shown=539
[1632490.453] (II) ACK_TRACE cap id=543 mon=0 begin_us=1632490448731 packed_us=1632490454449 sent_us=1632490454468 ack=541 shown=540
[1632490.479] (II) ACK_TRACE cap id=544 mon=0 begin_us=1632490476208 packed_us=1632490480123 sent_us=1632490480137 ack=542 shown=541
[1632490.513] (II) ACK_TRACE cap id=545 mon=0 begin_us=1632490510623 packed_us=1632490514956 sent_us=1632490514970 ack=543 shown=542
[1632490.553] (II) ACK_TRACE cap id=546 mon=0 begin_us=1632490550173 packed_us=1632490554065 sent_us=1632490554082 ack=544 shown=543
[1632490.581] (II) ACK_TRACE cap id=547 mon=0 begin_us=1632490579572 packed_us=1632490582966 sent_us=1632490582975 ack=545 shown=544
[1632490.618] (II) ACK_TRACE cap id=548 mon=0 begin_us=1632490614866 packed_us=1632490619563 sent_us=1632490619583 ack=546 shown=545
[1632490.645] (II) ACK_TRACE cap id=549 mon=0 begin_us=1632490642350 packed_us=1632490646185 sent_us=1632490646203 ack=547 shown=546
[1632490.685] (II) ACK_TRACE cap id=550 mon=0 begin_us=1632490682831 packed_us=1632490686961 sent_us=1632490686975 ack=548 shown=547
[1632490.719] (II) ACK_TRACE cap id=551 mon=0 begin_us=1632490716514 packed_us=1632490720040 sent_us=1632490720059 ack=549 shown=548
[1632490.755] (II) ACK_TRACE cap id=552 mon=0 begin_us=1632490752841 packed_us=1632490756496 sent_us=1632490756514 ack=550 shown=549
[1632490.822] (II) ACK_TRACE cap id=553 mon=0 begin_us=1632490819953 packed_us=1632490823895 sent_us=1632490823916 ack=551 shown=550
[1632490.897] (II) ACK_TRACE cap id=554 mon=0 begin_us=1632490894205 packed_us=1632490898262 sent_us=1632490898280 ack=552 shown=551
[1632490.927] (II) ACK_TRACE cap id=555 mon=0 begin_us=1632490924243 packed_us=1632490928118 sent_us=1632490928131 ack=553 shown=552
[1632490.991] (II) ACK_TRACE cap id=556 mon=0 begin_us=1632490988929 packed_us=1632490992354 sent_us=1632490992368 ack=554 shown=553
[1632491.023] (II) ACK_TRACE cap id=557 mon=0 begin_us=1632491020079 packed_us=1632491024190 sent_us=1632491024201 ack=555 shown=554
[1632491.062] (II) ACK_TRACE cap id=558 mon=0 begin_us=1632491059852 packed_us=1632491063910 sent_us=1632491063929 ack=556 shown=555
[1632491.092] (II) ACK_TRACE cap id=559 mon=0 begin_us=1632491089972 packed_us=1632491093379 sent_us=1632491093387 ack=557 shown=556
[1632491.125] (II) ACK_TRACE cap id=560 mon=0 begin_us=1632491123533 packed_us=1632491126882 sent_us=1632491126896 ack=558 shown=557
[1632491.161] (II) ACK_TRACE cap id=561 mon=0 begin_us=1632491159255 packed_us=1632491162692 sent_us=1632491162712 ack=559 shown=558
[1632491.204] (II) ACK_TRACE cap id=562 mon=0 begin_us=1632491201216 packed_us=1632491205053 sent_us=1632491205067 ack=560 shown=559
[1632491.235] (II) ACK_TRACE cap id=563 mon=0 begin_us=1632491231790 packed_us=1632491236060 sent_us=1632491236074 ack=561 shown=560
[1632491.276] (II) ACK_TRACE cap id=564 mon=0 begin_us=1632491273072 packed_us=1632491276997 sent_us=1632491277013 ack=562 shown=561
[1632491.309] (II) ACK_TRACE cap id=565 mon=0 begin_us=1632491306982 packed_us=1632491310952 sent_us=1632491310964 ack=563 shown=562
[1632491.341] (II) ACK_TRACE cap id=566 mon=0 begin_us=1632491338620 packed_us=1632491342865 sent_us=1632491342876 ack=564 shown=563
[1632491.375] (II) ACK_TRACE cap id=567 mon=0 begin_us=1632491372679 packed_us=1632491376426 sent_us=1632491376438 ack=565 shown=564
[1632491.414] (II) ACK_TRACE cap id=568 mon=0 begin_us=1632491412289 packed_us=1632491415811 sent_us=1632491415821 ack=566 shown=565
[1632491.456] (II) ACK_TRACE cap id=569 mon=0 begin_us=1632491453762 packed_us=1632491457196 sent_us=1632491457211 ack=567 shown=566
[1632491.490] (II) ACK_TRACE cap id=570 mon=0 begin_us=1632491487492 packed_us=1632491491241 sent_us=1632491491256 ack=568 shown=567
[1632491.523] (II) ACK_TRACE cap id=571 mon=0 begin_us=1632491520577 packed_us=1632491524521 sent_us=1632491524535 ack=569 shown=568
[1632491.563] (II) ACK_TRACE cap id=572 mon=0 begin_us=1632491560446 packed_us=1632491564092 sent_us=1632491564108 ack=570 shown=569
[1632491.593] (II) ACK_TRACE cap id=573 mon=0 begin_us=1632491590149 packed_us=1632491594037 sent_us=1632491594051 ack=571 shown=570
[1632491.628] (II) ACK_TRACE cap id=574 mon=0 begin_us=1632491625050 packed_us=1632491629096 sent_us=1632491629111 ack=572 shown=571
[1632491.658] (II) ACK_TRACE cap id=575 mon=0 begin_us=1632491655070 packed_us=1632491659063 sent_us=1632491659074 ack=573 shown=572
[1632491.695] (II) ACK_TRACE cap id=576 mon=0 begin_us=1632491692630 packed_us=1632491696879 sent_us=1632491696890 ack=574 shown=573
[1632491.725] (II) ACK_TRACE cap id=577 mon=0 begin_us=1632491722897 packed_us=1632491726958 sent_us=1632491726970 ack=575 shown=574
[1632491.760] (II) ACK_TRACE cap id=578 mon=0 begin_us=1632491757190 packed_us=1632491761125 sent_us=1632491761137 ack=576 shown=575
[1632491.800] (II) ACK_TRACE cap id=579 mon=0 begin_us=1632491797881 packed_us=1632491801139 sent_us=1632491801158 ack=577 shown=576
[1632491.834] (II) ACK_TRACE cap id=580 mon=0 begin_us=1632491830865 packed_us=1632491835042 sent_us=1632491835055 ack=578 shown=577
[1632491.868] (II) ACK_TRACE cap id=581 mon=0 begin_us=1632491865930 packed_us=1632491869988 sent_us=1632491870001 ack=579 shown=578
[1632491.906] (II) ACK_TRACE cap id=582 mon=0 begin_us=1632491903974 packed_us=1632491907360 sent_us=1632491907373 ack=580 shown=579
[1632491.966] (II) ACK_TRACE cap id=583 mon=0 begin_us=1632491964109 packed_us=1632491967443 sent_us=1632491967457 ack=581 shown=580
[1632491.999] (II) ACK_TRACE cap id=584 mon=0 begin_us=1632491996902 packed_us=1632492000219 sent_us=1632492000227 ack=582 shown=581
[1632492.036] (II) ACK_TRACE cap id=585 mon=0 begin_us=1632492033037 packed_us=1632492037024 sent_us=1632492037040 ack=583 shown=582
[1632492.069] (II) ACK_TRACE cap id=586 mon=0 begin_us=1632492067520 packed_us=1632492070849 sent_us=1632492070860 ack=584 shown=583
[1632492.104] (II) ACK_TRACE cap id=587 mon=0 begin_us=1632492101880 packed_us=1632492105936 sent_us=1632492105945 ack=585 shown=584
[1632492.136] (II) ACK_TRACE cap id=588 mon=0 begin_us=1632492132782 packed_us=1632492137033 sent_us=1632492137046 ack=586 shown=585
[1632492.170] (II) ACK_TRACE cap id=589 mon=0 begin_us=1632492168494 packed_us=1632492171861 sent_us=1632492171876 ack=587 shown=586
[1632492.210] (II) ACK_TRACE cap id=590 mon=0 begin_us=1632492206991 packed_us=1632492211068 sent_us=1632492211084 ack=588 shown=587
[1632492.245] (II) ACK_TRACE cap id=591 mon=0 begin_us=1632492242544 packed_us=1632492246960 sent_us=1632492246977 ack=589 shown=588
[1632492.278] (II) ACK_TRACE cap id=592 mon=0 begin_us=1632492275095 packed_us=1632492279180 sent_us=1632492279193 ack=590 shown=589
[1632492.317] (II) ACK_TRACE cap id=593 mon=0 begin_us=1632492314743 packed_us=1632492318109 sent_us=1632492318122 ack=591 shown=590
[1632492.347] (II) ACK_TRACE cap id=594 mon=0 begin_us=1632492344761 packed_us=1632492348377 sent_us=1632492348389 ack=592 shown=591
[1632492.378] (II) ACK_TRACE cap id=595 mon=0 begin_us=1632492376211 packed_us=1632492379812 sent_us=1632492379829 ack=593 shown=592
[1632492.413] (II) ACK_TRACE cap id=596 mon=0 begin_us=1632492410738 packed_us=1632492414052 sent_us=1632492414061 ack=594 shown=593
[1632492.444] (II) ACK_TRACE cap id=597 mon=0 begin_us=1632492441256 packed_us=1632492445049 sent_us=1632492445063 ack=595 shown=594
[1632492.477] (II) ACK_TRACE cap id=598 mon=0 begin_us=1632492474443 packed_us=1632492478301 sent_us=1632492478315 ack=596 shown=595
[1632492.515] (II) ACK_TRACE cap id=599 mon=0 begin_us=1632492512917 packed_us=1632492516950 sent_us=1632492516964 ack=597 shown=596
[1632492.545] (II) ACK_TRACE cap id=600 mon=0 begin_us=1632492541977 packed_us=1632492546042 sent_us=1632492546053 ack=598 shown=597
[1632492.582] (II) ACK_TRACE cap id=601 mon=0 begin_us=1632492579023 packed_us=1632492583101 sent_us=1632492583123 ack=599 shown=598
[1632492.612] (II) ACK_TRACE cap id=602 mon=0 begin_us=1632492609727 packed_us=1632492613949 sent_us=1632492613964 ack=600 shown=599
[1632492.648] (II) ACK_TRACE cap id=603 mon=0 begin_us=1632492645337 packed_us=1632492649263 sent_us=1632492649276 ack=601 shown=600
[1632492.689] (II) ACK_TRACE cap id=604 mon=0 begin_us=1632492686096 packed_us=1632492690090 sent_us=1632492690103 ack=602 shown=601
[1632492.721] (II) ACK_TRACE cap id=605 mon=0 begin_us=1632492718401 packed_us=1632492722247 sent_us=1632492722258 ack=603 shown=602
[1632492.760] (II) ACK_TRACE cap id=606 mon=0 begin_us=1632492757342 packed_us=1632492761104 sent_us=1632492761119 ack=604 shown=603
[1632492.792] (II) ACK_TRACE cap id=607 mon=0 begin_us=1632492789243 packed_us=1632492793135 sent_us=1632492793148 ack=605 shown=604
[1632492.828] (II) ACK_TRACE cap id=608 mon=0 begin_us=1632492824251 packed_us=1632492828985 sent_us=1632492829006 ack=606 shown=605
[1632492.866] (II) ACK_TRACE cap id=609 mon=0 begin_us=1632492862990 packed_us=1632492867089 sent_us=1632492867103 ack=607 shown=606
[1632492.903] (II) ACK_TRACE cap id=610 mon=0 begin_us=1632492900905 packed_us=1632492904441 sent_us=1632492904451 ack=608 shown=607
[1632492.938] (II) ACK_TRACE cap id=611 mon=0 begin_us=1632492935693 packed_us=1632492939895 sent_us=1632492939907 ack=609 shown=608
[1632492.978] (II) ACK_TRACE cap id=612 mon=0 begin_us=1632492975792 packed_us=1632492979178 sent_us=1632492979194 ack=610 shown=609
[1632493.008] (II) ACK_TRACE cap id=613 mon=0 begin_us=1632493005641 packed_us=1632493009905 sent_us=1632493009915 ack=611 shown=610
[1632493.049] (II) ACK_TRACE cap id=614 mon=0 begin_us=1632493045730 packed_us=1632493050361 sent_us=1632493050376 ack=612 shown=611
[1632493.076] (II) ACK_TRACE cap id=615 mon=0 begin_us=1632493073669 packed_us=1632493077975 sent_us=1632493077985 ack=613 shown=612
[1632493.115] (II) ACK_TRACE cap id=616 mon=0 begin_us=1632493113125 packed_us=1632493116457 sent_us=1632493116468 ack=614 shown=613
[1632493.145] (II) ACK_TRACE cap id=617 mon=0 begin_us=1632493142421 packed_us=1632493146185 sent_us=1632493146201 ack=615 shown=614
[1632493.180] (II) ACK_TRACE cap id=618 mon=0 begin_us=1632493178092 packed_us=1632493181606 sent_us=1632493181619 ack=616 shown=615
[1632493.220] (II) ACK_TRACE cap id=619 mon=0 begin_us=1632493218266 packed_us=1632493221670 sent_us=1632493221681 ack=617 shown=616
[1632493.254] (II) ACK_TRACE cap id=620 mon=0 begin_us=1632493251455 packed_us=1632493255386 sent_us=1632493255405 ack=618 shown=617
[1632493.289] (II) ACK_TRACE cap id=621 mon=0 begin_us=1632493286918 packed_us=1632493290738 sent_us=1632493290748 ack=619 shown=618
[1632493.320] (II) ACK_TRACE cap id=622 mon=0 begin_us=1632493318627 packed_us=1632493321895 sent_us=1632493321909 ack=620 shown=619
[1632493.357] (II) ACK_TRACE cap id=623 mon=0 begin_us=1632493355188 packed_us=1632493358561 sent_us=1632493358577 ack=621 shown=620
[1632493.390] (II) ACK_TRACE cap id=624 mon=0 begin_us=1632493387335 packed_us=1632493391220 sent_us=1632493391230 ack=622 shown=621
[1632493.425] (II) ACK_TRACE cap id=625 mon=0 begin_us=1632493422388 packed_us=1632493426256 sent_us=1632493426270 ack=623 shown=622
[1632493.465] (II) ACK_TRACE cap id=626 mon=0 begin_us=1632493462911 packed_us=1632493466948 sent_us=1632493466969 ack=624 shown=623
[1632493.495] (II) ACK_TRACE cap id=627 mon=0 begin_us=1632493493430 packed_us=1632493496870 sent_us=1632493496883 ack=625 shown=624
[1632493.535] (II) ACK_TRACE cap id=628 mon=0 begin_us=1632493533115 packed_us=1632493536448 sent_us=1632493536458 ack=626 shown=625
[1632493.567] (II) ACK_TRACE cap id=629 mon=0 begin_us=1632493564520 packed_us=1632493567988 sent_us=1632493567996 ack=627 shown=626
[1632493.602] (II) ACK_TRACE cap id=630 mon=0 begin_us=1632493599737 packed_us=1632493603269 sent_us=1632493603280 ack=628 shown=627
[1632493.637] (II) ACK_TRACE cap id=631 mon=0 begin_us=1632493634777 packed_us=1632493638253 sent_us=1632493638263 ack=629 shown=628
[1632493.675] (II) ACK_TRACE cap id=632 mon=0 begin_us=1632493673197 packed_us=1632493676487 sent_us=1632493676504 ack=630 shown=629
[1632493.710] (II) ACK_TRACE cap id=633 mon=0 begin_us=1632493708453 packed_us=1632493711729 sent_us=1632493711740 ack=631 shown=630
[1632493.746] (II) ACK_TRACE cap id=634 mon=0 begin_us=1632493743765 packed_us=1632493747835 sent_us=1632493747852 ack=632 shown=631
[1632493.776] (II) ACK_TRACE cap id=635 mon=0 begin_us=1632493773142 packed_us=1632493777056 sent_us=1632493777078 ack=633 shown=632
[1632493.811] (II) ACK_TRACE cap id=636 mon=0 begin_us=1632493808947 packed_us=1632493812511 sent_us=1632493812529 ack=634 shown=633
[1632493.850] (II) ACK_TRACE cap id=637 mon=0 begin_us=1632493848204 packed_us=1632493851416 sent_us=1632493851430 ack=635 shown=634
[1632493.881] (II) ACK_TRACE cap id=638 mon=0 begin_us=1632493877273 packed_us=1632493882091 sent_us=1632493882101 ack=636 shown=635
[1632493.919] (II) ACK_TRACE cap id=639 mon=0 begin_us=1632493916714 packed_us=1632493920686 sent_us=1632493920704 ack=637 shown=636
[1632493.948] (II) ACK_TRACE cap id=640 mon=0 begin_us=1632493945329 packed_us=1632493949273 sent_us=1632493949289 ack=638 shown=637
[1632493.984] (II) ACK_TRACE cap id=641 mon=0 begin_us=1632493981731 packed_us=1632493985797 sent_us=1632493985813 ack=639 shown=638
[1632494.014] (II) ACK_TRACE cap id=642 mon=0 begin_us=1632494011741 packed_us=1632494015876 sent_us=1632494015890 ack=640 shown=639
[1632494.048] (II) ACK_TRACE cap id=643 mon=0 begin_us=1632494045713 packed_us=1632494049103 sent_us=1632494049117 ack=641 shown=640
[1632494.086] (II) ACK_TRACE cap id=644 mon=0 begin_us=1632494084520 packed_us=1632494087936 sent_us=1632494087950 ack=642 shown=641
[1632494.124] (II) ACK_TRACE cap id=645 mon=0 begin_us=1632494118750 packed_us=1632494125176 sent_us=1632494125186 ack=643 shown=642
[1632494.155] (II) ACK_TRACE cap id=646 mon=0 begin_us=1632494151810 packed_us=1632494156247 sent_us=1632494156262 ack=644 shown=643
[1632494.189] (II) ACK_TRACE cap id=647 mon=0 begin_us=1632494187007 packed_us=1632494190687 sent_us=1632494190705 ack=645 shown=644
[1632494.233] (II) ACK_TRACE cap id=648 mon=0 begin_us=1632494231202 packed_us=1632494234489 sent_us=1632494234505 ack=646 shown=645
[1632494.265] (II) ACK_TRACE cap id=649 mon=0 begin_us=1632494262831 packed_us=1632494266462 sent_us=1632494266484 ack=647 shown=646
[1632494.297] (II) ACK_TRACE cap id=650 mon=0 begin_us=1632494294539 packed_us=1632494298374 sent_us=1632494298387 ack=648 shown=647
[1632494.335] (II) ACK_TRACE cap id=651 mon=0 begin_us=1632494332288 packed_us=1632494336189 sent_us=1632494336210 ack=649 shown=648
[1632494.365] (II) ACK_TRACE cap id=652 mon=0 begin_us=1632494363011 packed_us=1632494366356 sent_us=1632494366373 ack=650 shown=649
[1632494.407] (II) ACK_TRACE cap id=653 mon=0 begin_us=1632494404842 packed_us=1632494408085 sent_us=1632494408099 ack=651 shown=650
[1632494.434] (II) ACK_TRACE cap id=654 mon=0 begin_us=1632494431711 packed_us=1632494435717 sent_us=1632494435733 ack=652 shown=651
[1632494.475] (II) ACK_TRACE cap id=655 mon=0 begin_us=1632494473131 packed_us=1632494476497 sent_us=1632494476507 ack=653 shown=652
[1632494.500] (II) ACK_TRACE cap id=656 mon=0 begin_us=1632494498260 packed_us=1632494501616 sent_us=1632494501624 ack=654 shown=653
[1632494.542] (II) ACK_TRACE cap id=657 mon=0 begin_us=1632494540246 packed_us=1632494543554 sent_us=1632494543568 ack=655 shown=654
[1632494.579] (II) ACK_TRACE cap id=658 mon=0 begin_us=1632494575958 packed_us=1632494580057 sent_us=1632494580071 ack=656 shown=655
[1632494.616] (II) ACK_TRACE cap id=659 mon=0 begin_us=1632494613788 packed_us=1632494617106 sent_us=1632494617118 ack=657 shown=656
[1632494.641] (II) ACK_TRACE cap id=660 mon=0 begin_us=1632494638688 packed_us=1632494642059 sent_us=1632494642072 ack=658 shown=657
[1632494.705] (II) ACK_TRACE cap id=661 mon=0 begin_us=1632494703560 packed_us=1632494706837 sent_us=1632494706853 ack=659 shown=658
[1632494.739] (II) ACK_TRACE cap id=662 mon=0 begin_us=1632494736461 packed_us=1632494740273 sent_us=1632494740286 ack=660 shown=659
[1632494.774] (II) ACK_TRACE cap id=663 mon=0 begin_us=1632494771894 packed_us=1632494775920 sent_us=1632494775935 ack=661 shown=660
[1632494.806] (II) ACK_TRACE cap id=664 mon=0 begin_us=1632494804250 packed_us=1632494807672 sent_us=1632494807690 ack=662 shown=661
[1632494.843] (II) ACK_TRACE cap id=665 mon=0 begin_us=1632494841024 packed_us=1632494844752 sent_us=1632494844763 ack=663 shown=662
[1632494.881] (II) ACK_TRACE cap id=666 mon=0 begin_us=1632494879665 packed_us=1632494882951 sent_us=1632494882968 ack=664 shown=663
[1632494.917] (II) ACK_TRACE cap id=667 mon=0 begin_us=1632494915193 packed_us=1632494918526 sent_us=1632494918537 ack=665 shown=664
[1632494.950] (II) ACK_TRACE cap id=668 mon=0 begin_us=1632494947828 packed_us=1632494951852 sent_us=1632494951868 ack=666 shown=665
[1632494.978] (II) ACK_TRACE cap id=669 mon=0 begin_us=1632494975771 packed_us=1632494979749 sent_us=1632494979760 ack=667 shown=666
[1632495.017] (II) ACK_TRACE cap id=670 mon=0 begin_us=1632495015127 packed_us=1632495018527 sent_us=1632495018540 ack=668 shown=667
[1632495.052] (II) ACK_TRACE cap id=671 mon=0 begin_us=1632495049031 packed_us=1632495053061 sent_us=1632495053077 ack=669 shown=668
[1632495.081] (II) ACK_TRACE cap id=672 mon=0 begin_us=1632495078474 packed_us=1632495082295 sent_us=1632495082307 ack=670 shown=669
[1632495.120] (II) ACK_TRACE cap id=673 mon=0 begin_us=1632495116936 packed_us=1632495121077 sent_us=1632495121088 ack=671 shown=670
[1632495.148] (II) ACK_TRACE cap id=674 mon=0 begin_us=1632495146286 packed_us=1632495149950 sent_us=1632495149967 ack=672 shown=671
[1632495.183] (II) ACK_TRACE cap id=675 mon=0 begin_us=1632495181527 packed_us=1632495184881 sent_us=1632495184898 ack=673 shown=672
[1632495.218] (II) ACK_TRACE cap id=676 mon=0 begin_us=1632495214836 packed_us=1632495219018 sent_us=1632495219033 ack=674 shown=673
[1632495.258] (II) ACK_TRACE cap id=677 mon=0 begin_us=1632495255421 packed_us=1632495259211 sent_us=1632495259223 ack=675 shown=674
[1632495.289] (II) ACK_TRACE cap id=678 mon=0 begin_us=1632495287225 packed_us=1632495290934 sent_us=1632495290947 ack=676 shown=675
[1632495.328] (II) ACK_TRACE cap id=679 mon=0 begin_us=1632495325091 packed_us=1632495329069 sent_us=1632495329079 ack=677 shown=676
[1632495.360] (II) ACK_TRACE cap id=680 mon=0 begin_us=1632495357219 packed_us=1632495361144 sent_us=1632495361153 ack=678 shown=677
[1632495.401] (II) ACK_TRACE cap id=681 mon=0 begin_us=1632495398705 packed_us=1632495402956 sent_us=1632495402971 ack=679 shown=678
[1632495.431] (II) ACK_TRACE cap id=682 mon=0 begin_us=1632495428730 packed_us=1632495432846 sent_us=1632495432858 ack=680 shown=679
[1632495.462] (II) ACK_TRACE cap id=683 mon=0 begin_us=1632495459810 packed_us=1632495463320 sent_us=1632495463340 ack=681 shown=680
[1632495.502] (II) ACK_TRACE cap id=684 mon=0 begin_us=1632495498998 packed_us=1632495503001 sent_us=1632495503019 ack=682 shown=681
[1632495.538] (II) ACK_TRACE cap id=685 mon=0 begin_us=1632495535614 packed_us=1632495539774 sent_us=1632495539787 ack=683 shown=682
[1632495.568] (II) ACK_TRACE cap id=686 mon=0 begin_us=1632495564735 packed_us=1632495569040 sent_us=1632495569057 ack=684 shown=683
[1632495.610] (II) ACK_TRACE cap id=687 mon=0 begin_us=1632495608592 packed_us=1632495611972 sent_us=1632495611982 ack=685 shown=684
[1632495.647] (II) ACK_TRACE cap id=688 mon=0 begin_us=1632495644820 packed_us=1632495648177 sent_us=1632495648193 ack=686 shown=685
[1632495.678] (II) ACK_TRACE cap id=689 mon=0 begin_us=1632495675136 packed_us=1632495679111 sent_us=1632495679123 ack=687 shown=686
[1632495.709] (II) ACK_TRACE cap id=690 mon=0 begin_us=1632495706044 packed_us=1632495710220 sent_us=1632495710233 ack=688 shown=687
[1632495.746] (II) ACK_TRACE cap id=691 mon=0 begin_us=1632495743795 packed_us=1632495747403 sent_us=1632495747414 ack=689 shown=688
[1632495.781] (II) ACK_TRACE cap id=692 mon=0 begin_us=1632495779406 packed_us=1632495782937 sent_us=1632495782946 ack=690 shown=689
[1632495.811] (II) ACK_TRACE cap id=693 mon=0 begin_us=1632495809302 packed_us=1632495812704 sent_us=1632495812714 ack=691 shown=690
[1632495.873] (II) ACK_TRACE cap id=694 mon=0 begin_us=1632495871212 packed_us=1632495874492 sent_us=1632495874501 ack=692 shown=691
[1632495.902] (II) ACK_TRACE cap id=695 mon=0 begin_us=1632495900263 packed_us=1632495903906 sent_us=1632495903920 ack=693 shown=692
[1632495.935] (II) ACK_TRACE cap id=696 mon=0 begin_us=1632495933313 packed_us=1632495936787 sent_us=1632495936801 ack=694 shown=693
[1632495.970] (II) ACK_TRACE cap id=697 mon=0 begin_us=1632495968262 packed_us=1632495971895 sent_us=1632495971910 ack=695 shown=694
[1632496.005] (II) ACK_TRACE cap id=698 mon=0 begin_us=1632496002783 packed_us=1632496006249 sent_us=1632496006261 ack=696 shown=695
[1632496.048] (II) ACK_TRACE cap id=699 mon=0 begin_us=1632496046106 packed_us=1632496049412 sent_us=1632496049424 ack=697 shown=696
[1632496.086] (II) ACK_TRACE cap id=700 mon=0 begin_us=1632496084566 packed_us=1632496087941 sent_us=1632496087950 ack=698 shown=697
[1632496.124] (II) ACK_TRACE cap id=701 mon=0 begin_us=1632496122430 packed_us=1632496125800 sent_us=1632496125812 ack=699 shown=698
[1632496.157] (II) ACK_TRACE cap id=702 mon=0 begin_us=1632496154481 packed_us=1632496158166 sent_us=1632496158178 ack=700 shown=699
[1632496.200] (II) ACK_TRACE cap id=703 mon=0 begin_us=1632496197312 packed_us=1632496201441 sent_us=1632496201455 ack=701 shown=700
[1632496.230] (II) ACK_TRACE cap id=704 mon=0 begin_us=1632496226793 packed_us=1632496231388 sent_us=1632496231416 ack=702 shown=701
[1632496.293] (II) ACK_TRACE cap id=705 mon=0 begin_us=1632496290479 packed_us=1632496294177 sent_us=1632496294191 ack=703 shown=702
[1632496.323] (II) ACK_TRACE cap id=706 mon=0 begin_us=1632496320480 packed_us=1632496324529 sent_us=1632496324541 ack=704 shown=703
[1632496.361] (II) ACK_TRACE cap id=707 mon=0 begin_us=1632496358184 packed_us=1632496362064 sent_us=1632496362078 ack=705 shown=704
[1632496.395] (II) ACK_TRACE cap id=708 mon=0 begin_us=1632496392921 packed_us=1632496396279 sent_us=1632496396294 ack=706 shown=705
[1632496.433] (II) ACK_TRACE cap id=709 mon=0 begin_us=1632496430574 packed_us=1632496434432 sent_us=1632496434447 ack=707 shown=706
[1632496.468] (II) ACK_TRACE cap id=710 mon=0 begin_us=1632496465833 packed_us=1632496469834 sent_us=1632496469848 ack=708 shown=707
[1632496.503] (II) ACK_TRACE cap id=711 mon=0 begin_us=1632496501025 packed_us=1632496504283 sent_us=1632496504300 ack=709 shown=708
[1632496.536] (II) ACK_TRACE cap id=712 mon=0 begin_us=1632496533736 packed_us=1632496537769 sent_us=1632496537783 ack=710 shown=709
[1632496.577] (II) ACK_TRACE cap id=713 mon=0 begin_us=1632496574861 packed_us=1632496578960 sent_us=1632496578976 ack=711 shown=710
[1632496.608] (II) ACK_TRACE cap id=714 mon=0 begin_us=1632496606010 packed_us=1632496609853 sent_us=1632496609867 ack=712 shown=711
[1632496.651] (II) ACK_TRACE cap id=715 mon=0 begin_us=1632496648393 packed_us=1632496652323 sent_us=1632496652335 ack=713 shown=712
[1632496.682] (II) ACK_TRACE cap id=716 mon=0 begin_us=1632496680248 packed_us=1632496683591 sent_us=1632496683602 ack=714 shown=713
[1632496.719] (II) ACK_TRACE cap id=717 mon=0 begin_us=1632496716645 packed_us=1632496720868 sent_us=1632496720880 ack=715 shown=714
[1632496.751] (II) ACK_TRACE cap id=718 mon=0 begin_us=1632496748135 packed_us=1632496752092 sent_us=1632496752104 ack=716 shown=715
[1632496.783] (II) ACK_TRACE cap id=719 mon=0 begin_us=1632496780863 packed_us=1632496784478 sent_us=1632496784488 ack=717 shown=716
[1632496.822] (II) ACK_TRACE cap id=720 mon=0 begin_us=1632496818682 packed_us=1632496823090 sent_us=1632496823106 ack=718 shown=717
[1632496.852] (II) ACK_TRACE cap id=721 mon=0 begin_us=1632496849559 packed_us=1632496853447 sent_us=1632496853465 ack=719 shown=718
[1632496.890] (II) ACK_TRACE cap id=722 mon=0 begin_us=1632496886728 packed_us=1632496891035 sent_us=1632496891050 ack=720 shown=719
[1632496.921] (II) ACK_TRACE cap id=723 mon=0 begin_us=1632496918715 packed_us=1632496922854 sent_us=1632496922865 ack=721 shown=720
[1632496.986] (II) ACK_TRACE cap id=724 mon=0 begin_us=1632496984047 packed_us=1632496987332 sent_us=1632496987346 ack=722 shown=721
[1632497.051] (II) ACK_TRACE cap id=725 mon=0 begin_us=1632497049409 packed_us=1632497052783 sent_us=1632497052797 ack=723 shown=722
[1632497.136] (II) ACK_TRACE cap id=726 mon=0 begin_us=1632497133150 packed_us=1632497137189 sent_us=1632497137204 ack=724 shown=723
[1632497.179] (II) ACK_TRACE cap id=727 mon=0 begin_us=1632497177562 packed_us=1632497180880 sent_us=1632497180891 ack=725 shown=724
[1632497.261] (II) ACK_TRACE cap id=728 mon=0 begin_us=1632497257858 packed_us=1632497262032 sent_us=1632497262045 ack=726 shown=725
[1632497.323] (II) ACK_TRACE cap id=729 mon=0 begin_us=1632497320835 packed_us=1632497324941 sent_us=1632497324957 ack=727 shown=726
[1632497.395] (II) ACK_TRACE cap id=730 mon=0 begin_us=1632497392430 packed_us=1632497396181 sent_us=1632497396196 ack=728 shown=728
[1632497.426] (II) ACK_TRACE cap id=731 mon=0 begin_us=1632497423961 packed_us=1632497427870 sent_us=1632497427883 ack=729 shown=728
[1632497.486] (II) ACK_TRACE cap id=732 mon=0 begin_us=1632497484121 packed_us=1632497487374 sent_us=1632497487387 ack=730 shown=729
[1632497.551] (II) ACK_TRACE cap id=733 mon=0 begin_us=1632497549356 packed_us=1632497552578 sent_us=1632497552588 ack=731 shown=731
[1632497.589] (II) ACK_TRACE cap id=734 mon=0 begin_us=1632497586057 packed_us=1632497590758 sent_us=1632497590775 ack=732 shown=731
[1632497.631] (II) ACK_TRACE cap id=735 mon=0 begin_us=1632497628239 packed_us=1632497632109 sent_us=1632497632124 ack=733 shown=732
[1632497.695] (II) ACK_TRACE cap id=736 mon=0 begin_us=1632497692876 packed_us=1632497696222 sent_us=1632497696235 ack=734 shown=733
[1632497.723] (II) ACK_TRACE cap id=737 mon=0 begin_us=1632497721403 packed_us=1632497724910 sent_us=1632497724920 ack=735 shown=734
[1632497.759] (II) ACK_TRACE cap id=738 mon=0 begin_us=1632497756955 packed_us=1632497760274 sent_us=1632497760281 ack=736 shown=735
[1632497.789] (II) ACK_TRACE cap id=739 mon=0 begin_us=1632497786622 packed_us=1632497790163 sent_us=1632497790172 ack=737 shown=736
[1632497.821] (II) ACK_TRACE cap id=740 mon=0 begin_us=1632497818254 packed_us=1632497822250 sent_us=1632497822263 ack=738 shown=737
[1632497.855] (II) ACK_TRACE cap id=741 mon=0 begin_us=1632497852155 packed_us=1632497856055 sent_us=1632497856073 ack=739 shown=738
[1632497.893] (II) ACK_TRACE cap id=742 mon=0 begin_us=1632497891248 packed_us=1632497894641 sent_us=1632497894651 ack=740 shown=739
[1632497.930] (II) ACK_TRACE cap id=743 mon=0 begin_us=1632497925687 packed_us=1632497931874 sent_us=1632497931889 ack=741 shown=740
[1632497.960] (II) ACK_TRACE cap id=744 mon=0 begin_us=1632497957257 packed_us=1632497961110 sent_us=1632497961124 ack=742 shown=741
[1632497.994] (II) ACK_TRACE cap id=745 mon=0 begin_us=1632497991934 packed_us=1632497995788 sent_us=1632497995802 ack=743 shown=742
[1632498.035] (II) ACK_TRACE cap id=746 mon=0 begin_us=1632498033294 packed_us=1632498036636 sent_us=1632498036652 ack=744 shown=743
[1632498.068] (II) ACK_TRACE cap id=747 mon=0 begin_us=1632498065200 packed_us=1632498069667 sent_us=1632498069679 ack=745 shown=744
[1632498.105] (II) ACK_TRACE cap id=748 mon=0 begin_us=1632498102504 packed_us=1632498106392 sent_us=1632498106408 ack=746 shown=745
[1632498.146] (II) ACK_TRACE cap id=749 mon=0 begin_us=1632498143321 packed_us=1632498147080 sent_us=1632498147093 ack=747 shown=746
[1632498.175] (II) ACK_TRACE cap id=750 mon=0 begin_us=1632498172964 packed_us=1632498176543 sent_us=1632498176560 ack=748 shown=747
[1632498.214] (II) ACK_TRACE cap id=751 mon=0 begin_us=1632498211904 packed_us=1632498215290 sent_us=1632498215303 ack=749 shown=748
[1632498.252] (II) ACK_TRACE cap id=752 mon=0 begin_us=1632498249772 packed_us=1632498253842 sent_us=1632498253852 ack=750 shown=749
[1632498.282] (II) ACK_TRACE cap id=753 mon=0 begin_us=1632498279372 packed_us=1632498283214 sent_us=1632498283228 ack=751 shown=750
[1632498.320] (II) ACK_TRACE cap id=754 mon=0 begin_us=1632498317580 packed_us=1632498321217 sent_us=1632498321230 ack=752 shown=751
[1632498.348] (II) ACK_TRACE cap id=755 mon=0 begin_us=1632498345952 packed_us=1632498349959 sent_us=1632498349970 ack=753 shown=752
[1632498.361] (EE) dbus-core: error connecting to system bus: org.freedesktop.DBus.Error.FileNotFound (Failed to connect to socket /run/dbus/system_bus_socket: No such file or directory)
[1632498.413] (II) ACK_TRACE cap id=756 mon=0 begin_us=1632498410884 packed_us=1632498414288 sent_us=1632498414304 ack=754 shown=753
[1632498.451] (II) ACK_TRACE cap id=757 mon=0 begin_us=1632498447526 packed_us=1632498452154 sent_us=1632498452166 ack=755 shown=754
[1632498.485] (II) ACK_TRACE cap id=758 mon=0 begin_us=1632498481844 packed_us=1632498486001 sent_us=1632498486020 ack=756 shown=755
[1632498.518] (II) ACK_TRACE cap id=759 mon=0 begin_us=1632498514849 packed_us=1632498519103 sent_us=1632498519119 ack=757 shown=756
[1632498.555] (II) ACK_TRACE cap id=760 mon=0 begin_us=1632498552879 packed_us=1632498556543 sent_us=1632498556556 ack=758 shown=757
[1632498.589] (II) ACK_TRACE cap id=761 mon=0 begin_us=1632498587258 packed_us=1632498590720 sent_us=1632498590733 ack=759 shown=758
[1632498.626] (II) ACK_TRACE cap id=762 mon=0 begin_us=1632498623285 packed_us=1632498627269 sent_us=1632498627283 ack=760 shown=759
[1632498.671] (II) ACK_TRACE cap id=763 mon=0 begin_us=1632498667579 packed_us=1632498672940 sent_us=1632498672957 ack=761 shown=760
[1632498.697] (II) ACK_TRACE cap id=764 mon=0 begin_us=1632498695015 packed_us=1632498698411 sent_us=1632498698426 ack=762 shown=761
[1632498.737] (II) ACK_TRACE cap id=765 mon=0 begin_us=1632498734561 packed_us=1632498738341 sent_us=1632498738356 ack=763 shown=762
[1632498.766] (II) ACK_TRACE cap id=766 mon=0 begin_us=1632498763488 packed_us=1632498767952 sent_us=1632498767966 ack=764 shown=763
[1632498.801] (II) ACK_TRACE cap id=767 mon=0 begin_us=1632498798546 packed_us=1632498802334 sent_us=1632498802345 ack=765 shown=764
[1632498.839] (II) ACK_TRACE cap id=768 mon=0 begin_us=1632498837175 packed_us=1632498840506 sent_us=1632498840516 ack=766 shown=765
[1632498.872] (II) ACK_TRACE cap id=769 mon=0 begin_us=1632498870231 packed_us=1632498873668 sent_us=1632498873679 ack=767 shown=766
[1632498.902] (II) ACK_TRACE cap id=770 mon=0 begin_us=1632498898959 packed_us=1632498903023 sent_us=1632498903034 ack=768 shown=767
[1632498.936] (II) ACK_TRACE cap id=771 mon=0 begin_us=1632498933515 packed_us=1632498937013 sent_us=1632498937024 ack=769 shown=768
[1632498.977] (II) ACK_TRACE cap id=772 mon=0 begin_us=1632498974927 packed_us=1632498978353 sent_us=1632498978368 ack=770 shown=769
[1632499.011] (II) ACK_TRACE cap id=773 mon=0 begin_us=1632499006162 packed_us=1632499012215 sent_us=1632499012232 ack=771 shown=770
[1632499.049] (II) ACK_TRACE cap id=774 mon=0 begin_us=1632499045100 packed_us=1632499050330 sent_us=1632499050347 ack=772 shown=771
[1632499.077] (II) ACK_TRACE cap id=775 mon=0 begin_us=1632499075335 packed_us=1632499078821 sent_us=1632499078833 ack=773 shown=772
[1632499.117] (II) ACK_TRACE cap id=776 mon=0 begin_us=1632499114748 packed_us=1632499117989 sent_us=1632499118001 ack=774 shown=773
[1632499.151] (II) ACK_TRACE cap id=777 mon=0 begin_us=1632499148178 packed_us=1632499152143 sent_us=1632499152156 ack=775 shown=774
[1632499.188] (II) ACK_TRACE cap id=778 mon=0 begin_us=1632499185431 packed_us=1632499189218 sent_us=1632499189231 ack=776 shown=775
[1632499.224] (II) ACK_TRACE cap id=779 mon=0 begin_us=1632499222208 packed_us=1632499225477 sent_us=1632499225490 ack=777 shown=776
[1632499.256] (II) ACK_TRACE cap id=780 mon=0 begin_us=1632499254269 packed_us=1632499257897 sent_us=1632499257912 ack=778 shown=777
[1632499.293] (II) ACK_TRACE cap id=781 mon=0 begin_us=1632499290922 packed_us=1632499294265 sent_us=1632499294279 ack=779 shown=778
[1632499.365] (II) ACK_TRACE cap id=782 mon=0 begin_us=1632499361270 packed_us=1632499366496 sent_us=1632499366511 ack=780 shown=779
[1632499.390] (II) ACK_TRACE cap id=783 mon=0 begin_us=1632499388363 packed_us=1632499391853 sent_us=1632499391866 ack=781 shown=780
[1632499.426] (II) ACK_TRACE cap id=784 mon=0 begin_us=1632499423339 packed_us=1632499427286 sent_us=1632499427300 ack=782 shown=781
[1632499.468] (II) ACK_TRACE cap id=785 mon=0 begin_us=1632499465674 packed_us=1632499469037 sent_us=1632499469049 ack=783 shown=782
[1632499.494] (II) ACK_TRACE cap id=786 mon=0 begin_us=1632499491833 packed_us=1632499495959 sent_us=1632499495976 ack=784 shown=783
[1632499.535] (II) ACK_TRACE cap id=787 mon=0 begin_us=1632499532945 packed_us=1632499536162 sent_us=1632499536173 ack=785 shown=784
[1632499.567] (II) ACK_TRACE cap id=788 mon=0 begin_us=1632499564349 packed_us=1632499568129 sent_us=1632499568141 ack=786 shown=785
[1632499.605] (II) ACK_TRACE cap id=789 mon=0 begin_us=1632499601860 packed_us=1632499606096 sent_us=1632499606110 ack=787 shown=786
[1632499.636] (II) ACK_TRACE cap id=790 mon=0 begin_us=1632499631792 packed_us=1632499636991 sent_us=1632499637009 ack=788 shown=787
[1632499.669] (II) ACK_TRACE cap id=791 mon=0 begin_us=1632499666147 packed_us=1632499670137 sent_us=1632499670147 ack=789 shown=788
[1632499.700] (II) ACK_TRACE cap id=792 mon=0 begin_us=1632499697480 packed_us=1632499701299 sent_us=1632499701310 ack=790 shown=789
[1632499.737] (II) ACK_TRACE cap id=793 mon=0 begin_us=1632499735088 packed_us=1632499738431 sent_us=1632499738442 ack=791 shown=790
[1632499.765] (II) ACK_TRACE cap id=794 mon=0 begin_us=1632499763006 packed_us=1632499766887 sent_us=1632499766899 ack=792 shown=791
[1632499.801] (II) ACK_TRACE cap id=795 mon=0 begin_us=1632499798394 packed_us=1632499802182 sent_us=1632499802194 ack=793 shown=792
[1632499.840] (II) ACK_TRACE cap id=796 mon=0 begin_us=1632499838323 packed_us=1632499841625 sent_us=1632499841633 ack=794 shown=793
[1632499.871] (II) ACK_TRACE cap id=797 mon=0 begin_us=1632499867743 packed_us=1632499871994 sent_us=1632499872006 ack=795 shown=794
[1632499.909] (II) ACK_TRACE cap id=798 mon=0 begin_us=1632499906773 packed_us=1632499910231 sent_us=1632499910247 ack=796 shown=795
[1632499.947] (II) ACK_TRACE cap id=799 mon=0 begin_us=1632499944700 packed_us=1632499948889 sent_us=1632499948902 ack=797 shown=796
[1632499.986] (II) ACK_TRACE cap id=800 mon=0 begin_us=1632499982068 packed_us=1632499987096 sent_us=1632499987115 ack=798 shown=797
[1632500.029] (II) ACK_TRACE cap id=801 mon=0 begin_us=1632500026898 packed_us=1632500030895 sent_us=1632500030905 ack=799 shown=798
[1632500.062] (II) ACK_TRACE cap id=802 mon=0 begin_us=1632500057948 packed_us=1632500063050 sent_us=1632500063065 ack=800 shown=799
[1632500.095] (II) ACK_TRACE cap id=803 mon=0 begin_us=1632500092729 packed_us=1632500096488 sent_us=1632500096504 ack=801 shown=800
[1632500.138] (II) ACK_TRACE cap id=804 mon=0 begin_us=1632500136521 packed_us=1632500139739 sent_us=1632500139748 ack=802 shown=801
[1632500.165] (II) ACK_TRACE cap id=805 mon=0 begin_us=1632500161731 packed_us=1632500166147 sent_us=1632500166172 ack=803 shown=802
[1632500.200] (II) ACK_TRACE cap id=806 mon=0 begin_us=1632500196815 packed_us=1632500201237 sent_us=1632500201262 ack=804 shown=803
[1632500.240] (II) ACK_TRACE cap id=807 mon=0 begin_us=1632500237891 packed_us=1632500241182 sent_us=1632500241193 ack=805 shown=804
[1632500.272] (II) ACK_TRACE cap id=808 mon=0 begin_us=1632500269268 packed_us=1632500273096 sent_us=1632500273115 ack=806 shown=805
[1632500.308] (II) ACK_TRACE cap id=809 mon=0 begin_us=1632500305237 packed_us=1632500309209 sent_us=1632500309222 ack=807 shown=806
[1632500.337] (II) ACK_TRACE cap id=810 mon=0 begin_us=1632500334013 packed_us=1632500338055 sent_us=1632500338069 ack=808 shown=807
[1632500.374] (II) ACK_TRACE cap id=811 mon=0 begin_us=1632500371203 packed_us=1632500375212 sent_us=1632500375226 ack=809 shown=808
[1632500.417] (II) ACK_TRACE cap id=812 mon=0 begin_us=1632500413027 packed_us=1632500418304 sent_us=1632500418321 ack=810 shown=809
[1632500.451] (II) ACK_TRACE cap id=813 mon=0 begin_us=1632500448039 packed_us=1632500452032 sent_us=1632500452044 ack=811 shown=810
[1632500.481] (II) ACK_TRACE cap id=814 mon=0 begin_us=1632500478466 packed_us=1632500482324 sent_us=1632500482336 ack=812 shown=811
[1632500.518] (II) ACK_TRACE cap id=815 mon=0 begin_us=1632500515206 packed_us=1632500519185 sent_us=1632500519199 ack=813 shown=812
[1632500.557] (II) ACK_TRACE cap id=816 mon=0 begin_us=1632500554033 packed_us=1632500558068 sent_us=1632500558088 ack=814 shown=813
[1632500.587] (II) ACK_TRACE cap id=817 mon=0 begin_us=1632500584753 packed_us=1632500588300 sent_us=1632500588317 ack=815 shown=814
[1632500.621] (II) ACK_TRACE cap id=818 mon=0 begin_us=1632500618364 packed_us=1632500622132 sent_us=1632500622148 ack=816 shown=815
[1632500.658] (II) ACK_TRACE cap id=819 mon=0 begin_us=1632500656280 packed_us=1632500659607 sent_us=1632500659622 ack=817 shown=816
[1632500.689] (II) ACK_TRACE cap id=820 mon=0 begin_us=1632500686105 packed_us=1632500690137 sent_us=1632500690147 ack=818 shown=817
[1632500.725] (II) ACK_TRACE cap id=821 mon=0 begin_us=1632500723160 packed_us=1632500726775 sent_us=1632500726791 ack=819 shown=818
[1632500.766] (II) ACK_TRACE cap id=822 mon=0 begin_us=1632500763093 packed_us=1632500767092 sent_us=1632500767105 ack=820 shown=819
[1632500.793] (II) ACK_TRACE cap id=823 mon=0 begin_us=1632500791037 packed_us=1632500794304 sent_us=1632500794313 ack=821 shown=820
[1632500.862] (II) ACK_TRACE cap id=824 mon=0 begin_us=1632500859064 packed_us=1632500863115 sent_us=1632500863132 ack=822 shown=821
[1632500.897] (II) ACK_TRACE cap id=825 mon=0 begin_us=1632500894527 packed_us=1632500898189 sent_us=1632500898202 ack=823 shown=822
[1632500.927] (II) ACK_TRACE cap id=826 mon=0 begin_us=1632500924585 packed_us=1632500928013 sent_us=1632500928022 ack=824 shown=823
[1632500.962] (II) ACK_TRACE cap id=827 mon=0 begin_us=1632500960371 packed_us=1632500963762 sent_us=1632500963770 ack=825 shown=824
[1632501.001] (II) ACK_TRACE cap id=828 mon=0 begin_us=1632500999567 packed_us=1632501002969 sent_us=1632501002983 ack=826 shown=825
[1632501.035] (II) ACK_TRACE cap id=829 mon=0 begin_us=1632501033168 packed_us=1632501036943 sent_us=1632501036959 ack=827 shown=826
[1632501.075] (II) ACK_TRACE cap id=830 mon=0 begin_us=1632501072728 packed_us=1632501076731 sent_us=1632501076750 ack=828 shown=827
[1632501.103] (II) ACK_TRACE cap id=831 mon=0 begin_us=1632501100070 packed_us=1632501104535 sent_us=1632501104548 ack=829 shown=828
[1632501.144] (II) ACK_TRACE cap id=832 mon=0 begin_us=1632501141615 packed_us=1632501145364 sent_us=1632501145379 ack=830 shown=829
[1632501.179] (II) ACK_TRACE cap id=833 mon=0 begin_us=1632501176014 packed_us=1632501180070 sent_us=1632501180083 ack=831 shown=830
[1632501.210] (II) ACK_TRACE cap id=834 mon=0 begin_us=1632501206983 packed_us=1632501211127 sent_us=1632501211140 ack=832 shown=831
[1632501.247] (II) ACK_TRACE cap id=835 mon=0 begin_us=1632501244794 packed_us=1632501248173 sent_us=1632501248186 ack=833 shown=832
[1632501.286] (II) ACK_TRACE cap id=836 mon=0 begin_us=1632501282871 packed_us=1632501287059 sent_us=1632501287069 ack=834 shown=833
[1632501.316] (II) ACK_TRACE cap id=837 mon=0 begin_us=1632501313960 packed_us=1632501317403 sent_us=1632501317413 ack=835 shown=834
[1632501.350] (II) ACK_TRACE cap id=838 mon=0 begin_us=1632501347182 packed_us=1632501351038 sent_us=1632501351052 ack=836 shown=835
[1632501.388] (II) ACK_TRACE cap id=839 mon=0 begin_us=1632501385243 packed_us=1632501389074 sent_us=1632501389090 ack=837 shown=836
[1632501.419] (II) ACK_TRACE cap id=840 mon=0 begin_us=1632501416822 packed_us=1632501420961 sent_us=1632501420974 ack=838 shown=837
[1632501.455] (II) ACK_TRACE cap id=841 mon=0 begin_us=1632501452396 packed_us=1632501456219 sent_us=1632501456232 ack=839 shown=838
[1632501.487] (II) ACK_TRACE cap id=842 mon=0 begin_us=1632501482749 packed_us=1632501488797 sent_us=1632501488811 ack=840 shown=839
[1632501.517] (II) ACK_TRACE cap id=843 mon=0 begin_us=1632501513635 packed_us=1632501518199 sent_us=1632501518213 ack=841 shown=840
[1632501.556] (II) ACK_TRACE cap id=844 mon=0 begin_us=1632501554026 packed_us=1632501557957 sent_us=1632501557974 ack=842 shown=841
[1632501.596] (II) ACK_TRACE cap id=845 mon=0 begin_us=1632501594644 packed_us=1632501597903 sent_us=1632501597913 ack=843 shown=842
[1632501.628] (II) ACK_TRACE cap id=846 mon=0 begin_us=1632501625583 packed_us=1632501629258 sent_us=1632501629272 ack=844 shown=843
[1632501.667] (II) ACK_TRACE cap id=847 mon=0 begin_us=1632501664653 packed_us=1632501668119 sent_us=1632501668131 ack=845 shown=844
[1632501.694] (II) ACK_TRACE cap id=848 mon=0 begin_us=1632501691381 packed_us=1632501695819 sent_us=1632501695835 ack=846 shown=845
[1632501.731] (II) ACK_TRACE cap id=849 mon=0 begin_us=1632501728939 packed_us=1632501732887 sent_us=1632501732901 ack=847 shown=846
[1632501.771] (II) ACK_TRACE cap id=850 mon=0 begin_us=1632501769127 packed_us=1632501772910 sent_us=1632501772926 ack=848 shown=847
[1632501.808] (II) ACK_TRACE cap id=851 mon=0 begin_us=1632501806631 packed_us=1632501809889 sent_us=1632501809898 ack=849 shown=848
[1632501.843] (II) ACK_TRACE cap id=852 mon=0 begin_us=1632501837645 packed_us=1632501844871 sent_us=1632501844891 ack=850 shown=849
[1632501.882] (II) ACK_TRACE cap id=853 mon=0 begin_us=1632501879726 packed_us=1632501882996 sent_us=1632501883008 ack=851 shown=850
[1632501.917] (II) ACK_TRACE cap id=854 mon=0 begin_us=1632501914794 packed_us=1632501918860 sent_us=1632501918869 ack=852 shown=851
[1632501.948] (II) ACK_TRACE cap id=855 mon=0 begin_us=1632501945629 packed_us=1632501949219 sent_us=1632501949233 ack=853 shown=852
[1632501.987] (II) ACK_TRACE cap id=856 mon=0 begin_us=1632501985526 packed_us=1632501988889 sent_us=1632501988900 ack=854 shown=853
[1632502.021] (II) ACK_TRACE cap id=857 mon=0 begin_us=1632502019473 packed_us=1632502022897 sent_us=1632502022907 ack=855 shown=854
[1632502.127] (II) ACK_TRACE cap id=858 mon=0 begin_us=1632502124435 packed_us=1632502128244 sent_us=1632502128257 ack=856 shown=856
[1632502.143] (II) ACK_TRACE cap id=859 mon=0 begin_us=1632502140636 packed_us=1632502144224 sent_us=1632502144233 ack=857 shown=856
[1632502.211] (II) ACK_TRACE cap id=860 mon=0 begin_us=1632502208668 packed_us=1632502212620 sent_us=1632502212634 ack=858 shown=857
[1632502.266] (II) ACK_TRACE cap id=861 mon=0 begin_us=1632502263699 packed_us=1632502267905 sent_us=1632502267920 ack=859 shown=858
[1632502.321] (II) ACK_TRACE cap id=862 mon=0 begin_us=1632502316570 packed_us=1632502322282 sent_us=1632502322291 ack=860 shown=859
[1632502.375] (II) ACK_TRACE cap id=863 mon=0 begin_us=1632502370791 packed_us=1632502376889 sent_us=1632502376903 ack=861 shown=860
[1632502.453] (II) ACK_TRACE cap id=864 mon=0 begin_us=1632502449108 packed_us=1632502454956 sent_us=1632502454969 ack=862 shown=862
[1632502.485] (II) ACK_TRACE cap id=865 mon=0 begin_us=1632502480631 packed_us=1632502486395 sent_us=1632502486407 ack=863 shown=862
[1632502.539] (II) ACK_TRACE cap id=866 mon=0 begin_us=1632502535484 packed_us=1632502540190 sent_us=1632502540199 ack=864 shown=863
[1632502.611] (II) ACK_TRACE cap id=867 mon=0 begin_us=1632502606179 packed_us=1632502612100 sent_us=1632502612112 ack=865 shown=865
[1632502.632] (II) ACK_TRACE cap id=868 mon=0 begin_us=1632502627864 packed_us=1632502633750 sent_us=1632502633760 ack=866 shown=865
[1632502.677] (II) ACK_TRACE cap id=869 mon=0 begin_us=1632502674501 packed_us=1632502678026 sent_us=1632502678038 ack=867 shown=866
[1632502.761] (II) ACK_TRACE cap id=870 mon=0 begin_us=1632502759307 packed_us=1632502762691 sent_us=1632502762707 ack=868 shown=867
[1632502.804] (II) ACK_TRACE cap id=871 mon=0 begin_us=1632502801209 packed_us=1632502805096 sent_us=1632502805111 ack=869 shown=868
[1632502.840] (II) ACK_TRACE cap id=872 mon=0 begin_us=1632502837689 packed_us=1632502841800 sent_us=1632502841818 ack=870 shown=869
[1632502.880] (II) ACK_TRACE cap id=873 mon=0 begin_us=1632502877877 packed_us=1632502881670 sent_us=1632502881682 ack=871 shown=870
[1632502.916] (II) ACK_TRACE cap id=874 mon=0 begin_us=1632502910934 packed_us=1632502917066 sent_us=1632502917084 ack=872 shown=871
[1632502.953] (II) ACK_TRACE cap id=875 mon=0 begin_us=1632502948039 packed_us=1632502954133 sent_us=1632502954146 ack=873 shown=872
[1632502.985] (II) ACK_TRACE cap id=876 mon=0 begin_us=1632502983346 packed_us=1632502986888 sent_us=1632502986900 ack=874 shown=873
[1632503.024] (II) ACK_TRACE cap id=877 mon=0 begin_us=1632503021806 packed_us=1632503025346 sent_us=1632503025358 ack=875 shown=874
[1632503.061] (II) ACK_TRACE cap id=878 mon=0 begin_us=1632503059583 packed_us=1632503062954 sent_us=1632503062967 ack=876 shown=875
[1632503.100] (II) ACK_TRACE cap id=879 mon=0 begin_us=1632503097170 packed_us=1632503101060 sent_us=1632503101073 ack=877 shown=876
[1632503.129] (II) ACK_TRACE cap id=880 mon=0 begin_us=1632503126236 packed_us=1632503130176 sent_us=1632503130190 ack=878 shown=877
[1632503.166] (II) ACK_TRACE cap id=881 mon=0 begin_us=1632503163601 packed_us=1632503167005 sent_us=1632503167027 ack=879 shown=878
[1632503.198] (II) ACK_TRACE cap id=882 mon=0 begin_us=1632503196151 packed_us=1632503199724 sent_us=1632503199737 ack=880 shown=879
[1632503.229] (II) ACK_TRACE cap id=883 mon=0 begin_us=1632503226584 packed_us=1632503230150 sent_us=1632503230162 ack=881 shown=880
[1632503.268] (II) ACK_TRACE cap id=884 mon=0 begin_us=1632503265854 packed_us=1632503269785 sent_us=1632503269795 ack=882 shown=881
[1632503.302] (II) ACK_TRACE cap id=885 mon=0 begin_us=1632503298979 packed_us=1632503303045 sent_us=1632503303059 ack=883 shown=882
[1632503.336] (II) ACK_TRACE cap id=886 mon=0 begin_us=1632503333158 packed_us=1632503337031 sent_us=1632503337042 ack=884 shown=883
[1632503.370] (II) ACK_TRACE cap id=887 mon=0 begin_us=1632503367521 packed_us=1632503371223 sent_us=1632503371237 ack=885 shown=884
[1632503.403] (II) ACK_TRACE cap id=888 mon=0 begin_us=1632503397919 packed_us=1632503404162 sent_us=1632503404179 ack=886 shown=885
[1632503.436] (II) ACK_TRACE cap id=889 mon=0 begin_us=1632503432929 packed_us=1632503437483 sent_us=1632503437500 ack=887 shown=886
[1632503.480] (II) ACK_TRACE cap id=890 mon=0 begin_us=1632503474582 packed_us=1632503481107 sent_us=1632503481124 ack=888 shown=887
[1632503.506] (II) ACK_TRACE cap id=891 mon=0 begin_us=1632503501229 packed_us=1632503507034 sent_us=1632503507050 ack=889 shown=888
[1632503.541] (II) ACK_TRACE cap id=892 mon=0 begin_us=1632503537906 packed_us=1632503542606 sent_us=1632503542622 ack=890 shown=889
[1632503.579] (II) ACK_TRACE cap id=893 mon=0 begin_us=1632503576483 packed_us=1632503580025 sent_us=1632503580042 ack=891 shown=890
[1632503.617] (II) ACK_TRACE cap id=894 mon=0 begin_us=1632503614023 packed_us=1632503618790 sent_us=1632503618804 ack=892 shown=891
[1632503.653] (II) ACK_TRACE cap id=895 mon=0 begin_us=1632503651425 packed_us=1632503654815 sent_us=1632503654828 ack=893 shown=892
[1632503.685] (II) ACK_TRACE cap id=896 mon=0 begin_us=1632503683016 packed_us=1632503686408 sent_us=1632503686419 ack=894 shown=893
[1632503.723] (II) ACK_TRACE cap id=897 mon=0 begin_us=1632503721501 packed_us=1632503724895 sent_us=1632503724908 ack=895 shown=894
[1632503.761] (II) ACK_TRACE cap id=898 mon=0 begin_us=1632503757752 packed_us=1632503762347 sent_us=1632503762360 ack=896 shown=895
[1632503.800] (II) ACK_TRACE cap id=899 mon=0 begin_us=1632503797041 packed_us=1632503801045 sent_us=1632503801056 ack=897 shown=896
[1632503.838] (II) ACK_TRACE cap id=900 mon=0 begin_us=1632503835549 packed_us=1632503839284 sent_us=1632503839296 ack=898 shown=897
[1632503.868] (II) ACK_TRACE cap id=901 mon=0 begin_us=1632503863894 packed_us=1632503869880 sent_us=1632503869893 ack=899 shown=898
[1632503.932] (II) ACK_TRACE cap id=902 mon=0 begin_us=1632503928960 packed_us=1632503932970 sent_us=1632503932988 ack=900 shown=899
[1632503.962] (II) ACK_TRACE cap id=903 mon=0 begin_us=1632503960226 packed_us=1632503963732 sent_us=1632503963747 ack=901 shown=900
[1632503.997] (II) ACK_TRACE cap id=904 mon=0 begin_us=1632503994764 packed_us=1632503998038 sent_us=1632503998056 ack=902 shown=901
[1632504.033] (II) ACK_TRACE cap id=905 mon=0 begin_us=1632504030127 packed_us=1632504034642 sent_us=1632504034658 ack=903 shown=902
[1632504.061] (II) ACK_TRACE cap id=906 mon=0 begin_us=1632504057766 packed_us=1632504062035 sent_us=1632504062050 ack=904 shown=903
[1632504.095] (II) ACK_TRACE cap id=907 mon=0 begin_us=1632504093029 packed_us=1632504096534 sent_us=1632504096545 ack=905 shown=904
[1632504.135] (II) ACK_TRACE cap id=908 mon=0 begin_us=1632504132187 packed_us=1632504136160 sent_us=1632504136177 ack=906 shown=905
[1632504.163] (II) ACK_TRACE cap id=909 mon=0 begin_us=1632504161476 packed_us=1632504164873 sent_us=1632504164885 ack=907 shown=906
[1632504.199] (II) ACK_TRACE cap id=910 mon=0 begin_us=1632504196203 packed_us=1632504200116 sent_us=1632504200125 ack=908 shown=907
[1632504.236] (II) ACK_TRACE cap id=911 mon=0 begin_us=1632504234178 packed_us=1632504237619 sent_us=1632504237629 ack=909 shown=908
[1632504.276] (II) ACK_TRACE cap id=912 mon=0 begin_us=1632504274481 packed_us=1632504277830 sent_us=1632504277838 ack=910 shown=909
[1632504.302] (II) ACK_TRACE cap id=913 mon=0 begin_us=1632504300366 packed_us=1632504303843 sent_us=1632504303855 ack=911 shown=910
[1632504.366] (II) ACK_TRACE cap id=914 mon=0 begin_us=1632504363872 packed_us=1632504367712 sent_us=1632504367732 ack=912 shown=911
[1632504.399] (II) ACK_TRACE cap id=915 mon=0 begin_us=1632504396857 packed_us=1632504400353 sent_us=1632504400365 ack=913 shown=912
[1632504.437] (II) ACK_TRACE cap id=916 mon=0 begin_us=1632504434649 packed_us=1632504438136 sent_us=1632504438148 ack=914 shown=913
[1632504.472] (II) ACK_TRACE cap id=917 mon=0 begin_us=1632504469665 packed_us=1632504473061 sent_us=1632504473074 ack=915 shown=914
[1632504.513] (II) ACK_TRACE cap id=918 mon=0 begin_us=1632504511323 packed_us=1632504514659 sent_us=1632504514669 ack=916 shown=915
[1632504.550] (II) ACK_TRACE cap id=919 mon=0 begin_us=1632504547457 packed_us=1632504551144 sent_us=1632504551158 ack=917 shown=916
[1632504.585] (II) ACK_TRACE cap id=920 mon=0 begin_us=1632504582513 packed_us=1632504586153 sent_us=1632504586164 ack=918 shown=917
[1632504.622] (II) ACK_TRACE cap id=921 mon=0 begin_us=1632504619027 packed_us=1632504622993 sent_us=1632504623008 ack=919 shown=918
[1632504.681] (II) ACK_TRACE cap id=922 mon=0 begin_us=1632504678235 packed_us=1632504682120 sent_us=1632504682136 ack=920 shown=920
[1632504.699] (II) ACK_TRACE cap id=923 mon=0 begin_us=1632504694808 packed_us=1632504700572 sent_us=1632504700595 ack=921 shown=920
[1632504.730] (II) ACK_TRACE cap id=924 mon=0 begin_us=1632504728339 packed_us=1632504731734 sent_us=1632504731751 ack=922 shown=921
[1632504.762] (II) ACK_TRACE cap id=925 mon=0 begin_us=1632504760455 packed_us=1632504763841 sent_us=1632504763848 ack=923 shown=922
[1632504.800] (II) ACK_TRACE cap id=926 mon=0 begin_us=1632504798352 packed_us=1632504801850 sent_us=1632504801856 ack=924 shown=923
[1632504.839] (II) ACK_TRACE cap id=927 mon=0 begin_us=1632504837496 packed_us=1632504840904 sent_us=1632504840919 ack=925 shown=924
[1632504.876] (II) ACK_TRACE cap id=928 mon=0 begin_us=1632504873719 packed_us=1632504877904 sent_us=1632504877918 ack=926 shown=925
[1632504.912] (II) ACK_TRACE cap id=929 mon=0 begin_us=1632504910449 packed_us=1632504913875 sent_us=1632504913886 ack=927 shown=926
[1632504.948] (II) ACK_TRACE cap id=930 mon=0 begin_us=1632504945110 packed_us=1632504949784 sent_us=1632504949799 ack=928 shown=927
[1632504.982] (II) ACK_TRACE cap id=931 mon=0 begin_us=1632504980102 packed_us=1632504983442 sent_us=1632504983453 ack=929 shown=928
[1632505.017] (II) ACK_TRACE cap id=932 mon=0 begin_us=1632505015408 packed_us=1632505018765 sent_us=1632505018778 ack=930 shown=929
[1632505.047] (II) ACK_TRACE cap id=933 mon=0 begin_us=1632505044726 packed_us=1632505048474 sent_us=1632505048485 ack=931 shown=930
[1632505.085] (II) ACK_TRACE cap id=934 mon=0 begin_us=1632505082926 packed_us=1632505086302 sent_us=1632505086318 ack=932 shown=931
[1632505.115] (II) ACK_TRACE cap id=935 mon=0 begin_us=1632505112258 packed_us=1632505116216 sent_us=1632505116228 ack=933 shown=932
[1632505.153] (II) ACK_TRACE cap id=936 mon=0 begin_us=1632505150676 packed_us=1632505154050 sent_us=1632505154064 ack=934 shown=933
[1632505.184] (II) ACK_TRACE cap id=937 mon=0 begin_us=1632505181027 packed_us=1632505185268 sent_us=1632505185284 ack=935 shown=934
[1632505.218] (II) ACK_TRACE cap id=938 mon=0 begin_us=1632505215902 packed_us=1632505219541 sent_us=1632505219554 ack=936 shown=935
[1632505.258] (II) ACK_TRACE cap id=939 mon=0 begin_us=1632505255953 packed_us=1632505259894 sent_us=1632505259908 ack=937 shown=936
[1632505.298] (II) ACK_TRACE cap id=940 mon=0 begin_us=1632505293517 packed_us=1632505299561 sent_us=1632505299579 ack=938 shown=937
[1632505.334] (II) ACK_TRACE cap id=941 mon=0 begin_us=1632505332042 packed_us=1632505335948 sent_us=1632505335967 ack=939 shown=938
[1632505.367] (II) ACK_TRACE cap id=942 mon=0 begin_us=1632505364538 packed_us=1632505368411 sent_us=1632505368427 ack=940 shown=939
[1632505.406] (II) ACK_TRACE cap id=943 mon=0 begin_us=1632505403937 packed_us=1632505407299 sent_us=1632505407312 ack=941 shown=940
[1632505.440] (II) ACK_TRACE cap id=944 mon=0 begin_us=1632505436937 packed_us=1632505441115 sent_us=1632505441131 ack=942 shown=941
[1632505.478] (II) ACK_TRACE cap id=945 mon=0 begin_us=1632505475453 packed_us=1632505479942 sent_us=1632505479958 ack=943 shown=942
[1632505.513] (II) ACK_TRACE cap id=946 mon=0 begin_us=1632505510137 packed_us=1632505514100 sent_us=1632505514113 ack=944 shown=943
[1632505.552] (II) ACK_TRACE cap id=947 mon=0 begin_us=1632505548985 packed_us=1632505553638 sent_us=1632505553657 ack=945 shown=944
[1632505.583] (II) ACK_TRACE cap id=948 mon=0 begin_us=1632505579991 packed_us=1632505584383 sent_us=1632505584399 ack=946 shown=945
[1632505.619] (II) ACK_TRACE cap id=949 mon=0 begin_us=1632505616501 packed_us=1632505620593 sent_us=1632505620606 ack=947 shown=946
[1632505.659] (II) ACK_TRACE cap id=950 mon=0 begin_us=1632505656914 packed_us=1632505660198 sent_us=1632505660207 ack=948 shown=947
[1632505.690] (II) ACK_TRACE cap id=951 mon=0 begin_us=1632505687423 packed_us=1632505691284 sent_us=1632505691298 ack=949 shown=948
[1632505.732] (II) ACK_TRACE cap id=952 mon=0 begin_us=1632505729497 packed_us=1632505733201 sent_us=1632505733218 ack=950 shown=949
[1632505.764] (II) ACK_TRACE cap id=953 mon=0 begin_us=1632505761590 packed_us=1632505765632 sent_us=1632505765650 ack=951 shown=950
[1632505.805] (II) ACK_TRACE cap id=954 mon=0 begin_us=1632505802729 packed_us=1632505806934 sent_us=1632505806949 ack=952 shown=951
[1632505.832] (II) ACK_TRACE cap id=955 mon=0 begin_us=1632505829858 packed_us=1632505833261 sent_us=1632505833271 ack=953 shown=952
[1632505.894] (II) ACK_TRACE cap id=956 mon=0 begin_us=1632505891205 packed_us=1632505895118 sent_us=1632505895133 ack=954 shown=953
[1632505.928] (II) ACK_TRACE cap id=957 mon=0 begin_us=1632505925018 packed_us=1632505929392 sent_us=1632505929407 ack=955 shown=954
[1632505.965] (II) ACK_TRACE cap id=958 mon=0 begin_us=1632505963022 packed_us=1632505966977 sent_us=1632505966989 ack=956 shown=955
[1632505.994] (II) ACK_TRACE cap id=959 mon=0 begin_us=1632505992244 packed_us=1632505995595 sent_us=1632505995612 ack=957 shown=956
[1632506.030] (II) ACK_TRACE cap id=960 mon=0 begin_us=1632506028126 packed_us=1632506031530 sent_us=1632506031540 ack=958 shown=957
[1632506.064] (II) ACK_TRACE cap id=961 mon=0 begin_us=1632506062526 packed_us=1632506065890 sent_us=1632506065904 ack=959 shown=958
[1632506.096] (II) ACK_TRACE cap id=962 mon=0 begin_us=1632506093446 packed_us=1632506097174 sent_us=1632506097185 ack=960 shown=959
[1632506.142] (II) ACK_TRACE cap id=963 mon=0 begin_us=1632506137085 packed_us=1632506143683 sent_us=1632506143697 ack=961 shown=960
[1632506.170] (II) ACK_TRACE cap id=964 mon=0 begin_us=1632506167951 packed_us=1632506171346 sent_us=1632506171358 ack=962 shown=961
[1632506.209] (II) ACK_TRACE cap id=965 mon=0 begin_us=1632506206182 packed_us=1632506210056 sent_us=1632506210072 ack=963 shown=962
[1632506.247] (II) ACK_TRACE cap id=966 mon=0 begin_us=1632506245091 packed_us=1632506248444 sent_us=1632506248452 ack=964 shown=963
[1632506.280] (II) ACK_TRACE cap id=967 mon=0 begin_us=1632506275853 packed_us=1632506281899 sent_us=1632506281918 ack=965 shown=964
[1632506.319] (II) ACK_TRACE cap id=968 mon=0 begin_us=1632506316688 packed_us=1632506320100 sent_us=1632506320116 ack=966 shown=965
[1632506.355] (II) ACK_TRACE cap id=969 mon=0 begin_us=1632506352297 packed_us=1632506356116 sent_us=1632506356129 ack=967 shown=966
[1632506.397] (II) ACK_TRACE cap id=970 mon=0 begin_us=1632506394775 packed_us=1632506398214 sent_us=1632506398226 ack=968 shown=967
[1632506.514] (II) ACK_TRACE cap id=971 mon=0 begin_us=1632506510965 packed_us=1632506515145 sent_us=1632506515160 ack=969 shown=969
[1632506.560] (II) ACK_TRACE cap id=972 mon=0 begin_us=1632506557604 packed_us=1632506561689 sent_us=1632506561706 ack=970 shown=969
[1632506.602] (II) ACK_TRACE cap id=973 mon=0 begin_us=1632506599180 packed_us=1632506603058 sent_us=1632506603073 ack=971 shown=970
[1632506.675] (II) ACK_TRACE cap id=974 mon=0 begin_us=1632506672231 packed_us=1632506676086 sent_us=1632506676103 ack=972 shown=971
[1632506.720] (II) ACK_TRACE cap id=975 mon=0 begin_us=1632506718305 packed_us=1632506721599 sent_us=1632506721608 ack=973 shown=972
[1632506.803] (II) ACK_TRACE cap id=976 mon=0 begin_us=1632506800801 packed_us=1632506804393 sent_us=1632506804408 ack=974 shown=973
[1632506.849] (II) ACK_TRACE cap id=977 mon=0 begin_us=1632506847548 packed_us=1632506850842 sent_us=1632506850856 ack=975 shown=974
[1632506.920] (II) ACK_TRACE cap id=978 mon=0 begin_us=1632506918367 packed_us=1632506921617 sent_us=1632506921627 ack=976 shown=976
[1632506.960] (II) ACK_TRACE cap id=979 mon=0 begin_us=1632506956920 packed_us=1632506961616 sent_us=1632506961631 ack=977 shown=976
[1632507.000] (II) ACK_TRACE cap id=980 mon=0 begin_us=1632506998180 packed_us=1632507001476 sent_us=1632507001488 ack=978 shown=977
[1632507.066] (II) ACK_TRACE cap id=981 mon=0 begin_us=1632507063205 packed_us=1632507067168 sent_us=1632507067186 ack=979 shown=978
[1632507.099] (II) ACK_TRACE cap id=982 mon=0 begin_us=1632507095664 packed_us=1632507100763 sent_us=1632507100779 ack=980 shown=979
[1632507.170] (II) ACK_TRACE cap id=983 mon=0 begin_us=1632507167439 packed_us=1632507171138 sent_us=1632507171154 ack=981 shown=980
[1632507.214] (II) ACK_TRACE cap id=984 mon=0 begin_us=1632507210744 packed_us=1632507215033 sent_us=1632507215049 ack=982 shown=981
[1632507.250] (II) ACK_TRACE cap id=985 mon=0 begin_us=1632507246022 packed_us=1632507251034 sent_us=1632507251055 ack=983 shown=982
[1632507.295] (II) ACK_TRACE cap id=986 mon=0 begin_us=1632507292288 packed_us=1632507296188 sent_us=1632507296198 ack=984 shown=983
[1632507.327] (II) ACK_TRACE cap id=987 mon=0 begin_us=1632507324655 packed_us=1632507328079 sent_us=1632507328082 ack=985 shown=984
[1632507.367] (II) ACK_TRACE cap id=988 mon=0 begin_us=1632507364267 packed_us=1632507368118 sent_us=1632507368127 ack=986 shown=985
[1632507.409] (II) ACK_TRACE cap id=989 mon=0 begin_us=1632507405540 packed_us=1632507410260 sent_us=1632507410278 ack=987 shown=986
[1632507.450] (II) ACK_TRACE cap id=990 mon=0 begin_us=1632507447256 packed_us=1632507451192 sent_us=1632507451208 ack=988 shown=987
[1632507.480] (II) ACK_TRACE cap id=991 mon=0 begin_us=1632507478177 packed_us=1632507481573 sent_us=1632507481583 ack=989 shown=988
[1632507.513] (II) ACK_TRACE cap id=992 mon=0 begin_us=1632507510699 packed_us=1632507514137 sent_us=1632507514147 ack=990 shown=989
[1632507.554] (II) ACK_TRACE cap id=993 mon=0 begin_us=1632507550676 packed_us=1632507554987 sent_us=1632507555007 ack=991 shown=990
[1632507.586] (II) ACK_TRACE cap id=994 mon=0 begin_us=1632507583299 packed_us=1632507587379 sent_us=1632507587398 ack=992 shown=991
[1632507.620] (II) ACK_TRACE cap id=995 mon=0 begin_us=1632507616739 packed_us=1632507621126 sent_us=1632507621141 ack=993 shown=992
[1632507.653] (II) ACK_TRACE cap id=996 mon=0 begin_us=1632507650626 packed_us=1632507654257 sent_us=1632507654271 ack=994 shown=993
[1632507.692] (II) ACK_TRACE cap id=997 mon=0 begin_us=1632507686450 packed_us=1632507693401 sent_us=1632507693413 ack=995 shown=994
[1632507.721] (II) ACK_TRACE cap id=998 mon=0 begin_us=1632507719070 packed_us=1632507722561 sent_us=1632507722573 ack=996 shown=995
[1632507.764] (II) ACK_TRACE cap id=999 mon=0 begin_us=1632507760733 packed_us=1632507765004 sent_us=1632507765024 ack=997 shown=996
[1632507.804] (II) ACK_TRACE cap id=1000 mon=0 begin_us=1632507801561 packed_us=1632507805075 sent_us=1632507805090 ack=998 shown=997
[1632507.840] (II) ACK_TRACE cap id=1001 mon=0 begin_us=1632507837466 packed_us=1632507841250 sent_us=1632507841265 ack=999 shown=998
[1632507.871] (II) ACK_TRACE cap id=1002 mon=0 begin_us=1632507868492 packed_us=1632507872175 sent_us=1632507872192 ack=1000 shown=999
[1632507.903] (II) ACK_TRACE cap id=1003 mon=0 begin_us=1632507900030 packed_us=1632507904152 sent_us=1632507904163 ack=1001 shown=1000
[1632507.935] (II) ACK_TRACE cap id=1004 mon=0 begin_us=1632507932165 packed_us=1632507936202 sent_us=1632507936211 ack=1002 shown=1001
[1632507.971] (II) ACK_TRACE cap id=1005 mon=0 begin_us=1632507969652 packed_us=1632507972984 sent_us=1632507973000 ack=1003 shown=1002
[1632508.007] (II) ACK_TRACE cap id=1006 mon=0 begin_us=1632508004088 packed_us=1632508008013 sent_us=1632508008029 ack=1004 shown=1003
[1632508.035] (II) ACK_TRACE cap id=1007 mon=0 begin_us=1632508032579 packed_us=1632508036207 sent_us=1632508036220 ack=1005 shown=1004
[1632508.072] (II) ACK_TRACE cap id=1008 mon=0 begin_us=1632508069797 packed_us=1632508073898 sent_us=1632508073911 ack=1006 shown=1005
[1632508.104] (II) ACK_TRACE cap id=1009 mon=0 begin_us=1632508101820 packed_us=1632508105767 sent_us=1632508105778 ack=1007 shown=1006
[1632508.144] (II) ACK_TRACE cap id=1010 mon=0 begin_us=1632508141586 packed_us=1632508145225 sent_us=1632508145237 ack=1008 shown=1007
[1632508.176] (II) ACK_TRACE cap id=1011 mon=0 begin_us=1632508171762 packed_us=1632508177740 sent_us=1632508177759 ack=1009 shown=1008
[1632508.217] (II) ACK_TRACE cap id=1012 mon=0 begin_us=1632508212283 packed_us=1632508218134 sent_us=1632508218146 ack=1010 shown=1009
[1632508.253] (II) ACK_TRACE cap id=1013 mon=0 begin_us=1632508248318 packed_us=1632508254249 sent_us=1632508254259 ack=1011 shown=1010
[1632508.286] (II) ACK_TRACE cap id=1014 mon=0 begin_us=1632508281265 packed_us=1632508287266 sent_us=1632508287278 ack=1012 shown=1011
[1632508.318] (II) ACK_TRACE cap id=1015 mon=0 begin_us=1632508315851 packed_us=1632508319739 sent_us=1632508319749 ack=1013 shown=1012
[1632508.353] (II) ACK_TRACE cap id=1016 mon=0 begin_us=1632508347568 packed_us=1632508354278 sent_us=1632508354288 ack=1014 shown=1013
[1632508.363] (EE) dbus-core: error connecting to system bus: org.freedesktop.DBus.Error.FileNotFound (Failed to connect to socket /run/dbus/system_bus_socket: No such file or directory)
[1632508.389] (II) ACK_TRACE cap id=1017 mon=0 begin_us=1632508387234 packed_us=1632508390609 sent_us=1632508390621 ack=1015 shown=1014
[1632508.425] (II) ACK_TRACE cap id=1018 mon=0 begin_us=1632508422348 packed_us=1632508426284 sent_us=1632508426301 ack=1016 shown=1015
[1632508.458] (II) ACK_TRACE cap id=1019 mon=0 begin_us=1632508455226 packed_us=1632508459063 sent_us=1632508459074 ack=1017 shown=1016
[1632508.496] (II) ACK_TRACE cap id=1020 mon=0 begin_us=1632508494259 packed_us=1632508497505 sent_us=1632508497521 ack=1018 shown=1017
[1632508.524] (II) ACK_TRACE cap id=1021 mon=0 begin_us=1632508521118 packed_us=1632508525835 sent_us=1632508525851 ack=1019 shown=1018
[1632508.562] (II) ACK_TRACE cap id=1022 mon=0 begin_us=1632508559763 packed_us=1632508563960 sent_us=1632508563976 ack=1020 shown=1019
[1632508.590] (II) ACK_TRACE cap id=1023 mon=0 begin_us=1632508587157 packed_us=1632508591080 sent_us=1632508591092 ack=1021 shown=1020
[1632508.631] (II) ACK_TRACE cap id=1024 mon=0 begin_us=1632508628165 packed_us=1632508632115 sent_us=1632508632128 ack=1022 shown=1021
[1632508.660] (II) ACK_TRACE cap id=1025 mon=0 begin_us=1632508657660 packed_us=1632508661385 sent_us=1632508661398 ack=1023 shown=1022
[1632508.699] (II) ACK_TRACE cap id=1026 mon=0 begin_us=1632508696006 packed_us=1632508700067 sent_us=1632508700081 ack=1024 shown=1023
[1632508.728] (II) ACK_TRACE cap id=1027 mon=0 begin_us=1632508725680 packed_us=1632508729955 sent_us=1632508729970 ack=1025 shown=1024
[1632508.766] (II) ACK_TRACE cap id=1028 mon=0 begin_us=1632508763718 packed_us=1632508767942 sent_us=1632508767959 ack=1026 shown=1025
[1632508.796] (II) ACK_TRACE cap id=1029 mon=0 begin_us=1632508794197 packed_us=1632508797859 sent_us=1632508797873 ack=1027 shown=1026
[1632508.840] (II) ACK_TRACE cap id=1030 mon=0 begin_us=1632508836827 packed_us=1632508841015 sent_us=1632508841027 ack=1028 shown=1027
[1632508.869] (II) ACK_TRACE cap id=1031 mon=0 begin_us=1632508867154 packed_us=1632508870780 sent_us=1632508870793 ack=1029 shown=1028
[1632508.905] (II) ACK_TRACE cap id=1032 mon=0 begin_us=1632508902150 packed_us=1632508906102 sent_us=1632508906114 ack=1030 shown=1029
[1632508.940] (II) ACK_TRACE cap id=1033 mon=0 begin_us=1632508937064 packed_us=1632508941280 sent_us=1632508941293 ack=1031 shown=1030
[1632508.979] (II) ACK_TRACE cap id=1034 mon=0 begin_us=1632508976706 packed_us=1632508980903 sent_us=1632508980917 ack=1032 shown=1031
[1632509.017] (II) ACK_TRACE cap id=1035 mon=0 begin_us=1632509009009 packed_us=1632509018740 sent_us=1632509018755 ack=1033 shown=1032
[1632509.050] (II) ACK_TRACE cap id=1036 mon=0 begin_us=1632509047298 packed_us=1632509051129 sent_us=1632509051143 ack=1034 shown=1033
[1632509.078] (II) ACK_TRACE cap id=1037 mon=0 begin_us=1632509075600 packed_us=1632509079309 sent_us=1632509079323 ack=1035 shown=1034
[1632509.142] (II) ACK_TRACE cap id=1038 mon=0 begin_us=1632509138893 packed_us=1632509143033 sent_us=1632509143048 ack=1036 shown=1035
[1632509.180] (II) ACK_TRACE cap id=1039 mon=0 begin_us=1632509177271 packed_us=1632509181185 sent_us=1632509181197 ack=1037 shown=1036
[1632509.215] (II) ACK_TRACE cap id=1040 mon=0 begin_us=1632509212428 packed_us=1632509216254 sent_us=1632509216265 ack=1038 shown=1037
[1632509.250] (II) ACK_TRACE cap id=1041 mon=0 begin_us=1632509247264 packed_us=1632509251073 sent_us=1632509251090 ack=1039 shown=1038
[1632509.286] (II) ACK_TRACE cap id=1042 mon=0 begin_us=1632509283587 packed_us=1632509287019 sent_us=1632509287034 ack=1040 shown=1039
[1632509.321] (II) ACK_TRACE cap id=1043 mon=0 begin_us=1632509318836 packed_us=1632509322217 sent_us=1632509322232 ack=1041 shown=1040
[1632509.360] (II) ACK_TRACE cap id=1044 mon=0 begin_us=1632509357114 packed_us=1632509361108 sent_us=1632509361121 ack=1042 shown=1041
[1632509.386] (II) ACK_TRACE cap id=1045 mon=0 begin_us=1632509383026 packed_us=1632509387045 sent_us=1632509387060 ack=1043 shown=1042
[1632509.419] (II) ACK_TRACE cap id=1046 mon=0 begin_us=1632509416223 packed_us=1632509420808 sent_us=1632509420820 ack=1044 shown=1043
[1632509.456] (II) ACK_TRACE cap id=1047 mon=0 begin_us=1632509454350 packed_us=1632509457718 sent_us=1632509457728 ack=1045 shown=1044
[1632509.486] (II) ACK_TRACE cap id=1048 mon=0 begin_us=1632509483209 packed_us=1632509487233 sent_us=1632509487248 ack=1046 shown=1045
[1632509.525] (II) ACK_TRACE cap id=1049 mon=0 begin_us=1632509522408 packed_us=1632509526252 sent_us=1632509526263 ack=1047 shown=1046
[1632509.554] (II) ACK_TRACE cap id=1050 mon=0 begin_us=1632509552072 packed_us=1632509555518 sent_us=1632509555528 ack=1048 shown=1047
[1632509.590] (II) ACK_TRACE cap id=1051 mon=0 begin_us=1632509588290 packed_us=1632509591618 sent_us=1632509591626 ack=1049 shown=1048
[1632509.629] (II) ACK_TRACE cap id=1052 mon=0 begin_us=1632509626358 packed_us=1632509630266 sent_us=1632509630277 ack=1050 shown=1049
[1632509.667] (II) ACK_TRACE cap id=1053 mon=0 begin_us=1632509664200 packed_us=1632509668009 sent_us=1632509668024 ack=1051 shown=1050
[1632509.702] (II) ACK_TRACE cap id=1054 mon=0 begin_us=1632509700266 packed_us=1632509703694 sent_us=1632509703708 ack=1052 shown=1051
[1632509.738] (II) ACK_TRACE cap id=1055 mon=0 begin_us=1632509735317 packed_us=1632509739138 sent_us=1632509739155 ack=1053 shown=1052
[1632509.768] (II) ACK_TRACE cap id=1056 mon=0 begin_us=1632509765240 packed_us=1632509769834 sent_us=1632509769854 ack=1054 shown=1053
[1632509.806] (II) ACK_TRACE cap id=1057 mon=0 begin_us=1632509804579 packed_us=1632509807906 sent_us=1632509807919 ack=1055 shown=1054
[1632509.833] (II) ACK_TRACE cap id=1058 mon=0 begin_us=1632509831148 packed_us=1632509834962 sent_us=1632509834974 ack=1056 shown=1055
[1632509.872] (II) ACK_TRACE cap id=1059 mon=0 begin_us=1632509870146 packed_us=1632509873422 sent_us=1632509873436 ack=1057 shown=1056
[1632509.906] (II) ACK_TRACE cap id=1060 mon=0 begin_us=1632509904495 packed_us=1632509907804 sent_us=1632509907818 ack=1058 shown=1057
[1632509.936] (II) ACK_TRACE cap id=1061 mon=0 begin_us=1632509932972 packed_us=1632509937019 sent_us=1632509937031 ack=1059 shown=1058
[1632509.976] (II) ACK_TRACE cap id=1062 mon=0 begin_us=1632509972440 packed_us=1632509977772 sent_us=1632509977786 ack=1060 shown=1059
[1632510.004] (II) ACK_TRACE cap id=1063 mon=0 begin_us=1632510001309 packed_us=1632510005550 sent_us=1632510005563 ack=1061 shown=1060
[1632510.043] (II) ACK_TRACE cap id=1064 mon=0 begin_us=1632510039997 packed_us=1632510044110 sent_us=1632510044122 ack=1062 shown=1061
[1632510.072] (II) ACK_TRACE cap id=1065 mon=0 begin_us=1632510069208 packed_us=1632510073764 sent_us=1632510073778 ack=1063 shown=1062
[1632510.117] (II) ACK_TRACE cap id=1066 mon=0 begin_us=1632510112441 packed_us=1632510118420 sent_us=1632510118433 ack=1064 shown=1063
[1632510.154] (II) ACK_TRACE cap id=1067 mon=0 begin_us=1632510148352 packed_us=1632510155108 sent_us=1632510155124 ack=1065 shown=1064
[1632510.181] (II) ACK_TRACE cap id=1068 mon=0 begin_us=1632510178228 packed_us=1632510182257 sent_us=1632510182277 ack=1066 shown=1065
[1632510.239] (II) ACK_TRACE cap id=1069 mon=0 begin_us=1632510236585 packed_us=1632510240427 sent_us=1632510240442 ack=1067 shown=1066
[1632510.272] (II) ACK_TRACE cap id=1070 mon=0 begin_us=1632510269269 packed_us=1632510273383 sent_us=1632510273404 ack=1068 shown=1067
[1632510.312] (II) ACK_TRACE cap id=1071 mon=0 begin_us=1632510309957 packed_us=1632510313364 sent_us=1632510313377 ack=1069 shown=1068
[1632510.340] (II) ACK_TRACE cap id=1072 mon=0 begin_us=1632510337861 packed_us=1632510341342 sent_us=1632510341352 ack=1070 shown=1069
[1632510.380] (II) ACK_TRACE cap id=1073 mon=0 begin_us=1632510378533 packed_us=1632510381867 sent_us=1632510381881 ack=1071 shown=1070
[1632510.411] (II) ACK_TRACE cap id=1074 mon=0 begin_us=1632510409421 packed_us=1632510412803 sent_us=1632510412817 ack=1072 shown=1071
[1632510.447] (II) ACK_TRACE cap id=1075 mon=0 begin_us=1632510443869 packed_us=1632510447998 sent_us=1632510448019 ack=1073 shown=1072
[1632510.477] (II) ACK_TRACE cap id=1076 mon=0 begin_us=1632510474833 packed_us=1632510478945 sent_us=1632510478959 ack=1074 shown=1073
[1632510.509] (II) ACK_TRACE cap id=1077 mon=0 begin_us=1632510506221 packed_us=1632510510337 sent_us=1632510510348 ack=1075 shown=1074
[1632510.544] (II) ACK_TRACE cap id=1078 mon=0 begin_us=1632510541723 packed_us=1632510545130 sent_us=1632510545148 ack=1076 shown=1075
[1632510.583] (II) ACK_TRACE cap id=1079 mon=0 begin_us=1632510580529 packed_us=1632510584217 sent_us=1632510584232 ack=1077 shown=1076
[1632510.613] (II) ACK_TRACE cap id=1080 mon=0 begin_us=1632510610043 packed_us=1632510614222 sent_us=1632510614240 ack=1078 shown=1077
[1632510.653] (II) ACK_TRACE cap id=1081 mon=0 begin_us=1632510650934 packed_us=1632510654273 sent_us=1632510654283 ack=1079 shown=1078
[1632510.680] (II) ACK_TRACE cap id=1082 mon=0 begin_us=1632510677549 packed_us=1632510681307 sent_us=1632510681320 ack=1080 shown=1079
[1632510.719] (II) ACK_TRACE cap id=1083 mon=0 begin_us=1632510717290 packed_us=1632510720886 sent_us=1632510720898 ack=1081 shown=1080
[1632510.752] (II) ACK_TRACE cap id=1084 mon=0 begin_us=1632510750509 packed_us=1632510753880 sent_us=1632510753893 ack=1082 shown=1081
[1632510.786] (II) ACK_TRACE cap id=1085 mon=0 begin_us=1632510783733 packed_us=1632510787135 sent_us=1632510787147 ack=1083 shown=1082
[1632510.823] (II) ACK_TRACE cap id=1086 mon=0 begin_us=1632510820242 packed_us=1632510824169 sent_us=1632510824183 ack=1084 shown=1083
[1632510.856] (II) ACK_TRACE cap id=1087 mon=0 begin_us=1632510853584 packed_us=1632510857386 sent_us=1632510857399 ack=1085 shown=1084
[1632510.895] (II) ACK_TRACE cap id=1088 mon=0 begin_us=1632510892758 packed_us=1632510896196 sent_us=1632510896209 ack=1086 shown=1085
[1632510.932] (II) ACK_TRACE cap id=1089 mon=0 begin_us=1632510930410 packed_us=1632510933807 sent_us=1632510933815 ack=1087 shown=1086
[1632510.963] (II) ACK_TRACE cap id=1090 mon=0 begin_us=1632510961314 packed_us=1632510964821 sent_us=1632510964833 ack=1088 shown=1087
[1632511.000] (II) ACK_TRACE cap id=1091 mon=0 begin_us=1632510998579 packed_us=1632511001952 sent_us=1632511001962 ack=1089 shown=1088
[1632511.032] (II) ACK_TRACE cap id=1092 mon=0 begin_us=1632511029688 packed_us=1632511033614 sent_us=1632511033630 ack=1090 shown=1089
[1632511.070] (II) ACK_TRACE cap id=1093 mon=0 begin_us=1632511066010 packed_us=1632511071878 sent_us=1632511071888 ack=1091 shown=1090
[1632511.108] (II) ACK_TRACE cap id=1094 mon=0 begin_us=1632511106375 packed_us=1632511109783 sent_us=1632511109801 ack=1092 shown=1091
[1632511.138] (II) ACK_TRACE cap id=1095 mon=0 begin_us=1632511134206 packed_us=1632511139583 sent_us=1632511139599 ack=1093 shown=1092
[1632511.177] (II) ACK_TRACE cap id=1096 mon=0 begin_us=1632511174022 packed_us=1632511178290 sent_us=1632511178303 ack=1094 shown=1093
[1632511.214] (II) ACK_TRACE cap id=1097 mon=0 begin_us=1632511212322 packed_us=1632511215623 sent_us=1632511215637 ack=1095 shown=1094
[1632511.245] (II) ACK_TRACE cap id=1098 mon=0 begin_us=1632511242498 packed_us=1632511246062 sent_us=1632511246074 ack=1096 shown=1095
[1632511.285] (II) ACK_TRACE cap id=1099 mon=0 begin_us=1632511282948 packed_us=1632511286251 sent_us=1632511286268 ack=1097 shown=1096
[1632511.313] (II) ACK_TRACE cap id=1100 mon=0 begin_us=1632511311045 packed_us=1632511314466 sent_us=1632511314478 ack=1098 shown=1097
[1632511.350] (II) ACK_TRACE cap id=1101 mon=0 begin_us=1632511348029 packed_us=1632511351297 sent_us=1632511351304 ack=1099 shown=1098
[1632511.383] (II) ACK_TRACE cap id=1102 mon=0 begin_us=1632511381081 packed_us=1632511384351 sent_us=1632511384358 ack=1100 shown=1099
[1632511.412] (II) ACK_TRACE cap id=1103 mon=0 begin_us=1632511409782 packed_us=1632511413137 sent_us=1632511413143 ack=1101 shown=1100
[1632511.483] (II) ACK_TRACE cap id=1104 mon=0 begin_us=1632511480291 packed_us=1632511484482 sent_us=1632511484502 ack=1102 shown=1101
[1632511.570] (II) ACK_TRACE cap id=1105 mon=0 begin_us=1632511568182 packed_us=1632511571487 sent_us=1632511571503 ack=1103 shown=1102
[1632511.617] (II) ACK_TRACE cap id=1106 mon=0 begin_us=1632511614885 packed_us=1632511618321 sent_us=1632511618332 ack=1104 shown=1103
[1632511.679] (II) ACK_TRACE cap id=1107 mon=0 begin_us=1632511676801 packed_us=1632511680077 sent_us=1632511680092 ack=1105 shown=1105
[1632511.705] (II) ACK_TRACE cap id=1108 mon=0 begin_us=1632511702998 packed_us=1632511706952 sent_us=1632511706961 ack=1106 shown=1105
[1632511.739] (II) ACK_TRACE cap id=1109 mon=0 begin_us=1632511737332 packed_us=1632511740871 sent_us=1632511740879 ack=1107 shown=1106
[1632511.776] (II) ACK_TRACE cap id=1110 mon=0 begin_us=1632511773231 packed_us=1632511777308 sent_us=1632511777323 ack=1108 shown=1107
[1632511.815] (II) ACK_TRACE cap id=1111 mon=0 begin_us=1632511812586 packed_us=1632511816238 sent_us=1632511816256 ack=1109 shown=1108
[1632511.845] (II) ACK_TRACE cap id=1112 mon=0 begin_us=1632511842545 packed_us=1632511846823 sent_us=1632511846842 ack=1110 shown=1109
[1632511.885] (II) ACK_TRACE cap id=1113 mon=0 begin_us=1632511882650 packed_us=1632511886370 sent_us=1632511886383 ack=1111 shown=1110
[1632511.915] (II) ACK_TRACE cap id=1114 mon=0 begin_us=1632511911764 packed_us=1632511916125 sent_us=1632511916138 ack=1112 shown=1111
[1632511.954] (II) ACK_TRACE cap id=1115 mon=0 begin_us=1632511952345 packed_us=1632511955693 sent_us=1632511955704 ack=1113 shown=1112
[1632511.987] (II) ACK_TRACE cap id=1116 mon=0 begin_us=1632511985445 packed_us=1632511988769 sent_us=1632511988783 ack=1114 shown=1113
[1632512.026] (II) ACK_TRACE cap id=1117 mon=0 begin_us=1632512019884 packed_us=1632512027234 sent_us=1632512027248 ack=1115 shown=1114
[1632512.057] (II) ACK_TRACE cap id=1118 mon=0 begin_us=1632512055194 packed_us=1632512058973 sent_us=1632512058987 ack=1116 shown=1115
[1632512.097] (II) ACK_TRACE cap id=1119 mon=0 begin_us=1632512094055 packed_us=1632512098111 sent_us=1632512098121 ack=1117 shown=1116
[1632512.129] (II) ACK_TRACE cap id=1120 mon=0 begin_us=1632512126621 packed_us=1632512130351 sent_us=1632512130360 ack=1118 shown=1117
[1632512.163] (II) ACK_TRACE cap id=1121 mon=0 begin_us=1632512159356 packed_us=1632512164059 sent_us=1632512164068 ack=1119 shown=1118
[1632512.198] (II) ACK_TRACE cap id=1122 mon=0 begin_us=1632512196120 packed_us=1632512199537 sent_us=1632512199546 ack=1120 shown=1119
[1632512.228] (II) ACK_TRACE cap id=1123 mon=0 begin_us=1632512226015 packed_us=1632512229485 sent_us=1632512229501 ack=1121 shown=1120
[1632512.265] (II) ACK_TRACE cap id=1124 mon=0 begin_us=1632512262094 packed_us=1632512266073 sent_us=1632512266085 ack=1122 shown=1121
[1632512.320] (II) ACK_TRACE cap id=1125 mon=0 begin_us=1632512318184 packed_us=1632512321464 sent_us=1632512321476 ack=1123 shown=1122
[1632512.357] (II) ACK_TRACE cap id=1126 mon=0 begin_us=1632512355333 packed_us=1632512358703 sent_us=1632512358713 ack=1124 shown=1123
[1632512.392] (II) ACK_TRACE cap id=1127 mon=0 begin_us=1632512389851 packed_us=1632512393214 sent_us=1632512393228 ack=1125 shown=1124
[1632512.421] (II) ACK_TRACE cap id=1128 mon=0 begin_us=1632512418592 packed_us=1632512422805 sent_us=1632512422820 ack=1126 shown=1125
[1632512.461] (II) ACK_TRACE cap id=1129 mon=0 begin_us=1632512458209 packed_us=1632512462125 sent_us=1632512462138 ack=1127 shown=1126
[1632512.495] (II) ACK_TRACE cap id=1130 mon=0 begin_us=1632512492293 packed_us=1632512496504 sent_us=1632512496526 ack=1128 shown=1127
[1632512.529] (II) ACK_TRACE cap id=1131 mon=0 begin_us=1632512526321 packed_us=1632512530181 sent_us=1632512530196 ack=1129 shown=1128
[1632512.562] (II) ACK_TRACE cap id=1132 mon=0 begin_us=1632512559919 packed_us=1632512563282 sent_us=1632512563293 ack=1130 shown=1129
[1632512.592] (II) ACK_TRACE cap id=1133 mon=0 begin_us=1632512589736 packed_us=1632512593320 sent_us=1632512593329 ack=1131 shown=1130
[1632512.631] (II) ACK_TRACE cap id=1134 mon=0 begin_us=1632512628877 packed_us=1632512632259 sent_us=1632512632270 ack=1132 shown=1131
[1632512.661] (II) ACK_TRACE cap id=1135 mon=0 begin_us=1632512658745 packed_us=1632512662296 sent_us=1632512662308 ack=1133 shown=1132
[1632512.705] (II) ACK_TRACE cap id=1136 mon=0 begin_us=1632512702265 packed_us=1632512706122 sent_us=1632512706139 ack=1134 shown=1133
[1632512.735] (II) ACK_TRACE cap id=1137 mon=0 begin_us=1632512732813 packed_us=1632512736060 sent_us=1632512736077 ack=1135 shown=1134
[1632512.777] (II) ACK_TRACE cap id=1138 mon=0 begin_us=1632512775250 packed_us=1632512778692 sent_us=1632512778707 ack=1136 shown=1135
[1632512.809] (II) ACK_TRACE cap id=1139 mon=0 begin_us=1632512806454 packed_us=1632512810436 sent_us=1632512810448 ack=1137 shown=1136
[1632512.849] (II) ACK_TRACE cap id=1140 mon=0 begin_us=1632512847029 packed_us=1632512850982 sent_us=1632512850999 ack=1138 shown=1137
[1632512.880] (II) ACK_TRACE cap id=1141 mon=0 begin_us=1632512877496 packed_us=1632512881323 sent_us=1632512881336 ack=1139 shown=1138
[1632512.920] (II) ACK_TRACE cap id=1142 mon=0 begin_us=1632512918109 packed_us=1632512921443 sent_us=1632512921460 ack=1140 shown=1139
[1632512.952] (II) ACK_TRACE cap id=1143 mon=0 begin_us=1632512950141 packed_us=1632512953458 sent_us=1632512953473 ack=1141 shown=1140
[1632512.985] (II) ACK_TRACE cap id=1144 mon=0 begin_us=1632512983290 packed_us=1632512986558 sent_us=1632512986570 ack=1142 shown=1141
[1632513.022] (II) ACK_TRACE cap id=1145 mon=0 begin_us=1632513018916 packed_us=1632513023189 sent_us=1632513023205 ack=1143 shown=1142
[1632513.054] (II) ACK_TRACE cap id=1146 mon=0 begin_us=1632513052129 packed_us=1632513055445 sent_us=1632513055464 ack=1144 shown=1143
[1632513.090] (II) ACK_TRACE cap id=1147 mon=0 begin_us=1632513087633 packed_us=1632513091380 sent_us=1632513091394 ack=1145 shown=1144
[1632513.120] (II) ACK_TRACE cap id=1148 mon=0 begin_us=1632513117595 packed_us=1632513121304 sent_us=1632513121313 ack=1146 shown=1145
[1632513.160] (II) ACK_TRACE cap id=1149 mon=0 begin_us=1632513156873 packed_us=1632513161066 sent_us=1632513161075 ack=1147 shown=1146
[1632513.190] (II) ACK_TRACE cap id=1150 mon=0 begin_us=1632513186839 packed_us=1632513191043 sent_us=1632513191055 ack=1148 shown=1147
[1632513.229] (II) ACK_TRACE cap id=1151 mon=0 begin_us=1632513226573 packed_us=1632513230386 sent_us=1632513230405 ack=1149 shown=1148
[1632513.257] (II) ACK_TRACE cap id=1152 mon=0 begin_us=1632513254425 packed_us=1632513258292 sent_us=1632513258301 ack=1150 shown=1149
[1632513.296] (II) ACK_TRACE cap id=1153 mon=0 begin_us=1632513293253 packed_us=1632513297252 sent_us=1632513297263 ack=1151 shown=1150
[1632513.323] (II) ACK_TRACE cap id=1154 mon=0 begin_us=1632513320511 packed_us=1632513324371 sent_us=1632513324384 ack=1152 shown=1151
[1632513.356] (II) ACK_TRACE cap id=1155 mon=0 begin_us=1632513353568 packed_us=1632513357295 sent_us=1632513357314 ack=1153 shown=1152
[1632513.392] (II) ACK_TRACE cap id=1156 mon=0 begin_us=1632513390285 packed_us=1632513393565 sent_us=1632513393577 ack=1154 shown=1153
[1632513.427] (II) ACK_TRACE cap id=1157 mon=0 begin_us=1632513424478 packed_us=1632513428307 sent_us=1632513428319 ack=1155 shown=1154
[1632513.458] (II) ACK_TRACE cap id=1158 mon=0 begin_us=1632513454780 packed_us=1632513459068 sent_us=1632513459078 ack=1156 shown=1155
[1632513.498] (II) ACK_TRACE cap id=1159 mon=0 begin_us=1632513494742 packed_us=1632513499030 sent_us=1632513499039 ack=1157 shown=1156
[1632513.529] (II) ACK_TRACE cap id=1160 mon=0 begin_us=1632513526147 packed_us=1632513530170 sent_us=1632513530183 ack=1158 shown=1157
[1632513.569] (II) ACK_TRACE cap id=1161 mon=0 begin_us=1632513566495 packed_us=1632513570311 sent_us=1632513570327 ack=1159 shown=1158
[1632513.602] (II) ACK_TRACE cap id=1162 mon=0 begin_us=1632513598399 packed_us=1632513603521 sent_us=1632513603533 ack=1160 shown=1159
[1632513.634] (II) ACK_TRACE cap id=1163 mon=0 begin_us=1632513631440 packed_us=1632513635530 sent_us=1632513635546 ack=1161 shown=1160
[1632513.700] (II) ACK_TRACE cap id=1164 mon=0 begin_us=1632513698563 packed_us=1632513701917 sent_us=1632513701932 ack=1162 shown=1161
[1632513.732] (II) ACK_TRACE cap id=1165 mon=0 begin_us=1632513730017 packed_us=1632513733880 sent_us=1632513733895 ack=1163 shown=1162
[1632513.773] (II) ACK_TRACE cap id=1166 mon=0 begin_us=1632513771274 packed_us=1632513774595 sent_us=1632513774607 ack=1164 shown=1163
[1632513.805] (II) ACK_TRACE cap id=1167 mon=0 begin_us=1632513802425 packed_us=1632513806030 sent_us=1632513806047 ack=1165 shown=1164
[1632513.841] (II) ACK_TRACE cap id=1168 mon=0 begin_us=1632513838056 packed_us=1632513842176 sent_us=1632513842192 ack=1166 shown=1165
[1632513.877] (II) ACK_TRACE cap id=1169 mon=0 begin_us=1632513875447 packed_us=1632513878848 sent_us=1632513878860 ack=1167 shown=1166
[1632513.911] (II) ACK_TRACE cap id=1170 mon=0 begin_us=1632513908722 packed_us=1632513912837 sent_us=1632513912856 ack=1168 shown=1167
[1632513.947] (II) ACK_TRACE cap id=1171 mon=0 begin_us=1632513944862 packed_us=1632513948965 sent_us=1632513948980 ack=1169 shown=1168
[1632513.980] (II) ACK_TRACE cap id=1172 mon=0 begin_us=1632513977480 packed_us=1632513981219 sent_us=1632513981234 ack=1170 shown=1169
[1632514.016] (II) ACK_TRACE cap id=1173 mon=0 begin_us=1632514013803 packed_us=1632514017918 sent_us=1632514017933 ack=1171 shown=1170
[1632514.046] (II) ACK_TRACE cap id=1174 mon=0 begin_us=1632514043821 packed_us=1632514047347 sent_us=1632514047363 ack=1172 shown=1171
[1632514.084] (II) ACK_TRACE cap id=1175 mon=0 begin_us=1632514081006 packed_us=1632514084992 sent_us=1632514085003 ack=1173 shown=1172
[1632514.115] (II) ACK_TRACE cap id=1176 mon=0 begin_us=1632514112447 packed_us=1632514116203 sent_us=1632514116213 ack=1174 shown=1173
[1632514.148] (II) ACK_TRACE cap id=1177 mon=0 begin_us=1632514145562 packed_us=1632514149214 sent_us=1632514149223 ack=1175 shown=1174
[1632514.189] (II) ACK_TRACE cap id=1178 mon=0 begin_us=1632514186525 packed_us=1632514190255 sent_us=1632514190272 ack=1176 shown=1175
[1632514.221] (II) ACK_TRACE cap id=1179 mon=0 begin_us=1632514217829 packed_us=1632514222017 sent_us=1632514222032 ack=1177 shown=1176
[1632514.252] (II) ACK_TRACE cap id=1180 mon=0 begin_us=1632514249323 packed_us=1632514253205 sent_us=1632514253223 ack=1178 shown=1177
[1632514.288] (II) ACK_TRACE cap id=1181 mon=0 begin_us=1632514285035 packed_us=1632514289189 sent_us=1632514289204 ack=1179 shown=1178
[1632514.320] (II) ACK_TRACE cap id=1182 mon=0 begin_us=1632514317278 packed_us=1632514321094 sent_us=1632514321107 ack=1180 shown=1179
[1632514.355] (II) ACK_TRACE cap id=1183 mon=0 begin_us=1632514352536 packed_us=1632514356300 sent_us=1632514356315 ack=1181 shown=1180
[1632514.392] (II) ACK_TRACE cap id=1184 mon=0 begin_us=1632514389363 packed_us=1632514393336 sent_us=1632514393352 ack=1182 shown=1181
[1632514.425] (II) ACK_TRACE cap id=1185 mon=0 begin_us=1632514423429 packed_us=1632514426800 sent_us=1632514426812 ack=1183 shown=1182
[1632514.460] (II) ACK_TRACE cap id=1186 mon=0 begin_us=1632514457988 packed_us=1632514461236 sent_us=1632514461250 ack=1184 shown=1183
[1632514.496] (II) ACK_TRACE cap id=1187 mon=0 begin_us=1632514492590 packed_us=1632514496998 sent_us=1632514497030 ack=1185 shown=1184
[1632514.530] (II) ACK_TRACE cap id=1188 mon=0 begin_us=1632514527271 packed_us=1632514531251 sent_us=1632514531263 ack=1186 shown=1185
[1632514.585] (II) ACK_TRACE cap id=1189 mon=0 begin_us=1632514582544 packed_us=1632514586351 sent_us=1632514586363 ack=1187 shown=1187
[1632514.619] (II) ACK_TRACE cap id=1190 mon=0 begin_us=1632514615886 packed_us=1632514620130 sent_us=1632514620149 ack=1188 shown=1187
[1632514.649] (II) ACK_TRACE cap id=1191 mon=0 begin_us=1632514646896 packed_us=1632514650488 sent_us=1632514650499 ack=1189 shown=1188
[1632514.686] (II) ACK_TRACE cap id=1192 mon=0 begin_us=1632514684001 packed_us=1632514687439 sent_us=1632514687455 ack=1190 shown=1189
[1632514.725] (II) ACK_TRACE cap id=1193 mon=0 begin_us=1632514722520 packed_us=1632514726576 sent_us=1632514726593 ack=1191 shown=1190
[1632514.760] (II) ACK_TRACE cap id=1194 mon=0 begin_us=1632514757714 packed_us=1632514761405 sent_us=1632514761421 ack=1192 shown=1191
[1632514.791] (II) ACK_TRACE cap id=1195 mon=0 begin_us=1632514788431 packed_us=1632514792469 sent_us=1632514792486 ack=1193 shown=1192
[1632514.829] (II) ACK_TRACE cap id=1196 mon=0 begin_us=1632514826550 packed_us=1632514830214 sent_us=1632514830224 ack=1194 shown=1193
[1632514.858] (II) ACK_TRACE cap id=1197 mon=0 begin_us=1632514855351 packed_us=1632514859229 sent_us=1632514859241 ack=1195 shown=1194
[1632514.895] (II) ACK_TRACE cap id=1198 mon=0 begin_us=1632514893499 packed_us=1632514896868 sent_us=1632514896878 ack=1196 shown=1195
[1632514.930] (II) ACK_TRACE cap id=1199 mon=0 begin_us=1632514927206 packed_us=1632514931082 sent_us=1632514931093 ack=1197 shown=1196
[1632514.965] (II) ACK_TRACE cap id=1200 mon=0 begin_us=1632514962633 packed_us=1632514966344 sent_us=1632514966357 ack=1198 shown=1197
[1632514.993] (II) ACK_TRACE cap id=1201 mon=0 begin_us=1632514991101 packed_us=1632514994668 sent_us=1632514994681 ack=1199 shown=1198
[1632515.030] (II) ACK_TRACE cap id=1202 mon=0 begin_us=1632515027655 packed_us=1632515031114 sent_us=1632515031123 ack=1200 shown=1199
[1632515.062] (II) ACK_TRACE cap id=1203 mon=0 begin_us=1632515060349 packed_us=1632515063821 sent_us=1632515063826 ack=1201 shown=1200
[1632515.101] (II) ACK_TRACE cap id=1204 mon=0 begin_us=1632515098648 packed_us=1632515102323 sent_us=1632515102338 ack=1202 shown=1201
[1632515.132] (II) ACK_TRACE cap id=1205 mon=0 begin_us=1632515129766 packed_us=1632515133798 sent_us=1632515133814 ack=1203 shown=1202
[1632515.166] (II) ACK_TRACE cap id=1206 mon=0 begin_us=1632515164035 packed_us=1632515167786 sent_us=1632515167801 ack=1204 shown=1203
[1632515.209] (II) ACK_TRACE cap id=1207 mon=0 begin_us=1632515206428 packed_us=1632515210086 sent_us=1632515210098 ack=1205 shown=1204
[1632515.236] (II) ACK_TRACE cap id=1208 mon=0 begin_us=1632515233801 packed_us=1632515237768 sent_us=1632515237781 ack=1206 shown=1205
[1632515.277] (II) ACK_TRACE cap id=1209 mon=0 begin_us=1632515274593 packed_us=1632515278155 sent_us=1632515278174 ack=1207 shown=1206
[1632515.304] (II) ACK_TRACE cap id=1210 mon=0 begin_us=1632515301793 packed_us=1632515305204 sent_us=1632515305218 ack=1208 shown=1207
[1632515.343] (II) ACK_TRACE cap id=1211 mon=0 begin_us=1632515338985 packed_us=1632515344228 sent_us=1632515344247 ack=1209 shown=1208
[1632515.376] (II) ACK_TRACE cap id=1212 mon=0 begin_us=1632515371970 packed_us=1632515377953 sent_us=1632515377969 ack=1210 shown=1209
[1632515.411] (II) ACK_TRACE cap id=1213 mon=0 begin_us=1632515408392 packed_us=1632515412262 sent_us=1632515412278 ack=1211 shown=1210
[1632515.444] (II) ACK_TRACE cap id=1214 mon=0 begin_us=1632515439110 packed_us=1632515445350 sent_us=1632515445362 ack=1212 shown=1211
[1632515.483] (II) ACK_TRACE cap id=1215 mon=0 begin_us=1632515478124 packed_us=1632515484031 sent_us=1632515484040 ack=1213 shown=1212
[1632515.517] (II) ACK_TRACE cap id=1216 mon=0 begin_us=1632515513179 packed_us=1632515518200 sent_us=1632515518214 ack=1214 shown=1213
[1632515.553] (II) ACK_TRACE cap id=1217 mon=0 begin_us=1632515550976 packed_us=1632515554422 sent_us=1632515554436 ack=1215 shown=1214
[1632515.590] (II) ACK_TRACE cap id=1218 mon=0 begin_us=1632515586997 packed_us=1632515591056 sent_us=1632515591072 ack=1216 shown=1215
[1632515.623] (II) ACK_TRACE cap id=1219 mon=0 begin_us=1632515621266 packed_us=1632515624778 sent_us=1632515624792 ack=1217 shown=1216
[1632515.662] (II) ACK_TRACE cap id=1220 mon=0 begin_us=1632515660028 packed_us=1632515663415 sent_us=1632515663428 ack=1218 shown=1217
[1632515.692] (II) ACK_TRACE cap id=1221 mon=0 begin_us=1632515688727 packed_us=1632515693040 sent_us=1632515693050 ack=1219 shown=1218
[1632515.732] (II) ACK_TRACE cap id=1222 mon=0 begin_us=1632515729222 packed_us=1632515733115 sent_us=1632515733127 ack=1220 shown=1219
[1632515.758] (II) ACK_TRACE cap id=1223 mon=0 begin_us=1632515755426 packed_us=1632515759022 sent_us=1632515759038 ack=1221 shown=1220
[1632515.798] (II) ACK_TRACE cap id=1224 mon=0 begin_us=1632515796207 packed_us=1632515799444 sent_us=1632515799457 ack=1222 shown=1221
[1632515.827] (II) ACK_TRACE cap id=1225 mon=0 begin_us=1632515824799 packed_us=1632515828395 sent_us=1632515828406 ack=1223 shown=1222
[1632515.866] (II) ACK_TRACE cap id=1226 mon=0 begin_us=1632515863891 packed_us=1632515867967 sent_us=1632515867979 ack=1224 shown=1223
[1632515.900] (II) ACK_TRACE cap id=1227 mon=0 begin_us=1632515898405 packed_us=1632515901799 sent_us=1632515901815 ack=1225 shown=1224
[1632515.937] (II) ACK_TRACE cap id=1228 mon=0 begin_us=1632515934758 packed_us=1632515938152 sent_us=1632515938168 ack=1226 shown=1225
[1632515.974] (II) ACK_TRACE cap id=1229 mon=0 begin_us=1632515971654 packed_us=1632515975113 sent_us=1632515975132 ack=1227 shown=1226
[1632516.003] (II) ACK_TRACE cap id=1230 mon=0 begin_us=1632516001512 packed_us=1632516004852 sent_us=1632516004866 ack=1228 shown=1227
[1632516.063] (II) ACK_TRACE cap id=1231 mon=0 begin_us=1632516060874 packed_us=1632516064263 sent_us=1632516064279 ack=1229 shown=1228
[1632516.095] (II) ACK_TRACE cap id=1232 mon=0 begin_us=1632516092066 packed_us=1632516096358 sent_us=1632516096371 ack=1230 shown=1229
[1632516.133] (II) ACK_TRACE cap id=1233 mon=0 begin_us=1632516130714 packed_us=1632516134081 sent_us=1632516134100 ack=1231 shown=1230
[1632516.168] (II) ACK_TRACE cap id=1234 mon=0 begin_us=1632516165621 packed_us=1632516169394 sent_us=1632516169412 ack=1232 shown=1231
[1632516.201] (II) ACK_TRACE cap id=1235 mon=0 begin_us=1632516198509 packed_us=1632516202080 sent_us=1632516202089 ack=1233 shown=1232
[1632516.242] (II) ACK_TRACE cap id=1236 mon=0 begin_us=1632516239710 packed_us=1632516243282 sent_us=1632516243297 ack=1234 shown=1233
[1632516.268] (II) ACK_TRACE cap id=1237 mon=0 begin_us=1632516265380 packed_us=1632516269021 sent_us=1632516269034 ack=1235 shown=1234
[1632516.306] (II) ACK_TRACE cap id=1238 mon=0 begin_us=1632516303589 packed_us=1632516307793 sent_us=1632516307810 ack=1236 shown=1235
[1632516.346] (II) ACK_TRACE cap id=1239 mon=0 begin_us=1632516343988 packed_us=1632516347250 sent_us=1632516347262 ack=1237 shown=1236
[1632516.379] (II) ACK_TRACE cap id=1240 mon=0 begin_us=1632516376639 packed_us=1632516380009 sent_us=1632516380026 ack=1238 shown=1237
[1632516.414] (II) ACK_TRACE cap id=1241 mon=0 begin_us=1632516411727 packed_us=1632516415944 sent_us=1632516415958 ack=1239 shown=1238
[1632516.452] (II) ACK_TRACE cap id=1242 mon=0 begin_us=1632516449646 packed_us=1632516453386 sent_us=1632516453399 ack=1240 shown=1239
[1632516.481] (II) ACK_TRACE cap id=1243 mon=0 begin_us=1632516479173 packed_us=1632516482621 sent_us=1632516482636 ack=1241 shown=1240
[1632516.519] (II) ACK_TRACE cap id=1244 mon=0 begin_us=1632516516778 packed_us=1632516520123 sent_us=1632516520132 ack=1242 shown=1241
[1632516.553] (II) ACK_TRACE cap id=1245 mon=0 begin_us=1632516551427 packed_us=1632516554789 sent_us=1632516554799 ack=1243 shown=1242
[1632516.588] (II) ACK_TRACE cap id=1246 mon=0 begin_us=1632516584764 packed_us=1632516589089 sent_us=1632516589101 ack=1244 shown=1243
[1632516.631] (II) ACK_TRACE cap id=1247 mon=0 begin_us=1632516627975 packed_us=1632516632313 sent_us=1632516632327 ack=1245 shown=1244
[1632516.662] (II) ACK_TRACE cap id=1248 mon=0 begin_us=1632516659892 packed_us=1632516663320 sent_us=1632516663329 ack=1246 shown=1245
[1632516.697] (II) ACK_TRACE cap id=1249 mon=0 begin_us=1632516695452 packed_us=1632516698856 sent_us=1632516698871 ack=1247 shown=1246
[1632516.729] (II) ACK_TRACE cap id=1250 mon=0 begin_us=1632516726372 packed_us=1632516730310 sent_us=1632516730323 ack=1248 shown=1247
[1632516.770] (II) ACK_TRACE cap id=1251 mon=0 begin_us=1632516766905 packed_us=1632516771611 sent_us=1632516771635 ack=1249 shown=1248
[1632516.796] (II) ACK_TRACE cap id=1252 mon=0 begin_us=1632516793891 packed_us=1632516797928 sent_us=1632516797939 ack=1250 shown=1249
[1632516.834] (II) ACK_TRACE cap id=1253 mon=0 begin_us=1632516830935 packed_us=1632516835138 sent_us=1632516835156 ack=1251 shown=1250
[1632516.876] (II) ACK_TRACE cap id=1254 mon=0 begin_us=1632516871597 packed_us=1632516877869 sent_us=1632516877889 ack=1252 shown=1251
[1632516.909] (II) ACK_TRACE cap id=1255 mon=0 begin_us=1632516907020 packed_us=1632516910511 sent_us=1632516910529 ack=1253 shown=1252
[1632516.940] (II) ACK_TRACE cap id=1256 mon=0 begin_us=1632516937491 packed_us=1632516941164 sent_us=1632516941179 ack=1254 shown=1253
[1632516.978] (II) ACK_TRACE cap id=1257 mon=0 begin_us=1632516976112 packed_us=1632516979721 sent_us=1632516979733 ack=1255 shown=1254
[1632517.015] (II) ACK_TRACE cap id=1258 mon=0 begin_us=1632517012558 packed_us=1632517016163 sent_us=1632517016175 ack=1256 shown=1255
[1632517.048] (II) ACK_TRACE cap id=1259 mon=0 begin_us=1632517045597 packed_us=1632517049129 sent_us=1632517049140 ack=1257 shown=1256
[1632517.085] (II) ACK_TRACE cap id=1260 mon=0 begin_us=1632517082937 packed_us=1632517086755 sent_us=1632517086772 ack=1258 shown=1257
[1632517.122] (II) ACK_TRACE cap id=1261 mon=0 begin_us=1632517120509 packed_us=1632517123936 sent_us=1632517123948 ack=1259 shown=1258
[1632517.160] (II) ACK_TRACE cap id=1262 mon=0 begin_us=1632517158478 packed_us=1632517161731 sent_us=1632517161743 ack=1260 shown=1259
[1632517.194] (II) ACK_TRACE cap id=1263 mon=0 begin_us=1632517191199 packed_us=1632517195292 sent_us=1632517195309 ack=1261 shown=1260
[1632517.226] (II) ACK_TRACE cap id=1264 mon=0 begin_us=1632517223410 packed_us=1632517227385 sent_us=1632517227398 ack=1262 shown=1261
[1632517.262] (II) ACK_TRACE cap id=1265 mon=0 begin_us=1632517258827 packed_us=1632517263024 sent_us=1632517263037 ack=1263 shown=1262
[1632517.294] (II) ACK_TRACE cap id=1266 mon=0 begin_us=1632517292165 packed_us=1632517295516 sent_us=1632517295527 ack=1264 shown=1263
[1632517.329] (II) ACK_TRACE cap id=1267 mon=0 begin_us=1632517326629 packed_us=1632517330359 sent_us=1632517330376 ack=1265 shown=1264
[1632517.366] (II) ACK_TRACE cap id=1268 mon=0 begin_us=1632517362912 packed_us=1632517367065 sent_us=1632517367078 ack=1266 shown=1265
[1632517.399] (II) ACK_TRACE cap id=1269 mon=0 begin_us=1632517396357 packed_us=1632517400173 sent_us=1632517400191 ack=1267 shown=1266
[1632517.431] (II) ACK_TRACE cap id=1270 mon=0 begin_us=1632517428407 packed_us=1632517432254 sent_us=1632517432267 ack=1268 shown=1267
[1632517.471] (II) ACK_TRACE cap id=1271 mon=0 begin_us=1632517468640 packed_us=1632517472366 sent_us=1632517472376 ack=1269 shown=1268
[1632517.507] (II) ACK_TRACE cap id=1272 mon=0 begin_us=1632517504686 packed_us=1632517508369 sent_us=1632517508382 ack=1270 shown=1269
[1632517.555] (II) ACK_TRACE cap id=1273 mon=0 begin_us=1632517552279 packed_us=1632517556169 sent_us=1632517556179 ack=1271 shown=1270
[1632517.641] (II) ACK_TRACE cap id=1274 mon=0 begin_us=1632517639031 packed_us=1632517642349 sent_us=1632517642363 ack=1272 shown=1272
[1632517.676] (II) ACK_TRACE cap id=1275 mon=0 begin_us=1632517671391 packed_us=1632517677677 sent_us=1632517677702 ack=1273 shown=1272
[1632517.718] (II) ACK_TRACE cap id=1276 mon=0 begin_us=1632517715369 packed_us=1632517719170 sent_us=1632517719189 ack=1274 shown=1273
[1632517.788] (II) ACK_TRACE cap id=1277 mon=0 begin_us=1632517785742 packed_us=1632517789764 sent_us=1632517789789 ack=1275 shown=1274
[1632517.839] (II) ACK_TRACE cap id=1278 mon=0 begin_us=1632517837012 packed_us=1632517840345 sent_us=1632517840361 ack=1276 shown=1275
[1632517.919] (II) ACK_TRACE cap id=1279 mon=0 begin_us=1632517916258 packed_us=1632517920231 sent_us=1632517920245 ack=1277 shown=1277
[1632517.935] (II) ACK_TRACE cap id=1280 mon=0 begin_us=1632517932542 packed_us=1632517936396 sent_us=1632517936408 ack=1278 shown=1277
[1632518.022] (II) ACK_TRACE cap id=1281 mon=0 begin_us=1632518019162 packed_us=1632518023324 sent_us=1632518023342 ack=1279 shown=1278
[1632518.071] (II) ACK_TRACE cap id=1282 mon=0 begin_us=1632518069157 packed_us=1632518072381 sent_us=1632518072391 ack=1280 shown=1279
[1632518.145] (II) ACK_TRACE cap id=1283 mon=0 begin_us=1632518139844 packed_us=1632518146325 sent_us=1632518146342 ack=1281 shown=1280
[1632518.175] (II) ACK_TRACE cap id=1284 mon=0 begin_us=1632518171436 packed_us=1632518175286 sent_us=1632518175301 ack=1282 shown=1281
[1632518.214] (II) ACK_TRACE cap id=1285 mon=0 begin_us=1632518210741 packed_us=1632518215064 sent_us=1632518215081 ack=1283 shown=1282
[1632518.260] (II) ACK_TRACE cap id=1286 mon=0 begin_us=1632518256035 packed_us=1632518260063 sent_us=1632518260082 ack=1284 shown=1283
[1632518.316] (II) ACK_TRACE cap id=1287 mon=0 begin_us=1632518312985 packed_us=1632518316227 sent_us=1632518316238 ack=1285 shown=1285
[1632518.348] (II) ACK_TRACE cap id=1288 mon=0 begin_us=1632518345679 packed_us=1632518349364 sent_us=1632518349373 ack=1286 shown=1285
[1632518.365] (EE) dbus-core: error connecting to system bus: org.freedesktop.DBus.Error.FileNotFound (Failed to connect to socket /run/dbus/system_bus_socket: No such file or directory)
[1632518.390] (II) ACK_TRACE cap id=1289 mon=0 begin_us=1632518385896 packed_us=1632518390534 sent_us=1632518390563 ack=1287 shown=1286
[1632518.431] (II) ACK_TRACE cap id=1290 mon=0 begin_us=1632518428239 packed_us=1632518431595 sent_us=1632518431606 ack=1288 shown=1287
[1632518.467] (II) ACK_TRACE cap id=1291 mon=0 begin_us=1632518462532 packed_us=1632518467451 sent_us=1632518467476 ack=1289 shown=1288
[1632518.503] (II) ACK_TRACE cap id=1292 mon=0 begin_us=1632518498862 packed_us=1632518503020 sent_us=1632518503037 ack=1290 shown=1289
[1632518.535] (II) ACK_TRACE cap id=1293 mon=0 begin_us=1632518530342 packed_us=1632518535742 sent_us=1632518535750 ack=1291 shown=1290
[1632518.571] (II) ACK_TRACE cap id=1294 mon=0 begin_us=1632518568074 packed_us=1632518572717 sent_us=1632518572734 ack=1292 shown=1291
[1632518.604] (II) ACK_TRACE cap id=1295 mon=0 begin_us=1632518601504 packed_us=1632518605396 sent_us=1632518605413 ack=1293 shown=1292
[1632518.643] (II) ACK_TRACE cap id=1296 mon=0 begin_us=1632518638936 packed_us=1632518644291 sent_us=1632518644310 ack=1294 shown=1293
[1632518.674] (II) ACK_TRACE cap id=1297 mon=0 begin_us=1632518671007 packed_us=1632518675028 sent_us=1632518675043 ack=1295 shown=1294
[1632518.709] (II) ACK_TRACE cap id=1298 mon=0 begin_us=1632518706503 packed_us=1632518710388 sent_us=1632518710398 ack=1296 shown=1295
[1632518.745] (II) ACK_TRACE cap id=1299 mon=0 begin_us=1632518742020 packed_us=1632518746045 sent_us=1632518746056 ack=1297 shown=1296
[1632518.782] (II) ACK_TRACE cap id=1300 mon=0 begin_us=1632518780230 packed_us=1632518783553 sent_us=1632518783563 ack=1298 shown=1297
[1632518.820] (II) ACK_TRACE cap id=1301 mon=0 begin_us=1632518817213 packed_us=1632518821217 sent_us=1632518821230 ack=1299 shown=1298
[1632518.856] (II) ACK_TRACE cap id=1302 mon=0 begin_us=1632518852955 packed_us=1632518857120 sent_us=1632518857131 ack=1300 shown=1299
[1632518.886] (II) ACK_TRACE cap id=1303 mon=0 begin_us=1632518884223 packed_us=1632518887626 sent_us=1632518887635 ack=1301 shown=1300
[1632518.927] (II) ACK_TRACE cap id=1304 mon=0 begin_us=1632518923856 packed_us=1632518928082 sent_us=1632518928090 ack=1302 shown=1301
[1632518.967] (II) ACK_TRACE cap id=1305 mon=0 begin_us=1632518962220 packed_us=1632518968354 sent_us=1632518968377 ack=1303 shown=1302
[1632518.999] (II) ACK_TRACE cap id=1306 mon=0 begin_us=1632518994788 packed_us=1632519000542 sent_us=1632519000561 ack=1304 shown=1303
[1632519.030] (II) ACK_TRACE cap id=1307 mon=0 begin_us=1632519026855 packed_us=1632519031070 sent_us=1632519031091 ack=1305 shown=1304
[1632519.059] (II) ACK_TRACE cap id=1308 mon=0 begin_us=1632519056819 packed_us=1632519060329 sent_us=1632519060347 ack=1306 shown=1305
[1632519.101] (II) ACK_TRACE cap id=1309 mon=0 begin_us=1632519098427 packed_us=1632519102171 sent_us=1632519102187 ack=1307 shown=1306
[1632519.136] (II) ACK_TRACE cap id=1310 mon=0 begin_us=1632519133280 packed_us=1632519137285 sent_us=1632519137299 ack=1308 shown=1307
[1632519.166] (II) ACK_TRACE cap id=1311 mon=0 begin_us=1632519162172 packed_us=1632519167094 sent_us=1632519167109 ack=1309 shown=1308
[1632519.207] (II) ACK_TRACE cap id=1312 mon=0 begin_us=1632519205441 packed_us=1632519208757 sent_us=1632519208770 ack=1310 shown=1309
[1632519.239] (II) ACK_TRACE cap id=1313 mon=0 begin_us=1632519236350 packed_us=1632519240641 sent_us=1632519240653 ack=1311 shown=1310
[1632519.277] (II) ACK_TRACE cap id=1314 mon=0 begin_us=1632519274220 packed_us=1632519278761 sent_us=1632519278771 ack=1312 shown=1311
[1632519.320] (II) ACK_TRACE cap id=1315 mon=0 begin_us=1632519317817 packed_us=1632519321992 sent_us=1632519322003 ack=1313 shown=1312
[1632519.351] (II) ACK_TRACE cap id=1316 mon=0 begin_us=1632519349144 packed_us=1632519352533 sent_us=1632519352542 ack=1314 shown=1313
[1632519.391] (II) ACK_TRACE cap id=1317 mon=0 begin_us=1632519388588 packed_us=1632519392317 sent_us=1632519392327 ack=1315 shown=1314
[1632519.422] (II) ACK_TRACE cap id=1318 mon=0 begin_us=1632519420014 packed_us=1632519423641 sent_us=1632519423661 ack=1316 shown=1315
[1632519.457] (II) ACK_TRACE cap id=1319 mon=0 begin_us=1632519453330 packed_us=1632519458829 sent_us=1632519458843 ack=1317 shown=1316
[1632519.491] (II) ACK_TRACE cap id=1320 mon=0 begin_us=1632519487661 packed_us=1632519492594 sent_us=1632519492610 ack=1318 shown=1317
[1632519.530] (II) ACK_TRACE cap id=1321 mon=0 begin_us=1632519527707 packed_us=1632519531015 sent_us=1632519531027 ack=1319 shown=1318
[1632519.558] (II) ACK_TRACE cap id=1322 mon=0 begin_us=1632519555649 packed_us=1632519559419 sent_us=1632519559432 ack=1320 shown=1319
[1632519.592] (II) ACK_TRACE cap id=1323 mon=0 begin_us=1632519589452 packed_us=1632519593394 sent_us=1632519593407 ack=1321 shown=1320
[1632519.627] (II) ACK_TRACE cap id=1324 mon=0 begin_us=1632519624313 packed_us=1632519628273 sent_us=1632519628286 ack=1322 shown=1321
[1632519.664] (II) ACK_TRACE cap id=1325 mon=0 begin_us=1632519661731 packed_us=1632519665130 sent_us=1632519665143 ack=1323 shown=1322
[1632519.700] (II) ACK_TRACE cap id=1326 mon=0 begin_us=1632519697008 packed_us=1632519701434 sent_us=1632519701449 ack=1324 shown=1323
[1632519.741] (II) ACK_TRACE cap id=1327 mon=0 begin_us=1632519739337 packed_us=1632519742832 sent_us=1632519742846 ack=1325 shown=1324
[1632519.780] (II) ACK_TRACE cap id=1328 mon=0 begin_us=1632519777050 packed_us=1632519781117 sent_us=1632519781128 ack=1326 shown=1325
[1632519.815] (II) ACK_TRACE cap id=1329 mon=0 begin_us=1632519812188 packed_us=1632519816838 sent_us=1632519816854 ack=1327 shown=1326
[1632519.853] (II) ACK_TRACE cap id=1330 mon=0 begin_us=1632519850362 packed_us=1632519854334 sent_us=1632519854351 ack=1328 shown=1327
[1632519.879] (II) ACK_TRACE cap id=1331 mon=0 begin_us=1632519876460 packed_us=1632519880967 sent_us=1632519880983 ack=1329 shown=1328
[1632519.947] (II) ACK_TRACE cap id=1332 mon=0 begin_us=1632519944957 packed_us=1632519948840 sent_us=1632519948855 ack=1330 shown=1329
[1632519.977] (II) ACK_TRACE cap id=1333 mon=0 begin_us=1632519974154 packed_us=1632519978471 sent_us=1632519978488 ack=1331 shown=1330
[1632520.018] (II) ACK_TRACE cap id=1334 mon=0 begin_us=1632520015390 packed_us=1632520019296 sent_us=1632520019309 ack=1332 shown=1331
[1632520.045] (II) ACK_TRACE cap id=1335 mon=0 begin_us=1632520042778 packed_us=1632520046414 sent_us=1632520046428 ack=1333 shown=1332
[1632520.110] (II) ACK_TRACE cap id=1336 mon=0 begin_us=1632520108102 packed_us=1632520111469 sent_us=1632520111483 ack=1334 shown=1333
[1632520.143] (II) ACK_TRACE cap id=1337 mon=0 begin_us=1632520140194 packed_us=1632520144239 sent_us=1632520144252 ack=1335 shown=1334
[1632520.177] (II) ACK_TRACE cap id=1338 mon=0 begin_us=1632520174375 packed_us=1632520178338 sent_us=1632520178358 ack=1336 shown=1335
[1632520.212] (II) ACK_TRACE cap id=1339 mon=0 begin_us=1632520209011 packed_us=1632520213385 sent_us=1632520213401 ack=1337 shown=1336
[1632520.251] (II) ACK_TRACE cap id=1340 mon=0 begin_us=1632520246859 packed_us=1632520252807 sent_us=1632520252822 ack=1338 shown=1337
[1632520.279] (II) ACK_TRACE cap id=1341 mon=0 begin_us=1632520276710 packed_us=1632520280901 sent_us=1632520280916 ack=1339 shown=1338
[1632520.317] (II) ACK_TRACE cap id=1342 mon=0 begin_us=1632520314024 packed_us=1632520318231 sent_us=1632520318242 ack=1340 shown=1339
[1632520.356] (II) ACK_TRACE cap id=1343 mon=0 begin_us=1632520353323 packed_us=1632520357105 sent_us=1632520357122 ack=1341 shown=1340
[1632520.387] (II) ACK_TRACE cap id=1344 mon=0 begin_us=1632520384796 packed_us=1632520388208 sent_us=1632520388221 ack=1342 shown=1341
[1632520.420] (II) ACK_TRACE cap id=1345 mon=0 begin_us=1632520418080 packed_us=1632520421917 sent_us=1632520421931 ack=1343 shown=1342
[1632520.463] (II) ACK_TRACE cap id=1346 mon=0 begin_us=1632520460209 packed_us=1632520464264 sent_us=1632520464277 ack=1344 shown=1343
[1632520.492] (II) ACK_TRACE cap id=1347 mon=0 begin_us=1632520490447 packed_us=1632520493912 sent_us=1632520493926 ack=1345 shown=1344
[1632520.533] (II) ACK_TRACE cap id=1348 mon=0 begin_us=1632520531138 packed_us=1632520534488 sent_us=1632520534501 ack=1346 shown=1345
[1632520.566] (II) ACK_TRACE cap id=1349 mon=0 begin_us=1632520564175 packed_us=1632520567639 sent_us=1632520567652 ack=1347 shown=1346
[1632520.601] (II) ACK_TRACE cap id=1350 mon=0 begin_us=1632520599499 packed_us=1632520602979 sent_us=1632520602990 ack=1348 shown=1347
[1632520.642] (II) ACK_TRACE cap id=1351 mon=0 begin_us=1632520639694 packed_us=1632520643102 sent_us=1632520643114 ack=1349 shown=1348
[1632520.673] (II) ACK_TRACE cap id=1352 mon=0 begin_us=1632520671310 packed_us=1632520674798 sent_us=1632520674806 ack=1350 shown=1349
[1632520.717] (II) ACK_TRACE cap id=1353 mon=0 begin_us=1632520714689 packed_us=1632520717998 sent_us=1632520718014 ack=1351 shown=1350
[1632520.752] (II) ACK_TRACE cap id=1354 mon=0 begin_us=1632520748182 packed_us=1632520753497 sent_us=1632520753511 ack=1352 shown=1351
[1632520.786] (II) ACK_TRACE cap id=1355 mon=0 begin_us=1632520783643 packed_us=1632520787393 sent_us=1632520787404 ack=1353 shown=1352
[1632520.818] (II) ACK_TRACE cap id=1356 mon=0 begin_us=1632520816314 packed_us=1632520819785 sent_us=1632520819792 ack=1354 shown=1353
[1632520.860] (II) ACK_TRACE cap id=1357 mon=0 begin_us=1632520858327 packed_us=1632520861693 sent_us=1632520861707 ack=1355 shown=1354
[1632520.896] (II) ACK_TRACE cap id=1358 mon=0 begin_us=1632520893103 packed_us=1632520897299 sent_us=1632520897309 ack=1356 shown=1355
[1632520.926] (II) ACK_TRACE cap id=1359 mon=0 begin_us=1632520923515 packed_us=1632520927214 sent_us=1632520927225 ack=1357 shown=1356
[1632520.963] (II) ACK_TRACE cap id=1360 mon=0 begin_us=1632520961102 packed_us=1632520964406 sent_us=1632520964416 ack=1358 shown=1357
[1632521.005] (II) ACK_TRACE cap id=1361 mon=0 begin_us=1632521000128 packed_us=1632521006060 sent_us=1632521006075 ack=1359 shown=1358
[1632521.032] (II) ACK_TRACE cap id=1362 mon=0 begin_us=1632521030316 packed_us=1632521033804 sent_us=1632521033817 ack=1360 shown=1359
[1632521.066] (II) ACK_TRACE cap id=1363 mon=0 begin_us=1632521064016 packed_us=1632521067526 sent_us=1632521067539 ack=1361 shown=1360
[1632521.099] (II) ACK_TRACE cap id=1364 mon=0 begin_us=1632521096500 packed_us=1632521100484 sent_us=1632521100499 ack=1362 shown=1361
[1632521.126] (II) ACK_TRACE cap id=1365 mon=0 begin_us=1632521123306 packed_us=1632521127234 sent_us=1632521127249 ack=1363 shown=1362
[1632521.186] (II) ACK_TRACE cap id=1366 mon=0 begin_us=1632521183583 packed_us=1632521187262 sent_us=1632521187277 ack=1364 shown=1364
[1632521.202] (II) ACK_TRACE cap id=1367 mon=0 begin_us=1632521199180 packed_us=1632521203147 sent_us=1632521203166 ack=1365 shown=1364
[1632521.262] (II) ACK_TRACE cap id=1368 mon=0 begin_us=1632521259367 packed_us=1632521263289 sent_us=1632521263304 ack=1366 shown=1365
[1632521.294] (II) ACK_TRACE cap id=1369 mon=0 begin_us=1632521289132 packed_us=1632521295252 sent_us=1632521295267 ack=1367 shown=1366
[1632521.330] (II) ACK_TRACE cap id=1370 mon=0 begin_us=1632521325095 packed_us=1632521331272 sent_us=1632521331285 ack=1368 shown=1367
[1632521.368] (II) ACK_TRACE cap id=1371 mon=0 begin_us=1632521366412 packed_us=1632521369802 sent_us=1632521369816 ack=1369 shown=1368
[1632521.397] (II) ACK_TRACE cap id=1372 mon=0 begin_us=1632521394309 packed_us=1632521398798 sent_us=1632521398810 ack=1370 shown=1369
[1632521.437] (II) ACK_TRACE cap id=1373 mon=0 begin_us=1632521434396 packed_us=1632521438283 sent_us=1632521438299 ack=1371 shown=1370
[1632521.466] (II) ACK_TRACE cap id=1374 mon=0 begin_us=1632521462554 packed_us=1632521467149 sent_us=1632521467172 ack=1372 shown=1371
[1632521.506] (II) ACK_TRACE cap id=1375 mon=0 begin_us=1632521503432 packed_us=1632521507332 sent_us=1632521507348 ack=1373 shown=1372
[1632521.535] (II) ACK_TRACE cap id=1376 mon=0 begin_us=1632521532238 packed_us=1632521536969 sent_us=1632521536981 ack=1374 shown=1373
[1632521.572] (II) ACK_TRACE cap id=1377 mon=0 begin_us=1632521568933 packed_us=1632521573197 sent_us=1632521573209 ack=1375 shown=1374
[1632521.612] (II) ACK_TRACE cap id=1378 mon=0 begin_us=1632521606417 packed_us=1632521613279 sent_us=1632521613294 ack=1376 shown=1375
[1632521.643] (II) ACK_TRACE cap id=1379 mon=0 begin_us=1632521640506 packed_us=1632521644357 sent_us=1632521644372 ack=1377 shown=1376
[1632521.677] (II) ACK_TRACE cap id=1380 mon=0 begin_us=1632521673801 packed_us=1632521678629 sent_us=1632521678641 ack=1378 shown=1377
[1632521.716] (II) ACK_TRACE cap id=1381 mon=0 begin_us=1632521714241 packed_us=1632521717676 sent_us=1632521717686 ack=1379 shown=1378
[1632521.747] (II) ACK_TRACE cap id=1382 mon=0 begin_us=1632521744539 packed_us=1632521748474 sent_us=1632521748486 ack=1380 shown=1379
[1632521.798] (II) ACK_TRACE cap id=1383 mon=0 begin_us=1632521795583 packed_us=1632521799278 sent_us=1632521799293 ack=1381 shown=1380
[1632521.830] (II) ACK_TRACE cap id=1384 mon=0 begin_us=1632521828303 packed_us=1632521831712 sent_us=1632521831727 ack=1382 shown=1381
[1632521.871] (II) ACK_TRACE cap id=1385 mon=0 begin_us=1632521867769 packed_us=1632521872007 sent_us=1632521872054 ack=1383 shown=1382
[1632521.905] (II) ACK_TRACE cap id=1386 mon=0 begin_us=1632521902435 packed_us=1632521906293 sent_us=1632521906305 ack=1384 shown=1383
[1632521.938] (II) ACK_TRACE cap id=1387 mon=0 begin_us=1632521935403 packed_us=1632521939310 sent_us=1632521939324 ack=1385 shown=1384
[1632521.971] (II) ACK_TRACE cap id=1388 mon=0 begin_us=1632521968268 packed_us=1632521972259 sent_us=1632521972269 ack=1386 shown=1385
[1632522.007] (II) ACK_TRACE cap id=1389 mon=0 begin_us=1632522001424 packed_us=1632522008293 sent_us=1632522008308 ack=1387 shown=1386
[1632522.034] (II) ACK_TRACE cap id=1390 mon=0 begin_us=1632522031564 packed_us=1632522035464 sent_us=1632522035486 ack=1388 shown=1387
[1632522.070] (II) ACK_TRACE cap id=1391 mon=0 begin_us=1632522067834 packed_us=1632522071349 sent_us=1632522071362 ack=1389 shown=1388
[1632522.100] (II) ACK_TRACE cap id=1392 mon=0 begin_us=1632522097615 packed_us=1632522101328 sent_us=1632522101340 ack=1390 shown=1389
[1632522.135] (II) ACK_TRACE cap id=1393 mon=0 begin_us=1632522133026 packed_us=1632522136314 sent_us=1632522136324 ack=1391 shown=1390
[1632522.170] (II) ACK_TRACE cap id=1394 mon=0 begin_us=1632522167924 packed_us=1632522171313 sent_us=1632522171328 ack=1392 shown=1391
[1632522.201] (II) ACK_TRACE cap id=1395 mon=0 begin_us=1632522199046 packed_us=1632522202654 sent_us=1632522202668 ack=1393 shown=1392
[1632522.241] (II) ACK_TRACE cap id=1396 mon=0 begin_us=1632522238761 packed_us=1632522242914 sent_us=1632522242929 ack=1394 shown=1393
[1632522.270] (II) ACK_TRACE cap id=1397 mon=0 begin_us=1632522267874 packed_us=1632522271491 sent_us=1632522271503 ack=1395 shown=1394
[1632522.312] (II) ACK_TRACE cap id=1398 mon=0 begin_us=1632522309526 packed_us=1632522313346 sent_us=1632522313361 ack=1396 shown=1395
[1632522.339] (II) ACK_TRACE cap id=1399 mon=0 begin_us=1632522337271 packed_us=1632522340692 sent_us=1632522340705 ack=1397 shown=1396
[1632522.378] (II) ACK_TRACE cap id=1400 mon=0 begin_us=1632522375876 packed_us=1632522379470 sent_us=1632522379486 ack=1398 shown=1397
[1632522.412] (II) ACK_TRACE cap id=1401 mon=0 begin_us=1632522409731 packed_us=1632522413050 sent_us=1632522413067 ack=1399 shown=1398
[1632522.448] (II) ACK_TRACE cap id=1402 mon=0 begin_us=1632522446412 packed_us=1632522449775 sent_us=1632522449784 ack=1400 shown=1399
[1632522.478] (II) ACK_TRACE cap id=1403 mon=0 begin_us=1632522476359 packed_us=1632522479733 sent_us=1632522479747 ack=1401 shown=1400
[1632522.521] (II) ACK_TRACE cap id=1404 mon=0 begin_us=1632522518792 packed_us=1632522522067 sent_us=1632522522084 ack=1402 shown=1401
[1632522.555] (II) ACK_TRACE cap id=1405 mon=0 begin_us=1632522551895 packed_us=1632522556078 sent_us=1632522556095 ack=1403 shown=1402
[1632522.584] (II) ACK_TRACE cap id=1406 mon=0 begin_us=1632522580708 packed_us=1632522585263 sent_us=1632522585285 ack=1404 shown=1403
[1632522.619] (II) ACK_TRACE cap id=1407 mon=0 begin_us=1632522616016 packed_us=1632522620374 sent_us=1632522620388 ack=1405 shown=1404
[1632522.687] (II) ACK_TRACE cap id=1408 mon=0 begin_us=1632522684105 packed_us=1632522688176 sent_us=1632522688188 ack=1406 shown=1405
[1632522.792] (II) ACK_TRACE cap id=1409 mon=0 begin_us=1632522780180 packed_us=1632522793963 sent_us=1632522793982 ack=1407 shown=1406
[1632522.825] (II) ACK_TRACE cap id=1410 mon=0 begin_us=1632522821930 packed_us=1632522826052 sent_us=1632522826063 ack=1408 shown=1407
[1632522.908] (II) ACK_TRACE cap id=1411 mon=0 begin_us=1632522906171 packed_us=1632522909813 sent_us=1632522909829 ack=1409 shown=1408
[1632522.955] (II) ACK_TRACE cap id=1412 mon=0 begin_us=1632522952883 packed_us=1632522956311 sent_us=1632522956331 ack=1410 shown=1409
[1632523.028] (II) ACK_TRACE cap id=1413 mon=0 begin_us=1632523025725 packed_us=1632523029059 sent_us=1632523029070 ack=1411 shown=1410
[1632523.064] (II) ACK_TRACE cap id=1414 mon=0 begin_us=1632523062291 packed_us=1632523065721 sent_us=1632523065730 ack=1412 shown=1411
[1632523.123] (II) ACK_TRACE cap id=1415 mon=0 begin_us=1632523121180 packed_us=1632523124590 sent_us=1632523124604 ack=1413 shown=1412
[1632523.154] (II) ACK_TRACE cap id=1416 mon=0 begin_us=1632523152328 packed_us=1632523155940 sent_us=1632523155952 ack=1414 shown=1413
[1632523.191] (II) ACK_TRACE cap id=1417 mon=0 begin_us=1632523189139 packed_us=1632523192659 sent_us=1632523192677 ack=1415 shown=1414
[1632523.228] (II) ACK_TRACE cap id=1418 mon=0 begin_us=1632523226553 packed_us=1632523229980 sent_us=1632523229997 ack=1416 shown=1415
[1632523.264] (II) ACK_TRACE cap id=1419 mon=0 begin_us=1632523261721 packed_us=1632523265241 sent_us=1632523265261 ack=1417 shown=1416
[1632523.303] (II) ACK_TRACE cap id=1420 mon=0 begin_us=1632523299999 packed_us=1632523304056 sent_us=1632523304070 ack=1418 shown=1417
[1632523.340] (II) ACK_TRACE cap id=1421 mon=0 begin_us=1632523337706 packed_us=1632523341428 sent_us=1632523341444 ack=1419 shown=1418
[1632523.368] (II) ACK_TRACE cap id=1422 mon=0 begin_us=1632523365103 packed_us=1632523369194 sent_us=1632523369206 ack=1420 shown=1419
[1632523.432] (II) ACK_TRACE cap id=1423 mon=0 begin_us=1632523429833 packed_us=1632523433256 sent_us=1632523433274 ack=1421 shown=1420
[1632523.461] (II) ACK_TRACE cap id=1424 mon=0 begin_us=1632523458825 packed_us=1632523462413 sent_us=1632523462426 ack=1422 shown=1421
[1632523.494] (II) ACK_TRACE cap id=1425 mon=0 begin_us=1632523491849 packed_us=1632523495449 sent_us=1632523495459 ack=1423 shown=1422
[1632523.535] (II) ACK_TRACE cap id=1426 mon=0 begin_us=1632523532376 packed_us=1632523536226 sent_us=1632523536247 ack=1424 shown=1423
[1632523.567] (II) ACK_TRACE cap id=1427 mon=0 begin_us=1632523564415 packed_us=1632523568504 sent_us=1632523568519 ack=1425 shown=1424
[1632523.600] (II) ACK_TRACE cap id=1428 mon=0 begin_us=1632523597028 packed_us=1632523601070 sent_us=1632523601089 ack=1426 shown=1425
[1632523.636] (II) ACK_TRACE cap id=1429 mon=0 begin_us=1632523633857 packed_us=1632523637181 sent_us=1632523637193 ack=1427 shown=1426
[1632523.672] (II) ACK_TRACE cap id=1430 mon=0 begin_us=1632523669513 packed_us=1632523673329 sent_us=1632523673343 ack=1428 shown=1427
[1632523.713] (II) ACK_TRACE cap id=1431 mon=0 begin_us=1632523711447 packed_us=1632523714700 sent_us=1632523714711 ack=1429 shown=1428
[1632523.748] (II) ACK_TRACE cap id=1432 mon=0 begin_us=1632523745200 packed_us=1632523749204 sent_us=1632523749222 ack=1430 shown=1429
[1632523.779] (II) ACK_TRACE cap id=1433 mon=0 begin_us=1632523776758 packed_us=1632523780478 sent_us=1632523780489 ack=1431 shown=1430
[1632523.817] (II) ACK_TRACE cap id=1434 mon=0 begin_us=1632523814939 packed_us=1632523818260 sent_us=1632523818269 ack=1432 shown=1431
[1632523.847] (II) ACK_TRACE cap id=1435 mon=0 begin_us=1632523844809 packed_us=1632523848319 sent_us=1632523848332 ack=1433 shown=1432
[1632523.881] (II) ACK_TRACE cap id=1436 mon=0 begin_us=1632523878609 packed_us=1632523882323 sent_us=1632523882339 ack=1434 shown=1433
[1632523.914] (II) ACK_TRACE cap id=1437 mon=0 begin_us=1632523912548 packed_us=1632523915908 sent_us=1632523915922 ack=1435 shown=1434
[1632523.953] (II) ACK_TRACE cap id=1438 mon=0 begin_us=1632523951164 packed_us=1632523954487 sent_us=1632523954498 ack=1436 shown=1435
[1632523.982] (II) ACK_TRACE cap id=1439 mon=0 begin_us=1632523980637 packed_us=1632523983933 sent_us=1632523983945 ack=1437 shown=1436
[1632524.021] (II) ACK_TRACE cap id=1440 mon=0 begin_us=1632524018581 packed_us=1632524022464 sent_us=1632524022481 ack=1438 shown=1437
[1632524.055] (II) ACK_TRACE cap id=1441 mon=0 begin_us=1632524052427 packed_us=1632524056357 sent_us=1632524056369 ack=1439 shown=1438
[1632524.083] (II) ACK_TRACE cap id=1442 mon=0 begin_us=1632524081383 packed_us=1632524084933 sent_us=1632524084952 ack=1440 shown=1439
[1632524.121] (II) ACK_TRACE cap id=1443 mon=0 begin_us=1632524117925 packed_us=1632524122908 sent_us=1632524122928 ack=1441 shown=1440
[1632524.162] (II) ACK_TRACE cap id=1444 mon=0 begin_us=1632524158342 packed_us=1632524163778 sent_us=1632524163794 ack=1442 shown=1441
[1632524.199] (II) ACK_TRACE cap id=1445 mon=0 begin_us=1632524196153 packed_us=1632524200154 sent_us=1632524200169 ack=1443 shown=1442
[1632524.233] (II) ACK_TRACE cap id=1446 mon=0 begin_us=1632524227785 packed_us=1632524234147 sent_us=1632524234159 ack=1444 shown=1443
[1632524.269] (II) ACK_TRACE cap id=1447 mon=0 begin_us=1632524266392 packed_us=1632524270254 sent_us=1632524270269 ack=1445 shown=1444
[1632524.306] (II) ACK_TRACE cap id=1448 mon=0 begin_us=1632524302924 packed_us=1632524307127 sent_us=1632524307138 ack=1446 shown=1445
[1632524.341] (II) ACK_TRACE cap id=1449 mon=0 begin_us=1632524337570 packed_us=1632524342652 sent_us=1632524342666 ack=1447 shown=1446
[1632524.375] (II) ACK_TRACE cap id=1450 mon=0 begin_us=1632524371862 packed_us=1632524376198 sent_us=1632524376213 ack=1448 shown=1447
[1632524.413] (II) ACK_TRACE cap id=1451 mon=0 begin_us=1632524411269 packed_us=1632524414664 sent_us=1632524414680 ack=1449 shown=1448
[1632524.448] (II) ACK_TRACE cap id=1452 mon=0 begin_us=1632524445642 packed_us=1632524448988 sent_us=1632524449006 ack=1450 shown=1449
[1632524.482] (II) ACK_TRACE cap id=1453 mon=0 begin_us=1632524480285 packed_us=1632524483592 sent_us=1632524483611 ack=1451 shown=1450
[1632524.522] (II) ACK_TRACE cap id=1454 mon=0 begin_us=1632524520660 packed_us=1632524523903 sent_us=1632524523916 ack=1452 shown=1451
[1632524.558] (II) ACK_TRACE cap id=1455 mon=0 begin_us=1632524555212 packed_us=1632524559380 sent_us=1632524559396 ack=1453 shown=1452
[1632524.592] (II) ACK_TRACE cap id=1456 mon=0 begin_us=1632524588850 packed_us=1632524593593 sent_us=1632524593610 ack=1454 shown=1453
[1632524.620] (II) ACK_TRACE cap id=1457 mon=0 begin_us=1632524617857 packed_us=1632524621165 sent_us=1632524621176 ack=1455 shown=1454
[1632524.651] (II) ACK_TRACE cap id=1458 mon=0 begin_us=1632524649005 packed_us=1632524652393 sent_us=1632524652405 ack=1456 shown=1455
[1632524.688] (II) ACK_TRACE cap id=1459 mon=0 begin_us=1632524685607 packed_us=1632524689431 sent_us=1632524689446 ack=1457 shown=1456
[1632524.723] (II) ACK_TRACE cap id=1460 mon=0 begin_us=1632524720775 packed_us=1632524724748 sent_us=1632524724764 ack=1458 shown=1457
[1632524.759] (II) ACK_TRACE cap id=1461 mon=0 begin_us=1632524757014 packed_us=1632524760352 sent_us=1632524760364 ack=1459 shown=1458
[1632524.792] (II) ACK_TRACE cap id=1462 mon=0 begin_us=1632524790607 packed_us=1632524793924 sent_us=1632524793933 ack=1460 shown=1459
[1632524.825] (II) ACK_TRACE cap id=1463 mon=0 begin_us=1632524822504 packed_us=1632524826375 sent_us=1632524826389 ack=1461 shown=1460
[1632524.859] (II) ACK_TRACE cap id=1464 mon=0 begin_us=1632524857443 packed_us=1632524860677 sent_us=1632524860690 ack=1462 shown=1461
[1632524.888] (II) ACK_TRACE cap id=1465 mon=0 begin_us=1632524885208 packed_us=1632524889581 sent_us=1632524889604 ack=1463 shown=1462
[1632524.925] (II) ACK_TRACE cap id=1466 mon=0 begin_us=1632524923315 packed_us=1632524926638 sent_us=1632524926648 ack=1464 shown=1463
[1632524.962] (II) ACK_TRACE cap id=1467 mon=0 begin_us=1632524959738 packed_us=1632524963470 sent_us=1632524963483 ack=1465 shown=1464
[1632524.991] (II) ACK_TRACE cap id=1468 mon=0 begin_us=1632524989012 packed_us=1632524992961 sent_us=1632524992975 ack=1466 shown=1465
[1632525.030] (II) ACK_TRACE cap id=1469 mon=0 begin_us=1632525027649 packed_us=1632525031418 sent_us=1632525031433 ack=1467 shown=1466
[1632525.064] (II) ACK_TRACE cap id=1470 mon=0 begin_us=1632525062020 packed_us=1632525065333 sent_us=1632525065344 ack=1468 shown=1467
[1632525.095] (II) ACK_TRACE cap id=1471 mon=0 begin_us=1632525093544 packed_us=1632525096945 sent_us=1632525096956 ack=1469 shown=1468
[1632525.138] (II) ACK_TRACE cap id=1472 mon=0 begin_us=1632525135570 packed_us=1632525139345 sent_us=1632525139360 ack=1470 shown=1469
[1632525.166] (II) ACK_TRACE cap id=1473 mon=0 begin_us=1632525163504 packed_us=1632525167119 sent_us=1632525167130 ack=1471 shown=1470
[1632525.206] (II) ACK_TRACE cap id=1474 mon=0 begin_us=1632525203767 packed_us=1632525207959 sent_us=1632525207977 ack=1472 shown=1471
[1632525.243] (II) ACK_TRACE cap id=1475 mon=0 begin_us=1632525238018 packed_us=1632525244453 sent_us=1632525244470 ack=1473 shown=1472
[1632525.281] (II) ACK_TRACE cap id=1476 mon=0 begin_us=1632525278645 packed_us=1632525282768 sent_us=1632525282787 ack=1474 shown=1473
[1632525.314] (II) ACK_TRACE cap id=1477 mon=0 begin_us=1632525312286 packed_us=1632525315568 sent_us=1632525315584 ack=1475 shown=1474
[1632525.352] (II) ACK_TRACE cap id=1478 mon=0 begin_us=1632525347142 packed_us=1632525353152 sent_us=1632525353164 ack=1476 shown=1475
[1632525.382] (II) ACK_TRACE cap id=1479 mon=0 begin_us=1632525379933 packed_us=1632525383193 sent_us=1632525383206 ack=1477 shown=1476
[1632525.414] (II) ACK_TRACE cap id=1480 mon=0 begin_us=1632525412093 packed_us=1632525415364 sent_us=1632525415373 ack=1478 shown=1477
[1632525.448] (II) ACK_TRACE cap id=1481 mon=0 begin_us=1632525445358 packed_us=1632525449239 sent_us=1632525449254 ack=1479 shown=1478
[1632525.484] (II) ACK_TRACE cap id=1482 mon=0 begin_us=1632525482179 packed_us=1632525485485 sent_us=1632525485497 ack=1480 shown=1479
[1632525.517] (II) ACK_TRACE cap id=1483 mon=0 begin_us=1632525514477 packed_us=1632525518315 sent_us=1632525518331 ack=1481 shown=1480
[1632525.550] (II) ACK_TRACE cap id=1484 mon=0 begin_us=1632525546981 packed_us=1632525551072 sent_us=1632525551088 ack=1482 shown=1481
[1632525.588] (II) ACK_TRACE cap id=1485 mon=0 begin_us=1632525584669 packed_us=1632525589059 sent_us=1632525589076 ack=1483 shown=1482
[1632525.627] (II) ACK_TRACE cap id=1486 mon=0 begin_us=1632525622655 packed_us=1632525628189 sent_us=1632525628198 ack=1484 shown=1483
[1632525.663] (II) ACK_TRACE cap id=1487 mon=0 begin_us=1632525661120 packed_us=1632525664395 sent_us=1632525664405 ack=1485 shown=1484
[1632525.693] (II) ACK_TRACE cap id=1488 mon=0 begin_us=1632525691443 packed_us=1632525694890 sent_us=1632525694899 ack=1486 shown=1485
[1632525.728] (II) ACK_TRACE cap id=1489 mon=0 begin_us=1632525725633 packed_us=1632525729032 sent_us=1632525729049 ack=1487 shown=1486
[1632525.760] (II) ACK_TRACE cap id=1490 mon=0 begin_us=1632525757052 packed_us=1632525761330 sent_us=1632525761344 ack=1488 shown=1487
[1632525.799] (II) ACK_TRACE cap id=1491 mon=0 begin_us=1632525797028 packed_us=1632525800421 sent_us=1632525800432 ack=1489 shown=1488
[1632525.834] (II) ACK_TRACE cap id=1492 mon=0 begin_us=1632525832377 packed_us=1632525835843 sent_us=1632525835856 ack=1490 shown=1489
[1632525.866] (II) ACK_TRACE cap id=1493 mon=0 begin_us=1632525863242 packed_us=1632525867181 sent_us=1632525867194 ack=1491 shown=1490
[1632525.933] (II) ACK_TRACE cap id=1494 mon=0 begin_us=1632525930688 packed_us=1632525934354 sent_us=1632525934371 ack=1492 shown=1491
[1632525.963] (II) ACK_TRACE cap id=1495 mon=0 begin_us=1632525960681 packed_us=1632525964338 sent_us=1632525964351 ack=1493 shown=1492
[1632526.001] (II) ACK_TRACE cap id=1496 mon=0 begin_us=1632525998771 packed_us=1632526002972 sent_us=1632526002988 ack=1494 shown=1493
[1632526.036] (II) ACK_TRACE cap id=1497 mon=0 begin_us=1632526033477 packed_us=1632526037313 sent_us=1632526037330 ack=1495 shown=1494
[1632526.071] (II) ACK_TRACE cap id=1498 mon=0 begin_us=1632526068983 packed_us=1632526072964 sent_us=1632526072977 ack=1496 shown=1495
[1632526.102] (II) ACK_TRACE cap id=1499 mon=0 begin_us=1632526099642 packed_us=1632526102996 sent_us=1632526103008 ack=1497 shown=1496
[1632526.139] (II) ACK_TRACE cap id=1500 mon=0 begin_us=1632526137133 packed_us=1632526140465 sent_us=1632526140475 ack=1498 shown=1497
[1632526.174] (II) ACK_TRACE cap id=1501 mon=0 begin_us=1632526171726 packed_us=1632526175319 sent_us=1632526175332 ack=1499 shown=1498
[1632526.213] (II) ACK_TRACE cap id=1502 mon=0 begin_us=1632526210042 packed_us=1632526214206 sent_us=1632526214223 ack=1500 shown=1499
[1632526.245] (II) ACK_TRACE cap id=1503 mon=0 begin_us=1632526242507 packed_us=1632526246447 sent_us=1632526246459 ack=1501 shown=1500
[1632526.284] (II) ACK_TRACE cap id=1504 mon=0 begin_us=1632526282492 packed_us=1632526285810 sent_us=1632526285821 ack=1502 shown=1501
[1632526.319] (II) ACK_TRACE cap id=1505 mon=0 begin_us=1632526315656 packed_us=1632526320208 sent_us=1632526320227 ack=1503 shown=1502
[1632526.359] (II) ACK_TRACE cap id=1506 mon=0 begin_us=1632526355026 packed_us=1632526360400 sent_us=1632526360412 ack=1504 shown=1503
[1632526.388] (II) ACK_TRACE cap id=1507 mon=0 begin_us=1632526384081 packed_us=1632526389179 sent_us=1632526389195 ack=1505 shown=1504
[1632526.429] (II) ACK_TRACE cap id=1508 mon=0 begin_us=1632526426231 packed_us=1632526430202 sent_us=1632526430215 ack=1506 shown=1505
[1632526.460] (II) ACK_TRACE cap id=1509 mon=0 begin_us=1632526457940 packed_us=1632526461261 sent_us=1632526461269 ack=1507 shown=1506
[1632526.492] (II) ACK_TRACE cap id=1510 mon=0 begin_us=1632526490068 packed_us=1632526493517 sent_us=1632526493526 ack=1508 shown=1507
[1632526.535] (II) ACK_TRACE cap id=1511 mon=0 begin_us=1632526533525 packed_us=1632526536779 sent_us=1632526536792 ack=1509 shown=1508
[1632526.568] (II) ACK_TRACE cap id=1512 mon=0 begin_us=1632526562717 packed_us=1632526569062 sent_us=1632526569077 ack=1510 shown=1509
[1632526.605] (II) ACK_TRACE cap id=1513 mon=0 begin_us=1632526602672 packed_us=1632526606118 sent_us=1632526606134 ack=1511 shown=1510
[1632526.638] (II) ACK_TRACE cap id=1514 mon=0 begin_us=1632526635950 packed_us=1632526639365 sent_us=1632526639377 ack=1512 shown=1511
[1632526.672] (II) ACK_TRACE cap id=1515 mon=0 begin_us=1632526669679 packed_us=1632526673025 sent_us=1632526673035 ack=1513 shown=1512
[1632526.706] (II) ACK_TRACE cap id=1516 mon=0 begin_us=1632526703467 packed_us=1632526707274 sent_us=1632526707289 ack=1514 shown=1513
[1632526.740] (II) ACK_TRACE cap id=1517 mon=0 begin_us=1632526738455 packed_us=1632526741878 sent_us=1632526741889 ack=1515 shown=1514
[1632526.770] (II) ACK_TRACE cap id=1518 mon=0 begin_us=1632526767825 packed_us=1632526771231 sent_us=1632526771243 ack=1516 shown=1515
[1632526.810] (II) ACK_TRACE cap id=1519 mon=0 begin_us=1632526807628 packed_us=1632526811413 sent_us=1632526811427 ack=1517 shown=1516
[1632526.839] (II) ACK_TRACE cap id=1520 mon=0 begin_us=1632526836640 packed_us=1632526840505 sent_us=1632526840518 ack=1518 shown=1517
[1632526.879] (II) ACK_TRACE cap id=1521 mon=0 begin_us=1632526875199 packed_us=1632526880317 sent_us=1632526880330 ack=1519 shown=1518
[1632526.910] (II) ACK_TRACE cap id=1522 mon=0 begin_us=1632526905026 packed_us=1632526911214 sent_us=1632526911229 ack=1520 shown=1519
[1632526.943] (II) ACK_TRACE cap id=1523 mon=0 begin_us=1632526940932 packed_us=1632526944959 sent_us=1632526944969 ack=1521 shown=1520
[1632526.979] (II) ACK_TRACE cap id=1524 mon=0 begin_us=1632526976622 packed_us=1632526980966 sent_us=1632526980979 ack=1522 shown=1521
[1632527.019] (II) ACK_TRACE cap id=1525 mon=0 begin_us=1632527016725 packed_us=1632527020421 sent_us=1632527020437 ack=1523 shown=1522
[1632527.053] (II) ACK_TRACE cap id=1526 mon=0 begin_us=1632527051575 packed_us=1632527054774 sent_us=1632527054782 ack=1524 shown=1523
[1632527.090] (II) ACK_TRACE cap id=1527 mon=0 begin_us=1632527088093 packed_us=1632527091346 sent_us=1632527091351 ack=1525 shown=1524
[1632527.129] (II) ACK_TRACE cap id=1528 mon=0 begin_us=1632527125858 packed_us=1632527130277 sent_us=1632527130291 ack=1526 shown=1525
[1632527.163] (II) ACK_TRACE cap id=1529 mon=0 begin_us=1632527160095 packed_us=1632527164896 sent_us=1632527164914 ack=1527 shown=1526
[1632527.188] (II) ACK_TRACE cap id=1530 mon=0 begin_us=1632527185184 packed_us=1632527189060 sent_us=1632527189072 ack=1528 shown=1527
[1632527.252] (II) ACK_TRACE cap id=1531 mon=0 begin_us=1632527250464 packed_us=1632527253738 sent_us=1632527253750 ack=1529 shown=1528
[1632527.282] (II) ACK_TRACE cap id=1532 mon=0 begin_us=1632527280474 packed_us=1632527283955 sent_us=1632527283967 ack=1530 shown=1529
[1632527.321] (II) ACK_TRACE cap id=1533 mon=0 begin_us=1632527318183 packed_us=1632527322835 sent_us=1632527322851 ack=1531 shown=1530
[1632527.350] (II) ACK_TRACE cap id=1534 mon=0 begin_us=1632527347025 packed_us=1632527351241 sent_us=1632527351258 ack=1532 shown=1531
[1632527.384] (II) ACK_TRACE cap id=1535 mon=0 begin_us=1632527381781 packed_us=1632527385310 sent_us=1632527385331 ack=1533 shown=1532
[1632527.420] (II) ACK_TRACE cap id=1536 mon=0 begin_us=1632527417068 packed_us=1632527421190 sent_us=1632527421211 ack=1534 shown=1533
[1632527.454] (II) ACK_TRACE cap id=1537 mon=0 begin_us=1632527452096 packed_us=1632527455460 sent_us=1632527455476 ack=1535 shown=1534
[1632527.486] (II) ACK_TRACE cap id=1538 mon=0 begin_us=1632527483395 packed_us=1632527487560 sent_us=1632527487575 ack=1536 shown=1535
[1632527.527] (II) ACK_TRACE cap id=1539 mon=0 begin_us=1632527525450 packed_us=1632527528769 sent_us=1632527528780 ack=1537 shown=1536
[1632527.564] (II) ACK_TRACE cap id=1540 mon=0 begin_us=1632527561059 packed_us=1632527565080 sent_us=1632527565091 ack=1538 shown=1537
[1632527.592] (II) ACK_TRACE cap id=1541 mon=0 begin_us=1632527589719 packed_us=1632527593425 sent_us=1632527593433 ack=1539 shown=1538
[1632527.630] (II) ACK_TRACE cap id=1542 mon=0 begin_us=1632527627316 packed_us=1632527631161 sent_us=1632527631172 ack=1540 shown=1539
[1632527.661] (II) ACK_TRACE cap id=1543 mon=0 begin_us=1632527657848 packed_us=1632527662411 sent_us=1632527662426 ack=1541 shown=1540
[1632527.699] (II) ACK_TRACE cap id=1544 mon=0 begin_us=1632527697389 packed_us=1632527700718 sent_us=1632527700730 ack=1542 shown=1541
[1632527.733] (II) ACK_TRACE cap id=1545 mon=0 begin_us=1632527731464 packed_us=1632527734845 sent_us=1632527734864 ack=1543 shown=1542
[1632527.734] (II) rdpClientConRecv: g_sck_recv failed(returned -1)
[1632527.734] (II) rdpClientConRecvMsg: error
[1632527.734] (II) rdpClientConCheck: rdpClientConGotData failed
[1632527.734] (II) rdpRemoveClientConFromDev: removing clientCon 0x559d9ca328e0
[1632528.367] (EE) dbus-core: error connecting to system bus: org.freedesktop.DBus.Error.FileNotFound (Failed to connect to socket /run/dbus/system_bus_socket: No such file or directory)
