1581626819666354 131919735117504 drain_beg 0 0
1581626819670314 131919735117504 drain_end 1 0
1581626819670884 131919735117504 subm_beg 1 0
1581626835351881 131919735117504 subm_end 1 0
1581626835352921 131919735117504 pump_beg 1 0
1581626960069932 131919735117504 pump_end 1 2
1581626962074709 131919735117504 coll_beg 0 0
1581626966153239 131919735117504 coll_end 0 0
1581626967888496 131919735117504 emit_beg 1 0
1581626973323697 131919735117504 emit_end 1 0
1581626973327207 131919735117504 drain_beg 0 0
1581626973327737 131919735117504 drain_end 1 0
1581626973328347 131919735117504 subm_beg 1 0
1581626976697224 131919735117504 subm_end 1 0
1581626976697604 131919735117504 pump_beg 1 0
1581626986776075 131919735117504 pump_end 1 2
1581626990032216 131919735117504 coll_beg 0 0
1581626992780326 131919735117504 coll_end 0 0
1581626995251066 131919735117504 emit_beg 2 0
1581627000494604 131919735117504 emit_end 2 0
1581627000497484 131919735117504 drain_beg 0 0
1581627000498054 131919735117504 drain_end 1 0
1581627000498254 131919735117504 subm_beg 1 0
1581627003846392 131919735117504 subm_end 1 0
1581627003846761 131919735117504 pump_beg 1 0
1581627013243008 131919735117504 pump_end 1 2
1581627015889691 131919735117504 coll_beg 0 0
1581627018522455 131919735117504 coll_end 0 0
1581627021147659 131919735117504 emit_beg 3 0
1581627026452915 131919735117504 emit_end 3 0
1581627026456865 131919735117504 drain_beg 0 0
1581627026457285 131919735117504 drain_end 1 0
1581627026457545 131919735117504 subm_beg 1 0
1581627029836381 131919735117504 subm_end 1 0
1581627029836851 131919735117504 pump_beg 1 0
1581627038780824 131919735117504 pump_end 1 2
1581627041400359 131919735117504 coll_beg 0 0
1581627047604642 131919735117504 coll_end 0 0
1581627049392366 131919735117504 emit_beg 4 0
1581627054957323 131919735117504 emit_end 4 0
1581627054961803 131919735117504 drain_beg 0 0
1581627054962663 131919735117504 drain_end 1 0
1581627054963383 131919735117504 subm_beg 1 0
1581627058259202 131919735117504 subm_end 1 0
1581627058259572 131919735117504 pump_beg 1 0
1581627066289829 131919735117504 pump_end 1 2
1581627069010859 131919735117504 coll_beg 0 0
1581627072444614 131919735117504 coll_end 0 0
1581627074288946 131919735117504 emit_beg 5 0
1581627081149146 131919735117504 emit_end 5 0
1581627081152595 131919735117504 drain_beg 0 0
1581627081153085 131919735117504 drain_end 1 0
1581627081153395 131919735117504 subm_beg 1 0
1581627084513603 131919735117504 subm_end 1 0
1581627084514213 131919735117504 pump_beg 1 0
1581627089549858 131919735117504 pump_end 1 2
1581627092924465 131919735117504 coll_beg 0 0
1581627093276372 131919735117504 coll_end 0 0
1581627096369679 131919735117504 emit_beg 6 0
1581627103084534 131919735117504 emit_end 6 0
1581627115715012 131919735117504 drain_beg 0 0
1581627115719412 131919735117504 drain_end 1 0
1581627115720402 131919735117504 subm_beg 1 0
1581627119255642 131919735117504 subm_end 1 0
1581627119258352 131919735117504 pump_beg 1 0
1581627125833662 131919735117504 pump_end 1 2
1581627127589888 131919735117504 coll_beg 0 0
1581627130688264 131919735117504 coll_end 0 0
1581627132562966 131919735117504 emit_beg 7 0
1581627137799624 131919735117504 emit_end 7 0
1581627137803284 131919735117504 drain_beg 0 0
1581627137803924 131919735117504 drain_end 1 0
1581627137804634 131919735117504 subm_beg 1 0
1581627141263218 131919735117504 subm_end 1 0
1581627141263558 131919735117504 pump_beg 1 0
1581627147852687 131919735117504 pump_end 1 2
1581627150563028 131919735117504 coll_beg 0 0
1581627152691090 131919735117504 coll_end 0 0
1581627155796677 131919735117504 emit_beg 8 0
1581627162788381 131919735117504 emit_end 8 0
1581627162790741 131919735117504 drain_beg 0 0
1581627162791251 131919735117504 drain_end 1 0
1581627162791431 131919735117504 subm_beg 1 0
1581627166188477 131919735117504 subm_end 1 0
1581627166189107 131919735117504 pump_beg 1 0
1581627172463767 131919735117504 pump_end 1 2
1581627174385107 131919735117504 coll_beg 0 0
1581627178015734 131919735117504 coll_end 0 0
1581627180004062 131919735117504 emit_beg 9 0
1581627186945408 131919735117504 emit_end 9 0
1581627200217263 131919735117504 drain_beg 0 0
1581627200219403 131919735117504 drain_end 1 0
1581627200220293 131919735117504 subm_beg 1 0
1581627205455451 131919735117504 subm_end 1 0
1581627205457051 131919735117504 pump_beg 1 0
1581627212859181 131919735117504 pump_end 1 2
1581627214724292 131919735117504 coll_beg 0 0
1581627216952651 131919735117504 coll_end 0 0
1581627218712207 131919735117504 emit_beg 10 0
1581627224122779 131919735117504 emit_end 10 0
1581627224127299 131919735117504 drain_beg 0 0
1581627224127969 131919735117504 drain_end 1 0
1581627224128709 131919735117504 subm_beg 1 0
1581627227673999 131919735117504 subm_end 1 0
1581627227684639 131919735117504 pump_beg 1 0
1581627235474104 131919735117504 pump_end 1 2
1581627238935477 131919735117504 coll_beg 0 0
1581627240372965 131919735117504 coll_end 0 0
1581627242502707 131919735117504 emit_beg 11 0
1581627249476422 131919735117504 emit_end 11 0
1581627249478852 131919735117504 drain_beg 0 0
1581627249479142 131919735117504 drain_end 1 0
1581627249479422 131919735117504 subm_beg 1 0
1581627252939225 131919735117504 subm_end 1 0
1581627252939765 131919735117504 pump_beg 1 0
1581627258757533 131919735117504 pump_end 1 2
1581627260655253 131919735117504 coll_beg 0 0
1581627262229776 131919735117504 coll_end 0 0
1581627264133366 131919735117504 emit_beg 12 0
1581627271235397 131919735117504 emit_end 12 0
1581627286128532 131919735117504 drain_beg 0 0
1581627286132982 131919735117504 drain_end 1 0
1581627286133992 131919735117504 subm_beg 1 0
1581627291489876 131919735117504 subm_end 1 0
1581627291492436 131919735117504 pump_beg 1 0
1581627298148133 131919735117504 pump_end 1 2
1581627300184198 131919735117504 coll_beg 0 0
1581627301896936 131919735117504 coll_end 0 0
1581627303818535 131919735117504 emit_beg 13 0
1581627309499398 131919735117504 emit_end 13 0
1581627309502518 131919735117504 drain_beg 0 0
1581627309502978 131919735117504 drain_end 1 0
1581627309503508 131919735117504 subm_beg 1 0
1581627313254900 131919735117504 subm_end 1 0
1581627313255410 131919735117504 pump_beg 1 0
1581627320905311 131919735117504 pump_end 1 2
1581627323408219 131919735117504 coll_beg 0 0
1581627325938117 131919735117504 coll_end 0 0
1581627329300174 131919735117504 emit_beg 14 0
1581627336652345 131919735117504 emit_end 14 0
1581627336654735 131919735117504 drain_beg 0 0
1581627336655135 131919735117504 drain_end 1 0
1581627336655405 131919735117504 subm_beg 1 0
1581627340347710 131919735117504 subm_end 1 0
1581627340348300 131919735117504 pump_beg 1 0
1581627346917750 131919735117504 pump_end 1 2
1581627349132299 131919735117504 coll_beg 0 0
1581627352048642 131919735117504 coll_end 0 0
1581627354714175 131919735117504 emit_beg 15 0
1581627362517790 131919735117504 emit_end 15 0
1581627362520409 131919735117504 drain_beg 0 0
1581627362520769 131919735117504 drain_end 1 0
1581627362521099 131919735117504 subm_beg 1 0
1581627366236624 131919735117504 subm_end 1 0
1581627366237144 131919735117504 pump_beg 1 0
1581627374466943 131919735117504 pump_end 1 2
1581627377425015 131919735117504 coll_beg 0 0
1581627378412929 131919735117504 coll_end 0 0
1581627381125509 131919735117504 emit_beg 16 0
1581627388473241 131919735117504 emit_end 16 0
1581627401019132 131919735117504 drain_beg 0 0
1581627401020852 131919735117504 drain_end 1 0
1581627401021482 131919735117504 subm_beg 1 0
1581627406476153 131919735117504 subm_end 1 0
1581627406476943 131919735117504 pump_beg 1 0
1581627413657940 131919735117504 pump_end 1 2
1581627415530752 131919735117504 coll_beg 0 0
1581627418154116 131919735117504 coll_end 0 0
1581627420006698 131919735117504 emit_beg 17 0
1581627425453549 131919735117504 emit_end 17 0
1581627425456169 131919735117504 drain_beg 0 0
1581627425456549 131919735117504 drain_end 1 0
1581627425456819 131919735117504 subm_beg 1 0
1581627429074957 131919735117504 subm_end 1 0
1581627429075377 131919735117504 pump_beg 1 0
1581627435884188 131919735117504 pump_end 1 2
1581627439247325 131919735117504 coll_beg 0 0
1581627442135989 131919735117504 coll_end 0 0
1581627444978595 131919735117504 emit_beg 18 0
1581627452177132 131919735117504 emit_end 18 0
1581627452179372 131919735117504 drain_beg 0 0
1581627452179652 131919735117504 drain_end 1 0
1581627452179932 131919735117504 subm_beg 1 0
1581627455684044 131919735117504 subm_end 1 0
1581627455684714 131919735117504 pump_beg 1 0
1581627461629776 131919735117504 pump_end 1 2
1581627464653396 131919735117504 coll_beg 0 0
1581627465867152 131919735117504 coll_end 0 0
1581627468210896 131919735117504 emit_beg 19 0
1581627475492280 131919735117504 emit_end 19 0
1581627487852818 131919735117504 drain_beg 0 0
1581627487853458 131919735117504 drain_end 1 0
1581627487857498 131919735117504 subm_beg 1 0
1581627491436657 131919735117504 subm_end 1 0
1581627491436957 131919735117504 pump_beg 1 0
1581627498582296 131919735117504 pump_end 1 2
1581627500549894 131919735117504 coll_beg 0 0
1581627502876938 131919735117504 coll_end 0 0
1581627504806928 131919735117504 emit_beg 20 0
1581627510313087 131919735117504 emit_end 20 0
1581627510317666 131919735117504 drain_beg 0 0
1581627510318316 131919735117504 drain_end 1 0
1581627510319086 131919735117504 subm_beg 1 0
1581627513854067 131919735117504 subm_end 1 0
1581627513854727 131919735117504 pump_beg 1 0
1581627522433284 131919735117504 pump_end 1 2
1581627524445880 131919735117504 coll_beg 0 0
1581627527747629 131919735117504 coll_end 0 0
1581627530139872 131919735117504 emit_beg 21 0
1581627537466534 131919735117504 emit_end 21 0
1581627537470034 131919735117504 drain_beg 0 0
1581627537470784 131919735117504 drain_end 1 0
1581627537471464 131919735117504 subm_beg 1 0
1581627541138400 131919735117504 subm_end 1 0
1581627541138860 131919735117504 pump_beg 1 0
1581627547486558 131919735117504 pump_end 1 2
1581627550892443 131919735117504 coll_beg 0 0
1581627551985503 131919735117504 coll_end 0 0
1581627554500541 131919735117504 emit_beg 22 0
1581627561771985 131919735117504 emit_end 22 0
1581627574335296 131919735117504 drain_beg 0 0
1581627574336526 131919735117504 drain_end 1 0
1581627574336886 131919735117504 subm_beg 1 0
1581627577931305 131919735117504 subm_end 1 0
1581627577931745 131919735117504 pump_beg 1 0
1581627586537920 131919735117504 pump_end 1 2
1581627588515568 131919735117504 coll_beg 0 0
1581627591074754 131919735117504 coll_end 0 0
1581627592986324 131919735117504 emit_beg 23 0
1581627598520292 131919735117504 emit_end 23 0
1581627598524502 131919735117504 drain_beg 0 0
1581627598525132 131919735117504 drain_end 1 0
1581627598525752 131919735117504 subm_beg 1 0
1581627602102741 131919735117504 subm_end 1 0
1581627602103021 131919735117504 pump_beg 1 0
1581627608300015 131919735117504 pump_end 1 2
1581627610959187 131919735117504 coll_beg 0 0
1581627611061944 131919735117504 coll_end 0 0
1581627614577445 131919735117504 emit_beg 24 0
1581627621796791 131919735117504 emit_end 24 0
1581627633526472 131919735117504 drain_beg 0 0
1581627633527052 131919735117504 drain_end 1 0
1581627633527242 131919735117504 subm_beg 1 0
1581627635369625 131919735117504 subm_end 1 0
1581627635369995 131919735117504 pump_beg 1 0
1581627643461739 131919735117504 pump_end 1 2
1581627645265803 131919735117504 coll_beg 0 0
1581627649951832 131919735117504 coll_end 0 0
1581627651874292 131919735117504 emit_beg 25 0
1581627657302183 131919735117504 emit_end 25 0
1581627657305663 131919735117504 drain_beg 0 0
1581627657306313 131919735117504 drain_end 1 0
1581627657306973 131919735117504 subm_beg 1 0
1581627660700119 131919735117504 subm_end 1 0
1581627660700619 131919735117504 pump_beg 1 0
1581627666525776 131919735117504 pump_end 1 2
1581627669315404 131919735117504 coll_beg 0 0
1581627669387441 131919735117504 coll_end 0 0
1581627672880834 131919735117504 emit_beg 26 0
1581627679775682 131919735117504 emit_end 26 0
1581627690829378 131919735117504 drain_beg 0 0
1581627690830198 131919735117504 drain_end 1 0
1581627690830418 131919735117504 subm_beg 1 0
1581627694427086 131919735117504 subm_end 1 0
1581627694427416 131919735117504 pump_beg 1 0
1581627701620743 131919735117504 pump_end 1 2
1581627703431197 131919735117504 coll_beg 0 0
1581627704559306 131919735117504 coll_end 0 0
1581627706321261 131919735117504 emit_beg 27 0
1581627711658556 131919735117504 emit_end 27 0
1581627711660706 131919735117504 drain_beg 0 0
1581627711661066 131919735117504 drain_end 1 0
1581627711661406 131919735117504 subm_beg 1 0
1581627715154348 131919735117504 subm_end 1 0
1581627715154848 131919735117504 pump_beg 1 0
1581627723682957 131919735117504 pump_end 1 2
1581627725650545 131919735117504 coll_beg 0 0
1581627727907712 131919735117504 coll_end 0 0
1581627731344677 131919735117504 emit_beg 28 0
1581627738352470 131919735117504 emit_end 28 0
1581627738355070 131919735117504 drain_beg 0 0
1581627738362030 131919735117504 drain_end 1 0
1581627738362600 131919735117504 subm_beg 1 0
1581627741831083 131919735117504 subm_end 1 0
1581627741831633 131919735117504 pump_beg 1 0
1581627750230266 131919735117504 pump_end 1 2
1581627752028650 131919735117504 coll_beg 0 0
1581627754175762 131919735117504 coll_end 0 0
1581627757884806 131919735117504 emit_beg 29 0
1581627764926229 131919735117504 emit_end 29 0
1581627764929829 131919735117504 drain_beg 0 0
1581627764930669 131919735117504 drain_end 1 0
1581627764931219 131919735117504 subm_beg 1 0
1581627768510528 131919735117504 subm_end 1 0
1581627768510998 131919735117504 pump_beg 1 0
1581627778881749 131919735117504 pump_end 1 2
1581627780731471 131919735117504 coll_beg 0 0
1581627782127590 131919735117504 coll_end 0 0
1581627784225283 131919735117504 emit_beg 30 0
1581627791253716 131919735117504 emit_end 30 0
1581627791256076 131919735117504 drain_beg 0 0
1581627791256386 131919735117504 drain_end 1 0
1581627791256636 131919735117504 subm_beg 1 0
1581627794691431 131919735117504 subm_end 1 0
1581627794691961 131919735117504 pump_beg 1 0
1581627809486330 131919735117504 pump_end 1 2
1581627811277384 131919735117504 coll_beg 0 0
1581627814630262 131919735117504 coll_end 0 0
1581627816491644 131919735117504 emit_beg 31 0
1581627820031424 131919735117504 emit_end 31 0
1581627820033684 131919735117504 drain_beg 0 0
1581627820034054 131919735117504 drain_end 1 0
1581627820034384 131919735117504 subm_beg 1 0
1581627823569725 131919735117504 subm_end 1 0
1581627823570045 131919735117504 pump_beg 1 0
1581627836857489 131919735117504 pump_end 1 2
1581627839598959 131919735117504 coll_beg 0 0
1581627842425236 131919735117504 coll_end 0 0
1581627844702342 131919735117504 emit_beg 32 0
1581627849920722 131919735117504 emit_end 32 0
1581627849923452 131919735117504 drain_beg 0 0
1581627849923822 131919735117504 drain_end 1 0
1581627849924022 131919735117504 subm_beg 1 0
1581627853316838 131919735117504 subm_end 1 0
1581627853317097 131919735117504 pump_beg 1 0
1581627865277850 131919735117504 pump_end 1 2
1581627867069125 131919735117504 coll_beg 0 0
1581627869260845 131919735117504 coll_end 0 0
1581627871014951 131919735117504 emit_beg 33 0
1581627876201991 131919735117504 emit_end 33 0
1581627876204651 131919735117504 drain_beg 0 0
1581627876205091 131919735117504 drain_end 1 0
1581627876205441 131919735117504 subm_beg 1 0
1581627879670554 131919735117504 subm_end 1 0
1581627879672144 131919735117504 pump_beg 1 0
1581627893639083 131919735117504 pump_end 1 2
1581627895451117 131919735117504 coll_beg 0 0
1581627898891632 131919735117504 coll_end 0 0
1581627900692976 131919735117504 emit_beg 34 0
1581627907732928 131919735117504 emit_end 34 0
1581627907735728 131919735117504 drain_beg 0 0
1581627907736148 131919735117504 drain_end 1 0
1581627907736398 131919735117504 subm_beg 1 0
1581627909471195 131919735117504 subm_end 1 0
1581627909471725 131919735117504 pump_beg 1 0
1581627919791658 131919735117504 pump_end 1 2
1581627921899041 131919735117504 coll_beg 0 0
1581627923706354 131919735117504 coll_end 0 0
1581627927183037 131919735117504 emit_beg 35 0
1581627932342339 131919735117504 emit_end 35 0
1581627932344419 131919735117504 drain_beg 0 0
1581627932344779 131919735117504 drain_end 1 0
1581627932345059 131919735117504 subm_beg 1 0
1581627935758894 131919735117504 subm_end 1 0
1581627935759334 131919735117504 pump_beg 1 0
1581627947086090 131919735117504 pump_end 1 2
1581627948972321 131919735117504 coll_beg 0 0
1581627951415051 131919735117504 coll_end 0 0
1581627953180357 131919735117504 emit_beg 36 0
1581627958516562 131919735117504 emit_end 36 0
1581627958518572 131919735117504 drain_beg 0 0
1581627958518932 131919735117504 drain_end 1 0
1581627958519242 131919735117504 subm_beg 1 0
1581627961896258 131919735117504 subm_end 1 0
1581627961896908 131919735117504 pump_beg 1 0
1581627972029668 131919735117504 pump_end 1 2
1581627974381822 131919735117504 coll_beg 0 0
1581627976850172 131919735117504 coll_end 0 0
1581627978709404 131919735117504 emit_beg 37 0
1581627986030986 131919735117504 emit_end 37 0
1581627986033466 131919735117504 drain_beg 0 0
1581627986033906 131919735117504 drain_end 1 0
1581627986034466 131919735117504 subm_beg 1 0
1581627989570257 131919735117504 subm_end 1 0
1581627989570537 131919735117504 pump_beg 1 0
1581627998348386 131919735117504 pump_end 1 2
1581628000572474 131919735117504 coll_beg 0 0
1581628002490354 131919735117504 coll_end 0 0
1581628004315347 131919735117504 emit_beg 38 0
1581628011595581 131919735117504 emit_end 38 0
1581628011599921 131919735117504 drain_beg 0 0
1581628011601151 131919735117504 drain_end 1 0
1581628011601841 131919735117504 subm_beg 1 0
1581628015127822 131919735117504 subm_end 1 0
1581628015128422 131919735117504 pump_beg 1 0
1581628025686396 131919735117504 pump_end 1 2
1581628028633359 131919735117504 coll_beg 0 0
1581628032216378 131919735117504 coll_end 0 0
1581628034060480 131919735117504 emit_beg 39 0
1581628039566159 131919735117504 emit_end 39 0
1581628039569499 131919735117504 drain_beg 0 0
1581628039570099 131919735117504 drain_end 1 0
1581628039570759 131919735117504 subm_beg 1 0
1581628043145918 131919735117504 subm_end 1 0
1581628043146408 131919735117504 pump_beg 1 0
1581628053024247 131919735117504 pump_end 1 2
1581628057967476 131919735117504 coll_beg 0 0
1581628061936641 131919735117504 coll_end 0 0
1581628072217785 131919735117504 emit_beg 40 0
1581628077690085 131919735117504 emit_end 40 0
1581628077692935 131919735117504 drain_beg 0 0
1581628077693395 131919735117504 drain_end 1 0
1581628077693835 131919735117504 subm_beg 1 0
1581628081175108 131919735117504 subm_end 1 0
1581628081175488 131919735117504 pump_beg 1 0
1581628092285202 131919735117504 pump_end 1 2
1581628095575841 131919735117504 coll_beg 0 0
1581628098807513 131919735117504 coll_end 0 0
1581628100630347 131919735117504 emit_beg 41 0
1581628106062948 131919735117504 emit_end 41 0
1581628106066368 131919735117504 drain_beg 0 0
1581628106066968 131919735117504 drain_end 1 0
1581628106067728 131919735117504 subm_beg 1 0
1581628109622498 131919735117504 subm_end 1 0
1581628109623208 131919735117504 pump_beg 1 0
1581628118714076 131919735117504 pump_end 1 2
1581628121968067 131919735117504 coll_beg 0 0
1581628123804780 131919735117504 coll_end 0 0
1581628125602594 131919735117504 emit_beg 42 0
1581628129257560 131919735117504 emit_end 42 0
1581628146112034 131919735117504 drain_beg 0 0
1581628146112974 131919735117504 drain_end 1 0
1581628146113374 131919735117504 subm_beg 1 0
1581628149753501 131919735117504 subm_end 1 0
1581628149753931 131919735117504 pump_beg 1 0
1581628158123785 131919735117504 pump_end 1 2
1581628160080493 131919735117504 coll_beg 0 0
1581628161620377 131919735117504 coll_end 0 0
1581628163475439 131919735117504 emit_beg 43 0
1581628168842113 131919735117504 emit_end 43 0
1581628183440199 131919735117504 drain_beg 0 0
1581628183443609 131919735117504 drain_end 1 0
1581628183444559 131919735117504 subm_beg 1 0
1581628187070707 131919735117504 subm_end 1 0
1581628187071937 131919735117504 pump_beg 1 0
1581628196834630 131919735117504 pump_end 1 2
1581628199247681 131919735117504 coll_beg 0 0
1581628202176894 131919735117504 coll_end 0 0
1581628203991348 131919735117504 emit_beg 44 0
1581628207606356 131919735117504 emit_end 44 0
1581628207609856 131919735117504 drain_beg 0 0
1581628207610436 131919735117504 drain_end 1 0
1581628207610966 131919735117504 subm_beg 1 0
1581628211248933 131919735117504 subm_end 1 0
1581628211249343 131919735117504 pump_beg 1 0
1581628220609561 131919735117504 pump_end 1 2
1581628222429674 131919735117504 coll_beg 0 0
1581628225070768 131919735117504 coll_end 0 0
1581628227776539 131919735117504 emit_beg 45 0
1581628234873209 131919735117504 emit_end 45 0
1581628249975577 131919735117504 drain_beg 0 0
1581628249977947 131919735117504 drain_end 1 0
1581628249978587 131919735117504 subm_beg 1 0
1581628253511248 131919735117504 subm_end 1 0
1581628253511988 131919735117504 pump_beg 1 0
1581628261868222 131919735117504 pump_end 1 2
1581628263809251 131919735117504 coll_beg 0 0
1581628265091015 131919735117504 coll_end 0 0
1581628266891279 131919735117504 emit_beg 46 0
1581628272421047 131919735117504 emit_end 46 0
1581628286999044 131919735117504 drain_beg 0 0
1581628286999863 131919735117504 drain_end 1 0
1581628287000153 131919735117504 subm_beg 1 0
1581628290541754 131919735117504 subm_end 1 0
1581628290542294 131919735117504 pump_beg 1 0
1581628300375045 131919735117504 pump_end 1 2
1581628302203968 131919735117504 coll_beg 0 0
1581628305023245 131919735117504 coll_end 0 0
1581628306799970 131919735117504 emit_beg 47 0
1581628310430757 131919735117504 emit_end 47 0
1581628310433387 131919735117504 drain_beg 0 0
1581628310433897 131919735117504 drain_end 1 0
1581628310434357 131919735117504 subm_beg 1 0
1581628314074284 131919735117504 subm_end 1 0
1581628314074774 131919735117504 pump_beg 1 0
1581628320808658 131919735117504 pump_end 1 2
1581628324188394 131919735117504 coll_beg 0 0
1581628324209533 131919735117504 coll_end 0 0
1581628327803402 131919735117504 emit_beg 48 0
1581628334967350 131919735117504 emit_end 48 0
1581628347730773 131919735117504 drain_beg 0 0
1581628347731293 131919735117504 drain_end 1 0
1581628347731633 131919735117504 subm_beg 1 0
1581628351325662 131919735117504 subm_end 1 0
1581628351326042 131919735117504 pump_beg 1 0
1581628363660011 131919735117504 pump_end 1 2
1581628365422077 131919735117504 coll_beg 0 0
1581628370877057 131919735117504 coll_end 0 0
1581628372678991 131919735117504 emit_beg 49 0
1581628377842563 131919735117504 emit_end 49 0
1581628377845972 131919735117504 drain_beg 0 0
1581628377846442 131919735117504 drain_end 1 0
1581628377846802 131919735117504 subm_beg 1 0
1581628381160181 131919735117504 subm_end 1 0
1581628381160661 131919735117504 pump_beg 1 0
1581628392038024 131919735117504 pump_end 1 2
1581628394871700 131919735117504 coll_beg 0 0
1581628398432830 131919735117504 coll_end 0 0
1581628400122978 131919735117504 emit_beg 50 0
1581628405363637 131919735117504 emit_end 50 0
1581628405366407 131919735117504 drain_beg 0 0
1581628405367026 131919735117504 drain_end 1 0
1581628405367546 131919735117504 subm_beg 1 0
1581628408695165 131919735117504 subm_end 1 0
1581628408695595 131919735117504 pump_beg 1 0
1581628420157166 131919735117504 pump_end 1 2
1581628422989282 131919735117504 coll_beg 0 0
1581628427410531 131919735117504 coll_end 0 0
1581628429097809 131919735117504 emit_beg 51 0
1581628435885721 131919735117504 emit_end 51 0
1581628435889321 131919735117504 drain_beg 0 0
1581628435889841 131919735117504 drain_end 1 0
1581628435890311 131919735117504 subm_beg 1 0
1581628439233248 131919735117504 subm_end 1 0
1581628439233838 131919735117504 pump_beg 1 0
1581628448096234 131919735117504 pump_end 1 2
1581628450753477 131919735117504 coll_beg 0 0
1581628454518270 131919735117504 coll_end 0 0
1581628456273526 131919735117504 emit_beg 52 0
1581628461487625 131919735117504 emit_end 52 0
1581628476597423 131919735117504 drain_beg 0 0
1581628476598863 131919735117504 drain_end 1 0
1581628476599442 131919735117504 subm_beg 1 0
1581628480041167 131919735117504 subm_end 1 0
1581628480041697 131919735117504 pump_beg 1 0
1581628492193732 131919735117504 pump_end 1 2
1581628494095153 131919735117504 coll_beg 0 0
1581628499005783 131919735117504 coll_end 0 0
1581628500913844 131919735117504 emit_beg 53 0
1581628506220980 131919735117504 emit_end 53 0
1581628506224389 131919735117504 drain_beg 0 0
1581628506225059 131919735117504 drain_end 1 0
1581628506225599 131919735117504 subm_beg 1 0
1581628509600766 131919735117504 subm_end 1 0
1581628509601186 131919735117504 pump_beg 1 0
1581628518820799 131919735117504 pump_end 1 2
1581628522017242 131919735117504 coll_beg 0 0
1581628523574205 131919735117504 coll_end 0 0
1581628525417528 131919735117504 emit_beg 54 0
1581628532314036 131919735117504 emit_end 54 0
1581628532316576 131919735117504 drain_beg 0 0
1581628532316906 131919735117504 drain_end 1 0
1581628532317216 131919735117504 subm_beg 1 0
1581628535621695 131919735117504 subm_end 1 0
1581628535622165 131919735117504 pump_beg 1 0
1581628542289331 131919735117504 pump_end 1 2
1581628544908515 131919735117504 coll_beg 0 0
1581628544991422 131919735117504 coll_end 0 0
1581628548322160 131919735117504 emit_beg 55 0
1581628555215029 131919735117504 emit_end 55 0
1581628567438942 131919735117504 drain_beg 0 0
1581628567439552 131919735117504 drain_end 1 0
1581628567439842 131919735117504 subm_beg 1 0
1581628570865876 131919735117504 subm_end 1 0
1581628570866286 131919735117504 pump_beg 1 0
1581628578526836 131919735117504 pump_end 1 2
1581628580236614 131919735117504 coll_beg 0 0
1581628580466175 131919735117504 coll_end 0 0
1581628582248660 131919735117504 emit_beg 56 0
1581628587406962 131919735117504 emit_end 56 0
1581628587409172 131919735117504 drain_beg 0 0
1581628587409592 131919735117504 drain_end 1 0
1581628587410022 131919735117504 subm_beg 1 0
1581628590789438 131919735117504 subm_end 1 0
1581628590789798 131919735117504 pump_beg 1 0
1581628600619189 131919735117504 pump_end 1 2
1581628603060459 131919735117504 coll_beg 0 0
1581628605514660 131919735117504 coll_end 0 0
1581628608948954 131919735117504 emit_beg 57 0
1581628614062557 131919735117504 emit_end 57 0
1581628614064987 131919735117504 drain_beg 0 0
1581628614065417 131919735117504 drain_end 1 0
1581628614065947 131919735117504 subm_beg 1 0
1581628617432724 131919735117504 subm_end 1 0
1581628617433274 131919735117504 pump_beg 1 0
1581628627398870 131919735117504 pump_end 1 2
1581628630885152 131919735117504 coll_beg 0 0
1581628633052093 131919735117504 coll_end 0 0
1581628634868217 131919735117504 emit_beg 58 0
1581628640088456 131919735117504 emit_end 58 0
1581628654608715 131919735117504 drain_beg 0 0
1581628654609565 131919735117504 drain_end 1 0
1581628654609955 131919735117504 subm_beg 1 0
1581628658040950 131919735117504 subm_end 1 0
1581628658041230 131919735117504 pump_beg 1 0
1581628668658781 131919735117504 pump_end 1 2
1581628670527523 131919735117504 coll_beg 0 0
1581628672995053 131919735117504 coll_end 0 0
1581628674834236 131919735117504 emit_beg 59 0
1581628680017726 131919735117504 emit_end 59 0
1581628680020336 131919735117504 drain_beg 0 0
1581628680020816 131919735117504 drain_end 1 0
1581628680021146 131919735117504 subm_beg 1 0
1581628683405722 131919735117504 subm_end 1 0
1581628683406192 131919735117504 pump_beg 1 0
1581628694895102 131919735117504 pump_end 1 2
1581628697807896 131919735117504 coll_beg 0 0
1581628701438973 131919735117504 coll_end 0 0
1581628703158050 131919735117504 emit_beg 60 0
1581628708350320 131919735117504 emit_end 60 0
1581628708352760 131919735117504 drain_beg 0 0
1581628708353210 131919735117504 drain_end 1 0
1581628708353550 131919735117504 subm_beg 1 0
1581628711701388 131919735117504 subm_end 1 0
1581628711701768 131919735117504 pump_beg 1 0
1581628722748734 131919735117504 pump_end 1 2
1581628726020584 131919735117504 coll_beg 0 0
1581628729066373 131919735117504 coll_end 0 0
1581628730973933 131919735117504 emit_beg 61 0
1581628736386615 131919735117504 emit_end 61 0
1581628752315823 131919735117504 drain_beg 0 0
1581628752316793 131919735117504 drain_end 1 0
1581628752317173 131919735117504 subm_beg 1 0
1581628755855614 131919735117504 subm_end 1 0
1581628755856454 131919735117504 pump_beg 1 0
1581628764805677 131919735117504 pump_end 1 2
1581628767688361 131919735117504 coll_beg 0 0
1581628769240294 131919735117504 coll_end 0 0
1581628771069237 131919735117504 emit_beg 62 0
1581628776368434 131919735117504 emit_end 62 0
1581628776371514 131919735117504 drain_beg 0 0
1581628776371994 131919735117504 drain_end 1 0
1581628776372504 131919735117504 subm_beg 1 0
1581628779948653 131919735117504 subm_end 1 0
1581628779949123 131919735117504 pump_beg 1 0
1581628791412494 131919735117504 pump_end 1 2
1581628793255826 131919735117504 coll_beg 0 0
1581628797134505 131919735117504 coll_end 0 0
1581628798959528 131919735117504 emit_beg 63 0
1581628804487886 131919735117504 emit_end 63 0
1581628804491146 131919735117504 drain_beg 0 0
1581628804491646 131919735117504 drain_end 1 0
1581628804492116 131919735117504 subm_beg 1 0
1581628808071405 131919735117504 subm_end 1 0
1581628808078175 131919735117504 pump_beg 1 0
1581628817756861 131919735117504 pump_end 1 2
1581628820987403 131919735117504 coll_beg 0 0
1581628822625653 131919735117504 coll_end 0 0
1581628824562892 131919735117504 emit_beg 64 0
1581628831765059 131919735117504 emit_end 64 0
1581628831768059 131919735117504 drain_beg 0 0
1581628831768599 131919735117504 drain_end 1 0
1581628831769069 131919735117504 subm_beg 1 0
1581628835318629 131919735117504 subm_end 1 0
1581628835319109 131919735117504 pump_beg 1 0
1581628846618726 131919735117504 pump_end 1 2
1581628848940671 131919735117504 coll_beg 0 0
1581628853145057 131919735117504 coll_end 0 0
1581628855056277 131919735117504 emit_beg 65 0
1581628860600895 131919735117504 emit_end 65 0
1581628860604444 131919735117504 drain_beg 0 0
1581628860605044 131919735117504 drain_end 1 0
1581628860605674 131919735117504 subm_beg 1 0
1581628864143395 131919735117504 subm_end 1 0
1581628864143965 131919735117504 pump_beg 1 0
1581628875246689 131919735117504 pump_end 1 2
1581628877302894 131919735117504 coll_beg 0 0
1581628880303614 131919735117504 coll_end 0 0
1581628882750395 131919735117504 emit_beg 66 0
1581628888138538 131919735117504 emit_end 66 0
1581628888141368 131919735117504 drain_beg 0 0
1581628888141718 131919735117504 drain_end 1 0
1581628888141998 131919735117504 subm_beg 1 0
1581628891601291 131919735117504 subm_end 1 0
1581628891601681 131919735117504 pump_beg 1 0
1581628903311753 131919735117504 pump_end 1 2
1581628905725735 131919735117504 coll_beg 0 0
1581628909210398 131919735117504 coll_end 0 0
1581628911052280 131919735117504 emit_beg 67 0
1581628916587238 131919735117504 emit_end 67 0
1581628932626671 131919735117504 drain_beg 0 0
1581628932627901 131919735117504 drain_end 1 0
1581628932628461 131919735117504 subm_beg 1 0
1581628936240149 131919735117504 subm_end 1 0
1581628936240549 131919735117504 pump_beg 1 0
1581628949246374 131919735117504 pump_end 1 2
1581628951081167 131919735117504 coll_beg 0 0
1581628956250978 131919735117504 coll_end 0 0
1581628958052122 131919735117504 emit_beg 68 0
1581628963549061 131919735117504 emit_end 68 0
1581628963551711 131919735117504 drain_beg 0 0
1581628963552181 131919735117504 drain_end 1 0
1581628963552651 131919735117504 subm_beg 1 0
1581628967039074 131919735117504 subm_end 1 0
1581628967039464 131919735117504 pump_beg 1 0
1581628978335311 131919735117504 pump_end 1 2
1581628981218285 131919735117504 coll_beg 0 0
1581628984815844 131919735117504 coll_end 0 0
1581628986650977 131919735117504 emit_beg 69 0
1581628990282524 131919735117504 emit_end 69 0
1581629008649472 131919735117504 drain_beg 0 0
1581629008650962 131919735117504 drain_end 1 0
1581629008651662 131919735117504 subm_beg 1 0
1581629012297849 131919735117504 subm_end 1 0
1581629012298269 131919735117504 pump_beg 1 0
1581629022788885 131919735117504 pump_end 1 2
1581629024659887 131919735117504 coll_beg 0 0
1581629027460055 131919735117504 coll_end 0 0
1581629029374405 131919735117504 emit_beg 70 0
1581629034750778 131919735117504 emit_end 70 0
1581629034753588 131919735117504 drain_beg 0 0
1581629034754068 131919735117504 drain_end 1 0
1581629034754688 131919735117504 subm_beg 1 0
1581629038262160 131919735117504 subm_end 1 0
1581629038262520 131919735117504 pump_beg 1 0
1581629045409989 131919735117504 pump_end 1 2
1581629048683589 131919735117504 coll_beg 0 0
1581629049128833 131919735117504 coll_end 0 0
1581629052283167 131919735117504 emit_beg 71 0
1581629059379418 131919735117504 emit_end 71 0
1581629059381398 131919735117504 drain_beg 0 0
1581629059381748 131919735117504 drain_end 1 0
1581629059381998 131919735117504 subm_beg 1 0
1581629062954417 131919735117504 subm_end 1 0
1581629062954967 131919735117504 pump_beg 1 0
1581629073882838 131919735117504 pump_end 1 2
1581629075670832 131919735117504 coll_beg 0 0
1581629080173198 131919735117504 coll_end 0 0
1581629081965402 131919735117504 emit_beg 72 0
1581629087399854 131919735117504 emit_end 72 0
1581629087402753 131919735117504 drain_beg 0 0
1581629087403233 131919735117504 drain_end 1 0
1581629087407743 131919735117504 subm_beg 1 0
1581629090931964 131919735117504 subm_end 1 0
1581629090932404 131919735117504 pump_beg 1 0
1581629100878601 131919735117504 pump_end 1 2
1581629103386089 131919735117504 coll_beg 0 0
1581629106021763 131919735117504 coll_end 0 0
1581629107785438 131919735117504 emit_beg 73 0
1581629112917171 131919735117504 emit_end 73 0
1581629128380365 131919735117504 drain_beg 0 0
1581629128382685 131919735117504 drain_end 1 0
1581629128383225 131919735117504 subm_beg 1 0
1581629131828399 131919735117504 subm_end 1 0
1581629131829589 131919735117504 pump_beg 1 0
1581629143644857 131919735117504 pump_end 1 2
1581629145527899 131919735117504 coll_beg 0 0
1581629150069753 131919735117504 coll_end 0 0
1581629151817539 131919735117504 emit_beg 74 0
1581629157005639 131919735117504 emit_end 74 0
1581629157009189 131919735117504 drain_beg 0 0
1581629157012719 131919735117504 drain_end 1 0
1581629157013479 131919735117504 subm_beg 1 0
1581629160405385 131919735117504 subm_end 1 0
1581629160405875 131919735117504 pump_beg 1 0
1581629168654933 131919735117504 pump_end 1 2
1581629171719591 131919735117504 coll_beg 0 0
1581629172874629 131919735117504 coll_end 0 0
1581629175130746 131919735117504 emit_beg 75 0
1581629181976826 131919735117504 emit_end 75 0
1581629181979336 131919735117504 drain_beg 0 0
1581629181979686 131919735117504 drain_end 1 0
1581629181979946 131919735117504 subm_beg 1 0
1581629185421810 131919735117504 subm_end 1 0
1581629185422310 131919735117504 pump_beg 1 0
1581629192312838 131919735117504 pump_end 1 2
1581629194566716 131919735117504 coll_beg 0 0
1581629194651503 131919735117504 coll_end 0 0
1581629198617088 131919735117504 emit_beg 76 0
1581629204025190 131919735117504 emit_end 76 0
1581629216367489 131919735117504 drain_beg 0 0
1581629216368449 131919735117504 drain_end 1 0
1581629216368939 131919735117504 subm_beg 1 0
1581629219882420 131919735117504 subm_end 1 0
1581629219882800 131919735117504 pump_beg 1 0
1581629226646493 131919735117504 pump_end 1 2
1581629228566383 131919735117504 coll_beg 0 0
1581629228605342 131919735117504 coll_end 0 0
1581629230346998 131919735117504 emit_beg 77 0
1581629235503539 131919735117504 emit_end 77 0
1581629247719313 131919735117504 drain_beg 0 0
1581629247719833 131919735117504 drain_end 1 0
1581629247720083 131919735117504 subm_beg 1 0
1581629251149557 131919735117504 subm_end 1 0
1581629251149937 131919735117504 pump_beg 1 0
1581629262425195 131919735117504 pump_end 1 2
1581629265092328 131919735117504 coll_beg 0 0
1581629267836137 131919735117504 coll_end 0 0
1581629269564484 131919735117504 emit_beg 78 0
1581629274779594 131919735117504 emit_end 78 0
1581629274782033 131919735117504 drain_beg 0 0
1581629274782493 131919735117504 drain_end 1 0
1581629274782923 131919735117504 subm_beg 1 0
1581629278079943 131919735117504 subm_end 1 0
1581629278080293 131919735117504 pump_beg 1 0
1581629284875624 131919735117504 pump_end 1 2
1581629288041479 131919735117504 coll_beg 0 0
1581629288054408 131919735117504 coll_end 0 0
1581629291528891 131919735117504 emit_beg 79 0
1581629298365061 131919735117504 emit_end 79 0
1581629310550096 131919735117504 drain_beg 0 0
1581629310550616 131919735117504 drain_end 1 0
1581629310551006 131919735117504 subm_beg 1 0
1581629313924833 131919735117504 subm_end 1 0
1581629313925213 131919735117504 pump_beg 1 0
1581629326435635 131919735117504 pump_end 1 2
1581629328214230 131919735117504 coll_beg 0 0
1581629331930204 131919735117504 coll_end 0 0
1581629333753458 131919735117504 emit_beg 80 0
1581629337250390 131919735117504 emit_end 80 0
1581629337252940 131919735117504 drain_beg 0 0
1581629337253380 131919735117504 drain_end 1 0
1581629337253810 131919735117504 subm_beg 1 0
1581629340623567 131919735117504 subm_end 1 0
1581629340623957 131919735117504 pump_beg 1 0
1581629351909364 131919735117504 pump_end 1 2
1581629354862506 131919735117504 coll_beg 0 0
1581629358413436 131919735117504 coll_end 0 0
1581629360310147 131919735117504 emit_beg 81 0
1581629365770707 131919735117504 emit_end 81 0
1581629381928917 131919735117504 drain_beg 0 0
1581629381929907 131919735117504 drain_end 1 0
1581629381930497 131919735117504 subm_beg 1 0
1581629385352131 131919735117504 subm_end 1 0
1581629385352561 131919735117504 pump_beg 1 0
1581629393312410 131919735117504 pump_end 1 2
1581629407502212 131919735117504 coll_beg 0 0
1581629407589308 131919735117504 coll_end 0 0
1581629415399183 131919735117504 emit_beg 82 0
1581629435768908 131919735117504 emit_end 82 0
1581629435771958 131919735117504 drain_beg 0 0
1581629435772498 131919735117504 drain_end 1 0
1581629435772958 131919735117504 subm_beg 1 0
1581629448693236 131919735117504 subm_end 1 0
1581629448693816 131919735117504 pump_beg 1 0
1581629460205295 131919735117504 pump_end 1 2
1581629468228602 131919735117504 coll_beg 0 0
1581629471238582 131919735117504 coll_end 0 0
1581629481732968 131919735117504 emit_beg 83 0
1581629501931600 131919735117504 emit_end 83 0
1581629525323205 131919735117504 drain_beg 0 0
1581629525324305 131919735117504 drain_end 1 0
1581629525324705 131919735117504 subm_beg 1 0
1581629529938036 131919735117504 subm_end 1 0
1581629529938566 131919735117504 pump_beg 1 0
1581629538176815 131919735117504 pump_end 1 2
1581629540688693 131919735117504 coll_beg 0 0
1581629541166595 131919735117504 coll_end 0 0
1581629543616296 131919735117504 emit_beg 84 0
1581629550508724 131919735117504 emit_end 84 0
1581629550512044 131919735117504 drain_beg 0 0
1581629550512414 131919735117504 drain_end 1 0
1581629550512734 131919735117504 subm_beg 1 0
1581629555399285 131919735117504 subm_end 1 0
1581629555399865 131919735117504 pump_beg 1 0
1581629564228612 131919735117504 pump_end 1 2
1581629567261961 131919735117504 coll_beg 0 0
1581629568115790 131919735117504 coll_end 0 0
1581629572441302 131919735117504 emit_beg 85 0
1581629583445080 131919735117504 emit_end 85 0
1581629603501847 131919735117504 drain_beg 0 0
1581629603502987 131919735117504 drain_end 1 0
1581629603503437 131919735117504 subm_beg 1 0
1581629609743928 131919735117504 subm_end 1 0
1581629609744488 131919735117504 pump_beg 1 0
1581629622913887 131919735117504 pump_end 1 2
1581629625957856 131919735117504 coll_beg 0 0
1581629632593193 131919735117504 coll_end 0 0
1581629635827925 131919735117504 emit_beg 86 0
1581629645265790 131919735117504 emit_end 86 0
1581629645273770 131919735117504 drain_beg 0 0
1581629645274910 131919735117504 drain_end 1 0
1581629645275829 131919735117504 subm_beg 1 0
1581629651075407 131919735117504 subm_end 1 0
1581629651076937 131919735117504 pump_beg 1 0
1581629661565104 131919735117504 pump_end 1 2
1581629666859221 131919735117504 coll_beg 0 0
1581629668683844 131919735117504 coll_end 0 0
1581629672683927 131919735117504 emit_beg 87 0
1581629683865879 131919735117504 emit_end 87 0
1581629683869459 131919735117504 drain_beg 0 0
1581629683870029 131919735117504 drain_end 1 0
1581629683870579 131919735117504 subm_beg 1 0
1581629690139939 131919735117504 subm_end 1 0
1581629690140599 131919735117504 pump_beg 1 0
1581629702453689 131919735117504 pump_end 1 2
1581629707777725 131919735117504 coll_beg 0 0
1581629712288010 131919735117504 coll_end 0 0
1581629716443408 131919735117504 emit_beg 88 0
1581629727852111 131919735117504 emit_end 88 0
1581629727856221 131919735117504 drain_beg 0 0
1581629727856841 131919735117504 drain_end 1 0
1581629727857431 131919735117504 subm_beg 1 0
1581629733617160 131919735117504 subm_end 1 0
1581629733617720 131919735117504 pump_beg 1 0
1581629746377414 131919735117504 pump_end 1 2
1581629749728141 131919735117504 coll_beg 0 0
1581629753828441 131919735117504 coll_end 0 0
1581629758881116 131919735117504 emit_beg 89 0
1581629770454183 131919735117504 emit_end 89 0
1581629770457743 131919735117504 drain_beg 0 0
1581629770458323 131919735117504 drain_end 1 0
1581629770458783 131919735117504 subm_beg 1 0
1581629775985821 131919735117504 subm_end 1 0
1581629775988721 131919735117504 pump_beg 1 0
1581629786075442 131919735117504 pump_end 1 2
1581629790314037 131919735117504 coll_beg 0 0
1581629792501557 131919735117504 coll_end 0 0
1581629795741839 131919735117504 emit_beg 90 0
1581629806905451 131919735117504 emit_end 90 0
1581629826963918 131919735117504 drain_beg 0 0
1581629826965918 131919735117504 drain_end 1 0
1581629826966697 131919735117504 subm_beg 1 0
1581629835745547 131919735117504 subm_end 1 0
1581629835747186 131919735117504 pump_beg 1 0
1581629847354232 131919735117504 pump_end 1 2
1581629861665649 131919735117504 coll_beg 0 0
1581629865915684 131919735117504 coll_end 0 0
1581629869665806 131919735117504 emit_beg 91 0
1581629880414813 131919735117504 emit_end 91 0
1581629880418543 131919735117504 drain_beg 0 0
1581629880419033 131919735117504 drain_end 1 0
1581629880419423 131919735117504 subm_beg 1 0
1581629886076317 131919735117504 subm_end 1 0
1581629886076827 131919735117504 pump_beg 1 0
1581629896510765 131919735117504 pump_end 1 2
1581629899438708 131919735117504 coll_beg 0 0
1581629902391600 131919735117504 coll_end 0 0
1581629906298027 131919735117504 emit_beg 92 0
1581629914781547 131919735117504 emit_end 92 0
1581629914784117 131919735117504 drain_beg 0 0
1581629914784477 131919735117504 drain_end 1 0
1581629914784727 131919735117504 subm_beg 1 0
1581629919038122 131919735117504 subm_end 1 0
1581629919038492 131919735117504 pump_beg 1 0
1581629930711095 131919735117504 pump_end 1 2
1581629934554434 131919735117504 coll_beg 0 0
1581629940505487 131919735117504 coll_end 0 0
1581629943374702 131919735117504 emit_beg 93 0
1581629949872414 131919735117504 emit_end 93 0
1581629949876404 131919735117504 drain_beg 0 0
1581629949876884 131919735117504 drain_end 1 0
1581629949877244 131919735117504 subm_beg 1 0
1581629953850919 131919735117504 subm_end 1 0
1581629953851429 131919735117504 pump_beg 1 0
1581629963209037 131919735117504 pump_end 1 2
1581629966576384 131919735117504 coll_beg 0 0
1581629969309944 131919735117504 coll_end 0 0
1581629973158813 131919735117504 emit_beg 94 0
1581629982544600 131919735117504 emit_end 94 0
1581629982548540 131919735117504 drain_beg 0 0
1581629982549150 131919735117504 drain_end 1 0
1581629982549490 131919735117504 subm_beg 1 0
1581629987531958 131919735117504 subm_end 1 0
1581629987533288 131919735117504 pump_beg 1 0
1581629998572354 131919735117504 pump_end 1 2
1581630003274022 131919735117504 coll_beg 0 0
1581630006782554 131919735117504 coll_end 0 0
1581630009207355 131919735117504 emit_beg 95 0
1581630015604751 131919735117504 emit_end 95 0
1581630034714463 131919735117504 drain_beg 0 0
1581630034715953 131919735117504 drain_end 1 0
1581630034716483 131919735117504 subm_beg 1 0
1581630038834992 131919735117504 subm_end 1 0
1581630038835532 131919735117504 pump_beg 1 0
1581630049816871 131919735117504 pump_end 1 2
1581630064263813 131919735117504 coll_beg 0 0
1581630067507674 131919735117504 coll_end 0 0
1581630070190736 131919735117504 emit_beg 96 0
1581630074987201 131919735117504 emit_end 96 0
1581630074990460 131919735117504 drain_beg 0 0
1581630074991100 131919735117504 drain_end 1 0
1581630074991560 131919735117504 subm_beg 1 0
1581630079862952 131919735117504 subm_end 1 0
1581630079863352 131919735117504 pump_beg 1 0
1581630090636778 131919735117504 pump_end 1 2
1581630092992802 131919735117504 coll_beg 0 0
1581630096059500 131919735117504 coll_end 0 0
1581630099628720 131919735117504 emit_beg 97 0
1581630109303796 131919735117504 emit_end 97 0
1581630126934122 131919735117504 drain_beg 0 0
1581630126936002 131919735117504 drain_end 1 0
1581630126936712 131919735117504 subm_beg 1 0
1581630134076750 131919735117504 subm_end 1 0
1581630134078270 131919735117504 pump_beg 1 0
1581630141581886 131919735117504 pump_end 1 2
1581630144020807 131919735117504 coll_beg 0 0
1581630144365754 131919735117504 coll_end 0 0
1581630146785766 131919735117504 emit_beg 98 0
1581630153067746 131919735117504 emit_end 98 0
1581630153070446 131919735117504 drain_beg 0 0
1581630153070736 131919735117504 drain_end 1 0
1581630153071016 131919735117504 subm_beg 1 0
1581630157656409 131919735117504 subm_end 1 0
1581630157656868 131919735117504 pump_beg 1 0
1581630167836306 131919735117504 pump_end 1 2
1581630170818347 131919735117504 coll_beg 0 0
1581630173394373 131919735117504 coll_end 0 0
1581630176015377 131919735117504 emit_beg 99 0
1581630186053390 131919735117504 emit_end 99 0
1581630205777629 131919735117504 drain_beg 0 0
1581630205779769 131919735117504 drain_end 1 0
1581630205780669 131919735117504 subm_beg 1 0
1581630211134034 131919735117504 subm_end 1 0
1581630211135374 131919735117504 pump_beg 1 0
1581630220400605 131919735117504 pump_end 1 2
1581630228380853 131919735117504 coll_beg 0 0
1581630230297223 131919735117504 coll_end 0 0
1581630232834330 131919735117504 emit_beg 100 0
1581630237971722 131919735117504 emit_end 100 0
1581630237975302 131919735117504 drain_beg 0 0
1581630237975722 131919735117504 drain_end 1 0
1581630237976212 131919735117504 subm_beg 1 0
1581630242922561 131919735117504 subm_end 1 0
1581630242922921 131919735117504 pump_beg 1 0
1581630254488829 131919735117504 pump_end 1 2
1581630256313692 131919735117504 coll_beg 0 0
1581630261610348 131919735117504 coll_end 0 0
1581630263359604 131919735117504 emit_beg 101 0
1581630268549795 131919735117504 emit_end 101 0
1581630284569429 131919735117504 drain_beg 0 0
1581630284571509 131919735117504 drain_end 1 0
1581630284572209 131919735117504 subm_beg 1 0
1581630288025223 131919735117504 subm_end 1 0
1581630288026893 131919735117504 pump_beg 1 0
1581630299270262 131919735117504 pump_end 1 2
1581630301481031 131919735117504 coll_beg 0 0
1581630304769360 131919735117504 coll_end 0 0
1581630306635072 131919735117504 emit_beg 102 0
1581630311874771 131919735117504 emit_end 102 0
1581630311877451 131919735117504 drain_beg 0 0
1581630311877871 131919735117504 drain_end 1 0
1581630311878261 131919735117504 subm_beg 1 0
1581630315233078 131919735117504 subm_end 1 0
1581630315233458 131919735117504 pump_beg 1 0
1581630328349849 131919735117504 pump_end 1 2
1581630331037260 131919735117504 coll_beg 0 0
1581630335917122 131919735117504 coll_end 0 0
1581630337741375 131919735117504 emit_beg 103 0
1581630342951545 131919735117504 emit_end 103 0
1581630342953925 131919735117504 drain_beg 0 0
1581630342954345 131919735117504 drain_end 1 0
1581630342954685 131919735117504 subm_beg 1 0
1581630346340971 131919735117504 subm_end 1 0
1581630346341391 131919735117504 pump_beg 1 0
1581630359018497 131919735117504 pump_end 1 2
1581630361887673 131919735117504 coll_beg 0 0
1581630366591450 131919735117504 coll_end 0 0
1581630368338727 131919735117504 emit_beg 104 0
1581630373596474 131919735117504 emit_end 104 0
1581630373600334 131919735117504 drain_beg 0 0
1581630373600904 131919735117504 drain_end 1 0
1581630373601554 131919735117504 subm_beg 1 0
1581630377012670 131919735117504 subm_end 1 0
1581630377014139 131919735117504 pump_beg 1 0
1581630388096924 131919735117504 pump_end 1 2
1581630390143000 131919735117504 coll_beg 0 0
1581630393513226 131919735117504 coll_end 0 0
1581630396034544 131919735117504 emit_beg 105 0
1581630401297422 131919735117504 emit_end 105 0
1581630401300872 131919735117504 drain_beg 0 0
1581630401301592 131919735117504 drain_end 1 0
1581630401302082 131919735117504 subm_beg 1 0
1581630404619410 131919735117504 subm_end 1 0
1581630404619830 131919735117504 pump_beg 1 0
1581630414708031 131919735117504 pump_end 1 2
1581630416906411 131919735117504 coll_beg 0 0
1581630419396310 131919735117504 coll_end 0 0
1581630422122851 131919735117504 emit_beg 106 0
1581630427304401 131919735117504 emit_end 106 0
1581630427307091 131919735117504 drain_beg 0 0
1581630427307521 131919735117504 drain_end 1 0
1581630427307801 131919735117504 subm_beg 1 0
1581630430805253 131919735117504 subm_end 1 0
1581630430808963 131919735117504 pump_beg 1 0
1581630443183141 131919735117504 pump_end 1 2
1581630445056592 131919735117504 coll_beg 0 0
1581630449458161 131919735117504 coll_end 0 0
1581630451284564 131919735117504 emit_beg 107 0
1581630456522153 131919735117504 emit_end 107 0
1581630456526223 131919735117504 drain_beg 0 0
1581630456526793 131919735117504 drain_end 1 0
1581630456527243 131919735117504 subm_beg 1 0
1581630459813113 131919735117504 subm_end 1 0
1581630459813613 131919735117504 pump_beg 1 0
1581630471902391 131919735117504 pump_end 1 2
1581630475082874 131919735117504 coll_beg 0 0
1581630482017071 131919735117504 coll_end 0 0
1581630483763957 131919735117504 emit_beg 108 0
1581630489213548 131919735117504 emit_end 108 0
1581630489220848 131919735117504 drain_beg 0 0
1581630489221868 131919735117504 drain_end 1 0
1581630489222608 131919735117504 subm_beg 1 0
1581630492576905 131919735117504 subm_end 1 0
1581630492577815 131919735117504 pump_beg 1 0
1581630500985248 131919735117504 pump_end 1 2
1581630503741357 131919735117504 coll_beg 0 0
1581630505878389 131919735117504 coll_end 0 0
1581630509558444 131919735117504 emit_beg 109 0
1581630514885909 131919735117504 emit_end 109 0
1581630529320022 131919735117504 drain_beg 0 0
1581630529320722 131919735117504 drain_end 1 0
1581630529321092 131919735117504 subm_beg 1 0
1581630533126053 131919735117504 subm_end 1 0
1581630533126493 131919735117504 pump_beg 1 0
1581630542686983 131919735117504 pump_end 1 2
1581630544464228 131919735117504 coll_beg 0 0
1581630547968090 131919735117504 coll_end 0 0
1581630549807833 131919735117504 emit_beg 110 0
1581630553451860 131919735117504 emit_end 110 0
1581630553454809 131919735117504 drain_beg 0 0
1581630553455309 131919735117504 drain_end 1 0
1581630553455849 131919735117504 subm_beg 1 0
1581630557079457 131919735117504 subm_end 1 0
1581630557081537 131919735117504 pump_beg 1 0
1581630567851363 131919735117504 pump_end 1 2
1581630570966639 131919735117504 coll_beg 0 0
1581630574306007 131919735117504 coll_end 0 0
1581630576782347 131919735117504 emit_beg 111 0
1581630582262956 131919735117504 emit_end 111 0
1581630598535201 131919735117504 drain_beg 0 0
1581630598536781 131919735117504 drain_end 1 0
1581630598537561 131919735117504 subm_beg 1 0
1581630602187458 131919735117504 subm_end 1 0
1581630602189088 131919735117504 pump_beg 1 0
1581630613280572 131919735117504 pump_end 1 2
1581630615143684 131919735117504 coll_beg 0 0
1581630618545300 131919735117504 coll_end 0 0
1581630620383053 131919735117504 emit_beg 112 0
1581630624091177 131919735117504 emit_end 112 0
1581630624094707 131919735117504 drain_beg 0 0
1581630624095337 131919735117504 drain_end 1 0
1581630624095977 131919735117504 subm_beg 1 0
1581630627740274 131919735117504 subm_end 1 0
1581630627740564 131919735117504 pump_beg 1 0
1581630638699293 131919735117504 pump_end 1 2
1581630642225044 131919735117504 coll_beg 0 0
1581630647650556 131919735117504 coll_end 0 0
1581630649795707 131919735117504 emit_beg 113 0
1581630655297316 131919735117504 emit_end 113 0
1581630655300116 131919735117504 drain_beg 0 0
1581630655300556 131919735117504 drain_end 1 0
1581630655300836 131919735117504 subm_beg 1 0
1581630658809568 131919735117504 subm_end 1 0
1581630658809958 131919735117504 pump_beg 1 0
1581630669759658 131919735117504 pump_end 1 2
1581630671814793 131919735117504 coll_beg 0 0
1581630676677505 131919735117504 coll_end 0 0
1581630679234471 131919735117504 emit_beg 114 0
1581630684886995 131919735117504 emit_end 114 0
1581630684895474 131919735117504 drain_beg 0 0
1581630684896554 131919735117504 drain_end 1 0
1581630684897414 131919735117504 subm_beg 1 0
1581630689082751 131919735117504 subm_end 1 0
1581630689083691 131919735117504 pump_beg 1 0
1581630700231454 131919735117504 pump_end 1 2
1581630703463476 131919735117504 coll_beg 0 0
1581630707020845 131919735117504 coll_end 0 0
1581630709106089 131919735117504 emit_beg 115 0
1581630714584179 131919735117504 emit_end 115 0
1581630714587589 131919735117504 drain_beg 0 0
1581630714588229 131919735117504 drain_end 1 0
1581630714588679 131919735117504 subm_beg 1 0
1581630719305956 131919735117504 subm_end 1 0
1581630719306406 131919735117504 pump_beg 1 0
1581630730276345 131919735117504 pump_end 1 2
1581630733872504 131919735117504 coll_beg 0 0
1581630738897070 131919735117504 coll_end 0 0
1581630740723683 131919735117504 emit_beg 116 0
1581630746148425 131919735117504 emit_end 116 0
1581630746152185 131919735117504 drain_beg 0 0
1581630746152905 131919735117504 drain_end 1 0
1581630746153285 131919735117504 subm_beg 1 0
1581630750941290 131919735117504 subm_end 1 0
1581630750941730 131919735117504 pump_beg 1 0
1581630763686474 131919735117504 pump_end 1 2
1581630766879297 131919735117504 coll_beg 0 0
1581630771900444 131919735117504 coll_end 0 0
1581630773843863 131919735117504 emit_beg 117 0
1581630779432668 131919735117504 emit_end 117 0
1581630779437708 131919735117504 drain_beg 0 0
1581630779438448 131919735117504 drain_end 1 0
1581630779439038 131919735117504 subm_beg 1 0
1581630782897192 131919735117504 subm_end 1 0
1581630782897692 131919735117504 pump_beg 1 0
1581630792890546 131919735117504 pump_end 1 2
1581630794898843 131919735117504 coll_beg 0 0
1581630797427630 131919735117504 coll_end 0 0
1581630800291256 131919735117504 emit_beg 118 0
1581630807468043 131919735117504 emit_end 118 0
1581630823338433 131919735117504 drain_beg 0 0
1581630823340323 131919735117504 drain_end 1 0
1581630823341013 131919735117504 subm_beg 1 0
1581630827046538 131919735117504 subm_end 1 0
1581630827048018 131919735117504 pump_beg 1 0
1581630835401422 131919735117504 pump_end 1 2
1581630837358961 131919735117504 coll_beg 0 0
1581630839245132 131919735117504 coll_end 0 0
1581630841286657 131919735117504 emit_beg 119 0
1581630846810445 131919735117504 emit_end 119 0
1581630846813855 131919735117504 drain_beg 0 0
1581630846814315 131919735117504 drain_end 1 0
1581630846814685 131919735117504 subm_beg 1 0
1581630850414253 131919735117504 subm_end 1 0
1581630850414933 131919735117504 pump_beg 1 0
1581630862081217 131919735117504 pump_end 1 2
1581630863928590 131919735117504 coll_beg 0 0
1581630869502556 131919735117504 coll_end 0 0
1581630871346178 131919735117504 emit_beg 120 0
1581630876830838 131919735117504 emit_end 120 0
1581630876833708 131919735117504 drain_beg 0 0
1581630876834108 131919735117504 drain_end 1 0
1581630876834488 131919735117504 subm_beg 1 0
1581630880436136 131919735117504 subm_end 1 0
1581630880439486 131919735117504 pump_beg 1 0
1581630893329345 131919735117504 pump_end 1 2
1581630896207940 131919735117504 coll_beg 0 0
1581630902841787 131919735117504 coll_end 0 0
1581630904679210 131919735117504 emit_beg 121 0
1581630910037974 131919735117504 emit_end 121 0
1581630910040334 131919735117504 drain_beg 0 0
1581630910040614 131919735117504 drain_end 1 0
1581630910040924 131919735117504 subm_beg 1 0
1581630913381682 131919735117504 subm_end 1 0
1581630913381972 131919735117504 pump_beg 1 0
1581630921718687 131919735117504 pump_end 1 2
1581630925097293 131919735117504 coll_beg 0 0
1581630926238042 131919735117504 coll_end 0 0
1581630928471440 131919735117504 emit_beg 122 0
1581630935561161 131919735117504 emit_end 122 0
1581630949450413 131919735117504 drain_beg 0 0
1581630949452493 131919735117504 drain_end 1 0
1581630949453223 131919735117504 subm_beg 1 0
1581630952908317 131919735117504 subm_end 1 0
1581630952909937 131919735117504 pump_beg 1 0
1581630962180358 131919735117504 pump_end 1 2
1581630963985982 131919735117504 coll_beg 0 0
1581630966701233 131919735117504 coll_end 0 0
1581630968500747 131919735117504 emit_beg 123 0
1581630972067256 131919735117504 emit_end 123 0
1581630972075066 131919735117504 drain_beg 0 0
1581630972076176 131919735117504 drain_end 1 0
1581630972077026 131919735117504 subm_beg 1 0
1581630975415174 131919735117504 subm_end 1 0
1581630975415474 131919735117504 pump_beg 1 0
1581630986465570 131919735117504 pump_end 1 2
1581630989520628 131919735117504 coll_beg 0 0
1581630993757403 131919735117504 coll_end 0 0
1581630995732191 131919735117504 emit_beg 124 0
1581631000864963 131919735117504 emit_end 124 0
1581631016809531 131919735117504 drain_beg 0 0
1581631016810291 131919735117504 drain_end 1 0
1581631016810621 131919735117504 subm_beg 1 0
1581631020187557 131919735117504 subm_end 1 0
1581631020187967 131919735117504 pump_beg 1 0
1581631030313227 131919735117504 pump_end 1 2
1581631032907002 131919735117504 coll_beg 0 0
1581631035451229 131919735117504 coll_end 0 0
1581631037165707 131919735117504 emit_beg 125 0
1581631042400345 131919735117504 emit_end 125 0
1581631042407495 131919735117504 drain_beg 0 0
1581631042407975 131919735117504 drain_end 1 0
1581631042408455 131919735117504 subm_beg 1 0
1581631045788011 131919735117504 subm_end 1 0
1581631045788621 131919735117504 pump_beg 1 0
1581631058686360 131919735117504 pump_end 1 2
1581631060445755 131919735117504 coll_beg 0 0
1581631065100065 131919735117504 coll_end 0 0
1581631066884130 131919735117504 emit_beg 126 0
1581631073854605 131919735117504 emit_end 126 0
1581631073857485 131919735117504 drain_beg 0 0
1581631073858035 131919735117504 drain_end 1 0
1581631073858505 131919735117504 subm_beg 1 0
1581631077296810 131919735117504 subm_end 1 0
1581631077297299 131919735117504 pump_beg 1 0
1581631088205261 131919735117504 pump_end 1 2
1581631091535309 131919735117504 coll_beg 0 0
1581631094504470 131919735117504 coll_end 0 0
1581631097586318 131919735117504 emit_beg 127 0
1581631102810577 131919735117504 emit_end 127 0
1581631102813997 131919735117504 drain_beg 0 0
1581631102814357 131919735117504 drain_end 1 0
1581631102814947 131919735117504 subm_beg 1 0
1581631106218632 131919735117504 subm_end 1 0
1581631106219352 131919735117504 pump_beg 1 0
1581631116831684 131919735117504 pump_end 1 2
1581631119906112 131919735117504 coll_beg 0 0
1581631122924221 131919735117504 coll_end 0 0
1581631124691467 131919735117504 emit_beg 128 0
1581631131699021 131919735117504 emit_end 128 0
1581631131702031 131919735117504 drain_beg 0 0
1581631131702650 131919735117504 drain_end 1 0
1581631131703230 131919735117504 subm_beg 1 0
1581631135122556 131919735117504 subm_end 1 0
1581631135123226 131919735117504 pump_beg 1 0
1581631145440878 131919735117504 pump_end 1 2
1581631147183595 131919735117504 coll_beg 0 0
1581631150054720 131919735117504 coll_end 0 0
1581631151817845 131919735117504 emit_beg 129 0
1581631157118021 131919735117504 emit_end 129 0
1581631172289767 131919735117504 drain_beg 0 0
1581631172290627 131919735117504 drain_end 1 0
1581631172291107 131919735117504 subm_beg 1 0
1581631175646334 131919735117504 subm_end 1 0
1581631175646804 131919735117504 pump_beg 1 0
1581631186092102 131919735117504 pump_end 1 2
1581631187865627 131919735117504 coll_beg 0 0
1581631192272006 131919735117504 coll_end 0 0
1581631194024152 131919735117504 emit_beg 130 0
1581631197508805 131919735117504 emit_end 130 0
1581631197511255 131919735117504 drain_beg 0 0
1581631197511735 131919735117504 drain_end 1 0
1581631197512305 131919735117504 subm_beg 1 0
1581631201090374 131919735117504 subm_end 1 0
1581631201090824 131919735117504 pump_beg 1 0
1581631209163399 131919735117504 pump_end 1 2
1581631211406667 131919735117504 coll_beg 0 0
1581631212439949 131919735117504 coll_end 0 0
1581631214876790 131919735117504 emit_beg 131 0
1581631221782677 131919735117504 emit_end 131 0
1581631235177378 131919735117504 drain_beg 0 0
1581631235178298 131919735117504 drain_end 1 0
1581631235178648 131919735117504 subm_beg 1 0
1581631238597243 131919735117504 subm_end 1 0
1581631238597723 131919735117504 pump_beg 1 0
1581631248434623 131919735117504 pump_end 1 2
1581631250206588 131919735117504 coll_beg 0 0
1581631252617080 131919735117504 coll_end 0 0
1581631254508331 131919735117504 emit_beg 132 0
1581631259650293 131919735117504 emit_end 132 0
1581631259653583 131919735117504 drain_beg 0 0
1581631259654163 131919735117504 drain_end 1 0
1581631259654663 131919735117504 subm_beg 1 0
1581631263097117 131919735117504 subm_end 1 0
1581631263097927 131919735117504 pump_beg 1 0
1581631273324983 131919735117504 pump_end 1 2
1581631278634189 131919735117504 coll_beg 0 0
1581631282539616 131919735117504 coll_end 0 0
1581631284453226 131919735117504 emit_beg 133 0
1581631289914317 131919735117504 emit_end 133 0
1581631289917577 131919735117504 drain_beg 0 0
1581631289917957 131919735117504 drain_end 1 0
1581631289918307 131919735117504 subm_beg 1 0
1581631293452557 131919735117504 subm_end 1 0
1581631293453107 131919735117504 pump_beg 1 0
1581631305085102 131919735117504 pump_end 1 2
1581631307835832 131919735117504 coll_beg 0 0
1581631311365103 131919735117504 coll_end 0 0
1581631313243414 131919735117504 emit_beg 134 0
1581631318630577 131919735117504 emit_end 134 0
1581631334566234 131919735117504 drain_beg 0 0
1581631334568184 131919735117504 drain_end 1 0
1581631334568974 131919735117504 subm_beg 1 0
1581631338257210 131919735117504 subm_end 1 0
1581631338258890 131919735117504 pump_beg 1 0
1581631348256854 131919735117504 pump_end 1 2
1581631350313209 131919735117504 coll_beg 0 0
1581631354660880 131919735117504 coll_end 0 0
1581631356489503 131919735117504 emit_beg 135 0
1581631361855117 131919735117504 emit_end 135 0
1581631361858097 131919735117504 drain_beg 0 0
1581631361858697 131919735117504 drain_end 1 0
1581631361859187 131919735117504 subm_beg 1 0
1581631365394937 131919735117504 subm_end 1 0
1581631365395327 131919735117504 pump_beg 1 0
1581631372433730 131919735117504 pump_end 1 2
1581631375502058 131919735117504 coll_beg 0 0
1581631375737819 131919735117504 coll_end 0 0
1581631379126276 131919735117504 emit_beg 136 0
1581631386337192 131919735117504 emit_end 136 0
1581631386339182 131919735117504 drain_beg 0 0
1581631386339452 131919735117504 drain_end 1 0
1581631386339732 131919735117504 subm_beg 1 0
1581631389867093 131919735117504 subm_end 1 0
1581631389867463 131919735117504 pump_beg 1 0
1581631401325324 131919735117504 pump_end 1 2
1581631404557016 131919735117504 coll_beg 0 0
1581631408058628 131919735117504 coll_end 0 0
1581631410730230 131919735117504 emit_beg 137 0
1581631416161212 131919735117504 emit_end 137 0
1581631416163372 131919735117504 drain_beg 0 0
1581631416163772 131919735117504 drain_end 1 0
1581631416164132 131919735117504 subm_beg 1 0
1581631419729731 131919735117504 subm_end 1 0
1581631419730271 131919735117504 pump_beg 1 0
1581631429746895 131919735117504 pump_end 1 2
1581631432440927 131919735117504 coll_beg 0 0
1581631434497101 131919735117504 coll_end 0 0
1581631437876268 131919735117504 emit_beg 138 0
1581631441526524 131919735117504 emit_end 138 0
1581631441528934 131919735117504 drain_beg 0 0
1581631441529364 131919735117504 drain_end 1 0
1581631441529804 131919735117504 subm_beg 1 0
1581631445199100 131919735117504 subm_end 1 0
1581631445199490 131919735117504 pump_beg 1 0
1581631458877000 131919735117504 pump_end 1 2
1581631462262686 131919735117504 coll_beg 0 0
1581631466385796 131919735117504 coll_end 0 0
1581631468214949 131919735117504 emit_beg 139 0
1581631471848556 131919735117504 emit_end 139 0
1581631471850996 131919735117504 drain_beg 0 0
1581631471851466 131919735117504 drain_end 1 0
1581631471852006 131919735117504 subm_beg 1 0
1581631475456694 131919735117504 subm_end 1 0
1581631475457084 131919735117504 pump_beg 1 0
1581631484599830 131919735117504 pump_end 1 2
1581631488165979 131919735117504 coll_beg 0 0
1581631490129328 131919735117504 coll_end 0 0
1581631493552472 131919735117504 emit_beg 140 0
1581631501028039 131919735117504 emit_end 140 0
1581631513859640 131919735117504 drain_beg 0 0
1581631513862070 131919735117504 drain_end 1 0
1581631513862580 131919735117504 subm_beg 1 0
1581631517509197 131919735117504 subm_end 1 0
1581631517509837 131919735117504 pump_beg 1 0
1581631530834150 131919735117504 pump_end 1 2
1581631533020860 131919735117504 coll_beg 0 0
1581631540365161 131919735117504 coll_end 0 0
1581631542702626 131919735117504 emit_beg 141 0
1581631546536106 131919735117504 emit_end 141 0
1581631546539505 131919735117504 drain_beg 0 0
1581631546540185 131919735117504 drain_end 1 0
1581631546540895 131919735117504 subm_beg 1 0
1581631550120925 131919735117504 subm_end 1 0
1581631550121405 131919735117504 pump_beg 1 0
1581631561655253 131919735117504 pump_end 1 2
1581631564461230 131919735117504 coll_beg 0 0
1581631568653157 131919735117504 coll_end 0 0
1581631571732145 131919735117504 emit_beg 142 0
1581631579022618 131919735117504 emit_end 142 0
1581631596820007 131919735117504 drain_beg 0 0
1581631596821857 131919735117504 drain_end 1 0
1581631596822567 131919735117504 subm_beg 1 0
1581631600536472 131919735117504 subm_end 1 0
1581631600537992 131919735117504 pump_beg 1 0
1581631611528470 131919735117504 pump_end 1 2
1581631613712670 131919735117504 coll_beg 0 0
1581631618281773 131919735117504 coll_end 0 0
1581631620107436 131919735117504 emit_beg 143 0
1581631625681872 131919735117504 emit_end 143 0
1581631625685222 131919735117504 drain_beg 0 0
1581631625685732 131919735117504 drain_end 1 0
1581631625686252 131919735117504 subm_beg 1 0
1581631629246542 131919735117504 subm_end 1 0
1581631629246912 131919735117504 pump_beg 1 0
1581631637112544 131919735117504 pump_end 1 2
1581631640511260 131919735117504 coll_beg 0 0
1581631641818482 131919735117504 coll_end 0 0
1581631644480415 131919735117504 emit_beg 144 0
1581631651692621 131919735117504 emit_end 144 0
1581631665670870 131919735117504 drain_beg 0 0
1581631665671970 131919735117504 drain_end 1 0
1581631665672590 131919735117504 subm_beg 1 0
1581631669295768 131919735117504 subm_end 1 0
1581631669296238 131919735117504 pump_beg 1 0
1581631681627167 131919735117504 pump_end 1 2
1581631685069851 131919735117504 coll_beg 0 0
1581631692893835 131919735117504 coll_end 0 0
1581631695170342 131919735117504 emit_beg 145 0
1581631698762591 131919735117504 emit_end 145 0
1581631698765881 131919735117504 drain_beg 0 0
1581631698766681 131919735117504 drain_end 1 0
1581631698767671 131919735117504 subm_beg 1 0
1581631702178646 131919735117504 subm_end 1 0
1581631702179146 131919735117504 pump_beg 1 0
1581631710722244 131919735117504 pump_end 1 2
1581631712524408 131919735117504 coll_beg 0 0
1581631713804181 131919735117504 coll_end 0 0
1581631715944283 131919735117504 emit_beg 146 0
1581631722871859 131919735117504 emit_end 146 0
1581631738701881 131919735117504 drain_beg 0 0
1581631738702511 131919735117504 drain_end 1 0
1581631738702861 131919735117504 subm_beg 1 0
1581631742162074 131919735117504 subm_end 1 0
1581631742162474 131919735117504 pump_beg 1 0
1581631753541258 131919735117504 pump_end 1 2
1581631755292744 131919735117504 coll_beg 0 0
1581631759271699 131919735117504 coll_end 0 0
1581631761021865 131919735117504 emit_beg 147 0
1581631766210685 131919735117504 emit_end 147 0
1581631766215235 131919735117504 drain_beg 0 0
1581631766215855 131919735117504 drain_end 1 0
1581631766216435 131919735117504 subm_beg 1 0
1581631769633060 131919735117504 subm_end 1 0
1581631769633860 131919735117504 pump_beg 1 0
1581631778905531 131919735117504 pump_end 1 2
1581631781567284 131919735117504 coll_beg 0 0
1581631783731145 131919735117504 coll_end 0 0
1581631787064193 131919735117504 emit_beg 148 0
1581631794168793 131919735117504 emit_end 148 0
1581631794171623 131919735117504 drain_beg 0 0
1581631794171983 131919735117504 drain_end 1 0
1581631794172423 131919735117504 subm_beg 1 0
1581631797577558 131919735117504 subm_end 1 0
1581631797581188 131919735117504 pump_beg 1 0
1581631807171458 131919735117504 pump_end 1 2
1581631808988041 131919735117504 coll_beg 0 0
1581631811350465 131919735117504 coll_end 0 0
1581631813140249 131919735117504 emit_beg 149 0
1581631818519493 131919735117504 emit_end 149 0
1581631833224955 131919735117504 drain_beg 0 0
1581631833226215 131919735117504 drain_end 1 0
1581631833226745 131919735117504 subm_beg 1 0
1581631836760216 131919735117504 subm_end 1 0
1581631836760716 131919735117504 pump_beg 1 0
1581631847043990 131919735117504 pump_end 1 2
1581631849065676 131919735117504 coll_beg 0 0
1581631852892236 131919735117504 coll_end 0 0
1581631854708440 131919735117504 emit_beg 150 0
1581631859988527 131919735117504 emit_end 150 0
1581631859992467 131919735117504 drain_beg 0 0
1581631859993047 131919735117504 drain_end 1 0
1581631859993717 131919735117504 subm_beg 1 0
1581631863365283 131919735117504 subm_end 1 0
1581631863365833 131919735117504 pump_beg 1 0
1581631874177848 131919735117504 pump_end 1 2
1581631877237656 131919735117504 coll_beg 0 0
1581631880734418 131919735117504 coll_end 0 0
1581631884033328 131919735117504 emit_beg 151 0
1581631889259897 131919735117504 emit_end 151 0
1581631889263607 131919735117504 drain_beg 0 0
1581631889264227 131919735117504 drain_end 1 0
1581631889264837 131919735117504 subm_beg 1 0
1581631892706201 131919735117504 subm_end 1 0
1581631892711401 131919735117504 pump_beg 1 0
1581631904655334 131919735117504 pump_end 1 2
1581631906707689 131919735117504 coll_beg 0 0
1581631912945541 131919735117504 coll_end 0 0
1581631914695107 131919735117504 emit_beg 152 0
1581631919883497 131919735117504 emit_end 152 0
1581631919886477 131919735117504 drain_beg 0 0
1581631919886967 131919735117504 drain_end 1 0
1581631919887447 131919735117504 subm_beg 1 0
1581631923253964 131919735117504 subm_end 1 0
1581631923254424 131919735117504 pump_beg 1 0
1581631934711935 131919735117504 pump_end 1 2
1581631937956357 131919735117504 coll_beg 0 0
1581631942537709 131919735117504 coll_end 0 0
1581631944339003 131919735117504 emit_beg 153 0
1581631949707677 131919735117504 emit_end 153 0
1581631949714517 131919735117504 drain_beg 0 0
1581631949715557 131919735117504 drain_end 1 0
1581631949716417 131919735117504 subm_beg 1 0
1581631953103953 131919735117504 subm_end 1 0
1581631953105773 131919735117504 pump_beg 1 0
1581631961334982 131919735117504 pump_end 1 2
1581631964011074 131919735117504 coll_beg 0 0
1581631966005561 131919735117504 coll_end 0 0
1581631969458935 131919735117504 emit_beg 154 0
1581631974643275 131919735117504 emit_end 154 0
1581631988421922 131919735117504 drain_beg 0 0
1581631988422662 131919735117504 drain_end 1 0
1581631988423142 131919735117504 subm_beg 1 0
1581631991812318 131919735117504 subm_end 1 0
1581631991812768 131919735117504 pump_beg 1 0
1581632001980836 131919735117504 pump_end 1 2
1581632003994862 131919735117504 coll_beg 0 0
1581632008240417 131919735117504 coll_end 0 0
1581632010236244 131919735117504 emit_beg 155 0
1581632015635687 131919735117504 emit_end 155 0
1581632015639887 131919735117504 drain_beg 0 0
1581632015640537 131919735117504 drain_end 1 0
1581632015641087 131919735117504 subm_beg 1 0
1581632019087431 131919735117504 subm_end 1 0
1581632019088261 131919735117504 pump_beg 1 0
1581632031225827 131919735117504 pump_end 1 2
1581632033198835 131919735117504 coll_beg 0 0
1581632037960771 131919735117504 coll_end 0 0
1581632039835252 131919735117504 emit_beg 156 0
1581632045252434 131919735117504 emit_end 156 0
1581632062801263 131919735117504 drain_beg 0 0
1581632062802283 131919735117504 drain_end 1 0
1581632062802623 131919735117504 subm_beg 1 0
1581632066236807 131919735117504 subm_end 1 0
1581632066237257 131919735117504 pump_beg 1 0
1581632076802541 131919735117504 pump_end 1 2
1581632078580096 131919735117504 coll_beg 0 0
1581632081790628 131919735117504 coll_end 0 0
1581632083696719 131919735117504 emit_beg 157 0
1581632089253116 131919735117504 emit_end 157 0
1581632089256145 131919735117504 drain_beg 0 0
1581632089256875 131919735117504 drain_end 1 0
1581632089257475 131919735117504 subm_beg 1 0
1581632092832265 131919735117504 subm_end 1 0
1581632092832645 131919735117504 pump_beg 1 0
1581632100798904 131919735117504 pump_end 1 2
1581632102678905 131919735117504 coll_beg 0 0
1581632104181040 131919735117504 coll_end 0 0
1581632106286123 131919735117504 emit_beg 158 0
1581632113555637 131919735117504 emit_end 158 0
1581632126226234 131919735117504 drain_beg 0 0
1581632126226944 131919735117504 drain_end 1 0
1581632126227224 131919735117504 subm_beg 1 0
1581632129797103 131919735117504 subm_end 1 0
1581632129797473 131919735117504 pump_beg 1 0
1581632142201220 131919735117504 pump_end 1 2
1581632145093374 131919735117504 coll_beg 0 0
1581632149152256 131919735117504 coll_end 0 0
1581632151150393 131919735117504 emit_beg 159 0
1581632156691840 131919735117504 emit_end 159 0
1581632156694050 131919735117504 drain_beg 0 0
1581632156694430 131919735117504 drain_end 1 0
1581632156694810 131919735117504 subm_beg 1 0
1581632160251420 131919735117504 subm_end 1 0
1581632160251790 131919735117504 pump_beg 1 0
1581632173387120 131919735117504 pump_end 1 2
1581632175195844 131919735117504 coll_beg 0 0
1581632180583247 131919735117504 coll_end 0 0
1581632182495627 131919735117504 emit_beg 160 0
1581632188008356 131919735117504 emit_end 160 0
1581632188014195 131919735117504 drain_beg 0 0
1581632188015105 131919735117504 drain_end 1 0
1581632188017335 131919735117504 subm_beg 1 0
1581632191548166 131919735117504 subm_end 1 0
1581632191549186 131919735117504 pump_beg 1 0
1581632201022730 131919735117504 pump_end 1 2
1581632203371314 131919735117504 coll_beg 0 0
1581632205736187 131919735117504 coll_end 0 0
1581632208852873 131919735117504 emit_beg 161 0
1581632216084499 131919735117504 emit_end 161 0
1581632232303936 131919735117504 drain_beg 0 0
1581632232304676 131919735117504 drain_end 1 0
1581632232304976 131919735117504 subm_beg 1 0
1581632234111590 131919735117504 subm_end 1 0
1581632234111980 131919735117504 pump_beg 1 0
1581632246100982 131919735117504 pump_end 1 2
1581632247978983 131919735117504 coll_beg 0 0
1581632253857438 131919735117504 coll_end 0 0
1581632255900664 131919735117504 emit_beg 162 0
1581632261509588 131919735117504 emit_end 162 0
1581632261512588 131919735117504 drain_beg 0 0
1581632261513198 131919735117504 drain_end 1 0
1581632261513468 131919735117504 subm_beg 1 0
1581632265171565 131919735117504 subm_end 1 0
1581632265174075 131919735117504 pump_beg 1 0
1581632272679920 131919735117504 pump_end 1 2
1581632277773054 131919735117504 coll_beg 0 0
1581632278744969 131919735117504 coll_end 0 0
1581632281508117 131919735117504 emit_beg 163 0
1581632285126915 131919735117504 emit_end 163 0
1581632300892449 131919735117504 drain_beg 0 0
1581632300892919 131919735117504 drain_end 1 0
1581632300893249 131919735117504 subm_beg 1 0
1581632304562085 131919735117504 subm_end 1 0
1581632304562505 131919735117504 pump_beg 1 0
1581632316546777 131919735117504 pump_end 1 2
1581632318380340 131919735117504 coll_beg 0 0
1581632324218226 131919735117504 coll_end 0 0
1581632326099837 131919735117504 emit_beg 164 0
1581632329849860 131919735117504 emit_end 164 0
1581632329852670 131919735117504 drain_beg 0 0
1581632329853120 131919735117504 drain_end 1 0
1581632329853850 131919735117504 subm_beg 1 0
1581632333559415 131919735117504 subm_end 1 0
1581632333559875 131919735117504 pump_beg 1 0
1581632341280782 131919735117504 pump_end 1 2
1581632343124315 131919735117504 coll_beg 0 0
1581632343913246 131919735117504 coll_end 0 0
1581632346735873 131919735117504 emit_beg 165 0
1581632353977068 131919735117504 emit_end 165 0
1581632370010382 131919735117504 drain_beg 0 0
1581632370011092 131919735117504 drain_end 1 0
1581632370011442 131919735117504 subm_beg 1 0
1581632373657239 131919735117504 subm_end 1 0
1581632373657689 131919735117504 pump_beg 1 0
1581632382501655 131919735117504 pump_end 1 2
1581632384338578 131919735117504 coll_beg 0 0
1581632386034646 131919735117504 coll_end 0 0
1581632387844820 131919735117504 emit_beg 166 0
1581632393343319 131919735117504 emit_end 166 0
1581632393345709 131919735117504 drain_beg 0 0
1581632393346149 131919735117504 drain_end 1 0
1581632393346399 131919735117504 subm_beg 1 0
1581632396820062 131919735117504 subm_end 1 0
1581632396820492 131919735117504 pump_beg 1 0
1581632408265814 131919735117504 pump_end 1 2
1581632411105930 131919735117504 coll_beg 0 0
1581632414888711 131919735117504 coll_end 0 0
1581632416701045 131919735117504 emit_beg 167 0
1581632422123327 131919735117504 emit_end 167 0
1581632422125467 131919735117504 drain_beg 0 0
1581632422125757 131919735117504 drain_end 1 0
1581632422126007 131919735117504 subm_beg 1 0
1581632425616759 131919735117504 subm_end 1 0
1581632425617129 131919735117504 pump_beg 1 0
1581632437122179 131919735117504 pump_end 1 2
1581632440623441 131919735117504 coll_beg 0 0
1581632446427949 131919735117504 coll_end 0 0
1581632448504353 131919735117504 emit_beg 168 0
1581632454618979 131919735117504 emit_end 168 0
1581632454623119 131919735117504 drain_beg 0 0
1581632454623799 131919735117504 drain_end 1 0
1581632454624589 131919735117504 subm_beg 1 0
1581632458156280 131919735117504 subm_end 1 0
1581632458156850 131919735117504 pump_beg 1 0
1581632469028532 131919735117504 pump_end 1 2
1581632472602982 131919735117504 coll_beg 0 0
1581632476869616 131919735117504 coll_end 0 0
1581632478802995 131919735117504 emit_beg 169 0
1581632486046870 131919735117504 emit_end 169 0
1581632486058030 131919735117504 drain_beg 0 0
1581632486058530 131919735117504 drain_end 1 0
1581632486058820 131919735117504 subm_beg 1 0
1581632489357009 131919735117504 subm_end 1 0
1581632489357479 131919735117504 pump_beg 1 0
1581632500873998 131919735117504 pump_end 1 2
1581632503296340 131919735117504 coll_beg 0 0
1581632507142019 131919735117504 coll_end 0 0
1581632508903995 131919735117504 emit_beg 170 0
1581632514190631 131919735117504 emit_end 170 0
1581632531630294 131919735117504 drain_beg 0 0
1581632531631754 131919735117504 drain_end 1 0
1581632531632394 131919735117504 subm_beg 1 0
1581632535104277 131919735117504 subm_end 1 0
1581632535104687 131919735117504 pump_beg 1 0
1581632545484747 131919735117504 pump_end 1 2
1581632547272572 131919735117504 coll_beg 0 0
1581632550092999 131919735117504 coll_end 0 0
1581632551892163 131919735117504 emit_beg 171 0
1581632557046535 131919735117504 emit_end 171 0
1581632557049275 131919735117504 drain_beg 0 0
1581632557049775 131919735117504 drain_end 1 0
1581632557050335 131919735117504 subm_beg 1 0
1581632560546777 131919735117504 subm_end 1 0
1581632560547147 131919735117504 pump_beg 1 0
1581632570583590 131919735117504 pump_end 1 2
1581632572280478 131919735117504 coll_beg 0 0
1581632574980409 131919735117504 coll_end 0 0
1581632577714439 131919735117504 emit_beg 172 0
1581632584877767 131919735117504 emit_end 172 0
1581632584880977 131919735117504 drain_beg 0 0
1581632584881447 131919735117504 drain_end 1 0
1581632584882147 131919735117504 subm_beg 1 0
1581632588281353 131919735117504 subm_end 1 0
1581632588281903 131919735117504 pump_beg 1 0
1581632599098957 131919735117504 pump_end 1 2
1581632601957723 131919735117504 coll_beg 0 0
1581632606878433 131919735117504 coll_end 0 0
1581632608805913 131919735117504 emit_beg 173 0
1581632615841485 131919735117504 emit_end 173 0
1581632617517854 131919735117504 drain_beg 0 0
1581632617519764 131919735117504 drain_end 1 0
1581632617520134 131919735117504 subm_beg 1 0
1581632619331318 131919735117504 subm_end 1 0
1581632619331838 131919735117504 pump_beg 1 0
1581632627569337 131919735117504 pump_end 1 2
1581632629621002 131919735117504 coll_beg 0 0
1581632630728501 131919735117504 coll_end 0 0
1581632633065136 131919735117504 emit_beg 174 0
1581632640053330 131919735117504 emit_end 174 0
1581632653606065 131919735117504 drain_beg 0 0
1581632653606905 131919735117504 drain_end 1 0
1581632653607205 131919735117504 subm_beg 1 0
1581632655376220 131919735117504 subm_end 1 0
1581632655376470 131919735117504 pump_beg 1 0
1581632667091002 131919735117504 pump_end 1 2
1581632669700826 131919735117504 coll_beg 0 0
1581632673829845 131919735117504 coll_end 0 0
1581632675659429 131919735117504 emit_beg 175 0
1581632679180860 131919735117504 emit_end 175 0
1581632679184060 131919735117504 drain_beg 0 0
1581632679184760 131919735117504 drain_end 1 0
1581632679185390 131919735117504 subm_beg 1 0
1581632682610034 131919735117504 subm_end 1 0
1581632682610384 131919735117504 pump_beg 1 0
1581632695239913 131919735117504 pump_end 1 2
1581632698484904 131919735117504 coll_beg 0 0
1581632703405984 131919735117504 coll_end 0 0
1581632705787467 131919735117504 emit_beg 176 0
1581632711025086 131919735117504 emit_end 176 0
1581632711028756 131919735117504 drain_beg 0 0
1581632711029336 131919735117504 drain_end 1 0
1581632711029676 131919735117504 subm_beg 1 0
1581632714363534 131919735117504 subm_end 1 0
1581632714364254 131919735117504 pump_beg 1 0
1581632726123554 131919735117504 pump_end 1 2
1581632728467648 131919735117504 coll_beg 0 0
1581632732605517 131919735117504 coll_end 0 0
1581632735781951 131919735117504 emit_beg 177 0
1581632741015569 131919735117504 emit_end 177 0
1581632741054208 131919735117504 drain_beg 0 0
1581632741058138 131919735117504 drain_end 1 0
1581632741059038 131919735117504 subm_beg 1 0
1581632744496502 131919735117504 subm_end 1 0
1581632744498492 131919735117504 pump_beg 1 0
1581632755742621 131919735117504 pump_end 1 2
1581632758189892 131919735117504 coll_beg 0 0
1581632762204755 131919735117504 coll_end 0 0
1581632763959581 131919735117504 emit_beg 178 0
1581632769239528 131919735117504 emit_end 178 0
1581632785758024 131919735117504 drain_beg 0 0
1581632785758914 131919735117504 drain_end 1 0
1581632785759324 131919735117504 subm_beg 1 0
1581632789181579 131919735117504 subm_end 1 0
1581632789182039 131919735117504 pump_beg 1 0
1581632799085337 131919735117504 pump_end 1 2
1581632801188330 131919735117504 coll_beg 0 0
1581632805684655 131919735117504 coll_end 0 0
1581632807621024 131919735117504 emit_beg 179 0
1581632812853813 131919735117504 emit_end 179 0
1581632812857073 131919735117504 drain_beg 0 0
1581632812857713 131919735117504 drain_end 1 0
1581632812858203 131919735117504 subm_beg 1 0
1581632816302607 131919735117504 subm_end 1 0
1581632816306157 131919735117504 pump_beg 1 0
1581632826528153 131919735117504 pump_end 1 2
1581632828265470 131919735117504 coll_beg 0 0
1581632831083607 131919735117504 coll_end 0 0
1581632832842113 131919735117504 emit_beg 180 0
1581632838274034 131919735117504 emit_end 180 0
1581632853519257 131919735117504 drain_beg 0 0
1581632853519947 131919735117504 drain_end 1 0
1581632853520267 131919735117504 subm_beg 1 0
1581632856953611 131919735117504 subm_end 1 0
1581632856954101 131919735117504 pump_beg 1 0
1581632867395089 131919735117504 pump_end 1 2
1581632869200803 131919735117504 coll_beg 0 0
1581632872329929 131919735117504 coll_end 0 0
1581632874253379 131919735117504 emit_beg 181 0
1581632879754368 131919735117504 emit_end 181 0
1581632879766707 131919735117504 drain_beg 0 0
1581632879767577 131919735117504 drain_end 1 0
1581632879768277 131919735117504 subm_beg 1 0
1581632883340916 131919735117504 subm_end 1 0
1581632883341326 131919735117504 pump_beg 1 0
1581632895857779 131919735117504 pump_end 1 2
1581632897950612 131919735117504 coll_beg 0 0
1581632902545954 131919735117504 coll_end 0 0
1581632904394127 131919735117504 emit_beg 182 0
1581632909847967 131919735117504 emit_end 182 0
1581632909851087 131919735117504 drain_beg 0 0
1581632909851577 131919735117504 drain_end 1 0
1581632909851957 131919735117504 subm_beg 1 0
1581632913347220 131919735117504 subm_end 1 0
1581632913347620 131919735117504 pump_beg 1 0
1581632923649213 131919735117504 pump_end 1 2
1581632927051028 131919735117504 coll_beg 0 0
1581632929655113 131919735117504 coll_end 0 0
1581632932591836 131919735117504 emit_beg 183 0
1581632938077205 131919735117504 emit_end 183 0
1581632938080095 131919735117504 drain_beg 0 0
1581632938080435 131919735117504 drain_end 1 0
1581632938080745 131919735117504 subm_beg 1 0
1581632941664174 131919735117504 subm_end 1 0
1581632941664574 131919735117504 pump_beg 1 0
1581632953160704 131919735117504 pump_end 1 2
1581632956467893 131919735117504 coll_beg 0 0
1581632960189287 131919735117504 coll_end 0 0
1581632962208123 131919735117504 emit_beg 184 0
1581632967598096 131919735117504 emit_end 184 0
1581632967601676 131919735117504 drain_beg 0 0
1581632967602276 131919735117504 drain_end 1 0
1581632967602656 131919735117504 subm_beg 1 0
1581632971282612 131919735117504 subm_end 1 0
1581632971285741 131919735117504 pump_beg 1 0
1581632984301776 131919735117504 pump_end 1 2
1581632986466626 131919735117504 coll_beg 0 0
1581632991322149 131919735117504 coll_end 0 0
1581632993233329 131919735117504 emit_beg 185 0
1581632998702159 131919735117504 emit_end 185 0
1581632998705819 131919735117504 drain_beg 0 0
1581632998706319 131919735117504 drain_end 1 0
1581632998706689 131919735117504 subm_beg 1 0
1581633002262269 131919735117504 subm_end 1 0
1581633002262779 131919735117504 pump_beg 1 0
1581633013822666 131919735117504 pump_end 1 2
1581633017344188 131919735117504 coll_beg 0 0
1581633021222696 131919735117504 coll_end 0 0
1581633023095038 131919735117504 emit_beg 186 0
1581633030445489 131919735117504 emit_end 186 0
1581633030448679 131919735117504 drain_beg 0 0
1581633030449209 131919735117504 drain_end 1 0
1581633030449949 131919735117504 subm_beg 1 0
1581633033985189 131919735117504 subm_end 1 0
1581633033985589 131919735117504 pump_beg 1 0
1581633042286366 131919735117504 pump_end 1 2
1581633045167311 131919735117504 coll_beg 0 0
1581633046591568 131919735117504 coll_end 0 0
1581633048743150 131919735117504 emit_beg 187 0
1581633056017764 131919735117504 emit_end 187 0
1581633070177526 131919735117504 drain_beg 0 0
1581633070178156 131919735117504 drain_end 1 0
1581633070178446 131919735117504 subm_beg 1 0
1581633073802294 131919735117504 subm_end 1 0
1581633073802734 131919735117504 pump_beg 1 0
1581633081436585 131919735117504 pump_end 1 2
1581633085375481 131919735117504 coll_beg 0 0
1581633085986448 131919735117504 coll_end 0 0
1581633087871319 131919735117504 emit_beg 188 0
1581633093319790 131919735117504 emit_end 188 0
1581633093322510 131919735117504 drain_beg 0 0
1581633093323100 131919735117504 drain_end 1 0
1581633093323580 131919735117504 subm_beg 1 0
1581633096932548 131919735117504 subm_end 1 0
1581633096932928 131919735117504 pump_beg 1 0
1581633106183460 131919735117504 pump_end 1 2
1581633108356231 131919735117504 coll_beg 0 0
1581633111301763 131919735117504 coll_end 0 0
1581633113821581 131919735117504 emit_beg 189 0
1581633119247222 131919735117504 emit_end 189 0
1581633119249432 131919735117504 drain_beg 0 0
1581633119249782 131919735117504 drain_end 1 0
1581633119250202 131919735117504 subm_beg 1 0
1581633122836231 131919735117504 subm_end 1 0
1581633122836611 131919735117504 pump_beg 1 0
1581633135782398 131919735117504 pump_end 1 2
1581633137607641 131919735117504 coll_beg 0 0
1581633145627258 131919735117504 coll_end 0 0
1581633147529118 131919735117504 emit_beg 190 0
1581633153062916 131919735117504 emit_end 190 0
1581633153066266 131919735117504 drain_beg 0 0
1581633153066706 131919735117504 drain_end 1 0
1581633153066986 131919735117504 subm_beg 1 0
1581633156551119 131919735117504 subm_end 1 0
1581633156551939 131919735117504 pump_beg 1 0
1581633164270387 131919735117504 pump_end 1 2
1581633167273977 131919735117504 coll_beg 0 0
1581633168828320 131919735117504 coll_end 0 0
1581633170970072 131919735117504 emit_beg 191 0
1581633178363431 131919735117504 emit_end 191 0
1581633190340863 131919735117504 drain_beg 0 0
1581633190343173 131919735117504 drain_end 1 0
1581633190343923 131919735117504 subm_beg 1 0
1581633194003320 131919735117504 subm_end 1 0
1581633194003890 131919735117504 pump_beg 1 0
1581633203087548 131919735117504 pump_end 1 2
1581633204925820 131919735117504 coll_beg 0 0
1581633206854570 131919735117504 coll_end 0 0
1581633208662724 131919735117504 emit_beg 192 0
1581633212320110 131919735117504 emit_end 192 0
1581633212324200 131919735117504 drain_beg 0 0
1581633212324870 131919735117504 drain_end 1 0
1581633212325350 131919735117504 subm_beg 1 0
1581633215901809 131919735117504 subm_end 1 0
1581633215902169 131919735117504 pump_beg 1 0
1581633225785638 131919735117504 pump_end 1 2
1581633227762215 131919735117504 coll_beg 0 0
1581633231020206 131919735117504 coll_end 0 0
1581633233083181 131919735117504 emit_beg 193 0
1581633240241229 131919735117504 emit_end 193 0
1581633255234571 131919735117504 drain_beg 0 0
1581633255235381 131919735117504 drain_end 1 0
1581633255235911 131919735117504 subm_beg 1 0
1581633258781931 131919735117504 subm_end 1 0
1581633258782401 131919735117504 pump_beg 1 0
1581633269432982 131919735117504 pump_end 1 2
1581633272654374 131919735117504 coll_beg 0 0
1581633276060940 131919735117504 coll_end 0 0
1581633277847664 131919735117504 emit_beg 194 0
1581633281390325 131919735117504 emit_end 194 0
1581633281393075 131919735117504 drain_beg 0 0
1581633281393655 131919735117504 drain_end 1 0
1581633281394125 131919735117504 subm_beg 1 0
1581633284819910 131919735117504 subm_end 1 0
1581633284820340 131919735117504 pump_beg 1 0
1581633296102237 131919735117504 pump_end 1 2
1581633299242752 131919735117504 coll_beg 0 0
1581633303525566 131919735117504 coll_end 0 0
1581633306737558 131919735117504 emit_beg 195 0
1581633312083083 131919735117504 emit_end 195 0
1581633312085923 131919735117504 drain_beg 0 0
1581633312086513 131919735117504 drain_end 1 0
1581633312087093 131919735117504 subm_beg 1 0
1581633315516118 131919735117504 subm_end 1 0
1581633315521097 131919735117504 pump_beg 1 0
1581633323507245 131919735117504 pump_end 1 2
1581633326879552 131919735117504 coll_beg 0 0
1581633328047429 131919735117504 coll_end 0 0
1581633330396703 131919735117504 emit_beg 196 0
1581633337315131 131919735117504 emit_end 196 0
1581633351131095 131919735117504 drain_beg 0 0
1581633351132755 131919735117504 drain_end 1 0
1581633351133645 131919735117504 subm_beg 1 0
1581633354637747 131919735117504 subm_end 1 0
1581633354638587 131919735117504 pump_beg 1 0
1581633363417466 131919735117504 pump_end 1 2
1581633366853891 131919735117504 coll_beg 0 0
1581633368690384 131919735117504 coll_end 0 0
1581633370423710 131919735117504 emit_beg 197 0
1581633375622930 131919735117504 emit_end 197 0
1581633375626600 131919735117504 drain_beg 0 0
1581633375627240 131919735117504 drain_end 1 0
1581633375627760 131919735117504 subm_beg 1 0
1581633379048735 131919735117504 subm_end 1 0
1581633379049145 131919735117504 pump_beg 1 0
1581633388328406 131919735117504 pump_end 1 2
1581633390732218 131919735117504 coll_beg 0 0
1581633392175335 131919735117504 coll_end 0 0
1581633394189381 131919735117504 emit_beg 198 0
1581633399439089 131919735117504 emit_end 198 0
1581633399441999 131919735117504 drain_beg 0 0
1581633399442459 131919735117504 drain_end 1 0
1581633399443039 131919735117504 subm_beg 1 0
1581633402886274 131919735117504 subm_end 1 0
1581633402886783 131919735117504 pump_beg 1 0
1581633411956312 131919735117504 pump_end 1 2
1581633414519218 131919735117504 coll_beg 0 0
1581633415835490 131919735117504 coll_end 0 0
1581633418076408 131919735117504 emit_beg 199 0
1581633425244626 131919735117504 emit_end 199 0
1581633438659206 131919735117504 drain_beg 0 0
1581633438661266 131919735117504 drain_end 1 0
1581633438661856 131919735117504 subm_beg 1 0
1581633442149198 131919735117504 subm_end 1 0
1581633442149648 131919735117504 pump_beg 1 0
1581633454869323 131919735117504 pump_end 1 2
1581633458530999 131919735117504 coll_beg 0 0
1581633463614104 131919735117504 coll_end 0 0
1581633465465186 131919735117504 emit_beg 200 0
1581633470842119 131919735117504 emit_end 200 0
1581633470846169 131919735117504 drain_beg 0 0
1581633470847019 131919735117504 drain_end 1 0
1581633470847829 131919735117504 subm_beg 1 0
1581633474252845 131919735117504 subm_end 1 0
1581633474253405 131919735117504 pump_beg 1 0
1581633485412337 131919735117504 pump_end 1 2
1581633488618549 131919735117504 coll_beg 0 0
1581633490872437 131919735117504 coll_end 0 0
1581633494168567 131919735117504 emit_beg 201 0
1581633501088984 131919735117504 emit_end 201 0
1581633501091363 131919735117504 drain_beg 0 0
1581633501092053 131919735117504 drain_end 1 0
1581633501092353 131919735117504 subm_beg 1 0
1581633504438701 131919735117504 subm_end 1 0
1581633504439201 131919735117504 pump_beg 1 0
1581633517347149 131919735117504 pump_end 1 2
1581633519129174 131919735117504 coll_beg 0 0
1581633523185316 131919735117504 coll_end 0 0
1581633524899283 131919735117504 emit_beg 202 0
1581633530096203 131919735117504 emit_end 202 0
1581633530099133 131919735117504 drain_beg 0 0
1581633530099683 131919735117504 drain_end 1 0
1581633530100163 131919735117504 subm_beg 1 0
1581633533467220 131919735117504 subm_end 1 0
1581633533467690 131919735117504 pump_beg 1 0
1581633543326889 131919735117504 pump_end 1 2
1581633545573057 131919735117504 coll_beg 0 0
1581633547944961 131919735117504 coll_end 0 0
1581633551206341 131919735117504 emit_beg 203 0
1581633558107109 131919735117504 emit_end 203 0
1581633558109349 131919735117504 drain_beg 0 0
1581633558109619 131919735117504 drain_end 1 0
1581633558109899 131919735117504 subm_beg 1 0
1581633561455347 131919735117504 subm_end 1 0
1581633561455727 131919735117504 pump_beg 1 0
1581633570748367 131919735117504 pump_end 1 2
1581633572838551 131919735117504 coll_beg 0 0
1581633575240933 131919735117504 coll_end 0 0
1581633577004188 131919735117504 emit_beg 204 0
1581633582225767 131919735117504 emit_end 204 0
1581633597050066 131919735117504 drain_beg 0 0
1581633597050766 131919735117504 drain_end 1 0
1581633597056475 131919735117504 subm_beg 1 0
1581633600502059 131919735117504 subm_end 1 0
1581633600502469 131919735117504 pump_beg 1 0
1581633608506767 131919735117504 pump_end 1 2
1581633613976957 131919735117504 coll_beg 0 0
1581633615186763 131919735117504 coll_end 0 0
1581633616941298 131919735117504 emit_beg 205 0
1581633622480066 131919735117504 emit_end 205 0
1581633622482906 131919735117504 drain_beg 0 0
1581633622483366 131919735117504 drain_end 1 0
1581633622483826 131919735117504 subm_beg 1 0
1581633626046596 131919735117504 subm_end 1 0
1581633626046896 131919735117504 pump_beg 1 0
1581633635009128 131919735117504 pump_end 1 2
1581633637391831 131919735117504 coll_beg 0 0
1581633640003405 131919735117504 coll_end 0 0
1581633642791893 131919735117504 emit_beg 206 0
1581633648263823 131919735117504 emit_end 206 0
1581633648266293 131919735117504 drain_beg 0 0
1581633648266573 131919735117504 drain_end 1 0
1581633648266853 131919735117504 subm_beg 1 0
1581633651791824 131919735117504 subm_end 1 0
1581633651792194 131919735117504 pump_beg 1 0
1581633660825204 131919735117504 pump_end 1 2
1581633663513146 131919735117504 coll_beg 0 0
1581633665856510 131919735117504 coll_end 0 0
1581633668862510 131919735117504 emit_beg 207 0
1581633674358619 131919735117504 emit_end 207 0
1581633674360759 131919735117504 drain_beg 0 0
1581633674361019 131919735117504 drain_end 1 0
1581633674361439 131919735117504 subm_beg 1 0
1581633678008016 131919735117504 subm_end 1 0
1581633678008386 131919735117504 pump_beg 1 0
1581633688966485 131919735117504 pump_end 1 2
1581633691483863 131919735117504 coll_beg 0 0
1581633695030604 131919735117504 coll_end 0 0
1581633696856257 131919735117504 emit_beg 208 0
1581633702256239 131919735117504 emit_end 208 0
1581633702258379 131919735117504 drain_beg 0 0
1581633702258669 131919735117504 drain_end 1 0
1581633702258969 131919735117504 subm_beg 1 0
1581633705786001 131919735117504 subm_end 1 0
1581633705786450 131919735117504 pump_beg 1 0
1581633718714498 131919735117504 pump_end 1 2
1581633722171781 131919735117504 coll_beg 0 0
1581633726500673 131919735117504 coll_end 0 0
1581633728344156 131919735117504 emit_beg 209 0
1581633733887913 131919735117504 emit_end 209 0
1581633733890823 131919735117504 drain_beg 0 0
1581633733891263 131919735117504 drain_end 1 0
1581633733891523 131919735117504 subm_beg 1 0
1581633737447493 131919735117504 subm_end 1 0
1581633737447993 131919735117504 pump_beg 1 0
1581633749340778 131919735117504 pump_end 1 2
1581633753084991 131919735117504 coll_beg 0 0
1581633757538239 131919735117504 coll_end 0 0
1581633759393461 131919735117504 emit_beg 210 0
1581633764872860 131919735117504 emit_end 210 0
1581633764877740 131919735117504 drain_beg 0 0
1581633764878380 131919735117504 drain_end 1 0
1581633764878830 131919735117504 subm_beg 1 0
1581633768382252 131919735117504 subm_end 1 0
1581633768383122 131919735117504 pump_beg 1 0
1581633777845956 131919735117504 pump_end 1 2
1581633780157112 131919735117504 coll_beg 0 0
1581633783901825 131919735117504 coll_end 0 0
1581633785843914 131919735117504 emit_beg 211 0
1581633793066280 131919735117504 emit_end 211 0
1581633793069550 131919735117504 drain_beg 0 0
1581633793070000 131919735117504 drain_end 1 0
1581633793070370 131919735117504 subm_beg 1 0
1581633796585591 131919735117504 subm_end 1 0
1581633796586051 131919735117504 pump_beg 1 0
1581633806283217 131919735117504 pump_end 1 2
1581633808559923 131919735117504 coll_beg 0 0
1581633811001994 131919735117504 coll_end 0 0
1581633814007594 131919735117504 emit_beg 212 0
1581633819466685 131919735117504 emit_end 212 0
1581633819469725 131919735117504 drain_beg 0 0
1581633819470055 131919735117504 drain_end 1 0
1581633819470315 131919735117504 subm_beg 1 0
1581633823007965 131919735117504 subm_end 1 0
1581633823008295 131919735117504 pump_beg 1 0
1581633833293909 131919735117504 pump_end 1 2
1581633835203369 131919735117504 coll_beg 0 0
1581633838102453 131919735117504 coll_end 0 0
1581633840051512 131919735117504 emit_beg 213 0
1581633845633558 131919735117504 emit_end 213 0
1581633860842702 131919735117504 drain_beg 0 0
1581633860843852 131919735117504 drain_end 1 0
1581633860844172 131919735117504 subm_beg 1 0
1581633864512618 131919735117504 subm_end 1 0
1581633864514558 131919735117504 pump_beg 1 0
1581633876217520 131919735117504 pump_end 1 2
1581633878353442 131919735117504 coll_beg 0 0
1581633884157070 131919735117504 coll_end 0 0
1581633886037281 131919735117504 emit_beg 214 0
1581633889914019 131919735117504 emit_end 214 0
1581633889929219 131919735117504 drain_beg 0 0
1581633889930099 131919735117504 drain_end 1 0
1581633889930999 131919735117504 subm_beg 1 0
1581633893486029 131919735117504 subm_end 1 0
1581633893486429 131919735117504 pump_beg 1 0
1581633903225553 131919735117504 pump_end 1 2
1581633906813862 131919735117504 coll_beg 0 0
1581633909330280 131919735117504 coll_end 0 0
1581633912277652 131919735117504 emit_beg 215 0
1581633919504718 131919735117504 emit_end 215 0
1581633934839607 131919735117504 drain_beg 0 0
1581633934840387 131919735117504 drain_end 1 0
1581633934840717 131919735117504 subm_beg 1 0
1581633938453575 131919735117504 subm_end 1 0
1581633938454025 131919735117504 pump_beg 1 0
1581633949346097 131919735117504 pump_end 1 2
1581633951137231 131919735117504 coll_beg 0 0
1581633955899767 131919735117504 coll_end 0 0
1581633957809227 131919735117504 emit_beg 216 0
1581633963272038 131919735117504 emit_end 216 0
1581633963275877 131919735117504 drain_beg 0 0
1581633963276677 131919735117504 drain_end 1 0
1581633963277487 131919735117504 subm_beg 1 0
1581633966813688 131919735117504 subm_end 1 0
1581633966814248 131919735117504 pump_beg 1 0
1581633977163690 131919735117504 pump_end 1 2
1581633980015676 131919735117504 coll_beg 0 0
1581633982977287 131919735117504 coll_end 0 0
1581633985549363 131919735117504 emit_beg 217 0
1581633991077301 131919735117504 emit_end 217 0
1581633991080921 131919735117504 drain_beg 0 0
1581633991081551 131919735117504 drain_end 1 0
1581633991082191 131919735117504 subm_beg 1 0
1581633994436118 131919735117504 subm_end 1 0
1581633994437018 131919735117504 pump_beg 1 0
1581634003124821 131919735117504 pump_end 1 2
1581634006076763 131919735117504 coll_beg 0 0
1581634007740192 131919735117504 coll_end 0 0
1581634009657762 131919735117504 emit_beg 218 0
1581634016826160 131919735117504 emit_end 218 0
1581634016830350 131919735117504 drain_beg 0 0
1581634016831020 131919735117504 drain_end 1 0
1581634016831640 131919735117504 subm_beg 1 0
1581634020311633 131919735117504 subm_end 1 0
1581634020312223 131919735117504 pump_beg 1 0
1581634030807179 131919735117504 pump_end 1 2
1581634033577768 131919735117504 coll_beg 0 0
1581634036815909 131919735117504 coll_end 0 0
1581634038630883 131919735117504 emit_beg 219 0
1581634045631047 131919735117504 emit_end 219 0
1581634045634087 131919735117504 drain_beg 0 0
1581634045634597 131919735117504 drain_end 1 0
1581634045635097 131919735117504 subm_beg 1 0
1581634048948066 131919735117504 subm_end 1 0
1581634048948536 131919735117504 pump_beg 1 0
1581634060558881 131919735117504 pump_end 1 2
1581634062913425 131919735117504 coll_beg 0 0
1581634068622436 131919735117504 coll_end 0 0
1581634070698831 131919735117504 emit_beg 220 0
1581634074189033 131919735117504 emit_end 220 0
1581634074191863 131919735117504 drain_beg 0 0
1581634074192443 131919735117504 drain_end 1 0
1581634074193003 131919735117504 subm_beg 1 0
1581634077656416 131919735117504 subm_end 1 0
1581634077656876 131919735117504 pump_beg 1 0
1581634089222703 131919735117504 pump_end 1 2
1581634091482551 131919735117504 coll_beg 0 0
1581634095428036 131919735117504 coll_end 0 0
1581634098621230 131919735117504 emit_beg 221 0
1581634103970864 131919735117504 emit_end 221 0
1581634120995792 131919735117504 drain_beg 0 0
1581634120996552 131919735117504 drain_end 1 0
1581634120996932 131919735117504 subm_beg 1 0
1581634124412827 131919735117504 subm_end 1 0
1581634124413257 131919735117504 pump_beg 1 0
1581634134558256 131919735117504 pump_end 1 2
1581634136852462 131919735117504 coll_beg 0 0
1581634140925843 131919735117504 coll_end 0 0
1581634142815554 131919735117504 emit_beg 222 0
1581634148159279 131919735117504 emit_end 222 0
1581634148162839 131919735117504 drain_beg 0 0
1581634148163529 131919735117504 drain_end 1 0
1581634148163939 131919735117504 subm_beg 1 0
1581634151527496 131919735117504 subm_end 1 0
1581634151528806 131919735117504 pump_beg 1 0
1581634162153367 131919735117504 pump_end 1 2
1581634163917533 131919735117504 coll_beg 0 0
1581634167537220 131919735117504 coll_end 0 0
1581634169371143 131919735117504 emit_beg 223 0
1581634174823734 131919735117504 emit_end 223 0
1581634191374539 131919735117504 drain_beg 0 0
1581634191375309 131919735117504 drain_end 1 0
1581634191375659 131919735117504 subm_beg 1 0
1581634202802911 131919735117504 subm_end 1 0
1581634202803451 131919735117504 pump_beg 1 0
1581634214362289 131919735117504 pump_end 1 2
1581634218880493 131919735117504 coll_beg 0 0
1581634224137241 131919735117504 coll_end 0 0
1581634228897577 131919735117504 emit_beg 224 0
1581634238268915 131919735117504 emit_end 224 0
1581634238272495 131919735117504 drain_beg 0 0
1581634238273045 131919735117504 drain_end 1 0
1581634238273604 131919735117504 subm_beg 1 0
1581634246257483 131919735117504 subm_end 1 0
1581634246257933 131919735117504 pump_beg 1 0
1581634257819450 131919735117504 pump_end 1 2
1581634262043606 131919735117504 coll_beg 0 0
1581634266595289 131919735117504 coll_end 0 0
1581634269790922 131919735117504 emit_beg 225 0
1581634280289489 131919735117504 emit_end 225 0
1581634300564297 131919735117504 drain_beg 0 0
1581634300566237 131919735117504 drain_end 1 0
1581634300567027 131919735117504 subm_beg 1 0
1581634307883410 131919735117504 subm_end 1 0
1581634307884920 131919735117504 pump_beg 1 0
1581634318195713 131919735117504 pump_end 1 2
1581634320625164 131919735117504 coll_beg 0 0
1581634323597215 131919735117504 coll_end 0 0
1581634326172651 131919735117504 emit_beg 226 0
1581634334545575 131919735117504 emit_end 226 0
1581634334549025 131919735117504 drain_beg 0 0
1581634334549555 131919735117504 drain_end 1 0
1581634334549965 131919735117504 subm_beg 1 0
1581634340651082 131919735117504 subm_end 1 0
1581634340651632 131919735117504 pump_beg 1 0
1581634352232749 131919735117504 pump_end 1 2
1581634357285184 131919735117504 coll_beg 0 0
1581634362434646 131919735117504 coll_end 0 0
1581634365646928 131919735117504 emit_beg 227 0
1581634374797294 131919735117504 emit_end 227 0
1581634374800724 131919735117504 drain_beg 0 0
1581634374801284 131919735117504 drain_end 1 0
1581634374801604 131919735117504 subm_beg 1 0
1581634380842603 131919735117504 subm_end 1 0
1581634380843283 131919735117504 pump_beg 1 0
1581634391706286 131919735117504 pump_end 1 2
1581634394247153 131919735117504 coll_beg 0 0
1581634397717286 131919735117504 coll_end 0 0
1581634401214408 131919735117504 emit_beg 228 0
1581634410169711 131919735117504 emit_end 228 0
1581634430608323 131919735117504 drain_beg 0 0
1581634430609213 131919735117504 drain_end 1 0
1581634430609553 131919735117504 subm_beg 1 0
1581634435354410 131919735117504 subm_end 1 0
1581634435354920 131919735117504 pump_beg 1 0
1581634447698829 131919735117504 pump_end 1 2
1581634449899558 131919735117504 coll_beg 0 0
1581634457170182 131919735117504 coll_end 0 0
1581634460186782 131919735117504 emit_beg 229 0
1581634466571769 131919735117504 emit_end 229 0
1581634466575569 131919735117504 drain_beg 0 0
1581634466576139 131919735117504 drain_end 1 0
1581634466576479 131919735117504 subm_beg 1 0
1581634470026152 131919735117504 subm_end 1 0
1581634470026652 131919735117504 pump_beg 1 0
1581634479954389 131919735117504 pump_end 1 2
1581634482598103 131919735117504 coll_beg 0 0
1581634486298068 131919735117504 coll_end 0 0
1581634488324563 131919735117504 emit_beg 230 0
1581634493855441 131919735117504 emit_end 230 0
1581634509583496 131919735117504 drain_beg 0 0
1581634509585286 131919735117504 drain_end 1 0
1581634509585986 131919735117504 subm_beg 1 0
1581634513076399 131919735117504 subm_end 1 0
1581634513076929 131919735117504 pump_beg 1 0
1581634526193819 131919735117504 pump_end 1 2
1581634528348830 131919735117504 coll_beg 0 0
1581634535711521 131919735117504 coll_end 0 0
1581634538149002 131919735117504 emit_beg 231 0
1581634543729608 131919735117504 emit_end 231 0
1581634543733868 131919735117504 drain_beg 0 0
1581634543734438 131919735117504 drain_end 1 0
1581634543735158 131919735117504 subm_beg 1 0
1581634547179232 131919735117504 subm_end 1 0
1581634547179662 131919735117504 pump_beg 1 0
1581634554492985 131919735117504 pump_end 1 2
1581634557826243 131919735117504 coll_beg 0 0
1581634558891004 131919735117504 coll_end 0 0
1581634561305515 131919735117504 emit_beg 232 0
1581634568285800 131919735117504 emit_end 232 0
1581634581532916 131919735117504 drain_beg 0 0
1581634581533546 131919735117504 drain_end 1 0
1581634581533876 131919735117504 subm_beg 1 0
1581634585027168 131919735117504 subm_end 1 0
1581634585027548 131919735117504 pump_beg 1 0
1581634594845419 131919735117504 pump_end 1 2
1581634599296927 131919735117504 coll_beg 0 0
1581634602950963 131919735117504 coll_end 0 0
1581634604741168 131919735117504 emit_beg 233 0
1581634610057693 131919735117504 emit_end 233 0
1581634610060293 131919735117504 drain_beg 0 0
1581634610060663 131919735117504 drain_end 1 0
1581634610061013 131919735117504 subm_beg 1 0
1581634613458899 131919735117504 subm_end 1 0
1581634613459279 131919735117504 pump_beg 1 0
1581634624524404 131919735117504 pump_end 1 2
1581634627549944 131919735117504 coll_beg 0 0
1581634632734844 131919735117504 coll_end 0 0
1581634634598996 131919735117504 emit_beg 234 0
1581634639907802 131919735117504 emit_end 234 0
1581634639910662 131919735117504 drain_beg 0 0
1581634639911082 131919735117504 drain_end 1 0
1581634639911432 131919735117504 subm_beg 1 0
1581634643301608 131919735117504 subm_end 1 0
1581634643302188 131919735117504 pump_beg 1 0
1581634650906830 131919735117504 pump_end 1 2
1581634653604741 131919735117504 coll_beg 0 0
1581634654514708 131919735117504 coll_end 0 0
1581634657107093 131919735117504 emit_beg 235 0
1581634664312590 131919735117504 emit_end 235 0
1581634676156397 131919735117504 drain_beg 0 0
1581634676157847 131919735117504 drain_end 1 0
1581634676158187 131919735117504 subm_beg 1 0
1581634679637230 131919735117504 subm_end 1 0
1581634679637800 131919735117504 pump_beg 1 0
1581634688424218 131919735117504 pump_end 1 2
1581634690248912 131919735117504 coll_beg 0 0
1581634692107434 131919735117504 coll_end 0 0
1581634693926237 131919735117504 emit_beg 236 0
1581634699294161 131919735117504 emit_end 236 0
1581634699296801 131919735117504 drain_beg 0 0
1581634699297171 131919735117504 drain_end 1 0
1581634699297571 131919735117504 subm_beg 1 0
1581634702746045 131919735117504 subm_end 1 0
1581634702746795 131919735117504 pump_beg 1 0
1581634710053638 131919735117504 pump_end 1 2
1581634712870955 131919735117504 coll_beg 0 0
1581634713583669 131919735117504 coll_end 0 0
1581634716361617 131919735117504 emit_beg 237 0
1581634723286764 131919735117504 emit_end 237 0
1581634723289024 131919735117504 drain_beg 0 0
1581634723289544 131919735117504 drain_end 1 0
1581634723289854 131919735117504 subm_beg 1 0
1581634726747168 131919735117504 subm_end 1 0
1581634726747628 131919735117504 pump_beg 1 0
1581634736982663 131919735117504 pump_end 1 2
1581634739802020 131919735117504 coll_beg 0 0
1581634742712354 131919735117504 coll_end 0 0
1581634744512858 131919735117504 emit_beg 238 0
1581634749761636 131919735117504 emit_end 238 0
1581634765714443 131919735117504 drain_beg 0 0
1581634765715703 131919735117504 drain_end 1 0
1581634765716233 131919735117504 subm_beg 1 0
1581634769197376 131919735117504 subm_end 1 0
1581634769197786 131919735117504 pump_beg 1 0
1581634778843813 131919735117504 pump_end 1 2
1581634782820228 131919735117504 coll_beg 0 0
1581634785531319 131919735117504 coll_end 0 0
1581634787315543 131919735117504 emit_beg 239 0
1581634792739315 131919735117504 emit_end 239 0
1581634792741425 131919735117504 drain_beg 0 0
1581634792741675 131919735117504 drain_end 1 0
1581634792742025 131919735117504 subm_beg 1 0
1581634796419891 131919735117504 subm_end 1 0
1581634796420261 131919735117504 pump_beg 1 0
1581634805381363 131919735117504 pump_end 1 2
1581634808100794 131919735117504 coll_beg 0 0
1581634810036393 131919735117504 coll_end 0 0
1581634811801138 131919735117504 emit_beg 240 0
1581634818937077 131919735117504 emit_end 240 0
1581634818939737 131919735117504 drain_beg 0 0
1581634818940337 131919735117504 drain_end 1 0
1581634818940787 131919735117504 subm_beg 1 0
1581634822423560 131919735117504 subm_end 1 0
1581634822423940 131919735117504 pump_beg 1 0
1581634836325772 131919735117504 pump_end 1 2
1581634838109887 131919735117504 coll_beg 0 0
1581634842936100 131919735117504 coll_end 0 0
1581634845410320 131919735117504 emit_beg 241 0
1581634850663348 131919735117504 emit_end 241 0
1581634850666277 131919735117504 drain_beg 0 0
1581634850666807 131919735117504 drain_end 1 0
1581634850667287 131919735117504 subm_beg 1 0
1581634853944018 131919735117504 subm_end 1 0
1581634853944508 131919735117504 pump_beg 1 0
1581634862554323 131919735117504 pump_end 1 2
1581634864510751 131919735117504 coll_beg 0 0
1581634865390329 131919735117504 coll_end 0 0
1581634868043082 131919735117504 emit_beg 242 0
1581634875232409 131919735117504 emit_end 242 0
1581634887155094 131919735117504 drain_beg 0 0
1581634887155744 131919735117504 drain_end 1 0
1581634887156064 131919735117504 subm_beg 1 0
1581634890565059 131919735117504 subm_end 1 0
1581634890565439 131919735117504 pump_beg 1 0
1581634900350951 131919735117504 pump_end 1 2
1581634902142496 131919735117504 coll_beg 0 0
1581634905416376 131919735117504 coll_end 0 0
1581634907198331 131919735117504 emit_beg 243 0
1581634912465198 131919735117504 emit_end 243 0
1581634912467458 131919735117504 drain_beg 0 0
1581634912467758 131919735117504 drain_end 1 0
1581634912467988 131919735117504 subm_beg 1 0
1581634915939331 131919735117504 subm_end 1 0
1581634915939701 131919735117504 pump_beg 1 0
1581634927681222 131919735117504 pump_end 1 2
1581634929448797 131919735117504 coll_beg 0 0
1581634932733647 131919735117504 coll_end 0 0
1581634934467794 131919735117504 emit_beg 244 0
1581634939682233 131919735117504 emit_end 244 0
1581634939684453 131919735117504 drain_beg 0 0
1581634939684743 131919735117504 drain_end 1 0
1581634939684983 131919735117504 subm_beg 1 0
1581634943084879 131919735117504 subm_end 1 0
1581634943085359 131919735117504 pump_beg 1 0
1581634955132299 131919735117504 pump_end 1 2
1581634957242941 131919735117504 coll_beg 0 0
1581634960913357 131919735117504 coll_end 0 0
1581634962630544 131919735117504 emit_beg 245 0
1581634967916831 131919735117504 emit_end 245 0
1581634967919341 131919735117504 drain_beg 0 0
1581634967919811 131919735117504 drain_end 1 0
1581634967920341 131919735117504 subm_beg 1 0
1581634971411603 131919735117504 subm_end 1 0
1581634971412193 131919735117504 pump_beg 1 0
1581634982139531 131919735117504 pump_end 1 2
1581634984444507 131919735117504 coll_beg 0 0
1581634986658226 131919735117504 coll_end 0 0
1581634988407652 131919735117504 emit_beg 246 0
1581634995278481 131919735117504 emit_end 246 0
1581634995282281 131919735117504 drain_beg 0 0
1581634995282741 131919735117504 drain_end 1 0
1581634995283351 131919735117504 subm_beg 1 0
1581634998724675 131919735117504 subm_end 1 0
1581634998725165 131919735117504 pump_beg 1 0
1581635007801533 131919735117504 pump_end 1 2
1581635010719856 131919735117504 coll_beg 0 0
1581635012577218 131919735117504 coll_end 0 0
1581635014303005 131919735117504 emit_beg 247 0
1581635019489386 131919735117504 emit_end 247 0
1581635034231817 131919735117504 drain_beg 0 0
1581635034233047 131919735117504 drain_end 1 0
1581635034233487 131919735117504 subm_beg 1 0
1581635037714120 131919735117504 subm_end 1 0
1581635037714840 131919735117504 pump_beg 1 0
1581635049218669 131919735117504 pump_end 1 2
1581635051195217 131919735117504 coll_beg 0 0
1581635056680376 131919735117504 coll_end 0 0
1581635058481390 131919735117504 emit_beg 248 0
1581635063640892 131919735117504 emit_end 248 0
1581635063643612 131919735117504 drain_beg 0 0
1581635063648601 131919735117504 drain_end 1 0
1581635063649071 131919735117504 subm_beg 1 0
1581635067068936 131919735117504 subm_end 1 0
1581635067069306 131919735117504 pump_beg 1 0
1581635077896371 131919735117504 pump_end 1 2
1581635081191630 131919735117504 coll_beg 0 0
1581635085752523 131919735117504 coll_end 0 0
1581635087498930 131919735117504 emit_beg 249 0
1581635092775617 131919735117504 emit_end 249 0
1581635109178187 131919735117504 drain_beg 0 0
1581635109178947 131919735117504 drain_end 1 0
1581635109179297 131919735117504 subm_beg 1 0
1581635112777006 131919735117504 subm_end 1 0
1581635112777405 131919735117504 pump_beg 1 0
1581635124588884 131919735117504 pump_end 1 2
1581635126814642 131919735117504 coll_beg 0 0
1581635132259533 131919735117504 coll_end 0 0
1581635134185613 131919735117504 emit_beg 250 0
1581635139591765 131919735117504 emit_end 250 0
1581635139594015 131919735117504 drain_beg 0 0
1581635139594455 131919735117504 drain_end 1 0
1581635139594985 131919735117504 subm_beg 1 0
1581635142958372 131919735117504 subm_end 1 0
1581635142959182 131919735117504 pump_beg 1 0
1581635154333596 131919735117504 pump_end 1 2
1581635156148220 131919735117504 coll_beg 0 0
1581635159580115 131919735117504 coll_end 0 0
1581635161688208 131919735117504 emit_beg 251 0
1581635168624664 131919735117504 emit_end 251 0
1581635168627154 131919735117504 drain_beg 0 0
1581635168627664 131919735117504 drain_end 1 0
1581635168627974 131919735117504 subm_beg 1 0
1581635172031809 131919735117504 subm_end 1 0
1581635172032249 131919735117504 pump_beg 1 0
1581635182232876 131919735117504 pump_end 1 2
1581635185338763 131919735117504 coll_beg 0 0
1581635189855048 131919735117504 coll_end 0 0
1581635191631713 131919735117504 emit_beg 252 0
1581635196854642 131919735117504 emit_end 252 0
1581635196856852 131919735117504 drain_beg 0 0
1581635196857312 131919735117504 drain_end 1 0
1581635196857592 131919735117504 subm_beg 1 0
1581635200337175 131919735117504 subm_end 1 0
1581635200337555 131919735117504 pump_beg 1 0
1581635212189091 131919735117504 pump_end 1 2
1581635214921601 131919735117504 coll_beg 0 0
1581635221897697 131919735117504 coll_end 0 0
1581635223736079 131919735117504 emit_beg 253 0
1581635229051925 131919735117504 emit_end 253 0
1581635229054105 131919735117504 drain_beg 0 0
1581635229054445 131919735117504 drain_end 1 0
1581635229054895 131919735117504 subm_beg 1 0
1581635232475150 131919735117504 subm_end 1 0
1581635232475530 131919735117504 pump_beg 1 0
1581635245529882 131919735117504 pump_end 1 2
1581635248471305 131919735117504 coll_beg 0 0
1581635253935855 131919735117504 coll_end 0 0
1581635255745589 131919735117504 emit_beg 254 0
1581635261092044 131919735117504 emit_end 254 0
1581635261095124 131919735117504 drain_beg 0 0
1581635261095544 131919735117504 drain_end 1 0
1581635261095894 131919735117504 subm_beg 1 0
1581635264518348 131919735117504 subm_end 1 0
1581635264518808 131919735117504 pump_beg 1 0
1581635275806616 131919735117504 pump_end 1 2
1581635277940388 131919735117504 coll_beg 0 0
1581635281738789 131919735117504 coll_end 0 0
1581635283501184 131919735117504 emit_beg 255 0
1581635290560876 131919735117504 emit_end 255 0
1581635290563566 131919735117504 drain_beg 0 0
1581635290563886 131919735117504 drain_end 1 0
1581635290564196 131919735117504 subm_beg 1 0
1581635294024590 131919735117504 subm_end 1 0
1581635294024970 131919735117504 pump_beg 1 0
1581635305797779 131919735117504 pump_end 1 2
1581635307625892 131919735117504 coll_beg 0 0
1581635311575908 131919735117504 coll_end 0 0
1581635313372673 131919735117504 emit_beg 256 0
1581635318712887 131919735117504 emit_end 256 0
1581635336165529 131919735117504 drain_beg 0 0
1581635336166239 131919735117504 drain_end 1 0
1581635336166549 131919735117504 subm_beg 1 0
1581635339717449 131919735117504 subm_end 1 0
1581635339717859 131919735117504 pump_beg 1 0
1581635348829556 131919735117504 pump_end 1 2
1581635351435341 131919735117504 coll_beg 0 0
1581635353608702 131919735117504 coll_end 0 0
1581635355460794 131919735117504 emit_beg 257 0
1581635360978562 131919735117504 emit_end 257 0
1581635360981902 131919735117504 drain_beg 0 0
1581635360982392 131919735117504 drain_end 1 0
1581635360983112 131919735117504 subm_beg 1 0
1581635364587000 131919735117504 subm_end 1 0
1581635364587540 131919735117504 pump_beg 1 0
1581635376248134 131919735117504 pump_end 1 2
1581635378974044 131919735117504 coll_beg 0 0
1581635383081924 131919735117504 coll_end 0 0
1581635385076111 131919735117504 emit_beg 258 0
1581635390851850 131919735117504 emit_end 258 0
1581635390854470 131919735117504 drain_beg 0 0
1581635390854920 131919735117504 drain_end 1 0
1581635390855180 131919735117504 subm_beg 1 0
1581635394465198 131919735117504 subm_end 1 0
1581635394465628 131919735117504 pump_beg 1 0
1581635407259400 131919735117504 pump_end 1 2
1581635410709664 131919735117504 coll_beg 0 0
1581635415480110 131919735117504 coll_end 0 0
1581635417314963 131919735117504 emit_beg 259 0
1581635422721095 131919735117504 emit_end 259 0
1581635422723825 131919735117504 drain_beg 0 0
1581635422724335 131919735117504 drain_end 1 0
1581635422724605 131919735117504 subm_beg 1 0
1581635426256406 131919735117504 subm_end 1 0
1581635426256876 131919735117504 pump_beg 1 0
1581635435940002 131919735117504 pump_end 1 2
1581635439184343 131919735117504 coll_beg 0 0
1581635442815520 131919735117504 coll_end 0 0
1581635444902364 131919735117504 emit_beg 260 0
1581635452168599 131919735117504 emit_end 260 0
1581635452171058 131919735117504 drain_beg 0 0
1581635452171368 131919735117504 drain_end 1 0
1581635452171648 131919735117504 subm_beg 1 0
1581635455693300 131919735117504 subm_end 1 0
1581635455693690 131919735117504 pump_beg 1 0
1581635467882744 131919735117504 pump_end 1 2
1581635470685512 131919735117504 coll_beg 0 0
1581635476775169 131919735117504 coll_end 0 0
1581635479242339 131919735117504 emit_beg 261 0
1581635482907225 131919735117504 emit_end 261 0
1581635482910425 131919735117504 drain_beg 0 0
1581635482910935 131919735117504 drain_end 1 0
1581635482911465 131919735117504 subm_beg 1 0
1581635486487714 131919735117504 subm_end 1 0
1581635486488084 131919735117504 pump_beg 1 0
1581635495718156 131919735117504 pump_end 1 2
1581635499108932 131919735117504 coll_beg 0 0
1581635502534637 131919735117504 coll_end 0 0
1581635504576793 131919735117504 emit_beg 262 0
1581635511768690 131919735117504 emit_end 262 0
1581635525381642 131919735117504 drain_beg 0 0
1581635525382252 131919735117504 drain_end 1 0
1581635525382532 131919735117504 subm_beg 1 0
1581635529031469 131919735117504 subm_end 1 0
1581635529031829 131919735117504 pump_beg 1 0
1581635535961265 131919735117504 pump_end 1 2
1581635539218326 131919735117504 coll_beg 0 0
1581635539567603 131919735117504 coll_end 0 0
1581635541410756 131919735117504 emit_beg 263 0
1581635546776100 131919735117504 emit_end 263 0
1581635546778760 131919735117504 drain_beg 0 0
1581635546779370 131919735117504 drain_end 1 0
1581635546779870 131919735117504 subm_beg 1 0
1581635550346809 131919735117504 subm_end 1 0
1581635550347179 131919735117504 pump_beg 1 0
1581635559035652 131919735117504 pump_end 1 2
1581635561381376 131919735117504 coll_beg 0 0
1581635563509268 131919735117504 coll_end 0 0
1581635565286393 131919735117504 emit_beg 264 0
1581635570707095 131919735117504 emit_end 264 0
1581635585843902 131919735117504 drain_beg 0 0
1581635585844932 131919735117504 drain_end 1 0
1581635585845352 131919735117504 subm_beg 1 0
1581635589469759 131919735117504 subm_end 1 0
1581635589470169 131919735117504 pump_beg 1 0
1581635598153282 131919735117504 pump_end 1 2
1581635602392857 131919735117504 coll_beg 0 0
1581635604423363 131919735117504 coll_end 0 0
1581635606227427 131919735117504 emit_beg 265 0
1581635611565951 131919735117504 emit_end 265 0
1581635611568751 131919735117504 drain_beg 0 0
1581635611569221 131919735117504 drain_end 1 0
1581635611569701 131919735117504 subm_beg 1 0
1581635614931588 131919735117504 subm_end 1 0
1581635614932038 131919735117504 pump_beg 1 0
1581635624410372 131919735117504 pump_end 1 2
1581635626470897 131919735117504 coll_beg 0 0
1581635628764303 131919735117504 coll_end 0 0
1581635630476190 131919735117504 emit_beg 266 0
1581635637551581 131919735117504 emit_end 266 0
1581635637554801 131919735117504 drain_beg 0 0
1581635637555341 131919735117504 drain_end 1 0
1581635637555801 131919735117504 subm_beg 1 0
1581635640951827 131919735117504 subm_end 1 0
1581635640952417 131919735117504 pump_beg 1 0
1581635649247644 131919735117504 pump_end 1 2
1581635652225255 131919735117504 coll_beg 0 0
1581635654356727 131919735117504 coll_end 0 0
1581635657472473 131919735117504 emit_beg 267 0
1581635662634845 131919735117504 emit_end 267 0
1581635662637614 131919735117504 drain_beg 0 0
1581635662638114 131919735117504 drain_end 1 0
1581635662638564 131919735117504 subm_beg 1 0
1581635666030590 131919735117504 subm_end 1 0
1581635666031000 131919735117504 pump_beg 1 0
1581635678178796 131919735117504 pump_end 1 2
1581635679912943 131919735117504 coll_beg 0 0
1581635687406339 131919735117504 coll_end 0 0
1581635689684496 131919735117504 emit_beg 268 0
1581635694925934 131919735117504 emit_end 268 0
1581635694928544 131919735117504 drain_beg 0 0
1581635694928994 131919735117504 drain_end 1 0
1581635694929454 131919735117504 subm_beg 1 0
1581635698315240 131919735117504 subm_end 1 0
1581635698315600 131919735117504 pump_beg 1 0
1581635707054671 131919735117504 pump_end 1 2
1581635709017939 131919735117504 coll_beg 0 0
1581635710711057 131919735117504 coll_end 0 0
1581635712447254 131919735117504 emit_beg 269 0
1581635719382380 131919735117504 emit_end 269 0
1581635732534819 131919735117504 drain_beg 0 0
1581635732535529 131919735117504 drain_end 1 0
1581635732535849 131919735117504 subm_beg 1 0
1581635735983063 131919735117504 subm_end 1 0
1581635735983473 131919735117504 pump_beg 1 0
1581635746009067 131919735117504 pump_end 1 2
1581635749988871 131919735117504 coll_beg 0 0
1581635754134120 131919735117504 coll_end 0 0
1581635755840927 131919735117504 emit_beg 270 0
1581635761168342 131919735117504 emit_end 270 0
1581635761180202 131919735117504 drain_beg 0 0
1581635761182212 131919735117504 drain_end 1 0
1581635761183312 131919735117504 subm_beg 1 0
1581635764465452 131919735117504 subm_end 1 0
1581635764466922 131919735117504 pump_beg 1 0
1581635773397025 131919735117504 pump_end 1 2
1581635776872598 131919735117504 coll_beg 0 0
1581635777962458 131919735117504 coll_end 0 0
1581635780351301 131919735117504 emit_beg 271 0
1581635787382314 131919735117504 emit_end 271 0
1581635787390284 131919735117504 drain_beg 0 0
1581635787391324 131919735117504 drain_end 1 0
1581635787392134 131919735117504 subm_beg 1 0
1581635790811719 131919735117504 subm_end 1 0
1581635790813529 131919735117504 pump_beg 1 0
1581635800771745 131919735117504 pump_end 1 2
1581635804039275 131919735117504 coll_beg 0 0
1581635805614698 131919735117504 coll_end 0 0
1581635807400822 131919735117504 emit_beg 272 0
1581635814450895 131919735117504 emit_end 272 0
1581635814453435 131919735117504 drain_beg 0 0
1581635814454005 131919735117504 drain_end 1 0
1581635814454365 131919735117504 subm_beg 1 0
1581635817848321 131919735117504 subm_end 1 0
1581635817848801 131919735117504 pump_beg 1 0
1581635828582768 131919735117504 pump_end 1 2
1581635831722313 131919735117504 coll_beg 0 0
1581635834690345 131919735117504 coll_end 0 0
1581635836400932 131919735117504 emit_beg 273 0
1581635841601102 131919735117504 emit_end 273 0
1581635841604502 131919735117504 drain_beg 0 0
1581635841605092 131919735117504 drain_end 1 0
1581635841605522 131919735117504 subm_beg 1 0
1581635845042446 131919735117504 subm_end 1 0
1581635845043116 131919735117504 pump_beg 1 0
1581635855460546 131919735117504 pump_end 1 2
1581635858267483 131919735117504 coll_beg 0 0
1581635859811796 131919735117504 coll_end 0 0
1581635861790364 131919735117504 emit_beg 274 0
1581635865325565 131919735117504 emit_end 274 0
1581635881363169 131919735117504 drain_beg 0 0
1581635881363578 131919735117504 drain_end 1 0
1581635881363768 131919735117504 subm_beg 1 0
1581635883214011 131919735117504 subm_end 1 0
1581635883214271 131919735117504 pump_beg 1 0
1581635895607348 131919735117504 pump_end 1 2
1581635898881198 131919735117504 coll_beg 0 0
1581635901619018 131919735117504 coll_end 0 0
1581635903519429 131919735117504 emit_beg 275 0
1581635908902342 131919735117504 emit_end 275 0
1581635908904752 131919735117504 drain_beg 0 0
1581635908905282 131919735117504 drain_end 1 0
1581635908905672 131919735117504 subm_beg 1 0
1581635912279728 131919735117504 subm_end 1 0
1581635912281628 131919735117504 pump_beg 1 0
1581635920595184 131919735117504 pump_end 1 2
1581635923914933 131919735117504 coll_beg 0 0
1581635924073257 131919735117504 coll_end 0 0
1581635927386206 131919735117504 emit_beg 276 0
1581635934205537 131919735117504 emit_end 276 0
1581635947102755 131919735117504 drain_beg 0 0
1581635947106325 131919735117504 drain_end 1 0
1581635947107325 131919735117504 subm_beg 1 0
1581635950725553 131919735117504 subm_end 1 0
1581635950727183 131919735117504 pump_beg 1 0
1581635962211483 131919735117504 pump_end 1 2
1581635965767813 131919735117504 coll_beg 0 0
1581635968012821 131919735117504 coll_end 0 0
1581635969858453 131919735117504 emit_beg 277 0
1581635975402941 131919735117504 emit_end 277 0
1581635975405671 131919735117504 drain_beg 0 0
1581635975406111 131919735117504 drain_end 1 0
1581635975406601 131919735117504 subm_beg 1 0
1581635978996479 131919735117504 subm_end 1 0
1581635978997919 131919735117504 pump_beg 1 0
1581635992836503 131919735117504 pump_end 1 2
1581635995605032 131919735117504 coll_beg 0 0
1581635998975819 131919735117504 coll_end 0 0
1581636000838861 131919735117504 emit_beg 278 0
1581636006374289 131919735117504 emit_end 278 0
1581636006377618 131919735117504 drain_beg 0 0
1581636006378398 131919735117504 drain_end 1 0
1581636006378968 131919735117504 subm_beg 1 0
1581636009897220 131919735117504 subm_end 1 0
1581636009899630 131919735117504 pump_beg 1 0
1581636019827827 131919735117504 pump_end 1 2
1581636022704032 131919735117504 coll_beg 0 0
1581636024411709 131919735117504 coll_end 0 0
1581636026339159 131919735117504 emit_beg 279 0
1581636033988089 131919735117504 emit_end 279 0
1581636033995659 131919735117504 drain_beg 0 0
1581636033996719 131919735117504 drain_end 1 0
1581636033997849 131919735117504 subm_beg 1 0
1581636037526770 131919735117504 subm_end 1 0
1581636037527760 131919735117504 pump_beg 1 0
1581636050212386 131919735117504 pump_end 1 2
1581636053299823 131919735117504 coll_beg 0 0
1581636056600652 131919735117504 coll_end 0 0
1581636058436795 131919735117504 emit_beg 280 0
1581636063945204 131919735117504 emit_end 280 0
1581636063948234 131919735117504 drain_beg 0 0
1581636063948614 131919735117504 drain_end 1 0
1581636063948944 131919735117504 subm_beg 1 0
1581636067528413 131919735117504 subm_end 1 0
1581636067529523 131919735117504 pump_beg 1 0
1581636080052485 131919735117504 pump_end 1 2
1581636083476890 131919735117504 coll_beg 0 0
1581636086525818 131919735117504 coll_end 0 0
1581636088355492 131919735117504 emit_beg 281 0
1581636092026767 131919735117504 emit_end 281 0
1581636092029087 131919735117504 drain_beg 0 0
1581636092029457 131919735117504 drain_end 1 0
1581636092029727 131919735117504 subm_beg 1 0
1581636095602527 131919735117504 subm_end 1 0
1581636095602737 131919735117504 pump_beg 1 0
1581636103587485 131919735117504 pump_end 1 2
1581636106143801 131919735117504 coll_beg 0 0
1581636106901184 131919735117504 coll_end 0 0
1581636109770859 131919735117504 emit_beg 282 0
1581636116991935 131919735117504 emit_end 282 0
1581636130810860 131919735117504 drain_beg 0 0
1581636130812919 131919735117504 drain_end 1 0
1581636130813709 131919735117504 subm_beg 1 0
1581636136239501 131919735117504 subm_end 1 0
1581636136241201 131919735117504 pump_beg 1 0
1581636145667446 131919735117504 pump_end 1 2
1581636148004431 131919735117504 coll_beg 0 0
1581636149843104 131919735117504 coll_end 0 0
1581636151702096 131919735117504 emit_beg 283 0
1581636157216134 131919735117504 emit_end 283 0
1581636171673096 131919735117504 drain_beg 0 0
1581636171673596 131919735117504 drain_end 1 0
1581636171673826 131919735117504 subm_beg 1 0
1581636175285634 131919735117504 subm_end 1 0
1581636175285964 131919735117504 pump_beg 1 0
1581636188178222 131919735117504 pump_end 1 2
1581636190019645 131919735117504 coll_beg 0 0
1581636193492188 131919735117504 coll_end 0 0
1581636195346370 131919735117504 emit_beg 284 0
1581636200795021 131919735117504 emit_end 284 0
1581636200797711 131919735117504 drain_beg 0 0
1581636200798191 131919735117504 drain_end 1 0
1581636200798681 131919735117504 subm_beg 1 0
1581636204289823 131919735117504 subm_end 1 0
1581636204290233 131919735117504 pump_beg 1 0
1581636215202704 131919735117504 pump_end 1 2
1581636217018738 131919735117504 coll_beg 0 0
1581636219237777 131919735117504 coll_end 0 0
1581636221066290 131919735117504 emit_beg 285 0
1581636226647496 131919735117504 emit_end 285 0
1581636242040613 131919735117504 drain_beg 0 0
1581636242041313 131919735117504 drain_end 1 0
1581636242041793 131919735117504 subm_beg 1 0
1581636245659451 131919735117504 subm_end 1 0
1581636245659731 131919735117504 pump_beg 1 0
1581636254036065 131919735117504 pump_end 1 2
1581636256235484 131919735117504 coll_beg 0 0
1581636257118212 131919735117504 coll_end 0 0
1581636259030332 131919735117504 emit_beg 286 0
1581636264485363 131919735117504 emit_end 286 0
1581636278980613 131919735117504 drain_beg 0 0
1581636278984863 131919735117504 drain_end 1 0
1581636278986163 131919735117504 subm_beg 1 0
1581636283076573 131919735117504 subm_end 1 0
1581636283078383 131919735117504 pump_beg 1 0
1581636294804714 131919735117504 pump_end 1 2
1581636296756893 131919735117504 coll_beg 0 0
1581636299453235 131919735117504 coll_end 0 0
1581636301348385 131919735117504 emit_beg 287 0
1581636306789446 131919735117504 emit_end 287 0
1581636306792966 131919735117504 drain_beg 0 0
1581636306793536 131919735117504 drain_end 1 0
1581636306793866 131919735117504 subm_beg 1 0
1581636310323817 131919735117504 subm_end 1 0
1581636310324237 131919735117504 pump_beg 1 0
1581636321623864 131919735117504 pump_end 1 2
1581636325059278 131919735117504 coll_beg 0 0
1581636329796725 131919735117504 coll_end 0 0
1581636331712215 131919735117504 emit_beg 288 0
1581636339093645 131919735117504 emit_end 288 0
1581636339096645 131919735117504 drain_beg 0 0
1581636339097105 131919735117504 drain_end 1 0
1581636339097525 131919735117504 subm_beg 1 0
1581636340913299 131919735117504 subm_end 1 0
1581636340913699 131919735117504 pump_beg 1 0
1581636351929866 131919735117504 pump_end 1 2
1581636353880265 131919735117504 coll_beg 0 0
1581636356894385 131919735117504 coll_end 0 0
1581636359312786 131919735117504 emit_beg 289 0
1581636364613312 131919735117504 emit_end 289 0
1581636364616082 131919735117504 drain_beg 0 0
1581636364616542 131919735117504 drain_end 1 0
1581636364616902 131919735117504 subm_beg 1 0
1581636368020818 131919735117504 subm_end 1 0
1581636368021208 131919735117504 pump_beg 1 0
1581636378760075 131919735117504 pump_end 1 2
1581636381894181 131919735117504 coll_beg 0 0
1581636384291383 131919735117504 coll_end 0 0
1581636386707405 131919735117504 emit_beg 290 0
1581636391962663 131919735117504 emit_end 290 0
1581636391964333 131919735117504 drain_beg 0 0
1581636391964713 131919735117504 drain_end 1 0
1581636391964883 131919735117504 subm_beg 1 0
1581636395425056 131919735117504 subm_end 1 0
1581636395425406 131919735117504 pump_beg 1 0
1581636406981724 131919735117504 pump_end 1 2
1581636408739549 131919735117504 coll_beg 0 0
1581636411175190 131919735117504 coll_end 0 0
1581636414021506 131919735117504 emit_beg 291 0
1581636419220006 131919735117504 emit_end 291 0
1581636419222986 131919735117504 drain_beg 0 0
1581636419223576 131919735117504 drain_end 1 0
1581636419224026 131919735117504 subm_beg 1 0
1581636422544765 131919735117504 subm_end 1 0
1581636422545195 131919735117504 pump_beg 1 0
1581636434499458 131919735117504 pump_end 1 2
1581636436318591 131919735117504 coll_beg 0 0
1581636440086513 131919735117504 coll_end 0 0
1581636441941606 131919735117504 emit_beg 292 0
1581636449047396 131919735117504 emit_end 292 0
1581636449050616 131919735117504 drain_beg 0 0
1581636449060145 131919735117504 drain_end 1 0
1581636449060645 131919735117504 subm_beg 1 0
1581636450770493 131919735117504 subm_end 1 0
1581636450770803 131919735117504 pump_beg 1 0
1581636462939418 131919735117504 pump_end 1 2
1581636464708133 131919735117504 coll_beg 0 0
1581636467932155 131919735117504 coll_end 0 0
1581636469697301 131919735117504 emit_beg 293 0
1581636475091514 131919735117504 emit_end 293 0
1581636475093564 131919735117504 drain_beg 0 0
1581636475094074 131919735117504 drain_end 1 0
1581636475094264 131919735117504 subm_beg 1 0
1581636478419232 131919735117504 subm_end 1 0
1581636478419672 131919735117504 pump_beg 1 0
1581636490050007 131919735117504 pump_end 1 2
1581636492556255 131919735117504 coll_beg 0 0
1581636495507087 131919735117504 coll_end 0 0
1581636497284382 131919735117504 emit_beg 294 0
1581636502625297 131919735117504 emit_end 294 0
1581636502627137 131919735117504 drain_beg 0 0
1581636502627507 131919735117504 drain_end 1 0
1581636502627717 131919735117504 subm_beg 1 0
1581636506047352 131919735117504 subm_end 1 0
1581636506047722 131919735117504 pump_beg 1 0
1581636516373245 131919735117504 pump_end 1 2
1581636518160259 131919735117504 coll_beg 0 0
1581636521553745 131919735117504 coll_end 0 0
1581636523375709 131919735117504 emit_beg 295 0
1581636528590648 131919735117504 emit_end 295 0
1581636528592898 131919735117504 drain_beg 0 0
1581636528593218 131919735117504 drain_end 1 0
1581636528593408 131919735117504 subm_beg 1 0
1581636531972784 131919735117504 subm_end 1 0
1581636531973134 131919735117504 pump_beg 1 0
1581636542717112 131919735117504 pump_end 1 2
1581636545769990 131919735117504 coll_beg 0 0
1581636549253633 131919735117504 coll_end 0 0
1581636550946461 131919735117504 emit_beg 296 0
1581636556302865 131919735117504 emit_end 296 0
1581636556304525 131919735117504 drain_beg 0 0
1581636556304935 131919735117504 drain_end 1 0
1581636556305195 131919735117504 subm_beg 1 0
1581636559740579 131919735117504 subm_end 1 0
1581636559741109 131919735117504 pump_beg 1 0
1581636569054029 131919735117504 pump_end 1 2
1581636571378224 131919735117504 coll_beg 0 0
1581636572971676 131919735117504 coll_end 0 0
1581636574834817 131919735117504 emit_beg 297 0
1581636580059427 131919735117504 emit_end 297 0
1581636593940019 131919735117504 drain_beg 0 0
1581636593940659 131919735117504 drain_end 1 0
1581636593940859 131919735117504 subm_beg 1 0
1581636597418622 131919735117504 subm_end 1 0
1581636597419072 131919735117504 pump_beg 1 0
1581636610381578 131919735117504 pump_end 1 2
1581636612542959 131919735117504 coll_beg 0 0
1581636616450726 131919735117504 coll_end 0 0
1581636618402545 131919735117504 emit_beg 298 0
1581636624204983 131919735117504 emit_end 298 0
1581636624214882 131919735117504 drain_beg 0 0
1581636624216022 131919735117504 drain_end 1 0
1581636624217132 131919735117504 subm_beg 1 0
1581636627481193 131919735117504 subm_end 1 0
1581636627482183 131919735117504 pump_beg 1 0
1581636639216174 131919735117504 pump_end 1 2
1581636642520793 131919735117504 coll_beg 0 0
1581636645862741 131919735117504 coll_end 0 0
1581636647627526 131919735117504 emit_beg 299 0
1581636653001590 131919735117504 emit_end 299 0
1581636653004610 131919735117504 drain_beg 0 0
1581636653005070 131919735117504 drain_end 1 0
1581636653005490 131919735117504 subm_beg 1 0
1581636656424415 131919735117504 subm_end 1 0
1581636656424925 131919735117504 pump_beg 1 0
1581636668183625 131919735117504 pump_end 1 2
1581636670259739 131919735117504 coll_beg 0 0
1581636673752381 131919735117504 coll_end 0 0
1581636675565445 131919735117504 emit_beg 300 0
1581636682696514 131919735117504 emit_end 300 0
1581636682698734 131919735117504 drain_beg 0 0
1581636682699104 131919735117504 drain_end 1 0
1581636682699704 131919735117504 subm_beg 1 0
1581636686145188 131919735117504 subm_end 1 0
1581636686145618 131919735117504 pump_beg 1 0
1581636695410550 131919735117504 pump_end 1 2
1581636697915698 131919735117504 coll_beg 0 0
1581636699395574 131919735117504 coll_end 0 0
1581636701425420 131919735117504 emit_beg 301 0
1581636706902249 131919735117504 emit_end 301 0
1581636721509526 131919735117504 drain_beg 0 0
1581636721511066 131919735117504 drain_end 1 0
1581636721511965 131919735117504 subm_beg 1 0
1581636725207980 131919735117504 subm_end 1 0
1581636725209820 131919735117504 pump_beg 1 0
1581636735139927 131919735117504 pump_end 1 2
1581636738105239 131919735117504 coll_beg 0 0
1581636740041828 131919735117504 coll_end 0 0
1581636742004446 131919735117504 emit_beg 302 0
1581636747474476 131919735117504 emit_end 302 0
1581636747476626 131919735117504 drain_beg 0 0
1581636747477086 131919735117504 drain_end 1 0
1581636747477476 131919735117504 subm_beg 1 0
1581636751039806 131919735117504 subm_end 1 0
1581636751040256 131919735117504 pump_beg 1 0
1581636762584164 131919735117504 pump_end 1 2
1581636765051954 131919735117504 coll_beg 0 0
1581636767866321 131919735117504 coll_end 0 0
1581636769669665 131919735117504 emit_beg 303 0
1581636776957998 131919735117504 emit_end 303 0
1581636776961078 131919735117504 drain_beg 0 0
1581636776961628 131919735117504 drain_end 1 0
1581636776962138 131919735117504 subm_beg 1 0
1581636780487389 131919735117504 subm_end 1 0
1581636780487739 131919735117504 pump_beg 1 0
1581636791200028 131919735117504 pump_end 1 2
1581636793163356 131919735117504 coll_beg 0 0
1581636795434273 131919735117504 coll_end 0 0
1581636797310234 131919735117504 emit_beg 304 0
1581636802846022 131919735117504 emit_end 304 0
1581636818088985 131919735117504 drain_beg 0 0
1581636818090555 131919735117504 drain_end 1 0
1581636818090905 131919735117504 subm_beg 1 0
1581636821757831 131919735117504 subm_end 1 0
1581636821758251 131919735117504 pump_beg 1 0
1581636832324695 131919735117504 pump_end 1 2
1581636834198566 131919735117504 coll_beg 0 0
1581636836247521 131919735117504 coll_end 0 0
1581636838114613 131919735117504 emit_beg 305 0
1581636843646461 131919735117504 emit_end 305 0
1581636843650281 131919735117504 drain_beg 0 0
1581636843651090 131919735117504 drain_end 1 0
1581636843651510 131919735117504 subm_beg 1 0
1581636847193381 131919735117504 subm_end 1 0
1581636847193861 131919735117504 pump_beg 1 0
1581636858158520 131919735117504 pump_end 1 2
1581636861441760 131919735117504 coll_beg 0 0
1581636865117236 131919735117504 coll_end 0 0
1581636866982717 131919735117504 emit_beg 306 0
1581636872755666 131919735117504 emit_end 306 0
1581636890303055 131919735117504 drain_beg 0 0
1581636890308405 131919735117504 drain_end 1 0
1581636890309465 131919735117504 subm_beg 1 0
1581636893958661 131919735117504 subm_end 1 0
1581636893961371 131919735117504 pump_beg 1 0
1581636905362195 131919735117504 pump_end 1 2
1581636907369411 131919735117504 coll_beg 0 0
1581636912888279 131919735117504 coll_end 0 0
1581636914781900 131919735117504 emit_beg 307 0
1581636920376546 131919735117504 emit_end 307 0
1581636920380045 131919735117504 drain_beg 0 0
1581636920380735 131919735117504 drain_end 1 0
1581636920381365 131919735117504 subm_beg 1 0
1581636923922486 131919735117504 subm_end 1 0
1581636923923806 131919735117504 pump_beg 1 0
1581636933411829 131919735117504 pump_end 1 2
1581636936457748 131919735117504 coll_beg 0 0
1581636937872476 131919735117504 coll_end 0 0
1581636940117924 131919735117504 emit_beg 308 0
1581636947406528 131919735117504 emit_end 308 0
1581636947409747 131919735117504 drain_beg 0 0
1581636947410227 131919735117504 drain_end 1 0
1581636947410507 131919735117504 subm_beg 1 0
1581636951084913 131919735117504 subm_end 1 0
1581636951085203 131919735117504 pump_beg 1 0
1581636962924750 131919735117504 pump_end 1 2
1581636965023584 131919735117504 coll_beg 0 0
1581636967831471 131919735117504 coll_end 0 0
1581636969732961 131919735117504 emit_beg 309 0
1581636975453802 131919735117504 emit_end 309 0
1581636975458842 131919735117504 drain_beg 0 0
1581636975459562 131919735117504 drain_end 1 0
1581636975460002 131919735117504 subm_beg 1 0
1581636978960414 131919735117504 subm_end 1 0
1581636978962084 131919735117504 pump_beg 1 0
1581636990658326 131919735117504 pump_end 1 2
1581636993345378 131919735117504 coll_beg 0 0
1581636997207187 131919735117504 coll_end 0 0
1581636999135226 131919735117504 emit_beg 310 0
1581637004900046 131919735117504 emit_end 310 0
1581637021990191 131919735117504 drain_beg 0 0
1581637021991711 131919735117504 drain_end 1 0
1581637021992291 131919735117504 subm_beg 1 0
1581637025673456 131919735117504 subm_end 1 0
1581637025674186 131919735117504 pump_beg 1 0
1581637034539802 131919735117504 pump_end 1 2
1581637036375525 131919735117504 coll_beg 0 0
1581637038679971 131919735117504 coll_end 0 0
1581637040600321 131919735117504 emit_beg 311 0
1581637047934043 131919735117504 emit_end 311 0
1581637047936973 131919735117504 drain_beg 0 0
1581637047937322 131919735117504 drain_end 1 0
1581637047937572 131919735117504 subm_beg 1 0
1581637049705868 131919735117504 subm_end 1 0
1581637049706198 131919735117504 pump_beg 1 0
1581637061703299 131919735117504 pump_end 1 2
1581637063847101 131919735117504 coll_beg 0 0
1581637066848311 131919735117504 coll_end 0 0
1581637068736702 131919735117504 emit_beg 312 0
1581637074299229 131919735117504 emit_end 312 0
1581637074301239 131919735117504 drain_beg 0 0
1581637074301589 131919735117504 drain_end 1 0
1581637074301989 131919735117504 subm_beg 1 0
1581637077852769 131919735117504 subm_end 1 0
1581637077853169 131919735117504 pump_beg 1 0
1581637086981665 131919735117504 pump_end 1 2
1581637090331853 131919735117504 coll_beg 0 0
1581637091571347 131919735117504 coll_end 0 0
1581637093960170 131919735117504 emit_beg 313 0
1581637100936935 131919735117504 emit_end 313 0
1581637100939675 131919735117504 drain_beg 0 0
1581637100940185 131919735117504 drain_end 1 0
1581637100941015 131919735117504 subm_beg 1 0
1581637104436427 131919735117504 subm_end 1 0
1581637104436817 131919735117504 pump_beg 1 0
1581637116509006 131919735117504 pump_end 1 2
1581637118311930 131919735117504 coll_beg 0 0
1581637121070139 131919735117504 coll_end 0 0
1581637122836694 131919735117504 emit_beg 314 0
1581637128246067 131919735117504 emit_end 314 0
1581637145392660 131919735117504 drain_beg 0 0
1581637145398560 131919735117504 drain_end 1 0
1581637145399810 131919735117504 subm_beg 1 0
1581637148929771 131919735117504 subm_end 1 0
1581637148930421 131919735117504 pump_beg 1 0
1581637157528156 131919735117504 pump_end 1 2
1581637159393898 131919735117504 coll_beg 0 0
1581637161393875 131919735117504 coll_end 0 0
1581637163220698 131919735117504 emit_beg 315 0
1581637168442117 131919735117504 emit_end 315 0
1581637168444887 131919735117504 drain_beg 0 0
1581637168445387 131919735117504 drain_end 1 0
1581637168445637 131919735117504 subm_beg 1 0
1581637171969968 131919735117504 subm_end 1 0
1581637171970268 131919735117504 pump_beg 1 0
1581637181513299 131919735117504 pump_end 1 2
1581637183310584 131919735117504 coll_beg 0 0
1581637185031201 131919735117504 coll_end 0 0
1581637186803966 131919735117504 emit_beg 316 0
1581637193818159 131919735117504 emit_end 316 0
1581637193820219 131919735117504 drain_beg 0 0
1581637193820629 131919735117504 drain_end 1 0
1581637193820989 131919735117504 subm_beg 1 0
1581637197278613 131919735117504 subm_end 1 0
1581637197278903 131919735117504 pump_beg 1 0
1581637209535235 131919735117504 pump_end 1 2
1581637211433765 131919735117504 coll_beg 0 0
1581637217828462 131919735117504 coll_end 0 0
1581637220139537 131919735117504 emit_beg 317 0
1581637225400905 131919735117504 emit_end 317 0
1581637242535449 131919735117504 drain_beg 0 0
1581637242539778 131919735117504 drain_end 1 0
1581637242541088 131919735117504 subm_beg 1 0
1581637246013011 131919735117504 subm_end 1 0
1581637246013841 131919735117504 pump_beg 1 0
1581637254928016 131919735117504 pump_end 1 2
1581637256788788 131919735117504 coll_beg 0 0
1581637258259094 131919735117504 coll_end 0 0
1581637260070188 131919735117504 emit_beg 318 0
1581637265368064 131919735117504 emit_end 318 0
1581637265370634 131919735117504 drain_beg 0 0
1581637265371094 131919735117504 drain_end 1 0
1581637265371304 131919735117504 subm_beg 1 0
1581637268817438 131919735117504 subm_end 1 0
1581637268822878 131919735117504 pump_beg 1 0
1581637281196395 131919735117504 pump_end 1 2
1581637283504671 131919735117504 coll_beg 0 0
1581637286570079 131919735117504 coll_end 0 0
1581637288288796 131919735117504 emit_beg 319 0
1581637293596012 131919735117504 emit_end 319 0
1581637293598482 131919735117504 drain_beg 0 0
1581637293598972 131919735117504 drain_end 1 0
1581637293599192 131919735117504 subm_beg 1 0
1581637296985068 131919735117504 subm_end 1 0
1581637296985548 131919735117504 pump_beg 1 0
1581637305701839 131919735117504 pump_end 1 2
1581637307461955 131919735117504 coll_beg 0 0
1581637309328017 131919735117504 coll_end 0 0
1581637311101502 131919735117504 emit_beg 320 0
1581637318095026 131919735117504 emit_end 320 0
1581637331832064 131919735117504 drain_beg 0 0
1581637331833084 131919735117504 drain_end 1 0
1581637331833444 131919735117504 subm_beg 1 0
1581637335348336 131919735117504 subm_end 1 0
1581637335348796 131919735117504 pump_beg 1 0
1581637345183076 131919735117504 pump_end 1 2
1581637347963134 131919735117504 coll_beg 0 0
1581637349613234 131919735117504 coll_end 0 0
1581637351391279 131919735117504 emit_beg 321 0
1581637356734404 131919735117504 emit_end 321 0
1581637356736664 131919735117504 drain_beg 0 0
1581637356737004 131919735117504 drain_end 1 0
1581637356737304 131919735117504 subm_beg 1 0
1581637360191857 131919735117504 subm_end 1 0
1581637360192307 131919735117504 pump_beg 1 0
1581637371131387 131919735117504 pump_end 1 2
1581637373165993 131919735117504 coll_beg 0 0
1581637375670722 131919735117504 coll_end 0 0
1581637378608424 131919735117504 emit_beg 322 0
1581637383881551 131919735117504 emit_end 322 0
1581637383883951 131919735117504 drain_beg 0 0
1581637383884411 131919735117504 drain_end 1 0
1581637383884611 131919735117504 subm_beg 1 0
1581637387244788 131919735117504 subm_end 1 0
1581637387245328 131919735117504 pump_beg 1 0
1581637398152370 131919735117504 pump_end 1 2
1581637400963877 131919735117504 coll_beg 0 0
1581637403527973 131919735117504 coll_end 0 0
1581637405262220 131919735117504 emit_beg 323 0
1581637412234775 131919735117504 emit_end 323 0
1581637412237175 131919735117504 drain_beg 0 0
1581637412237665 131919735117504 drain_end 1 0
1581637412237845 131919735117504 subm_beg 1 0
1581637415656420 131919735117504 subm_end 1 0
1581637415656900 131919735117504 pump_beg 1 0
1581637424540595 131919735117504 pump_end 1 2
1581637426386538 131919735117504 coll_beg 0 0
1581637428897126 131919735117504 coll_end 0 0
1581637432089469 131919735117504 emit_beg 324 0
1581637439224068 131919735117504 emit_end 324 0
1581637439228028 131919735117504 drain_beg 0 0
1581637439228548 131919735117504 drain_end 1 0
1581637439229208 131919735117504 subm_beg 1 0
1581637442691061 131919735117504 subm_end 1 0
1581637442691561 131919735117504 pump_beg 1 0
1581637456358872 131919735117504 pump_end 1 2
1581637459571074 131919735117504 coll_beg 0 0
1581637465013845 131919735117504 coll_end 0 0
1581637466893637 131919735117504 emit_beg 325 0
1581637472514771 131919735117504 emit_end 325 0
1581637472518201 131919735117504 drain_beg 0 0
1581637472518731 131919735117504 drain_end 1 0
1581637472519251 131919735117504 subm_beg 1 0
1581637476031813 131919735117504 subm_end 1 0
1581637476032363 131919735117504 pump_beg 1 0
1581637485639871 131919735117504 pump_end 1 2
1581637488341733 131919735117504 coll_beg 0 0
1581637490794013 131919735117504 coll_end 0 0
1581637493771234 131919735117504 emit_beg 326 0
1581637501064838 131919735117504 emit_end 326 0
1581637517019594 131919735117504 drain_beg 0 0
1581637517022034 131919735117504 drain_end 1 0
1581637517022584 131919735117504 subm_beg 1 0
1581637520659101 131919735117504 subm_end 1 0
1581637520659881 131919735117504 pump_beg 1 0
1581637529651863 131919735117504 pump_end 1 2
1581637532282316 131919735117504 coll_beg 0 0
1581637534141358 131919735117504 coll_end 0 0
1581637535996211 131919735117504 emit_beg 327 0
1581637541474300 131919735117504 emit_end 327 0
1581637541477190 131919735117504 drain_beg 0 0
1581637541477630 131919735117504 drain_end 1 0
1581637541483360 131919735117504 subm_beg 1 0
1581637544997311 131919735117504 subm_end 1 0
1581637544997781 131919735117504 pump_beg 1 0
1581637556721373 131919735117504 pump_end 1 2
1581637559824070 131919735117504 coll_beg 0 0
1581637563807444 131919735117504 coll_end 0 0
1581637565745683 131919735117504 emit_beg 328 0
1581637573120043 131919735117504 emit_end 328 0
1581637573123183 131919735117504 drain_beg 0 0
1581637573123713 131919735117504 drain_end 1 0
1581637573124333 131919735117504 subm_beg 1 0
1581637576691393 131919735117504 subm_end 1 0
1581637576692003 131919735117504 pump_beg 1 0
1581637585758261 131919735117504 pump_end 1 2
1581637588086186 131919735117504 coll_beg 0 0
1581637590099783 131919735117504 coll_end 0 0
1581637591942085 131919735117504 emit_beg 329 0
1581637599283297 131919735117504 emit_end 329 0
1581637614161523 131919735117504 drain_beg 0 0
1581637614163783 131919735117504 drain_end 1 0
1581637614164473 131919735117504 subm_beg 1 0
1581637617752382 131919735117504 subm_end 1 0
1581637617752902 131919735117504 pump_beg 1 0
1581637626243861 131919735117504 pump_end 1 2
1581637628184210 131919735117504 coll_beg 0 0
1581637629593649 131919735117504 coll_end 0 0
1581637631493610 131919735117504 emit_beg 330 0
1581637635175595 131919735117504 emit_end 330 0
1581637635180575 131919735117504 drain_beg 0 0
1581637635181565 131919735117504 drain_end 1 0
1581637635182285 131919735117504 subm_beg 1 0
1581637638801312 131919735117504 subm_end 1 0
1581637638801862 131919735117504 pump_beg 1 0
1581637645903373 131919735117504 pump_end 1 2
1581637647901320 131919735117504 coll_beg 0 0
1581637648262816 131919735117504 coll_end 0 0
1581637651580095 131919735117504 emit_beg 331 0
1581637658723824 131919735117504 emit_end 331 0
1581637672045437 131919735117504 drain_beg 0 0
1581637672046297 131919735117504 drain_end 1 0
1581637672046807 131919735117504 subm_beg 1 0
1581637675766961 131919735117504 subm_end 1 0
1581637675767401 131919735117504 pump_beg 1 0
1581637687510412 131919735117504 pump_end 1 2
1581637689604905 131919735117504 coll_beg 0 0
1581637695012567 131919735117504 coll_end 0 0
1581637696911068 131919735117504 emit_beg 332 0
1581637702482004 131919735117504 emit_end 332 0
1581637702485754 131919735117504 drain_beg 0 0
1581637702486344 131919735117504 drain_end 1 0
1581637702486874 131919735117504 subm_beg 1 0
1581637706043684 131919735117504 subm_end 1 0
1581637706044234 131919735117504 pump_beg 1 0
1581637713080697 131919735117504 pump_end 1 2
1581637716228322 131919735117504 coll_beg 0 0
1581637716524381 131919735117504 coll_end 0 0
1581637719857419 131919735117504 emit_beg 333 0
1581637727102634 131919735117504 emit_end 333 0
1581637738908433 131919735117504 drain_beg 0 0
1581637738908953 131919735117504 drain_end 1 0
1581637738909243 131919735117504 subm_beg 1 0
1581637742509841 131919735117504 subm_end 1 0
1581637742510291 131919735117504 pump_beg 1 0
1581637754905168 131919735117504 pump_end 1 2
1581637756741211 131919735117504 coll_beg 0 0
1581637760365168 131919735117504 coll_end 0 0
1581637762233290 131919735117504 emit_beg 334 0
1581637765898716 131919735117504 emit_end 334 0
1581637765901446 131919735117504 drain_beg 0 0
1581637765901956 131919735117504 drain_end 1 0
1581637765902496 131919735117504 subm_beg 1 0
1581637769547903 131919735117504 subm_end 1 0
1581637769548263 131919735117504 pump_beg 1 0
1581637778076951 131919735117504 pump_end 1 2
1581637780082008 131919735117504 coll_beg 0 0
1581637781849193 131919735117504 coll_end 0 0
1581637783690466 131919735117504 emit_beg 335 0
1581637789135467 131919735117504 emit_end 335 0
1581637807658699 131919735117504 drain_beg 0 0
1581637807659719 131919735117504 drain_end 1 0
1581637807660259 131919735117504 subm_beg 1 0
1581637811327375 131919735117504 subm_end 1 0
1581637811327775 131919735117504 pump_beg 1 0
1581637820150683 131919735117504 pump_end 1 2
1581637821991746 131919735117504 coll_beg 0 0
1581637822865084 131919735117504 coll_end 0 0
1581637825718759 131919735117504 emit_beg 336 0
1581637829424304 131919735117504 emit_end 336 0
1581637829430834 131919735117504 drain_beg 0 0
1581637829431094 131919735117504 drain_end 1 0
1581637829431444 131919735117504 subm_beg 1 0
1581637833041622 131919735117504 subm_end 1 0
1581637833041992 131919735117504 pump_beg 1 0
1581637841889748 131919735117504 pump_end 1 2
1581637844915747 131919735117504 coll_beg 0 0
1581637846142353 131919735117504 coll_end 0 0
1581637848508046 131919735117504 emit_beg 337 0
1581637855558008 131919735117504 emit_end 337 0
1581637869103883 131919735117504 drain_beg 0 0
1581637869109373 131919735117504 drain_end 1 0
1581637869110653 131919735117504 subm_beg 1 0
1581637872695662 131919735117504 subm_end 1 0
1581637872698362 131919735117504 pump_beg 1 0
1581637883278015 131919735117504 pump_end 1 2
1581637885098509 131919735117504 coll_beg 0 0
1581637889169550 131919735117504 coll_end 0 0
1581637890988593 131919735117504 emit_beg 338 0
1581637896350417 131919735117504 emit_end 338 0
1581637896353827 131919735117504 drain_beg 0 0
1581637896354377 131919735117504 drain_end 1 0
1581637896354897 131919735117504 subm_beg 1 0
1581637899798441 131919735117504 subm_end 1 0
1581637899798921 131919735117504 pump_beg 1 0
1581637909149509 131919735117504 pump_end 1 2
1581637911782633 131919735117504 coll_beg 0 0
1581637914125557 131919735117504 coll_end 0 0
1581637916953374 131919735117504 emit_beg 339 0
1581637922051198 131919735117504 emit_end 339 0
1581637922053228 131919735117504 drain_beg 0 0
1581637922053468 131919735117504 drain_end 1 0
1581637922053748 131919735117504 subm_beg 1 0
1581637925526001 131919735117504 subm_end 1 0
1581637925526371 131919735117504 pump_beg 1 0
1581637937151896 131919735117504 pump_end 1 2
1581637938895922 131919735117504 coll_beg 0 0
1581637942784570 131919735117504 coll_end 0 0
1581637944582554 131919735117504 emit_beg 340 0
1581637948099265 131919735117504 emit_end 340 0
1581637948101745 131919735117504 drain_beg 0 0
1581637948102225 131919735117504 drain_end 1 0
1581637948102785 131919735117504 subm_beg 1 0
1581637951514871 131919735117504 subm_end 1 0
1581637951515291 131919735117504 pump_beg 1 0
1581637963485163 131919735117504 pump_end 1 2
1581637966063049 131919735117504 coll_beg 0 0
1581637971192901 131919735117504 coll_end 0 0
1581637973567334 131919735117504 emit_beg 341 0
1581637979078583 131919735117504 emit_end 341 0
1581637979082703 131919735117504 drain_beg 0 0
1581637979083353 131919735117504 drain_end 1 0
1581637979083863 131919735117504 subm_beg 1 0
1581637982577805 131919735117504 subm_end 1 0
1581637982578425 131919735117504 pump_beg 1 0
1581637995204484 131919735117504 pump_end 1 2
1581637997059656 131919735117504 coll_beg 0 0
1581638001376688 131919735117504 coll_end 0 0
1581638003179982 131919735117504 emit_beg 342 0
1581638008481888 131919735117504 emit_end 342 0
1581638008485448 131919735117504 drain_beg 0 0
1581638008486018 131919735117504 drain_end 1 0
1581638008486668 131919735117504 subm_beg 1 0
1581638011816596 131919735117504 subm_end 1 0
1581638011817116 131919735117504 pump_beg 1 0
1581638022670069 131919735117504 pump_end 1 2
1581638024939596 131919735117504 coll_beg 0 0
1581638028261535 131919735117504 coll_end 0 0
1581638030507983 131919735117504 emit_beg 343 0
1581638037478938 131919735117504 emit_end 343 0
1581638037481308 131919735117504 drain_beg 0 0
1581638037481668 131919735117504 drain_end 1 0
1581638037481978 131919735117504 subm_beg 1 0
1581638040884394 131919735117504 subm_end 1 0
1581638040884863 131919735117504 pump_beg 1 0
1581638051052582 131919735117504 pump_end 1 2
1581638053143835 131919735117504 coll_beg 0 0
1581638056827191 131919735117504 coll_end 0 0
1581638058544868 131919735117504 emit_beg 344 0
1581638063936351 131919735117504 emit_end 344 0
1581638063939581 131919735117504 drain_beg 0 0
1581638063940051 131919735117504 drain_end 1 0
1581638063940411 131919735117504 subm_beg 1 0
1581638067392124 131919735117504 subm_end 1 0
1581638067392664 131919735117504 pump_beg 1 0
1581638078380073 131919735117504 pump_end 1 2
1581638081349184 131919735117504 coll_beg 0 0
1581638084918034 131919735117504 coll_end 0 0
1581638086745157 131919735117504 emit_beg 345 0
1581638092075882 131919735117504 emit_end 345 0
1581638092085492 131919735117504 drain_beg 0 0
1581638092086672 131919735117504 drain_end 1 0
1581638092087552 131919735117504 subm_beg 1 0
1581638095528176 131919735117504 subm_end 1 0
1581638095529966 131919735117504 pump_beg 1 0
1581638106191196 131919735117504 pump_end 1 2
1581638108162184 131919735117504 coll_beg 0 0
1581638111707734 131919735117504 coll_end 0 0
1581638113610805 131919735117504 emit_beg 346 0
1581638120717855 131919735117504 emit_end 346 0
1581638120721625 131919735117504 drain_beg 0 0
1581638120722065 131919735117504 drain_end 1 0
1581638120722525 131919735117504 subm_beg 1 0
1581638124105641 131919735117504 subm_end 1 0
1581638124106071 131919735117504 pump_beg 1 0
1581638134132245 131919735117504 pump_end 1 2
1581638136569496 131919735117504 coll_beg 0 0
1581638139441421 131919735117504 coll_end 0 0
1581638141872802 131919735117504 emit_beg 347 0
1581638147189417 131919735117504 emit_end 347 0
1581638147191787 131919735117504 drain_beg 0 0
1581638147192147 131919735117504 drain_end 1 0
1581638147192437 131919735117504 subm_beg 1 0
1581638150668300 131919735117504 subm_end 1 0
1581638150668700 131919735117504 pump_beg 1 0
1581638161013362 131919735117504 pump_end 1 2
1581638162741179 131919735117504 coll_beg 0 0
1581638165813547 131919735117504 coll_end 0 0
1581638167657359 131919735117504 emit_beg 348 0
1581638172993554 131919735117504 emit_end 348 0
1581638188087912 131919735117504 drain_beg 0 0
1581638188089012 131919735117504 drain_end 1 0
1581638188089462 131919735117504 subm_beg 1 0
1581638191568875 131919735117504 subm_end 1 0
1581638191569255 131919735117504 pump_beg 1 0
1581638199986807 131919735117504 pump_end 1 2
1581638203142082 131919735117504 coll_beg 0 0
1581638205240485 131919735117504 coll_end 0 0
1581638207156465 131919735117504 emit_beg 349 0
1581638210842720 131919735117504 emit_end 349 0
1581638210846540 131919735117504 drain_beg 0 0
1581638210847230 131919735117504 drain_end 1 0
1581638210847820 131919735117504 subm_beg 1 0
1581638214561134 131919735117504 subm_end 1 0
1581638214561544 131919735117504 pump_beg 1 0
1581638224599268 131919735117504 pump_end 1 2
1581638227249681 131919735117504 coll_beg 0 0
1581638230494112 131919735117504 coll_end 0 0
1581638233175194 131919735117504 emit_beg 350 0
1581638240736638 131919735117504 emit_end 350 0
1581638240739867 131919735117504 drain_beg 0 0
1581638240740397 131919735117504 drain_end 1 0
1581638240740897 131919735117504 subm_beg 1 0
1581638244390234 131919735117504 subm_end 1 0
1581638244390744 131919735117504 pump_beg 1 0
1581638253947765 131919735117504 pump_end 1 2
1581638257401858 131919735117504 coll_beg 0 0
1581638259529830 131919735117504 coll_end 0 0
1581638261399122 131919735117504 emit_beg 351 0
1581638268953586 131919735117504 emit_end 351 0
1581638268956956 131919735117504 drain_beg 0 0
1581638268957656 131919735117504 drain_end 1 0
1581638268958166 131919735117504 subm_beg 1 0
1581638272663330 131919735117504 subm_end 1 0
1581638272663840 131919735117504 pump_beg 1 0
1581638283421067 131919735117504 pump_end 1 2
1581638286910330 131919735117504 coll_beg 0 0
1581638290131972 131919735117504 coll_end 0 0
1581638292031792 131919735117504 emit_beg 352 0
1581638299620435 131919735117504 emit_end 352 0
1581638299623415 131919735117504 drain_beg 0 0
1581638299624095 131919735117504 drain_end 1 0
1581638299624645 131919735117504 subm_beg 1 0
1581638303354778 131919735117504 subm_end 1 0
1581638303355258 131919735117504 pump_beg 1 0
1581638314328267 131919735117504 pump_end 1 2
1581638317961335 131919735117504 coll_beg 0 0
1581638322973381 131919735117504 coll_end 0 0
1581638324979528 131919735117504 emit_beg 353 0
1581638328791079 131919735117504 emit_end 353 0
1581638347918829 131919735117504 drain_beg 0 0
1581638347920649 131919735117504 drain_end 1 0
1581638347921399 131919735117504 subm_beg 1 0
1581638351678902 131919735117504 subm_end 1 0
1581638351680432 131919735117504 pump_beg 1 0
1581638360427962 131919735117504 pump_end 1 2
1581638363358945 131919735117504 coll_beg 0 0
1581638364954307 131919735117504 coll_end 0 0
1581638366801999 131919735117504 emit_beg 354 0
1581638372465492 131919735117504 emit_end 354 0
1581638372468872 131919735117504 drain_beg 0 0
1581638372469342 131919735117504 drain_end 1 0
1581638372469702 131919735117504 subm_beg 1 0
1581638376189006 131919735117504 subm_end 1 0
1581638376189426 131919735117504 pump_beg 1 0
1581638387160255 131919735117504 pump_end 1 2
1581638390680916 131919735117504 coll_beg 0 0
1581638395341346 131919735117504 coll_end 0 0
1581638398299058 131919735117504 emit_beg 355 0
1581638404198412 131919735117504 emit_end 355 0
1581638404208072 131919735117504 drain_beg 0 0
1581638404209462 131919735117504 drain_end 1 0
1581638404210362 131919735117504 subm_beg 1 0
1581638407701034 131919735117504 subm_end 1 0
1581638407701574 131919735117504 pump_beg 1 0
1581638415419142 131919735117504 pump_end 1 2
1581638418701332 131919735117504 coll_beg 0 0
1581638419576440 131919735117504 coll_end 0 0
1581638422414756 131919735117504 emit_beg 356 0
1581638429869083 131919735117504 emit_end 356 0
1581638444272497 131919735117504 drain_beg 0 0
1581638444273257 131919735117504 drain_end 1 0
1581638444273657 131919735117504 subm_beg 1 0
1581638448062908 131919735117504 subm_end 1 0
1581638448063418 131919735117504 pump_beg 1 0
1581638455618922 131919735117504 pump_end 1 2
1581638457542002 131919735117504 coll_beg 0 0
1581638458407080 131919735117504 coll_end 0 0
1581638460311921 131919735117504 emit_beg 357 0
1581638466032742 131919735117504 emit_end 357 0
1581638466035051 131919735117504 drain_beg 0 0
1581638466035371 131919735117504 drain_end 1 0
1581638466035681 131919735117504 subm_beg 1 0
1581638469728526 131919735117504 subm_end 1 0
1581638469728916 131919735117504 pump_beg 1 0
1581638485024347 131919735117504 pump_end 1 2
1581638486979006 131919735117504 coll_beg 0 0
1581638492721326 131919735117504 coll_end 0 0
1581638494653725 131919735117504 emit_beg 358 0
1581638500352827 131919735117504 emit_end 358 0
1581638500355857 131919735117504 drain_beg 0 0
1581638500356297 131919735117504 drain_end 1 0
1581638500356557 131919735117504 subm_beg 1 0
1581638504019763 131919735117504 subm_end 1 0
1581638504020593 131919735117504 pump_beg 1 0
1581638515184625 131919735117504 pump_end 1 2
1581638518524653 131919735117504 coll_beg 0 0
1581638522073163 131919735117504 coll_end 0 0
1581638524095309 131919735117504 emit_beg 359 0
1581638529789781 131919735117504 emit_end 359 0
1581638529793971 131919735117504 drain_beg 0 0
1581638529794661 131919735117504 drain_end 1 0
1581638529795201 131919735117504 subm_beg 1 0
1581638533539534 131919735117504 subm_end 1 0
1581638533540014 131919735117504 pump_beg 1 0
1581638544167725 131919735117504 pump_end 1 2
1581638546710502 131919735117504 coll_beg 0 0
1581638549926465 131919735117504 coll_end 0 0
1581638551844904 131919735117504 emit_beg 360 0
1581638557585715 131919735117504 emit_end 360 0
1581638575445742 131919735117504 drain_beg 0 0
1581638575446902 131919735117504 drain_end 1 0
1581638575447482 131919735117504 subm_beg 1 0
1581638579162756 131919735117504 subm_end 1 0
1581638579163266 131919735117504 pump_beg 1 0
1581638591563433 131919735117504 pump_end 1 2
1581638594931429 131919735117504 coll_beg 0 0
1581638599333749 131919735117504 coll_end 0 0
1581638601350925 131919735117504 emit_beg 361 0
1581638605015571 131919735117504 emit_end 361 0
1581638605018021 131919735117504 drain_beg 0 0
1581638605018321 131919735117504 drain_end 1 0
1581638605018581 131919735117504 subm_beg 1 0
1581638608533412 131919735117504 subm_end 1 0
1581638608533872 131919735117504 pump_beg 1 0
1581638619823609 131919735117504 pump_end 1 2
1581638623220735 131919735117504 coll_beg 0 0
1581638628441074 131919735117504 coll_end 0 0
1581638630623795 131919735117504 emit_beg 362 0
1581638636080125 131919735117504 emit_end 362 0
1581638636087545 131919735117504 drain_beg 0 0
1581638636088635 131919735117504 drain_end 1 0
1581638636089385 131919735117504 subm_beg 1 0
1581638639562458 131919735117504 subm_end 1 0
1581638639573157 131919735117504 pump_beg 1 0
1581638649634730 131919735117504 pump_end 1 2
1581638652270813 131919735117504 coll_beg 0 0
1581638654917436 131919735117504 coll_end 0 0
1581638656718111 131919735117504 emit_beg 363 0
1581638662073175 131919735117504 emit_end 363 0
1581638678295182 131919735117504 drain_beg 0 0
1581638678295822 131919735117504 drain_end 1 0
1581638678296122 131919735117504 subm_beg 1 0
1581638681869371 131919735117504 subm_end 1 0
1581638681869731 131919735117504 pump_beg 1 0
1581638692008710 131919735117504 pump_end 1 2
1581638694084855 131919735117504 coll_beg 0 0
1581638696989368 131919735117504 coll_end 0 0
1581638698779323 131919735117504 emit_beg 364 0
1581638704147377 131919735117504 emit_end 364 0
1581638704149687 131919735117504 drain_beg 0 0
1581638704150027 131919735117504 drain_end 1 0
1581638704150277 131919735117504 subm_beg 1 0
1581638707606100 131919735117504 subm_end 1 0
1581638707606490 131919735117504 pump_beg 1 0
1581638717264817 131919735117504 pump_end 1 2
1581638719740567 131919735117504 coll_beg 0 0
1581638722371361 131919735117504 coll_end 0 0
1581638725090451 131919735117504 emit_beg 365 0
1581638730471515 131919735117504 emit_end 365 0
1581638730473574 131919735117504 drain_beg 0 0
1581638730473904 131919735117504 drain_end 1 0
1581638730474164 131919735117504 subm_beg 1 0
1581638733924058 131919735117504 subm_end 1 0
1581638733924488 131919735117504 pump_beg 1 0
1581638741628217 131919735117504 pump_end 1 2
1581638744263790 131919735117504 coll_beg 0 0
1581638745546933 131919735117504 coll_end 0 0
1581638747797111 131919735117504 emit_beg 366 0
1581638754899581 131919735117504 emit_end 366 0
1581638754901771 131919735117504 drain_beg 0 0
1581638754902061 131919735117504 drain_end 1 0
1581638754902411 131919735117504 subm_beg 1 0
1581638758427413 131919735117504 subm_end 1 0
1581638758427833 131919735117504 pump_beg 1 0
1581638768820783 131919735117504 pump_end 1 2
1581638771527304 131919735117504 coll_beg 0 0
1581638774685208 131919735117504 coll_end 0 0
1581638776768802 131919735117504 emit_beg 367 0
1581638782174444 131919735117504 emit_end 367 0
1581638782176394 131919735117504 drain_beg 0 0
1581638782176634 131919735117504 drain_end 1 0
1581638782176914 131919735117504 subm_beg 1 0
1581638785780303 131919735117504 subm_end 1 0
1581638785780843 131919735117504 pump_beg 1 0
1581638797848041 131919735117504 pump_end 1 2
1581638800170187 131919735117504 coll_beg 0 0
1581638805818860 131919735117504 coll_end 0 0
1581638808441464 131919735117504 emit_beg 368 0
1581638813847876 131919735117504 emit_end 368 0
1581638813850436 131919735117504 drain_beg 0 0
1581638813850886 131919735117504 drain_end 1 0
1581638813851226 131919735117504 subm_beg 1 0
1581638817395877 131919735117504 subm_end 1 0
1581638817396937 131919735117504 pump_beg 1 0
1581638827365932 131919735117504 pump_end 1 2
1581638829855471 131919735117504 coll_beg 0 0
1581638833787968 131919735117504 coll_end 0 0
1581638837315429 131919735117504 emit_beg 369 0
1581638842640644 131919735117504 emit_end 369 0
1581638842643194 131919735117504 drain_beg 0 0
1581638842643714 131919735117504 drain_end 1 0
1581638842644024 131919735117504 subm_beg 1 0
1581638846201944 131919735117504 subm_end 1 0
1581638846202434 131919735117504 pump_beg 1 0
1581638857972663 131919735117504 pump_end 1 2
1581638860200872 131919735117504 coll_beg 0 0
1581638866159574 131919735117504 coll_end 0 0
1581638868036146 131919735117504 emit_beg 370 0
1581638873390750 131919735117504 emit_end 370 0
1581638873393190 131919735117504 drain_beg 0 0
1581638873393530 131919735117504 drain_end 1 0
1581638873393790 131919735117504 subm_beg 1 0
1581638877045836 131919735117504 subm_end 1 0
1581638877046426 131919735117504 pump_beg 1 0
1581638888841085 131919735117504 pump_end 1 2
1581638890709717 131919735117504 coll_beg 0 0
1581638895186103 131919735117504 coll_end 0 0
1581638896959618 131919735117504 emit_beg 371 0
1581638902344881 131919735117504 emit_end 371 0
1581638902348221 131919735117504 drain_beg 0 0
1581638902348711 131919735117504 drain_end 1 0
1581638902356051 131919735117504 subm_beg 1 0
1581638905942850 131919735117504 subm_end 1 0
1581638905947580 131919735117504 pump_beg 1 0
1581638916693377 131919735117504 pump_end 1 2
1581638919567452 131919735117504 coll_beg 0 0
1581638923376593 131919735117504 coll_end 0 0
1581638925205336 131919735117504 emit_beg 372 0
1581638930570660 131919735117504 emit_end 372 0
1581638930573919 131919735117504 drain_beg 0 0
1581638930574459 131919735117504 drain_end 1 0
1581638930574799 131919735117504 subm_beg 1 0
1581638934052192 131919735117504 subm_end 1 0
1581638934052692 131919735117504 pump_beg 1 0
1581638946361442 131919735117504 pump_end 1 2
1581638948904239 131919735117504 coll_beg 0 0
1581638955203879 131919735117504 coll_end 0 0
1581638957250954 131919735117504 emit_beg 373 0
1581638963024073 131919735117504 emit_end 373 0
1581638963028013 131919735117504 drain_beg 0 0
1581638963028683 131919735117504 drain_end 1 0
1581638963029123 131919735117504 subm_beg 1 0
1581638966653460 131919735117504 subm_end 1 0
1581638966653950 131919735117504 pump_beg 1 0
1581638978085803 131919735117504 pump_end 1 2
1581638980792684 131919735117504 coll_beg 0 0
1581638985493462 131919735117504 coll_end 0 0
1581638987379323 131919735117504 emit_beg 374 0
1581638992947089 131919735117504 emit_end 374 0
1581638992950899 131919735117504 drain_beg 0 0
1581638992951569 131919735117504 drain_end 1 0
1581638992952179 131919735117504 subm_beg 1 0
1581638996544028 131919735117504 subm_end 1 0
1581638996544658 131919735117504 pump_beg 1 0
1581639007265586 131919735117504 pump_end 1 2
1581639009233514 131919735117504 coll_beg 0 0
1581639012345610 131919735117504 coll_end 0 0
1581639014920836 131919735117504 emit_beg 375 0
1581639020630757 131919735117504 emit_end 375 0
1581639020634897 131919735117504 drain_beg 0 0
1581639020635637 131919735117504 drain_end 1 0
1581639020636357 131919735117504 subm_beg 1 0
1581639024246615 131919735117504 subm_end 1 0
1581639024247055 131919735117504 pump_beg 1 0
1581639036466328 131919735117504 pump_end 1 2
1581639038791683 131919735117504 coll_beg 0 0
1581639044754325 131919735117504 coll_end 0 0
1581639046616347 131919735117504 emit_beg 376 0
1581639052221412 131919735117504 emit_end 376 0
1581639052224312 131919735117504 drain_beg 0 0
1581639052225022 131919735117504 drain_end 1 0
1581639052225462 131919735117504 subm_beg 1 0
1581639055940476 131919735117504 subm_end 1 0
1581639055942296 131919735117504 pump_beg 1 0
1581639065395891 131919735117504 pump_end 1 2
1581639068026175 131919735117504 coll_beg 0 0
1581639070653009 131919735117504 coll_end 0 0
1581639074044235 131919735117504 emit_beg 377 0
1581639081320759 131919735117504 emit_end 377 0
1581639081325048 131919735117504 drain_beg 0 0
1581639081325678 131919735117504 drain_end 1 0
1581639081326268 131919735117504 subm_beg 1 0
1581639085093231 131919735117504 subm_end 1 0
1581639085093721 131919735117504 pump_beg 1 0
1581639093375588 131919735117504 pump_end 1 2
1581639096828262 131919735117504 coll_beg 0 0
1581639098542059 131919735117504 coll_end 0 0
1581639100515107 131919735117504 emit_beg 378 0
1581639108068121 131919735117504 emit_end 378 0
1581639108070991 131919735117504 drain_beg 0 0
1581639108071581 131919735117504 drain_end 1 0
1581639108072141 131919735117504 subm_beg 1 0
1581639112714801 131919735117504 subm_end 1 0
1581639112715271 131919735117504 pump_beg 1 0
1581639124016718 131919735117504 pump_end 1 2
1581639126413150 131919735117504 coll_beg 0 0
1581639131494314 131919735117504 coll_end 0 0
1581639133408734 131919735117504 emit_beg 379 0
1581639137172997 131919735117504 emit_end 379 0
1581639137179127 131919735117504 drain_beg 0 0
1581639137179917 131919735117504 drain_end 1 0
1581639137180646 131919735117504 subm_beg 1 0
1581639140863182 131919735117504 subm_end 1 0
1581639140863732 131919735117504 pump_beg 1 0
1581639148335029 131919735117504 pump_end 1 2
1581639150255229 131919735117504 coll_beg 0 0
1581639150744121 131919735117504 coll_end 0 0
1581639154025871 131919735117504 emit_beg 380 0
1581639162261650 131919735117504 emit_end 380 0
1581639178144089 131919735117504 drain_beg 0 0
1581639178144919 131919735117504 drain_end 1 0
1581639178145299 131919735117504 subm_beg 1 0
1581639182269198 131919735117504 subm_end 1 0
1581639182269738 131919735117504 pump_beg 1 0
1581639189181596 131919735117504 pump_end 1 2
1581639191306118 131919735117504 coll_beg 0 0
1581639191314968 131919735117504 coll_end 0 0
1581639193208248 131919735117504 emit_beg 381 0
1581639198794414 131919735117504 emit_end 381 0
1581639198796704 131919735117504 drain_beg 0 0
1581639198797194 131919735117504 drain_end 1 0
1581639198797654 131919735117504 subm_beg 1 0
1581639202548337 131919735117504 subm_end 1 0
1581639202548617 131919735117504 pump_beg 1 0
1581639213184298 131919735117504 pump_end 1 2
1581639215986336 131919735117504 coll_beg 0 0
1581639220464192 131919735117504 coll_end 0 0
1581639222465529 131919735117504 emit_beg 382 0
1581639228162410 131919735117504 emit_end 382 0
1581639228165300 131919735117504 drain_beg 0 0
1581639228165740 131919735117504 drain_end 1 0
1581639228165990 131919735117504 subm_beg 1 0
1581639232716364 131919735117504 subm_end 1 0
1581639232717164 131919735117504 pump_beg 1 0
1581639243149823 131919735117504 pump_end 1 2
1581639245175379 131919735117504 coll_beg 0 0
1581639249340336 131919735117504 coll_end 0 0
1581639251215188 131919735117504 emit_beg 383 0
1581639256826873 131919735117504 emit_end 383 0
1581639256830512 131919735117504 drain_beg 0 0
1581639256830992 131919735117504 drain_end 1 0
1581639256831252 131919735117504 subm_beg 1 0
1581639260455570 131919735117504 subm_end 1 0
1581639260456080 131919735117504 pump_beg 1 0
1581639271982069 131919735117504 pump_end 1 2
1581639275550068 131919735117504 coll_beg 0 0
1581639279729235 131919735117504 coll_end 0 0
1581639281702623 131919735117504 emit_beg 384 0
1581639287372436 131919735117504 emit_end 384 0
1581639287375256 131919735117504 drain_beg 0 0
1581639287375896 131919735117504 drain_end 1 0
1581639287376426 131919735117504 subm_beg 1 0
1581639291025702 131919735117504 subm_end 1 0
1581639291026632 131919735117504 pump_beg 1 0
1581639302281191 131919735117504 pump_end 1 2
1581639305841871 131919735117504 coll_beg 0 0
1581639311127358 131919735117504 coll_end 0 0
1581639312932522 131919735117504 emit_beg 385 0
1581639316995793 131919735117504 emit_end 385 0
1581639317000493 131919735117504 drain_beg 0 0
1581639317001323 131919735117504 drain_end 1 0
1581639317002083 131919735117504 subm_beg 1 0
1581639323913090 131919735117504 subm_end 1 0
1581639323913720 131919735117504 pump_beg 1 0
1581639336244959 131919735117504 pump_end 1 2
1581639338198768 131919735117504 coll_beg 0 0
1581639343465885 131919735117504 coll_end 0 0
1581639345641426 131919735117504 emit_beg 386 0
1581639352661279 131919735117504 emit_end 386 0
1581639352664239 131919735117504 drain_beg 0 0
1581639352664699 131919735117504 drain_end 1 0
1581639352665159 131919735117504 subm_beg 1 0
1581639356115163 131919735117504 subm_end 1 0
1581639356115873 131919735117504 pump_beg 1 0
1581639365180312 131919735117504 pump_end 1 2
1581639368623006 131919735117504 coll_beg 0 0
1581639371794960 131919735117504 coll_end 0 0
1581639373659142 131919735117504 emit_beg 387 0
1581639379249167 131919735117504 emit_end 387 0
1581639394768470 131919735117504 drain_beg 0 0
1581639394770500 131919735117504 drain_end 1 0
1581639394771360 131919735117504 subm_beg 1 0
1581639398280502 131919735117504 subm_end 1 0
1581639398282151 131919735117504 pump_beg 1 0
1581639407849022 131919735117504 pump_end 1 2
1581639409659336 131919735117504 coll_beg 0 0
1581639412884268 131919735117504 coll_end 0 0
1581639414663283 131919735117504 emit_beg 388 0
1581639419998488 131919735117504 emit_end 388 0
1581639420002177 131919735117504 drain_beg 0 0
1581639420002767 131919735117504 drain_end 1 0
1581639420003347 131919735117504 subm_beg 1 0
1581639423388414 131919735117504 subm_end 1 0
1581639423388904 131919735117504 pump_beg 1 0
1581639436240884 131919735117504 pump_end 1 2
1581639438061337 131919735117504 coll_beg 0 0
1581639444036909 131919735117504 coll_end 0 0
1581639445791735 131919735117504 emit_beg 389 0
1581639451134329 131919735117504 emit_end 389 0
1581639451137469 131919735117504 drain_beg 0 0
1581639451138049 131919735117504 drain_end 1 0
1581639451138529 131919735117504 subm_beg 1 0
1581639454508876 131919735117504 subm_end 1 0
1581639454509366 131919735117504 pump_beg 1 0
1581639465934768 131919735117504 pump_end 1 2
1581639476917847 131919735117504 coll_beg 0 0
1581639481641474 131919735117504 coll_end 0 0
1581639487108594 131919735117504 emit_beg 390 0
1581639503381569 131919735117504 emit_end 390 0
1581639503383939 131919735117504 drain_beg 0 0
1581639503384249 131919735117504 drain_end 1 0
1581639503384529 131919735117504 subm_beg 1 0
1581639512318443 131919735117504 subm_end 1 0
1581639512318933 131919735117504 pump_beg 1 0
1581639521680470 131919735117504 pump_end 1 2
1581639527289056 131919735117504 coll_beg 0 0
1581639529273653 131919735117504 coll_end 0 0
1581639532941089 131919735117504 emit_beg 391 0
1581639543383127 131919735117504 emit_end 391 0
1581639569655177 131919735117504 drain_beg 0 0
1581639569657017 131919735117504 drain_end 1 0
1581639569657757 131919735117504 subm_beg 1 0
1581639578082799 131919735117504 subm_end 1 0
1581639578084349 131919735117504 pump_beg 1 0
1581639587747715 131919735117504 pump_end 1 2
1581639590866951 131919735117504 coll_beg 0 0
1581639594075634 131919735117504 coll_end 0 0
1581639597630704 131919735117504 emit_beg 392 0
1581639604008441 131919735117504 emit_end 392 0
1581639604013771 131919735117504 drain_beg 0 0
1581639604014171 131919735117504 drain_end 1 0
1581639604014581 131919735117504 subm_beg 1 0
1581639610919038 131919735117504 subm_end 1 0
1581639610919548 131919735117504 pump_beg 1 0
1581639622388039 131919735117504 pump_end 1 2
1581639625371480 131919735117504 coll_beg 0 0
1581639629555867 131919735117504 coll_end 0 0
1581639634770866 131919735117504 emit_beg 393 0
1581639647624246 131919735117504 emit_end 393 0
1581639666889832 131919735117504 drain_beg 0 0
1581639666892012 131919735117504 drain_end 1 0
1581639666892742 131919735117504 subm_beg 1 0
1581639673348646 131919735117504 subm_end 1 0
1581639673349856 131919735117504 pump_beg 1 0
1581639684900724 131919735117504 pump_end 1 2
1581639687759509 131919735117504 coll_beg 0 0
1581639692205187 131919735117504 coll_end 0 0
1581639695535075 131919735117504 emit_beg 394 0
1581639700704736 131919735117504 emit_end 394 0
1581639700708256 131919735117504 drain_beg 0 0
1581639700708826 131919735117504 drain_end 1 0
1581639700709316 131919735117504 subm_beg 1 0
1581639705968774 131919735117504 subm_end 1 0
1581639705969224 131919735117504 pump_beg 1 0
1581639717739343 131919735117504 pump_end 1 2
1581639721104160 131919735117504 coll_beg 0 0
1581639725487060 131919735117504 coll_end 0 0
1581639731298437 131919735117504 emit_beg 395 0
1581639744550833 131919735117504 emit_end 395 0
1581639771640853 131919735117504 drain_beg 0 0
1581639771645203 131919735117504 drain_end 1 0
1581639771646133 131919735117504 subm_beg 1 0
1581639780828887 131919735117504 subm_end 1 0
1581639780831257 131919735117504 pump_beg 1 0
1581639789550198 131919735117504 pump_end 1 2
1581639792697413 131919735117504 coll_beg 0 0
1581639794635732 131919735117504 coll_end 0 0
1581639797125861 131919735117504 emit_beg 396 0
1581639803613414 131919735117504 emit_end 396 0
1581639803616594 131919735117504 drain_beg 0 0
1581639803617044 131919735117504 drain_end 1 0
1581639803617614 131919735117504 subm_beg 1 0
1581639808041862 131919735117504 subm_end 1 0
1581639808042352 131919735117504 pump_beg 1 0
1581639819307920 131919735117504 pump_end 1 2
1581639821763610 131919735117504 coll_beg 0 0
1581639825360499 131919735117504 coll_end 0 0
1581639827652695 131919735117504 emit_beg 397 0
1581639833330388 131919735117504 emit_end 397 0
1581639833332437 131919735117504 drain_beg 0 0
1581639833332827 131919735117504 drain_end 1 0
1581639833333077 131919735117504 subm_beg 1 0
1581639836982844 131919735117504 subm_end 1 0
1581639836983214 131919735117504 pump_beg 1 0
1581639849274795 131919735117504 pump_end 1 2
1581639852248776 131919735117504 coll_beg 0 0
1581639856496291 131919735117504 coll_end 0 0
1581639858350633 131919735117504 emit_beg 398 0
1581639864064284 131919735117504 emit_end 398 0
1581639864066334 131919735117504 drain_beg 0 0
1581639864066564 131919735117504 drain_end 1 0
1581639864066804 131919735117504 subm_beg 1 0
1581639867860945 131919735117504 subm_end 1 0
1581639867862485 131919735117504 pump_beg 1 0
1581639879878706 131919735117504 pump_end 1 2
1581639881802806 131919735117504 coll_beg 0 0
1581639885930255 131919735117504 coll_end 0 0
1581639887837935 131919735117504 emit_beg 399 0
1581639893486778 131919735117504 emit_end 399 0
1581639893490278 131919735117504 drain_beg 0 0
1581639893490788 131919735117504 drain_end 1 0
1581639893491198 131919735117504 subm_beg 1 0
1581639897172604 131919735117504 subm_end 1 0
1581639897172984 131919735117504 pump_beg 1 0
1581639907891862 131919735117504 pump_end 1 2
1581639910928361 131919735117504 coll_beg 0 0
1581639914023118 131919735117504 coll_end 0 0
1581639916567325 131919735117504 emit_beg 400 0
1581639922193839 131919735117504 emit_end 400 0
1581639922196319 131919735117504 drain_beg 0 0
1581639922196649 131919735117504 drain_end 1 0
1581639922196909 131919735117504 subm_beg 1 0
1581639925853135 131919735117504 subm_end 1 0
1581639925853585 131919735117504 pump_beg 1 0
1581639937476200 131919735117504 pump_end 1 2
1581639940783450 131919735117504 coll_beg 0 0
1581639944006182 131919735117504 coll_end 0 0
1581639945962120 131919735117504 emit_beg 401 0
1581639951771618 131919735117504 emit_end 401 0
1581639951775788 131919735117504 drain_beg 0 0
1581639951776368 131919735117504 drain_end 1 0
1581639951776718 131919735117504 subm_beg 1 0
1581639955462733 131919735117504 subm_end 1 0
1581639955463183 131919735117504 pump_beg 1 0
1581639966165062 131919735117504 pump_end 1 2
1581639969070035 131919735117504 coll_beg 0 0
1581639972155823 131919735117504 coll_end 0 0
1581639974816385 131919735117504 emit_beg 402 0
1581639980384132 131919735117504 emit_end 402 0
1581639980387492 131919735117504 drain_beg 0 0
1581639980388362 131919735117504 drain_end 1 0
1581639980388852 131919735117504 subm_beg 1 0
1581639984040328 131919735117504 subm_end 1 0
1581639984041088 131919735117504 pump_beg 1 0
1581639994984628 131919735117504 pump_end 1 2
1581639996944866 131919735117504 coll_beg 0 0
1581640001553808 131919735117504 coll_end 0 0
1581640003519966 131919735117504 emit_beg 403 0
1581640009272336 131919735117504 emit_end 403 0
1581640025835350 131919735117504 drain_beg 0 0
1581640025836780 131919735117504 drain_end 1 0
1581640025837400 131919735117504 subm_beg 1 0
1581640029478437 131919735117504 subm_end 1 0
1581640029478887 131919735117504 pump_beg 1 0
1581640040152087 131919735117504 pump_end 1 2
1581640042074887 131919735117504 coll_beg 0 0
1581640045088816 131919735117504 coll_end 0 0
1581640047020286 131919735117504 emit_beg 404 0
1581640050779778 131919735117504 emit_end 404 0
1581640050783008 131919735117504 drain_beg 0 0
1581640050783518 131919735117504 drain_end 1 0
1581640050784078 131919735117504 subm_beg 1 0
1581640054458534 131919735117504 subm_end 1 0
1581640054458914 131919735117504 pump_beg 1 0
1581640061504366 131919735117504 pump_end 1 2
1581640065049847 131919735117504 coll_beg 0 0
1581640065100145 131919735117504 coll_end 0 0
1581640068826719 131919735117504 emit_beg 405 0
1581640076207419 131919735117504 emit_end 405 0
1581640089379907 131919735117504 drain_beg 0 0
1581640089380557 131919735117504 drain_end 1 0
1581640089380887 131919735117504 subm_beg 1 0
1581640093106671 131919735117504 subm_end 1 0
1581640093107031 131919735117504 pump_beg 1 0
1581640103260050 131919735117504 pump_end 1 2
1581640105254837 131919735117504 coll_beg 0 0
1581640108002317 131919735117504 coll_end 0 0
1581640110006403 131919735117504 emit_beg 406 0
1581640115723994 131919735117504 emit_end 406 0
1581640115726844 131919735117504 drain_beg 0 0
1581640115727364 131919735117504 drain_end 1 0
1581640115728214 131919735117504 subm_beg 1 0
1581640119506116 131919735117504 subm_end 1 0
1581640119506496 131919735117504 pump_beg 1 0
1581640130651869 131919735117504 pump_end 1 2
1581640133508534 131919735117504 coll_beg 0 0
1581640137934972 131919735117504 coll_end 0 0
1581640141218122 131919735117504 emit_beg 407 0
1581640146824567 131919735117504 emit_end 407 0
1581640146827497 131919735117504 drain_beg 0 0
1581640146827947 131919735117504 drain_end 1 0
1581640146828287 131919735117504 subm_beg 1 0
1581640150412006 131919735117504 subm_end 1 0
1581640150412866 131919735117504 pump_beg 1 0
1581640161134244 131919735117504 pump_end 1 2
1581640163866034 131919735117504 coll_beg 0 0
1581640167101306 131919735117504 coll_end 0 0
1581640169514698 131919735117504 emit_beg 408 0
1581640175145382 131919735117504 emit_end 408 0
1581640175148792 131919735117504 drain_beg 0 0
1581640175149392 131919735117504 drain_end 1 0
1581640175149772 131919735117504 subm_beg 1 0
1581640178819388 131919735117504 subm_end 1 0
1581640178820058 131919735117504 pump_beg 1 0
1581640188345949 131919735117504 pump_end 1 2
1581640191396258 131919735117504 coll_beg 0 0
1581640194033272 131919735117504 coll_end 0 0
1581640195796247 131919735117504 emit_beg 409 0
1581640201062995 131919735117504 emit_end 409 0
1581640216292378 131919735117504 drain_beg 0 0
1581640216293198 131919735117504 drain_end 1 0
1581640216293608 131919735117504 subm_beg 1 0
1581640219879547 131919735117504 subm_end 1 0
1581640219884126 131919735117504 pump_beg 1 0
1581640231082147 131919735117504 pump_end 1 2
1581640232860182 131919735117504 coll_beg 0 0
1581640237058189 131919735117504 coll_end 0 0
1581640238882302 131919735117504 emit_beg 410 0
1581640242504450 131919735117504 emit_end 410 0
1581640242507809 131919735117504 drain_beg 0 0
1581640242508559 131919735117504 drain_end 1 0
1581640242509089 131919735117504 subm_beg 1 0
1581640246015511 131919735117504 subm_end 1 0
1581640246015841 131919735117504 pump_beg 1 0
1581640256868134 131919735117504 pump_end 1 2
1581640260473683 131919735117504 coll_beg 0 0
1581640265281407 131919735117504 coll_end 0 0
1581640267053032 131919735117504 emit_beg 411 0
1581640272543891 131919735117504 emit_end 411 0
1581640289619807 131919735117504 drain_beg 0 0
1581640289622267 131919735117504 drain_end 1 0
1581640289623047 131919735117504 subm_beg 1 0
1581640293137879 131919735117504 subm_end 1 0
1581640293139509 131919735117504 pump_beg 1 0
1581640302301024 131919735117504 pump_end 1 2
1581640304121977 131919735117504 coll_beg 0 0
1581640306053836 131919735117504 coll_end 0 0
1581640307854441 131919735117504 emit_beg 412 0
1581640313098929 131919735117504 emit_end 412 0
1581640313101959 131919735117504 drain_beg 0 0
1581640313102579 131919735117504 drain_end 1 0
1581640313103219 131919735117504 subm_beg 1 0
1581640316640439 131919735117504 subm_end 1 0
1581640316640919 131919735117504 pump_beg 1 0
1581640326030466 131919735117504 pump_end 1 2
1581640328046502 131919735117504 coll_beg 0 0
1581640330238492 131919735117504 coll_end 0 0
1581640331996718 131919735117504 emit_beg 413 0
1581640337310994 131919735117504 emit_end 413 0
1581640352088964 131919735117504 drain_beg 0 0
1581640352089544 131919735117504 drain_end 1 0
1581640352089834 131919735117504 subm_beg 1 0
1581640355508578 131919735117504 subm_end 1 0
1581640355509018 131919735117504 pump_beg 1 0
1581640364199001 131919735117504 pump_end 1 2
1581640365987265 131919735117504 coll_beg 0 0
1581640367805659 131919735117504 coll_end 0 0
1581640369616083 131919735117504 emit_beg 414 0
1581640375028955 131919735117504 emit_end 414 0
1581640375031685 131919735117504 drain_beg 0 0
1581640375032155 131919735117504 drain_end 1 0
1581640375032605 131919735117504 subm_beg 1 0
1581640378537497 131919735117504 subm_end 1 0
1581640378537857 131919735117504 pump_beg 1 0
1581640392145529 131919735117504 pump_end 1 2
1581640393879326 131919735117504 coll_beg 0 0
1581640398622442 131919735117504 coll_end 0 0
1581640400432256 131919735117504 emit_beg 415 0
1581640405688404 131919735117504 emit_end 415 0
1581640405690754 131919735117504 drain_beg 0 0
1581640405697614 131919735117504 drain_end 1 0
1581640405697884 131919735117504 subm_beg 1 0
1581640409062471 131919735117504 subm_end 1 0
1581640409062901 131919735117504 pump_beg 1 0
1581640420527682 131919735117504 pump_end 1 2
1581640422697462 131919735117504 coll_beg 0 0
1581640426536642 131919735117504 coll_end 0 0
1581640428349366 131919735117504 emit_beg 416 0
1581640433644962 131919735117504 emit_end 416 0
1581640433647872 131919735117504 drain_beg 0 0
1581640433648372 131919735117504 drain_end 1 0
1581640433648832 131919735117504 subm_beg 1 0
1581640437129665 131919735117504 subm_end 1 0
1581640437130055 131919735117504 pump_beg 1 0
1581640448624354 131919735117504 pump_end 1 2
1581640452072838 131919735117504 coll_beg 0 0
1581640455957297 131919735117504 coll_end 0 0
1581640457703313 131919735117504 emit_beg 417 0
1581640463045797 131919735117504 emit_end 417 0
1581640463047937 131919735117504 drain_beg 0 0
1581640463048287 131919735117504 drain_end 1 0
1581640463048547 131919735117504 subm_beg 1 0
1581640466495181 131919735117504 subm_end 1 0
1581640466495651 131919735117504 pump_beg 1 0
1581640478111086 131919735117504 pump_end 1 2
1581640481133306 131919735117504 coll_beg 0 0
1581640485032664 131919735117504 coll_end 0 0
1581640486863077 131919735117504 emit_beg 418 0
1581640492254990 131919735117504 emit_end 418 0
1581640492257639 131919735117504 drain_beg 0 0
1581640492258139 131919735117504 drain_end 1 0
1581640492258489 131919735117504 subm_beg 1 0
1581640495663645 131919735117504 subm_end 1 0
1581640495664365 131919735117504 pump_beg 1 0
1581640507750563 131919735117504 pump_end 1 2
1581640510498003 131919735117504 coll_beg 0 0
1581640515323876 131919735117504 coll_end 0 0
1581640517276545 131919735117504 emit_beg 419 0
1581640523071933 131919735117504 emit_end 419 0
1581640523075543 131919735117504 drain_beg 0 0
1581640523076043 131919735117504 drain_end 1 0
1581640523076393 131919735117504 subm_beg 1 0
1581640526516697 131919735117504 subm_end 1 0
1581640526517197 131919735117504 pump_beg 1 0
1581640538473940 131919735117504 pump_end 1 2
1581640541460721 131919735117504 coll_beg 0 0
1581640546567494 131919735117504 coll_end 0 0
1581640548310630 131919735117504 emit_beg 420 0
1581640553610697 131919735117504 emit_end 420 0
1581640553613816 131919735117504 drain_beg 0 0
1581640553614446 131919735117504 drain_end 1 0
1581640553614966 131919735117504 subm_beg 1 0
1581640557108419 131919735117504 subm_end 1 0
1581640557109149 131919735117504 pump_beg 1 0
1581640564882315 131919735117504 pump_end 1 2
1581640568569780 131919735117504 coll_beg 0 0
1581640569296473 131919735117504 coll_end 0 0
1581640572191887 131919735117504 emit_beg 421 0
1581640579603786 131919735117504 emit_end 421 0
1581640579606886 131919735117504 drain_beg 0 0
1581640579607256 131919735117504 drain_end 1 0
1581640579607566 131919735117504 subm_beg 1 0
1581640583360979 131919735117504 subm_end 1 0
1581640583361399 131919735117504 pump_beg 1 0
1581640594940836 131919735117504 pump_end 1 2
1581640597068398 131919735117504 coll_beg 0 0
1581640602336425 131919735117504 coll_end 0 0
1581640604224866 131919735117504 emit_beg 422 0
1581640609883509 131919735117504 emit_end 422 0
1581640609885919 131919735117504 drain_beg 0 0
1581640609886329 131919735117504 drain_end 1 0
1581640609886589 131919735117504 subm_beg 1 0
1581640613521256 131919735117504 subm_end 1 0
1581640613521636 131919735117504 pump_beg 1 0
1581640625385433 131919735117504 pump_end 1 2
1581640628560777 131919735117504 coll_beg 0 0
1581640632474214 131919735117504 coll_end 0 0
1581640634391893 131919735117504 emit_beg 423 0
1581640639979389 131919735117504 emit_end 423 0
1581640639981719 131919735117504 drain_beg 0 0
1581640639982139 131919735117504 drain_end 1 0
1581640639982379 131919735117504 subm_beg 1 0
1581640643615106 131919735117504 subm_end 1 0
1581640643615576 131919735117504 pump_beg 1 0
1581640653646330 131919735117504 pump_end 1 2
1581640656881831 131919735117504 coll_beg 0 0
1581640659613781 131919735117504 coll_end 0 0
1581640662567693 131919735117504 emit_beg 424 0
1581640668202298 131919735117504 emit_end 424 0
1581640668204407 131919735117504 drain_beg 0 0
1581640668204717 131919735117504 drain_end 1 0
1581640668205067 131919735117504 subm_beg 1 0
1581640671927591 131919735117504 subm_end 1 0
1581640671928021 131919735117504 pump_beg 1 0
1581640683244078 131919735117504 pump_end 1 2
1581640686550507 131919735117504 coll_beg 0 0
1581640690113426 131919735117504 coll_end 0 0
1581640692051476 131919735117504 emit_beg 425 0
1581640697663581 131919735117504 emit_end 425 0
1581640697666200 131919735117504 drain_beg 0 0
1581640697666690 131919735117504 drain_end 1 0
1581640697667150 131919735117504 subm_beg 1 0
1581640701290698 131919735117504 subm_end 1 0
1581640701291248 131919735117504 pump_beg 1 0
1581640713446993 131919735117504 pump_end 1 2
1581640715854335 131919735117504 coll_beg 0 0
1581640720129749 131919735117504 coll_end 0 0
1581640723784576 131919735117504 emit_beg 426 0
1581640727590566 131919735117504 emit_end 426 0
1581640727593266 131919735117504 drain_beg 0 0
1581640727593706 131919735117504 drain_end 1 0
1581640727594246 131919735117504 subm_beg 1 0
1581640731267882 131919735117504 subm_end 1 0
1581640731268232 131919735117504 pump_beg 1 0
1581640743226895 131919735117504 pump_end 1 2
1581640746772405 131919735117504 coll_beg 0 0
1581640753138192 131919735117504 coll_end 0 0
1581640756397023 131919735117504 emit_beg 427 0
1581640761992419 131919735117504 emit_end 427 0
1581640761994699 131919735117504 drain_beg 0 0
1581640761995119 131919735117504 drain_end 1 0
1581640761995619 131919735117504 subm_beg 1 0
1581640765699073 131919735117504 subm_end 1 0
1581640765699453 131919735117504 pump_beg 1 0
1581640776897394 131919735117504 pump_end 1 2
1581640778874852 131919735117504 coll_beg 0 0
1581640784176858 131919735117504 coll_end 0 0
1581640786961126 131919735117504 emit_beg 428 0
1581640792539312 131919735117504 emit_end 428 0
1581640792542442 131919735117504 drain_beg 0 0
1581640792542982 131919735117504 drain_end 1 0
1581640792543342 131919735117504 subm_beg 1 0
1581640796216488 131919735117504 subm_end 1 0
1581640796217128 131919735117504 pump_beg 1 0
1581640805118242 131919735117504 pump_end 1 2
1581640807281463 131919735117504 coll_beg 0 0
1581640808905294 131919735117504 coll_end 0 0
1581640810918270 131919735117504 emit_beg 429 0
1581640818238473 131919735117504 emit_end 429 0
1581640818241103 131919735117504 drain_beg 0 0
1581640818241503 131919735117504 drain_end 1 0
1581640818241763 131919735117504 subm_beg 1 0
1581640821897359 131919735117504 subm_end 1 0
1581640821898239 131919735117504 pump_beg 1 0
1581640833064801 131919735117504 pump_end 1 2
1581640836150308 131919735117504 coll_beg 0 0
1581640840480149 131919735117504 coll_end 0 0
1581640843512699 131919735117504 emit_beg 430 0
1581640849150743 131919735117504 emit_end 430 0
1581640849154882 131919735117504 drain_beg 0 0
1581640849155402 131919735117504 drain_end 1 0
1581640849155832 131919735117504 subm_beg 1 0
1581640852836338 131919735117504 subm_end 1 0
1581640852837128 131919735117504 pump_beg 1 0
1581640862783964 131919735117504 pump_end 1 2
1581640866395162 131919735117504 coll_beg 0 0
1581640869577166 131919735117504 coll_end 0 0
1581640871961209 131919735117504 emit_beg 431 0
1581640877553164 131919735117504 emit_end 431 0
1581640877556594 131919735117504 drain_beg 0 0
1581640877557094 131919735117504 drain_end 1 0
1581640877557574 131919735117504 subm_beg 1 0
1581640881187641 131919735117504 subm_end 1 0
1581640881189411 131919735117504 pump_beg 1 0
1581640892714750 131919735117504 pump_end 1 2
1581640895771088 131919735117504 coll_beg 0 0
1581640898994271 131919735117504 coll_end 0 0
1581640900996627 131919735117504 emit_beg 432 0
1581640906643211 131919735117504 emit_end 432 0
1581640906647551 131919735117504 drain_beg 0 0
1581640906648181 131919735117504 drain_end 1 0
1581640906648831 131919735117504 subm_beg 1 0
1581640910363035 131919735117504 subm_end 1 0
1581640910363805 131919735117504 pump_beg 1 0
1581640922520100 131919735117504 pump_end 1 2
1581640925688345 131919735117504 coll_beg 0 0
1581640929677769 131919735117504 coll_end 0 0
1581640931515042 131919735117504 emit_beg 433 0
1581640936971312 131919735117504 emit_end 433 0
1581640936975312 131919735117504 drain_beg 0 0
1581640936976122 131919735117504 drain_end 1 0
1581640936976822 131919735117504 subm_beg 1 0
1581640940286781 131919735117504 subm_end 1 0
1581640940287431 131919735117504 pump_beg 1 0
1581640951369986 131919735117504 pump_end 1 2
1581640953454810 131919735117504 coll_beg 0 0
1581640956971391 131919735117504 coll_end 0 0
1581640958929999 131919735117504 emit_beg 434 0
1581640964240275 131919735117504 emit_end 434 0
1581640964243085 131919735117504 drain_beg 0 0
1581640964243815 131919735117504 drain_end 1 0
1581640964244345 131919735117504 subm_beg 1 0
1581640967793315 131919735117504 subm_end 1 0
1581640967793695 131919735117504 pump_beg 1 0
1581640976280585 131919735117504 pump_end 1 2
1581640978665308 131919735117504 coll_beg 0 0
1581640980147994 131919735117504 coll_end 0 0
1581640982138191 131919735117504 emit_beg 435 0
1581640989232712 131919735117504 emit_end 435 0
1581641003536229 131919735117504 drain_beg 0 0
1581641003538319 131919735117504 drain_end 1 0
1581641003539189 131919735117504 subm_beg 1 0
1581641007044930 131919735117504 subm_end 1 0
1581641007045900 131919735117504 pump_beg 1 0
1581641019126289 131919735117504 pump_end 1 2
1581641020999460 131919735117504 coll_beg 0 0
1581641026404403 131919735117504 coll_end 0 0
1581641028177388 131919735117504 emit_beg 436 0
1581641033559681 131919735117504 emit_end 436 0
1581641033563261 131919735117504 drain_beg 0 0
1581641033563771 131919735117504 drain_end 1 0
1581641033564341 131919735117504 subm_beg 1 0
1581641037091622 131919735117504 subm_end 1 0
1581641037095142 131919735117504 pump_beg 1 0
1581641046526777 131919735117504 pump_end 1 2
1581641048728807 131919735117504 coll_beg 0 0
1581641050739613 131919735117504 coll_end 0 0
1581641052495289 131919735117504 emit_beg 437 0
1581641059513172 131919735117504 emit_end 437 0
1581641073931085 131919735117504 drain_beg 0 0
1581641073931695 131919735117504 drain_end 1 0
1581641073932065 131919735117504 subm_beg 1 0
1581641077361280 131919735117504 subm_end 1 0
1581641077361730 131919735117504 pump_beg 1 0
1581641086745317 131919735117504 pump_end 1 2
1581641088622068 131919735117504 coll_beg 0 0
1581641090795859 131919735117504 coll_end 0 0
1581641092681580 131919735117504 emit_beg 438 0
1581641098032024 131919735117504 emit_end 438 0
1581641098034734 131919735117504 drain_beg 0 0
1581641098035104 131919735117504 drain_end 1 0
1581641098035454 131919735117504 subm_beg 1 0
1581641101493178 131919735117504 subm_end 1 0
1581641101493568 131919735117504 pump_beg 1 0
1581641111879708 131919735117504 pump_end 1 2
1581641115110860 131919735117504 coll_beg 0 0
1581641117907878 131919735117504 coll_end 0 0
1581641119716502 131919735117504 emit_beg 439 0
1581641124982949 131919735117504 emit_end 439 0
1581641124986389 131919735117504 drain_beg 0 0
1581641124986939 131919735117504 drain_end 1 0
1581641124987429 131919735117504 subm_beg 1 0
1581641128397874 131919735117504 subm_end 1 0
1581641128398314 131919735117504 pump_beg 1 0
1581641141189127 131919735117504 pump_end 1 2
1581641143963195 131919735117504 coll_beg 0 0
1581641148789009 131919735117504 coll_end 0 0
1581641150615152 131919735117504 emit_beg 440 0
1581641156070463 131919735117504 emit_end 440 0
1581641156074022 131919735117504 drain_beg 0 0
1581641156074512 131919735117504 drain_end 1 0
1581641156074862 131919735117504 subm_beg 1 0
1581641159514237 131919735117504 subm_end 1 0
1581641159514837 131919735117504 pump_beg 1 0
1581641171567156 131919735117504 pump_end 1 2
1581641173372050 131919735117504 coll_beg 0 0
1581641178184064 131919735117504 coll_end 0 0
1581641180002638 131919735117504 emit_beg 441 0
1581641185381831 131919735117504 emit_end 441 0
1581641185385991 131919735117504 drain_beg 0 0
1581641185386491 131919735117504 drain_end 1 0
1581641185386831 131919735117504 subm_beg 1 0
1581641188793576 131919735117504 subm_end 1 0
1581641188794006 131919735117504 pump_beg 1 0
1581641198673095 131919735117504 pump_end 1 2
1581641200869625 131919735117504 coll_beg 0 0
1581641203555197 131919735117504 coll_end 0 0
1581641206492239 131919735117504 emit_beg 442 0
1581641213503053 131919735117504 emit_end 442 0
1581641213505603 131919735117504 drain_beg 0 0
1581641213505913 131919735117504 drain_end 1 0
1581641213506203 131919735117504 subm_beg 1 0
1581641217035444 131919735117504 subm_end 1 0
1581641217035824 131919735117504 pump_beg 1 0
1581641227070037 131919735117504 pump_end 1 2
1581641228852122 131919735117504 coll_beg 0 0
1581641231393919 131919735117504 coll_end 0 0
1581641234993357 131919735117504 emit_beg 443 0
1581641240218226 131919735117504 emit_end 443 0
1581641240221466 131919735117504 drain_beg 0 0
1581641240222136 131919735117504 drain_end 1 0
1581641240222596 131919735117504 subm_beg 1 0
1581641243745937 131919735117504 subm_end 1 0
1581641243746377 131919735117504 pump_beg 1 0
1581641251542443 131919735117504 pump_end 1 2
1581641253626716 131919735117504 coll_beg 0 0
1581641255030135 131919735117504 coll_end 0 0
1581641257181186 131919735117504 emit_beg 444 0
1581641264161831 131919735117504 emit_end 444 0
1581641277607470 131919735117504 drain_beg 0 0
1581641277608570 131919735117504 drain_end 1 0
1581641277609120 131919735117504 subm_beg 1 0
1581641281295875 131919735117504 subm_end 1 0
1581641281296285 131919735117504 pump_beg 1 0
1581641290305865 131919735117504 pump_end 1 2
1581641292273534 131919735117504 coll_beg 0 0
1581641294051458 131919735117504 coll_end 0 0
1581641295939649 131919735117504 emit_beg 445 0
1581641301687959 131919735117504 emit_end 445 0
1581641301690769 131919735117504 drain_beg 0 0
1581641301691239 131919735117504 drain_end 1 0
1581641301691839 131919735117504 subm_beg 1 0
1581641305395234 131919735117504 subm_end 1 0
1581641305395714 131919735117504 pump_beg 1 0
1581641315787244 131919735117504 pump_end 1 2
1581641318579422 131919735117504 coll_beg 0 0
1581641321655419 131919735117504 coll_end 0 0
1581641324829993 131919735117504 emit_beg 446 0
1581641332365818 131919735117504 emit_end 446 0
1581641332368568 131919735117504 drain_beg 0 0
1581641332369038 131919735117504 drain_end 1 0
1581641332369678 131919735117504 subm_beg 1 0
1581641336051783 131919735117504 subm_end 1 0
1581641336052343 131919735117504 pump_beg 1 0
1581641348811447 131919735117504 pump_end 1 2
1581641351016646 131919735117504 coll_beg 0 0
1581641356277124 131919735117504 coll_end 0 0
1581641358192414 131919735117504 emit_beg 447 0
1581641363870466 131919735117504 emit_end 447 0
1581641363873266 131919735117504 drain_beg 0 0
1581641363873836 131919735117504 drain_end 1 0
1581641363874456 131919735117504 subm_beg 1 0
1581641367536392 131919735117504 subm_end 1 0
1581641367536872 131919735117504 pump_beg 1 0
1581641378240671 131919735117504 pump_end 1 2
1581641381540930 131919735117504 coll_beg 0 0
1581641384726064 131919735117504 coll_end 0 0
1581641386564656 131919735117504 emit_beg 448 0
1581641392074745 131919735117504 emit_end 448 0
1581641408557962 131919735117504 drain_beg 0 0
1581641408559722 131919735117504 drain_end 1 0
1581641408560382 131919735117504 subm_beg 1 0
1581641412471769 131919735117504 subm_end 1 0
1581641412472589 131919735117504 pump_beg 1 0
1581641422653637 131919735117504 pump_end 1 2
1581641425261442 131919735117504 coll_beg 0 0
1581641428959327 131919735117504 coll_end 0 0
1581641430867307 131919735117504 emit_beg 449 0
1581641436545139 131919735117504 emit_end 449 0
1581641436547979 131919735117504 drain_beg 0 0
1581641436548559 131919735117504 drain_end 1 0
1581641436549419 131919735117504 subm_beg 1 0
1581641440230025 131919735117504 subm_end 1 0
1581641440230555 131919735117504 pump_beg 1 0
1581641451798582 131919735117504 pump_end 1 2
1581641454014301 131919735117504 coll_beg 0 0
1581641459521249 131919735117504 coll_end 0 0
1581641461576344 131919735117504 emit_beg 450 0
1581641477753263 131919735117504 emit_end 450 0
1581641477756733 131919735117504 drain_beg 0 0
1581641477757283 131919735117504 drain_end 1 0
1581641477757623 131919735117504 subm_beg 1 0
1581641479593486 131919735117504 subm_end 1 0
1581641479594046 131919735117504 pump_beg 1 0
1581641487196048 131919735117504 pump_end 1 2
1581641490846164 131919735117504 coll_beg 0 0
1581641491500970 131919735117504 coll_end 0 0
1581641494556009 131919735117504 emit_beg 451 0
1581641501961198 131919735117504 emit_end 451 0
1581641515758004 131919735117504 drain_beg 0 0
1581641515759324 131919735117504 drain_end 1 0
1581641515760023 131919735117504 subm_beg 1 0
1581641519492467 131919735117504 subm_end 1 0
1581641519493117 131919735117504 pump_beg 1 0
1581641529661375 131919735117504 pump_end 1 2
1581641531628223 131919735117504 coll_beg 0 0
1581641534489679 131919735117504 coll_end 0 0
1581641536420238 131919735117504 emit_beg 452 0
1581641541967945 131919735117504 emit_end 452 0
1581641541970625 131919735117504 drain_beg 0 0
1581641541970975 131919735117504 drain_end 1 0
1581641541971235 131919735117504 subm_beg 1 0
1581641545619932 131919735117504 subm_end 1 0
1581641545620372 131919735117504 pump_beg 1 0
1581641556574301 131919735117504 pump_end 1 2
1581641559973187 131919735117504 coll_beg 0 0
1581641563342144 131919735117504 coll_end 0 0
1581641566082764 131919735117504 emit_beg 453 0
1581641571657900 131919735117504 emit_end 453 0
1581641571660810 131919735117504 drain_beg 0 0
1581641571661380 131919735117504 drain_end 1 0
1581641571661830 131919735117504 subm_beg 1 0
1581641575336126 131919735117504 subm_end 1 0
1581641575336506 131919735117504 pump_beg 1 0
1581641586559555 131919735117504 pump_end 1 2
1581641590291139 131919735117504 coll_beg 0 0
1581641595741470 131919735117504 coll_end 0 0
1581641597717597 131919735117504 emit_beg 454 0
1581641603565284 131919735117504 emit_end 454 0
1581641603568854 131919735117504 drain_beg 0 0
1581641603569464 131919735117504 drain_end 1 0
1581641603570134 131919735117504 subm_beg 1 0
1581641607191221 131919735117504 subm_end 1 0
1581641607191841 131919735117504 pump_beg 1 0
1581641617989386 131919735117504 pump_end 1 2
1581641620680338 131919735117504 coll_beg 0 0
1581641624048835 131919735117504 coll_end 0 0
1581641626332471 131919735117504 emit_beg 455 0
1581641631907158 131919735117504 emit_end 455 0
1581641631911177 131919735117504 drain_beg 0 0
1581641631911997 131919735117504 drain_end 1 0
1581641631912657 131919735117504 subm_beg 1 0
1581641635592613 131919735117504 subm_end 1 0
1581641635593003 131919735117504 pump_beg 1 0
1581641648498381 131919735117504 pump_end 1 2
1581641650766728 131919735117504 coll_beg 0 0
1581641655806024 131919735117504 coll_end 0 0
1581641657760072 131919735117504 emit_beg 456 0
1581641663435935 131919735117504 emit_end 456 0
1581641663440685 131919735117504 drain_beg 0 0
1581641663441415 131919735117504 drain_end 1 0
1581641663442085 131919735117504 subm_beg 1 0
1581641667082712 131919735117504 subm_end 1 0
1581641667083342 131919735117504 pump_beg 1 0
1581641678150107 131919735117504 pump_end 1 2
1581641680179163 131919735117504 coll_beg 0 0
1581641683565159 131919735117504 coll_end 0 0
1581641685897154 131919735117504 emit_beg 457 0
1581641692920797 131919735117504 emit_end 457 0
1581641692924857 131919735117504 drain_beg 0 0
1581641692925697 131919735117504 drain_end 1 0
1581641692926187 131919735117504 subm_beg 1 0
1581641696330322 131919735117504 subm_end 1 0
1581641696330922 131919735117504 pump_beg 1 0
1581641708544016 131919735117504 pump_end 1 2
1581641711089413 131919735117504 coll_beg 0 0
1581641716523664 131919735117504 coll_end 0 0
1581641718290860 131919735117504 emit_beg 458 0
1581641721888538 131919735117504 emit_end 458 0
1581641721892138 131919735117504 drain_beg 0 0
1581641721892758 131919735117504 drain_end 1 0
1581641721893218 131919735117504 subm_beg 1 0
1581641725285014 131919735117504 subm_end 1 0
1581641725285504 131919735117504 pump_beg 1 0
1581641736307951 131919735117504 pump_end 1 2
1581641738081276 131919735117504 coll_beg 0 0
1581641741366586 131919735117504 coll_end 0 0
1581641743266677 131919735117504 emit_beg 459 0
1581641750303489 131919735117504 emit_end 459 0
1581641764631116 131919735117504 drain_beg 0 0
1581641764635815 131919735117504 drain_end 1 0
1581641764636135 131919735117504 subm_beg 1 0
1581641768055780 131919735117504 subm_end 1 0
1581641768056140 131919735117504 pump_beg 1 0
1581641781015177 131919735117504 pump_end 1 2
1581641782853969 131919735117504 coll_beg 0 0
1581641787845877 131919735117504 coll_end 0 0
1581641789704429 131919735117504 emit_beg 460 0
1581641794979266 131919735117504 emit_end 460 0
1581641794982426 131919735117504 drain_beg 0 0
1581641794983126 131919735117504 drain_end 1 0
1581641794983736 131919735117504 subm_beg 1 0
1581641798445339 131919735117504 subm_end 1 0
1581641798445929 131919735117504 pump_beg 1 0
1581641807693701 131919735117504 pump_end 1 2
1581641810480689 131919735117504 coll_beg 0 0
1581641812570173 131919735117504 coll_end 0 0
1581641816024437 131919735117504 emit_beg 461 0
1581641823142527 131919735117504 emit_end 461 0
1581641823150966 131919735117504 drain_beg 0 0
1581641823152266 131919735117504 drain_end 1 0
1581641823153036 131919735117504 subm_beg 1 0
1581641826599510 131919735117504 subm_end 1 0
1581641826601370 131919735117504 pump_beg 1 0
1581641838280883 131919735117504 pump_end 1 2
1581641840022529 131919735117504 coll_beg 0 0
1581641843998484 131919735117504 coll_end 0 0
1581641845722371 131919735117504 emit_beg 462 0
1581641851190501 131919735117504 emit_end 462 0
1581641851193721 131919735117504 drain_beg 0 0
1581641851194291 131919735117504 drain_end 1 0
1581641851194721 131919735117504 subm_beg 1 0
1581641854528379 131919735117504 subm_end 1 0
1581641854528939 131919735117504 pump_beg 1 0
1581641861550523 131919735117504 pump_end 1 2
1581641863424654 131919735117504 coll_beg 0 0
1581641863473462 131919735117504 coll_end 0 0
1581641866948605 131919735117504 emit_beg 463 0
1581641875614328 131919735117504 emit_end 463 0
1581641886431423 131919735117504 drain_beg 0 0
1581641886432143 131919735117504 drain_end 1 0
1581641886432603 131919735117504 subm_beg 1 0
1581641889953154 131919735117504 subm_end 1 0
1581641889953554 131919735117504 pump_beg 1 0
1581641898358757 131919735117504 pump_end 1 2
1581641900259017 131919735117504 coll_beg 0 0
1581641902657800 131919735117504 coll_end 0 0
1581641904446574 131919735117504 emit_beg 464 0
1581641909750550 131919735117504 emit_end 464 0
1581641909754060 131919735117504 drain_beg 0 0
1581641909754610 131919735117504 drain_end 1 0
1581641909755140 131919735117504 subm_beg 1 0
1581641913268392 131919735117504 subm_end 1 0
1581641913268742 131919735117504 pump_beg 1 0
1581641923971601 131919735117504 pump_end 1 2
1581641927022889 131919735117504 coll_beg 0 0
1581641930339938 131919735117504 coll_end 0 0
1581641932106873 131919735117504 emit_beg 465 0
1581641937408060 131919735117504 emit_end 465 0
1581641953425734 131919735117504 drain_beg 0 0
1581641953426574 131919735117504 drain_end 1 0
1581641953426864 131919735117504 subm_beg 1 0
1581641956918506 131919735117504 subm_end 1 0
1581641956919066 131919735117504 pump_beg 1 0
1581641966045823 131919735117504 pump_end 1 2
1581641967882345 131919735117504 coll_beg 0 0
1581641969901971 131919735117504 coll_end 0 0
1581641971787593 131919735117504 emit_beg 466 0
1581641977143887 131919735117504 emit_end 466 0
1581641977147927 131919735117504 drain_beg 0 0
1581641977157066 131919735117504 drain_end 1 0
1581641977157966 131919735117504 subm_beg 1 0
1581641980636039 131919735117504 subm_end 1 0
1581641980638009 131919735117504 pump_beg 1 0
1581641991692565 131919735117504 pump_end 1 2
1581641994256661 131919735117504 coll_beg 0 0
1581641997609529 131919735117504 coll_end 0 0
1581641999426272 131919735117504 emit_beg 467 0
1581642004714899 131919735117504 emit_end 467 0
1581642020667806 131919735117504 drain_beg 0 0
1581642020668576 131919735117504 drain_end 1 0
1581642020669056 131919735117504 subm_beg 1 0
1581642024078421 131919735117504 subm_end 1 0
1581642024078831 131919735117504 pump_beg 1 0
1581642033761067 131919735117504 pump_end 1 2
1581642035541402 131919735117504 coll_beg 0 0
1581642037884076 131919735117504 coll_end 0 0
1581642039700250 131919735117504 emit_beg 468 0
1581642044994766 131919735117504 emit_end 468 0
1581642045009806 131919735117504 drain_beg 0 0
1581642045012376 131919735117504 drain_end 1 0
1581642045012646 131919735117504 subm_beg 1 0
1581642048472299 131919735117504 subm_end 1 0
1581642048472679 131919735117504 pump_beg 1 0
1581642058651767 131919735117504 pump_end 1 2
1581642062429319 131919735117504 coll_beg 0 0
1581642065295764 131919735117504 coll_end 0 0
1581642067153806 131919735117504 emit_beg 469 0
1581642074684361 131919735117504 emit_end 469 0
1581642074687871 131919735117504 drain_beg 0 0
1581642074688491 131919735117504 drain_end 1 0
1581642074689101 131919735117504 subm_beg 1 0
1581642078333978 131919735117504 subm_end 1 0
1581642078334558 131919735117504 pump_beg 1 0
1581642087330119 131919735117504 pump_end 1 2
1581642090440085 131919735117504 coll_beg 0 0
1581642092377754 131919735117504 coll_end 0 0
1581642096042320 131919735117504 emit_beg 470 0
1581642101749622 131919735117504 emit_end 470 0
1581642101752611 131919735117504 drain_beg 0 0
1581642101753131 131919735117504 drain_end 1 0
1581642101753581 131919735117504 subm_beg 1 0
1581642105421907 131919735117504 subm_end 1 0
1581642105422307 131919735117504 pump_beg 1 0
1581642116410676 131919735117504 pump_end 1 2
1581642119621718 131919735117504 coll_beg 0 0
1581642123208717 131919735117504 coll_end 0 0
1581642126230947 131919735117504 emit_beg 471 0
1581642131906129 131919735117504 emit_end 471 0
1581642131909479 131919735117504 drain_beg 0 0
1581642131910009 131919735117504 drain_end 1 0
1581642131910469 131919735117504 subm_beg 1 0
1581642135587685 131919735117504 subm_end 1 0
1581642135588075 131919735117504 pump_beg 1 0
1581642146775736 131919735117504 pump_end 1 2
1581642148670616 131919735117504 coll_beg 0 0
1581642152350042 131919735117504 coll_end 0 0
1581642154293541 131919735117504 emit_beg 472 0
1581642160022591 131919735117504 emit_end 472 0
1581642160025871 131919735117504 drain_beg 0 0
1581642160026401 131919735117504 drain_end 1 0
1581642160026691 131919735117504 subm_beg 1 0
1581642165834389 131919735117504 subm_end 1 0
1581642165834889 131919735117504 pump_beg 1 0
1581642177726274 131919735117504 pump_end 1 2
1581642181038483 131919735117504 coll_beg 0 0
1581642184898782 131919735117504 coll_end 0 0
1581642186771034 131919735117504 emit_beg 473 0
1581642192402168 131919735117504 emit_end 473 0
1581642192405897 131919735117504 drain_beg 0 0
1581642192406567 131919735117504 drain_end 1 0
1581642192407107 131919735117504 subm_beg 1 0
1581642196083053 131919735117504 subm_end 1 0
1581642196083593 131919735117504 pump_beg 1 0
1581642206727274 131919735117504 pump_end 1 2
1581642210122920 131919735117504 coll_beg 0 0
1581642213265645 131919735117504 coll_end 0 0
1581642216073832 131919735117504 emit_beg 474 0
1581642223452453 131919735117504 emit_end 474 0
1581642223455762 131919735117504 drain_beg 0 0
1581642223456562 131919735117504 drain_end 1 0
1581642223457342 131919735117504 subm_beg 1 0
1581642227159457 131919735117504 subm_end 1 0
1581642227159997 131919735117504 pump_beg 1 0
1581642239334412 131919735117504 pump_end 1 2
1581642242777636 131919735117504 coll_beg 0 0
1581642247154696 131919735117504 coll_end 0 0
1581642249016848 131919735117504 emit_beg 475 0
1581642252837248 131919735117504 emit_end 475 0
1581642252849428 131919735117504 drain_beg 0 0
1581642252850208 131919735117504 drain_end 1 0
1581642252850688 131919735117504 subm_beg 1 0
1581642256557712 131919735117504 subm_end 1 0
1581642256558132 131919735117504 pump_beg 1 0
1581642267978605 131919735117504 pump_end 1 2
1581642270446355 131919735117504 coll_beg 0 0
1581642274232316 131919735117504 coll_end 0 0
1581642276123287 131919735117504 emit_beg 476 0
1581642283603204 131919735117504 emit_end 476 0
1581642283605904 131919735117504 drain_beg 0 0
1581642283606384 131919735117504 drain_end 1 0
1581642283606733 131919735117504 subm_beg 1 0
1581642287208092 131919735117504 subm_end 1 0
1581642287208492 131919735117504 pump_beg 1 0
1581642298546347 131919735117504 pump_end 1 2
1581642301867516 131919735117504 coll_beg 0 0
1581642305685196 131919735117504 coll_end 0 0
1581642307565838 131919735117504 emit_beg 477 0
1581642315058534 131919735117504 emit_end 477 0
1581642315069593 131919735117504 drain_beg 0 0
1581642315070793 131919735117504 drain_end 1 0
1581642315071453 131919735117504 subm_beg 1 0
1581642318691231 131919735117504 subm_end 1 0
1581642318691721 131919735117504 pump_beg 1 0
1581642326015443 131919735117504 pump_end 1 2
1581642329336022 131919735117504 coll_beg 0 0
1581642329713828 131919735117504 coll_end 0 0
1581642333016767 131919735117504 emit_beg 478 0
1581642340376538 131919735117504 emit_end 478 0
1581642352378209 131919735117504 drain_beg 0 0
1581642352383519 131919735117504 drain_end 1 0
1581642352384759 131919735117504 subm_beg 1 0
1581642357994114 131919735117504 subm_end 1 0
1581642357994544 131919735117504 pump_beg 1 0
1581642368105165 131919735117504 pump_end 1 2
1581642369982116 131919735117504 coll_beg 0 0
1581642371876107 131919735117504 coll_end 0 0
1581642373779227 131919735117504 emit_beg 479 0
1581642377573828 131919735117504 emit_end 479 0
1581642377577238 131919735117504 drain_beg 0 0
1581642377577768 131919735117504 drain_end 1 0
1581642377578368 131919735117504 subm_beg 1 0
1581642381440877 131919735117504 subm_end 1 0
1581642381441417 131919735117504 pump_beg 1 0
1581642391104044 131919735117504 pump_end 1 2
1581642393192967 131919735117504 coll_beg 0 0
1581642396289114 131919735117504 coll_end 0 0
1581642398743015 131919735117504 emit_beg 480 0
1581642406175423 131919735117504 emit_end 480 0
1581642406178163 131919735117504 drain_beg 0 0
1581642406178473 131919735117504 drain_end 1 0
1581642406178813 131919735117504 subm_beg 1 0
1581642409853318 131919735117504 subm_end 1 0
1581642409853698 131919735117504 pump_beg 1 0
1581642421817051 131919735117504 pump_end 1 2
1581642424702345 131919735117504 coll_beg 0 0
1581642431045694 131919735117504 coll_end 0 0
1581642433017291 131919735117504 emit_beg 481 0
1581642436495234 131919735117504 emit_end 481 0
1581642454399850 131919735117504 drain_beg 0 0
1581642454404730 131919735117504 drain_end 1 0
1581642454405920 131919735117504 subm_beg 1 0
1581642457982839 131919735117504 subm_end 1 0
1581642457985409 131919735117504 pump_beg 1 0
1581642468468166 131919735117504 pump_end 1 2
1581642470539410 131919735117504 coll_beg 0 0
1581642474037622 131919735117504 coll_end 0 0
1581642475856705 131919735117504 emit_beg 482 0
1581642479403996 131919735117504 emit_end 482 0
1581642479409666 131919735117504 drain_beg 0 0
1581642479410436 131919735117504 drain_end 1 0
1581642479411266 131919735117504 subm_beg 1 0
1581642482919737 131919735117504 subm_end 1 0
1581642482920367 131919735117504 pump_beg 1 0
1581642494890990 131919735117504 pump_end 1 2
1581642498239037 131919735117504 coll_beg 0 0
1581642502443414 131919735117504 coll_end 0 0
1581642505633067 131919735117504 emit_beg 483 0
1581642510967202 131919735117504 emit_end 483 0
1581642510970432 131919735117504 drain_beg 0 0
1581642510971092 131919735117504 drain_end 1 0
1581642510971572 131919735117504 subm_beg 1 0
1581642514449525 131919735117504 subm_end 1 0
1581642514449985 131919735117504 pump_beg 1 0
1581642526692087 131919735117504 pump_end 1 2
1581642529808543 131919735117504 coll_beg 0 0
1581642534329668 131919735117504 coll_end 0 0
1581642536111323 131919735117504 emit_beg 484 0
1581642541488446 131919735117504 emit_end 484 0
1581642541491336 131919735117504 drain_beg 0 0
1581642541491806 131919735117504 drain_end 1 0
1581642541492256 131919735117504 subm_beg 1 0
1581642544840224 131919735117504 subm_end 1 0
1581642544840714 131919735117504 pump_beg 1 0
1581642554147843 131919735117504 pump_end 1 2
1581642556315144 131919735117504 coll_beg 0 0
1581642558453206 131919735117504 coll_end 0 0
1581642561563232 131919735117504 emit_beg 485 0
1581642568547877 131919735117504 emit_end 485 0
1581642583044977 131919735117504 drain_beg 0 0
1581642583045647 131919735117504 drain_end 1 0
1581642583045947 131919735117504 subm_beg 1 0
1581642586484821 131919735117504 subm_end 1 0
1581642586489681 131919735117504 pump_beg 1 0
1581642597183460 131919735117504 pump_end 1 2
1581642598942436 131919735117504 coll_beg 0 0
1581642602144469 131919735117504 coll_end 0 0
1581642603912644 131919735117504 emit_beg 486 0
1581642609234990 131919735117504 emit_end 486 0
1581642609238230 131919735117504 drain_beg 0 0
1581642609238740 131919735117504 drain_end 1 0
1581642609239189 131919735117504 subm_beg 1 0
1581642612693953 131919735117504 subm_end 1 0
1581642612694423 131919735117504 pump_beg 1 0
1581642621503521 131919735117504 pump_end 1 2
1581642623322355 131919735117504 coll_beg 0 0
1581642625352020 131919735117504 coll_end 0 0
1581642628765946 131919735117504 emit_beg 487 0
1581642634004114 131919735117504 emit_end 487 0
1581642648204895 131919735117504 drain_beg 0 0
1581642648205735 131919735117504 drain_end 1 0
1581642648206175 131919735117504 subm_beg 1 0
1581642651650299 131919735117504 subm_end 1 0
1581642651650839 131919735117504 pump_beg 1 0
1581642658550787 131919735117504 pump_end 1 2
1581642660448237 131919735117504 coll_beg 0 0
1581642660652990 131919735117504 coll_end 0 0
1581642662413936 131919735117504 emit_beg 488 0
1581642667699932 131919735117504 emit_end 488 0
1581642680238294 131919735117504 drain_beg 0 0
1581642680238934 131919735117504 drain_end 1 0
1581642680239344 131919735117504 subm_beg 1 0
1581642683747906 131919735117504 subm_end 1 0
1581642683748316 131919735117504 pump_beg 1 0
1581642695680679 131919735117504 pump_end 1 2
1581642697687376 131919735117504 coll_beg 0 0
1581642701995949 131919735117504 coll_end 0 0
1581642703891109 131919735117504 emit_beg 489 0
1581642707489728 131919735117504 emit_end 489 0
1581642707492698 131919735117504 drain_beg 0 0
1581642707493148 131919735117504 drain_end 1 0
1581642707493788 131919735117504 subm_beg 1 0
1581642710988930 131919735117504 subm_end 1 0
1581642710989320 131919735117504 pump_beg 1 0
1581642722747700 131919735117504 pump_end 1 2
1581642725211090 131919735117504 coll_beg 0 0
1581642729004611 131919735117504 coll_end 0 0
1581642730830465 131919735117504 emit_beg 490 0
1581642737879327 131919735117504 emit_end 490 0
1581642737883317 131919735117504 drain_beg 0 0
1581642737883907 131919735117504 drain_end 1 0
1581642737884457 131919735117504 subm_beg 1 0
1581642741298702 131919735117504 subm_end 1 0
1581642741299282 131919735117504 pump_beg 1 0
1581642752687826 131919735117504 pump_end 1 2
1581642755950066 131919735117504 coll_beg 0 0
1581642759560824 131919735117504 coll_end 0 0
1581642761350849 131919735117504 emit_beg 491 0
1581642764879250 131919735117504 emit_end 491 0
1581642764882270 131919735117504 drain_beg 0 0
1581642764882860 131919735117504 drain_end 1 0
1581642764883640 131919735117504 subm_beg 1 0
1581642768399561 131919735117504 subm_end 1 0
1581642768400001 131919735117504 pump_beg 1 0
1581642779184087 131919735117504 pump_end 1 2
1581642782690599 131919735117504 coll_beg 0 0
1581642786769399 131919735117504 coll_end 0 0
1581642788521855 131919735117504 emit_beg 492 0
1581642795589657 131919735117504 emit_end 492 0
1581642795593057 131919735117504 drain_beg 0 0
1581642795593537 131919735117504 drain_end 1 0
1581642795594277 131919735117504 subm_beg 1 0
1581642799007672 131919735117504 subm_end 1 0
1581642799008172 131919735117504 pump_beg 1 0
1581642809151111 131919735117504 pump_end 1 2
1581642811270214 131919735117504 coll_beg 0 0
1581642813963915 131919735117504 coll_end 0 0
1581642815831477 131919735117504 emit_beg 493 0
1581642819581760 131919735117504 emit_end 493 0
1581642837407458 131919735117504 drain_beg 0 0
1581642837408458 131919735117504 drain_end 1 0
1581642837408838 131919735117504 subm_beg 1 0
1581642841128782 131919735117504 subm_end 1 0
1581642841129652 131919735117504 pump_beg 1 0
1581642853716522 131919735117504 pump_end 1 2
1581642855652242 131919735117504 coll_beg 0 0
1581642861424420 131919735117504 coll_end 0 0
1581642863425537 131919735117504 emit_beg 494 0
1581642869133569 131919735117504 emit_end 494 0
1581642869137388 131919735117504 drain_beg 0 0
1581642869138078 131919735117504 drain_end 1 0
1581642869144738 131919735117504 subm_beg 1 0
1581642872807224 131919735117504 subm_end 1 0
1581642872807544 131919735117504 pump_beg 1 0
1581642882546208 131919735117504 pump_end 1 2
1581642885211591 131919735117504 coll_beg 0 0
1581642887364952 131919735117504 coll_end 0 0
1581642891044258 131919735117504 emit_beg 495 0
1581642896608644 131919735117504 emit_end 495 0
1581642911948693 131919735117504 drain_beg 0 0
1581642911949553 131919735117504 drain_end 1 0
1581642911950013 131919735117504 subm_beg 1 0
1581642915577871 131919735117504 subm_end 1 0
1581642915578311 131919735117504 pump_beg 1 0
1581642924437917 131919735117504 pump_end 1 2
1581642926359417 131919735117504 coll_beg 0 0
1581642928076174 131919735117504 coll_end 0 0
1581642929981514 131919735117504 emit_beg 496 0
1581642935541271 131919735117504 emit_end 496 0
1581642935544831 131919735117504 drain_beg 0 0
1581642935545341 131919735117504 drain_end 1 0
1581642935545811 131919735117504 subm_beg 1 0
1581642939199167 131919735117504 subm_end 1 0
1581642939202387 131919735117504 pump_beg 1 0
1581642947901869 131919735117504 pump_end 1 2
1581642951147760 131919735117504 coll_beg 0 0
1581642952658835 131919735117504 coll_end 0 0
1581642954856295 131919735117504 emit_beg 497 0
1581642962440778 131919735117504 emit_end 497 0
1581642962443777 131919735117504 drain_beg 0 0
1581642962444157 131919735117504 drain_end 1 0
1581642962444537 131919735117504 subm_beg 1 0
1581642966213670 131919735117504 subm_end 1 0
1581642966215770 131919735117504 pump_beg 1 0
1581642973082619 131919735117504 pump_end 1 2
1581642976374138 131919735117504 coll_beg 0 0
1581642976527823 131919735117504 coll_end 0 0
1581642980106272 131919735117504 emit_beg 498 0
1581642987454863 131919735117504 emit_end 498 0
1581642987458273 131919735117504 drain_beg 0 0
1581642987458673 131919735117504 drain_end 1 0
1581642987458993 131919735117504 subm_beg 1 0
1581642991087810 131919735117504 subm_end 1 0
1581642991088250 131919735117504 pump_beg 1 0
1581643002849010 131919735117504 pump_end 1 2
1581643006497397 131919735117504 coll_beg 0 0
1581643011055190 131919735117504 coll_end 0 0
1581643013627846 131919735117504 emit_beg 499 0
1581643019305499 131919735117504 emit_end 499 0
1581643019309259 131919735117504 drain_beg 0 0
1581643019309859 131919735117504 drain_end 1 0
1581643019310689 131919735117504 subm_beg 1 0
1581643022965055 131919735117504 subm_end 1 0
1581643022968655 131919735117504 pump_beg 1 0
1581643031288461 131919735117504 pump_end 1 2
1581643034241773 131919735117504 coll_beg 0 0
1581643035418080 131919735117504 coll_end 0 0
1581643038024084 131919735117504 emit_beg 500 0
1581643045385995 131919735117504 emit_end 500 0
1581643058046592 131919735117504 drain_beg 0 0
1581643058047522 131919735117504 drain_end 1 0
1581643058047852 131919735117504 subm_beg 1 0
1581643061788406 131919735117504 subm_end 1 0
1581643061788936 131919735117504 pump_beg 1 0
1581643073884674 131919735117504 pump_end 1 2
1581643075770765 131919735117504 coll_beg 0 0
1581643079752119 131919735117504 coll_end 0 0
1581643081644270 131919735117504 emit_beg 501 0
1581643087239285 131919735117504 emit_end 501 0
1581643087242045 131919735117504 drain_beg 0 0
1581643087242515 131919735117504 drain_end 1 0
1581643087242825 131919735117504 subm_beg 1 0
1581643090885012 131919735117504 subm_end 1 0
1581643090885412 131919735117504 pump_beg 1 0
1581643099148120 131919735117504 pump_end 1 2
1581643102384942 131919735117504 coll_beg 0 0
1581643102813146 131919735117504 coll_end 0 0
1581643106125845 131919735117504 emit_beg 502 0
1581643113599872 131919735117504 emit_end 502 0
1581643127230583 131919735117504 drain_beg 0 0
1581643127232093 131919735117504 drain_end 1 0
1581643127232713 131919735117504 subm_beg 1 0
1581643130908279 131919735117504 subm_end 1 0
1581643130909229 131919735117504 pump_beg 1 0
1581643142075851 131919735117504 pump_end 1 2
1581643146095504 131919735117504 coll_beg 0 0
1581643149285487 131919735117504 coll_end 0 0
1581643151182148 131919735117504 emit_beg 503 0
1581643156832061 131919735117504 emit_end 503 0
1581643156841941 131919735117504 drain_beg 0 0
1581643156842501 131919735117504 drain_end 1 0
1581643156843021 131919735117504 subm_beg 1 0
1581643160560745 131919735117504 subm_end 1 0
1581643160562415 131919735117504 pump_beg 1 0
1581643171868552 131919735117504 pump_end 1 2
1581643175308686 131919735117504 coll_beg 0 0
1581643180385200 131919735117504 coll_end 0 0
1581643182225523 131919735117504 emit_beg 504 0
1581643187795769 131919735117504 emit_end 504 0
1581643187798219 131919735117504 drain_beg 0 0
1581643187798589 131919735117504 drain_end 1 0
1581643187798859 131919735117504 subm_beg 1 0
1581643191453986 131919735117504 subm_end 1 0
1581643191454486 131919735117504 pump_beg 1 0
1581643199323298 131919735117504 pump_end 1 2
1581643202439884 131919735117504 coll_beg 0 0
1581643203482216 131919735117504 coll_end 0 0
1581643206090771 131919735117504 emit_beg 505 0
1581643213245559 131919735117504 emit_end 505 0
1581643226575362 131919735117504 drain_beg 0 0
1581643226576052 131919735117504 drain_end 1 0
1581643226576382 131919735117504 subm_beg 1 0
1581643229999996 131919735117504 subm_end 1 0
1581643230000376 131919735117504 pump_beg 1 0
1581643241203017 131919735117504 pump_end 1 2
1581643243153016 131919735117504 coll_beg 0 0
1581643246056630 131919735117504 coll_end 0 0
1581643247912272 131919735117504 emit_beg 506 0
1581643253334633 131919735117504 emit_end 506 0
1581643253345393 131919735117504 drain_beg 0 0
1581643253345883 131919735117504 drain_end 1 0
1581643253346353 131919735117504 subm_beg 1 0
1581643256746549 131919735117504 subm_end 1 0
1581643256746899 131919735117504 pump_beg 1 0
1581643265752870 131919735117504 pump_end 1 2
1581643268598916 131919735117504 coll_beg 0 0
1581643270464557 131919735117504 coll_end 0 0
1581643272210613 131919735117504 emit_beg 507 0
1581643277509750 131919735117504 emit_end 507 0
1581643291598785 131919735117504 drain_beg 0 0
1581643291599885 131919735117504 drain_end 1 0
1581643291600445 131919735117504 subm_beg 1 0
1581643295159364 131919735117504 subm_end 1 0
1581643295159784 131919735117504 pump_beg 1 0
1581643303080825 131919735117504 pump_end 1 2
1581643305031034 131919735117504 coll_beg 0 0
1581643305499616 131919735117504 coll_end 0 0
1581643307251572 131919735117504 emit_beg 508 0
1581643312490051 131919735117504 emit_end 508 0
1581643325378470 131919735117504 drain_beg 0 0
1581643325378970 131919735117504 drain_end 1 0
1581643325379280 131919735117504 subm_beg 1 0
1581643328927820 131919735117504 subm_end 1 0
1581643328928570 131919735117504 pump_beg 1 0
1581643341559158 131919735117504 pump_end 1 2
1581643343560185 131919735117504 coll_beg 0 0
1581643347202232 131919735117504 coll_end 0 0
1581643348968827 131919735117504 emit_beg 509 0
1581643354301912 131919735117504 emit_end 509 0
1581643354304642 131919735117504 drain_beg 0 0
1581643354305132 131919735117504 drain_end 1 0
1581643354305692 131919735117504 subm_beg 1 0
1581643357769376 131919735117504 subm_end 1 0
1581643357769736 131919735117504 pump_beg 1 0
1581643368876510 131919735117504 pump_end 1 2
1581643371845191 131919735117504 coll_beg 0 0
1581643376016959 131919735117504 coll_end 0 0
1581643377762705 131919735117504 emit_beg 510 0
1581643381283866 131919735117504 emit_end 510 0
1581643381286966 131919735117504 drain_beg 0 0
1581643381287456 131919735117504 drain_end 1 0
1581643381287946 131919735117504 subm_beg 1 0
1581643384792518 131919735117504 subm_end 1 0
1581643384792988 131919735117504 pump_beg 1 0
1581643394111087 131919735117504 pump_end 1 2
1581643397185805 131919735117504 coll_beg 0 0
1581643399004388 131919735117504 coll_end 0 0
1581643402467932 131919735117504 emit_beg 511 0
1581643409397928 131919735117504 emit_end 511 0
1581643423034680 131919735117504 drain_beg 0 0
1581643423035190 131919735117504 drain_end 1 0
1581643423035470 131919735117504 subm_beg 1 0
1581643426463334 131919735117504 subm_end 1 0
1581643426463724 131919735117504 pump_beg 1 0
1581643439333994 131919735117504 pump_end 1 2
1581643441230625 131919735117504 coll_beg 0 0
1581643445299876 131919735117504 coll_end 0 0
1581643447147738 131919735117504 emit_beg 512 0
1581643450763346 131919735117504 emit_end 512 0
1581643450777806 131919735117504 drain_beg 0 0
1581643450778276 131919735117504 drain_end 1 0
1581643450778886 131919735117504 subm_beg 1 0
1581643454237749 131919735117504 subm_end 1 0
1581643454238049 131919735117504 pump_beg 1 0
1581643466071137 131919735117504 pump_end 1 2
1581643469044048 131919735117504 coll_beg 0 0
1581643473962638 131919735117504 coll_end 0 0
1581643475756272 131919735117504 emit_beg 513 0
1581643481138296 131919735117504 emit_end 513 0
1581643497985320 131919735117504 drain_beg 0 0
1581643497986150 131919735117504 drain_end 1 0
1581643497986470 131919735117504 subm_beg 1 0
1581643501487652 131919735117504 subm_end 1 0
1581643501488082 131919735117504 pump_beg 1 0
1581643510619568 131919735117504 pump_end 1 2
1581643512393223 131919735117504 coll_beg 0 0
1581643514496566 131919735117504 coll_end 0 0
1581643516310900 131919735117504 emit_beg 514 0
1581643521611896 131919735117504 emit_end 514 0
1581643521614566 131919735117504 drain_beg 0 0
1581643521615076 131919735117504 drain_end 1 0
1581643521615526 131919735117504 subm_beg 1 0
1581643524994862 131919735117504 subm_end 1 0
1581643524995172 131919735117504 pump_beg 1 0
1581643534109649 131919735117504 pump_end 1 2
1581643536541100 131919735117504 coll_beg 0 0
1581643538614295 131919735117504 coll_end 0 0
1581643541806448 131919735117504 emit_beg 515 0
1581643547075285 131919735117504 emit_end 515 0
1581643547085925 131919735117504 drain_beg 0 0
1581643547087585 131919735117504 drain_end 1 0
1581643547088855 131919735117504 subm_beg 1 0
1581643550741011 131919735117504 subm_end 1 0
1581643550741761 131919735117504 pump_beg 1 0
1581643562202292 131919735117504 pump_end 1 2
1581643564517268 131919735117504 coll_beg 0 0
1581643569170328 131919735117504 coll_end 0 0
1581643570964842 131919735117504 emit_beg 516 0
1581643576299887 131919735117504 emit_end 516 0
1581643592884351 131919735117504 drain_beg 0 0
1581643592885081 131919735117504 drain_end 1 0
1581643592885421 131919735117504 subm_beg 1 0
1581643596361793 131919735117504 subm_end 1 0
1581643596362213 131919735117504 pump_beg 1 0
1581643606784232 131919735117504 pump_end 1 2
1581643608703182 131919735117504 coll_beg 0 0
1581643612188755 131919735117504 coll_end 0 0
1581643614151703 131919735117504 emit_beg 517 0
1581643619858185 131919735117504 emit_end 517 0
1581643619860895 131919735117504 drain_beg 0 0
1581643619861344 131919735117504 drain_end 1 0
1581643619861744 131919735117504 subm_beg 1 0
1581643623532150 131919735117504 subm_end 1 0
1581643623535490 131919735117504 pump_beg 1 0
1581643635737284 131919735117504 pump_end 1 2
1581643638172495 131919735117504 coll_beg 0 0
1581643642593833 131919735117504 coll_end 0 0
1581643644671407 131919735117504 emit_beg 518 0
1581643648503977 131919735117504 emit_end 518 0
1581643668220747 131919735117504 drain_beg 0 0
1581643668221777 131919735117504 drain_end 1 0
1581643668222187 131919735117504 subm_beg 1 0
1581643671902712 131919735117504 subm_end 1 0
1581643671903362 131919735117504 pump_beg 1 0
1581643683184179 131919735117504 pump_end 1 2
1581643685281153 131919735117504 coll_beg 0 0
1581643689439871 131919735117504 coll_end 0 0
1581643691477786 131919735117504 emit_beg 519 0
1581643697122050 131919735117504 emit_end 519 0
1581643697125060 131919735117504 drain_beg 0 0
1581643697125600 131919735117504 drain_end 1 0
1581643697125930 131919735117504 subm_beg 1 0
1581643700753557 131919735117504 subm_end 1 0
1581643700753917 131919735117504 pump_beg 1 0
1581643712506038 131919735117504 pump_end 1 2
1581643715643633 131919735117504 coll_beg 0 0
1581643722316059 131919735117504 coll_end 0 0
1581643724257698 131919735117504 emit_beg 520 0
1581643730457581 131919735117504 emit_end 520 0
1581643730460651 131919735117504 drain_beg 0 0
1581643730461061 131919735117504 drain_end 1 0
1581643730461401 131919735117504 subm_beg 1 0
1581643734111708 131919735117504 subm_end 1 0
1581643734112228 131919735117504 pump_beg 1 0
1581643744487738 131919735117504 pump_end 1 2
1581643747468170 131919735117504 coll_beg 0 0
1581643751000930 131919735117504 coll_end 0 0
1581643752868132 131919735117504 emit_beg 521 0
1581643758569624 131919735117504 emit_end 521 0
1581643774736603 131919735117504 drain_beg 0 0
1581643774738463 131919735117504 drain_end 1 0
1581643774739143 131919735117504 subm_beg 1 0
1581643778448527 131919735117504 subm_end 1 0
1581643778450047 131919735117504 pump_beg 1 0
1581643790301724 131919735117504 pump_end 1 2
1581643792215364 131919735117504 coll_beg 0 0
1581643796639812 131919735117504 coll_end 0 0
1581643798546282 131919735117504 emit_beg 522 0
1581643802347893 131919735117504 emit_end 522 0
1581643802351593 131919735117504 drain_beg 0 0
1581643802352213 131919735117504 drain_end 1 0
1581643802352763 131919735117504 subm_beg 1 0
1581643805981310 131919735117504 subm_end 1 0
1581643805981680 131919735117504 pump_beg 1 0
1581643817591356 131919735117504 pump_end 1 2
1581643821077169 131919735117504 coll_beg 0 0
1581643825039664 131919735117504 coll_end 0 0
1581643827076009 131919735117504 emit_beg 523 0
1581643830864441 131919735117504 emit_end 523 0
1581643849749341 131919735117504 drain_beg 0 0
1581643849750800 131919735117504 drain_end 1 0
1581643849751410 131919735117504 subm_beg 1 0
1581643853418826 131919735117504 subm_end 1 0
1581643853419246 131919735117504 pump_beg 1 0
1581643862063100 131919735117504 pump_end 1 2
1581643864096866 131919735117504 coll_beg 0 0
1581643865685788 131919735117504 coll_end 0 0
1581643867577419 131919735117504 emit_beg 524 0
1581643873021530 131919735117504 emit_end 524 0
1581643873024020 131919735117504 drain_beg 0 0
1581643873024380 131919735117504 drain_end 1 0
1581643873024630 131919735117504 subm_beg 1 0
1581643876695985 131919735117504 subm_end 1 0
1581643876698405 131919735117504 pump_beg 1 0
1581643889188989 131919735117504 pump_end 1 2
1581643891034941 131919735117504 coll_beg 0 0
1581643895339624 131919735117504 coll_end 0 0
1581643897213155 131919735117504 emit_beg 525 0
1581643902763043 131919735117504 emit_end 525 0
1581643920201995 131919735117504 drain_beg 0 0
1581643920202735 131919735117504 drain_end 1 0
1581643920203085 131919735117504 subm_beg 1 0
1581643923904910 131919735117504 subm_end 1 0
1581643923905360 131919735117504 pump_beg 1 0
1581643933223849 131919735117504 pump_end 1 2
1581643935098660 131919735117504 coll_beg 0 0
1581643937214393 131919735117504 coll_end 0 0
1581643939021187 131919735117504 emit_beg 526 0
1581643944576464 131919735117504 emit_end 526 0
1581643944579564 131919735117504 drain_beg 0 0
1581643944580064 131919735117504 drain_end 1 0
1581643944580514 131919735117504 subm_beg 1 0
1581643948211241 131919735117504 subm_end 1 0
1581643948211631 131919735117504 pump_beg 1 0
1581643959144591 131919735117504 pump_end 1 2
1581643962537607 131919735117504 coll_beg 0 0
1581643965887095 131919735117504 coll_end 0 0
1581643967758526 131919735117504 emit_beg 527 0
1581643973530576 131919735117504 emit_end 527 0
1581643990074671 131919735117504 drain_beg 0 0
1581643990075551 131919735117504 drain_end 1 0
1581643990075931 131919735117504 subm_beg 1 0
1581643993796795 131919735117504 subm_end 1 0
1581643993797395 131919735117504 pump_beg 1 0
1581644003986812 131919735117504 pump_end 1 2
1581644005994929 131919735117504 coll_beg 0 0
1581644008710639 131919735117504 coll_end 0 0
1581644010649169 131919735117504 emit_beg 528 0
1581644014368823 131919735117504 emit_end 528 0
1581644014372212 131919735117504 drain_beg 0 0
1581644014372992 131919735117504 drain_end 1 0
1581644014373692 131919735117504 subm_beg 1 0
1581644018065297 131919735117504 subm_end 1 0
1581644018065817 131919735117504 pump_beg 1 0
1581644029416672 131919735117504 pump_end 1 2
1581644031974819 131919735117504 coll_beg 0 0
1581644035629455 131919735117504 coll_end 0 0
1581644038037057 131919735117504 emit_beg 529 0
1581644045313041 131919735117504 emit_end 529 0
1581644045316171 131919735117504 drain_beg 0 0
1581644045316791 131919735117504 drain_end 1 0
1581644045317361 131919735117504 subm_beg 1 0
1581644048783174 131919735117504 subm_end 1 0
1581644048788004 131919735117504 pump_beg 1 0
1581644058123833 131919735117504 pump_end 1 2
1581644059956746 131919735117504 coll_beg 0 0
1581644062046260 131919735117504 coll_end 0 0
1581644065509303 131919735117504 emit_beg 530 0
1581644070735282 131919735117504 emit_end 530 0
1581644085199633 131919735117504 drain_beg 0 0
1581644085200843 131919735117504 drain_end 1 0
1581644085201183 131919735117504 subm_beg 1 0
1581644088671466 131919735117504 subm_end 1 0
1581644088671926 131919735117504 pump_beg 1 0
1581644099155203 131919735117504 pump_end 1 2
1581644100945078 131919735117504 coll_beg 0 0
1581644103916409 131919735117504 coll_end 0 0
1581644105682764 131919735117504 emit_beg 531 0
1581644110928163 131919735117504 emit_end 531 0
1581644110931593 131919735117504 drain_beg 0 0
1581644110932242 131919735117504 drain_end 1 0
1581644110932842 131919735117504 subm_beg 1 0
1581644114321999 131919735117504 subm_end 1 0
1581644114322369 131919735117504 pump_beg 1 0
1581644124901592 131919735117504 pump_end 1 2
1581644128147103 131919735117504 coll_beg 0 0
1581644131565128 131919735117504 coll_end 0 0
1581644133317114 131919735117504 emit_beg 532 0
1581644138664949 131919735117504 emit_end 532 0
1581644138668239 131919735117504 drain_beg 0 0
1581644138668719 131919735117504 drain_end 1 0
1581644138669188 131919735117504 subm_beg 1 0
1581644142073304 131919735117504 subm_end 1 0
1581644142074294 131919735117504 pump_beg 1 0
1581644150577443 131919735117504 pump_end 1 2
1581644152620219 131919735117504 coll_beg 0 0
1581644153987699 131919735117504 coll_end 0 0
1581644156099011 131919735117504 emit_beg 533 0
1581644163076116 131919735117504 emit_end 533 0
1581644163078806 131919735117504 drain_beg 0 0
1581644163079126 131919735117504 drain_end 1 0
1581644163079366 131919735117504 subm_beg 1 0
1581644166498621 131919735117504 subm_end 1 0
1581644166499091 131919735117504 pump_beg 1 0
1581644178351438 131919735117504 pump_end 1 2
1581644181311200 131919735117504 coll_beg 0 0
1581644185430949 131919735117504 coll_end 0 0
1581644187220784 131919735117504 emit_beg 534 0
1581644194368192 131919735117504 emit_end 534 0
1581644194371202 131919735117504 drain_beg 0 0
1581644194371912 131919735117504 drain_end 1 0
1581644194372342 131919735117504 subm_beg 1 0
1581644197808447 131919735117504 subm_end 1 0
1581644197808907 131919735117504 pump_beg 1 0
1581644206471800 131919735117504 pump_end 1 2
1581644209814928 131919735117504 coll_beg 0 0
1581644211435578 131919735117504 coll_end 0 0
1581644213292651 131919735117504 emit_beg 535 0
1581644220242806 131919735117504 emit_end 535 0
1581644220245836 131919735117504 drain_beg 0 0
1581644220246316 131919735117504 drain_end 1 0
1581644220246786 131919735117504 subm_beg 1 0
1581644223715460 131919735117504 subm_end 1 0
1581644223715950 131919735117504 pump_beg 1 0
1581644236295440 131919735117504 pump_end 1 2
1581644238106423 131919735117504 coll_beg 0 0
1581644243039413 131919735117504 coll_end 0 0
1581644244827358 131919735117504 emit_beg 536 0
1581644251903389 131919735117504 emit_end 536 0
1581644251906429 131919735117504 drain_beg 0 0
1581644251906909 131919735117504 drain_end 1 0
1581644251907349 131919735117504 subm_beg 1 0
1581644255325774 131919735117504 subm_end 1 0
1581644255326244 131919735117504 pump_beg 1 0
1581644265032489 131919735117504 pump_end 1 2
1581644267652253 131919735117504 coll_beg 0 0
1581644269789755 131919735117504 coll_end 0 0
1581644271570050 131919735117504 emit_beg 537 0
1581644276888526 131919735117504 emit_end 537 0
1581644291007989 131919735117504 drain_beg 0 0
1581644291008719 131919735117504 drain_end 1 0
1581644291008989 131919735117504 subm_beg 1 0
1581644294476743 131919735117504 subm_end 1 0
1581644294477173 131919735117504 pump_beg 1 0
1581644303278651 131919735117504 pump_end 1 2
1581644305190451 131919735117504 coll_beg 0 0
1581644307140430 131919735117504 coll_end 0 0
1581644308866887 131919735117504 emit_beg 538 0
1581644314114885 131919735117504 emit_end 538 0
1581644314118625 131919735117504 drain_beg 0 0
1581644314119285 131919735117504 drain_end 1 0
1581644314125644 131919735117504 subm_beg 1 0
1581644317576258 131919735117504 subm_end 1 0
1581644317576758 131919735117504 pump_beg 1 0
1581644328587086 131919735117504 pump_end 1 2
1581644330737267 131919735117504 coll_beg 0 0
1581644333921441 131919735117504 coll_end 0 0
1581644335698796 131919735117504 emit_beg 539 0
1581644340961293 131919735117504 emit_end 539 0
1581644356617791 131919735117504 drain_beg 0 0
1581644356619021 131919735117504 drain_end 1 0
1581644356619711 131919735117504 subm_beg 1 0
1581644360096944 131919735117504 subm_end 1 0
1581644360097364 131919735117504 pump_beg 1 0
1581644368444089 131919735117504 pump_end 1 2
1581644370224614 131919735117504 coll_beg 0 0
1581644370808852 131919735117504 coll_end 0 0
1581644372531709 131919735117504 emit_beg 540 0
1581644379646089 131919735117504 emit_end 540 0
1581644379648729 131919735117504 drain_beg 0 0
1581644379649349 131919735117504 drain_end 1 0
1581644379649779 131919735117504 subm_beg 1 0
1581644383160251 131919735117504 subm_end 1 0
1581644383160811 131919735117504 pump_beg 1 0
1581644393449235 131919735117504 pump_end 1 2
1581644396144876 131919735117504 coll_beg 0 0
1581644398441042 131919735117504 coll_end 0 0
1581644400333463 131919735117504 emit_beg 541 0
1581644404051127 131919735117504 emit_end 541 0
1581644421998681 131919735117504 drain_beg 0 0
1581644422000361 131919735117504 drain_end 1 0
1581644422000791 131919735117504 subm_beg 1 0
1581644425701956 131919735117504 subm_end 1 0
1581644425702486 131919735117504 pump_beg 1 0
1581644436378395 131919735117504 pump_end 1 2
1581644438216248 131919735117504 coll_beg 0 0
1581644441219098 131919735117504 coll_end 0 0
1581644443032402 131919735117504 emit_beg 542 0
1581644448597799 131919735117504 emit_end 542 0
1581644448601439 131919735117504 drain_beg 0 0
1581644448602318 131919735117504 drain_end 1 0
1581644448602918 131919735117504 subm_beg 1 0
1581644452215836 131919735117504 subm_end 1 0
1581644452216506 131919735117504 pump_beg 1 0
1581644462940584 131919735117504 pump_end 1 2
1581644464926232 131919735117504 coll_beg 0 0
1581644467864384 131919735117504 coll_end 0 0
1581644469714897 131919735117504 emit_beg 543 0
1581644475263134 131919735117504 emit_end 543 0
1581644507244035 131919735117504 drain_beg 0 0
1581644507246105 131919735117504 drain_end 1 0
1581644507246795 131919735117504 subm_beg 1 0
1581644516939140 131919735117504 subm_end 1 0
1581644516940750 131919735117504 pump_beg 1 0
1581644526882357 131919735117504 pump_end 1 2
1581644530044431 131919735117504 coll_beg 0 0
1581644532354497 131919735117504 coll_end 0 0
1581644535240121 131919735117504 emit_beg 544 0
1581644540313376 131919735117504 emit_end 544 0
1581644540316126 131919735117504 drain_beg 0 0
1581644540316446 131919735117504 drain_end 1 0
1581644540316926 131919735117504 subm_beg 1 0
1581644546257468 131919735117504 subm_end 1 0
1581644546257848 131919735117504 pump_beg 1 0
1581644558075156 131919735117504 pump_end 1 2
1581644562511134 131919735117504 coll_beg 0 0
1581644565854642 131919735117504 coll_end 0 0
1581644570437095 131919735117504 emit_beg 545 0
1581644580618442 131919735117504 emit_end 545 0
1581644580621152 131919735117504 drain_beg 0 0
1581644580621642 131919735117504 drain_end 1 0
1581644580622222 131919735117504 subm_beg 1 0
1581644586156270 131919735117504 subm_end 1 0
1581644586156830 131919735117504 pump_beg 1 0
1581644599007120 131919735117504 pump_end 1 2
1581644602817261 131919735117504 coll_beg 0 0
1581644606973519 131919735117504 coll_end 0 0
1581644610586237 131919735117504 emit_beg 546 0
1581644618133201 131919735117504 emit_end 546 0
1581644618135831 131919735117504 drain_beg 0 0
1581644618136461 131919735117504 drain_end 1 0
1581644618136891 131919735117504 subm_beg 1 0
1581644621775778 131919735117504 subm_end 1 0
1581644621776348 131919735117504 pump_beg 1 0
1581644631095627 131919735117504 pump_end 1 2
1581644634032680 131919735117504 coll_beg 0 0
1581644636508389 131919735117504 coll_end 0 0
1581644640000172 131919735117504 emit_beg 547 0
1581644645585807 131919735117504 emit_end 547 0
1581644661051772 131919735117504 drain_beg 0 0
1581644661053822 131919735117504 drain_end 1 0
1581644661054482 131919735117504 subm_beg 1 0
1581644664774136 131919735117504 subm_end 1 0
1581644664775016 131919735117504 pump_beg 1 0
1581644675893089 131919735117504 pump_end 1 2
1581644677889966 131919735117504 coll_beg 0 0
1581644682110272 131919735117504 coll_end 0 0
1581644684047411 131919735117504 emit_beg 548 0
1581644689827840 131919735117504 emit_end 548 0
1581644689831750 131919735117504 drain_beg 0 0
1581644689832380 131919735117504 drain_end 1 0
1581644689832870 131919735117504 subm_beg 1 0
1581644693523175 131919735117504 subm_end 1 0
1581644693523635 131919735117504 pump_beg 1 0
1581644703325167 131919735117504 pump_end 1 2
1581644706424303 131919735117504 coll_beg 0 0
1581644709108335 131919735117504 coll_end 0 0
1581644712046008 131919735117504 emit_beg 549 0
1581644717711451 131919735117504 emit_end 549 0
1581644717715501 131919735117504 drain_beg 0 0
1581644717716100 131919735117504 drain_end 1 0
1581644717716600 131919735117504 subm_beg 1 0
1581644721378457 131919735117504 subm_end 1 0
1581644721378967 131919735117504 pump_beg 1 0
1581644732396064 131919735117504 pump_end 1 2
1581644735548719 131919735117504 coll_beg 0 0
1581644739107929 131919735117504 coll_end 0 0
1581644740974770 131919735117504 emit_beg 550 0
1581644746710731 131919735117504 emit_end 550 0
1581644746714320 131919735117504 drain_beg 0 0
1581644746715000 131919735117504 drain_end 1 0
1581644746715680 131919735117504 subm_beg 1 0
1581644750388906 131919735117504 subm_end 1 0
1581644750389476 131919735117504 pump_beg 1 0
1581644757412229 131919735117504 pump_end 1 2
1581644760276815 131919735117504 coll_beg 0 0
1581644760303784 131919735117504 coll_end 0 0
1581644764012848 131919735117504 emit_beg 551 0
1581644771299122 131919735117504 emit_end 551 0
1581644782723914 131919735117504 drain_beg 0 0
1581644782724564 131919735117504 drain_end 1 0
1581644782724904 131919735117504 subm_beg 1 0
1581644786420829 131919735117504 subm_end 1 0
1581644786421199 131919735117504 pump_beg 1 0
1581644794927618 131919735117504 pump_end 1 2
1581644796781180 131919735117504 coll_beg 0 0
1581644798403901 131919735117504 coll_end 0 0
1581644800787574 131919735117504 emit_beg 552 0
1581644806374179 131919735117504 emit_end 552 0
1581644806376579 131919735117504 drain_beg 0 0
1581644806376889 131919735117504 drain_end 1 0
1581644806377219 131919735117504 subm_beg 1 0
1581644810001057 131919735117504 subm_end 1 0
1581644810001417 131919735117504 pump_beg 1 0
1581644820085918 131919735117504 pump_end 1 2
1581644822360005 131919735117504 coll_beg 0 0
1581644824170109 131919735117504 coll_end 0 0
1581644825885026 131919735117504 emit_beg 553 0
1581644831143874 131919735117504 emit_end 553 0
1581644845882655 131919735117504 drain_beg 0 0
1581644845883915 131919735117504 drain_end 1 0
1581644845884395 131919735117504 subm_beg 1 0
1581644849373098 131919735117504 subm_end 1 0
1581644849373608 131919735117504 pump_beg 1 0
1581644858899409 131919735117504 pump_end 1 2
1581644860847458 131919735117504 coll_beg 0 0
1581644863183573 131919735117504 coll_end 0 0
1581644864994786 131919735117504 emit_beg 554 0
1581644868585175 131919735117504 emit_end 554 0
1581644868588535 131919735117504 drain_beg 0 0
1581644868589055 131919735117504 drain_end 1 0
1581644868589685 131919735117504 subm_beg 1 0
1581644872090737 131919735117504 subm_end 1 0
1581644872091217 131919735117504 pump_beg 1 0
1581644883662454 131919735117504 pump_end 1 2
1581644886898416 131919735117504 coll_beg 0 0
1581644890033751 131919735117504 coll_end 0 0
1581644892409374 131919735117504 emit_beg 555 0
1581644897732970 131919735117504 emit_end 555 0
1581644897736500 131919735117504 drain_beg 0 0
1581644897737139 131919735117504 drain_end 1 0
1581644897737539 131919735117504 subm_beg 1 0
1581644901191563 131919735117504 subm_end 1 0
1581644901191993 131919735117504 pump_beg 1 0
1581644909904145 131919735117504 pump_end 1 2
1581644913227293 131919735117504 coll_beg 0 0
1581644915142593 131919735117504 coll_end 0 0
1581644918473231 131919735117504 emit_beg 556 0
1581644924072527 131919735117504 emit_end 556 0
1581644924076427 131919735117504 drain_beg 0 0
1581644924077057 131919735117504 drain_end 1 0
1581644924077537 131919735117504 subm_beg 1 0
1581644927569249 131919735117504 subm_end 1 0
1581644927571379 131919735117504 pump_beg 1 0
1581644939223403 131919735117504 pump_end 1 2
1581644942718645 131919735117504 coll_beg 0 0
1581644946287015 131919735117504 coll_end 0 0
1581644948031961 131919735117504 emit_beg 557 0
1581644951594681 131919735117504 emit_end 557 0
1581644951598011 131919735117504 drain_beg 0 0
1581644951598571 131919735117504 drain_end 1 0
1581644951599111 131919735117504 subm_beg 1 0
1581644955017765 131919735117504 subm_end 1 0
1581644955018145 131919735117504 pump_beg 1 0
1581644966868112 131919735117504 pump_end 1 2
1581644969365901 131919735117504 coll_beg 0 0
1581644973534369 131919735117504 coll_end 0 0
1581644975331013 131919735117504 emit_beg 558 0
1581644980722206 131919735117504 emit_end 558 0
1581644999572597 131919735117504 drain_beg 0 0
1581644999573537 131919735117504 drain_end 1 0
1581644999573877 131919735117504 subm_beg 1 0
1581645003191474 131919735117504 subm_end 1 0
1581645003191954 131919735117504 pump_beg 1 0
1581645012643599 131919735117504 pump_end 1 2
1581645015272953 131919735117504 coll_beg 0 0
1581645017271830 131919735117504 coll_end 0 0
1581645019053495 131919735117504 emit_beg 559 0
1581645024293113 131919735117504 emit_end 559 0
1581645024296383 131919735117504 drain_beg 0 0
1581645024296893 131919735117504 drain_end 1 0
1581645024297493 131919735117504 subm_beg 1 0
1581645027736757 131919735117504 subm_end 1 0
1581645027737137 131919735117504 pump_beg 1 0
1581645039663151 131919735117504 pump_end 1 2
1581645041752715 131919735117504 coll_beg 0 0
1581645045549446 131919735117504 coll_end 0 0
1581645047309582 131919735117504 emit_beg 560 0
1581645052631777 131919735117504 emit_end 560 0
1581645052635027 131919735117504 drain_beg 0 0
1581645052635577 131919735117504 drain_end 1 0
1581645052636077 131919735117504 subm_beg 1 0
1581645056061172 131919735117504 subm_end 1 0
1581645056061462 131919735117504 pump_beg 1 0
1581645065199528 131919735117504 pump_end 1 2
1581645068128381 131919735117504 coll_beg 0 0
1581645070292201 131919735117504 coll_end 0 0
1581645073730346 131919735117504 emit_beg 561 0
1581645079007703 131919735117504 emit_end 561 0
1581645094791106 131919735117504 drain_beg 0 0
1581645094793696 131919735117504 drain_end 1 0
1581645094794496 131919735117504 subm_beg 1 0
1581645098337286 131919735117504 subm_end 1 0
1581645098338126 131919735117504 pump_beg 1 0
1581645111731867 131919735117504 pump_end 1 2
1581645114081761 131919735117504 coll_beg 0 0
1581645118157712 131919735117504 coll_end 0 0
1581645119931137 131919735117504 emit_beg 562 0
1581645125274771 131919735117504 emit_end 562 0
1581645125277911 131919735117504 drain_beg 0 0
1581645125278351 131919735117504 drain_end 1 0
1581645125278931 131919735117504 subm_beg 1 0
1581645128721685 131919735117504 subm_end 1 0
1581645128722585 131919735117504 pump_beg 1 0
1581645144165071 131919735117504 pump_end 1 2
1581645145969855 131919735117504 coll_beg 0 0
1581645151084228 131919735117504 coll_end 0 0
1581645152850993 131919735117504 emit_beg 563 0
1581645156465981 131919735117504 emit_end 563 0
1581645156469931 131919735117504 drain_beg 0 0
1581645156470571 131919735117504 drain_end 1 0
1581645156471231 131919735117504 subm_beg 1 0
1581645159953824 131919735117504 subm_end 1 0
1581645159954414 131919735117504 pump_beg 1 0
1581645172730657 131919735117504 pump_end 1 2
1581645175601022 131919735117504 coll_beg 0 0
1581645180259561 131919735117504 coll_end 0 0
1581645182036186 131919735117504 emit_beg 564 0
1581645187400580 131919735117504 emit_end 564 0
1581645187404290 131919735117504 drain_beg 0 0
1581645187404950 131919735117504 drain_end 1 0
1581645187405400 131919735117504 subm_beg 1 0
1581645190985329 131919735117504 subm_end 1 0
1581645190985799 131919735117504 pump_beg 1 0
1581645199298325 131919735117504 pump_end 1 2
1581645201671059 131919735117504 coll_beg 0 0
1581645202954652 131919735117504 coll_end 0 0
1581645205229569 131919735117504 emit_beg 565 0
1581645212615359 131919735117504 emit_end 565 0
1581645226901626 131919735117504 drain_beg 0 0
1581645226902956 131919735117504 drain_end 1 0
1581645226903396 131919735117504 subm_beg 1 0
1581645230647239 131919735117504 subm_end 1 0
1581645230647689 131919735117504 pump_beg 1 0
1581645243076115 131919735117504 pump_end 1 2
1581645245081462 131919735117504 coll_beg 0 0
1581645249083945 131919735117504 coll_end 0 0
1581645250950467 131919735117504 emit_beg 566 0
1581645256609330 131919735117504 emit_end 566 0
1581645256612870 131919735117504 drain_beg 0 0
1581645256613540 131919735117504 drain_end 1 0
1581645256614050 131919735117504 subm_beg 1 0
1581645260210779 131919735117504 subm_end 1 0
1581645260211259 131919735117504 pump_beg 1 0
1581645269919154 131919735117504 pump_end 1 2
1581645271885382 131919735117504 coll_beg 0 0
1581645275513639 131919735117504 coll_end 0 0
1581645277937201 131919735117504 emit_beg 567 0
1581645285532863 131919735117504 emit_end 567 0
1581645285536373 131919735117504 drain_beg 0 0
1581645285536973 131919735117504 drain_end 1 0
1581645285537683 131919735117504 subm_beg 1 0
1581645289233318 131919735117504 subm_end 1 0
1581645289235098 131919735117504 pump_beg 1 0
1581645297626261 131919735117504 pump_end 1 2
1581645299620188 131919735117504 coll_beg 0 0
1581645301055026 131919735117504 coll_end 0 0
1581645303355841 131919735117504 emit_beg 568 0
1581645310847118 131919735117504 emit_end 568 0
1581645310849987 131919735117504 drain_beg 0 0
1581645310850397 131919735117504 drain_end 1 0
1581645310850737 131919735117504 subm_beg 1 0
1581645314545822 131919735117504 subm_end 1 0
1581645314546382 131919735117504 pump_beg 1 0
1581645326801234 131919735117504 pump_end 1 2
1581645330540418 131919735117504 coll_beg 0 0
1581645335224446 131919735117504 coll_end 0 0
1581645337128087 131919735117504 emit_beg 569 0
1581645342706383 131919735117504 emit_end 569 0
1581645342709093 131919735117504 drain_beg 0 0
1581645342709473 131919735117504 drain_end 1 0
1581645342709793 131919735117504 subm_beg 1 0
1581645346320891 131919735117504 subm_end 1 0
1581645346321361 131919735117504 pump_beg 1 0
1581645356208359 131919735117504 pump_end 1 2
1581645358351351 131919735117504 coll_beg 0 0
1581645360876799 131919735117504 coll_end 0 0
1581645364282914 131919735117504 emit_beg 570 0
1581645371739332 131919735117504 emit_end 570 0
1581645371741681 131919735117504 drain_beg 0 0
1581645371742001 131919735117504 drain_end 1 0
1581645371742411 131919735117504 subm_beg 1 0
1581645375394888 131919735117504 subm_end 1 0
1581645375395388 131919735117504 pump_beg 1 0
1581645385263207 131919735117504 pump_end 1 2
1581645387880771 131919735117504 coll_beg 0 0
1581645391196500 131919735117504 coll_end 0 0
1581645393586053 131919735117504 emit_beg 571 0
1581645401019091 131919735117504 emit_end 571 0
1581645401022611 131919735117504 drain_beg 0 0
1581645401023091 131919735117504 drain_end 1 0
1581645401023481 131919735117504 subm_beg 1 0
1581645402941881 131919735117504 subm_end 1 0
1581645402942371 131919735117504 pump_beg 1 0
1581645413921410 131919735117504 pump_end 1 2
1581645417500729 131919735117504 coll_beg 0 0
1581645420957102 131919735117504 coll_end 0 0
1581645422854343 131919735117504 emit_beg 572 0
1581645428591593 131919735117504 emit_end 572 0
1581645428594643 131919735117504 drain_beg 0 0
1581645428595283 131919735117504 drain_end 1 0
1581645428595733 131919735117504 subm_beg 1 0
1581645432394634 131919735117504 subm_end 1 0
1581645432395114 131919735117504 pump_beg 1 0
1581645440754029 131919735117504 pump_end 1 2
1581645443828756 131919735117504 coll_beg 0 0
1581645445186667 131919735117504 coll_end 0 0
1581645447570389 131919735117504 emit_beg 573 0
1581645455001558 131919735117504 emit_end 573 0
1581645469372172 131919735117504 drain_beg 0 0
1581645469373772 131919735117504 drain_end 1 0
1581645469374332 131919735117504 subm_beg 1 0
1581645473073577 131919735117504 subm_end 1 0
1581645473074007 131919735117504 pump_beg 1 0
1581645483860153 131919735117504 pump_end 1 2
1581645485774753 131919735117504 coll_beg 0 0
1581645489307704 131919735117504 coll_end 0 0
1581645491221574 131919735117504 emit_beg 574 0
1581645495009225 131919735117504 emit_end 574 0
1581645495017435 131919735117504 drain_beg 0 0
1581645495018155 131919735117504 drain_end 1 0
1581645495018885 131919735117504 subm_beg 1 0
1581645498749228 131919735117504 subm_end 1 0
1581645498749678 131919735117504 pump_beg 1 0
1581645509492416 131919735117504 pump_end 1 2
1581645511948356 131919735117504 coll_beg 0 0
1581645515327522 131919735117504 coll_end 0 0
1581645517493493 131919735117504 emit_beg 575 0
1581645525052827 131919735117504 emit_end 575 0
1581645525055997 131919735117504 drain_beg 0 0
1581645525056367 131919735117504 drain_end 1 0
1581645525056667 131919735117504 subm_beg 1 0
1581645528713923 131919735117504 subm_end 1 0
1581645528714773 131919735117504 pump_beg 1 0
1581645539312086 131919735117504 pump_end 1 2
1581645542227089 131919735117504 coll_beg 0 0
1581645545160592 131919735117504 coll_end 0 0
1581645547826494 131919735117504 emit_beg 576 0
1581645553551525 131919735117504 emit_end 576 0
1581645573187577 131919735117504 drain_beg 0 0
1581645573188547 131919735117504 drain_end 1 0
1581645573189207 131919735117504 subm_beg 1 0
1581645576873093 131919735117504 subm_end 1 0
1581645576873703 131919735117504 pump_beg 1 0
1581645587185766 131919735117504 pump_end 1 2
1581645589145614 131919735117504 coll_beg 0 0
1581645593090770 131919735117504 coll_end 0 0
1581645595008900 131919735117504 emit_beg 577 0
1581645600205829 131919735117504 emit_end 577 0
1581645600208389 131919735117504 drain_beg 0 0
1581645600208759 131919735117504 drain_end 1 0
1581645600209129 131919735117504 subm_beg 1 0
1581645603579936 131919735117504 subm_end 1 0
1581645603580506 131919735117504 pump_beg 1 0
1581645615491711 131919735117504 pump_end 1 2
1581645617900703 131919735117504 coll_beg 0 0
1581645622216275 131919735117504 coll_end 0 0
1581645623954971 131919735117504 emit_beg 578 0
1581645630990674 131919735117504 emit_end 578 0
1581645630994344 131919735117504 drain_beg 0 0
1581645630994824 131919735117504 drain_end 1 0
1581645630995394 131919735117504 subm_beg 1 0
1581645634335772 131919735117504 subm_end 1 0
1581645634336262 131919735117504 pump_beg 1 0
1581645646105732 131919735117504 pump_end 1 2
1581645648119068 131919735117504 coll_beg 0 0
1581645652566065 131919735117504 coll_end 0 0
1581645654284963 131919735117504 emit_beg 579 0
1581645661351394 131919735117504 emit_end 579 0
1581645661354294 131919735117504 drain_beg 0 0
1581645661354674 131919735117504 drain_end 1 0
1581645661355084 131919735117504 subm_beg 1 0
1581645664717961 131919735117504 subm_end 1 0
1581645664718421 131919735117504 pump_beg 1 0
1581645673421023 131919735117504 pump_end 1 2
1581645676023478 131919735117504 coll_beg 0 0
1581645677630329 131919735117504 coll_end 0 0
1581645679463832 131919735117504 emit_beg 580 0
1581645686379249 131919735117504 emit_end 580 0
1581645686381269 131919735117504 drain_beg 0 0
1581645686381549 131919735117504 drain_end 1 0
1581645686381909 131919735117504 subm_beg 1 0
1581645689771785 131919735117504 subm_end 1 0
1581645689772145 131919735117504 pump_beg 1 0
1581645702752211 131919735117504 pump_end 1 2
1581645704728499 131919735117504 coll_beg 0 0
1581645709819402 131919735117504 coll_end 0 0
1581645712673098 131919735117504 emit_beg 581 0
1581645717862728 131919735117504 emit_end 581 0
1581645717865888 131919735117504 drain_beg 0 0
1581645717866518 131919735117504 drain_end 1 0
1581645717866968 131919735117504 subm_beg 1 0
1581645721215306 131919735117504 subm_end 1 0
1581645721215886 131919735117504 pump_beg 1 0
1581645730404870 131919735117504 pump_end 1 2
1581645732519173 131919735117504 coll_beg 0 0
1581645734455852 131919735117504 coll_end 0 0
1581645737654055 131919735117504 emit_beg 582 0
1581645744548813 131919735117504 emit_end 582 0
1581645759058473 131919735117504 drain_beg 0 0
1581645759063352 131919735117504 drain_end 1 0
1581645759063642 131919735117504 subm_beg 1 0
1581645762499857 131919735117504 subm_end 1 0
1581645762500267 131919735117504 pump_beg 1 0
1581645772052397 131919735117504 pump_end 1 2
1581645773917709 131919735117504 coll_beg 0 0
1581645777012036 131919735117504 coll_end 0 0
1581645778810920 131919735117504 emit_beg 583 0
1581645782333542 131919735117504 emit_end 583 0
1581645782336281 131919735117504 drain_beg 0 0
1581645782336801 131919735117504 drain_end 1 0
1581645782337341 131919735117504 subm_beg 1 0
1581645785750057 131919735117504 subm_end 1 0
1581645785750457 131919735117504 pump_beg 1 0
1581645794298284 131919735117504 pump_end 1 2
1581645796882550 131919735117504 coll_beg 0 0
1581645799047441 131919735117504 coll_end 0 0
1581645801985323 131919735117504 emit_beg 584 0
1581645808778235 131919735117504 emit_end 584 0
1581645822625999 131919735117504 drain_beg 0 0
1581645822626649 131919735117504 drain_end 1 0
1581645822626939 131919735117504 subm_beg 1 0
1581645826042504 131919735117504 subm_end 1 0
1581645826042914 131919735117504 pump_beg 1 0
1581645837397889 131919735117504 pump_end 1 2
1581645839163764 131919735117504 coll_beg 0 0
1581645842828310 131919735117504 coll_end 0 0
1581645844565077 131919735117504 emit_beg 585 0
1581645849904291 131919735117504 emit_end 585 0
1581645849908141 131919735117504 drain_beg 0 0
1581645849908631 131919735117504 drain_end 1 0
1581645849909121 131919735117504 subm_beg 1 0
1581645853294377 131919735117504 subm_end 1 0
1581645853294867 131919735117504 pump_beg 1 0
1581645865642616 131919735117504 pump_end 1 2
1581645867379333 131919735117504 coll_beg 0 0
1581645871934396 131919735117504 coll_end 0 0
1581645873690562 131919735117504 emit_beg 586 0
1581645878927590 131919735117504 emit_end 586 0
1581645878930970 131919735117504 drain_beg 0 0
1581645878931590 131919735117504 drain_end 1 0
1581645878931900 131919735117504 subm_beg 1 0
1581645882179641 131919735117504 subm_end 1 0
1581645882180251 131919735117504 pump_beg 1 0
1581645893391962 131919735117504 pump_end 1 2
1581645896232038 131919735117504 coll_beg 0 0
1581645899801717 131919735117504 coll_end 0 0
1581645901579262 131919735117504 emit_beg 587 0
1581645906757703 131919735117504 emit_end 587 0
1581645923261420 131919735117504 drain_beg 0 0
1581645923262490 131919735117504 drain_end 1 0
1581645923262840 131919735117504 subm_beg 1 0
1581645926725633 131919735117504 subm_end 1 0
1581645926726263 131919735117504 pump_beg 1 0
1581645937856176 131919735117504 pump_end 1 2
1581645939659260 131919735117504 coll_beg 0 0
1581645943695763 131919735117504 coll_end 0 0
1581645945497567 131919735117504 emit_beg 588 0
1581645949063347 131919735117504 emit_end 588 0
1581645949067236 131919735117504 drain_beg 0 0
1581645949067816 131919735117504 drain_end 1 0
1581645949068476 131919735117504 subm_beg 1 0
1581645952528210 131919735117504 subm_end 1 0
1581645952528730 131919735117504 pump_beg 1 0
1581645963119403 131919735117504 pump_end 1 2
1581645966080924 131919735117504 coll_beg 0 0
1581645968796455 131919735117504 coll_end 0 0
1581645971977779 131919735117504 emit_beg 589 0
1581645977718589 131919735117504 emit_end 589 0
1581645993813370 131919735117504 drain_beg 0 0
1581645993814390 131919735117504 drain_end 1 0
1581645993814770 131919735117504 subm_beg 1 0
1581645997544404 131919735117504 subm_end 1 0
1581645997544964 131919735117504 pump_beg 1 0
1581646009794126 131919735117504 pump_end 1 2
1581646011686947 131919735117504 coll_beg 0 0
1581646015476369 131919735117504 coll_end 0 0
1581646017396238 131919735117504 emit_beg 590 0
1581646023072191 131919735117504 emit_end 590 0
1581646023075081 131919735117504 drain_beg 0 0
1581646023075811 131919735117504 drain_end 1 0
1581646023076311 131919735117504 subm_beg 1 0
1581646026836503 131919735117504 subm_end 1 0
1581646026837013 131919735117504 pump_beg 1 0
1581646037185535 131919735117504 pump_end 1 2
1581646039094725 131919735117504 coll_beg 0 0
1581646043283932 131919735117504 coll_end 0 0
1581646045134944 131919735117504 emit_beg 591 0
1581646052700438 131919735117504 emit_end 591 0
1581646052703388 131919735117504 drain_beg 0 0
1581646052703998 131919735117504 drain_end 1 0
1581646052704448 131919735117504 subm_beg 1 0
1581646056359264 131919735117504 subm_end 1 0
1581646056359754 131919735117504 pump_beg 1 0
1581646065689553 131919735117504 pump_end 1 2
1581646068826668 131919735117504 coll_beg 0 0
1581646071020478 131919735117504 coll_end 0 0
1581646072908649 131919735117504 emit_beg 592 0
1581646080325138 131919735117504 emit_end 592 0
1581646080328988 131919735117504 drain_beg 0 0
1581646080329598 131919735117504 drain_end 1 0
1581646080330088 131919735117504 subm_beg 1 0
1581646084069671 131919735117504 subm_end 1 0
1581646084071961 131919735117504 pump_beg 1 0
1581646093699979 131919735117504 pump_end 1 2
1581646096547085 131919735117504 coll_beg 0 0
1581646098830841 131919735117504 coll_end 0 0
1581646100714113 131919735117504 emit_beg 593 0
1581646106620987 131919735117504 emit_end 593 0
1581646122345132 131919735117504 drain_beg 0 0
1581646122346222 131919735117504 drain_end 1 0
1581646122346592 131919735117504 subm_beg 1 0
1581646126012658 131919735117504 subm_end 1 0
1581646126013118 131919735117504 pump_beg 1 0
1581646135514810 131919735117504 pump_end 1 2
1581646137450180 131919735117504 coll_beg 0 0
1581646139741056 131919735117504 coll_end 0 0
1581646141615347 131919735117504 emit_beg 594 0
1581646147212473 131919735117504 emit_end 594 0
1581646147215653 131919735117504 drain_beg 0 0
1581646147216203 131919735117504 drain_end 1 0
1581646147216693 131919735117504 subm_beg 1 0
1581646151045523 131919735117504 subm_end 1 0
1581646151045913 131919735117504 pump_beg 1 0
1581646161598227 131919735117504 pump_end 1 2
1581646163763938 131919735117504 coll_beg 0 0
1581646167724473 131919735117504 coll_end 0 0
1581646170206522 131919735117504 emit_beg 595 0
1581646174048022 131919735117504 emit_end 595 0
1581646174051402 131919735117504 drain_beg 0 0
1581646174052012 131919735117504 drain_end 1 0
1581646174052472 131919735117504 subm_beg 1 0
1581646177774936 131919735117504 subm_end 1 0
1581646177775286 131919735117504 pump_beg 1 0
1581646188253302 131919735117504 pump_end 1 2
1581646190234420 131919735117504 coll_beg 0 0
1581646193408864 131919735117504 coll_end 0 0
1581646195904333 131919735117504 emit_beg 596 0
1581646203381979 131919735117504 emit_end 596 0
1581646220159636 131919735117504 drain_beg 0 0
1581646220160686 131919735117504 drain_end 1 0
1581646220161026 131919735117504 subm_beg 1 0
1581646223848151 131919735117504 subm_end 1 0
1581646223848581 131919735117504 pump_beg 1 0
1581646235963838 131919735117504 pump_end 1 2
1581646237978285 131919735117504 coll_beg 0 0
1581646244675710 131919735117504 coll_end 0 0
1581646246635148 131919735117504 emit_beg 597 0
1581646250468738 131919735117504 emit_end 597 0
1581646250471478 131919735117504 drain_beg 0 0
1581646250472168 131919735117504 drain_end 1 0
1581646250472768 131919735117504 subm_beg 1 0
1581646254159313 131919735117504 subm_end 1 0
1581646254159663 131919735117504 pump_beg 1 0
1581646265584295 131919735117504 pump_end 1 2
1581646267962279 131919735117504 coll_beg 0 0
1581646272783772 131919735117504 coll_end 0 0
1581646275813032 131919735117504 emit_beg 598 0
1581646283177062 131919735117504 emit_end 598 0
1581646283180872 131919735117504 drain_beg 0 0
1581646283181532 131919735117504 drain_end 1 0
1581646283181912 131919735117504 subm_beg 1 0
1581646286805280 131919735117504 subm_end 1 0
1581646286805780 131919735117504 pump_beg 1 0
1581646297630714 131919735117504 pump_end 1 2
1581646299754026 131919735117504 coll_beg 0 0
1581646303053216 131919735117504 coll_end 0 0
1581646305226096 131919735117504 emit_beg 599 0
1581646310921748 131919735117504 emit_end 599 0
1581646310924988 131919735117504 drain_beg 0 0
1581646310925568 131919735117504 drain_end 1 0
1581646310925928 131919735117504 subm_beg 1 0
1581646314574075 131919735117504 subm_end 1 0
1581646314574525 131919735117504 pump_beg 1 0
1581646326697861 131919735117504 pump_end 1 2
1581646329622134 131919735117504 coll_beg 0 0
1581646335736541 131919735117504 coll_end 0 0
1581646337583513 131919735117504 emit_beg 600 0
1581646343170109 131919735117504 emit_end 600 0
1581646343172989 131919735117504 drain_beg 0 0
1581646343173499 131919735117504 drain_end 1 0
1581646343173799 131919735117504 subm_beg 1 0
1581646346746118 131919735117504 subm_end 1 0
1581646346746478 131919735117504 pump_beg 1 0
1581646360398939 131919735117504 pump_end 1 2
1581646362898658 131919735117504 coll_beg 0 0
1581646370479021 131919735117504 coll_end 0 0
1581646372348883 131919735117504 emit_beg 601 0
1581646379501351 131919735117504 emit_end 601 0
1581646379504171 131919735117504 drain_beg 0 0
1581646379504641 131919735117504 drain_end 1 0
1581646379505031 131919735117504 subm_beg 1 0
1581646382952695 131919735117504 subm_end 1 0
1581646382953155 131919735117504 pump_beg 1 0
1581646392243375 131919735117504 pump_end 1 2
1581646395545835 131919735117504 coll_beg 0 0
1581646397595800 131919735117504 coll_end 0 0
1581646399362145 131919735117504 emit_beg 602 0
1581646406396878 131919735117504 emit_end 602 0
1581646406399758 131919735117504 drain_beg 0 0
1581646406400078 131919735117504 drain_end 1 0
1581646406400348 131919735117504 subm_beg 1 0
1581646409852912 131919735117504 subm_end 1 0
1581646409853281 131919735117504 pump_beg 1 0
1581646419901134 131919735117504 pump_end 1 2
1581646421703148 131919735117504 coll_beg 0 0
1581646424351452 131919735117504 coll_end 0 0
1581646426924677 131919735117504 emit_beg 603 0
1581646433922272 131919735117504 emit_end 603 0
1581646433924802 131919735117504 drain_beg 0 0
1581646433925052 131919735117504 drain_end 1 0
1581646433925282 131919735117504 subm_beg 1 0
1581646437417974 131919735117504 subm_end 1 0
1581646437418464 131919735117504 pump_beg 1 0
1581646448414182 131919735117504 pump_end 1 2
1581646451293397 131919735117504 coll_beg 0 0
1581646454810868 131919735117504 coll_end 0 0
1581646457254889 131919735117504 emit_beg 604 0
1581646462724729 131919735117504 emit_end 604 0
1581646462727649 131919735117504 drain_beg 0 0
1581646462728139 131919735117504 drain_end 1 0
1581646462728769 131919735117504 subm_beg 1 0
1581646466225491 131919735117504 subm_end 1 0
1581646466225871 131919735117504 pump_beg 1 0
1581646474805667 131919735117504 pump_end 1 2
1581646477711691 131919735117504 coll_beg 0 0
1581646479297033 131919735117504 coll_end 0 0
1581646481194484 131919735117504 emit_beg 605 0
1581646488378331 131919735117504 emit_end 605 0
1581646503023286 131919735117504 drain_beg 0 0
1581646503023836 131919735117504 drain_end 1 0
1581646503024186 131919735117504 subm_beg 1 0
1581646506512728 131919735117504 subm_end 1 0
1581646506513168 131919735117504 pump_beg 1 0
1581646517697929 131919735117504 pump_end 1 2
1581646519454505 131919735117504 coll_beg 0 0
1581646522906019 131919735117504 coll_end 0 0
1581646524668184 131919735117504 emit_beg 606 0
1581646530001379 131919735117504 emit_end 606 0
1581646530004289 131919735117504 drain_beg 0 0
1581646530004779 131919735117504 drain_end 1 0
1581646530005259 131919735117504 subm_beg 1 0
1581646533423294 131919735117504 subm_end 1 0
1581646533423914 131919735117504 pump_beg 1 0
1581646543425899 131919735117504 pump_end 1 2
1581646546028773 131919735117504 coll_beg 0 0
1581646548595609 131919735117504 coll_end 0 0
1581646551559341 131919735117504 emit_beg 607 0
1581646556941994 131919735117504 emit_end 607 0
1581646572422159 131919735117504 drain_beg 0 0
1581646572423128 131919735117504 drain_end 1 0
1581646572423558 131919735117504 subm_beg 1 0
1581646575902521 131919735117504 subm_end 1 0
1581646575903351 131919735117504 pump_beg 1 0
1581646586149477 131919735117504 pump_end 1 2
1581646588131894 131919735117504 coll_beg 0 0
1581646591878317 131919735117504 coll_end 0 0
1581646593816186 131919735117504 emit_beg 608 0
1581646599290766 131919735117504 emit_end 608 0
1581646599293736 131919735117504 drain_beg 0 0
1581646599294196 131919735117504 drain_end 1 0
1581646599294446 131919735117504 subm_beg 1 0
1581646602714381 131919735117504 subm_end 1 0
1581646602714831 131919735117504 pump_beg 1 0
1581646614710683 131919735117504 pump_end 1 2
1581646616691570 131919735117504 coll_beg 0 0
1581646621666898 131919735117504 coll_end 0 0
1581646623524450 131919735117504 emit_beg 609 0
1581646627199796 131919735117504 emit_end 609 0
1581646627204446 131919735117504 drain_beg 0 0
1581646627205156 131919735117504 drain_end 1 0
1581646627205946 131919735117504 subm_beg 1 0
1581646630757986 131919735117504 subm_end 1 0
1581646630758286 131919735117504 pump_beg 1 0
1581646641997475 131919735117504 pump_end 1 2
1581646645068953 131919735117504 coll_beg 0 0
1581646649475392 131919735117504 coll_end 0 0
1581646652497021 131919735117504 emit_beg 610 0
1581646659533904 131919735117504 emit_end 610 0
1581646659537614 131919735117504 drain_beg 0 0
1581646659538134 131919735117504 drain_end 1 0
1581646659538474 131919735117504 subm_beg 1 0
1581646662914400 131919735117504 subm_end 1 0
1581646662915010 131919735117504 pump_beg 1 0
1581646672100775 131919735117504 pump_end 1 2
1581646674819905 131919735117504 coll_beg 0 0
1581646677718059 131919735117504 coll_end 0 0
1581646680384932 131919735117504 emit_beg 611 0
1581646687371516 131919735117504 emit_end 611 0
1581646687374126 131919735117504 drain_beg 0 0
1581646687374446 131919735117504 drain_end 1 0
1581646687374746 131919735117504 subm_beg 1 0
1581646690831920 131919735117504 subm_end 1 0
1581646690832450 131919735117504 pump_beg 1 0
1581646703580494 131919735117504 pump_end 1 2
1581646705361239 131919735117504 coll_beg 0 0
1581646710948924 131919735117504 coll_end 0 0
1581646712778828 131919735117504 emit_beg 612 0
1581646718073344 131919735117504 emit_end 612 0
1581646736608196 131919735117504 drain_beg 0 0
1581646736611356 131919735117504 drain_end 1 0
1581646736612216 131919735117504 subm_beg 1 0
1581646740109958 131919735117504 subm_end 1 0
1581646740111988 131919735117504 pump_beg 1 0
1581646750744370 131919735117504 pump_end 1 2
1581646752692288 131919735117504 coll_beg 0 0
1581646756266268 131919735117504 coll_end 0 0
1581646758190527 131919735117504 emit_beg 613 0
1581646763731245 131919735117504 emit_end 613 0
1581646763734865 131919735117504 drain_beg 0 0
1581646763735715 131919735117504 drain_end 1 0
1581646763736315 131919735117504 subm_beg 1 0
1581646767357602 131919735117504 subm_end 1 0
1581646767358052 131919735117504 pump_beg 1 0
1581646776676332 131919735117504 pump_end 1 2
1581646779970761 131919735117504 coll_beg 0 0
1581646783117756 131919735117504 coll_end 0 0
1581646784961399 131919735117504 emit_beg 614 0
1581646790525095 131919735117504 emit_end 614 0
1581646806327598 131919735117504 drain_beg 0 0
1581646806329508 131919735117504 drain_end 1 0
1581646806330278 131919735117504 subm_beg 1 0
1581646810046502 131919735117504 subm_end 1 0
1581646810048192 131919735117504 pump_beg 1 0
1581646821608539 131919735117504 pump_end 1 2
1581646824112288 131919735117504 coll_beg 0 0
1581646829563058 131919735117504 coll_end 0 0
1581646831540276 131919735117504 emit_beg 615 0
1581646835465323 131919735117504 emit_end 615 0
1581646835469182 131919735117504 drain_beg 0 0
1581646835469752 131919735117504 drain_end 1 0
1581646835470502 131919735117504 subm_beg 1 0
1581646839131478 131919735117504 subm_end 1 0
1581646839131858 131919735117504 pump_beg 1 0
1581646846550817 131919735117504 pump_end 1 2
1581646848515056 131919735117504 coll_beg 0 0
1581646849410333 131919735117504 coll_end 0 0
1581646852223810 131919735117504 emit_beg 616 0
1581646859674418 131919735117504 emit_end 616 0
1581646875643304 131919735117504 drain_beg 0 0
1581646875645164 131919735117504 drain_end 1 0
1581646875645944 131919735117504 subm_beg 1 0
1581646881198981 131919735117504 subm_end 1 0
1581646881200641 131919735117504 pump_beg 1 0
1581646891312001 131919735117504 pump_end 1 2
1581646893275109 131919735117504 coll_beg 0 0
1581646897306612 131919735117504 coll_end 0 0
1581646899235521 131919735117504 emit_beg 617 0
1581646904901594 131919735117504 emit_end 617 0
1581646904904384 131919735117504 drain_beg 0 0
1581646904904734 131919735117504 drain_end 1 0
1581646904905064 131919735117504 subm_beg 1 0
1581646908639608 131919735117504 subm_end 1 0
1581646908640098 131919735117504 pump_beg 1 0
1581646915890092 131919735117504 pump_end 1 2
1581646917770594 131919735117504 coll_beg 0 0
1581646918304524 131919735117504 coll_end 0 0
1581646923438996 131919735117504 emit_beg 618 0
1581646930801017 131919735117504 emit_end 618 0
1581646945063546 131919735117504 drain_beg 0 0
1581646945068536 131919735117504 drain_end 1 0
1581646945069756 131919735117504 subm_beg 1 0
1581646948772570 131919735117504 subm_end 1 0
1581646948773800 131919735117504 pump_beg 1 0
1581646959582185 131919735117504 pump_end 1 2
1581646961472996 131919735117504 coll_beg 0 0
1581646964160158 131919735117504 coll_end 0 0
1581646966036639 131919735117504 emit_beg 619 0
1581646971680823 131919735117504 emit_end 619 0
1581646971684803 131919735117504 drain_beg 0 0
1581646971685553 131919735117504 drain_end 1 0
1581646971686393 131919735117504 subm_beg 1 0
1581646975381338 131919735117504 subm_end 1 0
1581646975381658 131919735117504 pump_beg 1 0
1581646985375722 131919735117504 pump_end 1 2
1581646987748346 131919735117504 coll_beg 0 0
1581646989706884 131919735117504 coll_end 0 0
1581646991594775 131919735117504 emit_beg 620 0
1581646997974032 131919735117504 emit_end 620 0
1581646997977122 131919735117504 drain_beg 0 0
1581646997977512 131919735117504 drain_end 1 0
1581646997977842 131919735117504 subm_beg 1 0
1581647001654417 131919735117504 subm_end 1 0
1581647001654887 131919735117504 pump_beg 1 0
1581647014114482 131919735117504 pump_end 1 2
1581647016916879 131919735117504 coll_beg 0 0
1581647020994400 131919735117504 coll_end 0 0
1581647022922590 131919735117504 emit_beg 621 0
1581647028539884 131919735117504 emit_end 621 0
1581647046505158 131919735117504 drain_beg 0 0
1581647046506978 131919735117504 drain_end 1 0
1581647046507768 131919735117504 subm_beg 1 0
1581647050137195 131919735117504 subm_end 1 0
1581647050139045 131919735117504 pump_beg 1 0
1581647059010221 131919735117504 pump_end 1 2
1581647061049296 131919735117504 coll_beg 0 0
1581647062663357 131919735117504 coll_end 0 0
1581647064551528 131919735117504 emit_beg 622 0
1581647070135014 131919735117504 emit_end 622 0
1581647070138184 131919735117504 drain_beg 0 0
1581647070138714 131919735117504 drain_end 1 0
1581647070139464 131919735117504 subm_beg 1 0
1581647073790660 131919735117504 subm_end 1 0
1581647073791920 131919735117504 pump_beg 1 0
1581647086969128 131919735117504 pump_end 1 2
1581647088877669 131919735117504 coll_beg 0 0
1581647093825248 131919735117504 coll_end 0 0
1581647095740748 131919735117504 emit_beg 623 0
1581647101301684 131919735117504 emit_end 623 0
1581647119490210 131919735117504 drain_beg 0 0
1581647119491010 131919735117504 drain_end 1 0
1581647119491390 131919735117504 subm_beg 1 0
1581647123261932 131919735117504 subm_end 1 0
1581647123262352 131919735117504 pump_beg 1 0
1581647134024758 131919735117504 pump_end 1 2
1581647135914289 131919735117504 coll_beg 0 0
1581647141385929 131919735117504 coll_end 0 0
1581647143345317 131919735117504 emit_beg 624 0
1581647148967692 131919735117504 emit_end 624 0
1581647148971682 131919735117504 drain_beg 0 0
1581647148972392 131919735117504 drain_end 1 0
1581647148972922 131919735117504 subm_beg 1 0
1581647152557061 131919735117504 subm_end 1 0
1581647152557561 131919735117504 pump_beg 1 0
1581647161154446 131919735117504 pump_end 1 2
1581647163481501 131919735117504 coll_beg 0 0
1581647165266996 131919735117504 coll_end 0 0
1581647167242404 131919735117504 emit_beg 625 0
1581647174399262 131919735117504 emit_end 625 0
1581647189491491 131919735117504 drain_beg 0 0
1581647189495810 131919735117504 drain_end 1 0
1581647189496790 131919735117504 subm_beg 1 0
1581647192972653 131919735117504 subm_end 1 0
1581647192975723 131919735117504 pump_beg 1 0
1581647204210822 131919735117504 pump_end 1 2
1581647206288386 131919735117504 coll_beg 0 0
1581647209357394 131919735117504 coll_end 0 0
1581647211330142 131919735117504 emit_beg 626 0
1581647214922401 131919735117504 emit_end 626 0
1581647214925431 131919735117504 drain_beg 0 0
1581647214929891 131919735117504 drain_end 1 0
1581647214930231 131919735117504 subm_beg 1 0
1581647218379194 131919735117504 subm_end 1 0
1581647218379514 131919735117504 pump_beg 1 0
1581647228114549 131919735117504 pump_end 1 2
1581647230293919 131919735117504 coll_beg 0 0
1581647232690681 131919735117504 coll_end 0 0
1581647235511228 131919735117504 emit_beg 627 0
1581647242464184 131919735117504 emit_end 627 0
1581647257254343 131919735117504 drain_beg 0 0
1581647257255033 131919735117504 drain_end 1 0
1581647257255453 131919735117504 subm_beg 1 0
1581647260735146 131919735117504 subm_end 1 0
1581647260735596 131919735117504 pump_beg 1 0
1581647271332919 131919735117504 pump_end 1 2
1581647274462314 131919735117504 coll_beg 0 0
1581647277887559 131919735117504 coll_end 0 0
1581647279748771 131919735117504 emit_beg 628 0
1581647285070236 131919735117504 emit_end 628 0
1581647285074276 131919735117504 drain_beg 0 0
1581647285074896 131919735117504 drain_end 1 0
1581647285075446 131919735117504 subm_beg 1 0
1581647288539300 131919735117504 subm_end 1 0
1581647288539730 131919735117504 pump_beg 1 0
1581647298727487 131919735117504 pump_end 1 2
1581647300634678 131919735117504 coll_beg 0 0
1581647302890135 131919735117504 coll_end 0 0
1581647305919594 131919735117504 emit_beg 629 0
1581647311217401 131919735117504 emit_end 629 0
1581647311219841 131919735117504 drain_beg 0 0
1581647311220351 131919735117504 drain_end 1 0
1581647311220621 131919735117504 subm_beg 1 0
1581647314657775 131919735117504 subm_end 1 0
1581647314658145 131919735117504 pump_beg 1 0
1581647326131505 131919735117504 pump_end 1 2
1581647328252038 131919735117504 coll_beg 0 0
1581647331687832 131919735117504 coll_end 0 0
1581647334264128 131919735117504 emit_beg 630 0
1581647339568444 131919735117504 emit_end 630 0
1581647339571494 131919735117504 drain_beg 0 0
1581647339571984 131919735117504 drain_end 1 0
1581647339572594 131919735117504 subm_beg 1 0
1581647343002689 131919735117504 subm_end 1 0
1581647343003059 131919735117504 pump_beg 1 0
1581647351696551 131919735117504 pump_end 1 2
1581647353643040 131919735117504 coll_beg 0 0
1581647355159664 131919735117504 coll_end 0 0
1581647357085814 131919735117504 emit_beg 631 0
1581647364058089 131919735117504 emit_end 631 0
1581647378139684 131919735117504 drain_beg 0 0
1581647378140354 131919735117504 drain_end 1 0
1581647378140604 131919735117504 subm_beg 1 0
1581647381608647 131919735117504 subm_end 1 0
1581647381609047 131919735117504 pump_beg 1 0
1581647394641591 131919735117504 pump_end 1 2
1581647396502953 131919735117504 coll_beg 0 0
1581647401982923 131919735117504 coll_end 0 0
1581647403887413 131919735117504 emit_beg 632 0
1581647409161080 131919735117504 emit_end 632 0
1581647409165080 131919735117504 drain_beg 0 0
1581647409165660 131919735117504 drain_end 1 0
1581647409166320 131919735117504 subm_beg 1 0
1581647412593575 131919735117504 subm_end 1 0
1581647412594095 131919735117504 pump_beg 1 0
1581647424306366 131919735117504 pump_end 1 2
1581647426216777 131919735117504 coll_beg 0 0
1581647430532869 131919735117504 coll_end 0 0
1581647432358372 131919735117504 emit_beg 633 0
1581647437653868 131919735117504 emit_end 633 0
1581647453871076 131919735117504 drain_beg 0 0
1581647453872256 131919735117504 drain_end 1 0
1581647453872596 131919735117504 subm_beg 1 0
1581647457405916 131919735117504 subm_end 1 0
1581647457406546 131919735117504 pump_beg 1 0
1581647467668551 131919735117504 pump_end 1 2
1581647469564952 131919735117504 coll_beg 0 0
1581647474405335 131919735117504 coll_end 0 0
1581647476239958 131919735117504 emit_beg 634 0
1581647481592602 131919735117504 emit_end 634 0
1581647481596402 131919735117504 drain_beg 0 0
1581647481596932 131919735117504 drain_end 1 0
1581647481597762 131919735117504 subm_beg 1 0
1581647484990228 131919735117504 subm_end 1 0
1581647484990928 131919735117504 pump_beg 1 0
1581647496090972 131919735117504 pump_end 1 2
1581647497866387 131919735117504 coll_beg 0 0
1581647501997596 131919735117504 coll_end 0 0
1581647503773371 131919735117504 emit_beg 635 0
1581647510743487 131919735117504 emit_end 635 0
1581647510745797 131919735117504 drain_beg 0 0
1581647510746576 131919735117504 drain_end 1 0
1581647510746836 131919735117504 subm_beg 1 0
1581647512498242 131919735117504 subm_end 1 0
1581647512498612 131919735117504 pump_beg 1 0
1581647520565458 131919735117504 pump_end 1 2
1581647523378515 131919735117504 coll_beg 0 0
1581647524519293 131919735117504 coll_end 0 0
1581647526793730 131919735117504 emit_beg 636 0
1581647533808403 131919735117504 emit_end 636 0
1581647533810893 131919735117504 drain_beg 0 0
1581647533811293 131919735117504 drain_end 1 0
1581647533811583 131919735117504 subm_beg 1 0
1581647537317225 131919735117504 subm_end 1 0
1581647537317585 131919735117504 pump_beg 1 0
1581647549653994 131919735117504 pump_end 1 2
1581647553269302 131919735117504 coll_beg 0 0
1581647559061480 131919735117504 coll_end 0 0
1581647561027568 131919735117504 emit_beg 637 0
1581647566674332 131919735117504 emit_end 637 0
1581647566677682 131919735117504 drain_beg 0 0
1581647566678202 131919735117504 drain_end 1 0
1581647566678802 131919735117504 subm_beg 1 0
1581647570287620 131919735117504 subm_end 1 0
1581647570288010 131919735117504 pump_beg 1 0
1581647582493314 131919735117504 pump_end 1 2
1581647585393708 131919735117504 coll_beg 0 0
1581647589737379 131919735117504 coll_end 0 0
1581647591610860 131919735117504 emit_beg 638 0
1581647597235415 131919735117504 emit_end 638 0
1581647597238035 131919735117504 drain_beg 0 0
1581647597238375 131919735117504 drain_end 1 0
1581647597238635 131919735117504 subm_beg 1 0
1581647600889751 131919735117504 subm_end 1 0
1581647600890221 131919735117504 pump_beg 1 0
1581647612578944 131919735117504 pump_end 1 2
1581647615471268 131919735117504 coll_beg 0 0
1581647619513630 131919735117504 coll_end 0 0
1581647621410581 131919735117504 emit_beg 639 0
1581647626995777 131919735117504 emit_end 639 0
1581647626998597 131919735117504 drain_beg 0 0
1581647626999527 131919735117504 drain_end 1 0
1581647626999767 131919735117504 subm_beg 1 0
1581647630791058 131919735117504 subm_end 1 0
1581647630791438 131919735117504 pump_beg 1 0
1581647641748238 131919735117504 pump_end 1 2
1581647645237880 131919735117504 coll_beg 0 0
1581647650065203 131919735117504 coll_end 0 0
1581647651904546 131919735117504 emit_beg 640 0
1581647657567359 131919735117504 emit_end 640 0
1581647674680724 131919735117504 drain_beg 0 0
1581647674682784 131919735117504 drain_end 1 0
1581647674683654 131919735117504 subm_beg 1 0
1581647678369659 131919735117504 subm_end 1 0
1581647678371259 131919735117504 pump_beg 1 0
1581647689358617 131919735117504 pump_end 1 2
1581647691418442 131919735117504 coll_beg 0 0
1581647696497536 131919735117504 coll_end 0 0
1581647698447835 131919735117504 emit_beg 641 0
1581647702186068 131919735117504 emit_end 641 0
1581647702190828 131919735117504 drain_beg 0 0
1581647702191428 131919735117504 drain_end 1 0
1581647702192068 131919735117504 subm_beg 1 0
1581647705905332 131919735117504 subm_end 1 0
1581647705905792 131919735117504 pump_beg 1 0
1581647715176573 131919735117504 pump_end 1 2
1581647717919513 131919735117504 coll_beg 0 0
1581647720418042 131919735117504 coll_end 0 0
1581647723511469 131919735117504 emit_beg 642 0
1581647731072512 131919735117504 emit_end 642 0
1581647745312802 131919735117504 drain_beg 0 0
1581647745313582 131919735117504 drain_end 1 0
1581647745313892 131919735117504 subm_beg 1 0
1581647749089013 131919735117504 subm_end 1 0
1581647749089413 131919735117504 pump_beg 1 0
1581647758544648 131919735117504 pump_end 1 2
1581647760635451 131919735117504 coll_beg 0 0
1581647762838451 131919735117504 coll_end 0 0
1581647764691503 131919735117504 emit_beg 643 0
1581647770258730 131919735117504 emit_end 643 0
1581647770261179 131919735117504 drain_beg 0 0
1581647770261509 131919735117504 drain_end 1 0
1581647770261869 131919735117504 subm_beg 1 0
1581647773975044 131919735117504 subm_end 1 0
1581647773975644 131919735117504 pump_beg 1 0
1581647783756336 131919735117504 pump_end 1 2
1581647786708038 131919735117504 coll_beg 0 0
1581647789408799 131919735117504 coll_end 0 0
1581647792305784 131919735117504 emit_beg 644 0
1581647797853301 131919735117504 emit_end 644 0
1581647797855691 131919735117504 drain_beg 0 0
1581647797855951 131919735117504 drain_end 1 0
1581647797856201 131919735117504 subm_beg 1 0
1581647801501687 131919735117504 subm_end 1 0
1581647801502067 131919735117504 pump_beg 1 0
1581647813050715 131919735117504 pump_end 1 2
1581647816448771 131919735117504 coll_beg 0 0
1581647820435945 131919735117504 coll_end 0 0
1581647822346465 131919735117504 emit_beg 645 0
1581647830029145 131919735117504 emit_end 645 0
1581647830032124 131919735117504 drain_beg 0 0
1581647830032674 131919735117504 drain_end 1 0
1581647830033164 131919735117504 subm_beg 1 0
1581647833683241 131919735117504 subm_end 1 0
1581647833683731 131919735117504 pump_beg 1 0
1581647844940949 131919735117504 pump_end 1 2
1581647848664733 131919735117504 coll_beg 0 0
1581647852280951 131919735117504 coll_end 0 0
1581647854164672 131919735117504 emit_beg 646 0
1581647857919665 131919735117504 emit_end 646 0
1581647877211280 131919735117504 drain_beg 0 0
1581647877212290 131919735117504 drain_end 1 0
1581647877212690 131919735117504 subm_beg 1 0
1581647880890315 131919735117504 subm_end 1 0
1581647880890845 131919735117504 pump_beg 1 0
1581647891771647 131919735117504 pump_end 1 2
1581647893774874 131919735117504 coll_beg 0 0
1581647897259487 131919735117504 coll_end 0 0
1581647899203166 131919735117504 emit_beg 647 0
1581647904871419 131919735117504 emit_end 647 0
1581647904874558 131919735117504 drain_beg 0 0
1581647904875428 131919735117504 drain_end 1 0
1581647904875958 131919735117504 subm_beg 1 0
1581647908544424 131919735117504 subm_end 1 0
1581647908544844 131919735117504 pump_beg 1 0
1581647920280255 131919735117504 pump_end 1 2
1581647923767608 131919735117504 coll_beg 0 0
1581647927362186 131919735117504 coll_end 0 0
1581647929217858 131919735117504 emit_beg 648 0
1581647934917330 131919735117504 emit_end 648 0
1581647951627639 131919735117504 drain_beg 0 0
1581647951632829 131919735117504 drain_end 1 0
1581647951634049 131919735117504 subm_beg 1 0
1581647955234977 131919735117504 subm_end 1 0
1581647955237757 131919735117504 pump_beg 1 0
1581647964491939 131919735117504 pump_end 1 2
1581647966309473 131919735117504 coll_beg 0 0
1581647969183867 131919735117504 coll_end 0 0
1581647970936783 131919735117504 emit_beg 649 0
1581647976441202 131919735117504 emit_end 649 0
1581647976450472 131919735117504 drain_beg 0 0
1581647976451722 131919735117504 drain_end 1 0
1581647976452762 131919735117504 subm_beg 1 0
1581647979920995 131919735117504 subm_end 1 0
1581647979921985 131919735117504 pump_beg 1 0
1581647990320415 131919735117504 pump_end 1 2
1581647993824447 131919735117504 coll_beg 0 0
1581647996908224 131919735117504 coll_end 0 0
1581647998634251 131919735117504 emit_beg 650 0
1581648004157939 131919735117504 emit_end 650 0
1581648019674612 131919735117504 drain_beg 0 0
1581648019675282 131919735117504 drain_end 1 0
1581648019675662 131919735117504 subm_beg 1 0
1581648023148955 131919735117504 subm_end 1 0
1581648023149365 131919735117504 pump_beg 1 0
1581648033246396 131919735117504 pump_end 1 2
1581648035095928 131919735117504 coll_beg 0 0
1581648037520079 131919735117504 coll_end 0 0
1581648039283395 131919735117504 emit_beg 651 0
1581648044591991 131919735117504 emit_end 651 0
1581648044594401 131919735117504 drain_beg 0 0
1581648044594901 131919735117504 drain_end 1 0
1581648044595421 131919735117504 subm_beg 1 0
1581648048127972 131919735117504 subm_end 1 0
1581648048128342 131919735117504 pump_beg 1 0
1581648058813491 131919735117504 pump_end 1 2
1581648061932817 131919735117504 coll_beg 0 0
1581648066051116 131919735117504 coll_end 0 0
1581648068035594 131919735117504 emit_beg 652 0
1581648073475535 131919735117504 emit_end 652 0
1581648073479685 131919735117504 drain_beg 0 0
1581648073480345 131919735117504 drain_end 1 0
1581648073480975 131919735117504 subm_beg 1 0
1581648076946778 131919735117504 subm_end 1 0
1581648076952318 131919735117504 pump_beg 1 0
1581648085969408 131919735117504 pump_end 1 2
1581648089366044 131919735117504 coll_beg 0 0
1581648091261765 131919735117504 coll_end 0 0
1581648093068619 131919735117504 emit_beg 653 0
1581648098352606 131919735117504 emit_end 653 0
1581648112677132 131919735117504 drain_beg 0 0
1581648112677892 131919735117504 drain_end 1 0
1581648112678242 131919735117504 subm_beg 1 0
1581648116212663 131919735117504 subm_end 1 0
1581648116213173 131919735117504 pump_beg 1 0
1581648126226547 131919735117504 pump_end 1 2
1581648128051890 131919735117504 coll_beg 0 0
1581648130580087 131919735117504 coll_end 0 0
1581648132350733 131919735117504 emit_beg 654 0
1581648137647569 131919735117504 emit_end 654 0
1581648137650209 131919735117504 drain_beg 0 0
1581648137650779 131919735117504 drain_end 1 0
1581648137651319 131919735117504 subm_beg 1 0
1581648141093933 131919735117504 subm_end 1 0
1581648141094333 131919735117504 pump_beg 1 0
1581648149160698 131919735117504 pump_end 1 2
1581648151150745 131919735117504 coll_beg 0 0
1581648152408649 131919735117504 coll_end 0 0
1581648154682506 131919735117504 emit_beg 655 0
1581648161995979 131919735117504 emit_end 655 0
1581648175843193 131919735117504 drain_beg 0 0
1581648175844383 131919735117504 drain_end 1 0
1581648175844953 131919735117504 subm_beg 1 0
1581648179359754 131919735117504 subm_end 1 0
1581648179360064 131919735117504 pump_beg 1 0
1581648187983949 131919735117504 pump_end 1 2
1581648189910639 131919735117504 coll_beg 0 0
1581648191271449 131919735117504 coll_end 0 0
1581648193689660 131919735117504 emit_beg 656 0
1581648198984847 131919735117504 emit_end 656 0
1581648198988397 131919735117504 drain_beg 0 0
1581648198988967 131919735117504 drain_end 1 0
1581648198989507 131919735117504 subm_beg 1 0
1581648202480949 131919735117504 subm_end 1 0
1581648202481459 131919735117504 pump_beg 1 0
1581648213126020 131919735117504 pump_end 1 2
1581648215701486 131919735117504 coll_beg 0 0
1581648219950100 131919735117504 coll_end 0 0
1581648221919218 131919735117504 emit_beg 657 0
1581648227203195 131919735117504 emit_end 657 0
1581648227206525 131919735117504 drain_beg 0 0
1581648227207105 131919735117504 drain_end 1 0
1581648227207515 131919735117504 subm_beg 1 0
1581648230656849 131919735117504 subm_end 1 0
1581648230657249 131919735117504 pump_beg 1 0
1581648240910254 131919735117504 pump_end 1 2
1581648242681359 131919735117504 coll_beg 0 0
1581648244910048 131919735117504 coll_end 0 0
1581648246736121 131919735117504 emit_beg 658 0
1581648252013268 131919735117504 emit_end 658 0
1581648267015920 131919735117504 drain_beg 0 0
1581648267018280 131919735117504 drain_end 1 0
1581648267018740 131919735117504 subm_beg 1 0
1581648270567990 131919735117504 subm_end 1 0
1581648270568500 131919735117504 pump_beg 1 0
1581648281991332 131919735117504 pump_end 1 2
1581648283773337 131919735117504 coll_beg 0 0
1581648286930192 131919735117504 coll_end 0 0
1581648288724316 131919735117504 emit_beg 659 0
1581648292252317 131919735117504 emit_end 659 0
1581648292255237 131919735117504 drain_beg 0 0
1581648292255867 131919735117504 drain_end 1 0
1581648292256427 131919735117504 subm_beg 1 0
1581648295703821 131919735117504 subm_end 1 0
1581648295704121 131919735117504 pump_beg 1 0
1581648306592703 131919735117504 pump_end 1 2
1581648309394951 131919735117504 coll_beg 0 0
1581648312736938 131919735117504 coll_end 0 0
1581648314890840 131919735117504 emit_beg 660 0
1581648320207715 131919735117504 emit_end 660 0
1581648336087175 131919735117504 drain_beg 0 0
1581648336087835 131919735117504 drain_end 1 0
1581648336088115 131919735117504 subm_beg 1 0
1581648339801519 131919735117504 subm_end 1 0
1581648339801969 131919735117504 pump_beg 1 0
1581648351762602 131919735117504 pump_end 1 2
1581648353777408 131919735117504 coll_beg 0 0
1581648358052582 131919735117504 coll_end 0 0
1581648359965742 131919735117504 emit_beg 661 0
1581648365562107 131919735117504 emit_end 661 0
1581648365565257 131919735117504 drain_beg 0 0
1581648365565707 131919735117504 drain_end 1 0
1581648365572017 131919735117504 subm_beg 1 0
1581648369201534 131919735117504 subm_end 1 0
1581648369201804 131919735117504 pump_beg 1 0
1581648377761811 131919735117504 pump_end 1 2
1581648380964954 131919735117504 coll_beg 0 0
1581648382648003 131919735117504 coll_end 0 0
1581648384642670 131919735117504 emit_beg 662 0
1581648392135946 131919735117504 emit_end 662 0
1581648407940008 131919735117504 drain_beg 0 0
1581648407940658 131919735117504 drain_end 1 0
1581648407941048 131919735117504 subm_beg 1 0
1581648409761102 131919735117504 subm_end 1 0
1581648409761511 131919735117504 pump_beg 1 0
1581648418698615 131919735117504 pump_end 1 2
1581648420571046 131919735117504 coll_beg 0 0
1581648422212476 131919735117504 coll_end 0 0
1581648424098297 131919735117504 emit_beg 663 0
1581648429674554 131919735117504 emit_end 663 0
1581648429676883 131919735117504 drain_beg 0 0
1581648429677203 131919735117504 drain_end 1 0
1581648429677493 131919735117504 subm_beg 1 0
1581648433308291 131919735117504 subm_end 1 0
1581648433308991 131919735117504 pump_beg 1 0
1581648443233938 131919735117504 pump_end 1 2
1581648445279963 131919735117504 coll_beg 0 0
1581648447519741 131919735117504 coll_end 0 0
1581648449405442 131919735117504 emit_beg 664 0
1581648455057146 131919735117504 emit_end 664 0
1581648470423674 131919735117504 drain_beg 0 0
1581648470424694 131919735117504 drain_end 1 0
1581648470425194 131919735117504 subm_beg 1 0
1581648474158957 131919735117504 subm_end 1 0
1581648474159347 131919735117504 pump_beg 1 0
1581648485022320 131919735117504 pump_end 1 2
1581648487192041 131919735117504 coll_beg 0 0
1581648491204384 131919735117504 coll_end 0 0
1581648493074556 131919735117504 emit_beg 665 0
1581648498646162 131919735117504 emit_end 665 0
1581648498648702 131919735117504 drain_beg 0 0
1581648498649252 131919735117504 drain_end 1 0
1581648498649692 131919735117504 subm_beg 1 0
1581648502304618 131919735117504 subm_end 1 0
1581648502305328 131919735117504 pump_beg 1 0
1581648512745007 131919735117504 pump_end 1 2
1581648514860809 131919735117504 coll_beg 0 0
1581648517421896 131919735117504 coll_end 0 0
1581648520414716 131919735117504 emit_beg 666 0
1581648526128177 131919735117504 emit_end 666 0
1581648526130857 131919735117504 drain_beg 0 0
1581648526131227 131919735117504 drain_end 1 0
1581648526131487 131919735117504 subm_beg 1 0
1581648529753535 131919735117504 subm_end 1 0
1581648529754295 131919735117504 pump_beg 1 0
1581648542601705 131919735117504 pump_end 1 2
1581648544848663 131919735117504 coll_beg 0 0
1581648549841321 131919735117504 coll_end 0 0
1581648551829068 131919735117504 emit_beg 667 0
1581648557471482 131919735117504 emit_end 667 0
1581648557474992 131919735117504 drain_beg 0 0
1581648557475461 131919735117504 drain_end 1 0
1581648557475991 131919735117504 subm_beg 1 0
1581648561120048 131919735117504 subm_end 1 0
1581648561120388 131919735117504 pump_beg 1 0
1581648572659027 131919735117504 pump_end 1 2
1581648575902488 131919735117504 coll_beg 0 0
1581648579604003 131919735117504 coll_end 0 0
1581648581489604 131919735117504 emit_beg 668 0
1581648585230417 131919735117504 emit_end 668 0
1581648605028273 131919735117504 drain_beg 0 0
1581648605029143 131919735117504 drain_end 1 0
1581648605029513 131919735117504 subm_beg 1 0
1581648608740917 131919735117504 subm_end 1 0
1581648608741387 131919735117504 pump_beg 1 0
1581648620163530 131919735117504 pump_end 1 2
1581648622087490 131919735117504 coll_beg 0 0
1581648628848262 131919735117504 coll_end 0 0
1581648630825950 131919735117504 emit_beg 669 0
1581648636529642 131919735117504 emit_end 669 0
1581648636532471 131919735117504 drain_beg 0 0
1581648636533151 131919735117504 drain_end 1 0
1581648636533651 131919735117504 subm_beg 1 0
1581648640162609 131919735117504 subm_end 1 0
1581648640163239 131919735117504 pump_beg 1 0
1581648650463412 131919735117504 pump_end 1 2
1581648652915363 131919735117504 coll_beg 0 0
1581648655904363 131919735117504 coll_end 0 0
1581648657814213 131919735117504 emit_beg 670 0
1581648661612535 131919735117504 emit_end 670 0
1581648681125661 131919735117504 drain_beg 0 0
1581648681126501 131919735117504 drain_end 1 0
1581648681126861 131919735117504 subm_beg 1 0
1581648684781248 131919735117504 subm_end 1 0
1581648684781678 131919735117504 pump_beg 1 0
1581648694105877 131919735117504 pump_end 1 2
1581648695965359 131919735117504 coll_beg 0 0
1581648697915457 131919735117504 coll_end 0 0
1581648699789259 131919735117504 emit_beg 671 0
1581648705426153 131919735117504 emit_end 671 0
1581648705429023 131919735117504 drain_beg 0 0
1581648705429583 131919735117504 drain_end 1 0
1581648705430073 131919735117504 subm_beg 1 0
1581648709088399 131919735117504 subm_end 1 0
1581648709089139 131919735117504 pump_beg 1 0
1581648716881994 131919735117504 pump_end 1 2
1581648720127555 131919735117504 coll_beg 0 0
1581648720909377 131919735117504 coll_end 0 0
1581648723805931 131919735117504 emit_beg 672 0
1581648731240179 131919735117504 emit_end 672 0
1581648731242599 131919735117504 drain_beg 0 0
1581648731242969 131919735117504 drain_end 1 0
1581648731243279 131919735117504 subm_beg 1 0
1581648734879686 131919735117504 subm_end 1 0
1581648734880336 131919735117504 pump_beg 1 0
1581648745120632 131919735117504 pump_end 1 2
1581648748112742 131919735117504 coll_beg 0 0
1581648750865312 131919735117504 coll_end 0 0
1581648752638687 131919735117504 emit_beg 673 0
1581648758032160 131919735117504 emit_end 673 0
1581648758035100 131919735117504 drain_beg 0 0
1581648758035540 131919735117504 drain_end 1 0
1581648758036100 131919735117504 subm_beg 1 0
1581648761479924 131919735117504 subm_end 1 0
1581648761480604 131919735117504 pump_beg 1 0
1581648772014669 131919735117504 pump_end 1 2
1581648774206599 131919735117504 coll_beg 0 0
1581648778301819 131919735117504 coll_end 0 0
1581648780023586 131919735117504 emit_beg 674 0
1581648785443888 131919735117504 emit_end 674 0
1581648801402744 131919735117504 drain_beg 0 0
1581648801404134 131919735117504 drain_end 1 0
1581648801404554 131919735117504 subm_beg 1 0
1581648804829029 131919735117504 subm_end 1 0
1581648804829739 131919735117504 pump_beg 1 0
1581648815891425 131919735117504 pump_end 1 2
1581648817750097 131919735117504 coll_beg 0 0
1581648821038177 131919735117504 coll_end 0 0
1581648822908518 131919735117504 emit_beg 675 0
1581648828220034 131919735117504 emit_end 675 0
1581648828222874 131919735117504 drain_beg 0 0
1581648828223334 131919735117504 drain_end 1 0
1581648828223964 131919735117504 subm_beg 1 0
1581648831693777 131919735117504 subm_end 1 0
1581648831694827 131919735117504 pump_beg 1 0
1581648841821807 131919735117504 pump_end 1 2
1581648844758199 131919735117504 coll_beg 0 0
1581648848019840 131919735117504 coll_end 0 0
1581648849853953 131919735117504 emit_beg 676 0
1581648855151490 131919735117504 emit_end 676 0
1581648870849716 131919735117504 drain_beg 0 0
1581648870851736 131919735117504 drain_end 1 0
1581648870852555 131919735117504 subm_beg 1 0
1581648874405996 131919735117504 subm_end 1 0
1581648874407596 131919735117504 pump_beg 1 0
1581648886770663 131919735117504 pump_end 1 2
1581648888812729 131919735117504 coll_beg 0 0
1581648892849361 131919735117504 coll_end 0 0
1581648894774941 131919735117504 emit_beg 677 0
1581648900174014 131919735117504 emit_end 677 0
1581648900181473 131919735117504 drain_beg 0 0
1581648900182353 131919735117504 drain_end 1 0
1581648900183253 131919735117504 subm_beg 1 0
1581648903537241 131919735117504 subm_end 1 0
1581648903537701 131919735117504 pump_beg 1 0
1581648911822788 131919735117504 pump_end 1 2
1581648914627645 131919735117504 coll_beg 0 0
1581648915834931 131919735117504 coll_end 0 0
1581648918172336 131919735117504 emit_beg 678 0
1581648925253107 131919735117504 emit_end 678 0
1581648937380803 131919735117504 drain_beg 0 0
1581648937382283 131919735117504 drain_end 1 0
1581648937382803 131919735117504 subm_beg 1 0
1581648940830587 131919735117504 subm_end 1 0
1581648940831017 131919735117504 pump_beg 1 0
1581648950873670 131919735117504 pump_end 1 2
1581648952657295 131919735117504 coll_beg 0 0
1581648955249160 131919735117504 coll_end 0 0
1581648957044884 131919735117504 emit_beg 679 0
1581648962346001 131919735117504 emit_end 679 0
1581648978187762 131919735117504 drain_beg 0 0
1581648978188482 131919735117504 drain_end 1 0
1581648978188832 131919735117504 subm_beg 1 0
1581648981669724 131919735117504 subm_end 1 0
1581648981670134 131919735117504 pump_beg 1 0
1581648992543337 131919735117504 pump_end 1 2
1581648994303313 131919735117504 coll_beg 0 0
1581648997458257 131919735117504 coll_end 0 0
1581648999259901 131919735117504 emit_beg 680 0
1581649004594406 131919735117504 emit_end 680 0
1581649004597156 131919735117504 drain_beg 0 0
1581649004597756 131919735117504 drain_end 1 0
1581649004598446 131919735117504 subm_beg 1 0
1581649008026451 131919735117504 subm_end 1 0
1581649008026831 131919735117504 pump_beg 1 0
1581649016674465 131919735117504 pump_end 1 2
1581649020121919 131919735117504 coll_beg 0 0
1581649022208702 131919735117504 coll_end 0 0
1581649023997417 131919735117504 emit_beg 681 0
1581649029308763 131919735117504 emit_end 681 0
1581649043204895 131919735117504 drain_beg 0 0
1581649043205505 131919735117504 drain_end 1 0
1581649043205815 131919735117504 subm_beg 1 0
1581649046693807 131919735117504 subm_end 1 0
1581649046694227 131919735117504 pump_beg 1 0
1581649054443124 131919735117504 pump_end 1 2
1581649056344955 131919735117504 coll_beg 0 0
1581649057155855 131919735117504 coll_end 0 0
1581649058945429 131919735117504 emit_beg 682 0
1581649062464651 131919735117504 emit_end 682 0
1581649064356902 131919735117504 drain_beg 0 0
1581649064362231 131919735117504 drain_end 1 0
1581649064364221 131919735117504 subm_beg 1 0
1581649068066896 131919735117504 subm_end 1 0
1581649068067816 131919735117504 pump_beg 1 0
1581649081447007 131919735117504 pump_end 1 2
1581649083247991 131919735117504 coll_beg 0 0
1581649088488019 131919735117504 coll_end 0 0
1581649090379540 131919735117504 emit_beg 683 0
1581649097420813 131919735117504 emit_end 683 0
1581649097424243 131919735117504 drain_beg 0 0
1581649097424883 131919735117504 drain_end 1 0
1581649097425383 131919735117504 subm_beg 1 0
1581649100888766 131919735117504 subm_end 1 0
1581649100889266 131919735117504 pump_beg 1 0
1581649111230348 131919735117504 pump_end 1 2
1581649113421698 131919735117504 coll_beg 0 0
1581649117829267 131919735117504 coll_end 0 0
1581649119591622 131919735117504 emit_beg 684 0
1581649123130293 131919735117504 emit_end 684 0
1581649123133603 131919735117504 drain_beg 0 0
1581649123134473 131919735117504 drain_end 1 0
1581649123135253 131919735117504 subm_beg 1 0
1581649126638615 131919735117504 subm_end 1 0
1581649126639215 131919735117504 pump_beg 1 0
1581649138949475 131919735117504 pump_end 1 2
1581649142644400 131919735117504 coll_beg 0 0
1581649148230065 131919735117504 coll_end 0 0
1581649150418905 131919735117504 emit_beg 685 0
1581649155944903 131919735117504 emit_end 685 0
1581649155947783 131919735117504 drain_beg 0 0
1581649155948243 131919735117504 drain_end 1 0
1581649155948493 131919735117504 subm_beg 1 0
1581649159428446 131919735117504 subm_end 1 0
1581649159428786 131919735117504 pump_beg 1 0
1581649170385605 131919735117504 pump_end 1 2
1581649173804481 131919735117504 coll_beg 0 0
1581649177552194 131919735117504 coll_end 0 0
1581649179419205 131919735117504 emit_beg 686 0
1581649183145939 131919735117504 emit_end 686 0
1581649183149879 131919735117504 drain_beg 0 0
1581649183150779 131919735117504 drain_end 1 0
1581649183151709 131919735117504 subm_beg 1 0
1581649186724248 131919735117504 subm_end 1 0
1581649186724868 131919735117504 pump_beg 1 0
1581649197539413 131919735117504 pump_end 1 2
1581649199397535 131919735117504 coll_beg 0 0
1581649202699304 131919735117504 coll_end 0 0
1581649204813177 131919735117504 emit_beg 687 0
1581649212049732 131919735117504 emit_end 687 0
1581649228119745 131919735117504 drain_beg 0 0
1581649228120775 131919735117504 drain_end 1 0
1581649228121275 131919735117504 subm_beg 1 0
1581649231704924 131919735117504 subm_end 1 0
1581649231705334 131919735117504 pump_beg 1 0
1581649241704328 131919735117504 pump_end 1 2
1581649243577270 131919735117504 coll_beg 0 0
1581649246252092 131919735117504 coll_end 0 0
1581649248126444 131919735117504 emit_beg 688 0
1581649253555125 131919735117504 emit_end 688 0
1581649253558245 131919735117504 drain_beg 0 0
1581649253558735 131919735117504 drain_end 1 0
1581649253559445 131919735117504 subm_beg 1 0
1581649257130294 131919735117504 subm_end 1 0
1581649257131044 131919735117504 pump_beg 1 0
1581649267041182 131919735117504 pump_end 1 2
1581649270249415 131919735117504 coll_beg 0 0
1581649272886278 131919735117504 coll_end 0 0
1581649275704495 131919735117504 emit_beg 689 0
1581649281218524 131919735117504 emit_end 689 0
1581649281222004 131919735117504 drain_beg 0 0
1581649281222494 131919735117504 drain_end 1 0
1581649281222884 131919735117504 subm_beg 1 0
1581649284792533 131919735117504 subm_end 1 0
1581649284793133 131919735117504 pump_beg 1 0
1581649294773248 131919735117504 pump_end 1 2
1581649296816994 131919735117504 coll_beg 0 0
1581649299320962 131919735117504 coll_end 0 0
1581649301147135 131919735117504 emit_beg 690 0
1581649306575077 131919735117504 emit_end 690 0
1581649322103389 131919735117504 drain_beg 0 0
1581649322104379 131919735117504 drain_end 1 0
1581649322104909 131919735117504 subm_beg 1 0
1581649325710137 131919735117504 subm_end 1 0
1581649325710727 131919735117504 pump_beg 1 0
1581649337244656 131919735117504 pump_end 1 2
1581649339171725 131919735117504 coll_beg 0 0
1581649343132970 131919735117504 coll_end 0 0
1581649345178956 131919735117504 emit_beg 691 0
1581649350788001 131919735117504 emit_end 691 0
1581649350796270 131919735117504 drain_beg 0 0
1581649350797400 131919735117504 drain_end 1 0
1581649350798500 131919735117504 subm_beg 1 0
1581649354344761 131919735117504 subm_end 1 0
1581649354346461 131919735117504 pump_beg 1 0
1581649367352495 131919735117504 pump_end 1 2
1581649370150993 131919735117504 coll_beg 0 0
1581649375127891 131919735117504 coll_end 0 0
1581649376987013 131919735117504 emit_beg 692 0
1581649382442083 131919735117504 emit_end 692 0
1581649382445163 131919735117504 drain_beg 0 0
1581649382445553 131919735117504 drain_end 1 0
1581649382445893 131919735117504 subm_beg 1 0
1581649385996634 131919735117504 subm_end 1 0
1581649385997084 131919735117504 pump_beg 1 0
1581649394794302 131919735117504 pump_end 1 2
1581649398198857 131919735117504 coll_beg 0 0
1581649400279281 131919735117504 coll_end 0 0
1581649403875770 131919735117504 emit_beg 693 0
1581649409383089 131919735117504 emit_end 693 0
1581649423709395 131919735117504 drain_beg 0 0
1581649423710985 131919735117504 drain_end 1 0
1581649423711765 131919735117504 subm_beg 1 0
1581649427321183 131919735117504 subm_end 1 0
1581649427322133 131919735117504 pump_beg 1 0
1581649438144497 131919735117504 pump_end 1 2
1581649440158324 131919735117504 coll_beg 0 0
1581649444559633 131919735117504 coll_end 0 0
1581649446485162 131919735117504 emit_beg 694 0
1581649450153098 131919735117504 emit_end 694 0
1581649450156258 131919735117504 drain_beg 0 0
1581649450156788 131919735117504 drain_end 1 0
1581649450157408 131919735117504 subm_beg 1 0
1581649453733217 131919735117504 subm_end 1 0
1581649453733587 131919735117504 pump_beg 1 0
1581649466285548 131919735117504 pump_end 1 2
1581649469555999 131919735117504 coll_beg 0 0
1581649476225545 131919735117504 coll_end 0 0
1581649478079127 131919735117504 emit_beg 695 0
1581649483485350 131919735117504 emit_end 695 0
1581649483487740 131919735117504 drain_beg 0 0
1581649483487999 131919735117504 drain_end 1 0
1581649483488299 131919735117504 subm_beg 1 0
1581649487024030 131919735117504 subm_end 1 0
1581649487024490 131919735117504 pump_beg 1 0
1581649496980916 131919735117504 pump_end 1 2
1581649498955224 131919735117504 coll_beg 0 0
1581649502646989 131919735117504 coll_end 0 0
1581649504683915 131919735117504 emit_beg 696 0
1581649512092334 131919735117504 emit_end 696 0
1581649512095764 131919735117504 drain_beg 0 0
1581649512096334 131919735117504 drain_end 1 0
1581649512097064 131919735117504 subm_beg 1 0
1581649515634944 131919735117504 subm_end 1 0
1581649515641344 131919735117504 pump_beg 1 0
1581649526024495 131919735117504 pump_end 1 2
1581649529438340 131919735117504 coll_beg 0 0
1581649533609347 131919735117504 coll_end 0 0
1581649535493098 131919735117504 emit_beg 697 0
1581649539103666 131919735117504 emit_end 697 0
1581649539107806 131919735117504 drain_beg 0 0
1581649539108396 131919735117504 drain_end 1 0
1581649539108956 131919735117504 subm_beg 1 0
1581649542573849 131919735117504 subm_end 1 0
1581649542574299 131919735117504 pump_beg 1 0
1581649553692423 131919735117504 pump_end 1 2
1581649555963820 131919735117504 coll_beg 0 0
1581649559518810 131919735117504 coll_end 0 0
1581649562661875 131919735117504 emit_beg 698 0
1581649569484416 131919735117504 emit_end 698 0
1581649569487736 131919735117504 drain_beg 0 0
1581649569488216 131919735117504 drain_end 1 0
1581649569488726 131919735117504 subm_beg 1 0
1581649572965998 131919735117504 subm_end 1 0
1581649572966508 131919735117504 pump_beg 1 0
1581649579851677 131919735117504 pump_end 1 2
1581649583258372 131919735117504 coll_beg 0 0
1581649583346749 131919735117504 coll_end 0 0
1581649586728025 131919735117504 emit_beg 699 0
1581649593614664 131919735117504 emit_end 699 0
1581649606099047 131919735117504 drain_beg 0 0
1581649606100997 131919735117504 drain_end 1 0
1581649606101677 131919735117504 subm_beg 1 0
1581649609571830 131919735117504 subm_end 1 0
1581649609572700 131919735117504 pump_beg 1 0
1581649620365006 131919735117504 pump_end 1 2
1581649622356733 131919735117504 coll_beg 0 0
1581649627201896 131919735117504 coll_end 0 0
1581649629003030 131919735117504 emit_beg 700 0
1581649634305946 131919735117504 emit_end 700 0
1581649634309156 131919735117504 drain_beg 0 0
1581649634309626 131919735117504 drain_end 1 0
1581649634310086 131919735117504 subm_beg 1 0
1581649637846697 131919735117504 subm_end 1 0
1581649637847157 131919735117504 pump_beg 1 0
1581649646670394 131919735117504 pump_end 1 2
1581649649788100 131919735117504 coll_beg 0 0
1581649652239251 131919735117504 coll_end 0 0
1581649654994060 131919735117504 emit_beg 701 0
1581649660305806 131919735117504 emit_end 701 0
1581649660308416 131919735117504 drain_beg 0 0
1581649660308826 131919735117504 drain_end 1 0
1581649660309086 131919735117504 subm_beg 1 0
1581649663762709 131919735117504 subm_end 1 0
1581649663763099 131919735117504 pump_beg 1 0
1581649678748491 131919735117504 pump_end 1 2
1581649680491508 131919735117504 coll_beg 0 0
1581649687731453 131919735117504 coll_end 0 0
1581649689501128 131919735117504 emit_beg 702 0
1581649694755426 131919735117504 emit_end 702 0
1581649694758536 131919735117504 drain_beg 0 0
1581649694758996 131919735117504 drain_end 1 0
1581649694759436 131919735117504 subm_beg 1 0
1581649698170151 131919735117504 subm_end 1 0
1581649698170681 131919735117504 pump_beg 1 0
1581649705683507 131919735117504 pump_end 1 2
1581649707623086 131919735117504 coll_beg 0 0
1581649708485644 131919735117504 coll_end 0 0
1581649711164446 131919735117504 emit_beg 703 0
1581649718031225 131919735117504 emit_end 703 0
1581649731077099 131919735117504 drain_beg 0 0
1581649731077759 131919735117504 drain_end 1 0
1581649731078029 131919735117504 subm_beg 1 0
1581649734521623 131919735117504 subm_end 1 0
1581649734522092 131919735117504 pump_beg 1 0
1581649743051181 131919735117504 pump_end 1 2
1581649745490092 131919735117504 coll_beg 0 0
1581649747738359 131919735117504 coll_end 0 0
1581649749555993 131919735117504 emit_beg 704 0
1581649754765092 131919735117504 emit_end 704 0
1581649754767732 131919735117504 drain_beg 0 0
1581649754768232 131919735117504 drain_end 1 0
1581649754768802 131919735117504 subm_beg 1 0
1581649758247495 131919735117504 subm_end 1 0
1581649758247875 131919735117504 pump_beg 1 0
1581649768625316 131919735117504 pump_end 1 2
1581649770343733 131919735117504 coll_beg 0 0
1581649774760971 131919735117504 coll_end 0 0
1581649776546006 131919735117504 emit_beg 705 0
1581649781726107 131919735117504 emit_end 705 0
1581649781728187 131919735117504 drain_beg 0 0
1581649781728477 131919735117504 drain_end 1 0
1581649781733087 131919735117504 subm_beg 1 0
1581649785141272 131919735117504 subm_end 1 0
1581649785141652 131919735117504 pump_beg 1 0
1581649796231587 131919735117504 pump_end 1 2
1581649798634339 131919735117504 coll_beg 0 0
1581649803063417 131919735117504 coll_end 0 0
1581649805734759 131919735117504 emit_beg 706 0
1581649811001917 131919735117504 emit_end 706 0
1581649811006177 131919735117504 drain_beg 0 0
1581649811006827 131919735117504 drain_end 1 0
1581649811007387 131919735117504 subm_beg 1 0
1581649814402642 131919735117504 subm_end 1 0
1581649814403102 131919735117504 pump_beg 1 0
1581649823904685 131919735117504 pump_end 1 2
1581649826148563 131919735117504 coll_beg 0 0
1581649828917692 131919735117504 coll_end 0 0
1581649831310394 131919735117504 emit_beg 707 0
1581649838284869 131919735117504 emit_end 707 0
1581649838287989 131919735117504 drain_beg 0 0
1581649838288389 131919735117504 drain_end 1 0
1581649838288689 131919735117504 subm_beg 1 0
1581649841643957 131919735117504 subm_end 1 0
1581649841644477 131919735117504 pump_beg 1 0
1581649850507563 131919735117504 pump_end 1 2
1581649854008554 131919735117504 coll_beg 0 0
1581649855741181 131919735117504 coll_end 0 0
1581649857479538 131919735117504 emit_beg 708 0
1581649864420344 131919735117504 emit_end 708 0
1581649864422954 131919735117504 drain_beg 0 0
1581649864423214 131919735117504 drain_end 1 0
1581649864423484 131919735117504 subm_beg 1 0
1581649867862358 131919735117504 subm_end 1 0
1581649867862748 131919735117504 pump_beg 1 0
1581649880712438 131919735117504 pump_end 1 2
1581649883643241 131919735117504 coll_beg 0 0
1581649888295851 131919735117504 coll_end 0 0
1581649890123744 131919735117504 emit_beg 709 0
1581649895813146 131919735117504 emit_end 709 0
1581649895815596 131919735117504 drain_beg 0 0
1581649895815966 131919735117504 drain_end 1 0
1581649895816376 131919735117504 subm_beg 1 0
1581649899349707 131919735117504 subm_end 1 0
1581649899350177 131919735117504 pump_beg 1 0
1581649909354871 131919735117504 pump_end 1 2
1581649911436535 131919735117504 coll_beg 0 0
1581649915524566 131919735117504 coll_end 0 0
1581649918952370 131919735117504 emit_beg 710 0
1581649924353743 131919735117504 emit_end 710 0
1581649940610659 131919735117504 drain_beg 0 0
1581649940612629 131919735117504 drain_end 1 0
1581649940613389 131919735117504 subm_beg 1 0
1581649944239256 131919735117504 subm_end 1 0
1581649944240976 131919735117504 pump_beg 1 0
1581649954786220 131919735117504 pump_end 1 2
1581649956627843 131919735117504 coll_beg 0 0
1581649959615874 131919735117504 coll_end 0 0
1581649961457097 131919735117504 emit_beg 711 0
1581649966874548 131919735117504 emit_end 711 0
1581649966877748 131919735117504 drain_beg 0 0
1581649966878288 131919735117504 drain_end 1 0
1581649966878938 131919735117504 subm_beg 1 0
1581649970421349 131919735117504 subm_end 1 0
1581649970421789 131919735117504 pump_beg 1 0
1581649977798989 131919735117504 pump_end 1 2
1581649979706169 131919735117504 coll_beg 0 0
1581649980690373 131919735117504 coll_end 0 0
1581649983399964 131919735117504 emit_beg 712 0
1581649990629570 131919735117504 emit_end 712 0
1581650002562934 131919735117504 drain_beg 0 0
1581650002563584 131919735117504 drain_end 1 0
1581650002563834 131919735117504 subm_beg 1 0
1581650006165742 131919735117504 subm_end 1 0
1581650006166122 131919735117504 pump_beg 1 0
1581650016073110 131919735117504 pump_end 1 2
1581650017943322 131919735117504 coll_beg 0 0
1581650020948132 131919735117504 coll_end 0 0
1581650022805434 131919735117504 emit_beg 713 0
1581650028226256 131919735117504 emit_end 713 0
1581650028228486 131919735117504 drain_beg 0 0
1581650028228856 131919735117504 drain_end 1 0
1581650028229106 131919735117504 subm_beg 1 0
1581650031844553 131919735117504 subm_end 1 0
1581650031847233 131919735117504 pump_beg 1 0
1581650042605470 131919735117504 pump_end 1 2
1581650045848141 131919735117504 coll_beg 0 0
1581650048839962 131919735117504 coll_end 0 0
1581650050678905 131919735117504 emit_beg 714 0
1581650056145305 131919735117504 emit_end 714 0
1581650056156985 131919735117504 drain_beg 0 0
1581650056157405 131919735117504 drain_end 1 0
1581650056157735 131919735117504 subm_beg 1 0
1581650059644077 131919735117504 subm_end 1 0
1581650059645087 131919735117504 pump_beg 1 0
1581650067877086 131919735117504 pump_end 1 2
1581650070306227 131919735117504 coll_beg 0 0
1581650070692803 131919735117504 coll_end 0 0
1581650073865197 131919735117504 emit_beg 715 0
1581650081104523 131919735117504 emit_end 715 0
1581650094387427 131919735117504 drain_beg 0 0
1581650094388357 131919735117504 drain_end 1 0
1581650094388707 131919735117504 subm_beg 1 0
1581650098036094 131919735117504 subm_end 1 0
1581650098036484 131919735117504 pump_beg 1 0
1581650108108315 131919735117504 pump_end 1 2
1581650110144421 131919735117504 coll_beg 0 0
1581650112805924 131919735117504 coll_end 0 0
1581650114690395 131919735117504 emit_beg 716 0
1581650120145615 131919735117504 emit_end 716 0
1581650120147895 131919735117504 drain_beg 0 0
1581650120148215 131919735117504 drain_end 1 0
1581650120148545 131919735117504 subm_beg 1 0
1581650123656847 131919735117504 subm_end 1 0
1581650123657367 131919735117504 pump_beg 1 0
1581650137110125 131919735117504 pump_end 1 2
1581650139912633 131919735117504 coll_beg 0 0
1581650146238142 131919735117504 coll_end 0 0
1581650148325605 131919735117504 emit_beg 717 0
1581650153971939 131919735117504 emit_end 717 0
1581650153975709 131919735117504 drain_beg 0 0
1581650153976319 131919735117504 drain_end 1 0
1581650153976969 131919735117504 subm_beg 1 0
1581650157615776 131919735117504 subm_end 1 0
1581650157616966 131919735117504 pump_beg 1 0
1581650169778601 131919735117504 pump_end 1 2
1581650172540070 131919735117504 coll_beg 0 0
1581650177361354 131919735117504 coll_end 0 0
1581650179246395 131919735117504 emit_beg 718 0
1581650182928890 131919735117504 emit_end 718 0
1581650182932790 131919735117504 drain_beg 0 0
1581650182933440 131919735117504 drain_end 1 0
1581650182934100 131919735117504 subm_beg 1 0
1581650186517719 131919735117504 subm_end 1 0
1581650186517979 131919735117504 pump_beg 1 0
1581650198740702 131919735117504 pump_end 1 2
1581650200843195 131919735117504 coll_beg 0 0
1581650207079627 131919735117504 coll_end 0 0
1581650210394366 131919735117504 emit_beg 719 0
1581650217769647 131919735117504 emit_end 719 0
1581650217773386 131919735117504 drain_beg 0 0
1581650217774356 131919735117504 drain_end 1 0
1581650217775056 131919735117504 subm_beg 1 0
1581650221223940 131919735117504 subm_end 1 0
1581650221224470 131919735117504 pump_beg 1 0
1581650232868685 131919735117504 pump_end 1 2
1581650235865255 131919735117504 coll_beg 0 0
1581650240393709 131919735117504 coll_end 0 0
1581650248257312 131919735117504 emit_beg 720 0
1581650269770846 131919735117504 emit_end 720 0
1581650269774805 131919735117504 drain_beg 0 0
1581650269775405 131919735117504 drain_end 1 0
1581650269775745 131919735117504 subm_beg 1 0
1581650281497167 131919735117504 subm_end 1 0
1581650281497667 131919735117504 pump_beg 1 0
1581650292445597 131919735117504 pump_end 1 2
1581650302526398 131919735117504 coll_beg 0 0
1581650305662404 131919735117504 coll_end 0 0
1581650310351102 131919735117504 emit_beg 721 0
1581650319414541 131919735117504 emit_end 721 0
1581650336849593 131919735117504 drain_beg 0 0
1581650336850243 131919735117504 drain_end 1 0
1581650336850593 131919735117504 subm_beg 1 0
1581650342689420 131919735117504 subm_end 1 0
1581650342689870 131919735117504 pump_beg 1 0
1581650352537770 131919735117504 pump_end 1 2
1581650354822076 131919735117504 coll_beg 0 0
1581650358276660 131919735117504 coll_end 0 0
1581650361169514 131919735117504 emit_beg 722 0
1581650370236293 131919735117504 emit_end 722 0
1581650370239883 131919735117504 drain_beg 0 0
1581650370240733 131919735117504 drain_end 1 0
1581650370249472 131919735117504 subm_beg 1 0
1581650376354939 131919735117504 subm_end 1 0
1581650376355429 131919735117504 pump_beg 1 0
1581650386068554 131919735117504 pump_end 1 2
1581650390676876 131919735117504 coll_beg 0 0
1581650394520135 131919735117504 coll_end 0 0
1581650399760014 131919735117504 emit_beg 723 0
1581650411133578 131919735117504 emit_end 723 0
1581650411137108 131919735117504 drain_beg 0 0
1581650411137588 131919735117504 drain_end 1 0
1581650411137928 131919735117504 subm_beg 1 0
1581650416922656 131919735117504 subm_end 1 0
1581650416923086 131919735117504 pump_beg 1 0
1581650426619592 131919735117504 pump_end 1 2
1581650429708569 131919735117504 coll_beg 0 0
1581650432090722 131919735117504 coll_end 0 0
1581650435610373 131919735117504 emit_beg 724 0
1581650448450814 131919735117504 emit_end 724 0
1581650471075197 131919735117504 drain_beg 0 0
1581650471077376 131919735117504 drain_end 1 0
1581650471078276 131919735117504 subm_beg 1 0
1581650480481513 131919735117504 subm_end 1 0
1581650480482403 131919735117504 pump_beg 1 0
1581650493156999 131919735117504 pump_end 1 2
1581650496449179 131919735117504 coll_beg 0 0
1581650501214105 131919735117504 coll_end 0 0
1581650504289562 131919735117504 emit_beg 725 0
1581650510888131 131919735117504 emit_end 725 0
1581650510891181 131919735117504 drain_beg 0 0
1581650510891651 131919735117504 drain_end 1 0
1581650510891961 131919735117504 subm_beg 1 0
1581650517058926 131919735117504 subm_end 1 0
1581650517059486 131919735117504 pump_beg 1 0
1581650528322904 131919735117504 pump_end 1 2
1581650534419811 131919735117504 coll_beg 0 0
1581650538173924 131919735117504 coll_end 0 0
1581650544254361 131919735117504 emit_beg 726 0
1581650557794186 131919735117504 emit_end 726 0
1581650576353008 131919735117504 drain_beg 0 0
1581650576358808 131919735117504 drain_end 1 0
1581650576360138 131919735117504 subm_beg 1 0
1581650581032317 131919735117504 subm_end 1 0
1581650581032987 131919735117504 pump_beg 1 0
1581650592243097 131919735117504 pump_end 1 2
1581650595913613 131919735117504 coll_beg 0 0
1581650600858532 131919735117504 coll_end 0 0
1581650603378530 131919735117504 emit_beg 727 0
1581650608158415 131919735117504 emit_end 727 0
1581650608161525 131919735117504 drain_beg 0 0
1581650608161955 131919735117504 drain_end 1 0
1581650608162285 131919735117504 subm_beg 1 0
1581650612898472 131919735117504 subm_end 1 0
1581650612899092 131919735117504 pump_beg 1 0
1581650624179980 131919735117504 pump_end 1 2
1581650626886781 131919735117504 coll_beg 0 0
1581650630715821 131919735117504 coll_end 0 0
1581650633838806 131919735117504 emit_beg 728 0
1581650646268862 131919735117504 emit_end 728 0
1581650666947836 131919735117504 drain_beg 0 0
1581650666949006 131919735117504 drain_end 1 0
1581650666949566 131919735117504 subm_beg 1 0
1581650672792222 131919735117504 subm_end 1 0
1581650672792902 131919735117504 pump_beg 1 0
1581650681427867 131919735117504 pump_end 1 2
1581650683815109 131919735117504 coll_beg 0 0
1581650685626843 131919735117504 coll_end 0 0
1581650688031785 131919735117504 emit_beg 729 0
1581650694212449 131919735117504 emit_end 729 0
1581650694214929 131919735117504 drain_beg 0 0
1581650694215479 131919735117504 drain_end 1 0
1581650694215789 131919735117504 subm_beg 1 0
1581650697707502 131919735117504 subm_end 1 0
1581650697707912 131919735117504 pump_beg 1 0
1581650709239560 131919735117504 pump_end 1 2
1581650711124611 131919735117504 coll_beg 0 0
1581650717349464 131919735117504 coll_end 0 0
1581650719275353 131919735117504 emit_beg 730 0
1581650724632537 131919735117504 emit_end 730 0
1581650741546099 131919735117504 drain_beg 0 0
1581650741546999 131919735117504 drain_end 1 0
1581650741547609 131919735117504 subm_beg 1 0
1581650745051951 131919735117504 subm_end 1 0
1581650745052451 131919735117504 pump_beg 1 0
1581650754788515 131919735117504 pump_end 1 2
1581650756662646 131919735117504 coll_beg 0 0
1581650759080718 131919735117504 coll_end 0 0
1581650760890272 131919735117504 emit_beg 731 0
1581650766203128 131919735117504 emit_end 731 0
1581650766205808 131919735117504 drain_beg 0 0
1581650766206198 131919735117504 drain_end 1 0
1581650766206578 131919735117504 subm_beg 1 0
1581650769632892 131919735117504 subm_end 1 0
1581650769633402 131919735117504 pump_beg 1 0
1581650778754009 131919735117504 pump_end 1 2
1581650781892134 131919735117504 coll_beg 0 0
1581650784075804 131919735117504 coll_end 0 0
1581650785885048 131919735117504 emit_beg 732 0
1581650791120087 131919735117504 emit_end 732 0
1581650806211815 131919735117504 drain_beg 0 0
1581650806212405 131919735117504 drain_end 1 0
1581650806212705 131919735117504 subm_beg 1 0
1581650809748616 131919735117504 subm_end 1 0
1581650809749006 131919735117504 pump_beg 1 0
1581650822881936 131919735117504 pump_end 1 2
1581650824773866 131919735117504 coll_beg 0 0
1581650830110591 131919735117504 coll_end 0 0
1581650831979023 131919735117504 emit_beg 733 0
1581650837543540 131919735117504 emit_end 733 0
1581650837546130 131919735117504 drain_beg 0 0
1581650837546620 131919735117504 drain_end 1 0
1581650837547100 131919735117504 subm_beg 1 0
1581650841159738 131919735117504 subm_end 1 0
1581650841160118 131919735117504 pump_beg 1 0
1581650849550951 131919735117504 pump_end 1 2
1581650852106447 131919735117504 coll_beg 0 0
1581650853807595 131919735117504 coll_end 0 0
1581650855746204 131919735117504 emit_beg 734 0
1581650862982180 131919735117504 emit_end 734 0
1581650875625927 131919735117504 drain_beg 0 0
1581650875626517 131919735117504 drain_end 1 0
1581650875626787 131919735117504 subm_beg 1 0
1581650879381730 131919735117504 subm_end 1 0
1581650879382190 131919735117504 pump_beg 1 0
1581650889872047 131919735117504 pump_end 1 2
1581650891824085 131919735117504 coll_beg 0 0
1581650894997369 131919735117504 coll_end 0 0
1581650896903730 131919735117504 emit_beg 735 0
1581650902397019 131919735117504 emit_end 735 0
1581650902399309 131919735117504 drain_beg 0 0
1581650902399659 131919735117504 drain_end 1 0
1581650902400009 131919735117504 subm_beg 1 0
1581650905981948 131919735117504 subm_end 1 0
1581650905982438 131919735117504 pump_beg 1 0
1581650913150436 131919735117504 pump_end 1 2
1581650916476744 131919735117504 coll_beg 0 0
1581650916983616 131919735117504 coll_end 0 0
1581650920097152 131919735117504 emit_beg 736 0
1581650927442173 131919735117504 emit_end 736 0
1581650927443943 131919735117504 drain_beg 0 0
1581650927444293 131919735117504 drain_end 1 0
1581650927444523 131919735117504 subm_beg 1 0
1581650931092320 131919735117504 subm_end 1 0
1581650931092720 131919735117504 pump_beg 1 0
1581650941545068 131919735117504 pump_end 1 2
1581650944242689 131919735117504 coll_beg 0 0
1581650947419113 131919735117504 coll_end 0 0
1581650950182032 131919735117504 emit_beg 737 0
1581650955562965 131919735117504 emit_end 737 0
1581650955565085 131919735117504 drain_beg 0 0
1581650955565395 131919735117504 drain_end 1 0
1581650955565625 131919735117504 subm_beg 1 0
1581650959133215 131919735117504 subm_end 1 0
1581650959133735 131919735117504 pump_beg 1 0
1581650971513122 131919735117504 pump_end 1 2
1581650973647184 131919735117504 coll_beg 0 0
1581650980583931 131919735117504 coll_end 0 0
1581650982455452 131919735117504 emit_beg 738 0
1581650987973240 131919735117504 emit_end 738 0
1581650987975310 131919735117504 drain_beg 0 0
1581650987975600 131919735117504 drain_end 1 0
1581650987975860 131919735117504 subm_beg 1 0
1581650991568009 131919735117504 subm_end 1 0
1581650991568449 131919735117504 pump_beg 1 0
1581651002679333 131919735117504 pump_end 1 2
1581651005663914 131919735117504 coll_beg 0 0
1581651009102808 131919735117504 coll_end 0 0
1581651010954410 131919735117504 emit_beg 739 0
1581651016508517 131919735117504 emit_end 739 0
1581651033412979 131919735117504 drain_beg 0 0
1581651033413559 131919735117504 drain_end 1 0
1581651033414009 131919735117504 subm_beg 1 0
1581651037087375 131919735117504 subm_end 1 0
1581651037087875 131919735117504 pump_beg 1 0
1581651045766408 131919735117504 pump_end 1 2
1581651048707440 131919735117504 coll_beg 0 0
1581651050542473 131919735117504 coll_end 0 0
1581651052333038 131919735117504 emit_beg 740 0
1581651057753310 131919735117504 emit_end 740 0
1581651057755649 131919735117504 drain_beg 0 0
1581651057756099 131919735117504 drain_end 1 0
1581651057756539 131919735117504 subm_beg 1 0
1581651061401186 131919735117504 subm_end 1 0
1581651061401586 131919735117504 pump_beg 1 0
1581651072470372 131919735117504 pump_end 1 2
1581651075343186 131919735117504 coll_beg 0 0
1581651078842599 131919735117504 coll_end 0 0
1581651080685781 131919735117504 emit_beg 741 0
1581651086276917 131919735117504 emit_end 741 0
1581651086279567 131919735117504 drain_beg 0 0
1581651086280017 131919735117504 drain_end 1 0
1581651086280627 131919735117504 subm_beg 1 0
1581651089859206 131919735117504 subm_end 1 0
1581651089859576 131919735117504 pump_beg 1 0
1581651101380885 131919735117504 pump_end 1 2
1581651104822139 131919735117504 coll_beg 0 0
1581651108648729 131919735117504 coll_end 0 0
1581651110634076 131919735117504 emit_beg 742 0
1581651116215722 131919735117504 emit_end 742 0
1581651116218622 131919735117504 drain_beg 0 0
1581651116219092 131919735117504 drain_end 1 0
1581651116219692 131919735117504 subm_beg 1 0
1581651119790272 131919735117504 subm_end 1 0
1581651119790792 131919735117504 pump_beg 1 0
1581651128072119 131919735117504 pump_end 1 2
1581651131046260 131919735117504 coll_beg 0 0
1581651132395731 131919735117504 coll_end 0 0
1581651134596590 131919735117504 emit_beg 743 0
1581651140073150 131919735117504 emit_end 743 0
1581651156841277 131919735117504 drain_beg 0 0
1581651156842627 131919735117504 drain_end 1 0
1581651156843177 131919735117504 subm_beg 1 0
1581651160445115 131919735117504 subm_end 1 0
1581651160445545 131919735117504 pump_beg 1 0
1581651171244581 131919735117504 pump_end 1 2
1581651173115372 131919735117504 coll_beg 0 0
1581651176453900 131919735117504 coll_end 0 0
1581651178381050 131919735117504 emit_beg 744 0
1581651182030536 131919735117504 emit_end 744 0
1581651182035886 131919735117504 drain_beg 0 0
1581651182036396 131919735117504 drain_end 1 0
1581651182037066 131919735117504 subm_beg 1 0
1581651185590926 131919735117504 subm_end 1 0
1581651185591426 131919735117504 pump_beg 1 0
1581651196485698 131919735117504 pump_end 1 2
1581651198300392 131919735117504 coll_beg 0 0
1581651201341440 131919735117504 coll_end 0 0
1581651203426764 131919735117504 emit_beg 745 0
1581651210348771 131919735117504 emit_end 745 0
1581651225799816 131919735117504 drain_beg 0 0
1581651225800556 131919735117504 drain_end 1 0
1581651225800866 131919735117504 subm_beg 1 0
1581651229280279 131919735117504 subm_end 1 0
1581651229280719 131919735117504 pump_beg 1 0
1581651240920304 131919735117504 pump_end 1 2
1581651242822934 131919735117504 coll_beg 0 0
1581651246689723 131919735117504 coll_end 0 0
1581651248570314 131919735117504 emit_beg 746 0
1581651252076296 131919735117504 emit_end 746 0
1581651252079086 131919735117504 drain_beg 0 0
1581651252079416 131919735117504 drain_end 1 0
1581651252079686 131919735117504 subm_beg 1 0
1581651255767281 131919735117504 subm_end 1 0
1581651255767751 131919735117504 pump_beg 1 0
1581651267046148 131919735117504 pump_end 1 2
1581651270361397 131919735117504 coll_beg 0 0
1581651274072372 131919735117504 coll_end 0 0
1581651275802148 131919735117504 emit_beg 747 0
1581651280956110 131919735117504 emit_end 747 0
1581651297325901 131919735117504 drain_beg 0 0
1581651297328401 131919735117504 drain_end 1 0
1581651297329331 131919735117504 subm_beg 1 0
1581651300862752 131919735117504 subm_end 1 0
1581651300863342 131919735117504 pump_beg 1 0
1581651308558041 131919735117504 pump_end 1 2
1581651310935884 131919735117504 coll_beg 0 0
1581651311736405 131919735117504 coll_end 0 0
1581651313654155 131919735117504 emit_beg 748 0
1581651321453100 131919735117504 emit_end 748 0
1581651334395966 131919735117504 drain_beg 0 0
1581651334397006 131919735117504 drain_end 1 0
1581651334397416 131919735117504 subm_beg 1 0
1581651337797162 131919735117504 subm_end 1 0
1581651337797742 131919735117504 pump_beg 1 0
1581651344898053 131919735117504 pump_end 1 2
1581651346673598 131919735117504 coll_beg 0 0
1581651346863701 131919735117504 coll_end 0 0
1581651348578178 131919735117504 emit_beg 749 0
1581651353779608 131919735117504 emit_end 749 0
1581651353782528 131919735117504 drain_beg 0 0
1581651353786538 131919735117504 drain_end 1 0
1581651353787178 131919735117504 subm_beg 1 0
1581651357215102 131919735117504 subm_end 1 0
1581651357215472 131919735117504 pump_beg 1 0
1581651365237659 131919735117504 pump_end 1 2
1581651367795205 131919735117504 coll_beg 0 0
1581651368670293 131919735117504 coll_end 0 0
1581651371241159 131919735117504 emit_beg 750 0
1581651376447699 131919735117504 emit_end 750 0
1581651389311969 131919735117504 drain_beg 0 0
1581651389312579 131919735117504 drain_end 1 0
1581651389312889 131919735117504 subm_beg 1 0
1581651392733434 131919735117504 subm_end 1 0
1581651392733904 131919735117504 pump_beg 1 0
1581651400211540 131919735117504 pump_end 1 2
1581651401970576 131919735117504 coll_beg 0 0
1581651401981816 131919735117504 coll_end 0 0
1581651403707633 131919735117504 emit_beg 751 0
1581651408817486 131919735117504 emit_end 751 0
1581651420922573 131919735117504 drain_beg 0 0
1581651420923173 131919735117504 drain_end 1 0
1581651420923453 131919735117504 subm_beg 1 0
1581651424412886 131919735117504 subm_end 1 0
1581651424413276 131919735117504 pump_beg 1 0
1581651432455792 131919735117504 pump_end 1 2
1581651434277985 131919735117504 coll_beg 0 0
1581651435112795 131919735117504 coll_end 0 0
1581651436828622 131919735117504 emit_beg 752 0
1581651440368822 131919735117504 emit_end 752 0
1581651455449541 131919735117504 drain_beg 0 0
1581651455450121 131919735117504 drain_end 1 0
1581651455450421 131919735117504 subm_beg 1 0
1581651458923774 131919735117504 subm_end 1 0
1581651458924444 131919735117504 pump_beg 1 0
1581651470097576 131919735117504 pump_end 1 2
1581651471943668 131919735117504 coll_beg 0 0
1581651475238508 131919735117504 coll_end 0 0
1581651477040912 131919735117504 emit_beg 753 0
1581651482362347 131919735117504 emit_end 753 0
1581651482365577 131919735117504 drain_beg 0 0
1581651482366097 131919735117504 drain_end 1 0
1581651482366557 131919735117504 subm_beg 1 0
1581651485836610 131919735117504 subm_end 1 0
1581651485837000 131919735117504 pump_beg 1 0
1581651498531196 131919735117504 pump_end 1 2
1581651500319591 131919735117504 coll_beg 0 0
1581651503928249 131919735117504 coll_end 0 0
1581651505684125 131919735117504 emit_beg 754 0
1581651510954702 131919735117504 emit_end 754 0
1581651510957712 131919735117504 drain_beg 0 0
1581651510958192 131919735117504 drain_end 1 0
1581651510958722 131919735117504 subm_beg 1 0
1581651514365227 131919735117504 subm_end 1 0
1581651514365707 131919735117504 pump_beg 1 0
1581651527301124 131919735117504 pump_end 1 2
1581651528984473 131919735117504 coll_beg 0 0
1581651533111852 131919735117504 coll_end 0 0
1581651534879387 131919735117504 emit_beg 755 0
1581651540091977 131919735117504 emit_end 755 0
1581651540094967 131919735117504 drain_beg 0 0
1581651540095447 131919735117504 drain_end 1 0
1581651540095907 131919735117504 subm_beg 1 0
1581651543419635 131919735117504 subm_end 1 0
1581651543420095 131919735117504 pump_beg 1 0
1581651552618319 131919735117504 pump_end 1 2
1581651554774440 131919735117504 coll_beg 0 0
1581651558741455 131919735117504 coll_end 0 0
1581651560536389 131919735117504 emit_beg 756 0
1581651565894334 131919735117504 emit_end 756 0
1581651580303517 131919735117504 drain_beg 0 0
1581651580304717 131919735117504 drain_end 1 0
1581651580305097 131919735117504 subm_beg 1 0
1581651583823508 131919735117504 subm_end 1 0
1581651583823968 131919735117504 pump_beg 1 0
1581651594332744 131919735117504 pump_end 1 2
1581651596252594 131919735117504 coll_beg 0 0
1581651598747313 131919735117504 coll_end 0 0
1581651600562386 131919735117504 emit_beg 757 0
1581651604176444 131919735117504 emit_end 757 0
1581651604181094 131919735117504 drain_beg 0 0
1581651604181964 131919735117504 drain_end 1 0
1581651604182684 131919735117504 subm_beg 1 0
1581651607769533 131919735117504 subm_end 1 0
1581651607770403 131919735117504 pump_beg 1 0
1581651618311677 131919735117504 pump_end 1 2
1581651622175156 131919735117504 coll_beg 0 0
1581651624902386 131919735117504 coll_end 0 0
1581651627494582 131919735117504 emit_beg 758 0
1581651634518795 131919735117504 emit_end 758 0
1581651649750948 131919735117504 drain_beg 0 0
1581651649752288 131919735117504 drain_end 1 0
1581651649753008 131919735117504 subm_beg 1 0
1581651653294818 131919735117504 subm_end 1 0
1581651653295228 131919735117504 pump_beg 1 0
1581651666280894 131919735117504 pump_end 1 2
1581651668135516 131919735117504 coll_beg 0 0
1581651675019874 131919735117504 coll_end 0 0
1581651677018361 131919735117504 emit_beg 759 0
1581651682428383 131919735117504 emit_end 759 0
1581651682432353 131919735117504 drain_beg 0 0
1581651682432933 131919735117504 drain_end 1 0
1581651682433453 131919735117504 subm_beg 1 0
1581651685847808 131919735117504 subm_end 1 0
1581651685848268 131919735117504 pump_beg 1 0
1581651697052319 131919735117504 pump_end 1 2
1581651698992228 131919735117504 coll_beg 0 0
1581651702320406 131919735117504 coll_end 0 0
1581651704088672 131919735117504 emit_beg 760 0
1581651711541349 131919735117504 emit_end 760 0
1581651711544359 131919735117504 drain_beg 0 0
1581651711545089 131919735117504 drain_end 1 0
1581651711545539 131919735117504 subm_beg 1 0
1581651715007043 131919735117504 subm_end 1 0
1581651715007652 131919735117504 pump_beg 1 0
1581651726605669 131919735117504 pump_end 1 2
1581651728678023 131919735117504 coll_beg 0 0
1581651732034770 131919735117504 coll_end 0 0
1581651733851034 131919735117504 emit_beg 761 0
1581651737422313 131919735117504 emit_end 761 0
1581651755600079 131919735117504 drain_beg 0 0
1581651755600559 131919735117504 drain_end 1 0
1581651755601009 131919735117504 subm_beg 1 0
1581651759140929 131919735117504 subm_end 1 0
1581651759141219 131919735117504 pump_beg 1 0
1581651769054307 131919735117504 pump_end 1 2
1581651770828762 131919735117504 coll_beg 0 0
1581651773304451 131919735117504 coll_end 0 0
1581651775125625 131919735117504 emit_beg 762 0
1581651778654886 131919735117504 emit_end 762 0
1581651778658016 131919735117504 drain_beg 0 0
1581651778658536 131919735117504 drain_end 1 0
1581651778659146 131919735117504 subm_beg 1 0
1581651782123749 131919735117504 subm_end 1 0
1581651782124509 131919735117504 pump_beg 1 0
1581651792452651 131919735117504 pump_end 1 2
1581651795258969 131919735117504 coll_beg 0 0
1581651798080886 131919735117504 coll_end 0 0
1581651800840175 131919735117504 emit_beg 763 0
1581651806169260 131919735117504 emit_end 763 0
1581651821442132 131919735117504 drain_beg 0 0
1581651821442572 131919735117504 drain_end 1 0
1581651821442841 131919735117504 subm_beg 1 0
1581651824971193 131919735117504 subm_end 1 0
1581651824971593 131919735117504 pump_beg 1 0
1581651834105719 131919735117504 pump_end 1 2
1581651837347280 131919735117504 coll_beg 0 0
1581651838290026 131919735117504 coll_end 0 0
1581651840065061 131919735117504 emit_beg 764 0
1581651845349948 131919735117504 emit_end 764 0
1581651845352797 131919735117504 drain_beg 0 0
1581651845353337 131919735117504 drain_end 1 0
1581651845353937 131919735117504 subm_beg 1 0
1581651848831720 131919735117504 subm_end 1 0
1581651848832220 131919735117504 pump_beg 1 0
1581651859771330 131919735117504 pump_end 1 2
1581651861924972 131919735117504 coll_beg 0 0
1581651864872594 131919735117504 coll_end 0 0
1581651866624860 131919735117504 emit_beg 765 0
1581651871942055 131919735117504 emit_end 765 0
1581651871945265 131919735117504 drain_beg 0 0
1581651871945735 131919735117504 drain_end 1 0
1581651871946065 131919735117504 subm_beg 1 0
1581651875377900 131919735117504 subm_end 1 0
1581651875378440 131919735117504 pump_beg 1 0
1581651887222587 131919735117504 pump_end 1 2
1581651889572631 131919735117504 coll_beg 0 0
1581651894001469 131919735117504 coll_end 0 0
1581651895816183 131919735117504 emit_beg 766 0
1581651901080810 131919735117504 emit_end 766 0
1581651901083280 131919735117504 drain_beg 0 0
1581651901083760 131919735117504 drain_end 1 0
1581651901084000 131919735117504 subm_beg 1 0
1581651904515385 131919735117504 subm_end 1 0
1581651904515805 131919735117504 pump_beg 1 0
1581651916590643 131919735117504 pump_end 1 2
1581651919233017 131919735117504 coll_beg 0 0
1581651922810516 131919735117504 coll_end 0 0
1581651924542293 131919735117504 emit_beg 767 0
1581651929878638 131919735117504 emit_end 767 0
1581651929881787 131919735117504 drain_beg 0 0
1581651929882297 131919735117504 drain_end 1 0
1581651929882727 131919735117504 subm_beg 1 0
1581651933366250 131919735117504 subm_end 1 0
1581651933366640 131919735117504 pump_beg 1 0
1581651946071206 131919735117504 pump_end 1 2
1581651947952237 131919735117504 coll_beg 0 0
1581651952300918 131919735117504 coll_end 0 0
1581651954189579 131919735117504 emit_beg 768 0
1581651959696928 131919735117504 emit_end 768 0
1581651959701327 131919735117504 drain_beg 0 0
1581651959701917 131919735117504 drain_end 1 0
1581651959702487 131919735117504 subm_beg 1 0
1581651963094353 131919735117504 subm_end 1 0
1581651963094623 131919735117504 pump_beg 1 0
1581651975621545 131919735117504 pump_end 1 2
1581651978338886 131919735117504 coll_beg 0 0
1581651982124747 131919735117504 coll_end 0 0
1581651983918052 131919735117504 emit_beg 769 0
1581651989314455 131919735117504 emit_end 769 0
1581651989317335 131919735117504 drain_beg 0 0
1581651989317895 131919735117504 drain_end 1 0
1581651989318335 131919735117504 subm_beg 1 0
1581651992736150 131919735117504 subm_end 1 0
1581651992736790 131919735117504 pump_beg 1 0
1581652004896455 131919735117504 pump_end 1 2
1581652006607013 131919735117504 coll_beg 0 0
1581652010670324 131919735117504 coll_end 0 0
1581652012399851 131919735117504 emit_beg 770 0
1581652017651609 131919735117504 emit_end 770 0
1581652017654089 131919735117504 drain_beg 0 0
1581652017654419 131919735117504 drain_end 1 0
1581652017654649 131919735117504 subm_beg 1 0
1581652021004616 131919735117504 subm_end 1 0
1581652021005176 131919735117504 pump_beg 1 0
1581652032926150 131919735117504 pump_end 1 2
1581652035179968 131919735117504 coll_beg 0 0
1581652038398880 131919735117504 coll_end 0 0
1581652040203964 131919735117504 emit_beg 771 0
1581652047177309 131919735117504 emit_end 771 0
1581652047180199 131919735117504 drain_beg 0 0
1581652047180739 131919735117504 drain_end 1 0
1581652047181169 131919735117504 subm_beg 1 0
1581652050602414 131919735117504 subm_end 1 0
1581652050603184 131919735117504 pump_beg 1 0
1581652061917011 131919735117504 pump_end 1 2
1581652064715738 131919735117504 coll_beg 0 0
1581652069486384 131919735117504 coll_end 0 0
1581652071392064 131919735117504 emit_beg 772 0
1581652078196695 131919735117504 emit_end 772 0
1581652078201475 131919735117504 drain_beg 0 0
1581652078202325 131919735117504 drain_end 1 0
1581652078203065 131919735117504 subm_beg 1 0
1581652081620430 131919735117504 subm_end 1 0
1581652081620960 131919735117504 pump_beg 1 0
1581652093473437 131919735117504 pump_end 1 2
1581652095310660 131919735117504 coll_beg 0 0
1581652100171672 131919735117504 coll_end 0 0
1581652101970366 131919735117504 emit_beg 773 0
1581652107429177 131919735117504 emit_end 773 0
1581652107432677 131919735117504 drain_beg 0 0
1581652107433297 131919735117504 drain_end 1 0
1581652107433817 131919735117504 subm_beg 1 0
1581652110710827 131919735117504 subm_end 1 0
1581652110711387 131919735117504 pump_beg 1 0
1581652122259655 131919735117504 pump_end 1 2
1581652123992871 131919735117504 coll_beg 0 0
1581652128974369 131919735117504 coll_end 0 0
1581652130741795 131919735117504 emit_beg 774 0
1581652136203725 131919735117504 emit_end 774 0
1581652136208685 131919735117504 drain_beg 0 0
1581652136209315 131919735117504 drain_end 1 0
1581652136209655 131919735117504 subm_beg 1 0
1581652139562732 131919735117504 subm_end 1 0
1581652139563122 131919735117504 pump_beg 1 0
1581652150404696 131919735117504 pump_end 1 2
1581652152151772 131919735117504 coll_beg 0 0
1581652155408003 131919735117504 coll_end 0 0
1581652157361511 131919735117504 emit_beg 775 0
1581652162633399 131919735117504 emit_end 775 0
1581652162636669 131919735117504 drain_beg 0 0
1581652162637089 131919735117504 drain_end 1 0
1581652162637419 131919735117504 subm_beg 1 0
1581652166056864 131919735117504 subm_end 1 0
1581652166057134 131919735117504 pump_beg 1 0
1581652179716604 131919735117504 pump_end 1 2
1581652181426212 131919735117504 coll_beg 0 0
1581652185789632 131919735117504 coll_end 0 0
1581652187545428 131919735117504 emit_beg 776 0
1581652193198721 131919735117504 emit_end 776 0
1581652193201831 131919735117504 drain_beg 0 0
1581652193202501 131919735117504 drain_end 1 0
1581652193202871 131919735117504 subm_beg 1 0
1581652196588387 131919735117504 subm_end 1 0
1581652196588787 131919735117504 pump_beg 1 0
1581652208101297 131919735117504 pump_end 1 2
1581652209933270 131919735117504 coll_beg 0 0
1581652212887312 131919735117504 coll_end 0 0
1581652215384550 131919735117504 emit_beg 777 0
1581652220546572 131919735117504 emit_end 777 0
1581652220549652 131919735117504 drain_beg 0 0
1581652220550272 131919735117504 drain_end 1 0
1581652220550772 131919735117504 subm_beg 1 0
1581652223905169 131919735117504 subm_end 1 0
1581652223905789 131919735117504 pump_beg 1 0
1581652236945172 131919735117504 pump_end 1 2
1581652238680929 131919735117504 coll_beg 0 0
1581652243052549 131919735117504 coll_end 0 0
1581652245301327 131919735117504 emit_beg 778 0
1581652250883063 131919735117504 emit_end 778 0
1581652250887443 131919735117504 drain_beg 0 0
1581652250888132 131919735117504 drain_end 1 0
1581652250888862 131919735117504 subm_beg 1 0
1581652254240170 131919735117504 subm_end 1 0
1581652254241710 131919735117504 pump_beg 1 0
1581652264631620 131919735117504 pump_end 1 2
1581652267400389 131919735117504 coll_beg 0 0
1581652269567540 131919735117504 coll_end 0 0
1581652271399253 131919735117504 emit_beg 779 0
1581652276684459 131919735117504 emit_end 779 0
1581652291101092 131919735117504 drain_beg 0 0
1581652291102142 131919735117504 drain_end 1 0
1581652291102472 131919735117504 subm_beg 1 0
1581652294504178 131919735117504 subm_end 1 0
1581652294504718 131919735117504 pump_beg 1 0
1581652303631664 131919735117504 pump_end 1 2
1581652305471677 131919735117504 coll_beg 0 0
1581652307659257 131919735117504 coll_end 0 0
1581652309524599 131919735117504 emit_beg 780 0
1581652314820235 131919735117504 emit_end 780 0
1581652314823845 131919735117504 drain_beg 0 0
1581652314824445 131919735117504 drain_end 1 0
1581652314825625 131919735117504 subm_beg 1 0
1581652318230151 131919735117504 subm_end 1 0
1581652318230851 131919735117504 pump_beg 1 0
1581652325835413 131919735117504 pump_end 1 2
1581652327714374 131919735117504 coll_beg 0 0
1581652327731623 131919735117504 coll_end 0 0
1581652331198257 131919735117504 emit_beg 781 0
1581652338169462 131919735117504 emit_end 781 0
1581652351028592 131919735117504 drain_beg 0 0
1581652351029392 131919735117504 drain_end 1 0
1581652351029652 131919735117504 subm_beg 1 0
1581652354636790 131919735117504 subm_end 1 0
1581652354637210 131919735117504 pump_beg 1 0
1581652367431062 131919735117504 pump_end 1 2
1581652371043360 131919735117504 coll_beg 0 0
1581652377043641 131919735117504 coll_end 0 0
1581652379073046 131919735117504 emit_beg 782 0
1581652382766161 131919735117504 emit_end 782 0
1581652382768971 131919735117504 drain_beg 0 0
1581652382769471 131919735117504 drain_end 1 0
1581652382769921 131919735117504 subm_beg 1 0
1581652386326501 131919735117504 subm_end 1 0
1581652386326941 131919735117504 pump_beg 1 0
1581652397090608 131919735117504 pump_end 1 2
1581652399732021 131919735117504 coll_beg 0 0
1581652402533299 131919735117504 coll_end 0 0
1581652405144763 131919735117504 emit_beg 783 0
1581652412475565 131919735117504 emit_end 783 0
1581652427988808 131919735117504 drain_beg 0 0
1581652427989418 131919735117504 drain_end 1 0
1581652427989738 131919735117504 subm_beg 1 0
1581652431638405 131919735117504 subm_end 1 0
1581652431638825 131919735117504 pump_beg 1 0
1581652439309654 131919735117504 pump_end 1 2
1581652441147037 131919735117504 coll_beg 0 0
1581652441167606 131919735117504 coll_end 0 0
1581652442961371 131919735117504 emit_beg 784 0
1581652448410512 131919735117504 emit_end 784 0
1581652448412902 131919735117504 drain_beg 0 0
1581652448413332 131919735117504 drain_end 1 0
1581652448413792 131919735117504 subm_beg 1 0
1581652452035399 131919735117504 subm_end 1 0
1581652452035759 131919735117504 pump_beg 1 0
1581652462278645 131919735117504 pump_end 1 2
1581652465295164 131919735117504 coll_beg 0 0
1581652469289098 131919735117504 coll_end 0 0
1581652471113122 131919735117504 emit_beg 785 0
1581652476571172 131919735117504 emit_end 785 0
1581652476574312 131919735117504 drain_beg 0 0
1581652476574852 131919735117504 drain_end 1 0
1581652476575382 131919735117504 subm_beg 1 0
1581652480135342 131919735117504 subm_end 1 0
1581652480135882 131919735117504 pump_beg 1 0
1581652487825141 131919735117504 pump_end 1 2
1581652490485544 131919735117504 coll_beg 0 0
1581652490570520 131919735117504 coll_end 0 0
1581652494053223 131919735117504 emit_beg 786 0
1581652501267019 131919735117504 emit_end 786 0
1581652501269309 131919735117504 drain_beg 0 0
1581652501269639 131919735117504 drain_end 1 0
1581652501269919 131919735117504 subm_beg 1 0
1581652504776301 131919735117504 subm_end 1 0
1581652504776681 131919735117504 pump_beg 1 0
1581652516540261 131919735117504 pump_end 1 2
1581652519388327 131919735117504 coll_beg 0 0
1581652525022821 131919735117504 coll_end 0 0
1581652528190935 131919735117504 emit_beg 787 0
1581652533659005 131919735117504 emit_end 787 0
1581652533661745 131919735117504 drain_beg 0 0
1581652533662185 131919735117504 drain_end 1 0
1581652533662715 131919735117504 subm_beg 1 0
1581652537297242 131919735117504 subm_end 1 0
1581652537297732 131919735117504 pump_beg 1 0
1581652549522135 131919735117504 pump_end 1 2
1581652552714199 131919735117504 coll_beg 0 0
1581652556063706 131919735117504 coll_end 0 0
1581652558106162 131919735117504 emit_beg 788 0
1581652563597471 131919735117504 emit_end 788 0
1581652563600241 131919735117504 drain_beg 0 0
1581652563600691 131919735117504 drain_end 1 0
1581652563601121 131919735117504 subm_beg 1 0
1581652567169030 131919735117504 subm_end 1 0
1581652567169480 131919735117504 pump_beg 1 0
1581652577175814 131919735117504 pump_end 1 2
1581652579674733 131919735117504 coll_beg 0 0
1581652583404387 131919735117504 coll_end 0 0
1581652585253999 131919735117504 emit_beg 789 0
1581652592613920 131919735117504 emit_end 789 0
1581652592616640 131919735117504 drain_beg 0 0
1581652592617070 131919735117504 drain_end 1 0
1581652592617580 131919735117504 subm_beg 1 0
1581652596152611 131919735117504 subm_end 1 0
1581652596153091 131919735117504 pump_beg 1 0
1581652607844333 131919735117504 pump_end 1 2
1581652610380761 131919735117504 coll_beg 0 0
1581652614501090 131919735117504 coll_end 0 0
1581652616370212 131919735117504 emit_beg 790 0
1581652620030308 131919735117504 emit_end 790 0
1581652620032998 131919735117504 drain_beg 0 0
1581652620033498 131919735117504 drain_end 1 0
1581652620034128 131919735117504 subm_beg 1 0
1581652623791060 131919735117504 subm_end 1 0
1581652623791390 131919735117504 pump_beg 1 0
1581652636680169 131919735117504 pump_end 1 2
1581652639925290 131919735117504 coll_beg 0 0
1581652644166616 131919735117504 coll_end 0 0
1581652647698036 131919735117504 emit_beg 791 0
1581652653247324 131919735117504 emit_end 791 0
1581652653250323 131919735117504 drain_beg 0 0
1581652653250823 131919735117504 drain_end 1 0
1581652653251313 131919735117504 subm_beg 1 0
1581652656788164 131919735117504 subm_end 1 0
1581652656788554 131919735117504 pump_beg 1 0
1581652665499156 131919735117504 pump_end 1 2
1581652668278244 131919735117504 coll_beg 0 0
1581652669874156 131919735117504 coll_end 0 0
1581652671946180 131919735117504 emit_beg 792 0
1581652679168586 131919735117504 emit_end 792 0
1581652692874765 131919735117504 drain_beg 0 0
1581652692880085 131919735117504 drain_end 1 0
1581652692881465 131919735117504 subm_beg 1 0
1581652696336738 131919735117504 subm_end 1 0
1581652696337648 131919735117504 pump_beg 1 0
1581652708796093 131919735117504 pump_end 1 2
1581652710562998 131919735117504 coll_beg 0 0
1581652715651372 131919735117504 coll_end 0 0
1581652717471696 131919735117504 emit_beg 793 0
1581652722846239 131919735117504 emit_end 793 0
1581652722850539 131919735117504 drain_beg 0 0
1581652722856799 131919735117504 drain_end 1 0
1581652722857509 131919735117504 subm_beg 1 0
1581652726224666 131919735117504 subm_end 1 0
1581652726225036 131919735117504 pump_beg 1 0
1581652738282815 131919735117504 pump_end 1 2
1581652741096592 131919735117504 coll_beg 0 0
1581652745782861 131919735117504 coll_end 0 0
1581652747657502 131919735117504 emit_beg 794 0
1581652753129592 131919735117504 emit_end 794 0
1581652753132772 131919735117504 drain_beg 0 0
1581652753133212 131919735117504 drain_end 1 0
1581652753133652 131919735117504 subm_beg 1 0
1581652756516278 131919735117504 subm_end 1 0
1581652756516858 131919735117504 pump_beg 1 0
1581652766957727 131919735117504 pump_end 1 2
1581652769100868 131919735117504 coll_beg 0 0
1581652771172773 131919735117504 coll_end 0 0
1581652774355616 131919735117504 emit_beg 795 0
1581652781407718 131919735117504 emit_end 795 0
1581652797697053 131919735117504 drain_beg 0 0
1581652797699193 131919735117504 drain_end 1 0
1581652797699683 131919735117504 subm_beg 1 0
1581652801222054 131919735117504 subm_end 1 0
1581652801222564 131919735117504 pump_beg 1 0
1581652813459507 131919735117504 pump_end 1 2
1581652815425535 131919735117504 coll_beg 0 0
1581652819746757 131919735117504 coll_end 0 0
1581652821751684 131919735117504 emit_beg 796 0
1581652827173775 131919735117504 emit_end 796 0
1581652827177165 131919735117504 drain_beg 0 0
1581652827177975 131919735117504 drain_end 1 0
1581652827178315 131919735117504 subm_beg 1 0
1581652830514583 131919735117504 subm_end 1 0
1581652830514933 131919735117504 pump_beg 1 0
1581652842096380 131919735117504 pump_end 1 2
1581652844978344 131919735117504 coll_beg 0 0
1581652848705528 131919735117504 coll_end 0 0
1581652850560550 131919735117504 emit_beg 797 0
1581652855923064 131919735117504 emit_end 797 0
1581652855927114 131919735117504 drain_beg 0 0
1581652855927814 131919735117504 drain_end 1 0
1581652855928514 131919735117504 subm_beg 1 0
1581652859385318 131919735117504 subm_end 1 0
1581652859385688 131919735117504 pump_beg 1 0
1581652871808584 131919735117504 pump_end 1 2
1581652874198716 131919735117504 coll_beg 0 0
1581652878923943 131919735117504 coll_end 0 0
1581652881641604 131919735117504 emit_beg 798 0
1581652886981769 131919735117504 emit_end 798 0
1581652886985359 131919735117504 drain_beg 0 0
1581652886986069 131919735117504 drain_end 1 0
1581652886986509 131919735117504 subm_beg 1 0
1581652890376775 131919735117504 subm_end 1 0
1581652890377235 131919735117504 pump_beg 1 0
1581652898921032 131919735117504 pump_end 1 2
1581652902336548 131919735117504 coll_beg 0 0
1581652904156161 131919735117504 coll_end 0 0
1581652906001594 131919735117504 emit_beg 799 0
1581652913001848 131919735117504 emit_end 799 0
1581652926920449 131919735117504 drain_beg 0 0
1581652926921209 131919735117504 drain_end 1 0
1581652926921519 131919735117504 subm_beg 1 0
1581652930495008 131919735117504 subm_end 1 0
1581652930495518 131919735117504 pump_beg 1 0
1581652942969062 131919735117504 pump_end 1 2
1581652944864073 131919735117504 coll_beg 0 0
1581652949488034 131919735117504 coll_end 0 0
1581652951343366 131919735117504 emit_beg 800 0
1581652954868397 131919735117504 emit_end 800 0
1581652954871967 131919735117504 drain_beg 0 0
1581652954872447 131919735117504 drain_end 1 0
1581652954872977 131919735117504 subm_beg 1 0
1581652958364140 131919735117504 subm_end 1 0
1581652958364510 131919735117504 pump_beg 1 0
1581652969450114 131919735117504 pump_end 1 2
1581652971468010 131919735117504 coll_beg 0 0
1581652974393603 131919735117504 coll_end 0 0
1581652976835984 131919735117504 emit_beg 801 0
1581652983848338 131919735117504 emit_end 801 0
1581652998814631 131919735117504 drain_beg 0 0
1581652998817371 131919735117504 drain_end 1 0
1581652998818021 131919735117504 subm_beg 1 0
1581653002340392 131919735117504 subm_end 1 0
1581653002340782 131919735117504 pump_beg 1 0
1581653015207451 131919735117504 pump_end 1 2
1581653017229008 131919735117504 coll_beg 0 0
1581653021781881 131919735117504 coll_end 0 0
1581653023538567 131919735117504 emit_beg 802 0
1581653027124086 131919735117504 emit_end 802 0
1581653027128356 131919735117504 drain_beg 0 0
1581653027128916 131919735117504 drain_end 1 0
1581653027129686 131919735117504 subm_beg 1 0
1581653030649127 131919735117504 subm_end 1 0
1581653030649557 131919735117504 pump_beg 1 0
1581653041371375 131919735117504 pump_end 1 2
1581653044651875 131919735117504 coll_beg 0 0
1581653047247240 131919735117504 coll_end 0 0
1581653049883534 131919735117504 emit_beg 803 0
1581653056997004 131919735117504 emit_end 803 0
1581653057000604 131919735117504 drain_beg 0 0
1581653057001214 131919735117504 drain_end 1 0
1581653057001504 131919735117504 subm_beg 1 0
1581653060438538 131919735117504 subm_end 1 0
1581653060438988 131919735117504 pump_beg 1 0
1581653070801859 131919735117504 pump_end 1 2
1581653072826095 131919735117504 coll_beg 0 0
1581653077534073 131919735117504 coll_end 0 0
1581653079977324 131919735117504 emit_beg 804 0
1581653085608638 131919735117504 emit_end 804 0
1581653085612518 131919735117504 drain_beg 0 0
1581653085613218 131919735117504 drain_end 1 0
1581653085613788 131919735117504 subm_beg 1 0
1581653089151258 131919735117504 subm_end 1 0
1581653089151698 131919735117504 pump_beg 1 0
1581653101734418 131919735117504 pump_end 1 2
1581653103559972 131919735117504 coll_beg 0 0
1581653110417881 131919735117504 coll_end 0 0
1581653112419208 131919735117504 emit_beg 805 0
1581653117905507 131919735117504 emit_end 805 0
1581653117908297 131919735117504 drain_beg 0 0
1581653117908867 131919735117504 drain_end 1 0
1581653117909087 131919735117504 subm_beg 1 0
1581653121458747 131919735117504 subm_end 1 0
1581653121459327 131919735117504 pump_beg 1 0
1581653133655101 131919735117504 pump_end 1 2
1581653135926478 131919735117504 coll_beg 0 0
1581653140933785 131919735117504 coll_end 0 0
1581653142824446 131919735117504 emit_beg 806 0
1581653148429291 131919735117504 emit_end 806 0
1581653148432391 131919735117504 drain_beg 0 0
1581653148432821 131919735117504 drain_end 1 0
1581653148433231 131919735117504 subm_beg 1 0
1581653152015520 131919735117504 subm_end 1 0
1581653152015870 131919735117504 pump_beg 1 0
1581653163333946 131919735117504 pump_end 1 2
1581653166522600 131919735117504 coll_beg 0 0
1581653169965854 131919735117504 coll_end 0 0
1581653171806117 131919735117504 emit_beg 807 0
1581653177402932 131919735117504 emit_end 807 0
1581653177407052 131919735117504 drain_beg 0 0
1581653177407742 131919735117504 drain_end 1 0
1581653177408492 131919735117504 subm_beg 1 0
1581653181087298 131919735117504 subm_end 1 0
1581653181088167 131919735117504 pump_beg 1 0
1581653188824565 131919735117504 pump_end 1 2
1581653191932321 131919735117504 coll_beg 0 0
1581653191955450 131919735117504 coll_end 0 0
1581653195554369 131919735117504 emit_beg 808 0
1581653202825393 131919735117504 emit_end 808 0
1581653202828003 131919735117504 drain_beg 0 0
1581653202828323 131919735117504 drain_end 1 0
1581653202828723 131919735117504 subm_beg 1 0
1581653206412382 131919735117504 subm_end 1 0
1581653206412822 131919735117504 pump_beg 1 0
1581653217900772 131919735117504 pump_end 1 2
1581653221397784 131919735117504 coll_beg 0 0
1581653226288975 131919735117504 coll_end 0 0
1581653228262613 131919735117504 emit_beg 809 0
1581653233878888 131919735117504 emit_end 809 0
1581653233882797 131919735117504 drain_beg 0 0
1581653233883257 131919735117504 drain_end 1 0
1581653233883647 131919735117504 subm_beg 1 0
1581653237418328 131919735117504 subm_end 1 0
1581653237418828 131919735117504 pump_beg 1 0
1581653249533405 131919735117504 pump_end 1 2
1581653252857034 131919735117504 coll_beg 0 0
1581653256620356 131919735117504 coll_end 0 0
1581653258478328 131919735117504 emit_beg 810 0
1581653262206092 131919735117504 emit_end 810 0
1581653280325210 131919735117504 drain_beg 0 0
1581653280326040 131919735117504 drain_end 1 0
1581653280326380 131919735117504 subm_beg 1 0
1581653283987036 131919735117504 subm_end 1 0
1581653283987446 131919735117504 pump_beg 1 0
1581653295108309 131919735117504 pump_end 1 2
1581653297078657 131919735117504 coll_beg 0 0
1581653300285600 131919735117504 coll_end 0 0
1581653302186321 131919735117504 emit_beg 811 0
1581653307867383 131919735117504 emit_end 811 0
1581653307870663 131919735117504 drain_beg 0 0
1581653307871263 131919735117504 drain_end 1 0
1581653307871603 131919735117504 subm_beg 1 0
1581653311472401 131919735117504 subm_end 1 0
1581653311472821 131919735117504 pump_beg 1 0
1581653323263640 131919735117504 pump_end 1 2
1581653325746359 131919735117504 coll_beg 0 0
1581653329086227 131919735117504 coll_end 0 0
1581653331675603 131919735117504 emit_beg 812 0
1581653337223260 131919735117504 emit_end 812 0
1581653337226659 131919735117504 drain_beg 0 0
1581653337227289 131919735117504 drain_end 1 0
1581653337227789 131919735117504 subm_beg 1 0
1581653340766680 131919735117504 subm_end 1 0
1581653340767170 131919735117504 pump_beg 1 0
1581653351955141 131919735117504 pump_end 1 2
1581653355803320 131919735117504 coll_beg 0 0
1581653360258508 131919735117504 coll_end 0 0
1581653362197587 131919735117504 emit_beg 813 0
1581653367654277 131919735117504 emit_end 813 0
1581653367657267 131919735117504 drain_beg 0 0
1581653367657787 131919735117504 drain_end 1 0
1581653367658367 131919735117504 subm_beg 1 0
1581653371191278 131919735117504 subm_end 1 0
1581653371191698 131919735117504 pump_beg 1 0
1581653380750028 131919735117504 pump_end 1 2
1581653383564925 131919735117504 coll_beg 0 0
1581653384980904 131919735117504 coll_end 0 0
1581653387121006 131919735117504 emit_beg 814 0
1581653394206266 131919735117504 emit_end 814 0
1581653394208396 131919735117504 drain_beg 0 0
1581653394208666 131919735117504 drain_end 1 0
1581653394208966 131919735117504 subm_beg 1 0
1581653397799995 131919735117504 subm_end 1 0
1581653397800375 131919735117504 pump_beg 1 0
1581653408780754 131919735117504 pump_end 1 2
1581653411444976 131919735117504 coll_beg 0 0
1581653415059094 131919735117504 coll_end 0 0
1581653418194350 131919735117504 emit_beg 815 0
1581653423693889 131919735117504 emit_end 815 0
1581653423697998 131919735117504 drain_beg 0 0
1581653423698528 131919735117504 drain_end 1 0
1581653423699018 131919735117504 subm_beg 1 0
1581653427222320 131919735117504 subm_end 1 0
1581653427222720 131919735117504 pump_beg 1 0
1581653441077013 131919735117504 pump_end 1 2
1581653442877577 131919735117504 coll_beg 0 0
1581653447979451 131919735117504 coll_end 0 0
1581653449845613 131919735117504 emit_beg 816 0
1581653455231556 131919735117504 emit_end 816 0
1581653455235125 131919735117504 drain_beg 0 0
1581653455235685 131919735117504 drain_end 1 0
1581653455236305 131919735117504 subm_beg 1 0
1581653458516716 131919735117504 subm_end 1 0
1581653458517176 131919735117504 pump_beg 1 0
1581653468845778 131919735117504 pump_end 1 2
1581653471926765 131919735117504 coll_beg 0 0
1581653473913683 131919735117504 coll_end 0 0
1581653477129555 131919735117504 emit_beg 817 0
1581653482415822 131919735117504 emit_end 817 0
1581653482418942 131919735117504 drain_beg 0 0
1581653482419252 131919735117504 drain_end 1 0
1581653482419512 131919735117504 subm_beg 1 0
1581653485842477 131919735117504 subm_end 1 0
1581653485842937 131919735117504 pump_beg 1 0
1581653497281798 131919735117504 pump_end 1 2
1581653499386541 131919735117504 coll_beg 0 0
1581653502452289 131919735117504 coll_end 0 0
1581653504155587 131919735117504 emit_beg 818 0
1581653509418625 131919735117504 emit_end 818 0
1581653509421235 131919735117504 drain_beg 0 0
1581653509421475 131919735117504 drain_end 1 0
1581653509421725 131919735117504 subm_beg 1 0
1581653512792341 131919735117504 subm_end 1 0
1581653512792721 131919735117504 pump_beg 1 0
1581653525019444 131919735117504 pump_end 1 2
1581653526836728 131919735117504 coll_beg 0 0
1581653530420127 131919735117504 coll_end 0 0
1581653532148954 131919735117504 emit_beg 819 0
1581653537476969 131919735117504 emit_end 819 0
1581653537479479 131919735117504 drain_beg 0 0
1581653537479889 131919735117504 drain_end 1 0
1581653537480249 131919735117504 subm_beg 1 0
1581653540818067 131919735117504 subm_end 1 0
1581653540824727 131919735117504 pump_beg 1 0
1581653551032833 131919735117504 pump_end 1 2
1581653553193465 131919735117504 coll_beg 0 0
1581653555823078 131919735117504 coll_end 0 0
1581653557552345 131919735117504 emit_beg 820 0
1581653562894630 131919735117504 emit_end 820 0
1581653577954289 131919735117504 drain_beg 0 0
1581653577956199 131919735117504 drain_end 1 0
1581653577956919 131919735117504 subm_beg 1 0
1581653581435552 131919735117504 subm_end 1 0
1581653581436472 131919735117504 pump_beg 1 0
1581653593684674 131919735117504 pump_end 1 2
1581653595457859 131919735117504 coll_beg 0 0
1581653599466823 131919735117504 coll_end 0 0
1581653601243228 131919735117504 emit_beg 821 0
1581653606569393 131919735117504 emit_end 821 0
1581653606572803 131919735117504 drain_beg 0 0
1581653606573403 131919735117504 drain_end 1 0
1581653606573883 131919735117504 subm_beg 1 0
1581653609856113 131919735117504 subm_end 1 0
1581653609856613 131919735117504 pump_beg 1 0
1581653623292642 131919735117504 pump_end 1 2
1581653625129935 131919735117504 coll_beg 0 0
1581653629296972 131919735117504 coll_end 0 0
1581653631107826 131919735117504 emit_beg 822 0
1581653636406582 131919735117504 emit_end 822 0
1581653636409312 131919735117504 drain_beg 0 0
1581653636409902 131919735117504 drain_end 1 0
1581653636410442 131919735117504 subm_beg 1 0
1581653639824728 131919735117504 subm_end 1 0
1581653639825097 131919735117504 pump_beg 1 0
1581653653226948 131919735117504 pump_end 1 2
1581653655030452 131919735117504 coll_beg 0 0
1581653659379933 131919735117504 coll_end 0 0
1581653661144788 131919735117504 emit_beg 823 0
1581653666493523 131919735117504 emit_end 823 0
1581653666496862 131919735117504 drain_beg 0 0
1581653666497462 131919735117504 drain_end 1 0
1581653666498002 131919735117504 subm_beg 1 0
1581653669924597 131919735117504 subm_end 1 0
1581653669925127 131919735117504 pump_beg 1 0
1581653680996632 131919735117504 pump_end 1 2
1581653683887647 131919735117504 coll_beg 0 0
1581653687919319 131919735117504 coll_end 0 0
1581653689900727 131919735117504 emit_beg 824 0
1581653695089557 131919735117504 emit_end 824 0
1581653695092627 131919735117504 drain_beg 0 0
1581653695093317 131919735117504 drain_end 1 0
1581653695093777 131919735117504 subm_beg 1 0
1581653698498883 131919735117504 subm_end 1 0
1581653698499333 131919735117504 pump_beg 1 0
1581653708959670 131919735117504 pump_end 1 2
1581653711124991 131919735117504 coll_beg 0 0
1581653713960337 131919735117504 coll_end 0 0
1581653715744202 131919735117504 emit_beg 825 0
1581653721058158 131919735117504 emit_end 825 0
1581653736422876 131919735117504 drain_beg 0 0
1581653736423606 131919735117504 drain_end 1 0
1581653736423946 131919735117504 subm_beg 1 0
1581653739921938 131919735117504 subm_end 1 0
1581653739922348 131919735117504 pump_beg 1 0
1581653748459116 131919735117504 pump_end 1 2
1581653750341957 131919735117504 coll_beg 0 0
1581653750865628 131919735117504 coll_end 0 0
1581653753784382 131919735117504 emit_beg 826 0
1581653759008041 131919735117504 emit_end 826 0
1581653759012300 131919735117504 drain_beg 0 0
1581653759012930 131919735117504 drain_end 1 0
1581653759013620 131919735117504 subm_beg 1 0
1581653762466794 131919735117504 subm_end 1 0
1581653762467324 131919735117504 pump_beg 1 0
1581653772969780 131919735117504 pump_end 1 2
1581653775075573 131919735117504 coll_beg 0 0
1581653777807243 131919735117504 coll_end 0 0
1581653779570479 131919735117504 emit_beg 827 0
1581653786682099 131919735117504 emit_end 827 0
1581653786684719 131919735117504 drain_beg 0 0
1581653786685279 131919735117504 drain_end 1 0
1581653786685759 131919735117504 subm_beg 1 0
1581653790118103 131919735117504 subm_end 1 0
1581653790118603 131919735117504 pump_beg 1 0
1581653801711059 131919735117504 pump_end 1 2
1581653803762425 131919735117504 coll_beg 0 0
1581653806854061 131919735117504 coll_end 0 0
1581653808576678 131919735117504 emit_beg 828 0
1581653813980001 131919735117504 emit_end 828 0
1581653813982071 131919735117504 drain_beg 0 0
1581653813982441 131919735117504 drain_end 1 0
1581653813988001 131919735117504 subm_beg 1 0
1581653817498522 131919735117504 subm_end 1 0
1581653817498902 131919735117504 pump_beg 1 0
1581653831818869 131919735117504 pump_end 1 2
1581653833714580 131919735117504 coll_beg 0 0
1581653837765661 131919735117504 coll_end 0 0
1581653839592105 131919735117504 emit_beg 829 0
1581653845054365 131919735117504 emit_end 829 0
1581653845056395 131919735117504 drain_beg 0 0
1581653845056755 131919735117504 drain_end 1 0
1581653845057095 131919735117504 subm_beg 1 0
1581653848567317 131919735117504 subm_end 1 0
1581653848567686 131919735117504 pump_beg 1 0
1581653858115477 131919735117504 pump_end 1 2
1581653861665798 131919735117504 coll_beg 0 0
1581653863450263 131919735117504 coll_end 0 0
1581653865366582 131919735117504 emit_beg 830 0
1581653872670585 131919735117504 emit_end 830 0
1581653872672605 131919735117504 drain_beg 0 0
1581653872672865 131919735117504 drain_end 1 0
1581653872673135 131919735117504 subm_beg 1 0
1581653876219396 131919735117504 subm_end 1 0
1581653876219836 131919735117504 pump_beg 1 0
1581653885943370 131919735117504 pump_end 1 2
1581653887999635 131919735117504 coll_beg 0 0
1581653889618816 131919735117504 coll_end 0 0
1581653891527206 131919735117504 emit_beg 831 0
1581653898738322 131919735117504 emit_end 831 0
1581653898740452 131919735117504 drain_beg 0 0
1581653898740782 131919735117504 drain_end 1 0
1581653898741172 131919735117504 subm_beg 1 0
1581653902309882 131919735117504 subm_end 1 0
1581653902310412 131919735117504 pump_beg 1 0
1581653911328062 131919735117504 pump_end 1 2
1581653914029813 131919735117504 coll_beg 0 0
1581653915556668 131919735117504 coll_end 0 0
1581653917658501 131919735117504 emit_beg 832 0
1581653923067783 131919735117504 emit_end 832 0
1581653937346121 131919735117504 drain_beg 0 0
1581653937346651 131919735117504 drain_end 1 0
1581653937346911 131919735117504 subm_beg 1 0
1581653940955199 131919735117504 subm_end 1 0
1581653940955579 131919735117504 pump_beg 1 0
1581653951182725 131919735117504 pump_end 1 2
1581653953067726 131919735117504 coll_beg 0 0
1581653955061974 131919735117504 coll_end 0 0
1581653956945455 131919735117504 emit_beg 833 0
1581653962317778 131919735117504 emit_end 833 0
1581653962320148 131919735117504 drain_beg 0 0
1581653962320598 131919735117504 drain_end 1 0
1581653962321028 131919735117504 subm_beg 1 0
1581653965872658 131919735117504 subm_end 1 0
1581653965873028 131919735117504 pump_beg 1 0
1581653977966916 131919735117504 pump_end 1 2
1581653979768130 131919735117504 coll_beg 0 0
1581653983907229 131919735117504 coll_end 0 0
1581653985762071 131919735117504 emit_beg 834 0
1581653993123342 131919735117504 emit_end 834 0
1581653993125952 131919735117504 drain_beg 0 0
1581653993126392 131919735117504 drain_end 1 0
1581653993126822 131919735117504 subm_beg 1 0
1581653996699821 131919735117504 subm_end 1 0
1581653996700401 131919735117504 pump_beg 1 0
1581654008192181 131919735117504 pump_end 1 2
1581654010799766 131919735117504 coll_beg 0 0
1581654013982190 131919735117504 coll_end 0 0
1581654016150760 131919735117504 emit_beg 835 0
1581654019819596 131919735117504 emit_end 835 0
1581654019822476 131919735117504 drain_beg 0 0
1581654019822956 131919735117504 drain_end 1 0
1581654019823456 131919735117504 subm_beg 1 0
1581654023465733 131919735117504 subm_end 1 0
1581654023465973 131919735117504 pump_beg 1 0
1581654034190581 131919735117504 pump_end 1 2
1581654037769920 131919735117504 coll_beg 0 0
1581654040185452 131919735117504 coll_end 0 0
1581654043417693 131919735117504 emit_beg 836 0
1581654050556842 131919735117504 emit_end 836 0
1581654050558942 131919735117504 drain_beg 0 0
1581654050559262 131919735117504 drain_end 1 0
1581654050559492 131919735117504 subm_beg 1 0
1581654054039065 131919735117504 subm_end 1 0
1581654054039575 131919735117504 pump_beg 1 0
1581654066427212 131919735117504 pump_end 1 2
1581654068274155 131919735117504 coll_beg 0 0
1581654072418603 131919735117504 coll_end 0 0
1581654074724649 131919735117504 emit_beg 837 0
1581654080114922 131919735117504 emit_end 837 0
1581654080122612 131919735117504 drain_beg 0 0
1581654080123182 131919735117504 drain_end 1 0
1581654080123762 131919735117504 subm_beg 1 0
1581654083590415 131919735117504 subm_end 1 0
1581654083590815 131919735117504 pump_beg 1 0
1581654095312916 131919735117504 pump_end 1 2
1581654097133090 131919735117504 coll_beg 0 0
1581654102128817 131919735117504 coll_end 0 0
1581654104738292 131919735117504 emit_beg 838 0
1581654110173243 131919735117504 emit_end 838 0
1581654110176093 131919735117504 drain_beg 0 0
1581654110176543 131919735117504 drain_end 1 0
1581654110176823 131919735117504 subm_beg 1 0
1581654113663666 131919735117504 subm_end 1 0
1581654113664555 131919735117504 pump_beg 1 0
1581654125868679 131919735117504 pump_end 1 2
1581654127734221 131919735117504 coll_beg 0 0
1581654130921805 131919735117504 coll_end 0 0
1581654132754028 131919735117504 emit_beg 839 0
1581654139895277 131919735117504 emit_end 839 0
1581654139899336 131919735117504 drain_beg 0 0
1581654139899996 131919735117504 drain_end 1 0
1581654139900586 131919735117504 subm_beg 1 0
1581654143378999 131919735117504 subm_end 1 0
1581654143379479 131919735117504 pump_beg 1 0
1581654155797605 131919735117504 pump_end 1 2
1581654157880969 131919735117504 coll_beg 0 0
1581654162625856 131919735117504 coll_end 0 0
1581654164465818 131919735117504 emit_beg 840 0
1581654169852321 131919735117504 emit_end 840 0
1581654169855081 131919735117504 drain_beg 0 0
1581654169855511 131919735117504 drain_end 1 0
1581654169855841 131919735117504 subm_beg 1 0
1581654173166750 131919735117504 subm_end 1 0
1581654173167390 131919735117504 pump_beg 1 0
1581654185050176 131919735117504 pump_end 1 2
1581654186885179 131919735117504 coll_beg 0 0
1581654191120844 131919735117504 coll_end 0 0
1581654192903969 131919735117504 emit_beg 841 0
1581654198274262 131919735117504 emit_end 841 0
1581654198278852 131919735117504 drain_beg 0 0
1581654198279592 131919735117504 drain_end 1 0
1581654198280292 131919735117504 subm_beg 1 0
1581654201698957 131919735117504 subm_end 1 0
1581654201699417 131919735117504 pump_beg 1 0
1581654209632037 131919735117504 pump_end 1 2
1581654212367517 131919735117504 coll_beg 0 0
1581654212411806 131919735117504 coll_end 0 0
1581654215816051 131919735117504 emit_beg 842 0
1581654222864083 131919735117504 emit_end 842 0
1581654222867303 131919735117504 drain_beg 0 0
1581654222867783 131919735117504 drain_end 1 0
1581654222868113 131919735117504 subm_beg 1 0
1581654226257639 131919735117504 subm_end 1 0
1581654226258069 131919735117504 pump_beg 1 0
1581654235086347 131919735117504 pump_end 1 2
1581654236903800 131919735117504 coll_beg 0 0
1581654238123266 131919735117504 coll_end 0 0
1581654240249608 131919735117504 emit_beg 843 0
1581654247133826 131919735117504 emit_end 843 0
1581654247136906 131919735117504 drain_beg 0 0
1581654247137416 131919735117504 drain_end 1 0
1581654247138086 131919735117504 subm_beg 1 0
1581654250509893 131919735117504 subm_end 1 0
1581654250510353 131919735117504 pump_beg 1 0
1581654263781658 131919735117504 pump_end 1 2
1581654265594691 131919735117504 coll_beg 0 0
1581654269940833 131919735117504 coll_end 0 0
1581654271634951 131919735117504 emit_beg 844 0
1581654275153812 131919735117504 emit_end 844 0
1581654275157122 131919735117504 drain_beg 0 0
1581654275157772 131919735117504 drain_end 1 0
1581654275158262 131919735117504 subm_beg 1 0
1581654278473491 131919735117504 subm_end 1 0
1581654278473871 131919735117504 pump_beg 1 0
1581654288856171 131919735117504 pump_end 1 2
1581654291872701 131919735117504 coll_beg 0 0
1581654295943212 131919735117504 coll_end 0 0
1581654298983111 131919735117504 emit_beg 845 0
1581654306112180 131919735117504 emit_end 845 0
1581654306114960 131919735117504 drain_beg 0 0
1581654306115420 131919735117504 drain_end 1 0
1581654306115680 131919735117504 subm_beg 1 0
1581654309562084 131919735117504 subm_end 1 0
1581654309562474 131919735117504 pump_beg 1 0
1581654318998009 131919735117504 pump_end 1 2
1581654321206028 131919735117504 coll_beg 0 0
1581654323350270 131919735117504 coll_end 0 0
1581654325085747 131919735117504 emit_beg 846 0
1581654330342564 131919735117504 emit_end 846 0
1581654344145250 131919735117504 drain_beg 0 0
1581654344146230 131919735117504 drain_end 1 0
1581654344146700 131919735117504 subm_beg 1 0
1581654347658171 131919735117504 subm_end 1 0
1581654347658581 131919735117504 pump_beg 1 0
1581654356172900 131919735117504 pump_end 1 2
1581654357967285 131919735117504 coll_beg 0 0
1581654358626701 131919735117504 coll_end 0 0
1581654360385196 131919735117504 emit_beg 847 0
1581654365584426 131919735117504 emit_end 847 0
1581654365587236 131919735117504 drain_beg 0 0
1581654365587756 131919735117504 drain_end 1 0
1581654365588196 131919735117504 subm_beg 1 0
1581654368930724 131919735117504 subm_end 1 0
1581654368931224 131919735117504 pump_beg 1 0
1581654381906529 131919735117504 pump_end 1 2
1581654383857098 131919735117504 coll_beg 0 0
1581654387153658 131919735117504 coll_end 0 0
1581654388970711 131919735117504 emit_beg 848 0
1581654394176891 131919735117504 emit_end 848 0
1581654394179861 131919735117504 drain_beg 0 0
1581654394180351 131919735117504 drain_end 1 0
1581654394180701 131919735117504 subm_beg 1 0
1581654397465691 131919735117504 subm_end 1 0
1581654397466531 131919735117504 pump_beg 1 0
1581654407721086 131919735117504 pump_end 1 2
1581654409974533 131919735117504 coll_beg 0 0
1581654414655252 131919735117504 coll_end 0 0
1581654416482105 131919735117504 emit_beg 849 0
1581654421802441 131919735117504 emit_end 849 0
1581654421807061 131919735117504 drain_beg 0 0
1581654421807801 131919735117504 drain_end 1 0
1581654421808351 131919735117504 subm_beg 1 0
1581654425185197 131919735117504 subm_end 1 0
1581654425185807 131919735117504 pump_beg 1 0
1581654437047344 131919735117504 pump_end 1 2
1581654438871477 131919735117504 coll_beg 0 0
1581654442621340 131919735117504 coll_end 0 0
1581654444341467 131919735117504 emit_beg 850 0
1581654449530447 131919735117504 emit_end 850 0
1581654449534367 131919735117504 drain_beg 0 0
1581654449534887 131919735117504 drain_end 1 0
1581654449535387 131919735117504 subm_beg 1 0
1581654452907844 131919735117504 subm_end 1 0
1581654452908234 131919735117504 pump_beg 1 0
1581654460819875 131919735117504 pump_end 1 2
1581654463394090 131919735117504 coll_beg 0 0
1581654463531915 131919735117504 coll_end 0 0
1581654466955840 131919735117504 emit_beg 851 0
1581654473745052 131919735117504 emit_end 851 0
1581654473747972 131919735117504 drain_beg 0 0
1581654473748402 131919735117504 drain_end 1 0
1581654473748722 131919735117504 subm_beg 1 0
1581654477160217 131919735117504 subm_end 1 0
1581654477160677 131919735117504 pump_beg 1 0
1581654487861296 131919735117504 pump_end 1 2
1581654491132907 131919735117504 coll_beg 0 0
1581654493966933 131919735117504 coll_end 0 0
1581654495797056 131919735117504 emit_beg 852 0
1581654503039191 131919735117504 emit_end 852 0
1581654503042321 131919735117504 drain_beg 0 0
1581654503042781 131919735117504 drain_end 1 0
1581654503043351 131919735117504 subm_beg 1 0
1581654506584332 131919735117504 subm_end 1 0
1581654506584802 131919735117504 pump_beg 1 0
1581654517618868 131919735117504 pump_end 1 2
1581654520451525 131919735117504 coll_beg 0 0
1581654523302030 131919735117504 coll_end 0 0
1581654525129494 131919735117504 emit_beg 853 0
1581654530556365 131919735117504 emit_end 853 0
1581654530560565 131919735117504 drain_beg 0 0
1581654530561255 131919735117504 drain_end 1 0
1581654530561695 131919735117504 subm_beg 1 0
1581654534077736 131919735117504 subm_end 1 0
1581654534078166 131919735117504 pump_beg 1 0
1581654547051892 131919735117504 pump_end 1 2
1581654550130770 131919735117504 coll_beg 0 0
1581654554551438 131919735117504 coll_end 0 0
1581654556389101 131919735117504 emit_beg 854 0
1581654561873540 131919735117504 emit_end 854 0
1581654561876180 131919735117504 drain_beg 0 0
1581654561876540 131919735117504 drain_end 1 0
1581654561876960 131919735117504 subm_beg 1 0
1581654565390872 131919735117504 subm_end 1 0
1581654565391262 131919735117504 pump_beg 1 0
1581654577069915 131919735117504 pump_end 1 2
1581654578976355 131919735117504 coll_beg 0 0
1581654581970896 131919735117504 coll_end 0 0
1581654584427136 131919735117504 emit_beg 855 0
1581654589799530 131919735117504 emit_end 855 0
1581654589801999 131919735117504 drain_beg 0 0
1581654589802349 131919735117504 drain_end 1 0
1581654589802579 131919735117504 subm_beg 1 0
1581654593337750 131919735117504 subm_end 1 0
1581654593338150 131919735117504 pump_beg 1 0
1581654603527378 131919735117504 pump_end 1 2
1581654605727997 131919735117504 coll_beg 0 0
1581654609326996 131919735117504 coll_end 0 0
1581654611195747 131919735117504 emit_beg 856 0
1581654616683387 131919735117504 emit_end 856 0
1581654616686727 131919735117504 drain_beg 0 0
1581654616687077 131919735117504 drain_end 1 0
1581654616687397 131919735117504 subm_beg 1 0
1581654620198218 131919735117504 subm_end 1 0
1581654620198618 131919735117504 pump_beg 1 0
1581654630746863 131919735117504 pump_end 1 2
1581654634145668 131919735117504 coll_beg 0 0
1581654637656010 131919735117504 coll_end 0 0
1581654639505282 131919735117504 emit_beg 857 0
1581654644851087 131919735117504 emit_end 857 0
1581654644853737 131919735117504 drain_beg 0 0
1581654644854157 131919735117504 drain_end 1 0
1581654644854467 131919735117504 subm_beg 1 0
1581654648370888 131919735117504 subm_end 1 0
1581654648371458 131919735117504 pump_beg 1 0
1581654658619614 131919735117504 pump_end 1 2
1581654661979761 131919735117504 coll_beg 0 0
1581654665166864 131919735117504 coll_end 0 0
1581654668440355 131919735117504 emit_beg 858 0
1581654672115650 131919735117504 emit_end 858 0
1581654672119820 131919735117504 drain_beg 0 0
1581654672120480 131919735117504 drain_end 1 0
1581654672121280 131919735117504 subm_beg 1 0
1581654675695089 131919735117504 subm_end 1 0
1581654675695659 131919735117504 pump_beg 1 0
1581654684715300 131919735117504 pump_end 1 2
1581654687469209 131919735117504 coll_beg 0 0
1581654688748762 131919735117504 coll_end 0 0
1581654691024129 131919735117504 emit_beg 859 0
1581654698050952 131919735117504 emit_end 859 0
1581654714123305 131919735117504 drain_beg 0 0
1581654714125145 131919735117504 drain_end 1 0
1581654714125564 131919735117504 subm_beg 1 0
1581654717702114 131919735117504 subm_end 1 0
1581654717703634 131919735117504 pump_beg 1 0
1581654728538608 131919735117504 pump_end 1 2
1581654730425029 131919735117504 coll_beg 0 0
1581654735041940 131919735117504 coll_end 0 0
1581654736885543 131919735117504 emit_beg 860 0
1581654742326244 131919735117504 emit_end 860 0
1581654742328854 131919735117504 drain_beg 0 0
1581654742329174 131919735117504 drain_end 1 0
1581654742329424 131919735117504 subm_beg 1 0
1581654745872524 131919735117504 subm_end 1 0
1581654745873284 131919735117504 pump_beg 1 0
1581654758171434 131919735117504 pump_end 1 2
1581654760020287 131919735117504 coll_beg 0 0
1581654766281108 131919735117504 coll_end 0 0
1581654768146400 131919735117504 emit_beg 861 0
1581654775491231 131919735117504 emit_end 861 0
1581654775495661 131919735117504 drain_beg 0 0
1581654775496431 131919735117504 drain_end 1 0
1581654775497381 131919735117504 subm_beg 1 0
1581654778964784 131919735117504 subm_end 1 0
1581654778965234 131919735117504 pump_beg 1 0
1581654791522815 131919735117504 pump_end 1 2
1581654794901122 131919735117504 coll_beg 0 0
1581654801509840 131919735117504 coll_end 0 0
1581654803385342 131919735117504 emit_beg 862 0
1581654808979507 131919735117504 emit_end 862 0
1581654808983457 131919735117504 drain_beg 0 0
1581654808984227 131919735117504 drain_end 1 0
1581654808984767 131919735117504 subm_beg 1 0
1581654812523568 131919735117504 subm_end 1 0
1581654812524038 131919735117504 pump_beg 1 0
1581654824887905 131919735117504 pump_end 1 2
1581654827975533 131919735117504 coll_beg 0 0
1581654832203258 131919735117504 coll_end 0 0
1581654834030011 131919735117504 emit_beg 863 0
1581654839475382 131919735117504 emit_end 863 0
1581654839478202 131919735117504 drain_beg 0 0
1581654839478752 131919735117504 drain_end 1 0
1581654839479102 131919735117504 subm_beg 1 0
1581654842959625 131919735117504 subm_end 1 0
1581654842966905 131919735117504 pump_beg 1 0
1581654855684760 131919735117504 pump_end 1 2
1581654858317553 131919735117504 coll_beg 0 0
1581654862554709 131919735117504 coll_end 0 0
1581654864356473 131919735117504 emit_beg 864 0
1581654869588501 131919735117504 emit_end 864 0
1581654869591371 131919735117504 drain_beg 0 0
1581654869591901 131919735117504 drain_end 1 0
1581654869592211 131919735117504 subm_beg 1 0
1581654872946309 131919735117504 subm_end 1 0
1581654872946699 131919735117504 pump_beg 1 0
1581654885462261 131919735117504 pump_end 1 2
1581654888367085 131919735117504 coll_beg 0 0
1581654893142840 131919735117504 coll_end 0 0
1581654894928245 131919735117504 emit_beg 865 0
1581654900257940 131919735117504 emit_end 865 0
1581654900260770 131919735117504 drain_beg 0 0
1581654900261410 131919735117504 drain_end 1 0
1581654900262020 131919735117504 subm_beg 1 0
1581654903622767 131919735117504 subm_end 1 0
1581654903623247 131919735117504 pump_beg 1 0
1581654915798432 131919735117504 pump_end 1 2
1581654918740954 131919735117504 coll_beg 0 0
1581654923573288 131919735117504 coll_end 0 0
1581654925356823 131919735117504 emit_beg 866 0
1581654932161434 131919735117504 emit_end 866 0
1581654932164374 131919735117504 drain_beg 0 0
1581654932164814 131919735117504 drain_end 1 0
1581654932165054 131919735117504 subm_beg 1 0
1581654933901760 131919735117504 subm_end 1 0
1581654933902330 131919735117504 pump_beg 1 0
1581654944628078 131919735117504 pump_end 1 2
1581654947562881 131919735117504 coll_beg 0 0
1581654952686004 131919735117504 coll_end 0 0
1581654954473048 131919735117504 emit_beg 867 0
1581654960137871 131919735117504 emit_end 867 0
1581654960141951 131919735117504 drain_beg 0 0
1581654960142681 131919735117504 drain_end 1 0
1581654960143261 131919735117504 subm_beg 1 0
1581654963450330 131919735117504 subm_end 1 0
1581654963450950 131919735117504 pump_beg 1 0
1581654978969883 131919735117504 pump_end 1 2
1581654980748078 131919735117504 coll_beg 0 0
1581654985941298 131919735117504 coll_end 0 0
1581654987802320 131919735117504 emit_beg 868 0
1581654993029259 131919735117504 emit_end 868 0
1581654993032389 131919735117504 drain_beg 0 0
1581654993032799 131919735117504 drain_end 1 0
1581654993033199 131919735117504 subm_beg 1 0
1581654996382756 131919735117504 subm_end 1 0
1581654996383266 131919735117504 pump_beg 1 0
1581655005544191 131919735117504 pump_end 1 2
1581655007799319 131919735117504 coll_beg 0 0
1581655009000755 131919735117504 coll_end 0 0
1581655011260632 131919735117504 emit_beg 869 0
1581655018271926 131919735117504 emit_end 869 0
1581655031363197 131919735117504 drain_beg 0 0
1581655031365217 131919735117504 drain_end 1 0
1581655031365747 131919735117504 subm_beg 1 0
1581655034804722 131919735117504 subm_end 1 0
1581655034805052 131919735117504 pump_beg 1 0
1581655047110232 131919735117504 pump_end 1 2
1581655048883337 131919735117504 coll_beg 0 0
1581655052694558 131919735117504 coll_end 0 0
1581655054396885 131919735117504 emit_beg 870 0
1581655058119359 131919735117504 emit_end 870 0
1581655058123309 131919735117504 drain_beg 0 0
1581655058123989 131919735117504 drain_end 1 0
1581655058124679 131919735117504 subm_beg 1 0
1581655061736757 131919735117504 subm_end 1 0
1581655061737257 131919735117504 pump_beg 1 0
1581655073569985 131919735117504 pump_end 1 2
1581655076024585 131919735117504 coll_beg 0 0
1581655078681048 131919735117504 coll_end 0 0
1581655081506274 131919735117504 emit_beg 871 0
1581655086692695 131919735117504 emit_end 871 0
1581655126351885 131919735117504 drain_beg 0 0
1581655126354785 131919735117504 drain_end 1 0
1581655126355615 131919735117504 subm_beg 1 0
1581655138116695 131919735117504 subm_end 1 0
1581655138117725 131919735117504 pump_beg 1 0
1581655152641574 131919735117504 pump_end 1 2
1581655157241356 131919735117504 coll_beg 0 0
1581655162213784 131919735117504 coll_end 0 0
1581655166586544 131919735117504 emit_beg 872 0
1581655171251314 131919735117504 emit_end 872 0
1581655171254243 131919735117504 drain_beg 0 0
1581655171254593 131919735117504 drain_end 1 0
1581655171260683 131919735117504 subm_beg 1 0
1581655176218942 131919735117504 subm_end 1 0
1581655176219442 131919735117504 pump_beg 1 0
1581655190036487 131919735117504 pump_end 1 2
1581655195546055 131919735117504 coll_beg 0 0
1581655201826786 131919735117504 coll_end 0 0
1581655205989394 131919735117504 emit_beg 873 0
1581655220116987 131919735117504 emit_end 873 0
1581655220121107 131919735117504 drain_beg 0 0
1581655220121817 131919735117504 drain_end 1 0
1581655220122487 131919735117504 subm_beg 1 0
1581655223754024 131919735117504 subm_end 1 0
1581655223754564 131919735117504 pump_beg 1 0
1581655237015630 131919735117504 pump_end 1 2
1581655239873345 131919735117504 coll_beg 0 0
1581655244106070 131919735117504 coll_end 0 0
1581655249303520 131919735117504 emit_beg 874 0
1581655260669685 131919735117504 emit_end 874 0
1581655260672305 131919735117504 drain_beg 0 0
1581655260672775 131919735117504 drain_end 1 0
1581655260673085 131919735117504 subm_beg 1 0
1581655266846719 131919735117504 subm_end 1 0
1581655266847209 131919735117504 pump_beg 1 0
1581655276742697 131919735117504 pump_end 1 2
1581655280739271 131919735117504 coll_beg 0 0
1581655284091858 131919735117504 coll_end 0 0
1581655289501971 131919735117504 emit_beg 875 0
1581655300198930 131919735117504 emit_end 875 0
1581655321682234 131919735117504 drain_beg 0 0
1581655321684334 131919735117504 drain_end 1 0
1581655321685224 131919735117504 subm_beg 1 0
1581655326669962 131919735117504 subm_end 1 0
1581655326670822 131919735117504 pump_beg 1 0
1581655334477387 131919735117504 pump_end 1 2
1581655345930838 131919735117504 coll_beg 0 0
1581655346122751 131919735117504 coll_end 0 0
1581655348859811 131919735117504 emit_beg 876 0
1581655357291913 131919735117504 emit_end 876 0
1581655357295032 131919735117504 drain_beg 0 0
1581655357295392 131919735117504 drain_end 1 0
1581655357295812 131919735117504 subm_beg 1 0
1581655363792725 131919735117504 subm_end 1 0
1581655363793105 131919735117504 pump_beg 1 0
1581655373766470 131919735117504 pump_end 1 2
1581655377258313 131919735117504 coll_beg 0 0
1581655379599767 131919735117504 coll_end 0 0
1581655383722726 131919735117504 emit_beg 877 0
1581655396097094 131919735117504 emit_end 877 0
1581655417646346 131919735117504 drain_beg 0 0
1581655417650886 131919735117504 drain_end 1 0
1581655417652026 131919735117504 subm_beg 1 0
1581655423846170 131919735117504 subm_end 1 0
1581655423846829 131919735117504 pump_beg 1 0
1581655435885579 131919735117504 pump_end 1 2
1581655438945148 131919735117504 coll_beg 0 0
1581655444251824 131919735117504 coll_end 0 0
1581655446947905 131919735117504 emit_beg 878 0
1581655456518435 131919735117504 emit_end 878 0
1581655456522575 131919735117504 drain_beg 0 0
1581655456523265 131919735117504 drain_end 1 0
1581655456523895 131919735117504 subm_beg 1 0
1581655462517486 131919735117504 subm_end 1 0
1581655462517946 131919735117504 pump_beg 1 0
1581655474883514 131919735117504 pump_end 1 2
1581655478269700 131919735117504 coll_beg 0 0
1581655484832420 131919735117504 coll_end 0 0
1581655486871586 131919735117504 emit_beg 879 0
1581655492985742 131919735117504 emit_end 879 0
1581655492988702 131919735117504 drain_beg 0 0
1581655492989132 131919735117504 drain_end 1 0
1581655492989622 131919735117504 subm_beg 1 0
1581655498591527 131919735117504 subm_end 1 0
1581655498591897 131919735117504 pump_beg 1 0
1581655507089286 131919735117504 pump_end 1 2
1581655512943702 131919735117504 coll_beg 0 0
1581655513591219 131919735117504 coll_end 0 0
1581655519373117 131919735117504 emit_beg 880 0
1581655532718619 131919735117504 emit_end 880 0
1581655549952050 131919735117504 drain_beg 0 0
1581655549954000 131919735117504 drain_end 1 0
1581655549954799 131919735117504 subm_beg 1 0
1581655555105711 131919735117504 subm_end 1 0
1581655555106621 131919735117504 pump_beg 1 0
1581655564418371 131919735117504 pump_end 1 2
1581655567115112 131919735117504 coll_beg 0 0
1581655568900057 131919735117504 coll_end 0 0
1581655571561969 131919735117504 emit_beg 881 0
1581655579609965 131919735117504 emit_end 881 0
1581655579619255 131919735117504 drain_beg 0 0
1581655579619645 131919735117504 drain_end 1 0
1581655579619965 131919735117504 subm_beg 1 0
1581655584677200 131919735117504 subm_end 1 0
1581655584677590 131919735117504 pump_beg 1 0
1581655598178597 131919735117504 pump_end 1 2
1581655602169031 131919735117504 coll_beg 0 0
1581655607728717 131919735117504 coll_end 0 0
1581655610431939 131919735117504 emit_beg 882 0
1581655618372498 131919735117504 emit_end 882 0
1581655618375048 131919735117504 drain_beg 0 0
1581655618375518 131919735117504 drain_end 1 0
1581655618375818 131919735117504 subm_beg 1 0
1581655623355676 131919735117504 subm_end 1 0
1581655623356086 131919735117504 pump_beg 1 0
1581655634960092 131919735117504 pump_end 1 2
1581655638976145 131919735117504 coll_beg 0 0
1581655642973149 131919735117504 coll_end 0 0
1581655649440093 131919735117504 emit_beg 883 0
1581655662124589 131919735117504 emit_end 883 0
1581655662127059 131919735117504 drain_beg 0 0
1581655662127569 131919735117504 drain_end 1 0
1581655662127899 131919735117504 subm_beg 1 0
1581655668125779 131919735117504 subm_end 1 0
1581655668126229 131919735117504 pump_beg 1 0
1581655678163293 131919735117504 pump_end 1 2
1581655683363372 131919735117504 coll_beg 0 0
1581655686013826 131919735117504 coll_end 0 0
1581655689747699 131919735117504 emit_beg 884 0
1581655698619065 131919735117504 emit_end 884 0
1581655713091176 131919735117504 drain_beg 0 0
1581655713091886 131919735117504 drain_end 1 0
1581655713092196 131919735117504 subm_beg 1 0
1581655717253864 131919735117504 subm_end 1 0
1581655717254343 131919735117504 pump_beg 1 0
1581655729687509 131919735117504 pump_end 1 2
1581655731782512 131919735117504 coll_beg 0 0
1581655738192818 131919735117504 coll_end 0 0
1581655740274592 131919735117504 emit_beg 885 0
1581655746629090 131919735117504 emit_end 885 0
1581655746631900 131919735117504 drain_beg 0 0
1581655746632509 131919735117504 drain_end 1 0
1581655746633049 131919735117504 subm_beg 1 0
1581655750627424 131919735117504 subm_end 1 0
1581655750627804 131919735117504 pump_beg 1 0
1581655762944903 131919735117504 pump_end 1 2
1581655765293917 131919735117504 coll_beg 0 0
1581655771450582 131919735117504 coll_end 0 0
1581655774663075 131919735117504 emit_beg 886 0
1581655784089390 131919735117504 emit_end 886 0
1581655784091840 131919735117504 drain_beg 0 0
1581655784092330 131919735117504 drain_end 1 0
1581655784092620 131919735117504 subm_beg 1 0
1581655790636981 131919735117504 subm_end 1 0
1581655790637361 131919735117504 pump_beg 1 0
1581655799241786 131919735117504 pump_end 1 2
1581655802407511 131919735117504 coll_beg 0 0
1581655803221751 131919735117504 coll_end 0 0
1581655809400335 131919735117504 emit_beg 887 0
1581655821451744 131919735117504 emit_end 887 0
1581655846533187 131919735117504 drain_beg 0 0
1581655846535137 131919735117504 drain_end 1 0
1581655846535907 131919735117504 subm_beg 1 0
1581655851882302 131919735117504 subm_end 1 0
1581655851883162 131919735117504 pump_beg 1 0
1581655861779460 131919735117504 pump_end 1 2
1581655864289478 131919735117504 coll_beg 0 0
1581655866591144 131919735117504 coll_end 0 0
1581655868659639 131919735117504 emit_beg 888 0
1581655873772452 131919735117504 emit_end 888 0
1581655873775342 131919735117504 drain_beg 0 0
1581655873775782 131919735117504 drain_end 1 0
1581655873776082 131919735117504 subm_beg 1 0
1581655877131249 131919735117504 subm_end 1 0
1581655877131819 131919735117504 pump_beg 1 0
1581655890941084 131919735117504 pump_end 1 2
1581655892676331 131919735117504 coll_beg 0 0
1581655900505744 131919735117504 coll_end 0 0
1581655902332178 131919735117504 emit_beg 889 0
1581655907581016 131919735117504 emit_end 889 0
1581655907584226 131919735117504 drain_beg 0 0
1581655907584746 131919735117504 drain_end 1 0
1581655907585536 131919735117504 subm_beg 1 0
1581655911011300 131919735117504 subm_end 1 0
1581655911011730 131919735117504 pump_beg 1 0
1581655921544825 131919735117504 pump_end 1 2
1581655924590624 131919735117504 coll_beg 0 0
1581655929171496 131919735117504 coll_end 0 0
1581655930899883 131919735117504 emit_beg 890 0
1581655937826860 131919735117504 emit_end 890 0
1581655937830270 131919735117504 drain_beg 0 0
1581655937830770 131919735117504 drain_end 1 0
1581655937831230 131919735117504 subm_beg 1 0
1581655941215046 131919735117504 subm_end 1 0
1581655941215546 131919735117504 pump_beg 1 0
1581655950491617 131919735117504 pump_end 1 2
1581655952725595 131919735117504 coll_beg 0 0
1581655954635966 131919735117504 coll_end 0 0
1581655956379742 131919735117504 emit_beg 891 0
1581655961473336 131919735117504 emit_end 891 0
1581655975806912 131919735117504 drain_beg 0 0
1581655975808202 131919735117504 drain_end 1 0
1581655975808582 131919735117504 subm_beg 1 0
1581655979251706 131919735117504 subm_end 1 0
1581655979252226 131919735117504 pump_beg 1 0
1581655991710580 131919735117504 pump_end 1 2
1581655993375879 131919735117504 coll_beg 0 0
1581655997412542 131919735117504 coll_end 0 0
1581655999183847 131919735117504 emit_beg 892 0
1581656004471564 131919735117504 emit_end 892 0
1581656004474674 131919735117504 drain_beg 0 0
1581656004475324 131919735117504 drain_end 1 0
1581656004475724 131919735117504 subm_beg 1 0
1581656007779693 131919735117504 subm_end 1 0
1581656007780073 131919735117504 pump_beg 1 0
1581656018223641 131919735117504 pump_end 1 2
1581656020649832 131919735117504 coll_beg 0 0
1581656023286576 131919735117504 coll_end 0 0
1581656025871251 131919735117504 emit_beg 893 0
1581656031007874 131919735117504 emit_end 893 0
1581656031013863 131919735117504 drain_beg 0 0
1581656031014283 131919735117504 drain_end 1 0
1581656031014763 131919735117504 subm_beg 1 0
1581656034365461 131919735117504 subm_end 1 0
1581656034365991 131919735117504 pump_beg 1 0
1581656045288072 131919735117504 pump_end 1 2
1581656047288428 131919735117504 coll_beg 0 0
1581656050279209 131919735117504 coll_end 0 0
1581656052393462 131919735117504 emit_beg 894 0
1581656057572003 131919735117504 emit_end 894 0
1581656057575092 131919735117504 drain_beg 0 0
1581656057575622 131919735117504 drain_end 1 0
1581656057575942 131919735117504 subm_beg 1 0
1581656060982198 131919735117504 subm_end 1 0
1581656060982708 131919735117504 pump_beg 1 0
1581656072642992 131919735117504 pump_end 1 2
1581656075712859 131919735117504 coll_beg 0 0
1581656079656245 131919735117504 coll_end 0 0
1581656081380452 131919735117504 emit_beg 895 0
1581656086557853 131919735117504 emit_end 895 0
1581656102767350 131919735117504 drain_beg 0 0
1581656102768740 131919735117504 drain_end 1 0
1581656102769370 131919735117504 subm_beg 1 0
1581656106220064 131919735117504 subm_end 1 0
1581656106220644 131919735117504 pump_beg 1 0
1581656116113432 131919735117504 pump_end 1 2
1581656119364704 131919735117504 coll_beg 0 0
1581656121861022 131919735117504 coll_end 0 0
1581656123725034 131919735117504 emit_beg 896 0
1581656127802625 131919735117504 emit_end 896 0
1581656127806535 131919735117504 drain_beg 0 0
1581656127807095 131919735117504 drain_end 1 0
1581656127807655 131919735117504 subm_beg 1 0
1581656131850857 131919735117504 subm_end 1 0
1581656131851197 131919735117504 pump_beg 1 0
1581656141044111 131919735117504 pump_end 1 2
1581656142883984 131919735117504 coll_beg 0 0
1581656145077954 131919735117504 coll_end 0 0
1581656147975508 131919735117504 emit_beg 897 0
1581656154886845 131919735117504 emit_end 897 0
1581656168480178 131919735117504 drain_beg 0 0
1581656168481538 131919735117504 drain_end 1 0
1581656168481888 131919735117504 subm_beg 1 0
1581656171889174 131919735117504 subm_end 1 0
1581656171889774 131919735117504 pump_beg 1 0
1581656185348492 131919735117504 pump_end 1 2
1581656187088198 131919735117504 coll_beg 0 0
1581656191441049 131919735117504 coll_end 0 0
1581656193196145 131919735117504 emit_beg 898 0
1581656197119721 131919735117504 emit_end 898 0
1581656197124151 131919735117504 drain_beg 0 0
1581656197124841 131919735117504 drain_end 1 0
1581656197125371 131919735117504 subm_beg 1 0
1581656201182493 131919735117504 subm_end 1 0
1581656201182943 131919735117504 pump_beg 1 0
1581656212270587 131919735117504 pump_end 1 2
1581656214363441 131919735117504 coll_beg 0 0
1581656216444735 131919735117504 coll_end 0 0
1581656218291687 131919735117504 emit_beg 899 0
1581656225216364 131919735117504 emit_end 899 0
1581656239155694 131919735117504 drain_beg 0 0
1581656239159424 131919735117504 drain_end 1 0
1581656239160414 131919735117504 subm_beg 1 0
1581656244416352 131919735117504 subm_end 1 0
1581656244418282 131919735117504 pump_beg 1 0
1581656257255033 131919735117504 pump_end 1 2
1581656259326827 131919735117504 coll_beg 0 0
1581656263558672 131919735117504 coll_end 0 0
1581656265477602 131919735117504 emit_beg 900 0
1581656270801478 131919735117504 emit_end 900 0
1581656270805057 131919735117504 drain_beg 0 0
1581656270805447 131919735117504 drain_end 1 0
1581656270805757 131919735117504 subm_beg 1 0
1581656274202933 131919735117504 subm_end 1 0
1581656274203323 131919735117504 pump_beg 1 0
1581656286836441 131919735117504 pump_end 1 2
1581656289211575 131919735117504 coll_beg 0 0
1581656294329138 131919735117504 coll_end 0 0
1581656296208269 131919735117504 emit_beg 901 0
1581656301494886 131919735117504 emit_end 901 0
1581656316848394 131919735117504 drain_beg 0 0
1581656316849514 131919735117504 drain_end 1 0
1581656316849784 131919735117504 subm_beg 1 0
1581656320292358 131919735117504 subm_end 1 0
1581656320292668 131919735117504 pump_beg 1 0
1581656329569239 131919735117504 pump_end 1 2
1581656331782738 131919735117504 coll_beg 0 0
1581656332868819 131919735117504 coll_end 0 0
1581656334649194 131919735117504 emit_beg 902 0
1581656339992748 131919735117504 emit_end 902 0
1581656339997208 131919735117504 drain_beg 0 0
1581656339998088 131919735117504 drain_end 1 0
1581656339998658 131919735117504 subm_beg 1 0
1581656343506240 131919735117504 subm_end 1 0
1581656343506660 131919735117504 pump_beg 1 0
1581656356628770 131919735117504 pump_end 1 2
1581656358494092 131919735117504 coll_beg 0 0
1581656363832847 131919735117504 coll_end 0 0
1581656365762936 131919735117504 emit_beg 903 0
1581656371213397 131919735117504 emit_end 903 0
1581656388395709 131919735117504 drain_beg 0 0
1581656388397769 131919735117504 drain_end 1 0
1581656388398619 131919735117504 subm_beg 1 0
1581656392006267 131919735117504 subm_end 1 0
1581656392007167 131919735117504 pump_beg 1 0
1581656400022994 131919735117504 pump_end 1 2
1581656401844797 131919735117504 coll_beg 0 0
1581656402269172 131919735117504 coll_end 0 0
1581656404083785 131919735117504 emit_beg 904 0
1581656409403851 131919735117504 emit_end 904 0
1581656409407211 131919735117504 drain_beg 0 0
1581656409407771 131919735117504 drain_end 1 0
1581656409408581 131919735117504 subm_beg 1 0
1581656412957791 131919735117504 subm_end 1 0
1581656412958991 131919735117504 pump_beg 1 0
1581656422861609 131919735117504 pump_end 1 2
1581656425826150 131919735117504 coll_beg 0 0
1581656428889688 131919735117504 coll_end 0 0
1581656430947893 131919735117504 emit_beg 905 0
1581656436521629 131919735117504 emit_end 905 0
1581656436528519 131919735117504 drain_beg 0 0
1581656436529629 131919735117504 drain_end 1 0
1581656436530739 131919735117504 subm_beg 1 0
1581656439964963 131919735117504 subm_end 1 0
1581656439965693 131919735117504 pump_beg 1 0
1581656451559180 131919735117504 pump_end 1 2
1581656453926883 131919735117504 coll_beg 0 0
1581656457165085 131919735117504 coll_end 0 0
1581656458989538 131919735117504 emit_beg 906 0
1581656464484637 131919735117504 emit_end 906 0
1581656464487917 131919735117504 drain_beg 0 0
1581656464488417 131919735117504 drain_end 1 0
1581656464488877 131919735117504 subm_beg 1 0
1581656467952490 131919735117504 subm_end 1 0
1581656467952950 131919735117504 pump_beg 1 0
1581656481370550 131919735117504 pump_end 1 2
1581656483149435 131919735117504 coll_beg 0 0
1581656487136109 131919735117504 coll_end 0 0
1581656489025070 131919735117504 emit_beg 907 0
1581656496208448 131919735117504 emit_end 907 0
1581656496210677 131919735117504 drain_beg 0 0
1581656496211447 131919735117504 drain_end 1 0
1581656496211697 131919735117504 subm_beg 1 0
1581656499601903 131919735117504 subm_end 1 0
1581656499602483 131919735117504 pump_beg 1 0
1581656511649343 131919735117504 pump_end 1 2
1581656513882231 131919735117504 coll_beg 0 0
1581656518774442 131919735117504 coll_end 0 0
1581656521964936 131919735117504 emit_beg 908 0
1581656525685100 131919735117504 emit_end 908 0
1581656525689220 131919735117504 drain_beg 0 0
1581656525689940 131919735117504 drain_end 1 0
1581656525690510 131919735117504 subm_beg 1 0
1581656529272129 131919735117504 subm_end 1 0
1581656529272529 131919735117504 pump_beg 1 0
1581656541928956 131919735117504 pump_end 1 2
1581656545273704 131919735117504 coll_beg 0 0
1581656550580800 131919735117504 coll_end 0 0
1581656552467711 131919735117504 emit_beg 909 0
1581656557881093 131919735117504 emit_end 909 0
1581656557884483 131919735117504 drain_beg 0 0
1581656557885023 131919735117504 drain_end 1 0
1581656557885343 131919735117504 subm_beg 1 0
1581656561357436 131919735117504 subm_end 1 0
1581656561357736 131919735117504 pump_beg 1 0
1581656574383660 131919735117504 pump_end 1 2
1581656576981485 131919735117504 coll_beg 0 0
1581656581430732 131919735117504 coll_end 0 0
1581656583247666 131919735117504 emit_beg 910 0
1581656588736355 131919735117504 emit_end 910 0
1581656588739545 131919735117504 drain_beg 0 0
1581656588740055 131919735117504 drain_end 1 0
1581656588740635 131919735117504 subm_beg 1 0
1581656592230267 131919735117504 subm_end 1 0
1581656592230537 131919735117504 pump_beg 1 0
1581656604172001 131919735117504 pump_end 1 2
1581656605982105 131919735117504 coll_beg 0 0
1581656609207167 131919735117504 coll_end 0 0
1581656612115730 131919735117504 emit_beg 911 0
1581656617451725 131919735117504 emit_end 911 0
1581656617455095 131919735117504 drain_beg 0 0
1581656617455615 131919735117504 drain_end 1 0
1581656617456005 131919735117504 subm_beg 1 0
1581656620886670 131919735117504 subm_end 1 0
1581656620887170 131919735117504 pump_beg 1 0
1581656628883837 131919735117504 pump_end 1 2
1581656631227192 131919735117504 coll_beg 0 0
1581656631503671 131919735117504 coll_end 0 0
1581656634806671 131919735117504 emit_beg 912 0
1581656641627811 131919735117504 emit_end 912 0
1581656653852874 131919735117504 drain_beg 0 0
1581656653853654 131919735117504 drain_end 1 0
1581656653853894 131919735117504 subm_beg 1 0
1581656657206522 131919735117504 subm_end 1 0
1581656657207032 131919735117504 pump_beg 1 0
1581656666410475 131919735117504 pump_end 1 2
1581656668428162 131919735117504 coll_beg 0 0
1581656670322972 131919735117504 coll_end 0 0
1581656672114197 131919735117504 emit_beg 913 0
1581656677466401 131919735117504 emit_end 913 0
1581656677468641 131919735117504 drain_beg 0 0
1581656677468981 131919735117504 drain_end 1 0
1581656677469251 131919735117504 subm_beg 1 0
1581656680918045 131919735117504 subm_end 1 0
1581656680918435 131919735117504 pump_beg 1 0
1581656691730710 131919735117504 pump_end 1 2
1581656694339244 131919735117504 coll_beg 0 0
1581656697297136 131919735117504 coll_end 0 0
1581656699149179 131919735117504 emit_beg 914 0
1581656706091505 131919735117504 emit_end 914 0
1581656706095755 131919735117504 drain_beg 0 0
1581656706096405 131919735117504 drain_end 1 0
1581656706097105 131919735117504 subm_beg 1 0
1581656709475531 131919735117504 subm_end 1 0
1581656709476061 131919735117504 pump_beg 1 0
1581656718886737 131919735117504 pump_end 1 2
1581656720832006 131919735117504 coll_beg 0 0
1581656722907380 131919735117504 coll_end 0 0
1581656726155221 131919735117504 emit_beg 915 0
1581656729597466 131919735117504 emit_end 915 0
1581656729600705 131919735117504 drain_beg 0 0
1581656729601195 131919735117504 drain_end 1 0
1581656729601795 131919735117504 subm_beg 1 0
1581656733074478 131919735117504 subm_end 1 0
1581656733074948 131919735117504 pump_beg 1 0
1581656743915912 131919735117504 pump_end 1 2
1581656746123571 131919735117504 coll_beg 0 0
1581656748584391 131919735117504 coll_end 0 0
1581656751586652 131919735117504 emit_beg 916 0
1581656756767762 131919735117504 emit_end 916 0
1581656771623219 131919735117504 drain_beg 0 0
1581656771629719 131919735117504 drain_end 1 0
1581656771630189 131919735117504 subm_beg 1 0
1581656775051974 131919735117504 subm_end 1 0
1581656775052434 131919735117504 pump_beg 1 0
1581656786663349 131919735117504 pump_end 1 2
1581656788648027 131919735117504 coll_beg 0 0
1581656792367341 131919735117504 coll_end 0 0
1581656794241032 131919735117504 emit_beg 917 0
1581656797731765 131919735117504 emit_end 917 0
1581656797735595 131919735117504 drain_beg 0 0
1581656797736245 131919735117504 drain_end 1 0
1581656797736795 131919735117504 subm_beg 1 0
1581656801170099 131919735117504 subm_end 1 0
1581656801170499 131919735117504 pump_beg 1 0
1581656810067444 131919735117504 pump_end 1 2
1581656812544403 131919735117504 coll_beg 0 0
1581656813521687 131919735117504 coll_end 0 0
1581656816132362 131919735117504 emit_beg 918 0
1581656823288880 131919735117504 emit_end 918 0
1581656836938751 131919735117504 drain_beg 0 0
1581656836939401 131919735117504 drain_end 1 0
1581656836939951 131919735117504 subm_beg 1 0
1581656840424494 131919735117504 subm_end 1 0
1581656840424904 131919735117504 pump_beg 1 0
1581656852178174 131919735117504 pump_end 1 2
1581656853917521 131919735117504 coll_beg 0 0
1581656858927628 131919735117504 coll_end 0 0
1581656860714102 131919735117504 emit_beg 919 0
1581656865986460 131919735117504 emit_end 919 0
1581656865989379 131919735117504 drain_beg 0 0
1581656865989909 131919735117504 drain_end 1 0
1581656865990379 131919735117504 subm_beg 1 0
1581656869562109 131919735117504 subm_end 1 0
1581656869562589 131919735117504 pump_beg 1 0
1581656880439661 131919735117504 pump_end 1 2
1581656883798018 131919735117504 coll_beg 0 0
1581656887243533 131919735117504 coll_end 0 0
1581656889028967 131919735117504 emit_beg 920 0
1581656894248136 131919735117504 emit_end 920 0
1581656909726071 131919735117504 drain_beg 0 0
1581656909726721 131919735117504 drain_end 1 0
1581656909727041 131919735117504 subm_beg 1 0
1581656913230042 131919735117504 subm_end 1 0
1581656913230612 131919735117504 pump_beg 1 0
1581656923319704 131919735117504 pump_end 1 2
1581656925262343 131919735117504 coll_beg 0 0
1581656928416437 131919735117504 coll_end 0 0
1581656930286239 131919735117504 emit_beg 921 0
1581656933797431 131919735117504 emit_end 921 0
1581656933800120 131919735117504 drain_beg 0 0
1581656933800550 131919735117504 drain_end 1 0
1581656933800910 131919735117504 subm_beg 1 0
1581656937372290 131919735117504 subm_end 1 0
1581656937372700 131919735117504 pump_beg 1 0
1581656951163886 131919735117504 pump_end 1 2
1581656954039911 131919735117504 coll_beg 0 0
1581656960164127 131919735117504 coll_end 0 0
1581656962424224 131919735117504 emit_beg 922 0
1581656967635564 131919735117504 emit_end 922 0
1581656967638974 131919735117504 drain_beg 0 0
1581656967639693 131919735117504 drain_end 1 0
1581656967640343 131919735117504 subm_beg 1 0
1581656970989561 131919735117504 subm_end 1 0
1581656970993271 131919735117504 pump_beg 1 0
1581656980404247 131919735117504 pump_end 1 2
1581656982850667 131919735117504 coll_beg 0 0
1581656984182209 131919735117504 coll_end 0 0
1581656986272892 131919735117504 emit_beg 923 0
1581656993249707 131919735117504 emit_end 923 0
1581657006920747 131919735117504 drain_beg 0 0
1581657006921407 131919735117504 drain_end 1 0
1581657006921767 131919735117504 subm_beg 1 0
1581657010337543 131919735117504 subm_end 1 0
1581657010338033 131919735117504 pump_beg 1 0
1581657020992493 131919735117504 pump_end 1 2
1581657022954301 131919735117504 coll_beg 0 0
1581657025685001 131919735117504 coll_end 0 0
1581657027549343 131919735117504 emit_beg 924 0
1581657032962735 131919735117504 emit_end 924 0
1581657032965515 131919735117504 drain_beg 0 0
1581657032965955 131919735117504 drain_end 1 0
1581657032966395 131919735117504 subm_beg 1 0
1581657036509956 131919735117504 subm_end 1 0
1581657036511786 131919735117504 pump_beg 1 0
1581657048467289 131919735117504 pump_end 1 2
1581657050769175 131919735117504 coll_beg 0 0
1581657055318238 131919735117504 coll_end 0 0
1581657057196680 131919735117504 emit_beg 925 0
1581657062589703 131919735117504 emit_end 925 0
1581657062592332 131919735117504 drain_beg 0 0
1581657062592692 131919735117504 drain_end 1 0
1581657062593002 131919735117504 subm_beg 1 0
1581657066214690 131919735117504 subm_end 1 0
1581657066217070 131919735117504 pump_beg 1 0
1581657077947111 131919735117504 pump_end 1 2
1581657080904263 131919735117504 coll_beg 0 0
1581657084557889 131919735117504 coll_end 0 0
1581657086421401 131919735117504 emit_beg 926 0
1581657091833093 131919735117504 emit_end 926 0
1581657091835283 131919735117504 drain_beg 0 0
1581657091835573 131919735117504 drain_end 1 0
1581657091835853 131919735117504 subm_beg 1 0
1581657095329306 131919735117504 subm_end 1 0
1581657095329566 131919735117504 pump_beg 1 0
1581657104507230 131919735117504 pump_end 1 2
1581657108109768 131919735117504 coll_beg 0 0
1581657109563545 131919735117504 coll_end 0 0
1581657111714727 131919735117504 emit_beg 927 0
1581657118895724 131919735117504 emit_end 927 0
1581657118897804 131919735117504 drain_beg 0 0
1581657118898114 131919735117504 drain_end 1 0
1581657118898384 131919735117504 subm_beg 1 0
1581657122517562 131919735117504 subm_end 1 0
1581657122518052 131919735117504 pump_beg 1 0
1581657131504283 131919735117504 pump_end 1 2
1581657134182295 131919735117504 coll_beg 0 0
1581657135895463 131919735117504 coll_end 0 0
1581657137766074 131919735117504 emit_beg 928 0
1581657143149077 131919735117504 emit_end 928 0
1581657158813485 131919735117504 drain_beg 0 0
1581657158814215 131919735117504 drain_end 1 0
1581657158814505 131919735117504 subm_beg 1 0
1581657162418543 131919735117504 subm_end 1 0
1581657162418793 131919735117504 pump_beg 1 0
1581657172854072 131919735117504 pump_end 1 2
1581657174755662 131919735117504 coll_beg 0 0
1581657177487182 131919735117504 coll_end 0 0
1581657179409892 131919735117504 emit_beg 929 0
1581657184971128 131919735117504 emit_end 929 0
1581657184973758 131919735117504 drain_beg 0 0
1581657184974258 131919735117504 drain_end 1 0
1581657184974858 131919735117504 subm_beg 1 0
1581657188516459 131919735117504 subm_end 1 0
1581657188516929 131919735117504 pump_beg 1 0
1581657200353166 131919735117504 pump_end 1 2
1581657202657422 131919735117504 coll_beg 0 0
1581657207241514 131919735117504 coll_end 0 0
1581657209116066 131919735117504 emit_beg 930 0
1581657214603775 131919735117504 emit_end 930 0
1581657214606145 131919735117504 drain_beg 0 0
1581657214606605 131919735117504 drain_end 1 0
1581657214607065 131919735117504 subm_beg 1 0
1581657218276481 131919735117504 subm_end 1 0
1581657218276771 131919735117504 pump_beg 1 0
1581657228717909 131919735117504 pump_end 1 2
1581657232144234 131919735117504 coll_beg 0 0
1581657234914513 131919735117504 coll_end 0 0
1581657237564646 131919735117504 emit_beg 931 0
1581657242929280 131919735117504 emit_end 931 0
1581657242932320 131919735117504 drain_beg 0 0
1581657242932780 131919735117504 drain_end 1 0
1581657242933130 131919735117504 subm_beg 1 0
1581657246500019 131919735117504 subm_end 1 0
1581657246500529 131919735117504 pump_beg 1 0
1581657257739998 131919735117504 pump_end 1 2
1581657260646312 131919735117504 coll_beg 0 0
1581657263513807 131919735117504 coll_end 0 0
1581657266354323 131919735117504 emit_beg 932 0
1581657271818864 131919735117504 emit_end 932 0
1581657271821374 131919735117504 drain_beg 0 0
1581657271821954 131919735117504 drain_end 1 0
1581657271822414 131919735117504 subm_beg 1 0
1581657275344165 131919735117504 subm_end 1 0
1581657275344555 131919735117504 pump_beg 1 0
1581657288726316 131919735117504 pump_end 1 2
1581657290561599 131919735117504 coll_beg 0 0
1581657295729130 131919735117504 coll_end 0 0
1581657297633910 131919735117504 emit_beg 933 0
1581657303265074 131919735117504 emit_end 933 0
1581657303267914 131919735117504 drain_beg 0 0
1581657303268514 131919735117504 drain_end 1 0
1581657303268804 131919735117504 subm_beg 1 0
1581657306816854 131919735117504 subm_end 1 0
1581657306817614 131919735117504 pump_beg 1 0
1581657317265512 131919735117504 pump_end 1 2
1581657320597321 131919735117504 coll_beg 0 0
1581657322775521 131919735117504 coll_end 0 0
1581657326027592 131919735117504 emit_beg 934 0
1581657331449574 131919735117504 emit_end 934 0
1581657331453274 131919735117504 drain_beg 0 0
1581657331453954 131919735117504 drain_end 1 0
1581657331454424 131919735117504 subm_beg 1 0
1581657334967975 131919735117504 subm_end 1 0
1581657334968755 131919735117504 pump_beg 1 0
1581657348249660 131919735117504 pump_end 1 2
1581657350786607 131919735117504 coll_beg 0 0
1581657354507951 131919735117504 coll_end 0 0
1581657356358993 131919735117504 emit_beg 935 0
1581657360040649 131919735117504 emit_end 935 0
1581657360043268 131919735117504 drain_beg 0 0
1581657360043648 131919735117504 drain_end 1 0
1581657360043968 131919735117504 subm_beg 1 0
1581657363608368 131919735117504 subm_end 1 0
1581657363608868 131919735117504 pump_beg 1 0
1581657372592820 131919735117504 pump_end 1 2
1581657375426496 131919735117504 coll_beg 0 0
1581657376777527 131919735117504 coll_end 0 0
1581657379018445 131919735117504 emit_beg 936 0
1581657386206642 131919735117504 emit_end 936 0
1581657399733738 131919735117504 drain_beg 0 0
1581657399734517 131919735117504 drain_end 1 0
1581657399735017 131919735117504 subm_beg 1 0
1581657403178502 131919735117504 subm_end 1 0
1581657403179022 131919735117504 pump_beg 1 0
1581657414033205 131919735117504 pump_end 1 2
1581657415933145 131919735117504 coll_beg 0 0
1581657419099650 131919735117504 coll_end 0 0
1581657420921283 131919735117504 emit_beg 937 0
1581657426318196 131919735117504 emit_end 937 0
1581657426320896 131919735117504 drain_beg 0 0
1581657426321356 131919735117504 drain_end 1 0
1581657426321796 131919735117504 subm_beg 1 0
1581657429738521 131919735117504 subm_end 1 0
1581657429740631 131919735117504 pump_beg 1 0
1581657442647039 131919735117504 pump_end 1 2
1581657444860538 131919735117504 coll_beg 0 0
1581657448645629 131919735117504 coll_end 0 0
1581657450427494 131919735117504 emit_beg 938 0
1581657453988194 131919735117504 emit_end 938 0
1581657453991094 131919735117504 drain_beg 0 0
1581657453991664 131919735117504 drain_end 1 0
1581657453992264 131919735117504 subm_beg 1 0
1581657457422639 131919735117504 subm_end 1 0
1581657457423189 131919735117504 pump_beg 1 0
1581657469052073 131919735117504 pump_end 1 2
1581657471691277 131919735117504 coll_beg 0 0
1581657475559376 131919735117504 coll_end 0 0
1581657477289252 131919735117504 emit_beg 939 0
1581657484256688 131919735117504 emit_end 939 0
1581657484259278 131919735117504 drain_beg 0 0
1581657484259748 131919735117504 drain_end 1 0
1581657484260178 131919735117504 subm_beg 1 0
1581657487630864 131919735117504 subm_end 1 0
1581657487631334 131919735117504 pump_beg 1 0
1581657497996275 131919735117504 pump_end 1 2
1581657499695253 131919735117504 coll_beg 0 0
1581657503689097 131919735117504 coll_end 0 0
1581657505525740 131919735117504 emit_beg 940 0
1581657509035992 131919735117504 emit_end 940 0
1581657509039302 131919735117504 drain_beg 0 0
1581657509039732 131919735117504 drain_end 1 0
1581657509040272 131919735117504 subm_beg 1 0
1581657512447897 131919735117504 subm_end 1 0
1581657512448277 131919735117504 pump_beg 1 0
1581657524106831 131919735117504 pump_end 1 2
1581657527320693 131919735117504 coll_beg 0 0
1581657531527750 131919735117504 coll_end 0 0
1581657533215778 131919735117504 emit_beg 941 0
1581657538376969 131919735117504 emit_end 941 0
1581657538379229 131919735117504 drain_beg 0 0
1581657538379559 131919735117504 drain_end 1 0
1581657538379829 131919735117504 subm_beg 1 0
1581657541791394 131919735117504 subm_end 1 0
1581657541791844 131919735117504 pump_beg 1 0
1581657553526755 131919735117504 pump_end 1 2
1581657555895029 131919735117504 coll_beg 0 0
1581657561352709 131919735117504 coll_end 0 0
1581657563092606 131919735117504 emit_beg 942 0
1581657568290696 131919735117504 emit_end 942 0
1581657568293295 131919735117504 drain_beg 0 0
1581657568293765 131919735117504 drain_end 1 0
1581657568294305 131919735117504 subm_beg 1 0
1581657571563656 131919735117504 subm_end 1 0
1581657571564046 131919735117504 pump_beg 1 0
1581657581344978 131919735117504 pump_end 1 2
1581657584488154 131919735117504 coll_beg 0 0
1581657586750741 131919735117504 coll_end 0 0
1581657588459348 131919735117504 emit_beg 943 0
1581657593569012 131919735117504 emit_end 943 0
1581657607392976 131919735117504 drain_beg 0 0
1581657607393666 131919735117504 drain_end 1 0
1581657607393936 131919735117504 subm_beg 1 0
1581657610839260 131919735117504 subm_end 1 0
1581657610839670 131919735117504 pump_beg 1 0
1581657624108345 131919735117504 pump_end 1 2
1581657625933838 131919735117504 coll_beg 0 0
1581657630171243 131919735117504 coll_end 0 0
1581657631953798 131919735117504 emit_beg 944 0
1581657635484399 131919735117504 emit_end 944 0
1581657635488189 131919735117504 drain_beg 0 0
1581657635488809 131919735117504 drain_end 1 0
1581657635489549 131919735117504 subm_beg 1 0
1581657638939853 131919735117504 subm_end 1 0
1581657638940313 131919735117504 pump_beg 1 0
1581657648530642 131919735117504 pump_end 1 2
1581657651907829 131919735117504 coll_beg 0 0
1581657653571518 131919735117504 coll_end 0 0
1581657655318024 131919735117504 emit_beg 945 0
1581657662192703 131919735117504 emit_end 945 0
1581657674331829 131919735117504 drain_beg 0 0
1581657674332209 131919735117504 drain_end 1 0
1581657674332499 131919735117504 subm_beg 1 0
1581657677791633 131919735117504 subm_end 1 0
1581657677792023 131919735117504 pump_beg 1 0
1581657687948511 131919735117504 pump_end 1 2
1581657689753195 131919735117504 coll_beg 0 0
1581657691806670 131919735117504 coll_end 0 0
1581657693640303 131919735117504 emit_beg 946 0
1581657698814964 131919735117504 emit_end 946 0
1581657698817414 131919735117504 drain_beg 0 0
1581657698817664 131919735117504 drain_end 1 0
1581657698817894 131919735117504 subm_beg 1 0
1581657702220860 131919735117504 subm_end 1 0
1581657702221200 131919735117504 pump_beg 1 0
1581657712286842 131919735117504 pump_end 1 2
1581657715316091 131919735117504 coll_beg 0 0
1581657717573318 131919735117504 coll_end 0 0
1581657719326004 131919735117504 emit_beg 947 0
1581657724697258 131919735117504 emit_end 947 0
1581657739415730 131919735117504 drain_beg 0 0
1581657739416360 131919735117504 drain_end 1 0
1581657739416750 131919735117504 subm_beg 1 0
1581657742815436 131919735117504 subm_end 1 0
1581657742815836 131919735117504 pump_beg 1 0
1581657750477335 131919735117504 pump_end 1 2
1581657752247581 131919735117504 coll_beg 0 0
1581657752265850 131919735117504 coll_end 0 0
1581657754163121 131919735117504 emit_beg 948 0
1581657759690699 131919735117504 emit_end 948 0
1581657759693389 131919735117504 drain_beg 0 0
1581657759693879 131919735117504 drain_end 1 0
1581657759694338 131919735117504 subm_beg 1 0
1581657763259598 131919735117504 subm_end 1 0
1581657763259898 131919735117504 pump_beg 1 0
1581657776297212 131919735117504 pump_end 1 2
1581657778279179 131919735117504 coll_beg 0 0
1581657782481126 131919735117504 coll_end 0 0
1581657784328818 131919735117504 emit_beg 949 0
1581657789839966 131919735117504 emit_end 949 0
1581657789842636 131919735117504 drain_beg 0 0
1581657789843116 131919735117504 drain_end 1 0
1581657789843506 131919735117504 subm_beg 1 0
1581657793384867 131919735117504 subm_end 1 0
1581657793385257 131919735117504 pump_beg 1 0
1581657805544962 131919735117504 pump_end 1 2
1581657808886960 131919735117504 coll_beg 0 0
1581657812777678 131919735117504 coll_end 0 0
1581657814718847 131919735117504 emit_beg 950 0
1581657820236725 131919735117504 emit_end 950 0
1581657820240245 131919735117504 drain_beg 0 0
1581657820240735 131919735117504 drain_end 1 0
1581657820241235 131919735117504 subm_beg 1 0
1581657823759687 131919735117504 subm_end 1 0
1581657823760477 131919735117504 pump_beg 1 0
1581657834928868 131919735117504 pump_end 1 2
1581657838562765 131919735117504 coll_beg 0 0
1581657841906973 131919735117504 coll_end 0 0
1581657843782405 131919735117504 emit_beg 951 0
1581657849260194 131919735117504 emit_end 951 0
1581657849263834 131919735117504 drain_beg 0 0
1581657849264324 131919735117504 drain_end 1 0
1581657849264854 131919735117504 subm_beg 1 0
1581657852790605 131919735117504 subm_end 1 0
1581657852790845 131919735117504 pump_beg 1 0
1581657862466841 131919735117504 pump_end 1 2
1581657865175633 131919735117504 coll_beg 0 0
1581657867376792 131919735117504 coll_end 0 0
1581657869195356 131919735117504 emit_beg 952 0
1581657876403542 131919735117504 emit_end 952 0
1581657876407952 131919735117504 drain_beg 0 0
1581657876408592 131919735117504 drain_end 1 0
1581657876409112 131919735117504 subm_beg 1 0
1581657879957682 131919735117504 subm_end 1 0
1581657879958202 131919735117504 pump_beg 1 0
1581657887773576 131919735117504 pump_end 1 2
1581657889653908 131919735117504 coll_beg 0 0
1581657889799522 131919735117504 coll_end 0 0
1581657893260836 131919735117504 emit_beg 953 0
1581657900461003 131919735117504 emit_end 953 0
1581657913686659 131919735117504 drain_beg 0 0
1581657913687559 131919735117504 drain_end 1 0
1581657913688009 131919735117504 subm_beg 1 0
1581657917376064 131919735117504 subm_end 1 0
1581657917376514 131919735117504 pump_beg 1 0
1581657927321011 131919735117504 pump_end 1 2
1581657929209282 131919735117504 coll_beg 0 0
1581657931422741 131919735117504 coll_end 0 0
1581657933250534 131919735117504 emit_beg 954 0
1581657938677796 131919735117504 emit_end 954 0
1581657938681195 131919735117504 drain_beg 0 0
1581657938681785 131919735117504 drain_end 1 0
1581657938682435 131919735117504 subm_beg 1 0
1581657942282574 131919735117504 subm_end 1 0
1581657942283074 131919735117504 pump_beg 1 0
1581657953575041 131919735117504 pump_end 1 2
1581657956099569 131919735117504 coll_beg 0 0
1581657959436687 131919735117504 coll_end 0 0
1581657961292779 131919735117504 emit_beg 955 0
1581657966715071 131919735117504 emit_end 955 0
1581657966717460 131919735117504 drain_beg 0 0
1581657966717780 131919735117504 drain_end 1 0
1581657966718050 131919735117504 subm_beg 1 0
1581657970289520 131919735117504 subm_end 1 0
1581657970289990 131919735117504 pump_beg 1 0
1581657981057966 131919735117504 pump_end 1 2
1581657982982356 131919735117504 coll_beg 0 0
1581657985900969 131919735117504 coll_end 0 0
1581657988415717 131919735117504 emit_beg 956 0
1581657993927636 131919735117504 emit_end 956 0
1581657993930096 131919735117504 drain_beg 0 0
1581657993930396 131919735117504 drain_end 1 0
1581657993930656 131919735117504 subm_beg 1 0
1581657997486816 131919735117504 subm_end 1 0
1581657997487286 131919735117504 pump_beg 1 0
1581658008452755 131919735117504 pump_end 1 2
1581658011984656 131919735117504 coll_beg 0 0
1581658014479304 131919735117504 coll_end 0 0
1581658016859407 131919735117504 emit_beg 957 0
1581658020501004 131919735117504 emit_end 957 0
1581658020504164 131919735117504 drain_beg 0 0
1581658020504684 131919735117504 drain_end 1 0
1581658020505194 131919735117504 subm_beg 1 0
1581658024160481 131919735117504 subm_end 1 0
1581658024160870 131919735117504 pump_beg 1 0
1581658038815145 131919735117504 pump_end 1 2
1581658041380601 131919735117504 coll_beg 0 0
1581658046387648 131919735117504 coll_end 0 0
1581658048294078 131919735117504 emit_beg 958 0
1581658053781828 131919735117504 emit_end 958 0
1581658053784778 131919735117504 drain_beg 0 0
1581658053785478 131919735117504 drain_end 1 0
1581658053786047 131919735117504 subm_beg 1 0
1581658057361077 131919735117504 subm_end 1 0
1581658057364377 131919735117504 pump_beg 1 0
1581658067924311 131919735117504 pump_end 1 2
1581658069826551 131919735117504 coll_beg 0 0
1581658072989585 131919735117504 coll_end 0 0
1581658075600320 131919735117504 emit_beg 959 0
1581658082810936 131919735117504 emit_end 959 0
1581658082814636 131919735117504 drain_beg 0 0
1581658082815116 131919735117504 drain_end 1 0
1581658082815456 131919735117504 subm_beg 1 0
1581658086452663 131919735117504 subm_end 1 0
1581658086453183 131919735117504 pump_beg 1 0
1581658096927210 131919735117504 pump_end 1 2
1581658100471111 131919735117504 coll_beg 0 0
1581658102776797 131919735117504 coll_end 0 0
1581658104616109 131919735117504 emit_beg 960 0
1581658111765568 131919735117504 emit_end 960 0
1581658111768658 131919735117504 drain_beg 0 0
1581658111775028 131919735117504 drain_end 1 0
1581658111775538 131919735117504 subm_beg 1 0
1581658115099376 131919735117504 subm_end 1 0
1581658115099856 131919735117504 pump_beg 1 0
1581658126870346 131919735117504 pump_end 1 2
1581658128710809 131919735117504 coll_beg 0 0
1581658133891709 131919735117504 coll_end 0 0
1581658136379228 131919735117504 emit_beg 961 0
1581658141726483 131919735117504 emit_end 961 0
1581658141730543 131919735117504 drain_beg 0 0
1581658141731153 131919735117504 drain_end 1 0
1581658141732073 131919735117504 subm_beg 1 0
1581658145216425 131919735117504 subm_end 1 0
1581658145217635 131919735117504 pump_beg 1 0
1581658157465147 131919735117504 pump_end 1 2
1581658159915668 131919735117504 coll_beg 0 0
1581658163958890 131919735117504 coll_end 0 0
1581658166306304 131919735117504 emit_beg 962 0
1581658170136644 131919735117504 emit_end 962 0
1581658170140564 131919735117504 drain_beg 0 0
1581658170141224 131919735117504 drain_end 1 0
1581658170141644 131919735117504 subm_beg 1 0
1581658173537470 131919735117504 subm_end 1 0
1581658173537990 131919735117504 pump_beg 1 0
1581658182888348 131919735117504 pump_end 1 2
1581658184679882 131919735117504 coll_beg 0 0
1581658186827304 131919735117504 coll_end 0 0
1581658189925801 131919735117504 emit_beg 963 0
1581658196840228 131919735117504 emit_end 963 0
1581658211235662 131919735117504 drain_beg 0 0
1581658211236382 131919735117504 drain_end 1 0
1581658211236682 131919735117504 subm_beg 1 0
1581658214691925 131919735117504 subm_end 1 0
1581658214692335 131919735117504 pump_beg 1 0
1581658224424569 131919735117504 pump_end 1 2
1581658226279222 131919735117504 coll_beg 0 0
1581658228964514 131919735117504 coll_end 0 0
1581658230802506 131919735117504 emit_beg 964 0
1581658235927489 131919735117504 emit_end 964 0
1581658235930439 131919735117504 drain_beg 0 0
1581658235930929 131919735117504 drain_end 1 0
1581658235931389 131919735117504 subm_beg 1 0
1581658239375943 131919735117504 subm_end 1 0
1581658239376313 131919735117504 pump_beg 1 0
1581658249987315 131919735117504 pump_end 1 2
1581658252658697 131919735117504 coll_beg 0 0
1581658255885649 131919735117504 coll_end 0 0
1581658257694383 131919735117504 emit_beg 965 0
1581658263093656 131919735117504 emit_end 965 0
1581658263097476 131919735117504 drain_beg 0 0
1581658263098186 131919735117504 drain_end 1 0
1581658263098756 131919735117504 subm_beg 1 0
1581658266506011 131919735117504 subm_end 1 0
1581658266506551 131919735117504 pump_beg 1 0
1581658275977055 131919735117504 pump_end 1 2
1581658278288960 131919735117504 coll_beg 0 0
1581658279754937 131919735117504 coll_end 0 0
1581658281749564 131919735117504 emit_beg 966 0
1581658286791290 131919735117504 emit_end 966 0
1581658300623044 131919735117504 drain_beg 0 0
1581658300623634 131919735117504 drain_end 1 0
1581658300623994 131919735117504 subm_beg 1 0
1581658304090957 131919735117504 subm_end 1 0
1581658304091227 131919735117504 pump_beg 1 0
1581658313923618 131919735117504 pump_end 1 2
1581658316608680 131919735117504 coll_beg 0 0
1581658319924218 131919735117504 coll_end 0 0
1581658321686834 131919735117504 emit_beg 967 0
1581658325211375 131919735117504 emit_end 967 0
1581658325214735 131919735117504 drain_beg 0 0
1581658325215335 131919735117504 drain_end 1 0
1581658325215855 131919735117504 subm_beg 1 0
1581658328628940 131919735117504 subm_end 1 0
1581658328629340 131919735117504 pump_beg 1 0
1581658336884288 131919735117504 pump_end 1 2
1581658341416083 131919735117504 coll_beg 0 0
1581658343046453 131919735117504 coll_end 0 0
1581658344811909 131919735117504 emit_beg 968 0
1581658351685417 131919735117504 emit_end 968 0
1581658365153275 131919735117504 drain_beg 0 0
1581658365154275 131919735117504 drain_end 1 0
1581658365154755 131919735117504 subm_beg 1 0
1581658368743394 131919735117504 subm_end 1 0
1581658368743934 131919735117504 pump_beg 1 0
1581658381336483 131919735117504 pump_end 1 2
1581658383315821 131919735117504 coll_beg 0 0
1581658387419281 131919735117504 coll_end 0 0
1581658389333271 131919735117504 emit_beg 969 0
1581658392834713 131919735117504 emit_end 969 0
1581658392837193 131919735117504 drain_beg 0 0
1581658392837603 131919735117504 drain_end 1 0
1581658392837883 131919735117504 subm_beg 1 0
1581658396342545 131919735117504 subm_end 1 0
1581658396342905 131919735117504 pump_beg 1 0
1581658407378941 131919735117504 pump_end 1 2
1581658409242523 131919735117504 coll_beg 0 0
1581658413588974 131919735117504 coll_end 0 0
1581658416497848 131919735117504 emit_beg 970 0
1581658423378067 131919735117504 emit_end 970 0
1581658423381606 131919735117504 drain_beg 0 0
1581658423382166 131919735117504 drain_end 1 0
1581658423382526 131919735117504 subm_beg 1 0
1581658426789052 131919735117504 subm_end 1 0
1581658426790312 131919735117504 pump_beg 1 0
1581658437961713 131919735117504 pump_end 1 2
1581658440625536 131919735117504 coll_beg 0 0
1581658443906216 131919735117504 coll_end 0 0
1581658445659252 131919735117504 emit_beg 971 0
1581658450821183 131919735117504 emit_end 971 0
1581658450824413 131919735117504 drain_beg 0 0
1581658450824963 131919735117504 drain_end 1 0
1581658450825523 131919735117504 subm_beg 1 0
1581658454154341 131919735117504 subm_end 1 0
1581658454154741 131919735117504 pump_beg 1 0
1581658465195138 131919735117504 pump_end 1 2
1581658468639972 131919735117504 coll_beg 0 0
1581658471933291 131919735117504 coll_end 0 0
1581658473838192 131919735117504 emit_beg 972 0
1581658479491365 131919735117504 emit_end 972 0
1581658479493975 131919735117504 drain_beg 0 0
1581658479494345 131919735117504 drain_end 1 0
1581658479494765 131919735117504 subm_beg 1 0
1581658483080174 131919735117504 subm_end 1 0
1581658483080584 131919735117504 pump_beg 1 0
1581658495259229 131919735117504 pump_end 1 2
1581658497572684 131919735117504 coll_beg 0 0
1581658501686984 131919735117504 coll_end 0 0
1581658503928322 131919735117504 emit_beg 973 0
1581658507871118 131919735117504 emit_end 973 0
1581658507874268 131919735117504 drain_beg 0 0
1581658507874917 131919735117504 drain_end 1 0
1581658507875407 131919735117504 subm_beg 1 0
1581658511453087 131919735117504 subm_end 1 0
1581658511453527 131919735117504 pump_beg 1 0
1581658524296177 131919735117504 pump_end 1 2
1581658526361202 131919735117504 coll_beg 0 0
1581658530732062 131919735117504 coll_end 0 0
1581658534041791 131919735117504 emit_beg 974 0
1581658539562569 131919735117504 emit_end 974 0
1581658539566149 131919735117504 drain_beg 0 0
1581658539566669 131919735117504 drain_end 1 0
1581658539567019 131919735117504 subm_beg 1 0
1581658543101430 131919735117504 subm_end 1 0
1581658543101790 131919735117504 pump_beg 1 0
1581658552334462 131919735117504 pump_end 1 2
1581658554733625 131919735117504 coll_beg 0 0
1581658556247099 131919735117504 coll_end 0 0
1581658558486777 131919735117504 emit_beg 975 0
1581658565753232 131919735117504 emit_end 975 0
1581658580447805 131919735117504 drain_beg 0 0
1581658580448294 131919735117504 drain_end 1 0
1581658580448604 131919735117504 subm_beg 1 0
1581658582264388 131919735117504 subm_end 1 0
1581658582264768 131919735117504 pump_beg 1 0
1581658593155490 131919735117504 pump_end 1 2
1581658594967224 131919735117504 coll_beg 0 0
1581658597564469 131919735117504 coll_end 0 0
1581658599386742 131919735117504 emit_beg 976 0
1581658604838383 131919735117504 emit_end 976 0
1581658604841163 131919735117504 drain_beg 0 0
1581658604841533 131919735117504 drain_end 1 0
1581658604841763 131919735117504 subm_beg 1 0
1581658608396193 131919735117504 subm_end 1 0
1581658608396683 131919735117504 pump_beg 1 0
1581658619928661 131919735117504 pump_end 1 2
1581658622696460 131919735117504 coll_beg 0 0
1581658626122445 131919735117504 coll_end 0 0
1581658627920959 131919735117504 emit_beg 977 0
1581658633426268 131919735117504 emit_end 977 0
1581658633429418 131919735117504 drain_beg 0 0
1581658633429948 131919735117504 drain_end 1 0
1581658633430538 131919735117504 subm_beg 1 0
1581658637020246 131919735117504 subm_end 1 0
1581658637020746 131919735117504 pump_beg 1 0
1581658647852880 131919735117504 pump_end 1 2
1581658649630665 131919735117504 coll_beg 0 0
1581658652628856 131919735117504 coll_end 0 0
1581658655090866 131919735117504 emit_beg 978 0
1581658660547816 131919735117504 emit_end 978 0
1581658660550246 131919735117504 drain_beg 0 0
1581658660550636 131919735117504 drain_end 1 0
1581658660551016 131919735117504 subm_beg 1 0
1581658664117546 131919735117504 subm_end 1 0
1581658664119516 131919735117504 pump_beg 1 0
1581658672320136 131919735117504 pump_end 1 2
1581658674467418 131919735117504 coll_beg 0 0
1581658675112084 131919735117504 coll_end 0 0
1581658678109094 131919735117504 emit_beg 979 0
1581658685374569 131919735117504 emit_end 979 0
1581658698770979 131919735117504 drain_beg 0 0
1581658698771819 131919735117504 drain_end 1 0
1581658698772149 131919735117504 subm_beg 1 0
1581658702370347 131919735117504 subm_end 1 0
1581658702370767 131919735117504 pump_beg 1 0
1581658712893203 131919735117504 pump_end 1 2
1581658714750545 131919735117504 coll_beg 0 0
1581658717901770 131919735117504 coll_end 0 0
1581658719742192 131919735117504 emit_beg 980 0
1581658723425098 131919735117504 emit_end 980 0
1581658723428098 131919735117504 drain_beg 0 0
1581658723428528 131919735117504 drain_end 1 0
1581658723428938 131919735117504 subm_beg 1 0
1581658727151071 131919735117504 subm_end 1 0
1581658727151541 131919735117504 pump_beg 1 0
1581658739807849 131919735117504 pump_end 1 2
1581658742845728 131919735117504 coll_beg 0 0
1581658747095432 131919735117504 coll_end 0 0
1581658748902996 131919735117504 emit_beg 981 0
1581658754460583 131919735117504 emit_end 981 0
1581658754468463 131919735117504 drain_beg 0 0
1581658754469643 131919735117504 drain_end 1 0
1581658754470363 131919735117504 subm_beg 1 0
1581658757995154 131919735117504 subm_end 1 0
1581658757997024 131919735117504 pump_beg 1 0
1581658769180585 131919735117504 pump_end 1 2
1581658771304787 131919735117504 coll_beg 0 0
1581658774090756 131919735117504 coll_end 0 0
1581658776997479 131919735117504 emit_beg 982 0
1581658782471499 131919735117504 emit_end 982 0
1581658782475079 131919735117504 drain_beg 0 0
1581658782475559 131919735117504 drain_end 1 0
1581658782476209 131919735117504 subm_beg 1 0
1581658786013790 131919735117504 subm_end 1 0
1581658786014290 131919735117504 pump_beg 1 0
1581658798046950 131919735117504 pump_end 1 2
1581658800366765 131919735117504 coll_beg 0 0
1581658803475401 131919735117504 coll_end 0 0
1581658807241444 131919735117504 emit_beg 983 0
1581658812705844 131919735117504 emit_end 983 0
1581658812709174 131919735117504 drain_beg 0 0
1581658812709764 131919735117504 drain_end 1 0
1581658812710284 131919735117504 subm_beg 1 0
1581658816261494 131919735117504 subm_end 1 0
1581658816261954 131919735117504 pump_beg 1 0
1581658830218674 131919735117504 pump_end 1 2
1581658832718522 131919735117504 coll_beg 0 0
1581658837506577 131919735117504 coll_end 0 0
1581658839357600 131919735117504 emit_beg 984 0
1581658844640977 131919735117504 emit_end 984 0
1581658844645566 131919735117504 drain_beg 0 0
1581658844646116 131919735117504 drain_end 1 0
1581658844646476 131919735117504 subm_beg 1 0
1581658848020073 131919735117504 subm_end 1 0
1581658848020903 131919735117504 pump_beg 1 0
1581658861487231 131919735117504 pump_end 1 2
1581658864029728 131919735117504 coll_beg 0 0
1581658868757985 131919735117504 coll_end 0 0
1581658870533400 131919735117504 emit_beg 985 0
1581658875762909 131919735117504 emit_end 985 0
1581658875765979 131919735117504 drain_beg 0 0
1581658875766559 131919735117504 drain_end 1 0
1581658875766889 131919735117504 subm_beg 1 0
1581658879106916 131919735117504 subm_end 1 0
1581658879107346 131919735117504 pump_beg 1 0
1581658891422766 131919735117504 pump_end 1 2
1581658894653418 131919735117504 coll_beg 0 0
1581658898716940 131919735117504 coll_end 0 0
1581658900480065 131919735117504 emit_beg 986 0
1581658905830180 131919735117504 emit_end 986 0
1581658905833680 131919735117504 drain_beg 0 0
1581658905834289 131919735117504 drain_end 1 0
1581658905834909 131919735117504 subm_beg 1 0
1581658909236845 131919735117504 subm_end 1 0
1581658909243345 131919735117504 pump_beg 1 0
1581658920591530 131919735117504 pump_end 1 2
1581658923744025 131919735117504 coll_beg 0 0
1581658927487848 131919735117504 coll_end 0 0
1581658929534623 131919735117504 emit_beg 987 0
1581658934842899 131919735117504 emit_end 987 0
1581658934845909 131919735117504 drain_beg 0 0
1581658934846419 131919735117504 drain_end 1 0
1581658934846749 131919735117504 subm_beg 1 0
1581658938228065 131919735117504 subm_end 1 0
1581658938228455 131919735117504 pump_beg 1 0
1581658948530619 131919735117504 pump_end 1 2
1581658950531165 131919735117504 coll_beg 0 0
1581658953402411 131919735117504 coll_end 0 0
1581658955091349 131919735117504 emit_beg 988 0
1581658960507331 131919735117504 emit_end 988 0
1581658976730478 131919735117504 drain_beg 0 0
1581658976731708 131919735117504 drain_end 1 0
1581658976732088 131919735117504 subm_beg 1 0
1581658980162642 131919735117504 subm_end 1 0
1581658980163512 131919735117504 pump_beg 1 0
1581658991333274 131919735117504 pump_end 1 2
1581658993072210 131919735117504 coll_beg 0 0
1581658996043422 131919735117504 coll_end 0 0
1581658997810127 131919735117504 emit_beg 989 0
1581659003128763 131919735117504 emit_end 989 0
1581659003141942 131919735117504 drain_beg 0 0
1581659003142882 131919735117504 drain_end 1 0
1581659003143622 131919735117504 subm_beg 1 0
1581659006543838 131919735117504 subm_end 1 0
1581659006544358 131919735117504 pump_beg 1 0
1581659019106929 131919735117504 pump_end 1 2
1581659022153757 131919735117504 coll_beg 0 0
1581659027597518 131919735117504 coll_end 0 0
1581659029447461 131919735117504 emit_beg 990 0
1581659034696849 131919735117504 emit_end 990 0
1581659034700319 131919735117504 drain_beg 0 0
1581659034700799 131919735117504 drain_end 1 0
1581659034701158 131919735117504 subm_beg 1 0
1581659038237979 131919735117504 subm_end 1 0
1581659038238909 131919735117504 pump_beg 1 0
1581659049983940 131919735117504 pump_end 1 2
1581659052630383 131919735117504 coll_beg 0 0
1581659059520661 131919735117504 coll_end 0 0
1581659061283147 131919735117504 emit_beg 991 0
1581659066675020 131919735117504 emit_end 991 0
1581659082552979 131919735117504 drain_beg 0 0
1581659082555269 131919735117504 drain_end 1 0
1581659082555979 131919735117504 subm_beg 1 0
1581659085885147 131919735117504 subm_end 1 0
1581659085886037 131919735117504 pump_beg 1 0
1581659097658967 131919735117504 pump_end 1 2
1581659099511799 131919735117504 coll_beg 0 0
1581659104761177 131919735117504 coll_end 0 0
1581659106511493 131919735117504 emit_beg 992 0
1581659111700034 131919735117504 emit_end 992 0
1581659111703473 131919735117504 drain_beg 0 0
1581659111703933 131919735117504 drain_end 1 0
1581659111704543 131919735117504 subm_beg 1 0
1581659115117899 131919735117504 subm_end 1 0
1581659115118519 131919735117504 pump_beg 1 0
1581659127883182 131919735117504 pump_end 1 2
1581659131071095 131919735117504 coll_beg 0 0
1581659136886863 131919735117504 coll_end 0 0
1581659138620030 131919735117504 emit_beg 993 0
1581659143768061 131919735117504 emit_end 993 0
1581659143771521 131919735117504 drain_beg 0 0
1581659143772011 131919735117504 drain_end 1 0
1581659143772311 131919735117504 subm_beg 1 0
1581659147117029 131919735117504 subm_end 1 0
1581659147117689 131919735117504 pump_beg 1 0
1581659158285131 131919735117504 pump_end 1 2
1581659160101464 131919735117504 coll_beg 0 0
1581659164246453 131919735117504 coll_end 0 0
1581659166141143 131919735117504 emit_beg 994 0
1581659171536176 131919735117504 emit_end 994 0
1581659186626375 131919735117504 drain_beg 0 0
1581659186627145 131919735117504 drain_end 1 0
1581659186627415 131919735117504 subm_beg 1 0
1581659190060349 131919735117504 subm_end 1 0
1581659190060729 131919735117504 pump_beg 1 0
1581659200296225 131919735117504 pump_end 1 2
1581659202203965 131919735117504 coll_beg 0 0
1581659204249650 131919735117504 coll_end 0 0
1581659206070914 131919735117504 emit_beg 995 0
1581659211269994 131919735117504 emit_end 995 0
1581659211274483 131919735117504 drain_beg 0 0
1581659211275223 131919735117504 drain_end 1 0
1581659211280803 131919735117504 subm_beg 1 0
1581659214688729 131919735117504 subm_end 1 0
1581659214689489 131919735117504 pump_beg 1 0
1581659227158273 131919735117504 pump_end 1 2
1581659230537419 131919735117504 coll_beg 0 0
1581659234541683 131919735117504 coll_end 0 0
1581659236314308 131919735117504 emit_beg 996 0
1581659241897734 131919735117504 emit_end 996 0
1581659241901404 131919735117504 drain_beg 0 0
1581659241901904 131919735117504 drain_end 1 0
1581659241902414 131919735117504 subm_beg 1 0
1581659245513872 131919735117504 subm_end 1 0
1581659245514222 131919735117504 pump_beg 1 0
1581659257493824 131919735117504 pump_end 1 2
1581659260751505 131919735117504 coll_beg 0 0
1581659264546006 131919735117504 coll_end 0 0
1581659266379829 131919735117504 emit_beg 997 0
1581659271870268 131919735117504 emit_end 997 0
1581659271873088 131919735117504 drain_beg 0 0
1581659271873618 131919735117504 drain_end 1 0
1581659271873958 131919735117504 subm_beg 1 0
1581659275496866 131919735117504 subm_end 1 0
1581659275497396 131919735117504 pump_beg 1 0
1581659284015694 131919735117504 pump_end 1 2
1581659286489374 131919735117504 coll_beg 0 0
1581659288188012 131919735117504 coll_end 0 0
1581659290083703 131919735117504 emit_beg 998 0
1581659297335487 131919735117504 emit_end 998 0
1581659310690299 131919735117504 drain_beg 0 0
1581659310691939 131919735117504 drain_end 1 0
1581659310692529 131919735117504 subm_beg 1 0
1581659314292708 131919735117504 subm_end 1 0
1581659314293207 131919735117504 pump_beg 1 0
1581659323509361 131919735117504 pump_end 1 2
1581659325459679 131919735117504 coll_beg 0 0
1581659328652173 131919735117504 coll_end 0 0
1581659330517974 131919735117504 emit_beg 999 0
1581659335990904 131919735117504 emit_end 999 0
1581659335993734 131919735117504 drain_beg 0 0
1581659335994374 131919735117504 drain_end 1 0
1581659335994804 131919735117504 subm_beg 1 0
1581659339562404 131919735117504 subm_end 1 0
1581659339563174 131919735117504 pump_beg 1 0
1581659352078796 131919735117504 pump_end 1 2
1581659353904649 131919735117504 coll_beg 0 0
1581659359866102 131919735117504 coll_end 0 0
1581659361935836 131919735117504 emit_beg 1000 0
1581659369298937 131919735117504 emit_end 1000 0
1581659369303187 131919735117504 drain_beg 0 0
1581659369303937 131919735117504 drain_end 1 0
1581659369304537 131919735117504 subm_beg 1 0
1581659372885046 131919735117504 subm_end 1 0
1581659372885716 131919735117504 pump_beg 1 0
1581659384686614 131919735117504 pump_end 1 2
1581659387891997 131919735117504 coll_beg 0 0
1581659390969225 131919735117504 coll_end 0 0
1581659394306442 131919735117504 emit_beg 1001 0
1581659399786872 131919735117504 emit_end 1001 0
1581659399789732 131919735117504 drain_beg 0 0
1581659399790372 131919735117504 drain_end 1 0
1581659399790852 131919735117504 subm_beg 1 0
1581659403367881 131919735117504 subm_end 1 0
1581659403368261 131919735117504 pump_beg 1 0
1581659415356153 131919735117504 pump_end 1 2
1581659417741046 131919735117504 coll_beg 0 0
1581659421448440 131919735117504 coll_end 0 0
1581659424378133 131919735117504 emit_beg 1002 0
1581659438274655 131919735117504 emit_end 1002 0
1581659438277795 131919735117504 drain_beg 0 0
1581659438278585 131919735117504 drain_end 1 0
1581659438279115 131919735117504 subm_beg 1 0
1581659448728373 131919735117504 subm_end 1 0
1581659448728773 131919735117504 pump_beg 1 0
1581659459966352 131919735117504 pump_end 1 2
1581659466969976 131919735117504 coll_beg 0 0
1581659470326414 131919735117504 coll_end 0 0
1581659477452193 131919735117504 emit_beg 1003 0
1581659493401300 131919735117504 emit_end 1003 0
1581659514604615 131919735117504 drain_beg 0 0
1581659514606445 131919735117504 drain_end 1 0
1581659514607205 131919735117504 subm_beg 1 0
1581659523080585 131919735117504 subm_end 1 0
1581659523082085 131919735117504 pump_beg 1 0
1581659531749328 131919735117504 pump_end 1 2
1581659534689600 131919735117504 coll_beg 0 0
1581659535436103 131919735117504 coll_end 0 0
1581659537467749 131919735117504 emit_beg 1004 0
1581659543712991 131919735117504 emit_end 1004 0
1581659543721800 131919735117504 drain_beg 0 0
1581659543722170 131919735117504 drain_end 1 0
1581659543722460 131919735117504 subm_beg 1 0
1581659549651544 131919735117504 subm_end 1 0
1581659549652014 131919735117504 pump_beg 1 0
1581659562043961 131919735117504 pump_end 1 2
1581659566880414 131919735117504 coll_beg 0 0
1581659570993833 131919735117504 coll_end 0 0
1581659575495499 131919735117504 emit_beg 1005 0
1581659584142353 131919735117504 emit_end 1005 0
1581659584145183 131919735117504 drain_beg 0 0
1581659584145683 131919735117504 drain_end 1 0
1581659584145973 131919735117504 subm_beg 1 0
1581659588789003 131919735117504 subm_end 1 0
1581659588790843 131919735117504 pump_beg 1 0
1581659601822906 131919735117504 pump_end 1 2
1581659607823727 131919735117504 coll_beg 0 0
1581659612069322 131919735117504 coll_end 0 0
1581659617405907 131919735117504 emit_beg 1006 0
1581659626103539 131919735117504 emit_end 1006 0
1581659626107079 131919735117504 drain_beg 0 0
1581659626107439 131919735117504 drain_end 1 0
1581659626107789 131919735117504 subm_beg 1 0
1581659631428014 131919735117504 subm_end 1 0
1581659631428524 131919735117504 pump_beg 1 0
1581659643664027 131919735117504 pump_end 1 2
1581659647880283 131919735117504 coll_beg 0 0
1581659652200165 131919735117504 coll_end 0 0
1581659657871507 131919735117504 emit_beg 1007 0
1581659671699232 131919735117504 emit_end 1007 0
1581659671701852 131919735117504 drain_beg 0 0
1581659671702202 131919735117504 drain_end 1 0
1581659671702452 131919735117504 subm_beg 1 0
1581659678250822 131919735117504 subm_end 1 0
1581659678251482 131919735117504 pump_beg 1 0
1581659690075700 131919735117504 pump_end 1 2
1581659693880181 131919735117504 coll_beg 0 0
1581659697275607 131919735117504 coll_end 0 0
1581659702968509 131919735117504 emit_beg 1008 0
1581659712690663 131919735117504 emit_end 1008 0
1581659712694533 131919735117504 drain_beg 0 0
1581659712695193 131919735117504 drain_end 1 0
1581659712695713 131919735117504 subm_beg 1 0
1581659718443263 131919735117504 subm_end 1 0
1581659718443693 131919735117504 pump_beg 1 0
1581659728949019 131919735117504 pump_end 1 2
1581659732330276 131919735117504 coll_beg 0 0
1581659736140026 131919735117504 coll_end 0 0
1581659741229300 131919735117504 emit_beg 1009 0
1581659753329098 131919735117504 emit_end 1009 0
1581659753332298 131919735117504 drain_beg 0 0
1581659753332818 131919735117504 drain_end 1 0
1581659753333198 131919735117504 subm_beg 1 0
1581659758098083 131919735117504 subm_end 1 0
1581659758098573 131919735117504 pump_beg 1 0
1581659768102538 131919735117504 pump_end 1 2
1581659771265932 131919735117504 coll_beg 0 0
1581659773927975 131919735117504 coll_end 0 0
1581659777933318 131919735117504 emit_beg 1010 0
1581659790694072 131919735117504 emit_end 1010 0
1581659811641556 131919735117504 drain_beg 0 0
1581659811642396 131919735117504 drain_end 1 0
1581659811642706 131919735117504 subm_beg 1 0
1581659817740603 131919735117504 subm_end 1 0
1581659817741263 131919735117504 pump_beg 1 0
1581659829413726 131919735117504 pump_end 1 2
1581659831739081 131919735117504 coll_beg 0 0
1581659837422284 131919735117504 coll_end 0 0
1581659839825866 131919735117504 emit_beg 1011 0
1581659846755142 131919735117504 emit_end 1011 0
1581659846759452 131919735117504 drain_beg 0 0
1581659846760332 131919735117504 drain_end 1 0
1581659846760802 131919735117504 subm_beg 1 0
1581659851643514 131919735117504 subm_end 1 0
1581659851644014 131919735117504 pump_beg 1 0
1581659861192035 131919735117504 pump_end 1 2
1581659865802046 131919735117504 coll_beg 0 0
1581659867706896 131919735117504 coll_end 0 0
1581659872259020 131919735117504 emit_beg 1012 0
1581659884514562 131919735117504 emit_end 1012 0
1581659901442613 131919735117504 drain_beg 0 0
1581659901444623 131919735117504 drain_end 1 0
1581659901445483 131919735117504 subm_beg 1 0
1581659908330961 131919735117504 subm_end 1 0
1581659908332491 131919735117504 pump_beg 1 0
1581659920292694 131919735117504 pump_end 1 2
1581659922065259 131919735117504 coll_beg 0 0
1581659925549132 131919735117504 coll_end 0 0
1581659927326327 131919735117504 emit_beg 1013 0
1581659932548486 131919735117504 emit_end 1013 0
1581659932551486 131919735117504 drain_beg 0 0
1581659932551886 131919735117504 drain_end 1 0
1581659932552186 131919735117504 subm_beg 1 0
1581659935931253 131919735117504 subm_end 1 0
1581659935931633 131919735117504 pump_beg 1 0
1581659944594876 131919735117504 pump_end 1 2
1581659947193011 131919735117504 coll_beg 0 0
1581659948570290 131919735117504 coll_end 0 0
1581659950658894 131919735117504 emit_beg 1014 0
1581659957619870 131919735117504 emit_end 1014 0
1581659957622779 131919735117504 drain_beg 0 0
1581659957623209 131919735117504 drain_end 1 0
1581659957623499 131919735117504 subm_beg 1 0
1581659961076983 131919735117504 subm_end 1 0
1581659961077363 131919735117504 pump_beg 1 0
1581659971295530 131919735117504 pump_end 1 2
1581659973976732 131919735117504 coll_beg 0 0
1581659976098884 131919735117504 coll_end 0 0
1581659979266358 131919735117504 emit_beg 1015 0
1581659984423230 131919735117504 emit_end 1015 0
1581659984426690 131919735117504 drain_beg 0 0
1581659984427130 131919735117504 drain_end 1 0
1581659984427500 131919735117504 subm_beg 1 0
1581659987785387 131919735117504 subm_end 1 0
1581659987785787 131919735117504 pump_beg 1 0
1581660000861309 131919735117504 pump_end 1 2
1581660002587956 131919735117504 coll_beg 0 0
1581660008931404 131919735117504 coll_end 0 0
1581660010672770 131919735117504 emit_beg 1016 0
1581660015935168 131919735117504 emit_end 1016 0
1581660015938088 131919735117504 drain_beg 0 0
1581660015938708 131919735117504 drain_end 1 0
1581660015939158 131919735117504 subm_beg 1 0
1581660019285735 131919735117504 subm_end 1 0
1581660019286315 131919735117504 pump_beg 1 0
1581660029557110 131919735117504 pump_end 1 2
1581660032722844 131919735117504 coll_beg 0 0
1581660035119517 131919735117504 coll_end 0 0
1581660038266951 131919735117504 emit_beg 1017 0
1581660043537459 131919735117504 emit_end 1017 0
1581660058341267 131919735117504 drain_beg 0 0
1581660058344747 131919735117504 drain_end 1 0
1581660058345617 131919735117504 subm_beg 1 0
1581660061857299 131919735117504 subm_end 1 0
1581660061858479 131919735117504 pump_beg 1 0
1581660071653811 131919735117504 pump_end 1 2
1581660073455425 131919735117504 coll_beg 0 0
1581660075234630 131919735117504 coll_end 0 0
1581660076997266 131919735117504 emit_beg 1018 0
1581660082172136 131919735117504 emit_end 1018 0
1581660082175576 131919735117504 drain_beg 0 0
1581660082176226 131919735117504 drain_end 1 0
1581660082176706 131919735117504 subm_beg 1 0
1581660085591161 131919735117504 subm_end 1 0
1581660085591661 131919735117504 pump_beg 1 0
1581660098455731 131919735117504 pump_end 1 2
1581660100215677 131919735117504 coll_beg 0 0
1581660105243703 131919735117504 coll_end 0 0
1581660107014288 131919735117504 emit_beg 1019 0
1581660112323994 131919735117504 emit_end 1019 0
1581660112327004 131919735117504 drain_beg 0 0
1581660112327674 131919735117504 drain_end 1 0
1581660112328004 131919735117504 subm_beg 1 0
1581660115667532 131919735117504 subm_end 1 0
1581660115667972 131919735117504 pump_beg 1 0
1581660127778779 131919735117504 pump_end 1 2
1581660130727501 131919735117504 coll_beg 0 0
1581660134965766 131919735117504 coll_end 0 0
1581660136862557 131919735117504 emit_beg 1020 0
1581660142424174 131919735117504 emit_end 1020 0
1581660142428324 131919735117504 drain_beg 0 0
1581660142429124 131919735117504 drain_end 1 0
1581660142429564 131919735117504 subm_beg 1 0
1581660145968084 131919735117504 subm_end 1 0
1581660145968544 131919735117504 pump_beg 1 0
1581660158218256 131919735117504 pump_end 1 2
1581660161115990 131919735117504 coll_beg 0 0
1581660167173769 131919735117504 coll_end 0 0
1581660169165026 131919735117504 emit_beg 1021 0
1581660176502948 131919735117504 emit_end 1021 0
1581660176505908 131919735117504 drain_beg 0 0
1581660176506528 131919735117504 drain_end 1 0
1581660176506958 131919735117504 subm_beg 1 0
1581660180110826 131919735117504 subm_end 1 0
1581660180111316 131919735117504 pump_beg 1 0
1581660190516346 131919735117504 pump_end 1 2
1581660193352302 131919735117504 coll_beg 0 0
1581660197634066 131919735117504 coll_end 0 0
1581660199471648 131919735117504 emit_beg 1022 0
1581660203076577 131919735117504 emit_end 1022 0
1581660203079566 131919735117504 drain_beg 0 0
1581660203080036 131919735117504 drain_end 1 0
1581660203080606 131919735117504 subm_beg 1 0
1581660206667545 131919735117504 subm_end 1 0
1581660206667915 131919735117504 pump_beg 1 0
1581660220101964 131919735117504 pump_end 1 2
1581660222641881 131919735117504 coll_beg 0 0
1581660226708283 131919735117504 coll_end 0 0
1581660228641692 131919735117504 emit_beg 1023 0
1581660234131181 131919735117504 emit_end 1023 0
1581660251162429 131919735117504 drain_beg 0 0
1581660251164009 131919735117504 drain_end 1 0
1581660251164399 131919735117504 subm_beg 1 0
1581660254732488 131919735117504 subm_end 1 0
1581660254733458 131919735117504 pump_beg 1 0
1581660270346587 131919735117504 pump_end 1 2
1581660272370013 131919735117504 coll_beg 0 0
1581660279018380 131919735117504 coll_end 0 0
1581660280972669 131919735117504 emit_beg 1024 0
1581660284742301 131919735117504 emit_end 1024 0
1581660284746761 131919735117504 drain_beg 0 0
1581660284747391 131919735117504 drain_end 1 0
1581660284747931 131919735117504 subm_beg 1 0
1581660288354689 131919735117504 subm_end 1 0
1581660288355179 131919735117504 pump_beg 1 0
1581660297275533 131919735117504 pump_end 1 2
1581660300776275 131919735117504 coll_beg 0 0
1581660302246711 131919735117504 coll_end 0 0
1581660304341185 131919735117504 emit_beg 1025 0
1581660311504153 131919735117504 emit_end 1025 0
1581660325985883 131919735117504 drain_beg 0 0
1581660325987213 131919735117504 drain_end 1 0
1581660325987723 131919735117504 subm_beg 1 0
1581660329607281 131919735117504 subm_end 1 0
1581660329607661 131919735117504 pump_beg 1 0
1581660339438032 131919735117504 pump_end 1 2
1581660342813478 131919735117504 coll_beg 0 0
1581660344965450 131919735117504 coll_end 0 0
1581660346740685 131919735117504 emit_beg 1026 0
1581660352168416 131919735117504 emit_end 1026 0
1581660352171326 131919735117504 drain_beg 0 0
1581660352171746 131919735117504 drain_end 1 0
1581660352172076 131919735117504 subm_beg 1 0
1581660355790204 131919735117504 subm_end 1 0
1581660355790634 131919735117504 pump_beg 1 0
1581660366189334 131919735117504 pump_end 1 2
1581660369695116 131919735117504 coll_beg 0 0
1581660372591350 131919735117504 coll_end 0 0
1581660374401303 131919735117504 emit_beg 1027 0
1581660379893293 131919735117504 emit_end 1027 0
1581660379895903 131919735117504 drain_beg 0 0
1581660379896313 131919735117504 drain_end 1 0
1581660379896553 131919735117504 subm_beg 1 0
1581660383379595 131919735117504 subm_end 1 0
1581660383380295 131919735117504 pump_beg 1 0
1581660397415112 131919735117504 pump_end 1 2
1581660400010687 131919735117504 coll_beg 0 0
1581660405181448 131919735117504 coll_end 0 0
1581660407069359 131919735117504 emit_beg 1028 0
1581660412665235 131919735117504 emit_end 1028 0
1581660412669104 131919735117504 drain_beg 0 0
1581660412669554 131919735117504 drain_end 1 0
1581660412669914 131919735117504 subm_beg 1 0
1581660416204205 131919735117504 subm_end 1 0
1581660416204585 131919735117504 pump_beg 1 0
1581660428577013 131919735117504 pump_end 1 2
1581660431180088 131919735117504 coll_beg 0 0
1581660435292147 131919735117504 coll_end 0 0
1581660437294724 131919735117504 emit_beg 1029 0
1581660442859071 131919735117504 emit_end 1029 0
1581660442863701 131919735117504 drain_beg 0 0
1581660442864351 131919735117504 drain_end 1 0
1581660442864831 131919735117504 subm_beg 1 0
1581660446412021 131919735117504 subm_end 1 0
1581660446412461 131919735117504 pump_beg 1 0
1581660461771309 131919735117504 pump_end 1 2
1581660463653711 131919735117504 coll_beg 0 0
1581660467165792 131919735117504 coll_end 0 0
1581660469059513 131919735117504 emit_beg 1030 0
1581660474880810 131919735117504 emit_end 1030 0
1581660474885350 131919735117504 drain_beg 0 0
1581660474886190 131919735117504 drain_end 1 0
1581660474886880 131919735117504 subm_beg 1 0
1581660478246917 131919735117504 subm_end 1 0
1581660478247637 131919735117504 pump_beg 1 0
1581660486534174 131919735117504 pump_end 1 2
1581660488436945 131919735117504 coll_beg 0 0
1581660488870999 131919735117504 coll_end 0 0
1581660492119350 131919735117504 emit_beg 1031 0
1581660499454992 131919735117504 emit_end 1031 0
1581660511295769 131919735117504 drain_beg 0 0
1581660511297569 131919735117504 drain_end 1 0
1581660511298409 131919735117504 subm_beg 1 0
1581660516706881 131919735117504 subm_end 1 0
1581660516707871 131919735117504 pump_beg 1 0
1581660525426172 131919735117504 pump_end 1 2
1581660528701733 131919735117504 coll_beg 0 0
1581660529415497 131919735117504 coll_end 0 0
1581660531170193 131919735117504 emit_beg 1032 0
1581660536464989 131919735117504 emit_end 1032 0
1581660536468699 131919735117504 drain_beg 0 0
1581660536469189 131919735117504 drain_end 1 0
1581660536469529 131919735117504 subm_beg 1 0
1581660539922683 131919735117504 subm_end 1 0
1581660539923133 131919735117504 pump_beg 1 0
1581660549671936 131919735117504 pump_end 1 2
1581660552724114 131919735117504 coll_beg 0 0
1581660554852617 131919735117504 coll_end 0 0
1581660556606273 131919735117504 emit_beg 1033 0
1581660563590977 131919735117504 emit_end 1033 0
1581660563604847 131919735117504 drain_beg 0 0
1581660563605687 131919735117504 drain_end 1 0
1581660563606417 131919735117504 subm_beg 1 0
1581660566996173 131919735117504 subm_end 1 0
1581660566996653 131919735117504 pump_beg 1 0
1581660578735994 131919735117504 pump_end 1 2
1581660580488730 131919735117504 coll_beg 0 0
1581660584723275 131919735117504 coll_end 0 0
1581660586478571 131919735117504 emit_beg 1034 0
1581660593443846 131919735117504 emit_end 1034 0
1581660593456345 131919735117504 drain_beg 0 0
1581660593457015 131919735117504 drain_end 1 0
1581660593457565 131919735117504 subm_beg 1 0
1581660596812773 131919735117504 subm_end 1 0
1581660596813263 131919735117504 pump_beg 1 0
1581660606061285 131919735117504 pump_end 1 2
1581660608605132 131919735117504 coll_beg 0 0
1581660610107567 131919735117504 coll_end 0 0
1581660612007037 131919735117504 emit_beg 1035 0
1581660618899975 131919735117504 emit_end 1035 0
1581660618903115 131919735117504 drain_beg 0 0
1581660618903595 131919735117504 drain_end 1 0
1581660618904235 131919735117504 subm_beg 1 0
1581660622317040 131919735117504 subm_end 1 0
1581660622317530 131919735117504 pump_beg 1 0
1581660633890117 131919735117504 pump_end 1 2
1581660636346658 131919735117504 coll_beg 0 0
1581660641413892 131919735117504 coll_end 0 0
1581660643332132 131919735117504 emit_beg 1036 0
1581660648707866 131919735117504 emit_end 1036 0
1581660664371853 131919735117504 drain_beg 0 0
1581660664373973 131919735117504 drain_end 1 0
1581660664374843 131919735117504 subm_beg 1 0
1581660667772779 131919735117504 subm_end 1 0
1581660667773669 131919735117504 pump_beg 1 0
1581660678446899 131919735117504 pump_end 1 2
1581660680403797 131919735117504 coll_beg 0 0
1581660683347169 131919735117504 coll_end 0 0
1581660685069996 131919735117504 emit_beg 1037 0
1581660690217238 131919735117504 emit_end 1037 0
1581660690221168 131919735117504 drain_beg 0 0
1581660690221928 131919735117504 drain_end 1 0
1581660690222538 131919735117504 subm_beg 1 0
1581660693632163 131919735117504 subm_end 1 0
1581660693632723 131919735117504 pump_beg 1 0
1581660706427396 131919735117504 pump_end 1 2
1581660708190511 131919735117504 coll_beg 0 0
1581660713781437 131919735117504 coll_end 0 0
1581660715639269 131919735117504 emit_beg 1038 0
1581660721138158 131919735117504 emit_end 1038 0
1581660737895655 131919735117504 drain_beg 0 0
1581660737897695 131919735117504 drain_end 1 0
1581660737898605 131919735117504 subm_beg 1 0
1581660741391688 131919735117504 subm_end 1 0
1581660741392408 131919735117504 pump_beg 1 0
1581660749996413 131919735117504 pump_end 1 2
1581660751890354 131919735117504 coll_beg 0 0
1581660752727353 131919735117504 coll_end 0 0
1581660754647803 131919735117504 emit_beg 1039 0
1581660759819824 131919735117504 emit_end 1039 0
1581660759827584 131919735117504 drain_beg 0 0
1581660759828104 131919735117504 drain_end 1 0
1581660759828834 131919735117504 subm_beg 1 0
1581660763309006 131919735117504 subm_end 1 0
1581660763310606 131919735117504 pump_beg 1 0
1581660774493647 131919735117504 pump_end 1 2
1581660777794187 131919735117504 coll_beg 0 0
1581660782233365 131919735117504 coll_end 0 0
1581660784018199 131919735117504 emit_beg 1040 0
1581660789280177 131919735117504 emit_end 1040 0
1581660789282757 131919735117504 drain_beg 0 0
1581660789283187 131919735117504 drain_end 1 0
1581660789283537 131919735117504 subm_beg 1 0
1581660793020070 131919735117504 subm_end 1 0
1581660793021350 131919735117504 pump_beg 1 0
1581660805200485 131919735117504 pump_end 1 2
1581660807341247 131919735117504 coll_beg 0 0
1581660811518384 131919735117504 coll_end 0 0
1581660813252821 131919735117504 emit_beg 1041 0
1581660818477799 131919735117504 emit_end 1041 0
1581660818481259 131919735117504 drain_beg 0 0
1581660818481919 131919735117504 drain_end 1 0
1581660818482329 131919735117504 subm_beg 1 0
1581660821964512 131919735117504 subm_end 1 0
1581660821964892 131919735117504 pump_beg 1 0
1581660831903989 131919735117504 pump_end 1 2
1581660834905799 131919735117504 coll_beg 0 0
1581660836384915 131919735117504 coll_end 0 0
1581660838382182 131919735117504 emit_beg 1042 0
1581660845337428 131919735117504 emit_end 1042 0
1581660845340227 131919735117504 drain_beg 0 0
1581660845340667 131919735117504 drain_end 1 0
1581660845341097 131919735117504 subm_beg 1 0
1581660848730074 131919735117504 subm_end 1 0
1581660848730534 131919735117504 pump_beg 1 0
1581660861208287 131919735117504 pump_end 1 2
1581660862946444 131919735117504 coll_beg 0 0
1581660867225107 131919735117504 coll_end 0 0
1581660869016042 131919735117504 emit_beg 1043 0
1581660875970708 131919735117504 emit_end 1043 0
1581660875973668 131919735117504 drain_beg 0 0
1581660875974218 131919735117504 drain_end 1 0
1581660875974928 131919735117504 subm_beg 1 0
1581660879396632 131919735117504 subm_end 1 0
1581660879397202 131919735117504 pump_beg 1 0
1581660889344979 131919735117504 pump_end 1 2
1581660892244743 131919735117504 coll_beg 0 0
1581660895256903 131919735117504 coll_end 0 0
1581660897637306 131919735117504 emit_beg 1044 0
1581660903068617 131919735117504 emit_end 1044 0
1581660903071647 131919735117504 drain_beg 0 0
1581660903072367 131919735117504 drain_end 1 0
1581660903073007 131919735117504 subm_beg 1 0
1581660906582649 131919735117504 subm_end 1 0
1581660906583039 131919735117504 pump_beg 1 0
1581660917444552 131919735117504 pump_end 1 2
1581660920612696 131919735117504 coll_beg 0 0
1581660923745011 131919735117504 coll_end 0 0
1581660925562805 131919735117504 emit_beg 1045 0
1581660930954778 131919735117504 emit_end 1045 0
1581660930957008 131919735117504 drain_beg 0 0
1581660930957278 131919735117504 drain_end 1 0
1581660930957958 131919735117504 subm_beg 1 0
1581660934450230 131919735117504 subm_end 1 0
1581660934450620 131919735117504 pump_beg 1 0
1581660945287924 131919735117504 pump_end 1 2
1581660948015114 131919735117504 coll_beg 0 0
1581660950994995 131919735117504 coll_end 0 0
1581660952877546 131919735117504 emit_beg 1046 0
1581660958412924 131919735117504 emit_end 1046 0
1581660958415394 131919735117504 drain_beg 0 0
1581660958415754 131919735117504 drain_end 1 0
1581660958416084 131919735117504 subm_beg 1 0
1581660962014292 131919735117504 subm_end 1 0
1581660962014652 131919735117504 pump_beg 1 0
1581660973704825 131919735117504 pump_end 1 2
1581660976950986 131919735117504 coll_beg 0 0
1581660980846214 131919735117504 coll_end 0 0
1581660984460622 131919735117504 emit_beg 1047 0
1581660989945001 131919735117504 emit_end 1047 0
1581660989947531 131919735117504 drain_beg 0 0
1581660989947891 131919735117504 drain_end 1 0
1581660989948241 131919735117504 subm_beg 1 0
1581660993403395 131919735117504 subm_end 1 0
1581660993403775 131919735117504 pump_beg 1 0
1581661002646637 131919735117504 pump_end 1 2
1581661005281691 131919735117504 coll_beg 0 0
1581661007925694 131919735117504 coll_end 0 0
1581661010916835 131919735117504 emit_beg 1048 0
1581661018198038 131919735117504 emit_end 1048 0
1581661018200468 131919735117504 drain_beg 0 0
1581661018200868 131919735117504 drain_end 1 0
1581661018201288 131919735117504 subm_beg 1 0
1581661021768518 131919735117504 subm_end 1 0
1581661021768888 131919735117504 pump_beg 1 0
1581661034266531 131919735117504 pump_end 1 2
1581661036122773 131919735117504 coll_beg 0 0
1581661039995691 131919735117504 coll_end 0 0
1581661041849794 131919735117504 emit_beg 1049 0
1581661049122128 131919735117504 emit_end 1049 0
1581661049125008 131919735117504 drain_beg 0 0
1581661049125598 131919735117504 drain_end 1 0
1581661049126078 131919735117504 subm_beg 1 0
1581661052724496 131919735117504 subm_end 1 0
1581661052725036 131919735117504 pump_beg 1 0
1581661064328362 131919735117504 pump_end 1 2
1581661067743207 131919735117504 coll_beg 0 0
1581661072947037 131919735117504 coll_end 0 0
1581661074830728 131919735117504 emit_beg 1050 0
1581661080421674 131919735117504 emit_end 1050 0
1581661080424434 131919735117504 drain_beg 0 0
1581661080424994 131919735117504 drain_end 1 0
1581661080425814 131919735117504 subm_beg 1 0
1581661083867068 131919735117504 subm_end 1 0
1581661083867448 131919735117504 pump_beg 1 0
1581661097133453 131919735117504 pump_end 1 2
1581661100415883 131919735117504 coll_beg 0 0
1581661104641518 131919735117504 coll_end 0 0
1581661106484461 131919735117504 emit_beg 1051 0
1581661111953581 131919735117504 emit_end 1051 0
1581661111955871 131919735117504 drain_beg 0 0
1581661111956201 131919735117504 drain_end 1 0
1581661111956631 131919735117504 subm_beg 1 0
1581661115443933 131919735117504 subm_end 1 0
1581661115444303 131919735117504 pump_beg 1 0
1581661124859389 131919735117504 pump_end 1 2
1581661127930187 131919735117504 coll_beg 0 0
1581661130997375 131919735117504 coll_end 0 0
1581661133710716 131919735117504 emit_beg 1052 0
1581661140799986 131919735117504 emit_end 1052 0
1581661140802236 131919735117504 drain_beg 0 0
1581661140802546 131919735117504 drain_end 1 0
1581661140802846 131919735117504 subm_beg 1 0
1581661144315088 131919735117504 subm_end 1 0
1581661144315518 131919735117504 pump_beg 1 0
1581661158340345 131919735117504 pump_end 1 2
1581661160252155 131919735117504 coll_beg 0 0
1581661164265829 131919735117504 coll_end 0 0
1581661166149170 131919735117504 emit_beg 1053 0
1581661171566422 131919735117504 emit_end 1053 0
1581661188356708 131919735117504 drain_beg 0 0
1581661188357748 131919735117504 drain_end 1 0
1581661188358198 131919735117504 subm_beg 1 0
1581661191931047 131919735117504 subm_end 1 0
1581661191931897 131919735117504 pump_beg 1 0
1581661203784674 131919735117504 pump_end 1 2
1581661205863948 131919735117504 coll_beg 0 0
1581661209748626 131919735117504 coll_end 0 0
1581661211800931 131919735117504 emit_beg 1054 0
1581661217452134 131919735117504 emit_end 1054 0
1581661217455044 131919735117504 drain_beg 0 0
1581661217455434 131919735117504 drain_end 1 0
1581661217455724 131919735117504 subm_beg 1 0
1581661221005294 131919735117504 subm_end 1 0
1581661221005684 131919735117504 pump_beg 1 0
1581661231520440 131919735117504 pump_end 1 2
1581661234355136 131919735117504 coll_beg 0 0
1581661237576179 131919735117504 coll_end 0 0
1581661239761789 131919735117504 emit_beg 1055 0
1581661245276317 131919735117504 emit_end 1055 0
1581661245279997 131919735117504 drain_beg 0 0
1581661245280507 131919735117504 drain_end 1 0
1581661245280857 131919735117504 subm_beg 1 0
1581661248839657 131919735117504 subm_end 1 0
1581661248840147 131919735117504 pump_beg 1 0
1581661261600960 131919735117504 pump_end 1 2
1581661264686828 131919735117504 coll_beg 0 0
1581661268937982 131919735117504 coll_end 0 0
1581661270838653 131919735117504 emit_beg 1056 0
1581661276138419 131919735117504 emit_end 1056 0
1581661276147279 131919735117504 drain_beg 0 0
1581661276148629 131919735117504 drain_end 1 0
1581661276149399 131919735117504 subm_beg 1 0
1581661279550954 131919735117504 subm_end 1 0
1581661279553364 131919735117504 pump_beg 1 0
1581661290557462 131919735117504 pump_end 1 2
1581661292682464 131919735117504 coll_beg 0 0
1581661295592968 131919735117504 coll_end 0 0
1581661297978831 131919735117504 emit_beg 1057 0
1581661303363294 131919735117504 emit_end 1057 0
1581661303375363 131919735117504 drain_beg 0 0
1581661303376023 131919735117504 drain_end 1 0
1581661303376403 131919735117504 subm_beg 1 0
1581661306646634 131919735117504 subm_end 1 0
1581661306647204 131919735117504 pump_beg 1 0
1581661317472518 131919735117504 pump_end 1 2
1581661320386571 131919735117504 coll_beg 0 0
1581661323283275 131919735117504 coll_end 0 0
1581661325014972 131919735117504 emit_beg 1058 0
1581661330124895 131919735117504 emit_end 1058 0
1581661330128405 131919735117504 drain_beg 0 0
1581661330128935 131919735117504 drain_end 1 0
1581661330129445 131919735117504 subm_beg 1 0
1581661333508292 131919735117504 subm_end 1 0
1581661333508702 131919735117504 pump_beg 1 0
1581661345327260 131919735117504 pump_end 1 2
1581661347148553 131919735117504 coll_beg 0 0
1581661351193855 131919735117504 coll_end 0 0
1581661352966810 131919735117504 emit_beg 1059 0
1581661358208079 131919735117504 emit_end 1059 0
1581661374752704 131919735117504 drain_beg 0 0
1581661374753344 131919735117504 drain_end 1 0
1581661374753764 131919735117504 subm_beg 1 0
1581661378180749 131919735117504 subm_end 1 0
1581661378181159 131919735117504 pump_beg 1 0
1581661387489448 131919735117504 pump_end 1 2
1581661389320551 131919735117504 coll_beg 0 0
1581661391259090 131919735117504 coll_end 0 0
1581661393145162 131919735117504 emit_beg 1060 0
1581661398476837 131919735117504 emit_end 1060 0
1581661398480396 131919735117504 drain_beg 0 0
1581661398480836 131919735117504 drain_end 1 0
1581661398481226 131919735117504 subm_beg 1 0
1581661401770926 131919735117504 subm_end 1 0
1581661401771536 131919735117504 pump_beg 1 0
1581661414267839 131919735117504 pump_end 1 2
1581661416468319 131919735117504 coll_beg 0 0
1581661420657766 131919735117504 coll_end 0 0
1581661422441891 131919735117504 emit_beg 1061 0
1581661427686749 131919735117504 emit_end 1061 0
1581661427689679 131919735117504 drain_beg 0 0
1581661427690029 131919735117504 drain_end 1 0
1581661427690319 131919735117504 subm_beg 1 0
1581661431038866 131919735117504 subm_end 1 0
1581661431039326 131919735117504 pump_beg 1 0
1581661444226504 131919735117504 pump_end 1 2
1581661446818519 131919735117504 coll_beg 0 0
1581661451286966 131919735117504 coll_end 0 0
1581661453112859 131919735117504 emit_beg 1062 0
1581661456598262 131919735117504 emit_end 1062 0
1581661456600812 131919735117504 drain_beg 0 0
1581661456601122 131919735117504 drain_end 1 0
1581661456601382 131919735117504 subm_beg 1 0
1581661460018307 131919735117504 subm_end 1 0
1581661460018737 131919735117504 pump_beg 1 0
1581661472420923 131919735117504 pump_end 1 2
1581661475463532 131919735117504 coll_beg 0 0
1581661479497415 131919735117504 coll_end 0 0
1581661481240011 131919735117504 emit_beg 1063 0
1581661486461310 131919735117504 emit_end 1063 0
1581661502901569 131919735117504 drain_beg 0 0
1581661502902289 131919735117504 drain_end 1 0
1581661502902639 131919735117504 subm_beg 1 0
1581661506360623 131919735117504 subm_end 1 0
1581661506361123 131919735117504 pump_beg 1 0
1581661517725467 131919735117504 pump_end 1 2
1581661519467684 131919735117504 coll_beg 0 0
1581661522768133 131919735117504 coll_end 0 0
1581661524584137 131919735117504 emit_beg 1064 0
1581661529861984 131919735117504 emit_end 1064 0
1581661529866933 131919735117504 drain_beg 0 0
1581661529867533 131919735117504 drain_end 1 0
1581661529868203 131919735117504 subm_beg 1 0
1581661533310268 131919735117504 subm_end 1 0
1581661533310857 131919735117504 pump_beg 1 0
1581661544881225 131919735117504 pump_end 1 2
1581661547248608 131919735117504 coll_beg 0 0
1581661550894545 131919735117504 coll_end 0 0
1581661552715668 131919735117504 emit_beg 1065 0
1581661559886266 131919735117504 emit_end 1065 0
1581661559890566 131919735117504 drain_beg 0 0
1581661559891246 131919735117504 drain_end 1 0
1581661559891756 131919735117504 subm_beg 1 0
1581661563332470 131919735117504 subm_end 1 0
1581661563333230 131919735117504 pump_beg 1 0
1581661572307902 131919735117504 pump_end 1 2
1581661575237505 131919735117504 coll_beg 0 0
1581661576440971 131919735117504 coll_end 0 0
1581661578754406 131919735117504 emit_beg 1066 0
1581661585587106 131919735117504 emit_end 1066 0
1581661585591286 131919735117504 drain_beg 0 0
1581661585592026 131919735117504 drain_end 1 0
1581661585592636 131919735117504 subm_beg 1 0
1581661589021841 131919735117504 subm_end 1 0
1581661589022381 131919735117504 pump_beg 1 0
1581661602045435 131919735117504 pump_end 1 2
1581661603814960 131919735117504 coll_beg 0 0
1581661609251561 131919735117504 coll_end 0 0
1581661611022957 131919735117504 emit_beg 1067 0
1581661614519889 131919735117504 emit_end 1067 0
1581661614523229 131919735117504 drain_beg 0 0
1581661614523799 131919735117504 drain_end 1 0
1581661614524469 131919735117504 subm_beg 1 0
1581661618021921 131919735117504 subm_end 1 0
1581661618022401 131919735117504 pump_beg 1 0
1581661628878094 131919735117504 pump_end 1 2
1581661631666532 131919735117504 coll_beg 0 0
1581661634695951 131919735117504 coll_end 0 0
1581661636992247 131919735117504 emit_beg 1068 0
1581661644220383 131919735117504 emit_end 1068 0
1581661644224273 131919735117504 drain_beg 0 0
1581661644225023 131919735117504 drain_end 1 0
1581661644234033 131919735117504 subm_beg 1 0
1581661647758754 131919735117504 subm_end 1 0
1581661647759324 131919735117504 pump_beg 1 0
1581661658545349 131919735117504 pump_end 1 2
1581661661834509 131919735117504 coll_beg 0 0
1581661664946565 131919735117504 coll_end 0 0
1581661666795088 131919735117504 emit_beg 1069 0
1581661674111430 131919735117504 emit_end 1069 0
1581661674114490 131919735117504 drain_beg 0 0
1581661674115070 131919735117504 drain_end 1 0
1581661674115690 131919735117504 subm_beg 1 0
1581661677697449 131919735117504 subm_end 1 0
1581661677698079 131919735117504 pump_beg 1 0
1581661686783757 131919735117504 pump_end 1 2
1581661689946522 131919735117504 coll_beg 0 0
1581661691075730 131919735117504 coll_end 0 0
1581661693804530 131919735117504 emit_beg 1070 0
1581661699345958 131919735117504 emit_end 1070 0
1581661699348028 131919735117504 drain_beg 0 0
1581661699348378 131919735117504 drain_end 1 0
1581661699348718 131919735117504 subm_beg 1 0
1581661702893498 131919735117504 subm_end 1 0
1581661702893898 131919735117504 pump_beg 1 0
1581661714623849 131919735117504 pump_end 1 2
1581661717447146 131919735117504 coll_beg 0 0
1581661720917869 131919735117504 coll_end 0 0
1581661722765632 131919735117504 emit_beg 1071 0
1581661728268851 131919735117504 emit_end 1071 0
1581661746076030 131919735117504 drain_beg 0 0
1581661746076649 131919735117504 drain_end 1 0
1581661746077069 131919735117504 subm_beg 1 0
1581661749712677 131919735117504 subm_end 1 0
1581661749713177 131919735117504 pump_beg 1 0
1581661760554210 131919735117504 pump_end 1 2
1581661762540908 131919735117504 coll_beg 0 0
1581661765182181 131919735117504 coll_end 0 0
1581661767121660 131919735117504 emit_beg 1072 0
1581661770847714 131919735117504 emit_end 1072 0
1581661770851104 131919735117504 drain_beg 0 0
1581661770851724 131919735117504 drain_end 1 0
1581661770852294 131919735117504 subm_beg 1 0
1581661774419363 131919735117504 subm_end 1 0
1581661774419773 131919735117504 pump_beg 1 0
1581661784493695 131919735117504 pump_end 1 2
1581661786909927 131919735117504 coll_beg 0 0
1581661789358757 131919735117504 coll_end 0 0
1581661792299910 131919735117504 emit_beg 1073 0
1581661799536805 131919735117504 emit_end 1073 0
1581661814867035 131919735117504 drain_beg 0 0
1581661814868135 131919735117504 drain_end 1 0
1581661814868655 131919735117504 subm_beg 1 0
1581661818480213 131919735117504 subm_end 1 0
1581661818480643 131919735117504 pump_beg 1 0
1581661830533352 131919735117504 pump_end 1 2
1581661832437442 131919735117504 coll_beg 0 0
1581661836574841 131919735117504 coll_end 0 0
1581661838466722 131919735117504 emit_beg 1074 0
1581661843921903 131919735117504 emit_end 1074 0
1581661843930862 131919735117504 drain_beg 0 0
1581661843931462 131919735117504 drain_end 1 0
1581661843932072 131919735117504 subm_beg 1 0
1581661847454333 131919735117504 subm_end 1 0
1581661847455143 131919735117504 pump_beg 1 0
1581661856914878 131919735117504 pump_end 1 2
1581661859110277 131919735117504 coll_beg 0 0
1581661861294778 131919735117504 coll_end 0 0
1581661864930115 131919735117504 emit_beg 1075 0
1581661870411584 131919735117504 emit_end 1075 0
1581661885260521 131919735117504 drain_beg 0 0
1581661885261491 131919735117504 drain_end 1 0
1581661885261901 131919735117504 subm_beg 1 0
1581661888852780 131919735117504 subm_end 1 0
1581661888853630 131919735117504 pump_beg 1 0
1581661898504597 131919735117504 pump_end 1 2
1581661900518634 131919735117504 coll_beg 0 0
1581661902451773 131919735117504 coll_end 0 0
1581661904329904 131919735117504 emit_beg 1076 0
1581661909787695 131919735117504 emit_end 1076 0
1581661909790685 131919735117504 drain_beg 0 0
1581661909791195 131919735117504 drain_end 1 0
1581661909791755 131919735117504 subm_beg 1 0
1581661913339865 131919735117504 subm_end 1 0
1581661913340525 131919735117504 pump_beg 1 0
1581661923692696 131919735117504 pump_end 1 2
1581661927250126 131919735117504 coll_beg 0 0
1581661929966197 131919735117504 coll_end 0 0
1581661931814730 131919735117504 emit_beg 1077 0
1581661937212722 131919735117504 emit_end 1077 0
1581661937215742 131919735117504 drain_beg 0 0
1581661937216292 131919735117504 drain_end 1 0
1581661937216812 131919735117504 subm_beg 1 0
1581661940746113 131919735117504 subm_end 1 0
1581661940746813 131919735117504 pump_beg 1 0
1581661949477874 131919735117504 pump_end 1 2
1581661953018524 131919735117504 coll_beg 0 0
1581661954646565 131919735117504 coll_end 0 0
1581661956639032 131919735117504 emit_beg 1078 0
1581661962081153 131919735117504 emit_end 1078 0
1581661976539694 131919735117504 drain_beg 0 0
1581661976540624 131919735117504 drain_end 1 0
1581661976540944 131919735117504 subm_beg 1 0
1581661980274958 131919735117504 subm_end 1 0
1581661980275428 131919735117504 pump_beg 1 0
1581661990933028 131919735117504 pump_end 1 2
1581661994398072 131919735117504 coll_beg 0 0
1581661998831790 131919735117504 coll_end 0 0
1581662000766499 131919735117504 emit_beg 1079 0
1581662006251038 131919735117504 emit_end 1079 0
1581662006253738 131919735117504 drain_beg 0 0
1581662006254238 131919735117504 drain_end 1 0
1581662006254698 131919735117504 subm_beg 1 0
1581662009736431 131919735117504 subm_end 1 0
1581662009737061 131919735117504 pump_beg 1 0
1581662019313901 131919735117504 pump_end 1 2
1581662022023022 131919735117504 coll_beg 0 0
1581662023825496 131919735117504 coll_end 0 0
1581662025610231 131919735117504 emit_beg 1080 0
1581662031042782 131919735117504 emit_end 1080 0
1581662045304161 131919735117504 drain_beg 0 0
1581662045305121 131919735117504 drain_end 1 0
1581662045305501 131919735117504 subm_beg 1 0
1581662048715096 131919735117504 subm_end 1 0
1581662048715496 131919735117504 pump_beg 1 0
1581662057606551 131919735117504 pump_end 1 2
1581662059441544 131919735117504 coll_beg 0 0
1581662060642350 131919735117504 coll_end 0 0
1581662062435275 131919735117504 emit_beg 1081 0
1581662067677743 131919735117504 emit_end 1081 0
1581662081134061 131919735117504 drain_beg 0 0
1581662081135151 131919735117504 drain_end 1 0
1581662081135451 131919735117504 subm_beg 1 0
1581662084558566 131919735117504 subm_end 1 0
1581662084559216 131919735117504 pump_beg 1 0
1581662094252771 131919735117504 pump_end 1 2
1581662096280847 131919735117504 coll_beg 0 0
1581662098157569 131919735117504 coll_end 0 0
1581662100089258 131919735117504 emit_beg 1082 0
1581662107335083 131919735117504 emit_end 1082 0
1581662107337893 131919735117504 drain_beg 0 0
1581662107338353 131919735117504 drain_end 1 0
1581662107339083 131919735117504 subm_beg 1 0
1581662110784967 131919735117504 subm_end 1 0
1581662110785517 131919735117504 pump_beg 1 0
1581662124391200 131919735117504 pump_end 1 2
1581662126256761 131919735117504 coll_beg 0 0
1581662131478291 131919735117504 coll_end 0 0
1581662133254506 131919735117504 emit_beg 1083 0
1581662136854004 131919735117504 emit_end 1083 0
1581662136857624 131919735117504 drain_beg 0 0
1581662136858134 131919735117504 drain_end 1 0
1581662136858884 131919735117504 subm_beg 1 0
1581662140408384 131919735117504 subm_end 1 0
1581662140409304 131919735117504 pump_beg 1 0
1581662150306532 131919735117504 pump_end 1 2
1581662152606168 131919735117504 coll_beg 0 0
1581662154601835 131919735117504 coll_end 0 0
1581662170406707 131919735117504 emit_beg 1084 0
1581662177408681 131919735117504 emit_end 1084 0
1581662177413531 131919735117504 drain_beg 0 0
1581662177414241 131919735117504 drain_end 1 0
1581662177414581 131919735117504 subm_beg 1 0
1581662181071328 131919735117504 subm_end 1 0
1581662181071858 131919735117504 pump_beg 1 0
1581662194304214 131919735117504 pump_end 1 2
1581662196372728 131919735117504 coll_beg 0 0
1581662201573358 131919735117504 coll_end 0 0
1581662203363243 131919735117504 emit_beg 1085 0
1581662208560703 131919735117504 emit_end 1085 0
1581662208563982 131919735117504 drain_beg 0 0
1581662208564512 131919735117504 drain_end 1 0
1581662208564812 131919735117504 subm_beg 1 0
1581662211918290 131919735117504 subm_end 1 0
1581662211918960 131919735117504 pump_beg 1 0
1581662225079039 131919735117504 pump_end 1 2
1581662227061926 131919735117504 coll_beg 0 0
1581662231958797 131919735117504 coll_end 0 0
1581662233751062 131919735117504 emit_beg 1086 0
1581662238964941 131919735117504 emit_end 1086 0
1581662238967521 131919735117504 drain_beg 0 0
1581662238968041 131919735117504 drain_end 1 0
1581662238968401 131919735117504 subm_beg 1 0
1581662242442964 131919735117504 subm_end 1 0
1581662242443374 131919735117504 pump_beg 1 0
1581662253845917 131919735117504 pump_end 1 2
1581662257206364 131919735117504 coll_beg 0 0
1581662260766064 131919735117504 coll_end 0 0
1581662262496281 131919735117504 emit_beg 1087 0
1581662267686441 131919735117504 emit_end 1087 0
1581662267690141 131919735117504 drain_beg 0 0
1581662267690841 131919735117504 drain_end 1 0
1581662267691351 131919735117504 subm_beg 1 0
1581662271078467 131919735117504 subm_end 1 0
1581662271078927 131919735117504 pump_beg 1 0
1581662281230686 131919735117504 pump_end 1 2
1581662283022421 131919735117504 coll_beg 0 0
1581662285286128 131919735117504 coll_end 0 0
1581662287051813 131919735117504 emit_beg 1088 0
1581662292163746 131919735117504 emit_end 1088 0
1581662306869849 131919735117504 drain_beg 0 0
1581662306871509 131919735117504 drain_end 1 0
1581662306872039 131919735117504 subm_beg 1 0
1581662310330892 131919735117504 subm_end 1 0
1581662310331392 131919735117504 pump_beg 1 0
1581662318389958 131919735117504 pump_end 1 2
1581662320278699 131919735117504 coll_beg 0 0
1581662320590497 131919735117504 coll_end 0 0
1581662322342513 131919735117504 emit_beg 1089 0
1581662327491665 131919735117504 emit_end 1089 0
1581662327494365 131919735117504 drain_beg 0 0
1581662327495145 131919735117504 drain_end 1 0
1581662327495615 131919735117504 subm_beg 1 0
1581662330827003 131919735117504 subm_end 1 0
1581662330827403 131919735117504 pump_beg 1 0
1581662340228609 131919735117504 pump_end 1 2
1581662343335126 131919735117504 coll_beg 0 0
1581662345791526 131919735117504 coll_end 0 0
1581662347599890 131919735117504 emit_beg 1090 0
1581662352887886 131919735117504 emit_end 1090 0
1581662366947732 131919735117504 drain_beg 0 0
1581662366948902 131919735117504 drain_end 1 0
1581662366949322 131919735117504 subm_beg 1 0
1581662370570450 131919735117504 subm_end 1 0
1581662370570810 131919735117504 pump_beg 1 0
1581662379157436 131919735117504 pump_end 1 2
1581662380985659 131919735117504 coll_beg 0 0
1581662381774820 131919735117504 coll_end 0 0
1581662383562465 131919735117504 emit_beg 1091 0
1581662386984640 131919735117504 emit_end 1091 0
1581662402253712 131919735117504 drain_beg 0 0
1581662402254502 131919735117504 drain_end 1 0
1581662402254852 131919735117504 subm_beg 1 0
1581662405750254 131919735117504 subm_end 1 0
1581662405750734 131919735117504 pump_beg 1 0
1581662417827212 131919735117504 pump_end 1 2
1581662419698954 131919735117504 coll_beg 0 0
1581662424796988 131919735117504 coll_end 0 0
1581662426797785 131919735117504 emit_beg 1092 0
1581662432423129 131919735117504 emit_end 1092 0
1581662432427059 131919735117504 drain_beg 0 0
1581662432427699 131919735117504 drain_end 1 0
1581662432428289 131919735117504 subm_beg 1 0
1581662435955290 131919735117504 subm_end 1 0
1581662435955740 131919735117504 pump_beg 1 0
1581662448027528 131919735117504 pump_end 1 2
1581662450544616 131919735117504 coll_beg 0 0
1581662455235725 131919735117504 coll_end 0 0
1581662457204353 131919735117504 emit_beg 1093 0
1581662462801578 131919735117504 emit_end 1093 0
1581662479410101 131919735117504 drain_beg 0 0
1581662479412121 131919735117504 drain_end 1 0
1581662479412891 131919735117504 subm_beg 1 0
1581662483119426 131919735117504 subm_end 1 0
1581662483121136 131919735117504 pump_beg 1 0
1581662495807592 131919735117504 pump_end 1 2
1581662497658244 131919735117504 coll_beg 0 0
1581662501434136 131919735117504 coll_end 0 0
1581662503335637 131919735117504 emit_beg 1094 0
1581662509196042 131919735117504 emit_end 1094 0
1581662509198652 131919735117504 drain_beg 0 0
1581662509199322 131919735117504 drain_end 1 0
1581662509199862 131919735117504 subm_beg 1 0
1581662512836029 131919735117504 subm_end 1 0
1581662512836429 131919735117504 pump_beg 1 0
1581662524167665 131919735117504 pump_end 1 2
1581662526254549 131919735117504 coll_beg 0 0
1581662530706686 131919735117504 coll_end 0 0
1581662532570138 131919735117504 emit_beg 1095 0
1581662537993100 131919735117504 emit_end 1095 0
1581662554121370 131919735117504 drain_beg 0 0
1581662554122170 131919735117504 drain_end 1 0
1581662554122620 131919735117504 subm_beg 1 0
1581662557779626 131919735117504 subm_end 1 0
1581662557780146 131919735117504 pump_beg 1 0
1581662568855651 131919735117504 pump_end 1 2
1581662570738353 131919735117504 coll_beg 0 0
1581662573949925 131919735117504 coll_end 0 0
1581662575933313 131919735117504 emit_beg 1096 0
1581662581539098 131919735117504 emit_end 1096 0
1581662581542698 131919735117504 drain_beg 0 0
1581662581543218 131919735117504 drain_end 1 0
1581662581543758 131919735117504 subm_beg 1 0
1581662585116997 131919735117504 subm_end 1 0
1581662585119067 131919735117504 pump_beg 1 0
1581662597934468 131919735117504 pump_end 1 2
1581662601230708 131919735117504 coll_beg 0 0
1581662605257831 131919735117504 coll_end 0 0
1581662607148512 131919735117504 emit_beg 1097 0
1581662612662360 131919735117504 emit_end 1097 0
1581662612665690 131919735117504 drain_beg 0 0
1581662612666160 131919735117504 drain_end 1 0
1581662612666510 131919735117504 subm_beg 1 0
1581662616229690 131919735117504 subm_end 1 0
1581662616230200 131919735117504 pump_beg 1 0
1581662626031991 131919735117504 pump_end 1 2
1581662629671758 131919735117504 coll_beg 0 0
1581662631188543 131919735117504 coll_end 0 0
1581662633304755 131919735117504 emit_beg 1098 0
1581662638776475 131919735117504 emit_end 1098 0
1581662653065193 131919735117504 drain_beg 0 0
1581662653065963 131919735117504 drain_end 1 0
1581662653066313 131919735117504 subm_beg 1 0
1581662656634683 131919735117504 subm_end 1 0
1581662656635152 131919735117504 pump_beg 1 0
1581662667858092 131919735117504 pump_end 1 2
1581662669730734 131919735117504 coll_beg 0 0
1581662673919211 131919735117504 coll_end 0 0
1581662675787432 131919735117504 emit_beg 1099 0
1581662681318590 131919735117504 emit_end 1099 0
1581662681323160 131919735117504 drain_beg 0 0
1581662681323700 131919735117504 drain_end 1 0
1581662681324870 131919735117504 subm_beg 1 0
1581662684882320 131919735117504 subm_end 1 0
1581662684884270 131919735117504 pump_beg 1 0
1581662696528164 131919735117504 pump_end 1 2
1581662700148402 131919735117504 coll_beg 0 0
1581662705532045 131919735117504 coll_end 0 0
1581662708299854 131919735117504 emit_beg 1100 0
1581662713695187 131919735117504 emit_end 1100 0
1581662713698946 131919735117504 drain_beg 0 0
1581662713699476 131919735117504 drain_end 1 0
1581662713700006 131919735117504 subm_beg 1 0
1581662717229397 131919735117504 subm_end 1 0
1581662717229797 131919735117504 pump_beg 1 0
1581662729182390 131919735117504 pump_end 1 2
1581662731860882 131919735117504 coll_beg 0 0
1581662735720161 131919735117504 coll_end 0 0
1581662737681830 131919735117504 emit_beg 1101 0
1581662745150997 131919735117504 emit_end 1101 0
1581662745155136 131919735117504 drain_beg 0 0
1581662745155856 131919735117504 drain_end 1 0
1581662745156466 131919735117504 subm_beg 1 0
1581662748666958 131919735117504 subm_end 1 0
1581662748667508 131919735117504 pump_beg 1 0
1581662760171808 131919735117504 pump_end 1 2
1581662763046562 131919735117504 coll_beg 0 0
1581662766700799 131919735117504 coll_end 0 0
1581662768628268 131919735117504 emit_beg 1102 0
1581662776056157 131919735117504 emit_end 1102 0
1581662776058917 131919735117504 drain_beg 0 0
1581662776059347 131919735117504 drain_end 1 0
1581662776059707 131919735117504 subm_beg 1 0
1581662779613887 131919735117504 subm_end 1 0
1581662779614607 131919735117504 pump_beg 1 0
1581662790740710 131919735117504 pump_end 1 2
1581662794438755 131919735117504 coll_beg 0 0
1581662798237816 131919735117504 coll_end 0 0
1581662800128507 131919735117504 emit_beg 1103 0
1581662803849981 131919735117504 emit_end 1103 0
1581662803856330 131919735117504 drain_beg 0 0
1581662803857280 131919735117504 drain_end 1 0
1581662803857700 131919735117504 subm_beg 1 0
1581662807525256 131919735117504 subm_end 1 0
1581662807525706 131919735117504 pump_beg 1 0
1581662818303632 131919735117504 pump_end 1 2
1581662820215533 131919735117504 coll_beg 0 0
1581662822797658 131919735117504 coll_end 0 0
1581662825662973 131919735117504 emit_beg 1104 0
1581662832917328 131919735117504 emit_end 1104 0
1581662832920878 131919735117504 drain_beg 0 0
1581662832921418 131919735117504 drain_end 1 0
1581662832921758 131919735117504 subm_beg 1 0
1581662836407121 131919735117504 subm_end 1 0
1581662836407681 131919735117504 pump_beg 1 0
1581662848662823 131919735117504 pump_end 1 2
1581662851917883 131919735117504 coll_beg 0 0
1581662856029733 131919735117504 coll_end 0 0
1581662857794279 131919735117504 emit_beg 1105 0
1581662863189621 131919735117504 emit_end 1105 0
1581662863192641 131919735117504 drain_beg 0 0
1581662863193251 131919735117504 drain_end 1 0
1581662863193731 131919735117504 subm_beg 1 0
1581662866759061 131919735117504 subm_end 1 0
1581662866761851 131919735117504 pump_beg 1 0
1581662881043749 131919735117504 pump_end 1 2
1581662882923070 131919735117504 coll_beg 0 0
1581662888827624 131919735117504 coll_end 0 0
1581662890649278 131919735117504 emit_beg 1106 0
1581662895797939 131919735117504 emit_end 1106 0
1581662895801489 131919735117504 drain_beg 0 0
1581662895801979 131919735117504 drain_end 1 0
1581662895802359 131919735117504 subm_beg 1 0
1581662899154717 131919735117504 subm_end 1 0
1581662899155327 131919735117504 pump_beg 1 0
1581662909752889 131919735117504 pump_end 1 2
1581662912984291 131919735117504 coll_beg 0 0
1581662915181111 131919735117504 coll_end 0 0
1581662917018994 131919735117504 emit_beg 1107 0
1581662924112184 131919735117504 emit_end 1107 0
1581662924115664 131919735117504 drain_beg 0 0
1581662924116224 131919735117504 drain_end 1 0
1581662924116714 131919735117504 subm_beg 1 0
1581662927499491 131919735117504 subm_end 1 0
1581662927500051 131919735117504 pump_beg 1 0
1581662940604152 131919735117504 pump_end 1 2
1581662942389886 131919735117504 coll_beg 0 0
1581662946458867 131919735117504 coll_end 0 0
1581662948486433 131919735117504 emit_beg 1108 0
1581662955540935 131919735117504 emit_end 1108 0
1581662955543725 131919735117504 drain_beg 0 0
1581662955544525 131919735117504 drain_end 1 0
1581662955544995 131919735117504 subm_beg 1 0
1581662958903503 131919735117504 subm_end 1 0
1581662958903973 131919735117504 pump_beg 1 0
1581662969832043 131919735117504 pump_end 1 2
1581662973333055 131919735117504 coll_beg 0 0
1581662977672006 131919735117504 coll_end 0 0
1581662979483910 131919735117504 emit_beg 1109 0
1581662985048217 131919735117504 emit_end 1109 0
1581662985056316 131919735117504 drain_beg 0 0
1581662985056996 131919735117504 drain_end 1 0
1581662985057516 131919735117504 subm_beg 1 0
1581662988574498 131919735117504 subm_end 1 0
1581662988575758 131919735117504 pump_beg 1 0
1581662996959701 131919735117504 pump_end 1 2
1581663000217472 131919735117504 coll_beg 0 0
1581663001031433 131919735117504 coll_end 0 0
1581663003742163 131919735117504 emit_beg 1110 0
1581663010730738 131919735117504 emit_end 1110 0
1581663010733728 131919735117504 drain_beg 0 0
1581663010734158 131919735117504 drain_end 1 0
1581663010734498 131919735117504 subm_beg 1 0
1581663014139373 131919735117504 subm_end 1 0
1581663014139683 131919735117504 pump_beg 1 0
1581663026507961 131919735117504 pump_end 1 2
1581663028330385 131919735117504 coll_beg 0 0
1581663033892591 131919735117504 coll_end 0 0
1581663035656547 131919735117504 emit_beg 1111 0
1581663040909235 131919735117504 emit_end 1111 0
1581663040913265 131919735117504 drain_beg 0 0
1581663040913855 131919735117504 drain_end 1 0
1581663040914425 131919735117504 subm_beg 1 0
1581663044303501 131919735117504 subm_end 1 0
1581663044303930 131919735117504 pump_beg 1 0
1581663054764858 131919735117504 pump_end 1 2
1581663056848912 131919735117504 coll_beg 0 0
1581663060189120 131919735117504 coll_end 0 0
1581663062486826 131919735117504 emit_beg 1112 0
1581663069394143 131919735117504 emit_end 1112 0
1581663069396533 131919735117504 drain_beg 0 0
1581663069396853 131919735117504 drain_end 1 0
1581663069397093 131919735117504 subm_beg 1 0
1581663072996452 131919735117504 subm_end 1 0
1581663072996892 131919735117504 pump_beg 1 0
1581663085924789 131919735117504 pump_end 1 2
1581663087677525 131919735117504 coll_beg 0 0
1581663091993967 131919735117504 coll_end 0 0
1581663093720644 131919735117504 emit_beg 1113 0
1581663099045249 131919735117504 emit_end 1113 0
1581663115808627 131919735117504 drain_beg 0 0
1581663115810266 131919735117504 drain_end 1 0
1581663115810886 131919735117504 subm_beg 1 0
1581663119231051 131919735117504 subm_end 1 0
1581663119231451 131919735117504 pump_beg 1 0
1581663129371181 131919735117504 pump_end 1 2
1581663131172045 131919735117504 coll_beg 0 0
1581663134430736 131919735117504 coll_end 0 0
1581663136203231 131919735117504 emit_beg 1114 0
1581663141491508 131919735117504 emit_end 1114 0
1581663141495808 131919735117504 drain_beg 0 0
1581663141496288 131919735117504 drain_end 1 0
1581663141496628 131919735117504 subm_beg 1 0
1581663144868664 131919735117504 subm_end 1 0
1581663144869074 131919735117504 pump_beg 1 0
1581663156100184 131919735117504 pump_end 1 2
1581663158478197 131919735117504 coll_beg 0 0
1581663162082565 131919735117504 coll_end 0 0
1581663163814082 131919735117504 emit_beg 1115 0
1581663169132807 131919735117504 emit_end 1115 0
1581663169134967 131919735117504 drain_beg 0 0
1581663169135357 131919735117504 drain_end 1 0
1581663169135827 131919735117504 subm_beg 1 0
1581663172617670 131919735117504 subm_end 1 0
1581663172618450 131919735117504 pump_beg 1 0
1581663185281637 131919735117504 pump_end 1 2
1581663188416822 131919735117504 coll_beg 0 0
1581663193265055 131919735117504 coll_end 0 0
1581663195051270 131919735117504 emit_beg 1116 0
1581663200768591 131919735117504 emit_end 1116 0
1581663200771641 131919735117504 drain_beg 0 0
1581663200772091 131919735117504 drain_end 1 0
1581663200772371 131919735117504 subm_beg 1 0
1581663204318681 131919735117504 subm_end 1 0
1581663204319261 131919735117504 pump_beg 1 0
1581663215529401 131919735117504 pump_end 1 2
1581663217516118 131919735117504 coll_beg 0 0
1581663219988318 131919735117504 coll_end 0 0
1581663221850620 131919735117504 emit_beg 1117 0
1581663227316180 131919735117504 emit_end 1117 0
1581663242740486 131919735117504 drain_beg 0 0
1581663242742986 131919735117504 drain_end 1 0
1581663242743436 131919735117504 subm_beg 1 0
1581663246352544 131919735117504 subm_end 1 0
1581663246353024 131919735117504 pump_beg 1 0
1581663257716539 131919735117504 pump_end 1 2
1581663259617019 131919735117504 coll_beg 0 0
1581663262952138 131919735117504 coll_end 0 0
1581663264958124 131919735117504 emit_beg 1118 0
1581663270524421 131919735117504 emit_end 1118 0
1581663270527751 131919735117504 drain_beg 0 0
1581663270528681 131919735117504 drain_end 1 0
1581663270529051 131919735117504 subm_beg 1 0
1581663274028603 131919735117504 subm_end 1 0
1581663274029043 131919735117504 pump_beg 1 0
1581663285973336 131919735117504 pump_end 1 2
1581663288540862 131919735117504 coll_beg 0 0
1581663293154803 131919735117504 coll_end 0 0
1581663295013575 131919735117504 emit_beg 1119 0
1581663300624460 131919735117504 emit_end 1119 0
1581663316851807 131919735117504 drain_beg 0 0
1581663316853937 131919735117504 drain_end 1 0
1581663316854767 131919735117504 subm_beg 1 0
1581663320391998 131919735117504 subm_end 1 0
1581663320392908 131919735117504 pump_beg 1 0
1581663332709767 131919735117504 pump_end 1 2
1581663334563710 131919735117504 coll_beg 0 0
1581663338755816 131919735117504 coll_end 0 0
1581663340681486 131919735117504 emit_beg 1120 0
1581663346262182 131919735117504 emit_end 1120 0
1581663346266032 131919735117504 drain_beg 0 0
1581663346266702 131919735117504 drain_end 1 0
1581663346267352 131919735117504 subm_beg 1 0
1581663349884180 131919735117504 subm_end 1 0
1581663349885339 131919735117504 pump_beg 1 0
1581663363346037 131919735117504 pump_end 1 2
1581663365273857 131919735117504 coll_beg 0 0
1581663370636381 131919735117504 coll_end 0 0
1581663372553051 131919735117504 emit_beg 1121 0
1581663379867183 131919735117504 emit_end 1121 0
1581663379871243 131919735117504 drain_beg 0 0
1581663379871943 131919735117504 drain_end 1 0
1581663379872593 131919735117504 subm_beg 1 0
1581663383398594 131919735117504 subm_end 1 0
1581663383399134 131919735117504 pump_beg 1 0
1581663395101807 131919735117504 pump_end 1 2
1581663398155995 131919735117504 coll_beg 0 0
1581663401395366 131919735117504 coll_end 0 0
1581663403279108 131919735117504 emit_beg 1122 0
1581663406975622 131919735117504 emit_end 1122 0
1581663425685628 131919735117504 drain_beg 0 0
1581663425687828 131919735117504 drain_end 1 0
1581663425688618 131919735117504 subm_beg 1 0
1581663429281757 131919735117504 subm_end 1 0
1581663429283487 131919735117504 pump_beg 1 0
1581663438217800 131919735117504 pump_end 1 2
1581663440086362 131919735117504 coll_beg 0 0
1581663440983119 131919735117504 coll_end 0 0
1581663442837761 131919735117504 emit_beg 1123 0
1581663448406308 131919735117504 emit_end 1123 0
1581663448409448 131919735117504 drain_beg 0 0
1581663448410088 131919735117504 drain_end 1 0
1581663448410778 131919735117504 subm_beg 1 0
1581663452398232 131919735117504 subm_end 1 0
1581663452398952 131919735117504 pump_beg 1 0
1581663462710205 131919735117504 pump_end 1 2
1581663465806712 131919735117504 coll_beg 0 0
1581663469103871 131919735117504 coll_end 0 0
1581663470967523 131919735117504 emit_beg 1124 0
1581663476501541 131919735117504 emit_end 1124 0
1581663476505091 131919735117504 drain_beg 0 0
1581663476505561 131919735117504 drain_end 1 0
1581663476506001 131919735117504 subm_beg 1 0
1581663480000503 131919735117504 subm_end 1 0
1581663480001233 131919735117504 pump_beg 1 0
1581663489485796 131919735117504 pump_end 1 2
1581663492275074 131919735117504 coll_beg 0 0
1581663494193524 131919735117504 coll_end 0 0
1581663496081845 131919735117504 emit_beg 1125 0
1581663501442429 131919735117504 emit_end 1125 0
1581663516287366 131919735117504 drain_beg 0 0
1581663516288146 131919735117504 drain_end 1 0
1581663516288626 131919735117504 subm_beg 1 0
1581663519900924 131919735117504 subm_end 1 0
1581663519901424 131919735117504 pump_beg 1 0
1581663530487977 131919735117504 pump_end 1 2
1581663533522916 131919735117504 coll_beg 0 0
1581663536052894 131919735117504 coll_end 0 0
1581663537915316 131919735117504 emit_beg 1126 0
1581663543321078 131919735117504 emit_end 1126 0
1581663543324368 131919735117504 drain_beg 0 0
1581663543324818 131919735117504 drain_end 1 0
1581663543325458 131919735117504 subm_beg 1 0
1581663546875348 131919735117504 subm_end 1 0
1581663546875788 131919735117504 pump_beg 1 0
1581663557602936 131919735117504 pump_end 1 2
1581663559450168 131919735117504 coll_beg 0 0
1581663562494727 131919735117504 coll_end 0 0
1581663564928228 131919735117504 emit_beg 1127 0
1581663570510684 131919735117504 emit_end 1127 0
1581663570513614 131919735117504 drain_beg 0 0
1581663570513964 131919735117504 drain_end 1 0
1581663570514324 131919735117504 subm_beg 1 0
1581663574075524 131919735117504 subm_end 1 0
1581663574075964 131919735117504 pump_beg 1 0
1581663585352782 131919735117504 pump_end 1 2
1581663588507986 131919735117504 coll_beg 0 0
1581663591390071 131919735117504 coll_end 0 0
1581663593205905 131919735117504 emit_beg 1128 0
1581663598651105 131919735117504 emit_end 1128 0
1581663598654055 131919735117504 drain_beg 0 0
1581663598654405 131919735117504 drain_end 1 0
1581663598654745 131919735117504 subm_beg 1 0
1581663601984474 131919735117504 subm_end 1 0
1581663601984974 131919735117504 pump_beg 1 0
1581663614037713 131919735117504 pump_end 1 2
1581663615836097 131919735117504 coll_beg 0 0
1581663619775983 131919735117504 coll_end 0 0
1581663621530649 131919735117504 emit_beg 1129 0
1581663626785277 131919735117504 emit_end 1129 0
1581663642775592 131919735117504 drain_beg 0 0
1581663642776502 131919735117504 drain_end 1 0
1581663642776842 131919735117504 subm_beg 1 0
1581663646198047 131919735117504 subm_end 1 0
1581663646198487 131919735117504 pump_beg 1 0
1581663656729262 131919735117504 pump_end 1 2
1581663658528216 131919735117504 coll_beg 0 0
1581663660881200 131919735117504 coll_end 0 0
1581663662647446 131919735117504 emit_beg 1130 0
1581663666179577 131919735117504 emit_end 1130 0
1581663666182797 131919735117504 drain_beg 0 0
1581663666183297 131919735117504 drain_end 1 0
1581663666183857 131919735117504 subm_beg 1 0
1581663669639780 131919735117504 subm_end 1 0
1581663669640200 131919735117504 pump_beg 1 0
1581663680682247 131919735117504 pump_end 1 2
1581663682551838 131919735117504 coll_beg 0 0
1581663685172563 131919735117504 coll_end 0 0
1581663687937931 131919735117504 emit_beg 1131 0
1581663693255767 131919735117504 emit_end 1131 0
1581663709207174 131919735117504 drain_beg 0 0
1581663709207794 131919735117504 drain_end 1 0
1581663709208224 131919735117504 subm_beg 1 0
1581663712716136 131919735117504 subm_end 1 0
1581663712716586 131919735117504 pump_beg 1 0
1581663725352254 131919735117504 pump_end 1 2
1581663727227415 131919735117504 coll_beg 0 0
1581663731138282 131919735117504 coll_end 0 0
1581663732889718 131919735117504 emit_beg 1132 0
1581663738193274 131919735117504 emit_end 1132 0
1581663738196404 131919735117504 drain_beg 0 0
1581663738196924 131919735117504 drain_end 1 0
1581663738197514 131919735117504 subm_beg 1 0
1581663741608329 131919735117504 subm_end 1 0
1581663741608789 131919735117504 pump_beg 1 0
1581663750850111 131919735117504 pump_end 1 2
1581663754348134 131919735117504 coll_beg 0 0
1581663755716824 131919735117504 coll_end 0 0
1581663757887434 131919735117504 emit_beg 1133 0
1581663764872069 131919735117504 emit_end 1133 0
1581663764875139 131919735117504 drain_beg 0 0
1581663764875719 131919735117504 drain_end 1 0
1581663764876229 131919735117504 subm_beg 1 0
1581663768347762 131919735117504 subm_end 1 0
1581663768348372 131919735117504 pump_beg 1 0
1581663779685827 131919735117504 pump_end 1 2
1581663781891897 131919735117504 coll_beg 0 0
1581663786759629 131919735117504 coll_end 0 0
1581663788585632 131919735117504 emit_beg 1134 0
1581663792188200 131919735117504 emit_end 1134 0
1581663792196870 131919735117504 drain_beg 0 0
1581663792197810 131919735117504 drain_end 1 0
1581663792198520 131919735117504 subm_beg 1 0
1581663795704792 131919735117504 subm_end 1 0
1581663795705612 131919735117504 pump_beg 1 0
1581663806188679 131919735117504 pump_end 1 2
1581663808283982 131919735117504 coll_beg 0 0
1581663812096053 131919735117504 coll_end 0 0
1581663813861108 131919735117504 emit_beg 1135 0
1581663820874092 131919735117504 emit_end 1135 0
1581663820877202 131919735117504 drain_beg 0 0
1581663820877602 131919735117504 drain_end 1 0
1581663820877911 131919735117504 subm_beg 1 0
1581663824345505 131919735117504 subm_end 1 0
1581663824346025 131919735117504 pump_beg 1 0
1581663835821565 131919735117504 pump_end 1 2
1581663838062683 131919735117504 coll_beg 0 0
1581663843831342 131919735117504 coll_end 0 0
1581663845606958 131919735117504 emit_beg 1136 0
1581663850917933 131919735117504 emit_end 1136 0
1581663850920313 131919735117504 drain_beg 0 0
1581663850920663 131919735117504 drain_end 1 0
1581663850920973 131919735117504 subm_beg 1 0
1581663854310539 131919735117504 subm_end 1 0
1581663854310929 131919735117504 pump_beg 1 0
1581663867007795 131919735117504 pump_end 1 2
1581663869151677 131919735117504 coll_beg 0 0
1581663873508378 131919735117504 coll_end 0 0
1581663875316081 131919735117504 emit_beg 1137 0
1581663880670026 131919735117504 emit_end 1137 0
1581663897704263 131919735117504 drain_beg 0 0
1581663897706383 131919735117504 drain_end 1 0
1581663897707143 131919735117504 subm_beg 1 0
1581663901119398 131919735117504 subm_end 1 0
1581663901121058 131919735117504 pump_beg 1 0
1581663913729967 131919735117504 pump_end 1 2
1581663915572830 131919735117504 coll_beg 0 0
1581663919123740 131919735117504 coll_end 0 0
1581663920898305 131919735117504 emit_beg 1138 0
1581663924415587 131919735117504 emit_end 1138 0
1581663924418976 131919735117504 drain_beg 0 0
1581663924419496 131919735117504 drain_end 1 0
1581663924420126 131919735117504 subm_beg 1 0
1581663927823142 131919735117504 subm_end 1 0
1581663927823592 131919735117504 pump_beg 1 0
1581663937098593 131919735117504 pump_end 1 2
1581663940442751 131919735117504 coll_beg 0 0
1581663942057922 131919735117504 coll_end 0 0
1581663943894254 131919735117504 emit_beg 1139 0
1581663950855840 131919735117504 emit_end 1139 0
1581663962613170 131919735117504 drain_beg 0 0
1581663962618370 131919735117504 drain_end 1 0
1581663962619650 131919735117504 subm_beg 1 0
1581663966123492 131919735117504 subm_end 1 0
1581663966124122 131919735117504 pump_beg 1 0
1581663975101474 131919735117504 pump_end 1 2
1581663976936307 131919735117504 coll_beg 0 0
1581663978710962 131919735117504 coll_end 0 0
1581663980462988 131919735117504 emit_beg 1140 0
1581663985828522 131919735117504 emit_end 1140 0
1581663999793421 131919735117504 drain_beg 0 0
1581663999794611 131919735117504 drain_end 1 0
1581663999795201 131919735117504 subm_beg 1 0
1581664003540174 131919735117504 subm_end 1 0
1581664003543634 131919735117504 pump_beg 1 0
1581664015235876 131919735117504 pump_end 1 2
1581664017127757 131919735117504 coll_beg 0 0
1581664019693684 131919735117504 coll_end 0 0
1581664021541806 131919735117504 emit_beg 1141 0
1581664027069204 131919735117504 emit_end 1141 0
1581664027073414 131919735117504 drain_beg 0 0
1581664027074004 131919735117504 drain_end 1 0
1581664027074584 131919735117504 subm_beg 1 0
1581664030663912 131919735117504 subm_end 1 0
1581664030664372 131919735117504 pump_beg 1 0
1581664041786916 131919735117504 pump_end 1 2
1581664044914791 131919735117504 coll_beg 0 0
1581664048035987 131919735117504 coll_end 0 0
1581664049855411 131919735117504 emit_beg 1142 0
1581664055492355 131919735117504 emit_end 1142 0
1581664055495825 131919735117504 drain_beg 0 0
1581664055496715 131919735117504 drain_end 1 0
1581664055497155 131919735117504 subm_beg 1 0
1581664059332225 131919735117504 subm_end 1 0
1581664059332674 131919735117504 pump_beg 1 0
1581664070750627 131919735117504 pump_end 1 2
1581664072575750 131919735117504 coll_beg 0 0
1581664076258556 131919735117504 coll_end 0 0
1581664079191669 131919735117504 emit_beg 1143 0
1581664084596721 131919735117504 emit_end 1143 0
1581664084599801 131919735117504 drain_beg 0 0
1581664084600291 131919735117504 drain_end 1 0
1581664084600811 131919735117504 subm_beg 1 0
1581664088124722 131919735117504 subm_end 1 0
1581664088126772 131919735117504 pump_beg 1 0
1581664100224650 131919735117504 pump_end 1 2
1581664103065676 131919735117504 coll_beg 0 0
1581664106938704 131919735117504 coll_end 0 0
1581664109127684 131919735117504 emit_beg 1144 0
1581664114633663 131919735117504 emit_end 1144 0
1581664114642112 131919735117504 drain_beg 0 0
1581664114642672 131919735117504 drain_end 1 0
1581664114643072 131919735117504 subm_beg 1 0
1581664118163744 131919735117504 subm_end 1 0
1581664118164024 131919735117504 pump_beg 1 0
1581664128758396 131919735117504 pump_end 1 2
1581664131461678 131919735117504 coll_beg 0 0
1581664133828731 131919735117504 coll_end 0 0
1581664135606596 131919735117504 emit_beg 1145 0
1581664141186782 131919735117504 emit_end 1145 0
1581664141189772 131919735117504 drain_beg 0 0
1581664141190322 131919735117504 drain_end 1 0
1581664141190792 131919735117504 subm_beg 1 0
1581664144812690 131919735117504 subm_end 1 0
1581664144813170 131919735117504 pump_beg 1 0
1581664157381410 131919735117504 pump_end 1 2
1581664159525102 131919735117504 coll_beg 0 0
1581664165963736 131919735117504 coll_end 0 0
1581664167821638 131919735117504 emit_beg 1146 0
1581664175233837 131919735117504 emit_end 1146 0
1581664175236487 131919735117504 drain_beg 0 0
1581664175236797 131919735117504 drain_end 1 0
1581664175237237 131919735117504 subm_beg 1 0
1581664178781018 131919735117504 subm_end 1 0
1581664178781398 131919735117504 pump_beg 1 0
1581664186668269 131919735117504 pump_end 1 2
1581664188641717 131919735117504 coll_beg 0 0
1581664188667966 131919735117504 coll_end 0 0
1581664192304383 131919735117504 emit_beg 1147 0
1581664199592477 131919735117504 emit_end 1147 0
1581664210608894 131919735117504 drain_beg 0 0
1581664210609414 131919735117504 drain_end 1 0
1581664210609814 131919735117504 subm_beg 1 0
1581664214224392 131919735117504 subm_end 1 0
1581664214224692 131919735117504 pump_beg 1 0
1581664226950327 131919735117504 pump_end 1 2
1581664228809379 131919735117504 coll_beg 0 0
1581664234688654 131919735117504 coll_end 0 0
1581664236561016 131919735117504 emit_beg 1148 0
1581664241966298 131919735117504 emit_end 1148 0
1581664241968988 131919735117504 drain_beg 0 0
1581664241969448 131919735117504 drain_end 1 0
1581664241969888 131919735117504 subm_beg 1 0
1581664245483429 131919735117504 subm_end 1 0
1581664245483869 131919735117504 pump_beg 1 0
1581664256866683 131919735117504 pump_end 1 2
1581664258620219 131919735117504 coll_beg 0 0
1581664261490234 131919735117504 coll_end 0 0
1581664263329127 131919735117504 emit_beg 1149 0
1581664268781558 131919735117504 emit_end 1149 0
1581664285058873 131919735117504 drain_beg 0 0
1581664285060682 131919735117504 drain_end 1 0
1581664285061512 131919735117504 subm_beg 1 0
1581664288658421 131919735117504 subm_end 1 0
1581664288659281 131919735117504 pump_beg 1 0
1581664301476523 131919735117504 pump_end 1 2
1581664303367403 131919735117504 coll_beg 0 0
1581664307457534 131919735117504 coll_end 0 0
1581664309331385 131919735117504 emit_beg 1150 0
1581664314860203 131919735117504 emit_end 1150 0
1581664314863763 131919735117504 drain_beg 0 0
1581664314864423 131919735117504 drain_end 1 0
1581664314865343 131919735117504 subm_beg 1 0
1581664318431483 131919735117504 subm_end 1 0
1581664318431863 131919735117504 pump_beg 1 0
1581664328316021 131919735117504 pump_end 1 2
1581664331687068 131919735117504 coll_beg 0 0
1581664333630907 131919735117504 coll_end 0 0
1581664337312242 131919735117504 emit_beg 1151 0
1581664342718665 131919735117504 emit_end 1151 0
1581664342721095 131919735117504 drain_beg 0 0
1581664342721355 131919735117504 drain_end 1 0
1581664342721605 131919735117504 subm_beg 1 0
1581664346286864 131919735117504 subm_end 1 0
1581664346287244 131919735117504 pump_beg 1 0
1581664358935292 131919735117504 pump_end 1 2
1581664361209659 131919735117504 coll_beg 0 0
1581664365433274 131919735117504 coll_end 0 0
1581664367258748 131919735117504 emit_beg 1152 0
1581664372682399 131919735117504 emit_end 1152 0
1581664372685129 131919735117504 drain_beg 0 0
1581664372685719 131919735117504 drain_end 1 0
1581664372686169 131919735117504 subm_beg 1 0
1581664376144303 131919735117504 subm_end 1 0
1581664376144673 131919735117504 pump_beg 1 0
1581664384514707 131919735117504 pump_end 1 2
1581664387280046 131919735117504 coll_beg 0 0
1581664387680111 131919735117504 coll_end 0 0
1581664390782548 131919735117504 emit_beg 1153 0
1581664397591189 131919735117504 emit_end 1153 0
1581664410369072 131919735117504 drain_beg 0 0
1581664410369582 131919735117504 drain_end 1 0
1581664410369882 131919735117504 subm_beg 1 0
1581664413784287 131919735117504 subm_end 1 0
1581664413784687 131919735117504 pump_beg 1 0
1581664426801041 131919735117504 pump_end 1 2
1581664428687182 131919735117504 coll_beg 0 0
1581664432639868 131919735117504 coll_end 0 0
1581664434536148 131919735117504 emit_beg 1154 0
1581664439852054 131919735117504 emit_end 1154 0
1581664439855204 131919735117504 drain_beg 0 0
1581664439855714 131919735117504 drain_end 1 0
1581664439856164 131919735117504 subm_beg 1 0
1581664443346946 131919735117504 subm_end 1 0
1581664443347296 131919735117504 pump_beg 1 0
1581664456524164 131919735117504 pump_end 1 2
1581664460007007 131919735117504 coll_beg 0 0
1581664463976652 131919735117504 coll_end 0 0
1581664465884442 131919735117504 emit_beg 1155 0
1581664483971531 131919735117504 emit_end 1155 0
1581664483974791 131919735117504 drain_beg 0 0
1581664483975301 131919735117504 drain_end 1 0
1581664483975661 131919735117504 subm_beg 1 0
1581664495313426 131919735117504 subm_end 1 0
1581664495313996 131919735117504 pump_beg 1 0
1581664507694034 131919735117504 pump_end 1 2
1581664516017889 131919735117504 coll_beg 0 0
1581664519911987 131919735117504 coll_end 0 0
1581664527338176 131919735117504 emit_beg 1156 0
1581664544288856 131919735117504 emit_end 1156 0
1581664567851975 131919735117504 drain_beg 0 0
1581664567854195 131919735117504 drain_end 1 0
1581664567855094 131919735117504 subm_beg 1 0
1581664574719394 131919735117504 subm_end 1 0
1581664574720294 131919735117504 pump_beg 1 0
1581664585205670 131919735117504 pump_end 1 2
1581664587830574 131919735117504 coll_beg 0 0
1581664590196138 131919735117504 coll_end 0 0
1581664592589290 131919735117504 emit_beg 1157 0
1581664599520777 131919735117504 emit_end 1157 0
1581664599524267 131919735117504 drain_beg 0 0
1581664599524787 131919735117504 drain_end 1 0
1581664599525167 131919735117504 subm_beg 1 0
1581664604215915 131919735117504 subm_end 1 0
1581664604217545 131919735117504 pump_beg 1 0
1581664613303953 131919735117504 pump_end 1 2
1581664618655197 131919735117504 coll_beg 0 0
1581664619981189 131919735117504 coll_end 0 0
1581664622706579 131919735117504 emit_beg 1158 0
1581664633902330 131919735117504 emit_end 1158 0
1581664633905000 131919735117504 drain_beg 0 0
1581664633905470 131919735117504 drain_end 1 0
1581664633905800 131919735117504 subm_beg 1 0
1581664638663236 131919735117504 subm_end 1 0
1581664638663556 131919735117504 pump_beg 1 0
1581664648966959 131919735117504 pump_end 1 2
1581664653972756 131919735117504 coll_beg 0 0
1581664656276852 131919735117504 coll_end 0 0
1581664660387802 131919735117504 emit_beg 1159 0
1581664669224989 131919735117504 emit_end 1159 0
1581664669227729 131919735117504 drain_beg 0 0
1581664669228129 131919735117504 drain_end 1 0
1581664669228419 131919735117504 subm_beg 1 0
1581664673117557 131919735117504 subm_end 1 0
1581664673117946 131919735117504 pump_beg 1 0
1581664682817962 131919735117504 pump_end 1 2
1581664685997536 131919735117504 coll_beg 0 0
1581664687873707 131919735117504 coll_end 0 0
1581664689896723 131919735117504 emit_beg 1160 0
1581664695710720 131919735117504 emit_end 1160 0
1581664709496247 131919735117504 drain_beg 0 0
1581664709497687 131919735117504 drain_end 1 0
1581664709498426 131919735117504 subm_beg 1 0
1581664712962420 131919735117504 subm_end 1 0
1581664712964230 131919735117504 pump_beg 1 0
1581664721581165 131919735117504 pump_end 1 2
1581664723538833 131919735117504 coll_beg 0 0
1581664725017219 131919735117504 coll_end 0 0
1581664727264937 131919735117504 emit_beg 1161 0
1581664732559723 131919735117504 emit_end 1161 0
1581664732562743 131919735117504 drain_beg 0 0
1581664732563393 131919735117504 drain_end 1 0
1581664732563903 131919735117504 subm_beg 1 0
1581664736076225 131919735117504 subm_end 1 0
1581664736076595 131919735117504 pump_beg 1 0
1581664746770904 131919735117504 pump_end 1 2
1581664748749632 131919735117504 coll_beg 0 0
1581664751434933 131919735117504 coll_end 0 0
1581664753233068 131919735117504 emit_beg 1162 0
1581664760346708 131919735117504 emit_end 1162 0
1581664760349728 131919735117504 drain_beg 0 0
1581664760350168 131919735117504 drain_end 1 0
1581664760350697 131919735117504 subm_beg 1 0
1581664763726724 131919735117504 subm_end 1 0
1581664763727194 131919735117504 pump_beg 1 0
1581664773806776 131919735117504 pump_end 1 2
1581664775631109 131919735117504 coll_beg 0 0
1581664777844488 131919735117504 coll_end 0 0
1581664779665091 131919735117504 emit_beg 1163 0
1581664784931379 131919735117504 emit_end 1163 0
1581664799317823 131919735117504 drain_beg 0 0
1581664799318553 131919735117504 drain_end 1 0
1581664799318833 131919735117504 subm_beg 1 0
1581664802762947 131919735117504 subm_end 1 0
1581664802763347 131919735117504 pump_beg 1 0
1581664813862581 131919735117504 pump_end 1 2
1581664815751362 131919735117504 coll_beg 0 0
1581664818461813 131919735117504 coll_end 0 0
1581664820240978 131919735117504 emit_beg 1164 0
1581664825774636 131919735117504 emit_end 1164 0
1581664825777176 131919735117504 drain_beg 0 0
1581664825777636 131919735117504 drain_end 1 0
1581664825778216 131919735117504 subm_beg 1 0
1581664829316896 131919735117504 subm_end 1 0
1581664829317346 131919735117504 pump_beg 1 0
1581664841696314 131919735117504 pump_end 1 2
1581664843532747 131919735117504 coll_beg 0 0
1581664846644863 131919735117504 coll_end 0 0
1581664849841296 131919735117504 emit_beg 1165 0
1581664853557760 131919735117504 emit_end 1165 0
1581664853560930 131919735117504 drain_beg 0 0
1581664853561370 131919735117504 drain_end 1 0
1581664853561630 131919735117504 subm_beg 1 0
1581664857141919 131919735117504 subm_end 1 0
1581664857142469 131919735117504 pump_beg 1 0
1581664870781351 131919735117504 pump_end 1 2
1581664873410724 131919735117504 coll_beg 0 0
1581664878636703 131919735117504 coll_end 0 0
1581664880506785 131919735117504 emit_beg 1166 0
1581664886075871 131919735117504 emit_end 1166 0
1581664886079791 131919735117504 drain_beg 0 0
1581664886080421 131919735117504 drain_end 1 0
1581664886081111 131919735117504 subm_beg 1 0
1581664889616602 131919735117504 subm_end 1 0
1581664889617012 131919735117504 pump_beg 1 0
1581664902338327 131919735117504 pump_end 1 2
1581664905749832 131919735117504 coll_beg 0 0
1581664911438574 131919735117504 coll_end 0 0
1581664913272487 131919735117504 emit_beg 1167 0
1581664918744097 131919735117504 emit_end 1167 0
1581664918746387 131919735117504 drain_beg 0 0
1581664918746937 131919735117504 drain_end 1 0
1581664918747197 131919735117504 subm_beg 1 0
1581664922290368 131919735117504 subm_end 1 0
1581664922290828 131919735117504 pump_beg 1 0
1581664932860571 131919735117504 pump_end 1 2
1581664935347600 131919735117504 coll_beg 0 0
1581664938041042 131919735117504 coll_end 0 0
1581664940881528 131919735117504 emit_beg 1168 0
1581664946485073 131919735117504 emit_end 1168 0
1581664946487373 131919735117504 drain_beg 0 0
1581664946487963 131919735117504 drain_end 1 0
1581664946488213 131919735117504 subm_beg 1 0
1581664950124190 131919735117504 subm_end 1 0
1581664950124680 131919735117504 pump_beg 1 0
1581664962722109 131919735117504 pump_end 1 2
1581664964551003 131919735117504 coll_beg 0 0
1581664970589052 131919735117504 coll_end 0 0
1581664972592819 131919735117504 emit_beg 1169 0
1581664980123383 131919735117504 emit_end 1169 0
1581664980127153 131919735117504 drain_beg 0 0
1581664980127633 131919735117504 drain_end 1 0
1581664980127913 131919735117504 subm_beg 1 0
1581664981941047 131919735117504 subm_end 1 0
1581664981941497 131919735117504 pump_beg 1 0
1581664992219811 131919735117504 pump_end 1 2
1581664994546416 131919735117504 coll_beg 0 0
1581664998041288 131919735117504 coll_end 0 0
1581665000029616 131919735117504 emit_beg 1170 0
1581665007403296 131919735117504 emit_end 1170 0
1581665007407726 131919735117504 drain_beg 0 0
1581665007408796 131919735117504 drain_end 1 0
1581665007409486 131919735117504 subm_beg 1 0
1581665010941177 131919735117504 subm_end 1 0
1581665010941797 131919735117504 pump_beg 1 0
1581665022626060 131919735117504 pump_end 1 2
1581665025273983 131919735117504 coll_beg 0 0
1581665030230212 131919735117504 coll_end 0 0
1581665032101793 131919735117504 emit_beg 1171 0
1581665037617222 131919735117504 emit_end 1171 0
1581665037620082 131919735117504 drain_beg 0 0
1581665037620652 131919735117504 drain_end 1 0
1581665037621161 131919735117504 subm_beg 1 0
1581665041186601 131919735117504 subm_end 1 0
1581665041187001 131919735117504 pump_beg 1 0
1581665051940308 131919735117504 pump_end 1 2
1581665054920689 131919735117504 coll_beg 0 0
1581665057713297 131919735117504 coll_end 0 0
1581665059557969 131919735117504 emit_beg 1172 0
1581665065046289 131919735117504 emit_end 1172 0
1581665080604140 131919735117504 drain_beg 0 0
1581665080604830 131919735117504 drain_end 1 0
1581665080605090 131919735117504 subm_beg 1 0
1581665084233747 131919735117504 subm_end 1 0
1581665084234197 131919735117504 pump_beg 1 0
1581665096612495 131919735117504 pump_end 1 2
1581665098434968 131919735117504 coll_beg 0 0
1581665102457111 131919735117504 coll_end 0 0
1581665104306694 131919735117504 emit_beg 1173 0
1581665107943051 131919735117504 emit_end 1173 0
1581665107945631 131919735117504 drain_beg 0 0
1581665107946091 131919735117504 drain_end 1 0
1581665107946701 131919735117504 subm_beg 1 0
1581665111531499 131919735117504 subm_end 1 0
1581665111531909 131919735117504 pump_beg 1 0
1581665123252031 131919735117504 pump_end 1 2
1581665126712325 131919735117504 coll_beg 0 0
1581665131493820 131919735117504 coll_end 0 0
1581665135148786 131919735117504 emit_beg 1174 0
1581665140797240 131919735117504 emit_end 1174 0
1581665140800189 131919735117504 drain_beg 0 0
1581665140800809 131919735117504 drain_end 1 0
1581665140801409 131919735117504 subm_beg 1 0
1581665144455336 131919735117504 subm_end 1 0
1581665144455716 131919735117504 pump_beg 1 0
1581665155606898 131919735117504 pump_end 1 2
1581665159067182 131919735117504 coll_beg 0 0
1581665164527822 131919735117504 coll_end 0 0
1581665166368265 131919735117504 emit_beg 1175 0
1581665171834155 131919735117504 emit_end 1175 0
1581665171836915 131919735117504 drain_beg 0 0
1581665171837455 131919735117504 drain_end 1 0
1581665171837995 131919735117504 subm_beg 1 0
1581665175382225 131919735117504 subm_end 1 0
1581665175382605 131919735117504 pump_beg 1 0
1581665185078221 131919735117504 pump_end 1 2
1581665187849430 131919735117504 coll_beg 0 0
1581665190498763 131919735117504 coll_end 0 0
1581665192308247 131919735117504 emit_beg 1176 0
1581665197789506 131919735117504 emit_end 1176 0
1581665212053755 131919735117504 drain_beg 0 0
1581665212054345 131919735117504 drain_end 1 0
1581665212054635 131919735117504 subm_beg 1 0
1581665215445311 131919735117504 subm_end 1 0
1581665215445731 131919735117504 pump_beg 1 0
1581665225747904 131919735117504 pump_end 1 2
1581665227569428 131919735117504 coll_beg 0 0
1581665230780930 131919735117504 coll_end 0 0
1581665232619533 131919735117504 emit_beg 1177 0
1581665237859271 131919735117504 emit_end 1177 0
1581665237861691 131919735117504 drain_beg 0 0
1581665237862191 131919735117504 drain_end 1 0
1581665237862651 131919735117504 subm_beg 1 0
1581665241490779 131919735117504 subm_end 1 0
1581665241491099 131919735117504 pump_beg 1 0
1581665252209077 131919735117504 pump_end 1 2
1581665255133930 131919735117504 coll_beg 0 0
1581665258289305 131919735117504 coll_end 0 0
1581665260065520 131919735117504 emit_beg 1178 0
1581665265328377 131919735117504 emit_end 1178 0
1581665265330797 131919735117504 drain_beg 0 0
1581665265331157 131919735117504 drain_end 1 0
1581665265331427 131919735117504 subm_beg 1 0
1581665268694784 131919735117504 subm_end 1 0
1581665268695164 131919735117504 pump_beg 1 0
1581665281684889 131919735117504 pump_end 1 2
1581665283379337 131919735117504 coll_beg 0 0
1581665287350672 131919735117504 coll_end 0 0
1581665289202624 131919735117504 emit_beg 1179 0
1581665294432523 131919735117504 emit_end 1179 0
1581665294446343 131919735117504 drain_beg 0 0
1581665294446813 131919735117504 drain_end 1 0
1581665294447063 131919735117504 subm_beg 1 0
1581665297771071 131919735117504 subm_end 1 0
1581665297771491 131919735117504 pump_beg 1 0
1581665307241155 131919735117504 pump_end 1 2
1581665310164748 131919735117504 coll_beg 0 0
1581665312158315 131919735117504 coll_end 0 0
1581665313924271 131919735117504 emit_beg 1180 0
1581665321017151 131919735117504 emit_end 1180 0
1581665321056650 131919735117504 drain_beg 0 0
1581665321058740 131919735117504 drain_end 1 0
1581665321059700 131919735117504 subm_beg 1 0
1581665324535893 131919735117504 subm_end 1 0
1581665324537803 131919735117504 pump_beg 1 0
1581665335288300 131919735117504 pump_end 1 2
1581665337910684 131919735117504 coll_beg 0 0
1581665340822317 131919735117504 coll_end 0 0
1581665342587153 131919735117504 emit_beg 1181 0
1581665347862290 131919735117504 emit_end 1181 0
1581665347865750 131919735117504 drain_beg 0 0
1581665347866270 131919735117504 drain_end 1 0
1581665347866660 131919735117504 subm_beg 1 0
1581665351324233 131919735117504 subm_end 1 0
1581665351324663 131919735117504 pump_beg 1 0
1581665361211202 131919735117504 pump_end 1 2
1581665363720680 131919735117504 coll_beg 0 0
1581665366381343 131919735117504 coll_end 0 0
1581665368232705 131919735117504 emit_beg 1182 0
1581665373418566 131919735117504 emit_end 1182 0
1581665387611747 131919735117504 drain_beg 0 0
1581665387612557 131919735117504 drain_end 1 0
1581665387612937 131919735117504 subm_beg 1 0
1581665391352020 131919735117504 subm_end 1 0
1581665391352510 131919735117504 pump_beg 1 0
1581665401926814 131919735117504 pump_end 1 2
1581665403805975 131919735117504 coll_beg 0 0
1581665407454392 131919735117504 coll_end 0 0
1581665409391581 131919735117504 emit_beg 1183 0
1581665414773754 131919735117504 emit_end 1183 0
1581665414777074 131919735117504 drain_beg 0 0
1581665414777574 131919735117504 drain_end 1 0
1581665414777914 131919735117504 subm_beg 1 0
1581665418273286 131919735117504 subm_end 1 0
1581665418273766 131919735117504 pump_beg 1 0
1581665428394436 131919735117504 pump_end 1 2
1581665431838410 131919735117504 coll_beg 0 0
1581665433636754 131919735117504 coll_end 0 0
1581665435421559 131919735117504 emit_beg 1184 0
1581665440727885 131919735117504 emit_end 1184 0
1581665440731185 131919735117504 drain_beg 0 0
1581665440731895 131919735117504 drain_end 1 0
1581665440732365 131919735117504 subm_beg 1 0
1581665444158720 131919735117504 subm_end 1 0
1581665444159200 131919735117504 pump_beg 1 0
1581665457869989 131919735117504 pump_end 1 2
1581665459611295 131919735117504 coll_beg 0 0
1581665464248085 131919735117504 coll_end 0 0
1581665466829071 131919735117504 emit_beg 1185 0
1581665472162116 131919735117504 emit_end 1185 0
1581665472164676 131919735117504 drain_beg 0 0
1581665472165326 131919735117504 drain_end 1 0
1581665472165816 131919735117504 subm_beg 1 0
1581665475610050 131919735117504 subm_end 1 0
1581665475610440 131919735117504 pump_beg 1 0
1581665488309866 131919735117504 pump_end 1 2
1581665491061055 131919735117504 coll_beg 0 0
1581665496443928 131919735117504 coll_end 0 0
1581665498215514 131919735117504 emit_beg 1186 0
1581665503530989 131919735117504 emit_end 1186 0
1581665503535569 131919735117504 drain_beg 0 0
1581665503536719 131919735117504 drain_end 1 0
1581665503536999 131919735117504 subm_beg 1 0
1581665507010762 131919735117504 subm_end 1 0
1581665507011242 131919735117504 pump_beg 1 0
1581665518840190 131919735117504 pump_end 1 2
1581665521869669 131919735117504 coll_beg 0 0
1581665526657064 131919735117504 coll_end 0 0
1581665528441019 131919735117504 emit_beg 1187 0
1581665533691047 131919735117504 emit_end 1187 0
1581665550093057 131919735117504 drain_beg 0 0
1581665550096947 131919735117504 drain_end 1 0
1581665550098307 131919735117504 subm_beg 1 0
1581665553578870 131919735117504 subm_end 1 0
1581665553579360 131919735117504 pump_beg 1 0
1581665564455352 131919735117504 pump_end 1 2
1581665566321964 131919735117504 coll_beg 0 0
1581665569673101 131919735117504 coll_end 0 0
1581665571607261 131919735117504 emit_beg 1188 0
1581665577233525 131919735117504 emit_end 1188 0
1581665577237685 131919735117504 drain_beg 0 0
1581665577238435 131919735117504 drain_end 1 0
1581665577239035 131919735117504 subm_beg 1 0
1581665580847883 131919735117504 subm_end 1 0
1581665580848353 131919735117504 pump_beg 1 0
1581665593249610 131919735117504 pump_end 1 2
1581665595448619 131919735117504 coll_beg 0 0
1581665599381675 131919735117504 coll_end 0 0
1581665601205399 131919735117504 emit_beg 1189 0
1581665606741106 131919735117504 emit_end 1189 0
1581665606744126 131919735117504 drain_beg 0 0
1581665606744816 131919735117504 drain_end 1 0
1581665606745326 131919735117504 subm_beg 1 0
1581665610355814 131919735117504 subm_end 1 0
1581665610356254 131919735117504 pump_beg 1 0
1581665618533735 131919735117504 pump_end 1 2
1581665621019294 131919735117504 coll_beg 0 0
1581665621370532 131919735117504 coll_end 0 0
1581665624590054 131919735117504 emit_beg 1190 0
1581665631823759 131919735117504 emit_end 1190 0
1581665645171201 131919735117504 drain_beg 0 0
1581665645173061 131919735117504 drain_end 1 0
1581665645173691 131919735117504 subm_beg 1 0
1581665648816188 131919735117504 subm_end 1 0
1581665648817068 131919735117504 pump_beg 1 0
1581665660771181 131919735117504 pump_end 1 2
1581665662705190 131919735117504 coll_beg 0 0
1581665666435974 131919735117504 coll_end 0 0
1581665668297136 131919735117504 emit_beg 1191 0
1581665673857423 131919735117504 emit_end 1191 0
1581665673860403 131919735117504 drain_beg 0 0
1581665673860923 131919735117504 drain_end 1 0
1581665673861383 131919735117504 subm_beg 1 0
1581665677415713 131919735117504 subm_end 1 0
1581665677416093 131919735117504 pump_beg 1 0
1581665689327387 131919735117504 pump_end 1 2
1581665692412464 131919735117504 coll_beg 0 0
1581665695714034 131919735117504 coll_end 0 0
1581665697678662 131919735117504 emit_beg 1192 0
1581665703185151 131919735117504 emit_end 1192 0
1581665703187541 131919735117504 drain_beg 0 0
1581665703187981 131919735117504 drain_end 1 0
1581665703188521 131919735117504 subm_beg 1 0
1581665706788919 131919735117504 subm_end 1 0
1581665706789389 131919735117504 pump_beg 1 0
1581665714539106 131919735117504 pump_end 1 2
1581665717403481 131919735117504 coll_beg 0 0
1581665717419210 131919735117504 coll_end 0 0
1581665721039608 131919735117504 emit_beg 1193 0
1581665728313082 131919735117504 emit_end 1193 0
1581665741244149 131919735117504 drain_beg 0 0
1581665741244819 131919735117504 drain_end 1 0
1581665741245069 131919735117504 subm_beg 1 0
1581665744930104 131919735117504 subm_end 1 0
1581665744931474 131919735117504 pump_beg 1 0
1581665756834999 131919735117504 pump_end 1 2
1581665758696251 131919735117504 coll_beg 0 0
1581665763777606 131919735117504 coll_end 0 0
1581665765616158 131919735117504 emit_beg 1194 0
1581665771120847 131919735117504 emit_end 1194 0
1581665771123747 131919735117504 drain_beg 0 0
1581665771124137 131919735117504 drain_end 1 0
1581665771124477 131919735117504 subm_beg 1 0
1581665774695016 131919735117504 subm_end 1 0
1581665774695596 131919735117504 pump_beg 1 0
1581665786690398 131919735117504 pump_end 1 2
1581665789974878 131919735117504 coll_beg 0 0
1581665793789778 131919735117504 coll_end 0 0
1581665795718998 131919735117504 emit_beg 1195 0
1581665801264895 131919735117504 emit_end 1195 0
1581665801267825 131919735117504 drain_beg 0 0
1581665801268245 131919735117504 drain_end 1 0
1581665801268865 131919735117504 subm_beg 1 0
1581665804861304 131919735117504 subm_end 1 0
1581665804861694 131919735117504 pump_beg 1 0
1581665816766018 131919735117504 pump_end 1 2
1581665820254511 131919735117504 coll_beg 0 0
1581665823882858 131919735117504 coll_end 0 0
1581665825733411 131919735117504 emit_beg 1196 0
1581665831241779 131919735117504 emit_end 1196 0
1581665848281136 131919735117504 drain_beg 0 0
1581665848282296 131919735117504 drain_end 1 0
1581665848282696 131919735117504 subm_beg 1 0
1581665851963732 131919735117504 subm_end 1 0
1581665851964292 131919735117504 pump_beg 1 0
1581665863647395 131919735117504 pump_end 1 2
1581665865455889 131919735117504 coll_beg 0 0
1581665868967830 131919735117504 coll_end 0 0
1581665870749295 131919735117504 emit_beg 1197 0
1581665876276793 131919735117504 emit_end 1197 0
1581665876279763 131919735117504 drain_beg 0 0
1581665876280433 131919735117504 drain_end 1 0
1581665876280953 131919735117504 subm_beg 1 0
1581665879980588 131919735117504 subm_end 1 0
1581665879980988 131919735117504 pump_beg 1 0
1581665891956010 131919735117504 pump_end 1 2
1581665895349776 131919735117504 coll_beg 0 0
1581665899398088 131919735117504 coll_end 0 0
1581665901241850 131919735117504 emit_beg 1198 0
1581665906773938 131919735117504 emit_end 1198 0
1581665906776588 131919735117504 drain_beg 0 0
1581665906777118 131919735117504 drain_end 1 0
1581665906777648 131919735117504 subm_beg 1 0
1581665910288900 131919735117504 subm_end 1 0
1581665910289380 131919735117504 pump_beg 1 0
1581665923158069 131919735117504 pump_end 1 2
1581665926243896 131919735117504 coll_beg 0 0
1581665931540473 131919735117504 coll_end 0 0
1581665933483902 131919735117504 emit_beg 1199 0
1581665939052568 131919735117504 emit_end 1199 0
1581665939057898 131919735117504 drain_beg 0 0
1581665939058638 131919735117504 drain_end 1 0
1581665939059088 131919735117504 subm_beg 1 0
1581665942628137 131919735117504 subm_end 1 0
1581665942631047 131919735117504 pump_beg 1 0
1581665953256039 131919735117504 pump_end 1 2
1581665956762031 131919735117504 coll_beg 0 0
1581665958858734 131919735117504 coll_end 0 0
1581665962270629 131919735117504 emit_beg 1200 0
1581665967629843 131919735117504 emit_end 1200 0
1581665967633523 131919735117504 drain_beg 0 0
1581665967633983 131919735117504 drain_end 1 0
1581665967634333 131919735117504 subm_beg 1 0
1581665971046288 131919735117504 subm_end 1 0
1581665971047388 131919735117504 pump_beg 1 0
1581665979257118 131919735117504 pump_end 1 2
1581665981077842 131919735117504 coll_beg 0 0
1581665981964389 131919735117504 coll_end 0 0
1581665984459308 131919735117504 emit_beg 1201 0
1581665991545849 131919735117504 emit_end 1201 0
1581666005123103 131919735117504 drain_beg 0 0
1581666005123583 131919735117504 drain_end 1 0
1581666005123903 131919735117504 subm_beg 1 0
1581666008621685 131919735117504 subm_end 1 0
1581666008622095 131919735117504 pump_beg 1 0
1581666021303681 131919735117504 pump_end 1 2
1581666023198662 131919735117504 coll_beg 0 0
1581666027878531 131919735117504 coll_end 0 0
1581666029676865 131919735117504 emit_beg 1202 0
1581666034971992 131919735117504 emit_end 1202 0
1581666034975331 131919735117504 drain_beg 0 0
1581666034975801 131919735117504 drain_end 1 0
1581666034976171 131919735117504 subm_beg 1 0
1581666038363507 131919735117504 subm_end 1 0
1581666038363987 131919735117504 pump_beg 1 0
1581666050844491 131919735117504 pump_end 1 2
1581666054228038 131919735117504 coll_beg 0 0
1581666058182223 131919735117504 coll_end 0 0
1581666059955848 131919735117504 emit_beg 1203 0
1581666065303863 131919735117504 emit_end 1203 0
1581666065306353 131919735117504 drain_beg 0 0
1581666065306723 131919735117504 drain_end 1 0
1581666065307023 131919735117504 subm_beg 1 0
1581666068790815 131919735117504 subm_end 1 0
1581666068791285 131919735117504 pump_beg 1 0
1581666080121441 131919735117504 pump_end 1 2
1581666082303971 131919735117504 coll_beg 0 0
1581666085769005 131919735117504 coll_end 0 0
1581666087628257 131919735117504 emit_beg 1204 0
1581666092912773 131919735117504 emit_end 1204 0
1581666092914753 131919735117504 drain_beg 0 0
1581666092915103 131919735117504 drain_end 1 0
1581666092915403 131919735117504 subm_beg 1 0
1581666096429205 131919735117504 subm_end 1 0
1581666096429575 131919735117504 pump_beg 1 0
1581666104528819 131919735117504 pump_end 1 2
1581666107473731 131919735117504 coll_beg 0 0
1581666107492590 131919735117504 coll_end 0 0
1581666110934375 131919735117504 emit_beg 1205 0
1581666117955628 131919735117504 emit_end 1205 0
1581666130350045 131919735117504 drain_beg 0 0
1581666130350545 131919735117504 drain_end 1 0
1581666130350785 131919735117504 subm_beg 1 0
1581666133782639 131919735117504 subm_end 1 0
1581666133783049 131919735117504 pump_beg 1 0
1581666144920522 131919735117504 pump_end 1 2
1581666146660589 131919735117504 coll_beg 0 0
1581666149793484 131919735117504 coll_end 0 0
1581666151551820 131919735117504 emit_beg 1206 0
1581666156822007 131919735117504 emit_end 1206 0
1581666156824117 131919735117504 drain_beg 0 0
1581666156824377 131919735117504 drain_end 1 0
1581666156824597 131919735117504 subm_beg 1 0
1581666160237232 131919735117504 subm_end 1 0
1581666160237512 131919735117504 pump_beg 1 0
1581666173382122 131919735117504 pump_end 1 2
1581666175141807 131919735117504 coll_beg 0 0
1581666178948278 131919735117504 coll_end 0 0
1581666180731563 131919735117504 emit_beg 1207 0
1581666186080438 131919735117504 emit_end 1207 0
1581666186082897 131919735117504 drain_beg 0 0
1581666186083367 131919735117504 drain_end 1 0
1581666186083797 131919735117504 subm_beg 1 0
1581666189509412 131919735117504 subm_end 1 0
1581666189509712 131919735117504 pump_beg 1 0
1581666198278262 131919735117504 pump_end 1 2
1581666200690663 131919735117504 coll_beg 0 0
1581666202538306 131919735117504 coll_end 0 0
1581666206094716 131919735117504 emit_beg 1208 0
1581666213398739 131919735117504 emit_end 1208 0
1581666213407119 131919735117504 drain_beg 0 0
1581666213408239 131919735117504 drain_end 1 0
1581666213409018 131919735117504 subm_beg 1 0
1581666216887431 131919735117504 subm_end 1 0
1581666216888661 131919735117504 pump_beg 1 0
1581666227918258 131919735117504 pump_end 1 2
1581666230186675 131919735117504 coll_beg 0 0
1581666233122478 131919735117504 coll_end 0 0
1581666234910542 131919735117504 emit_beg 1209 0
1581666240220188 131919735117504 emit_end 1209 0
1581666255238229 131919735117504 drain_beg 0 0
1581666255238929 131919735117504 drain_end 1 0
1581666255239239 131919735117504 subm_beg 1 0
1581666258692583 131919735117504 subm_end 1 0
1581666258693023 131919735117504 pump_beg 1 0
1581666270741793 131919735117504 pump_end 1 2
1581666272544937 131919735117504 coll_beg 0 0
1581666277959709 131919735117504 coll_end 0 0
1581666279934476 131919735117504 emit_beg 1210 0
1581666285211924 131919735117504 emit_end 1210 0
1581666285215253 131919735117504 drain_beg 0 0
1581666285215733 131919735117504 drain_end 1 0
1581666285216203 131919735117504 subm_beg 1 0
1581666288641268 131919735117504 subm_end 1 0
1581666288641678 131919735117504 pump_beg 1 0
1581666298050104 131919735117504 pump_end 1 2
1581666301526847 131919735117504 coll_beg 0 0
1581666302986894 131919735117504 coll_end 0 0
1581666305004820 131919735117504 emit_beg 1211 0
1581666308592889 131919735117504 emit_end 1211 0
1581666324617893 131919735117504 drain_beg 0 0
1581666324618693 131919735117504 drain_end 1 0
1581666324619093 131919735117504 subm_beg 1 0
1581666328176603 131919735117504 subm_end 1 0
1581666328177093 131919735117504 pump_beg 1 0
1581666336107053 131919735117504 pump_end 1 2
1581666337926277 131919735117504 coll_beg 0 0
1581666338066901 131919735117504 coll_end 0 0
1581666339785549 131919735117504 emit_beg 1212 0
1581666345350575 131919735117504 emit_end 1212 0
1581666345353295 131919735117504 drain_beg 0 0
1581666345353835 131919735117504 drain_end 1 0
1581666345354385 131919735117504 subm_beg 1 0
1581666349015151 131919735117504 subm_end 1 0
1581666349015601 131919735117504 pump_beg 1 0
1581666361642449 131919735117504 pump_end 1 2
1581666363527961 131919735117504 coll_beg 0 0
1581666367877112 131919735117504 coll_end 0 0
1581666369732484 131919735117504 emit_beg 1213 0
1581666375391117 131919735117504 emit_end 1213 0
1581666392581148 131919735117504 drain_beg 0 0
1581666392581778 131919735117504 drain_end 1 0
1581666392582078 131919735117504 subm_beg 1 0
1581666396241245 131919735117504 subm_end 1 0
1581666396241815 131919735117504 pump_beg 1 0
1581666404250932 131919735117504 pump_end 1 2
1581666406141033 131919735117504 coll_beg 0 0
1581666406309507 131919735117504 coll_end 0 0
1581666408110751 131919735117504 emit_beg 1214 0
1581666413585520 131919735117504 emit_end 1214 0
1581666413592670 131919735117504 drain_beg 0 0
1581666413593200 131919735117504 drain_end 1 0
1581666413593580 131919735117504 subm_beg 1 0
1581666417212518 131919735117504 subm_end 1 0
1581666417212908 131919735117504 pump_beg 1 0
1581666424899937 131919735117504 pump_end 1 2
1581666427365627 131919735117504 coll_beg 0 0
1581666427419845 131919735117504 coll_end 0 0
1581666430992964 131919735117504 emit_beg 1215 0
1581666438291998 131919735117504 emit_end 1215 0
1581666451444877 131919735117504 drain_beg 0 0
1581666451449486 131919735117504 drain_end 1 0
1581666451450746 131919735117504 subm_beg 1 0
1581666455217869 131919735117504 subm_end 1 0
1581666455220529 131919735117504 pump_beg 1 0
1581666465006431 131919735117504 pump_end 1 2
1581666466894432 131919735117504 coll_beg 0 0
1581666468530542 131919735117504 coll_end 0 0
1581666470401604 131919735117504 emit_beg 1216 0
1581666474127327 131919735117504 emit_end 1216 0
1581666474130037 131919735117504 drain_beg 0 0
1581666474130597 131919735117504 drain_end 1 0
1581666474131087 131919735117504 subm_beg 1 0
1581666477758205 131919735117504 subm_end 1 0
1581666477758905 131919735117504 pump_beg 1 0
1581666488502112 131919735117504 pump_end 1 2
1581666491073448 131919735117504 coll_beg 0 0
1581666494150906 131919735117504 coll_end 0 0
1581666496745651 131919735117504 emit_beg 1217 0
1581666504057553 131919735117504 emit_end 1217 0
1581666504059773 131919735117504 drain_beg 0 0
1581666504060383 131919735117504 drain_end 1 0
1581666504060893 131919735117504 subm_beg 1 0
1581666507624513 131919735117504 subm_end 1 0
1581666507624903 131919735117504 pump_beg 1 0
1581666519378323 131919735117504 pump_end 1 2
1581666521806605 131919735117504 coll_beg 0 0
1581666524804815 131919735117504 coll_end 0 0
1581666527227017 131919735117504 emit_beg 1218 0
1581666532726426 131919735117504 emit_end 1218 0
1581666532728965 131919735117504 drain_beg 0 0
1581666532729435 131919735117504 drain_end 1 0
1581666532729875 131919735117504 subm_beg 1 0
1581666536307855 131919735117504 subm_end 1 0
1581666536308235 131919735117504 pump_beg 1 0
1581666546113616 131919735117504 pump_end 1 2
1581666548868635 131919735117504 coll_beg 0 0
1581666550885642 131919735117504 coll_end 0 0
1581666552752103 131919735117504 emit_beg 1219 0
1581666560253579 131919735117504 emit_end 1219 0
1581666560257549 131919735117504 drain_beg 0 0
1581666560258169 131919735117504 drain_end 1 0
1581666560258579 131919735117504 subm_beg 1 0
1581666563754341 131919735117504 subm_end 1 0
1581666563755291 131919735117504 pump_beg 1 0
1581666572587168 131919735117504 pump_end 1 2
1581666575327598 131919735117504 coll_beg 0 0
1581666576037552 131919735117504 coll_end 0 0
1581666578903417 131919735117504 emit_beg 1220 0
1581666585991198 131919735117504 emit_end 1220 0
1581666585994668 131919735117504 drain_beg 0 0
1581666585995178 131919735117504 drain_end 1 0
1581666585995648 131919735117504 subm_beg 1 0
1581666589676574 131919735117504 subm_end 1 0
1581666589677154 131919735117504 pump_beg 1 0
1581666600922882 131919735117504 pump_end 1 2
1581666602997297 131919735117504 coll_beg 0 0
1581666605921310 131919735117504 coll_end 0 0
1581666607800121 131919735117504 emit_beg 1221 0
1581666613517872 131919735117504 emit_end 1221 0
1581666629276716 131919735117504 drain_beg 0 0
1581666629277656 131919735117504 drain_end 1 0
1581666629278016 131919735117504 subm_beg 1 0
1581666632914413 131919735117504 subm_end 1 0
1581666632914883 131919735117504 pump_beg 1 0
1581666641445011 131919735117504 pump_end 1 2
1581666643360261 131919735117504 coll_beg 0 0
1581666644133433 131919735117504 coll_end 0 0
1581666645967466 131919735117504 emit_beg 1222 0
1581666651463435 131919735117504 emit_end 1222 0
1581666651466995 131919735117504 drain_beg 0 0
1581666651467665 131919735117504 drain_end 1 0
1581666651468295 131919735117504 subm_beg 1 0
1581666655063943 131919735117504 subm_end 1 0
1581666655064513 131919735117504 pump_beg 1 0
1581666665296819 131919735117504 pump_end 1 2
1581666668449384 131919735117504 coll_beg 0 0
1581666670721061 131919735117504 coll_end 0 0
1581666672585293 131919735117504 emit_beg 1223 0
1581666678170779 131919735117504 emit_end 1223 0
1581666693429181 131919735117504 drain_beg 0 0
1581666693430271 131919735117504 drain_end 1 0
1581666693430711 131919735117504 subm_beg 1 0
1581666697087837 131919735117504 subm_end 1 0
1581666697088177 131919735117504 pump_beg 1 0
1581666711136214 131919735117504 pump_end 1 2
1581666713184359 131919735117504 coll_beg 0 0
1581666717568108 131919735117504 coll_end 0 0
1581666719531067 131919735117504 emit_beg 1224 0
1581666723325498 131919735117504 emit_end 1224 0
1581666723328548 131919735117504 drain_beg 0 0
1581666723329048 131919735117504 drain_end 1 0
1581666723329728 131919735117504 subm_beg 1 0
1581666727204396 131919735117504 subm_end 1 0
1581666727207296 131919735117504 pump_beg 1 0
1581666736025184 131919735117504 pump_end 1 2
1581666739046133 131919735117504 coll_beg 0 0
1581666739673170 131919735117504 coll_end 0 0
1581666742510947 131919735117504 emit_beg 1225 0
1581666749464452 131919735117504 emit_end 1225 0
1581666762677259 131919735117504 drain_beg 0 0
1581666762678609 131919735117504 drain_end 1 0
1581666762679279 131919735117504 subm_beg 1 0
1581666766218260 131919735117504 subm_end 1 0
1581666766218670 131919735117504 pump_beg 1 0
1581666778498251 131919735117504 pump_end 1 2
1581666781594278 131919735117504 coll_beg 0 0
1581666786149491 131919735117504 coll_end 0 0
1581666788054402 131919735117504 emit_beg 1226 0
1581666793240262 131919735117504 emit_end 1226 0
1581666793244192 131919735117504 drain_beg 0 0
1581666793244782 131919735117504 drain_end 1 0
1581666793245442 131919735117504 subm_beg 1 0
1581666796786122 131919735117504 subm_end 1 0
1581666796786552 131919735117504 pump_beg 1 0
1581666807970194 131919735117504 pump_end 1 2
1581666811402318 131919735117504 coll_beg 0 0
1581666815536127 131919735117504 coll_end 0 0
1581666817437977 131919735117504 emit_beg 1227 0
1581666822847130 131919735117504 emit_end 1227 0
1581666822850170 131919735117504 drain_beg 0 0
1581666822850630 131919735117504 drain_end 1 0
1581666822851050 131919735117504 subm_beg 1 0
1581666826269915 131919735117504 subm_end 1 0
1581666826270655 131919735117504 pump_beg 1 0
1581666837273222 131919735117504 pump_end 1 2
1581666840532703 131919735117504 coll_beg 0 0
1581666844705351 131919735117504 coll_end 0 0
1581666846573252 131919735117504 emit_beg 1228 0
1581666852022113 131919735117504 emit_end 1228 0
1581666852024903 131919735117504 drain_beg 0 0
1581666852025303 131919735117504 drain_end 1 0
1581666852025583 131919735117504 subm_beg 1 0
1581666855640621 131919735117504 subm_end 1 0
1581666855641151 131919735117504 pump_beg 1 0
1581666868906166 131919735117504 pump_end 1 2
1581666871558629 131919735117504 coll_beg 0 0
1581666875938639 131919735117504 coll_end 0 0
1581666877819690 131919735117504 emit_beg 1229 0
1581666883302470 131919735117504 emit_end 1229 0
1581666883305560 131919735117504 drain_beg 0 0
1581666883306160 131919735117504 drain_end 1 0
1581666883306660 131919735117504 subm_beg 1 0
1581666886746484 131919735117504 subm_end 1 0
1581666886747204 131919735117504 pump_beg 1 0
1581666896508187 131919735117504 pump_end 1 2
1581666899872874 131919735117504 coll_beg 0 0
1581666901542233 131919735117504 coll_end 0 0
1581666903372836 131919735117504 emit_beg 1230 0
1581666910348181 131919735117504 emit_end 1230 0
1581666910350511 131919735117504 drain_beg 0 0
1581666910350811 131919735117504 drain_end 1 0
1581666910351101 131919735117504 subm_beg 1 0
1581666913834534 131919735117504 subm_end 1 0
1581666913835053 131919735117504 pump_beg 1 0
1581666925799266 131919735117504 pump_end 1 2
1581666927585801 131919735117504 coll_beg 0 0
1581666932859718 131919735117504 coll_end 0 0
1581666934884244 131919735117504 emit_beg 1231 0
1581666940160901 131919735117504 emit_end 1231 0
1581666940163361 131919735117504 drain_beg 0 0
1581666940163861 131919735117504 drain_end 1 0
1581666940164331 131919735117504 subm_beg 1 0
1581666943528698 131919735117504 subm_end 1 0
1581666943529338 131919735117504 pump_beg 1 0
1581666955293478 131919735117504 pump_end 1 2
1581666957828935 131919735117504 coll_beg 0 0
1581666960761758 131919735117504 coll_end 0 0
1581666962501415 131919735117504 emit_beg 1232 0
1581666969524138 131919735117504 emit_end 1232 0
1581666969526918 131919735117504 drain_beg 0 0
1581666969527368 131919735117504 drain_end 1 0
1581666969527818 131919735117504 subm_beg 1 0
1581666972968372 131919735117504 subm_end 1 0
1581666972969172 131919735117504 pump_beg 1 0
1581666982638958 131919735117504 pump_end 1 2
1581666984974373 131919735117504 coll_beg 0 0
1581666986979720 131919735117504 coll_end 0 0
1581666988765724 131919735117504 emit_beg 1233 0
1581666994453886 131919735117504 emit_end 1233 0
1581667009487137 131919735117504 drain_beg 0 0
1581667009490267 131919735117504 drain_end 1 0
1581667009491007 131919735117504 subm_beg 1 0
1581667013009308 131919735117504 subm_end 1 0
1581667013011318 131919735117504 pump_beg 1 0
1581667023367229 131919735117504 pump_end 1 2
1581667025487522 131919735117504 coll_beg 0 0
1581667027885324 131919735117504 coll_end 0 0
1581667029728857 131919735117504 emit_beg 1234 0
1581667034985415 131919735117504 emit_end 1234 0
1581667034989034 131919735117504 drain_beg 0 0
1581667034989734 131919735117504 drain_end 1 0
1581667034990094 131919735117504 subm_beg 1 0
1581667038537215 131919735117504 subm_end 1 0
1581667038538275 131919735117504 pump_beg 1 0
1581667050130461 131919735117504 pump_end 1 2
1581667053203419 131919735117504 coll_beg 0 0
1581667056480449 131919735117504 coll_end 0 0
1581667058368530 131919735117504 emit_beg 1235 0
1581667065424652 131919735117504 emit_end 1235 0
1581667065429032 131919735117504 drain_beg 0 0
1581667065429562 131919735117504 drain_end 1 0
1581667065430032 131919735117504 subm_beg 1 0
1581667068907145 131919735117504 subm_end 1 0
1581667068907555 131919735117504 pump_beg 1 0
1581667083336557 131919735117504 pump_end 1 2
1581667085657132 131919735117504 coll_beg 0 0
1581667089589519 131919735117504 coll_end 0 0
1581667091451870 131919735117504 emit_beg 1236 0
1581667096862533 131919735117504 emit_end 1236 0
1581667096867132 131919735117504 drain_beg 0 0
1581667096867732 131919735117504 drain_end 1 0
1581667096868152 131919735117504 subm_beg 1 0
1581667100403663 131919735117504 subm_end 1 0
1581667100404283 131919735117504 pump_beg 1 0
1581667112953354 131919735117504 pump_end 1 2
1581667114823646 131919735117504 coll_beg 0 0
1581667118767742 131919735117504 coll_end 0 0
1581667120722080 131919735117504 emit_beg 1237 0
1581667126323546 131919735117504 emit_end 1237 0
1581667126326265 131919735117504 drain_beg 0 0
1581667126326655 131919735117504 drain_end 1 0
1581667126326925 131919735117504 subm_beg 1 0
1581667129881936 131919735117504 subm_end 1 0
1581667129882496 131919735117504 pump_beg 1 0
1581667138732932 131919735117504 pump_end 1 2
1581667140631333 131919735117504 coll_beg 0 0
1581667141432303 131919735117504 coll_end 0 0
1581667144260470 131919735117504 emit_beg 1238 0
1581667151750186 131919735117504 emit_end 1238 0
1581667168288402 131919735117504 drain_beg 0 0
1581667168290491 131919735117504 drain_end 1 0
1581667168290941 131919735117504 subm_beg 1 0
1581667171950748 131919735117504 subm_end 1 0
1581667171951228 131919735117504 pump_beg 1 0
1581667182104996 131919735117504 pump_end 1 2
1581667184043466 131919735117504 coll_beg 0 0
1581667185744913 131919735117504 coll_end 0 0
1581667187602175 131919735117504 emit_beg 1239 0
1581667191311910 131919735117504 emit_end 1239 0
1581667191315550 131919735117504 drain_beg 0 0
1581667191316190 131919735117504 drain_end 1 0
1581667191316680 131919735117504 subm_beg 1 0
1581667195003625 131919735117504 subm_end 1 0
1581667195004105 131919735117504 pump_beg 1 0
1581667206307892 131919735117504 pump_end 1 2
1581667208335378 131919735117504 coll_beg 0 0
1581667211104736 131919735117504 coll_end 0 0
1581667214120786 131919735117504 emit_beg 1240 0
1581667221469067 131919735117504 emit_end 1240 0
1581667221475137 131919735117504 drain_beg 0 0
1581667221475627 131919735117504 drain_end 1 0
1581667221476077 131919735117504 subm_beg 1 0
1581667225002048 131919735117504 subm_end 1 0
1581667225002328 131919735117504 pump_beg 1 0
1581667238448467 131919735117504 pump_end 1 2
1581667240325238 131919735117504 coll_beg 0 0
1581667243302899 131919735117504 coll_end 0 0
1581667245223389 131919735117504 emit_beg 1241 0
1581667250748037 131919735117504 emit_end 1241 0
1581667250750677 131919735117504 drain_beg 0 0
1581667250751067 131919735117504 drain_end 1 0
1581667250751277 131919735117504 subm_beg 1 0
1581667254288158 131919735117504 subm_end 1 0
1581667254288738 131919735117504 pump_beg 1 0
1581667264855291 131919735117504 pump_end 1 2
1581667266806780 131919735117504 coll_beg 0 0
1581667268537817 131919735117504 coll_end 0 0
1581667270533094 131919735117504 emit_beg 1242 0
1581667277907504 131919735117504 emit_end 1242 0
1581667277910194 131919735117504 drain_beg 0 0
1581667277910654 131919735117504 drain_end 1 0
1581667277910914 131919735117504 subm_beg 1 0
1581667281574680 131919735117504 subm_end 1 0
1581667281575130 131919735117504 pump_beg 1 0
1581667294265856 131919735117504 pump_end 1 2
1581667296101479 131919735117504 coll_beg 0 0
1581667299274813 131919735117504 coll_end 0 0
1581667301171564 131919735117504 emit_beg 1243 0
1581667306837377 131919735117504 emit_end 1243 0
1581667323105542 131919735117504 drain_beg 0 0
1581667323106292 131919735117504 drain_end 1 0
1581667323106612 131919735117504 subm_beg 1 0
1581667326823056 131919735117504 subm_end 1 0
1581667326826576 131919735117504 pump_beg 1 0
1581667337331082 131919735117504 pump_end 1 2
1581667339278371 131919735117504 coll_beg 0 0
1581667340600262 131919735117504 coll_end 0 0
1581667342497973 131919735117504 emit_beg 1244 0
1581667348092408 131919735117504 emit_end 1244 0
1581667348094448 131919735117504 drain_beg 0 0
1581667348094798 131919735117504 drain_end 1 0
1581667348094958 131919735117504 subm_beg 1 0
1581667351954857 131919735117504 subm_end 1 0
1581667351955177 131919735117504 pump_beg 1 0
1581667363771895 131919735117504 pump_end 1 2
1581667365844910 131919735117504 coll_beg 0 0
1581667368611628 131919735117504 coll_end 0 0
1581667370466491 131919735117504 emit_beg 1245 0
1581667376008908 131919735117504 emit_end 1245 0
1581667376012458 131919735117504 drain_beg 0 0
1581667376012788 131919735117504 drain_end 1 0
1581667376012968 131919735117504 subm_beg 1 0
1581667379620256 131919735117504 subm_end 1 0
1581667379620646 131919735117504 pump_beg 1 0
1581667392595962 131919735117504 pump_end 1 2
1581667394726484 131919735117504 coll_beg 0 0
1581667398357821 131919735117504 coll_end 0 0
1581667400242472 131919735117504 emit_beg 1246 0
1581667405851257 131919735117504 emit_end 1246 0
1581667405854107 131919735117504 drain_beg 0 0
1581667405854587 131919735117504 drain_end 1 0
1581667405854967 131919735117504 subm_beg 1 0
1581667409436606 131919735117504 subm_end 1 0
1581667409436976 131919735117504 pump_beg 1 0
1581667422702401 131919735117504 pump_end 1 2
1581667424576053 131919735117504 coll_beg 0 0
1581667427503246 131919735117504 coll_end 0 0
1581667429360208 131919735117504 emit_beg 1247 0
1581667434959603 131919735117504 emit_end 1247 0
1581667434962023 131919735117504 drain_beg 0 0
1581667434962303 131919735117504 drain_end 1 0
1581667434962503 131919735117504 subm_beg 1 0
1581667438524243 131919735117504 subm_end 1 0
1581667438524623 131919735117504 pump_beg 1 0
1581667446287779 131919735117504 pump_end 1 2
1581667449355187 131919735117504 coll_beg 0 0
1581667449374046 131919735117504 coll_end 0 0
1581667453006263 131919735117504 emit_beg 1248 0
1581667460302106 131919735117504 emit_end 1248 0
1581667473048571 131919735117504 drain_beg 0 0
1581667473049361 131919735117504 drain_end 1 0
1581667473049661 131919735117504 subm_beg 1 0
1581667476632360 131919735117504 subm_end 1 0
1581667476632610 131919735117504 pump_beg 1 0
1581667487438574 131919735117504 pump_end 1 2
1581667489498509 131919735117504 coll_beg 0 0
1581667492884555 131919735117504 coll_end 0 0
1581667494989488 131919735117504 emit_beg 1249 0
1581667500486727 131919735117504 emit_end 1249 0
1581667500489257 131919735117504 drain_beg 0 0
1581667500496097 131919735117504 drain_end 1 0
1581667500496317 131919735117504 subm_beg 1 0
1581667504025248 131919735117504 subm_end 1 0
1581667504025598 131919735117504 pump_beg 1 0
1581667513502322 131919735117504 pump_end 1 2
1581667515547377 131919735117504 coll_beg 0 0
1581667516642807 131919735117504 coll_end 0 0
1581667519159215 131919735117504 emit_beg 1250 0
1581667526370591 131919735117504 emit_end 1250 0
1581667526373321 131919735117504 drain_beg 0 0
1581667526373741 131919735117504 drain_end 1 0
1581667526374031 131919735117504 subm_beg 1 0
1581667529776727 131919735117504 subm_end 1 0
1581667529777357 131919735117504 pump_beg 1 0
1581667542297219 131919735117504 pump_end 1 2
1581667544049575 131919735117504 coll_beg 0 0
1581667547498069 131919735117504 coll_end 0 0
1581667549279124 131919735117504 emit_beg 1251 0
1581667556684373 131919735117504 emit_end 1251 0
1581667556691603 131919735117504 drain_beg 0 0
1581667556692963 131919735117504 drain_end 1 0
1581667556693963 131919735117504 subm_beg 1 0
1581667560008402 131919735117504 subm_end 1 0
1581667560010091 131919735117504 pump_beg 1 0
1581667570998290 131919735117504 pump_end 1 2
1581667574493702 131919735117504 coll_beg 0 0
1581667577293750 131919735117504 coll_end 0 0
1581667579078514 131919735117504 emit_beg 1252 0
1581667584453408 131919735117504 emit_end 1252 0
1581667599333224 131919735117504 drain_beg 0 0
1581667599333924 131919735117504 drain_end 1 0
1581667599334244 131919735117504 subm_beg 1 0
1581667602913513 131919735117504 subm_end 1 0
1581667602913993 131919735117504 pump_beg 1 0
1581667613574913 131919735117504 pump_end 1 2
1581667615362118 131919735117504 coll_beg 0 0
1581667618004032 131919735117504 coll_end 0 0
1581667619931681 131919735117504 emit_beg 1253 0
1581667625284605 131919735117504 emit_end 1253 0
1581667625287465 131919735117504 drain_beg 0 0
1581667625287825 131919735117504 drain_end 1 0
1581667625288165 131919735117504 subm_beg 1 0
1581667628683701 131919735117504 subm_end 1 0
1581667628684131 131919735117504 pump_beg 1 0
1581667641827570 131919735117504 pump_end 1 2
1581667643653414 131919735117504 coll_beg 0 0
1581667647844731 131919735117504 coll_end 0 0
1581667649683883 131919735117504 emit_beg 1254 0
1581667656646839 131919735117504 emit_end 1254 0
1581667656649769 131919735117504 drain_beg 0 0
1581667656650279 131919735117504 drain_end 1 0
1581667656650549 131919735117504 subm_beg 1 0
1581667660078443 131919735117504 subm_end 1 0
1581667660078903 131919735117504 pump_beg 1 0
1581667674006304 131919735117504 pump_end 1 2
1581667675818888 131919735117504 coll_beg 0 0
1581667680804806 131919735117504 coll_end 0 0
1581667682582191 131919735117504 emit_beg 1255 0
1581667687914736 131919735117504 emit_end 1255 0
1581667687917506 131919735117504 drain_beg 0 0
1581667687917906 131919735117504 drain_end 1 0
1581667687918166 131919735117504 subm_beg 1 0
1581667691344960 131919735117504 subm_end 1 0
1581667691347840 131919735117504 pump_beg 1 0
1581667704363374 131919735117504 pump_end 1 2
1581667706168848 131919735117504 coll_beg 0 0
1581667710527879 131919735117504 coll_end 0 0
1581667712315184 131919735117504 emit_beg 1256 0
1581667717672848 131919735117504 emit_end 1256 0
1581667717675868 131919735117504 drain_beg 0 0
1581667717676258 131919735117504 drain_end 1 0
1581667717676768 131919735117504 subm_beg 1 0
1581667721100962 131919735117504 subm_end 1 0
1581667721102232 131919735117504 pump_beg 1 0
1581667733842207 131919735117504 pump_end 1 2
1581667736209510 131919735117504 coll_beg 0 0
1581667739189561 131919735117504 coll_end 0 0
1581667740911608 131919735117504 emit_beg 1257 0
1581667746215664 131919735117504 emit_end 1257 0
1581667761885372 131919735117504 drain_beg 0 0
1581667761886412 131919735117504 drain_end 1 0
1581667761886882 131919735117504 subm_beg 1 0
1581667765342155 131919735117504 subm_end 1 0
1581667765342485 131919735117504 pump_beg 1 0
1581667775021881 131919735117504 pump_end 1 2
1581667776831495 131919735117504 coll_beg 0 0
1581667779311745 131919735117504 coll_end 0 0
1581667781067880 131919735117504 emit_beg 1258 0
1581667786379516 131919735117504 emit_end 1258 0
1581667786381746 131919735117504 drain_beg 0 0
1581667786382156 131919735117504 drain_end 1 0
1581667786382336 131919735117504 subm_beg 1 0
1581667789854999 131919735117504 subm_end 1 0
1581667789855479 131919735117504 pump_beg 1 0
1581667800526749 131919735117504 pump_end 1 2
1581667803356936 131919735117504 coll_beg 0 0
1581667805333783 131919735117504 coll_end 0 0
1581667807192165 131919735117504 emit_beg 1259 0
1581667812577808 131919735117504 emit_end 1259 0
1581667827198234 131919735117504 drain_beg 0 0
1581667827199254 131919735117504 drain_end 1 0
1581667827199584 131919735117504 subm_beg 1 0
1581667830704086 131919735117504 subm_end 1 0
1581667830704466 131919735117504 pump_beg 1 0
1581667839016492 131919735117504 pump_end 1 2
1581667840903673 131919735117504 coll_beg 0 0
1581667841178963 131919735117504 coll_end 0 0
1581667842942768 131919735117504 emit_beg 1260 0
1581667848122129 131919735117504 emit_end 1260 0
1581667861459622 131919735117504 drain_beg 0 0
1581667861460531 131919735117504 drain_end 1 0
1581667861460951 131919735117504 subm_beg 1 0
1581667865177876 131919735117504 subm_end 1 0
1581667865178216 131919735117504 pump_beg 1 0
1581667873126735 131919735117504 pump_end 1 2
1581667875052155 131919735117504 coll_beg 0 0
1581667875424971 131919735117504 coll_end 0 0
1581667877270784 131919735117504 emit_beg 1261 0
1581667882814841 131919735117504 emit_end 1261 0
1581667882816941 131919735117504 drain_beg 0 0
1581667882817491 131919735117504 drain_end 1 0
1581667882817711 131919735117504 subm_beg 1 0
1581667886461218 131919735117504 subm_end 1 0
1581667886463747 131919735117504 pump_beg 1 0
1581667898101322 131919735117504 pump_end 1 2
1581667899931585 131919735117504 coll_beg 0 0
1581667903746376 131919735117504 coll_end 0 0
1581667905613827 131919735117504 emit_beg 1262 0
1581667911125076 131919735117504 emit_end 1262 0
1581667926818422 131919735117504 drain_beg 0 0
1581667926819742 131919735117504 drain_end 1 0
1581667926820432 131919735117504 subm_beg 1 0
1581667930446270 131919735117504 subm_end 1 0
1581667930446630 131919735117504 pump_beg 1 0
1581667942794058 131919735117504 pump_end 1 2
1581667945107014 131919735117504 coll_beg 0 0
1581667949058499 131919735117504 coll_end 0 0
1581667950904432 131919735117504 emit_beg 1263 0
1581667956394751 131919735117504 emit_end 1263 0
1581667956397031 131919735117504 drain_beg 0 0
1581667956397411 131919735117504 drain_end 1 0
1581667956397741 131919735117504 subm_beg 1 0
1581667960032678 131919735117504 subm_end 1 0
1581667960033048 131919735117504 pump_beg 1 0
1581667970488026 131919735117504 pump_end 1 2
1581667972346528 131919735117504 coll_beg 0 0
1581667974013157 131919735117504 coll_end 0 0
1581667975981755 131919735117504 emit_beg 1264 0
1581667983213471 131919735117504 emit_end 1264 0
1581667983215940 131919735117504 drain_beg 0 0
1581667983216400 131919735117504 drain_end 1 0
1581667983216630 131919735117504 subm_beg 1 0
1581667986787570 131919735117504 subm_end 1 0
1581667986787890 131919735117504 pump_beg 1 0
1581667996427648 131919735117504 pump_end 1 2
1581667998772372 131919735117504 coll_beg 0 0
1581667999955149 131919735117504 coll_end 0 0
1581668002478746 131919735117504 emit_beg 1265 0
1581668008025174 131919735117504 emit_end 1265 0
1581668022346050 131919735117504 drain_beg 0 0
1581668022351010 131919735117504 drain_end 1 0
1581668022352320 131919735117504 subm_beg 1 0
1581668026021356 131919735117504 subm_end 1 0
1581668026023856 131919735117504 pump_beg 1 0
1581668036925787 131919735117504 pump_end 1 2
1581668040237046 131919735117504 coll_beg 0 0
1581668043447309 131919735117504 coll_end 0 0
1581668045470865 131919735117504 emit_beg 1266 0
1581668050928905 131919735117504 emit_end 1266 0
1581668050932445 131919735117504 drain_beg 0 0
1581668050933015 131919735117504 drain_end 1 0
1581668050933495 131919735117504 subm_beg 1 0
1581668054526484 131919735117504 subm_end 1 0
1581668054527084 131919735117504 pump_beg 1 0
1581668064186000 131919735117504 pump_end 1 2
1581668067545238 131919735117504 coll_beg 0 0
1581668069051913 131919735117504 coll_end 0 0
1581668071240553 131919735117504 emit_beg 1267 0
1581668078535266 131919735117504 emit_end 1267 0
1581668078539086 131919735117504 drain_beg 0 0
1581668078539826 131919735117504 drain_end 1 0
1581668078540336 131919735117504 subm_beg 1 0
1581668082150474 131919735117504 subm_end 1 0
1581668082150824 131919735117504 pump_beg 1 0
1581668092548064 131919735117504 pump_end 1 2
1581668095888502 131919735117504 coll_beg 0 0
1581668099302847 131919735117504 coll_end 0 0
1581668101184548 131919735117504 emit_beg 1268 0
1581668106663688 131919735117504 emit_end 1268 0
1581668106666608 131919735117504 drain_beg 0 0
1581668106667118 131919735117504 drain_end 1 0
1581668106667397 131919735117504 subm_beg 1 0
1581668110308554 131919735117504 subm_end 1 0
1581668110312164 131919735117504 pump_beg 1 0
1581668123464323 131919735117504 pump_end 1 2
1581668126166085 131919735117504 coll_beg 0 0
1581668129436895 131919735117504 coll_end 0 0
1581668131321916 131919735117504 emit_beg 1269 0
1581668136873203 131919735117504 emit_end 1269 0
1581668136875763 131919735117504 drain_beg 0 0
1581668136876173 131919735117504 drain_end 1 0
1581668136876613 131919735117504 subm_beg 1 0
1581668140552559 131919735117504 subm_end 1 0
1581668140553079 131919735117504 pump_beg 1 0
1581668153462027 131919735117504 pump_end 1 2
1581668155640887 131919735117504 coll_beg 0 0
1581668158677606 131919735117504 coll_end 0 0
1581668160571087 131919735117504 emit_beg 1270 0
1581668166076446 131919735117504 emit_end 1270 0
1581668182485316 131919735117504 drain_beg 0 0
1581668182485956 131919735117504 drain_end 1 0
1581668182486186 131919735117504 subm_beg 1 0
1581668186126833 131919735117504 subm_end 1 0
1581668186127143 131919735117504 pump_beg 1 0
1581668197207108 131919735117504 pump_end 1 2
1581668199393218 131919735117504 coll_beg 0 0
1581668201253950 131919735117504 coll_end 0 0
1581668203161020 131919735117504 emit_beg 1271 0
1581668208739946 131919735117504 emit_end 1271 0
1581668208741776 131919735117504 drain_beg 0 0
1581668208742106 131919735117504 drain_end 1 0
1581668208742376 131919735117504 subm_beg 1 0
1581668212360244 131919735117504 subm_end 1 0
1581668212360534 131919735117504 pump_beg 1 0
1581668226140580 131919735117504 pump_end 1 2
1581668227988382 131919735117504 coll_beg 0 0
1581668231124718 131919735117504 coll_end 0 0
1581668232944161 131919735117504 emit_beg 1272 0
1581668238561016 131919735117504 emit_end 1272 0
1581668238563316 131919735117504 drain_beg 0 0
1581668238563786 131919735117504 drain_end 1 0
1581668238564126 131919735117504 subm_beg 1 0
1581668242170594 131919735117504 subm_end 1 0
1581668242176074 131919735117504 pump_beg 1 0
1581668253482301 131919735117504 pump_end 1 2
1581668256677604 131919735117504 coll_beg 0 0
1581668258833995 131919735117504 coll_end 0 0
1581668260586711 131919735117504 emit_beg 1273 0
1581668265858008 131919735117504 emit_end 1273 0
1581668265860228 131919735117504 drain_beg 0 0
1581668265860558 131919735117504 drain_end 1 0
1581668265860748 131919735117504 subm_beg 1 0
1581668269305672 131919735117504 subm_end 1 0
1581668269305982 131919735117504 pump_beg 1 0
1581668282560308 131919735117504 pump_end 1 2
1581668284330603 131919735117504 coll_beg 0 0
1581668287646631 131919735117504 coll_end 0 0
1581668290377522 131919735117504 emit_beg 1274 0
1581668295803203 131919735117504 emit_end 1274 0
1581668295804903 131919735117504 drain_beg 0 0
1581668295805243 131919735117504 drain_end 1 0
1581668295805753 131919735117504 subm_beg 1 0
1581668307881942 131919735117504 subm_end 1 0
1581668307882532 131919735117504 pump_beg 1 0
1581668317392784 131919735117504 pump_end 1 2
1581668320256979 131919735117504 coll_beg 0 0
1581668321595630 131919735117504 coll_end 0 0
1581668323774091 131919735117504 emit_beg 1275 0
1581668329004170 131919735117504 emit_end 1275 0
1581668329006730 131919735117504 drain_beg 0 0
1581668329007239 131919735117504 drain_end 1 0
1581668329007649 131919735117504 subm_beg 1 0
1581668332400006 131919735117504 subm_end 1 0
1581668332400406 131919735117504 pump_beg 1 0
1581668344628369 131919735117504 pump_end 1 2
1581668346430772 131919735117504 coll_beg 0 0
1581668350270122 131919735117504 coll_end 0 0
1581668352047097 131919735117504 emit_beg 1276 0
1581668357433010 131919735117504 emit_end 1276 0
1581668373548421 131919735117504 drain_beg 0 0
1581668373549441 131919735117504 drain_end 1 0
1581668373549891 131919735117504 subm_beg 1 0
1581668377024714 131919735117504 subm_end 1 0
1581668377025294 131919735117504 pump_beg 1 0
1581668389004326 131919735117504 pump_end 1 2
1581668390757262 131919735117504 coll_beg 0 0
1581668393394356 131919735117504 coll_end 0 0
1581668395160581 131919735117504 emit_beg 1277 0
1581668400424449 131919735117504 emit_end 1277 0
1581668400429959 131919735117504 drain_beg 0 0
1581668400430609 131919735117504 drain_end 1 0
1581668400431408 131919735117504 subm_beg 1 0
1581668403792416 131919735117504 subm_end 1 0
1581668403793196 131919735117504 pump_beg 1 0
1581668417103909 131919735117504 pump_end 1 2
1581668418850445 131919735117504 coll_beg 0 0
1581668423047112 131919735117504 coll_end 0 0
1581668424883275 131919735117504 emit_beg 1278 0
1581668430205720 131919735117504 emit_end 1278 0
1581668446048341 131919735117504 drain_beg 0 0
1581668446049541 131919735117504 drain_end 1 0
1581668446049911 131919735117504 subm_beg 1 0
1581668449520954 131919735117504 subm_end 1 0
1581668449525414 131919735117504 pump_beg 1 0
1581668460847520 131919735117504 pump_end 1 2
1581668462853387 131919735117504 coll_beg 0 0
1581668466546072 131919735117504 coll_end 0 0
1581668468661384 131919735117504 emit_beg 1279 0
1581668474154113 131919735117504 emit_end 1279 0
1581668474158243 131919735117504 drain_beg 0 0
1581668474158873 131919735117504 drain_end 1 0
1581668474159833 131919735117504 subm_beg 1 0
1581668477497371 131919735117504 subm_end 1 0
1581668477497991 131919735117504 pump_beg 1 0
1581668487200516 131919735117504 pump_end 1 2
1581668489069428 131919735117504 coll_beg 0 0
1581668490737737 131919735117504 coll_end 0 0
1581668492531552 131919735117504 emit_beg 1280 0
1581668497709112 131919735117504 emit_end 1280 0
1581668511937062 131919735117504 drain_beg 0 0
1581668511938382 131919735117504 drain_end 1 0
1581668511938902 131919735117504 subm_beg 1 0
1581668515399456 131919735117504 subm_end 1 0
1581668515399776 131919735117504 pump_beg 1 0
1581668529003818 131919735117504 pump_end 1 2
1581668530986666 131919735117504 coll_beg 0 0
1581668534954751 131919735117504 coll_end 0 0
1581668536777994 131919735117504 emit_beg 1281 0
1581668542056001 131919735117504 emit_end 1281 0
1581668542058411 131919735117504 drain_beg 0 0
1581668542058781 131919735117504 drain_end 1 0
1581668542058951 131919735117504 subm_beg 1 0
1581668545406829 131919735117504 subm_end 1 0
1581668545407099 131919735117504 pump_beg 1 0
1581668557871133 131919735117504 pump_end 1 2
1581668559714866 131919735117504 coll_beg 0 0
1581668562873740 131919735117504 coll_end 0 0
1581668564625186 131919735117504 emit_beg 1282 0
1581668569861165 131919735117504 emit_end 1282 0
1581668569863545 131919735117504 drain_beg 0 0
1581668569864115 131919735117504 drain_end 1 0
1581668569864325 131919735117504 subm_beg 1 0
1581668573217662 131919735117504 subm_end 1 0
1581668573217942 131919735117504 pump_beg 1 0
1581668582790552 131919735117504 pump_end 1 2
1581668585471994 131919735117504 coll_beg 0 0
1581668587698723 131919735117504 coll_end 0 0
1581668590635975 131919735117504 emit_beg 1283 0
1581668595831265 131919735117504 emit_end 1283 0
1581668595834135 131919735117504 drain_beg 0 0
1581668595834495 131919735117504 drain_end 1 0
1581668595835035 131919735117504 subm_beg 1 0
1581668599568519 131919735117504 subm_end 1 0
1581668599569039 131919735117504 pump_beg 1 0
1581668611506142 131919735117504 pump_end 1 2
1581668613266338 131919735117504 coll_beg 0 0
1581668616405693 131919735117504 coll_end 0 0
1581668618234406 131919735117504 emit_beg 1284 0
1581668623414077 131919735117504 emit_end 1284 0
1581668638942419 131919735117504 drain_beg 0 0
1581668638956019 131919735117504 drain_end 1 0
1581668638957319 131919735117504 subm_beg 1 0
1581668642506839 131919735117504 subm_end 1 0
1581668642507399 131919735117504 pump_beg 1 0
1581668652673577 131919735117504 pump_end 1 2
1581668654505800 131919735117504 coll_beg 0 0
1581668656790167 131919735117504 coll_end 0 0
1581668658712177 131919735117504 emit_beg 1285 0
1581668664218845 131919735117504 emit_end 1285 0
1581668664220915 131919735117504 drain_beg 0 0
1581668664221305 131919735117504 drain_end 1 0
1581668664221535 131919735117504 subm_beg 1 0
1581668667863352 131919735117504 subm_end 1 0
1581668667873562 131919735117504 pump_beg 1 0
1581668677669684 131919735117504 pump_end 1 2
1581668679598133 131919735117504 coll_beg 0 0
1581668680670364 131919735117504 coll_end 0 0
1581668683281728 131919735117504 emit_beg 1286 0
1581668690581422 131919735117504 emit_end 1286 0
1581668690583661 131919735117504 drain_beg 0 0
1581668690584081 131919735117504 drain_end 1 0
1581668690584371 131919735117504 subm_beg 1 0
1581668694241228 131919735117504 subm_end 1 0
1581668694243888 131919735117504 pump_beg 1 0
1581668703561007 131919735117504 pump_end 1 2
1581668705802395 131919735117504 coll_beg 0 0
1581668706572827 131919735117504 coll_end 0 0
1581668709478511 131919735117504 emit_beg 1287 0
1581668714990099 131919735117504 emit_end 1287 0
1581668728709378 131919735117504 drain_beg 0 0
1581668728709918 131919735117504 drain_end 1 0
1581668728710178 131919735117504 subm_beg 1 0
1581668732329725 131919735117504 subm_end 1 0
1581668732330225 131919735117504 pump_beg 1 0
1581668743415570 131919735117504 pump_end 1 2
1581668745445256 131919735117504 coll_beg 0 0
1581668748405638 131919735117504 coll_end 0 0
1581668750366076 131919735117504 emit_beg 1288 0
1581668754024162 131919735117504 emit_end 1288 0
1581668754026342 131919735117504 drain_beg 0 0
1581668754026652 131919735117504 drain_end 1 0
1581668754026942 131919735117504 subm_beg 1 0
1581668757678419 131919735117504 subm_end 1 0
1581668757678799 131919735117504 pump_beg 1 0
1581668770105324 131919735117504 pump_end 1 2
1581668773191282 131919735117504 coll_beg 0 0
1581668776425053 131919735117504 coll_end 0 0
1581668778749268 131919735117504 emit_beg 1289 0
1581668784197959 131919735117504 emit_end 1289 0
1581668784202789 131919735117504 drain_beg 0 0
1581668784203419 131919735117504 drain_end 1 0
1581668784204109 131919735117504 subm_beg 1 0
1581668787738200 131919735117504 subm_end 1 0
1581668787742670 131919735117504 pump_beg 1 0
1581668800617009 131919735117504 pump_end 1 2
1581668802536919 131919735117504 coll_beg 0 0
1581668807127041 131919735117504 coll_end 0 0
1581668809814403 131919735117504 emit_beg 1290 0
1581668817108446 131919735117504 emit_end 1290 0
