# perfbase mono_ns 1710146431318870 real_ns 1785675539804044699
1710146431356969 128644967544512 wait_beg 0 0 0 0 0 0
1710146550406996 128645018953600 cliack 1 0 1 0 0 0
1710149068255911 128644967544512 wait_end 0 0 0 0 0 0
1710149068260481 128644967544512 drain_beg 0 0 0 0 0 0
1710149068262860 128644967544512 drain_end 1 0 0 0 0 0
1710149068263090 128644967544512 take 1 0 0 0 0 0
1710149068263870 128644967544512 subm_beg 1 0 0 0 0 0
1710149068220402 128645018953600 msgin 1 55296000 0 0 0 0
1710149068228852 128645018953600 enq 1 1 0 0 0 0
1710149076182121 128644967544512 submit 1 0 0 0 0 0
1710149076183601 128644967544512 subm_end 1 0 0 0 0 0
1710149076183641 128644967544512 pump_beg 1 0 0 0 0 0
1710149084492047 128645018953600 msgin 2 55296000 0 0 0 0
1710149084493707 128645018953600 enq 2 1 0 0 0 0
1710149189098783 128644967544512 feedend 0 1 0 0 0 0
1710149189692941 128644967544512 feedend 0 0 0 0 0 0
1710149192971602 128644967544512 outfirst 0 0 297 0 0 0
1710149194004744 128644967544512 outfirst 0 1 297 0 0 0
1710149213767091 128644967544512 pump_end 1 2 0 0 0 0
1710149213768091 128644967544512 book_beg 1 0 0 0 0 0
1710149213771461 128644967544512 batch 1 1 1 2 2 0
1710149213771511 128644967544512 book_end 1 0 0 0 0 0
1710149213771611 128644967544512 coll_beg 0 0 0 0 0 0
1710149216666785 128644967544512 coll_end 0 0 0 0 0 0
1710149216666955 128644967544512 rel_beg 1 0 0 0 0 0
1710149216667765 128644967544512 absorb 1 0 0 0 0 0
1710149216674405 128644967544512 rel_end 1 0 0 0 0 0
1710149216677095 128644967544512 wait_beg 0 0 0 0 0 0
1710149216678895 128644967544512 wait_end 0 0 0 0 0 0
1710149216681565 128644967544512 drain_beg 0 0 0 0 0 0
1710149216681965 128644967544512 drain_end 1 0 0 0 0 0
1710149216682465 128644967544512 take 2 0 0 0 0 0
1710149216682715 128644967544512 subm_beg 1 0 0 0 0 0
1710149216683395 128644967544512 submit 2 0 0 0 0 0
1710149216683515 128644967544512 subm_end 1 0 0 0 0 0
1710149216683655 128644967544512 pump_beg 1 0 0 0 0 0
1710149221163041 128644967544512 feedend 1 0 0 0 0 0
1710149222149075 128644967544512 feedend 1 1 0 0 0 0
1710149216693374 128645018953600 ackslot 1 0 1 0 0 0
1710149216835839 128645018953600 send 18 0 0 0 0 1
1710149225144625 128645018953600 send 2333985 0 0 0 0 1
1710149216695624 128644873713344 emit_beg 1 0 0 0 0 0
1710149216734543 128644873713344 dmg 0 1 0 0 3840 2400
1710149216734843 128644873713344 enc 0 0 1 -1 -1 0
1710149218232458 128644873713344 emit_end 1 0 0 0 0 0
1710149235070592 128644967544512 outfirst 1 0 65536 0 0 0
1710149235327673 128644967544512 outfirst 1 1 65536 0 0 0
1710149235557225 128644967544512 pump_end 1 2 0 0 0 0
1710149235557495 128644967544512 join_beg 1 0 0 0 0 0
1710149235558095 128644967544512 join_end 0 0 0 0 0 0
1710149235558255 128644967544512 book_beg 1 0 0 0 0 0
1710149235558535 128644967544512 batch 2 1 1 2 2 0
1710149235558565 128644967544512 book_end 1 0 0 0 0 0
1710149235558725 128644967544512 coll_beg 0 0 0 0 0 0
1710149232093101 128645018953600 send 1935233 0 0 0 0 1
1710149232218397 128645018953600 send 14 0 0 0 0 1
1710149232219027 128645018953600 egress 1 1 0 0 0 0
1710149232938090 128645018953600 msgin 3 55296000 0 0 0 0
1710149232938880 128645018953600 enq 3 1 0 0 0 0
1710149236657134 128644967544512 coll_end 0 0 0 0 0 0
1710149236657244 128644967544512 rel_beg 1 0 0 0 0 0
1710149236657764 128644967544512 absorb 2 0 0 0 0 0
1710149236660374 128644967544512 rel_end 1 0 0 0 0 0
1710149236662284 128644967544512 wait_beg 0 0 0 0 0 0
1710149236663304 128644967544512 wait_end 0 0 0 0 0 0
1710149236664824 128644967544512 drain_beg 0 0 0 0 0 0
1710149236665324 128644967544512 drain_end 1 0 0 0 0 0
1710149236665424 128644967544512 take 3 0 0 0 0 0
1710149236665534 128644967544512 subm_beg 1 0 0 0 0 0
1710149236666164 128644967544512 submit 3 0 0 0 0 0
1710149236666394 128644967544512 subm_end 1 0 0 0 0 0
1710149236666444 128644967544512 pump_beg 1 0 0 0 0 0
1710149241439640 128644967544512 feedend 2 0 0 0 0 0
1710149241746639 128644967544512 feedend 2 1 0 0 0 0
1710149236046147 128645018953600 cliack 1 0 2 1 0 0
1710149236046247 128645018953600 ackregion 1 1 1 0 0 0
1710149236665924 128645018953600 ackslot 2 1 2 0 0 0
1710149236692603 128645018953600 send 18 0 0 1 1 1
1710149241979100 128645018953600 send 1787268 0 0 1 1 1
1710149236673364 128644873713344 emit_beg 2 0 0 0 0 0
1710149236677454 128644873713344 dmg 0 1 0 0 3840 2400
1710149236677824 128644873713344 enc 1 1 1 -1 -1 0
1710149237713356 128644873713344 emit_end 2 0 0 0 0 0
1710149254270951 128644967544512 outfirst 2 1 65536 0 0 0
1710149255850823 128644967544512 outfirst 2 0 65536 0 0 0
1710149246026012 128645018953600 send 1524221 0 0 1 1 1
1710149246030402 128645018953600 send 14 0 0 1 1 1
1710149246030792 128645018953600 egress 2 1 0 0 0 0
1710149246731026 128645018953600 msgin 4 55296000 0 0 0 0
1710149246731696 128645018953600 enq 4 1 0 0 0 0
1710149251288560 128645018953600 cliack 2 0 3 2 0 0
1710149251288630 128645018953600 ackregion 2 2 2 0 0 0
1710149256110633 128644967544512 pump_end 1 2 0 0 0 0
1710149256110853 128644967544512 join_beg 1 0 0 0 0 0
1710149256111313 128644967544512 join_end 0 0 0 0 0 0
1710149256111723 128644967544512 book_beg 1 0 0 0 0 0
1710149256111953 128644967544512 batch 3 1 1 2 2 0
1710149256112113 128644967544512 book_end 1 0 0 0 0 0
1710149256112263 128644967544512 coll_beg 0 0 0 0 0 0
1710149257151905 128644967544512 coll_end 0 0 0 0 0 0
1710149257152085 128644967544512 rel_beg 1 0 0 0 0 0
1710149257152405 128644967544512 absorb 3 0 0 0 0 0
1710149257155325 128644967544512 rel_end 1 0 0 0 0 0
1710149257157435 128644967544512 wait_beg 0 0 0 0 0 0
1710149257158645 128644967544512 wait_end 0 0 0 0 0 0
1710149257160755 128644967544512 drain_beg 0 0 0 0 0 0
1710149257160945 128644967544512 drain_end 1 0 0 0 0 0
1710149257161125 128644967544512 take 4 0 0 0 0 0
1710149257161265 128644967544512 subm_beg 1 0 0 0 0 0
1710149257161765 128644967544512 submit 4 0 0 0 0 0
1710149257161845 128644967544512 subm_end 1 0 0 0 0 0
1710149257161975 128644967544512 pump_beg 1 0 0 0 0 0
1710149261807115 128644967544512 feedend 3 0 0 0 0 0
1710149262229160 128644967544512 feedend 3 1 0 0 0 0
1710149257161255 128645018953600 ackslot 3 2 3 0 0 0
1710149257194654 128645018953600 send 18 0 0 2 2 1
1710149261654341 128645018953600 send 1710749 0 0 2 2 1
1710149257171405 128644873713344 emit_beg 3 0 0 0 0 0
1710149257175324 128644873713344 dmg 0 1 0 0 3840 2400
1710149257175544 128644873713344 enc 2 2 1 -1 -1 0
1710149257408676 128644873713344 emit_end 3 0 0 0 0 0
1710149273265576 128644967544512 outfirst 3 1 65536 0 0 0
1710149274080686 128644967544512 outfirst 3 0 65536 0 0 0
1710149274370936 128644967544512 pump_end 1 2 0 0 0 0
1710149274371296 128644967544512 join_beg 1 0 0 0 0 0
1710149274371646 128644967544512 join_end 0 0 0 0 0 0
1710149274374366 128644967544512 book_beg 1 0 0 0 0 0
1710149274374636 128644967544512 batch 4 1 1 2 2 0
1710149274374666 128644967544512 book_end 1 0 0 0 0 0
1710149274374806 128644967544512 coll_beg 0 0 0 0 0 0
1710149275385459 128644967544512 coll_end 0 0 0 0 0 0
1710149275385539 128644967544512 rel_beg 1 0 0 0 0 0
1710149275386139 128644967544512 absorb 4 0 0 0 0 0
1710149275388789 128644967544512 rel_end 1 0 0 0 0 0
1710149275390708 128644967544512 wait_beg 0 0 0 0 0 0
1710149275391968 128644967544512 wait_end 0 0 0 0 0 0
1710149275394148 128644967544512 drain_beg 0 0 0 0 0 0
1710149275394688 128644967544512 drain_end 1 0 0 0 0 0
1710149275395038 128644967544512 take 5 0 0 0 0 0
1710149275395568 128644967544512 subm_beg 1 0 0 0 0 0
1710149275396058 128644967544512 submit 5 0 0 0 0 0
1710149275396258 128644967544512 subm_end 1 0 0 0 0 0
1710149275396408 128644967544512 pump_beg 1 0 0 0 0 0
1710149266246883 128645018953600 send 1444758 0 0 2 2 1
1710149266251413 128645018953600 send 14 0 0 2 2 1
1710149266251753 128645018953600 egress 3 1 0 0 0 0
1710149267267225 128645018953600 msgin 5 55296000 0 0 0 0
1710149267269275 128645018953600 enq 5 1 0 0 0 0
1710149270383012 128645018953600 cliack 3 0 4 3 0 0
1710149270383322 128645018953600 ackregion 3 3 3 0 0 0
1710149275395288 128645018953600 ackslot 4 3 4 0 0 0
1710149275417778 128645018953600 send 18 0 0 3 3 1
1710149275399638 128644873713344 emit_beg 4 0 0 0 0 0
1710149275403248 128644873713344 dmg 0 1 0 0 3840 2400
1710149275403498 128644873713344 enc 3 3 1 -1 -1 0
1710149275610920 128644873713344 emit_end 4 0 0 0 0 0
1710149279471109 128644967544512 feedend 4 0 0 0 0 0
1710149280097547 128644967544512 feedend 4 1 0 0 0 0
1710149280051728 128645018953600 send 1709868 0 0 3 3 1
1710149283728044 128645018953600 send 1440665 0 0 3 3 1
1710149283732434 128645018953600 send 14 0 0 3 3 1
1710149283732894 128645018953600 egress 4 1 0 0 0 0
1710149284457897 128645018953600 msgin 6 55296000 0 0 0 0
1710149284458397 128645018953600 enq 6 1 0 0 0 0
1710149291320346 128644967544512 outfirst 4 1 65536 0 0 0
1710149291750250 128644967544512 outfirst 4 0 65536 0 0 0
1710149292053809 128644967544512 pump_end 1 2 0 0 0 0
1710149292054139 128644967544512 join_beg 1 0 0 0 0 0
1710149292054319 128644967544512 join_end 0 0 0 0 0 0
1710149292054639 128644967544512 book_beg 1 0 0 0 0 0
1710149292054849 128644967544512 batch 5 1 1 2 2 0
1710149292054899 128644967544512 book_end 1 0 0 0 0 0
1710149292055039 128644967544512 coll_beg 0 0 0 0 0 0
1710149293114511 128644967544512 coll_end 0 0 0 0 0 0
1710149293114701 128644967544512 rel_beg 1 0 0 0 0 0
1710149293115111 128644967544512 absorb 5 0 0 0 0 0
1710149293117460 128644967544512 rel_end 1 0 0 0 0 0
1710149293119510 128644967544512 wait_beg 0 0 0 0 0 0
1710149293120420 128644967544512 wait_end 0 0 0 0 0 0
1710149293122380 128644967544512 drain_beg 0 0 0 0 0 0
1710149293122920 128644967544512 drain_end 1 0 0 0 0 0
1710149293123150 128644967544512 take 6 0 0 0 0 0
1710149293123370 128644967544512 subm_beg 1 0 0 0 0 0
1710149293124010 128644967544512 submit 6 0 0 0 0 0
1710149293124080 128644967544512 subm_end 1 0 0 0 0 0
1710149293124160 128644967544512 pump_beg 1 0 0 0 0 0
1710149294605666 128644967544512 feedend 5 0 0 0 0 0
1710149295125117 128644967544512 feedend 5 1 0 0 0 0
1710149289654807 128645018953600 cliack 4 0 5 4 0 0
1710149289654877 128645018953600 ackregion 4 4 4 0 0 0
1710149293124100 128645018953600 ackslot 5 4 5 0 0 0
1710149293146839 128645018953600 send 18 0 0 4 4 1
1710149293128690 128644873713344 emit_beg 5 0 0 0 0 0
1710149293131920 128644873713344 dmg 0 1 0 0 3840 2400
1710149293132210 128644873713344 enc 4 4 1 -1 -1 0
1710149293340862 128644873713344 emit_end 5 0 0 0 0 0
1710149297689563 128645018953600 send 1768026 0 0 4 4 1
1710149301428787 128645018953600 send 1428911 0 0 4 4 1
1710149301433656 128645018953600 send 14 0 0 4 4 1
1710149301434216 128645018953600 egress 5 1 0 0 0 0
1710149302119741 128645018953600 msgin 7 55296000 0 0 0 0
1710149302120091 128645018953600 enq 7 1 0 0 0 0
1710149306871868 128644967544512 outfirst 5 1 65536 0 0 0
1710149307261483 128644967544512 outfirst 5 0 65536 0 0 0
1710149307537683 128644967544512 pump_end 1 2 0 0 0 0
1710149307537943 128644967544512 join_beg 1 0 0 0 0 0
1710149307538633 128644967544512 join_end 0 0 0 0 0 0
1710149307538943 128644967544512 book_beg 1 0 0 0 0 0
1710149307539293 128644967544512 batch 6 1 1 2 2 0
1710149307539333 128644967544512 book_end 1 0 0 0 0 0
1710149307539493 128644967544512 coll_beg 0 0 0 0 0 0
1710149308734890 128644967544512 coll_end 0 0 0 0 0 0
1710149308735020 128644967544512 rel_beg 1 0 0 0 0 0
1710149308735800 128644967544512 absorb 6 0 0 0 0 0
1710149308738589 128644967544512 rel_end 1 0 0 0 0 0
1710149308740779 128644967544512 wait_beg 0 0 0 0 0 0
1710149308741679 128644967544512 wait_end 0 0 0 0 0 0
1710149308743529 128644967544512 drain_beg 0 0 0 0 0 0
1710149308743999 128644967544512 drain_end 1 0 0 0 0 0
1710149308744089 128644967544512 take 7 0 0 0 0 0
1710149308744189 128644967544512 subm_beg 1 0 0 0 0 0
1710149308744829 128644967544512 submit 7 0 0 0 0 0
1710149308745059 128644967544512 subm_end 1 0 0 0 0 0
1710149308745099 128644967544512 pump_beg 1 0 0 0 0 0
1710149310348881 128644967544512 feedend 6 0 0 0 0 0
1710149311210359 128644967544512 feedend 6 1 0 0 0 0
1710149306399205 128645018953600 cliack 5 0 6 5 0 0
1710149306399345 128645018953600 ackregion 5 5 5 0 0 0
1710149308744719 128645018953600 ackslot 6 5 6 0 0 0
1710149308769428 128645018953600 send 18 0 0 5 5 1
1710149313724247 128645018953600 send 1919006 0 0 5 5 1
1710149308750239 128644873713344 emit_beg 6 0 0 0 0 0
1710149308754649 128644873713344 dmg 0 1 0 0 3840 2400
1710149308755119 128644873713344 enc 5 5 1 -1 -1 0
1710149309130335 128644873713344 emit_end 6 0 0 0 0 0
1710149323616325 128644967544512 outfirst 6 1 65536 0 0 0
1710149323960643 128644967544512 outfirst 6 0 65536 0 0 0
1710149324280361 128644967544512 pump_end 1 2 0 0 0 0
1710149324280721 128644967544512 join_beg 1 0 0 0 0 0
1710149324281791 128644967544512 join_end 0 0 0 0 0 0
1710149324282131 128644967544512 book_beg 1 0 0 0 0 0
1710149324282751 128644967544512 batch 7 1 1 2 2 0
1710149324282791 128644967544512 book_end 1 0 0 0 0 0
1710149324282951 128644967544512 coll_beg 0 0 0 0 0 0
1710149325896142 128644967544512 coll_end 0 0 0 0 0 0
1710149325896222 128644967544512 rel_beg 1 0 0 0 0 0
1710149325896422 128644967544512 absorb 7 0 0 0 0 0
1710149325899922 128644967544512 rel_end 1 0 0 0 0 0
1710149325902442 128644967544512 wait_beg 0 0 0 0 0 0
1710149325903722 128644967544512 wait_end 0 0 0 0 0 0
1710149325905532 128644967544512 drain_beg 0 0 0 0 0 0
1710149325905742 128644967544512 drain_end 1 0 0 0 0 0
1710149325905862 128644967544512 take 8 0 0 0 0 0
1710149325909442 128644967544512 subm_beg 1 0 0 0 0 0
1710149325910102 128644967544512 submit 8 0 0 0 0 0
1710149325910212 128644967544512 subm_end 1 0 0 0 0 0
1710149325910312 128644967544512 pump_beg 1 0 0 0 0 0
1710149317169221 128645018953600 send 1626771 0 0 5 5 1
1710149317171181 128645018953600 send 14 0 0 5 5 1
1710149317171781 128645018953600 egress 6 1 0 0 0 0
1710149317913184 128645018953600 msgin 8 55296000 0 0 0 0
1710149317913924 128645018953600 enq 8 1 0 0 0 0
1710149325942890 128645018953600 send 18 0 0 6 5 1
1710149325913442 128644873713344 emit_beg 7 0 0 0 0 0
1710149325918341 128644873713344 dmg 0 1 0 0 3840 2400
1710149325918541 128644873713344 enc 6 6 1 -1 -1 0
1710149326429803 128644873713344 emit_end 7 0 0 0 0 0
1710149327506833 128644967544512 feedend 7 0 0 0 0 0
1710149328485548 128644967544512 feedend 7 1 0 0 0 0
1710149331504617 128645018953600 send 2148033 0 0 6 5 1
1710149336218595 128645018953600 send 1836767 0 0 6 5 1
1710149336222105 128645018953600 send 14 0 0 6 5 1
1710149336222635 128645018953600 egress 7 1 0 0 0 0
1710149340498598 128644967544512 outfirst 7 1 65536 0 0 0
1710149341191753 128644967544512 outfirst 7 0 65536 0 0 0
1710149341562359 128644967544512 pump_end 1 2 0 0 0 0
1710149341562529 128644967544512 join_beg 1 0 0 0 0 0
1710149341563159 128644967544512 join_end 0 0 0 0 0 0
1710149341563499 128644967544512 book_beg 1 0 0 0 0 0
1710149341564089 128644967544512 batch 8 1 1 2 2 0
1710149341564119 128644967544512 book_end 1 0 0 0 0 0
1710149341564399 128644967544512 coll_beg 0 0 0 0 0 0
1710149343059045 128644967544512 coll_end 0 0 0 0 0 0
1710149343059345 128644967544512 rel_beg 1 0 0 0 0 0
1710149343059845 128644967544512 absorb 8 0 0 0 0 0
1710149343062655 128644967544512 rel_end 1 0 0 0 0 0
1710149343064914 128644967544512 wait_beg 0 0 0 0 0 0
1710149336960148 128645018953600 cliack 6 0 7 7 0 0
1710149342808204 128645018953600 cliack 7 0 8 7 0 0
1710149342808294 128645018953600 ackregion 7 7 7 0 0 0
1710149343068094 128645018953600 ackslot 8 7 8 0 0 0
1710149343094443 128645018953600 send 18 0 0 7 7 1
1710149343074964 128644873713344 emit_beg 8 0 0 0 0 0
1710149343078974 128644873713344 dmg 0 1 0 0 3840 2400
1710149343079314 128644873713344 enc 7 7 1 -1 -1 0
1710149343334885 128644873713344 emit_end 8 0 0 0 0 0
1710149354242296 128644967544512 wait_end 0 0 0 0 0 0
1710149354246386 128644967544512 drain_beg 0 0 0 0 0 0
1710149354246586 128644967544512 drain_end 1 0 0 0 0 0
1710149354246846 128644967544512 take 9 0 0 0 0 0
1710149354247346 128644967544512 subm_beg 1 0 0 0 0 0
1710149354248456 128644967544512 submit 9 0 0 0 0 0
1710149354248616 128644967544512 subm_end 1 0 0 0 0 0
1710149354248686 128644967544512 pump_beg 1 0 0 0 0 0
1710149356298461 128644967544512 feedend 8 0 0 0 0 0
1710149348691959 128645018953600 send 2199207 0 0 7 7 1
1710149353448615 128645018953600 send 1832079 0 0 7 7 1
1710149353452995 128645018953600 send 14 0 0 7 7 1
1710149353453615 128645018953600 egress 8 1 0 0 0 0
1710149354226626 128645018953600 msgin 9 55296000 0 0 0 0
1710149354227236 128645018953600 enq 9 1 0 0 0 0
1710149357210227 128644967544512 feedend 8 1 0 0 0 0
1710149363911112 128645018953600 cliack 8 0 9 8 0 0
1710149363911262 128645018953600 ackregion 8 8 8 0 0 0
1710149366294755 128645018953600 msgin 10 55296000 0 0 0 0
1710149366295055 128645018953600 enq 10 1 0 0 0 0
1710149369681651 128644967544512 outfirst 8 1 65536 0 0 0
1710149370767542 128644967544512 outfirst 8 0 65536 0 0 0
1710149371138948 128644967544512 pump_end 1 2 0 0 0 0
1710149371139228 128644967544512 join_beg 1 0 0 0 0 0
1710149371139838 128644967544512 join_end 0 0 0 0 0 0
1710149371140048 128644967544512 book_beg 1 0 0 0 0 0
1710149371140448 128644967544512 batch 9 1 1 2 2 0
1710149371140488 128644967544512 book_end 1 0 0 0 0 0
1710149371140638 128644967544512 coll_beg 0 0 0 0 0 0
1710149373101986 128644967544512 coll_end 0 0 0 0 0 0
1710149373102236 128644967544512 rel_beg 1 0 0 0 0 0
1710149373102816 128644967544512 absorb 9 0 0 0 0 0
1710149373108106 128644967544512 rel_end 1 0 0 0 0 0
1710149373110686 128644967544512 wait_beg 0 0 0 0 0 0
1710149373112876 128644967544512 wait_end 0 0 0 0 0 0
1710149373115626 128644967544512 drain_beg 0 0 0 0 0 0
1710149373116116 128644967544512 drain_end 1 0 0 0 0 0
1710149373116746 128644967544512 take 10 0 0 0 0 0
1710149373117016 128644967544512 subm_beg 1 0 0 0 0 0
1710149373117726 128644967544512 submit 10 0 0 0 0 0
1710149373117816 128644967544512 subm_end 1 0 0 0 0 0
1710149373117856 128644967544512 pump_beg 1 0 0 0 0 0
1710149373144255 128645018953600 ackslot 9 8 9 0 0 0
1710149373239191 128645018953600 send 18 0 0 8 8 1
1710149373123056 128644873713344 emit_beg 9 0 0 0 0 0
1710149373126596 128644873713344 dmg 0 1 0 0 3840 2400
1710149373126836 128644873713344 enc 8 8 1 -1 -1 0
1710149373659176 128644873713344 emit_end 9 0 0 0 0 0
1710149377809554 128644967544512 feedend 9 0 0 0 0 0
1710149377963149 128644967544512 feedend 9 1 0 0 0 0
1710149379863539 128645018953600 send 2361619 0 0 8 8 1
1710149384927404 128645018953600 send 1948822 0 0 8 8 1
1710149385450105 128645018953600 send 14 0 0 8 8 1
1710149385450745 128645018953600 egress 9 1 0 0 0 0
1710149386066893 128645018953600 msgin 11 55296000 0 0 0 0
1710149386067543 128645018953600 enq 11 1 0 0 0 0
1710149390716092 128644967544512 outfirst 9 1 65536 0 0 0
1710149392801216 128644967544512 outfirst 9 0 65536 0 0 0
1710149393375805 128644967544512 pump_end 1 2 0 0 0 0
1710149393376215 128644967544512 join_beg 1 0 0 0 0 0
1710149393377775 128644967544512 join_end 0 0 0 0 0 0
1710149393378065 128644967544512 book_beg 1 0 0 0 0 0
1710149393378445 128644967544512 batch 10 1 1 2 2 0
1710149393378485 128644967544512 book_end 1 0 0 0 0 0
1710149393378685 128644967544512 coll_beg 0 0 0 0 0 0
1710149395276166 128644967544512 coll_end 0 0 0 0 0 0
1710149395276336 128644967544512 rel_beg 1 0 0 0 0 0
1710149395277016 128644967544512 absorb 10 0 0 0 0 0
1710149395280876 128644967544512 rel_end 1 0 0 0 0 0
1710149395283306 128644967544512 wait_beg 0 0 0 0 0 0
1710149395284386 128644967544512 wait_end 0 0 0 0 0 0
1710149395285985 128644967544512 drain_beg 0 0 0 0 0 0
1710149395286195 128644967544512 drain_end 1 0 0 0 0 0
1710149395286325 128644967544512 take 11 0 0 0 0 0
1710149395286495 128644967544512 subm_beg 1 0 0 0 0 0
1710149395287215 128644967544512 submit 11 0 0 0 0 0
1710149395287275 128644967544512 subm_end 1 0 0 0 0 0
1710149395287345 128644967544512 pump_beg 1 0 0 0 0 0
1710149395345483 128645018953600 send 18 0 0 9 8 1
1710149395294245 128644873713344 emit_beg 10 0 0 0 0 0
1710149395299345 128644873713344 dmg 0 1 0 0 3840 2400
1710149395299705 128644873713344 enc 9 9 1 -1 -1 0
1710149396812510 128644873713344 emit_end 10 0 0 0 0 0
1710149399555619 128644967544512 feedend 10 0 0 0 0 0
1710149399564389 128644967544512 feedend 10 1 0 0 0 0
1710149402193903 128645018953600 send 2324333 0 0 9 8 1
1710149411418666 128644967544512 outfirst 10 1 65536 0 0 0
1710149414175835 128644967544512 outfirst 10 0 65536 0 0 0
1710149414621489 128644967544512 pump_end 1 2 0 0 0 0
1710149414621869 128644967544512 join_beg 1 0 0 0 0 0
1710149414622199 128644967544512 join_end 0 0 0 0 0 0
1710149414622789 128644967544512 book_beg 1 0 0 0 0 0
1710149414623299 128644967544512 batch 11 1 1 2 2 0
1710149414630548 128644967544512 book_end 1 0 0 0 0 0
1710149414630768 128644967544512 coll_beg 0 0 0 0 0 0
1710149416146643 128644967544512 coll_end 0 0 0 0 0 0
1710149416146713 128644967544512 rel_beg 1 0 0 0 0 0
1710149416147373 128644967544512 absorb 11 0 0 0 0 0
1710149416150603 128644967544512 rel_end 1 0 0 0 0 0
1710149416152903 128644967544512 wait_beg 0 0 0 0 0 0
1710149407151312 128645018953600 send 1943913 0 0 9 8 1
1710149407524838 128645018953600 send 14 0 0 9 8 1
1710149407525218 128645018953600 egress 10 1 0 0 0 0
1710149408116186 128645018953600 cliack 9 0 10 10 0 0
1710149416196571 128645018953600 send 18 0 0 10 9 1
1710149416160272 128644873713344 emit_beg 11 0 0 0 0 0
1710149416165512 128644873713344 dmg 0 1 0 0 3840 2400
1710149416165842 128644873713344 enc 10 10 1 -1 -1 0
1710149422478891 128645018953600 send 2137865 0 0 10 9 1
1710149426780204 128645018953600 send 1701675 0 0 10 9 1
1710149426784644 128645018953600 send 14 0 0 10 9 1
1710149426784944 128645018953600 egress 11 1 0 0 0 0
1710149417537062 128644873713344 emit_end 11 0 0 0 0 0
1710149427443990 128645018953600 cliack 10 0 11 11 0 0
1710149436814867 128645018953600 cliack 11 0 12 11 0 0
1710149436815437 128645018953600 ackregion 11 11 11 0 0 0
1710149445280338 128644967544512 wait_end 0 0 0 0 0 0
1710149445284838 128644967544512 drain_beg 0 0 0 0 0 0
1710149445285468 128644967544512 drain_end 1 0 0 0 0 0
1710149445285788 128644967544512 take 12 0 0 0 0 0
1710149445286388 128644967544512 subm_beg 1 0 0 0 0 0
1710149445288378 128644967544512 submit 12 0 0 0 0 0
1710149445288548 128644967544512 subm_end 1 0 0 0 0 0
1710149445288728 128644967544512 pump_beg 1 0 0 0 0 0
1710149447058803 128644967544512 feedend 11 0 0 0 0 0
1710149445261549 128645018953600 msgin 12 55296000 0 0 0 0
1710149445264638 128645018953600 enq 12 1 0 0 0 0
1710149448007578 128644967544512 feedend 11 1 0 0 0 0
1710149458661779 128644967544512 outfirst 11 1 65536 0 0 0
1710149459931082 128644967544512 outfirst 11 0 65536 0 0 0
1710149460275900 128644967544512 pump_end 1 2 0 0 0 0
1710149460276510 128644967544512 join_beg 1 0 0 0 0 0
1710149460277280 128644967544512 join_end 0 0 0 0 0 0
1710149460277350 128644967544512 book_beg 1 0 0 0 0 0
1710149460278119 128644967544512 batch 12 1 1 2 2 0
1710149460278189 128644967544512 book_end 1 0 0 0 0 0
1710149460278369 128644967544512 coll_beg 0 0 0 0 0 0
1710149461638800 128644967544512 coll_end 0 0 0 0 0 0
1710149461638920 128644967544512 rel_beg 1 0 0 0 0 0
1710149461639610 128644967544512 absorb 12 0 0 0 0 0
1710149461645440 128644967544512 rel_end 1 0 0 0 0 0
1710149461647769 128644967544512 wait_beg 0 0 0 0 0 0
1710149461649149 128644967544512 wait_end 0 0 0 0 0 0
1710149461651389 128644967544512 drain_beg 0 0 0 0 0 0
1710149461651919 128644967544512 drain_end 1 0 0 0 0 0
1710149461652299 128644967544512 take 13 0 0 0 0 0
1710149461652539 128644967544512 subm_beg 1 0 0 0 0 0
1710149461653129 128644967544512 submit 13 0 0 0 0 0
1710149461653329 128644967544512 subm_end 1 0 0 0 0 0
1710149461653359 128644967544512 pump_beg 1 0 0 0 0 0
1710149463685865 128644967544512 feedend 12 0 0 0 0 0
1710149464946229 128644967544512 feedend 12 1 0 0 0 0
1710149459843595 128645018953600 msgin 13 55296000 0 0 0 0
1710149459844995 128645018953600 enq 13 1 0 0 0 0
1710149461683018 128645018953600 ackslot 12 11 12 0 0 0
1710149461828243 128645018953600 send 18 0 0 11 11 1
1710149461668349 128644873713344 emit_beg 12 0 0 0 0 0
1710149461672799 128644873713344 dmg 0 1 0 0 3840 2400
1710149461673309 128644873713344 enc 11 11 1 -1 -1 0
1710149462027946 128644873713344 emit_end 12 0 0 0 0 0
1710149475309550 128644967544512 outfirst 12 1 65536 0 0 0
1710149476185118 128644967544512 outfirst 12 0 65536 0 0 0
1710149476509226 128644967544512 pump_end 1 2 0 0 0 0
1710149476509596 128644967544512 join_beg 1 0 0 0 0 0
1710149476510106 128644967544512 join_end 0 0 0 0 0 0
1710149476510346 128644967544512 book_beg 1 0 0 0 0 0
1710149476510646 128644967544512 batch 13 1 1 2 2 0
1710149476510676 128644967544512 book_end 1 0 0 0 0 0
1710149476510706 128644967544512 coll_beg 0 0 0 0 0 0
1710149477545618 128644967544512 coll_end 0 0 0 0 0 0
1710149477545678 128644967544512 rel_beg 1 0 0 0 0 0
1710149477546138 128644967544512 absorb 13 0 0 0 0 0
1710149477550098 128644967544512 rel_end 1 0 0 0 0 0
1710149477551938 128644967544512 wait_beg 0 0 0 0 0 0
1710149477553108 128644967544512 wait_end 0 0 0 0 0 0
1710149477555218 128644967544512 drain_beg 0 0 0 0 0 0
1710149477555438 128644967544512 drain_end 1 0 0 0 0 0
1710149477555708 128644967544512 take 14 0 0 0 0 0
1710149477555858 128644967544512 subm_beg 1 0 0 0 0 0
1710149477556288 128644967544512 submit 14 0 0 0 0 0
1710149477556438 128644967544512 subm_end 1 0 0 0 0 0
1710149477556508 128644967544512 pump_beg 1 0 0 0 0 0
1710149469205843 128645018953600 send 1916322 0 0 11 11 1
1710149474521769 128645018953600 send 1468033 0 0 11 11 1
1710149474528149 128645018953600 send 14 0 0 11 11 1
1710149474528779 128645018953600 egress 12 1 0 0 0 0
1710149476707499 128645018953600 msgin 14 55296000 0 0 0 0
1710149476709789 128645018953600 enq 14 1 0 0 0 0
1710149477558408 128644873713344 emit_beg 13 0 0 0 0 0
1710149479172379 128644967544512 feedend 13 0 0 0 0 0
1710149480373545 128644967544512 feedend 13 1 0 0 0 0
1710149477580877 128645018953600 send 18 0 0 12 11 1
1710149484409447 128645018953600 send 1834457 0 0 12 11 1
1710149477561858 128644873713344 dmg 0 1 0 0 3840 2400
1710149477562178 128644873713344 enc 12 12 1 -1 -1 0
1710149477792199 128644873713344 emit_end 13 0 0 0 0 0
1710149491124052 128644967544512 outfirst 13 1 65536 0 0 0
1710149491827526 128644967544512 outfirst 13 0 65536 0 0 0
1710149492210782 128644967544512 pump_end 1 2 0 0 0 0
1710149492211202 128644967544512 join_beg 1 0 0 0 0 0
1710149492211702 128644967544512 join_end 0 0 0 0 0 0
1710149492212002 128644967544512 book_beg 1 0 0 0 0 0
1710149492212522 128644967544512 batch 14 1 1 2 2 0
1710149492212612 128644967544512 book_end 1 0 0 0 0 0
1710149492212782 128644967544512 coll_beg 0 0 0 0 0 0
1710149493584472 128644967544512 coll_end 0 0 0 0 0 0
1710149493584592 128644967544512 rel_beg 1 0 0 0 0 0
1710149493585052 128644967544512 absorb 14 0 0 0 0 0
1710149493587702 128644967544512 rel_end 1 0 0 0 0 0
1710149493590022 128644967544512 wait_beg 0 0 0 0 0 0
1710149488869064 128645018953600 send 1429337 0 0 12 11 1
1710149488880484 128645018953600 send 14 0 0 12 11 1
1710149488880714 128645018953600 egress 13 1 0 0 0 0
1710149489577548 128645018953600 cliack 12 0 13 13 0 0
1710149493615571 128645018953600 send 18 0 0 13 12 1
1710149493600351 128644873713344 emit_beg 14 0 0 0 0 0
1710149493603381 128644873713344 dmg 0 1 0 0 3840 2400
1710149493603711 128644873713344 enc 13 13 1 -1 -1 0
1710149493809414 128644873713344 emit_end 14 0 0 0 0 0
1710149498427835 128645018953600 send 1886161 0 0 13 12 1
1710149502124320 128645018953600 send 1477797 0 0 13 12 1
1710149502128330 128645018953600 send 14 0 0 13 12 1
1710149502128490 128645018953600 egress 14 1 0 0 0 0
1710149502779516 128645018953600 cliack 13 0 14 14 0 0
1710149517294455 128645018953600 cliack 14 0 15 14 0 0
1710149517295265 128645018953600 ackregion 14 14 14 0 0 0
1710149526174080 128644967544512 wait_end 0 0 0 0 0 0
1710149526179780 128644967544512 drain_beg 0 0 0 0 0 0
1710149526180770 128644967544512 drain_end 1 0 0 0 0 0
1710149526181200 128644967544512 take 15 0 0 0 0 0
1710149526182020 128644967544512 subm_beg 1 0 0 0 0 0
1710149526184150 128644967544512 submit 15 0 0 0 0 0
1710149526184310 128644967544512 subm_end 1 0 0 0 0 0
1710149526196490 128644967544512 pump_beg 1 0 0 0 0 0
1710149526137882 128645018953600 msgin 15 55296000 0 0 0 0
1710149526139132 128645018953600 enq 15 1 0 0 0 0
1710149528231845 128644967544512 feedend 14 0 0 0 0 0
1710149528813424 128644967544512 feedend 14 1 0 0 0 0
1710149539767464 128644967544512 outfirst 14 1 65536 0 0 0
1710149540795966 128644967544512 outfirst 14 0 65536 0 0 0
1710149541217541 128644967544512 pump_end 1 2 0 0 0 0
1710149541218351 128644967544512 join_beg 1 0 0 0 0 0
1710149541219891 128644967544512 join_end 0 0 0 0 0 0
1710149541220081 128644967544512 book_beg 1 0 0 0 0 0
1710149541221260 128644967544512 batch 15 1 1 2 2 0
1710149541221310 128644967544512 book_end 1 0 0 0 0 0
1710149541221530 128644967544512 coll_beg 0 0 0 0 0 0
1710149542611880 128644967544512 coll_end 0 0 0 0 0 0
1710149542611990 128644967544512 rel_beg 1 0 0 0 0 0
1710149542612790 128644967544512 absorb 15 0 0 0 0 0
1710149542620419 128644967544512 rel_end 1 0 0 0 0 0
1710149542622569 128644967544512 wait_beg 0 0 0 0 0 0
1710149542662958 128645018953600 ackslot 15 14 15 0 0 0
1710149542827902 128645018953600 send 18 0 0 14 14 1
1710149547621866 128645018953600 send 1824713 0 0 14 14 1
1710149542644358 128644873713344 emit_beg 15 0 0 0 0 0
1710149542652018 128644873713344 dmg 0 1 0 0 3840 2400
1710149542652298 128644873713344 enc 14 14 1 -1 -1 0
1710149542879490 128644873713344 emit_end 15 0 0 0 0 0
1710149552415211 128644967544512 wait_end 0 0 0 0 0 0
1710149552418501 128644967544512 drain_beg 0 0 0 0 0 0
1710149552419021 128644967544512 drain_end 1 0 0 0 0 0
1710149552419231 128644967544512 take 16 0 0 0 0 0
1710149552419561 128644967544512 subm_beg 1 0 0 0 0 0
1710149552420621 128644967544512 submit 16 0 0 0 0 0
1710149552420731 128644967544512 subm_end 1 0 0 0 0 0
1710149552420821 128644967544512 pump_beg 1 0 0 0 0 0
1710149556832930 128644967544512 feedend 15 0 0 0 0 0
1710149557412739 128644967544512 feedend 15 1 0 0 0 0
1710149551623350 128645018953600 send 1510275 0 0 14 14 1
1710149551631080 128645018953600 send 14 0 0 14 14 1
1710149551631460 128645018953600 egress 15 1 0 0 0 0
1710149552391392 128645018953600 msgin 16 55296000 0 0 0 0
1710149552391892 128645018953600 enq 16 1 0 0 0 0
1710149560775096 128645018953600 cliack 15 0 16 15 0 0
1710149560775346 128645018953600 ackregion 15 15 15 0 0 0
1710149561573246 128645018953600 msgin 17 55296000 0 0 0 0
1710149561574516 128645018953600 enq 17 1 0 0 0 0
1710149568968526 128644967544512 outfirst 15 1 65536 0 0 0
1710149569760207 128644967544512 outfirst 15 0 65536 0 0 0
1710149570057906 128644967544512 pump_end 1 2 0 0 0 0
1710149570058726 128644967544512 join_beg 1 0 0 0 0 0
1710149570059926 128644967544512 join_end 0 0 0 0 0 0
1710149570060086 128644967544512 book_beg 1 0 0 0 0 0
1710149570061376 128644967544512 batch 16 1 1 2 2 0
1710149570061406 128644967544512 book_end 1 0 0 0 0 0
1710149570061566 128644967544512 coll_beg 0 0 0 0 0 0
1710149571196425 128644967544512 coll_end 0 0 0 0 0 0
1710149571196625 128644967544512 rel_beg 1 0 0 0 0 0
1710149571197775 128644967544512 absorb 16 0 0 0 0 0
1710149571204974 128644967544512 rel_end 1 0 0 0 0 0
1710149571207264 128644967544512 wait_beg 0 0 0 0 0 0
1710149571208854 128644967544512 wait_end 0 0 0 0 0 0
1710149571210944 128644967544512 drain_beg 0 0 0 0 0 0
1710149571211274 128644967544512 drain_end 1 0 0 0 0 0
1710149571211754 128644967544512 take 17 0 0 0 0 0
1710149571211944 128644967544512 subm_beg 1 0 0 0 0 0
1710149571212884 128644967544512 submit 17 0 0 0 0 0
1710149571212944 128644967544512 subm_end 1 0 0 0 0 0
1710149571213004 128644967544512 pump_beg 1 0 0 0 0 0
1710149572940741 128644967544512 feedend 16 0 0 0 0 0
1710149574191375 128644967544512 feedend 16 1 0 0 0 0
1710149571239223 128645018953600 ackslot 16 15 16 0 0 0
1710149571354739 128645018953600 send 18 0 0 15 15 1
1710149576480351 128645018953600 send 1928363 0 0 15 15 1
1710149571231323 128644873713344 emit_beg 16 0 0 0 0 0
1710149571235383 128644873713344 dmg 0 1 0 0 3840 2400
1710149571235733 128644873713344 enc 15 15 1 -1 -1 0
1710149571471885 128644873713344 emit_end 16 0 0 0 0 0
1710149585351797 128644967544512 outfirst 16 1 65536 0 0 0
1710149585876908 128644967544512 outfirst 16 0 65536 0 0 0
1710149586289423 128644967544512 pump_end 1 2 0 0 0 0
1710149586289913 128644967544512 join_beg 1 0 0 0 0 0
1710149586291493 128644967544512 join_end 0 0 0 0 0 0
1710149586291863 128644967544512 book_beg 1 0 0 0 0 0
1710149586292473 128644967544512 batch 17 1 1 2 2 0
1710149586292573 128644967544512 book_end 1 0 0 0 0 0
1710149586292773 128644967544512 coll_beg 0 0 0 0 0 0
1710149587590025 128644967544512 coll_end 0 0 0 0 0 0
1710149587590425 128644967544512 rel_beg 1 0 0 0 0 0
1710149587591055 128644967544512 absorb 17 0 0 0 0 0
1710149587597755 128644967544512 rel_end 1 0 0 0 0 0
1710149587600025 128644967544512 wait_beg 0 0 0 0 0 0
1710149587601935 128644967544512 wait_end 0 0 0 0 0 0
1710149587604265 128644967544512 drain_beg 0 0 0 0 0 0
1710149587604795 128644967544512 drain_end 1 0 0 0 0 0
1710149587605105 128644967544512 take 18 0 0 0 0 0
1710149587605305 128644967544512 subm_beg 1 0 0 0 0 0
1710149587606075 128644967544512 submit 18 0 0 0 0 0
1710149587606215 128644967544512 subm_end 1 0 0 0 0 0
1710149587606255 128644967544512 pump_beg 1 0 0 0 0 0
1710149580704387 128645018953600 send 1633673 0 0 15 15 1
1710149580709747 128645018953600 send 14 0 0 15 15 1
1710149580710407 128645018953600 egress 16 1 0 0 0 0
1710149581487808 128645018953600 msgin 18 55296000 0 0 0 0
1710149581489008 128645018953600 enq 18 1 0 0 0 0
1710149587709841 128645018953600 send 18 0 0 16 15 1
1710149587606075 128644873713344 emit_beg 17 0 0 0 0 0
1710149587610245 128644873713344 dmg 0 1 0 0 3840 2400
1710149587610405 128644873713344 enc 16 16 1 -1 -1 0
1710149587846806 128644873713344 emit_end 17 0 0 0 0 0
1710149589408519 128644967544512 feedend 17 0 0 0 0 0
1710149590184441 128644967544512 feedend 17 1 0 0 0 0
1710149593075295 128645018953600 send 1814073 0 0 16 15 1
1710149597073069 128645018953600 send 1550097 0 0 16 15 1
1710149597077608 128645018953600 send 14 0 0 16 15 1
1710149597077878 128645018953600 egress 17 1 0 0 0 0
1710149597691596 128645018953600 cliack 16 0 17 17 0 0
1710149601303534 128644967544512 outfirst 17 1 65536 0 0 0
1710149602284758 128644967544512 outfirst 17 0 65536 0 0 0
1710149602681264 128644967544512 pump_end 1 2 0 0 0 0
1710149602681564 128644967544512 join_beg 1 0 0 0 0 0
1710149602682864 128644967544512 join_end 0 0 0 0 0 0
1710149602683104 128644967544512 book_beg 1 0 0 0 0 0
1710149602683484 128644967544512 batch 18 1 1 2 2 0
1710149602683654 128644967544512 book_end 1 0 0 0 0 0
1710149602683844 128644967544512 coll_beg 0 0 0 0 0 0
1710149603890249 128644967544512 coll_end 0 0 0 0 0 0
1710149603896999 128644967544512 rel_beg 1 0 0 0 0 0
1710149603897599 128644967544512 absorb 18 0 0 0 0 0
1710149603901959 128644967544512 rel_end 1 0 0 0 0 0
1710149603905239 128644967544512 wait_beg 0 0 0 0 0 0
1710149603948317 128645018953600 send 18 0 0 17 16 1
1710149603913939 128644873713344 emit_beg 18 0 0 0 0 0
1710149603921218 128644873713344 dmg 0 1 0 0 3840 2400
1710149603921408 128644873713344 enc 17 17 1 -1 -1 0
1710149604208278 128644873713344 emit_end 18 0 0 0 0 0
1710149611152254 128645018953600 send 1863401 0 0 17 16 1
1710149617093527 128645018953600 send 1592902 0 0 17 16 1
1710149617099947 128645018953600 send 14 0 0 17 16 1
1710149617100487 128645018953600 egress 18 1 0 0 0 0
1710149618074881 128645018953600 cliack 17 0 18 18 0 0
1710149628581877 128645018953600 cliack 18 0 19 18 0 0
1710149628582187 128645018953600 ackregion 18 18 18 0 0 0
1710149637366976 128644967544512 wait_end 0 0 0 0 0 0
1710149637371545 128644967544512 drain_beg 0 0 0 0 0 0
1710149637372115 128644967544512 drain_end 1 0 0 0 0 0
1710149637372325 128644967544512 take 19 0 0 0 0 0
1710149637372785 128644967544512 subm_beg 1 0 0 0 0 0
1710149637374525 128644967544512 submit 19 0 0 0 0 0
1710149637374685 128644967544512 subm_end 1 0 0 0 0 0
1710149637374745 128644967544512 pump_beg 1 0 0 0 0 0
1710149637334057 128645018953600 msgin 19 55296000 0 0 0 0
1710149637335767 128645018953600 enq 19 1 0 0 0 0
1710149639076633 128644967544512 feedend 18 0 0 0 0 0
1710149639977790 128644967544512 feedend 18 1 0 0 0 0
1710149651617345 128644967544512 outfirst 18 1 65536 0 0 0
1710149652306060 128644967544512 outfirst 18 0 65536 0 0 0
1710149652545131 128644967544512 pump_end 1 2 0 0 0 0
1710149652545771 128644967544512 join_beg 1 0 0 0 0 0
1710149652547001 128644967544512 join_end 0 0 0 0 0 0
1710149652547171 128644967544512 book_beg 1 0 0 0 0 0
1710149652548401 128644967544512 batch 19 1 1 2 2 0
1710149652548431 128644967544512 book_end 1 0 0 0 0 0
1710149652548591 128644967544512 coll_beg 0 0 0 0 0 0
1710149653811184 128644967544512 coll_end 0 0 0 0 0 0
1710149653811374 128644967544512 rel_beg 1 0 0 0 0 0
1710149653811964 128644967544512 absorb 19 0 0 0 0 0
1710149653817294 128644967544512 rel_end 1 0 0 0 0 0
1710149653819454 128644967544512 wait_beg 0 0 0 0 0 0
1710149653841903 128645018953600 ackslot 19 18 19 0 0 0
1710149653982528 128645018953600 send 18 0 0 18 18 1
1710149653827164 128644873713344 emit_beg 19 0 0 0 0 0
1710149653832284 128644873713344 dmg 0 1 0 0 3840 2400
1710149653832594 128644873713344 enc 18 18 1 -1 -1 0
1710149654055186 128644873713344 emit_end 19 0 0 0 0 0
1710149667508864 128644967544512 wait_end 0 0 0 0 0 0
1710149667512914 128644967544512 drain_beg 0 0 0 0 0 0
1710149667513304 128644967544512 drain_end 1 0 0 0 0 0
1710149667513634 128644967544512 take 20 0 0 0 0 0
1710149667514514 128644967544512 subm_beg 1 0 0 0 0 0
1710149667516473 128644967544512 submit 20 0 0 0 0 0
1710149667516643 128644967544512 subm_end 1 0 0 0 0 0
1710149667516823 128644967544512 pump_beg 1 0 0 0 0 0
1710149661133157 128645018953600 send 2006164 0 0 18 18 1
1710149666720673 128645018953600 send 1734042 0 0 18 18 1
1710149666726332 128645018953600 send 14 0 0 18 18 1
1710149666726962 128645018953600 egress 19 1 0 0 0 0
1710149667486035 128645018953600 msgin 20 55296000 0 0 0 0
1710149667486885 128645018953600 enq 20 1 0 0 0 0
1710149669222231 128644967544512 feedend 19 0 0 0 0 0
1710149670115668 128644967544512 feedend 19 1 0 0 0 0
1710149674750609 128645018953600 msgin 21 55296000 0 0 0 0
1710149674751329 128645018953600 enq 21 1 0 0 0 0
1710149676577892 128645018953600 cliack 19 0 20 19 0 0
1710149676578132 128645018953600 ackregion 19 19 19 0 0 0
1710149681220143 128644967544512 outfirst 19 1 65536 0 0 0
1710149682409709 128644967544512 outfirst 19 0 65536 0 0 0
1710149682714448 128644967544512 pump_end 1 2 0 0 0 0
1710149682714968 128644967544512 join_beg 1 0 0 0 0 0
1710149682715798 128644967544512 join_end 0 0 0 0 0 0
1710149682716058 128644967544512 book_beg 1 0 0 0 0 0
1710149682716788 128644967544512 batch 20 1 1 2 2 0
1710149682716818 128644967544512 book_end 1 0 0 0 0 0
1710149682717118 128644967544512 coll_beg 0 0 0 0 0 0
1710149684056889 128644967544512 coll_end 0 0 0 0 0 0
1710149684057099 128644967544512 rel_beg 1 0 0 0 0 0
1710149684058059 128644967544512 absorb 20 0 0 0 0 0
1710149684064908 128644967544512 rel_end 1 0 0 0 0 0
1710149684067658 128644967544512 wait_beg 0 0 0 0 0 0
1710149684069688 128644967544512 wait_end 0 0 0 0 0 0
1710149684072358 128644967544512 drain_beg 0 0 0 0 0 0
1710149684072898 128644967544512 drain_end 1 0 0 0 0 0
1710149684073398 128644967544512 take 21 0 0 0 0 0
1710149684073618 128644967544512 subm_beg 1 0 0 0 0 0
1710149684074098 128644967544512 submit 21 0 0 0 0 0
1710149684074128 128644967544512 subm_end 1 0 0 0 0 0
1710149684074298 128644967544512 pump_beg 1 0 0 0 0 0
1710149686261018 128644967544512 feedend 20 0 0 0 0 0
1710149687140056 128644967544512 feedend 20 1 0 0 0 0
1710149684091657 128645018953600 ackslot 20 19 20 0 0 0
1710149684195344 128645018953600 send 18 0 0 19 19 1
1710149684080388 128644873713344 emit_beg 20 0 0 0 0 0
1710149684087738 128644873713344 dmg 0 1 0 0 3840 2400
1710149684088098 128644873713344 enc 19 19 1 -1 -1 0
1710149684540911 128644873713344 emit_end 20 0 0 0 0 0
1710149697796317 128644967544512 outfirst 20 1 65536 0 0 0
1710149699207175 128644967544512 outfirst 20 0 65536 0 0 0
1710149689900965 128645018953600 send 1974309 0 0 19 19 1
1710149693947057 128645018953600 send 1621959 0 0 19 19 1
1710149693952267 128645018953600 send 14 0 0 19 19 1
1710149693952577 128645018953600 egress 20 1 0 0 0 0
1710149694682210 128645018953600 msgin 22 55296000 0 0 0 0
1710149694682680 128645018953600 enq 22 1 0 0 0 0
1710149699541323 128644967544512 pump_end 1 2 0 0 0 0
1710149699541793 128644967544512 join_beg 1 0 0 0 0 0
1710149699543073 128644967544512 join_end 0 0 0 0 0 0
1710149699543223 128644967544512 book_beg 1 0 0 0 0 0
1710149699543503 128644967544512 batch 21 1 1 2 2 0
1710149699543553 128644967544512 book_end 1 0 0 0 0 0
1710149699543603 128644967544512 coll_beg 0 0 0 0 0 0
1710149700923242 128644967544512 coll_end 0 0 0 0 0 0
1710149700923472 128644967544512 rel_beg 1 0 0 0 0 0
1710149700924312 128644967544512 absorb 21 0 0 0 0 0
1710149700929202 128644967544512 rel_end 1 0 0 0 0 0
1710149700931892 128644967544512 wait_beg 0 0 0 0 0 0
1710149700933072 128644967544512 wait_end 0 0 0 0 0 0
1710149700934812 128644967544512 drain_beg 0 0 0 0 0 0
1710149700935122 128644967544512 drain_end 1 0 0 0 0 0
1710149700935222 128644967544512 take 22 0 0 0 0 0
1710149700935372 128644967544512 subm_beg 1 0 0 0 0 0
1710149700936172 128644967544512 submit 22 0 0 0 0 0
1710149700936332 128644967544512 subm_end 1 0 0 0 0 0
1710149700936382 128644967544512 pump_beg 1 0 0 0 0 0
1710149703027495 128644967544512 feedend 21 0 0 0 0 0
1710149703701781 128644967544512 feedend 21 1 0 0 0 0
1710149700990270 128645018953600 send 18 0 0 20 19 1
1710149706530737 128645018953600 send 1968035 0 0 20 19 1
1710149700943682 128644873713344 emit_beg 21 0 0 0 0 0
1710149700948231 128644873713344 dmg 0 1 0 0 3840 2400
1710149700948471 128644873713344 enc 20 20 1 -1 -1 0
1710149701310208 128644873713344 emit_end 21 0 0 0 0 0
1710149714691099 128644967544512 outfirst 21 1 65536 0 0 0
1710149716330029 128644967544512 outfirst 21 0 65536 0 0 0
1710149716649847 128644967544512 pump_end 1 2 0 0 0 0
1710149716650147 128644967544512 join_beg 1 0 0 0 0 0
1710149716650377 128644967544512 join_end 0 0 0 0 0 0
1710149716650697 128644967544512 book_beg 1 0 0 0 0 0
1710149716651007 128644967544512 batch 22 1 1 2 2 0
1710149716651137 128644967544512 book_end 1 0 0 0 0 0
1710149716651157 128644967544512 coll_beg 0 0 0 0 0 0
1710149717961599 128644967544512 coll_end 0 0 0 0 0 0
1710149717961799 128644967544512 rel_beg 1 0 0 0 0 0
1710149717962359 128644967544512 absorb 22 0 0 0 0 0
1710149717966069 128644967544512 rel_end 1 0 0 0 0 0
1710149717968569 128644967544512 wait_beg 0 0 0 0 0 0
1710149710336598 128645018953600 send 1533892 0 0 20 19 1
1710149710341488 128645018953600 send 14 0 0 20 19 1
1710149710341658 128645018953600 egress 21 1 0 0 0 0
1710149711027683 128645018953600 cliack 20 0 21 21 0 0
1710149718019877 128645018953600 send 18 0 0 21 20 1
1710149717977859 128644873713344 emit_beg 22 0 0 0 0 0
1710149717990088 128644873713344 dmg 0 1 0 0 3840 2400
1710149717990468 128644873713344 enc 21 21 1 -1 -1 0
1710149718345465 128644873713344 emit_end 22 0 0 0 0 0
1710149723309474 128645018953600 send 2049073 0 0 21 20 1
1710149727376775 128645018953600 send 1566759 0 0 21 20 1
1710149727381075 128645018953600 send 14 0 0 21 20 1
1710149727381395 128645018953600 egress 22 1 0 0 0 0
1710149728052180 128645018953600 cliack 21 0 22 22 0 0
1710149748086248 128644967544512 wait_end 0 0 0 0 0 0
1710149748091088 128644967544512 drain_beg 0 0 0 0 0 0
1710149748091618 128644967544512 drain_end 1 0 0 0 0 0
1710149748091808 128644967544512 take 23 0 0 0 0 0
1710149748092428 128644967544512 subm_beg 1 0 0 0 0 0
1710149748094588 128644967544512 submit 23 0 0 0 0 0
1710149748094708 128644967544512 subm_end 1 0 0 0 0 0
1710149748094778 128644967544512 pump_beg 1 0 0 0 0 0
1710149740149228 128645018953600 cliack 22 0 23 22 0 0
1710149740150058 128645018953600 ackregion 22 22 22 0 0 0
1710149748059739 128645018953600 msgin 23 55296000 0 0 0 0
1710149748060829 128645018953600 enq 23 1 0 0 0 0
1710149750165642 128644967544512 feedend 22 0 0 0 0 0
1710149751116757 128644967544512 feedend 22 1 0 0 0 0
1710149761273426 128644967544512 outfirst 22 1 65536 0 0 0
1710149763090729 128644967544512 outfirst 22 0 65536 0 0 0
1710149763379759 128644967544512 pump_end 1 2 0 0 0 0
1710149763380379 128644967544512 join_beg 1 0 0 0 0 0
1710149763380779 128644967544512 join_end 0 0 0 0 0 0
1710149763381399 128644967544512 book_beg 1 0 0 0 0 0
1710149763383169 128644967544512 batch 23 1 1 2 2 0
1710149763383229 128644967544512 book_end 1 0 0 0 0 0
1710149763383429 128644967544512 coll_beg 0 0 0 0 0 0
1710149764661202 128644967544512 coll_end 0 0 0 0 0 0
1710149764661442 128644967544512 rel_beg 1 0 0 0 0 0
1710149764662372 128644967544512 absorb 23 0 0 0 0 0
1710149764668882 128644967544512 rel_end 1 0 0 0 0 0
1710149764671672 128644967544512 wait_beg 0 0 0 0 0 0
1710149764693171 128645018953600 ackslot 23 22 23 0 0 0
1710149764803667 128645018953600 send 18 0 0 22 22 1
1710149764684081 128644873713344 emit_beg 23 0 0 0 0 0
1710149764689621 128644873713344 dmg 0 1 0 0 3840 2400
1710149764690051 128644873713344 enc 22 22 1 -1 -1 0
1710149764993920 128644873713344 emit_end 23 0 0 0 0 0
1710149777307980 128644967544512 wait_end 0 0 0 0 0 0
1710149777311470 128644967544512 drain_beg 0 0 0 0 0 0
1710149777311860 128644967544512 drain_end 1 0 0 0 0 0
1710149777312210 128644967544512 take 24 0 0 0 0 0
1710149777312900 128644967544512 subm_beg 1 0 0 0 0 0
1710149777314600 128644967544512 submit 24 0 0 0 0 0
1710149777314750 128644967544512 subm_end 1 0 0 0 0 0
1710149777314850 128644967544512 pump_beg 1 0 0 0 0 0
1710149779072135 128644967544512 feedend 23 0 0 0 0 0
1710149771480433 128645018953600 send 1856181 0 0 22 22 1
1710149776064905 128645018953600 send 1308378 0 0 22 22 1
1710149776070795 128645018953600 send 14 0 0 22 22 1
1710149776071645 128645018953600 egress 23 1 0 0 0 0
1710149777279081 128645018953600 msgin 24 55296000 0 0 0 0
1710149777280031 128645018953600 enq 24 1 0 0 0 0
1710149780016391 128644967544512 feedend 23 1 0 0 0 0
1710149780959726 128645018953600 msgin 25 55296000 0 0 0 0
1710149780960196 128645018953600 enq 25 1 0 0 0 0
1710149784417220 128645018953600 cliack 23 0 24 23 0 0
1710149784417500 128645018953600 ackregion 23 23 23 0 0 0
1710149790161390 128644967544512 outfirst 23 1 65536 0 0 0
1710149791454803 128644967544512 outfirst 23 0 65536 0 0 0
1710149791676894 128644967544512 pump_end 1 2 0 0 0 0
1710149791677254 128644967544512 join_beg 1 0 0 0 0 0
1710149791677834 128644967544512 join_end 0 0 0 0 0 0
1710149791678184 128644967544512 book_beg 1 0 0 0 0 0
1710149791678694 128644967544512 batch 24 1 1 2 2 0
1710149791678734 128644967544512 book_end 1 0 0 0 0 0
1710149791678764 128644967544512 coll_beg 0 0 0 0 0 0
1710149792633739 128644967544512 coll_end 0 0 0 0 0 0
1710149792633809 128644967544512 rel_beg 1 0 0 0 0 0
1710149792634369 128644967544512 absorb 24 0 0 0 0 0
1710149792638649 128644967544512 rel_end 1 0 0 0 0 0
1710149792641099 128644967544512 wait_beg 0 0 0 0 0 0
1710149792642249 128644967544512 wait_end 0 0 0 0 0 0
1710149792644259 128644967544512 drain_beg 0 0 0 0 0 0
1710149792644589 128644967544512 drain_end 1 0 0 0 0 0
1710149792645029 128644967544512 take 25 0 0 0 0 0
1710149792645379 128644967544512 subm_beg 1 0 0 0 0 0
1710149792645789 128644967544512 submit 25 0 0 0 0 0
1710149792645819 128644967544512 subm_end 1 0 0 0 0 0
1710149792645999 128644967544512 pump_beg 1 0 0 0 0 0
1710149794698924 128644967544512 feedend 24 0 0 0 0 0
1710149795530824 128644967544512 feedend 24 1 0 0 0 0
1710149792647779 128645018953600 ackslot 24 23 24 0 0 0
1710149792705887 128645018953600 send 18 0 0 23 23 1
1710149799339274 128645018953600 send 1763214 0 0 23 23 1
1710149792662238 128644873713344 emit_beg 24 0 0 0 0 0
1710149792669558 128644873713344 dmg 0 1 0 0 3840 2400
1710149792669848 128644873713344 enc 23 23 1 -1 -1 0
1710149792913779 128644873713344 emit_end 24 0 0 0 0 0
1710149805875415 128644967544512 outfirst 24 1 65536 0 0 0
1710149806660817 128644967544512 outfirst 24 0 65536 0 0 0
1710149806949166 128644967544512 pump_end 1 2 0 0 0 0
1710149806949636 128644967544512 join_beg 1 0 0 0 0 0
1710149806950346 128644967544512 join_end 0 0 0 0 0 0
1710149806950716 128644967544512 book_beg 1 0 0 0 0 0
1710149806951016 128644967544512 batch 25 1 1 2 2 0
1710149806951066 128644967544512 book_end 1 0 0 0 0 0
1710149806951226 128644967544512 coll_beg 0 0 0 0 0 0
1710149808097624 128644967544512 coll_end 0 0 0 0 0 0
1710149808097874 128644967544512 rel_beg 1 0 0 0 0 0
1710149808098724 128644967544512 absorb 25 0 0 0 0 0
1710149808102934 128644967544512 rel_end 1 0 0 0 0 0
1710149808113044 128644967544512 wait_beg 0 0 0 0 0 0
1710149808114434 128644967544512 wait_end 0 0 0 0 0 0
1710149808116614 128644967544512 drain_beg 0 0 0 0 0 0
1710149808116914 128644967544512 drain_end 1 0 0 0 0 0
1710149808117164 128644967544512 take 26 0 0 0 0 0
1710149808117314 128644967544512 subm_beg 1 0 0 0 0 0
1710149808118024 128644967544512 submit 26 0 0 0 0 0
1710149808118093 128644967544512 subm_end 1 0 0 0 0 0
1710149808118183 128644967544512 pump_beg 1 0 0 0 0 0
1710149809734854 128644967544512 feedend 25 0 0 0 0 0
1710149802539747 128645018953600 send 1329580 0 0 23 23 1
1710149802544817 128645018953600 send 14 0 0 23 23 1
1710149802545407 128645018953600 egress 24 1 0 0 0 0
1710149803318099 128645018953600 msgin 26 55296000 0 0 0 0
1710149803318889 128645018953600 enq 26 1 0 0 0 0
1710149808224020 128645018953600 send 18 0 0 24 23 1
1710149808263708 128645018953600 cliack 24 0 25 24 0 0
1710149808263848 128645018953600 ackregion 24 24 25 0 0 0
1710149808274628 128645018953600 ackslot 25 24 25 0 0 0
1710149808123003 128644873713344 emit_beg 25 0 0 0 0 0
1710149808127833 128644873713344 dmg 0 1 0 0 3840 2400
1710149808128043 128644873713344 enc 24 24 1 -1 -1 0
1710149808391213 128644873713344 emit_end 25 0 0 0 0 0
1710149810538485 128644967544512 feedend 25 1 0 0 0 0
1710149814296588 128645018953600 send 1742745 0 0 24 24 1
1710149818938428 128645018953600 send 1367895 0 0 24 24 1
1710149818945618 128645018953600 send 14 0 0 24 24 1
1710149818946218 128645018953600 egress 25 1 0 0 0 0
1710149820074486 128645018953600 msgin 27 55296000 0 0 0 0
1710149820075126 128645018953600 enq 27 1 0 0 0 0
1710149821157427 128644967544512 outfirst 25 1 65536 0 0 0
1710149821978767 128644967544512 outfirst 25 0 65536 0 0 0
1710149822271726 128644967544512 pump_end 1 2 0 0 0 0
1710149822271906 128644967544512 join_beg 1 0 0 0 0 0
1710149822272416 128644967544512 join_end 0 0 0 0 0 0
1710149822272646 128644967544512 book_beg 1 0 0 0 0 0
1710149822272826 128644967544512 batch 26 1 1 2 2 0
1710149822272856 128644967544512 book_end 1 0 0 0 0 0
1710149822273026 128644967544512 coll_beg 0 0 0 0 0 0
1710149823389365 128644967544512 coll_end 0 0 0 0 0 0
1710149823389535 128644967544512 rel_beg 1 0 0 0 0 0
1710149823389805 128644967544512 absorb 26 0 0 0 0 0
1710149823392095 128644967544512 rel_end 1 0 0 0 0 0
1710149823393485 128644967544512 wait_beg 0 0 0 0 0 0
1710149823394115 128644967544512 wait_end 0 0 0 0 0 0
1710149823395405 128644967544512 drain_beg 0 0 0 0 0 0
1710149823395575 128644967544512 drain_end 1 0 0 0 0 0
1710149823395635 128644967544512 take 27 0 0 0 0 0
1710149823395815 128644967544512 subm_beg 1 0 0 0 0 0
1710149823396305 128644967544512 submit 27 0 0 0 0 0
1710149823396455 128644967544512 subm_end 1 0 0 0 0 0
1710149823396575 128644967544512 pump_beg 1 0 0 0 0 0
1710149825022335 128644967544512 feedend 26 0 0 0 0 0
1710149825831426 128644967544512 feedend 26 1 0 0 0 0
1710149821197265 128645018953600 cliack 25 0 26 25 0 0
1710149821197535 128645018953600 ackregion 25 25 25 0 0 0
1710149823401975 128645018953600 ackslot 26 25 26 0 0 0
1710149823425384 128645018953600 send 18 0 0 25 25 1
1710149829691065 128645018953600 send 1811183 0 0 25 25 1
1710149823403185 128644873713344 emit_beg 26 0 0 0 0 0
1710149823406345 128644873713344 dmg 0 1 0 0 3840 2400
1710149823406975 128644873713344 enc 25 25 1 -1 -1 0
1710149823655855 128644873713344 emit_end 26 0 0 0 0 0
1710149837143982 128644967544512 outfirst 26 1 65536 0 0 0
1710149837863576 128644967544512 outfirst 26 0 65536 0 0 0
1710149838164965 128644967544512 pump_end 1 2 0 0 0 0
1710149838165095 128644967544512 join_beg 1 0 0 0 0 0
1710149838165395 128644967544512 join_end 0 0 0 0 0 0
1710149838165725 128644967544512 book_beg 1 0 0 0 0 0
1710149838166265 128644967544512 batch 27 1 1 2 2 0
1710149838166285 128644967544512 book_end 1 0 0 0 0 0
1710149838166565 128644967544512 coll_beg 0 0 0 0 0 0
1710149839376001 128644967544512 coll_end 0 0 0 0 0 0
1710149839376281 128644967544512 rel_beg 1 0 0 0 0 0
1710149839376611 128644967544512 absorb 27 0 0 0 0 0
1710149839379921 128644967544512 rel_end 1 0 0 0 0 0
1710149839382400 128644967544512 wait_beg 0 0 0 0 0 0
1710149833578263 128645018953600 send 1489190 0 0 25 25 1
1710149833583792 128645018953600 send 14 0 0 25 25 1
1710149833584132 128645018953600 egress 26 1 0 0 0 0
1710149837727261 128645018953600 cliack 26 0 27 26 0 0
1710149837727451 128645018953600 ackregion 26 26 26 0 0 0
1710149839399160 128645018953600 ackslot 27 26 27 0 0 0
1710149839453988 128645018953600 send 18 0 0 26 26 1
1710149839392590 128644873713344 emit_beg 27 0 0 0 0 0
1710149839395790 128644873713344 dmg 0 1 0 0 3840 2400
1710149839395980 128644873713344 enc 26 26 1 -1 -1 0
1710149839645411 128644873713344 emit_end 27 0 0 0 0 0
1710149846182182 128645018953600 send 1942926 0 0 26 26 1
1710149852908026 128644967544512 wait_end 0 0 0 0 0 0
1710149852910836 128644967544512 drain_beg 0 0 0 0 0 0
1710149852911176 128644967544512 drain_end 1 0 0 0 0 0
1710149852911366 128644967544512 take 28 0 0 0 0 0
1710149852911786 128644967544512 subm_beg 1 0 0 0 0 0
1710149852912466 128644967544512 submit 28 0 0 0 0 0
1710149852912586 128644967544512 subm_end 1 0 0 0 0 0
1710149852912656 128644967544512 pump_beg 1 0 0 0 0 0
1710149854497688 128644967544512 feedend 27 0 0 0 0 0
1710149855346447 128644967544512 feedend 27 1 0 0 0 0
1710149851780707 128645018953600 send 1662929 0 0 26 26 1
1710149851787277 128645018953600 send 14 0 0 26 26 1
1710149851787627 128645018953600 egress 27 1 0 0 0 0
1710149852881797 128645018953600 msgin 28 55296000 0 0 0 0
1710149852882047 128645018953600 enq 28 1 0 0 0 0
1710149856524154 128645018953600 cliack 27 0 28 27 0 0
1710149856524624 128645018953600 ackregion 27 27 27 0 0 0
1710149866889965 128644967544512 outfirst 27 1 65536 0 0 0
1710149867703215 128644967544512 outfirst 27 0 65536 0 0 0
1710149868064222 128644967544512 pump_end 1 2 0 0 0 0
1710149868064692 128644967544512 join_beg 1 0 0 0 0 0
1710149868065172 128644967544512 join_end 0 0 0 0 0 0
1710149868065472 128644967544512 book_beg 1 0 0 0 0 0
1710149868066352 128644967544512 batch 28 1 1 2 2 0
1710149868066382 128644967544512 book_end 1 0 0 0 0 0
1710149868066412 128644967544512 coll_beg 0 0 0 0 0 0
1710149869215760 128644967544512 coll_end 0 0 0 0 0 0
1710149869215880 128644967544512 rel_beg 1 0 0 0 0 0
1710149869216440 128644967544512 absorb 28 0 0 0 0 0
1710149869220400 128644967544512 rel_end 1 0 0 0 0 0
1710149869222480 128644967544512 wait_beg 0 0 0 0 0 0
1710149869223900 128644967544512 wait_end 0 0 0 0 0 0
1710149869225859 128644967544512 drain_beg 0 0 0 0 0 0
1710149869226439 128644967544512 drain_end 1 0 0 0 0 0
1710149869226859 128644967544512 take 29 0 0 0 0 0
1710149869227029 128644967544512 subm_beg 1 0 0 0 0 0
1710149869227389 128644967544512 submit 29 0 0 0 0 0
1710149869227419 128644967544512 subm_end 1 0 0 0 0 0
1710149869227439 128644967544512 pump_beg 1 0 0 0 0 0
1710149865302343 128645018953600 msgin 29 55296000 0 0 0 0
1710149865313693 128645018953600 enq 29 1 0 0 0 0
1710149869243679 128645018953600 ackslot 28 27 28 0 0 0
1710149869343755 128645018953600 send 18 0 0 27 27 1
1710149869245349 128644873713344 emit_beg 28 0 0 0 0 0
1710149869250209 128644873713344 dmg 0 1 0 0 3840 2400
1710149869250599 128644873713344 enc 27 27 1 -1 -1 0
1710149869537618 128644873713344 emit_end 28 0 0 0 0 0
1710149871050303 128644967544512 feedend 28 0 0 0 0 0
1710149871928511 128644967544512 feedend 28 1 0 0 0 0
1710149875569268 128645018953600 send 1956024 0 0 27 27 1
1710149883189009 128644967544512 outfirst 28 1 65536 0 0 0
1710149884044238 128644967544512 outfirst 28 0 65536 0 0 0
1710149884375156 128644967544512 pump_end 1 2 0 0 0 0
1710149884375636 128644967544512 join_beg 1 0 0 0 0 0
1710149884376266 128644967544512 join_end 0 0 0 0 0 0
1710149884376716 128644967544512 book_beg 1 0 0 0 0 0
1710149884377276 128644967544512 batch 29 1 1 2 2 0
1710149884377336 128644967544512 book_end 1 0 0 0 0 0
1710149884377596 128644967544512 coll_beg 0 0 0 0 0 0
1710149885746126 128644967544512 coll_end 0 0 0 0 0 0
1710149885746236 128644967544512 rel_beg 1 0 0 0 0 0
1710149885746796 128644967544512 absorb 29 0 0 0 0 0
1710149885750085 128644967544512 rel_end 1 0 0 0 0 0
1710149885752235 128644967544512 wait_beg 0 0 0 0 0 0
1710149885753595 128644967544512 wait_end 0 0 0 0 0 0
1710149885755675 128644967544512 drain_beg 0 0 0 0 0 0
1710149885755975 128644967544512 drain_end 1 0 0 0 0 0
1710149885756185 128644967544512 take 30 0 0 0 0 0
1710149885756505 128644967544512 subm_beg 1 0 0 0 0 0
1710149885756975 128644967544512 submit 30 0 0 0 0 0
1710149885757355 128644967544512 subm_end 1 0 0 0 0 0
1710149885757535 128644967544512 pump_beg 1 0 0 0 0 0
1710149887181843 128644967544512 feedend 29 0 0 0 0 0
1710149887932166 128644967544512 feedend 29 1 0 0 0 0
1710149880749408 128645018953600 send 1675434 0 0 27 27 1
1710149880758698 128645018953600 send 14 0 0 27 27 1
1710149880759628 128645018953600 egress 28 1 0 0 0 0
1710149881557469 128645018953600 msgin 30 55296000 0 0 0 0
1710149881558169 128645018953600 enq 30 1 0 0 0 0
1710149885796184 128645018953600 send 18 0 0 28 27 1
1710149885760795 128644873713344 emit_beg 29 0 0 0 0 0
1710149885763795 128644873713344 dmg 0 1 0 0 3840 2400
1710149885763965 128644873713344 enc 28 28 1 -1 -1 0
1710149886040325 128644873713344 emit_end 29 0 0 0 0 0
1710149899142446 128644967544512 outfirst 29 1 65536 0 0 0
1710149900215047 128644967544512 outfirst 29 0 65536 0 0 0
1710149900648501 128644967544512 pump_end 1 2 0 0 0 0
1710149900648751 128644967544512 join_beg 1 0 0 0 0 0
1710149900649381 128644967544512 join_end 0 0 0 0 0 0
1710149900650011 128644967544512 book_beg 1 0 0 0 0 0
1710149900650511 128644967544512 batch 30 1 1 2 2 0
1710149900650551 128644967544512 book_end 1 0 0 0 0 0
1710149900650861 128644967544512 coll_beg 0 0 0 0 0 0
1710149892382943 128645018953600 send 1924219 0 0 28 27 1
1710149897965899 128645018953600 send 1660234 0 0 28 27 1
1710149897971599 128645018953600 send 14 0 0 28 27 1
1710149897971949 128645018953600 egress 29 1 0 0 0 0
1710149899028530 128645018953600 cliack 28 0 29 29 0 0
1710149902252222 128644967544512 coll_end 0 0 0 0 0 0
1710149902252342 128644967544512 rel_beg 1 0 0 0 0 0
1710149902253002 128644967544512 absorb 30 0 0 0 0 0
1710149902256812 128644967544512 rel_end 1 0 0 0 0 0
1710149902259102 128644967544512 wait_beg 0 0 0 0 0 0
1710149902352918 128645018953600 send 18 0 0 29 28 1
1710149908899939 128645018953600 send 1924472 0 0 29 28 1
1710149902266902 128644873713344 emit_beg 30 0 0 0 0 0
1710149902271451 128644873713344 dmg 0 1 0 0 3840 2400
1710149902271651 128644873713344 enc 29 29 1 -1 -1 0
1710149902479594 128644873713344 emit_end 30 0 0 0 0 0
1710149914503794 128645018953600 send 1657371 0 0 29 28 1
1710149914508634 128645018953600 send 14 0 0 29 28 1
1710149914508944 128645018953600 egress 30 1 0 0 0 0
1710149915117972 128645018953600 cliack 29 0 30 30 0 0
1710149929639671 128644967544512 wait_end 0 0 0 0 0 0
1710149929644511 128644967544512 drain_beg 0 0 0 0 0 0
1710149929644911 128644967544512 drain_end 1 0 0 0 0 0
1710149929645321 128644967544512 take 31 0 0 0 0 0
1710149929645731 128644967544512 subm_beg 1 0 0 0 0 0
1710149929647271 128644967544512 submit 31 0 0 0 0 0
1710149929647431 128644967544512 subm_end 1 0 0 0 0 0
1710149929647481 128644967544512 pump_beg 1 0 0 0 0 0
1710149922573729 128645018953600 cliack 30 0 31 30 0 0
1710149922573839 128645018953600 ackregion 30 30 30 0 0 0
1710149929608572 128645018953600 msgin 31 55296000 0 0 0 0
1710149929609812 128645018953600 enq 31 1 0 0 0 0
1710149931402816 128644967544512 feedend 30 0 0 0 0 0
1710149932291144 128644967544512 feedend 30 1 0 0 0 0
1710149942944555 128644967544512 outfirst 30 1 65536 0 0 0
1710149943880120 128644967544512 outfirst 30 0 65536 0 0 0
1710149944234557 128644967544512 pump_end 1 2 0 0 0 0
1710149944235057 128644967544512 join_beg 1 0 0 0 0 0
1710149944235377 128644967544512 join_end 0 0 0 0 0 0
1710149944235897 128644967544512 book_beg 1 0 0 0 0 0
1710149944236977 128644967544512 batch 31 1 1 2 2 0
1710149944237007 128644967544512 book_end 1 0 0 0 0 0
1710149944237177 128644967544512 coll_beg 0 0 0 0 0 0
1710149945540400 128644967544512 coll_end 0 0 0 0 0 0
1710149945540580 128644967544512 rel_beg 1 0 0 0 0 0
1710149945541590 128644967544512 absorb 31 0 0 0 0 0
1710149945546839 128644967544512 rel_end 1 0 0 0 0 0
1710149945549349 128644967544512 wait_beg 0 0 0 0 0 0
1710149945578458 128645018953600 ackslot 31 30 31 0 0 0
1710149945728783 128645018953600 send 18 0 0 30 30 1
1710149949998407 128645018953600 send 1759815 0 0 30 30 1
1710149945562189 128644873713344 emit_beg 31 0 0 0 0 0
1710149945567699 128644873713344 dmg 0 1 0 0 3840 2400
1710149945567969 128644873713344 enc 30 30 1 -1 -1 0
1710149945811630 128644873713344 emit_end 31 0 0 0 0 0
1710149954260961 128644967544512 wait_end 0 0 0 0 0 0
1710149954264391 128644967544512 drain_beg 0 0 0 0 0 0
1710149954264751 128644967544512 drain_end 1 0 0 0 0 0
1710149954265041 128644967544512 take 32 0 0 0 0 0
1710149954265451 128644967544512 subm_beg 1 0 0 0 0 0
1710149954266281 128644967544512 submit 32 0 0 0 0 0
1710149954266411 128644967544512 subm_end 1 0 0 0 0 0
1710149954266581 128644967544512 pump_beg 1 0 0 0 0 0
1710149956305976 128644967544512 feedend 31 0 0 0 0 0
1710149957224782 128644967544512 feedend 31 1 0 0 0 0
1710149953480339 128645018953600 send 1474438 0 0 30 30 1
1710149953483989 128645018953600 send 14 0 0 30 30 1
1710149953484359 128645018953600 egress 31 1 0 0 0 0
1710149954243212 128645018953600 msgin 32 55296000 0 0 0 0
1710149954243662 128645018953600 enq 32 1 0 0 0 0
1710149967954830 128644967544512 outfirst 31 1 65536 0 0 0
1710149968973683 128644967544512 outfirst 31 0 65536 0 0 0
1710149969275332 128644967544512 pump_end 1 2 0 0 0 0
1710149969275492 128644967544512 join_beg 1 0 0 0 0 0
1710149969276012 128644967544512 join_end 0 0 0 0 0 0
1710149969276372 128644967544512 book_beg 1 0 0 0 0 0
1710149969276782 128644967544512 batch 32 1 1 2 2 0
1710149969276812 128644967544512 book_end 1 0 0 0 0 0
1710149969277092 128644967544512 coll_beg 0 0 0 0 0 0
1710149970349123 128644967544512 coll_end 0 0 0 0 0 0
1710149970349243 128644967544512 rel_beg 1 0 0 0 0 0
1710149970349683 128644967544512 absorb 32 0 0 0 0 0
1710149970353313 128644967544512 rel_end 1 0 0 0 0 0
1710149970355372 128644967544512 wait_beg 0 0 0 0 0 0
1710149970356272 128644967544512 wait_end 0 0 0 0 0 0
1710149970365192 128644967544512 drain_beg 0 0 0 0 0 0
1710149970365532 128644967544512 drain_end 1 0 0 0 0 0
1710149970365762 128644967544512 take 33 0 0 0 0 0
1710149970365872 128644967544512 subm_beg 1 0 0 0 0 0
1710149970366282 128644967544512 submit 33 0 0 0 0 0
1710149970366302 128644967544512 subm_end 1 0 0 0 0 0
1710149970366332 128644967544512 pump_beg 1 0 0 0 0 0
1710149961965349 128645018953600 msgin 33 55296000 0 0 0 0
1710149961965839 128645018953600 enq 33 1 0 0 0 0
1710149962648324 128645018953600 cliack 31 0 32 31 0 0
1710149962648414 128645018953600 ackregion 31 31 31 0 0 0
1710149970361592 128645018953600 ackslot 32 31 32 0 0 0
1710149970453899 128645018953600 send 18 0 0 31 31 1
1710149970366852 128644873713344 emit_beg 32 0 0 0 0 0
1710149970370992 128644873713344 dmg 0 1 0 0 3840 2400
1710149970371292 128644873713344 enc 31 31 1 -1 -1 0
1710149970780147 128644873713344 emit_end 32 0 0 0 0 0
1710149972658528 128644967544512 feedend 32 0 0 0 0 0
1710149973810986 128644967544512 feedend 32 1 0 0 0 0
1710149975156687 128645018953600 send 1805206 0 0 31 31 1
1710149978714677 128645018953600 send 1513780 0 0 31 31 1
1710149978719587 128645018953600 send 14 0 0 31 31 1
1710149978720187 128645018953600 egress 32 1 0 0 0 0
1710149980371576 128645018953600 msgin 34 55296000 0 0 0 0
1710149980372416 128645018953600 enq 34 1 0 0 0 0
1710149985074654 128644967544512 outfirst 32 1 65536 0 0 0
1710149985715181 128644967544512 outfirst 32 0 65536 0 0 0
1710149985992621 128644967544512 pump_end 1 2 0 0 0 0
1710149985992901 128644967544512 join_beg 1 0 0 0 0 0
1710149985993241 128644967544512 join_end 0 0 0 0 0 0
1710149985993511 128644967544512 book_beg 1 0 0 0 0 0
1710149985994231 128644967544512 batch 33 1 1 2 2 0
1710149985994291 128644967544512 book_end 1 0 0 0 0 0
1710149985994561 128644967544512 coll_beg 0 0 0 0 0 0
1710149987389470 128644967544512 coll_end 0 0 0 0 0 0
1710149987389590 128644967544512 rel_beg 1 0 0 0 0 0
1710149987390410 128644967544512 absorb 33 0 0 0 0 0
1710149987394010 128644967544512 rel_end 1 0 0 0 0 0
1710149987397829 128644967544512 wait_beg 0 0 0 0 0 0
1710149987398979 128644967544512 wait_end 0 0 0 0 0 0
1710149987400939 128644967544512 drain_beg 0 0 0 0 0 0
1710149987401249 128644967544512 drain_end 1 0 0 0 0 0
1710149987401419 128644967544512 take 34 0 0 0 0 0
1710149987401639 128644967544512 subm_beg 1 0 0 0 0 0
1710149987402189 128644967544512 submit 34 0 0 0 0 0
1710149987402309 128644967544512 subm_end 1 0 0 0 0 0
1710149987402339 128644967544512 pump_beg 1 0 0 0 0 0
1710149988953663 128644967544512 feedend 33 0 0 0 0 0
1710149989934087 128644967544512 feedend 33 1 0 0 0 0
1710149985105703 128645018953600 cliack 32 0 33 32 0 0
1710149985106213 128645018953600 ackregion 32 32 32 0 0 0
1710149987415219 128645018953600 ackslot 33 32 33 0 0 0
1710149987488936 128645018953600 send 18 0 0 32 32 1
1710149987408899 128644873713344 emit_beg 33 0 0 0 0 0
1710149987413679 128644873713344 dmg 0 1 0 0 3840 2400
1710149987413879 128644873713344 enc 32 32 1 -1 -1 0
1710149987719598 128644873713344 emit_end 33 0 0 0 0 0
1710149992259652 128645018953600 send 1819327 0 0 32 32 1
1710149995987795 128645018953600 send 1517529 0 0 32 32 1
1710149995993365 128645018953600 send 14 0 0 32 32 1
1710149995993815 128645018953600 egress 33 1 0 0 0 0
1710149996673180 128645018953600 msgin 35 55296000 0 0 0 0
1710149996673860 128645018953600 enq 35 1 0 0 0 0
1710150001645849 128644967544512 outfirst 33 1 65536 0 0 0
1710150002701190 128644967544512 outfirst 33 0 65536 0 0 0
1710150003082006 128644967544512 pump_end 1 2 0 0 0 0
1710150003082416 128644967544512 join_beg 1 0 0 0 0 0
1710150003082816 128644967544512 join_end 0 0 0 0 0 0
1710150003083496 128644967544512 book_beg 1 0 0 0 0 0
1710150003083856 128644967544512 batch 34 1 1 2 2 0
1710150003083916 128644967544512 book_end 1 0 0 0 0 0
1710150003084076 128644967544512 coll_beg 0 0 0 0 0 0
1710150004603110 128644967544512 coll_end 0 0 0 0 0 0
1710150004603230 128644967544512 rel_beg 1 0 0 0 0 0
1710150004603630 128644967544512 absorb 34 0 0 0 0 0
1710150004606250 128644967544512 rel_end 1 0 0 0 0 0
1710150004608230 128644967544512 wait_beg 0 0 0 0 0 0
1710150004609240 128644967544512 wait_end 0 0 0 0 0 0
1710150004610980 128644967544512 drain_beg 0 0 0 0 0 0
1710150004611200 128644967544512 drain_end 1 0 0 0 0 0
1710150004611280 128644967544512 take 35 0 0 0 0 0
1710150004611520 128644967544512 subm_beg 1 0 0 0 0 0
1710150004611820 128644967544512 submit 35 0 0 0 0 0
1710150004611850 128644967544512 subm_end 1 0 0 0 0 0
1710150004611880 128644967544512 pump_beg 1 0 0 0 0 0
1710150006349557 128644967544512 feedend 34 0 0 0 0 0
1710150007500115 128644967544512 feedend 34 1 0 0 0 0
1710150004502934 128645018953600 cliack 33 0 34 33 0 0
1710150004503034 128645018953600 ackregion 33 33 33 0 0 0
1710150004610640 128645018953600 ackslot 34 33 34 0 0 0
1710150004635489 128645018953600 send 18 0 0 33 33 1
1710150009867068 128645018953600 send 2009605 0 0 33 33 1
1710150004616350 128644873713344 emit_beg 34 0 0 0 0 0
1710150004619770 128644873713344 dmg 0 1 0 0 3840 2400
1710150004619980 128644873713344 enc 33 33 1 -1 -1 0
1710150004959457 128644873713344 emit_end 34 0 0 0 0 0
1710150019488756 128644967544512 outfirst 34 1 65536 0 0 0
1710150020214710 128644967544512 outfirst 34 0 65536 0 0 0
1710150020639254 128644967544512 pump_end 1 2 0 0 0 0
1710150020639564 128644967544512 join_beg 1 0 0 0 0 0
1710150020639774 128644967544512 join_end 0 0 0 0 0 0
1710150020640164 128644967544512 book_beg 1 0 0 0 0 0
1710150020640594 128644967544512 batch 35 1 1 2 2 0
1710150020640644 128644967544512 book_end 1 0 0 0 0 0
1710150020640684 128644967544512 coll_beg 0 0 0 0 0 0
1710150013962048 128645018953600 send 1682879 0 0 33 33 1
1710150013967868 128645018953600 send 14 0 0 33 33 1
1710150013968588 128645018953600 egress 34 1 0 0 0 0
1710150014689912 128645018953600 msgin 36 55296000 0 0 0 0
1710150014690212 128645018953600 enq 36 1 0 0 0 0
1710150022207227 128644967544512 coll_end 0 0 0 0 0 0
1710150022207407 128644967544512 rel_beg 1 0 0 0 0 0
1710150022208107 128644967544512 absorb 35 0 0 0 0 0
1710150022211647 128644967544512 rel_end 1 0 0 0 0 0
1710150022214237 128644967544512 wait_beg 0 0 0 0 0 0
1710150022215947 128644967544512 wait_end 0 0 0 0 0 0
1710150022217917 128644967544512 drain_beg 0 0 0 0 0 0
1710150022218127 128644967544512 drain_end 1 0 0 0 0 0
1710150022218267 128644967544512 take 36 0 0 0 0 0
1710150022218647 128644967544512 subm_beg 1 0 0 0 0 0
1710150022219037 128644967544512 submit 36 0 0 0 0 0
1710150022219177 128644967544512 subm_end 1 0 0 0 0 0
1710150022219237 128644967544512 pump_beg 1 0 0 0 0 0
1710150023949133 128644967544512 feedend 35 0 0 0 0 0
1710150024916698 128644967544512 feedend 35 1 0 0 0 0
1710150022243556 128645018953600 send 18 0 0 34 33 1
1710150027670427 128645018953600 send 2097112 0 0 34 33 1
1710150022221526 128644873713344 emit_beg 35 0 0 0 0 0
1710150022224946 128644873713344 dmg 0 1 0 0 3840 2400
1710150022225116 128644873713344 enc 34 34 1 -1 -1 0
1710150022571624 128644873713344 emit_end 35 0 0 0 0 0
1710150037204789 128644967544512 outfirst 35 1 65536 0 0 0
1710150038095506 128644967544512 outfirst 35 0 65536 0 0 0
1710150038416784 128644967544512 pump_end 1 2 0 0 0 0
1710150038416844 128644967544512 join_beg 1 0 0 0 0 0
1710150038417134 128644967544512 join_end 0 0 0 0 0 0
1710150038423444 128644967544512 book_beg 1 0 0 0 0 0
1710150038423764 128644967544512 batch 36 1 1 2 2 0
1710150038423794 128644967544512 book_end 1 0 0 0 0 0
1710150038423944 128644967544512 coll_beg 0 0 0 0 0 0
1710150039889031 128644967544512 coll_end 0 0 0 0 0 0
1710150039889081 128644967544512 rel_beg 1 0 0 0 0 0
1710150039889671 128644967544512 absorb 36 0 0 0 0 0
1710150039893030 128644967544512 rel_end 1 0 0 0 0 0
1710150039895510 128644967544512 wait_beg 0 0 0 0 0 0
1710150031963850 128645018953600 send 1737228 0 0 34 33 1
1710150031969750 128645018953600 send 14 0 0 34 33 1
1710150031970430 128645018953600 egress 35 1 0 0 0 0
1710150032704353 128645018953600 cliack 34 0 35 35 0 0
1710150039926019 128645018953600 send 18 0 0 35 34 1
1710150039904150 128644873713344 emit_beg 36 0 0 0 0 0
1710150039907530 128644873713344 dmg 0 1 0 0 3840 2400
1710150039907840 128644873713344 enc 35 35 1 -1 -1 0
1710150040280746 128644873713344 emit_end 36 0 0 0 0 0
1710150045333231 128645018953600 send 2206263 0 0 35 34 1
1710150049760250 128645018953600 send 1845546 0 0 35 34 1
1710150049765200 128645018953600 send 14 0 0 35 34 1
1710150049765490 128645018953600 egress 36 1 0 0 0 0
1710150050496773 128645018953600 cliack 35 0 36 36 0 0
1710150059131047 128645018953600 cliack 36 0 37 36 0 0
1710150059131837 128645018953600 ackregion 36 36 36 0 0 0
1710150067783631 128644967544512 wait_end 0 0 0 0 0 0
1710150067788401 128644967544512 drain_beg 0 0 0 0 0 0
1710150067788731 128644967544512 drain_end 1 0 0 0 0 0
1710150067788931 128644967544512 take 37 0 0 0 0 0
1710150067789501 128644967544512 subm_beg 1 0 0 0 0 0
1710150067790641 128644967544512 submit 37 0 0 0 0 0
1710150067790821 128644967544512 subm_end 1 0 0 0 0 0
1710150067790851 128644967544512 pump_beg 1 0 0 0 0 0
1710150069564656 128644967544512 feedend 36 0 0 0 0 0
1710150070497302 128644967544512 feedend 36 1 0 0 0 0
1710150067749422 128645018953600 msgin 37 55296000 0 0 0 0
1710150067751612 128645018953600 enq 37 1 0 0 0 0
1710150082454014 128644967544512 outfirst 36 1 65536 0 0 0
1710150083140329 128644967544512 outfirst 36 0 65536 0 0 0
1710150083525415 128644967544512 pump_end 1 2 0 0 0 0
1710150083525905 128644967544512 join_beg 1 0 0 0 0 0
1710150083526235 128644967544512 join_end 0 0 0 0 0 0
1710150083526585 128644967544512 book_beg 1 0 0 0 0 0
1710150083527575 128644967544512 batch 37 1 1 2 2 0
1710150083527605 128644967544512 book_end 1 0 0 0 0 0
1710150083527795 128644967544512 coll_beg 0 0 0 0 0 0
1710150084849227 128644967544512 coll_end 0 0 0 0 0 0
1710150084849737 128644967544512 rel_beg 1 0 0 0 0 0
1710150084850667 128644967544512 absorb 37 0 0 0 0 0
1710150084855917 128644967544512 rel_end 1 0 0 0 0 0
1710150084859027 128644967544512 wait_beg 0 0 0 0 0 0
1710150085070349 128644967544512 wait_end 0 0 0 0 0 0
1710150085072539 128644967544512 drain_beg 0 0 0 0 0 0
1710150085072979 128644967544512 drain_end 1 0 0 0 0 0
1710150085073139 128644967544512 take 38 0 0 0 0 0
1710150085073499 128644967544512 subm_beg 1 0 0 0 0 0
1710150085073849 128644967544512 submit 38 0 0 0 0 0
1710150085074009 128644967544512 subm_end 1 0 0 0 0 0
1710150085074049 128644967544512 pump_beg 1 0 0 0 0 0
1710150086956810 128644967544512 feedend 37 0 0 0 0 0
1710150087950364 128644967544512 feedend 37 1 0 0 0 0
1710150084880766 128645018953600 ackslot 37 36 37 0 0 0
1710150084996371 128645018953600 send 18 0 0 36 36 1
1710150085046280 128645018953600 msgin 38 55296000 0 0 0 0
1710150085046790 128645018953600 enq 38 1 0 0 0 0
1710150090046127 128645018953600 send 2066116 0 0 36 36 1
1710150084880446 128644873713344 emit_beg 37 0 0 0 0 0
1710150084886805 128644873713344 dmg 0 1 0 0 3840 2400
1710150084887365 128644873713344 enc 36 36 1 -1 -1 0
1710150085144096 128644873713344 emit_end 37 0 0 0 0 0
1710150099822160 128644967544512 outfirst 37 1 65536 0 0 0
1710150100972407 128644967544512 outfirst 37 0 65536 0 0 0
1710150101392112 128644967544512 pump_end 1 2 0 0 0 0
1710150101392362 128644967544512 join_beg 1 0 0 0 0 0
1710150101392692 128644967544512 join_end 0 0 0 0 0 0
1710150101393072 128644967544512 book_beg 1 0 0 0 0 0
1710150101393292 128644967544512 batch 38 1 1 2 2 0
1710150101393352 128644967544512 book_end 1 0 0 0 0 0
1710150101393412 128644967544512 coll_beg 0 0 0 0 0 0
1710150094318941 128645018953600 send 1781798 0 0 36 36 1
1710150094333180 128645018953600 send 14 0 0 36 36 1
1710150094333690 128645018953600 egress 37 1 0 0 0 0
1710150101886574 128645018953600 msgin 39 55296000 0 0 0 0
1710150101887744 128645018953600 enq 39 1 0 0 0 0
1710150102909267 128644967544512 coll_end 0 0 0 0 0 0
1710150102909467 128644967544512 rel_beg 1 0 0 0 0 0
1710150102910317 128644967544512 absorb 38 0 0 0 0 0
1710150102913626 128644967544512 rel_end 1 0 0 0 0 0
1710150102915666 128644967544512 wait_beg 0 0 0 0 0 0
1710150102916856 128644967544512 wait_end 0 0 0 0 0 0
1710150102918726 128644967544512 drain_beg 0 0 0 0 0 0
1710150102918946 128644967544512 drain_end 1 0 0 0 0 0
1710150102919046 128644967544512 take 39 0 0 0 0 0
1710150102919146 128644967544512 subm_beg 1 0 0 0 0 0
1710150102919486 128644967544512 submit 39 0 0 0 0 0
1710150102919516 128644967544512 subm_end 1 0 0 0 0 0
1710150102919566 128644967544512 pump_beg 1 0 0 0 0 0
1710150105115696 128644967544512 feedend 38 0 0 0 0 0
1710150106286823 128644967544512 feedend 38 1 0 0 0 0
1710150102979724 128645018953600 send 18 0 0 37 36 1
1710150108214923 128645018953600 send 2109233 0 0 37 36 1
1710150102924646 128644873713344 emit_beg 38 0 0 0 0 0
1710150102928576 128644873713344 dmg 0 1 0 0 3840 2400
1710150102928896 128644873713344 enc 37 37 1 -1 -1 0
1710150103190936 128644873713344 emit_end 38 0 0 0 0 0
1710150117278581 128644967544512 outfirst 38 1 65536 0 0 0
1710150118351582 128644967544512 outfirst 38 0 65536 0 0 0
1710150118655621 128644967544512 pump_end 1 2 0 0 0 0
1710150118655881 128644967544512 join_beg 1 0 0 0 0 0
1710150118656411 128644967544512 join_end 0 0 0 0 0 0
1710150118656591 128644967544512 book_beg 1 0 0 0 0 0
1710150118656781 128644967544512 batch 39 1 1 2 2 0
1710150118656811 128644967544512 book_end 1 0 0 0 0 0
1710150118656851 128644967544512 coll_beg 0 0 0 0 0 0
1710150119800579 128644967544512 coll_end 0 0 0 0 0 0
1710150119800649 128644967544512 rel_beg 1 0 0 0 0 0
1710150119801149 128644967544512 absorb 39 0 0 0 0 0
1710150119804629 128644967544512 rel_end 1 0 0 0 0 0
1710150119806769 128644967544512 wait_beg 0 0 0 0 0 0
1710150112812025 128645018953600 send 1738537 0 0 37 36 1
1710150112817094 128645018953600 send 14 0 0 37 36 1
1710150112817564 128645018953600 egress 38 1 0 0 0 0
1710150113506089 128645018953600 cliack 37 0 38 38 0 0
1710150119855877 128645018953600 send 18 0 0 38 37 1
1710150119825868 128644873713344 emit_beg 39 0 0 0 0 0
1710150119829258 128644873713344 dmg 0 1 0 0 3840 2400
1710150119829558 128644873713344 enc 38 38 1 -1 -1 0
1710150120058250 128644873713344 emit_end 39 0 0 0 0 0
1710150125058587 128645018953600 send 1911540 0 0 38 37 1
1710150129290752 128645018953600 send 1589982 0 0 38 37 1
1710150129299332 128645018953600 send 14 0 0 38 37 1
1710150129300082 128645018953600 egress 39 1 0 0 0 0
1710150131207182 128645018953600 cliack 38 0 39 39 0 0
1710150148426103 128645018953600 cliack 39 0 40 39 0 0
1710150148426783 128645018953600 ackregion 39 39 39 0 0 0
1710150157709263 128644967544512 wait_end 0 0 0 0 0 0
1710150157714693 128644967544512 drain_beg 0 0 0 0 0 0
1710150157715783 128644967544512 drain_end 1 0 0 0 0 0
1710150157716253 128644967544512 take 40 0 0 0 0 0
1710150157728313 128644967544512 subm_beg 1 0 0 0 0 0
1710150157730353 128644967544512 submit 40 0 0 0 0 0
1710150157730513 128644967544512 subm_end 1 0 0 0 0 0
1710150157730603 128644967544512 pump_beg 1 0 0 0 0 0
1710150159472199 128644967544512 feedend 39 0 0 0 0 0
1710150159823156 128644967544512 feedend 39 1 0 0 0 0
1710150157684134 128645018953600 msgin 40 55296000 0 0 0 0
1710150157685834 128645018953600 enq 40 1 0 0 0 0
1710150171875985 128644967544512 outfirst 39 1 65536 0 0 0
1710150173045463 128644967544512 outfirst 39 0 65536 0 0 0
1710150173415379 128644967544512 pump_end 1 2 0 0 0 0
1710150173416139 128644967544512 join_beg 1 0 0 0 0 0
1710150173417509 128644967544512 join_end 0 0 0 0 0 0
1710150173417689 128644967544512 book_beg 1 0 0 0 0 0
1710150173419119 128644967544512 batch 40 1 1 2 2 0
1710150173419169 128644967544512 book_end 1 0 0 0 0 0
1710150173419359 128644967544512 coll_beg 0 0 0 0 0 0
1710150174887105 128644967544512 coll_end 0 0 0 0 0 0
1710150174887155 128644967544512 rel_beg 1 0 0 0 0 0
1710150174887895 128644967544512 absorb 40 0 0 0 0 0
1710150174894535 128644967544512 rel_end 1 0 0 0 0 0
1710150174897015 128644967544512 wait_beg 0 0 0 0 0 0
1710150174936624 128645018953600 ackslot 40 39 40 0 0 0
1710150175069649 128645018953600 send 18 0 0 39 39 1
1710150182300494 128645018953600 send 1953174 0 0 39 39 1
1710150174918664 128644873713344 emit_beg 40 0 0 0 0 0
1710150174923474 128644873713344 dmg 0 1 0 0 3840 2400
1710150174923684 128644873713344 enc 39 39 1 -1 -1 0
1710150175197264 128644873713344 emit_end 40 0 0 0 0 0
1710150188577685 128644967544512 wait_end 0 0 0 0 0 0
1710150188580855 128644967544512 drain_beg 0 0 0 0 0 0
1710150188581115 128644967544512 drain_end 1 0 0 0 0 0
1710150188581295 128644967544512 take 41 0 0 0 0 0
1710150188581725 128644967544512 subm_beg 1 0 0 0 0 0
1710150188582905 128644967544512 submit 41 0 0 0 0 0
1710150188583045 128644967544512 subm_end 1 0 0 0 0 0
1710150188583085 128644967544512 pump_beg 1 0 0 0 0 0
1710150190225025 128644967544512 feedend 40 0 0 0 0 0
1710150191189359 128644967544512 feedend 40 1 0 0 0 0
1710150187838692 128645018953600 send 1671197 0 0 39 39 1
1710150187843432 128645018953600 send 14 0 0 39 39 1
1710150187843822 128645018953600 egress 40 1 0 0 0 0
1710150188563005 128645018953600 msgin 41 55296000 0 0 0 0
1710150188563845 128645018953600 enq 41 1 0 0 0 0
1710150202524695 128644967544512 outfirst 40 1 65536 0 0 0
1710150194803617 128645018953600 msgin 42 55296000 0 0 0 0
1710150194805927 128645018953600 enq 42 1 0 0 0 0
1710150197787898 128645018953600 cliack 40 0 41 40 0 0
1710150197788238 128645018953600 ackregion 40 40 40 0 0 0
1710150203290717 128644967544512 outfirst 40 0 65536 0 0 0
1710150203566897 128644967544512 pump_end 1 2 0 0 0 0
1710150203567277 128644967544512 join_beg 1 0 0 0 0 0
1710150203568067 128644967544512 join_end 0 0 0 0 0 0
1710150203568537 128644967544512 book_beg 1 0 0 0 0 0
1710150203568917 128644967544512 batch 41 1 1 2 2 0
1710150203568957 128644967544512 book_end 1 0 0 0 0 0
1710150203569007 128644967544512 coll_beg 0 0 0 0 0 0
1710150204721165 128644967544512 coll_end 0 0 0 0 0 0
1710150204721275 128644967544512 rel_beg 1 0 0 0 0 0
1710150204721685 128644967544512 absorb 41 0 0 0 0 0
1710150204725845 128644967544512 rel_end 1 0 0 0 0 0
1710150204728044 128644967544512 wait_beg 0 0 0 0 0 0
1710150204728964 128644967544512 wait_end 0 0 0 0 0 0
1710150204730784 128644967544512 drain_beg 0 0 0 0 0 0
1710150204731284 128644967544512 drain_end 1 0 0 0 0 0
1710150204731564 128644967544512 take 42 0 0 0 0 0
1710150204731764 128644967544512 subm_beg 1 0 0 0 0 0
1710150204732244 128644967544512 submit 42 0 0 0 0 0
1710150204732274 128644967544512 subm_end 1 0 0 0 0 0
1710150204732304 128644967544512 pump_beg 1 0 0 0 0 0
1710150206763130 128644967544512 feedend 41 0 0 0 0 0
1710150207804792 128644967544512 feedend 41 1 0 0 0 0
1710150204755373 128645018953600 ackslot 41 40 41 0 0 0
1710150204830051 128645018953600 send 18 0 0 40 40 1
1710150210495154 128645018953600 send 1930085 0 0 40 40 1
1710150204748544 128644873713344 emit_beg 41 0 0 0 0 0
1710150204752814 128644873713344 dmg 0 1 0 0 3840 2400
1710150204753014 128644873713344 enc 40 40 1 -1 -1 0
1710150205051563 128644873713344 emit_end 41 0 0 0 0 0
1710150218986113 128644967544512 outfirst 41 1 65536 0 0 0
1710150220032855 128644967544512 outfirst 41 0 65536 0 0 0
1710150220343824 128644967544512 pump_end 1 2 0 0 0 0
1710150220344583 128644967544512 join_beg 1 0 0 0 0 0
1710150220345003 128644967544512 join_end 0 0 0 0 0 0
1710150220345433 128644967544512 book_beg 1 0 0 0 0 0
1710150220346633 128644967544512 batch 42 1 1 2 2 0
1710150220346663 128644967544512 book_end 1 0 0 0 0 0
1710150220346833 128644967544512 coll_beg 0 0 0 0 0 0
1710150221577138 128644967544512 coll_end 0 0 0 0 0 0
1710150221577258 128644967544512 rel_beg 1 0 0 0 0 0
1710150221578148 128644967544512 absorb 42 0 0 0 0 0
1710150221583288 128644967544512 rel_end 1 0 0 0 0 0
1710150221585708 128644967544512 wait_beg 0 0 0 0 0 0
1710150221587208 128644967544512 wait_end 0 0 0 0 0 0
1710150221589188 128644967544512 drain_beg 0 0 0 0 0 0
1710150221589828 128644967544512 drain_end 1 0 0 0 0 0
1710150221590128 128644967544512 take 43 0 0 0 0 0
1710150221590368 128644967544512 subm_beg 1 0 0 0 0 0
1710150221590748 128644967544512 submit 43 0 0 0 0 0
1710150221590848 128644967544512 subm_end 1 0 0 0 0 0
1710150221590888 128644967544512 pump_beg 1 0 0 0 0 0
1710150214425470 128645018953600 send 1641799 0 0 40 40 1
1710150214429890 128645018953600 send 14 0 0 40 40 1
1710150214430360 128645018953600 egress 41 1 0 0 0 0
1710150215156223 128645018953600 msgin 43 55296000 0 0 0 0
1710150215156873 128645018953600 enq 43 1 0 0 0 0
1710150221691814 128645018953600 send 18 0 0 41 40 1
1710150221597278 128644873713344 emit_beg 42 0 0 0 0 0
1710150221601788 128644873713344 dmg 0 1 0 0 3840 2400
1710150221602068 128644873713344 enc 41 41 1 -1 -1 0
1710150221931975 128644873713344 emit_end 42 0 0 0 0 0
1710150223940852 128644967544512 feedend 42 0 0 0 0 0
1710150225067911 128644967544512 feedend 42 1 0 0 0 0
1710150227210373 128645018953600 send 1867613 0 0 41 40 1
1710150230935226 128645018953600 send 1583561 0 0 41 40 1
1710150230939436 128645018953600 send 14 0 0 41 40 1
1710150230939896 128645018953600 egress 42 1 0 0 0 0
1710150231626631 128645018953600 cliack 41 0 42 42 0 0
1710150236334519 128644967544512 outfirst 42 1 65536 0 0 0
1710150237344102 128644967544512 outfirst 42 0 65536 0 0 0
1710150237667690 128644967544512 pump_end 1 2 0 0 0 0
1710150237668130 128644967544512 join_beg 1 0 0 0 0 0
1710150237668580 128644967544512 join_end 0 0 0 0 0 0
1710150237668800 128644967544512 book_beg 1 0 0 0 0 0
1710150237669450 128644967544512 batch 43 1 1 2 2 0
1710150237677840 128644967544512 book_end 1 0 0 0 0 0
1710150237678200 128644967544512 coll_beg 0 0 0 0 0 0
1710150238855457 128644967544512 coll_end 0 0 0 0 0 0
1710150238855677 128644967544512 rel_beg 1 0 0 0 0 0
1710150238856127 128644967544512 absorb 43 0 0 0 0 0
1710150238861047 128644967544512 rel_end 1 0 0 0 0 0
1710150238863256 128644967544512 wait_beg 0 0 0 0 0 0
1710150238279488 128645018953600 cliack 42 0 43 42 0 0
1710150238280568 128645018953600 ackregion 42 42 42 0 0 0
1710150238872686 128645018953600 ackslot 43 42 43 0 0 0
1710150238916525 128645018953600 send 18 0 0 42 42 1
1710150238881016 128644873713344 emit_beg 43 0 0 0 0 0
1710150238885896 128644873713344 dmg 0 1 0 0 3840 2400
1710150238891785 128644873713344 enc 42 42 1 -1 -1 0
1710150239123247 128644873713344 emit_end 43 0 0 0 0 0
1710150248934378 128644967544512 wait_end 0 0 0 0 0 0
1710150248936988 128644967544512 drain_beg 0 0 0 0 0 0
1710150248937238 128644967544512 drain_end 1 0 0 0 0 0
1710150248937578 128644967544512 take 44 0 0 0 0 0
1710150248938188 128644967544512 subm_beg 1 0 0 0 0 0
1710150248939398 128644967544512 submit 44 0 0 0 0 0
1710150248939428 128644967544512 subm_end 1 0 0 0 0 0
1710150248939528 128644967544512 pump_beg 1 0 0 0 0 0
1710150250691754 128644967544512 feedend 43 0 0 0 0 0
1710150252017126 128644967544512 feedend 43 1 0 0 0 0
1710150244269119 128645018953600 send 1982073 0 0 42 42 1
1710150248228644 128645018953600 send 1630286 0 0 42 42 1
1710150248232454 128645018953600 send 14 0 0 42 42 1
1710150248233074 128645018953600 egress 43 1 0 0 0 0
1710150248921309 128645018953600 msgin 44 55296000 0 0 0 0
1710150248922029 128645018953600 enq 44 1 0 0 0 0
1710150259898388 128645018953600 cliack 43 0 44 43 0 0
1710150259898958 128645018953600 ackregion 43 43 43 0 0 0
1710150261016757 128645018953600 msgin 45 55296000 0 0 0 0
1710150261017287 128645018953600 enq 45 1 0 0 0 0
1710150263628641 128644967544512 outfirst 43 1 65536 0 0 0
1710150264249019 128644967544512 outfirst 43 0 65536 0 0 0
1710150264495220 128644967544512 pump_end 1 2 0 0 0 0
1710150264495480 128644967544512 join_beg 1 0 0 0 0 0
1710150264495990 128644967544512 join_end 0 0 0 0 0 0
1710150264496360 128644967544512 book_beg 1 0 0 0 0 0
1710150264496840 128644967544512 batch 44 1 1 2 2 0
1710150264496870 128644967544512 book_end 1 0 0 0 0 0
1710150264497029 128644967544512 coll_beg 0 0 0 0 0 0
1710150265614299 128644967544512 coll_end 0 0 0 0 0 0
1710150265614369 128644967544512 rel_beg 1 0 0 0 0 0
1710150265614949 128644967544512 absorb 44 0 0 0 0 0
1710150265618179 128644967544512 rel_end 1 0 0 0 0 0
1710150265620388 128644967544512 wait_beg 0 0 0 0 0 0
1710150265621248 128644967544512 wait_end 0 0 0 0 0 0
1710150265622828 128644967544512 drain_beg 0 0 0 0 0 0
1710150265623188 128644967544512 drain_end 1 0 0 0 0 0
1710150265623378 128644967544512 take 45 0 0 0 0 0
1710150265623648 128644967544512 subm_beg 1 0 0 0 0 0
1710150265624388 128644967544512 submit 45 0 0 0 0 0
1710150265624598 128644967544512 subm_end 1 0 0 0 0 0
1710150265624628 128644967544512 pump_beg 1 0 0 0 0 0
1710150268108847 128644967544512 feedend 44 0 0 0 0 0
1710150269352482 128644967544512 feedend 44 1 0 0 0 0
1710150265624928 128645018953600 ackslot 44 43 44 0 0 0
1710150265706555 128645018953600 send 18 0 0 43 43 1
1710150271067429 128645018953600 send 1899153 0 0 43 43 1
1710150265629758 128644873713344 emit_beg 44 0 0 0 0 0
1710150265651337 128644873713344 dmg 0 1 0 0 3840 2400
1710150265651627 128644873713344 enc 43 43 1 -1 -1 0
1710150265973076 128644873713344 emit_end 44 0 0 0 0 0
1710150279717653 128644967544512 outfirst 44 1 65536 0 0 0
1710150281597344 128644967544512 outfirst 44 0 65536 0 0 0
1710150281834446 128644967544512 pump_end 1 2 0 0 0 0
1710150281834706 128644967544512 join_beg 1 0 0 0 0 0
1710150281835066 128644967544512 join_end 0 0 0 0 0 0
1710150281835286 128644967544512 book_beg 1 0 0 0 0 0
1710150281835656 128644967544512 batch 45 1 1 2 2 0
1710150281835686 128644967544512 book_end 1 0 0 0 0 0
1710150281835846 128644967544512 coll_beg 0 0 0 0 0 0
1710150282983324 128644967544512 coll_end 0 0 0 0 0 0
1710150282983404 128644967544512 rel_beg 1 0 0 0 0 0
1710150282983894 128644967544512 absorb 45 0 0 0 0 0
1710150282987824 128644967544512 rel_end 1 0 0 0 0 0
1710150282990053 128644967544512 wait_beg 0 0 0 0 0 0
1710150282991133 128644967544512 wait_end 0 0 0 0 0 0
1710150282993043 128644967544512 drain_beg 0 0 0 0 0 0
1710150282993363 128644967544512 drain_end 1 0 0 0 0 0
1710150282993763 128644967544512 take 46 0 0 0 0 0
1710150282994133 128644967544512 subm_beg 1 0 0 0 0 0
1710150282994463 128644967544512 submit 46 0 0 0 0 0
1710150282994493 128644967544512 subm_end 1 0 0 0 0 0
1710150282994523 128644967544512 pump_beg 1 0 0 0 0 0
1710150274708676 128645018953600 send 1524109 0 0 43 43 1
1710150274712746 128645018953600 send 14 0 0 43 43 1
1710150274713416 128645018953600 egress 44 1 0 0 0 0
1710150278379502 128645018953600 msgin 46 55296000 0 0 0 0
1710150278381462 128645018953600 enq 46 1 0 0 0 0
1710150283024142 128645018953600 send 18 0 0 44 43 1
1710150282998303 128644873713344 emit_beg 45 0 0 0 0 0
1710150283002003 128644873713344 dmg 0 1 0 0 3840 2400
1710150283002453 128644873713344 enc 44 44 1 -1 -1 0
1710150283411988 128644873713344 emit_end 45 0 0 0 0 0
1710150284899574 128644967544512 feedend 45 0 0 0 0 0
1710150285878818 128644967544512 feedend 45 1 0 0 0 0
1710150288399666 128645018953600 send 1941983 0 0 44 43 1
1710150291934316 128645018953600 send 1477659 0 0 44 43 1
1710150291937986 128645018953600 send 14 0 0 44 43 1
1710150291938256 128645018953600 egress 45 1 0 0 0 0
1710150292609152 128645018953600 cliack 44 0 45 45 0 0
1710150296331636 128644967544512 outfirst 45 1 65536 0 0 0
1710150298191708 128644967544512 outfirst 45 0 65536 0 0 0
1710150298441628 128644967544512 pump_end 1 2 0 0 0 0
1710150298442068 128644967544512 join_beg 1 0 0 0 0 0
1710150298442378 128644967544512 join_end 0 0 0 0 0 0
1710150298442658 128644967544512 book_beg 1 0 0 0 0 0
1710150298442978 128644967544512 batch 46 1 1 2 2 0
1710150298443008 128644967544512 book_end 1 0 0 0 0 0
1710150298443038 128644967544512 coll_beg 0 0 0 0 0 0
1710150299579877 128644967544512 coll_end 0 0 0 0 0 0
1710150299579957 128644967544512 rel_beg 1 0 0 0 0 0
1710150299580357 128644967544512 absorb 46 0 0 0 0 0
1710150299583357 128644967544512 rel_end 1 0 0 0 0 0
1710150299585547 128644967544512 wait_beg 0 0 0 0 0 0
1710150299616616 128645018953600 send 18 0 0 45 44 1
1710150299595116 128644873713344 emit_beg 46 0 0 0 0 0
1710150299599416 128644873713344 dmg 0 1 0 0 3840 2400
1710150299599856 128644873713344 enc 45 45 1 -1 -1 0
1710150299886736 128644873713344 emit_end 46 0 0 0 0 0
1710150304361532 128645018953600 send 1929842 0 0 45 44 1
1710150307803456 128645018953600 send 1455137 0 0 45 44 1
1710150307807326 128645018953600 send 14 0 0 45 44 1
1710150307807456 128645018953600 egress 46 1 0 0 0 0
1710150308444173 128645018953600 cliack 45 0 46 46 0 0
1710150320588009 128644967544512 wait_end 0 0 0 0 0 0
1710150320592599 128644967544512 drain_beg 0 0 0 0 0 0
1710150320593099 128644967544512 drain_end 1 0 0 0 0 0
1710150320593379 128644967544512 take 47 0 0 0 0 0
1710150320593879 128644967544512 subm_beg 1 0 0 0 0 0
1710150320594789 128644967544512 submit 47 0 0 0 0 0
1710150320594939 128644967544512 subm_end 1 0 0 0 0 0
1710150320600058 128644967544512 pump_beg 1 0 0 0 0 0
1710150322300256 128644967544512 feedend 46 0 0 0 0 0
1710150323227062 128644967544512 feedend 46 1 0 0 0 0
1710150314438554 128645018953600 cliack 46 0 47 46 0 0
1710150314438744 128645018953600 ackregion 46 46 46 0 0 0
1710150320550760 128645018953600 msgin 47 55296000 0 0 0 0
1710150320558340 128645018953600 enq 47 1 0 0 0 0
1710150333973260 128644967544512 outfirst 46 1 65536 0 0 0
1710150335514953 128644967544512 outfirst 46 0 65536 0 0 0
1710150335879750 128644967544512 pump_end 1 2 0 0 0 0
1710150335880330 128644967544512 join_beg 1 0 0 0 0 0
1710150335880690 128644967544512 join_end 0 0 0 0 0 0
1710150335880870 128644967544512 book_beg 1 0 0 0 0 0
1710150335881610 128644967544512 batch 47 1 1 2 2 0
1710150335881640 128644967544512 book_end 1 0 0 0 0 0
1710150335882010 128644967544512 coll_beg 0 0 0 0 0 0
1710150337050677 128644967544512 coll_end 0 0 0 0 0 0
1710150337050747 128644967544512 rel_beg 1 0 0 0 0 0
1710150337051367 128644967544512 absorb 47 0 0 0 0 0
1710150337057487 128644967544512 rel_end 1 0 0 0 0 0
1710150337060227 128644967544512 wait_beg 0 0 0 0 0 0
1710150337061697 128644967544512 wait_end 0 0 0 0 0 0
1710150337063827 128644967544512 drain_beg 0 0 0 0 0 0
1710150337064377 128644967544512 drain_end 1 0 0 0 0 0
1710150337064787 128644967544512 take 48 0 0 0 0 0
1710150337065226 128644967544512 subm_beg 1 0 0 0 0 0
1710150337065426 128644967544512 submit 48 0 0 0 0 0
1710150337065456 128644967544512 subm_end 1 0 0 0 0 0
1710150337065486 128644967544512 pump_beg 1 0 0 0 0 0
1710150339136081 128644967544512 feedend 47 0 0 0 0 0
1710150340083236 128644967544512 feedend 47 1 0 0 0 0
1710150335546782 128645018953600 msgin 48 55296000 0 0 0 0
1710150335548612 128645018953600 enq 48 1 0 0 0 0
1710150337086226 128645018953600 ackslot 47 46 47 0 0 0
1710150337235600 128645018953600 send 18 0 0 46 46 1
1710150342685271 128645018953600 send 1939490 0 0 46 46 1
1710150337080676 128644873713344 emit_beg 47 0 0 0 0 0
1710150337084406 128644873713344 dmg 0 1 0 0 3840 2400
1710150337084766 128644873713344 enc 46 46 1 -1 -1 0
1710150337398294 128644873713344 emit_end 47 0 0 0 0 0
1710150350800014 128644967544512 outfirst 47 1 65536 0 0 0
1710150352596369 128644967544512 outfirst 47 0 65536 0 0 0
1710150352904698 128644967544512 pump_end 1 2 0 0 0 0
1710150352905008 128644967544512 join_beg 1 0 0 0 0 0
1710150352905628 128644967544512 join_end 0 0 0 0 0 0
1710150352905828 128644967544512 book_beg 1 0 0 0 0 0
1710150352906148 128644967544512 batch 48 1 1 2 2 0
1710150352906178 128644967544512 book_end 1 0 0 0 0 0
1710150352906337 128644967544512 coll_beg 0 0 0 0 0 0
1710150346341507 128645018953600 send 1528605 0 0 46 46 1
1710150346345667 128645018953600 send 14 0 0 46 46 1
1710150346345967 128645018953600 egress 47 1 0 0 0 0
1710150351627254 128645018953600 cliack 47 0 48 47 0 0
1710150351627374 128645018953600 ackregion 47 47 47 0 0 0
1710150352601259 128645018953600 msgin 49 55296000 0 0 0 0
1710150352602549 128645018953600 enq 49 1 0 0 0 0
1710150354037116 128644967544512 coll_end 0 0 0 0 0 0
1710150354037306 128644967544512 rel_beg 1 0 0 0 0 0
1710150354037856 128644967544512 absorb 48 0 0 0 0 0
1710150354041926 128644967544512 rel_end 1 0 0 0 0 0
1710150354044136 128644967544512 wait_beg 0 0 0 0 0 0
1710150354045176 128644967544512 wait_end 0 0 0 0 0 0
1710150354047086 128644967544512 drain_beg 0 0 0 0 0 0
1710150354047366 128644967544512 drain_end 1 0 0 0 0 0
1710150354047616 128644967544512 take 49 0 0 0 0 0
1710150354047846 128644967544512 subm_beg 1 0 0 0 0 0
1710150354048316 128644967544512 submit 49 0 0 0 0 0
1710150354048346 128644967544512 subm_end 1 0 0 0 0 0
1710150354048406 128644967544512 pump_beg 1 0 0 0 0 0
1710150356213436 128644967544512 feedend 48 0 0 0 0 0
1710150357284427 128644967544512 feedend 48 1 0 0 0 0
1710150354053426 128645018953600 ackslot 48 47 48 0 0 0
1710150354079435 128645018953600 send 18 0 0 47 47 1
1710150359404070 128645018953600 send 1930279 0 0 47 47 1
1710150363091875 128645018953600 send 1535400 0 0 47 47 1
1710150363096525 128645018953600 send 14 0 0 47 47 1
1710150363096995 128645018953600 egress 48 1 0 0 0 0
1710150354050786 128644873713344 emit_beg 48 0 0 0 0 0
1710150354053366 128644873713344 dmg 0 1 0 0 3840 2400
1710150354053546 128644873713344 enc 47 47 1 -1 -1 0
1710150354370734 128644873713344 emit_end 48 0 0 0 0 0
1710150368113661 128644967544512 outfirst 48 1 65536 0 0 0
1710150369380225 128644967544512 outfirst 48 0 65536 0 0 0
1710150369637186 128644967544512 pump_end 1 2 0 0 0 0
1710150369637416 128644967544512 join_beg 1 0 0 0 0 0
1710150369638316 128644967544512 join_end 0 0 0 0 0 0
1710150369638536 128644967544512 book_beg 1 0 0 0 0 0
1710150369638846 128644967544512 batch 49 1 1 2 2 0
1710150369638876 128644967544512 book_end 1 0 0 0 0 0
1710150369638906 128644967544512 coll_beg 0 0 0 0 0 0
1710150370788064 128644967544512 coll_end 0 0 0 0 0 0
1710150370788134 128644967544512 rel_beg 1 0 0 0 0 0
1710150370788664 128644967544512 absorb 49 0 0 0 0 0
1710150370791634 128644967544512 rel_end 1 0 0 0 0 0
1710150370793774 128644967544512 wait_beg 0 0 0 0 0 0
1710150370794704 128644967544512 wait_end 0 0 0 0 0 0
1710150370797013 128644967544512 drain_beg 0 0 0 0 0 0
1710150370797243 128644967544512 drain_end 1 0 0 0 0 0
1710150370797483 128644967544512 take 50 0 0 0 0 0
1710150370797693 128644967544512 subm_beg 1 0 0 0 0 0
1710150370798093 128644967544512 submit 50 0 0 0 0 0
1710150370798133 128644967544512 subm_end 1 0 0 0 0 0
1710150370798153 128644967544512 pump_beg 1 0 0 0 0 0
1710150372758962 128644967544512 feedend 49 0 0 0 0 0
1710150373356190 128644967544512 feedend 49 1 0 0 0 0
1710150367573711 128645018953600 msgin 50 55296000 0 0 0 0
1710150367575651 128645018953600 enq 50 1 0 0 0 0
1710150368618903 128645018953600 cliack 48 0 49 48 0 0
1710150368619493 128645018953600 ackregion 48 48 48 0 0 0
1710150370808503 128645018953600 ackslot 49 48 49 0 0 0
1710150370830932 128645018953600 send 18 0 0 48 48 1
1710150370800953 128644873713344 emit_beg 49 0 0 0 0 0
1710150370804193 128644873713344 dmg 0 1 0 0 3840 2400
1710150370804533 128644873713344 enc 48 48 1 -1 -1 0
1710150371115752 128644873713344 emit_end 49 0 0 0 0 0
1710150376462696 128645018953600 send 1920158 0 0 48 48 1
1710150380121313 128645018953600 send 1532944 0 0 48 48 1
1710150380125062 128645018953600 send 14 0 0 48 48 1
1710150380125492 128645018953600 egress 49 1 0 0 0 0
1710150384682576 128644967544512 outfirst 49 1 65536 0 0 0
1710150386061565 128644967544512 outfirst 49 0 65536 0 0 0
1710150386381954 128644967544512 pump_end 1 2 0 0 0 0
1710150386382224 128644967544512 join_beg 1 0 0 0 0 0
1710150386382504 128644967544512 join_end 0 0 0 0 0 0
1710150386382704 128644967544512 book_beg 1 0 0 0 0 0
1710150386383034 128644967544512 batch 50 1 1 2 2 0
1710150386383094 128644967544512 book_end 1 0 0 0 0 0
1710150386383124 128644967544512 coll_beg 0 0 0 0 0 0
1710150387778733 128644967544512 coll_end 0 0 0 0 0 0
1710150387784072 128644967544512 rel_beg 1 0 0 0 0 0
1710150387784512 128644967544512 absorb 50 0 0 0 0 0
1710150387788422 128644967544512 rel_end 1 0 0 0 0 0
1710150387790282 128644967544512 wait_beg 0 0 0 0 0 0
1710150387791592 128644967544512 wait_end 0 0 0 0 0 0
1710150387793542 128644967544512 drain_beg 0 0 0 0 0 0
1710150387793952 128644967544512 drain_end 1 0 0 0 0 0
1710150387794172 128644967544512 take 51 0 0 0 0 0
1710150387794332 128644967544512 subm_beg 1 0 0 0 0 0
1710150387795012 128644967544512 submit 51 0 0 0 0 0
1710150387795062 128644967544512 subm_end 1 0 0 0 0 0
1710150387795112 128644967544512 pump_beg 1 0 0 0 0 0
1710150389896395 128644967544512 feedend 50 0 0 0 0 0
1710150390829631 128644967544512 feedend 50 1 0 0 0 0
1710150384416355 128645018953600 msgin 51 55296000 0 0 0 0
1710150384418075 128645018953600 enq 51 1 0 0 0 0
1710150385194377 128645018953600 cliack 49 0 50 49 0 0
1710150385194827 128645018953600 ackregion 49 49 49 0 0 0
1710150387811661 128645018953600 ackslot 50 49 50 0 0 0
1710150387838590 128645018953600 send 18 0 0 49 49 1
1710150393491354 128645018953600 send 1943094 0 0 49 49 1
1710150387798222 128644873713344 emit_beg 50 0 0 0 0 0
1710150387800762 128644873713344 dmg 0 1 0 0 3840 2400
1710150387801012 128644873713344 enc 49 49 1 -1 -1 0
1710150388109380 128644873713344 emit_end 50 0 0 0 0 0
1710150401694264 128644967544512 outfirst 50 1 65536 0 0 0
1710150403142811 128644967544512 outfirst 50 0 65536 0 0 0
1710150403440390 128644967544512 pump_end 1 2 0 0 0 0
1710150403440800 128644967544512 join_beg 1 0 0 0 0 0
1710150403441460 128644967544512 join_end 0 0 0 0 0 0
1710150403441580 128644967544512 book_beg 1 0 0 0 0 0
1710150403441820 128644967544512 batch 51 1 1 2 2 0
1710150403441870 128644967544512 book_end 1 0 0 0 0 0
1710150403441910 128644967544512 coll_beg 0 0 0 0 0 0
1710150397290305 128645018953600 send 1587701 0 0 49 49 1
1710150397294325 128645018953600 send 14 0 0 49 49 1
1710150397294815 128645018953600 egress 50 1 0 0 0 0
1710150400201278 128645018953600 msgin 52 55296000 0 0 0 0
1710150400202198 128645018953600 enq 52 1 0 0 0 0
1710150402568432 128645018953600 cliack 50 0 51 50 0 0
1710150402568712 128645018953600 ackregion 50 50 50 0 0 0
1710150404699564 128644967544512 coll_end 0 0 0 0 0 0
1710150404699634 128644967544512 rel_beg 1 0 0 0 0 0
1710150404700074 128644967544512 absorb 51 0 0 0 0 0
1710150404702624 128644967544512 rel_end 1 0 0 0 0 0
1710150404704524 128644967544512 wait_beg 0 0 0 0 0 0
1710150404705734 128644967544512 wait_end 0 0 0 0 0 0
1710150404707574 128644967544512 drain_beg 0 0 0 0 0 0
1710150404708044 128644967544512 drain_end 1 0 0 0 0 0
1710150404708394 128644967544512 take 52 0 0 0 0 0
1710150404708624 128644967544512 subm_beg 1 0 0 0 0 0
1710150404709054 128644967544512 submit 52 0 0 0 0 0
1710150404709244 128644967544512 subm_end 1 0 0 0 0 0
1710150404709274 128644967544512 pump_beg 1 0 0 0 0 0
1710150406492008 128644967544512 feedend 51 0 0 0 0 0
1710150407024249 128644967544512 feedend 51 1 0 0 0 0
1710150404708444 128645018953600 ackslot 51 50 51 0 0 0
1710150404733733 128645018953600 send 18 0 0 50 50 1
1710150409960322 128645018953600 send 1958648 0 0 50 50 1
1710150413785422 128645018953600 send 1588509 0 0 50 50 1
1710150413789352 128645018953600 send 14 0 0 50 50 1
1710150413789972 128645018953600 egress 51 1 0 0 0 0
1710150404712103 128644873713344 emit_beg 51 0 0 0 0 0
1710150404715663 128644873713344 dmg 0 1 0 0 3840 2400
1710150404716063 128644873713344 enc 50 50 1 -1 -1 0
1710150405025932 128644873713344 emit_end 51 0 0 0 0 0
1710150417745437 128644967544512 outfirst 51 1 65536 0 0 0
1710150419345119 128644967544512 outfirst 51 0 65536 0 0 0
1710150419612589 128644967544512 pump_end 1 2 0 0 0 0
1710150419612809 128644967544512 join_beg 1 0 0 0 0 0
1710150419613119 128644967544512 join_end 0 0 0 0 0 0
1710150419613309 128644967544512 book_beg 1 0 0 0 0 0
1710150419613559 128644967544512 batch 52 1 1 2 2 0
1710150419613589 128644967544512 book_end 1 0 0 0 0 0
1710150419613619 128644967544512 coll_beg 0 0 0 0 0 0
1710150420760597 128644967544512 coll_end 0 0 0 0 0 0
1710150420760647 128644967544512 rel_beg 1 0 0 0 0 0
1710150420761377 128644967544512 absorb 52 0 0 0 0 0
1710150420763627 128644967544512 rel_end 1 0 0 0 0 0
1710150420766007 128644967544512 wait_beg 0 0 0 0 0 0
1710150420767077 128644967544512 wait_end 0 0 0 0 0 0
1710150420768607 128644967544512 drain_beg 0 0 0 0 0 0
1710150420768777 128644967544512 drain_end 1 0 0 0 0 0
1710150420769017 128644967544512 take 53 0 0 0 0 0
1710150420769227 128644967544512 subm_beg 1 0 0 0 0 0
1710150420769597 128644967544512 submit 53 0 0 0 0 0
1710150420769747 128644967544512 subm_end 1 0 0 0 0 0
1710150420769767 128644967544512 pump_beg 1 0 0 0 0 0
1710150422390257 128644967544512 feedend 52 0 0 0 0 0
1710150423299384 128644967544512 feedend 52 1 0 0 0 0
1710150416300570 128645018953600 msgin 53 55296000 0 0 0 0
1710150416301320 128645018953600 enq 53 1 0 0 0 0
1710150420752057 128645018953600 cliack 51 0 52 51 0 0
1710150420753057 128645018953600 ackregion 51 51 51 0 0 0
1710150420767437 128645018953600 ackslot 52 51 52 0 0 0
1710150420806455 128645018953600 send 18 0 0 51 51 1
1710150420773296 128644873713344 emit_beg 52 0 0 0 0 0
1710150420777766 128644873713344 dmg 0 1 0 0 3840 2400
1710150420778026 128644873713344 enc 51 51 1 -1 -1 0
1710150421010298 128644873713344 emit_end 52 0 0 0 0 0
1710150434032062 128644967544512 outfirst 52 1 65536 0 0 0
1710150425387548 128645018953600 send 1858361 0 0 51 51 1
1710150428993376 128645018953600 send 1510477 0 0 51 51 1
1710150428997796 128645018953600 send 14 0 0 51 51 1
1710150428998056 128645018953600 egress 52 1 0 0 0 0
1710150432647912 128645018953600 msgin 54 55296000 0 0 0 0
1710150432648612 128645018953600 enq 54 1 0 0 0 0
1710150435329504 128644967544512 outfirst 52 0 65536 0 0 0
1710150435575575 128644967544512 pump_end 1 2 0 0 0 0
1710150435575895 128644967544512 join_beg 1 0 0 0 0 0
1710150435576265 128644967544512 join_end 0 0 0 0 0 0
1710150435576535 128644967544512 book_beg 1 0 0 0 0 0
1710150435576815 128644967544512 batch 53 1 1 2 2 0
1710150435576845 128644967544512 book_end 1 0 0 0 0 0
1710150435576875 128644967544512 coll_beg 0 0 0 0 0 0
1710150436741483 128644967544512 coll_end 0 0 0 0 0 0
1710150436741553 128644967544512 rel_beg 1 0 0 0 0 0
1710150436741753 128644967544512 absorb 53 0 0 0 0 0
1710150436743993 128644967544512 rel_end 1 0 0 0 0 0
1710150436745582 128644967544512 wait_beg 0 0 0 0 0 0
1710150436746452 128644967544512 wait_end 0 0 0 0 0 0
1710150436748122 128644967544512 drain_beg 0 0 0 0 0 0
1710150436748412 128644967544512 drain_end 1 0 0 0 0 0
1710150436748852 128644967544512 take 54 0 0 0 0 0
1710150436749022 128644967544512 subm_beg 1 0 0 0 0 0
1710150436749362 128644967544512 submit 54 0 0 0 0 0
1710150436749392 128644967544512 subm_end 1 0 0 0 0 0
1710150436749422 128644967544512 pump_beg 1 0 0 0 0 0
1710150438275747 128644967544512 feedend 53 0 0 0 0 0
1710150438773268 128644967544512 feedend 53 1 0 0 0 0
1710150435096343 128645018953600 cliack 52 0 53 52 0 0
1710150435096553 128645018953600 ackregion 52 52 52 0 0 0
1710150436749752 128645018953600 ackslot 53 52 53 0 0 0
1710150436765042 128645018953600 send 18 0 0 52 52 1
1710150441383973 128645018953600 send 1877074 0 0 52 52 1
1710150436751792 128644873713344 emit_beg 53 0 0 0 0 0
1710150436754102 128644873713344 dmg 0 1 0 0 3840 2400
1710150436754422 128644873713344 enc 52 52 1 -1 -1 0
1710150436965884 128644873713344 emit_end 53 0 0 0 0 0
1710150449901432 128644967544512 outfirst 53 1 65536 0 0 0
1710150451479664 128644967544512 outfirst 53 0 65536 0 0 0
1710150451731495 128644967544512 pump_end 1 2 0 0 0 0
1710150451731755 128644967544512 join_beg 1 0 0 0 0 0
1710150451732265 128644967544512 join_end 0 0 0 0 0 0
1710150451732525 128644967544512 book_beg 1 0 0 0 0 0
1710150451732755 128644967544512 batch 54 1 1 2 2 0
1710150451732785 128644967544512 book_end 1 0 0 0 0 0
1710150451732815 128644967544512 coll_beg 0 0 0 0 0 0
1710150452956560 128644967544512 coll_end 0 0 0 0 0 0
1710150452956620 128644967544512 rel_beg 1 0 0 0 0 0
1710150452957290 128644967544512 absorb 54 0 0 0 0 0
1710150452959950 128644967544512 rel_end 1 0 0 0 0 0
1710150452961980 128644967544512 wait_beg 0 0 0 0 0 0
1710150452962690 128644967544512 wait_end 0 0 0 0 0 0
1710150452964150 128644967544512 drain_beg 0 0 0 0 0 0
1710150452964320 128644967544512 drain_end 1 0 0 0 0 0
1710150452964550 128644967544512 take 55 0 0 0 0 0
1710150452964730 128644967544512 subm_beg 1 0 0 0 0 0
1710150452965209 128644967544512 submit 55 0 0 0 0 0
1710150452965339 128644967544512 subm_end 1 0 0 0 0 0
1710150452965369 128644967544512 pump_beg 1 0 0 0 0 0
1710150454535082 128644967544512 feedend 54 0 0 0 0 0
1710150445034029 128645018953600 send 1532921 0 0 52 52 1
1710150445038049 128645018953600 send 14 0 0 52 52 1
1710150445038899 128645018953600 egress 53 1 0 0 0 0
1710150448338029 128645018953600 msgin 55 55296000 0 0 0 0
1710150448338759 128645018953600 enq 55 1 0 0 0 0
1710150451080789 128645018953600 cliack 53 0 54 53 0 0
1710150451080869 128645018953600 ackregion 53 53 53 0 0 0
1710150452965839 128645018953600 ackslot 54 53 54 0 0 0
1710150452991219 128645018953600 send 18 0 0 53 53 1
1710150452968159 128644873713344 emit_beg 54 0 0 0 0 0
1710150452972749 128644873713344 dmg 0 1 0 0 3840 2400
1710150452973019 128644873713344 enc 53 53 1 -1 -1 0
1710150453209041 128644873713344 emit_end 54 0 0 0 0 0
1710150455527426 128644967544512 feedend 54 1 0 0 0 0
1710150457800983 128645018953600 send 1964053 0 0 53 53 1
1710150461589824 128645018953600 send 1589412 0 0 53 53 1
1710150461595584 128645018953600 send 14 0 0 53 53 1
1710150461596334 128645018953600 egress 54 1 0 0 0 0
1710150464569225 128645018953600 msgin 56 55296000 0 0 0 0
1710150464569845 128645018953600 enq 56 1 0 0 0 0
1710150466599221 128644967544512 outfirst 54 1 65536 0 0 0
1710150467772308 128644967544512 outfirst 54 0 65536 0 0 0
1710150468056658 128644967544512 pump_end 1 2 0 0 0 0
1710150468056828 128644967544512 join_beg 1 0 0 0 0 0
1710150468057238 128644967544512 join_end 0 0 0 0 0 0
1710150468057598 128644967544512 book_beg 1 0 0 0 0 0
1710150468057948 128644967544512 batch 55 1 1 2 2 0
1710150468057978 128644967544512 book_end 1 0 0 0 0 0
1710150468058008 128644967544512 coll_beg 0 0 0 0 0 0
1710150469275393 128644967544512 coll_end 0 0 0 0 0 0
1710150469275523 128644967544512 rel_beg 1 0 0 0 0 0
1710150469275853 128644967544512 absorb 55 0 0 0 0 0
1710150469277963 128644967544512 rel_end 1 0 0 0 0 0
1710150469280713 128644967544512 wait_beg 0 0 0 0 0 0
1710150469281573 128644967544512 wait_end 0 0 0 0 0 0
1710150469283173 128644967544512 drain_beg 0 0 0 0 0 0
1710150469283623 128644967544512 drain_end 1 0 0 0 0 0
1710150469283683 128644967544512 take 56 0 0 0 0 0
1710150469283903 128644967544512 subm_beg 1 0 0 0 0 0
1710150469284233 128644967544512 submit 56 0 0 0 0 0
1710150469284263 128644967544512 subm_end 1 0 0 0 0 0
1710150469284293 128644967544512 pump_beg 1 0 0 0 0 0
1710150470838476 128644967544512 feedend 55 0 0 0 0 0
1710150471173324 128644967544512 feedend 55 1 0 0 0 0
1710150467842626 128645018953600 cliack 54 0 55 54 0 0
1710150467842926 128645018953600 ackregion 54 54 54 0 0 0
1710150469284383 128645018953600 ackslot 55 54 55 0 0 0
1710150469323132 128645018953600 send 18 0 0 54 54 1
1710150474209583 128645018953600 send 1973971 0 0 54 54 1
1710150469289533 128644873713344 emit_beg 55 0 0 0 0 0
1710150469294113 128644873713344 dmg 0 1 0 0 3840 2400
1710150469294313 128644873713344 enc 54 54 1 -1 -1 0
1710150469546763 128644873713344 emit_end 55 0 0 0 0 0
1710150482135773 128644967544512 outfirst 55 1 65536 0 0 0
1710150483930987 128644967544512 outfirst 55 0 65536 0 0 0
1710150484368581 128644967544512 pump_end 1 2 0 0 0 0
1710150484368761 128644967544512 join_beg 1 0 0 0 0 0
1710150484369011 128644967544512 join_end 0 0 0 0 0 0
1710150484369171 128644967544512 book_beg 1 0 0 0 0 0
1710150484369711 128644967544512 batch 56 1 1 2 2 0
1710150484369741 128644967544512 book_end 1 0 0 0 0 0
1710150484369761 128644967544512 coll_beg 0 0 0 0 0 0
1710150478354121 128645018953600 send 1625178 0 0 54 54 1
1710150478359771 128645018953600 send 14 0 0 54 54 1
1710150478360431 128645018953600 egress 55 1 0 0 0 0
1710150481938630 128645018953600 msgin 57 55296000 0 0 0 0
1710150481939210 128645018953600 enq 57 1 0 0 0 0
1710150484195398 128645018953600 cliack 55 0 56 55 0 0
1710150484196108 128645018953600 ackregion 55 55 55 0 0 0
1710150485587237 128644967544512 coll_end 0 0 0 0 0 0
1710150485587307 128644967544512 rel_beg 1 0 0 0 0 0
1710150485587997 128644967544512 absorb 56 0 0 0 0 0
1710150485591347 128644967544512 rel_end 1 0 0 0 0 0
1710150485593997 128644967544512 wait_beg 0 0 0 0 0 0
1710150485595237 128644967544512 wait_end 0 0 0 0 0 0
1710150485597607 128644967544512 drain_beg 0 0 0 0 0 0
1710150485598347 128644967544512 drain_end 1 0 0 0 0 0
1710150485598537 128644967544512 take 57 0 0 0 0 0
1710150485598717 128644967544512 subm_beg 1 0 0 0 0 0
1710150485599197 128644967544512 submit 57 0 0 0 0 0
1710150485599347 128644967544512 subm_end 1 0 0 0 0 0
1710150485599377 128644967544512 pump_beg 1 0 0 0 0 0
1710150487377532 128644967544512 feedend 56 0 0 0 0 0
1710150488459172 128644967544512 feedend 56 1 0 0 0 0
1710150485600676 128645018953600 ackslot 56 55 56 0 0 0
1710150485656704 128645018953600 send 18 0 0 55 55 1
1710150490381852 128645018953600 send 1853799 0 0 55 55 1
1710150494084446 128645018953600 send 1502103 0 0 55 55 1
1710150494090546 128645018953600 send 14 0 0 55 55 1
1710150494091096 128645018953600 egress 56 1 0 0 0 0
1710150485604396 128644873713344 emit_beg 56 0 0 0 0 0
1710150485611526 128644873713344 dmg 0 1 0 0 3840 2400
1710150485612006 128644873713344 enc 55 55 1 -1 -1 0
1710150485930704 128644873713344 emit_end 56 0 0 0 0 0
1710150499618054 128644967544512 outfirst 56 1 65536 0 0 0
1710150500676755 128644967544512 outfirst 56 0 65536 0 0 0
1710150501121939 128644967544512 pump_end 1 2 0 0 0 0
1710150501122289 128644967544512 join_beg 1 0 0 0 0 0
1710150501123029 128644967544512 join_end 0 0 0 0 0 0
1710150501123159 128644967544512 book_beg 1 0 0 0 0 0
1710150501123639 128644967544512 batch 57 1 1 2 2 0
1710150501123689 128644967544512 book_end 1 0 0 0 0 0
1710150501123739 128644967544512 coll_beg 0 0 0 0 0 0
1710150502458580 128644967544512 coll_end 0 0 0 0 0 0
1710150502458830 128644967544512 rel_beg 1 0 0 0 0 0
1710150502459520 128644967544512 absorb 57 0 0 0 0 0
1710150502468350 128644967544512 rel_end 1 0 0 0 0 0
1710150502483009 128644967544512 wait_beg 0 0 0 0 0 0
1710150502484309 128644967544512 wait_end 0 0 0 0 0 0
1710150502487239 128644967544512 drain_beg 0 0 0 0 0 0
1710150502487639 128644967544512 drain_end 1 0 0 0 0 0
1710150502488069 128644967544512 take 58 0 0 0 0 0
1710150502488269 128644967544512 subm_beg 1 0 0 0 0 0
1710150502489039 128644967544512 submit 58 0 0 0 0 0
1710150502489119 128644967544512 subm_end 1 0 0 0 0 0
1710150502489169 128644967544512 pump_beg 1 0 0 0 0 0
1710150504205426 128644967544512 feedend 57 0 0 0 0 0
1710150504839633 128644967544512 feedend 57 1 0 0 0 0
1710150497674405 128645018953600 msgin 58 55296000 0 0 0 0
1710150497674705 128645018953600 enq 58 1 0 0 0 0
1710150499813757 128645018953600 cliack 56 0 57 56 0 0
1710150499813927 128645018953600 ackregion 56 56 56 0 0 0
1710150502497669 128645018953600 ackslot 57 56 57 0 0 0
1710150502581146 128645018953600 send 18 0 0 56 56 1
1710150502492059 128644873713344 emit_beg 57 0 0 0 0 0
1710150502495549 128644873713344 dmg 0 1 0 0 3840 2400
1710150502495739 128644873713344 enc 56 56 1 -1 -1 0
1710150502823467 128644873713344 emit_end 57 0 0 0 0 0
1710150507749207 128645018953600 send 1932993 0 0 56 56 1
1710150512398847 128645018953600 send 1614259 0 0 56 56 1
1710150512405267 128645018953600 send 14 0 0 56 56 1
1710150512405697 128645018953600 egress 57 1 0 0 0 0
1710150515005092 128645018953600 msgin 59 55296000 0 0 0 0
1710150515006981 128645018953600 enq 59 1 0 0 0 0
1710150516677930 128644967544512 outfirst 57 1 65536 0 0 0
1710150518169816 128644967544512 outfirst 57 0 65536 0 0 0
1710150518489184 128644967544512 pump_end 1 2 0 0 0 0
1710150518489474 128644967544512 join_beg 1 0 0 0 0 0
1710150518489904 128644967544512 join_end 0 0 0 0 0 0
1710150518490174 128644967544512 book_beg 1 0 0 0 0 0
1710150518490834 128644967544512 batch 58 1 1 2 2 0
1710150518490894 128644967544512 book_end 1 0 0 0 0 0
1710150518490964 128644967544512 coll_beg 0 0 0 0 0 0
1710150520016138 128644967544512 coll_end 0 0 0 0 0 0
1710150520016378 128644967544512 rel_beg 1 0 0 0 0 0
1710150520017088 128644967544512 absorb 58 0 0 0 0 0
1710150520020058 128644967544512 rel_end 1 0 0 0 0 0
1710150520023108 128644967544512 wait_beg 0 0 0 0 0 0
1710150520024598 128644967544512 wait_end 0 0 0 0 0 0
1710150520027418 128644967544512 drain_beg 0 0 0 0 0 0
1710150520027718 128644967544512 drain_end 1 0 0 0 0 0
1710150520027968 128644967544512 take 59 0 0 0 0 0
1710150520028348 128644967544512 subm_beg 1 0 0 0 0 0
1710150520028578 128644967544512 submit 59 0 0 0 0 0
1710150520028608 128644967544512 subm_end 1 0 0 0 0 0
1710150520028638 128644967544512 pump_beg 1 0 0 0 0 0
1710150521883480 128644967544512 feedend 58 0 0 0 0 0
1710150523025218 128644967544512 feedend 58 1 0 0 0 0
1710150517450872 128645018953600 cliack 57 0 58 57 0 0
1710150517450902 128645018953600 ackregion 57 57 57 0 0 0
1710150520027448 128645018953600 ackslot 58 57 58 0 0 0
1710150520084576 128645018953600 send 18 0 0 57 57 1
1710150525194019 128645018953600 send 2005484 0 0 57 57 1
1710150520030708 128644873713344 emit_beg 58 0 0 0 0 0
1710150520035038 128644873713344 dmg 0 1 0 0 3840 2400
1710150520035498 128644873713344 enc 57 57 1 -1 -1 0
1710150520410494 128644873713344 emit_end 58 0 0 0 0 0
1710150534359414 128644967544512 outfirst 58 1 65536 0 0 0
1710150529290199 128645018953600 send 1684914 0 0 57 57 1
1710150529295099 128645018953600 send 14 0 0 57 57 1
1710150529295509 128645018953600 egress 58 1 0 0 0 0
1710150529938026 128645018953600 msgin 60 55296000 0 0 0 0
1710150529939006 128645018953600 enq 60 1 0 0 0 0
1710150535250511 128645018953600 cliack 58 0 59 58 0 0
1710150535250621 128645018953600 ackregion 58 58 58 0 0 0
1710150535629958 128644967544512 outfirst 58 0 65536 0 0 0
1710150535897868 128644967544512 pump_end 1 2 0 0 0 0
1710150535898018 128644967544512 join_beg 1 0 0 0 0 0
1710150535898528 128644967544512 join_end 0 0 0 0 0 0
1710150535898828 128644967544512 book_beg 1 0 0 0 0 0
1710150535899278 128644967544512 batch 59 1 1 2 2 0
1710150535899308 128644967544512 book_end 1 0 0 0 0 0
1710150535899478 128644967544512 coll_beg 0 0 0 0 0 0
1710150537214300 128644967544512 coll_end 0 0 0 0 0 0
1710150537214650 128644967544512 rel_beg 1 0 0 0 0 0
1710150537215110 128644967544512 absorb 59 0 0 0 0 0
1710150537218260 128644967544512 rel_end 1 0 0 0 0 0
1710150537220859 128644967544512 wait_beg 0 0 0 0 0 0
1710150537222049 128644967544512 wait_end 0 0 0 0 0 0
1710150537223639 128644967544512 drain_beg 0 0 0 0 0 0
1710150537223849 128644967544512 drain_end 1 0 0 0 0 0
1710150537224009 128644967544512 take 60 0 0 0 0 0
1710150537224259 128644967544512 subm_beg 1 0 0 0 0 0
1710150537224749 128644967544512 submit 60 0 0 0 0 0
1710150537224789 128644967544512 subm_end 1 0 0 0 0 0
1710150537224819 128644967544512 pump_beg 1 0 0 0 0 0
1710150539201557 128644967544512 feedend 59 0 0 0 0 0
1710150539505156 128644967544512 feedend 59 1 0 0 0 0
1710150537223769 128645018953600 ackslot 59 58 59 0 0 0
1710150537262468 128645018953600 send 18 0 0 58 58 1
1710150542280904 128645018953600 send 1989301 0 0 58 58 1
1710150537229469 128644873713344 emit_beg 59 0 0 0 0 0
1710150537233069 128644873713344 dmg 0 1 0 0 3840 2400
1710150537233469 128644873713344 enc 58 58 1 -1 -1 0
1710150537647294 128644873713344 emit_end 59 0 0 0 0 0
1710150551278145 128644967544512 outfirst 59 1 65536 0 0 0
1710150552993853 128644967544512 outfirst 59 0 65536 0 0 0
1710150553279482 128644967544512 pump_end 1 2 0 0 0 0
1710150553279812 128644967544512 join_beg 1 0 0 0 0 0
1710150553280832 128644967544512 join_end 0 0 0 0 0 0
1710150553281012 128644967544512 book_beg 1 0 0 0 0 0
1710150553281512 128644967544512 batch 60 1 1 2 2 0
1710150553281592 128644967544512 book_end 1 0 0 0 0 0
1710150553281672 128644967544512 coll_beg 0 0 0 0 0 0
1710150554817686 128644967544512 coll_end 0 0 0 0 0 0
1710150554817806 128644967544512 rel_beg 1 0 0 0 0 0
1710150554818616 128644967544512 absorb 60 0 0 0 0 0
1710150554821606 128644967544512 rel_end 1 0 0 0 0 0
1710150554823826 128644967544512 wait_beg 0 0 0 0 0 0
1710150554824926 128644967544512 wait_end 0 0 0 0 0 0
1710150554826636 128644967544512 drain_beg 0 0 0 0 0 0
1710150554826766 128644967544512 drain_end 1 0 0 0 0 0
1710150554826866 128644967544512 take 61 0 0 0 0 0
1710150554827026 128644967544512 subm_beg 1 0 0 0 0 0
1710150554827336 128644967544512 submit 61 0 0 0 0 0
1710150554827376 128644967544512 subm_end 1 0 0 0 0 0
1710150554827406 128644967544512 pump_beg 1 0 0 0 0 0
1710150546101915 128645018953600 send 1643684 0 0 58 58 1
1710150546105805 128645018953600 send 14 0 0 58 58 1
1710150546106165 128645018953600 egress 59 1 0 0 0 0
1710150546683823 128645018953600 msgin 61 55296000 0 0 0 0
1710150546684163 128645018953600 enq 61 1 0 0 0 0
1710150552186982 128645018953600 cliack 59 0 60 59 0 0
1710150552187162 128645018953600 ackregion 59 59 59 0 0 0
1710150554826516 128645018953600 ackslot 60 59 60 0 0 0
1710150554856845 128645018953600 send 18 0 0 59 59 1
1710150554831306 128644873713344 emit_beg 60 0 0 0 0 0
1710150554834955 128644873713344 dmg 0 1 0 0 3840 2400
1710150554835215 128644873713344 enc 59 59 1 -1 -1 0
1710150555149614 128644873713344 emit_end 60 0 0 0 0 0
1710150556705667 128644967544512 feedend 60 0 0 0 0 0
1710150556980317 128644967544512 feedend 60 1 0 0 0 0
1710150559605421 128645018953600 send 1974223 0 0 59 59 1
1710150563358854 128645018953600 send 1649087 0 0 59 59 1
1710150563362414 128645018953600 send 14 0 0 59 59 1
1710150563362674 128645018953600 egress 60 1 0 0 0 0
1710150564024280 128645018953600 msgin 62 55296000 0 0 0 0
1710150564024590 128645018953600 enq 62 1 0 0 0 0
1710150568444638 128644967544512 outfirst 60 1 65536 0 0 0
1710150569971162 128644967544512 outfirst 60 0 65536 0 0 0
1710150570238322 128644967544512 pump_end 1 2 0 0 0 0
1710150570238692 128644967544512 join_beg 1 0 0 0 0 0
1710150570238882 128644967544512 join_end 0 0 0 0 0 0
1710150570239112 128644967544512 book_beg 1 0 0 0 0 0
1710150570239442 128644967544512 batch 61 1 1 2 2 0
1710150570239472 128644967544512 book_end 1 0 0 0 0 0
1710150570239502 128644967544512 coll_beg 0 0 0 0 0 0
1710150571443558 128644967544512 coll_end 0 0 0 0 0 0
1710150571443628 128644967544512 rel_beg 1 0 0 0 0 0
1710150571443918 128644967544512 absorb 61 0 0 0 0 0
1710150571446358 128644967544512 rel_end 1 0 0 0 0 0
1710150571447488 128644967544512 wait_beg 0 0 0 0 0 0
1710150571448488 128644967544512 wait_end 0 0 0 0 0 0
1710150571450108 128644967544512 drain_beg 0 0 0 0 0 0
1710150571450418 128644967544512 drain_end 1 0 0 0 0 0
1710150571450498 128644967544512 take 62 0 0 0 0 0
1710150571450888 128644967544512 subm_beg 1 0 0 0 0 0
1710150571451138 128644967544512 submit 62 0 0 0 0 0
1710150571451168 128644967544512 subm_end 1 0 0 0 0 0
1710150571451198 128644967544512 pump_beg 1 0 0 0 0 0
1710150573246912 128644967544512 feedend 61 0 0 0 0 0
1710150573494603 128644967544512 feedend 61 1 0 0 0 0
1710150569506049 128645018953600 cliack 60 0 61 60 0 0
1710150569506129 128645018953600 ackregion 60 60 60 0 0 0
1710150571451618 128645018953600 ackslot 61 60 61 0 0 0
1710150571478187 128645018953600 send 18 0 0 60 60 1
1710150571452768 128644873713344 emit_beg 61 0 0 0 0 0
1710150571455158 128644873713344 dmg 0 1 0 0 3840 2400
1710150571455388 128644873713344 enc 60 60 1 -1 -1 0
1710150571756637 128644873713344 emit_end 61 0 0 0 0 0
1710150585062040 128644967544512 outfirst 61 1 65536 0 0 0
1710150576082039 128645018953600 send 1902958 0 0 60 60 1
1710150579732915 128645018953600 send 1615384 0 0 60 60 1
1710150579736425 128645018953600 send 14 0 0 60 60 1
1710150579736825 128645018953600 egress 61 1 0 0 0 0
1710150580392941 128645018953600 msgin 63 55296000 0 0 0 0
1710150580393291 128645018953600 enq 63 1 0 0 0 0
1710150586595654 128644967544512 outfirst 61 0 65536 0 0 0
1710150586876514 128644967544512 pump_end 1 2 0 0 0 0
1710150586876704 128644967544512 join_beg 1 0 0 0 0 0
1710150586876754 128644967544512 join_end 0 0 0 0 0 0
1710150586877024 128644967544512 book_beg 1 0 0 0 0 0
1710150586877264 128644967544512 batch 62 1 1 2 2 0
1710150586877304 128644967544512 book_end 1 0 0 0 0 0
1710150586877344 128644967544512 coll_beg 0 0 0 0 0 0
1710150588105409 128644967544512 coll_end 0 0 0 0 0 0
1710150588105479 128644967544512 rel_beg 1 0 0 0 0 0
1710150588106069 128644967544512 absorb 62 0 0 0 0 0
1710150588108629 128644967544512 rel_end 1 0 0 0 0 0
1710150588109639 128644967544512 wait_beg 0 0 0 0 0 0
1710150588110569 128644967544512 wait_end 0 0 0 0 0 0
1710150588112209 128644967544512 drain_beg 0 0 0 0 0 0
1710150588112409 128644967544512 drain_end 1 0 0 0 0 0
1710150588112489 128644967544512 take 63 0 0 0 0 0
1710150588112649 128644967544512 subm_beg 1 0 0 0 0 0
1710150588112999 128644967544512 submit 63 0 0 0 0 0
1710150588113029 128644967544512 subm_end 1 0 0 0 0 0
1710150588113059 128644967544512 pump_beg 1 0 0 0 0 0
1710150589853445 128644967544512 feedend 62 0 0 0 0 0
1710150590889127 128644967544512 feedend 62 1 0 0 0 0
1710150585894790 128645018953600 cliack 61 0 62 61 0 0
1710150585894990 128645018953600 ackregion 61 61 61 0 0 0
1710150588114359 128645018953600 ackslot 62 61 62 0 0 0
1710150588130888 128645018953600 send 18 0 0 61 61 1
1710150592824717 128645018953600 send 1929148 0 0 61 61 1
1710150588114009 128644873713344 emit_beg 62 0 0 0 0 0
1710150588117199 128644873713344 dmg 0 1 0 0 3840 2400
1710150588117499 128644873713344 enc 61 61 1 -1 -1 0
1710150588419238 128644873713344 emit_end 62 0 0 0 0 0
1710150601929844 128644967544512 outfirst 62 1 65536 0 0 0
1710150602843330 128644967544512 outfirst 62 0 65536 0 0 0
1710150603070442 128644967544512 pump_end 1 2 0 0 0 0
1710150603071192 128644967544512 join_beg 1 0 0 0 0 0
1710150603072642 128644967544512 join_end 0 0 0 0 0 0
1710150603072812 128644967544512 book_beg 1 0 0 0 0 0
1710150603073192 128644967544512 batch 63 1 1 2 2 0
1710150603073242 128644967544512 book_end 1 0 0 0 0 0
1710150603073282 128644967544512 coll_beg 0 0 0 0 0 0
1710150604183201 128644967544512 coll_end 0 0 0 0 0 0
1710150604183391 128644967544512 rel_beg 1 0 0 0 0 0
1710150604183831 128644967544512 absorb 63 0 0 0 0 0
1710150604188121 128644967544512 rel_end 1 0 0 0 0 0
1710150604190931 128644967544512 wait_beg 0 0 0 0 0 0
1710150604192261 128644967544512 wait_end 0 0 0 0 0 0
1710150604194431 128644967544512 drain_beg 0 0 0 0 0 0
1710150604194801 128644967544512 drain_end 1 0 0 0 0 0
1710150604195171 128644967544512 take 64 0 0 0 0 0
1710150604195351 128644967544512 subm_beg 1 0 0 0 0 0
1710150604196191 128644967544512 submit 64 0 0 0 0 0
1710150604196251 128644967544512 subm_end 1 0 0 0 0 0
1710150604196321 128644967544512 pump_beg 1 0 0 0 0 0
1710150596690755 128645018953600 send 1653869 0 0 61 61 1
1710150596695235 128645018953600 send 14 0 0 61 61 1
1710150596695775 128645018953600 egress 62 1 0 0 0 0
1710150597395230 128645018953600 msgin 64 55296000 0 0 0 0
1710150597395690 128645018953600 enq 64 1 0 0 0 0
1710150603455508 128645018953600 cliack 62 0 63 62 0 0
1710150603455878 128645018953600 ackregion 62 62 62 0 0 0
1710150604192771 128645018953600 ackslot 63 62 63 0 0 0
1710150604231760 128645018953600 send 18 0 0 62 62 1
1710150604196721 128644873713344 emit_beg 63 0 0 0 0 0
1710150604200851 128644873713344 dmg 0 1 0 0 3840 2400
1710150604201051 128644873713344 enc 62 62 1 -1 -1 0
1710150604521009 128644873713344 emit_end 63 0 0 0 0 0
1710150607949684 128644967544512 feedend 63 0 0 0 0 0
1710150608460125 128644967544512 feedend 63 1 0 0 0 0
1710150608906289 128645018953600 send 1819163 0 0 62 62 1
1710150612645932 128645018953600 send 1526767 0 0 62 62 1
1710150612650952 128645018953600 send 14 0 0 62 62 1
1710150612651222 128645018953600 egress 63 1 0 0 0 0
1710150613317997 128645018953600 msgin 65 55296000 0 0 0 0
1710150613318797 128645018953600 enq 65 1 0 0 0 0
1710150619434884 128644967544512 outfirst 63 1 65536 0 0 0
1710150620645370 128644967544512 outfirst 63 0 65536 0 0 0
1710150620894670 128644967544512 pump_end 1 2 0 0 0 0
1710150620894840 128644967544512 join_beg 1 0 0 0 0 0
1710150620895290 128644967544512 join_end 0 0 0 0 0 0
1710150620895500 128644967544512 book_beg 1 0 0 0 0 0
1710150620895990 128644967544512 batch 64 1 1 2 2 0
1710150620896020 128644967544512 book_end 1 0 0 0 0 0
1710150620896160 128644967544512 coll_beg 0 0 0 0 0 0
1710150622019879 128644967544512 coll_end 0 0 0 0 0 0
1710150622020029 128644967544512 rel_beg 1 0 0 0 0 0
1710150622020869 128644967544512 absorb 64 0 0 0 0 0
1710150622024879 128644967544512 rel_end 1 0 0 0 0 0
1710150622027179 128644967544512 wait_beg 0 0 0 0 0 0
1710150622028699 128644967544512 wait_end 0 0 0 0 0 0
1710150622035409 128644967544512 drain_beg 0 0 0 0 0 0
1710150622035699 128644967544512 drain_end 1 0 0 0 0 0
1710150622035809 128644967544512 take 65 0 0 0 0 0
1710150622036049 128644967544512 subm_beg 1 0 0 0 0 0
1710150622036699 128644967544512 submit 65 0 0 0 0 0
1710150622036749 128644967544512 subm_end 1 0 0 0 0 0
1710150622036789 128644967544512 pump_beg 1 0 0 0 0 0
1710150623987477 128644967544512 feedend 64 0 0 0 0 0
1710150625249881 128644967544512 feedend 64 1 0 0 0 0
1710150618099383 128645018953600 cliack 63 0 64 63 0 0
1710150618099613 128645018953600 ackregion 63 63 63 0 0 0
1710150622034669 128645018953600 ackslot 64 63 64 0 0 0
1710150622059888 128645018953600 send 18 0 0 63 63 1
1710150622034359 128644873713344 emit_beg 64 0 0 0 0 0
1710150622037829 128644873713344 dmg 0 1 0 0 3840 2400
1710150622038039 128644873713344 enc 63 63 1 -1 -1 0
1710150622329598 128644873713344 emit_end 64 0 0 0 0 0
1710150635798126 128644967544512 outfirst 64 1 65536 0 0 0
1710150626454327 128645018953600 send 1744272 0 0 63 63 1
1710150629822884 128645018953600 send 1447750 0 0 63 63 1
1710150629826824 128645018953600 send 14 0 0 63 63 1
1710150629826984 128645018953600 egress 64 1 0 0 0 0
1710150630552287 128645018953600 msgin 66 55296000 0 0 0 0
1710150630552797 128645018953600 enq 66 1 0 0 0 0
1710150635339283 128645018953600 cliack 64 0 65 64 0 0
1710150635339342 128645018953600 ackregion 64 64 64 0 0 0
1710150636446462 128644967544512 outfirst 64 0 65536 0 0 0
1710150636653524 128644967544512 pump_end 1 2 0 0 0 0
1710150636653764 128644967544512 join_beg 1 0 0 0 0 0
1710150636654064 128644967544512 join_end 0 0 0 0 0 0
1710150636654224 128644967544512 book_beg 1 0 0 0 0 0
1710150636654354 128644967544512 batch 65 1 1 2 2 0
1710150636654374 128644967544512 book_end 1 0 0 0 0 0
1710150636654404 128644967544512 coll_beg 0 0 0 0 0 0
1710150637666607 128644967544512 coll_end 0 0 0 0 0 0
1710150637666677 128644967544512 rel_beg 1 0 0 0 0 0
1710150637667057 128644967544512 absorb 65 0 0 0 0 0
1710150637669657 128644967544512 rel_end 1 0 0 0 0 0
1710150637671117 128644967544512 wait_beg 0 0 0 0 0 0
1710150637672217 128644967544512 wait_end 0 0 0 0 0 0
1710150637673387 128644967544512 drain_beg 0 0 0 0 0 0
1710150637673597 128644967544512 drain_end 1 0 0 0 0 0
1710150637673667 128644967544512 take 66 0 0 0 0 0
1710150637673887 128644967544512 subm_beg 1 0 0 0 0 0
1710150637674077 128644967544512 submit 66 0 0 0 0 0
1710150637674107 128644967544512 subm_end 1 0 0 0 0 0
1710150637674197 128644967544512 pump_beg 1 0 0 0 0 0
1710150639343256 128644967544512 feedend 65 0 0 0 0 0
1710150640273502 128644967544512 feedend 65 1 0 0 0 0
1710150637678757 128645018953600 ackslot 65 64 65 0 0 0
1710150637694526 128645018953600 send 18 0 0 64 64 1
1710150641756558 128645018953600 send 1672597 0 0 64 64 1
1710150644998389 128645018953600 send 1377834 0 0 64 64 1
1710150645011889 128645018953600 send 14 0 0 64 64 1
1710150645012889 128645018953600 egress 65 1 0 0 0 0
1710150645789320 128645018953600 msgin 67 55296000 0 0 0 0
1710150645789870 128645018953600 enq 67 1 0 0 0 0
1710150637678147 128644873713344 emit_beg 65 0 0 0 0 0
1710150637681957 128644873713344 dmg 0 1 0 0 3840 2400
1710150637682207 128644873713344 enc 64 64 1 -1 -1 0
1710150637942867 128644873713344 emit_end 65 0 0 0 0 0
1710150650567226 128644967544512 outfirst 65 1 65536 0 0 0
1710150651648716 128644967544512 outfirst 65 0 65536 0 0 0
1710150651924546 128644967544512 pump_end 1 2 0 0 0 0
1710150651924736 128644967544512 join_beg 1 0 0 0 0 0
1710150651925046 128644967544512 join_end 0 0 0 0 0 0
1710150651925406 128644967544512 book_beg 1 0 0 0 0 0
1710150651925866 128644967544512 batch 66 1 1 2 2 0
1710150651925896 128644967544512 book_end 1 0 0 0 0 0
1710150651926036 128644967544512 coll_beg 0 0 0 0 0 0
1710150652859122 128644967544512 coll_end 0 0 0 0 0 0
1710150652859312 128644967544512 rel_beg 1 0 0 0 0 0
1710150652859992 128644967544512 absorb 66 0 0 0 0 0
1710150652863242 128644967544512 rel_end 1 0 0 0 0 0
1710150652865882 128644967544512 wait_beg 0 0 0 0 0 0
1710150652867182 128644967544512 wait_end 0 0 0 0 0 0
1710150652869432 128644967544512 drain_beg 0 0 0 0 0 0
1710150652869902 128644967544512 drain_end 1 0 0 0 0 0
1710150652870092 128644967544512 take 67 0 0 0 0 0
1710150652870352 128644967544512 subm_beg 1 0 0 0 0 0
1710150652871122 128644967544512 submit 67 0 0 0 0 0
1710150652871152 128644967544512 subm_end 1 0 0 0 0 0
1710150652871182 128644967544512 pump_beg 1 0 0 0 0 0
1710150654628057 128644967544512 feedend 66 0 0 0 0 0
1710150655331372 128644967544512 feedend 66 1 0 0 0 0
1710150650211989 128645018953600 cliack 65 0 66 65 0 0
1710150650212079 128645018953600 ackregion 65 65 65 0 0 0
1710150652874961 128645018953600 ackslot 66 65 66 0 0 0
1710150652916270 128645018953600 send 18 0 0 65 65 1
1710150652873121 128644873713344 emit_beg 66 0 0 0 0 0
1710150652878211 128644873713344 dmg 0 1 0 0 3840 2400
1710150652878531 128644873713344 enc 65 65 1 -1 -1 0
1710150653159401 128644873713344 emit_end 66 0 0 0 0 0
1710150665447022 128644967544512 outfirst 66 1 65536 0 0 0
1710150666236493 128644967544512 outfirst 66 0 65536 0 0 0
1710150666430246 128644967544512 pump_end 1 2 0 0 0 0
1710150666430426 128644967544512 join_beg 1 0 0 0 0 0
1710150666430746 128644967544512 join_end 0 0 0 0 0 0
1710150666431226 128644967544512 book_beg 1 0 0 0 0 0
1710150666431786 128644967544512 batch 67 1 1 2 2 0
1710150666431826 128644967544512 book_end 1 0 0 0 0 0
1710150666431996 128644967544512 coll_beg 0 0 0 0 0 0
1710150657100437 128645018953600 send 1620065 0 0 65 65 1
1710150660363928 128645018953600 send 1323671 0 0 65 65 1
1710150660369007 128645018953600 send 14 0 0 65 65 1
1710150660369607 128645018953600 egress 66 1 0 0 0 0
1710150661101691 128645018953600 msgin 68 55296000 0 0 0 0
1710150661103101 128645018953600 enq 68 1 0 0 0 0
1710150665624145 128645018953600 cliack 66 0 67 66 0 0
1710150665624315 128645018953600 ackregion 66 66 66 0 0 0
1710150667246916 128644967544512 coll_end 0 0 0 0 0 0
1710150667247096 128644967544512 rel_beg 1 0 0 0 0 0
1710150667247586 128644967544512 absorb 67 0 0 0 0 0
1710150667250556 128644967544512 rel_end 1 0 0 0 0 0
1710150667252536 128644967544512 wait_beg 0 0 0 0 0 0
1710150667254056 128644967544512 wait_end 0 0 0 0 0 0
1710150667255876 128644967544512 drain_beg 0 0 0 0 0 0
1710150667256276 128644967544512 drain_end 1 0 0 0 0 0
1710150667256346 128644967544512 take 68 0 0 0 0 0
1710150667256546 128644967544512 subm_beg 1 0 0 0 0 0
1710150667257286 128644967544512 submit 68 0 0 0 0 0
1710150667257436 128644967544512 subm_end 1 0 0 0 0 0
1710150667257496 128644967544512 pump_beg 1 0 0 0 0 0
1710150668939074 128644967544512 feedend 67 0 0 0 0 0
1710150669211074 128644967544512 feedend 67 1 0 0 0 0
1710150667260215 128645018953600 ackslot 67 66 67 0 0 0
1710150667289444 128645018953600 send 18 0 0 66 66 1
1710150671238770 128645018953600 send 1540961 0 0 66 66 1
1710150674174063 128645018953600 send 1207544 0 0 66 66 1
1710150674178123 128645018953600 send 14 0 0 66 66 1
1710150674179013 128645018953600 egress 67 1 0 0 0 0
1710150674881527 128645018953600 msgin 69 55296000 0 0 0 0
1710150674882027 128645018953600 enq 69 1 0 0 0 0
1710150667258415 128644873713344 emit_beg 67 0 0 0 0 0
1710150667262295 128644873713344 dmg 0 1 0 0 3840 2400
1710150667262475 128644873713344 enc 66 66 1 -1 -1 0
1710150667517876 128644873713344 emit_end 67 0 0 0 0 0
1710150679097033 128644967544512 outfirst 67 1 65536 0 0 0
1710150680622377 128644967544512 outfirst 67 0 65536 0 0 0
1710150680818340 128644967544512 pump_end 1 2 0 0 0 0
1710150680818630 128644967544512 join_beg 1 0 0 0 0 0
1710150680819060 128644967544512 join_end 0 0 0 0 0 0
1710150680824010 128644967544512 book_beg 1 0 0 0 0 0
1710150680824260 128644967544512 batch 68 1 1 2 2 0
1710150680824290 128644967544512 book_end 1 0 0 0 0 0
1710150680824440 128644967544512 coll_beg 0 0 0 0 0 0
1710150681630070 128644967544512 coll_end 0 0 0 0 0 0
1710150681630390 128644967544512 rel_beg 1 0 0 0 0 0
1710150681631030 128644967544512 absorb 68 0 0 0 0 0
1710150681634160 128644967544512 rel_end 1 0 0 0 0 0
1710150681636380 128644967544512 wait_beg 0 0 0 0 0 0
1710150681637730 128644967544512 wait_end 0 0 0 0 0 0
1710150681639900 128644967544512 drain_beg 0 0 0 0 0 0
1710150681640300 128644967544512 drain_end 1 0 0 0 0 0
1710150681640350 128644967544512 take 69 0 0 0 0 0
1710150681640550 128644967544512 subm_beg 1 0 0 0 0 0
1710150681641260 128644967544512 submit 69 0 0 0 0 0
1710150681641290 128644967544512 subm_end 1 0 0 0 0 0
1710150681641310 128644967544512 pump_beg 1 0 0 0 0 0
1710150683428984 128644967544512 feedend 68 0 0 0 0 0
1710150684419548 128644967544512 feedend 68 1 0 0 0 0
1710150679380132 128645018953600 cliack 67 0 68 67 0 0
1710150679380592 128645018953600 ackregion 67 67 67 0 0 0
1710150681644130 128645018953600 ackslot 68 67 68 0 0 0
1710150681686218 128645018953600 send 18 0 0 67 67 1
1710150685355804 128645018953600 send 1499902 0 0 67 67 1
1710150681643500 128644873713344 emit_beg 68 0 0 0 0 0
1710150681647480 128644873713344 dmg 0 1 0 0 3840 2400
1710150681647800 128644873713344 enc 67 67 1 -1 -1 0
1710150681858772 128644873713344 emit_end 68 0 0 0 0 0
1710150694604236 128644967544512 outfirst 68 1 65536 0 0 0
1710150695371598 128644967544512 outfirst 68 0 65536 0 0 0
1710150695613899 128644967544512 pump_end 1 2 0 0 0 0
1710150695614079 128644967544512 join_beg 1 0 0 0 0 0
1710150695614719 128644967544512 join_end 0 0 0 0 0 0
1710150695615059 128644967544512 book_beg 1 0 0 0 0 0
1710150695615879 128644967544512 batch 69 1 1 2 2 0
1710150695615909 128644967544512 book_end 1 0 0 0 0 0
1710150695616209 128644967544512 coll_beg 0 0 0 0 0 0
1710150688754570 128645018953600 send 1166984 0 0 67 67 1
1710150688760929 128645018953600 send 14 0 0 67 67 1
1710150688761499 128645018953600 egress 68 1 0 0 0 0
1710150690403469 128645018953600 msgin 70 55296000 0 0 0 0
1710150690404659 128645018953600 enq 70 1 0 0 0 0
1710150693673580 128645018953600 cliack 68 0 69 68 0 0
1710150693673810 128645018953600 ackregion 68 68 68 0 0 0
1710150696672020 128644967544512 coll_end 0 0 0 0 0 0
1710150696672110 128644967544512 rel_beg 1 0 0 0 0 0
1710150696672690 128644967544512 absorb 69 0 0 0 0 0
1710150696676830 128644967544512 rel_end 1 0 0 0 0 0
1710150696679280 128644967544512 wait_beg 0 0 0 0 0 0
1710150696680980 128644967544512 wait_end 0 0 0 0 0 0
1710150696683750 128644967544512 drain_beg 0 0 0 0 0 0
1710150696684090 128644967544512 drain_end 1 0 0 0 0 0
1710150696684530 128644967544512 take 70 0 0 0 0 0
1710150696684880 128644967544512 subm_beg 1 0 0 0 0 0
1710150696685230 128644967544512 submit 70 0 0 0 0 0
1710150696685440 128644967544512 subm_end 1 0 0 0 0 0
1710150696685500 128644967544512 pump_beg 1 0 0 0 0 0
1710150698365838 128644967544512 feedend 69 0 0 0 0 0
1710150698793163 128644967544512 feedend 69 1 0 0 0 0
1710150696689590 128645018953600 ackslot 69 68 69 0 0 0
1710150696738938 128645018953600 send 18 0 0 68 68 1
1710150700694993 128645018953600 send 1604784 0 0 68 68 1
1710150703761811 128645018953600 send 1270436 0 0 68 68 1
1710150703766161 128645018953600 send 14 0 0 68 68 1
1710150703766581 128645018953600 egress 69 1 0 0 0 0
1710150696686700 128644873713344 emit_beg 69 0 0 0 0 0
1710150696690580 128644873713344 dmg 0 1 0 0 3840 2400
1710150696690920 128644873713344 enc 68 68 1 -1 -1 0
1710150696914141 128644873713344 emit_end 69 0 0 0 0 0
1710150709106926 128644967544512 outfirst 69 1 65536 0 0 0
1710150710470856 128644967544512 outfirst 69 0 65536 0 0 0
1710150710731266 128644967544512 pump_end 1 2 0 0 0 0
1710150710731456 128644967544512 join_beg 1 0 0 0 0 0
1710150710731806 128644967544512 join_end 0 0 0 0 0 0
1710150710732536 128644967544512 book_beg 1 0 0 0 0 0
1710150710732826 128644967544512 batch 70 1 1 2 2 0
1710150710732886 128644967544512 book_end 1 0 0 0 0 0
1710150710733076 128644967544512 coll_beg 0 0 0 0 0 0
1710150711778638 128644967544512 coll_end 0 0 0 0 0 0
1710150711778748 128644967544512 rel_beg 1 0 0 0 0 0
1710150711779518 128644967544512 absorb 70 0 0 0 0 0
1710150711782908 128644967544512 rel_end 1 0 0 0 0 0
1710150711785708 128644967544512 wait_beg 0 0 0 0 0 0
1710150711787108 128644967544512 wait_end 0 0 0 0 0 0
1710150711789238 128644967544512 drain_beg 0 0 0 0 0 0
1710150711789568 128644967544512 drain_end 1 0 0 0 0 0
1710150711789968 128644967544512 take 71 0 0 0 0 0
1710150711790208 128644967544512 subm_beg 1 0 0 0 0 0
1710150711790758 128644967544512 submit 71 0 0 0 0 0
1710150711790938 128644967544512 subm_end 1 0 0 0 0 0
1710150711791048 128644967544512 pump_beg 1 0 0 0 0 0
1710150713797604 128644967544512 feedend 70 0 0 0 0 0
1710150714847436 128644967544512 feedend 70 1 0 0 0 0
1710150708830746 128645018953600 msgin 71 55296000 0 0 0 0
1710150708831606 128645018953600 enq 71 1 0 0 0 0
1710150711829976 128645018953600 send 18 0 0 69 68 1
1710150715977564 128645018953600 send 1621545 0 0 69 68 1
1710150711793758 128644873713344 emit_beg 70 0 0 0 0 0
1710150711797647 128644873713344 dmg 0 1 0 0 3840 2400
1710150711797927 128644873713344 enc 69 69 1 -1 -1 0
1710150712054468 128644873713344 emit_end 70 0 0 0 0 0
1710150725074372 128644967544512 outfirst 70 1 65536 0 0 0
1710150725715619 128644967544512 outfirst 70 0 65536 0 0 0
1710150725973239 128644967544512 pump_end 1 2 0 0 0 0
1710150725973469 128644967544512 join_beg 1 0 0 0 0 0
1710150725973709 128644967544512 join_end 0 0 0 0 0 0
1710150725973949 128644967544512 book_beg 1 0 0 0 0 0
1710150725974139 128644967544512 batch 71 1 1 2 2 0
1710150725974169 128644967544512 book_end 1 0 0 0 0 0
1710150725974209 128644967544512 coll_beg 0 0 0 0 0 0
1710150719107830 128645018953600 send 1302647 0 0 69 68 1
1710150719112030 128645018953600 send 14 0 0 69 68 1
1710150719112230 128645018953600 egress 70 1 0 0 0 0
1710150719834724 128645018953600 cliack 69 0 70 70 0 0
1710150725131860 128645018953600 cliack 70 0 71 70 0 0
1710150725132080 128645018953600 ackregion 70 70 70 0 0 0
1710150727275231 128644967544512 coll_end 0 0 0 0 0 0
1710150727275341 128644967544512 rel_beg 1 0 0 0 0 0
1710150727276191 128644967544512 absorb 71 0 0 0 0 0
1710150727280421 128644967544512 rel_end 1 0 0 0 0 0
1710150727282961 128644967544512 wait_beg 0 0 0 0 0 0
1710150736120838 128644967544512 wait_end 0 0 0 0 0 0
1710150736124538 128644967544512 drain_beg 0 0 0 0 0 0
1710150736124898 128644967544512 drain_end 1 0 0 0 0 0
1710150736125168 128644967544512 take 72 0 0 0 0 0
1710150736133218 128644967544512 subm_beg 1 0 0 0 0 0
1710150736134258 128644967544512 submit 72 0 0 0 0 0
1710150736134458 128644967544512 subm_end 1 0 0 0 0 0
1710150736134488 128644967544512 pump_beg 1 0 0 0 0 0
1710150727295011 128645018953600 ackslot 71 70 71 0 0 0
1710150727334899 128645018953600 send 18 0 0 70 70 1
1710150731416980 128645018953600 send 1617517 0 0 70 70 1
1710150734641632 128645018953600 send 1306360 0 0 70 70 1
1710150734646502 128645018953600 send 14 0 0 70 70 1
1710150734647092 128645018953600 egress 71 1 0 0 0 0
1710150736105709 128645018953600 msgin 72 55296000 0 0 0 0
1710150736106459 128645018953600 enq 72 1 0 0 0 0
1710150727290601 128644873713344 emit_beg 71 0 0 0 0 0
1710150727293161 128644873713344 dmg 0 1 0 0 3840 2400
1710150727293481 128644873713344 enc 70 70 1 -1 -1 0
1710150727537082 128644873713344 emit_end 71 0 0 0 0 0
1710150737800237 128644967544512 feedend 71 0 0 0 0 0
1710150738057737 128644967544512 feedend 71 1 0 0 0 0
1710150742258334 128645018953600 cliack 71 0 72 71 0 0
1710150742259144 128645018953600 ackregion 71 71 71 0 0 0
1710150748842163 128644967544512 outfirst 71 1 65536 0 0 0
1710150750790932 128644967544512 outfirst 71 0 65536 0 0 0
1710150751068432 128644967544512 pump_end 1 2 0 0 0 0
1710150751068702 128644967544512 join_beg 1 0 0 0 0 0
1710150751069132 128644967544512 join_end 0 0 0 0 0 0
1710150751069432 128644967544512 book_beg 1 0 0 0 0 0
1710150751069872 128644967544512 batch 72 1 1 2 2 0
1710150751069952 128644967544512 book_end 1 0 0 0 0 0
1710150751070112 128644967544512 coll_beg 0 0 0 0 0 0
1710150752405393 128644967544512 coll_end 0 0 0 0 0 0
1710150752405463 128644967544512 rel_beg 1 0 0 0 0 0
1710150752406073 128644967544512 absorb 72 0 0 0 0 0
1710150752409273 128644967544512 rel_end 1 0 0 0 0 0
1710150752411783 128644967544512 wait_beg 0 0 0 0 0 0
1710150752413463 128644967544512 wait_end 0 0 0 0 0 0
1710150752415852 128644967544512 drain_beg 0 0 0 0 0 0
1710150752416162 128644967544512 drain_end 1 0 0 0 0 0
1710150752416702 128644967544512 take 73 0 0 0 0 0
1710150752416862 128644967544512 subm_beg 1 0 0 0 0 0
1710150752417192 128644967544512 submit 73 0 0 0 0 0
1710150752417222 128644967544512 subm_end 1 0 0 0 0 0
1710150752417242 128644967544512 pump_beg 1 0 0 0 0 0
1710150754197577 128644967544512 feedend 72 0 0 0 0 0
1710150754917711 128644967544512 feedend 72 1 0 0 0 0
1710150749678543 128645018953600 msgin 73 55296000 0 0 0 0
1710150749679052 128645018953600 enq 73 1 0 0 0 0
1710150752426532 128645018953600 ackslot 72 71 72 0 0 0
1710150752528188 128645018953600 send 18 0 0 71 71 1
1710150752431222 128644873713344 emit_beg 72 0 0 0 0 0
1710150752437422 128644873713344 dmg 0 1 0 0 3840 2400
1710150752437672 128644873713344 enc 71 71 1 -1 -1 0
1710150752660864 128644873713344 emit_end 72 0 0 0 0 0
1710150766187459 128644967544512 outfirst 72 1 65536 0 0 0
1710150758670604 128645018953600 send 1826834 0 0 71 71 1
1710150763539166 128645018953600 send 1470032 0 0 71 71 1
1710150763544456 128645018953600 send 14 0 0 71 71 1
1710150763552095 128645018953600 egress 72 1 0 0 0 0
1710150767484712 128644967544512 outfirst 72 0 65536 0 0 0
1710150767909876 128644967544512 pump_end 1 2 0 0 0 0
1710150767910486 128644967544512 join_beg 1 0 0 0 0 0
1710150767910916 128644967544512 join_end 0 0 0 0 0 0
1710150767911156 128644967544512 book_beg 1 0 0 0 0 0
1710150767911646 128644967544512 batch 73 1 1 2 2 0
1710150767911706 128644967544512 book_end 1 0 0 0 0 0
1710150767911886 128644967544512 coll_beg 0 0 0 0 0 0
1710150769135681 128644967544512 coll_end 0 0 0 0 0 0
1710150769135801 128644967544512 rel_beg 1 0 0 0 0 0
1710150769136351 128644967544512 absorb 73 0 0 0 0 0
1710150769140291 128644967544512 rel_end 1 0 0 0 0 0
1710150769142701 128644967544512 wait_beg 0 0 0 0 0 0
1710150767328847 128645018953600 cliack 72 0 73 72 0 0
1710150767329047 128645018953600 ackregion 72 72 72 0 0 0
1710150769157320 128645018953600 ackslot 73 72 73 0 0 0
1710150769217348 128645018953600 send 18 0 0 72 72 1
1710150775794268 128645018953600 send 1939258 0 0 72 72 1
1710150769164730 128644873713344 emit_beg 73 0 0 0 0 0
1710150769170240 128644873713344 dmg 0 1 0 0 3840 2400
1710150769170490 128644873713344 enc 72 72 1 -1 -1 0
1710150769411911 128644873713344 emit_end 73 0 0 0 0 0
1710150781847417 128644967544512 wait_end 0 0 0 0 0 0
1710150781850836 128644967544512 drain_beg 0 0 0 0 0 0
1710150781851336 128644967544512 drain_end 1 0 0 0 0 0
1710150781851556 128644967544512 take 74 0 0 0 0 0
1710150781851986 128644967544512 subm_beg 1 0 0 0 0 0
1710150781853076 128644967544512 submit 74 0 0 0 0 0
1710150781853216 128644967544512 subm_end 1 0 0 0 0 0
1710150781853266 128644967544512 pump_beg 1 0 0 0 0 0
1710150783564224 128644967544512 feedend 73 0 0 0 0 0
1710150783832474 128644967544512 feedend 73 1 0 0 0 0
1710150781212960 128645018953600 send 1610999 0 0 72 72 1
1710150781218160 128645018953600 send 14 0 0 72 72 1
1710150781218590 128645018953600 egress 73 1 0 0 0 0
1710150781823397 128645018953600 msgin 74 55296000 0 0 0 0
1710150781823917 128645018953600 enq 74 1 0 0 0 0
1710150785091598 128645018953600 cliack 73 0 74 73 0 0
1710150785091788 128645018953600 ackregion 73 73 73 0 0 0
1710150794833792 128644967544512 outfirst 73 1 65536 0 0 0
1710150796583208 128644967544512 outfirst 73 0 65536 0 0 0
1710150796885977 128644967544512 pump_end 1 2 0 0 0 0
1710150796886397 128644967544512 join_beg 1 0 0 0 0 0
1710150796887167 128644967544512 join_end 0 0 0 0 0 0
1710150796887507 128644967544512 book_beg 1 0 0 0 0 0
1710150796887827 128644967544512 batch 74 1 1 2 2 0
1710150796887867 128644967544512 book_end 1 0 0 0 0 0
1710150796888037 128644967544512 coll_beg 0 0 0 0 0 0
1710150793267589 128645018953600 msgin 75 55296000 0 0 0 0
1710150793268069 128645018953600 enq 75 1 0 0 0 0
1710150798080453 128644967544512 coll_end 0 0 0 0 0 0
1710150798080643 128644967544512 rel_beg 1 0 0 0 0 0
1710150798081283 128644967544512 absorb 74 0 0 0 0 0
1710150798085133 128644967544512 rel_end 1 0 0 0 0 0
1710150798087213 128644967544512 wait_beg 0 0 0 0 0 0
1710150798088643 128644967544512 wait_end 0 0 0 0 0 0
1710150798090713 128644967544512 drain_beg 0 0 0 0 0 0
1710150798091273 128644967544512 drain_end 1 0 0 0 0 0
1710150798091603 128644967544512 take 75 0 0 0 0 0
1710150798091693 128644967544512 subm_beg 1 0 0 0 0 0
1710150798092553 128644967544512 submit 75 0 0 0 0 0
1710150798092583 128644967544512 subm_end 1 0 0 0 0 0
1710150798092643 128644967544512 pump_beg 1 0 0 0 0 0
1710150799872338 128644967544512 feedend 74 0 0 0 0 0
1710150800894770 128644967544512 feedend 74 1 0 0 0 0
1710150798099022 128645018953600 ackslot 74 73 74 0 0 0
1710150798158120 128645018953600 send 18 0 0 73 73 1
1710150802553030 128645018953600 send 1864912 0 0 73 73 1
1710150806121549 128645018953600 send 1522361 0 0 73 73 1
1710150806124969 128645018953600 send 14 0 0 73 73 1
1710150806125559 128645018953600 egress 74 1 0 0 0 0
1710150798095303 128644873713344 emit_beg 74 0 0 0 0 0
1710150798098752 128644873713344 dmg 0 1 0 0 3840 2400
1710150798099202 128644873713344 enc 73 73 1 -1 -1 0
1710150798313615 128644873713344 emit_end 74 0 0 0 0 0
1710150811671956 128644967544512 outfirst 74 1 65536 0 0 0
1710150812779596 128644967544512 outfirst 74 0 65536 0 0 0
1710150813086785 128644967544512 pump_end 1 2 0 0 0 0
1710150813087025 128644967544512 join_beg 1 0 0 0 0 0
1710150813087515 128644967544512 join_end 0 0 0 0 0 0
1710150813087965 128644967544512 book_beg 1 0 0 0 0 0
1710150813088185 128644967544512 batch 75 1 1 2 2 0
1710150813093364 128644967544512 book_end 1 0 0 0 0 0
1710150813093514 128644967544512 coll_beg 0 0 0 0 0 0
1710150814260432 128644967544512 coll_end 0 0 0 0 0 0
1710150814260731 128644967544512 rel_beg 1 0 0 0 0 0
1710150814261751 128644967544512 absorb 75 0 0 0 0 0
1710150814266081 128644967544512 rel_end 1 0 0 0 0 0
1710150814268371 128644967544512 wait_beg 0 0 0 0 0 0
1710150814326269 128645018953600 send 18 0 0 74 73 1
1710150814275781 128644873713344 emit_beg 75 0 0 0 0 0
1710150814279321 128644873713344 dmg 0 1 0 0 3840 2400
1710150814279801 128644873713344 enc 74 74 1 -1 -1 0
1710150814493663 128644873713344 emit_end 75 0 0 0 0 0
1710150823095259 128644967544512 wait_end 0 0 0 0 0 0
1710150823097418 128644967544512 drain_beg 0 0 0 0 0 0
1710150823097618 128644967544512 drain_end 1 0 0 0 0 0
1710150823097708 128644967544512 take 76 0 0 0 0 0
1710150823097878 128644967544512 subm_beg 1 0 0 0 0 0
1710150823098828 128644967544512 submit 76 0 0 0 0 0
1710150823098968 128644967544512 subm_end 1 0 0 0 0 0
1710150823099008 128644967544512 pump_beg 1 0 0 0 0 0
1710150825168483 128644967544512 feedend 75 0 0 0 0 0
1710150825429643 128644967544512 feedend 75 1 0 0 0 0
1710150818853494 128645018953600 send 1857161 0 0 74 73 1
1710150822389364 128645018953600 send 1506885 0 0 74 73 1
1710150822392934 128645018953600 send 14 0 0 74 73 1
1710150822393124 128645018953600 egress 75 1 0 0 0 0
1710150823086019 128645018953600 msgin 76 55296000 0 0 0 0
1710150823086379 128645018953600 enq 76 1 0 0 0 0
1710150823093159 128645018953600 cliack 74 0 75 75 0 0
1710150836505168 128644967544512 outfirst 75 1 65536 0 0 0
1710150834207792 128645018953600 cliack 75 0 76 75 0 0
1710150834208962 128645018953600 ackregion 75 75 75 0 0 0
1710150838288133 128644967544512 outfirst 75 0 65536 0 0 0
1710150838620331 128644967544512 pump_end 1 2 0 0 0 0
1710150838620841 128644967544512 join_beg 1 0 0 0 0 0
1710150838621071 128644967544512 join_end 0 0 0 0 0 0
1710150838621381 128644967544512 book_beg 1 0 0 0 0 0
1710150838621861 128644967544512 batch 76 1 1 2 2 0
1710150838621951 128644967544512 book_end 1 0 0 0 0 0
1710150838622011 128644967544512 coll_beg 0 0 0 0 0 0
1710150839916184 128644967544512 coll_end 0 0 0 0 0 0
1710150839916244 128644967544512 rel_beg 1 0 0 0 0 0
1710150839916484 128644967544512 absorb 76 0 0 0 0 0
1710150839921664 128644967544512 rel_end 1 0 0 0 0 0
1710150839923363 128644967544512 wait_beg 0 0 0 0 0 0
1710150839945143 128645018953600 ackslot 76 75 76 0 0 0
1710150839982481 128645018953600 send 18 0 0 75 75 1
1710150844925281 128645018953600 send 1855513 0 0 75 75 1
1710150839943133 128644873713344 emit_beg 76 0 0 0 0 0
1710150839947823 128644873713344 dmg 0 1 0 0 3840 2400
1710150839948063 128644873713344 enc 75 75 1 -1 -1 0
1710150840174574 128644873713344 emit_end 76 0 0 0 0 0
1710150849230463 128644967544512 wait_end 0 0 0 0 0 0
1710150849233013 128644967544512 drain_beg 0 0 0 0 0 0
1710150849233523 128644967544512 drain_end 1 0 0 0 0 0
1710150849233723 128644967544512 take 77 0 0 0 0 0
1710150849234063 128644967544512 subm_beg 1 0 0 0 0 0
1710150849234803 128644967544512 submit 77 0 0 0 0 0
1710150849234893 128644967544512 subm_end 1 0 0 0 0 0
1710150849234963 128644967544512 pump_beg 1 0 0 0 0 0
1710150851092955 128644967544512 feedend 76 0 0 0 0 0
1710150851941614 128644967544512 feedend 76 1 0 0 0 0
1710150848531949 128645018953600 send 1520951 0 0 75 75 1
1710150848535699 128645018953600 send 14 0 0 75 75 1
1710150848536019 128645018953600 egress 76 1 0 0 0 0
1710150849221454 128645018953600 msgin 77 55296000 0 0 0 0
1710150849221804 128645018953600 enq 77 1 0 0 0 0
1710150857781601 128645018953600 msgin 78 55296000 0 0 0 0
1710150857784030 128645018953600 enq 78 1 0 0 0 0
1710150862751789 128644967544512 outfirst 76 1 65536 0 0 0
1710150864250884 128644967544512 outfirst 76 0 65536 0 0 0
1710150864479306 128644967544512 pump_end 1 2 0 0 0 0
1710150864479586 128644967544512 join_beg 1 0 0 0 0 0
1710150864480366 128644967544512 join_end 0 0 0 0 0 0
1710150864480486 128644967544512 book_beg 1 0 0 0 0 0
1710150864480746 128644967544512 batch 77 1 1 2 2 0
1710150864480806 128644967544512 book_end 1 0 0 0 0 0
1710150864480846 128644967544512 coll_beg 0 0 0 0 0 0
1710150865601925 128644967544512 coll_end 0 0 0 0 0 0
1710150865601995 128644967544512 rel_beg 1 0 0 0 0 0
1710150865602265 128644967544512 absorb 77 0 0 0 0 0
1710150865605595 128644967544512 rel_end 1 0 0 0 0 0
1710150865607704 128644967544512 wait_beg 0 0 0 0 0 0
1710150865608964 128644967544512 wait_end 0 0 0 0 0 0
1710150865610374 128644967544512 drain_beg 0 0 0 0 0 0
1710150865610664 128644967544512 drain_end 1 0 0 0 0 0
1710150865611064 128644967544512 take 78 0 0 0 0 0
1710150865611224 128644967544512 subm_beg 1 0 0 0 0 0
1710150865611684 128644967544512 submit 78 0 0 0 0 0
1710150865611734 128644967544512 subm_end 1 0 0 0 0 0
1710150865611774 128644967544512 pump_beg 1 0 0 0 0 0
1710150867246255 128644967544512 feedend 77 0 0 0 0 0
1710150867658320 128644967544512 feedend 77 1 0 0 0 0
1710150858423427 128645018953600 cliack 76 0 77 76 0 0
1710150858423747 128645018953600 ackregion 76 76 76 0 0 0
1710150865614964 128645018953600 ackslot 77 76 77 0 0 0
1710150865640483 128645018953600 send 18 0 0 76 76 1
1710150865614954 128644873713344 emit_beg 77 0 0 0 0 0
1710150865619434 128644873713344 dmg 0 1 0 0 3840 2400
1710150865619604 128644873713344 enc 76 76 1 -1 -1 0
1710150865844426 128644873713344 emit_end 77 0 0 0 0 0
1710150870854803 128645018953600 send 1918381 0 0 76 76 1
1710150874704202 128645018953600 send 1559483 0 0 76 76 1
1710150874710142 128645018953600 send 14 0 0 76 76 1
1710150874710772 128645018953600 egress 77 1 0 0 0 0
1710150875461014 128645018953600 msgin 79 55296000 0 0 0 0
1710150875461544 128645018953600 enq 79 1 0 0 0 0
1710150879188998 128644967544512 outfirst 77 1 65536 0 0 0
1710150880292738 128644967544512 outfirst 77 0 65536 0 0 0
1710150880563128 128644967544512 pump_end 1 2 0 0 0 0
1710150880563298 128644967544512 join_beg 1 0 0 0 0 0
1710150880563758 128644967544512 join_end 0 0 0 0 0 0
1710150880563948 128644967544512 book_beg 1 0 0 0 0 0
1710150880564538 128644967544512 batch 78 1 1 2 2 0
1710150880564568 128644967544512 book_end 1 0 0 0 0 0
1710150880564598 128644967544512 coll_beg 0 0 0 0 0 0
1710150881817612 128644967544512 coll_end 0 0 0 0 0 0
1710150881817972 128644967544512 rel_beg 1 0 0 0 0 0
1710150881818522 128644967544512 absorb 78 0 0 0 0 0
1710150881821562 128644967544512 rel_end 1 0 0 0 0 0
1710150881823912 128644967544512 wait_beg 0 0 0 0 0 0
1710150881824962 128644967544512 wait_end 0 0 0 0 0 0
1710150881826741 128644967544512 drain_beg 0 0 0 0 0 0
1710150881826941 128644967544512 drain_end 1 0 0 0 0 0
1710150881827021 128644967544512 take 79 0 0 0 0 0
1710150881827261 128644967544512 subm_beg 1 0 0 0 0 0
1710150881827641 128644967544512 submit 79 0 0 0 0 0
1710150881827741 128644967544512 subm_end 1 0 0 0 0 0
1710150881834261 128644967544512 pump_beg 1 0 0 0 0 0
1710150883569918 128644967544512 feedend 78 0 0 0 0 0
1710150884291831 128644967544512 feedend 78 1 0 0 0 0
1710150881097368 128645018953600 cliack 77 0 78 77 0 0
1710150881097608 128645018953600 ackregion 77 77 77 0 0 0
1710150881825782 128645018953600 ackslot 78 77 78 0 0 0
1710150881856710 128645018953600 send 18 0 0 77 77 1
1710150886679484 128645018953600 send 1942582 0 0 77 77 1
1710150881831721 128644873713344 emit_beg 78 0 0 0 0 0
1710150881837031 128644873713344 dmg 0 1 0 0 3840 2400
1710150881837461 128644873713344 enc 77 77 1 -1 -1 0
1710150882060043 128644873713344 emit_end 78 0 0 0 0 0
1710150895706784 128644967544512 outfirst 78 1 65536 0 0 0
1710150896662529 128644967544512 outfirst 78 0 65536 0 0 0
1710150896987897 128644967544512 pump_end 1 2 0 0 0 0
1710150896988107 128644967544512 join_beg 1 0 0 0 0 0
1710150896988407 128644967544512 join_end 0 0 0 0 0 0
1710150896988587 128644967544512 book_beg 1 0 0 0 0 0
1710150896989047 128644967544512 batch 79 1 1 2 2 0
1710150896989077 128644967544512 book_end 1 0 0 0 0 0
1710150896989237 128644967544512 coll_beg 0 0 0 0 0 0
1710150890604391 128645018953600 send 1607543 0 0 77 77 1
1710150890610011 128645018953600 send 14 0 0 77 77 1
1710150890610810 128645018953600 egress 78 1 0 0 0 0
1710150891310455 128645018953600 msgin 80 55296000 0 0 0 0
1710150891310885 128645018953600 enq 80 1 0 0 0 0
1710150896988117 128645018953600 cliack 78 0 79 78 0 0
1710150896988387 128645018953600 ackregion 78 78 78 0 0 0
1710150898221452 128644967544512 coll_end 0 0 0 0 0 0
1710150898221562 128644967544512 rel_beg 1 0 0 0 0 0
1710150898221742 128644967544512 absorb 79 0 0 0 0 0
1710150898224632 128644967544512 rel_end 1 0 0 0 0 0
1710150898226682 128644967544512 wait_beg 0 0 0 0 0 0
1710150898227652 128644967544512 wait_end 0 0 0 0 0 0
1710150898229562 128644967544512 drain_beg 0 0 0 0 0 0
1710150898229902 128644967544512 drain_end 1 0 0 0 0 0
1710150898230002 128644967544512 take 80 0 0 0 0 0
1710150898230282 128644967544512 subm_beg 1 0 0 0 0 0
1710150898230472 128644967544512 submit 80 0 0 0 0 0
1710150898230502 128644967544512 subm_end 1 0 0 0 0 0
1710150898230532 128644967544512 pump_beg 1 0 0 0 0 0
1710150899800225 128644967544512 feedend 79 0 0 0 0 0
1710150900421942 128644967544512 feedend 79 1 0 0 0 0
1710150898230182 128645018953600 ackslot 79 78 79 0 0 0
1710150898267141 128645018953600 send 18 0 0 78 78 1
1710150903182651 128645018953600 send 1954123 0 0 78 78 1
1710150907108697 128645018953600 send 1606742 0 0 78 78 1
1710150907113017 128645018953600 send 14 0 0 78 78 1
1710150907113547 128645018953600 egress 79 1 0 0 0 0
1710150907908648 128645018953600 msgin 81 55296000 0 0 0 0
1710150907909758 128645018953600 enq 81 1 0 0 0 0
1710150898236962 128644873713344 emit_beg 79 0 0 0 0 0
1710150898244451 128644873713344 dmg 0 1 0 0 3840 2400
1710150898244801 128644873713344 enc 78 78 1 -1 -1 0
1710150898496162 128644873713344 emit_end 79 0 0 0 0 0
1710150911767577 128644967544512 outfirst 79 1 65536 0 0 0
1710150912732202 128644967544512 outfirst 79 0 65536 0 0 0
1710150912973113 128644967544512 pump_end 1 2 0 0 0 0
1710150912973313 128644967544512 join_beg 1 0 0 0 0 0
1710150912973633 128644967544512 join_end 0 0 0 0 0 0
1710150912973953 128644967544512 book_beg 1 0 0 0 0 0
1710150912974433 128644967544512 batch 80 1 1 2 2 0
1710150912974463 128644967544512 book_end 1 0 0 0 0 0
1710150912974653 128644967544512 coll_beg 0 0 0 0 0 0
1710150914158360 128644967544512 coll_end 0 0 0 0 0 0
1710150914158550 128644967544512 rel_beg 1 0 0 0 0 0
1710150914159220 128644967544512 absorb 80 0 0 0 0 0
1710150914162349 128644967544512 rel_end 1 0 0 0 0 0
1710150914164459 128644967544512 wait_beg 0 0 0 0 0 0
1710150914165449 128644967544512 wait_end 0 0 0 0 0 0
1710150914167169 128644967544512 drain_beg 0 0 0 0 0 0
1710150914167379 128644967544512 drain_end 1 0 0 0 0 0
1710150914167779 128644967544512 take 81 0 0 0 0 0
1710150914167849 128644967544512 subm_beg 1 0 0 0 0 0
1710150914168209 128644967544512 submit 81 0 0 0 0 0
1710150914168239 128644967544512 subm_end 1 0 0 0 0 0
1710150914168269 128644967544512 pump_beg 1 0 0 0 0 0
1710150915865727 128644967544512 feedend 80 0 0 0 0 0
1710150916646359 128644967544512 feedend 80 1 0 0 0 0
1710150913584821 128645018953600 cliack 79 0 80 79 0 0
1710150913585011 128645018953600 ackregion 79 79 79 0 0 0
1710150914167829 128645018953600 ackslot 80 79 80 0 0 0
1710150914197778 128645018953600 send 18 0 0 79 79 1
1710150914172029 128644873713344 emit_beg 80 0 0 0 0 0
1710150914177149 128644873713344 dmg 0 1 0 0 3840 2400
1710150914177369 128644873713344 enc 79 79 1 -1 -1 0
1710150914395951 128644873713344 emit_end 80 0 0 0 0 0
1710150928209236 128644967544512 outfirst 80 1 65536 0 0 0
1710150918979303 128645018953600 send 1923073 0 0 79 79 1
1710150922873761 128645018953600 send 1599768 0 0 79 79 1
1710150922878261 128645018953600 send 14 0 0 79 79 1
1710150922878721 128645018953600 egress 80 1 0 0 0 0
1710150923587505 128645018953600 msgin 82 55296000 0 0 0 0
1710150923587845 128645018953600 enq 82 1 0 0 0 0
1710150929003657 128644967544512 outfirst 80 0 65536 0 0 0
1710150929276027 128644967544512 pump_end 1 2 0 0 0 0
1710150929276317 128644967544512 join_beg 1 0 0 0 0 0
1710150929276977 128644967544512 join_end 0 0 0 0 0 0
1710150929277157 128644967544512 book_beg 1 0 0 0 0 0
1710150929277417 128644967544512 batch 81 1 1 2 2 0
1710150929277467 128644967544512 book_end 1 0 0 0 0 0
1710150929277507 128644967544512 coll_beg 0 0 0 0 0 0
1710150930550800 128644967544512 coll_end 0 0 0 0 0 0
1710150930551010 128644967544512 rel_beg 1 0 0 0 0 0
1710150930551400 128644967544512 absorb 81 0 0 0 0 0
1710150930554460 128644967544512 rel_end 1 0 0 0 0 0
1710150930556730 128644967544512 wait_beg 0 0 0 0 0 0
1710150930558060 128644967544512 wait_end 0 0 0 0 0 0
1710150930560130 128644967544512 drain_beg 0 0 0 0 0 0
1710150930560660 128644967544512 drain_end 1 0 0 0 0 0
1710150930560900 128644967544512 take 82 0 0 0 0 0
1710150930561070 128644967544512 subm_beg 1 0 0 0 0 0
1710150930562020 128644967544512 submit 82 0 0 0 0 0
1710150930562070 128644967544512 subm_end 1 0 0 0 0 0
1710150930562120 128644967544512 pump_beg 1 0 0 0 0 0
1710150932303156 128644967544512 feedend 81 0 0 0 0 0
1710150932494859 128644967544512 feedend 81 1 0 0 0 0
1710150929785388 128645018953600 cliack 80 0 81 80 0 0
1710150929785578 128645018953600 ackregion 80 80 80 0 0 0
1710150930561330 128645018953600 ackslot 81 80 81 0 0 0
1710150930591219 128645018953600 send 18 0 0 80 80 1
1710150935617175 128645018953600 send 2009244 0 0 80 80 1
1710150930564070 128644873713344 emit_beg 81 0 0 0 0 0
1710150930568910 128644873713344 dmg 0 1 0 0 3840 2400
1710150930569110 128644873713344 enc 80 80 1 -1 -1 0
1710150930786062 128644873713344 emit_end 81 0 0 0 0 0
1710150944559328 128644967544512 outfirst 81 1 65536 0 0 0
1710150945862531 128644967544512 outfirst 81 0 65536 0 0 0
1710150946139320 128644967544512 pump_end 1 2 0 0 0 0
1710150946139380 128644967544512 join_beg 1 0 0 0 0 0
1710150946139590 128644967544512 join_end 0 0 0 0 0 0
1710150946140050 128644967544512 book_beg 1 0 0 0 0 0
1710150946140440 128644967544512 batch 82 1 1 2 2 0
1710150946140470 128644967544512 book_end 1 0 0 0 0 0
1710150946140770 128644967544512 coll_beg 0 0 0 0 0 0
1710150947501191 128644967544512 coll_end 0 0 0 0 0 0
1710150947505301 128644967544512 rel_beg 1 0 0 0 0 0
1710150947505791 128644967544512 absorb 82 0 0 0 0 0
1710150947508560 128644967544512 rel_end 1 0 0 0 0 0
1710150947511160 128644967544512 wait_beg 0 0 0 0 0 0
1710150947512090 128644967544512 wait_end 0 0 0 0 0 0
1710150947514110 128644967544512 drain_beg 0 0 0 0 0 0
1710150947514430 128644967544512 drain_end 1 0 0 0 0 0
1710150947514550 128644967544512 take 83 0 0 0 0 0
1710150947515050 128644967544512 subm_beg 1 0 0 0 0 0
1710150947515440 128644967544512 submit 83 0 0 0 0 0
1710150947515470 128644967544512 subm_end 1 0 0 0 0 0
1710150947515500 128644967544512 pump_beg 1 0 0 0 0 0
1710150939779293 128645018953600 send 1692954 0 0 80 80 1
1710150939783893 128645018953600 send 14 0 0 80 80 1
1710150939784073 128645018953600 egress 81 1 0 0 0 0
1710150940490257 128645018953600 msgin 83 55296000 0 0 0 0
1710150940490767 128645018953600 enq 83 1 0 0 0 0
1710150946575615 128645018953600 cliack 81 0 82 81 0 0
1710150946576175 128645018953600 ackregion 81 81 81 0 0 0
1710150947513200 128645018953600 ackslot 82 81 82 0 0 0
1710150947543069 128645018953600 send 18 0 0 81 81 1
1710150947519100 128644873713344 emit_beg 82 0 0 0 0 0
1710150947523010 128644873713344 dmg 0 1 0 0 3840 2400
1710150947523280 128644873713344 enc 81 81 1 -1 -1 0
1710150947786510 128644873713344 emit_end 82 0 0 0 0 0
1710150949319024 128644967544512 feedend 82 0 0 0 0 0
1710150950344227 128644967544512 feedend 82 1 0 0 0 0
1710150952887524 128645018953600 send 2120461 0 0 81 81 1
1710150957224495 128645018953600 send 1795191 0 0 81 81 1
1710150957228845 128645018953600 send 14 0 0 81 81 1
1710150957229475 128645018953600 egress 82 1 0 0 0 0
1710150957937999 128645018953600 msgin 84 55296000 0 0 0 0
1710150957938899 128645018953600 enq 84 1 0 0 0 0
1710150962377117 128644967544512 outfirst 82 1 65536 0 0 0
1710150963030723 128644967544512 outfirst 82 0 65536 0 0 0
1710150963358381 128644967544512 pump_end 1 2 0 0 0 0
1710150963358481 128644967544512 join_beg 1 0 0 0 0 0
1710150963358791 128644967544512 join_end 0 0 0 0 0 0
1710150963359151 128644967544512 book_beg 1 0 0 0 0 0
1710150963359601 128644967544512 batch 83 1 1 2 2 0
1710150963359631 128644967544512 book_end 1 0 0 0 0 0
1710150963359811 128644967544512 coll_beg 0 0 0 0 0 0
1710150964732841 128644967544512 coll_end 0 0 0 0 0 0
1710150964732911 128644967544512 rel_beg 1 0 0 0 0 0
1710150964733531 128644967544512 absorb 83 0 0 0 0 0
1710150964735891 128644967544512 rel_end 1 0 0 0 0 0
1710150964737591 128644967544512 wait_beg 0 0 0 0 0 0
1710150964738611 128644967544512 wait_end 0 0 0 0 0 0
1710150964740500 128644967544512 drain_beg 0 0 0 0 0 0
1710150964740730 128644967544512 drain_end 1 0 0 0 0 0
1710150964740950 128644967544512 take 84 0 0 0 0 0
1710150964741480 128644967544512 subm_beg 1 0 0 0 0 0
1710150964741920 128644967544512 submit 84 0 0 0 0 0
1710150964741950 128644967544512 subm_end 1 0 0 0 0 0
1710150964741980 128644967544512 pump_beg 1 0 0 0 0 0
1710150966490496 128644967544512 feedend 83 0 0 0 0 0
1710150967146713 128644967544512 feedend 83 1 0 0 0 0
1710150964769189 128645018953600 send 18 0 0 82 81 1
1710150964746340 128644873713344 emit_beg 83 0 0 0 0 0
1710150964750180 128644873713344 dmg 0 1 0 0 3840 2400
1710150964750430 128644873713344 enc 82 82 1 -1 -1 0
1710150965054739 128644873713344 emit_end 83 0 0 0 0 0
1710150978715480 128644967544512 outfirst 83 1 65536 0 0 0
1710150970129233 128645018953600 send 2161476 0 0 82 81 1
1710150974501874 128645018953600 send 1852054 0 0 82 81 1
1710150974505943 128645018953600 send 14 0 0 82 81 1
1710150974506293 128645018953600 egress 83 1 0 0 0 0
1710150975163379 128645018953600 cliack 82 0 83 83 0 0
1710150979921105 128644967544512 outfirst 83 0 65536 0 0 0
1710150980207705 128644967544512 pump_end 1 2 0 0 0 0
1710150980207905 128644967544512 join_beg 1 0 0 0 0 0
1710150980208165 128644967544512 join_end 0 0 0 0 0 0
1710150980208375 128644967544512 book_beg 1 0 0 0 0 0
1710150980208725 128644967544512 batch 84 1 1 2 2 0
1710150980208755 128644967544512 book_end 1 0 0 0 0 0
1710150980208785 128644967544512 coll_beg 0 0 0 0 0 0
1710150981590294 128644967544512 coll_end 0 0 0 0 0 0
1710150981590404 128644967544512 rel_beg 1 0 0 0 0 0
1710150981591284 128644967544512 absorb 84 0 0 0 0 0
1710150981593284 128644967544512 rel_end 1 0 0 0 0 0
1710150981595354 128644967544512 wait_beg 0 0 0 0 0 0
1710150981627583 128645018953600 send 18 0 0 83 82 1
1710150986606821 128645018953600 send 2094976 0 0 83 82 1
1710150981604444 128644873713344 emit_beg 84 0 0 0 0 0
1710150981609564 128644873713344 dmg 0 1 0 0 3840 2400
1710150981609874 128644873713344 enc 83 83 1 -1 -1 0
1710150981868074 128644873713344 emit_end 84 0 0 0 0 0
1710150990803678 128645018953600 send 1807521 0 0 83 82 1
1710150990806957 128645018953600 send 14 0 0 83 82 1
1710150990807107 128645018953600 egress 84 1 0 0 0 0
1710150991474663 128645018953600 cliack 83 0 84 84 0 0
1710151017312039 128644967544512 wait_end 0 0 0 0 0 0
1710151017317418 128644967544512 drain_beg 0 0 0 0 0 0
1710151017317978 128644967544512 drain_end 1 0 0 0 0 0
1710151017318238 128644967544512 take 85 0 0 0 0 0
1710151017318808 128644967544512 subm_beg 1 0 0 0 0 0
1710151017320788 128644967544512 submit 85 0 0 0 0 0
1710151017320838 128644967544512 subm_end 1 0 0 0 0 0
1710151017321008 128644967544512 pump_beg 1 0 0 0 0 0
1710151018960108 128644967544512 feedend 84 0 0 0 0 0
1710151012735116 128645018953600 cliack 84 0 85 84 0 0
1710151012736156 128645018953600 ackregion 84 84 84 0 0 0
1710151017288389 128645018953600 msgin 85 55296000 0 0 0 0
1710151017290359 128645018953600 enq 85 1 0 0 0 0
1710151019965811 128644967544512 feedend 84 1 0 0 0 0
1710151030377661 128644967544512 outfirst 84 1 65536 0 0 0
1710151030993008 128644967544512 outfirst 84 0 65536 0 0 0
1710151031289108 128644967544512 pump_end 1 2 0 0 0 0
1710151031289428 128644967544512 join_beg 1 0 0 0 0 0
1710151031290198 128644967544512 join_end 0 0 0 0 0 0
1710151031290618 128644967544512 book_beg 1 0 0 0 0 0
1710151031291177 128644967544512 batch 85 1 1 2 2 0
1710151031291207 128644967544512 book_end 1 0 0 0 0 0
1710151031291357 128644967544512 coll_beg 0 0 0 0 0 0
1710151032303281 128644967544512 coll_end 0 0 0 0 0 0
1710151032303351 128644967544512 rel_beg 1 0 0 0 0 0
1710151032304160 128644967544512 absorb 85 0 0 0 0 0
1710151032309390 128644967544512 rel_end 1 0 0 0 0 0
1710151032311720 128644967544512 wait_beg 0 0 0 0 0 0
1710151032333179 128645018953600 ackslot 85 84 85 0 0 0
1710151032457105 128645018953600 send 18 0 0 84 84 1
1710151036583684 128645018953600 send 1737202 0 0 84 84 1
1710151032319640 128644873713344 emit_beg 85 0 0 0 0 0
1710151032324460 128644873713344 dmg 0 1 0 0 3840 2400
1710151032324970 128644873713344 enc 84 84 1 -1 -1 0
1710151032509783 128644873713344 emit_end 85 0 0 0 0 0
1710151040721023 128644967544512 wait_end 0 0 0 0 0 0
1710151040723603 128644967544512 drain_beg 0 0 0 0 0 0
1710151040723853 128644967544512 drain_end 1 0 0 0 0 0
1710151040723993 128644967544512 take 86 0 0 0 0 0
1710151040724283 128644967544512 subm_beg 1 0 0 0 0 0
1710151040724983 128644967544512 submit 86 0 0 0 0 0
1710151040725073 128644967544512 subm_end 1 0 0 0 0 0
1710151040725153 128644967544512 pump_beg 1 0 0 0 0 0
1710151042809256 128644967544512 feedend 85 0 0 0 0 0
1710151043804030 128644967544512 feedend 85 1 0 0 0 0
1710151039993749 128645018953600 send 1458159 0 0 84 84 1
1710151039997369 128645018953600 send 14 0 0 84 84 1
1710151039997609 128645018953600 egress 85 1 0 0 0 0
1710151040710313 128645018953600 msgin 86 55296000 0 0 0 0
1710151040710793 128645018953600 enq 86 1 0 0 0 0
1710151054403353 128644967544512 outfirst 85 1 65536 0 0 0
1710151055392606 128644967544512 outfirst 85 0 65536 0 0 0
1710151055614478 128644967544512 pump_end 1 2 0 0 0 0
1710151055614918 128644967544512 join_beg 1 0 0 0 0 0
1710151055615308 128644967544512 join_end 0 0 0 0 0 0
1710151055615608 128644967544512 book_beg 1 0 0 0 0 0
1710151055616238 128644967544512 batch 86 1 1 2 2 0
1710151055616298 128644967544512 book_end 1 0 0 0 0 0
1710151055616328 128644967544512 coll_beg 0 0 0 0 0 0
1710151056619802 128644967544512 coll_end 0 0 0 0 0 0
1710151056619972 128644967544512 rel_beg 1 0 0 0 0 0
1710151056620842 128644967544512 absorb 86 0 0 0 0 0
1710151056625231 128644967544512 rel_end 1 0 0 0 0 0
1710151056627921 128644967544512 wait_beg 0 0 0 0 0 0
1710151056629131 128644967544512 wait_end 0 0 0 0 0 0
1710151056631031 128644967544512 drain_beg 0 0 0 0 0 0
1710151056631601 128644967544512 drain_end 1 0 0 0 0 0
1710151056632001 128644967544512 take 87 0 0 0 0 0
1710151056632131 128644967544512 subm_beg 1 0 0 0 0 0
1710151056632521 128644967544512 submit 87 0 0 0 0 0
1710151056632541 128644967544512 subm_end 1 0 0 0 0 0
1710151056632571 128644967544512 pump_beg 1 0 0 0 0 0
1710151058870879 128644967544512 feedend 86 0 0 0 0 0
1710151050355291 128645018953600 msgin 87 55296000 0 0 0 0
1710151050356551 128645018953600 enq 87 1 0 0 0 0
1710151050679769 128645018953600 cliack 85 0 86 85 0 0
1710151050680129 128645018953600 ackregion 85 85 85 0 0 0
1710151056639531 128645018953600 ackslot 86 85 86 0 0 0
1710151056710778 128645018953600 send 18 0 0 85 85 1
1710151056640081 128644873713344 emit_beg 86 0 0 0 0 0
1710151056652000 128644873713344 dmg 0 1 0 0 3840 2400
1710151056652310 128644873713344 enc 85 85 1 -1 -1 0
1710151056924581 128644873713344 emit_end 86 0 0 0 0 0
1710151060018247 128644967544512 feedend 86 1 0 0 0 0
1710151061024561 128645018953600 send 1745968 0 0 85 85 1
1710151064771694 128645018953600 send 1482865 0 0 85 85 1
1710151064776543 128645018953600 send 14 0 0 85 85 1
1710151064777223 128645018953600 egress 86 1 0 0 0 0
1710151065611053 128645018953600 msgin 88 55296000 0 0 0 0
1710151065613233 128645018953600 enq 88 1 0 0 0 0
1710151070678508 128644967544512 outfirst 86 1 65536 0 0 0
1710151071619873 128644967544512 outfirst 86 0 65536 0 0 0
1710151071847075 128644967544512 pump_end 1 2 0 0 0 0
1710151071847315 128644967544512 join_beg 1 0 0 0 0 0
1710151071848025 128644967544512 join_end 0 0 0 0 0 0
1710151071848375 128644967544512 book_beg 1 0 0 0 0 0
1710151071848645 128644967544512 batch 87 1 1 2 2 0
1710151071848675 128644967544512 book_end 1 0 0 0 0 0
1710151071848825 128644967544512 coll_beg 0 0 0 0 0 0
1710151072938125 128644967544512 coll_end 0 0 0 0 0 0
1710151072938255 128644967544512 rel_beg 1 0 0 0 0 0
1710151072938845 128644967544512 absorb 87 0 0 0 0 0
1710151072943885 128644967544512 rel_end 1 0 0 0 0 0
1710151072946735 128644967544512 wait_beg 0 0 0 0 0 0
1710151072948075 128644967544512 wait_end 0 0 0 0 0 0
1710151072950065 128644967544512 drain_beg 0 0 0 0 0 0
1710151072950335 128644967544512 drain_end 1 0 0 0 0 0
1710151072950635 128644967544512 take 88 0 0 0 0 0
1710151072950795 128644967544512 subm_beg 1 0 0 0 0 0
1710151072951135 128644967544512 submit 88 0 0 0 0 0
1710151072951165 128644967544512 subm_end 1 0 0 0 0 0
1710151072951225 128644967544512 pump_beg 1 0 0 0 0 0
1710151074762168 128644967544512 feedend 87 0 0 0 0 0
1710151075719053 128644967544512 feedend 87 1 0 0 0 0
1710151073000913 128645018953600 send 18 0 0 86 85 1
1710151079124609 128645018953600 send 1779093 0 0 86 85 1
1710151072955164 128644873713344 emit_beg 87 0 0 0 0 0
1710151072959064 128644873713344 dmg 0 1 0 0 3840 2400
1710151072959314 128644873713344 enc 86 86 1 -1 -1 0
1710151073178366 128644873713344 emit_end 87 0 0 0 0 0
1710151086546598 128644967544512 outfirst 87 1 65536 0 0 0
1710151087373677 128644967544512 outfirst 87 0 65536 0 0 0
1710151087588009 128644967544512 pump_end 1 2 0 0 0 0
1710151087588229 128644967544512 join_beg 1 0 0 0 0 0
1710151087588829 128644967544512 join_end 0 0 0 0 0 0
1710151087589179 128644967544512 book_beg 1 0 0 0 0 0
1710151087589339 128644967544512 batch 88 1 1 2 2 0
1710151087589399 128644967544512 book_end 1 0 0 0 0 0
1710151087589549 128644967544512 coll_beg 0 0 0 0 0 0
1710151088645491 128644967544512 coll_end 0 0 0 0 0 0
1710151088645621 128644967544512 rel_beg 1 0 0 0 0 0
1710151088646391 128644967544512 absorb 88 0 0 0 0 0
1710151088648851 128644967544512 rel_end 1 0 0 0 0 0
1710151088650911 128644967544512 wait_beg 0 0 0 0 0 0
1710151082805754 128645018953600 send 1498700 0 0 86 85 1
1710151082807584 128645018953600 send 14 0 0 86 85 1
1710151082807914 128645018953600 egress 87 1 0 0 0 0
1710151088675530 128645018953600 send 18 0 0 87 85 1
1710151088658260 128644873713344 emit_beg 88 0 0 0 0 0
1710151088661140 128644873713344 dmg 0 1 0 0 3840 2400
1710151088661710 128644873713344 enc 87 87 1 -1 -1 0
1710151088856213 128644873713344 emit_end 88 0 0 0 0 0
1710151095482961 128644967544512 wait_end 0 0 0 0 0 0
1710151095483981 128644967544512 join_beg 1 0 0 0 0 0
1710151095484051 128644967544512 join_end 0 0 0 0 0 0
