1615432660338088 133811754481344 drain_beg 0 0
1615432660343088 133811754481344 drain_end 1 0
1615432660344138 133811754481344 subm_beg 1 0
1615432674561326 133811754481344 subm_end 1 0
1615432674563606 133811754481344 pump_beg 1 0
1615432810620951 133811754481344 pump_end 1 2
1615432815612658 133811754481344 coll_beg 0 0
1615432827790131 133811754481344 coll_end 0 0
1615432833129715 133811754481344 drain_beg 0 0
1615432833131115 133811754481344 drain_end 1 0
1615432833131885 133811754481344 subm_beg 1 0
1615432833167653 133811746088640 emit_beg 1 0
1615432835477229 133811754481344 subm_end 1 0
1615432835477729 133811754481344 pump_beg 1 0
1615432844373982 133811746088640 emit_end 1 0
1615432857893516 133811754481344 pump_end 1 2
1615432857895676 133811754481344 join_beg 1 0
1615432857897066 133811754481344 join_end 0 0
1615432861108578 133811754481344 coll_beg 0 0
1615432869332766 133811754481344 coll_end 0 0
1615432871263015 133811754481344 drain_beg 0 0
1615432871263795 133811754481344 drain_end 1 0
1615432871264535 133811754481344 subm_beg 1 0
1615432871289104 133811746088640 emit_beg 2 0
1615432874891922 133811754481344 subm_end 1 0
1615432874892332 133811754481344 pump_beg 1 0
1615432881270098 133811746088640 emit_end 2 0
1615432898011823 133811754481344 pump_end 1 2
1615432898013423 133811754481344 join_beg 1 0
1615432898014513 133811754481344 join_end 0 0
1615432899900884 133811754481344 coll_beg 0 0
1615432907305302 133811754481344 coll_end 0 0
1615432909248091 133811754481344 drain_beg 0 0
1615432909248911 133811754481344 drain_end 1 0
1615432909249681 133811754481344 subm_beg 1 0
1615432909274100 133811746088640 emit_beg 3 0
1615432912873068 133811754481344 subm_end 1 0
1615432912873358 133811754481344 pump_beg 1 0
1615432918968314 133811746088640 emit_end 3 0
1615432932276365 133811754481344 pump_end 1 2
1615432932276905 133811754481344 join_beg 1 0
1615432932277225 133811754481344 join_end 0 0
1615432934185225 133811754481344 coll_beg 0 0
1615432940624119 133811754481344 coll_end 0 0
1615432942551988 133811754481344 drain_beg 0 0
1615432942552368 133811754481344 drain_end 1 0
1615432942552958 133811754481344 subm_beg 1 0
1615432942575347 133811746088640 emit_beg 4 0
1615432946122257 133811754481344 subm_end 1 0
1615432946122707 133811754481344 pump_beg 1 0
1615432952119127 133811746088640 emit_end 4 0
1615432964255961 133811754481344 pump_end 1 2
1615432964256951 133811754481344 join_beg 1 0
1615432964257561 133811754481344 join_end 0 0
1615432967555870 133811754481344 coll_beg 0 0
1615432973921077 133811754481344 coll_end 0 0
1615432975900304 133811754481344 drain_beg 0 0
1615432975900794 133811754481344 drain_end 1 0
1615432975901474 133811754481344 subm_beg 1 0
1615432975904184 133811746088640 emit_beg 5 0
1615432977798104 133811754481344 subm_end 1 0
1615432977798554 133811754481344 pump_beg 1 0
1615432985915136 133811746088640 emit_end 5 0
1615432993618423 133811754481344 pump_end 1 2
1615432993619943 133811754481344 join_beg 1 0
1615432993620873 133811754481344 join_end 0 0
1615432995589011 133811754481344 coll_beg 0 0
1615433002476038 133811754481344 coll_end 0 0
1615433005028295 133811746088640 emit_beg 6 0
1615433006876887 133811754481344 drain_beg 0 0
1615433006877447 133811754481344 drain_end 1 0
1615433006877787 133811754481344 subm_beg 1 0
1615433012513470 133811754481344 subm_end 1 0
1615433012513820 133811754481344 pump_beg 1 0
1615433014779447 133811746088640 emit_end 6 0
1615433028109297 133811754481344 pump_end 1 2
1615433028110037 133811754481344 join_beg 1 0
1615433028110517 133811754481344 join_end 0 0
1615433031200434 133811754481344 coll_beg 0 0
1615433039250379 133811754481344 coll_end 0 0
1615433041391830 133811754481344 drain_beg 0 0
1615433041392700 133811754481344 drain_end 1 0
1615433041393240 133811754481344 subm_beg 1 0
1615433041413799 133811746088640 emit_beg 7 0
1615433044970089 133811754481344 subm_end 1 0
1615433044970418 133811754481344 pump_beg 1 0
1615433050710818 133811746088640 emit_end 7 0
1615433060675662 133811754481344 pump_end 1 2
1615433060677352 133811754481344 join_beg 1 0
1615433060688812 133811754481344 join_end 0 0
1615433062578362 133811754481344 coll_beg 0 0
1615433069264327 133811754481344 coll_end 0 0
1615433071710537 133811746088640 emit_beg 8 0
1615433073503411 133811754481344 drain_beg 0 0
1615433073504051 133811754481344 drain_end 1 0
1615433073504451 133811754481344 subm_beg 1 0
1615433078954321 133811754481344 subm_end 1 0
1615433078954721 133811754481344 pump_beg 1 0
1615433081165050 133811746088640 emit_end 8 0
1615433094397964 133811754481344 pump_end 1 2
1615433094399604 133811754481344 join_beg 1 0
1615433094400784 133811754481344 join_end 0 0
1615433096895752 133811754481344 coll_beg 0 0
1615433104597530 133811754481344 coll_end 0 0
1615433106975312 133811746088640 emit_beg 9 0
1615433114395100 133811746088640 emit_end 9 0
1615433135485096 133811754481344 drain_beg 0 0
1615433135490066 133811754481344 drain_end 1 0
1615433135491795 133811754481344 subm_beg 1 0
1615433141045022 133811754481344 subm_end 1 0
1615433141048832 133811754481344 pump_beg 1 0
1615433159297442 133811754481344 pump_end 1 2
1615433159301301 133811754481344 join_beg 1 0
1615433159302571 133811754481344 join_end 0 0
1615433163342813 133811754481344 coll_beg 0 0
1615433170095085 133811754481344 coll_end 0 0
1615433172152160 133811746088640 emit_beg 10 0
1615433172152940 133811754481344 drain_beg 0 0
1615433172161619 133811754481344 drain_end 1 0
1615433172163019 133811754481344 subm_beg 1 0
1615433177738345 133811754481344 subm_end 1 0
1615433177738785 133811754481344 pump_beg 1 0
1615433179952983 133811746088640 emit_end 10 0
1615433198423975 133811754481344 pump_end 1 2
1615433198425735 133811754481344 join_beg 1 0
1615433198426915 133811754481344 join_end 0 0
1615433201448244 133811754481344 coll_beg 0 0
1615433209149602 133811754481344 coll_end 0 0
1615433211124089 133811754481344 drain_beg 0 0
1615433211125119 133811754481344 drain_end 1 0
1615433211125939 133811754481344 subm_beg 1 0
1615433211143388 133811746088640 emit_beg 11 0
1615433212963212 133811754481344 subm_end 1 0
1615433212963752 133811754481344 pump_beg 1 0
1615433218861645 133811746088640 emit_end 11 0
1615433231516361 133811754481344 pump_end 1 2
1615433231520450 133811754481344 join_beg 1 0
1615433231522380 133811754481344 join_end 0 0
1615433234175613 133811754481344 coll_beg 0 0
1615433247660438 133811754481344 coll_end 0 0
1615433249526479 133811754481344 drain_beg 0 0
1615433249527139 133811754481344 drain_end 1 0
1615433249527479 133811754481344 subm_beg 1 0
1615433249548159 133811746088640 emit_beg 12 0
1615433253171596 133811754481344 subm_end 1 0
1615433253172046 133811754481344 pump_beg 1 0
1615433259747724 133811746088640 emit_end 12 0
1615433269535205 133811754481344 pump_end 1 2
1615433269535705 133811754481344 join_beg 1 0
1615433269536715 133811754481344 join_end 0 0
1615433272586523 133811754481344 coll_beg 0 0
1615433280744913 133811754481344 coll_end 0 0
1615433282944753 133811754481344 drain_beg 0 0
1615433282945693 133811754481344 drain_end 1 0
1615433282946473 133811754481344 subm_beg 1 0
1615433282965592 133811746088640 emit_beg 13 0
1615433286588099 133811754481344 subm_end 1 0
1615433286588559 133811754481344 pump_beg 1 0
1615433293383399 133811746088640 emit_end 13 0
1615433302407828 133811754481344 pump_end 1 2
1615433302411858 133811754481344 join_beg 1 0
1615433302413468 133811754481344 join_end 0 0
1615433304341847 133811754481344 coll_beg 0 0
1615433312235857 133811754481344 coll_end 0 0
1615433314718826 133811754481344 drain_beg 0 0
1615433314720126 133811754481344 drain_end 1 0
1615433314720636 133811754481344 subm_beg 1 0
1615433314740555 133811746088640 emit_beg 14 0
1615433318342343 133811754481344 subm_end 1 0
1615433318342833 133811754481344 pump_beg 1 0
1615433324112702 133811746088640 emit_end 14 0
1615433334348426 133811754481344 pump_end 1 2
1615433334351016 133811754481344 join_beg 1 0
1615433334352936 133811754481344 join_end 0 0
1615433336172979 133811754481344 coll_beg 0 0
1615433343921464 133811754481344 coll_end 0 0
1615433346259269 133811754481344 drain_beg 0 0
1615433346271888 133811754481344 drain_end 1 0
1615433346272568 133811754481344 subm_beg 1 0
1615433346281328 133811746088640 emit_beg 15 0
1615433349700852 133811754481344 subm_end 1 0
1615433349701312 133811754481344 pump_beg 1 0
1615433355514549 133811746088640 emit_end 15 0
1615433367725920 133811754481344 pump_end 1 2
1615433367730240 133811754481344 join_beg 1 0
1615433367732300 133811754481344 join_end 0 0
1615433369699798 133811754481344 coll_beg 0 0
1615433377489202 133811754481344 coll_end 0 0
1615433379372413 133811746088640 emit_beg 16 0
1615433381142848 133811754481344 drain_beg 0 0
1615433381145338 133811754481344 drain_end 1 0
1615433381146408 133811754481344 subm_beg 1 0
1615433384755315 133811754481344 subm_end 1 0
1615433384755975 133811754481344 pump_beg 1 0
1615433390310971 133811746088640 emit_end 16 0
1615433401481641 133811754481344 pump_end 1 2
1615433401485301 133811754481344 join_beg 1 0
1615433401486741 133811754481344 join_end 0 0
1615433403619573 133811754481344 coll_beg 0 0
1615433411828201 133811754481344 coll_end 0 0
1615433413691223 133811746088640 emit_beg 17 0
1615433415438669 133811754481344 drain_beg 0 0
1615433415441629 133811754481344 drain_end 1 0
1615433415442649 133811754481344 subm_beg 1 0
1615433422469481 133811754481344 subm_end 1 0
1615433422471191 133811754481344 pump_beg 1 0
1615433424600793 133811746088640 emit_end 17 0
1615433439227546 133811754481344 pump_end 1 2
1615433439229526 133811754481344 join_beg 1 0
1615433439231126 133811754481344 join_end 0 0
1615433441182854 133811754481344 coll_beg 0 0
1615433452280347 133811754481344 coll_end 0 0
1615433454552113 133811754481344 drain_beg 0 0
1615433454554293 133811754481344 drain_end 1 0
1615433454555513 133811754481344 subm_beg 1 0
1615433454572822 133811746088640 emit_beg 18 0
1615433458062244 133811754481344 subm_end 1 0
1615433458064014 133811754481344 pump_beg 1 0
1615433463664339 133811746088640 emit_end 18 0
1615433473535996 133811754481344 pump_end 1 2
1615433473537316 133811754481344 join_beg 1 0
1615433473538356 133811754481344 join_end 0 0
1615433475454236 133811754481344 coll_beg 0 0
1615433485337663 133811754481344 coll_end 0 0
1615433488743598 133811754481344 drain_beg 0 0
1615433488744358 133811754481344 drain_end 1 0
1615433488744788 133811754481344 subm_beg 1 0
1615433488773147 133811746088640 emit_beg 19 0
1615433492307927 133811754481344 subm_end 1 0
1615433492308347 133811754481344 pump_beg 1 0
1615433497975469 133811746088640 emit_end 19 0
1615433509924611 133811754481344 pump_end 1 2
1615433509925620 133811754481344 join_beg 1 0
1615433509926440 133811754481344 join_end 0 0
1615433511786602 133811754481344 coll_beg 0 0
1615433521870422 133811754481344 coll_end 0 0
1615433525021256 133811754481344 drain_beg 0 0
1615433525023506 133811754481344 drain_end 1 0
1615433525024806 133811754481344 subm_beg 1 0
1615433525039136 133811746088640 emit_beg 20 0
1615433526854889 133811754481344 subm_end 1 0
1615433526855229 133811754481344 pump_beg 1 0
1615433532349517 133811746088640 emit_end 20 0
1615433543299465 133811754481344 pump_end 1 2
1615433543301925 133811754481344 join_beg 1 0
1615433543302995 133811754481344 join_end 0 0
1615433546817606 133811754481344 coll_beg 0 0
1615433559475581 133811754481344 coll_end 0 0
1615433561402331 133811754481344 drain_beg 0 0
1615433561404231 133811754481344 drain_end 1 0
1615433561405511 133811754481344 subm_beg 1 0
1615433561418680 133811746088640 emit_beg 21 0
1615433563508654 133811754481344 subm_end 1 0
1615433563509444 133811754481344 pump_beg 1 0
1615433570758317 133811746088640 emit_end 21 0
1615433579953170 133811754481344 pump_end 1 2
1615433579954950 133811754481344 join_beg 1 0
1615433579956820 133811754481344 join_end 0 0
1615433581720485 133811754481344 coll_beg 0 0
1615433592901814 133811754481344 coll_end 0 0
1615433595269208 133811754481344 drain_beg 0 0
1615433595269808 133811746088640 emit_beg 22 0
1615433595270338 133811754481344 drain_end 1 0
1615433595271127 133811754481344 subm_beg 1 0
1615433597099110 133811754481344 subm_end 1 0
1615433597099570 133811754481344 pump_beg 1 0
1615433602841320 133811746088640 emit_end 22 0
1615433613484149 133811754481344 pump_end 1 2
1615433613485189 133811754481344 join_beg 1 0
1615433613485769 133811754481344 join_end 0 0
1615433615300882 133811754481344 coll_beg 0 0
1615433625430520 133811754481344 coll_end 0 0
1615433627225095 133811746088640 emit_beg 23 0
1615433628926612 133811754481344 drain_beg 0 0
1615433628927742 133811754481344 drain_end 1 0
1615433628928752 133811754481344 subm_beg 1 0
1615433634248887 133811754481344 subm_end 1 0
1615433634249327 133811754481344 pump_beg 1 0
1615433636628709 133811746088640 emit_end 23 0
1615433650385004 133811754481344 pump_end 1 2
1615433650386454 133811754481344 join_beg 1 0
1615433650387054 133811754481344 join_end 0 0
1615433652162859 133811754481344 coll_beg 0 0
1615433663912878 133811754481344 coll_end 0 0
1615433667068822 133811754481344 drain_beg 0 0
1615433667071442 133811754481344 drain_end 1 0
1615433667073302 133811754481344 subm_beg 1 0
1615433667077832 133811746088640 emit_beg 24 0
1615433668874366 133811754481344 subm_end 1 0
1615433668874866 133811754481344 pump_beg 1 0
1615433672700735 133811746088640 emit_end 24 0
1615433685087481 133811754481344 pump_end 1 2
1615433685089100 133811754481344 join_beg 1 0
1615433685090190 133811754481344 join_end 0 0
1615433686956252 133811754481344 coll_beg 0 0
1615433699031119 133811754481344 coll_end 0 0
1615433700790644 133811754481344 drain_beg 0 0
1615433700791554 133811754481344 drain_end 1 0
1615433700792274 133811754481344 subm_beg 1 0
1615433700794024 133811746088640 emit_beg 25 0
1615433702530900 133811754481344 subm_end 1 0
1615433702531410 133811754481344 pump_beg 1 0
1615433708371416 133811746088640 emit_end 25 0
1615433718069360 133811754481344 pump_end 1 2
1615433718070340 133811754481344 join_beg 1 0
1615433718070940 133811754481344 join_end 0 0
1615433720835408 133811754481344 coll_beg 0 0
1615433730987296 133811754481344 coll_end 0 0
1615433733368098 133811746088640 emit_beg 26 0
1615433735222880 133811754481344 drain_beg 0 0
1615433735223780 133811754481344 drain_end 1 0
1615433735224390 133811754481344 subm_beg 1 0
1615433740688409 133811754481344 subm_end 1 0
1615433740688879 133811754481344 pump_beg 1 0
1615433742810572 133811746088640 emit_end 26 0
1615433756085164 133811754481344 pump_end 1 2
1615433756089034 133811754481344 join_beg 1 0
1615433756090754 133811754481344 join_end 0 0
1615433758042482 133811754481344 coll_beg 0 0
1615433768700701 133811754481344 coll_end 0 0
1615433771508258 133811754481344 drain_beg 0 0
1615433771509998 133811754481344 drain_end 1 0
1615433771511048 133811754481344 subm_beg 1 0
1615433771535267 133811746088640 emit_beg 27 0
1615433775026949 133811754481344 subm_end 1 0
1615433775027539 133811754481344 pump_beg 1 0
1615433780742439 133811746088640 emit_end 27 0
1615433791033851 133811754481344 pump_end 1 2
1615433791034561 133811754481344 join_beg 1 0
1615433791035571 133811754481344 join_end 0 0
1615433792854854 133811754481344 coll_beg 0 0
1615433802059136 133811754481344 coll_end 0 0
1615433804925131 133811754481344 drain_beg 0 0
1615433804925681 133811754481344 drain_end 1 0
1615433804925951 133811754481344 subm_beg 1 0
1615433804939451 133811746088640 emit_beg 28 0
1615433808468601 133811754481344 subm_end 1 0
1615433808469091 133811754481344 pump_beg 1 0
1615433814403953 133811746088640 emit_end 28 0
1615433825303933 133811754481344 pump_end 1 2
1615433825305333 133811754481344 join_beg 1 0
1615433825306233 133811754481344 join_end 0 0
1615433827231233 133811754481344 coll_beg 0 0
1615433837573563 133811754481344 coll_end 0 0
1615433840642600 133811754481344 drain_beg 0 0
1615433840645240 133811754481344 drain_end 1 0
1615433840646590 133811754481344 subm_beg 1 0
1615433840664459 133811746088640 emit_beg 29 0
1615433842480473 133811754481344 subm_end 1 0
1615433842481083 133811754481344 pump_beg 1 0
1615433848463433 133811746088640 emit_end 29 0
1615433859331434 133811754481344 pump_end 1 2
1615433859333314 133811754481344 join_beg 1 0
1615433859334674 133811754481344 join_end 0 0
1615433861213955 133811754481344 coll_beg 0 0
1615433871747958 133811754481344 coll_end 0 0
1615433874582514 133811754481344 drain_beg 0 0
1615433874583264 133811754481344 drain_end 1 0
1615433874583624 133811754481344 subm_beg 1 0
1615433874607483 133811746088640 emit_beg 30 0
1615433878191592 133811754481344 subm_end 1 0
1615433878192142 133811754481344 pump_beg 1 0
1615433884046357 133811746088640 emit_end 30 0
1615433895092121 133811754481344 pump_end 1 2
1615433895093971 133811754481344 join_beg 1 0
1615433895095421 133811754481344 join_end 0 0
1615433896994022 133811754481344 coll_beg 0 0
1615433905952643 133811754481344 coll_end 0 0
1615433908872976 133811754481344 drain_beg 0 0
1615433908873916 133811754481344 drain_end 1 0
1615433908874396 133811754481344 subm_beg 1 0
1615433908881885 133811746088640 emit_beg 31 0
1615433912455234 133811754481344 subm_end 1 0
1615433912455704 133811754481344 pump_beg 1 0
1615433918156145 133811746088640 emit_end 31 0
1615433928464776 133811754481344 pump_end 1 2
1615433928466296 133811754481344 join_beg 1 0
1615433928466896 133811754481344 join_end 0 0
1615433930297559 133811754481344 coll_beg 0 0
1615433938635613 133811754481344 coll_end 0 0
1615433940512634 133811746088640 emit_beg 32 0
1615433942284089 133811754481344 drain_beg 0 0
1615433942285299 133811754481344 drain_end 1 0
1615433942285759 133811754481344 subm_beg 1 0
1615433947657952 133811754481344 subm_end 1 0
1615433947658572 133811754481344 pump_beg 1 0
1615433949774934 133811746088640 emit_end 32 0
1615433964052240 133811754481344 pump_end 1 2
1615433964055020 133811754481344 join_beg 1 0
1615433964056180 133811754481344 join_end 0 0
1615433966857487 133811754481344 coll_beg 0 0
1615433976476594 133811754481344 coll_end 0 0
1615433978835267 133811754481344 drain_beg 0 0
1615433978835797 133811754481344 drain_end 1 0
1615433978836157 133811754481344 subm_beg 1 0
1615433978844027 133811746088640 emit_beg 33 0
1615433982416446 133811754481344 subm_end 1 0
1615433982416906 133811754481344 pump_beg 1 0
1615433988237512 133811746088640 emit_end 33 0
1615433998906400 133811754481344 pump_end 1 2
1615433998907650 133811754481344 join_beg 1 0
1615433998908170 133811754481344 join_end 0 0
1615434000717924 133811754481344 coll_beg 0 0
1615434009021339 133811754481344 coll_end 0 0
1615434012324648 133811754481344 drain_beg 0 0
1615434012325428 133811754481344 drain_end 1 0
1615434012325898 133811754481344 subm_beg 1 0
1615434012349177 133811746088640 emit_beg 34 0
1615434015808080 133811754481344 subm_end 1 0
1615434015808710 133811754481344 pump_beg 1 0
1615434021598507 133811746088640 emit_end 34 0
1615434032880463 133811754481344 pump_end 1 2
1615434032882623 133811754481344 join_beg 1 0
1615434032883313 133811754481344 join_end 0 0
1615434034810423 133811754481344 coll_beg 0 0
1615434043393527 133811754481344 coll_end 0 0
1615434048418013 133811754481344 drain_beg 0 0
1615434048420363 133811754481344 drain_end 1 0
1615434048421283 133811754481344 subm_beg 1 0
1615434048435812 133811746088640 emit_beg 35 0
1615434052048020 133811754481344 subm_end 1 0
1615434052048580 133811754481344 pump_beg 1 0
1615434057918064 133811746088640 emit_end 35 0
1615434068340652 133811754481344 pump_end 1 2
1615434068342682 133811754481344 join_beg 1 0
1615434068344392 133811754481344 join_end 0 0
1615434070922447 133811754481344 coll_beg 0 0
1615434078723140 133811754481344 coll_end 0 0
1615434080798214 133811754481344 drain_beg 0 0
1615434080799004 133811754481344 drain_end 1 0
1615434080799764 133811754481344 subm_beg 1 0
1615434080816244 133811746088640 emit_beg 36 0
1615434084337624 133811754481344 subm_end 1 0
1615434084338264 133811754481344 pump_beg 1 0
1615434090169030 133811746088640 emit_end 36 0
1615434100697174 133811754481344 pump_end 1 2
1615434100698084 133811754481344 join_beg 1 0
1615434100698574 133811754481344 join_end 0 0
1615434102516487 133811754481344 coll_beg 0 0
1615434110380718 133811754481344 coll_end 0 0
1615434112298798 133811746088640 emit_beg 37 0
1615434114077803 133811754481344 drain_beg 0 0
1615434114080043 133811754481344 drain_end 1 0
1615434114098542 133811754481344 subm_beg 1 0
1615434119451365 133811754481344 subm_end 1 0
1615434119451825 133811754481344 pump_beg 1 0
1615434121620446 133811746088640 emit_end 37 0
1615434135717538 133811754481344 pump_end 1 2
1615434135718808 133811754481344 join_beg 1 0
1615434135719548 133811754481344 join_end 0 0
1615434138216417 133811754481344 coll_beg 0 0
1615434146115577 133811754481344 coll_end 0 0
1615434153149898 133811754481344 drain_beg 0 0
1615434153150608 133811754481344 drain_end 1 0
1615434153151298 133811754481344 subm_beg 1 0
1615434153176767 133811746088640 emit_beg 38 0
1615434158910697 133811754481344 subm_end 1 0
1615434158911267 133811754481344 pump_beg 1 0
1615434175910623 133811754481344 pump_end 1 2
1615434175912143 133811754481344 join_beg 1 0
1615434179611557 133811746088640 emit_end 38 0
1615434179639226 133811754481344 join_end 0 0
1615434191024578 133811754481344 coll_beg 0 0
1615434200018908 133811754481344 coll_end 0 0
1615434204156836 133811746088640 emit_beg 39 0
1615434216854860 133811746088640 emit_end 39 0
1615434248154521 133811754481344 drain_beg 0 0
1615434248156021 133811754481344 drain_end 1 0
1615434248156851 133811754481344 subm_beg 1 0
1615434254833126 133811754481344 subm_end 1 0
1615434254833736 133811754481344 pump_beg 1 0
1615434272895423 133811754481344 pump_end 1 2
1615434272904922 133811754481344 join_beg 1 0
1615434272907572 133811754481344 join_end 0 0
1615434284101941 133811754481344 coll_beg 0 0
1615434296614902 133811754481344 coll_end 0 0
1615434305821864 133811754481344 drain_beg 0 0
1615434305822704 133811754481344 drain_end 1 0
1615434305823474 133811754481344 subm_beg 1 0
1615434305847473 133811746088640 emit_beg 40 0
1615434311067491 133811754481344 subm_end 1 0
1615434311068391 133811754481344 pump_beg 1 0
1615434324709461 133811746088640 emit_end 40 0
1615434331402555 133811754481344 pump_end 1 2
1615434331405485 133811754481344 join_beg 1 0
1615434331406405 133811754481344 join_end 0 0
1615434333688941 133811754481344 coll_beg 0 0
1615434343135014 133811754481344 coll_end 0 0
1615434346198402 133811754481344 drain_beg 0 0
1615434346199152 133811754481344 drain_end 1 0
1615434346199812 133811754481344 subm_beg 1 0
1615434346230311 133811746088640 emit_beg 41 0
1615434350390398 133811754481344 subm_end 1 0
1615434350390958 133811754481344 pump_beg 1 0
1615434356949637 133811746088640 emit_end 41 0
1615434366164589 133811754481344 pump_end 1 2
1615434366167489 133811754481344 join_beg 1 0
1615434366169079 133811754481344 join_end 0 0
1615434368681857 133811754481344 coll_beg 0 0
1615434376003108 133811754481344 coll_end 0 0
1615434378704879 133811746088640 emit_beg 42 0
1615434380430665 133811754481344 drain_beg 0 0
1615434380431675 133811754481344 drain_end 1 0
1615434380432045 133811754481344 subm_beg 1 0
1615434383883918 133811754481344 subm_end 1 0
1615434383884338 133811754481344 pump_beg 1 0
1615434387561983 133811746088640 emit_end 42 0
1615434399393129 133811754481344 pump_end 1 2
1615434399394669 133811754481344 join_beg 1 0
1615434399395949 133811754481344 join_end 0 0
1615434401177344 133811754481344 coll_beg 0 0
1615434407938765 133811754481344 coll_end 0 0
1615434411092260 133811754481344 drain_beg 0 0
1615434411092810 133811754481344 drain_end 1 0
1615434411093170 133811754481344 subm_beg 1 0
1615434411118939 133811746088640 emit_beg 43 0
1615434414503204 133811754481344 subm_end 1 0
1615434414503634 133811754481344 pump_beg 1 0
1615434420007482 133811746088640 emit_end 43 0
1615434429718266 133811754481344 pump_end 1 2
1615434429718886 133811754481344 join_beg 1 0
1615434429719596 133811754481344 join_end 0 0
1615434431484831 133811754481344 coll_beg 0 0
1615434438616439 133811754481344 coll_end 0 0
1615434441507483 133811754481344 drain_beg 0 0
1615434441508043 133811754481344 drain_end 1 0
1615434441508413 133811754481344 subm_beg 1 0
1615434441532022 133811746088640 emit_beg 44 0
1615434446079435 133811754481344 subm_end 1 0
1615434446079845 133811754481344 pump_beg 1 0
1615434451861813 133811746088640 emit_end 44 0
1615434461881445 133811754481344 pump_end 1 2
1615434461882675 133811754481344 join_beg 1 0
1615434461883315 133811754481344 join_end 0 0
1615434463721348 133811754481344 coll_beg 0 0
1615434470733620 133811754481344 coll_end 0 0
1615434473473150 133811754481344 drain_beg 0 0
1615434473473680 133811754481344 drain_end 1 0
1615434473474210 133811754481344 subm_beg 1 0
1615434473496249 133811746088640 emit_beg 45 0
1615434476958592 133811754481344 subm_end 1 0
1615434476959012 133811754481344 pump_beg 1 0
1615434482912953 133811746088640 emit_end 45 0
1615434493028452 133811754481344 pump_end 1 2
1615434493029442 133811754481344 join_beg 1 0
1615434493029982 133811754481344 join_end 0 0
1615434494855375 133811754481344 coll_beg 0 0
1615434502342430 133811754481344 coll_end 0 0
1615434504141284 133811746088640 emit_beg 46 0
1615434505790563 133811754481344 drain_beg 0 0
1615434505791333 133811754481344 drain_end 1 0
1615434505791653 133811754481344 subm_beg 1 0
1615434509381212 133811754481344 subm_end 1 0
1615434509381592 133811754481344 pump_beg 1 0
1615434513409854 133811746088640 emit_end 46 0
1615434525977512 133811754481344 pump_end 1 2
1615434525981112 133811754481344 join_beg 1 0
1615434525982892 133811754481344 join_end 0 0
1615434527767397 133811754481344 coll_beg 0 0
1615434535723735 133811754481344 coll_end 0 0
1615434538995754 133811754481344 drain_beg 0 0
1615434538996274 133811754481344 drain_end 1 0
1615434538996824 133811754481344 subm_beg 1 0
1615434539024603 133811746088640 emit_beg 47 0
1615434542555314 133811754481344 subm_end 1 0
1615434542555844 133811754481344 pump_beg 1 0
1615434548258504 133811746088640 emit_end 47 0
1615434559045458 133811754481344 pump_end 1 2
1615434559046368 133811754481344 join_beg 1 0
1615434559046908 133811754481344 join_end 0 0
1615434560810264 133811754481344 coll_beg 0 0
1615434568681165 133811754481344 coll_end 0 0
1615434571971954 133811754481344 drain_beg 0 0
1615434571972504 133811754481344 drain_end 1 0
1615434571973304 133811754481344 subm_beg 1 0
1615434571998943 133811746088640 emit_beg 48 0
1615434575477775 133811754481344 subm_end 1 0
1615434575478285 133811754481344 pump_beg 1 0
1615434581292682 133811746088640 emit_end 48 0
1615434591666671 133811754481344 pump_end 1 2
1615434591667671 133811754481344 join_beg 1 0
1615434591668411 133811754481344 join_end 0 0
1615434593444396 133811754481344 coll_beg 0 0
1615434601862987 133811754481344 coll_end 0 0
1615434604555088 133811754481344 drain_beg 0 0
1615434604555678 133811754481344 drain_end 1 0
1615434604556228 133811754481344 subm_beg 1 0
1615434604579567 133811746088640 emit_beg 49 0
1615434607960703 133811754481344 subm_end 1 0
1615434607961243 133811754481344 pump_beg 1 0
1615434614128196 133811746088640 emit_end 49 0
1615434624747467 133811754481344 pump_end 1 2
1615434624748406 133811754481344 join_beg 1 0
1615434624748906 133811754481344 join_end 0 0
1615434626572589 133811754481344 coll_beg 0 0
1615434635299749 133811754481344 coll_end 0 0
1615434638279870 133811754481344 drain_beg 0 0
1615434638280600 133811754481344 drain_end 1 0
1615434638281170 133811746088640 emit_beg 50 0
1615434638281550 133811754481344 subm_beg 1 0
1615434641820160 133811754481344 subm_end 1 0
1615434641820670 133811754481344 pump_beg 1 0
1615434647432894 133811746088640 emit_end 50 0
1615434659230771 133811754481344 pump_end 1 2
1615434659231851 133811754481344 join_beg 1 0
1615434659232481 133811754481344 join_end 0 0
1615434661198658 133811754481344 coll_beg 0 0
1615434670863284 133811754481344 coll_end 0 0
1615434672916858 133811754481344 drain_beg 0 0
1615434672917518 133811754481344 drain_end 1 0
1615434672918378 133811754481344 subm_beg 1 0
1615434672920388 133811746088640 emit_beg 51 0
1615434676391081 133811754481344 subm_end 1 0
1615434676391521 133811754481344 pump_beg 1 0
1615434682108181 133811746088640 emit_end 51 0
1615434693560891 133811754481344 pump_end 1 2
1615434693564280 133811754481344 join_beg 1 0
1615434693566280 133811754481344 join_end 0 0
1615434695371774 133811754481344 coll_beg 0 0
1615434705151845 133811754481344 coll_end 0 0
1615434708384716 133811754481344 drain_beg 0 0
1615434708385496 133811754481344 drain_end 1 0
1615434708386336 133811754481344 subm_beg 1 0
1615434708409645 133811746088640 emit_beg 52 0
1615434711835130 133811754481344 subm_end 1 0
1615434711835620 133811754481344 pump_beg 1 0
1615434717635227 133811746088640 emit_end 52 0
1615434728348083 133811754481344 pump_end 1 2
1615434728349093 133811754481344 join_beg 1 0
1615434728349683 133811754481344 join_end 0 0
1615434730124518 133811754481344 coll_beg 0 0
1615434738809539 133811754481344 coll_end 0 0
1615434741633286 133811754481344 drain_beg 0 0
1615434741634036 133811754481344 drain_end 1 0
1615434741634726 133811754481344 subm_beg 1 0
1615434741636456 133811746088640 emit_beg 53 0
1615434745074389 133811754481344 subm_end 1 0
1615434745074899 133811754481344 pump_beg 1 0
1615434750918645 133811746088640 emit_end 53 0
1615434760825811 133811754481344 pump_end 1 2
1615434760826781 133811754481344 join_beg 1 0
1615434760827361 133811754481344 join_end 0 0
1615434762596186 133811754481344 coll_beg 0 0
1615434770206927 133811754481344 coll_end 0 0
1615434772234113 133811746088640 emit_beg 54 0
1615434774178451 133811754481344 drain_beg 0 0
1615434774183161 133811754481344 drain_end 1 0
1615434774184791 133811754481344 subm_beg 1 0
1615434779505886 133811754481344 subm_end 1 0
1615434779509225 133811754481344 pump_beg 1 0
1615434781749793 133811746088640 emit_end 54 0
1615434795748129 133811754481344 pump_end 1 2
1615434795750269 133811754481344 join_beg 1 0
1615434795751509 133811754481344 join_end 0 0
1615434797787944 133811754481344 coll_beg 0 0
1615434804846815 133811754481344 coll_end 0 0
1615434807288996 133811754481344 drain_beg 0 0
1615434807289686 133811754481344 drain_end 1 0
1615434807290276 133811754481344 subm_beg 1 0
1615434807293835 133811746088640 emit_beg 55 0
1615434810813596 133811754481344 subm_end 1 0
1615434810814066 133811754481344 pump_beg 1 0
1615434816195329 133811746088640 emit_end 55 0
1615434826911455 133811754481344 pump_end 1 2
1615434826916525 133811754481344 join_beg 1 0
1615434826918545 133811754481344 join_end 0 0
1615434832085445 133811754481344 coll_beg 0 0
1615434840725558 133811754481344 coll_end 0 0
1615434843904751 133811754481344 drain_beg 0 0
1615434843905691 133811754481344 drain_end 1 0
1615434843906231 133811754481344 subm_beg 1 0
1615434843907611 133811746088640 emit_beg 56 0
1615434849110210 133811754481344 subm_end 1 0
1615434849110520 133811754481344 pump_beg 1 0
1615434852772696 133811746088640 emit_end 56 0
1615434864499245 133811754481344 pump_end 1 2
1615434864502535 133811754481344 join_beg 1 0
1615434864503825 133811754481344 join_end 0 0
1615434867054872 133811754481344 coll_beg 0 0
1615434874860665 133811754481344 coll_end 0 0
1615434876764745 133811754481344 drain_beg 0 0
1615434876767285 133811754481344 drain_end 1 0
1615434876768765 133811754481344 subm_beg 1 0
1615434876782615 133811746088640 emit_beg 57 0
1615434878640176 133811754481344 subm_end 1 0
1615434878640826 133811754481344 pump_beg 1 0
1615434884183033 133811746088640 emit_end 57 0
1615434893989043 133811754481344 pump_end 1 2
1615434893990553 133811754481344 join_beg 1 0
1615434893991883 133811754481344 join_end 0 0
1615434895794947 133811754481344 coll_beg 0 0
1615434904054113 133811754481344 coll_end 0 0
1615434907183389 133811754481344 drain_beg 0 0
1615434907187648 133811754481344 drain_end 1 0
1615434907188968 133811754481344 subm_beg 1 0
1615434907198838 133811746088640 emit_beg 58 0
1615434910773077 133811754481344 subm_end 1 0
1615434910775557 133811754481344 pump_beg 1 0
1615434916356382 133811746088640 emit_end 58 0
1615434927170795 133811754481344 pump_end 1 2
1615434927172185 133811754481344 join_beg 1 0
1615434927173195 133811754481344 join_end 0 0
1615434932129443 133811754481344 coll_beg 0 0
1615434940879282 133811754481344 coll_end 0 0
1615434942913867 133811754481344 drain_beg 0 0
1615434942914677 133811754481344 drain_end 1 0
1615434942915307 133811754481344 subm_beg 1 0
1615434942915627 133811746088640 emit_beg 59 0
1615434944689772 133811754481344 subm_end 1 0
1615434944690172 133811754481344 pump_beg 1 0
1615434948504502 133811746088640 emit_end 59 0
1615434959563686 133811754481344 pump_end 1 2
1615434959565456 133811754481344 join_beg 1 0
1615434959566086 133811754481344 join_end 0 0
1615434961384759 133811754481344 coll_beg 0 0
1615434968864544 133811754481344 coll_end 0 0
1615434970701877 133811746088640 emit_beg 60 0
1615434972450323 133811754481344 drain_beg 0 0
1615434972452193 133811754481344 drain_end 1 0
1615434972453053 133811754481344 subm_beg 1 0
1615434977747578 133811754481344 subm_end 1 0
1615434977748428 133811754481344 pump_beg 1 0
1615434979865151 133811746088640 emit_end 60 0
1615434992967340 133811754481344 pump_end 1 2
1615434992969000 133811754481344 join_beg 1 0
1615434992970040 133811754481344 join_end 0 0
1615434995652141 133811754481344 coll_beg 0 0
1615435002340906 133811754481344 coll_end 0 0
1615435005315206 133811754481344 drain_beg 0 0
1615435005316006 133811754481344 drain_end 1 0
1615435005316466 133811754481344 subm_beg 1 0
1615435005321406 133811746088640 emit_beg 61 0
1615435008848217 133811754481344 subm_end 1 0
1615435008848527 133811754481344 pump_beg 1 0
1615435014229389 133811746088640 emit_end 61 0
1615435025393569 133811754481344 pump_end 1 2
1615435025400879 133811754481344 join_beg 1 0
1615435025402919 133811754481344 join_end 0 0
1615435027398856 133811754481344 coll_beg 0 0
1615435035344004 133811754481344 coll_end 0 0
1615435038769528 133811754481344 drain_beg 0 0
1615435038770318 133811754481344 drain_end 1 0
1615435038771048 133811754481344 subm_beg 1 0
1615435038774898 133811746088640 emit_beg 62 0
1615435040446337 133811754481344 subm_end 1 0
1615435040446787 133811754481344 pump_beg 1 0
1615435044267596 133811746088640 emit_end 62 0
1615435058150687 133811754481344 pump_end 1 2
1615435058152407 133811754481344 join_beg 1 0
1615435058153527 133811754481344 join_end 0 0
1615435061040331 133811754481344 coll_beg 0 0
1615435071637132 133811754481344 coll_end 0 0
1615435073407297 133811754481344 drain_beg 0 0
1615435073408087 133811754481344 drain_end 1 0
1615435073408537 133811754481344 subm_beg 1 0
1615435073420036 133811746088640 emit_beg 63 0
1615435077014124 133811754481344 subm_end 1 0
1615435077014664 133811754481344 pump_beg 1 0
1615435082829911 133811746088640 emit_end 63 0
1615435094749953 133811754481344 pump_end 1 2
1615435094751193 133811754481344 join_beg 1 0
1615435094752233 133811754481344 join_end 0 0
1615435096657613 133811754481344 coll_beg 0 0
1615435112056768 133811754481344 coll_end 0 0
1615435113892491 133811754481344 drain_beg 0 0
1615435113894441 133811754481344 drain_end 1 0
1615435113895861 133811754481344 subm_beg 1 0
1615435113913540 133811746088640 emit_beg 64 0
1615435115748343 133811754481344 subm_end 1 0
1615435115749972 133811754481344 pump_beg 1 0
1615435124903686 133811746088640 emit_end 64 0
1615435132411751 133811754481344 pump_end 1 2
1615435132414931 133811754481344 join_beg 1 0
1615435132416641 133811754481344 join_end 0 0
1615435134190606 133811754481344 coll_beg 0 0
1615435142960664 133811754481344 coll_end 0 0
1615435145467491 133811746088640 emit_beg 65 0
1615435147264395 133811754481344 drain_beg 0 0
1615435147266205 133811754481344 drain_end 1 0
1615435147266915 133811754481344 subm_beg 1 0
1615435152472704 133811754481344 subm_end 1 0
1615435152473024 133811754481344 pump_beg 1 0
1615435154554188 133811746088640 emit_end 65 0
1615435168148349 133811754481344 pump_end 1 2
1615435168151929 133811754481344 join_beg 1 0
1615435168152829 133811754481344 join_end 0 0
1615435170629268 133811754481344 coll_beg 0 0
1615435178212969 133811754481344 coll_end 0 0
1615435180101510 133811754481344 drain_beg 0 0
1615435180102300 133811754481344 drain_end 1 0
1615435180103060 133811754481344 subm_beg 1 0
1615435180109100 133811746088640 emit_beg 66 0
1615435183539964 133811754481344 subm_end 1 0
1615435183540554 133811754481344 pump_beg 1 0
1615435189086970 133811746088640 emit_end 66 0
1615435199581105 133811754481344 pump_end 1 2
1615435199588225 133811754481344 join_beg 1 0
1615435199588855 133811754481344 join_end 0 0
1615435201448726 133811754481344 coll_beg 0 0
1615435209411254 133811754481344 coll_end 0 0
1615435212698344 133811754481344 drain_beg 0 0
1615435212698724 133811754481344 drain_end 1 0
1615435212699104 133811754481344 subm_beg 1 0
1615435212725283 133811746088640 emit_beg 67 0
1615435216129018 133811754481344 subm_end 1 0
1615435216129548 133811754481344 pump_beg 1 0
1615435221638055 133811746088640 emit_end 67 0
1615435232271705 133811754481344 pump_end 1 2
1615435232272975 133811754481344 join_beg 1 0
1615435232273725 133811754481344 join_end 0 0
1615435234156606 133811754481344 coll_beg 0 0
1615435241538895 133811754481344 coll_end 0 0
1615435243407066 133811746088640 emit_beg 68 0
1615435245103764 133811754481344 drain_beg 0 0
1615435245104564 133811754481344 drain_end 1 0
1615435245105074 133811754481344 subm_beg 1 0
1615435250245575 133811754481344 subm_end 1 0
1615435250246255 133811754481344 pump_beg 1 0
1615435252297740 133811746088640 emit_end 68 0
1615435266890614 133811754481344 pump_end 1 2
1615435266895564 133811754481344 join_beg 1 0
1615435266898224 133811754481344 join_end 0 0
1615435270474263 133811754481344 coll_beg 0 0
1615435280175927 133811754481344 coll_end 0 0
1615435282018329 133811754481344 drain_beg 0 0
1615435282027259 133811746088640 emit_beg 69 0
1615435282052318 133811754481344 drain_end 1 0
1615435282056647 133811754481344 subm_beg 1 0
1615435285514520 133811754481344 subm_end 1 0
1615435285516670 133811754481344 pump_beg 1 0
1615435291327077 133811746088640 emit_end 69 0
1615435302052033 133811754481344 pump_end 1 2
1615435302056303 133811754481344 join_beg 1 0
1615435302057623 133811754481344 join_end 0 0
1615435303961903 133811754481344 coll_beg 0 0
1615435311853814 133811754481344 coll_end 0 0
1615435315066146 133811754481344 drain_beg 0 0
1615435315066976 133811754481344 drain_end 1 0
1615435315067696 133811754481344 subm_beg 1 0
1615435315072116 133811746088640 emit_beg 70 0
1615435318511759 133811754481344 subm_end 1 0
1615435318512209 133811754481344 pump_beg 1 0
1615435324164152 133811746088640 emit_end 70 0
1615435334335728 133811754481344 pump_end 1 2
1615435334336818 133811754481344 join_beg 1 0
1615435334337398 133811754481344 join_end 0 0
1615435336162931 133811754481344 coll_beg 0 0
1615435342800298 133811754481344 coll_end 0 0
1615435344723537 133811746088640 emit_beg 71 0
1615435346443304 133811754481344 drain_beg 0 0
1615435346444814 133811754481344 drain_end 1 0
1615435346445324 133811754481344 subm_beg 1 0
1615435351591925 133811754481344 subm_end 1 0
1615435351592395 133811754481344 pump_beg 1 0
1615435353675858 133811746088640 emit_end 71 0
1615435368369119 133811754481344 pump_end 1 2
1615435368370289 133811754481344 join_beg 1 0
1615435368370929 133811754481344 join_end 0 0
1615435371670478 133811754481344 coll_beg 0 0
1615435380411387 133811754481344 coll_end 0 0
1615435382225770 133811754481344 drain_beg 0 0
1615435382227060 133811754481344 drain_end 1 0
1615435382227930 133811754481344 subm_beg 1 0
1615435382228860 133811746088640 emit_beg 72 0
1615435384033944 133811754481344 subm_end 1 0
1615435384034644 133811754481344 pump_beg 1 0
1615435389663777 133811746088640 emit_end 72 0
1615435400887975 133811754481344 pump_end 1 2
1615435400896035 133811754481344 join_beg 1 0
1615435400898015 133811754481344 join_end 0 0
1615435402750237 133811754481344 coll_beg 0 0
1615435413464614 133811754481344 coll_end 0 0
1615435415437991 133811746088640 emit_beg 73 0
1615435415439521 133811754481344 drain_beg 0 0
1615435415441681 133811754481344 drain_end 1 0
1615435415443001 133811754481344 subm_beg 1 0
1615435420572643 133811754481344 subm_end 1 0
1615435420573153 133811754481344 pump_beg 1 0
1615435424479819 133811746088640 emit_end 73 0
1615435437673885 133811754481344 pump_end 1 2
1615435437677875 133811754481344 join_beg 1 0
1615435437679475 133811754481344 join_end 0 0
1615435441028732 133811754481344 coll_beg 0 0
1615435449890016 133811754481344 coll_end 0 0
1615435452551049 133811754481344 drain_beg 0 0
1615435452558919 133811754481344 drain_end 1 0
1615435452559668 133811754481344 subm_beg 1 0
1615435452553349 133811746088640 emit_beg 74 0
1615435454378222 133811754481344 subm_end 1 0
1615435454378672 133811754481344 pump_beg 1 0
1615435458337026 133811746088640 emit_end 74 0
1615435471211714 133811754481344 pump_end 1 2
1615435471212984 133811754481344 join_beg 1 0
1615435471213974 133811754481344 join_end 0 0
1615435473098925 133811754481344 coll_beg 0 0
1615435481015184 133811754481344 coll_end 0 0
1615435483738934 133811746088640 emit_beg 75 0
1615435491528028 133811746088640 emit_end 75 0
1615435513113566 133811754481344 drain_beg 0 0
1615435513115726 133811754481344 drain_end 1 0
1615435513116476 133811754481344 subm_beg 1 0
1615435516878377 133811754481344 subm_end 1 0
1615435516878837 133811754481344 pump_beg 1 0
1615435533492268 133811754481344 pump_end 1 2
1615435533493948 133811754481344 join_beg 1 0
1615435533494878 133811754481344 join_end 0 0
1615435535632039 133811754481344 coll_beg 0 0
1615435543414673 133811754481344 coll_end 0 0
1615435545583784 133811754481344 drain_beg 0 0
1615435545584704 133811754481344 drain_end 1 0
1615435545585804 133811754481344 subm_beg 1 0
1615435545602503 133811746088640 emit_beg 76 0
1615435547683537 133811754481344 subm_end 1 0
1615435547683987 133811754481344 pump_beg 1 0
1615435555435062 133811746088640 emit_end 76 0
1615435564836737 133811754481344 pump_end 1 2
1615435564838537 133811754481344 join_beg 1 0
1615435564839897 133811754481344 join_end 0 0
1615435566762396 133811754481344 coll_beg 0 0
1615435575299803 133811754481344 coll_end 0 0
1615435577873698 133811754481344 drain_beg 0 0
1615435577874858 133811754481344 drain_end 1 0
1615435577875548 133811754481344 subm_beg 1 0
1615435577892758 133811746088640 emit_beg 77 0
1615435581460977 133811754481344 subm_end 1 0
1615435581461437 133811754481344 pump_beg 1 0
1615435587360110 133811746088640 emit_end 77 0
1615435596907810 133811754481344 pump_end 1 2
1615435596908540 133811754481344 join_beg 1 0
1615435596909170 133811754481344 join_end 0 0
1615435598795590 133811754481344 coll_beg 0 0
1615435605806743 133811754481344 coll_end 0 0
1615435608505344 133811746088640 emit_beg 78 0
1615435616023968 133811746088640 emit_end 78 0
1615435635015881 133811754481344 drain_beg 0 0
1615435635019081 133811754481344 drain_end 1 0
1615435635020261 133811754481344 subm_beg 1 0
1615435638701545 133811754481344 subm_end 1 0
1615435638702105 133811754481344 pump_beg 1 0
1615435654932380 133811754481344 pump_end 1 2
1615435654933300 133811754481344 join_beg 1 0
1615435654934180 133811754481344 join_end 0 0
1615435665661006 133811754481344 coll_beg 0 0
1615435672695737 133811754481344 coll_end 0 0
1615435674853388 133811754481344 drain_beg 0 0
1615435674856188 133811754481344 drain_end 1 0
1615435674857588 133811746088640 emit_beg 79 0
1615435674857878 133811754481344 subm_beg 1 0
1615435680495421 133811754481344 subm_end 1 0
1615435680495931 133811754481344 pump_beg 1 0
1615435682677121 133811746088640 emit_end 79 0
1615435699071379 133811754481344 pump_end 1 2
1615435699081499 133811754481344 join_beg 1 0
1615435699084099 133811754481344 join_end 0 0
1615435702810362 133811754481344 coll_beg 0 0
1615435711129717 133811754481344 coll_end 0 0
1615435713109354 133811754481344 drain_beg 0 0
1615435713110214 133811754481344 drain_end 1 0
1615435713110904 133811754481344 subm_beg 1 0
1615435713111434 133811746088640 emit_beg 80 0
1615435714932787 133811754481344 subm_end 1 0
1615435714933247 133811754481344 pump_beg 1 0
1615435718839204 133811746088640 emit_end 80 0
1615435732682345 133811754481344 pump_end 1 2
1615435732683375 133811754481344 join_beg 1 0
1615435732683975 133811754481344 join_end 0 0
1615435734594245 133811754481344 coll_beg 0 0
1615435743576666 133811754481344 coll_end 0 0
1615435746892934 133811754481344 drain_beg 0 0
1615435746893474 133811754481344 drain_end 1 0
1615435746893894 133811754481344 subm_beg 1 0
1615435746918303 133811746088640 emit_beg 81 0
1615435750569719 133811754481344 subm_end 1 0
1615435750577429 133811754481344 pump_beg 1 0
1615435756591658 133811746088640 emit_end 81 0
1615435767151730 133811754481344 pump_end 1 2
1615435767155760 133811754481344 join_beg 1 0
1615435767157650 133811754481344 join_end 0 0
1615435769183526 133811754481344 coll_beg 0 0
1615435777691913 133811754481344 coll_end 0 0
1615435781175895 133811746088640 emit_beg 82 0
1615435781176355 133811754481344 drain_beg 0 0
1615435781191935 133811754481344 drain_end 1 0
1615435781193465 133811754481344 subm_beg 1 0
1615435786593036 133811754481344 subm_end 1 0
1615435786593696 133811754481344 pump_beg 1 0
1615435790613189 133811746088640 emit_end 82 0
1615435803148269 133811754481344 pump_end 1 2
1615435803150049 133811754481344 join_beg 1 0
1615435803151059 133811754481344 join_end 0 0
1615435806096231 133811754481344 coll_beg 0 0
1615435816927613 133811754481344 coll_end 0 0
1615435818962198 133811754481344 drain_beg 0 0
1615435818964688 133811754481344 drain_end 1 0
1615435818966298 133811754481344 subm_beg 1 0
1615435818970408 133811746088640 emit_beg 83 0
1615435820902697 133811754481344 subm_end 1 0
1615435820904257 133811754481344 pump_beg 1 0
1615435824920770 133811746088640 emit_end 83 0
1615435837825436 133811754481344 pump_end 1 2
1615435837826066 133811754481344 join_beg 1 0
1615435837827076 133811754481344 join_end 0 0
1615435839667638 133811754481344 coll_beg 0 0
1615435847853008 133811754481344 coll_end 0 0
1615435851325430 133811754481344 drain_beg 0 0
1615435851325900 133811754481344 drain_end 1 0
1615435851326280 133811754481344 subm_beg 1 0
1615435851350319 133811746088640 emit_beg 84 0
1615435854897919 133811754481344 subm_end 1 0
1615435854898469 133811754481344 pump_beg 1 0
1615435860589620 133811746088640 emit_end 84 0
1615435872065179 133811754481344 pump_end 1 2
1615435872065839 133811754481344 join_beg 1 0
1615435872066299 133811754481344 join_end 0 0
1615435873856633 133811754481344 coll_beg 0 0
1615435882686529 133811754481344 coll_end 0 0
1615435884593089 133811746088640 emit_beg 85 0
1615435886351784 133811754481344 drain_beg 0 0
1615435886354254 133811754481344 drain_end 1 0
1615435886355394 133811754481344 subm_beg 1 0
1615435891766806 133811754481344 subm_end 1 0
1615435891767526 133811754481344 pump_beg 1 0
1615435893915197 133811746088640 emit_end 85 0
1615435908411945 133811754481344 pump_end 1 2
1615435908415014 133811754481344 join_beg 1 0
1615435908416274 133811754481344 join_end 0 0
1615435910310105 133811754481344 coll_beg 0 0
1615435917829759 133811754481344 coll_end 0 0
1615435920033928 133811754481344 drain_beg 0 0
1615435920034468 133811754481344 drain_end 1 0
1615435920035128 133811754481344 subm_beg 1 0
1615435920059507 133811746088640 emit_beg 86 0
1615435923562938 133811754481344 subm_end 1 0
1615435923563368 133811754481344 pump_beg 1 0
1615435928967100 133811746088640 emit_end 86 0
1615435939735205 133811754481344 pump_end 1 2
1615435939739335 133811754481344 join_beg 1 0
1615435939741115 133811754481344 join_end 0 0
1615435941552318 133811754481344 coll_beg 0 0
1615435950326286 133811754481344 coll_end 0 0
1615435953742631 133811754481344 drain_beg 0 0
1615435953744000 133811754481344 drain_end 1 0
1615435953744930 133811754481344 subm_beg 1 0
1615435953757950 133811746088640 emit_beg 87 0
1615435957151906 133811754481344 subm_end 1 0
1615435957152555 133811754481344 pump_beg 1 0
1615435962528618 133811746088640 emit_end 87 0
1615435973628081 133811754481344 pump_end 1 2
1615435973632790 133811754481344 join_beg 1 0
1615435973634470 133811754481344 join_end 0 0
1615435975499632 133811754481344 coll_beg 0 0
1615435983772238 133811754481344 coll_end 0 0
1615435986718960 133811754481344 drain_beg 0 0
1615435986719430 133811754481344 drain_end 1 0
1615435986719770 133811754481344 subm_beg 1 0
1615435986723020 133811746088640 emit_beg 88 0
1615435990137915 133811754481344 subm_end 1 0
1615435990138604 133811754481344 pump_beg 1 0
1615435995507597 133811746088640 emit_end 88 0
1615436006891960 133811754481344 pump_end 1 2
1615436006897609 133811754481344 join_beg 1 0
1615436006909679 133811754481344 join_end 0 0
1615436008822069 133811754481344 coll_beg 0 0
1615436016967440 133811754481344 coll_end 0 0
1615436020049157 133811754481344 drain_beg 0 0
1615436020050107 133811754481344 drain_end 1 0
1615436020050887 133811754481344 subm_beg 1 0
1615436020050957 133811746088640 emit_beg 89 0
1615436023584677 133811754481344 subm_end 1 0
1615436023585127 133811754481344 pump_beg 1 0
1615436028882612 133811746088640 emit_end 89 0
1615436039641527 133811754481344 pump_end 1 2
1615436039643117 133811754481344 join_beg 1 0
1615436039643847 133811754481344 join_end 0 0
1615436041381584 133811754481344 coll_beg 0 0
1615436049022653 133811754481344 coll_end 0 0
1615436052337611 133811754481344 drain_beg 0 0
1615436052338651 133811754481344 drain_end 1 0
1615436052339741 133811754481344 subm_beg 1 0
1615436052339991 133811746088640 emit_beg 90 0
1615436055667719 133811754481344 subm_end 1 0
1615436055668249 133811754481344 pump_beg 1 0
1615436061003833 133811746088640 emit_end 90 0
1615436072193192 133811754481344 pump_end 1 2
1615436072197462 133811754481344 join_beg 1 0
1615436072199162 133811754481344 join_end 0 0
1615436074020685 133811754481344 coll_beg 0 0
1615436087287698 133811754481344 coll_end 0 0
1615436089092072 133811746088640 emit_beg 91 0
1615436089092992 133811754481344 drain_beg 0 0
1615436089095292 133811754481344 drain_end 1 0
1615436089096762 133811754481344 subm_beg 1 0
1615436092597773 133811754481344 subm_end 1 0
1615436092598563 133811754481344 pump_beg 1 0
1615436096548428 133811746088640 emit_end 91 0
1615436109232233 133811754481344 pump_end 1 2
1615436109236033 133811754481344 join_beg 1 0
1615436109237843 133811754481344 join_end 0 0
1615436111170602 133811754481344 coll_beg 0 0
1615436119655970 133811754481344 coll_end 0 0
1615436122551284 133811754481344 drain_beg 0 0
1615436122553304 133811754481344 drain_end 1 0
1615436122554424 133811754481344 subm_beg 1 0
1615436122560514 133811746088640 emit_beg 92 0
1615436126230809 133811754481344 subm_end 1 0
1615436126231299 133811754481344 pump_beg 1 0
1615436131788385 133811746088640 emit_end 92 0
1615436143895100 133811754481344 pump_end 1 2
1615436143895900 133811754481344 join_beg 1 0
1615436143896600 133811754481344 join_end 0 0
1615436146227195 133811754481344 coll_beg 0 0
1615436155610790 133811754481344 coll_end 0 0
1615436157469452 133811754481344 drain_beg 0 0
1615436157470472 133811754481344 drain_end 1 0
1615436157471262 133811754481344 subm_beg 1 0
1615436157471252 133811746088640 emit_beg 93 0
1615436159179559 133811754481344 subm_end 1 0
1615436159179989 133811754481344 pump_beg 1 0
1615436166248090 133811746088640 emit_end 93 0
1615436175894776 133811754481344 pump_end 1 2
1615436175899235 133811754481344 join_beg 1 0
1615436175900685 133811754481344 join_end 0 0
1615436178744861 133811754481344 coll_beg 0 0
1615436187065616 133811754481344 coll_end 0 0
1615436190225940 133811754481344 drain_beg 0 0
1615436190226639 133811754481344 drain_end 1 0
1615436190227129 133811754481344 subm_beg 1 0
1615436190233309 133811746088640 emit_beg 94 0
1615436193603935 133811754481344 subm_end 1 0
1615436193604375 133811754481344 pump_beg 1 0
1615436198899291 133811746088640 emit_end 94 0
1615436209778922 133811754481344 pump_end 1 2
1615436209782602 133811754481344 join_beg 1 0
1615436209783392 133811754481344 join_end 0 0
1615436211577676 133811754481344 coll_beg 0 0
1615436219484886 133811754481344 coll_end 0 0
1615436222554943 133811754481344 drain_beg 0 0
1615436222555993 133811754481344 drain_end 1 0
1615436222557213 133811754481344 subm_beg 1 0
1615436222574852 133811746088640 emit_beg 95 0
1615436225891440 133811754481344 subm_end 1 0
1615436225892020 133811754481344 pump_beg 1 0
1615436231286032 133811746088640 emit_end 95 0
1615436242029908 133811754481344 pump_end 1 2
1615436242035198 133811754481344 join_beg 1 0
1615436242037428 133811754481344 join_end 0 0
1615436243925648 133811754481344 coll_beg 0 0
1615436255125767 133811754481344 coll_end 0 0
1615436256932481 133811754481344 drain_beg 0 0
1615436256933441 133811754481344 drain_end 1 0
1615436256946970 133811754481344 subm_beg 1 0
1615436256951020 133811746088640 emit_beg 96 0
1615436262110671 133811754481344 subm_end 1 0
1615436262111141 133811754481344 pump_beg 1 0
1615436265782756 133811746088640 emit_end 96 0
1615436277364501 133811754481344 pump_end 1 2
1615436277365541 133811754481344 join_beg 1 0
1615436277366341 133811754481344 join_end 0 0
1615436279182664 133811754481344 coll_beg 0 0
1615436285789442 133811754481344 coll_end 0 0
1615436288416295 133811754481344 drain_beg 0 0
1615436288417165 133811754481344 drain_end 1 0
1615436288417905 133811754481344 subm_beg 1 0
1615436288419205 133811746088640 emit_beg 97 0
1615436290158131 133811754481344 subm_end 1 0
1615436290158561 133811754481344 pump_beg 1 0
1615436293768839 133811746088640 emit_end 97 0
1615436305652412 133811754481344 pump_end 1 2
1615436305653102 133811754481344 join_beg 1 0
1615436305653622 133811754481344 join_end 0 0
1615436307396448 133811754481344 coll_beg 0 0
1615436315071477 133811754481344 coll_end 0 0
1615436320347533 133811754481344 drain_beg 0 0
1615436320348423 133811754481344 drain_end 1 0
1615436320348833 133811754481344 subm_beg 1 0
1615436320370462 133811746088640 emit_beg 98 0
1615436323895263 133811754481344 subm_end 1 0
1615436323895903 133811754481344 pump_beg 1 0
1615436329503157 133811746088640 emit_end 98 0
1615436340031980 133811754481344 pump_end 1 2
1615436340034260 133811754481344 join_beg 1 0
1615436340035340 133811754481344 join_end 0 0
1615436342060496 133811754481344 coll_beg 0 0
1615436349158155 133811754481344 coll_end 0 0
1615436351964212 133811754481344 drain_beg 0 0
1615436351964822 133811754481344 drain_end 1 0
1615436351965742 133811754481344 subm_beg 1 0
1615436351972802 133811746088640 emit_beg 99 0
1615436355489413 133811754481344 subm_end 1 0
1615436355489913 133811754481344 pump_beg 1 0
1615436361017550 133811746088640 emit_end 99 0
1615436371244395 133811754481344 pump_end 1 2
1615436371246814 133811754481344 join_beg 1 0
1615436371248184 133811754481344 join_end 0 0
1615436373088787 133811754481344 coll_beg 0 0
1615436380049191 133811754481344 coll_end 0 0
1615436382392775 133811746088640 emit_beg 100 0
1615436384141041 133811754481344 drain_beg 0 0
1615436384142751 133811754481344 drain_end 1 0
1615436384143831 133811754481344 subm_beg 1 0
1615436389383129 133811754481344 subm_end 1 0
1615436389383539 133811754481344 pump_beg 1 0
1615436391530640 133811746088640 emit_end 100 0
1615436405452439 133811754481344 pump_end 1 2
1615436405454199 133811754481344 join_beg 1 0
1615436405455009 133811754481344 join_end 0 0
1615436407795483 133811754481344 coll_beg 0 0
1615436415362325 133811754481344 coll_end 0 0
1615436417502206 133811754481344 drain_beg 0 0
1615436417502796 133811754481344 drain_end 1 0
1615436417503226 133811754481344 subm_beg 1 0
1615436417512466 133811746088640 emit_beg 101 0
1615436421026347 133811754481344 subm_end 1 0
1615436421026857 133811754481344 pump_beg 1 0
1615436426714478 133811746088640 emit_end 101 0
1615436437054869 133811754481344 pump_end 1 2
1615436437055639 133811754481344 join_beg 1 0
1615436437056049 133811754481344 join_end 0 0
1615436438896281 133811754481344 coll_beg 0 0
1615436446361277 133811754481344 coll_end 0 0
1615436448195670 133811746088640 emit_beg 102 0
1615436449981514 133811754481344 drain_beg 0 0
1615436449986214 133811754481344 drain_end 1 0
1615436449987844 133811754481344 subm_beg 1 0
1615436455271020 133811754481344 subm_end 1 0
1615436455271760 133811754481344 pump_beg 1 0
1615436457498698 133811746088640 emit_end 102 0
1615436471956018 133811754481344 pump_end 1 2
1615436471958047 133811754481344 join_beg 1 0
1615436471958937 133811754481344 join_end 0 0
1615436473980583 133811754481344 coll_beg 0 0
1615436484112611 133811754481344 coll_end 0 0
1615436485913875 133811754481344 drain_beg 0 0
1615436485914795 133811754481344 drain_end 1 0
1615436485915445 133811754481344 subm_beg 1 0
1615436485921405 133811746088640 emit_beg 103 0
1615436487753398 133811754481344 subm_end 1 0
1615436487753858 133811754481344 pump_beg 1 0
1615436491667634 133811746088640 emit_end 103 0
1615436503398793 133811754481344 pump_end 1 2
1615436503399953 133811754481344 join_beg 1 0
1615436503400523 133811754481344 join_end 0 0
1615436505249155 133811754481344 coll_beg 0 0
1615436513163225 133811754481344 coll_end 0 0
1615436515299866 133811746088640 emit_beg 104 0
1615436517073711 133811754481344 drain_beg 0 0
1615436517074241 133811754481344 drain_end 1 0
1615436517074481 133811754481344 subm_beg 1 0
1615436522388076 133811754481344 subm_end 1 0
1615436522388576 133811754481344 pump_beg 1 0
1615436524663663 133811746088640 emit_end 104 0
1615436540361907 133811754481344 pump_end 1 2
1615436540364376 133811754481344 join_beg 1 0
1615436540365746 133811754481344 join_end 0 0
1615436542231288 133811754481344 coll_beg 0 0
1615436552936565 133811754481344 coll_end 0 0
1615436554748548 133811754481344 drain_beg 0 0
1615436554749268 133811754481344 drain_end 1 0
1615436554749898 133811754481344 subm_beg 1 0
1615436554769417 133811746088640 emit_beg 105 0
1615436558311987 133811754481344 subm_end 1 0
1615436558312427 133811754481344 pump_beg 1 0
1615436564368845 133811746088640 emit_end 105 0
1615436575039183 133811754481344 pump_end 1 2
1615436575042453 133811754481344 join_beg 1 0
1615436575044093 133811754481344 join_end 0 0
1615436576996342 133811754481344 coll_beg 0 0
1615436586641158 133811754481344 coll_end 0 0
1615436588481580 133811746088640 emit_beg 106 0
1615436590280714 133811754481344 drain_beg 0 0
1615436590285454 133811754481344 drain_end 1 0
1615436590286944 133811754481344 subm_beg 1 0
1615436595674786 133811754481344 subm_end 1 0
1615436595677356 133811754481344 pump_beg 1 0
1615436598700415 133811746088640 emit_end 106 0
1615436612791968 133811754481344 pump_end 1 2
1615436612796627 133811754481344 join_beg 1 0
1615436612797927 133811754481344 join_end 0 0
1615436617982097 133811754481344 coll_beg 0 0
1615436627238697 133811754481344 coll_end 0 0
1615436629141797 133811754481344 drain_beg 0 0
1615436629143787 133811754481344 drain_end 1 0
1615436629145037 133811754481344 subm_beg 1 0
1615436629161757 133811746088640 emit_beg 107 0
1615436630978100 133811754481344 subm_end 1 0
1615436630978620 133811754481344 pump_beg 1 0
1615436636959140 133811746088640 emit_end 107 0
1615436646881116 133811754481344 pump_end 1 2
1615436646882416 133811754481344 join_beg 1 0
1615436646882956 133811754481344 join_end 0 0
1615436648783216 133811754481344 coll_beg 0 0
1615436656489573 133811754481344 coll_end 0 0
1615436658289687 133811746088640 emit_beg 108 0
1615436660031594 133811754481344 drain_beg 0 0
1615436660032174 133811754481344 drain_end 1 0
1615436660032424 133811754481344 subm_beg 1 0
1615436665379627 133811754481344 subm_end 1 0
1615436665379947 133811754481344 pump_beg 1 0
1615436667684543 133811746088640 emit_end 108 0
1615436681309012 133811754481344 pump_end 1 2
1615436681311522 133811754481344 join_beg 1 0
1615436681312662 133811754481344 join_end 0 0
1615436684039442 133811754481344 coll_beg 0 0
1615436691583495 133811754481344 coll_end 0 0
1615436693753796 133811754481344 drain_beg 0 0
1615436693754186 133811754481344 drain_end 1 0
1615436693754686 133811754481344 subm_beg 1 0
1615436693779395 133811746088640 emit_beg 109 0
1615436697313575 133811754481344 subm_end 1 0
1615436697314005 133811754481344 pump_beg 1 0
1615436702930309 133811746088640 emit_end 109 0
1615436712989269 133811754481344 pump_end 1 2
1615436712993909 133811754481344 join_beg 1 0
1615436712995039 133811754481344 join_end 0 0
1615436714878170 133811754481344 coll_beg 0 0
1615436724707279 133811754481344 coll_end 0 0
1615436728215671 133811754481344 drain_beg 0 0
1615436728217860 133811754481344 drain_end 1 0
1615436728219090 133811754481344 subm_beg 1 0
1615436728232130 133811746088640 emit_beg 110 0
1615436731643205 133811754481344 subm_end 1 0
1615436731643705 133811754481344 pump_beg 1 0
1615436737326536 133811746088640 emit_end 110 0
1615436746683353 133811754481344 pump_end 1 2
1615436746684913 133811754481344 join_beg 1 0
1615436746686163 133811754481344 join_end 0 0
1615436748419489 133811754481344 coll_beg 0 0
1615436755116603 133811754481344 coll_end 0 0
1615436757514965 133811746088640 emit_beg 111 0
1615436759320699 133811754481344 drain_beg 0 0
1615436759324369 133811754481344 drain_end 1 0
1615436759326168 133811754481344 subm_beg 1 0
1615436764533317 133811754481344 subm_end 1 0
1615436764535157 133811754481344 pump_beg 1 0
1615436766662149 133811746088640 emit_end 111 0
1615436780548900 133811754481344 pump_end 1 2
1615436780549849 133811754481344 join_beg 1 0
1615436780550469 133811754481344 join_end 0 0
1615436783632246 133811754481344 coll_beg 0 0
1615436790773874 133811754481344 coll_end 0 0
1615436792563608 133811754481344 drain_beg 0 0
1615436792564208 133811754481344 drain_end 1 0
1615436792564688 133811754481344 subm_beg 1 0
1615436792567878 133811746088640 emit_beg 112 0
1615436794255506 133811754481344 subm_end 1 0
1615436794255996 133811754481344 pump_beg 1 0
1615436797902652 133811746088640 emit_end 112 0
1615436810377564 133811754481344 pump_end 1 2
1615436810378454 133811754481344 join_beg 1 0
1615436810379274 133811754481344 join_end 0 0
1615436812159269 133811754481344 coll_beg 0 0
1615436819075125 133811754481344 coll_end 0 0
1615436821187668 133811746088640 emit_beg 113 0
1615436822925044 133811754481344 drain_beg 0 0
1615436822928434 133811754481344 drain_end 1 0
1615436822929964 133811754481344 subm_beg 1 0
1615436828084984 133811754481344 subm_end 1 0
1615436828086894 133811754481344 pump_beg 1 0
1615436830160918 133811746088640 emit_end 113 0
1615436843878875 133811754481344 pump_end 1 2
1615436843880185 133811754481344 join_beg 1 0
1615436843880895 133811754481344 join_end 0 0
1615436847218392 133811754481344 coll_beg 0 0
1615436854415928 133811754481344 coll_end 0 0
1615436856131565 133811754481344 drain_beg 0 0
1615436856132305 133811754481344 drain_end 1 0
1615436856132965 133811754481344 subm_beg 1 0
1615436856134085 133811746088640 emit_beg 114 0
1615436857803993 133811754481344 subm_end 1 0
1615436857804423 133811754481344 pump_beg 1 0
1615436863328581 133811746088640 emit_end 114 0
1615436873404471 133811754481344 pump_end 1 2
1615436873405771 133811754481344 join_beg 1 0
1615436873406931 133811754481344 join_end 0 0
1615436875158176 133811754481344 coll_beg 0 0
1615436885328273 133811754481344 coll_end 0 0
1615436887342339 133811754481344 drain_beg 0 0
1615436887343569 133811754481344 drain_end 1 0
1615436887344559 133811754481344 subm_beg 1 0
1615436887360119 133811746088640 emit_beg 115 0
1615436890757134 133811754481344 subm_end 1 0
1615436890757594 133811754481344 pump_beg 1 0
1615436896248042 133811746088640 emit_end 115 0
1615436906502296 133811754481344 pump_end 1 2
1615436906503986 133811754481344 join_beg 1 0
1615436906505016 133811754481344 join_end 0 0
1615436908392626 133811754481344 coll_beg 0 0
1615436915345751 133811754481344 coll_end 0 0
1615436917169394 133811746088640 emit_beg 116 0
1615436918841963 133811754481344 drain_beg 0 0
1615436918843913 133811754481344 drain_end 1 0
1615436918844833 133811754481344 subm_beg 1 0
1615436923954095 133811754481344 subm_end 1 0
1615436923954585 133811754481344 pump_beg 1 0
1615436925984431 133811746088640 emit_end 116 0
1615436941028129 133811754481344 pump_end 1 2
1615436941035598 133811754481344 join_beg 1 0
1615436941038228 133811754481344 join_end 0 0
1615436942897400 133811754481344 coll_beg 0 0
1615436952530136 133811754481344 coll_end 0 0
1615436954447826 133811746088640 emit_beg 117 0
1615436954453606 133811754481344 drain_beg 0 0
1615436954458135 133811754481344 drain_end 1 0
1615436954459995 133811754481344 subm_beg 1 0
1615436958051083 133811746088640 emit_end 117 0
1615436959535779 133811754481344 subm_end 1 0
1615436959536669 133811754481344 pump_beg 1 0
1615436977274568 133811754481344 pump_end 1 2
1615436977276448 133811754481344 join_beg 1 0
1615436977277148 133811754481344 join_end 0 0
1615436979115470 133811754481344 coll_beg 0 0
1615436987921857 133811754481344 coll_end 0 0
1615436990754123 133811754481344 drain_beg 0 0
1615436990755173 133811754481344 drain_end 1 0
1615436990767113 133811754481344 subm_beg 1 0
1615436990755983 133811746088640 emit_beg 118 0
1615436994352721 133811754481344 subm_end 1 0
1615436994353221 133811754481344 pump_beg 1 0
1615436999946755 133811746088640 emit_end 118 0
1615437011847679 133811754481344 pump_end 1 2
1615437011850599 133811754481344 join_beg 1 0
1615437011852199 133811754481344 join_end 0 0
1615437013626293 133811754481344 coll_beg 0 0
1615437024589841 133811754481344 coll_end 0 0
1615437027862231 133811754481344 drain_beg 0 0
1615437027862971 133811754481344 drain_end 1 0
1615437027863831 133811754481344 subm_beg 1 0
1615437027881760 133811746088640 emit_beg 119 0
1615437031384122 133811754481344 subm_end 1 0
1615437031384662 133811754481344 pump_beg 1 0
1615437035141824 133811746088640 emit_end 119 0
1615437047420483 133811754481344 pump_end 1 2
1615437047421923 133811754481344 join_beg 1 0
1615437047422453 133811754481344 join_end 0 0
1615437049272915 133811754481344 coll_beg 0 0
1615437056761210 133811754481344 coll_end 0 0
1615437058649601 133811746088640 emit_beg 120 0
1615437060338599 133811754481344 drain_beg 0 0
1615437060343268 133811754481344 drain_end 1 0
1615437060344698 133811754481344 subm_beg 1 0
1615437065416952 133811754481344 subm_end 1 0
1615437065417792 133811754481344 pump_beg 1 0
1615437067390420 133811746088640 emit_end 120 0
1615437081274600 133811754481344 pump_end 1 2
1615437081277720 133811754481344 join_beg 1 0
1615437081278740 133811754481344 join_end 0 0
1615437083369973 133811754481344 coll_beg 0 0
1615437090568269 133811754481344 coll_end 0 0
1615437093004930 133811754481344 drain_beg 0 0
1615437093006059 133811754481344 drain_end 1 0
1615437093006869 133811754481344 subm_beg 1 0
1615437093027579 133811746088640 emit_beg 121 0
1615437096395845 133811754481344 subm_end 1 0
1615437096396295 133811754481344 pump_beg 1 0
1615437101807756 133811746088640 emit_end 121 0
1615437112235254 133811754481344 pump_end 1 2
1615437112238033 133811754481344 join_beg 1 0
1615437112238973 133811754481344 join_end 0 0
1615437114152403 133811754481344 coll_beg 0 0
1615437122319743 133811754481344 coll_end 0 0
1615437127110918 133811754481344 drain_beg 0 0
1615437127111948 133811754481344 drain_end 1 0
1615437127113017 133811754481344 subm_beg 1 0
1615437127113317 133811746088640 emit_beg 122 0
1615437128939620 133811754481344 subm_end 1 0
1615437128940160 133811754481344 pump_beg 1 0
1615437134723178 133811746088640 emit_end 122 0
1615437144996961 133811754481344 pump_end 1 2
1615437144998191 133811754481344 join_beg 1 0
1615437144998811 133811754481344 join_end 0 0
1615437146812044 133811754481344 coll_beg 0 0
1615437154281410 133811754481344 coll_end 0 0
1615437157444714 133811746088640 emit_beg 123 0
1615437159210809 133811754481344 drain_beg 0 0
1615437159211789 133811754481344 drain_end 1 0
1615437159212369 133811754481344 subm_beg 1 0
1615437164514675 133811754481344 subm_end 1 0
1615437164515125 133811754481344 pump_beg 1 0
1615437166672715 133811746088640 emit_end 123 0
1615437181389085 133811754481344 pump_end 1 2
1615437181398645 133811754481344 join_beg 1 0
1615437181401444 133811754481344 join_end 0 0
1615437183708720 133811754481344 coll_beg 0 0
1615437193259009 133811754481344 coll_end 0 0
1615437195297684 133811754481344 drain_beg 0 0
1615437195299824 133811754481344 drain_end 1 0
1615437195301324 133811754481344 subm_beg 1 0
1615437195316804 133811746088640 emit_beg 124 0
1615437197118798 133811754481344 subm_end 1 0
1615437197119358 133811754481344 pump_beg 1 0
1615437202874646 133811746088640 emit_end 124 0
1615437213391090 133811754481344 pump_end 1 2
1615437213391700 133811754481344 join_beg 1 0
1615437213392590 133811754481344 join_end 0 0
1615437215256522 133811754481344 coll_beg 0 0
1615437223013157 133811754481344 coll_end 0 0
1615437224832010 133811746088640 emit_beg 125 0
1615437226582306 133811754481344 drain_beg 0 0
1615437226582946 133811754481344 drain_end 1 0
1615437226583186 133811754481344 subm_beg 1 0
1615437231979928 133811754481344 subm_end 1 0
1615437231980298 133811754481344 pump_beg 1 0
1615437234450867 133811746088640 emit_end 125 0
1615437248024029 133811754481344 pump_end 1 2
1615437248024679 133811754481344 join_beg 1 0
1615437248025329 133811754481344 join_end 0 0
1615437252932059 133811754481344 coll_beg 0 0
1615437260629336 133811754481344 coll_end 0 0
1615437262431750 133811754481344 drain_beg 0 0
1615437262432390 133811754481344 drain_end 1 0
1615437262432790 133811754481344 subm_beg 1 0
1615437262441120 133811746088640 emit_beg 126 0
1615437265976010 133811754481344 subm_end 1 0
1615437265976430 133811754481344 pump_beg 1 0
1615437271684270 133811746088640 emit_end 126 0
1615437281369005 133811754481344 pump_end 1 2
1615437281369655 133811754481344 join_beg 1 0
1615437281370205 133811754481344 join_end 0 0
1615437283212177 133811754481344 coll_beg 0 0
1615437291980085 133811754481344 coll_end 0 0
1615437294850050 133811754481344 drain_beg 0 0
1615437294850880 133811754481344 drain_end 1 0
1615437294851460 133811754481344 subm_beg 1 0
1615437294854640 133811746088640 emit_beg 127 0
1615437298467957 133811754481344 subm_end 1 0
1615437298468587 133811754481344 pump_beg 1 0
1615437304059302 133811746088640 emit_end 127 0
1615437314979991 133811754481344 pump_end 1 2
1615437314984261 133811754481344 join_beg 1 0
1615437314985581 133811754481344 join_end 0 0
1615437316965518 133811754481344 coll_beg 0 0
1615437326053395 133811754481344 coll_end 0 0
1615437328601341 133811754481344 drain_beg 0 0
1615437328602081 133811754481344 drain_end 1 0
1615437328602621 133811754481344 subm_beg 1 0
1615437328605321 133811746088640 emit_beg 128 0
1615437332203119 133811754481344 subm_end 1 0
1615437332203589 133811754481344 pump_beg 1 0
1615437336239561 133811746088640 emit_end 128 0
1615437347766828 133811754481344 pump_end 1 2
1615437347768017 133811754481344 join_beg 1 0
1615437347768797 133811754481344 join_end 0 0
1615437349601980 133811754481344 coll_beg 0 0
1615437356656901 133811754481344 coll_end 0 0
1615437358990115 133811746088640 emit_beg 129 0
1615437360951743 133811754481344 drain_beg 0 0
1615437360952573 133811754481344 drain_end 1 0
1615437360952933 133811754481344 subm_beg 1 0
1615437366429802 133811754481344 subm_end 1 0
1615437366430102 133811754481344 pump_beg 1 0
1615437368665580 133811746088640 emit_end 129 0
1615437382461244 133811754481344 pump_end 1 2
1615437382462914 133811754481344 join_beg 1 0
1615437382463994 133811754481344 join_end 0 0
1615437384706022 133811754481344 coll_beg 0 0
1615437392474566 133811754481344 coll_end 0 0
1615437394523431 133811754481344 drain_beg 0 0
1615437394523901 133811754481344 drain_end 1 0
1615437394524311 133811754481344 subm_beg 1 0
1615437394530871 133811746088640 emit_beg 130 0
1615437398091500 133811754481344 subm_end 1 0
1615437398092030 133811754481344 pump_beg 1 0
1615437403771412 133811746088640 emit_end 130 0
1615437414939132 133811754481344 pump_end 1 2
1615437414940922 133811754481344 join_beg 1 0
1615437414942482 133811754481344 join_end 0 0
1615437416870381 133811754481344 coll_beg 0 0
1615437425349080 133811754481344 coll_end 0 0
1615437428466785 133811754481344 drain_beg 0 0
1615437428468595 133811754481344 drain_end 1 0
1615437428469835 133811754481344 subm_beg 1 0
1615437428484114 133811746088640 emit_beg 131 0
1615437432018365 133811754481344 subm_end 1 0
1615437432019815 133811754481344 pump_beg 1 0
1615437437741305 133811746088640 emit_end 131 0
1615437449222803 133811754481344 pump_end 1 2
1615437449225563 133811754481344 join_beg 1 0
1615437449226683 133811754481344 join_end 0 0
1615437451153492 133811754481344 coll_beg 0 0
1615437458721244 133811754481344 coll_end 0 0
1615437460550407 133811746088640 emit_beg 132 0
1615437462422549 133811754481344 drain_beg 0 0
1615437462423488 133811754481344 drain_end 1 0
1615437462423868 133811754481344 subm_beg 1 0
1615437467833690 133811754481344 subm_end 1 0
1615437467834120 133811754481344 pump_beg 1 0
1615437469890514 133811746088640 emit_end 132 0
1615437484316935 133811754481344 pump_end 1 2
1615437484318485 133811754481344 join_beg 1 0
1615437484319705 133811754481344 join_end 0 0
1615437486294962 133811754481344 coll_beg 0 0
1615437495108439 133811754481344 coll_end 0 0
1615437498304791 133811754481344 drain_beg 0 0
1615437498307441 133811754481344 drain_end 1 0
1615437498308631 133811754481344 subm_beg 1 0
1615437498321471 133811746088640 emit_beg 133 0
1615437501929748 133811754481344 subm_end 1 0
1615437501931628 133811754481344 pump_beg 1 0
1615437507510234 133811746088640 emit_end 133 0
1615437517977479 133811754481344 pump_end 1 2
1615437517978779 133811754481344 join_beg 1 0
1615437517979669 133811754481344 join_end 0 0
1615437520993358 133811754481344 coll_beg 0 0
1615437528332219 133811754481344 coll_end 0 0
1615437530615575 133811754481344 drain_beg 0 0
1615437530616535 133811754481344 drain_end 1 0
1615437530617205 133811754481344 subm_beg 1 0
1615437530618285 133811746088640 emit_beg 134 0
1615437534139986 133811754481344 subm_end 1 0
1615437534140546 133811754481344 pump_beg 1 0
1615437539478660 133811746088640 emit_end 134 0
1615437550857602 133811754481344 pump_end 1 2
1615437550858512 133811754481344 join_beg 1 0
1615437550859022 133811754481344 join_end 0 0
1615437553428568 133811754481344 coll_beg 0 0
1615437561651986 133811754481344 coll_end 0 0
1615437564459823 133811754481344 drain_beg 0 0
1615437564460613 133811754481344 drain_end 1 0
1615437564461603 133811754481344 subm_beg 1 0
1615437564461683 133811746088640 emit_beg 135 0
1615437566141411 133811754481344 subm_end 1 0
1615437566141851 133811754481344 pump_beg 1 0
1615437571682028 133811746088640 emit_end 135 0
1615437583502624 133811754481344 pump_end 1 2
1615437583504194 133811754481344 join_beg 1 0
1615437583505264 133811754481344 join_end 0 0
1615437586922448 133811754481344 coll_beg 0 0
1615437597213851 133811754481344 coll_end 0 0
1615437598971596 133811754481344 drain_beg 0 0
1615437598973496 133811754481344 drain_end 1 0
1615437598974676 133811754481344 subm_beg 1 0
1615437598998775 133811746088640 emit_beg 136 0
1615437602495737 133811754481344 subm_end 1 0
1615437602497557 133811754481344 pump_beg 1 0
1615437608015454 133811746088640 emit_end 136 0
1615437620285434 133811754481344 pump_end 1 2
1615437620287144 133811754481344 join_beg 1 0
1615437620289093 133811754481344 join_end 0 0
1615437622107597 133811754481344 coll_beg 0 0
1615437631587719 133811754481344 coll_end 0 0
1615437633345954 133811754481344 drain_beg 0 0
1615437633346594 133811754481344 drain_end 1 0
1615437633347364 133811754481344 subm_beg 1 0
1615437633369813 133811746088640 emit_beg 137 0
1615437636733190 133811754481344 subm_end 1 0
1615437636733620 133811754481344 pump_beg 1 0
1615437642127192 133811746088640 emit_end 137 0
1615437652932705 133811754481344 pump_end 1 2
1615437652933575 133811754481344 join_beg 1 0
1615437652934125 133811754481344 join_end 0 0
1615437654767918 133811754481344 coll_beg 0 0
1615437662826312 133811754481344 coll_end 0 0
1615437665903229 133811754481344 drain_beg 0 0
1615437665904039 133811754481344 drain_end 1 0
1615437665904559 133811746088640 emit_beg 138 0
1615437665904989 133811754481344 subm_beg 1 0
1615437669341153 133811754481344 subm_end 1 0
1615437669341673 133811754481344 pump_beg 1 0
1615437674806052 133811746088640 emit_end 138 0
1615437685330646 133811754481344 pump_end 1 2
1615437685331416 133811754481344 join_beg 1 0
1615437685331896 133811754481344 join_end 0 0
1615437687105961 133811754481344 coll_beg 0 0
1615437695091758 133811754481344 coll_end 0 0
1615437697254778 133811746088640 emit_beg 139 0
1615437698945836 133811754481344 drain_beg 0 0
1615437698950356 133811754481344 drain_end 1 0
1615437698951716 133811754481344 subm_beg 1 0
1615437704093727 133811754481344 subm_end 1 0
1615437704096207 133811754481344 pump_beg 1 0
1615437707759803 133811746088640 emit_end 139 0
1615437720788954 133811754481344 pump_end 1 2
1615437720791334 133811754481344 join_beg 1 0
1615437720792424 133811754481344 join_end 0 0
1615437722656766 133811754481344 coll_beg 0 0
1615437730549676 133811754481344 coll_end 0 0
1615437733731769 133811754481344 drain_beg 0 0
1615437733732579 133811754481344 drain_end 1 0
1615437733740889 133811754481344 subm_beg 1 0
1615437733737109 133811746088640 emit_beg 140 0
1615437737156653 133811754481344 subm_end 1 0
1615437737157133 133811754481344 pump_beg 1 0
1615437742619333 133811746088640 emit_end 140 0
1615437753307431 133811754481344 pump_end 1 2
1615437753307961 133811754481344 join_beg 1 0
1615437753308471 133811754481344 join_end 0 0
1615437755070486 133811754481344 coll_beg 0 0
1615437765924547 133811754481344 coll_end 0 0
1615437768633688 133811754481344 drain_beg 0 0
1615437768634298 133811754481344 drain_end 1 0
1615437768634848 133811754481344 subm_beg 1 0
1615437768643138 133811746088640 emit_beg 141 0
1615437770359785 133811754481344 subm_end 1 0
1615437770360275 133811754481344 pump_beg 1 0
1615437776116353 133811746088640 emit_end 141 0
1615437786976865 133811754481344 pump_end 1 2
1615437786977915 133811754481344 join_beg 1 0
1615437786978405 133811754481344 join_end 0 0
1615437788753849 133811754481344 coll_beg 0 0
1615437800034435 133811754481344 coll_end 0 0
1615437801716823 133811754481344 drain_beg 0 0
1615437801717733 133811754481344 drain_end 1 0
1615437801718563 133811754481344 subm_beg 1 0
1615437801720623 133811746088640 emit_beg 142 0
1615437806922492 133811754481344 subm_end 1 0
1615437806923162 133811754481344 pump_beg 1 0
1615437810661215 133811746088640 emit_end 142 0
1615437823849501 133811754481344 pump_end 1 2
1615437823851381 133811754481344 join_beg 1 0
1615437823852591 133811754481344 join_end 0 0
1615437828946704 133811754481344 coll_beg 0 0
1615437840511409 133811754481344 coll_end 0 0
1615437842391960 133811754481344 drain_beg 0 0
1615437842392720 133811754481344 drain_end 1 0
1615437842393570 133811754481344 subm_beg 1 0
1615437842419859 133811746088640 emit_beg 143 0
1615437844116457 133811754481344 subm_end 1 0
1615437844116867 133811754481344 pump_beg 1 0
1615437851425659 133811746088640 emit_end 143 0
1615437860735687 133811754481344 pump_end 1 2
1615437860736497 133811754481344 join_beg 1 0
1615437860737137 133811754481344 join_end 0 0
1615437862513162 133811754481344 coll_beg 0 0
1615437870345004 133811754481344 coll_end 0 0
1615437873511608 133811754481344 drain_beg 0 0
1615437873511688 133811746088640 emit_beg 144 0
1615437873512598 133811754481344 drain_end 1 0
1615437873514658 133811754481344 subm_beg 1 0
1615437878598591 133811754481344 subm_end 1 0
1615437878599101 133811754481344 pump_beg 1 0
1615437882232538 133811746088640 emit_end 144 0
1615437894726919 133811754481344 pump_end 1 2
1615437894728619 133811754481344 join_beg 1 0
1615437894729269 133811754481344 join_end 0 0
1615437897581264 133811754481344 coll_beg 0 0
1615437905923638 133811754481344 coll_end 0 0
1615437907793660 133811754481344 drain_beg 0 0
1615437907794580 133811754481344 drain_end 1 0
1615437907795480 133811754481344 subm_beg 1 0
1615437907813009 133811746088640 emit_beg 145 0
1615437909557945 133811754481344 subm_end 1 0
1615437909558485 133811754481344 pump_beg 1 0
1615437914931458 133811746088640 emit_end 145 0
1615437925735001 133811754481344 pump_end 1 2
1615437925738151 133811754481344 join_beg 1 0
1615437925739391 133811754481344 join_end 0 0
1615437928965342 133811754481344 coll_beg 0 0
1615437937106853 133811754481344 coll_end 0 0
1615437939981018 133811754481344 drain_beg 0 0
1615437939982248 133811754481344 drain_end 1 0
1615437939983008 133811754481344 subm_beg 1 0
1615437940000747 133811746088640 emit_beg 146 0
1615437941918997 133811754481344 subm_end 1 0
1615437941919477 133811754481344 pump_beg 1 0
1615437947687835 133811746088640 emit_end 146 0
1615437958498388 133811754481344 pump_end 1 2
1615437958499148 133811754481344 join_beg 1 0
1615437958499778 133811754481344 join_end 0 0
1615437960320061 133811754481344 coll_beg 0 0
1615437968553259 133811754481344 coll_end 0 0
1615437971793050 133811754481344 drain_beg 0 0
1615437971794100 133811754481344 drain_end 1 0
1615437971794870 133811754481344 subm_beg 1 0
1615437971806210 133811746088640 emit_beg 147 0
1615437975301971 133811754481344 subm_end 1 0
1615437975302551 133811754481344 pump_beg 1 0
1615437981491104 133811746088640 emit_end 147 0
1615437991855984 133811754481344 pump_end 1 2
1615437991857324 133811754481344 join_beg 1 0
1615437991858124 133811754481344 join_end 0 0
1615437993688646 133811754481344 coll_beg 0 0
1615438002116917 133811754481344 coll_end 0 0
1615438005221883 133811754481344 drain_beg 0 0
1615438005222703 133811754481344 drain_end 1 0
1615438005223463 133811754481344 subm_beg 1 0
1615438005227803 133811746088640 emit_beg 148 0
1615438008757163 133811754481344 subm_end 1 0
1615438008757733 133811754481344 pump_beg 1 0
1615438014307350 133811746088640 emit_end 148 0
1615438024814104 133811754481344 pump_end 1 2
1615438024814864 133811754481344 join_beg 1 0
1615438024815714 133811754481344 join_end 0 0
1615438026682385 133811754481344 coll_beg 0 0
1615438034810917 133811754481344 coll_end 0 0
1615438036648609 133811746088640 emit_beg 149 0
1615438038384866 133811754481344 drain_beg 0 0
1615438038389465 133811754481344 drain_end 1 0
1615438038390915 133811754481344 subm_beg 1 0
1615438043767878 133811754481344 subm_end 1 0
1615438043769868 133811754481344 pump_beg 1 0
1615438045835522 133811746088640 emit_end 149 0
1615438060881230 133811754481344 pump_end 1 2
1615438060887560 133811754481344 join_beg 1 0
1615438060889639 133811754481344 join_end 0 0
1615438064167799 133811754481344 coll_beg 0 0
1615438072681847 133811754481344 coll_end 0 0
1615438074503820 133811754481344 drain_beg 0 0
1615438074504420 133811754481344 drain_end 1 0
1615438074504800 133811754481344 subm_beg 1 0
1615438074509310 133811746088640 emit_beg 150 0
1615438078085558 133811754481344 subm_end 1 0
1615438078088688 133811754481344 pump_beg 1 0
1615438083849427 133811746088640 emit_end 150 0
1615438095854606 133811754481344 pump_end 1 2
1615438095863976 133811754481344 join_beg 1 0
1615438095866706 133811754481344 join_end 0 0
1615438098426622 133811754481344 coll_beg 0 0
1615438107212449 133811754481344 coll_end 0 0
1615438109973198 133811754481344 drain_beg 0 0
1615438109974338 133811754481344 drain_end 1 0
1615438109975278 133811754481344 subm_beg 1 0
1615438110005757 133811746088640 emit_beg 151 0
1615438111841379 133811754481344 subm_end 1 0
1615438111841799 133811754481344 pump_beg 1 0
1615438117745372 133811746088640 emit_end 151 0
1615438128484138 133811754481344 pump_end 1 2
1615438128490248 133811754481344 join_beg 1 0
1615438128492598 133811754481344 join_end 0 0
1615438130466785 133811754481344 coll_beg 0 0
1615438139906779 133811754481344 coll_end 0 0
1615438142142007 133811754481344 drain_beg 0 0
1615438142144827 133811754481344 drain_end 1 0
1615438142145617 133811746088640 emit_beg 152 0
1615438142146257 133811754481344 subm_beg 1 0
1615438147422953 133811754481344 subm_end 1 0
1615438147423593 133811754481344 pump_beg 1 0
1615438151223454 133811746088640 emit_end 152 0
1615438163105057 133811754481344 pump_end 1 2
1615438163105627 133811754481344 join_beg 1 0
1615438163107187 133811754481344 join_end 0 0
1615438166449264 133811754481344 coll_beg 0 0
1615438173996378 133811754481344 coll_end 0 0
1615438176252685 133811754481344 drain_beg 0 0
1615438176252885 133811746088640 emit_beg 153 0
1615438176253675 133811754481344 drain_end 1 0
1615438176259054 133811754481344 subm_beg 1 0
1615438183487979 133811754481344 subm_end 1 0
1615438183488549 133811754481344 pump_beg 1 0
1615438185801614 133811746088640 emit_end 153 0
1615438198615754 133811754481344 pump_end 1 2
1615438198617694 133811754481344 join_beg 1 0
1615438198618754 133811754481344 join_end 0 0
1615438201051784 133811754481344 coll_beg 0 0
1615438207839215 133811754481344 coll_end 0 0
1615438210500108 133811754481344 drain_beg 0 0
1615438210500728 133811754481344 drain_end 1 0
1615438210501068 133811754481344 subm_beg 1 0
1615438210519587 133811746088640 emit_beg 154 0
1615438214025118 133811754481344 subm_end 1 0
1615438214025478 133811754481344 pump_beg 1 0
1615438219550285 133811746088640 emit_end 154 0
1615438229853357 133811754481344 pump_end 1 2
1615438229858697 133811754481344 join_beg 1 0
1615438229861367 133811754481344 join_end 0 0
1615438232831598 133811754481344 coll_beg 0 0
1615438241563117 133811754481344 coll_end 0 0
1615438243460457 133811754481344 drain_beg 0 0
1615438243462327 133811754481344 drain_end 1 0
1615438243463677 133811754481344 subm_beg 1 0
1615438243464357 133811746088640 emit_beg 155 0
1615438245343508 133811754481344 subm_end 1 0
1615438245345068 133811754481344 pump_beg 1 0
1615438249158858 133811746088640 emit_end 155 0
1615438262144972 133811754481344 pump_end 1 2
1615438262146522 133811754481344 join_beg 1 0
1615438262147552 133811754481344 join_end 0 0
1615438265329575 133811754481344 coll_beg 0 0
1615438272436494 133811754481344 coll_end 0 0
1615438275130125 133811754481344 drain_beg 0 0
1615438275130595 133811754481344 drain_end 1 0
1615438275131005 133811754481344 subm_beg 1 0
1615438275153044 133811746088640 emit_beg 156 0
1615438278664495 133811754481344 subm_end 1 0
1615438278664945 133811754481344 pump_beg 1 0
1615438284319368 133811746088640 emit_end 156 0
1615438294620650 133811754481344 pump_end 1 2
1615438294621600 133811754481344 join_beg 1 0
1615438294622119 133811754481344 join_end 0 0
1615438296438573 133811754481344 coll_beg 0 0
1615438304136560 133811754481344 coll_end 0 0
1615438305945724 133811746088640 emit_beg 157 0
1615438307714999 133811754481344 drain_beg 0 0
1615438307715939 133811754481344 drain_end 1 0
1615438307716329 133811754481344 subm_beg 1 0
1615438313120430 133811754481344 subm_end 1 0
1615438313120700 133811754481344 pump_beg 1 0
1615438315744254 133811746088640 emit_end 157 0
1615438329402693 133811754481344 pump_end 1 2
1615438329404043 133811754481344 join_beg 1 0
1615438329404643 133811754481344 join_end 0 0
1615438331722948 133811754481344 coll_beg 0 0
1615438339508272 133811754481344 coll_end 0 0
1615438341433261 133811754481344 drain_beg 0 0
1615438341433601 133811754481344 drain_end 1 0
1615438341433861 133811754481344 subm_beg 1 0
1615438341455950 133811746088640 emit_beg 158 0
1615438344975241 133811754481344 subm_end 1 0
1615438344975811 133811754481344 pump_beg 1 0
1615438350448460 133811746088640 emit_end 158 0
1615438361814043 133811754481344 pump_end 1 2
1615438361816893 133811754481344 join_beg 1 0
1615438361818333 133811754481344 join_end 0 0
1615438363669815 133811754481344 coll_beg 0 0
1615438373052370 133811754481344 coll_end 0 0
1615438374846425 133811754481344 drain_beg 0 0
1615438374848594 133811754481344 drain_end 1 0
1615438374849944 133811754481344 subm_beg 1 0
1615438374849994 133811746088640 emit_beg 159 0
1615438378211731 133811754481344 subm_end 1 0
1615438378212211 133811754481344 pump_beg 1 0
1615438383805506 133811746088640 emit_end 159 0
1615438394904278 133811754481344 pump_end 1 2
1615438394905708 133811754481344 join_beg 1 0
1615438394906498 133811754481344 join_end 0 0
1615438396664944 133811754481344 coll_beg 0 0
1615438405258368 133811754481344 coll_end 0 0
1615438407687729 133811754481344 drain_beg 0 0
1615438407688589 133811754481344 drain_end 1 0
1615438407689039 133811754481344 subm_beg 1 0
1615438407712308 133811746088640 emit_beg 160 0
1615438411042946 133811754481344 subm_end 1 0
1615438411043486 133811754481344 pump_beg 1 0
1615438416610431 133811746088640 emit_end 160 0
1615438429223248 133811754481344 pump_end 1 2
1615438429224408 133811754481344 join_beg 1 0
1615438429224918 133811754481344 join_end 0 0
1615438432070644 133811754481344 coll_beg 0 0
1615438443321791 133811754481344 coll_end 0 0
1615438445310888 133811754481344 drain_beg 0 0
1615438445313588 133811754481344 drain_end 1 0
1615438445315218 133811754481344 subm_beg 1 0
1615438445330487 133811746088640 emit_beg 161 0
1615438447254246 133811754481344 subm_end 1 0
1615438447254866 133811754481344 pump_beg 1 0
1615438454507450 133811746088640 emit_end 161 0
1615438464521683 133811754481344 pump_end 1 2
1615438464522853 133811754481344 join_beg 1 0
1615438464523463 133811754481344 join_end 0 0
1615438466483271 133811754481344 coll_beg 0 0
1615438476161215 133811754481344 coll_end 0 0
1615438479255882 133811754481344 drain_beg 0 0
1615438479256882 133811754481344 drain_end 1 0
1615438479257882 133811754481344 subm_beg 1 0
1615438479283561 133811746088640 emit_beg 162 0
1615438481004698 133811754481344 subm_end 1 0
1615438481005178 133811754481344 pump_beg 1 0
1615438488370877 133811746088640 emit_end 162 0
1615438497619848 133811754481344 pump_end 1 2
1615438497621888 133811754481344 join_beg 1 0
1615438497622698 133811754481344 join_end 0 0
1615438499440121 133811754481344 coll_beg 0 0
1615438508294616 133811754481344 coll_end 0 0
1615438510564703 133811754481344 drain_beg 0 0
1615438510565692 133811754481344 drain_end 1 0
1615438510566782 133811754481344 subm_beg 1 0
1615438510567012 133811746088640 emit_beg 163 0
1615438512283469 133811754481344 subm_end 1 0
1615438512284019 133811754481344 pump_beg 1 0
1615438515864858 133811746088640 emit_end 163 0
1615438528072150 133811754481344 pump_end 1 2
1615438528076650 133811754481344 join_beg 1 0
1615438528078359 133811754481344 join_end 0 0
1615438529869214 133811754481344 coll_beg 0 0
1615438538281685 133811754481344 coll_end 0 0
1615438543129727 133811754481344 drain_beg 0 0
1615438543133517 133811754481344 drain_end 1 0
1615438543134787 133811754481344 subm_beg 1 0
1615438543143906 133811746088640 emit_beg 164 0
1615438546538272 133811754481344 subm_end 1 0
1615438546538962 133811754481344 pump_beg 1 0
1615438552205784 133811746088640 emit_end 164 0
1615438561598159 133811754481344 pump_end 1 2
1615438561599819 133811754481344 join_beg 1 0
1615438561600959 133811754481344 join_end 0 0
1615438563454411 133811754481344 coll_beg 0 0
1615438570973205 133811754481344 coll_end 0 0
1615438573429175 133811746088640 emit_beg 165 0
1615438575154691 133811754481344 drain_beg 0 0
1615438575159551 133811754481344 drain_end 1 0
1615438575161221 133811754481344 subm_beg 1 0
1615438580311542 133811754481344 subm_end 1 0
1615438580314142 133811754481344 pump_beg 1 0
1615438582440494 133811746088640 emit_end 165 0
1615438596888534 133811754481344 pump_end 1 2
1615438596896003 133811754481344 join_beg 1 0
1615438596898293 133811754481344 join_end 0 0
1615438599420401 133811754481344 coll_beg 0 0
1615438611612553 133811754481344 coll_end 0 0
1615438616170236 133811754481344 drain_beg 0 0
1615438616172906 133811754481344 drain_end 1 0
1615438616174936 133811754481344 subm_beg 1 0
1615438616179935 133811746088640 emit_beg 166 0
1615438619806902 133811754481344 subm_end 1 0
1615438619809032 133811754481344 pump_beg 1 0
1615438625662957 133811746088640 emit_end 166 0
1615438644349361 133811754481344 pump_end 1 2
1615438644358701 133811754481344 join_beg 1 0
1615438644361311 133811754481344 join_end 0 0
1615438646555080 133811754481344 coll_beg 0 0
1615438658002530 133811754481344 coll_end 0 0
1615438659784705 133811754481344 drain_beg 0 0
1615438659785605 133811754481344 drain_end 1 0
1615438659786515 133811754481344 subm_beg 1 0
1615438659814384 133811746088640 emit_beg 167 0
1615438661511921 133811754481344 subm_end 1 0
1615438661512381 133811754481344 pump_beg 1 0
1615438667126865 133811746088640 emit_end 167 0
1615438677618270 133811754481344 pump_end 1 2
1615438677619210 133811754481344 join_beg 1 0
1615438677619910 133811754481344 join_end 0 0
1615438679428024 133811754481344 coll_beg 0 0
1615438688467862 133811754481344 coll_end 0 0
1615438691106615 133811754481344 drain_beg 0 0
1615438691107115 133811754481344 drain_end 1 0
1615438691107715 133811754481344 subm_beg 1 0
1615438691114295 133811746088640 emit_beg 168 0
1615438694565518 133811754481344 subm_end 1 0
1615438694566058 133811754481344 pump_beg 1 0
1615438700061406 133811746088640 emit_end 168 0
1615438710273381 133811754481344 pump_end 1 2
1615438710274491 133811754481344 join_beg 1 0
1615438710274891 133811754481344 join_end 0 0
1615438712045606 133811754481344 coll_beg 0 0
1615438719590929 133811754481344 coll_end 0 0
1615438721340825 133811746088640 emit_beg 169 0
1615438723147119 133811754481344 drain_beg 0 0
1615438723148619 133811754481344 drain_end 1 0
1615438723149569 133811754481344 subm_beg 1 0
1615438728557610 133811754481344 subm_end 1 0
1615438728558710 133811754481344 pump_beg 1 0
1615438730714871 133811746088640 emit_end 169 0
1615438744676988 133811754481344 pump_end 1 2
1615438744680138 133811754481344 join_beg 1 0
1615438744681448 133811754481344 join_end 0 0
1615438746930906 133811754481344 coll_beg 0 0
1615438754907823 133811754481344 coll_end 0 0
1615438756841512 133811754481344 drain_beg 0 0
1615438756842302 133811754481344 drain_end 1 0
1615438756843172 133811754481344 subm_beg 1 0
1615438756861981 133811746088640 emit_beg 170 0
1615438760458909 133811754481344 subm_end 1 0
1615438760459579 133811754481344 pump_beg 1 0
1615438766346843 133811746088640 emit_end 170 0
1615438775434679 133811754481344 pump_end 1 2
1615438775437739 133811754481344 join_beg 1 0
1615438775439359 133811754481344 join_end 0 0
1615438777485264 133811754481344 coll_beg 0 0
1615438784310024 133811754481344 coll_end 0 0
1615438787163979 133811746088640 emit_beg 171 0
1615438788979392 133811754481344 drain_beg 0 0
1615438788984102 133811754481344 drain_end 1 0
1615438788985682 133811754481344 subm_beg 1 0
1615438794463651 133811754481344 subm_end 1 0
1615438794466651 133811754481344 pump_beg 1 0
1615438796670500 133811746088640 emit_end 171 0
1615438811393319 133811754481344 pump_end 1 2
1615438811395149 133811754481344 join_beg 1 0
1615438811396069 133811754481344 join_end 0 0
1615438814029733 133811754481344 coll_beg 0 0
1615438824696481 133811754481344 coll_end 0 0
1615438827858465 133811754481344 drain_beg 0 0
1615438827861425 133811754481344 drain_end 1 0
1615438827863255 133811754481344 subm_beg 1 0
1615438827874024 133811746088640 emit_beg 172 0
1615438829787934 133811754481344 subm_end 1 0
1615438829789774 133811754481344 pump_beg 1 0
1615438837792680 133811746088640 emit_end 172 0
1615438847238603 133811754481344 pump_end 1 2
1615438847240033 133811754481344 join_beg 1 0
1615438847241623 133811754481344 join_end 0 0
1615438849181592 133811754481344 coll_beg 0 0
1615438859168326 133811754481344 coll_end 0 0
1615438861154103 133811746088640 emit_beg 173 0
1615438861155293 133811754481344 drain_beg 0 0
1615438861157333 133811754481344 drain_end 1 0
1615438861158683 133811754481344 subm_beg 1 0
1615438866921941 133811746088640 emit_end 173 0
1615438868522232 133811754481344 subm_end 1 0
1615438868523072 133811754481344 pump_beg 1 0
1615438887017553 133811754481344 pump_end 1 2
1615438887020133 133811754481344 join_beg 1 0
1615438887020653 133811754481344 join_end 0 0
1615438889367747 133811754481344 coll_beg 0 0
1615438902780235 133811754481344 coll_end 0 0
1615438904713124 133811754481344 drain_beg 0 0
1615438904713874 133811754481344 drain_end 1 0
1615438904714384 133811754481344 subm_beg 1 0
1615438904739223 133811746088640 emit_beg 174 0
1615438908293612 133811754481344 subm_end 1 0
1615438908294192 133811754481344 pump_beg 1 0
1615438914361920 133811746088640 emit_end 174 0
1615438924638802 133811754481344 pump_end 1 2
1615438924642152 133811754481344 join_beg 1 0
1615438924643292 133811754481344 join_end 0 0
1615438926599000 133811754481344 coll_beg 0 0
1615438937097225 133811754481344 coll_end 0 0
1615438940795179 133811754481344 drain_beg 0 0
1615438940797799 133811754481344 drain_end 1 0
1615438940799289 133811754481344 subm_beg 1 0
1615438940822628 133811746088640 emit_beg 175 0
1615438944457465 133811754481344 subm_end 1 0
1615438944457975 133811754481344 pump_beg 1 0
1615438950900278 133811746088640 emit_end 175 0
1615438960230776 133811754481344 pump_end 1 2
1615438960231566 133811754481344 join_beg 1 0
1615438960232406 133811754481344 join_end 0 0
1615438962073508 133811754481344 coll_beg 0 0
1615438969671759 133811754481344 coll_end 0 0
1615438971861849 133811746088640 emit_beg 176 0
1615438973718641 133811754481344 drain_beg 0 0
1615438973720471 133811754481344 drain_end 1 0
1615438973721451 133811754481344 subm_beg 1 0
1615438979252617 133811754481344 subm_end 1 0
1615438979253937 133811754481344 pump_beg 1 0
1615438981743846 133811746088640 emit_end 176 0
1615438995629296 133811754481344 pump_end 1 2
1615438995630816 133811754481344 join_beg 1 0
1615438995631386 133811754481344 join_end 0 0
1615438997884983 133811754481344 coll_beg 0 0
1615439006345843 133811754481344 coll_end 0 0
1615439009615403 133811754481344 drain_beg 0 0
1615439009616583 133811754481344 drain_end 1 0
1615439009617253 133811754481344 subm_beg 1 0
1615439009621613 133811746088640 emit_beg 177 0
1615439011482254 133811754481344 subm_end 1 0
1615439011482724 133811754481344 pump_beg 1 0
1615439017427986 133811746088640 emit_end 177 0
1615439027664770 133811754481344 pump_end 1 2
1615439027667520 133811754481344 join_beg 1 0
1615439027668810 133811754481344 join_end 0 0
1615439029644058 133811754481344 coll_beg 0 0
1615439038090348 133811754481344 coll_end 0 0
1615439041682486 133811754481344 drain_beg 0 0
1615439041683156 133811754481344 drain_end 1 0
1615439041683636 133811754481344 subm_beg 1 0
1615439041709925 133811746088640 emit_beg 178 0
1615439045366900 133811754481344 subm_end 1 0
1615439045367350 133811754481344 pump_beg 1 0
1615439051240095 133811746088640 emit_end 178 0
1615439061107123 133811754481344 pump_end 1 2
1615439061107983 133811754481344 join_beg 1 0
1615439061108543 133811754481344 join_end 0 0
1615439062969114 133811754481344 coll_beg 0 0
1615439072036171 133811754481344 coll_end 0 0
1615439073928792 133811746088640 emit_beg 179 0
1615439078124588 133811746088640 emit_end 179 0
1615439079720429 133811754481344 drain_beg 0 0
1615439079725199 133811754481344 drain_end 1 0
1615439079726689 133811754481344 subm_beg 1 0
1615439083507860 133811754481344 subm_end 1 0
1615439083509550 133811754481344 pump_beg 1 0
1615439100031004 133811754481344 pump_end 1 2
1615439100032094 133811754481344 join_beg 1 0
1615439100032654 133811754481344 join_end 0 0
1615439102118087 133811754481344 coll_beg 0 0
1615439110005708 133811754481344 coll_end 0 0
1615439112261015 133811754481344 drain_beg 0 0
1615439112261875 133811754481344 drain_end 1 0
1615439112262565 133811754481344 subm_beg 1 0
1615439112284784 133811746088640 emit_beg 180 0
1615439115838414 133811754481344 subm_end 1 0
1615439115838894 133811754481344 pump_beg 1 0
1615439121688749 133811746088640 emit_end 180 0
1615439131581955 133811754481344 pump_end 1 2
1615439131583835 133811754481344 join_beg 1 0
1615439131584355 133811754481344 join_end 0 0
1615439133448137 133811754481344 coll_beg 0 0
1615439140685881 133811754481344 coll_end 0 0
1615439142955498 133811746088640 emit_beg 181 0
1615439150557749 133811746088640 emit_end 181 0
1615439172534652 133811754481344 drain_beg 0 0
1615439172536812 133811754481344 drain_end 1 0
1615439172537522 133811754481344 subm_beg 1 0
1615439176198758 133811754481344 subm_end 1 0
1615439176199498 133811754481344 pump_beg 1 0
1615439191978158 133811754481344 pump_end 1 2
1615439191980948 133811754481344 join_beg 1 0
1615439191981978 133811754481344 join_end 0 0
1615439193892638 133811754481344 coll_beg 0 0
1615439202320919 133811754481344 coll_end 0 0
1615439204328565 133811754481344 drain_beg 0 0
1615439204329685 133811754481344 drain_end 1 0
1615439204330875 133811754481344 subm_beg 1 0
1615439204352024 133811746088640 emit_beg 182 0
1615439206112650 133811754481344 subm_end 1 0
1615439206113130 133811754481344 pump_beg 1 0
1615439211851519 133811746088640 emit_end 182 0
1615439222497338 133811754481344 pump_end 1 2
1615439222500528 133811754481344 join_beg 1 0
1615439222501478 133811754481344 join_end 0 0
1615439224419018 133811754481344 coll_beg 0 0
1615439232384215 133811754481344 coll_end 0 0
1615439234861404 133811746088640 emit_beg 183 0
1615439236618710 133811754481344 drain_beg 0 0
1615439236620260 133811754481344 drain_end 1 0
1615439236621210 133811754481344 subm_beg 1 0
1615439241862327 133811754481344 subm_end 1 0
1615439241863017 133811754481344 pump_beg 1 0
1615439244185412 133811746088640 emit_end 183 0
1615439258684110 133811754481344 pump_end 1 2
1615439258686740 133811754481344 join_beg 1 0
1615439258687350 133811754481344 join_end 0 0
1615439262005948 133811754481344 coll_beg 0 0
1615439270124600 133811754481344 coll_end 0 0
1615439273306793 133811754481344 drain_beg 0 0
1615439273307593 133811754481344 drain_end 1 0
1615439273308593 133811754481344 subm_beg 1 0
1615439273332012 133811746088640 emit_beg 184 0
1615439275013730 133811754481344 subm_end 1 0
1615439275014240 133811754481344 pump_beg 1 0
1615439280594806 133811746088640 emit_end 184 0
1615439291372470 133811754481344 pump_end 1 2
1615439291373130 133811754481344 join_beg 1 0
1615439291373650 133811754481344 join_end 0 0
1615439293221492 133811754481344 coll_beg 0 0
1615439301450890 133811754481344 coll_end 0 0
1615439304318685 133811754481344 drain_beg 0 0
1615439304319425 133811754481344 drain_end 1 0
1615439304320205 133811754481344 subm_beg 1 0
1615439304338494 133811746088640 emit_beg 185 0
1615439307713350 133811754481344 subm_end 1 0
1615439307713920 133811754481344 pump_beg 1 0
1615439313177559 133811746088640 emit_end 185 0
1615439323948814 133811754481344 pump_end 1 2
1615439323950674 133811754481344 join_beg 1 0
1615439323951464 133811754481344 join_end 0 0
1615439327348679 133811754481344 coll_beg 0 0
1615439336278131 133811754481344 coll_end 0 0
1615439338361635 133811754481344 drain_beg 0 0
1615439338362155 133811754481344 drain_end 1 0
1615439338362485 133811754481344 subm_beg 1 0
1615439338382124 133811746088640 emit_beg 186 0
1615439341798989 133811754481344 subm_end 1 0
1615439341799389 133811754481344 pump_beg 1 0
1615439347435872 133811746088640 emit_end 186 0
1615439360360277 133811754481344 pump_end 1 2
1615439360369567 133811754481344 join_beg 1 0
1615439360372317 133811754481344 join_end 0 0
1615439365527128 133811754481344 coll_beg 0 0
1615439373443467 133811754481344 coll_end 0 0
1615439375247341 133811754481344 drain_beg 0 0
1615439375249161 133811754481344 drain_end 1 0
1615439375250491 133811754481344 subm_beg 1 0
1615439375252481 133811746088640 emit_beg 187 0
1615439377019386 133811754481344 subm_end 1 0
1615439377019956 133811754481344 pump_beg 1 0
1615439382623130 133811746088640 emit_end 187 0
1615439393183222 133811754481344 pump_end 1 2
1615439393184732 133811754481344 join_beg 1 0
1615439393185442 133811754481344 join_end 0 0
1615439394927019 133811754481344 coll_beg 0 0
1615439408231720 133811754481344 coll_end 0 0
1615439410036044 133811754481344 drain_beg 0 0
1615439410036714 133811754481344 drain_end 1 0
1615439410037394 133811754481344 subm_beg 1 0
1615439410048473 133811746088640 emit_beg 188 0
1615439411766920 133811754481344 subm_end 1 0
1615439411767320 133811754481344 pump_beg 1 0
1615439418991055 133811746088640 emit_end 188 0
1615439428164818 133811754481344 pump_end 1 2
1615439428169368 133811754481344 join_beg 1 0
1615439428170948 133811754481344 join_end 0 0
1615439430055409 133811754481344 coll_beg 0 0
1615439441522728 133811754481344 coll_end 0 0
1615439443233545 133811754481344 drain_beg 0 0
1615439443234175 133811754481344 drain_end 1 0
1615439443234585 133811754481344 subm_beg 1 0
1615439443256984 133811746088640 emit_beg 189 0
1615439444936363 133811754481344 subm_end 1 0
1615439444937063 133811754481344 pump_beg 1 0
1615439452745786 133811746088640 emit_end 189 0
1615439464411848 133811754481344 pump_end 1 2
1615439464421237 133811754481344 join_beg 1 0
1615439464423887 133811754481344 join_end 0 0
1615439469081776 133811754481344 coll_beg 0 0
1615439478100135 133811754481344 coll_end 0 0
1615439479999996 133811754481344 drain_beg 0 0
1615439480002465 133811754481344 drain_end 1 0
1615439480004405 133811754481344 subm_beg 1 0
1615439480022445 133811746088640 emit_beg 190 0
1615439481838818 133811754481344 subm_end 1 0
1615439481840638 133811754481344 pump_beg 1 0
1615439489113851 133811746088640 emit_end 190 0
1615439499426222 133811754481344 pump_end 1 2
1615439499428302 133811754481344 join_beg 1 0
1615439499429572 133811754481344 join_end 0 0
1615439501366421 133811754481344 coll_beg 0 0
1615439513513915 133811754481344 coll_end 0 0
1615439515254211 133811754481344 drain_beg 0 0
1615439515255031 133811754481344 drain_end 1 0
1615439515255691 133811754481344 subm_beg 1 0
1615439515276891 133811746088640 emit_beg 191 0
1615439517019117 133811754481344 subm_end 1 0
1615439517019557 133811754481344 pump_beg 1 0
1615439522584742 133811746088640 emit_end 191 0
1615439534182686 133811754481344 pump_end 1 2
1615439534183596 133811754481344 join_beg 1 0
1615439534184226 133811754481344 join_end 0 0
1615439535920233 133811754481344 coll_beg 0 0
1615439546735076 133811754481344 coll_end 0 0
1615439548746172 133811754481344 drain_beg 0 0
1615439548746572 133811754481344 drain_end 1 0
1615439548747052 133811754481344 subm_beg 1 0
1615439548770821 133811746088640 emit_beg 192 0
1615439552165356 133811754481344 subm_end 1 0
1615439552165786 133811754481344 pump_beg 1 0
1615439557642125 133811746088640 emit_end 192 0
1615439568205878 133811754481344 pump_end 1 2
1615439568208087 133811754481344 join_beg 1 0
1615439568209157 133811754481344 join_end 0 0
1615439573192684 133811754481344 coll_beg 0 0
1615439584202130 133811754481344 coll_end 0 0
1615439586091021 133811754481344 drain_beg 0 0
1615439586093001 133811754481344 drain_end 1 0
1615439586094781 133811754481344 subm_beg 1 0
1615439586095791 133811746088640 emit_beg 193 0
1615439587866546 133811754481344 subm_end 1 0
1615439587867046 133811754481344 pump_beg 1 0
1615439595157958 133811746088640 emit_end 193 0
1615439604020263 133811754481344 pump_end 1 2
1615439604022233 133811754481344 join_beg 1 0
1615439604023623 133811754481344 join_end 0 0
1615439605953222 133811754481344 coll_beg 0 0
1615439617346574 133811754481344 coll_end 0 0
1615439619527674 133811754481344 drain_beg 0 0
1615439619528134 133811746088640 emit_beg 194 0
1615439619528424 133811754481344 drain_end 1 0
1615439619535203 133811754481344 subm_beg 1 0
1615439623223838 133811754481344 subm_end 1 0
1615439623224218 133811754481344 pump_beg 1 0
1615439627180033 133811746088640 emit_end 194 0
1615439639875477 133811754481344 pump_end 1 2
1615439639878737 133811754481344 join_beg 1 0
1615439639880047 133811754481344 join_end 0 0
1615439643247803 133811754481344 coll_beg 0 0
1615439652253532 133811754481344 coll_end 0 0
1615439655022221 133811746088640 emit_beg 195 0
1615439655027630 133811754481344 drain_beg 0 0
1615439655030350 133811754481344 drain_end 1 0
1615439655032050 133811754481344 subm_beg 1 0
1615439658749634 133811754481344 subm_end 1 0
1615439658752714 133811754481344 pump_beg 1 0
1615439662844934 133811746088640 emit_end 195 0
1615439675825567 133811754481344 pump_end 1 2
1615439675826987 133811754481344 join_beg 1 0
1615439675828207 133811754481344 join_end 0 0
1615439677821314 133811754481344 coll_beg 0 0
1615439686106220 133811754481344 coll_end 0 0
1615439689773705 133811754481344 drain_beg 0 0
1615439689774555 133811754481344 drain_end 1 0
1615439689774805 133811754481344 subm_beg 1 0
1615439689793884 133811746088640 emit_beg 196 0
1615439693389642 133811754481344 subm_end 1 0
1615439693390082 133811754481344 pump_beg 1 0
1615439699186280 133811746088640 emit_end 196 0
1615439710581031 133811754481344 pump_end 1 2
1615439710584231 133811754481344 join_beg 1 0
1615439710585431 133811754481344 join_end 0 0
1615439712532189 133811754481344 coll_beg 0 0
1615439720121021 133811754481344 coll_end 0 0
1615439722301071 133811746088640 emit_beg 197 0
1615439724134804 133811754481344 drain_beg 0 0
1615439724139253 133811754481344 drain_end 1 0
1615439724140723 133811754481344 subm_beg 1 0
1615439729658401 133811754481344 subm_end 1 0
1615439729660971 133811754481344 pump_beg 1 0
1615439731811642 133811746088640 emit_end 197 0
1615439746646957 133811754481344 pump_end 1 2
1615439746648677 133811754481344 join_beg 1 0
1615439746649537 133811754481344 join_end 0 0
1615439750002364 133811754481344 coll_beg 0 0
1615439758377017 133811754481344 coll_end 0 0
1615439760286947 133811754481344 drain_beg 0 0
1615439760287527 133811754481344 drain_end 1 0
1615439760287867 133811754481344 subm_beg 1 0
1615439760308146 133811746088640 emit_beg 198 0
1615439764089367 133811754481344 subm_end 1 0
1615439764089837 133811754481344 pump_beg 1 0
1615439770112686 133811746088640 emit_end 198 0
1615439781032905 133811754481344 pump_end 1 2
1615439781039585 133811754481344 join_beg 1 0
1615439781042185 133811754481344 join_end 0 0
1615439783216305 133811754481344 coll_beg 0 0
1615439795425167 133811754481344 coll_end 0 0
1615439797395164 133811754481344 drain_beg 0 0
1615439797394794 133811746088640 emit_beg 199 0
1615439797397984 133811754481344 drain_end 1 0
1615439797400594 133811754481344 subm_beg 1 0
1615439799354652 133811754481344 subm_end 1 0
1615439799356242 133811754481344 pump_beg 1 0
1615439805332143 133811746088640 emit_end 199 0
1615439816557891 133811754481344 pump_end 1 2
1615439816560101 133811754481344 join_beg 1 0
1615439816561301 133811754481344 join_end 0 0
1615439818494440 133811754481344 coll_beg 0 0
1615439829327452 133811754481344 coll_end 0 0
1615439832040282 133811754481344 drain_beg 0 0
1615439832041172 133811754481344 drain_end 1 0
1615439832042032 133811754481344 subm_beg 1 0
1615439832043772 133811746088640 emit_beg 200 0
1615439833885795 133811754481344 subm_end 1 0
1615439833886165 133811754481344 pump_beg 1 0
1615439839750760 133811746088640 emit_end 200 0
1615439850575092 133811754481344 pump_end 1 2
1615439850577052 133811754481344 join_beg 1 0
1615439850578002 133811754481344 join_end 0 0
1615439852550010 133811754481344 coll_beg 0 0
1615439861797610 133811754481344 coll_end 0 0
1615439864470402 133811754481344 drain_beg 0 0
1615439864471432 133811754481344 drain_end 1 0
1615439864472192 133811754481344 subm_beg 1 0
1615439864478232 133811746088640 emit_beg 201 0
1615439868048601 133811754481344 subm_end 1 0
1615439868049171 133811754481344 pump_beg 1 0
1615439873915105 133811746088640 emit_end 201 0
1615439884695650 133811754481344 pump_end 1 2
1615439884696410 133811754481344 join_beg 1 0
1615439884697200 133811754481344 join_end 0 0
1615439886711836 133811754481344 coll_beg 0 0
1615439894668423 133811754481344 coll_end 0 0
1615439897400953 133811746088640 emit_beg 202 0
1615439899243916 133811754481344 drain_beg 0 0
1615439899248645 133811754481344 drain_end 1 0
1615439899250125 133811754481344 subm_beg 1 0
1615439913888538 133811754481344 subm_end 1 0
1615439913891688 133811754481344 pump_beg 1 0
1615439924355474 133811746088640 emit_end 202 0
1615439931955555 133811754481344 pump_end 1 2
1615439931960195 133811754481344 join_beg 1 0
1615439931961874 133811754481344 join_end 0 0
1615439935632950 133811754481344 coll_beg 0 0
1615439944605750 133811754481344 coll_end 0 0
1615439949636706 133811746088640 emit_beg 203 0
1615439966302684 133811746088640 emit_end 203 0
1615440006549386 133811754481344 drain_beg 0 0
1615440006553206 133811754481344 drain_end 1 0
1615440006554816 133811754481344 subm_beg 1 0
1615440016158754 133811754481344 subm_end 1 0
1615440016160794 133811754481344 pump_beg 1 0
1615440035556992 133811754481344 pump_end 1 2
1615440035566671 133811754481344 join_beg 1 0
1615440035569351 133811754481344 join_end 0 0
1615440039608923 133811754481344 coll_beg 0 0
1615440048183618 133811754481344 coll_end 0 0
1615440051600073 133811754481344 drain_beg 0 0
1615440051600943 133811754481344 drain_end 1 0
1615440051601723 133811754481344 subm_beg 1 0
1615440051609252 133811746088640 emit_beg 204 0
1615440054873822 133811754481344 subm_end 1 0
1615440054874322 133811754481344 pump_beg 1 0
1615440065308690 133811746088640 emit_end 204 0
1615440072164308 133811754481344 pump_end 1 2
1615440072168608 133811754481344 join_beg 1 0
1615440072170778 133811754481344 join_end 0 0
1615440075640550 133811754481344 coll_beg 0 0
1615440084043402 133811754481344 coll_end 0 0
1615440089599908 133811746088640 emit_beg 205 0
1615440099969197 133811746088640 emit_end 205 0
1615440132021820 133811754481344 drain_beg 0 0
1615440132025400 133811754481344 drain_end 1 0
1615440132026620 133811754481344 subm_beg 1 0
1615440137813368 133811754481344 subm_end 1 0
1615440137815538 133811754481344 pump_beg 1 0
1615440154506415 133811754481344 pump_end 1 2
1615440154516675 133811754481344 join_beg 1 0
1615440154519535 133811754481344 join_end 0 0
1615440157804014 133811754481344 coll_beg 0 0
1615440169522614 133811754481344 coll_end 0 0
1615440172923979 133811754481344 drain_beg 0 0
1615440172927909 133811754481344 drain_end 1 0
1615440172929389 133811754481344 subm_beg 1 0
1615440172942708 133811746088640 emit_beg 206 0
1615440180246780 133811754481344 subm_end 1 0
1615440180247250 133811754481344 pump_beg 1 0
1615440184845811 133811746088640 emit_end 206 0
1615440197117771 133811754481344 pump_end 1 2
1615440197121891 133811754481344 join_beg 1 0
1615440197123171 133811754481344 join_end 0 0
1615440200332163 133811754481344 coll_beg 0 0
1615440208055759 133811754481344 coll_end 0 0
1615440213329036 133811754481344 drain_beg 0 0
1615440213330016 133811754481344 drain_end 1 0
1615440213330986 133811754481344 subm_beg 1 0
1615440213351245 133811746088640 emit_beg 207 0
1615440219357964 133811754481344 subm_end 1 0
1615440219358434 133811754481344 pump_beg 1 0
1615440229558380 133811746088640 emit_end 207 0
1615440236438547 133811754481344 pump_end 1 2
1615440236441037 133811754481344 join_beg 1 0
1615440236442407 133811754481344 join_end 0 0
1615440238369527 133811754481344 coll_beg 0 0
1615440245875981 133811754481344 coll_end 0 0
1615440249106732 133811746088640 emit_beg 208 0
1615440256404944 133811746088640 emit_end 208 0
1615440257770074 133811754481344 drain_beg 0 0
1615440257773974 133811754481344 drain_end 1 0
1615440257775564 133811754481344 subm_beg 1 0
1615440259610777 133811754481344 subm_end 1 0
1615440259612377 133811754481344 pump_beg 1 0
1615440275863570 133811754481344 pump_end 1 2
1615440275865810 133811754481344 join_beg 1 0
1615440275866740 133811754481344 join_end 0 0
1615440279034024 133811754481344 coll_beg 0 0
1615440287596420 133811754481344 coll_end 0 0
1615440289422682 133811746088640 emit_beg 209 0
1615440291152449 133811754481344 drain_beg 0 0
1615440291157659 133811754481344 drain_end 1 0
1615440291159239 133811754481344 subm_beg 1 0
1615440296328119 133811754481344 subm_end 1 0
1615440296330849 133811754481344 pump_beg 1 0
1615440298398593 133811746088640 emit_end 209 0
1615440313750249 133811754481344 pump_end 1 2
1615440313753579 133811754481344 join_beg 1 0
1615440313754659 133811754481344 join_end 0 0
1615440318375740 133811754481344 coll_beg 0 0
1615440327396789 133811754481344 coll_end 0 0
1615440329282449 133811754481344 drain_beg 0 0
1615440329283529 133811754481344 drain_end 1 0
1615440329284619 133811754481344 subm_beg 1 0
1615440329295839 133811746088640 emit_beg 210 0
1615440330989777 133811754481344 subm_end 1 0
1615440330990197 133811754481344 pump_beg 1 0
1615440336845462 133811746088640 emit_end 210 0
1615440347801649 133811754481344 pump_end 1 2
1615440347803949 133811754481344 join_beg 1 0
1615440347805609 133811754481344 join_end 0 0
1615440349597374 133811754481344 coll_beg 0 0
1615440359329036 133811754481344 coll_end 0 0
1615440362583237 133811754481344 drain_beg 0 0
1615440362584187 133811754481344 drain_end 1 0
1615440362585077 133811754481344 subm_beg 1 0
1615440362589967 133811746088640 emit_beg 211 0
1615440364264165 133811754481344 subm_end 1 0
1615440364264465 133811754481344 pump_beg 1 0
1615440370040183 133811746088640 emit_end 211 0
1615440381729264 133811754481344 pump_end 1 2
1615440381731514 133811754481344 join_beg 1 0
1615440381732584 133811754481344 join_end 0 0
1615440383498829 133811754481344 coll_beg 0 0
1615440393640357 133811754481344 coll_end 0 0
1615440396743193 133811754481344 drain_beg 0 0
1615440396744103 133811754481344 drain_end 1 0
1615440396745233 133811754481344 subm_beg 1 0
1615440396755442 133811746088640 emit_beg 212 0
1615440398433551 133811754481344 subm_end 1 0
1615440398434001 133811754481344 pump_beg 1 0
1615440404234208 133811746088640 emit_end 212 0
1615440415152537 133811754481344 pump_end 1 2
1615440415161107 133811754481344 join_beg 1 0
1615440415163927 133811754481344 join_end 0 0
1615440417020858 133811754481344 coll_beg 0 0
1615440427480565 133811754481344 coll_end 0 0
1615440430804793 133811746088640 emit_beg 213 0
1615440430807522 133811754481344 drain_beg 0 0
1615440430811982 133811754481344 drain_end 1 0
1615440430813432 133811754481344 subm_beg 1 0
1615440434315274 133811754481344 subm_end 1 0
1615440434318294 133811754481344 pump_beg 1 0
1615440439624079 133811746088640 emit_end 213 0
1615440450133063 133811754481344 pump_end 1 2
1615440450137703 133811754481344 join_beg 1 0
1615440450139903 133811754481344 join_end 0 0
1615440452032363 133811754481344 coll_beg 0 0
1615440460410756 133811754481344 coll_end 0 0
1615440463512372 133811754481344 drain_beg 0 0
1615440463513392 133811754481344 drain_end 1 0
1615440463513942 133811746088640 emit_beg 214 0
1615440463514272 133811754481344 subm_beg 1 0
1615440466872359 133811754481344 subm_end 1 0
1615440466872889 133811754481344 pump_beg 1 0
1615440472222022 133811746088640 emit_end 214 0
1615440481778761 133811754481344 pump_end 1 2
1615440481780291 133811754481344 join_beg 1 0
1615440481781131 133811754481344 join_end 0 0
1615440483573925 133811754481344 coll_beg 0 0
1615440490598448 133811754481344 coll_end 0 0
1615440492346633 133811746088640 emit_beg 215 0
1615440494083380 133811754481344 drain_beg 0 0
1615440494086509 133811754481344 drain_end 1 0
1615440494087689 133811754481344 subm_beg 1 0
1615440499100405 133811754481344 subm_end 1 0
1615440499102685 133811754481344 pump_beg 1 0
1615440501138891 133811746088640 emit_end 215 0
1615440514636835 133811754481344 pump_end 1 2
1615440514639065 133811754481344 join_beg 1 0
1615440514640075 133811754481344 join_end 0 0
1615440517963653 133811754481344 coll_beg 0 0
1615440527910488 133811754481344 coll_end 0 0
1615440529710782 133811754481344 drain_beg 0 0
1615440529712792 133811754481344 drain_end 1 0
1615440529713152 133811746088640 emit_beg 216 0
1615440529714102 133811754481344 subm_beg 1 0
1615440531539505 133811754481344 subm_end 1 0
1615440531540115 133811754481344 pump_beg 1 0
1615440538902224 133811746088640 emit_end 216 0
1615440547435981 133811754481344 pump_end 1 2
1615440547437941 133811754481344 join_beg 1 0
1615440547439071 133811754481344 join_end 0 0
1615440549186667 133811754481344 coll_beg 0 0
1615440557221142 133811754481344 coll_end 0 0
1615440559082434 133811754481344 drain_beg 0 0
1615440559084353 133811754481344 drain_end 1 0
1615440559085633 133811754481344 subm_beg 1 0
1615440559100723 133811746088640 emit_beg 217 0
1615440562514508 133811754481344 subm_end 1 0
1615440562515098 133811754481344 pump_beg 1 0
1615440568128172 133811746088640 emit_end 217 0
1615440577626363 133811754481344 pump_end 1 2
1615440577627273 133811754481344 join_beg 1 0
1615440577628063 133811754481344 join_end 0 0
1615440579642679 133811754481344 coll_beg 0 0
1615440587519230 133811754481344 coll_end 0 0
1615440589479478 133811746088640 emit_beg 218 0
1615440591365329 133811754481344 drain_beg 0 0
1615440591367298 133811754481344 drain_end 1 0
1615440591367968 133811754481344 subm_beg 1 0
1615440596840357 133811754481344 subm_end 1 0
1615440596841147 133811754481344 pump_beg 1 0
1615440600875359 133811746088640 emit_end 218 0
1615440613170038 133811754481344 pump_end 1 2
1615440613172028 133811754481344 join_beg 1 0
1615440613173518 133811754481344 join_end 0 0
1615440615242652 133811754481344 coll_beg 0 0
1615440623581136 133811754481344 coll_end 0 0
1615440627028249 133811754481344 drain_beg 0 0
1615440627029259 133811754481344 drain_end 1 0
1615440627029849 133811754481344 subm_beg 1 0
1615440627052259 133811746088640 emit_beg 219 0
1615440630596348 133811754481344 subm_end 1 0
1615440630596818 133811754481344 pump_beg 1 0
1615440636339748 133811746088640 emit_end 219 0
1615440645982594 133811754481344 pump_end 1 2
1615440645983254 133811754481344 join_beg 1 0
1615440645984004 133811754481344 join_end 0 0
1615440647917853 133811754481344 coll_beg 0 0
1615440655229064 133811754481344 coll_end 0 0
1615440657333967 133811746088640 emit_beg 220 0
1615440659198608 133811754481344 drain_beg 0 0
1615440659202848 133811754481344 drain_end 1 0
1615440659204038 133811754481344 subm_beg 1 0
1615440664786803 133811754481344 subm_end 1 0
1615440664789173 133811754481344 pump_beg 1 0
1615440667099688 133811746088640 emit_end 220 0
1615440680880172 133811754481344 pump_end 1 2
1615440680881532 133811754481344 join_beg 1 0
1615440680882152 133811754481344 join_end 0 0
1615440683330913 133811754481344 coll_beg 0 0
1615440691439345 133811754481344 coll_end 0 0
1615440693446861 133811754481344 drain_beg 0 0
1615440693449191 133811754481344 drain_end 1 0
1615440693450521 133811754481344 subm_beg 1 0
1615440693454701 133811746088640 emit_beg 221 0
1615440697359538 133811754481344 subm_end 1 0
1615440697361407 133811754481344 pump_beg 1 0
1615440703128066 133811746088640 emit_end 221 0
1615440712321968 133811754481344 pump_end 1 2
1615440712322968 133811754481344 join_beg 1 0
1615440712323748 133811754481344 join_end 0 0
1615440714166431 133811754481344 coll_beg 0 0
1615440723678562 133811754481344 coll_end 0 0
1615440726268356 133811754481344 drain_beg 0 0
1615440726271036 133811754481344 drain_end 1 0
1615440726272396 133811754481344 subm_beg 1 0
1615440726285646 133811746088640 emit_beg 222 0
1615440729994890 133811754481344 subm_end 1 0
1615440729995450 133811754481344 pump_beg 1 0
1615440735975580 133811746088640 emit_end 222 0
1615440745989232 133811754481344 pump_end 1 2
1615440745990352 133811754481344 join_beg 1 0
1615440745991202 133811754481344 join_end 0 0
1615440747893493 133811754481344 coll_beg 0 0
1615440755802662 133811754481344 coll_end 0 0
1615440757722772 133811746088640 emit_beg 223 0
1615440759595193 133811754481344 drain_beg 0 0
1615440759599783 133811754481344 drain_end 1 0
1615440759601933 133811754481344 subm_beg 1 0
1615440765101681 133811754481344 subm_end 1 0
1615440765102771 133811754481344 pump_beg 1 0
1615440767511482 133811746088640 emit_end 223 0
1615440782316629 133811754481344 pump_end 1 2
1615440782318389 133811754481344 join_beg 1 0
1615440782319469 133811754481344 join_end 0 0
1615440785364367 133811754481344 coll_beg 0 0
1615440798431607 133811754481344 coll_end 0 0
1615440800326908 133811754481344 drain_beg 0 0
1615440800327718 133811754481344 drain_end 1 0
1615440800328278 133811754481344 subm_beg 1 0
1615440800336797 133811746088640 emit_beg 224 0
1615440802261097 133811754481344 subm_end 1 0
1615440802261597 133811754481344 pump_beg 1 0
1615440808415381 133811746088640 emit_end 224 0
1615440819870370 133811754481344 pump_end 1 2
1615440819870970 133811754481344 join_beg 1 0
1615440819871670 133811754481344 join_end 0 0
1615440821735252 133811754481344 coll_beg 0 0
1615440835698489 133811754481344 coll_end 0 0
1615440837588080 133811754481344 drain_beg 0 0
1615440837588790 133811754481344 drain_end 1 0
1615440837589550 133811754481344 subm_beg 1 0
1615440837605649 133811746088640 emit_beg 225 0
1615440841587903 133811754481344 subm_end 1 0
1615440841588433 133811754481344 pump_beg 1 0
1615440848107734 133811746088640 emit_end 225 0
1615440857781769 133811754481344 pump_end 1 2
1615440857783359 133811754481344 join_beg 1 0
1615440857784119 133811754481344 join_end 0 0
1615440859776355 133811754481344 coll_beg 0 0
1615440867666556 133811754481344 coll_end 0 0
1615440869784628 133811746088640 emit_beg 226 0
1615440871773215 133811754481344 drain_beg 0 0
1615440871774825 133811754481344 drain_end 1 0
1615440871775765 133811754481344 subm_beg 1 0
1615440877402618 133811754481344 subm_end 1 0
1615440877403248 133811754481344 pump_beg 1 0
1615440879500731 133811746088640 emit_end 226 0
1615440893240387 133811754481344 pump_end 1 2
1615440893241707 133811754481344 join_beg 1 0
1615440893242347 133811754481344 join_end 0 0
1615440895878790 133811754481344 coll_beg 0 0
1615440903354666 133811754481344 coll_end 0 0
1615440905761407 133811754481344 drain_beg 0 0
1615440905762047 133811754481344 drain_end 1 0
1615440905762577 133811754481344 subm_beg 1 0
1615440905787226 133811746088640 emit_beg 227 0
1615440909400784 133811754481344 subm_end 1 0
1615440909401224 133811754481344 pump_beg 1 0
1615440915249809 133811746088640 emit_end 227 0
1615440925209604 133811754481344 pump_end 1 2
1615440925210273 133811754481344 join_beg 1 0
1615440925210643 133811754481344 join_end 0 0
1615440927082515 133811754481344 coll_beg 0 0
1615440934660317 133811754481344 coll_end 0 0
1615440936966002 133811754481344 drain_beg 0 0
1615440936966382 133811754481344 drain_end 1 0
1615440936966782 133811754481344 subm_beg 1 0
1615440936989731 133811746088640 emit_beg 228 0
1615440940643307 133811754481344 subm_end 1 0
1615440940643647 133811754481344 pump_beg 1 0
1615440946440194 133811746088640 emit_end 228 0
1615440956049721 133811754481344 pump_end 1 2
1615440956050881 133811754481344 join_beg 1 0
1615440956051471 133811754481344 join_end 0 0
1615440958617117 133811754481344 coll_beg 0 0
1615440965822813 133811754481344 coll_end 0 0
1615440967754552 133811746088640 emit_beg 229 0
1615440969563675 133811754481344 drain_beg 0 0
1615440969564155 133811754481344 drain_end 1 0
1615440969564515 133811754481344 subm_beg 1 0
1615440971439626 133811754481344 subm_end 1 0
1615440971440006 133811754481344 pump_beg 1 0
1615440977245613 133811746088640 emit_end 229 0
1615440987557635 133811754481344 pump_end 1 2
1615440987560095 133811754481344 join_beg 1 0
1615440987561085 133811754481344 join_end 0 0
1615440990618242 133811754481344 coll_beg 0 0
1615440998880089 133811754481344 coll_end 0 0
1615441002234876 133811754481344 drain_beg 0 0
1615441002235546 133811754481344 drain_end 1 0
1615441002235926 133811754481344 subm_beg 1 0
1615441002247945 133811746088640 emit_beg 230 0
1615441005550444 133811754481344 subm_end 1 0
1615441005550794 133811754481344 pump_beg 1 0
1615441010939066 133811746088640 emit_end 230 0
1615441021852356 133811754481344 pump_end 1 2
1615441021853596 133811754481344 join_beg 1 0
1615441021854226 133811754481344 join_end 0 0
1615441023597572 133811754481344 coll_beg 0 0
1615441031279690 133811754481344 coll_end 0 0
1615441033587795 133811754481344 drain_beg 0 0
1615441033588315 133811754481344 drain_end 1 0
1615441033588645 133811754481344 subm_beg 1 0
1615441033609044 133811746088640 emit_beg 231 0
1615441037032179 133811754481344 subm_end 1 0
1615441037032489 133811754481344 pump_beg 1 0
1615441044265883 133811746088640 emit_end 231 0
1615441052192282 133811754481344 pump_end 1 2
1615441052193312 133811754481344 join_beg 1 0
1615441052193682 133811754481344 join_end 0 0
1615441053914269 133811754481344 coll_beg 0 0
1615441060808846 133811754481344 coll_end 0 0
1615441062504233 133811746088640 emit_beg 232 0
1615441064176622 133811754481344 drain_beg 0 0
1615441064177112 133811754481344 drain_end 1 0
1615441064177392 133811754481344 subm_beg 1 0
1615441067489101 133811754481344 subm_end 1 0
1615441067489401 133811754481344 pump_beg 1 0
1615441071139087 133811746088640 emit_end 232 0
1615441083234912 133811754481344 pump_end 1 2
1615441083236142 133811754481344 join_beg 1 0
1615441083236622 133811754481344 join_end 0 0
1615441085003908 133811754481344 coll_beg 0 0
1615441095386396 133811754481344 coll_end 0 0
1615441097901514 133811754481344 drain_beg 0 0
1615441097902234 133811754481344 drain_end 1 0
1615441097902644 133811754481344 subm_beg 1 0
1615441097904714 133811746088640 emit_beg 233 0
1615441101478583 133811754481344 subm_end 1 0
1615441101478933 133811754481344 pump_beg 1 0
1615441106960322 133811746088640 emit_end 233 0
1615441118523437 133811754481344 pump_end 1 2
1615441118526367 133811754481344 join_beg 1 0
1615441118527797 133811754481344 join_end 0 0
1615441120529793 133811754481344 coll_beg 0 0
1615441128052747 133811754481344 coll_end 0 0
1615441129795993 133811746088640 emit_beg 234 0
1615441131457602 133811754481344 drain_beg 0 0
1615441131458102 133811754481344 drain_end 1 0
1615441131458452 133811754481344 subm_beg 1 0
1615441136524836 133811754481344 subm_end 1 0
1615441136525186 133811754481344 pump_beg 1 0
1615441138580361 133811746088640 emit_end 234 0
1615441152894425 133811754481344 pump_end 1 2
1615441152895155 133811754481344 join_beg 1 0
1615441152895565 133811754481344 join_end 0 0
1615441154912311 133811754481344 coll_beg 0 0
1615441163192627 133811754481344 coll_end 0 0
1615441165740094 133811754481344 drain_beg 0 0
1615441165740494 133811754481344 drain_end 1 0
1615441165740734 133811754481344 subm_beg 1 0
1615441165765573 133811746088640 emit_beg 235 0
1615441169095141 133811754481344 subm_end 1 0
1615441169095461 133811754481344 pump_beg 1 0
1615441174399506 133811746088640 emit_end 235 0
1615441185518618 133811754481344 pump_end 1 2
1615441185532947 133811754481344 join_beg 1 0
1615441185534077 133811754481344 join_end 0 0
1615441187735156 133811754481344 coll_beg 0 0
1615441195478942 133811754481344 coll_end 0 0
1615441198636676 133811754481344 drain_beg 0 0
1615441198637306 133811754481344 drain_end 1 0
1615441198637586 133811754481344 subm_beg 1 0
1615441198661785 133811746088640 emit_beg 236 0
1615441201994203 133811754481344 subm_end 1 0
1615441201994563 133811754481344 pump_beg 1 0
1615441207612827 133811746088640 emit_end 236 0
1615441218543465 133811754481344 pump_end 1 2
1615441218544175 133811754481344 join_beg 1 0
1615441218544855 133811754481344 join_end 0 0
1615441220304041 133811754481344 coll_beg 0 0
1615441228544288 133811754481344 coll_end 0 0
1615441231301367 133811754481344 drain_beg 0 0
1615441231304347 133811754481344 drain_end 1 0
1615441231301407 133811746088640 emit_beg 237 0
1615441231306027 133811754481344 subm_beg 1 0
1615441234703062 133811754481344 subm_end 1 0
1615441234704912 133811754481344 pump_beg 1 0
1615441239920541 133811746088640 emit_end 237 0
1615441250974565 133811754481344 pump_end 1 2
1615441250979515 133811754481344 join_beg 1 0
1615441250981405 133811754481344 join_end 0 0
1615441252833517 133811754481344 coll_beg 0 0
1615441261459520 133811754481344 coll_end 0 0
1615441264118422 133811754481344 drain_beg 0 0
1615441264119182 133811754481344 drain_end 1 0
1615441264119792 133811754481344 subm_beg 1 0
1615441264144881 133811746088640 emit_beg 238 0
1615441267468980 133811754481344 subm_end 1 0
1615441267469360 133811754481344 pump_beg 1 0
1615441272991547 133811746088640 emit_end 238 0
1615441283278719 133811754481344 pump_end 1 2
1615441283279089 133811754481344 join_beg 1 0
1615441283279479 133811754481344 join_end 0 0
1615441285007986 133811754481344 coll_beg 0 0
1615441292544759 133811754481344 coll_end 0 0
1615441294274945 133811746088640 emit_beg 239 0
1615441296269692 133811754481344 drain_beg 0 0
1615441296275932 133811754481344 drain_end 1 0
1615441296277742 133811754481344 subm_beg 1 0
1615441301570698 133811754481344 subm_end 1 0
1615441301573137 133811754481344 pump_beg 1 0
1615441303583544 133811746088640 emit_end 239 0
1615441318145119 133811754481344 pump_end 1 2
1615441318145969 133811754481344 join_beg 1 0
1615441318146319 133811754481344 join_end 0 0
1615441321208507 133811754481344 coll_beg 0 0
1615441328750170 133811754481344 coll_end 0 0
1615441330421699 133811754481344 drain_beg 0 0
1615441330422129 133811754481344 drain_end 1 0
1615441330422409 133811754481344 subm_beg 1 0
1615441330443838 133811746088640 emit_beg 240 0
1615441333806134 133811754481344 subm_end 1 0
1615441333806484 133811754481344 pump_beg 1 0
1615441339310442 133811746088640 emit_end 240 0
1615441350667365 133811754481344 pump_end 1 2
1615441350667875 133811754481344 join_beg 1 0
1615441350668165 133811754481344 join_end 0 0
1615441353641176 133811754481344 coll_beg 0 0
1615441363252763 133811754481344 coll_end 0 0
1615441364991639 133811754481344 drain_beg 0 0
1615441364992199 133811754481344 drain_end 1 0
1615441364992579 133811754481344 subm_beg 1 0
1615441365013269 133811746088640 emit_beg 241 0
1615441368368336 133811754481344 subm_end 1 0
1615441368368576 133811754481344 pump_beg 1 0
1615441373865094 133811746088640 emit_end 241 0
1615441385783416 133811754481344 pump_end 1 2
1615441385784316 133811754481344 join_beg 1 0
1615441385784866 133811754481344 join_end 0 0
1615441389483221 133811754481344 coll_beg 0 0
1615441397513206 133811754481344 coll_end 0 0
1615441399521842 133811754481344 drain_beg 0 0
1615441399522612 133811754481344 drain_end 1 0
1615441399523032 133811754481344 subm_beg 1 0
1615441399545681 133811746088640 emit_beg 242 0
1615441403167078 133811754481344 subm_end 1 0
1615441403167558 133811754481344 pump_beg 1 0
1615441407186901 133811746088640 emit_end 242 0
1615441420286950 133811754481344 pump_end 1 2
1615441420288160 133811754481344 join_beg 1 0
1615441420288570 133811754481344 join_end 0 0
1615441422220379 133811754481344 coll_beg 0 0
1615441435885997 133811754481344 coll_end 0 0
1615441437784007 133811754481344 drain_beg 0 0
1615441437784697 133811754481344 drain_end 1 0
1615441437785077 133811754481344 subm_beg 1 0
1615441437789157 133811746088640 emit_beg 243 0
1615441443267286 133811754481344 subm_end 1 0
1615441443267686 133811754481344 pump_beg 1 0
1615441447102735 133811746088640 emit_end 243 0
1615441460074519 133811754481344 pump_end 1 2
1615441460075159 133811754481344 join_beg 1 0
1615441460075699 133811754481344 join_end 0 0
1615441462566608 133811754481344 coll_beg 0 0
1615441472230123 133811754481344 coll_end 0 0
1615441475931297 133811754481344 drain_beg 0 0
1615441475931877 133811754481344 drain_end 1 0
1615441475932207 133811754481344 subm_beg 1 0
1615441475958536 133811746088640 emit_beg 244 0
1615441479696399 133811754481344 subm_end 1 0
1615441479696729 133811754481344 pump_beg 1 0
1615441486576636 133811746088640 emit_end 244 0
1615441496744843 133811754481344 pump_end 1 2
1615441496747513 133811754481344 join_beg 1 0
1615441496748813 133811754481344 join_end 0 0
1615441498718681 133811754481344 coll_beg 0 0
1615441508278530 133811754481344 coll_end 0 0
1615441510728220 133811754481344 drain_beg 0 0
1615441510729170 133811746088640 emit_beg 245 0
1615441510729440 133811754481344 drain_end 1 0
1615441510734300 133811754481344 subm_beg 1 0
1615441516237287 133811754481344 subm_end 1 0
1615441516237817 133811754481344 pump_beg 1 0
1615441520174823 133811746088640 emit_end 245 0
1615441532584777 133811754481344 pump_end 1 2
1615441532585527 133811754481344 join_beg 1 0
1615441532585937 133811754481344 join_end 0 0
1615441535232750 133811754481344 coll_beg 0 0
1615441543900612 133811754481344 coll_end 0 0
1615441547512349 133811754481344 drain_beg 0 0
1615441547512829 133811754481344 drain_end 1 0
1615441547513579 133811754481344 subm_beg 1 0
1615441547516019 133811746088640 emit_beg 246 0
1615441553055146 133811754481344 subm_end 1 0
1615441553055736 133811754481344 pump_beg 1 0
1615441557165705 133811746088640 emit_end 246 0
1615441569364667 133811754481344 pump_end 1 2
1615441569366727 133811754481344 join_beg 1 0
1615441569367857 133811754481344 join_end 0 0
1615441574149902 133811754481344 coll_beg 0 0
1615441583699701 133811754481344 coll_end 0 0
1615441585598201 133811754481344 drain_beg 0 0
1615441585598781 133811754481344 drain_end 1 0
1615441585599101 133811754481344 subm_beg 1 0
1615441585621390 133811746088640 emit_beg 247 0
1615441589265917 133811754481344 subm_end 1 0
1615441589266257 133811754481344 pump_beg 1 0
1615441595153521 133811746088640 emit_end 247 0
1615441606501384 133811754481344 pump_end 1 2
1615441606502764 133811754481344 join_beg 1 0
1615441606504194 133811754481344 join_end 0 0
1615441608366976 133811754481344 coll_beg 0 0
1615441616287705 133811754481344 coll_end 0 0
1615441618148856 133811754481344 drain_beg 0 0
1615441618149306 133811754481344 drain_end 1 0
1615441618149776 133811754481344 subm_beg 1 0
1615441618173006 133811746088640 emit_beg 248 0
1615441621765714 133811754481344 subm_end 1 0
1615441621766084 133811754481344 pump_beg 1 0
1615441627582960 133811746088640 emit_end 248 0
1615441638142642 133811754481344 pump_end 1 2
1615441638144822 133811754481344 join_beg 1 0
1615441638146462 133811754481344 join_end 0 0
1615441640129439 133811754481344 coll_beg 0 0
1615441647726401 133811754481344 coll_end 0 0
1615441650378773 133811746088640 emit_beg 249 0
1615441652210336 133811754481344 drain_beg 0 0
1615441652211156 133811754481344 drain_end 1 0
1615441652211506 133811754481344 subm_beg 1 0
1615441657645467 133811754481344 subm_end 1 0
1615441657645697 133811754481344 pump_beg 1 0
1615441659846016 133811746088640 emit_end 249 0
1615441673791674 133811754481344 pump_end 1 2
1615441673792864 133811754481344 join_beg 1 0
1615441673793504 133811754481344 join_end 0 0
1615441675898976 133811754481344 coll_beg 0 0
1615441683551545 133811754481344 coll_end 0 0
1615441685940388 133811746088640 emit_beg 250 0
1615441687766131 133811754481344 drain_beg 0 0
1615441687766611 133811754481344 drain_end 1 0
1615441687767021 133811754481344 subm_beg 1 0
1615441693340566 133811754481344 subm_end 1 0
1615441693340806 133811754481344 pump_beg 1 0
1615441697497394 133811746088640 emit_end 250 0
1615441709626258 133811754481344 pump_end 1 2
1615441709628288 133811754481344 join_beg 1 0
1615441709629148 133811754481344 join_end 0 0
1615441713059062 133811754481344 coll_beg 0 0
1615441721421685 133811754481344 coll_end 0 0
1615441723485250 133811754481344 drain_beg 0 0
1615441723486380 133811754481344 drain_end 1 0
1615441723486959 133811754481344 subm_beg 1 0
1615441723509469 133811746088640 emit_beg 251 0
1615441727197273 133811754481344 subm_end 1 0
1615441727197703 133811754481344 pump_beg 1 0
1615441733087077 133811746088640 emit_end 251 0
1615441743574362 133811754481344 pump_end 1 2
1615441743576192 133811754481344 join_beg 1 0
1615441743577442 133811754481344 join_end 0 0
1615441745480422 133811754481344 coll_beg 0 0
1615441755082200 133811754481344 coll_end 0 0
1615441757565409 133811754481344 drain_beg 0 0
1615441757566109 133811754481344 drain_end 1 0
1615441757566679 133811754481344 subm_beg 1 0
1615441757592198 133811746088640 emit_beg 252 0
1615441761246823 133811754481344 subm_end 1 0
1615441761247143 133811754481344 pump_beg 1 0
1615441765388521 133811746088640 emit_end 252 0
1615441777613463 133811754481344 pump_end 1 2
1615441777614003 133811754481344 join_beg 1 0
1615441777614593 133811754481344 join_end 0 0
1615441779501953 133811754481344 coll_beg 0 0
1615441790648394 133811754481344 coll_end 0 0
1615441793101454 133811754481344 drain_beg 0 0
1615441793102314 133811754481344 drain_end 1 0
1615441793102594 133811754481344 subm_beg 1 0
1615441793105434 133811746088640 emit_beg 253 0
1615441796769189 133811754481344 subm_end 1 0
1615441796769549 133811754481344 pump_beg 1 0
1615441802378403 133811746088640 emit_end 253 0
1615441813905930 133811754481344 pump_end 1 2
1615441813906550 133811754481344 join_beg 1 0
1615441813906810 133811754481344 join_end 0 0
1615441817378163 133811754481344 coll_beg 0 0
1615441829166090 133811754481344 coll_end 0 0
1615441830951185 133811754481344 drain_beg 0 0
1615441830951605 133811754481344 drain_end 1 0
1615441830952355 133811754481344 subm_beg 1 0
1615441830957814 133811746088640 emit_beg 254 0
1615441834380509 133811754481344 subm_end 1 0
1615441834381159 133811754481344 pump_beg 1 0
1615441839877167 133811746088640 emit_end 254 0
1615441851844598 133811754481344 pump_end 1 2
1615441851846088 133811754481344 join_beg 1 0
1615441851847068 133811754481344 join_end 0 0
1615441854942264 133811754481344 coll_beg 0 0
1615441863151443 133811754481344 coll_end 0 0
1615441864942827 133811754481344 drain_beg 0 0
1615441864943267 133811754481344 drain_end 1 0
1615441864943867 133811754481344 subm_beg 1 0
1615441864950137 133811746088640 emit_beg 255 0
1615441868361431 133811754481344 subm_end 1 0
1615441868361741 133811754481344 pump_beg 1 0
1615441873874119 133811746088640 emit_end 255 0
1615441884910084 133811754481344 pump_end 1 2
1615441884910694 133811754481344 join_beg 1 0
1615441884911364 133811754481344 join_end 0 0
1615441887801688 133811754481344 coll_beg 0 0
1615441895951609 133811754481344 coll_end 0 0
1615441898902870 133811754481344 drain_beg 0 0
1615441898903600 133811754481344 drain_end 1 0
1615441898904060 133811754481344 subm_beg 1 0
1615441898910670 133811746088640 emit_beg 256 0
1615441902340114 133811754481344 subm_end 1 0
1615441902340664 133811754481344 pump_beg 1 0
1615441907918189 133811746088640 emit_end 256 0
1615441918830389 133811754481344 pump_end 1 2
1615441918831839 133811754481344 join_beg 1 0
1615441918832809 133811754481344 join_end 0 0
1615441921731542 133811754481344 coll_beg 0 0
1615441929985339 133811754481344 coll_end 0 0
1615441932878033 133811754481344 drain_beg 0 0
1615441932878733 133811754481344 drain_end 1 0
1615441932879123 133811754481344 subm_beg 1 0
1615441932904422 133811746088640 emit_beg 257 0
1615441936256279 133811754481344 subm_end 1 0
1615441936256669 133811754481344 pump_beg 1 0
1615441941715689 133811746088640 emit_end 257 0
1615441952719515 133811754481344 pump_end 1 2
1615441952726114 133811754481344 join_beg 1 0
1615441952727184 133811754481344 join_end 0 0
1615441954603626 133811754481344 coll_beg 0 0
1615441962281454 133811754481344 coll_end 0 0
1615441964094747 133811746088640 emit_beg 258 0
1615441965808254 133811754481344 drain_beg 0 0
1615441965812854 133811754481344 drain_end 1 0
1615441965814434 133811754481344 subm_beg 1 0
1615441971118209 133811754481344 subm_end 1 0
1615441971120639 133811754481344 pump_beg 1 0
1615441973238651 133811746088640 emit_end 258 0
1615441987287056 133811754481344 pump_end 1 2
1615441987288926 133811754481344 join_beg 1 0
1615441987290336 133811754481344 join_end 0 0
1615441990722800 133811754481344 coll_beg 0 0
1615441997770961 133811754481344 coll_end 0 0
1615442000176063 133811746088640 emit_beg 259 0
1615442001921628 133811754481344 drain_beg 0 0
1615442001924188 133811754481344 drain_end 1 0
1615442001925348 133811754481344 subm_beg 1 0
1615442007159056 133811754481344 subm_end 1 0
1615442007160846 133811754481344 pump_beg 1 0
1615442009260219 133811746088640 emit_end 259 0
1615442022637718 133811754481344 pump_end 1 2
1615442022639248 133811754481344 join_beg 1 0
1615442022640708 133811754481344 join_end 0 0
1615442024816498 133811754481344 coll_beg 0 0
1615442031403346 133811754481344 coll_end 0 0
1615442034276491 133811746088640 emit_beg 260 0
1615442035948679 133811754481344 drain_beg 0 0
1615442035949429 133811754481344 drain_end 1 0
1615442035950089 133811754481344 subm_beg 1 0
1615442041202947 133811754481344 subm_end 1 0
1615442041203886 133811754481344 pump_beg 1 0
1615442045009897 133811746088640 emit_end 260 0
1615442057880204 133811754481344 pump_end 1 2
1615442057881884 133811754481344 join_beg 1 0
1615442057882474 133811754481344 join_end 0 0
1615442061464653 133811754481344 coll_beg 0 0
1615442068580931 133811754481344 coll_end 0 0
1615442070919656 133811754481344 drain_beg 0 0
1615442070920246 133811754481344 drain_end 1 0
1615442070920576 133811754481344 subm_beg 1 0
1615442070946295 133811746088640 emit_beg 261 0
1615442074464886 133811754481344 subm_end 1 0
1615442074465276 133811754481344 pump_beg 1 0
1615442079859238 133811746088640 emit_end 261 0
1615442090886663 133811754481344 pump_end 1 2
1615442090887593 133811754481344 join_beg 1 0
1615442090888193 133811754481344 join_end 0 0
1615442093522646 133811754481344 coll_beg 0 0
1615442101320770 133811754481344 coll_end 0 0
1615442103067286 133811754481344 drain_beg 0 0
1615442103067916 133811754481344 drain_end 1 0
1615442103068215 133811754481344 subm_beg 1 0
1615442103070325 133811746088640 emit_beg 262 0
1615442106842657 133811754481344 subm_end 1 0
1615442106842887 133811754481344 pump_beg 1 0
1615442112280297 133811746088640 emit_end 262 0
1615442123830003 133811754481344 pump_end 1 2
1615442123832223 133811754481344 join_beg 1 0
1615442123833213 133811754481344 join_end 0 0
1615442126511155 133811754481344 coll_beg 0 0
1615442134767572 133811754481344 coll_end 0 0
1615442136641463 133811754481344 drain_beg 0 0
1615442136642143 133811754481344 drain_end 1 0
1615442136642643 133811754481344 subm_beg 1 0
1615442136645763 133811746088640 emit_beg 263 0
1615442140068327 133811754481344 subm_end 1 0
1615442140068647 133811754481344 pump_beg 1 0
1615442145610964 133811746088640 emit_end 263 0
1615442156635629 133811754481344 pump_end 1 2
1615442156636639 133811754481344 join_beg 1 0
1615442156637199 133811754481344 join_end 0 0
1615442158795200 133811754481344 coll_beg 0 0
1615442167235380 133811754481344 coll_end 0 0
1615442169774007 133811754481344 drain_beg 0 0
1615442169774617 133811754481344 drain_end 1 0
1615442169775017 133811754481344 subm_beg 1 0
1615442169779217 133811746088640 emit_beg 264 0
1615442175025484 133811754481344 subm_end 1 0
1615442175026104 133811754481344 pump_beg 1 0
1615442178923911 133811746088640 emit_end 264 0
1615442191647184 133811754481344 pump_end 1 2
1615442191648624 133811754481344 join_beg 1 0
1615442191649644 133811754481344 join_end 0 0
1615442194967402 133811754481344 coll_beg 0 0
1615442202908860 133811754481344 coll_end 0 0
1615442204644417 133811754481344 drain_beg 0 0
1615442204644967 133811754481344 drain_end 1 0
1615442204645337 133811754481344 subm_beg 1 0
1615442204680425 133811746088640 emit_beg 265 0
1615442206377373 133811754481344 subm_end 1 0
1615442206377863 133811754481344 pump_beg 1 0
1615442213826900 133811746088640 emit_end 265 0
1615442223437767 133811754481344 pump_end 1 2
1615442223438337 133811754481344 join_beg 1 0
1615442223438637 133811754481344 join_end 0 0
1615442225205592 133811754481344 coll_beg 0 0
1615442234076146 133811754481344 coll_end 0 0
1615442237001919 133811754481344 drain_beg 0 0
1615442237002819 133811754481344 drain_end 1 0
1615442237003619 133811754481344 subm_beg 1 0
1615442237024658 133811746088640 emit_beg 266 0
1615442240660125 133811754481344 subm_end 1 0
1615442240660605 133811754481344 pump_beg 1 0
1615442246508190 133811746088640 emit_end 266 0
1615442258219410 133811754481344 pump_end 1 2
1615442258221500 133811754481344 join_beg 1 0
1615442258223110 133811754481344 join_end 0 0
1615442260206677 133811754481344 coll_beg 0 0
1615442269375390 133811754481344 coll_end 0 0
1615442272296493 133811746088640 emit_beg 267 0
1615442272297673 133811754481344 drain_beg 0 0
1615442272298693 133811754481344 drain_end 1 0
1615442272299523 133811754481344 subm_beg 1 0
1615442277803631 133811754481344 subm_end 1 0
1615442277804271 133811754481344 pump_beg 1 0
1615442281725127 133811746088640 emit_end 267 0
1615442295890877 133811754481344 pump_end 1 2
1615442295892817 133811754481344 join_beg 1 0
1615442295893947 133811754481344 join_end 0 0
1615442297894774 133811754481344 coll_beg 0 0
1615442307065657 133811754481344 coll_end 0 0
1615442309613223 133811754481344 drain_beg 0 0
1615442309614293 133811754481344 drain_end 1 0
1615442309614803 133811746088640 emit_beg 268 0
1615442309615203 133811754481344 subm_beg 1 0
1615442315084113 133811754481344 subm_end 1 0
1615442315084593 133811754481344 pump_beg 1 0
1615442319092396 133811746088640 emit_end 268 0
1615442332659638 133811754481344 pump_end 1 2
1615442332664107 133811754481344 join_beg 1 0
1615442332665907 133811754481344 join_end 0 0
1615442334659884 133811754481344 coll_beg 0 0
1615442346619695 133811754481344 coll_end 0 0
1615442349186221 133811754481344 drain_beg 0 0
1615442349186881 133811746088640 emit_beg 269 0
1615442349188961 133811754481344 drain_end 1 0
1615442349191741 133811754481344 subm_beg 1 0
1615442352894785 133811754481344 subm_end 1 0
1615442352895055 133811754481344 pump_beg 1 0
1615442359801231 133811746088640 emit_end 269 0
1615442369509595 133811754481344 pump_end 1 2
1615442369511395 133811754481344 join_beg 1 0
1615442369512795 133811754481344 join_end 0 0
1615442371453093 133811754481344 coll_beg 0 0
1615442380561099 133811754481344 coll_end 0 0
1615442383209662 133811754481344 drain_beg 0 0
1615442383210382 133811754481344 drain_end 1 0
1615442383210802 133811754481344 subm_beg 1 0
1615442383211242 133811746088640 emit_beg 270 0
1615442386872947 133811754481344 subm_end 1 0
1615442386873387 133811754481344 pump_beg 1 0
1615442390867041 133811746088640 emit_end 270 0
1615442402654688 133811754481344 pump_end 1 2
1615442402661518 133811754481344 join_beg 1 0
1615442402664318 133811754481344 join_end 0 0
1615442404717312 133811754481344 coll_beg 0 0
1615442411780023 133811754481344 coll_end 0 0
1615442414693336 133811754481344 drain_beg 0 0
1615442414694076 133811746088640 emit_beg 271 0
1615442414694306 133811754481344 drain_end 1 0
1615442414696376 133811754481344 subm_beg 1 0
1615442420134406 133811754481344 subm_end 1 0
1615442420134906 133811754481344 pump_beg 1 0
1615442424165418 133811746088640 emit_end 271 0
1615442435367297 133811754481344 pump_end 1 2
1615442435369207 133811754481344 join_beg 1 0
1615442435370097 133811754481344 join_end 0 0
1615442437292437 133811754481344 coll_beg 0 0
1615442444002670 133811754481344 coll_end 0 0
1615442447191413 133811754481344 drain_beg 0 0
1615442447192703 133811746088640 emit_beg 272 0
1615442447192873 133811754481344 drain_end 1 0
1615442447194623 133811754481344 subm_beg 1 0
1615442452600755 133811754481344 subm_end 1 0
1615442452601125 133811754481344 pump_beg 1 0
1615442456517841 133811746088640 emit_end 272 0
1615442467807216 133811754481344 pump_end 1 2
1615442467809776 133811754481344 join_beg 1 0
1615442467810626 133811754481344 join_end 0 0
1615442469721746 133811754481344 coll_beg 0 0
1615442476408141 133811754481344 coll_end 0 0
1615442479649772 133811754481344 drain_beg 0 0
1615442479650922 133811754481344 drain_end 1 0
1615442479651142 133811746088640 emit_beg 273 0
1615442479651622 133811754481344 subm_beg 1 0
1615442483255399 133811754481344 subm_end 1 0
1615442483255899 133811754481344 pump_beg 1 0
1615442489073676 133811746088640 emit_end 273 0
1615442499092418 133811754481344 pump_end 1 2
1615442499096378 133811754481344 join_beg 1 0
1615442499097558 133811754481344 join_end 0 0
1615442501047226 133811754481344 coll_beg 0 0
1615442510814178 133811754481344 coll_end 0 0
1615442513234839 133811754481344 drain_beg 0 0
1615442513235679 133811754481344 drain_end 1 0
1615442513236619 133811754481344 subm_beg 1 0
1615442513237089 133811746088640 emit_beg 274 0
1615442516886935 133811754481344 subm_end 1 0
1615442516887415 133811754481344 pump_beg 1 0
1615442522849176 133811746088640 emit_end 274 0
1615442533240004 133811754481344 pump_end 1 2
1615442533240814 133811754481344 join_beg 1 0
1615442533241324 133811754481344 join_end 0 0
1615442535085787 133811754481344 coll_beg 0 0
1615442542105439 133811754481344 coll_end 0 0
1615442544964664 133811754481344 drain_beg 0 0
1615442544965124 133811754481344 drain_end 1 0
1615442544965544 133811754481344 subm_beg 1 0
1615442544968454 133811746088640 emit_beg 275 0
1615442548617140 133811754481344 subm_end 1 0
1615442548617600 133811754481344 pump_beg 1 0
1615442554386808 133811746088640 emit_end 275 0
1615442563991346 133811754481344 pump_end 1 2
1615442563992885 133811754481344 join_beg 1 0
1615442563993475 133811754481344 join_end 0 0
1615442565884356 133811754481344 coll_beg 0 0
1615442572352399 133811754481344 coll_end 0 0
1615442575006571 133811746088640 emit_beg 276 0
1615442576810735 133811754481344 drain_beg 0 0
1615442576815465 133811754481344 drain_end 1 0
1615442576817695 133811754481344 subm_beg 1 0
1615442582319653 133811754481344 subm_end 1 0
1615442582320093 133811754481344 pump_beg 1 0
1615442584446385 133811746088640 emit_end 276 0
1615442598687162 133811754481344 pump_end 1 2
1615442598689192 133811754481344 join_beg 1 0
1615442598690192 133811754481344 join_end 0 0
1615442600707808 133811754481344 coll_beg 0 0
1615442607000937 133811754481344 coll_end 0 0
1615442610698411 133811754481344 drain_beg 0 0
1615442610699391 133811754481344 drain_end 1 0
1615442610700101 133811754481344 subm_beg 1 0
1615442610700731 133811746088640 emit_beg 277 0
1615442614339987 133811754481344 subm_end 1 0
1615442614340477 133811754481344 pump_beg 1 0
1615442620105646 133811746088640 emit_end 277 0
1615442630146067 133811754481344 pump_end 1 2
1615442630147957 133811754481344 join_beg 1 0
1615442630149407 133811754481344 join_end 0 0
1615442632024898 133811754481344 coll_beg 0 0
1615442637864534 133811754481344 coll_end 0 0
1615442639894599 133811746088640 emit_beg 278 0
1615442641630425 133811754481344 drain_beg 0 0
1615442641633945 133811754481344 drain_end 1 0
1615442641635865 133811754481344 subm_beg 1 0
1615442646857174 133811754481344 subm_end 1 0
1615442646857654 133811754481344 pump_beg 1 0
1615442648912128 133811746088640 emit_end 278 0
1615442663571930 133811754481344 pump_end 1 2
1615442663576880 133811754481344 join_beg 1 0
1615442663578730 133811754481344 join_end 0 0
1615442666934147 133811754481344 coll_beg 0 0
1615442674715561 133811754481344 coll_end 0 0
1615442678052479 133811754481344 drain_beg 0 0
1615442678052879 133811754481344 drain_end 1 0
1615442678053228 133811754481344 subm_beg 1 0
1615442678055488 133811746088640 emit_beg 279 0
1615442681583559 133811754481344 subm_end 1 0
1615442681583789 133811754481344 pump_beg 1 0
1615442686945392 133811746088640 emit_end 279 0
1615442699457943 133811754481344 pump_end 1 2
1615442699469932 133811754481344 join_beg 1 0
1615442699471262 133811754481344 join_end 0 0
1615442701659252 133811754481344 coll_beg 0 0
1615442710338023 133811754481344 coll_end 0 0
1615442712152187 133811754481344 drain_beg 0 0
1615442712152477 133811746088640 emit_beg 280 0
1615442712153547 133811754481344 drain_end 1 0
1615442712158186 133811754481344 subm_beg 1 0
1615442715653018 133811754481344 subm_end 1 0
1615442715653438 133811754481344 pump_beg 1 0
1615442719462088 133811746088640 emit_end 280 0
1615442733127127 133811754481344 pump_end 1 2
1615442733129647 133811754481344 join_beg 1 0
1615442733130327 133811754481344 join_end 0 0
1615442736254162 133811754481344 coll_beg 0 0
1615442745322179 133811754481344 coll_end 0 0
1615442747531708 133811754481344 drain_beg 0 0
1615442747532798 133811746088640 emit_beg 281 0
1615442747533008 133811754481344 drain_end 1 0
1615442747535118 133811754481344 subm_beg 1 0
1615442751102437 133811754481344 subm_end 1 0
1615442751103007 133811754481344 pump_beg 1 0
1615442754938366 133811746088640 emit_end 281 0
1615442768313335 133811754481344 pump_end 1 2
1615442768314345 133811754481344 join_beg 1 0
1615442768315185 133811754481344 join_end 0 0
1615442770099479 133811754481344 coll_beg 0 0
1615442778145494 133811754481344 coll_end 0 0
1615442781635516 133811754481344 drain_beg 0 0
1615442781636936 133811746088640 emit_beg 282 0
1615442781637126 133811754481344 drain_end 1 0
1615442781638646 133811754481344 subm_beg 1 0
1615442786818636 133811754481344 subm_end 1 0
1615442786819566 133811754481344 pump_beg 1 0
1615442790632486 133811746088640 emit_end 282 0
1615442803413947 133811754481344 pump_end 1 2
1615442803419716 133811754481344 join_beg 1 0
1615442803422166 133811754481344 join_end 0 0
1615442805341926 133811754481344 coll_beg 0 0
1615442813732428 133811754481344 coll_end 0 0
1615442816442118 133811746088640 emit_beg 283 0
1615442816443328 133811754481344 drain_beg 0 0
1615442816444648 133811754481344 drain_end 1 0
1615442816445638 133811754481344 subm_beg 1 0
1615442821694486 133811754481344 subm_end 1 0
1615442821695126 133811754481344 pump_beg 1 0
1615442825580803 133811746088640 emit_end 283 0
1615442838129052 133811754481344 pump_end 1 2
1615442838132732 133811754481344 join_beg 1 0
1615442838134642 133811754481344 join_end 0 0
1615442840134449 133811754481344 coll_beg 0 0
1615442847247877 133811754481344 coll_end 0 0
1615442849114459 133811746088640 emit_beg 284 0
1615442850961031 133811754481344 drain_beg 0 0
1615442850966201 133811754481344 drain_end 1 0
1615442850968281 133811754481344 subm_beg 1 0
1615442856266417 133811754481344 subm_end 1 0
1615442856266936 133811754481344 pump_beg 1 0
1615442858317011 133811746088640 emit_end 284 0
1615442872603147 133811754481344 pump_end 1 2
1615442872608096 133811754481344 join_beg 1 0
1615442872609566 133811754481344 join_end 0 0
1615442875999782 133811754481344 coll_beg 0 0
1615442884306427 133811754481344 coll_end 0 0
1615442887387974 133811746088640 emit_beg 285 0
1615442887389194 133811754481344 drain_beg 0 0
1615442887392004 133811754481344 drain_end 1 0
1615442887393624 133811754481344 subm_beg 1 0
1615442890883626 133811754481344 subm_end 1 0
1615442890884616 133811754481344 pump_beg 1 0
1615442894838931 133811746088640 emit_end 285 0
1615442906517922 133811754481344 pump_end 1 2
1615442906520152 133811754481344 join_beg 1 0
1615442906521132 133811754481344 join_end 0 0
1615442910035483 133811754481344 coll_beg 0 0
1615442917738580 133811754481344 coll_end 0 0
1615442919585342 133811754481344 drain_beg 0 0
1615442919585912 133811754481344 drain_end 1 0
1615442919586352 133811754481344 subm_beg 1 0
1615442919588962 133811746088640 emit_beg 286 0
1615442923061884 133811754481344 subm_end 1 0
1615442923062324 133811754481344 pump_beg 1 0
1615442928568972 133811746088640 emit_end 286 0
1615442938811186 133811754481344 pump_end 1 2
1615442938812366 133811754481344 join_beg 1 0
1615442938813146 133811754481344 join_end 0 0
1615442940628760 133811754481344 coll_beg 0 0
1615442949318161 133811754481344 coll_end 0 0
1615442952319030 133811754481344 drain_beg 0 0
1615442952319570 133811754481344 drain_end 1 0
1615442952319960 133811754481344 subm_beg 1 0
1615442952325010 133811746088640 emit_beg 287 0
1615442955789553 133811754481344 subm_end 1 0
1615442955790013 133811754481344 pump_beg 1 0
1615442961355669 133811746088640 emit_end 287 0
1615442971370281 133811754481344 pump_end 1 2
1615442971372121 133811754481344 join_beg 1 0
1615442971372571 133811754481344 join_end 0 0
1615442973133616 133811754481344 coll_beg 0 0
1615442982489773 133811754481344 coll_end 0 0
1615442984632754 133811746088640 emit_beg 288 0
1615442984634864 133811754481344 drain_beg 0 0
1615442984637524 133811754481344 drain_end 1 0
1615442984639004 133811754481344 subm_beg 1 0
1615442989922860 133811754481344 subm_end 1 0
1615442989923260 133811754481344 pump_beg 1 0
1615442993627704 133811746088640 emit_end 288 0
1615443006108596 133811754481344 pump_end 1 2
1615443006111266 133811754481344 join_beg 1 0
1615443006112536 133811754481344 join_end 0 0
1615443009537370 133811754481344 coll_beg 0 0
1615443018581398 133811754481344 coll_end 0 0
1615443020743359 133811754481344 drain_beg 0 0
1615443020744059 133811754481344 drain_end 1 0
1615443020744809 133811754481344 subm_beg 1 0
1615443020745349 133811746088640 emit_beg 289 0
1615443024229031 133811754481344 subm_end 1 0
1615443024229471 133811754481344 pump_beg 1 0
1615443029668361 133811746088640 emit_end 289 0
1615443040415747 133811754481344 pump_end 1 2
1615443040417646 133811754481344 join_beg 1 0
1615443040418656 133811754481344 join_end 0 0
1615443042228460 133811754481344 coll_beg 0 0
1615443053128780 133811754481344 coll_end 0 0
1615443056145239 133811754481344 drain_beg 0 0
1615443056146169 133811754481344 drain_end 1 0
1615443056146959 133811754481344 subm_beg 1 0
1615443056169528 133811746088640 emit_beg 290 0
1615443058049519 133811754481344 subm_end 1 0
1615443058050049 133811754481344 pump_beg 1 0
1615443065657130 133811746088640 emit_end 290 0
1615443074742316 133811754481344 pump_end 1 2
1615443074744126 133811754481344 join_beg 1 0
1615443074745596 133811754481344 join_end 0 0
1615443076728314 133811754481344 coll_beg 0 0
1615443085161504 133811754481344 coll_end 0 0
1615443088482292 133811754481344 drain_beg 0 0
1615443088483172 133811754481344 drain_end 1 0
1615443088484012 133811754481344 subm_beg 1 0
1615443088504631 133811746088640 emit_beg 291 0
1615443092144718 133811754481344 subm_end 1 0
1615443092145178 133811754481344 pump_beg 1 0
1615443098014192 133811746088640 emit_end 291 0
1615443107961207 133811754481344 pump_end 1 2
1615443107963377 133811754481344 join_beg 1 0
1615443107964067 133811754481344 join_end 0 0
1615443110017711 133811754481344 coll_beg 0 0
1615443116881200 133811754481344 coll_end 0 0
1615443119621439 133811746088640 emit_beg 292 0
1615443121505980 133811754481344 drain_beg 0 0
1615443121510490 133811754481344 drain_end 1 0
1615443121512320 133811754481344 subm_beg 1 0
1615443127229570 133811754481344 subm_end 1 0
1615443127231620 133811754481344 pump_beg 1 0
1615443131199064 133811746088640 emit_end 292 0
1615443143523442 133811754481344 pump_end 1 2
1615443143526221 133811754481344 join_beg 1 0
1615443143527421 133811754481344 join_end 0 0
1615443145888255 133811754481344 coll_beg 0 0
1615443153582922 133811754481344 coll_end 0 0
1615443155922766 133811754481344 drain_beg 0 0
1615443155923996 133811754481344 drain_end 1 0
1615443155924806 133811754481344 subm_beg 1 0
1615443155945646 133811746088640 emit_beg 293 0
1615443159572022 133811754481344 subm_end 1 0
1615443159572482 133811754481344 pump_beg 1 0
1615443165547653 133811746088640 emit_end 293 0
1615443175776958 133811754481344 pump_end 1 2
1615443175781757 133811754481344 join_beg 1 0
1615443175783677 133811754481344 join_end 0 0
1615443177790814 133811754481344 coll_beg 0 0
1615443186210055 133811754481344 coll_end 0 0
1615443189787573 133811754481344 drain_beg 0 0
1615443189788463 133811754481344 drain_end 1 0
1615443189789413 133811754481344 subm_beg 1 0
1615443189810312 133811746088640 emit_beg 294 0
1615443193530786 133811754481344 subm_end 1 0
1615443193531266 133811754481344 pump_beg 1 0
1615443199361652 133811746088640 emit_end 294 0
1615443209177901 133811754481344 pump_end 1 2
1615443209179141 133811754481344 join_beg 1 0
1615443209179821 133811754481344 join_end 0 0
1615443211098071 133811754481344 coll_beg 0 0
1615443218312606 133811754481344 coll_end 0 0
1615443221467590 133811746088640 emit_beg 295 0
1615443223363801 133811754481344 drain_beg 0 0
1615443223368171 133811754481344 drain_end 1 0
1615443223369630 133811754481344 subm_beg 1 0
1615443229021543 133811754481344 subm_end 1 0
1615443229036252 133811754481344 pump_beg 1 0
1615443231218562 133811746088640 emit_end 295 0
1615443245374073 133811754481344 pump_end 1 2
1615443245377213 133811754481344 join_beg 1 0
1615443245379173 133811754481344 join_end 0 0
1615443247470766 133811754481344 coll_beg 0 0
1615443255046278 133811754481344 coll_end 0 0
1615443257326184 133811746088640 emit_beg 296 0
1615443259171926 133811754481344 drain_beg 0 0
1615443259175976 133811754481344 drain_end 1 0
1615443259177546 133811754481344 subm_beg 1 0
1615443264778860 133811754481344 subm_end 1 0
1615443264781270 133811754481344 pump_beg 1 0
1615443267009898 133811746088640 emit_end 296 0
1615443281154799 133811754481344 pump_end 1 2
1615443281156749 133811754481344 join_beg 1 0
1615443281158069 133811754481344 join_end 0 0
1615443283195554 133811754481344 coll_beg 0 0
1615443290251575 133811754481344 coll_end 0 0
1615443293196247 133811746088640 emit_beg 297 0
1615443295039299 133811754481344 drain_beg 0 0
1615443295041199 133811754481344 drain_end 1 0
1615443295041879 133811754481344 subm_beg 1 0
1615443300586056 133811754481344 subm_end 1 0
1615443300587796 133811754481344 pump_beg 1 0
1615443302776366 133811746088640 emit_end 297 0
1615443316809590 133811754481344 pump_end 1 2
1615443316810500 133811754481344 join_beg 1 0
1615443316811050 133811754481344 join_end 0 0
1615443318855055 133811754481344 coll_beg 0 0
1615443326974417 133811754481344 coll_end 0 0
1615443329709517 133811754481344 drain_beg 0 0
1615443329710247 133811754481344 drain_end 1 0
1615443329711057 133811754481344 subm_beg 1 0
1615443329715507 133811746088640 emit_beg 298 0
1615443333381932 133811754481344 subm_end 1 0
1615443333382362 133811754481344 pump_beg 1 0
1615443339165190 133811746088640 emit_end 298 0
1615443350437396 133811754481344 pump_end 1 2
1615443350439406 133811754481344 join_beg 1 0
1615443350440466 133811754481344 join_end 0 0
1615443352410703 133811754481344 coll_beg 0 0
1615443360518276 133811754481344 coll_end 0 0
1615443362464535 133811754481344 drain_beg 0 0
1615443362465425 133811754481344 drain_end 1 0
1615443362466125 133811754481344 subm_beg 1 0
1615443362491234 133811746088640 emit_beg 299 0
1615443366187008 133811754481344 subm_end 1 0
1615443366187428 133811754481344 pump_beg 1 0
1615443372269105 133811746088640 emit_end 299 0
1615443383178584 133811754481344 pump_end 1 2
1615443383179034 133811754481344 join_beg 1 0
1615443383179384 133811754481344 join_end 0 0
1615443385059875 133811754481344 coll_beg 0 0
1615443392764782 133811754481344 coll_end 0 0
1615443394684412 133811746088640 emit_beg 300 0
1615443396557763 133811754481344 drain_beg 0 0
1615443396562353 133811754481344 drain_end 1 0
1615443396564153 133811754481344 subm_beg 1 0
1615443404101336 133811754481344 subm_end 1 0
1615443404104396 133811754481344 pump_beg 1 0
1615443406397272 133811746088640 emit_end 300 0
1615443421043184 133811754481344 pump_end 1 2
1615443421045134 133811754481344 join_beg 1 0
1615443421046024 133811754481344 join_end 0 0
1615443424498197 133811754481344 coll_beg 0 0
1615443432173815 133811754481344 coll_end 0 0
1615443434478411 133811754481344 drain_beg 0 0
1615443434479231 133811754481344 drain_end 1 0
1615443434480011 133811754481344 subm_beg 1 0
1615443434499330 133811746088640 emit_beg 301 0
1615443438115638 133811754481344 subm_end 1 0
1615443438115988 133811754481344 pump_beg 1 0
1615443446102764 133811746088640 emit_end 301 0
1615443454631951 133811754481344 pump_end 1 2
1615443454642241 133811754481344 join_beg 1 0
1615443454642901 133811754481344 join_end 0 0
1615443456508472 133811754481344 coll_beg 0 0
1615443463781645 133811754481344 coll_end 0 0
1615443465707395 133811746088640 emit_beg 302 0
1615443467538677 133811754481344 drain_beg 0 0
1615443467543347 133811754481344 drain_end 1 0
1615443467544637 133811754481344 subm_beg 1 0
1615443472841053 133811754481344 subm_end 1 0
1615443472841513 133811754481344 pump_beg 1 0
1615443474914106 133811746088640 emit_end 302 0
1615443489783161 133811754481344 pump_end 1 2
1615443489784211 133811754481344 join_beg 1 0
1615443489784761 133811754481344 join_end 0 0
1615443491608384 133811754481344 coll_beg 0 0
1615443499406108 133811754481344 coll_end 0 0
1615443501202082 133811754481344 drain_beg 0 0
1615443501202792 133811754481344 drain_end 1 0
1615443501203392 133811754481344 subm_beg 1 0
1615443501223251 133811746088640 emit_beg 303 0
1615443504428423 133811754481344 subm_end 1 0
1615443504428833 133811754481344 pump_beg 1 0
1615443510171752 133811746088640 emit_end 303 0
1615443520863090 133811754481344 pump_end 1 2
1615443520863990 133811754481344 join_beg 1 0
1615443520864600 133811754481344 join_end 0 0
1615443522710542 133811754481344 coll_beg 0 0
1615443530494326 133811754481344 coll_end 0 0
1615443533561584 133811754481344 drain_beg 0 0
1615443533562054 133811754481344 drain_end 1 0
1615443533562584 133811754481344 subm_beg 1 0
1615443533564204 133811746088640 emit_beg 304 0
1615443537056545 133811754481344 subm_end 1 0
1615443537057065 133811754481344 pump_beg 1 0
1615443542522555 133811746088640 emit_end 304 0
1615443553605448 133811754481344 pump_end 1 2
1615443553606868 133811754481344 join_beg 1 0
1615443553607408 133811754481344 join_end 0 0
1615443555372603 133811754481344 coll_beg 0 0
1615443562944585 133811754481344 coll_end 0 0
1615443566062971 133811754481344 drain_beg 0 0
1615443566063891 133811754481344 drain_end 1 0
1615443566064441 133811754481344 subm_beg 1 0
1615443566066961 133811746088640 emit_beg 305 0
1615443569606671 133811754481344 subm_end 1 0
1615443569607041 133811754481344 pump_beg 1 0
1615443575048531 133811746088640 emit_end 305 0
1615443585758368 133811754481344 pump_end 1 2
1615443585759218 133811754481344 join_beg 1 0
1615443585759538 133811754481344 join_end 0 0
1615443587634079 133811754481344 coll_beg 0 0
1615443594662721 133811754481344 coll_end 0 0
1615443597706109 133811754481344 drain_beg 0 0
1615443597706629 133811746088640 emit_beg 306 0
1615443597706879 133811754481344 drain_end 1 0
1615443597708269 133811754481344 subm_beg 1 0
1615443603095401 133811754481344 subm_end 1 0
1615443603095831 133811754481344 pump_beg 1 0
1615443606724338 133811746088640 emit_end 306 0
1615443619591756 133811754481344 pump_end 1 2
1615443619596136 133811754481344 join_beg 1 0
1615443619598336 133811754481344 join_end 0 0
1615443621461567 133811754481344 coll_beg 0 0
1615443628606155 133811754481344 coll_end 0 0
1615443631250708 133811754481344 drain_beg 0 0
1615443631251388 133811754481344 drain_end 1 0
1615443631251768 133811754481344 subm_beg 1 0
1615443631253058 133811746088640 emit_beg 307 0
1615443634732460 133811754481344 subm_end 1 0
1615443634732970 133811754481344 pump_beg 1 0
1615443640296696 133811746088640 emit_end 307 0
1615443650967914 133811754481344 pump_end 1 2
1615443650969454 133811754481344 join_beg 1 0
1615443650970054 133811754481344 join_end 0 0
1615443652798787 133811754481344 coll_beg 0 0
1615443660141697 133811754481344 coll_end 0 0
1615443662686024 133811754481344 drain_beg 0 0
1615443662686624 133811754481344 drain_end 1 0
1615443662687004 133811754481344 subm_beg 1 0
1615443662692374 133811746088640 emit_beg 308 0
1615443666129218 133811754481344 subm_end 1 0
1615443666129708 133811754481344 pump_beg 1 0
1615443671783930 133811746088640 emit_end 308 0
1615443683533869 133811754481344 pump_end 1 2
1615443683534949 133811754481344 join_beg 1 0
1615443683535789 133811754481344 join_end 0 0
1615443685380001 133811754481344 coll_beg 0 0
1615443692629455 133811754481344 coll_end 0 0
1615443695520729 133811754481344 drain_beg 0 0
1615443695521269 133811754481344 drain_end 1 0
1615443695521669 133811754481344 subm_beg 1 0
1615443695528088 133811746088640 emit_beg 309 0
1615443699030130 133811754481344 subm_end 1 0
1615443699030510 133811754481344 pump_beg 1 0
1615443704683182 133811746088640 emit_end 309 0
1615443715875651 133811754481344 pump_end 1 2
1615443715877831 133811754481344 join_beg 1 0
1615443715879101 133811754481344 join_end 0 0
1615443717741073 133811754481344 coll_beg 0 0
1615443725406092 133811754481344 coll_end 0 0
1615443727248784 133811754481344 drain_beg 0 0
1615443727249464 133811754481344 drain_end 1 0
1615443727250144 133811754481344 subm_beg 1 0
1615443727254264 133811746088640 emit_beg 310 0
1615443730658109 133811754481344 subm_end 1 0
1615443730658589 133811754481344 pump_beg 1 0
1615443736341270 133811746088640 emit_end 310 0
1615443747848688 133811754481344 pump_end 1 2
1615443747850528 133811754481344 join_beg 1 0
1615443747851068 133811754481344 join_end 0 0
1615443749728969 133811754481344 coll_beg 0 0
1615443757717055 133811754481344 coll_end 0 0
1615443761084452 133811754481344 drain_beg 0 0
1615443761085372 133811754481344 drain_end 1 0
1615443761085842 133811754481344 subm_beg 1 0
1615443761085752 133811746088640 emit_beg 311 0
1615443764489077 133811754481344 subm_end 1 0
1615443764493147 133811754481344 pump_beg 1 0
1615443770285714 133811746088640 emit_end 311 0
1615443781737304 133811754481344 pump_end 1 2
1615443781740774 133811754481344 join_beg 1 0
1615443781742644 133811754481344 join_end 0 0
1615443785518365 133811754481344 coll_beg 0 0
1615443793501672 133811754481344 coll_end 0 0
1615443796715884 133811754481344 drain_beg 0 0
1615443796719114 133811754481344 drain_end 1 0
1615443796720224 133811754481344 subm_beg 1 0
1615443796720894 133811746088640 emit_beg 312 0
1615443800193336 133811754481344 subm_end 1 0
1615443800194006 133811754481344 pump_beg 1 0
1615443805812770 133811746088640 emit_end 312 0
1615443816742609 133811754481344 pump_end 1 2
1615443816746879 133811754481344 join_beg 1 0
1615443816748658 133811754481344 join_end 0 0
1615443818520893 133811754481344 coll_beg 0 0
1615443826487401 133811754481344 coll_end 0 0
1615443828300244 133811746088640 emit_beg 313 0
1615443830112928 133811754481344 drain_beg 0 0
1615443830113968 133811754481344 drain_end 1 0
1615443830114528 133811754481344 subm_beg 1 0
1615443833619709 133811754481344 subm_end 1 0
1615443833619999 133811754481344 pump_beg 1 0
1615443837425409 133811746088640 emit_end 313 0
1615443849890612 133811754481344 pump_end 1 2
1615443849892132 133811754481344 join_beg 1 0
1615443849892932 133811754481344 join_end 0 0
1615443853055136 133811754481344 coll_beg 0 0
1615443862241999 133811754481344 coll_end 0 0
1615443864690749 133811754481344 drain_beg 0 0
1615443864691639 133811754481344 drain_end 1 0
1615443864692359 133811754481344 subm_beg 1 0
1615443864697248 133811746088640 emit_beg 314 0
1615443868359194 133811754481344 subm_end 1 0
1615443868359704 133811754481344 pump_beg 1 0
1615443874364363 133811746088640 emit_end 314 0
1615443884966754 133811754481344 pump_end 1 2
1615443884967944 133811754481344 join_beg 1 0
1615443884968704 133811754481344 join_end 0 0
1615443886939152 133811754481344 coll_beg 0 0
1615443894722716 133811754481344 coll_end 0 0
1615443896602097 133811746088640 emit_beg 315 0
1615443898410891 133811754481344 drain_beg 0 0
1615443898411291 133811754481344 drain_end 1 0
1615443898411541 133811754481344 subm_beg 1 0
1615443904013005 133811754481344 subm_end 1 0
1615443904013575 133811754481344 pump_beg 1 0
1615443906490164 133811746088640 emit_end 315 0
1615443920387884 133811754481344 pump_end 1 2
1615443920388864 133811754481344 join_beg 1 0
1615443920389684 133811754481344 join_end 0 0
1615443923677023 133811754481344 coll_beg 0 0
1615443930708095 133811754481344 coll_end 0 0
1615443933813201 133811754481344 drain_beg 0 0
1615443933814481 133811754481344 drain_end 1 0
1615443933815461 133811754481344 subm_beg 1 0
1615443933815851 133811746088640 emit_beg 316 0
1615443937574133 133811754481344 subm_end 1 0
1615443937586023 133811754481344 pump_beg 1 0
1615443943587652 133811746088640 emit_end 316 0
1615443952587632 133811754481344 pump_end 1 2
1615443952589852 133811754481344 join_beg 1 0
1615443952590912 133811754481344 join_end 0 0
1615443954454833 133811754481344 coll_beg 0 0
1615443961284483 133811754481344 coll_end 0 0
1615443964405328 133811746088640 emit_beg 317 0
1615443966315748 133811754481344 drain_beg 0 0
1615443966316568 133811754481344 drain_end 1 0
1615443966317318 133811754481344 subm_beg 1 0
1615443971963451 133811754481344 subm_end 1 0
1615443971964441 133811754481344 pump_beg 1 0
1615443974132011 133811746088640 emit_end 317 0
1615443988039771 133811754481344 pump_end 1 2
1615443988042841 133811754481344 join_beg 1 0
1615443988044280 133811754481344 join_end 0 0
1615443990398644 133811754481344 coll_beg 0 0
1615443997342299 133811754481344 coll_end 0 0
1615444000514673 133811754481344 drain_beg 0 0
1615444000516483 133811754481344 drain_end 1 0
1615444000516393 133811746088640 emit_beg 318 0
1615444000517103 133811754481344 subm_beg 1 0
1615444004173148 133811754481344 subm_end 1 0
1615444004173608 133811754481344 pump_beg 1 0
1615444010175058 133811746088640 emit_end 318 0
1615444019374740 133811754481344 pump_end 1 2
1615444019375530 133811754481344 join_beg 1 0
1615444019376040 133811754481344 join_end 0 0
1615444021269991 133811754481344 coll_beg 0 0
1615444027484513 133811754481344 coll_end 0 0
1615444030466473 133811746088640 emit_beg 319 0
1615444032233358 133811754481344 drain_beg 0 0
1615444032233858 133811754481344 drain_end 1 0
1615444032234498 133811754481344 subm_beg 1 0
1615444037814073 133811754481344 subm_end 1 0
1615444037814363 133811754481344 pump_beg 1 0
1615444042023699 133811746088640 emit_end 319 0
1615444055573911 133811754481344 pump_end 1 2
1615444055576021 133811754481344 join_beg 1 0
1615444055577011 133811754481344 join_end 0 0
1615444057849358 133811754481344 coll_beg 0 0
1615444065168649 133811754481344 coll_end 0 0
1615444067824622 133811754481344 drain_beg 0 0
1615444067825482 133811754481344 drain_end 1 0
1615444067825892 133811754481344 subm_beg 1 0
1615444067847731 133811746088640 emit_beg 320 0
1615444071489807 133811754481344 subm_end 1 0
1615444071490437 133811754481344 pump_beg 1 0
1615444077320233 133811746088640 emit_end 320 0
1615444087761630 133811754481344 pump_end 1 2
1615444087762500 133811754481344 join_beg 1 0
1615444087763300 133811754481344 join_end 0 0
1615444089696999 133811754481344 coll_beg 0 0
1615444097480173 133811754481344 coll_end 0 0
1615444099358244 133811746088640 emit_beg 321 0
1615444101210156 133811754481344 drain_beg 0 0
1615444101210756 133811754481344 drain_end 1 0
1615444101210986 133811754481344 subm_beg 1 0
1615444106655946 133811754481344 subm_end 1 0
1615444106656256 133811754481344 pump_beg 1 0
1615444108897434 133811746088640 emit_end 321 0
1615444122933639 133811754481344 pump_end 1 2
1615444122935779 133811754481344 join_beg 1 0
1615444122936939 133811754481344 join_end 0 0
1615444125094210 133811754481344 coll_beg 0 0
1615444137600900 133811754481344 coll_end 0 0
1615444141323364 133811754481344 drain_beg 0 0
1615444141324044 133811754481344 drain_end 1 0
1615444141324684 133811754481344 subm_beg 1 0
1615444141330514 133811746088640 emit_beg 322 0
1615444145012488 133811754481344 subm_end 1 0
1615444145012928 133811754481344 pump_beg 1 0
1615444150823445 133811746088640 emit_end 322 0
1615444161598870 133811754481344 pump_end 1 2
1615444161600949 133811754481344 join_beg 1 0
1615444161601689 133811754481344 join_end 0 0
1615444163594356 133811754481344 coll_beg 0 0
1615444171780796 133811754481344 coll_end 0 0
1615444173679986 133811746088640 emit_beg 323 0
1615444175501859 133811754481344 drain_beg 0 0
1615444175503159 133811754481344 drain_end 1 0
1615444175503719 133811754481344 subm_beg 1 0
1615444181075785 133811754481344 subm_end 1 0
1615444181076145 133811754481344 pump_beg 1 0
1615444183415369 133811746088640 emit_end 323 0
1615444197846379 133811754481344 pump_end 1 2
1615444197848049 133811754481344 join_beg 1 0
1615444197855708 133811754481344 join_end 0 0
1615444200771882 133811754481344 coll_beg 0 0
1615444209919206 133811754481344 coll_end 0 0
1615444213434777 133811754481344 drain_beg 0 0
1615444213435697 133811754481344 drain_end 1 0
1615444213436257 133811754481344 subm_beg 1 0
1615444213444156 133811746088640 emit_beg 324 0
1615444217162380 133811754481344 subm_end 1 0
1615444217162730 133811754481344 pump_beg 1 0
1615444223086262 133811746088640 emit_end 324 0
1615444234773693 133811754481344 pump_end 1 2
1615444234778513 133811754481344 join_beg 1 0
1615444234780393 133811754481344 join_end 0 0
1615444236810288 133811754481344 coll_beg 0 0
1615444246372478 133811754481344 coll_end 0 0
1615444248739941 133811754481344 drain_beg 0 0
1615444248740691 133811754481344 drain_end 1 0
1615444248741551 133811754481344 subm_beg 1 0
1615444248763250 133811746088640 emit_beg 325 0
1615444250582273 133811754481344 subm_end 1 0
1615444250582713 133811754481344 pump_beg 1 0
1615444256652430 133811746088640 emit_end 325 0
1615444267856809 133811754481344 pump_end 1 2
1615444267857789 133811754481344 join_beg 1 0
1615444267858359 133811754481344 join_end 0 0
1615444269789218 133811754481344 coll_beg 0 0
1615444279848929 133811754481344 coll_end 0 0
1615444281914593 133811754481344 drain_beg 0 0
1615444281915663 133811754481344 drain_end 1 0
1615444281916273 133811754481344 subm_beg 1 0
1615444281935332 133811746088640 emit_beg 326 0
1615444285436084 133811754481344 subm_end 1 0
1615444285436394 133811754481344 pump_beg 1 0
1615444291214521 133811746088640 emit_end 326 0
1615444302896183 133811754481344 pump_end 1 2
1615444302899613 133811754481344 join_beg 1 0
1615444302901072 133811754481344 join_end 0 0
1615444304794703 133811754481344 coll_beg 0 0
1615444313534332 133811754481344 coll_end 0 0
1615444316306880 133811754481344 drain_beg 0 0
1615444316307540 133811754481344 drain_end 1 0
1615444316308320 133811754481344 subm_beg 1 0
1615444316310270 133811746088640 emit_beg 327 0
1615444319831651 133811754481344 subm_end 1 0
1615444319832101 133811754481344 pump_beg 1 0
1615444325482834 133811746088640 emit_end 327 0
1615444335516875 133811754481344 pump_end 1 2
1615444335518475 133811754481344 join_beg 1 0
1615444335519145 133811754481344 join_end 0 0
1615444337429065 133811754481344 coll_beg 0 0
1615444344408949 133811754481344 coll_end 0 0
1615444346175494 133811746088640 emit_beg 328 0
1615444347919110 133811754481344 drain_beg 0 0
1615444347920950 133811754481344 drain_end 1 0
1615444347921920 133811754481344 subm_beg 1 0
1615444353099650 133811754481344 subm_end 1 0
1615444353100600 133811754481344 pump_beg 1 0
1615444355156994 133811746088640 emit_end 328 0
1615444368590821 133811754481344 pump_end 1 2
1615444368595281 133811754481344 join_beg 1 0
1615444368597311 133811754481344 join_end 0 0
1615444371965057 133811754481344 coll_beg 0 0
1615444379591327 133811754481344 coll_end 0 0
1615444381603383 133811754481344 drain_beg 0 0
1615444381604393 133811754481344 drain_end 1 0
1615444381605093 133811754481344 subm_beg 1 0
1615444381624903 133811746088640 emit_beg 329 0
1615444385111845 133811754481344 subm_end 1 0
1615444385112375 133811754481344 pump_beg 1 0
1615444390759327 133811746088640 emit_end 329 0
1615444400805278 133811754481344 pump_end 1 2
1615444400807358 133811754481344 join_beg 1 0
1615444400808498 133811754481344 join_end 0 0
1615444402742847 133811754481344 coll_beg 0 0
1615444409854066 133811754481344 coll_end 0 0
1615444411682399 133811746088640 emit_beg 330 0
1615444413375467 133811754481344 drain_beg 0 0
1615444413377877 133811754481344 drain_end 1 0
1615444413379317 133811754481344 subm_beg 1 0
1615444418713561 133811754481344 subm_end 1 0
1615444418714661 133811754481344 pump_beg 1 0
1615444422477463 133811746088640 emit_end 330 0
1615444433700981 133811754481344 pump_end 1 2
1615444433703241 133811754481344 join_beg 1 0
1615444433704451 133811754481344 join_end 0 0
1615444436914983 133811754481344 coll_beg 0 0
1615444444732026 133811754481344 coll_end 0 0
1615444448219208 133811754481344 drain_beg 0 0
1615444448234627 133811754481344 drain_end 1 0
1615444448236267 133811754481344 subm_beg 1 0
1615444448226758 133811746088640 emit_beg 331 0
1615444450147597 133811754481344 subm_end 1 0
1615444450148277 133811754481344 pump_beg 1 0
1615444453946208 133811746088640 emit_end 331 0
1615444466330523 133811754481344 pump_end 1 2
1615444466334103 133811754481344 join_beg 1 0
1615444466335693 133811754481344 join_end 0 0
1615444468255742 133811754481344 coll_beg 0 0
1615444480155876 133811754481344 coll_end 0 0
1615444481932750 133811754481344 drain_beg 0 0
1615444481933380 133811754481344 drain_end 1 0
1615444481933690 133811754481344 subm_beg 1 0
1615444481955109 133811746088640 emit_beg 332 0
1615444485424172 133811754481344 subm_end 1 0
1615444485424642 133811754481344 pump_beg 1 0
1615444491060725 133811746088640 emit_end 332 0
1615444501213472 133811754481344 pump_end 1 2
1615444501216202 133811754481344 join_beg 1 0
1615444501216952 133811754481344 join_end 0 0
1615444503030806 133811754481344 coll_beg 0 0
1615444510428834 133811754481344 coll_end 0 0
1615444512304705 133811754481344 drain_beg 0 0
1615444512305575 133811754481344 drain_end 1 0
1615444512306215 133811754481344 subm_beg 1 0
1615444512325035 133811746088640 emit_beg 333 0
1615444515785848 133811754481344 subm_end 1 0
1615444515786308 133811754481344 pump_beg 1 0
1615444521528257 133811746088640 emit_end 333 0
1615444531822839 133811754481344 pump_end 1 2
1615444531825469 133811754481344 join_beg 1 0
1615444531827539 133811754481344 join_end 0 0
1615444533609773 133811754481344 coll_beg 0 0
1615444540854197 133811754481344 coll_end 0 0
1615444542699940 133811746088640 emit_beg 334 0
1615444544412447 133811754481344 drain_beg 0 0
1615444544415597 133811754481344 drain_end 1 0
1615444544416737 133811754481344 subm_beg 1 0
1615444549638985 133811754481344 subm_end 1 0
1615444549639615 133811754481344 pump_beg 1 0
1615444555068816 133811746088640 emit_end 334 0
1615444564417473 133811754481344 pump_end 1 2
1615444564418832 133811754481344 join_beg 1 0
1615444564419422 133811754481344 join_end 0 0
1615444566226806 133811754481344 coll_beg 0 0
1615444573021337 133811754481344 coll_end 0 0
1615444576300906 133811754481344 drain_beg 0 0
1615444576301646 133811754481344 drain_end 1 0
1615444576302466 133811746088640 emit_beg 335 0
1615444576302556 133811754481344 subm_beg 1 0
1615444579750540 133811754481344 subm_end 1 0
1615444579751009 133811754481344 pump_beg 1 0
1615444585148011 133811746088640 emit_end 335 0
1615444594435940 133811754481344 pump_end 1 2
1615444594437320 133811754481344 join_beg 1 0
1615444594438140 133811754481344 join_end 0 0
1615444596274003 133811754481344 coll_beg 0 0
1615444603304005 133811754481344 coll_end 0 0
1615444605104739 133811746088640 emit_beg 336 0
1615444606783037 133811754481344 drain_beg 0 0
1615444606783937 133811754481344 drain_end 1 0
1615444606784457 133811754481344 subm_beg 1 0
1615444612019215 133811754481344 subm_end 1 0
1615444612019815 133811754481344 pump_beg 1 0
1615444613925385 133811746088640 emit_end 336 0
1615444628967513 133811754481344 pump_end 1 2
1615444628970553 133811754481344 join_beg 1 0
1615444628972413 133811754481344 join_end 0 0
1615444630843324 133811754481344 coll_beg 0 0
1615444639715348 133811754481344 coll_end 0 0
1615444641585770 133811746088640 emit_beg 337 0
1615444641586130 133811754481344 drain_beg 0 0
1615444641588100 133811754481344 drain_end 1 0
1615444641589239 133811754481344 subm_beg 1 0
1615444645141359 133811754481344 subm_end 1 0
1615444645141749 133811754481344 pump_beg 1 0
1615444648892221 133811746088640 emit_end 337 0
1615444662412125 133811754481344 pump_end 1 2
1615444662414485 133811754481344 join_beg 1 0
1615444662415445 133811754481344 join_end 0 0
1615444664257817 133811754481344 coll_beg 0 0
1615444673192299 133811754481344 coll_end 0 0
1615444675577522 133811754481344 drain_beg 0 0
1615444675578402 133811754481344 drain_end 1 0
1615444675578802 133811746088640 emit_beg 338 0
1615444675579312 133811754481344 subm_beg 1 0
1615444681672128 133811754481344 subm_end 1 0
1615444681684148 133811754481344 pump_beg 1 0
1615444685793857 133811746088640 emit_end 338 0
1615444698968963 133811754481344 pump_end 1 2
1615444698971583 133811754481344 join_beg 1 0
1615444698972323 133811754481344 join_end 0 0
1615444700978379 133811754481344 coll_beg 0 0
1615444710376664 133811754481344 coll_end 0 0
1615444712951290 133811754481344 drain_beg 0 0
1615444712952440 133811754481344 drain_end 1 0
1615444712953200 133811754481344 subm_beg 1 0
1615444712972629 133811746088640 emit_beg 339 0
1615444716566017 133811754481344 subm_end 1 0
1615444716566547 133811754481344 pump_beg 1 0
1615444722588326 133811746088640 emit_end 339 0
1615444732557370 133811754481344 pump_end 1 2
1615444732558970 133811754481344 join_beg 1 0
1615444732559580 133811754481344 join_end 0 0
1615444735362407 133811754481344 coll_beg 0 0
1615444747062008 133811754481344 coll_end 0 0
1615444748995877 133811746088640 emit_beg 340 0
1615444750768002 133811754481344 drain_beg 0 0
1615444750768802 133811754481344 drain_end 1 0
1615444750769212 133811754481344 subm_beg 1 0
1615444756226671 133811754481344 subm_end 1 0
1615444756227011 133811754481344 pump_beg 1 0
1615444758422401 133811746088640 emit_end 340 0
1615444772544592 133811754481344 pump_end 1 2
1615444772549972 133811754481344 join_beg 1 0
1615444772551312 133811754481344 join_end 0 0
1615444774598117 133811754481344 coll_beg 0 0
1615444782644541 133811754481344 coll_end 0 0
1615444785127600 133811746088640 emit_beg 341 0
1615444790914228 133811746088640 emit_end 341 0
1615444812671409 133811754481344 drain_beg 0 0
1615444812674119 133811754481344 drain_end 1 0
1615444812675099 133811754481344 subm_beg 1 0
1615444814579029 133811754481344 subm_end 1 0
1615444814579549 133811754481344 pump_beg 1 0
1615444830383359 133811754481344 pump_end 1 2
1615444830386299 133811754481344 join_beg 1 0
1615444830387479 133811754481344 join_end 0 0
1615444832508421 133811754481344 coll_beg 0 0
1615444840427870 133811754481344 coll_end 0 0
1615444842548912 133811754481344 drain_beg 0 0
1615444842550332 133811754481344 drain_end 1 0
1615444842551292 133811754481344 subm_beg 1 0
1615444842578541 133811746088640 emit_beg 342 0
1615444844427014 133811754481344 subm_end 1 0
1615444844427504 133811754481344 pump_beg 1 0
1615444852439559 133811746088640 emit_end 342 0
1615444860197535 133811754481344 pump_end 1 2
1615444860203774 133811754481344 join_beg 1 0
1615444860205674 133811754481344 join_end 0 0
1615444862300977 133811754481344 coll_beg 0 0
1615444871131413 133811754481344 coll_end 0 0
1615444873113601 133811746088640 emit_beg 343 0
1615444874939214 133811754481344 drain_beg 0 0
1615444874943273 133811754481344 drain_end 1 0
1615444874944943 133811754481344 subm_beg 1 0
1615444880606145 133811754481344 subm_end 1 0
1615444880608605 133811754481344 pump_beg 1 0
1615444883035146 133811746088640 emit_end 343 0
1615444896532671 133811754481344 pump_end 1 2
1615444896535711 133811754481344 join_beg 1 0
1615444896537331 133811754481344 join_end 0 0
1615444899941536 133811754481344 coll_beg 0 0
1615444909136808 133811754481344 coll_end 0 0
1615444911938465 133811754481344 drain_beg 0 0
1615444911940315 133811754481344 drain_end 1 0
1615444911941475 133811754481344 subm_beg 1 0
1615444911942635 133811746088640 emit_beg 344 0
1615444913853445 133811754481344 subm_end 1 0
1615444913854155 133811754481344 pump_beg 1 0
1615444919658952 133811746088640 emit_end 344 0
1615444929926445 133811754481344 pump_end 1 2
1615444929927555 133811754481344 join_beg 1 0
1615444929928525 133811754481344 join_end 0 0
1615444931831835 133811754481344 coll_beg 0 0
1615444939493894 133811754481344 coll_end 0 0
1615444941400914 133811746088640 emit_beg 345 0
1615444943247496 133811754481344 drain_beg 0 0
1615444943248606 133811754481344 drain_end 1 0
1615444943249526 133811754481344 subm_beg 1 0
1615444948694346 133811754481344 subm_end 1 0
1615444948694626 133811754481344 pump_beg 1 0
1615444950772130 133811746088640 emit_end 345 0
1615444963674966 133811754481344 pump_end 1 2
1615444963675886 133811754481344 join_beg 1 0
1615444963682276 133811754481344 join_end 0 0
1615444966331769 133811754481344 coll_beg 0 0
1615444975119216 133811754481344 coll_end 0 0
1615444978159514 133811754481344 drain_beg 0 0
1615444978160464 133811754481344 drain_end 1 0
1615444978160324 133811746088640 emit_beg 346 0
1615444978161534 133811754481344 subm_beg 1 0
1615444981887977 133811754481344 subm_end 1 0
1615444981888317 133811754481344 pump_beg 1 0
1615444987596628 133811746088640 emit_end 346 0
1615444997425137 133811754481344 pump_end 1 2
1615444997429697 133811754481344 join_beg 1 0
1615444997430997 133811754481344 join_end 0 0
1615444999531090 133811754481344 coll_beg 0 0
1615445007620683 133811754481344 coll_end 0 0
1615445009497604 133811746088640 emit_beg 347 0
1615445011332267 133811754481344 drain_beg 0 0
1615445011333997 133811754481344 drain_end 1 0
1615445011334467 133811754481344 subm_beg 1 0
1615445016816415 133811754481344 subm_end 1 0
1615445016817175 133811754481344 pump_beg 1 0
1615445019096252 133811746088640 emit_end 347 0
1615445034340122 133811754481344 pump_end 1 2
1615445034350442 133811754481344 join_beg 1 0
1615445034353422 133811754481344 join_end 0 0
1615445038802188 133811754481344 coll_beg 0 0
1615445047641174 133811754481344 coll_end 0 0
1615445049539134 133811754481344 drain_beg 0 0
1615445049540174 133811754481344 drain_end 1 0
1615445049540924 133811754481344 subm_beg 1 0
1615445049541604 133811746088640 emit_beg 348 0
1615445051437844 133811754481344 subm_end 1 0
1615445051438314 133811754481344 pump_beg 1 0
1615445055510165 133811746088640 emit_end 348 0
1615445067917680 133811754481344 pump_end 1 2
1615445067918530 133811754481344 join_beg 1 0
1615445067919139 133811754481344 join_end 0 0
1615445069834199 133811754481344 coll_beg 0 0
1615445078324237 133811754481344 coll_end 0 0
1615445080255787 133811746088640 emit_beg 349 0
1615445082085429 133811754481344 drain_beg 0 0
1615445082086169 133811754481344 drain_end 1 0
1615445082086629 133811754481344 subm_beg 1 0
1615445087636226 133811754481344 subm_end 1 0
1615445087636516 133811754481344 pump_beg 1 0
1615445089979100 133811746088640 emit_end 349 0
1615445103568171 133811754481344 pump_end 1 2
1615445103569561 133811754481344 join_beg 1 0
1615445103570711 133811754481344 join_end 0 0
1615445106326670 133811754481344 coll_beg 0 0
1615445113768016 133811754481344 coll_end 0 0
1615445116319593 133811754481344 drain_beg 0 0
1615445116320043 133811754481344 drain_end 1 0
1615445116320343 133811754481344 subm_beg 1 0
1615445116329122 133811746088640 emit_beg 350 0
1615445119976898 133811754481344 subm_end 1 0
1615445119977338 133811754481344 pump_beg 1 0
1615445125554784 133811746088640 emit_end 350 0
1615445135434201 133811754481344 pump_end 1 2
1615445135434951 133811754481344 join_beg 1 0
1615445135435751 133811754481344 join_end 0 0
1615445137217906 133811754481344 coll_beg 0 0
1615445144191969 133811754481344 coll_end 0 0
1615445148535900 133811746088640 emit_beg 351 0
1615445150395552 133811754481344 drain_beg 0 0
1615445150396352 133811754481344 drain_end 1 0
1615445150396812 133811754481344 subm_beg 1 0
1615445153884144 133811754481344 subm_end 1 0
1615445153884524 133811754481344 pump_beg 1 0
1615445157592668 133811746088640 emit_end 351 0
1615445169980533 133811754481344 pump_end 1 2
1615445169982333 133811754481344 join_beg 1 0
1615445169983143 133811754481344 join_end 0 0
1615445171896763 133811754481344 coll_beg 0 0
1615445181177262 133811754481344 coll_end 0 0
1615445183355522 133811754481344 drain_beg 0 0
1615445183356202 133811754481344 drain_end 1 0
1615445183356802 133811754481344 subm_beg 1 0
1615445183357032 133811746088640 emit_beg 352 0
1615445186800725 133811754481344 subm_end 1 0
1615445186801165 133811754481344 pump_beg 1 0
1615445190734861 133811746088640 emit_end 352 0
1615445202534688 133811754481344 pump_end 1 2
1615445202535478 133811754481344 join_beg 1 0
1615445202535908 133811754481344 join_end 0 0
1615445204308313 133811754481344 coll_beg 0 0
1615445215171504 133811754481344 coll_end 0 0
1615445218121566 133811754481344 drain_beg 0 0
1615445218128475 133811754481344 drain_end 1 0
1615445218128835 133811754481344 subm_beg 1 0
1615445218146775 133811746088640 emit_beg 353 0
1615445221615457 133811754481344 subm_end 1 0
1615445221615847 133811754481344 pump_beg 1 0
1615445227376426 133811746088640 emit_end 353 0
1615445237857531 133811754481344 pump_end 1 2
1615445237859141 133811754481344 join_beg 1 0
1615445237859971 133811754481344 join_end 0 0
1615445239707123 133811754481344 coll_beg 0 0
1615445248943504 133811754481344 coll_end 0 0
1615445251014268 133811754481344 drain_beg 0 0
1615445251014608 133811754481344 drain_end 1 0
1615445251014998 133811754481344 subm_beg 1 0
1615445251039517 133811746088640 emit_beg 354 0
1615445254494990 133811754481344 subm_end 1 0
1615445254495350 133811754481344 pump_beg 1 0
1615445260393674 133811746088640 emit_end 354 0
1615445270240103 133811754481344 pump_end 1 2
1615445270241772 133811754481344 join_beg 1 0
1615445270242422 133811754481344 join_end 0 0
1615445272069695 133811754481344 coll_beg 0 0
1615445281316156 133811754481344 coll_end 0 0
1615445283469947 133811754481344 drain_beg 0 0
1615445283470647 133811754481344 drain_end 1 0
1615445283471247 133811754481344 subm_beg 1 0
1615445283492656 133811746088640 emit_beg 355 0
1615445286944119 133811754481344 subm_end 1 0
1615445286944589 133811754481344 pump_beg 1 0
1615445292566483 133811746088640 emit_end 355 0
1615445303697334 133811754481344 pump_end 1 2
1615445303699844 133811754481344 join_beg 1 0
1615445303700614 133811754481344 join_end 0 0
1615445305620414 133811754481344 coll_beg 0 0
1615445315372326 133811754481344 coll_end 0 0
1615445318581318 133811754481344 drain_beg 0 0
1615445318582098 133811754481344 drain_end 1 0
1615445318582768 133811754481344 subm_beg 1 0
1615445318605677 133811746088640 emit_beg 356 0
1615445322100239 133811754481344 subm_end 1 0
1615445322100749 133811754481344 pump_beg 1 0
1615445327851998 133811746088640 emit_end 356 0
1615445339329646 133811754481344 pump_end 1 2
1615445339330226 133811754481344 join_beg 1 0
1615445339330626 133811754481344 join_end 0 0
1615445341120080 133811754481344 coll_beg 0 0
1615445354023667 133811754481344 coll_end 0 0
1615445355799302 133811754481344 drain_beg 0 0
1615445355799832 133811754481344 drain_end 1 0
1615445355800582 133811754481344 subm_beg 1 0
1615445355825291 133811746088640 emit_beg 357 0
1615445359347491 133811754481344 subm_end 1 0
1615445359347891 133811754481344 pump_beg 1 0
1615445365279674 133811746088640 emit_end 357 0
1615445376232902 133811754481344 pump_end 1 2
1615445376233502 133811754481344 join_beg 1 0
1615445376233932 133811754481344 join_end 0 0
1615445379682095 133811754481344 coll_beg 0 0
1615445392410088 133811754481344 coll_end 0 0
1615445394230711 133811754481344 drain_beg 0 0
1615445394231141 133811754481344 drain_end 1 0
1615445394231711 133811754481344 subm_beg 1 0
1615445394255990 133811746088640 emit_beg 358 0
1615445397729282 133811754481344 subm_end 1 0
1615445397729572 133811754481344 pump_beg 1 0
1615445403503090 133811746088640 emit_end 358 0
1615445414652941 133811754481344 pump_end 1 2
1615445414653641 133811754481344 join_beg 1 0
1615445414654071 133811754481344 join_end 0 0
1615445416464845 133811754481344 coll_beg 0 0
1615445429008314 133811754481344 coll_end 0 0
1615445430869666 133811754481344 drain_beg 0 0
1615445430870436 133811754481344 drain_end 1 0
1615445430871096 133811754481344 subm_beg 1 0
1615445430893305 133811746088640 emit_beg 359 0
1615445434442735 133811754481344 subm_end 1 0
1615445434443005 133811754481344 pump_beg 1 0
1615445440186354 133811746088640 emit_end 359 0
1615445451540767 133811754481344 pump_end 1 2
1615445451542987 133811754481344 join_beg 1 0
1615445451544127 133811754481344 join_end 0 0
1615445453528654 133811754481344 coll_beg 0 0
1615445465084460 133811754481344 coll_end 0 0
1615445466898683 133811754481344 drain_beg 0 0
1615445466901453 133811754481344 drain_end 1 0
1615445466898863 133811746088640 emit_beg 360 0
1615445466903243 133811754481344 subm_beg 1 0
1615445479263319 133811746088640 emit_end 360 0
1615445483851551 133811754481344 subm_end 1 0
1615445483854041 133811754481344 pump_beg 1 0
1615445501005611 133811754481344 pump_end 1 2
1615445501008331 133811754481344 join_beg 1 0
1615445501009681 133811754481344 join_end 0 0
1615445505333312 133811754481344 coll_beg 0 0
1615445517268944 133811754481344 coll_end 0 0
1615445520596262 133811754481344 drain_beg 0 0
1615445520596982 133811754481344 drain_end 1 0
1615445520597482 133811754481344 subm_beg 1 0
1615445520622811 133811746088640 emit_beg 361 0
1615445526731587 133811754481344 subm_end 1 0
1615445526732067 133811754481344 pump_beg 1 0
1615445535726597 133811746088640 emit_end 361 0
1615445543876148 133811754481344 pump_end 1 2
1615445543877597 133811754481344 join_beg 1 0
1615445543878607 133811754481344 join_end 0 0
1615445547009632 133811754481344 coll_beg 0 0
1615445560071573 133811754481344 coll_end 0 0
1615445565638619 133811754481344 drain_beg 0 0
1615445565640059 133811754481344 drain_end 1 0
1615445565641369 133811754481344 subm_beg 1 0
1615445565660778 133811746088640 emit_beg 362 0
1615445571215754 133811754481344 subm_end 1 0
1615445571216344 133811754481344 pump_beg 1 0
1615445577722115 133811746088640 emit_end 362 0
1615445588719651 133811754481344 pump_end 1 2
1615445588720301 133811754481344 join_beg 1 0
1615445588720641 133811754481344 join_end 0 0
1615445590650751 133811754481344 coll_beg 0 0
1615445598902778 133811754481344 coll_end 0 0
1615445602567363 133811746088640 emit_beg 363 0
1615445604473423 133811754481344 drain_beg 0 0
1615445604478903 133811754481344 drain_end 1 0
1615445604480543 133811754481344 subm_beg 1 0
1615445610072308 133811754481344 subm_end 1 0
1615445610075058 133811754481344 pump_beg 1 0
1615445612136972 133811746088640 emit_end 363 0
1615445626759755 133811754481344 pump_end 1 2
1615445626763225 133811754481344 join_beg 1 0
1615445626764435 133811754481344 join_end 0 0
1615445629312981 133811754481344 coll_beg 0 0
1615445639771027 133811754481344 coll_end 0 0
1615445641707746 133811754481344 drain_beg 0 0
1615445641709976 133811754481344 drain_end 1 0
1615445641711566 133811754481344 subm_beg 1 0
1615445641727945 133811746088640 emit_beg 364 0
1615445643706623 133811754481344 subm_end 1 0
1615445643708393 133811754481344 pump_beg 1 0
1615445649545529 133811746088640 emit_end 364 0
1615445660735758 133811754481344 pump_end 1 2
1615445660739508 133811754481344 join_beg 1 0
1615445660740698 133811754481344 join_end 0 0
1615445662715045 133811754481344 coll_beg 0 0
1615445670755190 133811754481344 coll_end 0 0
1615445672646101 133811746088640 emit_beg 365 0
1615445674505622 133811754481344 drain_beg 0 0
1615445674506202 133811754481344 drain_end 1 0
1615445674506582 133811754481344 subm_beg 1 0
1615445680065778 133811754481344 subm_end 1 0
1615445680066198 133811754481344 pump_beg 1 0
1615445684249785 133811746088640 emit_end 365 0
1615445697467939 133811754481344 pump_end 1 2
1615445697469709 133811754481344 join_beg 1 0
1615445697470549 133811754481344 join_end 0 0
1615445699566452 133811754481344 coll_beg 0 0
1615445707330657 133811754481344 coll_end 0 0
1615445709611454 133811754481344 drain_beg 0 0
1615445709611944 133811754481344 drain_end 1 0
1615445709612384 133811754481344 subm_beg 1 0
1615445709634993 133811746088640 emit_beg 366 0
1615445713316588 133811754481344 subm_end 1 0
1615445713316868 133811754481344 pump_beg 1 0
1615445719267749 133811746088640 emit_end 366 0
1615445730057763 133811754481344 pump_end 1 2
1615445730058323 133811754481344 join_beg 1 0
1615445730058753 133811754481344 join_end 0 0
1615445731975263 133811754481344 coll_beg 0 0
1615445740223290 133811754481344 coll_end 0 0
1615445742120510 133811746088640 emit_beg 367 0
1615445743879236 133811754481344 drain_beg 0 0
1615445743879706 133811754481344 drain_end 1 0
1615445743879996 133811754481344 subm_beg 1 0
1615445749452851 133811754481344 subm_end 1 0
1615445749453211 133811754481344 pump_beg 1 0
1615445753552811 133811746088640 emit_end 367 0
1615445766627851 133811754481344 pump_end 1 2
1615445766628440 133811754481344 join_beg 1 0
1615445766633710 133811754481344 join_end 0 0
1615445769155318 133811754481344 coll_beg 0 0
1615445777525791 133811754481344 coll_end 0 0
1615445780901717 133811754481344 drain_beg 0 0
1615445780902707 133811754481344 drain_end 1 0
1615445780903487 133811754481344 subm_beg 1 0
1615445780925206 133811746088640 emit_beg 368 0
1615445782748929 133811754481344 subm_end 1 0
1615445782749469 133811754481344 pump_beg 1 0
1615445790705717 133811746088640 emit_end 368 0
1615445799725426 133811754481344 pump_end 1 2
1615445799728086 133811754481344 join_beg 1 0
1615445799729435 133811754481344 join_end 0 0
1615445801737172 133811754481344 coll_beg 0 0
1615445809817195 133811754481344 coll_end 0 0
1615445811762924 133811746088640 emit_beg 369 0
1615445813615236 133811754481344 drain_beg 0 0
1615445813615766 133811754481344 drain_end 1 0
1615445813616256 133811754481344 subm_beg 1 0
1615445821658290 133811754481344 subm_end 1 0
1615445821658680 133811754481344 pump_beg 1 0
1615445823754553 133811746088640 emit_end 369 0
1615445838853269 133811754481344 pump_end 1 2
1615445838855029 133811754481344 join_beg 1 0
1615445838856179 133811754481344 join_end 0 0
1615445841376787 133811754481344 coll_beg 0 0
1615445850394336 133811754481344 coll_end 0 0
1615445853279940 133811754481344 drain_beg 0 0
1615445853282180 133811754481344 drain_end 1 0
1615445853283610 133811754481344 subm_beg 1 0
1615445853301529 133811746088640 emit_beg 370 0
1615445856980494 133811754481344 subm_end 1 0
1615445856982264 133811754481344 pump_beg 1 0
1615445862953185 133811746088640 emit_end 370 0
1615445873307435 133811754481344 pump_end 1 2
1615445873309024 133811754481344 join_beg 1 0
1615445873309984 133811754481344 join_end 0 0
1615445875286842 133811754481344 coll_beg 0 0
1615445886951434 133811754481344 coll_end 0 0
1615445889111824 133811754481344 drain_beg 0 0
1615445889112594 133811754481344 drain_end 1 0
1615445889113394 133811754481344 subm_beg 1 0
1615445889137293 133811746088640 emit_beg 371 0
1615445890964616 133811754481344 subm_end 1 0
1615445890964966 133811754481344 pump_beg 1 0
1615445896923588 133811746088640 emit_end 371 0
1615445906640261 133811754481344 pump_end 1 2
1615445906642821 133811754481344 join_beg 1 0
1615445906644371 133811754481344 join_end 0 0
1615445908621438 133811754481344 coll_beg 0 0
1615445915467787 133811754481344 coll_end 0 0
1615445917900608 133811746088640 emit_beg 372 0
1615445919724191 133811754481344 drain_beg 0 0
1615445919724921 133811754481344 drain_end 1 0
1615445919725251 133811754481344 subm_beg 1 0
1615445925302486 133811754481344 subm_end 1 0
1615445925302886 133811754481344 pump_beg 1 0
1615445927419568 133811746088640 emit_end 372 0
1615445940765938 133811754481344 pump_end 1 2
1615445940767628 133811754481344 join_beg 1 0
1615445940768918 133811754481344 join_end 0 0
1615445943377362 133811754481344 coll_beg 0 0
1615445950320167 133811754481344 coll_end 0 0
1615445953447413 133811754481344 drain_beg 0 0
1615445953448243 133811754481344 drain_end 1 0
1615445953449123 133811754481344 subm_beg 1 0
1615445953472332 133811746088640 emit_beg 373 0
1615445957203625 133811754481344 subm_end 1 0
1615445957203995 133811754481344 pump_beg 1 0
1615445962959143 133811746088640 emit_end 373 0
1615445972594680 133811754481344 pump_end 1 2
1615445972596320 133811754481344 join_beg 1 0
1615445972596800 133811754481344 join_end 0 0
1615445974565327 133811754481344 coll_beg 0 0
1615445981321389 133811754481344 coll_end 0 0
1615445984084638 133811746088640 emit_beg 374 0
1615445985856103 133811754481344 drain_beg 0 0
1615445985858483 133811754481344 drain_end 1 0
1615445985859203 133811754481344 subm_beg 1 0
1615445991063782 133811754481344 subm_end 1 0
1615445991065152 133811754481344 pump_beg 1 0
1615445993039999 133811746088640 emit_end 374 0
1615446007768219 133811754481344 pump_end 1 2
1615446007770028 133811754481344 join_beg 1 0
1615446007770808 133811754481344 join_end 0 0
1615446010341364 133811754481344 coll_beg 0 0
1615446018974197 133811754481344 coll_end 0 0
1615446021708107 133811754481344 drain_beg 0 0
1615446021717597 133811754481344 drain_end 1 0
1615446021718136 133811754481344 subm_beg 1 0
1615446021729276 133811746088640 emit_beg 375 0
1615446023488621 133811754481344 subm_end 1 0
1615446023488931 133811754481344 pump_beg 1 0
1615446029274839 133811746088640 emit_end 375 0
1615446039509083 133811754481344 pump_end 1 2
1615446039509613 133811754481344 join_beg 1 0
1615446039510083 133811754481344 join_end 0 0
1615446041422963 133811754481344 coll_beg 0 0
1615446050091985 133811754481344 coll_end 0 0
1615446052813475 133811754481344 drain_beg 0 0
1615446052814225 133811754481344 drain_end 1 0
1615446052814845 133811754481344 subm_beg 1 0
1615446052836974 133811746088640 emit_beg 376 0
1615446056365085 133811754481344 subm_end 1 0
1615446056365475 133811754481344 pump_beg 1 0
1615446061954229 133811746088640 emit_end 376 0
1615446072415426 133811754481344 pump_end 1 2
1615446072416335 133811754481344 join_beg 1 0
1615446072416785 133811754481344 join_end 0 0
1615446074205590 133811754481344 coll_beg 0 0
1615446081849059 133811754481344 coll_end 0 0
1615446083645293 133811746088640 emit_beg 377 0
1615446085346071 133811754481344 drain_beg 0 0
1615446085346861 133811754481344 drain_end 1 0
1615446085347191 133811754481344 subm_beg 1 0
1615446090522041 133811754481344 subm_end 1 0
1615446090522391 133811754481344 pump_beg 1 0
1615446092586165 133811746088640 emit_end 377 0
1615446107000896 133811754481344 pump_end 1 2
1615446107002996 133811754481344 join_beg 1 0
1615446107004116 133811754481344 join_end 0 0
1615446109880840 133811754481344 coll_beg 0 0
1615446118030141 133811754481344 coll_end 0 0
1615446121315050 133811754481344 drain_beg 0 0
1615446121316070 133811754481344 drain_end 1 0
1615446121316950 133811754481344 subm_beg 1 0
1615446121346229 133811746088640 emit_beg 378 0
1615446124741845 133811754481344 subm_end 1 0
1615446124742305 133811754481344 pump_beg 1 0
1615446130398587 133811746088640 emit_end 378 0
1615446141678763 133811754481344 pump_end 1 2
1615446141683183 133811754481344 join_beg 1 0
1615446141685313 133811754481344 join_end 0 0
1615446143606322 133811754481344 coll_beg 0 0
1615446151806401 133811754481344 coll_end 0 0
1615446154782092 133811754481344 drain_beg 0 0
1615446154783572 133811754481344 drain_end 1 0
1615446154784302 133811754481344 subm_beg 1 0
1615446154813181 133811746088640 emit_beg 379 0
1615446158176437 133811754481344 subm_end 1 0
1615446158177407 133811754481344 pump_beg 1 0
1615446163889758 133811746088640 emit_end 379 0
1615446175542860 133811754481344 pump_end 1 2
1615446175546080 133811754481344 join_beg 1 0
1615446175547280 133811754481344 join_end 0 0
1615446177346434 133811754481344 coll_beg 0 0
1615446186632803 133811754481344 coll_end 0 0
1615446188720616 133811754481344 drain_beg 0 0
1615446188722056 133811754481344 drain_end 1 0
1615446188722726 133811754481344 subm_beg 1 0
1615446188739445 133811746088640 emit_beg 380 0
1615446192202668 133811754481344 subm_end 1 0
1615446192203078 133811754481344 pump_beg 1 0
1615446197632609 133811746088640 emit_end 380 0
1615446209828561 133811754481344 pump_end 1 2
1615446209830891 133811754481344 join_beg 1 0
1615446209831431 133811754481344 join_end 0 0
1615446211695983 133811754481344 coll_beg 0 0
1615446221235182 133811754481344 coll_end 0 0
1615446223134063 133811754481344 drain_beg 0 0
1615446223134633 133811754481344 drain_end 1 0
1615446223134983 133811754481344 subm_beg 1 0
1615446223165102 133811746088640 emit_beg 381 0
1615446226648564 133811754481344 subm_end 1 0
1615446226649004 133811754481344 pump_beg 1 0
1615446232284887 133811746088640 emit_end 381 0
1615446242911207 133811754481344 pump_end 1 2
1615446242913117 133811754481344 join_beg 1 0
1615446242913617 133811754481344 join_end 0 0
1615446244695611 133811754481344 coll_beg 0 0
1615446253255087 133811754481344 coll_end 0 0
1615446255143678 133811746088640 emit_beg 382 0
1615446256910443 133811754481344 drain_beg 0 0
1615446256913013 133811754481344 drain_end 1 0
1615446256914373 133811754481344 subm_beg 1 0
1615446262070853 133811754481344 subm_end 1 0
1615446262083753 133811754481344 pump_beg 1 0
1615446264398888 133811746088640 emit_end 382 0
1615446278046807 133811754481344 pump_end 1 2
1615446278049427 133811754481344 join_beg 1 0
1615446278050467 133811754481344 join_end 0 0
1615446280852464 133811754481344 coll_beg 0 0
1615446288967536 133811754481344 coll_end 0 0
1615446292111371 133811754481344 drain_beg 0 0
1615446292111941 133811754481344 drain_end 1 0
1615446292112561 133811754481344 subm_beg 1 0
1615446292142689 133811746088640 emit_beg 383 0
1615446295552084 133811754481344 subm_end 1 0
1615446295552384 133811754481344 pump_beg 1 0
1615446301491316 133811746088640 emit_end 383 0
1615446311330505 133811754481344 pump_end 1 2
1615446311331865 133811754481344 join_beg 1 0
1615446311332245 133811754481344 join_end 0 0
1615446313169808 133811754481344 coll_beg 0 0
1615446320157921 133811754481344 coll_end 0 0
1615446322487426 133811746088640 emit_beg 384 0
1615446324223412 133811754481344 drain_beg 0 0
1615446324223872 133811754481344 drain_end 1 0
1615446324224182 133811754481344 subm_beg 1 0
1615446329418411 133811754481344 subm_end 1 0
1615446329418801 133811754481344 pump_beg 1 0
1615446331431507 133811746088640 emit_end 384 0
1615446344613453 133811754481344 pump_end 1 2
1615446344613993 133811754481344 join_beg 1 0
1615446344614393 133811754481344 join_end 0 0
1615446347328754 133811754481344 coll_beg 0 0
1615446354142434 133811754481344 coll_end 0 0
1615446356726799 133811754481344 drain_beg 0 0
1615446356727529 133811754481344 drain_end 1 0
1615446356728039 133811754481344 subm_beg 1 0
1615446356757868 133811746088640 emit_beg 385 0
1615446360249449 133811754481344 subm_end 1 0
1615446360249909 133811754481344 pump_beg 1 0
1615446366166662 133811746088640 emit_end 385 0
1615446375627525 133811754481344 pump_end 1 2
1615446375629935 133811754481344 join_beg 1 0
1615446375631265 133811754481344 join_end 0 0
1615446377619752 133811754481344 coll_beg 0 0
1615446384587106 133811754481344 coll_end 0 0
1615446386875542 133811746088640 emit_beg 386 0
1615446388710565 133811754481344 drain_beg 0 0
1615446388711385 133811754481344 drain_end 1 0
1615446388711925 133811754481344 subm_beg 1 0
1615446394252751 133811754481344 subm_end 1 0
1615446394253261 133811754481344 pump_beg 1 0
1615446396647343 133811746088640 emit_end 386 0
1615446409474822 133811754481344 pump_end 1 2
1615446409475422 133811754481344 join_beg 1 0
1615446409475802 133811754481344 join_end 0 0
1615446412960774 133811754481344 coll_beg 0 0
1615446419964027 133811754481344 coll_end 0 0
1615446422916369 133811754481344 drain_beg 0 0
1615446422916759 133811754481344 drain_end 1 0
1615446422917729 133811754481344 subm_beg 1 0
1615446422939348 133811746088640 emit_beg 387 0
1615446426624873 133811754481344 subm_end 1 0
1615446426625283 133811754481344 pump_beg 1 0
1615446432443629 133811746088640 emit_end 387 0
1615446442492860 133811754481344 pump_end 1 2
1615446442496400 133811754481344 join_beg 1 0
1615446442498480 133811754481344 join_end 0 0
1615446444493557 133811754481344 coll_beg 0 0
1615446453067792 133811754481344 coll_end 0 0
1615446456462818 133811746088640 emit_beg 388 0
1615446456463068 133811754481344 drain_beg 0 0
1615446456466507 133811754481344 drain_end 1 0
1615446456467627 133811754481344 subm_beg 1 0
1615446461927277 133811754481344 subm_end 1 0
1615446461928537 133811754481344 pump_beg 1 0
1615446465892971 133811746088640 emit_end 388 0
1615446477087410 133811754481344 pump_end 1 2
1615446477089020 133811754481344 join_beg 1 0
1615446477089490 133811754481344 join_end 0 0
1615446479068548 133811754481344 coll_beg 0 0
1615446486088780 133811754481344 coll_end 0 0
1615446488496332 133811746088640 emit_beg 389 0
1615446490486328 133811754481344 drain_beg 0 0
1615446490488188 133811754481344 drain_end 1 0
1615446490488888 133811754481344 subm_beg 1 0
1615446496091413 133811754481344 subm_end 1 0
1615446496091953 133811754481344 pump_beg 1 0
1615446498138048 133811746088640 emit_end 389 0
1615446511696070 133811754481344 pump_end 1 2
1615446511700140 133811754481344 join_beg 1 0
1615446511711849 133811754481344 join_end 0 0
1615446514463298 133811754481344 coll_beg 0 0
1615446521921075 133811754481344 coll_end 0 0
1615446524553558 133811754481344 drain_beg 0 0
1615446524554288 133811754481344 drain_end 1 0
1615446524555108 133811754481344 subm_beg 1 0
1615446524577107 133811746088640 emit_beg 390 0
1615446528300670 133811754481344 subm_end 1 0
1615446528301050 133811754481344 pump_beg 1 0
1615446534334339 133811746088640 emit_end 390 0
1615446544025963 133811754481344 pump_end 1 2
1615446544026483 133811754481344 join_beg 1 0
1615446544026863 133811754481344 join_end 0 0
1615446545915484 133811754481344 coll_beg 0 0
1615446552224112 133811754481344 coll_end 0 0
1615446555333098 133811746088640 emit_beg 391 0
1615446557161321 133811754481344 drain_beg 0 0
1615446557161861 133811754481344 drain_end 1 0
1615446557162341 133811754481344 subm_beg 1 0
1615446562862342 133811754481344 subm_end 1 0
1615446562862632 133811754481344 pump_beg 1 0
1615446568920159 133811746088640 emit_end 391 0
1615446580633309 133811754481344 pump_end 1 2
1615446580633899 133811754481344 join_beg 1 0
1615446580634199 133811754481344 join_end 0 0
1615446582618916 133811754481344 coll_beg 0 0
1615446591771360 133811754481344 coll_end 0 0
1615446596872173 133811754481344 drain_beg 0 0
1615446596872863 133811754481344 drain_end 1 0
1615446596873323 133811754481344 subm_beg 1 0
1615446596896072 133811746088640 emit_beg 392 0
1615446600542619 133811754481344 subm_end 1 0
1615446600543058 133811754481344 pump_beg 1 0
1615446607648108 133811746088640 emit_end 392 0
1615446618439082 133811754481344 pump_end 1 2
1615446618442091 133811754481344 join_beg 1 0
1615446618442841 133811754481344 join_end 0 0
1615446620375470 133811754481344 coll_beg 0 0
1615446629669599 133811754481344 coll_end 0 0
1615446632266254 133811754481344 drain_beg 0 0
1615446632266894 133811754481344 drain_end 1 0
1615446632267374 133811754481344 subm_beg 1 0
1615446632288603 133811746088640 emit_beg 393 0
1615446635912800 133811754481344 subm_end 1 0
1615446635913270 133811754481344 pump_beg 1 0
1615446641904980 133811746088640 emit_end 393 0
1615446652869728 133811754481344 pump_end 1 2
1615446652870777 133811754481344 join_beg 1 0
1615446652871377 133811754481344 join_end 0 0
1615446654872074 133811754481344 coll_beg 0 0
1615446664515690 133811754481344 coll_end 0 0
1615446667323957 133811754481344 drain_beg 0 0
1615446667324807 133811754481344 drain_end 1 0
1615446667325377 133811754481344 subm_beg 1 0
1615446667329837 133811746088640 emit_beg 394 0
1615446669157590 133811754481344 subm_end 1 0
1615446669158050 133811754481344 pump_beg 1 0
1615446675443519 133811746088640 emit_end 394 0
1615446685381804 133811754481344 pump_end 1 2
1615446685385534 133811754481344 join_beg 1 0
1615446685386794 133811754481344 join_end 0 0
1615446687597903 133811754481344 coll_beg 0 0
1615446695871679 133811754481344 coll_end 0 0
1615446697867126 133811746088640 emit_beg 395 0
1615446699685809 133811754481344 drain_beg 0 0
1615446699687159 133811754481344 drain_end 1 0
1615446699687589 133811754481344 subm_beg 1 0
1615446705278594 133811754481344 subm_end 1 0
1615446705278964 133811754481344 pump_beg 1 0
1615446707931736 133811746088640 emit_end 395 0
1615446721253487 133811754481344 pump_end 1 2
1615446721259737 133811754481344 join_beg 1 0
1615446721261267 133811754481344 join_end 0 0
1615446724065584 133811754481344 coll_beg 0 0
1615446732267753 133811754481344 coll_end 0 0
1615446735658689 133811754481344 drain_beg 0 0
1615446735660059 133811754481344 drain_end 1 0
1615446735660919 133811754481344 subm_beg 1 0
1615446735691407 133811746088640 emit_beg 396 0
1615446737554989 133811754481344 subm_end 1 0
1615446737555339 133811754481344 pump_beg 1 0
1615446745574075 133811746088640 emit_end 396 0
1615446753660768 133811754481344 pump_end 1 2
1615446753665397 133811754481344 join_beg 1 0
1615446753666777 133811754481344 join_end 0 0
1615446755634705 133811754481344 coll_beg 0 0
1615446763431769 133811754481344 coll_end 0 0
1615446765303080 133811746088640 emit_beg 397 0
1615446767111644 133811754481344 drain_beg 0 0
1615446767112274 133811754481344 drain_end 1 0
1615446767112794 133811754481344 subm_beg 1 0
1615446772645021 133811754481344 subm_end 1 0
1615446772645361 133811754481344 pump_beg 1 0
1615446774917887 133811746088640 emit_end 397 0
1615446788696052 133811754481344 pump_end 1 2
1615446788698551 133811754481344 join_beg 1 0
1615446788699721 133811754481344 join_end 0 0
1615446794106493 133811754481344 coll_beg 0 0
1615446802582872 133811754481344 coll_end 0 0
1615446804520701 133811754481344 drain_beg 0 0
1615446804522731 133811754481344 drain_end 1 0
1615446804523851 133811754481344 subm_beg 1 0
1615446804542970 133811746088640 emit_beg 398 0
1615446807961934 133811754481344 subm_end 1 0
1615446807963794 133811754481344 pump_beg 1 0
1615446813677054 133811746088640 emit_end 398 0
1615446824630192 133811754481344 pump_end 1 2
1615446824631002 133811754481344 join_beg 1 0
1615446824631682 133811754481344 join_end 0 0
1615446826449636 133811754481344 coll_beg 0 0
1615446834385964 133811754481344 coll_end 0 0
1615446837843028 133811754481344 drain_beg 0 0
1615446837843577 133811754481344 drain_end 1 0
1615446837843867 133811754481344 subm_beg 1 0
1615446837867307 133811746088640 emit_beg 399 0
1615446841394687 133811754481344 subm_end 1 0
1615446841395167 133811754481344 pump_beg 1 0
1615446847131866 133811746088640 emit_end 399 0
1615446856919057 133811754481344 pump_end 1 2
1615446856919687 133811754481344 join_beg 1 0
1615446856920017 133811754481344 join_end 0 0
1615446858835377 133811754481344 coll_beg 0 0
1615446868214972 133811754481344 coll_end 0 0
1615446870903544 133811754481344 drain_beg 0 0
1615446870906204 133811754481344 drain_end 1 0
1615446870907724 133811754481344 subm_beg 1 0
1615446870922133 133811746088640 emit_beg 400 0
1615446874416955 133811754481344 subm_end 1 0
1615446874419655 133811754481344 pump_beg 1 0
1615446881625330 133811746088640 emit_end 400 0
1615446890628550 133811754481344 pump_end 1 2
1615446890632190 133811754481344 join_beg 1 0
1615446890633440 133811754481344 join_end 0 0
1615446892525150 133811754481344 coll_beg 0 0
1615446900289075 133811754481344 coll_end 0 0
1615446902091819 133811746088640 emit_beg 401 0
1615446903805076 133811754481344 drain_beg 0 0
1615446903805576 133811754481344 drain_end 1 0
1615446903806096 133811754481344 subm_beg 1 0
1615446909064793 133811754481344 subm_end 1 0
1615446909065123 133811754481344 pump_beg 1 0
1615446911120087 133811746088640 emit_end 401 0
1615446926209324 133811754481344 pump_end 1 2
1615446926211294 133811754481344 join_beg 1 0
1615446926212303 133811754481344 join_end 0 0
1615446929058769 133811754481344 coll_beg 0 0
1615446936636071 133811754481344 coll_end 0 0
1615446938477913 133811754481344 drain_beg 0 0
1615446938478433 133811754481344 drain_end 1 0
1615446938479073 133811754481344 subm_beg 1 0
1615446938501472 133811746088640 emit_beg 402 0
1615446941934386 133811754481344 subm_end 1 0
1615446941934756 133811754481344 pump_beg 1 0
1615446945950349 133811746088640 emit_end 402 0
1615446958660582 133811754481344 pump_end 1 2
1615446958661132 133811754481344 join_beg 1 0
1615446958661582 133811754481344 join_end 0 0
1615446962846939 133811754481344 coll_beg 0 0
1615446971681024 133811754481344 coll_end 0 0
1615446974485151 133811754481344 drain_beg 0 0
1615446974486031 133811754481344 drain_end 1 0
1615446974486581 133811754481344 subm_beg 1 0
1615446974515880 133811746088640 emit_beg 403 0
1615446977973233 133811754481344 subm_end 1 0
1615446977973623 133811754481344 pump_beg 1 0
1615446983820209 133811746088640 emit_end 403 0
1615446995156853 133811754481344 pump_end 1 2
1615446995158212 133811754481344 join_beg 1 0
1615446995159312 133811754481344 join_end 0 0
1615446997169839 133811754481344 coll_beg 0 0
1615447005711655 133811754481344 coll_end 0 0
1615447008728434 133811754481344 drain_beg 0 0
1615447008729344 133811754481344 drain_end 1 0
1615447008730054 133811754481344 subm_beg 1 0
1615447008750034 133811746088640 emit_beg 404 0
1615447010447221 133811754481344 subm_end 1 0
1615447010447711 133811754481344 pump_beg 1 0
1615447016261038 133811746088640 emit_end 404 0
1615447026239922 133811754481344 pump_end 1 2
1615447026241392 133811754481344 join_beg 1 0
1615447026241762 133811754481344 join_end 0 0
1615447028054025 133811754481344 coll_beg 0 0
1615447035420385 133811754481344 coll_end 0 0
1615447037202919 133811746088640 emit_beg 405 0
1615447038925926 133811754481344 drain_beg 0 0
1615447038926776 133811754481344 drain_end 1 0
1615447038927116 133811754481344 subm_beg 1 0
1615447044236471 133811754481344 subm_end 1 0
1615447044237071 133811754481344 pump_beg 1 0
1615447046293955 133811746088640 emit_end 405 0
1615447060628189 133811754481344 pump_end 1 2
1615447060630439 133811754481344 join_beg 1 0
1615447060631309 133811754481344 join_end 0 0
1615447063900339 133811754481344 coll_beg 0 0
1615447073592693 133811754481344 coll_end 0 0
1615447075700256 133811754481344 drain_beg 0 0
1615447075702426 133811754481344 drain_end 1 0
1615447075703666 133811754481344 subm_beg 1 0
1615447075719745 133811746088640 emit_beg 406 0
1615447077566328 133811754481344 subm_end 1 0
1615447077566708 133811754481344 pump_beg 1 0
1615447084954196 133811746088640 emit_end 406 0
1615447093590049 133811754481344 pump_end 1 2
1615447093593609 133811754481344 join_beg 1 0
1615447093595399 133811754481344 join_end 0 0
1615447095489269 133811754481344 coll_beg 0 0
1615447104369084 133811754481344 coll_end 0 0
1615447106911120 133811754481344 drain_beg 0 0
1615447106912540 133811754481344 drain_end 1 0
1615447106913420 133811754481344 subm_beg 1 0
1615447106933289 133811746088640 emit_beg 407 0
1615447110426001 133811754481344 subm_end 1 0
1615447110426461 133811754481344 pump_beg 1 0
1615447116037515 133811746088640 emit_end 407 0
1615447126229821 133811754481344 pump_end 1 2
1615447126231391 133811754481344 join_beg 1 0
1615447126231671 133811754481344 join_end 0 0
1615447128125411 133811754481344 coll_beg 0 0
1615447136411527 133811754481344 coll_end 0 0
1615447139844411 133811754481344 drain_beg 0 0
1615447139846411 133811754481344 drain_end 1 0
1615447139847691 133811754481344 subm_beg 1 0
1615447139865041 133811746088640 emit_beg 408 0
1615447143464228 133811754481344 subm_end 1 0
1615447143465818 133811754481344 pump_beg 1 0
1615447149259016 133811746088640 emit_end 408 0
1615447159421963 133811754481344 pump_end 1 2
1615447159422783 133811754481344 join_beg 1 0
1615447159423173 133811754481344 join_end 0 0
1615447161198117 133811754481344 coll_beg 0 0
1615447168577277 133811754481344 coll_end 0 0
1615447170361311 133811746088640 emit_beg 409 0
1615447172098417 133811754481344 drain_beg 0 0
1615447172101497 133811754481344 drain_end 1 0
1615447172102427 133811754481344 subm_beg 1 0
1615447178343518 133811754481344 subm_end 1 0
1615447178344518 133811754481344 pump_beg 1 0
1615447181199883 133811746088640 emit_end 409 0
1615447194952168 133811754481344 pump_end 1 2
1615447194953698 133811754481344 join_beg 1 0
1615447194954628 133811754481344 join_end 0 0
1615447198030465 133811754481344 coll_beg 0 0
1615447206095019 133811754481344 coll_end 0 0
1615447208306508 133811754481344 drain_beg 0 0
1615447208307568 133811754481344 drain_end 1 0
1615447208308228 133811754481344 subm_beg 1 0
1615447208517910 133811746088640 emit_beg 410 0
1615447212042401 133811754481344 subm_end 1 0
1615447212042951 133811754481344 pump_beg 1 0
1615447218046341 133811746088640 emit_end 410 0
1615447229962333 133811754481344 pump_end 1 2
1615447229967483 133811754481344 join_beg 1 0
1615447229968913 133811754481344 join_end 0 0
1615447233699446 133811754481344 coll_beg 0 0
1615447242953996 133811754481344 coll_end 0 0
1615447245504953 133811754481344 drain_beg 0 0
1615447245505863 133811754481344 drain_end 1 0
1615447245506763 133811754481344 subm_beg 1 0
1615447245527252 133811746088640 emit_beg 411 0
1615447247351195 133811754481344 subm_end 1 0
1615447247351535 133811754481344 pump_beg 1 0
1615447253633744 133811746088640 emit_end 411 0
1615447264297273 133811754481344 pump_end 1 2
1615447264299503 133811754481344 join_beg 1 0
1615447264301433 133811754481344 join_end 0 0
1615447266237782 133811754481344 coll_beg 0 0
1615447275249001 133811754481344 coll_end 0 0
1615447277551066 133811746088640 emit_beg 412 0
1615447279361420 133811754481344 drain_beg 0 0
1615447279361990 133811754481344 drain_end 1 0
1615447279362400 133811754481344 subm_beg 1 0
1615447284904896 133811754481344 subm_end 1 0
1615447284905246 133811754481344 pump_beg 1 0
1615447288986176 133811746088640 emit_end 412 0
1615447301144620 133811754481344 pump_end 1 2
1615447301153490 133811754481344 join_beg 1 0
1615447301156370 133811754481344 join_end 0 0
1615447303314641 133811754481344 coll_beg 0 0
1615447312612249 133811754481344 coll_end 0 0
1615447315499093 133811754481344 drain_beg 0 0
1615447315501753 133811754481344 drain_end 1 0
1615447315503263 133811754481344 subm_beg 1 0
1615447315515073 133811746088640 emit_beg 413 0
1615447319283464 133811754481344 subm_end 1 0
1615447319285094 133811754481344 pump_beg 1 0
1615447325498296 133811746088640 emit_end 413 0
1615447335301816 133811754481344 pump_end 1 2
1615447335305576 133811754481344 join_beg 1 0
1615447335307326 133811754481344 join_end 0 0
1615447337349601 133811754481344 coll_beg 0 0
1615447344807697 133811754481344 coll_end 0 0
1615447346709558 133811746088640 emit_beg 414 0
1615447348633977 133811754481344 drain_beg 0 0
1615447348638247 133811754481344 drain_end 1 0
1615447348639907 133811754481344 subm_beg 1 0
1615447354321048 133811754481344 subm_end 1 0
1615447354323308 133811754481344 pump_beg 1 0
1615447356677802 133811746088640 emit_end 414 0
1615447370672448 133811754481344 pump_end 1 2
1615447370674788 133811754481344 join_beg 1 0
1615447370675458 133811754481344 join_end 0 0
1615447374000316 133811754481344 coll_beg 0 0
1615447387415473 133811754481344 coll_end 0 0
1615447389399910 133811754481344 drain_beg 0 0
1615447389402150 133811754481344 drain_end 1 0
1615447389403790 133811754481344 subm_beg 1 0
1615447389419990 133811746088640 emit_beg 415 0
1615447391342069 133811754481344 subm_end 1 0
1615447391342559 133811754481344 pump_beg 1 0
1615447397387377 133811746088640 emit_end 415 0
1615447407842953 133811754481344 pump_end 1 2
1615447407843523 133811754481344 join_beg 1 0
1615447407844013 133811754481344 join_end 0 0
1615447409764893 133811754481344 coll_beg 0 0
1615447422974168 133811754481344 coll_end 0 0
1615447424916897 133811746088640 emit_beg 416 0
1615447424917867 133811754481344 drain_beg 0 0
1615447424919807 133811754481344 drain_end 1 0
1615447424920846 133811754481344 subm_beg 1 0
1615447430612657 133811754481344 subm_end 1 0
1615447430614547 133811754481344 pump_beg 1 0
1615447432734930 133811746088640 emit_end 416 0
1615447446846832 133811754481344 pump_end 1 2
1615447446848232 133811754481344 join_beg 1 0
1615447446849331 133811754481344 join_end 0 0
1615447449373399 133811754481344 coll_beg 0 0
1615447461007482 133811754481344 coll_end 0 0
1615447462955060 133811754481344 drain_beg 0 0
1615447462957050 133811754481344 drain_end 1 0
1615447462958220 133811754481344 subm_beg 1 0
1615447462973820 133811746088640 emit_beg 417 0
1615447464844401 133811754481344 subm_end 1 0
1615447464844841 133811754481344 pump_beg 1 0
1615447470761114 133811746088640 emit_end 417 0
1615447481439762 133811754481344 pump_end 1 2
1615447481441032 133811754481344 join_beg 1 0
1615447481441752 133811754481344 join_end 0 0
1615447483630301 133811754481344 coll_beg 0 0
1615447491775752 133811754481344 coll_end 0 0
1615447493629954 133811746088640 emit_beg 418 0
1615447495453687 133811754481344 drain_beg 0 0
1615447495454397 133811754481344 drain_end 1 0
1615447495455047 133811754481344 subm_beg 1 0
1615447501037462 133811754481344 subm_end 1 0
1615447501037742 133811754481344 pump_beg 1 0
1615447505009027 133811746088640 emit_end 418 0
1615447517704320 133811754481344 pump_end 1 2
1615447517705890 133811754481344 join_beg 1 0
1615447517706380 133811754481344 join_end 0 0
1615447519597111 133811754481344 coll_beg 0 0
1615447531925558 133811754481344 coll_end 0 0
1615447533895916 133811754481344 drain_beg 0 0
1615447533898176 133811754481344 drain_end 1 0
1615447533908656 133811754481344 subm_beg 1 0
1615447533915415 133811746088640 emit_beg 419 0
1615447537582621 133811754481344 subm_end 1 0
1615447537582981 133811754481344 pump_beg 1 0
1615447543739905 133811746088640 emit_end 419 0
1615447553692199 133811754481344 pump_end 1 2
1615447553694969 133811754481344 join_beg 1 0
1615447553696099 133811754481344 join_end 0 0
1615447555728425 133811754481344 coll_beg 0 0
1615447564731624 133811754481344 coll_end 0 0
1615447567455614 133811754481344 drain_beg 0 0
1615447567456604 133811754481344 drain_end 1 0
1615447567457434 133811754481344 subm_beg 1 0
1615447567477883 133811746088640 emit_beg 420 0
1615447569281897 133811754481344 subm_end 1 0
1615447569282197 133811754481344 pump_beg 1 0
1615447575188390 133811746088640 emit_end 420 0
1615447585829080 133811754481344 pump_end 1 2
1615447585830590 133811754481344 join_beg 1 0
1615447585831520 133811754481344 join_end 0 0
1615447587784648 133811754481344 coll_beg 0 0
1615447597469602 133811754481344 coll_end 0 0
1615447601080340 133811746088640 emit_beg 421 0
1615447601081870 133811754481344 drain_beg 0 0
1615447601084420 133811754481344 drain_end 1 0
1615447601085640 133811754481344 subm_beg 1 0
1615447607208175 133811746088640 emit_end 421 0
1615447608904083 133811754481344 subm_end 1 0
1615447608904853 133811754481344 pump_beg 1 0
1615447626040254 133811754481344 pump_end 1 2
1615447626042514 133811754481344 join_beg 1 0
1615447626043633 133811754481344 join_end 0 0
1615447627886256 133811754481344 coll_beg 0 0
1615447639595576 133811754481344 coll_end 0 0
1615447641418909 133811754481344 drain_beg 0 0
1615447641419759 133811754481344 drain_end 1 0
1615447641420169 133811754481344 subm_beg 1 0
1615447641443528 133811746088640 emit_beg 422 0
1615447644913071 133811754481344 subm_end 1 0
1615447644913471 133811754481344 pump_beg 1 0
1615447650628431 133811746088640 emit_end 422 0
1615447661845449 133811754481344 pump_end 1 2
1615447661847079 133811754481344 join_beg 1 0
1615447661848029 133811754481344 join_end 0 0
1615447663649473 133811754481344 coll_beg 0 0
1615447671840162 133811754481344 coll_end 0 0
1615447674704127 133811754481344 drain_beg 0 0
1615447674704467 133811754481344 drain_end 1 0
1615447674705167 133811754481344 subm_beg 1 0
1615447674734096 133811746088640 emit_beg 423 0
1615447678194179 133811754481344 subm_end 1 0
1615447678194489 133811754481344 pump_beg 1 0
1615447683882400 133811746088640 emit_end 423 0
1615447695057040 133811754481344 pump_end 1 2
1615447695058070 133811754481344 join_beg 1 0
1615447695058760 133811754481344 join_end 0 0
1615447697483261 133811754481344 coll_beg 0 0
1615447705678580 133811754481344 coll_end 0 0
1615447708695749 133811754481344 drain_beg 0 0
1615447708696589 133811754481344 drain_end 1 0
1615447708697199 133811754481344 subm_beg 1 0
1615447708724188 133811746088640 emit_beg 424 0
1615447712215660 133811754481344 subm_end 1 0
1615447712216100 133811754481344 pump_beg 1 0
1615447718228009 133811746088640 emit_end 424 0
1615447728922977 133811754481344 pump_end 1 2
1615447728924527 133811754481344 join_beg 1 0
1615447728925047 133811754481344 join_end 0 0
1615447732195687 133811754481344 coll_beg 0 0
1615447744435287 133811754481344 coll_end 0 0
1615447746286470 133811754481344 drain_beg 0 0
1615447746287459 133811754481344 drain_end 1 0
1615447746287939 133811754481344 subm_beg 1 0
1615447746310919 133811746088640 emit_beg 425 0
1615447748058554 133811754481344 subm_end 1 0
1615447748058924 133811754481344 pump_beg 1 0
1615447753683238 133811746088640 emit_end 425 0
1615447764871327 133811754481344 pump_end 1 2
1615447764872837 133811754481344 join_beg 1 0
1615447764873477 133811754481344 join_end 0 0
1615447766665781 133811754481344 coll_beg 0 0
1615447774647208 133811754481344 coll_end 0 0
1615447777559691 133811746088640 emit_beg 426 0
1615447779297858 133811754481344 drain_beg 0 0
1615447779298558 133811754481344 drain_end 1 0
1615447779299158 133811754481344 subm_beg 1 0
1615447784471858 133811754481344 subm_end 1 0
1615447784472298 133811754481344 pump_beg 1 0
1615447786511173 133811746088640 emit_end 426 0
1615447800099584 133811754481344 pump_end 1 2
1615447800100704 133811754481344 join_beg 1 0
1615447800101264 133811754481344 join_end 0 0
1615447803710742 133811754481344 coll_beg 0 0
1615447811024923 133811754481344 coll_end 0 0
1615447813154075 133811746088640 emit_beg 427 0
1615447814920740 133811754481344 drain_beg 0 0
1615447814921330 133811754481344 drain_end 1 0
1615447814921900 133811754481344 subm_beg 1 0
1615447820148038 133811754481344 subm_end 1 0
1615447820148798 133811754481344 pump_beg 1 0
1615447822233972 133811746088640 emit_end 427 0
1615447835693507 133811754481344 pump_end 1 2
1615447835694727 133811754481344 join_beg 1 0
1615447835695537 133811754481344 join_end 0 0
1615447838191066 133811754481344 coll_beg 0 0
1615447844613870 133811754481344 coll_end 0 0
1615447847657648 133811746088640 emit_beg 428 0
1615447849410014 133811754481344 drain_beg 0 0
1615447849410984 133811754481344 drain_end 1 0
1615447849411384 133811754481344 subm_beg 1 0
1615447854654451 133811754481344 subm_end 1 0
1615447854654991 133811754481344 pump_beg 1 0
1615447856712056 133811746088640 emit_end 428 0
1615447870868296 133811754481344 pump_end 1 2
1615447870869446 133811754481344 join_beg 1 0
1615447870870026 133811754481344 join_end 0 0
1615447873649194 133811754481344 coll_beg 0 0
1615447882498489 133811754481344 coll_end 0 0
1615447884873852 133811754481344 drain_beg 0 0
1615447884875712 133811754481344 drain_end 1 0
1615447884876882 133811754481344 subm_beg 1 0
1615447884885172 133811746088640 emit_beg 429 0
1615447888472110 133811754481344 subm_end 1 0
1615447888472730 133811754481344 pump_beg 1 0
1615447893875382 133811746088640 emit_end 429 0
1615447904423324 133811754481344 pump_end 1 2
1615447904424074 133811754481344 join_beg 1 0
1615447904424844 133811754481344 join_end 0 0
1615447907739793 133811754481344 coll_beg 0 0
1615447917157087 133811754481344 coll_end 0 0
1615447919162473 133811754481344 drain_beg 0 0
1615447919163413 133811754481344 drain_end 1 0
1615447919163803 133811754481344 subm_beg 1 0
1615447919184562 133811746088640 emit_beg 430 0
1615447922875947 133811754481344 subm_end 1 0
1615447922876327 133811754481344 pump_beg 1 0
1615447928482371 133811746088640 emit_end 430 0
1615447939641052 133811754481344 pump_end 1 2
1615447939642422 133811754481344 join_beg 1 0
1615447939643471 133811754481344 join_end 0 0
1615447943000088 133811754481344 coll_beg 0 0
1615447950801702 133811754481344 coll_end 0 0
1615447952539798 133811754481344 drain_beg 0 0
1615447952540318 133811754481344 drain_end 1 0
1615447952540668 133811754481344 subm_beg 1 0
1615447952568437 133811746088640 emit_beg 431 0
1615447955974442 133811754481344 subm_end 1 0
1615447955974822 133811754481344 pump_beg 1 0
1615447961452851 133811746088640 emit_end 431 0
1615447972377440 133811754481344 pump_end 1 2
1615447972379130 133811754481344 join_beg 1 0
1615447972379820 133811754481344 join_end 0 0
1615447974751943 133811754481344 coll_beg 0 0
1615447982547867 133811754481344 coll_end 0 0
1615447984391619 133811754481344 drain_beg 0 0
1615447984392469 133811754481344 drain_end 1 0
1615447984393109 133811754481344 subm_beg 1 0
1615447984401029 133811746088640 emit_beg 432 0
1615447987811723 133811754481344 subm_end 1 0
1615447987812153 133811754481344 pump_beg 1 0
1615447993352240 133811746088640 emit_end 432 0
1615448003402201 133811754481344 pump_end 1 2
1615448003403701 133811754481344 join_beg 1 0
1615448003404351 133811754481344 join_end 0 0
1615448005170496 133811754481344 coll_beg 0 0
1615448015395891 133811754481344 coll_end 0 0
1615448017167166 133811754481344 drain_beg 0 0
1615448017167836 133811754481344 drain_end 1 0
1615448017168376 133811754481344 subm_beg 1 0
1615448017192135 133811746088640 emit_beg 433 0
1615448020599640 133811754481344 subm_end 1 0
1615448020600080 133811754481344 pump_beg 1 0
1615448026239633 133811746088640 emit_end 433 0
1615448037344955 133811754481344 pump_end 1 2
1615448037345795 133811754481344 join_beg 1 0
1615448037346325 133811754481344 join_end 0 0
1615448039266834 133811754481344 coll_beg 0 0
1615448047923857 133811754481344 coll_end 0 0
1615448051211306 133811754481344 drain_beg 0 0
1615448051211996 133811754481344 drain_end 1 0
1615448051212476 133811754481344 subm_beg 1 0
1615448051239215 133811746088640 emit_beg 434 0
1615448054887071 133811754481344 subm_end 1 0
1615448054887381 133811754481344 pump_beg 1 0
1615448061006926 133811746088640 emit_end 434 0
1615448071629026 133811754481344 pump_end 1 2
1615448071630026 133811754481344 join_beg 1 0
1615448071630806 133811754481344 join_end 0 0
1615448073573685 133811754481344 coll_beg 0 0
1615448082688551 133811754481344 coll_end 0 0
1615448085831675 133811754481344 drain_beg 0 0
1615448085832175 133811754481344 drain_end 1 0
1615448085832705 133811754481344 subm_beg 1 0
1615448085845215 133811746088640 emit_beg 435 0
1615448089503580 133811754481344 subm_end 1 0
1615448089503890 133811754481344 pump_beg 1 0
1615448095342366 133811746088640 emit_end 435 0
1615448106867563 133811754481344 pump_end 1 2
1615448106868363 133811754481344 join_beg 1 0
1615448106869003 133811754481344 join_end 0 0
1615448108836541 133811754481344 coll_beg 0 0
1615448118094901 133811754481344 coll_end 0 0
1615448120934366 133811746088640 emit_beg 436 0
1615448122770019 133811754481344 drain_beg 0 0
1615448122770719 133811754481344 drain_end 1 0
1615448122771169 133811754481344 subm_beg 1 0
1615448128446351 133811754481344 subm_end 1 0
1615448128446921 133811754481344 pump_beg 1 0
1615448130822864 133811746088640 emit_end 436 0
1615448145669039 133811754481344 pump_end 1 2
1615448145671099 133811754481344 join_beg 1 0
1615448145672249 133811754481344 join_end 0 0
1615448149875564 133811754481344 coll_beg 0 0
1615448158080533 133811754481344 coll_end 0 0
1615448161687200 133811754481344 drain_beg 0 0
1615448161688100 133811754481344 drain_end 1 0
1615448161688950 133811754481344 subm_beg 1 0
1615448161715669 133811746088640 emit_beg 437 0
1615448163572591 133811754481344 subm_end 1 0
1615448163573071 133811754481344 pump_beg 1 0
1615448171410294 133811746088640 emit_end 437 0
1615448179684350 133811754481344 pump_end 1 2
1615448179685310 133811754481344 join_beg 1 0
1615448179685940 133811754481344 join_end 0 0
1615448181629888 133811754481344 coll_beg 0 0
1615448191094291 133811754481344 coll_end 0 0
1615448194555344 133811754481344 drain_beg 0 0
1615448194555994 133811754481344 drain_end 1 0
1615448194556284 133811754481344 subm_beg 1 0
1615448194565004 133811746088640 emit_beg 438 0
1615448198258178 133811754481344 subm_end 1 0
1615448198258518 133811754481344 pump_beg 1 0
1615448204061525 133811746088640 emit_end 438 0
1615448214108836 133811754481344 pump_end 1 2
1615448214110796 133811754481344 join_beg 1 0
1615448214111916 133811754481344 join_end 0 0
1615448216038045 133811754481344 coll_beg 0 0
1615448225652253 133811754481344 coll_end 0 0
1615448228294836 133811754481344 drain_beg 0 0
1615448228296155 133811754481344 drain_end 1 0
1615448228296975 133811754481344 subm_beg 1 0
1615448228299425 133811746088640 emit_beg 439 0
1615448231895233 133811754481344 subm_end 1 0
1615448231895653 133811754481344 pump_beg 1 0
1615448237623573 133811746088640 emit_end 439 0
1615448247555918 133811754481344 pump_end 1 2
1615448247558198 133811754481344 join_beg 1 0
1615448247559478 133811754481344 join_end 0 0
1615448249551055 133811754481344 coll_beg 0 0
1615448256766820 133811754481344 coll_end 0 0
1615448258915431 133811746088640 emit_beg 440 0
1615448260775943 133811754481344 drain_beg 0 0
1615448260776863 133811754481344 drain_end 1 0
1615448260777423 133811754481344 subm_beg 1 0
1615448266344289 133811754481344 subm_end 1 0
1615448266344689 133811754481344 pump_beg 1 0
1615448268481080 133811746088640 emit_end 440 0
1615448281783192 133811754481344 pump_end 1 2
1615448281784622 133811754481344 join_beg 1 0
1615448281786522 133811754481344 join_end 0 0
1615448286771879 133811754481344 coll_beg 0 0
1615448296531311 133811754481344 coll_end 0 0
1615448298450400 133811754481344 drain_beg 0 0
1615448298450830 133811754481344 drain_end 1 0
1615448298458290 133811754481344 subm_beg 1 0
1615448298476959 133811746088640 emit_beg 441 0
1615448302210322 133811754481344 subm_end 1 0
1615448302210712 133811754481344 pump_beg 1 0
1615448308081297 133811746088640 emit_end 441 0
1615448317951164 133811754481344 pump_end 1 2
1615448317952064 133811754481344 join_beg 1 0
1615448317952554 133811754481344 join_end 0 0
1615448321333960 133811754481344 coll_beg 0 0
1615448330205044 133811754481344 coll_end 0 0
1615448333426746 133811754481344 drain_beg 0 0
1615448333427356 133811754481344 drain_end 1 0
1615448333427806 133811754481344 subm_beg 1 0
1615448333451225 133811746088640 emit_beg 442 0
1615448337146300 133811754481344 subm_end 1 0
1615448337146760 133811754481344 pump_beg 1 0
1615448342967376 133811746088640 emit_end 442 0
1615448353383494 133811754481344 pump_end 1 2
1615448353385054 133811754481344 join_beg 1 0
1615448353386174 133811754481344 join_end 0 0
1615448356125123 133811754481344 coll_beg 0 0
1615448367371010 133811754481344 coll_end 0 0
1615448369338458 133811754481344 drain_beg 0 0
1615448369339528 133811746088640 emit_beg 443 0
1615448369341078 133811754481344 drain_end 1 0
1615448369342288 133811754481344 subm_beg 1 0
1615448375355837 133811746088640 emit_end 443 0
1615448376906700 133811754481344 subm_end 1 0
1615448376909050 133811754481344 pump_beg 1 0
1615448392926632 133811754481344 pump_end 1 2
1615448392929782 133811754481344 join_beg 1 0
1615448392931682 133811754481344 join_end 0 0
1615448395966350 133811754481344 coll_beg 0 0
1615448405096025 133811754481344 coll_end 0 0
1615448407022205 133811754481344 drain_beg 0 0
1615448407023315 133811754481344 drain_end 1 0
1615448407023855 133811754481344 subm_beg 1 0
1615448407047464 133811746088640 emit_beg 444 0
1615448410642422 133811754481344 subm_end 1 0
1615448410642742 133811754481344 pump_beg 1 0
1615448416648001 133811746088640 emit_end 444 0
1615448426080855 133811754481344 pump_end 1 2
1615448426081895 133811754481344 join_beg 1 0
1615448426082915 133811754481344 join_end 0 0
1615448427949696 133811754481344 coll_beg 0 0
1615448435571007 133811754481344 coll_end 0 0
1615448438228639 133811754481344 drain_beg 0 0
1615448438229309 133811754481344 drain_end 1 0
1615448438230169 133811754481344 subm_beg 1 0
1615448438251768 133811746088640 emit_beg 445 0
1615448441901664 133811754481344 subm_end 1 0
1615448441902014 133811754481344 pump_beg 1 0
1615448448064678 133811746088640 emit_end 445 0
1615448457571499 133811754481344 pump_end 1 2
1615448457574719 133811754481344 join_beg 1 0
1615448457575709 133811754481344 join_end 0 0
1615448459458860 133811754481344 coll_beg 0 0
1615448466128415 133811754481344 coll_end 0 0
1615448468338734 133811746088640 emit_beg 446 0
1615448470011152 133811754481344 drain_beg 0 0
1615448470011772 133811754481344 drain_end 1 0
1615448470012272 133811754481344 subm_beg 1 0
1615448475212201 133811754481344 subm_end 1 0
1615448475212741 133811754481344 pump_beg 1 0
1615448477231287 133811746088640 emit_end 446 0
1615448492199528 133811754481344 pump_end 1 2
1615448492200758 133811754481344 join_beg 1 0
1615448492201448 133811754481344 join_end 0 0
1615448494478204 133811754481344 coll_beg 0 0
1615448502866986 133811754481344 coll_end 0 0
1615448504616732 133811754481344 drain_beg 0 0
1615448504617572 133811754481344 drain_end 1 0
1615448504618562 133811754481344 subm_beg 1 0
1615448504647091 133811746088640 emit_beg 447 0
1615448508126313 133811754481344 subm_end 1 0
1615448508126773 133811754481344 pump_beg 1 0
1615448513811864 133811746088640 emit_end 447 0
1615448525763376 133811754481344 pump_end 1 2
1615448525765076 133811754481344 join_beg 1 0
1615448525765776 133811754481344 join_end 0 0
1615448528114189 133811754481344 coll_beg 0 0
1615448537600191 133811754481344 coll_end 0 0
1615448540201456 133811754481344 drain_beg 0 0
1615448540202736 133811754481344 drain_end 1 0
1615448540203136 133811754481344 subm_beg 1 0
1615448540229345 133811746088640 emit_beg 448 0
1615448541934712 133811754481344 subm_end 1 0
1615448541935082 133811754481344 pump_beg 1 0
1615448549269613 133811746088640 emit_end 448 0
1615448559633402 133811754481344 pump_end 1 2
1615448559634202 133811754481344 join_beg 1 0
1615448559634642 133811754481344 join_end 0 0
1615448561428216 133811754481344 coll_beg 0 0
1615448570660708 133811754481344 coll_end 0 0
1615448572974223 133811754481344 drain_beg 0 0
1615448572975193 133811754481344 drain_end 1 0
1615448572975763 133811754481344 subm_beg 1 0
1615448572995322 133811746088640 emit_beg 449 0
1615448574703369 133811754481344 subm_end 1 0
1615448574703629 133811754481344 pump_beg 1 0
1615448578715112 133811746088640 emit_end 449 0
1615448591476523 133811754481344 pump_end 1 2
1615448591477353 133811754481344 join_beg 1 0
1615448591477893 133811754481344 join_end 0 0
1615448593231729 133811754481344 coll_beg 0 0
1615448600793431 133811754481344 coll_end 0 0
1615448603034589 133811746088640 emit_beg 450 0
1615448604729047 133811754481344 drain_beg 0 0
1615448604729627 133811754481344 drain_end 1 0
1615448604729837 133811754481344 subm_beg 1 0
1615448608164221 133811754481344 subm_end 1 0
1615448608164521 133811754481344 pump_beg 1 0
1615448611845736 133811746088640 emit_end 450 0
1615448624411304 133811754481344 pump_end 1 2
1615448624411994 133811754481344 join_beg 1 0
1615448624412284 133811754481344 join_end 0 0
1615448626157420 133811754481344 coll_beg 0 0
1615448633493761 133811754481344 coll_end 0 0
1615448636492971 133811754481344 drain_beg 0 0
1615448636493761 133811754481344 drain_end 1 0
1615448636494751 133811754481344 subm_beg 1 0
1615448636502711 133811746088640 emit_beg 451 0
1615448639994772 133811754481344 subm_end 1 0
1615448639995262 133811754481344 pump_beg 1 0
1615448645510230 133811746088640 emit_end 451 0
1615448656244296 133811754481344 pump_end 1 2
1615448656247476 133811754481344 join_beg 1 0
1615448656248706 133811754481344 join_end 0 0
1615448658089948 133811754481344 coll_beg 0 0
1615448666800158 133811754481344 coll_end 0 0
1615448669499279 133811754481344 drain_beg 0 0
1615448669499789 133811754481344 drain_end 1 0
1615448669500119 133811754481344 subm_beg 1 0
1615448669528538 133811746088640 emit_beg 452 0
1615448672935843 133811754481344 subm_end 1 0
1615448672936163 133811754481344 pump_beg 1 0
1615448678526198 133811746088640 emit_end 452 0
1615448689542834 133811754481344 pump_end 1 2
1615448689543804 133811754481344 join_beg 1 0
1615448689544484 133811754481344 join_end 0 0
1615448691396916 133811754481344 coll_beg 0 0
1615448701755295 133811754481344 coll_end 0 0
1615448704626340 133811754481344 drain_beg 0 0
1615448704628920 133811754481344 drain_end 1 0
1615448704630210 133811754481344 subm_beg 1 0
1615448704646629 133811746088640 emit_beg 453 0
1615448708151281 133811754481344 subm_end 1 0
1615448708153430 133811754481344 pump_beg 1 0
1615448713699407 133811746088640 emit_end 453 0
1615448724369675 133811754481344 pump_end 1 2
1615448724370955 133811754481344 join_beg 1 0
1615448724371465 133811754481344 join_end 0 0
1615448726659941 133811754481344 coll_beg 0 0
1615448735637711 133811754481344 coll_end 0 0
1615448737432506 133811746088640 emit_beg 454 0
1615448739147053 133811754481344 drain_beg 0 0
1615448739149113 133811754481344 drain_end 1 0
1615448739149753 133811754481344 subm_beg 1 0
1615448744310333 133811754481344 subm_end 1 0
1615448744310873 133811754481344 pump_beg 1 0
1615448746257322 133811746088640 emit_end 454 0
1615448760496429 133811754481344 pump_end 1 2
1615448760498049 133811754481344 join_beg 1 0
1615448760498859 133811754481344 join_end 0 0
1615448763180400 133811754481344 coll_beg 0 0
1615448770967505 133811754481344 coll_end 0 0
1615448774513634 133811754481344 drain_beg 0 0
1615448774514274 133811754481344 drain_end 1 0
1615448774514684 133811754481344 subm_beg 1 0
1615448774537853 133811746088640 emit_beg 455 0
1615448777955598 133811754481344 subm_end 1 0
1615448777955968 133811754481344 pump_beg 1 0
1615448783591811 133811746088640 emit_end 455 0
1615448793894543 133811754481344 pump_end 1 2
1615448793895113 133811754481344 join_beg 1 0
1615448793895473 133811754481344 join_end 0 0
1615448795662598 133811754481344 coll_beg 0 0
1615448803030527 133811754481344 coll_end 0 0
1615448805826035 133811746088640 emit_beg 456 0
1615448807584550 133811754481344 drain_beg 0 0
1615448807585030 133811754481344 drain_end 1 0
1615448807585390 133811754481344 subm_beg 1 0
1615448812742641 133811754481344 subm_end 1 0
1615448812743001 133811754481344 pump_beg 1 0
1615448814675100 133811746088640 emit_end 456 0
1615448830020727 133811754481344 pump_end 1 2
1615448830022787 133811754481344 join_beg 1 0
1615448830023877 133811754481344 join_end 0 0
1615448832317002 133811754481344 coll_beg 0 0
1615448840510902 133811754481344 coll_end 0 0
1615448843469713 133811754481344 drain_beg 0 0
1615448843470463 133811754481344 drain_end 1 0
1615448843470693 133811754481344 subm_beg 1 0
1615448843495142 133811746088640 emit_beg 457 0
1615448846979624 133811754481344 subm_end 1 0
1615448846980064 133811754481344 pump_beg 1 0
1615448852514081 133811746088640 emit_end 457 0
1615448863264876 133811754481344 pump_end 1 2
1615448863265826 133811754481344 join_beg 1 0
1615448863266356 133811754481344 join_end 0 0
1615448865146217 133811754481344 coll_beg 0 0
1615448872911532 133811754481344 coll_end 0 0
1615448874769444 133811746088640 emit_beg 458 0
1615448876631896 133811754481344 drain_beg 0 0
1615448876634396 133811754481344 drain_end 1 0
1615448876635266 133811754481344 subm_beg 1 0
1615448882319387 133811754481344 subm_end 1 0
1615448882319967 133811754481344 pump_beg 1 0
1615448884563104 133811746088640 emit_end 458 0
1615448899279404 133811754481344 pump_end 1 2
1615448899281724 133811754481344 join_beg 1 0
1615448899282804 133811754481344 join_end 0 0
1615448901748154 133811754481344 coll_beg 0 0
1615448910556750 133811754481344 coll_end 0 0
1615448913442474 133811754481344 drain_beg 0 0
1615448913443574 133811754481344 drain_end 1 0
1615448913444134 133811754481344 subm_beg 1 0
1615448913465284 133811746088640 emit_beg 459 0
1615448917110650 133811754481344 subm_end 1 0
1615448917111450 133811754481344 pump_beg 1 0
1615448922944156 133811746088640 emit_end 459 0
1615448934632097 133811754481344 pump_end 1 2
1615448934634996 133811754481344 join_beg 1 0
1615448934636126 133811754481344 join_end 0 0
1615448936629813 133811754481344 coll_beg 0 0
1615448945798047 133811754481344 coll_end 0 0
1615448948333824 133811754481344 drain_beg 0 0
1615448948334854 133811754481344 drain_end 1 0
1615448948335424 133811754481344 subm_beg 1 0
1615448948339133 133811746088640 emit_beg 460 0
1615448951966580 133811754481344 subm_end 1 0
1615448951967050 133811754481344 pump_beg 1 0
1615448955800620 133811746088640 emit_end 460 0
1615448968554391 133811754481344 pump_end 1 2
1615448968554931 133811754481344 join_beg 1 0
1615448968555201 133811754481344 join_end 0 0
1615448970490010 133811754481344 coll_beg 0 0
1615448978578643 133811754481344 coll_end 0 0
1615448980841430 133811746088640 emit_beg 461 0
1615448982673653 133811754481344 drain_beg 0 0
1615448982674283 133811754481344 drain_end 1 0
1615448982674763 133811754481344 subm_beg 1 0
1615448988278687 133811754481344 subm_end 1 0
1615448988279067 133811754481344 pump_beg 1 0
1615448990304063 133811746088640 emit_end 461 0
1615449004481282 133811754481344 pump_end 1 2
1615449004484292 133811754481344 join_beg 1 0
1615449004485792 133811754481344 join_end 0 0
1615449007561619 133811754481344 coll_beg 0 0
1615449018221608 133811754481344 coll_end 0 0
1615449021356783 133811754481344 drain_beg 0 0
1615449021357533 133811754481344 drain_end 1 0
1615449021358033 133811754481344 subm_beg 1 0
1615449021382672 133811746088640 emit_beg 462 0
1615449025058517 133811754481344 subm_end 1 0
1615449025058787 133811754481344 pump_beg 1 0
1615449031014429 133811746088640 emit_end 462 0
1615449041374598 133811754481344 pump_end 1 2
1615449041378218 133811754481344 join_beg 1 0
1615449041379858 133811754481344 join_end 0 0
1615449043426603 133811754481344 coll_beg 0 0
1615449053532342 133811754481344 coll_end 0 0
1615449057135190 133811754481344 drain_beg 0 0
1615449057136010 133811754481344 drain_end 1 0
1615449057144679 133811754481344 subm_beg 1 0
1615449057159879 133811746088640 emit_beg 463 0
1615449060818934 133811754481344 subm_end 1 0
1615449060819354 133811754481344 pump_beg 1 0
1615449066767966 133811746088640 emit_end 463 0
1615449077064848 133811754481344 pump_end 1 2
1615449077067098 133811754481344 join_beg 1 0
1615449077068088 133811754481344 join_end 0 0
1615449079045945 133811754481344 coll_beg 0 0
1615449087678318 133811754481344 coll_end 0 0
1615449091067574 133811754481344 drain_beg 0 0
1615449091068234 133811754481344 drain_end 1 0
1615449091068594 133811754481344 subm_beg 1 0
1615449091094293 133811746088640 emit_beg 464 0
1615449094736389 133811754481344 subm_end 1 0
1615449094736779 133811754481344 pump_beg 1 0
1615449101043228 133811746088640 emit_end 464 0
1615449110364126 133811754481344 pump_end 1 2
1615449110365236 133811754481344 join_beg 1 0
1615449110365836 133811754481344 join_end 0 0
1615449112246957 133811754481344 coll_beg 0 0
1615449120489194 133811754481344 coll_end 0 0
1615449122443002 133811746088640 emit_beg 465 0
1615449124222507 133811754481344 drain_beg 0 0
1615449124223147 133811754481344 drain_end 1 0
1615449124223477 133811754481344 subm_beg 1 0
1615449129758674 133811754481344 subm_end 1 0
1615449129759004 133811754481344 pump_beg 1 0
1615449134133873 133811746088640 emit_end 465 0
1615449147198843 133811754481344 pump_end 1 2
1615449147200933 133811754481344 join_beg 1 0
1615449147201773 133811754481344 join_end 0 0
1615449150605279 133811754481344 coll_beg 0 0
1615449160198006 133811754481344 coll_end 0 0
1615449162153344 133811754481344 drain_beg 0 0
1615449162154274 133811754481344 drain_end 1 0
1615449162155064 133811754481344 subm_beg 1 0
1615449162178084 133811746088640 emit_beg 466 0
1615449164014696 133811754481344 subm_end 1 0
1615449164015196 133811754481344 pump_beg 1 0
1615449170076674 133811746088640 emit_end 466 0
1615449181629950 133811754481344 pump_end 1 2
1615449181631719 133811754481344 join_beg 1 0
1615449181632759 133811754481344 join_end 0 0
1615449183654795 133811754481344 coll_beg 0 0
1615449193839401 133811754481344 coll_end 0 0
1615449197766477 133811754481344 drain_beg 0 0
1615449197768947 133811754481344 drain_end 1 0
1615449197770827 133811754481344 subm_beg 1 0
1615449197784097 133811746088640 emit_beg 467 0
1615449199718846 133811754481344 subm_end 1 0
1615449199719505 133811754481344 pump_beg 1 0
1615449205928138 133811746088640 emit_end 467 0
1615449217041060 133811754481344 pump_end 1 2
1615449217041540 133811754481344 join_beg 1 0
1615449217042180 133811754481344 join_end 0 0
1615449221361531 133811754481344 coll_beg 0 0
1615449229772752 133811754481344 coll_end 0 0
1615449231891365 133811746088640 emit_beg 468 0
1615449239614141 133811746088640 emit_end 468 0
1615449260278302 133811754481344 drain_beg 0 0
1615449260280652 133811754481344 drain_end 1 0
1615449260281752 133811754481344 subm_beg 1 0
1615449265776301 133811754481344 subm_end 1 0
1615449265777961 133811754481344 pump_beg 1 0
1615449282850444 133811754481344 pump_end 1 2
1615449282852404 133811754481344 join_beg 1 0
1615449282853334 133811754481344 join_end 0 0
1615449284936997 133811754481344 coll_beg 0 0
1615449293602859 133811754481344 coll_end 0 0
1615449295665053 133811754481344 drain_beg 0 0
1615449295665943 133811754481344 drain_end 1 0
1615449295666553 133811754481344 subm_beg 1 0
1615449295691263 133811746088640 emit_beg 469 0
1615449297560174 133811754481344 subm_end 1 0
1615449297560454 133811754481344 pump_beg 1 0
1615449305446084 133811746088640 emit_end 469 0
1615449314012770 133811754481344 pump_end 1 2
1615449314015520 133811754481344 join_beg 1 0
1615449314016900 133811754481344 join_end 0 0
1615449315897071 133811754481344 coll_beg 0 0
1615449324767515 133811754481344 coll_end 0 0
1615449327040792 133811754481344 drain_beg 0 0
1615449327041652 133811754481344 drain_end 1 0
1615449327042252 133811754481344 subm_beg 1 0
1615449327071940 133811746088640 emit_beg 470 0
1615449330457216 133811754481344 subm_end 1 0
1615449330457586 133811754481344 pump_beg 1 0
1615449336151117 133811746088640 emit_end 470 0
1615449347099695 133811754481344 pump_end 1 2
1615449347101095 133811754481344 join_beg 1 0
1615449347101945 133811754481344 join_end 0 0
1615449348965847 133811754481344 coll_beg 0 0
1615449357183665 133811754481344 coll_end 0 0
1615449360105488 133811754481344 drain_beg 0 0
1615449360106078 133811754481344 drain_end 1 0
1615449360106508 133811754481344 subm_beg 1 0
1615449360130807 133811746088640 emit_beg 471 0
1615449363535272 133811754481344 subm_end 1 0
1615449363535622 133811754481344 pump_beg 1 0
1615449368973112 133811746088640 emit_end 471 0
1615449379810195 133811754481344 pump_end 1 2
1615449379812534 133811754481344 join_beg 1 0
1615449379813524 133811754481344 join_end 0 0
1615449381681456 133811754481344 coll_beg 0 0
1615449389464320 133811754481344 coll_end 0 0
1615449391240785 133811746088640 emit_beg 472 0
1615449393039659 133811754481344 drain_beg 0 0
1615449393044829 133811754481344 drain_end 1 0
1615449393046349 133811754481344 subm_beg 1 0
1615449398415692 133811754481344 subm_end 1 0
1615449398417892 133811754481344 pump_beg 1 0
1615449400478006 133811746088640 emit_end 472 0
1615449414914246 133811754481344 pump_end 1 2
1615449414918216 133811754481344 join_beg 1 0
1615449414919486 133811754481344 join_end 0 0
1615449417088976 133811754481344 coll_beg 0 0
1615449427966427 133811754481344 coll_end 0 0
1615449429846788 133811754481344 drain_beg 0 0
1615449429848878 133811754481344 drain_end 1 0
1615449429850358 133811754481344 subm_beg 1 0
1615449429866387 133811746088640 emit_beg 473 0
1615449431598204 133811754481344 subm_end 1 0
1615449431599964 133811754481344 pump_beg 1 0
1615449437245806 133811746088640 emit_end 473 0
1615449447727191 133811754481344 pump_end 1 2
1615449447728911 133811754481344 join_beg 1 0
1615449447729581 133811754481344 join_end 0 0
1615449449493397 133811754481344 coll_beg 0 0
1615449457089068 133811754481344 coll_end 0 0
1615449459573827 133811746088640 emit_beg 474 0
1615449461292383 133811754481344 drain_beg 0 0
1615449461293163 133811754481344 drain_end 1 0
1615449461293473 133811754481344 subm_beg 1 0
1615449466477513 133811754481344 subm_end 1 0
1615449466478183 133811754481344 pump_beg 1 0
1615449468520328 133811746088640 emit_end 474 0
1615449482637400 133811754481344 pump_end 1 2
1615449482640000 133811754481344 join_beg 1 0
1615449482641280 133811754481344 join_end 0 0
1615449485946318 133811754481344 coll_beg 0 0
1615449493792960 133811754481344 coll_end 0 0
1615449497232844 133811754481344 drain_beg 0 0
1615449497234884 133811754481344 drain_end 1 0
1615449497235664 133811754481344 subm_beg 1 0
1615449497263643 133811746088640 emit_beg 475 0
1615449500759685 133811754481344 subm_end 1 0
1615449500762205 133811754481344 pump_beg 1 0
1615449506242553 133811746088640 emit_end 475 0
1615449516766227 133811754481344 pump_end 1 2
1615449516767347 133811754481344 join_beg 1 0
1615449516768007 133811754481344 join_end 0 0
1615449518653238 133811754481344 coll_beg 0 0
1615449526393094 133811754481344 coll_end 0 0
1615449528133500 133811746088640 emit_beg 476 0
1615449529909645 133811754481344 drain_beg 0 0
1615449529910154 133811754481344 drain_end 1 0
1615449529910754 133811754481344 subm_beg 1 0
1615449535140413 133811754481344 subm_end 1 0
1615449535141153 133811754481344 pump_beg 1 0
1615449537144229 133811746088640 emit_end 476 0
1615449551314229 133811754481344 pump_end 1 2
1615449551314949 133811754481344 join_beg 1 0
1615449551315369 133811754481344 join_end 0 0
1615449553297746 133811754481344 coll_beg 0 0
1615449560835869 133811754481344 coll_end 0 0
1615449562655662 133811746088640 emit_beg 477 0
1615449564357230 133811754481344 drain_beg 0 0
1615449564357900 133811754481344 drain_end 1 0
1615449564358210 133811754481344 subm_beg 1 0
1615449569507161 133811754481344 subm_end 1 0
1615449569507521 133811754481344 pump_beg 1 0
1615449571520157 133811746088640 emit_end 477 0
1615449585771624 133811754481344 pump_end 1 2
1615449585773444 133811754481344 join_beg 1 0
1615449585774034 133811754481344 join_end 0 0
1615449588499774 133811754481344 coll_beg 0 0
1615449597584670 133811754481344 coll_end 0 0
1615449599503090 133811754481344 drain_beg 0 0
1615449599503960 133811754481344 drain_end 1 0
1615449599504490 133811754481344 subm_beg 1 0
1615449599510070 133811746088640 emit_beg 478 0
1615449604783926 133811754481344 subm_end 1 0
1615449604784236 133811754481344 pump_beg 1 0
1615449608530048 133811746088640 emit_end 478 0
1615449621593239 133811754481344 pump_end 1 2
1615449621594049 133811754481344 join_beg 1 0
1615449621594399 133811754481344 join_end 0 0
1615449623513468 133811754481344 coll_beg 0 0
1615449633062158 133811754481344 coll_end 0 0
1615449634839033 133811754481344 drain_beg 0 0
1615449634839603 133811754481344 drain_end 1 0
1615449634840083 133811754481344 subm_beg 1 0
1615449634842423 133811746088640 emit_beg 479 0
1615449638235518 133811754481344 subm_end 1 0
1615449638235888 133811754481344 pump_beg 1 0
1615449643571242 133811746088640 emit_end 479 0
1615449655170436 133811754481344 pump_end 1 2
1615449655171296 133811754481344 join_beg 1 0
1615449655171556 133811754481344 join_end 0 0
1615449658604220 133811754481344 coll_beg 0 0
1615449669517570 133811754481344 coll_end 0 0
1615449671412690 133811754481344 drain_beg 0 0
1615449671413400 133811754481344 drain_end 1 0
1615449671413830 133811754481344 subm_beg 1 0
1615449671436149 133811746088640 emit_beg 480 0
1615449674838154 133811754481344 subm_end 1 0
1615449674838704 133811754481344 pump_beg 1 0
1615449680508916 133811746088640 emit_end 480 0
1615449693505959 133811754481344 pump_end 1 2
1615449693508139 133811754481344 join_beg 1 0
1615449693509639 133811754481344 join_end 0 0
1615449696556317 133811754481344 coll_beg 0 0
1615449705963582 133811754481344 coll_end 0 0
1615449707714108 133811754481344 drain_beg 0 0
1615449707714667 133811754481344 drain_end 1 0
1615449707715077 133811754481344 subm_beg 1 0
1615449707720457 133811746088640 emit_beg 481 0
1615449711275587 133811754481344 subm_end 1 0
1615449711276047 133811754481344 pump_beg 1 0
1615449717173580 133811746088640 emit_end 481 0
1615449729416431 133811754481344 pump_end 1 2
1615449729418811 133811754481344 join_beg 1 0
1615449729419821 133811754481344 join_end 0 0
1615449732765068 133811754481344 coll_beg 0 0
1615449743798263 133811754481344 coll_end 0 0
1615449745847588 133811754481344 drain_beg 0 0
1615449745849668 133811754481344 drain_end 1 0
1615449745851128 133811754481344 subm_beg 1 0
1615449745867517 133811746088640 emit_beg 482 0
1615449747812466 133811754481344 subm_end 1 0
1615449747812916 133811754481344 pump_beg 1 0
1615449756885953 133811746088640 emit_end 482 0
1615449762728828 133811754481344 pump_end 1 2
1615449762731638 133811754481344 join_beg 1 0
1615449762733398 133811754481344 join_end 0 0
1615449765391400 133811754481344 coll_beg 0 0
1615449772325496 133811754481344 coll_end 0 0
1615449774546174 133811746088640 emit_beg 483 0
1615449782233102 133811746088640 emit_end 483 0
1615449800759712 133811754481344 drain_beg 0 0
1615449800761012 133811754481344 drain_end 1 0
1615449800761972 133811754481344 subm_beg 1 0
1615449804471746 133811754481344 subm_end 1 0
1615449804472206 133811754481344 pump_beg 1 0
1615449819508364 133811754481344 pump_end 1 2
1615449819509854 133811754481344 join_beg 1 0
1615449819510784 133811754481344 join_end 0 0
1615449821513450 133811754481344 coll_beg 0 0
1615449827687613 133811754481344 coll_end 0 0
1615449829710919 133811754481344 drain_beg 0 0
1615449829711709 133811754481344 drain_end 1 0
1615449829712499 133811754481344 subm_beg 1 0
1615449829735648 133811746088640 emit_beg 484 0
1615449831566771 133811754481344 subm_end 1 0
1615449831567241 133811754481344 pump_beg 1 0
1615449837367668 133811746088640 emit_end 484 0
1615449846917798 133811754481344 pump_end 1 2
1615449846918607 133811754481344 join_beg 1 0
1615449846918917 133811754481344 join_end 0 0
1615449848823128 133811754481344 coll_beg 0 0
1615449855956996 133811754481344 coll_end 0 0
1615449858118356 133811746088640 emit_beg 485 0
1615449859950829 133811754481344 drain_beg 0 0
1615449859956919 133811754481344 drain_end 1 0
1615449859957349 133811754481344 subm_beg 1 0
1615449865588642 133811754481344 subm_end 1 0
1615449865588972 133811754481344 pump_beg 1 0
1615449871663449 133811746088640 emit_end 485 0
1615449881878584 133811754481344 pump_end 1 2
1615449881880174 133811754481344 join_beg 1 0
1615449881881114 133811754481344 join_end 0 0
1615449883848352 133811754481344 coll_beg 0 0
1615449893476249 133811754481344 coll_end 0 0
1615449895778424 133811754481344 drain_beg 0 0
1615449895779254 133811754481344 drain_end 1 0
1615449895779874 133811754481344 subm_beg 1 0
1615449895802513 133811746088640 emit_beg 486 0
1615449899474208 133811754481344 subm_end 1 0
1615449899474658 133811754481344 pump_beg 1 0
1615449905473768 133811746088640 emit_end 486 0
1615449915134523 133811754481344 pump_end 1 2
1615449915136573 133811754481344 join_beg 1 0
1615449915137403 133811754481344 join_end 0 0
1615449917073072 133811754481344 coll_beg 0 0
1615449924552918 133811754481344 coll_end 0 0
1615449926492256 133811754481344 drain_beg 0 0
1615449926493176 133811754481344 drain_end 1 0
1615449926493956 133811754481344 subm_beg 1 0
1615449926497296 133811746088640 emit_beg 487 0
1615449930193581 133811754481344 subm_end 1 0
1615449930193981 133811754481344 pump_beg 1 0
1615449936216810 133811746088640 emit_end 487 0
1615449946392426 133811754481344 pump_end 1 2
1615449946395716 133811754481344 join_beg 1 0
1615449946396636 133811754481344 join_end 0 0
1615449948391683 133811754481344 coll_beg 0 0
1615449956375340 133811754481344 coll_end 0 0
1615449958242291 133811746088640 emit_beg 488 0
1615449960031815 133811754481344 drain_beg 0 0
1615449960032415 133811754481344 drain_end 1 0
1615449960032645 133811754481344 subm_beg 1 0
1615449965660079 133811754481344 subm_end 1 0
1615449965660489 133811754481344 pump_beg 1 0
1615449967952934 133811746088640 emit_end 488 0
1615449981735019 133811754481344 pump_end 1 2
1615449981736799 133811754481344 join_beg 1 0
1615449981737558 133811754481344 join_end 0 0
1615449984977780 133811754481344 coll_beg 0 0
1615449993109421 133811754481344 coll_end 0 0
1615449995093878 133811754481344 drain_beg 0 0
1615449995094498 133811754481344 drain_end 1 0
1615449995095008 133811754481344 subm_beg 1 0
1615449995119967 133811746088640 emit_beg 489 0
1615449998751874 133811754481344 subm_end 1 0
1615449998752564 133811754481344 pump_beg 1 0
1615450004727854 133811746088640 emit_end 489 0
1615450015054516 133811754481344 pump_end 1 2
1615450015057225 133811754481344 join_beg 1 0
1615450015058415 133811754481344 join_end 0 0
1615450017118240 133811754481344 coll_beg 0 0
1615450025886578 133811754481344 coll_end 0 0
1615450027810667 133811746088640 emit_beg 490 0
1615450029643390 133811754481344 drain_beg 0 0
1615450029644310 133811754481344 drain_end 1 0
1615450029644900 133811754481344 subm_beg 1 0
1615450035348581 133811754481344 subm_end 1 0
1615450035348931 133811754481344 pump_beg 1 0
1615450037840569 133811746088640 emit_end 490 0
1615450052448033 133811754481344 pump_end 1 2
1615450052449183 133811754481344 join_beg 1 0
1615450052450013 133811754481344 join_end 0 0
1615450055149144 133811754481344 coll_beg 0 0
1615450064804059 133811754481344 coll_end 0 0
1615450067609966 133811754481344 drain_beg 0 0
1615450067610456 133811754481344 drain_end 1 0
1615450067610996 133811754481344 subm_beg 1 0
1615450067634735 133811746088640 emit_beg 491 0
1615450071213064 133811754481344 subm_end 1 0
1615450071213574 133811754481344 pump_beg 1 0
1615450077512563 133811746088640 emit_end 491 0
1615450087659450 133811754481344 pump_end 1 2
1615450087660300 133811754481344 join_beg 1 0
1615450087660740 133811754481344 join_end 0 0
1615450089547721 133811754481344 coll_beg 0 0
1615450099265874 133811754481344 coll_end 0 0
1615450101610638 133811754481344 drain_beg 0 0
1615450101611088 133811754481344 drain_end 1 0
1615450101611408 133811754481344 subm_beg 1 0
1615450101619438 133811746088640 emit_beg 492 0
1615450105258784 133811754481344 subm_end 1 0
1615450105259114 133811754481344 pump_beg 1 0
1615450110996433 133811746088640 emit_end 492 0
1615450121907453 133811754481344 pump_end 1 2
1615450121908133 133811754481344 join_beg 1 0
1615450121908533 133811754481344 join_end 0 0
1615450123772235 133811754481344 coll_beg 0 0
1615450132629659 133811754481344 coll_end 0 0
1615450136176119 133811754481344 drain_beg 0 0
1615450136176559 133811754481344 drain_end 1 0
1615450136176879 133811754481344 subm_beg 1 0
1615450136185619 133811746088640 emit_beg 493 0
1615450139754378 133811754481344 subm_end 1 0
1615450139754708 133811754481344 pump_beg 1 0
1615450145543275 133811746088640 emit_end 493 0
1615450155894765 133811754481344 pump_end 1 2
1615450155895285 133811754481344 join_beg 1 0
1615450155895695 133811754481344 join_end 0 0
1615450157688110 133811754481344 coll_beg 0 0
1615450166452908 133811754481344 coll_end 0 0
1615450169110280 133811754481344 drain_beg 0 0
1615450169111290 133811754481344 drain_end 1 0
1615450169112000 133811754481344 subm_beg 1 0
1615450169133299 133811746088640 emit_beg 494 0
1615450172548464 133811754481344 subm_end 1 0
1615450172548964 133811754481344 pump_beg 1 0
1615450178030893 133811746088640 emit_end 494 0
1615450187597232 133811754481344 pump_end 1 2
1615450187598711 133811754481344 join_beg 1 0
1615450187599501 133811754481344 join_end 0 0
1615450189428554 133811754481344 coll_beg 0 0
1615450196732186 133811754481344 coll_end 0 0
1615450198613407 133811746088640 emit_beg 495 0
1615450200351963 133811754481344 drain_beg 0 0
1615450200354733 133811754481344 drain_end 1 0
1615450200356353 133811754481344 subm_beg 1 0
1615450205614370 133811754481344 subm_end 1 0
1615450205616480 133811754481344 pump_beg 1 0
1615450207578948 133811746088640 emit_end 495 0
1615450221810536 133811754481344 pump_end 1 2
1615450221813016 133811754481344 join_beg 1 0
1615450221815246 133811754481344 join_end 0 0
1615450224649051 133811754481344 coll_beg 0 0
1615450231891116 133811754481344 coll_end 0 0
1615450234819858 133811746088640 emit_beg 496 0
1615450236525046 133811754481344 drain_beg 0 0
1615450236526316 133811754481344 drain_end 1 0
1615450236526826 133811754481344 subm_beg 1 0
1615450241811141 133811754481344 subm_end 1 0
1615450241811711 133811754481344 pump_beg 1 0
1615450243993941 133811746088640 emit_end 496 0
1615450256740423 133811754481344 pump_end 1 2
1615450256743263 133811754481344 join_beg 1 0
1615450256744093 133811754481344 join_end 0 0
1615450260351121 133811754481344 coll_beg 0 0
1615450268409245 133811754481344 coll_end 0 0
1615450271811090 133811754481344 drain_beg 0 0
1615450271813250 133811754481344 drain_end 1 0
1615450271814630 133811754481344 subm_beg 1 0
1615450271831599 133811746088640 emit_beg 497 0
1615450273682171 133811754481344 subm_end 1 0
1615450273682551 133811754481344 pump_beg 1 0
1615450279466609 133811746088640 emit_end 497 0
1615450289060027 133811754481344 pump_end 1 2
1615450289061767 133811754481344 join_beg 1 0
1615450289062637 133811754481344 join_end 0 0
1615450290822462 133811754481344 coll_beg 0 0
1615450300115551 133811754481344 coll_end 0 0
1615450303006295 133811754481344 drain_beg 0 0
1615450303006795 133811754481344 drain_end 1 0
1615450303007155 133811754481344 subm_beg 1 0
1615450303010515 133811746088640 emit_beg 498 0
1615450306351662 133811754481344 subm_end 1 0
1615450306352002 133811754481344 pump_beg 1 0
1615450311849020 133811746088640 emit_end 498 0
1615450322583026 133811754481344 pump_end 1 2
1615450322584786 133811754481344 join_beg 1 0
1615450322585916 133811754481344 join_end 0 0
1615450324476177 133811754481344 coll_beg 0 0
1615450336052392 133811754481344 coll_end 0 0
1615450337830377 133811754481344 drain_beg 0 0
1615450337830997 133811754481344 drain_end 1 0
1615450337831257 133811754481344 subm_beg 1 0
1615450337853746 133811746088640 emit_beg 499 0
1615450339571983 133811754481344 subm_end 1 0
1615450339572403 133811754481344 pump_beg 1 0
1615450346723840 133811746088640 emit_end 499 0
1615450355610074 133811754481344 pump_end 1 2
1615450355610664 133811754481344 join_beg 1 0
1615450355611074 133811754481344 join_end 0 0
1615450357359340 133811754481344 coll_beg 0 0
1615450365117895 133811754481344 coll_end 0 0
1615450368496751 133811754481344 drain_beg 0 0
1615450368497771 133811754481344 drain_end 1 0
1615450368498121 133811754481344 subm_beg 1 0
1615450368519640 133811746088640 emit_beg 500 0
1615450370241687 133811754481344 subm_end 1 0
1615450370242097 133811754481344 pump_beg 1 0
1615450379292705 133811746088640 emit_end 500 0
1615450385288245 133811754481344 pump_end 1 2
1615450385288975 133811754481344 join_beg 1 0
1615450385289405 133811754481344 join_end 0 0
1615450387040750 133811754481344 coll_beg 0 0
1615450395237439 133811754481344 coll_end 0 0
1615450398501800 133811746088640 emit_beg 501 0
1615450400231786 133811754481344 drain_beg 0 0
1615450400234336 133811754481344 drain_end 1 0
1615450400235446 133811754481344 subm_beg 1 0
1615450405432745 133811754481344 subm_end 1 0
1615450405433415 133811754481344 pump_beg 1 0
1615450407323906 133811746088640 emit_end 501 0
1615450421295453 133811754481344 pump_end 1 2
1615450421297663 133811754481344 join_beg 1 0
1615450421298943 133811754481344 join_end 0 0
1615450424322562 133811754481344 coll_beg 0 0
1615450432914516 133811754481344 coll_end 0 0
1615450435352577 133811754481344 drain_beg 0 0
1615450435353057 133811754481344 drain_end 1 0
1615450435353387 133811754481344 subm_beg 1 0
1615450435376446 133811746088640 emit_beg 502 0
1615450438769971 133811754481344 subm_end 1 0
1615450438770321 133811754481344 pump_beg 1 0
1615450444356946 133811746088640 emit_end 502 0
1615450455568855 133811754481344 pump_end 1 2
1615450455570395 133811754481344 join_beg 1 0
1615450455571125 133811754481344 join_end 0 0
1615450457345959 133811754481344 coll_beg 0 0
1615450466062569 133811754481344 coll_end 0 0
1615450468733801 133811754481344 drain_beg 0 0
1615450468734501 133811754481344 drain_end 1 0
1615450468735031 133811754481344 subm_beg 1 0
1615450468757870 133811746088640 emit_beg 503 0
1615450472144836 133811754481344 subm_end 1 0
1615450472145286 133811754481344 pump_beg 1 0
1615450477768080 133811746088640 emit_end 503 0
1615450490288930 133811754481344 pump_end 1 2
1615450490291560 133811754481344 join_beg 1 0
1615450490292670 133811754481344 join_end 0 0
1615450493631477 133811754481344 coll_beg 0 0
1615450503505985 133811754481344 coll_end 0 0
1615450505280060 133811754481344 drain_beg 0 0
1615450505280940 133811754481344 drain_end 1 0
1615450505281350 133811754481344 subm_beg 1 0
1615450505285420 133811746088640 emit_beg 504 0
1615450510502098 133811754481344 subm_end 1 0
1615450510502648 133811754481344 pump_beg 1 0
1615450514478642 133811746088640 emit_end 504 0
1615450526587398 133811754481344 pump_end 1 2
1615450526588628 133811754481344 join_beg 1 0
1615450526588988 133811754481344 join_end 0 0
1615450528273886 133811754481344 coll_beg 0 0
1615450536292901 133811754481344 coll_end 0 0
1615450539261992 133811746088640 emit_beg 505 0
1615450541018068 133811754481344 drain_beg 0 0
1615450541023088 133811754481344 drain_end 1 0
1615450541024638 133811754481344 subm_beg 1 0
1615450546314283 133811754481344 subm_end 1 0
1615450546316753 133811754481344 pump_beg 1 0
1615450549857653 133811746088640 emit_end 505 0
1615450562326826 133811754481344 pump_end 1 2
1615450562328866 133811754481344 join_beg 1 0
1615450562329536 133811754481344 join_end 0 0
1615450564238796 133811754481344 coll_beg 0 0
1615450574994981 133811754481344 coll_end 0 0
1615450578000480 133811754481344 drain_beg 0 0
1615450578001250 133811754481344 drain_end 1 0
1615450578001800 133811754481344 subm_beg 1 0
1615450578023920 133811746088640 emit_beg 506 0
1615450579801164 133811754481344 subm_end 1 0
1615450579801604 133811754481344 pump_beg 1 0
1615450585872091 133811746088640 emit_end 506 0
1615450596117305 133811754481344 pump_end 1 2
1615450596121735 133811754481344 join_beg 1 0
1615450596123815 133811754481344 join_end 0 0
1615450598077123 133811754481344 coll_beg 0 0
1615450609553322 133811754481344 coll_end 0 0
1615450611958354 133811754481344 drain_beg 0 0
1615450611959174 133811754481344 drain_end 1 0
1615450611959904 133811754481344 subm_beg 1 0
1615450611988473 133811746088640 emit_beg 507 0
1615450615587650 133811754481344 subm_end 1 0
1615450615588100 133811754481344 pump_beg 1 0
1615450621512523 133811746088640 emit_end 507 0
1615450631337892 133811754481344 pump_end 1 2
1615450631339352 133811754481344 join_beg 1 0
1615450631340202 133811754481344 join_end 0 0
1615450633236073 133811754481344 coll_beg 0 0
1615450642443035 133811754481344 coll_end 0 0
1615450645135566 133811746088640 emit_beg 508 0
1615450645135406 133811754481344 drain_beg 0 0
1615450645149005 133811754481344 drain_end 1 0
1615450645150505 133811754481344 subm_beg 1 0
1615450650630234 133811754481344 subm_end 1 0
1615450650631444 133811754481344 pump_beg 1 0
1615450654869538 133811746088640 emit_end 508 0
1615450666776961 133811754481344 pump_end 1 2
1615450666777851 133811754481344 join_beg 1 0
1615450666778331 133811754481344 join_end 0 0
1615450668668842 133811754481344 coll_beg 0 0
1615450676713227 133811754481344 coll_end 0 0
1615450678539130 133811754481344 drain_beg 0 0
1615450678539820 133811754481344 drain_end 1 0
1615450678540260 133811754481344 subm_beg 1 0
1615450678543280 133811746088640 emit_beg 509 0
1615450682154357 133811754481344 subm_end 1 0
1615450682154727 133811754481344 pump_beg 1 0
1615450687957724 133811746088640 emit_end 509 0
1615450698020825 133811754481344 pump_end 1 2
1615450698021635 133811754481344 join_beg 1 0
1615450698021985 133811754481344 join_end 0 0
1615450699841298 133811754481344 coll_beg 0 0
1615450707539125 133811754481344 coll_end 0 0
1615450709852350 133811746088640 emit_beg 510 0
1615450717299387 133811746088640 emit_end 510 0
1615450738768119 133811754481344 drain_beg 0 0
1615450738771339 133811754481344 drain_end 1 0
1615450738772669 133811754481344 subm_beg 1 0
1615450744285236 133811754481344 subm_end 1 0
1615450744286316 133811754481344 pump_beg 1 0
1615450761769924 133811754481344 pump_end 1 2
1615450761771954 133811754481344 join_beg 1 0
1615450761772614 133811754481344 join_end 0 0
1615450763888207 133811754481344 coll_beg 0 0
1615450771457629 133811754481344 coll_end 0 0
1615450773460555 133811754481344 drain_beg 0 0
1615450773461735 133811754481344 drain_end 1 0
1615450773462205 133811754481344 subm_beg 1 0
1615450773484884 133811746088640 emit_beg 511 0
1615450777269775 133811754481344 subm_end 1 0
1615450777270085 133811754481344 pump_beg 1 0
1615450783262555 133811746088640 emit_end 511 0
1615450793337345 133811754481344 pump_end 1 2
1615450793338175 133811754481344 join_beg 1 0
1615450793338765 133811754481344 join_end 0 0
1615450795238486 133811754481344 coll_beg 0 0
1615450803463944 133811754481344 coll_end 0 0
1615450807057572 133811754481344 drain_beg 0 0
1615450807058242 133811754481344 drain_end 1 0
1615450807059032 133811754481344 subm_beg 1 0
1615450807061732 133811746088640 emit_beg 512 0
1615450813023023 133811754481344 subm_end 1 0
1615450813023343 133811754481344 pump_beg 1 0
1615450817066224 133811746088640 emit_end 512 0
1615450830354067 133811754481344 pump_end 1 2
1615450830355757 133811754481344 join_beg 1 0
1615450830357397 133811754481344 join_end 0 0
1615450832721330 133811754481344 coll_beg 0 0
1615450841172000 133811754481344 coll_end 0 0
1615450843028861 133811754481344 drain_beg 0 0
1615450843029391 133811754481344 drain_end 1 0
1615450843029631 133811754481344 subm_beg 1 0
1615450843038461 133811746088640 emit_beg 513 0
1615450846706646 133811754481344 subm_end 1 0
1615450846707126 133811754481344 pump_beg 1 0
1615450852656098 133811746088640 emit_end 513 0
1615450862938731 133811754481344 pump_end 1 2
1615450862940720 133811754481344 join_beg 1 0
1615450862941740 133811754481344 join_end 0 0
1615450864843121 133811754481344 coll_beg 0 0
1615450872743441 133811754481344 coll_end 0 0
1615450875613285 133811754481344 drain_beg 0 0
1615450875614165 133811754481344 drain_end 1 0
1615450875614565 133811754481344 subm_beg 1 0
1615450875615695 133811746088640 emit_beg 514 0
1615450879310930 133811754481344 subm_end 1 0
1615450879311240 133811754481344 pump_beg 1 0
1615450885169864 133811746088640 emit_end 514 0
1615450894600398 133811754481344 pump_end 1 2
1615450894601578 133811754481344 join_beg 1 0
1615450894602138 133811754481344 join_end 0 0
1615450897236091 133811754481344 coll_beg 0 0
1615450905413191 133811754481344 coll_end 0 0
1615450908651792 133811746088640 emit_beg 515 0
1615450910478965 133811754481344 drain_beg 0 0
1615450910481405 133811754481344 drain_end 1 0
1615450910482125 133811754481344 subm_beg 1 0
1615450915995753 133811754481344 subm_end 1 0
1615450915996163 133811754481344 pump_beg 1 0
1615450918311408 133811746088640 emit_end 515 0
1615450932117621 133811754481344 pump_end 1 2
1615450932120571 133811754481344 join_beg 1 0
1615450932122111 133811754481344 join_end 0 0
1615450935214867 133811754481344 coll_beg 0 0
1615450944834254 133811754481344 coll_end 0 0
1615450947218807 133811754481344 drain_beg 0 0
1615450947221637 133811754481344 drain_end 1 0
1615450947223287 133811754481344 subm_beg 1 0
1615450947237306 133811746088640 emit_beg 516 0
1615450949179845 133811754481344 subm_end 1 0
1615450949180425 133811754481344 pump_beg 1 0
1615450955035390 133811746088640 emit_end 516 0
1615450965434918 133811754481344 pump_end 1 2
1615450965437668 133811754481344 join_beg 1 0
1615450965439438 133811754481344 join_end 0 0
1615450967505452 133811754481344 coll_beg 0 0
1615450975139012 133811754481344 coll_end 0 0
1615450977034742 133811746088640 emit_beg 517 0
1615450978848256 133811754481344 drain_beg 0 0
1615450978848866 133811754481344 drain_end 1 0
1615450978849256 133811754481344 subm_beg 1 0
1615450984328704 133811754481344 subm_end 1 0
1615450984329134 133811754481344 pump_beg 1 0
1615450986817813 133811746088640 emit_end 517 0
1615451000880137 133811754481344 pump_end 1 2
1615451000880937 133811754481344 join_beg 1 0
1615451000881357 133811754481344 join_end 0 0
1615451003127604 133811754481344 coll_beg 0 0
1615451010281832 133811754481344 coll_end 0 0
1615451012496950 133811754481344 drain_beg 0 0
1615451012498030 133811754481344 drain_end 1 0
1615451012498830 133811754481344 subm_beg 1 0
1615451012521469 133811746088640 emit_beg 518 0
1615451015937704 133811754481344 subm_end 1 0
1615451015938134 133811754481344 pump_beg 1 0
1615451021389344 133811746088640 emit_end 518 0
1615451031822621 133811754481344 pump_end 1 2
1615451031823351 133811754481344 join_beg 1 0
1615451031823871 133811754481344 join_end 0 0
1615451033582376 133811754481344 coll_beg 0 0
1615451040596159 133811754481344 coll_end 0 0
1615451042414322 133811746088640 emit_beg 519 0
1615451044168598 133811754481344 drain_beg 0 0
1615451044169068 133811754481344 drain_end 1 0
1615451044169438 133811754481344 subm_beg 1 0
1615451049322179 133811754481344 subm_end 1 0
1615451049322639 133811754481344 pump_beg 1 0
1615451053117749 133811746088640 emit_end 519 0
1615451065818453 133811754481344 pump_end 1 2
1615451065819233 133811754481344 join_beg 1 0
1615451065819753 133811754481344 join_end 0 0
1615451069334434 133811754481344 coll_beg 0 0
1615451077529813 133811754481344 coll_end 0 0
1615451079256430 133811754481344 drain_beg 0 0
1615451079257240 133811754481344 drain_end 1 0
1615451079257720 133811754481344 subm_beg 1 0
1615451079261709 133811746088640 emit_beg 520 0
1615451082606897 133811754481344 subm_end 1 0
1615451082607337 133811754481344 pump_beg 1 0
1615451086636929 133811746088640 emit_end 520 0
1615451107465914 133811754481344 pump_end 1 2
1615451107467504 133811754481344 join_beg 1 0
1615451107468814 133811754481344 join_end 0 0
1615451110238702 133811754481344 coll_beg 0 0
1615451120603182 133811754481344 coll_end 0 0
1615451122746183 133811754481344 drain_beg 0 0
1615451122747503 133811754481344 drain_end 1 0
1615451122748333 133811754481344 subm_beg 1 0
1615451122758323 133811746088640 emit_beg 521 0
1615451126260974 133811754481344 subm_end 1 0
1615451126261334 133811754481344 pump_beg 1 0
1615451131890248 133811746088640 emit_end 521 0
1615451143330128 133811754481344 pump_end 1 2
1615451143331528 133811754481344 join_beg 1 0
1615451143332048 133811754481344 join_end 0 0
1615451145168550 133811754481344 coll_beg 0 0
1615451158003189 133811754481344 coll_end 0 0
1615451159862841 133811754481344 drain_beg 0 0
1615451159863541 133811754481344 drain_end 1 0
1615451159864301 133811754481344 subm_beg 1 0
1615451159867051 133811746088640 emit_beg 522 0
1615451161727172 133811754481344 subm_end 1 0
1615451161727482 133811754481344 pump_beg 1 0
1615451169410730 133811746088640 emit_end 522 0
1615451177419406 133811754481344 pump_end 1 2
1615451177420776 133811754481344 join_beg 1 0
1615451177421556 133811754481344 join_end 0 0
1615451179148953 133811754481344 coll_beg 0 0
1615451189308630 133811754481344 coll_end 0 0
1615451191396753 133811754481344 drain_beg 0 0
1615451191397353 133811754481344 drain_end 1 0
1615451191397693 133811754481344 subm_beg 1 0
1615451191423262 133811746088640 emit_beg 523 0
1615451194877365 133811754481344 subm_end 1 0
1615451194877675 133811754481344 pump_beg 1 0
1615451200493079 133811746088640 emit_end 523 0
1615451211592392 133811754481344 pump_end 1 2
1615451211595362 133811754481344 join_beg 1 0
1615451211596452 133811754481344 join_end 0 0
1615451213426444 133811754481344 coll_beg 0 0
1615451223494765 133811754481344 coll_end 0 0
1615451226387189 133811754481344 drain_beg 0 0
1615451226387889 133811754481344 drain_end 1 0
1615451226388509 133811754481344 subm_beg 1 0
1615451226413418 133811746088640 emit_beg 524 0
1615451229785924 133811754481344 subm_end 1 0
1615451229786324 133811754481344 pump_beg 1 0
1615451235513494 133811746088640 emit_end 524 0
1615451245951441 133811754481344 pump_end 1 2
1615451245953291 133811754481344 join_beg 1 0
1615451245953950 133811754481344 join_end 0 0
1615451248725459 133811754481344 coll_beg 0 0
1615451257464298 133811754481344 coll_end 0 0
1615451259942477 133811754481344 drain_beg 0 0
1615451259943177 133811754481344 drain_end 1 0
1615451259943647 133811754481344 subm_beg 1 0
1615451259969756 133811746088640 emit_beg 525 0
1615451263390310 133811754481344 subm_end 1 0
1615451263390800 133811754481344 pump_beg 1 0
1615451268970276 133811746088640 emit_end 525 0
1615451279773759 133811754481344 pump_end 1 2
1615451279776029 133811754481344 join_beg 1 0
1615451279776969 133811754481344 join_end 0 0
1615451283221792 133811754481344 coll_beg 0 0
1615451292309379 133811754481344 coll_end 0 0
1615451294423051 133811754481344 drain_beg 0 0
1615451294423611 133811754481344 drain_end 1 0
1615451294424101 133811754481344 subm_beg 1 0
1615451294428831 133811746088640 emit_beg 526 0
1615451297852395 133811754481344 subm_end 1 0
1615451297852735 133811754481344 pump_beg 1 0
1615451303781148 133811746088640 emit_end 526 0
1615451314656278 133811754481344 pump_end 1 2
1615451314657738 133811754481344 join_beg 1 0
1615451314658478 133811754481344 join_end 0 0
1615451317392808 133811754481344 coll_beg 0 0
1615451326139167 133811754481344 coll_end 0 0
1615451328436183 133811754481344 drain_beg 0 0
1615451328437063 133811754481344 drain_end 1 0
1615451328437453 133811754481344 subm_beg 1 0
1615451328461422 133811746088640 emit_beg 527 0
1615451331828718 133811754481344 subm_end 1 0
1615451331829138 133811754481344 pump_beg 1 0
1615451337446632 133811746088640 emit_end 527 0
1615451349043956 133811754481344 pump_end 1 2
1615451349044886 133811754481344 join_beg 1 0
1615451349045386 133811754481344 join_end 0 0
1615451351892562 133811754481344 coll_beg 0 0
1615451360818514 133811754481344 coll_end 0 0
1615451362587509 133811754481344 drain_beg 0 0
1615451362588039 133811754481344 drain_end 1 0
1615451362588669 133811754481344 subm_beg 1 0
1615451362615078 133811746088640 emit_beg 528 0
1615451364299486 133811754481344 subm_end 1 0
1615451364300016 133811754481344 pump_beg 1 0
1615451369815874 133811746088640 emit_end 528 0
1615451380986414 133811754481344 pump_end 1 2
1615451380988204 133811754481344 join_beg 1 0
1615451380988774 133811754481344 join_end 0 0
1615451382864345 133811754481344 coll_beg 0 0
1615451391934192 133811754481344 coll_end 0 0
1615451393955617 133811754481344 drain_beg 0 0
1615451393956147 133811754481344 drain_end 1 0
1615451393956857 133811754481344 subm_beg 1 0
1615451393964017 133811746088640 emit_beg 529 0
1615451397379302 133811754481344 subm_end 1 0
1615451397379732 133811754481344 pump_beg 1 0
1615451402888130 133811746088640 emit_end 529 0
1615451413852177 133811754481344 pump_end 1 2
1615451413853837 133811754481344 join_beg 1 0
1615451413854377 133811754481344 join_end 0 0
1615451415834814 133811754481344 coll_beg 0 0
1615451424837094 133811754481344 coll_end 0 0
1615451427526975 133811754481344 drain_beg 0 0
1615451427527575 133811754481344 drain_end 1 0
1615451427528175 133811754481344 subm_beg 1 0
1615451427531405 133811746088640 emit_beg 530 0
1615451431171891 133811754481344 subm_end 1 0
1615451431172161 133811754481344 pump_beg 1 0
1615451436842673 133811746088640 emit_end 530 0
1615451447776392 133811754481344 pump_end 1 2
1615451447779492 133811754481344 join_beg 1 0
1615451447780412 133811754481344 join_end 0 0
1615451449835086 133811754481344 coll_beg 0 0
1615451459751102 133811754481344 coll_end 0 0
1615451462598028 133811754481344 drain_beg 0 0
1615451462599018 133811754481344 drain_end 1 0
1615451462599938 133811754481344 subm_beg 1 0
1615451462601808 133811746088640 emit_beg 531 0
1615451466256183 133811754481344 subm_end 1 0
1615451466256753 133811754481344 pump_beg 1 0
1615451472172436 133811746088640 emit_end 531 0
1615451482780057 133811754481344 pump_end 1 2
1615451482785037 133811754481344 join_beg 1 0
1615451482786837 133811754481344 join_end 0 0
1615451484926058 133811754481344 coll_beg 0 0
1615451494661451 133811754481344 coll_end 0 0
1615451499960026 133811754481344 drain_beg 0 0
1615451499962016 133811754481344 drain_end 1 0
1615451499963086 133811754481344 subm_beg 1 0
1615451499985795 133811746088640 emit_beg 532 0
1615451503572594 133811754481344 subm_end 1 0
1615451503573054 133811754481344 pump_beg 1 0
1615451509494476 133811746088640 emit_end 532 0
1615451520058838 133811754481344 pump_end 1 2
1615451520059708 133811754481344 join_beg 1 0
1615451520060588 133811754481344 join_end 0 0
1615451521958949 133811754481344 coll_beg 0 0
1615451530602381 133811754481344 coll_end 0 0
1615451532560329 133811754481344 drain_beg 0 0
1615451532562599 133811754481344 drain_end 1 0
1615451532564009 133811754481344 subm_beg 1 0
1615451532581349 133811746088640 emit_beg 533 0
1615451536295762 133811754481344 subm_end 1 0
1615451536297912 133811754481344 pump_beg 1 0
1615451542187786 133811746088640 emit_end 533 0
1615451552762458 133811754481344 pump_end 1 2
1615451552763728 133811754481344 join_beg 1 0
1615451552764608 133811754481344 join_end 0 0
1615451554701497 133811754481344 coll_beg 0 0
1615451563104798 133811754481344 coll_end 0 0
1615451564999249 133811746088640 emit_beg 534 0
1615451566808772 133811754481344 drain_beg 0 0
1615451566809342 133811754481344 drain_end 1 0
1615451566809642 133811754481344 subm_beg 1 0
1615451572323220 133811754481344 subm_end 1 0
1615451572323540 133811754481344 pump_beg 1 0
1615451574718952 133811746088640 emit_end 534 0
1615451589860576 133811754481344 pump_end 1 2
1615451589863576 133811754481344 join_beg 1 0
1615451589864846 133811754481344 join_end 0 0
1615451591960259 133811754481344 coll_beg 0 0
1615451603114910 133811754481344 coll_end 0 0
1615451605697575 133811754481344 drain_beg 0 0
1615451605698675 133811754481344 drain_end 1 0
1615451605699435 133811754481344 subm_beg 1 0
1615451605718834 133811746088640 emit_beg 535 0
1615451609359910 133811754481344 subm_end 1 0
1615451609360390 133811754481344 pump_beg 1 0
1615451625925912 133811754481344 pump_end 1 2
1615451625928582 133811754481344 join_beg 1 0
1615451631174739 133811746088640 emit_end 535 0
1615451631204058 133811754481344 join_end 0 0
1615451641571438 133811754481344 coll_beg 0 0
1615451650552558 133811754481344 coll_end 0 0
1615451657093418 133811746088640 emit_beg 536 0
1615451679770765 133811746088640 emit_end 536 0
1615451712875790 133811754481344 drain_beg 0 0
1615451712878330 133811754481344 drain_end 1 0
1615451712879630 133811754481344 subm_beg 1 0
1615451719124281 133811754481344 subm_end 1 0
1615451719126411 133811754481344 pump_beg 1 0
1615451736251872 133811754481344 pump_end 1 2
1615451736256122 133811754481344 join_beg 1 0
1615451736258542 133811754481344 join_end 0 0
1615451739875999 133811754481344 coll_beg 0 0
1615451746705928 133811754481344 coll_end 0 0
1615451750793738 133811754481344 drain_beg 0 0
1615451750794368 133811754481344 drain_end 1 0
1615451750795358 133811754481344 subm_beg 1 0
1615451750823887 133811746088640 emit_beg 537 0
1615451754374877 133811754481344 subm_end 1 0
1615451754375337 133811754481344 pump_beg 1 0
1615451767355160 133811746088640 emit_end 537 0
1615451770945159 133811754481344 pump_end 1 2
1615451770948648 133811754481344 join_beg 1 0
1615451770950368 133811754481344 join_end 0 0
1615451774684071 133811754481344 coll_beg 0 0
1615451785545613 133811754481344 coll_end 0 0
1615451791788773 133811754481344 drain_beg 0 0
1615451791789703 133811754481344 drain_end 1 0
1615451791790513 133811754481344 subm_beg 1 0
1615451791811103 133811746088640 emit_beg 538 0
1615451798249936 133811754481344 subm_end 1 0
1615451798250536 133811754481344 pump_beg 1 0
1615451808504430 133811746088640 emit_end 538 0
1615451815759843 133811754481344 pump_end 1 2
1615451815762163 133811754481344 join_beg 1 0
1615451815763103 133811754481344 join_end 0 0
1615451819099481 133811754481344 coll_beg 0 0
1615451831050752 133811754481344 coll_end 0 0
1615451835978811 133811746088640 emit_beg 539 0
1615451850103113 133811746088640 emit_end 539 0
1615451853641213 133811754481344 drain_beg 0 0
1615451853642973 133811754481344 drain_end 1 0
1615451853643773 133811754481344 subm_beg 1 0
1615451857255130 133811754481344 subm_end 1 0
1615451857255540 133811754481344 pump_beg 1 0
1615451873946418 133811754481344 pump_end 1 2
1615451873949987 133811754481344 join_beg 1 0
1615451873950797 133811754481344 join_end 0 0
1615451878834098 133811754481344 coll_beg 0 0
1615451886704789 133811754481344 coll_end 0 0
1615451893393094 133811746088640 emit_beg 540 0
1615451907195427 133811746088640 emit_end 540 0
1615451936805680 133811754481344 drain_beg 0 0
1615451936809360 133811754481344 drain_end 1 0
1615451936810000 133811754481344 subm_beg 1 0
1615451942638426 133811754481344 subm_end 1 0
1615451942642366 133811754481344 pump_beg 1 0
1615451961425616 133811754481344 pump_end 1 2
1615451961437876 133811754481344 join_beg 1 0
1615451961439976 133811754481344 join_end 0 0
1615451965709749 133811754481344 coll_beg 0 0
1615451977645591 133811754481344 coll_end 0 0
1615451980676040 133811754481344 drain_beg 0 0
1615451980678049 133811754481344 drain_end 1 0
1615451980679609 133811754481344 subm_beg 1 0
1615451980681509 133811746088640 emit_beg 541 0
1615451982908778 133811754481344 subm_end 1 0
1615451982909418 133811754481344 pump_beg 1 0
1615451989566943 133811746088640 emit_end 541 0
1615452000131255 133811754481344 pump_end 1 2
1615452000132325 133811754481344 join_beg 1 0
1615452000133635 133811754481344 join_end 0 0
1615452002368753 133811754481344 coll_beg 0 0
1615452011242028 133811754481344 coll_end 0 0
1615452017992190 133811746088640 emit_beg 542 0
1615452020836305 133811754481344 drain_beg 0 0
1615452020837095 133811754481344 drain_end 1 0
1615452020837345 133811754481344 subm_beg 1 0
1615452030574938 133811754481344 subm_end 1 0
1615452030575238 133811754481344 pump_beg 1 0
1615452034119988 133811746088640 emit_end 542 0
1615452047380611 133811754481344 pump_end 1 2
1615452047381851 133811754481344 join_beg 1 0
1615452047382991 133811754481344 join_end 0 0
1615452050411260 133811754481344 coll_beg 0 0
1615452058587480 133811754481344 coll_end 0 0
1615452062888602 133811746088640 emit_beg 543 0
1615452073589799 133811746088640 emit_end 543 0
1615452092568782 133811754481344 drain_beg 0 0
1615452092570952 133811754481344 drain_end 1 0
1615452092571952 133811754481344 subm_beg 1 0
1615452097980343 133811754481344 subm_end 1 0
1615452097982003 133811754481344 pump_beg 1 0
1615452114296505 133811754481344 pump_end 1 2
1615452114298344 133811754481344 join_beg 1 0
1615452114299444 133811754481344 join_end 0 0
1615452116132287 133811754481344 coll_beg 0 0
1615452123454668 133811754481344 coll_end 0 0
1615452125358529 133811754481344 drain_beg 0 0
1615452125359259 133811754481344 drain_end 1 0
1615452125360048 133811754481344 subm_beg 1 0
1615452125387217 133811746088640 emit_beg 544 0
1615452127161712 133811754481344 subm_end 1 0
1615452127162162 133811754481344 pump_beg 1 0
1615452134530822 133811746088640 emit_end 544 0
1615452142328125 133811754481344 pump_end 1 2
1615452142334095 133811754481344 join_beg 1 0
1615452142335315 133811754481344 join_end 0 0
1615452144156398 133811754481344 coll_beg 0 0
1615452151008077 133811754481344 coll_end 0 0
1615452153309862 133811746088640 emit_beg 545 0
1615452155045379 133811754481344 drain_beg 0 0
1615452155049829 133811754481344 drain_end 1 0
1615452155051278 133811754481344 subm_beg 1 0
1615452160185300 133811754481344 subm_end 1 0
1615452160186090 133811754481344 pump_beg 1 0
1615452162255204 133811746088640 emit_end 545 0
1615452176674885 133811754481344 pump_end 1 2
1615452176676605 133811754481344 join_beg 1 0
1615452176677545 133811754481344 join_end 0 0
1615452179421644 133811754481344 coll_beg 0 0
1615452187448289 133811754481344 coll_end 0 0
1615452189256803 133811754481344 drain_beg 0 0
1615452189257403 133811754481344 drain_end 1 0
1615452189257783 133811754481344 subm_beg 1 0
1615452189286182 133811746088640 emit_beg 546 0
1615452190982020 133811754481344 subm_end 1 0
1615452190982590 133811754481344 pump_beg 1 0
1615452198397677 133811746088640 emit_end 546 0
1615452207126597 133811754481344 pump_end 1 2
1615452207131707 133811754481344 join_beg 1 0
1615452207133817 133811754481344 join_end 0 0
1615452208984239 133811754481344 coll_beg 0 0
1615452220015884 133811754481344 coll_end 0 0
1615452222112237 133811754481344 drain_beg 0 0
1615452222114567 133811754481344 drain_end 1 0
1615452222115837 133811754481344 subm_beg 1 0
1615452222134126 133811746088640 emit_beg 547 0
1615452223864962 133811754481344 subm_end 1 0
1615452223866612 133811754481344 pump_beg 1 0
1615452231420335 133811746088640 emit_end 547 0
1615452239783528 133811754481344 pump_end 1 2
1615452239785208 133811754481344 join_beg 1 0
1615452239786088 133811754481344 join_end 0 0
1615452241580992 133811754481344 coll_beg 0 0
1615452248904863 133811754481344 coll_end 0 0
1615452250682398 133811746088640 emit_beg 548 0
1615452252413184 133811754481344 drain_beg 0 0
1615452252415064 133811754481344 drain_end 1 0
1615452252416004 133811754481344 subm_beg 1 0
1615452257629833 133811754481344 subm_end 1 0
1615452257631623 133811754481344 pump_beg 1 0
1615452259768634 133811746088640 emit_end 548 0
1615452272631142 133811754481344 pump_end 1 2
1615452272633022 133811754481344 join_beg 1 0
1615452272633752 133811754481344 join_end 0 0
1615452275883303 133811754481344 coll_beg 0 0
1615452282803369 133811754481344 coll_end 0 0
1615452285446732 133811754481344 drain_beg 0 0
1615452285447672 133811754481344 drain_end 1 0
1615452285448412 133811754481344 subm_beg 1 0
1615452285466441 133811746088640 emit_beg 549 0
1615452288832238 133811754481344 subm_end 1 0
1615452288832738 133811754481344 pump_beg 1 0
1615452294425572 133811746088640 emit_end 549 0
1615452304311739 133811754481344 pump_end 1 2
1615452304312669 133811754481344 join_beg 1 0
1615452304313599 133811754481344 join_end 0 0
1615452307765463 133811754481344 coll_beg 0 0
1615452314250854 133811754481344 coll_end 0 0
1615452316054738 133811746088640 emit_beg 550 0
1615452317763445 133811754481344 drain_beg 0 0
1615452317765315 133811754481344 drain_end 1 0
1615452317765735 133811754481344 subm_beg 1 0
1615452322942995 133811754481344 subm_end 1 0
1615452322943615 133811754481344 pump_beg 1 0
1615452325092606 133811746088640 emit_end 550 0
1615452340578208 133811754481344 pump_end 1 2
1615452340579028 133811754481344 join_beg 1 0
1615452340579488 133811754481344 join_end 0 0
1615452342364252 133811754481344 coll_beg 0 0
1615452351865064 133811754481344 coll_end 0 0
1615452353663518 133811754481344 drain_beg 0 0
1615452353664288 133811754481344 drain_end 1 0
1615452353664888 133811754481344 subm_beg 1 0
1615452353688117 133811746088640 emit_beg 551 0
1615452355396704 133811754481344 subm_end 1 0
1615452355397174 133811754481344 pump_beg 1 0
1615452361290498 133811746088640 emit_end 551 0
1615452372737827 133811754481344 pump_end 1 2
1615452372738687 133811754481344 join_beg 1 0
1615452372739257 133811754481344 join_end 0 0
1615452374463904 133811754481344 coll_beg 0 0
1615452383860589 133811754481344 coll_end 0 0
1615452385841716 133811754481344 drain_beg 0 0
1615452385842256 133811754481344 drain_end 1 0
1615452385842626 133811754481344 subm_beg 1 0
1615452385853116 133811746088640 emit_beg 552 0
1615452389355637 133811754481344 subm_end 1 0
1615452389356077 133811754481344 pump_beg 1 0
1615452394959132 133811746088640 emit_end 552 0
1615452406638073 133811754481344 pump_end 1 2
1615452406639913 133811754481344 join_beg 1 0
1615452406640943 133811754481344 join_end 0 0
1615452408475676 133811754481344 coll_beg 0 0
1615452418725409 133811754481344 coll_end 0 0
1615452421920892 133811754481344 drain_beg 0 0
1615452421921842 133811754481344 drain_end 1 0
1615452421922682 133811754481344 subm_beg 1 0
1615452421935931 133811746088640 emit_beg 553 0
1615452425630156 133811754481344 subm_end 1 0
1615452425630366 133811754481344 pump_beg 1 0
1615452431339916 133811746088640 emit_end 553 0
1615452441446215 133811754481344 pump_end 1 2
1615452441447985 133811754481344 join_beg 1 0
1615452441448995 133811754481344 join_end 0 0
1615452443347455 133811754481344 coll_beg 0 0
1615452451104991 133811754481344 coll_end 0 0
1615452452971312 133811746088640 emit_beg 554 0
1615452454827044 133811754481344 drain_beg 0 0
1615452454827764 133811754481344 drain_end 1 0
1615452454828314 133811754481344 subm_beg 1 0
1615452460358801 133811754481344 subm_end 1 0
1615452460359191 133811754481344 pump_beg 1 0
1615452462866689 133811746088640 emit_end 554 0
1615452476304876 133811754481344 pump_end 1 2
1615452476305966 133811754481344 join_beg 1 0
1615452476306546 133811754481344 join_end 0 0
1615452479523247 133811754481344 coll_beg 0 0
1615452488285576 133811754481344 coll_end 0 0
1615452491375982 133811754481344 drain_beg 0 0
1615452491378522 133811754481344 drain_end 1 0
1615452491379802 133811754481344 subm_beg 1 0
1615452491388702 133811746088640 emit_beg 555 0
1615452495127815 133811754481344 subm_end 1 0
1615452495129755 133811754481344 pump_beg 1 0
1615452501130124 133811746088640 emit_end 555 0
1615452511718986 133811754481344 pump_end 1 2
1615452511719566 133811754481344 join_beg 1 0
1615452511720346 133811754481344 join_end 0 0
1615452514890369 133811754481344 coll_beg 0 0
1615452522574947 133811754481344 coll_end 0 0
1615452524768246 133811754481344 drain_beg 0 0
1615452524768806 133811754481344 drain_end 1 0
1615452524769306 133811754481344 subm_beg 1 0
1615452524776416 133811746088640 emit_beg 556 0
1615452528414393 133811754481344 subm_end 1 0
1615452528414943 133811754481344 pump_beg 1 0
1615452534227939 133811746088640 emit_end 556 0
1615452544327838 133811754481344 pump_end 1 2
1615452544328638 133811754481344 join_beg 1 0
1615452544329238 133811754481344 join_end 0 0
1615452546276197 133811754481344 coll_beg 0 0
1615452553453134 133811754481344 coll_end 0 0
1615452555734340 133811746088640 emit_beg 557 0
1615452557569232 133811754481344 drain_beg 0 0
1615452557570282 133811754481344 drain_end 1 0
1615452557570782 133811754481344 subm_beg 1 0
1615452563117489 133811754481344 subm_end 1 0
1615452563117969 133811754481344 pump_beg 1 0
1615452565332087 133811746088640 emit_end 557 0
1615452579792847 133811754481344 pump_end 1 2
1615452579794427 133811754481344 join_beg 1 0
1615452579795437 133811754481344 join_end 0 0
1615452582301815 133811754481344 coll_beg 0 0
1615452591042694 133811754481344 coll_end 0 0
1615452594184088 133811754481344 drain_beg 0 0
1615452594185048 133811754481344 drain_end 1 0
1615452594186028 133811754481344 subm_beg 1 0
1615452594208708 133811746088640 emit_beg 558 0
1615452595976143 133811754481344 subm_end 1 0
1615452595976583 133811754481344 pump_beg 1 0
1615452603580463 133811746088640 emit_end 558 0
1615452612228406 133811754481344 pump_end 1 2
1615452612229866 133811754481344 join_beg 1 0
1615452612230636 133811754481344 join_end 0 0
1615452614068938 133811754481344 coll_beg 0 0
1615452621758326 133811754481344 coll_end 0 0
1615452623568190 133811746088640 emit_beg 559 0
1615452625375343 133811754481344 drain_beg 0 0
1615452625376643 133811754481344 drain_end 1 0
1615452625377523 133811754481344 subm_beg 1 0
1615452630757976 133811754481344 subm_end 1 0
1615452630758276 133811754481344 pump_beg 1 0
1615452633071091 133811746088640 emit_end 559 0
1615452646507388 133811754481344 pump_end 1 2
1615452646509317 133811754481344 join_beg 1 0
1615452646510227 133811754481344 join_end 0 0
1615452649944102 133811754481344 coll_beg 0 0
1615452657163586 133811754481344 coll_end 0 0
1615452659972203 133811754481344 drain_beg 0 0
1615452659972793 133811754481344 drain_end 1 0
1615452659973403 133811754481344 subm_beg 1 0
1615452659982723 133811746088640 emit_beg 560 0
1615452663624679 133811754481344 subm_end 1 0
1615452663625129 133811754481344 pump_beg 1 0
1615452669484934 133811746088640 emit_end 560 0
1615452679668730 133811754481344 pump_end 1 2
1615452679670770 133811754481344 join_beg 1 0
1615452679671660 133811754481344 join_end 0 0
1615452681774733 133811754481344 coll_beg 0 0
1615452689690533 133811754481344 coll_end 0 0
1615452692838757 133811746088640 emit_beg 561 0
1615452694654470 133811754481344 drain_beg 0 0
1615452694657090 133811754481344 drain_end 1 0
1615452694658150 133811754481344 subm_beg 1 0
1615452700194047 133811754481344 subm_end 1 0
1615452700195787 133811754481344 pump_beg 1 0
1615452702555010 133811746088640 emit_end 561 0
1615452717029919 133811754481344 pump_end 1 2
1615452717031769 133811754481344 join_beg 1 0
1615452717032779 133811754481344 join_end 0 0
1615452719365723 133811754481344 coll_beg 0 0
1615452729395605 133811754481344 coll_end 0 0
1615452731312615 133811754481344 drain_beg 0 0
1615452731314505 133811754481344 drain_end 1 0
1615452731315624 133811754481344 subm_beg 1 0
1615452731337034 133811746088640 emit_beg 562 0
1615452735040348 133811754481344 subm_end 1 0
1615452735041048 133811754481344 pump_beg 1 0
1615452740854024 133811746088640 emit_end 562 0
1615452751444186 133811754481344 pump_end 1 2
1615452751445176 133811754481344 join_beg 1 0
1615452751446356 133811754481344 join_end 0 0
1615452753383064 133811754481344 coll_beg 0 0
1615452761208067 133811754481344 coll_end 0 0
1615452763053539 133811746088640 emit_beg 563 0
1615452764866573 133811754481344 drain_beg 0 0
1615452764868403 133811754481344 drain_end 1 0
1615452764868933 133811754481344 subm_beg 1 0
1615452770324363 133811754481344 subm_end 1 0
1615452770324793 133811754481344 pump_beg 1 0
1615452772942486 133811746088640 emit_end 563 0
1615452787464623 133811754481344 pump_end 1 2
1615452787465743 133811754481344 join_beg 1 0
1615452787466533 133811754481344 join_end 0 0
1615452790390106 133811754481344 coll_beg 0 0
1615452798584725 133811754481344 coll_end 0 0
1615452802268850 133811754481344 drain_beg 0 0
1615452802269510 133811754481344 drain_end 1 0
1615452802269870 133811754481344 subm_beg 1 0
1615452802283169 133811746088640 emit_beg 564 0
1615452805940575 133811754481344 subm_end 1 0
1615452805940815 133811754481344 pump_beg 1 0
1615452811858418 133811746088640 emit_end 564 0
1615452822706990 133811754481344 pump_end 1 2
1615452822708509 133811754481344 join_beg 1 0
1615452822709169 133811754481344 join_end 0 0
1615452825732648 133811754481344 coll_beg 0 0
1615452834709489 133811754481344 coll_end 0 0
1615452838039497 133811754481344 drain_beg 0 0
1615452838039997 133811754481344 drain_end 1 0
1615452838040317 133811754481344 subm_beg 1 0
1615452838067496 133811746088640 emit_beg 565 0
1615452841673623 133811754481344 subm_end 1 0
1615452841674093 133811754481344 pump_beg 1 0
1615452847551817 133811746088640 emit_end 565 0
1615452858286843 133811754481344 pump_end 1 2
1615452858287773 133811754481344 join_beg 1 0
1615452858288443 133811754481344 join_end 0 0
1615452861679389 133811754481344 coll_beg 0 0
1615452869671466 133811754481344 coll_end 0 0
1615452872749963 133811754481344 drain_beg 0 0
1615452872750513 133811754481344 drain_end 1 0
1615452872751013 133811754481344 subm_beg 1 0
1615452872776492 133811746088640 emit_beg 566 0
1615452874478039 133811754481344 subm_end 1 0
1615452874478489 133811754481344 pump_beg 1 0
1615452879921539 133811746088640 emit_end 566 0
1615452890376276 133811754481344 pump_end 1 2
1615452890377076 133811754481344 join_beg 1 0
1615452890377516 133811754481344 join_end 0 0
1615452892085583 133811754481344 coll_beg 0 0
1615452899926845 133811754481344 coll_end 0 0
1615452903287141 133811754481344 drain_beg 0 0
1615452903287511 133811754481344 drain_end 1 0
1615452903287771 133811754481344 subm_beg 1 0
1615452903315710 133811746088640 emit_beg 567 0
1615452906640638 133811754481344 subm_end 1 0
1615452906641068 133811754481344 pump_beg 1 0
1615452912212144 133811746088640 emit_end 567 0
1615452922923791 133811754481344 pump_end 1 2
1615452922924461 133811754481344 join_beg 1 0
1615452922924841 133811754481344 join_end 0 0
1615452924710565 133811754481344 coll_beg 0 0
1615452932236239 133811754481344 coll_end 0 0
1615452935543957 133811754481344 drain_beg 0 0
1615452935544337 133811754481344 drain_end 1 0
1615452935544677 133811754481344 subm_beg 1 0
1615452935548467 133811746088640 emit_beg 568 0
1615452938872575 133811754481344 subm_end 1 0
1615452938873045 133811754481344 pump_beg 1 0
1615452944402242 133811746088640 emit_end 568 0
1615452955942719 133811754481344 pump_end 1 2
1615452955943409 133811754481344 join_beg 1 0
1615452955943799 133811754481344 join_end 0 0
1615452959462349 133811754481344 coll_beg 0 0
1615452967890080 133811754481344 coll_end 0 0
1615452970345600 133811754481344 drain_beg 0 0
1615452970345870 133811754481344 drain_end 1 0
1615452970346170 133811754481344 subm_beg 1 0
1615452970353230 133811746088640 emit_beg 569 0
1615452972021838 133811754481344 subm_end 1 0
1615452972022368 133811754481344 pump_beg 1 0
1615452979410827 133811746088640 emit_end 569 0
1615452989511056 133811754481344 pump_end 1 2
1615452989511916 133811754481344 join_beg 1 0
1615452989512556 133811754481344 join_end 0 0
1615452992777057 133811754481344 coll_beg 0 0
1615453001932560 133811754481344 coll_end 0 0
1615453003828881 133811754481344 drain_beg 0 0
1615453003829381 133811754481344 drain_end 1 0
1615453003829971 133811754481344 subm_beg 1 0
1615453003834011 133811746088640 emit_beg 570 0
1615453005552507 133811754481344 subm_end 1 0
1615453005552947 133811754481344 pump_beg 1 0
1615453011054106 133811746088640 emit_end 570 0
1615453022310342 133811754481344 pump_end 1 2
1615453022311962 133811754481344 join_beg 1 0
1615453022312872 133811754481344 join_end 0 0
1615453024056498 133811754481344 coll_beg 0 0
1615453032694361 133811754481344 coll_end 0 0
1615453035145191 133811754481344 drain_beg 0 0
1615453035145981 133811754481344 drain_end 1 0
1615453035146541 133811754481344 subm_beg 1 0
1615453035156751 133811746088640 emit_beg 571 0
1615453038502578 133811754481344 subm_end 1 0
1615453038503028 133811754481344 pump_beg 1 0
1615453043937998 133811746088640 emit_end 571 0
1615453054842308 133811754481344 pump_end 1 2
1615453054843448 133811754481344 join_beg 1 0
1615453054844188 133811754481344 join_end 0 0
1615453056593864 133811754481344 coll_beg 0 0
1615453064522543 133811754481344 coll_end 0 0
1615453067775293 133811746088640 emit_beg 572 0
1615453074801185 133811746088640 emit_end 572 0
1615453093816497 133811754481344 drain_beg 0 0
1615453093821467 133811754481344 drain_end 1 0
1615453093822957 133811754481344 subm_beg 1 0
1615453099053845 133811754481344 subm_end 1 0
1615453099057415 133811754481344 pump_beg 1 0
1615453115930866 133811754481344 pump_end 1 2
1615453115934846 133811754481344 join_beg 1 0
1615453115936145 133811754481344 join_end 0 0
1615453118027589 133811754481344 coll_beg 0 0
1615453126749028 133811754481344 coll_end 0 0
1615453128736645 133811754481344 drain_beg 0 0
1615453128737885 133811754481344 drain_end 1 0
1615453128738965 133811754481344 subm_beg 1 0
1615453128766374 133811746088640 emit_beg 573 0
1615453130515420 133811754481344 subm_end 1 0
1615453130516010 133811754481344 pump_beg 1 0
1615453137785673 133811746088640 emit_end 573 0
1615453146579780 133811754481344 pump_end 1 2
1615453146583190 133811754481344 join_beg 1 0
1615453146584340 133811754481344 join_end 0 0
1615453148375895 133811754481344 coll_beg 0 0
1615453156497377 133811754481344 coll_end 0 0
1615453159461138 133811754481344 drain_beg 0 0
1615453159461808 133811754481344 drain_end 1 0
1615453159462758 133811754481344 subm_beg 1 0
1615453159464088 133811746088640 emit_beg 574 0
1615453162834264 133811754481344 subm_end 1 0
1615453162834874 133811754481344 pump_beg 1 0
1615453168323512 133811746088640 emit_end 574 0
1615453179868379 133811754481344 pump_end 1 2
1615453179869858 133811754481344 join_beg 1 0
1615453179870568 133811754481344 join_end 0 0
1615453182998994 133811754481344 coll_beg 0 0
1615453190930743 133811754481344 coll_end 0 0
1615453192930049 133811754481344 drain_beg 0 0
1615453192930739 133811754481344 drain_end 1 0
1615453192931349 133811754481344 subm_beg 1 0
1615453192951938 133811746088640 emit_beg 575 0
1615453196289916 133811754481344 subm_end 1 0
1615453196290406 133811754481344 pump_beg 1 0
1615453201838092 133811746088640 emit_end 575 0
1615453212741632 133811754481344 pump_end 1 2
1615453212743492 133811754481344 join_beg 1 0
1615453212744132 133811754481344 join_end 0 0
1615453214471698 133811754481344 coll_beg 0 0
1615453222031131 133811754481344 coll_end 0 0
1615453223914832 133811746088640 emit_beg 576 0
1615453226061223 133811754481344 drain_beg 0 0
1615453226065683 133811754481344 drain_end 1 0
1615453226067053 133811754481344 subm_beg 1 0
1615453231075259 133811754481344 subm_end 1 0
1615453231077409 133811754481344 pump_beg 1 0
1615453233495830 133811746088640 emit_end 576 0
1615453248591796 133811754481344 pump_end 1 2
1615453248593556 133811754481344 join_beg 1 0
1615453248594396 133811754481344 join_end 0 0
1615453250995987 133811754481344 coll_beg 0 0
1615453258340098 133811754481344 coll_end 0 0
1615453260029516 133811754481344 drain_beg 0 0
1615453260030496 133811754481344 drain_end 1 0
1615453260031076 133811754481344 subm_beg 1 0
1615453260065755 133811746088640 emit_beg 577 0
1615453261691955 133811754481344 subm_end 1 0
1615453261692345 133811754481344 pump_beg 1 0
1615453268680398 133811746088640 emit_end 577 0
1615453278758928 133811754481344 pump_end 1 2
1615453278760318 133811754481344 join_beg 1 0
1615453278760948 133811754481344 join_end 0 0
1615453282028178 133811754481344 coll_beg 0 0
1615453289777644 133811754481344 coll_end 0 0
1615453291811499 133811754481344 drain_beg 0 0
1615453291811989 133811754481344 drain_end 1 0
1615453291812229 133811754481344 subm_beg 1 0
1615453291831579 133811746088640 emit_beg 578 0
1615453295490274 133811754481344 subm_end 1 0
1615453295490724 133811754481344 pump_beg 1 0
1615453301172446 133811746088640 emit_end 578 0
1615453312445372 133811754481344 pump_end 1 2
1615453312446322 133811754481344 join_beg 1 0
1615453312446902 133811754481344 join_end 0 0
1615453314336612 133811754481344 coll_beg 0 0
1615453321886635 133811754481344 coll_end 0 0
1615453323736297 133811746088640 emit_beg 579 0
1615453325549221 133811754481344 drain_beg 0 0
1615453325549891 133811754481344 drain_end 1 0
1615453325550311 133811754481344 subm_beg 1 0
1615453331088297 133811754481344 subm_end 1 0
1615453331088847 133811754481344 pump_beg 1 0
1615453336811027 133811746088640 emit_end 579 0
1615453348032925 133811754481344 pump_end 1 2
1615453348034775 133811754481344 join_beg 1 0
1615453348035515 133811754481344 join_end 0 0
1615453350139548 133811754481344 coll_beg 0 0
1615453358053638 133811754481344 coll_end 0 0
1615453359926189 133811754481344 drain_beg 0 0
1615453359927119 133811754481344 drain_end 1 0
1615453359927309 133811746088640 emit_beg 580 0
1615453359927849 133811754481344 subm_beg 1 0
1615453363556406 133811754481344 subm_end 1 0
1615453363556946 133811754481344 pump_beg 1 0
1615453369390631 133811746088640 emit_end 580 0
1615453379844888 133811754481344 pump_end 1 2
1615453379854237 133811754481344 join_beg 1 0
1615453379855187 133811754481344 join_end 0 0
1615453381769097 133811754481344 coll_beg 0 0
1615453389687966 133811754481344 coll_end 0 0
1615453391609076 133811746088640 emit_beg 581 0
1615453393440229 133811754481344 drain_beg 0 0
1615453393443888 133811754481344 drain_end 1 0
1615453393445198 133811754481344 subm_beg 1 0
1615453399097671 133811754481344 subm_end 1 0
1615453399098251 133811754481344 pump_beg 1 0
1615453401396147 133811746088640 emit_end 581 0
1615453416171824 133811754481344 pump_end 1 2
1615453416175814 133811754481344 join_beg 1 0
1615453416177204 133811754481344 join_end 0 0
1615453418148222 133811754481344 coll_beg 0 0
1615453426257124 133811754481344 coll_end 0 0
1615453430014396 133811754481344 drain_beg 0 0
1615453430015416 133811754481344 drain_end 1 0
1615453430016136 133811754481344 subm_beg 1 0
1615453430032285 133811746088640 emit_beg 582 0
1615453433698811 133811754481344 subm_end 1 0
1615453433699271 133811754481344 pump_beg 1 0
1615453439599564 133811746088640 emit_end 582 0
1615453449964484 133811754481344 pump_end 1 2
1615453449966343 133811754481344 join_beg 1 0
1615453449967083 133811754481344 join_end 0 0
1615453451855734 133811754481344 coll_beg 0 0
1615453459738145 133811754481344 coll_end 0 0
1615453462339989 133811746088640 emit_beg 583 0
1615453469786726 133811746088640 emit_end 583 0
1615453492250511 133811754481344 drain_beg 0 0
1615453492254431 133811754481344 drain_end 1 0
1615453492256231 133811754481344 subm_beg 1 0
1615453497714711 133811754481344 subm_end 1 0
1615453497716971 133811754481344 pump_beg 1 0
1615453514814563 133811754481344 pump_end 1 2
1615453514818203 133811754481344 join_beg 1 0
1615453514819333 133811754481344 join_end 0 0
1615453517150757 133811754481344 coll_beg 0 0
1615453526327820 133811754481344 coll_end 0 0
1615453528562228 133811754481344 drain_beg 0 0
1615453528563428 133811754481344 drain_end 1 0
1615453528564258 133811754481344 subm_beg 1 0
1615453528586877 133811746088640 emit_beg 584 0
1615453530491397 133811754481344 subm_end 1 0
1615453530491837 133811754481344 pump_beg 1 0
1615453536567465 133811746088640 emit_end 584 0
1615453547629998 133811754481344 pump_end 1 2
1615453547631218 133811754481344 join_beg 1 0
1615453547631978 133811754481344 join_end 0 0
1615453549527579 133811754481344 coll_beg 0 0
1615453557788326 133811754481344 coll_end 0 0
1615453559669836 133811746088640 emit_beg 585 0
1615453561496259 133811754481344 drain_beg 0 0
1615453561496909 133811754481344 drain_end 1 0
1615453561497319 133811754481344 subm_beg 1 0
1615453567085274 133811754481344 subm_end 1 0
1615453567085684 133811754481344 pump_beg 1 0
1615453569641590 133811746088640 emit_end 585 0
1615453582986901 133811754481344 pump_end 1 2
1615453582990300 133811754481344 join_beg 1 0
1615453582991860 133811754481344 join_end 0 0
1615453585930662 133811754481344 coll_beg 0 0
1615453596274503 133811754481344 coll_end 0 0
1615453599854291 133811754481344 drain_beg 0 0
1615453599855751 133811754481344 drain_end 1 0
1615453599856591 133811754481344 subm_beg 1 0
1615453599880220 133811746088640 emit_beg 586 0
1615453601664765 133811754481344 subm_end 1 0
1615453601665305 133811754481344 pump_beg 1 0
1615453609329653 133811746088640 emit_end 586 0
1615453616426663 133811754481344 pump_end 1 2
1615453616428263 133811754481344 join_beg 1 0
1615453616429323 133811754481344 join_end 0 0
1615453618735418 133811754481344 coll_beg 0 0
1615453625473211 133811754481344 coll_end 0 0
1615453628152422 133811746088640 emit_beg 587 0
1615453635675516 133811746088640 emit_end 587 0
1615453653804941 133811754481344 drain_beg 0 0
1615453653806871 133811754481344 drain_end 1 0
1615453653808081 133811754481344 subm_beg 1 0
1615453659323328 133811754481344 subm_end 1 0
1615453659324778 133811754481344 pump_beg 1 0
1615453675215515 133811754481344 pump_end 1 2
1615453675225035 133811754481344 join_beg 1 0
1615453675227555 133811754481344 join_end 0 0
1615453677587678 133811754481344 coll_beg 0 0
1615453685740699 133811754481344 coll_end 0 0
1615453687952247 133811754481344 drain_beg 0 0
1615453687953277 133811754481344 drain_end 1 0
1615453687954297 133811754481344 subm_beg 1 0
1615453687977366 133811746088640 emit_beg 588 0
1615453689960774 133811754481344 subm_end 1 0
1615453689961254 133811754481344 pump_beg 1 0
1615453695979893 133811746088640 emit_end 588 0
1615453706299574 133811754481344 pump_end 1 2
1615453706300374 133811754481344 join_beg 1 0
1615453706300894 133811754481344 join_end 0 0
1615453708209174 133811754481344 coll_beg 0 0
1615453715502466 133811754481344 coll_end 0 0
1615453717617148 133811746088640 emit_beg 589 0
1615453719401073 133811754481344 drain_beg 0 0
1615453719401723 133811754481344 drain_end 1 0
1615453719402053 133811754481344 subm_beg 1 0
1615453725010497 133811754481344 subm_end 1 0
1615453725010787 133811754481344 pump_beg 1 0
1615453727437458 133811746088640 emit_end 589 0
1615453742550853 133811754481344 pump_end 1 2
1615453742552503 133811754481344 join_beg 1 0
1615453742553683 133811754481344 join_end 0 0
1615453744875038 133811754481344 coll_beg 0 0
1615453753017079 133811754481344 coll_end 0 0
1615453756336657 133811754481344 drain_beg 0 0
1615453756337527 133811754481344 drain_end 1 0
1615453756338257 133811754481344 subm_beg 1 0
1615453756361456 133811746088640 emit_beg 590 0
1615453758067294 133811754481344 subm_end 1 0
1615453758067784 133811754481344 pump_beg 1 0
1615453764045424 133811746088640 emit_end 590 0
1615453775585460 133811754481344 pump_end 1 2
1615453775586000 133811754481344 join_beg 1 0
1615453775586550 133811754481344 join_end 0 0
1615453777345286 133811754481344 coll_beg 0 0
1615453785528165 133811754481344 coll_end 0 0
1615453788460098 133811754481344 drain_beg 0 0
1615453788460688 133811754481344 drain_end 1 0
1615453788461158 133811754481344 subm_beg 1 0
1615453788490207 133811746088640 emit_beg 591 0
1615453791862173 133811754481344 subm_end 1 0
1615453791862693 133811754481344 pump_beg 1 0
1615453797828014 133811746088640 emit_end 591 0
1615453808436194 133811754481344 pump_end 1 2
1615453808436854 133811754481344 join_beg 1 0
1615453808437164 133811754481344 join_end 0 0
1615453810370293 133811754481344 coll_beg 0 0
1615453818876831 133811754481344 coll_end 0 0
1615453821804374 133811754481344 drain_beg 0 0
1615453821804724 133811754481344 drain_end 1 0
1615453821805374 133811754481344 subm_beg 1 0
1615453821830403 133811746088640 emit_beg 592 0
1615453825220318 133811754481344 subm_end 1 0
1615453825220928 133811754481344 pump_beg 1 0
1615453830841092 133811746088640 emit_end 592 0
1615453842699327 133811754481344 pump_end 1 2
1615453842699897 133811754481344 join_beg 1 0
1615453842700427 133811754481344 join_end 0 0
1615453844505800 133811754481344 coll_beg 0 0
1615453854379698 133811754481344 coll_end 0 0
1615453857562931 133811754481344 drain_beg 0 0
1615453857563911 133811754481344 drain_end 1 0
1615453857564711 133811754481344 subm_beg 1 0
1615453857589580 133811746088640 emit_beg 593 0
1615453861006725 133811754481344 subm_end 1 0
1615453861007195 133811754481344 pump_beg 1 0
1615453866661537 133811746088640 emit_end 593 0
1615453878608649 133811754481344 pump_end 1 2
1615453878609809 133811754481344 join_beg 1 0
1615453878610289 133811754481344 join_end 0 0
1615453880392783 133811754481344 coll_beg 0 0
1615453890014160 133811754481344 coll_end 0 0
1615453893358137 133811754481344 drain_beg 0 0
1615453893358537 133811754481344 drain_end 1 0
1615453893358877 133811754481344 subm_beg 1 0
1615453893383846 133811746088640 emit_beg 594 0
1615453896781781 133811754481344 subm_end 1 0
1615453896782101 133811754481344 pump_beg 1 0
1615453902506861 133811746088640 emit_end 594 0
1615453913908353 133811754481344 pump_end 1 2
1615453913908873 133811754481344 join_beg 1 0
1615453913909313 133811754481344 join_end 0 0
1615453915865711 133811754481344 coll_beg 0 0
1615453924812592 133811754481344 coll_end 0 0
1615453926626746 133811746088640 emit_beg 595 0
1615453928341833 133811754481344 drain_beg 0 0
1615453928342323 133811754481344 drain_end 1 0
1615453928342783 133811754481344 subm_beg 1 0
1615453933557051 133811754481344 subm_end 1 0
1615453933557411 133811754481344 pump_beg 1 0
1615453936300961 133811746088640 emit_end 595 0
1615453949247975 133811754481344 pump_end 1 2
1615453949250315 133811754481344 join_beg 1 0
1615453949251675 133811754481344 join_end 0 0
1615453951143326 133811754481344 coll_beg 0 0
1615453959705562 133811754481344 coll_end 0 0
1615453962409012 133811754481344 drain_beg 0 0
1615453962409762 133811754481344 drain_end 1 0
1615453962410062 133811754481344 subm_beg 1 0
1615453962411312 133811746088640 emit_beg 596 0
1615453965914124 133811754481344 subm_end 1 0
1615453965914484 133811754481344 pump_beg 1 0
1615453969792131 133811746088640 emit_end 596 0
1615453981695514 133811754481344 pump_end 1 2
1615453981695914 133811754481344 join_beg 1 0
1615453981696534 133811754481344 join_end 0 0
1615453983454910 133811754481344 coll_beg 0 0
1615453990704274 133811754481344 coll_end 0 0
1615453992566055 133811746088640 emit_beg 597 0
1615453994342550 133811754481344 drain_beg 0 0
1615453994343220 133811754481344 drain_end 1 0
1615453994343570 133811754481344 subm_beg 1 0
1615453997840682 133811754481344 subm_end 1 0
1615453997841092 133811754481344 pump_beg 1 0
1615454001748448 133811746088640 emit_end 597 0
1615454014137023 133811754481344 pump_end 1 2
1615454014139043 133811754481344 join_beg 1 0
1615454014140093 133811754481344 join_end 0 0
1615454016000765 133811754481344 coll_beg 0 0
1615454025964469 133811754481344 coll_end 0 0
1615454029043996 133811754481344 drain_beg 0 0
1615454029044776 133811754481344 drain_end 1 0
1615454029045646 133811754481344 subm_beg 1 0
1615454029068775 133811746088640 emit_beg 598 0
1615454032596116 133811754481344 subm_end 1 0
1615454032600196 133811754481344 pump_beg 1 0
1615454038261468 133811746088640 emit_end 598 0
1615454048371037 133811754481344 pump_end 1 2
1615454048372417 133811754481344 join_beg 1 0
1615454048373177 133811754481344 join_end 0 0
1615454050218839 133811754481344 coll_beg 0 0
1615454057457213 133811754481344 coll_end 0 0
1615454059774558 133811754481344 drain_beg 0 0
1615454059775578 133811754481344 drain_end 1 0
1615454059776258 133811754481344 subm_beg 1 0
1615454059796577 133811746088640 emit_beg 599 0
1615454063210602 133811754481344 subm_end 1 0
1615454063211482 133811754481344 pump_beg 1 0
1615454068730209 133811746088640 emit_end 599 0
1615454078869207 133811754481344 pump_end 1 2
1615454078869887 133811754481344 join_beg 1 0
1615454078870347 133811754481344 join_end 0 0
1615454080620243 133811754481344 coll_beg 0 0
1615454087960243 133811754481344 coll_end 0 0
1615454090798129 133811754481344 drain_beg 0 0
1615454090798619 133811754481344 drain_end 1 0
1615454090799059 133811754481344 subm_beg 1 0
1615454090823308 133811746088640 emit_beg 600 0
1615454094223573 133811754481344 subm_end 1 0
1615454094223983 133811754481344 pump_beg 1 0
1615454099799219 133811746088640 emit_end 600 0
1615454109875639 133811754481344 pump_end 1 2
1615454109876469 133811754481344 join_beg 1 0
1615454109877159 133811754481344 join_end 0 0
1615454111641654 133811754481344 coll_beg 0 0
1615454119016323 133811754481344 coll_end 0 0
1615454121923897 133811754481344 drain_beg 0 0
1615454121924917 133811754481344 drain_end 1 0
1615454121925517 133811754481344 subm_beg 1 0
1615454121930676 133811746088640 emit_beg 601 0
1615454125383960 133811754481344 subm_end 1 0
1615454125384380 133811754481344 pump_beg 1 0
1615454132714151 133811746088640 emit_end 601 0
1615454141782088 133811754481344 pump_end 1 2
1615454141783878 133811754481344 join_beg 1 0
1615454141784618 133811754481344 join_end 0 0
1615454143761055 133811754481344 coll_beg 0 0
1615454151176953 133811754481344 coll_end 0 0
1615454153678621 133811754481344 drain_beg 0 0
1615454153679441 133811754481344 drain_end 1 0
1615454153680001 133811754481344 subm_beg 1 0
1615454153701650 133811746088640 emit_beg 602 0
1615454157330217 133811754481344 subm_end 1 0
1615454157330677 133811754481344 pump_beg 1 0
1615454163045577 133811746088640 emit_end 602 0
1615454172570257 133811754481344 pump_end 1 2
1615454172580227 133811754481344 join_beg 1 0
1615454172581287 133811754481344 join_end 0 0
1615454174674040 133811754481344 coll_beg 0 0
1615454181679673 133811754481344 coll_end 0 0
1615454184962873 133811746088640 emit_beg 603 0
1615454186789916 133811754481344 drain_beg 0 0
1615454186791485 133811754481344 drain_end 1 0
1615454186792195 133811754481344 subm_beg 1 0
1615454190496589 133811754481344 subm_end 1 0
1615454190497239 133811754481344 pump_beg 1 0
1615454196227369 133811746088640 emit_end 603 0
1615454205320615 133811754481344 pump_end 1 2
1615454205322865 133811754481344 join_beg 1 0
1615454205324355 133811754481344 join_end 0 0
1615454207210536 133811754481344 coll_beg 0 0
1615454213932679 133811754481344 coll_end 0 0
1615454215805130 133811746088640 emit_beg 604 0
1615454217613544 133811754481344 drain_beg 0 0
1615454217615694 133811754481344 drain_end 1 0
1615454217616874 133811754481344 subm_beg 1 0
1615454221248501 133811754481344 subm_end 1 0
1615454221249161 133811754481344 pump_beg 1 0
1615454225219625 133811746088640 emit_end 604 0
1615454238711030 133811754481344 pump_end 1 2
1615454238712450 133811754481344 join_beg 1 0
1615454238713060 133811754481344 join_end 0 0
1615454240594640 133811754481344 coll_beg 0 0
1615454249947617 133811754481344 coll_end 0 0
1615454252311160 133811754481344 drain_beg 0 0
1615454252311660 133811754481344 drain_end 1 0
1615454252312070 133811754481344 subm_beg 1 0
1615454252312060 133811746088640 emit_beg 605 0
1615454255877679 133811754481344 subm_end 1 0
1615454255878329 133811754481344 pump_beg 1 0
1615454261788362 133811746088640 emit_end 605 0
1615454273607868 133811754481344 pump_end 1 2
1615454273612138 133811754481344 join_beg 1 0
1615454273614028 133811754481344 join_end 0 0
1615454275608785 133811754481344 coll_beg 0 0
1615454285165314 133811754481344 coll_end 0 0
1615454287218839 133811754481344 drain_beg 0 0
1615454287219749 133811754481344 drain_end 1 0
1615454287220519 133811754481344 subm_beg 1 0
1615454287237418 133811746088640 emit_beg 606 0
1615454290842636 133811754481344 subm_end 1 0
1615454290843146 133811754481344 pump_beg 1 0
1615454296875944 133811746088640 emit_end 606 0
1615454308302115 133811754481344 pump_end 1 2
1615454308306405 133811754481344 join_beg 1 0
1615454308307985 133811754481344 join_end 0 0
1615454310539173 133811754481344 coll_beg 0 0
1615454320262136 133811754481344 coll_end 0 0
1615454323331003 133811754481344 drain_beg 0 0
1615454323332133 133811754481344 drain_end 1 0
1615454323332953 133811754481344 subm_beg 1 0
1615454323350813 133811746088640 emit_beg 607 0
1615454326847504 133811754481344 subm_end 1 0
1615454326847994 133811754481344 pump_beg 1 0
1615454332736168 133811746088640 emit_end 607 0
1615454343501083 133811754481344 pump_end 1 2
1615454343503123 133811754481344 join_beg 1 0
1615454343504123 133811754481344 join_end 0 0
1615454345972652 133811754481344 coll_beg 0 0
1615454353388260 133811754481344 coll_end 0 0
1615454356363851 133811746088640 emit_beg 608 0
1615454358199673 133811754481344 drain_beg 0 0
1615454358200553 133811754481344 drain_end 1 0
1615454358201033 133811754481344 subm_beg 1 0
1615454361856259 133811754481344 subm_end 1 0
1615454361856639 133811754481344 pump_beg 1 0
1615454365763216 133811746088640 emit_end 608 0
1615454378209739 133811754481344 pump_end 1 2
1615454378211029 133811754481344 join_beg 1 0
1615454378211889 133811754481344 join_end 0 0
1615454380077960 133811754481344 coll_beg 0 0
1615454389669818 133811754481344 coll_end 0 0
1615454392659488 133811754481344 drain_beg 0 0
1615454392660428 133811754481344 drain_end 1 0
1615454392660818 133811754481344 subm_beg 1 0
1615454392683007 133811746088640 emit_beg 609 0
1615454396315784 133811754481344 subm_end 1 0
1615454396316294 133811754481344 pump_beg 1 0
1615454402044504 133811746088640 emit_end 609 0
1615454412697713 133811754481344 pump_end 1 2
1615454412699343 133811754481344 join_beg 1 0
1615454412700853 133811754481344 join_end 0 0
1615454414557804 133811754481344 coll_beg 0 0
1615454426282824 133811754481344 coll_end 0 0
1615454428829161 133811754481344 drain_beg 0 0
1615454428830270 133811754481344 drain_end 1 0
1615454428831000 133811754481344 subm_beg 1 0
1615454428849770 133811746088640 emit_beg 610 0
1615454432484486 133811754481344 subm_end 1 0
1615454432484936 133811754481344 pump_beg 1 0
1615454438320042 133811746088640 emit_end 610 0
1615454448635093 133811754481344 pump_end 1 2
1615454448636533 133811754481344 join_beg 1 0
1615454448637263 133811754481344 join_end 0 0
1615454450547963 133811754481344 coll_beg 0 0
1615454458334337 133811754481344 coll_end 0 0
1615454460209619 133811746088640 emit_beg 611 0
1615454462010373 133811754481344 drain_beg 0 0
1615454462011573 133811754481344 drain_end 1 0
1615454462012102 133811754481344 subm_beg 1 0
1615454467480392 133811754481344 subm_end 1 0
1615454467480812 133811754481344 pump_beg 1 0
1615454469788477 133811746088640 emit_end 611 0
1615454483726715 133811754481344 pump_end 1 2
1615454483727595 133811754481344 join_beg 1 0
1615454483728145 133811754481344 join_end 0 0
1615454486192685 133811754481344 coll_beg 0 0
1615454494380824 133811754481344 coll_end 0 0
1615454497976812 133811754481344 drain_beg 0 0
1615454497977462 133811754481344 drain_end 1 0
1615454497978182 133811754481344 subm_beg 1 0
1615454498000601 133811746088640 emit_beg 612 0
1615454501592320 133811754481344 subm_end 1 0
1615454501592850 133811754481344 pump_beg 1 0
1615454507469454 133811746088640 emit_end 612 0
1615454517062971 133811754481344 pump_end 1 2
1615454517064101 133811754481344 join_beg 1 0
1615454517064971 133811754481344 join_end 0 0
1615454518879835 133811754481344 coll_beg 0 0
1615454526424058 133811754481344 coll_end 0 0
1615454528763832 133811746088640 emit_beg 613 0
1615454536450480 133811746088640 emit_end 613 0
1615454557819275 133811754481344 drain_beg 0 0
1615454557821425 133811754481344 drain_end 1 0
1615454557822655 133811754481344 subm_beg 1 0
1615454561343596 133811754481344 subm_end 1 0
1615454561345256 133811754481344 pump_beg 1 0
1615454577378827 133811754481344 pump_end 1 2
1615454577382097 133811754481344 join_beg 1 0
1615454577383417 133811754481344 join_end 0 0
1615454579378674 133811754481344 coll_beg 0 0
1615454587496886 133811754481344 coll_end 0 0
1615454589478243 133811754481344 drain_beg 0 0
1615454589478943 133811754481344 drain_end 1 0
1615454589479503 133811754481344 subm_beg 1 0
1615454589506402 133811746088640 emit_beg 614 0
1615454591222709 133811754481344 subm_end 1 0
1615454591223159 133811754481344 pump_beg 1 0
1615454598555010 133811746088640 emit_end 614 0
1615454607570899 133811754481344 pump_end 1 2
1615454607574189 133811754481344 join_beg 1 0
1615454607576069 133811754481344 join_end 0 0
1615454609466750 133811754481344 coll_beg 0 0
1615454617935919 133811754481344 coll_end 0 0
1615454621031165 133811754481344 drain_beg 0 0
1615454621034045 133811754481344 drain_end 1 0
1615454621035345 133811754481344 subm_beg 1 0
1615454621056034 133811746088640 emit_beg 615 0
1615454624449970 133811754481344 subm_end 1 0
1615454624450450 133811754481344 pump_beg 1 0
1615454630080593 133811746088640 emit_end 615 0
1615454641634099 133811754481344 pump_end 1 2
1615454641638009 133811754481344 join_beg 1 0
1615454641640709 133811754481344 join_end 0 0
1615454643430503 133811754481344 coll_beg 0 0
1615454652636295 133811754481344 coll_end 0 0
1615454655277448 133811754481344 drain_beg 0 0
1615454655278518 133811754481344 drain_end 1 0
1615454655279378 133811754481344 subm_beg 1 0
1615454655306877 133811746088640 emit_beg 616 0
1615454658703692 133811754481344 subm_end 1 0
1615454658704022 133811754481344 pump_beg 1 0
1615454664248829 133811746088640 emit_end 616 0
1615454674389976 133811754481344 pump_end 1 2
1615454674391496 133811754481344 join_beg 1 0
1615454674392196 133811754481344 join_end 0 0
1615454676095674 133811754481344 coll_beg 0 0
1615454686686795 133811754481344 coll_end 0 0
1615454689493402 133811754481344 drain_beg 0 0
1615454689494092 133811754481344 drain_end 1 0
1615454689494672 133811754481344 subm_beg 1 0
1615454689521291 133811746088640 emit_beg 617 0
1615454692870248 133811754481344 subm_end 1 0
1615454692870648 133811754481344 pump_beg 1 0
1615454698430304 133811746088640 emit_end 617 0
1615454708573791 133811754481344 pump_end 1 2
1615454708574751 133811754481344 join_beg 1 0
1615454708575051 133811754481344 join_end 0 0
1615454711488434 133811754481344 coll_beg 0 0
1615454721203048 133811754481344 coll_end 0 0
1615454722928055 133811754481344 drain_beg 0 0
1615454722928515 133811754481344 drain_end 1 0
1615454722928925 133811754481344 subm_beg 1 0
1615454722951114 133811746088640 emit_beg 618 0
1615454726347619 133811754481344 subm_end 1 0
1615454726348029 133811754481344 pump_beg 1 0
1615454731956803 133811746088640 emit_end 618 0
1615454742253555 133811754481344 pump_end 1 2
1615454742254405 133811754481344 join_beg 1 0
1615454742254725 133811754481344 join_end 0 0
1615454745027203 133811754481344 coll_beg 0 0
1615454753494712 133811754481344 coll_end 0 0
1615454756047429 133811754481344 drain_beg 0 0
1615454756048179 133811754481344 drain_end 1 0
1615454756048769 133811754481344 subm_beg 1 0
1615454756069658 133811746088640 emit_beg 619 0
1615454759468813 133811754481344 subm_end 1 0
1615454759469113 133811754481344 pump_beg 1 0
1615454765020999 133811746088640 emit_end 619 0
1615454775338950 133811754481344 pump_end 1 2
1615454775339700 133811754481344 join_beg 1 0
1615454775340020 133811754481344 join_end 0 0
1615454778169157 133811754481344 coll_beg 0 0
1615454786361806 133811754481344 coll_end 0 0
1615454789274639 133811754481344 drain_beg 0 0
1615454789275139 133811754481344 drain_end 1 0
1615454789275379 133811754481344 subm_beg 1 0
1615454789297898 133811746088640 emit_beg 620 0
1615454792778000 133811754481344 subm_end 1 0
1615454792778370 133811754481344 pump_beg 1 0
1615454798258329 133811746088640 emit_end 620 0
1615454808087658 133811754481344 pump_end 1 2
1615454808088628 133811754481344 join_beg 1 0
1615454808088928 133811754481344 join_end 0 0
1615454811240513 133811754481344 coll_beg 0 0
1615454819026377 133811754481344 coll_end 0 0
1615454822214650 133811754481344 drain_beg 0 0
1615454822215120 133811754481344 drain_end 1 0
1615454822215620 133811754481344 subm_beg 1 0
1615454822237119 133811746088640 emit_beg 621 0
1615454825593426 133811754481344 subm_end 1 0
1615454825593806 133811754481344 pump_beg 1 0
1615454831616135 133811746088640 emit_end 621 0
1615454841178794 133811754481344 pump_end 1 2
1615454841180044 133811754481344 join_beg 1 0
1615454841180594 133811754481344 join_end 0 0
1615454842957208 133811754481344 coll_beg 0 0
1615454852430341 133811754481344 coll_end 0 0
1615454855861305 133811754481344 drain_beg 0 0
1615454855862115 133811754481344 drain_end 1 0
1615454855862575 133811754481344 subm_beg 1 0
1615454855891224 133811746088640 emit_beg 622 0
1615454859382285 133811754481344 subm_end 1 0
1615454859382665 133811754481344 pump_beg 1 0
1615454864877044 133811746088640 emit_end 622 0
1615454876544135 133811754481344 pump_end 1 2
1615454876547235 133811754481344 join_beg 1 0
1615454876548455 133811754481344 join_end 0 0
1615454879241716 133811754481344 coll_beg 0 0
1615454887748664 133811754481344 coll_end 0 0
1615454890432136 133811754481344 drain_beg 0 0
1615454890432616 133811754481344 drain_end 1 0
1615454890432966 133811754481344 subm_beg 1 0
1615454890435145 133811746088640 emit_beg 623 0
1615454893879599 133811754481344 subm_end 1 0
1615454893879969 133811754481344 pump_beg 1 0
1615454899383977 133811746088640 emit_end 623 0
1615454910906854 133811754481344 pump_end 1 2
1615454910907824 133811754481344 join_beg 1 0
1615454910908484 133811754481344 join_end 0 0
1615454912891791 133811754481344 coll_beg 0 0
1615454921576392 133811754481344 coll_end 0 0
1615454924130099 133811754481344 drain_beg 0 0
1615454924130799 133811754481344 drain_end 1 0
1615454924131309 133811754481344 subm_beg 1 0
1615454924132959 133811746088640 emit_beg 624 0
1615454927562623 133811754481344 subm_end 1 0
1615454927563063 133811754481344 pump_beg 1 0
1615454933057831 133811746088640 emit_end 624 0
1615454944022308 133811754481344 pump_end 1 2
1615454944029798 133811754481344 join_beg 1 0
1615454944030228 133811754481344 join_end 0 0
1615454945828002 133811754481344 coll_beg 0 0
1615454954399227 133811754481344 coll_end 0 0
1615454957319130 133811754481344 drain_beg 0 0
1615454957319700 133811754481344 drain_end 1 0
1615454957320560 133811754481344 subm_beg 1 0
1615454957320620 133811746088640 emit_beg 625 0
1615454960723205 133811754481344 subm_end 1 0
1615454960723565 133811754481344 pump_beg 1 0
1615454966463945 133811746088640 emit_end 625 0
1615454976888582 133811754481344 pump_end 1 2
1615454976889382 133811754481344 join_beg 1 0
1615454976889722 133811754481344 join_end 0 0
1615454978944406 133811754481344 coll_beg 0 0
1615454986930133 133811754481344 coll_end 0 0
1615454989400823 133811746088640 emit_beg 626 0
1615454991191327 133811754481344 drain_beg 0 0
1615454991193827 133811754481344 drain_end 1 0
1615454991194557 133811754481344 subm_beg 1 0
1615454996735583 133811754481344 subm_end 1 0
1615454996736223 133811754481344 pump_beg 1 0
1615454999013270 133811746088640 emit_end 626 0
1615455013069864 133811754481344 pump_end 1 2
1615455013071824 133811754481344 join_beg 1 0
1615455013072454 133811754481344 join_end 0 0
1615455016078773 133811754481344 coll_beg 0 0
1615455024375309 133811754481344 coll_end 0 0
1615455027906339 133811754481344 drain_beg 0 0
1615455027907239 133811754481344 drain_end 1 0
1615455027907919 133811754481344 subm_beg 1 0
1615455027929288 133811746088640 emit_beg 627 0
1615455031599683 133811754481344 subm_end 1 0
1615455031600513 133811754481344 pump_beg 1 0
1615455037542625 133811746088640 emit_end 627 0
1615455047969933 133811754481344 pump_end 1 2
1615455047971843 133811754481344 join_beg 1 0
1615455047972642 133811754481344 join_end 0 0
1615455049976309 133811754481344 coll_beg 0 0
1615455060159855 133811754481344 coll_end 0 0
1615455061993058 133811754481344 drain_beg 0 0
1615455061994128 133811754481344 drain_end 1 0
1615455061994668 133811754481344 subm_beg 1 0
1615455062017987 133811746088640 emit_beg 628 0
1615455065605055 133811754481344 subm_end 1 0
1615455065605435 133811754481344 pump_beg 1 0
1615455071486459 133811746088640 emit_end 628 0
1615455082530644 133811754481344 pump_end 1 2
1615455082531814 133811754481344 join_beg 1 0
1615455082532334 133811754481344 join_end 0 0
1615455084444474 133811754481344 coll_beg 0 0
1615455092983400 133811754481344 coll_end 0 0
1615455095106032 133811746088640 emit_beg 629 0
1615455097067170 133811754481344 drain_beg 0 0
1615455097073590 133811754481344 drain_end 1 0
1615455097075120 133811754481344 subm_beg 1 0
1615455102622186 133811754481344 subm_end 1 0
1615455102624646 133811754481344 pump_beg 1 0
1615455104731429 133811746088640 emit_end 629 0
1615455119868983 133811754481344 pump_end 1 2
1615455119870563 133811754481344 join_beg 1 0
1615455119871433 133811754481344 join_end 0 0
1615455122012725 133811754481344 coll_beg 0 0
1615455131149779 133811754481344 coll_end 0 0
1615455133878069 133811754481344 drain_beg 0 0
1615455133878659 133811754481344 drain_end 1 0
1615455133879109 133811754481344 subm_beg 1 0
1615455133882129 133811746088640 emit_beg 630 0
1615455137540694 133811754481344 subm_end 1 0
1615455137541074 133811754481344 pump_beg 1 0
1615455143195717 133811746088640 emit_end 630 0
1615455154334558 133811754481344 pump_end 1 2
1615455154338298 133811754481344 join_beg 1 0
1615455154339048 133811754481344 join_end 0 0
1615455156322145 133811754481344 coll_beg 0 0
1615455164726967 133811754481344 coll_end 0 0
1615455168076444 133811754481344 drain_beg 0 0
1615455168077724 133811754481344 drain_end 1 0
1615455168078834 133811754481344 subm_beg 1 0
1615455168082243 133811746088640 emit_beg 631 0
1615455171755709 133811754481344 subm_end 1 0
1615455171756238 133811754481344 pump_beg 1 0
1615455177522507 133811746088640 emit_end 631 0
1615455188045631 133811754481344 pump_end 1 2
1615455188047290 133811754481344 join_beg 1 0
1615455188048110 133811754481344 join_end 0 0
1615455190074316 133811754481344 coll_beg 0 0
1615455197681587 133811754481344 coll_end 0 0
1615455199872386 133811746088640 emit_beg 632 0
1615455201673760 133811754481344 drain_beg 0 0
1615455201674450 133811754481344 drain_end 1 0
1615455201675090 133811754481344 subm_beg 1 0
1615455207072162 133811754481344 subm_end 1 0
1615455207072562 133811754481344 pump_beg 1 0
1615455209295760 133811746088640 emit_end 632 0
1615455223269328 133811754481344 pump_end 1 2
1615455223271098 133811754481344 join_beg 1 0
1615455223271927 133811754481344 join_end 0 0
1615455225639861 133811754481344 coll_beg 0 0
1615455237203276 133811754481344 coll_end 0 0
1615455239344497 133811754481344 drain_beg 0 0
1615455239346977 133811754481344 drain_end 1 0
1615455239348217 133811754481344 subm_beg 1 0
1615455239363667 133811746088640 emit_beg 633 0
1615455243105269 133811754481344 subm_end 1 0
1615455243107019 133811754481344 pump_beg 1 0
1615455249096579 133811746088640 emit_end 633 0
1615455259581144 133811754481344 pump_end 1 2
1615455259583874 133811754481344 join_beg 1 0
1615455259585344 133811754481344 join_end 0 0
1615455261554912 133811754481344 coll_beg 0 0
1615455271880293 133811754481344 coll_end 0 0
1615455275237490 133811754481344 drain_beg 0 0
1615455275239310 133811754481344 drain_end 1 0
1615455275240680 133811754481344 subm_beg 1 0
1615455275259829 133811746088640 emit_beg 634 0
1615455278969423 133811754481344 subm_end 1 0
1615455278971113 133811754481344 pump_beg 1 0
1615455284739481 133811746088640 emit_end 634 0
1615455295362671 133811754481344 pump_end 1 2
1615455295363741 133811754481344 join_beg 1 0
1615455295364521 133811754481344 join_end 0 0
1615455297267141 133811754481344 coll_beg 0 0
1615455305149232 133811754481344 coll_end 0 0
1615455306981875 133811746088640 emit_beg 635 0
1615455308781598 133811754481344 drain_beg 0 0
1615455308782158 133811754481344 drain_end 1 0
1615455308782638 133811754481344 subm_beg 1 0
1615455314331925 133811754481344 subm_end 1 0
1615455314332265 133811754481344 pump_beg 1 0
1615455316561793 133811746088640 emit_end 635 0
1615455331142278 133811754481344 pump_end 1 2
1615455331143368 133811754481344 join_beg 1 0
1615455331143968 133811754481344 join_end 0 0
1615455333045508 133811754481344 coll_beg 0 0
1615455341362642 133811754481344 coll_end 0 0
1615455344796766 133811754481344 drain_beg 0 0
1615455344797746 133811754481344 drain_end 1 0
1615455344798336 133811754481344 subm_beg 1 0
1615455344822056 133811746088640 emit_beg 636 0
1615455348413654 133811754481344 subm_end 1 0
1615455348414224 133811754481344 pump_beg 1 0
1615455354365575 133811746088640 emit_end 636 0
1615455365139570 133811754481344 pump_end 1 2
1615455365140710 133811754481344 join_beg 1 0
1615455365141760 133811754481344 join_end 0 0
1615455366998751 133811754481344 coll_beg 0 0
1615455375578896 133811754481344 coll_end 0 0
1615455378251238 133811746088640 emit_beg 637 0
1615455380073231 133811754481344 drain_beg 0 0
1615455380073831 133811754481344 drain_end 1 0
1615455380074141 133811754481344 subm_beg 1 0
1615455385940566 133811754481344 subm_end 1 0
1615455385940876 133811754481344 pump_beg 1 0
1615455387970202 133811746088640 emit_end 637 0
1615455402809007 133811754481344 pump_end 1 2
1615455402810667 133811754481344 join_beg 1 0
1615455402811807 133811754481344 join_end 0 0
1615455404884371 133811754481344 coll_beg 0 0
1615455413265813 133811754481344 coll_end 0 0
1615455415987513 133811754481344 drain_beg 0 0
1615455415988233 133811754481344 drain_end 1 0
1615455415988583 133811754481344 subm_beg 1 0
1615455416014452 133811746088640 emit_beg 638 0
1615455419490634 133811754481344 subm_end 1 0
1615455419491014 133811754481344 pump_beg 1 0
1615455425056090 133811746088640 emit_end 638 0
1615455435835814 133811754481344 pump_end 1 2
1615455435836504 133811754481344 join_beg 1 0
1615455435836984 133811754481344 join_end 0 0
1615455437567681 133811754481344 coll_beg 0 0
1615455445715132 133811754481344 coll_end 0 0
1615455447451058 133811746088640 emit_beg 639 0
1615455454500669 133811746088640 emit_end 639 0
1615455475785248 133811754481344 drain_beg 0 0
1615455475787518 133811754481344 drain_end 1 0
1615455475801117 133811754481344 subm_beg 1 0
1615455481026465 133811754481344 subm_end 1 0
1615455481028095 133811754481344 pump_beg 1 0
1615455496908402 133811754481344 pump_end 1 2
1615455496909322 133811754481344 join_beg 1 0
1615455496909792 133811754481344 join_end 0 0
1615455498792103 133811754481344 coll_beg 0 0
1615455509973833 133811754481344 coll_end 0 0
1615455512023538 133811754481344 drain_beg 0 0
1615455512024068 133811754481344 drain_end 1 0
1615455512024578 133811754481344 subm_beg 1 0
1615455512049437 133811746088640 emit_beg 640 0
1615455513873910 133811754481344 subm_end 1 0
1615455513874220 133811754481344 pump_beg 1 0
1615455517497397 133811746088640 emit_end 640 0
1615455529691389 133811754481344 pump_end 1 2
1615455529693259 133811754481344 join_beg 1 0
1615455529694589 133811754481344 join_end 0 0
1615455531451025 133811754481344 coll_beg 0 0
1615455541221966 133811754481344 coll_end 0 0
1615455543450994 133811754481344 drain_beg 0 0
1615455543451594 133811754481344 drain_end 1 0
1615455543451974 133811754481344 subm_beg 1 0
1615455543454184 133811746088640 emit_beg 641 0
1615455546880698 133811754481344 subm_end 1 0
1615455546881068 133811754481344 pump_beg 1 0
1615455552439404 133811746088640 emit_end 641 0
1615455563220738 133811754481344 pump_end 1 2
1615455563222708 133811754481344 join_beg 1 0
1615455563223698 133811754481344 join_end 0 0
1615455565158977 133811754481344 coll_beg 0 0
1615455573016719 133811754481344 coll_end 0 0
1615455576234161 133811754481344 drain_beg 0 0
1615455576234871 133811754481344 drain_end 1 0
1615455576235390 133811754481344 subm_beg 1 0
1615455576258470 133811746088640 emit_beg 642 0
1615455579609307 133811754481344 subm_end 1 0
1615455579609667 133811754481344 pump_beg 1 0
1615455585228890 133811746088640 emit_end 642 0
1615455595287781 133811754481344 pump_end 1 2
1615455595289221 133811754481344 join_beg 1 0
1615455595289811 133811754481344 join_end 0 0
1615455597054246 133811754481344 coll_beg 0 0
1615455604054629 133811754481344 coll_end 0 0
1615455606218710 133811746088640 emit_beg 643 0
1615455607941987 133811754481344 drain_beg 0 0
1615455607942437 133811754481344 drain_end 1 0
1615455607943027 133811754481344 subm_beg 1 0
1615455613155045 133811754481344 subm_end 1 0
1615455613155465 133811754481344 pump_beg 1 0
1615455618735670 133811746088640 emit_end 643 0
1615455629508255 133811754481344 pump_end 1 2
1615455629509965 133811754481344 join_beg 1 0
1615455629510905 133811754481344 join_end 0 0
1615455631598438 133811754481344 coll_beg 0 0
1615455639420881 133811754481344 coll_end 0 0
1615455641174227 133811754481344 drain_beg 0 0
1615455641175267 133811754481344 drain_end 1 0
1615455641176387 133811754481344 subm_beg 1 0
1615455641198136 133811746088640 emit_beg 644 0
1615455644648959 133811754481344 subm_end 1 0
1615455644649469 133811754481344 pump_beg 1 0
1615455650312771 133811746088640 emit_end 644 0
1615455660611773 133811754481344 pump_end 1 2
1615455660612963 133811754481344 join_beg 1 0
1615455660613543 133811754481344 join_end 0 0
1615455662365269 133811754481344 coll_beg 0 0
1615455670340486 133811754481344 coll_end 0 0
1615455673591367 133811754481344 drain_beg 0 0
1615455673592357 133811754481344 drain_end 1 0
1615455673593217 133811754481344 subm_beg 1 0
1615455673613956 133811746088640 emit_beg 645 0
1615455677105518 133811754481344 subm_end 1 0
1615455677106098 133811754481344 pump_beg 1 0
1615455682840487 133811746088640 emit_end 645 0
1615455693671580 133811754481344 pump_end 1 2
1615455693673239 133811754481344 join_beg 1 0
1615455693674649 133811754481344 join_end 0 0
1615455697089594 133811754481344 coll_beg 0 0
1615455705393999 133811754481344 coll_end 0 0
1615455708332381 133811754481344 drain_beg 0 0
1615455708333471 133811754481344 drain_end 1 0
1615455708334521 133811754481344 subm_beg 1 0
1615455708357630 133811746088640 emit_beg 646 0
1615455710070678 133811754481344 subm_end 1 0
1615455710071198 133811754481344 pump_beg 1 0
1615455715884424 133811746088640 emit_end 646 0
1615455726815983 133811754481344 pump_end 1 2
1615455726827213 133811754481344 join_beg 1 0
1615455726828452 133811754481344 join_end 0 0
1615455728767931 133811754481344 coll_beg 0 0
1615455740684314 133811754481344 coll_end 0 0
1615455742539886 133811754481344 drain_beg 0 0
1615455742540536 133811754481344 drain_end 1 0
1615455742540916 133811754481344 subm_beg 1 0
1615455742564795 133811746088640 emit_beg 647 0
1615455745997869 133811754481344 subm_end 1 0
1615455745998359 133811754481344 pump_beg 1 0
1615455751884823 133811746088640 emit_end 647 0
1615455763700449 133811754481344 pump_end 1 2
1615455763701399 133811754481344 join_beg 1 0
1615455763701959 133811754481344 join_end 0 0
1615455767295717 133811754481344 coll_beg 0 0
1615455781599472 133811754481344 coll_end 0 0
1615455783618988 133811754481344 drain_beg 0 0
1615455783620988 133811754481344 drain_end 1 0
1615455783622307 133811754481344 subm_beg 1 0
1615455783639727 133811746088640 emit_beg 648 0
1615455787072251 133811754481344 subm_end 1 0
1615455787072681 133811754481344 pump_beg 1 0
1615455792801631 133811746088640 emit_end 648 0
1615455805667688 133811754481344 pump_end 1 2
1615455805671968 133811754481344 join_beg 1 0
1615455805673338 133811754481344 join_end 0 0
1615455808127678 133811754481344 coll_beg 0 0
1615455822776740 133811754481344 coll_end 0 0
1615455824744458 133811754481344 drain_beg 0 0
1615455824745188 133811754481344 drain_end 1 0
1615455824745508 133811754481344 subm_beg 1 0
1615455824749638 133811746088640 emit_beg 649 0
1615455828507150 133811754481344 subm_end 1 0
1615455828507720 133811754481344 pump_beg 1 0
1615455834559268 133811746088640 emit_end 649 0
1615455845049363 133811754481344 pump_end 1 2
1615455845050503 133811754481344 join_beg 1 0
1615455845051082 133811754481344 join_end 0 0
1615455847110287 133811754481344 coll_beg 0 0
1615455855968512 133811754481344 coll_end 0 0
1615455859525991 133811754481344 drain_beg 0 0
1615455859526481 133811754481344 drain_end 1 0
1615455859526981 133811754481344 subm_beg 1 0
1615455859529171 133811746088640 emit_beg 650 0
1615455863170547 133811754481344 subm_end 1 0
1615455863171017 133811754481344 pump_beg 1 0
1615455867863855 133811746088640 emit_end 650 0
1615455878411238 133811754481344 pump_end 1 2
1615455878412798 133811754481344 join_beg 1 0
1615455878413648 133811754481344 join_end 0 0
1615455880311858 133811754481344 coll_beg 0 0
1615455892075096 133811754481344 coll_end 0 0
1615455894539566 133811754481344 drain_beg 0 0
1615455894542466 133811754481344 drain_end 1 0
1615455894539736 133811746088640 emit_beg 651 0
1615455894543556 133811754481344 subm_beg 1 0
1615455899962577 133811754481344 subm_end 1 0
1615455899963267 133811754481344 pump_beg 1 0
1615455904110624 133811746088640 emit_end 651 0
1615455915897752 133811754481344 pump_end 1 2
1615455915898662 133811754481344 join_beg 1 0
1615455915899162 133811754481344 join_end 0 0
1615455919217910 133811754481344 coll_beg 0 0
1615455930051572 133811754481344 coll_end 0 0
1615455931897495 133811754481344 drain_beg 0 0
1615455931897905 133811754481344 drain_end 1 0
1615455931898495 133811754481344 subm_beg 1 0
1615455931903184 133811746088640 emit_beg 652 0
1615455935610378 133811754481344 subm_end 1 0
1615455935610858 133811754481344 pump_beg 1 0
1615455941515821 133811746088640 emit_end 652 0
1615455951012373 133811754481344 pump_end 1 2
1615455951013753 133811754481344 join_beg 1 0
1615455951014373 133811754481344 join_end 0 0
1615455954493515 133811754481344 coll_beg 0 0
1615455963655859 133811754481344 coll_end 0 0
1615455966394388 133811754481344 drain_beg 0 0
1615455966394958 133811754481344 drain_end 1 0
1615455966395378 133811754481344 subm_beg 1 0
1615455966400848 133811746088640 emit_beg 653 0
1615455968185663 133811754481344 subm_end 1 0
1615455968185952 133811754481344 pump_beg 1 0
1615455974262419 133811746088640 emit_end 653 0
1615455983504140 133811754481344 pump_end 1 2
1615455983505990 133811754481344 join_beg 1 0
1615455983507060 133811754481344 join_end 0 0
1615455985377641 133811754481344 coll_beg 0 0
1615455992311887 133811754481344 coll_end 0 0
1615455994558384 133811746088640 emit_beg 654 0
1615455996410916 133811754481344 drain_beg 0 0
1615455996411936 133811754481344 drain_end 1 0
1615455996412566 133811754481344 subm_beg 1 0
1615456001840257 133811754481344 subm_end 1 0
1615456001840637 133811754481344 pump_beg 1 0
1615456004130653 133811746088640 emit_end 654 0
1615456017197583 133811754481344 pump_end 1 2
1615456017198973 133811754481344 join_beg 1 0
1615456017200033 133811754481344 join_end 0 0
1615456020154105 133811754481344 coll_beg 0 0
1615456029447234 133811754481344 coll_end 0 0
1615456032042218 133811754481344 drain_beg 0 0
1615456032044348 133811754481344 drain_end 1 0
1615456032045558 133811754481344 subm_beg 1 0
1615456032062468 133811746088640 emit_beg 655 0
1615456035770751 133811754481344 subm_end 1 0
1615456035772471 133811754481344 pump_beg 1 0
1615456041584528 133811746088640 emit_end 655 0
1615456051872910 133811754481344 pump_end 1 2
1615456051873660 133811754481344 join_beg 1 0
1615456051874130 133811754481344 join_end 0 0
1615456055481928 133811754481344 coll_beg 0 0
1615456062734292 133811754481344 coll_end 0 0
1615456065400984 133811754481344 drain_beg 0 0
1615456065401524 133811754481344 drain_end 1 0
1615456065401834 133811754481344 subm_beg 1 0
1615456065424993 133811746088640 emit_beg 656 0
1615456068958883 133811754481344 subm_end 1 0
1615456068959313 133811754481344 pump_beg 1 0
1615456074741751 133811746088640 emit_end 656 0
1615456084818251 133811754481344 pump_end 1 2
1615456084819121 133811754481344 join_beg 1 0
1615456084819691 133811754481344 join_end 0 0
1615456086659963 133811754481344 coll_beg 0 0
1615456093930507 133811754481344 coll_end 0 0
1615456095728350 133811746088640 emit_beg 657 0
1615456097606552 133811754481344 drain_beg 0 0
1615456097607371 133811754481344 drain_end 1 0
1615456097607741 133811754481344 subm_beg 1 0
1615456102984544 133811754481344 subm_end 1 0
1615456102984984 133811754481344 pump_beg 1 0
1615456105027659 133811746088640 emit_end 657 0
1615456118706377 133811754481344 pump_end 1 2
1615456118707457 133811754481344 join_beg 1 0
1615456118707747 133811754481344 join_end 0 0
1615456121132938 133811754481344 coll_beg 0 0
1615456128814986 133811754481344 coll_end 0 0
1615456130975617 133811754481344 drain_beg 0 0
1615456130976397 133811754481344 drain_end 1 0
1615456130976817 133811754481344 subm_beg 1 0
1615456130999256 133811746088640 emit_beg 658 0
1615456134610963 133811754481344 subm_end 1 0
1615456134611313 133811754481344 pump_beg 1 0
1615456140318524 133811746088640 emit_end 658 0
1615456150291488 133811754481344 pump_end 1 2
1615456150292228 133811754481344 join_beg 1 0
1615456150292988 133811754481344 join_end 0 0
1615456152139050 133811754481344 coll_beg 0 0
1615456160140156 133811754481344 coll_end 0 0
1615456165579526 133811754481344 drain_beg 0 0
1615456165581296 133811754481344 drain_end 1 0
1615456165582226 133811754481344 subm_beg 1 0
1615456165601355 133811746088640 emit_beg 659 0
1615456169271871 133811754481344 subm_end 1 0
1615456169273291 133811754481344 pump_beg 1 0
1615456175086787 133811746088640 emit_end 659 0
1615456186177870 133811754481344 pump_end 1 2
1615456186178450 133811754481344 join_beg 1 0
1615456186178940 133811754481344 join_end 0 0
1615456188392789 133811754481344 coll_beg 0 0
1615456197089270 133811754481344 coll_end 0 0
1615456200392798 133811754481344 drain_beg 0 0
1615456200393228 133811754481344 drain_end 1 0
1615456200393508 133811754481344 subm_beg 1 0
1615456200417077 133811746088640 emit_beg 660 0
1615456202227801 133811754481344 subm_end 1 0
1615456202228131 133811754481344 pump_beg 1 0
1615456209958057 133811746088640 emit_end 660 0
1615456219581624 133811754481344 pump_end 1 2
1615456219583614 133811754481344 join_beg 1 0
1615456219584534 133811754481344 join_end 0 0
1615456221460485 133811754481344 coll_beg 0 0
1615456231700279 133811754481344 coll_end 0 0
1615456234226226 133811754481344 drain_beg 0 0
1615456234230016 133811754481344 drain_end 1 0
1615456234231376 133811754481344 subm_beg 1 0
1615456234232976 133811746088640 emit_beg 661 0
1615456237934380 133811754481344 subm_end 1 0
1615456237943150 133811754481344 pump_beg 1 0
1615456243777586 133811746088640 emit_end 661 0
1615456254981604 133811754481344 pump_end 1 2
1615456254983304 133811754481344 join_beg 1 0
1615456254984734 133811754481344 join_end 0 0
1615456256813047 133811754481344 coll_beg 0 0
1615456266378206 133811754481344 coll_end 0 0
1615456269649096 133811754481344 drain_beg 0 0
1615456269651256 133811754481344 drain_end 1 0
1615456269652426 133811754481344 subm_beg 1 0
1615456269654616 133811746088640 emit_beg 662 0
1615456273143748 133811754481344 subm_end 1 0
1615456273146048 133811754481344 pump_beg 1 0
1615456278972954 133811746088640 emit_end 662 0
1615456289440240 133811754481344 pump_end 1 2
1615456289441270 133811754481344 join_beg 1 0
1615456289441890 133811754481344 join_end 0 0
1615456291180476 133811754481344 coll_beg 0 0
1615456300305141 133811754481344 coll_end 0 0
1615456302572007 133811754481344 drain_beg 0 0
1615456302572757 133811754481344 drain_end 1 0
1615456302573177 133811754481344 subm_beg 1 0
1615456302583977 133811746088640 emit_beg 663 0
1615456306007071 133811754481344 subm_end 1 0
1615456306007621 133811754481344 pump_beg 1 0
1615456311437172 133811746088640 emit_end 663 0
1615456321946706 133811754481344 pump_end 1 2
1615456321947506 133811754481344 join_beg 1 0
1615456321947916 133811754481344 join_end 0 0
1615456323670473 133811754481344 coll_beg 0 0
1615456331959939 133811754481344 coll_end 0 0
1615456334878202 133811754481344 drain_beg 0 0
1615456334880581 133811754481344 drain_end 1 0
1615456334881821 133811754481344 subm_beg 1 0
1615456334897331 133811746088640 emit_beg 664 0
1615456338310246 133811754481344 subm_end 1 0
1615456338312145 133811754481344 pump_beg 1 0
1615456343676169 133811746088640 emit_end 664 0
1615456354503531 133811754481344 pump_end 1 2
1615456354505211 133811754481344 join_beg 1 0
1615456354506071 133811754481344 join_end 0 0
1615456356344354 133811754481344 coll_beg 0 0
1615456364272802 133811754481344 coll_end 0 0
1615456367508654 133811754481344 drain_beg 0 0
1615456367509254 133811754481344 drain_end 1 0
1615456367509844 133811754481344 subm_beg 1 0
1615456367534483 133811746088640 emit_beg 665 0
1615456370967047 133811754481344 subm_end 1 0
1615456370967607 133811754481344 pump_beg 1 0
1615456376685237 133811746088640 emit_end 665 0
1615456387154552 133811754481344 pump_end 1 2
1615456387157802 133811754481344 join_beg 1 0
1615456387159182 133811754481344 join_end 0 0
1615456389063633 133811754481344 coll_beg 0 0
1615456396464991 133811754481344 coll_end 0 0
1615456398191637 133811746088640 emit_beg 666 0
1615456399937973 133811754481344 drain_beg 0 0
1615456399938623 133811754481344 drain_end 1 0
1615456399939073 133811754481344 subm_beg 1 0
1615456405073595 133811754481344 subm_end 1 0
1615456405073915 133811754481344 pump_beg 1 0
1615456407108270 133811746088640 emit_end 666 0
1615456421633317 133811754481344 pump_end 1 2
1615456421634867 133811754481344 join_beg 1 0
1615456421635827 133811754481344 join_end 0 0
1615456423451860 133811754481344 coll_beg 0 0
1615456431596651 133811754481344 coll_end 0 0
1615456434976717 133811754481344 drain_beg 0 0
1615456434977947 133811754481344 drain_end 1 0
1615456434978597 133811754481344 subm_beg 1 0
1615456435001016 133811746088640 emit_beg 667 0
1615456438507687 133811754481344 subm_end 1 0
1615456438508167 133811754481344 pump_beg 1 0
1615456444108802 133811746088640 emit_end 667 0
1615456455617849 133811754481344 pump_end 1 2
1615456455618569 133811754481344 join_beg 1 0
1615456455619269 133811754481344 join_end 0 0
1615456457987382 133811754481344 coll_beg 0 0
1615456469359985 133811754481344 coll_end 0 0
1615456471193298 133811754481344 drain_beg 0 0
1615456471195428 133811754481344 drain_end 1 0
1615456471196698 133811754481344 subm_beg 1 0
1615456471214297 133811746088640 emit_beg 668 0
1615456472976042 133811754481344 subm_end 1 0
1615456472976492 133811754481344 pump_beg 1 0
1615456480757456 133811746088640 emit_end 668 0
1615456488940566 133811754481344 pump_end 1 2
1615456488942896 133811754481344 join_beg 1 0
1615456488956505 133811754481344 join_end 0 0
1615456490802058 133811754481344 coll_beg 0 0
1615456498170477 133811754481344 coll_end 0 0
1615456499928883 133811746088640 emit_beg 669 0
1615456501680168 133811754481344 drain_beg 0 0
1615456501680738 133811754481344 drain_end 1 0
1615456501681158 133811754481344 subm_beg 1 0
1615456506822780 133811754481344 subm_end 1 0
1615456506823190 133811754481344 pump_beg 1 0
1615456508837426 133811746088640 emit_end 669 0
1615456523793077 133811754481344 pump_end 1 2
1615456523794937 133811754481344 join_beg 1 0
1615456523796077 133811754481344 join_end 0 0
1615456526582854 133811754481344 coll_beg 0 0
1615456536084815 133811754481344 coll_end 0 0
1615456537947857 133811754481344 drain_beg 0 0
1615456537949857 133811754481344 drain_end 1 0
1615456537951077 133811754481344 subm_beg 1 0
1615456537968786 133811746088640 emit_beg 670 0
1615456541396850 133811754481344 subm_end 1 0
1615456541397400 133811754481344 pump_beg 1 0
1615456546920018 133811746088640 emit_end 670 0
1615456557656464 133811754481344 pump_end 1 2
1615456557658604 133811754481344 join_beg 1 0
1615456557659334 133811754481344 join_end 0 0
1615456560728251 133811754481344 coll_beg 0 0
1615456572771989 133811754481344 coll_end 0 0
1615456574574433 133811754481344 drain_beg 0 0
1615456574576363 133811754481344 drain_end 1 0
1615456574577522 133811754481344 subm_beg 1 0
1615456574594222 133811746088640 emit_beg 671 0
1615456578006117 133811754481344 subm_end 1 0
1615456578006547 133811754481344 pump_beg 1 0
1615456583653389 133811746088640 emit_end 671 0
1615456594800410 133811754481344 pump_end 1 2
1615456594801450 133811754481344 join_beg 1 0
1615456594802450 133811754481344 join_end 0 0
1615456597189092 133811754481344 coll_beg 0 0
1615456606258879 133811754481344 coll_end 0 0
1615456608431590 133811754481344 drain_beg 0 0
1615456608432350 133811754481344 drain_end 1 0
1615456608432720 133811754481344 subm_beg 1 0
1615456608435089 133811746088640 emit_beg 672 0
1615456613706616 133811754481344 subm_end 1 0
1615456613706986 133811754481344 pump_beg 1 0
1615456617538625 133811746088640 emit_end 672 0
1615456629803685 133811754481344 pump_end 1 2
1615456629804295 133811754481344 join_beg 1 0
1615456629805185 133811754481344 join_end 0 0
1615456633098424 133811754481344 coll_beg 0 0
1615456640523762 133811754481344 coll_end 0 0
1615456642610515 133811754481344 drain_beg 0 0
1615456642611205 133811754481344 drain_end 1 0
1615456642611535 133811754481344 subm_beg 1 0
1615456642636484 133811746088640 emit_beg 673 0
1615456646143855 133811754481344 subm_end 1 0
1615456646144475 133811754481344 pump_beg 1 0
1615456651970142 133811746088640 emit_end 673 0
1615456662246184 133811754481344 pump_end 1 2
1615456662250534 133811754481344 join_beg 1 0
1615456662252374 133811754481344 join_end 0 0
1615456665160577 133811754481344 coll_beg 0 0
1615456673002329 133811754481344 coll_end 0 0
1615456675117062 133811754481344 drain_beg 0 0
1615456675117432 133811754481344 drain_end 1 0
1615456675117972 133811754481344 subm_beg 1 0
1615456675141911 133811746088640 emit_beg 674 0
1615456678743499 133811754481344 subm_end 1 0
1615456678743829 133811754481344 pump_beg 1 0
1615456684727389 133811746088640 emit_end 674 0
1615456694851397 133811754481344 pump_end 1 2
1615456694852327 133811754481344 join_beg 1 0
1615456694853327 133811754481344 join_end 0 0
1615456696806986 133811754481344 coll_beg 0 0
1615456705628472 133811754481344 coll_end 0 0
1615456708782026 133811754481344 drain_beg 0 0
1615456708782706 133811754481344 drain_end 1 0
1615456708783096 133811754481344 subm_beg 1 0
1615456708808895 133811746088640 emit_beg 675 0
1615456712470881 133811754481344 subm_end 1 0
1615456712471191 133811754481344 pump_beg 1 0
1615456724798678 133811746088640 emit_end 675 0
1615456727743730 133811754481344 pump_end 1 2
1615456727744260 133811754481344 join_beg 1 0
1615456727744540 133811754481344 join_end 0 0
1615456736118982 133811754481344 coll_beg 0 0
1615456744953708 133811754481344 coll_end 0 0
1615456750912669 133811746088640 emit_beg 676 0
1615456774612509 133811746088640 emit_end 676 0
1615456818188330 133811754481344 drain_beg 0 0
1615456818190590 133811754481344 drain_end 1 0
1615456818191720 133811754481344 subm_beg 1 0
1615456826793174 133811754481344 subm_end 1 0
1615456826794904 133811754481344 pump_beg 1 0
1615456843440363 133811754481344 pump_end 1 2
1615456843441473 133811754481344 join_beg 1 0
1615456843442193 133811754481344 join_end 0 0
1615456846787480 133811754481344 coll_beg 0 0
1615456855619736 133811754481344 coll_end 0 0
1615456858980682 133811754481344 drain_beg 0 0
1615456858982712 133811754481344 drain_end 1 0
1615456858983902 133811754481344 subm_beg 1 0
1615456859001122 133811746088640 emit_beg 677 0
1615456862734814 133811754481344 subm_end 1 0
1615456862735204 133811754481344 pump_beg 1 0
1615456876709562 133811746088640 emit_end 677 0
1615456880627698 133811754481344 pump_end 1 2
1615456880628788 133811754481344 join_beg 1 0
1615456880629748 133811754481344 join_end 0 0
1615456883660626 133811754481344 coll_beg 0 0
1615456892620328 133811754481344 coll_end 0 0
1615456896514495 133811754481344 drain_beg 0 0
1615456896515934 133811754481344 drain_end 1 0
1615456896517124 133811754481344 subm_beg 1 0
1615456896523784 133811746088640 emit_beg 678 0
1615456902662949 133811754481344 subm_end 1 0
1615456902663299 133811754481344 pump_beg 1 0
1615456913173853 133811746088640 emit_end 678 0
1615456919809949 133811754481344 pump_end 1 2
1615456919811329 133811754481344 join_beg 1 0
1615456919812129 133811754481344 join_end 0 0
1615456923630299 133811754481344 coll_beg 0 0
1615456931575097 133811754481344 coll_end 0 0
1615456935008711 133811746088640 emit_beg 679 0
1615456944004361 133811746088640 emit_end 679 0
1615456984422447 133811754481344 drain_beg 0 0
1615456984425317 133811754481344 drain_end 1 0
1615456984426677 133811754481344 subm_beg 1 0
1615456991962251 133811754481344 subm_end 1 0
1615456991964421 133811754481344 pump_beg 1 0
1615457008897219 133811754481344 pump_end 1 2
1615457008900369 133811754481344 join_beg 1 0
1615457008901619 133811754481344 join_end 0 0
1615457014235183 133811754481344 coll_beg 0 0
1615457022907785 133811754481344 coll_end 0 0
1615457026567360 133811754481344 drain_beg 0 0
1615457026568160 133811754481344 drain_end 1 0
1615457026568530 133811754481344 subm_beg 1 0
1615457026578040 133811746088640 emit_beg 680 0
1615457030268914 133811754481344 subm_end 1 0
1615457030269304 133811754481344 pump_beg 1 0
1615457041495442 133811746088640 emit_end 680 0
1615457047905397 133811754481344 pump_end 1 2
1615457047908467 133811754481344 join_beg 1 0
1615457047910077 133811754481344 join_end 0 0
1615457051063681 133811754481344 coll_beg 0 0
1615457058776598 133811754481344 coll_end 0 0
1615457063671648 133811746088640 emit_beg 681 0
1615457079123461 133811746088640 emit_end 681 0
1615457107012737 133811754481344 drain_beg 0 0
1615457107017287 133811754481344 drain_end 1 0
1615457107019097 133811754481344 subm_beg 1 0
1615457116830227 133811754481344 subm_end 1 0
1615457116832177 133811754481344 pump_beg 1 0
1615457133852882 133811754481344 pump_end 1 2
1615457133854932 133811754481344 join_beg 1 0
1615457133856172 133811754481344 join_end 0 0
1615457137654863 133811754481344 coll_beg 0 0
1615457145571962 133811754481344 coll_end 0 0
1615457148744105 133811754481344 drain_beg 0 0
1615457148744885 133811754481344 drain_end 1 0
1615457148745935 133811754481344 subm_beg 1 0
1615457148766005 133811746088640 emit_beg 682 0
1615457151814083 133811754481344 subm_end 1 0
1615457151814543 133811754481344 pump_beg 1 0
1615457161248236 133811746088640 emit_end 682 0
1615457168387084 133811754481344 pump_end 1 2
1615457168387684 133811754481344 join_beg 1 0
1615457168388154 133811754481344 join_end 0 0
1615457171908715 133811754481344 coll_beg 0 0
1615457179421099 133811754481344 coll_end 0 0
1615457185881112 133811746088640 emit_beg 683 0
1615457203503015 133811746088640 emit_end 683 0
1615457236991826 133811754481344 drain_beg 0 0
1615457236994616 133811754481344 drain_end 1 0
1615457236995976 133811754481344 subm_beg 1 0
1615457248723365 133811754481344 subm_end 1 0
1615457248725815 133811754481344 pump_beg 1 0
1615457264782686 133811754481344 pump_end 1 2
1615457264784206 133811754481344 join_beg 1 0
1615457264785546 133811754481344 join_end 0 0
1615457268219880 133811754481344 coll_beg 0 0
1615457276930000 133811754481344 coll_end 0 0
1615457280262908 133811754481344 drain_beg 0 0
1615457280263847 133811754481344 drain_end 1 0
1615457280264367 133811754481344 subm_beg 1 0
1615457280289177 133811746088640 emit_beg 684 0
1615457283459010 133811754481344 subm_end 1 0
1615457283459410 133811754481344 pump_beg 1 0
1615457293661746 133811746088640 emit_end 684 0
1615457299981874 133811754481344 pump_end 1 2
1615457299982324 133811754481344 join_beg 1 0
1615457299982814 133811754481344 join_end 0 0
1615457302235221 133811754481344 coll_beg 0 0
1615457310390032 133811754481344 coll_end 0 0
1615457313766738 133811754481344 drain_beg 0 0
1615457313767397 133811754481344 drain_end 1 0
1615457313768247 133811754481344 subm_beg 1 0
1615457313790007 133811746088640 emit_beg 685 0
1615457320517210 133811754481344 subm_end 1 0
1615457320517590 133811754481344 pump_beg 1 0
1615457331223197 133811746088640 emit_end 685 0
1615457337142670 133811754481344 pump_end 1 2
1615457337143570 133811754481344 join_beg 1 0
1615457337143840 133811754481344 join_end 0 0
1615457341576267 133811754481344 coll_beg 0 0
1615457349886202 133811754481344 coll_end 0 0
1615457355674769 133811746088640 emit_beg 686 0
1615457365667232 133811746088640 emit_end 686 0
1615457399296748 133811754481344 drain_beg 0 0
1615457399302488 133811754481344 drain_end 1 0
1615457399304258 133811754481344 subm_beg 1 0
1615457403923748 133811754481344 subm_end 1 0
1615457403927608 133811754481344 pump_beg 1 0
1615457419726718 133811754481344 pump_end 1 2
1615457419728948 133811754481344 join_beg 1 0
1615457419730108 133811754481344 join_end 0 0
1615457421467884 133811754481344 coll_beg 0 0
1615457428967089 133811754481344 coll_end 0 0
1615457431197077 133811754481344 drain_beg 0 0
1615457431199397 133811754481344 drain_end 1 0
1615457431201067 133811754481344 subm_beg 1 0
1615457431220326 133811746088640 emit_beg 687 0
1615457433125486 133811754481344 subm_end 1 0
1615457433127126 133811754481344 pump_beg 1 0
1615457440583902 133811746088640 emit_end 687 0
1615457449276753 133811754481344 pump_end 1 2
1615457449277293 133811754481344 join_beg 1 0
1615457449277733 133811754481344 join_end 0 0
1615457451027989 133811754481344 coll_beg 0 0
1615457458439827 133811754481344 coll_end 0 0
1615457460150964 133811746088640 emit_beg 688 0
1615457461774754 133811754481344 drain_beg 0 0
1615457461775344 133811754481344 drain_end 1 0
1615457461775844 133811754481344 subm_beg 1 0
1615457466834429 133811754481344 subm_end 1 0
1615457466834769 133811754481344 pump_beg 1 0
1615457469056487 133811746088640 emit_end 688 0
1615457483204638 133811754481344 pump_end 1 2
1615457483205138 133811754481344 join_beg 1 0
1615457483205458 133811754481344 join_end 0 0
1615457485269522 133811754481344 coll_beg 0 0
1615457492550505 133811754481344 coll_end 0 0
1615457494447865 133811746088640 emit_beg 689 0
1615457496086605 133811754481344 drain_beg 0 0
1615457496087575 133811754481344 drain_end 1 0
1615457496088095 133811754481344 subm_beg 1 0
1615457501227246 133811754481344 subm_end 1 0
1615457501227696 133811754481344 pump_beg 1 0
1615457504815354 133811746088640 emit_end 689 0
1615457517730000 133811754481344 pump_end 1 2
1615457517731170 133811754481344 join_beg 1 0
1615457517731690 133811754481344 join_end 0 0
1615457520250828 133811754481344 coll_beg 0 0
1615457529302385 133811754481344 coll_end 0 0
1615457531221925 133811754481344 drain_beg 0 0
1615457531222925 133811754481344 drain_end 1 0
1615457531223415 133811754481344 subm_beg 1 0
1615457531226535 133811746088640 emit_beg 690 0
1615457536359567 133811754481344 subm_end 1 0
1615457536360017 133811754481344 pump_beg 1 0
1615457540266553 133811746088640 emit_end 690 0
1615457552605020 133811754481344 pump_end 1 2
1615457552606590 133811754481344 join_beg 1 0
1615457552615750 133811754481344 join_end 0 0
1615457555154346 133811754481344 coll_beg 0 0
1615457566593707 133811754481344 coll_end 0 0
1615457568329113 133811754481344 drain_beg 0 0
1615457568329653 133811754481344 drain_end 1 0
1615457568330063 133811754481344 subm_beg 1 0
1615457568334093 133811746088640 emit_beg 691 0
1615457571774176 133811754481344 subm_end 1 0
1615457571774946 133811754481344 pump_beg 1 0
1615457577425689 133811746088640 emit_end 691 0
1615457587949813 133811754481344 pump_end 1 2
1615457587957122 133811754481344 join_beg 1 0
1615457587959012 133811754481344 join_end 0 0
1615457589858383 133811754481344 coll_beg 0 0
1615457599135672 133811754481344 coll_end 0 0
1615457600841359 133811754481344 drain_beg 0 0
1615457600842059 133811754481344 drain_end 1 0
1615457600842779 133811754481344 subm_beg 1 0
1615457600866619 133811746088640 emit_beg 692 0
1615457605981231 133811754481344 subm_end 1 0
1615457605983141 133811754481344 pump_beg 1 0
1615457611377943 133811746088640 emit_end 692 0
1615457622780454 133811754481344 pump_end 1 2
1615457622784994 133811754481344 join_beg 1 0
1615457622786094 133811754481344 join_end 0 0
1615457624652705 133811754481344 coll_beg 0 0
1615457634290511 133811754481344 coll_end 0 0
1615457637354069 133811754481344 drain_beg 0 0
1615457637354749 133811754481344 drain_end 1 0
1615457637355639 133811754481344 subm_beg 1 0
1615457637373878 133811746088640 emit_beg 693 0
1615457639166253 133811754481344 subm_end 1 0
1615457639166823 133811754481344 pump_beg 1 0
1615457644677290 133811746088640 emit_end 693 0
1615457656550754 133811754481344 pump_end 1 2
1615457656554394 133811754481344 join_beg 1 0
1615457656555764 133811754481344 join_end 0 0
1615457658339609 133811754481344 coll_beg 0 0
1615457668250145 133811754481344 coll_end 0 0
1615457671088181 133811754481344 drain_beg 0 0
1615457671089101 133811754481344 drain_end 1 0
1615457671089901 133811754481344 subm_beg 1 0
1615457671115750 133811746088640 emit_beg 694 0
1615457672823647 133811754481344 subm_end 1 0
1615457672824087 133811754481344 pump_beg 1 0
1615457678582416 133811746088640 emit_end 694 0
1615457690228478 133811754481344 pump_end 1 2
1615457690231308 133811754481344 join_beg 1 0
1615457690232598 133811754481344 join_end 0 0
1615457692103029 133811754481344 coll_beg 0 0
1615457701892200 133811754481344 coll_end 0 0
1615457704879640 133811754481344 drain_beg 0 0
1615457704880970 133811754481344 drain_end 1 0
1615457704881670 133811754481344 subm_beg 1 0
1615457704892250 133811746088640 emit_beg 695 0
1615457706583448 133811754481344 subm_end 1 0
1615457706583858 133811754481344 pump_beg 1 0
1615457712223571 133811746088640 emit_end 695 0
1615457723359502 133811754481344 pump_end 1 2
1615457723361282 133811754481344 join_beg 1 0
1615457723361822 133811754481344 join_end 0 0
1615457725078069 133811754481344 coll_beg 0 0
1615457733649784 133811754481344 coll_end 0 0
1615457736117503 133811746088640 emit_beg 696 0
1615457743808681 133811746088640 emit_end 696 0
1615457764149845 133811754481344 drain_beg 0 0
1615457764151854 133811754481344 drain_end 1 0
1615457764152814 133811754481344 subm_beg 1 0
1615457767443754 133811754481344 subm_end 1 0
1615457767444414 133811754481344 pump_beg 1 0
1615457783655209 133811754481344 pump_end 1 2
1615457783659368 133811754481344 join_beg 1 0
1615457783660978 133811754481344 join_end 0 0
1615457785647485 133811754481344 coll_beg 0 0
1615457793117461 133811754481344 coll_end 0 0
1615457795172716 133811754481344 drain_beg 0 0
1615457795174806 133811754481344 drain_end 1 0
1615457795175936 133811754481344 subm_beg 1 0
1615457795197515 133811746088640 emit_beg 697 0
1615457798717726 133811754481344 subm_end 1 0
1615457798719126 133811754481344 pump_beg 1 0
1615457804522492 133811746088640 emit_end 697 0
1615457814703739 133811754481344 pump_end 1 2
1615457814707149 133811754481344 join_beg 1 0
1615457814709058 133811754481344 join_end 0 0
1615457817917781 133811754481344 coll_beg 0 0
1615457824880485 133811754481344 coll_end 0 0
1615457827556227 133811754481344 drain_beg 0 0
1615457827567777 133811754481344 drain_end 1 0
1615457827568576 133811754481344 subm_beg 1 0
1615457827576816 133811746088640 emit_beg 698 0
1615457831145655 133811754481344 subm_end 1 0
1615457831146765 133811754481344 pump_beg 1 0
1615457837046328 133811746088640 emit_end 698 0
1615457846451883 133811754481344 pump_end 1 2
1615457846454123 133811754481344 join_beg 1 0
1615457846454763 133811754481344 join_end 0 0
1615457848457620 133811754481344 coll_beg 0 0
1615457854716970 133811754481344 coll_end 0 0
1615457857372902 133811746088640 emit_beg 699 0
1615457859117698 133811754481344 drain_beg 0 0
1615457859119138 133811754481344 drain_end 1 0
1615457859119928 133811754481344 subm_beg 1 0
1615457864510930 133811754481344 subm_end 1 0
1615457864511550 133811754481344 pump_beg 1 0
1615457868440536 133811746088640 emit_end 699 0
1615457879822738 133811754481344 pump_end 1 2
1615457879824878 133811754481344 join_beg 1 0
1615457879826328 133811754481344 join_end 0 0
1615457883138287 133811754481344 coll_beg 0 0
1615457890786366 133811754481344 coll_end 0 0
1615457892928427 133811754481344 drain_beg 0 0
1615457892930727 133811754481344 drain_end 1 0
1615457892931977 133811754481344 subm_beg 1 0
1615457892945946 133811746088640 emit_beg 700 0
1615457896526775 133811754481344 subm_end 1 0
1615457896527245 133811754481344 pump_beg 1 0
1615457902407359 133811746088640 emit_end 700 0
1615457912048915 133811754481344 pump_end 1 2
1615457912052325 133811754481344 join_beg 1 0
1615457912053345 133811754481344 join_end 0 0
1615457914015643 133811754481344 coll_beg 0 0
1615457923524834 133811754481344 coll_end 0 0
1615457925849519 133811754481344 drain_beg 0 0
1615457925852159 133811754481344 drain_end 1 0
1615457925853759 133811754481344 subm_beg 1 0
1615457925854909 133811746088640 emit_beg 701 0
1615457929431967 133811754481344 subm_end 1 0
1615457929432687 133811754481344 pump_beg 1 0
1615457935240474 133811746088640 emit_end 701 0
1615457944713086 133811754481344 pump_end 1 2
1615457944713786 133811754481344 join_beg 1 0
1615457944714146 133811754481344 join_end 0 0
1615457946557249 133811754481344 coll_beg 0 0
1615457956887959 133811754481344 coll_end 0 0
1615457959511463 133811754481344 drain_beg 0 0
1615457959511943 133811754481344 drain_end 1 0
1615457959512333 133811754481344 subm_beg 1 0
1615457959515583 133811746088640 emit_beg 702 0
1615457963022454 133811754481344 subm_end 1 0
1615457963022834 133811754481344 pump_beg 1 0
1615457968619779 133811746088640 emit_end 702 0
1615457978610582 133811754481344 pump_end 1 2
1615457978610992 133811754481344 join_beg 1 0
1615457978611392 133811754481344 join_end 0 0
1615457980486683 133811754481344 coll_beg 0 0
1615457988815477 133811754481344 coll_end 0 0
1615457991995870 133811754481344 drain_beg 0 0
1615457991996830 133811754481344 drain_end 1 0
1615457991997510 133811746088640 emit_beg 703 0
1615457991997720 133811754481344 subm_beg 1 0
1615457997232748 133811754481344 subm_end 1 0
1615457997233238 133811754481344 pump_beg 1 0
1615458001008500 133811746088640 emit_end 703 0
1615458012641233 133811754481344 pump_end 1 2
1615458012644992 133811754481344 join_beg 1 0
1615458012646382 133811754481344 join_end 0 0
1615458014557902 133811754481344 coll_beg 0 0
1615458022191952 133811754481344 coll_end 0 0
1615458024044144 133811746088640 emit_beg 704 0
1615458025885696 133811754481344 drain_beg 0 0
1615458025891376 133811754481344 drain_end 1 0
1615458025893406 133811754481344 subm_beg 1 0
1615458031346736 133811754481344 subm_end 1 0
1615458031350136 133811754481344 pump_beg 1 0
1615458033555415 133811746088640 emit_end 704 0
1615458048178388 133811754481344 pump_end 1 2
1615458048179868 133811754481344 join_beg 1 0
1615458048180658 133811754481344 join_end 0 0
1615458051026924 133811754481344 coll_beg 0 0
1615458060409449 133811754481344 coll_end 0 0
1615458062515832 133811754481344 drain_beg 0 0
1615458062516342 133811754481344 drain_end 1 0
1615458062516752 133811754481344 subm_beg 1 0
1615458062521372 133811746088640 emit_beg 705 0
1615458066103810 133811754481344 subm_end 1 0
1615458066108590 133811754481344 pump_beg 1 0
1615458071826380 133811746088640 emit_end 705 0
1615458083758712 133811754481344 pump_end 1 2
1615458083760702 133811754481344 join_beg 1 0
1615458083761672 133811754481344 join_end 0 0
1615458085723430 133811754481344 coll_beg 0 0
1615458098078116 133811754481344 coll_end 0 0
1615458099981317 133811754481344 drain_beg 0 0
1615458099983317 133811754481344 drain_end 1 0
1615458099984666 133811754481344 subm_beg 1 0
1615458099989696 133811746088640 emit_beg 706 0
1615458103670021 133811754481344 subm_end 1 0
1615458103671831 133811754481344 pump_beg 1 0
1615458109581334 133811746088640 emit_end 706 0
1615458122153183 133811754481344 pump_end 1 2
1615458122156013 133811754481344 join_beg 1 0
1615458122157862 133811754481344 join_end 0 0
1615458124461968 133811754481344 coll_beg 0 0
1615458135364388 133811754481344 coll_end 0 0
1615458137230049 133811754481344 drain_beg 0 0
1615458137231879 133811754481344 drain_end 1 0
1615458137232959 133811754481344 subm_beg 1 0
1615458137252238 133811746088640 emit_beg 707 0
1615458140788539 133811754481344 subm_end 1 0
1615458140789299 133811754481344 pump_beg 1 0
1615458146880505 133811746088640 emit_end 707 0
1615458157600381 133811754481344 pump_end 1 2
1615458157601011 133811754481344 join_beg 1 0
1615458157601691 133811754481344 join_end 0 0
1615458159414775 133811754481344 coll_beg 0 0
1615458167240058 133811754481344 coll_end 0 0
1615458169111109 133811746088640 emit_beg 708 0
1615458170877424 133811754481344 drain_beg 0 0
1615458170877944 133811754481344 drain_end 1 0
1615458170878314 133811754481344 subm_beg 1 0
1615458176364113 133811754481344 subm_end 1 0
1615458176364432 133811754481344 pump_beg 1 0
1615458178582541 133811746088640 emit_end 708 0
1615458192518000 133811754481344 pump_end 1 2
1615458192518930 133811754481344 join_beg 1 0
1615458192519919 133811754481344 join_end 0 0
1615458195035467 133811754481344 coll_beg 0 0
1615458202760864 133811754481344 coll_end 0 0
1615458204708692 133811754481344 drain_beg 0 0
1615458204709282 133811754481344 drain_end 1 0
1615458204709562 133811754481344 subm_beg 1 0
1615458204733471 133811746088640 emit_beg 709 0
1615458208242772 133811754481344 subm_end 1 0
1615458208243192 133811754481344 pump_beg 1 0
1615458214086618 133811746088640 emit_end 709 0
1615458224680499 133811754481344 pump_end 1 2
1615458224683309 133811754481344 join_beg 1 0
1615458224684689 133811754481344 join_end 0 0
1615458226671636 133811754481344 coll_beg 0 0
1615458237159741 133811754481344 coll_end 0 0
1615458239348760 133811754481344 drain_beg 0 0
1615458239349350 133811754481344 drain_end 1 0
1615458239349750 133811754481344 subm_beg 1 0
1615458239355870 133811746088640 emit_beg 710 0
1615458242873481 133811754481344 subm_end 1 0
1615458242873941 133811754481344 pump_beg 1 0
1615458248372339 133811746088640 emit_end 710 0
1615458259040198 133811754481344 pump_end 1 2
1615458259042407 133811754481344 join_beg 1 0
1615458259043907 133811754481344 join_end 0 0
1615458260799673 133811754481344 coll_beg 0 0
1615458268198351 133811754481344 coll_end 0 0
1615458269938808 133811746088640 emit_beg 711 0
1615458271635845 133811754481344 drain_beg 0 0
1615458271640415 133811754481344 drain_end 1 0
1615458271641655 133811754481344 subm_beg 1 0
1615458276807935 133811754481344 subm_end 1 0
1615458276812195 133811754481344 pump_beg 1 0
1615458278726675 133811746088640 emit_end 711 0
1615458293604079 133811754481344 pump_end 1 2
1615458293605379 133811754481344 join_beg 1 0
1615458293606069 133811754481344 join_end 0 0
1615458296037519 133811754481344 coll_beg 0 0
1615458305327818 133811754481344 coll_end 0 0
1615458307110113 133811754481344 drain_beg 0 0
1615458307110753 133811754481344 drain_end 1 0
1615458307111353 133811754481344 subm_beg 1 0
1615458307115493 133811746088640 emit_beg 712 0
1615458310465550 133811754481344 subm_end 1 0
1615458310465920 133811754481344 pump_beg 1 0
1615458315928339 133811746088640 emit_end 712 0
1615458326454153 133811754481344 pump_end 1 2
1615458326455723 133811754481344 join_beg 1 0
1615458326460303 133811754481344 join_end 0 0
1615458328260367 133811754481344 coll_beg 0 0
1615458336991616 133811754481344 coll_end 0 0
1615458339275092 133811754481344 drain_beg 0 0
1615458339276152 133811754481344 drain_end 1 0
1615458339276502 133811754481344 subm_beg 1 0
1615458339277762 133811746088640 emit_beg 713 0
1615458342676987 133811754481344 subm_end 1 0
1615458342677317 133811754481344 pump_beg 1 0
1615458348017071 133811746088640 emit_end 713 0
1615458357863040 133811754481344 pump_end 1 2
1615458357865700 133811754481344 join_beg 1 0
1615458357866590 133811754481344 join_end 0 0
1615458359798279 133811754481344 coll_beg 0 0
1615458367346102 133811754481344 coll_end 0 0
1615458369910578 133811746088640 emit_beg 714 0
1615458371636914 133811754481344 drain_beg 0 0
1615458371640494 133811754481344 drain_end 1 0
1615458371641784 133811754481344 subm_beg 1 0
1615458376741787 133811754481344 subm_end 1 0
1615458376743777 133811754481344 pump_beg 1 0
1615458378688835 133811746088640 emit_end 714 0
1615458394282723 133811754481344 pump_end 1 2
1615458394284383 133811754481344 join_beg 1 0
1615458394285133 133811754481344 join_end 0 0
1615458396437254 133811754481344 coll_beg 0 0
1615458405872388 133811754481344 coll_end 0 0
1615458407614944 133811746088640 emit_beg 715 0
1615458407615344 133811754481344 drain_beg 0 0
1615458407619633 133811754481344 drain_end 1 0
1615458407621223 133811754481344 subm_beg 1 0
1615458411078376 133811754481344 subm_end 1 0
1615458411078876 133811754481344 pump_beg 1 0
1615458414894646 133811746088640 emit_end 715 0
1615458427690327 133811754481344 pump_end 1 2
1615458427691857 133811754481344 join_beg 1 0
1615458427692737 133811754481344 join_end 0 0
1615458429446372 133811754481344 coll_beg 0 0
1615458437781326 133811754481344 coll_end 0 0
1615458440427029 133811754481344 drain_beg 0 0
1615458440427649 133811754481344 drain_end 1 0
1615458440428009 133811754481344 subm_beg 1 0
1615458440451888 133811746088640 emit_beg 716 0
1615458443824364 133811754481344 subm_end 1 0
1615458443824794 133811754481344 pump_beg 1 0
1615458449519455 133811746088640 emit_end 716 0
1615458459562887 133811754481344 pump_end 1 2
1615458459563657 133811754481344 join_beg 1 0
1615458459564207 133811754481344 join_end 0 0
1615458461274134 133811754481344 coll_beg 0 0
1615458469354977 133811754481344 coll_end 0 0
1615458472376816 133811754481344 drain_beg 0 0
1615458472377846 133811754481344 drain_end 1 0
1615458472378446 133811754481344 subm_beg 1 0
1615458472382686 133811746088640 emit_beg 717 0
1615458475776141 133811754481344 subm_end 1 0
1615458475776591 133811754481344 pump_beg 1 0
1615458481054708 133811746088640 emit_end 717 0
1615458491528103 133811754481344 pump_end 1 2
1615458491528943 133811754481344 join_beg 1 0
1615458491529683 133811754481344 join_end 0 0
1615458493316728 133811754481344 coll_beg 0 0
1615458500465365 133811754481344 coll_end 0 0
1615458502192552 133811746088640 emit_beg 718 0
1615458503878990 133811754481344 drain_beg 0 0
1615458503879890 133811754481344 drain_end 1 0
1615458503880350 133811754481344 subm_beg 1 0
1615458509018641 133811754481344 subm_end 1 0
1615458509018931 133811754481344 pump_beg 1 0
1615458511050347 133811746088640 emit_end 718 0
1615458525689189 133811754481344 pump_end 1 2
1615458525690009 133811754481344 join_beg 1 0
1615458525690659 133811754481344 join_end 0 0
1615458528694999 133811754481344 coll_beg 0 0
1615458536829020 133811754481344 coll_end 0 0
1615458538601485 133811754481344 drain_beg 0 0
1615458538602135 133811754481344 drain_end 1 0
1615458538602765 133811754481344 subm_beg 1 0
1615458538604405 133811746088640 emit_beg 719 0
1615458543805524 133811754481344 subm_end 1 0
1615458543806124 133811754481344 pump_beg 1 0
1615458547522318 133811746088640 emit_end 719 0
1615458560830549 133811754481344 pump_end 1 2
1615458560834339 133811754481344 join_beg 1 0
1615458560836549 133811754481344 join_end 0 0
1615458563067417 133811754481344 coll_beg 0 0
1615458572210101 133811754481344 coll_end 0 0
1615458574296605 133811754481344 drain_beg 0 0
1615458574303395 133811754481344 drain_end 1 0
1615458574304335 133811754481344 subm_beg 1 0
1615458574299145 133811746088640 emit_beg 720 0
1615458576031091 133811754481344 subm_end 1 0
1615458576031651 133811754481344 pump_beg 1 0
1615458581519840 133811746088640 emit_end 720 0
1615458593282908 133811754481344 pump_end 1 2
1615458593284248 133811754481344 join_beg 1 0
1615458593285848 133811754481344 join_end 0 0
1615458595975989 133811754481344 coll_beg 0 0
1615458605287247 133811754481344 coll_end 0 0
1615458607014674 133811746088640 emit_beg 721 0
1615458607014894 133811754481344 drain_beg 0 0
1615458607021274 133811754481344 drain_end 1 0
1615458607022054 133811754481344 subm_beg 1 0
1615458610471007 133811754481344 subm_end 1 0
1615458610471517 133811754481344 pump_beg 1 0
1615458614380533 133811746088640 emit_end 721 0
1615458626289246 133811754481344 pump_end 1 2
1615458626291046 133811754481344 join_beg 1 0
1615458626292256 133811754481344 join_end 0 0
1615458628178177 133811754481344 coll_beg 0 0
1615458639795230 133811754481344 coll_end 0 0
1615458641742379 133811754481344 drain_beg 0 0
1615458641744359 133811754481344 drain_end 1 0
1615458641745459 133811754481344 subm_beg 1 0
1615458641759418 133811746088640 emit_beg 722 0
1615458645359486 133811754481344 subm_end 1 0
1615458645361306 133811754481344 pump_beg 1 0
1615458651225601 133811746088640 emit_end 722 0
1615458662511177 133811754481344 pump_end 1 2
1615458662511897 133811754481344 join_beg 1 0
1615458662512727 133811754481344 join_end 0 0
1615458665451269 133811754481344 coll_beg 0 0
1615458677204487 133811754481344 coll_end 0 0
1615458679015931 133811754481344 drain_beg 0 0
1615458679016641 133811754481344 drain_end 1 0
1615458679017241 133811754481344 subm_beg 1 0
1615458679039420 133811746088640 emit_beg 723 0
1615458680784686 133811754481344 subm_end 1 0
1615458680785296 133811754481344 pump_beg 1 0
1615458686679599 133811746088640 emit_end 723 0
1615458698538144 133811754481344 pump_end 1 2
1615458698539464 133811754481344 join_beg 1 0
1615458698540334 133811754481344 join_end 0 0
1615458701887351 133811754481344 coll_beg 0 0
1615458715117265 133811754481344 coll_end 0 0
1615458716976417 133811754481344 drain_beg 0 0
1615458716977237 133811754481344 drain_end 1 0
1615458716977927 133811754481344 subm_beg 1 0
1615458717009766 133811746088640 emit_beg 724 0
1615458718777961 133811754481344 subm_end 1 0
1615458718778371 133811754481344 pump_beg 1 0
1615458724673455 133811746088640 emit_end 724 0
1615458735584854 133811754481344 pump_end 1 2
1615458735589464 133811754481344 join_beg 1 0
1615458735591514 133811754481344 join_end 0 0
1615458737514363 133811754481344 coll_beg 0 0
1615458747387151 133811754481344 coll_end 0 0
1615458749272932 133811754481344 drain_beg 0 0
1615458749275092 133811754481344 drain_end 1 0
1615458749276352 133811754481344 subm_beg 1 0
1615458749288891 133811746088640 emit_beg 725 0
1615458752884099 133811754481344 subm_end 1 0
1615458752886369 133811754481344 pump_beg 1 0
1615458758750644 133811746088640 emit_end 725 0
1615458769781949 133811754481344 pump_end 1 2
1615458769784269 133811754481344 join_beg 1 0
1615458769786139 133811754481344 join_end 0 0
1615458771752726 133811754481344 coll_beg 0 0
1615458780150128 133811754481344 coll_end 0 0
1615458783307772 133811754481344 drain_beg 0 0
1615458783310152 133811754481344 drain_end 1 0
1615458783311652 133811754481344 subm_beg 1 0
1615458783331472 133811746088640 emit_beg 726 0
1615458786898221 133811754481344 subm_end 1 0
1615458786898831 133811754481344 pump_beg 1 0
1615458792690518 133811746088640 emit_end 726 0
1615458803677345 133811754481344 pump_end 1 2
1615458803678465 133811754481344 join_beg 1 0
1615458803679465 133811754481344 join_end 0 0
1615458805567805 133811754481344 coll_beg 0 0
1615458813222334 133811754481344 coll_end 0 0
1615458815446233 133811746088640 emit_beg 727 0
1615458817297905 133811754481344 drain_beg 0 0
1615458817298635 133811754481344 drain_end 1 0
1615458817299124 133811754481344 subm_beg 1 0
1615458823070933 133811754481344 subm_end 1 0
1615458823078742 133811754481344 pump_beg 1 0
1615458826905372 133811746088640 emit_end 727 0
1615458840021850 133811754481344 pump_end 1 2
1615458840023320 133811754481344 join_beg 1 0
1615458840024300 133811754481344 join_end 0 0
1615458841965439 133811754481344 coll_beg 0 0
1615458850403159 133811754481344 coll_end 0 0
1615458853991178 133811754481344 drain_beg 0 0
1615458853991988 133811754481344 drain_end 1 0
1615458853992448 133811754481344 subm_beg 1 0
1615458854020207 133811746088640 emit_beg 728 0
1615458857516118 133811754481344 subm_end 1 0
1615458857516538 133811754481344 pump_beg 1 0
1615458863168991 133811746088640 emit_end 728 0
1615458874108749 133811754481344 pump_end 1 2
1615458874109789 133811754481344 join_beg 1 0
1615458874110379 133811754481344 join_end 0 0
1615458875998750 133811754481344 coll_beg 0 0
1615458887187149 133811754481344 coll_end 0 0
1615458889694487 133811754481344 drain_beg 0 0
1615458889695187 133811754481344 drain_end 1 0
1615458889695537 133811754481344 subm_beg 1 0
1615458889716066 133811746088640 emit_beg 729 0
1615458893289055 133811754481344 subm_end 1 0
1615458893289375 133811754481344 pump_beg 1 0
1615458899021915 133811746088640 emit_end 729 0
1615458909401854 133811754481344 pump_end 1 2
1615458909404853 133811754481344 join_beg 1 0
1615458909406113 133811754481344 join_end 0 0
1615458912521779 133811754481344 coll_beg 0 0
1615458921176031 133811754481344 coll_end 0 0
1615458924241479 133811754481344 drain_beg 0 0
1615458924242499 133811754481344 drain_end 1 0
1615458924243229 133811754481344 subm_beg 1 0
1615458924259938 133811746088640 emit_beg 730 0
1615458926019234 133811754481344 subm_end 1 0
1615458926019704 133811754481344 pump_beg 1 0
1615458933587686 133811746088640 emit_end 730 0
1615458942709231 133811754481344 pump_end 1 2
1615458942710151 133811754481344 join_beg 1 0
1615458942710701 133811754481344 join_end 0 0
1615458944503925 133811754481344 coll_beg 0 0
1615458953502505 133811754481344 coll_end 0 0
1615458955396025 133811754481344 drain_beg 0 0
1615458955397995 133811754481344 drain_end 1 0
1615458955399135 133811754481344 subm_beg 1 0
1615458955404185 133811746088640 emit_beg 731 0
1615458959081770 133811754481344 subm_end 1 0
1615458959083590 133811754481344 pump_beg 1 0
1615458964756802 133811746088640 emit_end 731 0
1615458975846934 133811754481344 pump_end 1 2
1615458975847964 133811754481344 join_beg 1 0
1615458975848964 133811754481344 join_end 0 0
1615458977650398 133811754481344 coll_beg 0 0
1615458985408773 133811754481344 coll_end 0 0
1615458988312317 133811746088640 emit_beg 732 0
1615458990102101 133811754481344 drain_beg 0 0
1615458990103021 133811754481344 drain_end 1 0
1615458990103411 133811754481344 subm_beg 1 0
1615458995599919 133811754481344 subm_end 1 0
1615458995600219 133811754481344 pump_beg 1 0
1615458997823178 133811746088640 emit_end 732 0
1615459011865212 133811754481344 pump_end 1 2
1615459011866692 133811754481344 join_beg 1 0
1615459011867812 133811754481344 join_end 0 0
1615459014946369 133811754481344 coll_beg 0 0
1615459022639397 133811754481344 coll_end 0 0
1615459024789978 133811754481344 drain_beg 0 0
1615459024790528 133811754481344 drain_end 1 0
1615459024791058 133811754481344 subm_beg 1 0
1615459024813047 133811746088640 emit_beg 733 0
1615459028358067 133811754481344 subm_end 1 0
1615459028358627 133811754481344 pump_beg 1 0
1615459034102036 133811746088640 emit_end 733 0
1615459044815753 133811754481344 pump_end 1 2
1615459044817493 133811754481344 join_beg 1 0
1615459044818683 133811754481344 join_end 0 0
1615459046628176 133811754481344 coll_beg 0 0
1615459054644052 133811754481344 coll_end 0 0
1615459057657971 133811754481344 drain_beg 0 0
1615459057658631 133811754481344 drain_end 1 0
1615459057658951 133811754481344 subm_beg 1 0
1615459057678520 133811746088640 emit_beg 734 0
1615459061003198 133811754481344 subm_end 1 0
1615459061003728 133811754481344 pump_beg 1 0
1615459066693720 133811746088640 emit_end 734 0
1615459077495573 133811754481344 pump_end 1 2
1615459077496563 133811754481344 join_beg 1 0
1615459077504123 133811754481344 join_end 0 0
1615459079261008 133811754481344 coll_beg 0 0
1615459087133429 133811754481344 coll_end 0 0
1615459088891165 133811746088640 emit_beg 735 0
1615459090606702 133811754481344 drain_beg 0 0
1615459090607432 133811754481344 drain_end 1 0
1615459090607932 133811754481344 subm_beg 1 0
1615459095714994 133811754481344 subm_end 1 0
1615459095715344 133811754481344 pump_beg 1 0
1615459097867835 133811746088640 emit_end 735 0
1615459112256887 133811754481344 pump_end 1 2
1615459112258307 133811754481344 join_beg 1 0
1615459112259427 133811754481344 join_end 0 0
1615459114189456 133811754481344 coll_beg 0 0
1615459125719463 133811754481344 coll_end 0 0
1615459127678091 133811754481344 drain_beg 0 0
1615459127679251 133811754481344 drain_end 1 0
1615459127680181 133811754481344 subm_beg 1 0
1615459127699710 133811746088640 emit_beg 736 0
1615459129403148 133811754481344 subm_end 1 0
1615459129403478 133811754481344 pump_beg 1 0
1615459136542395 133811746088640 emit_end 736 0
1615459145712929 133811754481344 pump_end 1 2
1615459145716989 133811754481344 join_beg 1 0
1615459145718209 133811754481344 join_end 0 0
1615459147542102 133811754481344 coll_beg 0 0
1615459155601376 133811754481344 coll_end 0 0
1615459158616155 133811754481344 drain_beg 0 0
1615459158616175 133811746088640 emit_beg 737 0
1615459158617265 133811754481344 drain_end 1 0
1615459158622635 133811754481344 subm_beg 1 0
1615459163680459 133811754481344 subm_end 1 0
1615459163680899 133811754481344 pump_beg 1 0
1615459167637414 133811746088640 emit_end 737 0
1615459180194813 133811754481344 pump_end 1 2
1615459180196533 133811754481344 join_beg 1 0
1615459180197533 133811754481344 join_end 0 0
1615459181972658 133811754481344 coll_beg 0 0
1615459190258194 133811754481344 coll_end 0 0
1615459193300412 133811754481344 drain_beg 0 0
1615459193300942 133811754481344 drain_end 1 0
1615459193301192 133811754481344 subm_beg 1 0
1615459193327841 133811746088640 emit_beg 738 0
1615459196709887 133811754481344 subm_end 1 0
1615459196710297 133811754481344 pump_beg 1 0
1615459202288212 133811746088640 emit_end 738 0
1615459213351726 133811754481344 pump_end 1 2
1615459213356166 133811754481344 join_beg 1 0
1615459213357576 133811754481344 join_end 0 0
1615459215295445 133811754481344 coll_beg 0 0
1615459224484197 133811754481344 coll_end 0 0
1615459226240023 133811754481344 drain_beg 0 0
1615459226240833 133811754481344 drain_end 1 0
1615459226241363 133811754481344 subm_beg 1 0
1615459226259702 133811746088640 emit_beg 739 0
1615459229706206 133811754481344 subm_end 1 0
1615459229706646 133811754481344 pump_beg 1 0
1615459235041700 133811746088640 emit_end 739 0
1615459245792385 133811754481344 pump_end 1 2
1615459245794055 133811754481344 join_beg 1 0
1615459245794795 133811754481344 join_end 0 0
1615459247627788 133811754481344 coll_beg 0 0
1615459255643023 133811754481344 coll_end 0 0
1615459258722100 133811754481344 drain_beg 0 0
1615459258723300 133811754481344 drain_end 1 0
1615459258723860 133811754481344 subm_beg 1 0
1615459258742770 133811746088640 emit_beg 740 0
1615459262195973 133811754481344 subm_end 1 0
1615459262196583 133811754481344 pump_beg 1 0
1615459267858985 133811746088640 emit_end 740 0
1615459278622510 133811754481344 pump_end 1 2
1615459278624270 133811754481344 join_beg 1 0
1615459278625060 133811754481344 join_end 0 0
1615459280514800 133811754481344 coll_beg 0 0
1615459288610643 133811754481344 coll_end 0 0
1615459291777037 133811754481344 drain_beg 0 0
1615459291779957 133811754481344 drain_end 1 0
1615459291781327 133811754481344 subm_beg 1 0
1615459291792966 133811746088640 emit_beg 741 0
1615459295337766 133811754481344 subm_end 1 0
1615459295339646 133811754481344 pump_beg 1 0
1615459299071899 133811746088640 emit_end 741 0
1615459310526539 133811754481344 pump_end 1 2
1615459310528809 133811754481344 join_beg 1 0
1615459310531099 133811754481344 join_end 0 0
1615459312373721 133811754481344 coll_beg 0 0
1615459318611542 133811754481344 coll_end 0 0
1615459321064682 133811746088640 emit_beg 742 0
1615459322732321 133811754481344 drain_beg 0 0
1615459322756920 133811754481344 drain_end 1 0
1615459322758210 133811754481344 subm_beg 1 0
1615459328004617 133811754481344 subm_end 1 0
1615459328006387 133811754481344 pump_beg 1 0
1615459330099550 133811746088640 emit_end 742 0
1615459343739119 133811754481344 pump_end 1 2
1615459343739919 133811754481344 join_beg 1 0
1615459343740369 133811754481344 join_end 0 0
1615459347220342 133811754481344 coll_beg 0 0
1615459353960014 133811754481344 coll_end 0 0
1615459356002789 133811754481344 drain_beg 0 0
1615459356003489 133811754481344 drain_end 1 0
1615459356004019 133811754481344 subm_beg 1 0
1615459356035358 133811746088640 emit_beg 743 0
1615459357748585 133811754481344 subm_end 1 0
1615459357749025 133811754481344 pump_beg 1 0
1615459365029788 133811746088640 emit_end 743 0
1615459372555832 133811754481344 pump_end 1 2
1615459372556892 133811754481344 join_beg 1 0
1615459372557482 133811754481344 join_end 0 0
1615459374263059 133811754481344 coll_beg 0 0
1615459380760680 133811754481344 coll_end 0 0
1615459383138593 133811746088640 emit_beg 744 0
1615459384905628 133811754481344 drain_beg 0 0
1615459384910458 133811754481344 drain_end 1 0
1615459384911928 133811754481344 subm_beg 1 0
1615459390082428 133811754481344 subm_end 1 0
1615459390085088 133811754481344 pump_beg 1 0
1615459392201431 133811746088640 emit_end 744 0
1615459406292973 133811754481344 pump_end 1 2
1615459406293903 133811754481344 join_beg 1 0
1615459406294443 133811754481344 join_end 0 0
1615459409110460 133811754481344 coll_beg 0 0
1615459416192080 133811754481344 coll_end 0 0
1615459418544913 133811754481344 drain_beg 0 0
1615459418545473 133811754481344 drain_end 1 0
1615459418546123 133811754481344 subm_beg 1 0
1615459418567923 133811746088640 emit_beg 745 0
1615459421962588 133811754481344 subm_end 1 0
1615459421963118 133811754481344 pump_beg 1 0
1615459427701547 133811746088640 emit_end 745 0
1615459438416154 133811754481344 pump_end 1 2
1615459438416814 133811754481344 join_beg 1 0
1615459438417224 133811754481344 join_end 0 0
1615459441781630 133811754481344 coll_beg 0 0
1615459449304184 133811754481344 coll_end 0 0
1615459451800623 133811754481344 drain_beg 0 0
1615459451801093 133811754481344 drain_end 1 0
1615459451801673 133811754481344 subm_beg 1 0
1615459451813632 133811746088640 emit_beg 746 0
1615459455367242 133811754481344 subm_end 1 0
1615459455367782 133811754481344 pump_beg 1 0
1615459461080132 133811746088640 emit_end 746 0
1615459471423692 133811754481344 pump_end 1 2
1615459471424312 133811754481344 join_beg 1 0
1615459471424712 133811754481344 join_end 0 0
1615459473276344 133811754481344 coll_beg 0 0
1615459480804358 133811754481344 coll_end 0 0
1615459482566263 133811746088640 emit_beg 747 0
1615459484362157 133811754481344 drain_beg 0 0
1615459484366287 133811754481344 drain_end 1 0
1615459484367817 133811754481344 subm_beg 1 0
1615459489732750 133811754481344 subm_end 1 0
1615459489733640 133811754481344 pump_beg 1 0
1615459491953359 133811746088640 emit_end 747 0
1615459505832549 133811754481344 pump_end 1 2
1615459505833069 133811754481344 join_beg 1 0
1615459505833699 133811754481344 join_end 0 0
1615459508252920 133811754481344 coll_beg 0 0
1615459516255877 133811754481344 coll_end 0 0
1615459519558365 133811754481344 drain_beg 0 0
1615459519558755 133811754481344 drain_end 1 0
1615459519558995 133811754481344 subm_beg 1 0
1615459519573035 133811746088640 emit_beg 748 0
1615459523104285 133811754481344 subm_end 1 0
1615459523104835 133811754481344 pump_beg 1 0
1615459528741088 133811746088640 emit_end 748 0
1615459539746384 133811754481344 pump_end 1 2
1615459539749884 133811754481344 join_beg 1 0
1615459539751194 133811754481344 join_end 0 0
1615459541779140 133811754481344 coll_beg 0 0
1615459550696742 133811754481344 coll_end 0 0
1615459553450691 133811754481344 drain_beg 0 0
1615459553451631 133811754481344 drain_end 1 0
1615459553452171 133811754481344 subm_beg 1 0
1615459553471630 133811746088640 emit_beg 749 0
1615459557023620 133811754481344 subm_end 1 0
1615459557024160 133811754481344 pump_beg 1 0
1615459563107497 133811746088640 emit_end 749 0
1615459574697561 133811754481344 pump_end 1 2
1615459574700581 133811754481344 join_beg 1 0
1615459574702251 133811754481344 join_end 0 0
1615459576821833 133811754481344 coll_beg 0 0
1615459586053884 133811754481344 coll_end 0 0
1615459588679198 133811754481344 drain_beg 0 0
1615459588680088 133811754481344 drain_end 1 0
1615459588680758 133811754481344 subm_beg 1 0
1615459588697967 133811746088640 emit_beg 750 0
1615459592195899 133811754481344 subm_end 1 0
1615459592196519 133811754481344 pump_beg 1 0
1615459597965737 133811746088640 emit_end 750 0
1615459610035444 133811754481344 pump_end 1 2
1615459610037644 133811754481344 join_beg 1 0
1615459610038794 133811754481344 join_end 0 0
1615459611924465 133811754481344 coll_beg 0 0
1615459621651858 133811754481344 coll_end 0 0
1615459623668144 133811754481344 drain_beg 0 0
1615459623669184 133811754481344 drain_end 1 0
1615459623669783 133811754481344 subm_beg 1 0
1615459623689693 133811746088640 emit_beg 751 0
1615459627270711 133811754481344 subm_end 1 0
1615459627271211 133811754481344 pump_beg 1 0
1615459633042530 133811746088640 emit_end 751 0
1615459644378713 133811754481344 pump_end 1 2
1615459644380463 133811754481344 join_beg 1 0
1615459644381803 133811754481344 join_end 0 0
1615459646313312 133811754481344 coll_beg 0 0
1615459656198329 133811754481344 coll_end 0 0
1615459661301882 133811754481344 drain_beg 0 0
1615459661303872 133811754481344 drain_end 1 0
1615459661305022 133811754481344 subm_beg 1 0
1615459661326861 133811746088640 emit_beg 752 0
1615459664936979 133811754481344 subm_end 1 0
1615459664938819 133811754481344 pump_beg 1 0
1615459671594914 133811746088640 emit_end 752 0
1615459681025638 133811754481344 pump_end 1 2
1615459681026348 133811754481344 join_beg 1 0
1615459681027218 133811754481344 join_end 0 0
1615459682869330 133811754481344 coll_beg 0 0
1615459692111951 133811754481344 coll_end 0 0
1615459694977626 133811754481344 drain_beg 0 0
1615459694978916 133811754481344 drain_end 1 0
1615459694979616 133811754481344 subm_beg 1 0
1615459695000835 133811746088640 emit_beg 753 0
1615459698661521 133811754481344 subm_end 1 0
1615459698661871 133811754481344 pump_beg 1 0
1615459704461008 133811746088640 emit_end 753 0
1615459713621902 133811754481344 pump_end 1 2
1615459713623191 133811754481344 join_beg 1 0
1615459713623641 133811754481344 join_end 0 0
1615459715460554 133811754481344 coll_beg 0 0
1615459722508555 133811754481344 coll_end 0 0
1615459725186647 133811746088640 emit_beg 754 0
1615459726999780 133811754481344 drain_beg 0 0
1615459727006410 133811754481344 drain_end 1 0
1615459727007560 133811754481344 subm_beg 1 0
1615459732486519 133811754481344 subm_end 1 0
1615459732488389 133811754481344 pump_beg 1 0
1615459734621671 133811746088640 emit_end 754 0
1615459747632303 133811754481344 pump_end 1 2
1615459747633103 133811754481344 join_beg 1 0
1615459747633653 133811754481344 join_end 0 0
1615459750431240 133811754481344 coll_beg 0 0
1615459757238800 133811754481344 coll_end 0 0
1615459760083836 133811754481344 drain_beg 0 0
1615459760084376 133811754481344 drain_end 1 0
1615459760084976 133811754481344 subm_beg 1 0
1615459760089276 133811746088640 emit_beg 755 0
1615459763668834 133811754481344 subm_end 1 0
1615459763669344 133811754481344 pump_beg 1 0
1615459769392564 133811746088640 emit_end 755 0
1615459778720242 133811754481344 pump_end 1 2
1615459778721702 133811754481344 join_beg 1 0
1615459778722262 133811754481344 join_end 0 0
1615459780601913 133811754481344 coll_beg 0 0
1615459787474710 133811754481344 coll_end 0 0
1615459790781739 133811746088640 emit_beg 756 0
1615459792537645 133811754481344 drain_beg 0 0
1615459792538975 133811754481344 drain_end 1 0
1615459792539505 133811754481344 subm_beg 1 0
1615459797889478 133811754481344 subm_end 1 0
1615459797889788 133811754481344 pump_beg 1 0
1615459800044559 133811746088640 emit_end 756 0
1615459813263464 133811754481344 pump_end 1 2
1615459813264944 133811754481344 join_beg 1 0
1615459813265544 133811754481344 join_end 0 0
1615459816021053 133811754481344 coll_beg 0 0
1615459822825963 133811754481344 coll_end 0 0
1615459825768195 133811754481344 drain_beg 0 0
1615459825768965 133811754481344 drain_end 1 0
1615459825769565 133811754481344 subm_beg 1 0
1615459825794094 133811746088640 emit_beg 757 0
1615459829376562 133811754481344 subm_end 1 0
1615459829376982 133811754481344 pump_beg 1 0
1615459835296595 133811746088640 emit_end 757 0
1615459845133944 133811754481344 pump_end 1 2
1615459845135514 133811754481344 join_beg 1 0
1615459845136594 133811754481344 join_end 0 0
1615459846988286 133811754481344 coll_beg 0 0
1615459854555698 133811754481344 coll_end 0 0
1615459856342272 133811746088640 emit_beg 758 0
1615459858031800 133811754481344 drain_beg 0 0
1615459858033650 133811754481344 drain_end 1 0
1615459858034150 133811754481344 subm_beg 1 0
1615459863150772 133811754481344 subm_end 1 0
1615459863151302 133811754481344 pump_beg 1 0
1615459865107801 133811746088640 emit_end 758 0
1615459878904334 133811754481344 pump_end 1 2
1615459878906164 133811754481344 join_beg 1 0
1615459878907534 133811754481344 join_end 0 0
1615459881519688 133811754481344 coll_beg 0 0
1615459888577619 133811754481344 coll_end 0 0
1615459890893104 133811754481344 drain_beg 0 0
1615459890894234 133811754481344 drain_end 1 0
1615459890894804 133811754481344 subm_beg 1 0
1615459890896544 133811746088640 emit_beg 759 0
1615459894448934 133811754481344 subm_end 1 0
1615459894449564 133811754481344 pump_beg 1 0
1615459899791647 133811746088640 emit_end 759 0
1615459909874927 133811754481344 pump_end 1 2
1615459909876657 133811754481344 join_beg 1 0
1615459909877667 133811754481344 join_end 0 0
1615459911647972 133811754481344 coll_beg 0 0
1615459918805529 133811754481344 coll_end 0 0
1615459920535066 133811746088640 emit_beg 760 0
1615459922304431 133811754481344 drain_beg 0 0
1615459922305421 133811754481344 drain_end 1 0
1615459922306051 133811754481344 subm_beg 1 0
1615459927495290 133811754481344 subm_end 1 0
1615459927495720 133811754481344 pump_beg 1 0
1615459929412340 133811746088640 emit_end 760 0
1615459942661364 133811754481344 pump_end 1 2
1615459942662844 133811754481344 join_beg 1 0
1615459942663394 133811754481344 join_end 0 0
1615459945334466 133811754481344 coll_beg 0 0
1615459952055879 133811754481344 coll_end 0 0
1615459954937233 133811754481344 drain_beg 0 0
1615459954938033 133811754481344 drain_end 1 0
1615459954938723 133811754481344 subm_beg 1 0
1615459954939323 133811746088640 emit_beg 761 0
1615459958374077 133811754481344 subm_end 1 0
1615459958374537 133811754481344 pump_beg 1 0
1615459963925853 133811746088640 emit_end 761 0
1615459974727887 133811754481344 pump_end 1 2
1615459974730267 133811754481344 join_beg 1 0
1615459974731217 133811754481344 join_end 0 0
1615459977516264 133811754481344 coll_beg 0 0
1615459985853158 133811754481344 coll_end 0 0
1615459989899530 133811754481344 drain_beg 0 0
1615459989900230 133811754481344 drain_end 1 0
1615459989900660 133811754481344 subm_beg 1 0
1615459989903530 133811746088640 emit_beg 762 0
1615459994060327 133811754481344 subm_end 1 0
1615459994060797 133811754481344 pump_beg 1 0
1615459999637702 133811746088640 emit_end 762 0
1615460010742475 133811754481344 pump_end 1 2
1615460010743965 133811754481344 join_beg 1 0
1615460010744935 133811754481344 join_end 0 0
1615460013416866 133811754481344 coll_beg 0 0
1615460022438365 133811754481344 coll_end 0 0
1615460024579927 133811754481344 drain_beg 0 0
1615460024580307 133811746088640 emit_beg 763 0
1615460024581216 133811754481344 drain_end 1 0
1615460024587246 133811754481344 subm_beg 1 0
1615460029932820 133811754481344 subm_end 1 0
1615460029933180 133811754481344 pump_beg 1 0
1615460032007834 133811746088640 emit_end 763 0
1615460047962818 133811754481344 pump_end 1 2
1615460047965028 133811754481344 join_beg 1 0
1615460047966348 133811754481344 join_end 0 0
1615460049933746 133811754481344 coll_beg 0 0
1615460059639870 133811754481344 coll_end 0 0
1615460061439353 133811754481344 drain_beg 0 0
1615460061440063 133811754481344 drain_end 1 0
1615460061451873 133811754481344 subm_beg 1 0
1615460061441963 133811746088640 emit_beg 764 0
1615460064854678 133811754481344 subm_end 1 0
1615460064855228 133811754481344 pump_beg 1 0
1615460070630816 133811746088640 emit_end 764 0
1615460081536186 133811754481344 pump_end 1 2
1615460081538016 133811754481344 join_beg 1 0
1615460081539196 133811754481344 join_end 0 0
1615460083366739 133811754481344 coll_beg 0 0
1615460091301127 133811754481344 coll_end 0 0
1615460093246106 133811746088640 emit_beg 765 0
1615460100426302 133811746088640 emit_end 765 0
1615460119873148 133811754481344 drain_beg 0 0
1615460119878638 133811754481344 drain_end 1 0
1615460119880448 133811754481344 subm_beg 1 0
1615460125070238 133811754481344 subm_end 1 0
1615460125072668 133811754481344 pump_beg 1 0
1615460141038332 133811754481344 pump_end 1 2
1615460141039101 133811754481344 join_beg 1 0
1615460141039681 133811754481344 join_end 0 0
1615460142874444 133811754481344 coll_beg 0 0
1615460150157347 133811754481344 coll_end 0 0
1615460151995619 133811754481344 drain_beg 0 0
1615460151996109 133811754481344 drain_end 1 0
1615460151996369 133811754481344 subm_beg 1 0
1615460152013059 133811746088640 emit_beg 766 0
1615460153843252 133811754481344 subm_end 1 0
1615460153843691 133811754481344 pump_beg 1 0
1615460159859321 133811746088640 emit_end 766 0
1615460170272128 133811754481344 pump_end 1 2
1615460170272828 133811754481344 join_beg 1 0
1615460170273278 133811754481344 join_end 0 0
1615460171999895 133811754481344 coll_beg 0 0
1615460180424626 133811754481344 coll_end 0 0
1615460184974959 133811754481344 drain_beg 0 0
1615460184977259 133811754481344 drain_end 1 0
1615460184978228 133811754481344 subm_beg 1 0
1615460184983538 133811746088640 emit_beg 767 0
1615460188476590 133811754481344 subm_end 1 0
1615460188477130 133811754481344 pump_beg 1 0
1615460194276427 133811746088640 emit_end 767 0
1615460204977024 133811754481344 pump_end 1 2
1615460204977704 133811754481344 join_beg 1 0
1615460204978554 133811754481344 join_end 0 0
1615460207735583 133811754481344 coll_beg 0 0
1615460215739419 133811754481344 coll_end 0 0
1615460219127275 133811754481344 drain_beg 0 0
1615460219127915 133811754481344 drain_end 1 0
1615460219128465 133811754481344 subm_beg 1 0
1615460219133555 133811746088640 emit_beg 768 0
1615460220891000 133811754481344 subm_end 1 0
1615460220891530 133811754481344 pump_beg 1 0
1615460226476735 133811746088640 emit_end 768 0
1615460237131394 133811754481344 pump_end 1 2
1615460237132244 133811754481344 join_beg 1 0
1615460237132904 133811754481344 join_end 0 0
1615460238910319 133811754481344 coll_beg 0 0
1615460246378205 133811754481344 coll_end 0 0
1615460249066036 133811746088640 emit_beg 769 0
1615460250842051 133811754481344 drain_beg 0 0
1615460250847521 133811754481344 drain_end 1 0
1615460250849091 133811754481344 subm_beg 1 0
1615460256301140 133811754481344 subm_end 1 0
1615460256302820 133811754481344 pump_beg 1 0
1615460258657544 133811746088640 emit_end 769 0
1615460271990084 133811754481344 pump_end 1 2
1615460271990934 133811754481344 join_beg 1 0
1615460271991674 133811754481344 join_end 0 0
1615460275608252 133811754481344 coll_beg 0 0
1615460283138945 133811754481344 coll_end 0 0
1615460285529837 133811754481344 drain_beg 0 0
1615460285530697 133811754481344 drain_end 1 0
1615460285531317 133811754481344 subm_beg 1 0
1615460285548417 133811746088640 emit_beg 770 0
1615460289129765 133811754481344 subm_end 1 0
1615460289130205 133811754481344 pump_beg 1 0
1615460294783658 133811746088640 emit_end 770 0
1615460304883977 133811754481344 pump_end 1 2
1615460304884727 133811754481344 join_beg 1 0
1615460304885147 133811754481344 join_end 0 0
1615460306848585 133811754481344 coll_beg 0 0
1615460314176516 133811754481344 coll_end 0 0
1615460316132804 133811746088640 emit_beg 771 0
1615460317946677 133811754481344 drain_beg 0 0
1615460317950867 133811754481344 drain_end 1 0
1615460317952397 133811754481344 subm_beg 1 0
1615460323461715 133811754481344 subm_end 1 0
1615460323464615 133811754481344 pump_beg 1 0
1615460325668704 133811746088640 emit_end 771 0
1615460340476410 133811754481344 pump_end 1 2
1615460340477500 133811754481344 join_beg 1 0
1615460340477970 133811754481344 join_end 0 0
1615460342302413 133811754481344 coll_beg 0 0
1615460350894368 133811754481344 coll_end 0 0
1615460353769552 133811754481344 drain_beg 0 0
1615460353770232 133811754481344 drain_end 1 0
1615460353770742 133811754481344 subm_beg 1 0
1615460353779512 133811746088640 emit_beg 772 0
1615460355574196 133811754481344 subm_end 1 0
1615460355574636 133811754481344 pump_beg 1 0
1615460361231208 133811746088640 emit_end 772 0
1615460372257224 133811754481344 pump_end 1 2
1615460372260964 133811754481344 join_beg 1 0
1615460372263164 133811754481344 join_end 0 0
1615460374253171 133811754481344 coll_beg 0 0
1615460383335957 133811754481344 coll_end 0 0
1615460385983660 133811754481344 drain_beg 0 0
1615460385984160 133811754481344 drain_end 1 0
1615460385984540 133811754481344 subm_beg 1 0
1615460385993189 133811746088640 emit_beg 773 0
1615460389561018 133811754481344 subm_end 1 0
1615460389561498 133811754481344 pump_beg 1 0
1615460395408024 133811746088640 emit_end 773 0
1615460405645348 133811754481344 pump_end 1 2
1615460405648088 133811754481344 join_beg 1 0
1615460405649358 133811754481344 join_end 0 0
1615460407615276 133811754481344 coll_beg 0 0
1615460418322143 133811754481344 coll_end 0 0
1615460421151049 133811754481344 drain_beg 0 0
1615460421151969 133811754481344 drain_end 1 0
1615460421152889 133811754481344 subm_beg 1 0
1615460421157919 133811746088640 emit_beg 774 0
1615460422967812 133811754481344 subm_end 1 0
1615460422968152 133811754481344 pump_beg 1 0
1615460428668023 133811746088640 emit_end 774 0
1615460438874008 133811754481344 pump_end 1 2
1615460438876728 133811754481344 join_beg 1 0
1615460438877808 133811754481344 join_end 0 0
1615460440771999 133811754481344 coll_beg 0 0
1615460448646979 133811754481344 coll_end 0 0
1615460450891627 133811746088640 emit_beg 775 0
1615460452801687 133811754481344 drain_beg 0 0
1615460452803527 133811754481344 drain_end 1 0
1615460452804357 133811754481344 subm_beg 1 0
1615460458277576 133811754481344 subm_end 1 0
1615460458278136 133811754481344 pump_beg 1 0
1615460460512524 133811746088640 emit_end 775 0
1615460474881197 133811754481344 pump_end 1 2
1615460474891276 133811754481344 join_beg 1 0
1615460474894106 133811754481344 join_end 0 0
1615460477752451 133811754481344 coll_beg 0 0
1615460490701666 133811754481344 coll_end 0 0
1615460492759060 133811754481344 drain_beg 0 0
1615460492761220 133811754481344 drain_end 1 0
1615460492762770 133811754481344 subm_beg 1 0
1615460492777370 133811746088640 emit_beg 776 0
1615460494689059 133811754481344 subm_end 1 0
1615460494689799 133811754481344 pump_beg 1 0
1615460502416686 133811746088640 emit_end 776 0
1615460510834857 133811754481344 pump_end 1 2
1615460510835877 133811754481344 join_beg 1 0
1615460510837876 133811754481344 join_end 0 0
1615460512700518 133811754481344 coll_beg 0 0
1615460520719924 133811754481344 coll_end 0 0
1615460522570846 133811746088640 emit_beg 777 0
1615460524334091 133811754481344 drain_beg 0 0
1615460524335351 133811754481344 drain_end 1 0
1615460524336001 133811754481344 subm_beg 1 0
1615460529716253 133811754481344 subm_end 1 0
1615460529716833 133811754481344 pump_beg 1 0
1615460533762715 133811746088640 emit_end 777 0
1615460546777037 133811754481344 pump_end 1 2
1615460546778137 133811754481344 join_beg 1 0
1615460546778757 133811754481344 join_end 0 0
1615460549571645 133811754481344 coll_beg 0 0
1615460557173776 133811754481344 coll_end 0 0
1615460559416603 133811754481344 drain_beg 0 0
1615460559417623 133811754481344 drain_end 1 0
1615460559418293 133811754481344 subm_beg 1 0
1615460559429693 133811746088640 emit_beg 778 0
1615460563026081 133811754481344 subm_end 1 0
1615460563026551 133811754481344 pump_beg 1 0
1615460568640545 133811746088640 emit_end 778 0
1615460580601456 133811754481344 pump_end 1 2
1615460580603566 133811754481344 join_beg 1 0
1615460580604536 133811754481344 join_end 0 0
1615460584157405 133811754481344 coll_beg 0 0
1615460592847916 133811754481344 coll_end 0 0
1615460595756649 133811754481344 drain_beg 0 0
1615460595757549 133811754481344 drain_end 1 0
1615460595758409 133811754481344 subm_beg 1 0
1615460595769109 133811746088640 emit_beg 779 0
1615460597541034 133811754481344 subm_end 1 0
1615460597541544 133811754481344 pump_beg 1 0
1615460603238095 133811746088640 emit_end 779 0
1615460613717600 133811754481344 pump_end 1 2
1615460613721040 133811754481344 join_beg 1 0
1615460613722310 133811754481344 join_end 0 0
1615460615600381 133811754481344 coll_beg 0 0
1615460623429823 133811754481344 coll_end 0 0
1615460625302435 133811746088640 emit_beg 780 0
1615460627122838 133811754481344 drain_beg 0 0
1615460627125068 133811754481344 drain_end 1 0
1615460627125848 133811754481344 subm_beg 1 0
1615460632470972 133811754481344 subm_end 1 0
1615460632471872 133811754481344 pump_beg 1 0
1615460634926361 133811746088640 emit_end 780 0
1615460650220790 133811754481344 pump_end 1 2
1615460650223140 133811754481344 join_beg 1 0
1615460650224340 133811754481344 join_end 0 0
1615460653608636 133811754481344 coll_beg 0 0
1615460662482200 133811754481344 coll_end 0 0
1615460664287354 133811754481344 drain_beg 0 0
1615460664288114 133811754481344 drain_end 1 0
1615460664288764 133811754481344 subm_beg 1 0
1615460664293273 133811746088640 emit_beg 781 0
1615460666056029 133811754481344 subm_end 1 0
1615460666056519 133811754481344 pump_beg 1 0
1615460671401592 133811746088640 emit_end 781 0
1615460683149911 133811754481344 pump_end 1 2
1615460683150871 133811754481344 join_beg 1 0
1615460683151801 133811754481344 join_end 0 0
1615460684980234 133811754481344 coll_beg 0 0
1615460694270853 133811754481344 coll_end 0 0
1615460696303698 133811754481344 drain_beg 0 0
1615460696305688 133811754481344 drain_end 1 0
1615460696306768 133811754481344 subm_beg 1 0
1615460696306888 133811746088640 emit_beg 782 0
1615460699774301 133811754481344 subm_end 1 0
1615460699775861 133811754481344 pump_beg 1 0
1615460705134924 133811746088640 emit_end 782 0
1615460717588007 133811754481344 pump_end 1 2
1615460717588937 133811754481344 join_beg 1 0
1615460717589777 133811754481344 join_end 0 0
1615460720792119 133811754481344 coll_beg 0 0
1615460729168022 133811754481344 coll_end 0 0
1615460731947280 133811754481344 drain_beg 0 0
1615460731947960 133811754481344 drain_end 1 0
1615460731948790 133811754481344 subm_beg 1 0
1615460731950410 133811746088640 emit_beg 783 0
1615460733705025 133811754481344 subm_end 1 0
1615460733705525 133811754481344 pump_beg 1 0
1615460739339489 133811746088640 emit_end 783 0
1615460749935869 133811754481344 pump_end 1 2
1615460749936809 133811754481344 join_beg 1 0
1615460749937389 133811754481344 join_end 0 0
1615460751783922 133811754481344 coll_beg 0 0
1615460759754329 133811754481344 coll_end 0 0
1615460763110886 133811754481344 drain_beg 0 0
1615460763111406 133811754481344 drain_end 1 0
1615460763111856 133811754481344 subm_beg 1 0
1615460763118366 133811746088640 emit_beg 784 0
1615460766649006 133811754481344 subm_end 1 0
1615460766649446 133811754481344 pump_beg 1 0
1615460772175703 133811746088640 emit_end 784 0
1615460783041024 133811754481344 pump_end 1 2
1615460783041644 133811754481344 join_beg 1 0
1615460783042214 133811754481344 join_end 0 0
1615460784887966 133811754481344 coll_beg 0 0
1615460793164923 133811754481344 coll_end 0 0
1615460796422813 133811754481344 drain_beg 0 0
1615460796423403 133811754481344 drain_end 1 0
1615460796423983 133811754481344 subm_beg 1 0
1615460796436853 133811746088640 emit_beg 785 0
1615460799947464 133811754481344 subm_end 1 0
1615460799947914 133811754481344 pump_beg 1 0
1615460805596126 133811746088640 emit_end 785 0
1615460816070892 133811754481344 pump_end 1 2
1615460816071682 133811754481344 join_beg 1 0
1615460816072302 133811754481344 join_end 0 0
1615460817891895 133811754481344 coll_beg 0 0
1615460828367510 133811754481344 coll_end 0 0
1615460831119039 133811754481344 drain_beg 0 0
1615460831120999 133811746088640 emit_beg 786 0
1615460831122789 133811754481344 drain_end 1 0
1615460831144598 133811754481344 subm_beg 1 0
1615460836308589 133811754481344 subm_end 1 0
1615460836310229 133811754481344 pump_beg 1 0
1615460840190116 133811746088640 emit_end 786 0
1615460852978767 133811754481344 pump_end 1 2
1615460852982637 133811754481344 join_beg 1 0
1615460852984167 133811754481344 join_end 0 0
1615460855603881 133811754481344 coll_beg 0 0
1615460864087229 133811754481344 coll_end 0 0
1615460865949981 133811754481344 drain_beg 0 0
1615460865951981 133811754481344 drain_end 1 0
1615460865953321 133811754481344 subm_beg 1 0
1615460865977710 133811746088640 emit_beg 787 0
1615460867704076 133811754481344 subm_end 1 0
1615460867704526 133811754481344 pump_beg 1 0
1615460875121224 133811746088640 emit_end 787 0
1615460884700412 133811754481344 pump_end 1 2
1615460884701572 133811754481344 join_beg 1 0
1615460884702542 133811754481344 join_end 0 0
1615460886524346 133811754481344 coll_beg 0 0
1615460894713065 133811754481344 coll_end 0 0
1615460898060632 133811754481344 drain_beg 0 0
1615460898061742 133811754481344 drain_end 1 0
1615460898062882 133811754481344 subm_beg 1 0
1615460898063472 133811746088640 emit_beg 788 0
1615460899868296 133811754481344 subm_end 1 0
1615460899868856 133811754481344 pump_beg 1 0
1615460905420442 133811746088640 emit_end 788 0
1615460916153648 133811754481344 pump_end 1 2
1615460916158578 133811754481344 join_beg 1 0
1615460916160208 133811754481344 join_end 0 0
1615460918212352 133811754481344 coll_beg 0 0
1615460926473719 133811754481344 coll_end 0 0
1615460929700061 133811754481344 drain_beg 0 0
1615460929700971 133811754481344 drain_end 1 0
1615460929701740 133811754481344 subm_beg 1 0
1615460929705880 133811746088640 emit_beg 789 0
1615460933216441 133811754481344 subm_end 1 0
1615460933216901 133811754481344 pump_beg 1 0
1615460938682111 133811746088640 emit_end 789 0
1615460949837511 133811754481344 pump_end 1 2
1615460949838251 133811754481344 join_beg 1 0
1615460949838851 133811754481344 join_end 0 0
1615460951708183 133811754481344 coll_beg 0 0
1615460959368532 133811754481344 coll_end 0 0
1615460961139997 133811746088640 emit_beg 790 0
1615460962903812 133811754481344 drain_beg 0 0
1615460962904602 133811754481344 drain_end 1 0
1615460962905102 133811754481344 subm_beg 1 0
1615460968096641 133811754481344 subm_end 1 0
1615460968096981 133811754481344 pump_beg 1 0
1615460970213133 133811746088640 emit_end 790 0
1615460985629227 133811754481344 pump_end 1 2
1615460985638847 133811754481344 join_beg 1 0
1615460985641517 133811754481344 join_end 0 0
1615460988406976 133811754481344 coll_beg 0 0
1615460996681132 133811754481344 coll_end 0 0
1615460999612024 133811754481344 drain_beg 0 0
1615460999613034 133811754481344 drain_end 1 0
1615460999613774 133811754481344 subm_beg 1 0
1615460999628544 133811746088640 emit_beg 791 0
1615461001391219 133811754481344 subm_end 1 0
1615461001391719 133811754481344 pump_beg 1 0
1615461006885757 133811746088640 emit_end 791 0
1615461017726799 133811754481344 pump_end 1 2
1615461017728419 133811754481344 join_beg 1 0
1615461017728979 133811754481344 join_end 0 0
1615461019720926 133811754481344 coll_beg 0 0
1615461027399664 133811754481344 coll_end 0 0
1615461029705399 133811746088640 emit_beg 792 0
1615461036836338 133811746088640 emit_end 792 0
1615461055883179 133811754481344 drain_beg 0 0
1615461055884549 133811754481344 drain_end 1 0
1615461055885309 133811754481344 subm_beg 1 0
1615461059278344 133811754481344 subm_end 1 0
1615461059278724 133811754481344 pump_beg 1 0
1615461076330368 133811754481344 pump_end 1 2
1615461076333928 133811754481344 join_beg 1 0
1615461076335158 133811754481344 join_end 0 0
1615461078480279 133811754481344 coll_beg 0 0
1615461087083413 133811754481344 coll_end 0 0
1615461089230954 133811754481344 drain_beg 0 0
1615461089232884 133811754481344 drain_end 1 0
1615461089234054 133811754481344 subm_beg 1 0
1615461089260263 133811746088640 emit_beg 793 0
1615461091413314 133811754481344 subm_end 1 0
1615461091413874 133811754481344 pump_beg 1 0
1615461099153450 133811746088640 emit_end 793 0
1615461108228157 133811754481344 pump_end 1 2
1615461108228977 133811754481344 join_beg 1 0
1615461108229727 133811754481344 join_end 0 0
1615461110700636 133811754481344 coll_beg 0 0
1615461118908955 133811754481344 coll_end 0 0
1615461121639815 133811746088640 emit_beg 794 0
1615461123443219 133811754481344 drain_beg 0 0
1615461123446668 133811754481344 drain_end 1 0
1615461123448178 133811754481344 subm_beg 1 0
1615461128853740 133811754481344 subm_end 1 0
1615461128854160 133811754481344 pump_beg 1 0
1615461132734877 133811746088640 emit_end 794 0
1615461145978971 133811754481344 pump_end 1 2
1615461145980571 133811754481344 join_beg 1 0
1615461145981141 133811754481344 join_end 0 0
1615461147853502 133811754481344 coll_beg 0 0
1615461156170747 133811754481344 coll_end 0 0
1615461159270833 133811754481344 drain_beg 0 0
1615461159272133 133811754481344 drain_end 1 0
1615461159272803 133811754481344 subm_beg 1 0
1615461159279783 133811746088640 emit_beg 795 0
1615461162794054 133811754481344 subm_end 1 0
1615461162794494 133811754481344 pump_beg 1 0
1615461168321991 133811746088640 emit_end 795 0
1615461179232521 133811754481344 pump_end 1 2
1615461179233781 133811754481344 join_beg 1 0
1615461179234571 133811754481344 join_end 0 0
1615461181113452 133811754481344 coll_beg 0 0
1615461189358539 133811754481344 coll_end 0 0
1615461192612749 133811754481344 drain_beg 0 0
1615461192613329 133811754481344 drain_end 1 0
1615461192614169 133811754481344 subm_beg 1 0
1615461192639698 133811746088640 emit_beg 796 0
1615461196246926 133811754481344 subm_end 1 0
1615461196247346 133811754481344 pump_beg 1 0
1615461202035174 133811746088640 emit_end 796 0
1615461212417252 133811754481344 pump_end 1 2
1615461212418432 133811754481344 join_beg 1 0
1615461212419262 133811754481344 join_end 0 0
1615461214319492 133811754481344 coll_beg 0 0
1615461221627474 133811754481344 coll_end 0 0
1615461225251831 133811746088640 emit_beg 797 0
1615461232651940 133811746088640 emit_end 797 0
1615461251850135 133811754481344 drain_beg 0 0
1615461251852775 133811754481344 drain_end 1 0
1615461251854305 133811754481344 subm_beg 1 0
1615461255792240 133811754481344 subm_end 1 0
1615461255794750 133811754481344 pump_beg 1 0
1615461271698426 133811754481344 pump_end 1 2
1615461271702166 133811754481344 join_beg 1 0
1615461271703546 133811754481344 join_end 0 0
1615461273850497 133811754481344 coll_beg 0 0
1615461280998825 133811754481344 coll_end 0 0
1615461283258152 133811754481344 drain_beg 0 0
1615461283259052 133811754481344 drain_end 1 0
1615461283259842 133811754481344 subm_beg 1 0
1615461283288861 133811746088640 emit_beg 798 0
1615461285084095 133811754481344 subm_end 1 0
1615461285084515 133811754481344 pump_beg 1 0
1615461292594939 133811746088640 emit_end 798 0
1615461300376034 133811754481344 pump_end 1 2
1615461300376864 133811754481344 join_beg 1 0
1615461300377653 133811754481344 join_end 0 0
1615461302397489 133811754481344 coll_beg 0 0
1615461308832363 133811754481344 coll_end 0 0
1615461311598961 133811746088640 emit_beg 799 0
1615461313488832 133811754481344 drain_beg 0 0
1615461313491212 133811754481344 drain_end 1 0
1615461313492312 133811754481344 subm_beg 1 0
1615461318897244 133811754481344 subm_end 1 0
1615461318897804 133811754481344 pump_beg 1 0
1615461322678915 133811746088640 emit_end 799 0
1615461334403434 133811754481344 pump_end 1 2
1615461334404734 133811754481344 join_beg 1 0
1615461334405424 133811754481344 join_end 0 0
1615461337544539 133811754481344 coll_beg 0 0
1615461344742215 133811754481344 coll_end 0 0
1615461347213464 133811754481344 drain_beg 0 0
1615461347214384 133811754481344 drain_end 1 0
1615461347215094 133811754481344 subm_beg 1 0
1615461347217644 133811746088640 emit_beg 800 0
1615461348993289 133811754481344 subm_end 1 0
1615461348993829 133811754481344 pump_beg 1 0
1615461354697589 133811746088640 emit_end 800 0
1615461365584250 133811754481344 pump_end 1 2
1615461365585410 133811754481344 join_beg 1 0
1615461365585980 133811754481344 join_end 0 0
1615461369181998 133811754481344 coll_beg 0 0
1615461376871145 133811754481344 coll_end 0 0
1615461379062255 133811754481344 drain_beg 0 0
1615461379062805 133811754481344 drain_end 1 0
1615461379063345 133811754481344 subm_beg 1 0
1615461379071425 133811746088640 emit_beg 801 0
1615461382517898 133811754481344 subm_end 1 0
1615461382518338 133811754481344 pump_beg 1 0
1615461388197170 133811746088640 emit_end 801 0
1615461398663446 133811754481344 pump_end 1 2
1615461398664695 133811754481344 join_beg 1 0
1615461398665285 133811754481344 join_end 0 0
1615461400478339 133811754481344 coll_beg 0 0
1615461408123748 133811754481344 coll_end 0 0
1615461409922052 133811746088640 emit_beg 802 0
1615461411775784 133811754481344 drain_beg 0 0
1615461411778054 133811754481344 drain_end 1 0
1615461411779354 133811754481344 subm_beg 1 0
1615461417173646 133811754481344 subm_end 1 0
1615461417175116 133811754481344 pump_beg 1 0
1615461419232640 133811746088640 emit_end 802 0
1615461433529815 133811754481344 pump_end 1 2
1615461433531895 133811754481344 join_beg 1 0
1615461433532955 133811754481344 join_end 0 0
1615461436038513 133811754481344 coll_beg 0 0
1615461445619502 133811754481344 coll_end 0 0
1615461447649407 133811754481344 drain_beg 0 0
1615461447651367 133811754481344 drain_end 1 0
1615461447652577 133811754481344 subm_beg 1 0
1615461447675586 133811746088640 emit_beg 803 0
1615461449528268 133811754481344 subm_end 1 0
1615461449528788 133811754481344 pump_beg 1 0
1615461456978945 133811746088640 emit_end 803 0
1615461465838360 133811754481344 pump_end 1 2
1615461465841719 133811754481344 join_beg 1 0
1615461465843089 133811754481344 join_end 0 0
1615461467856915 133811754481344 coll_beg 0 0
1615461480332118 133811754481344 coll_end 0 0
1615461482181190 133811754481344 drain_beg 0 0
1615461482182000 133811754481344 drain_end 1 0
1615461482182820 133811754481344 subm_beg 1 0
1615461482206459 133811746088640 emit_beg 804 0
1615461483939905 133811754481344 subm_end 1 0
1615461483940345 133811754481344 pump_beg 1 0
1615461489694314 133811746088640 emit_end 804 0
1615461500953651 133811754481344 pump_end 1 2
1615461500955290 133811754481344 join_beg 1 0
1615461500956120 133811754481344 join_end 0 0
1615461502822982 133811754481344 coll_beg 0 0
1615461515946750 133811754481344 coll_end 0 0
1615461517833351 133811754481344 drain_beg 0 0
1615461517834151 133811754481344 drain_end 1 0
1615461517834861 133811754481344 subm_beg 1 0
1615461517845850 133811746088640 emit_beg 805 0
1615461519666354 133811754481344 subm_end 1 0
1615461519666824 133811754481344 pump_beg 1 0
1615461525251819 133811746088640 emit_end 805 0
1615461536787905 133811754481344 pump_end 1 2
1615461536789605 133811754481344 join_beg 1 0
1615461536790525 133811754481344 join_end 0 0
1615461538644297 133811754481344 coll_beg 0 0
1615461548045322 133811754481344 coll_end 0 0
1615461549927673 133811754481344 drain_beg 0 0
1615461549928403 133811754481344 drain_end 1 0
1615461549928973 133811754481344 subm_beg 1 0
1615461549950782 133811746088640 emit_beg 806 0
1615461553471773 133811754481344 subm_end 1 0
1615461553472253 133811754481344 pump_beg 1 0
1615461558942942 133811746088640 emit_end 806 0
1615461570409471 133811754481344 pump_end 1 2
1615461570411341 133811754481344 join_beg 1 0
1615461570412121 133811754481344 join_end 0 0
1615461572228044 133811754481344 coll_beg 0 0
1615461585838774 133811754481344 coll_end 0 0
1615461587619479 133811754481344 drain_beg 0 0
1615461587619969 133811754481344 drain_end 1 0
1615461587620539 133811754481344 subm_beg 1 0
1615461587644788 133811746088640 emit_beg 807 0
1615461589370135 133811754481344 subm_end 1 0
1615461589370575 133811754481344 pump_beg 1 0
1615461595961903 133811746088640 emit_end 807 0
1615461605339049 133811754481344 pump_end 1 2
1615461605341449 133811754481344 join_beg 1 0
1615461605342249 133811754481344 join_end 0 0
1615461607152142 133811754481344 coll_beg 0 0
1615461618868312 133811754481344 coll_end 0 0
1615461620665496 133811754481344 drain_beg 0 0
1615461620666486 133811754481344 drain_end 1 0
1615461620677166 133811754481344 subm_beg 1 0
1615461620687155 133811746088640 emit_beg 808 0
1615461624125179 133811754481344 subm_end 1 0
1615461624125599 133811754481344 pump_beg 1 0
1615461629576719 133811746088640 emit_end 808 0
1615461639706607 133811754481344 pump_end 1 2
1615461639712097 133811754481344 join_beg 1 0
1615461639713917 133811754481344 join_end 0 0
1615461641638576 133811754481344 coll_beg 0 0
1615461649016705 133811754481344 coll_end 0 0
1615461650754861 133811746088640 emit_beg 809 0
1615461652528696 133811754481344 drain_beg 0 0
1615461652529576 133811754481344 drain_end 1 0
1615461652529906 133811754481344 subm_beg 1 0
1615461657605130 133811754481344 subm_end 1 0
1615461657605500 133811754481344 pump_beg 1 0
1615461659611976 133811746088640 emit_end 809 0
1615461672825021 133811754481344 pump_end 1 2
1615461672826851 133811754481344 join_beg 1 0
1615461672827501 133811754481344 join_end 0 0
1615461674831168 133811754481344 coll_beg 0 0
1615461684326209 133811754481344 coll_end 0 0
1615461687492353 133811754481344 drain_beg 0 0
1615461687493483 133811754481344 drain_end 1 0
1615461687494433 133811754481344 subm_beg 1 0
1615461687510662 133811746088640 emit_beg 810 0
1615461689182001 133811754481344 subm_end 1 0
1615461689182491 133811754481344 pump_beg 1 0
1615461694772746 133811746088640 emit_end 810 0
1615461704992800 133811754481344 pump_end 1 2
1615461704995670 133811754481344 join_beg 1 0
1615461704997760 133811754481344 join_end 0 0
1615461708209222 133811754481344 coll_beg 0 0
1615461715870821 133811754481344 coll_end 0 0
1615461719114982 133811754481344 drain_beg 0 0
1615461719116082 133811754481344 drain_end 1 0
1615461719116842 133811754481344 subm_beg 1 0
1615461719119692 133811746088640 emit_beg 811 0
1615461724206745 133811754481344 subm_end 1 0
1615461724207305 133811754481344 pump_beg 1 0
1615461727890520 133811746088640 emit_end 811 0
1615461739864260 133811754481344 pump_end 1 2
1615461739870630 133811754481344 join_beg 1 0
1615461739873240 133811754481344 join_end 0 0
1615461741692793 133811754481344 coll_beg 0 0
1615461748720035 133811754481344 coll_end 0 0
1615461750963523 133811754481344 drain_beg 0 0
1615461750964593 133811754481344 drain_end 1 0
1615461750965333 133811754481344 subm_beg 1 0
1615461750989772 133811746088640 emit_beg 812 0
1615461752639401 133811754481344 subm_end 1 0
1615461752639831 133811754481344 pump_beg 1 0
1615461758229216 133811746088640 emit_end 812 0
1615461768016957 133811754481344 pump_end 1 2
1615461768018737 133811754481344 join_beg 1 0
1615461768019637 133811754481344 join_end 0 0
1615461769837790 133811754481344 coll_beg 0 0
1615461777916803 133811754481344 coll_end 0 0
1615461781174464 133811754481344 drain_beg 0 0
1615461781176234 133811754481344 drain_end 1 0
1615461781177134 133811754481344 subm_beg 1 0
1615461781188123 133811746088640 emit_beg 813 0
1615461784557490 133811754481344 subm_end 1 0
1615461784557960 133811754481344 pump_beg 1 0
1615461790053728 133811746088640 emit_end 813 0
1615461800019632 133811754481344 pump_end 1 2
1615461800020582 133811754481344 join_beg 1 0
1615461800021232 133811754481344 join_end 0 0
1615461801783707 133811754481344 coll_beg 0 0
1615461809151017 133811754481344 coll_end 0 0
1615461810822166 133811746088640 emit_beg 814 0
1615461812564032 133811754481344 drain_beg 0 0
1615461812564862 133811754481344 drain_end 1 0
1615461812565322 133811754481344 subm_beg 1 0
1615461817687003 133811754481344 subm_end 1 0
1615461817687313 133811754481344 pump_beg 1 0
1615461819831655 133811746088640 emit_end 814 0
1615461833902218 133811754481344 pump_end 1 2
1615461833902968 133811754481344 join_beg 1 0
1615461833903578 133811754481344 join_end 0 0
1615461836561771 133811754481344 coll_beg 0 0
1615461843677590 133811754481344 coll_end 0 0
1615461846027053 133811754481344 drain_beg 0 0
1615461846027833 133811754481344 drain_end 1 0
1615461846028463 133811754481344 subm_beg 1 0
1615461846056302 133811746088640 emit_beg 815 0
1615461849390180 133811754481344 subm_end 1 0
1615461849390610 133811754481344 pump_beg 1 0
1615461854952846 133811746088640 emit_end 815 0
1615461864665109 133811754481344 pump_end 1 2
1615461864666209 133811754481344 join_beg 1 0
1615461864666759 133811754481344 join_end 0 0
1615461866442294 133811754481344 coll_beg 0 0
1615461873289902 133811754481344 coll_end 0 0
1615461882175136 133811746088640 emit_beg 816 0
1615461905606046 133811746088640 emit_end 816 0
1615461936852929 133811754481344 drain_beg 0 0
1615461936856429 133811754481344 drain_end 1 0
1615461936857799 133811754481344 subm_beg 1 0
1615461942895237 133811754481344 subm_end 1 0
1615461942896177 133811754481344 pump_beg 1 0
1615461960397535 133811754481344 pump_end 1 2
1615461960405165 133811754481344 join_beg 1 0
1615461960407334 133811754481344 join_end 0 0
1615461963414834 133811754481344 coll_beg 0 0
1615461972134024 133811754481344 coll_end 0 0
1615461974656271 133811754481344 drain_beg 0 0
1615461974657201 133811754481344 drain_end 1 0
1615461974658051 133811754481344 subm_beg 1 0
1615461974663791 133811746088640 emit_beg 817 0
1615461976992976 133811754481344 subm_end 1 0
1615461976993546 133811754481344 pump_beg 1 0
1615461984660884 133811746088640 emit_end 817 0
1615461994122977 133811754481344 pump_end 1 2
1615461994124427 133811754481344 join_beg 1 0
1615461994125407 133811754481344 join_end 0 0
1615461997860170 133811754481344 coll_beg 0 0
1615462007203947 133811754481344 coll_end 0 0
1615462012527591 133811746088640 emit_beg 818 0
1615462014833896 133811754481344 drain_beg 0 0
1615462014834536 133811754481344 drain_end 1 0
1615462014834976 133811754481344 subm_beg 1 0
1615462023811087 133811754481344 subm_end 1 0
1615462023812267 133811754481344 pump_beg 1 0
1615462027719294 133811746088640 emit_end 818 0
1615462041064674 133811754481344 pump_end 1 2
1615462041069444 133811754481344 join_beg 1 0
1615462041071353 133811754481344 join_end 0 0
1615462047693520 133811754481344 coll_beg 0 0
1615462057673704 133811754481344 coll_end 0 0
1615462060952504 133811746088640 emit_beg 819 0
1615462072737021 133811746088640 emit_end 819 0
1615462101782765 133811754481344 drain_beg 0 0
1615462101784615 133811754481344 drain_end 1 0
1615462101785465 133811754481344 subm_beg 1 0
1615462107800894 133811754481344 subm_end 1 0
1615462107802604 133811754481344 pump_beg 1 0
1615462124466612 133811754481344 pump_end 1 2
1615462124477092 133811754481344 join_beg 1 0
1615462124479922 133811754481344 join_end 0 0
1615462127919325 133811754481344 coll_beg 0 0
1615462135846254 133811754481344 coll_end 0 0
1615462138835794 133811754481344 drain_beg 0 0
1615462138837734 133811754481344 drain_end 1 0
1615462138839084 133811754481344 subm_beg 1 0
1615462138838544 133811746088640 emit_beg 820 0
1615462143133197 133811754481344 subm_end 1 0
1615462143133657 133811754481344 pump_beg 1 0
1615462151745741 133811746088640 emit_end 820 0
1615462159009274 133811754481344 pump_end 1 2
1615462159010694 133811754481344 join_beg 1 0
1615462159011574 133811754481344 join_end 0 0
1615462161783872 133811754481344 coll_beg 0 0
1615462168904701 133811754481344 coll_end 0 0
1615462174295773 133811746088640 emit_beg 821 0
1615462189579252 133811746088640 emit_end 821 0
1615462216706226 133811754481344 drain_beg 0 0
1615462216708836 133811754481344 drain_end 1 0
1615462216710106 133811754481344 subm_beg 1 0
1615462222112478 133811754481344 subm_end 1 0
1615462222113088 133811754481344 pump_beg 1 0
1615462239235799 133811754481344 pump_end 1 2
1615462239243039 133811754481344 join_beg 1 0
1615462239245089 133811754481344 join_end 0 0
1615462242172021 133811754481344 coll_beg 0 0
1615462250897741 133811754481344 coll_end 0 0
1615462253979928 133811754481344 drain_beg 0 0
1615462253980858 133811754481344 drain_end 1 0
1615462253981658 133811754481344 subm_beg 1 0
1615462254017526 133811746088640 emit_beg 822 0
1615462256945139 133811754481344 subm_end 1 0
1615462256945689 133811754481344 pump_beg 1 0
1615462267549510 133811746088640 emit_end 822 0
1615462273862718 133811754481344 pump_end 1 2
1615462273864528 133811754481344 join_beg 1 0
1615462273865588 133811754481344 join_end 0 0
1615462285538069 133811754481344 coll_beg 0 0
1615462298493034 133811754481344 coll_end 0 0
1615462302242476 133811746088640 emit_beg 823 0
1615462316890278 133811746088640 emit_end 823 0
1615462343345327 133811754481344 drain_beg 0 0
1615462343347667 133811754481344 drain_end 1 0
1615462343348647 133811754481344 subm_beg 1 0
1615462347653239 133811754481344 subm_end 1 0
1615462347653999 133811754481344 pump_beg 1 0
1615462370157883 133811754481344 pump_end 1 2
1615462370168503 133811754481344 join_beg 1 0
1615462370171212 133811754481344 join_end 0 0
1615462372885963 133811754481344 coll_beg 0 0
1615462387644271 133811754481344 coll_end 0 0
1615462390654921 133811754481344 drain_beg 0 0
1615462390657300 133811754481344 drain_end 1 0
1615462390658620 133811754481344 subm_beg 1 0
1615462390679070 133811746088640 emit_beg 824 0
1615462393633601 133811754481344 subm_end 1 0
1615462393635211 133811754481344 pump_beg 1 0
1615462405130359 133811746088640 emit_end 824 0
1615462409711431 133811754481344 pump_end 1 2
1615462409712171 133811754481344 join_beg 1 0
1615462409713081 133811754481344 join_end 0 0
1615462412182850 133811754481344 coll_beg 0 0
1615462420480886 133811754481344 coll_end 0 0
1615462423475466 133811754481344 drain_beg 0 0
1615462423476636 133811754481344 drain_end 1 0
1615462423477706 133811754481344 subm_beg 1 0
1615462423482486 133811746088640 emit_beg 825 0
1615462427629613 133811754481344 subm_end 1 0
1615462427630143 133811754481344 pump_beg 1 0
1615462434343627 133811746088640 emit_end 825 0
1615462444210125 133811754481344 pump_end 1 2
1615462444217664 133811754481344 join_beg 1 0
1615462444219934 133811754481344 join_end 0 0
1615462446655285 133811754481344 coll_beg 0 0
1615462458754411 133811754481344 coll_end 0 0
1615462461068796 133811746088640 emit_beg 826 0
1615462463041163 133811754481344 drain_beg 0 0
1615462463042043 133811754481344 drain_end 1 0
1615462463042553 133811754481344 subm_beg 1 0
1615462467283818 133811754481344 subm_end 1 0
1615462467287477 133811754481344 pump_beg 1 0
1615462473451841 133811746088640 emit_end 826 0
1615462483583879 133811754481344 pump_end 1 2
1615462483590569 133811754481344 join_beg 1 0
1615462483592679 133811754481344 join_end 0 0
1615462486308359 133811754481344 coll_beg 0 0
1615462494879875 133811754481344 coll_end 0 0
1615462498531440 133811746088640 emit_beg 827 0
1615462509100143 133811746088640 emit_end 827 0
1615462529965257 133811754481344 drain_beg 0 0
1615462529967257 133811754481344 drain_end 1 0
1615462529967957 133811754481344 subm_beg 1 0
1615462534151403 133811754481344 subm_end 1 0
1615462534151903 133811754481344 pump_beg 1 0
1615462550728324 133811754481344 pump_end 1 2
1615462550736584 133811754481344 join_beg 1 0
1615462550738774 133811754481344 join_end 0 0
1615462553111507 133811754481344 coll_beg 0 0
1615462562096467 133811754481344 coll_end 0 0
1615462564654733 133811754481344 drain_beg 0 0
1615462564655813 133811754481344 drain_end 1 0
1615462564656763 133811754481344 subm_beg 1 0
1615462564664983 133811746088640 emit_beg 828 0
1615462566887311 133811754481344 subm_end 1 0
1615462566887871 133811754481344 pump_beg 1 0
1615462573826447 133811746088640 emit_end 828 0
1615462584658799 133811754481344 pump_end 1 2
1615462584660979 133811754481344 join_beg 1 0
1615462584662069 133811754481344 join_end 0 0
1615462586872838 133811754481344 coll_beg 0 0
1615462595967394 133811754481344 coll_end 0 0
1615462598433093 133811746088640 emit_beg 829 0
1615462600952831 133811754481344 drain_beg 0 0
1615462600953951 133811754481344 drain_end 1 0
1615462600955151 133811754481344 subm_beg 1 0
1615462607901766 133811754481344 subm_end 1 0
1615462607902916 133811754481344 pump_beg 1 0
1615462611466225 133811746088640 emit_end 829 0
1615462625412093 133811754481344 pump_end 1 2
1615462625416803 133811754481344 join_beg 1 0
1615462625418563 133811754481344 join_end 0 0
1615462628811158 133811754481344 coll_beg 0 0
1615462640184611 133811754481344 coll_end 0 0
1615462643867745 133811754481344 drain_beg 0 0
1615462643870395 133811754481344 drain_end 1 0
1615462643870145 133811746088640 emit_beg 830 0
1615462643872625 133811754481344 subm_beg 1 0
1615462650555760 133811754481344 subm_end 1 0
1615462650556580 133811754481344 pump_beg 1 0
1615462655437761 133811746088640 emit_end 830 0
1615462666806103 133811754481344 pump_end 1 2
1615462666807573 133811754481344 join_beg 1 0
1615462666808603 133811754481344 join_end 0 0
1615462669079720 133811754481344 coll_beg 0 0
1615462677704933 133811754481344 coll_end 0 0
1615462681678657 133811746088640 emit_beg 831 0
1615462684268022 133811754481344 drain_beg 0 0
1615462684270512 133811754481344 drain_end 1 0
1615462684271922 133811754481344 subm_beg 1 0
1615462691807076 133811754481344 subm_end 1 0
1615462691807466 133811754481344 pump_beg 1 0
1615462694837874 133811746088640 emit_end 831 0
1615462707931944 133811754481344 pump_end 1 2
1615462707933564 133811754481344 join_beg 1 0
1615462707934184 133811754481344 join_end 0 0
1615462711026730 133811754481344 coll_beg 0 0
1615462720069528 133811754481344 coll_end 0 0
1615462722701851 133811754481344 drain_beg 0 0
1615462722702751 133811754481344 drain_end 1 0
1615462722703371 133811754481344 subm_beg 1 0
1615462722707061 133811746088640 emit_beg 832 0
1615462726020340 133811754481344 subm_end 1 0
1615462726020780 133811754481344 pump_beg 1 0
1615462731413762 133811746088640 emit_end 832 0
1615462742885600 133811754481344 pump_end 1 2
1615462742886680 133811754481344 join_beg 1 0
1615462742887390 133811754481344 join_end 0 0
1615462744616067 133811754481344 coll_beg 0 0
1615462753330977 133811754481344 coll_end 0 0
1615462755636672 133811754481344 drain_beg 0 0
1615462755637322 133811754481344 drain_end 1 0
1615462755637952 133811754481344 subm_beg 1 0
1615462755643972 133811746088640 emit_beg 833 0
1615462759040887 133811754481344 subm_end 1 0
1615462759041647 133811754481344 pump_beg 1 0
1615462764486878 133811746088640 emit_end 833 0
1615462775890589 133811754481344 pump_end 1 2
1615462775891769 133811754481344 join_beg 1 0
1615462775892669 133811754481344 join_end 0 0
1615462777700552 133811754481344 coll_beg 0 0
1615462785576723 133811754481344 coll_end 0 0
1615462788670320 133811754481344 drain_beg 0 0
1615462788670940 133811754481344 drain_end 1 0
1615462788671730 133811754481344 subm_beg 1 0
1615462788678270 133811746088640 emit_beg 834 0
1615462792042146 133811754481344 subm_end 1 0
1615462792042636 133811754481344 pump_beg 1 0
1615462797656910 133811746088640 emit_end 834 0
1615462808862419 133811754481344 pump_end 1 2
1615462808863699 133811754481344 join_beg 1 0
1615462808864619 133811754481344 join_end 0 0
1615462810664542 133811754481344 coll_beg 0 0
1615462818334801 133811754481344 coll_end 0 0
1615462820102466 133811746088640 emit_beg 835 0
1615462821839592 133811754481344 drain_beg 0 0
1615462821841272 133811754481344 drain_end 1 0
1615462821842092 133811754481344 subm_beg 1 0
1615462826918456 133811754481344 subm_end 1 0
1615462826919576 133811754481344 pump_beg 1 0
1615462828961281 133811746088640 emit_end 835 0
1615462844567638 133811754481344 pump_end 1 2
1615462844577317 133811754481344 join_beg 1 0
1615462844580107 133811754481344 join_end 0 0
1615462846631192 133811754481344 coll_beg 0 0
1615462854854770 133811754481344 coll_end 0 0
1615462856647964 133811754481344 drain_beg 0 0
1615462856648824 133811754481344 drain_end 1 0
1615462856649684 133811754481344 subm_beg 1 0
1615462856675743 133811746088640 emit_beg 836 0
1615462858369871 133811754481344 subm_end 1 0
1615462858370251 133811754481344 pump_beg 1 0
1615462864520395 133811746088640 emit_end 836 0
1615462874418772 133811754481344 pump_end 1 2
1615462874420052 133811754481344 join_beg 1 0
1615462874420782 133811754481344 join_end 0 0
1615462876153808 133811754481344 coll_beg 0 0
1615462883771909 133811754481344 coll_end 0 0
1615462886483909 133811746088640 emit_beg 837 0
1615462888161758 133811754481344 drain_beg 0 0
1615462888164938 133811754481344 drain_end 1 0
1615462888166487 133811754481344 subm_beg 1 0
1615462893353787 133811754481344 subm_end 1 0
1615462893357277 133811754481344 pump_beg 1 0
1615462895472429 133811746088640 emit_end 837 0
1615462909612680 133811754481344 pump_end 1 2
1615462909617460 133811754481344 join_beg 1 0
1615462909619130 133811754481344 join_end 0 0
1615462913049744 133811754481344 coll_beg 0 0
1615462921690137 133811754481344 coll_end 0 0
1615462924264602 133811754481344 drain_beg 0 0
1615462924266742 133811754481344 drain_end 1 0
1615462924268022 133811754481344 subm_beg 1 0
1615462924281972 133811746088640 emit_beg 838 0
1615462927646128 133811754481344 subm_end 1 0
1615462927646648 133811754481344 pump_beg 1 0
1615462933276252 133811746088640 emit_end 838 0
1615462943817284 133811754481344 pump_end 1 2
1615462943818924 133811754481344 join_beg 1 0
1615462943819554 133811754481344 join_end 0 0
1615462945650727 133811754481344 coll_beg 0 0
1615462953740660 133811754481344 coll_end 0 0
1615462956734220 133811754481344 drain_beg 0 0
1615462956735090 133811754481344 drain_end 1 0
1615462956735800 133811746088640 emit_beg 839 0
1615462956735930 133811754481344 subm_beg 1 0
1615462960194923 133811754481344 subm_end 1 0
1615462960195373 133811754481344 pump_beg 1 0
1615462965596975 133811746088640 emit_end 839 0
1615462976952668 133811754481344 pump_end 1 2
1615462976953558 133811754481344 join_beg 1 0
1615462976953898 133811754481344 join_end 0 0
1615462978708934 133811754481344 coll_beg 0 0
1615462986682871 133811754481344 coll_end 0 0
1615462988457566 133811746088640 emit_beg 840 0
1615462990192572 133811754481344 drain_beg 0 0
1615462990193042 133811754481344 drain_end 1 0
1615462990193492 133811754481344 subm_beg 1 0
1615462995395321 133811754481344 subm_end 1 0
1615462995395501 133811754481344 pump_beg 1 0
1615462999381025 133811746088640 emit_end 840 0
1615463012177955 133811754481344 pump_end 1 2
1615463012178835 133811754481344 join_beg 1 0
1615463012179295 133811754481344 join_end 0 0
1615463014247609 133811754481344 coll_beg 0 0
1615463024786002 133811754481344 coll_end 0 0
1615463026605395 133811754481344 drain_beg 0 0
1615463026606445 133811754481344 drain_end 1 0
1615463026607225 133811754481344 subm_beg 1 0
1615463026629175 133811746088640 emit_beg 841 0
1615463028295334 133811754481344 subm_end 1 0
1615463028295803 133811754481344 pump_beg 1 0
1615463033933536 133811746088640 emit_end 841 0
1615463045034559 133811754481344 pump_end 1 2
1615463045036359 133811754481344 join_beg 1 0
1615463045036979 133811754481344 join_end 0 0
1615463046949089 133811754481344 coll_beg 0 0
1615463055219555 133811754481344 coll_end 0 0
1615463058382339 133811754481344 drain_beg 0 0
1615463058383249 133811754481344 drain_end 1 0
1615463058383979 133811754481344 subm_beg 1 0
1615463058405408 133811746088640 emit_beg 842 0
1615463061950778 133811754481344 subm_end 1 0
1615463061951178 133811754481344 pump_beg 1 0
1615463067928179 133811746088640 emit_end 842 0
1615463078706073 133811754481344 pump_end 1 2
1615463078707123 133811754481344 join_beg 1 0
1615463078707483 133811754481344 join_end 0 0
1615463080589414 133811754481344 coll_beg 0 0
1615463088619729 133811754481344 coll_end 0 0
1615463092175698 133811754481344 drain_beg 0 0
1615463092176268 133811754481344 drain_end 1 0
1615463092176988 133811754481344 subm_beg 1 0
1615463092199068 133811746088640 emit_beg 843 0
1615463095722978 133811754481344 subm_end 1 0
1615463095723368 133811754481344 pump_beg 1 0
1615463101498756 133811746088640 emit_end 843 0
1615463111461531 133811754481344 pump_end 1 2
1615463111462071 133811754481344 join_beg 1 0
1615463111462361 133811754481344 join_end 0 0
1615463113368491 133811754481344 coll_beg 0 0
1615463122362640 133811754481344 coll_end 0 0
1615463124214802 133811746088640 emit_beg 844 0
1615463125953398 133811754481344 drain_beg 0 0
1615463125954238 133811754481344 drain_end 1 0
1615463125954698 133811754481344 subm_beg 1 0
1615463131398079 133811754481344 subm_end 1 0
1615463131398399 133811754481344 pump_beg 1 0
1615463135257457 133811746088640 emit_end 844 0
1615463146584941 133811754481344 pump_end 1 2
1615463146585841 133811754481344 join_beg 1 0
1615463146586111 133811754481344 join_end 0 0
1615463149742515 133811754481344 coll_beg 0 0
1615463157952234 133811754481344 coll_end 0 0
1615463161457515 133811746088640 emit_beg 845 0
1615463161461185 133811754481344 drain_beg 0 0
1615463161463655 133811754481344 drain_end 1 0
1615463161465155 133811754481344 subm_beg 1 0
1615463165040424 133811754481344 subm_end 1 0
1615463165041044 133811754481344 pump_beg 1 0
1615463168841124 133811746088640 emit_end 845 0
1615463180863003 133811754481344 pump_end 1 2
1615463180864513 133811754481344 join_beg 1 0
1615463180865473 133811754481344 join_end 0 0
1615463182733604 133811754481344 coll_beg 0 0
1615463189529335 133811754481344 coll_end 0 0
1615463191710565 133811746088640 emit_beg 846 0
1615463193525188 133811754481344 drain_beg 0 0
1615463193528108 133811754481344 drain_end 1 0
1615463193528858 133811754481344 subm_beg 1 0
1615463199202680 133811754481344 subm_end 1 0
1615463199203190 133811754481344 pump_beg 1 0
1615463201205396 133811746088640 emit_end 846 0
1615463214892744 133811754481344 pump_end 1 2
1615463214894224 133811754481344 join_beg 1 0
1615463214894914 133811754481344 join_end 0 0
1615463216830133 133811754481344 coll_beg 0 0
1615463225387128 133811754481344 coll_end 0 0
1615463228369889 133811746088640 emit_beg 847 0
1615463230152024 133811754481344 drain_beg 0 0
1615463230154973 133811754481344 drain_end 1 0
1615463230156273 133811754481344 subm_beg 1 0
1615463235564585 133811754481344 subm_end 1 0
1615463235565325 133811754481344 pump_beg 1 0
1615463239464772 133811746088640 emit_end 847 0
1615463251375294 133811754481344 pump_end 1 2
1615463251376884 133811754481344 join_beg 1 0
1615463251378084 133811754481344 join_end 0 0
1615463255055099 133811754481344 coll_beg 0 0
1615463262330902 133811754481344 coll_end 0 0
1615463264693385 133811754481344 drain_beg 0 0
1615463264693905 133811754481344 drain_end 1 0
1615463264694395 133811754481344 subm_beg 1 0
1615463264719135 133811746088640 emit_beg 848 0
1615463268245775 133811754481344 subm_end 1 0
1615463268246125 133811754481344 pump_beg 1 0
1615463274186997 133811746088640 emit_end 848 0
1615463284431661 133811754481344 pump_end 1 2
1615463284432401 133811754481344 join_beg 1 0
1615463284432741 133811754481344 join_end 0 0
1615463286289573 133811754481344 coll_beg 0 0
1615463294094616 133811754481344 coll_end 0 0
1615463295937189 133811746088640 emit_beg 849 0
1615463297697594 133811754481344 drain_beg 0 0
1615463297698254 133811754481344 drain_end 1 0
1615463297698754 133811754481344 subm_beg 1 0
1615463303035548 133811754481344 subm_end 1 0
1615463303036098 133811754481344 pump_beg 1 0
1615463306867377 133811746088640 emit_end 849 0
1615463319304671 133811754481344 pump_end 1 2
1615463319305801 133811754481344 join_beg 1 0
1615463319306241 133811754481344 join_end 0 0
1615463321192081 133811754481344 coll_beg 0 0
1615463329811625 133811754481344 coll_end 0 0
1615463332728168 133811754481344 drain_beg 0 0
1615463332729998 133811754481344 drain_end 1 0
1615463332731038 133811754481344 subm_beg 1 0
1615463332746537 133811746088640 emit_beg 850 0
1615463336422922 133811754481344 subm_end 1 0
1615463336424562 133811754481344 pump_beg 1 0
1615463342520369 133811746088640 emit_end 850 0
1615463352551630 133811754481344 pump_end 1 2
1615463352553400 133811754481344 join_beg 1 0
1615463352554900 133811754481344 join_end 0 0
1615463354463890 133811754481344 coll_beg 0 0
1615463363104173 133811754481344 coll_end 0 0
1615463365058591 133811746088640 emit_beg 851 0
1615463366932662 133811754481344 drain_beg 0 0
1615463366937882 133811754481344 drain_end 1 0
1615463366939392 133811754481344 subm_beg 1 0
1615463372334334 133811754481344 subm_end 1 0
1615463372335214 133811754481344 pump_beg 1 0
1615463374694678 133811746088640 emit_end 851 0
1615463389601490 133811754481344 pump_end 1 2
1615463389602330 133811754481344 join_beg 1 0
1615463389602800 133811754481344 join_end 0 0
1615463392377098 133811754481344 coll_beg 0 0
1615463406722742 133811754481344 coll_end 0 0
1615463408572494 133811754481344 drain_beg 0 0
1615463408574404 133811754481344 drain_end 1 0
1615463408575504 133811754481344 subm_beg 1 0
1615463408592333 133811746088640 emit_beg 852 0
1615463412231480 133811754481344 subm_end 1 0
1615463412233260 133811754481344 pump_beg 1 0
1615463418061566 133811746088640 emit_end 852 0
1615463429311323 133811754481344 pump_end 1 2
1615463429311893 133811754481344 join_beg 1 0
1615463429312433 133811754481344 join_end 0 0
1615463432539114 133811754481344 coll_beg 0 0
1615463441376260 133811754481344 coll_end 0 0
1615463444103959 133811754481344 drain_beg 0 0
1615463444104389 133811754481344 drain_end 1 0
1615463444104719 133811754481344 subm_beg 1 0
1615463444126489 133811746088640 emit_beg 853 0
1615463448362463 133811754481344 subm_end 1 0
1615463448362873 133811754481344 pump_beg 1 0
1615463454469259 133811746088640 emit_end 853 0
1615463465913179 133811754481344 pump_end 1 2
1615463465915259 133811754481344 join_beg 1 0
1615463465916439 133811754481344 join_end 0 0
1615463469515977 133811754481344 coll_beg 0 0
1615463482511250 133811754481344 coll_end 0 0
1615463484440969 133811754481344 drain_beg 0 0
1615463484441409 133811754481344 drain_end 1 0
1615463484441899 133811754481344 subm_beg 1 0
1615463484446279 133811746088640 emit_beg 854 0
1615463487717488 133811754481344 subm_end 1 0
1615463487717848 133811754481344 pump_beg 1 0
1615463493270965 133811746088640 emit_end 854 0
1615463503450651 133811754481344 pump_end 1 2
1615463503451141 133811754481344 join_beg 1 0
1615463503451431 133811754481344 join_end 0 0
1615463505187637 133811754481344 coll_beg 0 0
1615463517199646 133811754481344 coll_end 0 0
1615463518948232 133811754481344 drain_beg 0 0
1615463518948702 133811754481344 drain_end 1 0
1615463518949002 133811754481344 subm_beg 1 0
1615463518972471 133811746088640 emit_beg 855 0
1615463520642530 133811754481344 subm_end 1 0
1615463520642910 133811754481344 pump_beg 1 0
1615463528118575 133811746088640 emit_end 855 0
1615463535946518 133811754481344 pump_end 1 2
1615463535947438 133811754481344 join_beg 1 0
1615463535947838 133811754481344 join_end 0 0
1615463537930825 133811754481344 coll_beg 0 0
1615463547403867 133811754481344 coll_end 0 0
1615463549742242 133811746088640 emit_beg 856 0
1615463551431410 133811754481344 drain_beg 0 0
1615463551434880 133811754481344 drain_end 1 0
1615463551436050 133811754481344 subm_beg 1 0
1615463556595940 133811754481344 subm_end 1 0
1615463556598070 133811754481344 pump_beg 1 0
1615463558485761 133811746088640 emit_end 856 0
1615463571852440 133811754481344 pump_end 1 2
1615463571854720 133811754481344 join_beg 1 0
1615463571855640 133811754481344 join_end 0 0
1615463574823091 133811754481344 coll_beg 0 0
1615463581724058 133811754481344 coll_end 0 0
1615463584049352 133811754481344 drain_beg 0 0
1615463584050072 133811754481344 drain_end 1 0
1615463584050682 133811754481344 subm_beg 1 0
1615463584074501 133811746088640 emit_beg 857 0
1615463587659460 133811754481344 subm_end 1 0
1615463587659770 133811754481344 pump_beg 1 0
1615463593125879 133811746088640 emit_end 857 0
1615463603157491 133811754481344 pump_end 1 2
1615463603159861 133811754481344 join_beg 1 0
1615463603160781 133811754481344 join_end 0 0
1615463604970064 133811754481344 coll_beg 0 0
1615463612234318 133811754481344 coll_end 0 0
1615463613964974 133811746088640 emit_beg 858 0
1615463615684141 133811754481344 drain_beg 0 0
1615463615684721 133811754481344 drain_end 1 0
1615463615685231 133811754481344 subm_beg 1 0
1615463620861901 133811754481344 subm_end 1 0
1615463620862511 133811754481344 pump_beg 1 0
1615463622990803 133811746088640 emit_end 858 0
1615463635501124 133811754481344 pump_end 1 2
1615463635504193 133811754481344 join_beg 1 0
1615463635505563 133811754481344 join_end 0 0
1615463640598576 133811754481344 coll_beg 0 0
1615463648796425 133811754481344 coll_end 0 0
1615463650547101 133811754481344 drain_beg 0 0
1615463650547791 133811754481344 drain_end 1 0
1615463650548211 133811754481344 subm_beg 1 0
1615463650571260 133811746088640 emit_beg 859 0
1615463653990775 133811754481344 subm_end 1 0
1615463653991265 133811754481344 pump_beg 1 0
1615463659495773 133811746088640 emit_end 859 0
1615463670373084 133811754481344 pump_end 1 2
1615463670378503 133811754481344 join_beg 1 0
1615463670380723 133811754481344 join_end 0 0
1615463673240088 133811754481344 coll_beg 0 0
1615463680744213 133811754481344 coll_end 0 0
1615463682491429 133811754481344 drain_beg 0 0
1615463682491899 133811754481344 drain_end 1 0
1615463682492139 133811754481344 subm_beg 1 0
1615463682516408 133811746088640 emit_beg 860 0
1615463684162667 133811754481344 subm_end 1 0
1615463684163017 133811754481344 pump_beg 1 0
1615463691539527 133811746088640 emit_end 860 0
1615463700206958 133811754481344 pump_end 1 2
1615463700209788 133811754481344 join_beg 1 0
1615463700211398 133811754481344 join_end 0 0
1615463702005602 133811754481344 coll_beg 0 0
1615463709370292 133811754481344 coll_end 0 0
1615463711204975 133811746088640 emit_beg 861 0
1615463712907402 133811754481344 drain_beg 0 0
1615463712909312 133811754481344 drain_end 1 0
1615463712910632 133811754481344 subm_beg 1 0
1615463718203068 133811754481344 subm_end 1 0
1615463718203688 133811754481344 pump_beg 1 0
1615463721978599 133811746088640 emit_end 861 0
1615463733806315 133811754481344 pump_end 1 2
1615463733809125 133811754481344 join_beg 1 0
1615463733810265 133811754481344 join_end 0 0
1615463735592019 133811754481344 coll_beg 0 0
1615463742661410 133811754481344 coll_end 0 0
1615463744430035 133811746088640 emit_beg 862 0
1615463746081384 133811754481344 drain_beg 0 0
1615463746084204 133811754481344 drain_end 1 0
1615463746085374 133811754481344 subm_beg 1 0
1615463751203756 133811754481344 subm_end 1 0
1615463751205646 133811754481344 pump_beg 1 0
1615463756853819 133811746088640 emit_end 862 0
1615463766225425 133811754481344 pump_end 1 2
1615463766227325 133811754481344 join_beg 1 0
1615463766227885 133811754481344 join_end 0 0
1615463768027239 133811754481344 coll_beg 0 0
1615463774779791 133811754481344 coll_end 0 0
1615463776624623 133811754481344 drain_beg 0 0
1615463776626193 133811754481344 drain_end 1 0
1615463776627353 133811754481344 subm_beg 1 0
1615463776650012 133811746088640 emit_beg 863 0
1615463779952541 133811754481344 subm_end 1 0
1615463779952971 133811754481344 pump_beg 1 0
1615463785594844 133811746088640 emit_end 863 0
1615463795364885 133811754481344 pump_end 1 2
1615463795368065 133811754481344 join_beg 1 0
1615463795368925 133811754481344 join_end 0 0
1615463797197208 133811754481344 coll_beg 0 0
1615463805572200 133811754481344 coll_end 0 0
1615463808619988 133811754481344 drain_beg 0 0
1615463808621308 133811754481344 drain_end 1 0
1615463808622278 133811754481344 subm_beg 1 0
1615463808644688 133811746088640 emit_beg 864 0
1615463812022354 133811754481344 subm_end 1 0
1615463812023134 133811754481344 pump_beg 1 0
1615463817583570 133811746088640 emit_end 864 0
1615463829523821 133811754481344 pump_end 1 2
1615463829528081 133811754481344 join_beg 1 0
1615463829529671 133811754481344 join_end 0 0
1615463831890634 133811754481344 coll_beg 0 0
1615463840968581 133811754481344 coll_end 0 0
1615463843053435 133811754481344 drain_beg 0 0
1615463843056244 133811754481344 drain_end 1 0
1615463843057804 133811754481344 subm_beg 1 0
1615463843075254 133811746088640 emit_beg 865 0
1615463844861128 133811754481344 subm_end 1 0
1615463844862908 133811754481344 pump_beg 1 0
1615463852578335 133811746088640 emit_end 865 0
1615463862537459 133811754481344 pump_end 1 2
1615463862538819 133811754481344 join_beg 1 0
1615463862539919 133811754481344 join_end 0 0
1615463864401291 133811754481344 coll_beg 0 0
1615463873675840 133811754481344 coll_end 0 0
1615463876493947 133811754481344 drain_beg 0 0
1615463876494727 133811754481344 drain_end 1 0
1615463876495517 133811754481344 subm_beg 1 0
1615463876520626 133811746088640 emit_beg 866 0
1615463879964940 133811754481344 subm_end 1 0
1615463879965510 133811754481344 pump_beg 1 0
1615463885720878 133811746088640 emit_end 866 0
1615463897451038 133811754481344 pump_end 1 2
1615463897452628 133811754481344 join_beg 1 0
1615463897454238 133811754481344 join_end 0 0
1615463899282790 133811754481344 coll_beg 0 0
1615463907841086 133811754481344 coll_end 0 0
1615463910045995 133811746088640 emit_beg 867 0
1615463911822870 133811754481344 drain_beg 0 0
1615463911826660 133811754481344 drain_end 1 0
1615463911828010 133811754481344 subm_beg 1 0
1615463917204943 133811754481344 subm_end 1 0
1615463917207242 133811754481344 pump_beg 1 0
1615463919309485 133811746088640 emit_end 867 0
1615463933498184 133811754481344 pump_end 1 2
1615463933501524 133811754481344 join_beg 1 0
1615463933502324 133811754481344 join_end 0 0
1615463935441073 133811754481344 coll_beg 0 0
1615463944246800 133811754481344 coll_end 0 0
1615463947009398 133811746088640 emit_beg 868 0
1615463948829092 133811754481344 drain_beg 0 0
1615463948831841 133811754481344 drain_end 1 0
1615463948832961 133811754481344 subm_beg 1 0
1615463954307031 133811754481344 subm_end 1 0
1615463954309061 133811754481344 pump_beg 1 0
1615463956442712 133811746088640 emit_end 868 0
1615463970486217 133811754481344 pump_end 1 2
1615463970489426 133811754481344 join_beg 1 0
1615463970491026 133811754481344 join_end 0 0
1615463973283474 133811754481344 coll_beg 0 0
1615463981745853 133811754481344 coll_end 0 0
1615463984284780 133811754481344 drain_beg 0 0
1615463984285900 133811754481344 drain_end 1 0
1615463984286550 133811754481344 subm_beg 1 0
1615463984312479 133811746088640 emit_beg 869 0
1615463987871538 133811754481344 subm_end 1 0
1615463987872028 133811754481344 pump_beg 1 0
1615463993604978 133811746088640 emit_end 869 0
1615464003789564 133811754481344 pump_end 1 2
1615464003791324 133811754481344 join_beg 1 0
1615464003792384 133811754481344 join_end 0 0
1615464005673915 133811754481344 coll_beg 0 0
1615464014141914 133811754481344 coll_end 0 0
1615464017382655 133811754481344 drain_beg 0 0
1615464017383685 133811754481344 drain_end 1 0
1615464017384405 133811754481344 subm_beg 1 0
1615464017406484 133811746088640 emit_beg 870 0
1615464020986413 133811754481344 subm_end 1 0
1615464020986863 133811754481344 pump_beg 1 0
1615464027115078 133811746088640 emit_end 870 0
1615464037356782 133811754481344 pump_end 1 2
1615464037360522 133811754481344 join_beg 1 0
1615464037362282 133811754481344 join_end 0 0
1615464039262892 133811754481344 coll_beg 0 0
1615464046142359 133811754481344 coll_end 0 0
1615464049387280 133811746088640 emit_beg 871 0
1615464051128096 133811754481344 drain_beg 0 0
1615464051130476 133811754481344 drain_end 1 0
1615464051131666 133811754481344 subm_beg 1 0
1615464056618225 133811754481344 subm_end 1 0
1615464056619695 133811754481344 pump_beg 1 0
1615464060645217 133811746088640 emit_end 871 0
1615464074274487 133811754481344 pump_end 1 2
1615464074276077 133811754481344 join_beg 1 0
1615464074277777 133811754481344 join_end 0 0
1615464076182787 133811754481344 coll_beg 0 0
1615464083965861 133811754481344 coll_end 0 0
1615464086611594 133811754481344 drain_beg 0 0
1615464086612154 133811754481344 drain_end 1 0
1615464086612474 133811754481344 subm_beg 1 0
1615464086621563 133811746088640 emit_beg 872 0
1615464090403615 133811754481344 subm_end 1 0
1615464090404044 133811754481344 pump_beg 1 0
1615464094294472 133811746088640 emit_end 872 0
1615464106267872 133811754481344 pump_end 1 2
1615464106272072 133811754481344 join_beg 1 0
1615464106273742 133811754481344 join_end 0 0
1615464108154563 133811754481344 coll_beg 0 0
1615464115477814 133811754481344 coll_end 0 0
1615464117266549 133811746088640 emit_beg 873 0
1615464119118501 133811754481344 drain_beg 0 0
1615464119119100 133811754481344 drain_end 1 0
1615464119119430 133811754481344 subm_beg 1 0
1615464124412006 133811754481344 subm_end 1 0
1615464124412536 133811754481344 pump_beg 1 0
1615464126487840 133811746088640 emit_end 873 0
1615464140279424 133811754481344 pump_end 1 2
1615464140281554 133811754481344 join_beg 1 0
1615464140282424 133811754481344 join_end 0 0
1615464142989524 133811754481344 coll_beg 0 0
1615464152560683 133811754481344 coll_end 0 0
1615464154717134 133811754481344 drain_beg 0 0
1615464154717814 133811754481344 drain_end 1 0
1615464154718144 133811754481344 subm_beg 1 0
1615464154961445 133811746088640 emit_beg 874 0
1615464158413928 133811754481344 subm_end 1 0
1615464158414618 133811754481344 pump_beg 1 0
1615464164297202 133811746088640 emit_end 874 0
1615464176033171 133811754481344 pump_end 1 2
1615464176037931 133811754481344 join_beg 1 0
1615464176039471 133811754481344 join_end 0 0
1615464178024468 133811754481344 coll_beg 0 0
1615464190020288 133811754481344 coll_end 0 0
1615464191912588 133811754481344 drain_beg 0 0
1615464191913508 133811754481344 drain_end 1 0
1615464191914248 133811754481344 subm_beg 1 0
1615464191932227 133811746088640 emit_beg 875 0
1615464193710102 133811754481344 subm_end 1 0
1615464193710542 133811754481344 pump_beg 1 0
1615464199684413 133811746088640 emit_end 875 0
1615464210636901 133811754481344 pump_end 1 2
1615464210640231 133811754481344 join_beg 1 0
1615464210641421 133811754481344 join_end 0 0
1615464212463284 133811754481344 coll_beg 0 0
1615464223201920 133811754481344 coll_end 0 0
1615464226221759 133811754481344 drain_beg 0 0
1615464226224819 133811754481344 drain_end 1 0
1615464226226089 133811754481344 subm_beg 1 0
1615464226238828 133811746088640 emit_beg 876 0
1615464229916983 133811754481344 subm_end 1 0
1615464229918753 133811754481344 pump_beg 1 0
1615464235789818 133811746088640 emit_end 876 0
1615464247195999 133811754481344 pump_end 1 2
1615464247199849 133811754481344 join_beg 1 0
1615464247201799 133811754481344 join_end 0 0
1615464249097969 133811754481344 coll_beg 0 0
1615464256721239 133811754481344 coll_end 0 0
1615464258552942 133811754481344 drain_beg 0 0
1615464258553962 133811754481344 drain_end 1 0
1615464258554522 133811754481344 subm_beg 1 0
1615464258573641 133811746088640 emit_beg 877 0
1615464262164409 133811754481344 subm_end 1 0
1615464262164879 133811754481344 pump_beg 1 0
1615464268026424 133811746088640 emit_end 877 0
1615464278923364 133811754481344 pump_end 1 2
1615464278928894 133811754481344 join_beg 1 0
1615464278930814 133811754481344 join_end 0 0
1615464280751467 133811754481344 coll_beg 0 0
1615464287695272 133811754481344 coll_end 0 0
1615464290915954 133811746088640 emit_beg 878 0
1615464298060352 133811746088640 emit_end 878 0
1615464317284316 133811754481344 drain_beg 0 0
1615464317286386 133811754481344 drain_end 1 0
1615464317287656 133811754481344 subm_beg 1 0
1615464322390759 133811754481344 subm_end 1 0
1615464322391359 133811754481344 pump_beg 1 0
1615464339582798 133811754481344 pump_end 1 2
1615464339584217 133811754481344 join_beg 1 0
1615464339585397 133811754481344 join_end 0 0
1615464341465778 133811754481344 coll_beg 0 0
1615464352194584 133811754481344 coll_end 0 0
1615464354049557 133811754481344 drain_beg 0 0
1615464354050746 133811754481344 drain_end 1 0
1615464354051646 133811754481344 subm_beg 1 0
1615464354066586 133811746088640 emit_beg 879 0
1615464355764684 133811754481344 subm_end 1 0
1615464355765144 133811754481344 pump_beg 1 0
1615464362802135 133811746088640 emit_end 879 0
1615464372702792 133811754481344 pump_end 1 2
1615464372703522 133811754481344 join_beg 1 0
1615464372704102 133811754481344 join_end 0 0
1615464374396260 133811754481344 coll_beg 0 0
1615464382639667 133811754481344 coll_end 0 0
1615464385328218 133811746088640 emit_beg 880 0
1615464387016496 133811754481344 drain_beg 0 0
1615464387017926 133811754481344 drain_end 1 0
1615464387018586 133811754481344 subm_beg 1 0
1615464392253594 133811754481344 subm_end 1 0
1615464392254094 133811754481344 pump_beg 1 0
1615464394507371 133811746088640 emit_end 880 0
1615464408675541 133811754481344 pump_end 1 2
1615464408677171 133811754481344 join_beg 1 0
1615464408678241 133811754481344 join_end 0 0
1615464411552555 133811754481344 coll_beg 0 0
1615464418892456 133811754481344 coll_end 0 0
1615464420651212 133811746088640 emit_beg 881 0
1615464422283432 133811754481344 drain_beg 0 0
1615464422284392 133811754481344 drain_end 1 0
1615464422284922 133811754481344 subm_beg 1 0
1615464427385924 133811754481344 subm_end 1 0
1615464427386234 133811754481344 pump_beg 1 0
1615464429424829 133811746088640 emit_end 881 0
1615464443241852 133811754481344 pump_end 1 2
1615464443243482 133811754481344 join_beg 1 0
1615464443244322 133811754481344 join_end 0 0
1615464446421146 133811754481344 coll_beg 0 0
1615464453327142 133811754481344 coll_end 0 0
1615464455513472 133811754481344 drain_beg 0 0
1615464455514182 133811754481344 drain_end 1 0
1615464455514802 133811754481344 subm_beg 1 0
1615464455539681 133811746088640 emit_beg 882 0
1615464458860169 133811754481344 subm_end 1 0
1615464458860649 133811754481344 pump_beg 1 0
1615464465219186 133811746088640 emit_end 882 0
1615464475495318 133811754481344 pump_end 1 2
1615464475496558 133811754481344 join_beg 1 0
1615464475497218 133811754481344 join_end 0 0
1615464477255264 133811754481344 coll_beg 0 0
1615464484869084 133811754481344 coll_end 0 0
1615464486737916 133811746088640 emit_beg 883 0
1615464488346586 133811754481344 drain_beg 0 0
1615464488348076 133811754481344 drain_end 1 0
1615464488348866 133811754481344 subm_beg 1 0
1615464493676551 133811754481344 subm_end 1 0
1615464493677761 133811754481344 pump_beg 1 0
1615464497669194 133811746088640 emit_end 883 0
1615464512351775 133811754481344 pump_end 1 2
1615464512353845 133811754481344 join_beg 1 0
1615464512354605 133811754481344 join_end 0 0
1615464515644715 133811754481344 coll_beg 0 0
1615464525299960 133811754481344 coll_end 0 0
1615464527077575 133811754481344 drain_beg 0 0
1615464527078185 133811754481344 drain_end 1 0
1615464527078565 133811754481344 subm_beg 1 0
1615464527159282 133811746088640 emit_beg 884 0
1615464530641934 133811754481344 subm_end 1 0
1615464530642434 133811754481344 pump_beg 1 0
1615464536653973 133811746088640 emit_end 884 0
1615464549759792 133811754481344 pump_end 1 2
1615464549767942 133811754481344 join_beg 1 0
1615464549770072 133811754481344 join_end 0 0
1615464552376196 133811754481344 coll_beg 0 0
1615464563178280 133811754481344 coll_end 0 0
1615464565069600 133811754481344 drain_beg 0 0
1615464565070670 133811754481344 drain_end 1 0
1615464565071490 133811754481344 subm_beg 1 0
1615464565095379 133811746088640 emit_beg 885 0
1615464566777977 133811754481344 subm_end 1 0
1615464566778447 133811754481344 pump_beg 1 0
1615464572703280 133811746088640 emit_end 885 0
1615464584147750 133811754481344 pump_end 1 2
1615464584153900 133811754481344 join_beg 1 0
1615464584156379 133811754481344 join_end 0 0
1615464586160806 133811754481344 coll_beg 0 0
1615464596030814 133811754481344 coll_end 0 0
1615464597900345 133811746088640 emit_beg 886 0
1615464597900755 133811754481344 drain_beg 0 0
1615464597910935 133811754481344 drain_end 1 0
1615464597912285 133811754481344 subm_beg 1 0
1615464603083995 133811754481344 subm_end 1 0
1615464603085805 133811754481344 pump_beg 1 0
1615464606902254 133811746088640 emit_end 886 0
1615464619686735 133811754481344 pump_end 1 2
1615464619688165 133811754481344 join_beg 1 0
1615464619689245 133811754481344 join_end 0 0
1615464621527148 133811754481344 coll_beg 0 0
1615464630517608 133811754481344 coll_end 0 0
1615464633249677 133811754481344 drain_beg 0 0
1615464633252247 133811754481344 drain_end 1 0
1615464633253737 133811754481344 subm_beg 1 0
1615464633270496 133811746088640 emit_beg 887 0
1615464636730240 133811754481344 subm_end 1 0
1615464636731010 133811754481344 pump_beg 1 0
1615464642120542 133811746088640 emit_end 887 0
1615464652961904 133811754481344 pump_end 1 2
1615464652963044 133811754481344 join_beg 1 0
1615464652963424 133811754481344 join_end 0 0
1615464654776137 133811754481344 coll_beg 0 0
1615464662870880 133811754481344 coll_end 0 0
1615464665857960 133811754481344 drain_beg 0 0
1615464665858980 133811754481344 drain_end 1 0
1615464665859540 133811754481344 subm_beg 1 0
1615464665883059 133811746088640 emit_beg 888 0
1615464669277295 133811754481344 subm_end 1 0
1615464669277645 133811754481344 pump_beg 1 0
1615464674943717 133811746088640 emit_end 888 0
1615464685579936 133811754481344 pump_end 1 2
1615464685580866 133811754481344 join_beg 1 0
1615464685581276 133811754481344 join_end 0 0
1615464687371581 133811754481344 coll_beg 0 0
1615464695295570 133811754481344 coll_end 0 0
1615464698335228 133811754481344 drain_beg 0 0
1615464698336198 133811754481344 drain_end 1 0
1615464698336978 133811754481344 subm_beg 1 0
1615464698358607 133811746088640 emit_beg 889 0
1615464701658496 133811754481344 subm_end 1 0
1615464701658866 133811754481344 pump_beg 1 0
1615464707251691 133811746088640 emit_end 889 0
1615464717983287 133811754481344 pump_end 1 2
1615464717984427 133811754481344 join_beg 1 0
1615464717984717 133811754481344 join_end 0 0
1615464719799170 133811754481344 coll_beg 0 0
1615464727932982 133811754481344 coll_end 0 0
1615464731364876 133811754481344 drain_beg 0 0
1615464731365666 133811754481344 drain_end 1 0
1615464731366345 133811754481344 subm_beg 1 0
1615464731387045 133811746088640 emit_beg 890 0
1615464734954664 133811754481344 subm_end 1 0
1615464734955424 133811754481344 pump_beg 1 0
1615464740823208 133811746088640 emit_end 890 0
1615464751702939 133811754481344 pump_end 1 2
1615464751706779 133811754481344 join_beg 1 0
1615464751707979 133811754481344 join_end 0 0
1615464753630248 133811754481344 coll_beg 0 0
1615464763070222 133811754481344 coll_end 0 0
1615464765220863 133811754481344 drain_beg 0 0
1615464765224123 133811754481344 drain_end 1 0
1615464765225663 133811754481344 subm_beg 1 0
1615464765243312 133811746088640 emit_beg 891 0
1615464768810531 133811754481344 subm_end 1 0
1615464768811211 133811754481344 pump_beg 1 0
1615464774783112 133811746088640 emit_end 891 0
1615464784729367 133811754481344 pump_end 1 2
1615464784730607 133811754481344 join_beg 1 0
1615464784731197 133811754481344 join_end 0 0
1615464786619947 133811754481344 coll_beg 0 0
1615464794236268 133811754481344 coll_end 0 0
1615464796088620 133811746088640 emit_beg 892 0
1615464797923612 133811754481344 drain_beg 0 0
1615464797926132 133811754481344 drain_end 1 0
1615464797927132 133811754481344 subm_beg 1 0
1615464803410091 133811754481344 subm_end 1 0
1615464803410971 133811754481344 pump_beg 1 0
1615464805559122 133811746088640 emit_end 892 0
1615464819804229 133811754481344 pump_end 1 2
1615464819805809 133811754481344 join_beg 1 0
1615464819806429 133811754481344 join_end 0 0
1615464824334843 133811754481344 coll_beg 0 0
1615464832091918 133811754481344 coll_end 0 0
1615464833921691 133811754481344 drain_beg 0 0
1615464833922421 133811754481344 drain_end 1 0
1615464833923131 133811754481344 subm_beg 1 0
1615464833951050 133811746088640 emit_beg 893 0
1615464835705515 133811754481344 subm_end 1 0
1615464835705935 133811754481344 pump_beg 1 0
1615464841555271 133811746088640 emit_end 893 0
1615464851983398 133811754481344 pump_end 1 2
1615464851985458 133811754481344 join_beg 1 0
1615464851986578 133811754481344 join_end 0 0
1615464853913057 133811754481344 coll_beg 0 0
1615464861635434 133811754481344 coll_end 0 0
1615464863518884 133811746088640 emit_beg 894 0
1615464865352147 133811754481344 drain_beg 0 0
1615464865352857 133811754481344 drain_end 1 0
1615464865353507 133811754481344 subm_beg 1 0
1615464870759209 133811754481344 subm_end 1 0
1615464870759639 133811754481344 pump_beg 1 0
1615464872793624 133811746088640 emit_end 894 0
1615464886889686 133811754481344 pump_end 1 2
1615464886892256 133811754481344 join_beg 1 0
1615464886893146 133811754481344 join_end 0 0
1615464889980833 133811754481344 coll_beg 0 0
1615464898508540 133811754481344 coll_end 0 0
1615464901607166 133811754481344 drain_beg 0 0
1615464901607606 133811754481344 drain_end 1 0
1615464901608226 133811754481344 subm_beg 1 0
1615464901614166 133811746088640 emit_beg 895 0
1615464905227003 133811754481344 subm_end 1 0
1615464905227393 133811754481344 pump_beg 1 0
1615464910931314 133811746088640 emit_end 895 0
1615464921841813 133811754481344 pump_end 1 2
1615464921843273 133811754481344 join_beg 1 0
1615464921843853 133811754481344 join_end 0 0
1615464924551774 133811754481344 coll_beg 0 0
1615464933766296 133811754481344 coll_end 0 0
1615464936805744 133811754481344 drain_beg 0 0
1615464936806254 133811754481344 drain_end 1 0
1615464936806814 133811754481344 subm_beg 1 0
1615464936829133 133811746088640 emit_beg 896 0
1615464940390743 133811754481344 subm_end 1 0
1615464940391103 133811754481344 pump_beg 1 0
1615464946211909 133811746088640 emit_end 896 0
1615464957048901 133811754481344 pump_end 1 2
1615464957051441 133811754481344 join_beg 1 0
1615464957052771 133811754481344 join_end 0 0
1615464958888424 133811754481344 coll_beg 0 0
1615464967360362 133811754481344 coll_end 0 0
1615464969225884 133811746088640 emit_beg 897 0
1615464970986569 133811754481344 drain_beg 0 0
1615464970987139 133811754481344 drain_end 1 0
1615464970987639 133811754481344 subm_beg 1 0
1615464976360332 133811754481344 subm_end 1 0
1615464976366042 133811754481344 pump_beg 1 0
1615464978473925 133811746088640 emit_end 897 0
1615464993050029 133811754481344 pump_end 1 2
1615464993051719 133811754481344 join_beg 1 0
1615464993052569 133811754481344 join_end 0 0
1615464995791889 133811754481344 coll_beg 0 0
1615465006994708 133811754481344 coll_end 0 0
1615465008924587 133811754481344 drain_beg 0 0
1615465008925397 133811754481344 drain_end 1 0
1615465008925857 133811754481344 subm_beg 1 0
1615465008948936 133811746088640 emit_beg 898 0
1615465012516135 133811754481344 subm_end 1 0
1615465012516725 133811754481344 pump_beg 1 0
1615465018299183 133811746088640 emit_end 898 0
1615465030154197 133811754481344 pump_end 1 2
1615465030156117 133811754481344 join_beg 1 0
1615465030156977 133811754481344 join_end 0 0
1615465032668055 133811754481344 coll_beg 0 0
1615465040863504 133811754481344 coll_end 0 0
1615465044380835 133811754481344 drain_beg 0 0
1615465044381445 133811754481344 drain_end 1 0
1615465044381775 133811754481344 subm_beg 1 0
1615465044407744 133811746088640 emit_beg 899 0
1615465047924475 133811754481344 subm_end 1 0
1615465047924765 133811754481344 pump_beg 1 0
1615465053887736 133811746088640 emit_end 899 0
1615465064671320 133811754481344 pump_end 1 2
1615465064673310 133811754481344 join_beg 1 0
1615465064674220 133811754481344 join_end 0 0
1615465068222100 133811754481344 coll_beg 0 0
1615465075999724 133811754481344 coll_end 0 0
1615465078160015 133811754481344 drain_beg 0 0
1615465078160515 133811754481344 drain_end 1 0
1615465078160795 133811754481344 subm_beg 1 0
1615465078164955 133811746088640 emit_beg 900 0
1615465081743404 133811754481344 subm_end 1 0
1615465081743624 133811754481344 pump_beg 1 0
1615465087414755 133811746088640 emit_end 900 0
1615465098314185 133811754481344 pump_end 1 2
1615465098316535 133811754481344 join_beg 1 0
1615465098318055 133811754481344 join_end 0 0
1615465100233725 133811754481344 coll_beg 0 0
1615465107269897 133811754481344 coll_end 0 0
1615465110408101 133811746088640 emit_beg 901 0
1615465112191426 133811754481344 drain_beg 0 0
1615465112192986 133811754481344 drain_end 1 0
1615465112193806 133811754481344 subm_beg 1 0
1615465117600747 133811754481344 subm_end 1 0
1615465117601217 133811754481344 pump_beg 1 0
1615465119786937 133811746088640 emit_end 901 0
1615465132761341 133811754481344 pump_end 1 2
1615465132762951 133811754481344 join_beg 1 0
1615465132763991 133811754481344 join_end 0 0
1615465136073919 133811754481344 coll_beg 0 0
1615465142688676 133811754481344 coll_end 0 0
1615465145528672 133811754481344 drain_beg 0 0
1615465145529182 133811754481344 drain_end 1 0
1615465145529712 133811754481344 subm_beg 1 0
1615465145536342 133811746088640 emit_beg 902 0
1615465148969406 133811754481344 subm_end 1 0
1615465148969906 133811754481344 pump_beg 1 0
1615465154337269 133811746088640 emit_end 902 0
1615465164726127 133811754481344 pump_end 1 2
1615465164727767 133811754481344 join_beg 1 0
1615465164728497 133811754481344 join_end 0 0
1615465167960149 133811754481344 coll_beg 0 0
1615465175039339 133811754481344 coll_end 0 0
1615465177552816 133811754481344 drain_beg 0 0
1615465177553446 133811754481344 drain_end 1 0
1615465177553796 133811754481344 subm_beg 1 0
1615465177559396 133811746088640 emit_beg 903 0
1615465181024359 133811754481344 subm_end 1 0
1615465181024679 133811754481344 pump_beg 1 0
1615465186574005 133811746088640 emit_end 903 0
1615465196665235 133811754481344 pump_end 1 2
1615465196666915 133811754481344 join_beg 1 0
1615465196667615 133811754481344 join_end 0 0
1615465198448949 133811754481344 coll_beg 0 0
1615465205673754 133811754481344 coll_end 0 0
1615465207593974 133811746088640 emit_beg 904 0
1615465209271842 133811754481344 drain_beg 0 0
1615465209272442 133811754481344 drain_end 1 0
1615465209272932 133811754481344 subm_beg 1 0
1615465214279668 133811754481344 subm_end 1 0
1615465214280238 133811754481344 pump_beg 1 0
1615465216401340 133811746088640 emit_end 904 0
1615465230785942 133811754481344 pump_end 1 2
1615465230786902 133811754481344 join_beg 1 0
1615465230787482 133811754481344 join_end 0 0
1615465234019224 133811754481344 coll_beg 0 0
1615465241533288 133811754481344 coll_end 0 0
1615465243269144 133811754481344 drain_beg 0 0
1615465243269814 133811754481344 drain_end 1 0
1615465243270024 133811754481344 subm_beg 1 0
1615465243278254 133811746088640 emit_beg 905 0
1615465248473373 133811754481344 subm_end 1 0
1615465248474973 133811754481344 pump_beg 1 0
1615465252516865 133811746088640 emit_end 905 0
1615465264570672 133811754481344 pump_end 1 2
1615465264571442 133811754481344 join_beg 1 0
1615465264572142 133811754481344 join_end 0 0
1615465267627040 133811754481344 coll_beg 0 0
1615465275039538 133811754481344 coll_end 0 0
1615465276887750 133811754481344 drain_beg 0 0
1615465276888390 133811754481344 drain_end 1 0
1615465276888880 133811754481344 subm_beg 1 0
1615465276912679 133811746088640 emit_beg 906 0
1615465280332434 133811754481344 subm_end 1 0
1615465280332794 133811754481344 pump_beg 1 0
1615465285755195 133811746088640 emit_end 906 0
1615465296753581 133811754481344 pump_end 1 2
1615465296755591 133811754481344 join_beg 1 0
1615465296756781 133811754481344 join_end 0 0
1615465299859597 133811754481344 coll_beg 0 0
1615465309979075 133811754481344 coll_end 0 0
1615465311731941 133811754481344 drain_beg 0 0
1615465311733911 133811754481344 drain_end 1 0
1615465311735321 133811754481344 subm_beg 1 0
1615465311749970 133811746088640 emit_beg 907 0
1615465313500286 133811754481344 subm_end 1 0
1615465313500766 133811754481344 pump_beg 1 0
1615465318806961 133811746088640 emit_end 907 0
1615465330708314 133811754481344 pump_end 1 2
1615465330710724 133811754481344 join_beg 1 0
1615465330711874 133811754481344 join_end 0 0
1615465333796581 133811754481344 coll_beg 0 0
1615465344483259 133811754481344 coll_end 0 0
1615465346195956 133811754481344 drain_beg 0 0
1615465346196856 133811754481344 drain_end 1 0
1615465346197086 133811746088640 emit_beg 908 0
1615465346197346 133811754481344 subm_beg 1 0
1615465347905583 133811754481344 subm_end 1 0
1615465347905923 133811754481344 pump_beg 1 0
1615465353274176 133811746088640 emit_end 908 0
1615465365897463 133811754481344 pump_end 1 2
1615465365899903 133811754481344 join_beg 1 0
1615465365900723 133811754481344 join_end 0 0
1615465368110451 133811754481344 coll_beg 0 0
1615465381426553 133811754481344 coll_end 0 0
1615465383226717 133811754481344 drain_beg 0 0
1615465383227277 133811754481344 drain_end 1 0
1615465383227886 133811754481344 subm_beg 1 0
1615465383229926 133811746088640 emit_beg 909 0
1615465384920894 133811754481344 subm_end 1 0
1615465384921214 133811754481344 pump_beg 1 0
1615465392140979 133811746088640 emit_end 909 0
1615465404376820 133811754481344 pump_end 1 2
1615465404384630 133811754481344 join_beg 1 0
1615465404386960 133811754481344 join_end 0 0
1615465407406929 133811754481344 coll_beg 0 0
1615465417808077 133811754481344 coll_end 0 0
1615465419601851 133811754481344 drain_beg 0 0
1615465419602791 133811754481344 drain_end 1 0
1615465419603531 133811754481344 subm_beg 1 0
1615465419612861 133811746088640 emit_beg 910 0
1615465421309789 133811754481344 subm_end 1 0
1615465421310299 133811754481344 pump_beg 1 0
1615465425094210 133811746088640 emit_end 910 0
1615465438258296 133811754481344 pump_end 1 2
1615465438261146 133811754481344 join_beg 1 0
1615465438262456 133811754481344 join_end 0 0
1615465440052251 133811754481344 coll_beg 0 0
1615465449053170 133811754481344 coll_end 0 0
1615465450855814 133811746088640 emit_beg 911 0
1615465452551532 133811754481344 drain_beg 0 0
1615465452555951 133811754481344 drain_end 1 0
1615465452557531 133811754481344 subm_beg 1 0
1615465457646925 133811754481344 subm_end 1 0
1615465457649134 133811754481344 pump_beg 1 0
1615465460544468 133811746088640 emit_end 911 0
1615465474163228 133811754481344 pump_end 1 2
1615465474165628 133811754481344 join_beg 1 0
1615465474166478 133811754481344 join_end 0 0
1615465476741404 133811754481344 coll_beg 0 0
1615465484289447 133811754481344 coll_end 0 0
1615465487661483 133811754481344 drain_beg 0 0
1615465487662913 133811754481344 drain_end 1 0
1615465487663663 133811754481344 subm_beg 1 0
1615465487681222 133811746088640 emit_beg 912 0
1615465489348271 133811754481344 subm_end 1 0
1615465489348711 133811754481344 pump_beg 1 0
1615465494781641 133811746088640 emit_end 912 0
1615465504760155 133811754481344 pump_end 1 2
1615465504762445 133811754481344 join_beg 1 0
1615465504763855 133811754481344 join_end 0 0
1615465506577358 133811754481344 coll_beg 0 0
1615465513459846 133811754481344 coll_end 0 0
1615465516489904 133811746088640 emit_beg 913 0
1615465518144464 133811754481344 drain_beg 0 0
1615465518148464 133811754481344 drain_end 1 0
1615465518149894 133811754481344 subm_beg 1 0
1615465523347893 133811754481344 subm_end 1 0
1615465523348973 133811754481344 pump_beg 1 0
1615465527215941 133811746088640 emit_end 913 0
1615465538849584 133811754481344 pump_end 1 2
1615465538850934 133811754481344 join_beg 1 0
1615465538851734 133811754481344 join_end 0 0
1615465541435839 133811754481344 coll_beg 0 0
1615465548435592 133811754481344 coll_end 0 0
1615465551077415 133811746088640 emit_beg 914 0
1615465552893968 133811754481344 drain_beg 0 0
1615465552895638 133811754481344 drain_end 1 0
1615465552897168 133811754481344 subm_beg 1 0
1615465558391736 133811754481344 subm_end 1 0
1615465558394326 133811754481344 pump_beg 1 0
1615465562254925 133811746088640 emit_end 914 0
1615465573952645 133811754481344 pump_end 1 2
1615465573953715 133811754481344 join_beg 1 0
1615465573954585 133811754481344 join_end 0 0
1615465575944022 133811754481344 coll_beg 0 0
1615465583229035 133811754481344 coll_end 0 0
1615465585043578 133811754481344 drain_beg 0 0
1615465585044668 133811754481344 drain_end 1 0
1615465585045658 133811754481344 subm_beg 1 0
1615465585067927 133811746088640 emit_beg 915 0
1615465588586028 133811754481344 subm_end 1 0
1615465588586418 133811754481344 pump_beg 1 0
1615465594313688 133811746088640 emit_end 915 0
1615465604641309 133811754481344 pump_end 1 2
1615465604646268 133811754481344 join_beg 1 0
1615465604648178 133811754481344 join_end 0 0
1615465606641225 133811754481344 coll_beg 0 0
1615465614289704 133811754481344 coll_end 0 0
1615465616122057 133811746088640 emit_beg 916 0
1615465617891722 133811754481344 drain_beg 0 0
1615465617895582 133811754481344 drain_end 1 0
1615465617896862 133811754481344 subm_beg 1 0
1615465623244456 133811754481344 subm_end 1 0
1615465623245726 133811754481344 pump_beg 1 0
1615465625475934 133811746088640 emit_end 916 0
1615465639717141 133811754481344 pump_end 1 2
1615465639721991 133811754481344 join_beg 1 0
1615465639723611 133811754481344 join_end 0 0
1615465642109593 133811754481344 coll_beg 0 0
1615465652597068 133811754481344 coll_end 0 0
1615465655563509 133811754481344 drain_beg 0 0
1615465655565679 133811754481344 drain_end 1 0
1615465655566989 133811754481344 subm_beg 1 0
1615465655588208 133811746088640 emit_beg 917 0
1615465657477949 133811754481344 subm_end 1 0
1615465657479469 133811754481344 pump_beg 1 0
1615465663379282 133811746088640 emit_end 917 0
1615465673264749 133811754481344 pump_end 1 2
1615465673267229 133811754481344 join_beg 1 0
1615465673268679 133811754481344 join_end 0 0
1615465675119711 133811754481344 coll_beg 0 0
1615465682282039 133811754481344 coll_end 0 0
1615465684196678 133811746088640 emit_beg 918 0
1615465685983173 133811754481344 drain_beg 0 0
1615465685983833 133811754481344 drain_end 1 0
1615465685984083 133811754481344 subm_beg 1 0
1615465691319657 133811754481344 subm_end 1 0
1615465691320027 133811754481344 pump_beg 1 0
1615465693615412 133811746088640 emit_end 918 0
1615465706617975 133811754481344 pump_end 1 2
1615465706619135 133811754481344 join_beg 1 0
1615465706620005 133811754481344 join_end 0 0
1615465709551407 133811754481344 coll_beg 0 0
1615465716309029 133811754481344 coll_end 0 0
1615465719652867 133811754481344 drain_beg 0 0
1615465719654017 133811754481344 drain_end 1 0
1615465719654686 133811754481344 subm_beg 1 0
1615465719655446 133811746088640 emit_beg 919 0
1615465723245985 133811754481344 subm_end 1 0
1615465723246515 133811754481344 pump_beg 1 0
1615465728927206 133811746088640 emit_end 919 0
1615465738529114 133811754481344 pump_end 1 2
1615465738530584 133811754481344 join_beg 1 0
1615465738531194 133811754481344 join_end 0 0
1615465740387325 133811754481344 coll_beg 0 0
1615465746591338 133811754481344 coll_end 0 0
1615465749510011 133811746088640 emit_beg 920 0
1615465751382762 133811754481344 drain_beg 0 0
1615465751383692 133811754481344 drain_end 1 0
1615465751384342 133811754481344 subm_beg 1 0
1615465756836082 133811754481344 subm_end 1 0
1615465756837452 133811754481344 pump_beg 1 0
1615465759015402 133811746088640 emit_end 920 0
1615465773551318 133811754481344 pump_end 1 2
1615465773554208 133811754481344 join_beg 1 0
1615465773555578 133811754481344 join_end 0 0
1615465776287488 133811754481344 coll_beg 0 0
1615465785021367 133811754481344 coll_end 0 0
1615465786894128 133811754481344 drain_beg 0 0
1615465786894958 133811746088640 emit_beg 921 0
1615465786895328 133811754481344 drain_end 1 0
1615465786901698 133811754481344 subm_beg 1 0
1615465792368477 133811754481344 subm_end 1 0
1615465792369537 133811754481344 pump_beg 1 0
1615465796189777 133811746088640 emit_end 921 0
1615465809702111 133811754481344 pump_end 1 2
1615465809703361 133811754481344 join_beg 1 0
1615465809704471 133811754481344 join_end 0 0
1615465812455030 133811754481344 coll_beg 0 0
1615465824061424 133811754481344 coll_end 0 0
1615465826007683 133811754481344 drain_beg 0 0
1615465826008562 133811754481344 drain_end 1 0
1615465826009372 133811754481344 subm_beg 1 0
1615465826053591 133811746088640 emit_beg 922 0
1615465827851695 133811754481344 subm_end 1 0
1615465827852185 133811754481344 pump_beg 1 0
1615465835522343 133811746088640 emit_end 922 0
1615465845874323 133811754481344 pump_end 1 2
1615465845879013 133811754481344 join_beg 1 0
1615465845880863 133811754481344 join_end 0 0
1615465847813952 133811754481344 coll_beg 0 0
1615465857540565 133811754481344 coll_end 0 0
1615465859603629 133811754481344 drain_beg 0 0
1615465859604049 133811746088640 emit_beg 923 0
1615465859606479 133811754481344 drain_end 1 0
1615465859609549 133811754481344 subm_beg 1 0
1615465864993881 133811754481344 subm_end 1 0
1615465864994511 133811754481344 pump_beg 1 0
1615465869303483 133811746088640 emit_end 923 0
1615465882010667 133811754481344 pump_end 1 2
1615465882013906 133811754481344 join_beg 1 0
1615465882015066 133811754481344 join_end 0 0
1615465884139409 133811754481344 coll_beg 0 0
1615465894697921 133811754481344 coll_end 0 0
1615465897093003 133811754481344 drain_beg 0 0
1615465897093943 133811754481344 drain_end 1 0
1615465897094263 133811754481344 subm_beg 1 0
1615465897096623 133811746088640 emit_beg 924 0
1615465900638133 133811754481344 subm_end 1 0
1615465900638643 133811754481344 pump_beg 1 0
1615465907241960 133811746088640 emit_end 924 0
1615465916444693 133811754481344 pump_end 1 2
1615465916448182 133811754481344 join_beg 1 0
1615465916449732 133811754481344 join_end 0 0
1615465918287075 133811754481344 coll_beg 0 0
1615465926695796 133811754481344 coll_end 0 0
1615465930024454 133811754481344 drain_beg 0 0
1615465930027004 133811754481344 drain_end 1 0
1615465930028474 133811754481344 subm_beg 1 0
1615465930032494 133811746088640 emit_beg 925 0
1615465933597463 133811754481344 subm_end 1 0
1615465933598063 133811754481344 pump_beg 1 0
1615465939585323 133811746088640 emit_end 925 0
1615465950541981 133811754481344 pump_end 1 2
1615465950547501 133811754481344 join_beg 1 0
1615465950548281 133811754481344 join_end 0 0
1615465952332685 133811754481344 coll_beg 0 0
1615465960097450 133811754481344 coll_end 0 0
1615465961848476 133811746088640 emit_beg 926 0
1615465963492736 133811754481344 drain_beg 0 0
1615465963497285 133811754481344 drain_end 1 0
1615465963498835 133811754481344 subm_beg 1 0
1615465968694575 133811754481344 subm_end 1 0
1615465968697485 133811754481344 pump_beg 1 0
1615465970991350 133811746088640 emit_end 926 0
1615465985508907 133811754481344 pump_end 1 2
1615465985510787 133811754481344 join_beg 1 0
1615465985511597 133811754481344 join_end 0 0
1615465987680028 133811754481344 coll_beg 0 0
1615465995402324 133811754481344 coll_end 0 0
1615465998651955 133811754481344 drain_beg 0 0
1615465998652565 133811754481344 drain_end 1 0
1615465998653295 133811754481344 subm_beg 1 0
1615465998655675 133811746088640 emit_beg 927 0
1615466000378811 133811754481344 subm_end 1 0
1615466000379241 133811754481344 pump_beg 1 0
1615466007477811 133811746088640 emit_end 927 0
1615466016567927 133811754481344 pump_end 1 2
1615466016568737 133811754481344 join_beg 1 0
1615466016569297 133811754481344 join_end 0 0
1615466018518616 133811754481344 coll_beg 0 0
1615466026805931 133811754481344 coll_end 0 0
1615466028980792 133811746088640 emit_beg 928 0
1615466030666550 133811754481344 drain_beg 0 0
1615466030667400 133811754481344 drain_end 1 0
1615466030667930 133811754481344 subm_beg 1 0
1615466034116093 133811754481344 subm_end 1 0
1615466034116443 133811754481344 pump_beg 1 0
1615466037860626 133811746088640 emit_end 928 0
1615466049939542 133811754481344 pump_end 1 2
1615466049940922 133811754481344 join_beg 1 0
1615466049941932 133811754481344 join_end 0 0
1615466051669339 133811754481344 coll_beg 0 0
1615466059222001 133811754481344 coll_end 0 0
1615466063952478 133811754481344 drain_beg 0 0
1615466063953108 133811754481344 drain_end 1 0
1615466063953678 133811754481344 subm_beg 1 0
1615466063971247 133811746088640 emit_beg 929 0
1615466067942371 133811754481344 subm_end 1 0
1615466067942801 133811754481344 pump_beg 1 0
1615466073720329 133811746088640 emit_end 929 0
1615466083730792 133811754481344 pump_end 1 2
1615466083734932 133811754481344 join_beg 1 0
1615466083736942 133811754481344 join_end 0 0
1615466085598073 133811754481344 coll_beg 0 0
1615466093773103 133811754481344 coll_end 0 0
1615466096174125 133811746088640 emit_beg 930 0
1615466103046393 133811746088640 emit_end 930 0
1615466104632295 133811754481344 drain_beg 0 0
1615466104633644 133811754481344 drain_end 1 0
1615466104634204 133811754481344 subm_beg 1 0
1615466106423979 133811754481344 subm_end 1 0
1615466106424519 133811754481344 pump_beg 1 0
1615466122296906 133811754481344 pump_end 1 2
1615466122298686 133811754481344 join_beg 1 0
1615466122300266 133811754481344 join_end 0 0
1615466124978068 133811754481344 coll_beg 0 0
1615466132804940 133811754481344 coll_end 0 0
1615466134687981 133811746088640 emit_beg 931 0
1615466141670505 133811746088640 emit_end 931 0
1615466143136001 133811754481344 drain_beg 0 0
1615466143137121 133811754481344 drain_end 1 0
1615466143137611 133811754481344 subm_beg 1 0
1615466144825359 133811754481344 subm_end 1 0
1615466144825789 133811754481344 pump_beg 1 0
1615466161472848 133811754481344 pump_end 1 2
1615466161475338 133811754481344 join_beg 1 0
1615466161477168 133811754481344 join_end 0 0
1615466163218274 133811754481344 coll_beg 0 0
1615466174272528 133811754481344 coll_end 0 0
1615466176234386 133811754481344 drain_beg 0 0
1615466176237086 133811754481344 drain_end 1 0
1615466176238716 133811754481344 subm_beg 1 0
1615466176257775 133811746088640 emit_beg 932 0
1615466178035840 133811754481344 subm_end 1 0
1615466178036390 133811754481344 pump_beg 1 0
1615466185529835 133811746088640 emit_end 932 0
1615466194088841 133811754481344 pump_end 1 2
1615466194089781 133811754481344 join_beg 1 0
1615466194090911 133811754481344 join_end 0 0
1615466195858806 133811754481344 coll_beg 0 0
1615466203259364 133811754481344 coll_end 0 0
1615466205790601 133811746088640 emit_beg 933 0
1615466207462780 133811754481344 drain_beg 0 0
1615466207463980 133811754481344 drain_end 1 0
1615466207464630 133811754481344 subm_beg 1 0
1615466212530854 133811754481344 subm_end 1 0
1615466212531494 133811754481344 pump_beg 1 0
1615466215134608 133811746088640 emit_end 933 0
1615466229253590 133811754481344 pump_end 1 2
1615466229255440 133811754481344 join_beg 1 0
1615466229256560 133811754481344 join_end 0 0
1615466232317037 133811754481344 coll_beg 0 0
1615466239610330 133811754481344 coll_end 0 0
1615466241691243 133811754481344 drain_beg 0 0
1615466241692243 133811754481344 drain_end 1 0
1615466241693373 133811754481344 subm_beg 1 0
1615466241711902 133811746088640 emit_beg 934 0
1615466245115858 133811754481344 subm_end 1 0
1615466245116298 133811754481344 pump_beg 1 0
1615466250621775 133811746088640 emit_end 934 0
1615466261242465 133811754481344 pump_end 1 2
1615466261243805 133811754481344 join_beg 1 0
1615466261244435 133811754481344 join_end 0 0
1615466264217116 133811754481344 coll_beg 0 0
1615466273008784 133811754481344 coll_end 0 0
1615466275132266 133811754481344 drain_beg 0 0
1615466275135015 133811754481344 drain_end 1 0
1615466275135565 133811754481344 subm_beg 1 0
1615466275132796 133811746088640 emit_beg 935 0
1615466278502262 133811754481344 subm_end 1 0
1615466278502842 133811754481344 pump_beg 1 0
1615466283847286 133811746088640 emit_end 935 0
1615466294817353 133811754481344 pump_end 1 2
1615466294821193 133811754481344 join_beg 1 0
1615466294823213 133811754481344 join_end 0 0
1615466297162757 133811754481344 coll_beg 0 0
1615466306453526 133811754481344 coll_end 0 0
1615466308282509 133811754481344 drain_beg 0 0
1615466308283449 133811754481344 drain_end 1 0
1615466308284709 133811754481344 subm_beg 1 0
1615466308302988 133811746088640 emit_beg 936 0
1615466310016265 133811754481344 subm_end 1 0
1615466310016935 133811754481344 pump_beg 1 0
1615466315996246 133811746088640 emit_end 936 0
1615466326768860 133811754481344 pump_end 1 2
1615466326771920 133811754481344 join_beg 1 0
1615466326772850 133811754481344 join_end 0 0
1615466328513086 133811754481344 coll_beg 0 0
1615466337039223 133811754481344 coll_end 0 0
1615466339443955 133811754481344 drain_beg 0 0
1615466339444565 133811754481344 drain_end 1 0
1615466339444925 133811754481344 subm_beg 1 0
1615466339464524 133811746088640 emit_beg 937 0
1615466342759053 133811754481344 subm_end 1 0
1615466342759803 133811754481344 pump_beg 1 0
1615466348149055 133811746088640 emit_end 937 0
1615466359271127 133811754481344 pump_end 1 2
1615466359272277 133811754481344 join_beg 1 0
1615466359273387 133811754481344 join_end 0 0
1615466361149998 133811754481344 coll_beg 0 0
1615466368955302 133811754481344 coll_end 0 0
1615466370800664 133811746088640 emit_beg 938 0
1615466372629127 133811754481344 drain_beg 0 0
1615466372634266 133811754481344 drain_end 1 0
1615466372635816 133811754481344 subm_beg 1 0
1615466377974190 133811754481344 subm_end 1 0
1615466377976790 133811754481344 pump_beg 1 0
1615466379994246 133811746088640 emit_end 938 0
1615466393996242 133811754481344 pump_end 1 2
1615466393997162 133811754481344 join_beg 1 0
1615466393997562 133811754481344 join_end 0 0
1615466396695853 133811754481344 coll_beg 0 0
1615466403657258 133811754481344 coll_end 0 0
1615466406797772 133811754481344 drain_beg 0 0
1615466406798612 133811754481344 drain_end 1 0
1615466406799742 133811754481344 subm_beg 1 0
1615466406820172 133811746088640 emit_beg 939 0
1615466410381521 133811754481344 subm_end 1 0
1615466410381871 133811754481344 pump_beg 1 0
1615466415996905 133811746088640 emit_end 939 0
1615466426915864 133811754481344 pump_end 1 2
1615466426919734 133811754481344 join_beg 1 0
1615466426920774 133811754481344 join_end 0 0
1615466428824274 133811754481344 coll_beg 0 0
1615466436616108 133811754481344 coll_end 0 0
1615466438469640 133811746088640 emit_beg 940 0
1615466440236435 133811754481344 drain_beg 0 0
1615466440240305 133811754481344 drain_end 1 0
1615466440241705 133811754481344 subm_beg 1 0
1615466445639076 133811754481344 subm_end 1 0
1615466445640206 133811754481344 pump_beg 1 0
1615466447829006 133811746088640 emit_end 940 0
1615466463679154 133811754481344 pump_end 1 2
1615466463680674 133811754481344 join_beg 1 0
1615466463681844 133811754481344 join_end 0 0
1615466465741169 133811754481344 coll_beg 0 0
1615466475909135 133811754481344 coll_end 0 0
1615466477721819 133811754481344 drain_beg 0 0
1615466477722719 133811754481344 drain_end 1 0
1615466477723719 133811754481344 subm_beg 1 0
1615466477748828 133811746088640 emit_beg 941 0
1615466479515953 133811754481344 subm_end 1 0
1615466479516373 133811754481344 pump_beg 1 0
1615466487311487 133811746088640 emit_end 941 0
1615466496637844 133811754481344 pump_end 1 2
1615466496639774 133811754481344 join_beg 1 0
1615466496640544 133811754481344 join_end 0 0
1615466498729528 133811754481344 coll_beg 0 0
1615466507270554 133811754481344 coll_end 0 0
1615466510297263 133811754481344 drain_beg 0 0
1615466510298173 133811754481344 drain_end 1 0
1615466510298653 133811754481344 subm_beg 1 0
1615466510309703 133811746088640 emit_beg 942 0
1615466513857642 133811754481344 subm_end 1 0
1615466513857832 133811754481344 pump_beg 1 0
1615466519642790 133811746088640 emit_end 942 0
1615466530072757 133811754481344 pump_end 1 2
1615466530074557 133811754481344 join_beg 1 0
1615466530075757 133811754481344 join_end 0 0
1615466532067344 133811754481344 coll_beg 0 0
1615466539850198 133811754481344 coll_end 0 0
1615466541654232 133811746088640 emit_beg 943 0
1615466543442646 133811754481344 drain_beg 0 0
1615466543443506 133811754481344 drain_end 1 0
1615466543443856 133811754481344 subm_beg 1 0
1615466548840958 133811754481344 subm_end 1 0
1615466548841258 133811754481344 pump_beg 1 0
1615466550874023 133811746088640 emit_end 943 0
1615466565681400 133811754481344 pump_end 1 2
1615466565684420 133811754481344 join_beg 1 0
1615466565686160 133811754481344 join_end 0 0
1615466568005595 133811754481344 coll_beg 0 0
1615466576938577 133811754481344 coll_end 0 0
1615466579363938 133811754481344 drain_beg 0 0
1615466579364778 133811754481344 drain_end 1 0
1615466579365147 133811754481344 subm_beg 1 0
1615466579390077 133811746088640 emit_beg 944 0
1615466582924647 133811754481344 subm_end 1 0
1615466582924997 133811754481344 pump_beg 1 0
1615466588705545 133811746088640 emit_end 944 0
1615466600555750 133811754481344 pump_end 1 2
1615466600557570 133811754481344 join_beg 1 0
1615466600558300 133811754481344 join_end 0 0
1615466602541047 133811754481344 coll_beg 0 0
1615466612034118 133811754481344 coll_end 0 0
1615466614182209 133811754481344 drain_beg 0 0
1615466614183499 133811754481344 drain_end 1 0
1615466614184319 133811754481344 subm_beg 1 0
1615466614194059 133811746088640 emit_beg 945 0
1615466616028702 133811754481344 subm_end 1 0
1615466616029152 133811754481344 pump_beg 1 0
1615466621764431 133811746088640 emit_end 945 0
1615466633296928 133811754481344 pump_end 1 2
1615466633299078 133811754481344 join_beg 1 0
1615466633299818 133811754481344 join_end 0 0
1615466636846987 133811754481344 coll_beg 0 0
1615466645505450 133811754481344 coll_end 0 0
1615466648258989 133811754481344 drain_beg 0 0
1615466648259979 133811754481344 drain_end 1 0
1615466648260779 133811754481344 subm_beg 1 0
1615466648282258 133811746088640 emit_beg 946 0
1615466650073062 133811754481344 subm_end 1 0
1615466650073462 133811754481344 pump_beg 1 0
1615466655794802 133811746088640 emit_end 946 0
1615466667081648 133811754481344 pump_end 1 2
1615466667082418 133811754481344 join_beg 1 0
1615466667082718 133811754481344 join_end 0 0
1615466668901481 133811754481344 coll_beg 0 0
1615466676824110 133811754481344 coll_end 0 0
1615466678736610 133811746088640 emit_beg 947 0
1615466686299402 133811746088640 emit_end 947 0
1615466706503650 133811754481344 drain_beg 0 0
1615466706505620 133811754481344 drain_end 1 0
1615466706506770 133811754481344 subm_beg 1 0
1615466710048210 133811754481344 subm_end 1 0
1615466710048760 133811754481344 pump_beg 1 0
1615466726747837 133811754481344 pump_end 1 2
1615466726759597 133811754481344 join_beg 1 0
1615466726760737 133811754481344 join_end 0 0
1615466729021304 133811754481344 coll_beg 0 0
1615466736800348 133811754481344 coll_end 0 0
1615466738839943 133811754481344 drain_beg 0 0
1615466738840413 133811754481344 drain_end 1 0
1615466738840953 133811754481344 subm_beg 1 0
1615466738865752 133811746088640 emit_beg 948 0
1615466740679666 133811754481344 subm_end 1 0
1615466740680106 133811754481344 pump_beg 1 0
1615466748302126 133811746088640 emit_end 948 0
1615466757725100 133811754481344 pump_end 1 2
1615466757726180 133811754481344 join_beg 1 0
1615466757727020 133811754481344 join_end 0 0
1615466761277760 133811754481344 coll_beg 0 0
1615466769006996 133811754481344 coll_end 0 0
1615466770870658 133811754481344 drain_beg 0 0
1615466770871108 133811754481344 drain_end 1 0
1615466770871378 133811754481344 subm_beg 1 0
1615466770876587 133811746088640 emit_beg 949 0
1615466774426047 133811754481344 subm_end 1 0
1615466774426337 133811754481344 pump_beg 1 0
1615466779963454 133811746088640 emit_end 949 0
1615466790882723 133811754481344 pump_end 1 2
1615466790883403 133811754481344 join_beg 1 0
1615466790884013 133811754481344 join_end 0 0
1615466792783433 133811754481344 coll_beg 0 0
1615466800803509 133811754481344 coll_end 0 0
1615466803716522 133811754481344 drain_beg 0 0
1615466803717052 133811754481344 drain_end 1 0
1615466803717632 133811754481344 subm_beg 1 0
1615466803719852 133811746088640 emit_beg 950 0
1615466807364128 133811754481344 subm_end 1 0
1615466807364488 133811754481344 pump_beg 1 0
1615466812827657 133811746088640 emit_end 950 0
1615466823875422 133811754481344 pump_end 1 2
1615466823877152 133811754481344 join_beg 1 0
1615466823878132 133811754481344 join_end 0 0
1615466825914897 133811754481344 coll_beg 0 0
1615466833852006 133811754481344 coll_end 0 0
1615466836894954 133811754481344 drain_beg 0 0
1615466836895724 133811754481344 drain_end 1 0
1615466836896204 133811754481344 subm_beg 1 0
1615466836920263 133811746088640 emit_beg 951 0
1615466840256020 133811754481344 subm_end 1 0
1615466840256350 133811754481344 pump_beg 1 0
1615466843867048 133811746088640 emit_end 951 0
1615466857478788 133811754481344 pump_end 1 2
1615466857480798 133811754481344 join_beg 1 0
1615466857482178 133811754481344 join_end 0 0
1615466859277312 133811754481344 coll_beg 0 0
1615466867650305 133811754481344 coll_end 0 0
1615466870627196 133811754481344 drain_beg 0 0
1615466870627706 133811754481344 drain_end 1 0
1615466870628176 133811754481344 subm_beg 1 0
1615466870653185 133811746088640 emit_beg 952 0
1615466874080979 133811754481344 subm_end 1 0
1615466874081539 133811754481344 pump_beg 1 0
1615466879661774 133811746088640 emit_end 952 0
1615466890870303 133811754481344 pump_end 1 2
1615466890872423 133811754481344 join_beg 1 0
1615466890873652 133811754481344 join_end 0 0
1615466892722435 133811754481344 coll_beg 0 0
1615466900788058 133811754481344 coll_end 0 0
1615466904188724 133811754481344 drain_beg 0 0
1615466904189264 133811754481344 drain_end 1 0
1615466904189644 133811754481344 subm_beg 1 0
1615466904191033 133811746088640 emit_beg 953 0
1615466907589949 133811754481344 subm_end 1 0
1615466907590339 133811754481344 pump_beg 1 0
1615466912855486 133811746088640 emit_end 953 0
1615466923955228 133811754481344 pump_end 1 2
1615466923955978 133811754481344 join_beg 1 0
1615466923956498 133811754481344 join_end 0 0
1615466925658135 133811754481344 coll_beg 0 0
1615466933886463 133811754481344 coll_end 0 0
1615466936897683 133811754481344 drain_beg 0 0
1615466936898403 133811754481344 drain_end 1 0
1615466936898663 133811754481344 subm_beg 1 0
1615466936903043 133811746088640 emit_beg 954 0
1615466940528340 133811754481344 subm_end 1 0
1615466940528720 133811754481344 pump_beg 1 0
1615466946061036 133811746088640 emit_end 954 0
1615466957208487 133811754481344 pump_end 1 2
1615466957209157 133811754481344 join_beg 1 0
1615466957209567 133811754481344 join_end 0 0
1615466959626999 133811754481344 coll_beg 0 0
1615466968390957 133811754481344 coll_end 0 0
1615466971322489 133811746088640 emit_beg 955 0
1615466973129463 133811754481344 drain_beg 0 0
1615466973134313 133811754481344 drain_end 1 0
1615466973135733 133811754481344 subm_beg 1 0
1615466978475457 133811754481344 subm_end 1 0
1615466978476837 133811754481344 pump_beg 1 0
1615466980609798 133811746088640 emit_end 955 0
1615466994787508 133811754481344 pump_end 1 2
1615466994789288 133811754481344 join_beg 1 0
1615466994790278 133811754481344 join_end 0 0
1615466997164591 133811754481344 coll_beg 0 0
1615467005234834 133811754481344 coll_end 0 0
1615467008251514 133811754481344 drain_beg 0 0
1615467008252174 133811754481344 drain_end 1 0
1615467008252933 133811754481344 subm_beg 1 0
1615467008280312 133811746088640 emit_beg 956 0
1615467011582741 133811754481344 subm_end 1 0
1615467011583971 133811754481344 pump_beg 1 0
1615467016991023 133811746088640 emit_end 956 0
1615467027401351 133811754481344 pump_end 1 2
1615467027402180 133811754481344 join_beg 1 0
1615467027402420 133811754481344 join_end 0 0
1615467029134977 133811754481344 coll_beg 0 0
1615467037286168 133811754481344 coll_end 0 0
1615467039998468 133811754481344 drain_beg 0 0
1615467039999078 133811754481344 drain_end 1 0
1615467040001648 133811754481344 subm_beg 1 0
1615467040026257 133811746088640 emit_beg 957 0
1615467043474401 133811754481344 subm_end 1 0
1615467043475710 133811754481344 pump_beg 1 0
1615467048791685 133811746088640 emit_end 957 0
1615467058565247 133811754481344 pump_end 1 2
1615467058568506 133811754481344 join_beg 1 0
1615467058569586 133811754481344 join_end 0 0
1615467060466507 133811754481344 coll_beg 0 0
1615467067505958 133811754481344 coll_end 0 0
1615467069304152 133811746088640 emit_beg 958 0
1615467071043179 133811754481344 drain_beg 0 0
1615467071047948 133811754481344 drain_end 1 0
1615467071049488 133811754481344 subm_beg 1 0
1615467076319385 133811754481344 subm_end 1 0
1615467076322175 133811754481344 pump_beg 1 0
1615467078292982 133811746088640 emit_end 958 0
1615467092642076 133811754481344 pump_end 1 2
1615467092643016 133811754481344 join_beg 1 0
1615467092643406 133811754481344 join_end 0 0
1615467095176933 133811754481344 coll_beg 0 0
1615467102941278 133811754481344 coll_end 0 0
1615467104691083 133811754481344 drain_beg 0 0
1615467104693313 133811754481344 drain_end 1 0
1615467104694813 133811754481344 subm_beg 1 0
1615467104710293 133811746088640 emit_beg 959 0
1615467106539945 133811754481344 subm_end 1 0
1615467106541845 133811754481344 pump_beg 1 0
1615467110214311 133811746088640 emit_end 959 0
1615467123327159 133811754481344 pump_end 1 2
1615467123328079 133811754481344 join_beg 1 0
1615467123329109 133811754481344 join_end 0 0
1615467125103284 133811754481344 coll_beg 0 0
1615467132165405 133811754481344 coll_end 0 0
1615467133920250 133811746088640 emit_beg 960 0
1615467135607858 133811754481344 drain_beg 0 0
1615467135608608 133811754481344 drain_end 1 0
1615467135608998 133811754481344 subm_beg 1 0
1615467140659203 133811754481344 subm_end 1 0
1615467140659643 133811754481344 pump_beg 1 0
1615467142580042 133811746088640 emit_end 960 0
1615467158499218 133811754481344 pump_end 1 2
1615467158501358 133811754481344 join_beg 1 0
1615467158502238 133811754481344 join_end 0 0
1615467163001593 133811754481344 coll_beg 0 0
1615467172025732 133811754481344 coll_end 0 0
1615467174990403 133811754481344 drain_beg 0 0
1615467174991093 133811754481344 drain_end 1 0
1615467174991453 133811754481344 subm_beg 1 0
1615467175015752 133811746088640 emit_beg 961 0
1615467178558792 133811754481344 subm_end 1 0
1615467178559162 133811754481344 pump_beg 1 0
1615467184201945 133811746088640 emit_end 961 0
1615467194985419 133811754481344 pump_end 1 2
1615467194987949 133811754481344 join_beg 1 0
1615467194988939 133811754481344 join_end 0 0
1615467196929707 133811754481344 coll_beg 0 0
1615467204646374 133811754481344 coll_end 0 0
1615467206545904 133811746088640 emit_beg 962 0
1615467208364628 133811754481344 drain_beg 0 0
1615467208367857 133811754481344 drain_end 1 0
1615467208369407 133811754481344 subm_beg 1 0
1615467213777649 133811754481344 subm_end 1 0
1615467213779559 133811754481344 pump_beg 1 0
1615467215853083 133811746088640 emit_end 962 0
1615467230282943 133811754481344 pump_end 1 2
1615467230284013 133811754481344 join_beg 1 0
1615467230284603 133811754481344 join_end 0 0
1615467232435764 133811754481344 coll_beg 0 0
1615467240085753 133811754481344 coll_end 0 0
1615467242185456 133811754481344 drain_beg 0 0
1615467242186156 133811754481344 drain_end 1 0
1615467242187056 133811754481344 subm_beg 1 0
1615467242194816 133811746088640 emit_beg 963 0
1615467245735096 133811754481344 subm_end 1 0
1615467245735466 133811754481344 pump_beg 1 0
1615467251296732 133811746088640 emit_end 963 0
1615467262052207 133811754481344 pump_end 1 2
1615467262052707 133811754481344 join_beg 1 0
1615467262053177 133811754481344 join_end 0 0
1615467264083332 133811754481344 coll_beg 0 0
1615467272079669 133811754481344 coll_end 0 0
1615467275569761 133811754481344 drain_beg 0 0
1615467275570221 133811754481344 drain_end 1 0
1615467275570731 133811754481344 subm_beg 1 0
1615467275590410 133811746088640 emit_beg 964 0
1615467279154929 133811754481344 subm_end 1 0
1615467279155299 133811754481344 pump_beg 1 0
1615467284850600 133811746088640 emit_end 964 0
1615467296134436 133811754481344 pump_end 1 2
1615467296135176 133811754481344 join_beg 1 0
1615467296135366 133811754481344 join_end 0 0
1615467299071708 133811754481344 coll_beg 0 0
1615467307638013 133811754481344 coll_end 0 0
1615467316397012 133811746088640 emit_beg 965 0
1615467338748931 133811746088640 emit_end 965 0
1615467380889884 133811754481344 drain_beg 0 0
1615467380895364 133811754481344 drain_end 1 0
1615467380897204 133811754481344 subm_beg 1 0
1615467388122939 133811754481344 subm_end 1 0
1615467388123859 133811754481344 pump_beg 1 0
1615467408864287 133811754481344 pump_end 1 2
1615467408874057 133811754481344 join_beg 1 0
1615467408876827 133811754481344 join_end 0 0
1615467412356469 133811754481344 coll_beg 0 0
1615467427155406 133811754481344 coll_end 0 0
1615467430924388 133811754481344 drain_beg 0 0
1615467430925548 133811754481344 drain_end 1 0
1615467430926478 133811754481344 subm_beg 1 0
1615467431024374 133811746088640 emit_beg 966 0
1615467434201857 133811754481344 subm_end 1 0
1615467434202457 133811754481344 pump_beg 1 0
1615467445754843 133811746088640 emit_end 966 0
1615467452972148 133811754481344 pump_end 1 2
1615467452976278 133811754481344 join_beg 1 0
1615467452977658 133811754481344 join_end 0 0
1615467456063135 133811754481344 coll_beg 0 0
1615467464989487 133811754481344 coll_end 0 0
1615467470523424 133811746088640 emit_beg 967 0
1615467480929782 133811746088640 emit_end 967 0
1615467510984599 133811754481344 drain_beg 0 0
1615467510989839 133811754481344 drain_end 1 0
1615467510991468 133811754481344 subm_beg 1 0
1615467515006141 133811754481344 subm_end 1 0
1615467515006571 133811754481344 pump_beg 1 0
1615467531337332 133811754481344 pump_end 1 2
1615467531345181 133811754481344 join_beg 1 0
1615467531347171 133811754481344 join_end 0 0
1615467534570963 133811754481344 coll_beg 0 0
1615467542388476 133811754481344 coll_end 0 0
1615467545556620 133811754481344 drain_beg 0 0
1615467545559040 133811754481344 drain_end 1 0
1615467545560580 133811754481344 subm_beg 1 0
1615467545578519 133811746088640 emit_beg 968 0
1615467548905847 133811754481344 subm_end 1 0
1615467548907087 133811754481344 pump_beg 1 0
1615467562237147 133811746088640 emit_end 968 0
1615467570498844 133811754481344 pump_end 1 2
1615467570500444 133811754481344 join_beg 1 0
1615467570500894 133811754481344 join_end 0 0
1615467575588017 133811754481344 coll_beg 0 0
1615467585460825 133811754481344 coll_end 0 0
1615467589520046 133811754481344 drain_beg 0 0
1615467589522646 133811754481344 drain_end 1 0
1615467589524356 133811754481344 subm_beg 1 0
1615467589537385 133811746088640 emit_beg 969 0
1615467593851747 133811754481344 subm_end 1 0
1615467593852647 133811754481344 pump_beg 1 0
1615467600330079 133811746088640 emit_end 969 0
1615467609843140 133811754481344 pump_end 1 2
1615467609846990 133811754481344 join_beg 1 0
1615467609847270 133811754481344 join_end 0 0
1615467612487063 133811754481344 coll_beg 0 0
1615467620742420 133811754481344 coll_end 0 0
1615467623864935 133811746088640 emit_beg 970 0
1615467625921560 133811754481344 drain_beg 0 0
1615467625923199 133811754481344 drain_end 1 0
1615467625923919 133811754481344 subm_beg 1 0
1615467632126632 133811754481344 subm_end 1 0
1615467632127302 133811754481344 pump_beg 1 0
1615467636406225 133811746088640 emit_end 970 0
1615467648755461 133811754481344 pump_end 1 2
1615467648758371 133811754481344 join_beg 1 0
1615467648759531 133811754481344 join_end 0 0
1615467654098295 133811754481344 coll_beg 0 0
1615467661198065 133811754481344 coll_end 0 0
1615467662996999 133811754481344 drain_beg 0 0
1615467662997809 133811754481344 drain_end 1 0
1615467662998459 133811754481344 subm_beg 1 0
1615467663018968 133811746088640 emit_beg 971 0
1615467664846561 133811754481344 subm_end 1 0
1615467664846861 133811754481344 pump_beg 1 0
1615467670596590 133811746088640 emit_end 971 0
1615467680200567 133811754481344 pump_end 1 2
1615467680204157 133811754481344 join_beg 1 0
1615467680205407 133811754481344 join_end 0 0
1615467682150125 133811754481344 coll_beg 0 0
1615467689533924 133811754481344 coll_end 0 0
1615467691567760 133811746088640 emit_beg 972 0
1615467693383953 133811754481344 drain_beg 0 0
1615467693384793 133811754481344 drain_end 1 0
1615467693385233 133811754481344 subm_beg 1 0
1615467698787255 133811754481344 subm_end 1 0
1615467698787705 133811754481344 pump_beg 1 0
1615467701024783 133811746088640 emit_end 972 0
1615467714567536 133811754481344 pump_end 1 2
1615467714568865 133811754481344 join_beg 1 0
1615467714569355 133811754481344 join_end 0 0
1615467716866181 133811754481344 coll_beg 0 0
1615467725505224 133811754481344 coll_end 0 0
1615467728660638 133811754481344 drain_beg 0 0
1615467728661108 133811754481344 drain_end 1 0
1615467728661608 133811754481344 subm_beg 1 0
1615467728686267 133811746088640 emit_beg 973 0
1615467732279175 133811754481344 subm_end 1 0
1615467732279545 133811754481344 pump_beg 1 0
1615467738295015 133811746088640 emit_end 973 0
1615467749352868 133811754481344 pump_end 1 2
1615467749354378 133811754481344 join_beg 1 0
1615467749355288 133811754481344 join_end 0 0
1615467752343849 133811754481344 coll_beg 0 0
1615467760635564 133811754481344 coll_end 0 0
1615467763595076 133811754481344 drain_beg 0 0
1615467763595956 133811754481344 drain_end 1 0
1615467763596806 133811754481344 subm_beg 1 0
1615467763620235 133811746088640 emit_beg 974 0
1615467765251735 133811754481344 subm_end 1 0
1615467765252185 133811754481344 pump_beg 1 0
1615467769048006 133811746088640 emit_end 974 0
1615467783050292 133811754481344 pump_end 1 2
1615467783051012 133811754481344 join_beg 1 0
1615467783051482 133811754481344 join_end 0 0
1615467784826536 133811754481344 coll_beg 0 0
1615467794320088 133811754481344 coll_end 0 0
1615467797661545 133811754481344 drain_beg 0 0
1615467797662295 133811754481344 drain_end 1 0
1615467797662895 133811754481344 subm_beg 1 0
1615467797683994 133811746088640 emit_beg 975 0
1615467799368483 133811754481344 subm_end 1 0
1615467799368903 133811754481344 pump_beg 1 0
1615467804993836 133811746088640 emit_end 975 0
1615467815816449 133811754481344 pump_end 1 2
1615467815817899 133811754481344 join_beg 1 0
1615467815818349 133811754481344 join_end 0 0
1615467817607433 133811754481344 coll_beg 0 0
1615467825130967 133811754481344 coll_end 0 0
1615467828061709 133811746088640 emit_beg 976 0
1615467835718388 133811746088640 emit_end 976 0
1615467853881021 133811754481344 drain_beg 0 0
1615467853883111 133811754481344 drain_end 1 0
1615467853884571 133811754481344 subm_beg 1 0
1615467859116449 133811754481344 subm_end 1 0
1615467859118169 133811754481344 pump_beg 1 0
1615467875251407 133811754481344 pump_end 1 2
1615467875252977 133811754481344 join_beg 1 0
1615467875254077 133811754481344 join_end 0 0
1615467877396508 133811754481344 coll_beg 0 0
1615467884892623 133811754481344 coll_end 0 0
1615467886962237 133811754481344 drain_beg 0 0
1615467886962967 133811754481344 drain_end 1 0
1615467886963487 133811754481344 subm_beg 1 0
1615467886985896 133811746088640 emit_beg 977 0
1615467888777920 133811754481344 subm_end 1 0
1615467888778260 133811754481344 pump_beg 1 0
1615467895877910 133811746088640 emit_end 977 0
1615467905488547 133811754481344 pump_end 1 2
1615467905489147 133811754481344 join_beg 1 0
1615467905489497 133811754481344 join_end 0 0
1615467908421779 133811754481344 coll_beg 0 0
1615467918270928 133811754481344 coll_end 0 0
1615467920050962 133811746088640 emit_beg 978 0
1615467920052292 133811754481344 drain_beg 0 0
1615467920056992 133811754481344 drain_end 1 0
1615467920059172 133811754481344 subm_beg 1 0
1615467925564650 133811754481344 subm_end 1 0
1615467925565580 133811754481344 pump_beg 1 0
1615467929138269 133811746088640 emit_end 978 0
1615467941231905 133811754481344 pump_end 1 2
1615467941234325 133811754481344 join_beg 1 0
1615467941235025 133811754481344 join_end 0 0
1615467946338927 133811754481344 coll_beg 0 0
1615467955414064 133811754481344 coll_end 0 0
1615467957326114 133811754481344 drain_beg 0 0
1615467957328384 133811754481344 drain_end 1 0
1615467957329674 133811754481344 subm_beg 1 0
1615467957344313 133811746088640 emit_beg 979 0
1615467960729649 133811754481344 subm_end 1 0
1615467960730049 133811754481344 pump_beg 1 0
1615467966452859 133811746088640 emit_end 979 0
1615467976650945 133811754481344 pump_end 1 2
1615467976652815 133811754481344 join_beg 1 0
1615467976654185 133811754481344 join_end 0 0
1615467978421020 133811754481344 coll_beg 0 0
1615467986527902 133811754481344 coll_end 0 0
1615467989517732 133811754481344 drain_beg 0 0
1615467989518322 133811754481344 drain_end 1 0
1615467989518682 133811754481344 subm_beg 1 0
1615467989542991 133811746088640 emit_beg 980 0
1615467993037563 133811754481344 subm_end 1 0
1615467993037883 133811754481344 pump_beg 1 0
1615467998546671 133811746088640 emit_end 980 0
1615468008419438 133811754481344 pump_end 1 2
1615468008420438 133811754481344 join_beg 1 0
1615468008421398 133811754481344 join_end 0 0
1615468010291530 133811754481344 coll_beg 0 0
1615468017979598 133811754481344 coll_end 0 0
1615468020122099 133811746088640 emit_beg 981 0
1615468021895104 133811754481344 drain_beg 0 0
1615468021897424 133811754481344 drain_end 1 0
1615468021898064 133811754481344 subm_beg 1 0
1615468027035975 133811754481344 subm_end 1 0
1615468027036565 133811754481344 pump_beg 1 0
1615468029299402 133811746088640 emit_end 981 0
1615468042680201 133811754481344 pump_end 1 2
1615468042681271 133811754481344 join_beg 1 0
1615468042682111 133811754481344 join_end 0 0
1615468044651458 133811754481344 coll_beg 0 0
1615468053593420 133811754481344 coll_end 0 0
1615468055677184 133811754481344 drain_beg 0 0
1615468055679544 133811754481344 drain_end 1 0
1615468055681204 133811754481344 subm_beg 1 0
1615468055696513 133811746088640 emit_beg 982 0
1615468057394971 133811754481344 subm_end 1 0
1615468057395441 133811754481344 pump_beg 1 0
1615468064528769 133811746088640 emit_end 982 0
1615468073568247 133811754481344 pump_end 1 2
1615468073568807 133811754481344 join_beg 1 0
1615468073569047 133811754481344 join_end 0 0
1615468075302583 133811754481344 coll_beg 0 0
1615468083871129 133811754481344 coll_end 0 0
1615468086913067 133811754481344 drain_beg 0 0
1615468086913677 133811754481344 drain_end 1 0
1615468086914027 133811754481344 subm_beg 1 0
1615468086938476 133811746088640 emit_beg 983 0
1615468090193697 133811754481344 subm_end 1 0
1615468090194057 133811754481344 pump_beg 1 0
1615468095672026 133811746088640 emit_end 983 0
1615468106860045 133811754481344 pump_end 1 2
1615468106860545 133811754481344 join_beg 1 0
1615468106860815 133811754481344 join_end 0 0
1615468108587751 133811754481344 coll_beg 0 0
1615468116995013 133811754481344 coll_end 0 0
1615468119548559 133811754481344 drain_beg 0 0
1615468119548989 133811754481344 drain_end 1 0
1615468119549409 133811754481344 subm_beg 1 0
1615468119572368 133811746088640 emit_beg 984 0
1615468122923155 133811754481344 subm_end 1 0
1615468122923495 133811754481344 pump_beg 1 0
1615468128641255 133811746088640 emit_end 984 0
1615468139471848 133811754481344 pump_end 1 2
1615468139472468 133811754481344 join_beg 1 0
1615468139472768 133811754481344 join_end 0 0
1615468141200164 133811754481344 coll_beg 0 0
1615468148702599 133811754481344 coll_end 0 0
1615468151615592 133811746088640 emit_beg 985 0
1615468158624545 133811746088640 emit_end 985 0
1615468178726187 133811754481344 drain_beg 0 0
1615468178728477 133811754481344 drain_end 1 0
1615468178729687 133811754481344 subm_beg 1 0
1615468184211945 133811754481344 subm_end 1 0
1615468184213845 133811754481344 pump_beg 1 0
1615468200618323 133811754481344 pump_end 1 2
1615468200619053 133811754481344 join_beg 1 0
1615468200619453 133811754481344 join_end 0 0
1615468202754525 133811754481344 coll_beg 0 0
1615468211388548 133811754481344 coll_end 0 0
1615468213705913 133811754481344 drain_beg 0 0
1615468213708182 133811754481344 drain_end 1 0
1615468213709152 133811754481344 subm_beg 1 0
1615468213727582 133811746088640 emit_beg 986 0
1615468215783596 133811754481344 subm_end 1 0
1615468215785346 133811754481344 pump_beg 1 0
1615468223535022 133811746088640 emit_end 986 0
1615468232745164 133811754481344 pump_end 1 2
1615468232745774 133811754481344 join_beg 1 0
1615468232746254 133811754481344 join_end 0 0
1615468234860006 133811754481344 coll_beg 0 0
1615468247749263 133811754481344 coll_end 0 0
1615468249582786 133811754481344 drain_beg 0 0
1615468249583316 133811754481344 drain_end 1 0
1615468249583896 133811754481344 subm_beg 1 0
1615468249593815 133811746088640 emit_beg 987 0
1615468251666039 133811754481344 subm_end 1 0
1615468251666369 133811754481344 pump_beg 1 0
1615468259882938 133811746088640 emit_end 987 0
1615468268570359 133811754481344 pump_end 1 2
1615468268571019 133811754481344 join_beg 1 0
1615468268571359 133811754481344 join_end 0 0
1615468270440040 133811754481344 coll_beg 0 0
1615468282390171 133811754481344 coll_end 0 0
1615468284736095 133811754481344 drain_beg 0 0
1615468284736575 133811754481344 drain_end 1 0
1615468284736935 133811754481344 subm_beg 1 0
1615468284758354 133811746088640 emit_beg 988 0
1615468286541629 133811754481344 subm_end 1 0
1615468286541919 133811754481344 pump_beg 1 0
1615468294678400 133811746088640 emit_end 988 0
1615468303414170 133811754481344 pump_end 1 2
1615468303417719 133811754481344 join_beg 1 0
1615468303418929 133811754481344 join_end 0 0
1615468305345799 133811754481344 coll_beg 0 0
1615468313707382 133811754481344 coll_end 0 0
1615468315561004 133811746088640 emit_beg 989 0
1615468317301920 133811754481344 drain_beg 0 0
1615468317302560 133811754481344 drain_end 1 0
1615468317303010 133811754481344 subm_beg 1 0
1615468322729421 133811754481344 subm_end 1 0
1615468322729831 133811754481344 pump_beg 1 0
1615468326698825 133811746088640 emit_end 989 0
1615468339230025 133811754481344 pump_end 1 2
1615468339230615 133811754481344 join_beg 1 0
1615468339231065 133811754481344 join_end 0 0
1615468341083257 133811754481344 coll_beg 0 0
1615468350079086 133811754481344 coll_end 0 0
1615468352667081 133811754481344 drain_beg 0 0
1615468352669791 133811754481344 drain_end 1 0
1615468352670891 133811754481344 subm_beg 1 0
1615468352672361 133811746088640 emit_beg 990 0
1615468356224751 133811754481344 subm_end 1 0
1615468356225201 133811754481344 pump_beg 1 0
1615468361793057 133811746088640 emit_end 990 0
1615468373108851 133811754481344 pump_end 1 2
1615468373110361 133811754481344 join_beg 1 0
1615468373111001 133811754481344 join_end 0 0
1615468374960723 133811754481344 coll_beg 0 0
1615468383227140 133811754481344 coll_end 0 0
1615468385098931 133811746088640 emit_beg 991 0
1615468386863016 133811754481344 drain_beg 0 0
1615468386863636 133811754481344 drain_end 1 0
1615468386864006 133811754481344 subm_beg 1 0
1615468392358054 133811754481344 subm_end 1 0
1615468392358474 133811754481344 pump_beg 1 0
1615468398081085 133811746088640 emit_end 991 0
1615468409329141 133811754481344 pump_end 1 2
1615468409336651 133811754481344 join_beg 1 0
1615468409337241 133811754481344 join_end 0 0
1615468411147985 133811754481344 coll_beg 0 0
1615468424366920 133811754481344 coll_end 0 0
1615468426248120 133811754481344 drain_beg 0 0
1615468426249330 133811754481344 drain_end 1 0
1615468426250260 133811754481344 subm_beg 1 0
1615468426255480 133811746088640 emit_beg 992 0
1615468428034055 133811754481344 subm_end 1 0
1615468428034395 133811754481344 pump_beg 1 0
1615468431972110 133811746088640 emit_end 992 0
1615468445494224 133811754481344 pump_end 1 2
1615468445495214 133811754481344 join_beg 1 0
1615468445495714 133811754481344 join_end 0 0
1615468447312937 133811754481344 coll_beg 0 0
1615468460073689 133811754481344 coll_end 0 0
1615468461851014 133811754481344 drain_beg 0 0
1615468461851424 133811754481344 drain_end 1 0
1615468461851694 133811754481344 subm_beg 1 0
1615468461855273 133811746088640 emit_beg 993 0
1615468463591770 133811754481344 subm_end 1 0
1615468463592070 133811754481344 pump_beg 1 0
1615468469495993 133811746088640 emit_end 993 0
1615468480140742 133811754481344 pump_end 1 2
1615468480141622 133811754481344 join_beg 1 0
1615468480142042 133811754481344 join_end 0 0
1615468481989524 133811754481344 coll_beg 0 0
1615468492801007 133811754481344 coll_end 0 0
1615468494972918 133811754481344 drain_beg 0 0
1615468494973738 133811754481344 drain_end 1 0
1615468494974258 133811754481344 subm_beg 1 0
1615468494981077 133811746088640 emit_beg 994 0
1615468498392452 133811754481344 subm_end 1 0
1615468498392902 133811754481344 pump_beg 1 0
1615468503980417 133811746088640 emit_end 994 0
1615468517706423 133811754481344 pump_end 1 2
1615468517708543 133811754481344 join_beg 1 0
1615468517709483 133811754481344 join_end 0 0
1615468520321027 133811754481344 coll_beg 0 0
1615468528315614 133811754481344 coll_end 0 0
1615468531479477 133811754481344 drain_beg 0 0
1615468531480047 133811754481344 drain_end 1 0
1615468531480427 133811754481344 subm_beg 1 0
1615468531506886 133811746088640 emit_beg 995 0
1615468535107454 133811754481344 subm_end 1 0
1615468535107794 133811754481344 pump_beg 1 0
1615468540787336 133811746088640 emit_end 995 0
1615468551876439 133811754481344 pump_end 1 2
1615468551877709 133811754481344 join_beg 1 0
1615468551878609 133811754481344 join_end 0 0
1615468553773999 133811754481344 coll_beg 0 0
1615468563185884 133811754481344 coll_end 0 0
1615468565275877 133811754481344 drain_beg 0 0
1615468565278027 133811754481344 drain_end 1 0
1615468565279237 133811754481344 subm_beg 1 0
1615468565296406 133811746088640 emit_beg 996 0
1615468568745350 133811754481344 subm_end 1 0
1615468568745939 133811754481344 pump_beg 1 0
1615468572536400 133811746088640 emit_end 996 0
1615468584776671 133811754481344 pump_end 1 2
1615468584777291 133811754481344 join_beg 1 0
1615468584778021 133811754481344 join_end 0 0
1615468586533827 133811754481344 coll_beg 0 0
1615468594258613 133811754481344 coll_end 0 0
1615468596952344 133811746088640 emit_beg 997 0
1615468598647472 133811754481344 drain_beg 0 0
1615468598648002 133811754481344 drain_end 1 0
1615468598648272 133811754481344 subm_beg 1 0
1615468603822352 133811754481344 subm_end 1 0
1615468603822722 133811754481344 pump_beg 1 0
1615468607479218 133811746088640 emit_end 997 0
1615468621120837 133811754481344 pump_end 1 2
1615468621125147 133811754481344 join_beg 1 0
1615468621126577 133811754481344 join_end 0 0
1615468624057429 133811754481344 coll_beg 0 0
1615468633834670 133811754481344 coll_end 0 0
1615468635727931 133811746088640 emit_beg 998 0
1615468635730301 133811754481344 drain_beg 0 0
1615468635731870 133811754481344 drain_end 1 0
1615468635732620 133811754481344 subm_beg 1 0
1615468639180784 133811754481344 subm_end 1 0
1615468639181284 133811754481344 pump_beg 1 0
1615468643102810 133811746088640 emit_end 998 0
1615468655668049 133811754481344 pump_end 1 2
1615468655671648 133811754481344 join_beg 1 0
1615468655673508 133811754481344 join_end 0 0
1615468657594208 133811754481344 coll_beg 0 0
1615468665667862 133811754481344 coll_end 0 0
1615468668615123 133811754481344 drain_beg 0 0
1615468668620153 133811754481344 drain_end 1 0
1615468668620573 133811754481344 subm_beg 1 0
1615468668641452 133811746088640 emit_beg 999 0
1615468672037388 133811754481344 subm_end 1 0
1615468672037708 133811754481344 pump_beg 1 0
1615468677453849 133811746088640 emit_end 999 0
1615468688609759 133811754481344 pump_end 1 2
1615468688612529 133811754481344 join_beg 1 0
1615468688613949 133811754481344 join_end 0 0
1615468690413943 133811754481344 coll_beg 0 0
1615468701402610 133811754481344 coll_end 0 0
1615468703478314 133811754481344 drain_beg 0 0
1615468703479474 133811754481344 drain_end 1 0
1615468703480994 133811754481344 subm_beg 1 0
1615468703485293 133811746088640 emit_beg 1000 0
1615468705322386 133811754481344 subm_end 1 0
1615468705323426 133811754481344 pump_beg 1 0
1615468710938220 133811746088640 emit_end 1000 0
1615468721977505 133811754481344 pump_end 1 2
1615468721979835 133811754481344 join_beg 1 0
1615468721980684 133811754481344 join_end 0 0
1615468723882335 133811754481344 coll_beg 0 0
1615468732150171 133811754481344 coll_end 0 0
1615468733868908 133811746088640 emit_beg 1001 0
1615468735484479 133811754481344 drain_beg 0 0
1615468735485049 133811754481344 drain_end 1 0
1615468735485729 133811754481344 subm_beg 1 0
1615468740624530 133811754481344 subm_end 1 0
1615468740624920 133811754481344 pump_beg 1 0
1615468742655126 133811746088640 emit_end 1001 0
1615468756806846 133811754481344 pump_end 1 2
1615468756808316 133811754481344 join_beg 1 0
1615468756808886 133811754481344 join_end 0 0
1615468759230627 133811754481344 coll_beg 0 0
1615468767475464 133811754481344 coll_end 0 0
1615468770796012 133811754481344 drain_beg 0 0
1615468770796852 133811754481344 drain_end 1 0
1615468770797512 133811754481344 subm_beg 1 0
1615468770824761 133811746088640 emit_beg 1002 0
1615468774196448 133811754481344 subm_end 1 0
1615468774196838 133811754481344 pump_beg 1 0
1615468779803952 133811746088640 emit_end 1002 0
1615468791920307 133811754481344 pump_end 1 2
1615468791923967 133811754481344 join_beg 1 0
1615468791925837 133811754481344 join_end 0 0
1615468793775239 133811754481344 coll_beg 0 0
1615468801588732 133811754481344 coll_end 0 0
1615468804910410 133811754481344 drain_beg 0 0
1615468804911260 133811754481344 drain_end 1 0
1615468804911790 133811754481344 subm_beg 1 0
1615468804937309 133811746088640 emit_beg 1003 0
1615468808467530 133811754481344 subm_end 1 0
1615468808467830 133811754481344 pump_beg 1 0
1615468813871321 133811746088640 emit_end 1003 0
1615468824806470 133811754481344 pump_end 1 2
1615468824807140 133811754481344 join_beg 1 0
1615468824807490 133811754481344 join_end 0 0
1615468826552566 133811754481344 coll_beg 0 0
1615468835796326 133811754481344 coll_end 0 0
1615468837577911 133811754481344 drain_beg 0 0
1615468837580901 133811754481344 drain_end 1 0
1615468837582031 133811754481344 subm_beg 1 0
1615468837577941 133811746088640 emit_beg 1004 0
1615468840920448 133811754481344 subm_end 1 0
1615468840920878 133811754481344 pump_beg 1 0
1615468846092988 133811746088640 emit_end 1004 0
1615468857942823 133811754481344 pump_end 1 2
1615468857947103 133811754481344 join_beg 1 0
1615468857948423 133811754481344 join_end 0 0
1615468861099278 133811754481344 coll_beg 0 0
1615468871610702 133811754481344 coll_end 0 0
1615468873442454 133811754481344 drain_beg 0 0
1615468873444394 133811754481344 drain_end 1 0
1615468873445524 133811754481344 subm_beg 1 0
1615468873462774 133811746088640 emit_beg 1005 0
1615468876812341 133811754481344 subm_end 1 0
1615468876812981 133811754481344 pump_beg 1 0
1615468882392646 133811746088640 emit_end 1005 0
1615468893222518 133811754481344 pump_end 1 2
1615468893225728 133811754481344 join_beg 1 0
1615468893226688 133811754481344 join_end 0 0
1615468895005013 133811754481344 coll_beg 0 0
1615468903259300 133811754481344 coll_end 0 0
1615468906467502 133811754481344 drain_beg 0 0
1615468906468082 133811754481344 drain_end 1 0
1615468906468392 133811754481344 subm_beg 1 0
1615468906473582 133811746088640 emit_beg 1006 0
1615468909931435 133811754481344 subm_end 1 0
1615468909931815 133811754481344 pump_beg 1 0
1615468915292818 133811746088640 emit_end 1006 0
1615468926438899 133811754481344 pump_end 1 2
1615468926440419 133811754481344 join_beg 1 0
1615468926440929 133811754481344 join_end 0 0
1615468928261462 133811754481344 coll_beg 0 0
1615468936155112 133811754481344 coll_end 0 0
1615468938397690 133811746088640 emit_beg 1007 0
1615468940023260 133811754481344 drain_beg 0 0
1615468940023830 133811754481344 drain_end 1 0
1615468940024200 133811754481344 subm_beg 1 0
1615468945048606 133811754481344 subm_end 1 0
1615468945048976 133811754481344 pump_beg 1 0
1615468947041623 133811746088640 emit_end 1007 0
1615468960275097 133811754481344 pump_end 1 2
1615468960275627 133811754481344 join_beg 1 0
1615468960275877 133811754481344 join_end 0 0
1615468963225919 133811754481344 coll_beg 0 0
1615468970611797 133811754481344 coll_end 0 0
1615468972487069 133811754481344 drain_beg 0 0
1615468972487539 133811754481344 drain_end 1 0
1615468972487789 133811754481344 subm_beg 1 0
1615468972490918 133811746088640 emit_beg 1008 0
1615468975819286 133811754481344 subm_end 1 0
1615468975819626 133811754481344 pump_beg 1 0
1615468981120772 133811746088640 emit_end 1008 0
1615468990807736 133811754481344 pump_end 1 2
1615468990809726 133811754481344 join_beg 1 0
1615468990810466 133811754481344 join_end 0 0
1615468992539852 133811754481344 coll_beg 0 0
1615468998909149 133811754481344 coll_end 0 0
1615469000922205 133811746088640 emit_beg 1009 0
1615469002555035 133811754481344 drain_beg 0 0
1615469002555585 133811754481344 drain_end 1 0
1615469002556055 133811754481344 subm_beg 1 0
1615469007637608 133811754481344 subm_end 1 0
1615469007637958 133811754481344 pump_beg 1 0
1615469009700283 133811746088640 emit_end 1009 0
1615469022904878 133811754481344 pump_end 1 2
1615469022905708 133811754481344 join_beg 1 0
1615469022906378 133811754481344 join_end 0 0
1615469026378360 133811754481344 coll_beg 0 0
1615469033039996 133811754481344 coll_end 0 0
1615469035090290 133811754481344 drain_beg 0 0
1615469035092070 133811754481344 drain_end 1 0
1615469035092940 133811754481344 subm_beg 1 0
1615469035095930 133811746088640 emit_beg 1010 0
1615469038594872 133811754481344 subm_end 1 0
1615469038595382 133811754481344 pump_beg 1 0
1615469044115299 133811746088640 emit_end 1010 0
1615469054650092 133811754481344 pump_end 1 2
1615469054651532 133811754481344 join_beg 1 0
1615469054652392 133811754481344 join_end 0 0
1615469056426427 133811754481344 coll_beg 0 0
1615469063142431 133811754481344 coll_end 0 0
1615469066093472 133811754481344 drain_beg 0 0
1615469066094202 133811754481344 drain_end 1 0
1615469066094522 133811754481344 subm_beg 1 0
1615469066095452 133811746088640 emit_beg 1011 0
1615469069821956 133811754481344 subm_end 1 0
1615469069822256 133811754481344 pump_beg 1 0
1615469075253146 133811746088640 emit_end 1011 0
1615469085105705 133811754481344 pump_end 1 2
1615469085107634 133811754481344 join_beg 1 0
1615469085108324 133811754481344 join_end 0 0
1615469086890859 133811754481344 coll_beg 0 0
1615469093922031 133811754481344 coll_end 0 0
1615469095680296 133811746088640 emit_beg 1012 0
1615469097399043 133811754481344 drain_beg 0 0
1615469097399813 133811754481344 drain_end 1 0
1615469097400313 133811754481344 subm_beg 1 0
1615469100877296 133811754481344 subm_end 1 0
1615469100877706 133811754481344 pump_beg 1 0
1615469104565510 133811746088640 emit_end 1012 0
1615469116887178 133811754481344 pump_end 1 2
1615469116887858 133811754481344 join_beg 1 0
1615469116888238 133811754481344 join_end 0 0
1615469119433194 133811754481344 coll_beg 0 0
1615469129091350 133811754481344 coll_end 0 0
1615469132306302 133811754481344 drain_beg 0 0
1615469132306772 133811754481344 drain_end 1 0
1615469132307072 133811754481344 subm_beg 1 0
1615469132308142 133811746088640 emit_beg 1013 0
1615469135715377 133811754481344 subm_end 1 0
1615469135715877 133811754481344 pump_beg 1 0
1615469141447316 133811746088640 emit_end 1013 0
1615469151555695 133811754481344 pump_end 1 2
1615469151564185 133811754481344 join_beg 1 0
1615469151564725 133811754481344 join_end 0 0
1615469154874573 133811754481344 coll_beg 0 0
1615469164914255 133811754481344 coll_end 0 0
1615469166669740 133811754481344 drain_beg 0 0
1615469166670690 133811754481344 drain_end 1 0
1615469166671070 133811754481344 subm_beg 1 0
1615469166695869 133811746088640 emit_beg 1014 0
1615469170128883 133811754481344 subm_end 1 0
1615469170129213 133811754481344 pump_beg 1 0
1615469175827964 133811746088640 emit_end 1014 0
1615469186647277 133811754481344 pump_end 1 2
1615469186648147 133811754481344 join_beg 1 0
1615469186648517 133811754481344 join_end 0 0
1615469188830877 133811754481344 coll_beg 0 0
1615469197599265 133811754481344 coll_end 0 0
1615469200034596 133811754481344 drain_beg 0 0
1615469200035425 133811754481344 drain_end 1 0
1615469200035745 133811754481344 subm_beg 1 0
1615469200057385 133811746088640 emit_beg 1015 0
1615469203465880 133811754481344 subm_end 1 0
1615469203466310 133811754481344 pump_beg 1 0
1615469209042155 133811746088640 emit_end 1015 0
1615469220084050 133811754481344 pump_end 1 2
1615469220085509 133811754481344 join_beg 1 0
1615469220086069 133811754481344 join_end 0 0
1615469222853108 133811754481344 coll_beg 0 0
1615469231732192 133811754481344 coll_end 0 0
1615469234080966 133811754481344 drain_beg 0 0
1615469234081766 133811754481344 drain_end 1 0
1615469234082166 133811754481344 subm_beg 1 0
1615469234085396 133811746088640 emit_beg 1016 0
1615469235827492 133811754481344 subm_end 1 0
1615469235827882 133811754481344 pump_beg 1 0
1615469243075216 133811746088640 emit_end 1016 0
1615469253505983 133811754481344 pump_end 1 2
1615469253507383 133811754481344 join_beg 1 0
1615469253507983 133811754481344 join_end 0 0
1615469255297187 133811754481344 coll_beg 0 0
1615469266533125 133811754481344 coll_end 0 0
1615469268339408 133811754481344 drain_beg 0 0
1615469268340188 133811754481344 drain_end 1 0
1615469268340698 133811754481344 subm_beg 1 0
1615469268343698 133811746088640 emit_beg 1017 0
1615469270073955 133811754481344 subm_end 1 0
1615469270074495 133811754481344 pump_beg 1 0
1615469273885895 133811746088640 emit_end 1017 0
1615469287729866 133811754481344 pump_end 1 2
1615469287731536 133811754481344 join_beg 1 0
1615469287732056 133811754481344 join_end 0 0
1615469289508631 133811754481344 coll_beg 0 0
1615469303278536 133811754481344 coll_end 0 0
1615469305068240 133811754481344 drain_beg 0 0
1615469305068910 133811754481344 drain_end 1 0
1615469305069320 133811754481344 subm_beg 1 0
1615469305074410 133811746088640 emit_beg 1018 0
1615469306781617 133811754481344 subm_end 1 0
1615469306781967 133811754481344 pump_beg 1 0
1615469310587617 133811746088640 emit_end 1018 0
1615469324077192 133811754481344 pump_end 1 2
1615469324078732 133811754481344 join_beg 1 0
1615469324080012 133811754481344 join_end 0 0
1615469325913505 133811754481344 coll_beg 0 0
1615469334543588 133811754481344 coll_end 0 0
1615469336310933 133811746088640 emit_beg 1019 0
1615469338110157 133811754481344 drain_beg 0 0
1615469338110957 133811754481344 drain_end 1 0
1615469338111457 133811754481344 subm_beg 1 0
1615469343215490 133811754481344 subm_end 1 0
1615469343216030 133811754481344 pump_beg 1 0
1615469345893691 133811746088640 emit_end 1019 0
1615469359389816 133811754481344 pump_end 1 2
1615469359393606 133811754481344 join_beg 1 0
1615469359395386 133811754481344 join_end 0 0
1615469361254927 133811754481344 coll_beg 0 0
1615469369353930 133811754481344 coll_end 0 0
1615469372554483 133811754481344 drain_beg 0 0
1615469372555433 133811754481344 drain_end 1 0
1615469372556033 133811754481344 subm_beg 1 0
1615469372561302 133811746088640 emit_beg 1020 0
1615469376001846 133811754481344 subm_end 1 0
1615469376002366 133811754481344 pump_beg 1 0
1615469381561482 133811746088640 emit_end 1020 0
1615469391981539 133811754481344 pump_end 1 2
1615469391983329 133811754481344 join_beg 1 0
1615469391984199 133811754481344 join_end 0 0
1615469393819612 133811754481344 coll_beg 0 0
1615469402774913 133811754481344 coll_end 0 0
1615469405150756 133811754481344 drain_beg 0 0
1615469405151326 133811754481344 drain_end 1 0
1615469405151706 133811754481344 subm_beg 1 0
1615469405159456 133811746088640 emit_beg 1021 0
1615469408629648 133811754481344 subm_end 1 0
1615469408629958 133811754481344 pump_beg 1 0
1615469414408806 133811746088640 emit_end 1021 0
1615469424174608 133811754481344 pump_end 1 2
1615469424179078 133811754481344 join_beg 1 0
1615469424181517 133811754481344 join_end 0 0
1615469426206153 133811754481344 coll_beg 0 0
1615469434097843 133811754481344 coll_end 0 0
1615469439038152 133811754481344 drain_beg 0 0
1615469439040522 133811754481344 drain_end 1 0
1615469439041522 133811754481344 subm_beg 1 0
1615469439043122 133811746088640 emit_beg 1022 0
1615469442396499 133811754481344 subm_end 1 0
1615469442397049 133811754481344 pump_beg 1 0
1615469447950905 133811746088640 emit_end 1022 0
1615469457813973 133811754481344 pump_end 1 2
1615469457814643 133811754481344 join_beg 1 0
1615469457815243 133811754481344 join_end 0 0
1615469460346210 133811754481344 coll_beg 0 0
1615469470187649 133811754481344 coll_end 0 0
1615469471910355 133811754481344 drain_beg 0 0
1615469471911315 133811754481344 drain_end 1 0
1615469471911685 133811754481344 subm_beg 1 0
1615469471916795 133811746088640 emit_beg 1023 0
1615469473687330 133811754481344 subm_end 1 0
1615469473687930 133811754481344 pump_beg 1 0
1615469479132470 133811746088640 emit_end 1023 0
1615469489688593 133811754481344 pump_end 1 2
1615469489689413 133811754481344 join_beg 1 0
1615469489689733 133811754481344 join_end 0 0
1615469491421639 133811754481344 coll_beg 0 0
1615469499794882 133811754481344 coll_end 0 0
1615469501598635 133811746088640 emit_beg 1024 0
1615469503304903 133811754481344 drain_beg 0 0
1615469503307453 133811754481344 drain_end 1 0
1615469503308693 133811754481344 subm_beg 1 0
1615469508412445 133811754481344 subm_end 1 0
1615469508413005 133811754481344 pump_beg 1 0
1615469510426031 133811746088640 emit_end 1024 0
1615469525329604 133811754481344 pump_end 1 2
1615469525331194 133811754481344 join_beg 1 0
1615469525332244 133811754481344 join_end 0 0
1615469527639560 133811754481344 coll_beg 0 0
1615469536736366 133811754481344 coll_end 0 0
1615469538542949 133811754481344 drain_beg 0 0
1615469538543569 133811754481344 drain_end 1 0
1615469538543939 133811754481344 subm_beg 1 0
1615469538568068 133811746088640 emit_beg 1025 0
1615469541971533 133811754481344 subm_end 1 0
1615469541971743 133811754481344 pump_beg 1 0
1615469547265169 133811746088640 emit_end 1025 0
1615469557812822 133811754481344 pump_end 1 2
1615469557813822 133811754481344 join_beg 1 0
1615469557814152 133811754481344 join_end 0 0
1615469559980972 133811754481344 coll_beg 0 0
1615469567614312 133811754481344 coll_end 0 0
1615469570774896 133811754481344 drain_beg 0 0
1615469570776936 133811754481344 drain_end 1 0
1615469570778116 133811754481344 subm_beg 1 0
1615469570778846 133811746088640 emit_beg 1026 0
1615469574227479 133811754481344 subm_end 1 0
1615469574227849 133811754481344 pump_beg 1 0
1615469579508285 133811746088640 emit_end 1026 0
1615469589595355 133811754481344 pump_end 1 2
1615469589596105 133811754481344 join_beg 1 0
1615469589596505 133811754481344 join_end 0 0
1615469591372320 133811754481344 coll_beg 0 0
1615469598282456 133811754481344 coll_end 0 0
1615469600077590 133811746088640 emit_beg 1027 0
1615469601800347 133811754481344 drain_beg 0 0
1615469601801267 133811754481344 drain_end 1 0
1615469601802047 133811754481344 subm_beg 1 0
1615469606964558 133811754481344 subm_end 1 0
1615469606964978 133811754481344 pump_beg 1 0
1615469608945685 133811746088640 emit_end 1027 0
1615469622500997 133811754481344 pump_end 1 2
1615469622503377 133811754481344 join_beg 1 0
1615469622504287 133811754481344 join_end 0 0
1615469624546272 133811754481344 coll_beg 0 0
1615469631301014 133811754481344 coll_end 0 0
1615469633901379 133811746088640 emit_beg 1028 0
1615469635616856 133811754481344 drain_beg 0 0
1615469635620886 133811754481344 drain_end 1 0
1615469635622446 133811754481344 subm_beg 1 0
1615469642441435 133811754481344 subm_end 1 0
1615469642443585 133811754481344 pump_beg 1 0
1615469644369355 133811746088640 emit_end 1028 0
1615469659318196 133811754481344 pump_end 1 2
1615469659319926 133811754481344 join_beg 1 0
1615469659320706 133811754481344 join_end 0 0
1615469662635994 133811754481344 coll_beg 0 0
1615469674406322 133811754481344 coll_end 0 0
1615469676614981 133811754481344 drain_beg 0 0
1615469676617511 133811754481344 drain_end 1 0
1615469676619011 133811754481344 subm_beg 1 0
1615469676632750 133811746088640 emit_beg 1029 0
1615469678398565 133811754481344 subm_end 1 0
1615469678400325 133811754481344 pump_beg 1 0
1615469685492405 133811746088640 emit_end 1029 0
1615469696334407 133811754481344 pump_end 1 2
1615469696335047 133811754481344 join_beg 1 0
1615469696335617 133811754481344 join_end 0 0
1615469699578968 133811754481344 coll_beg 0 0
1615469709436116 133811754481344 coll_end 0 0
1615469711218361 133811754481344 drain_beg 0 0
1615469711218921 133811754481344 drain_end 1 0
1615469711219331 133811754481344 subm_beg 1 0
1615469711227810 133811746088640 emit_beg 1030 0
1615469714634095 133811754481344 subm_end 1 0
1615469714634585 133811754481344 pump_beg 1 0
1615469719967839 133811746088640 emit_end 1030 0
1615469733113257 133811754481344 pump_end 1 2
1615469733114097 133811754481344 join_beg 1 0
1615469733114777 133811754481344 join_end 0 0
1615469735751940 133811754481344 coll_beg 0 0
1615469745765212 133811754481344 coll_end 0 0
1615469747549867 133811754481344 drain_beg 0 0
1615469747550377 133811754481344 drain_end 1 0
1615469747550797 133811754481344 subm_beg 1 0
1615469747556117 133811746088640 emit_beg 1031 0
1615469752654650 133811754481344 subm_end 1 0
1615469752655100 133811754481344 pump_beg 1 0
1615469756577845 133811746088640 emit_end 1031 0
1615469769250270 133811754481344 pump_end 1 2
1615469769251260 133811754481344 join_beg 1 0
1615469769251630 133811754481344 join_end 0 0
1615469771035635 133811754481344 coll_beg 0 0
1615469780265156 133811754481344 coll_end 0 0
1615469782030371 133811754481344 drain_beg 0 0
1615469782030991 133811754481344 drain_end 1 0
1615469782031621 133811754481344 subm_beg 1 0
1615469782036641 133811746088640 emit_beg 1032 0
1615469787227710 133811754481344 subm_end 1 0
1615469787228320 133811754481344 pump_beg 1 0
1615469790769160 133811746088640 emit_end 1032 0
1615469804186048 133811754481344 pump_end 1 2
1615469804187158 133811754481344 join_beg 1 0
1615469804187748 133811754481344 join_end 0 0
1615469806676296 133811754481344 coll_beg 0 0
1615469813879802 133811754481344 coll_end 0 0
1615469815601819 133811754481344 drain_beg 0 0
1615469815602449 133811754481344 drain_end 1 0
1615469815602799 133811754481344 subm_beg 1 0
1615469815626458 133811746088640 emit_beg 1033 0
1615469818989594 133811754481344 subm_end 1 0
1615469818990014 133811754481344 pump_beg 1 0
1615469824456634 133811746088640 emit_end 1033 0
1615469835557506 133811754481344 pump_end 1 2
1615469835558076 133811754481344 join_beg 1 0
1615469835558336 133811754481344 join_end 0 0
1615469838778288 133811754481344 coll_beg 0 0
1615469847561876 133811754481344 coll_end 0 0
1615469849401318 133811754481344 drain_beg 0 0
1615469849402448 133811754481344 drain_end 1 0
1615469849402968 133811754481344 subm_beg 1 0
1615469849405078 133811746088640 emit_beg 1034 0
1615469854797290 133811754481344 subm_end 1 0
1615469854797640 133811754481344 pump_beg 1 0
1615469858600630 133811746088640 emit_end 1034 0
1615469871217067 133811754481344 pump_end 1 2
1615469871217947 133811754481344 join_beg 1 0
1615469871218307 133811754481344 join_end 0 0
1615469873369808 133811754481344 coll_beg 0 0
1615469881213740 133811754481344 coll_end 0 0
1615469883182008 133811754481344 drain_beg 0 0
1615469883182498 133811754481344 drain_end 1 0
1615469883182798 133811754481344 subm_beg 1 0
1615469883183758 133811746088640 emit_beg 1035 0
1615469886786076 133811754481344 subm_end 1 0
1615469886786546 133811754481344 pump_beg 1 0
1615469892246775 133811746088640 emit_end 1035 0
1615469903242522 133811754481344 pump_end 1 2
1615469903243541 133811754481344 join_beg 1 0
1615469903243911 133811754481344 join_end 0 0
1615469905337325 133811754481344 coll_beg 0 0
1615469914212279 133811754481344 coll_end 0 0
1615469917135602 133811754481344 drain_beg 0 0
1615469917136842 133811746088640 emit_beg 1036 0
1615469917137431 133811754481344 drain_end 1 0
1615469917140371 133811754481344 subm_beg 1 0
1615469920710410 133811754481344 subm_end 1 0
1615469920710850 133811754481344 pump_beg 1 0
1615469926363513 133811746088640 emit_end 1036 0
1615469936692294 133811754481344 pump_end 1 2
1615469936693934 133811754481344 join_beg 1 0
1615469936694654 133811754481344 join_end 0 0
1615469938558405 133811754481344 coll_beg 0 0
1615469947118961 133811754481344 coll_end 0 0
1615469949999085 133811754481344 drain_beg 0 0
1615469950002575 133811754481344 drain_end 1 0
1615469950002915 133811754481344 subm_beg 1 0
1615469950025984 133811746088640 emit_beg 1037 0
1615469953551275 133811754481344 subm_end 1 0
1615469953551625 133811754481344 pump_beg 1 0
1615469959196148 133811746088640 emit_end 1037 0
1615469968652141 133811754481344 pump_end 1 2
1615469968652821 133811754481344 join_beg 1 0
1615469968653100 133811754481344 join_end 0 0
1615469970521682 133811754481344 coll_beg 0 0
1615469978360054 133811754481344 coll_end 0 0
1615469981013107 133811746088640 emit_beg 1038 0
1615469982764752 133811754481344 drain_beg 0 0
1615469982765442 133811754481344 drain_end 1 0
1615469982765932 133811754481344 subm_beg 1 0
1615469988121536 133811754481344 subm_end 1 0
1615469988121826 133811754481344 pump_beg 1 0
1615469990127682 133811746088640 emit_end 1038 0
1615470005148931 133811754481344 pump_end 1 2
1615470005149851 133811754481344 join_beg 1 0
1615470005150301 133811754481344 join_end 0 0
1615470007140478 133811754481344 coll_beg 0 0
1615470016858301 133811754481344 coll_end 0 0
1615470019025511 133811754481344 drain_beg 0 0
1615470019026301 133811754481344 drain_end 1 0
1615470019026671 133811754481344 subm_beg 1 0
1615470019027241 133811746088640 emit_beg 1039 0
1615470022741105 133811754481344 subm_end 1 0
1615470022741555 133811754481344 pump_beg 1 0
1615470028350029 133811746088640 emit_end 1039 0
1615470040201924 133811754481344 pump_end 1 2
1615470040202514 133811754481344 join_beg 1 0
1615470040203034 133811754481344 join_end 0 0
1615470042103164 133811754481344 coll_beg 0 0
1615470054302596 133811754481344 coll_end 0 0
1615470056357991 133811754481344 drain_beg 0 0
1615470056360891 133811754481344 drain_end 1 0
1615470056362021 133811754481344 subm_beg 1 0
1615470056378200 133811746088640 emit_beg 1040 0
1615470060011737 133811754481344 subm_end 1 0
1615470060013587 133811754481344 pump_beg 1 0
1615470065809104 133811746088640 emit_end 1040 0
1615470076666255 133811754481344 pump_end 1 2
1615470076667175 133811754481344 join_beg 1 0
1615470076667575 133811754481344 join_end 0 0
1615470078835376 133811754481344 coll_beg 0 0
1615470086433747 133811754481344 coll_end 0 0
1615470088249040 133811746088640 emit_beg 1041 0
1615470090000966 133811754481344 drain_beg 0 0
1615470090001526 133811754481344 drain_end 1 0
1615470090001896 133811754481344 subm_beg 1 0
1615470095409177 133811754481344 subm_end 1 0
1615470095409667 133811754481344 pump_beg 1 0
1615470099523876 133811746088640 emit_end 1041 0
1615470111270515 133811754481344 pump_end 1 2
1615470111271205 133811754481344 join_beg 1 0
1615470111271985 133811754481344 join_end 0 0
1615470113086008 133811754481344 coll_beg 0 0
1615470120260625 133811754481344 coll_end 0 0
1615470122243972 133811746088640 emit_beg 1042 0
1615470124038556 133811754481344 drain_beg 0 0
1615470124039236 133811754481344 drain_end 1 0
1615470124039766 133811754481344 subm_beg 1 0
1615470129449288 133811754481344 subm_end 1 0
1615470129449748 133811754481344 pump_beg 1 0
1615470131502132 133811746088640 emit_end 1042 0
1615470144844873 133811754481344 pump_end 1 2
1615470144845763 133811754481344 join_beg 1 0
1615470144846522 133811754481344 join_end 0 0
1615470147467876 133811754481344 coll_beg 0 0
1615470154606484 133811754481344 coll_end 0 0
1615470157359753 133811746088640 emit_beg 1043 0
1615470159151307 133811754481344 drain_beg 0 0
1615470159152067 133811754481344 drain_end 1 0
1615470159152567 133811754481344 subm_beg 1 0
1615470164479982 133811754481344 subm_end 1 0
1615470164480472 133811754481344 pump_beg 1 0
1615470166559536 133811746088640 emit_end 1043 0
1615470180717436 133811754481344 pump_end 1 2
1615470180718436 133811754481344 join_beg 1 0
1615470180719016 133811754481344 join_end 0 0
1615470182691433 133811754481344 coll_beg 0 0
1615470190902792 133811754481344 coll_end 0 0
1615470194328376 133811754481344 drain_beg 0 0
1615470194329006 133811754481344 drain_end 1 0
1615470194329636 133811754481344 subm_beg 1 0
1615470194336886 133811746088640 emit_beg 1044 0
1615470197899545 133811754481344 subm_end 1 0
1615470197899995 133811754481344 pump_beg 1 0
1615470203439532 133811746088640 emit_end 1044 0
1615470214307653 133811754481344 pump_end 1 2
1615470214308963 133811754481344 join_beg 1 0
1615470214309413 133811754481344 join_end 0 0
1615470216158315 133811754481344 coll_beg 0 0
1615470223933319 133811754481344 coll_end 0 0
1615470226207556 133811746088640 emit_beg 1045 0
1615470228024089 133811754481344 drain_beg 0 0
1615470228024509 133811754481344 drain_end 1 0
1615470228024789 133811754481344 subm_beg 1 0
1615470233433311 133811754481344 subm_end 1 0
1615470233433731 133811754481344 pump_beg 1 0
1615470235572142 133811746088640 emit_end 1045 0
1615470249293189 133811754481344 pump_end 1 2
1615470249294278 133811754481344 join_beg 1 0
1615470249294838 133811754481344 join_end 0 0
1615470251932292 133811754481344 coll_beg 0 0
1615470259279032 133811754481344 coll_end 0 0
1615470261301738 133811754481344 drain_beg 0 0
1615470261302238 133811754481344 drain_end 1 0
1615470261302738 133811754481344 subm_beg 1 0
1615470261329737 133811746088640 emit_beg 1046 0
1615470264633475 133811754481344 subm_end 1 0
1615470264633755 133811754481344 pump_beg 1 0
1615470269910142 133811746088640 emit_end 1046 0
1615470281161309 133811754481344 pump_end 1 2
1615470281161849 133811754481344 join_beg 1 0
1615470281162019 133811754481344 join_end 0 0
1615470282928984 133811754481344 coll_beg 0 0
1615470291456761 133811754481344 coll_end 0 0
1615470295722744 133811754481344 drain_beg 0 0
1615470295723894 133811754481344 drain_end 1 0
1615470295724734 133811754481344 subm_beg 1 0
1615470295743543 133811746088640 emit_beg 1047 0
1615470299165858 133811754481344 subm_end 1 0
1615470299166348 133811754481344 pump_beg 1 0
1615470304497922 133811746088640 emit_end 1047 0
1615470317036682 133811754481344 pump_end 1 2
1615470317040142 133811754481344 join_beg 1 0
1615470317041251 133811754481344 join_end 0 0
1615470318935502 133811754481344 coll_beg 0 0
1615470329491425 133811754481344 coll_end 0 0
1615470332136037 133811754481344 drain_beg 0 0
1615470332137107 133811754481344 drain_end 1 0
1615470332137777 133811754481344 subm_beg 1 0
1615470332163286 133811746088640 emit_beg 1048 0
1615470333844885 133811754481344 subm_end 1 0
1615470333845365 133811754481344 pump_beg 1 0
1615470341084639 133811746088640 emit_end 1048 0
1615470351186118 133811754481344 pump_end 1 2
1615470351187678 133811754481344 join_beg 1 0
1615470351188238 133811754481344 join_end 0 0
1615470352971633 133811754481344 coll_beg 0 0
1615470364899595 133811754481344 coll_end 0 0
1615470366652190 133811754481344 drain_beg 0 0
1615470366652790 133811754481344 drain_end 1 0
1615470366653180 133811754481344 subm_beg 1 0
1615470366677249 133811746088640 emit_beg 1049 0
1615470369995608 133811754481344 subm_end 1 0
1615470369995998 133811754481344 pump_beg 1 0
1615470375461397 133811746088640 emit_end 1049 0
1615470387259704 133811754481344 pump_end 1 2
1615470387260454 133811754481344 join_beg 1 0
1615470387260894 133811754481344 join_end 0 0
1615470389074847 133811754481344 coll_beg 0 0
1615470401363646 133811754481344 coll_end 0 0
1615470403140361 133811754481344 drain_beg 0 0
1615470403140831 133811754481344 drain_end 1 0
1615470403141071 133811754481344 subm_beg 1 0
1615470403166390 133811746088640 emit_beg 1050 0
1615470406535396 133811754481344 subm_end 1 0
1615470406535686 133811754481344 pump_beg 1 0
1615470412225207 133811746088640 emit_end 1050 0
1615470422829028 133811754481344 pump_end 1 2
1615470422829708 133811754481344 join_beg 1 0
1615470422830098 133811754481344 join_end 0 0
1615470424712609 133811754481344 coll_beg 0 0
1615470436386390 133811754481344 coll_end 0 0
1615470438163415 133811754481344 drain_beg 0 0
1615470438164175 133811754481344 drain_end 1 0
1615470438164655 133811754481344 subm_beg 1 0
1615470438185174 133811746088640 emit_beg 1051 0
1615470439884132 133811754481344 subm_end 1 0
1615470439884392 133811754481344 pump_beg 1 0
1615470447257081 133811746088640 emit_end 1051 0
1615470456778732 133811754481344 pump_end 1 2
1615470456779372 133811754481344 join_beg 1 0
1615470456779772 133811754481344 join_end 0 0
1615470458576356 133811754481344 coll_beg 0 0
1615470470689531 133811754481344 coll_end 0 0
1615470473185470 133811754481344 drain_beg 0 0
1615470473185960 133811754481344 drain_end 1 0
1615470473186170 133811754481344 subm_beg 1 0
1615470473211139 133811746088640 emit_beg 1052 0
1615470474913186 133811754481344 subm_end 1 0
1615470474913506 133811754481344 pump_beg 1 0
1615470482132841 133811746088640 emit_end 1052 0
1615470491396621 133811754481344 pump_end 1 2
1615470491400061 133811754481344 join_beg 1 0
1615470491402051 133811754481344 join_end 0 0
1615470493208065 133811754481344 coll_beg 0 0
1615470502465125 133811754481344 coll_end 0 0
1615470505533542 133811754481344 drain_beg 0 0
1615470505534172 133811754481344 drain_end 1 0
1615470505534522 133811754481344 subm_beg 1 0
1615470505563711 133811746088640 emit_beg 1053 0
1615470508917438 133811754481344 subm_end 1 0
1615470508917818 133811754481344 pump_beg 1 0
1615470514419086 133811746088640 emit_end 1053 0
1615470525693352 133811754481344 pump_end 1 2
1615470525694922 133811754481344 join_beg 1 0
1615470525695682 133811754481344 join_end 0 0
1615470527462247 133811754481344 coll_beg 0 0
1615470535420725 133811754481344 coll_end 0 0
1615470538219632 133811746088640 emit_beg 1054 0
1615470539916120 133811754481344 drain_beg 0 0
1615470539916740 133811754481344 drain_end 1 0
1615470539917080 133811754481344 subm_beg 1 0
1615470545128639 133811754481344 subm_end 1 0
1615470545128999 133811754481344 pump_beg 1 0
1615470550549120 133811746088640 emit_end 1054 0
1615470561928382 133811754481344 pump_end 1 2
1615470561930012 133811754481344 join_beg 1 0
1615470561930942 133811754481344 join_end 0 0
1615470563801513 133811754481344 coll_beg 0 0
1615470573668481 133811754481344 coll_end 0 0
1615470575583441 133811754481344 drain_beg 0 0
1615470575584741 133811754481344 drain_end 1 0
1615470575585551 133811754481344 subm_beg 1 0
1615470575609120 133811746088640 emit_beg 1055 0
1615470577355196 133811754481344 subm_end 1 0
1615470577355676 133811754481344 pump_beg 1 0
1615470582788106 133811746088640 emit_end 1055 0
1615470593657227 133811754481344 pump_end 1 2
1615470593658817 133811754481344 join_beg 1 0
1615470593659617 133811754481344 join_end 0 0
1615470595427432 133811754481344 coll_beg 0 0
1615470603507096 133811754481344 coll_end 0 0
1615470605251102 133811746088640 emit_beg 1056 0
1615470606927490 133811754481344 drain_beg 0 0
1615470606929540 133811754481344 drain_end 1 0
1615470606930080 133811754481344 subm_beg 1 0
1615470612267104 133811754481344 subm_end 1 0
1615470612271284 133811754481344 pump_beg 1 0
1615470614159855 133811746088640 emit_end 1056 0
1615470628748779 133811754481344 pump_end 1 2
1615470628750119 133811754481344 join_beg 1 0
1615470628750929 133811754481344 join_end 0 0
1615470632084037 133811754481344 coll_beg 0 0
1615470641411204 133811754481344 coll_end 0 0
1615470643194659 133811754481344 drain_beg 0 0
1615470643195649 133811754481344 drain_end 1 0
1615470643196129 133811754481344 subm_beg 1 0
1615470643198719 133811746088640 emit_beg 1057 0
1615470646658192 133811754481344 subm_end 1 0
1615470646658692 133811754481344 pump_beg 1 0
1615470652188139 133811746088640 emit_end 1057 0
1615470662901615 133811754481344 pump_end 1 2
1615470662902895 133811754481344 join_beg 1 0
1615470662903585 133811754481344 join_end 0 0
1615470664748447 133811754481344 coll_beg 0 0
1615470673171708 133811754481344 coll_end 0 0
1615470675121487 133811746088640 emit_beg 1058 0
1615470676892532 133811754481344 drain_beg 0 0
1615470676893232 133811754481344 drain_end 1 0
1615470676893602 133811754481344 subm_beg 1 0
1615470682381380 133811754481344 subm_end 1 0
1615470682381830 133811754481344 pump_beg 1 0
1615470686250878 133811746088640 emit_end 1058 0
1615470698745540 133811754481344 pump_end 1 2
1615470698746100 133811754481344 join_beg 1 0
1615470698746459 133811754481344 join_end 0 0
1615470701375143 133811754481344 coll_beg 0 0
1615470709360860 133811754481344 coll_end 0 0
1615470711207552 133811754481344 drain_beg 0 0
1615470711208042 133811754481344 drain_end 1 0
1615470711208552 133811754481344 subm_beg 1 0
1615470711230271 133811746088640 emit_beg 1059 0
1615470714757542 133811754481344 subm_end 1 0
1615470714757892 133811754481344 pump_beg 1 0
1615470720529970 133811746088640 emit_end 1059 0
1615470731171569 133811754481344 pump_end 1 2
1615470731173839 133811754481344 join_beg 1 0
1615470731175059 133811754481344 join_end 0 0
1615470733055470 133811754481344 coll_beg 0 0
1615470747033127 133811754481344 coll_end 0 0
1615470748934487 133811754481344 drain_beg 0 0
1615470748935477 133811754481344 drain_end 1 0
1615470748936157 133811754481344 subm_beg 1 0
1615470748939917 133811746088640 emit_beg 1060 0
1615470752578883 133811754481344 subm_end 1 0
1615470752580653 133811754481344 pump_beg 1 0
1615470758338472 133811746088640 emit_end 1060 0
1615470770007664 133811754481344 pump_end 1 2
1615470770010364 133811754481344 join_beg 1 0
1615470770011504 133811754481344 join_end 0 0
1615470771911784 133811754481344 coll_beg 0 0
1615470783718630 133811754481344 coll_end 0 0
1615470785596491 133811754481344 drain_beg 0 0
1615470785596961 133811754481344 drain_end 1 0
1615470785597411 133811754481344 subm_beg 1 0
1615470785617490 133811746088640 emit_beg 1061 0
1615470789339194 133811754481344 subm_end 1 0
1615470789339544 133811754481344 pump_beg 1 0
1615470795071734 133811746088640 emit_end 1061 0
1615470806801283 133811754481344 pump_end 1 2
1615470806803483 133811754481344 join_beg 1 0
1615470806804393 133811754481344 join_end 0 0
1615470811970253 133811754481344 coll_beg 0 0
1615470824469244 133811754481344 coll_end 0 0
1615470826495590 133811754481344 drain_beg 0 0
1615470826496090 133811754481344 drain_end 1 0
1615470826496610 133811754481344 subm_beg 1 0
1615470826520219 133811746088640 emit_beg 1062 0
1615470830070789 133811754481344 subm_end 1 0
1615470830071169 133811754481344 pump_beg 1 0
1615470835945583 133811746088640 emit_end 1062 0
1615470847232479 133811754481344 pump_end 1 2
1615470847236699 133811754481344 join_beg 1 0
1615470847238328 133811754481344 join_end 0 0
1615470849471766 133811754481344 coll_beg 0 0
1615470858385709 133811754481344 coll_end 0 0
1615470861116729 133811754481344 drain_beg 0 0
1615470861117279 133811754481344 drain_end 1 0
1615470861117589 133811754481344 subm_beg 1 0
1615470861145568 133811746088640 emit_beg 1063 0
1615470862885484 133811754481344 subm_end 1 0
1615470862885814 133811754481344 pump_beg 1 0
1615470870353500 133811746088640 emit_end 1063 0
1615470879868541 133811754481344 pump_end 1 2
1615470879870461 133811754481344 join_beg 1 0
1615470879871881 133811754481344 join_end 0 0
1615470882099219 133811754481344 coll_beg 0 0
1615470891345229 133811754481344 coll_end 0 0
1615470901159289 133811754481344 drain_beg 0 0
1615470901161949 133811754481344 drain_end 1 0
1615470901162829 133811754481344 subm_beg 1 0
1615470901167729 133811746088640 emit_beg 1064 0
1615470904769827 133811754481344 subm_end 1 0
1615470904770757 133811754481344 pump_beg 1 0
1615470910597263 133811746088640 emit_end 1064 0
1615470921449284 133811754481344 pump_end 1 2
1615470921455394 133811754481344 join_beg 1 0
1615470921457984 133811754481344 join_end 0 0
1615470923508359 133811754481344 coll_beg 0 0
1615470930919077 133811754481344 coll_end 0 0
1615470932811417 133811746088640 emit_beg 1065 0
1615470934574453 133811754481344 drain_beg 0 0
1615470934576302 133811754481344 drain_end 1 0
1615470934577042 133811754481344 subm_beg 1 0
1615470939919356 133811754481344 subm_end 1 0
1615470939919836 133811754481344 pump_beg 1 0
1615470941990520 133811746088640 emit_end 1065 0
1615470955664278 133811754481344 pump_end 1 2
1615470955666758 133811754481344 join_beg 1 0
1615470955667888 133811754481344 join_end 0 0
1615470958945298 133811754481344 coll_beg 0 0
1615470970590760 133811754481344 coll_end 0 0
1615470972452812 133811754481344 drain_beg 0 0
1615470972454052 133811754481344 drain_end 1 0
1615470972454512 133811754481344 subm_beg 1 0
1615470972455552 133811746088640 emit_beg 1066 0
1615470974307254 133811754481344 subm_end 1 0
1615470974307704 133811754481344 pump_beg 1 0
1615470980240266 133811746088640 emit_end 1066 0
1615470989783186 133811754481344 pump_end 1 2
1615470989786936 133811754481344 join_beg 1 0
1615470989788066 133811754481344 join_end 0 0
1615470991738994 133811754481344 coll_beg 0 0
1615471002321746 133811754481344 coll_end 0 0
1615471005317436 133811754481344 drain_beg 0 0
1615471005320205 133811754481344 drain_end 1 0
1615471005321495 133811754481344 subm_beg 1 0
1615471005336785 133811746088640 emit_beg 1067 0
1615471007251985 133811754481344 subm_end 1 0
1615471007253694 133811754481344 pump_beg 1 0
1615471013092830 133811746088640 emit_end 1067 0
1615471022960428 133811754481344 pump_end 1 2
1615471022961338 133811754481344 join_beg 1 0
1615471022961708 133811754481344 join_end 0 0
1615471024828129 133811754481344 coll_beg 0 0
1615471035451219 133811754481344 coll_end 0 0
1615471038399551 133811754481344 drain_beg 0 0
1615471038400741 133811754481344 drain_end 1 0
1615471038401521 133811754481344 subm_beg 1 0
1615471038421020 133811746088640 emit_beg 1068 0
1615471040192525 133811754481344 subm_end 1 0
1615471040193005 133811754481344 pump_beg 1 0
1615471046008342 133811746088640 emit_end 1068 0
1615471057098385 133811754481344 pump_end 1 2
1615471057101995 133811754481344 join_beg 1 0
1615471057103385 133811754481344 join_end 0 0
1615471059032734 133811754481344 coll_beg 0 0
1615471071975429 133811754481344 coll_end 0 0
1615471074025443 133811754481344 drain_beg 0 0
1615471074027613 133811754481344 drain_end 1 0
1615471074028903 133811754481344 subm_beg 1 0
1615471074044333 133811746088640 emit_beg 1069 0
1615471075961432 133811754481344 subm_end 1 0
1615471075962232 133811754481344 pump_beg 1 0
1615471081917864 133811746088640 emit_end 1069 0
1615471092793215 133811754481344 pump_end 1 2
1615471092796584 133811754481344 join_beg 1 0
1615471092798444 133811754481344 join_end 0 0
1615471094569009 133811754481344 coll_beg 0 0
1615471102189250 133811754481344 coll_end 0 0
1615471104040912 133811746088640 emit_beg 1070 0
1615471105757679 133811754481344 drain_beg 0 0
1615471105758658 133811754481344 drain_end 1 0
1615471105759008 133811754481344 subm_beg 1 0
1615471112237781 133811754481344 subm_end 1 0
1615471112238191 133811754481344 pump_beg 1 0
1615471116022142 133811746088640 emit_end 1070 0
1615471129863904 133811754481344 pump_end 1 2
1615471129866143 133811754481344 join_beg 1 0
1615471129867503 133811754481344 join_end 0 0
1615471131847751 133811754481344 coll_beg 0 0
1615471139513589 133811754481344 coll_end 0 0
1615471141407550 133811754481344 drain_beg 0 0
1615471141408430 133811754481344 drain_end 1 0
1615471141409110 133811754481344 subm_beg 1 0
1615471141410580 133811746088640 emit_beg 1071 0
1615471144967499 133811754481344 subm_end 1 0
1615471144968199 133811754481344 pump_beg 1 0
1615471150702849 133811746088640 emit_end 1071 0
1615471161602669 133811754481344 pump_end 1 2
1615471161603399 133811754481344 join_beg 1 0
1615471161604078 133811754481344 join_end 0 0
1615471163387923 133811754481344 coll_beg 0 0
1615471171422158 133811754481344 coll_end 0 0
1615471173160724 133811746088640 emit_beg 1072 0
1615471174830253 133811754481344 drain_beg 0 0
1615471174846722 133811754481344 drain_end 1 0
1615471174847362 133811754481344 subm_beg 1 0
1615471180018863 133811754481344 subm_end 1 0
1615471180019992 133811754481344 pump_beg 1 0
1615471182008559 133811746088640 emit_end 1072 0
1615471197560269 133811754481344 pump_end 1 2
1615471197561909 133811754481344 join_beg 1 0
1615471197563059 133811754481344 join_end 0 0
1615471200812219 133811754481344 coll_beg 0 0
1615471209993102 133811754481344 coll_end 0 0
1615471212052666 133811754481344 drain_beg 0 0
1615471212053746 133811754481344 drain_end 1 0
1615471212054236 133811754481344 subm_beg 1 0
1615471212135403 133811746088640 emit_beg 1073 0
1615471215601856 133811754481344 subm_end 1 0
1615471215602626 133811754481344 pump_beg 1 0
1615471221574477 133811746088640 emit_end 1073 0
1615471235187227 133811754481344 pump_end 1 2
1615471235190087 133811754481344 join_beg 1 0
1615471235191257 133811754481344 join_end 0 0
1615471237776682 133811754481344 coll_beg 0 0
1615471247569803 133811754481344 coll_end 0 0
1615471249440234 133811754481344 drain_beg 0 0
1615471249440934 133811754481344 drain_end 1 0
1615471249441774 133811754481344 subm_beg 1 0
1615471249460953 133811746088640 emit_beg 1074 0
1615471251135222 133811754481344 subm_end 1 0
1615471251135972 133811754481344 pump_beg 1 0
1615471257029966 133811746088640 emit_end 1074 0
1615471268116538 133811754481344 pump_end 1 2
1615471268119528 133811754481344 join_beg 1 0
1615471268120808 133811754481344 join_end 0 0
1615471269897193 133811754481344 coll_beg 0 0
1615471278839145 133811754481344 coll_end 0 0
1615471281768307 133811746088640 emit_beg 1075 0
1615471283373238 133811754481344 drain_beg 0 0
1615471283374208 133811754481344 drain_end 1 0
1615471283374558 133811754481344 subm_beg 1 0
1615471288779360 133811754481344 subm_end 1 0
1615471288779820 133811754481344 pump_beg 1 0
1615471291606976 133811746088640 emit_end 1075 0
1615471304560851 133811754481344 pump_end 1 2
1615471304563031 133811754481344 join_beg 1 0
1615471304564141 133811754481344 join_end 0 0
1615471306468981 133811754481344 coll_beg 0 0
1615471315616465 133811754481344 coll_end 0 0
1615471317561364 133811746088640 emit_beg 1076 0
1615471319245492 133811754481344 drain_beg 0 0
1615471319248582 133811754481344 drain_end 1 0
1615471319249842 133811754481344 subm_beg 1 0
1615471324453640 133811754481344 subm_end 1 0
1615471324455840 133811754481344 pump_beg 1 0
1615471328412575 133811746088640 emit_end 1076 0
1615471340134245 133811754481344 pump_end 1 2
1615471340136475 133811754481344 join_beg 1 0
1615471340137975 133811754481344 join_end 0 0
1615471342964551 133811754481344 coll_beg 0 0
1615471350424077 133811754481344 coll_end 0 0
1615471352418014 133811754481344 drain_beg 0 0
1615471352418894 133811754481344 drain_end 1 0
1615471352419254 133811754481344 subm_beg 1 0
1615471352438743 133811746088640 emit_beg 1077 0
1615471355788360 133811754481344 subm_end 1 0
1615471355788910 133811754481344 pump_beg 1 0
1615471361176922 133811746088640 emit_end 1077 0
1615471370764630 133811754481344 pump_end 1 2
1615471370767050 133811754481344 join_beg 1 0
1615471370768410 133811754481344 join_end 0 0
1615471372638772 133811754481344 coll_beg 0 0
1615471380249232 133811754481344 coll_end 0 0
1615471382013767 133811746088640 emit_beg 1078 0
1615471383678656 133811754481344 drain_beg 0 0
1615471383679416 133811754481344 drain_end 1 0
1615471383679746 133811754481344 subm_beg 1 0
1615471388963482 133811754481344 subm_end 1 0
1615471388963802 133811754481344 pump_beg 1 0
1615471391259448 133811746088640 emit_end 1078 0
1615471404200643 133811754481344 pump_end 1 2
1615471404201843 133811754481344 join_beg 1 0
1615471404202423 133811754481344 join_end 0 0
1615471407581389 133811754481344 coll_beg 0 0
1615471414138018 133811754481344 coll_end 0 0
1615471416997843 133811754481344 drain_beg 0 0
1615471416998423 133811754481344 drain_end 1 0
1615471416998933 133811754481344 subm_beg 1 0
1615471417019982 133811746088640 emit_beg 1079 0
1615471420389499 133811754481344 subm_end 1 0
1615471420390119 133811754481344 pump_beg 1 0
1615471426016742 133811746088640 emit_end 1079 0
1615471436611243 133811754481344 pump_end 1 2
1615471436613883 133811754481344 join_beg 1 0
1615471436615263 133811754481344 join_end 0 0
1615471439633522 133811754481344 coll_beg 0 0
1615471446972503 133811754481344 coll_end 0 0
1615471448982599 133811754481344 drain_beg 0 0
1615471448983459 133811754481344 drain_end 1 0
1615471448983939 133811754481344 subm_beg 1 0
1615471449209661 133811746088640 emit_beg 1080 0
1615471452300807 133811754481344 subm_end 1 0
1615471452301407 133811754481344 pump_beg 1 0
1615471457901142 133811746088640 emit_end 1080 0
1615471468807141 133811754481344 pump_end 1 2
1615471468812001 133811754481344 join_beg 1 0
1615471468814051 133811754481344 join_end 0 0
1615471472024913 133811754481344 coll_beg 0 0
1615471480439744 133811754481344 coll_end 0 0
1615471483690105 133811754481344 drain_beg 0 0
1615471483690965 133811754481344 drain_end 1 0
1615471483691525 133811754481344 subm_beg 1 0
1615471484048022 133811746088640 emit_beg 1081 0
1615471487051162 133811754481344 subm_end 1 0
1615471487051872 133811754481344 pump_beg 1 0
1615471492870198 133811746088640 emit_end 1081 0
1615471503649282 133811754481344 pump_end 1 2
1615471503652062 133811754481344 join_beg 1 0
1615471503653512 133811754481344 join_end 0 0
1615471505710277 133811754481344 coll_beg 0 0
1615471513196332 133811754481344 coll_end 0 0
1615471515044934 133811746088640 emit_beg 1082 0
1615471516859358 133811754481344 drain_beg 0 0
1615471516864317 133811754481344 drain_end 1 0
1615471516865917 133811754481344 subm_beg 1 0
1615471522330077 133811754481344 subm_end 1 0
1615471522332267 133811754481344 pump_beg 1 0
1615471524411640 133811746088640 emit_end 1082 0
1615471537741321 133811754481344 pump_end 1 2
1615471537747041 133811754481344 join_beg 1 0
1615471537748661 133811754481344 join_end 0 0
1615471540294007 133811754481344 coll_beg 0 0
1615471547112157 133811754481344 coll_end 0 0
1615471550032870 133811746088640 emit_beg 1083 0
1615471551820624 133811754481344 drain_beg 0 0
1615471551823184 133811754481344 drain_end 1 0
1615471551824514 133811754481344 subm_beg 1 0
1615471557283994 133811754481344 subm_end 1 0
1615471557286053 133811754481344 pump_beg 1 0
1615471559425015 133811746088640 emit_end 1083 0
1615471572369250 133811754481344 pump_end 1 2
1615471572371480 133811754481344 join_beg 1 0
1615471572372380 133811754481344 join_end 0 0
1615471574435564 133811754481344 coll_beg 0 0
1615471580850418 133811754481344 coll_end 0 0
1615471584100999 133811746088640 emit_beg 1084 0
1615471585880804 133811754481344 drain_beg 0 0
1615471585883354 133811754481344 drain_end 1 0
1615471585884444 133811754481344 subm_beg 1 0
1615471591443839 133811754481344 subm_end 1 0
1615471591445779 133811754481344 pump_beg 1 0
1615471593564872 133811746088640 emit_end 1084 0
1615471608641638 133811754481344 pump_end 1 2
1615471608644458 133811754481344 join_beg 1 0
1615471608645208 133811754481344 join_end 0 0
1615471611511093 133811754481344 coll_beg 0 0
1615471620593809 133811754481344 coll_end 0 0
1615471622480850 133811754481344 drain_beg 0 0
1615471622482030 133811754481344 drain_end 1 0
1615471622482950 133811754481344 subm_beg 1 0
1615471622498950 133811746088640 emit_beg 1085 0
1615471624286394 133811754481344 subm_end 1 0
1615471624287034 133811754481344 pump_beg 1 0
1615471631898904 133811746088640 emit_end 1085 0
1615471641612658 133811754481344 pump_end 1 2
1615471641614818 133811754481344 join_beg 1 0
1615471641616068 133811754481344 join_end 0 0
1615471643473090 133811754481344 coll_beg 0 0
1615471652552086 133811754481344 coll_end 0 0
1615471655111642 133811746088640 emit_beg 1086 0
1615471656924776 133811754481344 drain_beg 0 0
1615471656927586 133811754481344 drain_end 1 0
1615471656928896 133811754481344 subm_beg 1 0
1615471662294739 133811754481344 subm_end 1 0
1615471662296779 133811754481344 pump_beg 1 0
1615471664353873 133811746088640 emit_end 1086 0
1615471679716869 133811754481344 pump_end 1 2
1615471679720739 133811754481344 join_beg 1 0
1615471679722069 133811754481344 join_end 0 0
1615471682934051 133811754481344 coll_beg 0 0
1615471692848317 133811754481344 coll_end 0 0
1615471696511653 133811754481344 drain_beg 0 0
1615471696514323 133811754481344 drain_end 1 0
1615471696515953 133811754481344 subm_beg 1 0
1615471696527442 133811746088640 emit_beg 1087 0
1615471698471761 133811754481344 subm_end 1 0
1615471698472581 133811754481344 pump_beg 1 0
1615471705924087 133811746088640 emit_end 1087 0
1615471714507102 133811754481344 pump_end 1 2
1615471714508702 133811754481344 join_beg 1 0
1615471714510322 133811754481344 join_end 0 0
1615471716421782 133811754481344 coll_beg 0 0
1615471724559413 133811754481344 coll_end 0 0
1615471726462403 133811746088640 emit_beg 1088 0
1615471728243348 133811754481344 drain_beg 0 0
1615471728248218 133811754481344 drain_end 1 0
1615471728249768 133811754481344 subm_beg 1 0
1615471733677378 133811754481344 subm_end 1 0
1615471733679808 133811754481344 pump_beg 1 0
1615471735679535 133811746088640 emit_end 1088 0
1615471749645112 133811754481344 pump_end 1 2
1615471749647712 133811754481344 join_beg 1 0
1615471749648992 133811754481344 join_end 0 0
1615471751736635 133811754481344 coll_beg 0 0
1615471759112045 133811754481344 coll_end 0 0
1615471761400671 133811754481344 drain_beg 0 0
1615471761401931 133811754481344 drain_end 1 0
1615471761402971 133811754481344 subm_beg 1 0
1615471761420780 133811746088640 emit_beg 1089 0
1615471764964570 133811754481344 subm_end 1 0
1615471764965070 133811754481344 pump_beg 1 0
1615471770562344 133811746088640 emit_end 1089 0
1615471781567650 133811754481344 pump_end 1 2
1615471781569710 133811754481344 join_beg 1 0
1615471781570310 133811754481344 join_end 0 0
1615471783420642 133811754481344 coll_beg 0 0
1615471790962605 133811754481344 coll_end 0 0
1615471792832317 133811746088640 emit_beg 1090 0
1615471794655050 133811754481344 drain_beg 0 0
1615471794659130 133811754481344 drain_end 1 0
1615471794660670 133811754481344 subm_beg 1 0
1615471800158768 133811754481344 subm_end 1 0
1615471800161648 133811754481344 pump_beg 1 0
1615471802381136 133811746088640 emit_end 1090 0
1615471816736719 133811754481344 pump_end 1 2
1615471816741599 133811754481344 join_beg 1 0
1615471816743169 133811754481344 join_end 0 0
1615471819226398 133811754481344 coll_beg 0 0
1615471826618866 133811754481344 coll_end 0 0
1615471828957941 133811754481344 drain_beg 0 0
1615471828958961 133811754481344 drain_end 1 0
1615471828960181 133811754481344 subm_beg 1 0
1615471828983890 133811746088640 emit_beg 1091 0
1615471832562668 133811754481344 subm_end 1 0
1615471832563048 133811754481344 pump_beg 1 0
1615471838251140 133811746088640 emit_end 1091 0
1615471848873470 133811754481344 pump_end 1 2
1615471848875499 133811754481344 join_beg 1 0
1615471848876469 133811754481344 join_end 0 0
1615471850787639 133811754481344 coll_beg 0 0
1615471858329503 133811754481344 coll_end 0 0
1615471860194914 133811746088640 emit_beg 1092 0
1615471862006547 133811754481344 drain_beg 0 0
1615471862010357 133811754481344 drain_end 1 0
1615471862011897 133811754481344 subm_beg 1 0
1615471867448518 133811754481344 subm_end 1 0
1615471867451808 133811754481344 pump_beg 1 0
1615471869501912 133811746088640 emit_end 1092 0
1615471883444171 133811754481344 pump_end 1 2
1615471883447140 133811754481344 join_beg 1 0
1615471883449510 133811754481344 join_end 0 0
1615471888276393 133811754481344 coll_beg 0 0
1615471896055758 133811754481344 coll_end 0 0
1615471897904490 133811754481344 drain_beg 0 0
1615471897905080 133811754481344 drain_end 1 0
1615471897905350 133811754481344 subm_beg 1 0
1615471897915309 133811746088640 emit_beg 1093 0
1615471901439680 133811754481344 subm_end 1 0
1615471901440090 133811754481344 pump_beg 1 0
1615471907052654 133811746088640 emit_end 1093 0
1615471916801646 133811754481344 pump_end 1 2
1615471916805136 133811754481344 join_beg 1 0
1615471916806826 133811754481344 join_end 0 0
1615471918699626 133811754481344 coll_beg 0 0
1615471926330786 133811754481344 coll_end 0 0
1615471928096031 133811746088640 emit_beg 1094 0
1615471929833438 133811754481344 drain_beg 0 0
1615471929854047 133811754481344 drain_end 1 0
1615471929855547 133811754481344 subm_beg 1 0
1615471934974539 133811754481344 subm_end 1 0
1615471934976529 133811754481344 pump_beg 1 0
1615471936963236 133811746088640 emit_end 1094 0
1615471953532258 133811754481344 pump_end 1 2
1615471953536827 133811754481344 join_beg 1 0
1615471953538367 133811754481344 join_end 0 0
1615471955332611 133811754481344 coll_beg 0 0
1615471965987350 133811754481344 coll_end 0 0
1615471967836463 133811754481344 drain_beg 0 0
1615471967837443 133811754481344 drain_end 1 0
1615471967838282 133811754481344 subm_beg 1 0
1615471967859952 133811746088640 emit_beg 1095 0
1615471969574969 133811754481344 subm_end 1 0
1615471969575429 133811754481344 pump_beg 1 0
1615471973525084 133811746088640 emit_end 1095 0
1615471986403151 133811754481344 pump_end 1 2
1615471986404781 133811754481344 join_beg 1 0
1615471986406431 133811754481344 join_end 0 0
1615471988230524 133811754481344 coll_beg 0 0
1615471996296438 133811754481344 coll_end 0 0
1615471999332736 133811754481344 drain_beg 0 0
1615471999333626 133811754481344 drain_end 1 0
1615471999334266 133811754481344 subm_beg 1 0
1615471999335466 133811746088640 emit_beg 1096 0
1615472002684593 133811754481344 subm_end 1 0
1615472002685023 133811754481344 pump_beg 1 0
1615472007935001 133811746088640 emit_end 1096 0
1615472018277711 133811754481344 pump_end 1 2
1615472018278621 133811754481344 join_beg 1 0
1615472018279201 133811754481344 join_end 0 0
1615472020018917 133811754481344 coll_beg 0 0
1615472027305879 133811754481344 coll_end 0 0
1615472029073925 133811746088640 emit_beg 1097 0
1615472030739153 133811754481344 drain_beg 0 0
1615472030741163 133811754481344 drain_end 1 0
1615472030742163 133811754481344 subm_beg 1 0
1615472035831016 133811754481344 subm_end 1 0
1615472035832076 133811754481344 pump_beg 1 0
1615472038050645 133811746088640 emit_end 1097 0
1615472052471046 133811754481344 pump_end 1 2
1615472052472126 133811754481344 join_beg 1 0
1615472052472676 133811754481344 join_end 0 0
1615472054258980 133811754481344 coll_beg 0 0
1615472061986476 133811754481344 coll_end 0 0
1615472064239494 133811754481344 drain_beg 0 0
1615472064240304 133811754481344 drain_end 1 0
1615472064240994 133811754481344 subm_beg 1 0
1615472064246433 133811746088640 emit_beg 1098 0
1615472067608970 133811754481344 subm_end 1 0
1615472067609390 133811754481344 pump_beg 1 0
1615472073242883 133811746088640 emit_end 1098 0
1615472084420273 133811754481344 pump_end 1 2
1615472084421433 133811754481344 join_beg 1 0
1615472084421993 133811754481344 join_end 0 0
1615472086235796 133811754481344 coll_beg 0 0
1615472094428305 133811754481344 coll_end 0 0
1615472097056269 133811754481344 drain_beg 0 0
1615472097057399 133811754481344 drain_end 1 0
1615472097058279 133811754481344 subm_beg 1 0
1615472097063589 133811746088640 emit_beg 1099 0
1615472100497343 133811754481344 subm_end 1 0
1615472100497763 133811754481344 pump_beg 1 0
1615472105973802 133811746088640 emit_end 1099 0
1615472116828863 133811754481344 pump_end 1 2
1615472116830013 133811754481344 join_beg 1 0
1615472116830613 133811754481344 join_end 0 0
1615472118597338 133811754481344 coll_beg 0 0
1615472128276973 133811754481344 coll_end 0 0
1615472130210832 133811754481344 drain_beg 0 0
1615472130211702 133811754481344 drain_end 1 0
1615472130212502 133811754481344 subm_beg 1 0
1615472130233911 133811746088640 emit_beg 1100 0
1615472133678865 133811754481344 subm_end 1 0
1615472133679375 133811754481344 pump_beg 1 0
1615472139524070 133811746088640 emit_end 1100 0
1615472149597390 133811754481344 pump_end 1 2
1615472149599100 133811754481344 join_beg 1 0
1615472149600610 133811754481344 join_end 0 0
1615472151440443 133811754481344 coll_beg 0 0
1615472159163799 133811754481344 coll_end 0 0
1615472162538645 133811754481344 drain_beg 0 0
1615472162539265 133811746088640 emit_beg 1101 0
1615472162539515 133811754481344 drain_end 1 0
1615472162541125 133811754481344 subm_beg 1 0
1615472167662607 133811754481344 subm_end 1 0
1615472167667597 133811754481344 pump_beg 1 0
1615472171684499 133811746088640 emit_end 1101 0
1615472184132813 133811754481344 pump_end 1 2
1615472184133903 133811754481344 join_beg 1 0
1615472184134543 133811754481344 join_end 0 0
1615472186158008 133811754481344 coll_beg 0 0
1615472193715111 133811754481344 coll_end 0 0
1615472197105006 133811754481344 drain_beg 0 0
1615472197105886 133811754481344 drain_end 1 0
1615472197106686 133811754481344 subm_beg 1 0
1615472197115036 133811746088640 emit_beg 1102 0
1615472200463443 133811754481344 subm_end 1 0
1615472200463903 133811754481344 pump_beg 1 0
1615472205743999 133811746088640 emit_end 1102 0
1615472216702237 133811754481344 pump_end 1 2
1615472216704637 133811754481344 join_beg 1 0
1615472216706097 133811754481344 join_end 0 0
1615472218521190 133811754481344 coll_beg 0 0
1615472229606763 133811754481344 coll_end 0 0
1615472231650948 133811754481344 drain_beg 0 0
1615472231651728 133811754481344 drain_end 1 0
1615472231652658 133811754481344 subm_beg 1 0
1615472231678217 133811746088640 emit_beg 1103 0
1615472233387024 133811754481344 subm_end 1 0
1615472233387454 133811754481344 pump_beg 1 0
1615472239153373 133811746088640 emit_end 1103 0
1615472250207057 133811754481344 pump_end 1 2
1615472250208577 133811754481344 join_beg 1 0
1615472250209547 133811754481344 join_end 0 0
1615472252076438 133811754481344 coll_beg 0 0
1615472265385870 133811754481344 coll_end 0 0
1615472267304609 133811754481344 drain_beg 0 0
1615472267306889 133811754481344 drain_end 1 0
1615472267308189 133811754481344 subm_beg 1 0
1615472267309279 133811746088640 emit_beg 1104 0
1615472270888908 133811754481344 subm_end 1 0
1615472270889828 133811754481344 pump_beg 1 0
1615472276405285 133811746088640 emit_end 1104 0
1615472287575615 133811754481344 pump_end 1 2
1615472287576235 133811754481344 join_beg 1 0
1615472287577135 133811754481344 join_end 0 0
1615472290678301 133811754481344 coll_beg 0 0
1615472299534666 133811754481344 coll_end 0 0
1615472301893260 133811754481344 drain_beg 0 0
1615472301894390 133811754481344 drain_end 1 0
1615472301895240 133811754481344 subm_beg 1 0
1615472301900789 133811746088640 emit_beg 1105 0
1615472303660045 133811754481344 subm_end 1 0
1615472303660545 133811754481344 pump_beg 1 0
1615472310661178 133811746088640 emit_end 1105 0
1615472320481117 133811754481344 pump_end 1 2
1615472320482167 133811754481344 join_beg 1 0
1615472320482657 133811754481344 join_end 0 0
1615472322470014 133811754481344 coll_beg 0 0
1615472331346548 133811754481344 coll_end 0 0
1615472334085988 133811754481344 drain_beg 0 0
1615472334086788 133811754481344 drain_end 1 0
1615472334087778 133811754481344 subm_beg 1 0
1615472334089388 133811746088640 emit_beg 1106 0
1615472337650177 133811754481344 subm_end 1 0
1615472337650737 133811754481344 pump_beg 1 0
1615472343307799 133811746088640 emit_end 1106 0
1615472353979418 133811754481344 pump_end 1 2
1615472353980118 133811754481344 join_beg 1 0
1615472353980638 133811754481344 join_end 0 0
1615472355851599 133811754481344 coll_beg 0 0
1615472364106516 133811754481344 coll_end 0 0
1615472365901560 133811746088640 emit_beg 1107 0
1615472367697244 133811754481344 drain_beg 0 0
1615472367698824 133811754481344 drain_end 1 0
1615472367699384 133811754481344 subm_beg 1 0
1615472373093006 133811754481344 subm_end 1 0
1615472373094986 133811754481344 pump_beg 1 0
1615472375426120 133811746088640 emit_end 1107 0
1615472390114731 133811754481344 pump_end 1 2
1615472390118701 133811754481344 join_beg 1 0
1615472390120461 133811754481344 join_end 0 0
1615472392564161 133811754481344 coll_beg 0 0
1615472401701426 133811754481344 coll_end 0 0
1615472404217854 133811754481344 drain_beg 0 0
1615472404220283 133811754481344 drain_end 1 0
1615472404221873 133811754481344 subm_beg 1 0
1615472404243723 133811746088640 emit_beg 1108 0
1615472406065506 133811754481344 subm_end 1 0
1615472406067286 133811754481344 pump_beg 1 0
1615472411784746 133811746088640 emit_end 1108 0
1615472423101990 133811754481344 pump_end 1 2
1615472423103120 133811754481344 join_beg 1 0
1615472423110450 133811754481344 join_end 0 0
1615472424979881 133811754481344 coll_beg 0 0
1615472433874405 133811754481344 coll_end 0 0
1615472436916773 133811754481344 drain_beg 0 0
1615472436917543 133811754481344 drain_end 1 0
1615472436918253 133811754481344 subm_beg 1 0
1615472436942252 133811746088640 emit_beg 1109 0
1615472440487332 133811754481344 subm_end 1 0
1615472440487752 133811754481344 pump_beg 1 0
1615472446325898 133811746088640 emit_end 1109 0
1615472456941038 133811754481344 pump_end 1 2
1615472456941708 133811754481344 join_beg 1 0
1615472456942228 133811754481344 join_end 0 0
1615472458746092 133811754481344 coll_beg 0 0
1615472467119064 133811754481344 coll_end 0 0
1615472470308187 133811754481344 drain_beg 0 0
1615472470308747 133811754481344 drain_end 1 0
1615472470309397 133811754481344 subm_beg 1 0
1615472470333916 133811746088640 emit_beg 1110 0
1615472473879186 133811754481344 subm_end 1 0
1615472473879636 133811754481344 pump_beg 1 0
1615472479603216 133811746088640 emit_end 1110 0
1615472490940780 133811754481344 pump_end 1 2
1615472490941950 133811754481344 join_beg 1 0
1615472490942670 133811754481344 join_end 0 0
1615472494521978 133811754481344 coll_beg 0 0
1615472502197597 133811754481344 coll_end 0 0
1615472504143775 133811754481344 drain_beg 0 0
1615472504144315 133811754481344 drain_end 1 0
1615472504145175 133811754481344 subm_beg 1 0
1615472504150355 133811746088640 emit_beg 1111 0
1615472507708714 133811754481344 subm_end 1 0
1615472507709244 133811754481344 pump_beg 1 0
1615472513295919 133811746088640 emit_end 1111 0
1615472523847492 133811754481344 pump_end 1 2
1615472523848362 133811754481344 join_beg 1 0
1615472523848932 133811754481344 join_end 0 0
1615472525761842 133811754481344 coll_beg 0 0
1615472533081693 133811754481344 coll_end 0 0
1615472534922925 133811746088640 emit_beg 1112 0
1615472536776577 133811754481344 drain_beg 0 0
1615472536778897 133811754481344 drain_end 1 0
1615472536779707 133811754481344 subm_beg 1 0
1615472542331714 133811754481344 subm_end 1 0
1615472542332803 133811754481344 pump_beg 1 0
1615472544487794 133811746088640 emit_end 1112 0
1615472558850757 133811754481344 pump_end 1 2
1615472558851717 133811754481344 join_beg 1 0
1615472558852437 133811754481344 join_end 0 0
1615472561266418 133811754481344 coll_beg 0 0
1615472569730758 133811754481344 coll_end 0 0
1615472573342665 133811754481344 drain_beg 0 0
1615472573344865 133811754481344 drain_end 1 0
1615472573346195 133811754481344 subm_beg 1 0
1615472573360324 133811746088640 emit_beg 1113 0
1615472576960202 133811754481344 subm_end 1 0
1615472576960782 133811754481344 pump_beg 1 0
1615472582574496 133811746088640 emit_end 1113 0
1615472593050052 133811754481344 pump_end 1 2
1615472593050932 133811754481344 join_beg 1 0
1615472593051732 133811754481344 join_end 0 0
1615472594932333 133811754481344 coll_beg 0 0
1615472602611351 133811754481344 coll_end 0 0
1615472604542710 133811746088640 emit_beg 1114 0
1615472606399452 133811754481344 drain_beg 0 0
1615472606401182 133811754481344 drain_end 1 0
1615472606401992 133811754481344 subm_beg 1 0
1615472611722676 133811754481344 subm_end 1 0
1615472611723636 133811754481344 pump_beg 1 0
1615472614129948 133811746088640 emit_end 1114 0
1615472629373298 133811754481344 pump_end 1 2
1615472629374488 133811754481344 join_beg 1 0
1615472629374938 133811754481344 join_end 0 0
1615472632926048 133811754481344 coll_beg 0 0
1615472640523359 133811754481344 coll_end 0 0
1615472643183351 133811754481344 drain_beg 0 0
1615472643184181 133811754481344 drain_end 1 0
1615472643184741 133811754481344 subm_beg 1 0
1615472643190731 133811746088640 emit_beg 1115 0
1615472646728871 133811754481344 subm_end 1 0
1615472646729361 133811754481344 pump_beg 1 0
1615472652326706 133811746088640 emit_end 1115 0
1615472663021063 133811754481344 pump_end 1 2
1615472663022463 133811754481344 join_beg 1 0
1615472663022973 133811754481344 join_end 0 0
1615472664863006 133811754481344 coll_beg 0 0
1615472673738220 133811754481344 coll_end 0 0
1615472678224695 133811754481344 drain_beg 0 0
1615472678238104 133811754481344 drain_end 1 0
1615472678239044 133811754481344 subm_beg 1 0
1615472678244044 133811746088640 emit_beg 1116 0
1615472681775435 133811754481344 subm_end 1 0
1615472681776145 133811754481344 pump_beg 1 0
1615472687602371 133811746088640 emit_end 1116 0
1615472697992589 133811754481344 pump_end 1 2
1615472697993089 133811754481344 join_beg 1 0
1615472697993679 133811754481344 join_end 0 0
1615472701284249 133811754481344 coll_beg 0 0
1615472709164989 133811754481344 coll_end 0 0
1615472712678750 133811754481344 drain_beg 0 0
1615472712679420 133811754481344 drain_end 1 0
1615472712680080 133811754481344 subm_beg 1 0
1615472712708249 133811746088640 emit_beg 1117 0
1615472714496653 133811754481344 subm_end 1 0
1615472714497063 133811754481344 pump_beg 1 0
1615472722111214 133811746088640 emit_end 1117 0
1615472731162372 133811754481344 pump_end 1 2
1615472731163192 133811754481344 join_beg 1 0
1615472731163702 133811754481344 join_end 0 0
1615472732939886 133811754481344 coll_beg 0 0
1615472740966342 133811754481344 coll_end 0 0
1615472743055825 133811754481344 drain_beg 0 0
1615472743056125 133811754481344 drain_end 1 0
1615472743056445 133811754481344 subm_beg 1 0
1615472743079344 133811746088640 emit_beg 1118 0
1615472744803641 133811754481344 subm_end 1 0
1615472744804091 133811754481344 pump_beg 1 0
1615472752141582 133811746088640 emit_end 1118 0
1615472761017076 133811754481344 pump_end 1 2
1615472761017776 133811754481344 join_beg 1 0
1615472761018336 133811754481344 join_end 0 0
1615472762746092 133811754481344 coll_beg 0 0
1615472770715810 133811754481344 coll_end 0 0
1615472772820672 133811746088640 emit_beg 1119 0
1615472774505541 133811754481344 drain_beg 0 0
1615472774506131 133811754481344 drain_end 1 0
1615472774506471 133811754481344 subm_beg 1 0
1615472779805566 133811754481344 subm_end 1 0
1615472779805946 133811754481344 pump_beg 1 0
1615472782262756 133811746088640 emit_end 1119 0
1615472796025681 133811754481344 pump_end 1 2
1615472796026611 133811754481344 join_beg 1 0
1615472796027191 133811754481344 join_end 0 0
1615472798423073 133811754481344 coll_beg 0 0
1615472806532385 133811754481344 coll_end 0 0
1615472809469847 133811754481344 drain_beg 0 0
1615472809470407 133811754481344 drain_end 1 0
1615472809470907 133811754481344 subm_beg 1 0
1615472809475057 133811746088640 emit_beg 1120 0
1615472812881162 133811754481344 subm_end 1 0
1615472812881612 133811754481344 pump_beg 1 0
1615472818182247 133811746088640 emit_end 1120 0
1615472829632227 133811754481344 pump_end 1 2
1615472829633707 133811754481344 join_beg 1 0
1615472829634687 133811754481344 join_end 0 0
1615472833223775 133811754481344 coll_beg 0 0
1615472840765898 133811754481344 coll_end 0 0
1615472842661409 133811754481344 drain_beg 0 0
1615472842662049 133811754481344 drain_end 1 0
1615472842662659 133811754481344 subm_beg 1 0
1615472842685478 133811746088640 emit_beg 1121 0
1615472846053364 133811754481344 subm_end 1 0
1615472846053874 133811754481344 pump_beg 1 0
1615472851632229 133811746088640 emit_end 1121 0
1615472861928701 133811754481344 pump_end 1 2
1615472861929401 133811754481344 join_beg 1 0
1615472861929991 133811754481344 join_end 0 0
1615472863818562 133811754481344 coll_beg 0 0
1615472870800376 133811754481344 coll_end 0 0
1615472872548342 133811746088640 emit_beg 1122 0
1615472874368515 133811754481344 drain_beg 0 0
1615472874370535 133811754481344 drain_end 1 0
1615472874371395 133811754481344 subm_beg 1 0
1615472879534225 133811754481344 subm_end 1 0
1615472879534975 133811754481344 pump_beg 1 0
1615472881655337 133811746088640 emit_end 1122 0
1615472895030406 133811754481344 pump_end 1 2
1615472895032146 133811754481344 join_beg 1 0
1615472895033116 133811754481344 join_end 0 0
1615472897039052 133811754481344 coll_beg 0 0
1615472903476296 133811754481344 coll_end 0 0
1615472906197426 133811754481344 drain_beg 0 0
1615472906198076 133811754481344 drain_end 1 0
1615472906198576 133811754481344 subm_beg 1 0
1615472906204326 133811746088640 emit_beg 1123 0
1615472909516645 133811754481344 subm_end 1 0
1615472909522304 133811754481344 pump_beg 1 0
1615472914952095 133811746088640 emit_end 1123 0
1615472924806343 133811754481344 pump_end 1 2
1615472924807393 133811754481344 join_beg 1 0
1615472924807753 133811754481344 join_end 0 0
1615472928148001 133811754481344 coll_beg 0 0
1615472934605403 133811754481344 coll_end 0 0
1615472937467048 133811754481344 drain_beg 0 0
1615472937467648 133811754481344 drain_end 1 0
1615472937468068 133811754481344 subm_beg 1 0
1615472937473368 133811746088640 emit_beg 1124 0
1615472940878493 133811754481344 subm_end 1 0
1615472940879123 133811754481344 pump_beg 1 0
1615472946393411 133811746088640 emit_end 1124 0
1615472957057509 133811754481344 pump_end 1 2
1615472957058319 133811754481344 join_beg 1 0
1615472957058779 133811754481344 join_end 0 0
1615472958795095 133811754481344 coll_beg 0 0
1615472965689373 133811754481344 coll_end 0 0
1615472967403440 133811746088640 emit_beg 1125 0
1615472969161425 133811754481344 drain_beg 0 0
1615472969166865 133811754481344 drain_end 1 0
1615472969168675 133811754481344 subm_beg 1 0
1615472974269617 133811754481344 subm_end 1 0
1615472974270687 133811754481344 pump_beg 1 0
1615472976509605 133811746088640 emit_end 1125 0
1615472990240051 133811754481344 pump_end 1 2
1615472990242151 133811754481344 join_beg 1 0
1615472990242911 133811754481344 join_end 0 0
1615472992126742 133811754481344 coll_beg 0 0
1615472999563629 133811754481344 coll_end 0 0
1615473001532107 133811754481344 drain_beg 0 0
1615473001532787 133811754481344 drain_end 1 0
1615473001533367 133811754481344 subm_beg 1 0
1615473001539146 133811746088640 emit_beg 1126 0
1615473005007489 133811754481344 subm_end 1 0
1615473005007999 133811754481344 pump_beg 1 0
1615473010724079 133811746088640 emit_end 1126 0
1615473021607100 133811754481344 pump_end 1 2
1615473021608090 133811754481344 join_beg 1 0
1615473021608510 133811754481344 join_end 0 0
1615473023345006 133811754481344 coll_beg 0 0
1615473031112831 133811754481344 coll_end 0 0
1615473034280975 133811754481344 drain_beg 0 0
1615473034281455 133811754481344 drain_end 1 0
1615473034281854 133811754481344 subm_beg 1 0
1615473034287964 133811746088640 emit_beg 1127 0
1615473037787596 133811754481344 subm_end 1 0
1615473037788066 133811754481344 pump_beg 1 0
1615473043347942 133811746088640 emit_end 1127 0
1615473053874005 133811754481344 pump_end 1 2
1615473053877625 133811754481344 join_beg 1 0
1615473053879295 133811754481344 join_end 0 0
1615473055776285 133811754481344 coll_beg 0 0
1615473064497915 133811754481344 coll_end 0 0
1615473066881888 133811754481344 drain_beg 0 0
1615473066884168 133811754481344 drain_end 1 0
1615473066885498 133811754481344 subm_beg 1 0
1615473066888748 133811746088640 emit_beg 1128 0
1615473070252234 133811754481344 subm_end 1 0
1615473070252994 133811754481344 pump_beg 1 0
1615473075872858 133811746088640 emit_end 1128 0
1615473086921262 133811754481344 pump_end 1 2
1615473086922062 133811754481344 join_beg 1 0
1615473086922842 133811754481344 join_end 0 0
1615473088742955 133811754481344 coll_beg 0 0
1615473096836258 133811754481344 coll_end 0 0
1615473099883186 133811754481344 drain_beg 0 0
1615473099883756 133811754481344 drain_end 1 0
1615473099884146 133811754481344 subm_beg 1 0
1615473099890936 133811746088640 emit_beg 1129 0
1615473103298031 133811754481344 subm_end 1 0
1615473103298671 133811754481344 pump_beg 1 0
1615473108994682 133811746088640 emit_end 1129 0
1615473120312986 133811754481344 pump_end 1 2
1615473120314566 133811754481344 join_beg 1 0
1615473120315626 133811754481344 join_end 0 0
1615473122093241 133811754481344 coll_beg 0 0
1615473130933587 133811754481344 coll_end 0 0
1615473133816681 133811754481344 drain_beg 0 0
1615473133817341 133811754481344 drain_end 1 0
1615473133817791 133811754481344 subm_beg 1 0
1615473133822610 133811746088640 emit_beg 1130 0
1615473137432388 133811754481344 subm_end 1 0
1615473137433318 133811754481344 pump_beg 1 0
1615473143273444 133811746088640 emit_end 1130 0
1615473154917306 133811754481344 pump_end 1 2
1615473154926356 133811754481344 join_beg 1 0
1615473154927066 133811754481344 join_end 0 0
1615473156784108 133811754481344 coll_beg 0 0
1615473167244684 133811754481344 coll_end 0 0
1615473170486655 133811754481344 drain_beg 0 0
1615473170487355 133811746088640 emit_beg 1131 0
1615473170490234 133811754481344 drain_end 1 0
1615473170491804 133811754481344 subm_beg 1 0
1615473172477232 133811754481344 subm_end 1 0
1615473172477771 133811754481344 pump_beg 1 0
1615473178545969 133811746088640 emit_end 1131 0
1615473189898352 133811754481344 pump_end 1 2
1615473189899852 133811754481344 join_beg 1 0
1615473189901232 133811754481344 join_end 0 0
1615473191785023 133811754481344 coll_beg 0 0
1615473201181798 133811754481344 coll_end 0 0
1615473203236992 133811746088640 emit_beg 1132 0
1615473211519068 133811754481344 drain_beg 0 0
1615473211519808 133811754481344 drain_end 1 0
1615473211520048 133811754481344 subm_beg 1 0
1615473226893814 133811754481344 subm_end 1 0
1615473226895644 133811754481344 pump_beg 1 0
1615473234045521 133811746088640 emit_end 1132 0
1615473243780854 133811754481344 pump_end 1 2
1615473243782024 133811754481344 join_beg 1 0
1615473243782754 133811754481344 join_end 0 0
1615473251308468 133811754481344 coll_beg 0 0
1615473260103045 133811754481344 coll_end 0 0
1615473265935191 133811746088640 emit_beg 1133 0
1615473286636761 133811746088640 emit_end 1133 0
1615473322782364 133811754481344 drain_beg 0 0
1615473322784694 133811754481344 drain_end 1 0
1615473322785854 133811754481344 subm_beg 1 0
1615473331933398 133811754481344 subm_end 1 0
1615473331935218 133811754481344 pump_beg 1 0
1615473348710212 133811754481344 pump_end 1 2
1615473348711642 133811754481344 join_beg 1 0
1615473348712322 133811754481344 join_end 0 0
1615473351467231 133811754481344 coll_beg 0 0
1615473359453758 133811754481344 coll_end 0 0
1615473362187687 133811754481344 drain_beg 0 0
1615473362188587 133811754481344 drain_end 1 0
1615473362189747 133811754481344 subm_beg 1 0
1615473362208977 133811746088640 emit_beg 1134 0
1615473365747157 133811754481344 subm_end 1 0
1615473365747587 133811754481344 pump_beg 1 0
1615473379192433 133811746088640 emit_end 1134 0
1615473380919480 133811754481344 pump_end 1 2
1615473380920350 133811754481344 join_beg 1 0
1615473380920870 133811754481344 join_end 0 0
1615473385158174 133811754481344 coll_beg 0 0
1615473392113399 133811754481344 coll_end 0 0
1615473395346480 133811754481344 drain_beg 0 0
1615473395347390 133811754481344 drain_end 1 0
1615473395347980 133811754481344 subm_beg 1 0
1615473395368839 133811746088640 emit_beg 1135 0
1615473402323214 133811754481344 subm_end 1 0
1615473402323904 133811754481344 pump_beg 1 0
1615473411330823 133811746088640 emit_end 1135 0
1615473418647655 133811754481344 pump_end 1 2
1615473418648785 133811754481344 join_beg 1 0
1615473418649435 133811754481344 join_end 0 0
1615473423502207 133811754481344 coll_beg 0 0
1615473430853887 133811754481344 coll_end 0 0
1615473433739021 133811746088640 emit_beg 1136 0
1615473442362994 133811746088640 emit_end 1136 0
1615473478494008 133811754481344 drain_beg 0 0
1615473478496548 133811754481344 drain_end 1 0
1615473478497498 133811754481344 subm_beg 1 0
1615473483885710 133811754481344 subm_end 1 0
1615473483886180 133811754481344 pump_beg 1 0
1615473502239196 133811754481344 pump_end 1 2
1615473502248876 133811754481344 join_beg 1 0
1615473502251486 133811754481344 join_end 0 0
1615473505406440 133811754481344 coll_beg 0 0
1615473516825201 133811754481344 coll_end 0 0
1615473519730004 133811754481344 drain_beg 0 0
1615473519732044 133811754481344 drain_end 1 0
1615473519733524 133811754481344 subm_beg 1 0
1615473519753533 133811746088640 emit_beg 1137 0
1615473522683856 133811754481344 subm_end 1 0
1615473522685686 133811754481344 pump_beg 1 0
1615473535716567 133811746088640 emit_end 1137 0
1615473540617027 133811754481344 pump_end 1 2
1615473540618207 133811754481344 join_beg 1 0
1615473540619097 133811754481344 join_end 0 0
1615473543497882 133811754481344 coll_beg 0 0
1615473551920393 133811754481344 coll_end 0 0
1615473556742076 133811754481344 drain_beg 0 0
1615473556742806 133811754481344 drain_end 1 0
1615473556743235 133811754481344 subm_beg 1 0
1615473556756315 133811746088640 emit_beg 1138 0
1615473563505167 133811754481344 subm_end 1 0
1615473563505607 133811754481344 pump_beg 1 0
1615473574029551 133811746088640 emit_end 1138 0
1615473580622749 133811754481344 pump_end 1 2
1615473580623549 133811754481344 join_beg 1 0
1615473580624189 133811754481344 join_end 0 0
1615473584040103 133811754481344 coll_beg 0 0
1615473594307087 133811754481344 coll_end 0 0
1615473600776699 133811746088640 emit_beg 1139 0
1615473611186127 133811746088640 emit_end 1139 0
1615473647687967 133811754481344 drain_beg 0 0
1615473647691057 133811754481344 drain_end 1 0
1615473647691787 133811754481344 subm_beg 1 0
1615473654423970 133811754481344 subm_end 1 0
1615473654424570 133811754481344 pump_beg 1 0
1615473672610532 133811754481344 pump_end 1 2
1615473672617752 133811754481344 join_beg 1 0
1615473672619822 133811754481344 join_end 0 0
1615473677445125 133811754481344 coll_beg 0 0
1615473686735444 133811754481344 coll_end 0 0
1615473690105500 133811754481344 drain_beg 0 0
1615473690106480 133811754481344 drain_end 1 0
1615473690107240 133811754481344 subm_beg 1 0
1615473690128299 133811746088640 emit_beg 1140 0
1615473693640060 133811754481344 subm_end 1 0
1615473693640740 133811754481344 pump_beg 1 0
1615473704666095 133811746088640 emit_end 1140 0
1615473711042851 133811754481344 pump_end 1 2
1615473711045961 133811754481344 join_beg 1 0
1615473711047081 133811754481344 join_end 0 0
1615473714647609 133811754481344 coll_beg 0 0
1615473722165953 133811754481344 coll_end 0 0
1615473725564618 133811746088640 emit_beg 1141 0
1615473737395154 133811746088640 emit_end 1141 0
1615473768713734 133811754481344 drain_beg 0 0
1615473768715874 133811754481344 drain_end 1 0
1615473768717114 133811754481344 subm_beg 1 0
1615473778433757 133811754481344 subm_end 1 0
1615473778434307 133811754481344 pump_beg 1 0
1615473794793787 133811754481344 pump_end 1 2
1615473794796027 133811754481344 join_beg 1 0
1615473794797387 133811754481344 join_end 0 0
1615473798202942 133811754481344 coll_beg 0 0
1615473805905069 133811754481344 coll_end 0 0
1615473809556365 133811754481344 drain_beg 0 0
1615473809556885 133811754481344 drain_end 1 0
1615473809557155 133811754481344 subm_beg 1 0
1615473809588804 133811746088640 emit_beg 1142 0
1615473812711579 133811754481344 subm_end 1 0
1615473812712019 133811754481344 pump_beg 1 0
1615473824039853 133811746088640 emit_end 1142 0
1615473829155936 133811754481344 pump_end 1 2
1615473829156876 133811754481344 join_beg 1 0
1615473829157436 133811754481344 join_end 0 0
1615473831609286 133811754481344 coll_beg 0 0
1615473839102040 133811754481344 coll_end 0 0
1615473842703828 133811754481344 drain_beg 0 0
1615473842704398 133811754481344 drain_end 1 0
1615473842705108 133811754481344 subm_beg 1 0
1615473842710288 133811746088640 emit_beg 1143 0
1615473847214543 133811754481344 subm_end 1 0
1615473847215083 133811754481344 pump_beg 1 0
1615473854296553 133811746088640 emit_end 1143 0
1615473864176180 133811754481344 pump_end 1 2
1615473864177920 133811754481344 join_beg 1 0
1615473864178570 133811754481344 join_end 0 0
1615473866473216 133811754481344 coll_beg 0 0
1615473875820603 133811754481344 coll_end 0 0
1615473878443716 133811746088640 emit_beg 1144 0
1615473887821632 133811746088640 emit_end 1144 0
1615473913937223 133811754481344 drain_beg 0 0
1615473913939373 133811754481344 drain_end 1 0
1615473913940743 133811754481344 subm_beg 1 0
1615473918365961 133811754481344 subm_end 1 0
1615473918366851 133811754481344 pump_beg 1 0
1615473935389866 133811754481344 pump_end 1 2
1615473935391506 133811754481344 join_beg 1 0
1615473935392086 133811754481344 join_end 0 0
1615473937896844 133811754481344 coll_beg 0 0
1615473946494828 133811754481344 coll_end 0 0
1615473948915129 133811754481344 drain_beg 0 0
1615473948915999 133811754481344 drain_end 1 0
1615473948916739 133811754481344 subm_beg 1 0
1615473948941568 133811746088640 emit_beg 1145 0
1615473951251164 133811754481344 subm_end 1 0
1615473951251764 133811754481344 pump_beg 1 0
1615473961058733 133811746088640 emit_end 1145 0
1615473967616083 133811754481344 pump_end 1 2
1615473967617543 133811754481344 join_beg 1 0
1615473967618373 133811754481344 join_end 0 0
1615473970084452 133811754481344 coll_beg 0 0
1615473977696213 133811754481344 coll_end 0 0
1615473981582060 133811754481344 drain_beg 0 0
1615473981583190 133811754481344 drain_end 1 0
1615473981584110 133811754481344 subm_beg 1 0
1615473981596530 133811746088640 emit_beg 1146 0
1615473987637198 133811754481344 subm_end 1 0
1615473987637688 133811754481344 pump_beg 1 0
1615473996959336 133811746088640 emit_end 1146 0
1615474003743917 133811754481344 pump_end 1 2
1615474003744967 133811754481344 join_beg 1 0
1615474003745626 133811754481344 join_end 0 0
1615474006981768 133811754481344 coll_beg 0 0
1615474015020253 133811754481344 coll_end 0 0
1615474018186256 133811746088640 emit_beg 1147 0
1615474032380415 133811746088640 emit_end 1147 0
1615474056556558 133811754481344 drain_beg 0 0
1615474056558268 133811754481344 drain_end 1 0
1615474056558848 133811754481344 subm_beg 1 0
1615474062696562 133811754481344 subm_end 1 0
1615474062696962 133811754481344 pump_beg 1 0
1615474080118223 133811754481344 pump_end 1 2
1615474080119393 133811754481344 join_beg 1 0
1615474080120343 133811754481344 join_end 0 0
1615474082596602 133811754481344 coll_beg 0 0
1615474090864069 133811754481344 coll_end 0 0
1615474093651066 133811754481344 drain_beg 0 0
1615474093651566 133811754481344 drain_end 1 0
1615474093652166 133811754481344 subm_beg 1 0
1615474093679175 133811746088640 emit_beg 1148 0
1615474096109536 133811754481344 subm_end 1 0
1615474096110046 133811754481344 pump_beg 1 0
1615474104687791 133811746088640 emit_end 1148 0
1615474112866511 133811754481344 pump_end 1 2
1615474112868561 133811754481344 join_beg 1 0
1615474112869731 133811754481344 join_end 0 0
1615474114715573 133811754481344 coll_beg 0 0
1615474122146380 133811754481344 coll_end 0 0
1615474125762097 133811746088640 emit_beg 1149 0
1615474127587050 133811754481344 drain_beg 0 0
1615474127588120 133811754481344 drain_end 1 0
1615474127589160 133811754481344 subm_beg 1 0
1615474132677554 133811754481344 subm_end 1 0
1615474132678194 133811754481344 pump_beg 1 0
1615474134748688 133811746088640 emit_end 1149 0
1615474148208373 133811754481344 pump_end 1 2
1615474148210563 133811754481344 join_beg 1 0
1615474148211563 133811754481344 join_end 0 0
1615474150553407 133811754481344 coll_beg 0 0
1615474158707958 133811754481344 coll_end 0 0
1615474161682109 133811754481344 drain_beg 0 0
1615474161683169 133811754481344 drain_end 1 0
1615474161683769 133811754481344 subm_beg 1 0
1615474161687559 133811746088640 emit_beg 1150 0
1615474165174301 133811754481344 subm_end 1 0
1615474165174821 133811754481344 pump_beg 1 0
1615474170467536 133811746088640 emit_end 1150 0
1615474182097789 133811754481344 pump_end 1 2
1615474182099509 133811754481344 join_beg 1 0
1615474182100319 133811754481344 join_end 0 0
1615474184479332 133811754481344 coll_beg 0 0
1615474192801387 133811754481344 coll_end 0 0
1615474195623163 133811754481344 drain_beg 0 0
1615474195623903 133811754481344 drain_end 1 0
1615474195624603 133811754481344 subm_beg 1 0
1615474195629083 133811746088640 emit_beg 1151 0
1615474197379828 133811754481344 subm_end 1 0
1615474197380278 133811754481344 pump_beg 1 0
1615474203223304 133811746088640 emit_end 1151 0
1615474214613646 133811754481344 pump_end 1 2
1615474214615426 133811754481344 join_beg 1 0
1615474214616706 133811754481344 join_end 0 0
1615474216505336 133811754481344 coll_beg 0 0
1615474225438558 133811754481344 coll_end 0 0
1615474228692009 133811754481344 drain_beg 0 0
1615474228692539 133811754481344 drain_end 1 0
1615474228693089 133811754481344 subm_beg 1 0
1615474228713678 133811746088640 emit_beg 1152 0
1615474232168231 133811754481344 subm_end 1 0
1615474232168781 133811754481344 pump_beg 1 0
1615474237806114 133811746088640 emit_end 1152 0
1615474249123339 133811754481344 pump_end 1 2
1615474249129039 133811754481344 join_beg 1 0
1615474249129739 133811754481344 join_end 0 0
1615474250927453 133811754481344 coll_beg 0 0
1615474259455480 133811754481344 coll_end 0 0
1615474262826756 133811754481344 drain_beg 0 0
1615474262827276 133811754481344 drain_end 1 0
1615474262827686 133811754481344 subm_beg 1 0
1615474262853635 133811746088640 emit_beg 1153 0
1615474266243790 133811754481344 subm_end 1 0
1615474266244200 133811754481344 pump_beg 1 0
1615474271654402 133811746088640 emit_end 1153 0
1615474282934498 133811754481344 pump_end 1 2
1615474282937888 133811754481344 join_beg 1 0
1615474282939208 133811754481344 join_end 0 0
1615474284733792 133811754481344 coll_beg 0 0
1615474293781230 133811754481344 coll_end 0 0
1615474295611133 133811754481344 drain_beg 0 0
1615474295611772 133811754481344 drain_end 1 0
1615474295612142 133811754481344 subm_beg 1 0
1615474295612492 133811746088640 emit_beg 1154 0
1615474299046696 133811754481344 subm_end 1 0
1615474299047056 133811754481344 pump_beg 1 0
1615474304585083 133811746088640 emit_end 1154 0
1615474315902558 133811754481344 pump_end 1 2
1615474315906187 133811754481344 join_beg 1 0
1615474315907427 133811754481344 join_end 0 0
1615474317900084 133811754481344 coll_beg 0 0
1615474326008087 133811754481344 coll_end 0 0
1615474329351014 133811754481344 drain_beg 0 0
1615474329351944 133811754481344 drain_end 1 0
1615474329352684 133811754481344 subm_beg 1 0
1615474329357564 133811746088640 emit_beg 1155 0
1615474332938872 133811754481344 subm_end 1 0
1615474332939422 133811754481344 pump_beg 1 0
1615474338521857 133811746088640 emit_end 1155 0
1615474350008896 133811754481344 pump_end 1 2
1615474350011116 133811754481344 join_beg 1 0
1615474350012396 133811754481344 join_end 0 0
1615474352026922 133811754481344 coll_beg 0 0
1615474360543429 133811754481344 coll_end 0 0
1615474363744561 133811754481344 drain_beg 0 0
1615474363745201 133811754481344 drain_end 1 0
1615474363745631 133811754481344 subm_beg 1 0
1615474363748331 133811746088640 emit_beg 1156 0
1615474367309230 133811754481344 subm_end 1 0
1615474367309660 133811754481344 pump_beg 1 0
1615474373024911 133811746088640 emit_end 1156 0
1615474384155382 133811754481344 pump_end 1 2
1615474384159142 133811754481344 join_beg 1 0
1615474384160722 133811754481344 join_end 0 0
1615474386151449 133811754481344 coll_beg 0 0
1615474395979918 133811754481344 coll_end 0 0
1615474397970415 133811754481344 drain_beg 0 0
1615474397972765 133811754481344 drain_end 1 0
1615474397974025 133811754481344 subm_beg 1 0
1615474397973215 133811746088640 emit_beg 1157 0
1615474401611481 133811754481344 subm_end 1 0
1615474401613431 133811754481344 pump_beg 1 0
1615474407562403 133811746088640 emit_end 1157 0
1615474418380276 133811754481344 pump_end 1 2
1615474418382526 133811754481344 join_beg 1 0
1615474418384096 133811754481344 join_end 0 0
1615474420336054 133811754481344 coll_beg 0 0
1615474428099489 133811754481344 coll_end 0 0
1615474429999669 133811746088640 emit_beg 1158 0
1615474431866491 133811754481344 drain_beg 0 0
1615474431870511 133811754481344 drain_end 1 0
1615474431871841 133811754481344 subm_beg 1 0
1615474437283702 133811754481344 subm_end 1 0
1615474437284612 133811754481344 pump_beg 1 0
1615474439414484 133811746088640 emit_end 1158 0
1615474453911012 133811754481344 pump_end 1 2
1615474453920421 133811754481344 join_beg 1 0
1615474453923081 133811754481344 join_end 0 0
1615474456033334 133811754481344 coll_beg 0 0
1615474468187177 133811754481344 coll_end 0 0
1615474470116756 133811754481344 drain_beg 0 0
1615474470117776 133811754481344 drain_end 1 0
1615474470118556 133811754481344 subm_beg 1 0
1615474470121496 133811746088640 emit_beg 1159 0
1615474471986298 133811754481344 subm_end 1 0
1615474471987028 133811754481344 pump_beg 1 0
1615474477832173 133811746088640 emit_end 1159 0
1615474488672015 133811754481344 pump_end 1 2
1615474488673475 133811754481344 join_beg 1 0
1615474488674265 133811754481344 join_end 0 0
1615474492992997 133811754481344 coll_beg 0 0
1615474500409335 133811754481344 coll_end 0 0
1615474502443540 133811746088640 emit_beg 1160 0
1615474509817279 133811746088640 emit_end 1160 0
1615474530447512 133811754481344 drain_beg 0 0
1615474530450232 133811754481344 drain_end 1 0
1615474530451532 133811754481344 subm_beg 1 0
1615474535793666 133811754481344 subm_end 1 0
1615474535794746 133811754481344 pump_beg 1 0
1615474552888708 133811754481344 pump_end 1 2
1615474552891078 133811754481344 join_beg 1 0
1615474552892118 133811754481344 join_end 0 0
1615474555032659 133811754481344 coll_beg 0 0
1615474562816994 133811754481344 coll_end 0 0
1615474564823340 133811754481344 drain_beg 0 0
1615474564823990 133811754481344 drain_end 1 0
1615474564824840 133811754481344 subm_beg 1 0
1615474564852649 133811746088640 emit_beg 1161 0
1615474566833726 133811754481344 subm_end 1 0
1615474566834226 133811754481344 pump_beg 1 0
1615474574492495 133811746088640 emit_end 1161 0
1615474583546353 133811754481344 pump_end 1 2
1615474583547123 133811754481344 join_beg 1 0
1615474583547863 133811754481344 join_end 0 0
1615474585437143 133811754481344 coll_beg 0 0
1615474593086343 133811754481344 coll_end 0 0
1615474594915395 133811746088640 emit_beg 1162 0
1615474596617303 133811754481344 drain_beg 0 0
1615474596618083 133811754481344 drain_end 1 0
1615474596618653 133811754481344 subm_beg 1 0
1615474602053573 133811754481344 subm_end 1 0
1615474602054703 133811754481344 pump_beg 1 0
1615474604417296 133811746088640 emit_end 1162 0
1615474619356548 133811754481344 pump_end 1 2
1615474619357538 133811754481344 join_beg 1 0
1615474619358238 133811754481344 join_end 0 0
1615474622650377 133811754481344 coll_beg 0 0
1615474634570230 133811754481344 coll_end 0 0
1615474636445261 133811754481344 drain_beg 0 0
1615474636445881 133811754481344 drain_end 1 0
1615474636446431 133811754481344 subm_beg 1 0
1615474636451261 133811746088640 emit_beg 1163 0
1615474638213436 133811754481344 subm_end 1 0
1615474638213886 133811754481344 pump_beg 1 0
1615474643963425 133811746088640 emit_end 1163 0
1615474654913483 133811754481344 pump_end 1 2
1615474654915223 133811754481344 join_beg 1 0
1615474654916433 133811754481344 join_end 0 0
1615474656771785 133811754481344 coll_beg 0 0
1615474668816102 133811754481344 coll_end 0 0
1615474671190455 133811754481344 drain_beg 0 0
1615474671191185 133811754481344 drain_end 1 0
1615474671191655 133811754481344 subm_beg 1 0
1615474671210435 133811746088640 emit_beg 1164 0
1615474674781334 133811754481344 subm_end 1 0
1615474674781914 133811754481344 pump_beg 1 0
1615474680666688 133811746088640 emit_end 1164 0
1615474690883472 133811754481344 pump_end 1 2
1615474690885672 133811754481344 join_beg 1 0
1615474690886352 133811754481344 join_end 0 0
1615474692801222 133811754481344 coll_beg 0 0
1615474700644124 133811754481344 coll_end 0 0
1615474702484097 133811746088640 emit_beg 1165 0
1615474704325489 133811754481344 drain_beg 0 0
1615474704326339 133811754481344 drain_end 1 0
1615474704327199 133811754481344 subm_beg 1 0
1615474709627334 133811754481344 subm_end 1 0
1615474709628004 133811754481344 pump_beg 1 0
1615474711788525 133811746088640 emit_end 1165 0
1615474725883008 133811754481344 pump_end 1 2
1615474725887917 133811754481344 join_beg 1 0
1615474725889737 133811754481344 join_end 0 0
1615474728437674 133811754481344 coll_beg 0 0
1615474738256533 133811754481344 coll_end 0 0
1615474740874167 133811754481344 drain_beg 0 0
1615474740875117 133811754481344 drain_end 1 0
1615474740875787 133811754481344 subm_beg 1 0
1615474740899066 133811746088640 emit_beg 1166 0
1615474744474565 133811754481344 subm_end 1 0
1615474744474985 133811754481344 pump_beg 1 0
1615474750463835 133811746088640 emit_end 1166 0
1615474760788046 133811754481344 pump_end 1 2
1615474760791856 133811754481344 join_beg 1 0
1615474760792836 133811754481344 join_end 0 0
1615474762666367 133811754481344 coll_beg 0 0
1615474771908098 133811754481344 coll_end 0 0
1615474774689666 133811746088640 emit_beg 1167 0
1615474774692676 133811754481344 drain_beg 0 0
1615474774695416 133811754481344 drain_end 1 0
1615474774709295 133811754481344 subm_beg 1 0
1615474779775439 133811754481344 subm_end 1 0
1615474779777069 133811754481344 pump_beg 1 0
1615474783596779 133811746088640 emit_end 1167 0
1615474795009580 133811754481344 pump_end 1 2
1615474795012930 133811754481344 join_beg 1 0
1615474795013820 133811754481344 join_end 0 0
1615474796910320 133811754481344 coll_beg 0 0
1615474805166597 133811754481344 coll_end 0 0
1615474808213625 133811754481344 drain_beg 0 0
1615474808216125 133811754481344 drain_end 1 0
1615474808216915 133811754481344 subm_beg 1 0
1615474808244334 133811746088640 emit_beg 1168 0
1615474811539313 133811754481344 subm_end 1 0
1615474811539773 133811754481344 pump_beg 1 0
1615474817006963 133811746088640 emit_end 1168 0
1615474826888330 133811754481344 pump_end 1 2
1615474826898329 133811754481344 join_beg 1 0
1615474826901099 133811754481344 join_end 0 0
1615474828870367 133811754481344 coll_beg 0 0
1615474835888820 133811754481344 coll_end 0 0
1615474837672154 133811746088640 emit_beg 1169 0
1615474839399231 133811754481344 drain_beg 0 0
1615474839403390 133811754481344 drain_end 1 0
1615474839404750 133811754481344 subm_beg 1 0
1615474846187101 133811754481344 subm_end 1 0
1615474846187551 133811754481344 pump_beg 1 0
1615474848320733 133811746088640 emit_end 1169 0
1615474862181844 133811754481344 pump_end 1 2
1615474862183394 133811754481344 join_beg 1 0
1615474862184114 133811754481344 join_end 0 0
1615474865142426 133811754481344 coll_beg 0 0
1615474871795101 133811754481344 coll_end 0 0
1615474873910074 133811754481344 drain_beg 0 0
1615474873910824 133811754481344 drain_end 1 0
1615474873911564 133811754481344 subm_beg 1 0
1615474873939813 133811746088640 emit_beg 1170 0
1615474875659750 133811754481344 subm_end 1 0
1615474875660180 133811754481344 pump_beg 1 0
1615474881112699 133811746088640 emit_end 1170 0
1615474891437040 133811754481344 pump_end 1 2
1615474891440990 133811754481344 join_beg 1 0
1615474891443040 133811754481344 join_end 0 0
1615474893302002 133811754481344 coll_beg 0 0
1615474900466489 133811754481344 coll_end 0 0
1615474902365579 133811746088640 emit_beg 1171 0
1615474904078236 133811754481344 drain_beg 0 0
1615474904079006 133811754481344 drain_end 1 0
1615474904079336 133811754481344 subm_beg 1 0
1615474909197718 133811754481344 subm_end 1 0
1615474909198368 133811754481344 pump_beg 1 0
1615474911284662 133811746088640 emit_end 1171 0
1615474925791099 133811754481344 pump_end 1 2
1615474925792979 133811754481344 join_beg 1 0
1615474925794029 133811754481344 join_end 0 0
1615474928547798 133811754481344 coll_beg 0 0
1615474936180598 133811754481344 coll_end 0 0
1615474937924684 133811754481344 drain_beg 0 0
1615474937925424 133811754481344 drain_end 1 0
1615474937925844 133811754481344 subm_beg 1 0
1615474937943893 133811746088640 emit_beg 1172 0
1615474941408246 133811754481344 subm_end 1 0
1615474941408706 133811754481344 pump_beg 1 0
1615474945190787 133811746088640 emit_end 1172 0
1615474957669529 133811754481344 pump_end 1 2
1615474957671819 133811754481344 join_beg 1 0
1615474957673249 133811754481344 join_end 0 0
1615474959558580 133811754481344 coll_beg 0 0
1615474967417121 133811754481344 coll_end 0 0
1615474970616604 133811754481344 drain_beg 0 0
1615474970617734 133811754481344 drain_end 1 0
1615474970618704 133811754481344 subm_beg 1 0
1615474970633873 133811746088640 emit_beg 1173 0
1615474974061147 133811754481344 subm_end 1 0
1615474974061557 133811754481344 pump_beg 1 0
1615474979544776 133811746088640 emit_end 1173 0
1615474989879037 133811754481344 pump_end 1 2
1615474989880827 133811754481344 join_beg 1 0
1615474989881546 133811754481344 join_end 0 0
1615474991690530 133811754481344 coll_beg 0 0
1615474999408837 133811754481344 coll_end 0 0
1615475002864900 133811754481344 drain_beg 0 0
1615475002865940 133811754481344 drain_end 1 0
1615475002866620 133811754481344 subm_beg 1 0
1615475002876320 133811746088640 emit_beg 1174 0
1615475006430759 133811754481344 subm_end 1 0
1615475006431369 133811754481344 pump_beg 1 0
1615475011983975 133811746088640 emit_end 1174 0
1615475023251892 133811754481344 pump_end 1 2
1615475023252872 133811754481344 join_beg 1 0
1615475023253482 133811754481344 join_end 0 0
1615475025159272 133811754481344 coll_beg 0 0
1615475033313272 133811754481344 coll_end 0 0
1615475036423058 133811754481344 drain_beg 0 0
1615475036423938 133811754481344 drain_end 1 0
1615475036424448 133811754481344 subm_beg 1 0
1615475036446387 133811746088640 emit_beg 1175 0
1615475039859222 133811754481344 subm_end 1 0
1615475039859622 133811754481344 pump_beg 1 0
1615475045593331 133811746088640 emit_end 1175 0
1615475057271203 133811754481344 pump_end 1 2
1615475057273163 133811754481344 join_beg 1 0
1615475057273793 133811754481344 join_end 0 0
1615475059092086 133811754481344 coll_beg 0 0
1615475068146763 133811754481344 coll_end 0 0
1615475070242357 133811754481344 drain_beg 0 0
1615475070243077 133811754481344 drain_end 1 0
1615475070243716 133811754481344 subm_beg 1 0
1615475070246986 133811746088640 emit_beg 1176 0
1615475073624062 133811754481344 subm_end 1 0
1615475073624452 133811754481344 pump_beg 1 0
1615475079139650 133811746088640 emit_end 1176 0
1615475091989118 133811754481344 pump_end 1 2
1615475091990298 133811754481344 join_beg 1 0
1615475091990868 133811754481344 join_end 0 0
1615475093737624 133811754481344 coll_beg 0 0
1615475103517105 133811754481344 coll_end 0 0
1615475106543734 133811754481344 drain_beg 0 0
1615475106544724 133811754481344 drain_end 1 0
1615475106545414 133811754481344 subm_beg 1 0
1615475106568533 133811746088640 emit_beg 1177 0
1615475108323589 133811754481344 subm_end 1 0
1615475108324029 133811754481344 pump_beg 1 0
1615475113911984 133811746088640 emit_end 1177 0
1615475126128975 133811754481344 pump_end 1 2
1615475126129745 133811754481344 join_beg 1 0
1615475126130175 133811754481344 join_end 0 0
1615475127905480 133811754481344 coll_beg 0 0
1615475136642789 133811754481344 coll_end 0 0
1615475139706767 133811754481344 drain_beg 0 0
1615475139707407 133811754481344 drain_end 1 0
1615475139707997 133811754481344 subm_beg 1 0
1615475139711197 133811746088640 emit_beg 1178 0
1615475143189499 133811754481344 subm_end 1 0
1615475143189709 133811754481344 pump_beg 1 0
1615475149971360 133811746088640 emit_end 1178 0
1615475159134734 133811754481344 pump_end 1 2
1615475159135393 133811754481344 join_beg 1 0
1615475159135713 133811754481344 join_end 0 0
1615475160994755 133811754481344 coll_beg 0 0
1615475169154956 133811754481344 coll_end 0 0
1615475172212063 133811746088640 emit_beg 1179 0
1615475174052886 133811754481344 drain_beg 0 0
1615475174058366 133811754481344 drain_end 1 0
1615475174059985 133811754481344 subm_beg 1 0
1615475179465237 133811754481344 subm_end 1 0
1615475179465987 133811754481344 pump_beg 1 0
1615475181926367 133811746088640 emit_end 1179 0
1615475194735667 133811754481344 pump_end 1 2
1615475194737167 133811754481344 join_beg 1 0
1615475194737547 133811754481344 join_end 0 0
1615475198170641 133811754481344 coll_beg 0 0
1615475205214912 133811754481344 coll_end 0 0
1615475207973091 133811746088640 emit_beg 1180 0
1615475209787354 133811754481344 drain_beg 0 0
1615475209789754 133811754481344 drain_end 1 0
1615475209790374 133811754481344 subm_beg 1 0
1615475215125778 133811754481344 subm_end 1 0
1615475215126428 133811754481344 pump_beg 1 0
1615475217236741 133811746088640 emit_end 1180 0
1615475231273645 133811754481344 pump_end 1 2
1615475231275625 133811754481344 join_beg 1 0
1615475231276475 133811754481344 join_end 0 0
1615475233534412 133811754481344 coll_beg 0 0
1615475240658741 133811754481344 coll_end 0 0
1615475243166229 133811754481344 drain_beg 0 0
1615475243167029 133811754481344 drain_end 1 0
1615475243167549 133811754481344 subm_beg 1 0
1615475243188848 133811746088640 emit_beg 1181 0
1615475246851393 133811754481344 subm_end 1 0
1615475246851833 133811754481344 pump_beg 1 0
1615475252669200 133811746088640 emit_end 1181 0
1615475262618205 133811754481344 pump_end 1 2
1615475262618895 133811754481344 join_beg 1 0
1615475262619285 133811754481344 join_end 0 0
1615475264534584 133811754481344 coll_beg 0 0
1615475271224309 133811754481344 coll_end 0 0
1615475273787115 133811746088640 emit_beg 1182 0
1615475275574099 133811754481344 drain_beg 0 0
1615475275574779 133811754481344 drain_end 1 0
1615475275575359 133811754481344 subm_beg 1 0
1615475280994030 133811754481344 subm_end 1 0
1615475280994540 133811754481344 pump_beg 1 0
1615475283136652 133811746088640 emit_end 1182 0
1615475296221521 133811754481344 pump_end 1 2
1615475296222521 133811754481344 join_beg 1 0
1615475296222971 133811754481344 join_end 0 0
1615475298567515 133811754481344 coll_beg 0 0
1615475305704603 133811754481344 coll_end 0 0
1615475308196772 133811754481344 drain_beg 0 0
1615475308197511 133811754481344 drain_end 1 0
1615475308198141 133811754481344 subm_beg 1 0
1615475308201121 133811746088640 emit_beg 1183 0
1615475312027961 133811754481344 subm_end 1 0
1615475312028661 133811754481344 pump_beg 1 0
1615475317805699 133811746088640 emit_end 1183 0
1615475328295654 133811754481344 pump_end 1 2
1615475328296734 133811754481344 join_beg 1 0
1615475328297114 133811754481344 join_end 0 0
1615475330198324 133811754481344 coll_beg 0 0
1615475338686032 133811754481344 coll_end 0 0
1615475341696782 133811754481344 drain_beg 0 0
1615475341697392 133811754481344 drain_end 1 0
1615475341698222 133811754481344 subm_beg 1 0
1615475341719271 133811746088640 emit_beg 1184 0
1615475345248791 133811754481344 subm_end 1 0
1615475345249231 133811754481344 pump_beg 1 0
1615475350933683 133811746088640 emit_end 1184 0
1615475361023862 133811754481344 pump_end 1 2
1615475361024742 133811754481344 join_beg 1 0
1615475361025322 133811754481344 join_end 0 0
1615475362965031 133811754481344 coll_beg 0 0
1615475370033662 133811754481344 coll_end 0 0
1615475372256260 133811746088640 emit_beg 1185 0
1615475374053254 133811754481344 drain_beg 0 0
1615475374054084 133811754481344 drain_end 1 0
1615475374054814 133811754481344 subm_beg 1 0
1615475379427487 133811754481344 subm_end 1 0
1615475379428007 133811754481344 pump_beg 1 0
1615475381591907 133811746088640 emit_end 1185 0
1615475395051343 133811754481344 pump_end 1 2
1615475395052913 133811754481344 join_beg 1 0
1615475395053483 133811754481344 join_end 0 0
1615475397633179 133811754481344 coll_beg 0 0
1615475404726608 133811754481344 coll_end 0 0
1615475407736158 133811754481344 drain_beg 0 0
1615475407736978 133811754481344 drain_end 1 0
1615475407737887 133811754481344 subm_beg 1 0
1615475407759267 133811746088640 emit_beg 1186 0
1615475411372854 133811754481344 subm_end 1 0
1615475411373294 133811754481344 pump_beg 1 0
1615475417131133 133811746088640 emit_end 1186 0
1615475427149845 133811754481344 pump_end 1 2
1615475427150925 133811754481344 join_beg 1 0
1615475427151455 133811754481344 join_end 0 0
1615475428959548 133811754481344 coll_beg 0 0
1615475436319058 133811754481344 coll_end 0 0
1615475438178600 133811746088640 emit_beg 1187 0
1615475439955395 133811754481344 drain_beg 0 0
1615475439956385 133811754481344 drain_end 1 0
1615475439957085 133811754481344 subm_beg 1 0
1615475445379216 133811754481344 subm_end 1 0
1615475445379696 133811754481344 pump_beg 1 0
1615475447428670 133811746088640 emit_end 1187 0
1615475461981856 133811754481344 pump_end 1 2
1615475461983316 133811754481344 join_beg 1 0
1615475461983946 133811754481344 join_end 0 0
1615475464033861 133811754481344 coll_beg 0 0
1615475472323147 133811754481344 coll_end 0 0
1615475475651494 133811754481344 drain_beg 0 0
1615475475652394 133811754481344 drain_end 1 0
1615475475653204 133811754481344 subm_beg 1 0
1615475475662294 133811746088640 emit_beg 1188 0
1615475477442659 133811754481344 subm_end 1 0
1615475477443169 133811754481344 pump_beg 1 0
1615475483283244 133811746088640 emit_end 1188 0
1615475494827110 133811754481344 pump_end 1 2
1615475494828470 133811754481344 join_beg 1 0
1615475494829030 133811754481344 join_end 0 0
1615475496657393 133811754481344 coll_beg 0 0
1615475505829317 133811754481344 coll_end 0 0
1615475508303816 133811754481344 drain_beg 0 0
1615475508304666 133811754481344 drain_end 1 0
1615475508305406 133811754481344 subm_beg 1 0
1615475508310506 133811746088640 emit_beg 1189 0
1615475511867565 133811754481344 subm_end 1 0
1615475511868095 133811754481344 pump_beg 1 0
1615475517979381 133811746088640 emit_end 1189 0
1615475529488808 133811754481344 pump_end 1 2
1615475529489518 133811754481344 join_beg 1 0
1615475529490118 133811754481344 join_end 0 0
1615475531701127 133811754481344 coll_beg 0 0
1615475540337090 133811754481344 coll_end 0 0
1615475543889590 133811754481344 drain_beg 0 0
1615475543890270 133811754481344 drain_end 1 0
1615475543891369 133811754481344 subm_beg 1 0
1615475543915099 133811746088640 emit_beg 1190 0
1615475547500917 133811754481344 subm_end 1 0
1615475547501357 133811754481344 pump_beg 1 0
1615475551570388 133811746088640 emit_end 1190 0
1615475563414333 133811754481344 pump_end 1 2
1615475563415153 133811754481344 join_beg 1 0
1615475563415913 133811754481344 join_end 0 0
1615475565156779 133811754481344 coll_beg 0 0
1615475572511059 133811754481344 coll_end 0 0
1615475574307243 133811746088640 emit_beg 1191 0
1615475576101417 133811754481344 drain_beg 0 0
1615475576103307 133811754481344 drain_end 1 0
1615475576103867 133811754481344 subm_beg 1 0
1615475581284897 133811754481344 subm_end 1 0
1615475581285347 133811754481344 pump_beg 1 0
1615475583313662 133811746088640 emit_end 1191 0
1615475597719914 133811754481344 pump_end 1 2
1615475597721943 133811754481344 join_beg 1 0
1615475597722973 133811754481344 join_end 0 0
1615475600296199 133811754481344 coll_beg 0 0
1615475608174180 133811754481344 coll_end 0 0
1615475611272786 133811754481344 drain_beg 0 0
1615475611273926 133811754481344 drain_end 1 0
1615475611274666 133811754481344 subm_beg 1 0
1615475611284515 133811746088640 emit_beg 1192 0
1615475613020042 133811754481344 subm_end 1 0
1615475613020472 133811754481344 pump_beg 1 0
1615475618449473 133811746088640 emit_end 1192 0
1615475629622632 133811754481344 pump_end 1 2
1615475629623582 133811754481344 join_beg 1 0
1615475629624282 133811754481344 join_end 0 0
1615475631431396 133811754481344 coll_beg 0 0
1615475638861173 133811754481344 coll_end 0 0
1615475640699486 133811746088640 emit_beg 1193 0
1615475642427812 133811754481344 drain_beg 0 0
1615475642428552 133811754481344 drain_end 1 0
1615475642429132 133811754481344 subm_beg 1 0
1615475647486017 133811754481344 subm_end 1 0
1615475647486337 133811754481344 pump_beg 1 0
1615475649507062 133811746088640 emit_end 1193 0
1615475663310246 133811754481344 pump_end 1 2
1615475663310936 133811754481344 join_beg 1 0
1615475663311486 133811754481344 join_end 0 0
1615475665076971 133811754481344 coll_beg 0 0
1615475673477362 133811754481344 coll_end 0 0
1615475676806900 133811754481344 drain_beg 0 0
1615475676807360 133811754481344 drain_end 1 0
1615475676808050 133811754481344 subm_beg 1 0
1615475676814660 133811746088640 emit_beg 1194 0
1615475680248724 133811754481344 subm_end 1 0
1615475680249164 133811754481344 pump_beg 1 0
1615475685838139 133811746088640 emit_end 1194 0
1615475696380172 133811754481344 pump_end 1 2
1615475696381752 133811754481344 join_beg 1 0
1615475696382532 133811754481344 join_end 0 0
1615475704320100 133811754481344 coll_beg 0 0
1615475711988069 133811754481344 coll_end 0 0
1615475715443292 133811754481344 drain_beg 0 0
1615475715443732 133811754481344 drain_end 1 0
1615475715444392 133811754481344 subm_beg 1 0
1615475715467141 133811746088640 emit_beg 1195 0
1615475718818588 133811754481344 subm_end 1 0
1615475718819118 133811754481344 pump_beg 1 0
1615475724196201 133811746088640 emit_end 1195 0
1615475734339148 133811754481344 pump_end 1 2
1615475734339838 133811754481344 join_beg 1 0
1615475734340288 133811754481344 join_end 0 0
1615475736025116 133811754481344 coll_beg 0 0
1615475743441764 133811754481344 coll_end 0 0
1615475745213469 133811746088640 emit_beg 1196 0
1615475746901517 133811754481344 drain_beg 0 0
1615475746903297 133811754481344 drain_end 1 0
1615475746903847 133811754481344 subm_beg 1 0
1615475752166704 133811754481344 subm_end 1 0
1615475752168334 133811754481344 pump_beg 1 0
1615475754321945 133811746088640 emit_end 1196 0
1615475768048891 133811754481344 pump_end 1 2
1615475768049671 133811754481344 join_beg 1 0
1615475768049951 133811754481344 join_end 0 0
1615475770912646 133811754481344 coll_beg 0 0
1615475778516807 133811754481344 coll_end 0 0
1615475780220894 133811754481344 drain_beg 0 0
1615475780221684 133811754481344 drain_end 1 0
1615475780222514 133811754481344 subm_beg 1 0
1615475780242783 133811746088640 emit_beg 1197 0
1615475783663808 133811754481344 subm_end 1 0
1615475783664228 133811754481344 pump_beg 1 0
1615475789163826 133811746088640 emit_end 1197 0
1615475799479277 133811754481344 pump_end 1 2
1615475799479817 133811754481344 join_beg 1 0
1615475799480267 133811754481344 join_end 0 0
1615475801357388 133811754481344 coll_beg 0 0
1615475809533798 133811754481344 coll_end 0 0
1615475812583486 133811754481344 drain_beg 0 0
1615475812584186 133811754481344 drain_end 1 0
1615475812585006 133811754481344 subm_beg 1 0
1615475812604995 133811746088640 emit_beg 1198 0
1615475816054679 133811754481344 subm_end 1 0
1615475816055049 133811754481344 pump_beg 1 0
1615475821589556 133811746088640 emit_end 1198 0
1615475833123152 133811754481344 pump_end 1 2
1615475833124062 133811754481344 join_beg 1 0
1615475833124552 133811754481344 join_end 0 0
1615475835957818 133811754481344 coll_beg 0 0
1615475844781774 133811754481344 coll_end 0 0
1615475847270503 133811754481344 drain_beg 0 0
1615475847271623 133811754481344 drain_end 1 0
1615475847272493 133811754481344 subm_beg 1 0
1615475847293212 133811746088640 emit_beg 1199 0
1615475849060287 133811754481344 subm_end 1 0
1615475849060707 133811754481344 pump_beg 1 0
1615475856139907 133811746088640 emit_end 1199 0
1615475865507853 133811754481344 pump_end 1 2
1615475865508623 133811754481344 join_beg 1 0
1615475865509023 133811754481344 join_end 0 0
1615475867271299 133811754481344 coll_beg 0 0
1615475875163609 133811754481344 coll_end 0 0
1615475877664307 133811746088640 emit_beg 1200 0
1615475879360915 133811754481344 drain_beg 0 0
1615475879361515 133811754481344 drain_end 1 0
1615475879361785 133811754481344 subm_beg 1 0
1615475884563004 133811754481344 subm_end 1 0
1615475884563344 133811754481344 pump_beg 1 0
1615475886775073 133811746088640 emit_end 1200 0
1615475902465107 133811754481344 pump_end 1 2
1615475902466747 133811754481344 join_beg 1 0
1615475902467567 133811754481344 join_end 0 0
1615475905572633 133811754481344 coll_beg 0 0
1615475914981217 133811754481344 coll_end 0 0
1615475916810840 133811754481344 drain_beg 0 0
1615475916811320 133811754481344 drain_end 1 0
1615475916811580 133811754481344 subm_beg 1 0
1615475916812840 133811746088640 emit_beg 1201 0
1615475920211515 133811754481344 subm_end 1 0
1615475920211975 133811754481344 pump_beg 1 0
1615475925744692 133811746088640 emit_end 1201 0
1615475936368382 133811754481344 pump_end 1 2
1615475936369122 133811754481344 join_beg 1 0
1615475936369722 133811754481344 join_end 0 0
1615475938150627 133811754481344 coll_beg 0 0
1615475946166462 133811754481344 coll_end 0 0
1615475949215590 133811754481344 drain_beg 0 0
1615475949215980 133811754481344 drain_end 1 0
1615475949216550 133811754481344 subm_beg 1 0
1615475949218670 133811746088640 emit_beg 1202 0
1615475952609696 133811754481344 subm_end 1 0
1615475952610036 133811754481344 pump_beg 1 0
1615475958212710 133811746088640 emit_end 1202 0
1615475971790102 133811754481344 pump_end 1 2
1615475971791822 133811754481344 join_beg 1 0
1615475971792602 133811754481344 join_end 0 0
1615475974887498 133811754481344 coll_beg 0 0
1615475983323308 133811754481344 coll_end 0 0
1615475985173570 133811754481344 drain_beg 0 0
1615475985174490 133811754481344 drain_end 1 0
1615475985174870 133811754481344 subm_beg 1 0
1615475985177410 133811746088640 emit_beg 1203 0
1615475986947865 133811754481344 subm_end 1 0
1615475986948335 133811754481344 pump_beg 1 0
1615475994594165 133811746088640 emit_end 1203 0
1615476002310931 133811754481344 pump_end 1 2
1615476002312371 133811754481344 join_beg 1 0
1615476002312981 133811754481344 join_end 0 0
1615476004143404 133811754481344 coll_beg 0 0
1615476011752935 133811754481344 coll_end 0 0
1615476014247283 133811746088640 emit_beg 1204 0
1615476016033778 133811754481344 drain_beg 0 0
1615476016034388 133811754481344 drain_end 1 0
1615476016034828 133811754481344 subm_beg 1 0
1615476021344413 133811754481344 subm_end 1 0
1615476021344823 133811754481344 pump_beg 1 0
1615476023408827 133811746088640 emit_end 1204 0
1615476036850623 133811754481344 pump_end 1 2
1615476036851613 133811754481344 join_beg 1 0
1615476036852313 133811754481344 join_end 0 0
1615476041998305 133811754481344 coll_beg 0 0
1615476052554927 133811754481344 coll_end 0 0
1615476054431508 133811754481344 drain_beg 0 0
1615476054432058 133811754481344 drain_end 1 0
1615476054432448 133811754481344 subm_beg 1 0
1615476054456347 133811746088640 emit_beg 1205 0
1615476058030086 133811754481344 subm_end 1 0
1615476058030816 133811754481344 pump_beg 1 0
1615476063824833 133811746088640 emit_end 1205 0
1615476073972321 133811754481344 pump_end 1 2
1615476073973001 133811754481344 join_beg 1 0
1615476073973431 133811754481344 join_end 0 0
1615476075795944 133811754481344 coll_beg 0 0
1615476083956924 133811754481344 coll_end 0 0
1615476087694097 133811754481344 drain_beg 0 0
1615476087694897 133811754481344 drain_end 1 0
1615476087695537 133811754481344 subm_beg 1 0
1615476087715716 133811746088640 emit_beg 1206 0
1615476091288535 133811754481344 subm_end 1 0
1615476091288925 133811754481344 pump_beg 1 0
1615476096928648 133811746088640 emit_end 1206 0
1615476108272602 133811754481344 pump_end 1 2
1615476108273352 133811754481344 join_beg 1 0
1615476108273732 133811754481344 join_end 0 0
1615476110091595 133811754481344 coll_beg 0 0
1615476118787456 133811754481344 coll_end 0 0
1615476121752597 133811754481344 drain_beg 0 0
1615476121753177 133811754481344 drain_end 1 0
1615476121753807 133811754481344 subm_beg 1 0
1615476121760477 133811746088640 emit_beg 1207 0
1615476125316206 133811754481344 subm_end 1 0
1615476125316586 133811754481344 pump_beg 1 0
1615476130961579 133811746088640 emit_end 1207 0
1615476142149358 133811754481344 pump_end 1 2
1615476142150458 133811754481344 join_beg 1 0
1615476142150808 133811754481344 join_end 0 0
1615476144017280 133811754481344 coll_beg 0 0
1615476153803470 133811754481344 coll_end 0 0
1615476155725830 133811754481344 drain_beg 0 0
1615476155726710 133811754481344 drain_end 1 0
1615476155727580 133811754481344 subm_beg 1 0
1615476155742989 133811746088640 emit_beg 1208 0
1615476159286699 133811754481344 subm_end 1 0
1615476159287129 133811754481344 pump_beg 1 0
1615476165008059 133811746088640 emit_end 1208 0
1615476175470835 133811754481344 pump_end 1 2
1615476175472135 133811754481344 join_beg 1 0
1615476175472585 133811754481344 join_end 0 0
1615476177334436 133811754481344 coll_beg 0 0
1615476186375985 133811754481344 coll_end 0 0
1615476188881753 133811754481344 drain_beg 0 0
1615476188882423 133811754481344 drain_end 1 0
1615476188883093 133811754481344 subm_beg 1 0
1615476188905012 133811746088640 emit_beg 1209 0
1615476192477591 133811754481344 subm_end 1 0
1615476192478031 133811754481344 pump_beg 1 0
1615476198175411 133811746088640 emit_end 1209 0
1615476210036756 133811754481344 pump_end 1 2
1615476210037986 133811754481344 join_beg 1 0
1615476210038406 133811754481344 join_end 0 0
1615476212056192 133811754481344 coll_beg 0 0
1615476220862489 133811754481344 coll_end 0 0
1615476223703664 133811754481344 drain_beg 0 0
1615476223704464 133811754481344 drain_end 1 0
1615476223704944 133811754481344 subm_beg 1 0
1615476223726783 133811746088640 emit_beg 1210 0
1615476227242624 133811754481344 subm_end 1 0
1615476227243134 133811754481344 pump_beg 1 0
1615476233002553 133811746088640 emit_end 1210 0
1615476243935062 133811754481344 pump_end 1 2
1615476243936272 133811754481344 join_beg 1 0
1615476243936742 133811754481344 join_end 0 0
1615476245813853 133811754481344 coll_beg 0 0
1615476259156383 133811754481344 coll_end 0 0
1615476261107881 133811754481344 drain_beg 0 0
1615476261108951 133811754481344 drain_end 1 0
1615476261117831 133811754481344 subm_beg 1 0
1615476261128951 133811746088640 emit_beg 1211 0
1615476262930194 133811754481344 subm_end 1 0
1615476262930824 133811754481344 pump_beg 1 0
1615476268722002 133811746088640 emit_end 1211 0
1615476279764436 133811754481344 pump_end 1 2
1615476279765116 133811754481344 join_beg 1 0
1615476279765536 133811754481344 join_end 0 0
1615476281618588 133811754481344 coll_beg 0 0
1615476289523368 133811754481344 coll_end 0 0
1615476292038906 133811746088640 emit_beg 1212 0
1615476299562779 133811746088640 emit_end 1212 0
1615476319419631 133811754481344 drain_beg 0 0
1615476319421581 133811754481344 drain_end 1 0
1615476319422160 133811754481344 subm_beg 1 0
1615476322992650 133811754481344 subm_end 1 0
1615476322992900 133811754481344 pump_beg 1 0
1615476339996865 133811754481344 pump_end 1 2
1615476340007705 133811754481344 join_beg 1 0
1615476340010175 133811754481344 join_end 0 0
1615476342133467 133811754481344 coll_beg 0 0
1615476351694976 133811754481344 coll_end 0 0
1615476353740531 133811754481344 drain_beg 0 0
1615476353741451 133811754481344 drain_end 1 0
1615476353742521 133811754481344 subm_beg 1 0
1615476353771020 133811746088640 emit_beg 1213 0
1615476355630611 133811754481344 subm_end 1 0
1615476355630981 133811754481344 pump_beg 1 0
1615476361363061 133811746088640 emit_end 1213 0
1615476372131686 133811754481344 pump_end 1 2
1615476372133296 133811754481344 join_beg 1 0
1615476372135256 133811754481344 join_end 0 0
1615476374057845 133811754481344 coll_beg 0 0
1615476381333798 133811754481344 coll_end 0 0
1615476383156641 133811746088640 emit_beg 1214 0
1615476384931946 133811754481344 drain_beg 0 0
1615476384932596 133811754481344 drain_end 1 0
1615476384932996 133811754481344 subm_beg 1 0
1615476390541300 133811754481344 subm_end 1 0
1615476390541590 133811754481344 pump_beg 1 0
1615476392753259 133811746088640 emit_end 1214 0
1615476406892710 133811754481344 pump_end 1 2
1615476406893740 133811754481344 join_beg 1 0
1615476406894300 133811754481344 join_end 0 0
1615476409211645 133811754481344 coll_beg 0 0
1615476416973150 133811754481344 coll_end 0 0
1615476420388604 133811754481344 drain_beg 0 0
1615476420389614 133811754481344 drain_end 1 0
1615476420390104 133811754481344 subm_beg 1 0
1615476420396184 133811746088640 emit_beg 1215 0
1615476425569374 133811754481344 subm_end 1 0
1615476425569704 133811754481344 pump_beg 1 0
1615476429292337 133811746088640 emit_end 1215 0
1615476442042639 133811754481344 pump_end 1 2
1615476442043099 133811754481344 join_beg 1 0
1615476442043439 133811754481344 join_end 0 0
1615476444328095 133811754481344 coll_beg 0 0
1615476452358041 133811754481344 coll_end 0 0
1615476454100947 133811754481344 drain_beg 0 0
1615476454101447 133811754481344 drain_end 1 0
1615476454101667 133811754481344 subm_beg 1 0
1615476454106646 133811746088640 emit_beg 1216 0
1615476455827713 133811754481344 subm_end 1 0
1615476455828133 133811754481344 pump_beg 1 0
1615476463106886 133811746088640 emit_end 1216 0
1615476472059547 133811754481344 pump_end 1 2
1615476472064237 133811754481344 join_beg 1 0
1615476472066217 133811754481344 join_end 0 0
1615476473971187 133811754481344 coll_beg 0 0
1615476483451769 133811754481344 coll_end 0 0
1615476486741528 133811754481344 drain_beg 0 0
1615476486742558 133811754481344 drain_end 1 0
1615476486743228 133811754481344 subm_beg 1 0
1615476486748998 133811746088640 emit_beg 1217 0
1615476488537193 133811754481344 subm_end 1 0
1615476488537693 133811754481344 pump_beg 1 0
1615476495745998 133811746088640 emit_end 1217 0
1615476505568527 133811754481344 pump_end 1 2
1615476505570267 133811754481344 join_beg 1 0
1615476505571277 133811754481344 join_end 0 0
1615476507450818 133811754481344 coll_beg 0 0
1615476518613958 133811754481344 coll_end 0 0
1615476520388353 133811754481344 drain_beg 0 0
1615476520388993 133811754481344 drain_end 1 0
1615476520389363 133811754481344 subm_beg 1 0
1615476520394993 133811746088640 emit_beg 1218 0
1615476523831817 133811754481344 subm_end 1 0
1615476523832137 133811754481344 pump_beg 1 0
1615476529452071 133811746088640 emit_end 1218 0
1615476539816270 133811754481344 pump_end 1 2
1615476539816970 133811754481344 join_beg 1 0
1615476539817570 133811754481344 join_end 0 0
1615476541551486 133811754481344 coll_beg 0 0
1615476549437687 133811754481344 coll_end 0 0
1615476552780804 133811754481344 drain_beg 0 0
1615476552781244 133811754481344 drain_end 1 0
1615476552781654 133811754481344 subm_beg 1 0
1615476552788424 133811746088640 emit_beg 1219 0
1615476556200069 133811754481344 subm_end 1 0
1615476556200379 133811754481344 pump_beg 1 0
1615476561587881 133811746088640 emit_end 1219 0
1615476573182825 133811754481344 pump_end 1 2
1615476573183235 133811754481344 join_beg 1 0
1615476573183605 133811754481344 join_end 0 0
1615476574963300 133811754481344 coll_beg 0 0
1615476583723948 133811754481344 coll_end 0 0
1615476586423939 133811754481344 drain_beg 0 0
1615476586424569 133811754481344 drain_end 1 0
1615476586424869 133811754481344 subm_beg 1 0
1615476586446418 133811746088640 emit_beg 1220 0
1615476589904031 133811754481344 subm_end 1 0
1615476589904501 133811754481344 pump_beg 1 0
1615476595419999 133811746088640 emit_end 1220 0
1615476606116586 133811754481344 pump_end 1 2
1615476606118636 133811754481344 join_beg 1 0
1615476606119396 133811754481344 join_end 0 0
1615476607906331 133811754481344 coll_beg 0 0
1615476616147928 133811754481344 coll_end 0 0
1615476618914736 133811754481344 drain_beg 0 0
1615476618915296 133811754481344 drain_end 1 0
1615476618915666 133811754481344 subm_beg 1 0
1615476618940096 133811746088640 emit_beg 1221 0
1615476622291943 133811754481344 subm_end 1 0
1615476622292302 133811754481344 pump_beg 1 0
1615476627835539 133811746088640 emit_end 1221 0
1615476638607974 133811754481344 pump_end 1 2
1615476638609533 133811754481344 join_beg 1 0
1615476638610453 133811754481344 join_end 0 0
1615476640343650 133811754481344 coll_beg 0 0
1615476648220381 133811754481344 coll_end 0 0
1615476651283568 133811754481344 drain_beg 0 0
1615476651284808 133811754481344 drain_end 1 0
1615476651285688 133811754481344 subm_beg 1 0
1615476651291798 133811746088640 emit_beg 1222 0
1615476654693833 133811754481344 subm_end 1 0
1615476654694253 133811754481344 pump_beg 1 0
1615476660150683 133811746088640 emit_end 1222 0
1615476670302840 133811754481344 pump_end 1 2
1615476670303780 133811754481344 join_beg 1 0
1615476670304400 133811754481344 join_end 0 0
1615476672047656 133811754481344 coll_beg 0 0
1615476679349848 133811754481344 coll_end 0 0
1615476681053595 133811746088640 emit_beg 1223 0
1615476682767633 133811754481344 drain_beg 0 0
1615476682768483 133811754481344 drain_end 1 0
1615476682768753 133811754481344 subm_beg 1 0
1615476687858246 133811754481344 subm_end 1 0
1615476687858556 133811754481344 pump_beg 1 0
1615476689809234 133811746088640 emit_end 1223 0
1615476703800161 133811754481344 pump_end 1 2
1615476703802610 133811754481344 join_beg 1 0
1615476703803740 133811754481344 join_end 0 0
1615476707164937 133811754481344 coll_beg 0 0
1615476715798650 133811754481344 coll_end 0 0
1615476717579465 133811754481344 drain_beg 0 0
1615476717580185 133811754481344 drain_end 1 0
1615476717580615 133811754481344 subm_beg 1 0
1615476717603734 133811746088640 emit_beg 1224 0
1615476720920952 133811754481344 subm_end 1 0
1615476720921692 133811754481344 pump_beg 1 0
1615476726354123 133811746088640 emit_end 1224 0
1615476736113384 133811754481344 pump_end 1 2
1615476736114014 133811754481344 join_beg 1 0
1615476736114614 133811754481344 join_end 0 0
1615476737904808 133811754481344 coll_beg 0 0
1615476745169302 133811754481344 coll_end 0 0
1615476746989205 133811754481344 drain_beg 0 0
1615476746990465 133811754481344 drain_end 1 0
1615476746991245 133811754481344 subm_beg 1 0
1615476746991215 133811746088640 emit_beg 1225 0
1615476750308233 133811754481344 subm_end 1 0
1615476750308733 133811754481344 pump_beg 1 0
1615476755657557 133811746088640 emit_end 1225 0
1615476766298086 133811754481344 pump_end 1 2
1615476766301456 133811754481344 join_beg 1 0
1615476766310056 133811754481344 join_end 0 0
1615476768216906 133811754481344 coll_beg 0 0
1615476775365623 133811754481344 coll_end 0 0
1615476777098410 133811746088640 emit_beg 1226 0
1615476778776818 133811754481344 drain_beg 0 0
1615476778777418 133811754481344 drain_end 1 0
1615476778777808 133811754481344 subm_beg 1 0
1615476783940239 133811754481344 subm_end 1 0
1615476783940669 133811754481344 pump_beg 1 0
1615476785996143 133811746088640 emit_end 1226 0
1615476800308578 133811754481344 pump_end 1 2
1615476800310388 133811754481344 join_beg 1 0
1615476800311138 133811754481344 join_end 0 0
1615476802287905 133811754481344 coll_beg 0 0
1615476810352159 133811754481344 coll_end 0 0
1615476814019974 133811754481344 drain_beg 0 0
1615476814021234 133811754481344 drain_end 1 0
1615476814022184 133811754481344 subm_beg 1 0
1615476814024524 133811746088640 emit_beg 1227 0
1615476815887036 133811754481344 subm_end 1 0
1615476815888456 133811754481344 pump_beg 1 0
1615476821719452 133811746088640 emit_end 1227 0
1615476831923497 133811754481344 pump_end 1 2
1615476831924837 133811754481344 join_beg 1 0
1615476831925177 133811754481344 join_end 0 0
1615476833801978 133811754481344 coll_beg 0 0
1615476842642004 133811754481344 coll_end 0 0
1615476846322679 133811754481344 drain_beg 0 0
1615476846323819 133811754481344 drain_end 1 0
1615476846324589 133811754481344 subm_beg 1 0
1615476846343078 133811746088640 emit_beg 1228 0
1615476849993524 133811754481344 subm_end 1 0
1615476849994034 133811754481344 pump_beg 1 0
1615476855632377 133811746088640 emit_end 1228 0
1615476866908193 133811754481344 pump_end 1 2
1615476866909203 133811754481344 join_beg 1 0
1615476866910043 133811754481344 join_end 0 0
1615476870521980 133811754481344 coll_beg 0 0
1615476878266776 133811754481344 coll_end 0 0
1615476880937508 133811754481344 drain_beg 0 0
1615476880938238 133811754481344 drain_end 1 0
1615476880938868 133811754481344 subm_beg 1 0
1615476880960957 133811746088640 emit_beg 1229 0
1615476884500977 133811754481344 subm_end 1 0
1615476884501387 133811754481344 pump_beg 1 0
1615476890292695 133811746088640 emit_end 1229 0
1615476901001181 133811754481344 pump_end 1 2
1615476901001651 133811754481344 join_beg 1 0
1615476901001961 133811754481344 join_end 0 0
1615476902974079 133811754481344 coll_beg 0 0
1615476911208247 133811754481344 coll_end 0 0
1615476914619552 133811754481344 drain_beg 0 0
1615476914620451 133811754481344 drain_end 1 0
1615476914620911 133811754481344 subm_beg 1 0
1615476914624591 133811746088640 emit_beg 1230 0
1615476918186281 133811754481344 subm_end 1 0
1615476918186641 133811754481344 pump_beg 1 0
1615476923825243 133811746088640 emit_end 1230 0
1615476935525584 133811754481344 pump_end 1 2
1615476935526514 133811754481344 join_beg 1 0
1615476935527144 133811754481344 join_end 0 0
1615476937395345 133811754481344 coll_beg 0 0
1615476946545210 133811754481344 coll_end 0 0
1615476948439720 133811746088640 emit_beg 1231 0
1615476950231334 133811754481344 drain_beg 0 0
1615476950234204 133811754481344 drain_end 1 0
1615476950235304 133811754481344 subm_beg 1 0
1615476955575708 133811754481344 subm_end 1 0
1615476955576518 133811754481344 pump_beg 1 0
1615476957655182 133811746088640 emit_end 1231 0
1615476973140223 133811754481344 pump_end 1 2
1615476973142133 133811754481344 join_beg 1 0
1615476973142833 133811754481344 join_end 0 0
1615476975855404 133811754481344 coll_beg 0 0
1615476985767510 133811754481344 coll_end 0 0
1615476987638861 133811754481344 drain_beg 0 0
1615476987639821 133811754481344 drain_end 1 0
1615476987640611 133811754481344 subm_beg 1 0
1615476987640581 133811746088640 emit_beg 1232 0
1615476989478654 133811754481344 subm_end 1 0
1615476989479044 133811754481344 pump_beg 1 0
1615476997059195 133811746088640 emit_end 1232 0
1615477006677612 133811754481344 pump_end 1 2
1615477006680212 133811754481344 join_beg 1 0
1615477006681132 133811754481344 join_end 0 0
1615477008631740 133811754481344 coll_beg 0 0
1615477017569922 133811754481344 coll_end 0 0
1615477020910540 133811754481344 drain_beg 0 0
1615477020920889 133811754481344 drain_end 1 0
1615477020921279 133811754481344 subm_beg 1 0
1615477020917659 133811746088640 emit_beg 1233 0
1615477024502248 133811754481344 subm_end 1 0
1615477024502628 133811754481344 pump_beg 1 0
1615477030982030 133811746088640 emit_end 1233 0
1615477040321927 133811754481344 pump_end 1 2
1615477040322747 133811754481344 join_beg 1 0
1615477040323877 133811754481344 join_end 0 0
1615477042146010 133811754481344 coll_beg 0 0
1615477049807139 133811754481344 coll_end 0 0
1615477051939561 133811746088640 emit_beg 1234 0
1615477053718365 133811754481344 drain_beg 0 0
1615477053718905 133811754481344 drain_end 1 0
1615477053719365 133811754481344 subm_beg 1 0
1615477059181315 133811754481344 subm_end 1 0
1615477059181835 133811754481344 pump_beg 1 0
1615477061389244 133811746088640 emit_end 1234 0
1615477075263004 133811754481344 pump_end 1 2
1615477075268144 133811754481344 join_beg 1 0
1615477075269944 133811754481344 join_end 0 0
1615477078172058 133811754481344 coll_beg 0 0
1615477086265171 133811754481344 coll_end 0 0
1615477089715624 133811754481344 drain_beg 0 0
1615477089716264 133811754481344 drain_end 1 0
1615477089716724 133811754481344 subm_beg 1 0
1615477089745633 133811746088640 emit_beg 1235 0
1615477093314342 133811754481344 subm_end 1 0
1615477093314722 133811754481344 pump_beg 1 0
1615477099046141 133811746088640 emit_end 1235 0
1615477109393412 133811754481344 pump_end 1 2
1615477109395092 133811754481344 join_beg 1 0
1615477109396392 133811754481344 join_end 0 0
1615477111998306 133811754481344 coll_beg 0 0
1615477119457002 133811754481344 coll_end 0 0
1615477121894693 133811754481344 drain_beg 0 0
1615477121895313 133811754481344 drain_end 1 0
1615477121895713 133811754481344 subm_beg 1 0
1615477121920612 133811746088640 emit_beg 1236 0
1615477125495910 133811754481344 subm_end 1 0
1615477125496390 133811754481344 pump_beg 1 0
1615477131142423 133811746088640 emit_end 1236 0
1615477141122927 133811754481344 pump_end 1 2
1615477141123867 133811754481344 join_beg 1 0
1615477141124247 133811754481344 join_end 0 0
1615477142969879 133811754481344 coll_beg 0 0
1615477150018470 133811754481344 coll_end 0 0
1615477152178241 133811746088640 emit_beg 1237 0
1615477153991374 133811754481344 drain_beg 0 0
1615477153991834 133811754481344 drain_end 1 0
1615477153992314 133811754481344 subm_beg 1 0
1615477159488023 133811754481344 subm_end 1 0
1615477159488313 133811754481344 pump_beg 1 0
1615477161494829 133811746088640 emit_end 1237 0
1615477175479836 133811754481344 pump_end 1 2
1615477175481146 133811754481344 join_beg 1 0
1615477175481736 133811754481344 join_end 0 0
1615477177539440 133811754481344 coll_beg 0 0
1615477184545873 133811754481344 coll_end 0 0
1615477187270003 133811754481344 drain_beg 0 0
1615477187270543 133811754481344 drain_end 1 0
1615477187271043 133811754481344 subm_beg 1 0
1615477187292752 133811746088640 emit_beg 1238 0
1615477190844272 133811754481344 subm_end 1 0
1615477190844792 133811754481344 pump_beg 1 0
1615477196597390 133811746088640 emit_end 1238 0
1615477207536019 133811754481344 pump_end 1 2
1615477207536969 133811754481344 join_beg 1 0
1615477207537439 133811754481344 join_end 0 0
1615477209473698 133811754481344 coll_beg 0 0
1615477216977432 133811754481344 coll_end 0 0
1615477218711509 133811746088640 emit_beg 1239 0
1615477220491353 133811754481344 drain_beg 0 0
1615477220495553 133811754481344 drain_end 1 0
1615477220497053 133811754481344 subm_beg 1 0
1615477225697992 133811754481344 subm_end 1 0
1615477225698862 133811754481344 pump_beg 1 0
1615477227637001 133811746088640 emit_end 1239 0
1615477241280850 133811754481344 pump_end 1 2
1615477241281600 133811754481344 join_beg 1 0
1615477241281830 133811754481344 join_end 0 0
1615477244206723 133811754481344 coll_beg 0 0
1615477251565303 133811754481344 coll_end 0 0
1615477253587198 133811754481344 drain_beg 0 0
1615477253587918 133811754481344 drain_end 1 0
1615477253588538 133811754481344 subm_beg 1 0
1615477253595138 133811746088640 emit_beg 1240 0
1615477256927856 133811754481344 subm_end 1 0
1615477256934046 133811754481344 pump_beg 1 0
1615477262259720 133811746088640 emit_end 1240 0
1615477272629379 133811754481344 pump_end 1 2
1615477272631179 133811754481344 join_beg 1 0
1615477272631749 133811754481344 join_end 0 0
1615477274516940 133811754481344 coll_beg 0 0
1615477281305961 133811754481344 coll_end 0 0
1615477283097845 133811746088640 emit_beg 1241 0
1615477284866590 133811754481344 drain_beg 0 0
1615477284870890 133811754481344 drain_end 1 0
1615477284872600 133811754481344 subm_beg 1 0
1615477290061309 133811754481344 subm_end 1 0
1615477290062149 133811754481344 pump_beg 1 0
1615477292259549 133811746088640 emit_end 1241 0
1615477306363271 133811754481344 pump_end 1 2
1615477306364071 133811754481344 join_beg 1 0
1615477306364361 133811754481344 join_end 0 0
1615477309345232 133811754481344 coll_beg 0 0
1615477316776269 133811754481344 coll_end 0 0
1615477318510275 133811754481344 drain_beg 0 0
1615477318511305 133811754481344 drain_end 1 0
1615477318511855 133811754481344 subm_beg 1 0
1615477318532264 133811746088640 emit_beg 1242 0
1615477320284630 133811754481344 subm_end 1 0
1615477320284930 133811754481344 pump_beg 1 0
1615477325921783 133811746088640 emit_end 1242 0
1615477336976197 133811754481344 pump_end 1 2
1615477336977437 133811754481344 join_beg 1 0
1615477336977807 133811754481344 join_end 0 0
1615477338731823 133811754481344 coll_beg 0 0
1615477347101806 133811754481344 coll_end 0 0
1615477349907733 133811754481344 drain_beg 0 0
1615477349908283 133811754481344 drain_end 1 0
1615477349908543 133811754481344 subm_beg 1 0
1615477349931652 133811746088640 emit_beg 1243 0
1615477353321577 133811754481344 subm_end 1 0
1615477353322087 133811754481344 pump_beg 1 0
1615477358803426 133811746088640 emit_end 1243 0
1615477370725548 133811754481344 pump_end 1 2
1615477370726668 133811754481344 join_beg 1 0
1615477370727128 133811754481344 join_end 0 0
1615477372623159 133811754481344 coll_beg 0 0
1615477385086311 133811754481344 coll_end 0 0
1615477386866026 133811754481344 drain_beg 0 0
1615477386867486 133811754481344 drain_end 1 0
1615477386868326 133811754481344 subm_beg 1 0
1615477386885755 133811746088640 emit_beg 1244 0
1615477388673890 133811754481344 subm_end 1 0
1615477388674340 133811754481344 pump_beg 1 0
1615477394218226 133811746088640 emit_end 1244 0
1615477405828010 133811754481344 pump_end 1 2
1615477405829940 133811754481344 join_beg 1 0
1615477405830380 133811754481344 join_end 0 0
1615477407614674 133811754481344 coll_beg 0 0
1615477416874784 133811754481344 coll_end 0 0
1615477419854895 133811754481344 drain_beg 0 0
1615477419855615 133811754481344 drain_end 1 0
1615477419856065 133811754481344 subm_beg 1 0
1615477419868484 133811746088640 emit_beg 1245 0
1615477423270749 133811754481344 subm_end 1 0
1615477423271099 133811754481344 pump_beg 1 0
1615477428714830 133811746088640 emit_end 1245 0
1615477439267042 133811754481344 pump_end 1 2
1615477439267982 133811754481344 join_beg 1 0
1615477439268602 133811754481344 join_end 0 0
1615477441027578 133811754481344 coll_beg 0 0
1615477448513103 133811754481344 coll_end 0 0
1615477451984545 133811746088640 emit_beg 1246 0
1615477453703552 133811754481344 drain_beg 0 0
1615477453704142 133811754481344 drain_end 1 0
1615477453705002 133811754481344 subm_beg 1 0
1615477458819445 133811754481344 subm_end 1 0
1615477458819665 133811754481344 pump_beg 1 0
1615477460799092 133811746088640 emit_end 1246 0
1615477474365414 133811754481344 pump_end 1 2
1615477474366044 133811754481344 join_beg 1 0
1615477474366434 133811754481344 join_end 0 0
1615477476943549 133811754481344 coll_beg 0 0
1615477484245101 133811754481344 coll_end 0 0
1615477486605654 133811746088640 emit_beg 1247 0
1615477488306972 133811754481344 drain_beg 0 0
1615477488307512 133811754481344 drain_end 1 0
1615477488307792 133811754481344 subm_beg 1 0
1615477493490142 133811754481344 subm_end 1 0
1615477493490432 133811754481344 pump_beg 1 0
1615477497363180 133811746088640 emit_end 1247 0
1615477509580931 133811754481344 pump_end 1 2
1615477509582521 133811754481344 join_beg 1 0
1615477509591691 133811754481344 join_end 0 0
1615477511694454 133811754481344 coll_beg 0 0
1615477519670711 133811754481344 coll_end 0 0
1615477522663761 133811754481344 drain_beg 0 0
1615477522664441 133811754481344 drain_end 1 0
1615477522664681 133811754481344 subm_beg 1 0
1615477522689260 133811746088640 emit_beg 1248 0
1615477526031857 133811754481344 subm_end 1 0
1615477526032217 133811754481344 pump_beg 1 0
1615477531538885 133811746088640 emit_end 1248 0
1615477541898715 133811754481344 pump_end 1 2
1615477541902595 133811754481344 join_beg 1 0
1615477541903595 133811754481344 join_end 0 0
1615477543775436 133811754481344 coll_beg 0 0
1615477555699338 133811754481344 coll_end 0 0
1615477557399756 133811754481344 drain_beg 0 0
1615477557400576 133811754481344 drain_end 1 0
1615477557401126 133811754481344 subm_beg 1 0
1615477557423745 133811746088640 emit_beg 1249 0
1615477559056845 133811754481344 subm_end 1 0
1615477559057195 133811754481344 pump_beg 1 0
1615477566500972 133811746088640 emit_end 1249 0
1615477575455593 133811754481344 pump_end 1 2
1615477575456103 133811754481344 join_beg 1 0
1615477575456483 133811754481344 join_end 0 0
1615477577527077 133811754481344 coll_beg 0 0
1615477589788487 133811754481344 coll_end 0 0
1615477592109712 133811754481344 drain_beg 0 0
1615477592110932 133811754481344 drain_end 1 0
1615477592111722 133811754481344 subm_beg 1 0
1615477592132891 133811746088640 emit_beg 1250 0
1615477595481628 133811754481344 subm_end 1 0
1615477595482068 133811754481344 pump_beg 1 0
1615477600823362 133811746088640 emit_end 1250 0
1615477611061116 133811754481344 pump_end 1 2
1615477611061836 133811754481344 join_beg 1 0
1615477611062256 133811754481344 join_end 0 0
1615477612875099 133811754481344 coll_beg 0 0
1615477621550291 133811754481344 coll_end 0 0
1615477624272351 133811746088640 emit_beg 1251 0
1615477625947349 133811754481344 drain_beg 0 0
1615477625949449 133811754481344 drain_end 1 0
1615477625950109 133811754481344 subm_beg 1 0
1615477631390590 133811754481344 subm_end 1 0
1615477631391020 133811754481344 pump_beg 1 0
1615477635271167 133811746088640 emit_end 1251 0
1615477646532494 133811754481344 pump_end 1 2
1615477646534194 133811754481344 join_beg 1 0
1615477646535134 133811754481344 join_end 0 0
1615477648507871 133811754481344 coll_beg 0 0
1615477659317404 133811754481344 coll_end 0 0
1615477662228108 133811754481344 drain_beg 0 0
1615477662229608 133811754481344 drain_end 1 0
1615477662229808 133811746088640 emit_beg 1252 0
1615477662230707 133811754481344 subm_beg 1 0
1615477664045241 133811754481344 subm_end 1 0
1615477664045601 133811754481344 pump_beg 1 0
1615477669925375 133811746088640 emit_end 1252 0
1615477679856530 133811754481344 pump_end 1 2
1615477679857400 133811754481344 join_beg 1 0
1615477679858210 133811754481344 join_end 0 0
1615477681664054 133811754481344 coll_beg 0 0
1615477691464094 133811754481344 coll_end 0 0
1615477693437832 133811754481344 drain_beg 0 0
1615477693438482 133811754481344 drain_end 1 0
1615477693438792 133811754481344 subm_beg 1 0
1615477693463591 133811746088640 emit_beg 1253 0
1615477696977702 133811754481344 subm_end 1 0
1615477696978072 133811754481344 pump_beg 1 0
1615477702709042 133811746088640 emit_end 1253 0
1615477712773562 133811754481344 pump_end 1 2
1615477712774472 133811754481344 join_beg 1 0
1615477712775152 133811754481344 join_end 0 0
1615477714558677 133811754481344 coll_beg 0 0
1615477722772315 133811754481344 coll_end 0 0
1615477724576729 133811746088640 emit_beg 1254 0
1615477726327755 133811754481344 drain_beg 0 0
1615477726328284 133811754481344 drain_end 1 0
1615477726328734 133811754481344 subm_beg 1 0
1615477731747386 133811754481344 subm_end 1 0
1615477731747876 133811754481344 pump_beg 1 0
1615477733915956 133811746088640 emit_end 1254 0
1615477749464005 133811754481344 pump_end 1 2
1615477749468515 133811754481344 join_beg 1 0
1615477749469645 133811754481344 join_end 0 0
1615477752630329 133811754481344 coll_beg 0 0
1615477763285168 133811754481344 coll_end 0 0
1615477765132760 133811754481344 drain_beg 0 0
1615477765140930 133811754481344 drain_end 1 0
1615477765141540 133811754481344 subm_beg 1 0
1615477765157489 133811746088640 emit_beg 1255 0
1615477768670390 133811754481344 subm_end 1 0
1615477768671050 133811754481344 pump_beg 1 0
1615477774396810 133811746088640 emit_end 1255 0
1615477784385363 133811754481344 pump_end 1 2
1615477784386733 133811754481344 join_beg 1 0
1615477784387683 133811754481344 join_end 0 0
1615477787349354 133811754481344 coll_beg 0 0
1615477798086250 133811754481344 coll_end 0 0
1615477800024409 133811754481344 drain_beg 0 0
1615477800026249 133811754481344 drain_end 1 0
1615477800027349 133811754481344 subm_beg 1 0
1615477800046018 133811746088640 emit_beg 1256 0
1615477801922960 133811754481344 subm_end 1 0
1615477801924649 133811754481344 pump_beg 1 0
1615477807591481 133811746088640 emit_end 1256 0
1615477818470402 133811754481344 pump_end 1 2
1615477818474092 133811754481344 join_beg 1 0
1615477818475442 133811754481344 join_end 0 0
1615477821948404 133811754481344 coll_beg 0 0
1615477832396821 133811754481344 coll_end 0 0
1615477834330750 133811754481344 drain_beg 0 0
1615477834331440 133811754481344 drain_end 1 0
1615477834332240 133811754481344 subm_beg 1 0
1615477834355059 133811746088640 emit_beg 1257 0
1615477836140224 133811754481344 subm_end 1 0
1615477836140663 133811754481344 pump_beg 1 0
1615477844206257 133811746088640 emit_end 1257 0
1615477852788472 133811754481344 pump_end 1 2
1615477852789522 133811754481344 join_beg 1 0
1615477852790002 133811754481344 join_end 0 0
1615477854670573 133811754481344 coll_beg 0 0
1615477863086324 133811754481344 coll_end 0 0
1615477866616855 133811754481344 drain_beg 0 0
1615477866617485 133811754481344 drain_end 1 0
1615477866617815 133811754481344 subm_beg 1 0
1615477866625634 133811746088640 emit_beg 1258 0
1615477870230412 133811754481344 subm_end 1 0
1615477870231002 133811754481344 pump_beg 1 0
1615477876350937 133811746088640 emit_end 1258 0
1615477886501175 133811754481344 pump_end 1 2
1615477886502275 133811754481344 join_beg 1 0
1615477886503165 133811754481344 join_end 0 0
1615477888320398 133811754481344 coll_beg 0 0
1615477895972137 133811754481344 coll_end 0 0
1615477898711767 133811746088640 emit_beg 1259 0
1615477900488601 133811754481344 drain_beg 0 0
1615477900489381 133811754481344 drain_end 1 0
1615477900489691 133811754481344 subm_beg 1 0
1615477905803236 133811754481344 subm_end 1 0
1615477905803726 133811754481344 pump_beg 1 0
1615477907982646 133811746088640 emit_end 1259 0
1615477921160132 133811754481344 pump_end 1 2
1615477921162032 133811754481344 join_beg 1 0
1615477921162992 133811754481344 join_end 0 0
1615477924391714 133811754481344 coll_beg 0 0
1615477931622828 133811754481344 coll_end 0 0
1615477934127447 133811746088640 emit_beg 1260 0
1615477935922411 133811754481344 drain_beg 0 0
1615477935923111 133811754481344 drain_end 1 0
1615477935923611 133811754481344 subm_beg 1 0
1615477941275474 133811754481344 subm_end 1 0
1615477941275784 133811754481344 pump_beg 1 0
1615477943403946 133811746088640 emit_end 1260 0
1615477957448010 133811754481344 pump_end 1 2
1615477957449430 133811754481344 join_beg 1 0
1615477957450040 133811754481344 join_end 0 0
1615477961023629 133811754481344 coll_beg 0 0
1615477968124558 133811754481344 coll_end 0 0
1615477970768631 133811754481344 drain_beg 0 0
1615477970769281 133811754481344 drain_end 1 0
1615477970769551 133811754481344 subm_beg 1 0
1615477970772251 133811746088640 emit_beg 1261 0
1615477974367719 133811754481344 subm_end 1 0
1615477974368679 133811754481344 pump_beg 1 0
1615477980124478 133811746088640 emit_end 1261 0
1615477991109635 133811754481344 pump_end 1 2
1615477991111585 133811754481344 join_beg 1 0
1615477991112585 133811754481344 join_end 0 0
1615477992953967 133811754481344 coll_beg 0 0
1615478001589160 133811754481344 coll_end 0 0
1615478004870780 133811754481344 drain_beg 0 0
1615478004871520 133811754481344 drain_end 1 0
1615478004871869 133811754481344 subm_beg 1 0
1615478004897049 133811746088640 emit_beg 1262 0
1615478008491287 133811754481344 subm_end 1 0
1615478008491527 133811754481344 pump_beg 1 0
1615478014322563 133811746088640 emit_end 1262 0
1615478025611128 133811754481344 pump_end 1 2
1615478025612458 133811754481344 join_beg 1 0
1615478025613058 133811754481344 join_end 0 0
1615478027339565 133811754481344 coll_beg 0 0
1615478035918100 133811754481344 coll_end 0 0
1615478038347321 133811754481344 drain_beg 0 0
1615478038347841 133811754481344 drain_end 1 0
1615478038348441 133811754481344 subm_beg 1 0
1615478038372960 133811746088640 emit_beg 1263 0
1615478041833283 133811754481344 subm_end 1 0
1615478041833603 133811754481344 pump_beg 1 0
1615478047495615 133811746088640 emit_end 1263 0
1615478060187879 133811754481344 pump_end 1 2
1615478060189389 133811754481344 join_beg 1 0
1615478060190069 133811754481344 join_end 0 0
1615478063597484 133811754481344 coll_beg 0 0
1615478074339769 133811754481344 coll_end 0 0
1615478076225580 133811754481344 drain_beg 0 0
1615478076228960 133811754481344 drain_end 1 0
1615478076230420 133811754481344 subm_beg 1 0
1615478076243770 133811746088640 emit_beg 1264 0
1615478078127490 133811754481344 subm_end 1 0
1615478078127950 133811754481344 pump_beg 1 0
1615478085513749 133811746088640 emit_end 1264 0
1615478094037806 133811754481344 pump_end 1 2
1615478094038656 133811754481344 join_beg 1 0
1615478094039036 133811754481344 join_end 0 0
1615478096147529 133811754481344 coll_beg 0 0
1615478104257871 133811754481344 coll_end 0 0
1615478106123213 133811754481344 drain_beg 0 0
1615478106124223 133811754481344 drain_end 1 0
1615478106125073 133811754481344 subm_beg 1 0
1615478106126013 133811746088640 emit_beg 1265 0
1615478109521298 133811754481344 subm_end 1 0
1615478109521738 133811754481344 pump_beg 1 0
1615478114781415 133811746088640 emit_end 1265 0
1615478126031382 133811754481344 pump_end 1 2
1615478126032212 133811754481344 join_beg 1 0
1615478126032622 133811754481344 join_end 0 0
1615478127816576 133811754481344 coll_beg 0 0
1615478135811043 133811754481344 coll_end 0 0
1615478148376302 133811754481344 drain_beg 0 0
1615478148376972 133811754481344 drain_end 1 0
1615478148377812 133811754481344 subm_beg 1 0
1615478148400321 133811746088640 emit_beg 1266 0
1615478161363075 133811754481344 subm_end 1 0
1615478161363655 133811754481344 pump_beg 1 0
1615478178579923 133811754481344 pump_end 1 2
1615478178582203 133811754481344 join_beg 1 0
1615478179191050 133811746088640 emit_end 1266 0
1615478179219089 133811754481344 join_end 0 0
1615478191083654 133811754481344 coll_beg 0 0
1615478199591512 133811754481344 coll_end 0 0
1615478205941318 133811746088640 emit_beg 1267 0
1615478226496654 133811746088640 emit_end 1267 0
1615478256263421 133811754481344 drain_beg 0 0
1615478256266281 133811754481344 drain_end 1 0
1615478256266951 133811754481344 subm_beg 1 0
1615478260971348 133811754481344 subm_end 1 0
1615478260971738 133811754481344 pump_beg 1 0
1615478278176107 133811754481344 pump_end 1 2
1615478278186426 133811754481344 join_beg 1 0
1615478278189186 133811754481344 join_end 0 0
1615478281448097 133811754481344 coll_beg 0 0
1615478291860565 133811754481344 coll_end 0 0
1615478294888303 133811754481344 drain_beg 0 0
1615478294890293 133811754481344 drain_end 1 0
1615478294891873 133811754481344 subm_beg 1 0
1615478294908143 133811746088640 emit_beg 1268 0
1615478298243970 133811754481344 subm_end 1 0
1615478298244600 133811754481344 pump_beg 1 0
1615478307039867 133811746088640 emit_end 1268 0
1615478314969646 133811754481344 pump_end 1 2
1615478314970826 133811754481344 join_beg 1 0
1615478314971546 133811754481344 join_end 0 0
1615478317941667 133811754481344 coll_beg 0 0
1615478327213697 133811754481344 coll_end 0 0
1615478330553104 133811746088640 emit_beg 1269 0
1615478346814637 133811746088640 emit_end 1269 0
1615478378202125 133811754481344 drain_beg 0 0
1615478378208655 133811754481344 drain_end 1 0
1615478378210285 133811754481344 subm_beg 1 0
1615478384622009 133811754481344 subm_end 1 0
1615478384624059 133811754481344 pump_beg 1 0
1615478400973189 133811754481344 pump_end 1 2
1615478400989528 133811754481344 join_beg 1 0
1615478400992008 133811754481344 join_end 0 0
1615478404325436 133811754481344 coll_beg 0 0
1615478412295743 133811754481344 coll_end 0 0
1615478415824744 133811754481344 drain_beg 0 0
1615478415825524 133811754481344 drain_end 1 0
1615478415826314 133811754481344 subm_beg 1 0
1615478415847593 133811746088640 emit_beg 1270 0
1615478418871042 133811754481344 subm_end 1 0
1615478418871532 133811754481344 pump_beg 1 0
1615478431956112 133811746088640 emit_end 1270 0
1615478434997030 133811754481344 pump_end 1 2
1615478434997580 133811754481344 join_beg 1 0
1615478434997910 133811754481344 join_end 0 0
1615478437882524 133811754481344 coll_beg 0 0
1615478446952841 133811754481344 coll_end 0 0
1615478451684637 133811754481344 drain_beg 0 0
1615478451685827 133811754481344 drain_end 1 0
1615478451686687 133811754481344 subm_beg 1 0
1615478451705437 133811746088640 emit_beg 1271 0
1615478456608257 133811754481344 subm_end 1 0
1615478456608767 133811754481344 pump_beg 1 0
1615478467279735 133811746088640 emit_end 1271 0
1615478472966036 133811754481344 pump_end 1 2
1615478472966916 133811754481344 join_beg 1 0
1615478472967546 133811754481344 join_end 0 0
1615478475925918 133811754481344 coll_beg 0 0
1615478484861860 133811754481344 coll_end 0 0
1615478489367504 133811746088640 emit_beg 1272 0
1615478497465667 133811746088640 emit_end 1272 0
1615478529293349 133811754481344 drain_beg 0 0
1615478529296678 133811754481344 drain_end 1 0
1615478529297538 133811754481344 subm_beg 1 0
1615478535467242 133811754481344 subm_end 1 0
1615478535467942 133811754481344 pump_beg 1 0
1615478552006535 133811754481344 pump_end 1 2
1615478552013394 133811754481344 join_beg 1 0
1615478552015424 133811754481344 join_end 0 0
1615478555512036 133811754481344 coll_beg 0 0
1615478567802125 133811754481344 coll_end 0 0
1615478571115003 133811754481344 drain_beg 0 0
1615478571116193 133811754481344 drain_end 1 0
1615478571117113 133811754481344 subm_beg 1 0
1615478571143882 133811746088640 emit_beg 1273 0
1615478574762850 133811754481344 subm_end 1 0
1615478574763330 133811754481344 pump_beg 1 0
1615478586135812 133811746088640 emit_end 1273 0
1615478589904434 133811754481344 pump_end 1 2
1615478589906253 133811754481344 join_beg 1 0
1615478589907003 133811754481344 join_end 0 0
1615478593006070 133811754481344 coll_beg 0 0
1615478599736613 133811754481344 coll_end 0 0
1615478604607464 133811746088640 emit_beg 1274 0
1615478613326724 133811746088640 emit_end 1274 0
1615478634668240 133811754481344 drain_beg 0 0
1615478634671930 133811754481344 drain_end 1 0
1615478634673140 133811754481344 subm_beg 1 0
1615478638243649 133811754481344 subm_end 1 0
1615478638245699 133811754481344 pump_beg 1 0
1615478653867106 133811754481344 pump_end 1 2
1615478653871936 133811754481344 join_beg 1 0
1615478653873655 133811754481344 join_end 0 0
1615478656050576 133811754481344 coll_beg 0 0
1615478662768399 133811754481344 coll_end 0 0
1615478664951119 133811754481344 drain_beg 0 0
1615478664952279 133811754481344 drain_end 1 0
1615478664953069 133811754481344 subm_beg 1 0
1615478664954829 133811746088640 emit_beg 1275 0
1615478666807671 133811754481344 subm_end 1 0
1615478666808131 133811754481344 pump_beg 1 0
1615478672279670 133811746088640 emit_end 1275 0
1615478682378769 133811754481344 pump_end 1 2
1615478682381969 133811754481344 join_beg 1 0
1615478682384199 133811754481344 join_end 0 0
1615478684406025 133811754481344 coll_beg 0 0
1615478691732516 133811754481344 coll_end 0 0
1615478693493401 133811746088640 emit_beg 1276 0
1615478695238317 133811754481344 drain_beg 0 0
1615478695240177 133811754481344 drain_end 1 0
1615478695240837 133811754481344 subm_beg 1 0
1615478700440536 133811754481344 subm_end 1 0
1615478700441016 133811754481344 pump_beg 1 0
1615478702433243 133811746088640 emit_end 1276 0
1615478716615602 133811754481344 pump_end 1 2
1615478716618032 133811754481344 join_beg 1 0
1615478716619502 133811754481344 join_end 0 0
1615478719224056 133811754481344 coll_beg 0 0
1615478726774469 133811754481344 coll_end 0 0
1615478728727678 133811754481344 drain_beg 0 0
1615478728728597 133811754481344 drain_end 1 0
1615478728729267 133811754481344 subm_beg 1 0
1615478728732567 133811746088640 emit_beg 1277 0
1615478732293237 133811754481344 subm_end 1 0
1615478732293737 133811754481344 pump_beg 1 0
1615478737719158 133811746088640 emit_end 1277 0
1615478748283720 133811754481344 pump_end 1 2
1615478748284480 133811754481344 join_beg 1 0
1615478748285030 133811754481344 join_end 0 0
1615478750104013 133811754481344 coll_beg 0 0
1615478757857658 133811754481344 coll_end 0 0
1615478761278173 133811754481344 drain_beg 0 0
1615478761278823 133811754481344 drain_end 1 0
1615478761279363 133811754481344 subm_beg 1 0
1615478761287352 133811746088640 emit_beg 1278 0
1615478764703877 133811754481344 subm_end 1 0
1615478764704337 133811754481344 pump_beg 1 0
1615478770179726 133811746088640 emit_end 1278 0
1615478780689840 133811754481344 pump_end 1 2
1615478780690440 133811754481344 join_beg 1 0
1615478780691000 133811754481344 join_end 0 0
1615478782537642 133811754481344 coll_beg 0 0
1615478792497997 133811754481344 coll_end 0 0
1615478795769727 133811754481344 drain_beg 0 0
1615478795772487 133811754481344 drain_end 1 0
1615478795773916 133811754481344 subm_beg 1 0
1615478795775856 133811746088640 emit_beg 1279 0
1615478797641008 133811754481344 subm_end 1 0
1615478797641548 133811754481344 pump_beg 1 0
1615478803279421 133811746088640 emit_end 1279 0
1615478813905011 133811754481344 pump_end 1 2
1615478813905711 133811754481344 join_beg 1 0
1615478813906511 133811754481344 join_end 0 0
1615478815681866 133811754481344 coll_beg 0 0
1615478824140145 133811754481344 coll_end 0 0
1615478826825636 133811754481344 drain_beg 0 0
1615478826826156 133811754481344 drain_end 1 0
1615478826826626 133811754481344 subm_beg 1 0
1615478826834746 133811746088640 emit_beg 1280 0
1615478830302839 133811754481344 subm_end 1 0
1615478830303349 133811754481344 pump_beg 1 0
1615478835786858 133811746088640 emit_end 1280 0
1615478847889773 133811754481344 pump_end 1 2
1615478847890903 133811754481344 join_beg 1 0
1615478847891633 133811754481344 join_end 0 0
1615478851406584 133811754481344 coll_beg 0 0
1615478860580407 133811754481344 coll_end 0 0
1615478862616723 133811754481344 drain_beg 0 0
1615478862617473 133811754481344 drain_end 1 0
1615478862618023 133811754481344 subm_beg 1 0
1615478862640072 133811746088640 emit_beg 1281 0
1615478864484904 133811754481344 subm_end 1 0
1615478864485384 133811754481344 pump_beg 1 0
1615478870170015 133811746088640 emit_end 1281 0
1615478881694012 133811754481344 pump_end 1 2
1615478881695132 133811754481344 join_beg 1 0
1615478881695812 133811754481344 join_end 0 0
1615478883483757 133811754481344 coll_beg 0 0
1615478893204860 133811754481344 coll_end 0 0
1615478895274784 133811754481344 drain_beg 0 0
1615478895275424 133811754481344 drain_end 1 0
1615478895275804 133811754481344 subm_beg 1 0
1615478895298693 133811746088640 emit_beg 1282 0
1615478898854842 133811754481344 subm_end 1 0
1615478898855212 133811754481344 pump_beg 1 0
1615478904463986 133811746088640 emit_end 1282 0
1615478914965741 133811754481344 pump_end 1 2
1615478914967431 133811754481344 join_beg 1 0
1615478914968131 133811754481344 join_end 0 0
1615478916786094 133811754481344 coll_beg 0 0
1615478924988063 133811754481344 coll_end 0 0
1615478926811676 133811746088640 emit_beg 1283 0
1615478928529773 133811754481344 drain_beg 0 0
1615478928530353 133811754481344 drain_end 1 0
1615478928530773 133811754481344 subm_beg 1 0
1615478933651465 133811754481344 subm_end 1 0
1615478933651885 133811754481344 pump_beg 1 0
1615478935649832 133811746088640 emit_end 1283 0
1615478949084838 133811754481344 pump_end 1 2
1615478949085518 133811754481344 join_beg 1 0
1615478949086128 133811754481344 join_end 0 0
1615478951025397 133811754481344 coll_beg 0 0
1615478958444805 133811754481344 coll_end 0 0
1615478960504529 133811754481344 drain_beg 0 0
1615478960504919 133811754481344 drain_end 1 0
1615478960505219 133811754481344 subm_beg 1 0
1615478960508099 133811746088640 emit_beg 1284 0
1615478963955033 133811754481344 subm_end 1 0
1615478963955473 133811754481344 pump_beg 1 0
1615478969409502 133811746088640 emit_end 1284 0
1615478979567940 133811754481344 pump_end 1 2
1615478979570059 133811754481344 join_beg 1 0
1615478979570959 133811754481344 join_end 0 0
1615478981345324 133811754481344 coll_beg 0 0
1615478988468933 133811754481344 coll_end 0 0
1615478990908063 133811754481344 drain_beg 0 0
1615478990908453 133811754481344 drain_end 1 0
1615478990909033 133811754481344 subm_beg 1 0
1615478990913833 133811746088640 emit_beg 1285 0
1615478994531280 133811754481344 subm_end 1 0
1615478994531720 133811754481344 pump_beg 1 0
1615479000153494 133811746088640 emit_end 1285 0
1615479010188785 133811754481344 pump_end 1 2
1615479010190455 133811754481344 join_beg 1 0
1615479010191375 133811754481344 join_end 0 0
1615479011965250 133811754481344 coll_beg 0 0
1615479019173616 133811754481344 coll_end 0 0
1615479022290541 133811754481344 drain_beg 0 0
1615479022291091 133811754481344 drain_end 1 0
1615479022291591 133811754481344 subm_beg 1 0
1615479022317490 133811746088640 emit_beg 1286 0
1615479025730785 133811754481344 subm_end 1 0
1615479025731055 133811754481344 pump_beg 1 0
1615479031389617 133811746088640 emit_end 1286 0
1615479040707795 133811754481344 pump_end 1 2
1615479040708665 133811754481344 join_beg 1 0
1615479040709105 133811754481344 join_end 0 0
1615479042524728 133811754481344 coll_beg 0 0
1615479050022193 133811754481344 coll_end 0 0
1615479051886655 133811746088640 emit_beg 1287 0
1615479053564933 133811754481344 drain_beg 0 0
1615479053569833 133811754481344 drain_end 1 0
1615479053571303 133811754481344 subm_beg 1 0
1615479060504388 133811754481344 subm_end 1 0
1615479060507388 133811754481344 pump_beg 1 0
1615479062746136 133811746088640 emit_end 1287 0
1615479075775398 133811754481344 pump_end 1 2
1615479075778948 133811754481344 join_beg 1 0
1615479075780448 133811754481344 join_end 0 0
1615479079079557 133811754481344 coll_beg 0 0
1615479088952724 133811754481344 coll_end 0 0
1615479091121084 133811754481344 drain_beg 0 0
1615479091122114 133811754481344 drain_end 1 0
1615479091122644 133811754481344 subm_beg 1 0
1615479091125474 133811746088640 emit_beg 1288 0
1615479094592807 133811754481344 subm_end 1 0
1615479094594277 133811754481344 pump_beg 1 0
1615479100362745 133811746088640 emit_end 1288 0
1615479111897792 133811754481344 pump_end 1 2
1615479111900402 133811754481344 join_beg 1 0
1615479111901262 133811754481344 join_end 0 0
1615479113747714 133811754481344 coll_beg 0 0
1615479121199570 133811754481344 coll_end 0 0
1615479122955676 133811746088640 emit_beg 1289 0
1615479124654404 133811754481344 drain_beg 0 0
1615479124657013 133811754481344 drain_end 1 0
1615479124657883 133811754481344 subm_beg 1 0
1615479129748476 133811754481344 subm_end 1 0
1615479129749886 133811754481344 pump_beg 1 0
1615479131658676 133811746088640 emit_end 1289 0
1615479146028709 133811754481344 pump_end 1 2
1615479146030589 133811754481344 join_beg 1 0
1615479146031569 133811754481344 join_end 0 0
1615479149317828 133811754481344 coll_beg 0 0
1615479156521714 133811754481344 coll_end 0 0
1615479158817360 133811754481344 drain_beg 0 0
1615479158818029 133811754481344 drain_end 1 0
1615479158818769 133811754481344 subm_beg 1 0
1615479158827239 133811746088640 emit_beg 1290 0
1615479162170206 133811754481344 subm_end 1 0
1615479162170606 133811754481344 pump_beg 1 0
1615479167577448 133811746088640 emit_end 1290 0
1615479177747765 133811754481344 pump_end 1 2
1615479177748385 133811754481344 join_beg 1 0
1615479177748555 133811754481344 join_end 0 0
1615479179564708 133811754481344 coll_beg 0 0
1615479189478904 133811754481344 coll_end 0 0
1615479192188274 133811754481344 drain_beg 0 0
1615479192190864 133811754481344 drain_end 1 0
1615479192192124 133811754481344 subm_beg 1 0
1615479192204484 133811746088640 emit_beg 1291 0
1615479193998488 133811754481344 subm_end 1 0
1615479194005128 133811754481344 pump_beg 1 0
1615479199602902 133811746088640 emit_end 1291 0
1615479210170194 133811754481344 pump_end 1 2
1615479210171214 133811754481344 join_beg 1 0
1615479210172084 133811754481344 join_end 0 0
1615479211931660 133811754481344 coll_beg 0 0
1615479219292000 133811754481344 coll_end 0 0
1615479221029416 133811746088640 emit_beg 1292 0
1615479222763022 133811754481344 drain_beg 0 0
1615479222763502 133811754481344 drain_end 1 0
1615479222763732 133811754481344 subm_beg 1 0
1615479228025379 133811754481344 subm_end 1 0
1615479228025689 133811754481344 pump_beg 1 0
1615479229967138 133811746088640 emit_end 1292 0
1615479244974827 133811754481344 pump_end 1 2
1615479244976377 133811754481344 join_beg 1 0
1615479244976997 133811754481344 join_end 0 0
1615479247686567 133811754481344 coll_beg 0 0
1615479256385828 133811754481344 coll_end 0 0
1615479258177502 133811754481344 drain_beg 0 0
1615479258178052 133811754481344 drain_end 1 0
1615479258178552 133811754481344 subm_beg 1 0
1615479258202781 133811746088640 emit_beg 1293 0
1615479261603576 133811754481344 subm_end 1 0
1615479261603906 133811754481344 pump_beg 1 0
1615479267116964 133811746088640 emit_end 1293 0
1615479278442218 133811754481344 pump_end 1 2
1615479278443098 133811754481344 join_beg 1 0
1615479278443538 133811754481344 join_end 0 0
1615479280914687 133811754481344 coll_beg 0 0
1615479290250885 133811754481344 coll_end 0 0
1615479291987991 133811754481344 drain_beg 0 0
1615479291989861 133811754481344 drain_end 1 0
1615479291990631 133811754481344 subm_beg 1 0
1615479292009860 133811746088640 emit_beg 1294 0
1615479293746506 133811754481344 subm_end 1 0
1615479293746956 133811754481344 pump_beg 1 0
1615479301319678 133811746088640 emit_end 1294 0
1615479310823779 133811754481344 pump_end 1 2
1615479310824579 133811754481344 join_beg 1 0
1615479310825599 133811754481344 join_end 0 0
1615479312525347 133811754481344 coll_beg 0 0
1615479321804416 133811754481344 coll_end 0 0
1615479324209378 133811754481344 drain_beg 0 0
1615479324209958 133811754481344 drain_end 1 0
1615479324210318 133811754481344 subm_beg 1 0
1615479324238467 133811746088640 emit_beg 1295 0
1615479327568905 133811754481344 subm_end 1 0
1615479327569295 133811754481344 pump_beg 1 0
1615479333117371 133811746088640 emit_end 1295 0
1615479343518229 133811754481344 pump_end 1 2
1615479343518919 133811754481344 join_beg 1 0
1615479343519359 133811754481344 join_end 0 0
1615479345739878 133811754481344 coll_beg 0 0
1615479354916641 133811754481344 coll_end 0 0
1615479356901388 133811746088640 emit_beg 1296 0
1615479363977798 133811746088640 emit_end 1296 0
1615479385963121 133811754481344 drain_beg 0 0
1615479385967121 133811754481344 drain_end 1 0
1615479385968481 133811754481344 subm_beg 1 0
1615479391197759 133811754481344 subm_end 1 0
1615479391200219 133811754481344 pump_beg 1 0
1615479407298748 133811754481344 pump_end 1 2
1615479407302088 133811754481344 join_beg 1 0
1615479407303468 133811754481344 join_end 0 0
1615479409301584 133811754481344 coll_beg 0 0
1615479416561978 133811754481344 coll_end 0 0
1615479418563624 133811754481344 drain_beg 0 0
1615479418564174 133811754481344 drain_end 1 0
1615479418564744 133811754481344 subm_beg 1 0
1615479418592213 133811746088640 emit_beg 1297 0
1615479420381518 133811754481344 subm_end 1 0
1615479420381858 133811754481344 pump_beg 1 0
1615479425695083 133811746088640 emit_end 1297 0
1615479436594722 133811754481344 pump_end 1 2
1615479436596942 133811754481344 join_beg 1 0
1615479436597752 133811754481344 join_end 0 0
1615479438425745 133811754481344 coll_beg 0 0
1615479446238219 133811754481344 coll_end 0 0
1615479448761606 133811746088640 emit_beg 1298 0
1615479450429925 133811754481344 drain_beg 0 0
1615479450430555 133811754481344 drain_end 1 0
1615479450430925 133811754481344 subm_beg 1 0
1615479455618274 133811754481344 subm_end 1 0
1615479455621124 133811754481344 pump_beg 1 0
1615479457711687 133811746088640 emit_end 1298 0
1615479471696554 133811754481344 pump_end 1 2
1615479471698624 133811754481344 join_beg 1 0
1615479471699524 133811754481344 join_end 0 0
1615479474220761 133811754481344 coll_beg 0 0
1615479482276026 133811754481344 coll_end 0 0
1615479485770977 133811754481344 drain_beg 0 0
1615479485771477 133811754481344 drain_end 1 0
1615479485771937 133811754481344 subm_beg 1 0
1615479485775987 133811746088640 emit_beg 1299 0
1615479489427573 133811754481344 subm_end 1 0
1615479489427903 133811754481344 pump_beg 1 0
1615479494970580 133811746088640 emit_end 1299 0
1615479505322920 133811754481344 pump_end 1 2
1615479505324020 133811754481344 join_beg 1 0
1615479505324360 133811754481344 join_end 0 0
1615479507216940 133811754481344 coll_beg 0 0
1615479514934267 133811754481344 coll_end 0 0
1615479517525332 133811746088640 emit_beg 1300 0
1615479519242209 133811754481344 drain_beg 0 0
1615479519242839 133811754481344 drain_end 1 0
1615479519243399 133811754481344 subm_beg 1 0
1615479524433388 133811754481344 subm_end 1 0
1615479524433738 133811754481344 pump_beg 1 0
1615479526555760 133811746088640 emit_end 1300 0
1615479539853592 133811754481344 pump_end 1 2
1615479539854632 133811754481344 join_beg 1 0
1615479539855212 133811754481344 join_end 0 0
1615479542893080 133811754481344 coll_beg 0 0
1615479551035292 133811754481344 coll_end 0 0
1615479554128758 133811754481344 drain_beg 0 0
1615479554129488 133811754481344 drain_end 1 0
1615479554129758 133811754481344 subm_beg 1 0
1615479554156147 133811746088640 emit_beg 1301 0
1615479557506024 133811754481344 subm_end 1 0
1615479557506374 133811754481344 pump_beg 1 0
1615479563135507 133811746088640 emit_end 1301 0
1615479573272025 133811754481344 pump_end 1 2
1615479573273505 133811754481344 join_beg 1 0
1615479573273965 133811754481344 join_end 0 0
1615479575012741 133811754481344 coll_beg 0 0
1615479582571574 133811754481344 coll_end 0 0
1615479584915288 133811746088640 emit_beg 1302 0
1615479586637175 133811754481344 drain_beg 0 0
1615479586637605 133811754481344 drain_end 1 0
1615479586638015 133811754481344 subm_beg 1 0
1615479591964509 133811754481344 subm_end 1 0
1615479591964789 133811754481344 pump_beg 1 0
1615479597470757 133811746088640 emit_end 1302 0
1615479609391229 133811754481344 pump_end 1 2
1615479609393149 133811754481344 join_beg 1 0
1615479609394129 133811754481344 join_end 0 0
1615479611234962 133811754481344 coll_beg 0 0
1615479619824616 133811754481344 coll_end 0 0
1615479622567576 133811754481344 drain_beg 0 0
1615479622568636 133811754481344 drain_end 1 0
1615479622569386 133811754481344 subm_beg 1 0
1615479622590365 133811746088640 emit_beg 1303 0
1615479624305182 133811754481344 subm_end 1 0
1615479624305682 133811754481344 pump_beg 1 0
1615479629917076 133811746088640 emit_end 1303 0
1615479640618543 133811754481344 pump_end 1 2
1615479640619193 133811754481344 join_beg 1 0
1615479640619623 133811754481344 join_end 0 0
1615479642407117 133811754481344 coll_beg 0 0
1615479650831878 133811754481344 coll_end 0 0
1615479653656934 133811746088640 emit_beg 1304 0
1615479655374561 133811754481344 drain_beg 0 0
1615479655375401 133811754481344 drain_end 1 0
1615479655375821 133811754481344 subm_beg 1 0
1615479660616209 133811754481344 subm_end 1 0
1615479660616619 133811754481344 pump_beg 1 0
1615479662588787 133811746088640 emit_end 1304 0
1615479676496596 133811754481344 pump_end 1 2
1615479676497526 133811754481344 join_beg 1 0
1615479676498036 133811754481344 join_end 0 0
1615479679126159 133811754481344 coll_beg 0 0
1615479686878165 133811754481344 coll_end 0 0
1615479688770535 133811746088640 emit_beg 1305 0
1615479690461583 133811754481344 drain_beg 0 0
1615479690462073 133811754481344 drain_end 1 0
1615479690462563 133811754481344 subm_beg 1 0
1615479695758809 133811754481344 subm_end 1 0
1615479695759169 133811754481344 pump_beg 1 0
1615479701453560 133811746088640 emit_end 1305 0
1615479711765481 133811754481344 pump_end 1 2
1615479711766741 133811754481344 join_beg 1 0
1615479711767191 133811754481344 join_end 0 0
1615479713530896 133811754481344 coll_beg 0 0
1615479721626679 133811754481344 coll_end 0 0
1615479723359446 133811754481344 drain_beg 0 0
1615479723359916 133811754481344 drain_end 1 0
1615479723360206 133811754481344 subm_beg 1 0
1615479723382405 133811746088640 emit_beg 1306 0
1615479726778940 133811754481344 subm_end 1 0
1615479726779250 133811754481344 pump_beg 1 0
1615479732380635 133811746088640 emit_end 1306 0
1615479742841891 133811754481344 pump_end 1 2
1615479742842731 133811754481344 join_beg 1 0
1615479742843051 133811754481344 join_end 0 0
1615479744605996 133811754481344 coll_beg 0 0
1615479752947300 133811754481344 coll_end 0 0
1615479755801485 133811754481344 drain_beg 0 0
1615479755801925 133811754481344 drain_end 1 0
1615479755802215 133811754481344 subm_beg 1 0
1615479755825934 133811746088640 emit_beg 1307 0
1615479759266578 133811754481344 subm_end 1 0
1615479759266887 133811754481344 pump_beg 1 0
1615479764807454 133811746088640 emit_end 1307 0
1615479774637143 133811754481344 pump_end 1 2
1615479774639483 133811754481344 join_beg 1 0
1615479774640363 133811754481344 join_end 0 0
1615479776478666 133811754481344 coll_beg 0 0
1615479783892624 133811754481344 coll_end 0 0
1615479786011336 133811746088640 emit_beg 1308 0
1615479787715403 133811754481344 drain_beg 0 0
1615479787716053 133811754481344 drain_end 1 0
1615479787716433 133811754481344 subm_beg 1 0
1615479792958711 133811754481344 subm_end 1 0
1615479792959011 133811754481344 pump_beg 1 0
1615479794967677 133811746088640 emit_end 1308 0
1615479808357096 133811754481344 pump_end 1 2
1615479808357776 133811754481344 join_beg 1 0
1615479808358136 133811754481344 join_end 0 0
1615479811295888 133811754481344 coll_beg 0 0
1615479818729445 133811754481344 coll_end 0 0
1615479820974992 133811754481344 drain_beg 0 0
1615479820975602 133811754481344 drain_end 1 0
1615479820976122 133811754481344 subm_beg 1 0
1615479820986622 133811746088640 emit_beg 1309 0
1615479824668497 133811754481344 subm_end 1 0
1615479824668857 133811754481344 pump_beg 1 0
1615479830261421 133811746088640 emit_end 1309 0
1615479840433298 133811754481344 pump_end 1 2
1615479840434828 133811754481344 join_beg 1 0
1615479840435318 133811754481344 join_end 0 0
1615479842324879 133811754481344 coll_beg 0 0
1615479849581392 133811754481344 coll_end 0 0
1615479851345897 133811746088640 emit_beg 1310 0
1615479853080884 133811754481344 drain_beg 0 0
1615479853081524 133811754481344 drain_end 1 0
1615479853082004 133811754481344 subm_beg 1 0
1615479858363880 133811754481344 subm_end 1 0
1615479858364280 133811754481344 pump_beg 1 0
1615479860437104 133811746088640 emit_end 1310 0
1615479875302318 133811754481344 pump_end 1 2
1615479875303618 133811754481344 join_beg 1 0
1615479875304838 133811754481344 join_end 0 0
1615479878829288 133811754481344 coll_beg 0 0
1615479889157619 133811754481344 coll_end 0 0
1615479890995452 133811754481344 drain_beg 0 0
1615479890996842 133811754481344 drain_end 1 0
1615479890997522 133811754481344 subm_beg 1 0
1615479891000952 133811746088640 emit_beg 1311 0
1615479896180512 133811754481344 subm_end 1 0
1615479896180932 133811754481344 pump_beg 1 0
1615479899974672 133811746088640 emit_end 1311 0
1615479913408319 133811754481344 pump_end 1 2
1615479913410639 133811754481344 join_beg 1 0
1615479913411969 133811754481344 join_end 0 0
1615479915360438 133811754481344 coll_beg 0 0
1615479923859776 133811754481344 coll_end 0 0
1615479925588232 133811754481344 drain_beg 0 0
1615479925588692 133811754481344 drain_end 1 0
1615479925589002 133811754481344 subm_beg 1 0
1615479925618341 133811746088640 emit_beg 1312 0
1615479928955679 133811754481344 subm_end 1 0
1615479928956028 133811754481344 pump_beg 1 0
1615479932726780 133811746088640 emit_end 1312 0
1615479945459613 133811754481344 pump_end 1 2
1615479945459993 133811754481344 join_beg 1 0
1615479945460423 133811754481344 join_end 0 0
1615479947276336 133811754481344 coll_beg 0 0
1615479955712446 133811754481344 coll_end 0 0
1615479958337750 133811754481344 drain_beg 0 0
1615479958338390 133811754481344 drain_end 1 0
1615479958338700 133811754481344 subm_beg 1 0
1615479958363009 133811746088640 emit_beg 1313 0
1615479961740995 133811754481344 subm_end 1 0
1615479961741285 133811754481344 pump_beg 1 0
1615479967248173 133811746088640 emit_end 1313 0
1615479977986769 133811754481344 pump_end 1 2
1615479977988148 133811754481344 join_beg 1 0
1615479977989058 133811754481344 join_end 0 0
1615479979743564 133811754481344 coll_beg 0 0
1615479987675163 133811754481344 coll_end 0 0
1615479990723771 133811754481344 drain_beg 0 0
1615479990724231 133811754481344 drain_end 1 0
1615479990724591 133811754481344 subm_beg 1 0
1615479990726401 133811746088640 emit_beg 1314 0
1615479994067918 133811754481344 subm_end 1 0
1615479994068228 133811754481344 pump_beg 1 0
1615479999588286 133811746088640 emit_end 1314 0
1615480010911330 133811754481344 pump_end 1 2
1615480010913990 133811754481344 join_beg 1 0
1615480010915240 133811754481344 join_end 0 0
1615480012765492 133811754481344 coll_beg 0 0
1615480020763128 133811754481344 coll_end 0 0
1615480023719160 133811754481344 drain_beg 0 0
1615480023720060 133811754481344 drain_end 1 0
1615480023720580 133811754481344 subm_beg 1 0
1615480023747869 133811746088640 emit_beg 1315 0
1615480027308018 133811754481344 subm_end 1 0
1615480027308558 133811754481344 pump_beg 1 0
1615480032935171 133811746088640 emit_end 1315 0
1615480044056833 133811754481344 pump_end 1 2
1615480044058033 133811754481344 join_beg 1 0
1615480044058943 133811754481344 join_end 0 0
1615480045908595 133811754481344 coll_beg 0 0
1615480054288178 133811754481344 coll_end 0 0
1615480056772856 133811754481344 drain_beg 0 0
1615480056773676 133811754481344 drain_end 1 0
1615480056774406 133811754481344 subm_beg 1 0
1615480056776336 133811746088640 emit_beg 1316 0
1615480060117214 133811754481344 subm_end 1 0
1615480060117654 133811754481344 pump_beg 1 0
1615480065497656 133811746088640 emit_end 1316 0
1615480076810161 133811754481344 pump_end 1 2
1615480076810781 133811754481344 join_beg 1 0
1615480076811451 133811754481344 join_end 0 0
1615480078591335 133811754481344 coll_beg 0 0
1615480086646280 133811754481344 coll_end 0 0
1615480088377306 133811746088640 emit_beg 1317 0
1615480090160201 133811754481344 drain_beg 0 0
1615480090161521 133811754481344 drain_end 1 0
1615480090162141 133811754481344 subm_beg 1 0
1615480095163137 133811754481344 subm_end 1 0
1615480095163527 133811754481344 pump_beg 1 0
1615480097288909 133811746088640 emit_end 1317 0
1615480111521707 133811754481344 pump_end 1 2
1615480111522437 133811754481344 join_beg 1 0
1615480111523077 133811754481344 join_end 0 0
1615480113739855 133811754481344 coll_beg 0 0
1615480121905365 133811754481344 coll_end 0 0
1615480124750611 133811754481344 drain_beg 0 0
1615480124751781 133811754481344 drain_end 1 0
1615480124752491 133811754481344 subm_beg 1 0
1615480124779420 133811746088640 emit_beg 1318 0
1615480128247663 133811754481344 subm_end 1 0
1615480128248293 133811754481344 pump_beg 1 0
1615480133719222 133811746088640 emit_end 1318 0
1615480144543025 133811754481344 pump_end 1 2
1615480144544265 133811754481344 join_beg 1 0
1615480144544805 133811754481344 join_end 0 0
1615480146272041 133811754481344 coll_beg 0 0
1615480153628261 133811754481344 coll_end 0 0
1615480155329689 133811746088640 emit_beg 1319 0
1615480157062775 133811754481344 drain_beg 0 0
1615480157063515 133811754481344 drain_end 1 0
1615480157064045 133811754481344 subm_beg 1 0
1615480162198786 133811754481344 subm_end 1 0
1615480162199036 133811754481344 pump_beg 1 0
1615480164206623 133811746088640 emit_end 1319 0
1615480178628563 133811754481344 pump_end 1 2
1615480178632473 133811754481344 join_beg 1 0
1615480178633973 133811754481344 join_end 0 0
1615480181550346 133811754481344 coll_beg 0 0
1615480189302981 133811754481344 coll_end 0 0
1615480192598410 133811754481344 drain_beg 0 0
1615480192599290 133811754481344 drain_end 1 0
1615480192599810 133811754481344 subm_beg 1 0
1615480192617500 133811746088640 emit_beg 1320 0
1615480196030174 133811754481344 subm_end 1 0
1615480196030544 133811754481344 pump_beg 1 0
1615480201427376 133811746088640 emit_end 1320 0
1615480212605626 133811754481344 pump_end 1 2
1615480212607416 133811754481344 join_beg 1 0
1615480212608446 133811754481344 join_end 0 0
1615480214502686 133811754481344 coll_beg 0 0
1615480222325709 133811754481344 coll_end 0 0
1615480225739864 133811754481344 drain_beg 0 0
1615480225740344 133811754481344 drain_end 1 0
1615480225740614 133811754481344 subm_beg 1 0
1615480225746434 133811746088640 emit_beg 1321 0
1615480229160238 133811754481344 subm_end 1 0
1615480229160668 133811754481344 pump_beg 1 0
1615480234504902 133811746088640 emit_end 1321 0
1615480245588305 133811754481344 pump_end 1 2
1615480245589705 133811754481344 join_beg 1 0
1615480245590295 133811754481344 join_end 0 0
1615480247373630 133811754481344 coll_beg 0 0
1615480255392815 133811754481344 coll_end 0 0
1615480258376056 133811754481344 drain_beg 0 0
1615480258376676 133811754481344 drain_end 1 0
1615480258377096 133811754481344 subm_beg 1 0
1615480258401135 133811746088640 emit_beg 1322 0
1615480261665535 133811754481344 subm_end 1 0
1615480261665835 133811754481344 pump_beg 1 0
1615480267275859 133811746088640 emit_end 1322 0
1615480277699266 133811754481344 pump_end 1 2
1615480277701346 133811754481344 join_beg 1 0
1615480277702236 133811754481344 join_end 0 0
1615480279493051 133811754481344 coll_beg 0 0
1615480287132380 133811754481344 coll_end 0 0
1615480289519283 133811746088640 emit_beg 1323 0
1615480291308387 133811754481344 drain_beg 0 0
1615480291309067 133811754481344 drain_end 1 0
1615480291309627 133811754481344 subm_beg 1 0
1615480296478977 133811754481344 subm_end 1 0
1615480296479267 133811754481344 pump_beg 1 0
1615480298630678 133811746088640 emit_end 1323 0
1615480313021550 133811754481344 pump_end 1 2
1615480313022850 133811754481344 join_beg 1 0
1615480313023430 133811754481344 join_end 0 0
1615480314976588 133811754481344 coll_beg 0 0
1615480323264654 133811754481344 coll_end 0 0
1615480326169297 133811754481344 drain_beg 0 0
1615480326169827 133811754481344 drain_end 1 0
1615480326170117 133811754481344 subm_beg 1 0
1615480326192416 133811746088640 emit_beg 1324 0
1615480329691338 133811754481344 subm_end 1 0
1615480329691708 133811754481344 pump_beg 1 0
1615480335348850 133811746088640 emit_end 1324 0
1615480345628813 133811754481344 pump_end 1 2
1615480345630023 133811754481344 join_beg 1 0
1615480345630373 133811754481344 join_end 0 0
1615480347391768 133811754481344 coll_beg 0 0
1615480355285708 133811754481344 coll_end 0 0
1615480357312264 133811746088640 emit_beg 1325 0
1615480359012742 133811754481344 drain_beg 0 0
1615480359013281 133811754481344 drain_end 1 0
1615480359013511 133811754481344 subm_beg 1 0
1615480364361125 133811754481344 subm_end 1 0
1615480364361515 133811754481344 pump_beg 1 0
1615480368279141 133811746088640 emit_end 1325 0
1615480381251915 133811754481344 pump_end 1 2
1615480381254805 133811754481344 join_beg 1 0
1615480381256275 133811754481344 join_end 0 0
1615480383151335 133811754481344 coll_beg 0 0
1615480391613605 133811754481344 coll_end 0 0
1615480394670123 133811754481344 drain_beg 0 0
1615480394670883 133811754481344 drain_end 1 0
1615480394671213 133811754481344 subm_beg 1 0
1615480394676382 133811746088640 emit_beg 1326 0
1615480398121996 133811754481344 subm_end 1 0
1615480398122356 133811754481344 pump_beg 1 0
1615480403828876 133811746088640 emit_end 1326 0
1615480414107689 133811754481344 pump_end 1 2
1615480414108779 133811754481344 join_beg 1 0
1615480414109379 133811754481344 join_end 0 0
1615480415930912 133811754481344 coll_beg 0 0
1615480424460409 133811754481344 coll_end 0 0
1615480426354680 133811746088640 emit_beg 1327 0
1615480428071177 133811754481344 drain_beg 0 0
1615480428071697 133811754481344 drain_end 1 0
1615480428072007 133811754481344 subm_beg 1 0
1615480433390901 133811754481344 subm_end 1 0
1615480433391221 133811754481344 pump_beg 1 0
1615480437390414 133811746088640 emit_end 1327 0
1615480449759250 133811754481344 pump_end 1 2
1615480449763930 133811754481344 join_beg 1 0
1615480449765500 133811754481344 join_end 0 0
1615480451720878 133811754481344 coll_beg 0 0
1615480459904868 133811754481344 coll_end 0 0
1615480462940066 133811754481344 drain_beg 0 0
1615480462940766 133811754481344 drain_end 1 0
1615480462949676 133811754481344 subm_beg 1 0
1615480462963476 133811746088640 emit_beg 1328 0
1615480466400290 133811754481344 subm_end 1 0
1615480466400890 133811754481344 pump_beg 1 0
1615480471882108 133811746088640 emit_end 1328 0
1615480482071624 133811754481344 pump_end 1 2
1615480482073564 133811754481344 join_beg 1 0
1615480482074144 133811754481344 join_end 0 0
1615480484000313 133811754481344 coll_beg 0 0
1615480491114502 133811754481344 coll_end 0 0
1615480493671468 133811746088640 emit_beg 1329 0
1615480495445573 133811754481344 drain_beg 0 0
1615480495446813 133811754481344 drain_end 1 0
1615480495447623 133811754481344 subm_beg 1 0
1615480500832615 133811754481344 subm_end 1 0
1615480500833195 133811754481344 pump_beg 1 0
1615480502959087 133811746088640 emit_end 1329 0
1615480515641182 133811754481344 pump_end 1 2
1615480515642992 133811754481344 join_beg 1 0
1615480515644032 133811754481344 join_end 0 0
1615480517568001 133811754481344 coll_beg 0 0
1615480524923181 133811754481344 coll_end 0 0
1615480528071536 133811746088640 emit_beg 1330 0
1615480535385927 133811746088640 emit_end 1330 0
1615480554811774 133811754481344 drain_beg 0 0
1615480554812964 133811754481344 drain_end 1 0
1615480554813524 133811754481344 subm_beg 1 0
1615480558348074 133811754481344 subm_end 1 0
1615480558348454 133811754481344 pump_beg 1 0
1615480573934092 133811754481344 pump_end 1 2
1615480573935892 133811754481344 join_beg 1 0
1615480573937172 133811754481344 join_end 0 0
1615480576029425 133811754481344 coll_beg 0 0
1615480585227478 133811754481344 coll_end 0 0
1615480587522733 133811754481344 drain_beg 0 0
1615480587525903 133811754481344 drain_end 1 0
1615480587527503 133811754481344 subm_beg 1 0
1615480587528443 133811746088640 emit_beg 1331 0
1615480591316214 133811754481344 subm_end 1 0
1615480591316704 133811754481344 pump_beg 1 0
1615480596987796 133811746088640 emit_end 1331 0
1615480607268338 133811754481344 pump_end 1 2
1615480607269038 133811754481344 join_beg 1 0
1615480607269518 133811754481344 join_end 0 0
1615480609178978 133811754481344 coll_beg 0 0
1615480616046126 133811754481344 coll_end 0 0
1615480618554524 133811746088640 emit_beg 1332 0
1615480620243082 133811754481344 drain_beg 0 0
1615480620243572 133811754481344 drain_end 1 0
1615480620243932 133811754481344 subm_beg 1 0
1615480625720711 133811754481344 subm_end 1 0
1615480625721051 133811754481344 pump_beg 1 0
1615480629769792 133811746088640 emit_end 1332 0
1615480642057991 133811754481344 pump_end 1 2
1615480642058831 133811754481344 join_beg 1 0
1615480642059391 133811754481344 join_end 0 0
1615480643921443 133811754481344 coll_beg 0 0
1615480651558663 133811754481344 coll_end 0 0
1615480653392705 133811746088640 emit_beg 1333 0
1615480655168730 133811754481344 drain_beg 0 0
1615480655169310 133811754481344 drain_end 1 0
1615480655169830 133811754481344 subm_beg 1 0
1615480660550082 133811754481344 subm_end 1 0
1615480660550602 133811754481344 pump_beg 1 0
1615480662742032 133811746088640 emit_end 1333 0
1615480676398511 133811754481344 pump_end 1 2
1615480676399761 133811754481344 join_beg 1 0
1615480676400341 133811754481344 join_end 0 0
1615480678312740 133811754481344 coll_beg 0 0
1615480685817575 133811754481344 coll_end 0 0
1615480688033274 133811746088640 emit_beg 1334 0
1615480693379687 133811754481344 drain_beg 0 0
1615480693380867 133811754481344 drain_end 1 0
1615480693381657 133811754481344 subm_beg 1 0
1615480695353045 133811746088640 emit_end 1334 0
1615480698817528 133811754481344 subm_end 1 0
1615480698818178 133811754481344 pump_beg 1 0
1615480716086094 133811754481344 pump_end 1 2
1615480716088564 133811754481344 join_beg 1 0
1615480716089654 133811754481344 join_end 0 0
1615480718812364 133811754481344 coll_beg 0 0
1615480726802000 133811754481344 coll_end 0 0
1615480729766232 133811754481344 drain_beg 0 0
1615480729766812 133811754481344 drain_end 1 0
1615480729767442 133811754481344 subm_beg 1 0
1615480729796571 133811746088640 emit_beg 1335 0
1615480733241714 133811754481344 subm_end 1 0
1615480733242034 133811754481344 pump_beg 1 0
1615480738997103 133811746088640 emit_end 1335 0
1615480750210281 133811754481344 pump_end 1 2
1615480750211701 133811754481344 join_beg 1 0
1615480750212671 133811754481344 join_end 0 0
1615480752622283 133811754481344 coll_beg 0 0
1615480761148400 133811754481344 coll_end 0 0
1615480763750994 133811754481344 drain_beg 0 0
1615480763751554 133811754481344 drain_end 1 0
1615480763751894 133811754481344 subm_beg 1 0
1615480763776573 133811746088640 emit_beg 1336 0
1615480767129370 133811754481344 subm_end 1 0
1615480767129670 133811754481344 pump_beg 1 0
1615480772623088 133811746088640 emit_end 1336 0
1615480784821281 133811754481344 pump_end 1 2
1615480784823170 133811754481344 join_beg 1 0
1615480784824450 133811754481344 join_end 0 0
1615480788273704 133811754481344 coll_beg 0 0
1615480799179224 133811754481344 coll_end 0 0
1615480801020906 133811754481344 drain_beg 0 0
1615480801021926 133811754481344 drain_end 1 0
1615480801022676 133811754481344 subm_beg 1 0
1615480801051475 133811746088640 emit_beg 1337 0
1615480802733073 133811754481344 subm_end 1 0
1615480802733533 133811754481344 pump_beg 1 0
1615480810263897 133811746088640 emit_end 1337 0
1615480820556169 133811754481344 pump_end 1 2
1615480820558629 133811754481344 join_beg 1 0
1615480820559879 133811754481344 join_end 0 0
1615480822411161 133811754481344 coll_beg 0 0
1615480832655545 133811754481344 coll_end 0 0
1615480835310287 133811754481344 drain_beg 0 0
1615480835310927 133811754481344 drain_end 1 0
1615480835311267 133811754481344 subm_beg 1 0
1615480835335476 133811746088640 emit_beg 1338 0
1615480838735841 133811754481344 subm_end 1 0
1615480838736151 133811754481344 pump_beg 1 0
1615480844448302 133811746088640 emit_end 1338 0
1615480855555554 133811754481344 pump_end 1 2
1615480855556534 133811754481344 join_beg 1 0
1615480855557414 133811754481344 join_end 0 0
1615480857358668 133811754481344 coll_beg 0 0
1615480865506629 133811754481344 coll_end 0 0
1615480868507789 133811754481344 drain_beg 0 0
1615480868508339 133811754481344 drain_end 1 0
1615480868508779 133811754481344 subm_beg 1 0
1615480868518628 133811746088640 emit_beg 1339 0
1615480871950982 133811754481344 subm_end 1 0
1615480871951262 133811754481344 pump_beg 1 0
1615480875630207 133811746088640 emit_end 1339 0
1615480888077750 133811754481344 pump_end 1 2
1615480888079650 133811754481344 join_beg 1 0
1615480888081200 133811754481344 join_end 0 0
1615480889839676 133811754481344 coll_beg 0 0
1615480897371179 133811754481344 coll_end 0 0
1615480899101075 133811746088640 emit_beg 1340 0
1615480900775224 133811754481344 drain_beg 0 0
1615480900775974 133811754481344 drain_end 1 0
1615480900776454 133811754481344 subm_beg 1 0
1615480905866787 133811754481344 subm_end 1 0
1615480905867077 133811754481344 pump_beg 1 0
1615480908160933 133811746088640 emit_end 1340 0
1615480922152529 133811754481344 pump_end 1 2
1615480922154749 133811754481344 join_beg 1 0
1615480922155839 133811754481344 join_end 0 0
1615480924939367 133811754481344 coll_beg 0 0
1615480933591819 133811754481344 coll_end 0 0
1615480936111107 133811754481344 drain_beg 0 0
1615480936112377 133811754481344 drain_end 1 0
1615480936113137 133811754481344 subm_beg 1 0
1615480936137596 133811746088640 emit_beg 1341 0
1615480937807875 133811754481344 subm_end 1 0
1615480937808315 133811754481344 pump_beg 1 0
1615480944797468 133811746088640 emit_end 1341 0
1615480953376803 133811754481344 pump_end 1 2
1615480953379233 133811754481344 join_beg 1 0
1615480953380593 133811754481344 join_end 0 0
1615480955229815 133811754481344 coll_beg 0 0
1615480962331584 133811754481344 coll_end 0 0
1615480964071430 133811746088640 emit_beg 1342 0
1615480965760588 133811754481344 drain_beg 0 0
1615480965761198 133811754481344 drain_end 1 0
1615480965761678 133811754481344 subm_beg 1 0
1615480970852772 133811754481344 subm_end 1 0
1615480970853032 133811754481344 pump_beg 1 0
1615480972870028 133811746088640 emit_end 1342 0
1615480986347413 133811754481344 pump_end 1 2
1615480986349153 133811754481344 join_beg 1 0
1615480986349903 133811754481344 join_end 0 0
1615480989618983 133811754481344 coll_beg 0 0
1615480996598606 133811754481344 coll_end 0 0
1615480999013358 133811754481344 drain_beg 0 0
1615480999014358 133811754481344 drain_end 1 0
1615480999015108 133811754481344 subm_beg 1 0
1615480999036477 133811746088640 emit_beg 1343 0
1615481002378924 133811754481344 subm_end 1 0
1615481002379474 133811754481344 pump_beg 1 0
1615481007804025 133811746088640 emit_end 1343 0
1615481018043359 133811754481344 pump_end 1 2
1615481018044539 133811754481344 join_beg 1 0
1615481018045279 133811754481344 join_end 0 0
1615481019832584 133811754481344 coll_beg 0 0
1615481026664353 133811754481344 coll_end 0 0
1615481028367040 133811746088640 emit_beg 1344 0
1615481030039089 133811754481344 drain_beg 0 0
1615481030039599 133811754481344 drain_end 1 0
1615481030040049 133811754481344 subm_beg 1 0
1615481035089574 133811754481344 subm_end 1 0
1615481035090134 133811754481344 pump_beg 1 0
1615481037335491 133811746088640 emit_end 1344 0
1615481050793617 133811754481344 pump_end 1 2
1615481050794477 133811754481344 join_beg 1 0
1615481050795107 133811754481344 join_end 0 0
1615481052954938 133811754481344 coll_beg 0 0
1615481060870857 133811754481344 coll_end 0 0
1615481062802706 133811754481344 drain_beg 0 0
1615481062803576 133811754481344 drain_end 1 0
1615481062804006 133811754481344 subm_beg 1 0
1615481062812356 133811746088640 emit_beg 1345 0
1615481066219871 133811754481344 subm_end 1 0
1615481066220341 133811754481344 pump_beg 1 0
1615481071815215 133811746088640 emit_end 1345 0
1615481082284331 133811754481344 pump_end 1 2
1615481082285081 133811754481344 join_beg 1 0
1615481082286061 133811754481344 join_end 0 0
1615481084050476 133811754481344 coll_beg 0 0
1615481091181535 133811754481344 coll_end 0 0
1615481092900901 133811746088640 emit_beg 1346 0
1615481094694806 133811754481344 drain_beg 0 0
1615481094699995 133811754481344 drain_end 1 0
1615481094701635 133811754481344 subm_beg 1 0
1615481099919234 133811754481344 subm_end 1 0
1615481099920864 133811754481344 pump_beg 1 0
1615481102045046 133811746088640 emit_end 1346 0
1615481115958665 133811754481344 pump_end 1 2
1615481115960245 133811754481344 join_beg 1 0
1615481115961095 133811754481344 join_end 0 0
1615481118416925 133811754481344 coll_beg 0 0
1615481126031895 133811754481344 coll_end 0 0
1615481128200226 133811754481344 drain_beg 0 0
1615481128201136 133811754481344 drain_end 1 0
1615481128201816 133811754481344 subm_beg 1 0
1615481128220735 133811746088640 emit_beg 1347 0
1615481131892330 133811754481344 subm_end 1 0
1615481131892700 133811754481344 pump_beg 1 0
1615481137725076 133811746088640 emit_end 1347 0
1615481146995466 133811754481344 pump_end 1 2
1615481146996305 133811754481344 join_beg 1 0
1615481146996665 133811754481344 join_end 0 0
1615481148852847 133811754481344 coll_beg 0 0
1615481155921508 133811754481344 coll_end 0 0
1615481157922734 133811746088640 emit_beg 1348 0
1615481159727168 133811754481344 drain_beg 0 0
1615481159729158 133811754481344 drain_end 1 0
1615481159730148 133811754481344 subm_beg 1 0
1615481165032233 133811754481344 subm_end 1 0
1615481165033003 133811754481344 pump_beg 1 0
1615481167198664 133811746088640 emit_end 1348 0
1615481183142239 133811754481344 pump_end 1 2
1615481183143259 133811754481344 join_beg 1 0
1615481183143579 133811754481344 join_end 0 0
1615481184992141 133811754481344 coll_beg 0 0
1615481194657936 133811754481344 coll_end 0 0
1615481196595555 133811754481344 drain_beg 0 0
1615481196596525 133811754481344 drain_end 1 0
1615481196597275 133811754481344 subm_beg 1 0
1615481196617964 133811746088640 emit_beg 1349 0
1615481198398099 133811754481344 subm_end 1 0
1615481198398469 133811754481344 pump_beg 1 0
1615481204264353 133811746088640 emit_end 1349 0
1615481216285002 133811754481344 pump_end 1 2
1615481216285762 133811754481344 join_beg 1 0
1615481216286382 133811754481344 join_end 0 0
1615481218140144 133811754481344 coll_beg 0 0
1615481227629556 133811754481344 coll_end 0 0
1615481231110348 133811746088640 emit_beg 1350 0
1615481232859604 133811754481344 drain_beg 0 0
1615481232869603 133811754481344 drain_end 1 0
1615481232870213 133811754481344 subm_beg 1 0
1615481238177378 133811754481344 subm_end 1 0
1615481238177808 133811754481344 pump_beg 1 0
1615481240974496 133811746088640 emit_end 1350 0
1615481255383877 133811754481344 pump_end 1 2
1615481255385157 133811754481344 join_beg 1 0
1615481255385607 133811754481344 join_end 0 0
1615481257297777 133811754481344 coll_beg 0 0
1615481265570683 133811754481344 coll_end 0 0
1615481267893387 133811746088640 emit_beg 1351 0
1615481276645476 133811746088640 emit_end 1351 0
1615481297162123 133811754481344 drain_beg 0 0
1615481297164683 133811754481344 drain_end 1 0
1615481297166093 133811754481344 subm_beg 1 0
1615481302564835 133811754481344 subm_end 1 0
1615481302566605 133811754481344 pump_beg 1 0
1615481318530759 133811754481344 pump_end 1 2
1615481318532619 133811754481344 join_beg 1 0
1615481318533659 133811754481344 join_end 0 0
1615481320573784 133811754481344 coll_beg 0 0
1615481331162485 133811754481344 coll_end 0 0
1615481333229829 133811754481344 drain_beg 0 0
1615481333231159 133811754481344 drain_end 1 0
1615481333232089 133811754481344 subm_beg 1 0
1615481333239989 133811746088640 emit_beg 1352 0
1615481335162888 133811754481344 subm_end 1 0
1615481335163378 133811754481344 pump_beg 1 0
1615481341092950 133811746088640 emit_end 1352 0
1615481351523318 133811754481344 pump_end 1 2
1615481351525318 133811754481344 join_beg 1 0
1615481351526388 133811754481344 join_end 0 0
1615481353473186 133811754481344 coll_beg 0 0
1615481364187943 133811754481344 coll_end 0 0
1615481366735359 133811754481344 drain_beg 0 0
1615481366736039 133811754481344 drain_end 1 0
1615481366736799 133811754481344 subm_beg 1 0
1615481366739839 133811746088640 emit_beg 1353 0
1615481368548123 133811754481344 subm_end 1 0
1615481368548563 133811754481344 pump_beg 1 0
1615481374197905 133811746088640 emit_end 1353 0
1615481384786646 133811754481344 pump_end 1 2
1615481384789586 133811754481344 join_beg 1 0
1615481384790826 133811754481344 join_end 0 0
1615481386687067 133811754481344 coll_beg 0 0
1615481396545575 133811754481344 coll_end 0 0
1615481400041337 133811754481344 drain_beg 0 0
1615481400042816 133811754481344 drain_end 1 0
1615481400044846 133811754481344 subm_beg 1 0
1615481400041677 133811746088640 emit_beg 1354 0
1615481401871749 133811754481344 subm_end 1 0
1615481401872169 133811754481344 pump_beg 1 0
1615481407465744 133811746088640 emit_end 1354 0
1615481417985218 133811754481344 pump_end 1 2
1615481417987268 133811754481344 join_beg 1 0
1615481417988188 133811754481344 join_end 0 0
1615481419806141 133811754481344 coll_beg 0 0
1615481428094427 133811754481344 coll_end 0 0
1615481429907990 133811746088640 emit_beg 1355 0
1615481431854339 133811754481344 drain_beg 0 0
1615481431859219 133811754481344 drain_end 1 0
1615481431860789 133811754481344 subm_beg 1 0
1615481437240001 133811754481344 subm_end 1 0
1615481437242021 133811754481344 pump_beg 1 0
1615481439190399 133811746088640 emit_end 1355 0
1615481453089469 133811754481344 pump_end 1 2
1615481453091569 133811754481344 join_beg 1 0
1615481453093209 133811754481344 join_end 0 0
1615481455190102 133811754481344 coll_beg 0 0
1615481464550778 133811754481344 coll_end 0 0
1615481467640615 133811754481344 drain_beg 0 0
1615481467643115 133811754481344 drain_end 1 0
1615481467644725 133811754481344 subm_beg 1 0
1615481467659274 133811746088640 emit_beg 1356 0
1615481471236313 133811754481344 subm_end 1 0
1615481471237053 133811754481344 pump_beg 1 0
1615481476910985 133811746088640 emit_end 1356 0
1615481487025543 133811754481344 pump_end 1 2
1615481487026683 133811754481344 join_beg 1 0
1615481487027993 133811754481344 join_end 0 0
1615481488925934 133811754481344 coll_beg 0 0
1615481496149419 133811754481344 coll_end 0 0
1615481498245102 133811746088640 emit_beg 1357 0
1615481500102043 133811754481344 drain_beg 0 0
1615481500103323 133811754481344 drain_end 1 0
1615481500103883 133811754481344 subm_beg 1 0
1615481505466106 133811754481344 subm_end 1 0
1615481505473696 133811754481344 pump_beg 1 0
1615481507582159 133811746088640 emit_end 1357 0
1615481522349617 133811754481344 pump_end 1 2
1615481522351057 133811754481344 join_beg 1 0
1615481522351687 133811754481344 join_end 0 0
1615481524243347 133811754481344 coll_beg 0 0
1615481533268886 133811754481344 coll_end 0 0
1615481535775034 133811754481344 drain_beg 0 0
1615481535777814 133811754481344 drain_end 1 0
1615481535779224 133811754481344 subm_beg 1 0
1615481535781894 133811746088640 emit_beg 1358 0
1615481537619956 133811754481344 subm_end 1 0
1615481537620676 133811754481344 pump_beg 1 0
1615481543289818 133811746088640 emit_end 1358 0
1615481554378081 133811754481344 pump_end 1 2
1615481554379311 133811754481344 join_beg 1 0
1615481554380591 133811754481344 join_end 0 0
1615481556256242 133811754481344 coll_beg 0 0
1615481564592206 133811754481344 coll_end 0 0
1615481567173051 133811754481344 drain_beg 0 0
1615481567173731 133811754481344 drain_end 1 0
1615481567174401 133811754481344 subm_beg 1 0
1615481567176991 133811746088640 emit_beg 1359 0
1615481570471750 133811754481344 subm_end 1 0
1615481570472250 133811754481344 pump_beg 1 0
1615481575821044 133811746088640 emit_end 1359 0
1615481586758832 133811754481344 pump_end 1 2
1615481586760972 133811754481344 join_beg 1 0
1615481586762002 133811754481344 join_end 0 0
1615481588580415 133811754481344 coll_beg 0 0
1615481596301052 133811754481344 coll_end 0 0
1615481599598411 133811754481344 drain_beg 0 0
1615481599599201 133811754481344 drain_end 1 0
1615481599600161 133811754481344 subm_beg 1 0
1615481599602261 133811746088640 emit_beg 1360 0
1615481602963187 133811754481344 subm_end 1 0
1615481602963617 133811754481344 pump_beg 1 0
1615481608255063 133811746088640 emit_end 1360 0
1615481619577008 133811754481344 pump_end 1 2
1615481619578108 133811754481344 join_beg 1 0
1615481619578758 133811754481344 join_end 0 0
1615481621396911 133811754481344 coll_beg 0 0
1615481629330180 133811754481344 coll_end 0 0
1615481631085995 133811746088640 emit_beg 1361 0
1615481632832911 133811754481344 drain_beg 0 0
1615481632837521 133811754481344 drain_end 1 0
1615481632838951 133811754481344 subm_beg 1 0
1615481637924804 133811754481344 subm_end 1 0
1615481637926984 133811754481344 pump_beg 1 0
1615481639911991 133811746088640 emit_end 1361 0
1615481654836963 133811754481344 pump_end 1 2
1615481654841343 133811754481344 join_beg 1 0
1615481654842283 133811754481344 join_end 0 0
1615481657658510 133811754481344 coll_beg 0 0
1615481666806394 133811754481344 coll_end 0 0
1615481668816840 133811754481344 drain_beg 0 0
1615481668817710 133811754481344 drain_end 1 0
1615481668818570 133811754481344 subm_beg 1 0
1615481668822730 133811746088640 emit_beg 1362 0
1615481672312732 133811754481344 subm_end 1 0
1615481672313612 133811754481344 pump_beg 1 0
1615481677913206 133811746088640 emit_end 1362 0
1615481688508147 133811754481344 pump_end 1 2
1615481688509157 133811754481344 join_beg 1 0
1615481688509877 133811754481344 join_end 0 0
1615481690397868 133811754481344 coll_beg 0 0
1615481698033468 133811754481344 coll_end 0 0
1615481701429703 133811746088640 emit_beg 1363 0
1615481703173019 133811754481344 drain_beg 0 0
1615481703175229 133811754481344 drain_end 1 0
1615481703176499 133811754481344 subm_beg 1 0
1615481708357649 133811754481344 subm_end 1 0
1615481708359738 133811754481344 pump_beg 1 0
1615481710340256 133811746088640 emit_end 1363 0
1615481724590763 133811754481344 pump_end 1 2
1615481724592383 133811754481344 join_beg 1 0
1615481724592933 133811754481344 join_end 0 0
1615481727520895 133811754481344 coll_beg 0 0
1615481735784802 133811754481344 coll_end 0 0
1615481738582209 133811754481344 drain_beg 0 0
1615481738585049 133811754481344 drain_end 1 0
1615481738585589 133811746088640 emit_beg 1364 0
1615481738586569 133811754481344 subm_beg 1 0
1615481743640093 133811754481344 subm_end 1 0
1615481743640763 133811754481344 pump_beg 1 0
1615481747324078 133811746088640 emit_end 1364 0
1615481759549879 133811754481344 pump_end 1 2
1615481759550869 133811754481344 join_beg 1 0
1615481759559269 133811754481344 join_end 0 0
1615481761328114 133811754481344 coll_beg 0 0
1615481768655375 133811754481344 coll_end 0 0
1615481770402681 133811746088640 emit_beg 1365 0
1615481772128388 133811754481344 drain_beg 0 0
1615481772130208 133811754481344 drain_end 1 0
1615481772130858 133811754481344 subm_beg 1 0
1615481777194452 133811754481344 subm_end 1 0
1615481777194882 133811754481344 pump_beg 1 0
1615481779168009 133811746088640 emit_end 1365 0
1615481793954346 133811754481344 pump_end 1 2
1615481793955846 133811754481344 join_beg 1 0
1615481793956466 133811754481344 join_end 0 0
1615481796264782 133811754481344 coll_beg 0 0
1615481804284817 133811754481344 coll_end 0 0
1615481807391353 133811754481344 drain_beg 0 0
1615481807392253 133811754481344 drain_end 1 0
1615481807392953 133811754481344 subm_beg 1 0
1615481807398173 133811746088640 emit_beg 1366 0
1615481812999267 133811754481344 subm_end 1 0
1615481813000187 133811754481344 pump_beg 1 0
1615481818534214 133811746088640 emit_end 1366 0
1615481830492255 133811754481344 pump_end 1 2
1615481830493365 133811754481344 join_beg 1 0
1615481830493925 133811754481344 join_end 0 0
1615481832380936 133811754481344 coll_beg 0 0
1615481841218131 133811754481344 coll_end 0 0
1615481843481308 133811754481344 drain_beg 0 0
1615481843482038 133811754481344 drain_end 1 0
1615481843482728 133811754481344 subm_beg 1 0
1615481843508797 133811746088640 emit_beg 1367 0
1615481847025598 133811754481344 subm_end 1 0
1615481847026038 133811754481344 pump_beg 1 0
1615481852526276 133811746088640 emit_end 1367 0
1615481864233897 133811754481344 pump_end 1 2
1615481864235206 133811754481344 join_beg 1 0
1615481864235866 133811754481344 join_end 0 0
1615481866061339 133811754481344 coll_beg 0 0
1615481874501600 133811754481344 coll_end 0 0
1615481877784909 133811754481344 drain_beg 0 0
1615481877787229 133811754481344 drain_end 1 0
1615481877787899 133811754481344 subm_beg 1 0
1615481877787859 133811746088640 emit_beg 1368 0
1615481881223693 133811754481344 subm_end 1 0
1615481881225063 133811754481344 pump_beg 1 0
1615481886805428 133811746088640 emit_end 1368 0
1615481897887041 133811754481344 pump_end 1 2
1615481897889741 133811754481344 join_beg 1 0
1615481897890471 133811754481344 join_end 0 0
1615481899749823 133811754481344 coll_beg 0 0
1615481908065327 133811754481344 coll_end 0 0
1615481910746349 133811754481344 drain_beg 0 0
1615481910747299 133811754481344 drain_end 1 0
1615481910747679 133811754481344 subm_beg 1 0
1615481910750779 133811746088640 emit_beg 1369 0
1615481914141425 133811754481344 subm_end 1 0
1615481914141775 133811754481344 pump_beg 1 0
1615481919683531 133811746088640 emit_end 1369 0
1615481930326040 133811754481344 pump_end 1 2
1615481930330280 133811754481344 join_beg 1 0
1615481930331210 133811754481344 join_end 0 0
1615481932195522 133811754481344 coll_beg 0 0
1615481941310237 133811754481344 coll_end 0 0
1615481943186388 133811754481344 drain_beg 0 0
1615481943186968 133811754481344 drain_end 1 0
1615481943187318 133811754481344 subm_beg 1 0
1615481943189968 133811746088640 emit_beg 1370 0
1615481946587693 133811754481344 subm_end 1 0
1615481946588063 133811754481344 pump_beg 1 0
1615481952062072 133811746088640 emit_end 1370 0
1615481964530795 133811754481344 pump_end 1 2
1615481964540484 133811754481344 join_beg 1 0
1615481964542994 133811754481344 join_end 0 0
1615481967778625 133811754481344 coll_beg 0 0
1615481976973178 133811754481344 coll_end 0 0
1615481979618311 133811754481344 drain_beg 0 0
1615481979619281 133811754481344 drain_end 1 0
1615481979620091 133811754481344 subm_beg 1 0
1615481979621181 133811746088640 emit_beg 1371 0
1615481981504712 133811754481344 subm_end 1 0
1615481981505222 133811754481344 pump_beg 1 0
1615481987327758 133811746088640 emit_end 1371 0
1615481997910799 133811754481344 pump_end 1 2
1615481997917429 133811754481344 join_beg 1 0
1615481997919989 133811754481344 join_end 0 0
1615481999869558 133811754481344 coll_beg 0 0
1615482009132747 133811754481344 coll_end 0 0
1615482012076499 133811754481344 drain_beg 0 0
1615482012083719 133811754481344 drain_end 1 0
1615482012084199 133811754481344 subm_beg 1 0
1615482012078839 133811746088640 emit_beg 1372 0
1615482015623249 133811754481344 subm_end 1 0
1615482015623439 133811754481344 pump_beg 1 0
1615482021249163 133811746088640 emit_end 1372 0
1615482031937540 133811754481344 pump_end 1 2
1615482031946700 133811754481344 join_beg 1 0
1615482031949500 133811754481344 join_end 0 0
1615482033971576 133811754481344 coll_beg 0 0
1615482042418576 133811754481344 coll_end 0 0
1615482044281047 133811746088640 emit_beg 1373 0
1615482046034913 133811754481344 drain_beg 0 0
1615482046036193 133811754481344 drain_end 1 0
1615482046036753 133811754481344 subm_beg 1 0
1615482051331218 133811754481344 subm_end 1 0
1615482051332258 133811754481344 pump_beg 1 0
1615482053565826 133811746088640 emit_end 1373 0
1615482067725837 133811754481344 pump_end 1 2
1615482067731726 133811754481344 join_beg 1 0
1615482067733066 133811754481344 join_end 0 0
1615482069930956 133811754481344 coll_beg 0 0
1615482077344224 133811754481344 coll_end 0 0
1615482079610320 133811754481344 drain_beg 0 0
1615482079611290 133811754481344 drain_end 1 0
1615482079612100 133811754481344 subm_beg 1 0
1615482079635339 133811746088640 emit_beg 1374 0
1615482083203088 133811754481344 subm_end 1 0
1615482083203498 133811754481344 pump_beg 1 0
1615482088942488 133811746088640 emit_end 1374 0
1615482099877136 133811754481344 pump_end 1 2
1615482099881086 133811754481344 join_beg 1 0
1615482099882406 133811754481344 join_end 0 0
1615482103384728 133811754481344 coll_beg 0 0
1615482111108254 133811754481344 coll_end 0 0
1615482113631041 133811754481344 drain_beg 0 0
1615482113631891 133811754481344 drain_end 1 0
1615482113632571 133811754481344 subm_beg 1 0
1615482113652471 133811746088640 emit_beg 1375 0
1615482117156502 133811754481344 subm_end 1 0
1615482117156912 133811754481344 pump_beg 1 0
1615482122927930 133811746088640 emit_end 1375 0
1615482134195287 133811754481344 pump_end 1 2
1615482134197567 133811754481344 join_beg 1 0
1615482134198587 133811754481344 join_end 0 0
1615482137746066 133811754481344 coll_beg 0 0
1615482145546340 133811754481344 coll_end 0 0
1615482147488959 133811754481344 drain_beg 0 0
1615482147490048 133811754481344 drain_end 1 0
1615482147490648 133811754481344 subm_beg 1 0
1615482147510938 133811746088640 emit_beg 1376 0
1615482151147964 133811754481344 subm_end 1 0
1615482151148494 133811754481344 pump_beg 1 0
1615482156778988 133811746088640 emit_end 1376 0
1615482168820955 133811754481344 pump_end 1 2
1615482168821975 133811754481344 join_beg 1 0
1615482168822595 133811754481344 join_end 0 0
1615482170677407 133811754481344 coll_beg 0 0
1615482178679784 133811754481344 coll_end 0 0
1615482182254192 133811754481344 drain_beg 0 0
1615482182254662 133811754481344 drain_end 1 0
1615482182255252 133811754481344 subm_beg 1 0
1615482182276782 133811746088640 emit_beg 1377 0
1615482185805152 133811754481344 subm_end 1 0
1615482185805582 133811754481344 pump_beg 1 0
1615482191411776 133811746088640 emit_end 1377 0
1615482202134973 133811754481344 pump_end 1 2
1615482202135663 133811754481344 join_beg 1 0
1615482202136053 133811754481344 join_end 0 0
1615482203910277 133811754481344 coll_beg 0 0
1615482213568653 133811754481344 coll_end 0 0
1615482216693828 133811754481344 drain_beg 0 0
1615482216697148 133811754481344 drain_end 1 0
1615482216698938 133811754481344 subm_beg 1 0
1615482216711628 133811746088640 emit_beg 1378 0
1615482220262527 133811754481344 subm_end 1 0
1615482220263397 133811754481344 pump_beg 1 0
1615482225937809 133811746088640 emit_end 1378 0
1615482237177686 133811754481344 pump_end 1 2
1615482237180246 133811754481344 join_beg 1 0
1615482237181476 133811754481344 join_end 0 0
1615482239143424 133811754481344 coll_beg 0 0
1615482250200458 133811754481344 coll_end 0 0
1615482252593720 133811754481344 drain_beg 0 0
1615482252594590 133811754481344 drain_end 1 0
1615482252595580 133811754481344 subm_beg 1 0
1615482252595980 133811746088640 emit_beg 1379 0
1615482254325667 133811754481344 subm_end 1 0
1615482254333726 133811754481344 pump_beg 1 0
1615482260122044 133811746088640 emit_end 1379 0
1615482271108341 133811754481344 pump_end 1 2
1615482271109271 133811754481344 join_beg 1 0
1615482271110020 133811754481344 join_end 0 0
1615482272980282 133811754481344 coll_beg 0 0
1615482284731781 133811754481344 coll_end 0 0
1615482288042729 133811754481344 drain_beg 0 0
1615482288045279 133811754481344 drain_end 1 0
1615482288046049 133811746088640 emit_beg 1380 0
1615482288046549 133811754481344 subm_beg 1 0
1615482293446431 133811754481344 subm_end 1 0
1615482293447160 133811754481344 pump_beg 1 0
1615482297313919 133811746088640 emit_end 1380 0
1615482311066144 133811754481344 pump_end 1 2
1615482311067434 133811754481344 join_beg 1 0
1615482311068154 133811754481344 join_end 0 0
1615482313085560 133811754481344 coll_beg 0 0
1615482323504167 133811754481344 coll_end 0 0
1615482326579144 133811746088640 emit_beg 1381 0
1615482326579744 133811754481344 drain_beg 0 0
1615482326583144 133811754481344 drain_end 1 0
1615482326584764 133811754481344 subm_beg 1 0
1615482330160223 133811754481344 subm_end 1 0
1615482330160693 133811754481344 pump_beg 1 0
1615482334154996 133811746088640 emit_end 1381 0
1615482347229856 133811754481344 pump_end 1 2
1615482347232226 133811754481344 join_beg 1 0
1615482347233006 133811754481344 join_end 0 0
1615482351530538 133811754481344 coll_beg 0 0
1615482359752667 133811754481344 coll_end 0 0
1615482364476433 133811754481344 drain_beg 0 0
1615482364477603 133811754481344 drain_end 1 0
1615482364478293 133811754481344 subm_beg 1 0
1615482364507152 133811746088640 emit_beg 1382 0
1615482366443731 133811754481344 subm_end 1 0
1615482366444031 133811754481344 pump_beg 1 0
1615482372369293 133811746088640 emit_end 1382 0
1615482382139925 133811754481344 pump_end 1 2
1615482382141995 133811754481344 join_beg 1 0
1615482382143115 133811754481344 join_end 0 0
1615482385371356 133811754481344 coll_beg 0 0
1615482392764405 133811754481344 coll_end 0 0
1615482395666458 133811746088640 emit_beg 1383 0
1615482402814876 133811746088640 emit_end 1383 0
1615482421173532 133811754481344 drain_beg 0 0
1615482421176802 133811754481344 drain_end 1 0
1615482421177782 133811754481344 subm_beg 1 0
1615482424574237 133811754481344 subm_end 1 0
1615482424575217 133811754481344 pump_beg 1 0
1615482440510912 133811754481344 pump_end 1 2
1615482440515232 133811754481344 join_beg 1 0
1615482440516942 133811754481344 join_end 0 0
1615482442610905 133811754481344 coll_beg 0 0
1615482452263481 133811754481344 coll_end 0 0
1615482454325385 133811754481344 drain_beg 0 0
1615482454327385 133811754481344 drain_end 1 0
1615482454328435 133811754481344 subm_beg 1 0
1615482454660343 133811746088640 emit_beg 1384 0
1615482456121939 133811754481344 subm_end 1 0
1615482456122619 133811754481344 pump_beg 1 0
1615482463679582 133811746088640 emit_end 1384 0
1615482474233264 133811754481344 pump_end 1 2
1615482474237374 133811754481344 join_beg 1 0
1615482474238904 133811754481344 join_end 0 0
1615482477716156 133811754481344 coll_beg 0 0
1615482485116515 133811754481344 coll_end 0 0
1615482487095312 133811754481344 drain_beg 0 0
1615482487095872 133811754481344 drain_end 1 0
1615482487096292 133811754481344 subm_beg 1 0
1615482487117411 133811746088640 emit_beg 1385 0
1615482490474928 133811754481344 subm_end 1 0
1615482490475278 133811754481344 pump_beg 1 0
1615482495946287 133811746088640 emit_end 1385 0
1615482506565837 133811754481344 pump_end 1 2
1615482506566747 133811754481344 join_beg 1 0
1615482506567227 133811754481344 join_end 0 0
1615482508476057 133811754481344 coll_beg 0 0
1615482515712841 133811754481344 coll_end 0 0
1615482517525815 133811746088640 emit_beg 1386 0
1615482519213663 133811754481344 drain_beg 0 0
1615482519214153 133811754481344 drain_end 1 0
1615482519214363 133811754481344 subm_beg 1 0
1615482524437811 133811754481344 subm_end 1 0
1615482524438121 133811754481344 pump_beg 1 0
1615482526595692 133811746088640 emit_end 1386 0
1615482540826430 133811754481344 pump_end 1 2
1615482540833999 133811754481344 join_beg 1 0
1615482540834489 133811754481344 join_end 0 0
1615482544306222 133811754481344 coll_beg 0 0
1615482551816656 133811754481344 coll_end 0 0
1615482553739645 133811754481344 drain_beg 0 0
1615482553740615 133811754481344 drain_end 1 0
1615482553741115 133811754481344 subm_beg 1 0
1615482553769724 133811746088640 emit_beg 1387 0
1615482557191319 133811754481344 subm_end 1 0
1615482557191769 133811754481344 pump_beg 1 0
1615482561105425 133811746088640 emit_end 1387 0
1615482573365335 133811754481344 pump_end 1 2
1615482573366185 133811754481344 join_beg 1 0
1615482573366735 133811754481344 join_end 0 0
1615482575150380 133811754481344 coll_beg 0 0
1615482582699912 133811754481344 coll_end 0 0
1615482585389824 133811746088640 emit_beg 1388 0
1615482587056462 133811754481344 drain_beg 0 0
1615482587057112 133811754481344 drain_end 1 0
1615482587057742 133811754481344 subm_beg 1 0
1615482592249872 133811754481344 subm_end 1 0
1615482592250222 133811754481344 pump_beg 1 0
1615482594175581 133811746088640 emit_end 1388 0
1615482609204249 133811754481344 pump_end 1 2
1615482609205829 133811754481344 join_beg 1 0
1615482609206699 133811754481344 join_end 0 0
1615482612237108 133811754481344 coll_beg 0 0
1615482620622460 133811754481344 coll_end 0 0
1615482623237464 133811754481344 drain_beg 0 0
1615482623238004 133811754481344 drain_end 1 0
1615482623238464 133811754481344 subm_beg 1 0
1615482623264683 133811746088640 emit_beg 1389 0
1615482626670718 133811754481344 subm_end 1 0
1615482626671168 133811754481344 pump_beg 1 0
1615482632269683 133811746088640 emit_end 1389 0
1615482642879653 133811754481344 pump_end 1 2
1615482642880623 133811754481344 join_beg 1 0
1615482642881023 133811754481344 join_end 0 0
1615482644614290 133811754481344 coll_beg 0 0
1615482652335816 133811754481344 coll_end 0 0
1615482655596116 133811754481344 drain_beg 0 0
1615482655596506 133811754481344 drain_end 1 0
1615482655597056 133811754481344 subm_beg 1 0
1615482655603406 133811746088640 emit_beg 1390 0
1615482658987072 133811754481344 subm_end 1 0
1615482658987372 133811754481344 pump_beg 1 0
1615482664306597 133811746088640 emit_end 1390 0
1615482676046776 133811754481344 pump_end 1 2
1615482676047546 133811754481344 join_beg 1 0
1615482676048076 133811754481344 join_end 0 0
1615482677744474 133811754481344 coll_beg 0 0
1615482688619294 133811754481344 coll_end 0 0
1615482690419468 133811754481344 drain_beg 0 0
1615482690420268 133811754481344 drain_end 1 0
1615482690420898 133811754481344 subm_beg 1 0
1615482690428058 133811746088640 emit_beg 1391 0
1615482693726287 133811754481344 subm_end 1 0
1615482693726927 133811754481344 pump_beg 1 0
1615482699330541 133811746088640 emit_end 1391 0
1615482710966744 133811754481344 pump_end 1 2
1615482710967404 133811754481344 join_beg 1 0
1615482710967774 133811754481344 join_end 0 0
1615482712753028 133811754481344 coll_beg 0 0
1615482723012632 133811754481344 coll_end 0 0
1615482725639765 133811746088640 emit_beg 1392 0
1615482725641335 133811754481344 drain_beg 0 0
1615482725642605 133811754481344 drain_end 1 0
1615482725643555 133811754481344 subm_beg 1 0
1615482729056100 133811754481344 subm_end 1 0
1615482729056590 133811754481344 pump_beg 1 0
1615482732736285 133811746088640 emit_end 1392 0
1615482745060192 133811754481344 pump_end 1 2
1615482745062082 133811754481344 join_beg 1 0
1615482745062802 133811754481344 join_end 0 0
1615482746882485 133811754481344 coll_beg 0 0
1615482758968602 133811754481344 coll_end 0 0
1615482760782485 133811754481344 drain_beg 0 0
1615482760783295 133811754481344 drain_end 1 0
1615482760783405 133811746088640 emit_beg 1393 0
1615482760784085 133811754481344 subm_beg 1 0
1615482762488033 133811754481344 subm_end 1 0
1615482762488513 133811754481344 pump_beg 1 0
1615482766184477 133811746088640 emit_end 1393 0
1615482778485325 133811754481344 pump_end 1 2
1615482778487885 133811754481344 join_beg 1 0
1615482778488885 133811754481344 join_end 0 0
1615482780295629 133811754481344 coll_beg 0 0
1615482788345953 133811754481344 coll_end 0 0
1615482790051591 133811746088640 emit_beg 1394 0
1615482791731359 133811754481344 drain_beg 0 0
1615482791731939 133811754481344 drain_end 1 0
1615482791732229 133811754481344 subm_beg 1 0
1615482796789253 133811754481344 subm_end 1 0
1615482796789793 133811754481344 pump_beg 1 0
1615482799042811 133811746088640 emit_end 1394 0
1615482812457238 133811754481344 pump_end 1 2
1615482812457968 133811754481344 join_beg 1 0
1615482812458348 133811754481344 join_end 0 0
1615482815742098 133811754481344 coll_beg 0 0
1615482822664324 133811754481344 coll_end 0 0
1615482825400323 133811754481344 drain_beg 0 0
1615482825401133 133811754481344 drain_end 1 0
1615482825401663 133811754481344 subm_beg 1 0
1615482825409263 133811746088640 emit_beg 1395 0
1615482828883475 133811754481344 subm_end 1 0
1615482828884035 133811754481344 pump_beg 1 0
1615482834673513 133811746088640 emit_end 1395 0
1615482844270360 133811754481344 pump_end 1 2
1615482844271790 133811754481344 join_beg 1 0
1615482844272740 133811754481344 join_end 0 0
1615482846109583 133811754481344 coll_beg 0 0
1615482853501302 133811754481344 coll_end 0 0
1615482855983930 133811754481344 drain_beg 0 0
1615482855984490 133811754481344 drain_end 1 0
1615482855984820 133811754481344 subm_beg 1 0
1615482856009189 133811746088640 emit_beg 1396 0
1615482859511751 133811754481344 subm_end 1 0
1615482859512311 133811754481344 pump_beg 1 0
1615482865389855 133811746088640 emit_end 1396 0
1615482875520023 133811754481344 pump_end 1 2
1615482875522413 133811754481344 join_beg 1 0
1615482875523353 133811754481344 join_end 0 0
1615482877303278 133811754481344 coll_beg 0 0
1615482884565971 133811754481344 coll_end 0 0
1615482888126881 133811754481344 drain_beg 0 0
1615482888127521 133811754481344 drain_end 1 0
1615482888127990 133811754481344 subm_beg 1 0
1615482888151870 133811746088640 emit_beg 1397 0
1615482891678370 133811754481344 subm_end 1 0
1615482891678790 133811754481344 pump_beg 1 0
1615482897562004 133811746088640 emit_end 1397 0
1615482906947150 133811754481344 pump_end 1 2
1615482906948400 133811754481344 join_beg 1 0
1615482906949100 133811754481344 join_end 0 0
1615482908739264 133811754481344 coll_beg 0 0
1615482915893721 133811754481344 coll_end 0 0
1615482918505065 133811746088640 emit_beg 1398 0
1615482920260361 133811754481344 drain_beg 0 0
1615482920262991 133811754481344 drain_end 1 0
1615482920263671 133811754481344 subm_beg 1 0
1615482923815580 133811754481344 subm_end 1 0
1615482923816160 133811754481344 pump_beg 1 0
1615482927751296 133811746088640 emit_end 1398 0
1615482939297242 133811754481344 pump_end 1 2
1615482939298692 133811754481344 join_beg 1 0
1615482939299332 133811754481344 join_end 0 0
1615482941146834 133811754481344 coll_beg 0 0
1615482948992106 133811754481344 coll_end 0 0
1615482950831259 133811746088640 emit_beg 1399 0
1615482952622093 133811754481344 drain_beg 0 0
1615482952623953 133811754481344 drain_end 1 0
1615482952624483 133811754481344 subm_beg 1 0
1615482956166713 133811754481344 subm_end 1 0
1615482956168443 133811754481344 pump_beg 1 0
1615482960053140 133811746088640 emit_end 1399 0
1615482972173615 133811754481344 pump_end 1 2
1615482972175445 133811754481344 join_beg 1 0
1615482972176545 133811754481344 join_end 0 0
1615482974020727 133811754481344 coll_beg 0 0
1615482982161499 133811754481344 coll_end 0 0
1615482984159015 133811746088640 emit_beg 1400 0
1615482985959019 133811754481344 drain_beg 0 0
1615482985961429 133811754481344 drain_end 1 0
1615482985962099 133811754481344 subm_beg 1 0
1615482989544568 133811754481344 subm_end 1 0
1615482989545448 133811754481344 pump_beg 1 0
1615482993380707 133811746088640 emit_end 1400 0
1615483004707031 133811754481344 pump_end 1 2
1615483004707941 133811754481344 join_beg 1 0
1615483004708771 133811754481344 join_end 0 0
1615483007270327 133811754481344 coll_beg 0 0
1615483014325768 133811754481344 coll_end 0 0
1615483016521977 133811746088640 emit_beg 1401 0
1615483018284063 133811754481344 drain_beg 0 0
1615483018288522 133811754481344 drain_end 1 0
1615483018290022 133811754481344 subm_beg 1 0
1615483023677805 133811754481344 subm_end 1 0
1615483023679215 133811754481344 pump_beg 1 0
1615483025677751 133811746088640 emit_end 1401 0
1615483039599050 133811754481344 pump_end 1 2
1615483039600160 133811754481344 join_beg 1 0
1615483039600620 133811754481344 join_end 0 0
1615483041517260 133811754481344 coll_beg 0 0
1615483049441809 133811754481344 coll_end 0 0
1615483051283281 133811754481344 drain_beg 0 0
1615483051284501 133811754481344 drain_end 1 0
1615483051285181 133811754481344 subm_beg 1 0
1615483051304600 133811746088640 emit_beg 1402 0
1615483054860630 133811754481344 subm_end 1 0
1615483054861080 133811754481344 pump_beg 1 0
1615483060604889 133811746088640 emit_end 1402 0
1615483072509452 133811754481344 pump_end 1 2
1615483072511252 133811754481344 join_beg 1 0
1615483072512162 133811754481344 join_end 0 0
1615483074468330 133811754481344 coll_beg 0 0
1615483083239278 133811754481344 coll_end 0 0
1615483086223319 133811754481344 drain_beg 0 0
1615483086224249 133811754481344 drain_end 1 0
1615483086224929 133811754481344 subm_beg 1 0
1615483086245988 133811746088640 emit_beg 1403 0
1615483089812707 133811754481344 subm_end 1 0
1615483089813187 133811754481344 pump_beg 1 0
1615483095645143 133811746088640 emit_end 1403 0
1615483107654962 133811754481344 pump_end 1 2
1615483107655802 133811754481344 join_beg 1 0
1615483107656142 133811754481344 join_end 0 0
1615483109530343 133811754481344 coll_beg 0 0
1615483118831742 133811754481344 coll_end 0 0
1615483120956234 133811754481344 drain_beg 0 0
1615483120956934 133811754481344 drain_end 1 0
1615483120957574 133811754481344 subm_beg 1 0
1615483120980993 133811746088640 emit_beg 1404 0
1615483124558171 133811754481344 subm_end 1 0
1615483124558531 133811754481344 pump_beg 1 0
1615483130264392 133811746088640 emit_end 1404 0
1615483142233623 133811754481344 pump_end 1 2
1615483142238392 133811754481344 join_beg 1 0
1615483142239942 133811754481344 join_end 0 0
1615483144243649 133811754481344 coll_beg 0 0
1615483154458704 133811754481344 coll_end 0 0
1615483157930406 133811754481344 drain_beg 0 0
1615483157932786 133811754481344 drain_end 1 0
1615483157933276 133811754481344 subm_beg 1 0
1615483157955765 133811746088640 emit_beg 1405 0
1615483161528364 133811754481344 subm_end 1 0
1615483161529924 133811754481344 pump_beg 1 0
1615483167114129 133811746088640 emit_end 1405 0
1615483177950811 133811754481344 pump_end 1 2
1615483177954141 133811754481344 join_beg 1 0
1615483177955561 133811754481344 join_end 0 0
1615483179919449 133811754481344 coll_beg 0 0
1615483191326530 133811754481344 coll_end 0 0
1615483193387505 133811754481344 drain_beg 0 0
1615483193390005 133811754481344 drain_end 1 0
1615483193391705 133811754481344 subm_beg 1 0
1615483193405394 133811746088640 emit_beg 1406 0
1615483196942574 133811754481344 subm_end 1 0
1615483196943384 133811754481344 pump_beg 1 0
1615483202676594 133811746088640 emit_end 1406 0
1615483213369971 133811754481344 pump_end 1 2
1615483213371681 133811754481344 join_beg 1 0
1615483213372711 133811754481344 join_end 0 0
1615483215180315 133811754481344 coll_beg 0 0
1615483222668880 133811754481344 coll_end 0 0
1615483224834780 133811746088640 emit_beg 1407 0
1615483226477150 133811754481344 drain_beg 0 0
1615483226478680 133811754481344 drain_end 1 0
1615483226479350 133811754481344 subm_beg 1 0
1615483231531924 133811754481344 subm_end 1 0
1615483231532894 133811754481344 pump_beg 1 0
1615483233616488 133811746088640 emit_end 1407 0
1615483248737643 133811754481344 pump_end 1 2
1615483248739493 133811754481344 join_beg 1 0
1615483248740603 133811754481344 join_end 0 0
1615483251664355 133811754481344 coll_beg 0 0
1615483259286836 133811754481344 coll_end 0 0
1615483262647122 133811754481344 drain_beg 0 0
1615483262647882 133811754481344 drain_end 1 0
1615483262648322 133811754481344 subm_beg 1 0
1615483262658012 133811746088640 emit_beg 1408 0
1615483266108185 133811754481344 subm_end 1 0
1615483266108715 133811754481344 pump_beg 1 0
1615483271410191 133811746088640 emit_end 1408 0
1615483282858340 133811754481344 pump_end 1 2
1615483282865790 133811754481344 join_beg 1 0
1615483282866220 133811754481344 join_end 0 0
1615483284645015 133811754481344 coll_beg 0 0
1615483298466067 133811754481344 coll_end 0 0
1615483300201714 133811754481344 drain_beg 0 0
1615483300202424 133811754481344 drain_end 1 0
1615483300202784 133811754481344 subm_beg 1 0
1615483300235363 133811746088640 emit_beg 1409 0
1615483301926140 133811754481344 subm_end 1 0
1615483301926880 133811754481344 pump_beg 1 0
1615483309219073 133811746088640 emit_end 1409 0
1615483319271654 133811754481344 pump_end 1 2
1615483319279903 133811754481344 join_beg 1 0
1615483319282353 133811754481344 join_end 0 0
1615483322392659 133811754481344 coll_beg 0 0
1615483329671032 133811754481344 coll_end 0 0
1615483331798514 133811754481344 drain_beg 0 0
1615483331799494 133811754481344 drain_end 1 0
1615483331800494 133811754481344 subm_beg 1 0
1615483331808693 133811746088640 emit_beg 1410 0
1615483335132001 133811754481344 subm_end 1 0
1615483335132541 133811754481344 pump_beg 1 0
1615483340614000 133811746088640 emit_end 1410 0
1615483351301378 133811754481344 pump_end 1 2
1615483351303338 133811754481344 join_beg 1 0
1615483351304238 133811754481344 join_end 0 0
1615483357793440 133811754481344 coll_beg 0 0
1615483365211727 133811754481344 coll_end 0 0
1615483372013828 133811746088640 emit_beg 1411 0
1615483398438557 133811746088640 emit_end 1411 0
1615483451195751 133811754481344 drain_beg 0 0
1615483451200331 133811754481344 drain_end 1 0
1615483451201421 133811754481344 subm_beg 1 0
1615483455527422 133811754481344 subm_end 1 0
1615483455528192 133811754481344 pump_beg 1 0
1615483472048095 133811754481344 pump_end 1 2
1615483472057445 133811754481344 join_beg 1 0
1615483472060145 133811754481344 join_end 0 0
1615483474810984 133811754481344 coll_beg 0 0
1615483482807970 133811754481344 coll_end 0 0
1615483485464993 133811754481344 drain_beg 0 0
1615483485466253 133811754481344 drain_end 1 0
1615483485466973 133811754481344 subm_beg 1 0
1615483485951005 133811746088640 emit_beg 1412 0
1615483487745809 133811754481344 subm_end 1 0
1615483487746369 133811754481344 pump_beg 1 0
1615483498803993 133811746088640 emit_end 1412 0
1615483505961731 133811754481344 pump_end 1 2
1615483505965750 133811754481344 join_beg 1 0
1615483505967120 133811754481344 join_end 0 0
1615483510254753 133811754481344 coll_beg 0 0
1615483521294518 133811754481344 coll_end 0 0
1615483525451285 133811754481344 drain_beg 0 0
1615483525452375 133811754481344 drain_end 1 0
1615483525453185 133811754481344 subm_beg 1 0
1615483525453095 133811746088640 emit_beg 1413 0
1615483531058919 133811754481344 subm_end 1 0
1615483531059579 133811754481344 pump_beg 1 0
1615483538434218 133811746088640 emit_end 1413 0
1615483548810518 133811754481344 pump_end 1 2
1615483548811288 133811754481344 join_beg 1 0
1615483548812008 133811754481344 join_end 0 0
1615483552180524 133811754481344 coll_beg 0 0
1615483560065784 133811754481344 coll_end 0 0
1615483565919050 133811746088640 emit_beg 1414 0
1615483577145687 133811746088640 emit_end 1414 0
1615483605285514 133811754481344 drain_beg 0 0
1615483605287554 133811754481344 drain_end 1 0
1615483605288424 133811754481344 subm_beg 1 0
1615483611442518 133811754481344 subm_end 1 0
1615483611444438 133811754481344 pump_beg 1 0
1615483630753250 133811754481344 pump_end 1 2
1615483630757589 133811754481344 join_beg 1 0
1615483630759499 133811754481344 join_end 0 0
1615483633910784 133811754481344 coll_beg 0 0
1615483641612201 133811754481344 coll_end 0 0
1615483644771495 133811754481344 drain_beg 0 0
1615483644772585 133811754481344 drain_end 1 0
1615483644773135 133811754481344 subm_beg 1 0
1615483644813553 133811746088640 emit_beg 1415 0
1615483647779115 133811754481344 subm_end 1 0
1615483647779565 133811754481344 pump_beg 1 0
1615483660250407 133811746088640 emit_end 1415 0
1615483664288609 133811754481344 pump_end 1 2
1615483664292688 133811754481344 join_beg 1 0
1615483664294008 133811754481344 join_end 0 0
1615483666943211 133811754481344 coll_beg 0 0
1615483675405950 133811754481344 coll_end 0 0
1615483679142213 133811754481344 drain_beg 0 0
1615483679143373 133811754481344 drain_end 1 0
1615483679144293 133811754481344 subm_beg 1 0
1615483679170742 133811746088640 emit_beg 1416 0
1615483684276965 133811754481344 subm_end 1 0
1615483684277435 133811754481344 pump_beg 1 0
1615483692450345 133811746088640 emit_end 1416 0
1615483702616442 133811754481344 pump_end 1 2
1615483702617111 133811754481344 join_beg 1 0
1615483702617561 133811754481344 join_end 0 0
1615483705772536 133811754481344 coll_beg 0 0
1615483716409355 133811754481344 coll_end 0 0
1615483720318342 133811746088640 emit_beg 1417 0
1615483732580442 133811746088640 emit_end 1417 0
1615483735201035 133811754481344 drain_beg 0 0
1615483735204875 133811754481344 drain_end 1 0
1615483735205935 133811754481344 subm_beg 1 0
1615483737983893 133811754481344 subm_end 1 0
1615483737986233 133811754481344 pump_beg 1 0
1615483755653945 133811754481344 pump_end 1 2
1615483755655834 133811754481344 join_beg 1 0
1615483755656744 133811754481344 join_end 0 0
1615483759783273 133811754481344 coll_beg 0 0
1615483769269715 133811754481344 coll_end 0 0
1615483772640781 133811746088640 emit_beg 1418 0
1615483786077838 133811746088640 emit_end 1418 0
1615483788803558 133811754481344 drain_beg 0 0
1615483788805868 133811754481344 drain_end 1 0
1615483788807298 133811754481344 subm_beg 1 0
1615483791929073 133811754481344 subm_end 1 0
1615483791930593 133811754481344 pump_beg 1 0
1615483809088023 133811754481344 pump_end 1 2
1615483809090183 133811754481344 join_beg 1 0
1615483809091663 133811754481344 join_end 0 0
1615483815881624 133811754481344 coll_beg 0 0
1615483825064487 133811754481344 coll_end 0 0
1615483827254996 133811754481344 drain_beg 0 0
1615483827257606 133811754481344 drain_end 1 0
1615483827259756 133811754481344 subm_beg 1 0
1615483827262546 133811746088640 emit_beg 1419 0
1615483831245620 133811754481344 subm_end 1 0
1615483831246220 133811754481344 pump_beg 1 0
1615483837956403 133811746088640 emit_end 1419 0
1615483847904608 133811754481344 pump_end 1 2
1615483847908828 133811754481344 join_beg 1 0
1615483847910278 133811754481344 join_end 0 0
1615483850065089 133811754481344 coll_beg 0 0
1615483858654653 133811754481344 coll_end 0 0
1615483860447608 133811754481344 drain_beg 0 0
1615483860448478 133811754481344 drain_end 1 0
1615483860449218 133811754481344 subm_beg 1 0
1615483860469527 133811746088640 emit_beg 1420 0
1615483862207373 133811754481344 subm_end 1 0
1615483862207723 133811754481344 pump_beg 1 0
1615483870259658 133811746088640 emit_end 1420 0
1615483879094993 133811754481344 pump_end 1 2
1615483879097553 133811754481344 join_beg 1 0
1615483879099503 133811754481344 join_end 0 0
1615483881167427 133811754481344 coll_beg 0 0
1615483889732463 133811754481344 coll_end 0 0
1615483893144757 133811754481344 drain_beg 0 0
1615483893145747 133811754481344 drain_end 1 0
1615483893146487 133811754481344 subm_beg 1 0
1615483893168167 133811746088640 emit_beg 1421 0
1615483896561202 133811754481344 subm_end 1 0
1615483896561712 133811754481344 pump_beg 1 0
1615483902615600 133811746088640 emit_end 1421 0
1615483912865963 133811754481344 pump_end 1 2
1615483912867683 133811754481344 join_beg 1 0
1615483912868513 133811754481344 join_end 0 0
1615483914720325 133811754481344 coll_beg 0 0
1615483926863720 133811754481344 coll_end 0 0
1615483929780193 133811754481344 drain_beg 0 0
1615483929781143 133811754481344 drain_end 1 0
1615483929781883 133811754481344 subm_beg 1 0
1615483929805382 133811746088640 emit_beg 1422 0
1615483933198617 133811754481344 subm_end 1 0
1615483933199067 133811754481344 pump_beg 1 0
1615483938717294 133811746088640 emit_end 1422 0
1615483949699901 133811754481344 pump_end 1 2
1615483949700501 133811754481344 join_beg 1 0
1615483949700991 133811754481344 join_end 0 0
1615483951445767 133811754481344 coll_beg 0 0
1615483963054161 133811754481344 coll_end 0 0
1615483966219785 133811754481344 drain_beg 0 0
1615483966220455 133811754481344 drain_end 1 0
1615483966221175 133811754481344 subm_beg 1 0
1615483966242824 133811746088640 emit_beg 1423 0
1615483967982710 133811754481344 subm_end 1 0
1615483967983100 133811754481344 pump_beg 1 0
1615483973629663 133811746088640 emit_end 1423 0
1615483984925788 133811754481344 pump_end 1 2
1615483984929438 133811754481344 join_beg 1 0
1615483984931108 133811754481344 join_end 0 0
1615483988592474 133811754481344 coll_beg 0 0
1615483999242293 133811754481344 coll_end 0 0
1615484001105884 133811754481344 drain_beg 0 0
1615484001106884 133811754481344 drain_end 1 0
1615484001107714 133811754481344 subm_beg 1 0
1615484001112764 133811746088640 emit_beg 1424 0
1615484002854330 133811754481344 subm_end 1 0
1615484002854700 133811754481344 pump_beg 1 0
1615484009931780 133811746088640 emit_end 1424 0
1615484019728261 133811754481344 pump_end 1 2
1615484019728711 133811754481344 join_beg 1 0
1615484019729101 133811754481344 join_end 0 0
1615484021490666 133811754481344 coll_beg 0 0
1615484030283543 133811754481344 coll_end 0 0
1615484032915947 133811754481344 drain_beg 0 0
1615484032917097 133811754481344 drain_end 1 0
1615484032917826 133811754481344 subm_beg 1 0
1615484032938806 133811746088640 emit_beg 1425 0
1615484036544543 133811754481344 subm_end 1 0
1615484036545273 133811754481344 pump_beg 1 0
1615484041991763 133811746088640 emit_end 1425 0
1615484053211332 133811754481344 pump_end 1 2
1615484053214021 133811754481344 join_beg 1 0
1615484053215041 133811754481344 join_end 0 0
1615484055094922 133811754481344 coll_beg 0 0
1615484066947887 133811754481344 coll_end 0 0
1615484068860997 133811754481344 drain_beg 0 0
1615484068862067 133811754481344 drain_end 1 0
1615484068862837 133811754481344 subm_beg 1 0
1615484068883126 133811746088640 emit_beg 1426 0
1615484070631642 133811754481344 subm_end 1 0
1615484070632582 133811754481344 pump_beg 1 0
1615484078107588 133811746088640 emit_end 1426 0
1615484087844270 133811754481344 pump_end 1 2
1615484087845920 133811754481344 join_beg 1 0
1615484087846730 133811754481344 join_end 0 0
1615484089713922 133811754481344 coll_beg 0 0
1615484098503119 133811754481344 coll_end 0 0
1615484100983068 133811754481344 drain_beg 0 0
1615484100984948 133811754481344 drain_end 1 0
1615484100986118 133811754481344 subm_beg 1 0
1615484101002957 133811746088640 emit_beg 1427 0
1615484104568796 133811754481344 subm_end 1 0
1615484104569286 133811754481344 pump_beg 1 0
1615484110156561 133811746088640 emit_end 1427 0
1615484121395349 133811754481344 pump_end 1 2
1615484121397128 133811754481344 join_beg 1 0
1615484121398158 133811754481344 join_end 0 0
1615484123237531 133811754481344 coll_beg 0 0
1615484134491868 133811754481344 coll_end 0 0
1615484136346110 133811754481344 drain_beg 0 0
1615484136347000 133811754481344 drain_end 1 0
1615484136347730 133811754481344 subm_beg 1 0
1615484136366449 133811746088640 emit_beg 1428 0
1615484138092736 133811754481344 subm_end 1 0
1615484138093176 133811754481344 pump_beg 1 0
1615484143707179 133811746088640 emit_end 1428 0
1615484154877799 133811754481344 pump_end 1 2
1615484154880939 133811754481344 join_beg 1 0
1615484154881959 133811754481344 join_end 0 0
1615484156809919 133811754481344 coll_beg 0 0
1615484165260658 133811754481344 coll_end 0 0
1615484168358595 133811754481344 drain_beg 0 0
1615484168359525 133811754481344 drain_end 1 0
1615484168360225 133811754481344 subm_beg 1 0
1615484168383364 133811746088640 emit_beg 1429 0
1615484171873066 133811754481344 subm_end 1 0
1615484171873506 133811754481344 pump_beg 1 0
1615484177312176 133811746088640 emit_end 1429 0
1615484188937669 133811754481344 pump_end 1 2
1615484188941629 133811754481344 join_beg 1 0
1615484188942969 133811754481344 join_end 0 0
1615484190845709 133811754481344 coll_beg 0 0
1615484203062221 133811754481344 coll_end 0 0
1615484204917212 133811754481344 drain_beg 0 0
1615484204917982 133811754481344 drain_end 1 0
1615484204918612 133811754481344 subm_beg 1 0
1615484205247480 133811746088640 emit_beg 1430 0
1615484208402305 133811754481344 subm_end 1 0
1615484208403045 133811754481344 pump_beg 1 0
1615484214157343 133811746088640 emit_end 1430 0
1615484225320674 133811754481344 pump_end 1 2
1615484225322433 133811754481344 join_beg 1 0
1615484225323413 133811754481344 join_end 0 0
1615484228822075 133811754481344 coll_beg 0 0
1615484240706419 133811754481344 coll_end 0 0
1615484242535722 133811754481344 drain_beg 0 0
1615484242536322 133811754481344 drain_end 1 0
1615484242536722 133811754481344 subm_beg 1 0
1615484242560681 133811746088640 emit_beg 1431 0
1615484245956716 133811754481344 subm_end 1 0
1615484245956996 133811754481344 pump_beg 1 0
1615484251557570 133811746088640 emit_end 1431 0
1615484262774199 133811754481344 pump_end 1 2
1615484262775789 133811754481344 join_beg 1 0
1615484262776949 133811754481344 join_end 0 0
1615484265694662 133811754481344 coll_beg 0 0
1615484273596211 133811754481344 coll_end 0 0
1615484276761055 133811754481344 drain_beg 0 0
1615484276761505 133811754481344 drain_end 1 0
1615484276761785 133811754481344 subm_beg 1 0
1615484276783994 133811746088640 emit_beg 1432 0
1615484280265457 133811754481344 subm_end 1 0
1615484280265777 133811754481344 pump_beg 1 0
1615484285896580 133811746088640 emit_end 1432 0
1615484295659482 133811754481344 pump_end 1 2
1615484295660071 133811754481344 join_beg 1 0
1615484295660421 133811754481344 join_end 0 0
1615484297472415 133811754481344 coll_beg 0 0
1615484307932431 133811754481344 coll_end 0 0
1615484311112514 133811754481344 drain_beg 0 0
1615484311113454 133811754481344 drain_end 1 0
1615484311114144 133811754481344 subm_beg 1 0
1615484311132774 133811746088640 emit_beg 1433 0
1615484312844371 133811754481344 subm_end 1 0
1615484312844841 133811754481344 pump_beg 1 0
1615484318715395 133811746088640 emit_end 1433 0
1615484327450665 133811754481344 pump_end 1 2
1615484327452005 133811754481344 join_beg 1 0
1615484327452395 133811754481344 join_end 0 0
1615484329219040 133811754481344 coll_beg 0 0
1615484335787128 133811754481344 coll_end 0 0
1615484338274207 133811746088640 emit_beg 1434 0
1615484345327908 133811746088640 emit_end 1434 0
1615484363019579 133811754481344 drain_beg 0 0
1615484363020779 133811754481344 drain_end 1 0
1615484363021249 133811754481344 subm_beg 1 0
1615484364805623 133811754481344 subm_end 1 0
1615484364806083 133811754481344 pump_beg 1 0
1615484380553965 133811754481344 pump_end 1 2
1615484380555975 133811754481344 join_beg 1 0
1615484380557045 133811754481344 join_end 0 0
1615484382447056 133811754481344 coll_beg 0 0
1615484389382061 133811754481344 coll_end 0 0
1615484391255392 133811754481344 drain_beg 0 0
1615484391255902 133811754481344 drain_end 1 0
1615484391256242 133811754481344 subm_beg 1 0
1615484391285021 133811746088640 emit_beg 1435 0
1615484392963840 133811754481344 subm_end 1 0
1615484392964300 133811754481344 pump_beg 1 0
1615484400311750 133811746088640 emit_end 1435 0
1615484409031650 133811754481344 pump_end 1 2
1615484409034540 133811754481344 join_beg 1 0
1615484409036369 133811754481344 join_end 0 0
1615484410848273 133811754481344 coll_beg 0 0
1615484419912040 133811754481344 coll_end 0 0
1615484422072971 133811754481344 drain_beg 0 0
1615484422073881 133811754481344 drain_end 1 0
1615484422074651 133811754481344 subm_beg 1 0
1615484422078351 133811746088640 emit_beg 1436 0
1615484425687048 133811754481344 subm_end 1 0
1615484425687528 133811754481344 pump_beg 1 0
1615484429471229 133811746088640 emit_end 1436 0
1615484441823936 133811754481344 pump_end 1 2
1615484441825066 133811754481344 join_beg 1 0
1615484441826016 133811754481344 join_end 0 0
1615484444845885 133811754481344 coll_beg 0 0
1615484455799283 133811754481344 coll_end 0 0
1615484457585157 133811754481344 drain_beg 0 0
1615484457586337 133811754481344 drain_end 1 0
1615484457587187 133811754481344 subm_beg 1 0
1615484457604457 133811746088640 emit_beg 1437 0
1615484459340543 133811754481344 subm_end 1 0
1615484459340993 133811754481344 pump_beg 1 0
1615484464503763 133811746088640 emit_end 1437 0
1615484475704882 133811754481344 pump_end 1 2
1615484475707742 133811754481344 join_beg 1 0
1615484475709382 133811754481344 join_end 0 0
1615484477569414 133811754481344 coll_beg 0 0
1615484485990454 133811754481344 coll_end 0 0
1615484488684756 133811754481344 drain_beg 0 0
1615484488685296 133811754481344 drain_end 1 0
1615484488685806 133811754481344 subm_beg 1 0
1615484488706275 133811746088640 emit_beg 1438 0
1615484492030663 133811754481344 subm_end 1 0
1615484492031083 133811754481344 pump_beg 1 0
1615484497491932 133811746088640 emit_end 1438 0
1615484507979117 133811754481344 pump_end 1 2
1615484507980147 133811754481344 join_beg 1 0
1615484507980737 133811754481344 join_end 0 0
1615484509815960 133811754481344 coll_beg 0 0
1615484517907623 133811754481344 coll_end 0 0
1615484521061667 133811754481344 drain_beg 0 0
1615484521062417 133811754481344 drain_end 1 0
1615484521062797 133811754481344 subm_beg 1 0
1615484521069037 133811746088640 emit_beg 1439 0
1615484525114228 133811754481344 subm_end 1 0
1615484525114658 133811754481344 pump_beg 1 0
1615484530484431 133811746088640 emit_end 1439 0
1615484541742268 133811754481344 pump_end 1 2
1615484541743268 133811754481344 join_beg 1 0
1615484541744068 133811754481344 join_end 0 0
1615484543571051 133811754481344 coll_beg 0 0
1615484552747644 133811754481344 coll_end 0 0
1615484554369824 133811754481344 drain_beg 0 0
1615484554370594 133811754481344 drain_end 1 0
1615484554371064 133811754481344 subm_beg 1 0
1615484554392704 133811746088640 emit_beg 1440 0
1615484557871876 133811754481344 subm_end 1 0
1615484557872396 133811754481344 pump_beg 1 0
1615484563500529 133811746088640 emit_end 1440 0
1615484577749536 133811754481344 pump_end 1 2
1615484577750606 133811754481344 join_beg 1 0
1615484577751186 133811754481344 join_end 0 0
1615484579538210 133811754481344 coll_beg 0 0
1615484591563909 133811754481344 coll_end 0 0
1615484593346964 133811754481344 drain_beg 0 0
1615484593347604 133811754481344 drain_end 1 0
1615484593347834 133811754481344 subm_beg 1 0
1615484593370663 133811746088640 emit_beg 1441 0
1615484596673141 133811754481344 subm_end 1 0
1615484596673581 133811754481344 pump_beg 1 0
1615484602529226 133811746088640 emit_end 1441 0
1615484614482838 133811754481344 pump_end 1 2
1615484614484678 133811754481344 join_beg 1 0
1615484614485548 133811754481344 join_end 0 0
1615484616313150 133811754481344 coll_beg 0 0
1615484624981332 133811754481344 coll_end 0 0
1615484628221333 133811754481344 drain_beg 0 0
1615484628222233 133811754481344 drain_end 1 0
1615484628222773 133811754481344 subm_beg 1 0
1615484628244302 133811746088640 emit_beg 1442 0
1615484631682736 133811754481344 subm_end 1 0
1615484631683176 133811754481344 pump_beg 1 0
1615484638117590 133811746088640 emit_end 1442 0
1615484648573206 133811754481344 pump_end 1 2
1615484648575466 133811754481344 join_beg 1 0
1615484648577216 133811754481344 join_end 0 0
1615484651802038 133811754481344 coll_beg 0 0
1615484660435991 133811754481344 coll_end 0 0
1615484662585402 133811746088640 emit_beg 1443 0
1615484669805897 133811746088640 emit_end 1443 0
1615484688589537 133811754481344 drain_beg 0 0
1615484688594157 133811754481344 drain_end 1 0
1615484688595487 133811754481344 subm_beg 1 0
1615484693859174 133811754481344 subm_end 1 0
1615484693860034 133811754481344 pump_beg 1 0
1615484709125084 133811754481344 pump_end 1 2
1615484709129053 133811754481344 join_beg 1 0
1615484709130853 133811754481344 join_end 0 0
1615484711196147 133811754481344 coll_beg 0 0
1615484720531935 133811754481344 coll_end 0 0
1615484722657927 133811754481344 drain_beg 0 0
1615484722658927 133811754481344 drain_end 1 0
1615484722659757 133811754481344 subm_beg 1 0
1615484722680686 133811746088640 emit_beg 1444 0
1615484724500259 133811754481344 subm_end 1 0
1615484724500759 133811754481344 pump_beg 1 0
1615484728308959 133811746088640 emit_end 1444 0
1615484739740710 133811754481344 pump_end 1 2
1615484739742670 133811754481344 join_beg 1 0
1615484739743440 133811754481344 join_end 0 0
1615484741499925 133811754481344 coll_beg 0 0
1615484748510828 133811754481344 coll_end 0 0
1615484750595051 133811746088640 emit_beg 1445 0
1615484752325188 133811754481344 drain_beg 0 0
1615484752326128 133811754481344 drain_end 1 0
1615484752333708 133811754481344 subm_beg 1 0
1615484757480119 133811754481344 subm_end 1 0
1615484757480519 133811754481344 pump_beg 1 0
1615484759435617 133811746088640 emit_end 1445 0
1615484772476728 133811754481344 pump_end 1 2
1615484772477588 133811754481344 join_beg 1 0
1615484772478288 133811754481344 join_end 0 0
1615484775851814 133811754481344 coll_beg 0 0
1615484782322817 133811754481344 coll_end 0 0
1615484785253799 133811754481344 drain_beg 0 0
1615484785254769 133811754481344 drain_end 1 0
1615484785255029 133811746088640 emit_beg 1446 0
1615484785255759 133811754481344 subm_beg 1 0
1615484788708502 133811754481344 subm_end 1 0
1615484788709022 133811754481344 pump_beg 1 0
1615484794160732 133811746088640 emit_end 1446 0
1615484804512202 133811754481344 pump_end 1 2
1615484804516952 133811754481344 join_beg 1 0
1615484804518162 133811754481344 join_end 0 0
1615484808023853 133811754481344 coll_beg 0 0
1615484816006690 133811754481344 coll_end 0 0
1615484819102636 133811754481344 drain_beg 0 0
1615484819103666 133811754481344 drain_end 1 0
1615484819104556 133811754481344 subm_beg 1 0
1615484819106066 133811746088640 emit_beg 1447 0
1615484820854702 133811754481344 subm_end 1 0
1615484820855162 133811754481344 pump_beg 1 0
1615484826352280 133811746088640 emit_end 1447 0
1615484837350757 133811754481344 pump_end 1 2
1615484837353187 133811754481344 join_beg 1 0
1615484837354426 133811754481344 join_end 0 0
1615484839206578 133811754481344 coll_beg 0 0
1615484846452762 133811754481344 coll_end 0 0
1615484848241077 133811746088640 emit_beg 1448 0
1615484849960434 133811754481344 drain_beg 0 0
1615484849961834 133811754481344 drain_end 1 0
1615484849962434 133811754481344 subm_beg 1 0
1615484855146303 133811754481344 subm_end 1 0
1615484855146663 133811754481344 pump_beg 1 0
1615484857211728 133811746088640 emit_end 1448 0
1615484871152236 133811754481344 pump_end 1 2
1615484871153376 133811754481344 join_beg 1 0
1615484871154176 133811754481344 join_end 0 0
1615484873342545 133811754481344 coll_beg 0 0
1615484880050439 133811754481344 coll_end 0 0
1615484882940333 133811754481344 drain_beg 0 0
1615484882941063 133811754481344 drain_end 1 0
1615484882941273 133811754481344 subm_beg 1 0
1615484882947663 133811746088640 emit_beg 1449 0
1615484886419385 133811754481344 subm_end 1 0
1615484886420055 133811754481344 pump_beg 1 0
1615484891945303 133811746088640 emit_end 1449 0
1615484902096080 133811754481344 pump_end 1 2
1615484902104380 133811754481344 join_beg 1 0
1615484902107079 133811754481344 join_end 0 0
1615484904063238 133811754481344 coll_beg 0 0
1615484912938072 133811754481344 coll_end 0 0
1615484915308315 133811754481344 drain_beg 0 0
1615484915308875 133811746088640 emit_beg 1450 0
1615484915309505 133811754481344 drain_end 1 0
1615484915310385 133811754481344 subm_beg 1 0
1615484920560612 133811754481344 subm_end 1 0
1615484920561082 133811754481344 pump_beg 1 0
1615484924203318 133811746088640 emit_end 1450 0
1615484935436026 133811754481344 pump_end 1 2
1615484935438586 133811754481344 join_beg 1 0
1615484935439846 133811754481344 join_end 0 0
1615484938399487 133811754481344 coll_beg 0 0
1615484945954330 133811754481344 coll_end 0 0
1615484947816791 133811754481344 drain_beg 0 0
1615484947817481 133811754481344 drain_end 1 0
1615484947818091 133811754481344 subm_beg 1 0
1615484947821391 133811746088640 emit_beg 1451 0
1615484951316633 133811754481344 subm_end 1 0
1615484951317253 133811754481344 pump_beg 1 0
1615484956833991 133811746088640 emit_end 1451 0
1615484967583946 133811754481344 pump_end 1 2
1615484967584986 133811754481344 join_beg 1 0
1615484967585606 133811754481344 join_end 0 0
1615484970254978 133811754481344 coll_beg 0 0
1615484977582369 133811754481344 coll_end 0 0
1615484979726440 133811754481344 drain_beg 0 0
1615484979727110 133811754481344 drain_end 1 0
1615484979727770 133811754481344 subm_beg 1 0
1615484979732140 133811746088640 emit_beg 1452 0
1615484983160924 133811754481344 subm_end 1 0
1615484983161354 133811754481344 pump_beg 1 0
1615484988800797 133811746088640 emit_end 1452 0
1615485000494288 133811754481344 pump_end 1 2
1615485000496088 133811754481344 join_beg 1 0
1615485000497018 133811754481344 join_end 0 0
1615485003774737 133811754481344 coll_beg 0 0
1615485012463248 133811754481344 coll_end 0 0
1615485015005075 133811754481344 drain_beg 0 0
1615485015005615 133811746088640 emit_beg 1453 0
1615485015008015 133811754481344 drain_end 1 0
1615485015009595 133811754481344 subm_beg 1 0
1615485018708289 133811754481344 subm_end 1 0
1615485018708719 133811754481344 pump_beg 1 0
1615485022701123 133811746088640 emit_end 1453 0
1615485036297124 133811754481344 pump_end 1 2
1615485036298343 133811754481344 join_beg 1 0
1615485036299803 133811754481344 join_end 0 0
1615485038108887 133811754481344 coll_beg 0 0
1615485048026493 133811754481344 coll_end 0 0
1615485049861446 133811754481344 drain_beg 0 0
1615485049862206 133811754481344 drain_end 1 0
1615485049862556 133811754481344 subm_beg 1 0
1615485049890095 133811746088640 emit_beg 1454 0
1615485053335788 133811754481344 subm_end 1 0
1615485053336128 133811754481344 pump_beg 1 0
1615485059094227 133811746088640 emit_end 1454 0
1615485070411611 133811754481344 pump_end 1 2
1615485070413101 133811754481344 join_beg 1 0
1615485070414581 133811754481344 join_end 0 0
1615485072320791 133811754481344 coll_beg 0 0
1615485079971920 133811754481344 coll_end 0 0
1615485081823662 133811746088640 emit_beg 1455 0
1615485083542939 133811754481344 drain_beg 0 0
1615485083547719 133811754481344 drain_end 1 0
1615485083549249 133811754481344 subm_beg 1 0
1615485088769447 133811754481344 subm_end 1 0
1615485088770367 133811754481344 pump_beg 1 0
1615485095070986 133811746088640 emit_end 1455 0
1615485104800199 133811754481344 pump_end 1 2
1615485104801709 133811754481344 join_beg 1 0
1615485104802649 133811754481344 join_end 0 0
1615485106653321 133811754481344 coll_beg 0 0
1615485113515089 133811754481344 coll_end 0 0
1615485115284164 133811754481344 drain_beg 0 0
1615485115285134 133811754481344 drain_end 1 0
1615485115285674 133811754481344 subm_beg 1 0
1615485115308883 133811746088640 emit_beg 1456 0
1615485118752967 133811754481344 subm_end 1 0
1615485118753397 133811754481344 pump_beg 1 0
1615485124341731 133811746088640 emit_end 1456 0
1615485135159434 133811754481344 pump_end 1 2
1615485135160514 133811754481344 join_beg 1 0
1615485135161274 133811754481344 join_end 0 0
1615485138370537 133811754481344 coll_beg 0 0
1615485145169687 133811754481344 coll_end 0 0
1615485148029572 133811754481344 drain_beg 0 0
1615485148030212 133811754481344 drain_end 1 0
1615485148030912 133811754481344 subm_beg 1 0
1615485148033632 133811746088640 emit_beg 1457 0
1615485151434137 133811754481344 subm_end 1 0
1615485151434567 133811754481344 pump_beg 1 0
1615485157161947 133811746088640 emit_end 1457 0
1615485167653012 133811754481344 pump_end 1 2
1615485167654331 133811754481344 join_beg 1 0
1615485167655031 133811754481344 join_end 0 0
1615485169428956 133811754481344 coll_beg 0 0
1615485176417200 133811754481344 coll_end 0 0
1615485178185765 133811746088640 emit_beg 1458 0
1615485180008998 133811754481344 drain_beg 0 0
1615485180010808 133811754481344 drain_end 1 0
1615485180011518 133811754481344 subm_beg 1 0
1615485185263825 133811754481344 subm_end 1 0
1615485185264265 133811754481344 pump_beg 1 0
1615485187215813 133811746088640 emit_end 1458 0
1615485201783549 133811754481344 pump_end 1 2
1615485201785449 133811754481344 join_beg 1 0
1615485201786439 133811754481344 join_end 0 0
1615485203827634 133811754481344 coll_beg 0 0
1615485211187964 133811754481344 coll_end 0 0
1615485213276297 133811754481344 drain_beg 0 0
1615485213277057 133811754481344 drain_end 1 0
1615485213277717 133811754481344 subm_beg 1 0
1615485213304126 133811746088640 emit_beg 1459 0
1615485216724370 133811754481344 subm_end 1 0
1615485216724800 133811754481344 pump_beg 1 0
1615485222129192 133811746088640 emit_end 1459 0
1615485232955044 133811754481344 pump_end 1 2
1615485232956004 133811754481344 join_beg 1 0
1615485232956684 133811754481344 join_end 0 0
1615485234793187 133811754481344 coll_beg 0 0
1615485242219094 133811754481344 coll_end 0 0
1615485244698513 133811746088640 emit_beg 1460 0
1615485246366172 133811754481344 drain_beg 0 0
1615485246367542 133811754481344 drain_end 1 0
1615485246368192 133811754481344 subm_beg 1 0
1615485251517403 133811754481344 subm_end 1 0
1615485251518013 133811754481344 pump_beg 1 0
1615485253668494 133811746088640 emit_end 1460 0
1615485267053133 133811754481344 pump_end 1 2
1615485267055743 133811754481344 join_beg 1 0
1615485267056703 133811754481344 join_end 0 0
1615485269808751 133811754481344 coll_beg 0 0
1615485276731117 133811754481344 coll_end 0 0
1615485279307973 133811746088640 emit_beg 1461 0
1615485280993661 133811754481344 drain_beg 0 0
1615485280994861 133811754481344 drain_end 1 0
1615485280995431 133811754481344 subm_beg 1 0
1615485286200890 133811754481344 subm_end 1 0
1615485286201570 133811754481344 pump_beg 1 0
1615485291618721 133811746088640 emit_end 1461 0
1615485302081437 133811754481344 pump_end 1 2
1615485302082487 133811754481344 join_beg 1 0
1615485302083007 133811754481344 join_end 0 0
1615485303958538 133811754481344 coll_beg 0 0
1615485311018889 133811754481344 coll_end 0 0
1615485312826612 133811754481344 drain_beg 0 0
1615485312828012 133811754481344 drain_end 1 0
1615485312829072 133811754481344 subm_beg 1 0
1615485312864221 133811746088640 emit_beg 1462 0
1615485316274946 133811754481344 subm_end 1 0
1615485316275376 133811754481344 pump_beg 1 0
1615485321678177 133811746088640 emit_end 1462 0
1615485332345636 133811754481344 pump_end 1 2
1615485332349796 133811754481344 join_beg 1 0
1615485332351116 133811754481344 join_end 0 0
1615485334314064 133811754481344 coll_beg 0 0
1615485343486297 133811754481344 coll_end 0 0
1615485345481774 133811754481344 drain_beg 0 0
1615485345482604 133811754481344 drain_end 1 0
1615485345483204 133811754481344 subm_beg 1 0
1615485345509293 133811746088640 emit_beg 1463 0
1615485348946276 133811754481344 subm_end 1 0
1615485348946956 133811754481344 pump_beg 1 0
1615485354660597 133811746088640 emit_end 1463 0
1615485364942229 133811754481344 pump_end 1 2
1615485364947979 133811754481344 join_beg 1 0
1615485364950449 133811754481344 join_end 0 0
1615485366880128 133811754481344 coll_beg 0 0
1615485375045498 133811754481344 coll_end 0 0
1615485377944792 133811754481344 drain_beg 0 0
1615485377947182 133811754481344 drain_end 1 0
1615485377948272 133811754481344 subm_beg 1 0
1615485377964421 133811746088640 emit_beg 1464 0
1615485381378486 133811754481344 subm_end 1 0
1615485381380376 133811754481344 pump_beg 1 0
1615485386857355 133811746088640 emit_end 1464 0
1615485398451229 133811754481344 pump_end 1 2
1615485398452889 133811754481344 join_beg 1 0
1615485398454139 133811754481344 join_end 0 0
1615485401455029 133811754481344 coll_beg 0 0
1615485409303961 133811754481344 coll_end 0 0
1615485412431906 133811754481344 drain_beg 0 0
1615485412433186 133811754481344 drain_end 1 0
1615485412433896 133811754481344 subm_beg 1 0
1615485412452395 133811746088640 emit_beg 1465 0
1615485414110464 133811754481344 subm_end 1 0
1615485414110854 133811754481344 pump_beg 1 0
1615485419742878 133811746088640 emit_end 1465 0
1615485430752604 133811754481344 pump_end 1 2
1615485430754203 133811754481344 join_beg 1 0
1615485430755213 133811754481344 join_end 0 0
1615485432548348 133811754481344 coll_beg 0 0
1615485440533154 133811754481344 coll_end 0 0
1615485443803894 133811754481344 drain_beg 0 0
1615485443804594 133811754481344 drain_end 1 0
1615485443805324 133811754481344 subm_beg 1 0
1615485443837743 133811746088640 emit_beg 1466 0
1615485447214259 133811754481344 subm_end 1 0
1615485447214679 133811754481344 pump_beg 1 0
1615485452825593 133811746088640 emit_end 1466 0
1615485463811000 133811754481344 pump_end 1 2
1615485463812980 133811754481344 join_beg 1 0
1615485463813940 133811754481344 join_end 0 0
1615485465633373 133811754481344 coll_beg 0 0
1615485473626370 133811754481344 coll_end 0 0
1615485476780484 133811754481344 drain_beg 0 0
1615485476781384 133811754481344 drain_end 1 0
1615485476793243 133811754481344 subm_beg 1 0
1615485476803523 133811746088640 emit_beg 1467 0
1615485480213658 133811754481344 subm_end 1 0
1615485480214188 133811754481344 pump_beg 1 0
1615485486117011 133811746088640 emit_end 1467 0
1615485497251842 133811754481344 pump_end 1 2
1615485497253602 133811754481344 join_beg 1 0
1615485497254372 133811754481344 join_end 0 0
1615485499192641 133811754481344 coll_beg 0 0
1615485507569964 133811754481344 coll_end 0 0
1615485510830384 133811754481344 drain_beg 0 0
1615485510831594 133811754481344 drain_end 1 0
1615485510832254 133811754481344 subm_beg 1 0
1615485510853213 133811746088640 emit_beg 1468 0
1615485514407863 133811754481344 subm_end 1 0
1615485514408413 133811754481344 pump_beg 1 0
1615485520420032 133811746088640 emit_end 1468 0
1615485530546420 133811754481344 pump_end 1 2
1615485530549960 133811754481344 join_beg 1 0
1615485530551370 133811754481344 join_end 0 0
1615485532443721 133811754481344 coll_beg 0 0
1615485540373089 133811754481344 coll_end 0 0
1615485542335907 133811746088640 emit_beg 1469 0
1615485544070284 133811754481344 drain_beg 0 0
1615485544071554 133811754481344 drain_end 1 0
1615485544072274 133811754481344 subm_beg 1 0
1615485549415097 133811754481344 subm_end 1 0
1615485549415447 133811754481344 pump_beg 1 0
1615485551594608 133811746088640 emit_end 1469 0
1615485565739828 133811754481344 pump_end 1 2
1615485565742458 133811754481344 join_beg 1 0
1615485565743868 133811754481344 join_end 0 0
1615485568238466 133811754481344 coll_beg 0 0
1615485576658187 133811754481344 coll_end 0 0
1615485579772743 133811754481344 drain_beg 0 0
1615485579773373 133811754481344 drain_end 1 0
1615485579773843 133811754481344 subm_beg 1 0
1615485579796282 133811746088640 emit_beg 1470 0
1615485583357102 133811754481344 subm_end 1 0
1615485583357532 133811754481344 pump_beg 1 0
1615485589019154 133811746088640 emit_end 1470 0
1615485599482290 133811754481344 pump_end 1 2
1615485599484150 133811754481344 join_beg 1 0
1615485599485390 133811754481344 join_end 0 0
1615485603070468 133811754481344 coll_beg 0 0
1615485610179977 133811754481344 coll_end 0 0
1615485612741683 133811754481344 drain_beg 0 0
1615485612742643 133811754481344 drain_end 1 0
1615485612743283 133811754481344 subm_beg 1 0
1615485612746453 133811746088640 emit_beg 1471 0
1615485616298562 133811754481344 subm_end 1 0
1615485616299042 133811754481344 pump_beg 1 0
1615485621939155 133811746088640 emit_end 1471 0
1615485633254870 133811754481344 pump_end 1 2
1615485633256010 133811754481344 join_beg 1 0
1615485633256760 133811754481344 join_end 0 0
1615485635910012 133811754481344 coll_beg 0 0
1615485644749538 133811754481344 coll_end 0 0
1615485647655521 133811746088640 emit_beg 1472 0
1615485647659711 133811754481344 drain_beg 0 0
1615485647662541 133811754481344 drain_end 1 0
1615485647664081 133811754481344 subm_beg 1 0
1615485651478071 133811746088640 emit_end 1472 0
1615485653107351 133811754481344 subm_end 1 0
1615485653108191 133811754481344 pump_beg 1 0
1615485670696855 133811754481344 pump_end 1 2
1615485670698385 133811754481344 join_beg 1 0
1615485670700465 133811754481344 join_end 0 0
1615485673907878 133811754481344 coll_beg 0 0
1615485682779002 133811754481344 coll_end 0 0
1615485684664273 133811754481344 drain_beg 0 0
1615485684664483 133811746088640 emit_beg 1473 0
1615485684665643 133811754481344 drain_end 1 0
1615485684669802 133811754481344 subm_beg 1 0
1615485688299609 133811754481344 subm_end 1 0
1615485688299999 133811754481344 pump_beg 1 0
1615485692290403 133811746088640 emit_end 1473 0
1615485705602224 133811754481344 pump_end 1 2
1615485705605184 133811754481344 join_beg 1 0
1615485705606934 133811754481344 join_end 0 0
1615485708115932 133811754481344 coll_beg 0 0
1615485716277962 133811754481344 coll_end 0 0
1615485719748115 133811754481344 drain_beg 0 0
1615485719749085 133811754481344 drain_end 1 0
1615485719749845 133811754481344 subm_beg 1 0
1615485719749965 133811746088640 emit_beg 1474 0
1615485721588857 133811754481344 subm_end 1 0
1615485721589297 133811754481344 pump_beg 1 0
1615485727360605 133811746088640 emit_end 1474 0
1615485738981979 133811754481344 pump_end 1 2
1615485738985129 133811754481344 join_beg 1 0
1615485738986139 133811754481344 join_end 0 0
1615485740945317 133811754481344 coll_beg 0 0
1615485748885405 133811754481344 coll_end 0 0
1615485752418925 133811754481344 drain_beg 0 0
1615485752419765 133811754481344 drain_end 1 0
1615485752420545 133811754481344 subm_beg 1 0
1615485752421485 133811746088640 emit_beg 1475 0
1615485755978425 133811754481344 subm_end 1 0
1615485755978845 133811754481344 pump_beg 1 0
1615485761602438 133811746088640 emit_end 1475 0
1615485772881304 133811754481344 pump_end 1 2
1615485772882394 133811754481344 join_beg 1 0
1615485772883044 133811754481344 join_end 0 0
1615485774840822 133811754481344 coll_beg 0 0
1615485782264770 133811754481344 coll_end 0 0
1615485784109072 133811746088640 emit_beg 1476 0
1615485785914376 133811754481344 drain_beg 0 0
1615485785916036 133811754481344 drain_end 1 0
1615485785916666 133811754481344 subm_beg 1 0
1615485791309168 133811754481344 subm_end 1 0
1615485791309888 133811754481344 pump_beg 1 0
1615485793429760 133811746088640 emit_end 1476 0
1615485808229667 133811754481344 pump_end 1 2
1615485808236936 133811754481344 join_beg 1 0
1615485808239006 133811754481344 join_end 0 0
1615485811748267 133811754481344 coll_beg 0 0
1615485821365385 133811754481344 coll_end 0 0
1615485823316423 133811754481344 drain_beg 0 0
1615485823317723 133811754481344 drain_end 1 0
1615485823318173 133811754481344 subm_beg 1 0
1615485823324983 133811746088640 emit_beg 1477 0
1615485826845913 133811754481344 subm_end 1 0
1615485826846343 133811754481344 pump_beg 1 0
1615485832427978 133811746088640 emit_end 1477 0
1615485843927816 133811754481344 pump_end 1 2
1615485843934536 133811754481344 join_beg 1 0
1615485843936346 133811754481344 join_end 0 0
1615485846784271 133811754481344 coll_beg 0 0
1615485854946912 133811754481344 coll_end 0 0
1615485858482192 133811754481344 drain_beg 0 0
1615485858483302 133811754481344 drain_end 1 0
1615485858483952 133811754481344 subm_beg 1 0
1615485858487282 133811746088640 emit_beg 1478 0
1615485860294615 133811754481344 subm_end 1 0
1615485860295035 133811754481344 pump_beg 1 0
1615485864311098 133811746088640 emit_end 1478 0
1615485876932215 133811754481344 pump_end 1 2
1615485876933265 133811754481344 join_beg 1 0
1615485876934495 133811754481344 join_end 0 0
1615485878829585 133811754481344 coll_beg 0 0
1615485885965333 133811754481344 coll_end 0 0
1615485887690440 133811746088640 emit_beg 1479 0
1615485889393807 133811754481344 drain_beg 0 0
1615485889394537 133811754481344 drain_end 1 0
1615485889394957 133811754481344 subm_beg 1 0
1615485894771650 133811754481344 subm_end 1 0
1615485894772050 133811754481344 pump_beg 1 0
1615485897152243 133811746088640 emit_end 1479 0
1615485911347651 133811754481344 pump_end 1 2
1615485911349321 133811754481344 join_beg 1 0
1615485911350491 133811754481344 join_end 0 0
1615485914817994 133811754481344 coll_beg 0 0
1615485922249571 133811754481344 coll_end 0 0
1615485924021606 133811754481344 drain_beg 0 0
1615485924023566 133811754481344 drain_end 1 0
1615485924024706 133811754481344 subm_beg 1 0
1615485924050005 133811746088640 emit_beg 1480 0
1615485927522918 133811754481344 subm_end 1 0
1615485927524687 133811754481344 pump_beg 1 0
1615485933172280 133811746088640 emit_end 1480 0
1615485945095323 133811754481344 pump_end 1 2
1615485945096402 133811754481344 join_beg 1 0
1615485945097932 133811754481344 join_end 0 0
1615485948541826 133811754481344 coll_beg 0 0
1615485958685214 133811754481344 coll_end 0 0
1615485960600813 133811754481344 drain_beg 0 0
1615485960601613 133811754481344 drain_end 1 0
1615485960602203 133811754481344 subm_beg 1 0
1615485960613253 133811746088640 emit_beg 1481 0
1615485962453665 133811754481344 subm_end 1 0
1615485962454185 133811754481344 pump_beg 1 0
1615485967891096 133811746088640 emit_end 1481 0
1615485979066955 133811754481344 pump_end 1 2
1615485979069495 133811754481344 join_beg 1 0
1615485979074365 133811754481344 join_end 0 0
1615485982255318 133811754481344 coll_beg 0 0
1615485990630491 133811754481344 coll_end 0 0
1615485993509175 133811754481344 drain_beg 0 0
1615485993509965 133811754481344 drain_end 1 0
1615485993510365 133811754481344 subm_beg 1 0
1615485993517705 133811746088640 emit_beg 1482 0
1615485996994397 133811754481344 subm_end 1 0
1615485996994837 133811754481344 pump_beg 1 0
1615486002712857 133811746088640 emit_end 1482 0
1615486012795207 133811754481344 pump_end 1 2
1615486012797477 133811754481344 join_beg 1 0
1615486012798657 133811754481344 join_end 0 0
1615486014582852 133811754481344 coll_beg 0 0
1615486022143444 133811754481344 coll_end 0 0
1615486023949648 133811746088640 emit_beg 1483 0
1615486025667455 133811754481344 drain_beg 0 0
1615486025668975 133811754481344 drain_end 1 0
1615486025669735 133811754481344 subm_beg 1 0
1615486030797346 133811754481344 subm_end 1 0
1615486030797816 133811754481344 pump_beg 1 0
1615486032819932 133811746088640 emit_end 1483 0
1615486047640408 133811754481344 pump_end 1 2
1615486047646268 133811754481344 join_beg 1 0
1615486047649018 133811754481344 join_end 0 0
1615486050735315 133811754481344 coll_beg 0 0
1615486057870913 133811754481344 coll_end 0 0
1615486059709185 133811754481344 drain_beg 0 0
1615486059710355 133811754481344 drain_end 1 0
1615486059711375 133811754481344 subm_beg 1 0
1615486059730134 133811746088640 emit_beg 1484 0
1615486061484450 133811754481344 subm_end 1 0
1615486061484880 133811754481344 pump_beg 1 0
1615486068823051 133811746088640 emit_end 1484 0
1615486078291653 133811754481344 pump_end 1 2
1615486078294053 133811754481344 join_beg 1 0
1615486078294853 133811754481344 join_end 0 0
1615486080232892 133811754481344 coll_beg 0 0
1615486088295206 133811754481344 coll_end 0 0
1615486091367113 133811754481344 drain_beg 0 0
1615486091368013 133811754481344 drain_end 1 0
1615486091368763 133811754481344 subm_beg 1 0
1615486091389332 133811746088640 emit_beg 1485 0
1615486094770738 133811754481344 subm_end 1 0
1615486094771178 133811754481344 pump_beg 1 0
1615486100442760 133811746088640 emit_end 1485 0
1615486111917799 133811754481344 pump_end 1 2
1615486111922638 133811754481344 join_beg 1 0
1615486111924598 133811754481344 join_end 0 0
1615486113869337 133811754481344 coll_beg 0 0
1615486122209701 133811754481344 coll_end 0 0
1615486125047207 133811754481344 drain_beg 0 0
1615486125050067 133811754481344 drain_end 1 0
1615486125051637 133811754481344 subm_beg 1 0
1615486125068156 133811746088640 emit_beg 1486 0
1615486128896325 133811754481344 subm_end 1 0
1615486128898375 133811754481344 pump_beg 1 0
1615486134537428 133811746088640 emit_end 1486 0
1615486146163262 133811754481344 pump_end 1 2
1615486146165781 133811754481344 join_beg 1 0
1615486146167811 133811754481344 join_end 0 0
1615486148058002 133811754481344 coll_beg 0 0
1615486155791368 133811754481344 coll_end 0 0
1615486159166944 133811754481344 drain_beg 0 0
1615486159168084 133811754481344 drain_end 1 0
1615486159168724 133811754481344 subm_beg 1 0
1615486159191793 133811746088640 emit_beg 1487 0
1615486162620777 133811754481344 subm_end 1 0
1615486162621747 133811754481344 pump_beg 1 0
1615486168222742 133811746088640 emit_end 1487 0
1615486180091336 133811754481344 pump_end 1 2
1615486180093826 133811754481344 join_beg 1 0
1615486180095296 133811754481344 join_end 0 0
1615486181951318 133811754481344 coll_beg 0 0
1615486189817829 133811754481344 coll_end 0 0
1615486193075399 133811754481344 drain_beg 0 0
1615486193076239 133811754481344 drain_end 1 0
1615486193076389 133811746088640 emit_beg 1488 0
1615486193077049 133811754481344 subm_beg 1 0
1615486196550682 133811754481344 subm_end 1 0
1615486196551222 133811754481344 pump_beg 1 0
1615486202016301 133811746088640 emit_end 1488 0
1615486213626185 133811754481344 pump_end 1 2
1615486213627265 133811754481344 join_beg 1 0
1615486213628225 133811754481344 join_end 0 0
1615486215423559 133811754481344 coll_beg 0 0
1615486223206823 133811754481344 coll_end 0 0
1615486226536611 133811754481344 drain_beg 0 0
1615486226546191 133811754481344 drain_end 1 0
1615486226546991 133811754481344 subm_beg 1 0
1615486226557580 133811746088640 emit_beg 1489 0
1615486229917227 133811754481344 subm_end 1 0
1615486229917657 133811754481344 pump_beg 1 0
1615486235463833 133811746088640 emit_end 1489 0
1615486246240088 133811754481344 pump_end 1 2
1615486246242098 133811754481344 join_beg 1 0
1615486246243168 133811754481344 join_end 0 0
1615486248038692 133811754481344 coll_beg 0 0
1615486255217198 133811754481344 coll_end 0 0
1615486257062871 133811746088640 emit_beg 1490 0
1615486258756768 133811754481344 drain_beg 0 0
1615486258761658 133811754481344 drain_end 1 0
1615486258763218 133811754481344 subm_beg 1 0
1615486264112132 133811754481344 subm_end 1 0
1615486264114152 133811754481344 pump_beg 1 0
1615486267868684 133811746088640 emit_end 1490 0
1615486279703979 133811754481344 pump_end 1 2
1615486279706099 133811754481344 join_beg 1 0
1615486279707199 133811754481344 join_end 0 0
1615486282615353 133811754481344 coll_beg 0 0
1615486288886272 133811754481344 coll_end 0 0
1615486292390164 133811754481344 drain_beg 0 0
1615486292390924 133811754481344 drain_end 1 0
1615486292391634 133811754481344 subm_beg 1 0
1615486292415503 133811746088640 emit_beg 1491 0
1615486296004441 133811754481344 subm_end 1 0
1615486296004861 133811754481344 pump_beg 1 0
1615486301906874 133811746088640 emit_end 1491 0
1615486311523751 133811754481344 pump_end 1 2
1615486311524931 133811754481344 join_beg 1 0
1615486311525481 133811754481344 join_end 0 0
1615486313388093 133811754481344 coll_beg 0 0
1615486321034422 133811754481344 coll_end 0 0
1615486322954622 133811746088640 emit_beg 1492 0
1615486324719687 133811754481344 drain_beg 0 0
1615486324721137 133811754481344 drain_end 1 0
1615486324721877 133811754481344 subm_beg 1 0
1615486330150568 133811754481344 subm_end 1 0
1615486330151167 133811754481344 pump_beg 1 0
1615486332352007 133811746088640 emit_end 1492 0
1615486346295095 133811754481344 pump_end 1 2
1615486346299895 133811754481344 join_beg 1 0
1615486346301535 133811754481344 join_end 0 0
1615486349608503 133811754481344 coll_beg 0 0
1615486359520339 133811754481344 coll_end 0 0
1615486361470928 133811754481344 drain_beg 0 0
1615486361471738 133811754481344 drain_end 1 0
1615486361472518 133811754481344 subm_beg 1 0
1615486361497937 133811746088640 emit_beg 1493 0
1615486363290271 133811754481344 subm_end 1 0
1615486363290691 133811754481344 pump_beg 1 0
1615486369110067 133811746088640 emit_end 1493 0
1615486380114933 133811754481344 pump_end 1 2
1615486380115753 133811754481344 join_beg 1 0
1615486380116093 133811754481344 join_end 0 0
1615486383376424 133811754481344 coll_beg 0 0
1615486391703888 133811754481344 coll_end 0 0
1615486394978108 133811754481344 drain_beg 0 0
1615486394979088 133811754481344 drain_end 1 0
1615486394979568 133811754481344 subm_beg 1 0
1615486395000007 133811746088640 emit_beg 1494 0
1615486398541147 133811754481344 subm_end 1 0
1615486398541657 133811754481344 pump_beg 1 0
1615486404235788 133811746088640 emit_end 1494 0
1615486414808730 133811754481344 pump_end 1 2
1615486414809310 133811754481344 join_beg 1 0
1615486414810040 133811754481344 join_end 0 0
1615486416665522 133811754481344 coll_beg 0 0
1615486424798933 133811754481344 coll_end 0 0
1615486427076589 133811746088640 emit_beg 1495 0
1615486428914702 133811754481344 drain_beg 0 0
1615486428919642 133811754481344 drain_end 1 0
1615486428921162 133811754481344 subm_beg 1 0
1615486434372322 133811754481344 subm_end 1 0
1615486434374222 133811754481344 pump_beg 1 0
1615486436536952 133811746088640 emit_end 1495 0
1615486451058749 133811754481344 pump_end 1 2
1615486451061499 133811754481344 join_beg 1 0
1615486451062629 133811754481344 join_end 0 0
1615486453393033 133811754481344 coll_beg 0 0
1615486461127240 133811754481344 coll_end 0 0
1615486463102937 133811754481344 drain_beg 0 0
1615486463103617 133811754481344 drain_end 1 0
1615486463104587 133811754481344 subm_beg 1 0
1615486463125206 133811746088640 emit_beg 1496 0
1615486466662556 133811754481344 subm_end 1 0
1615486466669356 133811754481344 pump_beg 1 0
1615486472463623 133811746088640 emit_end 1496 0
1615486483754049 133811754481344 pump_end 1 2
1615486483755429 133811754481344 join_beg 1 0
1615486483756219 133811754481344 join_end 0 0
1615486485695388 133811754481344 coll_beg 0 0
1615486493735172 133811754481344 coll_end 0 0
1615486497268093 133811754481344 drain_beg 0 0
1615486497268933 133811754481344 drain_end 1 0
1615486497269943 133811754481344 subm_beg 1 0
1615486497291062 133811746088640 emit_beg 1497 0
1615486500875120 133811754481344 subm_end 1 0
1615486500875490 133811754481344 pump_beg 1 0
1615486506718956 133811746088640 emit_end 1497 0
1615486518362369 133811754481344 pump_end 1 2
1615486518366358 133811754481344 join_beg 1 0
1615486518367628 133811754481344 join_end 0 0
1615486520342806 133811754481344 coll_beg 0 0
1615486529984832 133811754481344 coll_end 0 0
1615486531944550 133811754481344 drain_beg 0 0
1615486531945460 133811754481344 drain_end 1 0
1615486531946190 133811754481344 subm_beg 1 0
1615486531967509 133811746088640 emit_beg 1498 0
1615486535498459 133811754481344 subm_end 1 0
1615486535498889 133811754481344 pump_beg 1 0
1615486541415922 133811746088640 emit_end 1498 0
1615486553314025 133811754481344 pump_end 1 2
1615486553315075 133811754481344 join_beg 1 0
1615486553315665 133811754481344 join_end 0 0
1615486555146268 133811754481344 coll_beg 0 0
1615486564774445 133811754481344 coll_end 0 0
1615486566627127 133811746088640 emit_beg 1499 0
1615486568443280 133811754481344 drain_beg 0 0
1615486568444940 133811754481344 drain_end 1 0
1615486568445700 133811754481344 subm_beg 1 0
1615486573862721 133811754481344 subm_end 1 0
1615486573863531 133811754481344 pump_beg 1 0
1615486576401878 133811746088640 emit_end 1499 0
1615486591197525 133811754481344 pump_end 1 2
1615486591198735 133811754481344 join_beg 1 0
1615486591199255 133811754481344 join_end 0 0
1615486593152283 133811754481344 coll_beg 0 0
1615486602567777 133811754481344 coll_end 0 0
1615486605720512 133811746088640 emit_beg 1500 0
1615486607493647 133811754481344 drain_beg 0 0
1615486607496037 133811754481344 drain_end 1 0
1615486607497586 133811754481344 subm_beg 1 0
1615486613103081 133811754481344 subm_end 1 0
1615486613105281 133811754481344 pump_beg 1 0
1615486615892158 133811746088640 emit_end 1500 0
1615486629447031 133811754481344 pump_end 1 2
1615486629447961 133811754481344 join_beg 1 0
1615486629448431 133811754481344 join_end 0 0
1615486631863472 133811754481344 coll_beg 0 0
1615486640218155 133811754481344 coll_end 0 0
1615486643249744 133811754481344 drain_beg 0 0
1615486643250354 133811754481344 drain_end 1 0
1615486643250774 133811754481344 subm_beg 1 0
1615486643255724 133811746088640 emit_beg 1501 0
1615486646810763 133811754481344 subm_end 1 0
1615486646811233 133811754481344 pump_beg 1 0
1615486652474825 133811746088640 emit_end 1501 0
1615486662469149 133811754481344 pump_end 1 2
1615486662470259 133811754481344 join_beg 1 0
1615486662470828 133811754481344 join_end 0 0
1615486664390938 133811754481344 coll_beg 0 0
1615486671761227 133811754481344 coll_end 0 0
1615486673968816 133811746088640 emit_beg 1502 0
1615486675753271 133811754481344 drain_beg 0 0
1615486675754011 133811754481344 drain_end 1 0
1615486675754771 133811754481344 subm_beg 1 0
1615486681082175 133811754481344 subm_end 1 0
1615486681082705 133811754481344 pump_beg 1 0
1615486683193268 133811746088640 emit_end 1502 0
1615486696825927 133811754481344 pump_end 1 2
1615486696826697 133811754481344 join_beg 1 0
1615486696827157 133811754481344 join_end 0 0
1615486699677183 133811754481344 coll_beg 0 0
1615486706755103 133811754481344 coll_end 0 0
1615486709358747 133811754481344 drain_beg 0 0
1615486709359527 133811754481344 drain_end 1 0
1615486709360267 133811754481344 subm_beg 1 0
1615486709366397 133811746088640 emit_beg 1503 0
1615486712744883 133811754481344 subm_end 1 0
1615486712745383 133811754481344 pump_beg 1 0
1615486718222142 133811746088640 emit_end 1503 0
1615486728256844 133811754481344 pump_end 1 2
1615486728262123 133811754481344 join_beg 1 0
1615486728277923 133811754481344 join_end 0 0
1615486730257770 133811754481344 coll_beg 0 0
1615486738296325 133811754481344 coll_end 0 0
1615486741385942 133811754481344 drain_beg 0 0
1615486741386612 133811754481344 drain_end 1 0
1615486741386982 133811754481344 subm_beg 1 0
1615486741387722 133811746088640 emit_beg 1504 0
1615486744867084 133811754481344 subm_end 1 0
1615486744867464 133811754481344 pump_beg 1 0
1615486748653615 133811746088640 emit_end 1504 0
1615486760163362 133811754481344 pump_end 1 2
1615486760164042 133811754481344 join_beg 1 0
1615486760164552 133811754481344 join_end 0 0
1615486761958746 133811754481344 coll_beg 0 0
1615486769026787 133811754481344 coll_end 0 0
1615486771584793 133811746088640 emit_beg 1505 0
1615486773325549 133811754481344 drain_beg 0 0
1615486773326149 133811754481344 drain_end 1 0
1615486773326579 133811754481344 subm_beg 1 0
1615486778382123 133811754481344 subm_end 1 0
1615486778382553 133811754481344 pump_beg 1 0
1615486780370451 133811746088640 emit_end 1505 0
1615486794175874 133811754481344 pump_end 1 2
1615486794177694 133811754481344 join_beg 1 0
1615486794178944 133811754481344 join_end 0 0
1615486796759609 133811754481344 coll_beg 0 0
1615486804795564 133811754481344 coll_end 0 0
1615486808030845 133811754481344 drain_beg 0 0
1615486808033435 133811754481344 drain_end 1 0
1615486808034775 133811754481344 subm_beg 1 0
1615486808055514 133811746088640 emit_beg 1506 0
1615486811522847 133811754481344 subm_end 1 0
1615486811524607 133811754481344 pump_beg 1 0
1615486817110672 133811746088640 emit_end 1506 0
1615486827106365 133811754481344 pump_end 1 2
1615486827107505 133811754481344 join_beg 1 0
1615486827108165 133811754481344 join_end 0 0
1615486830258519 133811754481344 coll_beg 0 0
1615486838193238 133811754481344 coll_end 0 0
1615486841444209 133811754481344 drain_beg 0 0
1615486841445949 133811754481344 drain_end 1 0
1615486841446299 133811746088640 emit_beg 1507 0
1615486841446958 133811754481344 subm_beg 1 0
1615486844876593 133811754481344 subm_end 1 0
1615486844876983 133811754481344 pump_beg 1 0
1615486850455668 133811746088640 emit_end 1507 0
1615486860494849 133811754481344 pump_end 1 2
1615486860495409 133811754481344 join_beg 1 0
1615486860495969 133811754481344 join_end 0 0
1615486864048629 133811754481344 coll_beg 0 0
1615486871547123 133811754481344 coll_end 0 0
1615486873585399 133811754481344 drain_beg 0 0
1615486873585939 133811754481344 drain_end 1 0
1615486873586559 133811754481344 subm_beg 1 0
1615486873592798 133811746088640 emit_beg 1508 0
1615486877096470 133811754481344 subm_end 1 0
1615486877096910 133811754481344 pump_beg 1 0
1615486882588278 133811746088640 emit_end 1508 0
1615486893020145 133811754481344 pump_end 1 2
1615486893020985 133811754481344 join_beg 1 0
1615486893021525 133811754481344 join_end 0 0
1615486894779471 133811754481344 coll_beg 0 0
1615486903044217 133811754481344 coll_end 0 0
1615486905915242 133811754481344 drain_beg 0 0
1615486905915882 133811754481344 drain_end 1 0
1615486905916262 133811754481344 subm_beg 1 0
1615486905921812 133811746088640 emit_beg 1509 0
1615486909351826 133811754481344 subm_end 1 0
1615486909352156 133811754481344 pump_beg 1 0
1615486914932911 133811746088640 emit_end 1509 0
1615486926151249 133811754481344 pump_end 1 2
1615486926153009 133811754481344 join_beg 1 0
1615486926154059 133811754481344 join_end 0 0
1615486929806225 133811754481344 coll_beg 0 0
1615486938335342 133811754481344 coll_end 0 0
1615486941077821 133811754481344 drain_beg 0 0
1615486941078961 133811754481344 drain_end 1 0
1615486941079711 133811754481344 subm_beg 1 0
1615486941103400 133811746088640 emit_beg 1510 0
1615486944525195 133811754481344 subm_end 1 0
1615486944525595 133811754481344 pump_beg 1 0
1615486950184697 133811746088640 emit_end 1510 0
1615486961679285 133811754481344 pump_end 1 2
1615486961680685 133811754481344 join_beg 1 0
1615486961681365 133811754481344 join_end 0 0
1615486964212052 133811754481344 coll_beg 0 0
1615486974679238 133811754481344 coll_end 0 0
1615486976465132 133811754481344 drain_beg 0 0
1615486976478012 133811754481344 drain_end 1 0
1615486976479441 133811754481344 subm_beg 1 0
1615486976470822 133811746088640 emit_beg 1511 0
1615486979903776 133811754481344 subm_end 1 0
1615486979904426 133811754481344 pump_beg 1 0
1615486985593747 133811746088640 emit_end 1511 0
1615486997110064 133811754481344 pump_end 1 2
1615486997110994 133811754481344 join_beg 1 0
1615486997111684 133811754481344 join_end 0 0
1615487000540078 133811754481344 coll_beg 0 0
1615487009746550 133811754481344 coll_end 0 0
1615487011844093 133811754481344 drain_beg 0 0
1615487011844913 133811754481344 drain_end 1 0
1615487011845533 133811754481344 subm_beg 1 0
1615487011850143 133811746088640 emit_beg 1512 0
1615487015287137 133811754481344 subm_end 1 0
1615487015287427 133811754481344 pump_beg 1 0
1615487021160721 133811746088640 emit_end 1512 0
1615487031586899 133811754481344 pump_end 1 2
1615487031588139 133811754481344 join_beg 1 0
1615487031588719 133811754481344 join_end 0 0
1615487033406922 133811754481344 coll_beg 0 0
1615487040807420 133811754481344 coll_end 0 0
1615487042621564 133811746088640 emit_beg 1513 0
1615487044265763 133811754481344 drain_beg 0 0
1615487044266343 133811754481344 drain_end 1 0
1615487044266743 133811754481344 subm_beg 1 0
1615487049448093 133811754481344 subm_end 1 0
1615487049448423 133811754481344 pump_beg 1 0
1615487053367679 133811746088640 emit_end 1513 0
1615487065418177 133811754481344 pump_end 1 2
1615487065419277 133811754481344 join_beg 1 0
1615487065420007 133811754481344 join_end 0 0
1615487067859657 133811754481344 coll_beg 0 0
1615487075649721 133811754481344 coll_end 0 0
1615487077578220 133811754481344 drain_beg 0 0
1615487077579390 133811754481344 drain_end 1 0
1615487077579890 133811754481344 subm_beg 1 0
1615487077603669 133811746088640 emit_beg 1514 0
1615487081080372 133811754481344 subm_end 1 0
1615487081080712 133811754481344 pump_beg 1 0
1615487086513872 133811746088640 emit_end 1514 0
1615487097868905 133811754481344 pump_end 1 2
1615487097870445 133811754481344 join_beg 1 0
1615487097870955 133811754481344 join_end 0 0
1615487101389366 133811754481344 coll_beg 0 0
1615487109264167 133811754481344 coll_end 0 0
1615487111374020 133811754481344 drain_beg 0 0
1615487111375010 133811754481344 drain_end 1 0
1615487111375580 133811754481344 subm_beg 1 0
1615487111400589 133811746088640 emit_beg 1515 0
1615487114920639 133811754481344 subm_end 1 0
1615487114921149 133811754481344 pump_beg 1 0
1615487120763245 133811746088640 emit_end 1515 0
1615487131684564 133811754481344 pump_end 1 2
1615487131686044 133811754481344 join_beg 1 0
1615487131686654 133811754481344 join_end 0 0
1615487133586634 133811754481344 coll_beg 0 0
1615487141416767 133811754481344 coll_end 0 0
1615487143307967 133811746088640 emit_beg 1516 0
1615487145122901 133811754481344 drain_beg 0 0
1615487145123421 133811754481344 drain_end 1 0
1615487145123791 133811754481344 subm_beg 1 0
1615487150557121 133811754481344 subm_end 1 0
1615487150557611 133811754481344 pump_beg 1 0
1615487156370868 133811746088640 emit_end 1516 0
1615487167127133 133811754481344 pump_end 1 2
1615487167127833 133811754481344 join_beg 1 0
1615487167128113 133811754481344 join_end 0 0
1615487168893788 133811754481344 coll_beg 0 0
1615487177603748 133811754481344 coll_end 0 0
1615487180443244 133811754481344 drain_beg 0 0
1615487180445634 133811754481344 drain_end 1 0
1615487180446794 133811754481344 subm_beg 1 0
1615487180461714 133811746088640 emit_beg 1517 0
1615487183965935 133811754481344 subm_end 1 0
1615487183966365 133811754481344 pump_beg 1 0
1615487190021203 133811746088640 emit_end 1517 0
1615487200336524 133811754481344 pump_end 1 2
1615487200337784 133811754481344 join_beg 1 0
1615487200338434 133811754481344 join_end 0 0
1615487202211335 133811754481344 coll_beg 0 0
1615487210060177 133811754481344 coll_end 0 0
1615487211908299 133811746088640 emit_beg 1518 0
1615487213651585 133811754481344 drain_beg 0 0
1615487213652175 133811754481344 drain_end 1 0
1615487213652605 133811754481344 subm_beg 1 0
1615487219083956 133811754481344 subm_end 1 0
1615487219084466 133811754481344 pump_beg 1 0
1615487223110548 133811746088640 emit_end 1518 0
1615487234440272 133811754481344 pump_end 1 2
1615487234441122 133811754481344 join_beg 1 0
1615487234441742 133811754481344 join_end 0 0
1615487236275555 133811754481344 coll_beg 0 0
1615487243152202 133811754481344 coll_end 0 0
1615487245726858 133811746088640 emit_beg 1519 0
1615487247538041 133811754481344 drain_beg 0 0
1615487247543571 133811754481344 drain_end 1 0
1615487247544961 133811754481344 subm_beg 1 0
1615487252917904 133811754481344 subm_end 1 0
1615487252920084 133811754481344 pump_beg 1 0
1615487255068455 133811746088640 emit_end 1519 0
1615487268509281 133811754481344 pump_end 1 2
1615487268511181 133811754481344 join_beg 1 0
1615487268512141 133811754481344 join_end 0 0
1615487270600245 133811754481344 coll_beg 0 0
1615487278995176 133811754481344 coll_end 0 0
1615487282290866 133811746088640 emit_beg 1520 0
1615487282292566 133811754481344 drain_beg 0 0
1615487282294895 133811754481344 drain_end 1 0
1615487282296135 133811754481344 subm_beg 1 0
1615487286095746 133811746088640 emit_end 1520 0
1615487287755325 133811754481344 subm_end 1 0
1615487287756065 133811754481344 pump_beg 1 0
1615487305368728 133811754481344 pump_end 1 2
1615487305370838 133811754481344 join_beg 1 0
1615487305372098 133811754481344 join_end 0 0
1615487310718572 133811754481344 coll_beg 0 0
1615487322491560 133811754481344 coll_end 0 0
1615487324512966 133811754481344 drain_beg 0 0
1615487324513806 133811754481344 drain_end 1 0
1615487324514526 133811754481344 subm_beg 1 0
1615487324523365 133811746088640 emit_beg 1521 0
1615487326271311 133811754481344 subm_end 1 0
1615487326271691 133811754481344 pump_beg 1 0
1615487330160598 133811746088640 emit_end 1521 0
1615487342823374 133811754481344 pump_end 1 2
1615487342824023 133811754481344 join_beg 1 0
1615487342824403 133811754481344 join_end 0 0
1615487344625567 133811754481344 coll_beg 0 0
1615487352650183 133811754481344 coll_end 0 0
1615487356177413 133811754481344 drain_beg 0 0
1615487356177793 133811754481344 drain_end 1 0
1615487356178263 133811754481344 subm_beg 1 0
1615487356183273 133811746088640 emit_beg 1522 0
1615487359726683 133811754481344 subm_end 1 0
1615487359727023 133811754481344 pump_beg 1 0
1615487365237231 133811746088640 emit_end 1522 0
1615487375977346 133811754481344 pump_end 1 2
1615487375978286 133811754481344 join_beg 1 0
1615487375978516 133811754481344 join_end 0 0
1615487377794360 133811754481344 coll_beg 0 0
1615487385841404 133811754481344 coll_end 0 0
1615487389375855 133811754481344 drain_beg 0 0
1615487389376355 133811754481344 drain_end 1 0
1615487389376675 133811754481344 subm_beg 1 0
1615487389377315 133811746088640 emit_beg 1523 0
1615487392926664 133811754481344 subm_end 1 0
1615487392926994 133811754481344 pump_beg 1 0
1615487398470021 133811746088640 emit_end 1523 0
1615487409610502 133811754481344 pump_end 1 2
1615487409611352 133811754481344 join_beg 1 0
1615487409611942 133811754481344 join_end 0 0
1615487412869662 133811754481344 coll_beg 0 0
1615487421484586 133811754481344 coll_end 0 0
1615487424598312 133811754481344 drain_beg 0 0
1615487424599402 133811754481344 drain_end 1 0
1615487424599412 133811746088640 emit_beg 1524 0
1615487424600312 133811754481344 subm_beg 1 0
1615487428132352 133811754481344 subm_end 1 0
1615487428133032 133811754481344 pump_beg 1 0
1615487433739076 133811746088640 emit_end 1524 0
1615487445136698 133811754481344 pump_end 1 2
1615487445137618 133811754481344 join_beg 1 0
1615487445137958 133811754481344 join_end 0 0
1615487447409834 133811754481344 coll_beg 0 0
1615487455043764 133811754481344 coll_end 0 0
1615487457174716 133811754481344 drain_beg 0 0
1615487457175236 133811754481344 drain_end 1 0
1615487457176416 133811754481344 subm_beg 1 0
1615487457178646 133811746088640 emit_beg 1525 0
1615487460708026 133811754481344 subm_end 1 0
1615487460708546 133811754481344 pump_beg 1 0
1615487466288851 133811746088640 emit_end 1525 0
1615487477350465 133811754481344 pump_end 1 2
1615487477355905 133811754481344 join_beg 1 0
1615487477356445 133811754481344 join_end 0 0
1615487479194507 133811754481344 coll_beg 0 0
1615487486647434 133811754481344 coll_end 0 0
1615487488507096 133811746088640 emit_beg 1526 0
1615487490251212 133811754481344 drain_beg 0 0
1615487490252022 133811754481344 drain_end 1 0
1615487490252621 133811754481344 subm_beg 1 0
1615487495650663 133811754481344 subm_end 1 0
1615487495651083 133811754481344 pump_beg 1 0
1615487497671349 133811746088640 emit_end 1526 0
1615487512078830 133811754481344 pump_end 1 2
1615487512079660 133811754481344 join_beg 1 0
1615487512080050 133811754481344 join_end 0 0
1615487514312538 133811754481344 coll_beg 0 0
1615487521859241 133811754481344 coll_end 0 0
1615487523884097 133811754481344 drain_beg 0 0
1615487523884757 133811754481344 drain_end 1 0
1615487523885407 133811754481344 subm_beg 1 0
1615487523890427 133811746088640 emit_beg 1527 0
1615487527253203 133811754481344 subm_end 1 0
1615487527253683 133811754481344 pump_beg 1 0
1615487532660375 133811746088640 emit_end 1527 0
1615487544104625 133811754481344 pump_end 1 2
1615487544106375 133811754481344 join_beg 1 0
1615487544106965 133811754481344 join_end 0 0
1615487548701226 133811754481344 coll_beg 0 0
1615487562152102 133811754481344 coll_end 0 0
1615487563920057 133811754481344 drain_beg 0 0
1615487563920747 133811754481344 drain_end 1 0
1615487563921287 133811754481344 subm_beg 1 0
1615487563926957 133811746088640 emit_beg 1528 0
1615487565733461 133811754481344 subm_end 1 0
1615487565733971 133811754481344 pump_beg 1 0
1615487571337475 133811746088640 emit_end 1528 0
1615487583774918 133811754481344 pump_end 1 2
1615487583776338 133811754481344 join_beg 1 0
1615487583777168 133811754481344 join_end 0 0
1615487585633330 133811754481344 coll_beg 0 0
1615487594418658 133811754481344 coll_end 0 0
1615487597340980 133811754481344 drain_beg 0 0
1615487597341530 133811754481344 drain_end 1 0
1615487597341990 133811754481344 subm_beg 1 0
1615487597343420 133811746088640 emit_beg 1529 0
1615487600794534 133811754481344 subm_end 1 0
1615487600794884 133811754481344 pump_beg 1 0
1615487606332700 133811746088640 emit_end 1529 0
1615487617645035 133811754481344 pump_end 1 2
1615487617648325 133811754481344 join_beg 1 0
1615487617649845 133811754481344 join_end 0 0
1615487619634482 133811754481344 coll_beg 0 0
1615487631740268 133811754481344 coll_end 0 0
1615487633616459 133811754481344 drain_beg 0 0
1615487633617329 133811754481344 drain_end 1 0
1615487633617669 133811754481344 subm_beg 1 0
1615487633624608 133811746088640 emit_beg 1530 0
1615487637080842 133811754481344 subm_end 1 0
1615487637081282 133811754481344 pump_beg 1 0
1615487642696395 133811746088640 emit_end 1530 0
1615487653776039 133811754481344 pump_end 1 2
1615487653776589 133811754481344 join_beg 1 0
1615487653776829 133811754481344 join_end 0 0
1615487656550307 133811754481344 coll_beg 0 0
1615487664737966 133811754481344 coll_end 0 0
1615487667526354 133811754481344 drain_beg 0 0
1615487667526864 133811754481344 drain_end 1 0
1615487667527224 133811754481344 subm_beg 1 0
1615487667529244 133811746088640 emit_beg 1531 0
1615487670977057 133811754481344 subm_end 1 0
1615487670977457 133811754481344 pump_beg 1 0
1615487676444257 133811746088640 emit_end 1531 0
1615487687680634 133811754481344 pump_end 1 2
1615487687682274 133811754481344 join_beg 1 0
1615487687683144 133811754481344 join_end 0 0
1615487692096642 133811754481344 coll_beg 0 0
1615487702773190 133811754481344 coll_end 0 0
1615487704673250 133811754481344 drain_beg 0 0
1615487704674280 133811754481344 drain_end 1 0
1615487704675020 133811754481344 subm_beg 1 0
1615487704677170 133811746088640 emit_beg 1532 0
1615487706504663 133811754481344 subm_end 1 0
1615487706505103 133811754481344 pump_beg 1 0
1615487711896715 133811746088640 emit_end 1532 0
1615487723339975 133811754481344 pump_end 1 2
1615487723343975 133811754481344 join_beg 1 0
1615487723345395 133811754481344 join_end 0 0
1615487726406903 133811754481344 coll_beg 0 0
1615487737200546 133811754481344 coll_end 0 0
1615487739012660 133811754481344 drain_beg 0 0
1615487739013350 133811754481344 drain_end 1 0
1615487739013350 133811746088640 emit_beg 1533 0
1615487739014160 133811754481344 subm_beg 1 0
1615487742516431 133811754481344 subm_end 1 0
1615487742516801 133811754481344 pump_beg 1 0
1615487746360180 133811746088640 emit_end 1533 0
1615487758993306 133811754481344 pump_end 1 2
1615487758994176 133811754481344 join_beg 1 0
1615487758994616 133811754481344 join_end 0 0
1615487763281689 133811754481344 coll_beg 0 0
1615487771413740 133811754481344 coll_end 0 0
1615487773152897 133811754481344 drain_beg 0 0
1615487773153426 133811754481344 drain_end 1 0
1615487773153926 133811754481344 subm_beg 1 0
1615487773154956 133811746088640 emit_beg 1534 0
1615487776568111 133811754481344 subm_end 1 0
1615487776568461 133811754481344 pump_beg 1 0
1615487781865937 133811746088640 emit_end 1534 0
1615487793568347 133811754481344 pump_end 1 2
1615487793569257 133811754481344 join_beg 1 0
1615487793569687 133811754481344 join_end 0 0
1615487796885115 133811754481344 coll_beg 0 0
1615487804699059 133811754481344 coll_end 0 0
1615487806434325 133811754481344 drain_beg 0 0
1615487806435095 133811754481344 drain_end 1 0
1615487806435485 133811754481344 subm_beg 1 0
1615487806437795 133811746088640 emit_beg 1535 0
1615487809862749 133811754481344 subm_end 1 0
1615487809863189 133811754481344 pump_beg 1 0
1615487813569753 133811746088640 emit_end 1535 0
1615487826793417 133811754481344 pump_end 1 2
1615487826794347 133811754481344 join_beg 1 0
1615487826794867 133811754481344 join_end 0 0
1615487829688211 133811754481344 coll_beg 0 0
1615487837558462 133811754481344 coll_end 0 0
1615487840904829 133811746088640 emit_beg 1536 0
1615487840906019 133811754481344 drain_beg 0 0
1615487840907929 133811754481344 drain_end 1 0
1615487840909049 133811754481344 subm_beg 1 0
1615487844428990 133811754481344 subm_end 1 0
1615487844430750 133811754481344 pump_beg 1 0
1615487849874750 133811746088640 emit_end 1536 0
1615487861265412 133811754481344 pump_end 1 2
1615487861269082 133811754481344 join_beg 1 0
1615487861270262 133811754481344 join_end 0 0
1615487866175082 133811754481344 coll_beg 0 0
1615487874054823 133811754481344 coll_end 0 0
1615487875961512 133811754481344 drain_beg 0 0
1615487875962092 133811754481344 drain_end 1 0
1615487875962502 133811754481344 subm_beg 1 0
1615487875968052 133811746088640 emit_beg 1537 0
1615487879419776 133811754481344 subm_end 1 0
1615487879420146 133811754481344 pump_beg 1 0
1615487884860706 133811746088640 emit_end 1537 0
1615487896792158 133811754481344 pump_end 1 2
1615487896793718 133811754481344 join_beg 1 0
1615487896794428 133811754481344 join_end 0 0
1615487901078930 133811754481344 coll_beg 0 0
1615487910185266 133811754481344 coll_end 0 0
1615487912032308 133811746088640 emit_beg 1538 0
1615487912033028 133811754481344 drain_beg 0 0
1615487912034918 133811754481344 drain_end 1 0
1615487912035978 133811754481344 subm_beg 1 0
1615487915515321 133811754481344 subm_end 1 0
1615487915517080 133811754481344 pump_beg 1 0
1615487920947961 133811746088640 emit_end 1538 0
1615487932037384 133811754481344 pump_end 1 2
1615487932039174 133811754481344 join_beg 1 0
1615487932040144 133811754481344 join_end 0 0
1615487934223054 133811754481344 coll_beg 0 0
1615487942917675 133811754481344 coll_end 0 0
1615487945699833 133811746088640 emit_beg 1539 0
1615487945700302 133811754481344 drain_beg 0 0
1615487945702392 133811754481344 drain_end 1 0
1615487945703362 133811754481344 subm_beg 1 0
1615487949307010 133811754481344 subm_end 1 0
1615487949307370 133811754481344 pump_beg 1 0
1615487954942913 133811746088640 emit_end 1539 0
1615487965823044 133811754481344 pump_end 1 2
1615487965823974 133811754481344 join_beg 1 0
1615487965824724 133811754481344 join_end 0 0
1615487968297533 133811754481344 coll_beg 0 0
1615487978307155 133811754481344 coll_end 0 0
1615487980275713 133811754481344 drain_beg 0 0
1615487980276873 133811754481344 drain_end 1 0
1615487980277213 133811746088640 emit_beg 1540 0
1615487980277603 133811754481344 subm_beg 1 0
1615487983880051 133811754481344 subm_end 1 0
1615487983880531 133811754481344 pump_beg 1 0
1615487987736849 133811746088640 emit_end 1540 0
1615488000237430 133811754481344 pump_end 1 2
1615488000238550 133811754481344 join_beg 1 0
1615488000239250 133811754481344 join_end 0 0
1615488002856584 133811754481344 coll_beg 0 0
1615488011935341 133811754481344 coll_end 0 0
1615488014439189 133811746088640 emit_beg 1541 0
1615488014440669 133811754481344 drain_beg 0 0
1615488014442769 133811754481344 drain_end 1 0
1615488014443969 133811754481344 subm_beg 1 0
1615488018076316 133811754481344 subm_end 1 0
1615488018076776 133811754481344 pump_beg 1 0
1615488023777426 133811746088640 emit_end 1541 0
1615488034992145 133811754481344 pump_end 1 2
1615488034992615 133811754481344 join_beg 1 0
1615488034992935 133811754481344 join_end 0 0
1615488037946576 133811754481344 coll_beg 0 0
1615488045981671 133811754481344 coll_end 0 0
1615488049380387 133811754481344 drain_beg 0 0
1615488049380797 133811754481344 drain_end 1 0
1615488049381387 133811754481344 subm_beg 1 0
1615488049386386 133811746088640 emit_beg 1542 0
1615488052966445 133811754481344 subm_end 1 0
1615488052966735 133811754481344 pump_beg 1 0
1615488058739873 133811746088640 emit_end 1542 0
1615488069946742 133811754481344 pump_end 1 2
1615488069948042 133811754481344 join_beg 1 0
1615488069948662 133811754481344 join_end 0 0
1615488071815193 133811754481344 coll_beg 0 0
1615488079939345 133811754481344 coll_end 0 0
1615488083395888 133811754481344 drain_beg 0 0
1615488083396448 133811754481344 drain_end 1 0
1615488083396838 133811754481344 subm_beg 1 0
1615488083398568 133811746088640 emit_beg 1543 0
1615488086988856 133811754481344 subm_end 1 0
1615488086989166 133811754481344 pump_beg 1 0
1615488090840235 133811746088640 emit_end 1543 0
1615488103950223 133811754481344 pump_end 1 2
1615488103951433 133811754481344 join_beg 1 0
1615488103951763 133811754481344 join_end 0 0
1615488105820135 133811754481344 coll_beg 0 0
1615488113980825 133811754481344 coll_end 0 0
1615488117615732 133811754481344 drain_beg 0 0
1615488117616682 133811754481344 drain_end 1 0
1615488117616922 133811746088640 emit_beg 1544 0
1615488117617432 133811754481344 subm_beg 1 0
1615488121165801 133811754481344 subm_end 1 0
1615488121166321 133811754481344 pump_beg 1 0
1615488126874382 133811746088640 emit_end 1544 0
1615488137453373 133811754481344 pump_end 1 2
1615488137454173 133811754481344 join_beg 1 0
1615488137454633 133811754481344 join_end 0 0
1615488139319415 133811754481344 coll_beg 0 0
1615488146616157 133811754481344 coll_end 0 0
1615488148456680 133811746088640 emit_beg 1545 0
1615488150375199 133811754481344 drain_beg 0 0
1615488150377319 133811754481344 drain_end 1 0
1615488150378089 133811754481344 subm_beg 1 0
1615488155719673 133811754481344 subm_end 1 0
1615488155719943 133811754481344 pump_beg 1 0
1615488157827545 133811746088640 emit_end 1545 0
1615488170563858 133811754481344 pump_end 1 2
1615488170564768 133811754481344 join_beg 1 0
1615488170565208 133811754481344 join_end 0 0
1615488172340943 133811754481344 coll_beg 0 0
1615488178896932 133811754481344 coll_end 0 0
1615488182135933 133811746088640 emit_beg 1546 0
1615488183960176 133811754481344 drain_beg 0 0
1615488183961906 133811754481344 drain_end 1 0
1615488183962856 133811754481344 subm_beg 1 0
1615488189555381 133811754481344 subm_end 1 0
1615488189556041 133811754481344 pump_beg 1 0
1615488191562827 133811746088640 emit_end 1546 0
1615488205638230 133811754481344 pump_end 1 2
1615488205639800 133811754481344 join_beg 1 0
1615488205640540 133811754481344 join_end 0 0
1615488208947869 133811754481344 coll_beg 0 0
1615488215402242 133811754481344 coll_end 0 0
1615488218284376 133811754481344 drain_beg 0 0
1615488218285326 133811754481344 drain_end 1 0
1615488218285486 133811746088640 emit_beg 1547 0
1615488218285896 133811754481344 subm_beg 1 0
1615488220070231 133811754481344 subm_end 1 0
1615488220070731 133811754481344 pump_beg 1 0
1615488223862761 133811746088640 emit_end 1547 0
1615488236650792 133811754481344 pump_end 1 2
1615488236653862 133811754481344 join_beg 1 0
1615488236655112 133811754481344 join_end 0 0
1615488238626999 133811754481344 coll_beg 0 0
1615488246542739 133811754481344 coll_end 0 0
1615488248367652 133811746088640 emit_beg 1548 0
1615488250131887 133811754481344 drain_beg 0 0
1615488250132897 133811754481344 drain_end 1 0
1615488250133447 133811754481344 subm_beg 1 0
1615488255418943 133811754481344 subm_end 1 0
1615488255419463 133811754481344 pump_beg 1 0
1615488257536935 133811746088640 emit_end 1548 0
1615488271449385 133811754481344 pump_end 1 2
1615488271451305 133811754481344 join_beg 1 0
1615488271452005 133811754481344 join_end 0 0
1615488274962026 133811754481344 coll_beg 0 0
1615488282441341 133811754481344 coll_end 0 0
1615488284749596 133811754481344 drain_beg 0 0
1615488284750556 133811754481344 drain_end 1 0
1615488284751416 133811754481344 subm_beg 1 0
1615488284753856 133811746088640 emit_beg 1549 0
1615488288288477 133811754481344 subm_end 1 0
1615488288289066 133811754481344 pump_beg 1 0
1615488293910560 133811746088640 emit_end 1549 0
1615488304671085 133811754481344 pump_end 1 2
1615488304672275 133811754481344 join_beg 1 0
1615488304672955 133811754481344 join_end 0 0
1615488306531207 133811754481344 coll_beg 0 0
1615488314156757 133811754481344 coll_end 0 0
1615488315977450 133811746088640 emit_beg 1550 0
1615488317792593 133811754481344 drain_beg 0 0
1615488317793483 133811754481344 drain_end 1 0
1615488317794393 133811754481344 subm_beg 1 0
1615488323059390 133811754481344 subm_end 1 0
1615488323059880 133811754481344 pump_beg 1 0
1615488325179462 133811746088640 emit_end 1550 0
1615488339525676 133811754481344 pump_end 1 2
1615488339526366 133811754481344 join_beg 1 0
1615488339526845 133811754481344 join_end 0 0
1615488341546441 133811754481344 coll_beg 0 0
1615488350016831 133811754481344 coll_end 0 0
1615488354720948 133811746088640 emit_beg 1551 0
1615488354721178 133811754481344 drain_beg 0 0
1615488354723568 133811754481344 drain_end 1 0
1615488354724788 133811754481344 subm_beg 1 0
1615488360295223 133811746088640 emit_end 1551 0
1615488361703611 133811754481344 subm_end 1 0
1615488361705651 133811754481344 pump_beg 1 0
1615488377961125 133811754481344 pump_end 1 2
1615488377962885 133811754481344 join_beg 1 0
1615488377963685 133811754481344 join_end 0 0
1615488383099826 133811754481344 coll_beg 0 0
1615488391132561 133811754481344 coll_end 0 0
1615488392918156 133811754481344 drain_beg 0 0
1615488392918766 133811754481344 drain_end 1 0
1615488392919116 133811754481344 subm_beg 1 0
1615488392923275 133811746088640 emit_beg 1552 0
1615488398004049 133811754481344 subm_end 1 0
1615488398004399 133811754481344 pump_beg 1 0
1615488401754631 133811746088640 emit_end 1552 0
1615488414319140 133811754481344 pump_end 1 2
1615488414320260 133811754481344 join_beg 1 0
1615488414321450 133811754481344 join_end 0 0
1615488417090488 133811754481344 coll_beg 0 0
1615488429077718 133811754481344 coll_end 0 0
1615488430865633 133811746088640 emit_beg 1553 0
1615488430866493 133811754481344 drain_beg 0 0
1615488430868383 133811754481344 drain_end 1 0
1615488430869522 133811754481344 subm_beg 1 0
1615488436254235 133811746088640 emit_end 1553 0
1615488437868376 133811754481344 subm_end 1 0
1615488437871465 133811754481344 pump_beg 1 0
1615488456623287 133811754481344 pump_end 1 2
1615488456627327 133811754481344 join_beg 1 0
1615488456628807 133811754481344 join_end 0 0
1615488459958975 133811754481344 coll_beg 0 0
1615488469602371 133811754481344 coll_end 0 0
1615488471416744 133811754481344 drain_beg 0 0
1615488471417874 133811754481344 drain_end 1 0
1615488471418044 133811746088640 emit_beg 1554 0
1615488471418694 133811754481344 subm_beg 1 0
1615488473406411 133811754481344 subm_end 1 0
1615488473406821 133811754481344 pump_beg 1 0
1615488479168719 133811746088640 emit_end 1554 0
1615488490949167 133811754481344 pump_end 1 2
1615488490949777 133811754481344 join_beg 1 0
1615488490950407 133811754481344 join_end 0 0
1615488492675214 133811754481344 coll_beg 0 0
1615488502579390 133811754481344 coll_end 0 0
1615488506051633 133811746088640 emit_beg 1555 0
1615488506052222 133811754481344 drain_beg 0 0
1615488506054382 133811754481344 drain_end 1 0
1615488506055402 133811754481344 subm_beg 1 0
1615488511175755 133811754481344 subm_end 1 0
1615488511176145 133811754481344 pump_beg 1 0
1615488515053152 133811746088640 emit_end 1555 0
1615488528032716 133811754481344 pump_end 1 2
1615488528033526 133811754481344 join_beg 1 0
1615488528034366 133811754481344 join_end 0 0
1615488529958595 133811754481344 coll_beg 0 0
1615488541144804 133811754481344 coll_end 0 0
1615488544657925 133811754481344 drain_beg 0 0
1615488544658915 133811754481344 drain_end 1 0
1615488544659385 133811754481344 subm_beg 1 0
1615488544661425 133811746088640 emit_beg 1556 0
1615488546434150 133811754481344 subm_end 1 0
1615488546434630 133811754481344 pump_beg 1 0
1615488550243950 133811746088640 emit_end 1556 0
1615488561976090 133811754481344 pump_end 1 2
1615488561978510 133811754481344 join_beg 1 0
1615488561979659 133811754481344 join_end 0 0
1615488563811892 133811754481344 coll_beg 0 0
1615488571441052 133811754481344 coll_end 0 0
1615488573179478 133811746088640 emit_beg 1557 0
1615488574939784 133811754481344 drain_beg 0 0
1615488574945054 133811754481344 drain_end 1 0
1615488574946694 133811754481344 subm_beg 1 0
1615488580239019 133811754481344 subm_end 1 0
1615488580241449 133811754481344 pump_beg 1 0
1615488582140439 133811746088640 emit_end 1557 0
1615488595709421 133811754481344 pump_end 1 2
1615488595710741 133811754481344 join_beg 1 0
1615488595711301 133811754481344 join_end 0 0
1615488598528148 133811754481344 coll_beg 0 0
1615488605533381 133811754481344 coll_end 0 0
1615488607845616 133811746088640 emit_beg 1558 0
1615488609552283 133811754481344 drain_beg 0 0
1615488609553183 133811754481344 drain_end 1 0
1615488609553793 133811754481344 subm_beg 1 0
1615488614735793 133811754481344 subm_end 1 0
1615488614736233 133811754481344 pump_beg 1 0
1615488616765908 133811746088640 emit_end 1558 0
1615488630135858 133811754481344 pump_end 1 2
1615488630136638 133811754481344 join_beg 1 0
1615488630137388 133811754481344 join_end 0 0
1615488632636396 133811754481344 coll_beg 0 0
1615488642736735 133811754481344 coll_end 0 0
1615488645380768 133811746088640 emit_beg 1559 0
1615488645381358 133811754481344 drain_beg 0 0
1615488645382968 133811754481344 drain_end 1 0
1615488645383808 133811754481344 subm_beg 1 0
1615488648790853 133811754481344 subm_end 1 0
1615488648791463 133811754481344 pump_beg 1 0
1615488652533425 133811746088640 emit_end 1559 0
1615488663772993 133811754481344 pump_end 1 2
1615488663774993 133811754481344 join_beg 1 0
1615488663775663 133811754481344 join_end 0 0
1615488665512429 133811754481344 coll_beg 0 0
1615488672721974 133811754481344 coll_end 0 0
1615488674547067 133811746088640 emit_beg 1560 0
1615488676333682 133811754481344 drain_beg 0 0
1615488676334672 133811754481344 drain_end 1 0
1615488676335352 133811754481344 subm_beg 1 0
1615488681536211 133811754481344 subm_end 1 0
1615488681536701 133811754481344 pump_beg 1 0
1615488683602505 133811746088640 emit_end 1560 0
1615488697066981 133811754481344 pump_end 1 2
1615488697069141 133811754481344 join_beg 1 0
1615488697070560 133811754481344 join_end 0 0
1615488700548883 133811754481344 coll_beg 0 0
1615488708048347 133811754481344 coll_end 0 0
1615488710170240 133811754481344 drain_beg 0 0
1615488710171690 133811754481344 drain_end 1 0
1615488710172290 133811754481344 subm_beg 1 0
1615488710198529 133811746088640 emit_beg 1561 0
1615488713638082 133811754481344 subm_end 1 0
1615488713638672 133811754481344 pump_beg 1 0
1615488719288855 133811746088640 emit_end 1561 0
1615488729126304 133811754481344 pump_end 1 2
1615488729128494 133811754481344 join_beg 1 0
1615488729129334 133811754481344 join_end 0 0
1615488735086815 133811754481344 coll_beg 0 0
1615488746042073 133811754481344 coll_end 0 0
1615488753894095 133811746088640 emit_beg 1562 0
1615488771771458 133811746088640 emit_end 1562 0
1615488801027434 133811754481344 drain_beg 0 0
1615488801040954 133811754481344 drain_end 1 0
1615488801041784 133811754481344 subm_beg 1 0
1615488806292851 133811754481344 subm_end 1 0
1615488806293811 133811754481344 pump_beg 1 0
1615488822341422 133811754481344 pump_end 1 2
1615488822343152 133811754481344 join_beg 1 0
1615488822344002 133811754481344 join_end 0 0
1615488824955406 133811754481344 coll_beg 0 0
1615488832044686 133811754481344 coll_end 0 0
1615488834462647 133811754481344 drain_beg 0 0
1615488834463257 133811754481344 drain_end 1 0
1615488834463947 133811754481344 subm_beg 1 0
1615488834487436 133811746088640 emit_beg 1563 0
1615488837297803 133811754481344 subm_end 1 0
1615488837298183 133811754481344 pump_beg 1 0
1615488849978707 133811746088640 emit_end 1563 0
1615488852645350 133811754481344 pump_end 1 2
1615488852646040 133811754481344 join_beg 1 0
1615488852646350 133811754481344 join_end 0 0
1615488857624257 133811754481344 coll_beg 0 0
1615488864914429 133811754481344 coll_end 0 0
1615488869697853 133811754481344 drain_beg 0 0
1615488869699943 133811754481344 drain_end 1 0
1615488869700963 133811754481344 subm_beg 1 0
1615488869717093 133811746088640 emit_beg 1564 0
1615488875211001 133811754481344 subm_end 1 0
1615488875211681 133811754481344 pump_beg 1 0
1615488884989252 133811746088640 emit_end 1564 0
1615488893390544 133811754481344 pump_end 1 2
1615488893391364 133811754481344 join_beg 1 0
1615488893391704 133811754481344 join_end 0 0
1615488897755254 133811754481344 coll_beg 0 0
1615488907477947 133811754481344 coll_end 0 0
1615488910624251 133811746088640 emit_beg 1565 0
1615488917407152 133811746088640 emit_end 1565 0
1615488942125065 133811754481344 drain_beg 0 0
1615488942126205 133811754481344 drain_end 1 0
1615488942126785 133811754481344 subm_beg 1 0
1615488945694454 133811754481344 subm_end 1 0
1615488945695014 133811754481344 pump_beg 1 0
1615488962172749 133811754481344 pump_end 1 2
1615488962173809 133811754481344 join_beg 1 0
1615488962174359 133811754481344 join_end 0 0
1615488963976723 133811754481344 coll_beg 0 0
1615488971989329 133811754481344 coll_end 0 0
1615488973845000 133811754481344 drain_beg 0 0
1615488973845730 133811754481344 drain_end 1 0
1615488973846350 133811754481344 subm_beg 1 0
1615488973862630 133811746088640 emit_beg 1566 0
1615488975659964 133811754481344 subm_end 1 0
1615488975660364 133811754481344 pump_beg 1 0
1615488983985678 133811746088640 emit_end 1566 0
1615488991404156 133811754481344 pump_end 1 2
1615488991405096 133811754481344 join_beg 1 0
1615488991405376 133811754481344 join_end 0 0
1615488993228779 133811754481344 coll_beg 0 0
1615489001241625 133811754481344 coll_end 0 0
1615489003037339 133811746088640 emit_beg 1567 0
1615489004864462 133811754481344 drain_beg 0 0
1615489004865212 133811754481344 drain_end 1 0
1615489004865722 133811754481344 subm_beg 1 0
1615489010181576 133811754481344 subm_end 1 0
1615489010182826 133811754481344 pump_beg 1 0
1615489012389766 133811746088640 emit_end 1567 0
1615489026481848 133811754481344 pump_end 1 2
1615489026483098 133811754481344 join_beg 1 0
1615489026483478 133811754481344 join_end 0 0
1615489031854801 133811754481344 coll_beg 0 0
1615489040871210 133811754481344 coll_end 0 0
1615489042652915 133811754481344 drain_beg 0 0
1615489042653554 133811754481344 drain_end 1 0
1615489042654004 133811754481344 subm_beg 1 0
1615489042661064 133811746088640 emit_beg 1568 0
1615489044477628 133811754481344 subm_end 1 0
1615489044478127 133811754481344 pump_beg 1 0
1615489048237959 133811746088640 emit_end 1568 0
1615489060809018 133811754481344 pump_end 1 2
1615489060810888 133811754481344 join_beg 1 0
1615489060811938 133811754481344 join_end 0 0
1615489062660510 133811754481344 coll_beg 0 0
1615489070756283 133811754481344 coll_end 0 0
1615489072655223 133811746088640 emit_beg 1569 0
1615489074457997 133811754481344 drain_beg 0 0
1615489074458847 133811754481344 drain_end 1 0
1615489074459447 133811754481344 subm_beg 1 0
1615489079839449 133811754481344 subm_end 1 0
1615489079839899 133811754481344 pump_beg 1 0
1615489081892794 133811746088640 emit_end 1569 0
1615489095305612 133811754481344 pump_end 1 2
1615489095306672 133811754481344 join_beg 1 0
1615489095306922 133811754481344 join_end 0 0
1615489098195866 133811754481344 coll_beg 0 0
1615489105749818 133811754481344 coll_end 0 0
1615489107911489 133811746088640 emit_beg 1570 0
1615489109664585 133811754481344 drain_beg 0 0
1615489109665094 133811754481344 drain_end 1 0
1615489109665434 133811754481344 subm_beg 1 0
1615489115090755 133811754481344 subm_end 1 0
1615489115091035 133811754481344 pump_beg 1 0
1615489120777167 133811746088640 emit_end 1570 0
1615489131023640 133811754481344 pump_end 1 2
1615489131024700 133811754481344 join_beg 1 0
1615489131025240 133811754481344 join_end 0 0
1615489132890312 133811754481344 coll_beg 0 0
1615489140602219 133811754481344 coll_end 0 0
1615489142650524 133811754481344 drain_beg 0 0
1615489142651164 133811754481344 drain_end 1 0
1615489142651514 133811754481344 subm_beg 1 0
1615489142671603 133811746088640 emit_beg 1571 0
1615489146243472 133811754481344 subm_end 1 0
1615489146244092 133811754481344 pump_beg 1 0
1615489151855496 133811746088640 emit_end 1571 0
1615489161709464 133811754481344 pump_end 1 2
1615489161710314 133811754481344 join_beg 1 0
1615489161710694 133811754481344 join_end 0 0
1615489163670402 133811754481344 coll_beg 0 0
1615489172438230 133811754481344 coll_end 0 0
1615489175447880 133811746088640 emit_beg 1572 0
1615489177213025 133811754481344 drain_beg 0 0
1615489177214445 133811754481344 drain_end 1 0
1615489177214885 133811754481344 subm_beg 1 0
1615489182700314 133811754481344 subm_end 1 0
1615489182700823 133811754481344 pump_beg 1 0
1615489184811026 133811746088640 emit_end 1572 0
1615489198518653 133811754481344 pump_end 1 2
1615489198520223 133811754481344 join_beg 1 0
1615489198520923 133811754481344 join_end 0 0
1615489200963353 133811754481344 coll_beg 0 0
1615489209320416 133811754481344 coll_end 0 0
1615489211828304 133811746088640 emit_beg 1573 0
1615489213589980 133811754481344 drain_beg 0 0
1615489213590500 133811754481344 drain_end 1 0
1615489213591190 133811754481344 subm_beg 1 0
1615489218956263 133811754481344 subm_end 1 0
1615489218956693 133811754481344 pump_beg 1 0
1615489221031716 133811746088640 emit_end 1573 0
1615489235729337 133811754481344 pump_end 1 2
1615489235730967 133811754481344 join_beg 1 0
1615489235731377 133811754481344 join_end 0 0
1615489238946409 133811754481344 coll_beg 0 0
1615489247937299 133811754481344 coll_end 0 0
1615489250624010 133811754481344 drain_beg 0 0
1615489250625090 133811754481344 drain_end 1 0
1615489250625620 133811754481344 subm_beg 1 0
1615489250645779 133811746088640 emit_beg 1574 0
1615489252429064 133811754481344 subm_end 1 0
1615489252429514 133811754481344 pump_beg 1 0
1615489260040714 133811746088640 emit_end 1574 0
1615489268240253 133811754481344 pump_end 1 2
1615489268240793 133811754481344 join_beg 1 0
1615489268241313 133811754481344 join_end 0 0
1615489270915215 133811754481344 coll_beg 0 0
1615489278771487 133811754481344 coll_end 0 0
1615489280704626 133811754481344 drain_beg 0 0
1615489280705546 133811754481344 drain_end 1 0
1615489280706356 133811754481344 subm_beg 1 0
1615489280725225 133811746088640 emit_beg 1575 0
1615489284283355 133811754481344 subm_end 1 0
1615489284284214 133811754481344 pump_beg 1 0
1615489289563501 133811746088640 emit_end 1575 0
1615489300421632 133811754481344 pump_end 1 2
1615489300423932 133811754481344 join_beg 1 0
1615489300424482 133811754481344 join_end 0 0
1615489302247275 133811754481344 coll_beg 0 0
1615489311170977 133811754481344 coll_end 0 0
1615489313435924 133811754481344 drain_beg 0 0
1615489313437924 133811746088640 emit_beg 1576 0
1615489313438464 133811754481344 drain_end 1 0
1615489313441254 133811754481344 subm_beg 1 0
1615489318622714 133811754481344 subm_end 1 0
1615489318623544 133811754481344 pump_beg 1 0
1615489322296749 133811746088640 emit_end 1576 0
1615489335513004 133811754481344 pump_end 1 2
1615489335515364 133811754481344 join_beg 1 0
1615489335516164 133811754481344 join_end 0 0
1615489337456653 133811754481344 coll_beg 0 0
1615489347985496 133811754481344 coll_end 0 0
1615489359208134 133811754481344 drain_beg 0 0
1615489359209264 133811754481344 drain_end 1 0
1615489359210084 133811754481344 subm_beg 1 0
1615489359231903 133811746088640 emit_beg 1577 0
1615489362669437 133811754481344 subm_end 1 0
1615489362669947 133811754481344 pump_beg 1 0
1615489368225593 133811746088640 emit_end 1577 0
1615489379453701 133811754481344 pump_end 1 2
1615489379457171 133811754481344 join_beg 1 0
1615489379458361 133811754481344 join_end 0 0
1615489381341442 133811754481344 coll_beg 0 0
1615489389975635 133811754481344 coll_end 0 0
1615489393045362 133811754481344 drain_beg 0 0
1615489393046182 133811754481344 drain_end 1 0
1615489393046622 133811754481344 subm_beg 1 0
1615489393058071 133811746088640 emit_beg 1578 0
1615489396411918 133811754481344 subm_end 1 0
1615489396412408 133811754481344 pump_beg 1 0
1615489401779181 133811746088640 emit_end 1578 0
1615489412463969 133811754481344 pump_end 1 2
1615489412465599 133811754481344 join_beg 1 0
1615489412466639 133811754481344 join_end 0 0
1615489414320701 133811754481344 coll_beg 0 0
1615489423323151 133811754481344 coll_end 0 0
1615489425914665 133811754481344 drain_beg 0 0
1615489425915015 133811746088640 emit_beg 1579 0
1615489425916415 133811754481344 drain_end 1 0
1615489425918165 133811754481344 subm_beg 1 0
1615489430980749 133811754481344 subm_end 1 0
1615489430981229 133811754481344 pump_beg 1 0
1615489434623436 133811746088640 emit_end 1579 0
1615489447297720 133811754481344 pump_end 1 2
1615489447299320 133811754481344 join_beg 1 0
1615489447300290 133811754481344 join_end 0 0
1615489450911788 133811754481344 coll_beg 0 0
1615489462400036 133811754481344 coll_end 0 0
1615489464237599 133811754481344 drain_beg 0 0
1615489464239469 133811754481344 drain_end 1 0
1615489464240568 133811754481344 subm_beg 1 0
1615489464242338 133811746088640 emit_beg 1580 0
1615489469537024 133811746088640 emit_end 1580 0
1615489471101247 133811754481344 subm_end 1 0
1615489471102637 133811754481344 pump_beg 1 0
1615489487932169 133811754481344 pump_end 1 2
1615489487933229 133811754481344 join_beg 1 0
1615489487933789 133811754481344 join_end 0 0
1615489489938135 133811754481344 coll_beg 0 0
1615489498646696 133811754481344 coll_end 0 0
1615489500413391 133811754481344 drain_beg 0 0
1615489500414381 133811746088640 emit_beg 1581 0
1615489500415261 133811754481344 drain_end 1 0
1615489500416451 133811754481344 subm_beg 1 0
1615489503776997 133811754481344 subm_end 1 0
1615489503777407 133811754481344 pump_beg 1 0
1615489509383931 133811746088640 emit_end 1581 0
1615489520716765 133811754481344 pump_end 1 2
1615489520719005 133811754481344 join_beg 1 0
1615489520719965 133811754481344 join_end 0 0
1615489524251426 133811754481344 coll_beg 0 0
1615489533585073 133811754481344 coll_end 0 0
1615489536219846 133811746088640 emit_beg 1582 0
1615489546759859 133811746088640 emit_end 1582 0
1615489600589663 133811754481344 join_beg 1 0
1615489600591543 133811754481344 join_end 0 0
