# perfbase mono_ns 2011806452472045 real_ns 1785977199825197944
2011806452519244 137212166624960 wait_beg 0 0 0 0 0 0
2011806705103189 137212174624640 cliack 1 0 1 0 0 0
2011809055297934 137212166624960 wait_end 0 0 0 0 0 0
2011809055301144 137212166624960 drain_beg 0 0 0 0 0 0
2011809055302884 137212166624960 drain_end 1 0 0 0 0 0
2011809055303044 137212166624960 take 1 0 0 0 0 0
2011809055303624 137212166624960 subm_beg 1 0 0 0 0 0
2011809055282024 137212174624640 msgin 1 22118400 0 0 0 0
2011809055288494 137212174624640 enq 1 1 0 0 0 0
2011809061901383 137212166624960 submit 1 0 0 0 0 0
2011809061902633 137212166624960 subm_end 1 0 0 0 0 0
2011809061902683 137212166624960 pump_beg 1 0 0 0 0 0
2011809071036589 137212174624640 msgin 2 22118400 0 0 0 0
2011809071038229 137212174624640 enq 2 1 0 0 0 0
2011809179786297 137212166624960 feedend 0 0 0 0 0 0
2011809179831456 137212166624960 feedend 0 1 0 0 0 0
2011809182292196 137212166624960 outfirst 0 1 297 0 0 0
2011809182309275 137212166624960 outfirst 0 0 297 0 0 0
2011809197994142 137212166624960 pump_end 1 2 0 0 0 0
2011809197994672 137212166624960 book_beg 1 0 0 0 0 0
2011809197998752 137212166624960 batch 1 1 1 2 2 0
2011809197998812 137212166624960 book_end 1 0 0 0 0 0
2011809197999002 137212166624960 coll_beg 0 0 0 0 0 0
2011809199160309 137212166624960 coll_end 0 0 0 0 0 0
2011809199160359 137212166624960 rel_beg 1 0 0 0 0 0
2011809199160929 137212166624960 absorb 1 0 0 0 0 0
2011809199165289 137212166624960 rel_end 1 0 0 0 0 0
2011809199168889 137212166624960 wait_beg 0 0 0 0 0 0
2011809199170289 137212166624960 wait_end 0 0 0 0 0 0
2011809199172459 137212166624960 drain_beg 0 0 0 0 0 0
2011809199172849 137212166624960 drain_end 1 0 0 0 0 0
2011809199173549 137212166624960 take 2 0 0 0 0 0
2011809199173759 137212166624960 subm_beg 1 0 0 0 0 0
2011809199174459 137212166624960 submit 2 0 0 0 0 0
2011809199174509 137212166624960 subm_end 1 0 0 0 0 0
2011809199174549 137212166624960 pump_beg 1 0 0 0 0 0
2011809200790970 137212166624960 feedend 1 0 0 0 0 0
2011809200799080 137212166624960 feedend 1 1 0 0 0 0
2011809199181309 137212174624640 ackslot 1 0 1 0 1 0
2011809199293255 137212174624640 send 18 0 0 0 0 1
2011809200262749 137212174624640 send 905865 0 0 0 0 1
2011809200843578 137212174624640 send 766016 0 0 0 0 1
2011809200844918 137212174624640 send 14 0 0 0 0 1
2011809200845258 137212174624640 egress 1 1 0 0 0 0
2011809200845758 137212174624640 ackregion 1 1 1 0 1 0
2011809199194458 137212149839552 emit_beg 1 0 0 0 0 0
2011809199253166 137212149839552 dmg 0 1 0 0 2560 1440
2011809199253396 137212149839552 enc 0 0 1 -1 -1 0
2011809199760798 137212149839552 emit_end 1 0 0 0 0 0
2011809209514641 137212166624960 outfirst 1 1 65536 0 0 0
2011809204885830 137212174624640 msgin 3 22118400 0 0 0 0
2011809204886240 137212174624640 enq 3 1 0 0 0 0
2011809214597246 137212166624960 outfirst 1 0 65536 0 0 0
2011809214719291 137212166624960 pump_end 1 2 0 0 0 0
2011809214719551 137212166624960 join_beg 1 0 0 0 0 0
2011809214719841 137212166624960 join_end 0 0 0 0 0 0
2011809214719921 137212166624960 book_beg 1 0 0 0 0 0
2011809214720121 137212166624960 batch 2 1 1 2 2 0
2011809214720161 137212166624960 book_end 1 0 0 0 0 0
2011809214720191 137212166624960 coll_beg 0 0 0 0 0 0
2011809215333579 137212166624960 coll_end 0 0 0 0 0 0
2011809215333659 137212166624960 rel_beg 1 0 0 0 0 0
2011809215333939 137212166624960 absorb 2 0 0 0 0 0
2011809215336619 137212166624960 rel_end 1 0 0 0 0 0
2011809215338469 137212166624960 wait_beg 0 0 0 0 0 0
2011809215339749 137212166624960 wait_end 0 0 0 0 0 0
2011809215341509 137212166624960 drain_beg 0 0 0 0 0 0
2011809215341679 137212166624960 drain_end 1 0 0 0 0 0
2011809215341789 137212166624960 take 3 0 0 0 0 0
2011809215341929 137212166624960 subm_beg 1 0 0 0 0 0
2011809215342149 137212166624960 submit 3 0 0 0 0 0
2011809215342179 137212166624960 subm_end 1 0 0 0 0 0
2011809215342199 137212166624960 pump_beg 1 0 0 0 0 0
2011809217030117 137212166624960 feedend 2 0 0 0 0 0
2011809217077815 137212166624960 feedend 2 1 0 0 0 0
2011809215369808 137212174624640 send 18 0 0 1 0 1
2011809216062192 137212174624640 send 836326 0 0 1 0 1
2011809216685039 137212174624640 send 701628 0 0 1 0 1
2011809216687199 137212174624640 send 14 0 0 1 0 1
2011809216687499 137212174624640 egress 2 1 455 0 0 0
2011809215356388 137212149839552 emit_beg 2 0 0 0 0 0
2011809215361158 137212149839552 dmg 0 1 0 0 2560 1440
2011809215361488 137212149839552 enc 1 1 1 -1 -1 0
2011809215461624 137212149839552 emit_end 2 0 0 0 0 0
2011809226222671 137212166624960 outfirst 2 0 65536 0 0 0
2011809230269403 137212166624960 outfirst 2 1 65536 0 0 0
2011809230358660 137212166624960 pump_end 1 2 0 0 0 0
2011809230358710 137212166624960 join_beg 1 0 0 0 0 0
2011809230358750 137212166624960 join_end 0 0 0 0 0 0
2011809230358810 137212166624960 book_beg 1 0 0 0 0 0
2011809230358970 137212166624960 batch 3 1 1 2 2 0
2011809230359030 137212166624960 book_end 1 0 0 0 0 0
2011809230359080 137212166624960 coll_beg 0 0 0 0 0 0
2011809230898480 137212166624960 coll_end 0 0 0 0 0 0
2011809230898550 137212166624960 rel_beg 1 0 0 0 0 0
2011809230898700 137212166624960 absorb 3 0 0 0 0 0
2011809230900380 137212166624960 rel_end 1 0 0 0 0 0
2011809230901410 137212166624960 wait_beg 0 0 0 0 0 0
2011809230935999 137212174624640 send 18 0 0 2 0 1
2011809231543727 137212174624640 send 767262 0 0 2 0 1
2011809230922689 137212149839552 emit_beg 3 0 0 0 0 0
2011809230927259 137212149839552 dmg 0 1 0 0 2560 1440
2011809230927349 137212149839552 enc 2 2 1 -1 -1 0
2011809231018536 137212149839552 emit_end 3 0 0 0 0 0
2011809232009900 137212174624640 send 641096 0 0 2 0 1
2011809232014150 137212174624640 send 14 0 0 2 0 1
2011809232014340 137212174624640 egress 3 1 0 0 0 0
2011809332245489 137212174624640 cliack 1 0 2 3 0 0
2011809332246419 137212174624640 ackregion 2 3 3 1 1 0
2011809337519576 137212166624960 wait_end 0 0 0 0 0 0
2011809337524486 137212166624960 drain_beg 0 0 0 0 0 0
2011809337525236 137212166624960 drain_end 1 0 0 0 0 0
2011809337525526 137212166624960 take 4 0 0 0 0 0
2011809337526086 137212166624960 subm_beg 1 0 0 0 0 0
2011809337526946 137212166624960 submit 4 0 0 0 0 0
2011809337527046 137212166624960 subm_end 1 0 0 0 0 0
2011809337527146 137212166624960 pump_beg 1 0 0 0 0 0
2011809339147167 137212166624960 feedend 3 0 0 0 0 0
2011809339281692 137212166624960 feedend 3 1 0 0 0 0
2011809337494117 137212174624640 msgin 4 22118400 0 0 0 0
2011809337495617 137212174624640 enq 4 1 0 0 0 0
2011809346069804 137212166624960 outfirst 3 0 65536 0 0 0
2011809349928353 137212166624960 outfirst 3 1 65536 0 0 0
2011809350063128 137212166624960 pump_end 1 2 0 0 0 0
2011809350063598 137212166624960 join_beg 1 0 0 0 0 0
2011809350064778 137212166624960 join_end 0 0 0 0 0 0
2011809350065058 137212166624960 book_beg 1 0 0 0 0 0
2011809350065888 137212166624960 batch 4 1 1 2 2 0
2011809350065948 137212166624960 book_end 1 0 0 0 0 0
2011809350066118 137212166624960 coll_beg 0 0 0 0 0 0
2011809350652717 137212166624960 coll_end 0 0 0 0 0 0
2011809350652807 137212166624960 rel_beg 1 0 0 0 0 0
2011809350653407 137212166624960 absorb 4 0 0 0 0 0
2011809350656936 137212166624960 rel_end 1 0 0 0 0 0
2011809350659406 137212166624960 wait_beg 0 0 0 0 0 0
2011809350719684 137212174624640 send 18 0 0 3 1 1
2011809351360761 137212174624640 send 809034 0 0 3 1 1
2011809351828664 137212174624640 send 611069 0 0 3 1 1
2011809351830444 137212174624640 send 14 0 0 3 1 1
2011809351830794 137212174624640 egress 4 1 0 1 0 0
2011809350684805 137212149839552 emit_beg 4 0 0 0 0 0
2011809350691775 137212149839552 dmg 0 1 0 0 2560 1440
2011809350694525 137212149839552 enc 3 3 1 -1 -1 0
2011809350794571 137212149839552 emit_end 4 0 0 0 0 0
2011809400206277 137212166624960 wait_end 0 0 0 0 0 0
2011809400209937 137212166624960 drain_beg 0 0 0 0 0 0
2011809400210377 137212166624960 drain_end 1 0 0 0 0 0
2011809400210587 137212166624960 take 5 0 0 0 0 0
2011809400210807 137212166624960 subm_beg 1 0 0 0 0 0
2011809400216846 137212166624960 submit 5 0 0 0 0 0
2011809400216926 137212166624960 subm_end 1 0 0 0 0 0
2011809400217026 137212166624960 pump_beg 1 0 0 0 0 0
2011809402241253 137212166624960 feedend 4 0 0 0 0 0
2011809402624798 137212166624960 feedend 4 1 0 0 0 0
2011809396398936 137212174624640 cliack 2 0 3 4 0 0
2011809396399496 137212174624640 ackregion 3 4 4 2 1 0
2011809400181228 137212174624640 msgin 5 22118400 0 0 0 0
2011809400181788 137212174624640 enq 5 1 0 0 0 0
2011809408961697 137212166624960 outfirst 4 0 65536 0 0 0
2011809413286149 137212166624960 outfirst 4 1 65536 0 0 0
2011809413419954 137212166624960 pump_end 1 2 0 0 0 0
2011809413420554 137212166624960 join_beg 1 0 0 0 0 0
2011809413421604 137212166624960 join_end 0 0 0 0 0 0
2011809413421704 137212166624960 book_beg 1 0 0 0 0 0
2011809413422394 137212166624960 batch 5 1 1 2 2 0
2011809413422454 137212166624960 book_end 1 0 0 0 0 0
2011809413422664 137212166624960 coll_beg 0 0 0 0 0 0
2011809414008763 137212166624960 coll_end 0 0 0 0 0 0
2011809414008873 137212166624960 rel_beg 1 0 0 0 0 0
2011809414009093 137212166624960 absorb 5 0 0 0 0 0
2011809414015182 137212166624960 rel_end 1 0 0 0 0 0
2011809414017432 137212166624960 wait_beg 0 0 0 0 0 0
2011809414062321 137212174624640 send 18 0 0 4 2 1
2011809414654959 137212174624640 send 761461 0 0 4 2 1
2011809415162891 137212174624640 send 688109 0 0 4 2 1
2011809415164210 137212174624640 send 14 0 0 4 2 1
2011809415164490 137212174624640 egress 5 1 0 2 0 0
2011809414027332 137212149839552 emit_beg 5 0 0 0 0 0
2011809414035822 137212149839552 dmg 0 1 0 0 2560 1440
2011809414036292 137212149839552 enc 4 4 1 -1 -1 0
2011809414139938 137212149839552 emit_end 5 0 0 0 0 0
2011809460347760 137212166624960 wait_end 0 0 0 0 0 0
2011809460353270 137212166624960 drain_beg 0 0 0 0 0 0
2011809460353930 137212166624960 drain_end 1 0 0 0 0 0
2011809460354260 137212166624960 take 6 0 0 0 0 0
2011809460355060 137212166624960 subm_beg 1 0 0 0 0 0
2011809460356760 137212166624960 submit 6 0 0 0 0 0
2011809460356890 137212166624960 subm_end 1 0 0 0 0 0
2011809460356950 137212166624960 pump_beg 1 0 0 0 0 0
2011809461134512 137212166624960 feedend 5 0 0 0 0 0
2011809461222038 137212166624960 feedend 5 1 0 0 0 0
2011809457378849 137212174624640 cliack 3 0 4 5 0 0
2011809457378969 137212174624640 ackregion 4 5 5 3 1 0
2011809460315282 137212174624640 msgin 6 22118400 0 0 0 0
2011809460317552 137212174624640 enq 6 1 0 0 0 0
2011809467350545 137212166624960 outfirst 5 1 65536 0 0 0
2011809472167759 137212166624960 outfirst 5 0 65536 0 0 0
2011809472291634 137212166624960 pump_end 1 2 0 0 0 0
2011809472292024 137212166624960 join_beg 1 0 0 0 0 0
2011809472292354 137212166624960 join_end 0 0 0 0 0 0
2011809472292474 137212166624960 book_beg 1 0 0 0 0 0
2011809472292854 137212166624960 batch 6 1 1 2 2 0
2011809472292884 137212166624960 book_end 1 0 0 0 0 0
2011809472292924 137212166624960 coll_beg 0 0 0 0 0 0
2011809472862853 137212166624960 coll_end 0 0 0 0 0 0
2011809472862903 137212166624960 rel_beg 1 0 0 0 0 0
2011809472863313 137212166624960 absorb 6 0 0 0 0 0
2011809472867553 137212166624960 rel_end 1 0 0 0 0 0
2011809472869153 137212166624960 wait_beg 0 0 0 0 0 0
2011809472912152 137212174624640 send 18 0 0 5 3 1
2011809472887802 137212149839552 emit_beg 6 0 0 0 0 0
2011809472892772 137212149839552 dmg 0 1 0 0 2560 1440
2011809472892972 137212149839552 enc 5 5 1 -1 -1 0
2011809472987329 137212149839552 emit_end 6 0 0 0 0 0
2011809473537179 137212174624640 send 789740 0 0 5 3 1
2011809474046170 137212174624640 send 677792 0 0 5 3 1
2011809474047440 137212174624640 send 14 0 0 5 3 1
2011809474047690 137212174624640 egress 6 1 0 3 0 0
2011809522229900 137212166624960 wait_end 0 0 0 0 0 0
2011809522233490 137212166624960 drain_beg 0 0 0 0 0 0
2011809522234510 137212166624960 drain_end 1 0 0 0 0 0
2011809522234780 137212166624960 take 7 0 0 0 0 0
2011809522235620 137212166624960 subm_beg 1 0 0 0 0 0
2011809522237760 137212166624960 submit 7 0 0 0 0 0
2011809522237790 137212166624960 subm_end 1 0 0 0 0 0
2011809522237910 137212166624960 pump_beg 1 0 0 0 0 0
2011809523136687 137212166624960 feedend 6 0 0 0 0 0
2011809518276335 137212174624640 cliack 4 0 5 6 0 0
2011809518276925 137212174624640 ackregion 5 6 6 4 1 0
2011809522216961 137212174624640 msgin 7 22118400 0 0 0 0
2011809522218081 137212174624640 enq 7 1 0 0 0 0
2011809523660018 137212166624960 feedend 6 1 0 0 0 0
2011809529931859 137212166624960 outfirst 6 0 65536 0 0 0
2011809533919683 137212166624960 outfirst 6 1 65536 0 0 0
2011809534037439 137212166624960 pump_end 1 2 0 0 0 0
2011809534037919 137212166624960 join_beg 1 0 0 0 0 0
2011809534039009 137212166624960 join_end 0 0 0 0 0 0
2011809534039099 137212166624960 book_beg 1 0 0 0 0 0
2011809534039639 137212166624960 batch 7 1 1 2 2 0
2011809534039799 137212166624960 book_end 1 0 0 0 0 0
2011809534039849 137212166624960 coll_beg 0 0 0 0 0 0
2011809534555200 137212166624960 coll_end 0 0 0 0 0 0
2011809534555270 137212166624960 rel_beg 1 0 0 0 0 0
2011809534555580 137212166624960 absorb 7 0 0 0 0 0
2011809534560420 137212166624960 rel_end 1 0 0 0 0 0
2011809534562940 137212166624960 wait_beg 0 0 0 0 0 0
2011809534630717 137212174624640 send 18 0 0 6 4 1
2011809535215966 137212174624640 send 754120 0 0 6 4 1
2011809535695238 137212174624640 send 640003 0 0 6 4 1
2011809535696728 137212174624640 send 14 0 0 6 4 1
2011809535697208 137212174624640 egress 7 1 0 4 0 0
2011809534581359 137212149839552 emit_beg 7 0 0 0 0 0
2011809534589259 137212149839552 dmg 0 1 0 0 2560 1440
2011809534589759 137212149839552 enc 6 6 1 -1 -1 0
2011809534695905 137212149839552 emit_end 7 0 0 0 0 0
2011809580919047 137212174624640 cliack 5 0 6 7 0 0
2011809580919897 137212174624640 ackregion 6 7 7 5 1 0
2011809586009121 137212166624960 wait_end 0 0 0 0 0 0
2011809586020640 137212166624960 drain_beg 0 0 0 0 0 0
2011809586021390 137212166624960 drain_end 1 0 0 0 0 0
2011809586021570 137212166624960 take 8 0 0 0 0 0
2011809586022280 137212166624960 subm_beg 1 0 0 0 0 0
2011809586024350 137212166624960 submit 8 0 0 0 0 0
2011809586024420 137212166624960 subm_end 1 0 0 0 0 0
2011809586024560 137212166624960 pump_beg 1 0 0 0 0 0
2011809586793362 137212166624960 feedend 7 0 0 0 0 0
2011809587165309 137212166624960 feedend 7 1 0 0 0 0
2011809593172239 137212166624960 outfirst 7 0 65536 0 0 0
2011809585977312 137212174624640 msgin 8 22118400 0 0 0 0
2011809585978932 137212174624640 enq 8 1 0 0 0 0
2011809596972760 137212166624960 outfirst 7 1 65536 0 0 0
2011809597055607 137212166624960 pump_end 1 2 0 0 0 0
2011809597055797 137212166624960 join_beg 1 0 0 0 0 0
2011809597056157 137212166624960 join_end 0 0 0 0 0 0
2011809597056467 137212166624960 book_beg 1 0 0 0 0 0
2011809597056927 137212166624960 batch 8 1 1 2 2 0
2011809597056987 137212166624960 book_end 1 0 0 0 0 0
2011809597064107 137212166624960 coll_beg 0 0 0 0 0 0
2011809597605317 137212166624960 coll_end 0 0 0 0 0 0
2011809597605387 137212166624960 rel_beg 1 0 0 0 0 0
2011809597605937 137212166624960 absorb 8 0 0 0 0 0
2011809597610057 137212166624960 rel_end 1 0 0 0 0 0
2011809597612587 137212166624960 wait_beg 0 0 0 0 0 0
2011809597660395 137212174624640 send 18 0 0 7 5 1
2011809598247864 137212174624640 send 750157 0 0 7 5 1
2011809598657979 137212174624640 send 575060 0 0 7 5 1
2011809598659429 137212174624640 send 14 0 0 7 5 1
2011809598659659 137212174624640 egress 8 1 0 5 0 0
2011809597632586 137212149839552 emit_beg 8 0 0 0 0 0
2011809597641116 137212149839552 dmg 0 1 0 0 2560 1440
2011809597641546 137212149839552 enc 7 7 1 -1 -1 0
2011809597733643 137212149839552 emit_end 8 0 0 0 0 0
2011809644193356 137212174624640 cliack 6 0 7 8 0 0
2011809644193746 137212174624640 ackregion 7 8 8 6 1 0
2011809647106629 137212166624960 wait_end 0 0 0 0 0 0
2011809647108539 137212166624960 drain_beg 0 0 0 0 0 0
2011809647108839 137212166624960 drain_end 1 0 0 0 0 0
2011809647109199 137212166624960 take 9 0 0 0 0 0
2011809647109459 137212166624960 subm_beg 1 0 0 0 0 0
2011809647110379 137212166624960 submit 9 0 0 0 0 0
2011809647110419 137212166624960 subm_end 1 0 0 0 0 0
2011809647110449 137212166624960 pump_beg 1 0 0 0 0 0
2011809648132412 137212166624960 feedend 8 0 0 0 0 0
2011809648607735 137212166624960 feedend 8 1 0 0 0 0
2011809647093370 137212174624640 msgin 9 22118400 0 0 0 0
2011809647094340 137212174624640 enq 9 1 0 0 0 0
2011809655214643 137212166624960 outfirst 8 0 65536 0 0 0
2011809659314014 137212166624960 outfirst 8 1 65536 0 0 0
2011809659415310 137212166624960 pump_end 1 2 0 0 0 0
2011809659415930 137212166624960 join_beg 1 0 0 0 0 0
2011809659416570 137212166624960 join_end 0 0 0 0 0 0
2011809659416670 137212166624960 book_beg 1 0 0 0 0 0
2011809659417460 137212166624960 batch 9 1 1 2 2 0
2011809659417540 137212166624960 book_end 1 0 0 0 0 0
2011809659417620 137212166624960 coll_beg 0 0 0 0 0 0
2011809660179662 137212166624960 coll_end 0 0 0 0 0 0
2011809660179772 137212166624960 rel_beg 1 0 0 0 0 0
2011809660180632 137212166624960 absorb 9 0 0 0 0 0
2011809660186782 137212166624960 rel_end 1 0 0 0 0 0
2011809660189422 137212166624960 wait_beg 0 0 0 0 0 0
2011809660288538 137212174624640 send 18 0 0 8 6 1
2011809660987742 137212174624640 send 817425 0 0 8 6 1
2011809661492774 137212174624640 send 677154 0 0 8 6 1
2011809661494204 137212174624640 send 14 0 0 8 6 1
2011809661494674 137212174624640 egress 9 1 0 6 0 0
2011809660211111 137212149839552 emit_beg 9 0 0 0 0 0
2011809660219221 137212149839552 dmg 0 1 0 0 2560 1440
2011809660219501 137212149839552 enc 8 8 1 -1 -1 0
2011809660343416 137212149839552 emit_end 9 0 0 0 0 0
2011809704475764 137212174624640 cliack 7 0 8 9 0 0
2011809704476374 137212174624640 ackregion 8 9 9 7 1 0
2011809710282972 137212166624960 wait_end 0 0 0 0 0 0
2011809710288442 137212166624960 drain_beg 0 0 0 0 0 0
2011809710289262 137212166624960 drain_end 1 0 0 0 0 0
2011809710289642 137212166624960 take 10 0 0 0 0 0
2011809710290352 137212166624960 subm_beg 1 0 0 0 0 0
2011809710292102 137212166624960 submit 10 0 0 0 0 0
2011809710292272 137212166624960 subm_end 1 0 0 0 0 0
2011809710292352 137212166624960 pump_beg 1 0 0 0 0 0
2011809712164913 137212166624960 feedend 9 0 0 0 0 0
2011809712175683 137212166624960 feedend 9 1 0 0 0 0
2011809710257033 137212174624640 msgin 10 22118400 0 0 0 0
2011809710259983 137212174624640 enq 10 1 0 0 0 0
2011809718291640 137212166624960 outfirst 9 1 65536 0 0 0
2011809722885472 137212166624960 outfirst 9 0 65536 0 0 0
2011809722981898 137212166624960 pump_end 1 2 0 0 0 0
2011809722982278 137212166624960 join_beg 1 0 0 0 0 0
2011809722983858 137212166624960 join_end 0 0 0 0 0 0
2011809722983958 137212166624960 book_beg 1 0 0 0 0 0
2011809722984358 137212166624960 batch 10 1 1 2 2 0
2011809722984448 137212166624960 book_end 1 0 0 0 0 0
2011809722984538 137212166624960 coll_beg 0 0 0 0 0 0
2011809723539368 137212166624960 coll_end 0 0 0 0 0 0
2011809723539458 137212166624960 rel_beg 1 0 0 0 0 0
2011809723540058 137212166624960 absorb 10 0 0 0 0 0
2011809723545018 137212166624960 rel_end 1 0 0 0 0 0
2011809723547758 137212166624960 wait_beg 0 0 0 0 0 0
2011809723603106 137212174624640 send 18 0 0 9 7 1
2011809724192724 137212174624640 send 717614 0 0 9 7 1
2011809724635128 137212174624640 send 616260 0 0 9 7 1
2011809724636548 137212174624640 send 14 0 0 9 7 1
2011809724636858 137212174624640 egress 10 1 0 7 0 0
2011809723569017 137212149839552 emit_beg 10 0 0 0 0 0
2011809723577057 137212149839552 dmg 0 1 0 0 2560 1440
2011809723577327 137212149839552 enc 9 9 1 -1 -1 0
2011809723680853 137212149839552 emit_end 10 0 0 0 0 0
2011809761733513 137212174624640 cliack 8 0 9 10 0 0
2011809761733663 137212174624640 ackregion 9 10 10 8 1 0
2011809768119090 137212166624960 wait_end 0 0 0 0 0 0
2011809768124230 137212166624960 drain_beg 0 0 0 0 0 0
2011809768124980 137212166624960 drain_end 1 0 0 0 0 0
2011809768125330 137212166624960 take 11 0 0 0 0 0
2011809768126100 137212166624960 subm_beg 1 0 0 0 0 0
2011809768127729 137212166624960 submit 11 0 0 0 0 0
2011809768128099 137212166624960 subm_end 1 0 0 0 0 0
2011809768128179 137212166624960 pump_beg 1 0 0 0 0 0
2011809770209473 137212166624960 feedend 10 0 0 0 0 0
2011809770220683 137212166624960 feedend 10 1 0 0 0 0
2011809768083911 137212174624640 msgin 11 22118400 0 0 0 0
2011809768086551 137212174624640 enq 11 1 0 0 0 0
2011809776737715 137212166624960 outfirst 10 1 65536 0 0 0
2011809781951835 137212166624960 outfirst 10 0 65536 0 0 0
2011809782102129 137212166624960 pump_end 1 2 0 0 0 0
2011809782102379 137212166624960 join_beg 1 0 0 0 0 0
2011809782102829 137212166624960 join_end 0 0 0 0 0 0
2011809782102969 137212166624960 book_beg 1 0 0 0 0 0
2011809782103259 137212166624960 batch 11 1 1 2 2 0
2011809782103299 137212166624960 book_end 1 0 0 0 0 0
2011809782103339 137212166624960 coll_beg 0 0 0 0 0 0
2011809782579532 137212166624960 coll_end 0 0 0 0 0 0
2011809782579592 137212166624960 rel_beg 1 0 0 0 0 0
2011809782579992 137212166624960 absorb 11 0 0 0 0 0
2011809782583651 137212166624960 rel_end 1 0 0 0 0 0
2011809782585091 137212166624960 wait_beg 0 0 0 0 0 0
2011809782640689 137212174624640 send 18 0 0 10 8 1
2011809783584445 137212174624640 send 895026 0 0 10 8 1
2011809784150794 137212174624640 send 759986 0 0 10 8 1
2011809784152264 137212174624640 send 14 0 0 10 8 1
2011809784152664 137212174624640 egress 11 1 0 8 0 0
2011809782603741 137212149839552 emit_beg 11 0 0 0 0 0
2011809782607151 137212149839552 dmg 0 1 0 0 2560 1440
2011809782607721 137212149839552 enc 10 10 1 -1 -1 0
2011809782717097 137212149839552 emit_end 11 0 0 0 0 0
2011809832471229 137212166624960 wait_end 0 0 0 0 0 0
2011809832472959 137212166624960 drain_beg 0 0 0 0 0 0
2011809832473239 137212166624960 drain_end 1 0 0 0 0 0
2011809832473549 137212166624960 take 12 0 0 0 0 0
2011809832473909 137212166624960 subm_beg 1 0 0 0 0 0
2011809832474639 137212166624960 submit 12 0 0 0 0 0
2011809832474819 137212166624960 subm_end 1 0 0 0 0 0
2011809832474859 137212166624960 pump_beg 1 0 0 0 0 0
2011809833258261 137212166624960 feedend 11 0 0 0 0 0
2011809833469353 137212166624960 feedend 11 1 0 0 0 0
2011809826578505 137212174624640 cliack 9 0 10 11 0 0
2011809826578745 137212174624640 ackregion 10 11 11 9 1 0
2011809832457510 137212174624640 msgin 12 22118400 0 0 0 0
2011809832462780 137212174624640 enq 12 1 0 0 0 0
2011809839787732 137212166624960 outfirst 11 0 65536 0 0 0
2011809843734108 137212166624960 outfirst 11 1 65536 0 0 0
2011809843829475 137212166624960 pump_end 1 2 0 0 0 0
2011809843829695 137212166624960 join_beg 1 0 0 0 0 0
2011809843830125 137212166624960 join_end 0 0 0 0 0 0
2011809843830455 137212166624960 book_beg 1 0 0 0 0 0
2011809843830855 137212166624960 batch 12 1 1 2 2 0
2011809843830905 137212166624960 book_end 1 0 0 0 0 0
2011809843831065 137212166624960 coll_beg 0 0 0 0 0 0
2011809844301217 137212166624960 coll_end 0 0 0 0 0 0
2011809844301277 137212166624960 rel_beg 1 0 0 0 0 0
2011809844301647 137212166624960 absorb 12 0 0 0 0 0
2011809844305487 137212166624960 rel_end 1 0 0 0 0 0
2011809844308307 137212166624960 wait_beg 0 0 0 0 0 0
2011809844395414 137212174624640 send 18 0 0 11 9 1
2011809844979703 137212174624640 send 712530 0 0 11 9 1
2011809845483914 137212174624640 send 615460 0 0 11 9 1
2011809845485444 137212174624640 send 14 0 0 11 9 1
2011809845485724 137212174624640 egress 12 1 0 9 0 0
2011809844336346 137212149839552 emit_beg 12 0 0 0 0 0
2011809844344696 137212149839552 dmg 0 1 0 0 2560 1440
2011809844345076 137212149839552 enc 11 11 1 -1 -1 0
2011809844462672 137212149839552 emit_end 12 0 0 0 0 0
2011809884068745 137212174624640 cliack 10 0 11 12 0 0
2011809884069795 137212174624640 ackregion 11 12 12 10 1 0
2011809887924634 137212166624960 wait_end 0 0 0 0 0 0
2011809887930164 137212166624960 drain_beg 0 0 0 0 0 0
2011809887931104 137212166624960 drain_end 1 0 0 0 0 0
2011809887931534 137212166624960 take 13 0 0 0 0 0
2011809887932534 137212166624960 subm_beg 1 0 0 0 0 0
2011809887934364 137212166624960 submit 13 0 0 0 0 0
2011809887934524 137212166624960 subm_end 1 0 0 0 0 0
2011809887934594 137212166624960 pump_beg 1 0 0 0 0 0
2011809889988119 137212166624960 feedend 12 0 0 0 0 0
2011809890167412 137212166624960 feedend 12 1 0 0 0 0
2011809887892085 137212174624640 msgin 13 22118400 0 0 0 0
2011809887895075 137212174624640 enq 13 1 0 0 0 0
2011809896151244 137212166624960 outfirst 12 1 65536 0 0 0
2011809900604571 137212166624960 outfirst 12 0 65536 0 0 0
2011809900695478 137212166624960 pump_end 1 2 0 0 0 0
2011809900695638 137212166624960 join_beg 1 0 0 0 0 0
2011809900696198 137212166624960 join_end 0 0 0 0 0 0
2011809900696408 137212166624960 book_beg 1 0 0 0 0 0
2011809900696788 137212166624960 batch 13 1 1 2 2 0
2011809900696868 137212166624960 book_end 1 0 0 0 0 0
2011809900696948 137212166624960 coll_beg 0 0 0 0 0 0
2011809901238228 137212166624960 coll_end 0 0 0 0 0 0
2011809901238308 137212166624960 rel_beg 1 0 0 0 0 0
2011809901238818 137212166624960 absorb 13 0 0 0 0 0
2011809901243548 137212166624960 rel_end 1 0 0 0 0 0
2011809901245828 137212166624960 wait_beg 0 0 0 0 0 0
2011809901296116 137212174624640 send 18 0 0 12 10 1
2011809902211692 137212174624640 send 690082 0 0 12 10 1
2011809902630187 137212174624640 send 596887 0 0 12 10 1
2011809902631567 137212174624640 send 14 0 0 12 10 1
2011809902631957 137212174624640 egress 13 1 0 10 0 0
2011809901265907 137212149839552 emit_beg 13 0 0 0 0 0
2011809901271707 137212149839552 dmg 0 1 0 0 2560 1440
2011809901272057 137212149839552 enc 12 12 1 -1 -1 0
2011809901359853 137212149839552 emit_end 13 0 0 0 0 0
2011809955474647 137212174624640 cliack 11 0 12 13 0 0
2011809955474807 137212174624640 ackregion 12 13 13 11 1 0
2011809961275965 137212166624960 wait_end 0 0 0 0 0 0
2011809961280165 137212166624960 drain_beg 0 0 0 0 0 0
2011809961280655 137212166624960 drain_end 1 0 0 0 0 0
2011809961280815 137212166624960 take 14 0 0 0 0 0
2011809961281325 137212166624960 subm_beg 1 0 0 0 0 0
2011809961282655 137212166624960 submit 14 0 0 0 0 0
2011809961282725 137212166624960 subm_end 1 0 0 0 0 0
2011809961282865 137212166624960 pump_beg 1 0 0 0 0 0
2011809963285972 137212166624960 feedend 13 0 0 0 0 0
2011809963295361 137212166624960 feedend 13 1 0 0 0 0
2011809961252506 137212174624640 msgin 14 22118400 0 0 0 0
2011809961253276 137212174624640 enq 14 1 0 0 0 0
2011809969051771 137212166624960 outfirst 13 1 65536 0 0 0
2011809973856066 137212166624960 outfirst 13 0 65536 0 0 0
2011809973997821 137212166624960 pump_end 1 2 0 0 0 0
2011809973998191 137212166624960 join_beg 1 0 0 0 0 0
2011809973998751 137212166624960 join_end 0 0 0 0 0 0
2011809973999031 137212166624960 book_beg 1 0 0 0 0 0
2011809974003360 137212166624960 batch 14 1 1 2 2 0
2011809974003450 137212166624960 book_end 1 0 0 0 0 0
2011809974003520 137212166624960 coll_beg 0 0 0 0 0 0
2011809974527371 137212166624960 coll_end 0 0 0 0 0 0
2011809974527431 137212166624960 rel_beg 1 0 0 0 0 0
2011809974527961 137212166624960 absorb 14 0 0 0 0 0
2011809974533201 137212166624960 rel_end 1 0 0 0 0 0
2011809974535801 137212166624960 wait_beg 0 0 0 0 0 0
2011809974624518 137212174624640 send 18 0 0 13 11 1
2011809975541444 137212174624640 send 805821 0 0 13 11 1
2011809975970128 137212174624640 send 606420 0 0 13 11 1
2011809975971518 137212174624640 send 14 0 0 13 11 1
2011809975972038 137212174624640 egress 14 1 0 11 0 0
2011809974558850 137212149839552 emit_beg 14 0 0 0 0 0
2011809974566410 137212149839552 dmg 0 1 0 0 2560 1440
2011809974566750 137212149839552 enc 13 13 1 -1 -1 0
2011809974675256 137212149839552 emit_end 14 0 0 0 0 0
2011810012946998 137212174624640 cliack 12 0 13 14 0 0
2011810012947918 137212174624640 ackregion 13 14 14 12 1 0
2011810017574049 137212166624960 wait_end 0 0 0 0 0 0
2011810017577789 137212166624960 drain_beg 0 0 0 0 0 0
2011810017578179 137212166624960 drain_end 1 0 0 0 0 0
2011810017578389 137212166624960 take 15 0 0 0 0 0
2011810017578729 137212166624960 subm_beg 1 0 0 0 0 0
2011810017579979 137212166624960 submit 15 0 0 0 0 0
2011810017580079 137212166624960 subm_end 1 0 0 0 0 0
2011810017580159 137212166624960 pump_beg 1 0 0 0 0 0
2011810018379740 137212166624960 feedend 14 0 0 0 0 0
2011810018740716 137212166624960 feedend 14 1 0 0 0 0
2011810025941633 137212166624960 outfirst 14 0 65536 0 0 0
2011810017551900 137212174624640 msgin 15 22118400 0 0 0 0
2011810017553290 137212174624640 enq 15 1 0 0 0 0
2011810030673181 137212166624960 outfirst 14 1 65536 0 0 0
2011810030840314 137212166624960 pump_end 1 2 0 0 0 0
2011810030841434 137212166624960 join_beg 1 0 0 0 0 0
2011810030841934 137212166624960 join_end 0 0 0 0 0 0
2011810030842214 137212166624960 book_beg 1 0 0 0 0 0
2011810030842974 137212166624960 batch 15 1 1 2 2 0
2011810030843014 137212166624960 book_end 1 0 0 0 0 0
2011810030843044 137212166624960 coll_beg 0 0 0 0 0 0
2011810031724142 137212166624960 coll_end 0 0 0 0 0 0
2011810031724322 137212166624960 rel_beg 1 0 0 0 0 0
2011810031726162 137212166624960 absorb 15 0 0 0 0 0
2011810031734272 137212166624960 rel_end 1 0 0 0 0 0
2011810031737532 137212166624960 wait_beg 0 0 0 0 0 0
2011810031821769 137212174624640 send 18 0 0 14 12 1
2011810032822062 137212174624640 send 959108 0 0 14 12 1
2011810033459849 137212174624640 send 871032 0 0 14 12 1
2011810033462389 137212174624640 send 14 0 0 14 12 1
2011810033462699 137212174624640 egress 15 1 0 12 0 0
2011810031762231 137212149839552 emit_beg 15 0 0 0 0 0
2011810031768341 137212149839552 dmg 0 1 0 0 2560 1440
2011810031768681 137212149839552 enc 14 14 1 -1 -1 0
2011810032113718 137212149839552 emit_end 15 0 0 0 0 0
2011810072435325 137212166624960 wait_end 0 0 0 0 0 0
2011810072439105 137212166624960 drain_beg 0 0 0 0 0 0
2011810072439765 137212166624960 drain_end 1 0 0 0 0 0
2011810072439995 137212166624960 take 16 0 0 0 0 0
2011810072440405 137212166624960 subm_beg 1 0 0 0 0 0
2011810072442195 137212166624960 submit 16 0 0 0 0 0
2011810072442285 137212166624960 subm_end 1 0 0 0 0 0
2011810072442385 137212166624960 pump_beg 1 0 0 0 0 0
2011810073634252 137212166624960 feedend 15 0 0 0 0 0
2011810074231450 137212166624960 feedend 15 1 0 0 0 0
2011810068609445 137212174624640 cliack 13 0 14 15 0 0
2011810068610495 137212174624640 ackregion 14 15 15 13 1 0
2011810072407756 137212174624640 msgin 16 22118400 0 0 0 0
2011810072408896 137212174624640 enq 16 1 0 0 0 0
2011810081445976 137212166624960 outfirst 15 0 65536 0 0 0
2011810086829790 137212166624960 outfirst 15 1 65536 0 0 0
2011810087019533 137212166624960 pump_end 1 2 0 0 0 0
2011810087020233 137212166624960 join_beg 1 0 0 0 0 0
2011810087021003 137212166624960 join_end 0 0 0 0 0 0
2011810087021163 137212166624960 book_beg 1 0 0 0 0 0
2011810087021723 137212166624960 batch 16 1 1 2 2 0
2011810087021763 137212166624960 book_end 1 0 0 0 0 0
2011810087021803 137212166624960 coll_beg 0 0 0 0 0 0
2011810087582172 137212166624960 coll_end 0 0 0 0 0 0
2011810087582212 137212166624960 rel_beg 1 0 0 0 0 0
2011810087582692 137212166624960 absorb 16 0 0 0 0 0
2011810087586562 137212166624960 rel_end 1 0 0 0 0 0
2011810087589392 137212166624960 wait_beg 0 0 0 0 0 0
2011810087666669 137212174624640 send 18 0 0 15 13 1
2011810088318025 137212174624640 send 802675 0 0 15 13 1
2011810088835876 137212174624640 send 726297 0 0 15 13 1
2011810088837336 137212174624640 send 14 0 0 15 13 1
2011810088837756 137212174624640 egress 16 1 0 13 0 0
2011810087608061 137212149839552 emit_beg 16 0 0 0 0 0
2011810087615451 137212149839552 dmg 0 1 0 0 2560 1440
2011810087615851 137212149839552 enc 15 15 1 -1 -1 0
2011810087750556 137212149839552 emit_end 16 0 0 0 0 0
2011810130915450 137212166624960 wait_end 0 0 0 0 0 0
2011810130918120 137212166624960 drain_beg 0 0 0 0 0 0
2011810130918360 137212166624960 drain_end 1 0 0 0 0 0
2011810130918550 137212166624960 take 17 0 0 0 0 0
2011810130919030 137212166624960 subm_beg 1 0 0 0 0 0
2011810130920139 137212166624960 submit 17 0 0 0 0 0
2011810130920449 137212166624960 subm_end 1 0 0 0 0 0
2011810130920479 137212166624960 pump_beg 1 0 0 0 0 0
2011810131588725 137212166624960 feedend 16 0 0 0 0 0
2011810131916683 137212166624960 feedend 16 1 0 0 0 0
2011810129555889 137212174624640 cliack 14 0 15 16 0 0
2011810129556639 137212174624640 ackregion 15 16 16 14 1 0
2011810130899730 137212174624640 msgin 17 22118400 0 0 0 0
2011810130900660 137212174624640 enq 17 1 0 0 0 0
2011810139648581 137212166624960 outfirst 16 0 65536 0 0 0
2011810144890169 137212166624960 outfirst 16 1 65536 0 0 0
2011810144992915 137212166624960 pump_end 1 2 0 0 0 0
2011810144993175 137212166624960 join_beg 1 0 0 0 0 0
2011810144993785 137212166624960 join_end 0 0 0 0 0 0
2011810144993895 137212166624960 book_beg 1 0 0 0 0 0
2011810144994145 137212166624960 batch 17 1 1 2 2 0
2011810144994185 137212166624960 book_end 1 0 0 0 0 0
2011810144994215 137212166624960 coll_beg 0 0 0 0 0 0
2011810145435059 137212166624960 coll_end 0 0 0 0 0 0
2011810145435119 137212166624960 rel_beg 1 0 0 0 0 0
2011810145435349 137212166624960 absorb 17 0 0 0 0 0
2011810145438859 137212166624960 rel_end 1 0 0 0 0 0
2011810145441119 137212166624960 wait_beg 0 0 0 0 0 0
2011810145477618 137212174624640 send 18 0 0 16 14 1
2011810146119694 137212174624640 send 827350 0 0 16 14 1
2011810146602927 137212174624640 send 681656 0 0 16 14 1
2011810146604187 137212174624640 send 14 0 0 16 14 1
2011810146604557 137212174624640 egress 17 1 0 14 0 0
2011810145447539 137212149839552 emit_beg 17 0 0 0 0 0
2011810145452969 137212149839552 dmg 0 1 0 0 2560 1440
2011810145453209 137212149839552 enc 16 16 1 -1 -1 0
2011810145540955 137212149839552 emit_end 17 0 0 0 0 0
2011810214478258 137212166624960 wait_end 0 0 0 0 0 0
2011810214484887 137212166624960 drain_beg 0 0 0 0 0 0
2011810214485447 137212166624960 drain_end 1 0 0 0 0 0
2011810214485737 137212166624960 take 18 0 0 0 0 0
2011810214486397 137212166624960 subm_beg 1 0 0 0 0 0
2011810214488307 137212166624960 submit 18 0 0 0 0 0
2011810214488467 137212166624960 subm_end 1 0 0 0 0 0
2011810214488547 137212166624960 pump_beg 1 0 0 0 0 0
2011810215297268 137212166624960 feedend 17 0 0 0 0 0
2011810215674494 137212166624960 feedend 17 1 0 0 0 0
2011810208873192 137212174624640 cliack 15 0 16 17 0 0
2011810208873562 137212174624640 ackregion 16 17 17 15 1 0
2011810214446599 137212174624640 msgin 18 22118400 0 0 0 0
2011810214448799 137212174624640 enq 18 1 0 0 0 0
2011810223331574 137212166624960 outfirst 17 0 65536 0 0 0
2011810228412399 137212166624960 outfirst 17 1 65536 0 0 0
2011810228561813 137212166624960 pump_end 1 2 0 0 0 0
2011810228562363 137212166624960 join_beg 1 0 0 0 0 0
2011810228562603 137212166624960 join_end 0 0 0 0 0 0
2011810228562703 137212166624960 book_beg 1 0 0 0 0 0
2011810228563223 137212166624960 batch 18 1 1 2 2 0
2011810228563283 137212166624960 book_end 1 0 0 0 0 0
2011810228563353 137212166624960 coll_beg 0 0 0 0 0 0
2011810229182731 137212166624960 coll_end 0 0 0 0 0 0
2011810229182861 137212166624960 rel_beg 1 0 0 0 0 0
2011810229183641 137212166624960 absorb 18 0 0 0 0 0
2011810229188840 137212166624960 rel_end 1 0 0 0 0 0
2011810229191240 137212166624960 wait_beg 0 0 0 0 0 0
2011810229244178 137212174624640 send 18 0 0 17 15 1
2011810229934343 137212174624640 send 796683 0 0 17 15 1
2011810230406506 137212174624640 send 654353 0 0 17 15 1
2011810230407746 137212174624640 send 14 0 0 17 15 1
2011810230408016 137212174624640 egress 18 1 0 15 0 0
2011810229209600 137212149839552 emit_beg 18 0 0 0 0 0
2011810229216619 137212149839552 dmg 0 1 0 0 2560 1440
2011810229216979 137212149839552 enc 17 17 1 -1 -1 0
2011810229324995 137212149839552 emit_end 18 0 0 0 0 0
2011810274652830 137212174624640 cliack 16 0 17 18 0 0
2011810274653410 137212174624640 ackregion 17 18 18 16 1 0
2011810279853810 137212166624960 wait_end 0 0 0 0 0 0
2011810279859930 137212166624960 drain_beg 0 0 0 0 0 0
2011810279860740 137212166624960 drain_end 1 0 0 0 0 0
2011810279861150 137212166624960 take 19 0 0 0 0 0
2011810279861880 137212166624960 subm_beg 1 0 0 0 0 0
2011810279863290 137212166624960 submit 19 0 0 0 0 0
2011810279863460 137212166624960 subm_end 1 0 0 0 0 0
2011810279863540 137212166624960 pump_beg 1 0 0 0 0 0
2011810280689999 137212166624960 feedend 18 0 0 0 0 0
2011810281034657 137212166624960 feedend 18 1 0 0 0 0
2011810279819951 137212174624640 msgin 19 22118400 0 0 0 0
2011810279821941 137212174624640 enq 19 1 0 0 0 0
2011810288707917 137212166624960 outfirst 18 0 65536 0 0 0
2011810294049472 137212166624960 outfirst 18 1 65536 0 0 0
2011810294230355 137212166624960 pump_end 1 2 0 0 0 0
2011810294231065 137212166624960 join_beg 1 0 0 0 0 0
2011810294231915 137212166624960 join_end 0 0 0 0 0 0
2011810294232035 137212166624960 book_beg 1 0 0 0 0 0
2011810294232885 137212166624960 batch 19 1 1 2 2 0
2011810294232965 137212166624960 book_end 1 0 0 0 0 0
2011810294233035 137212166624960 coll_beg 0 0 0 0 0 0
2011810294884811 137212166624960 coll_end 0 0 0 0 0 0
2011810294884911 137212166624960 rel_beg 1 0 0 0 0 0
2011810294885541 137212166624960 absorb 19 0 0 0 0 0
2011810294891861 137212166624960 rel_end 1 0 0 0 0 0
2011810294894971 137212166624960 wait_beg 0 0 0 0 0 0
2011810294952569 137212174624640 send 18 0 0 18 16 1
2011810295780278 137212174624640 send 853856 0 0 18 16 1
2011810296299479 137212174624640 send 711298 0 0 18 16 1
2011810296300759 137212174624640 send 14 0 0 18 16 1
2011810296301299 137212174624640 egress 19 1 0 16 0 0
2011810294915140 137212149839552 emit_beg 19 0 0 0 0 0
2011810294920770 137212149839552 dmg 0 1 0 0 2560 1440
2011810294921040 137212149839552 enc 18 18 1 -1 -1 0
2011810295045185 137212149839552 emit_end 19 0 0 0 0 0
2011810342752343 137212166624960 wait_end 0 0 0 0 0 0
2011810342754563 137212166624960 drain_beg 0 0 0 0 0 0
2011810342754813 137212166624960 drain_end 1 0 0 0 0 0
2011810342755053 137212166624960 take 20 0 0 0 0 0
2011810342755663 137212166624960 subm_beg 1 0 0 0 0 0
2011810342757023 137212166624960 submit 20 0 0 0 0 0
2011810342757153 137212166624960 subm_end 1 0 0 0 0 0
2011810342757203 137212166624960 pump_beg 1 0 0 0 0 0
2011810343606182 137212166624960 feedend 19 0 0 0 0 0
2011810343814254 137212166624960 feedend 19 1 0 0 0 0
2011810340095260 137212174624640 cliack 17 0 18 19 0 0
2011810340095450 137212174624640 ackregion 18 19 19 17 1 0
2011810342736293 137212174624640 msgin 20 22118400 0 0 0 0
2011810342737463 137212174624640 enq 20 1 0 0 0 0
2011810351160346 137212166624960 outfirst 19 0 65536 0 0 0
2011810356050527 137212166624960 outfirst 19 1 65536 0 0 0
2011810356170493 137212166624960 pump_end 1 2 0 0 0 0
2011810356171083 137212166624960 join_beg 1 0 0 0 0 0
2011810356172053 137212166624960 join_end 0 0 0 0 0 0
2011810356172193 137212166624960 book_beg 1 0 0 0 0 0
2011810356173283 137212166624960 batch 20 1 1 2 2 0
2011810356173363 137212166624960 book_end 1 0 0 0 0 0
2011810356173413 137212166624960 coll_beg 0 0 0 0 0 0
2011810356658395 137212166624960 coll_end 0 0 0 0 0 0
2011810356658445 137212166624960 rel_beg 1 0 0 0 0 0
2011810356658835 137212166624960 absorb 20 0 0 0 0 0
2011810356662515 137212166624960 rel_end 1 0 0 0 0 0
2011810356664985 137212166624960 wait_beg 0 0 0 0 0 0
2011810356735272 137212174624640 send 18 0 0 19 17 1
2011810357293772 137212174624640 send 729696 0 0 19 17 1
2011810357762355 137212174624640 send 603981 0 0 19 17 1
2011810357763825 137212174624640 send 14 0 0 19 17 1
2011810357764265 137212174624640 egress 20 1 0 17 0 0
2011810356686974 137212149839552 emit_beg 20 0 0 0 0 0
2011810356693444 137212149839552 dmg 0 1 0 0 2560 1440
2011810356693694 137212149839552 enc 19 19 1 -1 -1 0
2011810356787210 137212149839552 emit_end 20 0 0 0 0 0
2011810406063930 137212166624960 wait_end 0 0 0 0 0 0
2011810406066340 137212166624960 drain_beg 0 0 0 0 0 0
2011810406066660 137212166624960 drain_end 1 0 0 0 0 0
2011810406066870 137212166624960 take 21 0 0 0 0 0
2011810406067120 137212166624960 subm_beg 1 0 0 0 0 0
2011810406067790 137212166624960 submit 21 0 0 0 0 0
2011810406067950 137212166624960 subm_end 1 0 0 0 0 0
2011810406068060 137212166624960 pump_beg 1 0 0 0 0 0
2011810406942938 137212166624960 feedend 20 0 0 0 0 0
2011810407203869 137212166624960 feedend 20 1 0 0 0 0
2011810402552679 137212174624640 cliack 18 0 19 20 0 0
2011810402553349 137212174624640 ackregion 19 20 20 18 1 0
2011810406049231 137212174624640 msgin 21 22118400 0 0 0 0
2011810406049671 137212174624640 enq 21 1 0 0 0 0
2011810415652080 137212166624960 outfirst 20 0 65536 0 0 0
2011810421544075 137212166624960 outfirst 20 1 65536 0 0 0
2011810421665021 137212166624960 pump_end 1 2 0 0 0 0
2011810421665391 137212166624960 join_beg 1 0 0 0 0 0
2011810421666191 137212166624960 join_end 0 0 0 0 0 0
2011810421666261 137212166624960 book_beg 1 0 0 0 0 0
2011810421667071 137212166624960 batch 21 1 1 2 2 0
2011810421667101 137212166624960 book_end 1 0 0 0 0 0
2011810421667131 137212166624960 coll_beg 0 0 0 0 0 0
2011810422218091 137212166624960 coll_end 0 0 0 0 0 0
2011810422218251 137212166624960 rel_beg 1 0 0 0 0 0
2011810422218621 137212166624960 absorb 21 0 0 0 0 0
2011810422222150 137212166624960 rel_end 1 0 0 0 0 0
2011810422224990 137212166624960 wait_beg 0 0 0 0 0 0
2011810422280148 137212174624640 send 18 0 0 20 18 1
2011810423013582 137212174624640 send 936967 0 0 20 18 1
2011810423661038 137212174624640 send 847414 0 0 20 18 1
2011810423662318 137212174624640 send 14 0 0 20 18 1
2011810423666308 137212174624640 egress 21 1 0 18 0 0
2011810422233660 137212149839552 emit_beg 21 0 0 0 0 0
2011810422238140 137212149839552 dmg 0 1 0 0 2560 1440
2011810422238670 137212149839552 enc 20 20 1 -1 -1 0
2011810422372985 137212149839552 emit_end 21 0 0 0 0 0
2011810477980994 137212166624960 wait_end 0 0 0 0 0 0
2011810477986474 137212166624960 drain_beg 0 0 0 0 0 0
2011810477987314 137212166624960 drain_end 1 0 0 0 0 0
2011810477987574 137212166624960 take 22 0 0 0 0 0
2011810477988424 137212166624960 subm_beg 1 0 0 0 0 0
2011810477989964 137212166624960 submit 22 0 0 0 0 0
2011810477990154 137212166624960 subm_end 1 0 0 0 0 0
2011810477990234 137212166624960 pump_beg 1 0 0 0 0 0
2011810478803454 137212166624960 feedend 21 0 0 0 0 0
2011810479156891 137212166624960 feedend 21 1 0 0 0 0
2011810470282515 137212174624640 cliack 19 0 20 21 0 0
2011810470282745 137212174624640 ackregion 20 21 21 19 1 0
2011810477944185 137212174624640 msgin 22 22118400 0 0 0 0
2011810477946405 137212174624640 enq 22 1 0 0 0 0
2011810486032490 137212166624960 outfirst 21 0 65536 0 0 0
2011810490764167 137212166624960 outfirst 21 1 65536 0 0 0
2011810490849004 137212166624960 pump_end 1 2 0 0 0 0
2011810490849224 137212166624960 join_beg 1 0 0 0 0 0
2011810490849554 137212166624960 join_end 0 0 0 0 0 0
2011810490849784 137212166624960 book_beg 1 0 0 0 0 0
2011810490850574 137212166624960 batch 22 1 1 2 2 0
2011810490850634 137212166624960 book_end 1 0 0 0 0 0
2011810490850694 137212166624960 coll_beg 0 0 0 0 0 0
2011810491429563 137212166624960 coll_end 0 0 0 0 0 0
2011810491429663 137212166624960 rel_beg 1 0 0 0 0 0
2011810491430233 137212166624960 absorb 22 0 0 0 0 0
2011810491434663 137212166624960 rel_end 1 0 0 0 0 0
2011810491437322 137212166624960 wait_beg 0 0 0 0 0 0
2011810491465701 137212174624640 send 18 0 0 21 19 1
2011810492029971 137212174624640 send 702190 0 0 21 19 1
2011810492463605 137212174624640 send 594725 0 0 21 19 1
2011810492464795 137212174624640 send 14 0 0 21 19 1
2011810492465045 137212174624640 egress 22 1 0 19 0 0
2011810491445092 137212149839552 emit_beg 22 0 0 0 0 0
2011810491448582 137212149839552 dmg 0 1 0 0 2560 1440
2011810491448892 137212149839552 enc 21 21 1 -1 -1 0
2011810491523229 137212149839552 emit_end 22 0 0 0 0 0
2011810527716257 137212174624640 cliack 20 0 21 22 0 0
2011810527716447 137212174624640 ackregion 21 22 22 20 1 0
2011810533138079 137212166624960 wait_end 0 0 0 0 0 0
2011810533142329 137212166624960 drain_beg 0 0 0 0 0 0
2011810533143049 137212166624960 drain_end 1 0 0 0 0 0
2011810533143349 137212166624960 take 23 0 0 0 0 0
2011810533143929 137212166624960 subm_beg 1 0 0 0 0 0
2011810533145369 137212166624960 submit 23 0 0 0 0 0
2011810533145489 137212166624960 subm_end 1 0 0 0 0 0
2011810533145529 137212166624960 pump_beg 1 0 0 0 0 0
2011810533866663 137212166624960 feedend 22 0 0 0 0 0
2011810534095624 137212166624960 feedend 22 1 0 0 0 0
2011810533125210 137212174624640 msgin 23 22118400 0 0 0 0
2011810533126320 137212174624640 enq 23 1 0 0 0 0
2011810542349143 137212166624960 outfirst 22 0 65536 0 0 0
2011810548566976 137212166624960 outfirst 22 1 65536 0 0 0
2011810548738210 137212166624960 pump_end 1 2 0 0 0 0
2011810548738400 137212166624960 join_beg 1 0 0 0 0 0
2011810548738710 137212166624960 join_end 0 0 0 0 0 0
2011810548738790 137212166624960 book_beg 1 0 0 0 0 0
2011810548739020 137212166624960 batch 23 1 1 2 2 0
2011810548739210 137212166624960 book_end 1 0 0 0 0 0
2011810548739390 137212166624960 coll_beg 0 0 0 0 0 0
2011810549559840 137212166624960 coll_end 0 0 0 0 0 0
2011810549559950 137212166624960 rel_beg 1 0 0 0 0 0
2011810549560270 137212166624960 absorb 23 0 0 0 0 0
2011810549564209 137212166624960 rel_end 1 0 0 0 0 0
2011810549565779 137212166624960 wait_beg 0 0 0 0 0 0
2011810549607818 137212174624640 send 18 0 0 22 20 1
2011810549585949 137212149839552 emit_beg 23 0 0 0 0 0
2011810549590138 137212149839552 dmg 0 1 0 0 2560 1440
2011810549590448 137212149839552 enc 22 22 1 -1 -1 0
2011810549805211 137212149839552 emit_end 23 0 0 0 0 0
2011810550503585 137212174624640 send 1040266 0 0 22 20 1
2011810551162931 137212174624640 send 902066 0 0 22 20 1
2011810551164451 137212174624640 send 14 0 0 22 20 1
2011810551164751 137212174624640 egress 23 1 0 20 0 0
2011810608538996 137212166624960 wait_end 0 0 0 0 0 0
2011810608542086 137212166624960 drain_beg 0 0 0 0 0 0
2011810608542516 137212166624960 drain_end 1 0 0 0 0 0
2011810608542655 137212166624960 take 24 0 0 0 0 0
2011810608543275 137212166624960 subm_beg 1 0 0 0 0 0
2011810608544275 137212166624960 submit 24 0 0 0 0 0
2011810608544425 137212166624960 subm_end 1 0 0 0 0 0
2011810608544455 137212166624960 pump_beg 1 0 0 0 0 0
2011810609360356 137212166624960 feedend 23 0 0 0 0 0
2011810609746542 137212166624960 feedend 23 1 0 0 0 0
2011810604942917 137212174624640 cliack 21 0 22 23 0 0
2011810604943167 137212174624640 ackregion 22 23 23 21 1 0
2011810608520156 137212174624640 msgin 24 22118400 0 0 0 0
2011810608521126 137212174624640 enq 24 1 0 0 0 0
2011810617517388 137212166624960 outfirst 23 0 65536 0 0 0
2011810623836937 137212166624960 outfirst 23 1 65536 0 0 0
2011810624016910 137212166624960 pump_end 1 2 0 0 0 0
2011810624017290 137212166624960 join_beg 1 0 0 0 0 0
2011810624018030 137212166624960 join_end 0 0 0 0 0 0
2011810624018320 137212166624960 book_beg 1 0 0 0 0 0
2011810624019250 137212166624960 batch 24 1 1 2 2 0
2011810624019450 137212166624960 book_end 1 0 0 0 0 0
2011810624019520 137212166624960 coll_beg 0 0 0 0 0 0
2011810624603899 137212166624960 coll_end 0 0 0 0 0 0
2011810624603949 137212166624960 rel_beg 1 0 0 0 0 0
2011810624604499 137212166624960 absorb 24 0 0 0 0 0
2011810624609859 137212166624960 rel_end 1 0 0 0 0 0
2011810624612309 137212166624960 wait_beg 0 0 0 0 0 0
2011810624669066 137212174624640 send 18 0 0 23 21 1
2011810625354711 137212174624640 send 852752 0 0 23 21 1
2011810625890652 137212174624640 send 747260 0 0 23 21 1
2011810625892142 137212174624640 send 14 0 0 23 21 1
2011810625892452 137212174624640 egress 24 1 0 21 0 0
2011810624620108 137212149839552 emit_beg 24 0 0 0 0 0
2011810624625118 137212149839552 dmg 0 1 0 0 2560 1440
2011810624625478 137212149839552 enc 23 23 1 -1 -1 0
2011810624759973 137212149839552 emit_end 24 0 0 0 0 0
2011810666776629 137212166624960 wait_end 0 0 0 0 0 0
2011810666781728 137212166624960 drain_beg 0 0 0 0 0 0
2011810666782488 137212166624960 drain_end 1 0 0 0 0 0
2011810666782788 137212166624960 take 25 0 0 0 0 0
2011810666783398 137212166624960 subm_beg 1 0 0 0 0 0
2011810666784728 137212166624960 submit 25 0 0 0 0 0
2011810666784888 137212166624960 subm_end 1 0 0 0 0 0
2011810666784938 137212166624960 pump_beg 1 0 0 0 0 0
2011810667573529 137212166624960 feedend 24 0 0 0 0 0
2011810667914647 137212166624960 feedend 24 1 0 0 0 0
2011810661029089 137212174624640 cliack 22 0 23 24 0 0
2011810661029679 137212174624640 ackregion 23 24 24 22 1 0
2011810666741790 137212174624640 msgin 25 22118400 0 0 0 0
2011810666744240 137212174624640 enq 25 1 0 0 0 0
2011810675252419 137212166624960 outfirst 24 0 65536 0 0 0
2011810680959601 137212166624960 outfirst 24 1 65536 0 0 0
2011810681126535 137212166624960 pump_end 1 2 0 0 0 0
2011810681126775 137212166624960 join_beg 1 0 0 0 0 0
2011810681127345 137212166624960 join_end 0 0 0 0 0 0
2011810681127615 137212166624960 book_beg 1 0 0 0 0 0
2011810681127855 137212166624960 batch 25 1 1 2 2 0
2011810681127915 137212166624960 book_end 1 0 0 0 0 0
2011810681127975 137212166624960 coll_beg 0 0 0 0 0 0
2011810681535630 137212166624960 coll_end 0 0 0 0 0 0
2011810681535780 137212166624960 rel_beg 1 0 0 0 0 0
2011810681536320 137212166624960 absorb 25 0 0 0 0 0
2011810681540069 137212166624960 rel_end 1 0 0 0 0 0
2011810681542299 137212166624960 wait_beg 0 0 0 0 0 0
2011810681630956 137212174624640 send 18 0 0 24 22 1
2011810682226924 137212174624640 send 814873 0 0 24 22 1
2011810682695637 137212174624640 send 646527 0 0 24 22 1
2011810682696937 137212174624640 send 14 0 0 24 22 1
2011810682697147 137212174624640 egress 25 1 0 22 0 0
2011810681549059 137212149839552 emit_beg 25 0 0 0 0 0
2011810681552549 137212149839552 dmg 0 1 0 0 2560 1440
2011810681552799 137212149839552 enc 24 24 1 -1 -1 0
2011810681641286 137212149839552 emit_end 25 0 0 0 0 0
2011810750248060 137212166624960 wait_end 0 0 0 0 0 0
2011810750251710 137212166624960 drain_beg 0 0 0 0 0 0
2011810750252470 137212166624960 drain_end 1 0 0 0 0 0
2011810750252780 137212166624960 take 26 0 0 0 0 0
2011810750253280 137212166624960 subm_beg 1 0 0 0 0 0
2011810750254350 137212166624960 submit 26 0 0 0 0 0
2011810750254500 137212166624960 subm_end 1 0 0 0 0 0
2011810750254540 137212166624960 pump_beg 1 0 0 0 0 0
2011810751194635 137212166624960 feedend 25 0 0 0 0 0
2011810745013931 137212174624640 cliack 23 0 24 25 0 0
2011810745014021 137212174624640 ackregion 24 25 25 23 1 0
2011810750228791 137212174624640 msgin 26 22118400 0 0 0 0
2011810750229851 137212174624640 enq 26 1 0 0 0 0
2011810751614070 137212166624960 feedend 25 1 0 0 0 0
2011810759490173 137212166624960 outfirst 25 0 65536 0 0 0
2011810765500993 137212166624960 outfirst 25 1 65536 0 0 0
2011810765625938 137212166624960 pump_end 1 2 0 0 0 0
2011810765631928 137212166624960 join_beg 1 0 0 0 0 0
2011810765632748 137212166624960 join_end 0 0 0 0 0 0
2011810765632988 137212166624960 book_beg 1 0 0 0 0 0
2011810765633788 137212166624960 batch 26 1 1 2 2 0
2011810765633818 137212166624960 book_end 1 0 0 0 0 0
2011810765633848 137212166624960 coll_beg 0 0 0 0 0 0
2011810766111561 137212166624960 coll_end 0 0 0 0 0 0
2011810766111721 137212166624960 rel_beg 1 0 0 0 0 0
2011810766112261 137212166624960 absorb 26 0 0 0 0 0
2011810766119240 137212166624960 rel_end 1 0 0 0 0 0
2011810766121310 137212166624960 wait_beg 0 0 0 0 0 0
2011810766208587 137212174624640 send 18 0 0 25 23 1
2011810766908592 137212174624640 send 840464 0 0 25 23 1
2011810767405893 137212174624640 send 689220 0 0 25 23 1
2011810767407373 137212174624640 send 14 0 0 25 23 1
2011810767407813 137212174624640 egress 26 1 0 23 0 0
2011810766131450 137212149839552 emit_beg 26 0 0 0 0 0
2011810766137900 137212149839552 dmg 0 1 0 0 2560 1440
2011810766138180 137212149839552 enc 25 25 1 -1 -1 0
2011810766247126 137212149839552 emit_end 26 0 0 0 0 0
2011810820473515 137212166624960 wait_end 0 0 0 0 0 0
2011810820478205 137212166624960 drain_beg 0 0 0 0 0 0
2011810820478655 137212166624960 drain_end 1 0 0 0 0 0
2011810820478855 137212166624960 take 27 0 0 0 0 0
2011810820479345 137212166624960 subm_beg 1 0 0 0 0 0
2011810820480135 137212166624960 submit 27 0 0 0 0 0
2011810820480465 137212166624960 subm_end 1 0 0 0 0 0
2011810820480525 137212166624960 pump_beg 1 0 0 0 0 0
2011810821287616 137212166624960 feedend 26 0 0 0 0 0
2011810821638973 137212166624960 feedend 26 1 0 0 0 0
2011810814129337 137212174624640 cliack 24 0 25 26 0 0
2011810814129507 137212174624640 ackregion 25 26 26 24 1 0
2011810820440936 137212174624640 msgin 27 22118400 0 0 0 0
2011810820443036 137212174624640 enq 27 1 0 0 0 0
2011810829142119 137212166624960 outfirst 26 0 65536 0 0 0
2011810834543921 137212166624960 outfirst 26 1 65536 0 0 0
2011810834633208 137212166624960 pump_end 1 2 0 0 0 0
2011810834633618 137212166624960 join_beg 1 0 0 0 0 0
2011810834633938 137212166624960 join_end 0 0 0 0 0 0
2011810834634048 137212166624960 book_beg 1 0 0 0 0 0
2011810834634268 137212166624960 batch 27 1 1 2 2 0
2011810834634378 137212166624960 book_end 1 0 0 0 0 0
2011810834634478 137212166624960 coll_beg 0 0 0 0 0 0
2011810835003145 137212166624960 coll_end 0 0 0 0 0 0
2011810835003275 137212166624960 rel_beg 1 0 0 0 0 0
2011810835003585 137212166624960 absorb 27 0 0 0 0 0
2011810835007704 137212166624960 rel_end 1 0 0 0 0 0
2011810835009114 137212166624960 wait_beg 0 0 0 0 0 0
2011810835055933 137212174624640 send 18 0 0 26 24 1
2011810835738048 137212174624640 send 756647 0 0 26 24 1
2011810836170072 137212174624640 send 594021 0 0 26 24 1
2011810836171322 137212174624640 send 14 0 0 26 24 1
2011810836171622 137212174624640 egress 27 1 0 24 0 0
2011810835027884 137212149839552 emit_beg 27 0 0 0 0 0
2011810835031324 137212149839552 dmg 0 1 0 0 2560 1440
2011810835031574 137212149839552 enc 26 26 1 -1 -1 0
2011810835123270 137212149839552 emit_end 27 0 0 0 0 0
2011810877245742 137212174624640 cliack 25 0 26 27 0 0
2011810877245892 137212174624640 ackregion 26 27 27 25 1 0
2011810882135913 137212166624960 wait_end 0 0 0 0 0 0
2011810882139203 137212166624960 drain_beg 0 0 0 0 0 0
2011810882139553 137212166624960 drain_end 1 0 0 0 0 0
2011810882139923 137212166624960 take 28 0 0 0 0 0
2011810882140453 137212166624960 subm_beg 1 0 0 0 0 0
2011810882141693 137212166624960 submit 28 0 0 0 0 0
2011810882141843 137212166624960 subm_end 1 0 0 0 0 0
2011810882141893 137212166624960 pump_beg 1 0 0 0 0 0
2011810882972313 137212166624960 feedend 27 0 0 0 0 0
2011810883216914 137212166624960 feedend 27 1 0 0 0 0
2011810891164513 137212166624960 outfirst 27 0 65536 0 0 0
2011810882106084 137212174624640 msgin 28 22118400 0 0 0 0
2011810882107004 137212174624640 enq 28 1 0 0 0 0
2011810897596879 137212166624960 outfirst 27 1 65536 0 0 0
2011810897734514 137212166624960 pump_end 1 2 0 0 0 0
2011810897735244 137212166624960 join_beg 1 0 0 0 0 0
2011810897736533 137212166624960 join_end 0 0 0 0 0 0
2011810897736663 137212166624960 book_beg 1 0 0 0 0 0
2011810897737423 137212166624960 batch 28 1 1 2 2 0
2011810897737473 137212166624960 book_end 1 0 0 0 0 0
2011810897737513 137212166624960 coll_beg 0 0 0 0 0 0
2011810898382690 137212166624960 coll_end 0 0 0 0 0 0
2011810898382750 137212166624960 rel_beg 1 0 0 0 0 0
2011810898383120 137212166624960 absorb 28 0 0 0 0 0
2011810898389020 137212166624960 rel_end 1 0 0 0 0 0
2011810898391580 137212166624960 wait_beg 0 0 0 0 0 0
2011810898469107 137212174624640 send 18 0 0 27 25 1
2011810899072205 137212174624640 send 798139 0 0 27 25 1
2011810899554357 137212174624640 send 686871 0 0 27 25 1
2011810899555597 137212174624640 send 14 0 0 27 25 1
2011810899555917 137212174624640 egress 28 1 0 25 0 0
2011810898412759 137212149839552 emit_beg 28 0 0 0 0 0
2011810898419819 137212149839552 dmg 0 1 0 0 2560 1440
2011810898420109 137212149839552 enc 27 27 1 -1 -1 0
2011810898526935 137212149839552 emit_end 28 0 0 0 0 0
2011810949767683 137212166624960 wait_end 0 0 0 0 0 0
2011810949772953 137212166624960 drain_beg 0 0 0 0 0 0
2011810949773533 137212166624960 drain_end 1 0 0 0 0 0
2011810949773823 137212166624960 take 29 0 0 0 0 0
2011810949774533 137212166624960 subm_beg 1 0 0 0 0 0
2011810949775773 137212166624960 submit 29 0 0 0 0 0
2011810949775933 137212166624960 subm_end 1 0 0 0 0 0
2011810949775983 137212166624960 pump_beg 1 0 0 0 0 0
2011810950649031 137212166624960 feedend 28 0 0 0 0 0
2011810950886562 137212166624960 feedend 28 1 0 0 0 0
2011810943322869 137212174624640 cliack 26 0 27 28 0 0
2011810943322979 137212174624640 ackregion 27 28 28 26 1 0
2011810949731904 137212174624640 msgin 29 22118400 0 0 0 0
2011810949734164 137212174624640 enq 29 1 0 0 0 0
2011810958342280 137212166624960 outfirst 28 0 65536 0 0 0
2011810964447297 137212166624960 outfirst 28 1 65536 0 0 0
2011810964557253 137212166624960 pump_end 1 2 0 0 0 0
2011810964557543 137212166624960 join_beg 1 0 0 0 0 0
2011810964557963 137212166624960 join_end 0 0 0 0 0 0
2011810964558083 137212166624960 book_beg 1 0 0 0 0 0
2011810964558343 137212166624960 batch 29 1 1 2 2 0
2011810964558363 137212166624960 book_end 1 0 0 0 0 0
2011810964558403 137212166624960 coll_beg 0 0 0 0 0 0
2011810965119662 137212166624960 coll_end 0 0 0 0 0 0
2011810965119812 137212166624960 rel_beg 1 0 0 0 0 0
2011810965120342 137212166624960 absorb 29 0 0 0 0 0
2011810965124552 137212166624960 rel_end 1 0 0 0 0 0
2011810965126672 137212166624960 wait_beg 0 0 0 0 0 0
2011810965173350 137212174624640 send 18 0 0 28 26 1
2011810966110046 137212174624640 send 757388 0 0 28 26 1
2011810966645197 137212174624640 send 635276 0 0 28 26 1
2011810966646297 137212174624640 send 14 0 0 28 26 1
2011810966646557 137212174624640 egress 29 1 0 26 0 0
2011810965145681 137212149839552 emit_beg 29 0 0 0 0 0
2011810965149291 137212149839552 dmg 0 1 0 0 2560 1440
2011810965149561 137212149839552 enc 28 28 1 -1 -1 0
2011810965258397 137212149839552 emit_end 29 0 0 0 0 0
2011811001704326 137212174624640 cliack 27 0 28 29 0 0
2011811001704476 137212174624640 ackregion 28 29 29 27 1 0
2011811004454726 137212166624960 wait_end 0 0 0 0 0 0
2011811004458056 137212166624960 drain_beg 0 0 0 0 0 0
2011811004464555 137212166624960 drain_end 1 0 0 0 0 0
2011811004464695 137212166624960 take 30 0 0 0 0 0
2011811004465325 137212166624960 subm_beg 1 0 0 0 0 0
2011811004466485 137212166624960 submit 30 0 0 0 0 0
2011811004466565 137212166624960 subm_end 1 0 0 0 0 0
2011811004466605 137212166624960 pump_beg 1 0 0 0 0 0
2011811005324974 137212166624960 feedend 29 0 0 0 0 0
2011811005601834 137212166624960 feedend 29 1 0 0 0 0
2011811004429907 137212174624640 msgin 30 22118400 0 0 0 0
2011811004431077 137212174624640 enq 30 1 0 0 0 0
2011811013627731 137212166624960 outfirst 29 0 65536 0 0 0
2011811020679723 137212166624960 outfirst 29 1 65536 0 0 0
2011811020814228 137212166624960 pump_end 1 2 0 0 0 0
2011811020814498 137212166624960 join_beg 1 0 0 0 0 0
2011811020815058 137212166624960 join_end 0 0 0 0 0 0
2011811020815178 137212166624960 book_beg 1 0 0 0 0 0
2011811020815688 137212166624960 batch 30 1 1 2 2 0
2011811020815738 137212166624960 book_end 1 0 0 0 0 0
2011811020815798 137212166624960 coll_beg 0 0 0 0 0 0
2011811021521752 137212166624960 coll_end 0 0 0 0 0 0
2011811021521812 137212166624960 rel_beg 1 0 0 0 0 0
2011811021522452 137212166624960 absorb 30 0 0 0 0 0
2011811021527432 137212166624960 rel_end 1 0 0 0 0 0
2011811021529872 137212166624960 wait_beg 0 0 0 0 0 0
2011811021613399 137212174624640 send 18 0 0 29 27 1
2011811022308614 137212174624640 send 902698 0 0 29 27 1
2011811022864413 137212174624640 send 780252 0 0 29 27 1
2011811022865833 137212174624640 send 14 0 0 29 27 1
2011811022866203 137212174624640 egress 30 1 0 27 0 0
2011811021554801 137212149839552 emit_beg 30 0 0 0 0 0
2011811021563071 137212149839552 dmg 0 1 0 0 2560 1440
2011811021563391 137212149839552 enc 29 29 1 -1 -1 0
2011811021720665 137212149839552 emit_end 30 0 0 0 0 0
2011811067808052 137212166624960 wait_end 0 0 0 0 0 0
2011811067811672 137212166624960 drain_beg 0 0 0 0 0 0
2011811067812142 137212166624960 drain_end 1 0 0 0 0 0
2011811067812462 137212166624960 take 31 0 0 0 0 0
2011811067813102 137212166624960 subm_beg 1 0 0 0 0 0
2011811067814912 137212166624960 submit 31 0 0 0 0 0
2011811067815072 137212166624960 subm_end 1 0 0 0 0 0
2011811067815152 137212166624960 pump_beg 1 0 0 0 0 0
2011811068883723 137212166624960 feedend 30 0 0 0 0 0
2011811069142233 137212166624960 feedend 30 1 0 0 0 0
2011811065981369 137212174624640 cliack 28 0 29 30 0 0
2011811065981769 137212174624640 ackregion 29 30 30 28 1 0
2011811067777393 137212174624640 msgin 31 22118400 0 0 0 0
2011811067783403 137212174624640 enq 31 1 0 0 0 0
2011811076374469 137212166624960 outfirst 30 0 65536 0 0 0
2011811082778805 137212166624960 outfirst 30 1 65536 0 0 0
2011811082870722 137212166624960 pump_end 1 2 0 0 0 0
2011811082871242 137212166624960 join_beg 1 0 0 0 0 0
2011811082872072 137212166624960 join_end 0 0 0 0 0 0
2011811082872132 137212166624960 book_beg 1 0 0 0 0 0
2011811082872992 137212166624960 batch 31 1 1 2 2 0
2011811082873032 137212166624960 book_end 1 0 0 0 0 0
2011811082873062 137212166624960 coll_beg 0 0 0 0 0 0
2011811083304886 137212166624960 coll_end 0 0 0 0 0 0
2011811083304946 137212166624960 rel_beg 1 0 0 0 0 0
2011811083305496 137212166624960 absorb 31 0 0 0 0 0
2011811083311386 137212166624960 rel_end 1 0 0 0 0 0
2011811083315946 137212166624960 wait_beg 0 0 0 0 0 0
2011811083341855 137212149839552 emit_beg 31 0 0 0 0 0
2011811083350004 137212149839552 dmg 0 1 0 0 2560 1440
2011811083350294 137212149839552 enc 30 30 1 -1 -1 0
2011811083406332 137212174624640 send 18 0 0 30 28 1
2011811084356828 137212174624640 send 778695 0 0 30 28 1
2011811084829330 137212174624640 send 660529 0 0 30 28 1
2011811084830820 137212174624640 send 14 0 0 30 28 1
2011811084831440 137212174624640 egress 31 1 0 28 0 0
2011811083479670 137212149839552 emit_end 31 0 0 0 0 0
2011811132007827 137212166624960 wait_end 0 0 0 0 0 0
2011811132010757 137212166624960 drain_beg 0 0 0 0 0 0
2011811132011067 137212166624960 drain_end 1 0 0 0 0 0
2011811132011357 137212166624960 take 32 0 0 0 0 0
2011811132012067 137212166624960 subm_beg 1 0 0 0 0 0
2011811132013537 137212166624960 submit 32 0 0 0 0 0
2011811132013717 137212166624960 subm_end 1 0 0 0 0 0
2011811132013757 137212166624960 pump_beg 1 0 0 0 0 0
2011811132842527 137212166624960 feedend 31 0 0 0 0 0
2011811133051629 137212166624960 feedend 31 1 0 0 0 0
2011811126160061 137212174624640 cliack 29 0 30 31 0 0
2011811126160601 137212174624640 ackregion 30 31 31 29 1 0
2011811131989988 137212174624640 msgin 32 22118400 0 0 0 0
2011811131991148 137212174624640 enq 32 1 0 0 0 0
2011811140477838 137212166624960 outfirst 31 0 65536 0 0 0
2011811149316805 137212166624960 outfirst 31 1 65536 0 0 0
2011811149422331 137212166624960 pump_end 1 2 0 0 0 0
2011811149423041 137212166624960 join_beg 1 0 0 0 0 0
2011811149423841 137212166624960 join_end 0 0 0 0 0 0
2011811149423921 137212166624960 book_beg 1 0 0 0 0 0
2011811149424581 137212166624960 batch 32 1 1 2 2 0
2011811149424631 137212166624960 book_end 1 0 0 0 0 0
2011811149424671 137212166624960 coll_beg 0 0 0 0 0 0
2011811149889384 137212166624960 coll_end 0 0 0 0 0 0
2011811149889424 137212166624960 rel_beg 1 0 0 0 0 0
2011811149890034 137212166624960 absorb 32 0 0 0 0 0
2011811149895834 137212166624960 rel_end 1 0 0 0 0 0
2011811149898654 137212166624960 wait_beg 0 0 0 0 0 0
2011811149981331 137212174624640 send 18 0 0 31 29 1
2011811150754793 137212174624640 send 667772 0 0 31 29 1
2011811151364030 137212174624640 send 546305 0 0 31 29 1
2011811151365430 137212174624640 send 14 0 0 31 29 1
2011811151365890 137212174624640 egress 32 1 0 29 0 0
2011811149906624 137212149839552 emit_beg 32 0 0 0 0 0
2011811149911223 137212149839552 dmg 0 1 0 0 2560 1440
2011811149911553 137212149839552 enc 31 31 1 -1 -1 0
2011811150004220 137212149839552 emit_end 32 0 0 0 0 0
2011811198861636 137212174624640 cliack 30 0 31 32 0 0
2011811198861966 137212174624640 ackregion 31 32 32 30 1 0
2011811204287667 137212166624960 wait_end 0 0 0 0 0 0
2011811204293607 137212166624960 drain_beg 0 0 0 0 0 0
2011811204294637 137212166624960 drain_end 1 0 0 0 0 0
2011811204295037 137212166624960 take 33 0 0 0 0 0
2011811204295807 137212166624960 subm_beg 1 0 0 0 0 0
2011811204298047 137212166624960 submit 33 0 0 0 0 0
2011811204298227 137212166624960 subm_end 1 0 0 0 0 0
2011811204298297 137212166624960 pump_beg 1 0 0 0 0 0
2011811205230563 137212166624960 feedend 32 0 0 0 0 0
2011811205658187 137212166624960 feedend 32 1 0 0 0 0
2011811212723589 137212166624960 outfirst 32 0 65536 0 0 0
2011811204257029 137212174624640 msgin 33 22118400 0 0 0 0
2011811204259608 137212174624640 enq 33 1 0 0 0 0
2011811222216893 137212166624960 outfirst 32 1 65536 0 0 0
2011811222308299 137212166624960 pump_end 1 2 0 0 0 0
2011811222308889 137212166624960 join_beg 1 0 0 0 0 0
2011811222309329 137212166624960 join_end 0 0 0 0 0 0
2011811222309389 137212166624960 book_beg 1 0 0 0 0 0
2011811222315059 137212166624960 batch 33 1 1 2 2 0
2011811222315119 137212166624960 book_end 1 0 0 0 0 0
2011811222315159 137212166624960 coll_beg 0 0 0 0 0 0
2011811222675916 137212166624960 coll_end 0 0 0 0 0 0
2011811222675976 137212166624960 rel_beg 1 0 0 0 0 0
2011811222676516 137212166624960 absorb 33 0 0 0 0 0
2011811222681466 137212166624960 rel_end 1 0 0 0 0 0
2011811222683136 137212166624960 wait_beg 0 0 0 0 0 0
2011811222721864 137212174624640 send 18 0 0 32 30 1
2011811223257685 137212174624640 send 690337 0 0 32 30 1
2011811223675149 137212174624640 send 567604 0 0 32 30 1
2011811223676519 137212174624640 send 14 0 0 32 30 1
2011811223676879 137212174624640 egress 33 1 0 30 0 0
2011811222689605 137212149839552 emit_beg 33 0 0 0 0 0
2011811222693405 137212149839552 dmg 0 1 0 0 2560 1440
2011811222693575 137212149839552 enc 32 32 1 -1 -1 0
2011811222767113 137212149839552 emit_end 33 0 0 0 0 0
2011811262861978 137212166624960 wait_end 0 0 0 0 0 0
2011811262867118 137212166624960 drain_beg 0 0 0 0 0 0
2011811262867768 137212166624960 drain_end 1 0 0 0 0 0
2011811262868068 137212166624960 take 34 0 0 0 0 0
2011811262868928 137212166624960 subm_beg 1 0 0 0 0 0
2011811262870468 137212166624960 submit 34 0 0 0 0 0
2011811262870668 137212166624960 subm_end 1 0 0 0 0 0
2011811262870748 137212166624960 pump_beg 1 0 0 0 0 0
2011811263575332 137212166624960 feedend 33 0 0 0 0 0
2011811263960228 137212166624960 feedend 33 1 0 0 0 0
2011811260998406 137212174624640 cliack 31 0 32 33 0 0
2011811260998596 137212174624640 ackregion 32 33 33 31 1 0
2011811262842309 137212174624640 msgin 34 22118400 0 0 0 0
2011811262844059 137212174624640 enq 34 1 0 0 0 0
2011811271873539 137212166624960 outfirst 33 0 65536 0 0 0
2011811282767701 137212166624960 outfirst 33 1 65536 0 0 0
2011811282876747 137212166624960 pump_end 1 2 0 0 0 0
2011811282876927 137212166624960 join_beg 1 0 0 0 0 0
2011811282877147 137212166624960 join_end 0 0 0 0 0 0
2011811282877237 137212166624960 book_beg 1 0 0 0 0 0
2011811282877397 137212166624960 batch 34 1 1 2 2 0
2011811282877487 137212166624960 book_end 1 0 0 0 0 0
2011811282877587 137212166624960 coll_beg 0 0 0 0 0 0
2011811283649309 137212166624960 coll_end 0 0 0 0 0 0
2011811283649459 137212166624960 rel_beg 1 0 0 0 0 0
2011811283649849 137212166624960 absorb 34 0 0 0 0 0
2011811283656229 137212166624960 rel_end 1 0 0 0 0 0
2011811283659659 137212166624960 wait_beg 0 0 0 0 0 0
2011811283703747 137212174624640 send 18 0 0 33 31 1
2011811284440820 137212174624640 send 928127 0 0 33 31 1
2011811283681988 137212149839552 emit_beg 34 0 0 0 0 0
2011811283690247 137212149839552 dmg 0 1 0 0 2560 1440
2011811283690437 137212149839552 enc 33 33 1 -1 -1 0
2011811283805383 137212149839552 emit_end 34 0 0 0 0 0
2011811284975250 137212174624640 send 739751 0 0 33 31 1
2011811284976820 137212174624640 send 14 0 0 33 31 1
2011811284976970 137212174624640 egress 34 1 0 31 0 0
2011811313341265 137212174624640 cliack 32 0 33 34 0 0
2011811313341415 137212174624640 ackregion 33 34 34 32 1 0
2011811315168288 137212166624960 wait_end 0 0 0 0 0 0
2011811315170488 137212166624960 drain_beg 0 0 0 0 0 0
2011811315170768 137212166624960 drain_end 1 0 0 0 0 0
2011811315170888 137212166624960 take 35 0 0 0 0 0
2011811315171078 137212166624960 subm_beg 1 0 0 0 0 0
2011811315171968 137212166624960 submit 35 0 0 0 0 0
2011811315172128 137212166624960 subm_end 1 0 0 0 0 0
2011811315172168 137212166624960 pump_beg 1 0 0 0 0 0
2011811315917410 137212166624960 feedend 34 0 0 0 0 0
2011811316356844 137212166624960 feedend 34 1 0 0 0 0
2011811323999515 137212166624960 outfirst 34 0 65536 0 0 0
2011811315157348 137212174624640 msgin 35 22118400 0 0 0 0
2011811315158318 137212174624640 enq 35 1 0 0 0 0
2011811333750839 137212166624960 outfirst 34 1 65536 0 0 0
2011811333850775 137212166624960 pump_end 1 2 0 0 0 0
2011811333851385 137212166624960 join_beg 1 0 0 0 0 0
2011811333852405 137212166624960 join_end 0 0 0 0 0 0
2011811333852705 137212166624960 book_beg 1 0 0 0 0 0
2011811333853925 137212166624960 batch 35 1 1 2 2 0
2011811333853945 137212166624960 book_end 1 0 0 0 0 0
2011811333854065 137212166624960 coll_beg 0 0 0 0 0 0
2011811334282600 137212166624960 coll_end 0 0 0 0 0 0
2011811334282650 137212166624960 rel_beg 1 0 0 0 0 0
2011811334283150 137212166624960 absorb 35 0 0 0 0 0
2011811334289409 137212166624960 rel_end 1 0 0 0 0 0
2011811334292359 137212166624960 wait_beg 0 0 0 0 0 0
2011811334358437 137212174624640 send 18 0 0 34 32 1
2011811334308709 137212149839552 emit_beg 35 0 0 0 0 0
2011811334315069 137212149839552 dmg 0 1 0 0 2560 1440
2011811334315348 137212149839552 enc 34 34 1 -1 -1 0
2011811334428364 137212149839552 emit_end 35 0 0 0 0 0
2011811334954845 137212174624640 send 765441 0 0 34 32 1
2011811335462207 137212174624640 send 697486 0 0 34 32 1
2011811335463517 137212174624640 send 14 0 0 34 32 1
2011811335464167 137212174624640 egress 35 1 0 32 0 0
2011811370851674 137212166624960 wait_end 0 0 0 0 0 0
2011811370854734 137212166624960 drain_beg 0 0 0 0 0 0
2011811370855044 137212166624960 drain_end 1 0 0 0 0 0
2011811370855194 137212166624960 take 36 0 0 0 0 0
2011811370855544 137212166624960 subm_beg 1 0 0 0 0 0
2011811370856464 137212166624960 submit 36 0 0 0 0 0
2011811370856614 137212166624960 subm_end 1 0 0 0 0 0
2011811370856664 137212166624960 pump_beg 1 0 0 0 0 0
2011811371501000 137212166624960 feedend 35 0 0 0 0 0
2011811371904836 137212166624960 feedend 35 1 0 0 0 0
2011811367877353 137212174624640 cliack 33 0 34 35 0 0
2011811367877513 137212174624640 ackregion 34 35 35 33 1 0
2011811370839264 137212174624640 msgin 36 22118400 0 0 0 0
2011811370839644 137212174624640 enq 36 1 0 0 0 0
2011811379292426 137212166624960 outfirst 35 0 65536 0 0 0
2011811387361811 137212166624960 outfirst 35 1 65536 0 0 0
2011811387454168 137212166624960 pump_end 1 2 0 0 0 0
2011811387454578 137212166624960 join_beg 1 0 0 0 0 0
2011811387455208 137212166624960 join_end 0 0 0 0 0 0
2011811387455448 137212166624960 book_beg 1 0 0 0 0 0
2011811387456158 137212166624960 batch 36 1 1 2 2 0
2011811387456188 137212166624960 book_end 1 0 0 0 0 0
2011811387456218 137212166624960 coll_beg 0 0 0 0 0 0
2011811387870643 137212166624960 coll_end 0 0 0 0 0 0
2011811387870683 137212166624960 rel_beg 1 0 0 0 0 0
2011811387871073 137212166624960 absorb 36 0 0 0 0 0
2011811387876462 137212166624960 rel_end 1 0 0 0 0 0
2011811387878532 137212166624960 wait_beg 0 0 0 0 0 0
2011811387949930 137212174624640 send 18 0 0 35 33 1
2011811388668823 137212174624640 send 775114 0 0 35 33 1
2011811389446335 137212174624640 send 652158 0 0 35 33 1
2011811389447785 137212174624640 send 14 0 0 35 33 1
2011811389448245 137212174624640 egress 36 1 0 33 0 0
2011811387898891 137212149839552 emit_beg 36 0 0 0 0 0
2011811387906691 137212149839552 dmg 0 1 0 0 2560 1440
2011811387906951 137212149839552 enc 35 35 1 -1 -1 0
2011811388024427 137212149839552 emit_end 36 0 0 0 0 0
2011811441877370 137212166624960 wait_end 0 0 0 0 0 0
2011811441880300 137212166624960 drain_beg 0 0 0 0 0 0
2011811441880640 137212166624960 drain_end 1 0 0 0 0 0
2011811441880960 137212166624960 take 37 0 0 0 0 0
2011811441881590 137212166624960 subm_beg 1 0 0 0 0 0
2011811441887430 137212166624960 submit 37 0 0 0 0 0
2011811441887580 137212166624960 subm_end 1 0 0 0 0 0
2011811441887610 137212166624960 pump_beg 1 0 0 0 0 0
2011811442682841 137212166624960 feedend 36 0 0 0 0 0
2011811442957791 137212166624960 feedend 36 1 0 0 0 0
2011811440018588 137212174624640 cliack 34 0 35 36 0 0
2011811440018978 137212174624640 ackregion 35 36 36 34 1 0
2011811441865830 137212174624640 msgin 37 22118400 0 0 0 0
2011811441866270 137212174624640 enq 37 1 0 0 0 0
2011811450364450 137212166624960 outfirst 36 0 65536 0 0 0
2011811457982872 137212166624960 outfirst 36 1 65536 0 0 0
2011811458093378 137212166624960 pump_end 1 2 0 0 0 0
2011811458094088 137212166624960 join_beg 1 0 0 0 0 0
2011811458094798 137212166624960 join_end 0 0 0 0 0 0
2011811458094908 137212166624960 book_beg 1 0 0 0 0 0
2011811458095418 137212166624960 batch 37 1 1 2 2 0
2011811458095478 137212166624960 book_end 1 0 0 0 0 0
2011811458095668 137212166624960 coll_beg 0 0 0 0 0 0
2011811458614609 137212166624960 coll_end 0 0 0 0 0 0
2011811458614659 137212166624960 rel_beg 1 0 0 0 0 0
2011811458614989 137212166624960 absorb 37 0 0 0 0 0
2011811458618509 137212166624960 rel_end 1 0 0 0 0 0
2011811458620409 137212166624960 wait_beg 0 0 0 0 0 0
2011811458679277 137212174624640 send 18 0 0 36 34 1
2011811459631962 137212174624640 send 759600 0 0 36 34 1
2011811460081705 137212174624640 send 597255 0 0 36 34 1
2011811460082985 137212174624640 send 14 0 0 36 34 1
2011811460083355 137212174624640 egress 37 1 0 34 0 0
2011811458639288 137212149839552 emit_beg 37 0 0 0 0 0
2011811458645488 137212149839552 dmg 0 1 0 0 2560 1440
2011811458645768 137212149839552 enc 36 36 1 -1 -1 0
2011811458754404 137212149839552 emit_end 37 0 0 0 0 0
2011811506045237 137212166624960 wait_end 0 0 0 0 0 0
2011811506048066 137212166624960 drain_beg 0 0 0 0 0 0
2011811506048526 137212166624960 drain_end 1 0 0 0 0 0
2011811506048696 137212166624960 take 38 0 0 0 0 0
2011811506049096 137212166624960 subm_beg 1 0 0 0 0 0
2011811506050156 137212166624960 submit 38 0 0 0 0 0
2011811506050316 137212166624960 subm_end 1 0 0 0 0 0
2011811506050336 137212166624960 pump_beg 1 0 0 0 0 0
2011811503127243 137212174624640 cliack 35 0 36 37 0 0
2011811503127783 137212174624640 ackregion 36 37 37 35 1 0
2011811506025187 137212174624640 msgin 38 22118400 0 0 0 0
2011811506025977 137212174624640 enq 38 1 0 0 0 0
2011811506723652 137212166624960 feedend 37 0 0 0 0 0
2011811506784410 137212166624960 feedend 37 1 0 0 0 0
2011811514406251 137212166624960 outfirst 37 0 65536 0 0 0
2011811522938550 137212166624960 outfirst 37 1 65536 0 0 0
2011811523080954 137212166624960 pump_end 1 2 0 0 0 0
2011811523081584 137212166624960 join_beg 1 0 0 0 0 0
2011811523081814 137212166624960 join_end 0 0 0 0 0 0
2011811523081874 137212166624960 book_beg 1 0 0 0 0 0
2011811523082874 137212166624960 batch 38 1 1 2 2 0
2011811523082894 137212166624960 book_end 1 0 0 0 0 0
2011811523082934 137212166624960 coll_beg 0 0 0 0 0 0
2011811523509549 137212166624960 coll_end 0 0 0 0 0 0
2011811523509589 137212166624960 rel_beg 1 0 0 0 0 0
2011811523510089 137212166624960 absorb 38 0 0 0 0 0
2011811523514829 137212166624960 rel_end 1 0 0 0 0 0
2011811523516638 137212166624960 wait_beg 0 0 0 0 0 0
2011811523587906 137212174624640 send 18 0 0 37 35 1
2011811524221203 137212174624640 send 797688 0 0 37 35 1
2011811524718875 137212174624640 send 685330 0 0 37 35 1
2011811524720205 137212174624640 send 14 0 0 37 35 1
2011811524720784 137212174624640 egress 38 1 0 35 0 0
2011811523537468 137212149839552 emit_beg 38 0 0 0 0 0
2011811523545317 137212149839552 dmg 0 1 0 0 2560 1440
2011811523545787 137212149839552 enc 37 37 1 -1 -1 0
2011811523666323 137212149839552 emit_end 38 0 0 0 0 0
2011811564827130 137212174624640 cliack 36 0 37 38 0 0
2011811564827460 137212174624640 ackregion 37 38 38 36 1 0
2011811568841993 137212166624960 wait_end 0 0 0 0 0 0
2011811568846813 137212166624960 drain_beg 0 0 0 0 0 0
2011811568847653 137212166624960 drain_end 1 0 0 0 0 0
2011811568847983 137212166624960 take 39 0 0 0 0 0
2011811568848883 137212166624960 subm_beg 1 0 0 0 0 0
2011811568850593 137212166624960 submit 39 0 0 0 0 0
2011811568850763 137212166624960 subm_end 1 0 0 0 0 0
2011811568850843 137212166624960 pump_beg 1 0 0 0 0 0
2011811569706951 137212166624960 feedend 38 0 0 0 0 0
2011811569867576 137212166624960 feedend 38 1 0 0 0 0
2011811568823144 137212174624640 msgin 39 22118400 0 0 0 0
2011811568825594 137212174624640 enq 39 1 0 0 0 0
2011811577208568 137212166624960 outfirst 38 0 65536 0 0 0
2011811585098549 137212166624960 outfirst 38 1 65536 0 0 0
2011811585195396 137212166624960 pump_end 1 2 0 0 0 0
2011811585195716 137212166624960 join_beg 1 0 0 0 0 0
2011811585196266 137212166624960 join_end 0 0 0 0 0 0
2011811585196356 137212166624960 book_beg 1 0 0 0 0 0
2011811585196746 137212166624960 batch 39 1 1 2 2 0
2011811585196926 137212166624960 book_end 1 0 0 0 0 0
2011811585197116 137212166624960 coll_beg 0 0 0 0 0 0
2011811585607551 137212166624960 coll_end 0 0 0 0 0 0
2011811585607591 137212166624960 rel_beg 1 0 0 0 0 0
2011811585607961 137212166624960 absorb 39 0 0 0 0 0
2011811585611720 137212166624960 rel_end 1 0 0 0 0 0
2011811585613350 137212166624960 wait_beg 0 0 0 0 0 0
2011811585655849 137212174624640 send 18 0 0 38 36 1
2011811586404762 137212174624640 send 746149 0 0 38 36 1
2011811585632430 137212149839552 emit_beg 39 0 0 0 0 0
2011811585638240 137212149839552 dmg 0 1 0 0 2560 1440
2011811585638700 137212149839552 enc 38 38 1 -1 -1 0
2011811585733076 137212149839552 emit_end 39 0 0 0 0 0
2011811587128795 137212174624640 send 624967 0 0 38 36 1
2011811587131215 137212174624640 send 14 0 0 38 36 1
2011811587131875 137212174624640 egress 39 1 0 36 0 0
2011811623661991 137212174624640 cliack 37 0 38 39 0 0
2011811623662331 137212174624640 ackregion 38 39 39 37 1 0
2011811629429350 137212166624960 wait_end 0 0 0 0 0 0
2011811629431210 137212166624960 drain_beg 0 0 0 0 0 0
2011811629431510 137212166624960 drain_end 1 0 0 0 0 0
2011811629431700 137212166624960 take 40 0 0 0 0 0
2011811629431960 137212166624960 subm_beg 1 0 0 0 0 0
2011811629432570 137212166624960 submit 40 0 0 0 0 0
2011811629432720 137212166624960 subm_end 1 0 0 0 0 0
2011811629432740 137212166624960 pump_beg 1 0 0 0 0 0
2011811630219451 137212166624960 feedend 39 0 0 0 0 0
2011811630596578 137212166624960 feedend 39 1 0 0 0 0
2011811629418911 137212174624640 msgin 40 22118400 0 0 0 0
2011811629419611 137212174624640 enq 40 1 0 0 0 0
2011811638777299 137212166624960 outfirst 39 0 65536 0 0 0
2011811648904299 137212166624960 outfirst 39 1 65536 0 0 0
2011811649148100 137212166624960 pump_end 1 2 0 0 0 0
2011811649148700 137212166624960 join_beg 1 0 0 0 0 0
2011811649149920 137212166624960 join_end 0 0 0 0 0 0
2011811649150050 137212166624960 book_beg 1 0 0 0 0 0
2011811649151420 137212166624960 batch 40 1 1 2 2 0
2011811649151510 137212166624960 book_end 1 0 0 0 0 0
2011811649160230 137212166624960 coll_beg 0 0 0 0 0 0
2011811650021898 137212166624960 coll_end 0 0 0 0 0 0
2011811650021988 137212166624960 rel_beg 1 0 0 0 0 0
2011811650022698 137212166624960 absorb 40 0 0 0 0 0
2011811650030888 137212166624960 rel_end 1 0 0 0 0 0
2011811650033288 137212166624960 wait_beg 0 0 0 0 0 0
2011811650138104 137212174624640 send 18 0 0 39 37 1
2011811650934145 137212174624640 send 951306 0 0 39 37 1
2011811651579801 137212174624640 send 854676 0 0 39 37 1
2011811651583951 137212174624640 send 14 0 0 39 37 1
2011811651584151 137212174624640 egress 40 1 0 37 0 0
2011811650039047 137212149839552 emit_beg 40 0 0 0 0 0
2011811650043507 137212149839552 dmg 0 1 0 0 2560 1440
2011811650043817 137212149839552 enc 39 39 1 -1 -1 0
2011811650167383 137212149839552 emit_end 40 0 0 0 0 0
2011811692313404 137212166624960 wait_end 0 0 0 0 0 0
2011811692315893 137212166624960 drain_beg 0 0 0 0 0 0
2011811692316363 137212166624960 drain_end 1 0 0 0 0 0
2011811692316643 137212166624960 take 41 0 0 0 0 0
2011811692317133 137212166624960 subm_beg 1 0 0 0 0 0
2011811692318173 137212166624960 submit 41 0 0 0 0 0
2011811692318323 137212166624960 subm_end 1 0 0 0 0 0
2011811692318363 137212166624960 pump_beg 1 0 0 0 0 0
2011811693116354 137212166624960 feedend 40 0 0 0 0 0
2011811693573297 137212166624960 feedend 40 1 0 0 0 0
2011811687503989 137212174624640 cliack 38 0 39 40 0 0
2011811687504149 137212174624640 ackregion 39 40 40 38 1 0
2011811692302164 137212174624640 msgin 41 22118400 0 0 0 0
2011811692303634 137212174624640 enq 41 1 0 0 0 0
2011811700763065 137212166624960 outfirst 40 0 65536 0 0 0
2011811708922987 137212166624960 outfirst 40 1 65536 0 0 0
2011811709203347 137212166624960 pump_end 1 2 0 0 0 0
2011811709203757 137212166624960 join_beg 1 0 0 0 0 0
2011811709204627 137212166624960 join_end 0 0 0 0 0 0
2011811709204747 137212166624960 book_beg 1 0 0 0 0 0
2011811709205267 137212166624960 batch 41 1 1 2 2 0
2011811709205307 137212166624960 book_end 1 0 0 0 0 0
2011811709205347 137212166624960 coll_beg 0 0 0 0 0 0
2011811709630831 137212166624960 coll_end 0 0 0 0 0 0
2011811709630871 137212166624960 rel_beg 1 0 0 0 0 0
2011811709631481 137212166624960 absorb 41 0 0 0 0 0
2011811709636951 137212166624960 rel_end 1 0 0 0 0 0
2011811709639261 137212166624960 wait_beg 0 0 0 0 0 0
2011811709736857 137212174624640 send 18 0 0 40 38 1
2011811710507939 137212174624640 send 710708 0 0 40 38 1
2011811710942313 137212174624640 send 596286 0 0 40 38 1
2011811710943763 137212174624640 send 14 0 0 40 38 1
2011811710944003 137212174624640 egress 41 1 0 38 0 0
2011811709655810 137212149839552 emit_beg 41 0 0 0 0 0
2011811709661020 137212149839552 dmg 0 1 0 0 2560 1440
2011811709661260 137212149839552 enc 40 40 1 -1 -1 0
2011811709752717 137212149839552 emit_end 41 0 0 0 0 0
2011811746945748 137212174624640 cliack 39 0 40 41 0 0
2011811746946698 137212174624640 ackregion 40 41 41 39 1 0
2011811752953219 137212166624960 wait_end 0 0 0 0 0 0
2011811752958429 137212166624960 drain_beg 0 0 0 0 0 0
2011811752959069 137212166624960 drain_end 1 0 0 0 0 0
2011811752959319 137212166624960 take 42 0 0 0 0 0
2011811752960099 137212166624960 subm_beg 1 0 0 0 0 0
2011811752961779 137212166624960 submit 42 0 0 0 0 0
2011811752961979 137212166624960 subm_end 1 0 0 0 0 0
2011811752962049 137212166624960 pump_beg 1 0 0 0 0 0
2011811753749390 137212166624960 feedend 41 0 0 0 0 0
2011811754141715 137212166624960 feedend 41 1 0 0 0 0
2011811752924520 137212174624640 msgin 42 22118400 0 0 0 0
2011811752927280 137212174624640 enq 42 1 0 0 0 0
2011811760938327 137212166624960 outfirst 41 0 65536 0 0 0
2011811768162083 137212166624960 outfirst 41 1 65536 0 0 0
2011811768252020 137212166624960 pump_end 1 2 0 0 0 0
2011811768252430 137212166624960 join_beg 1 0 0 0 0 0
2011811768253370 137212166624960 join_end 0 0 0 0 0 0
2011811768253450 137212166624960 book_beg 1 0 0 0 0 0
2011811768253840 137212166624960 batch 42 1 1 2 2 0
2011811768253980 137212166624960 book_end 1 0 0 0 0 0
2011811768254110 137212166624960 coll_beg 0 0 0 0 0 0
2011811768745112 137212166624960 coll_end 0 0 0 0 0 0
2011811768745152 137212166624960 rel_beg 1 0 0 0 0 0
2011811768745682 137212166624960 absorb 42 0 0 0 0 0
2011811768751122 137212166624960 rel_end 1 0 0 0 0 0
2011811768753802 137212166624960 wait_beg 0 0 0 0 0 0
2011811768790000 137212174624640 send 18 0 0 41 39 1
2011811769568752 137212174624640 send 689471 0 0 41 39 1
2011811770212488 137212174624640 send 570585 0 0 41 39 1
2011811770214898 137212174624640 send 14 0 0 41 39 1
2011811770215798 137212174624640 egress 42 1 0 39 0 0
2011811768760971 137212149839552 emit_beg 42 0 0 0 0 0
2011811768768321 137212149839552 dmg 0 1 0 0 2560 1440
2011811768768711 137212149839552 enc 41 41 1 -1 -1 0
2011811768865818 137212149839552 emit_end 42 0 0 0 0 0
2011811824863622 137212174624640 cliack 40 0 41 42 0 0
2011811824863812 137212174624640 ackregion 41 42 42 40 1 0
2011811830371741 137212166624960 wait_end 0 0 0 0 0 0
2011811830376231 137212166624960 drain_beg 0 0 0 0 0 0
2011811830376841 137212166624960 drain_end 1 0 0 0 0 0
2011811830377071 137212166624960 take 43 0 0 0 0 0
2011811830377631 137212166624960 subm_beg 1 0 0 0 0 0
2011811830379341 137212166624960 submit 43 0 0 0 0 0
2011811830379501 137212166624960 subm_end 1 0 0 0 0 0
2011811830379541 137212166624960 pump_beg 1 0 0 0 0 0
2011811831159933 137212166624960 feedend 42 0 0 0 0 0
2011811831580677 137212166624960 feedend 42 1 0 0 0 0
2011811830355222 137212174624640 msgin 43 22118400 0 0 0 0
2011811830357052 137212174624640 enq 43 1 0 0 0 0
2011811838919239 137212166624960 outfirst 42 0 65536 0 0 0
2011811846562820 137212166624960 outfirst 42 1 65536 0 0 0
2011811846673996 137212166624960 pump_end 1 2 0 0 0 0
2011811846674296 137212166624960 join_beg 1 0 0 0 0 0
2011811846674846 137212166624960 join_end 0 0 0 0 0 0
2011811846674916 137212166624960 book_beg 1 0 0 0 0 0
2011811846675556 137212166624960 batch 43 1 1 2 2 0
2011811846675696 137212166624960 book_end 1 0 0 0 0 0
2011811846675826 137212166624960 coll_beg 0 0 0 0 0 0
2011811847071681 137212166624960 coll_end 0 0 0 0 0 0
2011811847071831 137212166624960 rel_beg 1 0 0 0 0 0
2011811847072201 137212166624960 absorb 43 0 0 0 0 0
2011811847076681 137212166624960 rel_end 1 0 0 0 0 0
2011811847078181 137212166624960 wait_beg 0 0 0 0 0 0
2011811847125720 137212174624640 send 18 0 0 42 40 1
2011811848056925 137212174624640 send 729658 0 0 42 40 1
2011811847097201 137212149839552 emit_beg 43 0 0 0 0 0
2011811847101160 137212149839552 dmg 0 1 0 0 2560 1440
2011811847101440 137212149839552 enc 42 42 1 -1 -1 0
2011811847198007 137212149839552 emit_end 43 0 0 0 0 0
2011811848606775 137212174624640 send 618666 0 0 42 40 1
2011811848608235 137212174624640 send 14 0 0 42 40 1
2011811848608545 137212174624640 egress 43 1 0 40 0 0
2011811886533280 137212166624960 wait_end 0 0 0 0 0 0
2011811886537570 137212166624960 drain_beg 0 0 0 0 0 0
2011811886538090 137212166624960 drain_end 1 0 0 0 0 0
2011811886538340 137212166624960 take 44 0 0 0 0 0
2011811886538920 137212166624960 subm_beg 1 0 0 0 0 0
2011811886539780 137212166624960 submit 44 0 0 0 0 0
2011811886539930 137212166624960 subm_end 1 0 0 0 0 0
2011811886539960 137212166624960 pump_beg 1 0 0 0 0 0
2011811887235684 137212166624960 feedend 43 0 0 0 0 0
2011811887409018 137212166624960 feedend 43 1 0 0 0 0
2011811881405817 137212174624640 cliack 41 0 42 43 0 0
2011811881405937 137212174624640 ackregion 42 43 43 41 1 0
2011811886499501 137212174624640 msgin 44 22118400 0 0 0 0
2011811886500781 137212174624640 enq 44 1 0 0 0 0
2011811895049639 137212166624960 outfirst 43 0 65536 0 0 0
2011811901793713 137212166624960 outfirst 43 1 65536 0 0 0
2011811901912679 137212166624960 pump_end 1 2 0 0 0 0
2011811901912969 137212166624960 join_beg 1 0 0 0 0 0
2011811901913199 137212166624960 join_end 0 0 0 0 0 0
2011811901913299 137212166624960 book_beg 1 0 0 0 0 0
2011811901913489 137212166624960 batch 44 1 1 2 2 0
2011811901913519 137212166624960 book_end 1 0 0 0 0 0
2011811901913549 137212166624960 coll_beg 0 0 0 0 0 0
2011811902422320 137212166624960 coll_end 0 0 0 0 0 0
2011811902422380 137212166624960 rel_beg 1 0 0 0 0 0
2011811902422730 137212166624960 absorb 44 0 0 0 0 0
2011811902425720 137212166624960 rel_end 1 0 0 0 0 0
2011811902426520 137212166624960 wait_beg 0 0 0 0 0 0
2011811902444549 137212174624640 send 18 0 0 43 41 1
2011811903069446 137212174624640 send 806939 0 0 43 41 1
2011811903472782 137212174624640 send 549743 0 0 43 41 1
2011811903474251 137212174624640 send 14 0 0 43 41 1
2011811903474511 137212174624640 egress 44 1 0 41 0 0
2011811902432610 137212149839552 emit_beg 44 0 0 0 0 0
2011811902435129 137212149839552 dmg 0 1 0 0 2560 1440
2011811902435379 137212149839552 enc 43 43 1 -1 -1 0
2011811902502457 137212149839552 emit_end 44 0 0 0 0 0
2011811935787721 137212174624640 cliack 42 0 43 44 0 0
2011811935787801 137212174624640 ackregion 43 44 44 42 1 0
2011811941479913 137212166624960 wait_end 0 0 0 0 0 0
2011811941484033 137212166624960 drain_beg 0 0 0 0 0 0
2011811941484483 137212166624960 drain_end 1 0 0 0 0 0
2011811941484773 137212166624960 take 45 0 0 0 0 0
2011811941485443 137212166624960 subm_beg 1 0 0 0 0 0
2011811941486103 137212166624960 submit 45 0 0 0 0 0
2011811941486263 137212166624960 subm_end 1 0 0 0 0 0
2011811941486323 137212166624960 pump_beg 1 0 0 0 0 0
2011811942209397 137212166624960 feedend 44 0 0 0 0 0
2011811942583353 137212166624960 feedend 44 1 0 0 0 0
2011811941446315 137212174624640 msgin 45 22118400 0 0 0 0
2011811941447295 137212174624640 enq 45 1 0 0 0 0
2011811950106878 137212166624960 outfirst 44 0 65536 0 0 0
2011811957724520 137212166624960 outfirst 44 1 65536 0 0 0
2011811957823996 137212166624960 pump_end 1 2 0 0 0 0
2011811957824286 137212166624960 join_beg 1 0 0 0 0 0
2011811957824676 137212166624960 join_end 0 0 0 0 0 0
2011811957824876 137212166624960 book_beg 1 0 0 0 0 0
2011811957825216 137212166624960 batch 45 1 1 2 2 0
2011811957825366 137212166624960 book_end 1 0 0 0 0 0
2011811957825516 137212166624960 coll_beg 0 0 0 0 0 0
2011811958385996 137212166624960 coll_end 0 0 0 0 0 0
2011811958386096 137212166624960 rel_beg 1 0 0 0 0 0
2011811958386536 137212166624960 absorb 45 0 0 0 0 0
2011811958391146 137212166624960 rel_end 1 0 0 0 0 0
2011811958392556 137212166624960 wait_beg 0 0 0 0 0 0
2011811958429894 137212174624640 send 18 0 0 44 42 1
2011811958410055 137212149839552 emit_beg 45 0 0 0 0 0
2011811958412465 137212149839552 dmg 0 1 0 0 2560 1440
2011811958412665 137212149839552 enc 44 44 1 -1 -1 0
2011811958497962 137212149839552 emit_end 45 0 0 0 0 0
2011811959346581 137212174624640 send 744842 0 0 44 42 1
2011811959808764 137212174624640 send 626898 0 0 44 42 1
2011811959809934 137212174624640 send 14 0 0 44 42 1
2011811959810154 137212174624640 egress 45 1 0 42 0 0
2011811999003353 137212166624960 wait_end 0 0 0 0 0 0
2011811999013382 137212166624960 drain_beg 0 0 0 0 0 0
2011811999013942 137212166624960 drain_end 1 0 0 0 0 0
2011811999014092 137212166624960 take 46 0 0 0 0 0
2011811999014572 137212166624960 subm_beg 1 0 0 0 0 0
2011811999015522 137212166624960 submit 46 0 0 0 0 0
2011811999015862 137212166624960 subm_end 1 0 0 0 0 0
2011811999015912 137212166624960 pump_beg 1 0 0 0 0 0
2011811993849101 137212174624640 cliack 43 0 44 45 0 0
2011811993849171 137212174624640 ackregion 44 45 45 43 1 0
2011811998971384 137212174624640 msgin 46 22118400 0 0 0 0
2011811998972944 137212174624640 enq 46 1 0 0 0 0
2011811999694157 137212166624960 feedend 45 0 0 0 0 0
2011812000090073 137212166624960 feedend 45 1 0 0 0 0
2011812007629507 137212166624960 outfirst 45 0 65536 0 0 0
2011812016238313 137212166624960 outfirst 45 1 65536 0 0 0
2011812016369688 137212166624960 pump_end 1 2 0 0 0 0
2011812016369868 137212166624960 join_beg 1 0 0 0 0 0
2011812016370088 137212166624960 join_end 0 0 0 0 0 0
2011812016370138 137212166624960 book_beg 1 0 0 0 0 0
2011812016370328 137212166624960 batch 46 1 1 2 2 0
2011812016370418 137212166624960 book_end 1 0 0 0 0 0
2011812016370528 137212166624960 coll_beg 0 0 0 0 0 0
2011812017044454 137212166624960 coll_end 0 0 0 0 0 0
2011812017044544 137212166624960 rel_beg 1 0 0 0 0 0
2011812017044934 137212166624960 absorb 46 0 0 0 0 0
2011812017049693 137212166624960 rel_end 1 0 0 0 0 0
2011812017050643 137212166624960 wait_beg 0 0 0 0 0 0
2011812017095722 137212174624640 send 18 0 0 45 43 1
2011812018125894 137212174624640 send 836818 0 0 45 43 1
2011812018767161 137212174624640 send 708441 0 0 45 43 1
2011812018768371 137212174624640 send 14 0 0 45 43 1
2011812018768621 137212174624640 egress 46 1 0 43 0 0
2011812017067923 137212149839552 emit_beg 46 0 0 0 0 0
2011812017071443 137212149839552 dmg 0 1 0 0 2560 1440
2011812017071643 137212149839552 enc 45 45 1 -1 -1 0
2011812017179259 137212149839552 emit_end 46 0 0 0 0 0
2011812057358891 137212166624960 wait_end 0 0 0 0 0 0
2011812057362091 137212166624960 drain_beg 0 0 0 0 0 0
2011812057362401 137212166624960 drain_end 1 0 0 0 0 0
2011812057362621 137212166624960 take 47 0 0 0 0 0
2011812057363131 137212166624960 subm_beg 1 0 0 0 0 0
2011812057364261 137212166624960 submit 47 0 0 0 0 0
2011812057364401 137212166624960 subm_end 1 0 0 0 0 0
2011812057364451 137212166624960 pump_beg 1 0 0 0 0 0
2011812058209190 137212166624960 feedend 46 0 0 0 0 0
2011812058700492 137212166624960 feedend 46 1 0 0 0 0
2011812052549437 137212174624640 cliack 44 0 45 46 0 0
2011812052549477 137212174624640 ackregion 45 46 46 44 1 0
2011812057330802 137212174624640 msgin 47 22118400 0 0 0 0
2011812057331242 137212174624640 enq 47 1 0 0 0 0
2011812066136141 137212166624960 outfirst 46 0 65536 0 0 0
2011812071154967 137212166624960 outfirst 46 1 65536 0 0 0
2011812071262923 137212166624960 pump_end 1 2 0 0 0 0
2011812071263353 137212166624960 join_beg 1 0 0 0 0 0
2011812071264033 137212166624960 join_end 0 0 0 0 0 0
2011812071264133 137212166624960 book_beg 1 0 0 0 0 0
2011812071264823 137212166624960 batch 47 1 1 2 2 0
2011812071264863 137212166624960 book_end 1 0 0 0 0 0
2011812071264883 137212166624960 coll_beg 0 0 0 0 0 0
2011812071920069 137212166624960 coll_end 0 0 0 0 0 0
2011812071920139 137212166624960 rel_beg 1 0 0 0 0 0
2011812071926009 137212166624960 absorb 47 0 0 0 0 0
2011812071930309 137212166624960 rel_end 1 0 0 0 0 0
2011812071932959 137212166624960 wait_beg 0 0 0 0 0 0
2011812072010016 137212174624640 send 18 0 0 46 44 1
2011812072742379 137212174624640 send 772966 0 0 46 44 1
2011812073200103 137212174624640 send 638223 0 0 46 44 1
2011812073201603 137212174624640 send 14 0 0 46 44 1
2011812073201893 137212174624640 egress 47 1 0 44 0 0
2011812071954558 137212149839552 emit_beg 47 0 0 0 0 0
2011812071964028 137212149839552 dmg 0 1 0 0 2560 1440
2011812071964408 137212149839552 enc 46 46 1 -1 -1 0
2011812072070514 137212149839552 emit_end 47 0 0 0 0 0
2011812117556223 137212166624960 wait_end 0 0 0 0 0 0
2011812117561403 137212166624960 drain_beg 0 0 0 0 0 0
2011812117561943 137212166624960 drain_end 1 0 0 0 0 0
2011812117562303 137212166624960 take 48 0 0 0 0 0
2011812117563502 137212166624960 subm_beg 1 0 0 0 0 0
2011812117564692 137212166624960 submit 48 0 0 0 0 0
2011812117564862 137212166624960 subm_end 1 0 0 0 0 0
2011812117564922 137212166624960 pump_beg 1 0 0 0 0 0
2011812118266727 137212166624960 feedend 47 0 0 0 0 0
2011812118598885 137212166624960 feedend 47 1 0 0 0 0
2011812111945768 137212174624640 cliack 45 0 46 47 0 0
2011812111946008 137212174624640 ackregion 46 47 47 45 1 0
2011812117523324 137212174624640 msgin 48 22118400 0 0 0 0
2011812117524814 137212174624640 enq 48 1 0 0 0 0
2011812126555424 137212166624960 outfirst 47 0 65536 0 0 0
2011812135415290 137212166624960 outfirst 47 1 65536 0 0 0
2011812135571345 137212166624960 pump_end 1 2 0 0 0 0
2011812135571935 137212166624960 join_beg 1 0 0 0 0 0
2011812135572625 137212166624960 join_end 0 0 0 0 0 0
2011812135572815 137212166624960 book_beg 1 0 0 0 0 0
2011812135573715 137212166624960 batch 48 1 1 2 2 0
2011812135573755 137212166624960 book_end 1 0 0 0 0 0
2011812135573925 137212166624960 coll_beg 0 0 0 0 0 0
2011812136240800 137212166624960 coll_end 0 0 0 0 0 0
2011812136240870 137212166624960 rel_beg 1 0 0 0 0 0
2011812136241280 137212166624960 absorb 48 0 0 0 0 0
2011812136245380 137212166624960 rel_end 1 0 0 0 0 0
2011812136247260 137212166624960 wait_beg 0 0 0 0 0 0
2011812136296528 137212174624640 send 18 0 0 47 45 1
2011812137370319 137212174624640 send 858000 0 0 47 45 1
2011812137939188 137212174624640 send 733720 0 0 47 45 1
2011812137940378 137212174624640 send 14 0 0 47 45 1
2011812137940678 137212174624640 egress 48 1 0 45 0 0
2011812136267309 137212149839552 emit_beg 48 0 0 0 0 0
2011812136271339 137212149839552 dmg 0 1 0 0 2560 1440
2011812136271719 137212149839552 enc 47 47 1 -1 -1 0
2011812136384215 137212149839552 emit_end 48 0 0 0 0 0
2011812178762017 137212174624640 cliack 46 0 47 48 0 0
2011812178762127 137212174624640 ackregion 47 48 48 46 1 0
2011812183249583 137212166624960 wait_end 0 0 0 0 0 0
2011812183251543 137212166624960 drain_beg 0 0 0 0 0 0
2011812183251853 137212166624960 drain_end 1 0 0 0 0 0
2011812183251993 137212166624960 take 49 0 0 0 0 0
2011812183252483 137212166624960 subm_beg 1 0 0 0 0 0
2011812183253303 137212166624960 submit 49 0 0 0 0 0
2011812183253453 137212166624960 subm_end 1 0 0 0 0 0
2011812183253493 137212166624960 pump_beg 1 0 0 0 0 0
2011812183875331 137212166624960 feedend 48 0 0 0 0 0
2011812184409091 137212166624960 feedend 48 1 0 0 0 0
2011812183241324 137212174624640 msgin 49 22118400 0 0 0 0
2011812183241974 137212174624640 enq 49 1 0 0 0 0
2011812191834180 137212166624960 outfirst 48 0 65536 0 0 0
2011812199694973 137212166624960 outfirst 48 1 65536 0 0 0
2011812199806829 137212166624960 pump_end 1 2 0 0 0 0
2011812199807059 137212166624960 join_beg 1 0 0 0 0 0
2011812199807849 137212166624960 join_end 0 0 0 0 0 0
2011812199807989 137212166624960 book_beg 1 0 0 0 0 0
2011812199808129 137212166624960 batch 49 1 1 2 2 0
2011812199808189 137212166624960 book_end 1 0 0 0 0 0
2011812199808319 137212166624960 coll_beg 0 0 0 0 0 0
2011812200323660 137212166624960 coll_end 0 0 0 0 0 0
2011812200323760 137212166624960 rel_beg 1 0 0 0 0 0
2011812200323980 137212166624960 absorb 49 0 0 0 0 0
2011812200327110 137212166624960 rel_end 1 0 0 0 0 0
2011812200328970 137212166624960 wait_beg 0 0 0 0 0 0
2011812200368878 137212174624640 send 18 0 0 48 46 1
2011812200349259 137212149839552 emit_beg 49 0 0 0 0 0
2011812200355459 137212149839552 dmg 0 1 0 0 2560 1440
2011812200355729 137212149839552 enc 48 48 1 -1 -1 0
2011812201273475 137212174624640 send 711790 0 0 48 46 1
2011812201725429 137212174624640 send 579121 0 0 48 46 1
2011812201726798 137212174624640 send 14 0 0 48 46 1
2011812201727088 137212174624640 egress 49 1 0 46 0 0
2011812200451125 137212149839552 emit_end 49 0 0 0 0 0
2011812239576666 137212174624640 cliack 47 0 48 49 0 0
2011812239576896 137212174624640 ackregion 48 49 49 47 1 0
2011812245226850 137212166624960 wait_end 0 0 0 0 0 0
2011812245231240 137212166624960 drain_beg 0 0 0 0 0 0
2011812245231570 137212166624960 drain_end 1 0 0 0 0 0
2011812245231690 137212166624960 take 50 0 0 0 0 0
2011812245232080 137212166624960 subm_beg 1 0 0 0 0 0
2011812245233540 137212166624960 submit 50 0 0 0 0 0
2011812245233639 137212166624960 subm_end 1 0 0 0 0 0
2011812245233689 137212166624960 pump_beg 1 0 0 0 0 0
2011812245984692 137212166624960 feedend 49 0 0 0 0 0
2011812246309460 137212166624960 feedend 49 1 0 0 0 0
2011812245197421 137212174624640 msgin 50 22118400 0 0 0 0
2011812245203551 137212174624640 enq 50 1 0 0 0 0
2011812258239855 137212166624960 outfirst 49 1 65536 0 0 0
2011812265575787 137212166624960 outfirst 49 0 65536 0 0 0
2011812265768580 137212166624960 pump_end 1 2 0 0 0 0
2011812265769190 137212166624960 join_beg 1 0 0 0 0 0
2011812265770639 137212166624960 join_end 0 0 0 0 0 0
2011812265770749 137212166624960 book_beg 1 0 0 0 0 0
2011812265772189 137212166624960 batch 50 1 1 2 2 0
2011812265772549 137212166624960 book_end 1 0 0 0 0 0
2011812265772719 137212166624960 coll_beg 0 0 0 0 0 0
2011812266625548 137212166624960 coll_end 0 0 0 0 0 0
2011812266625688 137212166624960 rel_beg 1 0 0 0 0 0
2011812266626448 137212166624960 absorb 50 0 0 0 0 0
2011812266633408 137212166624960 rel_end 1 0 0 0 0 0
2011812266636088 137212166624960 wait_beg 0 0 0 0 0 0
2011812266766053 137212174624640 send 18 0 0 49 47 1
2011812267722518 137212174624640 send 941781 0 0 49 47 1
2011812268349465 137212174624640 send 847468 0 0 49 47 1
2011812268351175 137212174624640 send 14 0 0 49 47 1
2011812268351895 137212174624640 egress 50 1 0 47 0 0
2011812266661157 137212149839552 emit_beg 50 0 0 0 0 0
2011812266674066 137212149839552 dmg 0 1 0 0 2560 1440
2011812266674316 137212149839552 enc 49 49 1 -1 -1 0
2011812266818811 137212149839552 emit_end 50 0 0 0 0 0
2011812308461150 137212174624640 cliack 48 0 49 50 0 0
2011812308461360 137212174624640 ackregion 49 50 50 48 1 0
2011812312069599 137212166624960 wait_end 0 0 0 0 0 0
2011812312073718 137212166624960 drain_beg 0 0 0 0 0 0
2011812312074208 137212166624960 drain_end 1 0 0 0 0 0
2011812312074388 137212166624960 take 51 0 0 0 0 0
2011812312074908 137212166624960 subm_beg 1 0 0 0 0 0
2011812312076358 137212166624960 submit 51 0 0 0 0 0
2011812312076428 137212166624960 subm_end 1 0 0 0 0 0
2011812312076478 137212166624960 pump_beg 1 0 0 0 0 0
2011812312939597 137212166624960 feedend 50 0 0 0 0 0
2011812313308263 137212166624960 feedend 50 1 0 0 0 0
2011812320664255 137212166624960 outfirst 50 0 65536 0 0 0
2011812312042190 137212174624640 msgin 51 22118400 0 0 0 0
2011812312042460 137212174624640 enq 51 1 0 0 0 0
2011812328501508 137212166624960 outfirst 50 1 65536 0 0 0
2011812328594855 137212166624960 pump_end 1 2 0 0 0 0
2011812328595265 137212166624960 join_beg 1 0 0 0 0 0
2011812328596185 137212166624960 join_end 0 0 0 0 0 0
2011812328596275 137212166624960 book_beg 1 0 0 0 0 0
2011812328597115 137212166624960 batch 51 1 1 2 2 0
2011812328597165 137212166624960 book_end 1 0 0 0 0 0
2011812328597215 137212166624960 coll_beg 0 0 0 0 0 0
2011812329010960 137212166624960 coll_end 0 0 0 0 0 0
2011812329011010 137212166624960 rel_beg 1 0 0 0 0 0
2011812329011400 137212166624960 absorb 51 0 0 0 0 0
2011812329015540 137212166624960 rel_end 1 0 0 0 0 0
2011812329019679 137212166624960 wait_beg 0 0 0 0 0 0
2011812329084137 137212174624640 send 18 0 0 50 48 1
2011812329755993 137212174624640 send 692207 0 0 50 48 1
2011812330435218 137212174624640 send 595070 0 0 50 48 1
2011812330436818 137212174624640 send 14 0 0 50 48 1
2011812330437238 137212174624640 egress 51 1 0 48 0 0
2011812329035339 137212149839552 emit_beg 51 0 0 0 0 0
2011812329044489 137212149839552 dmg 0 1 0 0 2560 1440
2011812329044789 137212149839552 enc 50 50 1 -1 -1 0
2011812329139265 137212149839552 emit_end 51 0 0 0 0 0
2011812370911190 137212166624960 wait_end 0 0 0 0 0 0
2011812370916899 137212166624960 drain_beg 0 0 0 0 0 0
2011812370917719 137212166624960 drain_end 1 0 0 0 0 0
2011812370918049 137212166624960 take 52 0 0 0 0 0
2011812370918859 137212166624960 subm_beg 1 0 0 0 0 0
2011812370920409 137212166624960 submit 52 0 0 0 0 0
2011812370920569 137212166624960 subm_end 1 0 0 0 0 0
2011812370920649 137212166624960 pump_beg 1 0 0 0 0 0
2011812364148316 137212174624640 cliack 49 0 50 51 0 0
2011812364148536 137212174624640 ackregion 50 51 51 49 1 0
2011812370878451 137212174624640 msgin 52 22118400 0 0 0 0
2011812370881021 137212174624640 enq 52 1 0 0 0 0
2011812371708840 137212166624960 feedend 51 0 0 0 0 0
2011812372118225 137212166624960 feedend 51 1 0 0 0 0
2011812380250658 137212166624960 outfirst 51 0 65536 0 0 0
2011812390148767 137212166624960 outfirst 51 1 65536 0 0 0
2011812390281212 137212166624960 pump_end 1 2 0 0 0 0
2011812390281612 137212166624960 join_beg 1 0 0 0 0 0
2011812390281932 137212166624960 join_end 0 0 0 0 0 0
2011812390282102 137212166624960 book_beg 1 0 0 0 0 0
2011812390282562 137212166624960 batch 52 1 1 2 2 0
2011812390282632 137212166624960 book_end 1 0 0 0 0 0
2011812390282682 137212166624960 coll_beg 0 0 0 0 0 0
2011812391091542 137212166624960 coll_end 0 0 0 0 0 0
2011812391091622 137212166624960 rel_beg 1 0 0 0 0 0
2011812391092122 137212166624960 absorb 52 0 0 0 0 0
2011812391097222 137212166624960 rel_end 1 0 0 0 0 0
2011812391100412 137212166624960 wait_beg 0 0 0 0 0 0
2011812391145681 137212174624640 send 18 0 0 51 49 1
2011812391107182 137212149839552 emit_beg 52 0 0 0 0 0
2011812391112022 137212149839552 dmg 0 1 0 0 2560 1440
2011812391112252 137212149839552 enc 51 51 1 -1 -1 0
2011812391223308 137212149839552 emit_end 52 0 0 0 0 0
2011812392345777 137212174624640 send 1009673 0 0 51 49 1
2011812392993183 137212174624640 send 873117 0 0 51 49 1
2011812392994563 137212174624640 send 14 0 0 51 49 1
2011812392994823 137212174624640 egress 52 1 0 49 0 0
2011812441563789 137212174624640 cliack 50 0 51 52 0 0
2011812441564269 137212174624640 ackregion 51 52 52 50 1 0
2011812445093580 137212166624960 wait_end 0 0 0 0 0 0
2011812445097900 137212166624960 drain_beg 0 0 0 0 0 0
2011812445098540 137212166624960 drain_end 1 0 0 0 0 0
2011812445098930 137212166624960 take 53 0 0 0 0 0
2011812445099630 137212166624960 subm_beg 1 0 0 0 0 0
2011812445101000 137212166624960 submit 53 0 0 0 0 0
2011812445101140 137212166624960 subm_end 1 0 0 0 0 0
2011812445101230 137212166624960 pump_beg 1 0 0 0 0 0
2011812446036966 137212166624960 feedend 52 0 0 0 0 0
2011812446418842 137212166624960 feedend 52 1 0 0 0 0
2011812445065601 137212174624640 msgin 53 22118400 0 0 0 0
2011812445066881 137212174624640 enq 53 1 0 0 0 0
2011812454352152 137212166624960 outfirst 52 0 65536 0 0 0
2011812463041215 137212166624960 outfirst 52 1 65536 0 0 0
2011812463197859 137212166624960 pump_end 1 2 0 0 0 0
2011812463198219 137212166624960 join_beg 1 0 0 0 0 0
2011812463199369 137212166624960 join_end 0 0 0 0 0 0
2011812463199559 137212166624960 book_beg 1 0 0 0 0 0
2011812463200519 137212166624960 batch 53 1 1 2 2 0
2011812463200679 137212166624960 book_end 1 0 0 0 0 0
2011812463200709 137212166624960 coll_beg 0 0 0 0 0 0
2011812463905683 137212166624960 coll_end 0 0 0 0 0 0
2011812463905773 137212166624960 rel_beg 1 0 0 0 0 0
2011812463906353 137212166624960 absorb 53 0 0 0 0 0
2011812463911973 137212166624960 rel_end 1 0 0 0 0 0
2011812463914893 137212166624960 wait_beg 0 0 0 0 0 0
2011812463987800 137212174624640 send 18 0 0 52 50 1
2011812465075030 137212174624640 send 840962 0 0 52 50 1
2011812465693838 137212174624640 send 731625 0 0 52 50 1
2011812465695408 137212174624640 send 14 0 0 52 50 1
2011812465695818 137212174624640 egress 53 1 0 50 0 0
2011812463934492 137212149839552 emit_beg 53 0 0 0 0 0
2011812463939562 137212149839552 dmg 0 1 0 0 2560 1440
2011812463940152 137212149839552 enc 52 52 1 -1 -1 0
2011812464080227 137212149839552 emit_end 53 0 0 0 0 0
2011812501980643 137212166624960 wait_end 0 0 0 0 0 0
2011812501983152 137212166624960 drain_beg 0 0 0 0 0 0
2011812501983552 137212166624960 drain_end 1 0 0 0 0 0
2011812501983722 137212166624960 take 54 0 0 0 0 0
2011812501984202 137212166624960 subm_beg 1 0 0 0 0 0
2011812501985312 137212166624960 submit 54 0 0 0 0 0
2011812501985462 137212166624960 subm_end 1 0 0 0 0 0
2011812501985512 137212166624960 pump_beg 1 0 0 0 0 0
2011812497049223 137212174624640 cliack 51 0 52 53 0 0
2011812497051243 137212174624640 ackregion 52 53 53 51 1 0
2011812501968363 137212174624640 msgin 54 22118400 0 0 0 0
2011812501969383 137212174624640 enq 54 1 0 0 0 0
2011812502611799 137212166624960 feedend 53 0 0 0 0 0
2011812502887239 137212166624960 feedend 53 1 0 0 0 0
2011812510211792 137212166624960 outfirst 53 0 65536 0 0 0
2011812516617058 137212166624960 outfirst 53 1 65536 0 0 0
2011812516717724 137212166624960 pump_end 1 2 0 0 0 0
2011812516718114 137212166624960 join_beg 1 0 0 0 0 0
2011812516718704 137212166624960 join_end 0 0 0 0 0 0
2011812516718934 137212166624960 book_beg 1 0 0 0 0 0
2011812516719244 137212166624960 batch 54 1 1 2 2 0
2011812516719284 137212166624960 book_end 1 0 0 0 0 0
2011812516719324 137212166624960 coll_beg 0 0 0 0 0 0
2011812517341792 137212166624960 coll_end 0 0 0 0 0 0
2011812517341902 137212166624960 rel_beg 1 0 0 0 0 0
2011812517342202 137212166624960 absorb 54 0 0 0 0 0
2011812517346401 137212166624960 rel_end 1 0 0 0 0 0
2011812517350091 137212166624960 wait_beg 0 0 0 0 0 0
2011812517407749 137212174624640 send 18 0 0 53 51 1
2011812518148902 137212174624640 send 795846 0 0 53 51 1
2011812518564347 137212174624640 send 564966 0 0 53 51 1
2011812518565577 137212174624640 send 14 0 0 53 51 1
2011812518565987 137212174624640 egress 54 1 0 51 0 0
2011812517374790 137212149839552 emit_beg 54 0 0 0 0 0
2011812517381210 137212149839552 dmg 0 1 0 0 2560 1440
2011812517381430 137212149839552 enc 53 53 1 -1 -1 0
2011812517489076 137212149839552 emit_end 54 0 0 0 0 0
2011812579992553 137212166624960 wait_end 0 0 0 0 0 0
2011812579995333 137212166624960 drain_beg 0 0 0 0 0 0
2011812579995773 137212166624960 drain_end 1 0 0 0 0 0
2011812579995933 137212166624960 take 55 0 0 0 0 0
2011812579996263 137212166624960 subm_beg 1 0 0 0 0 0
2011812579997483 137212166624960 submit 55 0 0 0 0 0
2011812579997643 137212166624960 subm_end 1 0 0 0 0 0
2011812579997663 137212166624960 pump_beg 1 0 0 0 0 0
2011812580693518 137212166624960 feedend 54 0 0 0 0 0
2011812580995287 137212166624960 feedend 54 1 0 0 0 0
2011812578429630 137212174624640 cliack 52 0 53 54 0 0
2011812578430030 137212174624640 ackregion 53 54 54 52 1 0
2011812579981814 137212174624640 msgin 55 22118400 0 0 0 0
2011812579982634 137212174624640 enq 55 1 0 0 0 0
2011812589326032 137212166624960 outfirst 54 0 65536 0 0 0
2011812598886443 137212166624960 outfirst 54 1 65536 0 0 0
2011812599041378 137212166624960 pump_end 1 2 0 0 0 0
2011812599041938 137212166624960 join_beg 1 0 0 0 0 0
2011812599042928 137212166624960 join_end 0 0 0 0 0 0
2011812599042978 137212166624960 book_beg 1 0 0 0 0 0
2011812599043648 137212166624960 batch 55 1 1 2 2 0
2011812599043868 137212166624960 book_end 1 0 0 0 0 0
2011812599044018 137212166624960 coll_beg 0 0 0 0 0 0
2011812599566858 137212166624960 coll_end 0 0 0 0 0 0
2011812599566928 137212166624960 rel_beg 1 0 0 0 0 0
2011812599567058 137212166624960 absorb 55 0 0 0 0 0
2011812599570038 137212166624960 rel_end 1 0 0 0 0 0
2011812599571928 137212166624960 wait_beg 0 0 0 0 0 0
2011812599620456 137212174624640 send 18 0 0 54 52 1
2011812600386718 137212174624640 send 970090 0 0 54 52 1
2011812600992056 137212174624640 send 822026 0 0 54 52 1
2011812600993566 137212174624640 send 14 0 0 54 52 1
2011812600994056 137212174624640 egress 55 1 0 52 0 0
2011812599594587 137212149839552 emit_beg 55 0 0 0 0 0
2011812599602267 137212149839552 dmg 0 1 0 0 2560 1440
2011812599602487 137212149839552 enc 54 54 1 -1 -1 0
2011812599720423 137212149839552 emit_end 55 0 0 0 0 0
2011812649544113 137212166624960 wait_end 0 0 0 0 0 0
2011812649549363 137212166624960 drain_beg 0 0 0 0 0 0
2011812649550593 137212166624960 drain_end 1 0 0 0 0 0
2011812649551073 137212166624960 take 56 0 0 0 0 0
2011812649552023 137212166624960 subm_beg 1 0 0 0 0 0
2011812649553983 137212166624960 submit 56 0 0 0 0 0
2011812649554173 137212166624960 subm_end 1 0 0 0 0 0
2011812649554233 137212166624960 pump_beg 1 0 0 0 0 0
2011812650283576 137212166624960 feedend 55 0 0 0 0 0
2011812650657123 137212166624960 feedend 55 1 0 0 0 0
2011812646427107 137212174624640 cliack 53 0 54 55 0 0
2011812646427997 137212174624640 ackregion 54 55 55 53 1 0
2011812649514824 137212174624640 msgin 56 22118400 0 0 0 0
2011812649517494 137212174624640 enq 56 1 0 0 0 0
2011812658220556 137212166624960 outfirst 55 0 65536 0 0 0
2011812664957340 137212166624960 outfirst 55 1 65536 0 0 0
2011812665065746 137212166624960 pump_end 1 2 0 0 0 0
2011812665065996 137212166624960 join_beg 1 0 0 0 0 0
2011812665066836 137212166624960 join_end 0 0 0 0 0 0
2011812665066926 137212166624960 book_beg 1 0 0 0 0 0
2011812665067206 137212166624960 batch 56 1 1 2 2 0
2011812665067256 137212166624960 book_end 1 0 0 0 0 0
2011812665067296 137212166624960 coll_beg 0 0 0 0 0 0
2011812665488401 137212166624960 coll_end 0 0 0 0 0 0
2011812665488451 137212166624960 rel_beg 1 0 0 0 0 0
2011812665488981 137212166624960 absorb 56 0 0 0 0 0
2011812665494421 137212166624960 rel_end 1 0 0 0 0 0
2011812665496710 137212166624960 wait_beg 0 0 0 0 0 0
2011812665530789 137212174624640 send 18 0 0 55 53 1
2011812666133397 137212174624640 send 771418 0 0 55 53 1
2011812666565251 137212174624640 send 590144 0 0 55 53 1
2011812666566661 137212174624640 send 14 0 0 55 53 1
2011812666567151 137212174624640 egress 56 1 0 53 0 0
2011812665505390 137212149839552 emit_beg 56 0 0 0 0 0
2011812665510630 137212149839552 dmg 0 1 0 0 2560 1440
2011812665510990 137212149839552 enc 55 55 1 -1 -1 0
2011812665591397 137212149839552 emit_end 56 0 0 0 0 0
2011812706736104 137212166624960 wait_end 0 0 0 0 0 0
2011812706738344 137212166624960 drain_beg 0 0 0 0 0 0
2011812706738614 137212166624960 drain_end 1 0 0 0 0 0
2011812706738774 137212166624960 take 57 0 0 0 0 0
2011812706738964 137212166624960 subm_beg 1 0 0 0 0 0
2011812706739774 137212166624960 submit 57 0 0 0 0 0
2011812706739864 137212166624960 subm_end 1 0 0 0 0 0
2011812706739904 137212166624960 pump_beg 1 0 0 0 0 0
2011812707582133 137212166624960 feedend 56 0 0 0 0 0
2011812707809355 137212166624960 feedend 56 1 0 0 0 0
2011812705276848 137212174624640 cliack 54 0 55 56 0 0
2011812705276978 137212174624640 ackregion 55 56 56 54 1 0
2011812706721195 137212174624640 msgin 57 22118400 0 0 0 0
2011812706722045 137212174624640 enq 57 1 0 0 0 0
2011812715749955 137212166624960 outfirst 56 0 65536 0 0 0
2011812724862242 137212166624960 outfirst 56 1 65536 0 0 0
2011812725040336 137212166624960 pump_end 1 2 0 0 0 0
2011812725040466 137212166624960 join_beg 1 0 0 0 0 0
2011812725040856 137212166624960 join_end 0 0 0 0 0 0
2011812725041006 137212166624960 book_beg 1 0 0 0 0 0
2011812725041516 137212166624960 batch 57 1 1 2 2 0
2011812725041576 137212166624960 book_end 1 0 0 0 0 0
2011812725041636 137212166624960 coll_beg 0 0 0 0 0 0
2011812725612285 137212166624960 coll_end 0 0 0 0 0 0
2011812725612325 137212166624960 rel_beg 1 0 0 0 0 0
2011812725612595 137212166624960 absorb 57 0 0 0 0 0
2011812725615305 137212166624960 rel_end 1 0 0 0 0 0
2011812725617305 137212166624960 wait_beg 0 0 0 0 0 0
2011812725657363 137212174624640 send 18 0 0 56 54 1
2011812726579740 137212174624640 send 879714 0 0 56 54 1
2011812727438578 137212174624640 send 726114 0 0 56 54 1
2011812727440818 137212174624640 send 14 0 0 56 54 1
2011812727441498 137212174624640 egress 57 1 0 54 0 0
2011812725627704 137212149839552 emit_beg 57 0 0 0 0 0
2011812725632994 137212149839552 dmg 0 1 0 0 2560 1440
2011812725633294 137212149839552 enc 56 56 1 -1 -1 0
2011812725747030 137212149839552 emit_end 57 0 0 0 0 0
2011812782655632 137212174624640 cliack 55 0 56 57 0 0
2011812782656192 137212174624640 ackregion 56 57 57 55 1 0
2011812788334654 137212166624960 wait_end 0 0 0 0 0 0
2011812788340144 137212166624960 drain_beg 0 0 0 0 0 0
2011812788340764 137212166624960 drain_end 1 0 0 0 0 0
2011812788340904 137212166624960 take 58 0 0 0 0 0
2011812788341624 137212166624960 subm_beg 1 0 0 0 0 0
2011812788342974 137212166624960 submit 58 0 0 0 0 0
2011812788343374 137212166624960 subm_end 1 0 0 0 0 0
2011812788343404 137212166624960 pump_beg 1 0 0 0 0 0
2011812789102576 137212166624960 feedend 57 0 0 0 0 0
2011812789459793 137212166624960 feedend 57 1 0 0 0 0
2011812788303385 137212174624640 msgin 58 22118400 0 0 0 0
2011812788305375 137212174624640 enq 58 1 0 0 0 0
2011812796916761 137212166624960 outfirst 57 0 65536 0 0 0
2011812804936768 137212166624960 outfirst 57 1 65536 0 0 0
2011812805051744 137212166624960 pump_end 1 2 0 0 0 0
2011812805059093 137212166624960 join_beg 1 0 0 0 0 0
2011812805059763 137212166624960 join_end 0 0 0 0 0 0
2011812805060053 137212166624960 book_beg 1 0 0 0 0 0
2011812805060633 137212166624960 batch 58 1 1 2 2 0
2011812805060683 137212166624960 book_end 1 0 0 0 0 0
2011812805060863 137212166624960 coll_beg 0 0 0 0 0 0
2011812805487838 137212166624960 coll_end 0 0 0 0 0 0
2011812805487928 137212166624960 rel_beg 1 0 0 0 0 0
2011812805488348 137212166624960 absorb 58 0 0 0 0 0
2011812805493127 137212166624960 rel_end 1 0 0 0 0 0
2011812805495237 137212166624960 wait_beg 0 0 0 0 0 0
2011812805543136 137212174624640 send 18 0 0 57 55 1
2011812806413314 137212174624640 send 720679 0 0 57 55 1
2011812806844928 137212174624640 send 587121 0 0 57 55 1
2011812806846198 137212174624640 send 14 0 0 57 55 1
2011812806846498 137212174624640 egress 58 1 0 55 0 0
2011812805512927 137212149839552 emit_beg 58 0 0 0 0 0
2011812805517277 137212149839552 dmg 0 1 0 0 2560 1440
2011812805517597 137212149839552 enc 57 57 1 -1 -1 0
2011812805613043 137212149839552 emit_end 58 0 0 0 0 0
2011812844367788 137212166624960 wait_end 0 0 0 0 0 0
2011812844371838 137212166624960 drain_beg 0 0 0 0 0 0
2011812844372508 137212166624960 drain_end 1 0 0 0 0 0
2011812844372868 137212166624960 take 59 0 0 0 0 0
2011812844373378 137212166624960 subm_beg 1 0 0 0 0 0
2011812844374857 137212166624960 submit 59 0 0 0 0 0
2011812844374907 137212166624960 subm_end 1 0 0 0 0 0
2011812844374937 137212166624960 pump_beg 1 0 0 0 0 0
2011812841510822 137212174624640 cliack 56 0 57 58 0 0
2011812841511542 137212174624640 ackregion 57 58 58 56 1 0
2011812844334999 137212174624640 msgin 59 22118400 0 0 0 0
2011812844336759 137212174624640 enq 59 1 0 0 0 0
2011812845451048 137212166624960 feedend 58 0 0 0 0 0
2011812845865433 137212166624960 feedend 58 1 0 0 0 0
2011812853766395 137212166624960 outfirst 58 0 65536 0 0 0
2011812863705332 137212166624960 outfirst 58 1 65536 0 0 0
2011812863876635 137212166624960 pump_end 1 2 0 0 0 0
2011812863877195 137212166624960 join_beg 1 0 0 0 0 0
2011812863878345 137212166624960 join_end 0 0 0 0 0 0
2011812863878615 137212166624960 book_beg 1 0 0 0 0 0
2011812863880095 137212166624960 batch 59 1 1 2 2 0
2011812863880355 137212166624960 book_end 1 0 0 0 0 0
2011812863880565 137212166624960 coll_beg 0 0 0 0 0 0
2011812864470494 137212166624960 coll_end 0 0 0 0 0 0
2011812864470664 137212166624960 rel_beg 1 0 0 0 0 0
2011812864471534 137212166624960 absorb 59 0 0 0 0 0
2011812864477493 137212166624960 rel_end 1 0 0 0 0 0
2011812864479813 137212166624960 wait_beg 0 0 0 0 0 0
2011812864487333 137212149839552 emit_beg 59 0 0 0 0 0
2011812864493083 137212149839552 dmg 0 1 0 0 2560 1440
2011812864493553 137212149839552 enc 58 58 1 -1 -1 0
2011812864558370 137212174624640 send 18 0 0 58 56 1
2011812865252835 137212174624640 send 935855 0 0 58 56 1
2011812865861863 137212174624640 send 842953 0 0 58 56 1
2011812865868702 137212174624640 send 14 0 0 58 56 1
2011812865869152 137212174624640 egress 59 1 0 56 0 0
2011812864599179 137212149839552 emit_end 59 0 0 0 0 0
2011812910999114 137212174624640 cliack 57 0 58 59 0 0
2011812910999454 137212174624640 ackregion 58 59 59 57 1 0
2011812917082312 137212166624960 wait_end 0 0 0 0 0 0
2011812917086572 137212166624960 drain_beg 0 0 0 0 0 0
2011812917087222 137212166624960 drain_end 1 0 0 0 0 0
2011812917087602 137212166624960 take 60 0 0 0 0 0
2011812917088082 137212166624960 subm_beg 1 0 0 0 0 0
2011812917089532 137212166624960 submit 60 0 0 0 0 0
2011812917089672 137212166624960 subm_end 1 0 0 0 0 0
2011812917089732 137212166624960 pump_beg 1 0 0 0 0 0
2011812918019278 137212166624960 feedend 59 0 0 0 0 0
2011812918336006 137212166624960 feedend 59 1 0 0 0 0
2011812917052503 137212174624640 msgin 60 22118400 0 0 0 0
2011812917054383 137212174624640 enq 60 1 0 0 0 0
2011812925530133 137212166624960 outfirst 59 0 65536 0 0 0
2011812932510169 137212166624960 outfirst 59 1 65536 0 0 0
2011812932594555 137212166624960 pump_end 1 2 0 0 0 0
2011812932595225 137212166624960 join_beg 1 0 0 0 0 0
2011812932596525 137212166624960 join_end 0 0 0 0 0 0
2011812932596575 137212166624960 book_beg 1 0 0 0 0 0
2011812932597185 137212166624960 batch 60 1 1 2 2 0
2011812932597345 137212166624960 book_end 1 0 0 0 0 0
2011812932597385 137212166624960 coll_beg 0 0 0 0 0 0
2011812932956462 137212166624960 coll_end 0 0 0 0 0 0
2011812932956732 137212166624960 rel_beg 1 0 0 0 0 0
2011812932957242 137212166624960 absorb 60 0 0 0 0 0
2011812932963432 137212166624960 rel_end 1 0 0 0 0 0
2011812932965802 137212166624960 wait_beg 0 0 0 0 0 0
2011812933060978 137212174624640 send 18 0 0 59 57 1
2011812933898548 137212174624640 send 679426 0 0 59 57 1
2011812934523535 137212174624640 send 590575 0 0 59 57 1
2011812934524955 137212174624640 send 14 0 0 59 57 1
2011812934525405 137212174624640 egress 60 1 0 57 0 0
2011812932974052 137212149839552 emit_beg 60 0 0 0 0 0
2011812932978721 137212149839552 dmg 0 1 0 0 2560 1440
2011812932979041 137212149839552 enc 59 59 1 -1 -1 0
2011812933068798 137212149839552 emit_end 60 0 0 0 0 0
2011812974100750 137212166624960 wait_end 0 0 0 0 0 0
2011812974104819 137212166624960 drain_beg 0 0 0 0 0 0
2011812974105279 137212166624960 drain_end 1 0 0 0 0 0
2011812974105559 137212166624960 take 61 0 0 0 0 0
2011812974106019 137212166624960 subm_beg 1 0 0 0 0 0
2011812974107289 137212166624960 submit 61 0 0 0 0 0
2011812974107439 137212166624960 subm_end 1 0 0 0 0 0
2011812974107479 137212166624960 pump_beg 1 0 0 0 0 0
2011812975024976 137212166624960 feedend 60 0 0 0 0 0
2011812975255137 137212166624960 feedend 60 1 0 0 0 0
2011812967484991 137212174624640 cliack 58 0 59 60 0 0
2011812967485891 137212174624640 ackregion 59 60 60 58 1 0
2011812974085840 137212174624640 msgin 61 22118400 0 0 0 0
2011812974087600 137212174624640 enq 61 1 0 0 0 0
2011812984371324 137212166624960 outfirst 60 0 65536 0 0 0
2011812991506834 137212166624960 outfirst 60 1 65536 0 0 0
2011812991643039 137212166624960 pump_end 1 2 0 0 0 0
2011812991643259 137212166624960 join_beg 1 0 0 0 0 0
2011812991644019 137212166624960 join_end 0 0 0 0 0 0
2011812991644109 137212166624960 book_beg 1 0 0 0 0 0
2011812991644569 137212166624960 batch 61 1 1 2 2 0
2011812991644609 137212166624960 book_end 1 0 0 0 0 0
2011812991644649 137212166624960 coll_beg 0 0 0 0 0 0
2011812992137251 137212166624960 coll_end 0 0 0 0 0 0
2011812992137291 137212166624960 rel_beg 1 0 0 0 0 0
2011812992137491 137212166624960 absorb 61 0 0 0 0 0
2011812992140761 137212166624960 rel_end 1 0 0 0 0 0
2011812992142771 137212166624960 wait_beg 0 0 0 0 0 0
2011812992208088 137212174624640 send 18 0 0 60 58 1
2011812992881524 137212174624640 send 895600 0 0 60 58 1
2011812993476862 137212174624640 send 763427 0 0 60 58 1
2011812993478242 137212174624640 send 14 0 0 60 58 1
2011812993478622 137212174624640 egress 61 1 0 58 0 0
2011812992154760 137212149839552 emit_beg 61 0 0 0 0 0
2011812992160260 137212149839552 dmg 0 1 0 0 2560 1440
2011812992160740 137212149839552 enc 60 60 1 -1 -1 0
2011812992277486 137212149839552 emit_end 61 0 0 0 0 0
2011813045459703 137212174624640 cliack 59 0 60 61 0 0
2011813045460603 137212174624640 ackregion 60 61 61 59 1 0
2011813048982805 137212166624960 wait_end 0 0 0 0 0 0
2011813048988185 137212166624960 drain_beg 0 0 0 0 0 0
2011813049008114 137212166624960 drain_end 1 0 0 0 0 0
2011813049008464 137212166624960 take 62 0 0 0 0 0
2011813049009094 137212166624960 subm_beg 1 0 0 0 0 0
2011813049010484 137212166624960 submit 62 0 0 0 0 0
2011813049010664 137212166624960 subm_end 1 0 0 0 0 0
2011813049010814 137212166624960 pump_beg 1 0 0 0 0 0
2011813050036756 137212166624960 feedend 61 0 0 0 0 0
2011813050045796 137212166624960 feedend 61 1 0 0 0 0
2011813048954656 137212174624640 msgin 62 22118400 0 0 0 0
2011813048956406 137212174624640 enq 62 1 0 0 0 0
2011813059474172 137212166624960 outfirst 61 1 65536 0 0 0
2011813065834509 137212166624960 outfirst 61 0 65536 0 0 0
2011813066776065 137212166624960 pump_end 1 2 0 0 0 0
2011813066776875 137212166624960 join_beg 1 0 0 0 0 0
2011813066778055 137212166624960 join_end 0 0 0 0 0 0
2011813066778105 137212166624960 book_beg 1 0 0 0 0 0
2011813066779355 137212166624960 batch 62 1 1 2 2 0
2011813066779385 137212166624960 book_end 1 0 0 0 0 0
2011813066779425 137212166624960 coll_beg 0 0 0 0 0 0
2011813067173800 137212166624960 coll_end 0 0 0 0 0 0
2011813067173970 137212166624960 rel_beg 1 0 0 0 0 0
2011813067174740 137212166624960 absorb 62 0 0 0 0 0
2011813067182000 137212166624960 rel_end 1 0 0 0 0 0
2011813067184530 137212166624960 wait_beg 0 0 0 0 0 0
2011813067289936 137212174624640 send 18 0 0 61 59 1
2011813068186603 137212174624640 send 738246 0 0 61 59 1
2011813068718794 137212174624640 send 610969 0 0 61 59 1
2011813068720364 137212174624640 send 14 0 0 61 59 1
2011813068720964 137212174624640 egress 62 1 0 59 0 0
2011813067195409 137212149839552 emit_beg 62 0 0 0 0 0
2011813067206519 137212149839552 dmg 0 1 0 0 2560 1440
2011813067206959 137212149839552 enc 61 61 1 -1 -1 0
2011813067309315 137212149839552 emit_end 62 0 0 0 0 0
2011813105381465 137212166624960 wait_end 0 0 0 0 0 0
2011813105385285 137212166624960 drain_beg 0 0 0 0 0 0
2011813105385895 137212166624960 drain_end 1 0 0 0 0 0
2011813105386205 137212166624960 take 63 0 0 0 0 0
2011813105386675 137212166624960 subm_beg 1 0 0 0 0 0
2011813105388165 137212166624960 submit 63 0 0 0 0 0
2011813105388305 137212166624960 subm_end 1 0 0 0 0 0
2011813105388345 137212166624960 pump_beg 1 0 0 0 0 0
2011813099160912 137212174624640 cliack 60 0 61 62 0 0
2011813099161622 137212174624640 ackregion 61 62 62 60 1 0
2011813105363976 137212174624640 msgin 63 22118400 0 0 0 0
2011813105366165 137212174624640 enq 63 1 0 0 0 0
2011813106142987 137212166624960 feedend 62 0 0 0 0 0
2011813106459315 137212166624960 feedend 62 1 0 0 0 0
2011813114115736 137212166624960 outfirst 62 0 65536 0 0 0
2011813120870439 137212166624960 outfirst 62 1 65536 0 0 0
2011813120971785 137212166624960 pump_end 1 2 0 0 0 0
2011813120972465 137212166624960 join_beg 1 0 0 0 0 0
2011813120973875 137212166624960 join_end 0 0 0 0 0 0
2011813120973935 137212166624960 book_beg 1 0 0 0 0 0
2011813120974995 137212166624960 batch 63 1 1 2 2 0
2011813120975125 137212166624960 book_end 1 0 0 0 0 0
2011813120975255 137212166624960 coll_beg 0 0 0 0 0 0
2011813121414939 137212166624960 coll_end 0 0 0 0 0 0
2011813121415019 137212166624960 rel_beg 1 0 0 0 0 0
2011813121416049 137212166624960 absorb 63 0 0 0 0 0
2011813121423559 137212166624960 rel_end 1 0 0 0 0 0
2011813121425739 137212166624960 wait_beg 0 0 0 0 0 0
2011813121499996 137212174624640 send 18 0 0 62 60 1
2011813122123863 137212174624640 send 833770 0 0 62 60 1
2011813122568697 137212174624640 send 609868 0 0 62 60 1
2011813122570247 137212174624640 send 14 0 0 62 60 1
2011813122570747 137212174624640 egress 63 1 0 60 0 0
2011813121434629 137212149839552 emit_beg 63 0 0 0 0 0
2011813121440308 137212149839552 dmg 0 1 0 0 2560 1440
2011813121440578 137212149839552 enc 62 62 1 -1 -1 0
2011813121530655 137212149839552 emit_end 63 0 0 0 0 0
2011813170860743 137212174624640 cliack 61 0 62 63 0 0
2011813170861333 137212174624640 ackregion 62 63 63 61 1 0
2011813177004539 137212166624960 wait_end 0 0 0 0 0 0
2011813177014079 137212166624960 drain_beg 0 0 0 0 0 0
2011813177014839 137212166624960 drain_end 1 0 0 0 0 0
2011813177015189 137212166624960 take 64 0 0 0 0 0
2011813177015849 137212166624960 subm_beg 1 0 0 0 0 0
2011813177017949 137212166624960 submit 64 0 0 0 0 0
2011813177018089 137212166624960 subm_end 1 0 0 0 0 0
2011813177018169 137212166624960 pump_beg 1 0 0 0 0 0
2011813177739292 137212166624960 feedend 63 0 0 0 0 0
2011813178127368 137212166624960 feedend 63 1 0 0 0 0
2011813185162511 137212166624960 outfirst 63 0 65536 0 0 0
2011813176986460 137212174624640 msgin 64 22118400 0 0 0 0
2011813176988540 137212174624640 enq 64 1 0 0 0 0
2011813190173408 137212166624960 outfirst 63 1 65536 0 0 0
2011813190260775 137212166624960 pump_end 1 2 0 0 0 0
2011813190261415 137212166624960 join_beg 1 0 0 0 0 0
2011813190262945 137212166624960 join_end 0 0 0 0 0 0
2011813190262995 137212166624960 book_beg 1 0 0 0 0 0
2011813190264055 137212166624960 batch 64 1 1 2 2 0
2011813190264105 137212166624960 book_end 1 0 0 0 0 0
2011813190264145 137212166624960 coll_beg 0 0 0 0 0 0
2011813190702629 137212166624960 coll_end 0 0 0 0 0 0
2011813190702799 137212166624960 rel_beg 1 0 0 0 0 0
2011813190703449 137212166624960 absorb 64 0 0 0 0 0
2011813190710118 137212166624960 rel_end 1 0 0 0 0 0
2011813190712388 137212166624960 wait_beg 0 0 0 0 0 0
2011813190756047 137212174624640 send 18 0 0 63 61 1
2011813191336666 137212174624640 send 745093 0 0 63 61 1
2011813191800559 137212174624640 send 633408 0 0 63 61 1
2011813191801969 137212174624640 send 14 0 0 63 61 1
2011813191802479 137212174624640 egress 64 1 0 61 0 0
2011813190718828 137212149839552 emit_beg 64 0 0 0 0 0
2011813190723538 137212149839552 dmg 0 1 0 0 2560 1440
2011813190723848 137212149839552 enc 63 63 1 -1 -1 0
2011813190813225 137212149839552 emit_end 64 0 0 0 0 0
2011813235339328 137212166624960 wait_end 0 0 0 0 0 0
2011813235343008 137212166624960 drain_beg 0 0 0 0 0 0
2011813235343528 137212166624960 drain_end 1 0 0 0 0 0
2011813235343768 137212166624960 take 65 0 0 0 0 0
2011813235344408 137212166624960 subm_beg 1 0 0 0 0 0
2011813235345878 137212166624960 submit 65 0 0 0 0 0
2011813235346018 137212166624960 subm_end 1 0 0 0 0 0
2011813235346058 137212166624960 pump_beg 1 0 0 0 0 0
2011813236193627 137212166624960 feedend 64 0 0 0 0 0
2011813236430799 137212166624960 feedend 64 1 0 0 0 0
2011813229239161 137212174624640 cliack 62 0 63 64 0 0
2011813229239381 137212174624640 ackregion 63 64 64 62 1 0
2011813235324019 137212174624640 msgin 65 22118400 0 0 0 0
2011813235326209 137212174624640 enq 65 1 0 0 0 0
2011813244443686 137212166624960 outfirst 64 0 65536 0 0 0
2011813252558180 137212166624960 outfirst 64 1 65536 0 0 0
2011813252675595 137212166624960 pump_end 1 2 0 0 0 0
2011813252676505 137212166624960 join_beg 1 0 0 0 0 0
2011813252676995 137212166624960 join_end 0 0 0 0 0 0
2011813252677065 137212166624960 book_beg 1 0 0 0 0 0
2011813252681875 137212166624960 batch 65 1 1 2 2 0
2011813252681925 137212166624960 book_end 1 0 0 0 0 0
2011813252681945 137212166624960 coll_beg 0 0 0 0 0 0
2011813253381840 137212166624960 coll_end 0 0 0 0 0 0
2011813253381890 137212166624960 rel_beg 1 0 0 0 0 0
2011813253382400 137212166624960 absorb 65 0 0 0 0 0
2011813253386989 137212166624960 rel_end 1 0 0 0 0 0
2011813253390709 137212166624960 wait_beg 0 0 0 0 0 0
2011813253445027 137212174624640 send 18 0 0 64 62 1
2011813254144462 137212174624640 send 854517 0 0 64 62 1
2011813254690242 137212174624640 send 745611 0 0 64 62 1
2011813254691982 137212174624640 send 14 0 0 64 62 1
2011813254692532 137212174624640 egress 65 1 0 62 0 0
2011813253400469 137212149839552 emit_beg 65 0 0 0 0 0
2011813253407249 137212149839552 dmg 0 1 0 0 2560 1440
2011813253407759 137212149839552 enc 64 64 1 -1 -1 0
2011813253502905 137212149839552 emit_end 65 0 0 0 0 0
2011813291652722 137212174624640 cliack 63 0 64 65 0 0
2011813291653352 137212174624640 ackregion 64 65 65 63 1 0
2011813297413131 137212166624960 wait_end 0 0 0 0 0 0
2011813297416871 137212166624960 drain_beg 0 0 0 0 0 0
2011813297417291 137212166624960 drain_end 1 0 0 0 0 0
2011813297417561 137212166624960 take 66 0 0 0 0 0
2011813297418151 137212166624960 subm_beg 1 0 0 0 0 0
2011813297419961 137212166624960 submit 66 0 0 0 0 0
2011813297420091 137212166624960 subm_end 1 0 0 0 0 0
2011813297420141 137212166624960 pump_beg 1 0 0 0 0 0
2011813297994100 137212166624960 feedend 65 0 0 0 0 0
2011813298360137 137212166624960 feedend 65 1 0 0 0 0
2011813305144049 137212166624960 outfirst 65 0 65536 0 0 0
2011813297396232 137212174624640 msgin 66 22118400 0 0 0 0
2011813297398312 137212174624640 enq 66 1 0 0 0 0
2011813311985739 137212166624960 outfirst 65 1 65536 0 0 0
2011813312083996 137212166624960 pump_end 1 2 0 0 0 0
2011813312084616 137212166624960 join_beg 1 0 0 0 0 0
2011813312085716 137212166624960 join_end 0 0 0 0 0 0
2011813312085846 137212166624960 book_beg 1 0 0 0 0 0
2011813312086865 137212166624960 batch 66 1 1 2 2 0
2011813312086945 137212166624960 book_end 1 0 0 0 0 0
2011813312087025 137212166624960 coll_beg 0 0 0 0 0 0
2011813312691793 137212166624960 coll_end 0 0 0 0 0 0
2011813312691883 137212166624960 rel_beg 1 0 0 0 0 0
2011813312692513 137212166624960 absorb 66 0 0 0 0 0
2011813312699763 137212166624960 rel_end 1 0 0 0 0 0
2011813312702373 137212166624960 wait_beg 0 0 0 0 0 0
2011813312751331 137212174624640 send 18 0 0 65 63 1
2011813313317491 137212174624640 send 735491 0 0 65 63 1
2011813313749945 137212174624640 send 593303 0 0 65 63 1
2011813313751545 137212174624640 send 14 0 0 65 63 1
2011813313751955 137212174624640 egress 66 1 0 63 0 0
2011813312710263 137212149839552 emit_beg 66 0 0 0 0 0
2011813312716652 137212149839552 dmg 0 1 0 0 2560 1440
2011813312717032 137212149839552 enc 65 65 1 -1 -1 0
2011813312799949 137212149839552 emit_end 66 0 0 0 0 0
2011813356526762 137212166624960 wait_end 0 0 0 0 0 0
2011813356532302 137212166624960 drain_beg 0 0 0 0 0 0
2011813356533192 137212166624960 drain_end 1 0 0 0 0 0
2011813356533592 137212166624960 take 67 0 0 0 0 0
2011813356534362 137212166624960 subm_beg 1 0 0 0 0 0
2011813356536362 137212166624960 submit 67 0 0 0 0 0
2011813356536512 137212166624960 subm_end 1 0 0 0 0 0
2011813356536602 137212166624960 pump_beg 1 0 0 0 0 0
2011813357249956 137212166624960 feedend 66 0 0 0 0 0
2011813351116340 137212174624640 cliack 64 0 65 66 0 0
2011813351116720 137212174624640 ackregion 65 66 66 64 1 0
2011813356494644 137212174624640 msgin 67 22118400 0 0 0 0
2011813356496653 137212174624640 enq 67 1 0 0 0 0
2011813357688150 137212166624960 feedend 66 1 0 0 0 0
2011813365357110 137212166624960 outfirst 66 0 65536 0 0 0
2011813373901098 137212166624960 outfirst 66 1 65536 0 0 0
2011813374014904 137212166624960 pump_end 1 2 0 0 0 0
2011813374015324 137212166624960 join_beg 1 0 0 0 0 0
2011813374016474 137212166624960 join_end 0 0 0 0 0 0
2011813374016704 137212166624960 book_beg 1 0 0 0 0 0
2011813374017354 137212166624960 batch 67 1 1 2 2 0
2011813374017494 137212166624960 book_end 1 0 0 0 0 0
2011813374017654 137212166624960 coll_beg 0 0 0 0 0 0
2011813374728628 137212166624960 coll_end 0 0 0 0 0 0
2011813374728808 137212166624960 rel_beg 1 0 0 0 0 0
2011813374729408 137212166624960 absorb 67 0 0 0 0 0
2011813374736277 137212166624960 rel_end 1 0 0 0 0 0
2011813374739167 137212166624960 wait_beg 0 0 0 0 0 0
2011813374787516 137212174624640 send 18 0 0 66 64 1
2011813375441562 137212174624640 send 825116 0 0 66 64 1
2011813375955873 137212174624640 send 702022 0 0 66 64 1
2011813375957333 137212174624640 send 14 0 0 66 64 1
2011813375957853 137212174624640 egress 67 1 0 64 0 0
2011813374750137 137212149839552 emit_beg 67 0 0 0 0 0
2011813374754647 137212149839552 dmg 0 1 0 0 2560 1440
2011813374754907 137212149839552 enc 66 66 1 -1 -1 0
2011813374858833 137212149839552 emit_end 67 0 0 0 0 0
2011813423853883 137212166624960 wait_end 0 0 0 0 0 0
2011813423857323 137212166624960 drain_beg 0 0 0 0 0 0
2011813423858183 137212166624960 drain_end 1 0 0 0 0 0
2011813423858513 137212166624960 take 68 0 0 0 0 0
2011813423859023 137212166624960 subm_beg 1 0 0 0 0 0
2011813423860513 137212166624960 submit 68 0 0 0 0 0
2011813423860683 137212166624960 subm_end 1 0 0 0 0 0
2011813423860733 137212166624960 pump_beg 1 0 0 0 0 0
2011813424654394 137212166624960 feedend 67 0 0 0 0 0
2011813425147846 137212166624960 feedend 67 1 0 0 0 0
2011813420313523 137212174624640 cliack 65 0 66 67 0 0
2011813420313963 137212174624640 ackregion 66 67 67 65 1 0
2011813423837064 137212174624640 msgin 68 22118400 0 0 0 0
2011813423838904 137212174624640 enq 68 1 0 0 0 0
2011813434214375 137212166624960 outfirst 67 0 65536 0 0 0
2011813439740533 137212166624960 outfirst 67 1 65536 0 0 0
2011813439834770 137212166624960 pump_end 1 2 0 0 0 0
2011813439835280 137212166624960 join_beg 1 0 0 0 0 0
2011813439836310 137212166624960 join_end 0 0 0 0 0 0
2011813439836540 137212166624960 book_beg 1 0 0 0 0 0
2011813439836880 137212166624960 batch 68 1 1 2 2 0
2011813439836960 137212166624960 book_end 1 0 0 0 0 0
2011813439837040 137212166624960 coll_beg 0 0 0 0 0 0
2011813440382460 137212166624960 coll_end 0 0 0 0 0 0
2011813440382540 137212166624960 rel_beg 1 0 0 0 0 0
2011813440382870 137212166624960 absorb 68 0 0 0 0 0
2011813440387570 137212166624960 rel_end 1 0 0 0 0 0
2011813440390710 137212166624960 wait_beg 0 0 0 0 0 0
2011813440464897 137212174624640 send 18 0 0 67 65 1
2011813441032366 137212174624640 send 712716 0 0 67 65 1
2011813441457831 137212174624640 send 580460 0 0 67 65 1
2011813441459310 137212174624640 send 14 0 0 67 65 1
2011813441459620 137212174624640 egress 68 1 0 65 0 0
2011813440397819 137212149839552 emit_beg 68 0 0 0 0 0
2011813440402689 137212149839552 dmg 0 1 0 0 2560 1440
2011813440406009 137212149839552 enc 67 67 1 -1 -1 0
2011813440507345 137212149839552 emit_end 68 0 0 0 0 0
2011813477616290 137212174624640 cliack 66 0 67 68 0 0
2011813477616400 137212174624640 ackregion 67 68 68 66 1 0
2011813483442927 137212166624960 wait_end 0 0 0 0 0 0
2011813483446907 137212166624960 drain_beg 0 0 0 0 0 0
2011813483447447 137212166624960 drain_end 1 0 0 0 0 0
2011813483447687 137212166624960 take 69 0 0 0 0 0
2011813483448267 137212166624960 subm_beg 1 0 0 0 0 0
2011813483452637 137212166624960 submit 69 0 0 0 0 0
2011813483452767 137212166624960 subm_end 1 0 0 0 0 0
2011813483452807 137212166624960 pump_beg 1 0 0 0 0 0
2011813484094193 137212166624960 feedend 68 0 0 0 0 0
2011813484421501 137212166624960 feedend 68 1 0 0 0 0
2011813483426568 137212174624640 msgin 69 22118400 0 0 0 0
2011813483428608 137212174624640 enq 69 1 0 0 0 0
2011813492552734 137212166624960 outfirst 68 0 65536 0 0 0
2011813502313988 137212166624960 outfirst 68 1 65536 0 0 0
2011813502426224 137212166624960 pump_end 1 2 0 0 0 0
2011813502427024 137212166624960 join_beg 1 0 0 0 0 0
2011813502427874 137212166624960 join_end 0 0 0 0 0 0
2011813502427924 137212166624960 book_beg 1 0 0 0 0 0
2011813502428634 137212166624960 batch 69 1 1 2 2 0
2011813502428684 137212166624960 book_end 1 0 0 0 0 0
2011813502428734 137212166624960 coll_beg 0 0 0 0 0 0
2011813502999173 137212166624960 coll_end 0 0 0 0 0 0
2011813502999223 137212166624960 rel_beg 1 0 0 0 0 0
2011813503003313 137212166624960 absorb 69 0 0 0 0 0
2011813503009793 137212166624960 rel_end 1 0 0 0 0 0
2011813503012432 137212166624960 wait_beg 0 0 0 0 0 0
2011813503071480 137212174624640 send 18 0 0 68 66 1
2011813503875201 137212174624640 send 934503 0 0 68 66 1
2011813504495858 137212174624640 send 842618 0 0 68 66 1
2011813504497298 137212174624640 send 14 0 0 68 66 1
2011813504497748 137212174624640 egress 69 1 0 66 0 0
2011813503020542 137212149839552 emit_beg 69 0 0 0 0 0
2011813503025882 137212149839552 dmg 0 1 0 0 2560 1440
2011813503026122 137212149839552 enc 68 68 1 -1 -1 0
2011813503130348 137212149839552 emit_end 69 0 0 0 0 0
2011813545386015 137212166624960 wait_end 0 0 0 0 0 0
2011813545390025 137212166624960 drain_beg 0 0 0 0 0 0
2011813545390345 137212166624960 drain_end 1 0 0 0 0 0
2011813545390505 137212166624960 take 70 0 0 0 0 0
2011813545391145 137212166624960 subm_beg 1 0 0 0 0 0
2011813545393055 137212166624960 submit 70 0 0 0 0 0
2011813545393115 137212166624960 subm_end 1 0 0 0 0 0
2011813545393235 137212166624960 pump_beg 1 0 0 0 0 0
2011813546218164 137212166624960 feedend 69 0 0 0 0 0
2011813546679068 137212166624960 feedend 69 1 0 0 0 0
2011813543660818 137212174624640 cliack 67 0 68 69 0 0
2011813543661078 137212174624640 ackregion 68 69 69 67 1 0
2011813545372455 137212174624640 msgin 70 22118400 0 0 0 0
2011813545373575 137212174624640 enq 70 1 0 0 0 0
2011813553648623 137212166624960 outfirst 69 0 65536 0 0 0
2011813561479837 137212166624960 outfirst 69 1 65536 0 0 0
2011813561568434 137212166624960 pump_end 1 2 0 0 0 0
2011813561568524 137212166624960 join_beg 1 0 0 0 0 0
2011813561568734 137212166624960 join_end 0 0 0 0 0 0
2011813561568984 137212166624960 book_beg 1 0 0 0 0 0
2011813561569384 137212166624960 batch 70 1 1 2 2 0
2011813561569444 137212166624960 book_end 1 0 0 0 0 0
2011813561569524 137212166624960 coll_beg 0 0 0 0 0 0
2011813562092305 137212166624960 coll_end 0 0 0 0 0 0
2011813562092495 137212166624960 rel_beg 1 0 0 0 0 0
2011813562092655 137212166624960 absorb 70 0 0 0 0 0
2011813562096005 137212166624960 rel_end 1 0 0 0 0 0
2011813562098844 137212166624960 wait_beg 0 0 0 0 0 0
2011813562158392 137212174624640 send 18 0 0 69 67 1
2011813562936614 137212174624640 send 663623 0 0 69 67 1
2011813563512603 137212174624640 send 568766 0 0 69 67 1
2011813563513843 137212174624640 send 14 0 0 69 67 1
2011813563514143 137212174624640 egress 70 1 0 67 0 0
2011813562107534 137212149839552 emit_beg 70 0 0 0 0 0
2011813562113134 137212149839552 dmg 0 1 0 0 2560 1440
2011813562113544 137212149839552 enc 69 69 1 -1 -1 0
2011813562200721 137212149839552 emit_end 70 0 0 0 0 0
2011813605469640 137212166624960 wait_end 0 0 0 0 0 0
2011813605475930 137212166624960 drain_beg 0 0 0 0 0 0
2011813605476680 137212166624960 drain_end 1 0 0 0 0 0
2011813605476990 137212166624960 take 71 0 0 0 0 0
2011813605477900 137212166624960 subm_beg 1 0 0 0 0 0
2011813605479570 137212166624960 submit 71 0 0 0 0 0
2011813605479710 137212166624960 subm_end 1 0 0 0 0 0
2011813605479750 137212166624960 pump_beg 1 0 0 0 0 0
2011813606375987 137212166624960 feedend 70 0 0 0 0 0
2011813606833741 137212166624960 feedend 70 1 0 0 0 0
2011813599457260 137212174624640 cliack 68 0 69 70 0 0
2011813599457390 137212174624640 ackregion 69 70 70 68 1 0
2011813605436162 137212174624640 msgin 71 22118400 0 0 0 0
2011813605438052 137212174624640 enq 71 1 0 0 0 0
2011813614634616 137212166624960 outfirst 70 0 65536 0 0 0
2011813624008293 137212166624960 outfirst 70 1 65536 0 0 0
2011813624126869 137212166624960 pump_end 1 2 0 0 0 0
2011813624127109 137212166624960 join_beg 1 0 0 0 0 0
2011813624127469 137212166624960 join_end 0 0 0 0 0 0
2011813624127549 137212166624960 book_beg 1 0 0 0 0 0
2011813624127739 137212166624960 batch 71 1 1 2 2 0
2011813624127769 137212166624960 book_end 1 0 0 0 0 0
2011813624127799 137212166624960 coll_beg 0 0 0 0 0 0
2011813624674549 137212166624960 coll_end 0 0 0 0 0 0
2011813624674599 137212166624960 rel_beg 1 0 0 0 0 0
2011813624674999 137212166624960 absorb 71 0 0 0 0 0
2011813624679869 137212166624960 rel_end 1 0 0 0 0 0
2011813624682119 137212166624960 wait_beg 0 0 0 0 0 0
2011813624727307 137212174624640 send 18 0 0 70 68 1
2011813625454791 137212174624640 send 917530 0 0 70 68 1
2011813626029320 137212174624640 send 776845 0 0 70 68 1
2011813626030699 137212174624640 send 14 0 0 70 68 1
2011813626031219 137212174624640 egress 71 1 0 68 0 0
2011813624689238 137212149839552 emit_beg 71 0 0 0 0 0
2011813624694188 137212149839552 dmg 0 1 0 0 2560 1440
2011813624694598 137212149839552 enc 70 70 1 -1 -1 0
2011813624800444 137212149839552 emit_end 71 0 0 0 0 0
2011813676365991 137212174624640 cliack 69 0 70 71 0 0
2011813676366451 137212174624640 ackregion 70 71 71 69 1 0
2011813682732579 137212166624960 wait_end 0 0 0 0 0 0
2011813682738038 137212166624960 drain_beg 0 0 0 0 0 0
2011813682738548 137212166624960 drain_end 1 0 0 0 0 0
2011813682738748 137212166624960 take 72 0 0 0 0 0
2011813682739238 137212166624960 subm_beg 1 0 0 0 0 0
2011813682740658 137212166624960 submit 72 0 0 0 0 0
2011813682740808 137212166624960 subm_end 1 0 0 0 0 0
2011813682740838 137212166624960 pump_beg 1 0 0 0 0 0
2011813683429133 137212166624960 feedend 71 0 0 0 0 0
2011813683856728 137212166624960 feedend 71 1 0 0 0 0
2011813682701520 137212174624640 msgin 72 22118400 0 0 0 0
2011813682703190 137212174624640 enq 72 1 0 0 0 0
2011813691461310 137212166624960 outfirst 71 0 65536 0 0 0
2011813700235369 137212166624960 outfirst 71 1 65536 0 0 0
2011813700339556 137212166624960 pump_end 1 2 0 0 0 0
2011813700339906 137212166624960 join_beg 1 0 0 0 0 0
2011813700340936 137212166624960 join_end 0 0 0 0 0 0
2011813700341025 137212166624960 book_beg 1 0 0 0 0 0
2011813700341365 137212166624960 batch 72 1 1 2 2 0
2011813700341545 137212166624960 book_end 1 0 0 0 0 0
2011813700345395 137212166624960 coll_beg 0 0 0 0 0 0
2011813700827368 137212166624960 coll_end 0 0 0 0 0 0
2011813700827428 137212166624960 rel_beg 1 0 0 0 0 0
2011813700828188 137212166624960 absorb 72 0 0 0 0 0
2011813700833528 137212166624960 rel_end 1 0 0 0 0 0
2011813700836107 137212166624960 wait_beg 0 0 0 0 0 0
2011813700883426 137212174624640 send 18 0 0 71 69 1
2011813701694766 137212174624640 send 840734 0 0 71 69 1
2011813702229606 137212174624640 send 724892 0 0 71 69 1
2011813702230886 137212174624640 send 14 0 0 71 69 1
2011813702231376 137212174624640 egress 72 1 0 69 0 0
2011813700845397 137212149839552 emit_beg 72 0 0 0 0 0
2011813700850557 137212149839552 dmg 0 1 0 0 2560 1440
2011813700850807 137212149839552 enc 71 71 1 -1 -1 0
2011813700948893 137212149839552 emit_end 72 0 0 0 0 0
2011813729549909 137212174624640 cliack 70 0 71 72 0 0
2011813729550199 137212174624640 ackregion 71 72 72 70 1 0
2011813732344097 137212166624960 wait_end 0 0 0 0 0 0
2011813732349146 137212166624960 drain_beg 0 0 0 0 0 0
2011813732350076 137212166624960 drain_end 1 0 0 0 0 0
2011813732350386 137212166624960 take 73 0 0 0 0 0
2011813732350986 137212166624960 subm_beg 1 0 0 0 0 0
2011813732352606 137212166624960 submit 73 0 0 0 0 0
2011813732352746 137212166624960 subm_end 1 0 0 0 0 0
2011813732352776 137212166624960 pump_beg 1 0 0 0 0 0
2011813733225794 137212166624960 feedend 72 0 0 0 0 0
2011813733675668 137212166624960 feedend 72 1 0 0 0 0
2011813732320878 137212174624640 msgin 73 22118400 0 0 0 0
2011813732322747 137212174624640 enq 73 1 0 0 0 0
2011813740978811 137212166624960 outfirst 72 0 65536 0 0 0
2011813746890855 137212166624960 outfirst 72 1 65536 0 0 0
2011813746973742 137212166624960 pump_end 1 2 0 0 0 0
2011813746974202 137212166624960 join_beg 1 0 0 0 0 0
2011813746975202 137212166624960 join_end 0 0 0 0 0 0
2011813746975482 137212166624960 book_beg 1 0 0 0 0 0
2011813746976402 137212166624960 batch 73 1 1 2 2 0
2011813746976482 137212166624960 book_end 1 0 0 0 0 0
2011813746976562 137212166624960 coll_beg 0 0 0 0 0 0
2011813747522982 137212166624960 coll_end 0 0 0 0 0 0
2011813747523122 137212166624960 rel_beg 1 0 0 0 0 0
2011813747523592 137212166624960 absorb 73 0 0 0 0 0
2011813747528542 137212166624960 rel_end 1 0 0 0 0 0
2011813747530792 137212166624960 wait_beg 0 0 0 0 0 0
2011813747567311 137212174624640 send 18 0 0 72 70 1
2011813748671130 137212174624640 send 787074 0 0 72 70 1
2011813749266669 137212174624640 send 528077 0 0 72 70 1
2011813749268999 137212174624640 send 14 0 0 72 70 1
2011813749270109 137212174624640 egress 73 1 0 70 0 0
2011813747537832 137212149839552 emit_beg 73 0 0 0 0 0
2011813747543231 137212149839552 dmg 0 1 0 0 2560 1440
2011813747543641 137212149839552 enc 72 72 1 -1 -1 0
2011813747632458 137212149839552 emit_end 73 0 0 0 0 0
2011813805878291 137212166624960 wait_end 0 0 0 0 0 0
2011813805883381 137212166624960 drain_beg 0 0 0 0 0 0
2011813805884171 137212166624960 drain_end 1 0 0 0 0 0
2011813805884511 137212166624960 take 74 0 0 0 0 0
2011813805885031 137212166624960 subm_beg 1 0 0 0 0 0
2011813805887231 137212166624960 submit 74 0 0 0 0 0
2011813805887371 137212166624960 subm_end 1 0 0 0 0 0
2011813805887411 137212166624960 pump_beg 1 0 0 0 0 0
2011813806621594 137212166624960 feedend 73 0 0 0 0 0
2011813807057618 137212166624960 feedend 73 1 0 0 0 0
2011813802865181 137212174624640 cliack 71 0 72 73 0 0
2011813802865941 137212174624640 ackregion 72 73 73 71 1 0
2011813805852902 137212174624640 msgin 74 22118400 0 0 0 0
2011813805855272 137212174624640 enq 74 1 0 0 0 0
2011813814858203 137212166624960 outfirst 73 0 65536 0 0 0
2011813824204322 137212166624960 outfirst 73 1 65536 0 0 0
2011813824318548 137212166624960 pump_end 1 2 0 0 0 0
2011813824319148 137212166624960 join_beg 1 0 0 0 0 0
2011813824319368 137212166624960 join_end 0 0 0 0 0 0
2011813824319628 137212166624960 book_beg 1 0 0 0 0 0
2011813824320298 137212166624960 batch 74 1 1 2 2 0
2011813824320458 137212166624960 book_end 1 0 0 0 0 0
2011813824320618 137212166624960 coll_beg 0 0 0 0 0 0
2011813825015292 137212166624960 coll_end 0 0 0 0 0 0
2011813825015382 137212166624960 rel_beg 1 0 0 0 0 0
2011813825015822 137212166624960 absorb 74 0 0 0 0 0
2011813825022512 137212166624960 rel_end 1 0 0 0 0 0
2011813825024462 137212166624960 wait_beg 0 0 0 0 0 0
2011813825093539 137212174624640 send 18 0 0 73 71 1
2011813825852922 137212174624640 send 890734 0 0 73 71 1
2011813826439190 137212174624640 send 757184 0 0 73 71 1
2011813826440710 137212174624640 send 14 0 0 73 71 1
2011813826441190 137212174624640 egress 74 1 0 71 0 0
2011813825031402 137212149839552 emit_beg 74 0 0 0 0 0
2011813825035771 137212149839552 dmg 0 1 0 0 2560 1440
2011813825035981 137212149839552 enc 73 73 1 -1 -1 0
2011813825145587 137212149839552 emit_end 74 0 0 0 0 0
2011813870416604 137212174624640 cliack 72 0 73 74 0 0
2011813870417344 137212174624640 ackregion 73 74 74 72 1 0
2011813876441884 137212166624960 wait_end 0 0 0 0 0 0
2011813876446694 137212166624960 drain_beg 0 0 0 0 0 0
2011813876447684 137212166624960 drain_end 1 0 0 0 0 0
2011813876447884 137212166624960 take 75 0 0 0 0 0
2011813876448564 137212166624960 subm_beg 1 0 0 0 0 0
2011813876450334 137212166624960 submit 75 0 0 0 0 0
2011813876450484 137212166624960 subm_end 1 0 0 0 0 0
2011813876450573 137212166624960 pump_beg 1 0 0 0 0 0
2011813877199156 137212166624960 feedend 74 0 0 0 0 0
2011813877637890 137212166624960 feedend 74 1 0 0 0 0
2011813876410275 137212174624640 msgin 75 22118400 0 0 0 0
2011813876411645 137212174624640 enq 75 1 0 0 0 0
2011813885280761 137212166624960 outfirst 74 0 65536 0 0 0
2011813892925552 137212166624960 outfirst 74 1 65536 0 0 0
2011813893014609 137212166624960 pump_end 1 2 0 0 0 0
2011813893015129 137212166624960 join_beg 1 0 0 0 0 0
2011813893016199 137212166624960 join_end 0 0 0 0 0 0
2011813893016379 137212166624960 book_beg 1 0 0 0 0 0
2011813893017329 137212166624960 batch 75 1 1 2 2 0
2011813893017489 137212166624960 book_end 1 0 0 0 0 0
2011813893017629 137212166624960 coll_beg 0 0 0 0 0 0
2011813893542879 137212166624960 coll_end 0 0 0 0 0 0
2011813893543039 137212166624960 rel_beg 1 0 0 0 0 0
2011813893543609 137212166624960 absorb 75 0 0 0 0 0
2011813893549819 137212166624960 rel_end 1 0 0 0 0 0
2011813893552509 137212166624960 wait_beg 0 0 0 0 0 0
2011813893600877 137212174624640 send 18 0 0 74 72 1
2011813894348900 137212174624640 send 797341 0 0 74 72 1
2011813894797953 137212174624640 send 612380 0 0 74 72 1
2011813894799493 137212174624640 send 14 0 0 74 72 1
2011813894800053 137212174624640 egress 75 1 0 72 0 0
2011813893562129 137212149839552 emit_beg 75 0 0 0 0 0
2011813893567098 137212149839552 dmg 0 1 0 0 2560 1440
2011813893567358 137212149839552 enc 74 74 1 -1 -1 0
2011813893656345 137212149839552 emit_end 75 0 0 0 0 0
2011813927237989 137212174624640 cliack 73 0 74 75 0 0
2011813927238219 137212174624640 ackregion 74 75 75 73 1 0
2011813932136140 137212166624960 wait_end 0 0 0 0 0 0
2011813932139720 137212166624960 drain_beg 0 0 0 0 0 0
2011813932140220 137212166624960 drain_end 1 0 0 0 0 0
2011813932140470 137212166624960 take 76 0 0 0 0 0
2011813932140810 137212166624960 subm_beg 1 0 0 0 0 0
2011813932141950 137212166624960 submit 76 0 0 0 0 0
2011813932142100 137212166624960 subm_end 1 0 0 0 0 0
2011813932142180 137212166624960 pump_beg 1 0 0 0 0 0
2011813932890082 137212166624960 feedend 75 0 0 0 0 0
2011813933359235 137212166624960 feedend 75 1 0 0 0 0
2011813932110581 137212174624640 msgin 76 22118400 0 0 0 0
2011813932111011 137212174624640 enq 76 1 0 0 0 0
2011813941464419 137212166624960 outfirst 75 0 65536 0 0 0
2011813950135672 137212166624960 outfirst 75 1 65536 0 0 0
2011813950281077 137212166624960 pump_end 1 2 0 0 0 0
2011813950281637 137212166624960 join_beg 1 0 0 0 0 0
2011813950282207 137212166624960 join_end 0 0 0 0 0 0
2011813950282327 137212166624960 book_beg 1 0 0 0 0 0
2011813950283807 137212166624960 batch 76 1 1 2 2 0
2011813950283867 137212166624960 book_end 1 0 0 0 0 0
2011813950283937 137212166624960 coll_beg 0 0 0 0 0 0
2011813951007801 137212166624960 coll_end 0 0 0 0 0 0
2011813951007970 137212166624960 rel_beg 1 0 0 0 0 0
2011813951008370 137212166624960 absorb 76 0 0 0 0 0
2011813951029290 137212166624960 rel_end 1 0 0 0 0 0
2011813951034750 137212166624960 wait_beg 0 0 0 0 0 0
2011813951110657 137212174624640 send 18 0 0 75 73 1
2011813951046219 137212149839552 emit_beg 76 0 0 0 0 0
2011813951052999 137212149839552 dmg 0 1 0 0 2560 1440
2011813951053319 137212149839552 enc 75 75 1 -1 -1 0
2011813951192004 137212149839552 emit_end 76 0 0 0 0 0
2011813951864319 137212174624640 send 863771 0 0 75 73 1
2011813952371891 137212174624640 send 706052 0 0 75 73 1
2011813952373381 137212174624640 send 14 0 0 75 73 1
2011813952373721 137212174624640 egress 76 1 0 73 0 0
2011814001140110 137212166624960 wait_end 0 0 0 0 0 0
2011814001143799 137212166624960 drain_beg 0 0 0 0 0 0
2011814001144409 137212166624960 drain_end 1 0 0 0 0 0
2011814001144749 137212166624960 take 77 0 0 0 0 0
2011814001145289 137212166624960 subm_beg 1 0 0 0 0 0
2011814001146979 137212166624960 submit 77 0 0 0 0 0
2011814001147129 137212166624960 subm_end 1 0 0 0 0 0
2011814001147179 137212166624960 pump_beg 1 0 0 0 0 0
2011813998865273 137212174624640 cliack 74 0 75 76 0 0
2011813998865823 137212174624640 ackregion 75 76 76 74 1 0
2011814001122860 137212174624640 msgin 77 22118400 0 0 0 0
2011814001123840 137212174624640 enq 77 1 0 0 0 0
2011814001879783 137212166624960 feedend 76 0 0 0 0 0
2011814002270398 137212166624960 feedend 76 1 0 0 0 0
2011814008992383 137212166624960 outfirst 76 0 65536 0 0 0
2011814016584535 137212166624960 outfirst 76 1 65536 0 0 0
2011814016703951 137212166624960 pump_end 1 2 0 0 0 0
2011814016704321 137212166624960 join_beg 1 0 0 0 0 0
2011814016705311 137212166624960 join_end 0 0 0 0 0 0
2011814016705531 137212166624960 book_beg 1 0 0 0 0 0
2011814016705901 137212166624960 batch 77 1 1 2 2 0
2011814016705941 137212166624960 book_end 1 0 0 0 0 0
2011814016705981 137212166624960 coll_beg 0 0 0 0 0 0
2011814017290630 137212166624960 coll_end 0 0 0 0 0 0
2011814017290780 137212166624960 rel_beg 1 0 0 0 0 0
2011814017291070 137212166624960 absorb 77 0 0 0 0 0
2011814017295389 137212166624960 rel_end 1 0 0 0 0 0
2011814017299609 137212166624960 wait_beg 0 0 0 0 0 0
2011814017360467 137212174624640 send 18 0 0 76 74 1
2011814017898087 137212174624640 send 704803 0 0 76 74 1
2011814018332602 137212174624640 send 593085 0 0 76 74 1
2011814018333872 137212174624640 send 14 0 0 76 74 1
2011814018334222 137212174624640 egress 77 1 0 74 0 0
2011814017311979 137212149839552 emit_beg 77 0 0 0 0 0
2011814017320319 137212149839552 dmg 0 1 0 0 2560 1440
2011814017320499 137212149839552 enc 76 76 1 -1 -1 0
2011814017422635 137212149839552 emit_end 77 0 0 0 0 0
2011814059355843 137212174624640 cliack 75 0 76 77 0 0
2011814059356143 137212174624640 ackregion 76 77 77 75 1 0
2011814063207773 137212166624960 wait_end 0 0 0 0 0 0
2011814063210273 137212166624960 drain_beg 0 0 0 0 0 0
2011814063210733 137212166624960 drain_end 1 0 0 0 0 0
2011814063211023 137212166624960 take 78 0 0 0 0 0
2011814063211473 137212166624960 subm_beg 1 0 0 0 0 0
2011814063212523 137212166624960 submit 78 0 0 0 0 0
2011814063212593 137212166624960 subm_end 1 0 0 0 0 0
2011814063212643 137212166624960 pump_beg 1 0 0 0 0 0
2011814063939126 137212166624960 feedend 77 0 0 0 0 0
2011814064320362 137212166624960 feedend 77 1 0 0 0 0
2011814063192193 137212174624640 msgin 78 22118400 0 0 0 0
2011814063193163 137212174624640 enq 78 1 0 0 0 0
2011814072469574 137212166624960 outfirst 77 0 65536 0 0 0
2011814081453396 137212166624960 outfirst 77 1 65536 0 0 0
2011814081578272 137212166624960 pump_end 1 2 0 0 0 0
2011814081578642 137212166624960 join_beg 1 0 0 0 0 0
2011814081579592 137212166624960 join_end 0 0 0 0 0 0
2011814081579682 137212166624960 book_beg 1 0 0 0 0 0
2011814081580002 137212166624960 batch 78 1 1 2 2 0
2011814081580042 137212166624960 book_end 1 0 0 0 0 0
2011814081580082 137212166624960 coll_beg 0 0 0 0 0 0
2011814082069874 137212166624960 coll_end 0 0 0 0 0 0
2011814082069924 137212166624960 rel_beg 1 0 0 0 0 0
2011814082070184 137212166624960 absorb 78 0 0 0 0 0
2011814082073514 137212166624960 rel_end 1 0 0 0 0 0
2011814082075904 137212166624960 wait_beg 0 0 0 0 0 0
2011814082156611 137212174624640 send 18 0 0 77 75 1
2011814082095853 137212149839552 emit_beg 78 0 0 0 0 0
2011814082101903 137212149839552 dmg 0 1 0 0 2560 1440
2011814082102163 137212149839552 enc 77 77 1 -1 -1 0
2011814082224018 137212149839552 emit_end 78 0 0 0 0 0
2011814082831826 137212174624640 send 884964 0 0 77 75 1
2011814083364077 137212174624640 send 742346 0 0 77 75 1
2011814083368696 137212174624640 send 14 0 0 77 75 1
2011814083368986 137212174624640 egress 78 1 0 75 0 0
2011814128720830 137212166624960 wait_end 0 0 0 0 0 0
2011814128724630 137212166624960 drain_beg 0 0 0 0 0 0
2011814128725140 137212166624960 drain_end 1 0 0 0 0 0
2011814128725320 137212166624960 take 79 0 0 0 0 0
2011814128725750 137212166624960 subm_beg 1 0 0 0 0 0
2011814128726670 137212166624960 submit 79 0 0 0 0 0
2011814128726760 137212166624960 subm_end 1 0 0 0 0 0
2011814128726870 137212166624960 pump_beg 1 0 0 0 0 0
2011814129603818 137212166624960 feedend 78 0 0 0 0 0
2011814130055621 137212166624960 feedend 78 1 0 0 0 0
2011814127148698 137212174624640 cliack 76 0 77 78 0 0
2011814127149128 137212174624640 ackregion 77 78 78 76 1 0
2011814128695501 137212174624640 msgin 79 22118400 0 0 0 0
2011814128697061 137212174624640 enq 79 1 0 0 0 0
2011814137047316 137212166624960 outfirst 78 0 65536 0 0 0
2011814144623499 137212166624960 outfirst 78 1 65536 0 0 0
2011814144720856 137212166624960 pump_end 1 2 0 0 0 0
2011814144720946 137212166624960 join_beg 1 0 0 0 0 0
2011814144721786 137212166624960 join_end 0 0 0 0 0 0
2011814144722106 137212166624960 book_beg 1 0 0 0 0 0
2011814144722456 137212166624960 batch 79 1 1 2 2 0
2011814144722516 137212166624960 book_end 1 0 0 0 0 0
2011814144722566 137212166624960 coll_beg 0 0 0 0 0 0
2011814145283165 137212166624960 coll_end 0 0 0 0 0 0
2011814145283305 137212166624960 rel_beg 1 0 0 0 0 0
2011814145290745 137212166624960 absorb 79 0 0 0 0 0
2011814145294895 137212166624960 rel_end 1 0 0 0 0 0
2011814145297275 137212166624960 wait_beg 0 0 0 0 0 0
2011814145371992 137212174624640 send 18 0 0 78 76 1
2011814145906972 137212174624640 send 712775 0 0 78 76 1
2011814146341036 137212174624640 send 603684 0 0 78 76 1
2011814146342436 137212174624640 send 14 0 0 78 76 1
2011814146342616 137212174624640 egress 79 1 0 76 0 0
2011814145306414 137212149839552 emit_beg 79 0 0 0 0 0
2011814145314224 137212149839552 dmg 0 1 0 0 2560 1440
2011814145314554 137212149839552 enc 78 78 1 -1 -1 0
2011814145404041 137212149839552 emit_end 79 0 0 0 0 0
2011814186871606 137212166624960 wait_end 0 0 0 0 0 0
2011814186874096 137212166624960 drain_beg 0 0 0 0 0 0
2011814186874536 137212166624960 drain_end 1 0 0 0 0 0
2011814186874826 137212166624960 take 80 0 0 0 0 0
2011814186875286 137212166624960 subm_beg 1 0 0 0 0 0
2011814186876496 137212166624960 submit 80 0 0 0 0 0
2011814186876656 137212166624960 subm_end 1 0 0 0 0 0
2011814186876686 137212166624960 pump_beg 1 0 0 0 0 0
2011814187620649 137212166624960 feedend 79 0 0 0 0 0
2011814187914738 137212166624960 feedend 79 1 0 0 0 0
2011814183338995 137212174624640 cliack 77 0 78 79 0 0
2011814183339115 137212174624640 ackregion 78 79 79 77 1 0
2011814186852597 137212174624640 msgin 80 22118400 0 0 0 0
2011814186853257 137212174624640 enq 80 1 0 0 0 0
2011814194869404 137212166624960 outfirst 79 0 65536 0 0 0
2011814203050645 137212166624960 outfirst 79 1 65536 0 0 0
2011814203173111 137212166624960 pump_end 1 2 0 0 0 0
2011814203173761 137212166624960 join_beg 1 0 0 0 0 0
2011814203175031 137212166624960 join_end 0 0 0 0 0 0
2011814203175481 137212166624960 book_beg 1 0 0 0 0 0
2011814203176481 137212166624960 batch 80 1 1 2 2 0
2011814203176501 137212166624960 book_end 1 0 0 0 0 0
2011814203176541 137212166624960 coll_beg 0 0 0 0 0 0
2011814203581626 137212166624960 coll_end 0 0 0 0 0 0
2011814203581826 137212166624960 rel_beg 1 0 0 0 0 0
2011814203582456 137212166624960 absorb 80 0 0 0 0 0
2011814203588876 137212166624960 rel_end 1 0 0 0 0 0
2011814203591976 137212166624960 wait_beg 0 0 0 0 0 0
2011814203676033 137212174624640 send 18 0 0 79 77 1
2011814204356858 137212174624640 send 661603 0 0 79 77 1
2011814204793992 137212174624640 send 575859 0 0 79 77 1
2011814204795482 137212174624640 send 14 0 0 79 77 1
2011814204796182 137212174624640 egress 80 1 0 77 0 0
2011814203602335 137212149839552 emit_beg 80 0 0 0 0 0
2011814203607455 137212149839552 dmg 0 1 0 0 2560 1440
2011814203607795 137212149839552 enc 79 79 1 -1 -1 0
2011814203709041 137212149839552 emit_end 80 0 0 0 0 0
2011814256284081 137212166624960 wait_end 0 0 0 0 0 0
2011814256287521 137212166624960 drain_beg 0 0 0 0 0 0
2011814256288101 137212166624960 drain_end 1 0 0 0 0 0
2011814256288451 137212166624960 take 81 0 0 0 0 0
2011814256289041 137212166624960 subm_beg 1 0 0 0 0 0
2011814256290601 137212166624960 submit 81 0 0 0 0 0
2011814256290761 137212166624960 subm_end 1 0 0 0 0 0
2011814256290811 137212166624960 pump_beg 1 0 0 0 0 0
2011814257067093 137212166624960 feedend 80 0 0 0 0 0
2011814257271995 137212166624960 feedend 80 1 0 0 0 0
2011814253792452 137212174624640 cliack 78 0 79 80 0 0
2011814253793272 137212174624640 ackregion 79 80 80 78 1 0
2011814256268462 137212174624640 msgin 81 22118400 0 0 0 0
2011814256270052 137212174624640 enq 81 1 0 0 0 0
2011814265089679 137212166624960 outfirst 80 0 65536 0 0 0
2011814272640554 137212166624960 outfirst 80 1 65536 0 0 0
2011814272794988 137212166624960 pump_end 1 2 0 0 0 0
2011814272795738 137212166624960 join_beg 1 0 0 0 0 0
2011814272797018 137212166624960 join_end 0 0 0 0 0 0
2011814272797138 137212166624960 book_beg 1 0 0 0 0 0
2011814272797808 137212166624960 batch 81 1 1 2 2 0
2011814272797888 137212166624960 book_end 1 0 0 0 0 0
2011814272797958 137212166624960 coll_beg 0 0 0 0 0 0
2011814273412006 137212166624960 coll_end 0 0 0 0 0 0
2011814273412056 137212166624960 rel_beg 1 0 0 0 0 0
2011814273412426 137212166624960 absorb 81 0 0 0 0 0
2011814273418445 137212166624960 rel_end 1 0 0 0 0 0
2011814273420665 137212166624960 wait_beg 0 0 0 0 0 0
2011814273498042 137212174624640 send 18 0 0 80 78 1
2011814273431755 137212149839552 emit_beg 81 0 0 0 0 0
2011814273436715 137212149839552 dmg 0 1 0 0 2560 1440
2011814273436975 137212149839552 enc 80 80 1 -1 -1 0
2011814274222026 137212174624640 send 818070 0 0 80 78 1
2011814274657630 137212174624640 send 621369 0 0 80 78 1
2011814274659060 137212174624640 send 14 0 0 80 78 1
2011814274659610 137212174624640 egress 81 1 0 78 0 0
2011814273540611 137212149839552 emit_end 81 0 0 0 0 0
2011814310716133 137212174624640 cliack 79 0 80 81 0 0
2011814310716323 137212174624640 ackregion 80 81 81 79 1 0
2011814317133769 137212166624960 wait_end 0 0 0 0 0 0
2011814317137859 137212166624960 drain_beg 0 0 0 0 0 0
2011814317138459 137212166624960 drain_end 1 0 0 0 0 0
2011814317138769 137212166624960 take 82 0 0 0 0 0
2011814317139309 137212166624960 subm_beg 1 0 0 0 0 0
2011814317140838 137212166624960 submit 82 0 0 0 0 0
2011814317140998 137212166624960 subm_end 1 0 0 0 0 0
2011814317141038 137212166624960 pump_beg 1 0 0 0 0 0
2011814317841333 137212166624960 feedend 81 0 0 0 0 0
2011814318294626 137212166624960 feedend 81 1 0 0 0 0
2011814317109180 137212174624640 msgin 82 22118400 0 0 0 0
2011814317111860 137212174624640 enq 82 1 0 0 0 0
2011814325622909 137212166624960 outfirst 81 0 65536 0 0 0
2011814334471066 137212166624960 outfirst 81 1 65536 0 0 0
2011814334577772 137212166624960 pump_end 1 2 0 0 0 0
2011814334578212 137212166624960 join_beg 1 0 0 0 0 0
2011814334578432 137212166624960 join_end 0 0 0 0 0 0
2011814334578502 137212166624960 book_beg 1 0 0 0 0 0
2011814334579012 137212166624960 batch 82 1 1 2 2 0
2011814334579152 137212166624960 book_end 1 0 0 0 0 0
2011814334579292 137212166624960 coll_beg 0 0 0 0 0 0
2011814335033515 137212166624960 coll_end 0 0 0 0 0 0
2011814335033675 137212166624960 rel_beg 1 0 0 0 0 0
2011814335034025 137212166624960 absorb 82 0 0 0 0 0
2011814335037845 137212166624960 rel_end 1 0 0 0 0 0
2011814335039565 137212166624960 wait_beg 0 0 0 0 0 0
2011814335103402 137212174624640 send 18 0 0 81 79 1
2011814336117595 137212174624640 send 821836 0 0 81 79 1
2011814336747492 137212174624640 send 739705 0 0 81 79 1
2011814336748802 137212174624640 send 14 0 0 81 79 1
2011814336749352 137212174624640 egress 82 1 0 79 0 0
2011814335063214 137212149839552 emit_beg 82 0 0 0 0 0
2011814335067774 137212149839552 dmg 0 1 0 0 2560 1440
2011814335068124 137212149839552 enc 81 81 1 -1 -1 0
2011814335184210 137212149839552 emit_end 82 0 0 0 0 0
2011814363975098 137212174624640 cliack 80 0 81 82 0 0
2011814363975228 137212174624640 ackregion 81 82 82 80 1 0
2011814365890818 137212166624960 wait_end 0 0 0 0 0 0
2011814365895298 137212166624960 drain_beg 0 0 0 0 0 0
2011814365896228 137212166624960 drain_end 1 0 0 0 0 0
2011814365896578 137212166624960 take 83 0 0 0 0 0
2011814365897498 137212166624960 subm_beg 1 0 0 0 0 0
2011814365899098 137212166624960 submit 83 0 0 0 0 0
2011814365899278 137212166624960 subm_end 1 0 0 0 0 0
2011814365899358 137212166624960 pump_beg 1 0 0 0 0 0
2011814366796205 137212166624960 feedend 82 0 0 0 0 0
2011814367203600 137212166624960 feedend 82 1 0 0 0 0
2011814365862169 137212174624640 msgin 83 22118400 0 0 0 0
2011814365863749 137212174624640 enq 83 1 0 0 0 0
2011814374499694 137212166624960 outfirst 82 0 65536 0 0 0
2011814382892307 137212166624960 outfirst 82 1 65536 0 0 0
2011814383013203 137212166624960 pump_end 1 2 0 0 0 0
2011814383014013 137212166624960 join_beg 1 0 0 0 0 0
2011814383014213 137212166624960 join_end 0 0 0 0 0 0
2011814383014403 137212166624960 book_beg 1 0 0 0 0 0
2011814383014683 137212166624960 batch 83 1 1 2 2 0
2011814383014743 137212166624960 book_end 1 0 0 0 0 0
2011814383014813 137212166624960 coll_beg 0 0 0 0 0 0
2011814383580402 137212166624960 coll_end 0 0 0 0 0 0
2011814383580452 137212166624960 rel_beg 1 0 0 0 0 0
2011814383580812 137212166624960 absorb 83 0 0 0 0 0
2011814383584712 137212166624960 rel_end 1 0 0 0 0 0
2011814383585972 137212166624960 wait_beg 0 0 0 0 0 0
2011814383639680 137212174624640 send 18 0 0 82 80 1
2011814383613131 137212149839552 emit_beg 83 0 0 0 0 0
2011814383615221 137212149839552 dmg 0 1 0 0 2560 1440
2011814383615481 137212149839552 enc 82 82 1 -1 -1 0
2011814383730146 137212149839552 emit_end 83 0 0 0 0 0
2011814384538747 137212174624640 send 805862 0 0 82 80 1
2011814385093957 137212174624640 send 689683 0 0 82 80 1
2011814385097366 137212174624640 send 14 0 0 82 80 1
2011814385098216 137212174624640 egress 83 1 0 80 0 0
2011814428063837 137212166624960 wait_end 0 0 0 0 0 0
2011814428068117 137212166624960 drain_beg 0 0 0 0 0 0
2011814428068607 137212166624960 drain_end 1 0 0 0 0 0
2011814428068997 137212166624960 take 84 0 0 0 0 0
2011814428069697 137212166624960 subm_beg 1 0 0 0 0 0
2011814428071407 137212166624960 submit 84 0 0 0 0 0
2011814428071487 137212166624960 subm_end 1 0 0 0 0 0
2011814428071557 137212166624960 pump_beg 1 0 0 0 0 0
2011814428867988 137212166624960 feedend 83 0 0 0 0 0
2011814428979544 137212166624960 feedend 83 1 0 0 0 0
2011814426203185 137212174624640 cliack 81 0 82 83 0 0
2011814426203955 137212174624640 ackregion 82 83 83 81 1 0
2011814428046408 137212174624640 msgin 84 22118400 0 0 0 0
2011814428048018 137212174624640 enq 84 1 0 0 0 0
2011814437096637 137212166624960 outfirst 83 0 65536 0 0 0
2011814445388055 137212166624960 outfirst 83 1 65536 0 0 0
2011814445507510 137212166624960 pump_end 1 2 0 0 0 0
2011814445508210 137212166624960 join_beg 1 0 0 0 0 0
2011814445509720 137212166624960 join_end 0 0 0 0 0 0
2011814445509840 137212166624960 book_beg 1 0 0 0 0 0
2011814445510700 137212166624960 batch 84 1 1 2 2 0
2011814445510760 137212166624960 book_end 1 0 0 0 0 0
2011814445510840 137212166624960 coll_beg 0 0 0 0 0 0
2011814446150027 137212166624960 coll_end 0 0 0 0 0 0
2011814446150097 137212166624960 rel_beg 1 0 0 0 0 0
2011814446151207 137212166624960 absorb 84 0 0 0 0 0
2011814446158896 137212166624960 rel_end 1 0 0 0 0 0
2011814446162136 137212166624960 wait_beg 0 0 0 0 0 0
2011814446243793 137212174624640 send 18 0 0 83 81 1
2011814446824252 137212174624640 send 792229 0 0 83 81 1
2011814447465389 137212174624640 send 673331 0 0 83 81 1
2011814447467759 137212174624640 send 14 0 0 83 81 1
2011814447468389 137212174624640 egress 84 1 0 81 0 0
2011814446169166 137212149839552 emit_beg 84 0 0 0 0 0
2011814446174196 137212149839552 dmg 0 1 0 0 2560 1440
2011814446174426 137212149839552 enc 83 83 1 -1 -1 0
2011814446264463 137212149839552 emit_end 84 0 0 0 0 0
2011814493727349 137212174624640 cliack 82 0 83 84 0 0
2011814493727499 137212174624640 ackregion 83 84 84 82 1 0
2011814499385152 137212166624960 wait_end 0 0 0 0 0 0
2011814499390532 137212166624960 drain_beg 0 0 0 0 0 0
2011814499391292 137212166624960 drain_end 1 0 0 0 0 0
2011814499391592 137212166624960 take 85 0 0 0 0 0
2011814499392302 137212166624960 subm_beg 1 0 0 0 0 0
2011814499394232 137212166624960 submit 85 0 0 0 0 0
2011814499394402 137212166624960 subm_end 1 0 0 0 0 0
2011814499394482 137212166624960 pump_beg 1 0 0 0 0 0
2011814500162074 137212166624960 feedend 84 0 0 0 0 0
2011814500537170 137212166624960 feedend 84 1 0 0 0 0
2011814499348894 137212174624640 msgin 85 22118400 0 0 0 0
2011814499350974 137212174624640 enq 85 1 0 0 0 0
2011814508156622 137212166624960 outfirst 84 0 65536 0 0 0
2011814515358029 137212166624960 outfirst 84 1 65536 0 0 0
2011814515457355 137212166624960 pump_end 1 2 0 0 0 0
2011814515457675 137212166624960 join_beg 1 0 0 0 0 0
2011814515458055 137212166624960 join_end 0 0 0 0 0 0
2011814515458155 137212166624960 book_beg 1 0 0 0 0 0
2011814515458915 137212166624960 batch 85 1 1 2 2 0
2011814515459055 137212166624960 book_end 1 0 0 0 0 0
2011814515459205 137212166624960 coll_beg 0 0 0 0 0 0
2011814515849671 137212166624960 coll_end 0 0 0 0 0 0
2011814515849781 137212166624960 rel_beg 1 0 0 0 0 0
2011814515850301 137212166624960 absorb 85 0 0 0 0 0
2011814515855311 137212166624960 rel_end 1 0 0 0 0 0
2011814515857451 137212166624960 wait_beg 0 0 0 0 0 0
2011814515902689 137212174624640 send 18 0 0 84 82 1
2011814516505207 137212174624640 send 764970 0 0 84 82 1
2011814516931802 137212174624640 send 578866 0 0 84 82 1
2011814516933022 137212174624640 send 14 0 0 84 82 1
2011814516933542 137212174624640 egress 85 1 0 82 0 0
2011814515863881 137212149839552 emit_beg 85 0 0 0 0 0
2011814515867561 137212149839552 dmg 0 1 0 0 2560 1440
2011814515868161 137212149839552 enc 84 84 1 -1 -1 0
2011814515954117 137212149839552 emit_end 85 0 0 0 0 0
2011814565228578 137212166624960 wait_end 0 0 0 0 0 0
2011814565234607 137212166624960 drain_beg 0 0 0 0 0 0
2011814565235387 137212166624960 drain_end 1 0 0 0 0 0
2011814565235597 137212166624960 take 86 0 0 0 0 0
2011814565236317 137212166624960 subm_beg 1 0 0 0 0 0
2011814565238147 137212166624960 submit 86 0 0 0 0 0
2011814565238377 137212166624960 subm_end 1 0 0 0 0 0
2011814565238437 137212166624960 pump_beg 1 0 0 0 0 0
2011814558308800 137212174624640 cliack 83 0 84 85 0 0
2011814558309160 137212174624640 ackregion 84 85 85 83 1 0
2011814565195929 137212174624640 msgin 86 22118400 0 0 0 0
2011814565197999 137212174624640 enq 86 1 0 0 0 0
2011814565898283 137212166624960 feedend 85 0 0 0 0 0
2011814566366806 137212166624960 feedend 85 1 0 0 0 0
2011814573593482 137212166624960 outfirst 85 0 65536 0 0 0
2011814582134160 137212166624960 outfirst 85 1 65536 0 0 0
2011814582227177 137212166624960 pump_end 1 2 0 0 0 0
2011814582227357 137212166624960 join_beg 1 0 0 0 0 0
2011814582227677 137212166624960 join_end 0 0 0 0 0 0
2011814582227897 137212166624960 book_beg 1 0 0 0 0 0
2011814582228517 137212166624960 batch 86 1 1 2 2 0
2011814582228547 137212166624960 book_end 1 0 0 0 0 0
2011814582228587 137212166624960 coll_beg 0 0 0 0 0 0
2011814582791616 137212166624960 coll_end 0 0 0 0 0 0
2011814582791686 137212166624960 rel_beg 1 0 0 0 0 0
2011814582792196 137212166624960 absorb 86 0 0 0 0 0
2011814582798126 137212166624960 rel_end 1 0 0 0 0 0
2011814582801246 137212166624960 wait_beg 0 0 0 0 0 0
2011814582856944 137212174624640 send 18 0 0 85 83 1
2011814583702143 137212174624640 send 794659 0 0 85 83 1
2011814584204445 137212174624640 send 679352 0 0 85 83 1
2011814584205905 137212174624640 send 14 0 0 85 83 1
2011814584206495 137212174624640 egress 86 1 0 83 0 0
2011814582821115 137212149839552 emit_beg 86 0 0 0 0 0
2011814582825115 137212149839552 dmg 0 1 0 0 2560 1440
2011814582825505 137212149839552 enc 85 85 1 -1 -1 0
2011814582932771 137212149839552 emit_end 86 0 0 0 0 0
2011814621533711 137212174624640 cliack 84 0 85 86 0 0
2011814621534001 137212174624640 ackregion 85 86 86 84 1 0
2011814627794593 137212166624960 wait_end 0 0 0 0 0 0
2011814627799822 137212166624960 drain_beg 0 0 0 0 0 0
2011814627800382 137212166624960 drain_end 1 0 0 0 0 0
2011814627800562 137212166624960 take 87 0 0 0 0 0
2011814627801122 137212166624960 subm_beg 1 0 0 0 0 0
2011814627802782 137212166624960 submit 87 0 0 0 0 0
2011814627802842 137212166624960 subm_end 1 0 0 0 0 0
2011814627802962 137212166624960 pump_beg 1 0 0 0 0 0
2011814628627962 137212166624960 feedend 86 0 0 0 0 0
2011814629012918 137212166624960 feedend 86 1 0 0 0 0
2011814627757694 137212174624640 msgin 87 22118400 0 0 0 0
2011814627760394 137212174624640 enq 87 1 0 0 0 0
2011814635868208 137212166624960 outfirst 86 0 65536 0 0 0
2011814643673773 137212166624960 outfirst 86 1 65536 0 0 0
2011814643758160 137212166624960 pump_end 1 2 0 0 0 0
2011814643758920 137212166624960 join_beg 1 0 0 0 0 0
2011814643759750 137212166624960 join_end 0 0 0 0 0 0
2011814643759810 137212166624960 book_beg 1 0 0 0 0 0
2011814643760559 137212166624960 batch 87 1 1 2 2 0
2011814643760619 137212166624960 book_end 1 0 0 0 0 0
2011814643760689 137212166624960 coll_beg 0 0 0 0 0 0
2011814644272691 137212166624960 coll_end 0 0 0 0 0 0
2011814644272771 137212166624960 rel_beg 1 0 0 0 0 0
2011814644273581 137212166624960 absorb 87 0 0 0 0 0
2011814644279311 137212166624960 rel_end 1 0 0 0 0 0
2011814644282820 137212166624960 wait_beg 0 0 0 0 0 0
2011814644348438 137212174624640 send 18 0 0 86 84 1
2011814644867029 137212174624640 send 658949 0 0 86 84 1
2011814645265495 137212174624640 send 547256 0 0 86 84 1
2011814645266995 137212174624640 send 14 0 0 86 84 1
2011814645267515 137212174624640 egress 87 1 0 84 0 0
2011814644303330 137212149839552 emit_beg 87 0 0 0 0 0
2011814644308020 137212149839552 dmg 0 1 0 0 2560 1440
2011814644308340 137212149839552 enc 86 86 1 -1 -1 0
2011814644398246 137212149839552 emit_end 87 0 0 0 0 0
2011814682353230 137212166624960 wait_end 0 0 0 0 0 0
2011814682354940 137212166624960 drain_beg 0 0 0 0 0 0
2011814682355230 137212166624960 drain_end 1 0 0 0 0 0
2011814682355460 137212166624960 take 88 0 0 0 0 0
2011814682356000 137212166624960 subm_beg 1 0 0 0 0 0
2011814682356870 137212166624960 submit 88 0 0 0 0 0
2011814682357020 137212166624960 subm_end 1 0 0 0 0 0
2011814682357060 137212166624960 pump_beg 1 0 0 0 0 0
2011814683116742 137212166624960 feedend 87 0 0 0 0 0
2011814683560496 137212166624960 feedend 87 1 0 0 0 0
2011814679579391 137212174624640 cliack 85 0 86 87 0 0
2011814679579661 137212174624640 ackregion 86 87 87 85 1 0
2011814682340391 137212174624640 msgin 88 22118400 0 0 0 0
2011814682341240 137212174624640 enq 88 1 0 0 0 0
2011814691768556 137212166624960 outfirst 87 0 65536 0 0 0
2011814701648125 137212166624960 outfirst 87 1 65536 0 0 0
2011814701821699 137212166624960 pump_end 1 2 0 0 0 0
2011814701822089 137212166624960 join_beg 1 0 0 0 0 0
2011814701823059 137212166624960 join_end 0 0 0 0 0 0
2011814701823299 137212166624960 book_beg 1 0 0 0 0 0
2011814701824219 137212166624960 batch 88 1 1 2 2 0
2011814701824429 137212166624960 book_end 1 0 0 0 0 0
2011814701824599 137212166624960 coll_beg 0 0 0 0 0 0
2011814702518474 137212166624960 coll_end 0 0 0 0 0 0
2011814702518654 137212166624960 rel_beg 1 0 0 0 0 0
2011814702519174 137212166624960 absorb 88 0 0 0 0 0
2011814702524573 137212166624960 rel_end 1 0 0 0 0 0
2011814702527913 137212166624960 wait_beg 0 0 0 0 0 0
2011814702595721 137212174624640 send 18 0 0 87 85 1
2011814703311655 137212174624640 send 939684 0 0 87 85 1
2011814703921992 137212174624640 send 846291 0 0 87 85 1
2011814703923692 137212174624640 send 14 0 0 87 85 1
2011814703923942 137212174624640 egress 88 1 0 85 0 0
2011814702535983 137212149839552 emit_beg 88 0 0 0 0 0
2011814702540643 137212149839552 dmg 0 1 0 0 2560 1440
2011814702540953 137212149839552 enc 87 87 1 -1 -1 0
2011814702656189 137212149839552 emit_end 88 0 0 0 0 0
2011814743344793 137212174624640 cliack 86 0 87 88 0 0
2011814743345023 137212174624640 ackregion 87 88 88 86 1 0
2011814748593071 137212166624960 wait_end 0 0 0 0 0 0
2011814748598501 137212166624960 drain_beg 0 0 0 0 0 0
2011814748599191 137212166624960 drain_end 1 0 0 0 0 0
2011814748599571 137212166624960 take 89 0 0 0 0 0
2011814748600221 137212166624960 subm_beg 1 0 0 0 0 0
2011814748602020 137212166624960 submit 89 0 0 0 0 0
2011814748602160 137212166624960 subm_end 1 0 0 0 0 0
2011814748602250 137212166624960 pump_beg 1 0 0 0 0 0
2011814749361423 137212166624960 feedend 88 0 0 0 0 0
2011814749735039 137212166624960 feedend 88 1 0 0 0 0
2011814748549672 137212174624640 msgin 89 22118400 0 0 0 0
2011814748551792 137212174624640 enq 89 1 0 0 0 0
2011814756581099 137212166624960 outfirst 88 0 65536 0 0 0
2011814764313697 137212166624960 outfirst 88 1 65536 0 0 0
2011814764437072 137212166624960 pump_end 1 2 0 0 0 0
2011814764437462 137212166624960 join_beg 1 0 0 0 0 0
2011814764437702 137212166624960 join_end 0 0 0 0 0 0
2011814764437802 137212166624960 book_beg 1 0 0 0 0 0
2011814764438032 137212166624960 batch 89 1 1 2 2 0
2011814764438092 137212166624960 book_end 1 0 0 0 0 0
2011814764438152 137212166624960 coll_beg 0 0 0 0 0 0
2011814764969633 137212166624960 coll_end 0 0 0 0 0 0
2011814764969743 137212166624960 rel_beg 1 0 0 0 0 0
2011814764970033 137212166624960 absorb 89 0 0 0 0 0
2011814764974463 137212166624960 rel_end 1 0 0 0 0 0
2011814764978322 137212166624960 wait_beg 0 0 0 0 0 0
2011814765032420 137212174624640 send 18 0 0 88 86 1
2011814765722405 137212174624640 send 664241 0 0 88 86 1
2011814766136240 137212174624640 send 575412 0 0 88 86 1
2011814766137560 137212174624640 send 14 0 0 88 86 1
2011814766137870 137212174624640 egress 89 1 0 86 0 0
2011814764999172 137212149839552 emit_beg 89 0 0 0 0 0
2011814765010761 137212149839552 dmg 0 1 0 0 2560 1440
2011814765011051 137212149839552 enc 88 88 1 -1 -1 0
2011814765114757 137212149839552 emit_end 89 0 0 0 0 0
2011814795333814 137212174624640 cliack 87 0 88 89 0 0
2011814795334154 137212174624640 ackregion 88 89 89 87 1 0
2011814799527451 137212166624960 wait_end 0 0 0 0 0 0
2011814799533930 137212166624960 drain_beg 0 0 0 0 0 0
2011814799534340 137212166624960 drain_end 1 0 0 0 0 0
2011814799534740 137212166624960 take 90 0 0 0 0 0
2011814799535510 137212166624960 subm_beg 1 0 0 0 0 0
2011814799537170 137212166624960 submit 90 0 0 0 0 0
2011814799537320 137212166624960 subm_end 1 0 0 0 0 0
2011814799537400 137212166624960 pump_beg 1 0 0 0 0 0
2011814800214166 137212166624960 feedend 89 0 0 0 0 0
2011814800600211 137212166624960 feedend 89 1 0 0 0 0
2011814799489832 137212174624640 msgin 90 22118400 0 0 0 0
2011814799492112 137212174624640 enq 90 1 0 0 0 0
2011814807819308 137212166624960 outfirst 89 0 65536 0 0 0
2011814815634982 137212166624960 outfirst 89 1 65536 0 0 0
2011814815768437 137212166624960 pump_end 1 2 0 0 0 0
2011814815774617 137212166624960 join_beg 1 0 0 0 0 0
2011814815775637 137212166624960 join_end 0 0 0 0 0 0
2011814815775837 137212166624960 book_beg 1 0 0 0 0 0
2011814815776217 137212166624960 batch 90 1 1 2 2 0
2011814815776297 137212166624960 book_end 1 0 0 0 0 0
2011814815776367 137212166624960 coll_beg 0 0 0 0 0 0
2011814816361356 137212166624960 coll_end 0 0 0 0 0 0
2011814816361446 137212166624960 rel_beg 1 0 0 0 0 0
2011814816362076 137212166624960 absorb 90 0 0 0 0 0
2011814816368055 137212166624960 rel_end 1 0 0 0 0 0
2011814816370465 137212166624960 wait_beg 0 0 0 0 0 0
2011814816419704 137212174624640 send 18 0 0 89 87 1
2011814816388965 137212149839552 emit_beg 90 0 0 0 0 0
2011814816396904 137212149839552 dmg 0 1 0 0 2560 1440
2011814816397184 137212149839552 enc 89 89 1 -1 -1 0
2011814816492081 137212149839552 emit_end 90 0 0 0 0 0
2011814817005522 137212174624640 send 725143 0 0 89 87 1
2011814817428927 137212174624640 send 573271 0 0 89 87 1
2011814817430217 137212174624640 send 14 0 0 89 87 1
2011814817430557 137212174624640 egress 90 1 0 87 0 0
2011814872670719 137212174624640 cliack 88 0 89 90 0 0
2011814872671789 137212174624640 ackregion 89 90 90 88 1 0
2011814877931947 137212166624960 wait_end 0 0 0 0 0 0
2011814877938097 137212166624960 drain_beg 0 0 0 0 0 0
2011814877938807 137212166624960 drain_end 1 0 0 0 0 0
2011814877939077 137212166624960 take 91 0 0 0 0 0
2011814877939737 137212166624960 subm_beg 1 0 0 0 0 0
2011814877941427 137212166624960 submit 91 0 0 0 0 0
2011814877941727 137212166624960 subm_end 1 0 0 0 0 0
2011814877941807 137212166624960 pump_beg 1 0 0 0 0 0
2011814878699699 137212166624960 feedend 90 0 0 0 0 0
2011814879154602 137212166624960 feedend 90 1 0 0 0 0
2011814886260083 137212166624960 outfirst 90 0 65536 0 0 0
2011814877894308 137212174624640 msgin 91 22118400 0 0 0 0
2011814877896478 137212174624640 enq 91 1 0 0 0 0
2011814894009860 137212166624960 outfirst 90 1 65536 0 0 0
2011814894126246 137212166624960 pump_end 1 2 0 0 0 0
2011814894126606 137212166624960 join_beg 1 0 0 0 0 0
2011814894127856 137212166624960 join_end 0 0 0 0 0 0
2011814894128046 137212166624960 book_beg 1 0 0 0 0 0
2011814894128866 137212166624960 batch 91 1 1 2 2 0
2011814894128906 137212166624960 book_end 1 0 0 0 0 0
2011814894128946 137212166624960 coll_beg 0 0 0 0 0 0
2011814894703835 137212166624960 coll_end 0 0 0 0 0 0
2011814894703935 137212166624960 rel_beg 1 0 0 0 0 0
2011814894704505 137212166624960 absorb 91 0 0 0 0 0
2011814894709634 137212166624960 rel_end 1 0 0 0 0 0
2011814894711824 137212166624960 wait_beg 0 0 0 0 0 0
2011814894833470 137212174624640 send 18 0 0 90 88 1
2011814895621751 137212174624640 send 744485 0 0 90 88 1
2011814896117503 137212174624640 send 635185 0 0 90 88 1
2011814896119133 137212174624640 send 14 0 0 90 88 1
2011814896120023 137212174624640 egress 91 1 0 88 0 0
2011814894718054 137212149839552 emit_beg 91 0 0 0 0 0
2011814894722844 137212149839552 dmg 0 1 0 0 2560 1440
2011814894723214 137212149839552 enc 90 90 1 -1 -1 0
2011814894828900 137212149839552 emit_end 91 0 0 0 0 0
2011814926230043 137212174624640 cliack 89 0 90 91 0 0
2011814926230653 137212174624640 ackregion 90 91 91 89 1 0
2011814928688863 137212166624960 wait_end 0 0 0 0 0 0
2011814928693263 137212166624960 drain_beg 0 0 0 0 0 0
2011814928694023 137212166624960 drain_end 1 0 0 0 0 0
2011814928694193 137212166624960 take 92 0 0 0 0 0
2011814928694633 137212166624960 subm_beg 1 0 0 0 0 0
2011814928696123 137212166624960 submit 92 0 0 0 0 0
2011814928696283 137212166624960 subm_end 1 0 0 0 0 0
2011814928696343 137212166624960 pump_beg 1 0 0 0 0 0
2011814929446296 137212166624960 feedend 91 0 0 0 0 0
2011814929896409 137212166624960 feedend 91 1 0 0 0 0
2011814936877204 137212166624960 outfirst 91 0 65536 0 0 0
2011814928653475 137212174624640 msgin 92 22118400 0 0 0 0
2011814928654365 137212174624640 enq 92 1 0 0 0 0
2011814944058742 137212166624960 outfirst 91 1 65536 0 0 0
2011814944196727 137212166624960 pump_end 1 2 0 0 0 0
2011814944196907 137212166624960 join_beg 1 0 0 0 0 0
2011814944197307 137212166624960 join_end 0 0 0 0 0 0
2011814944197507 137212166624960 book_beg 1 0 0 0 0 0
2011814944197877 137212166624960 batch 92 1 1 2 2 0
2011814944197947 137212166624960 book_end 1 0 0 0 0 0
2011814944198017 137212166624960 coll_beg 0 0 0 0 0 0
2011814944707898 137212166624960 coll_end 0 0 0 0 0 0
2011814944707938 137212166624960 rel_beg 1 0 0 0 0 0
2011814944708528 137212166624960 absorb 92 0 0 0 0 0
2011814944713818 137212166624960 rel_end 1 0 0 0 0 0
2011814944715128 137212166624960 wait_beg 0 0 0 0 0 0
2011814944791805 137212174624640 send 18 0 0 91 89 1
2011814945684892 137212174624640 send 760572 0 0 91 89 1
2011814946101907 137212174624640 send 511393 0 0 91 89 1
2011814946103217 137212174624640 send 14 0 0 91 89 1
2011814946103717 137212174624640 egress 92 1 0 89 0 0
2011814944718478 137212149839552 emit_beg 92 0 0 0 0 0
2011814944720768 137212149839552 dmg 0 1 0 0 2560 1440
2011814944721258 137212149839552 enc 91 91 1 -1 -1 0
2011814944791705 137212149839552 emit_end 92 0 0 0 0 0
2011814987722947 137212166624960 wait_end 0 0 0 0 0 0
2011814987727297 137212166624960 drain_beg 0 0 0 0 0 0
2011814987728477 137212166624960 drain_end 1 0 0 0 0 0
2011814987728867 137212166624960 take 93 0 0 0 0 0
2011814987729797 137212166624960 subm_beg 1 0 0 0 0 0
2011814987731397 137212166624960 submit 93 0 0 0 0 0
2011814987731557 137212166624960 subm_end 1 0 0 0 0 0
2011814987731647 137212166624960 pump_beg 1 0 0 0 0 0
2011814982426221 137212174624640 cliack 90 0 91 92 0 0
2011814982426621 137212174624640 ackregion 91 92 92 90 1 0
2011814987694858 137212174624640 msgin 93 22118400 0 0 0 0
2011814987695868 137212174624640 enq 93 1 0 0 0 0
2011814988468950 137212166624960 feedend 92 0 0 0 0 0
2011814988918813 137212166624960 feedend 92 1 0 0 0 0
2011814996158789 137212166624960 outfirst 92 0 65536 0 0 0
2011815003768791 137212166624960 outfirst 92 1 65536 0 0 0
2011815003907666 137212166624960 pump_end 1 2 0 0 0 0
2011815003908156 137212166624960 join_beg 1 0 0 0 0 0
2011815003909176 137212166624960 join_end 0 0 0 0 0 0
2011815003909306 137212166624960 book_beg 1 0 0 0 0 0
2011815003909916 137212166624960 batch 93 1 1 2 2 0
2011815003909996 137212166624960 book_end 1 0 0 0 0 0
2011815003910086 137212166624960 coll_beg 0 0 0 0 0 0
2011815004483015 137212166624960 coll_end 0 0 0 0 0 0
2011815004483165 137212166624960 rel_beg 1 0 0 0 0 0
2011815004483885 137212166624960 absorb 93 0 0 0 0 0
2011815004490055 137212166624960 rel_end 1 0 0 0 0 0
2011815004492785 137212166624960 wait_beg 0 0 0 0 0 0
2011815004545403 137212174624640 send 18 0 0 92 90 1
2011815005127002 137212174624640 send 751679 0 0 92 90 1
2011815005572125 137212174624640 send 610383 0 0 92 90 1
2011815005573405 137212174624640 send 14 0 0 92 90 1
2011815005573765 137212174624640 egress 93 1 0 90 0 0
2011815004499495 137212149839552 emit_beg 93 0 0 0 0 0
2011815004503914 137212149839552 dmg 0 1 0 0 2560 1440
2011815004504184 137212149839552 enc 92 92 1 -1 -1 0
2011815004590101 137212149839552 emit_end 93 0 0 0 0 0
2011815044896069 137212166624960 wait_end 0 0 0 0 0 0
2011815044901179 137212166624960 drain_beg 0 0 0 0 0 0
2011815044909089 137212166624960 drain_end 1 0 0 0 0 0
2011815044909399 137212166624960 take 94 0 0 0 0 0
2011815044910239 137212166624960 subm_beg 1 0 0 0 0 0
2011815044911949 137212166624960 submit 94 0 0 0 0 0
2011815044912129 137212166624960 subm_end 1 0 0 0 0 0
2011815044912209 137212166624960 pump_beg 1 0 0 0 0 0
2011815046181572 137212166624960 feedend 93 0 0 0 0 0
2011815046272969 137212166624960 feedend 93 1 0 0 0 0
2011815041907168 137212174624640 cliack 91 0 92 93 0 0
2011815041907278 137212174624640 ackregion 92 93 93 91 1 0
2011815044854951 137212174624640 msgin 94 22118400 0 0 0 0
2011815044856761 137212174624640 enq 94 1 0 0 0 0
2011815057176071 137212166624960 outfirst 93 1 65536 0 0 0
2011815064218893 137212166624960 outfirst 93 0 65536 0 0 0
2011815064419006 137212166624960 pump_end 1 2 0 0 0 0
2011815064419596 137212166624960 join_beg 1 0 0 0 0 0
2011815064421086 137212166624960 join_end 0 0 0 0 0 0
2011815064421136 137212166624960 book_beg 1 0 0 0 0 0
2011815064422316 137212166624960 batch 94 1 1 2 2 0
2011815064422446 137212166624960 book_end 1 0 0 0 0 0
2011815064422576 137212166624960 coll_beg 0 0 0 0 0 0
2011815064965766 137212166624960 coll_end 0 0 0 0 0 0
2011815064965916 137212166624960 rel_beg 1 0 0 0 0 0
2011815064966576 137212166624960 absorb 94 0 0 0 0 0
2011815064972846 137212166624960 rel_end 1 0 0 0 0 0
2011815064975386 137212166624960 wait_beg 0 0 0 0 0 0
2011815065082012 137212174624640 send 18 0 0 93 91 1
2011815066105744 137212174624640 send 836823 0 0 93 91 1
2011815066783470 137212174624640 send 722982 0 0 93 91 1
2011815066784960 137212174624640 send 14 0 0 93 91 1
2011815066785340 137212174624640 egress 94 1 0 91 0 0
2011815064979596 137212149839552 emit_beg 94 0 0 0 0 0
2011815064982035 137212149839552 dmg 0 1 0 0 2560 1440
2011815064982355 137212149839552 enc 93 93 1 -1 -1 0
2011815065087372 137212149839552 emit_end 94 0 0 0 0 0
2011815096880490 137212174624640 cliack 92 0 93 94 0 0
2011815096880810 137212174624640 ackregion 93 94 94 92 1 0
2011815102436098 137212166624960 wait_end 0 0 0 0 0 0
2011815102440937 137212166624960 drain_beg 0 0 0 0 0 0
2011815102441437 137212166624960 drain_end 1 0 0 0 0 0
2011815102441857 137212166624960 take 95 0 0 0 0 0
2011815102442477 137212166624960 subm_beg 1 0 0 0 0 0
2011815102444417 137212166624960 submit 95 0 0 0 0 0
2011815102444597 137212166624960 subm_end 1 0 0 0 0 0
2011815102444657 137212166624960 pump_beg 1 0 0 0 0 0
2011815103192620 137212166624960 feedend 94 0 0 0 0 0
2011815103662993 137212166624960 feedend 94 1 0 0 0 0
2011815102404259 137212174624640 msgin 95 22118400 0 0 0 0
2011815102405139 137212174624640 enq 95 1 0 0 0 0
2011815110915458 137212166624960 outfirst 94 0 65536 0 0 0
2011815119011342 137212166624960 outfirst 94 1 65536 0 0 0
2011815119107259 137212166624960 pump_end 1 2 0 0 0 0
2011815119108059 137212166624960 join_beg 1 0 0 0 0 0
2011815119109509 137212166624960 join_end 0 0 0 0 0 0
2011815119109649 137212166624960 book_beg 1 0 0 0 0 0
2011815119111179 137212166624960 batch 95 1 1 2 2 0
2011815119111349 137212166624960 book_end 1 0 0 0 0 0
2011815119111529 137212166624960 coll_beg 0 0 0 0 0 0
2011815119587271 137212166624960 coll_end 0 0 0 0 0 0
2011815119587441 137212166624960 rel_beg 1 0 0 0 0 0
2011815119588141 137212166624960 absorb 95 0 0 0 0 0
2011815119595401 137212166624960 rel_end 1 0 0 0 0 0
2011815119597731 137212166624960 wait_beg 0 0 0 0 0 0
2011815119676248 137212174624640 send 18 0 0 94 92 1
2011815120215358 137212174624640 send 720741 0 0 94 92 1
2011815120651642 137212174624640 send 593461 0 0 94 92 1
2011815120652952 137212174624640 send 14 0 0 94 92 1
2011815120653392 137212174624640 egress 95 1 0 92 0 0
2011815119604181 137212149839552 emit_beg 95 0 0 0 0 0
2011815119609050 137212149839552 dmg 0 1 0 0 2560 1440
2011815119609370 137212149839552 enc 94 94 1 -1 -1 0
2011815119689787 137212149839552 emit_end 95 0 0 0 0 0
2011815155755870 137212174624640 cliack 93 0 94 95 0 0
2011815155756000 137212174624640 ackregion 94 95 95 93 1 0
2011815160866244 137212166624960 wait_end 0 0 0 0 0 0
2011815160871403 137212166624960 drain_beg 0 0 0 0 0 0
2011815160871973 137212166624960 drain_end 1 0 0 0 0 0
2011815160872153 137212166624960 take 96 0 0 0 0 0
2011815160873013 137212166624960 subm_beg 1 0 0 0 0 0
2011815160874283 137212166624960 submit 96 0 0 0 0 0
2011815160874443 137212166624960 subm_end 1 0 0 0 0 0
2011815160874533 137212166624960 pump_beg 1 0 0 0 0 0
2011815161547499 137212166624960 feedend 95 0 0 0 0 0
2011815161970213 137212166624960 feedend 95 1 0 0 0 0
2011815160832735 137212174624640 msgin 96 22118400 0 0 0 0
2011815160833355 137212174624640 enq 96 1 0 0 0 0
2011815169633943 137212166624960 outfirst 95 0 65536 0 0 0
2011815178396543 137212166624960 outfirst 95 1 65536 0 0 0
2011815178503639 137212166624960 pump_end 1 2 0 0 0 0
2011815178504029 137212166624960 join_beg 1 0 0 0 0 0
2011815178504549 137212166624960 join_end 0 0 0 0 0 0
2011815178504639 137212166624960 book_beg 1 0 0 0 0 0
2011815178505449 137212166624960 batch 96 1 1 2 2 0
2011815178505559 137212166624960 book_end 1 0 0 0 0 0
2011815178505649 137212166624960 coll_beg 0 0 0 0 0 0
2011815178965323 137212166624960 coll_end 0 0 0 0 0 0
2011815178965433 137212166624960 rel_beg 1 0 0 0 0 0
2011815178966003 137212166624960 absorb 96 0 0 0 0 0
2011815178970962 137212166624960 rel_end 1 0 0 0 0 0
2011815178973402 137212166624960 wait_beg 0 0 0 0 0 0
2011815179021661 137212174624640 send 18 0 0 95 93 1
2011815178978902 137212149839552 emit_beg 96 0 0 0 0 0
2011815178982722 137212149839552 dmg 0 1 0 0 2560 1440
2011815178982992 137212149839552 enc 95 95 1 -1 -1 0
2011815179076239 137212149839552 emit_end 96 0 0 0 0 0
2011815179670597 137212174624640 send 846358 0 0 95 93 1
2011815180195478 137212174624640 send 718488 0 0 95 93 1
2011815180196848 137212174624640 send 14 0 0 95 93 1
2011815180197288 137212174624640 egress 96 1 0 93 0 0
2011815228141066 137212166624960 wait_end 0 0 0 0 0 0
2011815228144236 137212166624960 drain_beg 0 0 0 0 0 0
2011815228144896 137212166624960 drain_end 1 0 0 0 0 0
2011815228145216 137212166624960 take 97 0 0 0 0 0
2011815228145816 137212166624960 subm_beg 1 0 0 0 0 0
2011815228147236 137212166624960 submit 97 0 0 0 0 0
2011815228147356 137212166624960 subm_end 1 0 0 0 0 0
2011815228147456 137212166624960 pump_beg 1 0 0 0 0 0
2011815229125601 137212166624960 feedend 96 0 0 0 0 0
2011815229519816 137212166624960 feedend 96 1 0 0 0 0
2011815223143459 137212174624640 cliack 94 0 95 96 0 0
2011815223143779 137212174624640 ackregion 95 96 96 94 1 0
2011815228123577 137212174624640 msgin 97 22118400 0 0 0 0
2011815228124807 137212174624640 enq 97 1 0 0 0 0
2011815237207565 137212166624960 outfirst 96 0 65536 0 0 0
2011815245039389 137212166624960 outfirst 96 1 65536 0 0 0
2011815245157225 137212166624960 pump_end 1 2 0 0 0 0
2011815245157725 137212166624960 join_beg 1 0 0 0 0 0
2011815245158545 137212166624960 join_end 0 0 0 0 0 0
2011815245158595 137212166624960 book_beg 1 0 0 0 0 0
2011815245164505 137212166624960 batch 97 1 1 2 2 0
2011815245164555 137212166624960 book_end 1 0 0 0 0 0
2011815245164585 137212166624960 coll_beg 0 0 0 0 0 0
2011815245591729 137212166624960 coll_end 0 0 0 0 0 0
2011815245591779 137212166624960 rel_beg 1 0 0 0 0 0
2011815245592379 137212166624960 absorb 97 0 0 0 0 0
2011815245598829 137212166624960 rel_end 1 0 0 0 0 0
2011815245601139 137212166624960 wait_beg 0 0 0 0 0 0
2011815245683916 137212174624640 send 18 0 0 96 94 1
2011815246296343 137212174624640 send 770147 0 0 96 94 1
2011815246848663 137212174624640 send 640334 0 0 96 94 1
2011815246849923 137212174624640 send 14 0 0 96 94 1
2011815246850243 137212174624640 egress 97 1 0 94 0 0
2011815245609409 137212149839552 emit_beg 97 0 0 0 0 0
2011815245615418 137212149839552 dmg 0 1 0 0 2560 1440
2011815245615718 137212149839552 enc 96 96 1 -1 -1 0
2011815245717035 137212149839552 emit_end 97 0 0 0 0 0
2011815284762789 137212166624960 wait_end 0 0 0 0 0 0
2011815284765379 137212166624960 drain_beg 0 0 0 0 0 0
2011815284765879 137212166624960 drain_end 1 0 0 0 0 0
2011815284766089 137212166624960 take 98 0 0 0 0 0
2011815284766609 137212166624960 subm_beg 1 0 0 0 0 0
2011815284768518 137212166624960 submit 98 0 0 0 0 0
2011815284768598 137212166624960 subm_end 1 0 0 0 0 0
2011815284768678 137212166624960 pump_beg 1 0 0 0 0 0
2011815285439954 137212166624960 feedend 97 0 0 0 0 0
2011815285815470 137212166624960 feedend 97 1 0 0 0 0
2011815280178046 137212174624640 cliack 95 0 96 97 0 0
2011815280178586 137212174624640 ackregion 96 97 97 95 1 0
2011815284747869 137212174624640 msgin 98 22118400 0 0 0 0
2011815284749089 137212174624640 enq 98 1 0 0 0 0
2011815296876156 137212166624960 outfirst 97 0 65536 0 0 0
2011815306485125 137212166624960 outfirst 97 1 65536 0 0 0
2011815306590031 137212166624960 pump_end 1 2 0 0 0 0
2011815306590681 137212166624960 join_beg 1 0 0 0 0 0
2011815306591801 137212166624960 join_end 0 0 0 0 0 0
2011815306591861 137212166624960 book_beg 1 0 0 0 0 0
2011815306593031 137212166624960 batch 98 1 1 2 2 0
2011815306593061 137212166624960 book_end 1 0 0 0 0 0
2011815306593101 137212166624960 coll_beg 0 0 0 0 0 0
2011815307099603 137212166624960 coll_end 0 0 0 0 0 0
2011815307099663 137212166624960 rel_beg 1 0 0 0 0 0
2011815307100183 137212166624960 absorb 98 0 0 0 0 0
2011815307105863 137212166624960 rel_end 1 0 0 0 0 0
2011815307108343 137212166624960 wait_beg 0 0 0 0 0 0
2011815307173130 137212174624640 send 18 0 0 97 95 1
2011815307819837 137212174624640 send 890390 0 0 97 95 1
2011815308393386 137212174624640 send 802634 0 0 97 95 1
2011815308394706 137212174624640 send 14 0 0 97 95 1
2011815308395215 137212174624640 egress 98 1 0 95 0 0
2011815307116692 137212149839552 emit_beg 98 0 0 0 0 0
2011815307121832 137212149839552 dmg 0 1 0 0 2560 1440
2011815307122092 137212149839552 enc 97 97 1 -1 -1 0
2011815307219788 137212149839552 emit_end 98 0 0 0 0 0
2011815347839125 137212174624640 cliack 96 0 97 98 0 0
2011815347839895 137212174624640 ackregion 97 98 98 96 1 0
2011815350538516 137212166624960 wait_end 0 0 0 0 0 0
2011815350544036 137212166624960 drain_beg 0 0 0 0 0 0
2011815350544876 137212166624960 drain_end 1 0 0 0 0 0
2011815350545266 137212166624960 take 99 0 0 0 0 0
2011815350546066 137212166624960 subm_beg 1 0 0 0 0 0
2011815350548076 137212166624960 submit 99 0 0 0 0 0
2011815350548266 137212166624960 subm_end 1 0 0 0 0 0
2011815350548346 137212166624960 pump_beg 1 0 0 0 0 0
2011815351406795 137212166624960 feedend 98 0 0 0 0 0
2011815351795120 137212166624960 feedend 98 1 0 0 0 0
2011815358668919 137212166624960 outfirst 98 0 65536 0 0 0
2011815350503998 137212174624640 msgin 99 22118400 0 0 0 0
2011815350506348 137212174624640 enq 99 1 0 0 0 0
2011815366171045 137212166624960 outfirst 98 1 65536 0 0 0
2011815366256072 137212166624960 pump_end 1 2 0 0 0 0
2011815366256482 137212166624960 join_beg 1 0 0 0 0 0
2011815366257542 137212166624960 join_end 0 0 0 0 0 0
2011815366257642 137212166624960 book_beg 1 0 0 0 0 0
2011815366258082 137212166624960 batch 99 1 1 2 2 0
2011815366258212 137212166624960 book_end 1 0 0 0 0 0
2011815366258362 137212166624960 coll_beg 0 0 0 0 0 0
2011815366627199 137212166624960 coll_end 0 0 0 0 0 0
2011815366627359 137212166624960 rel_beg 1 0 0 0 0 0
2011815366628139 137212166624960 absorb 99 0 0 0 0 0
2011815366633328 137212166624960 rel_end 1 0 0 0 0 0
2011815366635348 137212166624960 wait_beg 0 0 0 0 0 0
2011815366696256 137212174624640 send 18 0 0 98 96 1
2011815367215007 137212174624640 send 654087 0 0 98 96 1
2011815367623962 137212174624640 send 564622 0 0 98 96 1
2011815367625322 137212174624640 send 14 0 0 98 96 1
2011815367625962 137212174624640 egress 99 1 0 96 0 0
2011815366656378 137212149839552 emit_beg 99 0 0 0 0 0
2011815366663097 137212149839552 dmg 0 1 0 0 2560 1440
2011815366663367 137212149839552 enc 98 98 1 -1 -1 0
2011815366753244 137212149839552 emit_end 99 0 0 0 0 0
2011815408525368 137212174624640 cliack 97 0 98 99 0 0
2011815408525448 137212174624640 ackregion 98 99 99 97 1 0
2011815413762967 137212166624960 wait_end 0 0 0 0 0 0
2011815413766957 137212166624960 drain_beg 0 0 0 0 0 0
2011815413767247 137212166624960 drain_end 1 0 0 0 0 0
2011815413767397 137212166624960 take 100 0 0 0 0 0
2011815413767687 137212166624960 subm_beg 1 0 0 0 0 0
2011815413768797 137212166624960 submit 100 0 0 0 0 0
2011815413768947 137212166624960 subm_end 1 0 0 0 0 0
2011815413768967 137212166624960 pump_beg 1 0 0 0 0 0
2011815414492331 137212166624960 feedend 99 0 0 0 0 0
2011815414550928 137212166624960 feedend 99 1 0 0 0 0
2011815413745658 137212174624640 msgin 100 22118400 0 0 0 0
2011815413747988 137212174624640 enq 100 1 0 0 0 0
2011815423412825 137212166624960 outfirst 99 0 65536 0 0 0
2011815433948810 137212166624960 outfirst 99 1 65536 0 0 0
2011815434187811 137212166624960 pump_end 1 2 0 0 0 0
2011815434188201 137212166624960 join_beg 1 0 0 0 0 0
2011815434188591 137212166624960 join_end 0 0 0 0 0 0
2011815434188681 137212166624960 book_beg 1 0 0 0 0 0
2011815434188961 137212166624960 batch 100 1 1 2 2 0
2011815434189071 137212166624960 book_end 1 0 0 0 0 0
2011815434189171 137212166624960 coll_beg 0 0 0 0 0 0
2011815434875236 137212166624960 coll_end 0 0 0 0 0 0
2011815434875396 137212166624960 rel_beg 1 0 0 0 0 0
2011815434875776 137212166624960 absorb 100 0 0 0 0 0
2011815434880436 137212166624960 rel_end 1 0 0 0 0 0
2011815434882016 137212166624960 wait_beg 0 0 0 0 0 0
2011815434932874 137212174624640 send 18 0 0 99 97 1
2011815435808352 137212174624640 send 1079175 0 0 99 97 1
2011815436503017 137212174624640 send 944068 0 0 99 97 1
2011815436504407 137212174624640 send 14 0 0 99 97 1
2011815436504697 137212174624640 egress 100 1 0 97 0 0
2011815434900825 137212149839552 emit_beg 100 0 0 0 0 0
2011815434906745 137212149839552 dmg 0 1 0 0 2560 1440
2011815434907195 137212149839552 enc 99 99 1 -1 -1 0
2011815435102778 137212149839552 emit_end 100 0 0 0 0 0
2011815487984627 137212166624960 wait_end 0 0 0 0 0 0
2011815487989196 137212166624960 drain_beg 0 0 0 0 0 0
2011815487989646 137212166624960 drain_end 1 0 0 0 0 0
2011815487989926 137212166624960 take 101 0 0 0 0 0
2011815487990306 137212166624960 subm_beg 1 0 0 0 0 0
2011815487998806 137212166624960 submit 101 0 0 0 0 0
2011815487998936 137212166624960 subm_end 1 0 0 0 0 0
2011815487999246 137212166624960 pump_beg 1 0 0 0 0 0
2011815488886264 137212166624960 feedend 100 0 0 0 0 0
2011815489311448 137212166624960 feedend 100 1 0 0 0 0
2011815481817752 137212174624640 cliack 98 0 99 100 0 0
2011815481818122 137212174624640 ackregion 99 100 100 98 1 0
2011815487950198 137212174624640 msgin 101 22118400 0 0 0 0
2011815487951138 137212174624640 enq 101 1 0 0 0 0
2011815496657320 137212166624960 outfirst 100 0 65536 0 0 0
2011815502063782 137212166624960 outfirst 100 1 65536 0 0 0
2011815502202657 137212166624960 pump_end 1 2 0 0 0 0
2011815502203517 137212166624960 join_beg 1 0 0 0 0 0
2011815502204527 137212166624960 join_end 0 0 0 0 0 0
2011815502204857 137212166624960 book_beg 1 0 0 0 0 0
2011815502205177 137212166624960 batch 101 1 1 2 2 0
2011815502205217 137212166624960 book_end 1 0 0 0 0 0
2011815502205377 137212166624960 coll_beg 0 0 0 0 0 0
2011815502678750 137212166624960 coll_end 0 0 0 0 0 0
2011815502678800 137212166624960 rel_beg 1 0 0 0 0 0
2011815502679300 137212166624960 absorb 101 0 0 0 0 0
2011815502684460 137212166624960 rel_end 1 0 0 0 0 0
2011815502686380 137212166624960 wait_beg 0 0 0 0 0 0
2011815502723298 137212174624640 send 18 0 0 100 98 1
2011815503375234 137212174624640 send 835525 0 0 100 98 1
2011815503912545 137212174624640 send 735960 0 0 100 98 1
2011815503913785 137212174624640 send 14 0 0 100 98 1
2011815503914315 137212174624640 egress 101 1 0 98 0 0
2011815502692399 137212149839552 emit_beg 101 0 0 0 0 0
2011815502696899 137212149839552 dmg 0 1 0 0 2560 1440
2011815502697159 137212149839552 enc 100 100 1 -1 -1 0
2011815502795086 137212149839552 emit_end 101 0 0 0 0 0
2011815540467140 137212166624960 wait_end 0 0 0 0 0 0
2011815540471709 137212166624960 drain_beg 0 0 0 0 0 0
2011815540472219 137212166624960 drain_end 1 0 0 0 0 0
2011815540472569 137212166624960 take 102 0 0 0 0 0
2011815540473129 137212166624960 subm_beg 1 0 0 0 0 0
2011815540474159 137212166624960 submit 102 0 0 0 0 0
2011815540474299 137212166624960 subm_end 1 0 0 0 0 0
2011815540474329 137212166624960 pump_beg 1 0 0 0 0 0
2011815541223772 137212166624960 feedend 101 0 0 0 0 0
2011815541318969 137212166624960 feedend 101 1 0 0 0 0
2011815534387632 137212174624640 cliack 99 0 100 101 0 0
2011815534388302 137212174624640 ackregion 100 101 101 99 1 0
2011815540449300 137212174624640 msgin 102 22118400 0 0 0 0
2011815540450400 137212174624640 enq 102 1 0 0 0 0
2011815550546591 137212166624960 outfirst 101 1 65536 0 0 0
2011815556906409 137212166624960 outfirst 101 0 65536 0 0 0
2011815557137601 137212166624960 pump_end 1 2 0 0 0 0
2011815557138411 137212166624960 join_beg 1 0 0 0 0 0
2011815557139851 137212166624960 join_end 0 0 0 0 0 0
2011815557139911 137212166624960 book_beg 1 0 0 0 0 0
2011815557140691 137212166624960 batch 102 1 1 2 2 0
2011815557140821 137212166624960 book_end 1 0 0 0 0 0
2011815557140961 137212166624960 coll_beg 0 0 0 0 0 0
2011815557568615 137212166624960 coll_end 0 0 0 0 0 0
2011815557568665 137212166624960 rel_beg 1 0 0 0 0 0
2011815557569065 137212166624960 absorb 102 0 0 0 0 0
2011815557574725 137212166624960 rel_end 1 0 0 0 0 0
2011815557577095 137212166624960 wait_beg 0 0 0 0 0 0
2011815557675351 137212174624640 send 18 0 0 101 99 1
2011815558563679 137212174624640 send 800402 0 0 101 99 1
2011815559029762 137212174624640 send 622627 0 0 101 99 1
2011815559031432 137212174624640 send 14 0 0 101 99 1
2011815559032202 137212174624640 egress 102 1 0 99 0 0
2011815557598034 137212149839552 emit_beg 102 0 0 0 0 0
2011815557604614 137212149839552 dmg 0 1 0 0 2560 1440
2011815557604974 137212149839552 enc 101 101 1 -1 -1 0
2011815557731979 137212149839552 emit_end 102 0 0 0 0 0
2011815621816599 137212174624640 cliack 100 0 101 102 0 0
2011815621817159 137212174624640 ackregion 101 102 102 100 1 0
2011815626826946 137212166624960 wait_end 0 0 0 0 0 0
2011815626829985 137212166624960 drain_beg 0 0 0 0 0 0
2011815626830345 137212166624960 drain_end 1 0 0 0 0 0
2011815626830605 137212166624960 take 103 0 0 0 0 0
2011815626831085 137212166624960 subm_beg 1 0 0 0 0 0
2011815626832925 137212166624960 submit 103 0 0 0 0 0
2011815626833075 137212166624960 subm_end 1 0 0 0 0 0
2011815626833115 137212166624960 pump_beg 1 0 0 0 0 0
2011815627821039 137212166624960 feedend 102 0 0 0 0 0
2011815628354420 137212166624960 feedend 102 1 0 0 0 0
2011815626810046 137212174624640 msgin 103 22118400 0 0 0 0
2011815626810916 137212174624640 enq 103 1 0 0 0 0
2011815636571160 137212166624960 outfirst 102 0 65536 0 0 0
2011815644532469 137212166624960 outfirst 102 1 65536 0 0 0
2011815644690303 137212166624960 pump_end 1 2 0 0 0 0
2011815644691343 137212166624960 join_beg 1 0 0 0 0 0
2011815644692663 137212166624960 join_end 0 0 0 0 0 0
2011815644692743 137212166624960 book_beg 1 0 0 0 0 0
2011815644693793 137212166624960 batch 103 1 1 2 2 0
2011815644693833 137212166624960 book_end 1 0 0 0 0 0
2011815644693893 137212166624960 coll_beg 0 0 0 0 0 0
2011815645279322 137212166624960 coll_end 0 0 0 0 0 0
2011815645279392 137212166624960 rel_beg 1 0 0 0 0 0
2011815645280252 137212166624960 absorb 103 0 0 0 0 0
2011815645287831 137212166624960 rel_end 1 0 0 0 0 0
2011815645292791 137212166624960 wait_beg 0 0 0 0 0 0
2011815645376898 137212174624640 send 18 0 0 102 100 1
2011815646047764 137212174624640 send 872277 0 0 102 100 1
2011815646603383 137212174624640 send 719046 0 0 102 100 1
2011815646604913 137212174624640 send 14 0 0 102 100 1
2011815646605483 137212174624640 egress 103 1 0 100 0 0
2011815645299381 137212149839552 emit_beg 103 0 0 0 0 0
2011815645304461 137212149839552 dmg 0 1 0 0 2560 1440
2011815645304841 137212149839552 enc 102 102 1 -1 -1 0
2011815645403917 137212149839552 emit_end 103 0 0 0 0 0
2011815689736998 137212174624640 cliack 101 0 102 103 0 0
2011815689737598 137212174624640 ackregion 102 103 103 101 1 0
2011815694434926 137212166624960 wait_end 0 0 0 0 0 0
2011815694440686 137212166624960 drain_beg 0 0 0 0 0 0
2011815694441826 137212166624960 drain_end 1 0 0 0 0 0
2011815694441986 137212166624960 take 104 0 0 0 0 0
2011815694442766 137212166624960 subm_beg 1 0 0 0 0 0
2011815694444286 137212166624960 submit 104 0 0 0 0 0
2011815694444386 137212166624960 subm_end 1 0 0 0 0 0
2011815694444436 137212166624960 pump_beg 1 0 0 0 0 0
2011815695114452 137212166624960 feedend 103 0 0 0 0 0
2011815695468999 137212166624960 feedend 103 1 0 0 0 0
2011815694406147 137212174624640 msgin 104 22118400 0 0 0 0
2011815694407967 137212174624640 enq 104 1 0 0 0 0
2011815702918866 137212166624960 outfirst 103 0 65536 0 0 0
2011815709438928 137212166624960 outfirst 103 1 65536 0 0 0
2011815709586323 137212166624960 pump_end 1 2 0 0 0 0
2011815709586933 137212166624960 join_beg 1 0 0 0 0 0
2011815709587443 137212166624960 join_end 0 0 0 0 0 0
2011815709587653 137212166624960 book_beg 1 0 0 0 0 0
2011815709588383 137212166624960 batch 104 1 1 2 2 0
2011815709588423 137212166624960 book_end 1 0 0 0 0 0
2011815709599033 137212166624960 coll_beg 0 0 0 0 0 0
2011815710210040 137212166624960 coll_end 0 0 0 0 0 0
2011815710210120 137212166624960 rel_beg 1 0 0 0 0 0
2011815710210680 137212166624960 absorb 104 0 0 0 0 0
2011815710217730 137212166624960 rel_end 1 0 0 0 0 0
2011815710220270 137212166624960 wait_beg 0 0 0 0 0 0
2011815710283558 137212174624640 send 18 0 0 103 101 1
2011815711167965 137212174624640 send 729626 0 0 103 101 1
2011815711659667 137212174624640 send 571384 0 0 103 101 1
2011815711661047 137212174624640 send 14 0 0 103 101 1
2011815711661337 137212174624640 egress 104 1 0 101 0 0
2011815710227910 137212149839552 emit_beg 104 0 0 0 0 0
2011815710233519 137212149839552 dmg 0 1 0 0 2560 1440
2011815710233789 137212149839552 enc 103 103 1 -1 -1 0
2011815710340735 137212149839552 emit_end 104 0 0 0 0 0
2011815751148925 137212174624640 cliack 102 0 103 104 0 0
2011815751149065 137212174624640 ackregion 103 104 104 102 1 0
2011815752735227 137212166624960 wait_end 0 0 0 0 0 0
2011815752739297 137212166624960 drain_beg 0 0 0 0 0 0
2011815752740317 137212166624960 drain_end 1 0 0 0 0 0
2011815752740557 137212166624960 take 105 0 0 0 0 0
2011815752741027 137212166624960 subm_beg 1 0 0 0 0 0
2011815752742457 137212166624960 submit 105 0 0 0 0 0
2011815752742577 137212166624960 subm_end 1 0 0 0 0 0
2011815752742687 137212166624960 pump_beg 1 0 0 0 0 0
2011815753778089 137212166624960 feedend 104 0 0 0 0 0
2011815754299190 137212166624960 feedend 104 1 0 0 0 0
2011815761948221 137212166624960 outfirst 104 0 65536 0 0 0
2011815752716578 137212174624640 msgin 105 22118400 0 0 0 0
2011815752717698 137212174624640 enq 105 1 0 0 0 0
2011815771153584 137212166624960 outfirst 104 1 65536 0 0 0
2011815771293779 137212166624960 pump_end 1 2 0 0 0 0
2011815771294699 137212166624960 join_beg 1 0 0 0 0 0
2011815771296149 137212166624960 join_end 0 0 0 0 0 0
2011815771296289 137212166624960 book_beg 1 0 0 0 0 0
2011815771297159 137212166624960 batch 105 1 1 2 2 0
2011815771297199 137212166624960 book_end 1 0 0 0 0 0
2011815771297239 137212166624960 coll_beg 0 0 0 0 0 0
2011815772111679 137212166624960 coll_end 0 0 0 0 0 0
2011815772111749 137212166624960 rel_beg 1 0 0 0 0 0
2011815772112879 137212166624960 absorb 105 0 0 0 0 0
2011815772120479 137212166624960 rel_end 1 0 0 0 0 0
2011815772123259 137212166624960 wait_beg 0 0 0 0 0 0
2011815772209686 137212174624640 send 18 0 0 104 102 1
2011815772132199 137212149839552 emit_beg 105 0 0 0 0 0
2011815772137889 137212149839552 dmg 0 1 0 0 2560 1440
2011815772138118 137212149839552 enc 104 104 1 -1 -1 0
2011815772240005 137212149839552 emit_end 105 0 0 0 0 0
2011815773055105 137212174624640 send 878045 0 0 104 102 1
2011815773592985 137212174624640 send 723836 0 0 104 102 1
2011815773594265 137212174624640 send 14 0 0 104 102 1
2011815773594675 137212174624640 egress 105 1 0 102 0 0
2011815819957212 137212174624640 cliack 103 0 104 105 0 0
2011815819957782 137212174624640 ackregion 104 105 105 103 1 0
2011815824622582 137212166624960 wait_end 0 0 0 0 0 0
2011815824627891 137212166624960 drain_beg 0 0 0 0 0 0
2011815824628551 137212166624960 drain_end 1 0 0 0 0 0
2011815824628881 137212166624960 take 106 0 0 0 0 0
2011815824629571 137212166624960 subm_beg 1 0 0 0 0 0
2011815824631431 137212166624960 submit 106 0 0 0 0 0
2011815824631581 137212166624960 subm_end 1 0 0 0 0 0
2011815824631621 137212166624960 pump_beg 1 0 0 0 0 0
2011815825368364 137212166624960 feedend 105 0 0 0 0 0
2011815825405273 137212166624960 feedend 105 1 0 0 0 0
2011815824602802 137212174624640 msgin 106 22118400 0 0 0 0
2011815824604892 137212174624640 enq 106 1 0 0 0 0
2011815834767261 137212166624960 outfirst 105 1 65536 0 0 0
2011815840965025 137212166624960 outfirst 105 0 65536 0 0 0
2011815841172977 137212166624960 pump_end 1 2 0 0 0 0
2011815841173367 137212166624960 join_beg 1 0 0 0 0 0
2011815841174657 137212166624960 join_end 0 0 0 0 0 0
2011815841174867 137212166624960 book_beg 1 0 0 0 0 0
2011815841175637 137212166624960 batch 106 1 1 2 2 0
2011815841175777 137212166624960 book_end 1 0 0 0 0 0
2011815841175927 137212166624960 coll_beg 0 0 0 0 0 0
2011815841811564 137212166624960 coll_end 0 0 0 0 0 0
2011815841811724 137212166624960 rel_beg 1 0 0 0 0 0
2011815841812114 137212166624960 absorb 106 0 0 0 0 0
2011815841818464 137212166624960 rel_end 1 0 0 0 0 0
2011815841823933 137212166624960 wait_beg 0 0 0 0 0 0
2011815841924820 137212174624640 send 18 0 0 105 103 1
2011815842648523 137212174624640 send 724206 0 0 105 103 1
2011815843147755 137212174624640 send 613977 0 0 105 103 1
2011815843149495 137212174624640 send 14 0 0 105 103 1
2011815843149755 137212174624640 egress 106 1 0 103 0 0
2011815841845753 137212149839552 emit_beg 106 0 0 0 0 0
2011815841852462 137212149839552 dmg 0 1 0 0 2560 1440
2011815841852742 137212149839552 enc 105 105 1 -1 -1 0
2011815841963218 137212149839552 emit_end 106 0 0 0 0 0
2011815878146217 137212166624960 wait_end 0 0 0 0 0 0
2011815878151417 137212166624960 drain_beg 0 0 0 0 0 0
2011815878151907 137212166624960 drain_end 1 0 0 0 0 0
2011815878152087 137212166624960 take 107 0 0 0 0 0
2011815878152377 137212166624960 subm_beg 1 0 0 0 0 0
2011815878154047 137212166624960 submit 107 0 0 0 0 0
2011815878154217 137212166624960 subm_end 1 0 0 0 0 0
2011815878154267 137212166624960 pump_beg 1 0 0 0 0 0
2011815878966017 137212166624960 feedend 106 0 0 0 0 0
2011815879397171 137212166624960 feedend 106 1 0 0 0 0
2011815876328373 137212174624640 cliack 104 0 105 106 0 0
2011815876329243 137212174624640 ackregion 105 106 106 104 1 0
2011815878115458 137212174624640 msgin 107 22118400 0 0 0 0
2011815878117568 137212174624640 enq 107 1 0 0 0 0
2011815886892557 137212166624960 outfirst 106 0 65536 0 0 0
2011815895223313 137212166624960 outfirst 106 1 65536 0 0 0
2011815895353798 137212166624960 pump_end 1 2 0 0 0 0
2011815895354698 137212166624960 join_beg 1 0 0 0 0 0
2011815895355718 137212166624960 join_end 0 0 0 0 0 0
2011815895355838 137212166624960 book_beg 1 0 0 0 0 0
2011815895357138 137212166624960 batch 107 1 1 2 2 0
2011815895357308 137212166624960 book_end 1 0 0 0 0 0
2011815895357478 137212166624960 coll_beg 0 0 0 0 0 0
2011815896098641 137212166624960 coll_end 0 0 0 0 0 0
2011815896098721 137212166624960 rel_beg 1 0 0 0 0 0
2011815896099151 137212166624960 absorb 107 0 0 0 0 0
2011815896105451 137212166624960 rel_end 1 0 0 0 0 0
2011815896108001 137212166624960 wait_beg 0 0 0 0 0 0
2011815896201397 137212174624640 send 18 0 0 106 104 1
2011815897227530 137212174624640 send 891376 0 0 106 104 1
2011815897910095 137212174624640 send 737512 0 0 106 104 1
2011815897911615 137212174624640 send 14 0 0 106 104 1
2011815897911995 137212174624640 egress 107 1 0 104 0 0
2011815896126940 137212149839552 emit_beg 107 0 0 0 0 0
2011815896132280 137212149839552 dmg 0 1 0 0 2560 1440
2011815896132720 137212149839552 enc 106 106 1 -1 -1 0
2011815896244966 137212149839552 emit_end 107 0 0 0 0 0
2011815951234177 137212166624960 wait_end 0 0 0 0 0 0
2011815951236977 137212166624960 drain_beg 0 0 0 0 0 0
2011815951237557 137212166624960 drain_end 1 0 0 0 0 0
2011815951237837 137212166624960 take 108 0 0 0 0 0
2011815951238357 137212166624960 subm_beg 1 0 0 0 0 0
2011815951239717 137212166624960 submit 108 0 0 0 0 0
2011815951239867 137212166624960 subm_end 1 0 0 0 0 0
2011815951239917 137212166624960 pump_beg 1 0 0 0 0 0
2011815951949671 137212166624960 feedend 107 0 0 0 0 0
2011815952352167 137212166624960 feedend 107 1 0 0 0 0
2011815945423560 137212174624640 cliack 105 0 106 107 0 0
2011815945423780 137212174624640 ackregion 106 107 107 105 1 0
2011815951216088 137212174624640 msgin 108 22118400 0 0 0 0
2011815951217198 137212174624640 enq 108 1 0 0 0 0
2011815958914447 137212166624960 outfirst 107 0 65536 0 0 0
2011815965718528 137212166624960 outfirst 107 1 65536 0 0 0
2011815965822675 137212166624960 pump_end 1 2 0 0 0 0
2011815965823285 137212166624960 join_beg 1 0 0 0 0 0
2011815965823965 137212166624960 join_end 0 0 0 0 0 0
2011815965824015 137212166624960 book_beg 1 0 0 0 0 0
2011815965824675 137212166624960 batch 108 1 1 2 2 0
2011815965824705 137212166624960 book_end 1 0 0 0 0 0
2011815965824745 137212166624960 coll_beg 0 0 0 0 0 0
2011815966203631 137212166624960 coll_end 0 0 0 0 0 0
2011815966203751 137212166624960 rel_beg 1 0 0 0 0 0
2011815966204101 137212166624960 absorb 108 0 0 0 0 0
2011815966209891 137212166624960 rel_end 1 0 0 0 0 0
2011815966212310 137212166624960 wait_beg 0 0 0 0 0 0
2011815966289888 137212174624640 send 18 0 0 107 105 1
2011815966798159 137212174624640 send 658505 0 0 107 105 1
2011815967216194 137212174624640 send 589007 0 0 107 105 1
2011815967217604 137212174624640 send 14 0 0 107 105 1
2011815967217894 137212174624640 egress 108 1 0 105 0 0
2011815966235980 137212149839552 emit_beg 108 0 0 0 0 0
2011815966244229 137212149839552 dmg 0 1 0 0 2560 1440
2011815966244489 137212149839552 enc 107 107 1 -1 -1 0
2011815966344296 137212149839552 emit_end 108 0 0 0 0 0
2011816003226069 137212174624640 cliack 106 0 107 108 0 0
2011816003226559 137212174624640 ackregion 107 108 108 106 1 0
2011816006894985 137212166624960 wait_end 0 0 0 0 0 0
2011816006900294 137212166624960 drain_beg 0 0 0 0 0 0
2011816006900914 137212166624960 drain_end 1 0 0 0 0 0
2011816006901334 137212166624960 take 109 0 0 0 0 0
2011816006902344 137212166624960 subm_beg 1 0 0 0 0 0
2011816006904204 137212166624960 submit 109 0 0 0 0 0
2011816006904364 137212166624960 subm_end 1 0 0 0 0 0
2011816006904444 137212166624960 pump_beg 1 0 0 0 0 0
2011816007736114 137212166624960 feedend 108 0 0 0 0 0
2011816008174238 137212166624960 feedend 108 1 0 0 0 0
2011816006870446 137212174624640 msgin 109 22118400 0 0 0 0
2011816006872775 137212174624640 enq 109 1 0 0 0 0
2011816014775697 137212166624960 outfirst 108 0 65536 0 0 0
2011816021809160 137212166624960 outfirst 108 1 65536 0 0 0
2011816021915426 137212166624960 pump_end 1 2 0 0 0 0
2011816021915766 137212166624960 join_beg 1 0 0 0 0 0
2011816021916226 137212166624960 join_end 0 0 0 0 0 0
2011816021916586 137212166624960 book_beg 1 0 0 0 0 0
2011816021916916 137212166624960 batch 109 1 1 2 2 0
2011816021917016 137212166624960 book_end 1 0 0 0 0 0
2011816021917136 137212166624960 coll_beg 0 0 0 0 0 0
2011816022439867 137212166624960 coll_end 0 0 0 0 0 0
2011816022439947 137212166624960 rel_beg 1 0 0 0 0 0
2011816022440607 137212166624960 absorb 109 0 0 0 0 0
2011816022445187 137212166624960 rel_end 1 0 0 0 0 0
2011816022447597 137212166624960 wait_beg 0 0 0 0 0 0
2011816022475956 137212174624640 send 18 0 0 108 106 1
2011816023264537 137212174624640 send 660407 0 0 108 106 1
2011816023717630 137212174624640 send 554852 0 0 108 106 1
2011816023718880 137212174624640 send 14 0 0 108 106 1
2011816023719140 137212174624640 egress 109 1 0 106 0 0
2011816022455856 137212149839552 emit_beg 109 0 0 0 0 0
2011816022460546 137212149839552 dmg 0 1 0 0 2560 1440
2011816022461036 137212149839552 enc 108 108 1 -1 -1 0
2011816022531533 137212149839552 emit_end 109 0 0 0 0 0
2011816073587449 137212174624640 cliack 107 0 108 109 0 0
2011816073587669 137212174624640 ackregion 108 109 109 107 1 0
2011816079994495 137212166624960 wait_end 0 0 0 0 0 0
2011816080003974 137212166624960 drain_beg 0 0 0 0 0 0
2011816080004464 137212166624960 drain_end 1 0 0 0 0 0
2011816080004624 137212166624960 take 110 0 0 0 0 0
2011816080005414 137212166624960 subm_beg 1 0 0 0 0 0
2011816080006894 137212166624960 submit 110 0 0 0 0 0
2011816080007044 137212166624960 subm_end 1 0 0 0 0 0
2011816080007104 137212166624960 pump_beg 1 0 0 0 0 0
2011816080762547 137212166624960 feedend 109 0 0 0 0 0
2011816081136183 137212166624960 feedend 109 1 0 0 0 0
2011816079962256 137212174624640 msgin 110 22118400 0 0 0 0
2011816079964176 137212174624640 enq 110 1 0 0 0 0
2011816088126898 137212166624960 outfirst 109 0 65536 0 0 0
2011816095148461 137212166624960 outfirst 109 1 65536 0 0 0
2011816095274377 137212166624960 pump_end 1 2 0 0 0 0
2011816095274537 137212166624960 join_beg 1 0 0 0 0 0
2011816095274837 137212166624960 join_end 0 0 0 0 0 0
2011816095275117 137212166624960 book_beg 1 0 0 0 0 0
2011816095275367 137212166624960 batch 110 1 1 2 2 0
2011816095275507 137212166624960 book_end 1 0 0 0 0 0
2011816095275657 137212166624960 coll_beg 0 0 0 0 0 0
2011816095676662 137212166624960 coll_end 0 0 0 0 0 0
2011816095676712 137212166624960 rel_beg 1 0 0 0 0 0
2011816095677082 137212166624960 absorb 110 0 0 0 0 0
2011816095681302 137212166624960 rel_end 1 0 0 0 0 0
2011816095683072 137212166624960 wait_beg 0 0 0 0 0 0
2011816095715001 137212174624640 send 18 0 0 109 107 1
2011816096281870 137212174624640 send 731232 0 0 109 107 1
2011816096726634 137212174624640 send 606875 0 0 109 107 1
2011816096728084 137212174624640 send 14 0 0 109 107 1
2011816096728334 137212174624640 egress 110 1 0 107 0 0
2011816095689662 137212149839552 emit_beg 110 0 0 0 0 0
2011816095692582 137212149839552 dmg 0 1 0 0 2560 1440
2011816095692811 137212149839552 enc 109 109 1 -1 -1 0
2011816095770649 137212149839552 emit_end 110 0 0 0 0 0
2011816132780117 137212166624960 wait_end 0 0 0 0 0 0
2011816132783457 137212166624960 drain_beg 0 0 0 0 0 0
2011816132784107 137212166624960 drain_end 1 0 0 0 0 0
2011816132784407 137212166624960 take 111 0 0 0 0 0
2011816132784977 137212166624960 subm_beg 1 0 0 0 0 0
2011816132786917 137212166624960 submit 111 0 0 0 0 0
2011816132787067 137212166624960 subm_end 1 0 0 0 0 0
2011816132787107 137212166624960 pump_beg 1 0 0 0 0 0
2011816133643835 137212166624960 feedend 110 0 0 0 0 0
2011816133980213 137212166624960 feedend 110 1 0 0 0 0
2011816127452852 137212174624640 cliack 108 0 109 110 0 0
2011816127453142 137212174624640 ackregion 109 110 110 108 1 0
2011816132763118 137212174624640 msgin 111 22118400 0 0 0 0
2011816132765327 137212174624640 enq 111 1 0 0 0 0
2011816145495952 137212166624960 outfirst 110 0 65536 0 0 0
2011816155257986 137212166624960 outfirst 110 1 65536 0 0 0
2011816155394981 137212166624960 pump_end 1 2 0 0 0 0
2011816155395521 137212166624960 join_beg 1 0 0 0 0 0
2011816155397101 137212166624960 join_end 0 0 0 0 0 0
2011816155397191 137212166624960 book_beg 1 0 0 0 0 0
2011816155398021 137212166624960 batch 111 1 1 2 2 0
2011816155398181 137212166624960 book_end 1 0 0 0 0 0
2011816155398291 137212166624960 coll_beg 0 0 0 0 0 0
2011816155964980 137212166624960 coll_end 0 0 0 0 0 0
2011816155965110 137212166624960 rel_beg 1 0 0 0 0 0
2011816155977140 137212166624960 absorb 111 0 0 0 0 0
2011816155984159 137212166624960 rel_end 1 0 0 0 0 0
2011816155987799 137212166624960 wait_beg 0 0 0 0 0 0
2011816156086166 137212174624640 send 18 0 0 110 108 1
2011816157224674 137212174624640 send 979586 0 0 110 108 1
2011816157940528 137212174624640 send 873895 0 0 110 108 1
2011816157942008 137212174624640 send 14 0 0 110 108 1
2011816157942408 137212174624640 egress 111 1 0 108 0 0
2011816156009728 137212149839552 emit_beg 111 0 0 0 0 0
2011816156016368 137212149839552 dmg 0 1 0 0 2560 1440
2011816156016618 137212149839552 enc 110 110 1 -1 -1 0
2011816156146013 137212149839552 emit_end 111 0 0 0 0 0
2011816183899670 137212166624960 wait_end 0 0 0 0 0 0
2011816183904400 137212166624960 drain_beg 0 0 0 0 0 0
2011816183904880 137212166624960 drain_end 1 0 0 0 0 0
2011816183905120 137212166624960 take 112 0 0 0 0 0
2011816183905460 137212166624960 subm_beg 1 0 0 0 0 0
2011816183906330 137212166624960 submit 112 0 0 0 0 0
2011816183906500 137212166624960 subm_end 1 0 0 0 0 0
2011816183906550 137212166624960 pump_beg 1 0 0 0 0 0
2011816184701041 137212166624960 feedend 111 0 0 0 0 0
2011816185144034 137212166624960 feedend 111 1 0 0 0 0
2011816180008902 137212174624640 cliack 109 0 110 111 0 0
2011816180010142 137212174624640 ackregion 110 111 111 109 1 0
2011816183866251 137212174624640 msgin 112 22118400 0 0 0 0
2011816183867711 137212174624640 enq 112 1 0 0 0 0
2011816192286754 137212166624960 outfirst 111 0 65536 0 0 0
2011816199700213 137212166624960 outfirst 111 1 65536 0 0 0
2011816199819238 137212166624960 pump_end 1 2 0 0 0 0
2011816199819628 137212166624960 join_beg 1 0 0 0 0 0
2011816199820168 137212166624960 join_end 0 0 0 0 0 0
2011816199820498 137212166624960 book_beg 1 0 0 0 0 0
2011816199820988 137212166624960 batch 112 1 1 2 2 0
2011816199821118 137212166624960 book_end 1 0 0 0 0 0
2011816199821278 137212166624960 coll_beg 0 0 0 0 0 0
2011816200415317 137212166624960 coll_end 0 0 0 0 0 0
2011816200415567 137212166624960 rel_beg 1 0 0 0 0 0
2011816200416127 137212166624960 absorb 112 0 0 0 0 0
2011816200421057 137212166624960 rel_end 1 0 0 0 0 0
2011816200422906 137212166624960 wait_beg 0 0 0 0 0 0
2011816200466415 137212174624640 send 18 0 0 111 109 1
2011816201063383 137212174624640 send 764058 0 0 111 109 1
2011816201553325 137212174624640 send 685187 0 0 111 109 1
2011816201554605 137212174624640 send 14 0 0 111 109 1
2011816201554875 137212174624640 egress 112 1 0 109 0 0
2011816200429376 137212149839552 emit_beg 112 0 0 0 0 0
2011816200432466 137212149839552 dmg 0 1 0 0 2560 1440
2011816200432676 137212149839552 enc 111 111 1 -1 -1 0
2011816200510703 137212149839552 emit_end 112 0 0 0 0 0
2011816243522982 137212166624960 wait_end 0 0 0 0 0 0
2011816243526472 137212166624960 drain_beg 0 0 0 0 0 0
2011816243527182 137212166624960 drain_end 1 0 0 0 0 0
2011816243527352 137212166624960 take 113 0 0 0 0 0
2011816243527762 137212166624960 subm_beg 1 0 0 0 0 0
2011816243528922 137212166624960 submit 113 0 0 0 0 0
2011816243529032 137212166624960 subm_end 1 0 0 0 0 0
2011816243529122 137212166624960 pump_beg 1 0 0 0 0 0
2011816244404320 137212166624960 feedend 112 0 0 0 0 0
2011816244794756 137212166624960 feedend 112 1 0 0 0 0
2011816237794072 137212174624640 cliack 110 0 111 112 0 0
2011816237794302 137212174624640 ackregion 111 112 112 110 1 0
2011816243508163 137212174624640 msgin 113 22118400 0 0 0 0
2011816243509563 137212174624640 enq 113 1 0 0 0 0
2011816252621510 137212166624960 outfirst 112 0 65536 0 0 0
2011816260517152 137212166624960 outfirst 112 1 65536 0 0 0
2011816260721874 137212166624960 pump_end 1 2 0 0 0 0
2011816260722404 137212166624960 join_beg 1 0 0 0 0 0
2011816260723124 137212166624960 join_end 0 0 0 0 0 0
2011816260723374 137212166624960 book_beg 1 0 0 0 0 0
2011816260723794 137212166624960 batch 113 1 1 2 2 0
2011816260723834 137212166624960 book_end 1 0 0 0 0 0
2011816260723864 137212166624960 coll_beg 0 0 0 0 0 0
2011816261189447 137212166624960 coll_end 0 0 0 0 0 0
2011816261189507 137212166624960 rel_beg 1 0 0 0 0 0
2011816261189767 137212166624960 absorb 113 0 0 0 0 0
2011816261192887 137212166624960 rel_end 1 0 0 0 0 0
2011816261196227 137212166624960 wait_beg 0 0 0 0 0 0
2011816261248975 137212174624640 send 18 0 0 112 110 1
2011816261868882 137212174624640 send 853435 0 0 112 110 1
2011816262369864 137212174624640 send 708692 0 0 112 110 1
2011816262371354 137212174624640 send 14 0 0 112 110 1
2011816262371684 137212174624640 egress 113 1 0 110 0 0
2011816261204037 137212149839552 emit_beg 113 0 0 0 0 0
2011816261209466 137212149839552 dmg 0 1 0 0 2560 1440
2011816261209696 137212149839552 enc 112 112 1 -1 -1 0
2011816261299473 137212149839552 emit_end 113 0 0 0 0 0
2011816323913956 137212166624960 wait_end 0 0 0 0 0 0
2011816323918316 137212166624960 drain_beg 0 0 0 0 0 0
2011816323918826 137212166624960 drain_end 1 0 0 0 0 0
2011816323919056 137212166624960 take 114 0 0 0 0 0
2011816323919706 137212166624960 subm_beg 1 0 0 0 0 0
2011816323921416 137212166624960 submit 114 0 0 0 0 0
2011816323921556 137212166624960 subm_end 1 0 0 0 0 0
2011816323921606 137212166624960 pump_beg 1 0 0 0 0 0
2011816324615701 137212166624960 feedend 113 0 0 0 0 0
2011816324799824 137212166624960 feedend 113 1 0 0 0 0
2011816317916495 137212174624640 cliack 111 0 112 113 0 0
2011816317916695 137212174624640 ackregion 112 113 113 111 1 0
2011816323893997 137212174624640 msgin 114 22118400 0 0 0 0
2011816323896167 137212174624640 enq 114 1 0 0 0 0
2011816332337719 137212166624960 outfirst 113 0 65536 0 0 0
2011816339519596 137212166624960 outfirst 113 1 65536 0 0 0
2011816339608903 137212166624960 pump_end 1 2 0 0 0 0
2011816339609123 137212166624960 join_beg 1 0 0 0 0 0
2011816339609583 137212166624960 join_end 0 0 0 0 0 0
2011816339609633 137212166624960 book_beg 1 0 0 0 0 0
2011816339609933 137212166624960 batch 114 1 1 2 2 0
2011816339610023 137212166624960 book_end 1 0 0 0 0 0
2011816339610143 137212166624960 coll_beg 0 0 0 0 0 0
2011816340023848 137212166624960 coll_end 0 0 0 0 0 0
2011816340023958 137212166624960 rel_beg 1 0 0 0 0 0
2011816340024368 137212166624960 absorb 114 0 0 0 0 0
2011816340028338 137212166624960 rel_end 1 0 0 0 0 0
2011816340030188 137212166624960 wait_beg 0 0 0 0 0 0
2011816340057937 137212174624640 send 18 0 0 113 111 1
2011816340673374 137212174624640 send 783581 0 0 113 111 1
2011816341174266 137212174624640 send 642619 0 0 113 111 1
2011816341176176 137212174624640 send 14 0 0 113 111 1
2011816341176576 137212174624640 egress 114 1 0 111 0 0
2011816340036447 137212149839552 emit_beg 114 0 0 0 0 0
2011816340040237 137212149839552 dmg 0 1 0 0 2560 1440
2011816340040497 137212149839552 enc 113 113 1 -1 -1 0
2011816340121284 137212149839552 emit_end 114 0 0 0 0 0
2011816380640354 137212174624640 cliack 112 0 113 114 0 0
2011816380640524 137212174624640 ackregion 113 114 114 112 1 0
2011816386829708 137212166624960 wait_end 0 0 0 0 0 0
2011816386834008 137212166624960 drain_beg 0 0 0 0 0 0
2011816386834618 137212166624960 drain_end 1 0 0 0 0 0
2011816386834768 137212166624960 take 115 0 0 0 0 0
2011816386835418 137212166624960 subm_beg 1 0 0 0 0 0
2011816386836428 137212166624960 submit 115 0 0 0 0 0
2011816386836578 137212166624960 subm_end 1 0 0 0 0 0
2011816386836608 137212166624960 pump_beg 1 0 0 0 0 0
2011816387686347 137212166624960 feedend 114 0 0 0 0 0
2011816388093622 137212166624960 feedend 114 1 0 0 0 0
2011816395656276 137212166624960 outfirst 114 0 65536 0 0 0
2011816386802199 137212174624640 msgin 115 22118400 0 0 0 0
2011816386804129 137212174624640 enq 115 1 0 0 0 0
2011816404350918 137212166624960 outfirst 114 1 65536 0 0 0
2011816404468494 137212166624960 pump_end 1 2 0 0 0 0
2011816404469254 137212166624960 join_beg 1 0 0 0 0 0
2011816404470014 137212166624960 join_end 0 0 0 0 0 0
2011816404470064 137212166624960 book_beg 1 0 0 0 0 0
2011816404471194 137212166624960 batch 115 1 1 2 2 0
2011816404471234 137212166624960 book_end 1 0 0 0 0 0
2011816404471274 137212166624960 coll_beg 0 0 0 0 0 0
2011816404914888 137212166624960 coll_end 0 0 0 0 0 0
2011816404914938 137212166624960 rel_beg 1 0 0 0 0 0
2011816404915358 137212166624960 absorb 115 0 0 0 0 0
2011816404919138 137212166624960 rel_end 1 0 0 0 0 0
2011816404920048 137212166624960 wait_beg 0 0 0 0 0 0
2011816404971526 137212174624640 send 18 0 0 114 112 1
2011816405616212 137212174624640 send 822865 0 0 114 112 1
2011816406144503 137212174624640 send 704864 0 0 114 112 1
2011816406145923 137212174624640 send 14 0 0 114 112 1
2011816406146323 137212174624640 egress 115 1 0 112 0 0
2011816404937937 137212149839552 emit_beg 115 0 0 0 0 0
2011816404942977 137212149839552 dmg 0 1 0 0 2560 1440
2011816404943337 137212149839552 enc 114 114 1 -1 -1 0
2011816405047523 137212149839552 emit_end 115 0 0 0 0 0
2011816450067559 137212166624960 wait_end 0 0 0 0 0 0
2011816450069469 137212166624960 drain_beg 0 0 0 0 0 0
2011816450069739 137212166624960 drain_end 1 0 0 0 0 0
2011816450069819 137212166624960 take 116 0 0 0 0 0
2011816450070139 137212166624960 subm_beg 1 0 0 0 0 0
2011816450071059 137212166624960 submit 116 0 0 0 0 0
2011816450071209 137212166624960 subm_end 1 0 0 0 0 0
2011816450071239 137212166624960 pump_beg 1 0 0 0 0 0
2011816450842921 137212166624960 feedend 115 0 0 0 0 0
2011816451218267 137212166624960 feedend 115 1 0 0 0 0
2011816448200327 137212174624640 cliack 113 0 114 115 0 0
2011816448200457 137212174624640 ackregion 114 115 115 113 1 0
2011816450055559 137212174624640 msgin 116 22118400 0 0 0 0
2011816450056189 137212174624640 enq 116 1 0 0 0 0
2011816458321897 137212166624960 outfirst 115 0 65536 0 0 0
2011816466041955 137212166624960 outfirst 115 1 65536 0 0 0
2011816466127072 137212166624960 pump_end 1 2 0 0 0 0
2011816466127912 137212166624960 join_beg 1 0 0 0 0 0
2011816466129242 137212166624960 join_end 0 0 0 0 0 0
2011816466129302 137212166624960 book_beg 1 0 0 0 0 0
2011816466130502 137212166624960 batch 116 1 1 2 2 0
2011816466130542 137212166624960 book_end 1 0 0 0 0 0
2011816466130582 137212166624960 coll_beg 0 0 0 0 0 0
2011816466539407 137212166624960 coll_end 0 0 0 0 0 0
2011816466539457 137212166624960 rel_beg 1 0 0 0 0 0
2011816466540027 137212166624960 absorb 116 0 0 0 0 0
2011816466546377 137212166624960 rel_end 1 0 0 0 0 0
2011816466548947 137212166624960 wait_beg 0 0 0 0 0 0
2011816466629574 137212174624640 send 18 0 0 115 113 1
2011816466554617 137212149839552 emit_beg 116 0 0 0 0 0
2011816466559566 137212149839552 dmg 0 1 0 0 2560 1440
2011816466559906 137212149839552 enc 115 115 1 -1 -1 0
2011816466647033 137212149839552 emit_end 116 0 0 0 0 0
2011816467420175 137212174624640 send 728469 0 0 115 113 1
2011816468001334 137212174624640 send 596347 0 0 115 113 1
2011816468002894 137212174624640 send 14 0 0 115 113 1
2011816468003484 137212174624640 egress 116 1 0 113 0 0
2011816513822920 137212166624960 wait_end 0 0 0 0 0 0
2011816513827890 137212166624960 drain_beg 0 0 0 0 0 0
2011816513828280 137212166624960 drain_end 1 0 0 0 0 0
2011816513828460 137212166624960 take 117 0 0 0 0 0
2011816513828900 137212166624960 subm_beg 1 0 0 0 0 0
2011816513830030 137212166624960 submit 117 0 0 0 0 0
2011816513830190 137212166624960 subm_end 1 0 0 0 0 0
2011816513830250 137212166624960 pump_beg 1 0 0 0 0 0
2011816514662770 137212166624960 feedend 116 0 0 0 0 0
2011816515133513 137212166624960 feedend 116 1 0 0 0 0
2011816509808177 137212174624640 cliack 114 0 115 116 0 0
2011816509808597 137212174624640 ackregion 115 116 116 114 1 0
2011816513800131 137212174624640 msgin 117 22118400 0 0 0 0
2011816513800931 137212174624640 enq 117 1 0 0 0 0
2011816522784633 137212166624960 outfirst 116 0 65536 0 0 0
2011816532436280 137212166624960 outfirst 116 1 65536 0 0 0
2011816532551206 137212166624960 pump_end 1 2 0 0 0 0
2011816532551396 137212166624960 join_beg 1 0 0 0 0 0
2011816532551856 137212166624960 join_end 0 0 0 0 0 0
2011816532552136 137212166624960 book_beg 1 0 0 0 0 0
2011816532552456 137212166624960 batch 117 1 1 2 2 0
2011816532552596 137212166624960 book_end 1 0 0 0 0 0
2011816532552696 137212166624960 coll_beg 0 0 0 0 0 0
2011816533063808 137212166624960 coll_end 0 0 0 0 0 0
2011816533063968 137212166624960 rel_beg 1 0 0 0 0 0
2011816533064488 137212166624960 absorb 117 0 0 0 0 0
2011816533069097 137212166624960 rel_end 1 0 0 0 0 0
2011816533070877 137212166624960 wait_beg 0 0 0 0 0 0
2011816533097006 137212174624640 send 18 0 0 116 114 1
2011816533816540 137212174624640 send 900069 0 0 116 114 1
2011816534424688 137212174624640 send 812223 0 0 116 114 1
2011816534425908 137212174624640 send 14 0 0 116 114 1
2011816534426318 137212174624640 egress 117 1 0 114 0 0
2011816533076567 137212149839552 emit_beg 117 0 0 0 0 0
2011816533080597 137212149839552 dmg 0 1 0 0 2560 1440
2011816533080857 137212149839552 enc 116 116 1 -1 -1 0
2011816533184083 137212149839552 emit_end 117 0 0 0 0 0
2011816575664112 137212174624640 cliack 115 0 116 117 0 0
2011816575664862 137212174624640 ackregion 116 117 117 115 1 0
2011816581490299 137212166624960 wait_end 0 0 0 0 0 0
2011816581495539 137212166624960 drain_beg 0 0 0 0 0 0
2011816581496539 137212166624960 drain_end 1 0 0 0 0 0
2011816581496939 137212166624960 take 118 0 0 0 0 0
2011816581497749 137212166624960 subm_beg 1 0 0 0 0 0
2011816581499439 137212166624960 submit 118 0 0 0 0 0
2011816581499629 137212166624960 subm_end 1 0 0 0 0 0
2011816581499719 137212166624960 pump_beg 1 0 0 0 0 0
2011816582244541 137212166624960 feedend 117 0 0 0 0 0
2011816582655586 137212166624960 feedend 117 1 0 0 0 0
2011816581458510 137212174624640 msgin 118 22118400 0 0 0 0
2011816581459770 137212174624640 enq 118 1 0 0 0 0
2011816589947110 137212166624960 outfirst 117 0 65536 0 0 0
2011816597677788 137212166624960 outfirst 117 1 65536 0 0 0
2011816597796043 137212166624960 pump_end 1 2 0 0 0 0
2011816597796733 137212166624960 join_beg 1 0 0 0 0 0
2011816597797783 137212166624960 join_end 0 0 0 0 0 0
2011816597797903 137212166624960 book_beg 1 0 0 0 0 0
2011816597798943 137212166624960 batch 118 1 1 2 2 0
2011816597799003 137212166624960 book_end 1 0 0 0 0 0
2011816597799063 137212166624960 coll_beg 0 0 0 0 0 0
2011816598388492 137212166624960 coll_end 0 0 0 0 0 0
2011816598388612 137212166624960 rel_beg 1 0 0 0 0 0
2011816598389322 137212166624960 absorb 118 0 0 0 0 0
2011816598394402 137212166624960 rel_end 1 0 0 0 0 0
2011816598397241 137212166624960 wait_beg 0 0 0 0 0 0
2011816598483108 137212174624640 send 18 0 0 117 115 1
2011816599285899 137212174624640 send 736683 0 0 117 115 1
2011816599995683 137212174624640 send 638921 0 0 117 115 1
2011816599997563 137212174624640 send 14 0 0 117 115 1
2011816599998163 137212174624640 egress 118 1 0 115 0 0
2011816598402671 137212149839552 emit_beg 118 0 0 0 0 0
2011816598406911 137212149839552 dmg 0 1 0 0 2560 1440
2011816598407261 137212149839552 enc 117 117 1 -1 -1 0
2011816598510027 137212149839552 emit_end 118 0 0 0 0 0
2011816632966619 137212174624640 cliack 116 0 117 118 0 0
2011816632967059 137212174624640 ackregion 117 118 118 116 1 0
2011816638989079 137212166624960 wait_end 0 0 0 0 0 0
2011816638993109 137212166624960 drain_beg 0 0 0 0 0 0
2011816638993339 137212166624960 drain_end 1 0 0 0 0 0
2011816638993529 137212166624960 take 119 0 0 0 0 0
2011816638993989 137212166624960 subm_beg 1 0 0 0 0 0
2011816638995229 137212166624960 submit 119 0 0 0 0 0
2011816638995319 137212166624960 subm_end 1 0 0 0 0 0
2011816638995389 137212166624960 pump_beg 1 0 0 0 0 0
2011816639736422 137212166624960 feedend 118 0 0 0 0 0
2011816640172986 137212166624960 feedend 118 1 0 0 0 0
2011816648128125 137212166624960 outfirst 118 0 65536 0 0 0
2011816638973979 137212174624640 msgin 119 22118400 0 0 0 0
2011816638975889 137212174624640 enq 119 1 0 0 0 0
2011816657764953 137212166624960 outfirst 118 1 65536 0 0 0
2011816657897478 137212166624960 pump_end 1 2 0 0 0 0
2011816657897828 137212166624960 join_beg 1 0 0 0 0 0
2011816657898338 137212166624960 join_end 0 0 0 0 0 0
2011816657898568 137212166624960 book_beg 1 0 0 0 0 0
2011816657898908 137212166624960 batch 119 1 1 2 2 0
2011816657898948 137212166624960 book_end 1 0 0 0 0 0
2011816657898978 137212166624960 coll_beg 0 0 0 0 0 0
2011816658620392 137212166624960 coll_end 0 0 0 0 0 0
2011816658620652 137212166624960 rel_beg 1 0 0 0 0 0
2011816658621142 137212166624960 absorb 119 0 0 0 0 0
2011816658628132 137212166624960 rel_end 1 0 0 0 0 0
2011816658629952 137212166624960 wait_beg 0 0 0 0 0 0
2011816658673830 137212174624640 send 18 0 0 118 116 1
2011816659461661 137212174624640 send 999734 0 0 118 116 1
2011816660102768 137212174624640 send 859793 0 0 118 116 1
2011816660104158 137212174624640 send 14 0 0 118 116 1
2011816660104538 137212174624640 egress 119 1 0 116 0 0
2011816658636381 137212149839552 emit_beg 119 0 0 0 0 0
2011816658639141 137212149839552 dmg 0 1 0 0 2560 1440
2011816658639621 137212149839552 enc 118 118 1 -1 -1 0
2011816658743677 137212149839552 emit_end 119 0 0 0 0 0
2011816706950497 137212174624640 cliack 117 0 118 119 0 0
2011816706950637 137212174624640 ackregion 118 119 119 117 1 0
2011816711896326 137212166624960 wait_end 0 0 0 0 0 0
2011816711898646 137212166624960 drain_beg 0 0 0 0 0 0
2011816711899006 137212166624960 drain_end 1 0 0 0 0 0
2011816711899146 137212166624960 take 120 0 0 0 0 0
2011816711899506 137212166624960 subm_beg 1 0 0 0 0 0
2011816711900726 137212166624960 submit 120 0 0 0 0 0
2011816711900826 137212166624960 subm_end 1 0 0 0 0 0
2011816711900866 137212166624960 pump_beg 1 0 0 0 0 0
2011816712798313 137212166624960 feedend 119 0 0 0 0 0
2011816713185539 137212166624960 feedend 119 1 0 0 0 0
2011816711873847 137212174624640 msgin 120 22118400 0 0 0 0
2011816711874707 137212174624640 enq 120 1 0 0 0 0
2011816721405309 137212166624960 outfirst 119 0 65536 0 0 0
2011816730297524 137212166624960 outfirst 119 1 65536 0 0 0
2011816730417230 137212166624960 pump_end 1 2 0 0 0 0
2011816730418120 137212166624960 join_beg 1 0 0 0 0 0
2011816730419450 137212166624960 join_end 0 0 0 0 0 0
2011816730419580 137212166624960 book_beg 1 0 0 0 0 0
2011816730420850 137212166624960 batch 120 1 1 2 2 0
2011816730420900 137212166624960 book_end 1 0 0 0 0 0
2011816730420960 137212166624960 coll_beg 0 0 0 0 0 0
2011816731141123 137212166624960 coll_end 0 0 0 0 0 0
2011816731141273 137212166624960 rel_beg 1 0 0 0 0 0
2011816731142023 137212166624960 absorb 120 0 0 0 0 0
2011816731147993 137212166624960 rel_end 1 0 0 0 0 0
2011816731150533 137212166624960 wait_beg 0 0 0 0 0 0
2011816731232110 137212174624640 send 18 0 0 119 117 1
2011816731869737 137212174624640 send 854311 0 0 119 117 1
2011816732427606 137212174624640 send 736588 0 0 119 117 1
2011816732428996 137212174624640 send 14 0 0 119 117 1
2011816732429446 137212174624640 egress 120 1 0 117 0 0
2011816731160493 137212149839552 emit_beg 120 0 0 0 0 0
2011816731167702 137212149839552 dmg 0 1 0 0 2560 1440
2011816731168022 137212149839552 enc 119 119 1 -1 -1 0
2011816731296818 137212149839552 emit_end 120 0 0 0 0 0
2011816766633297 137212174624640 cliack 118 0 119 120 0 0
2011816766633817 137212174624640 ackregion 119 120 120 118 1 0
2011816772943667 137212166624960 wait_end 0 0 0 0 0 0
2011816772947496 137212166624960 drain_beg 0 0 0 0 0 0
2011816772947826 137212166624960 drain_end 1 0 0 0 0 0
2011816772948106 137212166624960 take 121 0 0 0 0 0
2011816772948846 137212166624960 subm_beg 1 0 0 0 0 0
2011816772950396 137212166624960 submit 121 0 0 0 0 0
2011816772950556 137212166624960 subm_end 1 0 0 0 0 0
2011816772950616 137212166624960 pump_beg 1 0 0 0 0 0
2011816773783436 137212166624960 feedend 120 0 0 0 0 0
2011816774144903 137212166624960 feedend 120 1 0 0 0 0
2011816772918537 137212174624640 msgin 121 22118400 0 0 0 0
2011816772919797 137212174624640 enq 121 1 0 0 0 0
2011816781315901 137212166624960 outfirst 120 0 65536 0 0 0
2011816788227408 137212166624960 outfirst 120 1 65536 0 0 0
2011816788326005 137212166624960 pump_end 1 2 0 0 0 0
2011816788326665 137212166624960 join_beg 1 0 0 0 0 0
2011816788326895 137212166624960 join_end 0 0 0 0 0 0
2011816788326985 137212166624960 book_beg 1 0 0 0 0 0
2011816788327385 137212166624960 batch 121 1 1 2 2 0
2011816788327535 137212166624960 book_end 1 0 0 0 0 0
2011816788327655 137212166624960 coll_beg 0 0 0 0 0 0
2011816788785968 137212166624960 coll_end 0 0 0 0 0 0
2011816788786078 137212166624960 rel_beg 1 0 0 0 0 0
2011816788786508 137212166624960 absorb 121 0 0 0 0 0
2011816788790498 137212166624960 rel_end 1 0 0 0 0 0
2011816788792508 137212166624960 wait_beg 0 0 0 0 0 0
2011816788834816 137212174624640 send 18 0 0 120 118 1
2011816788810597 137212149839552 emit_beg 121 0 0 0 0 0
2011816788815707 137212149839552 dmg 0 1 0 0 2560 1440
2011816788815977 137212149839552 enc 120 120 1 -1 -1 0
2011816788907664 137212149839552 emit_end 121 0 0 0 0 0
2011816789643797 137212174624640 send 797588 0 0 120 118 1
2011816790100950 137212174624640 send 621283 0 0 120 118 1
2011816790102080 137212174624640 send 14 0 0 120 118 1
2011816790102500 137212174624640 egress 121 1 0 118 0 0
2011817079998272 137212174624640 cliack 119 0 120 121 0 0
2011817079999232 137212174624640 ackregion 120 121 121 119 1 0
2011817083973987 137212166624960 wait_end 0 0 0 0 0 0
2011817083977367 137212166624960 drain_beg 0 0 0 0 0 0
2011817083978007 137212166624960 drain_end 1 0 0 0 0 0
2011817083978297 137212166624960 take 122 0 0 0 0 0
2011817083979047 137212166624960 subm_beg 1 0 0 0 0 0
2011817083980667 137212166624960 submit 122 0 0 0 0 0
2011817083980837 137212166624960 subm_end 1 0 0 0 0 0
2011817083980887 137212166624960 pump_beg 1 0 0 0 0 0
2011817084836025 137212166624960 feedend 121 0 0 0 0 0
2011817085283349 137212166624960 feedend 121 1 0 0 0 0
2011817083958938 137212174624640 msgin 122 22118400 0 0 0 0
2011817083961437 137212174624640 enq 122 1 0 0 0 0
2011817093336695 137212166624960 outfirst 121 0 65536 0 0 0
2011817101633572 137212166624960 outfirst 121 1 65536 0 0 0
2011817101747658 137212166624960 pump_end 1 2 0 0 0 0
2011817101756338 137212166624960 join_beg 1 0 0 0 0 0
2011817101757718 137212166624960 join_end 0 0 0 0 0 0
2011817101757778 137212166624960 book_beg 1 0 0 0 0 0
2011817101758648 137212166624960 batch 122 1 1 2 2 0
2011817101758728 137212166624960 book_end 1 0 0 0 0 0
2011817101758808 137212166624960 coll_beg 0 0 0 0 0 0
2011817102397314 137212166624960 coll_end 0 0 0 0 0 0
2011817102397484 137212166624960 rel_beg 1 0 0 0 0 0
2011817102398494 137212166624960 absorb 122 0 0 0 0 0
2011817102404474 137212166624960 rel_end 1 0 0 0 0 0
2011817102406894 137212166624960 wait_beg 0 0 0 0 0 0
2011817102477331 137212174624640 send 18 0 0 121 119 1
2011817102415834 137212149839552 emit_beg 122 0 0 0 0 0
2011817102421423 137212149839552 dmg 0 1 0 0 2560 1440
2011817102421673 137212149839552 enc 121 121 1 -1 -1 0
2011817102521130 137212149839552 emit_end 122 0 0 0 0 0
2011817103110918 137212174624640 send 823423 0 0 121 119 1
2011817103615340 137212174624640 send 679428 0 0 121 119 1
2011817103617300 137212174624640 send 14 0 0 121 119 1
2011817103617860 137212174624640 egress 122 1 0 119 0 0
2011817151675634 137212166624960 wait_end 0 0 0 0 0 0
2011817151681394 137212166624960 drain_beg 0 0 0 0 0 0
2011817151681994 137212166624960 drain_end 1 0 0 0 0 0
2011817151682244 137212166624960 take 123 0 0 0 0 0
2011817151682974 137212166624960 subm_beg 1 0 0 0 0 0
2011817151684654 137212166624960 submit 123 0 0 0 0 0
2011817151684834 137212166624960 subm_end 1 0 0 0 0 0
2011817151684914 137212166624960 pump_beg 1 0 0 0 0 0
2011817152507934 137212166624960 feedend 122 0 0 0 0 0
2011817152942068 137212166624960 feedend 122 1 0 0 0 0
2011817145737261 137212174624640 cliack 120 0 121 122 0 0
2011817145737601 137212174624640 ackregion 121 122 122 120 1 0
2011817151649295 137212174624640 msgin 123 22118400 0 0 0 0
2011817151651605 137212174624640 enq 123 1 0 0 0 0
2011817159909884 137212166624960 outfirst 122 0 65536 0 0 0
2011817167992808 137212166624960 outfirst 122 1 65536 0 0 0
2011817168129133 137212166624960 pump_end 1 2 0 0 0 0
2011817168129393 137212166624960 join_beg 1 0 0 0 0 0
2011817168129943 137212166624960 join_end 0 0 0 0 0 0
2011817168130313 137212166624960 book_beg 1 0 0 0 0 0
2011817168130883 137212166624960 batch 123 1 1 2 2 0
2011817168131013 137212166624960 book_end 1 0 0 0 0 0
2011817168131183 137212166624960 coll_beg 0 0 0 0 0 0
2011817168667104 137212166624960 coll_end 0 0 0 0 0 0
2011817168667304 137212166624960 rel_beg 1 0 0 0 0 0
2011817168667684 137212166624960 absorb 123 0 0 0 0 0
2011817168672454 137212166624960 rel_end 1 0 0 0 0 0
2011817168674934 137212166624960 wait_beg 0 0 0 0 0 0
2011817168733601 137212174624640 send 18 0 0 122 120 1
2011817169524383 137212174624640 send 697616 0 0 122 120 1
2011817169957517 137212174624640 send 603118 0 0 122 120 1
2011817169958717 137212174624640 send 14 0 0 122 120 1
2011817169959097 137212174624640 egress 123 1 0 120 0 0
2011817168696303 137212149839552 emit_beg 123 0 0 0 0 0
2011817168704232 137212149839552 dmg 0 1 0 0 2560 1440
2011817168704612 137212149839552 enc 122 122 1 -1 -1 0
2011817168791749 137212149839552 emit_end 123 0 0 0 0 0
2011817209954196 137212166624960 wait_end 0 0 0 0 0 0
2011817209959186 137212166624960 drain_beg 0 0 0 0 0 0
2011817209960196 137212166624960 drain_end 1 0 0 0 0 0
2011817209960446 137212166624960 take 124 0 0 0 0 0
2011817209961196 137212166624960 subm_beg 1 0 0 0 0 0
2011817209963206 137212166624960 submit 124 0 0 0 0 0
2011817209963396 137212166624960 subm_end 1 0 0 0 0 0
2011817209963466 137212166624960 pump_beg 1 0 0 0 0 0
2011817210714308 137212166624960 feedend 123 0 0 0 0 0
2011817211033826 137212166624960 feedend 123 1 0 0 0 0
2011817206195713 137212174624640 cliack 121 0 122 123 0 0
2011817206195853 137212174624640 ackregion 122 123 123 121 1 0
2011817209929567 137212174624640 msgin 124 22118400 0 0 0 0
2011817209931707 137212174624640 enq 124 1 0 0 0 0
2011817217912945 137212166624960 outfirst 123 0 65536 0 0 0
2011817226113006 137212166624960 outfirst 123 1 65536 0 0 0
2011817226192273 137212166624960 pump_end 1 2 0 0 0 0
2011817226192583 137212166624960 join_beg 1 0 0 0 0 0
2011817226192953 137212166624960 join_end 0 0 0 0 0 0
2011817226193143 137212166624960 book_beg 1 0 0 0 0 0
2011817226193363 137212166624960 batch 124 1 1 2 2 0
2011817226193483 137212166624960 book_end 1 0 0 0 0 0
2011817226193543 137212166624960 coll_beg 0 0 0 0 0 0
2011817226722004 137212166624960 coll_end 0 0 0 0 0 0
2011817226722074 137212166624960 rel_beg 1 0 0 0 0 0
2011817226722514 137212166624960 absorb 124 0 0 0 0 0
2011817226727103 137212166624960 rel_end 1 0 0 0 0 0
2011817226728993 137212166624960 wait_beg 0 0 0 0 0 0
2011817226758852 137212174624640 send 18 0 0 123 121 1
2011817227310202 137212174624640 send 693195 0 0 123 121 1
2011817227755646 137212174624640 send 601983 0 0 123 121 1
2011817227756796 137212174624640 send 14 0 0 123 121 1
2011817227757206 137212174624640 egress 124 1 0 121 0 0
2011817226732403 137212149839552 emit_beg 124 0 0 0 0 0
2011817226735203 137212149839552 dmg 0 1 0 0 2560 1440
2011817226735693 137212149839552 enc 123 123 1 -1 -1 0
2011817226814400 137212149839552 emit_end 124 0 0 0 0 0
2011817271193739 137212174624640 cliack 122 0 123 124 0 0
2011817271194019 137212174624640 ackregion 123 124 124 122 1 0
2011817276365630 137212166624960 wait_end 0 0 0 0 0 0
2011817276368430 137212166624960 drain_beg 0 0 0 0 0 0
2011817276368750 137212166624960 drain_end 1 0 0 0 0 0
2011817276368960 137212166624960 take 125 0 0 0 0 0
2011817276369470 137212166624960 subm_beg 1 0 0 0 0 0
2011817276370640 137212166624960 submit 125 0 0 0 0 0
2011817276370800 137212166624960 subm_end 1 0 0 0 0 0
2011817276370880 137212166624960 pump_beg 1 0 0 0 0 0
2011817277565037 137212166624960 feedend 124 0 0 0 0 0
2011817277973142 137212166624960 feedend 124 1 0 0 0 0
2011817276343211 137212174624640 msgin 125 22118400 0 0 0 0
2011817276343661 137212174624640 enq 125 1 0 0 0 0
2011817285276935 137212166624960 outfirst 124 0 65536 0 0 0
2011817292844859 137212166624960 outfirst 124 1 65536 0 0 0
2011817292959634 137212166624960 pump_end 1 2 0 0 0 0
2011817292960174 137212166624960 join_beg 1 0 0 0 0 0
2011817292960774 137212166624960 join_end 0 0 0 0 0 0
2011817292960964 137212166624960 book_beg 1 0 0 0 0 0
2011817292961404 137212166624960 batch 125 1 1 2 2 0
2011817292961484 137212166624960 book_end 1 0 0 0 0 0
2011817292961544 137212166624960 coll_beg 0 0 0 0 0 0
2011817293503475 137212166624960 coll_end 0 0 0 0 0 0
2011817293503525 137212166624960 rel_beg 1 0 0 0 0 0
2011817293503955 137212166624960 absorb 125 0 0 0 0 0
2011817293509364 137212166624960 rel_end 1 0 0 0 0 0
2011817293512334 137212166624960 wait_beg 0 0 0 0 0 0
2011817293586232 137212174624640 send 18 0 0 124 122 1
2011817293528754 137212149839552 emit_beg 125 0 0 0 0 0
2011817293535703 137212149839552 dmg 0 1 0 0 2560 1440
2011817293535923 137212149839552 enc 124 124 1 -1 -1 0
2011817293652379 137212149839552 emit_end 125 0 0 0 0 0
2011817294306185 137212174624640 send 796262 0 0 124 122 1
2011817294821996 137212174624640 send 604184 0 0 124 122 1
2011817294823376 137212174624640 send 14 0 0 124 122 1
2011817294823776 137212174624640 egress 125 1 0 122 0 0
2011817331883323 137212166624960 wait_end 0 0 0 0 0 0
2011817331887353 137212166624960 drain_beg 0 0 0 0 0 0
2011817331895852 137212166624960 drain_end 1 0 0 0 0 0
2011817331896182 137212166624960 take 126 0 0 0 0 0
2011817331896872 137212166624960 subm_beg 1 0 0 0 0 0
2011817331898822 137212166624960 submit 126 0 0 0 0 0
2011817331898912 137212166624960 subm_end 1 0 0 0 0 0
2011817331899002 137212166624960 pump_beg 1 0 0 0 0 0
2011817332902815 137212166624960 feedend 125 0 0 0 0 0
2011817332982203 137212166624960 feedend 125 1 0 0 0 0
2011817327351808 137212174624640 cliack 123 0 124 125 0 0
2011817327370708 137212174624640 ackregion 124 125 125 123 1 0
2011817331864723 137212174624640 msgin 126 22118400 0 0 0 0
2011817331866123 137212174624640 enq 126 1 0 0 0 0
2011817343789028 137212166624960 outfirst 125 1 65536 0 0 0
2011817350020420 137212166624960 outfirst 125 0 65536 0 0 0
2011817350312110 137212166624960 pump_end 1 2 0 0 0 0
2011817350312730 137212166624960 join_beg 1 0 0 0 0 0
2011817350313970 137212166624960 join_end 0 0 0 0 0 0
2011817350314030 137212166624960 book_beg 1 0 0 0 0 0
2011817350315300 137212166624960 batch 126 1 1 2 2 0
2011817350315330 137212166624960 book_end 1 0 0 0 0 0
2011817350315470 137212166624960 coll_beg 0 0 0 0 0 0
2011817350701236 137212166624960 coll_end 0 0 0 0 0 0
2011817350701396 137212166624960 rel_beg 1 0 0 0 0 0
2011817350702205 137212166624960 absorb 126 0 0 0 0 0
2011817350709485 137212166624960 rel_end 1 0 0 0 0 0
2011817350711855 137212166624960 wait_beg 0 0 0 0 0 0
2011817350793822 137212174624640 send 18 0 0 125 123 1
2011817351346832 137212174624640 send 739954 0 0 125 123 1
2011817351840044 137212174624640 send 656465 0 0 125 123 1
2011817351841744 137212174624640 send 14 0 0 125 123 1
2011817351842234 137212174624640 egress 126 1 0 123 0 0
2011817350721665 137212149839552 emit_beg 126 0 0 0 0 0
2011817350731414 137212149839552 dmg 0 1 0 0 2560 1440
2011817350731754 137212149839552 enc 125 125 1 -1 -1 0
2011817350834181 137212149839552 emit_end 126 0 0 0 0 0
2011817383302855 137212174624640 cliack 124 0 125 126 0 0
2011817383303575 137212174624640 ackregion 125 126 126 124 1 0
2011817389554557 137212166624960 wait_end 0 0 0 0 0 0
2011817389558216 137212166624960 drain_beg 0 0 0 0 0 0
2011817389558766 137212166624960 drain_end 1 0 0 0 0 0
2011817389559066 137212166624960 take 127 0 0 0 0 0
2011817389559556 137212166624960 subm_beg 1 0 0 0 0 0
2011817389561526 137212166624960 submit 127 0 0 0 0 0
2011817389561676 137212166624960 subm_end 1 0 0 0 0 0
2011817389561716 137212166624960 pump_beg 1 0 0 0 0 0
2011817390390256 137212166624960 feedend 126 0 0 0 0 0
2011817390433614 137212166624960 feedend 126 1 0 0 0 0
2011817389538127 137212174624640 msgin 127 22118400 0 0 0 0
2011817389539927 137212174624640 enq 127 1 0 0 0 0
2011817397522895 137212166624960 outfirst 126 1 65536 0 0 0
2011817403864284 137212166624960 outfirst 126 0 65536 0 0 0
2011817404044877 137212166624960 pump_end 1 2 0 0 0 0
2011817404045107 137212166624960 join_beg 1 0 0 0 0 0
2011817404045347 137212166624960 join_end 0 0 0 0 0 0
2011817404045777 137212166624960 book_beg 1 0 0 0 0 0
2011817404046557 137212166624960 batch 127 1 1 2 2 0
2011817404046707 137212166624960 book_end 1 0 0 0 0 0
2011817404046857 137212166624960 coll_beg 0 0 0 0 0 0
2011817404638206 137212166624960 coll_end 0 0 0 0 0 0
2011817404638366 137212166624960 rel_beg 1 0 0 0 0 0
2011817404638616 137212166624960 absorb 127 0 0 0 0 0
2011817404643025 137212166624960 rel_end 1 0 0 0 0 0
2011817404645295 137212166624960 wait_beg 0 0 0 0 0 0
2011817404664505 137212149839552 emit_beg 127 0 0 0 0 0
2011817404669244 137212149839552 dmg 0 1 0 0 2560 1440
2011817404669494 137212149839552 enc 126 126 1 -1 -1 0
2011817404742202 137212174624640 send 18 0 0 126 124 1
2011817405465275 137212174624640 send 851665 0 0 126 124 1
2011817405994976 137212174624640 send 730945 0 0 126 124 1
2011817405996706 137212174624640 send 14 0 0 126 124 1
2011817405997376 137212174624640 egress 127 1 0 124 0 0
2011817404810349 137212149839552 emit_end 127 0 0 0 0 0
2011817443683460 137212174624640 cliack 125 0 126 127 0 0
2011817443683640 137212174624640 ackregion 126 127 127 125 1 0
2011817447265019 137212166624960 wait_end 0 0 0 0 0 0
2011817447267969 137212166624960 drain_beg 0 0 0 0 0 0
2011817447268499 137212166624960 drain_end 1 0 0 0 0 0
2011817447268779 137212166624960 take 128 0 0 0 0 0
2011817447269279 137212166624960 subm_beg 1 0 0 0 0 0
2011817447271039 137212166624960 submit 128 0 0 0 0 0
2011817447271189 137212166624960 subm_end 1 0 0 0 0 0
2011817447271229 137212166624960 pump_beg 1 0 0 0 0 0
2011817447942144 137212166624960 feedend 127 0 0 0 0 0
2011817448125627 137212166624960 feedend 127 1 0 0 0 0
2011817447251329 137212174624640 msgin 128 22118400 0 0 0 0
2011817447251899 137212174624640 enq 128 1 0 0 0 0
2011817456322768 137212166624960 outfirst 127 0 65536 0 0 0
2011817465018360 137212166624960 outfirst 127 1 65536 0 0 0
2011817465145816 137212166624960 pump_end 1 2 0 0 0 0
2011817465146096 137212166624960 join_beg 1 0 0 0 0 0
2011817465147036 137212166624960 join_end 0 0 0 0 0 0
2011817465147156 137212166624960 book_beg 1 0 0 0 0 0
2011817465147486 137212166624960 batch 128 1 1 2 2 0
2011817465147536 137212166624960 book_end 1 0 0 0 0 0
2011817465147576 137212166624960 coll_beg 0 0 0 0 0 0
2011817465694856 137212166624960 coll_end 0 0 0 0 0 0
2011817465694906 137212166624960 rel_beg 1 0 0 0 0 0
2011817465695046 137212166624960 absorb 128 0 0 0 0 0
2011817465698776 137212166624960 rel_end 1 0 0 0 0 0
2011817465701365 137212166624960 wait_beg 0 0 0 0 0 0
2011817465744864 137212174624640 send 18 0 0 127 125 1
2011817466512676 137212174624640 send 965361 0 0 127 125 1
2011817467130603 137212174624640 send 830392 0 0 127 125 1
2011817467132123 137212174624640 send 14 0 0 127 125 1
2011817467132463 137212174624640 egress 128 1 0 125 0 0
2011817465708775 137212149839552 emit_beg 128 0 0 0 0 0
2011817465714575 137212149839552 dmg 0 1 0 0 2560 1440
2011817465714825 137212149839552 enc 127 127 1 -1 -1 0
2011817465839010 137212149839552 emit_end 128 0 0 0 0 0
2011817504043985 137212174624640 cliack 126 0 127 128 0 0
2011817504044135 137212174624640 ackregion 127 128 128 126 1 0
2011817510071445 137212166624960 wait_end 0 0 0 0 0 0
2011817510072905 137212166624960 drain_beg 0 0 0 0 0 0
2011817510073135 137212166624960 drain_end 1 0 0 0 0 0
2011817510073275 137212166624960 take 129 0 0 0 0 0
2011817510073535 137212166624960 subm_beg 1 0 0 0 0 0
2011817510073875 137212166624960 submit 129 0 0 0 0 0
2011817510073905 137212166624960 subm_end 1 0 0 0 0 0
2011817510073925 137212166624960 pump_beg 1 0 0 0 0 0
2011817510955243 137212166624960 feedend 128 0 0 0 0 0
2011817511366968 137212166624960 feedend 128 1 0 0 0 0
2011817510063595 137212174624640 msgin 129 22118400 0 0 0 0
2011817510063995 137212174624640 enq 129 1 0 0 0 0
2011817518506337 137212166624960 outfirst 128 0 65536 0 0 0
2011817525307588 137212166624960 outfirst 128 1 65536 0 0 0
2011817525396895 137212166624960 pump_end 1 2 0 0 0 0
2011817525397085 137212166624960 join_beg 1 0 0 0 0 0
2011817525397135 137212166624960 join_end 0 0 0 0 0 0
2011817525397345 137212166624960 book_beg 1 0 0 0 0 0
2011817525400575 137212166624960 batch 129 1 1 2 2 0
2011817525400615 137212166624960 book_end 1 0 0 0 0 0
2011817525400645 137212166624960 coll_beg 0 0 0 0 0 0
2011817525786151 137212166624960 coll_end 0 0 0 0 0 0
2011817525786191 137212166624960 rel_beg 1 0 0 0 0 0
2011817525786291 137212166624960 absorb 129 0 0 0 0 0
2011817525788261 137212166624960 rel_end 1 0 0 0 0 0
2011817525789541 137212166624960 wait_beg 0 0 0 0 0 0
2011817525826089 137212174624640 send 18 0 0 128 126 1
2011817526726387 137212174624640 send 784111 0 0 128 126 1
2011817527386532 137212174624640 send 592948 0 0 128 126 1
2011817527388112 137212174624640 send 14 0 0 128 126 1
2011817527388492 137212174624640 egress 129 1 0 126 0 0
2011817525807060 137212149839552 emit_beg 129 0 0 0 0 0
2011817525812230 137212149839552 dmg 0 1 0 0 2560 1440
2011817525812470 137212149839552 enc 128 128 1 -1 -1 0
2011817525903007 137212149839552 emit_end 129 0 0 0 0 0
2011817575360490 137212166624960 wait_end 0 0 0 0 0 0
2011817575363390 137212166624960 drain_beg 0 0 0 0 0 0
2011817575363620 137212166624960 drain_end 1 0 0 0 0 0
2011817575363790 137212166624960 take 130 0 0 0 0 0
2011817575364160 137212166624960 subm_beg 1 0 0 0 0 0
2011817575365200 137212166624960 submit 130 0 0 0 0 0
2011817575365510 137212166624960 subm_end 1 0 0 0 0 0
2011817575365570 137212166624960 pump_beg 1 0 0 0 0 0
2011817572568392 137212174624640 cliack 127 0 128 129 0 0
2011817572568642 137212174624640 ackregion 128 129 129 127 1 0
2011817575346331 137212174624640 msgin 130 22118400 0 0 0 0
2011817575347561 137212174624640 enq 130 1 0 0 0 0
2011817576378093 137212166624960 feedend 129 0 0 0 0 0
2011817576562117 137212166624960 feedend 129 1 0 0 0 0
2011817584816755 137212166624960 outfirst 129 0 65536 0 0 0
2011817592932479 137212166624960 outfirst 129 1 65536 0 0 0
2011817593141891 137212166624960 pump_end 1 2 0 0 0 0
2011817593142621 137212166624960 join_beg 1 0 0 0 0 0
2011817593143221 137212166624960 join_end 0 0 0 0 0 0
2011817593143271 137212166624960 book_beg 1 0 0 0 0 0
2011817593144131 137212166624960 batch 130 1 1 2 2 0
2011817593144161 137212166624960 book_end 1 0 0 0 0 0
2011817593144331 137212166624960 coll_beg 0 0 0 0 0 0
2011817593795557 137212166624960 coll_end 0 0 0 0 0 0
2011817593795747 137212166624960 rel_beg 1 0 0 0 0 0
2011817593796457 137212166624960 absorb 130 0 0 0 0 0
2011817593801017 137212166624960 rel_end 1 0 0 0 0 0
2011817593803417 137212166624960 wait_beg 0 0 0 0 0 0
2011817593904483 137212174624640 send 18 0 0 129 127 1
2011817594735233 137212174624640 send 879030 0 0 129 127 1
2011817595267223 137212174624640 send 728035 0 0 129 127 1
2011817595268693 137212174624640 send 14 0 0 129 127 1
2011817595269193 137212174624640 egress 130 1 0 127 0 0
2011817593819906 137212149839552 emit_beg 130 0 0 0 0 0
2011817593824276 137212149839552 dmg 0 1 0 0 2560 1440
2011817593824576 137212149839552 enc 129 129 1 -1 -1 0
2011817593935122 137212149839552 emit_end 130 0 0 0 0 0
2011817655611109 137212166624960 wait_end 0 0 0 0 0 0
2011817655616879 137212166624960 drain_beg 0 0 0 0 0 0
2011817655617829 137212166624960 drain_end 1 0 0 0 0 0
2011817655618179 137212166624960 take 131 0 0 0 0 0
2011817655618869 137212166624960 subm_beg 1 0 0 0 0 0
2011817655620879 137212166624960 submit 131 0 0 0 0 0
2011817655621029 137212166624960 subm_end 1 0 0 0 0 0
2011817655621069 137212166624960 pump_beg 1 0 0 0 0 0
2011817650237006 137212174624640 cliack 128 0 129 130 0 0
2011817650238086 137212174624640 ackregion 129 130 130 128 1 0
2011817655578751 137212174624640 msgin 131 22118400 0 0 0 0
2011817655580201 137212174624640 enq 131 1 0 0 0 0
2011817656397081 137212166624960 feedend 130 0 0 0 0 0
2011817656790276 137212166624960 feedend 130 1 0 0 0 0
2011817663833569 137212166624960 outfirst 130 0 65536 0 0 0
2011817671028716 137212166624960 outfirst 130 1 65536 0 0 0
2011817671128013 137212166624960 pump_end 1 2 0 0 0 0
2011817671128243 137212166624960 join_beg 1 0 0 0 0 0
2011817671128893 137212166624960 join_end 0 0 0 0 0 0
2011817671128983 137212166624960 book_beg 1 0 0 0 0 0
2011817671129493 137212166624960 batch 131 1 1 2 2 0
2011817671129523 137212166624960 book_end 1 0 0 0 0 0
2011817671129563 137212166624960 coll_beg 0 0 0 0 0 0
2011817671493579 137212166624960 coll_end 0 0 0 0 0 0
2011817671493629 137212166624960 rel_beg 1 0 0 0 0 0
2011817671494129 137212166624960 absorb 131 0 0 0 0 0
2011817671499539 137212166624960 rel_end 1 0 0 0 0 0
2011817671501749 137212166624960 wait_beg 0 0 0 0 0 0
2011817671547397 137212174624640 send 18 0 0 130 128 1
2011817672090018 137212174624640 send 692215 0 0 130 128 1
2011817672517902 137212174624640 send 582762 0 0 130 128 1
2011817672519362 137212174624640 send 14 0 0 130 128 1
2011817672519882 137212174624640 egress 131 1 0 128 0 0
2011817671510549 137212149839552 emit_beg 131 0 0 0 0 0
2011817671516859 137212149839552 dmg 0 1 0 0 2560 1440
2011817671517199 137212149839552 enc 130 130 1 -1 -1 0
2011817671611625 137212149839552 emit_end 131 0 0 0 0 0
2011817715245452 137212166624960 wait_end 0 0 0 0 0 0
2011817715248911 137212166624960 drain_beg 0 0 0 0 0 0
2011817715249641 137212166624960 drain_end 1 0 0 0 0 0
2011817715249911 137212166624960 take 132 0 0 0 0 0
2011817715250521 137212166624960 subm_beg 1 0 0 0 0 0
2011817715251941 137212166624960 submit 132 0 0 0 0 0
2011817715252081 137212166624960 subm_end 1 0 0 0 0 0
2011817715252131 137212166624960 pump_beg 1 0 0 0 0 0
2011817716018593 137212166624960 feedend 131 0 0 0 0 0
2011817716372080 137212166624960 feedend 131 1 0 0 0 0
2011817709755962 137212174624640 cliack 129 0 130 131 0 0
2011817709756172 137212174624640 ackregion 130 131 131 129 1 0
2011817715231212 137212174624640 msgin 132 22118400 0 0 0 0
2011817715232862 137212174624640 enq 132 1 0 0 0 0
2011817724100928 137212166624960 outfirst 131 0 65536 0 0 0
2011817732606907 137212166624960 outfirst 131 1 65536 0 0 0
2011817732773001 137212166624960 pump_end 1 2 0 0 0 0
2011817732773321 137212166624960 join_beg 1 0 0 0 0 0
2011817732773621 137212166624960 join_end 0 0 0 0 0 0
2011817732773751 137212166624960 book_beg 1 0 0 0 0 0
2011817732774141 137212166624960 batch 132 1 1 2 2 0
2011817732774271 137212166624960 book_end 1 0 0 0 0 0
2011817732774391 137212166624960 coll_beg 0 0 0 0 0 0
2011817733486735 137212166624960 coll_end 0 0 0 0 0 0
2011817733487075 137212166624960 rel_beg 1 0 0 0 0 0
2011817733487455 137212166624960 absorb 132 0 0 0 0 0
2011817733491335 137212166624960 rel_end 1 0 0 0 0 0
2011817733493325 137212166624960 wait_beg 0 0 0 0 0 0
2011817733546833 137212174624640 send 18 0 0 131 129 1
2011817734287116 137212174624640 send 950966 0 0 131 129 1
2011817734887194 137212174624640 send 847652 0 0 131 129 1
2011817734888694 137212174624640 send 14 0 0 131 129 1
2011817734889324 137212174624640 egress 132 1 0 129 0 0
2011817733514344 137212149839552 emit_beg 132 0 0 0 0 0
2011817733520934 137212149839552 dmg 0 1 0 0 2560 1440
2011817733525234 137212149839552 enc 131 131 1 -1 -1 0
2011817733643449 137212149839552 emit_end 132 0 0 0 0 0
2011817781755472 137212166624960 wait_end 0 0 0 0 0 0
2011817781758742 137212166624960 drain_beg 0 0 0 0 0 0
2011817781759342 137212166624960 drain_end 1 0 0 0 0 0
2011817781759522 137212166624960 take 133 0 0 0 0 0
2011817781759982 137212166624960 subm_beg 1 0 0 0 0 0
2011817781769552 137212166624960 submit 133 0 0 0 0 0
2011817781769702 137212166624960 subm_end 1 0 0 0 0 0
2011817781769742 137212166624960 pump_beg 1 0 0 0 0 0
2011817782758396 137212166624960 feedend 132 0 0 0 0 0
2011817783280967 137212166624960 feedend 132 1 0 0 0 0
2011817779061211 137212174624640 cliack 130 0 131 132 0 0
2011817779061431 137212174624640 ackregion 131 132 132 130 1 0
2011817781741133 137212174624640 msgin 133 22118400 0 0 0 0
2011817781742313 137212174624640 enq 133 1 0 0 0 0
2011817789834707 137212166624960 outfirst 132 0 65536 0 0 0
2011817796814302 137212166624960 outfirst 132 1 65536 0 0 0
2011817796915389 137212166624960 pump_end 1 2 0 0 0 0
2011817796916109 137212166624960 join_beg 1 0 0 0 0 0
2011817796917239 137212166624960 join_end 0 0 0 0 0 0
2011817796917459 137212166624960 book_beg 1 0 0 0 0 0
2011817796918539 137212166624960 batch 133 1 1 2 2 0
2011817796918599 137212166624960 book_end 1 0 0 0 0 0
2011817796918659 137212166624960 coll_beg 0 0 0 0 0 0
2011817797435530 137212166624960 coll_end 0 0 0 0 0 0
2011817797435770 137212166624960 rel_beg 1 0 0 0 0 0
2011817797436590 137212166624960 absorb 133 0 0 0 0 0
2011817797442359 137212166624960 rel_end 1 0 0 0 0 0
2011817797445279 137212166624960 wait_beg 0 0 0 0 0 0
2011817797546156 137212174624640 send 18 0 0 132 130 1
2011817798344576 137212174624640 send 636649 0 0 132 130 1
2011817798745292 137212174624640 send 554862 0 0 132 130 1
2011817798746522 137212174624640 send 14 0 0 132 130 1
2011817798747042 137212174624640 egress 133 1 0 130 0 0
2011817797453489 137212149839552 emit_beg 133 0 0 0 0 0
2011817797458919 137212149839552 dmg 0 1 0 0 2560 1440
2011817797459149 137212149839552 enc 132 132 1 -1 -1 0
2011817797545186 137212149839552 emit_end 133 0 0 0 0 0
2011817834071322 137212174624640 cliack 131 0 132 133 0 0
2011817834071452 137212174624640 ackregion 132 133 133 131 1 0
2011817837980729 137212166624960 wait_end 0 0 0 0 0 0
2011817837983169 137212166624960 drain_beg 0 0 0 0 0 0
2011817837983509 137212166624960 drain_end 1 0 0 0 0 0
2011817837983779 137212166624960 take 134 0 0 0 0 0
2011817837984189 137212166624960 subm_beg 1 0 0 0 0 0
2011817837984839 137212166624960 submit 134 0 0 0 0 0
2011817837985279 137212166624960 subm_end 1 0 0 0 0 0
2011817837985309 137212166624960 pump_beg 1 0 0 0 0 0
2011817838882496 137212166624960 feedend 133 0 0 0 0 0
2011817839376188 137212166624960 feedend 133 1 0 0 0 0
2011817847209382 137212166624960 outfirst 133 0 65536 0 0 0
2011817837960450 137212174624640 msgin 134 22118400 0 0 0 0
2011817837960820 137212174624640 enq 134 1 0 0 0 0
2011817855373084 137212166624960 outfirst 133 1 65536 0 0 0
2011817855566107 137212166624960 pump_end 1 2 0 0 0 0
2011817855566867 137212166624960 join_beg 1 0 0 0 0 0
2011817855567747 137212166624960 join_end 0 0 0 0 0 0
2011817855567797 137212166624960 book_beg 1 0 0 0 0 0
2011817855568627 137212166624960 batch 134 1 1 2 2 0
2011817855568707 137212166624960 book_end 1 0 0 0 0 0
2011817855568787 137212166624960 coll_beg 0 0 0 0 0 0
2011817856222973 137212166624960 coll_end 0 0 0 0 0 0
2011817856223273 137212166624960 rel_beg 1 0 0 0 0 0
2011817856223663 137212166624960 absorb 134 0 0 0 0 0
2011817856228982 137212166624960 rel_end 1 0 0 0 0 0
2011817856232162 137212166624960 wait_beg 0 0 0 0 0 0
2011817856292210 137212174624640 send 18 0 0 133 131 1
2011817856926357 137212174624640 send 836366 0 0 133 131 1
2011817857488616 137212174624640 send 687750 0 0 133 131 1
2011817857490806 137212174624640 send 14 0 0 133 131 1
2011817857491466 137212174624640 egress 134 1 0 131 0 0
2011817856239042 137212149839552 emit_beg 134 0 0 0 0 0
2011817856242672 137212149839552 dmg 0 1 0 0 2560 1440
2011817856243002 137212149839552 enc 133 133 1 -1 -1 0
2011817856341238 137212149839552 emit_end 134 0 0 0 0 0
2011817917608431 137212166624960 wait_end 0 0 0 0 0 0
2011817917613560 137212166624960 drain_beg 0 0 0 0 0 0
2011817917614240 137212166624960 drain_end 1 0 0 0 0 0
2011817917614570 137212166624960 take 135 0 0 0 0 0
2011817917615280 137212166624960 subm_beg 1 0 0 0 0 0
2011817917616520 137212166624960 submit 135 0 0 0 0 0
2011817917616670 137212166624960 subm_end 1 0 0 0 0 0
2011817917616750 137212166624960 pump_beg 1 0 0 0 0 0
2011817911884570 137212174624640 cliack 132 0 133 134 0 0
2011817911884840 137212174624640 ackregion 133 134 134 132 1 0
2011817917574982 137212174624640 msgin 135 22118400 0 0 0 0
2011817917576642 137212174624640 enq 135 1 0 0 0 0
2011817918535657 137212166624960 feedend 134 0 0 0 0 0
2011817918966891 137212166624960 feedend 134 1 0 0 0 0
2011817926076891 137212166624960 outfirst 134 0 65536 0 0 0
2011817933627246 137212166624960 outfirst 134 1 65536 0 0 0
2011817933747871 137212166624960 pump_end 1 2 0 0 0 0
2011817933748331 137212166624960 join_beg 1 0 0 0 0 0
2011817933748641 137212166624960 join_end 0 0 0 0 0 0
2011817933748851 137212166624960 book_beg 1 0 0 0 0 0
2011817933749251 137212166624960 batch 135 1 1 2 2 0
2011817933749311 137212166624960 book_end 1 0 0 0 0 0
2011817933749391 137212166624960 coll_beg 0 0 0 0 0 0
2011817934303261 137212166624960 coll_end 0 0 0 0 0 0
2011817934303831 137212166624960 rel_beg 1 0 0 0 0 0
2011817934304321 137212166624960 absorb 135 0 0 0 0 0
2011817934313681 137212166624960 rel_end 1 0 0 0 0 0
2011817934316280 137212166624960 wait_beg 0 0 0 0 0 0
2011817934412087 137212174624640 send 18 0 0 134 132 1
2011817935312854 137212174624640 send 741008 0 0 134 132 1
2011817935800346 137212174624640 send 613744 0 0 134 132 1
2011817935801636 137212174624640 send 14 0 0 134 132 1
2011817935802066 137212174624640 egress 135 1 0 132 0 0
2011817934334660 137212149839552 emit_beg 135 0 0 0 0 0
2011817934337900 137212149839552 dmg 0 1 0 0 2560 1440
2011817934338280 137212149839552 enc 134 134 1 -1 -1 0
2011817934434956 137212149839552 emit_end 135 0 0 0 0 0
2011817968173084 137212166624960 wait_end 0 0 0 0 0 0
2011817968177064 137212166624960 drain_beg 0 0 0 0 0 0
2011817968177834 137212166624960 drain_end 1 0 0 0 0 0
2011817968178124 137212166624960 take 136 0 0 0 0 0
2011817968178634 137212166624960 subm_beg 1 0 0 0 0 0
2011817968180384 137212166624960 submit 136 0 0 0 0 0
2011817968180544 137212166624960 subm_end 1 0 0 0 0 0
2011817968180594 137212166624960 pump_beg 1 0 0 0 0 0
2011817963458966 137212174624640 cliack 133 0 134 135 0 0
2011817963459826 137212174624640 ackregion 134 135 135 133 1 0
2011817968159514 137212174624640 msgin 136 22118400 0 0 0 0
2011817968161044 137212174624640 enq 136 1 0 0 0 0
2011817968900157 137212166624960 feedend 135 0 0 0 0 0
2011817968991014 137212166624960 feedend 135 1 0 0 0 0
2011817977886109 137212166624960 outfirst 135 1 65536 0 0 0
2011817984453559 137212166624960 outfirst 135 0 65536 0 0 0
2011817984606624 137212166624960 pump_end 1 2 0 0 0 0
2011817984607114 137212166624960 join_beg 1 0 0 0 0 0
2011817984607404 137212166624960 join_end 0 0 0 0 0 0
2011817984607504 137212166624960 book_beg 1 0 0 0 0 0
2011817984608294 137212166624960 batch 136 1 1 2 2 0
2011817984608414 137212166624960 book_end 1 0 0 0 0 0
2011817984613804 137212166624960 coll_beg 0 0 0 0 0 0
2011817985158974 137212166624960 coll_end 0 0 0 0 0 0
2011817985159104 137212166624960 rel_beg 1 0 0 0 0 0
2011817985159704 137212166624960 absorb 136 0 0 0 0 0
2011817985165283 137212166624960 rel_end 1 0 0 0 0 0
2011817985166903 137212166624960 wait_beg 0 0 0 0 0 0
2011817985240871 137212174624640 send 18 0 0 135 133 1
2011817985870048 137212174624640 send 767149 0 0 135 133 1
2011817986248944 137212174624640 send 521052 0 0 135 133 1
2011817986250134 137212174624640 send 14 0 0 135 133 1
2011817986250444 137212174624640 egress 136 1 0 133 0 0
2011817985185703 137212149839552 emit_beg 136 0 0 0 0 0
2011817985188453 137212149839552 dmg 0 1 0 0 2560 1440
2011817985188793 137212149839552 enc 135 135 1 -1 -1 0
2011817985271630 137212149839552 emit_end 136 0 0 0 0 0
2011818035299902 137212166624960 wait_end 0 0 0 0 0 0
2011818035304142 137212166624960 drain_beg 0 0 0 0 0 0
2011818035304822 137212166624960 drain_end 1 0 0 0 0 0
2011818035305072 137212166624960 take 137 0 0 0 0 0
2011818035305522 137212166624960 subm_beg 1 0 0 0 0 0
2011818035306682 137212166624960 submit 137 0 0 0 0 0
2011818035306822 137212166624960 subm_end 1 0 0 0 0 0
2011818035306852 137212166624960 pump_beg 1 0 0 0 0 0
2011818036116322 137212166624960 feedend 136 0 0 0 0 0
2011818036534537 137212166624960 feedend 136 1 0 0 0 0
2011818029201795 137212174624640 cliack 134 0 135 136 0 0
2011818029202425 137212174624640 ackregion 135 136 136 134 1 0
2011818035285893 137212174624640 msgin 137 22118400 0 0 0 0
2011818035287333 137212174624640 enq 137 1 0 0 0 0
2011818043342039 137212166624960 outfirst 136 0 65536 0 0 0
2011818051404744 137212166624960 outfirst 136 1 65536 0 0 0
2011818051528310 137212166624960 pump_end 1 2 0 0 0 0
2011818051529010 137212166624960 join_beg 1 0 0 0 0 0
2011818051529510 137212166624960 join_end 0 0 0 0 0 0
2011818051529730 137212166624960 book_beg 1 0 0 0 0 0
2011818051530300 137212166624960 batch 137 1 1 2 2 0
2011818051530400 137212166624960 book_end 1 0 0 0 0 0
2011818051530500 137212166624960 coll_beg 0 0 0 0 0 0
2011818052094529 137212166624960 coll_end 0 0 0 0 0 0
2011818052094639 137212166624960 rel_beg 1 0 0 0 0 0
2011818052095039 137212166624960 absorb 137 0 0 0 0 0
2011818052100279 137212166624960 rel_end 1 0 0 0 0 0
2011818052102499 137212166624960 wait_beg 0 0 0 0 0 0
2011818052154967 137212174624640 send 18 0 0 136 134 1
2011818053110052 137212174624640 send 760531 0 0 136 134 1
2011818053708310 137212174624640 send 630914 0 0 136 134 1
2011818053709560 137212174624640 send 14 0 0 136 134 1
2011818053709950 137212174624640 egress 137 1 0 134 0 0
2011818052122348 137212149839552 emit_beg 137 0 0 0 0 0
2011818052124908 137212149839552 dmg 0 1 0 0 2560 1440
2011818052125238 137212149839552 enc 136 136 1 -1 -1 0
2011818052230244 137212149839552 emit_end 137 0 0 0 0 0
2011818087625511 137212174624640 cliack 135 0 136 137 0 0
2011818087625771 137212174624640 ackregion 136 137 137 135 1 0
2011818093221977 137212166624960 wait_end 0 0 0 0 0 0
2011818093225077 137212166624960 drain_beg 0 0 0 0 0 0
2011818093225377 137212166624960 drain_end 1 0 0 0 0 0
2011818093225557 137212166624960 take 138 0 0 0 0 0
2011818093226537 137212166624960 subm_beg 1 0 0 0 0 0
2011818093227877 137212166624960 submit 138 0 0 0 0 0
2011818093228027 137212166624960 subm_end 1 0 0 0 0 0
2011818093228087 137212166624960 pump_beg 1 0 0 0 0 0
2011818094201841 137212166624960 feedend 137 0 0 0 0 0
2011818094570958 137212166624960 feedend 137 1 0 0 0 0
2011818093198848 137212174624640 msgin 138 22118400 0 0 0 0
2011818093199518 137212174624640 enq 138 1 0 0 0 0
2011818102449430 137212166624960 outfirst 137 0 65536 0 0 0
2011818111593976 137212166624960 outfirst 137 1 65536 0 0 0
2011818111723571 137212166624960 pump_end 1 2 0 0 0 0
2011818111723951 137212166624960 join_beg 1 0 0 0 0 0
2011818111724811 137212166624960 join_end 0 0 0 0 0 0
2011818111725011 137212166624960 book_beg 1 0 0 0 0 0
2011818111725401 137212166624960 batch 138 1 1 2 2 0
2011818111725481 137212166624960 book_end 1 0 0 0 0 0
2011818111725531 137212166624960 coll_beg 0 0 0 0 0 0
2011818112445805 137212166624960 coll_end 0 0 0 0 0 0
2011818112445915 137212166624960 rel_beg 1 0 0 0 0 0
2011818112446135 137212166624960 absorb 138 0 0 0 0 0
2011818112449885 137212166624960 rel_end 1 0 0 0 0 0
2011818112452245 137212166624960 wait_beg 0 0 0 0 0 0
2011818112497183 137212174624640 send 18 0 0 137 135 1
2011818113166029 137212174624640 send 854681 0 0 137 135 1
2011818113722028 137212174624640 send 757854 0 0 137 135 1
2011818113724238 137212174624640 send 14 0 0 137 135 1
2011818113724738 137212174624640 egress 138 1 0 135 0 0
2011818112460004 137212149839552 emit_beg 138 0 0 0 0 0
2011818112464814 137212149839552 dmg 0 1 0 0 2560 1440
2011818112465014 137212149839552 enc 137 137 1 -1 -1 0
2011818112570560 137212149839552 emit_end 138 0 0 0 0 0
2011818147654869 137212166624960 wait_end 0 0 0 0 0 0
2011818147659059 137212166624960 drain_beg 0 0 0 0 0 0
2011818147659509 137212166624960 drain_end 1 0 0 0 0 0
2011818147660009 137212166624960 take 139 0 0 0 0 0
2011818147660799 137212166624960 subm_beg 1 0 0 0 0 0
2011818147662069 137212166624960 submit 139 0 0 0 0 0
2011818147662229 137212166624960 subm_end 1 0 0 0 0 0
2011818147662259 137212166624960 pump_beg 1 0 0 0 0 0
2011818148481489 137212166624960 feedend 138 0 0 0 0 0
2011818148856785 137212166624960 feedend 138 1 0 0 0 0
2011818143505490 137212174624640 cliack 136 0 137 138 0 0
2011818143505700 137212174624640 ackregion 137 138 138 136 1 0
2011818147640279 137212174624640 msgin 139 22118400 0 0 0 0
2011818147641629 137212174624640 enq 139 1 0 0 0 0
2011818156018393 137212166624960 outfirst 138 0 65536 0 0 0
2011818163413063 137212166624960 outfirst 138 1 65536 0 0 0
2011818163513410 137212166624960 pump_end 1 2 0 0 0 0
2011818163513830 137212166624960 join_beg 1 0 0 0 0 0
2011818163514600 137212166624960 join_end 0 0 0 0 0 0
2011818163514830 137212166624960 book_beg 1 0 0 0 0 0
2011818163515290 137212166624960 batch 139 1 1 2 2 0
2011818163515420 137212166624960 book_end 1 0 0 0 0 0
2011818163515590 137212166624960 coll_beg 0 0 0 0 0 0
2011818164199035 137212166624960 coll_end 0 0 0 0 0 0
2011818164199305 137212166624960 rel_beg 1 0 0 0 0 0
2011818164199755 137212166624960 absorb 139 0 0 0 0 0
2011818164205914 137212166624960 rel_end 1 0 0 0 0 0
2011818164208334 137212166624960 wait_beg 0 0 0 0 0 0
2011818164228603 137212174624640 send 18 0 0 138 136 1
2011818164830391 137212174624640 send 750738 0 0 138 136 1
2011818165283255 137212174624640 send 610138 0 0 138 136 1
2011818165284625 137212174624640 send 14 0 0 138 136 1
2011818165284935 137212174624640 egress 139 1 0 136 0 0
2011818164213884 137212149839552 emit_beg 139 0 0 0 0 0
2011818164216154 137212149839552 dmg 0 1 0 0 2560 1440
2011818164216494 137212149839552 enc 138 138 1 -1 -1 0
2011818164301921 137212149839552 emit_end 139 0 0 0 0 0
2011818208784236 137212166624960 wait_end 0 0 0 0 0 0
2011818208787756 137212166624960 drain_beg 0 0 0 0 0 0
2011818208788146 137212166624960 drain_end 1 0 0 0 0 0
2011818208788426 137212166624960 take 140 0 0 0 0 0
2011818208788896 137212166624960 subm_beg 1 0 0 0 0 0
2011818208789936 137212166624960 submit 140 0 0 0 0 0
2011818208790086 137212166624960 subm_end 1 0 0 0 0 0
2011818208790116 137212166624960 pump_beg 1 0 0 0 0 0
2011818209524089 137212166624960 feedend 139 0 0 0 0 0
2011818203535498 137212174624640 cliack 137 0 138 139 0 0
2011818203535698 137212174624640 ackregion 138 139 139 137 1 0
2011818208771497 137212174624640 msgin 140 22118400 0 0 0 0
2011818208772877 137212174624640 enq 140 1 0 0 0 0
2011818209850587 137212166624960 feedend 139 1 0 0 0 0
2011818217283696 137212166624960 outfirst 139 0 65536 0 0 0
2011818225549554 137212166624960 outfirst 139 1 65536 0 0 0
2011818225647920 137212166624960 pump_end 1 2 0 0 0 0
2011818225648560 137212166624960 join_beg 1 0 0 0 0 0
2011818225649400 137212166624960 join_end 0 0 0 0 0 0
2011818225649470 137212166624960 book_beg 1 0 0 0 0 0
2011818225650370 137212166624960 batch 140 1 1 2 2 0
2011818225650400 137212166624960 book_end 1 0 0 0 0 0
2011818225650430 137212166624960 coll_beg 0 0 0 0 0 0
2011818226088244 137212166624960 coll_end 0 0 0 0 0 0
2011818226088384 137212166624960 rel_beg 1 0 0 0 0 0
2011818226088784 137212166624960 absorb 140 0 0 0 0 0
2011818226095034 137212166624960 rel_end 1 0 0 0 0 0
2011818226097184 137212166624960 wait_beg 0 0 0 0 0 0
2011818226166441 137212174624640 send 18 0 0 139 137 1
2011818226885335 137212174624640 send 791437 0 0 139 137 1
2011818227373937 137212174624640 send 674163 0 0 139 137 1
2011818227375397 137212174624640 send 14 0 0 139 137 1
2011818227375817 137212174624640 egress 140 1 0 137 0 0
2011818226116813 137212149839552 emit_beg 140 0 0 0 0 0
2011818226124463 137212149839552 dmg 0 1 0 0 2560 1440
2011818226124803 137212149839552 enc 139 139 1 -1 -1 0
2011818226226669 137212149839552 emit_end 140 0 0 0 0 0
2011818276047070 137212166624960 wait_end 0 0 0 0 0 0
2011818276051550 137212166624960 drain_beg 0 0 0 0 0 0
2011818276052390 137212166624960 drain_end 1 0 0 0 0 0
2011818276052769 137212166624960 take 141 0 0 0 0 0
2011818276053459 137212166624960 subm_beg 1 0 0 0 0 0
2011818276055039 137212166624960 submit 141 0 0 0 0 0
2011818276055149 137212166624960 subm_end 1 0 0 0 0 0
2011818276055239 137212166624960 pump_beg 1 0 0 0 0 0
2011818276973856 137212166624960 feedend 140 0 0 0 0 0
2011818277416870 137212166624960 feedend 140 1 0 0 0 0
2011818273462444 137212174624640 cliack 138 0 139 140 0 0
2011818273463044 137212174624640 ackregion 139 140 140 138 1 0
2011818276017541 137212174624640 msgin 141 22118400 0 0 0 0
2011818276019281 137212174624640 enq 141 1 0 0 0 0
2011818284468082 137212166624960 outfirst 140 0 65536 0 0 0
2011818292526728 137212166624960 outfirst 140 1 65536 0 0 0
2011818292642563 137212166624960 pump_end 1 2 0 0 0 0
2011818292643813 137212166624960 join_beg 1 0 0 0 0 0
2011818292644983 137212166624960 join_end 0 0 0 0 0 0
2011818292645083 137212166624960 book_beg 1 0 0 0 0 0
2011818292646793 137212166624960 batch 141 1 1 2 2 0
2011818292646823 137212166624960 book_end 1 0 0 0 0 0
2011818292646853 137212166624960 coll_beg 0 0 0 0 0 0
2011818293260581 137212166624960 coll_end 0 0 0 0 0 0
2011818293260701 137212166624960 rel_beg 1 0 0 0 0 0
2011818293261551 137212166624960 absorb 141 0 0 0 0 0
2011818293268151 137212166624960 rel_end 1 0 0 0 0 0
2011818293270891 137212166624960 wait_beg 0 0 0 0 0 0
2011818293343408 137212174624640 send 18 0 0 140 138 1
2011818293937696 137212174624640 send 775962 0 0 140 138 1
2011818294399509 137212174624640 send 646391 0 0 140 138 1
2011818294400859 137212174624640 send 14 0 0 140 138 1
2011818294401479 137212174624640 egress 141 1 0 138 0 0
2011818293278260 137212149839552 emit_beg 141 0 0 0 0 0
2011818293282890 137212149839552 dmg 0 1 0 0 2560 1440
2011818293283140 137212149839552 enc 140 140 1 -1 -1 0
2011818293368477 137212149839552 emit_end 141 0 0 0 0 0
2011818334424788 137212166624960 wait_end 0 0 0 0 0 0
2011818334428497 137212166624960 drain_beg 0 0 0 0 0 0
2011818334429187 137212166624960 drain_end 1 0 0 0 0 0
2011818334429527 137212166624960 take 142 0 0 0 0 0
2011818334430087 137212166624960 subm_beg 1 0 0 0 0 0
2011818334431977 137212166624960 submit 142 0 0 0 0 0
2011818334432117 137212166624960 subm_end 1 0 0 0 0 0
2011818334432147 137212166624960 pump_beg 1 0 0 0 0 0
2011818335085593 137212166624960 feedend 141 0 0 0 0 0
2011818335389832 137212166624960 feedend 141 1 0 0 0 0
2011818332261947 137212174624640 cliack 139 0 140 141 0 0
2011818332262357 137212174624640 ackregion 140 141 141 139 1 0
2011818334407218 137212174624640 msgin 142 22118400 0 0 0 0
2011818334409638 137212174624640 enq 142 1 0 0 0 0
2011818342846250 137212166624960 outfirst 141 0 65536 0 0 0
2011818352503717 137212166624960 outfirst 141 1 65536 0 0 0
2011818352634533 137212166624960 pump_end 1 2 0 0 0 0
2011818352635193 137212166624960 join_beg 1 0 0 0 0 0
2011818352636432 137212166624960 join_end 0 0 0 0 0 0
2011818352636492 137212166624960 book_beg 1 0 0 0 0 0
2011818352637472 137212166624960 batch 142 1 1 2 2 0
2011818352637502 137212166624960 book_end 1 0 0 0 0 0
2011818352637552 137212166624960 coll_beg 0 0 0 0 0 0
2011818353141874 137212166624960 coll_end 0 0 0 0 0 0
2011818353141924 137212166624960 rel_beg 1 0 0 0 0 0
2011818353142694 137212166624960 absorb 142 0 0 0 0 0
2011818353150104 137212166624960 rel_end 1 0 0 0 0 0
2011818353152444 137212166624960 wait_beg 0 0 0 0 0 0
2011818353218641 137212174624640 send 18 0 0 141 139 1
2011818353899666 137212174624640 send 893272 0 0 141 139 1
2011818354487975 137212174624640 send 808283 0 0 141 139 1
2011818354489365 137212174624640 send 14 0 0 141 139 1
2011818354489965 137212174624640 egress 142 1 0 139 0 0
2011818353159753 137212149839552 emit_beg 142 0 0 0 0 0
2011818353166693 137212149839552 dmg 0 1 0 0 2560 1440
2011818353166973 137212149839552 enc 141 141 1 -1 -1 0
2011818353284899 137212149839552 emit_end 142 0 0 0 0 0
2011818395353962 137212174624640 cliack 140 0 141 142 0 0
2011818395354212 137212174624640 ackregion 141 142 142 140 1 0
2011818401128381 137212166624960 wait_end 0 0 0 0 0 0
2011818401131941 137212166624960 drain_beg 0 0 0 0 0 0
2011818401132591 137212166624960 drain_end 1 0 0 0 0 0
2011818401132901 137212166624960 take 143 0 0 0 0 0
2011818401133491 137212166624960 subm_beg 1 0 0 0 0 0
2011818401134661 137212166624960 submit 143 0 0 0 0 0
2011818401134801 137212166624960 subm_end 1 0 0 0 0 0
2011818401134831 137212166624960 pump_beg 1 0 0 0 0 0
2011818401901253 137212166624960 feedend 142 0 0 0 0 0
2011818402175333 137212166624960 feedend 142 1 0 0 0 0
2011818409146839 137212166624960 outfirst 142 0 65536 0 0 0
2011818401114492 137212174624640 msgin 143 22118400 0 0 0 0
2011818401116252 137212174624640 enq 143 1 0 0 0 0
2011818416866697 137212166624960 outfirst 142 1 65536 0 0 0
2011818417039410 137212166624960 pump_end 1 2 0 0 0 0
2011818417039980 137212166624960 join_beg 1 0 0 0 0 0
2011818417040800 137212166624960 join_end 0 0 0 0 0 0
2011818417041080 137212166624960 book_beg 1 0 0 0 0 0
2011818417041540 137212166624960 batch 143 1 1 2 2 0
2011818417041690 137212166624960 book_end 1 0 0 0 0 0
2011818417041730 137212166624960 coll_beg 0 0 0 0 0 0
2011818417417466 137212166624960 coll_end 0 0 0 0 0 0
2011818417417516 137212166624960 rel_beg 1 0 0 0 0 0
2011818417421146 137212166624960 absorb 143 0 0 0 0 0
2011818417426686 137212166624960 rel_end 1 0 0 0 0 0
2011818417428666 137212166624960 wait_beg 0 0 0 0 0 0
2011818417470175 137212174624640 send 18 0 0 142 140 1
2011818418006205 137212174624640 send 720357 0 0 142 140 1
2011818418493827 137212174624640 send 631603 0 0 142 140 1
2011818418495937 137212174624640 send 14 0 0 142 140 1
2011818418496557 137212174624640 egress 143 1 0 140 0 0
2011818417435006 137212149839552 emit_beg 143 0 0 0 0 0
2011818417439016 137212149839552 dmg 0 1 0 0 2560 1440
2011818417439286 137212149839552 enc 142 142 1 -1 -1 0
2011818417521033 137212149839552 emit_end 143 0 0 0 0 0
2011818457009020 137212174624640 cliack 141 0 142 143 0 0
2011818457009530 137212174624640 ackregion 142 143 143 141 1 0
2011818461515666 137212166624960 wait_end 0 0 0 0 0 0
2011818461519836 137212166624960 drain_beg 0 0 0 0 0 0
2011818461520676 137212166624960 drain_end 1 0 0 0 0 0
2011818461521056 137212166624960 take 144 0 0 0 0 0
2011818461521646 137212166624960 subm_beg 1 0 0 0 0 0
2011818461523346 137212166624960 submit 144 0 0 0 0 0
2011818461523486 137212166624960 subm_end 1 0 0 0 0 0
2011818461523576 137212166624960 pump_beg 1 0 0 0 0 0
2011818462482391 137212166624960 feedend 143 0 0 0 0 0
2011818462836888 137212166624960 feedend 143 1 0 0 0 0
2011818461489197 137212174624640 msgin 144 22118400 0 0 0 0
2011818461490587 137212174624640 enq 144 1 0 0 0 0
2011818471336957 137212166624960 outfirst 143 0 65536 0 0 0
2011818481541835 137212166624960 outfirst 143 1 65536 0 0 0
2011818481687669 137212166624960 pump_end 1 2 0 0 0 0
2011818481688289 137212166624960 join_beg 1 0 0 0 0 0
2011818481689119 137212166624960 join_end 0 0 0 0 0 0
2011818481689249 137212166624960 book_beg 1 0 0 0 0 0
2011818481691009 137212166624960 batch 144 1 1 2 2 0
2011818481691039 137212166624960 book_end 1 0 0 0 0 0
2011818481691079 137212166624960 coll_beg 0 0 0 0 0 0
2011818482329716 137212166624960 coll_end 0 0 0 0 0 0
2011818482329776 137212166624960 rel_beg 1 0 0 0 0 0
2011818482330876 137212166624960 absorb 144 0 0 0 0 0
2011818482336046 137212166624960 rel_end 1 0 0 0 0 0
2011818482338575 137212166624960 wait_beg 0 0 0 0 0 0
2011818482407923 137212174624640 send 18 0 0 143 141 1
2011818483225593 137212174624640 send 1057508 0 0 143 141 1
2011818483894799 137212174624640 send 914574 0 0 143 141 1
2011818483896249 137212174624640 send 14 0 0 143 141 1
2011818483896758 137212174624640 egress 144 1 0 141 0 0
2011818482346515 137212149839552 emit_beg 144 0 0 0 0 0
2011818482353195 137212149839552 dmg 0 1 0 0 2560 1440
2011818482353525 137212149839552 enc 143 143 1 -1 -1 0
2011818482475460 137212149839552 emit_end 144 0 0 0 0 0
2011818530353802 137212174624640 cliack 142 0 143 144 0 0
2011818530363161 137212174624640 ackregion 143 144 144 142 1 0
2011818534905146 137212166624960 wait_end 0 0 0 0 0 0
2011818534909155 137212166624960 drain_beg 0 0 0 0 0 0
2011818534910065 137212166624960 drain_end 1 0 0 0 0 0
2011818534910365 137212166624960 take 145 0 0 0 0 0
2011818534911235 137212166624960 subm_beg 1 0 0 0 0 0
2011818534913245 137212166624960 submit 145 0 0 0 0 0
2011818534913345 137212166624960 subm_end 1 0 0 0 0 0
2011818534913435 137212166624960 pump_beg 1 0 0 0 0 0
2011818535805753 137212166624960 feedend 144 0 0 0 0 0
2011818536086022 137212166624960 feedend 144 1 0 0 0 0
2011818534872337 137212174624640 msgin 145 22118400 0 0 0 0
2011818534873827 137212174624640 enq 145 1 0 0 0 0
2011818543741143 137212166624960 outfirst 144 0 65536 0 0 0
2011818552545471 137212166624960 outfirst 144 1 65536 0 0 0
2011818552668467 137212166624960 pump_end 1 2 0 0 0 0
2011818552669477 137212166624960 join_beg 1 0 0 0 0 0
2011818552671337 137212166624960 join_end 0 0 0 0 0 0
2011818552671487 137212166624960 book_beg 1 0 0 0 0 0
2011818552672697 137212166624960 batch 145 1 1 2 2 0
2011818552672757 137212166624960 book_end 1 0 0 0 0 0
2011818552672837 137212166624960 coll_beg 0 0 0 0 0 0
2011818553371401 137212166624960 coll_end 0 0 0 0 0 0
2011818553371551 137212166624960 rel_beg 1 0 0 0 0 0
2011818553372161 137212166624960 absorb 145 0 0 0 0 0
2011818553377721 137212166624960 rel_end 1 0 0 0 0 0
2011818553380771 137212166624960 wait_beg 0 0 0 0 0 0
2011818553444178 137212174624640 send 18 0 0 144 142 1
2011818554062106 137212174624640 send 839856 0 0 144 142 1
2011818554589917 137212174624640 send 722513 0 0 144 142 1
2011818554591156 137212174624640 send 14 0 0 144 142 1
2011818554591676 137212174624640 egress 145 1 0 142 0 0
2011818553390260 137212149839552 emit_beg 145 0 0 0 0 0
2011818553395410 137212149839552 dmg 0 1 0 0 2560 1440
2011818553395690 137212149839552 enc 144 144 1 -1 -1 0
2011818553490317 137212149839552 emit_end 145 0 0 0 0 0
2011818588876654 137212174624640 cliack 143 0 144 145 0 0
2011818588877654 137212174624640 ackregion 144 145 145 143 1 0
2011818592426065 137212166624960 wait_end 0 0 0 0 0 0
2011818592431045 137212166624960 drain_beg 0 0 0 0 0 0
2011818592431845 137212166624960 drain_end 1 0 0 0 0 0
2011818592432274 137212166624960 take 146 0 0 0 0 0
2011818592432884 137212166624960 subm_beg 1 0 0 0 0 0
2011818592434634 137212166624960 submit 146 0 0 0 0 0
2011818592434734 137212166624960 subm_end 1 0 0 0 0 0
2011818592434814 137212166624960 pump_beg 1 0 0 0 0 0
2011818593275944 137212166624960 feedend 145 0 0 0 0 0
2011818593682309 137212166624960 feedend 145 1 0 0 0 0
2011818600983002 137212166624960 outfirst 145 0 65536 0 0 0
2011818592395726 137212174624640 msgin 146 22118400 0 0 0 0
2011818592396966 137212174624640 enq 146 1 0 0 0 0
2011818606994553 137212166624960 outfirst 145 1 65536 0 0 0
2011818607076380 137212166624960 pump_end 1 2 0 0 0 0
2011818607077070 137212166624960 join_beg 1 0 0 0 0 0
2011818607078170 137212166624960 join_end 0 0 0 0 0 0
2011818607078220 137212166624960 book_beg 1 0 0 0 0 0
2011818607079549 137212166624960 batch 146 1 1 2 2 0
2011818607079599 137212166624960 book_end 1 0 0 0 0 0
2011818607079639 137212166624960 coll_beg 0 0 0 0 0 0
2011818607462056 137212166624960 coll_end 0 0 0 0 0 0
2011818607462195 137212166624960 rel_beg 1 0 0 0 0 0
2011818607463015 137212166624960 absorb 146 0 0 0 0 0
2011818607469245 137212166624960 rel_end 1 0 0 0 0 0
2011818607471905 137212166624960 wait_beg 0 0 0 0 0 0
2011818607542283 137212174624640 send 18 0 0 145 143 1
2011818608101072 137212174624640 send 780432 0 0 145 143 1
2011818608484388 137212174624640 send 539334 0 0 145 143 1
2011818608485688 137212174624640 send 14 0 0 145 143 1
2011818608486038 137212174624640 egress 146 1 0 143 0 0
2011818607477315 137212149839552 emit_beg 146 0 0 0 0 0
2011818607481405 137212149839552 dmg 0 1 0 0 2560 1440
2011818607481705 137212149839552 enc 145 145 1 -1 -1 0
2011818607562622 137212149839552 emit_end 146 0 0 0 0 0
2011818676690907 137212166624960 wait_end 0 0 0 0 0 0
2011818676694997 137212166624960 drain_beg 0 0 0 0 0 0
2011818676695567 137212166624960 drain_end 1 0 0 0 0 0
2011818676695857 137212166624960 take 147 0 0 0 0 0
2011818676696377 137212166624960 subm_beg 1 0 0 0 0 0
2011818676697947 137212166624960 submit 147 0 0 0 0 0
2011818676698097 137212166624960 subm_end 1 0 0 0 0 0
2011818676698147 137212166624960 pump_beg 1 0 0 0 0 0
2011818677577515 137212166624960 feedend 146 0 0 0 0 0
2011818677979370 137212166624960 feedend 146 1 0 0 0 0
2011818674181069 137212174624640 cliack 144 0 145 146 0 0
2011818674181679 137212174624640 ackregion 145 146 146 144 1 0
2011818676677578 137212174624640 msgin 147 22118400 0 0 0 0
2011818676679308 137212174624640 enq 147 1 0 0 0 0
2011818686491509 137212166624960 outfirst 146 0 65536 0 0 0
2011818696557972 137212166624960 outfirst 146 1 65536 0 0 0
2011818696702226 137212166624960 pump_end 1 2 0 0 0 0
2011818696703126 137212166624960 join_beg 1 0 0 0 0 0
2011818696704426 137212166624960 join_end 0 0 0 0 0 0
2011818696704706 137212166624960 book_beg 1 0 0 0 0 0
2011818696705406 137212166624960 batch 147 1 1 2 2 0
2011818696705436 137212166624960 book_end 1 0 0 0 0 0
2011818696705476 137212166624960 coll_beg 0 0 0 0 0 0
2011818697289605 137212166624960 coll_end 0 0 0 0 0 0
2011818697289665 137212166624960 rel_beg 1 0 0 0 0 0
2011818697290495 137212166624960 absorb 147 0 0 0 0 0
2011818697298015 137212166624960 rel_end 1 0 0 0 0 0
2011818697302674 137212166624960 wait_beg 0 0 0 0 0 0
2011818697375332 137212174624640 send 18 0 0 146 144 1
2011818698141974 137212174624640 send 1004570 0 0 146 144 1
2011818698769711 137212174624640 send 859092 0 0 146 144 1
2011818698771161 137212174624640 send 14 0 0 146 144 1
2011818698771781 137212174624640 egress 147 1 0 144 0 0
2011818697309834 137212149839552 emit_beg 147 0 0 0 0 0
2011818697315114 137212149839552 dmg 0 1 0 0 2560 1440
2011818697315404 137212149839552 enc 146 146 1 -1 -1 0
2011818697427440 137212149839552 emit_end 147 0 0 0 0 0
2011818741630755 137212174624640 cliack 145 0 146 147 0 0
2011818741631675 137212174624640 ackregion 146 147 147 145 1 0
2011818746644002 137212166624960 wait_end 0 0 0 0 0 0
2011818746646882 137212166624960 drain_beg 0 0 0 0 0 0
2011818746647632 137212166624960 drain_end 1 0 0 0 0 0
2011818746647812 137212166624960 take 148 0 0 0 0 0
2011818746648272 137212166624960 subm_beg 1 0 0 0 0 0
2011818746650022 137212166624960 submit 148 0 0 0 0 0
2011818746650192 137212166624960 subm_end 1 0 0 0 0 0
2011818746650222 137212166624960 pump_beg 1 0 0 0 0 0
2011818747468512 137212166624960 feedend 147 0 0 0 0 0
2011818747712003 137212166624960 feedend 147 1 0 0 0 0
2011818746624933 137212174624640 msgin 148 22118400 0 0 0 0
2011818746626193 137212174624640 enq 148 1 0 0 0 0
2011818755489799 137212166624960 outfirst 147 0 65536 0 0 0
2011818762387897 137212166624960 outfirst 147 1 65536 0 0 0
2011818762494613 137212166624960 pump_end 1 2 0 0 0 0
2011818762495433 137212166624960 join_beg 1 0 0 0 0 0
2011818762496733 137212166624960 join_end 0 0 0 0 0 0
2011818762496773 137212166624960 book_beg 1 0 0 0 0 0
2011818762498013 137212166624960 batch 148 1 1 2 2 0
2011818762498043 137212166624960 book_end 1 0 0 0 0 0
2011818762498083 137212166624960 coll_beg 0 0 0 0 0 0
2011818762951037 137212166624960 coll_end 0 0 0 0 0 0
2011818762951107 137212166624960 rel_beg 1 0 0 0 0 0
2011818762951827 137212166624960 absorb 148 0 0 0 0 0
2011818762957877 137212166624960 rel_end 1 0 0 0 0 0
2011818762960096 137212166624960 wait_beg 0 0 0 0 0 0
2011818763031794 137212174624640 send 18 0 0 147 145 1
2011818763624492 137212174624640 send 802219 0 0 147 145 1
2011818764050837 137212174624640 send 596494 0 0 147 145 1
2011818764052197 137212174624640 send 14 0 0 147 145 1
2011818764052747 137212174624640 egress 148 1 0 145 0 0
2011818762967216 137212149839552 emit_beg 148 0 0 0 0 0
2011818762972016 137212149839552 dmg 0 1 0 0 2560 1440
2011818762972246 137212149839552 enc 147 147 1 -1 -1 0
2011818763073192 137212149839552 emit_end 148 0 0 0 0 0
2011818798548487 137212174624640 cliack 146 0 147 148 0 0
2011818798548817 137212174624640 ackregion 147 148 148 146 1 0
2011818804312516 137212166624960 wait_end 0 0 0 0 0 0
2011818804315396 137212166624960 drain_beg 0 0 0 0 0 0
2011818804315846 137212166624960 drain_end 1 0 0 0 0 0
2011818804316146 137212166624960 take 149 0 0 0 0 0
2011818804316666 137212166624960 subm_beg 1 0 0 0 0 0
2011818804318016 137212166624960 submit 149 0 0 0 0 0
2011818804318166 137212166624960 subm_end 1 0 0 0 0 0
2011818804318206 137212166624960 pump_beg 1 0 0 0 0 0
2011818805304210 137212166624960 feedend 148 0 0 0 0 0
2011818805857360 137212166624960 feedend 148 1 0 0 0 0
2011818804292297 137212174624640 msgin 149 22118400 0 0 0 0
2011818804292737 137212174624640 enq 149 1 0 0 0 0
2011818813819689 137212166624960 outfirst 148 0 65536 0 0 0
2011818822754803 137212166624960 outfirst 148 1 65536 0 0 0
2011818822890818 137212166624960 pump_end 1 2 0 0 0 0
2011818822891318 137212166624960 join_beg 1 0 0 0 0 0
2011818822892317 137212166624960 join_end 0 0 0 0 0 0
2011818822892487 137212166624960 book_beg 1 0 0 0 0 0
2011818822893177 137212166624960 batch 149 1 1 2 2 0
2011818822893207 137212166624960 book_end 1 0 0 0 0 0
2011818822893247 137212166624960 coll_beg 0 0 0 0 0 0
2011818823384170 137212166624960 coll_end 0 0 0 0 0 0
2011818823384230 137212166624960 rel_beg 1 0 0 0 0 0
2011818823384919 137212166624960 absorb 149 0 0 0 0 0
2011818823391049 137212166624960 rel_end 1 0 0 0 0 0
2011818823393839 137212166624960 wait_beg 0 0 0 0 0 0
2011818823470226 137212174624640 send 18 0 0 148 146 1
2011818824105603 137212174624640 send 884204 0 0 148 146 1
2011818824612345 137212174624640 send 717594 0 0 148 146 1
2011818824613585 137212174624640 send 14 0 0 148 146 1
2011818824614155 137212174624640 egress 149 1 0 146 0 0
2011818823403719 137212149839552 emit_beg 149 0 0 0 0 0
2011818823407899 137212149839552 dmg 0 1 0 0 2560 1440
2011818823408119 137212149839552 enc 148 148 1 -1 -1 0
2011818823509125 137212149839552 emit_end 149 0 0 0 0 0
2011818879147203 137212174624640 cliack 147 0 148 149 0 0
2011818879148163 137212174624640 ackregion 148 149 149 147 1 0
2011818885139834 137212166624960 wait_end 0 0 0 0 0 0
2011818885144174 137212166624960 drain_beg 0 0 0 0 0 0
2011818885144814 137212166624960 drain_end 1 0 0 0 0 0
2011818885145154 137212166624960 take 150 0 0 0 0 0
2011818885145724 137212166624960 subm_beg 1 0 0 0 0 0
2011818885147434 137212166624960 submit 150 0 0 0 0 0
2011818885147594 137212166624960 subm_end 1 0 0 0 0 0
2011818885147634 137212166624960 pump_beg 1 0 0 0 0 0
2011818885899196 137212166624960 feedend 149 0 0 0 0 0
2011818885953114 137212166624960 feedend 149 1 0 0 0 0
2011818893325955 137212166624960 outfirst 149 0 65536 0 0 0
2011818885121845 137212174624640 msgin 150 22118400 0 0 0 0
2011818885124435 137212174624640 enq 150 1 0 0 0 0
2011818900505713 137212166624960 outfirst 149 1 65536 0 0 0
2011818900626528 137212166624960 pump_end 1 2 0 0 0 0
2011818900627518 137212166624960 join_beg 1 0 0 0 0 0
2011818900629328 137212166624960 join_end 0 0 0 0 0 0
2011818900629388 137212166624960 book_beg 1 0 0 0 0 0
2011818900631338 137212166624960 batch 150 1 1 2 2 0
2011818900631518 137212166624960 book_end 1 0 0 0 0 0
2011818900631548 137212166624960 coll_beg 0 0 0 0 0 0
2011818901040643 137212166624960 coll_end 0 0 0 0 0 0
2011818901040693 137212166624960 rel_beg 1 0 0 0 0 0
2011818901041513 137212166624960 absorb 150 0 0 0 0 0
2011818901047263 137212166624960 rel_end 1 0 0 0 0 0
2011818901049673 137212166624960 wait_beg 0 0 0 0 0 0
2011818901132190 137212174624640 send 18 0 0 149 147 1
2011818902039617 137212174624640 send 736298 0 0 149 147 1
2011818902651705 137212174624640 send 623204 0 0 149 147 1
2011818902653115 137212174624640 send 14 0 0 149 147 1
2011818902653515 137212174624640 egress 150 1 0 147 0 0
2011818901057213 137212149839552 emit_beg 150 0 0 0 0 0
2011818901062083 137212149839552 dmg 0 1 0 0 2560 1440
2011818901062442 137212149839552 enc 149 149 1 -1 -1 0
2011818901150069 137212149839552 emit_end 150 0 0 0 0 0
2011818940955556 137212166624960 wait_end 0 0 0 0 0 0
2011818940959285 137212166624960 drain_beg 0 0 0 0 0 0
2011818940959845 137212166624960 drain_end 1 0 0 0 0 0
2011818940960165 137212166624960 take 151 0 0 0 0 0
2011818940960625 137212166624960 subm_beg 1 0 0 0 0 0
2011818940961955 137212166624960 submit 151 0 0 0 0 0
2011818940962115 137212166624960 subm_end 1 0 0 0 0 0
2011818940962205 137212166624960 pump_beg 1 0 0 0 0 0
2011818942030596 137212166624960 feedend 150 0 0 0 0 0
2011818942542928 137212166624960 feedend 150 1 0 0 0 0
2011818939464880 137212174624640 cliack 148 0 149 150 0 0
2011818939465020 137212174624640 ackregion 149 150 150 148 1 0
2011818940929696 137212174624640 msgin 151 22118400 0 0 0 0
2011818940930106 137212174624640 enq 151 1 0 0 0 0
2011818950710879 137212166624960 outfirst 150 0 65536 0 0 0
2011818960371396 137212166624960 outfirst 150 1 65536 0 0 0
2011818960549140 137212166624960 pump_end 1 2 0 0 0 0
2011818960549370 137212166624960 join_beg 1 0 0 0 0 0
2011818960550050 137212166624960 join_end 0 0 0 0 0 0
2011818960550260 137212166624960 book_beg 1 0 0 0 0 0
2011818960550520 137212166624960 batch 151 1 1 2 2 0
2011818960550550 137212166624960 book_end 1 0 0 0 0 0
2011818960550620 137212166624960 coll_beg 0 0 0 0 0 0
2011818961323872 137212166624960 coll_end 0 0 0 0 0 0
2011818961324012 137212166624960 rel_beg 1 0 0 0 0 0
2011818961324222 137212166624960 absorb 151 0 0 0 0 0
2011818961327462 137212166624960 rel_end 1 0 0 0 0 0
2011818961329881 137212166624960 wait_beg 0 0 0 0 0 0
2011818961371210 137212174624640 send 18 0 0 150 148 1
2011818962537507 137212174624640 send 940412 0 0 150 148 1
2011818963495042 137212174624640 send 831748 0 0 150 148 1
2011818963497492 137212174624640 send 14 0 0 150 148 1
2011818963497902 137212174624640 egress 151 1 0 148 0 0
2011818961337121 137212149839552 emit_beg 151 0 0 0 0 0
2011818961341491 137212149839552 dmg 0 1 0 0 2560 1440
2011818961341861 137212149839552 enc 150 150 1 -1 -1 0
2011818961454497 137212149839552 emit_end 151 0 0 0 0 0
2011819010547804 137212166624960 wait_end 0 0 0 0 0 0
2011819010551814 137212166624960 drain_beg 0 0 0 0 0 0
2011819010552554 137212166624960 drain_end 1 0 0 0 0 0
2011819010552954 137212166624960 take 152 0 0 0 0 0
2011819010553564 137212166624960 subm_beg 1 0 0 0 0 0
2011819010555164 137212166624960 submit 152 0 0 0 0 0
2011819010555324 137212166624960 subm_end 1 0 0 0 0 0
2011819010555404 137212166624960 pump_beg 1 0 0 0 0 0
2011819011406953 137212166624960 feedend 151 0 0 0 0 0
2011819011890405 137212166624960 feedend 151 1 0 0 0 0
2011819008819457 137212174624640 cliack 149 0 150 151 0 0
2011819008820787 137212174624640 ackregion 150 151 151 149 1 0
2011819010520295 137212174624640 msgin 152 22118400 0 0 0 0
2011819010522065 137212174624640 enq 152 1 0 0 0 0
2011819018887609 137212166624960 outfirst 151 0 65536 0 0 0
2011819023647236 137212166624960 outfirst 151 1 65536 0 0 0
2011819023786710 137212166624960 pump_end 1 2 0 0 0 0
2011819023787500 137212166624960 join_beg 1 0 0 0 0 0
2011819023788500 137212166624960 join_end 0 0 0 0 0 0
2011819023788900 137212166624960 book_beg 1 0 0 0 0 0
2011819023790040 137212166624960 batch 152 1 1 2 2 0
2011819023790150 137212166624960 book_end 1 0 0 0 0 0
2011819023790260 137212166624960 coll_beg 0 0 0 0 0 0
2011819024375969 137212166624960 coll_end 0 0 0 0 0 0
2011819024376069 137212166624960 rel_beg 1 0 0 0 0 0
2011819024376829 137212166624960 absorb 152 0 0 0 0 0
2011819024385139 137212166624960 rel_end 1 0 0 0 0 0
2011819024388228 137212166624960 wait_beg 0 0 0 0 0 0
2011819024497334 137212174624640 send 18 0 0 151 149 1
2011819024408448 137212149839552 emit_beg 152 0 0 0 0 0
2011819024415547 137212149839552 dmg 0 1 0 0 2560 1440
2011819024415817 137212149839552 enc 151 151 1 -1 -1 0
2011819024521414 137212149839552 emit_end 152 0 0 0 0 0
2011819025299765 137212174624640 send 672026 0 0 151 149 1
2011819025795377 137212174624640 send 581687 0 0 151 149 1
2011819025796797 137212174624640 send 14 0 0 151 149 1
2011819025797217 137212174624640 egress 152 1 0 149 0 0
2011819072653756 137212166624960 wait_end 0 0 0 0 0 0
2011819072657775 137212166624960 drain_beg 0 0 0 0 0 0
2011819072658515 137212166624960 drain_end 1 0 0 0 0 0
2011819072658855 137212166624960 take 153 0 0 0 0 0
2011819072659685 137212166624960 subm_beg 1 0 0 0 0 0
2011819072661295 137212166624960 submit 153 0 0 0 0 0
2011819072661385 137212166624960 subm_end 1 0 0 0 0 0
2011819072661475 137212166624960 pump_beg 1 0 0 0 0 0
2011819073503605 137212166624960 feedend 152 0 0 0 0 0
2011819073917509 137212166624960 feedend 152 1 0 0 0 0
2011819067565651 137212174624640 cliack 150 0 151 152 0 0
2011819067566511 137212174624640 ackregion 151 152 152 150 1 0
2011819072620647 137212174624640 msgin 153 22118400 0 0 0 0
2011819072622127 137212174624640 enq 153 1 0 0 0 0
2011819081341568 137212166624960 outfirst 152 0 65536 0 0 0
2011819088845874 137212166624960 outfirst 152 1 65536 0 0 0
2011819088973490 137212166624960 pump_end 1 2 0 0 0 0
2011819088974470 137212166624960 join_beg 1 0 0 0 0 0
2011819088976130 137212166624960 join_end 0 0 0 0 0 0
2011819088976210 137212166624960 book_beg 1 0 0 0 0 0
2011819088977969 137212166624960 batch 153 1 1 2 2 0
2011819088978029 137212166624960 book_end 1 0 0 0 0 0
2011819088978329 137212166624960 coll_beg 0 0 0 0 0 0
2011819089546459 137212166624960 coll_end 0 0 0 0 0 0
2011819089546579 137212166624960 rel_beg 1 0 0 0 0 0
2011819089546839 137212166624960 absorb 153 0 0 0 0 0
2011819089550759 137212166624960 rel_end 1 0 0 0 0 0
2011819089552908 137212166624960 wait_beg 0 0 0 0 0 0
2011819089623076 137212174624640 send 18 0 0 152 150 1
2011819090243233 137212174624640 send 818072 0 0 152 150 1
2011819090747575 137212174624640 send 670508 0 0 152 150 1
2011819090748805 137212174624640 send 14 0 0 152 150 1
2011819090749195 137212174624640 egress 153 1 0 150 0 0
2011819089562608 137212149839552 emit_beg 153 0 0 0 0 0
2011819089566928 137212149839552 dmg 0 1 0 0 2560 1440
2011819089567118 137212149839552 enc 152 152 1 -1 -1 0
2011819089669464 137212149839552 emit_end 153 0 0 0 0 0
2011819144055558 137212174624640 cliack 151 0 152 153 0 0
2011819144056488 137212174624640 ackregion 152 153 153 151 1 0
2011819150352538 137212166624960 wait_end 0 0 0 0 0 0
2011819150356698 137212166624960 drain_beg 0 0 0 0 0 0
2011819150357408 137212166624960 drain_end 1 0 0 0 0 0
2011819150357688 137212166624960 take 154 0 0 0 0 0
2011819150358308 137212166624960 subm_beg 1 0 0 0 0 0
2011819150359908 137212166624960 submit 154 0 0 0 0 0
2011819150360078 137212166624960 subm_end 1 0 0 0 0 0
2011819150360118 137212166624960 pump_beg 1 0 0 0 0 0
2011819151212967 137212166624960 feedend 153 0 0 0 0 0
2011819151394300 137212166624960 feedend 153 1 0 0 0 0
2011819150336849 137212174624640 msgin 154 22118400 0 0 0 0
2011819150339288 137212174624640 enq 154 1 0 0 0 0
2011819159007302 137212166624960 outfirst 153 0 65536 0 0 0
2011819165977037 137212166624960 outfirst 153 1 65536 0 0 0
2011819166082073 137212166624960 pump_end 1 2 0 0 0 0
2011819166088773 137212166624960 join_beg 1 0 0 0 0 0
2011819166089793 137212166624960 join_end 0 0 0 0 0 0
2011819166090003 137212166624960 book_beg 1 0 0 0 0 0
2011819166091383 137212166624960 batch 154 1 1 2 2 0
2011819166091443 137212166624960 book_end 1 0 0 0 0 0
2011819166091483 137212166624960 coll_beg 0 0 0 0 0 0
2011819166696991 137212166624960 coll_end 0 0 0 0 0 0
2011819166697081 137212166624960 rel_beg 1 0 0 0 0 0
2011819166697861 137212166624960 absorb 154 0 0 0 0 0
2011819166705111 137212166624960 rel_end 1 0 0 0 0 0
2011819166707761 137212166624960 wait_beg 0 0 0 0 0 0
2011819166780208 137212174624640 send 18 0 0 153 151 1
2011819167621717 137212174624640 send 742181 0 0 153 151 1
2011819168065651 137212174624640 send 615840 0 0 153 151 1
2011819168066951 137212174624640 send 14 0 0 153 151 1
2011819168067351 137212174624640 egress 154 1 0 151 0 0
2011819166728230 137212149839552 emit_beg 154 0 0 0 0 0
2011819166734300 137212149839552 dmg 0 1 0 0 2560 1440
2011819166734710 137212149839552 enc 153 153 1 -1 -1 0
2011819166837626 137212149839552 emit_end 154 0 0 0 0 0
2011819200174938 137212166624960 wait_end 0 0 0 0 0 0
2011819200180018 137212166624960 drain_beg 0 0 0 0 0 0
2011819200180798 137212166624960 drain_end 1 0 0 0 0 0
2011819200181108 137212166624960 take 155 0 0 0 0 0
2011819200182028 137212166624960 subm_beg 1 0 0 0 0 0
2011819200183638 137212166624960 submit 155 0 0 0 0 0
2011819200183808 137212166624960 subm_end 1 0 0 0 0 0
2011819200183888 137212166624960 pump_beg 1 0 0 0 0 0
2011819200951280 137212166624960 feedend 154 0 0 0 0 0
2011819201386204 137212166624960 feedend 154 1 0 0 0 0
2011819198322076 137212174624640 cliack 152 0 153 154 0 0
2011819198322436 137212174624640 ackregion 153 154 154 152 1 0
2011819200141619 137212174624640 msgin 155 22118400 0 0 0 0
2011819200143209 137212174624640 enq 155 1 0 0 0 0
2011819208622660 137212166624960 outfirst 154 0 65536 0 0 0
2011819216801511 137212166624960 outfirst 154 1 65536 0 0 0
2011819216904447 137212166624960 pump_end 1 2 0 0 0 0
2011819216905097 137212166624960 join_beg 1 0 0 0 0 0
2011819216906327 137212166624960 join_end 0 0 0 0 0 0
2011819216906397 137212166624960 book_beg 1 0 0 0 0 0
2011819216906927 137212166624960 batch 155 1 1 2 2 0
2011819216907057 137212166624960 book_end 1 0 0 0 0 0
2011819216907187 137212166624960 coll_beg 0 0 0 0 0 0
2011819217543954 137212166624960 coll_end 0 0 0 0 0 0
2011819217544084 137212166624960 rel_beg 1 0 0 0 0 0
2011819217544644 137212166624960 absorb 155 0 0 0 0 0
2011819217550334 137212166624960 rel_end 1 0 0 0 0 0
2011819217553034 137212166624960 wait_beg 0 0 0 0 0 0
2011819217608032 137212174624640 send 18 0 0 154 152 1
2011819218294417 137212174624640 send 859793 0 0 154 152 1
2011819218788978 137212174624640 send 663578 0 0 154 152 1
2011819218790148 137212174624640 send 14 0 0 154 152 1
2011819218790518 137212174624640 egress 155 1 0 152 0 0
2011819217576433 137212149839552 emit_beg 155 0 0 0 0 0
2011819217582623 137212149839552 dmg 0 1 0 0 2560 1440
2011819217583093 137212149839552 enc 154 154 1 -1 -1 0
2011819217689369 137212149839552 emit_end 155 0 0 0 0 0
2011819264153142 137212166624960 wait_end 0 0 0 0 0 0
2011819264156341 137212166624960 drain_beg 0 0 0 0 0 0
2011819264157051 137212166624960 drain_end 1 0 0 0 0 0
2011819264157441 137212166624960 take 156 0 0 0 0 0
2011819264157931 137212166624960 subm_beg 1 0 0 0 0 0
2011819264159561 137212166624960 submit 156 0 0 0 0 0
2011819264159711 137212166624960 subm_end 1 0 0 0 0 0
2011819264159751 137212166624960 pump_beg 1 0 0 0 0 0
2011819264867356 137212166624960 feedend 155 0 0 0 0 0
2011819265065218 137212166624960 feedend 155 1 0 0 0 0
2011819262721954 137212174624640 cliack 153 0 154 155 0 0
2011819262722854 137212174624640 ackregion 154 155 155 153 1 0
2011819264138422 137212174624640 msgin 156 22118400 0 0 0 0
2011819264139752 137212174624640 enq 156 1 0 0 0 0
2011819274725615 137212166624960 outfirst 155 1 65536 0 0 0
2011819280890950 137212166624960 outfirst 155 0 65536 0 0 0
2011819281097823 137212166624960 pump_end 1 2 0 0 0 0
2011819281098603 137212166624960 join_beg 1 0 0 0 0 0
2011819281099843 137212166624960 join_end 0 0 0 0 0 0
2011819281099893 137212166624960 book_beg 1 0 0 0 0 0
2011819281100823 137212166624960 batch 156 1 1 2 2 0
2011819281100853 137212166624960 book_end 1 0 0 0 0 0
2011819281100893 137212166624960 coll_beg 0 0 0 0 0 0
2011819281449030 137212166624960 coll_end 0 0 0 0 0 0
2011819281449080 137212166624960 rel_beg 1 0 0 0 0 0
2011819281449860 137212166624960 absorb 156 0 0 0 0 0
2011819281456180 137212166624960 rel_end 1 0 0 0 0 0
2011819281458750 137212166624960 wait_beg 0 0 0 0 0 0
2011819281557106 137212174624640 send 18 0 0 155 153 1
2011819282428394 137212174624640 send 683650 0 0 155 153 1
2011819282897717 137212174624640 send 572270 0 0 155 153 1
2011819282899087 137212174624640 send 14 0 0 155 153 1
2011819282899507 137212174624640 egress 156 1 0 153 0 0
2011819281471129 137212149839552 emit_beg 156 0 0 0 0 0
2011819281476149 137212149839552 dmg 0 1 0 0 2560 1440
2011819281476459 137212149839552 enc 155 155 1 -1 -1 0
2011819281566856 137212149839552 emit_end 156 0 0 0 0 0
2011819323093769 137212166624960 wait_end 0 0 0 0 0 0
2011819323096889 137212166624960 drain_beg 0 0 0 0 0 0
2011819323097429 137212166624960 drain_end 1 0 0 0 0 0
2011819323097659 137212166624960 take 157 0 0 0 0 0
2011819323097889 137212166624960 subm_beg 1 0 0 0 0 0
2011819323098529 137212166624960 submit 157 0 0 0 0 0
2011819323098559 137212166624960 subm_end 1 0 0 0 0 0
2011819323098689 137212166624960 pump_beg 1 0 0 0 0 0
2011819323984197 137212166624960 feedend 156 0 0 0 0 0
2011819324535726 137212166624960 feedend 156 1 0 0 0 0
2011819321259046 137212174624640 cliack 154 0 155 156 0 0
2011819321259296 137212174624640 ackregion 155 156 156 154 1 0
2011819323069460 137212174624640 msgin 157 22118400 0 0 0 0
2011819323070010 137212174624640 enq 157 1 0 0 0 0
2011819332364600 137212166624960 outfirst 156 0 65536 0 0 0
2011819340073169 137212166624960 outfirst 156 1 65536 0 0 0
2011819340256592 137212166624960 pump_end 1 2 0 0 0 0
2011819340257272 137212166624960 join_beg 1 0 0 0 0 0
2011819340258802 137212166624960 join_end 0 0 0 0 0 0
2011819340258872 137212166624960 book_beg 1 0 0 0 0 0
2011819340259822 137212166624960 batch 157 1 1 2 2 0
2011819340260002 137212166624960 book_end 1 0 0 0 0 0
2011819340260042 137212166624960 coll_beg 0 0 0 0 0 0
2011819340802002 137212166624960 coll_end 0 0 0 0 0 0
2011819340802072 137212166624960 rel_beg 1 0 0 0 0 0
2011819340803042 137212166624960 absorb 157 0 0 0 0 0
2011819340809492 137212166624960 rel_end 1 0 0 0 0 0
2011819340812252 137212166624960 wait_beg 0 0 0 0 0 0
2011819340895669 137212174624640 send 18 0 0 156 154 1
2011819341524276 137212174624640 send 823510 0 0 156 154 1
2011819342089995 137212174624640 send 699526 0 0 156 154 1
2011819342091665 137212174624640 send 14 0 0 156 154 1
2011819342092175 137212174624640 egress 157 1 0 154 0 0
2011819340837161 137212149839552 emit_beg 157 0 0 0 0 0
2011819340844801 137212149839552 dmg 0 1 0 0 2560 1440
2011819340845071 137212149839552 enc 156 156 1 -1 -1 0
2011819340951537 137212149839552 emit_end 157 0 0 0 0 0
2011819392609360 137212166624960 wait_end 0 0 0 0 0 0
2011819392615150 137212166624960 drain_beg 0 0 0 0 0 0
2011819392627929 137212166624960 drain_end 1 0 0 0 0 0
2011819392628159 137212166624960 take 158 0 0 0 0 0
2011819392628719 137212166624960 subm_beg 1 0 0 0 0 0
2011819392629829 137212166624960 submit 158 0 0 0 0 0
2011819392629909 137212166624960 subm_end 1 0 0 0 0 0
2011819392629949 137212166624960 pump_beg 1 0 0 0 0 0
2011819393413871 137212166624960 feedend 157 0 0 0 0 0
2011819393816816 137212166624960 feedend 157 1 0 0 0 0
2011819387082642 137212174624640 cliack 155 0 156 157 0 0
2011819387083152 137212174624640 ackregion 156 157 157 155 1 0
2011819392576711 137212174624640 msgin 158 22118400 0 0 0 0
2011819392578821 137212174624640 enq 158 1 0 0 0 0
2011819401013783 137212166624960 outfirst 157 0 65536 0 0 0
2011819407830844 137212166624960 outfirst 157 1 65536 0 0 0
2011819407992388 137212166624960 pump_end 1 2 0 0 0 0
2011819407992738 137212166624960 join_beg 1 0 0 0 0 0
2011819407993258 137212166624960 join_end 0 0 0 0 0 0
2011819407993358 137212166624960 book_beg 1 0 0 0 0 0
2011819407993968 137212166624960 batch 158 1 1 2 2 0
2011819407994038 137212166624960 book_end 1 0 0 0 0 0
2011819407994118 137212166624960 coll_beg 0 0 0 0 0 0
2011819408517419 137212166624960 coll_end 0 0 0 0 0 0
2011819408517559 137212166624960 rel_beg 1 0 0 0 0 0
2011819408517999 137212166624960 absorb 158 0 0 0 0 0
2011819408523039 137212166624960 rel_end 1 0 0 0 0 0
2011819408525759 137212166624960 wait_beg 0 0 0 0 0 0
2011819408582647 137212174624640 send 18 0 0 157 155 1
2011819409219453 137212174624640 send 739529 0 0 157 155 1
2011819409675897 137212174624640 send 620490 0 0 157 155 1
2011819409677367 137212174624640 send 14 0 0 157 155 1
2011819409677747 137212174624640 egress 158 1 0 155 0 0
2011819408546098 137212149839552 emit_beg 158 0 0 0 0 0
2011819408554948 137212149839552 dmg 0 1 0 0 2560 1440
2011819408555178 137212149839552 enc 157 157 1 -1 -1 0
2011819408649154 137212149839552 emit_end 158 0 0 0 0 0
2011819446771562 137212166624960 wait_end 0 0 0 0 0 0
2011819446775722 137212166624960 drain_beg 0 0 0 0 0 0
2011819446776382 137212166624960 drain_end 1 0 0 0 0 0
2011819446776782 137212166624960 take 159 0 0 0 0 0
2011819446777362 137212166624960 subm_beg 1 0 0 0 0 0
2011819446779202 137212166624960 submit 159 0 0 0 0 0
2011819446779382 137212166624960 subm_end 1 0 0 0 0 0
2011819446779472 137212166624960 pump_beg 1 0 0 0 0 0
2011819441326511 137212174624640 cliack 156 0 157 158 0 0
2011819441326611 137212174624640 ackregion 157 158 158 156 1 0
2011819446736903 137212174624640 msgin 159 22118400 0 0 0 0
2011819446738323 137212174624640 enq 159 1 0 0 0 0
2011819447546344 137212166624960 feedend 158 0 0 0 0 0
2011819447854442 137212166624960 feedend 158 1 0 0 0 0
2011819455654148 137212166624960 outfirst 158 0 65536 0 0 0
2011819464309941 137212166624960 outfirst 158 1 65536 0 0 0
2011819464412788 137212166624960 pump_end 1 2 0 0 0 0
2011819464413158 137212166624960 join_beg 1 0 0 0 0 0
2011819464413568 137212166624960 join_end 0 0 0 0 0 0
2011819464413798 137212166624960 book_beg 1 0 0 0 0 0
2011819464414578 137212166624960 batch 159 1 1 2 2 0
2011819464414668 137212166624960 book_end 1 0 0 0 0 0
2011819464414798 137212166624960 coll_beg 0 0 0 0 0 0
2011819465085973 137212166624960 coll_end 0 0 0 0 0 0
2011819465086043 137212166624960 rel_beg 1 0 0 0 0 0
2011819465086733 137212166624960 absorb 159 0 0 0 0 0
2011819465092083 137212166624960 rel_end 1 0 0 0 0 0
2011819465095193 137212166624960 wait_beg 0 0 0 0 0 0
2011819465173710 137212174624640 send 18 0 0 158 156 1
2011819465848205 137212174624640 send 849477 0 0 158 156 1
2011819466354107 137212174624640 send 703878 0 0 158 156 1
2011819466355557 137212174624640 send 14 0 0 158 156 1
2011819466356087 137212174624640 egress 159 1 0 156 0 0
2011819465115972 137212149839552 emit_beg 159 0 0 0 0 0
2011819465125182 137212149839552 dmg 0 1 0 0 2560 1440
2011819465125572 137212149839552 enc 158 158 1 -1 -1 0
2011819465249177 137212149839552 emit_end 159 0 0 0 0 0
2011819507089819 137212174624640 cliack 157 0 158 159 0 0
2011819507090189 137212174624640 ackregion 158 159 159 157 1 0
2011819513950438 137212166624960 wait_end 0 0 0 0 0 0
2011819513955718 137212166624960 drain_beg 0 0 0 0 0 0
2011819513956658 137212166624960 drain_end 1 0 0 0 0 0
2011819513957118 137212166624960 take 160 0 0 0 0 0
2011819513957838 137212166624960 subm_beg 1 0 0 0 0 0
2011819513959848 137212166624960 submit 160 0 0 0 0 0
2011819513960048 137212166624960 subm_end 1 0 0 0 0 0
2011819513960128 137212166624960 pump_beg 1 0 0 0 0 0
2011819514709011 137212166624960 feedend 159 0 0 0 0 0
2011819515119856 137212166624960 feedend 159 1 0 0 0 0
2011819513919350 137212174624640 msgin 160 22118400 0 0 0 0
2011819513921619 137212174624640 enq 160 1 0 0 0 0
2011819522239076 137212166624960 outfirst 159 0 65536 0 0 0
2011819530056460 137212166624960 outfirst 159 1 65536 0 0 0
2011819530219694 137212166624960 pump_end 1 2 0 0 0 0
2011819530220124 137212166624960 join_beg 1 0 0 0 0 0
2011819530220884 137212166624960 join_end 0 0 0 0 0 0
2011819530221024 137212166624960 book_beg 1 0 0 0 0 0
2011819530221624 137212166624960 batch 160 1 1 2 2 0
2011819530221724 137212166624960 book_end 1 0 0 0 0 0
2011819530221864 137212166624960 coll_beg 0 0 0 0 0 0
2011819530784494 137212166624960 coll_end 0 0 0 0 0 0
2011819530784574 137212166624960 rel_beg 1 0 0 0 0 0
2011819530785034 137212166624960 absorb 160 0 0 0 0 0
2011819530789373 137212166624960 rel_end 1 0 0 0 0 0
2011819530792013 137212166624960 wait_beg 0 0 0 0 0 0
2011819530834932 137212174624640 send 18 0 0 159 157 1
2011819531667291 137212174624640 send 756557 0 0 159 157 1
2011819532222961 137212174624640 send 631307 0 0 159 157 1
2011819532225841 137212174624640 send 14 0 0 159 157 1
2011819532226561 137212174624640 egress 160 1 0 157 0 0
2011819530813263 137212149839552 emit_beg 160 0 0 0 0 0
2011819530816522 137212149839552 dmg 0 1 0 0 2560 1440
2011819530816962 137212149839552 enc 159 159 1 -1 -1 0
2011819530912859 137212149839552 emit_end 160 0 0 0 0 0
2011819565804395 137212174624640 cliack 158 0 159 160 0 0
2011819565804565 137212174624640 ackregion 159 160 160 158 1 0
2011819571354832 137212166624960 wait_end 0 0 0 0 0 0
2011819571359622 137212166624960 drain_beg 0 0 0 0 0 0
2011819571360582 137212166624960 drain_end 1 0 0 0 0 0
2011819571360892 137212166624960 take 161 0 0 0 0 0
2011819571362102 137212166624960 subm_beg 1 0 0 0 0 0
2011819571363492 137212166624960 submit 161 0 0 0 0 0
2011819571363632 137212166624960 subm_end 1 0 0 0 0 0
2011819571363662 137212166624960 pump_beg 1 0 0 0 0 0
2011819572200041 137212166624960 feedend 160 0 0 0 0 0
2011819572619756 137212166624960 feedend 160 1 0 0 0 0
2011819571321193 137212174624640 msgin 161 22118400 0 0 0 0
2011819571321813 137212174624640 enq 161 1 0 0 0 0
2011819579915739 137212166624960 outfirst 160 0 65536 0 0 0
2011819588991908 137212166624960 outfirst 160 1 65536 0 0 0
2011819589109193 137212166624960 pump_end 1 2 0 0 0 0
2011819589109403 137212166624960 join_beg 1 0 0 0 0 0
2011819589109773 137212166624960 join_end 0 0 0 0 0 0
2011819589109833 137212166624960 book_beg 1 0 0 0 0 0
2011819589113143 137212166624960 batch 161 1 1 2 2 0
2011819589113203 137212166624960 book_end 1 0 0 0 0 0
2011819589113243 137212166624960 coll_beg 0 0 0 0 0 0
2011819589653823 137212166624960 coll_end 0 0 0 0 0 0
2011819589653883 137212166624960 rel_beg 1 0 0 0 0 0
2011819589654283 137212166624960 absorb 161 0 0 0 0 0
2011819589658163 137212166624960 rel_end 1 0 0 0 0 0
2011819589659643 137212166624960 wait_beg 0 0 0 0 0 0
2011819589707982 137212174624640 send 18 0 0 160 158 1
2011819590425325 137212174624640 send 905972 0 0 160 158 1
2011819591027933 137212174624640 send 824582 0 0 160 158 1
2011819591029213 137212174624640 send 14 0 0 160 158 1
2011819591029643 137212174624640 egress 161 1 0 158 0 0
2011819589679553 137212149839552 emit_beg 161 0 0 0 0 0
2011819589684752 137212149839552 dmg 0 1 0 0 2560 1440
2011819589685262 137212149839552 enc 160 160 1 -1 -1 0
2011819589796718 137212149839552 emit_end 161 0 0 0 0 0
2011819637960659 137212166624960 wait_end 0 0 0 0 0 0
2011819637963419 137212166624960 drain_beg 0 0 0 0 0 0
2011819637963809 137212166624960 drain_end 1 0 0 0 0 0
2011819637963959 137212166624960 take 162 0 0 0 0 0
2011819637964559 137212166624960 subm_beg 1 0 0 0 0 0
2011819637965819 137212166624960 submit 162 0 0 0 0 0
2011819637965929 137212166624960 subm_end 1 0 0 0 0 0
2011819637966009 137212166624960 pump_beg 1 0 0 0 0 0
2011819638558797 137212166624960 feedend 161 0 0 0 0 0
2011819632974521 137212174624640 cliack 159 0 160 161 0 0
2011819632974691 137212174624640 ackregion 160 161 161 159 1 0
2011819637939870 137212174624640 msgin 162 22118400 0 0 0 0
2011819637940710 137212174624640 enq 162 1 0 0 0 0
2011819639036160 137212166624960 feedend 161 1 0 0 0 0
2011819645770144 137212166624960 outfirst 161 0 65536 0 0 0
2011819653596658 137212166624960 outfirst 161 1 65536 0 0 0
2011819653700364 137212166624960 pump_end 1 2 0 0 0 0
2011819653700504 137212166624960 join_beg 1 0 0 0 0 0
2011819653700834 137212166624960 join_end 0 0 0 0 0 0
2011819653700914 137212166624960 book_beg 1 0 0 0 0 0
2011819653701244 137212166624960 batch 162 1 1 2 2 0
2011819653701274 137212166624960 book_end 1 0 0 0 0 0
2011819653701304 137212166624960 coll_beg 0 0 0 0 0 0
2011819654045242 137212166624960 coll_end 0 0 0 0 0 0
2011819654045392 137212166624960 rel_beg 1 0 0 0 0 0
2011819654045612 137212166624960 absorb 162 0 0 0 0 0
2011819654048332 137212166624960 rel_end 1 0 0 0 0 0
2011819654050012 137212166624960 wait_beg 0 0 0 0 0 0
2011819654096260 137212174624640 send 18 0 0 161 159 1
2011819654629160 137212174624640 send 693773 0 0 161 159 1
2011819655053395 137212174624640 send 582810 0 0 161 159 1
2011819655057055 137212174624640 send 14 0 0 161 159 1
2011819655057335 137212174624640 egress 162 1 0 159 0 0
2011819654065691 137212149839552 emit_beg 162 0 0 0 0 0
2011819654070461 137212149839552 dmg 0 1 0 0 2560 1440
2011819654070641 137212149839552 enc 161 161 1 -1 -1 0
2011819654138658 137212149839552 emit_end 162 0 0 0 0 0
2011819698001486 137212166624960 wait_end 0 0 0 0 0 0
2011819698004816 137212166624960 drain_beg 0 0 0 0 0 0
2011819698005386 137212166624960 drain_end 1 0 0 0 0 0
2011819698007046 137212166624960 take 163 0 0 0 0 0
2011819698007746 137212166624960 subm_beg 1 0 0 0 0 0
2011819698009066 137212166624960 submit 163 0 0 0 0 0
2011819698009196 137212166624960 subm_end 1 0 0 0 0 0
2011819698009246 137212166624960 pump_beg 1 0 0 0 0 0
2011819698773198 137212166624960 feedend 162 0 0 0 0 0
2011819692891223 137212174624640 cliack 160 0 161 162 0 0
2011819692891363 137212174624640 ackregion 161 162 162 160 1 0
2011819697986177 137212174624640 msgin 163 22118400 0 0 0 0
2011819697987897 137212174624640 enq 163 1 0 0 0 0
2011819699055358 137212166624960 feedend 162 1 0 0 0 0
2011819706591183 137212166624960 outfirst 162 0 65536 0 0 0
2011819715464089 137212166624960 outfirst 162 1 65536 0 0 0
2011819715653092 137212166624960 pump_end 1 2 0 0 0 0
2011819715653352 137212166624960 join_beg 1 0 0 0 0 0
2011819715653912 137212166624960 join_end 0 0 0 0 0 0
2011819715654082 137212166624960 book_beg 1 0 0 0 0 0
2011819715654442 137212166624960 batch 163 1 1 2 2 0
2011819715654512 137212166624960 book_end 1 0 0 0 0 0
2011819715654582 137212166624960 coll_beg 0 0 0 0 0 0
2011819716348696 137212166624960 coll_end 0 0 0 0 0 0
2011819716348826 137212166624960 rel_beg 1 0 0 0 0 0
2011819716349396 137212166624960 absorb 163 0 0 0 0 0
2011819716356846 137212166624960 rel_end 1 0 0 0 0 0
2011819716359096 137212166624960 wait_beg 0 0 0 0 0 0
2011819716415034 137212174624640 send 18 0 0 162 160 1
2011819717441866 137212174624640 send 875108 0 0 162 160 1
2011819717963697 137212174624640 send 719965 0 0 162 160 1
2011819717965107 137212174624640 send 14 0 0 162 160 1
2011819717965417 137212174624640 egress 163 1 0 160 0 0
2011819716378755 137212149839552 emit_beg 163 0 0 0 0 0
2011819716384555 137212149839552 dmg 0 1 0 0 2560 1440
2011819716384885 137212149839552 enc 162 162 1 -1 -1 0
2011819716491951 137212149839552 emit_end 163 0 0 0 0 0
2011819767929193 137212174624640 cliack 161 0 162 163 0 0
2011819767932642 137212174624640 ackregion 162 163 163 161 1 0
2011819773674793 137212166624960 wait_end 0 0 0 0 0 0
2011819773679022 137212166624960 drain_beg 0 0 0 0 0 0
2011819773679522 137212166624960 drain_end 1 0 0 0 0 0
2011819773679792 137212166624960 take 164 0 0 0 0 0
2011819773680352 137212166624960 subm_beg 1 0 0 0 0 0
2011819773681422 137212166624960 submit 164 0 0 0 0 0
2011819773681592 137212166624960 subm_end 1 0 0 0 0 0
2011819773681642 137212166624960 pump_beg 1 0 0 0 0 0
2011819774361358 137212166624960 feedend 163 0 0 0 0 0
2011819774682736 137212166624960 feedend 163 1 0 0 0 0
2011819773647614 137212174624640 msgin 164 22118400 0 0 0 0
2011819773648494 137212174624640 enq 164 1 0 0 0 0
2011819781595013 137212166624960 outfirst 163 0 65536 0 0 0
2011819789992687 137212166624960 outfirst 163 1 65536 0 0 0
2011819790081123 137212166624960 pump_end 1 2 0 0 0 0
2011819790081403 137212166624960 join_beg 1 0 0 0 0 0
2011819790081763 137212166624960 join_end 0 0 0 0 0 0
2011819790081933 137212166624960 book_beg 1 0 0 0 0 0
2011819790082443 137212166624960 batch 164 1 1 2 2 0
2011819790082573 137212166624960 book_end 1 0 0 0 0 0
2011819790082633 137212166624960 coll_beg 0 0 0 0 0 0
2011819790585085 137212166624960 coll_end 0 0 0 0 0 0
2011819790585175 137212166624960 rel_beg 1 0 0 0 0 0
2011819790585505 137212166624960 absorb 164 0 0 0 0 0
2011819790589765 137212166624960 rel_end 1 0 0 0 0 0
2011819790591705 137212166624960 wait_beg 0 0 0 0 0 0
2011819790641273 137212174624640 send 18 0 0 163 161 1
2011819791508261 137212174624640 send 705305 0 0 163 161 1
2011819792096190 137212174624640 send 638679 0 0 163 161 1
2011819792097700 137212174624640 send 14 0 0 163 161 1
2011819792097970 137212174624640 egress 164 1 0 161 0 0
2011819790612824 137212149839552 emit_beg 164 0 0 0 0 0
2011819790615854 137212149839552 dmg 0 1 0 0 2560 1440
2011819790616064 137212149839552 enc 163 163 1 -1 -1 0
2011819790702041 137212149839552 emit_end 164 0 0 0 0 0
2011819828466261 137212166624960 wait_end 0 0 0 0 0 0
2011819828469601 137212166624960 drain_beg 0 0 0 0 0 0
2011819828470031 137212166624960 drain_end 1 0 0 0 0 0
2011819828470261 137212166624960 take 165 0 0 0 0 0
2011819828470691 137212166624960 subm_beg 1 0 0 0 0 0
2011819828476691 137212166624960 submit 165 0 0 0 0 0
2011819828476811 137212166624960 subm_end 1 0 0 0 0 0
2011819828476901 137212166624960 pump_beg 1 0 0 0 0 0
2011819829466495 137212166624960 feedend 164 0 0 0 0 0
2011819822822808 137212174624640 cliack 162 0 163 164 0 0
2011819822823068 137212174624640 ackregion 163 164 164 162 1 0
2011819828442302 137212174624640 msgin 165 22118400 0 0 0 0
2011819828442912 137212174624640 enq 165 1 0 0 0 0
2011819829859451 137212166624960 feedend 164 1 0 0 0 0
2011819837488362 137212166624960 outfirst 164 0 65536 0 0 0
2011819846164185 137212166624960 outfirst 164 1 65536 0 0 0
2011819846338149 137212166624960 pump_end 1 2 0 0 0 0
2011819846339189 137212166624960 join_beg 1 0 0 0 0 0
2011819846340109 137212166624960 join_end 0 0 0 0 0 0
2011819846340709 137212166624960 book_beg 1 0 0 0 0 0
2011819846342669 137212166624960 batch 165 1 1 2 2 0
2011819846342779 137212166624960 book_end 1 0 0 0 0 0
2011819846342969 137212166624960 coll_beg 0 0 0 0 0 0
2011819847082382 137212166624960 coll_end 0 0 0 0 0 0
2011819847082732 137212166624960 rel_beg 1 0 0 0 0 0
2011819847083172 137212166624960 absorb 165 0 0 0 0 0
2011819847088291 137212166624960 rel_end 1 0 0 0 0 0
2011819847091201 137212166624960 wait_beg 0 0 0 0 0 0
2011819847175018 137212174624640 send 18 0 0 164 162 1
2011819848241579 137212174624640 send 834788 0 0 164 162 1
2011819848836938 137212174624640 send 722892 0 0 164 162 1
2011819848838277 137212174624640 send 14 0 0 164 162 1
2011819848838777 137212174624640 egress 165 1 0 162 0 0
2011819847113790 137212149839552 emit_beg 165 0 0 0 0 0
2011819847119620 137212149839552 dmg 0 1 0 0 2560 1440
2011819847119890 137212149839552 enc 164 164 1 -1 -1 0
2011819847242766 137212149839552 emit_end 165 0 0 0 0 0
2011819894957983 137212166624960 wait_end 0 0 0 0 0 0
2011819894962093 137212166624960 drain_beg 0 0 0 0 0 0
2011819894962353 137212166624960 drain_end 1 0 0 0 0 0
2011819894962513 137212166624960 take 166 0 0 0 0 0
2011819894962973 137212166624960 subm_beg 1 0 0 0 0 0
2011819894964143 137212166624960 submit 166 0 0 0 0 0
2011819894964343 137212166624960 subm_end 1 0 0 0 0 0
2011819894964393 137212166624960 pump_beg 1 0 0 0 0 0
2011819895846431 137212166624960 feedend 165 0 0 0 0 0
2011819896234017 137212166624960 feedend 165 1 0 0 0 0
2011819891934803 137212174624640 cliack 163 0 164 165 0 0
2011819891935063 137212174624640 ackregion 164 165 165 163 1 0
2011819894939464 137212174624640 msgin 166 22118400 0 0 0 0
2011819894939764 137212174624640 enq 166 1 0 0 0 0
2011819904023712 137212166624960 outfirst 165 0 65536 0 0 0
2011819912977055 137212166624960 outfirst 165 1 65536 0 0 0
2011819913104770 137212166624960 pump_end 1 2 0 0 0 0
2011819913105810 137212166624960 join_beg 1 0 0 0 0 0
2011819913106190 137212166624960 join_end 0 0 0 0 0 0
2011819913106250 137212166624960 book_beg 1 0 0 0 0 0
2011819913107510 137212166624960 batch 166 1 1 2 2 0
2011819913107590 137212166624960 book_end 1 0 0 0 0 0
2011819913107650 137212166624960 coll_beg 0 0 0 0 0 0
2011819913735167 137212166624960 coll_end 0 0 0 0 0 0
2011819913735357 137212166624960 rel_beg 1 0 0 0 0 0
2011819913735867 137212166624960 absorb 166 0 0 0 0 0
2011819913742497 137212166624960 rel_end 1 0 0 0 0 0
2011819913745867 137212166624960 wait_beg 0 0 0 0 0 0
2011819913818894 137212174624640 send 18 0 0 165 163 1
2011819914747900 137212174624640 send 904127 0 0 165 163 1
2011819915321819 137212174624640 send 778606 0 0 165 163 1
2011819915323179 137212174624640 send 14 0 0 165 163 1
2011819915323819 137212174624640 egress 166 1 0 163 0 0
2011819913770806 137212149839552 emit_beg 166 0 0 0 0 0
2011819913778176 137212149839552 dmg 0 1 0 0 2560 1440
2011819913778526 137212149839552 enc 165 165 1 -1 -1 0
2011819913921250 137212149839552 emit_end 166 0 0 0 0 0
2011819949844289 137212174624640 cliack 164 0 165 166 0 0
2011819949844499 137212174624640 ackregion 165 166 166 164 1 0
2011819955342158 137212166624960 wait_end 0 0 0 0 0 0
2011819955348007 137212166624960 drain_beg 0 0 0 0 0 0
2011819955348677 137212166624960 drain_end 1 0 0 0 0 0
2011819955348977 137212166624960 take 167 0 0 0 0 0
2011819955349757 137212166624960 subm_beg 1 0 0 0 0 0
2011819955351677 137212166624960 submit 167 0 0 0 0 0
2011819955351847 137212166624960 subm_end 1 0 0 0 0 0
2011819955351887 137212166624960 pump_beg 1 0 0 0 0 0
2011819956134469 137212166624960 feedend 166 0 0 0 0 0
2011819956504955 137212166624960 feedend 166 1 0 0 0 0
2011819955309519 137212174624640 msgin 167 22118400 0 0 0 0
2011819955311529 137212174624640 enq 167 1 0 0 0 0
2011819963834118 137212166624960 outfirst 166 0 65536 0 0 0
2011819971994740 137212166624960 outfirst 166 1 65536 0 0 0
2011819972287249 137212166624960 pump_end 1 2 0 0 0 0
2011819972287429 137212166624960 join_beg 1 0 0 0 0 0
2011819972287679 137212166624960 join_end 0 0 0 0 0 0
2011819972288069 137212166624960 book_beg 1 0 0 0 0 0
2011819972288439 137212166624960 batch 167 1 1 2 2 0
2011819972288499 137212166624960 book_end 1 0 0 0 0 0
2011819972288549 137212166624960 coll_beg 0 0 0 0 0 0
2011819972726343 137212166624960 coll_end 0 0 0 0 0 0
2011819972726383 137212166624960 rel_beg 1 0 0 0 0 0
2011819972726743 137212166624960 absorb 167 0 0 0 0 0
2011819972730443 137212166624960 rel_end 1 0 0 0 0 0
2011819972731923 137212166624960 wait_beg 0 0 0 0 0 0
2011819972771171 137212174624640 send 18 0 0 166 164 1
2011819973689698 137212174624640 send 843046 0 0 166 164 1
2011819974192689 137212174624640 send 649092 0 0 166 164 1
2011819974194829 137212174624640 send 14 0 0 166 164 1
2011819974195309 137212174624640 egress 167 1 0 164 0 0
2011819972750922 137212149839552 emit_beg 167 0 0 0 0 0
2011819972754292 137212149839552 dmg 0 1 0 0 2560 1440
2011819972754572 137212149839552 enc 166 166 1 -1 -1 0
2011819972851258 137212149839552 emit_end 167 0 0 0 0 0
2011820017288125 137212174624640 cliack 165 0 166 167 0 0
2011820017288285 137212174624640 ackregion 166 167 167 165 1 0
2011820021226011 137212166624960 wait_end 0 0 0 0 0 0
2011820021230171 137212166624960 drain_beg 0 0 0 0 0 0
2011820021230641 137212166624960 drain_end 1 0 0 0 0 0
2011820021230811 137212166624960 take 168 0 0 0 0 0
2011820021231611 137212166624960 subm_beg 1 0 0 0 0 0
2011820021233171 137212166624960 submit 168 0 0 0 0 0
2011820021233311 137212166624960 subm_end 1 0 0 0 0 0
2011820021233341 137212166624960 pump_beg 1 0 0 0 0 0
2011820021914316 137212166624960 feedend 167 0 0 0 0 0
2011820022325581 137212166624960 feedend 167 1 0 0 0 0
2011820029647244 137212166624960 outfirst 167 0 65536 0 0 0
2011820021208382 137212174624640 msgin 168 22118400 0 0 0 0
2011820021210432 137212174624640 enq 168 1 0 0 0 0
2011820038342866 137212166624960 outfirst 167 1 65536 0 0 0
2011820038438663 137212166624960 pump_end 1 2 0 0 0 0
2011820038439063 137212166624960 join_beg 1 0 0 0 0 0
2011820038439513 137212166624960 join_end 0 0 0 0 0 0
2011820038439593 137212166624960 book_beg 1 0 0 0 0 0
2011820038439893 137212166624960 batch 168 1 1 2 2 0
2011820038440003 137212166624960 book_end 1 0 0 0 0 0
2011820038444383 137212166624960 coll_beg 0 0 0 0 0 0
2011820038889896 137212166624960 coll_end 0 0 0 0 0 0
2011820038889956 137212166624960 rel_beg 1 0 0 0 0 0
2011820038890396 137212166624960 absorb 168 0 0 0 0 0
2011820038893936 137212166624960 rel_end 1 0 0 0 0 0
2011820038895456 137212166624960 wait_beg 0 0 0 0 0 0
2011820038937285 137212174624640 send 18 0 0 167 165 1
2011820039628339 137212174624640 send 859790 0 0 167 165 1
2011820040133771 137212174624640 send 693382 0 0 167 165 1
2011820040135061 137212174624640 send 14 0 0 167 165 1
2011820040135291 137212174624640 egress 168 1 0 165 0 0
2011820038916185 137212149839552 emit_beg 168 0 0 0 0 0
2011820038921985 137212149839552 dmg 0 1 0 0 2560 1440
2011820038922365 137212149839552 enc 167 167 1 -1 -1 0
2011820039055810 137212149839552 emit_end 168 0 0 0 0 0
2011820090019249 137212174624640 cliack 166 0 167 168 0 0
2011820090019359 137212174624640 ackregion 167 168 168 166 1 0
2011820091673179 137212166624960 wait_end 0 0 0 0 0 0
2011820091677648 137212166624960 drain_beg 0 0 0 0 0 0
2011820091678638 137212166624960 drain_end 1 0 0 0 0 0
2011820091678918 137212166624960 take 169 0 0 0 0 0
2011820091679748 137212166624960 subm_beg 1 0 0 0 0 0
2011820091680988 137212166624960 submit 169 0 0 0 0 0
2011820091681028 137212166624960 subm_end 1 0 0 0 0 0
2011820091681078 137212166624960 pump_beg 1 0 0 0 0 0
2011820092550967 137212166624960 feedend 168 0 0 0 0 0
2011820093050788 137212166624960 feedend 168 1 0 0 0 0
2011820100155159 137212166624960 outfirst 168 0 65536 0 0 0
2011820091653979 137212174624640 msgin 169 22118400 0 0 0 0
2011820091654399 137212174624640 enq 169 1 0 0 0 0
2011820108087899 137212166624960 outfirst 168 1 65536 0 0 0
2011820108202515 137212166624960 pump_end 1 2 0 0 0 0
2011820108203405 137212166624960 join_beg 1 0 0 0 0 0
2011820108203965 137212166624960 join_end 0 0 0 0 0 0
2011820108204065 137212166624960 book_beg 1 0 0 0 0 0
2011820108205025 137212166624960 batch 169 1 1 2 2 0
2011820108205085 137212166624960 book_end 1 0 0 0 0 0
2011820108205145 137212166624960 coll_beg 0 0 0 0 0 0
2011820108695107 137212166624960 coll_end 0 0 0 0 0 0
2011820108695157 137212166624960 rel_beg 1 0 0 0 0 0
2011820108696247 137212166624960 absorb 169 0 0 0 0 0
2011820108702507 137212166624960 rel_end 1 0 0 0 0 0
2011820108704966 137212166624960 wait_beg 0 0 0 0 0 0
2011820108776604 137212174624640 send 18 0 0 168 166 1
2011820109792247 137212174624640 send 737865 0 0 168 166 1
2011820110537930 137212174624640 send 626965 0 0 168 166 1
2011820110540069 137212174624640 send 14 0 0 168 166 1
2011820110540989 137212174624640 egress 169 1 0 166 0 0
2011820108719236 137212149839552 emit_beg 169 0 0 0 0 0
2011820108724306 137212149839552 dmg 0 1 0 0 2560 1440
2011820108724666 137212149839552 enc 168 168 1 -1 -1 0
2011820108821742 137212149839552 emit_end 169 0 0 0 0 0
2011820156213951 137212166624960 wait_end 0 0 0 0 0 0
2011820156217461 137212166624960 drain_beg 0 0 0 0 0 0
2011820156218051 137212166624960 drain_end 1 0 0 0 0 0
2011820156218351 137212166624960 take 170 0 0 0 0 0
2011820156218881 137212166624960 subm_beg 1 0 0 0 0 0
2011820156220471 137212166624960 submit 170 0 0 0 0 0
2011820156220551 137212166624960 subm_end 1 0 0 0 0 0
2011820156220641 137212166624960 pump_beg 1 0 0 0 0 0
2011820157019962 137212166624960 feedend 169 0 0 0 0 0
2011820157372959 137212166624960 feedend 169 1 0 0 0 0
2011820154594071 137212174624640 cliack 167 0 168 169 0 0
2011820154594291 137212174624640 ackregion 168 169 169 167 1 0
2011820156185182 137212174624640 msgin 170 22118400 0 0 0 0
2011820156186382 137212174624640 enq 170 1 0 0 0 0
2011820165739254 137212166624960 outfirst 169 0 65536 0 0 0
2011820175167169 137212166624960 outfirst 169 1 65536 0 0 0
2011820175310654 137212166624960 pump_end 1 2 0 0 0 0
2011820175311454 137212166624960 join_beg 1 0 0 0 0 0
2011820175312674 137212166624960 join_end 0 0 0 0 0 0
2011820175312784 137212166624960 book_beg 1 0 0 0 0 0
2011820175313574 137212166624960 batch 170 1 1 2 2 0
2011820175313634 137212166624960 book_end 1 0 0 0 0 0
2011820175313684 137212166624960 coll_beg 0 0 0 0 0 0
2011820175896032 137212166624960 coll_end 0 0 0 0 0 0
2011820175896092 137212166624960 rel_beg 1 0 0 0 0 0
2011820175896652 137212166624960 absorb 170 0 0 0 0 0
2011820175903762 137212166624960 rel_end 1 0 0 0 0 0
2011820175907272 137212166624960 wait_beg 0 0 0 0 0 0
2011820176022328 137212174624640 send 18 0 0 169 167 1
2011820177184246 137212174624640 send 921572 0 0 169 167 1
2011820177849951 137212174624640 send 789740 0 0 169 167 1
2011820177851361 137212174624640 send 14 0 0 169 167 1
2011820177851981 137212174624640 egress 170 1 0 167 0 0
2011820175935321 137212149839552 emit_beg 170 0 0 0 0 0
2011820175942021 137212149839552 dmg 0 1 0 0 2560 1440
2011820175942271 137212149839552 enc 169 169 1 -1 -1 0
2011820176086026 137212149839552 emit_end 170 0 0 0 0 0
2011820221774617 137212174624640 cliack 168 0 169 170 0 0
2011820221774997 137212174624640 ackregion 169 170 170 168 1 0
2011820223173146 137212166624960 wait_end 0 0 0 0 0 0
2011820223176816 137212166624960 drain_beg 0 0 0 0 0 0
2011820223177216 137212166624960 drain_end 1 0 0 0 0 0
2011820223177436 137212166624960 take 171 0 0 0 0 0
2011820223178056 137212166624960 subm_beg 1 0 0 0 0 0
2011820223179476 137212166624960 submit 171 0 0 0 0 0
2011820223179526 137212166624960 subm_end 1 0 0 0 0 0
2011820223179596 137212166624960 pump_beg 1 0 0 0 0 0
2011820224107522 137212166624960 feedend 170 0 0 0 0 0
2011820224564135 137212166624960 feedend 170 1 0 0 0 0
2011820231547280 137212166624960 outfirst 170 0 65536 0 0 0
2011820223145147 137212174624640 msgin 171 22118400 0 0 0 0
2011820223146557 137212174624640 enq 171 1 0 0 0 0
2011820236325246 137212166624960 outfirst 170 1 65536 0 0 0
2011820236444231 137212166624960 pump_end 1 2 0 0 0 0
2011820236444921 137212166624960 join_beg 1 0 0 0 0 0
2011820236445411 137212166624960 join_end 0 0 0 0 0 0
2011820236445521 137212166624960 book_beg 1 0 0 0 0 0
2011820236446151 137212166624960 batch 171 1 1 2 2 0
2011820236446221 137212166624960 book_end 1 0 0 0 0 0
2011820236446271 137212166624960 coll_beg 0 0 0 0 0 0
2011820236983581 137212166624960 coll_end 0 0 0 0 0 0
2011820236983691 137212166624960 rel_beg 1 0 0 0 0 0
2011820236984431 137212166624960 absorb 171 0 0 0 0 0
2011820236989011 137212166624960 rel_end 1 0 0 0 0 0
2011820236991611 137212166624960 wait_beg 0 0 0 0 0 0
2011820237121196 137212174624640 send 18 0 0 170 168 1
2011820237729374 137212174624640 send 663709 0 0 170 168 1
2011820238135659 137212174624640 send 569226 0 0 170 168 1
2011820238136919 137212174624640 send 14 0 0 170 168 1
2011820238137479 137212174624640 egress 171 1 0 168 0 0
2011820236997571 137212149839552 emit_beg 171 0 0 0 0 0
2011820237011620 137212149839552 dmg 0 1 0 0 2560 1440
2011820237012160 137212149839552 enc 170 170 1 -1 -1 0
2011820237112247 137212149839552 emit_end 171 0 0 0 0 0
2011820280439294 137212174624640 cliack 169 0 170 171 0 0
2011820280439484 137212174624640 ackregion 170 171 171 169 1 0
2011820285636675 137212166624960 wait_end 0 0 0 0 0 0
2011820285641434 137212166624960 drain_beg 0 0 0 0 0 0
2011820285642304 137212166624960 drain_end 1 0 0 0 0 0
2011820285642524 137212166624960 take 172 0 0 0 0 0
2011820285643074 137212166624960 subm_beg 1 0 0 0 0 0
2011820285644994 137212166624960 submit 172 0 0 0 0 0
2011820285645124 137212166624960 subm_end 1 0 0 0 0 0
2011820285645164 137212166624960 pump_beg 1 0 0 0 0 0
2011820286339369 137212166624960 feedend 171 0 0 0 0 0
2011820286660147 137212166624960 feedend 171 1 0 0 0 0
2011820285618485 137212174624640 msgin 172 22118400 0 0 0 0
2011820285620805 137212174624640 enq 172 1 0 0 0 0
2011820293381202 137212166624960 outfirst 171 0 65536 0 0 0
2011820299649003 137212166624960 outfirst 171 1 65536 0 0 0
2011820299763759 137212166624960 pump_end 1 2 0 0 0 0
2011820299763989 137212166624960 join_beg 1 0 0 0 0 0
2011820299764219 137212166624960 join_end 0 0 0 0 0 0
2011820299764279 137212166624960 book_beg 1 0 0 0 0 0
2011820299764469 137212166624960 batch 172 1 1 2 2 0
2011820299764499 137212166624960 book_end 1 0 0 0 0 0
2011820299764539 137212166624960 coll_beg 0 0 0 0 0 0
2011820300081887 137212166624960 coll_end 0 0 0 0 0 0
2011820300081967 137212166624960 rel_beg 1 0 0 0 0 0
2011820300082407 137212166624960 absorb 172 0 0 0 0 0
2011820300086097 137212166624960 rel_end 1 0 0 0 0 0
2011820300087037 137212166624960 wait_beg 0 0 0 0 0 0
2011820300124845 137212174624640 send 18 0 0 171 169 1
2011820300734323 137212174624640 send 664738 0 0 171 169 1
2011820301111469 137212174624640 send 503219 0 0 171 169 1
2011820301112749 137212174624640 send 14 0 0 171 169 1
2011820301113049 137212174624640 egress 172 1 0 169 0 0
2011820300105566 137212149839552 emit_beg 172 0 0 0 0 0
2011820300110256 137212149839552 dmg 0 1 0 0 2560 1440
2011820300110346 137212149839552 enc 171 171 1 -1 -1 0
2011820300188363 137212149839552 emit_end 172 0 0 0 0 0
2011820360755191 137212166624960 wait_end 0 0 0 0 0 0
2011820360758701 137212166624960 drain_beg 0 0 0 0 0 0
2011820360759141 137212166624960 drain_end 1 0 0 0 0 0
2011820360759291 137212166624960 take 173 0 0 0 0 0
2011820360759751 137212166624960 subm_beg 1 0 0 0 0 0
2011820360761161 137212166624960 submit 173 0 0 0 0 0
2011820360761311 137212166624960 subm_end 1 0 0 0 0 0
2011820360761341 137212166624960 pump_beg 1 0 0 0 0 0
2011820361600450 137212166624960 feedend 172 0 0 0 0 0
2011820361815312 137212166624960 feedend 172 1 0 0 0 0
2011820354376704 137212174624640 cliack 170 0 171 172 0 0
2011820354376884 137212174624640 ackregion 171 172 172 170 1 0
2011820360740182 137212174624640 msgin 173 22118400 0 0 0 0
2011820360742612 137212174624640 enq 173 1 0 0 0 0
2011820368892554 137212166624960 outfirst 172 0 65536 0 0 0
2011820376282654 137212166624960 outfirst 172 1 65536 0 0 0
2011820376363101 137212166624960 pump_end 1 2 0 0 0 0
2011820376363321 137212166624960 join_beg 1 0 0 0 0 0
2011820376363551 137212166624960 join_end 0 0 0 0 0 0
2011820376363601 137212166624960 book_beg 1 0 0 0 0 0
2011820376363901 137212166624960 batch 173 1 1 2 2 0
2011820376364001 137212166624960 book_end 1 0 0 0 0 0
2011820376364251 137212166624960 coll_beg 0 0 0 0 0 0
2011820376878592 137212166624960 coll_end 0 0 0 0 0 0
2011820376878642 137212166624960 rel_beg 1 0 0 0 0 0
2011820376879232 137212166624960 absorb 173 0 0 0 0 0
2011820376884692 137212166624960 rel_end 1 0 0 0 0 0
2011820376885862 137212166624960 wait_beg 0 0 0 0 0 0
2011820376928110 137212174624640 send 18 0 0 172 170 1
2011820377642744 137212174624640 send 710797 0 0 172 170 1
2011820378104877 137212174624640 send 586832 0 0 172 170 1
2011820378106147 137212174624640 send 14 0 0 172 170 1
2011820378106457 137212174624640 egress 173 1 0 170 0 0
2011820376903341 137212149839552 emit_beg 173 0 0 0 0 0
2011820376907071 137212149839552 dmg 0 1 0 0 2560 1440
2011820376907181 137212149839552 enc 172 172 1 -1 -1 0
2011820376989638 137212149839552 emit_end 173 0 0 0 0 0
2011820407764724 137212174624640 cliack 171 0 172 173 0 0
2011820407764944 137212174624640 ackregion 172 173 173 171 1 0
2011820413249224 137212166624960 wait_end 0 0 0 0 0 0
2011820413254664 137212166624960 drain_beg 0 0 0 0 0 0
2011820413255454 137212166624960 drain_end 1 0 0 0 0 0
2011820413255734 137212166624960 take 174 0 0 0 0 0
2011820413256354 137212166624960 subm_beg 1 0 0 0 0 0
2011820413257993 137212166624960 submit 174 0 0 0 0 0
2011820413258253 137212166624960 subm_end 1 0 0 0 0 0
2011820413258313 137212166624960 pump_beg 1 0 0 0 0 0
2011820413975027 137212166624960 feedend 173 0 0 0 0 0
2011820414340534 137212166624960 feedend 173 1 0 0 0 0
2011820421614288 137212166624960 outfirst 173 0 65536 0 0 0
2011820413220685 137212174624640 msgin 174 22118400 0 0 0 0
2011820413222075 137212174624640 enq 174 1 0 0 0 0
2011820429949474 137212166624960 outfirst 173 1 65536 0 0 0
2011820430112868 137212166624960 pump_end 1 2 0 0 0 0
2011820430113108 137212166624960 join_beg 1 0 0 0 0 0
2011820430113638 137212166624960 join_end 0 0 0 0 0 0
2011820430113898 137212166624960 book_beg 1 0 0 0 0 0
2011820430114318 137212166624960 batch 174 1 1 2 2 0
2011820430114368 137212166624960 book_end 1 0 0 0 0 0
2011820430114428 137212166624960 coll_beg 0 0 0 0 0 0
2011820430572191 137212166624960 coll_end 0 0 0 0 0 0
2011820430572331 137212166624960 rel_beg 1 0 0 0 0 0
2011820430572711 137212166624960 absorb 174 0 0 0 0 0
2011820430576131 137212166624960 rel_end 1 0 0 0 0 0
2011820430577021 137212166624960 wait_beg 0 0 0 0 0 0
2011820430617439 137212174624640 send 18 0 0 173 171 1
2011820431323454 137212174624640 send 872953 0 0 173 171 1
2011820431811556 137212174624640 send 674453 0 0 173 171 1
2011820431812826 137212174624640 send 14 0 0 173 171 1
2011820431813076 137212174624640 egress 174 1 0 171 0 0
2011820430594220 137212149839552 emit_beg 174 0 0 0 0 0
2011820430599410 137212149839552 dmg 0 1 0 0 2560 1440
2011820430599830 137212149839552 enc 173 173 1 -1 -1 0
2011820430697607 137212149839552 emit_end 174 0 0 0 0 0
2011820462701908 137212166624960 wait_end 0 0 0 0 0 0
2011820462703908 137212166624960 drain_beg 0 0 0 0 0 0
2011820462704158 137212166624960 drain_end 1 0 0 0 0 0
2011820462704288 137212166624960 take 175 0 0 0 0 0
2011820462704758 137212166624960 subm_beg 1 0 0 0 0 0
2011820462705458 137212166624960 submit 175 0 0 0 0 0
2011820462705528 137212166624960 subm_end 1 0 0 0 0 0
2011820462705568 137212166624960 pump_beg 1 0 0 0 0 0
2011820463441021 137212166624960 feedend 174 0 0 0 0 0
2011820458074317 137212174624640 cliack 172 0 173 174 0 0
2011820458074427 137212174624640 ackregion 173 174 174 172 1 0
2011820462691298 137212174624640 msgin 175 22118400 0 0 0 0
2011820462691818 137212174624640 enq 175 1 0 0 0 0
2011820463615764 137212166624960 feedend 174 1 0 0 0 0
2011820471032184 137212166624960 outfirst 174 0 65536 0 0 0
2011820479022372 137212166624960 outfirst 174 1 65536 0 0 0
2011820479160937 137212166624960 pump_end 1 2 0 0 0 0
2011820479161107 137212166624960 join_beg 1 0 0 0 0 0
2011820479161527 137212166624960 join_end 0 0 0 0 0 0
2011820479161627 137212166624960 book_beg 1 0 0 0 0 0
2011820479161767 137212166624960 batch 175 1 1 2 2 0
2011820479161817 137212166624960 book_end 1 0 0 0 0 0
2011820479161857 137212166624960 coll_beg 0 0 0 0 0 0
2011820479627870 137212166624960 coll_end 0 0 0 0 0 0
2011820479627920 137212166624960 rel_beg 1 0 0 0 0 0
2011820479630680 137212166624960 absorb 175 0 0 0 0 0
2011820479633579 137212166624960 rel_end 1 0 0 0 0 0
2011820479634679 137212166624960 wait_beg 0 0 0 0 0 0
2011820479692037 137212174624640 send 18 0 0 174 172 1
2011820480535766 137212174624640 send 748822 0 0 174 172 1
2011820481028648 137212174624640 send 661138 0 0 174 172 1
2011820481030038 137212174624640 send 14 0 0 174 172 1
2011820481030498 137212174624640 egress 175 1 0 172 0 0
2011820479653879 137212149839552 emit_beg 175 0 0 0 0 0
2011820479659408 137212149839552 dmg 0 1 0 0 2560 1440
2011820479659758 137212149839552 enc 174 174 1 -1 -1 0
2011820479754265 137212149839552 emit_end 175 0 0 0 0 0
2011820520241896 137212166624960 wait_end 0 0 0 0 0 0
2011820520243806 137212166624960 drain_beg 0 0 0 0 0 0
2011820520244186 137212166624960 drain_end 1 0 0 0 0 0
2011820520244336 137212166624960 take 176 0 0 0 0 0
2011820520244886 137212166624960 subm_beg 1 0 0 0 0 0
2011820520245906 137212166624960 submit 176 0 0 0 0 0
2011820520246046 137212166624960 subm_end 1 0 0 0 0 0
2011820520246076 137212166624960 pump_beg 1 0 0 0 0 0
2011820521133444 137212166624960 feedend 175 0 0 0 0 0
2011820521573318 137212166624960 feedend 175 1 0 0 0 0
2011820514405419 137212174624640 cliack 173 0 174 175 0 0
2011820514405929 137212174624640 ackregion 174 175 175 173 1 0
2011820520229817 137212174624640 msgin 176 22118400 0 0 0 0
2011820520230577 137212174624640 enq 176 1 0 0 0 0
2011820529686581 137212166624960 outfirst 175 0 65536 0 0 0
2011820539186724 137212166624960 outfirst 175 1 65536 0 0 0
2011820539344419 137212166624960 pump_end 1 2 0 0 0 0
2011820539345118 137212166624960 join_beg 1 0 0 0 0 0
2011820539345548 137212166624960 join_end 0 0 0 0 0 0
2011820539345578 137212166624960 book_beg 1 0 0 0 0 0
2011820539346528 137212166624960 batch 176 1 1 2 2 0
2011820539346568 137212166624960 book_end 1 0 0 0 0 0
2011820539346608 137212166624960 coll_beg 0 0 0 0 0 0
2011820539836531 137212166624960 coll_end 0 0 0 0 0 0
2011820539836731 137212166624960 rel_beg 1 0 0 0 0 0
2011820539837511 137212166624960 absorb 176 0 0 0 0 0
2011820539842230 137212166624960 rel_end 1 0 0 0 0 0
2011820539844350 137212166624960 wait_beg 0 0 0 0 0 0
2011820539913688 137212174624640 send 18 0 0 175 173 1
2011820540602533 137212174624640 send 905906 0 0 175 173 1
2011820541161232 137212174624640 send 771736 0 0 175 173 1
2011820541162682 137212174624640 send 14 0 0 175 173 1
2011820541163222 137212174624640 egress 176 1 0 173 0 0
2011820539850630 137212149839552 emit_beg 176 0 0 0 0 0
2011820539855800 137212149839552 dmg 0 1 0 0 2560 1440
2011820539856110 137212149839552 enc 175 175 1 -1 -1 0
2011820539963366 137212149839552 emit_end 176 0 0 0 0 0
2011820581301696 137212174624640 cliack 174 0 175 176 0 0
2011820581301936 137212174624640 ackregion 175 176 176 174 1 0
2011820586933411 137212166624960 wait_end 0 0 0 0 0 0
2011820586937060 137212166624960 drain_beg 0 0 0 0 0 0
2011820586937460 137212166624960 drain_end 1 0 0 0 0 0
2011820586937710 137212166624960 take 177 0 0 0 0 0
2011820586938270 137212166624960 subm_beg 1 0 0 0 0 0
2011820586939930 137212166624960 submit 177 0 0 0 0 0
2011820586940090 137212166624960 subm_end 1 0 0 0 0 0
2011820586940130 137212166624960 pump_beg 1 0 0 0 0 0
2011820587844877 137212166624960 feedend 176 0 0 0 0 0
2011820588267032 137212166624960 feedend 176 1 0 0 0 0
2011820586917681 137212174624640 msgin 177 22118400 0 0 0 0
2011820586919821 137212174624640 enq 177 1 0 0 0 0
2011820595545046 137212166624960 outfirst 176 0 65536 0 0 0
2011820603101200 137212166624960 outfirst 176 1 65536 0 0 0
2011820603222346 137212166624960 pump_end 1 2 0 0 0 0
2011820603222646 137212166624960 join_beg 1 0 0 0 0 0
2011820603223666 137212166624960 join_end 0 0 0 0 0 0
2011820603224395 137212166624960 book_beg 1 0 0 0 0 0
2011820603225035 137212166624960 batch 177 1 1 2 2 0
2011820603225185 137212166624960 book_end 1 0 0 0 0 0
2011820603225385 137212166624960 coll_beg 0 0 0 0 0 0
2011820603828653 137212166624960 coll_end 0 0 0 0 0 0
2011820603828743 137212166624960 rel_beg 1 0 0 0 0 0
2011820603829233 137212166624960 absorb 177 0 0 0 0 0
2011820603834553 137212166624960 rel_end 1 0 0 0 0 0
2011820603836603 137212166624960 wait_beg 0 0 0 0 0 0
2011820603883691 137212174624640 send 18 0 0 176 174 1
2011820603854292 137212149839552 emit_beg 177 0 0 0 0 0
2011820603858892 137212149839552 dmg 0 1 0 0 2560 1440
2011820603859212 137212149839552 enc 176 176 1 -1 -1 0
2011820603949739 137212149839552 emit_end 177 0 0 0 0 0
2011820604749580 137212174624640 send 804056 0 0 176 174 1
2011820605190484 137212174624640 send 603994 0 0 176 174 1
2011820605191774 137212174624640 send 14 0 0 176 174 1
2011820605192094 137212174624640 egress 177 1 0 174 0 0
2011820642151894 137212174624640 cliack 175 0 176 177 0 0
2011820642152004 137212174624640 ackregion 176 177 177 175 1 0
2011820647055045 137212166624960 wait_end 0 0 0 0 0 0
2011820647057265 137212166624960 drain_beg 0 0 0 0 0 0
2011820647057915 137212166624960 drain_end 1 0 0 0 0 0
2011820647058015 137212166624960 take 178 0 0 0 0 0
2011820647058325 137212166624960 subm_beg 1 0 0 0 0 0
2011820647059225 137212166624960 submit 178 0 0 0 0 0
2011820647059365 137212166624960 subm_end 1 0 0 0 0 0
2011820647059395 137212166624960 pump_beg 1 0 0 0 0 0
2011820647918293 137212166624960 feedend 177 0 0 0 0 0
2011820648296799 137212166624960 feedend 177 1 0 0 0 0
2011820647042965 137212174624640 msgin 178 22118400 0 0 0 0
2011820647044055 137212174624640 enq 178 1 0 0 0 0
2011820655951470 137212166624960 outfirst 177 0 65536 0 0 0
2011820664359613 137212166624960 outfirst 177 1 65536 0 0 0
2011820664512907 137212166624960 pump_end 1 2 0 0 0 0
2011820664513737 137212166624960 join_beg 1 0 0 0 0 0
2011820664515207 137212166624960 join_end 0 0 0 0 0 0
2011820664515317 137212166624960 book_beg 1 0 0 0 0 0
2011820664516237 137212166624960 batch 178 1 1 2 2 0
2011820664516317 137212166624960 book_end 1 0 0 0 0 0
2011820664516517 137212166624960 coll_beg 0 0 0 0 0 0
2011820665237541 137212166624960 coll_end 0 0 0 0 0 0
2011820665237741 137212166624960 rel_beg 1 0 0 0 0 0
2011820665238441 137212166624960 absorb 178 0 0 0 0 0
2011820665244950 137212166624960 rel_end 1 0 0 0 0 0
2011820665247410 137212166624960 wait_beg 0 0 0 0 0 0
2011820665312308 137212174624640 send 18 0 0 177 175 1
2011820665992713 137212174624640 send 883677 0 0 177 175 1
2011820666514714 137212174624640 send 731222 0 0 177 175 1
2011820666515924 137212174624640 send 14 0 0 177 175 1
2011820666516454 137212174624640 egress 178 1 0 175 0 0
2011820665267730 137212149839552 emit_beg 178 0 0 0 0 0
2011820665273489 137212149839552 dmg 0 1 0 0 2560 1440
2011820665273859 137212149839552 enc 177 177 1 -1 -1 0
2011820665395885 137212149839552 emit_end 178 0 0 0 0 0
2011820714710524 137212174624640 cliack 176 0 177 178 0 0
2011820714710804 137212174624640 ackregion 177 178 178 176 1 0
2011820719946243 137212166624960 wait_end 0 0 0 0 0 0
2011820719951852 137212166624960 drain_beg 0 0 0 0 0 0
2011820719952572 137212166624960 drain_end 1 0 0 0 0 0
2011820719952722 137212166624960 take 179 0 0 0 0 0
2011820719953332 137212166624960 subm_beg 1 0 0 0 0 0
2011820719955192 137212166624960 submit 179 0 0 0 0 0
2011820719955352 137212166624960 subm_end 1 0 0 0 0 0
2011820719955392 137212166624960 pump_beg 1 0 0 0 0 0
2011820720788882 137212166624960 feedend 178 0 0 0 0 0
2011820721172008 137212166624960 feedend 178 1 0 0 0 0
2011820719911574 137212174624640 msgin 179 22118400 0 0 0 0
2011820719913424 137212174624640 enq 179 1 0 0 0 0
2011820728057166 137212166624960 outfirst 178 0 65536 0 0 0
2011820735852572 137212166624960 outfirst 178 1 65536 0 0 0
2011820736021225 137212166624960 pump_end 1 2 0 0 0 0
2011820736021705 137212166624960 join_beg 1 0 0 0 0 0
2011820736022765 137212166624960 join_end 0 0 0 0 0 0
2011820736022885 137212166624960 book_beg 1 0 0 0 0 0
2011820736023355 137212166624960 batch 179 1 1 2 2 0
2011820736023405 137212166624960 book_end 1 0 0 0 0 0
2011820736023455 137212166624960 coll_beg 0 0 0 0 0 0
2011820736420031 137212166624960 coll_end 0 0 0 0 0 0
2011820736420091 137212166624960 rel_beg 1 0 0 0 0 0
2011820736420641 137212166624960 absorb 179 0 0 0 0 0
2011820736424941 137212166624960 rel_end 1 0 0 0 0 0
2011820736426611 137212166624960 wait_beg 0 0 0 0 0 0
2011820736474259 137212174624640 send 18 0 0 178 176 1
2011820737340187 137212174624640 send 723417 0 0 178 176 1
2011820737797951 137212174624640 send 624594 0 0 178 176 1
2011820737799261 137212174624640 send 14 0 0 178 176 1
2011820737799651 137212174624640 egress 179 1 0 176 0 0
2011820736446740 137212149839552 emit_beg 179 0 0 0 0 0
2011820736451080 137212149839552 dmg 0 1 0 0 2560 1440
2011820736451350 137212149839552 enc 178 178 1 -1 -1 0
2011820736540816 137212149839552 emit_end 179 0 0 0 0 0
2011820775427336 137212174624640 cliack 177 0 178 179 0 0
2011820775427416 137212174624640 ackregion 178 179 179 177 1 0
2011820781330181 137212166624960 wait_end 0 0 0 0 0 0
2011820781332361 137212166624960 drain_beg 0 0 0 0 0 0
2011820781332670 137212166624960 drain_end 1 0 0 0 0 0
2011820781332840 137212166624960 take 180 0 0 0 0 0
2011820781333310 137212166624960 subm_beg 1 0 0 0 0 0
2011820781334270 137212166624960 submit 180 0 0 0 0 0
2011820781334420 137212166624960 subm_end 1 0 0 0 0 0
2011820781334460 137212166624960 pump_beg 1 0 0 0 0 0
2011820782242737 137212166624960 feedend 179 0 0 0 0 0
2011820782684081 137212166624960 feedend 179 1 0 0 0 0
2011820781319771 137212174624640 msgin 180 22118400 0 0 0 0
2011820781320251 137212174624640 enq 180 1 0 0 0 0
2011820790893021 137212166624960 outfirst 179 0 65536 0 0 0
2011820800818029 137212166624960 outfirst 179 1 65536 0 0 0
2011820801059590 137212166624960 pump_end 1 2 0 0 0 0
2011820801060270 137212166624960 join_beg 1 0 0 0 0 0
2011820801061740 137212166624960 join_end 0 0 0 0 0 0
2011820801061780 137212166624960 book_beg 1 0 0 0 0 0
2011820801062620 137212166624960 batch 180 1 1 2 2 0
2011820801062660 137212166624960 book_end 1 0 0 0 0 0
2011820801062700 137212166624960 coll_beg 0 0 0 0 0 0
2011820801609660 137212166624960 coll_end 0 0 0 0 0 0
2011820801609710 137212166624960 rel_beg 1 0 0 0 0 0
2011820801610380 137212166624960 absorb 180 0 0 0 0 0
2011820801617540 137212166624960 rel_end 1 0 0 0 0 0
2011820801619730 137212166624960 wait_beg 0 0 0 0 0 0
2011820801712916 137212174624640 send 18 0 0 179 177 1
2011820802862074 137212174624640 send 935051 0 0 179 177 1
2011820803746532 137212174624640 send 831989 0 0 179 177 1
2011820803748202 137212174624640 send 14 0 0 179 177 1
2011820803748462 137212174624640 egress 180 1 0 177 0 0
2011820801635399 137212149839552 emit_beg 180 0 0 0 0 0
2011820801639959 137212149839552 dmg 0 1 0 0 2560 1440
2011820801640709 137212149839552 enc 179 179 1 -1 -1 0
2011820801749335 137212149839552 emit_end 180 0 0 0 0 0
2011820845387191 137212174624640 cliack 178 0 179 180 0 0
2011820845387381 137212174624640 ackregion 179 180 180 178 1 0
2011820851376432 137212166624960 wait_end 0 0 0 0 0 0
2011820851380992 137212166624960 drain_beg 0 0 0 0 0 0
2011820851381502 137212166624960 drain_end 1 0 0 0 0 0
2011820851381792 137212166624960 take 181 0 0 0 0 0
2011820851382542 137212166624960 subm_beg 1 0 0 0 0 0
2011820851384432 137212166624960 submit 181 0 0 0 0 0
2011820851384582 137212166624960 subm_end 1 0 0 0 0 0
2011820851384662 137212166624960 pump_beg 1 0 0 0 0 0
2011820852232261 137212166624960 feedend 180 0 0 0 0 0
2011820852611367 137212166624960 feedend 180 1 0 0 0 0
2011820851344054 137212174624640 msgin 181 22118400 0 0 0 0
2011820851346103 137212174624640 enq 181 1 0 0 0 0
2011820859574623 137212166624960 outfirst 180 0 65536 0 0 0
2011820867410217 137212166624960 outfirst 180 1 65536 0 0 0
2011820867572231 137212166624960 pump_end 1 2 0 0 0 0
2011820867572701 137212166624960 join_beg 1 0 0 0 0 0
2011820867573231 137212166624960 join_end 0 0 0 0 0 0
2011820867573331 137212166624960 book_beg 1 0 0 0 0 0
2011820867573581 137212166624960 batch 181 1 1 2 2 0
2011820867573721 137212166624960 book_end 1 0 0 0 0 0
2011820867573861 137212166624960 coll_beg 0 0 0 0 0 0
2011820867911809 137212166624960 coll_end 0 0 0 0 0 0
2011820867911979 137212166624960 rel_beg 1 0 0 0 0 0
2011820867912358 137212166624960 absorb 181 0 0 0 0 0
2011820867916308 137212166624960 rel_end 1 0 0 0 0 0
2011820867917878 137212166624960 wait_beg 0 0 0 0 0 0
2011820867959647 137212174624640 send 18 0 0 180 178 1
2011820868483528 137212174624640 send 676098 0 0 180 178 1
2011820868896753 137212174624640 send 588967 0 0 180 178 1
2011820868898062 137212174624640 send 14 0 0 180 178 1
2011820868898352 137212174624640 egress 181 1 0 178 0 0
2011820867936178 137212149839552 emit_beg 181 0 0 0 0 0
2011820867941547 137212149839552 dmg 0 1 0 0 2560 1440
2011820867941887 137212149839552 enc 180 180 1 -1 -1 0
2011820868028984 137212149839552 emit_end 181 0 0 0 0 0
2011820903432911 137212174624640 cliack 179 0 180 181 0 0
2011820903432991 137212174624640 ackregion 180 181 181 179 1 0
2011820909581826 137212166624960 wait_end 0 0 0 0 0 0
2011820909585806 137212166624960 drain_beg 0 0 0 0 0 0
2011820909586346 137212166624960 drain_end 1 0 0 0 0 0
2011820909586566 137212166624960 take 182 0 0 0 0 0
2011820909587226 137212166624960 subm_beg 1 0 0 0 0 0
2011820909588926 137212166624960 submit 182 0 0 0 0 0
2011820909589066 137212166624960 subm_end 1 0 0 0 0 0
2011820909589116 137212166624960 pump_beg 1 0 0 0 0 0
2011820910314350 137212166624960 feedend 181 0 0 0 0 0
2011820910367188 137212166624960 feedend 181 1 0 0 0 0
2011820909565717 137212174624640 msgin 182 22118400 0 0 0 0
2011820909568067 137212174624640 enq 182 1 0 0 0 0
2011820917949781 137212166624960 outfirst 181 0 65536 0 0 0
2011820925826573 137212166624960 outfirst 181 1 65536 0 0 0
2011820925920490 137212166624960 pump_end 1 2 0 0 0 0
2011820925920700 137212166624960 join_beg 1 0 0 0 0 0
2011820925920930 137212166624960 join_end 0 0 0 0 0 0
2011820925921030 137212166624960 book_beg 1 0 0 0 0 0
2011820925921290 137212166624960 batch 182 1 1 2 2 0
2011820925921320 137212166624960 book_end 1 0 0 0 0 0
2011820925921360 137212166624960 coll_beg 0 0 0 0 0 0
2011820926337905 137212166624960 coll_end 0 0 0 0 0 0
2011820926338055 137212166624960 rel_beg 1 0 0 0 0 0
2011820926338475 137212166624960 absorb 182 0 0 0 0 0
2011820926342634 137212166624960 rel_end 1 0 0 0 0 0
2011820926343734 137212166624960 wait_beg 0 0 0 0 0 0
2011820926370123 137212174624640 send 18 0 0 181 179 1
2011820926349514 137212149839552 emit_beg 182 0 0 0 0 0
2011820926351264 137212149839552 dmg 0 1 0 0 2560 1440
2011820926351504 137212149839552 enc 181 181 1 -1 -1 0
2011820926428581 137212149839552 emit_end 182 0 0 0 0 0
2011820927311399 137212174624640 send 812646 0 0 181 179 1
2011820927826770 137212174624640 send 660147 0 0 181 179 1
2011820927828020 137212174624640 send 14 0 0 181 179 1
2011820927828350 137212174624640 egress 182 1 0 179 0 0
2011820985202895 137212166624960 wait_end 0 0 0 0 0 0
2011820985208394 137212166624960 drain_beg 0 0 0 0 0 0
2011820985209074 137212166624960 drain_end 1 0 0 0 0 0
2011820985209434 137212166624960 take 183 0 0 0 0 0
2011820985210644 137212166624960 subm_beg 1 0 0 0 0 0
2011820985212674 137212166624960 submit 183 0 0 0 0 0
2011820985212834 137212166624960 subm_end 1 0 0 0 0 0
2011820985212914 137212166624960 pump_beg 1 0 0 0 0 0
2011820986016825 137212166624960 feedend 182 0 0 0 0 0
2011820986383702 137212166624960 feedend 182 1 0 0 0 0
2011820979857480 137212174624640 cliack 180 0 181 182 0 0
2011820979857640 137212174624640 ackregion 181 182 182 180 1 0
2011820985170776 137212174624640 msgin 183 22118400 0 0 0 0
2011820985172246 137212174624640 enq 183 1 0 0 0 0
2011820993193203 137212166624960 outfirst 182 0 65536 0 0 0
2011821000998988 137212166624960 outfirst 182 1 65536 0 0 0
2011821001174201 137212166624960 pump_end 1 2 0 0 0 0
2011821001174471 137212166624960 join_beg 1 0 0 0 0 0
2011821001174771 137212166624960 join_end 0 0 0 0 0 0
2011821001174851 137212166624960 book_beg 1 0 0 0 0 0
2011821001175291 137212166624960 batch 183 1 1 2 2 0
2011821001175351 137212166624960 book_end 1 0 0 0 0 0
2011821001175401 137212166624960 coll_beg 0 0 0 0 0 0
2011821001649384 137212166624960 coll_end 0 0 0 0 0 0
2011821001649434 137212166624960 rel_beg 1 0 0 0 0 0
2011821001649844 137212166624960 absorb 183 0 0 0 0 0
2011821001653364 137212166624960 rel_end 1 0 0 0 0 0
2011821001654554 137212166624960 wait_beg 0 0 0 0 0 0
2011821001692272 137212174624640 send 18 0 0 182 180 1
2011821002271331 137212174624640 send 736240 0 0 182 180 1
2011821002712055 137212174624640 send 611546 0 0 182 180 1
2011821002713255 137212174624640 send 14 0 0 182 180 1
2011821002713535 137212174624640 egress 183 1 0 180 0 0
2011821001672393 137212149839552 emit_beg 183 0 0 0 0 0
2011821001677213 137212149839552 dmg 0 1 0 0 2560 1440
2011821001677383 137212149839552 enc 182 182 1 -1 -1 0
2011821001766940 137212149839552 emit_end 183 0 0 0 0 0
2011821034408958 137212174624640 cliack 181 0 182 183 0 0
2011821034409048 137212174624640 ackregion 182 183 183 181 1 0
2011821040863122 137212166624960 wait_end 0 0 0 0 0 0
2011821040866782 137212166624960 drain_beg 0 0 0 0 0 0
2011821040867542 137212166624960 drain_end 1 0 0 0 0 0
2011821040867712 137212166624960 take 184 0 0 0 0 0
2011821040868512 137212166624960 subm_beg 1 0 0 0 0 0
2011821040870042 137212166624960 submit 184 0 0 0 0 0
2011821040870192 137212166624960 subm_end 1 0 0 0 0 0
2011821040870232 137212166624960 pump_beg 1 0 0 0 0 0
2011821041573886 137212166624960 feedend 183 0 0 0 0 0
2011821041754599 137212166624960 feedend 183 1 0 0 0 0
2011821040841363 137212174624640 msgin 184 22118400 0 0 0 0
2011821040842743 137212174624640 enq 184 1 0 0 0 0
2011821049152049 137212166624960 outfirst 183 0 65536 0 0 0
2011821055676731 137212166624960 outfirst 183 1 65536 0 0 0
2011821055771437 137212166624960 pump_end 1 2 0 0 0 0
2011821055772007 137212166624960 join_beg 1 0 0 0 0 0
2011821055772257 137212166624960 join_end 0 0 0 0 0 0
2011821055772317 137212166624960 book_beg 1 0 0 0 0 0
2011821055772837 137212166624960 batch 184 1 1 2 2 0
2011821055772967 137212166624960 book_end 1 0 0 0 0 0
2011821055773087 137212166624960 coll_beg 0 0 0 0 0 0
2011821056328497 137212166624960 coll_end 0 0 0 0 0 0
2011821056328637 137212166624960 rel_beg 1 0 0 0 0 0
2011821056329137 137212166624960 absorb 184 0 0 0 0 0
2011821056333607 137212166624960 rel_end 1 0 0 0 0 0
2011821056335257 137212166624960 wait_beg 0 0 0 0 0 0
2011821056371235 137212174624640 send 18 0 0 183 181 1
2011821056991343 137212174624640 send 786410 0 0 183 181 1
2011821057393378 137212174624640 send 544809 0 0 183 181 1
2011821057394578 137212174624640 send 14 0 0 183 181 1
2011821057394858 137212174624640 egress 184 1 0 181 0 0
2011821056353916 137212149839552 emit_beg 184 0 0 0 0 0
2011821056358496 137212149839552 dmg 0 1 0 0 2560 1440
2011821056358886 137212149839552 enc 183 183 1 -1 -1 0
2011821056441283 137212149839552 emit_end 184 0 0 0 0 0
2011821099864907 137212166624960 wait_end 0 0 0 0 0 0
2011821099870097 137212166624960 drain_beg 0 0 0 0 0 0
2011821099870747 137212166624960 drain_end 1 0 0 0 0 0
2011821099870897 137212166624960 take 185 0 0 0 0 0
2011821099871717 137212166624960 subm_beg 1 0 0 0 0 0
2011821099872927 137212166624960 submit 185 0 0 0 0 0
2011821099873057 137212166624960 subm_end 1 0 0 0 0 0
2011821099873097 137212166624960 pump_beg 1 0 0 0 0 0
2011821100697677 137212166624960 feedend 184 0 0 0 0 0
2011821101134891 137212166624960 feedend 184 1 0 0 0 0
2011821098026034 137212174624640 cliack 182 0 183 184 0 0
2011821098026184 137212174624640 ackregion 183 184 184 182 1 0
2011821099836988 137212174624640 msgin 185 22118400 0 0 0 0
2011821099838858 137212174624640 enq 185 1 0 0 0 0
2011821107916493 137212166624960 outfirst 184 0 65536 0 0 0
2011821115086511 137212166624960 outfirst 184 1 65536 0 0 0
2011821115242025 137212166624960 pump_end 1 2 0 0 0 0
2011821115242235 137212166624960 join_beg 1 0 0 0 0 0
2011821115242515 137212166624960 join_end 0 0 0 0 0 0
2011821115242575 137212166624960 book_beg 1 0 0 0 0 0
2011821115242745 137212166624960 batch 185 1 1 2 2 0
2011821115242795 137212166624960 book_end 1 0 0 0 0 0
2011821115242835 137212166624960 coll_beg 0 0 0 0 0 0
2011821115606452 137212166624960 coll_end 0 0 0 0 0 0
2011821115606492 137212166624960 rel_beg 1 0 0 0 0 0
2011821115606872 137212166624960 absorb 185 0 0 0 0 0
2011821115610412 137212166624960 rel_end 1 0 0 0 0 0
2011821115611602 137212166624960 wait_beg 0 0 0 0 0 0
2011821115652550 137212174624640 send 18 0 0 184 182 1
2011821116531018 137212174624640 send 688774 0 0 184 182 1
2011821117274911 137212174624640 send 570406 0 0 184 182 1
2011821117277911 137212174624640 send 14 0 0 184 182 1
2011821117278481 137212174624640 egress 185 1 0 182 0 0
2011821115629311 137212149839552 emit_beg 185 0 0 0 0 0
2011821115633351 137212149839552 dmg 0 1 0 0 2560 1440
2011821115633551 137212149839552 enc 184 184 1 -1 -1 0
2011821115713718 137212149839552 emit_end 185 0 0 0 0 0
2011821156303046 137212174624640 cliack 183 0 184 185 0 0
2011821156303316 137212174624640 ackregion 184 185 185 183 1 0
2011821162887715 137212166624960 wait_end 0 0 0 0 0 0
2011821162891385 137212166624960 drain_beg 0 0 0 0 0 0
2011821162892215 137212166624960 drain_end 1 0 0 0 0 0
2011821162892365 137212166624960 take 186 0 0 0 0 0
2011821162892915 137212166624960 subm_beg 1 0 0 0 0 0
2011821162894085 137212166624960 submit 186 0 0 0 0 0
2011821162894225 137212166624960 subm_end 1 0 0 0 0 0
2011821162894255 137212166624960 pump_beg 1 0 0 0 0 0
2011821163593179 137212166624960 feedend 185 0 0 0 0 0
2011821163768073 137212166624960 feedend 185 1 0 0 0 0
2011821162864426 137212174624640 msgin 186 22118400 0 0 0 0
2011821162865516 137212174624640 enq 186 1 0 0 0 0
2011821171371285 137212166624960 outfirst 185 0 65536 0 0 0
2011821180451644 137212166624960 outfirst 185 1 65536 0 0 0
2011821180551820 137212166624960 pump_end 1 2 0 0 0 0
2011821180556900 137212166624960 join_beg 1 0 0 0 0 0
2011821180557540 137212166624960 join_end 0 0 0 0 0 0
2011821180557600 137212166624960 book_beg 1 0 0 0 0 0
2011821180558220 137212166624960 batch 186 1 1 2 2 0
2011821180558270 137212166624960 book_end 1 0 0 0 0 0
2011821180558310 137212166624960 coll_beg 0 0 0 0 0 0
2011821180992124 137212166624960 coll_end 0 0 0 0 0 0
2011821180992184 137212166624960 rel_beg 1 0 0 0 0 0
2011821180992574 137212166624960 absorb 186 0 0 0 0 0
2011821180996224 137212166624960 rel_end 1 0 0 0 0 0
2011821180997024 137212166624960 wait_beg 0 0 0 0 0 0
2011821181048422 137212174624640 send 18 0 0 185 183 1
2011821182060975 137212174624640 send 838594 0 0 185 183 1
2011821182749060 137212174624640 send 750597 0 0 185 183 1
2011821182750400 137212174624640 send 14 0 0 185 183 1
2011821182750660 137212174624640 egress 186 1 0 183 0 0
2011821181014783 137212149839552 emit_beg 186 0 0 0 0 0
2011821181018143 137212149839552 dmg 0 1 0 0 2560 1440
2011821181018343 137212149839552 enc 185 185 1 -1 -1 0
2011821181131109 137212149839552 emit_end 186 0 0 0 0 0
2011821216797486 137212166624960 wait_end 0 0 0 0 0 0
2011821216803296 137212166624960 drain_beg 0 0 0 0 0 0
2011821216804406 137212166624960 drain_end 1 0 0 0 0 0
2011821216804786 137212166624960 take 187 0 0 0 0 0
2011821216805716 137212166624960 subm_beg 1 0 0 0 0 0
2011821216807846 137212166624960 submit 187 0 0 0 0 0
2011821216808006 137212166624960 subm_end 1 0 0 0 0 0
2011821216808086 137212166624960 pump_beg 1 0 0 0 0 0
2011821217602517 137212166624960 feedend 186 0 0 0 0 0
2011821218018712 137212166624960 feedend 186 1 0 0 0 0
2011821213694370 137212174624640 cliack 184 0 185 186 0 0
2011821213694510 137212174624640 ackregion 185 186 186 184 1 0
2011821216764668 137212174624640 msgin 187 22118400 0 0 0 0
2011821216765907 137212174624640 enq 187 1 0 0 0 0
2011821225107963 137212166624960 outfirst 186 0 65536 0 0 0
2011821232791322 137212166624960 outfirst 186 1 65536 0 0 0
2011821232889959 137212166624960 pump_end 1 2 0 0 0 0
2011821232890368 137212166624960 join_beg 1 0 0 0 0 0
2011821232890608 137212166624960 join_end 0 0 0 0 0 0
2011821232890738 137212166624960 book_beg 1 0 0 0 0 0
2011821232890968 137212166624960 batch 187 1 1 2 2 0
2011821232891098 137212166624960 book_end 1 0 0 0 0 0
2011821232891158 137212166624960 coll_beg 0 0 0 0 0 0
2011821233527625 137212166624960 coll_end 0 0 0 0 0 0
2011821233527685 137212166624960 rel_beg 1 0 0 0 0 0
2011821233528135 137212166624960 absorb 187 0 0 0 0 0
2011821233531565 137212166624960 rel_end 1 0 0 0 0 0
2011821233532865 137212166624960 wait_beg 0 0 0 0 0 0
2011821233577753 137212174624640 send 18 0 0 186 184 1
2011821234471221 137212174624640 send 769960 0 0 186 184 1
2011821234920144 137212174624640 send 622259 0 0 186 184 1
2011821234921404 137212174624640 send 14 0 0 186 184 1
2011821234921654 137212174624640 egress 187 1 0 184 0 0
2011821233551544 137212149839552 emit_beg 187 0 0 0 0 0
2011821233557854 137212149839552 dmg 0 1 0 0 2560 1440
2011821233558064 137212149839552 enc 186 186 1 -1 -1 0
2011821233644661 137212149839552 emit_end 187 0 0 0 0 0
2011821268225618 137212174624640 cliack 185 0 186 187 0 0
2011821268225718 137212174624640 ackregion 186 187 187 185 1 0
2011821274401122 137212166624960 wait_end 0 0 0 0 0 0
2011821274404842 137212166624960 drain_beg 0 0 0 0 0 0
2011821274405362 137212166624960 drain_end 1 0 0 0 0 0
2011821274405602 137212166624960 take 188 0 0 0 0 0
2011821274406132 137212166624960 subm_beg 1 0 0 0 0 0
2011821274407782 137212166624960 submit 188 0 0 0 0 0
2011821274407912 137212166624960 subm_end 1 0 0 0 0 0
2011821274407952 137212166624960 pump_beg 1 0 0 0 0 0
2011821275109627 137212166624960 feedend 187 0 0 0 0 0
2011821275166754 137212166624960 feedend 187 1 0 0 0 0
2011821274385763 137212174624640 msgin 188 22118400 0 0 0 0
2011821274387793 137212174624640 enq 188 1 0 0 0 0
2011821282354772 137212166624960 outfirst 187 0 65536 0 0 0
2011821290730296 137212166624960 outfirst 187 1 65536 0 0 0
2011821290816923 137212166624960 pump_end 1 2 0 0 0 0
2011821290817153 137212166624960 join_beg 1 0 0 0 0 0
2011821290817393 137212166624960 join_end 0 0 0 0 0 0
2011821290817463 137212166624960 book_beg 1 0 0 0 0 0
2011821290817763 137212166624960 batch 188 1 1 2 2 0
2011821290817853 137212166624960 book_end 1 0 0 0 0 0
2011821290817933 137212166624960 coll_beg 0 0 0 0 0 0
2011821291241957 137212166624960 coll_end 0 0 0 0 0 0
2011821291242007 137212166624960 rel_beg 1 0 0 0 0 0
2011821291242377 137212166624960 absorb 188 0 0 0 0 0
2011821291246217 137212166624960 rel_end 1 0 0 0 0 0
2011821291247837 137212166624960 wait_beg 0 0 0 0 0 0
2011821291287366 137212174624640 send 18 0 0 187 185 1
2011821291898003 137212174624640 send 781810 0 0 187 185 1
2011821292394705 137212174624640 send 669523 0 0 187 185 1
2011821292395945 137212174624640 send 14 0 0 187 185 1
2011821292396245 137212174624640 egress 188 1 0 185 0 0
2011821291266417 137212149839552 emit_beg 188 0 0 0 0 0
2011821291270956 137212149839552 dmg 0 1 0 0 2560 1440
2011821291271036 137212149839552 enc 187 187 1 -1 -1 0
2011821291362473 137212149839552 emit_end 188 0 0 0 0 0
2011821336956888 137212174624640 cliack 186 0 187 188 0 0
2011821336956978 137212174624640 ackregion 187 188 188 186 1 0
2011821341924136 137212166624960 wait_end 0 0 0 0 0 0
2011821341927136 137212166624960 drain_beg 0 0 0 0 0 0
2011821341927486 137212166624960 drain_end 1 0 0 0 0 0
2011821341927726 137212166624960 take 189 0 0 0 0 0
2011821341928216 137212166624960 subm_beg 1 0 0 0 0 0
2011821341929326 137212166624960 submit 189 0 0 0 0 0
2011821341929496 137212166624960 subm_end 1 0 0 0 0 0
2011821341929536 137212166624960 pump_beg 1 0 0 0 0 0
2011821343152622 137212166624960 feedend 188 0 0 0 0 0
2011821343595285 137212166624960 feedend 188 1 0 0 0 0
2011821341910897 137212174624640 msgin 189 22118400 0 0 0 0
2011821341911347 137212174624640 enq 189 1 0 0 0 0
2011821350958246 137212166624960 outfirst 188 0 65536 0 0 0
2011821358247830 137212166624960 outfirst 188 1 65536 0 0 0
2011821358372666 137212166624960 pump_end 1 2 0 0 0 0
2011821358373256 137212166624960 join_beg 1 0 0 0 0 0
2011821358373816 137212166624960 join_end 0 0 0 0 0 0
2011821358373886 137212166624960 book_beg 1 0 0 0 0 0
2011821358375106 137212166624960 batch 189 1 1 2 2 0
2011821358375166 137212166624960 book_end 1 0 0 0 0 0
2011821358375206 137212166624960 coll_beg 0 0 0 0 0 0
2011821358838189 137212166624960 coll_end 0 0 0 0 0 0
2011821358838249 137212166624960 rel_beg 1 0 0 0 0 0
2011821358839199 137212166624960 absorb 189 0 0 0 0 0
2011821358845608 137212166624960 rel_end 1 0 0 0 0 0
2011821358848398 137212166624960 wait_beg 0 0 0 0 0 0
2011821358914686 137212174624640 send 18 0 0 188 186 1
2011821358856228 137212149839552 emit_beg 189 0 0 0 0 0
2011821358862028 137212149839552 dmg 0 1 0 0 2560 1440
2011821358862298 137212149839552 enc 188 188 1 -1 -1 0
2011821358958784 137212149839552 emit_end 189 0 0 0 0 0
2011821359458626 137212174624640 send 709861 0 0 188 186 1
2011821359870581 137212174624640 send 578377 0 0 188 186 1
2011821359872081 137212174624640 send 14 0 0 188 186 1
2011821359872551 137212174624640 egress 189 1 0 186 0 0
2011821397047053 137212174624640 cliack 187 0 188 189 0 0
2011821397047193 137212174624640 ackregion 188 189 189 187 1 0
2011821403181449 137212166624960 wait_end 0 0 0 0 0 0
2011821403185799 137212166624960 drain_beg 0 0 0 0 0 0
2011821403203488 137212166624960 drain_end 1 0 0 0 0 0
2011821403203898 137212166624960 take 190 0 0 0 0 0
2011821403204548 137212166624960 subm_beg 1 0 0 0 0 0
2011821403206378 137212166624960 submit 190 0 0 0 0 0
2011821403206518 137212166624960 subm_end 1 0 0 0 0 0
2011821403206538 137212166624960 pump_beg 1 0 0 0 0 0
2011821404004169 137212166624960 feedend 189 0 0 0 0 0
2011821404379105 137212166624960 feedend 189 1 0 0 0 0
2011821403163290 137212174624640 msgin 190 22118400 0 0 0 0
2011821403165530 137212174624640 enq 190 1 0 0 0 0
2011821411970098 137212166624960 outfirst 189 0 65536 0 0 0
2011821421291578 137212166624960 outfirst 189 1 65536 0 0 0
2011821421487131 137212166624960 pump_end 1 2 0 0 0 0
2011821421487441 137212166624960 join_beg 1 0 0 0 0 0
2011821421487711 137212166624960 join_end 0 0 0 0 0 0
2011821421487771 137212166624960 book_beg 1 0 0 0 0 0
2011821421487931 137212166624960 batch 190 1 1 2 2 0
2011821421487961 137212166624960 book_end 1 0 0 0 0 0
2011821421487991 137212166624960 coll_beg 0 0 0 0 0 0
2011821422268932 137212166624960 coll_end 0 0 0 0 0 0
2011821422269022 137212166624960 rel_beg 1 0 0 0 0 0
2011821422269462 137212166624960 absorb 190 0 0 0 0 0
2011821422274512 137212166624960 rel_end 1 0 0 0 0 0
2011821422276302 137212166624960 wait_beg 0 0 0 0 0 0
2011821422309811 137212174624640 send 18 0 0 189 187 1
2011821423050583 137212174624640 send 939429 0 0 189 187 1
2011821423678251 137212174624640 send 847557 0 0 189 187 1
2011821423679670 137212174624640 send 14 0 0 189 187 1
2011821423680110 137212174624640 egress 190 1 0 187 0 0
2011821422281762 137212149839552 emit_beg 190 0 0 0 0 0
2011821422286531 137212149839552 dmg 0 1 0 0 2560 1440
2011821422286801 137212149839552 enc 189 189 1 -1 -1 0
2011821422399897 137212149839552 emit_end 190 0 0 0 0 0
2011821459734444 137212174624640 cliack 188 0 189 190 0 0
2011821459734534 137212174624640 ackregion 189 190 190 188 1 0
2011821463657100 137212166624960 wait_end 0 0 0 0 0 0
2011821463661140 137212166624960 drain_beg 0 0 0 0 0 0
2011821463661790 137212166624960 drain_end 1 0 0 0 0 0
2011821463662020 137212166624960 take 191 0 0 0 0 0
2011821463662630 137212166624960 subm_beg 1 0 0 0 0 0
2011821463663990 137212166624960 submit 191 0 0 0 0 0
2011821463664110 137212166624960 subm_end 1 0 0 0 0 0
2011821463664150 137212166624960 pump_beg 1 0 0 0 0 0
2011821464414483 137212166624960 feedend 190 0 0 0 0 0
2011821464744511 137212166624960 feedend 190 1 0 0 0 0
2011821463642591 137212174624640 msgin 191 22118400 0 0 0 0
2011821463644661 137212174624640 enq 191 1 0 0 0 0
2011821471456165 137212166624960 outfirst 190 0 65536 0 0 0
2011821479042088 137212166624960 outfirst 190 1 65536 0 0 0
2011821479139565 137212166624960 pump_end 1 2 0 0 0 0
2011821479139915 137212166624960 join_beg 1 0 0 0 0 0
2011821479140075 137212166624960 join_end 0 0 0 0 0 0
2011821479140135 137212166624960 book_beg 1 0 0 0 0 0
2011821479140495 137212166624960 batch 191 1 1 2 2 0
2011821479140615 137212166624960 book_end 1 0 0 0 0 0
2011821479140735 137212166624960 coll_beg 0 0 0 0 0 0
2011821479586589 137212166624960 coll_end 0 0 0 0 0 0
2011821479586709 137212166624960 rel_beg 1 0 0 0 0 0
2011821479587069 137212166624960 absorb 191 0 0 0 0 0
2011821479590088 137212166624960 rel_end 1 0 0 0 0 0
2011821479591328 137212166624960 wait_beg 0 0 0 0 0 0
2011821479633117 137212174624640 send 18 0 0 190 188 1
2011821479609158 137212149839552 emit_beg 191 0 0 0 0 0
2011821479614268 137212149839552 dmg 0 1 0 0 2560 1440
2011821479614538 137212149839552 enc 190 190 1 -1 -1 0
2011821479690155 137212149839552 emit_end 191 0 0 0 0 0
2011821480479026 137212174624640 send 658543 0 0 190 188 1
2011821480889741 137212174624640 send 557424 0 0 190 188 1
2011821480891221 137212174624640 send 14 0 0 190 188 1
2011821480891651 137212174624640 egress 191 1 0 188 0 0
2011821519990023 137212166624960 wait_end 0 0 0 0 0 0
2011821519994553 137212166624960 drain_beg 0 0 0 0 0 0
2011821519995363 137212166624960 drain_end 1 0 0 0 0 0
2011821519995603 137212166624960 take 192 0 0 0 0 0
2011821519996023 137212166624960 subm_beg 1 0 0 0 0 0
2011821519997553 137212166624960 submit 192 0 0 0 0 0
2011821519997723 137212166624960 subm_end 1 0 0 0 0 0
2011821519997763 137212166624960 pump_beg 1 0 0 0 0 0
2011821515395571 137212174624640 cliack 189 0 190 191 0 0
2011821515395801 137212174624640 ackregion 190 191 191 189 1 0
2011821519958264 137212174624640 msgin 192 22118400 0 0 0 0
2011821519959864 137212174624640 enq 192 1 0 0 0 0
2011821520735826 137212166624960 feedend 191 0 0 0 0 0
2011821520975387 137212166624960 feedend 191 1 0 0 0 0
2011821528161905 137212166624960 outfirst 191 0 65536 0 0 0
2011821536107844 137212166624960 outfirst 191 1 65536 0 0 0
2011821536198821 137212166624960 pump_end 1 2 0 0 0 0
2011821536199101 137212166624960 join_beg 1 0 0 0 0 0
2011821536199361 137212166624960 join_end 0 0 0 0 0 0
2011821536199571 137212166624960 book_beg 1 0 0 0 0 0
2011821536199911 137212166624960 batch 192 1 1 2 2 0
2011821536200051 137212166624960 book_end 1 0 0 0 0 0
2011821536200171 137212166624960 coll_beg 0 0 0 0 0 0
2011821536807809 137212166624960 coll_end 0 0 0 0 0 0
2011821536807959 137212166624960 rel_beg 1 0 0 0 0 0
2011821536808449 137212166624960 absorb 192 0 0 0 0 0
2011821536812369 137212166624960 rel_end 1 0 0 0 0 0
2011821536813418 137212166624960 wait_beg 0 0 0 0 0 0
2011821536843017 137212174624640 send 18 0 0 191 189 1
2011821537986276 137212174624640 send 807448 0 0 191 189 1
2011821538662041 137212174624640 send 654737 0 0 191 189 1
2011821538664141 137212174624640 send 14 0 0 191 189 1
2011821538665081 137212174624640 egress 192 1 0 189 0 0
2011821536818678 137212149839552 emit_beg 192 0 0 0 0 0
2011821536822208 137212149839552 dmg 0 1 0 0 2560 1440
2011821536822438 137212149839552 enc 191 191 1 -1 -1 0
2011821536921485 137212149839552 emit_end 192 0 0 0 0 0
2011821599457521 137212166624960 wait_end 0 0 0 0 0 0
2011821599461270 137212166624960 drain_beg 0 0 0 0 0 0
2011821599461740 137212166624960 drain_end 1 0 0 0 0 0
2011821599461890 137212166624960 take 193 0 0 0 0 0
2011821599462300 137212166624960 subm_beg 1 0 0 0 0 0
2011821599463220 137212166624960 submit 193 0 0 0 0 0
2011821599463430 137212166624960 subm_end 1 0 0 0 0 0
2011821599463520 137212166624960 pump_beg 1 0 0 0 0 0
2011821600399076 137212166624960 feedend 192 0 0 0 0 0
2011821600796362 137212166624960 feedend 192 1 0 0 0 0
2011821592737596 137212174624640 cliack 190 0 191 192 0 0
2011821592738526 137212174624640 ackregion 191 192 192 190 1 0
2011821599435391 137212174624640 msgin 193 22118400 0 0 0 0
2011821599436761 137212174624640 enq 193 1 0 0 0 0
2011821608194032 137212166624960 outfirst 192 0 65536 0 0 0
2011821616498768 137212166624960 outfirst 192 1 65536 0 0 0
2011821616626864 137212166624960 pump_end 1 2 0 0 0 0
2011821616627194 137212166624960 join_beg 1 0 0 0 0 0
2011821616627274 137212166624960 join_end 0 0 0 0 0 0
2011821616627344 137212166624960 book_beg 1 0 0 0 0 0
2011821616646183 137212166624960 batch 193 1 1 2 2 0
2011821616646213 137212166624960 book_end 1 0 0 0 0 0
2011821616646243 137212166624960 coll_beg 0 0 0 0 0 0
2011821617054348 137212166624960 coll_end 0 0 0 0 0 0
2011821617054408 137212166624960 rel_beg 1 0 0 0 0 0
2011821617054568 137212166624960 absorb 193 0 0 0 0 0
2011821617056798 137212166624960 rel_end 1 0 0 0 0 0
2011821617058198 137212166624960 wait_beg 0 0 0 0 0 0
2011821617126505 137212174624640 send 18 0 0 192 190 1
2011821617838739 137212174624640 send 810572 0 0 192 190 1
2011821618348111 137212174624640 send 694395 0 0 192 190 1
2011821618349651 137212174624640 send 14 0 0 192 190 1
2011821618349971 137212174624640 egress 193 1 0 190 0 0
2011821617075907 137212149839552 emit_beg 193 0 0 0 0 0
2011821617079807 137212149839552 dmg 0 1 0 0 2560 1440
2011821617079997 137212149839552 enc 192 192 1 -1 -1 0
2011821617181703 137212149839552 emit_end 193 0 0 0 0 0
2011821651046136 137212166624960 wait_end 0 0 0 0 0 0
2011821651049806 137212166624960 drain_beg 0 0 0 0 0 0
2011821651050336 137212166624960 drain_end 1 0 0 0 0 0
2011821651050596 137212166624960 take 194 0 0 0 0 0
2011821651051146 137212166624960 subm_beg 1 0 0 0 0 0
2011821651053206 137212166624960 submit 194 0 0 0 0 0
2011821651053346 137212166624960 subm_end 1 0 0 0 0 0
2011821651053386 137212166624960 pump_beg 1 0 0 0 0 0
2011821645119283 137212174624640 cliack 191 0 192 193 0 0
2011821645119393 137212174624640 ackregion 192 193 193 191 1 0
2011821651030487 137212174624640 msgin 194 22118400 0 0 0 0
2011821651032577 137212174624640 enq 194 1 0 0 0 0
2011821651824038 137212166624960 feedend 193 0 0 0 0 0
2011821652096978 137212166624960 feedend 193 1 0 0 0 0
2011821659148251 137212166624960 outfirst 193 0 65536 0 0 0
2011821666073978 137212166624960 outfirst 193 1 65536 0 0 0
2011821666155385 137212166624960 pump_end 1 2 0 0 0 0
2011821666155585 137212166624960 join_beg 1 0 0 0 0 0
2011821666156005 137212166624960 join_end 0 0 0 0 0 0
2011821666156165 137212166624960 book_beg 1 0 0 0 0 0
2011821666156455 137212166624960 batch 194 1 1 2 2 0
2011821666156565 137212166624960 book_end 1 0 0 0 0 0
2011821666156625 137212166624960 coll_beg 0 0 0 0 0 0
2011821666585519 137212166624960 coll_end 0 0 0 0 0 0
2011821666585579 137212166624960 rel_beg 1 0 0 0 0 0
2011821666586119 137212166624960 absorb 194 0 0 0 0 0
2011821666589899 137212166624960 rel_end 1 0 0 0 0 0
2011821666591289 137212166624960 wait_beg 0 0 0 0 0 0
2011821666632707 137212174624640 send 18 0 0 193 191 1
2011821667610642 137212174624640 send 797320 0 0 193 191 1
2011821668272767 137212174624640 send 564320 0 0 193 191 1
2011821668274907 137212174624640 send 14 0 0 193 191 1
2011821668275637 137212174624640 egress 194 1 0 191 0 0
2011821666595748 137212149839552 emit_beg 194 0 0 0 0 0
2011821666597408 137212149839552 dmg 0 1 0 0 2560 1440
2011821666597618 137212149839552 enc 193 193 1 -1 -1 0
2011821666671866 137212149839552 emit_end 194 0 0 0 0 0
2011821711545007 137212166624960 wait_end 0 0 0 0 0 0
2011821711550177 137212166624960 drain_beg 0 0 0 0 0 0
2011821711550627 137212166624960 drain_end 1 0 0 0 0 0
2011821711550857 137212166624960 take 195 0 0 0 0 0
2011821711551367 137212166624960 subm_beg 1 0 0 0 0 0
2011821711553157 137212166624960 submit 195 0 0 0 0 0
2011821711553307 137212166624960 subm_end 1 0 0 0 0 0
2011821711553347 137212166624960 pump_beg 1 0 0 0 0 0
2011821708447890 137212174624640 cliack 192 0 193 194 0 0
2011821708448040 137212174624640 ackregion 193 194 194 192 1 0
2011821711514878 137212174624640 msgin 195 22118400 0 0 0 0
2011821711517288 137212174624640 enq 195 1 0 0 0 0
2011821712431525 137212166624960 feedend 194 0 0 0 0 0
2011821712785972 137212166624960 feedend 194 1 0 0 0 0
2011821719990878 137212166624960 outfirst 194 0 65536 0 0 0
2011821727656268 137212166624960 outfirst 194 1 65536 0 0 0
2011821727740375 137212166624960 pump_end 1 2 0 0 0 0
2011821727740705 137212166624960 join_beg 1 0 0 0 0 0
2011821727741015 137212166624960 join_end 0 0 0 0 0 0
2011821727741145 137212166624960 book_beg 1 0 0 0 0 0
2011821727741355 137212166624960 batch 195 1 1 2 2 0
2011821727741405 137212166624960 book_end 1 0 0 0 0 0
2011821727741435 137212166624960 coll_beg 0 0 0 0 0 0
2011821728294135 137212166624960 coll_end 0 0 0 0 0 0
2011821728294255 137212166624960 rel_beg 1 0 0 0 0 0
2011821728294705 137212166624960 absorb 195 0 0 0 0 0
2011821728299785 137212166624960 rel_end 1 0 0 0 0 0
2011821728301465 137212166624960 wait_beg 0 0 0 0 0 0
2011821728350073 137212174624640 send 18 0 0 194 192 1
2011821729234431 137212174624640 send 753635 0 0 194 192 1
2011821729760892 137212174624640 send 618272 0 0 194 192 1
2011821729762562 137212174624640 send 14 0 0 194 192 1
2011821729762882 137212174624640 egress 195 1 0 192 0 0
2011821728308015 137212149839552 emit_beg 195 0 0 0 0 0
2011821728310235 137212149839552 dmg 0 1 0 0 2560 1440
2011821728310475 137212149839552 enc 194 194 1 -1 -1 0
2011821728391652 137212149839552 emit_end 195 0 0 0 0 0
2011821779511615 137212166624960 wait_end 0 0 0 0 0 0
2011821779515325 137212166624960 drain_beg 0 0 0 0 0 0
2011821779516004 137212166624960 drain_end 1 0 0 0 0 0
2011821779516504 137212166624960 take 196 0 0 0 0 0
2011821779517054 137212166624960 subm_beg 1 0 0 0 0 0
2011821779518664 137212166624960 submit 196 0 0 0 0 0
2011821779518734 137212166624960 subm_end 1 0 0 0 0 0
2011821779518794 137212166624960 pump_beg 1 0 0 0 0 0
2011821780521038 137212166624960 feedend 195 0 0 0 0 0
2011821781015390 137212166624960 feedend 195 1 0 0 0 0
2011821773634949 137212174624640 cliack 193 0 194 195 0 0
2011821773635269 137212174624640 ackregion 194 195 195 193 1 0
2011821779497335 137212174624640 msgin 196 22118400 0 0 0 0
2011821779498615 137212174624640 enq 196 1 0 0 0 0
2011821788573404 137212166624960 outfirst 195 0 65536 0 0 0
2011821797829656 137212166624960 outfirst 195 1 65536 0 0 0
2011821798108875 137212166624960 pump_end 1 2 0 0 0 0
2011821798109755 137212166624960 join_beg 1 0 0 0 0 0
2011821798111125 137212166624960 join_end 0 0 0 0 0 0
2011821798111195 137212166624960 book_beg 1 0 0 0 0 0
2011821798112405 137212166624960 batch 196 1 1 2 2 0
2011821798112445 137212166624960 book_end 1 0 0 0 0 0
2011821798112495 137212166624960 coll_beg 0 0 0 0 0 0
2011821798723423 137212166624960 coll_end 0 0 0 0 0 0
2011821798723483 137212166624960 rel_beg 1 0 0 0 0 0
2011821798724283 137212166624960 absorb 196 0 0 0 0 0
2011821798730763 137212166624960 rel_end 1 0 0 0 0 0
2011821798733513 137212166624960 wait_beg 0 0 0 0 0 0
2011821798823269 137212174624640 send 18 0 0 195 193 1
2011821799490535 137212174624640 send 839517 0 0 195 193 1
2011821800067874 137212174624640 send 756559 0 0 195 193 1
2011821800069474 137212174624640 send 14 0 0 195 193 1
2011821800070144 137212174624640 egress 196 1 0 193 0 0
2011821798748762 137212149839552 emit_beg 196 0 0 0 0 0
2011821798759562 137212149839552 dmg 0 1 0 0 2560 1440
2011821798776781 137212149839552 enc 195 195 1 -1 -1 0
2011821798890117 137212149839552 emit_end 196 0 0 0 0 0
2011821838264419 137212166624960 wait_end 0 0 0 0 0 0
2011821838267819 137212166624960 drain_beg 0 0 0 0 0 0
2011821838268389 137212166624960 drain_end 1 0 0 0 0 0
2011821838268579 137212166624960 take 197 0 0 0 0 0
2011821838268939 137212166624960 subm_beg 1 0 0 0 0 0
2011821838279628 137212166624960 submit 197 0 0 0 0 0
2011821838279658 137212166624960 subm_end 1 0 0 0 0 0
2011821838279698 137212166624960 pump_beg 1 0 0 0 0 0
2011821839181635 137212166624960 feedend 196 0 0 0 0 0
2011821839575471 137212166624960 feedend 196 1 0 0 0 0
2011821832440432 137212174624640 cliack 194 0 195 196 0 0
2011821832441002 137212174624640 ackregion 195 196 196 194 1 0
2011821838239740 137212174624640 msgin 197 22118400 0 0 0 0
2011821838240800 137212174624640 enq 197 1 0 0 0 0
2011821847027519 137212166624960 outfirst 196 0 65536 0 0 0
2011821854562444 137212166624960 outfirst 196 1 65536 0 0 0
2011821854694449 137212166624960 pump_end 1 2 0 0 0 0
2011821854695339 137212166624960 join_beg 1 0 0 0 0 0
2011821854696049 137212166624960 join_end 0 0 0 0 0 0
2011821854696119 137212166624960 book_beg 1 0 0 0 0 0
2011821854696769 137212166624960 batch 197 1 1 2 2 0
2011821854696829 137212166624960 book_end 1 0 0 0 0 0
2011821854696999 137212166624960 coll_beg 0 0 0 0 0 0
2011821855248529 137212166624960 coll_end 0 0 0 0 0 0
2011821855249119 137212166624960 rel_beg 1 0 0 0 0 0
2011821855249998 137212166624960 absorb 197 0 0 0 0 0
2011821855259478 137212166624960 rel_end 1 0 0 0 0 0
2011821855261758 137212166624960 wait_beg 0 0 0 0 0 0
2011821855366504 137212174624640 send 18 0 0 196 194 1
2011821856402666 137212174624640 send 764239 0 0 196 194 1
2011821856871919 137212174624640 send 620423 0 0 196 194 1
2011821856873429 137212174624640 send 14 0 0 196 194 1
2011821856873979 137212174624640 egress 197 1 0 194 0 0
2011821855271658 137212149839552 emit_beg 197 0 0 0 0 0
2011821855277197 137212149839552 dmg 0 1 0 0 2560 1440
2011821855277467 137212149839552 enc 196 196 1 -1 -1 0
2011821855388463 137212149839552 emit_end 197 0 0 0 0 0
2011821891756355 137212174624640 cliack 195 0 196 197 0 0
2011821891757295 137212174624640 ackregion 196 197 197 195 1 0
2011821897540854 137212166624960 wait_end 0 0 0 0 0 0
2011821897544884 137212166624960 drain_beg 0 0 0 0 0 0
2011821897545414 137212166624960 drain_end 1 0 0 0 0 0
2011821897545674 137212166624960 take 198 0 0 0 0 0
2011821897546264 137212166624960 subm_beg 1 0 0 0 0 0
2011821897548284 137212166624960 submit 198 0 0 0 0 0
2011821897548464 137212166624960 subm_end 1 0 0 0 0 0
2011821897548504 137212166624960 pump_beg 1 0 0 0 0 0
2011821898273347 137212166624960 feedend 197 0 0 0 0 0
2011821898657793 137212166624960 feedend 197 1 0 0 0 0
2011821897528694 137212174624640 msgin 198 22118400 0 0 0 0
2011821897530574 137212174624640 enq 198 1 0 0 0 0
2011821906514166 137212166624960 outfirst 197 0 65536 0 0 0
2011821915214728 137212166624960 outfirst 197 1 65536 0 0 0
2011821915338934 137212166624960 pump_end 1 2 0 0 0 0
2011821915339684 137212166624960 join_beg 1 0 0 0 0 0
2011821915341444 137212166624960 join_end 0 0 0 0 0 0
2011821915341564 137212166624960 book_beg 1 0 0 0 0 0
2011821915343104 137212166624960 batch 198 1 1 2 2 0
2011821915343324 137212166624960 book_end 1 0 0 0 0 0
2011821915343524 137212166624960 coll_beg 0 0 0 0 0 0
2011821916021779 137212166624960 coll_end 0 0 0 0 0 0
2011821916021879 137212166624960 rel_beg 1 0 0 0 0 0
2011821916022499 137212166624960 absorb 198 0 0 0 0 0
2011821916029159 137212166624960 rel_end 1 0 0 0 0 0
2011821916031319 137212166624960 wait_beg 0 0 0 0 0 0
2011821916107436 137212174624640 send 18 0 0 197 195 1
2011821916818580 137212174624640 send 860973 0 0 197 195 1
2011821917326501 137212174624640 send 722933 0 0 197 195 1
2011821917327801 137212174624640 send 14 0 0 197 195 1
2011821917328431 137212174624640 egress 198 1 0 195 0 0
2011821916051428 137212149839552 emit_beg 198 0 0 0 0 0
2011821916056588 137212149839552 dmg 0 1 0 0 2560 1440
2011821916056828 137212149839552 enc 197 197 1 -1 -1 0
2011821916160434 137212149839552 emit_end 198 0 0 0 0 0
2011821960615750 137212174624640 cliack 196 0 197 198 0 0
2011821960615890 137212174624640 ackregion 197 198 198 196 1 0
2011821964157411 137212166624960 wait_end 0 0 0 0 0 0
2011821964160781 137212166624960 drain_beg 0 0 0 0 0 0
2011821964161271 137212166624960 drain_end 1 0 0 0 0 0
2011821964161481 137212166624960 take 199 0 0 0 0 0
2011821964161671 137212166624960 subm_beg 1 0 0 0 0 0
2011821964162611 137212166624960 submit 199 0 0 0 0 0
2011821964162681 137212166624960 subm_end 1 0 0 0 0 0
2011821964162771 137212166624960 pump_beg 1 0 0 0 0 0
2011821964950772 137212166624960 feedend 198 0 0 0 0 0
2011821965380356 137212166624960 feedend 198 1 0 0 0 0
2011821972341772 137212166624960 outfirst 198 0 65536 0 0 0
2011821964135632 137212174624640 msgin 199 22118400 0 0 0 0
2011821964136102 137212174624640 enq 199 1 0 0 0 0
2011821980276952 137212166624960 outfirst 198 1 65536 0 0 0
2011821980391078 137212166624960 pump_end 1 2 0 0 0 0
2011821980391908 137212166624960 join_beg 1 0 0 0 0 0
2011821980392138 137212166624960 join_end 0 0 0 0 0 0
2011821980392288 137212166624960 book_beg 1 0 0 0 0 0
2011821980393358 137212166624960 batch 199 1 1 2 2 0
2011821980393428 137212166624960 book_end 1 0 0 0 0 0
2011821980393578 137212166624960 coll_beg 0 0 0 0 0 0
2011821981042664 137212166624960 coll_end 0 0 0 0 0 0
2011821981042814 137212166624960 rel_beg 1 0 0 0 0 0
2011821981043004 137212166624960 absorb 199 0 0 0 0 0
2011821981046254 137212166624960 rel_end 1 0 0 0 0 0
2011821981047934 137212166624960 wait_beg 0 0 0 0 0 0
2011821981101082 137212174624640 send 18 0 0 198 196 1
2011821981872934 137212174624640 send 765375 0 0 198 196 1
2011821982325917 137212174624640 send 636340 0 0 198 196 1
2011821982327217 137212174624640 send 14 0 0 198 196 1
2011821982327597 137212174624640 egress 199 1 0 196 0 0
2011821981067063 137212149839552 emit_beg 199 0 0 0 0 0
2011821981075043 137212149839552 dmg 0 1 0 0 2560 1440
2011821981075253 137212149839552 enc 198 198 1 -1 -1 0
2011821981168000 137212149839552 emit_end 199 0 0 0 0 0
2011822020426006 137212174624640 cliack 197 0 198 199 0 0
2011822020426176 137212174624640 ackregion 198 199 199 197 1 0
2011822026400778 137212166624960 wait_end 0 0 0 0 0 0
2011822026404408 137212166624960 drain_beg 0 0 0 0 0 0
2011822026404838 137212166624960 drain_end 1 0 0 0 0 0
2011822026405128 137212166624960 take 200 0 0 0 0 0
2011822026405488 137212166624960 subm_beg 1 0 0 0 0 0
2011822026406487 137212166624960 submit 200 0 0 0 0 0
2011822026406637 137212166624960 subm_end 1 0 0 0 0 0
2011822026406667 137212166624960 pump_beg 1 0 0 0 0 0
2011822027115932 137212166624960 feedend 199 0 0 0 0 0
2011822027445999 137212166624960 feedend 199 1 0 0 0 0
2011822026386388 137212174624640 msgin 200 22118400 0 0 0 0
2011822026388378 137212174624640 enq 200 1 0 0 0 0
2011822034660866 137212166624960 outfirst 199 0 65536 0 0 0
2011822043695886 137212166624960 outfirst 199 1 65536 0 0 0
2011822043840871 137212166624960 pump_end 1 2 0 0 0 0
2011822043841111 137212166624960 join_beg 1 0 0 0 0 0
2011822043841331 137212166624960 join_end 0 0 0 0 0 0
2011822043841391 137212166624960 book_beg 1 0 0 0 0 0
2011822043841551 137212166624960 batch 200 1 1 2 2 0
2011822043841681 137212166624960 book_end 1 0 0 0 0 0
2011822043845760 137212166624960 coll_beg 0 0 0 0 0 0
2011822044441079 137212166624960 coll_end 0 0 0 0 0 0
2011822044441219 137212166624960 rel_beg 1 0 0 0 0 0
2011822044441589 137212166624960 absorb 200 0 0 0 0 0
2011822044445289 137212166624960 rel_end 1 0 0 0 0 0
2011822044446218 137212166624960 wait_beg 0 0 0 0 0 0
2011822044497037 137212174624640 send 18 0 0 199 197 1
2011822045486781 137212174624640 send 842459 0 0 199 197 1
2011822046042250 137212174624640 send 745441 0 0 199 197 1
2011822046043450 137212174624640 send 14 0 0 199 197 1
2011822046043670 137212174624640 egress 200 1 0 197 0 0
2011822044465628 137212149839552 emit_beg 200 0 0 0 0 0
2011822044470548 137212149839552 dmg 0 1 0 0 2560 1440
2011822044470608 137212149839552 enc 199 199 1 -1 -1 0
2011822044569504 137212149839552 emit_end 200 0 0 0 0 0
2011822088818038 137212174624640 cliack 198 0 199 200 0 0
2011822088818198 137212174624640 ackregion 199 200 200 198 1 0
2011822094501740 137212166624960 wait_end 0 0 0 0 0 0
2011822094505750 137212166624960 drain_beg 0 0 0 0 0 0
2011822094506370 137212166624960 drain_end 1 0 0 0 0 0
2011822094506670 137212166624960 take 201 0 0 0 0 0
2011822094507350 137212166624960 subm_beg 1 0 0 0 0 0
2011822094508980 137212166624960 submit 201 0 0 0 0 0
2011822094509130 137212166624960 subm_end 1 0 0 0 0 0
2011822094509170 137212166624960 pump_beg 1 0 0 0 0 0
2011822095273182 137212166624960 feedend 200 0 0 0 0 0
2011822095463955 137212166624960 feedend 200 1 0 0 0 0
2011822102994860 137212166624960 outfirst 200 0 65536 0 0 0
2011822094486961 137212174624640 msgin 201 22118400 0 0 0 0
2011822094489141 137212174624640 enq 201 1 0 0 0 0
2011822110788526 137212166624960 outfirst 200 1 65536 0 0 0
2011822110929421 137212166624960 pump_end 1 2 0 0 0 0
2011822110929661 137212166624960 join_beg 1 0 0 0 0 0
2011822110930150 137212166624960 join_end 0 0 0 0 0 0
2011822110930410 137212166624960 book_beg 1 0 0 0 0 0
2011822110930980 137212166624960 batch 201 1 1 2 2 0
2011822110931010 137212166624960 book_end 1 0 0 0 0 0
2011822110931180 137212166624960 coll_beg 0 0 0 0 0 0
2011822111591066 137212166624960 coll_end 0 0 0 0 0 0
2011822111591336 137212166624960 rel_beg 1 0 0 0 0 0
2011822111591776 137212166624960 absorb 201 0 0 0 0 0
2011822111597396 137212166624960 rel_end 1 0 0 0 0 0
2011822111598716 137212166624960 wait_beg 0 0 0 0 0 0
2011822111645814 137212174624640 send 18 0 0 200 198 1
2011822112500003 137212174624640 send 772752 0 0 200 198 1
2011822113000645 137212174624640 send 642340 0 0 200 198 1
2011822113001845 137212174624640 send 14 0 0 200 198 1
2011822113002095 137212174624640 egress 201 1 0 198 0 0
2011822111611536 137212149839552 emit_beg 201 0 0 0 0 0
2011822111614035 137212149839552 dmg 0 1 0 0 2560 1440
2011822111614115 137212149839552 enc 200 200 1 -1 -1 0
2011822111695653 137212149839552 emit_end 201 0 0 0 0 0
2011822149415855 137212174624640 cliack 199 0 200 201 0 0
2011822149416015 137212174624640 ackregion 200 201 201 199 1 0
2011822155245102 137212166624960 wait_end 0 0 0 0 0 0
2011822155248602 137212166624960 drain_beg 0 0 0 0 0 0
2011822155249432 137212166624960 drain_end 1 0 0 0 0 0
2011822155249712 137212166624960 take 202 0 0 0 0 0
2011822155250342 137212166624960 subm_beg 1 0 0 0 0 0
2011822155252022 137212166624960 submit 202 0 0 0 0 0
2011822155252182 137212166624960 subm_end 1 0 0 0 0 0
2011822155252222 137212166624960 pump_beg 1 0 0 0 0 0
2011822155936917 137212166624960 feedend 201 0 0 0 0 0
2011822156298164 137212166624960 feedend 201 1 0 0 0 0
2011822163258789 137212166624960 outfirst 201 0 65536 0 0 0
2011822155229453 137212174624640 msgin 202 22118400 0 0 0 0
2011822155231242 137212174624640 enq 202 1 0 0 0 0
2011822171068924 137212166624960 outfirst 201 1 65536 0 0 0
2011822171167540 137212166624960 pump_end 1 2 0 0 0 0
2011822171167790 137212166624960 join_beg 1 0 0 0 0 0
2011822171168060 137212166624960 join_end 0 0 0 0 0 0
2011822171168120 137212166624960 book_beg 1 0 0 0 0 0
2011822171168470 137212166624960 batch 202 1 1 2 2 0
2011822171168560 137212166624960 book_end 1 0 0 0 0 0
2011822171168660 137212166624960 coll_beg 0 0 0 0 0 0
2011822171526657 137212166624960 coll_end 0 0 0 0 0 0
2011822171526707 137212166624960 rel_beg 1 0 0 0 0 0
2011822171527077 137212166624960 absorb 202 0 0 0 0 0
2011822171530687 137212166624960 rel_end 1 0 0 0 0 0
2011822171531547 137212166624960 wait_beg 0 0 0 0 0 0
2011822171566396 137212174624640 send 18 0 0 201 199 1
2011822172464623 137212174624640 send 777381 0 0 201 199 1
2011822172914067 137212174624640 send 620689 0 0 201 199 1
2011822172915207 137212174624640 send 14 0 0 201 199 1
2011822172915437 137212174624640 egress 202 1 0 199 0 0
2011822171549116 137212149839552 emit_beg 202 0 0 0 0 0
2011822171553276 137212149839552 dmg 0 1 0 0 2560 1440
2011822171553416 137212149839552 enc 201 201 1 -1 -1 0
2011822171638413 137212149839552 emit_end 202 0 0 0 0 0
2011822224435985 137212166624960 wait_end 0 0 0 0 0 0
2011822224439355 137212166624960 drain_beg 0 0 0 0 0 0
2011822224439805 137212166624960 drain_end 1 0 0 0 0 0
2011822224439955 137212166624960 take 203 0 0 0 0 0
2011822224440535 137212166624960 subm_beg 1 0 0 0 0 0
2011822224441915 137212166624960 submit 203 0 0 0 0 0
2011822224442085 137212166624960 subm_end 1 0 0 0 0 0
2011822224442115 137212166624960 pump_beg 1 0 0 0 0 0
2011822218028989 137212174624640 cliack 200 0 201 202 0 0
2011822218029109 137212174624640 ackregion 201 202 202 200 1 0
2011822224420185 137212174624640 msgin 203 22118400 0 0 0 0
2011822224422345 137212174624640 enq 203 1 0 0 0 0
2011822225277814 137212166624960 feedend 202 0 0 0 0 0
2011822225320103 137212166624960 feedend 202 1 0 0 0 0
2011822232847918 137212166624960 outfirst 202 0 65536 0 0 0
2011822241944536 137212166624960 outfirst 202 1 65536 0 0 0
2011822242060871 137212166624960 pump_end 1 2 0 0 0 0
2011822242061341 137212166624960 join_beg 1 0 0 0 0 0
2011822242061731 137212166624960 join_end 0 0 0 0 0 0
2011822242061861 137212166624960 book_beg 1 0 0 0 0 0
2011822242062101 137212166624960 batch 203 1 1 2 2 0
2011822242062211 137212166624960 book_end 1 0 0 0 0 0
2011822242062331 137212166624960 coll_beg 0 0 0 0 0 0
2011822242564043 137212166624960 coll_end 0 0 0 0 0 0
2011822242564153 137212166624960 rel_beg 1 0 0 0 0 0
2011822242564553 137212166624960 absorb 203 0 0 0 0 0
2011822242568663 137212166624960 rel_end 1 0 0 0 0 0
2011822242569353 137212166624960 wait_beg 0 0 0 0 0 0
2011822242592202 137212174624640 send 18 0 0 202 200 1
2011822243168911 137212174624640 send 763358 0 0 202 200 1
2011822243676822 137212174624640 send 707637 0 0 202 200 1
2011822243678012 137212174624640 send 14 0 0 202 200 1
2011822243678312 137212174624640 egress 203 1 0 200 0 0
2011822242572853 137212149839552 emit_beg 203 0 0 0 0 0
2011822242575062 137212149839552 dmg 0 1 0 0 2560 1440
2011822242575142 137212149839552 enc 202 202 1 -1 -1 0
2011822242647490 137212149839552 emit_end 203 0 0 0 0 0
2011822281572098 137212166624960 wait_end 0 0 0 0 0 0
2011822281575578 137212166624960 drain_beg 0 0 0 0 0 0
2011822281576188 137212166624960 drain_end 1 0 0 0 0 0
2011822281576458 137212166624960 take 204 0 0 0 0 0
2011822281576968 137212166624960 subm_beg 1 0 0 0 0 0
2011822281578618 137212166624960 submit 204 0 0 0 0 0
2011822281578788 137212166624960 subm_end 1 0 0 0 0 0
2011822281578828 137212166624960 pump_beg 1 0 0 0 0 0
2011822282270443 137212166624960 feedend 203 0 0 0 0 0
2011822282595251 137212166624960 feedend 203 1 0 0 0 0
2011822279354309 137212174624640 cliack 201 0 202 203 0 0
2011822279354909 137212174624640 ackregion 202 203 203 201 1 0
2011822281555519 137212174624640 msgin 204 22118400 0 0 0 0
2011822281556879 137212174624640 enq 204 1 0 0 0 0
2011822290317029 137212166624960 outfirst 203 0 65536 0 0 0
2011822298415123 137212166624960 outfirst 203 1 65536 0 0 0
2011822298528689 137212166624960 pump_end 1 2 0 0 0 0
2011822298529439 137212166624960 join_beg 1 0 0 0 0 0
2011822298530619 137212166624960 join_end 0 0 0 0 0 0
2011822298530759 137212166624960 book_beg 1 0 0 0 0 0
2011822298532019 137212166624960 batch 204 1 1 2 2 0
2011822298532069 137212166624960 book_end 1 0 0 0 0 0
2011822298532109 137212166624960 coll_beg 0 0 0 0 0 0
2011822299182275 137212166624960 coll_end 0 0 0 0 0 0
2011822299182375 137212166624960 rel_beg 1 0 0 0 0 0
2011822299182975 137212166624960 absorb 204 0 0 0 0 0
2011822299189625 137212166624960 rel_end 1 0 0 0 0 0
2011822299193135 137212166624960 wait_beg 0 0 0 0 0 0
2011822299276582 137212174624640 send 18 0 0 203 201 1
2011822299938517 137212174624640 send 838220 0 0 203 201 1
2011822300430209 137212174624640 send 673088 0 0 203 201 1
2011822300431519 137212174624640 send 14 0 0 203 201 1
2011822300431859 137212174624640 egress 204 1 0 201 0 0
2011822299199784 137212149839552 emit_beg 204 0 0 0 0 0
2011822299204904 137212149839552 dmg 0 1 0 0 2560 1440
2011822299205174 137212149839552 enc 203 203 1 -1 -1 0
2011822299292441 137212149839552 emit_end 204 0 0 0 0 0
2011822344802199 137212166624960 wait_end 0 0 0 0 0 0
2011822344813918 137212166624960 drain_beg 0 0 0 0 0 0
2011822344814618 137212166624960 drain_end 1 0 0 0 0 0
2011822344814938 137212166624960 take 205 0 0 0 0 0
2011822344815638 137212166624960 subm_beg 1 0 0 0 0 0
2011822344817568 137212166624960 submit 205 0 0 0 0 0
2011822344817748 137212166624960 subm_end 1 0 0 0 0 0
2011822344817838 137212166624960 pump_beg 1 0 0 0 0 0
2011822345566171 137212166624960 feedend 204 0 0 0 0 0
2011822339592999 137212174624640 cliack 202 0 203 204 0 0
2011822339593799 137212174624640 ackregion 203 204 204 202 1 0
2011822344770030 137212174624640 msgin 205 22118400 0 0 0 0
2011822344772130 137212174624640 enq 205 1 0 0 0 0
2011822345905898 137212166624960 feedend 204 1 0 0 0 0
2011822353682235 137212166624960 outfirst 204 0 65536 0 0 0
2011822362884178 137212166624960 outfirst 204 1 65536 0 0 0
2011822363013584 137212166624960 pump_end 1 2 0 0 0 0
2011822363013984 137212166624960 join_beg 1 0 0 0 0 0
2011822363014504 137212166624960 join_end 0 0 0 0 0 0
2011822363014754 137212166624960 book_beg 1 0 0 0 0 0
2011822363015484 137212166624960 batch 205 1 1 2 2 0
2011822363015574 137212166624960 book_end 1 0 0 0 0 0
2011822363015604 137212166624960 coll_beg 0 0 0 0 0 0
2011822363585223 137212166624960 coll_end 0 0 0 0 0 0
2011822363585263 137212166624960 rel_beg 1 0 0 0 0 0
2011822363585663 137212166624960 absorb 205 0 0 0 0 0
2011822363589903 137212166624960 rel_end 1 0 0 0 0 0
2011822363592093 137212166624960 wait_beg 0 0 0 0 0 0
2011822363673180 137212174624640 send 18 0 0 204 202 1
2011822364330936 137212174624640 send 876936 0 0 204 202 1
2011822364855306 137212174624640 send 744122 0 0 204 202 1
2011822364856746 137212174624640 send 14 0 0 204 202 1
2011822364857356 137212174624640 egress 205 1 0 202 0 0
2011822363613382 137212149839552 emit_beg 205 0 0 0 0 0
2011822363621572 137212149839552 dmg 0 1 0 0 2560 1440
2011822363621942 137212149839552 enc 204 204 1 -1 -1 0
2011822363734117 137212149839552 emit_end 205 0 0 0 0 0
2011822403055631 137212174624640 cliack 203 0 204 205 0 0
2011822403055751 137212174624640 ackregion 204 205 205 203 1 0
2011822407788698 137212166624960 wait_end 0 0 0 0 0 0
2011822407793748 137212166624960 drain_beg 0 0 0 0 0 0
2011822407794498 137212166624960 drain_end 1 0 0 0 0 0
2011822407794798 137212166624960 take 206 0 0 0 0 0
2011822407795448 137212166624960 subm_beg 1 0 0 0 0 0
2011822407797128 137212166624960 submit 206 0 0 0 0 0
2011822407797278 137212166624960 subm_end 1 0 0 0 0 0
2011822407797358 137212166624960 pump_beg 1 0 0 0 0 0
2011822408553810 137212166624960 feedend 205 0 0 0 0 0
2011822408783272 137212166624960 feedend 205 1 0 0 0 0
2011822407732810 137212174624640 msgin 206 22118400 0 0 0 0
2011822407735120 137212174624640 enq 206 1 0 0 0 0
2011822416244540 137212166624960 outfirst 205 0 65536 0 0 0
2011822424354083 137212166624960 outfirst 205 1 65536 0 0 0
2011822424457810 137212166624960 pump_end 1 2 0 0 0 0
2011822424458200 137212166624960 join_beg 1 0 0 0 0 0
2011822424458570 137212166624960 join_end 0 0 0 0 0 0
2011822424458720 137212166624960 book_beg 1 0 0 0 0 0
2011822424459210 137212166624960 batch 206 1 1 2 2 0
2011822424459330 137212166624960 book_end 1 0 0 0 0 0
2011822424459500 137212166624960 coll_beg 0 0 0 0 0 0
2011822425045618 137212166624960 coll_end 0 0 0 0 0 0
2011822425045768 137212166624960 rel_beg 1 0 0 0 0 0
2011822425046548 137212166624960 absorb 206 0 0 0 0 0
2011822425051368 137212166624960 rel_end 1 0 0 0 0 0
2011822425053288 137212166624960 wait_beg 0 0 0 0 0 0
2011822425093806 137212174624640 send 18 0 0 205 203 1
2011822425718664 137212174624640 send 795712 0 0 205 203 1
2011822426205306 137212174624640 send 654952 0 0 205 203 1
2011822426206586 137212174624640 send 14 0 0 205 203 1
2011822426206966 137212174624640 egress 206 1 0 203 0 0
2011822425072397 137212149839552 emit_beg 206 0 0 0 0 0
2011822425078107 137212149839552 dmg 0 1 0 0 2560 1440
2011822425078277 137212149839552 enc 205 205 1 -1 -1 0
2011822425168584 137212149839552 emit_end 206 0 0 0 0 0
2011822471232851 137212166624960 wait_end 0 0 0 0 0 0
2011822471237291 137212166624960 drain_beg 0 0 0 0 0 0
2011822471238091 137212166624960 drain_end 1 0 0 0 0 0
2011822471238371 137212166624960 take 207 0 0 0 0 0
2011822471238931 137212166624960 subm_beg 1 0 0 0 0 0
2011822471240111 137212166624960 submit 207 0 0 0 0 0
2011822471240271 137212166624960 subm_end 1 0 0 0 0 0
2011822471240321 137212166624960 pump_beg 1 0 0 0 0 0
2011822472341981 137212166624960 feedend 206 0 0 0 0 0
2011822472783835 137212166624960 feedend 206 1 0 0 0 0
2011822468358036 137212174624640 cliack 204 0 205 206 0 0
2011822468358336 137212174624640 ackregion 205 206 206 204 1 0
2011822471208672 137212174624640 msgin 207 22118400 0 0 0 0
2011822471210932 137212174624640 enq 207 1 0 0 0 0
2011822480418336 137212166624960 outfirst 206 0 65536 0 0 0
2011822488702843 137212166624960 outfirst 206 1 65536 0 0 0
2011822488816099 137212166624960 pump_end 1 2 0 0 0 0
2011822488816519 137212166624960 join_beg 1 0 0 0 0 0
2011822488817459 137212166624960 join_end 0 0 0 0 0 0
2011822488817579 137212166624960 book_beg 1 0 0 0 0 0
2011822488818549 137212166624960 batch 207 1 1 2 2 0
2011822488818589 137212166624960 book_end 1 0 0 0 0 0
2011822488818629 137212166624960 coll_beg 0 0 0 0 0 0
2011822489310111 137212166624960 coll_end 0 0 0 0 0 0
2011822489310261 137212166624960 rel_beg 1 0 0 0 0 0
2011822489311781 137212166624960 absorb 207 0 0 0 0 0
2011822489315631 137212166624960 rel_end 1 0 0 0 0 0
2011822489318101 137212166624960 wait_beg 0 0 0 0 0 0
2011822489388458 137212174624640 send 18 0 0 206 204 1
2011822489994276 137212174624640 send 826736 0 0 206 204 1
2011822490474299 137212174624640 send 673957 0 0 206 204 1
2011822490475579 137212174624640 send 14 0 0 206 204 1
2011822490476099 137212174624640 egress 207 1 0 204 0 0
2011822489338070 137212149839552 emit_beg 207 0 0 0 0 0
2011822489345380 137212149839552 dmg 0 1 0 0 2560 1440
2011822489345570 137212149839552 enc 206 206 1 -1 -1 0
2011822489435937 137212149839552 emit_end 207 0 0 0 0 0
2011822543886588 137212166624960 wait_end 0 0 0 0 0 0
2011822543890448 137212166624960 drain_beg 0 0 0 0 0 0
2011822543891018 137212166624960 drain_end 1 0 0 0 0 0
2011822543891338 137212166624960 take 208 0 0 0 0 0
2011822543891838 137212166624960 subm_beg 1 0 0 0 0 0
2011822543893328 137212166624960 submit 208 0 0 0 0 0
2011822543893498 137212166624960 subm_end 1 0 0 0 0 0
2011822543893528 137212166624960 pump_beg 1 0 0 0 0 0
2011822544566893 137212166624960 feedend 207 0 0 0 0 0
2011822544968968 137212166624960 feedend 207 1 0 0 0 0
2011822538755525 137212174624640 cliack 205 0 206 207 0 0
2011822538756065 137212174624640 ackregion 206 207 207 205 1 0
2011822543863309 137212174624640 msgin 208 22118400 0 0 0 0
2011822543864999 137212174624640 enq 208 1 0 0 0 0
2011822551910725 137212166624960 outfirst 207 0 65536 0 0 0
2011822559777227 137212166624960 outfirst 207 1 65536 0 0 0
2011822559879234 137212166624960 pump_end 1 2 0 0 0 0
2011822559880104 137212166624960 join_beg 1 0 0 0 0 0
2011822559880984 137212166624960 join_end 0 0 0 0 0 0
2011822559881034 137212166624960 book_beg 1 0 0 0 0 0
2011822559882624 137212166624960 batch 208 1 1 2 2 0
2011822559882644 137212166624960 book_end 1 0 0 0 0 0
2011822559882674 137212166624960 coll_beg 0 0 0 0 0 0
2011822560219931 137212166624960 coll_end 0 0 0 0 0 0
2011822560219971 137212166624960 rel_beg 1 0 0 0 0 0
2011822560220521 137212166624960 absorb 208 0 0 0 0 0
2011822560225181 137212166624960 rel_end 1 0 0 0 0 0
2011822560228101 137212166624960 wait_beg 0 0 0 0 0 0
2011822560286489 137212174624640 send 18 0 0 207 205 1
2011822560779711 137212174624640 send 667741 0 0 207 205 1
2011822561163797 137212174624640 send 541865 0 0 207 205 1
2011822561165117 137212174624640 send 14 0 0 207 205 1
2011822561165597 137212174624640 egress 208 1 0 205 0 0
2011822560238901 137212149839552 emit_beg 208 0 0 0 0 0
2011822560246000 137212149839552 dmg 0 1 0 0 2560 1440
2011822560246250 137212149839552 enc 207 207 1 -1 -1 0
2011822560336347 137212149839552 emit_end 208 0 0 0 0 0
2011822605973280 137212166624960 wait_end 0 0 0 0 0 0
2011822605977310 137212166624960 drain_beg 0 0 0 0 0 0
2011822605977810 137212166624960 drain_end 1 0 0 0 0 0
2011822605977970 137212166624960 take 209 0 0 0 0 0
2011822605978340 137212166624960 subm_beg 1 0 0 0 0 0
2011822605979070 137212166624960 submit 209 0 0 0 0 0
2011822605979170 137212166624960 subm_end 1 0 0 0 0 0
2011822605979230 137212166624960 pump_beg 1 0 0 0 0 0
2011822606855578 137212166624960 feedend 208 0 0 0 0 0
2011822607336911 137212166624960 feedend 208 1 0 0 0 0
2011822601030001 137212174624640 cliack 206 0 207 208 0 0
2011822601030301 137212174624640 ackregion 207 208 208 206 1 0
2011822605944271 137212174624640 msgin 209 22118400 0 0 0 0
2011822605944901 137212174624640 enq 209 1 0 0 0 0
2011822614696912 137212166624960 outfirst 208 0 65536 0 0 0
2011822623149473 137212166624960 outfirst 208 1 65536 0 0 0
2011822623298917 137212166624960 pump_end 1 2 0 0 0 0
2011822623299577 137212166624960 join_beg 1 0 0 0 0 0
2011822623299927 137212166624960 join_end 0 0 0 0 0 0
2011822623300187 137212166624960 book_beg 1 0 0 0 0 0
2011822623301197 137212166624960 batch 209 1 1 2 2 0
2011822623301237 137212166624960 book_end 1 0 0 0 0 0
2011822623301397 137212166624960 coll_beg 0 0 0 0 0 0
2011822623816389 137212166624960 coll_end 0 0 0 0 0 0
2011822623816439 137212166624960 rel_beg 1 0 0 0 0 0
2011822623817359 137212166624960 absorb 209 0 0 0 0 0
2011822623823478 137212166624960 rel_end 1 0 0 0 0 0
2011822623826358 137212166624960 wait_beg 0 0 0 0 0 0
2011822623889636 137212174624640 send 18 0 0 208 206 1
2011822624520363 137212174624640 send 829066 0 0 208 206 1
2011822625029684 137212174624640 send 664061 0 0 208 206 1
2011822625031224 137212174624640 send 14 0 0 208 206 1
2011822625031604 137212174624640 egress 209 1 0 206 0 0
2011822623838718 137212149839552 emit_beg 209 0 0 0 0 0
2011822623845438 137212149839552 dmg 0 1 0 0 2560 1440
2011822623845817 137212149839552 enc 208 208 1 -1 -1 0
2011822623938404 137212149839552 emit_end 209 0 0 0 0 0
2011822666202281 137212174624640 cliack 207 0 208 209 0 0
2011822666203131 137212174624640 ackregion 208 209 209 207 1 0
2011822668754667 137212166624960 wait_end 0 0 0 0 0 0
2011822668758767 137212166624960 drain_beg 0 0 0 0 0 0
2011822668759407 137212166624960 drain_end 1 0 0 0 0 0
2011822668759607 137212166624960 take 210 0 0 0 0 0
2011822668760127 137212166624960 subm_beg 1 0 0 0 0 0
2011822668761597 137212166624960 submit 210 0 0 0 0 0
2011822668761657 137212166624960 subm_end 1 0 0 0 0 0
2011822668761697 137212166624960 pump_beg 1 0 0 0 0 0
2011822669577437 137212166624960 feedend 209 0 0 0 0 0
2011822670009131 137212166624960 feedend 209 1 0 0 0 0
2011822677361383 137212166624960 outfirst 209 0 65536 0 0 0
2011822668727748 137212174624640 msgin 210 22118400 0 0 0 0
2011822668728908 137212174624640 enq 210 1 0 0 0 0
2011822685612142 137212166624960 outfirst 209 1 65536 0 0 0
2011822685781306 137212166624960 pump_end 1 2 0 0 0 0
2011822685781995 137212166624960 join_beg 1 0 0 0 0 0
2011822685782665 137212166624960 join_end 0 0 0 0 0 0
2011822685782775 137212166624960 book_beg 1 0 0 0 0 0
2011822685783345 137212166624960 batch 210 1 1 2 2 0
2011822685783375 137212166624960 book_end 1 0 0 0 0 0
2011822685783405 137212166624960 coll_beg 0 0 0 0 0 0
2011822686428152 137212166624960 coll_end 0 0 0 0 0 0
2011822686428382 137212166624960 rel_beg 1 0 0 0 0 0
2011822686428902 137212166624960 absorb 210 0 0 0 0 0
2011822686433612 137212166624960 rel_end 1 0 0 0 0 0
2011822686436432 137212166624960 wait_beg 0 0 0 0 0 0
2011822686508969 137212174624640 send 18 0 0 209 207 1
2011822687136356 137212174624640 send 782329 0 0 209 207 1
2011822687624288 137212174624640 send 675748 0 0 209 207 1
2011822687625658 137212174624640 send 14 0 0 209 207 1
2011822687626348 137212174624640 egress 210 1 0 207 0 0
2011822686445861 137212149839552 emit_beg 210 0 0 0 0 0
2011822686452251 137212149839552 dmg 0 1 0 0 2560 1440
2011822686452691 137212149839552 enc 209 209 1 -1 -1 0
2011822686579196 137212149839552 emit_end 210 0 0 0 0 0
2011822721820999 137212166624960 wait_end 0 0 0 0 0 0
2011822721824089 137212166624960 drain_beg 0 0 0 0 0 0
2011822721824509 137212166624960 drain_end 1 0 0 0 0 0
2011822721824699 137212166624960 take 211 0 0 0 0 0
2011822721825019 137212166624960 subm_beg 1 0 0 0 0 0
2011822721825839 137212166624960 submit 211 0 0 0 0 0
2011822721825899 137212166624960 subm_end 1 0 0 0 0 0
2011822721826029 137212166624960 pump_beg 1 0 0 0 0 0
2011822722651079 137212166624960 feedend 210 0 0 0 0 0
2011822723174260 137212166624960 feedend 210 1 0 0 0 0
2011822718232280 137212174624640 cliack 208 0 209 210 0 0
2011822718232860 137212174624640 ackregion 209 210 210 208 1 0
2011822721786520 137212174624640 msgin 211 22118400 0 0 0 0
2011822721787520 137212174624640 enq 211 1 0 0 0 0
2011822730510832 137212166624960 outfirst 210 0 65536 0 0 0
2011822738745701 137212166624960 outfirst 210 1 65536 0 0 0
2011822738884426 137212166624960 pump_end 1 2 0 0 0 0
2011822738884906 137212166624960 join_beg 1 0 0 0 0 0
2011822738885246 137212166624960 join_end 0 0 0 0 0 0
2011822738885336 137212166624960 book_beg 1 0 0 0 0 0
2011822738885876 137212166624960 batch 211 1 1 2 2 0
2011822738885926 137212166624960 book_end 1 0 0 0 0 0
2011822738885986 137212166624960 coll_beg 0 0 0 0 0 0
2011822739488424 137212166624960 coll_end 0 0 0 0 0 0
2011822739488504 137212166624960 rel_beg 1 0 0 0 0 0
2011822739489354 137212166624960 absorb 211 0 0 0 0 0
2011822739493904 137212166624960 rel_end 1 0 0 0 0 0
2011822739497724 137212166624960 wait_beg 0 0 0 0 0 0
2011822739573511 137212174624640 send 18 0 0 210 208 1
2011822740176019 137212174624640 send 781239 0 0 210 208 1
2011822740647692 137212174624640 send 658078 0 0 210 208 1
2011822740649182 137212174624640 send 14 0 0 210 208 1
2011822740649682 137212174624640 egress 211 1 0 208 0 0
2011822739510113 137212149839552 emit_beg 211 0 0 0 0 0
2011822739521893 137212149839552 dmg 0 1 0 0 2560 1440
2011822739522313 137212149839552 enc 210 210 1 -1 -1 0
2011822739633579 137212149839552 emit_end 211 0 0 0 0 0
2011822788194965 137212166624960 wait_end 0 0 0 0 0 0
2011822788200575 137212166624960 drain_beg 0 0 0 0 0 0
2011822788201375 137212166624960 drain_end 1 0 0 0 0 0
2011822788201775 137212166624960 take 212 0 0 0 0 0
2011822788202595 137212166624960 subm_beg 1 0 0 0 0 0
2011822788204845 137212166624960 submit 212 0 0 0 0 0
2011822788205045 137212166624960 subm_end 1 0 0 0 0 0
2011822788205125 137212166624960 pump_beg 1 0 0 0 0 0
2011822782880489 137212174624640 cliack 209 0 210 211 0 0
2011822782881179 137212174624640 ackregion 210 211 211 209 1 0
2011822788160396 137212174624640 msgin 212 22118400 0 0 0 0
2011822788162456 137212174624640 enq 212 1 0 0 0 0
2011822788901399 137212166624960 feedend 211 0 0 0 0 0
2011822789318834 137212166624960 feedend 211 1 0 0 0 0
2011822796198913 137212166624960 outfirst 211 0 65536 0 0 0
2011822803570384 137212166624960 outfirst 211 1 65536 0 0 0
2011822803735038 137212166624960 pump_end 1 2 0 0 0 0
2011822803736038 137212166624960 join_beg 1 0 0 0 0 0
2011822803737297 137212166624960 join_end 0 0 0 0 0 0
2011822803737837 137212166624960 book_beg 1 0 0 0 0 0
2011822803739107 137212166624960 batch 212 1 1 2 2 0
2011822803739157 137212166624960 book_end 1 0 0 0 0 0
2011822803739337 137212166624960 coll_beg 0 0 0 0 0 0
2011822804310627 137212166624960 coll_end 0 0 0 0 0 0
2011822804310797 137212166624960 rel_beg 1 0 0 0 0 0
2011822804311417 137212166624960 absorb 212 0 0 0 0 0
2011822804316796 137212166624960 rel_end 1 0 0 0 0 0
2011822804319426 137212166624960 wait_beg 0 0 0 0 0 0
2011822804445572 137212174624640 send 18 0 0 211 209 1
2011822805379037 137212174624640 send 752564 0 0 211 209 1
2011822805857170 137212174624640 send 586158 0 0 211 209 1
2011822805858870 137212174624640 send 14 0 0 211 209 1
2011822805859350 137212174624640 egress 212 1 0 209 0 0
2011822804341845 137212149839552 emit_beg 212 0 0 0 0 0
2011822804347555 137212149839552 dmg 0 1 0 0 2560 1440
2011822804347885 137212149839552 enc 211 211 1 -1 -1 0
2011822804455081 137212149839552 emit_end 212 0 0 0 0 0
2011822848626068 137212166624960 wait_end 0 0 0 0 0 0
2011822848630968 137212166624960 drain_beg 0 0 0 0 0 0
2011822848631548 137212166624960 drain_end 1 0 0 0 0 0
2011822848631828 137212166624960 take 213 0 0 0 0 0
2011822848632338 137212166624960 subm_beg 1 0 0 0 0 0
2011822848633578 137212166624960 submit 213 0 0 0 0 0
2011822848633738 137212166624960 subm_end 1 0 0 0 0 0
2011822848633788 137212166624960 pump_beg 1 0 0 0 0 0
2011822845715634 137212174624640 cliack 210 0 211 212 0 0
2011822845716524 137212174624640 ackregion 211 212 212 210 1 0
2011822848597729 137212174624640 msgin 213 22118400 0 0 0 0
2011822848599299 137212174624640 enq 213 1 0 0 0 0
2011822849433688 137212166624960 feedend 212 0 0 0 0 0
2011822849910761 137212166624960 feedend 212 1 0 0 0 0
2011822856722742 137212166624960 outfirst 212 0 65536 0 0 0
2011822865094586 137212166624960 outfirst 212 1 65536 0 0 0
2011822865205272 137212166624960 pump_end 1 2 0 0 0 0
2011822865205752 137212166624960 join_beg 1 0 0 0 0 0
2011822865206152 137212166624960 join_end 0 0 0 0 0 0
2011822865206292 137212166624960 book_beg 1 0 0 0 0 0
2011822865206592 137212166624960 batch 213 1 1 2 2 0
2011822865206622 137212166624960 book_end 1 0 0 0 0 0
2011822865206662 137212166624960 coll_beg 0 0 0 0 0 0
2011822865726193 137212166624960 coll_end 0 0 0 0 0 0
2011822865726273 137212166624960 rel_beg 1 0 0 0 0 0
2011822865726713 137212166624960 absorb 213 0 0 0 0 0
2011822865732303 137212166624960 rel_end 1 0 0 0 0 0
2011822865734273 137212166624960 wait_beg 0 0 0 0 0 0
2011822865798991 137212174624640 send 18 0 0 212 210 1
2011822866329671 137212174624640 send 693251 0 0 212 210 1
2011822866798004 137212174624640 send 635247 0 0 212 210 1
2011822866799494 137212174624640 send 14 0 0 212 210 1
2011822866799914 137212174624640 egress 213 1 0 210 0 0
2011822865752622 137212149839552 emit_beg 213 0 0 0 0 0
2011822865762052 137212149839552 dmg 0 1 0 0 2560 1440
2011822865762542 137212149839552 enc 212 212 1 -1 -1 0
2011822865851919 137212149839552 emit_end 213 0 0 0 0 0
2011822908131875 137212174624640 cliack 211 0 212 213 0 0
2011822908132005 137212174624640 ackregion 212 213 213 211 1 0
2011822914677946 137212166624960 wait_end 0 0 0 0 0 0
2011822914683905 137212166624960 drain_beg 0 0 0 0 0 0
2011822914684525 137212166624960 drain_end 1 0 0 0 0 0
2011822914684675 137212166624960 take 214 0 0 0 0 0
2011822914685235 137212166624960 subm_beg 1 0 0 0 0 0
2011822914686105 137212166624960 submit 214 0 0 0 0 0
2011822914686245 137212166624960 subm_end 1 0 0 0 0 0
2011822914686275 137212166624960 pump_beg 1 0 0 0 0 0
2011822915436208 137212166624960 feedend 213 0 0 0 0 0
2011822915861192 137212166624960 feedend 213 1 0 0 0 0
2011822914646117 137212174624640 msgin 214 22118400 0 0 0 0
2011822914647787 137212174624640 enq 214 1 0 0 0 0
2011822923141527 137212166624960 outfirst 213 0 65536 0 0 0
2011822931252080 137212166624960 outfirst 213 1 65536 0 0 0
2011822931356497 137212166624960 pump_end 1 2 0 0 0 0
2011822931356767 137212166624960 join_beg 1 0 0 0 0 0
2011822931356977 137212166624960 join_end 0 0 0 0 0 0
2011822931357147 137212166624960 book_beg 1 0 0 0 0 0
2011822931357347 137212166624960 batch 214 1 1 2 2 0
2011822931357377 137212166624960 book_end 1 0 0 0 0 0
2011822931357417 137212166624960 coll_beg 0 0 0 0 0 0
2011822931928326 137212166624960 coll_end 0 0 0 0 0 0
2011822931928396 137212166624960 rel_beg 1 0 0 0 0 0
2011822931929046 137212166624960 absorb 214 0 0 0 0 0
2011822931933155 137212166624960 rel_end 1 0 0 0 0 0
2011822931934725 137212166624960 wait_beg 0 0 0 0 0 0
2011822931958635 137212174624640 send 18 0 0 213 211 1
2011822932597351 137212174624640 send 781246 0 0 213 211 1
2011822933104893 137212174624640 send 673863 0 0 213 211 1
2011822933106283 137212174624640 send 14 0 0 213 211 1
2011822933106723 137212174624640 egress 214 1 0 211 0 0
2011822931941645 137212149839552 emit_beg 214 0 0 0 0 0
2011822931945725 137212149839552 dmg 0 1 0 0 2560 1440
2011822931946085 137212149839552 enc 213 213 1 -1 -1 0
2011822932057121 137212149839552 emit_end 214 0 0 0 0 0
2011822965857436 137212174624640 cliack 212 0 213 214 0 0
2011822965857536 137212174624640 ackregion 213 214 214 212 1 0
2011822971622266 137212166624960 wait_end 0 0 0 0 0 0
2011822971626056 137212166624960 drain_beg 0 0 0 0 0 0
2011822971626786 137212166624960 drain_end 1 0 0 0 0 0
2011822971627046 137212166624960 take 215 0 0 0 0 0
2011822971627706 137212166624960 subm_beg 1 0 0 0 0 0
2011822971628786 137212166624960 submit 215 0 0 0 0 0
2011822971628926 137212166624960 subm_end 1 0 0 0 0 0
2011822971628966 137212166624960 pump_beg 1 0 0 0 0 0
2011822972403807 137212166624960 feedend 214 0 0 0 0 0
2011822972504024 137212166624960 feedend 214 1 0 0 0 0
2011822971608196 137212174624640 msgin 215 22118400 0 0 0 0
2011822971610046 137212174624640 enq 215 1 0 0 0 0
2011822980408225 137212166624960 outfirst 214 0 65536 0 0 0
2011822989035920 137212166624960 outfirst 214 1 65536 0 0 0
2011822989192544 137212166624960 pump_end 1 2 0 0 0 0
2011822989192724 137212166624960 join_beg 1 0 0 0 0 0
2011822989193124 137212166624960 join_end 0 0 0 0 0 0
2011822989193204 137212166624960 book_beg 1 0 0 0 0 0
2011822989193404 137212166624960 batch 215 1 1 2 2 0
2011822989193564 137212166624960 book_end 1 0 0 0 0 0
2011822989193744 137212166624960 coll_beg 0 0 0 0 0 0
2011822989792602 137212166624960 coll_end 0 0 0 0 0 0
2011822989792882 137212166624960 rel_beg 1 0 0 0 0 0
2011822989793262 137212166624960 absorb 215 0 0 0 0 0
2011822989797272 137212166624960 rel_end 1 0 0 0 0 0
2011822989798982 137212166624960 wait_beg 0 0 0 0 0 0
2011822989842250 137212174624640 send 18 0 0 214 212 1
2011822989818711 137212149839552 emit_beg 215 0 0 0 0 0
2011822989824601 137212149839552 dmg 0 1 0 0 2560 1440
2011822989824761 137212149839552 enc 214 214 1 -1 -1 0
2011822989920738 137212149839552 emit_end 215 0 0 0 0 0
2011822990498956 137212174624640 send 833004 0 0 214 212 1
2011822991003598 137212174624640 send 696410 0 0 214 212 1
2011822991004828 137212174624640 send 14 0 0 214 212 1
2011822991005318 137212174624640 egress 215 1 0 212 0 0
2011823029432445 137212166624960 wait_end 0 0 0 0 0 0
2011823029436834 137212166624960 drain_beg 0 0 0 0 0 0
2011823029437274 137212166624960 drain_end 1 0 0 0 0 0
2011823029437554 137212166624960 take 216 0 0 0 0 0
2011823029438204 137212166624960 subm_beg 1 0 0 0 0 0
2011823029439414 137212166624960 submit 216 0 0 0 0 0
2011823029439584 137212166624960 subm_end 1 0 0 0 0 0
2011823029439664 137212166624960 pump_beg 1 0 0 0 0 0
2011823030192557 137212166624960 feedend 215 0 0 0 0 0
2011823023098466 137212174624640 cliack 213 0 214 215 0 0
2011823023098586 137212174624640 ackregion 214 215 215 213 1 0
2011823029403276 137212174624640 msgin 216 22118400 0 0 0 0
2011823029405486 137212174624640 enq 216 1 0 0 0 0
2011823030633491 137212166624960 feedend 215 1 0 0 0 0
2011823038153826 137212166624960 outfirst 215 0 65536 0 0 0
2011823045496258 137212166624960 outfirst 215 1 65536 0 0 0
2011823045615713 137212166624960 pump_end 1 2 0 0 0 0
2011823045615973 137212166624960 join_beg 1 0 0 0 0 0
2011823045616193 137212166624960 join_end 0 0 0 0 0 0
2011823045616253 137212166624960 book_beg 1 0 0 0 0 0
2011823045616433 137212166624960 batch 216 1 1 2 2 0
2011823045616533 137212166624960 book_end 1 0 0 0 0 0
2011823045616643 137212166624960 coll_beg 0 0 0 0 0 0
2011823046186383 137212166624960 coll_end 0 0 0 0 0 0
2011823046186553 137212166624960 rel_beg 1 0 0 0 0 0
2011823046187003 137212166624960 absorb 216 0 0 0 0 0
2011823046191122 137212166624960 rel_end 1 0 0 0 0 0
2011823046192992 137212166624960 wait_beg 0 0 0 0 0 0
2011823046240091 137212174624640 send 18 0 0 215 213 1
2011823046856618 137212174624640 send 777485 0 0 215 213 1
2011823047288592 137212174624640 send 592972 0 0 215 213 1
2011823047289802 137212174624640 send 14 0 0 215 213 1
2011823047290212 137212174624640 egress 216 1 0 213 0 0
2011823046212352 137212149839552 emit_beg 216 0 0 0 0 0
2011823046217541 137212149839552 dmg 0 1 0 0 2560 1440
2011823046217771 137212149839552 enc 215 215 1 -1 -1 0
2011823046307988 137212149839552 emit_end 216 0 0 0 0 0
2011823089658255 137212166624960 wait_end 0 0 0 0 0 0
2011823089662215 137212166624960 drain_beg 0 0 0 0 0 0
2011823089662975 137212166624960 drain_end 1 0 0 0 0 0
2011823089663195 137212166624960 take 217 0 0 0 0 0
2011823089663735 137212166624960 subm_beg 1 0 0 0 0 0
2011823089665065 137212166624960 submit 217 0 0 0 0 0
2011823089665445 137212166624960 subm_end 1 0 0 0 0 0
2011823089665535 137212166624960 pump_beg 1 0 0 0 0 0
2011823090549232 137212166624960 feedend 216 0 0 0 0 0
2011823086072126 137212174624640 cliack 214 0 215 216 0 0
2011823086072326 137212174624640 ackregion 215 216 216 214 1 0
2011823089627866 137212174624640 msgin 217 22118400 0 0 0 0
2011823089629336 137212174624640 enq 217 1 0 0 0 0
2011823091052554 137212166624960 feedend 216 1 0 0 0 0
2011823098943436 137212166624960 outfirst 216 0 65536 0 0 0
2011823107882369 137212166624960 outfirst 216 1 65536 0 0 0
2011823108020344 137212166624960 pump_end 1 2 0 0 0 0
2011823108021334 137212166624960 join_beg 1 0 0 0 0 0
2011823108022604 137212166624960 join_end 0 0 0 0 0 0
2011823108022744 137212166624960 book_beg 1 0 0 0 0 0
2011823108024014 137212166624960 batch 217 1 1 2 2 0
2011823108024044 137212166624960 book_end 1 0 0 0 0 0
2011823108024094 137212166624960 coll_beg 0 0 0 0 0 0
2011823108661331 137212166624960 coll_end 0 0 0 0 0 0
2011823108661371 137212166624960 rel_beg 1 0 0 0 0 0
2011823108662051 137212166624960 absorb 217 0 0 0 0 0
2011823108669131 137212166624960 rel_end 1 0 0 0 0 0
2011823108673620 137212166624960 wait_beg 0 0 0 0 0 0
2011823108742458 137212174624640 send 18 0 0 216 214 1
2011823109423023 137212174624640 send 873360 0 0 216 214 1
2011823109936754 137212174624640 send 714308 0 0 216 214 1
2011823109938374 137212174624640 send 14 0 0 216 214 1
2011823109938734 137212174624640 egress 217 1 0 214 0 0
2011823108686600 137212149839552 emit_beg 217 0 0 0 0 0
2011823108692670 137212149839552 dmg 0 1 0 0 2560 1440
2011823108692970 137212149839552 enc 216 216 1 -1 -1 0
2011823108801046 137212149839552 emit_end 217 0 0 0 0 0
2011823158348306 137212166624960 wait_end 0 0 0 0 0 0
2011823158353056 137212166624960 drain_beg 0 0 0 0 0 0
2011823158353896 137212166624960 drain_end 1 0 0 0 0 0
2011823158354276 137212166624960 take 218 0 0 0 0 0
2011823158354966 137212166624960 subm_beg 1 0 0 0 0 0
2011823158356766 137212166624960 submit 218 0 0 0 0 0
2011823158356926 137212166624960 subm_end 1 0 0 0 0 0
2011823158356966 137212166624960 pump_beg 1 0 0 0 0 0
2011823159032961 137212166624960 feedend 217 0 0 0 0 0
2011823159451736 137212166624960 feedend 217 1 0 0 0 0
2011823152484980 137212174624640 cliack 215 0 216 217 0 0
2011823152485760 137212174624640 ackregion 216 217 217 215 1 0
2011823158327377 137212174624640 msgin 218 22118400 0 0 0 0
2011823158329607 137212174624640 enq 218 1 0 0 0 0
2011823166321005 137212166624960 outfirst 217 0 65536 0 0 0
2011823174297324 137212166624960 outfirst 217 1 65536 0 0 0
2011823174425249 137212166624960 pump_end 1 2 0 0 0 0
2011823174429659 137212166624960 join_beg 1 0 0 0 0 0
2011823174431009 137212166624960 join_end 0 0 0 0 0 0
2011823174431109 137212166624960 book_beg 1 0 0 0 0 0
2011823174432199 137212166624960 batch 218 1 1 2 2 0
2011823174432289 137212166624960 book_end 1 0 0 0 0 0
2011823174432359 137212166624960 coll_beg 0 0 0 0 0 0
2011823175021907 137212166624960 coll_end 0 0 0 0 0 0
2011823175021977 137212166624960 rel_beg 1 0 0 0 0 0
2011823175022577 137212166624960 absorb 218 0 0 0 0 0
2011823175029727 137212166624960 rel_end 1 0 0 0 0 0
2011823175033607 137212166624960 wait_beg 0 0 0 0 0 0
2011823175111784 137212174624640 send 18 0 0 217 215 1
2011823175690433 137212174624640 send 743558 0 0 217 215 1
2011823176146596 137212174624640 send 626719 0 0 217 215 1
2011823176147976 137212174624640 send 14 0 0 217 215 1
2011823176148396 137212174624640 egress 218 1 0 215 0 0
2011823175069615 137212149839552 emit_beg 218 0 0 0 0 0
2011823175078115 137212149839552 dmg 0 1 0 0 2560 1440
2011823175078425 137212149839552 enc 217 217 1 -1 -1 0
2011823175175452 137212149839552 emit_end 218 0 0 0 0 0
2011823215313416 137212166624960 wait_end 0 0 0 0 0 0
2011823215318276 137212166624960 drain_beg 0 0 0 0 0 0
2011823215318676 137212166624960 drain_end 1 0 0 0 0 0
2011823215318916 137212166624960 take 219 0 0 0 0 0
2011823215319505 137212166624960 subm_beg 1 0 0 0 0 0
2011823215321035 137212166624960 submit 219 0 0 0 0 0
2011823215321295 137212166624960 subm_end 1 0 0 0 0 0
2011823215321335 137212166624960 pump_beg 1 0 0 0 0 0
2011823216161195 137212166624960 feedend 218 0 0 0 0 0
2011823216691795 137212166624960 feedend 218 1 0 0 0 0
2011823211516824 137212174624640 cliack 216 0 217 218 0 0
2011823211516934 137212174624640 ackregion 217 218 218 216 1 0
2011823215302036 137212174624640 msgin 219 22118400 0 0 0 0
2011823215302466 137212174624640 enq 219 1 0 0 0 0
2011823224722452 137212166624960 outfirst 218 0 65536 0 0 0
2011823233648996 137212166624960 outfirst 218 1 65536 0 0 0
2011823233778751 137212166624960 pump_end 1 2 0 0 0 0
2011823233779751 137212166624960 join_beg 1 0 0 0 0 0
2011823233781141 137212166624960 join_end 0 0 0 0 0 0
2011823233781371 137212166624960 book_beg 1 0 0 0 0 0
2011823233783371 137212166624960 batch 219 1 1 2 2 0
2011823233783431 137212166624960 book_end 1 0 0 0 0 0
2011823233783721 137212166624960 coll_beg 0 0 0 0 0 0
2011823234496735 137212166624960 coll_end 0 0 0 0 0 0
2011823234496815 137212166624960 rel_beg 1 0 0 0 0 0
2011823234497905 137212166624960 absorb 219 0 0 0 0 0
2011823234503855 137212166624960 rel_end 1 0 0 0 0 0
2011823234506645 137212166624960 wait_beg 0 0 0 0 0 0
2011823234610731 137212174624640 send 18 0 0 218 216 1
2011823235332105 137212174624640 send 886318 0 0 218 216 1
2011823235895504 137212174624640 send 731866 0 0 218 216 1
2011823235897044 137212174624640 send 14 0 0 218 216 1
2011823235897514 137212174624640 egress 219 1 0 216 0 0
2011823234529694 137212149839552 emit_beg 219 0 0 0 0 0
2011823234539564 137212149839552 dmg 0 1 0 0 2560 1440
2011823234540054 137212149839552 enc 218 218 1 -1 -1 0
2011823234680138 137212149839552 emit_end 219 0 0 0 0 0
2011823280108599 137212174624640 cliack 217 0 218 219 0 0
2011823280109299 137212174624640 ackregion 218 219 219 217 1 0
2011823283030822 137212166624960 wait_end 0 0 0 0 0 0
2011823283035852 137212166624960 drain_beg 0 0 0 0 0 0
2011823283036302 137212166624960 drain_end 1 0 0 0 0 0
2011823283036472 137212166624960 take 220 0 0 0 0 0
2011823283037052 137212166624960 subm_beg 1 0 0 0 0 0
2011823283037822 137212166624960 submit 220 0 0 0 0 0
2011823283037882 137212166624960 subm_end 1 0 0 0 0 0
2011823283038012 137212166624960 pump_beg 1 0 0 0 0 0
2011823283787035 137212166624960 feedend 219 0 0 0 0 0
2011823284195860 137212166624960 feedend 219 1 0 0 0 0
2011823291220293 137212166624960 outfirst 219 0 65536 0 0 0
2011823283014883 137212174624640 msgin 220 22118400 0 0 0 0
2011823283015933 137212174624640 enq 220 1 0 0 0 0
2011823299136844 137212166624960 outfirst 219 1 65536 0 0 0
2011823299256060 137212166624960 pump_end 1 2 0 0 0 0
2011823299256680 137212166624960 join_beg 1 0 0 0 0 0
2011823299258600 137212166624960 join_end 0 0 0 0 0 0
2011823299258640 137212166624960 book_beg 1 0 0 0 0 0
2011823299260350 137212166624960 batch 220 1 1 2 2 0
2011823299260430 137212166624960 book_end 1 0 0 0 0 0
2011823299260650 137212166624960 coll_beg 0 0 0 0 0 0
2011823299857338 137212166624960 coll_end 0 0 0 0 0 0
2011823299857408 137212166624960 rel_beg 1 0 0 0 0 0
2011823299858058 137212166624960 absorb 220 0 0 0 0 0
2011823299864878 137212166624960 rel_end 1 0 0 0 0 0
2011823299869318 137212166624960 wait_beg 0 0 0 0 0 0
2011823299958294 137212174624640 send 18 0 0 219 217 1
2011823300591401 137212174624640 send 740846 0 0 219 217 1
2011823301164680 137212174624640 send 637588 0 0 219 217 1
2011823301166200 137212174624640 send 14 0 0 219 217 1
2011823301166840 137212174624640 egress 220 1 0 217 0 0
2011823299896797 137212149839552 emit_beg 220 0 0 0 0 0
2011823299905406 137212149839552 dmg 0 1 0 0 2560 1440
2011823299905686 137212149839552 enc 219 219 1 -1 -1 0
2011823300025202 137212149839552 emit_end 220 0 0 0 0 0
2011823339475581 137212174624640 cliack 218 0 219 220 0 0
2011823339476211 137212174624640 ackregion 219 220 220 218 1 0
2011823345660505 137212166624960 wait_end 0 0 0 0 0 0
2011823345665765 137212166624960 drain_beg 0 0 0 0 0 0
2011823345666645 137212166624960 drain_end 1 0 0 0 0 0
2011823345667035 137212166624960 take 221 0 0 0 0 0
2011823345667705 137212166624960 subm_beg 1 0 0 0 0 0
2011823345669455 137212166624960 submit 221 0 0 0 0 0
2011823345669595 137212166624960 subm_end 1 0 0 0 0 0
2011823345669635 137212166624960 pump_beg 1 0 0 0 0 0
2011823346536963 137212166624960 feedend 220 0 0 0 0 0
2011823346941688 137212166624960 feedend 220 1 0 0 0 0
2011823345641696 137212174624640 msgin 221 22118400 0 0 0 0
2011823345644186 137212174624640 enq 221 1 0 0 0 0
2011823353829607 137212166624960 outfirst 220 0 65536 0 0 0
2011823361849374 137212166624960 outfirst 220 1 65536 0 0 0
2011823361971059 137212166624960 pump_end 1 2 0 0 0 0
2011823361971469 137212166624960 join_beg 1 0 0 0 0 0
2011823361971829 137212166624960 join_end 0 0 0 0 0 0
2011823361971929 137212166624960 book_beg 1 0 0 0 0 0
2011823361972409 137212166624960 batch 221 1 1 2 2 0
2011823361972479 137212166624960 book_end 1 0 0 0 0 0
2011823361972539 137212166624960 coll_beg 0 0 0 0 0 0
2011823362559448 137212166624960 coll_end 0 0 0 0 0 0
2011823362559648 137212166624960 rel_beg 1 0 0 0 0 0
2011823362560298 137212166624960 absorb 221 0 0 0 0 0
2011823362566368 137212166624960 rel_end 1 0 0 0 0 0
2011823362568807 137212166624960 wait_beg 0 0 0 0 0 0
2011823362619966 137212174624640 send 18 0 0 220 218 1
2011823363150046 137212174624640 send 689187 0 0 220 218 1
2011823363577231 137212174624640 send 589928 0 0 220 218 1
2011823363578781 137212174624640 send 14 0 0 220 218 1
2011823363579961 137212174624640 egress 221 1 0 218 0 0
2011823362579857 137212149839552 emit_beg 221 0 0 0 0 0
2011823362586067 137212149839552 dmg 0 1 0 0 2560 1440
2011823362586337 137212149839552 enc 220 220 1 -1 -1 0
2011823362663104 137212149839552 emit_end 221 0 0 0 0 0
2011823411778320 137212166624960 wait_end 0 0 0 0 0 0
2011823411782240 137212166624960 drain_beg 0 0 0 0 0 0
2011823411789240 137212166624960 drain_end 1 0 0 0 0 0
2011823411789450 137212166624960 take 222 0 0 0 0 0
2011823411789670 137212166624960 subm_beg 1 0 0 0 0 0
2011823411790930 137212166624960 submit 222 0 0 0 0 0
2011823411791060 137212166624960 subm_end 1 0 0 0 0 0
2011823411791120 137212166624960 pump_beg 1 0 0 0 0 0
2011823412751585 137212166624960 feedend 221 0 0 0 0 0
2011823412769984 137212166624960 feedend 221 1 0 0 0 0
2011823409276212 137212174624640 cliack 219 0 220 221 0 0
2011823409276342 137212174624640 ackregion 220 221 221 219 1 0
2011823411752271 137212174624640 msgin 222 22118400 0 0 0 0
2011823411753201 137212174624640 enq 222 1 0 0 0 0
2011823422819957 137212166624960 outfirst 221 1 65536 0 0 0
2011823429290171 137212166624960 outfirst 221 0 65536 0 0 0
2011823429408546 137212166624960 pump_end 1 2 0 0 0 0
2011823429409066 137212166624960 join_beg 1 0 0 0 0 0
2011823429410136 137212166624960 join_end 0 0 0 0 0 0
2011823429410196 137212166624960 book_beg 1 0 0 0 0 0
2011823429411116 137212166624960 batch 222 1 1 2 2 0
2011823429411156 137212166624960 book_end 1 0 0 0 0 0
2011823429411206 137212166624960 coll_beg 0 0 0 0 0 0
2011823430023334 137212166624960 coll_end 0 0 0 0 0 0
2011823430023434 137212166624960 rel_beg 1 0 0 0 0 0
2011823430023894 137212166624960 absorb 222 0 0 0 0 0
2011823430029244 137212166624960 rel_end 1 0 0 0 0 0
2011823430032124 137212166624960 wait_beg 0 0 0 0 0 0
2011823430150569 137212174624640 send 18 0 0 221 219 1
2011823430754137 137212174624640 send 808903 0 0 221 219 1
2011823431210651 137212174624640 send 616544 0 0 221 219 1
2011823431212071 137212174624640 send 14 0 0 221 219 1
2011823431212381 137212174624640 egress 222 1 0 219 0 0
2011823430089432 137212149839552 emit_beg 222 0 0 0 0 0
2011823430095661 137212149839552 dmg 0 1 0 0 2560 1440
2011823430095901 137212149839552 enc 221 221 1 -1 -1 0
2011823430180678 137212149839552 emit_end 222 0 0 0 0 0
2011823468982111 137212174624640 cliack 220 0 221 222 0 0
2011823468982701 137212174624640 ackregion 221 222 222 220 1 0
2011823473974129 137212166624960 wait_end 0 0 0 0 0 0
2011823473978119 137212166624960 drain_beg 0 0 0 0 0 0
2011823473978439 137212166624960 drain_end 1 0 0 0 0 0
2011823473978829 137212166624960 take 223 0 0 0 0 0
2011823473979479 137212166624960 subm_beg 1 0 0 0 0 0
2011823473981159 137212166624960 submit 223 0 0 0 0 0
2011823473981309 137212166624960 subm_end 1 0 0 0 0 0
2011823473981399 137212166624960 pump_beg 1 0 0 0 0 0
2011823474817188 137212166624960 feedend 222 0 0 0 0 0
2011823475303400 137212166624960 feedend 222 1 0 0 0 0
2011823482915402 137212166624960 outfirst 222 0 65536 0 0 0
2011823473947560 137212174624640 msgin 223 22118400 0 0 0 0
2011823473948650 137212174624640 enq 223 1 0 0 0 0
2011823492670536 137212166624960 outfirst 222 1 65536 0 0 0
2011823492813791 137212166624960 pump_end 1 2 0 0 0 0
2011823492814891 137212166624960 join_beg 1 0 0 0 0 0
2011823492816751 137212166624960 join_end 0 0 0 0 0 0
2011823492817331 137212166624960 book_beg 1 0 0 0 0 0
2011823492818691 137212166624960 batch 223 1 1 2 2 0
2011823492818781 137212166624960 book_end 1 0 0 0 0 0
2011823492818951 137212166624960 coll_beg 0 0 0 0 0 0
2011823493557564 137212166624960 coll_end 0 0 0 0 0 0
2011823493557704 137212166624960 rel_beg 1 0 0 0 0 0
2011823493558284 137212166624960 absorb 223 0 0 0 0 0
2011823493564943 137212166624960 rel_end 1 0 0 0 0 0
2011823493567683 137212166624960 wait_beg 0 0 0 0 0 0
2011823493625071 137212174624640 send 18 0 0 222 220 1
2011823494293417 137212174624640 send 876380 0 0 222 220 1
2011823494879805 137212174624640 send 792334 0 0 222 220 1
2011823494881435 137212174624640 send 14 0 0 222 220 1
2011823494882105 137212174624640 egress 223 1 0 220 0 0
2011823493575443 137212149839552 emit_beg 223 0 0 0 0 0
2011823493580913 137212149839552 dmg 0 1 0 0 2560 1440
2011823493581153 137212149839552 enc 222 222 1 -1 -1 0
2011823493687329 137212149839552 emit_end 223 0 0 0 0 0
2011823526712093 137212166624960 wait_end 0 0 0 0 0 0
2011823526716323 137212166624960 drain_beg 0 0 0 0 0 0
2011823526716843 137212166624960 drain_end 1 0 0 0 0 0
2011823526717023 137212166624960 take 224 0 0 0 0 0
2011823526717752 137212166624960 subm_beg 1 0 0 0 0 0
2011823526719522 137212166624960 submit 224 0 0 0 0 0
2011823526719772 137212166624960 subm_end 1 0 0 0 0 0
2011823526719842 137212166624960 pump_beg 1 0 0 0 0 0
2011823527409287 137212166624960 feedend 223 0 0 0 0 0
2011823527762094 137212166624960 feedend 223 1 0 0 0 0
2011823523951893 137212174624640 cliack 221 0 222 223 0 0
2011823523952093 137212174624640 ackregion 222 223 223 221 1 0
2011823526680624 137212174624640 msgin 224 22118400 0 0 0 0
2011823526681144 137212174624640 enq 224 1 0 0 0 0
2011823535205872 137212166624960 outfirst 223 0 65536 0 0 0
2011823543680953 137212166624960 outfirst 223 1 65536 0 0 0
2011823543792319 137212166624960 pump_end 1 2 0 0 0 0
2011823543792389 137212166624960 join_beg 1 0 0 0 0 0
2011823543792889 137212166624960 join_end 0 0 0 0 0 0
2011823543793179 137212166624960 book_beg 1 0 0 0 0 0
2011823543793549 137212166624960 batch 224 1 1 2 2 0
2011823543793599 137212166624960 book_end 1 0 0 0 0 0
2011823543793649 137212166624960 coll_beg 0 0 0 0 0 0
2011823544218303 137212166624960 coll_end 0 0 0 0 0 0
2011823544218343 137212166624960 rel_beg 1 0 0 0 0 0
2011823544218543 137212166624960 absorb 224 0 0 0 0 0
2011823544221513 137212166624960 rel_end 1 0 0 0 0 0
2011823544223963 137212166624960 wait_beg 0 0 0 0 0 0
2011823544274761 137212174624640 send 18 0 0 223 221 1
2011823544991525 137212174624640 send 790118 0 0 223 221 1
2011823545504616 137212174624640 send 712448 0 0 223 221 1
2011823545505746 137212174624640 send 14 0 0 223 221 1
2011823545506136 137212174624640 egress 224 1 0 221 0 0
2011823544243942 137212149839552 emit_beg 224 0 0 0 0 0
2011823544249372 137212149839552 dmg 0 1 0 0 2560 1440
2011823544249642 137212149839552 enc 223 223 1 -1 -1 0
2011823544346499 137212149839552 emit_end 224 0 0 0 0 0
2011823591433539 137212166624960 wait_end 0 0 0 0 0 0
2011823591439819 137212166624960 drain_beg 0 0 0 0 0 0
2011823591440559 137212166624960 drain_end 1 0 0 0 0 0
2011823591440869 137212166624960 take 225 0 0 0 0 0
2011823591441549 137212166624960 subm_beg 1 0 0 0 0 0
2011823591443189 137212166624960 submit 225 0 0 0 0 0
2011823591443359 137212166624960 subm_end 1 0 0 0 0 0
2011823591443439 137212166624960 pump_beg 1 0 0 0 0 0
2011823592252129 137212166624960 feedend 224 0 0 0 0 0
2011823592693043 137212166624960 feedend 224 1 0 0 0 0
2011823585581813 137212174624640 cliack 222 0 223 224 0 0
2011823585582433 137212174624640 ackregion 223 224 224 222 1 0
2011823591399840 137212174624640 msgin 225 22118400 0 0 0 0
2011823591402210 137212174624640 enq 225 1 0 0 0 0
2011823599906169 137212166624960 outfirst 224 0 65536 0 0 0
2011823604922106 137212166624960 outfirst 224 1 65536 0 0 0
2011823605044302 137212166624960 pump_end 1 2 0 0 0 0
2011823605044652 137212166624960 join_beg 1 0 0 0 0 0
2011823605044872 137212166624960 join_end 0 0 0 0 0 0
2011823605044912 137212166624960 book_beg 1 0 0 0 0 0
2011823605049582 137212166624960 batch 225 1 1 2 2 0
2011823605049602 137212166624960 book_end 1 0 0 0 0 0
2011823605049632 137212166624960 coll_beg 0 0 0 0 0 0
2011823605526344 137212166624960 coll_end 0 0 0 0 0 0
2011823605526384 137212166624960 rel_beg 1 0 0 0 0 0
2011823605526684 137212166624960 absorb 225 0 0 0 0 0
2011823605529664 137212166624960 rel_end 1 0 0 0 0 0
2011823605530524 137212166624960 wait_beg 0 0 0 0 0 0
2011823605574032 137212174624640 send 18 0 0 224 222 1
2011823606154231 137212174624640 send 745686 0 0 224 222 1
2011823606610905 137212174624640 send 636113 0 0 224 222 1
2011823606612064 137212174624640 send 14 0 0 224 222 1
2011823606612294 137212174624640 egress 225 1 0 222 0 0
2011823605550853 137212149839552 emit_beg 225 0 0 0 0 0
2011823605554813 137212149839552 dmg 0 1 0 0 2560 1440
2011823605555003 137212149839552 enc 224 224 1 -1 -1 0
2011823605635860 137212149839552 emit_end 225 0 0 0 0 0
2011823662433116 137212166624960 wait_end 0 0 0 0 0 0
2011823662435586 137212166624960 drain_beg 0 0 0 0 0 0
2011823662436026 137212166624960 drain_end 1 0 0 0 0 0
2011823662436266 137212166624960 take 226 0 0 0 0 0
2011823662436836 137212166624960 subm_beg 1 0 0 0 0 0
2011823662437546 137212166624960 submit 226 0 0 0 0 0
2011823662437616 137212166624960 subm_end 1 0 0 0 0 0
2011823662437726 137212166624960 pump_beg 1 0 0 0 0 0
2011823663315434 137212166624960 feedend 225 0 0 0 0 0
2011823663790706 137212166624960 feedend 225 1 0 0 0 0
2011823657672510 137212174624640 cliack 223 0 224 225 0 0
2011823657672610 137212174624640 ackregion 224 225 225 223 1 0
2011823662405487 137212174624640 msgin 226 22118400 0 0 0 0
2011823662405907 137212174624640 enq 226 1 0 0 0 0
2011823671403578 137212166624960 outfirst 225 0 65536 0 0 0
2011823679287300 137212166624960 outfirst 225 1 65536 0 0 0
2011823679388097 137212166624960 pump_end 1 2 0 0 0 0
2011823679388577 137212166624960 join_beg 1 0 0 0 0 0
2011823679388777 137212166624960 join_end 0 0 0 0 0 0
2011823679388847 137212166624960 book_beg 1 0 0 0 0 0
2011823679389797 137212166624960 batch 226 1 1 2 2 0
2011823679389827 137212166624960 book_end 1 0 0 0 0 0
2011823679389987 137212166624960 coll_beg 0 0 0 0 0 0
2011823679818981 137212166624960 coll_end 0 0 0 0 0 0
2011823679819021 137212166624960 rel_beg 1 0 0 0 0 0
2011823679819371 137212166624960 absorb 226 0 0 0 0 0
2011823679825541 137212166624960 rel_end 1 0 0 0 0 0
2011823679828500 137212166624960 wait_beg 0 0 0 0 0 0
2011823679905658 137212174624640 send 18 0 0 225 223 1
2011823680707548 137212174624640 send 791408 0 0 225 223 1
2011823681208750 137212174624640 send 631579 0 0 225 223 1
2011823681210310 137212174624640 send 14 0 0 225 223 1
2011823681210740 137212174624640 egress 226 1 0 223 0 0
2011823679838090 137212149839552 emit_beg 226 0 0 0 0 0
2011823679844120 137212149839552 dmg 0 1 0 0 2560 1440
2011823679844560 137212149839552 enc 225 225 1 -1 -1 0
2011823679966665 137212149839552 emit_end 226 0 0 0 0 0
2011823723029583 137212174624640 cliack 224 0 225 226 0 0
2011823723030073 137212174624640 ackregion 225 226 226 224 1 0
2011823725494403 137212166624960 wait_end 0 0 0 0 0 0
2011823725498452 137212166624960 drain_beg 0 0 0 0 0 0
2011823725498922 137212166624960 drain_end 1 0 0 0 0 0
2011823725499312 137212166624960 take 227 0 0 0 0 0
2011823725499982 137212166624960 subm_beg 1 0 0 0 0 0
2011823725501852 137212166624960 submit 227 0 0 0 0 0
2011823725502012 137212166624960 subm_end 1 0 0 0 0 0
2011823725502092 137212166624960 pump_beg 1 0 0 0 0 0
2011823726422629 137212166624960 feedend 226 0 0 0 0 0
2011823726927670 137212166624960 feedend 226 1 0 0 0 0
2011823734426386 137212166624960 outfirst 226 0 65536 0 0 0
2011823725469034 137212174624640 msgin 227 22118400 0 0 0 0
2011823725469984 137212174624640 enq 227 1 0 0 0 0
2011823742942555 137212166624960 outfirst 226 1 65536 0 0 0
2011823743035162 137212166624960 pump_end 1 2 0 0 0 0
2011823743035962 137212166624960 join_beg 1 0 0 0 0 0
2011823743036922 137212166624960 join_end 0 0 0 0 0 0
2011823743036982 137212166624960 book_beg 1 0 0 0 0 0
2011823743037822 137212166624960 batch 227 1 1 2 2 0
2011823743037842 137212166624960 book_end 1 0 0 0 0 0
2011823743037882 137212166624960 coll_beg 0 0 0 0 0 0
2011823743488915 137212166624960 coll_end 0 0 0 0 0 0
2011823743488965 137212166624960 rel_beg 1 0 0 0 0 0
2011823743489495 137212166624960 absorb 227 0 0 0 0 0
2011823743494625 137212166624960 rel_end 1 0 0 0 0 0
2011823743497005 137212166624960 wait_beg 0 0 0 0 0 0
2011823743572332 137212174624640 send 18 0 0 226 224 1
2011823744180220 137212174624640 send 804375 0 0 226 224 1
2011823744675892 137212174624640 send 685812 0 0 226 224 1
2011823744677342 137212174624640 send 14 0 0 226 224 1
2011823744677882 137212174624640 egress 227 1 0 224 0 0
2011823743508385 137212149839552 emit_beg 227 0 0 0 0 0
2011823743513855 137212149839552 dmg 0 1 0 0 2560 1440
2011823743514205 137212149839552 enc 226 226 1 -1 -1 0
2011823743607201 137212149839552 emit_end 227 0 0 0 0 0
2011823782581818 137212174624640 cliack 225 0 226 227 0 0
2011823782582728 137212174624640 ackregion 226 227 227 225 1 0
2011823788360277 137212166624960 wait_end 0 0 0 0 0 0
2011823788363067 137212166624960 drain_beg 0 0 0 0 0 0
2011823788363577 137212166624960 drain_end 1 0 0 0 0 0
2011823788363877 137212166624960 take 228 0 0 0 0 0
2011823788364346 137212166624960 subm_beg 1 0 0 0 0 0
2011823788365826 137212166624960 submit 228 0 0 0 0 0
2011823788365986 137212166624960 subm_end 1 0 0 0 0 0
2011823788366036 137212166624960 pump_beg 1 0 0 0 0 0
2011823788973864 137212166624960 feedend 227 0 0 0 0 0
2011823789296772 137212166624960 feedend 227 1 0 0 0 0
2011823788348637 137212174624640 msgin 228 22118400 0 0 0 0
2011823788349967 137212174624640 enq 228 1 0 0 0 0
2011823796351375 137212166624960 outfirst 227 0 65536 0 0 0
2011823804576854 137212166624960 outfirst 227 1 65536 0 0 0
2011823804667851 137212166624960 pump_end 1 2 0 0 0 0
2011823804668641 137212166624960 join_beg 1 0 0 0 0 0
2011823804669521 137212166624960 join_end 0 0 0 0 0 0
2011823804669581 137212166624960 book_beg 1 0 0 0 0 0
2011823804670121 137212166624960 batch 228 1 1 2 2 0
2011823804670141 137212166624960 book_end 1 0 0 0 0 0
2011823804670191 137212166624960 coll_beg 0 0 0 0 0 0
2011823805072876 137212166624960 coll_end 0 0 0 0 0 0
2011823805072926 137212166624960 rel_beg 1 0 0 0 0 0
2011823805073336 137212166624960 absorb 228 0 0 0 0 0
2011823805077986 137212166624960 rel_end 1 0 0 0 0 0
2011823805080336 137212166624960 wait_beg 0 0 0 0 0 0
2011823805140764 137212174624640 send 18 0 0 227 225 1
2011823805086736 137212149839552 emit_beg 228 0 0 0 0 0
2011823805090995 137212149839552 dmg 0 1 0 0 2560 1440
2011823805091395 137212149839552 enc 227 227 1 -1 -1 0
2011823805180282 137212149839552 emit_end 228 0 0 0 0 0
2011823805734662 137212174624640 send 761009 0 0 227 225 1
2011823806230414 137212174624640 send 649165 0 0 227 225 1
2011823806231874 137212174624640 send 14 0 0 227 225 1
2011823806232444 137212174624640 egress 228 1 0 225 0 0
2011823843819921 137212174624640 cliack 226 0 227 228 0 0
2011823843820111 137212174624640 ackregion 227 228 228 226 1 0
2011823849519983 137212166624960 wait_end 0 0 0 0 0 0
2011823849522223 137212166624960 drain_beg 0 0 0 0 0 0
2011823849522523 137212166624960 drain_end 1 0 0 0 0 0
2011823849522643 137212166624960 take 229 0 0 0 0 0
2011823849523103 137212166624960 subm_beg 1 0 0 0 0 0
2011823849527403 137212166624960 submit 229 0 0 0 0 0
2011823849527473 137212166624960 subm_end 1 0 0 0 0 0
2011823849527513 137212166624960 pump_beg 1 0 0 0 0 0
2011823850319814 137212166624960 feedend 228 0 0 0 0 0
2011823850765727 137212166624960 feedend 228 1 0 0 0 0
2011823849510573 137212174624640 msgin 229 22118400 0 0 0 0
2011823849511193 137212174624640 enq 229 1 0 0 0 0
2011823858964058 137212166624960 outfirst 228 0 65536 0 0 0
2011823867559434 137212166624960 outfirst 228 1 65536 0 0 0
2011823867703909 137212166624960 pump_end 1 2 0 0 0 0
2011823867704549 137212166624960 join_beg 1 0 0 0 0 0
2011823867705229 137212166624960 join_end 0 0 0 0 0 0
2011823867705489 137212166624960 book_beg 1 0 0 0 0 0
2011823867706169 137212166624960 batch 229 1 1 2 2 0
2011823867706199 137212166624960 book_end 1 0 0 0 0 0
2011823867706239 137212166624960 coll_beg 0 0 0 0 0 0
2011823868286627 137212166624960 coll_end 0 0 0 0 0 0
2011823868286767 137212166624960 rel_beg 1 0 0 0 0 0
2011823868287247 137212166624960 absorb 229 0 0 0 0 0
2011823868293237 137212166624960 rel_end 1 0 0 0 0 0
2011823868295747 137212166624960 wait_beg 0 0 0 0 0 0
2011823868384174 137212174624640 send 18 0 0 228 226 1
2011823869343149 137212174624640 send 961920 0 0 228 226 1
2011823869958986 137212174624640 send 862480 0 0 228 226 1
2011823869961336 137212174624640 send 14 0 0 228 226 1
2011823869962566 137212174624640 egress 229 1 0 226 0 0
2011823868320256 137212149839552 emit_beg 229 0 0 0 0 0
2011823868328426 137212149839552 dmg 0 1 0 0 2560 1440
2011823868328716 137212149839552 enc 228 228 1 -1 -1 0
2011823868452991 137212149839552 emit_end 229 0 0 0 0 0
2011823913751767 137212166624960 wait_end 0 0 0 0 0 0
2011823913755527 137212166624960 drain_beg 0 0 0 0 0 0
2011823913756117 137212166624960 drain_end 1 0 0 0 0 0
2011823913756497 137212166624960 take 230 0 0 0 0 0
2011823913757037 137212166624960 subm_beg 1 0 0 0 0 0
2011823913758767 137212166624960 submit 230 0 0 0 0 0
2011823913758917 137212166624960 subm_end 1 0 0 0 0 0
2011823913758957 137212166624960 pump_beg 1 0 0 0 0 0
2011823914435972 137212166624960 feedend 229 0 0 0 0 0
2011823914509849 137212166624960 feedend 229 1 0 0 0 0
2011823908425402 137212174624640 cliack 227 0 228 229 0 0
2011823908426212 137212174624640 ackregion 228 229 229 227 1 0
2011823913726088 137212174624640 msgin 230 22118400 0 0 0 0
2011823913728578 137212174624640 enq 230 1 0 0 0 0
2011823923731562 137212166624960 outfirst 229 1 65536 0 0 0
2011823929827380 137212166624960 outfirst 229 0 65536 0 0 0
2011823929935316 137212166624960 pump_end 1 2 0 0 0 0
2011823929935976 137212166624960 join_beg 1 0 0 0 0 0
2011823929937776 137212166624960 join_end 0 0 0 0 0 0
2011823929937886 137212166624960 book_beg 1 0 0 0 0 0
2011823929938656 137212166624960 batch 230 1 1 2 2 0
2011823929938786 137212166624960 book_end 1 0 0 0 0 0
2011823929938926 137212166624960 coll_beg 0 0 0 0 0 0
2011823930478626 137212166624960 coll_end 0 0 0 0 0 0
2011823930478666 137212166624960 rel_beg 1 0 0 0 0 0
2011823930479186 137212166624960 absorb 230 0 0 0 0 0
2011823930483766 137212166624960 rel_end 1 0 0 0 0 0
2011823930486166 137212166624960 wait_beg 0 0 0 0 0 0
2011823930547134 137212174624640 send 18 0 0 229 227 1
2011823931418302 137212174624640 send 711339 0 0 229 227 1
2011823931928913 137212174624640 send 601743 0 0 229 227 1
2011823931930283 137212174624640 send 14 0 0 229 227 1
2011823931930633 137212174624640 egress 230 1 0 227 0 0
2011823930511775 137212149839552 emit_beg 230 0 0 0 0 0
2011823930518385 137212149839552 dmg 0 1 0 0 2560 1440
2011823930518765 137212149839552 enc 229 229 1 -1 -1 0
2011823930605961 137212149839552 emit_end 230 0 0 0 0 0
2011823975100686 137212166624960 wait_end 0 0 0 0 0 0
2011823975103966 137212166624960 drain_beg 0 0 0 0 0 0
2011823975104566 137212166624960 drain_end 1 0 0 0 0 0
2011823975104786 137212166624960 take 231 0 0 0 0 0
2011823975105316 137212166624960 subm_beg 1 0 0 0 0 0
2011823975106596 137212166624960 submit 231 0 0 0 0 0
2011823975106696 137212166624960 subm_end 1 0 0 0 0 0
2011823975106756 137212166624960 pump_beg 1 0 0 0 0 0
2011823975995624 137212166624960 feedend 230 0 0 0 0 0
2011823976429438 137212166624960 feedend 230 1 0 0 0 0
2011823969343827 137212174624640 cliack 228 0 229 230 0 0
2011823969343947 137212174624640 ackregion 229 230 230 228 1 0
2011823975075987 137212174624640 msgin 231 22118400 0 0 0 0
2011823975076327 137212174624640 enq 231 1 0 0 0 0
2011823984035150 137212166624960 outfirst 230 0 65536 0 0 0
2011823990932928 137212166624960 outfirst 230 1 65536 0 0 0
2011823991042914 137212166624960 pump_end 1 2 0 0 0 0
2011823991043434 137212166624960 join_beg 1 0 0 0 0 0
2011823991044734 137212166624960 join_end 0 0 0 0 0 0
2011823991044784 137212166624960 book_beg 1 0 0 0 0 0
2011823991045924 137212166624960 batch 231 1 1 2 2 0
2011823991045964 137212166624960 book_end 1 0 0 0 0 0
2011823991046004 137212166624960 coll_beg 0 0 0 0 0 0
2011823991464469 137212166624960 coll_end 0 0 0 0 0 0
2011823991464859 137212166624960 rel_beg 1 0 0 0 0 0
2011823991465219 137212166624960 absorb 231 0 0 0 0 0
2011823991471169 137212166624960 rel_end 1 0 0 0 0 0
2011823991474128 137212166624960 wait_beg 0 0 0 0 0 0
2011823991548616 137212174624640 send 18 0 0 230 228 1
2011823992545249 137212174624640 send 790154 0 0 230 228 1
2011823993110769 137212174624640 send 631656 0 0 230 228 1
2011823993112409 137212174624640 send 14 0 0 230 228 1
2011823993112859 137212174624640 egress 231 1 0 228 0 0
2011823991501967 137212149839552 emit_beg 231 0 0 0 0 0
2011823991507707 137212149839552 dmg 0 1 0 0 2560 1440
2011823991508207 137212149839552 enc 230 230 1 -1 -1 0
2011823991608944 137212149839552 emit_end 231 0 0 0 0 0
2011824049924984 137212166624960 wait_end 0 0 0 0 0 0
2011824049929473 137212166624960 drain_beg 0 0 0 0 0 0
2011824049930113 137212166624960 drain_end 1 0 0 0 0 0
2011824049930443 137212166624960 take 232 0 0 0 0 0
2011824049931083 137212166624960 subm_beg 1 0 0 0 0 0
2011824049932983 137212166624960 submit 232 0 0 0 0 0
2011824049933153 137212166624960 subm_end 1 0 0 0 0 0
2011824049933233 137212166624960 pump_beg 1 0 0 0 0 0
2011824050747594 137212166624960 feedend 231 0 0 0 0 0
2011824051169928 137212166624960 feedend 231 1 0 0 0 0
2011824048030283 137212174624640 cliack 229 0 230 231 0 0
2011824048030643 137212174624640 ackregion 230 231 231 229 1 0
2011824049889015 137212174624640 msgin 232 22118400 0 0 0 0
2011824049890185 137212174624640 enq 232 1 0 0 0 0
2011824058462422 137212166624960 outfirst 231 0 65536 0 0 0
2011824066649723 137212166624960 outfirst 231 1 65536 0 0 0
2011824066775038 137212166624960 pump_end 1 2 0 0 0 0
2011824066776028 137212166624960 join_beg 1 0 0 0 0 0
2011824066777088 137212166624960 join_end 0 0 0 0 0 0
2011824066777188 137212166624960 book_beg 1 0 0 0 0 0
2011824066778718 137212166624960 batch 232 1 1 2 2 0
2011824066778768 137212166624960 book_end 1 0 0 0 0 0
2011824066791488 137212166624960 coll_beg 0 0 0 0 0 0
2011824067397626 137212166624960 coll_end 0 0 0 0 0 0
2011824067397816 137212166624960 rel_beg 1 0 0 0 0 0
2011824067398746 137212166624960 absorb 232 0 0 0 0 0
2011824067405105 137212166624960 rel_end 1 0 0 0 0 0
2011824067408245 137212166624960 wait_beg 0 0 0 0 0 0
2011824067488422 137212174624640 send 18 0 0 231 229 1
2011824068076601 137212174624640 send 758599 0 0 231 229 1
2011824068551513 137212174624640 send 629390 0 0 231 229 1
2011824068552713 137212174624640 send 14 0 0 231 229 1
2011824068553113 137212174624640 egress 232 1 0 229 0 0
2011824067433404 137212149839552 emit_beg 232 0 0 0 0 0
2011824067441114 137212149839552 dmg 0 1 0 0 2560 1440
2011824067441354 137212149839552 enc 231 231 1 -1 -1 0
2011824067540910 137212149839552 emit_end 232 0 0 0 0 0
2011824104939494 137212174624640 cliack 230 0 231 232 0 0
2011824104939844 137212174624640 ackregion 231 232 232 230 1 0
2011824110782201 137212166624960 wait_end 0 0 0 0 0 0
2011824110787551 137212166624960 drain_beg 0 0 0 0 0 0
2011824110788021 137212166624960 drain_end 1 0 0 0 0 0
2011824110788271 137212166624960 take 233 0 0 0 0 0
2011824110788841 137212166624960 subm_beg 1 0 0 0 0 0
2011824110790191 137212166624960 submit 233 0 0 0 0 0
2011824110790241 137212166624960 subm_end 1 0 0 0 0 0
2011824110790321 137212166624960 pump_beg 1 0 0 0 0 0
2011824111583022 137212166624960 feedend 232 0 0 0 0 0
2011824111967388 137212166624960 feedend 232 1 0 0 0 0
2011824110749172 137212174624640 msgin 233 22118400 0 0 0 0
2011824110749972 137212174624640 enq 233 1 0 0 0 0
2011824119223693 137212166624960 outfirst 232 0 65536 0 0 0
2011824125537292 137212166624960 outfirst 232 1 65536 0 0 0
2011824125637238 137212166624960 pump_end 1 2 0 0 0 0
2011824125638618 137212166624960 join_beg 1 0 0 0 0 0
2011824125640558 137212166624960 join_end 0 0 0 0 0 0
2011824125640608 137212166624960 book_beg 1 0 0 0 0 0
2011824125643038 137212166624960 batch 233 1 1 2 2 0
2011824125643078 137212166624960 book_end 1 0 0 0 0 0
2011824125643358 137212166624960 coll_beg 0 0 0 0 0 0
2011824126260276 137212166624960 coll_end 0 0 0 0 0 0
2011824126260336 137212166624960 rel_beg 1 0 0 0 0 0
2011824126261006 137212166624960 absorb 233 0 0 0 0 0
2011824126267195 137212166624960 rel_end 1 0 0 0 0 0
2011824126270135 137212166624960 wait_beg 0 0 0 0 0 0
2011824126344423 137212174624640 send 18 0 0 232 230 1
2011824126982139 137212174624640 send 809396 0 0 232 230 1
2011824127386675 137212174624640 send 553491 0 0 232 230 1
2011824127388064 137212174624640 send 14 0 0 232 230 1
2011824127388574 137212174624640 egress 233 1 0 230 0 0
2011824126295184 137212149839552 emit_beg 233 0 0 0 0 0
2011824126304604 137212149839552 dmg 0 1 0 0 2560 1440
2011824126305004 137212149839552 enc 232 232 1 -1 -1 0
2011824126408180 137212149839552 emit_end 233 0 0 0 0 0
2011824166310843 137212174624640 cliack 231 0 232 233 0 0
2011824166311393 137212174624640 ackregion 232 233 233 231 1 0
2011824173009438 137212166624960 wait_end 0 0 0 0 0 0
2011824173014278 137212166624960 drain_beg 0 0 0 0 0 0
2011824173014978 137212166624960 drain_end 1 0 0 0 0 0
2011824173015548 137212166624960 take 234 0 0 0 0 0
2011824173016118 137212166624960 subm_beg 1 0 0 0 0 0
2011824173017958 137212166624960 submit 234 0 0 0 0 0
2011824173018108 137212166624960 subm_end 1 0 0 0 0 0
2011824173018158 137212166624960 pump_beg 1 0 0 0 0 0
2011824173769141 137212166624960 feedend 233 0 0 0 0 0
2011824173970213 137212166624960 feedend 233 1 0 0 0 0
2011824172988089 137212174624640 msgin 234 22118400 0 0 0 0
2011824172989779 137212174624640 enq 234 1 0 0 0 0
2011824181268507 137212166624960 outfirst 233 0 65536 0 0 0
2011824189070702 137212166624960 outfirst 233 1 65536 0 0 0
2011824189178488 137212166624960 pump_end 1 2 0 0 0 0
2011824189179048 137212166624960 join_beg 1 0 0 0 0 0
2011824189180078 137212166624960 join_end 0 0 0 0 0 0
2011824189180178 137212166624960 book_beg 1 0 0 0 0 0
2011824189180608 137212166624960 batch 234 1 1 2 2 0
2011824189180668 137212166624960 book_end 1 0 0 0 0 0
2011824189180978 137212166624960 coll_beg 0 0 0 0 0 0
2011824189742237 137212166624960 coll_end 0 0 0 0 0 0
2011824189742277 137212166624960 rel_beg 1 0 0 0 0 0
2011824189742667 137212166624960 absorb 234 0 0 0 0 0
2011824189747137 137212166624960 rel_end 1 0 0 0 0 0
2011824189749337 137212166624960 wait_beg 0 0 0 0 0 0
2011824189806385 137212174624640 send 18 0 0 233 231 1
2011824190689803 137212174624640 send 750974 0 0 233 231 1
2011824191218303 137212174624640 send 627348 0 0 233 231 1
2011824191219923 137212174624640 send 14 0 0 233 231 1
2011824191220533 137212174624640 egress 234 1 0 231 0 0
2011824189769666 137212149839552 emit_beg 234 0 0 0 0 0
2011824189775196 137212149839552 dmg 0 1 0 0 2560 1440
2011824189775726 137212149839552 enc 233 233 1 -1 -1 0
2011824189868473 137212149839552 emit_end 234 0 0 0 0 0
2011824226022612 137212174624640 cliack 232 0 233 234 0 0
2011824226022692 137212174624640 ackregion 233 234 234 232 1 0
2011824230984111 137212166624960 wait_end 0 0 0 0 0 0
2011824230987911 137212166624960 drain_beg 0 0 0 0 0 0
2011824230988211 137212166624960 drain_end 1 0 0 0 0 0
2011824230988321 137212166624960 take 235 0 0 0 0 0
2011824230988671 137212166624960 subm_beg 1 0 0 0 0 0
2011824230989731 137212166624960 submit 235 0 0 0 0 0
2011824230989891 137212166624960 subm_end 1 0 0 0 0 0
2011824230989961 137212166624960 pump_beg 1 0 0 0 0 0
2011824231969055 137212166624960 feedend 234 0 0 0 0 0
2011824232492786 137212166624960 feedend 234 1 0 0 0 0
2011824230955042 137212174624640 msgin 235 22118400 0 0 0 0
2011824230955672 137212174624640 enq 235 1 0 0 0 0
2011824240465475 137212166624960 outfirst 234 0 65536 0 0 0
2011824249161367 137212166624960 outfirst 234 1 65536 0 0 0
2011824249327631 137212166624960 pump_end 1 2 0 0 0 0
2011824249328361 137212166624960 join_beg 1 0 0 0 0 0
2011824249329811 137212166624960 join_end 0 0 0 0 0 0
2011824249329851 137212166624960 book_beg 1 0 0 0 0 0
2011824249331261 137212166624960 batch 235 1 1 2 2 0
2011824249331301 137212166624960 book_end 1 0 0 0 0 0
2011824249331351 137212166624960 coll_beg 0 0 0 0 0 0
2011824249819063 137212166624960 coll_end 0 0 0 0 0 0
2011824249819113 137212166624960 rel_beg 1 0 0 0 0 0
2011824249819613 137212166624960 absorb 235 0 0 0 0 0
2011824249827163 137212166624960 rel_end 1 0 0 0 0 0
2011824249829773 137212166624960 wait_beg 0 0 0 0 0 0
2011824249936179 137212174624640 send 18 0 0 234 232 1
2011824250792228 137212174624640 send 854967 0 0 234 232 1
2011824251342347 137212174624640 send 727395 0 0 234 232 1
2011824251344437 137212174624640 send 14 0 0 234 232 1
2011824251344927 137212174624640 egress 235 1 0 232 0 0
2011824249851982 137212149839552 emit_beg 235 0 0 0 0 0
2011824249856372 137212149839552 dmg 0 1 0 0 2560 1440
2011824249856702 137212149839552 enc 234 234 1 -1 -1 0
2011824249952598 137212149839552 emit_end 235 0 0 0 0 0
2011824285203291 137212174624640 cliack 233 0 234 235 0 0
2011824285203891 137212174624640 ackregion 234 235 235 233 1 0
2011824292119678 137212166624960 wait_end 0 0 0 0 0 0
2011824292123468 137212166624960 drain_beg 0 0 0 0 0 0
2011824292124098 137212166624960 drain_end 1 0 0 0 0 0
2011824292124478 137212166624960 take 236 0 0 0 0 0
2011824292124958 137212166624960 subm_beg 1 0 0 0 0 0
2011824292126218 137212166624960 submit 236 0 0 0 0 0
2011824292126308 137212166624960 subm_end 1 0 0 0 0 0
2011824292126538 137212166624960 pump_beg 1 0 0 0 0 0
2011824292923619 137212166624960 feedend 235 0 0 0 0 0
2011824293360813 137212166624960 feedend 235 1 0 0 0 0
2011824292088429 137212174624640 msgin 236 22118400 0 0 0 0
2011824292089429 137212174624640 enq 236 1 0 0 0 0
2011824301210766 137212166624960 outfirst 235 0 65536 0 0 0
2011824308947034 137212166624960 outfirst 235 1 65536 0 0 0
2011824309098198 137212166624960 pump_end 1 2 0 0 0 0
2011824309098918 137212166624960 join_beg 1 0 0 0 0 0
2011824309100078 137212166624960 join_end 0 0 0 0 0 0
2011824309100378 137212166624960 book_beg 1 0 0 0 0 0
2011824309100938 137212166624960 batch 236 1 1 2 2 0
2011824309100968 137212166624960 book_end 1 0 0 0 0 0
2011824309100998 137212166624960 coll_beg 0 0 0 0 0 0
2011824309621889 137212166624960 coll_end 0 0 0 0 0 0
2011824309622069 137212166624960 rel_beg 1 0 0 0 0 0
2011824309622849 137212166624960 absorb 236 0 0 0 0 0
2011824309628379 137212166624960 rel_end 1 0 0 0 0 0
2011824309631528 137212166624960 wait_beg 0 0 0 0 0 0
2011824309720915 137212174624640 send 18 0 0 235 233 1
2011824310318503 137212174624640 send 780211 0 0 235 233 1
2011824310759877 137212174624640 send 622157 0 0 235 233 1
2011824310761197 137212174624640 send 14 0 0 235 233 1
2011824310761627 137212174624640 egress 236 1 0 233 0 0
2011824309660357 137212149839552 emit_beg 236 0 0 0 0 0
2011824309666747 137212149839552 dmg 0 1 0 0 2560 1440
2011824309667147 137212149839552 enc 235 235 1 -1 -1 0
2011824309770033 137212149839552 emit_end 236 0 0 0 0 0
2011824347301523 137212166624960 wait_end 0 0 0 0 0 0
2011824347305533 137212166624960 drain_beg 0 0 0 0 0 0
2011824347306243 137212166624960 drain_end 1 0 0 0 0 0
2011824347306593 137212166624960 take 237 0 0 0 0 0
2011824347307173 137212166624960 subm_beg 1 0 0 0 0 0
2011824347308683 137212166624960 submit 237 0 0 0 0 0
2011824347309153 137212166624960 subm_end 1 0 0 0 0 0
2011824347309213 137212166624960 pump_beg 1 0 0 0 0 0
2011824348214239 137212166624960 feedend 236 0 0 0 0 0
2011824348678992 137212166624960 feedend 236 1 0 0 0 0
2011824345007496 137212174624640 cliack 234 0 235 236 0 0
2011824345008716 137212174624640 ackregion 235 236 236 234 1 0
2011824347271594 137212174624640 msgin 237 22118400 0 0 0 0
2011824347273664 137212174624640 enq 237 1 0 0 0 0
2011824356409370 137212166624960 outfirst 236 0 65536 0 0 0
2011824364592071 137212166624960 outfirst 236 1 65536 0 0 0
2011824364760805 137212166624960 pump_end 1 2 0 0 0 0
2011824364761165 137212166624960 join_beg 1 0 0 0 0 0
2011824364762505 137212166624960 join_end 0 0 0 0 0 0
2011824364762595 137212166624960 book_beg 1 0 0 0 0 0
2011824364763725 137212166624960 batch 237 1 1 2 2 0
2011824364763805 137212166624960 book_end 1 0 0 0 0 0
2011824364763935 137212166624960 coll_beg 0 0 0 0 0 0
2011824365506338 137212166624960 coll_end 0 0 0 0 0 0
2011824365506568 137212166624960 rel_beg 1 0 0 0 0 0
2011824365506858 137212166624960 absorb 237 0 0 0 0 0
2011824365513628 137212166624960 rel_end 1 0 0 0 0 0
2011824365516487 137212166624960 wait_beg 0 0 0 0 0 0
2011824365607174 137212174624640 send 18 0 0 236 234 1
2011824366553850 137212174624640 send 807733 0 0 236 234 1
2011824367039872 137212174624640 send 671426 0 0 236 234 1
2011824367041302 137212174624640 send 14 0 0 236 234 1
2011824367041602 137212174624640 egress 237 1 0 234 0 0
2011824365537777 137212149839552 emit_beg 237 0 0 0 0 0
2011824365544576 137212149839552 dmg 0 1 0 0 2560 1440
2011824365544846 137212149839552 enc 236 236 1 -1 -1 0
2011824365655902 137212149839552 emit_end 237 0 0 0 0 0
2011824419151379 137212166624960 wait_end 0 0 0 0 0 0
2011824419156258 137212166624960 drain_beg 0 0 0 0 0 0
2011824419157068 137212166624960 drain_end 1 0 0 0 0 0
2011824419157428 137212166624960 take 238 0 0 0 0 0
2011824419157968 137212166624960 subm_beg 1 0 0 0 0 0
2011824419160038 137212166624960 submit 238 0 0 0 0 0
2011824419160178 137212166624960 subm_end 1 0 0 0 0 0
2011824419160218 137212166624960 pump_beg 1 0 0 0 0 0
2011824413055621 137212174624640 cliack 235 0 236 237 0 0
2011824413055831 137212174624640 ackregion 236 237 237 235 1 0
2011824419130539 137212174624640 msgin 238 22118400 0 0 0 0
2011824419133279 137212174624640 enq 238 1 0 0 0 0
2011824419926000 137212166624960 feedend 237 0 0 0 0 0
2011824420144282 137212166624960 feedend 237 1 0 0 0 0
2011824430213585 137212166624960 outfirst 237 1 65536 0 0 0
2011824436758416 137212166624960 outfirst 237 0 65536 0 0 0
2011824436888021 137212166624960 pump_end 1 2 0 0 0 0
2011824436888311 137212166624960 join_beg 1 0 0 0 0 0
2011824436888711 137212166624960 join_end 0 0 0 0 0 0
2011824436888921 137212166624960 book_beg 1 0 0 0 0 0
2011824436889381 137212166624960 batch 238 1 1 2 2 0
2011824436889501 137212166624960 book_end 1 0 0 0 0 0
2011824436889621 137212166624960 coll_beg 0 0 0 0 0 0
2011824437426731 137212166624960 coll_end 0 0 0 0 0 0
2011824437426831 137212166624960 rel_beg 1 0 0 0 0 0
2011824437427251 137212166624960 absorb 238 0 0 0 0 0
2011824437432521 137212166624960 rel_end 1 0 0 0 0 0
2011824437434891 137212166624960 wait_beg 0 0 0 0 0 0
2011824437488179 137212174624640 send 18 0 0 237 235 1
2011824438363377 137212174624640 send 733894 0 0 237 235 1
2011824438895157 137212174624640 send 621494 0 0 237 235 1
2011824438896547 137212174624640 send 14 0 0 237 235 1
2011824438896817 137212174624640 egress 238 1 0 235 0 0
2011824437455210 137212149839552 emit_beg 238 0 0 0 0 0
2011824437460580 137212149839552 dmg 0 1 0 0 2560 1440
2011824437460950 137212149839552 enc 237 237 1 -1 -1 0
2011824437545747 137212149839552 emit_end 238 0 0 0 0 0
2011824478413994 137212166624960 wait_end 0 0 0 0 0 0
2011824478417304 137212166624960 drain_beg 0 0 0 0 0 0
2011824478417714 137212166624960 drain_end 1 0 0 0 0 0
2011824478418154 137212166624960 take 239 0 0 0 0 0
2011824478418614 137212166624960 subm_beg 1 0 0 0 0 0
2011824478419564 137212166624960 submit 239 0 0 0 0 0
2011824478419704 137212166624960 subm_end 1 0 0 0 0 0
2011824478419794 137212166624960 pump_beg 1 0 0 0 0 0
2011824479110569 137212166624960 feedend 238 0 0 0 0 0
2011824479445277 137212166624960 feedend 238 1 0 0 0 0
2011824473580821 137212174624640 cliack 236 0 237 238 0 0
2011824473581031 137212174624640 ackregion 237 238 238 236 1 0
2011824478388105 137212174624640 msgin 239 22118400 0 0 0 0
2011824478388975 137212174624640 enq 239 1 0 0 0 0
2011824487821951 137212166624960 outfirst 238 0 65536 0 0 0
2011824497823945 137212166624960 outfirst 238 1 65536 0 0 0
2011824497979090 137212166624960 pump_end 1 2 0 0 0 0
2011824497979220 137212166624960 join_beg 1 0 0 0 0 0
2011824497979360 137212166624960 join_end 0 0 0 0 0 0
2011824497979500 137212166624960 book_beg 1 0 0 0 0 0
2011824497979810 137212166624960 batch 239 1 1 2 2 0
2011824497979870 137212166624960 book_end 1 0 0 0 0 0
2011824497979940 137212166624960 coll_beg 0 0 0 0 0 0
2011824498665905 137212166624960 coll_end 0 0 0 0 0 0
2011824498665935 137212166624960 rel_beg 1 0 0 0 0 0
2011824498669244 137212166624960 absorb 239 0 0 0 0 0
2011824498671754 137212166624960 rel_end 1 0 0 0 0 0
2011824498674044 137212166624960 wait_beg 0 0 0 0 0 0
2011824498719483 137212174624640 send 18 0 0 238 236 1
2011824499472835 137212174624640 send 962952 0 0 238 236 1
2011824500087433 137212174624640 send 863151 0 0 238 236 1
2011824500088693 137212174624640 send 14 0 0 238 236 1
2011824500091682 137212174624640 egress 239 1 0 236 0 0
2011824498696463 137212149839552 emit_beg 239 0 0 0 0 0
2011824498702573 137212149839552 dmg 0 1 0 0 2560 1440
2011824498702823 137212149839552 enc 238 238 1 -1 -1 0
2011824498818799 137212149839552 emit_end 239 0 0 0 0 0
2011824537592683 137212174624640 cliack 237 0 238 239 0 0
2011824537592833 137212174624640 ackregion 238 239 239 237 1 0
2011824543383781 137212166624960 wait_end 0 0 0 0 0 0
2011824543387511 137212166624960 drain_beg 0 0 0 0 0 0
2011824543387861 137212166624960 drain_end 1 0 0 0 0 0
2011824543388061 137212166624960 take 240 0 0 0 0 0
2011824543388321 137212166624960 subm_beg 1 0 0 0 0 0
2011824543389541 137212166624960 submit 240 0 0 0 0 0
2011824543389631 137212166624960 subm_end 1 0 0 0 0 0
2011824543389691 137212166624960 pump_beg 1 0 0 0 0 0
2011824544058517 137212166624960 feedend 239 0 0 0 0 0
2011824544361646 137212166624960 feedend 239 1 0 0 0 0
2011824543361182 137212174624640 msgin 240 22118400 0 0 0 0
2011824543361562 137212174624640 enq 240 1 0 0 0 0
2011824550791991 137212166624960 outfirst 239 0 65536 0 0 0
2011824558532778 137212166624960 outfirst 239 1 65536 0 0 0
2011824558623975 137212166624960 pump_end 1 2 0 0 0 0
2011824558624135 137212166624960 join_beg 1 0 0 0 0 0
2011824558624265 137212166624960 join_end 0 0 0 0 0 0
2011824558624535 137212166624960 book_beg 1 0 0 0 0 0
2011824558624715 137212166624960 batch 240 1 1 2 2 0
2011824558624745 137212166624960 book_end 1 0 0 0 0 0
2011824558624775 137212166624960 coll_beg 0 0 0 0 0 0
2011824559129996 137212166624960 coll_end 0 0 0 0 0 0
2011824559130136 137212166624960 rel_beg 1 0 0 0 0 0
2011824559130266 137212166624960 absorb 240 0 0 0 0 0
2011824559133606 137212166624960 rel_end 1 0 0 0 0 0
2011824559135296 137212166624960 wait_beg 0 0 0 0 0 0
2011824559173535 137212174624640 send 18 0 0 239 237 1
2011824559965976 137212174624640 send 634440 0 0 239 237 1
2011824560522315 137212174624640 send 541394 0 0 239 237 1
2011824560523705 137212174624640 send 14 0 0 239 237 1
2011824560523945 137212174624640 egress 240 1 0 237 0 0
2011824559155995 137212149839552 emit_beg 240 0 0 0 0 0
2011824559159565 137212149839552 dmg 0 1 0 0 2560 1440
2011824559159975 137212149839552 enc 239 239 1 -1 -1 0
2011824559243482 137212149839552 emit_end 240 0 0 0 0 0
2011824596081017 137212174624640 cliack 238 0 239 240 0 0
2011824596081107 137212174624640 ackregion 239 240 240 238 1 0
2011824602657886 137212166624960 wait_end 0 0 0 0 0 0
2011824602662276 137212166624960 drain_beg 0 0 0 0 0 0
2011824602662876 137212166624960 drain_end 1 0 0 0 0 0
2011824602663186 137212166624960 take 241 0 0 0 0 0
2011824602663806 137212166624960 subm_beg 1 0 0 0 0 0
2011824602665716 137212166624960 submit 241 0 0 0 0 0
2011824602665956 137212166624960 subm_end 1 0 0 0 0 0
2011824602665996 137212166624960 pump_beg 1 0 0 0 0 0
2011824603471347 137212166624960 feedend 240 0 0 0 0 0
2011824603779445 137212166624960 feedend 240 1 0 0 0 0
2011824602642437 137212174624640 msgin 241 22118400 0 0 0 0
2011824602644687 137212174624640 enq 241 1 0 0 0 0
2011824616274889 137212166624960 outfirst 240 1 65536 0 0 0
2011824624190260 137212166624960 outfirst 240 0 65536 0 0 0
2011824624360114 137212166624960 pump_end 1 2 0 0 0 0
2011824624360374 137212166624960 join_beg 1 0 0 0 0 0
2011824624360654 137212166624960 join_end 0 0 0 0 0 0
2011824624360764 137212166624960 book_beg 1 0 0 0 0 0
2011824624361084 137212166624960 batch 241 1 1 2 2 0
2011824624361124 137212166624960 book_end 1 0 0 0 0 0
2011824624361164 137212166624960 coll_beg 0 0 0 0 0 0
2011824624933863 137212166624960 coll_end 0 0 0 0 0 0
2011824624933923 137212166624960 rel_beg 1 0 0 0 0 0
2011824624934433 137212166624960 absorb 241 0 0 0 0 0
2011824624938583 137212166624960 rel_end 1 0 0 0 0 0
2011824624940293 137212166624960 wait_beg 0 0 0 0 0 0
2011824624989721 137212174624640 send 18 0 0 240 238 1
2011824625833720 137212174624640 send 1057758 0 0 240 238 1
2011824626513035 137212174624640 send 911063 0 0 240 238 1
2011824626514495 137212174624640 send 14 0 0 240 238 1
2011824626514755 137212174624640 egress 241 1 0 238 0 0
2011824624961582 137212149839552 emit_beg 241 0 0 0 0 0
2011824624965422 137212149839552 dmg 0 1 0 0 2560 1440
2011824624965982 137212149839552 enc 240 240 1 -1 -1 0
2011824625092917 137212149839552 emit_end 241 0 0 0 0 0
2011824674860279 137212174624640 cliack 239 0 240 241 0 0
2011824674860469 137212174624640 ackregion 240 241 241 239 1 0
2011824681569494 137212166624960 wait_end 0 0 0 0 0 0
2011824681574424 137212166624960 drain_beg 0 0 0 0 0 0
2011824681575234 137212166624960 drain_end 1 0 0 0 0 0
2011824681575504 137212166624960 take 242 0 0 0 0 0
2011824681576194 137212166624960 subm_beg 1 0 0 0 0 0
2011824681577504 137212166624960 submit 242 0 0 0 0 0
2011824681577664 137212166624960 subm_end 1 0 0 0 0 0
2011824681577734 137212166624960 pump_beg 1 0 0 0 0 0
2011824682369195 137212166624960 feedend 241 0 0 0 0 0
2011824682730272 137212166624960 feedend 241 1 0 0 0 0
2011824690352824 137212166624960 outfirst 241 0 65536 0 0 0
2011824681551405 137212174624640 msgin 242 22118400 0 0 0 0
2011824681553135 137212174624640 enq 242 1 0 0 0 0
2011824695780785 137212166624960 outfirst 241 1 65536 0 0 0
2011824695918720 137212166624960 pump_end 1 2 0 0 0 0
2011824695918940 137212166624960 join_beg 1 0 0 0 0 0
2011824695919190 137212166624960 join_end 0 0 0 0 0 0
2011824695919300 137212166624960 book_beg 1 0 0 0 0 0
2011824695919550 137212166624960 batch 242 1 1 2 2 0
2011824695919670 137212166624960 book_end 1 0 0 0 0 0
2011824695919710 137212166624960 coll_beg 0 0 0 0 0 0
2011824696456891 137212166624960 coll_end 0 0 0 0 0 0
2011824696456971 137212166624960 rel_beg 1 0 0 0 0 0
2011824696457281 137212166624960 absorb 242 0 0 0 0 0
2011824696460991 137212166624960 rel_end 1 0 0 0 0 0
2011824696462011 137212166624960 wait_beg 0 0 0 0 0 0
2011824696507829 137212174624640 send 18 0 0 241 239 1
2011824697167015 137212174624640 send 837179 0 0 241 239 1
2011824697723094 137212174624640 send 733582 0 0 241 239 1
2011824697724804 137212174624640 send 14 0 0 241 239 1
2011824697725134 137212174624640 egress 242 1 0 239 0 0
2011824696480650 137212149839552 emit_beg 242 0 0 0 0 0
2011824696486740 137212149839552 dmg 0 1 0 0 2560 1440
2011824696486990 137212149839552 enc 241 241 1 -1 -1 0
2011824696584496 137212149839552 emit_end 242 0 0 0 0 0
2011824728225740 137212166624960 wait_end 0 0 0 0 0 0
2011824728228900 137212166624960 drain_beg 0 0 0 0 0 0
2011824728229320 137212166624960 drain_end 1 0 0 0 0 0
2011824728229610 137212166624960 take 243 0 0 0 0 0
2011824728230060 137212166624960 subm_beg 1 0 0 0 0 0
2011824728230750 137212166624960 submit 243 0 0 0 0 0
2011824728230910 137212166624960 subm_end 1 0 0 0 0 0
2011824728230930 137212166624960 pump_beg 1 0 0 0 0 0
2011824729028831 137212166624960 feedend 242 0 0 0 0 0
2011824729219104 137212166624960 feedend 242 1 0 0 0 0
2011824725754171 137212174624640 cliack 240 0 241 242 0 0
2011824725754371 137212174624640 ackregion 241 242 242 240 1 0
2011824728207411 137212174624640 msgin 243 22118400 0 0 0 0
2011824728208891 137212174624640 enq 243 1 0 0 0 0
2011824737680015 137212166624960 outfirst 242 1 65536 0 0 0
2011824743979535 137212166624960 outfirst 242 0 65536 0 0 0
2011824744116690 137212166624960 pump_end 1 2 0 0 0 0
2011824744116920 137212166624960 join_beg 1 0 0 0 0 0
2011824744117200 137212166624960 join_end 0 0 0 0 0 0
2011824744117310 137212166624960 book_beg 1 0 0 0 0 0
2011824744117560 137212166624960 batch 243 1 1 2 2 0
2011824744117600 137212166624960 book_end 1 0 0 0 0 0
2011824744117640 137212166624960 coll_beg 0 0 0 0 0 0
2011824744483207 137212166624960 coll_end 0 0 0 0 0 0
2011824744483267 137212166624960 rel_beg 1 0 0 0 0 0
2011824744483907 137212166624960 absorb 243 0 0 0 0 0
2011824744488336 137212166624960 rel_end 1 0 0 0 0 0
2011824744489956 137212166624960 wait_beg 0 0 0 0 0 0
2011824744530675 137212174624640 send 18 0 0 242 240 1
2011824745197991 137212174624640 send 803210 0 0 242 240 1
2011824745595666 137212174624640 send 550127 0 0 242 240 1
2011824745597196 137212174624640 send 14 0 0 242 240 1
2011824745597536 137212174624640 egress 243 1 0 240 0 0
2011824744510666 137212149839552 emit_beg 243 0 0 0 0 0
2011824744514585 137212149839552 dmg 0 1 0 0 2560 1440
2011824744514905 137212149839552 enc 242 242 1 -1 -1 0
2011824744598022 137212149839552 emit_end 243 0 0 0 0 0
2011824810826124 137212174624640 cliack 241 0 242 243 0 0
2011824810826444 137212174624640 ackregion 242 243 243 241 1 0
2011824814835807 137212166624960 wait_end 0 0 0 0 0 0
2011824814840277 137212166624960 drain_beg 0 0 0 0 0 0
2011824814841417 137212166624960 drain_end 1 0 0 0 0 0
2011824814841887 137212166624960 take 244 0 0 0 0 0
2011824814842627 137212166624960 subm_beg 1 0 0 0 0 0
2011824814844727 137212166624960 submit 244 0 0 0 0 0
2011824814845137 137212166624960 subm_end 1 0 0 0 0 0
2011824814845187 137212166624960 pump_beg 1 0 0 0 0 0
2011824815622648 137212166624960 feedend 243 0 0 0 0 0
2011824815806142 137212166624960 feedend 243 1 0 0 0 0
2011824814823188 137212174624640 msgin 244 22118400 0 0 0 0
2011824814824268 137212174624640 enq 244 1 0 0 0 0
2011824824488465 137212166624960 outfirst 243 0 65536 0 0 0
2011824833541654 137212166624960 outfirst 243 1 65536 0 0 0
2011824833678829 137212166624960 pump_end 1 2 0 0 0 0
2011824833679699 137212166624960 join_beg 1 0 0 0 0 0
2011824833681049 137212166624960 join_end 0 0 0 0 0 0
2011824833681139 137212166624960 book_beg 1 0 0 0 0 0
2011824833682129 137212166624960 batch 244 1 1 2 2 0
2011824833682159 137212166624960 book_end 1 0 0 0 0 0
2011824833682199 137212166624960 coll_beg 0 0 0 0 0 0
2011824834484410 137212166624960 coll_end 0 0 0 0 0 0
2011824834484590 137212166624960 rel_beg 1 0 0 0 0 0
2011824834485260 137212166624960 absorb 244 0 0 0 0 0
2011824834491899 137212166624960 rel_end 1 0 0 0 0 0
2011824834494999 137212166624960 wait_beg 0 0 0 0 0 0
2011824834589606 137212174624640 send 18 0 0 243 241 1
2011824835445355 137212174624640 send 1004970 0 0 243 241 1
2011824836090141 137212174624640 send 850464 0 0 243 241 1
2011824836091521 137212174624640 send 14 0 0 243 241 1
2011824836092081 137212174624640 egress 244 1 0 241 0 0
2011824834515819 137212149839552 emit_beg 244 0 0 0 0 0
2011824834522718 137212149839552 dmg 0 1 0 0 2560 1440
2011824834523058 137212149839552 enc 243 243 1 -1 -1 0
2011824834681062 137212149839552 emit_end 244 0 0 0 0 0
2011824878791011 137212174624640 cliack 242 0 243 244 0 0
2011824878791761 137212174624640 ackregion 243 244 244 242 1 0
2011824883595466 137212166624960 wait_end 0 0 0 0 0 0
2011824883599116 137212166624960 drain_beg 0 0 0 0 0 0
2011824883599676 137212166624960 drain_end 1 0 0 0 0 0
2011824883599936 137212166624960 take 245 0 0 0 0 0
2011824883600646 137212166624960 subm_beg 1 0 0 0 0 0
2011824883602016 137212166624960 submit 245 0 0 0 0 0
2011824883602206 137212166624960 subm_end 1 0 0 0 0 0
2011824883602266 137212166624960 pump_beg 1 0 0 0 0 0
2011824884413516 137212166624960 feedend 244 0 0 0 0 0
2011824884809512 137212166624960 feedend 244 1 0 0 0 0
2011824892410174 137212166624960 outfirst 244 0 65536 0 0 0
2011824883563097 137212174624640 msgin 245 22118400 0 0 0 0
2011824883564927 137212174624640 enq 245 1 0 0 0 0
2011824899247644 137212166624960 outfirst 244 1 65536 0 0 0
2011824899343031 137212166624960 pump_end 1 2 0 0 0 0
2011824899343261 137212166624960 join_beg 1 0 0 0 0 0
2011824899344801 137212166624960 join_end 0 0 0 0 0 0
2011824899345081 137212166624960 book_beg 1 0 0 0 0 0
2011824899346411 137212166624960 batch 245 1 1 2 2 0
2011824899346451 137212166624960 book_end 1 0 0 0 0 0
2011824899346581 137212166624960 coll_beg 0 0 0 0 0 0
2011824899751686 137212166624960 coll_end 0 0 0 0 0 0
2011824899751726 137212166624960 rel_beg 1 0 0 0 0 0
2011824899752076 137212166624960 absorb 245 0 0 0 0 0
2011824899756006 137212166624960 rel_end 1 0 0 0 0 0
2011824899758686 137212166624960 wait_beg 0 0 0 0 0 0
2011824899842873 137212174624640 send 18 0 0 244 242 1
2011824900684502 137212174624640 send 801230 0 0 244 242 1
2011824901119176 137212174624640 send 602533 0 0 244 242 1
2011824901120436 137212174624640 send 14 0 0 244 242 1
2011824901120706 137212174624640 egress 245 1 0 242 0 0
2011824899780425 137212149839552 emit_beg 245 0 0 0 0 0
2011824899787585 137212149839552 dmg 0 1 0 0 2560 1440
2011824899787775 137212149839552 enc 244 244 1 -1 -1 0
2011824899883991 137212149839552 emit_end 245 0 0 0 0 0
2011824942506194 137212166624960 wait_end 0 0 0 0 0 0
2011824942511154 137212166624960 drain_beg 0 0 0 0 0 0
2011824942512064 137212166624960 drain_end 1 0 0 0 0 0
2011824942512464 137212166624960 take 246 0 0 0 0 0
2011824942513154 137212166624960 subm_beg 1 0 0 0 0 0
2011824942514944 137212166624960 submit 246 0 0 0 0 0
2011824942515104 137212166624960 subm_end 1 0 0 0 0 0
2011824942515184 137212166624960 pump_beg 1 0 0 0 0 0
2011824937267166 137212174624640 cliack 243 0 244 245 0 0
2011824937267326 137212174624640 ackregion 244 245 245 243 1 0
2011824942485765 137212174624640 msgin 246 22118400 0 0 0 0
2011824942488115 137212174624640 enq 246 1 0 0 0 0
2011824943314565 137212166624960 feedend 245 0 0 0 0 0
2011824943551806 137212166624960 feedend 245 1 0 0 0 0
2011824953164745 137212166624960 outfirst 245 1 65536 0 0 0
2011824960045454 137212166624960 outfirst 245 0 65536 0 0 0
2011824960170519 137212166624960 pump_end 1 2 0 0 0 0
2011824960170899 137212166624960 join_beg 1 0 0 0 0 0
2011824960171229 137212166624960 join_end 0 0 0 0 0 0
2011824960171299 137212166624960 book_beg 1 0 0 0 0 0
2011824960171449 137212166624960 batch 246 1 1 2 2 0
2011824960171559 137212166624960 book_end 1 0 0 0 0 0
2011824960171679 137212166624960 coll_beg 0 0 0 0 0 0
2011824960784627 137212166624960 coll_end 0 0 0 0 0 0
2011824960784697 137212166624960 rel_beg 1 0 0 0 0 0
2011824960785127 137212166624960 absorb 246 0 0 0 0 0
2011824960788937 137212166624960 rel_end 1 0 0 0 0 0
2011824960790867 137212166624960 wait_beg 0 0 0 0 0 0
2011824960842855 137212174624640 send 18 0 0 245 243 1
2011824961545039 137212174624640 send 842578 0 0 245 243 1
2011824962067710 137212174624640 send 694550 0 0 245 243 1
2011824962069110 137212174624640 send 14 0 0 245 243 1
2011824962069370 137212174624640 egress 246 1 0 243 0 0
2011824960812836 137212149839552 emit_beg 246 0 0 0 0 0
2011824960820735 137212149839552 dmg 0 1 0 0 2560 1440
2011824960820965 137212149839552 enc 245 245 1 -1 -1 0
2011824960919932 137212149839552 emit_end 246 0 0 0 0 0
2011825021556757 137212166624960 wait_end 0 0 0 0 0 0
2011825021562847 137212166624960 drain_beg 0 0 0 0 0 0
2011825021563267 137212166624960 drain_end 1 0 0 0 0 0
2011825021563497 137212166624960 take 247 0 0 0 0 0
2011825021564087 137212166624960 subm_beg 1 0 0 0 0 0
2011825021565347 137212166624960 submit 247 0 0 0 0 0
2011825021565487 137212166624960 subm_end 1 0 0 0 0 0
2011825021565517 137212166624960 pump_beg 1 0 0 0 0 0
2011825022396697 137212166624960 feedend 246 0 0 0 0 0
2011825022768493 137212166624960 feedend 246 1 0 0 0 0
2011825017440248 137212174624640 cliack 244 0 245 246 0 0
2011825017440428 137212174624640 ackregion 245 246 246 244 1 0
2011825021525218 137212174624640 msgin 247 22118400 0 0 0 0
2011825021526858 137212174624640 enq 247 1 0 0 0 0
2011825029929152 137212166624960 outfirst 246 0 65536 0 0 0
2011825037121079 137212166624960 outfirst 246 1 65536 0 0 0
2011825037206886 137212166624960 pump_end 1 2 0 0 0 0
2011825037207116 137212166624960 join_beg 1 0 0 0 0 0
2011825037207546 137212166624960 join_end 0 0 0 0 0 0
2011825037207746 137212166624960 book_beg 1 0 0 0 0 0
2011825037208006 137212166624960 batch 247 1 1 2 2 0
2011825037208106 137212166624960 book_end 1 0 0 0 0 0
2011825037208146 137212166624960 coll_beg 0 0 0 0 0 0
2011825037561443 137212166624960 coll_end 0 0 0 0 0 0
2011825037561493 137212166624960 rel_beg 1 0 0 0 0 0
2011825037561863 137212166624960 absorb 247 0 0 0 0 0
2011825037565983 137212166624960 rel_end 1 0 0 0 0 0
2011825037567723 137212166624960 wait_beg 0 0 0 0 0 0
2011825037591862 137212174624640 send 18 0 0 246 244 1
2011825038384813 137212174624640 send 699927 0 0 246 244 1
2011825039064138 137212174624640 send 578632 0 0 246 244 1
2011825039066468 137212174624640 send 14 0 0 246 244 1
2011825039066968 137212174624640 egress 247 1 0 244 0 0
2011825037577862 137212149839552 emit_beg 247 0 0 0 0 0
2011825037581022 137212149839552 dmg 0 1 0 0 2560 1440
2011825037581202 137212149839552 enc 246 246 1 -1 -1 0
2011825037661939 137212149839552 emit_end 247 0 0 0 0 0
2011825078389732 137212174624640 cliack 245 0 246 247 0 0
2011825078390032 137212174624640 ackregion 246 247 247 245 1 0
2011825084468530 137212166624960 wait_end 0 0 0 0 0 0
2011825084473539 137212166624960 drain_beg 0 0 0 0 0 0
2011825084474149 137212166624960 drain_end 1 0 0 0 0 0
2011825084474389 137212166624960 take 248 0 0 0 0 0
2011825084475139 137212166624960 subm_beg 1 0 0 0 0 0
2011825084476819 137212166624960 submit 248 0 0 0 0 0
2011825084477009 137212166624960 subm_end 1 0 0 0 0 0
2011825084477089 137212166624960 pump_beg 1 0 0 0 0 0
2011825085200083 137212166624960 feedend 247 0 0 0 0 0
2011825085515581 137212166624960 feedend 247 1 0 0 0 0
2011825093863487 137212166624960 outfirst 247 0 65536 0 0 0
2011825084441891 137212174624640 msgin 248 22118400 0 0 0 0
2011825084443491 137212174624640 enq 248 1 0 0 0 0
2011825102934425 137212166624960 outfirst 247 1 65536 0 0 0
2011825103125998 137212166624960 pump_end 1 2 0 0 0 0
2011825103126618 137212166624960 join_beg 1 0 0 0 0 0
2011825103127888 137212166624960 join_end 0 0 0 0 0 0
2011825103128018 137212166624960 book_beg 1 0 0 0 0 0
2011825103129338 137212166624960 batch 248 1 1 2 2 0
2011825103129378 137212166624960 book_end 1 0 0 0 0 0
2011825103129418 137212166624960 coll_beg 0 0 0 0 0 0
2011825103794764 137212166624960 coll_end 0 0 0 0 0 0
2011825103794954 137212166624960 rel_beg 1 0 0 0 0 0
2011825103795684 137212166624960 absorb 248 0 0 0 0 0
2011825103802654 137212166624960 rel_end 1 0 0 0 0 0
2011825103805873 137212166624960 wait_beg 0 0 0 0 0 0
2011825103918429 137212174624640 send 18 0 0 247 245 1
2011825103835142 137212149839552 emit_beg 248 0 0 0 0 0
2011825103841002 137212149839552 dmg 0 1 0 0 2560 1440
2011825103841302 137212149839552 enc 247 247 1 -1 -1 0
2011825103980507 137212149839552 emit_end 248 0 0 0 0 0
2011825105049618 137212174624640 send 948387 0 0 247 245 1
2011825105707384 137212174624640 send 851335 0 0 247 245 1
2011825105708814 137212174624640 send 14 0 0 247 245 1
2011825105709434 137212174624640 egress 248 1 0 245 0 0
2011825146287642 137212166624960 wait_end 0 0 0 0 0 0
2011825146291472 137212166624960 drain_beg 0 0 0 0 0 0
2011825146292072 137212166624960 drain_end 1 0 0 0 0 0
2011825146292332 137212166624960 take 249 0 0 0 0 0
2011825146292952 137212166624960 subm_beg 1 0 0 0 0 0
2011825146294762 137212166624960 submit 249 0 0 0 0 0
2011825146294912 137212166624960 subm_end 1 0 0 0 0 0
2011825146294952 137212166624960 pump_beg 1 0 0 0 0 0
2011825147456119 137212166624960 feedend 248 0 0 0 0 0
2011825147807086 137212166624960 feedend 248 1 0 0 0 0
2011825144559025 137212174624640 cliack 246 0 247 248 0 0
2011825144559855 137212174624640 ackregion 247 248 248 246 1 0
2011825146251793 137212174624640 msgin 249 22118400 0 0 0 0
2011825146252803 137212174624640 enq 249 1 0 0 0 0
2011825154646886 137212166624960 outfirst 248 0 65536 0 0 0
2011825161466907 137212166624960 outfirst 248 1 65536 0 0 0
2011825161572844 137212166624960 pump_end 1 2 0 0 0 0
2011825161573824 137212166624960 join_beg 1 0 0 0 0 0
2011825161574843 137212166624960 join_end 0 0 0 0 0 0
2011825161574963 137212166624960 book_beg 1 0 0 0 0 0
2011825161576063 137212166624960 batch 249 1 1 2 2 0
2011825161576143 137212166624960 book_end 1 0 0 0 0 0
2011825161576223 137212166624960 coll_beg 0 0 0 0 0 0
2011825162122393 137212166624960 coll_end 0 0 0 0 0 0
2011825162122483 137212166624960 rel_beg 1 0 0 0 0 0
2011825162123083 137212166624960 absorb 249 0 0 0 0 0
2011825162129473 137212166624960 rel_end 1 0 0 0 0 0
2011825162132363 137212166624960 wait_beg 0 0 0 0 0 0
2011825162215930 137212174624640 send 18 0 0 248 246 1
2011825162802859 137212174624640 send 640506 0 0 248 246 1
2011825163199124 137212174624640 send 550602 0 0 248 246 1
2011825163200344 137212174624640 send 14 0 0 248 246 1
2011825163200704 137212174624640 egress 249 1 0 246 0 0
2011825162159912 137212149839552 emit_beg 249 0 0 0 0 0
2011825162166582 137212149839552 dmg 0 1 0 0 2560 1440
2011825162167052 137212149839552 enc 248 248 1 -1 -1 0
2011825162256859 137212149839552 emit_end 249 0 0 0 0 0
2011825202031866 137212166624960 wait_end 0 0 0 0 0 0
2011825202036506 137212166624960 drain_beg 0 0 0 0 0 0
2011825202036996 137212166624960 drain_end 1 0 0 0 0 0
2011825202037216 137212166624960 take 250 0 0 0 0 0
2011825202037696 137212166624960 subm_beg 1 0 0 0 0 0
2011825202039026 137212166624960 submit 250 0 0 0 0 0
2011825202039196 137212166624960 subm_end 1 0 0 0 0 0
2011825202039276 137212166624960 pump_beg 1 0 0 0 0 0
2011825202911684 137212166624960 feedend 249 0 0 0 0 0
2011825203237382 137212166624960 feedend 249 1 0 0 0 0
2011825199746909 137212174624640 cliack 247 0 248 249 0 0
2011825199747249 137212174624640 ackregion 248 249 249 247 1 0
2011825202013707 137212174624640 msgin 250 22118400 0 0 0 0
2011825202014927 137212174624640 enq 250 1 0 0 0 0
2011825210245196 137212166624960 outfirst 249 0 65536 0 0 0
2011825217287019 137212166624960 outfirst 249 1 65536 0 0 0
2011825217399495 137212166624960 pump_end 1 2 0 0 0 0
2011825217406594 137212166624960 join_beg 1 0 0 0 0 0
2011825217407864 137212166624960 join_end 0 0 0 0 0 0
2011825217408074 137212166624960 book_beg 1 0 0 0 0 0
2011825217409154 137212166624960 batch 250 1 1 2 2 0
2011825217409204 137212166624960 book_end 1 0 0 0 0 0
2011825217409354 137212166624960 coll_beg 0 0 0 0 0 0
2011825217991003 137212166624960 coll_end 0 0 0 0 0 0
2011825217991063 137212166624960 rel_beg 1 0 0 0 0 0
2011825217991333 137212166624960 absorb 250 0 0 0 0 0
2011825217994733 137212166624960 rel_end 1 0 0 0 0 0
2011825217997463 137212166624960 wait_beg 0 0 0 0 0 0
2011825218066240 137212174624640 send 18 0 0 249 247 1
2011825218974377 137212174624640 send 780488 0 0 249 247 1
2011825219624153 137212174624640 send 624312 0 0 249 247 1
2011825219625293 137212174624640 send 14 0 0 249 247 1
2011825219625553 137212174624640 egress 250 1 0 247 0 0
2011825218024012 137212149839552 emit_beg 250 0 0 0 0 0
2011825218030542 137212149839552 dmg 0 1 0 0 2560 1440
2011825218030882 137212149839552 enc 249 249 1 -1 -1 0
2011825218124788 137212149839552 emit_end 250 0 0 0 0 0
2011825283677924 137212166624960 wait_end 0 0 0 0 0 0
2011825283682194 137212166624960 drain_beg 0 0 0 0 0 0
2011825283682944 137212166624960 drain_end 1 0 0 0 0 0
2011825283683214 137212166624960 take 251 0 0 0 0 0
2011825283683764 137212166624960 subm_beg 1 0 0 0 0 0
2011825283685484 137212166624960 submit 251 0 0 0 0 0
2011825283685614 137212166624960 subm_end 1 0 0 0 0 0
2011825283685664 137212166624960 pump_beg 1 0 0 0 0 0
2011825284490834 137212166624960 feedend 250 0 0 0 0 0
2011825284676917 137212166624960 feedend 250 1 0 0 0 0
2011825277697052 137212174624640 cliack 248 0 249 250 0 0
2011825277697202 137212174624640 ackregion 249 250 250 248 1 0
2011825283659295 137212174624640 msgin 251 22118400 0 0 0 0
2011825283661425 137212174624640 enq 251 1 0 0 0 0
2011825294271637 137212166624960 outfirst 250 1 65536 0 0 0
2011825300939164 137212166624960 outfirst 250 0 65536 0 0 0
2011825301055659 137212166624960 pump_end 1 2 0 0 0 0
2011825301055949 137212166624960 join_beg 1 0 0 0 0 0
2011825301056469 137212166624960 join_end 0 0 0 0 0 0
2011825301056709 137212166624960 book_beg 1 0 0 0 0 0
2011825301057159 137212166624960 batch 251 1 1 2 2 0
2011825301057319 137212166624960 book_end 1 0 0 0 0 0
2011825301057479 137212166624960 coll_beg 0 0 0 0 0 0
2011825301585620 137212166624960 coll_end 0 0 0 0 0 0
2011825301585760 137212166624960 rel_beg 1 0 0 0 0 0
2011825301586180 137212166624960 absorb 251 0 0 0 0 0
2011825301590340 137212166624960 rel_end 1 0 0 0 0 0
2011825301592400 137212166624960 wait_beg 0 0 0 0 0 0
2011825301640208 137212174624640 send 18 0 0 250 248 1
2011825302592463 137212174624640 send 801034 0 0 250 248 1
2011825303097475 137212174624640 send 692580 0 0 250 248 1
2011825303098845 137212174624640 send 14 0 0 250 248 1
2011825303099325 137212174624640 egress 251 1 0 248 0 0
2011825301616599 137212149839552 emit_beg 251 0 0 0 0 0
2011825301622169 137212149839552 dmg 0 1 0 0 2560 1440
2011825301622649 137212149839552 enc 250 250 1 -1 -1 0
2011825301723355 137212149839552 emit_end 251 0 0 0 0 0
2011825332983653 137212166624960 wait_end 0 0 0 0 0 0
2011825332988503 137212166624960 drain_beg 0 0 0 0 0 0
2011825332988913 137212166624960 drain_end 1 0 0 0 0 0
2011825332989173 137212166624960 take 252 0 0 0 0 0
2011825332989733 137212166624960 subm_beg 1 0 0 0 0 0
2011825332990673 137212166624960 submit 252 0 0 0 0 0
2011825332990823 137212166624960 subm_end 1 0 0 0 0 0
2011825332990913 137212166624960 pump_beg 1 0 0 0 0 0
2011825333968137 137212166624960 feedend 251 0 0 0 0 0
2011825334369503 137212166624960 feedend 251 1 0 0 0 0
2011825328998099 137212174624640 cliack 249 0 250 251 0 0
2011825328998189 137212174624640 ackregion 250 251 251 249 1 0
2011825332959114 137212174624640 msgin 252 22118400 0 0 0 0
2011825332959454 137212174624640 enq 252 1 0 0 0 0
2011825342668390 137212166624960 outfirst 251 0 65536 0 0 0
2011825350532112 137212166624960 outfirst 251 1 65536 0 0 0
2011825350698636 137212166624960 pump_end 1 2 0 0 0 0
2011825350699346 137212166624960 join_beg 1 0 0 0 0 0
2011825350700516 137212166624960 join_end 0 0 0 0 0 0
2011825350700736 137212166624960 book_beg 1 0 0 0 0 0
2011825350701676 137212166624960 batch 252 1 1 2 2 0
2011825350701726 137212166624960 book_end 1 0 0 0 0 0
2011825350701876 137212166624960 coll_beg 0 0 0 0 0 0
2011825351339833 137212166624960 coll_end 0 0 0 0 0 0
2011825351339973 137212166624960 rel_beg 1 0 0 0 0 0
2011825351340703 137212166624960 absorb 252 0 0 0 0 0
2011825351347943 137212166624960 rel_end 1 0 0 0 0 0
2011825351350972 137212166624960 wait_beg 0 0 0 0 0 0
2011825351447109 137212174624640 send 18 0 0 251 249 1
2011825352524510 137212174624640 send 935857 0 0 251 249 1
2011825353322440 137212174624640 send 747812 0 0 251 249 1
2011825353324190 137212174624640 send 14 0 0 251 249 1
2011825353324600 137212174624640 egress 252 1 0 249 0 0
2011825351375112 137212149839552 emit_beg 252 0 0 0 0 0
2011825351385511 137212149839552 dmg 0 1 0 0 2560 1440
2011825351385801 137212149839552 enc 251 251 1 -1 -1 0
2011825351536766 137212149839552 emit_end 252 0 0 0 0 0
2011825392804048 137212166624960 wait_end 0 0 0 0 0 0
2011825392807028 137212166624960 drain_beg 0 0 0 0 0 0
2011825392807598 137212166624960 drain_end 1 0 0 0 0 0
2011825392807878 137212166624960 take 253 0 0 0 0 0
2011825392808418 137212166624960 subm_beg 1 0 0 0 0 0
2011825392810278 137212166624960 submit 253 0 0 0 0 0
2011825392810448 137212166624960 subm_end 1 0 0 0 0 0
2011825392810488 137212166624960 pump_beg 1 0 0 0 0 0
2011825393583020 137212166624960 feedend 252 0 0 0 0 0
2011825393915938 137212166624960 feedend 252 1 0 0 0 0
2011825389706792 137212174624640 cliack 250 0 251 252 0 0
2011825389707212 137212174624640 ackregion 251 252 252 250 1 0
2011825392790189 137212174624640 msgin 253 22118400 0 0 0 0
2011825392791969 137212174624640 enq 253 1 0 0 0 0
2011825401021298 137212166624960 outfirst 252 0 65536 0 0 0
2011825407687075 137212166624960 outfirst 252 1 65536 0 0 0
2011825407801951 137212166624960 pump_end 1 2 0 0 0 0
2011825407802681 137212166624960 join_beg 1 0 0 0 0 0
2011825407804121 137212166624960 join_end 0 0 0 0 0 0
2011825407804221 137212166624960 book_beg 1 0 0 0 0 0
2011825407805081 137212166624960 batch 253 1 1 2 2 0
2011825407805171 137212166624960 book_end 1 0 0 0 0 0
2011825407805241 137212166624960 coll_beg 0 0 0 0 0 0
2011825408363250 137212166624960 coll_end 0 0 0 0 0 0
2011825408363320 137212166624960 rel_beg 1 0 0 0 0 0
2011825408363930 137212166624960 absorb 253 0 0 0 0 0
2011825408370780 137212166624960 rel_end 1 0 0 0 0 0
2011825408373340 137212166624960 wait_beg 0 0 0 0 0 0
2011825408457897 137212174624640 send 18 0 0 252 250 1
2011825408978658 137212174624640 send 692951 0 0 252 250 1
2011825409396802 137212174624640 send 583483 0 0 252 250 1
2011825409398562 137212174624640 send 14 0 0 252 250 1
2011825409399102 137212174624640 egress 253 1 0 250 0 0
2011825408397509 137212149839552 emit_beg 253 0 0 0 0 0
2011825408406759 137212149839552 dmg 0 1 0 0 2560 1440
2011825408407049 137212149839552 enc 252 252 1 -1 -1 0
2011825408501585 137212149839552 emit_end 253 0 0 0 0 0
2011825455889774 137212166624960 wait_end 0 0 0 0 0 0
2011825455893444 137212166624960 drain_beg 0 0 0 0 0 0
2011825455899954 137212166624960 drain_end 1 0 0 0 0 0
2011825455900284 137212166624960 take 254 0 0 0 0 0
2011825455900834 137212166624960 subm_beg 1 0 0 0 0 0
2011825455901784 137212166624960 submit 254 0 0 0 0 0
2011825455901964 137212166624960 subm_end 1 0 0 0 0 0
2011825455902014 137212166624960 pump_beg 1 0 0 0 0 0
2011825456523991 137212166624960 feedend 253 0 0 0 0 0
2011825454402509 137212174624640 cliack 251 0 252 253 0 0
2011825454403109 137212174624640 ackregion 252 253 253 251 1 0
2011825455862425 137212174624640 msgin 254 22118400 0 0 0 0
2011825455863965 137212174624640 enq 254 1 0 0 0 0
2011825456834410 137212166624960 feedend 253 1 0 0 0 0
2011825464556988 137212166624960 outfirst 253 0 65536 0 0 0
2011825472287956 137212166624960 outfirst 253 1 65536 0 0 0
2011825472411221 137212166624960 pump_end 1 2 0 0 0 0
2011825472411331 137212166624960 join_beg 1 0 0 0 0 0
2011825472411581 137212166624960 join_end 0 0 0 0 0 0
2011825472411731 137212166624960 book_beg 1 0 0 0 0 0
2011825472412321 137212166624960 batch 254 1 1 2 2 0
2011825472412391 137212166624960 book_end 1 0 0 0 0 0
2011825472412451 137212166624960 coll_beg 0 0 0 0 0 0
2011825473049448 137212166624960 coll_end 0 0 0 0 0 0
2011825473049548 137212166624960 rel_beg 1 0 0 0 0 0
2011825473049718 137212166624960 absorb 254 0 0 0 0 0
2011825473052958 137212166624960 rel_end 1 0 0 0 0 0
2011825473055457 137212166624960 wait_beg 0 0 0 0 0 0
2011825473136864 137212174624640 send 18 0 0 253 251 1
2011825474107659 137212174624640 send 826561 0 0 253 251 1
2011825474729446 137212174624640 send 702653 0 0 253 251 1
2011825474730776 137212174624640 send 14 0 0 253 251 1
2011825474731106 137212174624640 egress 254 1 0 251 0 0
2011825473079587 137212149839552 emit_beg 254 0 0 0 0 0
2011825473089156 137212149839552 dmg 0 1 0 0 2560 1440
2011825473089806 137212149839552 enc 253 253 1 -1 -1 0
2011825473194332 137212149839552 emit_end 254 0 0 0 0 0
2011825526962689 137212174624640 cliack 252 0 253 254 0 0
2011825526962949 137212174624640 ackregion 253 254 254 252 1 0
2011825531476104 137212166624960 wait_end 0 0 0 0 0 0
2011825531479424 137212166624960 drain_beg 0 0 0 0 0 0
2011825531479784 137212166624960 drain_end 1 0 0 0 0 0
2011825531479914 137212166624960 take 255 0 0 0 0 0
2011825531480354 137212166624960 subm_beg 1 0 0 0 0 0
2011825531481434 137212166624960 submit 255 0 0 0 0 0
2011825531481534 137212166624960 subm_end 1 0 0 0 0 0
2011825531481624 137212166624960 pump_beg 1 0 0 0 0 0
2011825532494877 137212166624960 feedend 254 0 0 0 0 0
2011825532900022 137212166624960 feedend 254 1 0 0 0 0
2011825531445665 137212174624640 msgin 255 22118400 0 0 0 0
2011825531446285 137212174624640 enq 255 1 0 0 0 0
2011825540084419 137212166624960 outfirst 254 0 65536 0 0 0
2011825546626751 137212166624960 outfirst 254 1 65536 0 0 0
2011825546735247 137212166624960 pump_end 1 2 0 0 0 0
2011825546736187 137212166624960 join_beg 1 0 0 0 0 0
2011825546737536 137212166624960 join_end 0 0 0 0 0 0
2011825546737656 137212166624960 book_beg 1 0 0 0 0 0
2011825546738926 137212166624960 batch 255 1 1 2 2 0
2011825546738986 137212166624960 book_end 1 0 0 0 0 0
2011825546739066 137212166624960 coll_beg 0 0 0 0 0 0
2011825547326935 137212166624960 coll_end 0 0 0 0 0 0
2011825547327045 137212166624960 rel_beg 1 0 0 0 0 0
2011825547327735 137212166624960 absorb 255 0 0 0 0 0
2011825547336455 137212166624960 rel_end 1 0 0 0 0 0
2011825547339864 137212166624960 wait_beg 0 0 0 0 0 0
2011825547428281 137212174624640 send 18 0 0 254 252 1
2011825548006240 137212174624640 send 706758 0 0 254 252 1
2011825548449584 137212174624640 send 585398 0 0 254 252 1
2011825548451564 137212174624640 send 14 0 0 254 252 1
2011825548452034 137212174624640 egress 255 1 0 252 0 0
2011825547360264 137212149839552 emit_beg 255 0 0 0 0 0
2011825547368603 137212149839552 dmg 0 1 0 0 2560 1440
2011825547369093 137212149839552 enc 254 254 1 -1 -1 0
2011825547465590 137212149839552 emit_end 255 0 0 0 0 0
2011825586550432 137212166624960 wait_end 0 0 0 0 0 0
2011825586554062 137212166624960 drain_beg 0 0 0 0 0 0
2011825586554502 137212166624960 drain_end 1 0 0 0 0 0
2011825586554692 137212166624960 take 256 0 0 0 0 0
2011825586555242 137212166624960 subm_beg 1 0 0 0 0 0
2011825586556502 137212166624960 submit 256 0 0 0 0 0
2011825586556562 137212166624960 subm_end 1 0 0 0 0 0
2011825586556722 137212166624960 pump_beg 1 0 0 0 0 0
2011825587353283 137212166624960 feedend 255 0 0 0 0 0
2011825582084535 137212174624640 cliack 253 0 254 255 0 0
2011825582085065 137212174624640 ackregion 254 255 255 253 1 0
2011825586522053 137212174624640 msgin 256 22118400 0 0 0 0
2011825586522533 137212174624640 enq 256 1 0 0 0 0
2011825587785197 137212166624960 feedend 255 1 0 0 0 0
2011825595742227 137212166624960 outfirst 255 0 65536 0 0 0
2011825604614233 137212166624960 outfirst 255 1 65536 0 0 0
2011825604730018 137212166624960 pump_end 1 2 0 0 0 0
2011825604730728 137212166624960 join_beg 1 0 0 0 0 0
2011825604731868 137212166624960 join_end 0 0 0 0 0 0
2011825604732118 137212166624960 book_beg 1 0 0 0 0 0
2011825604733288 137212166624960 batch 256 1 1 2 2 0
2011825604733338 137212166624960 book_end 1 0 0 0 0 0
2011825604733368 137212166624960 coll_beg 0 0 0 0 0 0
2011825605221990 137212166624960 coll_end 0 0 0 0 0 0
2011825605222040 137212166624960 rel_beg 1 0 0 0 0 0
2011825605222580 137212166624960 absorb 256 0 0 0 0 0
2011825605228570 137212166624960 rel_end 1 0 0 0 0 0
2011825605230830 137212166624960 wait_beg 0 0 0 0 0 0
2011825605304167 137212174624640 send 18 0 0 255 253 1
2011825605965653 137212174624640 send 858417 0 0 255 253 1
2011825606556102 137212174624640 send 734016 0 0 255 253 1
2011825606557832 137212174624640 send 14 0 0 255 253 1
2011825606558272 137212174624640 egress 256 1 0 253 0 0
2011825605252279 137212149839552 emit_beg 256 0 0 0 0 0
2011825605260749 137212149839552 dmg 0 1 0 0 2560 1440
2011825605261009 137212149839552 enc 255 255 1 -1 -1 0
2011825605372835 137212149839552 emit_end 256 0 0 0 0 0
2011825650990839 137212166624960 wait_end 0 0 0 0 0 0
2011825650994379 137212166624960 drain_beg 0 0 0 0 0 0
2011825650994739 137212166624960 drain_end 1 0 0 0 0 0
2011825650995129 137212166624960 take 257 0 0 0 0 0
2011825650996149 137212166624960 subm_beg 1 0 0 0 0 0
2011825650997429 137212166624960 submit 257 0 0 0 0 0
2011825650997509 137212166624960 subm_end 1 0 0 0 0 0
2011825650997578 137212166624960 pump_beg 1 0 0 0 0 0
2011825652032851 137212166624960 feedend 256 0 0 0 0 0
2011825652487204 137212166624960 feedend 256 1 0 0 0 0
2011825648320256 137212174624640 cliack 254 0 255 256 0 0
2011825648320476 137212174624640 ackregion 255 256 256 254 1 0
2011825650973439 137212174624640 msgin 257 22118400 0 0 0 0
2011825650973939 137212174624640 enq 257 1 0 0 0 0
2011825659709830 137212166624960 outfirst 256 0 65536 0 0 0
2011825666664596 137212166624960 outfirst 256 1 65536 0 0 0
2011825666752423 137212166624960 pump_end 1 2 0 0 0 0
2011825666753373 137212166624960 join_beg 1 0 0 0 0 0
2011825666755093 137212166624960 join_end 0 0 0 0 0 0
2011825666755153 137212166624960 book_beg 1 0 0 0 0 0
2011825666763853 137212166624960 batch 257 1 1 2 2 0
2011825666763893 137212166624960 book_end 1 0 0 0 0 0
2011825666763923 137212166624960 coll_beg 0 0 0 0 0 0
2011825667113390 137212166624960 coll_end 0 0 0 0 0 0
2011825667113440 137212166624960 rel_beg 1 0 0 0 0 0
2011825667114070 137212166624960 absorb 257 0 0 0 0 0
2011825667120060 137212166624960 rel_end 1 0 0 0 0 0
2011825667122390 137212166624960 wait_beg 0 0 0 0 0 0
2011825667185827 137212174624640 send 18 0 0 256 254 1
2011825667677689 137212174624640 send 677064 0 0 256 254 1
2011825668087534 137212174624640 send 564688 0 0 256 254 1
2011825668088754 137212174624640 send 14 0 0 256 254 1
2011825668089174 137212174624640 egress 257 1 0 254 0 0
2011825667131489 137212149839552 emit_beg 257 0 0 0 0 0
2011825667136969 137212149839552 dmg 0 1 0 0 2560 1440
2011825667137269 137212149839552 enc 256 256 1 -1 -1 0
2011825667214676 137212149839552 emit_end 257 0 0 0 0 0
2011825704076180 137212174624640 cliack 255 0 256 257 0 0
2011825704076750 137212174624640 ackregion 256 257 257 255 1 0
2011825709002370 137212166624960 wait_end 0 0 0 0 0 0
2011825709005600 137212166624960 drain_beg 0 0 0 0 0 0
2011825709006030 137212166624960 drain_end 1 0 0 0 0 0
2011825709006260 137212166624960 take 258 0 0 0 0 0
2011825709006690 137212166624960 subm_beg 1 0 0 0 0 0
2011825709011460 137212166624960 submit 258 0 0 0 0 0
2011825709011610 137212166624960 subm_end 1 0 0 0 0 0
2011825709011710 137212166624960 pump_beg 1 0 0 0 0 0
2011825709794681 137212166624960 feedend 257 0 0 0 0 0
2011825710214206 137212166624960 feedend 257 1 0 0 0 0
2011825718045420 137212166624960 outfirst 257 0 65536 0 0 0
2011825708984841 137212174624640 msgin 258 22118400 0 0 0 0
2011825708986331 137212174624640 enq 258 1 0 0 0 0
2011825727330841 137212166624960 outfirst 257 1 65536 0 0 0
2011825727449946 137212166624960 pump_end 1 2 0 0 0 0
2011825727450746 137212166624960 join_beg 1 0 0 0 0 0
2011825727452096 137212166624960 join_end 0 0 0 0 0 0
2011825727452156 137212166624960 book_beg 1 0 0 0 0 0
2011825727453496 137212166624960 batch 258 1 1 2 2 0
2011825727453536 137212166624960 book_end 1 0 0 0 0 0
2011825727453576 137212166624960 coll_beg 0 0 0 0 0 0
2011825728289546 137212166624960 coll_end 0 0 0 0 0 0
2011825728289816 137212166624960 rel_beg 1 0 0 0 0 0
2011825728290646 137212166624960 absorb 258 0 0 0 0 0
2011825728305015 137212166624960 rel_end 1 0 0 0 0 0
2011825728309625 137212166624960 wait_beg 0 0 0 0 0 0
2011825728421421 137212174624640 send 18 0 0 257 255 1
2011825728337874 137212149839552 emit_beg 258 0 0 0 0 0
2011825728346424 137212149839552 dmg 0 1 0 0 2560 1440
2011825728346683 137212149839552 enc 257 257 1 -1 -1 0
2011825728506388 137212149839552 emit_end 258 0 0 0 0 0
2011825729217362 137212174624640 send 942399 0 0 257 255 1
2011825729865338 137212174624640 send 840457 0 0 257 255 1
2011825729866828 137212174624640 send 14 0 0 257 255 1
2011825729874738 137212174624640 egress 258 1 0 255 0 0
2011825778226812 137212166624960 wait_end 0 0 0 0 0 0
2011825778233472 137212166624960 drain_beg 0 0 0 0 0 0
2011825778234242 137212166624960 drain_end 1 0 0 0 0 0
2011825778234572 137212166624960 take 259 0 0 0 0 0
2011825778235232 137212166624960 subm_beg 1 0 0 0 0 0
2011825778237111 137212166624960 submit 259 0 0 0 0 0
2011825778237301 137212166624960 subm_end 1 0 0 0 0 0
2011825778237381 137212166624960 pump_beg 1 0 0 0 0 0
2011825772967754 137212174624640 cliack 256 0 257 258 0 0
2011825772968344 137212174624640 ackregion 257 258 258 256 1 0
2011825778192673 137212174624640 msgin 259 22118400 0 0 0 0
2011825778194993 137212174624640 enq 259 1 0 0 0 0
2011825779094370 137212166624960 feedend 258 0 0 0 0 0
2011825779467636 137212166624960 feedend 258 1 0 0 0 0
2011825786493740 137212166624960 outfirst 258 0 65536 0 0 0
2011825794158550 137212166624960 outfirst 258 1 65536 0 0 0
2011825794250207 137212166624960 pump_end 1 2 0 0 0 0
2011825794251387 137212166624960 join_beg 1 0 0 0 0 0
2011825794252737 137212166624960 join_end 0 0 0 0 0 0
2011825794252887 137212166624960 book_beg 1 0 0 0 0 0
2011825794254617 137212166624960 batch 259 1 1 2 2 0
2011825794254657 137212166624960 book_end 1 0 0 0 0 0
2011825794254777 137212166624960 coll_beg 0 0 0 0 0 0
2011825794759488 137212166624960 coll_end 0 0 0 0 0 0
2011825794759598 137212166624960 rel_beg 1 0 0 0 0 0
2011825794760388 137212166624960 absorb 259 0 0 0 0 0
2011825794767358 137212166624960 rel_end 1 0 0 0 0 0
2011825794770198 137212166624960 wait_beg 0 0 0 0 0 0
2011825794819336 137212174624640 send 18 0 0 258 256 1
2011825795323277 137212174624640 send 649746 0 0 258 256 1
2011825795739562 137212174624640 send 574891 0 0 258 256 1
2011825795741072 137212174624640 send 14 0 0 258 256 1
2011825795741652 137212174624640 egress 259 1 0 256 0 0
2011825794778317 137212149839552 emit_beg 259 0 0 0 0 0
2011825794783207 137212149839552 dmg 0 1 0 0 2560 1440
2011825794783667 137212149839552 enc 258 258 1 -1 -1 0
2011825794871504 137212149839552 emit_end 259 0 0 0 0 0
2011825826708801 137212174624640 cliack 257 0 258 259 0 0
2011825826709011 137212174624640 ackregion 258 259 259 257 1 0
2011825831595963 137212166624960 wait_end 0 0 0 0 0 0
2011825831600203 137212166624960 drain_beg 0 0 0 0 0 0
2011825831600862 137212166624960 drain_end 1 0 0 0 0 0
2011825831601022 137212166624960 take 260 0 0 0 0 0
2011825831601802 137212166624960 subm_beg 1 0 0 0 0 0
2011825831602932 137212166624960 submit 260 0 0 0 0 0
2011825831603082 137212166624960 subm_end 1 0 0 0 0 0
2011825831603112 137212166624960 pump_beg 1 0 0 0 0 0
2011825832380734 137212166624960 feedend 259 0 0 0 0 0
2011825832440362 137212166624960 feedend 259 1 0 0 0 0
2011825831579813 137212174624640 msgin 260 22118400 0 0 0 0
2011825831581543 137212174624640 enq 260 1 0 0 0 0
2011825843869194 137212166624960 outfirst 259 1 65536 0 0 0
2011825851097730 137212166624960 outfirst 259 0 65536 0 0 0
2011825851224076 137212166624960 pump_end 1 2 0 0 0 0
2011825851224606 137212166624960 join_beg 1 0 0 0 0 0
2011825851225596 137212166624960 join_end 0 0 0 0 0 0
2011825851225656 137212166624960 book_beg 1 0 0 0 0 0
2011825851226546 137212166624960 batch 260 1 1 2 2 0
2011825851226636 137212166624960 book_end 1 0 0 0 0 0
2011825851226766 137212166624960 coll_beg 0 0 0 0 0 0
2011825851841583 137212166624960 coll_end 0 0 0 0 0 0
2011825851841683 137212166624960 rel_beg 1 0 0 0 0 0
2011825851842593 137212166624960 absorb 260 0 0 0 0 0
2011825851850543 137212166624960 rel_end 1 0 0 0 0 0
2011825851853653 137212166624960 wait_beg 0 0 0 0 0 0
2011825851917970 137212174624640 send 18 0 0 259 257 1
2011825852856926 137212174624640 send 914695 0 0 259 257 1
2011825853417416 137212174624640 send 779729 0 0 259 257 1
2011825853419145 137212174624640 send 14 0 0 259 257 1
2011825853419805 137212174624640 egress 260 1 0 257 0 0
2011825851864802 137212149839552 emit_beg 260 0 0 0 0 0
2011825851870972 137212149839552 dmg 0 1 0 0 2560 1440
2011825851875962 137212149839552 enc 259 259 1 -1 -1 0
2011825851998827 137212149839552 emit_end 260 0 0 0 0 0
2011825867499111 137212166624960 wait_end 0 0 0 0 0 0
2011825867500871 137212166624960 join_beg 1 0 0 0 0 0
2011825867500971 137212166624960 join_end 0 0 0 0 0 0
