# perfbase mono_ns 2010938901993783 real_ns 1785976332274719612
2010938902052041 137212122871488 wait_beg 0 0 0 0 0 0
2010939230996604 137212174624640 cliack 1 0 1 0 0 0
2010941532994561 137212122871488 wait_end 0 0 0 0 0 0
2010941532999581 137212122871488 drain_beg 0 0 0 0 0 0
2010941533005260 137212122871488 drain_end 1 0 0 0 0 0
2010941533005460 137212122871488 take 1 0 0 0 0 0
2010941533006150 137212122871488 subm_beg 1 0 0 0 0 0
2010941532952512 137212174624640 msgin 1 55296000 0 0 0 0
2010941532961592 137212174624640 enq 1 1 0 0 0 0
2010941539491813 137212122871488 submit 1 0 0 0 0 0
2010941539495093 137212122871488 subm_end 1 0 0 0 0 0
2010941539495133 137212122871488 pump_beg 1 0 0 0 0 0
2010941551384259 137212174624640 msgin 2 55296000 0 0 0 0
2010941551387429 137212174624640 enq 2 1 0 0 0 0
2010941635214917 137212122871488 feedend 0 0 0 0 0 0
2010941635581643 137212122871488 feedend 0 1 0 0 0 0
2010941639149543 137212122871488 outfirst 0 0 297 0 0 0
2010941639163492 137212122871488 outfirst 0 1 297 0 0 0
2010941662877786 137212122871488 pump_end 1 2 0 0 0 0
2010941662878446 137212122871488 book_beg 1 0 0 0 0 0
2010941662884156 137212122871488 batch 1 1 1 2 2 0
2010941662884296 137212122871488 book_end 1 0 0 0 0 0
2010941662884396 137212122871488 coll_beg 0 0 0 0 0 0
2010941665910145 137212122871488 coll_end 0 0 0 0 0 0
2010941665910705 137212122871488 rel_beg 1 0 0 0 0 0
2010941665911515 137212122871488 absorb 1 0 0 0 0 0
2010941665918285 137212122871488 rel_end 1 0 0 0 0 0
2010941665920555 137212122871488 wait_beg 0 0 0 0 0 0
2010941665922615 137212122871488 wait_end 0 0 0 0 0 0
2010941665925405 137212122871488 drain_beg 0 0 0 0 0 0
2010941665925985 137212122871488 drain_end 1 0 0 0 0 0
2010941665926465 137212122871488 take 2 0 0 0 0 0
2010941665926755 137212122871488 subm_beg 1 0 0 0 0 0
2010941665927295 137212122871488 submit 2 0 0 0 0 0
2010941665927405 137212122871488 subm_end 1 0 0 0 0 0
2010941665927545 137212122871488 pump_beg 1 0 0 0 0 0
2010941671099706 137212122871488 feedend 1 1 0 0 0 0
2010941672168936 137212122871488 feedend 1 0 0 0 0 0
2010941665952384 137212174624640 ackslot 1 0 1 0 1 0
2010941666058340 137212174624640 send 18 0 0 0 0 1
2010941669141207 137212174624640 send 2418812 0 0 0 0 1
2010941672043891 137212174624640 send 2042743 0 0 0 0 1
2010941672153047 137212174624640 send 14 0 0 0 0 1
2010941672154017 137212174624640 egress 1 1 798 0 0 0
2010941672154677 137212174624640 ackregion 1 1 1 0 1 0
2010941673465279 137212174624640 msgin 3 55296000 0 0 0 0
2010941673465859 137212174624640 enq 3 1 0 0 0 0
2010941665945044 137212114478784 emit_beg 1 0 0 0 0 0
2010941665978533 137212114478784 dmg 0 1 0 0 3840 2400
2010941665978743 137212114478784 enc 0 0 1 -1 -1 0
2010941667462698 137212114478784 emit_end 1 0 0 0 0 0
2010941684613842 137212122871488 outfirst 1 1 65536 0 0 0
2010941687769247 137212122871488 outfirst 1 0 65536 0 0 0
2010941688228470 137212122871488 pump_end 1 2 0 0 0 0
2010941688229040 137212122871488 join_beg 1 0 0 0 0 0
2010941688230430 137212122871488 join_end 0 0 0 0 0 0
2010941688230790 137212122871488 book_beg 1 0 0 0 0 0
2010941688231890 137212122871488 batch 2 1 1 2 2 0
2010941688231930 137212122871488 book_end 1 0 0 0 0 0
2010941688232100 137212122871488 coll_beg 0 0 0 0 0 0
2010941689324640 137212122871488 coll_end 0 0 0 0 0 0
2010941689324710 137212122871488 rel_beg 1 0 0 0 0 0
2010941689325230 137212122871488 absorb 2 0 0 0 0 0
2010941689332380 137212122871488 rel_end 1 0 0 0 0 0
2010941689336989 137212122871488 wait_beg 0 0 0 0 0 0
2010941689338819 137212122871488 wait_end 0 0 0 0 0 0
2010941689341329 137212122871488 drain_beg 0 0 0 0 0 0
2010941689341839 137212122871488 drain_end 1 0 0 0 0 0
2010941689342609 137212122871488 take 3 0 0 0 0 0
2010941689342859 137212122871488 subm_beg 1 0 0 0 0 0
2010941689343739 137212122871488 submit 3 0 0 0 0 0
2010941689343869 137212122871488 subm_end 1 0 0 0 0 0
2010941689343909 137212122871488 pump_beg 1 0 0 0 0 0
2010941693816056 137212122871488 feedend 2 0 0 0 0 0
2010941694050577 137212122871488 feedend 2 1 0 0 0 0
2010941689403577 137212174624640 send 18 0 0 1 0 1
2010941691539219 137212174624640 send 1757930 0 0 1 0 1
2010941692618149 137212174624640 send 1484607 0 0 1 0 1
2010941692619759 137212174624640 send 14 0 0 1 0 1
2010941692620529 137212174624640 egress 2 1 0 0 0 0
2010941689347229 137212114478784 emit_beg 2 0 0 0 0 0
2010941689356769 137212114478784 dmg 0 1 0 0 3840 2400
2010941689357039 137212114478784 enc 1 1 1 -1 -1 0
2010941690307184 137212114478784 emit_end 2 0 0 0 0 0
2010941707400899 137212122871488 outfirst 2 1 65536 0 0 0
2010941708833657 137212122871488 outfirst 2 0 65536 0 0 0
2010941709051989 137212122871488 pump_end 1 2 0 0 0 0
2010941709052539 137212122871488 join_beg 1 0 0 0 0 0
2010941709053329 137212122871488 join_end 0 0 0 0 0 0
2010941709053469 137212122871488 book_beg 1 0 0 0 0 0
2010941709053859 137212122871488 batch 3 1 1 2 2 0
2010941709053979 137212122871488 book_end 1 0 0 0 0 0
2010941709054019 137212122871488 coll_beg 0 0 0 0 0 0
2010941710029363 137212122871488 coll_end 0 0 0 0 0 0
2010941710029633 137212122871488 rel_beg 1 0 0 0 0 0
2010941710030393 137212122871488 absorb 3 0 0 0 0 0
2010941710035563 137212122871488 rel_end 1 0 0 0 0 0
2010941710037593 137212122871488 wait_beg 0 0 0 0 0 0
2010941710145739 137212174624640 send 18 0 0 2 0 1
2010941711910015 137212174624640 send 1682828 0 0 2 0 1
2010941713017344 137212174624640 send 1457005 0 0 2 0 1
2010941713018874 137212174624640 send 14 0 0 2 0 1
2010941713019564 137212174624640 egress 3 1 0 0 0 0
2010941710059242 137212114478784 emit_beg 3 0 0 0 0 0
2010941710075182 137212114478784 dmg 0 1 0 0 3840 2400
2010941710075652 137212114478784 enc 2 2 1 -1 -1 0
2010941710513866 137212114478784 emit_end 3 0 0 0 0 0
2010942075270411 137212174624640 cliack 1 0 2 3 0 0
2010942075271251 137212174624640 ackregion 2 3 3 1 1 0
2010942082974999 137212122871488 wait_end 0 0 0 0 0 0
2010942082980209 137212122871488 drain_beg 0 0 0 0 0 0
2010942082980919 137212122871488 drain_end 1 0 0 0 0 0
2010942082981269 137212122871488 take 4 0 0 0 0 0
2010942082982009 137212122871488 subm_beg 1 0 0 0 0 0
2010942082983999 137212122871488 submit 4 0 0 0 0 0
2010942082984159 137212122871488 subm_end 1 0 0 0 0 0
2010942082984239 137212122871488 pump_beg 1 0 0 0 0 0
2010942088255856 137212122871488 feedend 3 0 0 0 0 0
2010942082936371 137212174624640 msgin 4 55296000 0 0 0 0
2010942082938291 137212174624640 enq 4 1 0 0 0 0
2010942088973200 137212122871488 feedend 3 1 0 0 0 0
2010942101542351 137212122871488 outfirst 3 1 65536 0 0 0
2010942101883109 137212122871488 outfirst 3 0 65536 0 0 0
2010942102413639 137212122871488 pump_end 1 2 0 0 0 0
2010942102414199 137212122871488 join_beg 1 0 0 0 0 0
2010942102415679 137212122871488 join_end 0 0 0 0 0 0
2010942102422899 137212122871488 book_beg 1 0 0 0 0 0
2010942102424279 137212122871488 batch 4 1 1 2 2 0
2010942102424319 137212122871488 book_end 1 0 0 0 0 0
2010942102424509 137212122871488 coll_beg 0 0 0 0 0 0
2010942103483370 137212122871488 coll_end 0 0 0 0 0 0
2010942103483430 137212122871488 rel_beg 1 0 0 0 0 0
2010942103484140 137212122871488 absorb 4 0 0 0 0 0
2010942103491230 137212122871488 rel_end 1 0 0 0 0 0
2010942103493470 137212122871488 wait_beg 0 0 0 0 0 0
2010942103577237 137212174624640 send 18 0 0 3 1 1
2010942105532065 137212174624640 send 1750104 0 0 3 1 1
2010942106691823 137212174624640 send 1541020 0 0 3 1 1
2010942106693723 137212174624640 send 14 0 0 3 1 1
2010942106694373 137212174624640 egress 4 1 0 1 0 0
2010942103514169 137212114478784 emit_beg 4 0 0 0 0 0
2010942103528889 137212114478784 dmg 0 1 0 0 3840 2400
2010942103529259 137212114478784 enc 3 3 1 -1 -1 0
2010942103857787 137212114478784 emit_end 4 0 0 0 0 0
2010942378647298 137212174624640 cliack 2 0 3 4 0 0
2010942378648458 137212174624640 ackregion 3 4 4 2 1 0
2010942383558099 137212122871488 wait_end 0 0 0 0 0 0
2010942383563329 137212122871488 drain_beg 0 0 0 0 0 0
2010942383564699 137212122871488 drain_end 1 0 0 0 0 0
2010942383565059 137212122871488 take 5 0 0 0 0 0
2010942383566029 137212122871488 subm_beg 1 0 0 0 0 0
2010942383568509 137212122871488 submit 5 0 0 0 0 0
2010942383568599 137212122871488 subm_end 1 0 0 0 0 0
2010942383568669 137212122871488 pump_beg 1 0 0 0 0 0
2010942387527764 137212122871488 feedend 4 0 0 0 0 0
2010942389473173 137212122871488 feedend 4 1 0 0 0 0
2010942383526970 137212174624640 msgin 5 55296000 0 0 0 0
2010942383528700 137212174624640 enq 5 1 0 0 0 0
2010942401890929 137212122871488 outfirst 4 0 65536 0 0 0
2010942402285505 137212122871488 outfirst 4 1 65536 0 0 0
2010942402603763 137212122871488 pump_end 1 2 0 0 0 0
2010942402604463 137212122871488 join_beg 1 0 0 0 0 0
2010942402606103 137212122871488 join_end 0 0 0 0 0 0
2010942402606263 137212122871488 book_beg 1 0 0 0 0 0
2010942402607483 137212122871488 batch 5 1 1 2 2 0
2010942402607543 137212122871488 book_end 1 0 0 0 0 0
2010942402607743 137212122871488 coll_beg 0 0 0 0 0 0
2010942404376188 137212122871488 coll_end 0 0 0 0 0 0
2010942404376378 137212122871488 rel_beg 1 0 0 0 0 0
2010942404377328 137212122871488 absorb 5 0 0 0 0 0
2010942404387018 137212122871488 rel_end 1 0 0 0 0 0
2010942404390688 137212122871488 wait_beg 0 0 0 0 0 0
2010942404526163 137212174624640 send 18 0 0 4 2 1
2010942406610107 137212174624640 send 1966546 0 0 4 2 1
2010942408074193 137212174624640 send 1686240 0 0 4 2 1
2010942408075903 137212174624640 send 14 0 0 4 2 1
2010942408076653 137212174624640 egress 5 1 0 2 0 0
2010942404411717 137212114478784 emit_beg 5 0 0 0 0 0
2010942404429477 137212114478784 dmg 0 1 0 0 3840 2400
2010942404429906 137212114478784 enc 4 4 1 -1 -1 0
2010942405182499 137212114478784 emit_end 5 0 0 0 0 0
2010942690610142 137212174624640 cliack 3 0 4 5 0 0
2010942690611182 137212174624640 ackregion 4 5 5 3 1 0
2010942699949311 137212122871488 wait_end 0 0 0 0 0 0
2010942699953921 137212122871488 drain_beg 0 0 0 0 0 0
2010942699954541 137212122871488 drain_end 1 0 0 0 0 0
2010942699954891 137212122871488 take 6 0 0 0 0 0
2010942699955491 137212122871488 subm_beg 1 0 0 0 0 0
2010942699957621 137212122871488 submit 6 0 0 0 0 0
2010942699957801 137212122871488 subm_end 1 0 0 0 0 0
2010942699957981 137212122871488 pump_beg 1 0 0 0 0 0
2010942701767805 137212122871488 feedend 5 0 0 0 0 0
2010942699912482 137212174624640 msgin 6 55296000 0 0 0 0
2010942699914622 137212174624640 enq 6 1 0 0 0 0
2010942702790387 137212122871488 feedend 5 1 0 0 0 0
2010942715136076 137212122871488 outfirst 5 1 65536 0 0 0
2010942715872049 137212122871488 outfirst 5 0 65536 0 0 0
2010942716195277 137212122871488 pump_end 1 2 0 0 0 0
2010942716195767 137212122871488 join_beg 1 0 0 0 0 0
2010942716197137 137212122871488 join_end 0 0 0 0 0 0
2010942716197297 137212122871488 book_beg 1 0 0 0 0 0
2010942716198427 137212122871488 batch 6 1 1 2 2 0
2010942716198457 137212122871488 book_end 1 0 0 0 0 0
2010942716198617 137212122871488 coll_beg 0 0 0 0 0 0
2010942717307447 137212122871488 coll_end 0 0 0 0 0 0
2010942717307577 137212122871488 rel_beg 1 0 0 0 0 0
2010942717308377 137212122871488 absorb 6 0 0 0 0 0
2010942717315516 137212122871488 rel_end 1 0 0 0 0 0
2010942717318256 137212122871488 wait_beg 0 0 0 0 0 0
2010942717409003 137212174624640 send 18 0 0 5 3 1
2010942719484417 137212174624640 send 1909378 0 0 5 3 1
2010942720544318 137212174624640 send 1516360 0 0 5 3 1
2010942720546108 137212174624640 send 14 0 0 5 3 1
2010942720546878 137212174624640 egress 6 1 0 3 0 0
2010942717345905 137212114478784 emit_beg 6 0 0 0 0 0
2010942717360455 137212114478784 dmg 0 1 0 0 3840 2400
2010942717360695 137212114478784 enc 5 5 1 -1 -1 0
2010942717622525 137212114478784 emit_end 6 0 0 0 0 0
2010942908603489 137212174624640 cliack 4 0 5 6 0 0
2010942908604349 137212174624640 ackregion 5 6 6 4 1 0
2010942916193971 137212122871488 wait_end 0 0 0 0 0 0
2010942916197671 137212122871488 drain_beg 0 0 0 0 0 0
2010942916198311 137212122871488 drain_end 1 0 0 0 0 0
2010942916198631 137212122871488 take 7 0 0 0 0 0
2010942916199341 137212122871488 subm_beg 1 0 0 0 0 0
2010942916201291 137212122871488 submit 7 0 0 0 0 0
2010942916201461 137212122871488 subm_end 1 0 0 0 0 0
2010942916201491 137212122871488 pump_beg 1 0 0 0 0 0
2010942918271065 137212122871488 feedend 6 0 0 0 0 0
2010942919277349 137212122871488 feedend 6 1 0 0 0 0
2010942916178522 137212174624640 msgin 7 55296000 0 0 0 0
2010942916180462 137212174624640 enq 7 1 0 0 0 0
2010942933988401 137212122871488 outfirst 6 1 65536 0 0 0
2010942935527495 137212122871488 outfirst 6 0 65536 0 0 0
2010942935800485 137212122871488 pump_end 1 2 0 0 0 0
2010942935801025 137212122871488 join_beg 1 0 0 0 0 0
2010942935802365 137212122871488 join_end 0 0 0 0 0 0
2010942935802525 137212122871488 book_beg 1 0 0 0 0 0
2010942935803555 137212122871488 batch 7 1 1 2 2 0
2010942935803585 137212122871488 book_end 1 0 0 0 0 0
2010942935803795 137212122871488 coll_beg 0 0 0 0 0 0
2010942937204194 137212122871488 coll_end 0 0 0 0 0 0
2010942937204304 137212122871488 rel_beg 1 0 0 0 0 0
2010942937204954 137212122871488 absorb 7 0 0 0 0 0
2010942937212483 137212122871488 rel_end 1 0 0 0 0 0
2010942937217093 137212122871488 wait_beg 0 0 0 0 0 0
2010942937316240 137212174624640 send 18 0 0 6 4 1
2010942938999438 137212174624640 send 1803738 0 0 6 4 1
2010942940250832 137212174624640 send 1521168 0 0 6 4 1
2010942940252952 137212174624640 send 14 0 0 6 4 1
2010942940253822 137212174624640 egress 7 1 0 4 0 0
2010942937232673 137212114478784 emit_beg 7 0 0 0 0 0
2010942937244902 137212114478784 dmg 0 1 0 0 3840 2400
2010942937245142 137212114478784 enc 6 6 1 -1 -1 0
2010942937615279 137212114478784 emit_end 7 0 0 0 0 0
2010943224778719 137212174624640 cliack 5 0 6 7 0 0
2010943224779669 137212174624640 ackregion 6 7 7 5 1 0
2010943232699339 137212122871488 wait_end 0 0 0 0 0 0
2010943232704539 137212122871488 drain_beg 0 0 0 0 0 0
2010943232705639 137212122871488 drain_end 1 0 0 0 0 0
2010943232706039 137212122871488 take 8 0 0 0 0 0
2010943232719018 137212122871488 subm_beg 1 0 0 0 0 0
2010943232721028 137212122871488 submit 8 0 0 0 0 0
2010943232721358 137212122871488 subm_end 1 0 0 0 0 0
2010943232721438 137212122871488 pump_beg 1 0 0 0 0 0
2010943234832691 137212122871488 feedend 7 0 0 0 0 0
2010943235771747 137212122871488 feedend 7 1 0 0 0 0
2010943232665360 137212174624640 msgin 8 55296000 0 0 0 0
2010943232667560 137212174624640 enq 8 1 0 0 0 0
2010943249889931 137212122871488 outfirst 7 1 65536 0 0 0
2010943250033276 137212122871488 outfirst 7 0 65536 0 0 0
2010943250613145 137212122871488 pump_end 1 2 0 0 0 0
2010943250613855 137212122871488 join_beg 1 0 0 0 0 0
2010943250615285 137212122871488 join_end 0 0 0 0 0 0
2010943250615445 137212122871488 book_beg 1 0 0 0 0 0
2010943250616625 137212122871488 batch 8 1 1 2 2 0
2010943250616655 137212122871488 book_end 1 0 0 0 0 0
2010943250616845 137212122871488 coll_beg 0 0 0 0 0 0
2010943252008124 137212122871488 coll_end 0 0 0 0 0 0
2010943252008244 137212122871488 rel_beg 1 0 0 0 0 0
2010943252009184 137212122871488 absorb 8 0 0 0 0 0
2010943252025733 137212122871488 rel_end 1 0 0 0 0 0
2010943252027823 137212122871488 wait_beg 0 0 0 0 0 0
2010943252124720 137212174624640 send 18 0 0 7 5 1
2010943253888965 137212174624640 send 2203488 0 0 7 5 1
2010943255303303 137212174624640 send 1951476 0 0 7 5 1
2010943255305243 137212174624640 send 14 0 0 7 5 1
2010943255305893 137212174624640 egress 8 1 0 5 0 0
2010943252038993 137212114478784 emit_beg 8 0 0 0 0 0
2010943252050362 137212114478784 dmg 0 1 0 0 3840 2400
2010943252050572 137212114478784 enc 7 7 1 -1 -1 0
2010943252538914 137212114478784 emit_end 8 0 0 0 0 0
2010943520453947 137212174624640 cliack 6 0 7 8 0 0
2010943520454837 137212174624640 ackregion 7 8 8 6 1 0
2010943528456085 137212122871488 wait_end 0 0 0 0 0 0
2010943528459645 137212122871488 drain_beg 0 0 0 0 0 0
2010943528460295 137212122871488 drain_end 1 0 0 0 0 0
2010943528460815 137212122871488 take 9 0 0 0 0 0
2010943528461495 137212122871488 subm_beg 1 0 0 0 0 0
2010943528462895 137212122871488 submit 9 0 0 0 0 0
2010943528462925 137212122871488 subm_end 1 0 0 0 0 0
2010943528463075 137212122871488 pump_beg 1 0 0 0 0 0
2010943530354106 137212122871488 feedend 8 0 0 0 0 0
2010943531540742 137212122871488 feedend 8 1 0 0 0 0
2010943528432596 137212174624640 msgin 9 55296000 0 0 0 0
2010943528434696 137212174624640 enq 9 1 0 0 0 0
2010943547785929 137212122871488 outfirst 8 1 65536 0 0 0
2010943548752673 137212122871488 outfirst 8 0 65536 0 0 0
2010943549063692 137212122871488 pump_end 1 2 0 0 0 0
2010943549064402 137212122871488 join_beg 1 0 0 0 0 0
2010943549065752 137212122871488 join_end 0 0 0 0 0 0
2010943549065912 137212122871488 book_beg 1 0 0 0 0 0
2010943549067132 137212122871488 batch 9 1 1 2 2 0
2010943549067202 137212122871488 book_end 1 0 0 0 0 0
2010943549067292 137212122871488 coll_beg 0 0 0 0 0 0
2010943550355095 137212122871488 coll_end 0 0 0 0 0 0
2010943550355155 137212122871488 rel_beg 1 0 0 0 0 0
2010943550355895 137212122871488 absorb 9 0 0 0 0 0
2010943550363735 137212122871488 rel_end 1 0 0 0 0 0
2010943550367044 137212122871488 wait_beg 0 0 0 0 0 0
2010943550466841 137212174624640 send 18 0 0 8 6 1
2010943552526806 137212174624640 send 1745090 0 0 8 6 1
2010943553582617 137212174624640 send 1386001 0 0 8 6 1
2010943553584067 137212174624640 send 14 0 0 8 6 1
2010943553584647 137212174624640 egress 9 1 0 6 0 0
2010943550377394 137212114478784 emit_beg 9 0 0 0 0 0
2010943550387154 137212114478784 dmg 0 1 0 0 3840 2400
2010943550387424 137212114478784 enc 8 8 1 -1 -1 0
2010943550671393 137212114478784 emit_end 9 0 0 0 0 0
2010943807340307 137212174624640 cliack 7 0 8 9 0 0
2010943807341177 137212174624640 ackregion 8 9 9 7 1 0
2010943812342504 137212122871488 wait_end 0 0 0 0 0 0
2010943812345474 137212122871488 drain_beg 0 0 0 0 0 0
2010943812346124 137212122871488 drain_end 1 0 0 0 0 0
2010943812346414 137212122871488 take 10 0 0 0 0 0
2010943812346904 137212122871488 subm_beg 1 0 0 0 0 0
2010943812348414 137212122871488 submit 10 0 0 0 0 0
2010943812348584 137212122871488 subm_end 1 0 0 0 0 0
2010943812348624 137212122871488 pump_beg 1 0 0 0 0 0
2010943814037183 137212122871488 feedend 9 0 0 0 0 0
2010943814864632 137212122871488 feedend 9 1 0 0 0 0
2010943812328585 137212174624640 msgin 10 55296000 0 0 0 0
2010943812330115 137212174624640 enq 10 1 0 0 0 0
2010943826872064 137212122871488 outfirst 9 1 65536 0 0 0
2010943827973743 137212122871488 outfirst 9 0 65536 0 0 0
2010943828301831 137212122871488 pump_end 1 2 0 0 0 0
2010943828302501 137212122871488 join_beg 1 0 0 0 0 0
2010943828304131 137212122871488 join_end 0 0 0 0 0 0
2010943828304261 137212122871488 book_beg 1 0 0 0 0 0
2010943828305361 137212122871488 batch 10 1 1 2 2 0
2010943828305491 137212122871488 book_end 1 0 0 0 0 0
2010943828305661 137212122871488 coll_beg 0 0 0 0 0 0
2010943829408181 137212122871488 coll_end 0 0 0 0 0 0
2010943829408431 137212122871488 rel_beg 1 0 0 0 0 0
2010943829409141 137212122871488 absorb 10 0 0 0 0 0
2010943829416541 137212122871488 rel_end 1 0 0 0 0 0
2010943829419020 137212122871488 wait_beg 0 0 0 0 0 0
2010943829511467 137212174624640 send 18 0 0 9 7 1
2010943829431390 137212114478784 emit_beg 10 0 0 0 0 0
2010943829440790 137212114478784 dmg 0 1 0 0 3840 2400
2010943829441120 137212114478784 enc 9 9 1 -1 -1 0
2010943829690391 137212114478784 emit_end 10 0 0 0 0 0
2010943831007232 137212174624640 send 1792731 0 0 9 7 1
2010943832170000 137212174624640 send 1528862 0 0 9 7 1
2010943832176800 137212174624640 send 14 0 0 9 7 1
2010943832177360 137212174624640 egress 10 1 0 7 0 0
2010944166281545 137212174624640 cliack 8 0 9 10 0 0
2010944166282225 137212174624640 ackregion 9 10 10 8 1 0
2010944176328638 137212122871488 wait_end 0 0 0 0 0 0
2010944176331578 137212122871488 drain_beg 0 0 0 0 0 0
2010944176332167 137212122871488 drain_end 1 0 0 0 0 0
2010944176332417 137212122871488 take 11 0 0 0 0 0
2010944176333007 137212122871488 subm_beg 1 0 0 0 0 0
2010944176334687 137212122871488 submit 11 0 0 0 0 0
2010944176334847 137212122871488 subm_end 1 0 0 0 0 0
2010944176334987 137212122871488 pump_beg 1 0 0 0 0 0
2010944177995977 137212122871488 feedend 10 0 0 0 0 0
2010944178915973 137212122871488 feedend 10 1 0 0 0 0
2010944176313718 137212174624640 msgin 11 55296000 0 0 0 0
2010944176315128 137212174624640 enq 11 1 0 0 0 0
2010944192468688 137212122871488 outfirst 10 1 65536 0 0 0
2010944193936214 137212122871488 outfirst 10 0 65536 0 0 0
2010944194292991 137212122871488 pump_end 1 2 0 0 0 0
2010944194293551 137212122871488 join_beg 1 0 0 0 0 0
2010944194295031 137212122871488 join_end 0 0 0 0 0 0
2010944194295241 137212122871488 book_beg 1 0 0 0 0 0
2010944194296511 137212122871488 batch 11 1 1 2 2 0
2010944194308981 137212122871488 book_end 1 0 0 0 0 0
2010944194309191 137212122871488 coll_beg 0 0 0 0 0 0
2010944195823775 137212122871488 coll_end 0 0 0 0 0 0
2010944195823945 137212122871488 rel_beg 1 0 0 0 0 0
2010944195824595 137212122871488 absorb 11 0 0 0 0 0
2010944195832995 137212122871488 rel_end 1 0 0 0 0 0
2010944195835135 137212122871488 wait_beg 0 0 0 0 0 0
2010944195934171 137212174624640 send 18 0 0 10 8 1
2010944197642819 137212174624640 send 2099910 0 0 10 8 1
2010944198990780 137212174624640 send 1792965 0 0 10 8 1
2010944198993190 137212174624640 send 14 0 0 10 8 1
2010944198993880 137212174624640 egress 11 1 0 8 0 0
2010944195845075 137212114478784 emit_beg 11 0 0 0 0 0
2010944195855394 137212114478784 dmg 0 1 0 0 3840 2400
2010944195855644 137212114478784 enc 10 10 1 -1 -1 0
2010944196129554 137212114478784 emit_end 11 0 0 0 0 0
2010944436669017 137212174624640 cliack 9 0 10 11 0 0
2010944436669887 137212174624640 ackregion 10 11 11 9 1 0
2010944445955358 137212122871488 wait_end 0 0 0 0 0 0
2010944445958478 137212122871488 drain_beg 0 0 0 0 0 0
2010944445959278 137212122871488 drain_end 1 0 0 0 0 0
2010944445959608 137212122871488 take 12 0 0 0 0 0
2010944445960108 137212122871488 subm_beg 1 0 0 0 0 0
2010944445961468 137212122871488 submit 12 0 0 0 0 0
2010944445961618 137212122871488 subm_end 1 0 0 0 0 0
2010944445961778 137212122871488 pump_beg 1 0 0 0 0 0
2010944447597858 137212122871488 feedend 11 0 0 0 0 0
2010944448579382 137212122871488 feedend 11 1 0 0 0 0
2010944445934759 137212174624640 msgin 12 55296000 0 0 0 0
2010944445936789 137212174624640 enq 12 1 0 0 0 0
2010944461605096 137212122871488 outfirst 11 1 65536 0 0 0
2010944461931164 137212122871488 outfirst 11 0 65536 0 0 0
2010944462344849 137212122871488 pump_end 1 2 0 0 0 0
2010944462345089 137212122871488 join_beg 1 0 0 0 0 0
2010944462346769 137212122871488 join_end 0 0 0 0 0 0
2010944462346949 137212122871488 book_beg 1 0 0 0 0 0
2010944462348409 137212122871488 batch 12 1 1 2 2 0
2010944462348559 137212122871488 book_end 1 0 0 0 0 0
2010944462348619 137212122871488 coll_beg 0 0 0 0 0 0
2010944463785607 137212122871488 coll_end 0 0 0 0 0 0
2010944463785837 137212122871488 rel_beg 1 0 0 0 0 0
2010944463786667 137212122871488 absorb 12 0 0 0 0 0
2010944463796216 137212122871488 rel_end 1 0 0 0 0 0
2010944463799306 137212122871488 wait_beg 0 0 0 0 0 0
2010944463827425 137212114478784 emit_beg 12 0 0 0 0 0
2010944463838285 137212114478784 dmg 0 1 0 0 3840 2400
2010944463838595 137212114478784 enc 11 11 1 -1 -1 0
2010944463911632 137212174624640 send 18 0 0 11 9 1
2010944465548982 137212174624640 send 1998108 0 0 11 9 1
2010944466807266 137212174624640 send 1645410 0 0 11 9 1
2010944466809126 137212174624640 send 14 0 0 11 9 1
2010944466809946 137212174624640 egress 12 1 0 9 0 0
2010944464133724 137212114478784 emit_end 12 0 0 0 0 0
2010944723720621 137212174624640 cliack 10 0 11 12 0 0
2010944723721601 137212174624640 ackregion 11 12 12 10 1 0
2010944731875933 137212122871488 wait_end 0 0 0 0 0 0
2010944731879783 137212122871488 drain_beg 0 0 0 0 0 0
2010944731880313 137212122871488 drain_end 1 0 0 0 0 0
2010944731880573 137212122871488 take 13 0 0 0 0 0
2010944731881143 137212122871488 subm_beg 1 0 0 0 0 0
2010944731883343 137212122871488 submit 13 0 0 0 0 0
2010944731883393 137212122871488 subm_end 1 0 0 0 0 0
2010944731883613 137212122871488 pump_beg 1 0 0 0 0 0
2010944733701556 137212122871488 feedend 12 0 0 0 0 0
2010944734611633 137212122871488 feedend 12 1 0 0 0 0
2010944731859364 137212174624640 msgin 13 55296000 0 0 0 0
2010944731860954 137212174624640 enq 13 1 0 0 0 0
2010944746362774 137212122871488 outfirst 12 1 65536 0 0 0
2010944747240642 137212122871488 outfirst 12 0 65536 0 0 0
2010944747500182 137212122871488 pump_end 1 2 0 0 0 0
2010944747500942 137212122871488 join_beg 1 0 0 0 0 0
2010944747502412 137212122871488 join_end 0 0 0 0 0 0
2010944747502572 137212122871488 book_beg 1 0 0 0 0 0
2010944747504132 137212122871488 batch 13 1 1 2 2 0
2010944747504262 137212122871488 book_end 1 0 0 0 0 0
2010944747504312 137212122871488 coll_beg 0 0 0 0 0 0
2010944748586113 137212122871488 coll_end 0 0 0 0 0 0
2010944748586323 137212122871488 rel_beg 1 0 0 0 0 0
2010944748587313 137212122871488 absorb 13 0 0 0 0 0
2010944748596912 137212122871488 rel_end 1 0 0 0 0 0
2010944748599402 137212122871488 wait_beg 0 0 0 0 0 0
2010944748691089 137212174624640 send 18 0 0 12 10 1
2010944750293430 137212174624640 send 1745136 0 0 12 10 1
2010944751354782 137212174624640 send 1428864 0 0 12 10 1
2010944751356691 137212174624640 send 14 0 0 12 10 1
2010944751357341 137212174624640 egress 13 1 0 10 0 0
2010944748614012 137212114478784 emit_beg 13 0 0 0 0 0
2010944748624571 137212114478784 dmg 0 1 0 0 3840 2400
2010944748624861 137212114478784 enc 12 12 1 -1 -1 0
2010944749029077 137212114478784 emit_end 13 0 0 0 0 0
2010945060211169 137212174624640 cliack 11 0 12 13 0 0
2010945060212309 137212174624640 ackregion 12 13 13 11 1 0
2010945068641081 137212122871488 wait_end 0 0 0 0 0 0
2010945068645191 137212122871488 drain_beg 0 0 0 0 0 0
2010945068645961 137212122871488 drain_end 1 0 0 0 0 0
2010945068646291 137212122871488 take 14 0 0 0 0 0
2010945068646871 137212122871488 subm_beg 1 0 0 0 0 0
2010945068649010 137212122871488 submit 14 0 0 0 0 0
2010945068649170 137212122871488 subm_end 1 0 0 0 0 0
2010945068649230 137212122871488 pump_beg 1 0 0 0 0 0
2010945070299920 137212122871488 feedend 13 0 0 0 0 0
2010945071450528 137212122871488 feedend 13 1 0 0 0 0
2010945068611742 137212174624640 msgin 14 55296000 0 0 0 0
2010945068613072 137212174624640 enq 14 1 0 0 0 0
2010945084115646 137212122871488 outfirst 13 1 65536 0 0 0
2010945084453583 137212122871488 outfirst 13 0 65536 0 0 0
2010945084800100 137212122871488 pump_end 1 2 0 0 0 0
2010945084800770 137212122871488 join_beg 1 0 0 0 0 0
2010945084802380 137212122871488 join_end 0 0 0 0 0 0
2010945084802550 137212122871488 book_beg 1 0 0 0 0 0
2010945084804170 137212122871488 batch 14 1 1 2 2 0
2010945084804320 137212122871488 book_end 1 0 0 0 0 0
2010945084804530 137212122871488 coll_beg 0 0 0 0 0 0
2010945086075044 137212122871488 coll_end 0 0 0 0 0 0
2010945086075284 137212122871488 rel_beg 1 0 0 0 0 0
2010945086076194 137212122871488 absorb 14 0 0 0 0 0
2010945086084204 137212122871488 rel_end 1 0 0 0 0 0
2010945086086154 137212122871488 wait_beg 0 0 0 0 0 0
2010945086180100 137212174624640 send 18 0 0 13 11 1
2010945087951085 137212174624640 send 1984041 0 0 13 11 1
2010945086105163 137212114478784 emit_beg 14 0 0 0 0 0
2010945086116522 137212114478784 dmg 0 1 0 0 3840 2400
2010945086116732 137212114478784 enc 13 13 1 -1 -1 0
2010945086485619 137212114478784 emit_end 14 0 0 0 0 0
2010945089162581 137212174624640 send 1659078 0 0 13 11 1
2010945089164211 137212174624640 send 14 0 0 13 11 1
2010945089164901 137212174624640 egress 14 1 0 11 0 0
2010945375608567 137212174624640 cliack 12 0 13 14 0 0
2010945375609587 137212174624640 ackregion 13 14 14 12 1 0
2010945383518208 137212122871488 wait_end 0 0 0 0 0 0
2010945383523498 137212122871488 drain_beg 0 0 0 0 0 0
2010945383524228 137212122871488 drain_end 1 0 0 0 0 0
2010945383524618 137212122871488 take 15 0 0 0 0 0
2010945383525278 137212122871488 subm_beg 1 0 0 0 0 0
2010945383527428 137212122871488 submit 15 0 0 0 0 0
2010945383527608 137212122871488 subm_end 1 0 0 0 0 0
2010945383539827 137212122871488 pump_beg 1 0 0 0 0 0
2010945385302543 137212122871488 feedend 14 0 0 0 0 0
2010945386256748 137212122871488 feedend 14 1 0 0 0 0
2010945383486289 137212174624640 msgin 15 55296000 0 0 0 0
2010945383488419 137212174624640 enq 15 1 0 0 0 0
2010945397555955 137212122871488 outfirst 14 1 65536 0 0 0
2010945399407198 137212122871488 outfirst 14 0 65536 0 0 0
2010945399840622 137212122871488 pump_end 1 2 0 0 0 0
2010945399841272 137212122871488 join_beg 1 0 0 0 0 0
2010945399842882 137212122871488 join_end 0 0 0 0 0 0
2010945399843012 137212122871488 book_beg 1 0 0 0 0 0
2010945399844112 137212122871488 batch 15 1 1 2 2 0
2010945399844242 137212122871488 book_end 1 0 0 0 0 0
2010945399844282 137212122871488 coll_beg 0 0 0 0 0 0
2010945400952161 137212122871488 coll_end 0 0 0 0 0 0
2010945400952471 137212122871488 rel_beg 1 0 0 0 0 0
2010945400953311 137212122871488 absorb 15 0 0 0 0 0
2010945400960461 137212122871488 rel_end 1 0 0 0 0 0
2010945400962541 137212122871488 wait_beg 0 0 0 0 0 0
2010945401046488 137212174624640 send 18 0 0 14 12 1
2010945402671878 137212174624640 send 1915087 0 0 14 12 1
2010945403902423 137212174624640 send 1488605 0 0 14 12 1
2010945403904733 137212174624640 send 14 0 0 14 12 1
2010945403905333 137212174624640 egress 15 1 0 12 0 0
2010945400980510 137212114478784 emit_beg 15 0 0 0 0 0
2010945400993530 137212114478784 dmg 0 1 0 0 3840 2400
2010945400993730 137212114478784 enc 14 14 1 -1 -1 0
2010945401310068 137212114478784 emit_end 15 0 0 0 0 0
2010945649571589 137212174624640 cliack 13 0 14 15 0 0
2010945649572649 137212174624640 ackregion 14 15 15 13 1 0
2010945656951149 137212122871488 wait_end 0 0 0 0 0 0
2010945656954099 137212122871488 drain_beg 0 0 0 0 0 0
2010945656954719 137212122871488 drain_end 1 0 0 0 0 0
2010945656954979 137212122871488 take 16 0 0 0 0 0
2010945656955589 137212122871488 subm_beg 1 0 0 0 0 0
2010945656957129 137212122871488 submit 16 0 0 0 0 0
2010945656957219 137212122871488 subm_end 1 0 0 0 0 0
2010945656957269 137212122871488 pump_beg 1 0 0 0 0 0
2010945661481354 137212122871488 feedend 15 0 0 0 0 0
2010945656936880 137212174624640 msgin 16 55296000 0 0 0 0
2010945656938430 137212174624640 enq 16 1 0 0 0 0
2010945661730225 137212122871488 feedend 15 1 0 0 0 0
2010945674430001 137212122871488 outfirst 15 1 65536 0 0 0
2010945676189117 137212122871488 outfirst 15 0 65536 0 0 0
2010945676555243 137212122871488 pump_end 1 2 0 0 0 0
2010945676555953 137212122871488 join_beg 1 0 0 0 0 0
2010945676557423 137212122871488 join_end 0 0 0 0 0 0
2010945676557643 137212122871488 book_beg 1 0 0 0 0 0
2010945676559103 137212122871488 batch 16 1 1 2 2 0
2010945676559303 137212122871488 book_end 1 0 0 0 0 0
2010945676559423 137212122871488 coll_beg 0 0 0 0 0 0
2010945678032059 137212122871488 coll_end 0 0 0 0 0 0
2010945678032249 137212122871488 rel_beg 1 0 0 0 0 0
2010945678032979 137212122871488 absorb 16 0 0 0 0 0
2010945678041649 137212122871488 rel_end 1 0 0 0 0 0
2010945678044309 137212122871488 wait_beg 0 0 0 0 0 0
2010945678122726 137212174624640 send 18 0 0 15 13 1
2010945679951019 137212174624640 send 2092986 0 0 15 13 1
2010945681177784 137212174624640 send 1651530 0 0 15 13 1
2010945681179374 137212174624640 send 14 0 0 15 13 1
2010945681180044 137212174624640 egress 16 1 0 13 0 0
2010945678053698 137212114478784 emit_beg 16 0 0 0 0 0
2010945678061788 137212114478784 dmg 0 1 0 0 3840 2400
2010945678062228 137212114478784 enc 15 15 1 -1 -1 0
2010945678389236 137212114478784 emit_end 16 0 0 0 0 0
2010945971400982 137212122871488 wait_end 0 0 0 0 0 0
2010945971406712 137212122871488 drain_beg 0 0 0 0 0 0
2010945971407622 137212122871488 drain_end 1 0 0 0 0 0
2010945971407952 137212122871488 take 17 0 0 0 0 0
2010945971408762 137212122871488 subm_beg 1 0 0 0 0 0
2010945971410892 137212122871488 submit 17 0 0 0 0 0
2010945971411052 137212122871488 subm_end 1 0 0 0 0 0
2010945971411212 137212122871488 pump_beg 1 0 0 0 0 0
2010945973070001 137212122871488 feedend 16 0 0 0 0 0
2010945963933515 137212174624640 cliack 14 0 15 16 0 0
2010945963934185 137212174624640 ackregion 15 16 16 14 1 0
2010945971377843 137212174624640 msgin 17 55296000 0 0 0 0
2010945971379283 137212174624640 enq 17 1 0 0 0 0
2010945974118683 137212122871488 feedend 16 1 0 0 0 0
2010945986321677 137212122871488 outfirst 16 1 65536 0 0 0
2010945987982156 137212122871488 outfirst 16 0 65536 0 0 0
2010945988310094 137212122871488 pump_end 1 2 0 0 0 0
2010945988310774 137212122871488 join_beg 1 0 0 0 0 0
2010945988312264 137212122871488 join_end 0 0 0 0 0 0
2010945988312394 137212122871488 book_beg 1 0 0 0 0 0
2010945988313554 137212122871488 batch 17 1 1 2 2 0
2010945988313584 137212122871488 book_end 1 0 0 0 0 0
2010945988313764 137212122871488 coll_beg 0 0 0 0 0 0
2010945989786271 137212122871488 coll_end 0 0 0 0 0 0
2010945989786651 137212122871488 rel_beg 1 0 0 0 0 0
2010945989787490 137212122871488 absorb 17 0 0 0 0 0
2010945989798730 137212122871488 rel_end 1 0 0 0 0 0
2010945989801480 137212122871488 wait_beg 0 0 0 0 0 0
2010945989881427 137212174624640 send 18 0 0 16 14 1
2010945991790157 137212174624640 send 2001945 0 0 16 14 1
2010945993094250 137212174624640 send 1682094 0 0 16 14 1
2010945993096270 137212174624640 send 14 0 0 16 14 1
2010945993097330 137212174624640 egress 17 1 0 14 0 0
2010945989815999 137212114478784 emit_beg 17 0 0 0 0 0
2010945989829089 137212114478784 dmg 0 1 0 0 3840 2400
2010945989829359 137212114478784 enc 16 16 1 -1 -1 0
2010945990232404 137212114478784 emit_end 17 0 0 0 0 0
2010946258958618 137212174624640 cliack 15 0 16 17 0 0
2010946258959448 137212174624640 ackregion 16 17 17 15 1 0
2010946265362184 137212122871488 wait_end 0 0 0 0 0 0
2010946265367073 137212122871488 drain_beg 0 0 0 0 0 0
2010946265367743 137212122871488 drain_end 1 0 0 0 0 0
2010946265368133 137212122871488 take 18 0 0 0 0 0
2010946265368863 137212122871488 subm_beg 1 0 0 0 0 0
2010946265370323 137212122871488 submit 18 0 0 0 0 0
2010946265370443 137212122871488 subm_end 1 0 0 0 0 0
2010946265370613 137212122871488 pump_beg 1 0 0 0 0 0
2010946266944926 137212122871488 feedend 17 0 0 0 0 0
2010946268070275 137212122871488 feedend 17 1 0 0 0 0
2010946265334605 137212174624640 msgin 18 55296000 0 0 0 0
2010946265335855 137212174624640 enq 18 1 0 0 0 0
2010946279900423 137212122871488 outfirst 17 1 65536 0 0 0
2010946280709133 137212122871488 outfirst 17 0 65536 0 0 0
2010946281025291 137212122871488 pump_end 1 2 0 0 0 0
2010946281026001 137212122871488 join_beg 1 0 0 0 0 0
2010946281027541 137212122871488 join_end 0 0 0 0 0 0
2010946281027711 137212122871488 book_beg 1 0 0 0 0 0
2010946281028971 137212122871488 batch 18 1 1 2 2 0
2010946281029131 137212122871488 book_end 1 0 0 0 0 0
2010946281029321 137212122871488 coll_beg 0 0 0 0 0 0
2010946282458239 137212122871488 coll_end 0 0 0 0 0 0
2010946282472569 137212122871488 rel_beg 1 0 0 0 0 0
2010946282473169 137212122871488 absorb 18 0 0 0 0 0
2010946282481868 137212122871488 rel_end 1 0 0 0 0 0
2010946282484498 137212122871488 wait_beg 0 0 0 0 0 0
2010946282591324 137212174624640 send 18 0 0 17 15 1
2010946284279753 137212174624640 send 1915717 0 0 17 15 1
2010946282498628 137212114478784 emit_beg 18 0 0 0 0 0
2010946282507577 137212114478784 dmg 0 1 0 0 3840 2400
2010946282507787 137212114478784 enc 17 17 1 -1 -1 0
2010946282807006 137212114478784 emit_end 18 0 0 0 0 0
2010946285533747 137212174624640 send 1566824 0 0 17 15 1
2010946285535397 137212174624640 send 14 0 0 17 15 1
2010946285536117 137212174624640 egress 18 1 0 15 0 0
2010946582173210 137212174624640 cliack 16 0 17 18 0 0
2010946582174050 137212174624640 ackregion 17 18 18 16 1 0
2010946589808741 137212122871488 wait_end 0 0 0 0 0 0
2010946589813131 137212122871488 drain_beg 0 0 0 0 0 0
2010946589813751 137212122871488 drain_end 1 0 0 0 0 0
2010946589813991 137212122871488 take 19 0 0 0 0 0
2010946589814601 137212122871488 subm_beg 1 0 0 0 0 0
2010946589816541 137212122871488 submit 19 0 0 0 0 0
2010946589816721 137212122871488 subm_end 1 0 0 0 0 0
2010946589816801 137212122871488 pump_beg 1 0 0 0 0 0
2010946591538218 137212122871488 feedend 18 0 0 0 0 0
2010946592569640 137212122871488 feedend 18 1 0 0 0 0
2010946589779882 137212174624640 msgin 19 55296000 0 0 0 0
2010946589781342 137212174624640 enq 19 1 0 0 0 0
2010946605975501 137212122871488 outfirst 18 1 65536 0 0 0
2010946606389326 137212122871488 outfirst 18 0 65536 0 0 0
2010946606753282 137212122871488 pump_end 1 2 0 0 0 0
2010946606753972 137212122871488 join_beg 1 0 0 0 0 0
2010946606755382 137212122871488 join_end 0 0 0 0 0 0
2010946606755622 137212122871488 book_beg 1 0 0 0 0 0
2010946606756982 137212122871488 batch 19 1 1 2 2 0
2010946606757042 137212122871488 book_end 1 0 0 0 0 0
2010946606757242 137212122871488 coll_beg 0 0 0 0 0 0
2010946608103703 137212122871488 coll_end 0 0 0 0 0 0
2010946608104013 137212122871488 rel_beg 1 0 0 0 0 0
2010946608104653 137212122871488 absorb 19 0 0 0 0 0
2010946608112713 137212122871488 rel_end 1 0 0 0 0 0
2010946608115333 137212122871488 wait_beg 0 0 0 0 0 0
2010946608232198 137212174624640 send 18 0 0 18 16 1
2010946609858949 137212174624640 send 2024122 0 0 18 16 1
2010946611149602 137212174624640 send 1709811 0 0 18 16 1
2010946611153422 137212174624640 send 14 0 0 18 16 1
2010946611154282 137212174624640 egress 19 1 0 16 0 0
2010946608131972 137212114478784 emit_beg 19 0 0 0 0 0
2010946608142112 137212114478784 dmg 0 1 0 0 3840 2400
2010946608142452 137212114478784 enc 18 18 1 -1 -1 0
2010946608457100 137212114478784 emit_end 19 0 0 0 0 0
2010946907947370 137212122871488 wait_end 0 0 0 0 0 0
2010946907953619 137212122871488 drain_beg 0 0 0 0 0 0
2010946907954549 137212122871488 drain_end 1 0 0 0 0 0
2010946907954979 137212122871488 take 20 0 0 0 0 0
2010946907955759 137212122871488 subm_beg 1 0 0 0 0 0
2010946907957439 137212122871488 submit 20 0 0 0 0 0
2010946907957549 137212122871488 subm_end 1 0 0 0 0 0
2010946907957619 137212122871488 pump_beg 1 0 0 0 0 0
2010946899846635 137212174624640 cliack 17 0 18 19 0 0
2010946899847365 137212174624640 ackregion 18 19 19 17 1 0
2010946907917871 137212174624640 msgin 20 55296000 0 0 0 0
2010946907920221 137212174624640 enq 20 1 0 0 0 0
2010946909647537 137212122871488 feedend 19 0 0 0 0 0
2010946910628482 137212122871488 feedend 19 1 0 0 0 0
2010946922384532 137212122871488 outfirst 19 1 65536 0 0 0
2010946922815436 137212122871488 outfirst 19 0 65536 0 0 0
2010946923234881 137212122871488 pump_end 1 2 0 0 0 0
2010946923235541 137212122871488 join_beg 1 0 0 0 0 0
2010946923237061 137212122871488 join_end 0 0 0 0 0 0
2010946923237271 137212122871488 book_beg 1 0 0 0 0 0
2010946923238651 137212122871488 batch 20 1 1 2 2 0
2010946923238791 137212122871488 book_end 1 0 0 0 0 0
2010946923238951 137212122871488 coll_beg 0 0 0 0 0 0
2010946924226105 137212122871488 coll_end 0 0 0 0 0 0
2010946924226165 137212122871488 rel_beg 1 0 0 0 0 0
2010946924226875 137212122871488 absorb 20 0 0 0 0 0
2010946924235354 137212122871488 rel_end 1 0 0 0 0 0
2010946924238194 137212122871488 wait_beg 0 0 0 0 0 0
2010946924345610 137212174624640 send 18 0 0 19 17 1
2010946925925593 137212174624640 send 1690310 0 0 19 17 1
2010946927068381 137212174624640 send 1445650 0 0 19 17 1
2010946927070361 137212174624640 send 14 0 0 19 17 1
2010946927071131 137212174624640 egress 20 1 0 17 0 0
2010946924258604 137212114478784 emit_beg 20 0 0 0 0 0
2010946924268823 137212114478784 dmg 0 1 0 0 3840 2400
2010946924269023 137212114478784 enc 19 19 1 -1 -1 0
2010946924709407 137212114478784 emit_end 20 0 0 0 0 0
2010947208604596 137212122871488 wait_end 0 0 0 0 0 0
2010947208607736 137212122871488 drain_beg 0 0 0 0 0 0
2010947208608326 137212122871488 drain_end 1 0 0 0 0 0
2010947208608506 137212122871488 take 21 0 0 0 0 0
2010947208609056 137212122871488 subm_beg 1 0 0 0 0 0
2010947208610556 137212122871488 submit 21 0 0 0 0 0
2010947208610716 137212122871488 subm_end 1 0 0 0 0 0
2010947208610886 137212122871488 pump_beg 1 0 0 0 0 0
2010947210164649 137212122871488 feedend 20 0 0 0 0 0
2010947210965720 137212122871488 feedend 20 1 0 0 0 0
2010947201515605 137212174624640 cliack 18 0 19 20 0 0
2010947201516375 137212174624640 ackregion 19 20 20 18 1 0
2010947208589577 137212174624640 msgin 21 55296000 0 0 0 0
2010947208591007 137212174624640 enq 21 1 0 0 0 0
2010947223105267 137212122871488 outfirst 20 1 65536 0 0 0
2010947223588149 137212122871488 outfirst 20 0 65536 0 0 0
2010947223905517 137212122871488 pump_end 1 2 0 0 0 0
2010947223906197 137212122871488 join_beg 1 0 0 0 0 0
2010947223907667 137212122871488 join_end 0 0 0 0 0 0
2010947223907917 137212122871488 book_beg 1 0 0 0 0 0
2010947223909237 137212122871488 batch 21 1 1 2 2 0
2010947223909307 137212122871488 book_end 1 0 0 0 0 0
2010947223909507 137212122871488 coll_beg 0 0 0 0 0 0
2010947225093894 137212122871488 coll_end 0 0 0 0 0 0
2010947225093944 137212122871488 rel_beg 1 0 0 0 0 0
2010947225094694 137212122871488 absorb 21 0 0 0 0 0
2010947225103583 137212122871488 rel_end 1 0 0 0 0 0
2010947225106463 137212122871488 wait_beg 0 0 0 0 0 0
2010947225247518 137212174624640 send 18 0 0 20 18 1
2010947226702465 137212174624640 send 1888918 0 0 20 18 1
2010947227778136 137212174624640 send 1511172 0 0 20 18 1
2010947227779936 137212174624640 send 14 0 0 20 18 1
2010947227780626 137212174624640 egress 21 1 0 18 0 0
2010947225116083 137212114478784 emit_beg 21 0 0 0 0 0
2010947225123903 137212114478784 dmg 0 1 0 0 3840 2400
2010947225124143 137212114478784 enc 20 20 1 -1 -1 0
2010947225375884 137212114478784 emit_end 21 0 0 0 0 0
2010947527867813 137212122871488 wait_end 0 0 0 0 0 0
2010947527870673 137212122871488 drain_beg 0 0 0 0 0 0
2010947527871023 137212122871488 drain_end 1 0 0 0 0 0
2010947527871183 137212122871488 take 22 0 0 0 0 0
2010947527871403 137212122871488 subm_beg 1 0 0 0 0 0
2010947527872533 137212122871488 submit 22 0 0 0 0 0
2010947527872653 137212122871488 subm_end 1 0 0 0 0 0
2010947527872673 137212122871488 pump_beg 1 0 0 0 0 0
2010947529409867 137212122871488 feedend 21 0 0 0 0 0
2010947530251026 137212122871488 feedend 21 1 0 0 0 0
2010947524521346 137212174624640 cliack 19 0 20 21 0 0
2010947524522236 137212174624640 ackregion 20 21 21 19 1 0
2010947527855874 137212174624640 msgin 22 55296000 0 0 0 0
2010947527857264 137212174624640 enq 22 1 0 0 0 0
2010947542137232 137212122871488 outfirst 21 1 65536 0 0 0
2010947543429405 137212122871488 outfirst 21 0 65536 0 0 0
2010947543687555 137212122871488 pump_end 1 2 0 0 0 0
2010947543688015 137212122871488 join_beg 1 0 0 0 0 0
2010947543688835 137212122871488 join_end 0 0 0 0 0 0
2010947543689025 137212122871488 book_beg 1 0 0 0 0 0
2010947543689865 137212122871488 batch 22 1 1 2 2 0
2010947543690015 137212122871488 book_end 1 0 0 0 0 0
2010947543690235 137212122871488 coll_beg 0 0 0 0 0 0
2010947544862343 137212122871488 coll_end 0 0 0 0 0 0
2010947544862613 137212122871488 rel_beg 1 0 0 0 0 0
2010947544863062 137212122871488 absorb 22 0 0 0 0 0
2010947544869612 137212122871488 rel_end 1 0 0 0 0 0
2010947544871562 137212122871488 wait_beg 0 0 0 0 0 0
2010947544969759 137212174624640 send 18 0 0 21 19 1
2010947546573040 137212174624640 send 1879594 0 0 21 19 1
2010947547729838 137212174624640 send 1626190 0 0 21 19 1
2010947547731288 137212174624640 send 14 0 0 21 19 1
2010947547731878 137212174624640 egress 22 1 0 19 0 0
2010947544881702 137212114478784 emit_beg 22 0 0 0 0 0
2010947544906101 137212114478784 dmg 0 1 0 0 3840 2400
2010947544906311 137212114478784 enc 21 21 1 -1 -1 0
2010947545204890 137212114478784 emit_end 22 0 0 0 0 0
2010947802458612 137212122871488 wait_end 0 0 0 0 0 0
2010947802461962 137212122871488 drain_beg 0 0 0 0 0 0
2010947802462562 137212122871488 drain_end 1 0 0 0 0 0
2010947802462852 137212122871488 take 23 0 0 0 0 0
2010947802463192 137212122871488 subm_beg 1 0 0 0 0 0
2010947802465022 137212122871488 submit 23 0 0 0 0 0
2010947802465182 137212122871488 subm_end 1 0 0 0 0 0
2010947802465332 137212122871488 pump_beg 1 0 0 0 0 0
2010947803976027 137212122871488 feedend 22 0 0 0 0 0
2010947804516457 137212122871488 feedend 22 1 0 0 0 0
2010947794634468 137212174624640 cliack 20 0 21 22 0 0
2010947794635318 137212174624640 ackregion 21 22 22 20 1 0
2010947802444883 137212174624640 msgin 23 55296000 0 0 0 0
2010947802446293 137212174624640 enq 23 1 0 0 0 0
2010947816961222 137212122871488 outfirst 22 1 65536 0 0 0
2010947818346512 137212122871488 outfirst 22 0 65536 0 0 0
2010947818682070 137212122871488 pump_end 1 2 0 0 0 0
2010947818682790 137212122871488 join_beg 1 0 0 0 0 0
2010947818684309 137212122871488 join_end 0 0 0 0 0 0
2010947818684559 137212122871488 book_beg 1 0 0 0 0 0
2010947818685819 137212122871488 batch 23 1 1 2 2 0
2010947818685989 137212122871488 book_end 1 0 0 0 0 0
2010947818686179 137212122871488 coll_beg 0 0 0 0 0 0
2010947819986682 137212122871488 coll_end 0 0 0 0 0 0
2010947819986922 137212122871488 rel_beg 1 0 0 0 0 0
2010947819987692 137212122871488 absorb 23 0 0 0 0 0
2010947819995512 137212122871488 rel_end 1 0 0 0 0 0
2010947819998341 137212122871488 wait_beg 0 0 0 0 0 0
2010947820102988 137212174624640 send 18 0 0 22 20 1
2010947821803826 137212174624640 send 1983991 0 0 22 20 1
2010947823017131 137212174624640 send 1576032 0 0 22 20 1
2010947823018841 137212174624640 send 14 0 0 22 20 1
2010947823019401 137212174624640 egress 23 1 0 20 0 0
2010947820009211 137212114478784 emit_beg 23 0 0 0 0 0
2010947820019321 137212114478784 dmg 0 1 0 0 3840 2400
2010947820019621 137212114478784 enc 22 22 1 -1 -1 0
2010947820319280 137212114478784 emit_end 23 0 0 0 0 0
2010948094248803 137212122871488 wait_end 0 0 0 0 0 0
2010948094253183 137212122871488 drain_beg 0 0 0 0 0 0
2010948094253803 137212122871488 drain_end 1 0 0 0 0 0
2010948094254073 137212122871488 take 24 0 0 0 0 0
2010948094254653 137212122871488 subm_beg 1 0 0 0 0 0
2010948094256553 137212122871488 submit 24 0 0 0 0 0
2010948094256713 137212122871488 subm_end 1 0 0 0 0 0
2010948094256753 137212122871488 pump_beg 1 0 0 0 0 0
2010948095687730 137212122871488 feedend 23 0 0 0 0 0
2010948088758174 137212174624640 cliack 21 0 22 23 0 0
2010948088758924 137212174624640 ackregion 22 23 23 21 1 0
2010948094233864 137212174624640 msgin 24 55296000 0 0 0 0
2010948094235503 137212174624640 enq 24 1 0 0 0 0
2010948096492841 137212122871488 feedend 23 1 0 0 0 0
2010948109362311 137212122871488 outfirst 23 1 65536 0 0 0
2010948110257178 137212122871488 outfirst 23 0 65536 0 0 0
2010948110524678 137212122871488 pump_end 1 2 0 0 0 0
2010948110525328 137212122871488 join_beg 1 0 0 0 0 0
2010948110526898 137212122871488 join_end 0 0 0 0 0 0
2010948110527018 137212122871488 book_beg 1 0 0 0 0 0
2010948110528408 137212122871488 batch 24 1 1 2 2 0
2010948110528438 137212122871488 book_end 1 0 0 0 0 0
2010948110528598 137212122871488 coll_beg 0 0 0 0 0 0
2010948111817551 137212122871488 coll_end 0 0 0 0 0 0
2010948111817741 137212122871488 rel_beg 1 0 0 0 0 0
2010948111818731 137212122871488 absorb 24 0 0 0 0 0
2010948111827181 137212122871488 rel_end 1 0 0 0 0 0
2010948111829591 137212122871488 wait_beg 0 0 0 0 0 0
2010948111904748 137212174624640 send 18 0 0 23 21 1
2010948113975262 137212174624640 send 2079616 0 0 23 21 1
2010948115400060 137212174624640 send 1768978 0 0 23 21 1
2010948115401760 137212174624640 send 14 0 0 23 21 1
2010948115402820 137212174624640 egress 24 1 0 21 0 0
2010948111843510 137212114478784 emit_beg 24 0 0 0 0 0
2010948111857420 137212114478784 dmg 0 1 0 0 3840 2400
2010948111857670 137212114478784 enc 23 23 1 -1 -1 0
2010948112117500 137212114478784 emit_end 24 0 0 0 0 0
2010948391261283 137212174624640 cliack 22 0 23 24 0 0
2010948391262163 137212174624640 ackregion 23 24 24 22 1 0
2010948398868375 137212122871488 wait_end 0 0 0 0 0 0
2010948398871555 137212122871488 drain_beg 0 0 0 0 0 0
2010948398872115 137212122871488 drain_end 1 0 0 0 0 0
2010948398872385 137212122871488 take 25 0 0 0 0 0
2010948398872995 137212122871488 subm_beg 1 0 0 0 0 0
2010948398874285 137212122871488 submit 25 0 0 0 0 0
2010948398874435 137212122871488 subm_end 1 0 0 0 0 0
2010948398874475 137212122871488 pump_beg 1 0 0 0 0 0
2010948400641630 137212122871488 feedend 24 0 0 0 0 0
2010948401720921 137212122871488 feedend 24 1 0 0 0 0
2010948398853766 137212174624640 msgin 25 55296000 0 0 0 0
2010948398855175 137212174624640 enq 25 1 0 0 0 0
2010948416422494 137212122871488 outfirst 24 0 65536 0 0 0
2010948417098169 137212122871488 outfirst 24 1 65536 0 0 0
2010948417424757 137212122871488 pump_end 1 2 0 0 0 0
2010948417425487 137212122871488 join_beg 1 0 0 0 0 0
2010948417427007 137212122871488 join_end 0 0 0 0 0 0
2010948417427247 137212122871488 book_beg 1 0 0 0 0 0
2010948417428617 137212122871488 batch 25 1 1 2 2 0
2010948417428907 137212122871488 book_end 1 0 0 0 0 0
2010948417429097 137212122871488 coll_beg 0 0 0 0 0 0
2010948418895003 137212122871488 coll_end 0 0 0 0 0 0
2010948418895713 137212122871488 rel_beg 1 0 0 0 0 0
2010948418896623 137212122871488 absorb 25 0 0 0 0 0
2010948418905343 137212122871488 rel_end 1 0 0 0 0 0
2010948418922972 137212122871488 wait_beg 0 0 0 0 0 0
2010948419033458 137212174624640 send 18 0 0 24 22 1
2010948421024066 137212174624640 send 2218026 0 0 24 22 1
2010948422300019 137212174624640 send 1891258 0 0 24 22 1
2010948422301969 137212174624640 send 14 0 0 24 22 1
2010948422302649 137212174624640 egress 25 1 501 22 0 0
2010948418950381 137212114478784 emit_beg 25 0 0 0 0 0
2010948418961301 137212114478784 dmg 0 1 0 0 3840 2400
2010948418961581 137212114478784 enc 24 24 1 -1 -1 0
2010948419399055 137212114478784 emit_end 25 0 0 0 0 0
2010948706197318 137212122871488 wait_end 0 0 0 0 0 0
2010948706200948 137212122871488 drain_beg 0 0 0 0 0 0
2010948706201458 137212122871488 drain_end 1 0 0 0 0 0
2010948706201728 137212122871488 take 26 0 0 0 0 0
2010948706202548 137212122871488 subm_beg 1 0 0 0 0 0
2010948706204488 137212122871488 submit 26 0 0 0 0 0
2010948706204638 137212122871488 subm_end 1 0 0 0 0 0
2010948706204678 137212122871488 pump_beg 1 0 0 0 0 0
2010948707786410 137212122871488 feedend 25 0 0 0 0 0
2010948708885040 137212122871488 feedend 25 1 0 0 0 0
2010948699513452 137212174624640 cliack 23 0 24 25 0 0
2010948699514202 137212174624640 ackregion 24 25 25 23 1 0
2010948706181139 137212174624640 msgin 26 55296000 0 0 0 0
2010948706183938 137212174624640 enq 26 1 0 0 0 0
2010948720398059 137212122871488 outfirst 25 1 65536 0 0 0
2010948720690209 137212122871488 outfirst 25 0 65536 0 0 0
2010948721045766 137212122871488 pump_end 1 2 0 0 0 0
2010948721046226 137212122871488 join_beg 1 0 0 0 0 0
2010948721047796 137212122871488 join_end 0 0 0 0 0 0
2010948721048116 137212122871488 book_beg 1 0 0 0 0 0
2010948721049275 137212122871488 batch 26 1 1 2 2 0
2010948721049425 137212122871488 book_end 1 0 0 0 0 0
2010948721049495 137212122871488 coll_beg 0 0 0 0 0 0
2010948722032680 137212122871488 coll_end 0 0 0 0 0 0
2010948722032910 137212122871488 rel_beg 1 0 0 0 0 0
2010948722033370 137212122871488 absorb 26 0 0 0 0 0
2010948722041899 137212122871488 rel_end 1 0 0 0 0 0
2010948722045329 137212122871488 wait_beg 0 0 0 0 0 0
2010948722156545 137212174624640 send 18 0 0 25 23 1
2010948723571493 137212174624640 send 1616741 0 0 25 23 1
2010948724641994 137212174624640 send 1391440 0 0 25 23 1
2010948724642694 137212174624640 send 14 0 0 25 23 1
2010948724643284 137212174624640 egress 26 1 11 23 0 0
2010948722056209 137212114478784 emit_beg 26 0 0 0 0 0
2010948722065178 137212114478784 dmg 0 1 0 0 3840 2400
2010948722065488 137212114478784 enc 25 25 1 -1 -1 0
2010948722406136 137212114478784 emit_end 26 0 0 0 0 0
2010949031311951 137212174624640 cliack 24 0 25 26 0 0
2010949031313091 137212174624640 ackregion 25 26 26 24 1 0
2010949036882558 137212122871488 wait_end 0 0 0 0 0 0
2010949036885338 137212122871488 drain_beg 0 0 0 0 0 0
2010949036885908 137212122871488 drain_end 1 0 0 0 0 0
2010949036886258 137212122871488 take 27 0 0 0 0 0
2010949036886798 137212122871488 subm_beg 1 0 0 0 0 0
2010949036888298 137212122871488 submit 27 0 0 0 0 0
2010949036888438 137212122871488 subm_end 1 0 0 0 0 0
2010949036888478 137212122871488 pump_beg 1 0 0 0 0 0
2010949038425241 137212122871488 feedend 26 0 0 0 0 0
2010949039328638 137212122871488 feedend 26 1 0 0 0 0
2010949036867948 137212174624640 msgin 27 55296000 0 0 0 0
2010949036869408 137212174624640 enq 27 1 0 0 0 0
2010949051805783 137212122871488 outfirst 26 1 65536 0 0 0
2010949052763438 137212122871488 outfirst 26 0 65536 0 0 0
2010949053089366 137212122871488 pump_end 1 2 0 0 0 0
2010949053090056 137212122871488 join_beg 1 0 0 0 0 0
2010949053091486 137212122871488 join_end 0 0 0 0 0 0
2010949053091706 137212122871488 book_beg 1 0 0 0 0 0
2010949053093126 137212122871488 batch 27 1 1 2 2 0
2010949053093266 137212122871488 book_end 1 0 0 0 0 0
2010949053093436 137212122871488 coll_beg 0 0 0 0 0 0
2010949054403818 137212122871488 coll_end 0 0 0 0 0 0
2010949054404138 137212122871488 rel_beg 1 0 0 0 0 0
2010949054404898 137212122871488 absorb 27 0 0 0 0 0
2010949054412357 137212122871488 rel_end 1 0 0 0 0 0
2010949054415067 137212122871488 wait_beg 0 0 0 0 0 0
2010949054520673 137212174624640 send 18 0 0 26 24 1
2010949056772221 137212174624640 send 1996668 0 0 26 24 1
2010949058318735 137212174624640 send 1786126 0 0 26 24 1
2010949058320815 137212174624640 send 14 0 0 26 24 1
2010949058321835 137212174624640 egress 27 1 0 24 0 0
2010949054424387 137212114478784 emit_beg 27 0 0 0 0 0
2010949054433257 137212114478784 dmg 0 1 0 0 3840 2400
2010949054433527 137212114478784 enc 26 26 1 -1 -1 0
2010949054735296 137212114478784 emit_end 27 0 0 0 0 0
2010949605731737 137212174624640 cliack 25 0 26 27 0 0
2010949605732527 137212174624640 ackregion 26 27 27 25 1 0
2010949615696543 137212122871488 wait_end 0 0 0 0 0 0
2010949615700173 137212122871488 drain_beg 0 0 0 0 0 0
2010949615700753 137212122871488 drain_end 1 0 0 0 0 0
2010949615700923 137212122871488 take 28 0 0 0 0 0
2010949615701533 137212122871488 subm_beg 1 0 0 0 0 0
2010949615702953 137212122871488 submit 28 0 0 0 0 0
2010949615703123 137212122871488 subm_end 1 0 0 0 0 0
2010949615703153 137212122871488 pump_beg 1 0 0 0 0 0
2010949617433640 137212122871488 feedend 27 0 0 0 0 0
2010949618251590 137212122871488 feedend 27 1 0 0 0 0
2010949615680694 137212174624640 msgin 28 55296000 0 0 0 0
2010949615683184 137212174624640 enq 28 1 0 0 0 0
2010949631068452 137212122871488 outfirst 27 1 65536 0 0 0
2010949631954089 137212122871488 outfirst 27 0 65536 0 0 0
2010949632414923 137212122871488 pump_end 1 2 0 0 0 0
2010949632415653 137212122871488 join_beg 1 0 0 0 0 0
2010949632417123 137212122871488 join_end 0 0 0 0 0 0
2010949632417313 137212122871488 book_beg 1 0 0 0 0 0
2010949632418583 137212122871488 batch 28 1 1 2 2 0
2010949632418712 137212122871488 book_end 1 0 0 0 0 0
2010949632418752 137212122871488 coll_beg 0 0 0 0 0 0
2010949633700466 137212122871488 coll_end 0 0 0 0 0 0
2010949633700696 137212122871488 rel_beg 1 0 0 0 0 0
2010949633701296 137212122871488 absorb 28 0 0 0 0 0
2010949633708655 137212122871488 rel_end 1 0 0 0 0 0
2010949633710835 137212122871488 wait_beg 0 0 0 0 0 0
2010949633803532 137212174624640 send 18 0 0 27 25 1
2010949633735344 137212114478784 emit_beg 28 0 0 0 0 0
2010949633749574 137212114478784 dmg 0 1 0 0 3840 2400
2010949633749834 137212114478784 enc 27 27 1 -1 -1 0
2010949634019834 137212114478784 emit_end 28 0 0 0 0 0
2010949635382704 137212174624640 send 1947764 0 0 27 25 1
2010949636681627 137212174624640 send 1525006 0 0 27 25 1
2010949636684607 137212174624640 send 14 0 0 27 25 1
2010949636685497 137212174624640 egress 28 1 0 25 0 0
2010949865350283 137212174624640 cliack 26 0 27 28 0 0
2010949865350983 137212174624640 ackregion 27 28 28 26 1 0
2010949875076228 137212122871488 wait_end 0 0 0 0 0 0
2010949875079608 137212122871488 drain_beg 0 0 0 0 0 0
2010949875080218 137212122871488 drain_end 1 0 0 0 0 0
2010949875080548 137212122871488 take 29 0 0 0 0 0
2010949875081148 137212122871488 subm_beg 1 0 0 0 0 0
2010949875083238 137212122871488 submit 29 0 0 0 0 0
2010949875083408 137212122871488 subm_end 1 0 0 0 0 0
2010949875083578 137212122871488 pump_beg 1 0 0 0 0 0
2010949875061139 137212174624640 msgin 29 55296000 0 0 0 0
2010949875063438 137212174624640 enq 29 1 0 0 0 0
2010949876882882 137212122871488 feedend 28 0 0 0 0 0
2010949877386614 137212122871488 feedend 28 1 0 0 0 0
2010949891063194 137212122871488 outfirst 28 0 65536 0 0 0
2010949892261710 137212122871488 outfirst 28 1 65536 0 0 0
2010949892560949 137212122871488 pump_end 1 2 0 0 0 0
2010949892561629 137212122871488 join_beg 1 0 0 0 0 0
2010949892563089 137212122871488 join_end 0 0 0 0 0 0
2010949892563269 137212122871488 book_beg 1 0 0 0 0 0
2010949892564559 137212122871488 batch 29 1 1 2 2 0
2010949892564609 137212122871488 book_end 1 0 0 0 0 0
2010949892564679 137212122871488 coll_beg 0 0 0 0 0 0
2010949893769155 137212122871488 coll_end 0 0 0 0 0 0
2010949893769215 137212122871488 rel_beg 1 0 0 0 0 0
2010949893769955 137212122871488 absorb 29 0 0 0 0 0
2010949893777715 137212122871488 rel_end 1 0 0 0 0 0
2010949893780585 137212122871488 wait_beg 0 0 0 0 0 0
2010949893870051 137212174624640 send 18 0 0 28 26 1
2010949895363587 137212174624640 send 1692557 0 0 28 26 1
2010949893790224 137212114478784 emit_beg 29 0 0 0 0 0
2010949893799534 137212114478784 dmg 0 1 0 0 3840 2400
2010949893799804 137212114478784 enc 28 28 1 -1 -1 0
2010949894080914 137212114478784 emit_end 29 0 0 0 0 0
2010949896426048 137212174624640 send 1371401 0 0 28 26 1
2010949896431108 137212174624640 send 14 0 0 28 26 1
2010949896431798 137212174624640 egress 29 1 0 26 0 0
2010950195810281 137212122871488 wait_end 0 0 0 0 0 0
2010950195813121 137212122871488 drain_beg 0 0 0 0 0 0
2010950195813661 137212122871488 drain_end 1 0 0 0 0 0
2010950195813941 137212122871488 take 30 0 0 0 0 0
2010950195814441 137212122871488 subm_beg 1 0 0 0 0 0
2010950195816401 137212122871488 submit 30 0 0 0 0 0
2010950195816581 137212122871488 subm_end 1 0 0 0 0 0
2010950195816621 137212122871488 pump_beg 1 0 0 0 0 0
2010950197630525 137212122871488 feedend 29 0 0 0 0 0
2010950192313409 137212174624640 cliack 27 0 28 29 0 0
2010950192314209 137212174624640 ackregion 28 29 29 27 1 0
2010950195793452 137212174624640 msgin 30 55296000 0 0 0 0
2010950195795312 137212174624640 enq 30 1 0 0 0 0
2010950198606389 137212122871488 feedend 29 1 0 0 0 0
2010950211951362 137212122871488 outfirst 29 1 65536 0 0 0
2010950212342247 137212122871488 outfirst 29 0 32768 0 0 0
2010950212722103 137212122871488 pump_end 1 2 0 0 0 0
2010950212722733 137212122871488 join_beg 1 0 0 0 0 0
2010950212724073 137212122871488 join_end 0 0 0 0 0 0
2010950212724233 137212122871488 book_beg 1 0 0 0 0 0
2010950212725363 137212122871488 batch 30 1 1 2 2 0
2010950212725393 137212122871488 book_end 1 0 0 0 0 0
2010950212725683 137212122871488 coll_beg 0 0 0 0 0 0
2010950213997787 137212122871488 coll_end 0 0 0 0 0 0
2010950213997847 137212122871488 rel_beg 1 0 0 0 0 0
2010950213998567 137212122871488 absorb 30 0 0 0 0 0
2010950214008066 137212122871488 rel_end 1 0 0 0 0 0
2010950214012606 137212122871488 wait_beg 0 0 0 0 0 0
2010950214110683 137212174624640 send 18 0 0 29 27 1
2010950215945816 137212174624640 send 2068209 0 0 29 27 1
2010950217209079 137212174624640 send 1727619 0 0 29 27 1
2010950217211039 137212174624640 send 14 0 0 29 27 1
2010950217211759 137212174624640 egress 30 1 0 27 0 0
2010950214022516 137212114478784 emit_beg 30 0 0 0 0 0
2010950214032766 137212114478784 dmg 0 1 0 0 3840 2400
2010950214032946 137212114478784 enc 29 29 1 -1 -1 0
2010950214370693 137212114478784 emit_end 30 0 0 0 0 0
2010950499740368 137212122871488 wait_end 0 0 0 0 0 0
2010950499743918 137212122871488 drain_beg 0 0 0 0 0 0
2010950499744478 137212122871488 drain_end 1 0 0 0 0 0
2010950499744768 137212122871488 take 31 0 0 0 0 0
2010950499745258 137212122871488 subm_beg 1 0 0 0 0 0
2010950499747278 137212122871488 submit 31 0 0 0 0 0
2010950499747428 137212122871488 subm_end 1 0 0 0 0 0
2010950499747468 137212122871488 pump_beg 1 0 0 0 0 0
2010950492005931 137212174624640 cliack 28 0 29 30 0 0
2010950492006721 137212174624640 ackregion 29 30 30 28 1 0
2010950499725619 137212174624640 msgin 31 55296000 0 0 0 0
2010950499727289 137212174624640 enq 31 1 0 0 0 0
2010950501997976 137212122871488 feedend 30 0 0 0 0 0
2010950502438330 137212122871488 feedend 30 1 0 0 0 0
2010950517012997 137212122871488 outfirst 30 1 65536 0 0 0
2010950518135966 137212122871488 outfirst 30 0 65536 0 0 0
2010950518773863 137212122871488 pump_end 1 2 0 0 0 0
2010950518774273 137212122871488 join_beg 1 0 0 0 0 0
2010950518775813 137212122871488 join_end 0 0 0 0 0 0
2010950518776183 137212122871488 book_beg 1 0 0 0 0 0
2010950518777583 137212122871488 batch 31 1 1 2 2 0
2010950518777613 137212122871488 book_end 1 0 0 0 0 0
2010950518777783 137212122871488 coll_beg 0 0 0 0 0 0
2010950520371015 137212122871488 coll_end 0 0 0 0 0 0
2010950520371305 137212122871488 rel_beg 1 0 0 0 0 0
2010950520372235 137212122871488 absorb 31 0 0 0 0 0
2010950520381194 137212122871488 rel_end 1 0 0 0 0 0
2010950520383914 137212122871488 wait_beg 0 0 0 0 0 0
2010950520398864 137212114478784 emit_beg 31 0 0 0 0 0
2010950520411843 137212114478784 dmg 0 1 0 0 3840 2400
2010950520412153 137212114478784 enc 30 30 1 -1 -1 0
2010950520495850 137212174624640 send 18 0 0 30 28 1
2010950523056407 137212174624640 send 2388816 0 0 30 28 1
2010950524477135 137212174624640 send 1985986 0 0 30 28 1
2010950524478015 137212174624640 send 14 0 0 30 28 1
2010950524478795 137212174624640 egress 31 1 239 28 0 0
2010950520925824 137212114478784 emit_end 31 0 0 0 0 0
2010950757271591 137212174624640 cliack 29 0 30 31 0 0
2010950757272371 137212174624640 ackregion 30 31 31 29 1 0
2010950765894356 137212122871488 wait_end 0 0 0 0 0 0
2010950765898256 137212122871488 drain_beg 0 0 0 0 0 0
2010950765898896 137212122871488 drain_end 1 0 0 0 0 0
2010950765899086 137212122871488 take 32 0 0 0 0 0
2010950765899796 137212122871488 subm_beg 1 0 0 0 0 0
2010950765901645 137212122871488 submit 32 0 0 0 0 0
2010950765901815 137212122871488 subm_end 1 0 0 0 0 0
2010950765901865 137212122871488 pump_beg 1 0 0 0 0 0
2010950767891083 137212122871488 feedend 31 0 0 0 0 0
2010950768775000 137212122871488 feedend 31 1 0 0 0 0
2010950765877666 137212174624640 msgin 32 55296000 0 0 0 0
2010950765879246 137212174624640 enq 32 1 0 0 0 0
2010950782202320 137212122871488 outfirst 31 1 65536 0 0 0
2010950783470934 137212122871488 outfirst 31 0 65536 0 0 0
2010950783909108 137212122871488 pump_end 1 2 0 0 0 0
2010950783909827 137212122871488 join_beg 1 0 0 0 0 0
2010950783911367 137212122871488 join_end 0 0 0 0 0 0
2010950783911627 137212122871488 book_beg 1 0 0 0 0 0
2010950783913027 137212122871488 batch 32 1 1 2 2 0
2010950783913087 137212122871488 book_end 1 0 0 0 0 0
2010950783913327 137212122871488 coll_beg 0 0 0 0 0 0
2010950785630535 137212122871488 coll_end 0 0 0 0 0 0
2010950785630595 137212122871488 rel_beg 1 0 0 0 0 0
2010950785631205 137212122871488 absorb 32 0 0 0 0 0
2010950785638754 137212122871488 rel_end 1 0 0 0 0 0
2010950785641014 137212122871488 wait_beg 0 0 0 0 0 0
2010950785733511 137212174624640 send 18 0 0 31 29 1
2010950787887902 137212174624640 send 2127802 0 0 31 29 1
2010950789741115 137212174624640 send 1882510 0 0 31 29 1
2010950789744604 137212174624640 send 14 0 0 31 29 1
2010950789745264 137212174624640 egress 32 1 1161 29 0 0
2010950785655154 137212114478784 emit_beg 32 0 0 0 0 0
2010950785665863 137212114478784 dmg 0 1 0 0 3840 2400
2010950785666293 137212114478784 enc 31 31 1 -1 -1 0
2010950785969312 137212114478784 emit_end 32 0 0 0 0 0
2010951092963808 137212122871488 wait_end 0 0 0 0 0 0
2010951092979337 137212122871488 drain_beg 0 0 0 0 0 0
2010951092979847 137212122871488 drain_end 1 0 0 0 0 0
2010951092980117 137212122871488 take 33 0 0 0 0 0
2010951092980697 137212122871488 subm_beg 1 0 0 0 0 0
2010951092982337 137212122871488 submit 33 0 0 0 0 0
2010951092982487 137212122871488 subm_end 1 0 0 0 0 0
2010951092982527 137212122871488 pump_beg 1 0 0 0 0 0
2010951084800126 137212174624640 cliack 30 0 31 32 0 0
2010951084801226 137212174624640 ackregion 31 32 32 30 1 0
2010951092947258 137212174624640 msgin 33 55296000 0 0 0 0
2010951092949528 137212174624640 enq 33 1 0 0 0 0
2010951094829869 137212122871488 feedend 32 0 0 0 0 0
2010951095409188 137212122871488 feedend 32 1 0 0 0 0
2010951108239269 137212122871488 outfirst 32 1 65536 0 0 0
2010951109360219 137212122871488 outfirst 32 0 65536 0 0 0
2010951109724595 137212122871488 pump_end 1 2 0 0 0 0
2010951109725075 137212122871488 join_beg 1 0 0 0 0 0
2010951109726465 137212122871488 join_end 0 0 0 0 0 0
2010951109726665 137212122871488 book_beg 1 0 0 0 0 0
2010951109727835 137212122871488 batch 33 1 1 2 2 0
2010951109727965 137212122871488 book_end 1 0 0 0 0 0
2010951109728205 137212122871488 coll_beg 0 0 0 0 0 0
2010951110976739 137212122871488 coll_end 0 0 0 0 0 0
2010951110976999 137212122871488 rel_beg 1 0 0 0 0 0
2010951110977539 137212122871488 absorb 33 0 0 0 0 0
2010951110985769 137212122871488 rel_end 1 0 0 0 0 0
2010951110987829 137212122871488 wait_beg 0 0 0 0 0 0
2010951111076756 137212174624640 send 18 0 0 32 30 1
2010951113128171 137212174624640 send 2043798 0 0 32 30 1
2010951110997369 137212114478784 emit_beg 33 0 0 0 0 0
2010951111008498 137212114478784 dmg 0 1 0 0 3840 2400
2010951111008818 137212114478784 enc 32 32 1 -1 -1 0
2010951111385355 137212114478784 emit_end 33 0 0 0 0 0
2010951114667005 137212174624640 send 1724105 0 0 32 30 1
2010951114669395 137212174624640 send 14 0 0 32 30 1
2010951114670095 137212174624640 egress 33 1 1168 30 0 0
2010951462779618 137212174624640 cliack 31 0 32 33 0 0
2010951462780288 137212174624640 ackregion 32 33 33 31 1 0
2010951470981098 137212122871488 wait_end 0 0 0 0 0 0
2010951470984088 137212122871488 drain_beg 0 0 0 0 0 0
2010951470984648 137212122871488 drain_end 1 0 0 0 0 0
2010951470984958 137212122871488 take 34 0 0 0 0 0
2010951470985438 137212122871488 subm_beg 1 0 0 0 0 0
2010951470986788 137212122871488 submit 34 0 0 0 0 0
2010951470986928 137212122871488 subm_end 1 0 0 0 0 0
2010951470986968 137212122871488 pump_beg 1 0 0 0 0 0
2010951472939097 137212122871488 feedend 33 0 0 0 0 0
2010951473860883 137212122871488 feedend 33 1 0 0 0 0
2010951470967719 137212174624640 msgin 34 55296000 0 0 0 0
2010951470969199 137212174624640 enq 34 1 0 0 0 0
2010951486672365 137212122871488 outfirst 33 1 65536 0 0 0
2010951488161811 137212122871488 outfirst 33 0 65536 0 0 0
2010951488628924 137212122871488 pump_end 1 2 0 0 0 0
2010951488629594 137212122871488 join_beg 1 0 0 0 0 0
2010951488631274 137212122871488 join_end 0 0 0 0 0 0
2010951488631484 137212122871488 book_beg 1 0 0 0 0 0
2010951488632684 137212122871488 batch 34 1 1 2 2 0
2010951488632844 137212122871488 book_end 1 0 0 0 0 0
2010951488633014 137212122871488 coll_beg 0 0 0 0 0 0
2010951489852009 137212122871488 coll_end 0 0 0 0 0 0
2010951489852249 137212122871488 rel_beg 1 0 0 0 0 0
2010951489853069 137212122871488 absorb 34 0 0 0 0 0
2010951489860799 137212122871488 rel_end 1 0 0 0 0 0
2010951489863579 137212122871488 wait_beg 0 0 0 0 0 0
2010951489977484 137212174624640 send 18 0 0 33 31 1
2010951491671722 137212174624640 send 2031383 0 0 33 31 1
2010951492763043 137212174624640 send 1724896 0 0 33 31 1
2010951492764323 137212174624640 send 14 0 0 33 31 1
2010951492764963 137212174624640 egress 34 1 542 31 0 0
2010951489875118 137212114478784 emit_beg 34 0 0 0 0 0
2010951489883448 137212114478784 dmg 0 1 0 0 3840 2400
2010951489883758 137212114478784 enc 33 33 1 -1 -1 0
2010951490164958 137212114478784 emit_end 34 0 0 0 0 0
2010951817076805 137212122871488 wait_end 0 0 0 0 0 0
2010951817080095 137212122871488 drain_beg 0 0 0 0 0 0
2010951817080695 137212122871488 drain_end 1 0 0 0 0 0
2010951817080955 137212122871488 take 35 0 0 0 0 0
2010951817081425 137212122871488 subm_beg 1 0 0 0 0 0
2010951817083435 137212122871488 submit 35 0 0 0 0 0
2010951817083595 137212122871488 subm_end 1 0 0 0 0 0
2010951817083955 137212122871488 pump_beg 1 0 0 0 0 0
2010951809238171 137212174624640 cliack 32 0 33 34 0 0
2010951809239011 137212174624640 ackregion 33 34 34 32 1 0
2010951817063056 137212174624640 msgin 35 55296000 0 0 0 0
2010951817064676 137212174624640 enq 35 1 0 0 0 0
2010951819107461 137212122871488 feedend 34 0 0 0 0 0
2010951820254549 137212122871488 feedend 34 1 0 0 0 0
2010951834968712 137212122871488 outfirst 34 1 65536 0 0 0
2010951836485726 137212122871488 outfirst 34 0 65536 0 0 0
2010951836884902 137212122871488 pump_end 1 2 0 0 0 0
2010951836885832 137212122871488 join_beg 1 0 0 0 0 0
2010951836887282 137212122871488 join_end 0 0 0 0 0 0
2010951836887462 137212122871488 book_beg 1 0 0 0 0 0
2010951836888961 137212122871488 batch 35 1 1 2 2 0
2010951836889101 137212122871488 book_end 1 0 0 0 0 0
2010951836889281 137212122871488 coll_beg 0 0 0 0 0 0
2010951838876819 137212122871488 coll_end 0 0 0 0 0 0
2010951838877109 137212122871488 rel_beg 1 0 0 0 0 0
2010951838877969 137212122871488 absorb 35 0 0 0 0 0
2010951838887098 137212122871488 rel_end 1 0 0 0 0 0
2010951838889788 137212122871488 wait_beg 0 0 0 0 0 0
2010951838990965 137212174624640 send 18 0 0 34 32 1
2010951840911994 137212174624640 send 2257187 0 0 34 32 1
2010951842327503 137212174624640 send 1982176 0 0 34 32 1
2010951842329753 137212174624640 send 14 0 0 34 32 1
2010951842330533 137212174624640 egress 35 1 733 32 0 0
2010951838897678 137212114478784 emit_beg 35 0 0 0 0 0
2010951838906188 137212114478784 dmg 0 1 0 0 3840 2400
2010951838906428 137212114478784 enc 34 34 1 -1 -1 0
2010951839240806 137212114478784 emit_end 35 0 0 0 0 0
2010952134974022 137212174624640 cliack 33 0 34 35 0 0
2010952134974942 137212174624640 ackregion 34 35 35 33 1 0
2010952139944371 137212122871488 wait_end 0 0 0 0 0 0
2010952139947551 137212122871488 drain_beg 0 0 0 0 0 0
2010952139948180 137212122871488 drain_end 1 0 0 0 0 0
2010952139948460 137212122871488 take 36 0 0 0 0 0
2010952139948820 137212122871488 subm_beg 1 0 0 0 0 0
2010952139950320 137212122871488 submit 36 0 0 0 0 0
2010952139950470 137212122871488 subm_end 1 0 0 0 0 0
2010952139950510 137212122871488 pump_beg 1 0 0 0 0 0
2010952141484774 137212122871488 feedend 35 0 0 0 0 0
2010952142454149 137212122871488 feedend 35 1 0 0 0 0
2010952139931241 137212174624640 msgin 36 55296000 0 0 0 0
2010952139932731 137212174624640 enq 36 1 0 0 0 0
2010952154953282 137212122871488 outfirst 35 1 65536 0 0 0
2010952155334908 137212122871488 outfirst 35 0 65536 0 0 0
2010952155642917 137212122871488 pump_end 1 2 0 0 0 0
2010952155643717 137212122871488 join_beg 1 0 0 0 0 0
2010952155645167 137212122871488 join_end 0 0 0 0 0 0
2010952155652727 137212122871488 book_beg 1 0 0 0 0 0
2010952155654057 137212122871488 batch 36 1 1 2 2 0
2010952155654117 137212122871488 book_end 1 0 0 0 0 0
2010952155654307 137212122871488 coll_beg 0 0 0 0 0 0
2010952156899411 137212122871488 coll_end 0 0 0 0 0 0
2010952156899611 137212122871488 rel_beg 1 0 0 0 0 0
2010952156900071 137212122871488 absorb 36 0 0 0 0 0
2010952156907311 137212122871488 rel_end 1 0 0 0 0 0
2010952156909721 137212122871488 wait_beg 0 0 0 0 0 0
2010952157007407 137212174624640 send 18 0 0 35 33 1
2010952158606609 137212174624640 send 1912377 0 0 35 33 1
2010952159721498 137212174624640 send 1618164 0 0 35 33 1
2010952159723468 137212174624640 send 14 0 0 35 33 1
2010952159724308 137212174624640 egress 36 1 589 33 0 0
2010952156919420 137212114478784 emit_beg 36 0 0 0 0 0
2010952156927280 137212114478784 dmg 0 1 0 0 3840 2400
2010952156927490 137212114478784 enc 35 35 1 -1 -1 0
2010952157202250 137212114478784 emit_end 36 0 0 0 0 0
2010952459429729 137212174624640 cliack 34 0 35 36 0 0
2010952459430739 137212174624640 ackregion 35 36 36 34 1 0
2010952466875688 137212122871488 wait_end 0 0 0 0 0 0
2010952466878097 137212122871488 drain_beg 0 0 0 0 0 0
2010952466878507 137212122871488 drain_end 1 0 0 0 0 0
2010952466878727 137212122871488 take 37 0 0 0 0 0
2010952466879187 137212122871488 subm_beg 1 0 0 0 0 0
2010952466880987 137212122871488 submit 37 0 0 0 0 0
2010952466881147 137212122871488 subm_end 1 0 0 0 0 0
2010952466881187 137212122871488 pump_beg 1 0 0 0 0 0
2010952468742539 137212122871488 feedend 36 0 0 0 0 0
2010952469346597 137212122871488 feedend 36 1 0 0 0 0
2010952466859818 137212174624640 msgin 37 55296000 0 0 0 0
2010952466861258 137212174624640 enq 37 1 0 0 0 0
2010952485630202 137212122871488 outfirst 36 1 65536 0 0 0
2010952486123334 137212122871488 outfirst 36 0 65536 0 0 0
2010952486480041 137212122871488 pump_end 1 2 0 0 0 0
2010952486480561 137212122871488 join_beg 1 0 0 0 0 0
2010952486482341 137212122871488 join_end 0 0 0 0 0 0
2010952486482531 137212122871488 book_beg 1 0 0 0 0 0
2010952486483761 137212122871488 batch 37 1 1 2 2 0
2010952486483811 137212122871488 book_end 1 0 0 0 0 0
2010952486484001 137212122871488 coll_beg 0 0 0 0 0 0
2010952487813903 137212122871488 coll_end 0 0 0 0 0 0
2010952487813953 137212122871488 rel_beg 1 0 0 0 0 0
2010952487814673 137212122871488 absorb 37 0 0 0 0 0
2010952487823042 137212122871488 rel_end 1 0 0 0 0 0
2010952487826262 137212122871488 wait_beg 0 0 0 0 0 0
2010952487943148 137212174624640 send 18 0 0 36 34 1
2010952489732743 137212174624640 send 2081070 0 0 36 34 1
2010952491060604 137212174624640 send 1846263 0 0 36 34 1
2010952491062924 137212174624640 send 14 0 0 36 34 1
2010952491063594 137212174624640 egress 37 1 681 34 0 0
2010952487838702 137212114478784 emit_beg 37 0 0 0 0 0
2010952487848001 137212114478784 dmg 0 1 0 0 3840 2400
2010952487848341 137212114478784 enc 36 36 1 -1 -1 0
2010952488192379 137212114478784 emit_end 37 0 0 0 0 0
2010952833285762 137212122871488 wait_end 0 0 0 0 0 0
2010952833288992 137212122871488 drain_beg 0 0 0 0 0 0
2010952833289602 137212122871488 drain_end 1 0 0 0 0 0
2010952833289872 137212122871488 take 38 0 0 0 0 0
2010952833290382 137212122871488 subm_beg 1 0 0 0 0 0
2010952833292142 137212122871488 submit 38 0 0 0 0 0
2010952833292312 137212122871488 subm_end 1 0 0 0 0 0
2010952833292482 137212122871488 pump_beg 1 0 0 0 0 0
2010952825796536 137212174624640 cliack 35 0 36 37 0 0
2010952825797486 137212174624640 ackregion 36 37 37 35 1 0
2010952833266803 137212174624640 msgin 38 55296000 0 0 0 0
2010952833268353 137212174624640 enq 38 1 0 0 0 0
2010952835385316 137212122871488 feedend 37 0 0 0 0 0
2010952836617241 137212122871488 feedend 37 1 0 0 0 0
2010952850536452 137212122871488 outfirst 37 0 65536 0 0 0
2010952851128650 137212122871488 outfirst 37 1 65536 0 0 0
2010952851575364 137212122871488 pump_end 1 2 0 0 0 0
2010952851575814 137212122871488 join_beg 1 0 0 0 0 0
2010952851577394 137212122871488 join_end 0 0 0 0 0 0
2010952851577814 137212122871488 book_beg 1 0 0 0 0 0
2010952851579094 137212122871488 batch 38 1 1 2 2 0
2010952851579124 137212122871488 book_end 1 0 0 0 0 0
2010952851579284 137212122871488 coll_beg 0 0 0 0 0 0
2010952852971743 137212122871488 coll_end 0 0 0 0 0 0
2010952852971793 137212122871488 rel_beg 1 0 0 0 0 0
2010952852972343 137212122871488 absorb 38 0 0 0 0 0
2010952852980123 137212122871488 rel_end 1 0 0 0 0 0
2010952852982963 137212122871488 wait_beg 0 0 0 0 0 0
2010952853087669 137212174624640 send 18 0 0 37 35 1
2010952852993982 137212114478784 emit_beg 38 0 0 0 0 0
2010952853009942 137212114478784 dmg 0 1 0 0 3840 2400
2010952853010352 137212114478784 enc 37 37 1 -1 -1 0
2010952853338100 137212114478784 emit_end 38 0 0 0 0 0
2010952855160403 137212174624640 send 2028644 0 0 37 35 1
2010952856434667 137212174624640 send 1705544 0 0 37 35 1
2010952856435507 137212174624640 send 14 0 0 37 35 1
2010952856436027 137212174624640 egress 38 1 187 35 0 0
2010953130848672 137212174624640 cliack 36 0 37 38 0 0
2010953130849172 137212174624640 ackregion 37 38 38 36 1 0
2010953139081721 137212122871488 wait_end 0 0 0 0 0 0
2010953139085471 137212122871488 drain_beg 0 0 0 0 0 0
2010953139085901 137212122871488 drain_end 1 0 0 0 0 0
2010953139086231 137212122871488 take 39 0 0 0 0 0
2010953139086711 137212122871488 subm_beg 1 0 0 0 0 0
2010953139088571 137212122871488 submit 39 0 0 0 0 0
2010953139088711 137212122871488 subm_end 1 0 0 0 0 0
2010953139088861 137212122871488 pump_beg 1 0 0 0 0 0
2010953140904985 137212122871488 feedend 38 0 0 0 0 0
2010953141753344 137212122871488 feedend 38 1 0 0 0 0
2010953139068512 137212174624640 msgin 39 55296000 0 0 0 0
2010953139069772 137212174624640 enq 39 1 0 0 0 0
2010953154149811 137212122871488 outfirst 38 1 65536 0 0 0
2010953155206242 137212122871488 outfirst 38 0 65536 0 0 0
2010953155752802 137212122871488 pump_end 1 2 0 0 0 0
2010953155753512 137212122871488 join_beg 1 0 0 0 0 0
2010953155755242 137212122871488 join_end 0 0 0 0 0 0
2010953155755422 137212122871488 book_beg 1 0 0 0 0 0
2010953155756702 137212122871488 batch 39 1 1 2 2 0
2010953155756772 137212122871488 book_end 1 0 0 0 0 0
2010953155756982 137212122871488 coll_beg 0 0 0 0 0 0
2010953157053765 137212122871488 coll_end 0 0 0 0 0 0
2010953157053895 137212122871488 rel_beg 1 0 0 0 0 0
2010953157054925 137212122871488 absorb 39 0 0 0 0 0
2010953157061514 137212122871488 rel_end 1 0 0 0 0 0
2010953157064054 137212122871488 wait_beg 0 0 0 0 0 0
2010953157136272 137212174624640 send 18 0 0 38 36 1
2010953158683865 137212174624640 send 2039399 0 0 38 36 1
2010953159717657 137212174624640 send 1696966 0 0 38 36 1
2010953159718767 137212174624640 send 14 0 0 38 36 1
2010953159719297 137212174624640 egress 39 1 408 36 0 0
2010953157077144 137212114478784 emit_beg 39 0 0 0 0 0
2010953157085564 137212114478784 dmg 0 1 0 0 3840 2400
2010953157085854 137212114478784 enc 38 38 1 -1 -1 0
2010953157337014 137212114478784 emit_end 39 0 0 0 0 0
2010953475990314 137212122871488 wait_end 0 0 0 0 0 0
2010953475993274 137212122871488 drain_beg 0 0 0 0 0 0
2010953475993904 137212122871488 drain_end 1 0 0 0 0 0
2010953475994154 137212122871488 take 40 0 0 0 0 0
2010953476010473 137212122871488 subm_beg 1 0 0 0 0 0
2010953476012443 137212122871488 submit 40 0 0 0 0 0
2010953476012613 137212122871488 subm_end 1 0 0 0 0 0
2010953476012653 137212122871488 pump_beg 1 0 0 0 0 0
2010953470327861 137212174624640 cliack 37 0 38 39 0 0
2010953470328741 137212174624640 ackregion 38 39 39 37 1 0
2010953475968985 137212174624640 msgin 40 55296000 0 0 0 0
2010953475971424 137212174624640 enq 40 1 0 0 0 0
2010953477551297 137212122871488 feedend 39 0 0 0 0 0
2010953478438344 137212122871488 feedend 39 1 0 0 0 0
2010953494649972 137212122871488 outfirst 39 1 65536 0 0 0
2010953496058341 137212122871488 outfirst 39 0 65536 0 0 0
2010953496376769 137212122871488 pump_end 1 2 0 0 0 0
2010953496377569 137212122871488 join_beg 1 0 0 0 0 0
2010953496378799 137212122871488 join_end 0 0 0 0 0 0
2010953496378999 137212122871488 book_beg 1 0 0 0 0 0
2010953496380729 137212122871488 batch 40 1 1 2 2 0
2010953496380759 137212122871488 book_end 1 0 0 0 0 0
2010953496380799 137212122871488 coll_beg 0 0 0 0 0 0
2010953497574435 137212122871488 coll_end 0 0 0 0 0 0
2010953497574475 137212122871488 rel_beg 1 0 0 0 0 0
2010953497575125 137212122871488 absorb 40 0 0 0 0 0
2010953497581115 137212122871488 rel_end 1 0 0 0 0 0
2010953497583355 137212122871488 wait_beg 0 0 0 0 0 0
2010953497654352 137212174624640 send 18 0 0 39 37 1
2010953499219155 137212174624640 send 2028840 0 0 39 37 1
2010953500497118 137212174624640 send 1671280 0 0 39 37 1
2010953500498338 137212174624640 send 14 0 0 39 37 1
2010953500499108 137212174624640 egress 40 1 162 37 0 0
2010953497603944 137212114478784 emit_beg 40 0 0 0 0 0
2010953497612454 137212114478784 dmg 0 1 0 0 3840 2400
2010953497612794 137212114478784 enc 39 39 1 -1 -1 0
2010953497850825 137212114478784 emit_end 40 0 0 0 0 0
2010953797136712 137212122871488 wait_end 0 0 0 0 0 0
2010953797140182 137212122871488 drain_beg 0 0 0 0 0 0
2010953797140822 137212122871488 drain_end 1 0 0 0 0 0
2010953797141202 137212122871488 take 41 0 0 0 0 0
2010953797141852 137212122871488 subm_beg 1 0 0 0 0 0
2010953797143742 137212122871488 submit 41 0 0 0 0 0
2010953797144062 137212122871488 subm_end 1 0 0 0 0 0
2010953797144202 137212122871488 pump_beg 1 0 0 0 0 0
2010953792716244 137212174624640 cliack 38 0 39 40 0 0
2010953792717124 137212174624640 ackregion 39 40 40 38 1 0
2010953797122013 137212174624640 msgin 41 55296000 0 0 0 0
2010953797123863 137212174624640 enq 41 1 0 0 0 0
2010953799001594 137212122871488 feedend 40 0 0 0 0 0
2010953799971049 137212122871488 feedend 40 1 0 0 0 0
2010953812213361 137212122871488 outfirst 40 0 65536 0 0 0
2010953812584188 137212122871488 outfirst 40 1 65536 0 0 0
2010953812856748 137212122871488 pump_end 1 2 0 0 0 0
2010953812857248 137212122871488 join_beg 1 0 0 0 0 0
2010953812858618 137212122871488 join_end 0 0 0 0 0 0
2010953812858788 137212122871488 book_beg 1 0 0 0 0 0
2010953812859848 137212122871488 batch 41 1 1 2 2 0
2010953812859888 137212122871488 book_end 1 0 0 0 0 0
2010953812859928 137212122871488 coll_beg 0 0 0 0 0 0
2010953813787504 137212122871488 coll_end 0 0 0 0 0 0
2010953813787724 137212122871488 rel_beg 1 0 0 0 0 0
2010953813788574 137212122871488 absorb 41 0 0 0 0 0
2010953813794273 137212122871488 rel_end 1 0 0 0 0 0
2010953813796563 137212122871488 wait_beg 0 0 0 0 0 0
2010953813859531 137212174624640 send 18 0 0 40 38 1
2010953815241481 137212174624640 send 1727796 0 0 40 38 1
2010953816526584 137212174624640 send 1483435 0 0 40 38 1
2010953816528034 137212174624640 send 14 0 0 40 38 1
2010953816528574 137212174624640 egress 41 1 0 38 0 0
2010953813804233 137212114478784 emit_beg 41 0 0 0 0 0
2010953813809863 137212114478784 dmg 0 1 0 0 3840 2400
2010953813810083 137212114478784 enc 40 40 1 -1 -1 0
2010953814001016 137212114478784 emit_end 41 0 0 0 0 0
2010954115957095 137212174624640 cliack 39 0 40 41 0 0
2010954115957915 137212174624640 ackregion 40 41 41 39 1 0
2010954123799799 137212122871488 wait_end 0 0 0 0 0 0
2010954123804139 137212122871488 drain_beg 0 0 0 0 0 0
2010954123804819 137212122871488 drain_end 1 0 0 0 0 0
2010954123805209 137212122871488 take 42 0 0 0 0 0
2010954123805829 137212122871488 subm_beg 1 0 0 0 0 0
2010954123807329 137212122871488 submit 42 0 0 0 0 0
2010954123807469 137212122871488 subm_end 1 0 0 0 0 0
2010954123807509 137212122871488 pump_beg 1 0 0 0 0 0
2010954125997809 137212122871488 feedend 41 0 0 0 0 0
2010954126402244 137212122871488 feedend 41 1 0 0 0 0
2010954123785269 137212174624640 msgin 42 55296000 0 0 0 0
2010954123786939 137212174624640 enq 42 1 0 0 0 0
2010954138764232 137212122871488 outfirst 41 1 65536 0 0 0
2010954140395742 137212122871488 outfirst 41 0 65536 0 0 0
2010954140756939 137212122871488 pump_end 1 2 0 0 0 0
2010954140757439 137212122871488 join_beg 1 0 0 0 0 0
2010954140758929 137212122871488 join_end 0 0 0 0 0 0
2010954140759099 137212122871488 book_beg 1 0 0 0 0 0
2010954140759939 137212122871488 batch 42 1 1 2 2 0
2010954140759979 137212122871488 book_end 1 0 0 0 0 0
2010954140760009 137212122871488 coll_beg 0 0 0 0 0 0
2010954142028433 137212122871488 coll_end 0 0 0 0 0 0
2010954142028603 137212122871488 rel_beg 1 0 0 0 0 0
2010954142029723 137212122871488 absorb 42 0 0 0 0 0
2010954142037573 137212122871488 rel_end 1 0 0 0 0 0
2010954142040413 137212122871488 wait_beg 0 0 0 0 0 0
2010954142119950 137212174624640 send 18 0 0 41 39 1
2010954143833457 137212174624640 send 1867906 0 0 41 39 1
2010954145120620 137212174624640 send 1550220 0 0 41 39 1
2010954145122170 137212174624640 send 14 0 0 41 39 1
2010954145122870 137212174624640 egress 42 1 0 39 0 0
2010954142055482 137212114478784 emit_beg 42 0 0 0 0 0
2010954142061842 137212114478784 dmg 0 1 0 0 3840 2400
2010954142062212 137212114478784 enc 41 41 1 -1 -1 0
2010954142386880 137212114478784 emit_end 42 0 0 0 0 0
2010954435609088 137212174624640 cliack 40 0 41 42 0 0
2010954435610008 137212174624640 ackregion 41 42 42 40 1 0
2010954443192301 137212122871488 wait_end 0 0 0 0 0 0
2010954443197561 137212122871488 drain_beg 0 0 0 0 0 0
2010954443198421 137212122871488 drain_end 1 0 0 0 0 0
2010954443198781 137212122871488 take 43 0 0 0 0 0
2010954443199331 137212122871488 subm_beg 1 0 0 0 0 0
2010954443200931 137212122871488 submit 43 0 0 0 0 0
2010954443201071 137212122871488 subm_end 1 0 0 0 0 0
2010954443201261 137212122871488 pump_beg 1 0 0 0 0 0
2010954445587084 137212122871488 feedend 42 0 0 0 0 0
2010954446547149 137212122871488 feedend 42 1 0 0 0 0
2010954443158892 137212174624640 msgin 43 55296000 0 0 0 0
2010954443161272 137212174624640 enq 43 1 0 0 0 0
2010954462870662 137212122871488 outfirst 42 1 65536 0 0 0
2010954464096597 137212122871488 outfirst 42 0 65536 0 0 0
2010954464335629 137212122871488 pump_end 1 2 0 0 0 0
2010954464336139 137212122871488 join_beg 1 0 0 0 0 0
2010954464337439 137212122871488 join_end 0 0 0 0 0 0
2010954464337619 137212122871488 book_beg 1 0 0 0 0 0
2010954464338709 137212122871488 batch 43 1 1 2 2 0
2010954464347788 137212122871488 book_end 1 0 0 0 0 0
2010954464347968 137212122871488 coll_beg 0 0 0 0 0 0
2010954465392520 137212122871488 coll_end 0 0 0 0 0 0
2010954465392570 137212122871488 rel_beg 1 0 0 0 0 0
2010954465393160 137212122871488 absorb 43 0 0 0 0 0
2010954465399250 137212122871488 rel_end 1 0 0 0 0 0
2010954465401820 137212122871488 wait_beg 0 0 0 0 0 0
2010954465464867 137212174624640 send 18 0 0 42 40 1
2010954466855247 137212174624640 send 1809084 0 0 42 40 1
2010954467955606 137212174624640 send 1551025 0 0 42 40 1
2010954467956976 137212174624640 send 14 0 0 42 40 1
2010954467957506 137212174624640 egress 43 1 0 40 0 0
2010954465411959 137212114478784 emit_beg 43 0 0 0 0 0
2010954465417039 137212114478784 dmg 0 1 0 0 3840 2400
2010954465420989 137212114478784 enc 42 42 1 -1 -1 0
2010954465618592 137212114478784 emit_end 43 0 0 0 0 0
2010954712574700 137212174624640 cliack 41 0 42 43 0 0
2010954712575390 137212174624640 ackregion 42 43 43 41 1 0
2010954719513127 137212122871488 wait_end 0 0 0 0 0 0
2010954719517717 137212122871488 drain_beg 0 0 0 0 0 0
2010954719518267 137212122871488 drain_end 1 0 0 0 0 0
2010954719518517 137212122871488 take 44 0 0 0 0 0
2010954719519107 137212122871488 subm_beg 1 0 0 0 0 0
2010954719520767 137212122871488 submit 44 0 0 0 0 0
2010954719520797 137212122871488 subm_end 1 0 0 0 0 0
2010954719520937 137212122871488 pump_beg 1 0 0 0 0 0
2010954721182716 137212122871488 feedend 43 0 0 0 0 0
2010954722078853 137212122871488 feedend 43 1 0 0 0 0
2010954719494998 137212174624640 msgin 44 55296000 0 0 0 0
2010954719496588 137212174624640 enq 44 1 0 0 0 0
2010954733567744 137212122871488 outfirst 43 1 65536 0 0 0
2010954735928707 137212122871488 outfirst 43 0 65536 0 0 0
2010954736463998 137212122871488 pump_end 1 2 0 0 0 0
2010954736464748 137212122871488 join_beg 1 0 0 0 0 0
2010954736465978 137212122871488 join_end 0 0 0 0 0 0
2010954736466188 137212122871488 book_beg 1 0 0 0 0 0
2010954736466918 137212122871488 batch 44 1 1 2 2 0
2010954736466998 137212122871488 book_end 1 0 0 0 0 0
2010954736467198 137212122871488 coll_beg 0 0 0 0 0 0
2010954737726262 137212122871488 coll_end 0 0 0 0 0 0
2010954737726322 137212122871488 rel_beg 1 0 0 0 0 0
2010954737726822 137212122871488 absorb 44 0 0 0 0 0
2010954737732271 137212122871488 rel_end 1 0 0 0 0 0
2010954737734411 137212122871488 wait_beg 0 0 0 0 0 0
2010954737792169 137212174624640 send 18 0 0 43 41 1
2010954739241346 137212174624640 send 1951418 0 0 43 41 1
2010954740283878 137212174624640 send 1487696 0 0 43 41 1
2010954740285378 137212174624640 send 14 0 0 43 41 1
2010954740286098 137212174624640 egress 44 1 0 41 0 0
2010954737742271 137212114478784 emit_beg 44 0 0 0 0 0
2010954737747081 137212114478784 dmg 0 1 0 0 3840 2400
2010954737747391 137212114478784 enc 43 43 1 -1 -1 0
2010954737942094 137212114478784 emit_end 44 0 0 0 0 0
2010955008842877 137212174624640 cliack 42 0 43 44 0 0
2010955008843727 137212174624640 ackregion 43 44 44 42 1 0
2010955017020329 137212122871488 wait_end 0 0 0 0 0 0
2010955017024279 137212122871488 drain_beg 0 0 0 0 0 0
2010955017024779 137212122871488 drain_end 1 0 0 0 0 0
2010955017025039 137212122871488 take 45 0 0 0 0 0
2010955017025669 137212122871488 subm_beg 1 0 0 0 0 0
2010955017027189 137212122871488 submit 45 0 0 0 0 0
2010955017027219 137212122871488 subm_end 1 0 0 0 0 0
2010955017027379 137212122871488 pump_beg 1 0 0 0 0 0
2010955019078384 137212122871488 feedend 44 0 0 0 0 0
2010955019687771 137212122871488 feedend 44 1 0 0 0 0
2010955017005959 137212174624640 msgin 45 55296000 0 0 0 0
2010955017007879 137212174624640 enq 45 1 0 0 0 0
2010955032188595 137212122871488 outfirst 44 1 65536 0 0 0
2010955033214147 137212122871488 outfirst 44 0 65536 0 0 0
2010955033644691 137212122871488 pump_end 1 2 0 0 0 0
2010955033645021 137212122871488 join_beg 1 0 0 0 0 0
2010955033645801 137212122871488 join_end 0 0 0 0 0 0
2010955033645991 137212122871488 book_beg 1 0 0 0 0 0
2010955033646521 137212122871488 batch 45 1 1 2 2 0
2010955033646561 137212122871488 book_end 1 0 0 0 0 0
2010955033646591 137212122871488 coll_beg 0 0 0 0 0 0
2010955034889736 137212122871488 coll_end 0 0 0 0 0 0
2010955034889926 137212122871488 rel_beg 1 0 0 0 0 0
2010955034890346 137212122871488 absorb 45 0 0 0 0 0
2010955034895016 137212122871488 rel_end 1 0 0 0 0 0
2010955034897646 137212122871488 wait_beg 0 0 0 0 0 0
2010955034952904 137212174624640 send 18 0 0 44 42 1
2010955034905175 137212114478784 emit_beg 45 0 0 0 0 0
2010955034910405 137212114478784 dmg 0 1 0 0 3840 2400
2010955034910855 137212114478784 enc 44 44 1 -1 -1 0
2010955035118078 137212114478784 emit_end 45 0 0 0 0 0
2010955036520106 137212174624640 send 1967706 0 0 44 42 1
2010955037752761 137212174624640 send 1644150 0 0 44 42 1
2010955037754341 137212174624640 send 14 0 0 44 42 1
2010955037754681 137212174624640 egress 45 1 0 42 0 0
2010955307687650 137212122871488 wait_end 0 0 0 0 0 0
2010955307691240 137212122871488 drain_beg 0 0 0 0 0 0
2010955307691880 137212122871488 drain_end 1 0 0 0 0 0
2010955307692110 137212122871488 take 46 0 0 0 0 0
2010955307692710 137212122871488 subm_beg 1 0 0 0 0 0
2010955307694340 137212122871488 submit 46 0 0 0 0 0
2010955307694560 137212122871488 subm_end 1 0 0 0 0 0
2010955307694710 137212122871488 pump_beg 1 0 0 0 0 0
2010955298413469 137212174624640 cliack 43 0 44 45 0 0
2010955298414569 137212174624640 ackregion 44 45 45 43 1 0
2010955307672901 137212174624640 msgin 46 55296000 0 0 0 0
2010955307675021 137212174624640 enq 46 1 0 0 0 0
2010955309321291 137212122871488 feedend 45 0 0 0 0 0
2010955310161850 137212122871488 feedend 45 1 0 0 0 0
2010955323147836 137212122871488 outfirst 45 1 65536 0 0 0
2010955324585263 137212122871488 outfirst 45 0 65536 0 0 0
2010955324897952 137212122871488 pump_end 1 2 0 0 0 0
2010955324898602 137212122871488 join_beg 1 0 0 0 0 0
2010955324899562 137212122871488 join_end 0 0 0 0 0 0
2010955324899782 137212122871488 book_beg 1 0 0 0 0 0
2010955324900462 137212122871488 batch 46 1 1 2 2 0
2010955324900502 137212122871488 book_end 1 0 0 0 0 0
2010955324900662 137212122871488 coll_beg 0 0 0 0 0 0
2010955326307860 137212122871488 coll_end 0 0 0 0 0 0
2010955326308350 137212122871488 rel_beg 1 0 0 0 0 0
2010955326309030 137212122871488 absorb 46 0 0 0 0 0
2010955326315950 137212122871488 rel_end 1 0 0 0 0 0
2010955326317850 137212122871488 wait_beg 0 0 0 0 0 0
2010955326384977 137212174624640 send 18 0 0 45 43 1
2010955326329089 137212114478784 emit_beg 46 0 0 0 0 0
2010955326337689 137212114478784 dmg 0 1 0 0 3840 2400
2010955326338049 137212114478784 enc 45 45 1 -1 -1 0
2010955326716095 137212114478784 emit_end 46 0 0 0 0 0
2010955328323977 137212174624640 send 2239774 0 0 45 43 1
2010955329694626 137212174624640 send 1923908 0 0 45 43 1
2010955329695596 137212174624640 send 14 0 0 45 43 1
2010955329696126 137212174624640 egress 46 1 191 43 0 0
2010955595820245 137212174624640 cliack 44 0 45 46 0 0
2010955595821115 137212174624640 ackregion 45 46 46 44 1 0
2010955603593481 137212122871488 wait_end 0 0 0 0 0 0
2010955603597001 137212122871488 drain_beg 0 0 0 0 0 0
2010955603597631 137212122871488 drain_end 1 0 0 0 0 0
2010955603597791 137212122871488 take 47 0 0 0 0 0
2010955603598251 137212122871488 subm_beg 1 0 0 0 0 0
2010955603599801 137212122871488 submit 47 0 0 0 0 0
2010955603599911 137212122871488 subm_end 1 0 0 0 0 0
2010955603612340 137212122871488 pump_beg 1 0 0 0 0 0
2010955605135165 137212122871488 feedend 46 0 0 0 0 0
2010955605978304 137212122871488 feedend 46 1 0 0 0 0
2010955603571912 137212174624640 msgin 47 55296000 0 0 0 0
2010955603573402 137212174624640 enq 47 1 0 0 0 0
2010955617596949 137212122871488 outfirst 46 1 65536 0 0 0
2010955618351422 137212122871488 outfirst 46 0 65536 0 0 0
2010955618609612 137212122871488 pump_end 1 2 0 0 0 0
2010955618609812 137212122871488 join_beg 1 0 0 0 0 0
2010955618610442 137212122871488 join_end 0 0 0 0 0 0
2010955618610532 137212122871488 book_beg 1 0 0 0 0 0
2010955618610782 137212122871488 batch 47 1 1 2 2 0
2010955618610822 137212122871488 book_end 1 0 0 0 0 0
2010955618610852 137212122871488 coll_beg 0 0 0 0 0 0
2010955619561407 137212122871488 coll_end 0 0 0 0 0 0
2010955619561457 137212122871488 rel_beg 1 0 0 0 0 0
2010955619561707 137212122871488 absorb 47 0 0 0 0 0
2010955619566567 137212122871488 rel_end 1 0 0 0 0 0
2010955619568727 137212122871488 wait_beg 0 0 0 0 0 0
2010955619619965 137212174624640 send 18 0 0 46 44 1
2010955619577917 137212114478784 emit_beg 47 0 0 0 0 0
2010955619583457 137212114478784 dmg 0 1 0 0 3840 2400
2010955619583737 137212114478784 enc 46 46 1 -1 -1 0
2010955619831838 137212114478784 emit_end 47 0 0 0 0 0
2010955621075822 137212174624640 send 1761597 0 0 46 44 1
2010955622131853 137212174624640 send 1464625 0 0 46 44 1
2010955622132763 137212174624640 send 14 0 0 46 44 1
2010955622133243 137212174624640 egress 47 1 30 44 0 0
2010955907394843 137212174624640 cliack 45 0 46 47 0 0
2010955907395903 137212174624640 ackregion 46 47 47 45 1 0
2010955915642011 137212122871488 wait_end 0 0 0 0 0 0
2010955915645381 137212122871488 drain_beg 0 0 0 0 0 0
2010955915646181 137212122871488 drain_end 1 0 0 0 0 0
2010955915646461 137212122871488 take 48 0 0 0 0 0
2010955915647051 137212122871488 subm_beg 1 0 0 0 0 0
2010955915648481 137212122871488 submit 48 0 0 0 0 0
2010955915648651 137212122871488 subm_end 1 0 0 0 0 0
2010955915648691 137212122871488 pump_beg 1 0 0 0 0 0
2010955917299351 137212122871488 feedend 47 0 0 0 0 0
2010955918133230 137212122871488 feedend 47 1 0 0 0 0
2010955915625742 137212174624640 msgin 48 55296000 0 0 0 0
2010955915628002 137212174624640 enq 48 1 0 0 0 0
2010955932553304 137212122871488 outfirst 47 1 65536 0 0 0
2010955933710121 137212122871488 outfirst 47 0 65536 0 0 0
2010955934034260 137212122871488 pump_end 1 2 0 0 0 0
2010955934034890 137212122871488 join_beg 1 0 0 0 0 0
2010955934036099 137212122871488 join_end 0 0 0 0 0 0
2010955934036259 137212122871488 book_beg 1 0 0 0 0 0
2010955934037119 137212122871488 batch 48 1 1 2 2 0
2010955934037139 137212122871488 book_end 1 0 0 0 0 0
2010955934037309 137212122871488 coll_beg 0 0 0 0 0 0
2010955935132829 137212122871488 coll_end 0 0 0 0 0 0
2010955935132869 137212122871488 rel_beg 1 0 0 0 0 0
2010955935133579 137212122871488 absorb 48 0 0 0 0 0
2010955935139929 137212122871488 rel_end 1 0 0 0 0 0
2010955935142419 137212122871488 wait_beg 0 0 0 0 0 0
2010955935232626 137212174624640 send 18 0 0 47 45 1
2010955936963023 137212174624640 send 1915352 0 0 47 45 1
2010955938304923 137212174624640 send 1652338 0 0 47 45 1
2010955938306893 137212174624640 send 14 0 0 47 45 1
2010955938307423 137212174624640 egress 48 1 0 45 0 0
2010955935149589 137212114478784 emit_beg 48 0 0 0 0 0
2010955935155049 137212114478784 dmg 0 1 0 0 3840 2400
2010955935155259 137212114478784 enc 47 47 1 -1 -1 0
2010955935355321 137212114478784 emit_end 48 0 0 0 0 0
2010956267447800 137212174624640 cliack 46 0 47 48 0 0
2010956267448510 137212174624640 ackregion 47 48 48 46 1 0
2010956275474046 137212122871488 wait_end 0 0 0 0 0 0
2010956275478326 137212122871488 drain_beg 0 0 0 0 0 0
2010956275478936 137212122871488 drain_end 1 0 0 0 0 0
2010956275479326 137212122871488 take 49 0 0 0 0 0
2010956275479816 137212122871488 subm_beg 1 0 0 0 0 0
2010956275481376 137212122871488 submit 49 0 0 0 0 0
2010956275481466 137212122871488 subm_end 1 0 0 0 0 0
2010956275481656 137212122871488 pump_beg 1 0 0 0 0 0
2010956277490653 137212122871488 feedend 48 0 0 0 0 0
2010956278373381 137212122871488 feedend 48 1 0 0 0 0
2010956275439448 137212174624640 msgin 49 55296000 0 0 0 0
2010956275441648 137212174624640 enq 49 1 0 0 0 0
2010956295421328 137212122871488 outfirst 48 1 65536 0 0 0
2010956296253457 137212122871488 outfirst 48 0 65536 0 0 0
2010956296842736 137212122871488 pump_end 1 2 0 0 0 0
2010956296843436 137212122871488 join_beg 1 0 0 0 0 0
2010956296844326 137212122871488 join_end 0 0 0 0 0 0
2010956296844486 137212122871488 book_beg 1 0 0 0 0 0
2010956296845566 137212122871488 batch 49 1 1 2 2 0
2010956296845606 137212122871488 book_end 1 0 0 0 0 0
2010956296845776 137212122871488 coll_beg 0 0 0 0 0 0
2010956298085320 137212122871488 coll_end 0 0 0 0 0 0
2010956298085490 137212122871488 rel_beg 1 0 0 0 0 0
2010956298086530 137212122871488 absorb 49 0 0 0 0 0
2010956298092620 137212122871488 rel_end 1 0 0 0 0 0
2010956298095350 137212122871488 wait_beg 0 0 0 0 0 0
2010956298169537 137212174624640 send 18 0 0 48 46 1
2010956300134846 137212174624640 send 2032038 0 0 48 46 1
2010956301363371 137212174624640 send 1722381 0 0 48 46 1
2010956301364761 137212174624640 send 14 0 0 48 46 1
2010956301365311 137212174624640 egress 49 1 0 46 0 0
2010956298116959 137212114478784 emit_beg 49 0 0 0 0 0
2010956298126119 137212114478784 dmg 0 1 0 0 3840 2400
2010956298126449 137212114478784 enc 48 48 1 -1 -1 0
2010956298361090 137212114478784 emit_end 49 0 0 0 0 0
2010956555593603 137212122871488 wait_end 0 0 0 0 0 0
2010956555598363 137212122871488 drain_beg 0 0 0 0 0 0
2010956555598923 137212122871488 drain_end 1 0 0 0 0 0
2010956555599303 137212122871488 take 50 0 0 0 0 0
2010956555599843 137212122871488 subm_beg 1 0 0 0 0 0
2010956555601753 137212122871488 submit 50 0 0 0 0 0
2010956555601923 137212122871488 subm_end 1 0 0 0 0 0
2010956555602013 137212122871488 pump_beg 1 0 0 0 0 0
2010956546468497 137212174624640 cliack 47 0 48 49 0 0
2010956546469437 137212174624640 ackregion 48 49 49 47 1 0
2010956555558765 137212174624640 msgin 50 55296000 0 0 0 0
2010956555560515 137212174624640 enq 50 1 0 0 0 0
2010956557418367 137212122871488 feedend 49 0 0 0 0 0
2010956558463519 137212122871488 feedend 49 1 0 0 0 0
2010956571353318 137212122871488 outfirst 49 1 65536 0 0 0
2010956573077805 137212122871488 outfirst 49 0 65536 0 0 0
2010956573413572 137212122871488 pump_end 1 2 0 0 0 0
2010956573414082 137212122871488 join_beg 1 0 0 0 0 0
2010956573415292 137212122871488 join_end 0 0 0 0 0 0
2010956573415582 137212122871488 book_beg 1 0 0 0 0 0
2010956573416522 137212122871488 batch 50 1 1 2 2 0
2010956573416582 137212122871488 book_end 1 0 0 0 0 0
2010956573416782 137212122871488 coll_beg 0 0 0 0 0 0
2010956574728484 137212122871488 coll_end 0 0 0 0 0 0
2010956574736504 137212122871488 rel_beg 1 0 0 0 0 0
2010956574737104 137212122871488 absorb 50 0 0 0 0 0
2010956574742774 137212122871488 rel_end 1 0 0 0 0 0
2010956574744974 137212122871488 wait_beg 0 0 0 0 0 0
2010956574827901 137212174624640 send 18 0 0 49 47 1
2010956574768963 137212114478784 emit_beg 50 0 0 0 0 0
2010956574776413 137212114478784 dmg 0 1 0 0 3840 2400
2010956574776663 137212114478784 enc 49 49 1 -1 -1 0
2010956575092781 137212114478784 emit_end 50 0 0 0 0 0
2010956576444332 137212174624640 send 1915566 0 0 49 47 1
2010956577629828 137212174624640 send 1544032 0 0 49 47 1
2010956577631238 137212174624640 send 14 0 0 49 47 1
2010956577631638 137212174624640 egress 50 1 0 47 0 0
2010956854706377 137212174624640 cliack 48 0 49 50 0 0
2010956854707057 137212174624640 ackregion 49 50 50 48 1 0
2010956863596492 137212122871488 wait_end 0 0 0 0 0 0
2010956863600992 137212122871488 drain_beg 0 0 0 0 0 0
2010956863601512 137212122871488 drain_end 1 0 0 0 0 0
2010956863601882 137212122871488 take 51 0 0 0 0 0
2010956863602412 137212122871488 subm_beg 1 0 0 0 0 0
2010956863603702 137212122871488 submit 51 0 0 0 0 0
2010956863603872 137212122871488 subm_end 1 0 0 0 0 0
2010956863603942 137212122871488 pump_beg 1 0 0 0 0 0
2010956865280050 137212122871488 feedend 50 0 0 0 0 0
2010956866167728 137212122871488 feedend 50 1 0 0 0 0
2010956863566943 137212174624640 msgin 51 55296000 0 0 0 0
2010956863568123 137212174624640 enq 51 1 0 0 0 0
2010956877790743 137212122871488 outfirst 50 1 65536 0 0 0
2010956879244670 137212122871488 outfirst 50 0 65536 0 0 0
2010956879560659 137212122871488 pump_end 1 2 0 0 0 0
2010956879561369 137212122871488 join_beg 1 0 0 0 0 0
2010956879562389 137212122871488 join_end 0 0 0 0 0 0
2010956879562539 137212122871488 book_beg 1 0 0 0 0 0
2010956879563619 137212122871488 batch 51 1 1 2 2 0
2010956879563709 137212122871488 book_end 1 0 0 0 0 0
2010956879563909 137212122871488 coll_beg 0 0 0 0 0 0
2010956880734136 137212122871488 coll_end 0 0 0 0 0 0
2010956880734186 137212122871488 rel_beg 1 0 0 0 0 0
2010956880734656 137212122871488 absorb 51 0 0 0 0 0
2010956880740386 137212122871488 rel_end 1 0 0 0 0 0
2010956880742665 137212122871488 wait_beg 0 0 0 0 0 0
2010956880824262 137212174624640 send 18 0 0 50 48 1
2010956882170033 137212174624640 send 1782884 0 0 50 48 1
2010956883187586 137212174624640 send 1482760 0 0 50 48 1
2010956883188976 137212174624640 send 14 0 0 50 48 1
2010956883189456 137212174624640 egress 51 1 0 48 0 0
2010956880766475 137212114478784 emit_beg 51 0 0 0 0 0
2010956880776214 137212114478784 dmg 0 1 0 0 3840 2400
2010956880776424 137212114478784 enc 50 50 1 -1 -1 0
2010956880990416 137212114478784 emit_end 51 0 0 0 0 0
2010957178629044 137212174624640 cliack 49 0 50 51 0 0
2010957178630163 137212174624640 ackregion 50 51 51 49 1 0
2010957187884285 137212122871488 wait_end 0 0 0 0 0 0
2010957187887915 137212122871488 drain_beg 0 0 0 0 0 0
2010957187888505 137212122871488 drain_end 1 0 0 0 0 0
2010957187888835 137212122871488 take 52 0 0 0 0 0
2010957187889305 137212122871488 subm_beg 1 0 0 0 0 0
2010957187891185 137212122871488 submit 52 0 0 0 0 0
2010957187891255 137212122871488 subm_end 1 0 0 0 0 0
2010957187891415 137212122871488 pump_beg 1 0 0 0 0 0
2010957189506046 137212122871488 feedend 51 0 0 0 0 0
2010957190419853 137212122871488 feedend 51 1 0 0 0 0
2010957187869436 137212174624640 msgin 52 55296000 0 0 0 0
2010957187870826 137212174624640 enq 52 1 0 0 0 0
2010957203243024 137212122871488 outfirst 51 1 65536 0 0 0
2010957204063844 137212122871488 outfirst 51 0 65536 0 0 0
2010957204384943 137212122871488 pump_end 1 2 0 0 0 0
2010957204385833 137212122871488 join_beg 1 0 0 0 0 0
2010957204386833 137212122871488 join_end 0 0 0 0 0 0
2010957204387013 137212122871488 book_beg 1 0 0 0 0 0
2010957204388292 137212122871488 batch 52 1 1 2 2 0
2010957204388322 137212122871488 book_end 1 0 0 0 0 0
2010957204388482 137212122871488 coll_beg 0 0 0 0 0 0
2010957205546710 137212122871488 coll_end 0 0 0 0 0 0
2010957205546760 137212122871488 rel_beg 1 0 0 0 0 0
2010957205547610 137212122871488 absorb 52 0 0 0 0 0
2010957205553880 137212122871488 rel_end 1 0 0 0 0 0
2010957205556460 137212122871488 wait_beg 0 0 0 0 0 0
2010957205617828 137212174624640 send 18 0 0 51 49 1
2010957207125752 137212174624640 send 1988082 0 0 51 49 1
2010957208306989 137212174624640 send 1671559 0 0 51 49 1
2010957208308399 137212174624640 send 14 0 0 51 49 1
2010957208308929 137212174624640 egress 52 1 0 49 0 0
2010957205563800 137212114478784 emit_beg 52 0 0 0 0 0
2010957205569289 137212114478784 dmg 0 1 0 0 3840 2400
2010957205569499 137212114478784 enc 51 51 1 -1 -1 0
2010957205779052 137212114478784 emit_end 52 0 0 0 0 0
2010957478343215 137212174624640 cliack 50 0 51 52 0 0
2010957478343945 137212174624640 ackregion 51 52 52 50 1 0
2010957483933041 137212122871488 wait_end 0 0 0 0 0 0
2010957483936540 137212122871488 drain_beg 0 0 0 0 0 0
2010957483937250 137212122871488 drain_end 1 0 0 0 0 0
2010957483937570 137212122871488 take 53 0 0 0 0 0
2010957483938050 137212122871488 subm_beg 1 0 0 0 0 0
2010957483939550 137212122871488 submit 53 0 0 0 0 0
2010957483939700 137212122871488 subm_end 1 0 0 0 0 0
2010957483939860 137212122871488 pump_beg 1 0 0 0 0 0
2010957485898649 137212122871488 feedend 52 0 0 0 0 0
2010957486805426 137212122871488 feedend 52 1 0 0 0 0
2010957483918611 137212174624640 msgin 53 55296000 0 0 0 0
2010957483919761 137212174624640 enq 53 1 0 0 0 0
2010957498839366 137212122871488 outfirst 52 1 65536 0 0 0
2010957500147638 137212122871488 outfirst 52 0 65536 0 0 0
2010957500448587 137212122871488 pump_end 1 2 0 0 0 0
2010957500449247 137212122871488 join_beg 1 0 0 0 0 0
2010957500450567 137212122871488 join_end 0 0 0 0 0 0
2010957500450727 137212122871488 book_beg 1 0 0 0 0 0
2010957500451767 137212122871488 batch 53 1 1 2 2 0
2010957500451797 137212122871488 book_end 1 0 0 0 0 0
2010957500451957 137212122871488 coll_beg 0 0 0 0 0 0
2010957502070968 137212122871488 coll_end 0 0 0 0 0 0
2010957502071658 137212122871488 rel_beg 1 0 0 0 0 0
2010957502072388 137212122871488 absorb 53 0 0 0 0 0
2010957502083857 137212122871488 rel_end 1 0 0 0 0 0
2010957502086507 137212122871488 wait_beg 0 0 0 0 0 0
2010957502184334 137212174624640 send 18 0 0 52 50 1
2010957502096277 137212114478784 emit_beg 53 0 0 0 0 0
2010957502104997 137212114478784 dmg 0 1 0 0 3840 2400
2010957502105397 137212114478784 enc 52 52 1 -1 -1 0
2010957503905181 137212174624640 send 2008365 0 0 52 50 1
2010957505053569 137212174624640 send 1592116 0 0 52 50 1
2010957505055139 137212174624640 send 14 0 0 52 50 1
2010957505055889 137212174624640 egress 53 1 0 50 0 0
2010957502487853 137212114478784 emit_end 53 0 0 0 0 0
2010957763583715 137212122871488 wait_end 0 0 0 0 0 0
2010957763589114 137212122871488 drain_beg 0 0 0 0 0 0
2010957763589884 137212122871488 drain_end 1 0 0 0 0 0
2010957763590204 137212122871488 take 54 0 0 0 0 0
2010957763590864 137212122871488 subm_beg 1 0 0 0 0 0
2010957763592894 137212122871488 submit 54 0 0 0 0 0
2010957763593024 137212122871488 subm_end 1 0 0 0 0 0
2010957763593104 137212122871488 pump_beg 1 0 0 0 0 0
2010957760111222 137212174624640 cliack 51 0 52 53 0 0
2010957760112142 137212174624640 ackregion 52 53 53 51 1 0
2010957763554386 137212174624640 msgin 54 55296000 0 0 0 0
2010957763555556 137212174624640 enq 54 1 0 0 0 0
2010957765367879 137212122871488 feedend 53 0 0 0 0 0
2010957766331704 137212122871488 feedend 53 1 0 0 0 0
2010957779214374 137212122871488 outfirst 53 1 65536 0 0 0
2010957781078936 137212122871488 outfirst 53 0 65536 0 0 0
2010957781471621 137212122871488 pump_end 1 2 0 0 0 0
2010957781472391 137212122871488 join_beg 1 0 0 0 0 0
2010957781473531 137212122871488 join_end 0 0 0 0 0 0
2010957781474051 137212122871488 book_beg 1 0 0 0 0 0
2010957781475261 137212122871488 batch 54 1 1 2 2 0
2010957781475321 137212122871488 book_end 1 0 0 0 0 0
2010957781475391 137212122871488 coll_beg 0 0 0 0 0 0
2010957782861170 137212122871488 coll_end 0 0 0 0 0 0
2010957782861230 137212122871488 rel_beg 1 0 0 0 0 0
2010957782861790 137212122871488 absorb 54 0 0 0 0 0
2010957782868190 137212122871488 rel_end 1 0 0 0 0 0
2010957782870620 137212122871488 wait_beg 0 0 0 0 0 0
2010957782930588 137212174624640 send 18 0 0 53 51 1
2010957782883200 137212114478784 emit_beg 54 0 0 0 0 0
2010957782890149 137212114478784 dmg 0 1 0 0 3840 2400
2010957782890499 137212114478784 enc 53 53 1 -1 -1 0
2010957783207078 137212114478784 emit_end 54 0 0 0 0 0
2010957785280262 137212174624640 send 2144487 0 0 53 51 1
2010957786555935 137212174624640 send 1673561 0 0 53 51 1
2010957786556815 137212174624640 send 14 0 0 53 51 1
2010957786557305 137212174624640 egress 54 1 121 51 0 0
2010958084165703 137212122871488 wait_end 0 0 0 0 0 0
2010958084170463 137212122871488 drain_beg 0 0 0 0 0 0
2010958084171333 137212122871488 drain_end 1 0 0 0 0 0
2010958084171683 137212122871488 take 55 0 0 0 0 0
2010958084172203 137212122871488 subm_beg 1 0 0 0 0 0
2010958084174603 137212122871488 submit 55 0 0 0 0 0
2010958084174753 137212122871488 subm_end 1 0 0 0 0 0
2010958084174823 137212122871488 pump_beg 1 0 0 0 0 0
2010958076594010 137212174624640 cliack 52 0 53 54 0 0
2010958076594940 137212174624640 ackregion 53 54 54 52 1 0
2010958084145294 137212174624640 msgin 55 55296000 0 0 0 0
2010958084146974 137212174624640 enq 55 1 0 0 0 0
2010958085950178 137212122871488 feedend 54 0 0 0 0 0
2010958086986731 137212122871488 feedend 54 1 0 0 0 0
2010958100860144 137212122871488 outfirst 54 0 32768 0 0 0
2010958101268119 137212122871488 outfirst 54 1 65536 0 0 0
2010958101567018 137212122871488 pump_end 1 2 0 0 0 0
2010958101567418 137212122871488 join_beg 1 0 0 0 0 0
2010958101568398 137212122871488 join_end 0 0 0 0 0 0
2010958101568758 137212122871488 book_beg 1 0 0 0 0 0
2010958101569538 137212122871488 batch 55 1 1 2 2 0
2010958101569578 137212122871488 book_end 1 0 0 0 0 0
2010958101569748 137212122871488 coll_beg 0 0 0 0 0 0
2010958102942128 137212122871488 coll_end 0 0 0 0 0 0
2010958102942318 137212122871488 rel_beg 1 0 0 0 0 0
2010958102942838 137212122871488 absorb 55 0 0 0 0 0
2010958102946747 137212122871488 rel_end 1 0 0 0 0 0
2010958102949207 137212122871488 wait_beg 0 0 0 0 0 0
2010958102989256 137212174624640 send 18 0 0 54 52 1
2010958104868427 137212174624640 send 2108848 0 0 54 52 1
2010958102955317 137212114478784 emit_beg 55 0 0 0 0 0
2010958102961657 137212114478784 dmg 0 1 0 0 3840 2400
2010958102961837 137212114478784 enc 54 54 1 -1 -1 0
2010958103257926 137212114478784 emit_end 55 0 0 0 0 0
2010958106197679 137212174624640 send 1749698 0 0 54 52 1
2010958106198589 137212174624640 send 14 0 0 54 52 1
2010958106199249 137212174624640 egress 55 1 271 52 0 0
2010958257010079 137212122871488 wait_end 0 0 0 0 0 0
2010958257012629 137212122871488 join_beg 1 0 0 0 0 0
2010958257014549 137212122871488 join_end 0 0 0 0 0 0
