1586190166089997 131919735117504 drain_beg 0 0
1586190166098037 131919735117504 drain_end 1 0
1586190166099207 131919735117504 subm_beg 1 0
1586190182448700 131919735117504 subm_end 1 0
1586190182449620 131919735117504 pump_beg 1 0
1586190315321701 131919735117504 pump_end 1 2
1586190317833770 131919735117504 coll_beg 0 0
1586190321192187 131919735117504 coll_end 0 0
1586190323121017 131919735117504 emit_beg 1 0
1586190328990053 131919735117504 emit_end 1 0
1586190328994173 131919735117504 drain_beg 0 0
1586190328994953 131919735117504 drain_end 1 0
1586190328995852 131919735117504 subm_beg 1 0
1586190332758365 131919735117504 subm_end 1 0
1586190332758685 131919735117504 pump_beg 1 0
1586190342840237 131919735117504 pump_end 1 2
1586190345742131 131919735117504 coll_beg 0 0
1586190349116388 131919735117504 coll_end 0 0
1586190351639236 131919735117504 emit_beg 2 0
1586190357314439 131919735117504 emit_end 2 0
1586190357317209 131919735117504 drain_beg 0 0
1586190357318069 131919735117504 drain_end 1 0
1586190357318769 131919735117504 subm_beg 1 0
1586190361038703 131919735117504 subm_end 1 0
1586190361039113 131919735117504 pump_beg 1 0
1586190375728187 131919735117504 pump_end 1 2
1586190377993294 131919735117504 coll_beg 0 0
1586190378794365 131919735117504 coll_end 0 0
1586190380646798 131919735117504 emit_beg 3 0
1586190386382008 131919735117504 emit_end 3 0
1586190386385778 131919735117504 drain_beg 0 0
1586190386386328 131919735117504 drain_end 1 0
1586190386386628 131919735117504 subm_beg 1 0
1586190390105742 131919735117504 subm_end 1 0
1586190390106192 131919735117504 pump_beg 1 0
1586190397443525 131919735117504 pump_end 1 2
1586190399867376 131919735117504 coll_beg 0 0
1586190401586303 131919735117504 coll_end 0 0
1586190403661358 131919735117504 emit_beg 4 0
1586190411357687 131919735117504 emit_end 4 0
1586190411360887 131919735117504 drain_beg 0 0
1586190411361377 131919735117504 drain_end 1 0
1586190411361607 131919735117504 subm_beg 1 0
1586190415051642 131919735117504 subm_end 1 0
1586190415052152 131919735117504 pump_beg 1 0
1586190423034251 131919735117504 pump_end 1 2
1586190425431613 131919735117504 coll_beg 0 0
1586190428279749 131919735117504 coll_end 0 0
1586190431162274 131919735117504 emit_beg 5 0
1586190438871263 131919735117504 emit_end 5 0
1586190438873823 131919735117504 drain_beg 0 0
1586190438874233 131919735117504 drain_end 1 0
1586190438874403 131919735117504 subm_beg 1 0
1586190442460182 131919735117504 subm_end 1 0
1586190442460872 131919735117504 pump_beg 1 0
1586190448898077 131919735117504 pump_end 1 2
1586190451290789 131919735117504 coll_beg 0 0
1586190454673276 131919735117504 coll_end 0 0
1586190457247072 131919735117504 emit_beg 6 0
1586190464905093 131919735117504 emit_end 6 0
1586190464910533 131919735117504 drain_beg 0 0
1586190464911133 131919735117504 drain_end 1 0
1586190464911493 131919735117504 subm_beg 1 0
1586190468571949 131919735117504 subm_end 1 0
1586190468572549 131919735117504 pump_beg 1 0
1586190476234359 131919735117504 pump_end 1 2
1586190478974099 131919735117504 coll_beg 0 0
1586190483958947 131919735117504 coll_end 0 0
1586190487047885 131919735117504 emit_beg 7 0
1586190494855630 131919735117504 emit_end 7 0
1586190494861199 131919735117504 drain_beg 0 0
1586190494861979 131919735117504 drain_end 1 0
1586190494862649 131919735117504 subm_beg 1 0
1586190498483507 131919735117504 subm_end 1 0
1586190498484087 131919735117504 pump_beg 1 0
1586190504198329 131919735117504 pump_end 1 2
1586190506081640 131919735117504 coll_beg 0 0
1586190508425145 131919735117504 coll_end 0 0
1586190511776492 131919735117504 emit_beg 8 0
1586190519384925 131919735117504 emit_end 8 0
1586190521205068 131919735117504 drain_beg 0 0
1586190521208548 131919735117504 drain_end 1 0
1586190521210188 131919735117504 subm_beg 1 0
1586190523204245 131919735117504 subm_end 1 0
1586190523204835 131919735117504 pump_beg 1 0
1586190530480670 131919735117504 pump_end 1 2
1586190533519359 131919735117504 coll_beg 0 0
1586190537669117 131919735117504 coll_end 0 0
1586190541056774 131919735117504 emit_beg 9 0
1586190548701685 131919735117504 emit_end 9 0
1586190565746103 131919735117504 drain_beg 0 0
1586190565748443 131919735117504 drain_end 1 0
1586190565749113 131919735117504 subm_beg 1 0
1586190569524235 131919735117504 subm_end 1 0
1586190569525205 131919735117504 pump_beg 1 0
1586190575859874 131919735117504 pump_end 1 2
1586190577860361 131919735117504 coll_beg 0 0
1586190578171789 131919735117504 coll_end 0 0
1586190580077570 131919735117504 emit_beg 10 0
1586190585953905 131919735117504 emit_end 10 0
1586190585957985 131919735117504 drain_beg 0 0
1586190585958675 131919735117504 drain_end 1 0
1586190585959255 131919735117504 subm_beg 1 0
1586190589929180 131919735117504 subm_end 1 0
1586190589930650 131919735117504 pump_beg 1 0
1586190598311834 131919735117504 pump_end 1 2
1586190601648313 131919735117504 coll_beg 0 0
1586190605802231 131919735117504 coll_end 0 0
1586190607749300 131919735117504 emit_beg 11 0
1586190613632015 131919735117504 emit_end 11 0
1586190613635875 131919735117504 drain_beg 0 0
1586190613636475 131919735117504 drain_end 1 0
1586190613636995 131919735117504 subm_beg 1 0
1586190617402058 131919735117504 subm_end 1 0
1586190617403078 131919735117504 pump_beg 1 0
1586190622708334 131919735117504 pump_end 1 2
1586190625102477 131919735117504 coll_beg 0 0
1586190626176617 131919735117504 coll_end 0 0
1586190628907568 131919735117504 emit_beg 12 0
1586190636545399 131919735117504 emit_end 12 0
1586190651446635 131919735117504 drain_beg 0 0
1586190651447675 131919735117504 drain_end 1 0
1586190651447965 131919735117504 subm_beg 1 0
1586190655251296 131919735117504 subm_end 1 0
1586190655251686 131919735117504 pump_beg 1 0
1586190663449567 131919735117504 pump_end 1 2
1586190665424755 131919735117504 coll_beg 0 0
1586190669441029 131919735117504 coll_end 0 0
1586190671386058 131919735117504 emit_beg 13 0
1586190677160217 131919735117504 emit_end 13 0
1586190677163047 131919735117504 drain_beg 0 0
1586190677163377 131919735117504 drain_end 1 0
1586190677163867 131919735117504 subm_beg 1 0
1586190680966998 131919735117504 subm_end 1 0
1586190680967758 131919735117504 pump_beg 1 0
1586190688241392 131919735117504 pump_end 1 2
1586190690550708 131919735117504 coll_beg 0 0
1586190693486241 131919735117504 coll_end 0 0
1586190696078726 131919735117504 emit_beg 14 0
1586190703435798 131919735117504 emit_end 14 0
1586190703438898 131919735117504 drain_beg 0 0
1586190703439208 131919735117504 drain_end 1 0
1586190703439488 131919735117504 subm_beg 1 0
1586190707056196 131919735117504 subm_end 1 0
1586190707056836 131919735117504 pump_beg 1 0
1586190714401068 131919735117504 pump_end 1 2
1586190717629790 131919735117504 coll_beg 0 0
1586190722519742 131919735117504 coll_end 0 0
1586190725168215 131919735117504 emit_beg 15 0
1586190732559365 131919735117504 emit_end 15 0
1586190732564105 131919735117504 drain_beg 0 0
1586190732564805 131919735117504 drain_end 1 0
1586190732565445 131919735117504 subm_beg 1 0
1586190736120525 131919735117504 subm_end 1 0
1586190736121035 131919735117504 pump_beg 1 0
1586190743945470 131919735117504 pump_end 1 2
1586190746487867 131919735117504 coll_beg 0 0
1586190749455249 131919735117504 coll_end 0 0
1586190752081393 131919735117504 emit_beg 16 0
1586190759431514 131919735117504 emit_end 16 0
1586190759435974 131919735117504 drain_beg 0 0
1586190759436584 131919735117504 drain_end 1 0
1586190759436944 131919735117504 subm_beg 1 0
1586190763059052 131919735117504 subm_end 1 0
1586190763059502 131919735117504 pump_beg 1 0
1586190769359102 131919735117504 pump_end 1 2
1586190772387742 131919735117504 coll_beg 0 0
1586190774083950 131919735117504 coll_end 0 0
1586190776038529 131919735117504 emit_beg 17 0
1586190783331152 131919735117504 emit_end 17 0
1586190797759926 131919735117504 drain_beg 0 0
1586190797762316 131919735117504 drain_end 1 0
1586190797763086 131919735117504 subm_beg 1 0
1586190801379554 131919735117504 subm_end 1 0
1586190801380104 131919735117504 pump_beg 1 0
1586190807706603 131919735117504 pump_end 1 2
1586190809580114 131919735117504 coll_beg 0 0
1586190811471545 131919735117504 coll_end 0 0
1586190813365306 131919735117504 emit_beg 18 0
1586190818935873 131919735117504 emit_end 18 0
1586190818939743 131919735117504 drain_beg 0 0
1586190818940653 131919735117504 drain_end 1 0
1586190818941263 131919735117504 subm_beg 1 0
1586190822636568 131919735117504 subm_end 1 0
1586190822636968 131919735117504 pump_beg 1 0
1586190830034818 131919735117504 pump_end 1 2
1586190832077403 131919735117504 coll_beg 0 0
1586190835452420 131919735117504 coll_end 0 0
1586190837613661 131919735117504 emit_beg 19 0
1586190844985452 131919735117504 emit_end 19 0
1586190844988652 131919735117504 drain_beg 0 0
1586190844989122 131919735117504 drain_end 1 0
1586190844996772 131919735117504 subm_beg 1 0
1586190848577991 131919735117504 subm_end 1 0
1586190848578461 131919735117504 pump_beg 1 0
1586190856393416 131919735117504 pump_end 1 2
1586190858898745 131919735117504 coll_beg 0 0
1586190864785450 131919735117504 coll_end 0 0
1586190868115618 131919735117504 emit_beg 20 0
1586190873684095 131919735117504 emit_end 20 0
1586190873686735 131919735117504 drain_beg 0 0
1586190873687175 131919735117504 drain_end 1 0
1586190873687915 131919735117504 subm_beg 1 0
1586190877316193 131919735117504 subm_end 1 0
1586190877316562 131919735117504 pump_beg 1 0
1586190884319517 131919735117504 pump_end 1 2
1586190887565198 131919735117504 coll_beg 0 0
1586190891422158 131919735117504 coll_end 0 0
1586190893242121 131919735117504 emit_beg 21 0
1586190900503966 131919735117504 emit_end 21 0
1586190900506286 131919735117504 drain_beg 0 0
1586190900506576 131919735117504 drain_end 1 0
1586190900506826 131919735117504 subm_beg 1 0
1586190904179002 131919735117504 subm_end 1 0
1586190904179372 131919735117504 pump_beg 1 0
1586190910981504 131919735117504 pump_end 1 2
1586190914537554 131919735117504 coll_beg 0 0
1586190917840034 131919735117504 coll_end 0 0
1586190920025194 131919735117504 emit_beg 22 0
1586190927295669 131919735117504 emit_end 22 0
1586190927298489 131919735117504 drain_beg 0 0
1586190927298979 131919735117504 drain_end 1 0
1586190927299428 131919735117504 subm_beg 1 0
1586190930938436 131919735117504 subm_end 1 0
1586190930938976 131919735117504 pump_beg 1 0
1586190939634818 131919735117504 pump_end 1 2
1586190943168639 131919735117504 coll_beg 0 0
1586190946753968 131919735117504 coll_end 0 0
1586190948669839 131919735117504 emit_beg 23 0
1586190955958133 131919735117504 emit_end 23 0
1586190955962353 131919735117504 drain_beg 0 0
1586190955962943 131919735117504 drain_end 1 0
1586190955963523 131919735117504 subm_beg 1 0
1586190959598580 131919735117504 subm_end 1 0
1586190959599110 131919735117504 pump_beg 1 0
1586190967046118 131919735117504 pump_end 1 2
1586190970193153 131919735117504 coll_beg 0 0
1586190973380497 131919735117504 coll_end 0 0
1586190976055989 131919735117504 emit_beg 24 0
1586190983321364 131919735117504 emit_end 24 0
1586190983325754 131919735117504 drain_beg 0 0
1586190983333484 131919735117504 drain_end 1 0
1586190983334264 131919735117504 subm_beg 1 0
1586190986888764 131919735117504 subm_end 1 0
1586190986889244 131919735117504 pump_beg 1 0
1586190995315586 131919735117504 pump_end 1 2
1586190997705429 131919735117504 coll_beg 0 0
1586191001376095 131919735117504 coll_end 0 0
1586191003621183 131919735117504 emit_beg 25 0
1586191011064842 131919735117504 emit_end 25 0
1586191011072021 131919735117504 drain_beg 0 0
1586191011072801 131919735117504 drain_end 1 0
1586191011074091 131919735117504 subm_beg 1 0
1586191014796985 131919735117504 subm_end 1 0
1586191014797555 131919735117504 pump_beg 1 0
1586191020786047 131919735117504 pump_end 1 2
1586191024024739 131919735117504 coll_beg 0 0
1586191024089296 131919735117504 coll_end 0 0
1586191027753293 131919735117504 emit_beg 26 0
1586191035411013 131919735117504 emit_end 26 0
1586191047291480 131919735117504 drain_beg 0 0
1586191047294429 131919735117504 drain_end 1 0
1586191047295099 131919735117504 subm_beg 1 0
1586191051160118 131919735117504 subm_end 1 0
1586191051164538 131919735117504 pump_beg 1 0
1586191059783494 131919735117504 pump_end 1 2
1586191061782201 131919735117504 coll_beg 0 0
1586191066962452 131919735117504 coll_end 0 0
1586191068900041 131919735117504 emit_beg 27 0
1586191072774080 131919735117504 emit_end 27 0
1586191072778390 131919735117504 drain_beg 0 0
1586191072779110 131919735117504 drain_end 1 0
1586191072779669 131919735117504 subm_beg 1 0
1586191076628039 131919735117504 subm_end 1 0
1586191076628639 131919735117504 pump_beg 1 0
1586191085398519 131919735117504 pump_end 1 2
1586191087829780 131919735117504 coll_beg 0 0
1586191091470887 131919735117504 coll_end 0 0
1586191093645648 131919735117504 emit_beg 28 0
1586191101361246 131919735117504 emit_end 28 0
1586191117600204 131919735117504 drain_beg 0 0
1586191117608783 131919735117504 drain_end 1 0
1586191117609543 131919735117504 subm_beg 1 0
1586191123347984 131919735117504 subm_end 1 0
1586191123351054 131919735117504 pump_beg 1 0
1586191132115464 131919735117504 pump_end 1 2
1586191134154430 131919735117504 coll_beg 0 0
1586191138866498 131919735117504 coll_end 0 0
1586191140954982 131919735117504 emit_beg 29 0
1586191146978102 131919735117504 emit_end 29 0
1586191146981832 131919735117504 drain_beg 0 0
1586191146982382 131919735117504 drain_end 1 0
1586191146982952 131919735117504 subm_beg 1 0
1586191150783163 131919735117504 subm_end 1 0
1586191150783603 131919735117504 pump_beg 1 0
1586191159427057 131919735117504 pump_end 1 2
1586191161889988 131919735117504 coll_beg 0 0
1586191164488513 131919735117504 coll_end 0 0
1586191167827821 131919735117504 emit_beg 30 0
1586191175398925 131919735117504 emit_end 30 0
1586191175402224 131919735117504 drain_beg 0 0
1586191175402884 131919735117504 drain_end 1 0
1586191175403344 131919735117504 subm_beg 1 0
1586191179120519 131919735117504 subm_end 1 0
1586191179121009 131919735117504 pump_beg 1 0
1586191191338133 131919735117504 pump_end 1 2
1586191194262356 131919735117504 coll_beg 0 0
1586191197834596 131919735117504 coll_end 0 0
1586191199747546 131919735117504 emit_beg 31 0
1586191203617105 131919735117504 emit_end 31 0
1586191203619785 131919735117504 drain_beg 0 0
1586191203620245 131919735117504 drain_end 1 0
1586191203620715 131919735117504 subm_beg 1 0
1586191207361668 131919735117504 subm_end 1 0
1586191207362018 131919735117504 pump_beg 1 0
1586191219568193 131919735117504 pump_end 1 2
1586191221922797 131919735117504 coll_beg 0 0
1586191224683756 131919735117504 coll_end 0 0
1586191227533852 131919735117504 emit_beg 32 0
1586191235074917 131919735117504 emit_end 32 0
1586191235077257 131919735117504 drain_beg 0 0
1586191235077567 131919735117504 drain_end 1 0
1586191235077817 131919735117504 subm_beg 1 0
1586191238812970 131919735117504 subm_end 1 0
1586191238813400 131919735117504 pump_beg 1 0
1586191251141860 131919735117504 pump_end 1 2
1586191254103752 131919735117504 coll_beg 0 0
1586191257065754 131919735117504 coll_end 0 0
1586191259697298 131919735117504 emit_beg 33 0
1586191265427439 131919735117504 emit_end 33 0
1586191265431069 131919735117504 drain_beg 0 0
1586191265431799 131919735117504 drain_end 1 0
1586191265432399 131919735117504 subm_beg 1 0
1586191269086156 131919735117504 subm_end 1 0
1586191269086776 131919735117504 pump_beg 1 0
1586191281985085 131919735117504 pump_end 1 2
1586191285450548 131919735117504 coll_beg 0 0
1586191289644265 131919735117504 coll_end 0 0
1586191291602714 131919735117504 emit_beg 34 0
1586191295334468 131919735117504 emit_end 34 0
1586191295337798 131919735117504 drain_beg 0 0
1586191295338328 131919735117504 drain_end 1 0
1586191295338918 131919735117504 subm_beg 1 0
1586191299167058 131919735117504 subm_end 1 0
1586191299167418 131919735117504 pump_beg 1 0
1586191312270660 131919735117504 pump_end 1 2
1586191315704224 131919735117504 coll_beg 0 0
1586191320744200 131919735117504 coll_end 0 0
1586191322654911 131919735117504 emit_beg 35 0
1586191326511880 131919735117504 emit_end 35 0
1586191346593457 131919735117504 drain_beg 0 0
1586191346594497 131919735117504 drain_end 1 0
1586191346594907 131919735117504 subm_beg 1 0
1586191350534643 131919735117504 subm_end 1 0
1586191350535563 131919735117504 pump_beg 1 0
1586191360265218 131919735117504 pump_end 1 2
1586191362349502 131919735117504 coll_beg 0 0
1586191366223071 131919735117504 coll_end 0 0
1586191368288225 131919735117504 emit_beg 36 0
1586191374190490 131919735117504 emit_end 36 0
1586191374193980 131919735117504 drain_beg 0 0
1586191374194470 131919735117504 drain_end 1 0
1586191374194830 131919735117504 subm_beg 1 0
1586191377970972 131919735117504 subm_end 1 0
1586191377971652 131919735117504 pump_beg 1 0
1586191389724353 131919735117504 pump_end 1 2
1586191392795811 131919735117504 coll_beg 0 0
1586191398692296 131919735117504 coll_end 0 0
1586191400795489 131919735117504 emit_beg 37 0
1586191406551429 131919735117504 emit_end 37 0
1586191406553969 131919735117504 drain_beg 0 0
1586191406554319 131919735117504 drain_end 1 0
1586191406554599 131919735117504 subm_beg 1 0
1586191410228395 131919735117504 subm_end 1 0
1586191410228695 131919735117504 pump_beg 1 0
1586191420946094 131919735117504 pump_end 1 2
1586191422887173 131919735117504 coll_beg 0 0
1586191428473059 131919735117504 coll_end 0 0
1586191430474606 131919735117504 emit_beg 38 0
1586191436468717 131919735117504 emit_end 38 0
1586191436472227 131919735117504 drain_beg 0 0
1586191436472707 131919735117504 drain_end 1 0
1586191436473017 131919735117504 subm_beg 1 0
1586191440056916 131919735117504 subm_end 1 0
1586191440057346 131919735117504 pump_beg 1 0
1586191450248225 131919735117504 pump_end 1 2
1586191452879178 131919735117504 coll_beg 0 0
1586191457918855 131919735117504 coll_end 0 0
1586191460311017 131919735117504 emit_beg 39 0
1586191465762198 131919735117504 emit_end 39 0
1586191465764948 131919735117504 drain_beg 0 0
1586191465765368 131919735117504 drain_end 1 0
1586191465765668 131919735117504 subm_beg 1 0
1586191469331198 131919735117504 subm_end 1 0
1586191469331708 131919735117504 pump_beg 1 0
1586191479984409 131919735117504 pump_end 1 2
1586191483090456 131919735117504 coll_beg 0 0
1586191486684925 131919735117504 coll_end 0 0
1586191489096367 131919735117504 emit_beg 40 0
1586191494680843 131919735117504 emit_end 40 0
1586191494683593 131919735117504 drain_beg 0 0
1586191494684033 131919735117504 drain_end 1 0
1586191494684283 131919735117504 subm_beg 1 0
1586191498339420 131919735117504 subm_end 1 0
1586191498339889 131919735117504 pump_beg 1 0
1586191508142942 131919735117504 pump_end 1 2
1586191512259771 131919735117504 coll_beg 0 0
1586191515329949 131919735117504 coll_end 0 0
1586191517135904 131919735117504 emit_beg 41 0
1586191524479696 131919735117504 emit_end 41 0
1586191524482506 131919735117504 drain_beg 0 0
1586191524482956 131919735117504 drain_end 1 0
1586191524483395 131919735117504 subm_beg 1 0
1586191527939399 131919735117504 subm_end 1 0
1586191527939879 131919735117504 pump_beg 1 0
1586191539534636 131919735117504 pump_end 1 2
1586191541838432 131919735117504 coll_beg 0 0
1586191546052468 131919735117504 coll_end 0 0
1586191547884311 131919735117504 emit_beg 42 0
1586191551585006 131919735117504 emit_end 42 0
1586191551587466 131919735117504 drain_beg 0 0
1586191551587936 131919735117504 drain_end 1 0
1586191551588486 131919735117504 subm_beg 1 0
1586191555235743 131919735117504 subm_end 1 0
1586191555236113 131919735117504 pump_beg 1 0
1586191565579656 131919735117504 pump_end 1 2
1586191568844637 131919735117504 coll_beg 0 0
1586191572425796 131919735117504 coll_end 0 0
1586191574312167 131919735117504 emit_beg 43 0
1586191581526534 131919735117504 emit_end 43 0
1586191596194138 131919735117504 drain_beg 0 0
1586191596195138 131919735117504 drain_end 1 0
1586191596195598 131919735117504 subm_beg 1 0
1586191599747599 131919735117504 subm_end 1 0
1586191599747979 131919735117504 pump_beg 1 0
1586191608886055 131919735117504 pump_end 1 2
1586191610751557 131919735117504 coll_beg 0 0
1586191614767701 131919735117504 coll_end 0 0
1586191616697990 131919735117504 emit_beg 44 0
1586191622240278 131919735117504 emit_end 44 0
1586191622244138 131919735117504 drain_beg 0 0
1586191622244628 131919735117504 drain_end 1 0
1586191622244978 131919735117504 subm_beg 1 0
1586191625808068 131919735117504 subm_end 1 0
1586191625808628 131919735117504 pump_beg 1 0
1586191636111002 131919735117504 pump_end 1 2
1586191637988473 131919735117504 coll_beg 0 0
1586191643719224 131919735117504 coll_end 0 0
1586191645646384 131919735117504 emit_beg 45 0
1586191651319137 131919735117504 emit_end 45 0
1586191651322967 131919735117504 drain_beg 0 0
1586191651323447 131919735117504 drain_end 1 0
1586191651323907 131919735117504 subm_beg 1 0
1586191654854038 131919735117504 subm_end 1 0
1586191654854558 131919735117504 pump_beg 1 0
1586191665917794 131919735117504 pump_end 1 2
1586191668590876 131919735117504 coll_beg 0 0
1586191674052707 131919735117504 coll_end 0 0
1586191676085463 131919735117504 emit_beg 46 0
1586191683403856 131919735117504 emit_end 46 0
1586191683407466 131919735117504 drain_beg 0 0
1586191683408056 131919735117504 drain_end 1 0
1586191683408576 131919735117504 subm_beg 1 0
1586191686848950 131919735117504 subm_end 1 0
1586191686849490 131919735117504 pump_beg 1 0
1586191698076820 131919735117504 pump_end 1 2
1586191701242365 131919735117504 coll_beg 0 0
1586191704597203 131919735117504 coll_end 0 0
1586191706422996 131919735117504 emit_beg 47 0
1586191713744469 131919735117504 emit_end 47 0
1586191713748349 131919735117504 drain_beg 0 0
1586191713748989 131919735117504 drain_end 1 0
1586191713749468 131919735117504 subm_beg 1 0
1586191717354697 131919735117504 subm_end 1 0
1586191717355167 131919735117504 pump_beg 1 0
1586191725591646 131919735117504 pump_end 1 2
1586191727782326 131919735117504 coll_beg 0 0
1586191729059250 131919735117504 coll_end 0 0
1586191731477342 131919735117504 emit_beg 48 0
1586191738701718 131919735117504 emit_end 48 0
1586191752974777 131919735117504 drain_beg 0 0
1586191752975707 131919735117504 drain_end 1 0
1586191752976127 131919735117504 subm_beg 1 0
1586191756556056 131919735117504 subm_end 1 0
1586191756556446 131919735117504 pump_beg 1 0
1586191768709323 131919735117504 pump_end 1 2
1586191770587954 131919735117504 coll_beg 0 0
1586191773021915 131919735117504 coll_end 0 0
1586191774881828 131919735117504 emit_beg 49 0
1586191780294920 131919735117504 emit_end 49 0
1586191780297920 131919735117504 drain_beg 0 0
1586191780298520 131919735117504 drain_end 1 0
1586191780299260 131919735117504 subm_beg 1 0
1586191783773253 131919735117504 subm_end 1 0
1586191783774153 131919735117504 pump_beg 1 0
1586191794498532 131919735117504 pump_end 1 2
1586191796347584 131919735117504 coll_beg 0 0
1586191799442011 131919735117504 coll_end 0 0
1586191801406740 131919735117504 emit_beg 50 0
1586191809003092 131919735117504 emit_end 50 0
1586191809005722 131919735117504 drain_beg 0 0
1586191809006152 131919735117504 drain_end 1 0
1586191809006362 131919735117504 subm_beg 1 0
1586191812611151 131919735117504 subm_end 1 0
1586191812612611 131919735117504 pump_beg 1 0
1586191823959077 131919735117504 pump_end 1 2
1586191825870907 131919735117504 coll_beg 0 0
1586191828751572 131919735117504 coll_end 0 0
1586191830614924 131919735117504 emit_beg 51 0
1586191836358754 131919735117504 emit_end 51 0
1586191852790864 131919735117504 drain_beg 0 0
1586191852791824 131919735117504 drain_end 1 0
1586191852792244 131919735117504 subm_beg 1 0
1586191856580646 131919735117504 subm_end 1 0
1586191856580976 131919735117504 pump_beg 1 0
1586191865985923 131919735117504 pump_end 1 2
1586191867850755 131919735117504 coll_beg 0 0
1586191868786331 131919735117504 coll_end 0 0
1586191870699011 131919735117504 emit_beg 52 0
1586191876299027 131919735117504 emit_end 52 0
1586191876301687 131919735117504 drain_beg 0 0
1586191876302056 131919735117504 drain_end 1 0
1586191876302316 131919735117504 subm_beg 1 0
1586191880133497 131919735117504 subm_end 1 0
1586191880135477 131919735117504 pump_beg 1 0
1586191888333397 131919735117504 pump_end 1 2
1586191891788421 131919735117504 coll_beg 0 0
1586191893151182 131919735117504 coll_end 0 0
1586191895616882 131919735117504 emit_beg 53 0
1586191903081239 131919735117504 emit_end 53 0
1586191903084689 131919735117504 drain_beg 0 0
1586191903085109 131919735117504 drain_end 1 0
1586191903085439 131919735117504 subm_beg 1 0
1586191906936509 131919735117504 subm_end 1 0
1586191906937529 131919735117504 pump_beg 1 0
1586191914338018 131919735117504 pump_end 1 2
1586191917006141 131919735117504 coll_beg 0 0
1586191917471064 131919735117504 coll_end 0 0
1586191920797013 131919735117504 emit_beg 54 0
1586191928350177 131919735117504 emit_end 54 0
1586191928354587 131919735117504 drain_beg 0 0
1586191928355087 131919735117504 drain_end 1 0
1586191928355507 131919735117504 subm_beg 1 0
1586191932055472 131919735117504 subm_end 1 0
1586191932056892 131919735117504 pump_beg 1 0
1586191943181366 131919735117504 pump_end 1 2
1586191945899117 131919735117504 coll_beg 0 0
1586191949827103 131919735117504 coll_end 0 0
1586191951753723 131919735117504 emit_beg 55 0
1586191957563801 131919735117504 emit_end 55 0
1586191974726865 131919735117504 drain_beg 0 0
1586191974728515 131919735117504 drain_end 1 0
1586191974729035 131919735117504 subm_beg 1 0
1586191978507797 131919735117504 subm_end 1 0
1586191978509377 131919735117504 pump_beg 1 0
1586191989826374 131919735117504 pump_end 1 2
1586191991838620 131919735117504 coll_beg 0 0
1586191994879619 131919735117504 coll_end 0 0
1586191996844278 131919735117504 emit_beg 56 0
1586192002528070 131919735117504 emit_end 56 0
1586192002531300 131919735117504 drain_beg 0 0
1586192002532000 131919735117504 drain_end 1 0
1586192002532710 131919735117504 subm_beg 1 0
1586192006235055 131919735117504 subm_end 1 0
1586192006236145 131919735117504 pump_beg 1 0
1586192017354559 131919735117504 pump_end 1 2
1586192019233271 131919735117504 coll_beg 0 0
1586192022074267 131919735117504 coll_end 0 0
1586192023945249 131919735117504 emit_beg 57 0
1586192029605022 131919735117504 emit_end 57 0
1586192045938736 131919735117504 drain_beg 0 0
1586192045939926 131919735117504 drain_end 1 0
1586192045940336 131919735117504 subm_beg 1 0
1586192049668510 131919735117504 subm_end 1 0
1586192049668860 131919735117504 pump_beg 1 0
1586192058788067 131919735117504 pump_end 1 2
1586192060864481 131919735117504 coll_beg 0 0
1586192062385826 131919735117504 coll_end 0 0
1586192064391962 131919735117504 emit_beg 58 0
1586192069950530 131919735117504 emit_end 58 0
1586192069954110 131919735117504 drain_beg 0 0
1586192069954630 131919735117504 drain_end 1 0
1586192069955140 131919735117504 subm_beg 1 0
1586192073726652 131919735117504 subm_end 1 0
1586192073727032 131919735117504 pump_beg 1 0
1586192085697985 131919735117504 pump_end 1 2
1586192088356338 131919735117504 coll_beg 0 0
1586192091125237 131919735117504 coll_end 0 0
1586192092937861 131919735117504 emit_beg 59 0
1586192098709470 131919735117504 emit_end 59 0
1586192098712970 131919735117504 drain_beg 0 0
1586192098713510 131919735117504 drain_end 1 0
1586192098713880 131919735117504 subm_beg 1 0
1586192102555060 131919735117504 subm_end 1 0
1586192102555480 131919735117504 pump_beg 1 0
1586192112635972 131919735117504 pump_end 1 2
1586192115183639 131919735117504 coll_beg 0 0
1586192116871507 131919735117504 coll_end 0 0
1586192118912153 131919735117504 emit_beg 60 0
1586192124667663 131919735117504 emit_end 60 0
1586192139797981 131919735117504 drain_beg 0 0
1586192139798901 131919735117504 drain_end 1 0
1586192139799421 131919735117504 subm_beg 1 0
1586192143580853 131919735117504 subm_end 1 0
1586192143581143 131919735117504 pump_beg 1 0
1586192151314220 131919735117504 pump_end 1 2
1586192153260119 131919735117504 coll_beg 0 0
1586192153767451 131919735117504 coll_end 0 0
1586192155685141 131919735117504 emit_beg 61 0
1586192161411382 131919735117504 emit_end 61 0
1586192161414412 131919735117504 drain_beg 0 0
1586192161414982 131919735117504 drain_end 1 0
1586192161415552 131919735117504 subm_beg 1 0
1586192165180054 131919735117504 subm_end 1 0
1586192165180374 131919735117504 pump_beg 1 0
1586192172089582 131919735117504 pump_end 1 2
1586192174832402 131919735117504 coll_beg 0 0
1586192175258547 131919735117504 coll_end 0 0
1586192178383133 131919735117504 emit_beg 62 0
1586192185500483 131919735117504 emit_end 62 0
1586192199420355 131919735117504 drain_beg 0 0
1586192199421495 131919735117504 drain_end 1 0
1586192199422035 131919735117504 subm_beg 1 0
1586192202958896 131919735117504 subm_end 1 0
1586192202959166 131919735117504 pump_beg 1 0
1586192216311508 131919735117504 pump_end 1 2
1586192218197580 131919735117504 coll_beg 0 0
1586192223150619 131919735117504 coll_end 0 0
1586192225084058 131919735117504 emit_beg 63 0
1586192228808802 131919735117504 emit_end 63 0
1586192228812772 131919735117504 drain_beg 0 0
1586192228813442 131919735117504 drain_end 1 0
1586192228813982 131919735117504 subm_beg 1 0
1586192232521387 131919735117504 subm_end 1 0
1586192232526437 131919735117504 pump_beg 1 0
1586192245512843 131919735117504 pump_end 1 2
1586192248175246 131919735117504 coll_beg 0 0
1586192252615344 131919735117504 coll_end 0 0
1586192255847956 131919735117504 emit_beg 64 0
1586192261391773 131919735117504 emit_end 64 0
1586192261394843 131919735117504 drain_beg 0 0
1586192261395223 131919735117504 drain_end 1 0
1586192261395523 131919735117504 subm_beg 1 0
1586192264897835 131919735117504 subm_end 1 0
1586192264898585 131919735117504 pump_beg 1 0
1586192274174347 131919735117504 pump_end 1 2
1586192276877508 131919735117504 coll_beg 0 0
1586192279214263 131919735117504 coll_end 0 0
1586192282567331 131919735117504 emit_beg 65 0
1586192289891193 131919735117504 emit_end 65 0
1586192289894133 131919735117504 drain_beg 0 0
1586192289894483 131919735117504 drain_end 1 0
1586192289894753 131919735117504 subm_beg 1 0
1586192293473433 131919735117504 subm_end 1 0
1586192293474203 131919735117504 pump_beg 1 0
1586192305044280 131919735117504 pump_end 1 2
1586192307466222 131919735117504 coll_beg 0 0
1586192310477272 131919735117504 coll_end 0 0
1586192312370243 131919735117504 emit_beg 66 0
1586192317927010 131919735117504 emit_end 66 0
1586192332947022 131919735117504 drain_beg 0 0
1586192332947702 131919735117504 drain_end 1 0
1586192332948072 131919735117504 subm_beg 1 0
1586192336542971 131919735117504 subm_end 1 0
1586192336543441 131919735117504 pump_beg 1 0
1586192344309207 131919735117504 pump_end 1 2
1586192346218598 131919735117504 coll_beg 0 0
1586192346530686 131919735117504 coll_end 0 0
1586192348338480 131919735117504 emit_beg 67 0
1586192355711351 131919735117504 emit_end 67 0
1586192355715911 131919735117504 drain_beg 0 0
1586192355716811 131919735117504 drain_end 1 0
1586192355717591 131919735117504 subm_beg 1 0
1586192359343179 131919735117504 subm_end 1 0
1586192359344039 131919735117504 pump_beg 1 0
1586192370164744 131919735117504 pump_end 1 2
1586192373170344 131919735117504 coll_beg 0 0
1586192375732151 131919735117504 coll_end 0 0
1586192377618542 131919735117504 emit_beg 68 0
1586192383314194 131919735117504 emit_end 68 0
1586192398653734 131919735117504 drain_beg 0 0
1586192398654664 131919735117504 drain_end 1 0
1586192398655014 131919735117504 subm_beg 1 0
1586192402585091 131919735117504 subm_end 1 0
1586192402585611 131919735117504 pump_beg 1 0
1586192414604552 131919735117504 pump_end 1 2
1586192416568700 131919735117504 coll_beg 0 0
1586192419824162 131919735117504 coll_end 0 0
1586192421756911 131919735117504 emit_beg 69 0
1586192427463143 131919735117504 emit_end 69 0
1586192427468083 131919735117504 drain_beg 0 0
1586192427468903 131919735117504 drain_end 1 0
1586192427469513 131919735117504 subm_beg 1 0
1586192430991584 131919735117504 subm_end 1 0
1586192430992004 131919735117504 pump_beg 1 0
1586192440154960 131919735117504 pump_end 1 2
1586192442315621 131919735117504 coll_beg 0 0
1586192444082816 131919735117504 coll_end 0 0
1586192445949578 131919735117504 emit_beg 70 0
1586192453176205 131919735117504 emit_end 70 0
1586192453179454 131919735117504 drain_beg 0 0
1586192453180014 131919735117504 drain_end 1 0
1586192453180274 131919735117504 subm_beg 1 0
1586192456776033 131919735117504 subm_end 1 0
1586192456776773 131919735117504 pump_beg 1 0
1586192466614714 131919735117504 pump_end 1 2
1586192468705398 131919735117504 coll_beg 0 0
1586192471299353 131919735117504 coll_end 0 0
1586192474347702 131919735117504 emit_beg 71 0
1586192481637286 131919735117504 emit_end 71 0
1586192481640676 131919735117504 drain_beg 0 0
1586192481641276 131919735117504 drain_end 1 0
1586192481641676 131919735117504 subm_beg 1 0
1586192485249324 131919735117504 subm_end 1 0
1586192485250094 131919735117504 pump_beg 1 0
1586192495483681 131919735117504 pump_end 1 2
1586192498415124 131919735117504 coll_beg 0 0
1586192501846529 131919735117504 coll_end 0 0
1586192503888404 131919735117504 emit_beg 72 0
1586192509347655 131919735117504 emit_end 72 0
1586192509351345 131919735117504 drain_beg 0 0
1586192509351935 131919735117504 drain_end 1 0
1586192509356784 131919735117504 subm_beg 1 0
1586192513128567 131919735117504 subm_end 1 0
1586192513129217 131919735117504 pump_beg 1 0
1586192525026912 131919735117504 pump_end 1 2
1586192526924883 131919735117504 coll_beg 0 0
1586192531468817 131919735117504 coll_end 0 0
1586192533403187 131919735117504 emit_beg 73 0
1586192540804087 131919735117504 emit_end 73 0
1586192540806987 131919735117504 drain_beg 0 0
1586192540807437 131919735117504 drain_end 1 0
1586192540808077 131919735117504 subm_beg 1 0
1586192544350757 131919735117504 subm_end 1 0
1586192544352737 131919735117504 pump_beg 1 0
1586192552414133 131919735117504 pump_end 1 2
1586192555573818 131919735117504 coll_beg 0 0
1586192557648242 131919735117504 coll_end 0 0
1586192559672478 131919735117504 emit_beg 74 0
1586192567272981 131919735117504 emit_end 74 0
1586192567276921 131919735117504 drain_beg 0 0
1586192567277481 131919735117504 drain_end 1 0
1586192567278021 131919735117504 subm_beg 1 0
1586192570999015 131919735117504 subm_end 1 0
1586192571000375 131919735117504 pump_beg 1 0
1586192581340188 131919735117504 pump_end 1 2
1586192583319175 131919735117504 coll_beg 0 0
1586192588568084 131919735117504 coll_end 0 0
1586192590501583 131919735117504 emit_beg 75 0
1586192598154954 131919735117504 emit_end 75 0
1586192598158504 131919735117504 drain_beg 0 0
1586192598159034 131919735117504 drain_end 1 0
1586192598159604 131919735117504 subm_beg 1 0
1586192602055651 131919735117504 subm_end 1 0
1586192602056151 131919735117504 pump_beg 1 0
1586192611336163 131919735117504 pump_end 1 2
1586192614756008 131919735117504 coll_beg 0 0
1586192617940262 131919735117504 coll_end 0 0
1586192619888321 131919735117504 emit_beg 76 0
1586192625575523 131919735117504 emit_end 76 0
1586192641674496 131919735117504 drain_beg 0 0
1586192641675696 131919735117504 drain_end 1 0
1586192641676076 131919735117504 subm_beg 1 0
1586192645502796 131919735117504 subm_end 1 0
1586192645503246 131919735117504 pump_beg 1 0
1586192652915225 131919735117504 pump_end 1 2
1586192654894273 131919735117504 coll_beg 0 0
1586192655670765 131919735117504 coll_end 0 0
1586192657566376 131919735117504 emit_beg 77 0
1586192663288027 131919735117504 emit_end 77 0
1586192663290667 131919735117504 drain_beg 0 0
1586192663291117 131919735117504 drain_end 1 0
1586192663291627 131919735117504 subm_beg 1 0
1586192667161856 131919735117504 subm_end 1 0
1586192667165665 131919735117504 pump_beg 1 0
1586192678558270 131919735117504 pump_end 1 2
1586192681006260 131919735117504 coll_beg 0 0
1586192685880123 131919735117504 coll_end 0 0
1586192687876840 131919735117504 emit_beg 78 0
1586192693713317 131919735117504 emit_end 78 0
1586192693717477 131919735117504 drain_beg 0 0
1586192693718097 131919735117504 drain_end 1 0
1586192693718637 131919735117504 subm_beg 1 0
1586192697386953 131919735117504 subm_end 1 0
1586192697387513 131919735117504 pump_beg 1 0
1586192708118961 131919735117504 pump_end 1 2
1586192711784887 131919735117504 coll_beg 0 0
1586192717719121 131919735117504 coll_end 0 0
1586192719753256 131919735117504 emit_beg 79 0
1586192725527926 131919735117504 emit_end 79 0
1586192725533285 131919735117504 drain_beg 0 0
1586192725533875 131919735117504 drain_end 1 0
1586192725534485 131919735117504 subm_beg 1 0
1586192729183322 131919735117504 subm_end 1 0
1586192729183962 131919735117504 pump_beg 1 0
1586192736242135 131919735117504 pump_end 1 2
1586192738560350 131919735117504 coll_beg 0 0
1586192738874689 131919735117504 coll_end 0 0
1586192742400730 131919735117504 emit_beg 80 0
1586192749934645 131919735117504 emit_end 80 0
1586192761907008 131919735117504 drain_beg 0 0
1586192761907708 131919735117504 drain_end 1 0
1586192761908028 131919735117504 subm_beg 1 0
1586192765648031 131919735117504 subm_end 1 0
1586192765648501 131919735117504 pump_beg 1 0
1586192776139279 131919735117504 pump_end 1 2
1586192778273191 131919735117504 coll_beg 0 0
1586192780777539 131919735117504 coll_end 0 0
1586192782790326 131919735117504 emit_beg 81 0
1586192788500338 131919735117504 emit_end 81 0
1586192804642498 131919735117504 drain_beg 0 0
1586192804642938 131919735117504 drain_end 1 0
1586192804643238 131919735117504 subm_beg 1 0
1586192808424470 131919735117504 subm_end 1 0
1586192808424830 131919735117504 pump_beg 1 0
1586192818245302 131919735117504 pump_end 1 2
1586192820261218 131919735117504 coll_beg 0 0
1586192824899549 131919735117504 coll_end 0 0
1586192827051371 131919735117504 emit_beg 82 0
1586192832786641 131919735117504 emit_end 82 0
1586192832789451 131919735117504 drain_beg 0 0
1586192832789801 131919735117504 drain_end 1 0
1586192832790231 131919735117504 subm_beg 1 0
1586192836425029 131919735117504 subm_end 1 0
1586192836425479 131919735117504 pump_beg 1 0
1586192847667798 131919735117504 pump_end 1 2
1586192851358484 131919735117504 coll_beg 0 0
1586192856227246 131919735117504 coll_end 0 0
1586192858080398 131919735117504 emit_beg 83 0
1586192864033331 131919735117504 emit_end 83 0
1586192880540739 131919735117504 drain_beg 0 0
1586192880541359 131919735117504 drain_end 1 0
1586192880541639 131919735117504 subm_beg 1 0
1586192884366449 131919735117504 subm_end 1 0
1586192884366699 131919735117504 pump_beg 1 0
1586192893167228 131919735117504 pump_end 1 2
1586192895131706 131919735117504 coll_beg 0 0
1586192898516903 131919735117504 coll_end 0 0
1586192900483711 131919735117504 emit_beg 84 0
1586192906113745 131919735117504 emit_end 84 0
1586192906116245 131919735117504 drain_beg 0 0
1586192906116855 131919735117504 drain_end 1 0
1586192906117525 131919735117504 subm_beg 1 0
1586192910017753 131919735117504 subm_end 1 0
1586192910017993 131919735117504 pump_beg 1 0
1586192918702586 131919735117504 pump_end 1 2
1586192921915629 131919735117504 coll_beg 0 0
1586192924806203 131919735117504 coll_end 0 0
1586192927653599 131919735117504 emit_beg 85 0
1586192933290624 131919735117504 emit_end 85 0
1586192933292844 131919735117504 drain_beg 0 0
1586192933293264 131919735117504 drain_end 1 0
1586192933293624 131919735117504 subm_beg 1 0
1586192937013608 131919735117504 subm_end 1 0
1586192937014088 131919735117504 pump_beg 1 0
1586192948857486 131919735117504 pump_end 1 2
1586192950672489 131919735117504 coll_beg 0 0
1586192954425293 131919735117504 coll_end 0 0
1586192956252656 131919735117504 emit_beg 86 0
1586192961773994 131919735117504 emit_end 86 0
1586192961776884 131919735117504 drain_beg 0 0
1586192961777494 131919735117504 drain_end 1 0
1586192961777974 131919735117504 subm_beg 1 0
1586192965326365 131919735117504 subm_end 1 0
1586192965326805 131919735117504 pump_beg 1 0
1586192972588650 131919735117504 pump_end 1 2
1586192976090522 131919735117504 coll_beg 0 0
1586192976693290 131919735117504 coll_end 0 0
1586192979717719 131919735117504 emit_beg 87 0
1586192986946746 131919735117504 emit_end 87 0
1586193000786391 131919735117504 drain_beg 0 0
1586193000788271 131919735117504 drain_end 1 0
1586193000789031 131919735117504 subm_beg 1 0
1586193004376190 131919735117504 subm_end 1 0
1586193004377090 131919735117504 pump_beg 1 0
1586193012788863 131919735117504 pump_end 1 2
1586193014714802 131919735117504 coll_beg 0 0
1586193016128901 131919735117504 coll_end 0 0
1586193017947524 131919735117504 emit_beg 88 0
1586193023363097 131919735117504 emit_end 88 0
1586193023366857 131919735117504 drain_beg 0 0
1586193023367377 131919735117504 drain_end 1 0
1586193023367736 131919735117504 subm_beg 1 0
1586193027006074 131919735117504 subm_end 1 0
1586193027006734 131919735117504 pump_beg 1 0
1586193039517027 131919735117504 pump_end 1 2
1586193041457496 131919735117504 coll_beg 0 0
1586193045590876 131919735117504 coll_end 0 0
1586193047523835 131919735117504 emit_beg 89 0
1586193053061503 131919735117504 emit_end 89 0
1586193070022814 131919735117504 drain_beg 0 0
1586193070026344 131919735117504 drain_end 1 0
1586193070027294 131919735117504 subm_beg 1 0
1586193073629042 131919735117504 subm_end 1 0
1586193073629722 131919735117504 pump_beg 1 0
1586193083248221 131919735117504 pump_end 1 2
1586193085129073 131919735117504 coll_beg 0 0
1586193086889618 131919735117504 coll_end 0 0
1586193088745281 131919735117504 emit_beg 90 0
1586193094090306 131919735117504 emit_end 90 0
1586193094094205 131919735117504 drain_beg 0 0
1586193094094705 131919735117504 drain_end 1 0
1586193094095125 131919735117504 subm_beg 1 0
1586193097577728 131919735117504 subm_end 1 0
1586193097578008 131919735117504 pump_beg 1 0
1586193109326190 131919735117504 pump_end 1 2
1586193111167532 131919735117504 coll_beg 0 0
1586193114623746 131919735117504 coll_end 0 0
1586193116491748 131919735117504 emit_beg 91 0
1586193121959489 131919735117504 emit_end 91 0
1586193136415971 131919735117504 drain_beg 0 0
1586193136416821 131919735117504 drain_end 1 0
1586193136417131 131919735117504 subm_beg 1 0
1586193140058798 131919735117504 subm_end 1 0
1586193140059738 131919735117504 pump_beg 1 0
1586193153764988 131919735117504 pump_end 1 2
1586193155704717 131919735117504 coll_beg 0 0
1586193161679499 131919735117504 coll_end 0 0
1586193163662967 131919735117504 emit_beg 92 0
1586193169324860 131919735117504 emit_end 92 0
1586193169329570 131919735117504 drain_beg 0 0
1586193169330420 131919735117504 drain_end 1 0
1586193169331060 131919735117504 subm_beg 1 0
1586193173186149 131919735117504 subm_end 1 0
1586193173186439 131919735117504 pump_beg 1 0
1586193183843210 131919735117504 pump_end 1 2
1586193185703242 131919735117504 coll_beg 0 0
1586193188380845 131919735117504 coll_end 0 0
1586193190210568 131919735117504 emit_beg 93 0
1586193197474703 131919735117504 emit_end 93 0
1586193197479033 131919735117504 drain_beg 0 0
1586193197479853 131919735117504 drain_end 1 0
1586193197480443 131919735117504 subm_beg 1 0
1586193201028343 131919735117504 subm_end 1 0
1586193201028893 131919735117504 pump_beg 1 0
1586193210450699 131919735117504 pump_end 1 2
1586193212338120 131919735117504 coll_beg 0 0
1586193215077511 131919735117504 coll_end 0 0
1586193217876918 131919735117504 emit_beg 94 0
1586193223355488 131919735117504 emit_end 94 0
1586193223358628 131919735117504 drain_beg 0 0
1586193223359288 131919735117504 drain_end 1 0
1586193223359888 131919735117504 subm_beg 1 0
1586193226844231 131919735117504 subm_end 1 0
1586193226844511 131919735117504 pump_beg 1 0
1586193237735894 131919735117504 pump_end 1 2
1586193240963096 131919735117504 coll_beg 0 0
1586193244392041 131919735117504 coll_end 0 0
1586193255051082 131919735117504 emit_beg 95 0
1586193260490433 131919735117504 emit_end 95 0
1586193260494463 131919735117504 drain_beg 0 0
1586193260495103 131919735117504 drain_end 1 0
1586193260495463 131919735117504 subm_beg 1 0
1586193264029004 131919735117504 subm_end 1 0
1586193264029544 131919735117504 pump_beg 1 0
1586193275723027 131919735117504 pump_end 1 2
1586193277635958 131919735117504 coll_beg 0 0
1586193281448988 131919735117504 coll_end 0 0
1586193283313570 131919735117504 emit_beg 96 0
1586193288760742 131919735117504 emit_end 96 0
1586193303711946 131919735117504 drain_beg 0 0
1586193303712646 131919735117504 drain_end 1 0
1586193303713006 131919735117504 subm_beg 1 0
1586193307382602 131919735117504 subm_end 1 0
1586193307382922 131919735117504 pump_beg 1 0
1586193316736031 131919735117504 pump_end 1 2
1586193318776606 131919735117504 coll_beg 0 0
1586193320843931 131919735117504 coll_end 0 0
1586193322784820 131919735117504 emit_beg 97 0
1586193326387828 131919735117504 emit_end 97 0
1586193326390998 131919735117504 drain_beg 0 0
1586193326391538 131919735117504 drain_end 1 0
1586193326392028 131919735117504 subm_beg 1 0
1586193330007786 131919735117504 subm_end 1 0
1586193330008096 131919735117504 pump_beg 1 0
1586193340805532 131919735117504 pump_end 1 2
1586193342815989 131919735117504 coll_beg 0 0
1586193346712147 131919735117504 coll_end 0 0
1586193348832599 131919735117504 emit_beg 98 0
1586193356422582 131919735117504 emit_end 98 0
1586193356426182 131919735117504 drain_beg 0 0
1586193356426702 131919735117504 drain_end 1 0
1586193356426942 131919735117504 subm_beg 1 0
1586193360071239 131919735117504 subm_end 1 0
1586193360071679 131919735117504 pump_beg 1 0
1586193370989391 131919735117504 pump_end 1 2
1586193374748434 131919735117504 coll_beg 0 0
1586193378138540 131919735117504 coll_end 0 0
1586193380050890 131919735117504 emit_beg 99 0
1586193385717463 131919735117504 emit_end 99 0
1586193385720313 131919735117504 drain_beg 0 0
1586193385720823 131919735117504 drain_end 1 0
1586193385721093 131919735117504 subm_beg 1 0
1586193389481136 131919735117504 subm_end 1 0
1586193389481506 131919735117504 pump_beg 1 0
1586193401036654 131919735117504 pump_end 1 2
1586193404663412 131919735117504 coll_beg 0 0
1586193408439844 131919735117504 coll_end 0 0
1586193410352214 131919735117504 emit_beg 100 0
1586193416113004 131919735117504 emit_end 100 0
1586193432454788 131919735117504 drain_beg 0 0
1586193432456418 131919735117504 drain_end 1 0
1586193432457208 131919735117504 subm_beg 1 0
1586193436288828 131919735117504 subm_end 1 0
1586193436290088 131919735117504 pump_beg 1 0
1586193449268134 131919735117504 pump_end 1 2
1586193451424845 131919735117504 coll_beg 0 0
1586193457605990 131919735117504 coll_end 0 0
1586193459643205 131919735117504 emit_beg 101 0
1586193463505835 131919735117504 emit_end 101 0
1586193463509744 131919735117504 drain_beg 0 0
1586193463510424 131919735117504 drain_end 1 0
1586193463511144 131919735117504 subm_beg 1 0
1586193467217479 131919735117504 subm_end 1 0
1586193467218219 131919735117504 pump_beg 1 0
1586193479908006 131919735117504 pump_end 1 2
1586193483028702 131919735117504 coll_beg 0 0
1586193487541937 131919735117504 coll_end 0 0
1586193490959993 131919735117504 emit_beg 102 0
1586193498564735 131919735117504 emit_end 102 0
1586193498568485 131919735117504 drain_beg 0 0
1586193498568995 131919735117504 drain_end 1 0
1586193498569255 131919735117504 subm_beg 1 0
1586193502218782 131919735117504 subm_end 1 0
1586193502219152 131919735117504 pump_beg 1 0
1586193514207164 131919735117504 pump_end 1 2
1586193517207355 131919735117504 coll_beg 0 0
1586193523464597 131919735117504 coll_end 0 0
1586193525364117 131919735117504 emit_beg 103 0
1586193531097628 131919735117504 emit_end 103 0
1586193531100838 131919735117504 drain_beg 0 0
1586193531101158 131919735117504 drain_end 1 0
1586193531101498 131919735117504 subm_beg 1 0
1586193535007865 131919735117504 subm_end 1 0
1586193535008145 131919735117504 pump_beg 1 0
1586193545920387 131919735117504 pump_end 1 2
1586193547878626 131919735117504 coll_beg 0 0
1586193551822702 131919735117504 coll_end 0 0
1586193553752901 131919735117504 emit_beg 104 0
1586193559490762 131919735117504 emit_end 104 0
1586193559493922 131919735117504 drain_beg 0 0
1586193559494442 131919735117504 drain_end 1 0
1586193559494932 131919735117504 subm_beg 1 0
1586193563193987 131919735117504 subm_end 1 0
1586193563194297 131919735117504 pump_beg 1 0
1586193575187359 131919735117504 pump_end 1 2
1586193577684958 131919735117504 coll_beg 0 0
1586193581796658 131919735117504 coll_end 0 0
1586193583714158 131919735117504 emit_beg 105 0
1586193589677820 131919735117504 emit_end 105 0
1586193589681680 131919735117504 drain_beg 0 0
1586193589682240 131919735117504 drain_end 1 0
1586193589682610 131919735117504 subm_beg 1 0
1586193593623346 131919735117504 subm_end 1 0
1586193593626836 131919735117504 pump_beg 1 0
1586193603270474 131919735117504 pump_end 1 2
1586193605886189 131919735117504 coll_beg 0 0
1586193609278325 131919735117504 coll_end 0 0
1586193612068793 131919735117504 emit_beg 106 0
1586193619637397 131919735117504 emit_end 106 0
1586193619641667 131919735117504 drain_beg 0 0
1586193619642257 131919735117504 drain_end 1 0
1586193619642617 131919735117504 subm_beg 1 0
1586193623402759 131919735117504 subm_end 1 0
1586193623403259 131919735117504 pump_beg 1 0
1586193634524704 131919735117504 pump_end 1 2
1586193637924689 131919735117504 coll_beg 0 0
1586193642130906 131919735117504 coll_end 0 0
1586193644139513 131919735117504 emit_beg 107 0
1586193651895710 131919735117504 emit_end 107 0
1586193651899260 131919735117504 drain_beg 0 0
1586193651899940 131919735117504 drain_end 1 0
1586193651900320 131919735117504 subm_beg 1 0
1586193655621384 131919735117504 subm_end 1 0
1586193655621844 131919735117504 pump_beg 1 0
1586193662439755 131919735117504 pump_end 1 2
1586193665757414 131919735117504 coll_beg 0 0
1586193665780393 131919735117504 coll_end 0 0
1586193669649272 131919735117504 emit_beg 108 0
1586193677133999 131919735117504 emit_end 108 0
1586193690720893 131919735117504 drain_beg 0 0
1586193690726783 131919735117504 drain_end 1 0
1586193690727963 131919735117504 subm_beg 1 0
1586193694643390 131919735117504 subm_end 1 0
1586193694646250 131919735117504 pump_beg 1 0
1586193703502106 131919735117504 pump_end 1 2
1586193707594027 131919735117504 coll_beg 0 0
1586193710361136 131919735117504 coll_end 0 0
1586193712342334 131919735117504 emit_beg 109 0
1586193716131175 131919735117504 emit_end 109 0
1586193716135285 131919735117504 drain_beg 0 0
1586193716136045 131919735117504 drain_end 1 0
1586193716136765 131919735117504 subm_beg 1 0
1586193719893598 131919735117504 subm_end 1 0
1586193719893958 131919735117504 pump_beg 1 0
1586193730080486 131919735117504 pump_end 1 2
1586193732197839 131919735117504 coll_beg 0 0
1586193734994567 131919735117504 coll_end 0 0
1586193737904631 131919735117504 emit_beg 110 0
1586193743388391 131919735117504 emit_end 110 0
1586193758242539 131919735117504 drain_beg 0 0
1586193758243709 131919735117504 drain_end 1 0
1586193758244199 131919735117504 subm_beg 1 0
1586193761902765 131919735117504 subm_end 1 0
1586193761903495 131919735117504 pump_beg 1 0
1586193772434581 131919735117504 pump_end 1 2
1586193774370920 131919735117504 coll_beg 0 0
1586193777614672 131919735117504 coll_end 0 0
1586193779505013 131919735117504 emit_beg 111 0
1586193784998532 131919735117504 emit_end 111 0
1586193785004902 131919735117504 drain_beg 0 0
1586193785005522 131919735117504 drain_end 1 0
1586193785006282 131919735117504 subm_beg 1 0
1586193788539533 131919735117504 subm_end 1 0
1586193788539903 131919735117504 pump_beg 1 0
1586193799462214 131919735117504 pump_end 1 2
1586193801956963 131919735117504 coll_beg 0 0
1586193805572561 131919735117504 coll_end 0 0
1586193807463792 131919735117504 emit_beg 112 0
1586193814839973 131919735117504 emit_end 112 0
1586193814844183 131919735117504 drain_beg 0 0
1586193814844853 131919735117504 drain_end 1 0
1586193814845393 131919735117504 subm_beg 1 0
1586193818525959 131919735117504 subm_end 1 0
1586193818526339 131919735117504 pump_beg 1 0
1586193829433451 131919735117504 pump_end 1 2
1586193831717747 131919735117504 coll_beg 0 0
1586193835263548 131919735117504 coll_end 0 0
1586193837219437 131919735117504 emit_beg 113 0
1586193842820012 131919735117504 emit_end 113 0
1586193842823882 131919735117504 drain_beg 0 0
1586193842824372 131919735117504 drain_end 1 0
1586193842824762 131919735117504 subm_beg 1 0
1586193846350693 131919735117504 subm_end 1 0
1586193846351313 131919735117504 pump_beg 1 0
1586193858080985 131919735117504 pump_end 1 2
1586193860638002 131919735117504 coll_beg 0 0
1586193865466806 131919735117504 coll_end 0 0
1586193867361307 131919735117504 emit_beg 114 0
1586193872982021 131919735117504 emit_end 114 0
1586193872987521 131919735117504 drain_beg 0 0
1586193872988411 131919735117504 drain_end 1 0
1586193872988991 131919735117504 subm_beg 1 0
1586193876526672 131919735117504 subm_end 1 0
1586193876527202 131919735117504 pump_beg 1 0
1586193888787385 131919735117504 pump_end 1 2
1586193890596109 131919735117504 coll_beg 0 0
1586193894367131 131919735117504 coll_end 0 0
1586193896245613 131919735117504 emit_beg 115 0
1586193901726083 131919735117504 emit_end 115 0
1586193901729952 131919735117504 drain_beg 0 0
1586193901730572 131919735117504 drain_end 1 0
1586193901731292 131919735117504 subm_beg 1 0
1586193905209645 131919735117504 subm_end 1 0
1586193905210255 131919735117504 pump_beg 1 0
1586193916047640 131919735117504 pump_end 1 2
1586193918497570 131919735117504 coll_beg 0 0
1586193922657029 131919735117504 coll_end 0 0
1586193924438724 131919735117504 emit_beg 116 0
1586193929834007 131919735117504 emit_end 116 0
1586193929837837 131919735117504 drain_beg 0 0
1586193929838417 131919735117504 drain_end 1 0
1586193929838757 131919735117504 subm_beg 1 0
1586193933464924 131919735117504 subm_end 1 0
1586193933465354 131919735117504 pump_beg 1 0
1586193944358797 131919735117504 pump_end 1 2
1586193947032519 131919735117504 coll_beg 0 0
1586193950718145 131919735117504 coll_end 0 0
1586193952530659 131919735117504 emit_beg 117 0
1586193956195345 131919735117504 emit_end 117 0
1586193974368302 131919735117504 drain_beg 0 0
1586193974369852 131919735117504 drain_end 1 0
1586193974370502 131919735117504 subm_beg 1 0
1586193978135424 131919735117504 subm_end 1 0
1586193978136024 131919735117504 pump_beg 1 0
1586193988637291 131919735117504 pump_end 1 2
1586193990517162 131919735117504 coll_beg 0 0
1586193993515403 131919735117504 coll_end 0 0
1586193995392294 131919735117504 emit_beg 118 0
1586194000853275 131919735117504 emit_end 118 0
1586194000856685 131919735117504 drain_beg 0 0
1586194000857235 131919735117504 drain_end 1 0
1586194000857785 131919735117504 subm_beg 1 0
1586194004437294 131919735117504 subm_end 1 0
1586194004437754 131919735117504 pump_beg 1 0
1586194013591970 131919735117504 pump_end 1 2
1586194015735992 131919735117504 coll_beg 0 0
1586194017680681 131919735117504 coll_end 0 0
1586194019486645 131919735117504 emit_beg 119 0
1586194026705802 131919735117504 emit_end 119 0
1586194026708032 131919735117504 drain_beg 0 0
1586194026708352 131919735117504 drain_end 1 0
1586194026708592 131919735117504 subm_beg 1 0
1586194030231233 131919735117504 subm_end 1 0
1586194030231743 131919735117504 pump_beg 1 0
1586194042158978 131919735117504 pump_end 1 2
1586194045685709 131919735117504 coll_beg 0 0
1586194049760400 131919735117504 coll_end 0 0
1586194051606213 131919735117504 emit_beg 120 0
1586194057080323 131919735117504 emit_end 120 0
1586194057083873 131919735117504 drain_beg 0 0
1586194057084313 131919735117504 drain_end 1 0
1586194057084623 131919735117504 subm_beg 1 0
1586194060658853 131919735117504 subm_end 1 0
1586194060659413 131919735117504 pump_beg 1 0
1586194072923265 131919735117504 pump_end 1 2
1586194075679994 131919735117504 coll_beg 0 0
1586194079550793 131919735117504 coll_end 0 0
1586194081399186 131919735117504 emit_beg 121 0
1586194086972912 131919735117504 emit_end 121 0
1586194086976482 131919735117504 drain_beg 0 0
1586194086976992 131919735117504 drain_end 1 0
1586194086977332 131919735117504 subm_beg 1 0
1586194090674027 131919735117504 subm_end 1 0
1586194090674587 131919735117504 pump_beg 1 0
1586194099133629 131919735117504 pump_end 1 2
1586194104097237 131919735117504 coll_beg 0 0
1586194105984998 131919735117504 coll_end 0 0
1586194107954907 131919735117504 emit_beg 122 0
1586194117474589 131919735117504 emit_end 122 0
1586194117478459 131919735117504 drain_beg 0 0
1586194117479069 131919735117504 drain_end 1 0
1586194117479539 131919735117504 subm_beg 1 0
1586194119341521 131919735117504 subm_end 1 0
1586194119342041 131919735117504 pump_beg 1 0
1586194130046570 131919735117504 pump_end 1 2
1586194133537693 131919735117504 coll_beg 0 0
1586194137283786 131919735117504 coll_end 0 0
1586194139231725 131919735117504 emit_beg 123 0
1586194144893319 131919735117504 emit_end 123 0
1586194144896748 131919735117504 drain_beg 0 0
1586194144897408 131919735117504 drain_end 1 0
1586194144897948 131919735117504 subm_beg 1 0
1586194148699640 131919735117504 subm_end 1 0
1586194148703010 131919735117504 pump_beg 1 0
1586194161330919 131919735117504 pump_end 1 2
1586194163664304 131919735117504 coll_beg 0 0
1586194169478101 131919735117504 coll_end 0 0
1586194171414591 131919735117504 emit_beg 124 0
1586194177134252 131919735117504 emit_end 124 0
1586194177138322 131919735117504 drain_beg 0 0
1586194177138782 131919735117504 drain_end 1 0
1586194177139152 131919735117504 subm_beg 1 0
1586194180801868 131919735117504 subm_end 1 0
1586194180803458 131919735117504 pump_beg 1 0
1586194192745852 131919735117504 pump_end 1 2
1586194196291903 131919735117504 coll_beg 0 0
1586194200314876 131919735117504 coll_end 0 0
1586194202188608 131919735117504 emit_beg 125 0
1586194207922098 131919735117504 emit_end 125 0
1586194207934388 131919735117504 drain_beg 0 0
1586194207934958 131919735117504 drain_end 1 0
1586194207935258 131919735117504 subm_beg 1 0
1586194211629623 131919735117504 subm_end 1 0
1586194211630053 131919735117504 pump_beg 1 0
1586194223525689 131919735117504 pump_end 1 2
1586194227122258 131919735117504 coll_beg 0 0
1586194231164940 131919735117504 coll_end 0 0
1586194233019253 131919735117504 emit_beg 126 0
1586194238819771 131919735117504 emit_end 126 0
1586194238822711 131919735117504 drain_beg 0 0
1586194238823221 131919735117504 drain_end 1 0
1586194238823481 131919735117504 subm_beg 1 0
1586194242513446 131919735117504 subm_end 1 0
1586194242514146 131919735117504 pump_beg 1 0
1586194253999997 131919735117504 pump_end 1 2
1586194256012394 131919735117504 coll_beg 0 0
1586194259866943 131919735117504 coll_end 0 0
1586194261705126 131919735117504 emit_beg 127 0
1586194267482825 131919735117504 emit_end 127 0
1586194267485995 131919735117504 drain_beg 0 0
1586194267486425 131919735117504 drain_end 1 0
1586194267486735 131919735117504 subm_beg 1 0
1586194271154471 131919735117504 subm_end 1 0
1586194271154871 131919735117504 pump_beg 1 0
1586194280028247 131919735117504 pump_end 1 2
1586194283354696 131919735117504 coll_beg 0 0
1586194285124461 131919735117504 coll_end 0 0
1586194287168477 131919735117504 emit_beg 128 0
1586194294765409 131919735117504 emit_end 128 0
1586194294767709 131919735117504 drain_beg 0 0
1586194294768189 131919735117504 drain_end 1 0
1586194294768429 131919735117504 subm_beg 1 0
1586194298524522 131919735117504 subm_end 1 0
1586194298524932 131919735117504 pump_beg 1 0
1586194307660239 131919735117504 pump_end 1 2
1586194311115183 131919735117504 coll_beg 0 0
1586194313076281 131919735117504 coll_end 0 0
1586194316778656 131919735117504 emit_beg 129 0
1586194322506687 131919735117504 emit_end 129 0
1586194337979192 131919735117504 drain_beg 0 0
1586194337980002 131919735117504 drain_end 1 0
1586194337980292 131919735117504 subm_beg 1 0
1586194341671908 131919735117504 subm_end 1 0
1586194341672348 131919735117504 pump_beg 1 0
1586194352222003 131919735117504 pump_end 1 2
1586194354169702 131919735117504 coll_beg 0 0
1586194357278288 131919735117504 coll_end 0 0
1586194359212527 131919735117504 emit_beg 130 0
1586194364836262 131919735117504 emit_end 130 0
1586194364839802 131919735117504 drain_beg 0 0
1586194364840572 131919735117504 drain_end 1 0
1586194364841082 131919735117504 subm_beg 1 0
1586194368548397 131919735117504 subm_end 1 0
1586194368548857 131919735117504 pump_beg 1 0
1586194379814946 131919735117504 pump_end 1 2
1586194383455563 131919735117504 coll_beg 0 0
1586194388381973 131919735117504 coll_end 0 0
1586194390361791 131919735117504 emit_beg 131 0
1586194398020211 131919735117504 emit_end 131 0
1586194398024491 131919735117504 drain_beg 0 0
1586194398025131 131919735117504 drain_end 1 0
1586194398025581 131919735117504 subm_beg 1 0
1586194401712277 131919735117504 subm_end 1 0
1586194401713196 131919735117504 pump_beg 1 0
1586194412864370 131919735117504 pump_end 1 2
1586194414902285 131919735117504 coll_beg 0 0
1586194418925498 131919735117504 coll_end 0 0
1586194421735106 131919735117504 emit_beg 132 0
1586194427552524 131919735117504 emit_end 132 0
1586194427556533 131919735117504 drain_beg 0 0
1586194427557333 131919735117504 drain_end 1 0
1586194427557893 131919735117504 subm_beg 1 0
1586194431265858 131919735117504 subm_end 1 0
1586194431266278 131919735117504 pump_beg 1 0
1586194441834502 131919735117504 pump_end 1 2
1586194444149298 131919735117504 coll_beg 0 0
1586194447213066 131919735117504 coll_end 0 0
1586194450129920 131919735117504 emit_beg 133 0
1586194455991946 131919735117504 emit_end 133 0
1586194455996066 131919735117504 drain_beg 0 0
1586194455996616 131919735117504 drain_end 1 0
1586194455997235 131919735117504 subm_beg 1 0
1586194459832046 131919735117504 subm_end 1 0
1586194459834055 131919735117504 pump_beg 1 0
1586194472256372 131919735117504 pump_end 1 2
1586194474436473 131919735117504 coll_beg 0 0
1586194479212108 131919735117504 coll_end 0 0
1586194481533184 131919735117504 emit_beg 134 0
1586194487101550 131919735117504 emit_end 134 0
1586194487106240 131919735117504 drain_beg 0 0
1586194487106810 131919735117504 drain_end 1 0
1586194487107140 131919735117504 subm_beg 1 0
1586194490638091 131919735117504 subm_end 1 0
1586194490638521 131919735117504 pump_beg 1 0
1586194500927806 131919735117504 pump_end 1 2
1586194503847029 131919735117504 coll_beg 0 0
1586194506572380 131919735117504 coll_end 0 0
1586194509742234 131919735117504 emit_beg 135 0
1586194517155824 131919735117504 emit_end 135 0
1586194517158734 131919735117504 drain_beg 0 0
1586194517159174 131919735117504 drain_end 1 0
1586194517159734 131919735117504 subm_beg 1 0
1586194520741133 131919735117504 subm_end 1 0
1586194520742063 131919735117504 pump_beg 1 0
1586194533326064 131919735117504 pump_end 1 2
1586194535291702 131919735117504 coll_beg 0 0
1586194538693008 131919735117504 coll_end 0 0
1586194541299423 131919735117504 emit_beg 136 0
1586194546821331 131919735117504 emit_end 136 0
1586194546824751 131919735117504 drain_beg 0 0
1586194546825231 131919735117504 drain_end 1 0
1586194546825561 131919735117504 subm_beg 1 0
1586194550303934 131919735117504 subm_end 1 0
1586194550304154 131919735117504 pump_beg 1 0
1586194562831747 131919735117504 pump_end 1 2
1586194565023587 131919735117504 coll_beg 0 0
1586194569836821 131919735117504 coll_end 0 0
1586194571665604 131919735117504 emit_beg 137 0
1586194577013559 131919735117504 emit_end 137 0
1586194577016269 131919735117504 drain_beg 0 0
1586194577016679 131919735117504 drain_end 1 0
1586194577016889 131919735117504 subm_beg 1 0
1586194580648687 131919735117504 subm_end 1 0
1586194580651626 131919735117504 pump_beg 1 0
1586194592889780 131919735117504 pump_end 1 2
1586194594933785 131919735117504 coll_beg 0 0
1586194598371860 131919735117504 coll_end 0 0
1586194600211453 131919735117504 emit_beg 138 0
1586194607670680 131919735117504 emit_end 138 0
1586194607674010 131919735117504 drain_beg 0 0
1586194607674440 131919735117504 drain_end 1 0
1586194607674980 131919735117504 subm_beg 1 0
1586194611190412 131919735117504 subm_end 1 0
1586194611190932 131919735117504 pump_beg 1 0
1586194621880042 131919735117504 pump_end 1 2
1586194625469961 131919735117504 coll_beg 0 0
1586194627682690 131919735117504 coll_end 0 0
1586194630851765 131919735117504 emit_beg 139 0
1586194634490732 131919735117504 emit_end 139 0
1586194634493582 131919735117504 drain_beg 0 0
1586194634494042 131919735117504 drain_end 1 0
1586194634494572 131919735117504 subm_beg 1 0
1586194638059222 131919735117504 subm_end 1 0
1586194638059432 131919735117504 pump_beg 1 0
1586194650484348 131919735117504 pump_end 1 2
1586194652952938 131919735117504 coll_beg 0 0
1586194656186320 131919735117504 coll_end 0 0
1586194658382370 131919735117504 emit_beg 140 0
1586194663920588 131919735117504 emit_end 140 0
1586194663924268 131919735117504 drain_beg 0 0
1586194663924847 131919735117504 drain_end 1 0
1586194663925237 131919735117504 subm_beg 1 0
1586194667504237 131919735117504 subm_end 1 0
1586194667505687 131919735117504 pump_beg 1 0
1586194680077138 131919735117504 pump_end 1 2
1586194682223660 131919735117504 coll_beg 0 0
1586194687467398 131919735117504 coll_end 0 0
1586194689385318 131919735117504 emit_beg 141 0
1586194694820500 131919735117504 emit_end 141 0
1586194694824960 131919735117504 drain_beg 0 0
1586194694825540 131919735117504 drain_end 1 0
1586194694826360 131919735117504 subm_beg 1 0
1586194698289853 131919735117504 subm_end 1 0
1586194698290453 131919735117504 pump_beg 1 0
1586194705523839 131919735117504 pump_end 1 2
1586194707896663 131919735117504 coll_beg 0 0
1586194708662755 131919735117504 coll_end 0 0
1586194711413195 131919735117504 emit_beg 142 0
1586194718483337 131919735117504 emit_end 142 0
1586194729786004 131919735117504 drain_beg 0 0
1586194729786704 131919735117504 drain_end 1 0
1586194729787074 131919735117504 subm_beg 1 0
1586194733401762 131919735117504 subm_end 1 0
1586194733402152 131919735117504 pump_beg 1 0
1586194744579854 131919735117504 pump_end 1 2
1586194746443486 131919735117504 coll_beg 0 0
1586194749117129 131919735117504 coll_end 0 0
1586194750955282 131919735117504 emit_beg 143 0
1586194756384823 131919735117504 emit_end 143 0
1586194756386713 131919735117504 drain_beg 0 0
1586194756387173 131919735117504 drain_end 1 0
1586194756387493 131919735117504 subm_beg 1 0
1586194760012381 131919735117504 subm_end 1 0
1586194760012671 131919735117504 pump_beg 1 0
1586194770169570 131919735117504 pump_end 1 2
1586194772144358 131919735117504 coll_beg 0 0
1586194774081438 131919735117504 coll_end 0 0
1586194776058405 131919735117504 emit_beg 144 0
1586194781600083 131919735117504 emit_end 144 0
1586194796105074 131919735117504 drain_beg 0 0
1586194796107024 131919735117504 drain_end 1 0
1586194796107814 131919735117504 subm_beg 1 0
1586194799726332 131919735117504 subm_end 1 0
1586194799727992 131919735117504 pump_beg 1 0
1586194811854649 131919735117504 pump_end 1 2
1586194813856036 131919735117504 coll_beg 0 0
1586194817094698 131919735117504 coll_end 0 0
1586194818937891 131919735117504 emit_beg 145 0
1586194824273966 131919735117504 emit_end 145 0
1586194824276766 131919735117504 drain_beg 0 0
1586194824277086 131919735117504 drain_end 1 0
1586194824277316 131919735117504 subm_beg 1 0
1586194827884164 131919735117504 subm_end 1 0
1586194827884774 131919735117504 pump_beg 1 0
1586194839926055 131919735117504 pump_end 1 2
1586194843048231 131919735117504 coll_beg 0 0
1586194846317971 131919735117504 coll_end 0 0
1586194848297309 131919735117504 emit_beg 146 0
1586194855925001 131919735117504 emit_end 146 0
1586194855928341 131919735117504 drain_beg 0 0
1586194855928861 131919735117504 drain_end 1 0
1586194855929231 131919735117504 subm_beg 1 0
1586194859631856 131919735117504 subm_end 1 0
1586194859632236 131919735117504 pump_beg 1 0
1586194868760563 131919735117504 pump_end 1 2
1586194872402230 131919735117504 coll_beg 0 0
1586194873827448 131919735117504 coll_end 0 0
1586194876119794 131919735117504 emit_beg 147 0
1586194881735199 131919735117504 emit_end 147 0
1586194896292218 131919735117504 drain_beg 0 0
1586194896292898 131919735117504 drain_end 1 0
1586194896293148 131919735117504 subm_beg 1 0
1586194899978123 131919735117504 subm_end 1 0
1586194899978513 131919735117504 pump_beg 1 0
1586194910733181 131919735117504 pump_end 1 2
1586194912911711 131919735117504 coll_beg 0 0
1586194915541025 131919735117504 coll_end 0 0
1586194917552742 131919735117504 emit_beg 148 0
1586194923401858 131919735117504 emit_end 148 0
1586194923412598 131919735117504 drain_beg 0 0
1586194923413388 131919735117504 drain_end 1 0
1586194923413938 131919735117504 subm_beg 1 0
1586194927043946 131919735117504 subm_end 1 0
1586194927044256 131919735117504 pump_beg 1 0
1586194934372768 131919735117504 pump_end 1 2
1586194937352769 131919735117504 coll_beg 0 0
1586194937663978 131919735117504 coll_end 0 0
1586194941090693 131919735117504 emit_beg 149 0
1586194948531791 131919735117504 emit_end 149 0
1586194962098676 131919735117504 drain_beg 0 0
1586194962099166 131919735117504 drain_end 1 0
1586194962099446 131919735117504 subm_beg 1 0
1586194965793092 131919735117504 subm_end 1 0
1586194965793501 131919735117504 pump_beg 1 0
1586194977225834 131919735117504 pump_end 1 2
1586194979134435 131919735117504 coll_beg 0 0
1586194983375130 131919735117504 coll_end 0 0
1586194985315089 131919735117504 emit_beg 150 0
1586194989108661 131919735117504 emit_end 150 0
1586194989112601 131919735117504 drain_beg 0 0
1586194989113210 131919735117504 drain_end 1 0
1586194989114420 131919735117504 subm_beg 1 0
1586194992824845 131919735117504 subm_end 1 0
1586194992825125 131919735117504 pump_beg 1 0
1586195004486009 131919735117504 pump_end 1 2
1586195008472344 131919735117504 coll_beg 0 0
1586195013028088 131919735117504 coll_end 0 0
1586195015012785 131919735117504 emit_beg 151 0
1586195022559740 131919735117504 emit_end 151 0
1586195022562200 131919735117504 drain_beg 0 0
1586195022562590 131919735117504 drain_end 1 0
1586195022563090 131919735117504 subm_beg 1 0
1586195026154109 131919735117504 subm_end 1 0
1586195026159708 131919735117504 pump_beg 1 0
1586195038044125 131919735117504 pump_end 1 2
1586195041540307 131919735117504 coll_beg 0 0
1586195044891315 131919735117504 coll_end 0 0
1586195047862977 131919735117504 emit_beg 152 0
1586195051696097 131919735117504 emit_end 152 0
1586195051706626 131919735117504 drain_beg 0 0
1586195051707226 131919735117504 drain_end 1 0
1586195051707666 131919735117504 subm_beg 1 0
1586195055440410 131919735117504 subm_end 1 0
1586195055440740 131919735117504 pump_beg 1 0
1586195064243389 131919735117504 pump_end 1 2
1586195066565424 131919735117504 coll_beg 0 0
1586195067922384 131919735117504 coll_end 0 0
1586195070319807 131919735117504 emit_beg 153 0
1586195077817343 131919735117504 emit_end 153 0
1586195092512347 131919735117504 drain_beg 0 0
1586195092512857 131919735117504 drain_end 1 0
1586195092513297 131919735117504 subm_beg 1 0
1586195096280180 131919735117504 subm_end 1 0
1586195096280510 131919735117504 pump_beg 1 0
1586195106124090 131919735117504 pump_end 1 2
1586195108032841 131919735117504 coll_beg 0 0
1586195109803126 131919735117504 coll_end 0 0
1586195111648249 131919735117504 emit_beg 154 0
1586195117315932 131919735117504 emit_end 154 0
1586195117318202 131919735117504 drain_beg 0 0
1586195117318962 131919735117504 drain_end 1 0
1586195117319492 131919735117504 subm_beg 1 0
1586195120986498 131919735117504 subm_end 1 0
1586195120986888 131919735117504 pump_beg 1 0
1586195132483499 131919735117504 pump_end 1 2
1586195135282996 131919735117504 coll_beg 0 0
1586195138104633 131919735117504 coll_end 0 0
1586195140080721 131919735117504 emit_beg 155 0
1586195143857073 131919735117504 emit_end 155 0
1586195161090174 131919735117504 drain_beg 0 0
1586195161090734 131919735117504 drain_end 1 0
1586195161090984 131919735117504 subm_beg 1 0
1586195164839048 131919735117504 subm_end 1 0
1586195164839398 131919735117504 pump_beg 1 0
1586195173895677 131919735117504 pump_end 1 2
1586195175842606 131919735117504 coll_beg 0 0
1586195178105743 131919735117504 coll_end 0 0
1586195179990765 131919735117504 emit_beg 156 0
1586195185797363 131919735117504 emit_end 156 0
1586195185806672 131919735117504 drain_beg 0 0
1586195185807352 131919735117504 drain_end 1 0
1586195185807742 131919735117504 subm_beg 1 0
1586195189498988 131919735117504 subm_end 1 0
1586195189499298 131919735117504 pump_beg 1 0
1586195201292617 131919735117504 pump_end 1 2
1586195203305524 131919735117504 coll_beg 0 0
1586195206365542 131919735117504 coll_end 0 0
1586195209346913 131919735117504 emit_beg 157 0
1586195223421150 131919735117504 emit_end 157 0
1586195223423640 131919735117504 drain_beg 0 0
1586195223424160 131919735117504 drain_end 1 0
1586195223425220 131919735117504 subm_beg 1 0
1586195236513782 131919735117504 subm_end 1 0
1586195236514102 131919735117504 pump_beg 1 0
1586195250282500 131919735117504 pump_end 1 2
1586195255565107 131919735117504 coll_beg 0 0
1586195259722035 131919735117504 coll_end 0 0
1586195265242114 131919735117504 emit_beg 158 0
1586195281605127 131919735117504 emit_end 158 0
1586195301266569 131919735117504 drain_beg 0 0
1586195301267359 131919735117504 drain_end 1 0
1586195301267609 131919735117504 subm_beg 1 0
1586195306740149 131919735117504 subm_end 1 0
1586195306740559 131919735117504 pump_beg 1 0
1586195318306377 131919735117504 pump_end 1 2
1586195321346386 131919735117504 coll_beg 0 0
1586195324860808 131919735117504 coll_end 0 0
1586195328570143 131919735117504 emit_beg 159 0
1586195337315923 131919735117504 emit_end 159 0
1586195337326013 131919735117504 drain_beg 0 0
1586195337326433 131919735117504 drain_end 1 0
1586195337326663 131919735117504 subm_beg 1 0
1586195342838382 131919735117504 subm_end 1 0
1586195342838712 131919735117504 pump_beg 1 0
1586195350984705 131919735117504 pump_end 1 2
1586195358174502 131919735117504 coll_beg 0 0
1586195359197435 131919735117504 coll_end 0 0
1586195364735013 131919735117504 emit_beg 160 0
1586195376524103 131919735117504 emit_end 160 0
1586195395747831 131919735117504 drain_beg 0 0
1586195395749131 131919735117504 drain_end 1 0
1586195395759491 131919735117504 subm_beg 1 0
1586195402114659 131919735117504 subm_end 1 0
1586195402115229 131919735117504 pump_beg 1 0
1586195411486467 131919735117504 pump_end 1 2
1586195414581824 131919735117504 coll_beg 0 0
1586195417127941 131919735117504 coll_end 0 0
1586195419992606 131919735117504 emit_beg 161 0
1586195429128533 131919735117504 emit_end 161 0
1586195429131543 131919735117504 drain_beg 0 0
1586195429131943 131919735117504 drain_end 1 0
1586195429132373 131919735117504 subm_beg 1 0
1586195435463612 131919735117504 subm_end 1 0
1586195435464082 131919735117504 pump_beg 1 0
1586195445138579 131919735117504 pump_end 1 2
1586195447910448 131919735117504 coll_beg 0 0
1586195450175875 131919735117504 coll_end 0 0
1586195453842631 131919735117504 emit_beg 162 0
1586195463150091 131919735117504 emit_end 162 0
1586195488309623 131919735117504 drain_beg 0 0
1586195488310723 131919735117504 drain_end 1 0
1586195488311323 131919735117504 subm_beg 1 0
1586195493419227 131919735117504 subm_end 1 0
1586195493419937 131919735117504 pump_beg 1 0
1586195501738093 131919735117504 pump_end 1 2
1586195507228733 131919735117504 coll_beg 0 0
1586195508725938 131919735117504 coll_end 0 0
1586195511802566 131919735117504 emit_beg 163 0
1586195521414545 131919735117504 emit_end 163 0
1586195521417575 131919735117504 drain_beg 0 0
1586195521417995 131919735117504 drain_end 1 0
1586195521418325 131919735117504 subm_beg 1 0
1586195527831581 131919735117504 subm_end 1 0
1586195527832111 131919735117504 pump_beg 1 0
1586195538066588 131919735117504 pump_end 1 2
1586195541883668 131919735117504 coll_beg 0 0
1586195544617098 131919735117504 coll_end 0 0
1586195549372705 131919735117504 emit_beg 164 0
1586195559149438 131919735117504 emit_end 164 0
1586195559161458 131919735117504 drain_beg 0 0
1586195559162168 131919735117504 drain_end 1 0
1586195559162708 131919735117504 subm_beg 1 0
1586195563665803 131919735117504 subm_end 1 0
1586195563666313 131919735117504 pump_beg 1 0
1586195570938358 131919735117504 pump_end 1 2
1586195573066490 131919735117504 coll_beg 0 0
1586195573333840 131919735117504 coll_end 0 0
1586195576606741 131919735117504 emit_beg 165 0
1586195584208444 131919735117504 emit_end 165 0
1586195595405235 131919735117504 drain_beg 0 0
1586195595405745 131919735117504 drain_end 1 0
1586195595406085 131919735117504 subm_beg 1 0
1586195599019773 131919735117504 subm_end 1 0
1586195599020173 131919735117504 pump_beg 1 0
1586195609474692 131919735117504 pump_end 1 2
1586195611377442 131919735117504 coll_beg 0 0
1586195615355547 131919735117504 coll_end 0 0
1586195617227419 131919735117504 emit_beg 166 0
1586195622960100 131919735117504 emit_end 166 0
1586195622966979 131919735117504 drain_beg 0 0
1586195622968019 131919735117504 drain_end 1 0
1586195622968749 131919735117504 subm_beg 1 0
1586195626579757 131919735117504 subm_end 1 0
1586195626580337 131919735117504 pump_beg 1 0
1586195635294519 131919735117504 pump_end 1 2
1586195638462114 131919735117504 coll_beg 0 0
1586195639947080 131919735117504 coll_end 0 0
1586195642216527 131919735117504 emit_beg 167 0
1586195649321857 131919735117504 emit_end 167 0
1586195663952203 131919735117504 drain_beg 0 0
1586195663952843 131919735117504 drain_end 1 0
1586195663953113 131919735117504 subm_beg 1 0
1586195665745678 131919735117504 subm_end 1 0
1586195665746128 131919735117504 pump_beg 1 0
1586195674908294 131919735117504 pump_end 1 2
1586195676858602 131919735117504 coll_beg 0 0
1586195678747224 131919735117504 coll_end 0 0
1586195680610966 131919735117504 emit_beg 168 0
1586195686108185 131919735117504 emit_end 168 0
1586195686111785 131919735117504 drain_beg 0 0
1586195686112345 131919735117504 drain_end 1 0
1586195686113025 131919735117504 subm_beg 1 0
1586195689820720 131919735117504 subm_end 1 0
1586195689821279 131919735117504 pump_beg 1 0
1586195701456085 131919735117504 pump_end 1 2
1586195704117908 131919735117504 coll_beg 0 0
1586195707470685 131919735117504 coll_end 0 0
1586195709266190 131919735117504 emit_beg 169 0
1586195714723211 131919735117504 emit_end 169 0
1586195714732000 131919735117504 drain_beg 0 0
1586195714732390 131919735117504 drain_end 1 0
1586195714732660 131919735117504 subm_beg 1 0
1586195718276401 131919735117504 subm_end 1 0
1586195718277261 131919735117504 pump_beg 1 0
1586195732046409 131919735117504 pump_end 1 2
1586195735651047 131919735117504 coll_beg 0 0
1586195739026894 131919735117504 coll_end 0 0
1586195740964473 131919735117504 emit_beg 170 0
1586195746658975 131919735117504 emit_end 170 0
1586195746661395 131919735117504 drain_beg 0 0
1586195746661725 131919735117504 drain_end 1 0
1586195746661995 131919735117504 subm_beg 1 0
1586195750510735 131919735117504 subm_end 1 0
1586195750511465 131919735117504 pump_beg 1 0
1586195761408657 131919735117504 pump_end 1 2
1586195763619776 131919735117504 coll_beg 0 0
1586195767988417 131919735117504 coll_end 0 0
1586195769870918 131919735117504 emit_beg 171 0
1586195775570070 131919735117504 emit_end 171 0
1586195792587189 131919735117504 drain_beg 0 0
1586195792587929 131919735117504 drain_end 1 0
1586195792588339 131919735117504 subm_beg 1 0
1586195796360592 131919735117504 subm_end 1 0
1586195796361021 131919735117504 pump_beg 1 0
1586195806252891 131919735117504 pump_end 1 2
1586195808282366 131919735117504 coll_beg 0 0
1586195812455864 131919735117504 coll_end 0 0
1586195814362855 131919735117504 emit_beg 172 0
1586195820324167 131919735117504 emit_end 172 0
1586195820327827 131919735117504 drain_beg 0 0
1586195820328317 131919735117504 drain_end 1 0
1586195820328797 131919735117504 subm_beg 1 0
1586195823976884 131919735117504 subm_end 1 0
1586195823977334 131919735117504 pump_beg 1 0
1586195835349109 131919735117504 pump_end 1 2
1586195839109601 131919735117504 coll_beg 0 0
1586195843173403 131919735117504 coll_end 0 0
1586195845097593 131919735117504 emit_beg 173 0
1586195850883962 131919735117504 emit_end 173 0
1586195850886632 131919735117504 drain_beg 0 0
1586195850887072 131919735117504 drain_end 1 0
1586195850887622 131919735117504 subm_beg 1 0
1586195854603096 131919735117504 subm_end 1 0
1586195854603546 131919735117504 pump_beg 1 0
1586195864572662 131919735117504 pump_end 1 2
1586195866526931 131919735117504 coll_beg 0 0
1586195870404129 131919735117504 coll_end 0 0
1586195872542471 131919735117504 emit_beg 174 0
1586195880092906 131919735117504 emit_end 174 0
1586195880095206 131919735117504 drain_beg 0 0
1586195880095556 131919735117504 drain_end 1 0
1586195880095836 131919735117504 subm_beg 1 0
1586195883861908 131919735117504 subm_end 1 0
1586195883862298 131919735117504 pump_beg 1 0
1586195895866650 131919735117504 pump_end 1 2
1586195898547612 131919735117504 coll_beg 0 0
1586195904136778 131919735117504 coll_end 0 0
1586195906061918 131919735117504 emit_beg 175 0
1586195911750691 131919735117504 emit_end 175 0
1586195911752941 131919735117504 drain_beg 0 0
1586195911753301 131919735117504 drain_end 1 0
1586195911753551 131919735117504 subm_beg 1 0
1586195915454025 131919735117504 subm_end 1 0
1586195915455525 131919735117504 pump_beg 1 0
1586195927817294 131919735117504 pump_end 1 2
1586195931080115 131919735117504 coll_beg 0 0
1586195935135477 131919735117504 coll_end 0 0
1586195937108055 131919735117504 emit_beg 176 0
1586195942844006 131919735117504 emit_end 176 0
1586195942846666 131919735117504 drain_beg 0 0
1586195942847066 131919735117504 drain_end 1 0
1586195942847416 131919735117504 subm_beg 1 0
1586195946585459 131919735117504 subm_end 1 0
1586195946586149 131919735117504 pump_beg 1 0
1586195958632500 131919735117504 pump_end 1 2
1586195962371763 131919735117504 coll_beg 0 0
1586195966574070 131919735117504 coll_end 0 0
1586195968500250 131919735117504 emit_beg 177 0
1586195974292828 131919735117504 emit_end 177 0
1586195974295968 131919735117504 drain_beg 0 0
1586195974296338 131919735117504 drain_end 1 0
1586195974296608 131919735117504 subm_beg 1 0
1586195978036292 131919735117504 subm_end 1 0
1586195978037012 131919735117504 pump_beg 1 0
1586195988280548 131919735117504 pump_end 1 2
1586195991676194 131919735117504 coll_beg 0 0
1586195994507741 131919735117504 coll_end 0 0
1586195997350367 131919735117504 emit_beg 178 0
1586196003116136 131919735117504 emit_end 178 0
1586196003119916 131919735117504 drain_beg 0 0
1586196003120516 131919735117504 drain_end 1 0
1586196003120786 131919735117504 subm_beg 1 0
1586196006843520 131919735117504 subm_end 1 0
1586196006844050 131919735117504 pump_beg 1 0
1586196019469400 131919735117504 pump_end 1 2
1586196021593402 131919735117504 coll_beg 0 0
1586196025898895 131919735117504 coll_end 0 0
1586196027974279 131919735117504 emit_beg 179 0
1586196035759915 131919735117504 emit_end 179 0
1586196035763465 131919735117504 drain_beg 0 0
1586196035764215 131919735117504 drain_end 1 0
1586196035764665 131919735117504 subm_beg 1 0
1586196039472230 131919735117504 subm_end 1 0
1586196039472720 131919735117504 pump_beg 1 0
1586196049498374 131919735117504 pump_end 1 2
1586196051684504 131919735117504 coll_beg 0 0
1586196054322778 131919735117504 coll_end 0 0
1586196057638687 131919735117504 emit_beg 180 0
1586196063332919 131919735117504 emit_end 180 0
1586196079532798 131919735117504 drain_beg 0 0
1586196079533688 131919735117504 drain_end 1 0
1586196079533978 131919735117504 subm_beg 1 0
1586196083301610 131919735117504 subm_end 1 0
1586196083302030 131919735117504 pump_beg 1 0
1586196093287206 131919735117504 pump_end 1 2
1586196095324461 131919735117504 coll_beg 0 0
1586196097782032 131919735117504 coll_end 0 0
1586196099868316 131919735117504 emit_beg 181 0
1586196105555688 131919735117504 emit_end 181 0
1586196105557888 131919735117504 drain_beg 0 0
1586196105558278 131919735117504 drain_end 1 0
1586196105558548 131919735117504 subm_beg 1 0
1586196109375069 131919735117504 subm_end 1 0
1586196109378039 131919735117504 pump_beg 1 0
1586196119247008 131919735117504 pump_end 1 2
1586196121816215 131919735117504 coll_beg 0 0
1586196124604073 131919735117504 coll_end 0 0
1586196127161750 131919735117504 emit_beg 182 0
1586196132589881 131919735117504 emit_end 182 0
1586196132593481 131919735117504 drain_beg 0 0
1586196132593901 131919735117504 drain_end 1 0
1586196132594361 131919735117504 subm_beg 1 0
1586196136169981 131919735117504 subm_end 1 0
1586196136170391 131919735117504 pump_beg 1 0
1586196147730709 131919735117504 pump_end 1 2
1586196149907710 131919735117504 coll_beg 0 0
1586196153583575 131919735117504 coll_end 0 0
1586196155414109 131919735117504 emit_beg 183 0
1586196160839451 131919735117504 emit_end 183 0
1586196160842091 131919735117504 drain_beg 0 0
1586196160842560 131919735117504 drain_end 1 0
1586196160843050 131919735117504 subm_beg 1 0
1586196164368852 131919735117504 subm_end 1 0
1586196164369302 131919735117504 pump_beg 1 0
1586196175917150 131919735117504 pump_end 1 2
1586196179266258 131919735117504 coll_beg 0 0
1586196182898376 131919735117504 coll_end 0 0
1586196184764757 131919735117504 emit_beg 184 0
1586196190226068 131919735117504 emit_end 184 0
1586196190228558 131919735117504 drain_beg 0 0
1586196190229058 131919735117504 drain_end 1 0
1586196190229488 131919735117504 subm_beg 1 0
1586196193788248 131919735117504 subm_end 1 0
1586196193788738 131919735117504 pump_beg 1 0
1586196205904676 131919735117504 pump_end 1 2
1586196208608777 131919735117504 coll_beg 0 0
1586196213668263 131919735117504 coll_end 0 0
1586196215694009 131919735117504 emit_beg 185 0
1586196221338343 131919735117504 emit_end 185 0
1586196221342473 131919735117504 drain_beg 0 0
1586196221343083 131919735117504 drain_end 1 0
1586196221343643 131919735117504 subm_beg 1 0
1586196224795017 131919735117504 subm_end 1 0
1586196224795687 131919735117504 pump_beg 1 0
1586196238019744 131919735117504 pump_end 1 2
1586196241373952 131919735117504 coll_beg 0 0
1586196249284373 131919735117504 coll_end 0 0
1586196251346728 131919735117504 emit_beg 186 0
1586196256766610 131919735117504 emit_end 186 0
1586196256770290 131919735117504 drain_beg 0 0
1586196256770860 131919735117504 drain_end 1 0
1586196256771750 131919735117504 subm_beg 1 0
1586196260353239 131919735117504 subm_end 1 0
1586196260354449 131919735117504 pump_beg 1 0
1586196271996924 131919735117504 pump_end 1 2
1586196274596109 131919735117504 coll_beg 0 0
1586196278907372 131919735117504 coll_end 0 0
1586196280737165 131919735117504 emit_beg 187 0
1586196286190766 131919735117504 emit_end 187 0
1586196286194636 131919735117504 drain_beg 0 0
1586196286195216 131919735117504 drain_end 1 0
1586196286195766 131919735117504 subm_beg 1 0
1586196289763566 131919735117504 subm_end 1 0
1586196289763956 131919735117504 pump_beg 1 0
1586196298837785 131919735117504 pump_end 1 2
1586196300917129 131919735117504 coll_beg 0 0
1586196303452546 131919735117504 coll_end 0 0
1586196306879271 131919735117504 emit_beg 188 0
1586196313986072 131919735117504 emit_end 188 0
1586196313989282 131919735117504 drain_beg 0 0
1586196313989812 131919735117504 drain_end 1 0
1586196313990342 131919735117504 subm_beg 1 0
1586196317643348 131919735117504 subm_end 1 0
1586196317643858 131919735117504 pump_beg 1 0
1586196330745910 131919735117504 pump_end 1 2
1586196334189344 131919735117504 coll_beg 0 0
1586196340831822 131919735117504 coll_end 0 0
1586196342686184 131919735117504 emit_beg 189 0
1586196348270891 131919735117504 emit_end 189 0
1586196348275321 131919735117504 drain_beg 0 0
1586196348276090 131919735117504 drain_end 1 0
1586196348276900 131919735117504 subm_beg 1 0
1586196351901178 131919735117504 subm_end 1 0
1586196351905188 131919735117504 pump_beg 1 0
1586196359972934 131919735117504 pump_end 1 2
1586196363343151 131919735117504 coll_beg 0 0
1586196364431971 131919735117504 coll_end 0 0
1586196366986108 131919735117504 emit_beg 190 0
1586196374249753 131919735117504 emit_end 190 0
1586196388551971 131919735117504 drain_beg 0 0
1586196388553531 131919735117504 drain_end 1 0
1586196388554151 131919735117504 subm_beg 1 0
1586196392039433 131919735117504 subm_end 1 0
1586196392039743 131919735117504 pump_beg 1 0
1586196406103350 131919735117504 pump_end 1 2
1586196408166515 131919735117504 coll_beg 0 0
1586196412986939 131919735117504 coll_end 0 0
1586196415286515 131919735117504 emit_beg 191 0
1586196420930789 131919735117504 emit_end 191 0
1586196420936039 131919735117504 drain_beg 0 0
1586196420937029 131919735117504 drain_end 1 0
1586196420938159 131919735117504 subm_beg 1 0
1586196424439941 131919735117504 subm_end 1 0
1586196424441231 131919735117504 pump_beg 1 0
1586196433586057 131919735117504 pump_end 1 2
1586196435797646 131919735117504 coll_beg 0 0
1586196437043091 131919735117504 coll_end 0 0
1586196439409895 131919735117504 emit_beg 192 0
1586196446526405 131919735117504 emit_end 192 0
1586196446529365 131919735117504 drain_beg 0 0
1586196446529865 131919735117504 drain_end 1 0
1586196446530125 131919735117504 subm_beg 1 0
1586196449951290 131919735117504 subm_end 1 0
1586196449951540 131919735117504 pump_beg 1 0
1586196458020686 131919735117504 pump_end 1 2
1586196459888937 131919735117504 coll_beg 0 0
1586196460824523 131919735117504 coll_end 0 0
1586196463480586 131919735117504 emit_beg 193 0
1586196470626495 131919735117504 emit_end 193 0
1586196483185617 131919735117504 drain_beg 0 0
1586196483187037 131919735117504 drain_end 1 0
1586196483187767 131919735117504 subm_beg 1 0
1586196488073119 131919735117504 subm_end 1 0
1586196488073539 131919735117504 pump_beg 1 0
1586196496317038 131919735117504 pump_end 1 2
1586196498219848 131919735117504 coll_beg 0 0
1586196499624427 131919735117504 coll_end 0 0
1586196501693042 131919735117504 emit_beg 194 0
1586196505668107 131919735117504 emit_end 194 0
1586196505671637 131919735117504 drain_beg 0 0
1586196505672307 131919735117504 drain_end 1 0
1586196505672986 131919735117504 subm_beg 1 0
1586196509471308 131919735117504 subm_end 1 0
1586196509471768 131919735117504 pump_beg 1 0
1586196521629464 131919735117504 pump_end 1 2
1586196524050886 131919735117504 coll_beg 0 0
1586196528226623 131919735117504 coll_end 0 0
1586196530163833 131919735117504 emit_beg 195 0
1586196535858335 131919735117504 emit_end 195 0
1586196554711507 131919735117504 drain_beg 0 0
1586196554713847 131919735117504 drain_end 1 0
1586196554714767 131919735117504 subm_beg 1 0
1586196558694982 131919735117504 subm_end 1 0
1586196558701621 131919735117504 pump_beg 1 0
1586196568132357 131919735117504 pump_end 1 2
1586196571159757 131919735117504 coll_beg 0 0
1586196573778431 131919735117504 coll_end 0 0
1586196575920463 131919735117504 emit_beg 196 0
1586196581672293 131919735117504 emit_end 196 0
1586196581677383 131919735117504 drain_beg 0 0
1586196581678083 131919735117504 drain_end 1 0
1586196581678883 131919735117504 subm_beg 1 0
1586196585417916 131919735117504 subm_end 1 0
1586196585418336 131919735117504 pump_beg 1 0
1586196597862772 131919735117504 pump_end 1 2
1586196599806561 131919735117504 coll_beg 0 0
1586196603985189 131919735117504 coll_end 0 0
1586196605914578 131919735117504 emit_beg 197 0
1586196611606941 131919735117504 emit_end 197 0
1586196611610290 131919735117504 drain_beg 0 0
1586196611610850 131919735117504 drain_end 1 0
1586196611611270 131919735117504 subm_beg 1 0
1586196615194320 131919735117504 subm_end 1 0
1586196615194910 131919735117504 pump_beg 1 0
1586196625330590 131919735117504 pump_end 1 2
1586196627285538 131919735117504 coll_beg 0 0
1586196629931682 131919735117504 coll_end 0 0
1586196633006850 131919735117504 emit_beg 198 0
1586196640770436 131919735117504 emit_end 198 0
1586196640773426 131919735117504 drain_beg 0 0
1586196640773946 131919735117504 drain_end 1 0
1586196640774276 131919735117504 subm_beg 1 0
1586196644456222 131919735117504 subm_end 1 0
1586196644456542 131919735117504 pump_beg 1 0
1586196655942183 131919735117504 pump_end 1 2
1586196659197204 131919735117504 coll_beg 0 0
1586196663423950 131919735117504 coll_end 0 0
1586196665329180 131919735117504 emit_beg 199 0
1586196670994883 131919735117504 emit_end 199 0
1586196670997473 131919735117504 drain_beg 0 0
1586196670997843 131919735117504 drain_end 1 0
1586196670998193 131919735117504 subm_beg 1 0
1586196674827164 131919735117504 subm_end 1 0
1586196674829874 131919735117504 pump_beg 1 0
1586196686802437 131919735117504 pump_end 1 2
1586196689124362 131919735117504 coll_beg 0 0
1586196693235372 131919735117504 coll_end 0 0
1586196695107034 131919735117504 emit_beg 200 0
1586196700781136 131919735117504 emit_end 200 0
1586196719009721 131919735117504 drain_beg 0 0
1586196719011731 131919735117504 drain_end 1 0
1586196719012641 131919735117504 subm_beg 1 0
1586196722666838 131919735117504 subm_end 1 0
1586196722667708 131919735117504 pump_beg 1 0
1586196731235745 131919735117504 pump_end 1 2
1586196734270984 131919735117504 coll_beg 0 0
1586196736003411 131919735117504 coll_end 0 0
1586196737902612 131919735117504 emit_beg 201 0
1586196743525137 131919735117504 emit_end 201 0
1586196743528466 131919735117504 drain_beg 0 0
1586196743529076 131919735117504 drain_end 1 0
1586196743529576 131919735117504 subm_beg 1 0
1586196747130795 131919735117504 subm_end 1 0
1586196747131275 131919735117504 pump_beg 1 0
1586196757880563 131919735117504 pump_end 1 2
1586196761124634 131919735117504 coll_beg 0 0
1586196765489215 131919735117504 coll_end 0 0
1586196767477002 131919735117504 emit_beg 202 0
1586196773147226 131919735117504 emit_end 202 0
1586196773151095 131919735117504 drain_beg 0 0
1586196773151595 131919735117504 drain_end 1 0
1586196773151955 131919735117504 subm_beg 1 0
1586196776776703 131919735117504 subm_end 1 0
1586196776777273 131919735117504 pump_beg 1 0
1586196788278623 131919735117504 pump_end 1 2
1586196790160585 131919735117504 coll_beg 0 0
1586196795728352 131919735117504 coll_end 0 0
1586196797632052 131919735117504 emit_beg 203 0
1586196803266186 131919735117504 emit_end 203 0
1586196803268416 131919735117504 drain_beg 0 0
1586196803268746 131919735117504 drain_end 1 0
1586196803269016 131919735117504 subm_beg 1 0
1586196806726990 131919735117504 subm_end 1 0
1586196806727360 131919735117504 pump_beg 1 0
1586196815766570 131919735117504 pump_end 1 2
1586196819118018 131919735117504 coll_beg 0 0
1586196821027738 131919735117504 coll_end 0 0
1586196822931719 131919735117504 emit_beg 204 0
1586196830350608 131919735117504 emit_end 204 0
1586196830352538 131919735117504 drain_beg 0 0
1586196830352778 131919735117504 drain_end 1 0
1586196830356858 131919735117504 subm_beg 1 0
1586196834062113 131919735117504 subm_end 1 0
1586196834062483 131919735117504 pump_beg 1 0
1586196846951682 131919735117504 pump_end 1 2
1586196850214073 131919735117504 coll_beg 0 0
1586196857191368 131919735117504 coll_end 0 0
1586196859131628 131919735117504 emit_beg 205 0
1586196864741973 131919735117504 emit_end 205 0
1586196864744793 131919735117504 drain_beg 0 0
1586196864745263 131919735117504 drain_end 1 0
1586196864745713 131919735117504 subm_beg 1 0
1586196868354201 131919735117504 subm_end 1 0
1586196868354571 131919735117504 pump_beg 1 0
1586196876771154 131919735117504 pump_end 1 2
1586196879948358 131919735117504 coll_beg 0 0
1586196881222971 131919735117504 coll_end 0 0
1586196883502308 131919735117504 emit_beg 206 0
1586196890707635 131919735117504 emit_end 206 0
1586196903506918 131919735117504 drain_beg 0 0
1586196903507478 131919735117504 drain_end 1 0
1586196903507818 131919735117504 subm_beg 1 0
1586196907092837 131919735117504 subm_end 1 0
1586196907093227 131919735117504 pump_beg 1 0
1586196917649052 131919735117504 pump_end 1 2
1586196919467776 131919735117504 coll_beg 0 0
1586196922386359 131919735117504 coll_end 0 0
1586196924243892 131919735117504 emit_beg 207 0
1586196929723872 131919735117504 emit_end 207 0
1586196929726082 131919735117504 drain_beg 0 0
1586196929726332 131919735117504 drain_end 1 0
1586196929726571 131919735117504 subm_beg 1 0
1586196933314841 131919735117504 subm_end 1 0
1586196933315211 131919735117504 pump_beg 1 0
1586196944699495 131919735117504 pump_end 1 2
1586196947234503 131919735117504 coll_beg 0 0
1586196950648838 131919735117504 coll_end 0 0
1586196952747051 131919735117504 emit_beg 208 0
1586196958155234 131919735117504 emit_end 208 0
1586196958157774 131919735117504 drain_beg 0 0
1586196958158094 131919735117504 drain_end 1 0
1586196958158324 131919735117504 subm_beg 1 0
1586196961693295 131919735117504 subm_end 1 0
1586196961693865 131919735117504 pump_beg 1 0
1586196969636945 131919735117504 pump_end 1 2
1586196971626272 131919735117504 coll_beg 0 0
1586196973277012 131919735117504 coll_end 0 0
1586196975292779 131919735117504 emit_beg 209 0
1586196982517385 131919735117504 emit_end 209 0
1586196995081347 131919735117504 drain_beg 0 0
1586196995087496 131919735117504 drain_end 1 0
1586196995088816 131919735117504 subm_beg 1 0
1586196998683875 131919735117504 subm_end 1 0
1586196998685185 131919735117504 pump_beg 1 0
1586197010309591 131919735117504 pump_end 1 2
1586197012193582 131919735117504 coll_beg 0 0
1586197016272183 131919735117504 coll_end 0 0
1586197018112126 131919735117504 emit_beg 210 0
1586197021753053 131919735117504 emit_end 210 0
1586197021757353 131919735117504 drain_beg 0 0
1586197021758093 131919735117504 drain_end 1 0
1586197021758513 131919735117504 subm_beg 1 0
1586197025407600 131919735117504 subm_end 1 0
1586197025408040 131919735117504 pump_beg 1 0
1586197037741760 131919735117504 pump_end 1 2
1586197041157765 131919735117504 coll_beg 0 0
1586197045587353 131919735117504 coll_end 0 0
1586197048736239 131919735117504 emit_beg 211 0
1586197054227968 131919735117504 emit_end 211 0
1586197054230738 131919735117504 drain_beg 0 0
1586197054231058 131919735117504 drain_end 1 0
1586197054231348 131919735117504 subm_beg 1 0
1586197057672272 131919735117504 subm_end 1 0
1586197057672692 131919735117504 pump_beg 1 0
1586197069866647 131919735117504 pump_end 1 2
1586197071709320 131919735117504 coll_beg 0 0
1586197077382303 131919735117504 coll_end 0 0
1586197079344381 131919735117504 emit_beg 212 0
1586197084839781 131919735117504 emit_end 212 0
1586197103180682 131919735117504 drain_beg 0 0
1586197103181462 131919735117504 drain_end 1 0
1586197103181862 131919735117504 subm_beg 1 0
1586197106771751 131919735117504 subm_end 1 0
1586197106772210 131919735117504 pump_beg 1 0
1586197117746690 131919735117504 pump_end 1 2
1586197119755327 131919735117504 coll_beg 0 0
1586197123050037 131919735117504 coll_end 0 0
1586197124994636 131919735117504 emit_beg 213 0
1586197128649972 131919735117504 emit_end 213 0
1586197128652492 131919735117504 drain_beg 0 0
1586197128652782 131919735117504 drain_end 1 0
1586197128653032 131919735117504 subm_beg 1 0
1586197132192603 131919735117504 subm_end 1 0
1586197132192973 131919735117504 pump_beg 1 0
1586197144008632 131919735117504 pump_end 1 2
1586197147037051 131919735117504 coll_beg 0 0
1586197150902300 131919735117504 coll_end 0 0
1586197154429271 131919735117504 emit_beg 214 0
1586197159837824 131919735117504 emit_end 214 0
1586197159840604 131919735117504 drain_beg 0 0
1586197159840924 131919735117504 drain_end 1 0
1586197159841324 131919735117504 subm_beg 1 0
1586197163362775 131919735117504 subm_end 1 0
1586197163363245 131919735117504 pump_beg 1 0
1586197174919634 131919735117504 pump_end 1 2
1586197178577570 131919735117504 coll_beg 0 0
1586197182529856 131919735117504 coll_end 0 0
1586197185204868 131919735117504 emit_beg 215 0
1586197190617491 131919735117504 emit_end 215 0
1586197190620381 131919735117504 drain_beg 0 0
1586197190620921 131919735117504 drain_end 1 0
1586197190621211 131919735117504 subm_beg 1 0
1586197194049856 131919735117504 subm_end 1 0
1586197194050306 131919735117504 pump_beg 1 0
1586197205324194 131919735117504 pump_end 1 2
1586197208014946 131919735117504 coll_beg 0 0
1586197211630444 131919735117504 coll_end 0 0
1586197213460177 131919735117504 emit_beg 216 0
1586197219299074 131919735117504 emit_end 216 0
1586197219301354 131919735117504 drain_beg 0 0
1586197219301724 131919735117504 drain_end 1 0
1586197219301984 131919735117504 subm_beg 1 0
1586197222808636 131919735117504 subm_end 1 0
1586197222809006 131919735117504 pump_beg 1 0
1586197233564674 131919735117504 pump_end 1 2
1586197235922868 131919735117504 coll_beg 0 0
1586197239254966 131919735117504 coll_end 0 0
1586197241334880 131919735117504 emit_beg 217 0
1586197247146128 131919735117504 emit_end 217 0
1586197247148298 131919735117504 drain_beg 0 0
1586197247148538 131919735117504 drain_end 1 0
1586197247148878 131919735117504 subm_beg 1 0
1586197250877632 131919735117504 subm_end 1 0
1586197250878072 131919735117504 pump_beg 1 0
1586197262435600 131919735117504 pump_end 1 2
1586197264442977 131919735117504 coll_beg 0 0
1586197268341804 131919735117504 coll_end 0 0
1586197270252275 131919735117504 emit_beg 218 0
1586197275920248 131919735117504 emit_end 218 0
1586197275922598 131919735117504 drain_beg 0 0
1586197275922968 131919735117504 drain_end 1 0
1586197275923238 131919735117504 subm_beg 1 0
1586197279636192 131919735117504 subm_end 1 0
1586197279636512 131919735117504 pump_beg 1 0
1586197291193481 131919735117504 pump_end 1 2
1586197293069852 131919735117504 coll_beg 0 0
1586197296917632 131919735117504 coll_end 0 0
1586197298883320 131919735117504 emit_beg 219 0
1586197304667249 131919735117504 emit_end 219 0
1586197323029989 131919735117504 drain_beg 0 0
1586197323032529 131919735117504 drain_end 1 0
1586197323033099 131919735117504 subm_beg 1 0
1586197326787642 131919735117504 subm_end 1 0
1586197326788142 131919735117504 pump_beg 1 0
1586197334574197 131919735117504 pump_end 1 2
1586197336541615 131919735117504 coll_beg 0 0
1586197337694244 131919735117504 coll_end 0 0
1586197339606114 131919735117504 emit_beg 220 0
1586197345302696 131919735117504 emit_end 220 0
1586197345307216 131919735117504 drain_beg 0 0
1586197345307746 131919735117504 drain_end 1 0
1586197345308306 131919735117504 subm_beg 1 0
1586197349031140 131919735117504 subm_end 1 0
1586197349031660 131919735117504 pump_beg 1 0
1586197361544123 131919735117504 pump_end 1 2
1586197364886021 131919735117504 coll_beg 0 0
1586197371323996 131919735117504 coll_end 0 0
1586197373310244 131919735117504 emit_beg 221 0
1586197379065194 131919735117504 emit_end 221 0
1586197379068244 131919735117504 drain_beg 0 0
1586197379068614 131919735117504 drain_end 1 0
1586197379068904 131919735117504 subm_beg 1 0
1586197382746699 131919735117504 subm_end 1 0
1586197382747099 131919735117504 pump_beg 1 0
1586197394161943 131919735117504 pump_end 1 2
1586197396040054 131919735117504 coll_beg 0 0
1586197399643693 131919735117504 coll_end 0 0
1586197402077754 131919735117504 emit_beg 222 0
1586197409712745 131919735117504 emit_end 222 0
1586197409716545 131919735117504 drain_beg 0 0
1586197409717135 131919735117504 drain_end 1 0
1586197409717595 131919735117504 subm_beg 1 0
1586197413416790 131919735117504 subm_end 1 0
1586197413417260 131919735117504 pump_beg 1 0
1586197423206793 131919735117504 pump_end 1 2
1586197426028320 131919735117504 coll_beg 0 0
1586197428645494 131919735117504 coll_end 0 0
1586197430591233 131919735117504 emit_beg 223 0
1586197438222605 131919735117504 emit_end 223 0
1586197438226225 131919735117504 drain_beg 0 0
1586197438226735 131919735117504 drain_end 1 0
1586197438227355 131919735117504 subm_beg 1 0
1586197441988947 131919735117504 subm_end 1 0
1586197441989437 131919735117504 pump_beg 1 0
1586197455240304 131919735117504 pump_end 1 2
1586197457156884 131919735117504 coll_beg 0 0
1586197462291787 131919735117504 coll_end 0 0
1586197464253395 131919735117504 emit_beg 224 0
1586197468100185 131919735117504 emit_end 224 0
1586197468103264 131919735117504 drain_beg 0 0
1586197468103864 131919735117504 drain_end 1 0
1586197468104354 131919735117504 subm_beg 1 0
1586197471823419 131919735117504 subm_end 1 0
1586197471823779 131919735117504 pump_beg 1 0
1586197483093787 131919735117504 pump_end 1 2
1586197485803679 131919735117504 coll_beg 0 0
1586197491141854 131919735117504 coll_end 0 0
1586197493488958 131919735117504 emit_beg 225 0
1586197501084751 131919735117504 emit_end 225 0
1586197501091191 131919735117504 drain_beg 0 0
1586197501091721 131919735117504 drain_end 1 0
1586197501092191 131919735117504 subm_beg 1 0
1586197504760747 131919735117504 subm_end 1 0
1586197504761237 131919735117504 pump_beg 1 0
1586197512090059 131919735117504 pump_end 1 2
1586197514170843 131919735117504 coll_beg 0 0
1586197514585438 131919735117504 coll_end 0 0
1586197517996194 131919735117504 emit_beg 226 0
1586197525734351 131919735117504 emit_end 226 0
1586197541724578 131919735117504 drain_beg 0 0
1586197541726598 131919735117504 drain_end 1 0
1586197541727538 131919735117504 subm_beg 1 0
1586197547346993 131919735117504 subm_end 1 0
1586197547347853 131919735117504 pump_beg 1 0
1586197556750929 131919735117504 pump_end 1 2
1586197558730497 131919735117504 coll_beg 0 0
1586197560910608 131919735117504 coll_end 0 0
1586197562975292 131919735117504 emit_beg 227 0
1586197568819169 131919735117504 emit_end 227 0
1586197568824179 131919735117504 drain_beg 0 0
1586197568825049 131919735117504 drain_end 1 0
1586197568825889 131919735117504 subm_beg 1 0
1586197572587862 131919735117504 subm_end 1 0
1586197572588541 131919735117504 pump_beg 1 0
1586197584816585 131919735117504 pump_end 1 2
1586197587055134 131919735117504 coll_beg 0 0
1586197591530610 131919735117504 coll_end 0 0
1586197593494649 131919735117504 emit_beg 228 0
1586197597424595 131919735117504 emit_end 228 0
1586197597431375 131919735117504 drain_beg 0 0
1586197597432135 131919735117504 drain_end 1 0
1586197597432745 131919735117504 subm_beg 1 0
1586197601198767 131919735117504 subm_end 1 0
1586197601199317 131919735117504 pump_beg 1 0
1586197611454163 131919735117504 pump_end 1 2
1586197613864435 131919735117504 coll_beg 0 0
1586197616764509 131919735117504 coll_end 0 0
1586197619649674 131919735117504 emit_beg 229 0
1586197627195109 131919735117504 emit_end 229 0
1586197642216151 131919735117504 drain_beg 0 0
1586197642217071 131919735117504 drain_end 1 0
1586197642217441 131919735117504 subm_beg 1 0
1586197646176366 131919735117504 subm_end 1 0
1586197646176916 131919735117504 pump_beg 1 0
1586197654657207 131919735117504 pump_end 1 2
1586197656996061 131919735117504 coll_beg 0 0
1586197658283064 131919735117504 coll_end 0 0
1586197660109528 131919735117504 emit_beg 230 0
1586197665461972 131919735117504 emit_end 230 0
1586197665464712 131919735117504 drain_beg 0 0
1586197665465122 131919735117504 drain_end 1 0
1586197665465392 131919735117504 subm_beg 1 0
1586197669040642 131919735117504 subm_end 1 0
1586197669041002 131919735117504 pump_beg 1 0
1586197679541828 131919735117504 pump_end 1 2
1586197683401248 131919735117504 coll_beg 0 0
1586197688026879 131919735117504 coll_end 0 0
1586197689992267 131919735117504 emit_beg 231 0
1586197695529785 131919735117504 emit_end 231 0
1586197713280437 131919735117504 drain_beg 0 0
1586197713282307 131919735117504 drain_end 1 0
1586197713283107 131919735117504 subm_beg 1 0
1586197716920454 131919735117504 subm_end 1 0
1586197716921944 131919735117504 pump_beg 1 0
1586197727423781 131919735117504 pump_end 1 2
1586197729309032 131919735117504 coll_beg 0 0
1586197732369521 131919735117504 coll_end 0 0
1586197734226503 131919735117504 emit_beg 232 0
1586197739683014 131919735117504 emit_end 232 0
1586197739686354 131919735117504 drain_beg 0 0
1586197739686934 131919735117504 drain_end 1 0
1586197739687514 131919735117504 subm_beg 1 0
1586197743279003 131919735117504 subm_end 1 0
1586197743279622 131919735117504 pump_beg 1 0
1586197753363504 131919735117504 pump_end 1 2
1586197756090465 131919735117504 coll_beg 0 0
1586197759862437 131919735117504 coll_end 0 0
1586197761747259 131919735117504 emit_beg 233 0
1586197767203849 131919735117504 emit_end 233 0
1586197783481855 131919735117504 drain_beg 0 0
1586197783484175 131919735117504 drain_end 1 0
1586197783484865 131919735117504 subm_beg 1 0
1586197787131602 131919735117504 subm_end 1 0
1586197787132392 131919735117504 pump_beg 1 0
1586197797855301 131919735117504 pump_end 1 2
1586197800023802 131919735117504 coll_beg 0 0
1586197804795388 131919735117504 coll_end 0 0
1586197806826083 131919735117504 emit_beg 234 0
1586197810519299 131919735117504 emit_end 234 0
1586197810523089 131919735117504 drain_beg 0 0
1586197810523679 131919735117504 drain_end 1 0
1586197810524368 131919735117504 subm_beg 1 0
1586197814124547 131919735117504 subm_end 1 0
1586197814124927 131919735117504 pump_beg 1 0
1586197822603098 131919735117504 pump_end 1 2
1586197825111196 131919735117504 coll_beg 0 0
1586197826557653 131919735117504 coll_end 0 0
1586197828665936 131919735117504 emit_beg 235 0
1586197835887433 131919735117504 emit_end 235 0
1586197850117364 131919735117504 drain_beg 0 0
1586197850118384 131919735117504 drain_end 1 0
1586197850118984 131919735117504 subm_beg 1 0
1586197853785940 131919735117504 subm_end 1 0
1586197853786350 131919735117504 pump_beg 1 0
1586197866028633 131919735117504 pump_end 1 2
1586197867920614 131919735117504 coll_beg 0 0
1586197872005825 131919735117504 coll_end 0 0
1586197873896246 131919735117504 emit_beg 236 0
1586197877594161 131919735117504 emit_end 236 0
1586197877596441 131919735117504 drain_beg 0 0
1586197877596731 131919735117504 drain_end 1 0
1586197877597001 131919735117504 subm_beg 1 0
1586197881200259 131919735117504 subm_end 1 0
1586197881200629 131919735117504 pump_beg 1 0
1586197893345936 131919735117504 pump_end 1 2
1586197895416071 131919735117504 coll_beg 0 0
1586197899888147 131919735117504 coll_end 0 0
1586197903068241 131919735117504 emit_beg 237 0
1586197908677937 131919735117504 emit_end 237 0
1586197908680336 131919735117504 drain_beg 0 0
1586197908680706 131919735117504 drain_end 1 0
1586197908680996 131919735117504 subm_beg 1 0
1586197912185509 131919735117504 subm_end 1 0
1586197912185939 131919735117504 pump_beg 1 0
1586197920451467 131919735117504 pump_end 1 2
1586197922320609 131919735117504 coll_beg 0 0
1586197923590232 131919735117504 coll_end 0 0
1586197925889419 131919735117504 emit_beg 238 0
1586197933074366 131919735117504 emit_end 238 0
1586197949578364 131919735117504 drain_beg 0 0
1586197949578974 131919735117504 drain_end 1 0
1586197949579314 131919735117504 subm_beg 1 0
1586197953139834 131919735117504 subm_end 1 0
1586197953140224 131919735117504 pump_beg 1 0
1586197963479587 131919735117504 pump_end 1 2
1586197965313090 131919735117504 coll_beg 0 0
1586197968021751 131919735117504 coll_end 0 0
1586197969850954 131919735117504 emit_beg 239 0
1586197975282866 131919735117504 emit_end 239 0
1586197975285626 131919735117504 drain_beg 0 0
1586197975286096 131919735117504 drain_end 1 0
1586197975286586 131919735117504 subm_beg 1 0
1586197978897154 131919735117504 subm_end 1 0
1586197978897554 131919735117504 pump_beg 1 0
1586197989218037 131919735117504 pump_end 1 2
1586197991832102 131919735117504 coll_beg 0 0
1586197994410408 131919735117504 coll_end 0 0
1586197996187503 131919735117504 emit_beg 240 0
1586198001512369 131919735117504 emit_end 240 0
1586198017406119 131919735117504 drain_beg 0 0
1586198017408219 131919735117504 drain_end 1 0
1586198017409129 131919735117504 subm_beg 1 0
1586198021085364 131919735117504 subm_end 1 0
1586198021098074 131919735117504 pump_beg 1 0
1586198030684404 131919735117504 pump_end 1 2
1586198032769168 131919735117504 coll_beg 0 0
1586198034985157 131919735117504 coll_end 0 0
1586198036933426 131919735117504 emit_beg 241 0
1586198042658047 131919735117504 emit_end 241 0
1586198042661927 131919735117504 drain_beg 0 0
1586198042662487 131919735117504 drain_end 1 0
1586198042663007 131919735117504 subm_beg 1 0
1586198046539086 131919735117504 subm_end 1 0
1586198046539686 131919735117504 pump_beg 1 0
1586198059608639 131919735117504 pump_end 1 2
1586198061497770 131919735117504 coll_beg 0 0
1586198066532486 131919735117504 coll_end 0 0
1586198068504854 131919735117504 emit_beg 242 0
1586198074386409 131919735117504 emit_end 242 0
1586198074389809 131919735117504 drain_beg 0 0
1586198074390449 131919735117504 drain_end 1 0
1586198074390989 131919735117504 subm_beg 1 0
1586198078178471 131919735117504 subm_end 1 0
1586198078178961 131919735117504 pump_beg 1 0
1586198089954031 131919735117504 pump_end 1 2
1586198092988860 131919735117504 coll_beg 0 0
1586198097217326 131919735117504 coll_end 0 0
1586198100942450 131919735117504 emit_beg 243 0
1586198106839145 131919735117504 emit_end 243 0
1586198106843205 131919735117504 drain_beg 0 0
1586198106843915 131919735117504 drain_end 1 0
1586198106844485 131919735117504 subm_beg 1 0
1586198110662486 131919735117504 subm_end 1 0
1586198110662996 131919735117504 pump_beg 1 0
1586198122431826 131919735117504 pump_end 1 2
1586198125138467 131919735117504 coll_beg 0 0
1586198129130982 131919735117504 coll_end 0 0
1586198131017163 131919735117504 emit_beg 244 0
1586198136684426 131919735117504 emit_end 244 0
1586198136687236 131919735117504 drain_beg 0 0
1586198136687696 131919735117504 drain_end 1 0
1586198136688056 131919735117504 subm_beg 1 0
1586198140446459 131919735117504 subm_end 1 0
1586198140446899 131919735117504 pump_beg 1 0
1586198152572116 131919735117504 pump_end 1 2
1586198156177815 131919735117504 coll_beg 0 0
1586198162850941 131919735117504 coll_end 0 0
1586198164786090 131919735117504 emit_beg 245 0
1586198170582409 131919735117504 emit_end 245 0
1586198170585159 131919735117504 drain_beg 0 0
1586198170585519 131919735117504 drain_end 1 0
1586198170585859 131919735117504 subm_beg 1 0
1586198174270504 131919735117504 subm_end 1 0
1586198174270904 131919735117504 pump_beg 1 0
1586198187676505 131919735117504 pump_end 1 2
1586198189580106 131919735117504 coll_beg 0 0
1586198194900241 131919735117504 coll_end 0 0
1586198196836921 131919735117504 emit_beg 246 0
1586198202593181 131919735117504 emit_end 246 0
1586198202596361 131919735117504 drain_beg 0 0
1586198202596841 131919735117504 drain_end 1 0
1586198202597401 131919735117504 subm_beg 1 0
1586198206267087 131919735117504 subm_end 1 0
1586198206267527 131919735117504 pump_beg 1 0
1586198216346249 131919735117504 pump_end 1 2
1586198218656415 131919735117504 coll_beg 0 0
1586198221516470 131919735117504 coll_end 0 0
1586198224323368 131919735117504 emit_beg 247 0
1586198231794065 131919735117504 emit_end 247 0
1586198247466183 131919735117504 drain_beg 0 0
1586198247471623 131919735117504 drain_end 1 0
1586198247472983 131919735117504 subm_beg 1 0
1586198251197717 131919735117504 subm_end 1 0
1586198251198217 131919735117504 pump_beg 1 0
1586198263291116 131919735117504 pump_end 1 2
1586198265568573 131919735117504 coll_beg 0 0
1586198270746614 131919735117504 coll_end 0 0
1586198272948843 131919735117504 emit_beg 248 0
1586198278994283 131919735117504 emit_end 248 0
1586198278998462 131919735117504 drain_beg 0 0
1586198279004372 131919735117504 drain_end 1 0
1586198279005032 131919735117504 subm_beg 1 0
1586198282699677 131919735117504 subm_end 1 0
1586198282703197 131919735117504 pump_beg 1 0
1586198295161043 131919735117504 pump_end 1 2
1586198297294595 131919735117504 coll_beg 0 0
1586198301326448 131919735117504 coll_end 0 0
1586198303259247 131919735117504 emit_beg 249 0
1586198307177794 131919735117504 emit_end 249 0
1586198307181494 131919735117504 drain_beg 0 0
1586198307182094 131919735117504 drain_end 1 0
1586198307182594 131919735117504 subm_beg 1 0
1586198310954956 131919735117504 subm_end 1 0
1586198310955396 131919735117504 pump_beg 1 0
1586198322017033 131919735117504 pump_end 1 2
1586198324150365 131919735117504 coll_beg 0 0
1586198327317109 131919735117504 coll_end 0 0
1586198329870886 131919735117504 emit_beg 250 0
1586198337527326 131919735117504 emit_end 250 0
1586198337531836 131919735117504 drain_beg 0 0
1586198337532606 131919735117504 drain_end 1 0
1586198337533496 131919735117504 subm_beg 1 0
1586198341201282 131919735117504 subm_end 1 0
1586198341201832 131919735117504 pump_beg 1 0
1586198350639928 131919735117504 pump_end 1 2
1586198354110881 131919735117504 coll_beg 0 0
1586198357066343 131919735117504 coll_end 0 0
1586198359926169 131919735117504 emit_beg 251 0
1586198367533982 131919735117504 emit_end 251 0
1586198367537251 131919735117504 drain_beg 0 0
1586198367537861 131919735117504 drain_end 1 0
1586198367538311 131919735117504 subm_beg 1 0
1586198371302044 131919735117504 subm_end 1 0
1586198371302564 131919735117504 pump_beg 1 0
1586198378357887 131919735117504 pump_end 1 2
1586198381521481 131919735117504 coll_beg 0 0
1586198382021163 131919735117504 coll_end 0 0
1586198385332982 131919735117504 emit_beg 252 0
1586198391016325 131919735117504 emit_end 252 0
1586198408001335 131919735117504 drain_beg 0 0
1586198408002015 131919735117504 drain_end 1 0
1586198408002285 131919735117504 subm_beg 1 0
1586198409976753 131919735117504 subm_end 1 0
1586198409977143 131919735117504 pump_beg 1 0
1586198421527141 131919735117504 pump_end 1 2
1586198423328505 131919735117504 coll_beg 0 0
1586198429185142 131919735117504 coll_end 0 0
1586198431106772 131919735117504 emit_beg 253 0
1586198436562273 131919735117504 emit_end 253 0
1586198436564982 131919735117504 drain_beg 0 0
1586198436565582 131919735117504 drain_end 1 0
1586198436566222 131919735117504 subm_beg 1 0
1586198440168061 131919735117504 subm_end 1 0
1586198440168431 131919735117504 pump_beg 1 0
1586198450515473 131919735117504 pump_end 1 2
1586198453631030 131919735117504 coll_beg 0 0
1586198456525584 131919735117504 coll_end 0 0
1586198459344781 131919735117504 emit_beg 254 0
1586198466537668 131919735117504 emit_end 254 0
1586198466540888 131919735117504 drain_beg 0 0
1586198466541368 131919735117504 drain_end 1 0
1586198466541668 131919735117504 subm_beg 1 0
1586198470040291 131919735117504 subm_end 1 0
1586198470040761 131919735117504 pump_beg 1 0
1586198480873765 131919735117504 pump_end 1 2
1586198484314710 131919735117504 coll_beg 0 0
1586198487785903 131919735117504 coll_end 0 0
1586198490036861 131919735117504 emit_beg 255 0
1586198493692298 131919735117504 emit_end 255 0
1586198493695427 131919735117504 drain_beg 0 0
1586198493696087 131919735117504 drain_end 1 0
1586198493696577 131919735117504 subm_beg 1 0
1586198497275227 131919735117504 subm_end 1 0
1586198497275777 131919735117504 pump_beg 1 0
1586198509229311 131919735117504 pump_end 1 2
1586198512240031 131919735117504 coll_beg 0 0
1586198517152171 131919735117504 coll_end 0 0
1586198519766526 131919735117504 emit_beg 256 0
1586198525197178 131919735117504 emit_end 256 0
1586198544147856 131919735117504 drain_beg 0 0
1586198544151706 131919735117504 drain_end 1 0
1586198544152646 131919735117504 subm_beg 1 0
1586198547769574 131919735117504 subm_end 1 0
1586198547771924 131919735117504 pump_beg 1 0
1586198558317209 131919735117504 pump_end 1 2
1586198560251209 131919735117504 coll_beg 0 0
1586198562966600 131919735117504 coll_end 0 0
1586198564820192 131919735117504 emit_beg 257 0
1586198568491708 131919735117504 emit_end 257 0
1586198568495828 131919735117504 drain_beg 0 0
1586198568496368 131919735117504 drain_end 1 0
1586198568496928 131919735117504 subm_beg 1 0
1586198572045448 131919735117504 subm_end 1 0
1586198572045818 131919735117504 pump_beg 1 0
1586198583887056 131919735117504 pump_end 1 2
1586198586829319 131919735117504 coll_beg 0 0
1586198592436054 131919735117504 coll_end 0 0
1586198594258568 131919735117504 emit_beg 258 0
1586198600039037 131919735117504 emit_end 258 0
1586198617612425 131919735117504 drain_beg 0 0
1586198617614395 131919735117504 drain_end 1 0
1586198617615125 131919735117504 subm_beg 1 0
1586198621234613 131919735117504 subm_end 1 0
1586198621236263 131919735117504 pump_beg 1 0
1586198629771902 131919735117504 pump_end 1 2
1586198631649753 131919735117504 coll_beg 0 0
1586198633397939 131919735117504 coll_end 0 0
1586198635222403 131919735117504 emit_beg 259 0
1586198638803372 131919735117504 emit_end 259 0
1586198638806852 131919735117504 drain_beg 0 0
1586198638807422 131919735117504 drain_end 1 0
1586198638807962 131919735117504 subm_beg 1 0
1586198642417760 131919735117504 subm_end 1 0
1586198642418280 131919735117504 pump_beg 1 0
1586198654434072 131919735117504 pump_end 1 2
1586198656728298 131919735117504 coll_beg 0 0
1586198660789020 131919735117504 coll_end 0 0
1586198662646282 131919735117504 emit_beg 260 0
1586198668188520 131919735117504 emit_end 260 0
1586198686114556 131919735117504 drain_beg 0 0
1586198686115856 131919735117504 drain_end 1 0
1586198686116396 131919735117504 subm_beg 1 0
1586198689775372 131919735117504 subm_end 1 0
1586198689775792 131919735117504 pump_beg 1 0
1586198697940454 131919735117504 pump_end 1 2
1586198699840935 131919735117504 coll_beg 0 0
1586198701036421 131919735117504 coll_end 0 0
1586198702966221 131919735117504 emit_beg 261 0
1586198710241965 131919735117504 emit_end 261 0
1586198710244745 131919735117504 drain_beg 0 0
1586198710245205 131919735117504 drain_end 1 0
1586198710245645 131919735117504 subm_beg 1 0
1586198714928564 131919735117504 subm_end 1 0
1586198714929574 131919735117504 pump_beg 1 0
1586198721732206 131919735117504 pump_end 1 2
1586198724734646 131919735117504 coll_beg 0 0
1586198724764505 131919735117504 coll_end 0 0
1586198728342334 131919735117504 emit_beg 262 0
1586198735509383 131919735117504 emit_end 262 0
1586198748159491 131919735117504 drain_beg 0 0
1586198748160641 131919735117504 drain_end 1 0
1586198748161071 131919735117504 subm_beg 1 0
1586198751767110 131919735117504 subm_end 1 0
1586198751767520 131919735117504 pump_beg 1 0
1586198763020009 131919735117504 pump_end 1 2
1586198765293196 131919735117504 coll_beg 0 0
1586198768823927 131919735117504 coll_end 0 0
1586198770763296 131919735117504 emit_beg 263 0
1586198776200908 131919735117504 emit_end 263 0
1586198776203608 131919735117504 drain_beg 0 0
1586198776204088 131919735117504 drain_end 1 0
1586198776204678 131919735117504 subm_beg 1 0
1586198779725879 131919735117504 subm_end 1 0
1586198779726689 131919735117504 pump_beg 1 0
1586198788004697 131919735117504 pump_end 1 2
1586198790262435 131919735117504 coll_beg 0 0
1586198791536448 131919735117504 coll_end 0 0
1586198793868553 131919735117504 emit_beg 264 0
1586198801056251 131919735117504 emit_end 264 0
1586198813944611 131919735117504 drain_beg 0 0
1586198813945881 131919735117504 drain_end 1 0
1586198813946331 131919735117504 subm_beg 1 0
1586198817512600 131919735117504 subm_end 1 0
1586198817513150 131919735117504 pump_beg 1 0
1586198828590266 131919735117504 pump_end 1 2
1586198830485777 131919735117504 coll_beg 0 0
1586198833250536 131919735117504 coll_end 0 0
1586198835228804 131919735117504 emit_beg 265 0
1586198840954025 131919735117504 emit_end 265 0
1586198840957145 131919735117504 drain_beg 0 0
1586198840957765 131919735117504 drain_end 1 0
1586198840958285 131919735117504 subm_beg 1 0
1586198844666880 131919735117504 subm_end 1 0
1586198844667799 131919735117504 pump_beg 1 0
1586198856470619 131919735117504 pump_end 1 2
1586198860208642 131919735117504 coll_beg 0 0
1586198863294810 131919735117504 coll_end 0 0
1586198866138146 131919735117504 emit_beg 266 0
1586198871967213 131919735117504 emit_end 266 0
1586198871971083 131919735117504 drain_beg 0 0
1586198871971663 131919735117504 drain_end 1 0
1586198871972013 131919735117504 subm_beg 1 0
1586198875650329 131919735117504 subm_end 1 0
1586198875650739 131919735117504 pump_beg 1 0
1586198889224413 131919735117504 pump_end 1 2
1586198892831972 131919735117504 coll_beg 0 0
1586198898128928 131919735117504 coll_end 0 0
1586198900116216 131919735117504 emit_beg 267 0
1586198905851327 131919735117504 emit_end 267 0
1586198905856066 131919735117504 drain_beg 0 0
1586198905856636 131919735117504 drain_end 1 0
1586198905857266 131919735117504 subm_beg 1 0
1586198909600590 131919735117504 subm_end 1 0
1586198909601180 131919735117504 pump_beg 1 0
1586198918993447 131919735117504 pump_end 1 2
1586198921804194 131919735117504 coll_beg 0 0
1586198923889918 131919735117504 coll_end 0 0
1586198927434129 131919735117504 emit_beg 268 0
1586198935020672 131919735117504 emit_end 268 0
1586198935024912 131919735117504 drain_beg 0 0
1586198935025552 131919735117504 drain_end 1 0
1586198935025922 131919735117504 subm_beg 1 0
1586198938777885 131919735117504 subm_end 1 0
1586198938778325 131919735117504 pump_beg 1 0
1586198950611223 131919735117504 pump_end 1 2
1586198953875594 131919735117504 coll_beg 0 0
1586198958210326 131919735117504 coll_end 0 0
1586198960088287 131919735117504 emit_beg 269 0
1586198965931094 131919735117504 emit_end 269 0
1586198965934904 131919735117504 drain_beg 0 0
1586198965935414 131919735117504 drain_end 1 0
1586198965935744 131919735117504 subm_beg 1 0
1586198969678697 131919735117504 subm_end 1 0
1586198969679137 131919735117504 pump_beg 1 0
1586198983949747 131919735117504 pump_end 1 2
1586198986774624 131919735117504 coll_beg 0 0
1586198992277733 131919735117504 coll_end 0 0
1586198994188803 131919735117504 emit_beg 270 0
1586198999990331 131919735117504 emit_end 270 0
1586198999994261 131919735117504 drain_beg 0 0
1586198999995011 131919735117504 drain_end 1 0
1586198999995481 131919735117504 subm_beg 1 0
1586199003611109 131919735117504 subm_end 1 0
1586199003611559 131919735117504 pump_beg 1 0
1586199015829863 131919735117504 pump_end 1 2
1586199018069941 131919735117504 coll_beg 0 0
1586199022337506 131919735117504 coll_end 0 0
1586199024730948 131919735117504 emit_beg 271 0
1586199032289122 131919735117504 emit_end 271 0
1586199032292002 131919735117504 drain_beg 0 0
1586199032292332 131919735117504 drain_end 1 0
1586199032292722 131919735117504 subm_beg 1 0
1586199035956979 131919735117504 subm_end 1 0
1586199035957359 131919735117504 pump_beg 1 0
1586199047087242 131919735117504 pump_end 1 2
1586199049175686 131919735117504 coll_beg 0 0
1586199053675952 131919735117504 coll_end 0 0
1586199057184204 131919735117504 emit_beg 272 0
1586199062907345 131919735117504 emit_end 272 0
1586199062911285 131919735117504 drain_beg 0 0
1586199062911765 131919735117504 drain_end 1 0
1586199062912165 131919735117504 subm_beg 1 0
1586199066658298 131919735117504 subm_end 1 0
1586199066662308 131919735117504 pump_beg 1 0
1586199075632671 131919735117504 pump_end 1 2
1586199078781646 131919735117504 coll_beg 0 0
1586199080124597 131919735117504 coll_end 0 0
1586199082577307 131919735117504 emit_beg 273 0
1586199090143331 131919735117504 emit_end 273 0
1586199090148931 131919735117504 drain_beg 0 0
1586199090149641 131919735117504 drain_end 1 0
1586199090150171 131919735117504 subm_beg 1 0
1586199094067468 131919735117504 subm_end 1 0
1586199094068838 131919735117504 pump_beg 1 0
1586199105205092 131919735117504 pump_end 1 2
1586199108851998 131919735117504 coll_beg 0 0
1586199112236935 131919735117504 coll_end 0 0
1586199115664040 131919735117504 emit_beg 274 0
1586199121495777 131919735117504 emit_end 274 0
1586199121500007 131919735117504 drain_beg 0 0
1586199121500817 131919735117504 drain_end 1 0
1586199121501377 131919735117504 subm_beg 1 0
1586199125202352 131919735117504 subm_end 1 0
1586199125202772 131919735117504 pump_beg 1 0
1586199133922224 131919735117504 pump_end 1 2
1586199136693952 131919735117504 coll_beg 0 0
1586199138823055 131919735117504 coll_end 0 0
1586199140704656 131919735117504 emit_beg 275 0
1586199148246891 131919735117504 emit_end 275 0
1586199163297552 131919735117504 drain_beg 0 0
1586199163298142 131919735117504 drain_end 1 0
1586199163298432 131919735117504 subm_beg 1 0
1586199167106363 131919735117504 subm_end 1 0
1586199167106693 131919735117504 pump_beg 1 0
1586199178331703 131919735117504 pump_end 1 2
1586199180236793 131919735117504 coll_beg 0 0
1586199184776018 131919735117504 coll_end 0 0
1586199186871071 131919735117504 emit_beg 276 0
1586199192608072 131919735117504 emit_end 276 0
1586199192612352 131919735117504 drain_beg 0 0
1586199192612942 131919735117504 drain_end 1 0
1586199192613532 131919735117504 subm_beg 1 0
1586199196332016 131919735117504 subm_end 1 0
1586199196332466 131919735117504 pump_beg 1 0
1586199207529277 131919735117504 pump_end 1 2
1586199209896191 131919735117504 coll_beg 0 0
1586199213422782 131919735117504 coll_end 0 0
1586199215279165 131919735117504 emit_beg 277 0
1586199220709817 131919735117504 emit_end 277 0
1586199237777174 131919735117504 drain_beg 0 0
1586199237778144 131919735117504 drain_end 1 0
1586199237778554 131919735117504 subm_beg 1 0
1586199241331434 131919735117504 subm_end 1 0
1586199241331944 131919735117504 pump_beg 1 0
1586199252783716 131919735117504 pump_end 1 2
1586199254746064 131919735117504 coll_beg 0 0
1586199260213355 131919735117504 coll_end 0 0
1586199262217602 131919735117504 emit_beg 278 0
1586199267712171 131919735117504 emit_end 278 0
1586199267715261 131919735117504 drain_beg 0 0
1586199267715831 131919735117504 drain_end 1 0
1586199267716511 131919735117504 subm_beg 1 0
1586199271244672 131919735117504 subm_end 1 0
1586199271245142 131919735117504 pump_beg 1 0
1586199282217472 131919735117504 pump_end 1 2
1586199284129562 131919735117504 coll_beg 0 0
1586199287996241 131919735117504 coll_end 0 0
1586199289962159 131919735117504 emit_beg 279 0
1586199295516987 131919735117504 emit_end 279 0
1586199295519426 131919735117504 drain_beg 0 0
1586199295519756 131919735117504 drain_end 1 0
1586199295520036 131919735117504 subm_beg 1 0
1586199299096746 131919735117504 subm_end 1 0
1586199299097186 131919735117504 pump_beg 1 0
1586199310244079 131919735117504 pump_end 1 2
1586199312075032 131919735117504 coll_beg 0 0
1586199315577724 131919735117504 coll_end 0 0
1586199319256830 131919735117504 emit_beg 280 0
1586199324766109 131919735117504 emit_end 280 0
1586199324768859 131919735117504 drain_beg 0 0
1586199324769599 131919735117504 drain_end 1 0
1586199324770079 131919735117504 subm_beg 1 0
1586199328287241 131919735117504 subm_end 1 0
1586199328287711 131919735117504 pump_beg 1 0
1586199336695444 131919735117504 pump_end 1 2
1586199339307778 131919735117504 coll_beg 0 0
1586199340632900 131919735117504 coll_end 0 0
1586199342905557 131919735117504 emit_beg 281 0
1586199350197101 131919735117504 emit_end 281 0
1586199364476870 131919735117504 drain_beg 0 0
1586199364477660 131919735117504 drain_end 1 0
1586199364478000 131919735117504 subm_beg 1 0
1586199368074649 131919735117504 subm_end 1 0
1586199368075079 131919735117504 pump_beg 1 0
1586199377966248 131919735117504 pump_end 1 2
1586199379748093 131919735117504 coll_beg 0 0
1586199382531681 131919735117504 coll_end 0 0
1586199384440071 131919735117504 emit_beg 282 0
1586199388146706 131919735117504 emit_end 282 0
1586199388149496 131919735117504 drain_beg 0 0
1586199388150086 131919735117504 drain_end 1 0
1586199388150816 131919735117504 subm_beg 1 0
1586199391818282 131919735117504 subm_end 1 0
1586199391818662 131919735117504 pump_beg 1 0
1586199403433368 131919735117504 pump_end 1 2
1586199405587000 131919735117504 coll_beg 0 0
1586199409651071 131919735117504 coll_end 0 0
1586199411489174 131919735117504 emit_beg 283 0
1586199418758959 131919735117504 emit_end 283 0
1586199418762349 131919735117504 drain_beg 0 0
1586199418762799 131919735117504 drain_end 1 0
1586199418763059 131919735117504 subm_beg 1 0
1586199422209553 131919735117504 subm_end 1 0
1586199422210243 131919735117504 pump_beg 1 0
1586199433397115 131919735117504 pump_end 1 2
1586199435273746 131919735117504 coll_beg 0 0
1586199440479636 131919735117504 coll_end 0 0
1586199442373467 131919735117504 emit_beg 284 0
1586199447897576 131919735117504 emit_end 284 0
1586199463395870 131919735117504 drain_beg 0 0
1586199463396840 131919735117504 drain_end 1 0
1586199463397330 131919735117504 subm_beg 1 0
1586199466947051 131919735117504 subm_end 1 0
1586199466947660 131919735117504 pump_beg 1 0
1586199478945753 131919735117504 pump_end 1 2
1586199481165842 131919735117504 coll_beg 0 0
1586199485771754 131919735117504 coll_end 0 0
1586199487824229 131919735117504 emit_beg 285 0
1586199493534250 131919735117504 emit_end 285 0
1586199493537030 131919735117504 drain_beg 0 0
1586199493537590 131919735117504 drain_end 1 0
1586199493538060 131919735117504 subm_beg 1 0
1586199496932886 131919735117504 subm_end 1 0
1586199496933576 131919735117504 pump_beg 1 0
1586199509119602 131919735117504 pump_end 1 2
1586199511490125 131919735117504 coll_beg 0 0
1586199518761290 131919735117504 coll_end 0 0
1586199520705779 131919735117504 emit_beg 286 0
1586199526303074 131919735117504 emit_end 286 0
1586199526308114 131919735117504 drain_beg 0 0
1586199526309064 131919735117504 drain_end 1 0
1586199526309804 131919735117504 subm_beg 1 0
1586199529955741 131919735117504 subm_end 1 0
1586199529956411 131919735117504 pump_beg 1 0
1586199540606392 131919735117504 pump_end 1 2
1586199542852681 131919735117504 coll_beg 0 0
1586199545231934 131919735117504 coll_end 0 0
1586199548715717 131919735117504 emit_beg 287 0
1586199555899754 131919735117504 emit_end 287 0
1586199555904474 131919735117504 drain_beg 0 0
1586199555905094 131919735117504 drain_end 1 0
1586199555905614 131919735117504 subm_beg 1 0
1586199559661737 131919735117504 subm_end 1 0
1586199559662337 131919735117504 pump_beg 1 0
1586199568906690 131919735117504 pump_end 1 2
1586199571939949 131919735117504 coll_beg 0 0
1586199574793935 131919735117504 coll_end 0 0
1586199577965929 131919735117504 emit_beg 288 0
1586199583338243 131919735117504 emit_end 288 0
1586199583342713 131919735117504 drain_beg 0 0
1586199583343503 131919735117504 drain_end 1 0
1586199583344143 131919735117504 subm_beg 1 0
1586199586880934 131919735117504 subm_end 1 0
1586199586881334 131919735117504 pump_beg 1 0
1586199597486067 131919735117504 pump_end 1 2
1586199600819075 131919735117504 coll_beg 0 0
1586199604619156 131919735117504 coll_end 0 0
1586199606683791 131919735117504 emit_beg 289 0
1586199612508149 131919735117504 emit_end 289 0
1586199629067424 131919735117504 drain_beg 0 0
1586199629069434 131919735117504 drain_end 1 0
1586199629070264 131919735117504 subm_beg 1 0
1586199632821537 131919735117504 subm_end 1 0
1586199632823097 131919735117504 pump_beg 1 0
1586199643245867 131919735117504 pump_end 1 2
1586199645293842 131919735117504 coll_beg 0 0
1586199648708108 131919735117504 coll_end 0 0
1586199650790661 131919735117504 emit_beg 290 0
1586199656444145 131919735117504 emit_end 290 0
1586199656447565 131919735117504 drain_beg 0 0
1586199656448105 131919735117504 drain_end 1 0
1586199656448435 131919735117504 subm_beg 1 0
1586199660181039 131919735117504 subm_end 1 0
1586199660181609 131919735117504 pump_beg 1 0
1586199668627581 131919735117504 pump_end 1 2
1586199670916857 131919735117504 coll_beg 0 0
1586199673009251 131919735117504 coll_end 0 0
1586199674935500 131919735117504 emit_beg 291 0
1586199682417147 131919735117504 emit_end 291 0
1586199682420147 131919735117504 drain_beg 0 0
1586199682420567 131919735117504 drain_end 1 0
1586199682420887 131919735117504 subm_beg 1 0
1586199686232378 131919735117504 subm_end 1 0
1586199686232988 131919735117504 pump_beg 1 0
1586199697532036 131919735117504 pump_end 1 2
1586199700232907 131919735117504 coll_beg 0 0
1586199704423124 131919735117504 coll_end 0 0
1586199706285566 131919735117504 emit_beg 292 0
1586199711974599 131919735117504 emit_end 292 0
1586199711977079 131919735117504 drain_beg 0 0
1586199711981098 131919735117504 drain_end 1 0
1586199711981378 131919735117504 subm_beg 1 0
1586199715719802 131919735117504 subm_end 1 0
1586199715720172 131919735117504 pump_beg 1 0
1586199726612325 131919735117504 pump_end 1 2
1586199728749747 131919735117504 coll_beg 0 0
1586199733199264 131919735117504 coll_end 0 0
1586199735221840 131919735117504 emit_beg 293 0
1586199740865774 131919735117504 emit_end 293 0
1586199740868764 131919735117504 drain_beg 0 0
1586199740869364 131919735117504 drain_end 1 0
1586199740869824 131919735117504 subm_beg 1 0
1586199744601908 131919735117504 subm_end 1 0
1586199744602418 131919735117504 pump_beg 1 0
1586199757179219 131919735117504 pump_end 1 2
1586199759997366 131919735117504 coll_beg 0 0
1586199764596818 131919735117504 coll_end 0 0
1586199766537028 131919735117504 emit_beg 294 0
1586199772337636 131919735117504 emit_end 294 0
1586199772341796 131919735117504 drain_beg 0 0
1586199772342666 131919735117504 drain_end 1 0
1586199772343246 131919735117504 subm_beg 1 0
1586199776034471 131919735117504 subm_end 1 0
1586199776034961 131919735117504 pump_beg 1 0
1586199785793785 131919735117504 pump_end 1 2
1586199788598913 131919735117504 coll_beg 0 0
1586199791696109 131919735117504 coll_end 0 0
1586199794302354 131919735117504 emit_beg 295 0
1586199801903057 131919735117504 emit_end 295 0
1586199815981503 131919735117504 drain_beg 0 0
1586199815983233 131919735117504 drain_end 1 0
1586199815983973 131919735117504 subm_beg 1 0
1586199819775995 131919735117504 subm_end 1 0
1586199819776515 131919735117504 pump_beg 1 0
1586199829842917 131919735117504 pump_end 1 2
1586199831729559 131919735117504 coll_beg 0 0
1586199835091736 131919735117504 coll_end 0 0
1586199837114172 131919735117504 emit_beg 296 0
1586199842693648 131919735117504 emit_end 296 0
1586199842698338 131919735117504 drain_beg 0 0
1586199842698928 131919735117504 drain_end 1 0
1586199842699748 131919735117504 subm_beg 1 0
1586199846411323 131919735117504 subm_end 1 0
1586199846411673 131919735117504 pump_beg 1 0
1586199858725553 131919735117504 pump_end 1 2
1586199860812667 131919735117504 coll_beg 0 0
1586199865400440 131919735117504 coll_end 0 0
1586199867372658 131919735117504 emit_beg 297 0
1586199876819143 131919735117504 emit_end 297 0
1586199876823493 131919735117504 drain_beg 0 0
1586199876824213 131919735117504 drain_end 1 0
1586199876824773 131919735117504 subm_beg 1 0
1586199878702854 131919735117504 subm_end 1 0
1586199878703364 131919735117504 pump_beg 1 0
1586199887609369 131919735117504 pump_end 1 2
1586199891207728 131919735117504 coll_beg 0 0
1586199892965124 131919735117504 coll_end 0 0
1586199894992710 131919735117504 emit_beg 298 0
1586199902458417 131919735117504 emit_end 298 0
1586199902461097 131919735117504 drain_beg 0 0
1586199902461597 131919735117504 drain_end 1 0
1586199902461897 131919735117504 subm_beg 1 0
1586199906210650 131919735117504 subm_end 1 0
1586199906211020 131919735117504 pump_beg 1 0
1586199913096599 131919735117504 pump_end 1 2
1586199915228341 131919735117504 coll_beg 0 0
1586199915243291 131919735117504 coll_end 0 0
1586199918979044 131919735117504 emit_beg 299 0
1586199926462121 131919735117504 emit_end 299 0
1586199939825824 131919735117504 drain_beg 0 0
1586199939826464 131919735117504 drain_end 1 0
1586199939826734 131919735117504 subm_beg 1 0
1586199941714655 131919735117504 subm_end 1 0
1586199941715035 131919735117504 pump_beg 1 0
1586199948703050 131919735117504 pump_end 1 2
1586199951710710 131919735117504 coll_beg 0 0
1586199952034988 131919735117504 coll_end 0 0
1586199953939859 131919735117504 emit_beg 300 0
1586199959542744 131919735117504 emit_end 300 0
1586199959545174 131919735117504 drain_beg 0 0
1586199959545644 131919735117504 drain_end 1 0
1586199959546174 131919735117504 subm_beg 1 0
1586199963327936 131919735117504 subm_end 1 0
1586199963328396 131919735117504 pump_beg 1 0
1586199971584185 131919735117504 pump_end 1 2
1586199974843396 131919735117504 coll_beg 0 0
1586199976376430 131919735117504 coll_end 0 0
1586199978740194 131919735117504 emit_beg 301 0
1586199985868903 131919735117504 emit_end 301 0
1586199985871943 131919735117504 drain_beg 0 0
1586199985872433 131919735117504 drain_end 1 0
1586199985872993 131919735117504 subm_beg 1 0
1586199989436763 131919735117504 subm_end 1 0
1586199989437223 131919735117504 pump_beg 1 0
1586200000824008 131919735117504 pump_end 1 2
1586200002841044 131919735117504 coll_beg 0 0
1586200006374655 131919735117504 coll_end 0 0
1586200008202048 131919735117504 emit_beg 302 0
1586200015245411 131919735117504 emit_end 302 0
1586200015248221 131919735117504 drain_beg 0 0
1586200015248701 131919735117504 drain_end 1 0
1586200015249191 131919735117504 subm_beg 1 0
1586200018764813 131919735117504 subm_end 1 0
1586200018765283 131919735117504 pump_beg 1 0
1586200030682768 131919735117504 pump_end 1 2
1586200032745713 131919735117504 coll_beg 0 0
1586200037822418 131919735117504 coll_end 0 0
1586200039650371 131919735117504 emit_beg 303 0
1586200046794720 131919735117504 emit_end 303 0
1586200046797310 131919735117504 drain_beg 0 0
1586200046797930 131919735117504 drain_end 1 0
1586200046798530 131919735117504 subm_beg 1 0
1586200050344861 131919735117504 subm_end 1 0
1586200050345321 131919735117504 pump_beg 1 0
1586200062525946 131919735117504 pump_end 1 2
1586200064364189 131919735117504 coll_beg 0 0
1586200068067554 131919735117504 coll_end 0 0
1586200071491579 131919735117504 emit_beg 304 0
1586200075157865 131919735117504 emit_end 304 0
1586200075160525 131919735117504 drain_beg 0 0
1586200075161155 131919735117504 drain_end 1 0
1586200075161785 131919735117504 subm_beg 1 0
1586200078711845 131919735117504 subm_end 1 0
1586200078712195 131919735117504 pump_beg 1 0
1586200090320572 131919735117504 pump_end 1 2
1586200093347511 131919735117504 coll_beg 0 0
1586200098018531 131919735117504 coll_end 0 0
1586200101564251 131919735117504 emit_beg 305 0
1586200107059471 131919735117504 emit_end 305 0
1586200107064411 131919735117504 drain_beg 0 0
1586200107065171 131919735117504 drain_end 1 0
1586200107065901 131919735117504 subm_beg 1 0
1586200110510545 131919735117504 subm_end 1 0
1586200110511105 131919735117504 pump_beg 1 0
1586200120176472 131919735117504 pump_end 1 2
1586200130051582 131919735117504 coll_beg 0 0
1586200131910464 131919735117504 coll_end 0 0
1586200142462899 131919735117504 emit_beg 306 0
1586200160807099 131919735117504 emit_end 306 0
1586200160811259 131919735117504 drain_beg 0 0
1586200160811819 131919735117504 drain_end 1 0
1586200160812339 131919735117504 subm_beg 1 0
1586200165516638 131919735117504 subm_end 1 0
1586200165517068 131919735117504 pump_beg 1 0
1586200176720199 131919735117504 pump_end 1 2
1586200179443959 131919735117504 coll_beg 0 0
1586200181901700 131919735117504 coll_end 0 0
1586200185195019 131919735117504 emit_beg 307 0
1586200195401117 131919735117504 emit_end 307 0
1586200195404277 131919735117504 drain_beg 0 0
1586200195404917 131919735117504 drain_end 1 0
1586200195405517 131919735117504 subm_beg 1 0
1586200200319268 131919735117504 subm_end 1 0
1586200200319768 131919735117504 pump_beg 1 0
1586200211205630 131919735117504 pump_end 1 2
1586200214314107 131919735117504 coll_beg 0 0
1586200217181142 131919735117504 coll_end 0 0
1586200220407154 131919735117504 emit_beg 308 0
1586200230836274 131919735117504 emit_end 308 0
1586200247538844 131919735117504 drain_beg 0 0
1586200247541044 131919735117504 drain_end 1 0
1586200247541994 131919735117504 subm_beg 1 0
1586200251225830 131919735117504 subm_end 1 0
1586200251227540 131919735117504 pump_beg 1 0
1586200261187566 131919735117504 pump_end 1 2
1586200263072187 131919735117504 coll_beg 0 0
1586200267098201 131919735117504 coll_end 0 0
1586200268913694 131919735117504 emit_beg 309 0
1586200274426353 131919735117504 emit_end 309 0
1586200274429473 131919735117504 drain_beg 0 0
1586200274429793 131919735117504 drain_end 1 0
1586200274430133 131919735117504 subm_beg 1 0
1586200277907896 131919735117504 subm_end 1 0
1586200277908306 131919735117504 pump_beg 1 0
1586200292068819 131919735117504 pump_end 1 2
1586200293849724 131919735117504 coll_beg 0 0
1586200302386873 131919735117504 coll_end 0 0
1586200304230795 131919735117504 emit_beg 310 0
1586200309845221 131919735117504 emit_end 310 0
1586200309849041 131919735117504 drain_beg 0 0
1586200309849601 131919735117504 drain_end 1 0
1586200309850140 131919735117504 subm_beg 1 0
1586200316224828 131919735117504 subm_end 1 0
1586200316225228 131919735117504 pump_beg 1 0
1586200323258281 131919735117504 pump_end 1 2
1586200326628158 131919735117504 coll_beg 0 0
1586200326686646 131919735117504 coll_end 0 0
1586200330216567 131919735117504 emit_beg 311 0
1586200337493722 131919735117504 emit_end 311 0
1586200348702593 131919735117504 drain_beg 0 0
1586200348703583 131919735117504 drain_end 1 0
1586200348703923 131919735117504 subm_beg 1 0
1586200352315511 131919735117504 subm_end 1 0
1586200352316131 131919735117504 pump_beg 1 0
1586200360250601 131919735117504 pump_end 1 2
1586200362056495 131919735117504 coll_beg 0 0
1586200363187084 131919735117504 coll_end 0 0
1586200364986308 131919735117504 emit_beg 312 0
1586200370410350 131919735117504 emit_end 312 0
1586200370413190 131919735117504 drain_beg 0 0
1586200370413700 131919735117504 drain_end 1 0
1586200370414210 131919735117504 subm_beg 1 0
1586200373900443 131919735117504 subm_end 1 0
1586200373901013 131919735117504 pump_beg 1 0
1586200386207014 131919735117504 pump_end 1 2
1586200388064686 131919735117504 coll_beg 0 0
1586200393921282 131919735117504 coll_end 0 0
1586200395804344 131919735117504 emit_beg 313 0
1586200401474837 131919735117504 emit_end 313 0
1586200401479667 131919735117504 drain_beg 0 0
1586200401480247 131919735117504 drain_end 1 0
1586200401480787 131919735117504 subm_beg 1 0
1586200405056426 131919735117504 subm_end 1 0
1586200405056956 131919735117504 pump_beg 1 0
1586200415154807 131919735117504 pump_end 1 2
1586200417716854 131919735117504 coll_beg 0 0
1586200420473463 131919735117504 coll_end 0 0
1586200423669167 131919735117504 emit_beg 314 0
1586200430932232 131919735117504 emit_end 314 0
1586200430934762 131919735117504 drain_beg 0 0
1586200430935232 131919735117504 drain_end 1 0
1586200430935642 131919735117504 subm_beg 1 0
1586200434619277 131919735117504 subm_end 1 0
1586200434619677 131919735117504 pump_beg 1 0
1586200447347083 131919735117504 pump_end 1 2
1586200449214825 131919735117504 coll_beg 0 0
1586200453765938 131919735117504 coll_end 0 0
1586200455705058 131919735117504 emit_beg 315 0
1586200461358331 131919735117504 emit_end 315 0
1586200461362451 131919735117504 drain_beg 0 0
1586200461363141 131919735117504 drain_end 1 0
1586200461363821 131919735117504 subm_beg 1 0
1586200465000718 131919735117504 subm_end 1 0
1586200465001128 131919735117504 pump_beg 1 0
1586200477130016 131919735117504 pump_end 1 2
1586200480577240 131919735117504 coll_beg 0 0
1586200486830522 131919735117504 coll_end 0 0
1586200488752832 131919735117504 emit_beg 316 0
1586200494386926 131919735117504 emit_end 316 0
1586200494389726 131919735117504 drain_beg 0 0
1586200494390246 131919735117504 drain_end 1 0
1586200494390536 131919735117504 subm_beg 1 0
1586200498005264 131919735117504 subm_end 1 0
1586200498005654 131919735117504 pump_beg 1 0
1586200507905233 131919735117504 pump_end 1 2
1586200510419121 131919735117504 coll_beg 0 0
1586200512900581 131919735117504 coll_end 0 0
1586200516348895 131919735117504 emit_beg 317 0
1586200523874000 131919735117504 emit_end 317 0
1586200523877080 131919735117504 drain_beg 0 0
1586200523877550 131919735117504 drain_end 1 0
1586200523877980 131919735117504 subm_beg 1 0
1586200527493768 131919735117504 subm_end 1 0
1586200527494158 131919735117504 pump_beg 1 0
1586200540459325 131919735117504 pump_end 1 2
1586200543311131 131919735117504 coll_beg 0 0
1586200548336477 131919735117504 coll_end 0 0
1586200550246898 131919735117504 emit_beg 318 0
1586200555954099 131919735117504 emit_end 318 0
1586200555957419 131919735117504 drain_beg 0 0
1586200555958069 131919735117504 drain_end 1 0
1586200555958589 131919735117504 subm_beg 1 0
1586200559540408 131919735117504 subm_end 1 0
1586200559546538 131919735117504 pump_beg 1 0
1586200571500862 131919735117504 pump_end 1 2
1586200573958082 131919735117504 coll_beg 0 0
1586200577663827 131919735117504 coll_end 0 0
1586200579584117 131919735117504 emit_beg 319 0
1586200586905390 131919735117504 emit_end 319 0
1586200605645936 131919735117504 drain_beg 0 0
1586200605646776 131919735117504 drain_end 1 0
1586200605647066 131919735117504 subm_beg 1 0
1586200609345681 131919735117504 subm_end 1 0
1586200609346081 131919735117504 pump_beg 1 0
1586200619873047 131919735117504 pump_end 1 2
1586200621728159 131919735117504 coll_beg 0 0
1586200624753549 131919735117504 coll_end 0 0
1586200626620581 131919735117504 emit_beg 320 0
1586200632273654 131919735117504 emit_end 320 0
1586200632276344 131919735117504 drain_beg 0 0
1586200632276994 131919735117504 drain_end 1 0
1586200632277474 131919735117504 subm_beg 1 0
1586200635951020 131919735117504 subm_end 1 0
1586200635951420 131919735117504 pump_beg 1 0
1586200647655183 131919735117504 pump_end 1 2
1586200651113087 131919735117504 coll_beg 0 0
1586200654699806 131919735117504 coll_end 0 0
1586200656709383 131919735117504 emit_beg 321 0
1586200664066434 131919735117504 emit_end 321 0
1586200664069644 131919735117504 drain_beg 0 0
1586200664070614 131919735117504 drain_end 1 0
1586200664071244 131919735117504 subm_beg 1 0
1586200667597045 131919735117504 subm_end 1 0
1586200667597815 131919735117504 pump_beg 1 0
1586200678410781 131919735117504 pump_end 1 2
1586200680664138 131919735117504 coll_beg 0 0
1586200683801354 131919735117504 coll_end 0 0
1586200685672916 131919735117504 emit_beg 322 0
1586200693152913 131919735117504 emit_end 322 0
1586200693156122 131919735117504 drain_beg 0 0
1586200693156702 131919735117504 drain_end 1 0
1586200693157152 131919735117504 subm_beg 1 0
1586200696731282 131919735117504 subm_end 1 0
1586200696731832 131919735117504 pump_beg 1 0
1586200704912243 131919735117504 pump_end 1 2
1586200707348814 131919735117504 coll_beg 0 0
1586200708405526 131919735117504 coll_end 0 0
1586200711032900 131919735117504 emit_beg 323 0
1586200718402731 131919735117504 emit_end 323 0
1586200732331483 131919735117504 drain_beg 0 0
1586200732333423 131919735117504 drain_end 1 0
1586200732334153 131919735117504 subm_beg 1 0
1586200735955911 131919735117504 subm_end 1 0
1586200735956421 131919735117504 pump_beg 1 0
1586200745711944 131919735117504 pump_end 1 2
1586200748642958 131919735117504 coll_beg 0 0
1586200750846667 131919735117504 coll_end 0 0
1586200752680010 131919735117504 emit_beg 324 0
1586200756472102 131919735117504 emit_end 324 0
1586200756475782 131919735117504 drain_beg 0 0
1586200756476512 131919735117504 drain_end 1 0
1586200756477042 131919735117504 subm_beg 1 0
1586200760215425 131919735117504 subm_end 1 0
1586200760215805 131919735117504 pump_beg 1 0
1586200767589546 131919735117504 pump_end 1 2
1586200769457548 131919735117504 coll_beg 0 0
1586200769952820 131919735117504 coll_end 0 0
1586200773217871 131919735117504 emit_beg 325 0
1586200780563473 131919735117504 emit_end 325 0
1586200796283729 131919735117504 drain_beg 0 0
1586200796285719 131919735117504 drain_end 1 0
1586200796286469 131919735117504 subm_beg 1 0
1586200801736560 131919735117504 subm_end 1 0
1586200801737420 131919735117504 pump_beg 1 0
1586200811216114 131919735117504 pump_end 1 2
1586200813082136 131919735117504 coll_beg 0 0
1586200815325144 131919735117504 coll_end 0 0
1586200817143398 131919735117504 emit_beg 326 0
1586200822704155 131919735117504 emit_end 326 0
1586200822707675 131919735117504 drain_beg 0 0
1586200822708235 131919735117504 drain_end 1 0
1586200822708835 131919735117504 subm_beg 1 0
1586200826282014 131919735117504 subm_end 1 0
1586200826282504 131919735117504 pump_beg 1 0
1586200837557493 131919735117504 pump_end 1 2
1586200841035066 131919735117504 coll_beg 0 0
1586200844593826 131919735117504 coll_end 0 0
1586200846408020 131919735117504 emit_beg 327 0
1586200851819002 131919735117504 emit_end 327 0
1586200851821972 131919735117504 drain_beg 0 0
1586200851822532 131919735117504 drain_end 1 0
1586200851831702 131919735117504 subm_beg 1 0
1586200855347124 131919735117504 subm_end 1 0
1586200855347504 131919735117504 pump_beg 1 0
1586200867929534 131919735117504 pump_end 1 2
1586200870812529 131919735117504 coll_beg 0 0
1586200875834236 131919735117504 coll_end 0 0
1586200877813904 131919735117504 emit_beg 328 0
1586200883473787 131919735117504 emit_end 328 0
1586200883482687 131919735117504 drain_beg 0 0
1586200883483847 131919735117504 drain_end 1 0
1586200883485197 131919735117504 subm_beg 1 0
1586200886916782 131919735117504 subm_end 1 0
1586200886919181 131919735117504 pump_beg 1 0
1586200898548167 131919735117504 pump_end 1 2
1586200900922850 131919735117504 coll_beg 0 0
1586200905175335 131919735117504 coll_end 0 0
1586200907050087 131919735117504 emit_beg 329 0
1586200912544486 131919735117504 emit_end 329 0
1586200912549776 131919735117504 drain_beg 0 0
1586200912550466 131919735117504 drain_end 1 0
1586200912551006 131919735117504 subm_beg 1 0
1586200916059188 131919735117504 subm_end 1 0
1586200916059748 131919735117504 pump_beg 1 0
1586200927884346 131919735117504 pump_end 1 2
1586200929701040 131919735117504 coll_beg 0 0
1586200935600015 131919735117504 coll_end 0 0
1586200937444468 131919735117504 emit_beg 330 0
1586200942880779 131919735117504 emit_end 330 0
1586200942883699 131919735117504 drain_beg 0 0
1586200942884049 131919735117504 drain_end 1 0
1586200942884319 131919735117504 subm_beg 1 0
1586200946439549 131919735117504 subm_end 1 0
1586200946440059 131919735117504 pump_beg 1 0
1586200958885935 131919735117504 pump_end 1 2
1586200962426536 131919735117504 coll_beg 0 0
1586200967792320 131919735117504 coll_end 0 0
1586200969611564 131919735117504 emit_beg 331 0
1586200975415292 131919735117504 emit_end 331 0
1586200975420772 131919735117504 drain_beg 0 0
1586200975421532 131919735117504 drain_end 1 0
1586200975422282 131919735117504 subm_beg 1 0
1586200978652664 131919735117504 subm_end 1 0
1586200978653614 131919735117504 pump_beg 1 0
1586200989983930 131919735117504 pump_end 1 2
1586200992873655 131919735117504 coll_beg 0 0
1586200996621668 131919735117504 coll_end 0 0
1586200998446901 131919735117504 emit_beg 332 0
1586201003823595 131919735117504 emit_end 332 0
1586201003827745 131919735117504 drain_beg 0 0
1586201003828545 131919735117504 drain_end 1 0
1586201003829105 131919735117504 subm_beg 1 0
1586201007371776 131919735117504 subm_end 1 0
1586201007372236 131919735117504 pump_beg 1 0
1586201019668207 131919735117504 pump_end 1 2
1586201021729072 131919735117504 coll_beg 0 0
1586201027374076 131919735117504 coll_end 0 0
1586201029200849 131919735117504 emit_beg 333 0
1586201034787475 131919735117504 emit_end 333 0
1586201034791555 131919735117504 drain_beg 0 0
1586201034792125 131919735117504 drain_end 1 0
1586201034792495 131919735117504 subm_beg 1 0
1586201038293637 131919735117504 subm_end 1 0
1586201038294117 131919735117504 pump_beg 1 0
1586201049781978 131919735117504 pump_end 1 2
1586201052359604 131919735117504 coll_beg 0 0
1586201059115897 131919735117504 coll_end 0 0
1586201060966980 131919735117504 emit_beg 334 0
1586201066408881 131919735117504 emit_end 334 0
1586201066411281 131919735117504 drain_beg 0 0
1586201066411721 131919735117504 drain_end 1 0
1586201066412051 131919735117504 subm_beg 1 0
1586201069959292 131919735117504 subm_end 1 0
1586201069959652 131919735117504 pump_beg 1 0
1586201081147053 131919735117504 pump_end 1 2
1586201083103112 131919735117504 coll_beg 0 0
1586201086574825 131919735117504 coll_end 0 0
1586201088442607 131919735117504 emit_beg 335 0
1586201093816951 131919735117504 emit_end 335 0
1586201093819561 131919735117504 drain_beg 0 0
1586201093820141 131919735117504 drain_end 1 0
1586201093820631 131919735117504 subm_beg 1 0
1586201097524876 131919735117504 subm_end 1 0
1586201097527186 131919735117504 pump_beg 1 0
1586201109492849 131919735117504 pump_end 1 2
1586201112812118 131919735117504 coll_beg 0 0
1586201117022784 131919735117504 coll_end 0 0
1586201118989392 131919735117504 emit_beg 336 0
1586201124454283 131919735117504 emit_end 336 0
1586201142296492 131919735117504 drain_beg 0 0
1586201142297412 131919735117504 drain_end 1 0
1586201142297732 131919735117504 subm_beg 1 0
1586201145818613 131919735117504 subm_end 1 0
1586201145819283 131919735117504 pump_beg 1 0
1586201156936068 131919735117504 pump_end 1 2
1586201158897706 131919735117504 coll_beg 0 0
1586201162215995 131919735117504 coll_end 0 0
1586201164101026 131919735117504 emit_beg 337 0
1586201169856276 131919735117504 emit_end 337 0
1586201169861246 131919735117504 drain_beg 0 0
1586201169861916 131919735117504 drain_end 1 0
1586201169862466 131919735117504 subm_beg 1 0
1586201173390387 131919735117504 subm_end 1 0
1586201173391267 131919735117504 pump_beg 1 0
1586201185140638 131919735117504 pump_end 1 2
1586201187005920 131919735117504 coll_beg 0 0
1586201191049713 131919735117504 coll_end 0 0
1586201193159576 131919735117504 emit_beg 338 0
1586201198993383 131919735117504 emit_end 338 0
1586201198996653 131919735117504 drain_beg 0 0
1586201198997173 131919735117504 drain_end 1 0
1586201198997503 131919735117504 subm_beg 1 0
1586201202637210 131919735117504 subm_end 1 0
1586201202637860 131919735117504 pump_beg 1 0
1586201212935174 131919735117504 pump_end 1 2
1586201215489941 131919735117504 coll_beg 0 0
1586201218208302 131919735117504 coll_end 0 0
1586201221498192 131919735117504 emit_beg 339 0
1586201228856283 131919735117504 emit_end 339 0
1586201228859823 131919735117504 drain_beg 0 0
1586201228860503 131919735117504 drain_end 1 0
1586201228860993 131919735117504 subm_beg 1 0
1586201232510140 131919735117504 subm_end 1 0
1586201232510600 131919735117504 pump_beg 1 0
1586201242713967 131919735117504 pump_end 1 2
1586201244568960 131919735117504 coll_beg 0 0
1586201247296360 131919735117504 coll_end 0 0
1586201250246792 131919735117504 emit_beg 340 0
1586201254004465 131919735117504 emit_end 340 0
1586201254007155 131919735117504 drain_beg 0 0
1586201254007695 131919735117504 drain_end 1 0
1586201254008135 131919735117504 subm_beg 1 0
1586201257789667 131919735117504 subm_end 1 0
1586201257790017 131919735117504 pump_beg 1 0
1586201269865997 131919735117504 pump_end 1 2
1586201272219931 131919735117504 coll_beg 0 0
1586201276353660 131919735117504 coll_end 0 0
1586201278264950 131919735117504 emit_beg 341 0
1586201283926823 131919735117504 emit_end 341 0
1586201301777572 131919735117504 drain_beg 0 0
1586201301778382 131919735117504 drain_end 1 0
1586201301778792 131919735117504 subm_beg 1 0
1586201305597743 131919735117504 subm_end 1 0
1586201305598273 131919735117504 pump_beg 1 0
1586201317948782 131919735117504 pump_end 1 2
1586201320099403 131919735117504 coll_beg 0 0
1586201324435155 131919735117504 coll_end 0 0
1586201326543788 131919735117504 emit_beg 342 0
1586201332316628 131919735117504 emit_end 342 0
1586201332319437 131919735117504 drain_beg 0 0
1586201332319807 131919735117504 drain_end 1 0
1586201332320047 131919735117504 subm_beg 1 0
1586201336000353 131919735117504 subm_end 1 0
1586201336000753 131919735117504 pump_beg 1 0
1586201347458545 131919735117504 pump_end 1 2
1586201350141047 131919735117504 coll_beg 0 0
1586201353671728 131919735117504 coll_end 0 0
1586201355559929 131919735117504 emit_beg 343 0
1586201363131313 131919735117504 emit_end 343 0
1586201363135673 131919735117504 drain_beg 0 0
1586201363136233 131919735117504 drain_end 1 0
1586201363136823 131919735117504 subm_beg 1 0
1586201366830638 131919735117504 subm_end 1 0
1586201366831178 131919735117504 pump_beg 1 0
1586201375422204 131919735117504 pump_end 1 2
1586201377714361 131919735117504 coll_beg 0 0
1586201379040982 131919735117504 coll_end 0 0
1586201381491423 131919735117504 emit_beg 344 0
1586201389052637 131919735117504 emit_end 344 0
1586201389056337 131919735117504 drain_beg 0 0
1586201389057127 131919735117504 drain_end 1 0
1586201389057647 131919735117504 subm_beg 1 0
1586201392772611 131919735117504 subm_end 1 0
1586201392773101 131919735117504 pump_beg 1 0
1586201405682660 131919735117504 pump_end 1 2
1586201408593894 131919735117504 coll_beg 0 0
1586201415134845 131919735117504 coll_end 0 0
1586201416993417 131919735117504 emit_beg 345 0
1586201420870516 131919735117504 emit_end 345 0
1586201420873606 131919735117504 drain_beg 0 0
1586201420874086 131919735117504 drain_end 1 0
1586201420874546 131919735117504 subm_beg 1 0
1586201424610909 131919735117504 subm_end 1 0
1586201424611289 131919735117504 pump_beg 1 0
1586201436125809 131919735117504 pump_end 1 2
1586201439162268 131919735117504 coll_beg 0 0
1586201442913931 131919735117504 coll_end 0 0
1586201444835631 131919735117504 emit_beg 346 0
1586201452374326 131919735117504 emit_end 346 0
1586201470571152 131919735117504 drain_beg 0 0
1586201470573312 131919735117504 drain_end 1 0
1586201470574092 131919735117504 subm_beg 1 0
1586201474376403 131919735117504 subm_end 1 0
1586201474378163 131919735117504 pump_beg 1 0
1586201485552755 131919735117504 pump_end 1 2
1586201487516284 131919735117504 coll_beg 0 0
1586201490861942 131919735117504 coll_end 0 0
1586201492813380 131919735117504 emit_beg 347 0
1586201498731985 131919735117504 emit_end 347 0
1586201498736444 131919735117504 drain_beg 0 0
1586201498737124 131919735117504 drain_end 1 0
1586201498737894 131919735117504 subm_beg 1 0
1586201502514066 131919735117504 subm_end 1 0
1586201502514496 131919735117504 pump_beg 1 0
1586201514559287 131919735117504 pump_end 1 2
1586201517813488 131919735117504 coll_beg 0 0
1586201521921878 131919735117504 coll_end 0 0
1586201524114888 131919735117504 emit_beg 348 0
1586201529839559 131919735117504 emit_end 348 0
1586201529842909 131919735117504 drain_beg 0 0
1586201529843489 131919735117504 drain_end 1 0
1586201529844089 131919735117504 subm_beg 1 0
1586201533496526 131919735117504 subm_end 1 0
1586201533496916 131919735117504 pump_beg 1 0
1586201546412385 131919735117504 pump_end 1 2
1586201549387756 131919735117504 coll_beg 0 0
1586201553946400 131919735117504 coll_end 0 0
1586201555791782 131919735117504 emit_beg 349 0
1586201561261883 131919735117504 emit_end 349 0
1586201561264413 131919735117504 drain_beg 0 0
1586201561264923 131919735117504 drain_end 1 0
1586201561265323 131919735117504 subm_beg 1 0
1586201565021835 131919735117504 subm_end 1 0
1586201565022265 131919735117504 pump_beg 1 0
1586201577757921 131919735117504 pump_end 1 2
1586201580303728 131919735117504 coll_beg 0 0
1586201584778944 131919735117504 coll_end 0 0
1586201586612627 131919735117504 emit_beg 350 0
1586201593861873 131919735117504 emit_end 350 0
1586201593864883 131919735117504 drain_beg 0 0
1586201593865333 131919735117504 drain_end 1 0
1586201593865803 131919735117504 subm_beg 1 0
1586201597269289 131919735117504 subm_end 1 0
1586201597269759 131919735117504 pump_beg 1 0
1586201607731147 131919735117504 pump_end 1 2
1586201610288073 131919735117504 coll_beg 0 0
1586201613518126 131919735117504 coll_end 0 0
1586201615219423 131919735117504 emit_beg 351 0
1586201618802313 131919735117504 emit_end 351 0
1586201637781960 131919735117504 drain_beg 0 0
1586201637782780 131919735117504 drain_end 1 0
1586201637783200 131919735117504 subm_beg 1 0
1586201641312921 131919735117504 subm_end 1 0
1586201641313441 131919735117504 pump_beg 1 0
1586201650435918 131919735117504 pump_end 1 2
1586201652331719 131919735117504 coll_beg 0 0
1586201654303367 131919735117504 coll_end 0 0
1586201656160169 131919735117504 emit_beg 352 0
1586201661748836 131919735117504 emit_end 352 0
1586201661751695 131919735117504 drain_beg 0 0
1586201661752225 131919735117504 drain_end 1 0
1586201661752715 131919735117504 subm_beg 1 0
1586201665432481 131919735117504 subm_end 1 0
1586201665432881 131919735117504 pump_beg 1 0
1586201676473008 131919735117504 pump_end 1 2
1586201679603814 131919735117504 coll_beg 0 0
1586201683934606 131919735117504 coll_end 0 0
1586201685740380 131919735117504 emit_beg 353 0
1586201691240069 131919735117504 emit_end 353 0
1586201691242789 131919735117504 drain_beg 0 0
1586201691243049 131919735117504 drain_end 1 0
1586201691243439 131919735117504 subm_beg 1 0
1586201694775690 131919735117504 subm_end 1 0
1586201694776190 131919735117504 pump_beg 1 0
1586201706111827 131919735117504 pump_end 1 2
1586201709695836 131919735117504 coll_beg 0 0
1586201713417880 131919735117504 coll_end 0 0
1586201715244113 131919735117504 emit_beg 354 0
1586201720595728 131919735117504 emit_end 354 0
1586201738030942 131919735117504 drain_beg 0 0
1586201738032382 131919735117504 drain_end 1 0
1586201738033312 131919735117504 subm_beg 1 0
1586201741973978 131919735117504 subm_end 1 0
1586201741975668 131919735117504 pump_beg 1 0
1586201753887603 131919735117504 pump_end 1 2
1586201755907579 131919735117504 coll_beg 0 0
1586201759500038 131919735117504 coll_end 0 0
1586201761395799 131919735117504 emit_beg 355 0
1586201766992585 131919735117504 emit_end 355 0
1586201766996415 131919735117504 drain_beg 0 0
1586201766997035 131919735117504 drain_end 1 0
1586201766997545 131919735117504 subm_beg 1 0
1586201770680390 131919735117504 subm_end 1 0
1586201770680790 131919735117504 pump_beg 1 0
1586201779240258 131919735117504 pump_end 1 2
1586201781507065 131919735117504 coll_beg 0 0
1586201783016690 131919735117504 coll_end 0 0
1586201785086794 131919735117504 emit_beg 356 0
1586201792175066 131919735117504 emit_end 356 0
1586201792177316 131919735117504 drain_beg 0 0
1586201792177586 131919735117504 drain_end 1 0
1586201792177856 131919735117504 subm_beg 1 0
1586201795630000 131919735117504 subm_end 1 0
1586201795630470 131919735117504 pump_beg 1 0
1586201804794075 131919735117504 pump_end 1 2
1586201807254566 131919735117504 coll_beg 0 0
1586201809146786 131919735117504 coll_end 0 0
1586201812549962 131919735117504 emit_beg 357 0
1586201817932926 131919735117504 emit_end 357 0
1586201833043534 131919735117504 drain_beg 0 0
1586201833044544 131919735117504 drain_end 1 0
1586201833045214 131919735117504 subm_beg 1 0
1586201836650733 131919735117504 subm_end 1 0
1586201836651103 131919735117504 pump_beg 1 0
1586201846649568 131919735117504 pump_end 1 2
1586201848700253 131919735117504 coll_beg 0 0
1586201851769591 131919735117504 coll_end 0 0
1586201853711290 131919735117504 emit_beg 358 0
1586201857398596 131919735117504 emit_end 358 0
1586201857400786 131919735117504 drain_beg 0 0
1586201857401126 131919735117504 drain_end 1 0
1586201857401506 131919735117504 subm_beg 1 0
1586201860862379 131919735117504 subm_end 1 0
1586201860862809 131919735117504 pump_beg 1 0
1586201874619747 131919735117504 pump_end 1 2
1586201876615684 131919735117504 coll_beg 0 0
1586201882983312 131919735117504 coll_end 0 0
1586201885271428 131919735117504 emit_beg 359 0
1586201890702350 131919735117504 emit_end 359 0
1586201890705470 131919735117504 drain_beg 0 0
1586201890705960 131919735117504 drain_end 1 0
1586201890706450 131919735117504 subm_beg 1 0
1586201894149764 131919735117504 subm_end 1 0
1586201894150364 131919735117504 pump_beg 1 0
1586201905854057 131919735117504 pump_end 1 2
1586201908501011 131919735117504 coll_beg 0 0
1586201912384359 131919735117504 coll_end 0 0
1586201914259931 131919735117504 emit_beg 360 0
1586201919689692 131919735117504 emit_end 360 0
1586201919692432 131919735117504 drain_beg 0 0
1586201919692872 131919735117504 drain_end 1 0
1586201919693232 131919735117504 subm_beg 1 0
1586201923189135 131919735117504 subm_end 1 0
1586201923189975 131919735117504 pump_beg 1 0
1586201935767236 131919735117504 pump_end 1 2
1586201938256735 131919735117504 coll_beg 0 0
1586201944557605 131919735117504 coll_end 0 0
1586201946453696 131919735117504 emit_beg 361 0
1586201952222895 131919735117504 emit_end 361 0
1586201952226325 131919735117504 drain_beg 0 0
1586201952227095 131919735117504 drain_end 1 0
1586201952227575 131919735117504 subm_beg 1 0
1586201955934080 131919735117504 subm_end 1 0
1586201955934910 131919735117504 pump_beg 1 0
1586201967373192 131919735117504 pump_end 1 2
1586201970022416 131919735117504 coll_beg 0 0
1586201974380517 131919735117504 coll_end 0 0
1586201976223059 131919735117504 emit_beg 362 0
1586201981969490 131919735117504 emit_end 362 0
1586201981973410 131919735117504 drain_beg 0 0
1586201981974370 131919735117504 drain_end 1 0
1586201981974930 131919735117504 subm_beg 1 0
1586201985576888 131919735117504 subm_end 1 0
1586201985584888 131919735117504 pump_beg 1 0
1586201996246849 131919735117504 pump_end 1 2
1586201999345756 131919735117504 coll_beg 0 0
1586202003040451 131919735117504 coll_end 0 0
1586202004944951 131919735117504 emit_beg 363 0
1586202010536817 131919735117504 emit_end 363 0
1586202027606764 131919735117504 drain_beg 0 0
1586202027608684 131919735117504 drain_end 1 0
1586202027609504 131919735117504 subm_beg 1 0
1586202031390166 131919735117504 subm_end 1 0
1586202031391796 131919735117504 pump_beg 1 0
1586202041802846 131919735117504 pump_end 1 2
1586202043743225 131919735117504 coll_beg 0 0
1586202046574042 131919735117504 coll_end 0 0
1586202048506962 131919735117504 emit_beg 364 0
1586202052323722 131919735117504 emit_end 364 0
1586202052327452 131919735117504 drain_beg 0 0
1586202052327942 131919735117504 drain_end 1 0
1586202052328612 131919735117504 subm_beg 1 0
1586202056032737 131919735117504 subm_end 1 0
1586202056033217 131919735117504 pump_beg 1 0
1586202064536967 131919735117504 pump_end 1 2
1586202066428967 131919735117504 coll_beg 0 0
1586202067639443 131919735117504 coll_end 0 0
1586202070205710 131919735117504 emit_beg 365 0
1586202077806212 131919735117504 emit_end 365 0
1586202095126750 131919735117504 drain_beg 0 0
1586202095129430 131919735117504 drain_end 1 0
1586202095130140 131919735117504 subm_beg 1 0
1586202098870124 131919735117504 subm_end 1 0
1586202098871054 131919735117504 pump_beg 1 0
1586202109306203 131919735117504 pump_end 1 2
1586202111255862 131919735117504 coll_beg 0 0
1586202114809072 131919735117504 coll_end 0 0
1586202116678124 131919735117504 emit_beg 366 0
1586202122381176 131919735117504 emit_end 366 0
1586202122384995 131919735117504 drain_beg 0 0
1586202122385665 131919735117504 drain_end 1 0
1586202122386235 131919735117504 subm_beg 1 0
1586202126142758 131919735117504 subm_end 1 0
1586202126143548 131919735117504 pump_beg 1 0
1586202134273422 131919735117504 pump_end 1 2
1586202137793823 131919735117504 coll_beg 0 0
1586202139033418 131919735117504 coll_end 0 0
1586202141532077 131919735117504 emit_beg 367 0
1586202149087771 131919735117504 emit_end 367 0
1586202164050605 131919735117504 drain_beg 0 0
1586202164051795 131919735117504 drain_end 1 0
1586202164052165 131919735117504 subm_beg 1 0
1586202167774089 131919735117504 subm_end 1 0
1586202167774659 131919735117504 pump_beg 1 0
1586202174853351 131919735117504 pump_end 1 2
1586202176910366 131919735117504 coll_beg 0 0
1586202177046561 131919735117504 coll_end 0 0
1586202178878344 131919735117504 emit_beg 368 0
1586202184618124 131919735117504 emit_end 368 0
1586202184621004 131919735117504 drain_beg 0 0
1586202184621454 131919735117504 drain_end 1 0
1586202184621784 131919735117504 subm_beg 1 0
1586202188352968 131919735117504 subm_end 1 0
1586202188353238 131919735117504 pump_beg 1 0
1586202201783698 131919735117504 pump_end 1 2
1586202203662959 131919735117504 coll_beg 0 0
1586202209864463 131919735117504 coll_end 0 0
1586202211858730 131919735117504 emit_beg 369 0
1586202217653049 131919735117504 emit_end 369 0
1586202217657429 131919735117504 drain_beg 0 0
1586202217658199 131919735117504 drain_end 1 0
1586202217658769 131919735117504 subm_beg 1 0
1586202221390702 131919735117504 subm_end 1 0
1586202221391202 131919735117504 pump_beg 1 0
1586202231346049 131919735117504 pump_end 1 2
1586202233802039 131919735117504 coll_beg 0 0
1586202236363476 131919735117504 coll_end 0 0
1586202239396125 131919735117504 emit_beg 370 0
1586202246887832 131919735117504 emit_end 370 0
1586202246890492 131919735117504 drain_beg 0 0
1586202246890872 131919735117504 drain_end 1 0
1586202246891152 131919735117504 subm_beg 1 0
1586202250727082 131919735117504 subm_end 1 0
1586202250727542 131919735117504 pump_beg 1 0
1586202261475780 131919735117504 pump_end 1 2
1586202263570253 131919735117504 coll_beg 0 0
1586202266806395 131919735117504 coll_end 0 0
1586202269246676 131919735117504 emit_beg 371 0
1586202276768941 131919735117504 emit_end 371 0
1586202276772581 131919735117504 drain_beg 0 0
1586202276773091 131919735117504 drain_end 1 0
1586202276778701 131919735117504 subm_beg 1 0
1586202280478216 131919735117504 subm_end 1 0
1586202280478696 131919735117504 pump_beg 1 0
1586202292182759 131919735117504 pump_end 1 2
1586202294049761 131919735117504 coll_beg 0 0
1586202298420021 131919735117504 coll_end 0 0
1586202300353061 131919735117504 emit_beg 372 0
1586202304194761 131919735117504 emit_end 372 0
1586202304197730 131919735117504 drain_beg 0 0
1586202304198230 131919735117504 drain_end 1 0
1586202304198810 131919735117504 subm_beg 1 0
1586202308026781 131919735117504 subm_end 1 0
1586202308027311 131919735117504 pump_beg 1 0
1586202318062665 131919735117504 pump_end 1 2
1586202319988914 131919735117504 coll_beg 0 0
1586202322783292 131919735117504 coll_end 0 0
1586202325536142 131919735117504 emit_beg 373 0
1586202330894546 131919735117504 emit_end 373 0
1586202347623526 131919735117504 drain_beg 0 0
1586202347624176 131919735117504 drain_end 1 0
1586202347624456 131919735117504 subm_beg 1 0
1586202351233274 131919735117504 subm_end 1 0
1586202351233494 131919735117504 pump_beg 1 0
1586202359811291 131919735117504 pump_end 1 2
1586202361691542 131919735117504 coll_beg 0 0
1586202363478597 131919735117504 coll_end 0 0
1586202365302501 131919735117504 emit_beg 374 0
1586202370742762 131919735117504 emit_end 374 0
1586202370745032 131919735117504 drain_beg 0 0
1586202370745382 131919735117504 drain_end 1 0
1586202370745622 131919735117504 subm_beg 1 0
1586202374327941 131919735117504 subm_end 1 0
1586202374328331 131919735117504 pump_beg 1 0
1586202385207474 131919735117504 pump_end 1 2
1586202387935515 131919735117504 coll_beg 0 0
1586202391179596 131919735117504 coll_end 0 0
1586202394467676 131919735117504 emit_beg 375 0
1586202399993265 131919735117504 emit_end 375 0
1586202399995795 131919735117504 drain_beg 0 0
1586202399996255 131919735117504 drain_end 1 0
1586202399996685 131919735117504 subm_beg 1 0
1586202403589893 131919735117504 subm_end 1 0
1586202403590363 131919735117504 pump_beg 1 0
1586202414969268 131919735117504 pump_end 1 2
1586202417967659 131919735117504 coll_beg 0 0
1586202421912215 131919735117504 coll_end 0 0
1586202423726589 131919735117504 emit_beg 376 0
1586202429176610 131919735117504 emit_end 376 0
1586202429179200 131919735117504 drain_beg 0 0
1586202429179470 131919735117504 drain_end 1 0
1586202429179689 131919735117504 subm_beg 1 0
1586202432600655 131919735117504 subm_end 1 0
1586202432601045 131919735117504 pump_beg 1 0
1586202443770297 131919735117504 pump_end 1 2
1586202445580751 131919735117504 coll_beg 0 0
1586202449452370 131919735117504 coll_end 0 0
1586202451328401 131919735117504 emit_beg 377 0
1586202456750593 131919735117504 emit_end 377 0
1586202456754693 131919735117504 drain_beg 0 0
1586202456755173 131919735117504 drain_end 1 0
1586202456755533 131919735117504 subm_beg 1 0
1586202460270135 131919735117504 subm_end 1 0
1586202460270585 131919735117504 pump_beg 1 0
1586202471407818 131919735117504 pump_end 1 2
1586202473274040 131919735117504 coll_beg 0 0
1586202476931307 131919735117504 coll_end 0 0
1586202479011211 131919735117504 emit_beg 378 0
1586202484495991 131919735117504 emit_end 378 0
1586202484498931 131919735117504 drain_beg 0 0
1586202484499431 131919735117504 drain_end 1 0
1586202484499931 131919735117504 subm_beg 1 0
1586202488032552 131919735117504 subm_end 1 0
1586202488033042 131919735117504 pump_beg 1 0
1586202496817161 131919735117504 pump_end 1 2
1586202498910505 131919735117504 coll_beg 0 0
1586202500682410 131919735117504 coll_end 0 0
1586202502557252 131919735117504 emit_beg 379 0
1586202509729670 131919735117504 emit_end 379 0
1586202509738930 131919735117504 drain_beg 0 0
1586202509740170 131919735117504 drain_end 1 0
1586202509740940 131919735117504 subm_beg 1 0
1586202513412676 131919735117504 subm_end 1 0
1586202513414866 131919735117504 pump_beg 1 0
1586202525636500 131919735117504 pump_end 1 2
1586202528925250 131919735117504 coll_beg 0 0
1586202532531808 131919735117504 coll_end 0 0
1586202535617825 131919735117504 emit_beg 380 0
1586202541108195 131919735117504 emit_end 380 0
1586202541119424 131919735117504 drain_beg 0 0
1586202541120134 131919735117504 drain_end 1 0
1586202541120644 131919735117504 subm_beg 1 0
1586202544593158 131919735117504 subm_end 1 0
1586202544593568 131919735117504 pump_beg 1 0
1586202551671419 131919735117504 pump_end 1 2
1586202553537581 131919735117504 coll_beg 0 0
1586202553809221 131919735117504 coll_end 0 0
1586202557103531 131919735117504 emit_beg 381 0
1586202562449836 131919735117504 emit_end 381 0
1586202575878906 131919735117504 drain_beg 0 0
1586202575879636 131919735117504 drain_end 1 0
1586202575879906 131919735117504 subm_beg 1 0
1586202579500154 131919735117504 subm_end 1 0
1586202579500524 131919735117504 pump_beg 1 0
1586202591790675 131919735117504 pump_end 1 2
1586202593731305 131919735117504 coll_beg 0 0
1586202600417491 131919735117504 coll_end 0 0
1586202602908550 131919735117504 emit_beg 382 0
1586202606587355 131919735117504 emit_end 382 0
1586202606591325 131919735117504 drain_beg 0 0
1586202606592045 131919735117504 drain_end 1 0
1586202606592565 131919735117504 subm_beg 1 0
1586202610150705 131919735117504 subm_end 1 0
1586202610151145 131919735117504 pump_beg 1 0
1586202620610974 131919735117504 pump_end 1 2
1586202623943562 131919735117504 coll_beg 0 0
1586202626990081 131919735117504 coll_end 0 0
1586202629264198 131919735117504 emit_beg 383 0
1586202636575321 131919735117504 emit_end 383 0
1586202652344946 131919735117504 drain_beg 0 0
1586202652346126 131919735117504 drain_end 1 0
1586202652346556 131919735117504 subm_beg 1 0
1586202655987903 131919735117504 subm_end 1 0
1586202655988323 131919735117504 pump_beg 1 0
1586202665933340 131919735117504 pump_end 1 2
1586202667867679 131919735117504 coll_beg 0 0
1586202670197664 131919735117504 coll_end 0 0
1586202672003838 131919735117504 emit_beg 384 0
1586202677721459 131919735117504 emit_end 384 0
1586202677725289 131919735117504 drain_beg 0 0
1586202677726029 131919735117504 drain_end 1 0
1586202677726799 131919735117504 subm_beg 1 0
1586202681504341 131919735117504 subm_end 1 0
1586202681504941 131919735117504 pump_beg 1 0
1586202690832691 131919735117504 pump_end 1 2
1586202694158230 131919735117504 coll_beg 0 0
1586202696806543 131919735117504 coll_end 0 0
1586202698741492 131919735117504 emit_beg 385 0
1586202704419325 131919735117504 emit_end 385 0
1586202720330635 131919735117504 drain_beg 0 0
1586202720332664 131919735117504 drain_end 1 0
1586202720333404 131919735117504 subm_beg 1 0
1586202724154315 131919735117504 subm_end 1 0
1586202724155845 131919735117504 pump_beg 1 0
1586202735935185 131919735117504 pump_end 1 2
1586202738147674 131919735117504 coll_beg 0 0
1586202743464280 131919735117504 coll_end 0 0
1586202745501086 131919735117504 emit_beg 386 0
1586202749460241 131919735117504 emit_end 386 0
1586202749463251 131919735117504 drain_beg 0 0
1586202749463621 131919735117504 drain_end 1 0
1586202749463941 131919735117504 subm_beg 1 0
1586202753260953 131919735117504 subm_end 1 0
1586202753261523 131919735117504 pump_beg 1 0
1586202764218713 131919735117504 pump_end 1 2
1586202766821798 131919735117504 coll_beg 0 0
1586202770191005 131919735117504 coll_end 0 0
1586202772467452 131919735117504 emit_beg 387 0
1586202780010577 131919735117504 emit_end 387 0
1586202780013146 131919735117504 drain_beg 0 0
1586202780013496 131919735117504 drain_end 1 0
1586202780013746 131919735117504 subm_beg 1 0
1586202783627235 131919735117504 subm_end 1 0
1586202783627925 131919735117504 pump_beg 1 0
1586202795119985 131919735117504 pump_end 1 2
1586202799252734 131919735117504 coll_beg 0 0
1586202803064835 131919735117504 coll_end 0 0
1586202805007644 131919735117504 emit_beg 388 0
1586202810713096 131919735117504 emit_end 388 0
1586202827950477 131919735117504 drain_beg 0 0
1586202827951587 131919735117504 drain_end 1 0
1586202827951977 131919735117504 subm_beg 1 0
1586202831744969 131919735117504 subm_end 1 0
1586202831745509 131919735117504 pump_beg 1 0
1586202842573354 131919735117504 pump_end 1 2
1586202844511083 131919735117504 coll_beg 0 0
1586202849037068 131919735117504 coll_end 0 0
1586202851090223 131919735117504 emit_beg 389 0
1586202856816264 131919735117504 emit_end 389 0
1586202856822554 131919735117504 drain_beg 0 0
1586202856823343 131919735117504 drain_end 1 0
1586202856823893 131919735117504 subm_beg 1 0
1586202860573567 131919735117504 subm_end 1 0
1586202860574027 131919735117504 pump_beg 1 0
1586202871632383 131919735117504 pump_end 1 2
1586202873805254 131919735117504 coll_beg 0 0
1586202878517662 131919735117504 coll_end 0 0
1586202880543748 131919735117504 emit_beg 390 0
1586202888195809 131919735117504 emit_end 390 0
1586202888198988 131919735117504 drain_beg 0 0
1586202888199448 131919735117504 drain_end 1 0
1586202888199728 131919735117504 subm_beg 1 0
1586202891897843 131919735117504 subm_end 1 0
1586202891898463 131919735117504 pump_beg 1 0
1586202902968880 131919735117504 pump_end 1 2
1586202904888070 131919735117504 coll_beg 0 0
1586202908905373 131919735117504 coll_end 0 0
1586202910866261 131919735117504 emit_beg 391 0
1586202918552031 131919735117504 emit_end 391 0
1586202918555261 131919735117504 drain_beg 0 0
1586202918555741 131919735117504 drain_end 1 0
1586202918556111 131919735117504 subm_beg 1 0
1586202922305144 131919735117504 subm_end 1 0
1586202922305564 131919735117504 pump_beg 1 0
1586202932280640 131919735117504 pump_end 1 2
1586202935024930 131919735117504 coll_beg 0 0
1586202937994601 131919735117504 coll_end 0 0
1586202939952000 131919735117504 emit_beg 392 0
1586202947521674 131919735117504 emit_end 392 0
1586202947526593 131919735117504 drain_beg 0 0
1586202947527293 131919735117504 drain_end 1 0
1586202947528023 131919735117504 subm_beg 1 0
1586202951312755 131919735117504 subm_end 1 0
1586202951313365 131919735117504 pump_beg 1 0
1586202960468481 131919735117504 pump_end 1 2
1586202963537279 131919735117504 coll_beg 0 0
1586202965339583 131919735117504 coll_end 0 0
1586202967309851 131919735117504 emit_beg 393 0
1586202973201816 131919735117504 emit_end 393 0
1586202988845226 131919735117504 drain_beg 0 0
1586202988845996 131919735117504 drain_end 1 0
1586202988846246 131919735117504 subm_beg 1 0
1586202992610198 131919735117504 subm_end 1 0
1586202992610788 131919735117504 pump_beg 1 0
1586203003913456 131919735117504 pump_end 1 2
1586203005877744 131919735117504 coll_beg 0 0
1586203009827780 131919735117504 coll_end 0 0
1586203011772479 131919735117504 emit_beg 394 0
1586203017736481 131919735117504 emit_end 394 0
1586203017739271 131919735117504 drain_beg 0 0
1586203017739901 131919735117504 drain_end 1 0
1586203017740481 131919735117504 subm_beg 1 0
1586203021515793 131919735117504 subm_end 1 0
1586203021516363 131919735117504 pump_beg 1 0
1586203033245935 131919735117504 pump_end 1 2
1586203035191204 131919735117504 coll_beg 0 0
1586203040579238 131919735117504 coll_end 0 0
1586203042530577 131919735117504 emit_beg 395 0
1586203046503552 131919735117504 emit_end 395 0
1586203066729593 131919735117504 drain_beg 0 0
1586203066731583 131919735117504 drain_end 1 0
1586203066732133 131919735117504 subm_beg 1 0
1586203070547804 131919735117504 subm_end 1 0
1586203070548204 131919735117504 pump_beg 1 0
1586203082154900 131919735117504 pump_end 1 2
1586203084095150 131919735117504 coll_beg 0 0
1586203089614368 131919735117504 coll_end 0 0
1586203091611585 131919735117504 emit_beg 396 0
1586203095466205 131919735117504 emit_end 396 0
1586203095469725 131919735117504 drain_beg 0 0
1586203095470325 131919735117504 drain_end 1 0
1586203095470875 131919735117504 subm_beg 1 0
1586203099232527 131919735117504 subm_end 1 0
1586203099232827 131919735117504 pump_beg 1 0
1586203106613318 131919735117504 pump_end 1 2
1586203108553687 131919735117504 coll_beg 0 0
1586203109205863 131919735117504 coll_end 0 0
1586203112434216 131919735117504 emit_beg 397 0
1586203119728069 131919735117504 emit_end 397 0
1586203135104578 131919735117504 drain_beg 0 0
1586203135105908 131919735117504 drain_end 1 0
1586203135106548 131919735117504 subm_beg 1 0
1586203138725736 131919735117504 subm_end 1 0
1586203138726056 131919735117504 pump_beg 1 0
1586203147134589 131919735117504 pump_end 1 2
1586203150309573 131919735117504 coll_beg 0 0
1586203152606359 131919735117504 coll_end 0 0
1586203154515080 131919735117504 emit_beg 398 0
1586203159913753 131919735117504 emit_end 398 0
1586203159916823 131919735117504 drain_beg 0 0
1586203159917453 131919735117504 drain_end 1 0
1586203159917923 131919735117504 subm_beg 1 0
1586203163534031 131919735117504 subm_end 1 0
1586203163535151 131919735117504 pump_beg 1 0
1586203173051143 131919735117504 pump_end 1 2
1586203175579981 131919735117504 coll_beg 0 0
1586203177716023 131919735117504 coll_end 0 0
1586203179488278 131919735117504 emit_beg 399 0
1586203184847953 131919735117504 emit_end 399 0
1586203199880664 131919735117504 drain_beg 0 0
1586203199881284 131919735117504 drain_end 1 0
1586203199881624 131919735117504 subm_beg 1 0
1586203203421745 131919735117504 subm_end 1 0
1586203203421975 131919735117504 pump_beg 1 0
1586203212506964 131919735117504 pump_end 1 2
1586203214388185 131919735117504 coll_beg 0 0
1586203217423134 131919735117504 coll_end 0 0
1586203219383463 131919735117504 emit_beg 400 0
1586203224953339 131919735117504 emit_end 400 0
1586203224956299 131919735117504 drain_beg 0 0
1586203224956789 131919735117504 drain_end 1 0
1586203224957259 131919735117504 subm_beg 1 0
1586203228848327 131919735117504 subm_end 1 0
1586203228848837 131919735117504 pump_beg 1 0
1586203239248538 131919735117504 pump_end 1 2
1586203241037432 131919735117504 coll_beg 0 0
1586203243692036 131919735117504 coll_end 0 0
1586203245530068 131919735117504 emit_beg 401 0
1586203250942151 131919735117504 emit_end 401 0
1586203266497733 131919735117504 drain_beg 0 0
1586203266498643 131919735117504 drain_end 1 0
1586203266498943 131919735117504 subm_beg 1 0
1586203270039954 131919735117504 subm_end 1 0
1586203270040334 131919735117504 pump_beg 1 0
1586203281909291 131919735117504 pump_end 1 2
1586203283704145 131919735117504 coll_beg 0 0
1586203288677394 131919735117504 coll_end 0 0
1586203290529556 131919735117504 emit_beg 402 0
1586203295948938 131919735117504 emit_end 402 0
1586203295951208 131919735117504 drain_beg 0 0
1586203295951638 131919735117504 drain_end 1 0
1586203295951948 131919735117504 subm_beg 1 0
1586203299461660 131919735117504 subm_end 1 0
1586203299462020 131919735117504 pump_beg 1 0
1586203308544649 131919735117504 pump_end 1 2
1586203311323267 131919735117504 coll_beg 0 0
1586203313260067 131919735117504 coll_end 0 0
1586203315126629 131919735117504 emit_beg 403 0
1586203322282578 131919735117504 emit_end 403 0
1586203322284867 131919735117504 drain_beg 0 0
1586203322285307 131919735117504 drain_end 1 0
1586203322285557 131919735117504 subm_beg 1 0
1586203325828478 131919735117504 subm_end 1 0
1586203325828948 131919735117504 pump_beg 1 0
1586203338133259 131919735117504 pump_end 1 2
1586203341652231 131919735117504 coll_beg 0 0
1586203346747665 131919735117504 coll_end 0 0
1586203348585338 131919735117504 emit_beg 404 0
1586203354243071 131919735117504 emit_end 404 0
1586203354248951 131919735117504 drain_beg 0 0
1586203354249731 131919735117504 drain_end 1 0
1586203354250591 131919735117504 subm_beg 1 0
1586203357671746 131919735117504 subm_end 1 0
1586203357672426 131919735117504 pump_beg 1 0
1586203365084756 131919735117504 pump_end 1 2
1586203367759578 131919735117504 coll_beg 0 0
1586203368056087 131919735117504 coll_end 0 0
1586203371230211 131919735117504 emit_beg 405 0
1586203378344732 131919735117504 emit_end 405 0
1586203389799204 131919735117504 drain_beg 0 0
1586203389803643 131919735117504 drain_end 1 0
1586203389804733 131919735117504 subm_beg 1 0
1586203393375113 131919735117504 subm_end 1 0
1586203393376393 131919735117504 pump_beg 1 0
1586203406314301 131919735117504 pump_end 1 2
1586203408272969 131919735117504 coll_beg 0 0
1586203412461567 131919735117504 coll_end 0 0
1586203414401196 131919735117504 emit_beg 406 0
1586203419849347 131919735117504 emit_end 406 0
1586203419852977 131919735117504 drain_beg 0 0
1586203419853647 131919735117504 drain_end 1 0
1586203419854277 131919735117504 subm_beg 1 0
1586203423384068 131919735117504 subm_end 1 0
1586203423384588 131919735117504 pump_beg 1 0
1586203433950982 131919735117504 pump_end 1 2
1586203436758990 131919735117504 coll_beg 0 0
1586203439726932 131919735117504 coll_end 0 0
1586203441573884 131919735117504 emit_beg 407 0
1586203447026785 131919735117504 emit_end 407 0
1586203463566972 131919735117504 drain_beg 0 0
1586203463569651 131919735117504 drain_end 1 0
1586203463570361 131919735117504 subm_beg 1 0
1586203467113132 131919735117504 subm_end 1 0
1586203467113812 131919735117504 pump_beg 1 0
1586203475706809 131919735117504 pump_end 1 2
1586203477537452 131919735117504 coll_beg 0 0
1586203479005318 131919735117504 coll_end 0 0
1586203480770924 131919735117504 emit_beg 408 0
1586203486257784 131919735117504 emit_end 408 0
1586203486260883 131919735117504 drain_beg 0 0
1586203486261313 131919735117504 drain_end 1 0
1586203486261563 131919735117504 subm_beg 1 0
1586203489784455 131919735117504 subm_end 1 0
1586203489785025 131919735117504 pump_beg 1 0
1586203500322050 131919735117504 pump_end 1 2
1586203503558902 131919735117504 coll_beg 0 0
1586203506232965 131919735117504 coll_end 0 0
1586203508094867 131919735117504 emit_beg 409 0
1586203513799618 131919735117504 emit_end 409 0
1586203513804138 131919735117504 drain_beg 0 0
1586203513804808 131919735117504 drain_end 1 0
1586203513805318 131919735117504 subm_beg 1 0
1586203517506753 131919735117504 subm_end 1 0
1586203517507203 131919735117504 pump_beg 1 0
1586203524915383 131919735117504 pump_end 1 2
1586203527140162 131919735117504 coll_beg 0 0
1586203527905954 131919735117504 coll_end 0 0
1586203530834307 131919735117504 emit_beg 410 0
1586203538305394 131919735117504 emit_end 410 0
1586203550828737 131919735117504 drain_beg 0 0
1586203550829357 131919735117504 drain_end 1 0
1586203550829627 131919735117504 subm_beg 1 0
1586203554621089 131919735117504 subm_end 1 0
1586203554621479 131919735117504 pump_beg 1 0
1586203566397379 131919735117504 pump_end 1 2
1586203568380737 131919735117504 coll_beg 0 0
1586203573113194 131919735117504 coll_end 0 0
1586203575108841 131919735117504 emit_beg 411 0
1586203581028315 131919735117504 emit_end 411 0
1586203581032835 131919735117504 drain_beg 0 0
1586203581033435 131919735117504 drain_end 1 0
1586203581034085 131919735117504 subm_beg 1 0
1586203584706051 131919735117504 subm_end 1 0
1586203584706571 131919735117504 pump_beg 1 0
1586203597509134 131919735117504 pump_end 1 2
1586203601338264 131919735117504 coll_beg 0 0
1586203606274664 131919735117504 coll_end 0 0
1586203608302310 131919735117504 emit_beg 412 0
1586203614004152 131919735117504 emit_end 412 0
1586203631604119 131919735117504 drain_beg 0 0
1586203631605549 131919735117504 drain_end 1 0
1586203631606269 131919735117504 subm_beg 1 0
1586203635344913 131919735117504 subm_end 1 0
1586203635345913 131919735117504 pump_beg 1 0
1586203647080145 131919735117504 pump_end 1 2
1586203649050403 131919735117504 coll_beg 0 0
1586203653005548 131919735117504 coll_end 0 0
1586203655023215 131919735117504 emit_beg 413 0
1586203660756396 131919735117504 emit_end 413 0
1586203660762675 131919735117504 drain_beg 0 0
1586203660763515 131919735117504 drain_end 1 0
1586203660764495 131919735117504 subm_beg 1 0
1586203664339515 131919735117504 subm_end 1 0
1586203664340455 131919735117504 pump_beg 1 0
1586203674555892 131919735117504 pump_end 1 2
1586203677948228 131919735117504 coll_beg 0 0
1586203680554793 131919735117504 coll_end 0 0
1586203683680369 131919735117504 emit_beg 414 0
1586203689464868 131919735117504 emit_end 414 0
1586203689469388 131919735117504 drain_beg 0 0
1586203689469938 131919735117504 drain_end 1 0
1586203689470288 131919735117504 subm_beg 1 0
1586203693114695 131919735117504 subm_end 1 0
1586203693115745 131919735117504 pump_beg 1 0
1586203705133856 131919735117504 pump_end 1 2
1586203708844981 131919735117504 coll_beg 0 0
1586203713389385 131919735117504 coll_end 0 0
1586203715388392 131919735117504 emit_beg 415 0
1586203719289739 131919735117504 emit_end 415 0
1586203740372230 131919735117504 drain_beg 0 0
1586203740383290 131919735117504 drain_end 1 0
1586203740384180 131919735117504 subm_beg 1 0
1586203744188241 131919735117504 subm_end 1 0
1586203744189161 131919735117504 pump_beg 1 0
1586203753077146 131919735117504 pump_end 1 2
1586203755033485 131919735117504 coll_beg 0 0
1586203757347341 131919735117504 coll_end 0 0
1586203759288600 131919735117504 emit_beg 416 0
1586203764883146 131919735117504 emit_end 416 0
1586203764885875 131919735117504 drain_beg 0 0
1586203764886315 131919735117504 drain_end 1 0
1586203764886725 131919735117504 subm_beg 1 0
1586203768621999 131919735117504 subm_end 1 0
1586203768622359 131919735117504 pump_beg 1 0
1586203780799785 131919735117504 pump_end 1 2
1586203783065192 131919735117504 coll_beg 0 0
1586203788985846 131919735117504 coll_end 0 0
1586203790984983 131919735117504 emit_beg 417 0
1586203796940786 131919735117504 emit_end 417 0
1586203796944386 131919735117504 drain_beg 0 0
1586203796944985 131919735117504 drain_end 1 0
1586203796945455 131919735117504 subm_beg 1 0
1586203800580503 131919735117504 subm_end 1 0
1586203800581013 131919735117504 pump_beg 1 0
1586203812494008 131919735117504 pump_end 1 2
1586203815645083 131919735117504 coll_beg 0 0
1586203819904828 131919735117504 coll_end 0 0
1586203821837867 131919735117504 emit_beg 418 0
1586203825756464 131919735117504 emit_end 418 0
1586203825760974 131919735117504 drain_beg 0 0
1586203825762154 131919735117504 drain_end 1 0
1586203825763084 131919735117504 subm_beg 1 0
1586203829476178 131919735117504 subm_end 1 0
1586203829476948 131919735117504 pump_beg 1 0
1586203839540581 131919735117504 pump_end 1 2
1586203842362838 131919735117504 coll_beg 0 0
1586203845074719 131919735117504 coll_end 0 0
1586203847927055 131919735117504 emit_beg 419 0
1586203857255485 131919735117504 emit_end 419 0
1586203871632510 131919735117504 drain_beg 0 0
1586203871633700 131919735117504 drain_end 1 0
1586203871634070 131919735117504 subm_beg 1 0
1586203875331315 131919735117504 subm_end 1 0
1586203875332035 131919735117504 pump_beg 1 0
1586203887507931 131919735117504 pump_end 1 2
1586203889617474 131919735117504 coll_beg 0 0
1586203894073331 131919735117504 coll_end 0 0
1586203896096367 131919735117504 emit_beg 420 0
1586203902090958 131919735117504 emit_end 420 0
1586203902101558 131919735117504 drain_beg 0 0
1586203902102898 131919735117504 drain_end 1 0
1586203902103918 131919735117504 subm_beg 1 0
1586203905810123 131919735117504 subm_end 1 0
1586203905811813 131919735117504 pump_beg 1 0
1586203916287690 131919735117504 pump_end 1 2
1586203919474664 131919735117504 coll_beg 0 0
1586203922284202 131919735117504 coll_end 0 0
1586203925228864 131919735117504 emit_beg 421 0
1586203930589649 131919735117504 emit_end 421 0
1586203947491812 131919735117504 drain_beg 0 0
1586203947495521 131919735117504 drain_end 1 0
1586203947496471 131919735117504 subm_beg 1 0
1586203951243835 131919735117504 subm_end 1 0
1586203951247505 131919735117504 pump_beg 1 0
1586203961483611 131919735117504 pump_end 1 2
1586203963370162 131919735117504 coll_beg 0 0
1586203965838072 131919735117504 coll_end 0 0
1586203967722573 131919735117504 emit_beg 422 0
1586203973225593 131919735117504 emit_end 422 0
1586203973229712 131919735117504 drain_beg 0 0
1586203973230292 131919735117504 drain_end 1 0
1586203973230982 131919735117504 subm_beg 1 0
1586203976775053 131919735117504 subm_end 1 0
1586203976775433 131919735117504 pump_beg 1 0
1586203986877414 131919735117504 pump_end 1 2
1586203988927190 131919735117504 coll_beg 0 0
1586203991651100 131919735117504 coll_end 0 0
1586203993484583 131919735117504 emit_beg 423 0
1586203998901835 131919735117504 emit_end 423 0
1586204014011704 131919735117504 drain_beg 0 0
1586204014014024 131919735117504 drain_end 1 0
1586204014014574 131919735117504 subm_beg 1 0
1586204017623512 131919735117504 subm_end 1 0
1586204017624512 131919735117504 pump_beg 1 0
1586204029766979 131919735117504 pump_end 1 2
1586204031801085 131919735117504 coll_beg 0 0
1586204037022174 131919735117504 coll_end 0 0
1586204038885676 131919735117504 emit_beg 424 0
1586204044412565 131919735117504 emit_end 424 0
1586204044416995 131919735117504 drain_beg 0 0
1586204044417635 131919735117504 drain_end 1 0
1586204044418165 131919735117504 subm_beg 1 0
1586204047986814 131919735117504 subm_end 1 0
1586204047987274 131919735117504 pump_beg 1 0
1586204058299798 131919735117504 pump_end 1 2
1586204061103146 131919735117504 coll_beg 0 0
1586204063647503 131919735117504 coll_end 0 0
1586204065477366 131919735117504 emit_beg 425 0
1586204070926067 131919735117504 emit_end 425 0
1586204087084947 131919735117504 drain_beg 0 0
1586204087086357 131919735117504 drain_end 1 0
1586204087086897 131919735117504 subm_beg 1 0
1586204090707525 131919735117504 subm_end 1 0
1586204090707925 131919735117504 pump_beg 1 0
1586204101557369 131919735117504 pump_end 1 2
1586204103454810 131919735117504 coll_beg 0 0
1586204106674843 131919735117504 coll_end 0 0
1586204108614892 131919735117504 emit_beg 426 0
1586204114076612 131919735117504 emit_end 426 0
1586204114079732 131919735117504 drain_beg 0 0
1586204114080422 131919735117504 drain_end 1 0
1586204114081092 131919735117504 subm_beg 1 0
1586204117601574 131919735117504 subm_end 1 0
1586204117602054 131919735117504 pump_beg 1 0
1586204128462137 131919735117504 pump_end 1 2
1586204130914758 131919735117504 coll_beg 0 0
1586204134182269 131919735117504 coll_end 0 0
1586204136360069 131919735117504 emit_beg 427 0
1586204140048245 131919735117504 emit_end 427 0
1586204140050815 131919735117504 drain_beg 0 0
1586204140051455 131919735117504 drain_end 1 0
1586204140051995 131919735117504 subm_beg 1 0
1586204143733650 131919735117504 subm_end 1 0
1586204143734020 131919735117504 pump_beg 1 0
1586204156678058 131919735117504 pump_end 1 2
1586204159706137 131919735117504 coll_beg 0 0
1586204165630521 131919735117504 coll_end 0 0
1586204167666107 131919735117504 emit_beg 428 0
1586204173155046 131919735117504 emit_end 428 0
1586204173158106 131919735117504 drain_beg 0 0
1586204173158776 131919735117504 drain_end 1 0
1586204173159536 131919735117504 subm_beg 1 0
1586204176672018 131919735117504 subm_end 1 0
1586204176672388 131919735117504 pump_beg 1 0
1586204186065305 131919735117504 pump_end 1 2
1586204188977819 131919735117504 coll_beg 0 0
1586204191340993 131919735117504 coll_end 0 0
1586204194801307 131919735117504 emit_beg 429 0
1586204202040342 131919735117504 emit_end 429 0
1586204202042842 131919735117504 drain_beg 0 0
1586204202043282 131919735117504 drain_end 1 0
1586204202043562 131919735117504 subm_beg 1 0
1586204205540715 131919735117504 subm_end 1 0
1586204205541105 131919735117504 pump_beg 1 0
1586204217499578 131919735117504 pump_end 1 2
1586204219796734 131919735117504 coll_beg 0 0
1586204226660124 131919735117504 coll_end 0 0
1586204228508496 131919735117504 emit_beg 430 0
1586204232415764 131919735117504 emit_end 430 0
1586204251261946 131919735117504 drain_beg 0 0
1586204251264306 131919735117504 drain_end 1 0
1586204251264746 131919735117504 subm_beg 1 0
1586204254915833 131919735117504 subm_end 1 0
1586204254919303 131919735117504 pump_beg 1 0
1586204264063459 131919735117504 pump_end 1 2
1586204266022298 131919735117504 coll_beg 0 0
1586204267667647 131919735117504 coll_end 0 0
1586204269444393 131919735117504 emit_beg 431 0
1586204273091520 131919735117504 emit_end 431 0
1586204273095309 131919735117504 drain_beg 0 0
1586204273096169 131919735117504 drain_end 1 0
1586204273096829 131919735117504 subm_beg 1 0
1586204276733447 131919735117504 subm_end 1 0
1586204276733957 131919735117504 pump_beg 1 0
1586204287318740 131919735117504 pump_end 1 2
1586204289987263 131919735117504 coll_beg 0 0
1586204294235728 131919735117504 coll_end 0 0
1586204297511698 131919735117504 emit_beg 432 0
1586204303133803 131919735117504 emit_end 432 0
1586204303137673 131919735117504 drain_beg 0 0
1586204303138253 131919735117504 drain_end 1 0
1586204303138803 131919735117504 subm_beg 1 0
1586204306718052 131919735117504 subm_end 1 0
1586204306718692 131919735117504 pump_beg 1 0
1586204317948363 131919735117504 pump_end 1 2
1586204320266298 131919735117504 coll_beg 0 0
1586204325135630 131919735117504 coll_end 0 0
1586204327025651 131919735117504 emit_beg 433 0
1586204332749072 131919735117504 emit_end 433 0
1586204332752142 131919735117504 drain_beg 0 0
1586204332752822 131919735117504 drain_end 1 0
1586204332753342 131919735117504 subm_beg 1 0
1586204336506825 131919735117504 subm_end 1 0
1586204336507335 131919735117504 pump_beg 1 0
1586204343866107 131919735117504 pump_end 1 2
1586204347404268 131919735117504 coll_beg 0 0
1586204347908299 131919735117504 coll_end 0 0
1586204351183490 131919735117504 emit_beg 434 0
1586204358770893 131919735117504 emit_end 434 0
1586204373188937 131919735117504 drain_beg 0 0
1586204373191017 131919735117504 drain_end 1 0
1586204373191527 131919735117504 subm_beg 1 0
1586204376927470 131919735117504 subm_end 1 0
1586204376928040 131919735117504 pump_beg 1 0
1586204386374886 131919735117504 pump_end 1 2
1586204388347063 131919735117504 coll_beg 0 0
1586204390440367 131919735117504 coll_end 0 0
1586204392375916 131919735117504 emit_beg 435 0
1586204398071029 131919735117504 emit_end 435 0
1586204398076148 131919735117504 drain_beg 0 0
1586204398077058 131919735117504 drain_end 1 0
1586204398077988 131919735117504 subm_beg 1 0
1586204401833761 131919735117504 subm_end 1 0
1586204401835461 131919735117504 pump_beg 1 0
1586204414075765 131919735117504 pump_end 1 2
1586204417297947 131919735117504 coll_beg 0 0
1586204421404987 131919735117504 coll_end 0 0
1586204423396774 131919735117504 emit_beg 436 0
1586204429100386 131919735117504 emit_end 436 0
1586204429104506 131919735117504 drain_beg 0 0
1586204429105226 131919735117504 drain_end 1 0
1586204429105806 131919735117504 subm_beg 1 0
1586204432815941 131919735117504 subm_end 1 0
1586204432816421 131919735117504 pump_beg 1 0
1586204443151223 131919735117504 pump_end 1 2
1586204445266696 131919735117504 coll_beg 0 0
1586204447796274 131919735117504 coll_end 0 0
1586204451013777 131919735117504 emit_beg 437 0
1586204458588400 131919735117504 emit_end 437 0
1586204458591360 131919735117504 drain_beg 0 0
1586204458591850 131919735117504 drain_end 1 0
1586204458592250 131919735117504 subm_beg 1 0
1586204462415170 131919735117504 subm_end 1 0
1586204462415610 131919735117504 pump_beg 1 0
1586204474517739 131919735117504 pump_end 1 2
1586204477835928 131919735117504 coll_beg 0 0
1586204481916689 131919735117504 coll_end 0 0
1586204483771551 131919735117504 emit_beg 438 0
1586204489560550 131919735117504 emit_end 438 0
1586204489562840 131919735117504 drain_beg 0 0
1586204489563260 131919735117504 drain_end 1 0
1586204489563690 131919735117504 subm_beg 1 0
1586204493322113 131919735117504 subm_end 1 0
1586204493322493 131919735117504 pump_beg 1 0
1586204503245631 131919735117504 pump_end 1 2
1586204506553720 131919735117504 coll_beg 0 0
1586204509237582 131919735117504 coll_end 0 0
1586204512605149 131919735117504 emit_beg 439 0
1586204520185062 131919735117504 emit_end 439 0
1586204520187732 131919735117504 drain_beg 0 0
1586204520188082 131919735117504 drain_end 1 0
1586204520188372 131919735117504 subm_beg 1 0
1586204523936615 131919735117504 subm_end 1 0
1586204523937065 131919735117504 pump_beg 1 0
1586204534154953 131919735117504 pump_end 1 2
1586204536886843 131919735117504 coll_beg 0 0
1586204539863084 131919735117504 coll_end 0 0
1586204542569355 131919735117504 emit_beg 440 0
1586204548200220 131919735117504 emit_end 440 0
1586204548202690 131919735117504 drain_beg 0 0
1586204548203220 131919735117504 drain_end 1 0
1586204548203490 131919735117504 subm_beg 1 0
1586204551842017 131919735117504 subm_end 1 0
1586204551842507 131919735117504 pump_beg 1 0
1586204563611168 131919735117504 pump_end 1 2
1586204567336472 131919735117504 coll_beg 0 0
1586204571400753 131919735117504 coll_end 0 0
1586204573310014 131919735117504 emit_beg 441 0
1586204580898297 131919735117504 emit_end 441 0
1586204580902097 131919735117504 drain_beg 0 0
1586204580902717 131919735117504 drain_end 1 0
1586204580903447 131919735117504 subm_beg 1 0
1586204584612391 131919735117504 subm_end 1 0
1586204584612871 131919735117504 pump_beg 1 0
1586204593717779 131919735117504 pump_end 1 2
1586204597337237 131919735117504 coll_beg 0 0
1586204599289216 131919735117504 coll_end 0 0
1586204601223205 131919735117504 emit_beg 442 0
1586204606895298 131919735117504 emit_end 442 0
1586204622744330 131919735117504 drain_beg 0 0
1586204622745599 131919735117504 drain_end 1 0
1586204622746079 131919735117504 subm_beg 1 0
1586204626521092 131919735117504 subm_end 1 0
1586204626521522 131919735117504 pump_beg 1 0
1586204634573878 131919735117504 pump_end 1 2
1586204636539936 131919735117504 coll_beg 0 0
1586204637587258 131919735117504 coll_end 0 0
1586204640248431 131919735117504 emit_beg 443 0
1586204645905424 131919735117504 emit_end 443 0
1586204645908504 131919735117504 drain_beg 0 0
1586204645908994 131919735117504 drain_end 1 0
1586204645909644 131919735117504 subm_beg 1 0
1586204649705786 131919735117504 subm_end 1 0
1586204649706226 131919735117504 pump_beg 1 0
1586204661651990 131919735117504 pump_end 1 2
1586204663964225 131919735117504 coll_beg 0 0
1586204668175422 131919735117504 coll_end 0 0
1586204670067123 131919735117504 emit_beg 444 0
1586204675838382 131919735117504 emit_end 444 0
1586204675841482 131919735117504 drain_beg 0 0
1586204675842002 131919735117504 drain_end 1 0
1586204675842462 131919735117504 subm_beg 1 0
1586204679533077 131919735117504 subm_end 1 0
1586204679533477 131919735117504 pump_beg 1 0
1586204687871653 131919735117504 pump_end 1 2
1586204690455789 131919735117504 coll_beg 0 0
1586204692335640 131919735117504 coll_end 0 0
1586204696058204 131919735117504 emit_beg 445 0
1586204703244552 131919735117504 emit_end 445 0
1586204703247092 131919735117504 drain_beg 0 0
1586204703247402 131919735117504 drain_end 1 0
1586204703247702 131919735117504 subm_beg 1 0
1586204706789493 131919735117504 subm_end 1 0
1586204706789873 131919735117504 pump_beg 1 0
1586204717850289 131919735117504 pump_end 1 2
1586204720563990 131919735117504 coll_beg 0 0
1586204724027343 131919735117504 coll_end 0 0
1586204726539512 131919735117504 emit_beg 446 0
1586204732075490 131919735117504 emit_end 446 0
1586204732078200 131919735117504 drain_beg 0 0
1586204732078700 131919735117504 drain_end 1 0
1586204732079180 131919735117504 subm_beg 1 0
1586204735546733 131919735117504 subm_end 1 0
1586204735547363 131919735117504 pump_beg 1 0
1586204744935840 131919735117504 pump_end 1 2
1586204747298094 131919735117504 coll_beg 0 0
1586204748904016 131919735117504 coll_end 0 0
1586204750931432 131919735117504 emit_beg 447 0
1586204758128129 131919735117504 emit_end 447 0
1586204758130729 131919735117504 drain_beg 0 0
1586204758131069 131919735117504 drain_end 1 0
1586204758131309 131919735117504 subm_beg 1 0
1586204761725348 131919735117504 subm_end 1 0
1586204761725838 131919735117504 pump_beg 1 0
1586204773827276 131919735117504 pump_end 1 2
1586204775719647 131919735117504 coll_beg 0 0
1586204779969272 131919735117504 coll_end 0 0
1586204781809915 131919735117504 emit_beg 448 0
1586204787384331 131919735117504 emit_end 448 0
1586204787386661 131919735117504 drain_beg 0 0
1586204787386961 131919735117504 drain_end 1 0
1586204787387281 131919735117504 subm_beg 1 0
1586204790938742 131919735117504 subm_end 1 0
1586204790939132 131919735117504 pump_beg 1 0
1586204802937484 131919735117504 pump_end 1 2
1586204804867523 131919735117504 coll_beg 0 0
1586204809127588 131919735117504 coll_end 0 0
1586204810913513 131919735117504 emit_beg 449 0
1586204814633457 131919735117504 emit_end 449 0
1586204814639367 131919735117504 drain_beg 0 0
1586204814639997 131919735117504 drain_end 1 0
1586204814640607 131919735117504 subm_beg 1 0
1586204818234146 131919735117504 subm_end 1 0
1586204818234636 131919735117504 pump_beg 1 0
1586204829793124 131919735117504 pump_end 1 2
1586204831870418 131919735117504 coll_beg 0 0
1586204836686442 131919735117504 coll_end 0 0
1586204839050726 131919735117504 emit_beg 450 0
1586204846352979 131919735117504 emit_end 450 0
1586204846356479 131919735117504 drain_beg 0 0
1586204846357079 131919735117504 drain_end 1 0
1586204846357619 131919735117504 subm_beg 1 0
1586204849909420 131919735117504 subm_end 1 0
1586204849909900 131919735117504 pump_beg 1 0
1586204860674507 131919735117504 pump_end 1 2
1586204864100462 131919735117504 coll_beg 0 0
1586204868033098 131919735117504 coll_end 0 0
1586204869908590 131919735117504 emit_beg 451 0
1586204875432918 131919735117504 emit_end 451 0
1586204893325625 131919735117504 drain_beg 0 0
1586204893328205 131919735117504 drain_end 1 0
1586204893328965 131919735117504 subm_beg 1 0
1586204896973512 131919735117504 subm_end 1 0
1586204896973922 131919735117504 pump_beg 1 0
1586204906866071 131919735117504 pump_end 1 2
1586204908801480 131919735117504 coll_beg 0 0
1586204911915057 131919735117504 coll_end 0 0
1586204913779879 131919735117504 emit_beg 452 0
1586204919295677 131919735117504 emit_end 452 0
1586204919299997 131919735117504 drain_beg 0 0
1586204919300677 131919735117504 drain_end 1 0
1586204919301357 131919735117504 subm_beg 1 0
1586204922850858 131919735117504 subm_end 1 0
1586204922851278 131919735117504 pump_beg 1 0
1586204930592415 131919735117504 pump_end 1 2
1586204933586886 131919735117504 coll_beg 0 0
1586204934468334 131919735117504 coll_end 0 0
1586204937244822 131919735117504 emit_beg 453 0
1586204944486748 131919735117504 emit_end 453 0
1586204958535116 131919735117504 drain_beg 0 0
1586204958536035 131919735117504 drain_end 1 0
1586204958536395 131919735117504 subm_beg 1 0
1586204962084636 131919735117504 subm_end 1 0
1586204962085076 131919735117504 pump_beg 1 0
1586204972641571 131919735117504 pump_end 1 2
1586204974622988 131919735117504 coll_beg 0 0
1586204977799823 131919735117504 coll_end 0 0
1586204979767271 131919735117504 emit_beg 454 0
1586204985408425 131919735117504 emit_end 454 0
1586204985412475 131919735117504 drain_beg 0 0
1586204985413085 131919735117504 drain_end 1 0
1586204985413555 131919735117504 subm_beg 1 0
1586204988853309 131919735117504 subm_end 1 0
1586204988853819 131919735117504 pump_beg 1 0
1586204999982183 131919735117504 pump_end 1 2
1586205003279503 131919735117504 coll_beg 0 0
1586205006685918 131919735117504 coll_end 0 0
1586205009515005 131919735117504 emit_beg 455 0
1586205015077382 131919735117504 emit_end 455 0
1586205015081942 131919735117504 drain_beg 0 0
1586205015082642 131919735117504 drain_end 1 0
1586205015083202 131919735117504 subm_beg 1 0
1586205018648312 131919735117504 subm_end 1 0
1586205018648722 131919735117504 pump_beg 1 0
1586205032431249 131919735117504 pump_end 1 2
1586205034627749 131919735117504 coll_beg 0 0
1586205039939195 131919735117504 coll_end 0 0
1586205041839546 131919735117504 emit_beg 456 0
1586205047460510 131919735117504 emit_end 456 0
1586205047463330 131919735117504 drain_beg 0 0
1586205047463790 131919735117504 drain_end 1 0
1586205047464050 131919735117504 subm_beg 1 0
1586205051013751 131919735117504 subm_end 1 0
1586205051014211 131919735117504 pump_beg 1 0
1586205061701191 131919735117504 pump_end 1 2
1586205065123176 131919735117504 coll_beg 0 0
1586205068173095 131919735117504 coll_end 0 0
1586205071153116 131919735117504 emit_beg 457 0
1586205078747109 131919735117504 emit_end 457 0
1586205078749469 131919735117504 drain_beg 0 0
1586205078749899 131919735117504 drain_end 1 0
1586205078750179 131919735117504 subm_beg 1 0
1586205082460283 131919735117504 subm_end 1 0
1586205082460653 131919735117504 pump_beg 1 0
1586205090149532 131919735117504 pump_end 1 2
1586205093842198 131919735117504 coll_beg 0 0
1586205094713726 131919735117504 coll_end 0 0
1586205097534463 131919735117504 emit_beg 458 0
1586205105018110 131919735117504 emit_end 458 0
1586205105020230 131919735117504 drain_beg 0 0
1586205105020640 131919735117504 drain_end 1 0
1586205105020910 131919735117504 subm_beg 1 0
1586205108756233 131919735117504 subm_end 1 0
1586205108756603 131919735117504 pump_beg 1 0
1586205119954765 131919735117504 pump_end 1 2
1586205122775582 131919735117504 coll_beg 0 0
1586205126747677 131919735117504 coll_end 0 0
1586205128704435 131919735117504 emit_beg 459 0
1586205134525323 131919735117504 emit_end 459 0
1586205151973696 131919735117504 drain_beg 0 0
1586205151987806 131919735117504 drain_end 1 0
1586205151989136 131919735117504 subm_beg 1 0
1586205155756098 131919735117504 subm_end 1 0
1586205155758218 131919735117504 pump_beg 1 0
1586205166470177 131919735117504 pump_end 1 2
1586205168494133 131919735117504 coll_beg 0 0
1586205172207138 131919735117504 coll_end 0 0
1586205174212115 131919735117504 emit_beg 460 0
1586205177991217 131919735117504 emit_end 460 0
1586205177996067 131919735117504 drain_beg 0 0
1586205177996807 131919735117504 drain_end 1 0
1586205177997407 131919735117504 subm_beg 1 0
1586205181765879 131919735117504 subm_end 1 0
1586205181766299 131919735117504 pump_beg 1 0
1586205190196951 131919735117504 pump_end 1 2
1586205193157233 131919735117504 coll_beg 0 0
1586205194480025 131919735117504 coll_end 0 0
1586205196920256 131919735117504 emit_beg 461 0
1586205204466701 131919735117504 emit_end 461 0
1586205219910527 131919735117504 drain_beg 0 0
1586205219912387 131919735117504 drain_end 1 0
1586205219913077 131919735117504 subm_beg 1 0
1586205223711998 131919735117504 subm_end 1 0
1586205223713508 131919735117504 pump_beg 1 0
1586205233860008 131919735117504 pump_end 1 2
1586205236034259 131919735117504 coll_beg 0 0
1586205238731710 131919735117504 coll_end 0 0
1586205240648360 131919735117504 emit_beg 462 0
1586205246357162 131919735117504 emit_end 462 0
1586205246361252 131919735117504 drain_beg 0 0
1586205246361912 131919735117504 drain_end 1 0
1586205246362532 131919735117504 subm_beg 1 0
1586205250075166 131919735117504 subm_end 1 0
1586205250075656 131919735117504 pump_beg 1 0
1586205262354998 131919735117504 pump_end 1 2
1586205265456885 131919735117504 coll_beg 0 0
1586205270771671 131919735117504 coll_end 0 0
1586205272784628 131919735117504 emit_beg 463 0
1586205278511859 131919735117504 emit_end 463 0
1586205278515039 131919735117504 drain_beg 0 0
1586205278515699 131919735117504 drain_end 1 0
1586205278516218 131919735117504 subm_beg 1 0
1586205282186965 131919735117504 subm_end 1 0
1586205282187345 131919735117504 pump_beg 1 0
1586205293038928 131919735117504 pump_end 1 2
1586205296095237 131919735117504 coll_beg 0 0
1586205300039073 131919735117504 coll_end 0 0
1586205301920114 131919735117504 emit_beg 464 0
1586205307619936 131919735117504 emit_end 464 0
1586205307622276 131919735117504 drain_beg 0 0
1586205307622756 131919735117504 drain_end 1 0
1586205307623056 131919735117504 subm_beg 1 0
1586205311331741 131919735117504 subm_end 1 0
1586205311332191 131919735117504 pump_beg 1 0
1586205320089781 131919735117504 pump_end 1 2
1586205323134810 131919735117504 coll_beg 0 0
1586205324909095 131919735117504 coll_end 0 0
1586205326933062 131919735117504 emit_beg 465 0
1586205334398929 131919735117504 emit_end 465 0
1586205334402019 131919735117504 drain_beg 0 0
1586205334402469 131919735117504 drain_end 1 0
1586205334402729 131919735117504 subm_beg 1 0
1586205338067005 131919735117504 subm_end 1 0
1586205338067615 131919735117504 pump_beg 1 0
1586205347226451 131919735117504 pump_end 1 2
1586205352496789 131919735117504 coll_beg 0 0
1586205355980242 131919735117504 coll_end 0 0
1586205358687643 131919735117504 emit_beg 466 0
1586205364378315 131919735117504 emit_end 466 0
1586205364384735 131919735117504 drain_beg 0 0
1586205364385595 131919735117504 drain_end 1 0
1586205364386195 131919735117504 subm_beg 1 0
1586205368104939 131919735117504 subm_end 1 0
1586205368105799 131919735117504 pump_beg 1 0
1586205378643865 131919735117504 pump_end 1 2
1586205380636862 131919735117504 coll_beg 0 0
1586205383530366 131919735117504 coll_end 0 0
1586205385472895 131919735117504 emit_beg 467 0
1586205393080078 131919735117504 emit_end 467 0
1586205393084897 131919735117504 drain_beg 0 0
1586205393085427 131919735117504 drain_end 1 0
1586205393086067 131919735117504 subm_beg 1 0
1586205396800082 131919735117504 subm_end 1 0
1586205396800592 131919735117504 pump_beg 1 0
1586205408673839 131919735117504 pump_end 1 2
1586205411704868 131919735117504 coll_beg 0 0
1586205416143456 131919735117504 coll_end 0 0
1586205418661984 131919735117504 emit_beg 468 0
1586205422493404 131919735117504 emit_end 468 0
1586205422497644 131919735117504 drain_beg 0 0
1586205422498414 131919735117504 drain_end 1 0
1586205422499274 131919735117504 subm_beg 1 0
1586205426308615 131919735117504 subm_end 1 0
1586205426309125 131919735117504 pump_beg 1 0
1586205437681550 131919735117504 pump_end 1 2
1586205439910259 131919735117504 coll_beg 0 0
1586205443612554 131919735117504 coll_end 0 0
1586205445582342 131919735117504 emit_beg 469 0
1586205452853736 131919735117504 emit_end 469 0
1586205469764829 131919735117504 drain_beg 0 0
1586205469769049 131919735117504 drain_end 1 0
1586205469769959 131919735117504 subm_beg 1 0
1586205473391947 131919735117504 subm_end 1 0
1586205473394397 131919735117504 pump_beg 1 0
1586205485558793 131919735117504 pump_end 1 2
1586205487717234 131919735117504 coll_beg 0 0
1586205495157493 131919735117504 coll_end 0 0
1586205497425690 131919735117504 emit_beg 470 0
1586205503385902 131919735117504 emit_end 470 0
1586205503390272 131919735117504 drain_beg 0 0
1586205503390912 131919735117504 drain_end 1 0
1586205503391662 131919735117504 subm_beg 1 0
1586205506653533 131919735117504 subm_end 1 0
1586205506653863 131919735117504 pump_beg 1 0
1586205516274192 131919735117504 pump_end 1 2
1586205518990343 131919735117504 coll_beg 0 0
1586205521365616 131919735117504 coll_end 0 0
1586205524630717 131919735117504 emit_beg 471 0
1586205528219176 131919735117504 emit_end 471 0
1586205545803684 131919735117504 drain_beg 0 0
1586205545804434 131919735117504 drain_end 1 0
1586205545804954 131919735117504 subm_beg 1 0
1586205549286367 131919735117504 subm_end 1 0
1586205549286687 131919735117504 pump_beg 1 0
1586205560508068 131919735117504 pump_end 1 2
1586205562398739 131919735117504 coll_beg 0 0
1586205565831603 131919735117504 coll_end 0 0
1586205567682306 131919735117504 emit_beg 472 0
1586205571325613 131919735117504 emit_end 472 0
1586205571330043 131919735117504 drain_beg 0 0
1586205571330993 131919735117504 drain_end 1 0
1586205571331543 131919735117504 subm_beg 1 0
1586205574988789 131919735117504 subm_end 1 0
1586205574989179 131919735117504 pump_beg 1 0
1586205585166858 131919735117504 pump_end 1 2
1586205588436558 131919735117504 coll_beg 0 0
1586205591141870 131919735117504 coll_end 0 0
1586205593885750 131919735117504 emit_beg 473 0
1586205601190933 131919735117504 emit_end 473 0
1586205601194143 131919735117504 drain_beg 0 0
1586205601194663 131919735117504 drain_end 1 0
1586205601195003 131919735117504 subm_beg 1 0
1586205604763363 131919735117504 subm_end 1 0
1586205604763733 131919735117504 pump_beg 1 0
1586205612725642 131919735117504 pump_end 1 2
1586205615961974 131919735117504 coll_beg 0 0
1586205617145271 131919735117504 coll_end 0 0
1586205619582222 131919735117504 emit_beg 474 0
1586205626786699 131919735117504 emit_end 474 0
1586205639220765 131919735117504 drain_beg 0 0
1586205639221985 131919735117504 drain_end 1 0
1586205639222455 131919735117504 subm_beg 1 0
1586205642831933 131919735117504 subm_end 1 0
1586205642832523 131919735117504 pump_beg 1 0
1586205653497844 131919735117504 pump_end 1 2
1586205655388045 131919735117504 coll_beg 0 0
1586205658583439 131919735117504 coll_end 0 0
1586205660475090 131919735117504 emit_beg 475 0
1586205666007228 131919735117504 emit_end 475 0
1586205666013197 131919735117504 drain_beg 0 0
1586205666013847 131919735117504 drain_end 1 0
1586205666014357 131919735117504 subm_beg 1 0
1586205669571668 131919735117504 subm_end 1 0
1586205669572208 131919735117504 pump_beg 1 0
1586205678987784 131919735117504 pump_end 1 2
1586205681933326 131919735117504 coll_beg 0 0
1586205684148036 131919735117504 coll_end 0 0
1586205685961439 131919735117504 emit_beg 476 0
1586205691452739 131919735117504 emit_end 476 0
1586205713631580 131919735117504 drain_beg 0 0
1586205713633320 131919735117504 drain_end 1 0
1586205713634220 131919735117504 subm_beg 1 0
1586205725458168 131919735117504 subm_end 1 0
1586205725458718 131919735117504 pump_beg 1 0
1586205732667725 131919735117504 pump_end 1 2
1586205738205913 131919735117504 coll_beg 0 0
1586205738708315 131919735117504 coll_end 0 0
1586205743422313 131919735117504 emit_beg 477 0
1586205757014257 131919735117504 emit_end 477 0
1586205757017277 131919735117504 drain_beg 0 0
1586205757017877 131919735117504 drain_end 1 0
1586205757018347 131919735117504 subm_beg 1 0
1586205765000125 131919735117504 subm_end 1 0
1586205765001805 131919735117504 pump_beg 1 0
1586205773941179 131919735117504 pump_end 1 2
1586205777630794 131919735117504 coll_beg 0 0
1586205779530855 131919735117504 coll_end 0 0
1586205781601739 131919735117504 emit_beg 478 0
1586205791184600 131919735117504 emit_end 478 0
1586205809166553 131919735117504 drain_beg 0 0
1586205809168583 131919735117504 drain_end 1 0
1586205809169503 131919735117504 subm_beg 1 0
1586205817886685 131919735117504 subm_end 1 0
1586205817887545 131919735117504 pump_beg 1 0
1586205829927836 131919735117504 pump_end 1 2
1586205833189697 131919735117504 coll_beg 0 0
1586205837604846 131919735117504 coll_end 0 0
1586205840926314 131919735117504 emit_beg 479 0
1586205850477486 131919735117504 emit_end 479 0
1586205850481286 131919735117504 drain_beg 0 0
1586205850481846 131919735117504 drain_end 1 0
1586205850482196 131919735117504 subm_beg 1 0
1586205856597382 131919735117504 subm_end 1 0
1586205856598032 131919735117504 pump_beg 1 0
1586205867417628 131919735117504 pump_end 1 2
1586205870966198 131919735117504 coll_beg 0 0
1586205875557941 131919735117504 coll_end 0 0
1586205879086742 131919735117504 emit_beg 480 0
1586205892057588 131919735117504 emit_end 480 0
1586205917565698 131919735117504 drain_beg 0 0
1586205917567268 131919735117504 drain_end 1 0
1586205917567768 131919735117504 subm_beg 1 0
1586205920492431 131919735117504 subm_end 1 0
1586205920492821 131919735117504 pump_beg 1 0
1586205932947096 131919735117504 pump_end 1 2
1586205936454728 131919735117504 coll_beg 0 0
1586205941559692 131919735117504 coll_end 0 0
1586205945449570 131919735117504 emit_beg 481 0
1586205955734385 131919735117504 emit_end 481 0
1586205955738735 131919735117504 drain_beg 0 0
1586205955739385 131919735117504 drain_end 1 0
1586205955740035 131919735117504 subm_beg 1 0
1586205962567055 131919735117504 subm_end 1 0
1586205962570475 131919735117504 pump_beg 1 0
1586205974452692 131919735117504 pump_end 1 2
1586205981259953 131919735117504 coll_beg 0 0
1586205984630330 131919735117504 coll_end 0 0
1586205987917050 131919735117504 emit_beg 482 0
1586206002528807 131919735117504 emit_end 482 0
1586206002533327 131919735117504 drain_beg 0 0
1586206002533907 131919735117504 drain_end 1 0
1586206002534397 131919735117504 subm_beg 1 0
1586206009988395 131919735117504 subm_end 1 0
1586206009988885 131919735117504 pump_beg 1 0
1586206022471269 131919735117504 pump_end 1 2
1586206025580306 131919735117504 coll_beg 0 0
1586206032159876 131919735117504 coll_end 0 0
1586206037861188 131919735117504 emit_beg 483 0
1586206049867999 131919735117504 emit_end 483 0
1586206049871609 131919735117504 drain_beg 0 0
1586206049872129 131919735117504 drain_end 1 0
1586206049872479 131919735117504 subm_beg 1 0
1586206055873570 131919735117504 subm_end 1 0
1586206055876510 131919735117504 pump_beg 1 0
1586206067266914 131919735117504 pump_end 1 2
1586206070184808 131919735117504 coll_beg 0 0
1586206075189655 131919735117504 coll_end 0 0
1586206079093483 131919735117504 emit_beg 484 0
1586206088019907 131919735117504 emit_end 484 0
1586206088023407 131919735117504 drain_beg 0 0
1586206088023947 131919735117504 drain_end 1 0
1586206088024277 131919735117504 subm_beg 1 0
1586206092096408 131919735117504 subm_end 1 0
1586206092096908 131919735117504 pump_beg 1 0
1586206103896638 131919735117504 pump_end 1 2
1586206108251409 131919735117504 coll_beg 0 0
1586206113740719 131919735117504 coll_end 0 0
1586206118345460 131919735117504 emit_beg 485 0
1586206130810786 131919735117504 emit_end 485 0
1586206130813206 131919735117504 drain_beg 0 0
1586206130813556 131919735117504 drain_end 1 0
1586206130813846 131919735117504 subm_beg 1 0
1586206136521227 131919735117504 subm_end 1 0
1586206136527557 131919735117504 pump_beg 1 0
1586206146235903 131919735117504 pump_end 1 2
1586206150247056 131919735117504 coll_beg 0 0
1586206153063823 131919735117504 coll_end 0 0
1586206157065777 131919735117504 emit_beg 486 0
1586206165005098 131919735117504 emit_end 486 0
1586206179322615 131919735117504 drain_beg 0 0
1586206179324565 131919735117504 drain_end 1 0
1586206179325315 131919735117504 subm_beg 1 0
1586206185038327 131919735117504 subm_end 1 0
1586206185039147 131919735117504 pump_beg 1 0
1586206195829173 131919735117504 pump_end 1 2
1586206197798471 131919735117504 coll_beg 0 0
1586206202639744 131919735117504 coll_end 0 0
1586206204756437 131919735117504 emit_beg 487 0
1586206210516457 131919735117504 emit_end 487 0
1586206210519507 131919735117504 drain_beg 0 0
1586206210520027 131919735117504 drain_end 1 0
1586206210520357 131919735117504 subm_beg 1 0
1586206214237681 131919735117504 subm_end 1 0
1586206214241401 131919735117504 pump_beg 1 0
1586206225625636 131919735117504 pump_end 1 2
1586206229346590 131919735117504 coll_beg 0 0
1586206233001566 131919735117504 coll_end 0 0
1586206235256424 131919735117504 emit_beg 488 0
1586206240935947 131919735117504 emit_end 488 0
1586206240938737 131919735117504 drain_beg 0 0
1586206240939357 131919735117504 drain_end 1 0
1586206240939847 131919735117504 subm_beg 1 0
1586206244574414 131919735117504 subm_end 1 0
1586206244574824 131919735117504 pump_beg 1 0
1586206255514095 131919735117504 pump_end 1 2
1586206258010974 131919735117504 coll_beg 0 0
1586206261495756 131919735117504 coll_end 0 0
1586206265038897 131919735117504 emit_beg 489 0
1586206270762698 131919735117504 emit_end 489 0
1586206270766088 131919735117504 drain_beg 0 0
1586206270766748 131919735117504 drain_end 1 0
1586206270767248 131919735117504 subm_beg 1 0
1586206274416705 131919735117504 subm_end 1 0
1586206274417615 131919735117504 pump_beg 1 0
1586206286213954 131919735117504 pump_end 1 2
1586206289974547 131919735117504 coll_beg 0 0
1586206294494302 131919735117504 coll_end 0 0
1586206296496369 131919735117504 emit_beg 490 0
1586206302286668 131919735117504 emit_end 490 0
1586206302289978 131919735117504 drain_beg 0 0
1586206302290468 131919735117504 drain_end 1 0
1586206302290868 131919735117504 subm_beg 1 0
1586206306048131 131919735117504 subm_end 1 0
1586206306048421 131919735117504 pump_beg 1 0
1586206318299344 131919735117504 pump_end 1 2
1586206321188548 131919735117504 coll_beg 0 0
1586206327031485 131919735117504 coll_end 0 0
1586206328918356 131919735117504 emit_beg 491 0
1586206334909417 131919735117504 emit_end 491 0
1586206334916547 131919735117504 drain_beg 0 0
1586206334917567 131919735117504 drain_end 1 0
1586206334918317 131919735117504 subm_beg 1 0
1586206338641191 131919735117504 subm_end 1 0
1586206338641781 131919735117504 pump_beg 1 0
1586206347452090 131919735117504 pump_end 1 2
1586206350767989 131919735117504 coll_beg 0 0
1586206352510835 131919735117504 coll_end 0 0
1586206354495323 131919735117504 emit_beg 492 0
1586206361953061 131919735117504 emit_end 492 0
1586206376659664 131919735117504 drain_beg 0 0
1586206376661614 131919735117504 drain_end 1 0
1586206376662014 131919735117504 subm_beg 1 0
1586206380440126 131919735117504 subm_end 1 0
1586206380441106 131919735117504 pump_beg 1 0
1586206390577716 131919735117504 pump_end 1 2
1586206392523885 131919735117504 coll_beg 0 0
1586206395675200 131919735117504 coll_end 0 0
1586206397597960 131919735117504 emit_beg 493 0
1586206403046761 131919735117504 emit_end 493 0
1586206403052091 131919735117504 drain_beg 0 0
1586206403052811 131919735117504 drain_end 1 0
1586206403053421 131919735117504 subm_beg 1 0
1586206406610031 131919735117504 subm_end 1 0
1586206406610471 131919735117504 pump_beg 1 0
1586206418592303 131919735117504 pump_end 1 2
1586206420698467 131919735117504 coll_beg 0 0
1586206424701341 131919735117504 coll_end 0 0
1586206426620811 131919735117504 emit_beg 494 0
1586206432160468 131919735117504 emit_end 494 0
1586206449215496 131919735117504 drain_beg 0 0
1586206449216696 131919735117504 drain_end 1 0
1586206449227416 131919735117504 subm_beg 1 0
1586206452873323 131919735117504 subm_end 1 0
1586206452873882 131919735117504 pump_beg 1 0
1586206463233624 131919735117504 pump_end 1 2
1586206465295629 131919735117504 coll_beg 0 0
1586206468943566 131919735117504 coll_end 0 0
1586206471120667 131919735117504 emit_beg 495 0
1586206476734242 131919735117504 emit_end 495 0
1586206476737742 131919735117504 drain_beg 0 0
1586206476738182 131919735117504 drain_end 1 0
1586206476738502 131919735117504 subm_beg 1 0
1586206480334200 131919735117504 subm_end 1 0
1586206480334640 131919735117504 pump_beg 1 0
1586206491888979 131919735117504 pump_end 1 2
1586206494749274 131919735117504 coll_beg 0 0
1586206498385052 131919735117504 coll_end 0 0
1586206502086067 131919735117504 emit_beg 496 0
1586206507563137 131919735117504 emit_end 496 0
1586206507566057 131919735117504 drain_beg 0 0
1586206507566687 131919735117504 drain_end 1 0
1586206507567187 131919735117504 subm_beg 1 0
1586206511076149 131919735117504 subm_end 1 0
1586206511076529 131919735117504 pump_beg 1 0
1586206521603544 131919735117504 pump_end 1 2
1586206523985017 131919735117504 coll_beg 0 0
1586206526791595 131919735117504 coll_end 0 0
1586206528628368 131919735117504 emit_beg 497 0
1586206536027958 131919735117504 emit_end 497 0
1586206536031398 131919735117504 drain_beg 0 0
1586206536031948 131919735117504 drain_end 1 0
1586206536032488 131919735117504 subm_beg 1 0
1586206539557129 131919735117504 subm_end 1 0
1586206539557689 131919735117504 pump_beg 1 0
1586206552164659 131919735117504 pump_end 1 2
1586206553969543 131919735117504 coll_beg 0 0
1586206558497628 131919735117504 coll_end 0 0
1586206561931703 131919735117504 emit_beg 498 0
1586206567459731 131919735117504 emit_end 498 0
1586206567462981 131919735117504 drain_beg 0 0
1586206567463601 131919735117504 drain_end 1 0
1586206567464411 131919735117504 subm_beg 1 0
1586206570988512 131919735117504 subm_end 1 0
1586206570988882 131919735117504 pump_beg 1 0
1586206582263071 131919735117504 pump_end 1 2
1586206584530688 131919735117504 coll_beg 0 0
1586206588100168 131919735117504 coll_end 0 0
1586206590365885 131919735117504 emit_beg 499 0
1586206597674908 131919735117504 emit_end 499 0
1586206597679028 131919735117504 drain_beg 0 0
1586206597679778 131919735117504 drain_end 1 0
1586206597680288 131919735117504 subm_beg 1 0
1586206601212379 131919735117504 subm_end 1 0
1586206601213039 131919735117504 pump_beg 1 0
1586206613727012 131919735117504 pump_end 1 2
1586206615674981 131919735117504 coll_beg 0 0
1586206622110717 131919735117504 coll_end 0 0
1586206623952739 131919735117504 emit_beg 500 0
1586206629435549 131919735117504 emit_end 500 0
1586206629439079 131919735117504 drain_beg 0 0
1586206629439699 131919735117504 drain_end 1 0
1586206629440429 131919735117504 subm_beg 1 0
1586206632982710 131919735117504 subm_end 1 0
1586206632983110 131919735117504 pump_beg 1 0
1586206640308922 131919735117504 pump_end 1 2
1586206643829994 131919735117504 coll_beg 0 0
1586206644355935 131919735117504 coll_end 0 0
1586206647431113 131919735117504 emit_beg 501 0
1586206654683758 131919735117504 emit_end 501 0
1586206666482597 131919735117504 drain_beg 0 0
1586206666483317 131919735117504 drain_end 1 0
1586206666483627 131919735117504 subm_beg 1 0
1586206670047927 131919735117504 subm_end 1 0
1586206670048307 131919735117504 pump_beg 1 0
1586206682015790 131919735117504 pump_end 1 2
1586206684025527 131919735117504 coll_beg 0 0
1586206688375288 131919735117504 coll_end 0 0
1586206690297278 131919735117504 emit_beg 502 0
1586206695757769 131919735117504 emit_end 502 0
1586206695759969 131919735117504 drain_beg 0 0
1586206695760379 131919735117504 drain_end 1 0
1586206695760789 131919735117504 subm_beg 1 0
1586206699392886 131919735117504 subm_end 1 0
1586206699393256 131919735117504 pump_beg 1 0
1586206710754572 131919735117504 pump_end 1 2
1586206713623167 131919735117504 coll_beg 0 0
1586206718129103 131919735117504 coll_end 0 0
1586206719927467 131919735117504 emit_beg 503 0
1586206725390978 131919735117504 emit_end 503 0
1586206725399277 131919735117504 drain_beg 0 0
1586206725399797 131919735117504 drain_end 1 0
1586206725400037 131919735117504 subm_beg 1 0
1586206728936728 131919735117504 subm_end 1 0
1586206728937088 131919735117504 pump_beg 1 0
1586206738616245 131919735117504 pump_end 1 2
1586206742043230 131919735117504 coll_beg 0 0
1586206744709673 131919735117504 coll_end 0 0
1586206747574598 131919735117504 emit_beg 504 0
1586206752970701 131919735117504 emit_end 504 0
1586206752972931 131919735117504 drain_beg 0 0
1586206752973201 131919735117504 drain_end 1 0
1586206752973491 131919735117504 subm_beg 1 0
1586206756614328 131919735117504 subm_end 1 0
1586206756614698 131919735117504 pump_beg 1 0
1586206766433130 131919735117504 pump_end 1 2
1586206768968427 131919735117504 coll_beg 0 0
1586206771915270 131919735117504 coll_end 0 0
1586206773779722 131919735117504 emit_beg 505 0
1586206781507360 131919735117504 emit_end 505 0
1586206781510070 131919735117504 drain_beg 0 0
1586206781510510 131919735117504 drain_end 1 0
1586206781511150 131919735117504 subm_beg 1 0
1586206785208595 131919735117504 subm_end 1 0
1586206785209045 131919735117504 pump_beg 1 0
1586206794967858 131919735117504 pump_end 1 2
1586206797614122 131919735117504 coll_beg 0 0
1586206800252766 131919735117504 coll_end 0 0
1586206802204364 131919735117504 emit_beg 506 0
1586206806081143 131919735117504 emit_end 506 0
1586206825609890 131919735117504 drain_beg 0 0
1586206825611810 131919735117504 drain_end 1 0
1586206825612580 131919735117504 subm_beg 1 0
1586206829365673 131919735117504 subm_end 1 0
1586206829366513 131919735117504 pump_beg 1 0
1586206839844421 131919735117504 pump_end 1 2
1586206841824159 131919735117504 coll_beg 0 0
1586206844623996 131919735117504 coll_end 0 0
1586206846532647 131919735117504 emit_beg 507 0
1586206850366287 131919735117504 emit_end 507 0
1586206850369397 131919735117504 drain_beg 0 0
1586206850369927 131919735117504 drain_end 1 0
1586206850370437 131919735117504 subm_beg 1 0
1586206854196077 131919735117504 subm_end 1 0
1586206854196447 131919735117504 pump_beg 1 0
1586206863725179 131919735117504 pump_end 1 2
1586206866974271 131919735117504 coll_beg 0 0
1586206869491539 131919735117504 coll_end 0 0
1586206872752300 131919735117504 emit_beg 508 0
1586206880266596 131919735117504 emit_end 508 0
1586206896973686 131919735117504 drain_beg 0 0
1586206896975466 131919735117504 drain_end 1 0
1586206896976216 131919735117504 subm_beg 1 0
1586206900815926 131919735117504 subm_end 1 0
1586206900817496 131919735117504 pump_beg 1 0
1586206912769519 131919735117504 pump_end 1 2
1586206914740168 131919735117504 coll_beg 0 0
1586206919186965 131919735117504 coll_end 0 0
1586206921086566 131919735117504 emit_beg 509 0
1586206926804007 131919735117504 emit_end 509 0
1586206926806977 131919735117504 drain_beg 0 0
1586206926807567 131919735117504 drain_end 1 0
1586206926808077 131919735117504 subm_beg 1 0
1586206930480013 131919735117504 subm_end 1 0
1586206930480393 131919735117504 pump_beg 1 0
1586206941762331 131919735117504 pump_end 1 2
1586206945383969 131919735117504 coll_beg 0 0
1586206948894061 131919735117504 coll_end 0 0
1586206950871839 131919735117504 emit_beg 510 0
1586206956477404 131919735117504 emit_end 510 0
1586206974710699 131919735117504 drain_beg 0 0
1586206974713209 131919735117504 drain_end 1 0
1586206974714059 131919735117504 subm_beg 1 0
1586206978598927 131919735117504 subm_end 1 0
1586206978600177 131919735117504 pump_beg 1 0
1586206988519345 131919735117504 pump_end 1 2
1586206990507023 131919735117504 coll_beg 0 0
1586206993169825 131919735117504 coll_end 0 0
1586206995081356 131919735117504 emit_beg 511 0
1586207000854695 131919735117504 emit_end 511 0
1586207000859435 131919735117504 drain_beg 0 0
1586207000860145 131919735117504 drain_end 1 0
1586207000860695 131919735117504 subm_beg 1 0
1586207004606618 131919735117504 subm_end 1 0
1586207004607108 131919735117504 pump_beg 1 0
1586207013102788 131919735117504 pump_end 1 2
1586207015735842 131919735117504 coll_beg 0 0
1586207017205668 131919735117504 coll_end 0 0
1586207019488555 131919735117504 emit_beg 512 0
1586207027095257 131919735117504 emit_end 512 0
1586207042522404 131919735117504 drain_beg 0 0
1586207042523194 131919735117504 drain_end 1 0
1586207042523534 131919735117504 subm_beg 1 0
1586207046297927 131919735117504 subm_end 1 0
1586207046298467 131919735117504 pump_beg 1 0
1586207056246714 131919735117504 pump_end 1 2
1586207058114325 131919735117504 coll_beg 0 0
1586207060945512 131919735117504 coll_end 0 0
1586207062823324 131919735117504 emit_beg 513 0
1586207068662530 131919735117504 emit_end 513 0
1586207068665500 131919735117504 drain_beg 0 0
1586207068666130 131919735117504 drain_end 1 0
1586207068666650 131919735117504 subm_beg 1 0
1586207072377895 131919735117504 subm_end 1 0
1586207072378365 131919735117504 pump_beg 1 0
1586207083892775 131919735117504 pump_end 1 2
1586207087296800 131919735117504 coll_beg 0 0
1586207090383188 131919735117504 coll_end 0 0
1586207092256859 131919735117504 emit_beg 514 0
1586207098047288 131919735117504 emit_end 514 0
1586207098050748 131919735117504 drain_beg 0 0
1586207098051328 131919735117504 drain_end 1 0
1586207098051778 131919735117504 subm_beg 1 0
1586207101805631 131919735117504 subm_end 1 0
1586207101808811 131919735117504 pump_beg 1 0
1586207113410778 131919735117504 pump_end 1 2
1586207117115782 131919735117504 coll_beg 0 0
1586207121872029 131919735117504 coll_end 0 0
1586207123910294 131919735117504 emit_beg 515 0
1586207129654125 131919735117504 emit_end 515 0
1586207148205808 131919735117504 drain_beg 0 0
1586207148209378 131919735117504 drain_end 1 0
1586207148210638 131919735117504 subm_beg 1 0
1586207152024358 131919735117504 subm_end 1 0
1586207152027108 131919735117504 pump_beg 1 0
1586207160393533 131919735117504 pump_end 1 2
1586207162349022 131919735117504 coll_beg 0 0
1586207163473961 131919735117504 coll_end 0 0
1586207165483487 131919735117504 emit_beg 516 0
1586207169321017 131919735117504 emit_end 516 0
1586207169325097 131919735117504 drain_beg 0 0
1586207169325747 131919735117504 drain_end 1 0
1586207169326617 131919735117504 subm_beg 1 0
1586207173087870 131919735117504 subm_end 1 0
1586207173088170 131919735117504 pump_beg 1 0
1586207181032230 131919735117504 pump_end 1 2
1586207183582537 131919735117504 coll_beg 0 0
1586207184561351 131919735117504 coll_end 0 0
1586207187308771 131919735117504 emit_beg 517 0
1586207194589885 131919735117504 emit_end 517 0
1586207206386035 131919735117504 drain_beg 0 0
1586207206389624 131919735117504 drain_end 1 0
1586207206391024 131919735117504 subm_beg 1 0
1586207211700001 131919735117504 subm_end 1 0
1586207211702341 131919735117504 pump_beg 1 0
1586207223083485 131919735117504 pump_end 1 2
1586207225456629 131919735117504 coll_beg 0 0
1586207229704174 131919735117504 coll_end 0 0
1586207231757499 131919735117504 emit_beg 518 0
1586207237488609 131919735117504 emit_end 518 0
1586207237493599 131919735117504 drain_beg 0 0
1586207237494289 131919735117504 drain_end 1 0
1586207237494879 131919735117504 subm_beg 1 0
1586207241116277 131919735117504 subm_end 1 0
1586207241116877 131919735117504 pump_beg 1 0
1586207251126632 131919735117504 pump_end 1 2
1586207253905960 131919735117504 coll_beg 0 0
1586207257399123 131919735117504 coll_end 0 0
1586207259561764 131919735117504 emit_beg 519 0
1586207265203618 131919735117504 emit_end 519 0
1586207265207888 131919735117504 drain_beg 0 0
1586207265208548 131919735117504 drain_end 1 0
1586207265209188 131919735117504 subm_beg 1 0
1586207268744499 131919735117504 subm_end 1 0
1586207268745069 131919735117504 pump_beg 1 0
1586207278144066 131919735117504 pump_end 1 2
1586207280713492 131919735117504 coll_beg 0 0
1586207282835305 131919735117504 coll_end 0 0
1586207286104925 131919735117504 emit_beg 520 0
1586207289751742 131919735117504 emit_end 520 0
1586207289755272 131919735117504 drain_beg 0 0
1586207289755922 131919735117504 drain_end 1 0
1586207289756562 131919735117504 subm_beg 1 0
1586207293345961 131919735117504 subm_end 1 0
1586207293346571 131919735117504 pump_beg 1 0
1586207304616190 131919735117504 pump_end 1 2
1586207307320571 131919735117504 coll_beg 0 0
1586207312283770 131919735117504 coll_end 0 0
1586207315180204 131919735117504 emit_beg 521 0
1586207320523629 131919735117504 emit_end 521 0
1586207320527009 131919735117504 drain_beg 0 0
1586207320527529 131919735117504 drain_end 1 0
1586207320528009 131919735117504 subm_beg 1 0
1586207324073320 131919735117504 subm_end 1 0
1586207324073710 131919735117504 pump_beg 1 0
1586207334565577 131919735117504 pump_end 1 2
1586207336814415 131919735117504 coll_beg 0 0
1586207340545949 131919735117504 coll_end 0 0
1586207342384752 131919735117504 emit_beg 522 0
1586207346033178 131919735117504 emit_end 522 0
1586207346036398 131919735117504 drain_beg 0 0
1586207346036908 131919735117504 drain_end 1 0
1586207346037438 131919735117504 subm_beg 1 0
1586207349668226 131919735117504 subm_end 1 0
1586207349668766 131919735117504 pump_beg 1 0
1586207362931702 131919735117504 pump_end 1 2
1586207365170770 131919735117504 coll_beg 0 0
1586207369416565 131919735117504 coll_end 0 0
1586207371305226 131919735117504 emit_beg 523 0
1586207378496944 131919735117504 emit_end 523 0
1586207378500694 131919735117504 drain_beg 0 0
1586207378501364 131919735117504 drain_end 1 0
1586207378501974 131919735117504 subm_beg 1 0
1586207382087023 131919735117504 subm_end 1 0
1586207382087553 131919735117504 pump_beg 1 0
1586207390203287 131919735117504 pump_end 1 2
1586207393340912 131919735117504 coll_beg 0 0
1586207394453931 131919735117504 coll_end 0 0
1586207397093295 131919735117504 emit_beg 524 0
1586207404271883 131919735117504 emit_end 524 0
1586207418407387 131919735117504 drain_beg 0 0
1586207418409317 131919735117504 drain_end 1 0
1586207418409937 131919735117504 subm_beg 1 0
1586207421949278 131919735117504 subm_end 1 0
1586207421950218 131919735117504 pump_beg 1 0
1586207431021677 131919735117504 pump_end 1 2
1586207432983875 131919735117504 coll_beg 0 0
1586207434658944 131919735117504 coll_end 0 0
1586207436473498 131919735117504 emit_beg 525 0
1586207440078586 131919735117504 emit_end 525 0
1586207440083556 131919735117504 drain_beg 0 0
1586207440084296 131919735117504 drain_end 1 0
1586207440084796 131919735117504 subm_beg 1 0
1586207443694574 131919735117504 subm_end 1 0
1586207443695064 131919735117504 pump_beg 1 0
1586207454400874 131919735117504 pump_end 1 2
1586207458047801 131919735117504 coll_beg 0 0
1586207460740292 131919735117504 coll_end 0 0
1586207463902087 131919735117504 emit_beg 526 0
1586207480110076 131919735117504 emit_end 526 0
1586207480113055 131919735117504 drain_beg 0 0
1586207480113565 131919735117504 drain_end 1 0
1586207480113915 131919735117504 subm_beg 1 0
1586207483744583 131919735117504 subm_end 1 0
1586207483745053 131919735117504 pump_beg 1 0
1586207495104248 131919735117504 pump_end 1 2
1586207498032251 131919735117504 coll_beg 0 0
1586207501117569 131919735117504 coll_end 0 0
1586207502944172 131919735117504 emit_beg 527 0
1586207508423682 131919735117504 emit_end 527 0
1586207508426922 131919735117504 drain_beg 0 0
1586207508427522 131919735117504 drain_end 1 0
1586207508428122 131919735117504 subm_beg 1 0
1586207511942754 131919735117504 subm_end 1 0
1586207511943154 131919735117504 pump_beg 1 0
1586207522708311 131919735117504 pump_end 1 2
1586207526244212 131919735117504 coll_beg 0 0
1586207530443399 131919735117504 coll_end 0 0
1586207532298611 131919735117504 emit_beg 528 0
1586207537739752 131919735117504 emit_end 528 0
1586207553682431 131919735117504 drain_beg 0 0
1586207553683561 131919735117504 drain_end 1 0
1586207553683971 131919735117504 subm_beg 1 0
1586207557277909 131919735117504 subm_end 1 0
1586207557278519 131919735117504 pump_beg 1 0
1586207568162632 131919735117504 pump_end 1 2
1586207570017075 131919735117504 coll_beg 0 0
1586207573120691 131919735117504 coll_end 0 0
1586207575153777 131919735117504 emit_beg 529 0
1586207579025206 131919735117504 emit_end 529 0
1586207579028216 131919735117504 drain_beg 0 0
1586207579028766 131919735117504 drain_end 1 0
1586207579029316 131919735117504 subm_beg 1 0
1586207582966062 131919735117504 subm_end 1 0
1586207582972472 131919735117504 pump_beg 1 0
1586207594292959 131919735117504 pump_end 1 2
1586207597508411 131919735117504 coll_beg 0 0
1586207601254895 131919735117504 coll_end 0 0
1586207603479413 131919735117504 emit_beg 530 0
1586207609162696 131919735117504 emit_end 530 0
1586207626677767 131919735117504 drain_beg 0 0
1586207626683437 131919735117504 drain_end 1 0
1586207626684816 131919735117504 subm_beg 1 0
1586207630501627 131919735117504 subm_end 1 0
1586207630503887 131919735117504 pump_beg 1 0
1586207640258331 131919735117504 pump_end 1 2
1586207642224559 131919735117504 coll_beg 0 0
1586207644101771 131919735117504 coll_end 0 0
1586207646091488 131919735117504 emit_beg 531 0
1586207649905119 131919735117504 emit_end 531 0
1586207649909589 131919735117504 drain_beg 0 0
1586207649910279 131919735117504 drain_end 1 0
1586207649910949 131919735117504 subm_beg 1 0
1586207653714310 131919735117504 subm_end 1 0
1586207653714870 131919735117504 pump_beg 1 0
1586207661804335 131919735117504 pump_end 1 2
1586207665271398 131919735117504 coll_beg 0 0
1586207666416517 131919735117504 coll_end 0 0
1586207668976853 131919735117504 emit_beg 532 0
1586207676593925 131919735117504 emit_end 532 0
1586207689254473 131919735117504 drain_beg 0 0
1586207689255503 131919735117504 drain_end 1 0
1586207689255843 131919735117504 subm_beg 1 0
1586207693014156 131919735117504 subm_end 1 0
1586207693014576 131919735117504 pump_beg 1 0
1586207704153949 131919735117504 pump_end 1 2
1586207706013852 131919735117504 coll_beg 0 0
1586207709457366 131919735117504 coll_end 0 0
1586207711415884 131919735117504 emit_beg 533 0
1586207715247565 131919735117504 emit_end 533 0
1586207715250284 131919735117504 drain_beg 0 0
1586207715250924 131919735117504 drain_end 1 0
1586207715251474 131919735117504 subm_beg 1 0
1586207718961969 131919735117504 subm_end 1 0
1586207718962369 131919735117504 pump_beg 1 0
1586207728731593 131919735117504 pump_end 1 2
1586207732000443 131919735117504 coll_beg 0 0
1586207734207933 131919735117504 coll_end 0 0
1586207737598099 131919735117504 emit_beg 534 0
1586207745275949 131919735117504 emit_end 534 0
1586207761149660 131919735117504 drain_beg 0 0
1586207761150459 131919735117504 drain_end 1 0
1586207761150799 131919735117504 subm_beg 1 0
1586207765123694 131919735117504 subm_end 1 0
1586207765124214 131919735117504 pump_beg 1 0
1586207776090924 131919735117504 pump_end 1 2
1586207778290524 131919735117504 coll_beg 0 0
1586207781656971 131919735117504 coll_end 0 0
1586207783552482 131919735117504 emit_beg 535 0
1586207789302742 131919735117504 emit_end 535 0
1586207789305852 131919735117504 drain_beg 0 0
1586207789306332 131919735117504 drain_end 1 0
1586207789306802 131919735117504 subm_beg 1 0
1586207793086014 131919735117504 subm_end 1 0
1586207793086624 131919735117504 pump_beg 1 0
1586207801567854 131919735117504 pump_end 1 2
1586207804354563 131919735117504 coll_beg 0 0
1586207805671965 131919735117504 coll_end 0 0
1586207808134885 131919735117504 emit_beg 536 0
1586207815696049 131919735117504 emit_end 536 0
1586207815698589 131919735117504 drain_beg 0 0
1586207815698969 131919735117504 drain_end 1 0
1586207815699219 131919735117504 subm_beg 1 0
1586207819506550 131919735117504 subm_end 1 0
1586207819507070 131919735117504 pump_beg 1 0
1586207832709808 131919735117504 pump_end 1 2
1586207835752697 131919735117504 coll_beg 0 0
1586207840756294 131919735117504 coll_end 0 0
1586207842703233 131919735117504 emit_beg 537 0
1586207848543390 131919735117504 emit_end 537 0
1586207848545820 131919735117504 drain_beg 0 0
1586207848546150 131919735117504 drain_end 1 0
1586207848546550 131919735117504 subm_beg 1 0
1586207852227696 131919735117504 subm_end 1 0
1586207852228136 131919735117504 pump_beg 1 0
1586207863434957 131919735117504 pump_end 1 2
1586207865501101 131919735117504 coll_beg 0 0
1586207869124049 131919735117504 coll_end 0 0
1586207871594459 131919735117504 emit_beg 538 0
1586207879175612 131919735117504 emit_end 538 0
1586207879178932 131919735117504 drain_beg 0 0
1586207879179412 131919735117504 drain_end 1 0
1586207879184302 131919735117504 subm_beg 1 0
1586207882920846 131919735117504 subm_end 1 0
1586207882921496 131919735117504 pump_beg 1 0
1586207896107785 131919735117504 pump_end 1 2
1586207898900712 131919735117504 coll_beg 0 0
1586207903903770 131919735117504 coll_end 0 0
1586207907009147 131919735117504 emit_beg 539 0
1586207913049656 131919735117504 emit_end 539 0
1586207913052736 131919735117504 drain_beg 0 0
1586207913053356 131919735117504 drain_end 1 0
1586207913053716 131919735117504 subm_beg 1 0
1586207916760931 131919735117504 subm_end 1 0
1586207916761521 131919735117504 pump_beg 1 0
1586207927380813 131919735117504 pump_end 1 2
1586207930861276 131919735117504 coll_beg 0 0
1586207933717382 131919735117504 coll_end 0 0
1586207936925335 131919735117504 emit_beg 540 0
1586207944481669 131919735117504 emit_end 540 0
1586207944484609 131919735117504 drain_beg 0 0
1586207944485029 131919735117504 drain_end 1 0
1586207944485309 131919735117504 subm_beg 1 0
1586207948182764 131919735117504 subm_end 1 0
1586207948183224 131919735117504 pump_beg 1 0
1586207958782197 131919735117504 pump_end 1 2
1586207960883541 131919735117504 coll_beg 0 0
1586207965196863 131919735117504 coll_end 0 0
1586207967008837 131919735117504 emit_beg 541 0
1586207972469968 131919735117504 emit_end 541 0
1586207972474588 131919735117504 drain_beg 0 0
1586207972475308 131919735117504 drain_end 1 0
1586207972475978 131919735117504 subm_beg 1 0
1586207975996739 131919735117504 subm_end 1 0
1586207975997049 131919735117504 pump_beg 1 0
1586207983532944 131919735117504 pump_end 1 2
1586207986494416 131919735117504 coll_beg 0 0
1586207987099374 131919735117504 coll_end 0 0
1586207990008258 131919735117504 emit_beg 542 0
1586207997163167 131919735117504 emit_end 542 0
1586208010654904 131919735117504 drain_beg 0 0
1586208010655854 131919735117504 drain_end 1 0
1586208010656114 131919735117504 subm_beg 1 0
1586208014238804 131919735117504 subm_end 1 0
1586208014239213 131919735117504 pump_beg 1 0
1586208021612584 131919735117504 pump_end 1 2
1586208023558123 131919735117504 coll_beg 0 0
1586208024144642 131919735117504 coll_end 0 0
1586208027224820 131919735117504 emit_beg 543 0
1586208032544355 131919735117504 emit_end 543 0
1586208032546785 131919735117504 drain_beg 0 0
1586208032547345 131919735117504 drain_end 1 0
1586208032547795 131919735117504 subm_beg 1 0
1586208036173723 131919735117504 subm_end 1 0
1586208036174423 131919735117504 pump_beg 1 0
1586208047720692 131919735117504 pump_end 1 2
1586208049515486 131919735117504 coll_beg 0 0
1586208053382565 131919735117504 coll_end 0 0
1586208056774591 131919735117504 emit_beg 544 0
1586208062281290 131919735117504 emit_end 544 0
1586208062284290 131919735117504 drain_beg 0 0
1586208062284940 131919735117504 drain_end 1 0
1586208062285450 131919735117504 subm_beg 1 0
1586208065826401 131919735117504 subm_end 1 0
1586208065827041 131919735117504 pump_beg 1 0
1586208079304649 131919735117504 pump_end 1 2
1586208081128352 131919735117504 coll_beg 0 0
1586208085931377 131919735117504 coll_end 0 0
1586208087826338 131919735117504 emit_beg 545 0
1586208093328097 131919735117504 emit_end 545 0
1586208093331347 131919735117504 drain_beg 0 0
1586208093332087 131919735117504 drain_end 1 0
1586208093332547 131919735117504 subm_beg 1 0
1586208096926026 131919735117504 subm_end 1 0
1586208096926526 131919735117504 pump_beg 1 0
1586208108829752 131919735117504 pump_end 1 2
1586208110727952 131919735117504 coll_beg 0 0
1586208114938969 131919735117504 coll_end 0 0
1586208116805110 131919735117504 emit_beg 546 0
1586208122372677 131919735117504 emit_end 546 0
1586208122375687 131919735117504 drain_beg 0 0
1586208122376287 131919735117504 drain_end 1 0
1586208122376847 131919735117504 subm_beg 1 0
1586208125888239 131919735117504 subm_end 1 0
1586208125888709 131919735117504 pump_beg 1 0
1586208134032012 131919735117504 pump_end 1 2
1586208137277593 131919735117504 coll_beg 0 0
1586208138797858 131919735117504 coll_end 0 0
1586208140876082 131919735117504 emit_beg 547 0
1586208148474375 131919735117504 emit_end 547 0
1586208162898558 131919735117504 drain_beg 0 0
1586208162900038 131919735117504 drain_end 1 0
1586208162900448 131919735117504 subm_beg 1 0
1586208166539816 131919735117504 subm_end 1 0
1586208166540396 131919735117504 pump_beg 1 0
1586208176052028 131919735117504 pump_end 1 2
1586208178012627 131919735117504 coll_beg 0 0
1586208180219036 131919735117504 coll_end 0 0
1586208182129017 131919735117504 emit_beg 548 0
1586208187583278 131919735117504 emit_end 548 0
1586208187586577 131919735117504 drain_beg 0 0
1586208187587147 131919735117504 drain_end 1 0
1586208187587687 131919735117504 subm_beg 1 0
1586208191171107 131919735117504 subm_end 1 0
1586208191174037 131919735117504 pump_beg 1 0
1586208200120430 131919735117504 pump_end 1 2
1586208203512206 131919735117504 coll_beg 0 0
1586208205184125 131919735117504 coll_end 0 0
1586208207252170 131919735117504 emit_beg 549 0
1586208214543254 131919735117504 emit_end 549 0
1586208214546314 131919735117504 drain_beg 0 0
1586208214546814 131919735117504 drain_end 1 0
1586208214547134 131919735117504 subm_beg 1 0
1586208218139522 131919735117504 subm_end 1 0
1586208218140052 131919735117504 pump_beg 1 0
1586208228801223 131919735117504 pump_end 1 2
1586208230622127 131919735117504 coll_beg 0 0
1586208233710114 131919735117504 coll_end 0 0
1586208236823281 131919735117504 emit_beg 550 0
1586208240459818 131919735117504 emit_end 550 0
1586208240462828 131919735117504 drain_beg 0 0
1586208240463458 131919735117504 drain_end 1 0
1586208240463908 131919735117504 subm_beg 1 0
1586208244059497 131919735117504 subm_end 1 0
1586208244059957 131919735117504 pump_beg 1 0
1586208255032516 131919735117504 pump_end 1 2
1586208258767300 131919735117504 coll_beg 0 0
1586208262110888 131919735117504 coll_end 0 0
1586208264507280 131919735117504 emit_beg 551 0
1586208271645190 131919735117504 emit_end 551 0
1586208271648240 131919735117504 drain_beg 0 0
1586208271648700 131919735117504 drain_end 1 0
1586208271649240 131919735117504 subm_beg 1 0
1586208275184041 131919735117504 subm_end 1 0
1586208275184691 131919735117504 pump_beg 1 0
1586208286214958 131919735117504 pump_end 1 2
1586208289581995 131919735117504 coll_beg 0 0
1586208292981431 131919735117504 coll_end 0 0
1586208294886022 131919735117504 emit_beg 552 0
1586208302069100 131919735117504 emit_end 552 0
1586208302072330 131919735117504 drain_beg 0 0
1586208302072910 131919735117504 drain_end 1 0
1586208302073500 131919735117504 subm_beg 1 0
1586208305610650 131919735117504 subm_end 1 0
1586208305611180 131919735117504 pump_beg 1 0
1586208314879552 131919735117504 pump_end 1 2
1586208317969559 131919735117504 coll_beg 0 0
1586208319832371 131919735117504 coll_end 0 0
1586208321771461 131919735117504 emit_beg 553 0
1586208329301536 131919735117504 emit_end 553 0
1586208329305056 131919735117504 drain_beg 0 0
1586208329305526 131919735117504 drain_end 1 0
1586208329305966 131919735117504 subm_beg 1 0
1586208333101307 131919735117504 subm_end 1 0
1586208333102067 131919735117504 pump_beg 1 0
1586208344376216 131919735117504 pump_end 1 2
1586208347202793 131919735117504 coll_beg 0 0
1586208350633417 131919735117504 coll_end 0 0
1586208352564237 131919735117504 emit_beg 554 0
1586208358415913 131919735117504 emit_end 554 0
1586208375714152 131919735117504 drain_beg 0 0
1586208375715022 131919735117504 drain_end 1 0
1586208375715422 131919735117504 subm_beg 1 0
1586208379506974 131919735117504 subm_end 1 0
1586208379507464 131919735117504 pump_beg 1 0
1586208388385640 131919735117504 pump_end 1 2
1586208390317099 131919735117504 coll_beg 0 0
1586208391861673 131919735117504 coll_end 0 0
1586208393727335 131919735117504 emit_beg 555 0
1586208399465245 131919735117504 emit_end 555 0
1586208399468055 131919735117504 drain_beg 0 0
1586208399468545 131919735117504 drain_end 1 0
1586208399469245 131919735117504 subm_beg 1 0
1586208403226908 131919735117504 subm_end 1 0
1586208403227458 131919735117504 pump_beg 1 0
1586208411673070 131919735117504 pump_end 1 2
1586208415375375 131919735117504 coll_beg 0 0
1586208416093329 131919735117504 coll_end 0 0
1586208419639469 131919735117504 emit_beg 556 0
1586208425367870 131919735117504 emit_end 556 0
1586208439521254 131919735117504 drain_beg 0 0
1586208439522054 131919735117504 drain_end 1 0
1586208439522484 131919735117504 subm_beg 1 0
1586208443307085 131919735117504 subm_end 1 0
1586208443307545 131919735117504 pump_beg 1 0
1586208455412304 131919735117504 pump_end 1 2
1586208457469489 131919735117504 coll_beg 0 0
1586208461170674 131919735117504 coll_end 0 0
1586208463027236 131919735117504 emit_beg 557 0
1586208468755977 131919735117504 emit_end 557 0
1586208468759327 131919735117504 drain_beg 0 0
1586208468759867 131919735117504 drain_end 1 0
1586208468760337 131919735117504 subm_beg 1 0
1586208472447582 131919735117504 subm_end 1 0
1586208472448012 131919735117504 pump_beg 1 0
1586208481905027 131919735117504 pump_end 1 2
1586208485662450 131919735117504 coll_beg 0 0
1586208487883209 131919735117504 coll_end 0 0
1586208491289484 131919735117504 emit_beg 558 0
1586208496950758 131919735117504 emit_end 558 0
1586208496953598 131919735117504 drain_beg 0 0
1586208496953878 131919735117504 drain_end 1 0
1586208496954238 131919735117504 subm_beg 1 0
1586208500659923 131919735117504 subm_end 1 0
1586208500660413 131919735117504 pump_beg 1 0
1586208512275539 131919735117504 pump_end 1 2
1586208514219028 131919735117504 coll_beg 0 0
1586208517671842 131919735117504 coll_end 0 0
1586208519947469 131919735117504 emit_beg 559 0
1586208525717138 131919735117504 emit_end 559 0
1586208525720358 131919735117504 drain_beg 0 0
1586208525720848 131919735117504 drain_end 1 0
1586208525721308 131919735117504 subm_beg 1 0
1586208529436832 131919735117504 subm_end 1 0
1586208529437292 131919735117504 pump_beg 1 0
1586208541687205 131919735117504 pump_end 1 2
1586208545340962 131919735117504 coll_beg 0 0
1586208550843271 131919735117504 coll_end 0 0
1586208552783100 131919735117504 emit_beg 560 0
1586208558629577 131919735117504 emit_end 560 0
1586208558633957 131919735117504 drain_beg 0 0
1586208558634717 131919735117504 drain_end 1 0
1586208558635197 131919735117504 subm_beg 1 0
1586208562226756 131919735117504 subm_end 1 0
1586208562227506 131919735117504 pump_beg 1 0
1586208570146657 131919735117504 pump_end 1 2
1586208575302169 131919735117504 coll_beg 0 0
1586208576469946 131919735117504 coll_end 0 0
1586208579097380 131919735117504 emit_beg 561 0
1586208586658374 131919735117504 emit_end 561 0
1586208601399896 131919735117504 drain_beg 0 0
1586208601402026 131919735117504 drain_end 1 0
1586208601402896 131919735117504 subm_beg 1 0
1586208605234016 131919735117504 subm_end 1 0
1586208605234856 131919735117504 pump_beg 1 0
1586208616159457 131919735117504 pump_end 1 2
1586208618202873 131919735117504 coll_beg 0 0
1586208622044003 131919735117504 coll_end 0 0
1586208624052719 131919735117504 emit_beg 562 0
1586208629827239 131919735117504 emit_end 562 0
1586208629830379 131919735117504 drain_beg 0 0
1586208629830799 131919735117504 drain_end 1 0
1586208629831239 131919735117504 subm_beg 1 0
1586208633554713 131919735117504 subm_end 1 0
1586208633555203 131919735117504 pump_beg 1 0
1586208643202431 131919735117504 pump_end 1 2
1586208646415813 131919735117504 coll_beg 0 0
1586208647462375 131919735117504 coll_end 0 0
1586208650202415 131919735117504 emit_beg 563 0
1586208657690632 131919735117504 emit_end 563 0
1586208657692952 131919735117504 drain_beg 0 0
1586208657693382 131919735117504 drain_end 1 0
1586208657693802 131919735117504 subm_beg 1 0
1586208661460554 131919735117504 subm_end 1 0
1586208661461014 131919735117504 pump_beg 1 0
1586208674158221 131919735117504 pump_end 1 2
1586208676096290 131919735117504 coll_beg 0 0
1586208680071085 131919735117504 coll_end 0 0
1586208682017704 131919735117504 emit_beg 564 0
1586208687770794 131919735117504 emit_end 564 0
1586208687773744 131919735117504 drain_beg 0 0
1586208687774254 131919735117504 drain_end 1 0
1586208687774694 131919735117504 subm_beg 1 0
1586208691497398 131919735117504 subm_end 1 0
1586208691497798 131919735117504 pump_beg 1 0
1586208700838927 131919735117504 pump_end 1 2
1586208703519510 131919735117504 coll_beg 0 0
1586208705571825 131919735117504 coll_end 0 0
1586208707542623 131919735117504 emit_beg 565 0
1586208714803468 131919735117504 emit_end 565 0
1586208714806538 131919735117504 drain_beg 0 0
1586208714807038 131919735117504 drain_end 1 0
1586208714807588 131919735117504 subm_beg 1 0
1586208718416246 131919735117504 subm_end 1 0
1586208718416726 131919735117504 pump_beg 1 0
1586208730152158 131919735117504 pump_end 1 2
1586208732575529 131919735117504 coll_beg 0 0
1586208736318973 131919735117504 coll_end 0 0
1586208739172748 131919735117504 emit_beg 566 0
1586208742782257 131919735117504 emit_end 566 0
1586208742785497 131919735117504 drain_beg 0 0
1586208742786137 131919735117504 drain_end 1 0
1586208742786807 131919735117504 subm_beg 1 0
1586208746397095 131919735117504 subm_end 1 0
1586208746397465 131919735117504 pump_beg 1 0
1586208755843600 131919735117504 pump_end 1 2
1586208758636048 131919735117504 coll_beg 0 0
1586208760616416 131919735117504 coll_end 0 0
1586208764320461 131919735117504 emit_beg 567 0
1586208771456540 131919735117504 emit_end 567 0
1586208784964667 131919735117504 drain_beg 0 0
1586208784965877 131919735117504 drain_end 1 0
1586208784966377 131919735117504 subm_beg 1 0
1586208788572966 131919735117504 subm_end 1 0
1586208788573356 131919735117504 pump_beg 1 0
1586208796577504 131919735117504 pump_end 1 2
1586208798430386 131919735117504 coll_beg 0 0
1586208799482978 131919735117504 coll_end 0 0
1586208801295441 131919735117504 emit_beg 568 0
1586208806715694 131919735117504 emit_end 568 0
1586208820706523 131919735117504 drain_beg 0 0
1586208820707333 131919735117504 drain_end 1 0
1586208820707643 131919735117504 subm_beg 1 0
1586208824337411 131919735117504 subm_end 1 0
1586208824337881 131919735117504 pump_beg 1 0
1586208832713555 131919735117504 pump_end 1 2
1586208834618435 131919735117504 coll_beg 0 0
1586208835575290 131919735117504 coll_end 0 0
1586208837380274 131919735117504 emit_beg 569 0
1586208842826966 131919735117504 emit_end 569 0
1586208842829546 131919735117504 drain_beg 0 0
1586208842829856 131919735117504 drain_end 1 0
1586208842830096 131919735117504 subm_beg 1 0
1586208846392196 131919735117504 subm_end 1 0
1586208846392586 131919735117504 pump_beg 1 0
1586208858034211 131919735117504 pump_end 1 2
1586208859857904 131919735117504 coll_beg 0 0
1586208863467353 131919735117504 coll_end 0 0
1586208865316775 131919735117504 emit_beg 570 0
1586208870867553 131919735117504 emit_end 570 0
1586208870870732 131919735117504 drain_beg 0 0
1586208870871182 131919735117504 drain_end 1 0
1586208870871622 131919735117504 subm_beg 1 0
1586208874338366 131919735117504 subm_end 1 0
1586208874339326 131919735117504 pump_beg 1 0
1586208885188800 131919735117504 pump_end 1 2
1586208888056455 131919735117504 coll_beg 0 0
1586208891053286 131919735117504 coll_end 0 0
1586208892799812 131919735117504 emit_beg 571 0
1586208900152004 131919735117504 emit_end 571 0
1586208900155824 131919735117504 drain_beg 0 0
1586208900156274 131919735117504 drain_end 1 0
1586208900156754 131919735117504 subm_beg 1 0
1586208903738123 131919735117504 subm_end 1 0
1586208903738673 131919735117504 pump_beg 1 0
1586208913016054 131919735117504 pump_end 1 2
1586208916195288 131919735117504 coll_beg 0 0
1586208918285712 131919735117504 coll_end 0 0
1586208920038108 131919735117504 emit_beg 572 0
1586208923674255 131919735117504 emit_end 572 0
1586208942441151 131919735117504 drain_beg 0 0
1586208942445080 131919735117504 drain_end 1 0
1586208942445980 131919735117504 subm_beg 1 0
1586208946076378 131919735117504 subm_end 1 0
1586208946078958 131919735117504 pump_beg 1 0
1586208957345817 131919735117504 pump_end 1 2
1586208960990014 131919735117504 coll_beg 0 0
1586208964324562 131919735117504 coll_end 0 0
1586208966237892 131919735117504 emit_beg 573 0
1586208971705593 131919735117504 emit_end 573 0
1586208971709442 131919735117504 drain_beg 0 0
1586208971710142 131919735117504 drain_end 1 0
1586208971710712 131919735117504 subm_beg 1 0
1586208975263853 131919735117504 subm_end 1 0
1586208975264223 131919735117504 pump_beg 1 0
1586208984412669 131919735117504 pump_end 1 2
1586208987190418 131919735117504 coll_beg 0 0
1586208989044020 131919735117504 coll_end 0 0
1586208990849554 131919735117504 emit_beg 574 0
1586208997956155 131919735117504 emit_end 574 0
1586208997958984 131919735117504 drain_beg 0 0
1586208997959334 131919735117504 drain_end 1 0
1586208997959644 131919735117504 subm_beg 1 0
1586209001601792 131919735117504 subm_end 1 0
1586209001602251 131919735117504 pump_beg 1 0
1586209013360292 131919735117504 pump_end 1 2
1586209015341010 131919735117504 coll_beg 0 0
1586209019264567 131919735117504 coll_end 0 0
1586209021107010 131919735117504 emit_beg 575 0
1586209026644758 131919735117504 emit_end 575 0
1586209026647498 131919735117504 drain_beg 0 0
1586209026647878 131919735117504 drain_end 1 0
1586209026648168 131919735117504 subm_beg 1 0
1586209030159189 131919735117504 subm_end 1 0
1586209030159759 131919735117504 pump_beg 1 0
1586209041995818 131919735117504 pump_end 1 2
1586209043803071 131919735117504 coll_beg 0 0
1586209047813735 131919735117504 coll_end 0 0
1586209049779363 131919735117504 emit_beg 576 0
1586209055234344 131919735117504 emit_end 576 0
1586209055236664 131919735117504 drain_beg 0 0
1586209055236914 131919735117504 drain_end 1 0
1586209055237424 131919735117504 subm_beg 1 0
1586209058718557 131919735117504 subm_end 1 0
1586209058719107 131919735117504 pump_beg 1 0
1586209066200064 131919735117504 pump_end 1 2
1586209069207015 131919735117504 coll_beg 0 0
1586209069829072 131919735117504 coll_end 0 0
1586209072788594 131919735117504 emit_beg 577 0
1586209080281040 131919735117504 emit_end 577 0
1586209092675938 131919735117504 drain_beg 0 0
1586209092676708 131919735117504 drain_end 1 0
1586209092677128 131919735117504 subm_beg 1 0
1586209096458540 131919735117504 subm_end 1 0
1586209096459020 131919735117504 pump_beg 1 0
1586209107548905 131919735117504 pump_end 1 2
1586209109493504 131919735117504 coll_beg 0 0
1586209113014546 131919735117504 coll_end 0 0
1586209114961805 131919735117504 emit_beg 578 0
1586209120633668 131919735117504 emit_end 578 0
1586209120636238 131919735117504 drain_beg 0 0
1586209120636708 131919735117504 drain_end 1 0
1586209120637248 131919735117504 subm_beg 1 0
1586209124315283 131919735117504 subm_end 1 0
1586209124315733 131919735117504 pump_beg 1 0
1586209134281600 131919735117504 pump_end 1 2
1586209138182507 131919735117504 coll_beg 0 0
1586209140845080 131919735117504 coll_end 0 0
1586209143970276 131919735117504 emit_beg 579 0
1586209149686877 131919735117504 emit_end 579 0
1586209149689647 131919735117504 drain_beg 0 0
1586209149690237 131919735117504 drain_end 1 0
1586209149690517 131919735117504 subm_beg 1 0
1586209153458000 131919735117504 subm_end 1 0
1586209153458480 131919735117504 pump_beg 1 0
1586209167004636 131919735117504 pump_end 1 2
1586209168851918 131919735117504 coll_beg 0 0
1586209174849039 131919735117504 coll_end 0 0
1586209176848916 131919735117504 emit_beg 580 0
1586209182797389 131919735117504 emit_end 580 0
1586209182802099 131919735117504 drain_beg 0 0
1586209182802719 131919735117504 drain_end 1 0
1586209182803319 131919735117504 subm_beg 1 0
1586209186494534 131919735117504 subm_end 1 0
1586209186495024 131919735117504 pump_beg 1 0
1586209197396096 131919735117504 pump_end 1 2
1586209199776060 131919735117504 coll_beg 0 0
1586209203179565 131919735117504 coll_end 0 0
1586209205995623 131919735117504 emit_beg 581 0
1586209213552017 131919735117504 emit_end 581 0
1586209213555597 131919735117504 drain_beg 0 0
1586209213556067 131919735117504 drain_end 1 0
1586209213556427 131919735117504 subm_beg 1 0
1586209217264151 131919735117504 subm_end 1 0
1586209217264941 131919735117504 pump_beg 1 0
1586209228113235 131919735117504 pump_end 1 2
1586209230364903 131919735117504 coll_beg 0 0
1586209233580306 131919735117504 coll_end 0 0
1586209236065795 131919735117504 emit_beg 582 0
1586209241832305 131919735117504 emit_end 582 0
1586209241836045 131919735117504 drain_beg 0 0
1586209241843554 131919735117504 drain_end 1 0
1586209241843924 131919735117504 subm_beg 1 0
1586209245593918 131919735117504 subm_end 1 0
1586209245594438 131919735117504 pump_beg 1 0
1586209254385017 131919735117504 pump_end 1 2
1586209256863436 131919735117504 coll_beg 0 0
1586209258803145 131919735117504 coll_end 0 0
1586209260787113 131919735117504 emit_beg 583 0
1586209268455553 131919735117504 emit_end 583 0
1586209268459173 131919735117504 drain_beg 0 0
1586209268459873 131919735117504 drain_end 1 0
1586209268460533 131919735117504 subm_beg 1 0
1586209272190887 131919735117504 subm_end 1 0
1586209272191317 131919735117504 pump_beg 1 0
1586209282528630 131919735117504 pump_end 1 2
1586209284936022 131919735117504 coll_beg 0 0
1586209287219659 131919735117504 coll_end 0 0
1586209290658583 131919735117504 emit_beg 584 0
1586209298316683 131919735117504 emit_end 584 0
1586209298319713 131919735117504 drain_beg 0 0
1586209298320183 131919735117504 drain_end 1 0
1586209298320563 131919735117504 subm_beg 1 0
1586209301998859 131919735117504 subm_end 1 0
1586209302000059 131919735117504 pump_beg 1 0
1586209309299193 131919735117504 pump_end 1 2
1586209312645061 131919735117504 coll_beg 0 0
1586209312834314 131919735117504 coll_end 0 0
1586209316414833 131919735117504 emit_beg 585 0
1586209324016126 131919735117504 emit_end 585 0
1586209338101552 131919735117504 drain_beg 0 0
1586209338102132 131919735117504 drain_end 1 0
1586209338102402 131919735117504 subm_beg 1 0
1586209342036028 131919735117504 subm_end 1 0
1586209342036468 131919735117504 pump_beg 1 0
1586209353295067 131919735117504 pump_end 1 2
1586209355572904 131919735117504 coll_beg 0 0
1586209360545823 131919735117504 coll_end 0 0
1586209362984174 131919735117504 emit_beg 586 0
1586209368926657 131919735117504 emit_end 586 0
1586209368931997 131919735117504 drain_beg 0 0
1586209368932737 131919735117504 drain_end 1 0
1586209368933527 131919735117504 subm_beg 1 0
1586209372596043 131919735117504 subm_end 1 0
1586209372596783 131919735117504 pump_beg 1 0
1586209382548050 131919735117504 pump_end 1 2
1586209385089907 131919735117504 coll_beg 0 0
1586209387411412 131919735117504 coll_end 0 0
1586209390791149 131919735117504 emit_beg 587 0
1586209398566195 131919735117504 emit_end 587 0
1586209415312624 131919735117504 drain_beg 0 0
1586209415313964 131919735117504 drain_end 1 0
1586209415314414 131919735117504 subm_beg 1 0
1586209419122365 131919735117504 subm_end 1 0
1586209419122725 131919735117504 pump_beg 1 0
1586209429669910 131919735117504 pump_end 1 2
1586209431721405 131919735117504 coll_beg 0 0
1586209434703136 131919735117504 coll_end 0 0
1586209436693484 131919735117504 emit_beg 588 0
1586209442534631 131919735117504 emit_end 588 0
1586209442537840 131919735117504 drain_beg 0 0
1586209442538340 131919735117504 drain_end 1 0
1586209442538710 131919735117504 subm_beg 1 0
1586209446256175 131919735117504 subm_end 1 0
1586209446256575 131919735117504 pump_beg 1 0
1586209457454456 131919735117504 pump_end 1 2
1586209461167731 131919735117504 coll_beg 0 0
1586209463717568 131919735117504 coll_end 0 0
1586209465560880 131919735117504 emit_beg 589 0
1586209471001492 131919735117504 emit_end 589 0
1586209471003332 131919735117504 drain_beg 0 0
1586209471003692 131919735117504 drain_end 1 0
1586209471003992 131919735117504 subm_beg 1 0
1586209474582641 131919735117504 subm_end 1 0
1586209474583051 131919735117504 pump_beg 1 0
1586209486931410 131919735117504 pump_end 1 2
1586209489138420 131919735117504 coll_beg 0 0
1586209492178609 131919735117504 coll_end 0 0
1586209494023192 131919735117504 emit_beg 590 0
1586209499468833 131919735117504 emit_end 590 0
1586209499471443 131919735117504 drain_beg 0 0
1586209499471793 131919735117504 drain_end 1 0
1586209499472063 131919735117504 subm_beg 1 0
1586209503045702 131919735117504 subm_end 1 0
1586209503048712 131919735117504 pump_beg 1 0
1586209513838689 131919735117504 pump_end 1 2
1586209515713850 131919735117504 coll_beg 0 0
1586209518008706 131919735117504 coll_end 0 0
1586209521693582 131919735117504 emit_beg 591 0
1586209528989106 131919735117504 emit_end 591 0
1586209528992476 131919735117504 drain_beg 0 0
1586209528992865 131919735117504 drain_end 1 0
1586209528993085 131919735117504 subm_beg 1 0
1586209530859427 131919735117504 subm_end 1 0
1586209530861227 131919735117504 pump_beg 1 0
1586209540128379 131919735117504 pump_end 1 2
1586209542822181 131919735117504 coll_beg 0 0
1586209545917118 131919735117504 coll_end 0 0
1586209547771620 131919735117504 emit_beg 592 0
1586209553275969 131919735117504 emit_end 592 0
1586209567607926 131919735117504 drain_beg 0 0
1586209567608856 131919735117504 drain_end 1 0
1586209567609316 131919735117504 subm_beg 1 0
1586209571185896 131919735117504 subm_end 1 0
1586209571186346 131919735117504 pump_beg 1 0
1586209582815381 131919735117504 pump_end 1 2
1586209584743931 131919735117504 coll_beg 0 0
1586209587602137 131919735117504 coll_end 0 0
1586209589955771 131919735117504 emit_beg 593 0
1586209595678182 131919735117504 emit_end 593 0
1586209595680672 131919735117504 drain_beg 0 0
1586209595681102 131919735117504 drain_end 1 0
1586209595681322 131919735117504 subm_beg 1 0
1586209599250972 131919735117504 subm_end 1 0
1586209599251242 131919735117504 pump_beg 1 0
1586209610551259 131919735117504 pump_end 1 2
1586209615753809 131919735117504 coll_beg 0 0
1586209619022700 131919735117504 coll_end 0 0
1586209620964329 131919735117504 emit_beg 594 0
1586209626442909 131919735117504 emit_end 594 0
1586209626445599 131919735117504 drain_beg 0 0
1586209626446079 131919735117504 drain_end 1 0
1586209626446399 131919735117504 subm_beg 1 0
1586209630052858 131919735117504 subm_end 1 0
1586209630053248 131919735117504 pump_beg 1 0
1586209642362908 131919735117504 pump_end 1 2
1586209644447532 131919735117504 coll_beg 0 0
1586209647941655 131919735117504 coll_end 0 0
1586209651264083 131919735117504 emit_beg 595 0
1586209658525398 131919735117504 emit_end 595 0
1586209658528528 131919735117504 drain_beg 0 0
1586209658528938 131919735117504 drain_end 1 0
1586209658529278 131919735117504 subm_beg 1 0
1586209660344442 131919735117504 subm_end 1 0
1586209660344842 131919735117504 pump_beg 1 0
1586209670446843 131919735117504 pump_end 1 2
1586209672804487 131919735117504 coll_beg 0 0
1586209674693358 131919735117504 coll_end 0 0
1586209678289167 131919735117504 emit_beg 596 0
1586209683754568 131919735117504 emit_end 596 0
1586209683756728 131919735117504 drain_beg 0 0
1586209683757078 131919735117504 drain_end 1 0
1586209683757428 131919735117504 subm_beg 1 0
1586209687575228 131919735117504 subm_end 1 0
1586209687575678 131919735117504 pump_beg 1 0
1586209695985031 131919735117504 pump_end 1 2
1586209699573580 131919735117504 coll_beg 0 0
1586209700467138 131919735117504 coll_end 0 0
1586209703161079 131919735117504 emit_beg 597 0
1586209710518071 131919735117504 emit_end 597 0
1586209710524801 131919735117504 drain_beg 0 0
1586209710525751 131919735117504 drain_end 1 0
1586209710526321 131919735117504 subm_beg 1 0
1586209714066522 131919735117504 subm_end 1 0
1586209714079771 131919735117504 pump_beg 1 0
1586209726617723 131919735117504 pump_end 1 2
1586209729498808 131919735117504 coll_beg 0 0
1586209732735220 131919735117504 coll_end 0 0
1586209734632431 131919735117504 emit_beg 598 0
1586209740153980 131919735117504 emit_end 598 0
1586209740156739 131919735117504 drain_beg 0 0
1586209740157139 131919735117504 drain_end 1 0
1586209740157379 131919735117504 subm_beg 1 0
1586209743650052 131919735117504 subm_end 1 0
1586209743650412 131919735117504 pump_beg 1 0
1586209756004191 131919735117504 pump_end 1 2
1586209758081235 131919735117504 coll_beg 0 0
1586209761573068 131919735117504 coll_end 0 0
1586209763652202 131919735117504 emit_beg 599 0
1586209769162371 131919735117504 emit_end 599 0
1586209769165621 131919735117504 drain_beg 0 0
1586209769166101 131919735117504 drain_end 1 0
1586209769166381 131919735117504 subm_beg 1 0
1586209772683812 131919735117504 subm_end 1 0
1586209772684142 131919735117504 pump_beg 1 0
1586209783838165 131919735117504 pump_end 1 2
1586209786995820 131919735117504 coll_beg 0 0
1586209791061132 131919735117504 coll_end 0 0
1586209792909844 131919735117504 emit_beg 600 0
1586209798564088 131919735117504 emit_end 600 0
1586209798567618 131919735117504 drain_beg 0 0
1586209798568138 131919735117504 drain_end 1 0
1586209798568448 131919735117504 subm_beg 1 0
1586209802117298 131919735117504 subm_end 1 0
1586209802117678 131919735117504 pump_beg 1 0
1586209809085824 131919735117504 pump_end 1 2
1586209811442658 131919735117504 coll_beg 0 0
1586209811510695 131919735117504 coll_end 0 0
1586209815087085 131919735117504 emit_beg 601 0
1586209822691337 131919735117504 emit_end 601 0
1586209834463548 131919735117504 drain_beg 0 0
1586209834464448 131919735117504 drain_end 1 0
1586209834464828 131919735117504 subm_beg 1 0
1586209838322797 131919735117504 subm_end 1 0
1586209838323177 131919735117504 pump_beg 1 0
1586209849812058 131919735117504 pump_end 1 2
1586209851822504 131919735117504 coll_beg 0 0
1586209856215364 131919735117504 coll_end 0 0
1586209858204161 131919735117504 emit_beg 602 0
1586209862059451 131919735117504 emit_end 602 0
1586209862067231 131919735117504 drain_beg 0 0
1586209862068170 131919735117504 drain_end 1 0
1586209862068960 131919735117504 subm_beg 1 0
1586209865834083 131919735117504 subm_end 1 0
1586209865834683 131919735117504 pump_beg 1 0
1586209877928552 131919735117504 pump_end 1 2
1586209880573915 131919735117504 coll_beg 0 0
1586209887304820 131919735117504 coll_end 0 0
1586209890427126 131919735117504 emit_beg 603 0
1586209896322780 131919735117504 emit_end 603 0
1586209896327330 131919735117504 drain_beg 0 0
1586209896327920 131919735117504 drain_end 1 0
1586209896328380 131919735117504 subm_beg 1 0
1586209900043135 131919735117504 subm_end 1 0
1586209900043645 131919735117504 pump_beg 1 0
1586209912487411 131919735117504 pump_end 1 2
1586209914806246 131919735117504 coll_beg 0 0
1586209920001276 131919735117504 coll_end 0 0
1586209921953995 131919735117504 emit_beg 604 0
1586209929720752 131919735117504 emit_end 604 0
1586209929724952 131919735117504 drain_beg 0 0
1586209929725641 131919735117504 drain_end 1 0
1586209929726171 131919735117504 subm_beg 1 0
1586209933512903 131919735117504 subm_end 1 0
1586209933513403 131919735117504 pump_beg 1 0
1586209944166364 131919735117504 pump_end 1 2
1586209947010101 131919735117504 coll_beg 0 0
1586209951499287 131919735117504 coll_end 0 0
1586209953442836 131919735117504 emit_beg 605 0
1586209959151118 131919735117504 emit_end 605 0
1586209976376189 131919735117504 drain_beg 0 0
1586209976377459 131919735117504 drain_end 1 0
1586209976378009 131919735117504 subm_beg 1 0
1586209980111233 131919735117504 subm_end 1 0
1586209980111633 131919735117504 pump_beg 1 0
1586209991915252 131919735117504 pump_end 1 2
1586209993878360 131919735117504 coll_beg 0 0
1586209998657326 131919735117504 coll_end 0 0
1586210000627994 131919735117504 emit_beg 606 0
1586210006411153 131919735117504 emit_end 606 0
1586210006415523 131919735117504 drain_beg 0 0
1586210006416233 131919735117504 drain_end 1 0
1586210006416953 131919735117504 subm_beg 1 0
1586210010072459 131919735117504 subm_end 1 0
1586210010073079 131919735117504 pump_beg 1 0
1586210021356678 131919735117504 pump_end 1 2
1586210025038093 131919735117504 coll_beg 0 0
1586210029337836 131919735117504 coll_end 0 0
1586210031329424 131919735117504 emit_beg 607 0
1586210035272700 131919735117504 emit_end 607 0
1586210035276820 131919735117504 drain_beg 0 0
1586210035277580 131919735117504 drain_end 1 0
1586210035278740 131919735117504 subm_beg 1 0
1586210038997774 131919735117504 subm_end 1 0
1586210038998094 131919735117504 pump_beg 1 0
1586210051109792 131919735117504 pump_end 1 2
1586210053893420 131919735117504 coll_beg 0 0
1586210059882742 131919735117504 coll_end 0 0
1586210061852830 131919735117504 emit_beg 608 0
1586210069514740 131919735117504 emit_end 608 0
1586210069518930 131919735117504 drain_beg 0 0
1586210069519540 131919735117504 drain_end 1 0
1586210069519920 131919735117504 subm_beg 1 0
1586210073203305 131919735117504 subm_end 1 0
1586210073203705 131919735117504 pump_beg 1 0
1586210084887539 131919735117504 pump_end 1 2
1586210088449979 131919735117504 coll_beg 0 0
1586210092646426 131919735117504 coll_end 0 0
1586210094607194 131919735117504 emit_beg 609 0
1586210098537651 131919735117504 emit_end 609 0
1586210098542091 131919735117504 drain_beg 0 0
1586210098542811 131919735117504 drain_end 1 0
1586210098543751 131919735117504 subm_beg 1 0
1586210102308843 131919735117504 subm_end 1 0
1586210102309283 131919735117504 pump_beg 1 0
1586210113542103 131919735117504 pump_end 1 2
1586210115588059 131919735117504 coll_beg 0 0
1586210118970225 131919735117504 coll_end 0 0
1586210121473314 131919735117504 emit_beg 610 0
1586210129145174 131919735117504 emit_end 610 0
1586210145851594 131919735117504 drain_beg 0 0
1586210145856014 131919735117504 drain_end 1 0
1586210145857014 131919735117504 subm_beg 1 0
1586210149704504 131919735117504 subm_end 1 0
1586210149707014 131919735117504 pump_beg 1 0
1586210161506593 131919735117504 pump_end 1 2
1586210163729582 131919735117504 coll_beg 0 0
1586210167355240 131919735117504 coll_end 0 0
1586210169390565 131919735117504 emit_beg 611 0
1586210175142805 131919735117504 emit_end 611 0
1586210175147135 131919735117504 drain_beg 0 0
1586210175147725 131919735117504 drain_end 1 0
1586210175148485 131919735117504 subm_beg 1 0
1586210178817371 131919735117504 subm_end 1 0
1586210178819361 131919735117504 pump_beg 1 0
1586210190586092 131919735117504 pump_end 1 2
1586210192495122 131919735117504 coll_beg 0 0
1586210196557014 131919735117504 coll_end 0 0
1586210198489513 131919735117504 emit_beg 612 0
1586210204216514 131919735117504 emit_end 612 0
1586210204220294 131919735117504 drain_beg 0 0
1586210204220914 131919735117504 drain_end 1 0
1586210204221274 131919735117504 subm_beg 1 0
1586210207901760 131919735117504 subm_end 1 0
1586210207902170 131919735117504 pump_beg 1 0
1586210219698659 131919735117504 pump_end 1 2
1586210221688967 131919735117504 coll_beg 0 0
1586210226162674 131919735117504 coll_end 0 0
1586210229607428 131919735117504 emit_beg 613 0
1586210235133096 131919735117504 emit_end 613 0
1586210235137116 131919735117504 drain_beg 0 0
1586210235137656 131919735117504 drain_end 1 0
1586210235138156 131919735117504 subm_beg 1 0
1586210238644648 131919735117504 subm_end 1 0
1586210238645188 131919735117504 pump_beg 1 0
1586210246102036 131919735117504 pump_end 1 2
1586210248191090 131919735117504 coll_beg 0 0
1586210248807447 131919735117504 coll_end 0 0
1586210251737590 131919735117504 emit_beg 614 0
1586210258926588 131919735117504 emit_end 614 0
1586210270613751 131919735117504 drain_beg 0 0
1586210270614561 131919735117504 drain_end 1 0
1586210270614861 131919735117504 subm_beg 1 0
1586210274232289 131919735117504 subm_end 1 0
1586210274232709 131919735117504 pump_beg 1 0
1586210286537680 131919735117504 pump_end 1 2
1586210288400752 131919735117504 coll_beg 0 0
1586210294714022 131919735117504 coll_end 0 0
1586210296582724 131919735117504 emit_beg 615 0
1586210302535376 131919735117504 emit_end 615 0
1586210302538776 131919735117504 drain_beg 0 0
1586210302539276 131919735117504 drain_end 1 0
1586210302539816 131919735117504 subm_beg 1 0
1586210306112876 131919735117504 subm_end 1 0
1586210306113376 131919735117504 pump_beg 1 0
1586210318066390 131919735117504 pump_end 1 2
1586210319996749 131919735117504 coll_beg 0 0
1586210323823870 131919735117504 coll_end 0 0
1586210325680792 131919735117504 emit_beg 616 0
1586210331111164 131919735117504 emit_end 616 0
1586210331116463 131919735117504 drain_beg 0 0
1586210331117313 131919735117504 drain_end 1 0
1586210331118173 131919735117504 subm_beg 1 0
1586210334565898 131919735117504 subm_end 1 0
1586210334566578 131919735117504 pump_beg 1 0
1586210346123956 131919735117504 pump_end 1 2
1586210347959309 131919735117504 coll_beg 0 0
1586210353132540 131919735117504 coll_end 0 0
1586210354967133 131919735117504 emit_beg 617 0
1586210360691074 131919735117504 emit_end 617 0
1586210360699394 131919735117504 drain_beg 0 0
1586210360700444 131919735117504 drain_end 1 0
1586210360701204 131919735117504 subm_beg 1 0
1586210364138248 131919735117504 subm_end 1 0
1586210364138708 131919735117504 pump_beg 1 0
1586210375167956 131919735117504 pump_end 1 2
1586210377907066 131919735117504 coll_beg 0 0
1586210381332301 131919735117504 coll_end 0 0
1586210383426915 131919735117504 emit_beg 618 0
1586210388932114 131919735117504 emit_end 618 0
1586210388935853 131919735117504 drain_beg 0 0
1586210388936553 131919735117504 drain_end 1 0
1586210388936953 131919735117504 subm_beg 1 0
1586210392501143 131919735117504 subm_end 1 0
1586210392501593 131919735117504 pump_beg 1 0
1586210402886434 131919735117504 pump_end 1 2
1586210405640874 131919735117504 coll_beg 0 0
1586210409005091 131919735117504 coll_end 0 0
1586210411083145 131919735117504 emit_beg 619 0
1586210416445750 131919735117504 emit_end 619 0
1586210416450219 131919735117504 drain_beg 0 0
1586210416450899 131919735117504 drain_end 1 0
1586210416451259 131919735117504 subm_beg 1 0
1586210420004140 131919735117504 subm_end 1 0
1586210420004670 131919735117504 pump_beg 1 0
1586210428122863 131919735117504 pump_end 1 2
1586210430416870 131919735117504 coll_beg 0 0
1586210431501680 131919735117504 coll_end 0 0
1586210433935051 131919735117504 emit_beg 620 0
1586210441132159 131919735117504 emit_end 620 0
1586210457517101 131919735117504 drain_beg 0 0
1586210457517881 131919735117504 drain_end 1 0
1586210457518251 131919735117504 subm_beg 1 0
1586210462798488 131919735117504 subm_end 1 0
1586210462798878 131919735117504 pump_beg 1 0
1586210474272759 131919735117504 pump_end 1 2
1586210476132131 131919735117504 coll_beg 0 0
1586210479789648 131919735117504 coll_end 0 0
1586210481671019 131919735117504 emit_beg 621 0
1586210485265418 131919735117504 emit_end 621 0
1586210485268988 131919735117504 drain_beg 0 0
1586210485269588 131919735117504 drain_end 1 0
1586210485270208 131919735117504 subm_beg 1 0
1586210488826218 131919735117504 subm_end 1 0
1586210488826468 131919735117504 pump_beg 1 0
1586210500594299 131919735117504 pump_end 1 2
1586210503501833 131919735117504 coll_beg 0 0
1586210507633972 131919735117504 coll_end 0 0
1586210511178392 131919735117504 emit_beg 622 0
1586210516731520 131919735117504 emit_end 622 0
1586210516734660 131919735117504 drain_beg 0 0
1586210516735080 131919735117504 drain_end 1 0
1586210516735480 131919735117504 subm_beg 1 0
1586210520209633 131919735117504 subm_end 1 0
1586210520210133 131919735117504 pump_beg 1 0
1586210530592004 131919735117504 pump_end 1 2
1586210533258947 131919735117504 coll_beg 0 0
1586210535926189 131919735117504 coll_end 0 0
1586210537744613 131919735117504 emit_beg 623 0
1586210559460980 131919735117504 emit_end 623 0
1586210559464350 131919735117504 drain_beg 0 0
1586210559465080 131919735117504 drain_end 1 0
1586210559465810 131919735117504 subm_beg 1 0
1586210572356040 131919735117504 subm_end 1 0
1586210572356530 131919735117504 pump_beg 1 0
1586210584988329 131919735117504 pump_end 1 2
1586210593555046 131919735117504 coll_beg 0 0
1586210598021113 131919735117504 coll_end 0 0
1586210603792423 131919735117504 emit_beg 624 0
1586210620056019 131919735117504 emit_end 624 0
1586210645576798 131919735117504 drain_beg 0 0
1586210645579548 131919735117504 drain_end 1 0
1586210645580108 131919735117504 subm_beg 1 0
1586210653965162 131919735117504 subm_end 1 0
1586210653967702 131919735117504 pump_beg 1 0
1586210667999220 131919735117504 pump_end 1 2
1586210671373586 131919735117504 coll_beg 0 0
1586210680753594 131919735117504 coll_end 0 0
1586210685313178 131919735117504 emit_beg 625 0
1586210696208340 131919735117504 emit_end 625 0
1586210696213470 131919735117504 drain_beg 0 0
1586210696214110 131919735117504 drain_end 1 0
1586210696214720 131919735117504 subm_beg 1 0
1586210702055537 131919735117504 subm_end 1 0
1586210702055887 131919735117504 pump_beg 1 0
1586210713539808 131919735117504 pump_end 1 2
1586210717764644 131919735117504 coll_beg 0 0
1586210723372339 131919735117504 coll_end 0 0
1586210726430677 131919735117504 emit_beg 626 0
1586210739717002 131919735117504 emit_end 626 0
1586210739721442 131919735117504 drain_beg 0 0
1586210739727132 131919735117504 drain_end 1 0
1586210739727492 131919735117504 subm_beg 1 0
1586210746369690 131919735117504 subm_end 1 0
1586210746370100 131919735117504 pump_beg 1 0
1586210758263086 131919735117504 pump_end 1 2
1586210761729019 131919735117504 coll_beg 0 0
1586210766727997 131919735117504 coll_end 0 0
1586210771350138 131919735117504 emit_beg 627 0
1586210785161504 131919735117504 emit_end 627 0
1586210806898731 131919735117504 drain_beg 0 0
1586210806900031 131919735117504 drain_end 1 0
1586210806900551 131919735117504 subm_beg 1 0
1586210812456618 131919735117504 subm_end 1 0
1586210812457228 131919735117504 pump_beg 1 0
1586210824773068 131919735117504 pump_end 1 2
1586210828828990 131919735117504 coll_beg 0 0
1586210834734695 131919735117504 coll_end 0 0
1586210838341753 131919735117504 emit_beg 628 0
1586210849022123 131919735117504 emit_end 628 0
1586210849026273 131919735117504 drain_beg 0 0
1586210849026873 131919735117504 drain_end 1 0
1586210849027313 131919735117504 subm_beg 1 0
1586210855509547 131919735117504 subm_end 1 0
1586210855510957 131919735117504 pump_beg 1 0
1586210866905141 131919735117504 pump_end 1 2
1586210875696590 131919735117504 coll_beg 0 0
1586210879859758 131919735117504 coll_end 0 0
1586210886417599 131919735117504 emit_beg 629 0
1586210901303946 131919735117504 emit_end 629 0
1586210901307665 131919735117504 drain_beg 0 0
1586210901308215 131919735117504 drain_end 1 0
1586210901308575 131919735117504 subm_beg 1 0
1586210908257182 131919735117504 subm_end 1 0
1586210908257622 131919735117504 pump_beg 1 0
1586210918668032 131919735117504 pump_end 1 2
1586210920894151 131919735117504 coll_beg 0 0
1586210924971602 131919735117504 coll_end 0 0
1586210928193764 131919735117504 emit_beg 630 0
1586210941334775 131919735117504 emit_end 630 0
1586210941338495 131919735117504 drain_beg 0 0
1586210941339075 131919735117504 drain_end 1 0
1586210941339565 131919735117504 subm_beg 1 0
1586210947617075 131919735117504 subm_end 1 0
1586210947617515 131919735117504 pump_beg 1 0
1586210957566302 131919735117504 pump_end 1 2
1586210961773609 131919735117504 coll_beg 0 0
1586210965596079 131919735117504 coll_end 0 0
1586210968984836 131919735117504 emit_beg 631 0
1586210982644377 131919735117504 emit_end 631 0
1586211009672461 131919735117504 drain_beg 0 0
1586211009675841 131919735117504 drain_end 1 0
1586211009676751 131919735117504 subm_beg 1 0
1586211019967645 131919735117504 subm_end 1 0
1586211019969475 131919735117504 pump_beg 1 0
1586211032760538 131919735117504 pump_end 1 2
1586211036032689 131919735117504 coll_beg 0 0
1586211041202000 131919735117504 coll_end 0 0
1586211044155722 131919735117504 emit_beg 632 0
1586211053660676 131919735117504 emit_end 632 0
1586211053665185 131919735117504 drain_beg 0 0
1586211053665825 131919735117504 drain_end 1 0
1586211053666645 131919735117504 subm_beg 1 0
1586211059506432 131919735117504 subm_end 1 0
1586211059507002 131919735117504 pump_beg 1 0
1586211070425484 131919735117504 pump_end 1 2
1586211079476123 131919735117504 coll_beg 0 0
1586211082655137 131919735117504 coll_end 0 0
1586211088351480 131919735117504 emit_beg 633 0
1586211094221385 131919735117504 emit_end 633 0
1586211094225885 131919735117504 drain_beg 0 0
1586211094226625 131919735117504 drain_end 1 0
1586211094227285 131919735117504 subm_beg 1 0
1586211100258225 131919735117504 subm_end 1 0
1586211100258635 131919735117504 pump_beg 1 0
1586211108606380 131919735117504 pump_end 1 2
1586211111603161 131919735117504 coll_beg 0 0
1586211112705331 131919735117504 coll_end 0 0
1586211117759386 131919735117504 emit_beg 634 0
1586211130389246 131919735117504 emit_end 634 0
1586211159269452 131919735117504 drain_beg 0 0
1586211159271122 131919735117504 drain_end 1 0
1586211159271911 131919735117504 subm_beg 1 0
1586211170141135 131919735117504 subm_end 1 0
1586211170142795 131919735117504 pump_beg 1 0
1586211180288645 131919735117504 pump_end 1 2
1586211182510383 131919735117504 coll_beg 0 0
1586211185130448 131919735117504 coll_end 0 0
1586211187345727 131919735117504 emit_beg 635 0
1586211193857419 131919735117504 emit_end 635 0
1586211193860559 131919735117504 drain_beg 0 0
1586211193860969 131919735117504 drain_end 1 0
1586211193861399 131919735117504 subm_beg 1 0
1586211198088825 131919735117504 subm_end 1 0
1586211198089185 131919735117504 pump_beg 1 0
1586211205016672 131919735117504 pump_end 1 2
1586211208049542 131919735117504 coll_beg 0 0
1586211208185707 131919735117504 coll_end 0 0
1586211212139332 131919735117504 emit_beg 636 0
1586211220741828 131919735117504 emit_end 636 0
1586211240987129 131919735117504 drain_beg 0 0
1586211240989139 131919735117504 drain_end 1 0
1586211240989839 131919735117504 subm_beg 1 0
1586211252156282 131919735117504 subm_end 1 0
1586211252157902 131919735117504 pump_beg 1 0
1586211263582315 131919735117504 pump_end 1 2
1586211267107646 131919735117504 coll_beg 0 0
1586211270796772 131919735117504 coll_end 0 0
1586211274088882 131919735117504 emit_beg 637 0
1586211283211369 131919735117504 emit_end 637 0
1586211283214079 131919735117504 drain_beg 0 0
1586211283214418 131919735117504 drain_end 1 0
1586211283214698 131919735117504 subm_beg 1 0
1586211288946819 131919735117504 subm_end 1 0
1586211288947209 131919735117504 pump_beg 1 0
1586211300203458 131919735117504 pump_end 1 2
1586211302770765 131919735117504 coll_beg 0 0
1586211307709615 131919735117504 coll_end 0 0
1586211310037090 131919735117504 emit_beg 638 0
1586211317675481 131919735117504 emit_end 638 0
1586211317678461 131919735117504 drain_beg 0 0
1586211317678971 131919735117504 drain_end 1 0
1586211317679621 131919735117504 subm_beg 1 0
1586211321197572 131919735117504 subm_end 1 0
1586211321198052 131919735117504 pump_beg 1 0
1586211331554234 131919735117504 pump_end 1 2
1586211333360039 131919735117504 coll_beg 0 0
1586211336060850 131919735117504 coll_end 0 0
1586211337846485 131919735117504 emit_beg 639 0
1586211343288686 131919735117504 emit_end 639 0
1586211359122948 131919735117504 drain_beg 0 0
1586211359125128 131919735117504 drain_end 1 0
1586211359125648 131919735117504 subm_beg 1 0
1586211362689298 131919735117504 subm_end 1 0
1586211362690028 131919735117504 pump_beg 1 0
1586211373749295 131919735117504 pump_end 1 2
1586211375697154 131919735117504 coll_beg 0 0
1586211379140928 131919735117504 coll_end 0 0
1586211380982561 131919735117504 emit_beg 640 0
1586211386444991 131919735117504 emit_end 640 0
1586211386449321 131919735117504 drain_beg 0 0
1586211386450101 131919735117504 drain_end 1 0
1586211386450751 131919735117504 subm_beg 1 0
1586211389948293 131919735117504 subm_end 1 0
1586211389948623 131919735117504 pump_beg 1 0
1586211397225198 131919735117504 pump_end 1 2
1586211400753999 131919735117504 coll_beg 0 0
1586211401088357 131919735117504 coll_end 0 0
1586211404415575 131919735117504 emit_beg 641 0
1586211411666311 131919735117504 emit_end 641 0
1586211411668881 131919735117504 drain_beg 0 0
1586211411669131 131919735117504 drain_end 1 0
1586211411669541 131919735117504 subm_beg 1 0
1586211415219771 131919735117504 subm_end 1 0
1586211415220121 131919735117504 pump_beg 1 0
1586211427009221 131919735117504 pump_end 1 2
1586211430019061 131919735117504 coll_beg 0 0
1586211434104902 131919735117504 coll_end 0 0
1586211435914706 131919735117504 emit_beg 642 0
1586211441360077 131919735117504 emit_end 642 0
1586211441362747 131919735117504 drain_beg 0 0
1586211441363237 131919735117504 drain_end 1 0
1586211441363507 131919735117504 subm_beg 1 0
1586211444896718 131919735117504 subm_end 1 0
1586211444900568 131919735117504 pump_beg 1 0
1586211457044545 131919735117504 pump_end 1 2
1586211460111963 131919735117504 coll_beg 0 0
1586211464358958 131919735117504 coll_end 0 0
1586211466226640 131919735117504 emit_beg 643 0
1586211471719299 131919735117504 emit_end 643 0
1586211471723259 131919735117504 drain_beg 0 0
1586211471723859 131919735117504 drain_end 1 0
1586211471724239 131919735117504 subm_beg 1 0
1586211475235731 131919735117504 subm_end 1 0
1586211475236131 131919735117504 pump_beg 1 0
1586211484772323 131919735117504 pump_end 1 2
1586211486698383 131919735117504 coll_beg 0 0
1586211489287758 131919735117504 coll_end 0 0
1586211492616937 131919735117504 emit_beg 644 0
1586211499892011 131919735117504 emit_end 644 0
1586211499895991 131919735117504 drain_beg 0 0
1586211499896631 131919735117504 drain_end 1 0
1586211499896981 131919735117504 subm_beg 1 0
1586211503694203 131919735117504 subm_end 1 0
1586211503694673 131919735117504 pump_beg 1 0
1586211513683038 131919735117504 pump_end 1 2
1586211515624677 131919735117504 coll_beg 0 0
1586211518195933 131919735117504 coll_end 0 0
1586211520071005 131919735117504 emit_beg 645 0
1586211525472458 131919735117504 emit_end 645 0
1586211540766880 131919735117504 drain_beg 0 0
1586211540768420 131919735117504 drain_end 1 0
1586211540768980 131919735117504 subm_beg 1 0
1586211544345529 131919735117504 subm_end 1 0
1586211544346149 131919735117504 pump_beg 1 0
1586211555595968 131919735117504 pump_end 1 2
1586211557442501 131919735117504 coll_beg 0 0
1586211561096608 131919735117504 coll_end 0 0
1586211562889672 131919735117504 emit_beg 646 0
1586211568354363 131919735117504 emit_end 646 0
1586211568358083 131919735117504 drain_beg 0 0
1586211568358733 131919735117504 drain_end 1 0
1586211568359373 131919735117504 subm_beg 1 0
1586211571883734 131919735117504 subm_end 1 0
1586211571884214 131919735117504 pump_beg 1 0
1586211579621052 131919735117504 pump_end 1 2
1586211582641891 131919735117504 coll_beg 0 0
1586211583399594 131919735117504 coll_end 0 0
1586211586199212 131919735117504 emit_beg 647 0
1586211593413798 131919735117504 emit_end 647 0
1586211606892126 131919735117504 drain_beg 0 0
1586211606893366 131919735117504 drain_end 1 0
1586211606893826 131919735117504 subm_beg 1 0
1586211610436487 131919735117504 subm_end 1 0
1586211610436937 131919735117504 pump_beg 1 0
1586211623648365 131919735117504 pump_end 1 2
1586211625525697 131919735117504 coll_beg 0 0
1586211631542987 131919735117504 coll_end 0 0
1586211633558623 131919735117504 emit_beg 648 0
1586211637274798 131919735117504 emit_end 648 0
1586211637278168 131919735117504 drain_beg 0 0
1586211637278738 131919735117504 drain_end 1 0
1586211637279378 131919735117504 subm_beg 1 0
1586211640816688 131919735117504 subm_end 1 0
1586211640817098 131919735117504 pump_beg 1 0
1586211650666589 131919735117504 pump_end 1 2
1586211652739253 131919735117504 coll_beg 0 0
1586211655266511 131919735117504 coll_end 0 0
1586211658037580 131919735117504 emit_beg 649 0
1586211665523717 131919735117504 emit_end 649 0
1586211679572834 131919735117504 drain_beg 0 0
1586211679574804 131919735117504 drain_end 1 0
1586211679575674 131919735117504 subm_beg 1 0
1586211685158480 131919735117504 subm_end 1 0
1586211685159460 131919735117504 pump_beg 1 0
1586211694136913 131919735117504 pump_end 1 2
1586211696104381 131919735117504 coll_beg 0 0
1586211697871576 131919735117504 coll_end 0 0
1586211699864394 131919735117504 emit_beg 650 0
1586211705624583 131919735117504 emit_end 650 0
1586211705627053 131919735117504 drain_beg 0 0
1586211705627393 131919735117504 drain_end 1 0
1586211705627693 131919735117504 subm_beg 1 0
1586211709351477 131919735117504 subm_end 1 0
1586211709352177 131919735117504 pump_beg 1 0
1586211716918651 131919735117504 pump_end 1 2
1586211719294905 131919735117504 coll_beg 0 0
1586211719306864 131919735117504 coll_end 0 0
1586211723030918 131919735117504 emit_beg 651 0
1586211730492856 131919735117504 emit_end 651 0
1586211743752492 131919735117504 drain_beg 0 0
1586211743753392 131919735117504 drain_end 1 0
1586211743753812 131919735117504 subm_beg 1 0
1586211747511355 131919735117504 subm_end 1 0
1586211747511755 131919735117504 pump_beg 1 0
1586211757752431 131919735117504 pump_end 1 2
1586211759741298 131919735117504 coll_beg 0 0
1586211762337484 131919735117504 coll_end 0 0
1586211764285893 131919735117504 emit_beg 652 0
1586211769924377 131919735117504 emit_end 652 0
1586211769927227 131919735117504 drain_beg 0 0
1586211769927717 131919735117504 drain_end 1 0
1586211769928307 131919735117504 subm_beg 1 0
1586211773628862 131919735117504 subm_end 1 0
1586211773634772 131919735117504 pump_beg 1 0
1586211782993160 131919735117504 pump_end 1 2
1586211786175324 131919735117504 coll_beg 0 0
1586211788773589 131919735117504 coll_end 0 0
1586211792133906 131919735117504 emit_beg 653 0
1586211799820066 131919735117504 emit_end 653 0
1586211799823876 131919735117504 drain_beg 0 0
1586211799824496 131919735117504 drain_end 1 0
1586211799824856 131919735117504 subm_beg 1 0
1586211801737756 131919735117504 subm_end 1 0
1586211801738166 131919735117504 pump_beg 1 0
1586211814846548 131919735117504 pump_end 1 2
1586211816752188 131919735117504 coll_beg 0 0
1586211821169147 131919735117504 coll_end 0 0
1586211823127185 131919735117504 emit_beg 654 0
1586211828929254 131919735117504 emit_end 654 0
1586211828933194 131919735117504 drain_beg 0 0
1586211828933633 131919735117504 drain_end 1 0
1586211828934143 131919735117504 subm_beg 1 0
1586211832539942 131919735117504 subm_end 1 0
1586211832540552 131919735117504 pump_beg 1 0
1586211845821527 131919735117504 pump_end 1 2
1586211849371528 131919735117504 coll_beg 0 0
1586211854022448 131919735117504 coll_end 0 0
1586211855924299 131919735117504 emit_beg 655 0
1586211861773265 131919735117504 emit_end 655 0
1586211861777275 131919735117504 drain_beg 0 0
1586211861777815 131919735117504 drain_end 1 0
1586211861778315 131919735117504 subm_beg 1 0
1586211865460430 131919735117504 subm_end 1 0
1586211865461220 131919735117504 pump_beg 1 0
1586211876081833 131919735117504 pump_end 1 2
1586211878727186 131919735117504 coll_beg 0 0
1586211881678819 131919735117504 coll_end 0 0
1586211883658516 131919735117504 emit_beg 656 0
1586211891285878 131919735117504 emit_end 656 0
1586211891291288 131919735117504 drain_beg 0 0
1586211891291958 131919735117504 drain_end 1 0
1586211891292618 131919735117504 subm_beg 1 0
1586211894992473 131919735117504 subm_end 1 0
1586211894993033 131919735117504 pump_beg 1 0
1586211905486100 131919735117504 pump_end 1 2
1586211907467518 131919735117504 coll_beg 0 0
1586211910775067 131919735117504 coll_end 0 0
1586211912719496 131919735117504 emit_beg 657 0
1586211920318709 131919735117504 emit_end 657 0
1586211920322838 131919735117504 drain_beg 0 0
1586211920323548 131919735117504 drain_end 1 0
1586211920324108 131919735117504 subm_beg 1 0
1586211923996734 131919735117504 subm_end 1 0
1586211923997214 131919735117504 pump_beg 1 0
1586211935622240 131919735117504 pump_end 1 2
1586211938963488 131919735117504 coll_beg 0 0
1586211942842387 131919735117504 coll_end 0 0
1586211944771326 131919735117504 emit_beg 658 0
1586211950608493 131919735117504 emit_end 658 0
1586211950613393 131919735117504 drain_beg 0 0
1586211950614063 131919735117504 drain_end 1 0
1586211950614453 131919735117504 subm_beg 1 0
1586211954250000 131919735117504 subm_end 1 0
1586211954250530 131919735117504 pump_beg 1 0
1586211967722169 131919735117504 pump_end 1 2
1586211970064823 131919735117504 coll_beg 0 0
1586211975823273 131919735117504 coll_end 0 0
1586211977760572 131919735117504 emit_beg 659 0
1586211983515252 131919735117504 emit_end 659 0
1586212002775390 131919735117504 drain_beg 0 0
1586212002777839 131919735117504 drain_end 1 0
1586212002778479 131919735117504 subm_beg 1 0
1586212006596600 131919735117504 subm_end 1 0
1586212006597060 131919735117504 pump_beg 1 0
1586212016740870 131919735117504 pump_end 1 2
1586212018702458 131919735117504 coll_beg 0 0
1586212021504756 131919735117504 coll_end 0 0
1586212023392677 131919735117504 emit_beg 660 0
1586212029082389 131919735117504 emit_end 660 0
1586212029085299 131919735117504 drain_beg 0 0
1586212029085639 131919735117504 drain_end 1 0
1586212029085939 131919735117504 subm_beg 1 0
1586212032804404 131919735117504 subm_end 1 0
1586212032805104 131919735117504 pump_beg 1 0
1586212044755487 131919735117504 pump_end 1 2
1586212047589004 131919735117504 coll_beg 0 0
1586212052884221 131919735117504 coll_end 0 0
1586212054828450 131919735117504 emit_beg 661 0
1586212060576420 131919735117504 emit_end 661 0
1586212077544961 131919735117504 drain_beg 0 0
1586212077546111 131919735117504 drain_end 1 0
1586212077552631 131919735117504 subm_beg 1 0
1586212081108501 131919735117504 subm_end 1 0
1586212081109331 131919735117504 pump_beg 1 0
1586212090581395 131919735117504 pump_end 1 2
1586212092367520 131919735117504 coll_beg 0 0
1586212095411699 131919735117504 coll_end 0 0
1586212097252602 131919735117504 emit_beg 662 0
1586212102705333 131919735117504 emit_end 662 0
1586212102708653 131919735117504 drain_beg 0 0
1586212102709123 131919735117504 drain_end 1 0
1586212102709623 131919735117504 subm_beg 1 0
1586212106214135 131919735117504 subm_end 1 0
1586212106214515 131919735117504 pump_beg 1 0
1586212114433315 131919735117504 pump_end 1 2
1586212116669573 131919735117504 coll_beg 0 0
1586212118323453 131919735117504 coll_end 0 0
1586212120233593 131919735117504 emit_beg 663 0
1586212127484208 131919735117504 emit_end 663 0
1586212127486338 131919735117504 drain_beg 0 0
1586212127486628 131919735117504 drain_end 1 0
1586212127487068 131919735117504 subm_beg 1 0
1586212131192543 131919735117504 subm_end 1 0
1586212131192933 131919735117504 pump_beg 1 0
1586212143432986 131919735117504 pump_end 1 2
1586212146979167 131919735117504 coll_beg 0 0
1586212151696265 131919735117504 coll_end 0 0
1586212154005231 131919735117504 emit_beg 664 0
1586212159524159 131919735117504 emit_end 664 0
1586212159528479 131919735117504 drain_beg 0 0
1586212159529009 131919735117504 drain_end 1 0
1586212159529539 131919735117504 subm_beg 1 0
1586212163076230 131919735117504 subm_end 1 0
1586212163076790 131919735117504 pump_beg 1 0
1586212175219416 131919735117504 pump_end 1 2
1586212177037640 131919735117504 coll_beg 0 0
1586212181237397 131919735117504 coll_end 0 0
1586212183082970 131919735117504 emit_beg 665 0
1586212188557770 131919735117504 emit_end 665 0
1586212188560140 131919735117504 drain_beg 0 0
1586212188560510 131919735117504 drain_end 1 0
1586212188560780 131919735117504 subm_beg 1 0
1586212192161388 131919735117504 subm_end 1 0
1586212192161768 131919735117504 pump_beg 1 0
1586212201438270 131919735117504 pump_end 1 2
1586212203637049 131919735117504 coll_beg 0 0
1586212206899850 131919735117504 coll_end 0 0
1586212209369030 131919735117504 emit_beg 666 0
1586212214899678 131919735117504 emit_end 666 0
1586212229657330 131919735117504 drain_beg 0 0
1586212229658210 131919735117504 drain_end 1 0
1586212229658630 131919735117504 subm_beg 1 0
1586212233283278 131919735117504 subm_end 1 0
1586212233283788 131919735117504 pump_beg 1 0
1586212242376526 131919735117504 pump_end 1 2
1586212244250487 131919735117504 coll_beg 0 0
1586212246488946 131919735117504 coll_end 0 0
1586212248357087 131919735117504 emit_beg 667 0
1586212251980175 131919735117504 emit_end 667 0
1586212251983315 131919735117504 drain_beg 0 0
1586212251983875 131919735117504 drain_end 1 0
1586212251984475 131919735117504 subm_beg 1 0
1586212255615423 131919735117504 subm_end 1 0
1586212255615723 131919735117504 pump_beg 1 0
1586212262989513 131919735117504 pump_end 1 2
1586212266213316 131919735117504 coll_beg 0 0
1586212267004977 131919735117504 coll_end 0 0
1586212269745257 131919735117504 emit_beg 668 0
1586212276937314 131919735117504 emit_end 668 0
1586212288486603 131919735117504 drain_beg 0 0
1586212288487613 131919735117504 drain_end 1 0
1586212288488063 131919735117504 subm_beg 1 0
1586212293878636 131919735117504 subm_end 1 0
1586212293879626 131919735117504 pump_beg 1 0
1586212305889738 131919735117504 pump_end 1 2
1586212307829807 131919735117504 coll_beg 0 0
1586212313964993 131919735117504 coll_end 0 0
1586212315855404 131919735117504 emit_beg 669 0
1586212321312015 131919735117504 emit_end 669 0
1586212321315085 131919735117504 drain_beg 0 0
1586212321315445 131919735117504 drain_end 1 0
1586212321315715 131919735117504 subm_beg 1 0
1586212324813037 131919735117504 subm_end 1 0
1586212324813417 131919735117504 pump_beg 1 0
1586212335661691 131919735117504 pump_end 1 2
1586212338271606 131919735117504 coll_beg 0 0
1586212343045432 131919735117504 coll_end 0 0
1586212344916194 131919735117504 emit_beg 670 0
1586212350306197 131919735117504 emit_end 670 0
1586212366518985 131919735117504 drain_beg 0 0
1586212366520795 131919735117504 drain_end 1 0
1586212366521645 131919735117504 subm_beg 1 0
1586212370180342 131919735117504 subm_end 1 0
1586212370181192 131919735117504 pump_beg 1 0
1586212377333391 131919735117504 pump_end 1 2
1586212380753526 131919735117504 coll_beg 0 0
1586212381223069 131919735117504 coll_end 0 0
1586212383025403 131919735117504 emit_beg 671 0
1586212388449895 131919735117504 emit_end 671 0
1586212388453045 131919735117504 drain_beg 0 0
1586212388453485 131919735117504 drain_end 1 0
1586212388454085 131919735117504 subm_beg 1 0
1586212392076763 131919735117504 subm_end 1 0
1586212392077133 131919735117504 pump_beg 1 0
1586212400805864 131919735117504 pump_end 1 2
1586212403150019 131919735117504 coll_beg 0 0
1586212405782042 131919735117504 coll_end 0 0
1586212407568177 131919735117504 emit_beg 672 0
1586212415126971 131919735117504 emit_end 672 0
1586212415129901 131919735117504 drain_beg 0 0
1586212415130461 131919735117504 drain_end 1 0
1586212415130971 131919735117504 subm_beg 1 0
1586212418734760 131919735117504 subm_end 1 0
1586212418735240 131919735117504 pump_beg 1 0
1586212427584727 131919735117504 pump_end 1 2
1586212430406394 131919735117504 coll_beg 0 0
1586212432709060 131919735117504 coll_end 0 0
1586212434794284 131919735117504 emit_beg 673 0
1586212438577036 131919735117504 emit_end 673 0
1586212455766318 131919735117504 drain_beg 0 0
1586212455768238 131919735117504 drain_end 1 0
1586212455768958 131919735117504 subm_beg 1 0
1586212459620188 131919735117504 subm_end 1 0
1586212459621808 131919735117504 pump_beg 1 0
1586212469482528 131919735117504 pump_end 1 2
1586212471475725 131919735117504 coll_beg 0 0
1586212474997407 131919735117504 coll_end 0 0
1586212476891037 131919735117504 emit_beg 674 0
1586212480787285 131919735117504 emit_end 674 0
1586212480790665 131919735117504 drain_beg 0 0
1586212480791165 131919735117504 drain_end 1 0
1586212480791665 131919735117504 subm_beg 1 0
1586212484616406 131919735117504 subm_end 1 0
1586212484616946 131919735117504 pump_beg 1 0
1586212495499878 131919735117504 pump_end 1 2
1586212498476410 131919735117504 coll_beg 0 0
1586212501134923 131919735117504 coll_end 0 0
1586212504407473 131919735117504 emit_beg 675 0
1586212510113175 131919735117504 emit_end 675 0
1586212526365362 131919735117504 drain_beg 0 0
1586212526367242 131919735117504 drain_end 1 0
1586212526368052 131919735117504 subm_beg 1 0
1586212530099506 131919735117504 subm_end 1 0
1586212530101136 131919735117504 pump_beg 1 0
1586212541426002 131919735117504 pump_end 1 2
1586212543623082 131919735117504 coll_beg 0 0
1586212546639372 131919735117504 coll_end 0 0
1586212548745445 131919735117504 emit_beg 676 0
1586212554515455 131919735117504 emit_end 676 0
1586212554518865 131919735117504 drain_beg 0 0
1586212554519495 131919735117504 drain_end 1 0
1586212554520095 131919735117504 subm_beg 1 0
1586212558257788 131919735117504 subm_end 1 0
1586212558258168 131919735117504 pump_beg 1 0
1586212568383419 131919735117504 pump_end 1 2
1586212571034812 131919735117504 coll_beg 0 0
1586212573342368 131919735117504 coll_end 0 0
1586212575262238 131919735117504 emit_beg 677 0
1586212580909062 131919735117504 emit_end 677 0
1586212596561540 131919735117504 drain_beg 0 0
1586212596561980 131919735117504 drain_end 1 0
1586212596562300 131919735117504 subm_beg 1 0
1586212600381971 131919735117504 subm_end 1 0
1586212600382371 131919735117504 pump_beg 1 0
1586212609709460 131919735117504 pump_end 1 2
1586212612519338 131919735117504 coll_beg 0 0
1586212614090471 131919735117504 coll_end 0 0
1586212615964612 131919735117504 emit_beg 678 0
1586212621664644 131919735117504 emit_end 678 0
1586212621667704 131919735117504 drain_beg 0 0
1586212621668314 131919735117504 drain_end 1 0
1586212621668794 131919735117504 subm_beg 1 0
1586212625383279 131919735117504 subm_end 1 0
1586212625383729 131919735117504 pump_beg 1 0
1586212637054393 131919735117504 pump_end 1 2
1586212639729715 131919735117504 coll_beg 0 0
1586212644262190 131919735117504 coll_end 0 0
1586212646204799 131919735117504 emit_beg 679 0
1586212651924730 131919735117504 emit_end 679 0
1586212651928330 131919735117504 drain_beg 0 0
1586212651928780 131919735117504 drain_end 1 0
1586212651929430 131919735117504 subm_beg 1 0
1586212655630905 131919735117504 subm_end 1 0
1586212655631285 131919735117504 pump_beg 1 0
1586212667461533 131919735117504 pump_end 1 2
1586212670663076 131919735117504 coll_beg 0 0
1586212675437172 131919735117504 coll_end 0 0
1586212677411170 131919735117504 emit_beg 680 0
1586212683379212 131919735117504 emit_end 680 0
1586212683383792 131919735117504 drain_beg 0 0
1586212683384422 131919735117504 drain_end 1 0
1586212683384972 131919735117504 subm_beg 1 0
1586212686977171 131919735117504 subm_end 1 0
1586212686977671 131919735117504 pump_beg 1 0
1586212700826655 131919735117504 pump_end 1 2
1586212702777864 131919735117504 coll_beg 0 0
1586212708149058 131919735117504 coll_end 0 0
1586212710013810 131919735117504 emit_beg 681 0
1586212716003972 131919735117504 emit_end 681 0
1586212716008631 131919735117504 drain_beg 0 0
1586212716009291 131919735117504 drain_end 1 0
1586212716010001 131919735117504 subm_beg 1 0
1586212719772094 131919735117504 subm_end 1 0
1586212719772534 131919735117504 pump_beg 1 0
1586212730124956 131919735117504 pump_end 1 2
1586212732542508 131919735117504 coll_beg 0 0
1586212735863167 131919735117504 coll_end 0 0
1586212738617136 131919735117504 emit_beg 682 0
1586212746252718 131919735117504 emit_end 682 0
1586212746255708 131919735117504 drain_beg 0 0
1586212746256207 131919735117504 drain_end 1 0
1586212746256487 131919735117504 subm_beg 1 0
1586212749986661 131919735117504 subm_end 1 0
1586212749987131 131919735117504 pump_beg 1 0
1586212758689834 131919735117504 pump_end 1 2
1586212760989870 131919735117504 coll_beg 0 0
1586212762505875 131919735117504 coll_end 0 0
1586212764774932 131919735117504 emit_beg 683 0
1586212770468804 131919735117504 emit_end 683 0
1586212770471314 131919735117504 drain_beg 0 0
1586212770471834 131919735117504 drain_end 1 0
1586212770472094 131919735117504 subm_beg 1 0
1586212774253706 131919735117504 subm_end 1 0
1586212774254096 131919735117504 pump_beg 1 0
1586212784617838 131919735117504 pump_end 1 2
1586212787435095 131919735117504 coll_beg 0 0
1586212790554321 131919735117504 coll_end 0 0
1586212793065479 131919735117504 emit_beg 684 0
1586212800680531 131919735117504 emit_end 684 0
1586212817440630 131919735117504 drain_beg 0 0
1586212817444660 131919735117504 drain_end 1 0
1586212817445590 131919735117504 subm_beg 1 0
1586212821246051 131919735117504 subm_end 1 0
1586212821247371 131919735117504 pump_beg 1 0
1586212830593030 131919735117504 pump_end 1 2
1586212832828718 131919735117504 coll_beg 0 0
1586212834957660 131919735117504 coll_end 0 0
1586212836987427 131919735117504 emit_beg 685 0
1586212842444637 131919735117504 emit_end 685 0
1586212842447407 131919735117504 drain_beg 0 0
1586212842447807 131919735117504 drain_end 1 0
1586212842448127 131919735117504 subm_beg 1 0
1586212846043866 131919735117504 subm_end 1 0
1586212846044346 131919735117504 pump_beg 1 0
1586212856194526 131919735117504 pump_end 1 2
1586212858131225 131919735117504 coll_beg 0 0
1586212860767319 131919735117504 coll_end 0 0
1586212863564627 131919735117504 emit_beg 686 0
1586212869068196 131919735117504 emit_end 686 0
1586212869076565 131919735117504 drain_beg 0 0
1586212869077465 131919735117504 drain_end 1 0
1586212869078385 131919735117504 subm_beg 1 0
1586212872617256 131919735117504 subm_end 1 0
1586212872617876 131919735117504 pump_beg 1 0
1586212884495063 131919735117504 pump_end 1 2
1586212886839307 131919735117504 coll_beg 0 0
1586212890841361 131919735117504 coll_end 0 0
1586212892693044 131919735117504 emit_beg 687 0
1586212898167244 131919735117504 emit_end 687 0
1586212898170264 131919735117504 drain_beg 0 0
1586212898170644 131919735117504 drain_end 1 0
1586212898171024 131919735117504 subm_beg 1 0
1586212901735254 131919735117504 subm_end 1 0
1586212901735504 131919735117504 pump_beg 1 0
1586212913389958 131919735117504 pump_end 1 2
1586212915224601 131919735117504 coll_beg 0 0
1586212919094850 131919735117504 coll_end 0 0
1586212920907854 131919735117504 emit_beg 688 0
1586212926373145 131919735117504 emit_end 688 0
1586212926375894 131919735117504 drain_beg 0 0
1586212926376264 131919735117504 drain_end 1 0
1586212926376544 131919735117504 subm_beg 1 0
1586212929923665 131919735117504 subm_end 1 0
1586212929924065 131919735117504 pump_beg 1 0
1586212942829734 131919735117504 pump_end 1 2
1586212945690910 131919735117504 coll_beg 0 0
1586212949933835 131919735117504 coll_end 0 0
1586212951809486 131919735117504 emit_beg 689 0
1586212957303976 131919735117504 emit_end 689 0
1586212974383612 131919735117504 drain_beg 0 0
1586212974386182 131919735117504 drain_end 1 0
1586212974386742 131919735117504 subm_beg 1 0
1586212978030929 131919735117504 subm_end 1 0
1586212978031839 131919735117504 pump_beg 1 0
1586212986317037 131919735117504 pump_end 1 2
1586212988143360 131919735117504 coll_beg 0 0
1586212989303218 131919735117504 coll_end 0 0
1586212991106922 131919735117504 emit_beg 690 0
1586212996535854 131919735117504 emit_end 690 0
1586212996539244 131919735117504 drain_beg 0 0
1586212996539784 131919735117504 drain_end 1 0
1586212996540354 131919735117504 subm_beg 1 0
1586213000169382 131919735117504 subm_end 1 0
1586213000169782 131919735117504 pump_beg 1 0
1586213011878424 131919735117504 pump_end 1 2
1586213015447784 131919735117504 coll_beg 0 0
1586213021171755 131919735117504 coll_end 0 0
1586213023116854 131919735117504 emit_beg 691 0
1586213028626993 131919735117504 emit_end 691 0
1586213028629783 131919735117504 drain_beg 0 0
1586213028630143 131919735117504 drain_end 1 0
1586213028630393 131919735117504 subm_beg 1 0
1586213032118026 131919735117504 subm_end 1 0
1586213032119716 131919735117504 pump_beg 1 0
1586213043186452 131919735117504 pump_end 1 2
1586213045282095 131919735117504 coll_beg 0 0
1586213049491111 131919735117504 coll_end 0 0
1586213051419011 131919735117504 emit_beg 692 0
1586213056873612 131919735117504 emit_end 692 0
1586213056878552 131919735117504 drain_beg 0 0
1586213056879362 131919735117504 drain_end 1 0
1586213056879942 131919735117504 subm_beg 1 0
1586213060366585 131919735117504 subm_end 1 0
1586213060367195 131919735117504 pump_beg 1 0
1586213069031238 131919735117504 pump_end 1 2
1586213071080864 131919735117504 coll_beg 0 0
1586213072591189 131919735117504 coll_end 0 0
1586213074643794 131919735117504 emit_beg 693 0
1586213081900489 131919735117504 emit_end 693 0
1586213081903779 131919735117504 drain_beg 0 0
1586213081904309 131919735117504 drain_end 1 0
1586213081904669 131919735117504 subm_beg 1 0
1586213085424410 131919735117504 subm_end 1 0
1586213085424830 131919735117504 pump_beg 1 0
1586213095936287 131919735117504 pump_end 1 2
1586213099047543 131919735117504 coll_beg 0 0
1586213101929288 131919735117504 coll_end 0 0
1586213103741622 131919735117504 emit_beg 694 0
1586213109139695 131919735117504 emit_end 694 0
1586213125140181 131919735117504 drain_beg 0 0
1586213125145031 131919735117504 drain_end 1 0
1586213125146241 131919735117504 subm_beg 1 0
1586213128795258 131919735117504 subm_end 1 0
1586213128797877 131919735117504 pump_beg 1 0
1586213139562954 131919735117504 pump_end 1 2
1586213141456555 131919735117504 coll_beg 0 0
1586213144270563 131919735117504 coll_end 0 0
1586213146125355 131919735117504 emit_beg 695 0
1586213151507459 131919735117504 emit_end 695 0
1586213151511948 131919735117504 drain_beg 0 0
1586213151512538 131919735117504 drain_end 1 0
1586213151513048 131919735117504 subm_beg 1 0
1586213154994301 131919735117504 subm_end 1 0
1586213154994751 131919735117504 pump_beg 1 0
1586213164213405 131919735117504 pump_end 1 2
1586213167381949 131919735117504 coll_beg 0 0
1586213170303513 131919735117504 coll_end 0 0
1586213172744794 131919735117504 emit_beg 696 0
1586213178146546 131919735117504 emit_end 696 0
1586213178149136 131919735117504 drain_beg 0 0
1586213178149526 131919735117504 drain_end 1 0
1586213178149796 131919735117504 subm_beg 1 0
1586213181731106 131919735117504 subm_end 1 0
1586213181742635 131919735117504 pump_beg 1 0
1586213193397590 131919735117504 pump_end 1 2
1586213195301491 131919735117504 coll_beg 0 0
1586213199210078 131919735117504 coll_end 0 0
1586213201078500 131919735117504 emit_beg 697 0
1586213206759182 131919735117504 emit_end 697 0
1586213224830173 131919735117504 drain_beg 0 0
1586213224832143 131919735117504 drain_end 1 0
1586213224832903 131919735117504 subm_beg 1 0
1586213228625984 131919735117504 subm_end 1 0
1586213228627584 131919735117504 pump_beg 1 0
1586213240072497 131919735117504 pump_end 1 2
1586213242110192 131919735117504 coll_beg 0 0
1586213245730880 131919735117504 coll_end 0 0
1586213247799135 131919735117504 emit_beg 698 0
1586213251688973 131919735117504 emit_end 698 0
1586213251692613 131919735117504 drain_beg 0 0
1586213251693183 131919735117504 drain_end 1 0
1586213251693803 131919735117504 subm_beg 1 0
1586213255401587 131919735117504 subm_end 1 0
1586213255402047 131919735117504 pump_beg 1 0
1586213266737394 131919735117504 pump_end 1 2
1586213269790822 131919735117504 coll_beg 0 0
1586213275165826 131919735117504 coll_end 0 0
1586213277717013 131919735117504 emit_beg 699 0
1586213283457573 131919735117504 emit_end 699 0
1586213301253244 131919735117504 drain_beg 0 0
1586213301255064 131919735117504 drain_end 1 0
1586213301255784 131919735117504 subm_beg 1 0
1586213305026326 131919735117504 subm_end 1 0
1586213305027466 131919735117504 pump_beg 1 0
1586213315589951 131919735117504 pump_end 1 2
1586213317717313 131919735117504 coll_beg 0 0
1586213322547647 131919735117504 coll_end 0 0
1586213324574823 131919735117504 emit_beg 700 0
1586213330229086 131919735117504 emit_end 700 0
1586213330232126 131919735117504 drain_beg 0 0
1586213330232526 131919735117504 drain_end 1 0
1586213330232886 131919735117504 subm_beg 1 0
1586213334017948 131919735117504 subm_end 1 0
1586213334018388 131919735117504 pump_beg 1 0
1586213344134379 131919735117504 pump_end 1 2
1586213346987865 131919735117504 coll_beg 0 0
1586213349972186 131919735117504 coll_end 0 0
1586213351826298 131919735117504 emit_beg 701 0
1586213357618107 131919735117504 emit_end 701 0
1586213373546246 131919735117504 drain_beg 0 0
1586213373546956 131919735117504 drain_end 1 0
1586213373547216 131919735117504 subm_beg 1 0
1586213377313988 131919735117504 subm_end 1 0
1586213377314408 131919735117504 pump_beg 1 0
1586213387243806 131919735117504 pump_end 1 2
1586213389153786 131919735117504 coll_beg 0 0
1586213391773071 131919735117504 coll_end 0 0
1586213393707250 131919735117504 emit_beg 702 0
1586213399360564 131919735117504 emit_end 702 0
1586213399363234 131919735117504 drain_beg 0 0
1586213399363764 131919735117504 drain_end 1 0
1586213399364204 131919735117504 subm_beg 1 0
1586213403244842 131919735117504 subm_end 1 0
1586213403245212 131919735117504 pump_beg 1 0
1586213410930172 131919735117504 pump_end 1 2
1586213414289999 131919735117504 coll_beg 0 0
1586213415081050 131919735117504 coll_end 0 0
1586213418093650 131919735117504 emit_beg 703 0
1586213425702212 131919735117504 emit_end 703 0
1586213439977991 131919735117504 drain_beg 0 0
1586213439983851 131919735117504 drain_end 1 0
1586213439984681 131919735117504 subm_beg 1 0
1586213443833911 131919735117504 subm_end 1 0
1586213443834281 131919735117504 pump_beg 1 0
1586213453125972 131919735117504 pump_end 1 2
1586213455206306 131919735117504 coll_beg 0 0
1586213457786882 131919735117504 coll_end 0 0
1586213459790388 131919735117504 emit_beg 704 0
1586213465592987 131919735117504 emit_end 704 0
1586213465597387 131919735117504 drain_beg 0 0
1586213465598266 131919735117504 drain_end 1 0
1586213465598946 131919735117504 subm_beg 1 0
1586213469360279 131919735117504 subm_end 1 0
1586213469360989 131919735117504 pump_beg 1 0
1586213482867176 131919735117504 pump_end 1 2
1586213485855017 131919735117504 coll_beg 0 0
1586213490183569 131919735117504 coll_end 0 0
1586213492120369 131919735117504 emit_beg 705 0
1586213495903081 131919735117504 emit_end 705 0
1586213495905441 131919735117504 drain_beg 0 0
1586213495905721 131919735117504 drain_end 1 0
1586213495910940 131919735117504 subm_beg 1 0
1586213499655484 131919735117504 subm_end 1 0
1586213499655934 131919735117504 pump_beg 1 0
1586213511411735 131919735117504 pump_end 1 2
1586213513770128 131919735117504 coll_beg 0 0
1586213517688535 131919735117504 coll_end 0 0
1586213519586926 131919735117504 emit_beg 706 0
1586213530170510 131919735117504 emit_end 706 0
1586213530173450 131919735117504 drain_beg 0 0
1586213530173940 131919735117504 drain_end 1 0
1586213530174340 131919735117504 subm_beg 1 0
1586213533863075 131919735117504 subm_end 1 0
1586213533863595 131919735117504 pump_beg 1 0
1586213546420667 131919735117504 pump_end 1 2
1586213548317528 131919735117504 coll_beg 0 0
1586213553066984 131919735117504 coll_end 0 0
1586213555926590 131919735117504 emit_beg 707 0
1586213561705129 131919735117504 emit_end 707 0
1586213561708299 131919735117504 drain_beg 0 0
1586213561708789 131919735117504 drain_end 1 0
1586213561709229 131919735117504 subm_beg 1 0
1586213565492541 131919735117504 subm_end 1 0
1586213565493021 131919735117504 pump_beg 1 0
1586213577597059 131919735117504 pump_end 1 2
1586213581182349 131919735117504 coll_beg 0 0
1586213585328307 131919735117504 coll_end 0 0
1586213587688931 131919735117504 emit_beg 708 0
1586213593482610 131919735117504 emit_end 708 0
1586213593486699 131919735117504 drain_beg 0 0
1586213593487289 131919735117504 drain_end 1 0
1586213593487719 131919735117504 subm_beg 1 0
1586213597195234 131919735117504 subm_end 1 0
1586213597195694 131919735117504 pump_beg 1 0
1586213609588012 131919735117504 pump_end 1 2
1586213613076045 131919735117504 coll_beg 0 0
1586213617316070 131919735117504 coll_end 0 0
1586213619262259 131919735117504 emit_beg 709 0
1586213624983380 131919735117504 emit_end 709 0
1586213642040098 131919735117504 drain_beg 0 0
1586213642040908 131919735117504 drain_end 1 0
1586213642041198 131919735117504 subm_beg 1 0
1586213645636936 131919735117504 subm_end 1 0
1586213645637376 131919735117504 pump_beg 1 0
1586213655215847 131919735117504 pump_end 1 2
1586213657067889 131919735117504 coll_beg 0 0
1586213659225381 131919735117504 coll_end 0 0
1586213661076363 131919735117504 emit_beg 710 0
1586213666631000 131919735117504 emit_end 710 0
1586213666635710 131919735117504 drain_beg 0 0
1586213666636300 131919735117504 drain_end 1 0
1586213666636850 131919735117504 subm_beg 1 0
1586213670056375 131919735117504 subm_end 1 0
1586213670056865 131919735117504 pump_beg 1 0
1586213681529807 131919735117504 pump_end 1 2
1586213683873521 131919735117504 coll_beg 0 0
1586213687909104 131919735117504 coll_end 0 0
1586213690308706 131919735117504 emit_beg 711 0
1586213695814055 131919735117504 emit_end 711 0
1586213695817865 131919735117504 drain_beg 0 0
1586213695818695 131919735117504 drain_end 1 0
1586213695819305 131919735117504 subm_beg 1 0
1586213699337697 131919735117504 subm_end 1 0
1586213699338147 131919735117504 pump_beg 1 0
1586213712204827 131919735117504 pump_end 1 2
1586213714151056 131919735117504 coll_beg 0 0
1586213718854244 131919735117504 coll_end 0 0
1586213720696577 131919735117504 emit_beg 712 0
1586213724367643 131919735117504 emit_end 712 0
1586213724372083 131919735117504 drain_beg 0 0
1586213724372823 131919735117504 drain_end 1 0
1586213724373403 131919735117504 subm_beg 1 0
1586213727899424 131919735117504 subm_end 1 0
1586213727899724 131919735117504 pump_beg 1 0
1586213739379705 131919735117504 pump_end 1 2
1586213742024819 131919735117504 coll_beg 0 0
1586213745996434 131919735117504 coll_end 0 0
1586213749498316 131919735117504 emit_beg 713 0
1586213756691464 131919735117504 emit_end 713 0
1586213756694764 131919735117504 drain_beg 0 0
1586213756695304 131919735117504 drain_end 1 0
1586213756695644 131919735117504 subm_beg 1 0
1586213760245544 131919735117504 subm_end 1 0
1586213760246044 131919735117504 pump_beg 1 0
1586213770747131 131919735117504 pump_end 1 2
1586213772700679 131919735117504 coll_beg 0 0
1586213775726329 131919735117504 coll_end 0 0
1586213778231547 131919735117504 emit_beg 714 0
1586213783727377 131919735117504 emit_end 714 0
1586213783737057 131919735117504 drain_beg 0 0
1586213783737537 131919735117504 drain_end 1 0
1586213783737817 131919735117504 subm_beg 1 0
1586213787239499 131919735117504 subm_end 1 0
1586213787239899 131919735117504 pump_beg 1 0
1586213799203762 131919735117504 pump_end 1 2
1586213801767569 131919735117504 coll_beg 0 0
1586213805935327 131919735117504 coll_end 0 0
1586213807749831 131919735117504 emit_beg 715 0
1586213813157923 131919735117504 emit_end 715 0
1586213813160923 131919735117504 drain_beg 0 0
1586213813161463 131919735117504 drain_end 1 0
1586213813161813 131919735117504 subm_beg 1 0
1586213816667095 131919735117504 subm_end 1 0
1586213816667505 131919735117504 pump_beg 1 0
1586213828272611 131919735117504 pump_end 1 2
1586213830392574 131919735117504 coll_beg 0 0
1586213834337410 131919735117504 coll_end 0 0
1586213836342087 131919735117504 emit_beg 716 0
1586213842069308 131919735117504 emit_end 716 0
1586213842075598 131919735117504 drain_beg 0 0
1586213842076478 131919735117504 drain_end 1 0
1586213842077338 131919735117504 subm_beg 1 0
1586213845505653 131919735117504 subm_end 1 0
1586213845506323 131919735117504 pump_beg 1 0
1586213857436197 131919735117504 pump_end 1 2
1586213859948166 131919735117504 coll_beg 0 0
1586213864100205 131919735117504 coll_end 0 0
1586213865891379 131919735117504 emit_beg 717 0
1586213869661682 131919735117504 emit_end 717 0
1586213869673831 131919735117504 drain_beg 0 0
1586213869674471 131919735117504 drain_end 1 0
1586213869675021 131919735117504 subm_beg 1 0
1586213873238581 131919735117504 subm_end 1 0
1586213873239041 131919735117504 pump_beg 1 0
1586213885118278 131919735117504 pump_end 1 2
1586213887175562 131919735117504 coll_beg 0 0
1586213891462346 131919735117504 coll_end 0 0
1586213895098603 131919735117504 emit_beg 718 0
1586213902269432 131919735117504 emit_end 718 0
1586213902272301 131919735117504 drain_beg 0 0
1586213902272981 131919735117504 drain_end 1 0
1586213902273321 131919735117504 subm_beg 1 0
1586213905770424 131919735117504 subm_end 1 0
1586213905770824 131919735117504 pump_beg 1 0
1586213916654067 131919735117504 pump_end 1 2
1586213918963193 131919735117504 coll_beg 0 0
1586213922691317 131919735117504 coll_end 0 0
1586213924450372 131919735117504 emit_beg 719 0
1586213929870085 131919735117504 emit_end 719 0
1586213929872605 131919735117504 drain_beg 0 0
1586213929872905 131919735117504 drain_end 1 0
1586213929873295 131919735117504 subm_beg 1 0
1586213933354418 131919735117504 subm_end 1 0
1586213933354817 131919735117504 pump_beg 1 0
1586213944504951 131919735117504 pump_end 1 2
1586213948164887 131919735117504 coll_beg 0 0
1586213952203810 131919735117504 coll_end 0 0
1586213954116150 131919735117504 emit_beg 720 0
1586213961707153 131919735117504 emit_end 720 0
1586213961711303 131919735117504 drain_beg 0 0
1586213961711973 131919735117504 drain_end 1 0
1586213961712533 131919735117504 subm_beg 1 0
1586213965170887 131919735117504 subm_end 1 0
1586213965171507 131919735117504 pump_beg 1 0
1586213978178312 131919735117504 pump_end 1 2
1586213980134671 131919735117504 coll_beg 0 0
1586213985009273 131919735117504 coll_end 0 0
1586213986879474 131919735117504 emit_beg 721 0
1586213992580136 131919735117504 emit_end 721 0
1586213992584576 131919735117504 drain_beg 0 0
1586213992585276 131919735117504 drain_end 1 0
1586213992585926 131919735117504 subm_beg 1 0
1586213996276251 131919735117504 subm_end 1 0
1586213996277641 131919735117504 pump_beg 1 0
1586214009060185 131919735117504 pump_end 1 2
1586214011025583 131919735117504 coll_beg 0 0
1586214016872760 131919735117504 coll_end 0 0
1586214018720712 131919735117504 emit_beg 722 0
1586214024452103 131919735117504 emit_end 722 0
1586214024454773 131919735117504 drain_beg 0 0
1586214024455323 131919735117504 drain_end 1 0
1586214024455663 131919735117504 subm_beg 1 0
1586214028199686 131919735117504 subm_end 1 0
1586214028201586 131919735117504 pump_beg 1 0
1586214039607850 131919735117504 pump_end 1 2
1586214043256106 131919735117504 coll_beg 0 0
1586214048338151 131919735117504 coll_end 0 0
1586214050236432 131919735117504 emit_beg 723 0
1586214055933474 131919735117504 emit_end 723 0
1586214055936494 131919735117504 drain_beg 0 0
1586214055937074 131919735117504 drain_end 1 0
1586214055937384 131919735117504 subm_beg 1 0
1586214059624590 131919735117504 subm_end 1 0
1586214059625040 131919735117504 pump_beg 1 0
1586214068699059 131919735117504 pump_end 1 2
1586214070647188 131919735117504 coll_beg 0 0
1586214073593040 131919735117504 coll_end 0 0
1586214076627700 131919735117504 emit_beg 724 0
1586214084120096 131919735117504 emit_end 724 0
1586214084122866 131919735117504 drain_beg 0 0
1586214084123306 131919735117504 drain_end 1 0
1586214084123556 131919735117504 subm_beg 1 0
1586214087834391 131919735117504 subm_end 1 0
1586214087834841 131919735117504 pump_beg 1 0
1586214099644690 131919735117504 pump_end 1 2
1586214102211676 131919735117504 coll_beg 0 0
1586214108644871 131919735117504 coll_end 0 0
1586214110639839 131919735117504 emit_beg 725 0
1586214116339821 131919735117504 emit_end 725 0
1586214133982637 131919735117504 drain_beg 0 0
1586214133983397 131919735117504 drain_end 1 0
1586214133983737 131919735117504 subm_beg 1 0
1586214137645953 131919735117504 subm_end 1 0
1586214137646423 131919735117504 pump_beg 1 0
1586214147841541 131919735117504 pump_end 1 2
1586214149865797 131919735117504 coll_beg 0 0
1586214153995136 131919735117504 coll_end 0 0
1586214155947255 131919735117504 emit_beg 726 0
1586214161618258 131919735117504 emit_end 726 0
1586214161621038 131919735117504 drain_beg 0 0
1586214161621598 131919735117504 drain_end 1 0
1586214161622078 131919735117504 subm_beg 1 0
1586214165444688 131919735117504 subm_end 1 0
1586214165445118 131919735117504 pump_beg 1 0
1586214177237878 131919735117504 pump_end 1 2
1586214180392693 131919735117504 coll_beg 0 0
1586214184349518 131919735117504 coll_end 0 0
1586214186308667 131919735117504 emit_beg 727 0
1586214192083606 131919735117504 emit_end 727 0
1586214192086066 131919735117504 drain_beg 0 0
1586214192086546 131919735117504 drain_end 1 0
1586214192086826 131919735117504 subm_beg 1 0
1586214195743312 131919735117504 subm_end 1 0
1586214195743782 131919735117504 pump_beg 1 0
1586214206091935 131919735117504 pump_end 1 2
1586214209271769 131919735117504 coll_beg 0 0
1586214212160843 131919735117504 coll_end 0 0
1586214214968631 131919735117504 emit_beg 728 0
1586214220666253 131919735117504 emit_end 728 0
1586214220668913 131919735117504 drain_beg 0 0
1586214220669363 131919735117504 drain_end 1 0
1586214220669623 131919735117504 subm_beg 1 0
1586214224364338 131919735117504 subm_end 1 0
1586214224364808 131919735117504 pump_beg 1 0
1586214236328651 131919735117504 pump_end 1 2
1586214239243755 131919735117504 coll_beg 0 0
1586214244066929 131919735117504 coll_end 0 0
1586214246002159 131919735117504 emit_beg 729 0
1586214251714280 131919735117504 emit_end 729 0
1586214251716820 131919735117504 drain_beg 0 0
1586214251717090 131919735117504 drain_end 1 0
1586214251717400 131919735117504 subm_beg 1 0
1586214255354617 131919735117504 subm_end 1 0
1586214255355007 131919735117504 pump_beg 1 0
1586214267561952 131919735117504 pump_end 1 2
1586214271126832 131919735117504 coll_beg 0 0
1586214276985808 131919735117504 coll_end 0 0
1586214278904248 131919735117504 emit_beg 730 0
1586214284643798 131919735117504 emit_end 730 0
1586214284646158 131919735117504 drain_beg 0 0
1586214284646558 131919735117504 drain_end 1 0
1586214284646908 131919735117504 subm_beg 1 0
1586214288269756 131919735117504 subm_end 1 0
1586214288270236 131919735117504 pump_beg 1 0
1586214299444518 131919735117504 pump_end 1 2
1586214302587923 131919735117504 coll_beg 0 0
1586214307657068 131919735117504 coll_end 0 0
1586214309556439 131919735117504 emit_beg 731 0
1586214315156655 131919735117504 emit_end 731 0
1586214315159085 131919735117504 drain_beg 0 0
1586214315159465 131919735117504 drain_end 1 0
1586214315159715 131919735117504 subm_beg 1 0
1586214318855740 131919735117504 subm_end 1 0
1586214318856190 131919735117504 pump_beg 1 0
1586214329918776 131919735117504 pump_end 1 2
1586214332561760 131919735117504 coll_beg 0 0
1586214337464201 131919735117504 coll_end 0 0
1586214339370831 131919735117504 emit_beg 732 0
1586214345236197 131919735117504 emit_end 732 0
1586214345238477 131919735117504 drain_beg 0 0
1586214345238957 131919735117504 drain_end 1 0
1586214345239177 131919735117504 subm_beg 1 0
1586214348933272 131919735117504 subm_end 1 0
1586214348933662 131919735117504 pump_beg 1 0
1586214358739734 131919735117504 pump_end 1 2
1586214362040704 131919735117504 coll_beg 0 0
1586214364629519 131919735117504 coll_end 0 0
1586214367602051 131919735117504 emit_beg 733 0
1586214373301113 131919735117504 emit_end 733 0
1586214373303403 131919735117504 drain_beg 0 0
1586214373303773 131919735117504 drain_end 1 0
1586214373304003 131919735117504 subm_beg 1 0
1586214377030487 131919735117504 subm_end 1 0
1586214377030877 131919735117504 pump_beg 1 0
1586214388308705 131919735117504 pump_end 1 2
1586214390972708 131919735117504 coll_beg 0 0
1586214394435912 131919735117504 coll_end 0 0
1586214396222686 131919735117504 emit_beg 734 0
1586214401645879 131919735117504 emit_end 734 0
1586214401648098 131919735117504 drain_beg 0 0
1586214401648398 131919735117504 drain_end 1 0
1586214401648748 131919735117504 subm_beg 1 0
1586214405162220 131919735117504 subm_end 1 0
1586214405162580 131919735117504 pump_beg 1 0
1586214416201057 131919735117504 pump_end 1 2
1586214418016441 131919735117504 coll_beg 0 0
1586214421535753 131919735117504 coll_end 0 0
1586214423420674 131919735117504 emit_beg 735 0
1586214428796148 131919735117504 emit_end 735 0
1586214428798568 131919735117504 drain_beg 0 0
1586214428798938 131919735117504 drain_end 1 0
1586214428799338 131919735117504 subm_beg 1 0
1586214432256241 131919735117504 subm_end 1 0
1586214432256731 131919735117504 pump_beg 1 0
1586214441157377 131919735117504 pump_end 1 2
1586214443506151 131919735117504 coll_beg 0 0
1586214445153181 131919735117504 coll_end 0 0
1586214447007843 131919735117504 emit_beg 736 0
1586214454157432 131919735117504 emit_end 736 0
1586214468537408 131919735117504 drain_beg 0 0
1586214468537937 131919735117504 drain_end 1 0
1586214468538477 131919735117504 subm_beg 1 0
1586214472079128 131919735117504 subm_end 1 0
1586214472079598 131919735117504 pump_beg 1 0
1586214482486558 131919735117504 pump_end 1 2
1586214484354420 131919735117504 coll_beg 0 0
1586214488270927 131919735117504 coll_end 0 0
1586214490149219 131919735117504 emit_beg 737 0
1586214493791126 131919735117504 emit_end 737 0
1586214493795246 131919735117504 drain_beg 0 0
1586214493795786 131919735117504 drain_end 1 0
1586214493796316 131919735117504 subm_beg 1 0
1586214497404574 131919735117504 subm_end 1 0
1586214497405114 131919735117504 pump_beg 1 0
1586214508726411 131919735117504 pump_end 1 2
1586214511005318 131919735117504 coll_beg 0 0
1586214514680974 131919735117504 coll_end 0 0
1586214516761908 131919735117504 emit_beg 738 0
1586214522188420 131919735117504 emit_end 738 0
1586214539171790 131919735117504 drain_beg 0 0
1586214539172430 131919735117504 drain_end 1 0
1586214539172750 131919735117504 subm_beg 1 0
1586214542716730 131919735117504 subm_end 1 0
1586214542717060 131919735117504 pump_beg 1 0
1586214554296628 131919735117504 pump_end 1 2
1586214556295485 131919735117504 coll_beg 0 0
1586214560674025 131919735117504 coll_end 0 0
1586214562657073 131919735117504 emit_beg 739 0
1586214568258748 131919735117504 emit_end 739 0
1586214568263218 131919735117504 drain_beg 0 0
1586214568263798 131919735117504 drain_end 1 0
1586214568264408 131919735117504 subm_beg 1 0
1586214571788579 131919735117504 subm_end 1 0
1586214571788999 131919735117504 pump_beg 1 0
1586214583694265 131919735117504 pump_end 1 2
1586214587015834 131919735117504 coll_beg 0 0
1586214591268509 131919735117504 coll_end 0 0
1586214593104682 131919735117504 emit_beg 740 0
1586214598491005 131919735117504 emit_end 740 0
1586214598493715 131919735117504 drain_beg 0 0
1586214598494225 131919735117504 drain_end 1 0
1586214598494465 131919735117504 subm_beg 1 0
1586214601996697 131919735117504 subm_end 1 0
1586214601996947 131919735117504 pump_beg 1 0
1586214609516593 131919735117504 pump_end 1 2
1586214611789370 131919735117504 coll_beg 0 0
1586214612279622 131919735117504 coll_end 0 0
1586214615407658 131919735117504 emit_beg 741 0
1586214622494899 131919735117504 emit_end 741 0
1586214634186272 131919735117504 drain_beg 0 0
1586214634186882 131919735117504 drain_end 1 0
1586214634187202 131919735117504 subm_beg 1 0
1586214637792761 131919735117504 subm_end 1 0
1586214637793051 131919735117504 pump_beg 1 0
1586214647444709 131919735117504 pump_end 1 2
1586214649276062 131919735117504 coll_beg 0 0
1586214651404134 131919735117504 coll_end 0 0
1586214653293775 131919735117504 emit_beg 742 0
1586214658782665 131919735117504 emit_end 742 0
1586214658786925 131919735117504 drain_beg 0 0
1586214658787415 131919735117504 drain_end 1 0
1586214658787835 131919735117504 subm_beg 1 0
1586214662305076 131919735117504 subm_end 1 0
1586214662305896 131919735117504 pump_beg 1 0
1586214674264170 131919735117504 pump_end 1 2
1586214676765069 131919735117504 coll_beg 0 0
1586214680822250 131919735117504 coll_end 0 0
1586214682759130 131919735117504 emit_beg 743 0
1586214686453745 131919735117504 emit_end 743 0
1586214704421749 131919735117504 drain_beg 0 0
1586214704422719 131919735117504 drain_end 1 0
1586214704423249 131919735117504 subm_beg 1 0
1586214706355639 131919735117504 subm_end 1 0
1586214706358959 131919735117504 pump_beg 1 0
1586214718290353 131919735117504 pump_end 1 2
1586214720217583 131919735117504 coll_beg 0 0
1586214723833341 131919735117504 coll_end 0 0
1586214725699703 131919735117504 emit_beg 744 0
1586214731170923 131919735117504 emit_end 744 0
1586214731174413 131919735117504 drain_beg 0 0
1586214731175163 131919735117504 drain_end 1 0
1586214731175813 131919735117504 subm_beg 1 0
1586214734680145 131919735117504 subm_end 1 0
1586214734680595 131919735117504 pump_beg 1 0
1586214747084102 131919735117504 pump_end 1 2
1586214749751805 131919735117504 coll_beg 0 0
1586214754198393 131919735117504 coll_end 0 0
1586214756044455 131919735117504 emit_beg 745 0
1586214761534575 131919735117504 emit_end 745 0
1586214761537865 131919735117504 drain_beg 0 0
1586214761538185 131919735117504 drain_end 1 0
1586214761538545 131919735117504 subm_beg 1 0
1586214765189012 131919735117504 subm_end 1 0
1586214765189312 131919735117504 pump_beg 1 0
1586214777287340 131919735117504 pump_end 1 2
1586214780938567 131919735117504 coll_beg 0 0
1586214784156110 131919735117504 coll_end 0 0
1586214786017612 131919735117504 emit_beg 746 0
1586214791678695 131919735117504 emit_end 746 0
1586214791681925 131919735117504 drain_beg 0 0
1586214791682495 131919735117504 drain_end 1 0
1586214791682745 131919735117504 subm_beg 1 0
1586214795369800 131919735117504 subm_end 1 0
1586214795370430 131919735117504 pump_beg 1 0
1586214807387812 131919735117504 pump_end 1 2
1586214815484146 131919735117504 coll_beg 0 0
1586214820018771 131919735117504 coll_end 0 0
1586214828758722 131919735117504 emit_beg 747 0
1586214851471263 131919735117504 emit_end 747 0
1586214851479993 131919735117504 drain_beg 0 0
1586214851481143 131919735117504 drain_end 1 0
1586214851481923 131919735117504 subm_beg 1 0
1586214861795186 131919735117504 subm_end 1 0
1586214861797046 131919735117504 pump_beg 1 0
1586214874495313 131919735117504 pump_end 1 2
1586214878409460 131919735117504 coll_beg 0 0
1586214882320057 131919735117504 coll_end 0 0
1586214885709184 131919735117504 emit_beg 748 0
1586214896347345 131919735117504 emit_end 748 0
1586214919192092 131919735117504 drain_beg 0 0
1586214919194362 131919735117504 drain_end 1 0
1586214919194892 131919735117504 subm_beg 1 0
1586214924535517 131919735117504 subm_end 1 0
1586214924536047 131919735117504 pump_beg 1 0
1586214935791526 131919735117504 pump_end 1 2
1586214938744958 131919735117504 coll_beg 0 0
1586214942090106 131919735117504 coll_end 0 0
1586214945133835 131919735117504 emit_beg 749 0
1586214954791163 131919735117504 emit_end 749 0
1586214954794702 131919735117504 drain_beg 0 0
1586214954806242 131919735117504 drain_end 1 0
1586214954806922 131919735117504 subm_beg 1 0
1586214960499494 131919735117504 subm_end 1 0
1586214960499824 131919735117504 pump_beg 1 0
1586214972688349 131919735117504 pump_end 1 2
1586214977214254 131919735117504 coll_beg 0 0
1586214980540713 131919735117504 coll_end 0 0
1586214984560656 131919735117504 emit_beg 750 0
1586214998022045 131919735117504 emit_end 750 0
1586214998025005 131919735117504 drain_beg 0 0
1586214998025425 131919735117504 drain_end 1 0
1586214998025705 131919735117504 subm_beg 1 0
1586215005280110 131919735117504 subm_end 1 0
1586215005280510 131919735117504 pump_beg 1 0
1586215016557598 131919735117504 pump_end 1 2
1586215020389399 131919735117504 coll_beg 0 0
1586215024445531 131919735117504 coll_end 0 0
1586215030018257 131919735117504 emit_beg 751 0
1586215043392959 131919735117504 emit_end 751 0
1586215066843743 131919735117504 drain_beg 0 0
1586215066848633 131919735117504 drain_end 1 0
1586215066849853 131919735117504 subm_beg 1 0
1586215077063090 131919735117504 subm_end 1 0
1586215077065660 131919735117504 pump_beg 1 0
1586215087622565 131919735117504 pump_end 1 2
1586215091006582 131919735117504 coll_beg 0 0
1586215093159423 131919735117504 coll_end 0 0
1586215096888317 131919735117504 emit_beg 752 0
1586215107002908 131919735117504 emit_end 752 0
1586215107006058 131919735117504 drain_beg 0 0
1586215107006558 131919735117504 drain_end 1 0
1586215107006868 131919735117504 subm_beg 1 0
1586215112592274 131919735117504 subm_end 1 0
1586215112592594 131919735117504 pump_beg 1 0
1586215119819450 131919735117504 pump_end 1 2
1586215123634961 131919735117504 coll_beg 0 0
1586215123908131 131919735117504 coll_end 0 0
1586215130878287 131919735117504 emit_beg 753 0
1586215144327006 131919735117504 emit_end 753 0
1586215168284901 131919735117504 drain_beg 0 0
1586215168285501 131919735117504 drain_end 1 0
1586215168285771 131919735117504 subm_beg 1 0
1586215174837472 131919735117504 subm_end 1 0
1586215174837912 131919735117504 pump_beg 1 0
1586215186432029 131919735117504 pump_end 1 2
1586215189380612 131919735117504 coll_beg 0 0
1586215192751859 131919735117504 coll_end 0 0
1586215195716110 131919735117504 emit_beg 754 0
1586215205962957 131919735117504 emit_end 754 0
1586215205966216 131919735117504 drain_beg 0 0
1586215205966646 131919735117504 drain_end 1 0
1586215205966996 131919735117504 subm_beg 1 0
1586215212535357 131919735117504 subm_end 1 0
1586215212535627 131919735117504 pump_beg 1 0
1586215223018504 131919735117504 pump_end 1 2
1586215227270299 131919735117504 coll_beg 0 0
1586215230100606 131919735117504 coll_end 0 0
1586215233644336 131919735117504 emit_beg 755 0
1586215244455832 131919735117504 emit_end 755 0
1586215258297307 131919735117504 drain_beg 0 0
1586215258299387 131919735117504 drain_end 1 0
1586215258299947 131919735117504 subm_beg 1 0
1586215262128437 131919735117504 subm_end 1 0
1586215262129007 131919735117504 pump_beg 1 0
1586215269310895 131919735117504 pump_end 1 2
1586215271253844 131919735117504 coll_beg 0 0
1586215271990247 131919735117504 coll_end 0 0
1586215273920926 131919735117504 emit_beg 756 0
1586215279564171 131919735117504 emit_end 756 0
1586215279567810 131919735117504 drain_beg 0 0
1586215279568370 131919735117504 drain_end 1 0
1586215279568840 131919735117504 subm_beg 1 0
1586215283275935 131919735117504 subm_end 1 0
1586215283277105 131919735117504 pump_beg 1 0
1586215292184210 131919735117504 pump_end 1 2
1586215294880802 131919735117504 coll_beg 0 0
1586215297307763 131919735117504 coll_end 0 0
1586215300556484 131919735117504 emit_beg 757 0
1586215306274106 131919735117504 emit_end 757 0
1586215306277236 131919735117504 drain_beg 0 0
1586215306277786 131919735117504 drain_end 1 0
1586215306278096 131919735117504 subm_beg 1 0
1586215309902723 131919735117504 subm_end 1 0
1586215309903033 131919735117504 pump_beg 1 0
1586215320442899 131919735117504 pump_end 1 2
1586215323609773 131919735117504 coll_beg 0 0
1586215327704974 131919735117504 coll_end 0 0
1586215329507488 131919735117504 emit_beg 758 0
1586215334951929 131919735117504 emit_end 758 0
1586215334954599 131919735117504 drain_beg 0 0
1586215334955249 131919735117504 drain_end 1 0
1586215334955799 131919735117504 subm_beg 1 0
1586215338466831 131919735117504 subm_end 1 0
1586215338467071 131919735117504 pump_beg 1 0
1586215349644773 131919735117504 pump_end 1 2
1586215353114627 131919735117504 coll_beg 0 0
1586215356383857 131919735117504 coll_end 0 0
1586215358228890 131919735117504 emit_beg 759 0
1586215363623293 131919735117504 emit_end 759 0
1586215363625743 131919735117504 drain_beg 0 0
1586215363625993 131919735117504 drain_end 1 0
1586215363626223 131919735117504 subm_beg 1 0
1586215367181313 131919735117504 subm_end 1 0
1586215367181563 131919735117504 pump_beg 1 0
1586215378573157 131919735117504 pump_end 1 2
1586215381504030 131919735117504 coll_beg 0 0
1586215385020682 131919735117504 coll_end 0 0
1586215386840436 131919735117504 emit_beg 760 0
1586215392309366 131919735117504 emit_end 760 0
1586215408656450 131919735117504 drain_beg 0 0
1586215408656960 131919735117504 drain_end 1 0
1586215408657210 131919735117504 subm_beg 1 0
1586215412291097 131919735117504 subm_end 1 0
1586215412291487 131919735117504 pump_beg 1 0
1586215420229387 131919735117504 pump_end 1 2
1586215422056401 131919735117504 coll_beg 0 0
1586215423346244 131919735117504 coll_end 0 0
1586215425134198 131919735117504 emit_beg 761 0
1586215428615651 131919735117504 emit_end 761 0
1586215428618221 131919735117504 drain_beg 0 0
1586215428618711 131919735117504 drain_end 1 0
1586215428619161 131919735117504 subm_beg 1 0
1586215432299077 131919735117504 subm_end 1 0
1586215432299327 131919735117504 pump_beg 1 0
1586215439212005 131919735117504 pump_end 1 2
1586215442582792 131919735117504 coll_beg 0 0
1586215442897820 131919735117504 coll_end 0 0
1586215446269117 131919735117504 emit_beg 762 0
1586215453516793 131919735117504 emit_end 762 0
1586215464894207 131919735117504 drain_beg 0 0
1586215464894877 131919735117504 drain_end 1 0
1586215464895417 131919735117504 subm_beg 1 0
1586215468500676 131919735117504 subm_end 1 0
1586215468501126 131919735117504 pump_beg 1 0
1586215480860055 131919735117504 pump_end 1 2
1586215482763925 131919735117504 coll_beg 0 0
1586215486984691 131919735117504 coll_end 0 0
1586215488868992 131919735117504 emit_beg 763 0
1586215494228167 131919735117504 emit_end 763 0
1586215494231267 131919735117504 drain_beg 0 0
1586215494231667 131919735117504 drain_end 1 0
1586215494231957 131919735117504 subm_beg 1 0
1586215497739219 131919735117504 subm_end 1 0
1586215497739729 131919735117504 pump_beg 1 0
1586215511122480 131919735117504 pump_end 1 2
1586215513340309 131919735117504 coll_beg 0 0
1586215517342813 131919735117504 coll_end 0 0
1586215519104589 131919735117504 emit_beg 764 0
1586215524526501 131919735117504 emit_end 764 0
1586215541320218 131919735117504 drain_beg 0 0
1586215541322168 131919735117504 drain_end 1 0
1586215541322938 131919735117504 subm_beg 1 0
1586215544915217 131919735117504 subm_end 1 0
1586215544916767 131919735117504 pump_beg 1 0
1586215557094523 131919735117504 pump_end 1 2
1586215558941815 131919735117504 coll_beg 0 0
1586215564307049 131919735117504 coll_end 0 0
1586215566149122 131919735117504 emit_beg 765 0
1586215571590874 131919735117504 emit_end 765 0
1586215571594574 131919735117504 drain_beg 0 0
1586215571595154 131919735117504 drain_end 1 0
1586215571596203 131919735117504 subm_beg 1 0
1586215575102346 131919735117504 subm_end 1 0
1586215575102736 131919735117504 pump_beg 1 0
1586215585617352 131919735117504 pump_end 1 2
1586215588929931 131919735117504 coll_beg 0 0
1586215591857774 131919735117504 coll_end 0 0
1586215594313934 131919735117504 emit_beg 766 0
1586215599759416 131919735117504 emit_end 766 0
1586215599762176 131919735117504 drain_beg 0 0
1586215599762646 131919735117504 drain_end 1 0
1586215599763046 131919735117504 subm_beg 1 0
1586215603306416 131919735117504 subm_end 1 0
1586215603306866 131919735117504 pump_beg 1 0
1586215614740339 131919735117504 pump_end 1 2
1586215617416511 131919735117504 coll_beg 0 0
1586215620891824 131919735117504 coll_end 0 0
1586215622744427 131919735117504 emit_beg 767 0
1586215628106611 131919735117504 emit_end 767 0
1586215628109691 131919735117504 drain_beg 0 0
1586215628110381 131919735117504 drain_end 1 0
1586215628110841 131919735117504 subm_beg 1 0
1586215631562455 131919735117504 subm_end 1 0
1586215631563025 131919735117504 pump_beg 1 0
1586215638581699 131919735117504 pump_end 1 2
1586215640556527 131919735117504 coll_beg 0 0
1586215640799348 131919735117504 coll_end 0 0
1586215644106107 131919735117504 emit_beg 768 0
1586215651706480 131919735117504 emit_end 768 0
1586215662747887 131919735117504 drain_beg 0 0
1586215662748517 131919735117504 drain_end 1 0
1586215662748907 131919735117504 subm_beg 1 0
1586215666287848 131919735117504 subm_end 1 0
1586215666288088 131919735117504 pump_beg 1 0
1586215676773035 131919735117504 pump_end 1 2
1586215678596599 131919735117504 coll_beg 0 0
1586215681082928 131919735117504 coll_end 0 0
1586215682902741 131919735117504 emit_beg 769 0
1586215688451289 131919735117504 emit_end 769 0
1586215688453639 131919735117504 drain_beg 0 0
1586215688453959 131919735117504 drain_end 1 0
1586215688454179 131919735117504 subm_beg 1 0
1586215692138615 131919735117504 subm_end 1 0
1586215692138865 131919735117504 pump_beg 1 0
1586215702492287 131919735117504 pump_end 1 2
1586215704515733 131919735117504 coll_beg 0 0
1586215708406081 131919735117504 coll_end 0 0
1586215710425257 131919735117504 emit_beg 770 0
1586215716241575 131919735117504 emit_end 770 0
1586215716245995 131919735117504 drain_beg 0 0
1586215716246505 131919735117504 drain_end 1 0
1586215716246945 131919735117504 subm_beg 1 0
1586215719876412 131919735117504 subm_end 1 0
1586215719876942 131919735117504 pump_beg 1 0
1586215731240158 131919735117504 pump_end 1 2
1586215734651073 131919735117504 coll_beg 0 0
1586215738468484 131919735117504 coll_end 0 0
1586215740335376 131919735117504 emit_beg 771 0
1586215746111085 131919735117504 emit_end 771 0
1586215746113815 131919735117504 drain_beg 0 0
1586215746114165 131919735117504 drain_end 1 0
1586215746114465 131919735117504 subm_beg 1 0
1586215749798420 131919735117504 subm_end 1 0
1586215749798970 131919735117504 pump_beg 1 0
1586215762289634 131919735117504 pump_end 1 2
1586215765205878 131919735117504 coll_beg 0 0
1586215771372123 131919735117504 coll_end 0 0
1586215773343041 131919735117504 emit_beg 772 0
1586215777292687 131919735117504 emit_end 772 0
1586215777296227 131919735117504 drain_beg 0 0
1586215777296697 131919735117504 drain_end 1 0
1586215777297227 131919735117504 subm_beg 1 0
1586215781021871 131919735117504 subm_end 1 0
1586215781022301 131919735117504 pump_beg 1 0
1586215791714101 131919735117504 pump_end 1 2
1586215793941619 131919735117504 coll_beg 0 0
1586215796997848 131919735117504 coll_end 0 0
1586215799601373 131919735117504 emit_beg 773 0
1586215807191536 131919735117504 emit_end 773 0
1586215807195406 131919735117504 drain_beg 0 0
1586215807196086 131919735117504 drain_end 1 0
1586215807196636 131919735117504 subm_beg 1 0
1586215810820383 131919735117504 subm_end 1 0
1586215810820943 131919735117504 pump_beg 1 0
1586215822338773 131919735117504 pump_end 1 2
1586215825418181 131919735117504 coll_beg 0 0
1586215830376350 131919735117504 coll_end 0 0
1586215832311159 131919735117504 emit_beg 774 0
1586215838084918 131919735117504 emit_end 774 0
1586215838089618 131919735117504 drain_beg 0 0
1586215838091288 131919735117504 drain_end 1 0
1586215838091938 131919735117504 subm_beg 1 0
1586215841763764 131919735117504 subm_end 1 0
1586215841764114 131919735117504 pump_beg 1 0
1586215851115513 131919735117504 pump_end 1 2
1586215853315823 131919735117504 coll_beg 0 0
1586215855367378 131919735117504 coll_end 0 0
1586215858866970 131919735117504 emit_beg 775 0
1586215866348357 131919735117504 emit_end 775 0
1586215882673661 131919735117504 drain_beg 0 0
1586215882674151 131919735117504 drain_end 1 0
1586215882674491 131919735117504 subm_beg 1 0
1586215886463233 131919735117504 subm_end 1 0
1586215886463633 131919735117504 pump_beg 1 0
1586215897234150 131919735117504 pump_end 1 2
1586215899174559 131919735117504 coll_beg 0 0
1586215903994453 131919735117504 coll_end 0 0
1586215905984091 131919735117504 emit_beg 776 0
1586215911664073 131919735117504 emit_end 776 0
1586215911667743 131919735117504 drain_beg 0 0
1586215911668483 131919735117504 drain_end 1 0
1586215911669073 131919735117504 subm_beg 1 0
1586215915338149 131919735117504 subm_end 1 0
1586215915338669 131919735117504 pump_beg 1 0
1586215924242044 131919735117504 pump_end 1 2
1586215926431204 131919735117504 coll_beg 0 0
1586215928670523 131919735117504 coll_end 0 0
1586215932300080 131919735117504 emit_beg 777 0
1586215937953654 131919735117504 emit_end 777 0
1586215952829631 131919735117504 drain_beg 0 0
1586215952830941 131919735117504 drain_end 1 0
1586215952831301 131919735117504 subm_beg 1 0
1586215956533686 131919735117504 subm_end 1 0
1586215956534196 131919735117504 pump_beg 1 0
1586215968589676 131919735117504 pump_end 1 2
1586215970571074 131919735117504 coll_beg 0 0
1586215975156776 131919735117504 coll_end 0 0
1586215977212091 131919735117504 emit_beg 778 0
1586215983013619 131919735117504 emit_end 778 0
1586215983017949 131919735117504 drain_beg 0 0
1586215983018559 131919735117504 drain_end 1 0
1586215983019099 131919735117504 subm_beg 1 0
1586215986590069 131919735117504 subm_end 1 0
1586215986590599 131919735117504 pump_beg 1 0
1586215997375365 131919735117504 pump_end 1 2
1586216000293069 131919735117504 coll_beg 0 0
1586216005105063 131919735117504 coll_end 0 0
1586216007011484 131919735117504 emit_beg 779 0
1586216010795756 131919735117504 emit_end 779 0
1586216010800086 131919735117504 drain_beg 0 0
1586216010800826 131919735117504 drain_end 1 0
1586216010801566 131919735117504 subm_beg 1 0
1586216014568218 131919735117504 subm_end 1 0
1586216014568488 131919735117504 pump_beg 1 0
1586216024949819 131919735117504 pump_end 1 2
1586216027374691 131919735117504 coll_beg 0 0
1586216032217244 131919735117504 coll_end 0 0
1586216035271633 131919735117504 emit_beg 780 0
1586216044593722 131919735117504 emit_end 780 0
1586216044597612 131919735117504 drain_beg 0 0
1586216044598202 131919735117504 drain_end 1 0
1586216044598532 131919735117504 subm_beg 1 0
1586216046521232 131919735117504 subm_end 1 0
1586216046521752 131919735117504 pump_beg 1 0
1586216057766962 131919735117504 pump_end 1 2
1586216059722220 131919735117504 coll_beg 0 0
1586216063418355 131919735117504 coll_end 0 0
1586216065428882 131919735117504 emit_beg 781 0
1586216071141174 131919735117504 emit_end 781 0
1586216071144443 131919735117504 drain_beg 0 0
1586216071144963 131919735117504 drain_end 1 0
1586216071145283 131919735117504 subm_beg 1 0
1586216074600277 131919735117504 subm_end 1 0
1586216074600677 131919735117504 pump_beg 1 0
1586216084817604 131919735117504 pump_end 1 2
1586216087447588 131919735117504 coll_beg 0 0
1586216090250656 131919735117504 coll_end 0 0
1586216092937768 131919735117504 emit_beg 782 0
1586216098299412 131919735117504 emit_end 782 0
1586216098302242 131919735117504 drain_beg 0 0
1586216098302652 131919735117504 drain_end 1 0
1586216098302892 131919735117504 subm_beg 1 0
1586216101851803 131919735117504 subm_end 1 0
1586216101852183 131919735117504 pump_beg 1 0
1586216112609030 131919735117504 pump_end 1 2
1586216116047475 131919735117504 coll_beg 0 0
1586216119250728 131919735117504 coll_end 0 0
1586216121036723 131919735117504 emit_beg 783 0
1586216126311050 131919735117504 emit_end 783 0
1586216126313560 131919735117504 drain_beg 0 0
1586216126313970 131919735117504 drain_end 1 0
1586216126314370 131919735117504 subm_beg 1 0
1586216129913969 131919735117504 subm_end 1 0
1586216129914369 131919735117504 pump_beg 1 0
1586216142305366 131919735117504 pump_end 1 2
1586216144894872 131919735117504 coll_beg 0 0
1586216148910085 131919735117504 coll_end 0 0
1586216150823826 131919735117504 emit_beg 784 0
1586216156325715 131919735117504 emit_end 784 0
1586216156328475 131919735117504 drain_beg 0 0
1586216156328895 131919735117504 drain_end 1 0
1586216156329245 131919735117504 subm_beg 1 0
1586216159820497 131919735117504 subm_end 1 0
1586216159820877 131919735117504 pump_beg 1 0
1586216172318591 131919735117504 pump_end 1 2
1586216175625581 131919735117504 coll_beg 0 0
1586216179842857 131919735117504 coll_end 0 0
1586216181671480 131919735117504 emit_beg 785 0
1586216187124941 131919735117504 emit_end 785 0
1586216204861954 131919735117504 drain_beg 0 0
1586216204863924 131919735117504 drain_end 1 0
1586216204864813 131919735117504 subm_beg 1 0
1586216208423784 131919735117504 subm_end 1 0
1586216208425474 131919735117504 pump_beg 1 0
1586216220615769 131919735117504 pump_end 1 2
1586216222758951 131919735117504 coll_beg 0 0
1586216226993756 131919735117504 coll_end 0 0
1586216229064091 131919735117504 emit_beg 786 0
1586216234683495 131919735117504 emit_end 786 0
1586216234687295 131919735117504 drain_beg 0 0
1586216234688005 131919735117504 drain_end 1 0
1586216234688725 131919735117504 subm_beg 1 0
1586216238211087 131919735117504 subm_end 1 0
1586216238211567 131919735117504 pump_beg 1 0
1586216248442523 131919735117504 pump_end 1 2
1586216251774122 131919735117504 coll_beg 0 0
1586216254493042 131919735117504 coll_end 0 0
1586216256353265 131919735117504 emit_beg 787 0
1586216261816845 131919735117504 emit_end 787 0
1586216277301080 131919735117504 drain_beg 0 0
1586216277303060 131919735117504 drain_end 1 0
1586216277303860 131919735117504 subm_beg 1 0
1586216280836291 131919735117504 subm_end 1 0
1586216280837941 131919735117504 pump_beg 1 0
1586216290339104 131919735117504 pump_end 1 2
1586216292253065 131919735117504 coll_beg 0 0
1586216294469374 131919735117504 coll_end 0 0
1586216296316136 131919735117504 emit_beg 788 0
1586216299968173 131919735117504 emit_end 788 0
1586216299971233 131919735117504 drain_beg 0 0
1586216299971933 131919735117504 drain_end 1 0
1586216299972563 131919735117504 subm_beg 1 0
1586216303504064 131919735117504 subm_end 1 0
1586216303504554 131919735117504 pump_beg 1 0
1586216313485410 131919735117504 pump_end 1 2
1586216316240719 131919735117504 coll_beg 0 0
1586216318705049 131919735117504 coll_end 0 0
1586216321850224 131919735117504 emit_beg 789 0
1586216329004253 131919735117504 emit_end 789 0
1586216329006743 131919735117504 drain_beg 0 0
1586216329007123 131919735117504 drain_end 1 0
1586216329007373 131919735117504 subm_beg 1 0
1586216332577513 131919735117504 subm_end 1 0
1586216332577983 131919735117504 pump_beg 1 0
1586216344486768 131919735117504 pump_end 1 2
1586216346721597 131919735117504 coll_beg 0 0
1586216350735300 131919735117504 coll_end 0 0
1586216352559564 131919735117504 emit_beg 790 0
1586216358071173 131919735117504 emit_end 790 0
1586216358074433 131919735117504 drain_beg 0 0
1586216358075032 131919735117504 drain_end 1 0
1586216358075722 131919735117504 subm_beg 1 0
1586216361566705 131919735117504 subm_end 1 0
1586216361567305 131919735117504 pump_beg 1 0
1586216372947730 131919735117504 pump_end 1 2
1586216374887409 131919735117504 coll_beg 0 0
1586216378454349 131919735117504 coll_end 0 0
1586216380239184 131919735117504 emit_beg 791 0
1586216385688705 131919735117504 emit_end 791 0
1586216385691385 131919735117504 drain_beg 0 0
1586216385691795 131919735117504 drain_end 1 0
1586216385692065 131919735117504 subm_beg 1 0
1586216389181447 131919735117504 subm_end 1 0
1586216389181917 131919735117504 pump_beg 1 0
1586216402572679 131919735117504 pump_end 1 2
1586216405794381 131919735117504 coll_beg 0 0
1586216410597506 131919735117504 coll_end 0 0
1586216412436289 131919735117504 emit_beg 792 0
1586216417899689 131919735117504 emit_end 792 0
1586216417902379 131919735117504 drain_beg 0 0
1586216417902779 131919735117504 drain_end 1 0
1586216417903049 131919735117504 subm_beg 1 0
1586216421452770 131919735117504 subm_end 1 0
1586216421453230 131919735117504 pump_beg 1 0
1586216431573790 131919735117504 pump_end 1 2
1586216433772650 131919735117504 coll_beg 0 0
1586216436148963 131919735117504 coll_end 0 0
1586216439429374 131919735117504 emit_beg 793 0
1586216446473846 131919735117504 emit_end 793 0
1586216446476406 131919735117504 drain_beg 0 0
1586216446482156 131919735117504 drain_end 1 0
1586216446482586 131919735117504 subm_beg 1 0
1586216450591906 131919735117504 subm_end 1 0
1586216450592256 131919735117504 pump_beg 1 0
1586216462990334 131919735117504 pump_end 1 2
1586216465720454 131919735117504 coll_beg 0 0
1586216469932960 131919735117504 coll_end 0 0
1586216471838941 131919735117504 emit_beg 794 0
1586216477488475 131919735117504 emit_end 794 0
1586216496042018 131919735117504 drain_beg 0 0
1586216496044068 131919735117504 drain_end 1 0
1586216496044867 131919735117504 subm_beg 1 0
1586216499767662 131919735117504 subm_end 1 0
1586216499768562 131919735117504 pump_beg 1 0
1586216511715486 131919735117504 pump_end 1 2
1586216514045771 131919735117504 coll_beg 0 0
1586216519393375 131919735117504 coll_end 0 0
1586216521473359 131919735117504 emit_beg 795 0
1586216527331036 131919735117504 emit_end 795 0
1586216527333996 131919735117504 drain_beg 0 0
1586216527334436 131919735117504 drain_end 1 0
1586216527334766 131919735117504 subm_beg 1 0
1586216530995732 131919735117504 subm_end 1 0
1586216530996152 131919735117504 pump_beg 1 0
1586216543364151 131919735117504 pump_end 1 2
1586216546738378 131919735117504 coll_beg 0 0
1586216552980650 131919735117504 coll_end 0 0
1586216554886460 131919735117504 emit_beg 796 0
1586216560611301 131919735117504 emit_end 796 0
1586216560613871 131919735117504 drain_beg 0 0
1586216560614321 131919735117504 drain_end 1 0
1586216560614731 131919735117504 subm_beg 1 0
1586216564250839 131919735117504 subm_end 1 0
1586216564251199 131919735117504 pump_beg 1 0
1586216575239487 131919735117504 pump_end 1 2
1586216577860742 131919735117504 coll_beg 0 0
1586216583792915 131919735117504 coll_end 0 0
1586216585722815 131919735117504 emit_beg 797 0
1586216593345927 131919735117504 emit_end 797 0
1586216593349017 131919735117504 drain_beg 0 0
1586216593349647 131919735117504 drain_end 1 0
1586216593350107 131919735117504 subm_beg 1 0
1586216597280813 131919735117504 subm_end 1 0
1586216597281933 131919735117504 pump_beg 1 0
1586216606478697 131919735117504 pump_end 1 2
1586216608725685 131919735117504 coll_beg 0 0
1586216610702773 131919735117504 coll_end 0 0
1586216612612524 131919735117504 emit_beg 798 0
1586216620221706 131919735117504 emit_end 798 0
1586216620225916 131919735117504 drain_beg 0 0
1586216620226446 131919735117504 drain_end 1 0
1586216620227066 131919735117504 subm_beg 1 0
1586216623907401 131919735117504 subm_end 1 0
1586216623907901 131919735117504 pump_beg 1 0
1586216635695411 131919735117504 pump_end 1 2
1586216638341385 131919735117504 coll_beg 0 0
1586216643325653 131919735117504 coll_end 0 0
1586216645311220 131919735117504 emit_beg 799 0
1586216653017219 131919735117504 emit_end 799 0
1586216653020939 131919735117504 drain_beg 0 0
1586216653021429 131919735117504 drain_end 1 0
1586216653021699 131919735117504 subm_beg 1 0
1586216654904970 131919735117504 subm_end 1 0
1586216654905660 131919735117504 pump_beg 1 0
1586216666757878 131919735117504 pump_end 1 2
1586216668810743 131919735117504 coll_beg 0 0
1586216673215722 131919735117504 coll_end 0 0
1586216675194390 131919735117504 emit_beg 800 0
1586216679063629 131919735117504 emit_end 800 0
1586216679068138 131919735117504 drain_beg 0 0
1586216679068838 131919735117504 drain_end 1 0
1586216679069398 131919735117504 subm_beg 1 0
1586216682833891 131919735117504 subm_end 1 0
1586216682834251 131919735117504 pump_beg 1 0
1586216694545894 131919735117504 pump_end 1 2
1586216696771992 131919735117504 coll_beg 0 0
1586216700716578 131919735117504 coll_end 0 0
1586216702572671 131919735117504 emit_beg 801 0
1586216709993280 131919735117504 emit_end 801 0
1586216709996040 131919735117504 drain_beg 0 0
1586216709996520 131919735117504 drain_end 1 0
1586216709996850 131919735117504 subm_beg 1 0
1586216713708324 131919735117504 subm_end 1 0
1586216713712254 131919735117504 pump_beg 1 0
1586216724016288 131919735117504 pump_end 1 2
1586216727615027 131919735117504 coll_beg 0 0
1586216730515181 131919735117504 coll_end 0 0
1586216733317419 131919735117504 emit_beg 802 0
1586216740884273 131919735117504 emit_end 802 0
1586216742740615 131919735117504 drain_beg 0 0
1586216742741285 131919735117504 drain_end 1 0
1586216742741625 131919735117504 subm_beg 1 0
1586216744652725 131919735117504 subm_end 1 0
1586216744653145 131919735117504 pump_beg 1 0
1586216755921654 131919735117504 pump_end 1 2
1586216759615019 131919735117504 coll_beg 0 0
1586216763203138 131919735117504 coll_end 0 0
1586216765111978 131919735117504 emit_beg 803 0
1586216771233515 131919735117504 emit_end 803 0
1586216788223885 131919735117504 drain_beg 0 0
1586216788225645 131919735117504 drain_end 1 0
1586216788226245 131919735117504 subm_beg 1 0
1586216791919680 131919735117504 subm_end 1 0
1586216791921470 131919735117504 pump_beg 1 0
1586216801479241 131919735117504 pump_end 1 2
1586216803616073 131919735117504 coll_beg 0 0
1586216806266247 131919735117504 coll_end 0 0
1586216808335811 131919735117504 emit_beg 804 0
1586216814130740 131919735117504 emit_end 804 0
1586216814133939 131919735117504 drain_beg 0 0
1586216814134339 131919735117504 drain_end 1 0
1586216814134679 131919735117504 subm_beg 1 0
1586216817879453 131919735117504 subm_end 1 0
1586216817880723 131919735117504 pump_beg 1 0
1586216829952682 131919735117504 pump_end 1 2
1586216832561267 131919735117504 coll_beg 0 0
1586216836742414 131919735117504 coll_end 0 0
1586216838708473 131919735117504 emit_beg 805 0
1586216844448103 131919735117504 emit_end 805 0
1586216844451643 131919735117504 drain_beg 0 0
1586216844452253 131919735117504 drain_end 1 0
1586216844452743 131919735117504 subm_beg 1 0
1586216848183537 131919735117504 subm_end 1 0
1586216848183957 131919735117504 pump_beg 1 0
1586216859870710 131919735117504 pump_end 1 2
1586216862079990 131919735117504 coll_beg 0 0
1586216866541787 131919735117504 coll_end 0 0
1586216868362751 131919735117504 emit_beg 806 0
1586216873817661 131919735117504 emit_end 806 0
1586216873820591 131919735117504 drain_beg 0 0
1586216873821251 131919735117504 drain_end 1 0
1586216873821531 131919735117504 subm_beg 1 0
1586216877369642 131919735117504 subm_end 1 0
1586216877370082 131919735117504 pump_beg 1 0
1586216887486693 131919735117504 pump_end 1 2
1586216889501469 131919735117504 coll_beg 0 0
1586216892247599 131919735117504 coll_end 0 0
1586216895230330 131919735117504 emit_beg 807 0
1586216900993840 131919735117504 emit_end 807 0
1586216916645988 131919735117504 drain_beg 0 0
1586216916646598 131919735117504 drain_end 1 0
1586216916646998 131919735117504 subm_beg 1 0
1586216920332614 131919735117504 subm_end 1 0
1586216920332894 131919735117504 pump_beg 1 0
1586216930832411 131919735117504 pump_end 1 2
1586216932679563 131919735117504 coll_beg 0 0
1586216937155350 131919735117504 coll_end 0 0
1586216939007282 131919735117504 emit_beg 808 0
1586216942617791 131919735117504 emit_end 808 0
1586216942620051 131919735117504 drain_beg 0 0
1586216942620471 131919735117504 drain_end 1 0
1586216942620721 131919735117504 subm_beg 1 0
1586216946208000 131919735117504 subm_end 1 0
1586216946208550 131919735117504 pump_beg 1 0
1586216957565285 131919735117504 pump_end 1 2
1586216960746059 131919735117504 coll_beg 0 0
1586216966120053 131919735117504 coll_end 0 0
1586216968027073 131919735117504 emit_beg 809 0
1586216973676877 131919735117504 emit_end 809 0
1586216990575571 131919735117504 drain_beg 0 0
1586216990576341 131919735117504 drain_end 1 0
1586216990576620 131919735117504 subm_beg 1 0
1586216994178889 131919735117504 subm_end 1 0
1586216994179279 131919735117504 pump_beg 1 0
1586217001791031 131919735117504 pump_end 1 2
1586217003694592 131919735117504 coll_beg 0 0
1586217004255501 131919735117504 coll_end 0 0
1586217006057896 131919735117504 emit_beg 810 0
1586217011525506 131919735117504 emit_end 810 0
1586217011527716 131919735117504 drain_beg 0 0
1586217011527966 131919735117504 drain_end 1 0
1586217011528196 131919735117504 subm_beg 1 0
1586217015098386 131919735117504 subm_end 1 0
1586217015098866 131919735117504 pump_beg 1 0
1586217026721171 131919735117504 pump_end 1 2
1586217028513586 131919735117504 coll_beg 0 0
1586217032260449 131919735117504 coll_end 0 0
1586217034055334 131919735117504 emit_beg 811 0
1586217039554993 131919735117504 emit_end 811 0
1586217056265433 131919735117504 drain_beg 0 0
1586217056266403 131919735117504 drain_end 1 0
1586217056266733 131919735117504 subm_beg 1 0
1586217059788965 131919735117504 subm_end 1 0
1586217059789405 131919735117504 pump_beg 1 0
1586217069819989 131919735117504 pump_end 1 2
1586217071732769 131919735117504 coll_beg 0 0
1586217075027849 131919735117504 coll_end 0 0
1586217076910160 131919735117504 emit_beg 812 0
1586217082432278 131919735117504 emit_end 812 0
1586217082434698 131919735117504 drain_beg 0 0
1586217082435168 131919735117504 drain_end 1 0
1586217082435438 131919735117504 subm_beg 1 0
1586217086000328 131919735117504 subm_end 1 0
1586217086000698 131919735117504 pump_beg 1 0
1586217097767199 131919735117504 pump_end 1 2
1586217100056395 131919735117504 coll_beg 0 0
1586217103752020 131919735117504 coll_end 0 0
1586217107140397 131919735117504 emit_beg 813 0
1586217112604707 131919735117504 emit_end 813 0
1586217112607697 131919735117504 drain_beg 0 0
1586217112608217 131919735117504 drain_end 1 0
1586217112608707 131919735117504 subm_beg 1 0
1586217116093520 131919735117504 subm_end 1 0
1586217116093980 131919735117504 pump_beg 1 0
1586217128552275 131919735117504 pump_end 1 2
1586217131034155 131919735117504 coll_beg 0 0
1586217135953725 131919735117504 coll_end 0 0
1586217137822027 131919735117504 emit_beg 814 0
1586217143317666 131919735117504 emit_end 814 0
1586217143321936 131919735117504 drain_beg 0 0
1586217143322496 131919735117504 drain_end 1 0
1586217143322996 131919735117504 subm_beg 1 0
1586217146760601 131919735117504 subm_end 1 0
1586217146761061 131919735117504 pump_beg 1 0
1586217155529761 131919735117504 pump_end 1 2
1586217158443415 131919735117504 coll_beg 0 0
1586217160085825 131919735117504 coll_end 0 0
1586217162097731 131919735117504 emit_beg 815 0
1586217169264660 131919735117504 emit_end 815 0
1586217183663994 131919735117504 drain_beg 0 0
1586217183665184 131919735117504 drain_end 1 0
1586217183665734 131919735117504 subm_beg 1 0
1586217187171516 131919735117504 subm_end 1 0
1586217187172126 131919735117504 pump_beg 1 0
1586217198174795 131919735117504 pump_end 1 2
1586217201452545 131919735117504 coll_beg 0 0
1586217206483551 131919735117504 coll_end 0 0
1586217208406871 131919735117504 emit_beg 816 0
1586217213851052 131919735117504 emit_end 816 0
1586217213855002 131919735117504 drain_beg 0 0
1586217213855742 131919735117504 drain_end 1 0
1586217213856322 131919735117504 subm_beg 1 0
1586217217421122 131919735117504 subm_end 1 0
1586217217423822 131919735117504 pump_beg 1 0
1586217229063247 131919735117504 pump_end 1 2
1586217230881201 131919735117504 coll_beg 0 0
1586217236358131 131919735117504 coll_end 0 0
1586217238621669 131919735117504 emit_beg 817 0
1586217244003882 131919735117504 emit_end 817 0
1586217244007782 131919735117504 drain_beg 0 0
1586217244008382 131919735117504 drain_end 1 0
1586217244008892 131919735117504 subm_beg 1 0
1586217247725026 131919735117504 subm_end 1 0
1586217247725436 131919735117504 pump_beg 1 0
1586217257916214 131919735117504 pump_end 1 2
1586217261438106 131919735117504 coll_beg 0 0
1586217264373019 131919735117504 coll_end 0 0
1586217267142318 131919735117504 emit_beg 818 0
1586217272812871 131919735117504 emit_end 818 0
1586217272816451 131919735117504 drain_beg 0 0
1586217272816831 131919735117504 drain_end 1 0
1586217272817161 131919735117504 subm_beg 1 0
1586217276524205 131919735117504 subm_end 1 0
1586217276525555 131919735117504 pump_beg 1 0
1586217288800317 131919735117504 pump_end 1 2
1586217291325775 131919735117504 coll_beg 0 0
1586217295493173 131919735117504 coll_end 0 0
1586217297439182 131919735117504 emit_beg 819 0
1586217303211841 131919735117504 emit_end 819 0
1586217320814199 131919735117504 drain_beg 0 0
1586217320814889 131919735117504 drain_end 1 0
1586217320815169 131919735117504 subm_beg 1 0
1586217324541643 131919735117504 subm_end 1 0
1586217324547673 131919735117504 pump_beg 1 0
1586217333908421 131919735117504 pump_end 1 2
1586217335859890 131919735117504 coll_beg 0 0
1586217337820518 131919735117504 coll_end 0 0
1586217339687120 131919735117504 emit_beg 820 0
1586217345341454 131919735117504 emit_end 820 0
1586217345344294 131919735117504 drain_beg 0 0
1586217345344884 131919735117504 drain_end 1 0
1586217345345304 131919735117504 subm_beg 1 0
1586217349059778 131919735117504 subm_end 1 0
1586217349060158 131919735117504 pump_beg 1 0
1586217359033234 131919735117504 pump_end 1 2
1586217361594631 131919735117504 coll_beg 0 0
1586217363938025 131919735117504 coll_end 0 0
1586217367378460 131919735117504 emit_beg 821 0
1586217372965356 131919735117504 emit_end 821 0
1586217372968076 131919735117504 drain_beg 0 0
1586217372968566 131919735117504 drain_end 1 0
1586217372969136 131919735117504 subm_beg 1 0
1586217376677080 131919735117504 subm_end 1 0
1586217376677470 131919735117504 pump_beg 1 0
1586217387746247 131919735117504 pump_end 1 2
1586217391355615 131919735117504 coll_beg 0 0
1586217395084379 131919735117504 coll_end 0 0
1586217396952081 131919735117504 emit_beg 822 0
1586217402661552 131919735117504 emit_end 822 0
1586217402664202 131919735117504 drain_beg 0 0
1586217402664662 131919735117504 drain_end 1 0
1586217402664902 131919735117504 subm_beg 1 0
1586217406327939 131919735117504 subm_end 1 0
1586217406328178 131919735117504 pump_beg 1 0
1586217416203358 131919735117504 pump_end 1 2
1586217419728689 131919735117504 coll_beg 0 0
1586217422281736 131919735117504 coll_end 0 0
1586217425417282 131919735117504 emit_beg 823 0
1586217431154632 131919735117504 emit_end 823 0
1586217431157452 131919735117504 drain_beg 0 0
1586217431157942 131919735117504 drain_end 1 0
1586217431158192 131919735117504 subm_beg 1 0
1586217434893166 131919735117504 subm_end 1 0
1586217434893766 131919735117504 pump_beg 1 0
1586217443353707 131919735117504 pump_end 1 2
1586217445759390 131919735117504 coll_beg 0 0
1586217447230666 131919735117504 coll_end 0 0
1586217449734994 131919735117504 emit_beg 824 0
1586217457356786 131919735117504 emit_end 824 0
1586217457359646 131919735117504 drain_beg 0 0
1586217457360086 131919735117504 drain_end 1 0
1586217457360336 131919735117504 subm_beg 1 0
1586217461214396 131919735117504 subm_end 1 0
1586217461214715 131919735117504 pump_beg 1 0
1586217469622659 131919735117504 pump_end 1 2
1586217471683833 131919735117504 coll_beg 0 0
1586217473003305 131919735117504 coll_end 0 0
1586217475494964 131919735117504 emit_beg 825 0
1586217481205186 131919735117504 emit_end 825 0
1586217496349433 131919735117504 drain_beg 0 0
1586217496351273 131919735117504 drain_end 1 0
1586217496351993 131919735117504 subm_beg 1 0
1586217500072297 131919735117504 subm_end 1 0
1586217500072737 131919735117504 pump_beg 1 0
1586217512503784 131919735117504 pump_end 1 2
1586217516371043 131919735117504 coll_beg 0 0
1586217521916620 131919735117504 coll_end 0 0
1586217523937297 131919735117504 emit_beg 826 0
1586217527694359 131919735117504 emit_end 826 0
1586217527697999 131919735117504 drain_beg 0 0
1586217527698649 131919735117504 drain_end 1 0
1586217527699279 131919735117504 subm_beg 1 0
1586217531502110 131919735117504 subm_end 1 0
1586217531502540 131919735117504 pump_beg 1 0
1586217540749103 131919735117504 pump_end 1 2
1586217543518322 131919735117504 coll_beg 0 0
1586217545801199 131919735117504 coll_end 0 0
1586217549211084 131919735117504 emit_beg 827 0
1586217556657372 131919735117504 emit_end 827 0
1586217570394531 131919735117504 drain_beg 0 0
1586217570395531 131919735117504 drain_end 1 0
1586217570395831 131919735117504 subm_beg 1 0
1586217574210772 131919735117504 subm_end 1 0
1586217574211232 131919735117504 pump_beg 1 0
1586217588034937 131919735117504 pump_end 1 2
1586217591696084 131919735117504 coll_beg 0 0
1586217597308859 131919735117504 coll_end 0 0
1586217599215469 131919735117504 emit_beg 828 0
1586217603116587 131919735117504 emit_end 828 0
1586217603119217 131919735117504 drain_beg 0 0
1586217603119767 131919735117504 drain_end 1 0
1586217603124557 131919735117504 subm_beg 1 0
1586217606790013 131919735117504 subm_end 1 0
1586217606790423 131919735117504 pump_beg 1 0
1586217618281594 131919735117504 pump_end 1 2
1586217620551091 131919735117504 coll_beg 0 0
1586217625569878 131919735117504 coll_end 0 0
1586217628262289 131919735117504 emit_beg 829 0
1586217635933719 131919735117504 emit_end 829 0
1586217653075094 131919735117504 drain_beg 0 0
1586217653075904 131919735117504 drain_end 1 0
1586217653076254 131919735117504 subm_beg 1 0
1586217656788048 131919735117504 subm_end 1 0
1586217656788638 131919735117504 pump_beg 1 0
1586217666474475 131919735117504 pump_end 1 2
1586217668275019 131919735117504 coll_beg 0 0
1586217670654862 131919735117504 coll_end 0 0
1586217672445947 131919735117504 emit_beg 830 0
1586217677886288 131919735117504 emit_end 830 0
1586217677889148 131919735117504 drain_beg 0 0
1586217677889868 131919735117504 drain_end 1 0
1586217677890388 131919735117504 subm_beg 1 0
1586217681427649 131919735117504 subm_end 1 0
1586217681428089 131919735117504 pump_beg 1 0
1586217689538223 131919735117504 pump_end 1 2
1586217691519641 131919735117504 coll_beg 0 0
1586217692719627 131919735117504 coll_end 0 0
1586217695073991 131919735117504 emit_beg 831 0
1586217702196891 131919735117504 emit_end 831 0
1586217702199161 131919735117504 drain_beg 0 0
1586217702199561 131919735117504 drain_end 1 0
1586217702199821 131919735117504 subm_beg 1 0
1586217705721513 131919735117504 subm_end 1 0
1586217705721983 131919735117504 pump_beg 1 0
1586217716972542 131919735117504 pump_end 1 2
1586217719526799 131919735117504 coll_beg 0 0
1586217723100568 131919735117504 coll_end 0 0
1586217724946211 131919735117504 emit_beg 832 0
1586217730389072 131919735117504 emit_end 832 0
1586217730392412 131919735117504 drain_beg 0 0
1586217730392962 131919735117504 drain_end 1 0
1586217730393292 131919735117504 subm_beg 1 0
1586217733933213 131919735117504 subm_end 1 0
1586217733933713 131919735117504 pump_beg 1 0
1586217745742432 131919735117504 pump_end 1 2
1586217747577925 131919735117504 coll_beg 0 0
1586217751325318 131919735117504 coll_end 0 0
1586217753149182 131919735117504 emit_beg 833 0
1586217758638172 131919735117504 emit_end 833 0
1586217775264665 131919735117504 drain_beg 0 0
1586217775266585 131919735117504 drain_end 1 0
1586217775267395 131919735117504 subm_beg 1 0
1586217778737008 131919735117504 subm_end 1 0
1586217778737738 131919735117504 pump_beg 1 0
1586217788141415 131919735117504 pump_end 1 2
1586217790475450 131919735117504 coll_beg 0 0
1586217792291224 131919735117504 coll_end 0 0
1586217794130716 131919735117504 emit_beg 834 0
1586217797796563 131919735117504 emit_end 834 0
1586217797799572 131919735117504 drain_beg 0 0
1586217797800092 131919735117504 drain_end 1 0
1586217797800442 131919735117504 subm_beg 1 0
1586217801460209 131919735117504 subm_end 1 0
1586217801460659 131919735117504 pump_beg 1 0
1586217812702209 131919735117504 pump_end 1 2
1586217815944930 131919735117504 coll_beg 0 0
1586217820404118 131919735117504 coll_end 0 0
1586217822365306 131919735117504 emit_beg 835 0
1586217827926393 131919735117504 emit_end 835 0
1586217827933653 131919735117504 drain_beg 0 0
1586217827934573 131919735117504 drain_end 1 0
1586217827935583 131919735117504 subm_beg 1 0
1586217831393077 131919735117504 subm_end 1 0
1586217831393957 131919735117504 pump_beg 1 0
1586217840460166 131919735117504 pump_end 1 2
1586217843719497 131919735117504 coll_beg 0 0
1586217845704784 131919735117504 coll_end 0 0
1586217847519878 131919735117504 emit_beg 836 0
1586217854934307 131919735117504 emit_end 836 0
1586217854947057 131919735117504 drain_beg 0 0
1586217854947987 131919735117504 drain_end 1 0
1586217854948527 131919735117504 subm_beg 1 0
1586217858511737 131919735117504 subm_end 1 0
1586217858512267 131919735117504 pump_beg 1 0
1586217867781689 131919735117504 pump_end 1 2
1586217870229969 131919735117504 coll_beg 0 0
1586217872303464 131919735117504 coll_end 0 0
1586217874125067 131919735117504 emit_beg 837 0
1586217879479472 131919735117504 emit_end 837 0
1586217894592750 131919735117504 drain_beg 0 0
1586217894593340 131919735117504 drain_end 1 0
1586217894593610 131919735117504 subm_beg 1 0
1586217898161690 131919735117504 subm_end 1 0
1586217898162170 131919735117504 pump_beg 1 0
1586217910283258 131919735117504 pump_end 1 2
1586217912193158 131919735117504 coll_beg 0 0
1586217916437653 131919735117504 coll_end 0 0
1586217918280206 131919735117504 emit_beg 838 0
1586217923743076 131919735117504 emit_end 838 0
1586217923745436 131919735117504 drain_beg 0 0
1586217923745776 131919735117504 drain_end 1 0
1586217923746156 131919735117504 subm_beg 1 0
1586217927353485 131919735117504 subm_end 1 0
1586217927353885 131919735117504 pump_beg 1 0
1586217935987620 131919735117504 pump_end 1 2
1586217939020709 131919735117504 coll_beg 0 0
1586217940667509 131919735117504 coll_end 0 0
1586217942609608 131919735117504 emit_beg 839 0
1586217949713979 131919735117504 emit_end 839 0
1586217964146012 131919735117504 drain_beg 0 0
1586217964146592 131919735117504 drain_end 1 0
1586217964146912 131919735117504 subm_beg 1 0
1586217967757570 131919735117504 subm_end 1 0
1586217967760870 131919735117504 pump_beg 1 0
1586217979610348 131919735117504 pump_end 1 2
1586217981480759 131919735117504 coll_beg 0 0
1586217985842650 131919735117504 coll_end 0 0
1586217987737351 131919735117504 emit_beg 840 0
1586217993231041 131919735117504 emit_end 840 0
1586217993235350 131919735117504 drain_beg 0 0
1586217993236040 131919735117504 drain_end 1 0
1586217993236740 131919735117504 subm_beg 1 0
1586217996747032 131919735117504 subm_end 1 0
1586217996747672 131919735117504 pump_beg 1 0
1586218006836244 131919735117504 pump_end 1 2
1586218010163443 131919735117504 coll_beg 0 0
1586218012908332 131919735117504 coll_end 0 0
1586218015633173 131919735117504 emit_beg 841 0
1586218021344075 131919735117504 emit_end 841 0
1586218021347804 131919735117504 drain_beg 0 0
1586218021348594 131919735117504 drain_end 1 0
1586218021349054 131919735117504 subm_beg 1 0
1586218025119127 131919735117504 subm_end 1 0
1586218025119717 131919735117504 pump_beg 1 0
1586218036247341 131919735117504 pump_end 1 2
1586218038154331 131919735117504 coll_beg 0 0
1586218041562357 131919735117504 coll_end 0 0
1586218043802765 131919735117504 emit_beg 842 0
1586218049528356 131919735117504 emit_end 842 0
1586218049531406 131919735117504 drain_beg 0 0
1586218049531896 131919735117504 drain_end 1 0
1586218049532196 131919735117504 subm_beg 1 0
1586218053253790 131919735117504 subm_end 1 0
1586218053254350 131919735117504 pump_beg 1 0
1586218064604116 131919735117504 pump_end 1 2
1586218067242880 131919735117504 coll_beg 0 0
1586218070874747 131919735117504 coll_end 0 0
1586218073834209 131919735117504 emit_beg 843 0
1586218079458834 131919735117504 emit_end 843 0
1586218079461844 131919735117504 drain_beg 0 0
1586218079462614 131919735117504 drain_end 1 0
1586218079463064 131919735117504 subm_beg 1 0
1586218083212727 131919735117504 subm_end 1 0
1586218083213117 131919735117504 pump_beg 1 0
1586218093291119 131919735117504 pump_end 1 2
1586218095266247 131919735117504 coll_beg 0 0
1586218099362427 131919735117504 coll_end 0 0
1586218101341055 131919735117504 emit_beg 844 0
1586218108921649 131919735117504 emit_end 844 0
1586218108924839 131919735117504 drain_beg 0 0
1586218108925319 131919735117504 drain_end 1 0
1586218108925918 131919735117504 subm_beg 1 0
1586218112624414 131919735117504 subm_end 1 0
1586218112625024 131919735117504 pump_beg 1 0
1586218124776660 131919735117504 pump_end 1 2
1586218127363566 131919735117504 coll_beg 0 0
1586218131798234 131919735117504 coll_end 0 0
1586218134071181 131919735117504 emit_beg 845 0
1586218139798342 131919735117504 emit_end 845 0
1586218159236863 131919735117504 drain_beg 0 0
1586218159239352 131919735117504 drain_end 1 0
1586218159239912 131919735117504 subm_beg 1 0
1586218162970256 131919735117504 subm_end 1 0
1586218162971036 131919735117504 pump_beg 1 0
1586218173768372 131919735117504 pump_end 1 2
1586218175757860 131919735117504 coll_beg 0 0
1586218179333209 131919735117504 coll_end 0 0
1586218181376585 131919735117504 emit_beg 846 0
1586218187153694 131919735117504 emit_end 846 0
1586218187157484 131919735117504 drain_beg 0 0
1586218187157984 131919735117504 drain_end 1 0
1586218187158404 131919735117504 subm_beg 1 0
1586218190873288 131919735117504 subm_end 1 0
1586218190873728 131919735117504 pump_beg 1 0
1586218202965577 131919735117504 pump_end 1 2
1586218206218648 131919735117504 coll_beg 0 0
1586218212086594 131919735117504 coll_end 0 0
1586218213931207 131919735117504 emit_beg 847 0
1586218219595650 131919735117504 emit_end 847 0
1586218219598150 131919735117504 drain_beg 0 0
1586218219598620 131919735117504 drain_end 1 0
1586218219598900 131919735117504 subm_beg 1 0
1586218223259876 131919735117504 subm_end 1 0
1586218223260336 131919735117504 pump_beg 1 0
1586218233904228 131919735117504 pump_end 1 2
1586218237421499 131919735117504 coll_beg 0 0
1586218240456209 131919735117504 coll_end 0 0
1586218242330860 131919735117504 emit_beg 848 0
1586218248020033 131919735117504 emit_end 848 0
1586218264884067 131919735117504 drain_beg 0 0
1586218264884757 131919735117504 drain_end 1 0
1586218264885027 131919735117504 subm_beg 1 0
1586218268668209 131919735117504 subm_end 1 0
1586218268668659 131919735117504 pump_beg 1 0
1586218278280278 131919735117504 pump_end 1 2
1586218280247536 131919735117504 coll_beg 0 0
1586218282591951 131919735117504 coll_end 0 0
1586218284439803 131919735117504 emit_beg 849 0
1586218288213206 131919735117504 emit_end 849 0
1586218288215726 131919735117504 drain_beg 0 0
1586218288216206 131919735117504 drain_end 1 0
1586218288216666 131919735117504 subm_beg 1 0
1586218291998128 131919735117504 subm_end 1 0
1586218291998588 131919735117504 pump_beg 1 0
1586218301653945 131919735117504 pump_end 1 2
1586218304352607 131919735117504 coll_beg 0 0
1586218306788578 131919735117504 coll_end 0 0
1586218310021040 131919735117504 emit_beg 850 0
1586218317517336 131919735117504 emit_end 850 0
1586218333773373 131919735117504 drain_beg 0 0
1586218333774453 131919735117504 drain_end 1 0
1586218333774833 131919735117504 subm_beg 1 0
1586218337572145 131919735117504 subm_end 1 0
1586218337573004 131919735117504 pump_beg 1 0
1586218348269254 131919735117504 pump_end 1 2
1586218350210013 131919735117504 coll_beg 0 0
1586218354239756 131919735117504 coll_end 0 0
1586218356242163 131919735117504 emit_beg 851 0
1586218360034255 131919735117504 emit_end 851 0
1586218360037375 131919735117504 drain_beg 0 0
1586218360037945 131919735117504 drain_end 1 0
1586218360038475 131919735117504 subm_beg 1 0
1586218363813267 131919735117504 subm_end 1 0
1586218363813737 131919735117504 pump_beg 1 0
1586218376898029 131919735117504 pump_end 1 2
1586218380138691 131919735117504 coll_beg 0 0
1586218387712295 131919735117504 coll_end 0 0
1586218389582356 131919735117504 emit_beg 852 0
1586218395357196 131919735117504 emit_end 852 0
1586218395359486 131919735117504 drain_beg 0 0
1586218395359786 131919735117504 drain_end 1 0
1586218395360066 131919735117504 subm_beg 1 0
1586218399059351 131919735117504 subm_end 1 0
1586218399059821 131919735117504 pump_beg 1 0
1586218408684269 131919735117504 pump_end 1 2
1586218411976509 131919735117504 coll_beg 0 0
1586218414661951 131919735117504 coll_end 0 0
1586218418023438 131919735117504 emit_beg 853 0
1586218427264261 131919735117504 emit_end 853 0
1586218427267541 131919735117504 drain_beg 0 0
1586218427268001 131919735117504 drain_end 1 0
1586218427268361 131919735117504 subm_beg 1 0
1586218429072935 131919735117504 subm_end 1 0
1586218429073475 131919735117504 pump_beg 1 0
1586218441064178 131919735117504 pump_end 1 2
1586218443332515 131919735117504 coll_beg 0 0
1586218448123400 131919735117504 coll_end 0 0
1586218450162176 131919735117504 emit_beg 854 0
1586218455863068 131919735117504 emit_end 854 0
1586218455866268 131919735117504 drain_beg 0 0
1586218455866838 131919735117504 drain_end 1 0
1586218455867428 131919735117504 subm_beg 1 0
1586218459253504 131919735117504 subm_end 1 0
1586218459254074 131919735117504 pump_beg 1 0
1586218470243873 131919735117504 pump_end 1 2
1586218472084226 131919735117504 coll_beg 0 0
1586218475325507 131919735117504 coll_end 0 0
1586218477457780 131919735117504 emit_beg 855 0
1586218483053825 131919735117504 emit_end 855 0
1586218483056805 131919735117504 drain_beg 0 0
1586218483057335 131919735117504 drain_end 1 0
1586218483057795 131919735117504 subm_beg 1 0
1586218486671213 131919735117504 subm_end 1 0
1586218486671583 131919735117504 pump_beg 1 0
1586218498498982 131919735117504 pump_end 1 2
1586218501466863 131919735117504 coll_beg 0 0
1586218504939527 131919735117504 coll_end 0 0
1586218506968143 131919735117504 emit_beg 856 0
1586218512729392 131919735117504 emit_end 856 0
1586218512731952 131919735117504 drain_beg 0 0
1586218512732272 131919735117504 drain_end 1 0
1586218512732522 131919735117504 subm_beg 1 0
1586218516397389 131919735117504 subm_end 1 0
1586218516397769 131919735117504 pump_beg 1 0
1586218527237073 131919735117504 pump_end 1 2
1586218529531959 131919735117504 coll_beg 0 0
1586218534190819 131919735117504 coll_end 0 0
1586218536038092 131919735117504 emit_beg 857 0
1586218541621118 131919735117504 emit_end 857 0
1586218557845016 131919735117504 drain_beg 0 0
1586218557847076 131919735117504 drain_end 1 0
1586218557847866 131919735117504 subm_beg 1 0
1586218561495393 131919735117504 subm_end 1 0
1586218561497033 131919735117504 pump_beg 1 0
1586218571135321 131919735117504 pump_end 1 2
1586218573122348 131919735117504 coll_beg 0 0
1586218575678335 131919735117504 coll_end 0 0
1586218577608175 131919735117504 emit_beg 858 0
1586218583187541 131919735117504 emit_end 858 0
1586218583190751 131919735117504 drain_beg 0 0
1586218583191201 131919735117504 drain_end 1 0
1586218583191731 131919735117504 subm_beg 1 0
1586218586752601 131919735117504 subm_end 1 0
1586218586753451 131919735117504 pump_beg 1 0
1586218599168398 131919735117504 pump_end 1 2
1586218602538705 131919735117504 coll_beg 0 0
1586218607069550 131919735117504 coll_end 0 0
1586218608944601 131919735117504 emit_beg 859 0
1586218614467910 131919735117504 emit_end 859 0
1586218614472530 131919735117504 drain_beg 0 0
1586218614473260 131919735117504 drain_end 1 0
1586218614473970 131919735117504 subm_beg 1 0
1586218618143796 131919735117504 subm_end 1 0
1586218618144236 131919735117504 pump_beg 1 0
1586218630096479 131919735117504 pump_end 1 2
1586218632258090 131919735117504 coll_beg 0 0
1586218636367391 131919735117504 coll_end 0 0
1586218638182144 131919735117504 emit_beg 860 0
1586218645894723 131919735117504 emit_end 860 0
1586218645897623 131919735117504 drain_beg 0 0
1586218645898113 131919735117504 drain_end 1 0
1586218645898473 131919735117504 subm_beg 1 0
1586218649478312 131919735117504 subm_end 1 0
1586218649479212 131919735117504 pump_beg 1 0
1586218659358931 131919735117504 pump_end 1 2
1586218661758484 131919735117504 coll_beg 0 0
1586218665835815 131919735117504 coll_end 0 0
1586218667747805 131919735117504 emit_beg 861 0
1586218673253524 131919735117504 emit_end 861 0
1586218673257614 131919735117504 drain_beg 0 0
1586218673258244 131919735117504 drain_end 1 0
1586218673258864 131919735117504 subm_beg 1 0
1586218676775266 131919735117504 subm_end 1 0
1586218676775736 131919735117504 pump_beg 1 0
1586218688180410 131919735117504 pump_end 1 2
1586218691029896 131919735117504 coll_beg 0 0
1586218694423972 131919735117504 coll_end 0 0
1586218696312643 131919735117504 emit_beg 862 0
1586218701826802 131919735117504 emit_end 862 0
1586218718234413 131919735117504 drain_beg 0 0
1586218718235793 131919735117504 drain_end 1 0
1586218718236213 131919735117504 subm_beg 1 0
1586218721871370 131919735117504 subm_end 1 0
1586218721871830 131919735117504 pump_beg 1 0
1586218733864822 131919735117504 pump_end 1 2
1586218735791632 131919735117504 coll_beg 0 0
1586218739868933 131919735117504 coll_end 0 0
1586218741697837 131919735117504 emit_beg 863 0
1586218747198086 131919735117504 emit_end 863 0
1586218747200456 131919735117504 drain_beg 0 0
1586218747200986 131919735117504 drain_end 1 0
1586218747201226 131919735117504 subm_beg 1 0
1586218750762146 131919735117504 subm_end 1 0
1586218750767966 131919735117504 pump_beg 1 0
1586218762485908 131919735117504 pump_end 1 2
1586218764296542 131919735117504 coll_beg 0 0
1586218768450500 131919735117504 coll_end 0 0
1586218770417179 131919735117504 emit_beg 864 0
1586218775976596 131919735117504 emit_end 864 0
1586218775978926 131919735117504 drain_beg 0 0
1586218775979366 131919735117504 drain_end 1 0
1586218775979626 131919735117504 subm_beg 1 0
1586218779544226 131919735117504 subm_end 1 0
1586218779544606 131919735117504 pump_beg 1 0
1586218789795911 131919735117504 pump_end 1 2
1586218792835171 131919735117504 coll_beg 0 0
1586218795596370 131919735117504 coll_end 0 0
1586218797429593 131919735117504 emit_beg 865 0
1586218803036858 131919735117504 emit_end 865 0
1586218819429740 131919735117504 drain_beg 0 0
1586218819431950 131919735117504 drain_end 1 0
1586218819432700 131919735117504 subm_beg 1 0
1586218823173333 131919735117504 subm_end 1 0
1586218823174173 131919735117504 pump_beg 1 0
1586218834399544 131919735117504 pump_end 1 2
1586218836284645 131919735117504 coll_beg 0 0
1586218839921832 131919735117504 coll_end 0 0
1586218842034525 131919735117504 emit_beg 866 0
1586218847950569 131919735117504 emit_end 866 0
1586218847955779 131919735117504 drain_beg 0 0
1586218847956339 131919735117504 drain_end 1 0
1586218847956959 131919735117504 subm_beg 1 0
1586218851648934 131919735117504 subm_end 1 0
1586218851649684 131919735117504 pump_beg 1 0
1586218862570526 131919735117504 pump_end 1 2
1586218864824023 131919735117504 coll_beg 0 0
1586218867981268 131919735117504 coll_end 0 0
1586218871172192 131919735117504 emit_beg 867 0
1586218875070540 131919735117504 emit_end 867 0
1586218875074719 131919735117504 drain_beg 0 0
1586218875075389 131919735117504 drain_end 1 0
1586218875076089 131919735117504 subm_beg 1 0
1586218878806233 131919735117504 subm_end 1 0
1586218878806693 131919735117504 pump_beg 1 0
1586218891292808 131919735117504 pump_end 1 2
1586218893658621 131919735117504 coll_beg 0 0
1586218898403828 131919735117504 coll_end 0 0
1586218900340217 131919735117504 emit_beg 868 0
1586218908137913 131919735117504 emit_end 868 0
1586218908141593 131919735117504 drain_beg 0 0
1586218908142213 131919735117504 drain_end 1 0
1586218908142673 131919735117504 subm_beg 1 0
1586218911869577 131919735117504 subm_end 1 0
1586218911870067 131919735117504 pump_beg 1 0
1586218923602938 131919735117504 pump_end 1 2
1586218925866626 131919735117504 coll_beg 0 0
1586218929882729 131919735117504 coll_end 0 0
1586218932592890 131919735117504 emit_beg 869 0
1586218936413931 131919735117504 emit_end 869 0
1586218936417131 131919735117504 drain_beg 0 0
1586218936417691 131919735117504 drain_end 1 0
1586218936418321 131919735117504 subm_beg 1 0
1586218940153424 131919735117504 subm_end 1 0
1586218940153884 131919735117504 pump_beg 1 0
1586218951501630 131919735117504 pump_end 1 2
1586218953810216 131919735117504 coll_beg 0 0
1586218957534630 131919735117504 coll_end 0 0
1586218959464810 131919735117504 emit_beg 870 0
1586218967229276 131919735117504 emit_end 870 0
1586218984872873 131919735117504 drain_beg 0 0
1586218984873762 131919735117504 drain_end 1 0
1586218984874212 131919735117504 subm_beg 1 0
1586218988671984 131919735117504 subm_end 1 0
1586218988672414 131919735117504 pump_beg 1 0
1586218998385409 131919735117504 pump_end 1 2
1586219000428515 131919735117504 coll_beg 0 0
1586219002854596 131919735117504 coll_end 0 0
1586219004934780 131919735117504 emit_beg 871 0
1586219010658672 131919735117504 emit_end 871 0
1586219010662021 131919735117504 drain_beg 0 0
1586219010662741 131919735117504 drain_end 1 0
1586219010663271 131919735117504 subm_beg 1 0
1586219014379776 131919735117504 subm_end 1 0
1586219014380156 131919735117504 pump_beg 1 0
1586219023566830 131919735117504 pump_end 1 2
1586219025849947 131919735117504 coll_beg 0 0
1586219028335486 131919735117504 coll_end 0 0
1586219031725843 131919735117504 emit_beg 872 0
1586219037555120 131919735117504 emit_end 872 0
1586219053050414 131919735117504 drain_beg 0 0
1586219053053964 131919735117504 drain_end 1 0
1586219053060964 131919735117504 subm_beg 1 0
1586219057092187 131919735117504 subm_end 1 0
1586219057094437 131919735117504 pump_beg 1 0
1586219069366459 131919735117504 pump_end 1 2
1586219071497821 131919735117504 coll_beg 0 0
1586219075665799 131919735117504 coll_end 0 0
1586219077658836 131919735117504 emit_beg 873 0
1586219081549455 131919735117504 emit_end 873 0
1586219081553324 131919735117504 drain_beg 0 0
1586219081553824 131919735117504 drain_end 1 0
1586219081554334 131919735117504 subm_beg 1 0
1586219085322427 131919735117504 subm_end 1 0
1586219085322857 131919735117504 pump_beg 1 0
1586219094168014 131919735117504 pump_end 1 2
1586219097225092 131919735117504 coll_beg 0 0
1586219098924460 131919735117504 coll_end 0 0
1586219100944057 131919735117504 emit_beg 874 0
1586219108463192 131919735117504 emit_end 874 0
1586219124118421 131919735117504 drain_beg 0 0
1586219124120421 131919735117504 drain_end 1 0
1586219124121161 131919735117504 subm_beg 1 0
1586219129881751 131919735117504 subm_end 1 0
1586219129882651 131919735117504 pump_beg 1 0
1586219139726131 131919735117504 pump_end 1 2
1586219141647301 131919735117504 coll_beg 0 0
1586219144122421 131919735117504 coll_end 0 0
1586219146074460 131919735117504 emit_beg 875 0
1586219151772912 131919735117504 emit_end 875 0
1586219151776432 131919735117504 drain_beg 0 0
1586219151776942 131919735117504 drain_end 1 0
1586219151777452 131919735117504 subm_beg 1 0
1586219155520725 131919735117504 subm_end 1 0
1586219155521135 131919735117504 pump_beg 1 0
1586219167491168 131919735117504 pump_end 1 2
1586219171216052 131919735117504 coll_beg 0 0
1586219176803198 131919735117504 coll_end 0 0
1586219178842234 131919735117504 emit_beg 876 0
1586219184622013 131919735117504 emit_end 876 0
1586219184624883 131919735117504 drain_beg 0 0
1586219184625363 131919735117504 drain_end 1 0
1586219184625813 131919735117504 subm_beg 1 0
1586219188322478 131919735117504 subm_end 1 0
1586219188323048 131919735117504 pump_beg 1 0
1586219196726571 131919735117504 pump_end 1 2
1586219198701949 131919735117504 coll_beg 0 0
1586219200125847 131919735117504 coll_end 0 0
1586219202515170 131919735117504 emit_beg 877 0
1586219210064025 131919735117504 emit_end 877 0
1586219227339404 131919735117504 drain_beg 0 0
1586219227340114 131919735117504 drain_end 1 0
1586219227340444 131919735117504 subm_beg 1 0
1586219230903114 131919735117504 subm_end 1 0
1586219230903524 131919735117504 pump_beg 1 0
1586219240324850 131919735117504 pump_end 1 2
1586219242202712 131919735117504 coll_beg 0 0
1586219244405771 131919735117504 coll_end 0 0
1586219246290533 131919735117504 emit_beg 878 0
1586219251915207 131919735117504 emit_end 878 0
1586219251917397 131919735117504 drain_beg 0 0
1586219251917697 131919735117504 drain_end 1 0
1586219251917987 131919735117504 subm_beg 1 0
1586219255490827 131919735117504 subm_end 1 0
1586219255491197 131919735117504 pump_beg 1 0
1586219265820500 131919735117504 pump_end 1 2
1586219268341628 131919735117504 coll_beg 0 0
1586219271214163 131919735117504 coll_end 0 0
1586219273081015 131919735117504 emit_beg 879 0
1586219278447349 131919735117504 emit_end 879 0
1586219295452948 131919735117504 drain_beg 0 0
1586219295453578 131919735117504 drain_end 1 0
1586219295453898 131919735117504 subm_beg 1 0
1586219299048637 131919735117504 subm_end 1 0
1586219299049047 131919735117504 pump_beg 1 0
1586219310583126 131919735117504 pump_end 1 2
1586219312678570 131919735117504 coll_beg 0 0
1586219316497391 131919735117504 coll_end 0 0
1586219318407281 131919735117504 emit_beg 880 0
1586219322159804 131919735117504 emit_end 880 0
1586219322162614 131919735117504 drain_beg 0 0
1586219322163154 131919735117504 drain_end 1 0
1586219322163604 131919735117504 subm_beg 1 0
1586219325691015 131919735117504 subm_end 1 0
1586219325691415 131919735117504 pump_beg 1 0
1586219337026591 131919735117504 pump_end 1 2
1586219339869158 131919735117504 coll_beg 0 0
1586219344643043 131919735117504 coll_end 0 0
1586219347601065 131919735117504 emit_beg 881 0
1586219354881090 131919735117504 emit_end 881 0
1586219354890439 131919735117504 drain_beg 0 0
1586219354890959 131919735117504 drain_end 1 0
1586219354891309 131919735117504 subm_beg 1 0
1586219358365433 131919735117504 subm_end 1 0
1586219358365863 131919735117504 pump_beg 1 0
1586219369721058 131919735117504 pump_end 1 2
1586219373305717 131919735117504 coll_beg 0 0
1586219377371059 131919735117504 coll_end 0 0
1586219379188263 131919735117504 emit_beg 882 0
1586219384697822 131919735117504 emit_end 882 0
1586219384700352 131919735117504 drain_beg 0 0
1586219384700752 131919735117504 drain_end 1 0
1586219384701102 131919735117504 subm_beg 1 0
1586219388247232 131919735117504 subm_end 1 0
1586219388247592 131919735117504 pump_beg 1 0
1586219399252630 131919735117504 pump_end 1 2
1586219401127382 131919735117504 coll_beg 0 0
1586219404388083 131919735117504 coll_end 0 0
1586219406216006 131919735117504 emit_beg 883 0
1586219411741185 131919735117504 emit_end 883 0
1586219428182055 131919735117504 drain_beg 0 0
1586219428183245 131919735117504 drain_end 1 0
1586219428183695 131919735117504 subm_beg 1 0
1586219431730125 131919735117504 subm_end 1 0
1586219431730715 131919735117504 pump_beg 1 0
1586219442324159 131919735117504 pump_end 1 2
1586219444405673 131919735117504 coll_beg 0 0
1586219447306097 131919735117504 coll_end 0 0
1586219449244466 131919735117504 emit_beg 884 0
1586219454710247 131919735117504 emit_end 884 0
1586219454712717 131919735117504 drain_beg 0 0
1586219454713057 131919735117504 drain_end 1 0
1586219454713327 131919735117504 subm_beg 1 0
1586219458342254 131919735117504 subm_end 1 0
1586219458343074 131919735117504 pump_beg 1 0
1586219470187842 131919735117504 pump_end 1 2
1586219472861204 131919735117504 coll_beg 0 0
1586219477591512 131919735117504 coll_end 0 0
1586219479494002 131919735117504 emit_beg 885 0
1586219485274221 131919735117504 emit_end 885 0
1586219485278501 131919735117504 drain_beg 0 0
1586219485279111 131919735117504 drain_end 1 0
1586219485279711 131919735117504 subm_beg 1 0
1586219488850081 131919735117504 subm_end 1 0
1586219488850581 131919735117504 pump_beg 1 0
1586219500329862 131919735117504 pump_end 1 2
1586219502249872 131919735117504 coll_beg 0 0
1586219506540315 131919735117504 coll_end 0 0
1586219508679237 131919735117504 emit_beg 886 0
1586219514347930 131919735117504 emit_end 886 0
1586219514351800 131919735117504 drain_beg 0 0
1586219514352330 131919735117504 drain_end 1 0
1586219514352710 131919735117504 subm_beg 1 0
1586219517855212 131919735117504 subm_end 1 0
1586219517855712 131919735117504 pump_beg 1 0
1586219526571924 131919735117504 pump_end 1 2
1586219529213408 131919735117504 coll_beg 0 0
1586219530610027 131919735117504 coll_end 0 0
1586219532907153 131919735117504 emit_beg 887 0
1586219540296013 131919735117504 emit_end 887 0
1586219554683698 131919735117504 drain_beg 0 0
1586219554684428 131919735117504 drain_end 1 0
1586219554684738 131919735117504 subm_beg 1 0
1586219558430802 131919735117504 subm_end 1 0
1586219558431322 131919735117504 pump_beg 1 0
1586219565958057 131919735117504 pump_end 1 2
1586219568887010 131919735117504 coll_beg 0 0
1586219569637763 131919735117504 coll_end 0 0
1586219571471236 131919735117504 emit_beg 888 0
1586219577089951 131919735117504 emit_end 888 0
1586219577092701 131919735117504 drain_beg 0 0
1586219577093291 131919735117504 drain_end 1 0
1586219577093731 131919735117504 subm_beg 1 0
1586219580866723 131919735117504 subm_end 1 0
1586219580867113 131919735117504 pump_beg 1 0
1586219591570002 131919735117504 pump_end 1 2
1586219594429608 131919735117504 coll_beg 0 0
1586219597703038 131919735117504 coll_end 0 0
1586219599588220 131919735117504 emit_beg 889 0
1586219603461978 131919735117504 emit_end 889 0
1586219603464658 131919735117504 drain_beg 0 0
1586219603465098 131919735117504 drain_end 1 0
1586219603465508 131919735117504 subm_beg 1 0
1586219607267739 131919735117504 subm_end 1 0
1586219607268129 131919735117504 pump_beg 1 0
1586219618510289 131919735117504 pump_end 1 2
1586219622035830 131919735117504 coll_beg 0 0
1586219625774934 131919735117504 coll_end 0 0
1586219628166487 131919735117504 emit_beg 890 0
1586219635887175 131919735117504 emit_end 890 0
1586219635890025 131919735117504 drain_beg 0 0
1586219635890495 131919735117504 drain_end 1 0
1586219635891105 131919735117504 subm_beg 1 0
1586219639592390 131919735117504 subm_end 1 0
1586219639592920 131919735117504 pump_beg 1 0
1586219650511801 131919735117504 pump_end 1 2
1586219654321212 131919735117504 coll_beg 0 0
1586219657796475 131919735117504 coll_end 0 0
1586219659752394 131919735117504 emit_beg 891 0
1586219664059287 131919735117504 emit_end 891 0
1586219664062347 131919735117504 drain_beg 0 0
1586219664062887 131919735117504 drain_end 1 0
1586219664063247 131919735117504 subm_beg 1 0
1586219667914176 131919735117504 subm_end 1 0
1586219667914696 131919735117504 pump_beg 1 0
1586219679588380 131919735117504 pump_end 1 2
1586219683016225 131919735117504 coll_beg 0 0
1586219687105876 131919735117504 coll_end 0 0
1586219689073094 131919735117504 emit_beg 892 0
1586219694839314 131919735117504 emit_end 892 0
1586219712789429 131919735117504 drain_beg 0 0
1586219712791099 131919735117504 drain_end 1 0
1586219712791449 131919735117504 subm_beg 1 0
1586219716586350 131919735117504 subm_end 1 0
1586219716586930 131919735117504 pump_beg 1 0
1586219726400562 131919735117504 pump_end 1 2
1586219728323332 131919735117504 coll_beg 0 0
1586219730885258 131919735117504 coll_end 0 0
1586219732801718 131919735117504 emit_beg 893 0
1586219738519420 131919735117504 emit_end 893 0
1586219738522399 131919735117504 drain_beg 0 0
1586219738522889 131919735117504 drain_end 1 0
1586219738523489 131919735117504 subm_beg 1 0
1586219742386078 131919735117504 subm_end 1 0
1586219742386478 131919735117504 pump_beg 1 0
1586219752093974 131919735117504 pump_end 1 2
1586219755237710 131919735117504 coll_beg 0 0
1586219757790226 131919735117504 coll_end 0 0
1586219760864494 131919735117504 emit_beg 894 0
1586219766605835 131919735117504 emit_end 894 0
1586219766608505 131919735117504 drain_beg 0 0
1586219766608855 131919735117504 drain_end 1 0
1586219766609115 131919735117504 subm_beg 1 0
1586219770454274 131919735117504 subm_end 1 0
1586219770454704 131919735117504 pump_beg 1 0
1586219781428454 131919735117504 pump_end 1 2
1586219792166852 131919735117504 coll_beg 0 0
1586219795764811 131919735117504 coll_end 0 0
1586219806279657 131919735117504 emit_beg 895 0
1586219829532468 131919735117504 emit_end 895 0
1586219829537448 131919735117504 drain_beg 0 0
1586219829538168 131919735117504 drain_end 1 0
1586219829538668 131919735117504 subm_beg 1 0
1586219840001586 131919735117504 subm_end 1 0
1586219840001946 131919735117504 pump_beg 1 0
1586219847321169 131919735117504 pump_end 1 2
1586219857169920 131919735117504 coll_beg 0 0
1586219857817396 131919735117504 coll_end 0 0
1586219867269131 131919735117504 emit_beg 896 0
1586219882837563 131919735117504 emit_end 896 0
1586219905256195 131919735117504 drain_beg 0 0
1586219905256735 131919735117504 drain_end 1 0
1586219905257085 131919735117504 subm_beg 1 0
1586219912847518 131919735117504 subm_end 1 0
1586219912848838 131919735117504 pump_beg 1 0
1586219924871839 131919735117504 pump_end 1 2
1586219929294008 131919735117504 coll_beg 0 0
1586219933152267 131919735117504 coll_end 0 0
1586219936778674 131919735117504 emit_beg 897 0
1586219941485823 131919735117504 emit_end 897 0
1586219941489233 131919735117504 drain_beg 0 0
1586219941489763 131919735117504 drain_end 1 0
1586219941490123 131919735117504 subm_beg 1 0
1586219946069926 131919735117504 subm_end 1 0
1586219946070406 131919735117504 pump_beg 1 0
1586219958671076 131919735117504 pump_end 1 2
1586219964887489 131919735117504 coll_beg 0 0
1586219969298638 131919735117504 coll_end 0 0
1586219973624640 131919735117504 emit_beg 898 0
1586219983474420 131919735117504 emit_end 898 0
1586219983478130 131919735117504 drain_beg 0 0
1586219983478750 131919735117504 drain_end 1 0
1586219983479110 131919735117504 subm_beg 1 0
1586219990041291 131919735117504 subm_end 1 0
1586219990041871 131919735117504 pump_beg 1 0
1586220000041316 131919735117504 pump_end 1 2
1586220005568214 131919735117504 coll_beg 0 0
1586220008514347 131919735117504 coll_end 0 0
1586220014483209 131919735117504 emit_beg 899 0
1586220027331640 131919735117504 emit_end 899 0
1586220027334510 131919735117504 drain_beg 0 0
1586220027335020 131919735117504 drain_end 1 0
1586220027335330 131919735117504 subm_beg 1 0
1586220032800130 131919735117504 subm_end 1 0
1586220032800580 131919735117504 pump_beg 1 0
1586220044914058 131919735117504 pump_end 1 2
1586220051271796 131919735117504 coll_beg 0 0
1586220055486403 131919735117504 coll_end 0 0
1586220060312426 131919735117504 emit_beg 900 0
1586220070384639 131919735117504 emit_end 900 0
1586220070387399 131919735117504 drain_beg 0 0
1586220070387769 131919735117504 drain_end 1 0
1586220070388039 131919735117504 subm_beg 1 0
1586220075297160 131919735117504 subm_end 1 0
1586220075297650 131919735117504 pump_beg 1 0
1586220086632766 131919735117504 pump_end 1 2
1586220089021939 131919735117504 coll_beg 0 0
1586220092892127 131919735117504 coll_end 0 0
1586220094874825 131919735117504 emit_beg 901 0
1586220098752724 131919735117504 emit_end 901 0
1586220098764503 131919735117504 drain_beg 0 0
1586220098765363 131919735117504 drain_end 1 0
1586220098765893 131919735117504 subm_beg 1 0
1586220102410030 131919735117504 subm_end 1 0
1586220102410480 131919735117504 pump_beg 1 0
1586220111752669 131919735117504 pump_end 1 2
1586220113953639 131919735117504 coll_beg 0 0
1586220116236855 131919735117504 coll_end 0 0
1586220119459538 131919735117504 emit_beg 902 0
1586220126697364 131919735117504 emit_end 902 0
1586220141162976 131919735117504 drain_beg 0 0
1586220141168766 131919735117504 drain_end 1 0
1586220141170366 131919735117504 subm_beg 1 0
1586220146714033 131919735117504 subm_end 1 0
1586220146714913 131919735117504 pump_beg 1 0
1586220155611479 131919735117504 pump_end 1 2
1586220157525239 131919735117504 coll_beg 0 0
1586220159222107 131919735117504 coll_end 0 0
1586220162266206 131919735117504 emit_beg 903 0
1586220165872464 131919735117504 emit_end 903 0
1586220165876524 131919735117504 drain_beg 0 0
1586220165877164 131919735117504 drain_end 1 0
1586220165877754 131919735117504 subm_beg 1 0
1586220169488602 131919735117504 subm_end 1 0
1586220169489002 131919735117504 pump_beg 1 0
1586220178562561 131919735117504 pump_end 1 2
1586220182886483 131919735117504 coll_beg 0 0
1586220184930429 131919735117504 coll_end 0 0
1586220186745552 131919735117504 emit_beg 904 0
1586220194061735 131919735117504 emit_end 904 0
1586220194064005 131919735117504 drain_beg 0 0
1586220194064505 131919735117504 drain_end 1 0
1586220194064775 131919735117504 subm_beg 1 0
1586220197637445 131919735117504 subm_end 1 0
1586220197637855 131919735117504 pump_beg 1 0
1586220209604978 131919735117504 pump_end 1 2
1586220212295240 131919735117504 coll_beg 0 0
1586220216649941 131919735117504 coll_end 0 0
1586220220109045 131919735117504 emit_beg 905 0
1586220225596125 131919735117504 emit_end 905 0
1586220225599154 131919735117504 drain_beg 0 0
1586220225599644 131919735117504 drain_end 1 0
1586220225600124 131919735117504 subm_beg 1 0
1586220229201403 131919735117504 subm_end 1 0
1586220229201823 131919735117504 pump_beg 1 0
1586220240808679 131919735117504 pump_end 1 2
1586220242624493 131919735117504 coll_beg 0 0
1586220246576079 131919735117504 coll_end 0 0
1586220248450231 131919735117504 emit_beg 906 0
1586220255759994 131919735117504 emit_end 906 0
1586220255762674 131919735117504 drain_beg 0 0
1586220255763264 131919735117504 drain_end 1 0
1586220255763694 131919735117504 subm_beg 1 0
1586220259327264 131919735117504 subm_end 1 0
1586220259327774 131919735117504 pump_beg 1 0
1586220269060858 131919735117504 pump_end 1 2
1586220271570087 131919735117504 coll_beg 0 0
1586220274256899 131919735117504 coll_end 0 0
1586220277335107 131919735117504 emit_beg 907 0
1586220282906813 131919735117504 emit_end 907 0
1586220299273436 131919735117504 drain_beg 0 0
1586220299276836 131919735117504 drain_end 1 0
1586220299277696 131919735117504 subm_beg 1 0
1586220302872155 131919735117504 subm_end 1 0
1586220302873965 131919735117504 pump_beg 1 0
1586220312253222 131919735117504 pump_end 1 2
1586220314191342 131919735117504 coll_beg 0 0
1586220316720889 131919735117504 coll_end 0 0
1586220318707457 131919735117504 emit_beg 908 0
1586220324236135 131919735117504 emit_end 908 0
1586220324239405 131919735117504 drain_beg 0 0
1586220324239875 131919735117504 drain_end 1 0
1586220324240335 131919735117504 subm_beg 1 0
1586220327856833 131919735117504 subm_end 1 0
1586220327857593 131919735117504 pump_beg 1 0
1586220338320301 131919735117504 pump_end 1 2
1586220341954168 131919735117504 coll_beg 0 0
1586220345535578 131919735117504 coll_end 0 0
1586220348522189 131919735117504 emit_beg 909 0
1586220353960960 131919735117504 emit_end 909 0
1586220353965090 131919735117504 drain_beg 0 0
1586220353965860 131919735117504 drain_end 1 0
1586220353966450 131919735117504 subm_beg 1 0
1586220357612747 131919735117504 subm_end 1 0
1586220357613117 131919735117504 pump_beg 1 0
1586220366978145 131919735117504 pump_end 1 2
1586220370035594 131919735117504 coll_beg 0 0
1586220371990672 131919735117504 coll_end 0 0
1586220373901432 131919735117504 emit_beg 910 0
1586220379356434 131919735117504 emit_end 910 0
1586220394308428 131919735117504 drain_beg 0 0
1586220394309708 131919735117504 drain_end 1 0
1586220394310058 131919735117504 subm_beg 1 0
1586220398022382 131919735117504 subm_end 1 0
1586220398022772 131919735117504 pump_beg 1 0
1586220408542198 131919735117504 pump_end 1 2
1586220410554125 131919735117504 coll_beg 0 0
1586220413462939 131919735117504 coll_end 0 0
1586220415355200 131919735117504 emit_beg 911 0
1586220421015663 131919735117504 emit_end 911 0
1586220421020183 131919735117504 drain_beg 0 0
1586220421020833 131919735117504 drain_end 1 0
1586220421021593 131919735117504 subm_beg 1 0
1586220424698739 131919735117504 subm_end 1 0
1586220424699199 131919735117504 pump_beg 1 0
1586220436055584 131919735117504 pump_end 1 2
1586220439065574 131919735117504 coll_beg 0 0
1586220442340725 131919735117504 coll_end 0 0
1586220444175508 131919735117504 emit_beg 912 0
1586220449613210 131919735117504 emit_end 912 0
1586220466486164 131919735117504 drain_beg 0 0
1586220466487454 131919735117504 drain_end 1 0
1586220466487754 131919735117504 subm_beg 1 0
1586220470190169 131919735117504 subm_end 1 0
1586220470190729 131919735117504 pump_beg 1 0
1586220483723255 131919735117504 pump_end 1 2
1586220485762990 131919735117504 coll_beg 0 0
1586220491194712 131919735117504 coll_end 0 0
1586220493181090 131919735117504 emit_beg 913 0
1586220497372417 131919735117504 emit_end 913 0
1586220497375307 131919735117504 drain_beg 0 0
1586220497375937 131919735117504 drain_end 1 0
1586220497376387 131919735117504 subm_beg 1 0
1586220501111310 131919735117504 subm_end 1 0
1586220501111690 131919735117504 pump_beg 1 0
1586220510432890 131919735117504 pump_end 1 2
1586220512339541 131919735117504 coll_beg 0 0
1586220514620527 131919735117504 coll_end 0 0
1586220518043872 131919735117504 emit_beg 914 0
1586220525662394 131919735117504 emit_end 914 0
1586220541377561 131919735117504 drain_beg 0 0
1586220541378601 131919735117504 drain_end 1 0
1586220541379111 131919735117504 subm_beg 1 0
1586220545172462 131919735117504 subm_end 1 0
1586220545172992 131919735117504 pump_beg 1 0
1586220552961858 131919735117504 pump_end 1 2
1586220554976365 131919735117504 coll_beg 0 0
1586220556250628 131919735117504 coll_end 0 0
1586220558181428 131919735117504 emit_beg 915 0
1586220563965277 131919735117504 emit_end 915 0
1586220578402940 131919735117504 drain_beg 0 0
1586220578404070 131919735117504 drain_end 1 0
1586220578404730 131919735117504 subm_beg 1 0
1586220582205971 131919735117504 subm_end 1 0
1586220582206611 131919735117504 pump_beg 1 0
1586220594931896 131919735117504 pump_end 1 2
1586220596939993 131919735117504 coll_beg 0 0
1586220602114714 131919735117504 coll_end 0 0
1586220604128701 131919735117504 emit_beg 916 0
1586220609975547 131919735117504 emit_end 916 0
1586220609978627 131919735117504 drain_beg 0 0
1586220609986187 131919735117504 drain_end 1 0
1586220609986717 131919735117504 subm_beg 1 0
1586220613768939 131919735117504 subm_end 1 0
1586220613769369 131919735117504 pump_beg 1 0
1586220624250007 131919735117504 pump_end 1 2
1586220627991100 131919735117504 coll_beg 0 0
1586220630921013 131919735117504 coll_end 0 0
1586220633734560 131919735117504 emit_beg 917 0
1586220639472601 131919735117504 emit_end 917 0
1586220639474871 131919735117504 drain_beg 0 0
1586220639475531 131919735117504 drain_end 1 0
1586220639475781 131919735117504 subm_beg 1 0
1586220643287332 131919735117504 subm_end 1 0
1586220643287722 131919735117504 pump_beg 1 0
1586220651189473 131919735117504 pump_end 1 2
1586220654192934 131919735117504 coll_beg 0 0
1586220655203707 131919735117504 coll_end 0 0
1586220657906188 131919735117504 emit_beg 918 0
1586220665538590 131919735117504 emit_end 918 0
1586220680565571 131919735117504 drain_beg 0 0
1586220680567521 131919735117504 drain_end 1 0
1586220680568231 131919735117504 subm_beg 1 0
1586220684422761 131919735117504 subm_end 1 0
1586220684423561 131919735117504 pump_beg 1 0
1586220693633345 131919735117504 pump_end 1 2
1586220698784807 131919735117504 coll_beg 0 0
1586220701908273 131919735117504 coll_end 0 0
1586220703997426 131919735117504 emit_beg 919 0
1586220709818984 131919735117504 emit_end 919 0
1586220709822904 131919735117504 drain_beg 0 0
1586220709823534 131919735117504 drain_end 1 0
1586220709824134 131919735117504 subm_beg 1 0
1586220713590446 131919735117504 subm_end 1 0
1586220713592736 131919735117504 pump_beg 1 0
1586220722160034 131919735117504 pump_end 1 2
1586220724443410 131919735117504 coll_beg 0 0
1586220726350141 131919735117504 coll_end 0 0
1586220728351768 131919735117504 emit_beg 920 0
1586220736031087 131919735117504 emit_end 920 0
1586220751408846 131919735117504 drain_beg 0 0
1586220751410796 131919735117504 drain_end 1 0
1586220751411436 131919735117504 subm_beg 1 0
1586220755227947 131919735117504 subm_end 1 0
1586220755228677 131919735117504 pump_beg 1 0
1586220766419688 131919735117504 pump_end 1 2
1586220768302470 131919735117504 coll_beg 0 0
1586220771548191 131919735117504 coll_end 0 0
1586220773445922 131919735117504 emit_beg 921 0
1586220779264000 131919735117504 emit_end 921 0
1586220779268379 131919735117504 drain_beg 0 0
1586220779269139 131919735117504 drain_end 1 0
1586220779269679 131919735117504 subm_beg 1 0
1586220782998823 131919735117504 subm_end 1 0
1586220783000213 131919735117504 pump_beg 1 0
1586220795344973 131919735117504 pump_end 1 2
1586220797910839 131919735117504 coll_beg 0 0
1586220801036515 131919735117504 coll_end 0 0
1586220802979714 131919735117504 emit_beg 922 0
1586220808801152 131919735117504 emit_end 922 0
1586220808804282 131919735117504 drain_beg 0 0
1586220808804842 131919735117504 drain_end 1 0
1586220808805482 131919735117504 subm_beg 1 0
1586220812492387 131919735117504 subm_end 1 0
1586220812493047 131919735117504 pump_beg 1 0
1586220823226935 131919735117504 pump_end 1 2
1586220825867979 131919735117504 coll_beg 0 0
1586220830054356 131919735117504 coll_end 0 0
1586220832114311 131919735117504 emit_beg 923 0
1586220839937835 131919735117504 emit_end 923 0
1586220839942015 131919735117504 drain_beg 0 0
1586220839942535 131919735117504 drain_end 1 0
1586220839943055 131919735117504 subm_beg 1 0
1586220843676269 131919735117504 subm_end 1 0
1586220843676789 131919735117504 pump_beg 1 0
1586220854938248 131919735117504 pump_end 1 2
1586220858765078 131919735117504 coll_beg 0 0
1586220863104130 131919735117504 coll_end 0 0
1586220866881512 131919735117504 emit_beg 924 0
1586220872799556 131919735117504 emit_end 924 0
1586220872803726 131919735117504 drain_beg 0 0
1586220872804456 131919735117504 drain_end 1 0
1586220872805006 131919735117504 subm_beg 1 0
1586220876646416 131919735117504 subm_end 1 0
1586220876646896 131919735117504 pump_beg 1 0
1586220886926511 131919735117504 pump_end 1 2
1586220890465622 131919735117504 coll_beg 0 0
1586220893489551 131919735117504 coll_end 0 0
1586220896700354 131919735117504 emit_beg 925 0
1586220902395126 131919735117504 emit_end 925 0
1586220902397546 131919735117504 drain_beg 0 0
1586220902397866 131919735117504 drain_end 1 0
1586220902398266 131919735117504 subm_beg 1 0
1586220905980305 131919735117504 subm_end 1 0
1586220905982465 131919735117504 pump_beg 1 0
1586220916100466 131919735117504 pump_end 1 2
1586220918351534 131919735117504 coll_beg 0 0
1586220921099114 131919735117504 coll_end 0 0
1586220923818144 131919735117504 emit_beg 926 0
1586220929228447 131919735117504 emit_end 926 0
1586220929231447 131919735117504 drain_beg 0 0
1586220929231877 131919735117504 drain_end 1 0
1586220929232227 131919735117504 subm_beg 1 0
1586220932752788 131919735117504 subm_end 1 0
1586220932753288 131919735117504 pump_beg 1 0
1586220944756520 131919735117504 pump_end 1 2
1586220947223500 131919735117504 coll_beg 0 0
1586220952311815 131919735117504 coll_end 0 0
1586220954199966 131919735117504 emit_beg 927 0
1586220959737944 131919735117504 emit_end 927 0
1586220959740904 131919735117504 drain_beg 0 0
1586220959741473 131919735117504 drain_end 1 0
1586220959741923 131919735117504 subm_beg 1 0
1586220963293494 131919735117504 subm_end 1 0
1586220963294054 131919735117504 pump_beg 1 0
1586220973773161 131919735117504 pump_end 1 2
1586220977137959 131919735117504 coll_beg 0 0
1586220981250948 131919735117504 coll_end 0 0
1586220983114721 131919735117504 emit_beg 928 0
1586220988510054 131919735117504 emit_end 928 0
1586220988513973 131919735117504 drain_beg 0 0
1586220988514563 131919735117504 drain_end 1 0
1586220988514953 131919735117504 subm_beg 1 0
1586220992020285 131919735117504 subm_end 1 0
1586220992020715 131919735117504 pump_beg 1 0
1586221004020978 131919735117504 pump_end 1 2
1586221006928351 131919735117504 coll_beg 0 0
1586221011385269 131919735117504 coll_end 0 0
1586221013252531 131919735117504 emit_beg 929 0
1586221019030580 131919735117504 emit_end 929 0
1586221036066028 131919735117504 drain_beg 0 0
1586221036068108 131919735117504 drain_end 1 0
1586221036068868 131919735117504 subm_beg 1 0
1586221039767573 131919735117504 subm_end 1 0
1586221039769183 131919735117504 pump_beg 1 0
1586221047036208 131919735117504 pump_end 1 2
1586221049414181 131919735117504 coll_beg 0 0
1586221049502738 131919735117504 coll_end 0 0
1586221051343921 131919735117504 emit_beg 930 0
1586221055001357 131919735117504 emit_end 930 0
1586221055004037 131919735117504 drain_beg 0 0
1586221055004527 131919735117504 drain_end 1 0
1586221055005347 131919735117504 subm_beg 1 0
1586221058627025 131919735117504 subm_end 1 0
1586221058627455 131919735117504 pump_beg 1 0
1586221067095536 131919735117504 pump_end 1 2
1586221069545026 131919735117504 coll_beg 0 0
1586221070919126 131919735117504 coll_end 0 0
1586221073163074 131919735117504 emit_beg 931 0
1586221080346932 131919735117504 emit_end 931 0
1586221095138622 131919735117504 drain_beg 0 0
1586221095140992 131919735117504 drain_end 1 0
1586221095141722 131919735117504 subm_beg 1 0
1586221098856717 131919735117504 subm_end 1 0
1586221098858417 131919735117504 pump_beg 1 0
1586221107281839 131919735117504 pump_end 1 2
1586221109553796 131919735117504 coll_beg 0 0
1586221111978598 131919735117504 coll_end 0 0
1586221113830380 131919735117504 emit_beg 932 0
1586221119305061 131919735117504 emit_end 932 0
1586221119308670 131919735117504 drain_beg 0 0
1586221119309150 131919735117504 drain_end 1 0
1586221119309600 131919735117504 subm_beg 1 0
1586221122828112 131919735117504 subm_end 1 0
1586221122828522 131919735117504 pump_beg 1 0
1586221131567573 131919735117504 pump_end 1 2
1586221134408219 131919735117504 coll_beg 0 0
1586221135780279 131919735117504 coll_end 0 0
1586221137983319 131919735117504 emit_beg 933 0
1586221143351263 131919735117504 emit_end 933 0
1586221157678080 131919735117504 drain_beg 0 0
1586221157678740 131919735117504 drain_end 1 0
1586221157679020 131919735117504 subm_beg 1 0
1586221161270609 131919735117504 subm_end 1 0
1586221161271019 131919735117504 pump_beg 1 0
1586221173106927 131919735117504 pump_end 1 2
1586221175000818 131919735117504 coll_beg 0 0
1586221180208598 131919735117504 coll_end 0 0
1586221182245714 131919735117504 emit_beg 934 0
1586221187650716 131919735117504 emit_end 934 0
1586221187654696 131919735117504 drain_beg 0 0
1586221187655266 131919735117504 drain_end 1 0
1586221187655816 131919735117504 subm_beg 1 0
1586221191197987 131919735117504 subm_end 1 0
1586221191198457 131919735117504 pump_beg 1 0
1586221200826406 131919735117504 pump_end 1 2
1586221203734579 131919735117504 coll_beg 0 0
1586221207624807 131919735117504 coll_end 0 0
1586221209613005 131919735117504 emit_beg 935 0
1586221216899879 131919735117504 emit_end 935 0
1586221216903579 131919735117504 drain_beg 0 0
1586221216904149 131919735117504 drain_end 1 0
1586221216904719 131919735117504 subm_beg 1 0
1586221220496388 131919735117504 subm_end 1 0
1586221220498168 131919735117504 pump_beg 1 0
1586221231047833 131919735117504 pump_end 1 2
1586221234369751 131919735117504 coll_beg 0 0
1586221237662031 131919735117504 coll_end 0 0
1586221239537673 131919735117504 emit_beg 936 0
1586221245088000 131919735117504 emit_end 936 0
1586221245091120 131919735117504 drain_beg 0 0
1586221245091710 131919735117504 drain_end 1 0
1586221245092210 131919735117504 subm_beg 1 0
1586221248696429 131919735117504 subm_end 1 0
1586221248696829 131919735117504 pump_beg 1 0
1586221262124229 131919735117504 pump_end 1 2
1586221264425475 131919735117504 coll_beg 0 0
1586221269931034 131919735117504 coll_end 0 0
1586221271809985 131919735117504 emit_beg 937 0
1586221277599644 131919735117504 emit_end 937 0
1586221277603174 131919735117504 drain_beg 0 0
1586221277603734 131919735117504 drain_end 1 0
1586221277604264 131919735117504 subm_beg 1 0
1586221281280459 131919735117504 subm_end 1 0
1586221281280959 131919735117504 pump_beg 1 0
1586221289514159 131919735117504 pump_end 1 2
1586221292503680 131919735117504 coll_beg 0 0
1586221293825802 131919735117504 coll_end 0 0
1586221296282872 131919735117504 emit_beg 938 0
1586221303772399 131919735117504 emit_end 938 0
1586221316619000 131919735117504 drain_beg 0 0
1586221316619680 131919735117504 drain_end 1 0
1586221316619990 131919735117504 subm_beg 1 0
1586221320427251 131919735117504 subm_end 1 0
1586221320427681 131919735117504 pump_beg 1 0
1586221330080399 131919735117504 pump_end 1 2
1586221332036787 131919735117504 coll_beg 0 0
1586221334343353 131919735117504 coll_end 0 0
1586221336202005 131919735117504 emit_beg 939 0
1586221341915697 131919735117504 emit_end 939 0
1586221341918387 131919735117504 drain_beg 0 0
1586221341918747 131919735117504 drain_end 1 0
1586221341919087 131919735117504 subm_beg 1 0
1586221345599652 131919735117504 subm_end 1 0
1586221345600012 131919735117504 pump_beg 1 0
1586221356856332 131919735117504 pump_end 1 2
1586221360554717 131919735117504 coll_beg 0 0
1586221364286640 131919735117504 coll_end 0 0
1586221366240249 131919735117504 emit_beg 940 0
1586221371922642 131919735117504 emit_end 940 0
1586221371926312 131919735117504 drain_beg 0 0
1586221371926892 131919735117504 drain_end 1 0
1586221371927592 131919735117504 subm_beg 1 0
1586221375609817 131919735117504 subm_end 1 0
1586221375610287 131919735117504 pump_beg 1 0
1586221382414099 131919735117504 pump_end 1 2
1586221385099481 131919735117504 coll_beg 0 0
1586221385165918 131919735117504 coll_end 0 0
1586221388886953 131919735117504 emit_beg 941 0
1586221396472516 131919735117504 emit_end 941 0
1586221408076602 131919735117504 drain_beg 0 0
1586221408077482 131919735117504 drain_end 1 0
1586221408077822 131919735117504 subm_beg 1 0
1586221420507529 131919735117504 subm_end 1 0
1586221420507989 131919735117504 pump_beg 1 0
1586221428024324 131919735117504 pump_end 1 2
1586221429945534 131919735117504 coll_beg 0 0
1586221429953634 131919735117504 coll_end 0 0
1586221431799647 131919735117504 emit_beg 942 0
1586221437520448 131919735117504 emit_end 942 0
1586221437522768 131919735117504 drain_beg 0 0
1586221437523208 131919735117504 drain_end 1 0
1586221437523468 131919735117504 subm_beg 1 0
1586221441257681 131919735117504 subm_end 1 0
1586221441258201 131919735117504 pump_beg 1 0
1586221453010082 131919735117504 pump_end 1 2
1586221454986140 131919735117504 coll_beg 0 0
1586221458660176 131919735117504 coll_end 0 0
1586221460691642 131919735117504 emit_beg 943 0
1586221466416843 131919735117504 emit_end 943 0
1586221483771350 131919735117504 drain_beg 0 0
1586221483773290 131919735117504 drain_end 1 0
1586221483774040 131919735117504 subm_beg 1 0
1586221487620779 131919735117504 subm_end 1 0
1586221487622439 131919735117504 pump_beg 1 0
1586221501848720 131919735117504 pump_end 1 2
1586221503946244 131919735117504 coll_beg 0 0
1586221508417381 131919735117504 coll_end 0 0
1586221510331001 131919735117504 emit_beg 944 0
1586221516087661 131919735117504 emit_end 944 0
1586221516091320 131919735117504 drain_beg 0 0
1586221516091940 131919735117504 drain_end 1 0
1586221516092440 131919735117504 subm_beg 1 0
1586221519783396 131919735117504 subm_end 1 0
1586221519783836 131919735117504 pump_beg 1 0
1586221530112469 131919735117504 pump_end 1 2
1586221532145765 131919735117504 coll_beg 0 0
1586221534488529 131919735117504 coll_end 0 0
1586221537967232 131919735117504 emit_beg 945 0
1586221543993052 131919735117504 emit_end 945 0
1586221559718478 131919735117504 drain_beg 0 0
1586221559719248 131919735117504 drain_end 1 0
1586221559719628 131919735117504 subm_beg 1 0
1586221563492461 131919735117504 subm_end 1 0
1586221563492961 131919735117504 pump_beg 1 0
1586221575118896 131919735117504 pump_end 1 2
1586221576973319 131919735117504 coll_beg 0 0
1586221581139417 131919735117504 coll_end 0 0
1586221583148253 131919735117504 emit_beg 946 0
1586221588955931 131919735117504 emit_end 946 0
1586221588959861 131919735117504 drain_beg 0 0
1586221588960491 131919735117504 drain_end 1 0
1586221588961031 131919735117504 subm_beg 1 0
1586221592621088 131919735117504 subm_end 1 0
1586221592621498 131919735117504 pump_beg 1 0
1586221600536949 131919735117504 pump_end 1 2
1586221603356946 131919735117504 coll_beg 0 0
1586221604053870 131919735117504 coll_end 0 0
1586221607093170 131919735117504 emit_beg 947 0
1586221614637174 131919735117504 emit_end 947 0
1586221628520078 131919735117504 drain_beg 0 0
1586221628522078 131919735117504 drain_end 1 0
1586221628522667 131919735117504 subm_beg 1 0
1586221632230812 131919735117504 subm_end 1 0
1586221632231402 131919735117504 pump_beg 1 0
1586221643069647 131919735117504 pump_end 1 2
1586221645126912 131919735117504 coll_beg 0 0
1586221649369107 131919735117504 coll_end 0 0
1586221651389423 131919735117504 emit_beg 948 0
1586221657168352 131919735117504 emit_end 948 0
1586221657172432 131919735117504 drain_beg 0 0
1586221657173142 131919735117504 drain_end 1 0
1586221657173612 131919735117504 subm_beg 1 0
1586221660921205 131919735117504 subm_end 1 0
1586221660921665 131919735117504 pump_beg 1 0
1586221670838713 131919735117504 pump_end 1 2
1586221673755297 131919735117504 coll_beg 0 0
1586221677846218 131919735117504 coll_end 0 0
1586221679876784 131919735117504 emit_beg 949 0
1586221689115696 131919735117504 emit_end 949 0
1586221689119676 131919735117504 drain_beg 0 0
1586221689120256 131919735117504 drain_end 1 0
1586221689120696 131919735117504 subm_beg 1 0
1586221690909261 131919735117504 subm_end 1 0
1586221690909891 131919735117504 pump_beg 1 0
1586221701708127 131919735117504 pump_end 1 2
1586221704827113 131919735117504 coll_beg 0 0
1586221709727074 131919735117504 coll_end 0 0
1586221711552848 131919735117504 emit_beg 950 0
1586221717032748 131919735117504 emit_end 950 0
1586221717035937 131919735117504 drain_beg 0 0
1586221717036497 131919735117504 drain_end 1 0
1586221717037097 131919735117504 subm_beg 1 0
1586221720687004 131919735117504 subm_end 1 0
1586221720687274 131919735117504 pump_beg 1 0
1586221732195074 131919735117504 pump_end 1 2
1586221734027447 131919735117504 coll_beg 0 0
1586221739262846 131919735117504 coll_end 0 0
1586221741161047 131919735117504 emit_beg 951 0
1586221746696575 131919735117504 emit_end 951 0
1586221746700045 131919735117504 drain_beg 0 0
1586221746700495 131919735117504 drain_end 1 0
1586221746700835 131919735117504 subm_beg 1 0
1586221750210557 131919735117504 subm_end 1 0
1586221750211097 131919735117504 pump_beg 1 0
1586221761278283 131919735117504 pump_end 1 2
1586221763740513 131919735117504 coll_beg 0 0
1586221768805058 131919735117504 coll_end 0 0
1586221770614192 131919735117504 emit_beg 952 0
1586221776039854 131919735117504 emit_end 952 0
1586221776042284 131919735117504 drain_beg 0 0
1586221776042634 131919735117504 drain_end 1 0
1586221776042884 131919735117504 subm_beg 1 0
1586221779652972 131919735117504 subm_end 1 0
1586221779653422 131919735117504 pump_beg 1 0
1586221790437829 131919735117504 pump_end 1 2
1586221792278142 131919735117504 coll_beg 0 0
1586221795358319 131919735117504 coll_end 0 0
1586221797167573 131919735117504 emit_beg 953 0
1586221804263754 131919735117504 emit_end 953 0
1586221804266654 131919735117504 drain_beg 0 0
1586221804267164 131919735117504 drain_end 1 0
1586221804267754 131919735117504 subm_beg 1 0
1586221807809455 131919735117504 subm_end 1 0
1586221807809925 131919735117504 pump_beg 1 0
1586221815604390 131919735117504 pump_end 1 2
1586221817826259 131919735117504 coll_beg 0 0
1586221818710527 131919735117504 coll_end 0 0
1586221821405109 131919735117504 emit_beg 954 0
1586221828625185 131919735117504 emit_end 954 0
1586221842087464 131919735117504 drain_beg 0 0
1586221842090534 131919735117504 drain_end 1 0
1586221842091294 131919735117504 subm_beg 1 0
1586221845686413 131919735117504 subm_end 1 0
1586221845688282 131919735117504 pump_beg 1 0
1586221857401585 131919735117504 pump_end 1 2
1586221859383853 131919735117504 coll_beg 0 0
1586221863415556 131919735117504 coll_end 0 0
1586221865284937 131919735117504 emit_beg 955 0
1586221868887756 131919735117504 emit_end 955 0
1586221868891636 131919735117504 drain_beg 0 0
1586221868892416 131919735117504 drain_end 1 0
1586221868892996 131919735117504 subm_beg 1 0
1586221872452126 131919735117504 subm_end 1 0
1586221872452676 131919735117504 pump_beg 1 0
1586221882260978 131919735117504 pump_end 1 2
1586221885431732 131919735117504 coll_beg 0 0
1586221887833075 131919735117504 coll_end 0 0
1586221890976870 131919735117504 emit_beg 956 0
1586221898305742 131919735117504 emit_end 956 0
1586221913724330 131919735117504 drain_beg 0 0
1586221913725650 131919735117504 drain_end 1 0
1586221913726130 131919735117504 subm_beg 1 0
1586221917235181 131919735117504 subm_end 1 0
1586221917235611 131919735117504 pump_beg 1 0
1586221925288278 131919735117504 pump_end 1 2
1586221928372605 131919735117504 coll_beg 0 0
1586221929422687 131919735117504 coll_end 0 0
1586221931232371 131919735117504 emit_beg 957 0
1586221934860608 131919735117504 emit_end 957 0
1586221934864858 131919735117504 drain_beg 0 0
1586221934865348 131919735117504 drain_end 1 0
1586221934865928 131919735117504 subm_beg 1 0
1586221938470097 131919735117504 subm_end 1 0
1586221938470477 131919735117504 pump_beg 1 0
1586221948216751 131919735117504 pump_end 1 2
1586221950386222 131919735117504 coll_beg 0 0
1586221952643109 131919735117504 coll_end 0 0
1586221956012256 131919735117504 emit_beg 958 0
1586221961515476 131919735117504 emit_end 958 0
1586221976775829 131919735117504 drain_beg 0 0
1586221976777849 131919735117504 drain_end 1 0
1586221976778609 131919735117504 subm_beg 1 0
1586221980352548 131919735117504 subm_end 1 0
1586221980353708 131919735117504 pump_beg 1 0
1586221987349003 131919735117504 pump_end 1 2
1586221989153817 131919735117504 coll_beg 0 0
1586221989174236 131919735117504 coll_end 0 0
1586221991009959 131919735117504 emit_beg 959 0
1586221998182057 131919735117504 emit_end 959 0
1586221998185797 131919735117504 drain_beg 0 0
1586221998186447 131919735117504 drain_end 1 0
1586221998186907 131919735117504 subm_beg 1 0
1586222001754437 131919735117504 subm_end 1 0
1586222001755027 131919735117504 pump_beg 1 0
1586222014652197 131919735117504 pump_end 1 2
1586222017841150 131919735117504 coll_beg 0 0
1586222022510750 131919735117504 coll_end 0 0
1586222024339073 131919735117504 emit_beg 960 0
1586222027941322 131919735117504 emit_end 960 0
1586222027944441 131919735117504 drain_beg 0 0
1586222027950171 131919735117504 drain_end 1 0
1586222027950681 131919735117504 subm_beg 1 0
1586222031537920 131919735117504 subm_end 1 0
1586222031538290 131919735117504 pump_beg 1 0
1586222043795963 131919735117504 pump_end 1 2
1586222045903916 131919735117504 coll_beg 0 0
1586222049547243 131919735117504 coll_end 0 0
1586222051360377 131919735117504 emit_beg 961 0
1586222058616352 131919735117504 emit_end 961 0
1586222075474027 131919735117504 drain_beg 0 0
1586222075475967 131919735117504 drain_end 1 0
1586222075476337 131919735117504 subm_beg 1 0
1586222079264049 131919735117504 subm_end 1 0
1586222079264879 131919735117504 pump_beg 1 0
1586222091384426 131919735117504 pump_end 1 2
1586222093277967 131919735117504 coll_beg 0 0
1586222097104448 131919735117504 coll_end 0 0
1586222099055646 131919735117504 emit_beg 962 0
1586222102873267 131919735117504 emit_end 962 0
1586222102877887 131919735117504 drain_beg 0 0
1586222102878637 131919735117504 drain_end 1 0
1586222102879407 131919735117504 subm_beg 1 0
1586222106635600 131919735117504 subm_end 1 0
1586222106636200 131919735117504 pump_beg 1 0
1586222113849686 131919735117504 pump_end 1 2
1586222115796745 131919735117504 coll_beg 0 0
1586222115819035 131919735117504 coll_end 0 0
1586222119500460 131919735117504 emit_beg 963 0
1586222126968508 131919735117504 emit_end 963 0
1586222142498871 131919735117504 drain_beg 0 0
1586222142499681 131919735117504 drain_end 1 0
1586222142499951 131919735117504 subm_beg 1 0
1586222146335951 131919735117504 subm_end 1 0
1586222146336791 131919735117504 pump_beg 1 0
1586222154774033 131919735117504 pump_end 1 2
1586222156789709 131919735117504 coll_beg 0 0
1586222157881180 131919735117504 coll_end 0 0
1586222159830779 131919735117504 emit_beg 964 0
1586222165644426 131919735117504 emit_end 964 0
1586222180883310 131919735117504 drain_beg 0 0
1586222180884670 131919735117504 drain_end 1 0
1586222180885140 131919735117504 subm_beg 1 0
1586222184604164 131919735117504 subm_end 1 0
1586222184604664 131919735117504 pump_beg 1 0
1586222197049040 131919735117504 pump_end 1 2
1586222199208462 131919735117504 coll_beg 0 0
1586222203364570 131919735117504 coll_end 0 0
1586222205454174 131919735117504 emit_beg 965 0
1586222211416836 131919735117504 emit_end 965 0
1586222211421706 131919735117504 drain_beg 0 0
1586222211422476 131919735117504 drain_end 1 0
1586222211423026 131919735117504 subm_beg 1 0
1586222215201808 131919735117504 subm_end 1 0
1586222215202338 131919735117504 pump_beg 1 0
1586222226888051 131919735117504 pump_end 1 2
1586222230560757 131919735117504 coll_beg 0 0
1586222233545208 131919735117504 coll_end 0 0
1586222235514807 131919735117504 emit_beg 966 0
1586222243366980 131919735117504 emit_end 966 0
1586222243370760 131919735117504 drain_beg 0 0
1586222243371330 131919735117504 drain_end 1 0
1586222243371860 131919735117504 subm_beg 1 0
1586222247148542 131919735117504 subm_end 1 0
1586222247149062 131919735117504 pump_beg 1 0
1586222255323044 131919735117504 pump_end 1 2
1586222257619340 131919735117504 coll_beg 0 0
1586222258044604 131919735117504 coll_end 0 0
1586222261409062 131919735117504 emit_beg 967 0
1586222268958736 131919735117504 emit_end 967 0
1586222283122679 131919735117504 drain_beg 0 0
1586222283127389 131919735117504 drain_end 1 0
1586222283128659 131919735117504 subm_beg 1 0
1586222286813494 131919735117504 subm_end 1 0
1586222286814024 131919735117504 pump_beg 1 0
1586222296033558 131919735117504 pump_end 1 2
1586222299162654 131919735117504 coll_beg 0 0
1586222301319425 131919735117504 coll_end 0 0
1586222303381260 131919735117504 emit_beg 968 0
1586222309083652 131919735117504 emit_end 968 0
1586222309088252 131919735117504 drain_beg 0 0
1586222309088802 131919735117504 drain_end 1 0
1586222309089492 131919735117504 subm_beg 1 0
1586222312792356 131919735117504 subm_end 1 0
1586222312792936 131919735117504 pump_beg 1 0
1586222322361237 131919735117504 pump_end 1 2
1586222325440815 131919735117504 coll_beg 0 0
1586222327230720 131919735117504 coll_end 0 0
1586222329219167 131919735117504 emit_beg 969 0
1586222336670415 131919735117504 emit_end 969 0
1586222336673625 131919735117504 drain_beg 0 0
1586222336674015 131919735117504 drain_end 1 0
1586222336674365 131919735117504 subm_beg 1 0
1586222340370990 131919735117504 subm_end 1 0
1586222340371510 131919735117504 pump_beg 1 0
1586222353645116 131919735117504 pump_end 1 2
1586222356543880 131919735117504 coll_beg 0 0
1586222361750540 131919735117504 coll_end 0 0
1586222363736357 131919735117504 emit_beg 970 0
1586222369483368 131919735117504 emit_end 970 0
1586222369486617 131919735117504 drain_beg 0 0
1586222369487037 131919735117504 drain_end 1 0
1586222369487367 131919735117504 subm_beg 1 0
1586222373173993 131919735117504 subm_end 1 0
1586222373174453 131919735117504 pump_beg 1 0
1586222385868370 131919735117504 pump_end 1 2
1586222389511357 131919735117504 coll_beg 0 0
1586222394629690 131919735117504 coll_end 0 0
1586222396600598 131919735117504 emit_beg 971 0
1586222402242332 131919735117504 emit_end 971 0
1586222402245042 131919735117504 drain_beg 0 0
1586222402245382 131919735117504 drain_end 1 0
1586222402245722 131919735117504 subm_beg 1 0
1586222405922858 131919735117504 subm_end 1 0
1586222405923228 131919735117504 pump_beg 1 0
1586222417245995 131919735117504 pump_end 1 2
1586222419672746 131919735117504 coll_beg 0 0
1586222423365741 131919735117504 coll_end 0 0
1586222425421306 131919735117504 emit_beg 972 0
1586222431313731 131919735117504 emit_end 972 0
1586222448419807 131919735117504 drain_beg 0 0
1586222448420397 131919735117504 drain_end 1 0
1586222448420867 131919735117504 subm_beg 1 0
1586222452208169 131919735117504 subm_end 1 0
1586222452208489 131919735117504 pump_beg 1 0
1586222461055786 131919735117504 pump_end 1 2
1586222463037504 131919735117504 coll_beg 0 0
1586222465443696 131919735117504 coll_end 0 0
1586222467495201 131919735117504 emit_beg 973 0
1586222473269750 131919735117504 emit_end 973 0
1586222473273970 131919735117504 drain_beg 0 0
1586222473274620 131919735117504 drain_end 1 0
1586222473275150 131919735117504 subm_beg 1 0
1586222476834850 131919735117504 subm_end 1 0
1586222476835440 131919735117504 pump_beg 1 0
1586222488063810 131919735117504 pump_end 1 2
1586222490336647 131919735117504 coll_beg 0 0
1586222494041982 131919735117504 coll_end 0 0
1586222495947023 131919735117504 emit_beg 974 0
1586222501389414 131919735117504 emit_end 974 0
1586222518047296 131919735117504 drain_beg 0 0
1586222518048066 131919735117504 drain_end 1 0
1586222518048416 131919735117504 subm_beg 1 0
1586222521752561 131919735117504 subm_end 1 0
1586222521752961 131919735117504 pump_beg 1 0
1586222529669532 131919735117504 pump_end 1 2
1586222531532904 131919735117504 coll_beg 0 0
1586222532816937 131919735117504 coll_end 0 0
1586222534593732 131919735117504 emit_beg 975 0
1586222540085662 131919735117504 emit_end 975 0
1586222540091442 131919735117504 drain_beg 0 0
1586222540092412 131919735117504 drain_end 1 0
1586222540093231 131919735117504 subm_beg 1 0
1586222543724399 131919735117504 subm_end 1 0
1586222543726019 131919735117504 pump_beg 1 0
1586222554984658 131919735117504 pump_end 1 2
1586222557043283 131919735117504 coll_beg 0 0
1586222561278138 131919735117504 coll_end 0 0
1586222563283075 131919735117504 emit_beg 976 0
1586222568882041 131919735117504 emit_end 976 0
1586222585604511 131919735117504 drain_beg 0 0
1586222585605231 131919735117504 drain_end 1 0
1586222585605601 131919735117504 subm_beg 1 0
1586222589202359 131919735117504 subm_end 1 0
1586222589202849 131919735117504 pump_beg 1 0
1586222600082822 131919735117504 pump_end 1 2
1586222601986073 131919735117504 coll_beg 0 0
1586222606483089 131919735117504 coll_end 0 0
1586222608380860 131919735117504 emit_beg 977 0
1586222613819561 131919735117504 emit_end 977 0
1586222613822631 131919735117504 drain_beg 0 0
1586222613823051 131919735117504 drain_end 1 0
1586222613823361 131919735117504 subm_beg 1 0
1586222617508876 131919735117504 subm_end 1 0
1586222617509516 131919735117504 pump_beg 1 0
1586222630910197 131919735117504 pump_end 1 2
1586222632819408 131919735117504 coll_beg 0 0
1586222637795706 131919735117504 coll_end 0 0
1586222639681157 131919735117504 emit_beg 978 0
1586222645263534 131919735117504 emit_end 978 0
1586222645266953 131919735117504 drain_beg 0 0
1586222645267743 131919735117504 drain_end 1 0
1586222645268263 131919735117504 subm_beg 1 0
1586222648714538 131919735117504 subm_end 1 0
1586222648715958 131919735117504 pump_beg 1 0
1586222659754035 131919735117504 pump_end 1 2
1586222661972314 131919735117504 coll_beg 0 0
1586222664409085 131919735117504 coll_end 0 0
1586222667392876 131919735117504 emit_beg 979 0
1586222672810258 131919735117504 emit_end 979 0
1586222672813308 131919735117504 drain_beg 0 0
1586222672813768 131919735117504 drain_end 1 0
1586222672814138 131919735117504 subm_beg 1 0
1586222676250503 131919735117504 subm_end 1 0
1586222676254193 131919735117504 pump_beg 1 0
1586222689099884 131919735117504 pump_end 1 2
1586222692181421 131919735117504 coll_beg 0 0
1586222698491881 131919735117504 coll_end 0 0
1586222700467829 131919735117504 emit_beg 980 0
1586222706115403 131919735117504 emit_end 980 0
1586222706120103 131919735117504 drain_beg 0 0
1586222706120923 131919735117504 drain_end 1 0
1586222706121943 131919735117504 subm_beg 1 0
1586222709605096 131919735117504 subm_end 1 0
1586222709605626 131919735117504 pump_beg 1 0
1586222721667345 131919735117504 pump_end 1 2
1586222724469133 131919735117504 coll_beg 0 0
1586222729194191 131919735117504 coll_end 0 0
1586222731020224 131919735117504 emit_beg 981 0
1586222736446536 131919735117504 emit_end 981 0
1586222736450256 131919735117504 drain_beg 0 0
1586222736450786 131919735117504 drain_end 1 0
1586222736451566 131919735117504 subm_beg 1 0
1586222739861271 131919735117504 subm_end 1 0
1586222739861821 131919735117504 pump_beg 1 0
1586222751771457 131919735117504 pump_end 1 2
1586222754113171 131919735117504 coll_beg 0 0
1586222759773885 131919735117504 coll_end 0 0
1586222761719244 131919735117504 emit_beg 982 0
1586222767245462 131919735117504 emit_end 982 0
1586222767250902 131919735117504 drain_beg 0 0
1586222767251672 131919735117504 drain_end 1 0
1586222767252562 131919735117504 subm_beg 1 0
1586222770807452 131919735117504 subm_end 1 0
1586222770807972 131919735117504 pump_beg 1 0
1586222784535541 131919735117504 pump_end 1 2
1586222786410103 131919735117504 coll_beg 0 0
1586222791333883 131919735117504 coll_end 0 0
1586222793182215 131919735117504 emit_beg 983 0
1586222796862201 131919735117504 emit_end 983 0
1586222796866061 131919735117504 drain_beg 0 0
1586222796866561 131919735117504 drain_end 1 0
1586222796867061 131919735117504 subm_beg 1 0
1586222800420861 131919735117504 subm_end 1 0
1586222800421291 131919735117504 pump_beg 1 0
1586222811220167 131919735117504 pump_end 1 2
1586222814501408 131919735117504 coll_beg 0 0
1586222817515668 131919735117504 coll_end 0 0
1586222819997537 131919735117504 emit_beg 984 0
1586222827254072 131919735117504 emit_end 984 0
1586222842749087 131919735117504 drain_beg 0 0
1586222842751537 131919735117504 drain_end 1 0
1586222842752067 131919735117504 subm_beg 1 0
1586222846420143 131919735117504 subm_end 1 0
1586222846420713 131919735117504 pump_beg 1 0
1586222858311809 131919735117504 pump_end 1 2
1586222860225199 131919735117504 coll_beg 0 0
1586222864693796 131919735117504 coll_end 0 0
1586222866541218 131919735117504 emit_beg 985 0
1586222872580248 131919735117504 emit_end 985 0
1586222872583958 131919735117504 drain_beg 0 0
1586222872584578 131919735117504 drain_end 1 0
1586222872585108 131919735117504 subm_beg 1 0
1586222876559863 131919735117504 subm_end 1 0
1586222876560523 131919735117504 pump_beg 1 0
1586222889413774 131919735117504 pump_end 1 2
1586222891427820 131919735117504 coll_beg 0 0
1586222896937949 131919735117504 coll_end 0 0
1586222898862699 131919735117504 emit_beg 986 0
1586222904482984 131919735117504 emit_end 986 0
1586222904485314 131919735117504 drain_beg 0 0
1586222904485784 131919735117504 drain_end 1 0
1586222904485994 131919735117504 subm_beg 1 0
1586222908110851 131919735117504 subm_end 1 0
1586222908119821 131919735117504 pump_beg 1 0
1586222920722371 131919735117504 pump_end 1 2
1586222923255369 131919735117504 coll_beg 0 0
1586222929128944 131919735117504 coll_end 0 0
1586222931175220 131919735117504 emit_beg 987 0
1586222937007077 131919735117504 emit_end 987 0
1586222937016437 131919735117504 drain_beg 0 0
1586222937017567 131919735117504 drain_end 1 0
1586222937018326 131919735117504 subm_beg 1 0
1586222940730301 131919735117504 subm_end 1 0
1586222940731591 131919735117504 pump_beg 1 0
1586222947926878 131919735117504 pump_end 1 2
1586222951608524 131919735117504 coll_beg 0 0
1586222951638523 131919735117504 coll_end 0 0
1586222955422375 131919735117504 emit_beg 988 0
1586222962984049 131919735117504 emit_end 988 0
1586222974800058 131919735117504 drain_beg 0 0
1586222974801998 131919735117504 drain_end 1 0
1586222974802758 131919735117504 subm_beg 1 0
1586222978723625 131919735117504 subm_end 1 0
1586222978725345 131919735117504 pump_beg 1 0
1586222987588451 131919735117504 pump_end 1 2
1586222989645276 131919735117504 coll_beg 0 0
1586222991358693 131919735117504 coll_end 0 0
1586222993440078 131919735117504 emit_beg 989 0
1586222999645381 131919735117504 emit_end 989 0
1586222999649071 131919735117504 drain_beg 0 0
1586222999649691 131919735117504 drain_end 1 0
1586222999650281 131919735117504 subm_beg 1 0
1586223003557568 131919735117504 subm_end 1 0
1586223003557968 131919735117504 pump_beg 1 0
1586223011079744 131919735117504 pump_end 1 2
1586223014326815 131919735117504 coll_beg 0 0
1586223014884455 131919735117504 coll_end 0 0
1586223018062989 131919735117504 emit_beg 990 0
1586223025575425 131919735117504 emit_end 990 0
1586223039658671 131919735117504 drain_beg 0 0
1586223039660581 131919735117504 drain_end 1 0
1586223039660921 131919735117504 subm_beg 1 0
1586223043457512 131919735117504 subm_end 1 0
1586223043458202 131919735117504 pump_beg 1 0
1586223052718294 131919735117504 pump_end 1 2
1586223055269831 131919735117504 coll_beg 0 0
1586223057370354 131919735117504 coll_end 0 0
1586223059246766 131919735117504 emit_beg 991 0
1586223065008496 131919735117504 emit_end 991 0
1586223065014226 131919735117504 drain_beg 0 0
1586223065014766 131919735117504 drain_end 1 0
1586223065015455 131919735117504 subm_beg 1 0
1586223068719350 131919735117504 subm_end 1 0
1586223068719850 131919735117504 pump_beg 1 0
1586223077544398 131919735117504 pump_end 1 2
1586223079805366 131919735117504 coll_beg 0 0
1586223081399268 131919735117504 coll_end 0 0
1586223083569838 131919735117504 emit_beg 992 0
1586223091097464 131919735117504 emit_end 992 0
1586223091099754 131919735117504 drain_beg 0 0
1586223091100074 131919735117504 drain_end 1 0
1586223091100334 131919735117504 subm_beg 1 0
1586223094824998 131919735117504 subm_end 1 0
1586223094825398 131919735117504 pump_beg 1 0
1586223103351357 131919735117504 pump_end 1 2
1586223105680702 131919735117504 coll_beg 0 0
1586223107066161 131919735117504 coll_end 0 0
1586223109452224 131919735117504 emit_beg 993 0
1586223116937421 131919735117504 emit_end 993 0
1586223129527171 131919735117504 drain_beg 0 0
1586223129529671 131919735117504 drain_end 1 0
1586223129530301 131919735117504 subm_beg 1 0
1586223133253395 131919735117504 subm_end 1 0
1586223133253905 131919735117504 pump_beg 1 0
1586223145385123 131919735117504 pump_end 1 2
1586223147398599 131919735117504 coll_beg 0 0
1586223152761733 131919735117504 coll_end 0 0
1586223154742861 131919735117504 emit_beg 994 0
1586223160498161 131919735117504 emit_end 994 0
1586223160503011 131919735117504 drain_beg 0 0
1586223160503831 131919735117504 drain_end 1 0
1586223160504561 131919735117504 subm_beg 1 0
1586223164240184 131919735117504 subm_end 1 0
1586223164240694 131919735117504 pump_beg 1 0
1586223176112591 131919735117504 pump_end 1 2
1586223179705380 131919735117504 coll_beg 0 0
1586223184692298 131919735117504 coll_end 0 0
1586223186566840 131919735117504 emit_beg 995 0
1586223190440848 131919735117504 emit_end 995 0
1586223190445048 131919735117504 drain_beg 0 0
1586223190445648 131919735117504 drain_end 1 0
1586223190451918 131919735117504 subm_beg 1 0
1586223194089475 131919735117504 subm_end 1 0
1586223194089935 131919735117504 pump_beg 1 0
1586223203585079 131919735117504 pump_end 1 2
1586223209094708 131919735117504 coll_beg 0 0
1586223211804149 131919735117504 coll_end 0 0
1586223215147997 131919735117504 emit_beg 996 0
1586223222781058 131919735117504 emit_end 996 0
1586223222785198 131919735117504 drain_beg 0 0
1586223222785888 131919735117504 drain_end 1 0
1586223222786378 131919735117504 subm_beg 1 0
1586223226571600 131919735117504 subm_end 1 0
1586223226572130 131919735117504 pump_beg 1 0
1586223238599091 131919735117504 pump_end 1 2
1586223241041842 131919735117504 coll_beg 0 0
1586223245196990 131919735117504 coll_end 0 0
1586223247113040 131919735117504 emit_beg 997 0
1586223250919271 131919735117504 emit_end 997 0
1586223250922031 131919735117504 drain_beg 0 0
1586223250922501 131919735117504 drain_end 1 0
1586223250923231 131919735117504 subm_beg 1 0
1586223254546419 131919735117504 subm_end 1 0
1586223254546829 131919735117504 pump_beg 1 0
1586223266008361 131919735117504 pump_end 1 2
1586223268025467 131919735117504 coll_beg 0 0
1586223273210598 131919735117504 coll_end 0 0
1586223275439416 131919735117504 emit_beg 998 0
1586223282727691 131919735117504 emit_end 998 0
1586223282730230 131919735117504 drain_beg 0 0
1586223282730520 131919735117504 drain_end 1 0
1586223282730780 131919735117504 subm_beg 1 0
1586223286255022 131919735117504 subm_end 1 0
1586223286255452 131919735117504 pump_beg 1 0
1586223297832689 131919735117504 pump_end 1 2
1586223301066591 131919735117504 coll_beg 0 0
1586223306037960 131919735117504 coll_end 0 0
1586223307931951 131919735117504 emit_beg 999 0
1586223315224035 131919735117504 emit_end 999 0
1586223315226754 131919735117504 drain_beg 0 0
1586223315227214 131919735117504 drain_end 1 0
1586223315227844 131919735117504 subm_beg 1 0
1586223320277870 131919735117504 subm_end 1 0
1586223320278400 131919735117504 pump_beg 1 0
1586223331697244 131919735117504 pump_end 1 2
1586223334540690 131919735117504 coll_beg 0 0
1586223337653546 131919735117504 coll_end 0 0
1586223340896468 131919735117504 emit_beg 1000 0
1586223344494277 131919735117504 emit_end 1000 0
1586223344496676 131919735117504 drain_beg 0 0
1586223344497116 131919735117504 drain_end 1 0
1586223344497696 131919735117504 subm_beg 1 0
1586223348167742 131919735117504 subm_end 1 0
1586223348168202 131919735117504 pump_beg 1 0
1586223360173174 131919735117504 pump_end 1 2
1586223362219980 131919735117504 coll_beg 0 0
1586223366359039 131919735117504 coll_end 0 0
1586223368162403 131919735117504 emit_beg 1001 0
1586223375445957 131919735117504 emit_end 1001 0
1586223375448707 131919735117504 drain_beg 0 0
1586223375449137 131919735117504 drain_end 1 0
1586223375449577 131919735117504 subm_beg 1 0
1586223379001377 131919735117504 subm_end 1 0
1586223379002007 131919735117504 pump_beg 1 0
1586223388678914 131919735117504 pump_end 1 2
1586223391524210 131919735117504 coll_beg 0 0
1586223393976991 131919735117504 coll_end 0 0
1586223395799284 131919735117504 emit_beg 1002 0
1586223399446631 131919735117504 emit_end 1002 0
1586223416868325 131919735117504 drain_beg 0 0
1586223416868905 131919735117504 drain_end 1 0
1586223416869205 131919735117504 subm_beg 1 0
1586223420493873 131919735117504 subm_end 1 0
1586223420494303 131919735117504 pump_beg 1 0
1586223432371270 131919735117504 pump_end 1 2
1586223434319798 131919735117504 coll_beg 0 0
1586223437235662 131919735117504 coll_end 0 0
1586223439133723 131919735117504 emit_beg 1003 0
1586223444691550 131919735117504 emit_end 1003 0
1586223444694030 131919735117504 drain_beg 0 0
1586223444694520 131919735117504 drain_end 1 0
1586223444695270 131919735117504 subm_beg 1 0
1586223448252960 131919735117504 subm_end 1 0
1586223448253350 131919735117504 pump_beg 1 0
1586223461123390 131919735117504 pump_end 1 2
1586223462969573 131919735117504 coll_beg 0 0
1586223467038444 131919735117504 coll_end 0 0
1586223468846569 131919735117504 emit_beg 1004 0
1586223474284540 131919735117504 emit_end 1004 0
1586223474295260 131919735117504 drain_beg 0 0
1586223474295710 131919735117504 drain_end 1 0
1586223474296190 131919735117504 subm_beg 1 0
1586223477964966 131919735117504 subm_end 1 0
1586223477967586 131919735117504 pump_beg 1 0
1586223489593471 131919735117504 pump_end 1 2
1586223493177841 131919735117504 coll_beg 0 0
1586223497191074 131919735117504 coll_end 0 0
1586223499567677 131919735117504 emit_beg 1005 0
1586223504933292 131919735117504 emit_end 1005 0
1586223504936561 131919735117504 drain_beg 0 0
1586223504937001 131919735117504 drain_end 1 0
1586223504937791 131919735117504 subm_beg 1 0
1586223508481912 131919735117504 subm_end 1 0
1586223508482402 131919735117504 pump_beg 1 0
1586223518774137 131919735117504 pump_end 1 2
1586223521681030 131919735117504 coll_beg 0 0
1586223524321414 131919735117504 coll_end 0 0
1586223526189436 131919735117504 emit_beg 1006 0
1586223531652737 131919735117504 emit_end 1006 0
1586223547107943 131919735117504 drain_beg 0 0
1586223547109702 131919735117504 drain_end 1 0
1586223547110502 131919735117504 subm_beg 1 0
1586223550704121 131919735117504 subm_end 1 0
1586223550704911 131919735117504 pump_beg 1 0
1586223561606813 131919735117504 pump_end 1 2
1586223564894403 131919735117504 coll_beg 0 0
1586223568338888 131919735117504 coll_end 0 0
1586223570230379 131919735117504 emit_beg 1007 0
1586223573867556 131919735117504 emit_end 1007 0
1586223573870506 131919735117504 drain_beg 0 0
1586223573871006 131919735117504 drain_end 1 0
1586223573871496 131919735117504 subm_beg 1 0
1586223577500913 131919735117504 subm_end 1 0
1586223577501343 131919735117504 pump_beg 1 0
1586223589803804 131919735117504 pump_end 1 2
1586223591980035 131919735117504 coll_beg 0 0
1586223596289708 131919735117504 coll_end 0 0
1586223598100382 131919735117504 emit_beg 1008 0
1586223603433477 131919735117504 emit_end 1008 0
1586223620831982 131919735117504 drain_beg 0 0
1586223620832462 131919735117504 drain_end 1 0
1586223620833102 131919735117504 subm_beg 1 0
1586223624473649 131919735117504 subm_end 1 0
1586223624474029 131919735117504 pump_beg 1 0
1586223631570130 131919735117504 pump_end 1 2
1586223633515229 131919735117504 coll_beg 0 0
1586223633622425 131919735117504 coll_end 0 0
1586223635422140 131919735117504 emit_beg 1009 0
1586223640796054 131919735117504 emit_end 1009 0
1586223654453075 131919735117504 drain_beg 0 0
1586223654453575 131919735117504 drain_end 1 0
1586223654453985 131919735117504 subm_beg 1 0
1586223658274606 131919735117504 subm_end 1 0
1586223658275096 131919735117504 pump_beg 1 0
1586223666311752 131919735117504 pump_end 1 2
1586223668373337 131919735117504 coll_beg 0 0
1586223669498006 131919735117504 coll_end 0 0
1586223671456775 131919735117504 emit_beg 1010 0
1586223675429570 131919735117504 emit_end 1010 0
1586223675433880 131919735117504 drain_beg 0 0
1586223675434430 131919735117504 drain_end 1 0
1586223675435049 131919735117504 subm_beg 1 0
1586223679545109 131919735117504 subm_end 1 0
1586223679545529 131919735117504 pump_beg 1 0
1586223691238843 131919735117504 pump_end 1 2
1586223694046200 131919735117504 coll_beg 0 0
1586223697890620 131919735117504 coll_end 0 0
1586223699850068 131919735117504 emit_beg 1011 0
1586223705547321 131919735117504 emit_end 1011 0
1586223722920527 131919735117504 drain_beg 0 0
1586223722921237 131919735117504 drain_end 1 0
1586223722921587 131919735117504 subm_beg 1 0
1586223726743577 131919735117504 subm_end 1 0
1586223726744107 131919735117504 pump_beg 1 0
1586223739227361 131919735117504 pump_end 1 2
1586223741306406 131919735117504 coll_beg 0 0
1586223747025827 131919735117504 coll_end 0 0
1586223749077012 131919735117504 emit_beg 1012 0
1586223755141961 131919735117504 emit_end 1012 0
1586223755147690 131919735117504 drain_beg 0 0
1586223755148410 131919735117504 drain_end 1 0
1586223755149200 131919735117504 subm_beg 1 0
1586223758648923 131919735117504 subm_end 1 0
1586223758649613 131919735117504 pump_beg 1 0
1586223770535429 131919735117504 pump_end 1 2
1586223772802176 131919735117504 coll_beg 0 0
1586223777093700 131919735117504 coll_end 0 0
1586223778998150 131919735117504 emit_beg 1013 0
1586223784844407 131919735117504 emit_end 1013 0
1586223784848227 131919735117504 drain_beg 0 0
1586223784848857 131919735117504 drain_end 1 0
1586223784849237 131919735117504 subm_beg 1 0
1586223788563571 131919735117504 subm_end 1 0
1586223788563971 131919735117504 pump_beg 1 0
1586223800430108 131919735117504 pump_end 1 2
1586223802467654 131919735117504 coll_beg 0 0
1586223806648321 131919735117504 coll_end 0 0
1586223808621869 131919735117504 emit_beg 1014 0
1586223814286252 131919735117504 emit_end 1014 0
1586223831846512 131919735117504 drain_beg 0 0
1586223831847731 131919735117504 drain_end 1 0
1586223831848141 131919735117504 subm_beg 1 0
1586223835586395 131919735117504 subm_end 1 0
1586223835586945 131919735117504 pump_beg 1 0
1586223843550964 131919735117504 pump_end 1 2
1586223845548541 131919735117504 coll_beg 0 0
1586223846287824 131919735117504 coll_end 0 0
1586223848159716 131919735117504 emit_beg 1015 0
1586223853888637 131919735117504 emit_end 1015 0
1586223853891507 131919735117504 drain_beg 0 0
1586223853892017 131919735117504 drain_end 1 0
1586223853892517 131919735117504 subm_beg 1 0
1586223857653830 131919735117504 subm_end 1 0
1586223857654250 131919735117504 pump_beg 1 0
1586223868685157 131919735117504 pump_end 1 2
1586223871516874 131919735117504 coll_beg 0 0
1586223876694315 131919735117504 coll_end 0 0
1586223878577956 131919735117504 emit_beg 1016 0
1586223884409813 131919735117504 emit_end 1016 0
1586223884412653 131919735117504 drain_beg 0 0
1586223884413133 131919735117504 drain_end 1 0
1586223884413583 131919735117504 subm_beg 1 0
1586223888105778 131919735117504 subm_end 1 0
1586223888106308 131919735117504 pump_beg 1 0
1586223895993960 131919735117504 pump_end 1 2
1586223899315619 131919735117504 coll_beg 0 0
1586223900249205 131919735117504 coll_end 0 0
1586223903093401 131919735117504 emit_beg 1017 0
1586223910715023 131919735117504 emit_end 1017 0
1586223910719403 131919735117504 drain_beg 0 0
1586223910720023 131919735117504 drain_end 1 0
1586223910720553 131919735117504 subm_beg 1 0
1586223914427838 131919735117504 subm_end 1 0
1586223914428448 131919735117504 pump_beg 1 0
1586223923725989 131919735117504 pump_end 1 2
1586223926574555 131919735117504 coll_beg 0 0
1586223929225078 131919735117504 coll_end 0 0
1586223932312795 131919735117504 emit_beg 1018 0
1586223939913128 131919735117504 emit_end 1018 0
1586223939917418 131919735117504 drain_beg 0 0
1586223939918078 131919735117504 drain_end 1 0
1586223939918708 131919735117504 subm_beg 1 0
1586223943705709 131919735117504 subm_end 1 0
1586223943706289 131919735117504 pump_beg 1 0
1586223954826693 131919735117504 pump_end 1 2
1586223957972099 131919735117504 coll_beg 0 0
1586223962604940 131919735117504 coll_end 0 0
1586223964488261 131919735117504 emit_beg 1019 0
1586223970310468 131919735117504 emit_end 1019 0
1586223970313608 131919735117504 drain_beg 0 0
1586223970314268 131919735117504 drain_end 1 0
1586223970314918 131919735117504 subm_beg 1 0
1586223973998514 131919735117504 subm_end 1 0
1586223974000714 131919735117504 pump_beg 1 0
1586223985822322 131919735117504 pump_end 1 2
1586223987726623 131919735117504 coll_beg 0 0
1586223991849982 131919735117504 coll_end 0 0
1586223993733024 131919735117504 emit_beg 1020 0
1586223999557911 131919735117504 emit_end 1020 0
1586224017145129 131919735117504 drain_beg 0 0
1586224017146059 131919735117504 drain_end 1 0
1586224017146429 131919735117504 subm_beg 1 0
1586224020961390 131919735117504 subm_end 1 0
1586224020961890 131919735117504 pump_beg 1 0
1586224033338628 131919735117504 pump_end 1 2
1586224035503999 131919735117504 coll_beg 0 0
1586224039760234 131919735117504 coll_end 0 0
1586224041780920 131919735117504 emit_beg 1021 0
1586224047592278 131919735117504 emit_end 1021 0
1586224047595478 131919735117504 drain_beg 0 0
1586224047595988 131919735117504 drain_end 1 0
1586224047596648 131919735117504 subm_beg 1 0
1586224051069391 131919735117504 subm_end 1 0
1586224051069761 131919735117504 pump_beg 1 0
1586224061663325 131919735117504 pump_end 1 2
1586224064224711 131919735117504 coll_beg 0 0
1586224067178323 131919735117504 coll_end 0 0
1586224069662203 131919735117504 emit_beg 1022 0
1586224075096225 131919735117504 emit_end 1022 0
1586224075099074 131919735117504 drain_beg 0 0
1586224075099614 131919735117504 drain_end 1 0
1586224075100014 131919735117504 subm_beg 1 0
1586224078620626 131919735117504 subm_end 1 0
1586224078621016 131919735117504 pump_beg 1 0
1586224089223089 131919735117504 pump_end 1 2
1586224092867916 131919735117504 coll_beg 0 0
1586224096059630 131919735117504 coll_end 0 0
1586224097942141 131919735117504 emit_beg 1023 0
1586224101600517 131919735117504 emit_end 1023 0
1586224101604957 131919735117504 drain_beg 0 0
1586224101605617 131919735117504 drain_end 1 0
1586224101606167 131919735117504 subm_beg 1 0
1586224105077890 131919735117504 subm_end 1 0
1586224105078290 131919735117504 pump_beg 1 0
1586224115846707 131919735117504 pump_end 1 2
1586224118100835 131919735117504 coll_beg 0 0
1586224121015339 131919735117504 coll_end 0 0
1586224123753679 131919735117504 emit_beg 1024 0
1586224129154232 131919735117504 emit_end 1024 0
1586224144933626 131919735117504 drain_beg 0 0
1586224144934426 131919735117504 drain_end 1 0
1586224144934746 131919735117504 subm_beg 1 0
1586224148560834 131919735117504 subm_end 1 0
1586224148561214 131919735117504 pump_beg 1 0
1586224161214762 131919735117504 pump_end 1 2
1586224163302096 131919735117504 coll_beg 0 0
1586224169483080 131919735117504 coll_end 0 0
1586224171502006 131919735117504 emit_beg 1025 0
1586224175558098 131919735117504 emit_end 1025 0
1586224175560018 131919735117504 drain_beg 0 0
1586224175560468 131919735117504 drain_end 1 0
1586224175561048 131919735117504 subm_beg 1 0
1586224179184186 131919735117504 subm_end 1 0
1586224179184556 131919735117504 pump_beg 1 0
1586224190871120 131919735117504 pump_end 1 2
1586224192898216 131919735117504 coll_beg 0 0
1586224196582391 131919735117504 coll_end 0 0
1586224198536330 131919735117504 emit_beg 1026 0
1586224205770986 131919735117504 emit_end 1026 0
1586224205777876 131919735117504 drain_beg 0 0
1586224205778766 131919735117504 drain_end 1 0
1586224205779636 131919735117504 subm_beg 1 0
1586224209235089 131919735117504 subm_end 1 0
1586224209235589 131919735117504 pump_beg 1 0
1586224220999050 131919735117504 pump_end 1 2
1586224224164735 131919735117504 coll_beg 0 0
1586224228485217 131919735117504 coll_end 0 0
1586224230314120 131919735117504 emit_beg 1027 0
1586224235735372 131919735117504 emit_end 1027 0
1586224235739572 131919735117504 drain_beg 0 0
1586224235740142 131919735117504 drain_end 1 0
1586224235740532 131919735117504 subm_beg 1 0
1586224239197126 131919735117504 subm_end 1 0
1586224239197656 131919735117504 pump_beg 1 0
1586224248167099 131919735117504 pump_end 1 2
1586224250175355 131919735117504 coll_beg 0 0
1586224251691640 131919735117504 coll_end 0 0
1586224253743515 131919735117504 emit_beg 1028 0
1586224261083057 131919735117504 emit_end 1028 0
1586224261085497 131919735117504 drain_beg 0 0
1586224261085997 131919735117504 drain_end 1 0
1586224261086337 131919735117504 subm_beg 1 0
1586224264615638 131919735117504 subm_end 1 0
1586224264616018 131919735117504 pump_beg 1 0
1586224272196302 131919735117504 pump_end 1 2
1586224274719140 131919735117504 coll_beg 0 0
1586224274748669 131919735117504 coll_end 0 0
1586224280130002 131919735117504 emit_beg 1029 0
1586224287279551 131919735117504 emit_end 1029 0
1586224300013747 131919735117504 drain_beg 0 0
1586224300014427 131919735117504 drain_end 1 0
1586224300014717 131919735117504 subm_beg 1 0
1586224301767443 131919735117504 subm_end 1 0
1586224301767943 131919735117504 pump_beg 1 0
1586224314858655 131919735117504 pump_end 1 2
1586224317002747 131919735117504 coll_beg 0 0
1586224322358211 131919735117504 coll_end 0 0
1586224324277741 131919735117504 emit_beg 1030 0
1586224327973116 131919735117504 emit_end 1030 0
1586224327976806 131919735117504 drain_beg 0 0
1586224327977406 131919735117504 drain_end 1 0
1586224327977886 131919735117504 subm_beg 1 0
1586224331565455 131919735117504 subm_end 1 0
1586224331565835 131919735117504 pump_beg 1 0
1586224341693816 131919735117504 pump_end 1 2
1586224343671403 131919735117504 coll_beg 0 0
1586224345949540 131919735117504 coll_end 0 0
1586224349018828 131919735117504 emit_beg 1031 0
1586224356224735 131919735117504 emit_end 1031 0
1586224368691300 131919735117504 drain_beg 0 0
1586224368693780 131919735117504 drain_end 1 0
1586224368694250 131919735117504 subm_beg 1 0
1586224372259410 131919735117504 subm_end 1 0
1586224372260800 131919735117504 pump_beg 1 0
1586224383100474 131919735117504 pump_end 1 2
1586224385061003 131919735117504 coll_beg 0 0
1586224388212368 131919735117504 coll_end 0 0
1586224390077890 131919735117504 emit_beg 1032 0
1586224395479593 131919735117504 emit_end 1032 0
1586224395483343 131919735117504 drain_beg 0 0
1586224395483843 131919735117504 drain_end 1 0
1586224395484543 131919735117504 subm_beg 1 0
1586224398946566 131919735117504 subm_end 1 0
1586224398948196 131919735117504 pump_beg 1 0
1586224410215915 131919735117504 pump_end 1 2
1586224412845959 131919735117504 coll_beg 0 0
1586224416417749 131919735117504 coll_end 0 0
1586224418214133 131919735117504 emit_beg 1033 0
1586224423647615 131919735117504 emit_end 1033 0
1586224423651035 131919735117504 drain_beg 0 0
1586224423651605 131919735117504 drain_end 1 0
1586224423651955 131919735117504 subm_beg 1 0
1586224427367869 131919735117504 subm_end 1 0
1586224427368179 131919735117504 pump_beg 1 0
1586224439669530 131919735117504 pump_end 1 2
1586224443037237 131919735117504 coll_beg 0 0
1586224449303459 131919735117504 coll_end 0 0
1586224451172200 131919735117504 emit_beg 1034 0
1586224458762953 131919735117504 emit_end 1034 0
1586224458767353 131919735117504 drain_beg 0 0
1586224458767903 131919735117504 drain_end 1 0
1586224458768383 131919735117504 subm_beg 1 0
1586224462398751 131919735117504 subm_end 1 0
1586224462399671 131919735117504 pump_beg 1 0
1586224475064208 131919735117504 pump_end 1 2
1586224477497100 131919735117504 coll_beg 0 0
1586224482234977 131919735117504 coll_end 0 0
1586224484583421 131919735117504 emit_beg 1035 0
1586224488422301 131919735117504 emit_end 1035 0
1586224488427061 131919735117504 drain_beg 0 0
1586224488427731 131919735117504 drain_end 1 0
1586224488428391 131919735117504 subm_beg 1 0
1586224492196833 131919735117504 subm_end 1 0
1586224492197233 131919735117504 pump_beg 1 0
1586224501092259 131919735117504 pump_end 1 2
1586224504324281 131919735117504 coll_beg 0 0
1586224506064227 131919735117504 coll_end 0 0
1586224508058184 131919735117504 emit_beg 1036 0
1586224515699625 131919735117504 emit_end 1036 0
1586224530951989 131919735117504 drain_beg 0 0
1586224530952629 131919735117504 drain_end 1 0
1586224530952919 131919735117504 subm_beg 1 0
1586224534692602 131919735117504 subm_end 1 0
1586224534693072 131919735117504 pump_beg 1 0
1586224546194983 131919735117504 pump_end 1 2
1586224548343244 131919735117504 coll_beg 0 0
1586224552344458 131919735117504 coll_end 0 0
1586224554333016 131919735117504 emit_beg 1037 0
1586224560112525 131919735117504 emit_end 1037 0
1586224560116175 131919735117504 drain_beg 0 0
1586224560116615 131919735117504 drain_end 1 0
1586224560116865 131919735117504 subm_beg 1 0
1586224563732573 131919735117504 subm_end 1 0
1586224563733893 131919735117504 pump_beg 1 0
1586224573643461 131919735117504 pump_end 1 2
1586224576422250 131919735117504 coll_beg 0 0
1586224579205968 131919735117504 coll_end 0 0
1586224581136168 131919735117504 emit_beg 1038 0
1586224584987097 131919735117504 emit_end 1038 0
1586224603680555 131919735117504 drain_beg 0 0
1586224603681195 131919735117504 drain_end 1 0
1586224603681675 131919735117504 subm_beg 1 0
1586224607481826 131919735117504 subm_end 1 0
1586224607482136 131919735117504 pump_beg 1 0
1586224619100192 131919735117504 pump_end 1 2
1586224621105299 131919735117504 coll_beg 0 0
1586224624943169 131919735117504 coll_end 0 0
1586224627033703 131919735117504 emit_beg 1039 0
1586224632812302 131919735117504 emit_end 1039 0
1586224632824671 131919735117504 drain_beg 0 0
1586224632825241 131919735117504 drain_end 1 0
1586224632825741 131919735117504 subm_beg 1 0
1586224637107115 131919735117504 subm_end 1 0
1586224637107835 131919735117504 pump_beg 1 0
1586224649113417 131919735117504 pump_end 1 2
1586224652027740 131919735117504 coll_beg 0 0
1586224658513894 131919735117504 coll_end 0 0
1586224660576579 131919735117504 emit_beg 1040 0
1586224666392656 131919735117504 emit_end 1040 0
1586224666396726 131919735117504 drain_beg 0 0
1586224666397456 131919735117504 drain_end 1 0
1586224666398116 131919735117504 subm_beg 1 0
1586224670105531 131919735117504 subm_end 1 0
1586224670106101 131919735117504 pump_beg 1 0
1586224681288563 131919735117504 pump_end 1 2
1586224683164084 131919735117504 coll_beg 0 0
1586224686461364 131919735117504 coll_end 0 0
1586224689074829 131919735117504 emit_beg 1041 0
1586224694732902 131919735117504 emit_end 1041 0
1586224711657865 131919735117504 drain_beg 0 0
1586224711658634 131919735117504 drain_end 1 0
1586224711659094 131919735117504 subm_beg 1 0
1586224715398258 131919735117504 subm_end 1 0
1586224715398728 131919735117504 pump_beg 1 0
1586224727343452 131919735117504 pump_end 1 2
1586224729403867 131919735117504 coll_beg 0 0
1586224733662801 131919735117504 coll_end 0 0
1586224736699861 131919735117504 emit_beg 1042 0
1586224742522578 131919735117504 emit_end 1042 0
1586224742525168 131919735117504 drain_beg 0 0
1586224742525608 131919735117504 drain_end 1 0
1586224742526108 131919735117504 subm_beg 1 0
1586224746210693 131919735117504 subm_end 1 0
1586224746211163 131919735117504 pump_beg 1 0
1586224758704068 131919735117504 pump_end 1 2
1586224762230189 131919735117504 coll_beg 0 0
1586224768791759 131919735117504 coll_end 0 0
1586224772486915 131919735117504 emit_beg 1043 0
1586224778164647 131919735117504 emit_end 1043 0
1586224778167567 131919735117504 drain_beg 0 0
1586224778168107 131919735117504 drain_end 1 0
1586224778168657 131919735117504 subm_beg 1 0
1586224781903321 131919735117504 subm_end 1 0
1586224781903781 131919735117504 pump_beg 1 0
1586224791812079 131919735117504 pump_end 1 2
1586224793818546 131919735117504 coll_beg 0 0
1586224797611038 131919735117504 coll_end 0 0
1586224799798628 131919735117504 emit_beg 1044 0
1586224807414900 131919735117504 emit_end 1044 0
1586224807417780 131919735117504 drain_beg 0 0
1586224807418280 131919735117504 drain_end 1 0
1586224807418830 131919735117504 subm_beg 1 0
1586224811091816 131919735117504 subm_end 1 0
1586224811092276 131919735117504 pump_beg 1 0
1586224823757314 131919735117504 pump_end 1 2
1586224825694673 131919735117504 coll_beg 0 0
1586224832504254 131919735117504 coll_end 0 0
1586224834444724 131919735117504 emit_beg 1045 0
1586224838257894 131919735117504 emit_end 1045 0
1586224838260614 131919735117504 drain_beg 0 0
1586224838261064 131919735117504 drain_end 1 0
1586224838261624 131919735117504 subm_beg 1 0
1586224842168412 131919735117504 subm_end 1 0
1586224842168972 131919735117504 pump_beg 1 0
1586224851532010 131919735117504 pump_end 1 2
1586224854973154 131919735117504 coll_beg 0 0
1586224856877085 131919735117504 coll_end 0 0
1586224860337559 131919735117504 emit_beg 1046 0
1586224867456829 131919735117504 emit_end 1046 0
1586224881741458 131919735117504 drain_beg 0 0
1586224881745767 131919735117504 drain_end 1 0
1586224881746917 131919735117504 subm_beg 1 0
1586224885199321 131919735117504 subm_end 1 0
1586224885199891 131919735117504 pump_beg 1 0
1586224897522072 131919735117504 pump_end 1 2
1586224899713932 131919735117504 coll_beg 0 0
1586224905231520 131919735117504 coll_end 0 0
1586224907200849 131919735117504 emit_beg 1047 0
1586224912687688 131919735117504 emit_end 1047 0
1586224912692368 131919735117504 drain_beg 0 0
1586224912693038 131919735117504 drain_end 1 0
1586224912693848 131919735117504 subm_beg 1 0
1586224916240859 131919735117504 subm_end 1 0
1586224916241389 131919735117504 pump_beg 1 0
1586224929044861 131919735117504 pump_end 1 2
1586224931880198 131919735117504 coll_beg 0 0
1586224937802172 131919735117504 coll_end 0 0
1586224939720442 131919735117504 emit_beg 1048 0
1586224945285639 131919735117504 emit_end 1048 0
1586224945289889 131919735117504 drain_beg 0 0
1586224945290579 131919735117504 drain_end 1 0
1586224945291149 131919735117504 subm_beg 1 0
1586224948751402 131919735117504 subm_end 1 0
1586224948751842 131919735117504 pump_beg 1 0
1586224960254772 131919735117504 pump_end 1 2
1586224962621036 131919735117504 coll_beg 0 0
1586224967045185 131919735117504 coll_end 0 0
1586224968897107 131919735117504 emit_beg 1049 0
1586224972599952 131919735117504 emit_end 1049 0
1586224972602402 131919735117504 drain_beg 0 0
1586224972602872 131919735117504 drain_end 1 0
1586224972603122 131919735117504 subm_beg 1 0
1586224976306847 131919735117504 subm_end 1 0
1586224976307257 131919735117504 pump_beg 1 0
1586224987721640 131919735117504 pump_end 1 2
1586224991191993 131919735117504 coll_beg 0 0
1586224997431626 131919735117504 coll_end 0 0
1586224999258119 131919735117504 emit_beg 1050 0
1586225004687471 131919735117504 emit_end 1050 0
1586225004689861 131919735117504 drain_beg 0 0
1586225004690171 131919735117504 drain_end 1 0
1586225004690501 131919735117504 subm_beg 1 0
1586225008188303 131919735117504 subm_end 1 0
1586225008188763 131919735117504 pump_beg 1 0
1586225020278732 131919735117504 pump_end 1 2
1586225022330167 131919735117504 coll_beg 0 0
1586225026541073 131919735117504 coll_end 0 0
1586225028332158 131919735117504 emit_beg 1051 0
1586225033810318 131919735117504 emit_end 1051 0
1586225050650794 131919735117504 drain_beg 0 0
1586225050651394 131919735117504 drain_end 1 0
1586225050651824 131919735117504 subm_beg 1 0
1586225054229013 131919735117504 subm_end 1 0
1586225054229413 131919735117504 pump_beg 1 0
1586225062584888 131919735117504 pump_end 1 2
1586225064616844 131919735117504 coll_beg 0 0
1586225065863548 131919735117504 coll_end 0 0
1586225068281390 131919735117504 emit_beg 1052 0
1586225073670064 131919735117504 emit_end 1052 0
1586225073672643 131919735117504 drain_beg 0 0
1586225073673083 131919735117504 drain_end 1 0
1586225073673533 131919735117504 subm_beg 1 0
1586225077173356 131919735117504 subm_end 1 0
1586225077173726 131919735117504 pump_beg 1 0
1586225086966128 131919735117504 pump_end 1 2
1586225088893208 131919735117504 coll_beg 0 0
1586225092375581 131919735117504 coll_end 0 0
1586225094206674 131919735117504 emit_beg 1053 0
1586225104641073 131919735117504 emit_end 1053 0
1586225104645733 131919735117504 drain_beg 0 0
1586225104646273 131919735117504 drain_end 1 0
1586225104646713 131919735117504 subm_beg 1 0
1586225116686794 131919735117504 subm_end 1 0
1586225116687464 131919735117504 pump_beg 1 0
1586225128351798 131919735117504 pump_end 1 2
1586225136253370 131919735117504 coll_beg 0 0
1586225140085230 131919735117504 coll_end 0 0
1586225147857886 131919735117504 emit_beg 1054 0
1586225172274355 131919735117504 emit_end 1054 0
1586225200492875 131919735117504 drain_beg 0 0
1586225200494435 131919735117504 drain_end 1 0
1586225200494895 131919735117504 subm_beg 1 0
1586225204409962 131919735117504 subm_end 1 0
1586225204410752 131919735117504 pump_beg 1 0
1586225213879957 131919735117504 pump_end 1 2
1586225216555519 131919735117504 coll_beg 0 0
1586225218660152 131919735117504 coll_end 0 0
1586225222228602 131919735117504 emit_beg 1055 0
1586225231923278 131919735117504 emit_end 1055 0
1586225231925878 131919735117504 drain_beg 0 0
1586225231926368 131919735117504 drain_end 1 0
1586225231926678 131919735117504 subm_beg 1 0
1586225237584482 131919735117504 subm_end 1 0
1586225237584892 131919735117504 pump_beg 1 0
1586225248112978 131919735117504 pump_end 1 2
1586225252566265 131919735117504 coll_beg 0 0
1586225256168334 131919735117504 coll_end 0 0
1586225261225219 131919735117504 emit_beg 1056 0
1586225274813143 131919735117504 emit_end 1056 0
1586225274815563 131919735117504 drain_beg 0 0
1586225274815983 131919735117504 drain_end 1 0
1586225274816293 131919735117504 subm_beg 1 0
1586225281611565 131919735117504 subm_end 1 0
1586225281612215 131919735117504 pump_beg 1 0
1586225292279536 131919735117504 pump_end 1 2
1586225297268584 131919735117504 coll_beg 0 0
1586225301787989 131919735117504 coll_end 0 0
1586225304607046 131919735117504 emit_beg 1057 0
1586225314575842 131919735117504 emit_end 1057 0
1586225314578552 131919735117504 drain_beg 0 0
1586225314578942 131919735117504 drain_end 1 0
1586225314579262 131919735117504 subm_beg 1 0
1586225319793962 131919735117504 subm_end 1 0
1586225319794442 131919735117504 pump_beg 1 0
1586225330829219 131919735117504 pump_end 1 2
1586225335422971 131919735117504 coll_beg 0 0
1586225340912551 131919735117504 coll_end 0 0
1586225346696210 131919735117504 emit_beg 1058 0
1586225358170611 131919735117504 emit_end 1058 0
1586225358173391 131919735117504 drain_beg 0 0
1586225358173861 131919735117504 drain_end 1 0
1586225358174121 131919735117504 subm_beg 1 0
1586225363603443 131919735117504 subm_end 1 0
1586225363604093 131919735117504 pump_beg 1 0
1586225376007810 131919735117504 pump_end 1 2
1586225378985242 131919735117504 coll_beg 0 0
1586225385039281 131919735117504 coll_end 0 0
1586225391104299 131919735117504 emit_beg 1059 0
1586225400170538 131919735117504 emit_end 1059 0
1586225400174978 131919735117504 drain_beg 0 0
1586225400175678 131919735117504 drain_end 1 0
1586225400176198 131919735117504 subm_beg 1 0
1586225405887650 131919735117504 subm_end 1 0
1586225405888210 131919735117504 pump_beg 1 0
1586225415225919 131919735117504 pump_end 1 2
1586225419093568 131919735117504 coll_beg 0 0
1586225421289608 131919735117504 coll_end 0 0
1586225424927925 131919735117504 emit_beg 1060 0
1586225436166975 131919735117504 emit_end 1060 0
1586225456877009 131919735117504 drain_beg 0 0
1586225456880589 131919735117504 drain_end 1 0
1586225456881859 131919735117504 subm_beg 1 0
1586225467637886 131919735117504 subm_end 1 0
1586225467639886 131919735117504 pump_beg 1 0
1586225479857381 131919735117504 pump_end 1 2
1586225483242747 131919735117504 coll_beg 0 0
1586225487858289 131919735117504 coll_end 0 0
1586225490907697 131919735117504 emit_beg 1061 0
1586225501528200 131919735117504 emit_end 1061 0
1586225501533110 131919735117504 drain_beg 0 0
1586225501533919 131919735117504 drain_end 1 0
1586225501534649 131919735117504 subm_beg 1 0
1586225507964535 131919735117504 subm_end 1 0
1586225507966145 131919735117504 pump_beg 1 0
1586225519309831 131919735117504 pump_end 1 2
1586225524367376 131919735117504 coll_beg 0 0
1586225528062721 131919735117504 coll_end 0 0
1586225534627872 131919735117504 emit_beg 1062 0
1586225549116463 131919735117504 emit_end 1062 0
1586225549120543 131919735117504 drain_beg 0 0
1586225549121223 131919735117504 drain_end 1 0
1586225549121563 131919735117504 subm_beg 1 0
1586225555709742 131919735117504 subm_end 1 0
1586225555710292 131919735117504 pump_beg 1 0
1586225565273223 131919735117504 pump_end 1 2
1586225569214940 131919735117504 coll_beg 0 0
1586225572361395 131919735117504 coll_end 0 0
1586225575676694 131919735117504 emit_beg 1063 0
1586225588907411 131919735117504 emit_end 1063 0
1586225614239976 131919735117504 drain_beg 0 0
1586225614242396 131919735117504 drain_end 1 0
1586225614243306 131919735117504 subm_beg 1 0
1586225618511421 131919735117504 subm_end 1 0
1586225618513431 131919735117504 pump_beg 1 0
1586225630188354 131919735117504 pump_end 1 2
1586225633800023 131919735117504 coll_beg 0 0
1586225640003226 131919735117504 coll_end 0 0
1586225643706891 131919735117504 emit_beg 1064 0
1586225653646418 131919735117504 emit_end 1064 0
1586225653649238 131919735117504 drain_beg 0 0
1586225653649638 131919735117504 drain_end 1 0
1586225653650278 131919735117504 subm_beg 1 0
1586225660889044 131919735117504 subm_end 1 0
1586225660890314 131919735117504 pump_beg 1 0
1586225673019071 131919735117504 pump_end 1 2
1586225677650442 131919735117504 coll_beg 0 0
1586225681760482 131919735117504 coll_end 0 0
1586225688026854 131919735117504 emit_beg 1065 0
1586225701097367 131919735117504 emit_end 1065 0
1586225701100657 131919735117504 drain_beg 0 0
1586225701101387 131919735117504 drain_end 1 0
1586225701101747 131919735117504 subm_beg 1 0
1586225707149826 131919735117504 subm_end 1 0
1586225707150326 131919735117504 pump_beg 1 0
1586225715374806 131919735117504 pump_end 1 2
1586225718536930 131919735117504 coll_beg 0 0
1586225720180800 131919735117504 coll_end 0 0
1586225722887092 131919735117504 emit_beg 1066 0
1586225733505464 131919735117504 emit_end 1066 0
1586225747691016 131919735117504 drain_beg 0 0
1586225747692476 131919735117504 drain_end 1 0
1586225747693176 131919735117504 subm_beg 1 0
1586225751882963 131919735117504 subm_end 1 0
1586225751883513 131919735117504 pump_beg 1 0
1586225759782565 131919735117504 pump_end 1 2
1586225761925247 131919735117504 coll_beg 0 0
1586225763653234 131919735117504 coll_end 0 0
1586225767444776 131919735117504 emit_beg 1067 0
1586225776880291 131919735117504 emit_end 1067 0
1586225776884651 131919735117504 drain_beg 0 0
1586225776885301 131919735117504 drain_end 1 0
1586225776886131 131919735117504 subm_beg 1 0
1586225784242463 131919735117504 subm_end 1 0
1586225784242933 131919735117504 pump_beg 1 0
1586225796285493 131919735117504 pump_end 1 2
1586225800231029 131919735117504 coll_beg 0 0
1586225804584520 131919735117504 coll_end 0 0
1586225806868337 131919735117504 emit_beg 1068 0
1586225813383059 131919735117504 emit_end 1068 0
1586225813386969 131919735117504 drain_beg 0 0
1586225813387559 131919735117504 drain_end 1 0
1586225813387909 131919735117504 subm_beg 1 0
1586225817631064 131919735117504 subm_end 1 0
1586225817631574 131919735117504 pump_beg 1 0
1586225828280535 131919735117504 pump_end 1 2
1586225831953221 131919735117504 coll_beg 0 0
1586225835128556 131919735117504 coll_end 0 0
1586225838774693 131919735117504 emit_beg 1069 0
1586225848233407 131919735117504 emit_end 1069 0
1586225848235737 131919735117504 drain_beg 0 0
1586225848236217 131919735117504 drain_end 1 0
1586225848236627 131919735117504 subm_beg 1 0
1586225852951725 131919735117504 subm_end 1 0
1586225852952095 131919735117504 pump_beg 1 0
1586225864842921 131919735117504 pump_end 1 2
1586225869143574 131919735117504 coll_beg 0 0
1586225873217416 131919735117504 coll_end 0 0
1586225877287647 131919735117504 emit_beg 1070 0
1586225888877324 131919735117504 emit_end 1070 0
1586225888879694 131919735117504 drain_beg 0 0
1586225888880074 131919735117504 drain_end 1 0
1586225888880424 131919735117504 subm_beg 1 0
1586225895113226 131919735117504 subm_end 1 0
1586225895113786 131919735117504 pump_beg 1 0
1586225906971684 131919735117504 pump_end 1 2
1586225911615454 131919735117504 coll_beg 0 0
1586225915534371 131919735117504 coll_end 0 0
1586225921057970 131919735117504 emit_beg 1071 0
1586225932811301 131919735117504 emit_end 1071 0
1586225932813641 131919735117504 drain_beg 0 0
1586225932814071 131919735117504 drain_end 1 0
1586225932814471 131919735117504 subm_beg 1 0
1586225937519169 131919735117504 subm_end 1 0
1586225937519749 131919735117504 pump_beg 1 0
1586225946106066 131919735117504 pump_end 1 2
1586225950281353 131919735117504 coll_beg 0 0
1586225951673732 131919735117504 coll_end 0 0
1586225956832454 131919735117504 emit_beg 1072 0
1586225968581355 131919735117504 emit_end 1072 0
1586225985472949 131919735117504 drain_beg 0 0
1586225985474679 131919735117504 drain_end 1 0
1586225985475219 131919735117504 subm_beg 1 0
1586225992397086 131919735117504 subm_end 1 0
1586225992400606 131919735117504 pump_beg 1 0
1586226004515544 131919735117504 pump_end 1 2
1586226007060711 131919735117504 coll_beg 0 0
1586226011341365 131919735117504 coll_end 0 0
1586226013734138 131919735117504 emit_beg 1073 0
1586226017711723 131919735117504 emit_end 1073 0
1586226017715232 131919735117504 drain_beg 0 0
1586226017715692 131919735117504 drain_end 1 0
1586226017716042 131919735117504 subm_beg 1 0
1586226021275403 131919735117504 subm_end 1 0
1586226021275823 131919735117504 pump_beg 1 0
1586226030421029 131919735117504 pump_end 1 2
1586226032917218 131919735117504 coll_beg 0 0
1586226034869146 131919735117504 coll_end 0 0
1586226038348819 131919735117504 emit_beg 1074 0
1586226045459710 131919735117504 emit_end 1074 0
1586226058952897 131919735117504 drain_beg 0 0
1586226058953867 131919735117504 drain_end 1 0
1586226058954197 131919735117504 subm_beg 1 0
1586226062532297 131919735117504 subm_end 1 0
1586226062532597 131919735117504 pump_beg 1 0
1586226069360628 131919735117504 pump_end 1 2
1586226071194171 131919735117504 coll_beg 0 0
1586226071211110 131919735117504 coll_end 0 0
1586226073022424 131919735117504 emit_beg 1075 0
1586226078426377 131919735117504 emit_end 1075 0
1586226091580787 131919735117504 drain_beg 0 0
1586226091581477 131919735117504 drain_end 1 0
1586226091581777 131919735117504 subm_beg 1 0
1586226095198065 131919735117504 subm_end 1 0
1586226095198495 131919735117504 pump_beg 1 0
1586226105953432 131919735117504 pump_end 1 2
1586226107791255 131919735117504 coll_beg 0 0
1586226110469578 131919735117504 coll_end 0 0
1586226112286121 131919735117504 emit_beg 1076 0
1586226115912529 131919735117504 emit_end 1076 0
1586226115915419 131919735117504 drain_beg 0 0
1586226115916059 131919735117504 drain_end 1 0
1586226115916779 131919735117504 subm_beg 1 0
1586226119439340 131919735117504 subm_end 1 0
1586226119439720 131919735117504 pump_beg 1 0
1586226131054226 131919735117504 pump_end 1 2
1586226133090262 131919735117504 coll_beg 0 0
1586226137026088 131919735117504 coll_end 0 0
1586226138843812 131919735117504 emit_beg 1077 0
1586226144282884 131919735117504 emit_end 1077 0
1586226161299293 131919735117504 drain_beg 0 0
1586226161300893 131919735117504 drain_end 1 0
1586226161301323 131919735117504 subm_beg 1 0
1586226164885832 131919735117504 subm_end 1 0
1586226164886292 131919735117504 pump_beg 1 0
1586226176238657 131919735117504 pump_end 1 2
1586226178014223 131919735117504 coll_beg 0 0
1586226181810854 131919735117504 coll_end 0 0
1586226183634318 131919735117504 emit_beg 1078 0
1586226189083779 131919735117504 emit_end 1078 0
1586226189086839 131919735117504 drain_beg 0 0
1586226189087529 131919735117504 drain_end 1 0
1586226189087979 131919735117504 subm_beg 1 0
1586226192613560 131919735117504 subm_end 1 0
1586226192613970 131919735117504 pump_beg 1 0
1586226204939120 131919735117504 pump_end 1 2
1586226207809305 131919735117504 coll_beg 0 0
1586226214021909 131919735117504 coll_end 0 0
1586226215919989 131919735117504 emit_beg 1079 0
1586226221359291 131919735117504 emit_end 1079 0
1586226221362191 131919735117504 drain_beg 0 0
1586226221362491 131919735117504 drain_end 1 0
1586226221362771 131919735117504 subm_beg 1 0
1586226224802535 131919735117504 subm_end 1 0
1586226224803075 131919735117504 pump_beg 1 0
1586226236691101 131919735117504 pump_end 1 2
1586226240133226 131919735117504 coll_beg 0 0
1586226246148156 131919735117504 coll_end 0 0
1586226248084026 131919735117504 emit_beg 1080 0
1586226253441050 131919735117504 emit_end 1080 0
1586226270429110 131919735117504 drain_beg 0 0
1586226270430970 131919735117504 drain_end 1 0
1586226270431670 131919735117504 subm_beg 1 0
1586226273992740 131919735117504 subm_end 1 0
1586226273993590 131919735117504 pump_beg 1 0
1586226286777054 131919735117504 pump_end 1 2
1586226288682174 131919735117504 coll_beg 0 0
1586226292844912 131919735117504 coll_end 0 0
1586226294880458 131919735117504 emit_beg 1081 0
1586226298551444 131919735117504 emit_end 1081 0
1586226298554784 131919735117504 drain_beg 0 0
1586226298555314 131919735117504 drain_end 1 0
1586226298555804 131919735117504 subm_beg 1 0
1586226302234539 131919735117504 subm_end 1 0
1586226302235119 131919735117504 pump_beg 1 0
1586226311910756 131919735117504 pump_end 1 2
1586226314740153 131919735117504 coll_beg 0 0
1586226318052722 131919735117504 coll_end 0 0
1586226320375687 131919735117504 emit_beg 1082 0
1586226327924992 131919735117504 emit_end 1082 0
1586226341426309 131919735117504 drain_beg 0 0
1586226341431509 131919735117504 drain_end 1 0
1586226341433029 131919735117504 subm_beg 1 0
1586226345255649 131919735117504 subm_end 1 0
1586226345256159 131919735117504 pump_beg 1 0
1586226357831920 131919735117504 pump_end 1 2
1586226359713052 131919735117504 coll_beg 0 0
1586226365146384 131919735117504 coll_end 0 0
1586226367171970 131919735117504 emit_beg 1083 0
1586226371033589 131919735117504 emit_end 1083 0
1586226371037379 131919735117504 drain_beg 0 0
1586226371037959 131919735117504 drain_end 1 0
1586226371038709 131919735117504 subm_beg 1 0
1586226374832960 131919735117504 subm_end 1 0
1586226374833400 131919735117504 pump_beg 1 0
1586226386018882 131919735117504 pump_end 1 2
1586226388573529 131919735117504 coll_beg 0 0
1586226392744776 131919735117504 coll_end 0 0
1586226396456941 131919735117504 emit_beg 1084 0
1586226406624580 131919735117504 emit_end 1084 0
1586226423513574 131919735117504 drain_beg 0 0
1586226423518303 131919735117504 drain_end 1 0
1586226423519503 131919735117504 subm_beg 1 0
1586226427303615 131919735117504 subm_end 1 0
1586226427306315 131919735117504 pump_beg 1 0
1586226437825731 131919735117504 pump_end 1 2
1586226439804989 131919735117504 coll_beg 0 0
1586226444228418 131919735117504 coll_end 0 0
1586226446361100 131919735117504 emit_beg 1085 0
1586226452016643 131919735117504 emit_end 1085 0
1586226452021213 131919735117504 drain_beg 0 0
1586226452021863 131919735117504 drain_end 1 0
1586226452022423 131919735117504 subm_beg 1 0
1586226455719558 131919735117504 subm_end 1 0
1586226455719998 131919735117504 pump_beg 1 0
1586226467141441 131919735117504 pump_end 1 2
1586226470586186 131919735117504 coll_beg 0 0
1586226474466704 131919735117504 coll_end 0 0
1586226477944727 131919735117504 emit_beg 1086 0
1586226483638219 131919735117504 emit_end 1086 0
1586226483641359 131919735117504 drain_beg 0 0
1586226483642039 131919735117504 drain_end 1 0
1586226483642849 131919735117504 subm_beg 1 0
1586226487371503 131919735117504 subm_end 1 0
1586226487371913 131919735117504 pump_beg 1 0
1586226497702626 131919735117504 pump_end 1 2
1586226500669608 131919735117504 coll_beg 0 0
1586226503737456 131919735117504 coll_end 0 0
1586226506438187 131919735117504 emit_beg 1087 0
1586226512222386 131919735117504 emit_end 1087 0
1586226512227016 131919735117504 drain_beg 0 0
1586226512227776 131919735117504 drain_end 1 0
1586226512228266 131919735117504 subm_beg 1 0
1586226515853664 131919735117504 subm_end 1 0
1586226515854134 131919735117504 pump_beg 1 0
1586226528155185 131919735117504 pump_end 1 2
1586226531707325 131919735117504 coll_beg 0 0
1586226535936351 131919735117504 coll_end 0 0
1586226537809752 131919735117504 emit_beg 1088 0
1586226543623270 131919735117504 emit_end 1088 0
1586226543626490 131919735117504 drain_beg 0 0
1586226543626940 131919735117504 drain_end 1 0
1586226543627300 131919735117504 subm_beg 1 0
1586226547282137 131919735117504 subm_end 1 0
1586226547282647 131919735117504 pump_beg 1 0
1586226554757314 131919735117504 pump_end 1 2
1586226557965227 131919735117504 coll_beg 0 0
1586226558278356 131919735117504 coll_end 0 0
1586226561764938 131919735117504 emit_beg 1089 0
1586226569371481 131919735117504 emit_end 1089 0
1586226581172050 131919735117504 drain_beg 0 0
1586226581172780 131919735117504 drain_end 1 0
1586226581173130 131919735117504 subm_beg 1 0
1586226584894184 131919735117504 subm_end 1 0
1586226584894614 131919735117504 pump_beg 1 0
1586226596264499 131919735117504 pump_end 1 2
1586226598221718 131919735117504 coll_beg 0 0
1586226601964461 131919735117504 coll_end 0 0
1586226603858992 131919735117504 emit_beg 1090 0
1586226609637271 131919735117504 emit_end 1090 0
1586226609640241 131919735117504 drain_beg 0 0
1586226609640881 131919735117504 drain_end 1 0
1586226609641431 131919735117504 subm_beg 1 0
1586226613632686 131919735117504 subm_end 1 0
1586226613636475 131919735117504 pump_beg 1 0
1586226623927370 131919735117504 pump_end 1 2
1586226626034763 131919735117504 coll_beg 0 0
1586226628962066 131919735117504 coll_end 0 0
1586226632107821 131919735117504 emit_beg 1091 0
1586226639677025 131919735117504 emit_end 1091 0
1586226639680585 131919735117504 drain_beg 0 0
1586226639681225 131919735117504 drain_end 1 0
1586226639681545 131919735117504 subm_beg 1 0
1586226643409039 131919735117504 subm_end 1 0
1586226643409449 131919735117504 pump_beg 1 0
1586226654970287 131919735117504 pump_end 1 2
1586226658719760 131919735117504 coll_beg 0 0
1586226662549350 131919735117504 coll_end 0 0
1586226664512519 131919735117504 emit_beg 1092 0
1586226670246250 131919735117504 emit_end 1092 0
1586226670250059 131919735117504 drain_beg 0 0
1586226670250709 131919735117504 drain_end 1 0
1586226670251219 131919735117504 subm_beg 1 0
1586226673902176 131919735117504 subm_end 1 0
1586226673902616 131919735117504 pump_beg 1 0
1586226682996794 131919735117504 pump_end 1 2
1586226685505103 131919735117504 coll_beg 0 0
1586226687597616 131919735117504 coll_end 0 0
1586226689456998 131919735117504 emit_beg 1093 0
1586226696642916 131919735117504 emit_end 1093 0
1586226696645846 131919735117504 drain_beg 0 0
1586226696646406 131919735117504 drain_end 1 0
1586226696646676 131919735117504 subm_beg 1 0
1586226700237645 131919735117504 subm_end 1 0
1586226700238055 131919735117504 pump_beg 1 0
1586226712165210 131919735117504 pump_end 1 2
1586226714204635 131919735117504 coll_beg 0 0
1586226718122702 131919735117504 coll_end 0 0
1586226719921967 131919735117504 emit_beg 1094 0
1586226725450195 131919735117504 emit_end 1094 0
1586226742785042 131919735117504 drain_beg 0 0
1586226742786212 131919735117504 drain_end 1 0
1586226742786602 131919735117504 subm_beg 1 0
1586226746296694 131919735117504 subm_end 1 0
1586226746297314 131919735117504 pump_beg 1 0
1586226756667356 131919735117504 pump_end 1 2
1586226758563297 131919735117504 coll_beg 0 0
1586226761528528 131919735117504 coll_end 0 0
1586226763388180 131919735117504 emit_beg 1095 0
1586226768802423 131919735117504 emit_end 1095 0
1586226768815392 131919735117504 drain_beg 0 0
1586226768816182 131919735117504 drain_end 1 0
1586226768816712 131919735117504 subm_beg 1 0
1586226772294785 131919735117504 subm_end 1 0
1586226772295245 131919735117504 pump_beg 1 0
1586226780570704 131919735117504 pump_end 1 2
1586226782714975 131919735117504 coll_beg 0 0
1586226784082335 131919735117504 coll_end 0 0
1586226786336993 131919735117504 emit_beg 1096 0
1586226793509491 131919735117504 emit_end 1096 0
1586226807407454 131919735117504 drain_beg 0 0
1586226807407984 131919735117504 drain_end 1 0
1586226807408314 131919735117504 subm_beg 1 0
1586226811093640 131919735117504 subm_end 1 0
1586226811094080 131919735117504 pump_beg 1 0
1586226823969490 131919735117504 pump_end 1 2
1586226825918339 131919735117504 coll_beg 0 0
1586226831145998 131919735117504 coll_end 0 0
1586226833012120 131919735117504 emit_beg 1097 0
1586226836754013 131919735117504 emit_end 1097 0
1586226836758123 131919735117504 drain_beg 0 0
1586226836758653 131919735117504 drain_end 1 0
1586226836759183 131919735117504 subm_beg 1 0
1586226840347102 131919735117504 subm_end 1 0
1586226840347432 131919735117504 pump_beg 1 0
1586226847258190 131919735117504 pump_end 1 2
1586226849105122 131919735117504 coll_beg 0 0
1586226849205359 131919735117504 coll_end 0 0
1586226850949545 131919735117504 emit_beg 1098 0
1586226858152972 131919735117504 emit_end 1098 0
1586226874919060 131919735117504 drain_beg 0 0
1586226874921200 131919735117504 drain_end 1 0
1586226874922180 131919735117504 subm_beg 1 0
1586226878538348 131919735117504 subm_end 1 0
1586226878538858 131919735117504 pump_beg 1 0
1586226889316665 131919735117504 pump_end 1 2
1586226891354681 131919735117504 coll_beg 0 0
1586226894739067 131919735117504 coll_end 0 0
1586226896540911 131919735117504 emit_beg 1099 0
1586226902021501 131919735117504 emit_end 1099 0
1586226902024501 131919735117504 drain_beg 0 0
1586226902025031 131919735117504 drain_end 1 0
1586226902025501 131919735117504 subm_beg 1 0
1586226905638849 131919735117504 subm_end 1 0
1586226905639779 131919735117504 pump_beg 1 0
1586226914832254 131919735117504 pump_end 1 2
1586226917378301 131919735117504 coll_beg 0 0
1586226919372318 131919735117504 coll_end 0 0
1586226921121864 131919735117504 emit_beg 1100 0
1586226928416238 131919735117504 emit_end 1100 0
1586226942987856 131919735117504 drain_beg 0 0
1586226942988736 131919735117504 drain_end 1 0
1586226942989036 131919735117504 subm_beg 1 0
1586226946525637 131919735117504 subm_end 1 0
1586226946526097 131919735117504 pump_beg 1 0
1586226957191298 131919735117504 pump_end 1 2
1586226959118478 131919735117504 coll_beg 0 0
1586226961396655 131919735117504 coll_end 0 0
1586226963285766 131919735117504 emit_beg 1101 0
1586226968987858 131919735117504 emit_end 1101 0
1586226968991377 131919735117504 drain_beg 0 0
1586226968992037 131919735117504 drain_end 1 0
1586226968992557 131919735117504 subm_beg 1 0
1586226972922464 131919735117504 subm_end 1 0
1586226972923884 131919735117504 pump_beg 1 0
1586226981053617 131919735117504 pump_end 1 2
1586226983376673 131919735117504 coll_beg 0 0
1586226984601988 131919735117504 coll_end 0 0
1586226987002890 131919735117504 emit_beg 1102 0
1586226994293744 131919735117504 emit_end 1102 0
1586227008464727 131919735117504 drain_beg 0 0
1586227008466787 131919735117504 drain_end 1 0
1586227008467657 131919735117504 subm_beg 1 0
1586227012047716 131919735117504 subm_end 1 0
1586227012048636 131919735117504 pump_beg 1 0
1586227024361257 131919735117504 pump_end 1 2
1586227026205970 131919735117504 coll_beg 0 0
1586227031517736 131919735117504 coll_end 0 0
1586227033419546 131919735117504 emit_beg 1103 0
1586227039020362 131919735117504 emit_end 1103 0
1586227039024412 131919735117504 drain_beg 0 0
1586227039025032 131919735117504 drain_end 1 0
1586227039025602 131919735117504 subm_beg 1 0
1586227042625530 131919735117504 subm_end 1 0
1586227042626210 131919735117504 pump_beg 1 0
1586227052451092 131919735117504 pump_end 1 2
1586227055562228 131919735117504 coll_beg 0 0
1586227057520467 131919735117504 coll_end 0 0
1586227059345090 131919735117504 emit_beg 1104 0
1586227064810841 131919735117504 emit_end 1104 0
1586227079573322 131919735117504 drain_beg 0 0
1586227079574722 131919735117504 drain_end 1 0
1586227079575052 131919735117504 subm_beg 1 0
1586227083274657 131919735117504 subm_end 1 0
1586227083275117 131919735117504 pump_beg 1 0
1586227096810353 131919735117504 pump_end 1 2
1586227098820010 131919735117504 coll_beg 0 0
1586227103303616 131919735117504 coll_end 0 0
1586227105239735 131919735117504 emit_beg 1105 0
1586227111416550 131919735117504 emit_end 1105 0
1586227111423160 131919735117504 drain_beg 0 0
1586227111423970 131919735117504 drain_end 1 0
1586227111424910 131919735117504 subm_beg 1 0
1586227115216521 131919735117504 subm_end 1 0
1586227115217081 131919735117504 pump_beg 1 0
1586227127369318 131919735117504 pump_end 1 2
1586227129854537 131919735117504 coll_beg 0 0
1586227133974007 131919735117504 coll_end 0 0
1586227135912066 131919735117504 emit_beg 1106 0
1586227141809321 131919735117504 emit_end 1106 0
1586227160993241 131919735117504 drain_beg 0 0
1586227160996111 131919735117504 drain_end 1 0
1586227160996811 131919735117504 subm_beg 1 0
1586227164801772 131919735117504 subm_end 1 0
1586227164802312 131919735117504 pump_beg 1 0
1586227178509851 131919735117504 pump_end 1 2
1586227180430651 131919735117504 coll_beg 0 0
1586227185062432 131919735117504 coll_end 0 0
1586227187085758 131919735117504 emit_beg 1107 0
1586227192965044 131919735117504 emit_end 1107 0
1586227192968284 131919735117504 drain_beg 0 0
1586227192968914 131919735117504 drain_end 1 0
1586227192969334 131919735117504 subm_beg 1 0
1586227196822663 131919735117504 subm_end 1 0
1586227196824973 131919735117504 pump_beg 1 0
1586227207807982 131919735117504 pump_end 1 2
1586227209850758 131919735117504 coll_beg 0 0
1586227214048015 131919735117504 coll_end 0 0
1586227217785018 131919735117504 emit_beg 1108 0
1586227223565377 131919735117504 emit_end 1108 0
1586227223569027 131919735117504 drain_beg 0 0
1586227223569537 131919735117504 drain_end 1 0
1586227223569847 131919735117504 subm_beg 1 0
1586227227332740 131919735117504 subm_end 1 0
1586227227333140 131919735117504 pump_beg 1 0
1586227239037753 131919735117504 pump_end 1 2
1586227242130620 131919735117504 coll_beg 0 0
1586227247527463 131919735117504 coll_end 0 0
1586227249695694 131919735117504 emit_beg 1109 0
1586227255740803 131919735117504 emit_end 1109 0
1586227255760462 131919735117504 drain_beg 0 0
1586227255761632 131919735117504 drain_end 1 0
1586227255762422 131919735117504 subm_beg 1 0
1586227259283464 131919735117504 subm_end 1 0
1586227259283994 131919735117504 pump_beg 1 0
1586227271525897 131919735117504 pump_end 1 2
1586227274074414 131919735117504 coll_beg 0 0
1586227279391580 131919735117504 coll_end 0 0
1586227281497293 131919735117504 emit_beg 1110 0
1586227287240874 131919735117504 emit_end 1110 0
1586227306133184 131919735117504 drain_beg 0 0
1586227306135604 131919735117504 drain_end 1 0
1586227306136384 131919735117504 subm_beg 1 0
1586227309850758 131919735117504 subm_end 1 0
1586227309851488 131919735117504 pump_beg 1 0
1586227317339595 131919735117504 pump_end 1 2
1586227319317333 131919735117504 coll_beg 0 0
1586227319431709 131919735117504 coll_end 0 0
1586227321324370 131919735117504 emit_beg 1111 0
1586227326928175 131919735117504 emit_end 1111 0
1586227326931135 131919735117504 drain_beg 0 0
1586227326931695 131919735117504 drain_end 1 0
1586227326932245 131919735117504 subm_beg 1 0
1586227330728347 131919735117504 subm_end 1 0
1586227330728687 131919735117504 pump_beg 1 0
1586227339575044 131919735117504 pump_end 1 2
1586227341963317 131919735117504 coll_beg 0 0
1586227343606047 131919735117504 coll_end 0 0
1586227345694790 131919735117504 emit_beg 1112 0
1586227351333905 131919735117504 emit_end 1112 0
1586227366532850 131919735117504 drain_beg 0 0
1586227366533390 131919735117504 drain_end 1 0
1586227366533780 131919735117504 subm_beg 1 0
1586227370293143 131919735117504 subm_end 1 0
1586227370293623 131919735117504 pump_beg 1 0
1586227381806913 131919735117504 pump_end 1 2
1586227383738462 131919735117504 coll_beg 0 0
1586227388606794 131919735117504 coll_end 0 0
1586227390548473 131919735117504 emit_beg 1113 0
1586227396181148 131919735117504 emit_end 1113 0
1586227396183698 131919735117504 drain_beg 0 0
1586227396184148 131919735117504 drain_end 1 0
1586227396184628 131919735117504 subm_beg 1 0
1586227399880023 131919735117504 subm_end 1 0
1586227399880403 131919735117504 pump_beg 1 0
1586227408495679 131919735117504 pump_end 1 2
1586227411300806 131919735117504 coll_beg 0 0
1586227412927947 131919735117504 coll_end 0 0
1586227415064229 131919735117504 emit_beg 1114 0
1586227422526987 131919735117504 emit_end 1114 0
1586227437576387 131919735117504 drain_beg 0 0
1586227437577037 131919735117504 drain_end 1 0
1586227437577387 131919735117504 subm_beg 1 0
1586227441347780 131919735117504 subm_end 1 0
1586227441348220 131919735117504 pump_beg 1 0
1586227453255755 131919735117504 pump_end 1 2
1586227456384551 131919735117504 coll_beg 0 0
1586227460364936 131919735117504 coll_end 0 0
1586227462264366 131919735117504 emit_beg 1115 0
1586227467988037 131919735117504 emit_end 1115 0
1586227467990947 131919735117504 drain_beg 0 0
1586227467991397 131919735117504 drain_end 1 0
1586227467991947 131919735117504 subm_beg 1 0
1586227471767500 131919735117504 subm_end 1 0
1586227471767890 131919735117504 pump_beg 1 0
1586227478980396 131919735117504 pump_end 1 2
1586227482049524 131919735117504 coll_beg 0 0
1586227482434640 131919735117504 coll_end 0 0
1586227485971151 131919735117504 emit_beg 1116 0
1586227493497527 131919735117504 emit_end 1116 0
1586227505425641 131919735117504 drain_beg 0 0
1586227505426701 131919735117504 drain_end 1 0
1586227505427181 131919735117504 subm_beg 1 0
1586227509284761 131919735117504 subm_end 1 0
1586227509286070 131919735117504 pump_beg 1 0
1586227520186553 131919735117504 pump_end 1 2
1586227522096003 131919735117504 coll_beg 0 0
1586227525081744 131919735117504 coll_end 0 0
1586227526936946 131919735117504 emit_beg 1117 0
1586227532576781 131919735117504 emit_end 1117 0
1586227532579950 131919735117504 drain_beg 0 0
1586227532580550 131919735117504 drain_end 1 0
1586227532580890 131919735117504 subm_beg 1 0
1586227536152570 131919735117504 subm_end 1 0
1586227536153390 131919735117504 pump_beg 1 0
1586227545550467 131919735117504 pump_end 1 2
1586227548687733 131919735117504 coll_beg 0 0
1586227551524359 131919735117504 coll_end 0 0
1586227553522596 131919735117504 emit_beg 1118 0
1586227559041685 131919735117504 emit_end 1118 0
1586227573692720 131919735117504 drain_beg 0 0
1586227573693790 131919735117504 drain_end 1 0
1586227573694160 131919735117504 subm_beg 1 0
1586227577261190 131919735117504 subm_end 1 0
1586227577261640 131919735117504 pump_beg 1 0
1586227587363741 131919735117504 pump_end 1 2
1586227589177925 131919735117504 coll_beg 0 0
1586227591885496 131919735117504 coll_end 0 0
1586227593759438 131919735117504 emit_beg 1119 0
1586227599202939 131919735117504 emit_end 1119 0
1586227599206169 131919735117504 drain_beg 0 0
1586227599206659 131919735117504 drain_end 1 0
1586227599207189 131919735117504 subm_beg 1 0
1586227602752050 131919735117504 subm_end 1 0
1586227602752440 131919735117504 pump_beg 1 0
1586227614735222 131919735117504 pump_end 1 2
1586227617463313 131919735117504 coll_beg 0 0
1586227621717727 131919735117504 coll_end 0 0
1586227623565320 131919735117504 emit_beg 1120 0
1586227629054900 131919735117504 emit_end 1120 0
1586227629057899 131919735117504 drain_beg 0 0
1586227629058319 131919735117504 drain_end 1 0
1586227629058609 131919735117504 subm_beg 1 0
1586227632560062 131919735117504 subm_end 1 0
1586227632560802 131919735117504 pump_beg 1 0
1586227640547250 131919735117504 pump_end 1 2
1586227644134879 131919735117504 coll_beg 0 0
1586227645055606 131919735117504 coll_end 0 0
1586227647708199 131919735117504 emit_beg 1121 0
1586227654868738 131919735117504 emit_end 1121 0
1586227654871328 131919735117504 drain_beg 0 0
1586227654871888 131919735117504 drain_end 1 0
1586227654872177 131919735117504 subm_beg 1 0
1586227658523824 131919735117504 subm_end 1 0
1586227658524544 131919735117504 pump_beg 1 0
1586227670523966 131919735117504 pump_end 1 2
1586227673008746 131919735117504 coll_beg 0 0
1586227677043558 131919735117504 coll_end 0 0
1586227678871732 131919735117504 emit_beg 1122 0
1586227684348882 131919735117504 emit_end 1122 0
1586227684352522 131919735117504 drain_beg 0 0
1586227684353002 131919735117504 drain_end 1 0
1586227684353312 131919735117504 subm_beg 1 0
1586227687847664 131919735117504 subm_end 1 0
1586227687848064 131919735117504 pump_beg 1 0
1586227698209636 131919735117504 pump_end 1 2
1586227701520725 131919735117504 coll_beg 0 0
1586227704176478 131919735117504 coll_end 0 0
1586227707453019 131919735117504 emit_beg 1123 0
1586227714955595 131919735117504 emit_end 1123 0
1586227714958795 131919735117504 drain_beg 0 0
1586227714959245 131919735117504 drain_end 1 0
1586227714959465 131919735117504 subm_beg 1 0
1586227718563943 131919735117504 subm_end 1 0
1586227718564273 131919735117504 pump_beg 1 0
1586227730637083 131919735117504 pump_end 1 2
1586227733412971 131919735117504 coll_beg 0 0
1586227736122582 131919735117504 coll_end 0 0
1586227737966755 131919735117504 emit_beg 1124 0
1586227743476134 131919735117504 emit_end 1124 0
1586227743480214 131919735117504 drain_beg 0 0
1586227743480784 131919735117504 drain_end 1 0
1586227743481104 131919735117504 subm_beg 1 0
1586227747100302 131919735117504 subm_end 1 0
1586227747101882 131919735117504 pump_beg 1 0
1586227756629504 131919735117504 pump_end 1 2
1586227759326596 131919735117504 coll_beg 0 0
1586227760264381 131919735117504 coll_end 0 0
1586227762920545 131919735117504 emit_beg 1125 0
1586227769995876 131919735117504 emit_end 1125 0
1586227769998756 131919735117504 drain_beg 0 0
1586227769999676 131919735117504 drain_end 1 0
1586227770000046 131919735117504 subm_beg 1 0
1586227773505888 131919735117504 subm_end 1 0
1586227773506158 131919735117504 pump_beg 1 0
1586227786066440 131919735117504 pump_end 1 2
1586227788038138 131919735117504 coll_beg 0 0
1586227792597722 131919735117504 coll_end 0 0
1586227794369687 131919735117504 emit_beg 1126 0
1586227799761720 131919735117504 emit_end 1126 0
1586227799764100 131919735117504 drain_beg 0 0
1586227799764680 131919735117504 drain_end 1 0
1586227799765200 131919735117504 subm_beg 1 0
1586227803304421 131919735117504 subm_end 1 0
1586227803304721 131919735117504 pump_beg 1 0
1586227816267028 131919735117504 pump_end 1 2
1586227819713372 131919735117504 coll_beg 0 0
1586227823406077 131919735117504 coll_end 0 0
1586227825268369 131919735117504 emit_beg 1127 0
1586227830713840 131919735117504 emit_end 1127 0
1586227830717250 131919735117504 drain_beg 0 0
1586227830717640 131919735117504 drain_end 1 0
1586227830717930 131919735117504 subm_beg 1 0
1586227834200553 131919735117504 subm_end 1 0
1586227834200853 131919735117504 pump_beg 1 0
1586227845505531 131919735117504 pump_end 1 2
1586227848417065 131919735117504 coll_beg 0 0
1586227850916463 131919735117504 coll_end 0 0
1586227852702268 131919735117504 emit_beg 1128 0
1586227858029784 131919735117504 emit_end 1128 0
1586227858032144 131919735117504 drain_beg 0 0
1586227858032544 131919735117504 drain_end 1 0
1586227858032784 131919735117504 subm_beg 1 0
1586227861562455 131919735117504 subm_end 1 0
1586227861562945 131919735117504 pump_beg 1 0
1586227874359278 131919735117504 pump_end 1 2
1586227876262248 131919735117504 coll_beg 0 0
1586227881732359 131919735117504 coll_end 0 0
1586227883727416 131919735117504 emit_beg 1129 0
1586227887615134 131919735117504 emit_end 1129 0
1586227889493695 131919735117504 drain_beg 0 0
1586227889499095 131919735117504 drain_end 1 0
1586227889500175 131919735117504 subm_beg 1 0
1586227893317506 131919735117504 subm_end 1 0
1586227893320586 131919735117504 pump_beg 1 0
1586227903661818 131919735117504 pump_end 1 2
1586227907221259 131919735117504 coll_beg 0 0
1586227909202736 131919735117504 coll_end 0 0
1586227912858653 131919735117504 emit_beg 1130 0
1586227920615100 131919735117504 emit_end 1130 0
1586227936012008 131919735117504 drain_beg 0 0
1586227936013928 131919735117504 drain_end 1 0
1586227936014408 131919735117504 subm_beg 1 0
1586227939747132 131919735117504 subm_end 1 0
1586227939747681 131919735117504 pump_beg 1 0
1586227948455444 131919735117504 pump_end 1 2
1586227950481670 131919735117504 coll_beg 0 0
1586227952161928 131919735117504 coll_end 0 0
1586227954065679 131919735117504 emit_beg 1131 0
1586227959828209 131919735117504 emit_end 1131 0
1586227959832439 131919735117504 drain_beg 0 0
1586227959833078 131919735117504 drain_end 1 0
1586227959833728 131919735117504 subm_beg 1 0
1586227963556913 131919735117504 subm_end 1 0
1586227963557293 131919735117504 pump_beg 1 0
1586227974984746 131919735117504 pump_end 1 2
1586227977852071 131919735117504 coll_beg 0 0
1586227980726346 131919735117504 coll_end 0 0
1586227982621967 131919735117504 emit_beg 1132 0
1586227988313739 131919735117504 emit_end 1132 0
1586228004607175 131919735117504 drain_beg 0 0
1586228004608125 131919735117504 drain_end 1 0
1586228004608645 131919735117504 subm_beg 1 0
1586228008294530 131919735117504 subm_end 1 0
1586228008295090 131919735117504 pump_beg 1 0
1586228017136007 131919735117504 pump_end 1 2
1586228019144324 131919735117504 coll_beg 0 0
1586228020771975 131919735117504 coll_end 0 0
1586228022654816 131919735117504 emit_beg 1133 0
1586228028315819 131919735117504 emit_end 1133 0
1586228028318629 131919735117504 drain_beg 0 0
1586228028319219 131919735117504 drain_end 1 0
1586228028319759 131919735117504 subm_beg 1 0
1586228032050143 131919735117504 subm_end 1 0
1586228032050613 131919735117504 pump_beg 1 0
1586228044995691 131919735117504 pump_end 1 2
1586228046841383 131919735117504 coll_beg 0 0
1586228051894269 131919735117504 coll_end 0 0
1586228053887066 131919735117504 emit_beg 1134 0
1586228057755555 131919735117504 emit_end 1134 0
1586228079371456 131919735117504 drain_beg 0 0
1586228079376756 131919735117504 drain_end 1 0
1586228079377906 131919735117504 subm_beg 1 0
1586228083227955 131919735117504 subm_end 1 0
1586228083230545 131919735117504 pump_beg 1 0
1586228093010549 131919735117504 pump_end 1 2
1586228094996716 131919735117504 coll_beg 0 0
1586228097615111 131919735117504 coll_end 0 0
1586228099476083 131919735117504 emit_beg 1135 0
1586228105186824 131919735117504 emit_end 1135 0
1586228105190234 131919735117504 drain_beg 0 0
1586228105190674 131919735117504 drain_end 1 0
1586228105191044 131919735117504 subm_beg 1 0
1586228108897999 131919735117504 subm_end 1 0
1586228108898539 131919735117504 pump_beg 1 0
1586228117698948 131919735117504 pump_end 1 2
1586228121226279 131919735117504 coll_beg 0 0
1586228122415105 131919735117504 coll_end 0 0
1586228124992331 131919735117504 emit_beg 1136 0
1586228132502137 131919735117504 emit_end 1136 0
1586228132507607 131919735117504 drain_beg 0 0
1586228132508267 131919735117504 drain_end 1 0
1586228132508927 131919735117504 subm_beg 1 0
1586228136270440 131919735117504 subm_end 1 0
1586228136270900 131919735117504 pump_beg 1 0
1586228147806899 131919735117504 pump_end 1 2
1586228150913355 131919735117504 coll_beg 0 0
1586228155300145 131919735117504 coll_end 0 0
1586228157347491 131919735117504 emit_beg 1137 0
1586228161304716 131919735117504 emit_end 1137 0
1586228161308806 131919735117504 drain_beg 0 0
1586228161309496 131919735117504 drain_end 1 0
1586228161310066 131919735117504 subm_beg 1 0
1586228165146496 131919735117504 subm_end 1 0
1586228165146896 131919735117504 pump_beg 1 0
1586228175170210 131919735117504 pump_end 1 2
1586228178413652 131919735117504 coll_beg 0 0
1586228180637311 131919735117504 coll_end 0 0
1586228184127163 131919735117504 emit_beg 1138 0
1586228191829422 131919735117504 emit_end 1138 0
1586228207949234 131919735117504 drain_beg 0 0
1586228207950034 131919735117504 drain_end 1 0
1586228207950294 131919735117504 subm_beg 1 0
1586228211814763 131919735117504 subm_end 1 0
1586228211815133 131919735117504 pump_beg 1 0
1586228222744914 131919735117504 pump_end 1 2
1586228224862937 131919735117504 coll_beg 0 0
1586228228990596 131919735117504 coll_end 0 0
1586228230978754 131919735117504 emit_beg 1139 0
1586228236876928 131919735117504 emit_end 1139 0
1586228236879698 131919735117504 drain_beg 0 0
1586228236880168 131919735117504 drain_end 1 0
1586228236880608 131919735117504 subm_beg 1 0
1586228240712348 131919735117504 subm_end 1 0
1586228240712798 131919735117504 pump_beg 1 0
1586228249335814 131919735117504 pump_end 1 2
1586228252267237 131919735117504 coll_beg 0 0
1586228253926986 131919735117504 coll_end 0 0
1586228256075538 131919735117504 emit_beg 1140 0
1586228261972173 131919735117504 emit_end 1140 0
1586228261974433 131919735117504 drain_beg 0 0
1586228261974892 131919735117504 drain_end 1 0
1586228261975252 131919735117504 subm_beg 1 0
1586228265834882 131919735117504 subm_end 1 0
1586228265835242 131919735117504 pump_beg 1 0
1586228276181254 131919735117504 pump_end 1 2
1586228279504953 131919735117504 coll_beg 0 0
1586228282510623 131919735117504 coll_end 0 0
1586228285055050 131919735117504 emit_beg 1141 0
1586228292338854 131919735117504 emit_end 1141 0
1586228292341054 131919735117504 drain_beg 0 0
1586228292341644 131919735117504 drain_end 1 0
1586228292341864 131919735117504 subm_beg 1 0
1586228295958022 131919735117504 subm_end 1 0
1586228295958412 131919735117504 pump_beg 1 0
1586228304407114 131919735117504 pump_end 1 2
1586228306554076 131919735117504 coll_beg 0 0
1586228308069700 131919735117504 coll_end 0 0
1586228310306749 131919735117504 emit_beg 1142 0
1586228317429099 131919735117504 emit_end 1142 0
1586228330085497 131919735117504 drain_beg 0 0
1586228330086707 131919735117504 drain_end 1 0
1586228330087217 131919735117504 subm_beg 1 0
1586228333685135 131919735117504 subm_end 1 0
1586228333685565 131919735117504 pump_beg 1 0
1586228342896229 131919735117504 pump_end 1 2
1586228346506968 131919735117504 coll_beg 0 0
1586228348870331 131919735117504 coll_end 0 0
1586228350764402 131919735117504 emit_beg 1143 0
1586228356250012 131919735117504 emit_end 1143 0
1586228356252512 131919735117504 drain_beg 0 0
1586228356252942 131919735117504 drain_end 1 0
1586228356253372 131919735117504 subm_beg 1 0
1586228359939647 131919735117504 subm_end 1 0
1586228359940437 131919735117504 pump_beg 1 0
1586228372741730 131919735117504 pump_end 1 2
1586228374532295 131919735117504 coll_beg 0 0
1586228379223344 131919735117504 coll_end 0 0
1586228381043357 131919735117504 emit_beg 1144 0
1586228386413261 131919735117504 emit_end 1144 0
1586228386421521 131919735117504 drain_beg 0 0
1586228386422131 131919735117504 drain_end 1 0
1586228386422511 131919735117504 subm_beg 1 0
1586228390032589 131919735117504 subm_end 1 0
1586228390033429 131919735117504 pump_beg 1 0
1586228401560009 131919735117504 pump_end 1 2
1586228404068847 131919735117504 coll_beg 0 0
1586228408864772 131919735117504 coll_end 0 0
1586228410717704 131919735117504 emit_beg 1145 0
1586228416212944 131919735117504 emit_end 1145 0
1586228416216544 131919735117504 drain_beg 0 0
1586228416217004 131919735117504 drain_end 1 0
1586228416217364 131919735117504 subm_beg 1 0
1586228419751515 131919735117504 subm_end 1 0
1586228419752045 131919735117504 pump_beg 1 0
1586228433017631 131919735117504 pump_end 1 2
1586228435158812 131919735117504 coll_beg 0 0
1586228439429947 131919735117504 coll_end 0 0
1586228442931829 131919735117504 emit_beg 1146 0
1586228446689022 131919735117504 emit_end 1146 0
1586228446692241 131919735117504 drain_beg 0 0
1586228446692911 131919735117504 drain_end 1 0
1586228446693391 131919735117504 subm_beg 1 0
1586228450406596 131919735117504 subm_end 1 0
1586228450407016 131919735117504 pump_beg 1 0
1586228459898960 131919735117504 pump_end 1 2
1586228462055141 131919735117504 coll_beg 0 0
1586228465258994 131919735117504 coll_end 0 0
1586228467521371 131919735117504 emit_beg 1147 0
1586228475194551 131919735117504 emit_end 1147 0
1586228488649120 131919735117504 drain_beg 0 0
1586228488650260 131919735117504 drain_end 1 0
1586228488650830 131919735117504 subm_beg 1 0
1586228492321516 131919735117504 subm_end 1 0
1586228492321986 131919735117504 pump_beg 1 0
1586228502461826 131919735117504 pump_end 1 2
1586228504320489 131919735117504 coll_beg 0 0
1586228507143516 131919735117504 coll_end 0 0
1586228509004818 131919735117504 emit_beg 1148 0
1586228514390761 131919735117504 emit_end 1148 0
1586228514394081 131919735117504 drain_beg 0 0
1586228514394761 131919735117504 drain_end 1 0
1586228514395311 131919735117504 subm_beg 1 0
1586228518009549 131919735117504 subm_end 1 0
1586228518013659 131919735117504 pump_beg 1 0
1586228528058572 131919735117504 pump_end 1 2
1586228530008041 131919735117504 coll_beg 0 0
1586228533333760 131919735117504 coll_end 0 0
1586228535592727 131919735117504 emit_beg 1149 0
1586228541054488 131919735117504 emit_end 1149 0
1586228541058658 131919735117504 drain_beg 0 0
1586228541059178 131919735117504 drain_end 1 0
1586228541059548 131919735117504 subm_beg 1 0
1586228544579979 131919735117504 subm_end 1 0
1586228544580509 131919735117504 pump_beg 1 0
1586228556511714 131919735117504 pump_end 1 2
1586228559589472 131919735117504 coll_beg 0 0
1586228563614965 131919735117504 coll_end 0 0
1586228565529685 131919735117504 emit_beg 1150 0
1586228571036824 131919735117504 emit_end 1150 0
1586228587891449 131919735117504 drain_beg 0 0
1586228587892099 131919735117504 drain_end 1 0
1586228587892499 131919735117504 subm_beg 1 0
1586228591593664 131919735117504 subm_end 1 0
1586228591594074 131919735117504 pump_beg 1 0
1586228601547700 131919735117504 pump_end 1 2
1586228603366754 131919735117504 coll_beg 0 0
1586228605974309 131919735117504 coll_end 0 0
1586228607863390 131919735117504 emit_beg 1151 0
1586228613420517 131919735117504 emit_end 1151 0
1586228613423587 131919735117504 drain_beg 0 0
1586228613424077 131919735117504 drain_end 1 0
1586228613424547 131919735117504 subm_beg 1 0
1586228617004026 131919735117504 subm_end 1 0
1586228617004536 131919735117504 pump_beg 1 0
1586228628701269 131919735117504 pump_end 1 2
1586228631456269 131919735117504 coll_beg 0 0
1586228636411278 131919735117504 coll_end 0 0
1586228638293389 131919735117504 emit_beg 1152 0
1586228643940023 131919735117504 emit_end 1152 0
1586228643944223 131919735117504 drain_beg 0 0
1586228643944843 131919735117504 drain_end 1 0
1586228643945413 131919735117504 subm_beg 1 0
1586228647721125 131919735117504 subm_end 1 0
1586228647721675 131919735117504 pump_beg 1 0
1586228657846636 131919735117504 pump_end 1 2
1586228661246852 131919735117504 coll_beg 0 0
1586228664136426 131919735117504 coll_end 0 0
1586228666113034 131919735117504 emit_beg 1153 0
1586228674031805 131919735117504 emit_end 1153 0
1586228674036005 131919735117504 drain_beg 0 0
1586228674036725 131919735117504 drain_end 1 0
1586228674037455 131919735117504 subm_beg 1 0
1586228677827727 131919735117504 subm_end 1 0
1586228677828457 131919735117504 pump_beg 1 0
1586228686339056 131919735117504 pump_end 1 2
1586228688720079 131919735117504 coll_beg 0 0
1586228690462246 131919735117504 coll_end 0 0
1586228692623627 131919735117504 emit_beg 1154 0
1586228700387943 131919735117504 emit_end 1154 0
1586228715651976 131919735117504 drain_beg 0 0
1586228715657536 131919735117504 drain_end 1 0
1586228715658776 131919735117504 subm_beg 1 0
1586228719582183 131919735117504 subm_end 1 0
1586228719585303 131919735117504 pump_beg 1 0
1586228728021665 131919735117504 pump_end 1 2
1586228730039881 131919735117504 coll_beg 0 0
1586228731779798 131919735117504 coll_end 0 0
1586228733799104 131919735117504 emit_beg 1155 0
1586228737660393 131919735117504 emit_end 1155 0
1586228737665383 131919735117504 drain_beg 0 0
1586228737666123 131919735117504 drain_end 1 0
1586228737666773 131919735117504 subm_beg 1 0
1586228741563001 131919735117504 subm_end 1 0
1586228741563471 131919735117504 pump_beg 1 0
1586228751157081 131919735117504 pump_end 1 2
1586228754521258 131919735117504 coll_beg 0 0
1586228756802145 131919735117504 coll_end 0 0
1586228760559758 131919735117504 emit_beg 1156 0
1586228766425763 131919735117504 emit_end 1156 0
1586228782329483 131919735117504 drain_beg 0 0
1586228782330683 131919735117504 drain_end 1 0
1586228782331213 131919735117504 subm_beg 1 0
1586228786201332 131919735117504 subm_end 1 0
1586228786201762 131919735117504 pump_beg 1 0
1586228794307176 131919735117504 pump_end 1 2
1586228796310883 131919735117504 coll_beg 0 0
1586228797416202 131919735117504 coll_end 0 0
1586228799323893 131919735117504 emit_beg 1157 0
1586228805348513 131919735117504 emit_end 1157 0
1586228820505750 131919735117504 drain_beg 0 0
1586228820506690 131919735117504 drain_end 1 0
1586228820507240 131919735117504 subm_beg 1 0
1586228824343940 131919735117504 subm_end 1 0
1586228824344490 131919735117504 pump_beg 1 0
1586228831192080 131919735117504 pump_end 1 2
1586228835057299 131919735117504 coll_beg 0 0
1586228835266121 131919735117504 coll_end 0 0
1586228837198471 131919735117504 emit_beg 1158 0
1586228842980580 131919735117504 emit_end 1158 0
1586228842983980 131919735117504 drain_beg 0 0
1586228842984650 131919735117504 drain_end 1 0
1586228842985330 131919735117504 subm_beg 1 0
1586228846779801 131919735117504 subm_end 1 0
1586228846780341 131919735117504 pump_beg 1 0
1586228858086779 131919735117504 pump_end 1 2
1586228860908146 131919735117504 coll_beg 0 0
1586228866595758 131919735117504 coll_end 0 0
1586228868672772 131919735117504 emit_beg 1159 0
1586228874545268 131919735117504 emit_end 1159 0
1586228874549368 131919735117504 drain_beg 0 0
1586228874549978 131919735117504 drain_end 1 0
1586228874550558 131919735117504 subm_beg 1 0
1586228878321380 131919735117504 subm_end 1 0
1586228878321850 131919735117504 pump_beg 1 0
1586228890161258 131919735117504 pump_end 1 2
1586228893728098 131919735117504 coll_beg 0 0
1586228899242827 131919735117504 coll_end 0 0
1586228901193055 131919735117504 emit_beg 1160 0
1586228905120792 131919735117504 emit_end 1160 0
1586228905123142 131919735117504 drain_beg 0 0
1586228905123582 131919735117504 drain_end 1 0
1586228905124032 131919735117504 subm_beg 1 0
1586228909174624 131919735117504 subm_end 1 0
1586228909175224 131919735117504 pump_beg 1 0
1586228918513423 131919735117504 pump_end 1 2
1586228920712133 131919735117504 coll_beg 0 0
1586228922013426 131919735117504 coll_end 0 0
1586228924494915 131919735117504 emit_beg 1161 0
1586228932373288 131919735117504 emit_end 1161 0
1586228947670579 131919735117504 drain_beg 0 0
1586228947671869 131919735117504 drain_end 1 0
1586228947672589 131919735117504 subm_beg 1 0
1586228951623695 131919735117504 subm_end 1 0
1586228951624275 131919735117504 pump_beg 1 0
1586228965112293 131919735117504 pump_end 1 2
1586228967105280 131919735117504 coll_beg 0 0
1586228971879516 131919735117504 coll_end 0 0
1586228974058736 131919735117504 emit_beg 1162 0
1586228979934172 131919735117504 emit_end 1162 0
1586228979938092 131919735117504 drain_beg 0 0
1586228979938712 131919735117504 drain_end 1 0
1586228979939162 131919735117504 subm_beg 1 0
1586228983632287 131919735117504 subm_end 1 0
1586228983632777 131919735117504 pump_beg 1 0
1586228994463942 131919735117504 pump_end 1 2
1586228997907606 131919735117504 coll_beg 0 0
1586229000438584 131919735117504 coll_end 0 0
1586229003876868 131919735117504 emit_beg 1163 0
1586229009732165 131919735117504 emit_end 1163 0
1586229009735444 131919735117504 drain_beg 0 0
1586229009736004 131919735117504 drain_end 1 0
1586229009736404 131919735117504 subm_beg 1 0
1586229013537236 131919735117504 subm_end 1 0
1586229013537606 131919735117504 pump_beg 1 0
1586229024866132 131919735117504 pump_end 1 2
1586229028500690 131919735117504 coll_beg 0 0
1586229031492290 131919735117504 coll_end 0 0
1586229033456759 131919735117504 emit_beg 1164 0
1586229039225648 131919735117504 emit_end 1164 0
1586229039228378 131919735117504 drain_beg 0 0
1586229039228768 131919735117504 drain_end 1 0
1586229039229028 131919735117504 subm_beg 1 0
1586229043022510 131919735117504 subm_end 1 0
1586229043022890 131919735117504 pump_beg 1 0
1586229055440966 131919735117504 pump_end 1 2
1586229058074260 131919735117504 coll_beg 0 0
1586229062304916 131919735117504 coll_end 0 0
1586229064196647 131919735117504 emit_beg 1165 0
1586229069712666 131919735117504 emit_end 1165 0
1586229069715425 131919735117504 drain_beg 0 0
1586229069715775 131919735117504 drain_end 1 0
1586229069716085 131919735117504 subm_beg 1 0
1586229073179179 131919735117504 subm_end 1 0
1586229073179659 131919735117504 pump_beg 1 0
1586229080924496 131919735117504 pump_end 1 2
1586229082942713 131919735117504 coll_beg 0 0
1586229083735954 131919735117504 coll_end 0 0
1586229086622029 131919735117504 emit_beg 1166 0
1586229093802426 131919735117504 emit_end 1166 0
1586229105727181 131919735117504 drain_beg 0 0
1586229105727781 131919735117504 drain_end 1 0
1586229105728041 131919735117504 subm_beg 1 0
1586229109364449 131919735117504 subm_end 1 0
1586229109364839 131919735117504 pump_beg 1 0
1586229120431435 131919735117504 pump_end 1 2
1586229122337465 131919735117504 coll_beg 0 0
1586229125431432 131919735117504 coll_end 0 0
1586229127325033 131919735117504 emit_beg 1167 0
1586229132769224 131919735117504 emit_end 1167 0
1586229132771904 131919735117504 drain_beg 0 0
1586229132772394 131919735117504 drain_end 1 0
1586229132772994 131919735117504 subm_beg 1 0
1586229136343424 131919735117504 subm_end 1 0
1586229136343904 131919735117504 pump_beg 1 0
1586229146236153 131919735117504 pump_end 1 2
1586229148667224 131919735117504 coll_beg 0 0
1586229151195952 131919735117504 coll_end 0 0
1586229154192953 131919735117504 emit_beg 1168 0
1586229159605445 131919735117504 emit_end 1168 0
1586229159607905 131919735117504 drain_beg 0 0
1586229159608265 131919735117504 drain_end 1 0
1586229159608515 131919735117504 subm_beg 1 0
1586229163121347 131919735117504 subm_end 1 0
1586229163121817 131919735117504 pump_beg 1 0
1586229176030706 131919735117504 pump_end 1 2
1586229178281234 131919735117504 coll_beg 0 0
1586229181931060 131919735117504 coll_end 0 0
1586229183726085 131919735117504 emit_beg 1169 0
1586229189290442 131919735117504 emit_end 1169 0
1586229189292602 131919735117504 drain_beg 0 0
1586229189292862 131919735117504 drain_end 1 0
1586229189293122 131919735117504 subm_beg 1 0
1586229192939499 131919735117504 subm_end 1 0
1586229192939889 131919735117504 pump_beg 1 0
1586229205090215 131919735117504 pump_end 1 2
1586229207863014 131919735117504 coll_beg 0 0
1586229212962858 131919735117504 coll_end 0 0
1586229214801001 131919735117504 emit_beg 1170 0
1586229220380927 131919735117504 emit_end 1170 0
1586229237607949 131919735117504 drain_beg 0 0
1586229237608629 131919735117504 drain_end 1 0
1586229237608929 131919735117504 subm_beg 1 0
1586229241344612 131919735117504 subm_end 1 0
1586229241344992 131919735117504 pump_beg 1 0
1586229251517601 131919735117504 pump_end 1 2
1586229253356974 131919735117504 coll_beg 0 0
1586229256317086 131919735117504 coll_end 0 0
1586229258297164 131919735117504 emit_beg 1171 0
1586229263863830 131919735117504 emit_end 1171 0
1586229263867960 131919735117504 drain_beg 0 0
1586229263868550 131919735117504 drain_end 1 0
1586229263869130 131919735117504 subm_beg 1 0
1586229267495578 131919735117504 subm_end 1 0
1586229267496028 131919735117504 pump_beg 1 0
1586229279630265 131919735117504 pump_end 1 2
1586229281681450 131919735117504 coll_beg 0 0
1586229285402784 131919735117504 coll_end 0 0
1586229287272176 131919735117504 emit_beg 1172 0
1586229311441604 131919735117504 emit_end 1172 0
1586229311451934 131919735117504 drain_beg 0 0
1586229311453294 131919735117504 drain_end 1 0
1586229311454254 131919735117504 subm_beg 1 0
1586229322930365 131919735117504 subm_end 1 0
1586229322931765 131919735117504 pump_beg 1 0
1586229332119550 131919735117504 pump_end 1 2
1586229342606697 131919735117504 coll_beg 0 0
1586229345194092 131919735117504 coll_end 0 0
1586229353804738 131919735117504 emit_beg 1173 0
1586229378816496 131919735117504 emit_end 1173 0
1586229399648155 131919735117504 drain_beg 0 0
1586229399650425 131919735117504 drain_end 1 0
1586229399650945 131919735117504 subm_beg 1 0
1586229407926103 131919735117504 subm_end 1 0
1586229407930103 131919735117504 pump_beg 1 0
1586229421204879 131919735117504 pump_end 1 2
1586229424618134 131919735117504 coll_beg 0 0
1586229427639934 131919735117504 coll_end 0 0
1586229430155432 131919735117504 emit_beg 1174 0
1586229440344950 131919735117504 emit_end 1174 0
1586229440350240 131919735117504 drain_beg 0 0
1586229440350930 131919735117504 drain_end 1 0
1586229440351440 131919735117504 subm_beg 1 0
1586229447605135 131919735117504 subm_end 1 0
1586229447605615 131919735117504 pump_beg 1 0
1586229455296104 131919735117504 pump_end 1 2
1586229460447136 131919735117504 coll_beg 0 0
1586229461134071 131919735117504 coll_end 0 0
1586229466883462 131919735117504 emit_beg 1175 0
1586229479679945 131919735117504 emit_end 1175 0
1586229501812647 131919735117504 drain_beg 0 0
1586229501816687 131919735117504 drain_end 1 0
1586229501817857 131919735117504 subm_beg 1 0
1586229508274411 131919735117504 subm_end 1 0
1586229508275441 131919735117504 pump_beg 1 0
1586229521188320 131919735117504 pump_end 1 2
1586229523993398 131919735117504 coll_beg 0 0
1586229529152599 131919735117504 coll_end 0 0
1586229532242886 131919735117504 emit_beg 1176 0
1586229540576982 131919735117504 emit_end 1176 0
1586229540581872 131919735117504 drain_beg 0 0
1586229540582562 131919735117504 drain_end 1 0
1586229540583432 131919735117504 subm_beg 1 0
1586229547283988 131919735117504 subm_end 1 0
1586229547285538 131919735117504 pump_beg 1 0
1586229556045578 131919735117504 pump_end 1 2
1586229561631064 131919735117504 coll_beg 0 0
1586229562700865 131919735117504 coll_end 0 0
1586229569191178 131919735117504 emit_beg 1177 0
1586229584067775 131919735117504 emit_end 1177 0
1586229605098108 131919735117504 drain_beg 0 0
1586229605099248 131919735117504 drain_end 1 0
1586229605099508 131919735117504 subm_beg 1 0
1586229609473838 131919735117504 subm_end 1 0
1586229609474188 131919735117504 pump_beg 1 0
1586229618655033 131919735117504 pump_end 1 2
1586229622415896 131919735117504 coll_beg 0 0
1586229624094274 131919735117504 coll_end 0 0
1586229627733942 131919735117504 emit_beg 1178 0
1586229637820454 131919735117504 emit_end 1178 0
1586229637826253 131919735117504 drain_beg 0 0
1586229637826933 131919735117504 drain_end 1 0
1586229637827533 131919735117504 subm_beg 1 0
1586229643057842 131919735117504 subm_end 1 0
1586229643058462 131919735117504 pump_beg 1 0
1586229652009226 131919735117504 pump_end 1 2
1586229659433925 131919735117504 coll_beg 0 0
1586229661005288 131919735117504 coll_end 0 0
1586229666162019 131919735117504 emit_beg 1179 0
1586229676342618 131919735117504 emit_end 1179 0
1586229701294817 131919735117504 drain_beg 0 0
1586229701297007 131919735117504 drain_end 1 0
1586229701297587 131919735117504 subm_beg 1 0
1586229708766405 131919735117504 subm_end 1 0
1586229708767095 131919735117504 pump_beg 1 0
1586229721231140 131919735117504 pump_end 1 2
1586229724820859 131919735117504 coll_beg 0 0
1586229729183729 131919735117504 coll_end 0 0
1586229732321715 131919735117504 emit_beg 1180 0
1586229743805486 131919735117504 emit_end 1180 0
1586229743811766 131919735117504 drain_beg 0 0
1586229743812816 131919735117504 drain_end 1 0
1586229743813476 131919735117504 subm_beg 1 0
1586229751748796 131919735117504 subm_end 1 0
1586229751750256 131919735117504 pump_beg 1 0
1586229763560525 131919735117504 pump_end 1 2
1586229766758658 131919735117504 coll_beg 0 0
1586229771299752 131919735117504 coll_end 0 0
1586229776096017 131919735117504 emit_beg 1181 0
1586229792691092 131919735117504 emit_end 1181 0
1586229792695432 131919735117504 drain_beg 0 0
1586229792696072 131919735117504 drain_end 1 0
1586229792696442 131919735117504 subm_beg 1 0
1586229799128077 131919735117504 subm_end 1 0
1586229799128627 131919735117504 pump_beg 1 0
1586229808327991 131919735117504 pump_end 1 2
1586229814395990 131919735117504 coll_beg 0 0
1586229815906625 131919735117504 coll_end 0 0
1586229820616833 131919735117504 emit_beg 1182 0
1586229828504505 131919735117504 emit_end 1182 0
1586229844258010 131919735117504 drain_beg 0 0
1586229844262390 131919735117504 drain_end 1 0
1586229844263400 131919735117504 subm_beg 1 0
1586229850214823 131919735117504 subm_end 1 0
1586229850216793 131919735117504 pump_beg 1 0
1586229858870867 131919735117504 pump_end 1 2
1586229860970470 131919735117504 coll_beg 0 0
1586229862810463 131919735117504 coll_end 0 0
1586229864829899 131919735117504 emit_beg 1183 0
1586229870695175 131919735117504 emit_end 1183 0
1586229870699055 131919735117504 drain_beg 0 0
1586229870699555 131919735117504 drain_end 1 0
1586229870699945 131919735117504 subm_beg 1 0
1586229874511186 131919735117504 subm_end 1 0
1586229874511676 131919735117504 pump_beg 1 0
1586229884551090 131919735117504 pump_end 1 2
1586229886714891 131919735117504 coll_beg 0 0
1586229889169041 131919735117504 coll_end 0 0
1586229891098281 131919735117504 emit_beg 1184 0
1586229897090232 131919735117504 emit_end 1184 0
1586229913280631 131919735117504 drain_beg 0 0
1586229913281371 131919735117504 drain_end 1 0
1586229913281771 131919735117504 subm_beg 1 0
1586229917168229 131919735117504 subm_end 1 0
1586229917168549 131919735117504 pump_beg 1 0
1586229927746413 131919735117504 pump_end 1 2
1586229929850857 131919735117504 coll_beg 0 0
1586229932958903 131919735117504 coll_end 0 0
1586229935035157 131919735117504 emit_beg 1185 0
1586229940924202 131919735117504 emit_end 1185 0
1586229940926762 131919735117504 drain_beg 0 0
1586229940927232 131919735117504 drain_end 1 0
1586229940927742 131919735117504 subm_beg 1 0
1586229944690135 131919735117504 subm_end 1 0
1586229944690495 131919735117504 pump_beg 1 0
1586229957205588 131919735117504 pump_end 1 2
1586229960165240 131919735117504 coll_beg 0 0
1586229963947892 131919735117504 coll_end 0 0
1586229965921300 131919735117504 emit_beg 1186 0
1586229969852187 131919735117504 emit_end 1186 0
1586229969854757 131919735117504 drain_beg 0 0
1586229969855177 131919735117504 drain_end 1 0
1586229969855597 131919735117504 subm_beg 1 0
1586229973803343 131919735117504 subm_end 1 0
1586229973803893 131919735117504 pump_beg 1 0
1586229984399236 131919735117504 pump_end 1 2
1586229986997231 131919735117504 coll_beg 0 0
1586229990030120 131919735117504 coll_end 0 0
1586229992888796 131919735117504 emit_beg 1187 0
1586230000623174 131919735117504 emit_end 1187 0
1586230016696257 131919735117504 drain_beg 0 0
1586230016697017 131919735117504 drain_end 1 0
1586230016697527 131919735117504 subm_beg 1 0
1586230018589058 131919735117504 subm_end 1 0
1586230018589408 131919735117504 pump_beg 1 0
1586230030103098 131919735117504 pump_end 1 2
1586230032149283 131919735117504 coll_beg 0 0
1586230035186553 131919735117504 coll_end 0 0
1586230037104362 131919735117504 emit_beg 1188 0
1586230042814794 131919735117504 emit_end 1188 0
1586230042818164 131919735117504 drain_beg 0 0
1586230042818794 131919735117504 drain_end 1 0
1586230042819204 131919735117504 subm_beg 1 0
1586230046546028 131919735117504 subm_end 1 0
1586230046546488 131919735117504 pump_beg 1 0
1586230058368917 131919735117504 pump_end 1 2
1586230061570960 131919735117504 coll_beg 0 0
1586230064160235 131919735117504 coll_end 0 0
1586230065968549 131919735117504 emit_beg 1189 0
1586230071449859 131919735117504 emit_end 1189 0
1586230087460705 131919735117504 drain_beg 0 0
1586230087463935 131919735117504 drain_end 1 0
1586230087465015 131919735117504 subm_beg 1 0
1586230091128401 131919735117504 subm_end 1 0
1586230091130631 131919735117504 pump_beg 1 0
1586230101502242 131919735117504 pump_end 1 2
1586230103335376 131919735117504 coll_beg 0 0
1586230105382491 131919735117504 coll_end 0 0
1586230107176025 131919735117504 emit_beg 1190 0
1586230112657785 131919735117504 emit_end 1190 0
1586230112661825 131919735117504 drain_beg 0 0
1586230112662645 131919735117504 drain_end 1 0
1586230112663275 131919735117504 subm_beg 1 0
1586230116084360 131919735117504 subm_end 1 0
1586230116084980 131919735117504 pump_beg 1 0
1586230128339573 131919735117504 pump_end 1 2
1586230130187976 131919735117504 coll_beg 0 0
1586230132972024 131919735117504 coll_end 0 0
1586230134744349 131919735117504 emit_beg 1191 0
1586230140229369 131919735117504 emit_end 1191 0
1586230156620481 131919735117504 drain_beg 0 0
1586230156623101 131919735117504 drain_end 1 0
1586230156624291 131919735117504 subm_beg 1 0
1586230160242189 131919735117504 subm_end 1 0
1586230160243139 131919735117504 pump_beg 1 0
1586230170906430 131919735117504 pump_end 1 2
1586230172941945 131919735117504 coll_beg 0 0
1586230175003030 131919735117504 coll_end 0 0
1586230176899411 131919735117504 emit_beg 1192 0
1586230182292264 131919735117504 emit_end 1192 0
1586230182294714 131919735117504 drain_beg 0 0
1586230182295124 131919735117504 drain_end 1 0
1586230182295454 131919735117504 subm_beg 1 0
1586230185848454 131919735117504 subm_end 1 0
1586230185848854 131919735117504 pump_beg 1 0
1586230198290570 131919735117504 pump_end 1 2
1586230200149402 131919735117504 coll_beg 0 0
1586230202808915 131919735117504 coll_end 0 0
1586230204597090 131919735117504 emit_beg 1193 0
1586230210033612 131919735117504 emit_end 1193 0
1586230210035662 131919735117504 drain_beg 0 0
1586230210036052 131919735117504 drain_end 1 0
1586230210036352 131919735117504 subm_beg 1 0
1586230213592702 131919735117504 subm_end 1 0
1586230213593532 131919735117504 pump_beg 1 0
1586230223585647 131919735117504 pump_end 1 2
1586230226172993 131919735117504 coll_beg 0 0
1586230228151791 131919735117504 coll_end 0 0
1586230231837386 131919735117504 emit_beg 1194 0
1586230237249519 131919735117504 emit_end 1194 0
1586230237252109 131919735117504 drain_beg 0 0
1586230237252669 131919735117504 drain_end 1 0
1586230237253239 131919735117504 subm_beg 1 0
1586230240874146 131919735117504 subm_end 1 0
1586230240874436 131919735117504 pump_beg 1 0
1586230253022283 131919735117504 pump_end 1 2
1586230255138926 131919735117504 coll_beg 0 0
1586230258018601 131919735117504 coll_end 0 0
1586230259821275 131919735117504 emit_beg 1195 0
1586230265210368 131919735117504 emit_end 1195 0
1586230265213308 131919735117504 drain_beg 0 0
1586230265213628 131919735117504 drain_end 1 0
1586230265214258 131919735117504 subm_beg 1 0
1586230268871215 131919735117504 subm_end 1 0
1586230268872205 131919735117504 pump_beg 1 0
1586230281871570 131919735117504 pump_end 1 2
1586230283663085 131919735117504 coll_beg 0 0
1586230287000963 131919735117504 coll_end 0 0
1586230290316082 131919735117504 emit_beg 1196 0
1586230295734324 131919735117504 emit_end 1196 0
1586230295737674 131919735117504 drain_beg 0 0
1586230295738364 131919735117504 drain_end 1 0
1586230295738654 131919735117504 subm_beg 1 0
1586230299338433 131919735117504 subm_end 1 0
1586230299339033 131919735117504 pump_beg 1 0
1586230312388077 131919735117504 pump_end 1 2
1586230314998851 131919735117504 coll_beg 0 0
1586230317674394 131919735117504 coll_end 0 0
1586230320459612 131919735117504 emit_beg 1197 0
1586230325931062 131919735117504 emit_end 1197 0
1586230325934102 131919735117504 drain_beg 0 0
1586230325934562 131919735117504 drain_end 1 0
1586230325934772 131919735117504 subm_beg 1 0
1586230329466633 131919735117504 subm_end 1 0
1586230329467123 131919735117504 pump_beg 1 0
1586230341306451 131919735117504 pump_end 1 2
1586230343699264 131919735117504 coll_beg 0 0
1586230345649253 131919735117504 coll_end 0 0
1586230347513695 131919735117504 emit_beg 1198 0
1586230352936547 131919735117504 emit_end 1198 0
1586230352940297 131919735117504 drain_beg 0 0
1586230352940847 131919735117504 drain_end 1 0
1586230352941447 131919735117504 subm_beg 1 0
1586230356506627 131919735117504 subm_end 1 0
1586230356507057 131919735117504 pump_beg 1 0
1586230367888761 131919735117504 pump_end 1 2
1586230370850643 131919735117504 coll_beg 0 0
1586230373571974 131919735117504 coll_end 0 0
1586230375580730 131919735117504 emit_beg 1199 0
1586230381234384 131919735117504 emit_end 1199 0
1586230381240174 131919735117504 drain_beg 0 0
1586230381240964 131919735117504 drain_end 1 0
1586230381241654 131919735117504 subm_beg 1 0
1586230384709477 131919735117504 subm_end 1 0
1586230384710277 131919735117504 pump_beg 1 0
1586230397629116 131919735117504 pump_end 1 2
1586230399536666 131919735117504 coll_beg 0 0
1586230403330008 131919735117504 coll_end 0 0
1586230406103037 131919735117504 emit_beg 1200 0
1586230411536458 131919735117504 emit_end 1200 0
1586230411540518 131919735117504 drain_beg 0 0
1586230411541118 131919735117504 drain_end 1 0
1586230411541848 131919735117504 subm_beg 1 0
1586230414993302 131919735117504 subm_end 1 0
1586230414993722 131919735117504 pump_beg 1 0
1586230423253391 131919735117504 pump_end 1 2
1586230425932543 131919735117504 coll_beg 0 0
1586230426702215 131919735117504 coll_end 0 0
1586230429789092 131919735117504 emit_beg 1201 0
1586230437431763 131919735117504 emit_end 1201 0
1586230452680377 131919735117504 drain_beg 0 0
1586230452683927 131919735117504 drain_end 1 0
1586230452684947 131919735117504 subm_beg 1 0
1586230456492348 131919735117504 subm_end 1 0
1586230456492778 131919735117504 pump_beg 1 0
1586230468847977 131919735117504 pump_end 1 2
1586230470814995 131919735117504 coll_beg 0 0
1586230473881463 131919735117504 coll_end 0 0
1586230475857301 131919735117504 emit_beg 1202 0
1586230481655260 131919735117504 emit_end 1202 0
1586230481658209 131919735117504 drain_beg 0 0
1586230481658589 131919735117504 drain_end 1 0
1586230481659079 131919735117504 subm_beg 1 0
1586230485408972 131919735117504 subm_end 1 0
1586230485409922 131919735117504 pump_beg 1 0
1586230496971681 131919735117504 pump_end 1 2
1586230500805641 131919735117504 coll_beg 0 0
1586230503942246 131919735117504 coll_end 0 0
1586230505968512 131919735117504 emit_beg 1203 0
1586230509927768 131919735117504 emit_end 1203 0
1586230509932988 131919735117504 drain_beg 0 0
1586230509933658 131919735117504 drain_end 1 0
1586230509934218 131919735117504 subm_beg 1 0
1586230513743969 131919735117504 subm_end 1 0
1586230513744359 131919735117504 pump_beg 1 0
1586230522876635 131919735117504 pump_end 1 2
1586230526679916 131919735117504 coll_beg 0 0
1586230528145093 131919735117504 coll_end 0 0
1586230530543115 131919735117504 emit_beg 1204 0
1586230538282973 131919735117504 emit_end 1204 0
1586230552147687 131919735117504 drain_beg 0 0
1586230552152067 131919735117504 drain_end 1 0
1586230552153067 131919735117504 subm_beg 1 0
1586230557961085 131919735117504 subm_end 1 0
1586230557963435 131919735117504 pump_beg 1 0
1586230565627245 131919735117504 pump_end 1 2
1586230567786396 131919735117504 coll_beg 0 0
1586230569216344 131919735117504 coll_end 0 0
1586230571791200 131919735117504 emit_beg 1205 0
1586230577656426 131919735117504 emit_end 1205 0
1586230577659486 131919735117504 drain_beg 0 0
1586230577660056 131919735117504 drain_end 1 0
1586230577660666 131919735117504 subm_beg 1 0
1586230581482336 131919735117504 subm_end 1 0
1586230581482736 131919735117504 pump_beg 1 0
1586230592853852 131919735117504 pump_end 1 2
1586230595817603 131919735117504 coll_beg 0 0
1586230599220189 131919735117504 coll_end 0 0
1586230601398220 131919735117504 emit_beg 1206 0
1586230609382888 131919735117504 emit_end 1206 0
1586230609386438 131919735117504 drain_beg 0 0
1586230609386918 131919735117504 drain_end 1 0
1586230609387168 131919735117504 subm_beg 1 0
1586230613251607 131919735117504 subm_end 1 0
1586230613252037 131919735117504 pump_beg 1 0
1586230625728052 131919735117504 pump_end 1 2
1586230628465692 131919735117504 coll_beg 0 0
1586230631879337 131919735117504 coll_end 0 0
1586230634053258 131919735117504 emit_beg 1207 0
1586230640033810 131919735117504 emit_end 1207 0
1586230640036980 131919735117504 drain_beg 0 0
1586230640037440 131919735117504 drain_end 1 0
1586230640037970 131919735117504 subm_beg 1 0
1586230644039114 131919735117504 subm_end 1 0
1586230644041024 131919735117504 pump_beg 1 0
1586230655842183 131919735117504 pump_end 1 2
1586230657926167 131919735117504 coll_beg 0 0
1586230661283434 131919735117504 coll_end 0 0
1586230665231240 131919735117504 emit_beg 1208 0
1586230671281089 131919735117504 emit_end 1208 0
1586230671284089 131919735117504 drain_beg 0 0
1586230671284499 131919735117504 drain_end 1 0
1586230671284999 131919735117504 subm_beg 1 0
1586230675192027 131919735117504 subm_end 1 0
1586230675192497 131919735117504 pump_beg 1 0
1586230688376836 131919735117504 pump_end 1 2
1586230691468843 131919735117504 coll_beg 0 0
1586230695413209 131919735117504 coll_end 0 0
1586230697424475 131919735117504 emit_beg 1209 0
1586230703371968 131919735117504 emit_end 1209 0
1586230703375228 131919735117504 drain_beg 0 0
1586230703375698 131919735117504 drain_end 1 0
1586230703376158 131919735117504 subm_beg 1 0
1586230707190099 131919735117504 subm_end 1 0
1586230707190489 131919735117504 pump_beg 1 0
1586230718069932 131919735117504 pump_end 1 2
1586230721803656 131919735117504 coll_beg 0 0
1586230724317964 131919735117504 coll_end 0 0
1586230727670392 131919735117504 emit_beg 1210 0
1586230733671103 131919735117504 emit_end 1210 0
1586230733673423 131919735117504 drain_beg 0 0
1586230733673833 131919735117504 drain_end 1 0
1586230733674013 131919735117504 subm_beg 1 0
1586230737468464 131919735117504 subm_end 1 0
1586230737468944 131919735117504 pump_beg 1 0
1586230748349327 131919735117504 pump_end 1 2
1586230750722340 131919735117504 coll_beg 0 0
1586230753146322 131919735117504 coll_end 0 0
1586230756583786 131919735117504 emit_beg 1211 0
1586230762478541 131919735117504 emit_end 1211 0
1586230762481061 131919735117504 drain_beg 0 0
1586230762481481 131919735117504 drain_end 1 0
1586230762481791 131919735117504 subm_beg 1 0
1586230766301172 131919735117504 subm_end 1 0
1586230766301542 131919735117504 pump_beg 1 0
1586230776501260 131919735117504 pump_end 1 2
1586230779688943 131919735117504 coll_beg 0 0
1586230781745428 131919735117504 coll_end 0 0
1586230785527030 131919735117504 emit_beg 1212 0
1586230791476603 131919735117504 emit_end 1212 0
1586230791479603 131919735117504 drain_beg 0 0
1586230791480163 131919735117504 drain_end 1 0
1586230791480463 131919735117504 subm_beg 1 0
1586230795414149 131919735117504 subm_end 1 0
1586230795414569 131919735117504 pump_beg 1 0
1586230807049655 131919735117504 pump_end 1 2
1586230811055469 131919735117504 coll_beg 0 0
1586230814000201 131919735117504 coll_end 0 0
1586230816139153 131919735117504 emit_beg 1213 0
1586230823691957 131919735117504 emit_end 1213 0
1586230823695767 131919735117504 drain_beg 0 0
1586230823696247 131919735117504 drain_end 1 0
1586230823696527 131919735117504 subm_beg 1 0
1586230827285796 131919735117504 subm_end 1 0
1586230827286286 131919735117504 pump_beg 1 0
1586230837897259 131919735117504 pump_end 1 2
1586230840751295 131919735117504 coll_beg 0 0
1586230842908896 131919735117504 coll_end 0 0
1586230846301302 131919735117504 emit_beg 1214 0
1586230851913278 131919735117504 emit_end 1214 0
1586230851926907 131919735117504 drain_beg 0 0
1586230851927577 131919735117504 drain_end 1 0
1586230851927757 131919735117504 subm_beg 1 0
1586230855443449 131919735117504 subm_end 1 0
1586230855443879 131919735117504 pump_beg 1 0
1586230867879705 131919735117504 pump_end 1 2
1586230869947699 131919735117504 coll_beg 0 0
1586230872989838 131919735117504 coll_end 0 0
1586230874840721 131919735117504 emit_beg 1215 0
1586230880465726 131919735117504 emit_end 1215 0
1586230880467596 131919735117504 drain_beg 0 0
1586230880467816 131919735117504 drain_end 1 0
1586230880468006 131919735117504 subm_beg 1 0
1586230884205939 131919735117504 subm_end 1 0
1586230884206209 131919735117504 pump_beg 1 0
1586230895300274 131919735117504 pump_end 1 2
1586230898984590 131919735117504 coll_beg 0 0
1586230902668755 131919735117504 coll_end 0 0
1586230904602975 131919735117504 emit_beg 1216 0
1586230910740761 131919735117504 emit_end 1216 0
1586230910745311 131919735117504 drain_beg 0 0
1586230910745971 131919735117504 drain_end 1 0
1586230910746661 131919735117504 subm_beg 1 0
1586230914357689 131919735117504 subm_end 1 0
1586230914358709 131919735117504 pump_beg 1 0
1586230925884868 131919735117504 pump_end 1 2
1586230928639908 131919735117504 coll_beg 0 0
1586230933112044 131919735117504 coll_end 0 0
1586230935602084 131919735117504 emit_beg 1217 0
1586230941314575 131919735117504 emit_end 1217 0
1586230941318775 131919735117504 drain_beg 0 0
1586230941319415 131919735117504 drain_end 1 0
1586230941319985 131919735117504 subm_beg 1 0
1586230944908924 131919735117504 subm_end 1 0
1586230944909794 131919735117504 pump_beg 1 0
1586230953773940 131919735117504 pump_end 1 2
1586230955671561 131919735117504 coll_beg 0 0
1586230957962468 131919735117504 coll_end 0 0
1586230961474509 131919735117504 emit_beg 1218 0
1586230968886489 131919735117504 emit_end 1218 0
1586230968890249 131919735117504 drain_beg 0 0
1586230968890789 131919735117504 drain_end 1 0
1586230968891129 131919735117504 subm_beg 1 0
1586230972602333 131919735117504 subm_end 1 0
1586230972603323 131919735117504 pump_beg 1 0
1586230979507961 131919735117504 pump_end 1 2
1586230982627517 131919735117504 coll_beg 0 0
1586230982788512 131919735117504 coll_end 0 0
1586230986379021 131919735117504 emit_beg 1219 0
1586230993750542 131919735117504 emit_end 1219 0
1586230993755331 131919735117504 drain_beg 0 0
1586230993756171 131919735117504 drain_end 1 0
1586230993756941 131919735117504 subm_beg 1 0
1586230997358540 131919735117504 subm_end 1 0
1586230997359040 131919735117504 pump_beg 1 0
1586231008974006 131919735117504 pump_end 1 2
1586231012642602 131919735117504 coll_beg 0 0
1586231016460093 131919735117504 coll_end 0 0
1586231018368193 131919735117504 emit_beg 1220 0
1586231023862713 131919735117504 emit_end 1220 0
1586231023866943 131919735117504 drain_beg 0 0
1586231023867503 131919735117504 drain_end 1 0
1586231023868163 131919735117504 subm_beg 1 0
1586231027450582 131919735117504 subm_end 1 0
1586231027451412 131919735117504 pump_beg 1 0
1586231035569116 131919735117504 pump_end 1 2
1586231037945119 131919735117504 coll_beg 0 0
1586231039617478 131919735117504 coll_end 0 0
1586231041623664 131919735117504 emit_beg 1221 0
1586231049202458 131919735117504 emit_end 1221 0
1586231049206388 131919735117504 drain_beg 0 0
1586231049207188 131919735117504 drain_end 1 0
1586231049207678 131919735117504 subm_beg 1 0
1586231052874024 131919735117504 subm_end 1 0
1586231052876014 131919735117504 pump_beg 1 0
1586231063785886 131919735117504 pump_end 1 2
1586231066614913 131919735117504 coll_beg 0 0
1586231070366496 131919735117504 coll_end 0 0
1586231072209578 131919735117504 emit_beg 1222 0
1586231077919740 131919735117504 emit_end 1222 0
1586231077924650 131919735117504 drain_beg 0 0
1586231077925420 131919735117504 drain_end 1 0
1586231077926170 131919735117504 subm_beg 1 0
1586231081503329 131919735117504 subm_end 1 0
1586231081504059 131919735117504 pump_beg 1 0
1586231093189423 131919735117504 pump_end 1 2
1586231095898184 131919735117504 coll_beg 0 0
1586231100751687 131919735117504 coll_end 0 0
1586231102683516 131919735117504 emit_beg 1223 0
1586231108359869 131919735117504 emit_end 1223 0
1586231108364779 131919735117504 drain_beg 0 0
1586231108365519 131919735117504 drain_end 1 0
1586231108366189 131919735117504 subm_beg 1 0
1586231111969107 131919735117504 subm_end 1 0
1586231111970097 131919735117504 pump_beg 1 0
1586231122974786 131919735117504 pump_end 1 2
1586231126694080 131919735117504 coll_beg 0 0
1586231131219375 131919735117504 coll_end 0 0
1586231133116186 131919735117504 emit_beg 1224 0
1586231138766509 131919735117504 emit_end 1224 0
1586231154750306 131919735117504 drain_beg 0 0
1586231154751916 131919735117504 drain_end 1 0
1586231154752466 131919735117504 subm_beg 1 0
1586231158520399 131919735117504 subm_end 1 0
1586231158521419 131919735117504 pump_beg 1 0
1586231169757329 131919735117504 pump_end 1 2
1586231171928959 131919735117504 coll_beg 0 0
1586231177676689 131919735117504 coll_end 0 0
1586231179886119 131919735117504 emit_beg 1225 0
1586231185946548 131919735117504 emit_end 1225 0
1586231185951557 131919735117504 drain_beg 0 0
1586231185952487 131919735117504 drain_end 1 0
1586231185953117 131919735117504 subm_beg 1 0
1586231189686771 131919735117504 subm_end 1 0
1586231189687601 131919735117504 pump_beg 1 0
1586231200795226 131919735117504 pump_end 1 2
1586231202986456 131919735117504 coll_beg 0 0
1586231206534656 131919735117504 coll_end 0 0
1586231208472166 131919735117504 emit_beg 1226 0
1586231216309130 131919735117504 emit_end 1226 0
1586231216312630 131919735117504 drain_beg 0 0
1586231216313190 131919735117504 drain_end 1 0
1586231216313700 131919735117504 subm_beg 1 0
1586231220189108 131919735117504 subm_end 1 0
1586231220189588 131919735117504 pump_beg 1 0
1586231227231931 131919735117504 pump_end 1 2
1586231229474999 131919735117504 coll_beg 0 0
1586231229539217 131919735117504 coll_end 0 0
1586231233289260 131919735117504 emit_beg 1227 0
1586231240975219 131919735117504 emit_end 1227 0
1586231253083188 131919735117504 drain_beg 0 0
1586231253088478 131919735117504 drain_end 1 0
1586231253089858 131919735117504 subm_beg 1 0
1586231259208254 131919735117504 subm_end 1 0
1586231259211114 131919735117504 pump_beg 1 0
1586231272319506 131919735117504 pump_end 1 2
1586231274480927 131919735117504 coll_beg 0 0
1586231278776500 131919735117504 coll_end 0 0
1586231281034588 131919735117504 emit_beg 1228 0
1586231287058728 131919735117504 emit_end 1228 0
1586231287062568 131919735117504 drain_beg 0 0
1586231287063108 131919735117504 drain_end 1 0
1586231287063748 131919735117504 subm_beg 1 0
1586231290991434 131919735117504 subm_end 1 0
1586231290992324 131919735117504 pump_beg 1 0
1586231302573562 131919735117504 pump_end 1 2
1586231306240058 131919735117504 coll_beg 0 0
1586231310316279 131919735117504 coll_end 0 0
1586231312462131 131919735117504 emit_beg 1229 0
1586231318477601 131919735117504 emit_end 1229 0
1586231336541512 131919735117504 drain_beg 0 0
1586231336543162 131919735117504 drain_end 1 0
1586231336543912 131919735117504 subm_beg 1 0
1586231340439620 131919735117504 subm_end 1 0
1586231340440170 131919735117504 pump_beg 1 0
1586231351332252 131919735117504 pump_end 1 2
1586231353453945 131919735117504 coll_beg 0 0
1586231356711826 131919735117504 coll_end 0 0
1586231358786660 131919735117504 emit_beg 1230 0
1586231362734026 131919735117504 emit_end 1230 0
1586231362736316 131919735117504 drain_beg 0 0
1586231362736746 131919735117504 drain_end 1 0
1586231362737166 131919735117504 subm_beg 1 0
1586231366612145 131919735117504 subm_end 1 0
1586231366613405 131919735117504 pump_beg 1 0
1586231378271599 131919735117504 pump_end 1 2
1586231380499018 131919735117504 coll_beg 0 0
1586231384601548 131919735117504 coll_end 0 0
1586231386594406 131919735117504 emit_beg 1231 0
1586231394393071 131919735117504 emit_end 1231 0
1586231394396581 131919735117504 drain_beg 0 0
1586231394397031 131919735117504 drain_end 1 0
1586231394397371 131919735117504 subm_beg 1 0
1586231398139044 131919735117504 subm_end 1 0
1586231398139554 131919735117504 pump_beg 1 0
1586231409730351 131919735117504 pump_end 1 2
1586231413191655 131919735117504 coll_beg 0 0
1586231416354999 131919735117504 coll_end 0 0
1586231418994683 131919735117504 emit_beg 1232 0
1586231424821890 131919735117504 emit_end 1232 0
1586231443640624 131919735117504 drain_beg 0 0
1586231443642414 131919735117504 drain_end 1 0
1586231443643124 131919735117504 subm_beg 1 0
1586231447507473 131919735117504 subm_end 1 0
1586231447508283 131919735117504 pump_beg 1 0
1586231457844745 131919735117504 pump_end 1 2
1586231459952688 131919735117504 coll_beg 0 0
1586231462735827 131919735117504 coll_end 0 0
1586231464720444 131919735117504 emit_beg 1233 0
1586231470509073 131919735117504 emit_end 1233 0
1586231470511753 131919735117504 drain_beg 0 0
1586231470512073 131919735117504 drain_end 1 0
1586231470512333 131919735117504 subm_beg 1 0
1586231474295035 131919735117504 subm_end 1 0
1586231474295575 131919735117504 pump_beg 1 0
1586231484799672 131919735117504 pump_end 1 2
1586231487582360 131919735117504 coll_beg 0 0
1586231490549922 131919735117504 coll_end 0 0
1586231493379009 131919735117504 emit_beg 1234 0
1586231499218066 131919735117504 emit_end 1234 0
1586231499220205 131919735117504 drain_beg 0 0
1586231499220505 131919735117504 drain_end 1 0
1586231499220795 131919735117504 subm_beg 1 0
1586231503066205 131919735117504 subm_end 1 0
1586231503066615 131919735117504 pump_beg 1 0
1586231515349217 131919735117504 pump_end 1 2
1586231518190343 131919735117504 coll_beg 0 0
1586231522453468 131919735117504 coll_end 0 0
1586231524403646 131919735117504 emit_beg 1235 0
1586231530236824 131919735117504 emit_end 1235 0
1586231530239003 131919735117504 drain_beg 0 0
1586231530239363 131919735117504 drain_end 1 0
1586231530239613 131919735117504 subm_beg 1 0
1586231534044655 131919735117504 subm_end 1 0
1586231534045125 131919735117504 pump_beg 1 0
1586231545216367 131919735117504 pump_end 1 2
1586231548505717 131919735117504 coll_beg 0 0
1586231553825363 131919735117504 coll_end 0 0
1586231555798711 131919735117504 emit_beg 1236 0
1586231561708685 131919735117504 emit_end 1236 0
1586231561710945 131919735117504 drain_beg 0 0
1586231561711215 131919735117504 drain_end 1 0
1586231561711625 131919735117504 subm_beg 1 0
1586231565514996 131919735117504 subm_end 1 0
1586231565515376 131919735117504 pump_beg 1 0
1586231577088804 131919735117504 pump_end 1 2
1586231579662030 131919735117504 coll_beg 0 0
1586231583546298 131919735117504 coll_end 0 0
1586231585418550 131919735117504 emit_beg 1237 0
1586231590996596 131919735117504 emit_end 1237 0
1586231590999796 131919735117504 drain_beg 0 0
1586231591000076 131919735117504 drain_end 1 0
1586231591000466 131919735117504 subm_beg 1 0
1586231594583985 131919735117504 subm_end 1 0
1586231594584435 131919735117504 pump_beg 1 0
1586231606666034 131919735117504 pump_end 1 2
1586231609096736 131919735117504 coll_beg 0 0
1586231613136568 131919735117504 coll_end 0 0
1586231614940482 131919735117504 emit_beg 1238 0
1586231622468328 131919735117504 emit_end 1238 0
1586231622470628 131919735117504 drain_beg 0 0
1586231622470968 131919735117504 drain_end 1 0
1586231622471328 131919735117504 subm_beg 1 0
1586231625978300 131919735117504 subm_end 1 0
1586231625979100 131919735117504 pump_beg 1 0
1586231637641844 131919735117504 pump_end 1 2
1586231640168292 131919735117504 coll_beg 0 0
1586231645792126 131919735117504 coll_end 0 0
1586231647718846 131919735117504 emit_beg 1239 0
1586231653269544 131919735117504 emit_end 1239 0
1586231653273623 131919735117504 drain_beg 0 0
1586231653274103 131919735117504 drain_end 1 0
1586231653274463 131919735117504 subm_beg 1 0
1586231656896371 131919735117504 subm_end 1 0
1586231656896811 131919735117504 pump_beg 1 0
1586231667342450 131919735117504 pump_end 1 2
1586231670789304 131919735117504 coll_beg 0 0
1586231675498452 131919735117504 coll_end 0 0
1586231677328476 131919735117504 emit_beg 1240 0
1586231682857344 131919735117504 emit_end 1240 0
1586231682859534 131919735117504 drain_beg 0 0
1586231682859844 131919735117504 drain_end 1 0
1586231682860104 131919735117504 subm_beg 1 0
1586231686498821 131919735117504 subm_end 1 0
1586231686499321 131919735117504 pump_beg 1 0
1586231697426542 131919735117504 pump_end 1 2
1586231699507296 131919735117504 coll_beg 0 0
1586231703448282 131919735117504 coll_end 0 0
1586231705311735 131919735117504 emit_beg 1241 0
1586231711051775 131919735117504 emit_end 1241 0
1586231728249727 131919735117504 drain_beg 0 0
1586231728250317 131919735117504 drain_end 1 0
1586231728250607 131919735117504 subm_beg 1 0
1586231731867225 131919735117504 subm_end 1 0
1586231731867685 131919735117504 pump_beg 1 0
1586231739951380 131919735117504 pump_end 1 2
1586231741798843 131919735117504 coll_beg 0 0
1586231742860574 131919735117504 coll_end 0 0
1586231744655909 131919735117504 emit_beg 1242 0
1586231750125519 131919735117504 emit_end 1242 0
1586231750128689 131919735117504 drain_beg 0 0
1586231750129189 131919735117504 drain_end 1 0
1586231750129709 131919735117504 subm_beg 1 0
1586231753760706 131919735117504 subm_end 1 0
1586231753761106 131919735117504 pump_beg 1 0
1586231764397418 131919735117504 pump_end 1 2
1586231767530374 131919735117504 coll_beg 0 0
1586231772749453 131919735117504 coll_end 0 0
1586231774753120 131919735117504 emit_beg 1243 0
1586231780346476 131919735117504 emit_end 1243 0
1586231797346606 131919735117504 drain_beg 0 0
1586231797348806 131919735117504 drain_end 1 0
1586231797349696 131919735117504 subm_beg 1 0
1586231800968664 131919735117504 subm_end 1 0
1586231800970314 131919735117504 pump_beg 1 0
1586231813847224 131919735117504 pump_end 1 2
1586231815946687 131919735117504 coll_beg 0 0
1586231820832489 131919735117504 coll_end 0 0
1586231822812777 131919735117504 emit_beg 1244 0
1586231826540941 131919735117504 emit_end 1244 0
1586231826544660 131919735117504 drain_beg 0 0
1586231826545260 131919735117504 drain_end 1 0
1586231826545880 131919735117504 subm_beg 1 0
1586231830183078 131919735117504 subm_end 1 0
1586231830183648 131919735117504 pump_beg 1 0
1586231842809917 131919735117504 pump_end 1 2
1586231846463463 131919735117504 coll_beg 0 0
1586231850955030 131919735117504 coll_end 0 0
1586231854266989 131919735117504 emit_beg 1245 0
1586231859744369 131919735117504 emit_end 1245 0
1586231859746719 131919735117504 drain_beg 0 0
1586231859747089 131919735117504 drain_end 1 0
1586231859747419 131919735117504 subm_beg 1 0
1586231863354017 131919735117504 subm_end 1 0
1586231863354397 131919735117504 pump_beg 1 0
1586231870363011 131919735117504 pump_end 1 2
1586231872217074 131919735117504 coll_beg 0 0
1586231872334819 131919735117504 coll_end 0 0
1586231875846611 131919735117504 emit_beg 1246 0
1586231883125875 131919735117504 emit_end 1246 0
1586231898496855 131919735117504 drain_beg 0 0
1586231898497905 131919735117504 drain_end 1 0
1586231898498344 131919735117504 subm_beg 1 0
1586231902126672 131919735117504 subm_end 1 0
1586231902127322 131919735117504 pump_beg 1 0
1586231912831891 131919735117504 pump_end 1 2
1586231914817719 131919735117504 coll_beg 0 0
1586231918415678 131919735117504 coll_end 0 0
1586231920408065 131919735117504 emit_beg 1247 0
1586231925961662 131919735117504 emit_end 1247 0
1586231925965592 131919735117504 drain_beg 0 0
1586231925966192 131919735117504 drain_end 1 0
1586231925966642 131919735117504 subm_beg 1 0
1586231929525452 131919735117504 subm_end 1 0
1586231929527802 131919735117504 pump_beg 1 0
1586231940099396 131919735117504 pump_end 1 2
1586231942854476 131919735117504 coll_beg 0 0
1586231946424506 131919735117504 coll_end 0 0
1586231948294057 131919735117504 emit_beg 1248 0
1586231953780607 131919735117504 emit_end 1248 0
1586231970429030 131919735117504 drain_beg 0 0
1586231970430150 131919735117504 drain_end 1 0
1586231970430950 131919735117504 subm_beg 1 0
1586231974132584 131919735117504 subm_end 1 0
1586231974133254 131919735117504 pump_beg 1 0
1586231986239103 131919735117504 pump_end 1 2
1586231988327866 131919735117504 coll_beg 0 0
1586231995253284 131919735117504 coll_end 0 0
1586231997285960 131919735117504 emit_beg 1249 0
1586232003267151 131919735117504 emit_end 1249 0
1586232003270361 131919735117504 drain_beg 0 0
1586232003275541 131919735117504 drain_end 1 0
1586232003276001 131919735117504 subm_beg 1 0
1586232007097721 131919735117504 subm_end 1 0
1586232007101101 131919735117504 pump_beg 1 0
1586232017513261 131919735117504 pump_end 1 2
1586232022981122 131919735117504 coll_beg 0 0
1586232026262332 131919735117504 coll_end 0 0
1586232028268079 131919735117504 emit_beg 1250 0
1586232034091056 131919735117504 emit_end 1250 0
1586232051138204 131919735117504 drain_beg 0 0
1586232051139044 131919735117504 drain_end 1 0
1586232051139414 131919735117504 subm_beg 1 0
1586232054958355 131919735117504 subm_end 1 0
1586232054958805 131919735117504 pump_beg 1 0
1586232064025024 131919735117504 pump_end 1 2
1586232065995732 131919735117504 coll_beg 0 0
1586232067878803 131919735117504 coll_end 0 0
1586232069855831 131919735117504 emit_beg 1251 0
1586232073747249 131919735117504 emit_end 1251 0
1586232073750449 131919735117504 drain_beg 0 0
1586232073751029 131919735117504 drain_end 1 0
1586232073751529 131919735117504 subm_beg 1 0
1586232077670196 131919735117504 subm_end 1 0
1586232077670586 131919735117504 pump_beg 1 0
1586232084949450 131919735117504 pump_end 1 2
1586232088142294 131919735117504 coll_beg 0 0
1586232088687794 131919735117504 coll_end 0 0
1586232092019132 131919735117504 emit_beg 1252 0
1586232099657564 131919735117504 emit_end 1252 0
1586232114280830 131919735117504 drain_beg 0 0
1586232114282690 131919735117504 drain_end 1 0
1586232114283420 131919735117504 subm_beg 1 0
1586232120316470 131919735117504 subm_end 1 0
1586232120317300 131919735117504 pump_beg 1 0
1586232132888561 131919735117504 pump_end 1 2
1586232134988624 131919735117504 coll_beg 0 0
1586232140592620 131919735117504 coll_end 0 0
1586232142550518 131919735117504 emit_beg 1253 0
1586232148414974 131919735117504 emit_end 1253 0
1586232148418804 131919735117504 drain_beg 0 0
1586232148419384 131919735117504 drain_end 1 0
1586232148420104 131919735117504 subm_beg 1 0
1586232152193666 131919735117504 subm_end 1 0
1586232152194146 131919735117504 pump_beg 1 0
1586232161842974 131919735117504 pump_end 1 2
1586232165440403 131919735117504 coll_beg 0 0
1586232168661415 131919735117504 coll_end 0 0
1586232171537770 131919735117504 emit_beg 1254 0
1586232179222690 131919735117504 emit_end 1254 0
1586232179225260 131919735117504 drain_beg 0 0
1586232179225670 131919735117504 drain_end 1 0
1586232179225960 131919735117504 subm_beg 1 0
1586232183086179 131919735117504 subm_end 1 0
1586232183086559 131919735117504 pump_beg 1 0
1586232192579623 131919735117504 pump_end 1 2
1586232194918947 131919735117504 coll_beg 0 0
1586232197388007 131919735117504 coll_end 0 0
1586232200945177 131919735117504 emit_beg 1255 0
1586232206684228 131919735117504 emit_end 1255 0
1586232206687038 131919735117504 drain_beg 0 0
1586232206687508 131919735117504 drain_end 1 0
1586232206687858 131919735117504 subm_beg 1 0
1586232210487289 131919735117504 subm_end 1 0
1586232210487689 131919735117504 pump_beg 1 0
1586232221870504 131919735117504 pump_end 1 2
1586232223980037 131919735117504 coll_beg 0 0
1586232229841553 131919735117504 coll_end 0 0
1586232233787539 131919735117504 emit_beg 1256 0
1586232243572092 131919735117504 emit_end 1256 0
